file,datetime,date,time,stage,stage_name,prev_stage,transition,unified_risk_score,unified_risk_level,hot_area,hot_score,affected_areas,propagation_chain,flow_signals,maxcapa_signals,M16HUB_score,M14_score,M14B_score,M16A_score,M16B_score,M16_score,M16_PKT_score,M16_WT_score,M16HUB_signals,M14_signals,M14B_signals,M16A_signals,M16B_signals,M16HUB_ra,M14_ra,M14B_ra,M16A_ra,M16B_ra,M16HUB_rb_diff30,M14_rb_diff30,M14B_rb_diff30,M16A_rb_diff30,M16B_rb_diff30,M16HUB_rd_fab,M16HUB_stb_util,M16HUB_rev_count,M16HUB_rev_lids,sla_M14,sla_M14B,sla_M16A,sla_M16B,sla_M16HUB,sorter_M14,sorter_M14B,sorter_M16A,sorter_M16B,sorter_M16HUB,reason,M16HUB_pts_RA,M16HUB_pts_RA_sus,M16HUB_pts_RB,M16HUB_pts_RB_fast,M16HUB_pts_RC,M16HUB_pts_RD,M16HUB_pts_SLA,M16HUB_pts_SORT,M16HUB_pts_MAXCAPA,M14_pts_RA,M14_pts_RA_sus,M14_pts_RB,M14_pts_RB_fast,M14_pts_RC,M14_pts_RD,M14_pts_SLA,M14_pts_SORT,M14_pts_MAXCAPA,M14B_pts_RA,M14B_pts_RA_sus,M14B_pts_RB,M14B_pts_RB_fast,M14B_pts_RC,M14B_pts_RD,M14B_pts_SLA,M14B_pts_SORT,M14B_pts_MAXCAPA,M16A_pts_RA,M16A_pts_RA_sus,M16A_pts_RB,M16A_pts_RB_fast,M16A_pts_RC,M16A_pts_RD,M16A_pts_SLA,M16A_pts_SORT,M16A_pts_MAXCAPA,M16B_pts_RA,M16B_pts_RA_sus,M16B_pts_RB,M16B_pts_RB_fast,M16B_pts_RC,M16B_pts_RD,M16B_pts_SLA,M16B_pts_SORT,M16B_pts_MAXCAPA,layer1_total,flow_score,sla_score_total,sorter_score_total,mc_score_total,M16HUB_ra_count,M14_ra_count,M14B_ra_count,M16A_ra_count,M16B_ra_count,M16HUB_rb_diff10,M14_rb_diff10,M14B_rb_diff10,M16A_rb_diff10,M16B_rb_diff10,M16HUB_rc_trend,M14_cnv_skew,M14_rd_oht,M14B_rd_oht,M16A_rd_oht,M16B_rd_oht,M16HUB_sla_cnt,M14_sla_cnt,M16A_sla_cnt,M16B_sla_cnt,M16A_sorter_fail,M16B_sorter_fail,M16HUB_score_raw,M14_score_raw,M14B_score_raw,M16A_score_raw,M16B_score_raw
M16A_HUBROOM_PR.csv,2026-06-09 00:00,2026-06-09,00:00,3,3단계 ⭐확정,1,1→3,70,경계,M16B,20,M16HUB;M16B,"M16HUB(23:02,RA+RA_sus) → M14(23:09,RA_sus+RB_fast+SLA) → M16B(23:09,RA_sus+RB_fast+SLA) → M16A(23:14,RA_sus+RB_fast+SLA)",,,17,13,0,10,20,0,5,0,RA+RD,RA_sus+RC,,RA_sus+SLA,RA_sus+RB+RB_fast,4.95,2.55,2.97,2.70,2.46,41,13,29,-12,33,0.59,99.41,6,"6ABL6011,6ABL6021,6ABL6032,6ABL0111,6ABL0121,6ABL0122",14.35,0,15.38,8.62,0,35,13,33,19,0,"hot_area=M16B; S3확정; 발동: M16HUB[R-A'(AVGTOTALTIME1MIN=4.95분/기준9.0),R-D(FAB저장=0.6%,STB=99.4%)]; M14[R-A_sus,R-C'(CNV쏠림)]; M16A[R-A_sus,SLA(15.4%4분초과)]; M16B[R-A_sus,R-B(10F_TO_HUB_JOB+33/30분/기준+30),R-B_fast(+10/10분)]; M16_PKT[R-A_sus]",10,0,0,0,0,7,0,0,0,0,5,0,0,8,0,0,0,0,0,0,0,0,0,0,0,0,0,0,5,0,0,0,0,5,0,0,0,5,10,5,0,0,0,0,0,65,0,5,0,0,1,0,0,0,0,-24,-30,9,-2,10,19,0.72,80.35,80.45,90.81,83.90,0,121,116,73,0,0,17,13,0,10,20
M16A_HUBROOM_PR.csv,2026-06-09 00:01,2026-06-09,00:01,3,3단계 ⭐확정,3,,95,주의,M16B,20,M16HUB;M14;M16B,"M16HUB(23:02,RA+RA_sus) → M14(23:09,RA_sus+RB_fast+SLA) → M16B(23:09,RA_sus+RB_fast+SLA) → M16A(23:14,RA_sus+RB_fast+SLA)",M16B_10F_TO_HUB=1.6x(주의),,17,18,0,10,20,10,5,0,RA+RD,RA_sus+RC+SLA,,RA_sus+SLA,RA_sus+RB+RB_fast,5.04,2.33,2.98,2.81,2.83,38,14,22,12,42,0,100.00,6,"6ABL6011,6ABL6031,6ABL6032,6ABL0111,6ABL0121,6ABL0122",13.45,0,15.25,9.22,0,41,20,37,21,0,"hot_area=M16B; S3확정; 발동: M16HUB[R-A'(AVGTOTALTIME1MIN=5.04분/기준9.0),R-D(FAB저장=0.0%,STB=100.0%)]; M14[R-A_sus,R-C'(CNV쏠림),SLA(13.4%4분초과)]; M16A[R-A_sus,SLA(15.2%4분초과)]; M16B[R-A_sus,R-B(10F_TO_HUB_JOB+42/30분/기준+30),R-B_fast(+12/10분)]; M16[R-B(SENDQUEUETOTAL+35/30분/기준+20)]; M16_PKT[R-A_sus]; 흐름:M16B_10F_TO_HUB=1.6x(주의)",10,0,0,0,0,7,0,0,0,0,5,0,0,8,0,5,0,0,0,0,0,0,0,0,0,0,0,0,5,0,0,0,0,5,0,0,0,5,10,5,0,0,0,0,0,80,5,10,0,0,1,0,0,0,0,-38,-29,-2,-13,12,15,0.72,77.72,84.97,91.76,87.00,0,119,104,71,0,0,17,18,0,10,20
M16A_HUBROOM_PR.csv,2026-06-09 00:02,2026-06-09,00:02,3,3단계 ⭐확정,3,,80,주의,M16A,27,M14;M16A;M16B,"M16HUB(23:02,RA+RA_sus) → M14(23:09,RA_sus+RB_fast+SLA) → M16B(23:09,RA_sus+RB_fast+SLA) → M16A(23:14,RA_sus+RB_fast+SLA)",,,10,18,0,27,15,0,0,0,RA,RA_sus+RC+SLA,,RA+RA_sus+RD+SLA,RA_sus+RB,4.34,2.34,2.85,3.20,2.32,30,15,13,8,35,0,98.82,5,"6ABL6021,6ABL6031,6ABL6032,6ABL0121,6ABL0122",13.76,0,14.90,8.44,0,38,16,38,19,0,"hot_area=M16A; S3확정; 발동: M16HUB[R-A'(AVGTOTALTIME1MIN=4.34분/기준9.0)]; M14[R-A_sus,R-C'(CNV쏠림),SLA(13.8%4분초과)]; M16A[R-A'(AVGLOADTIME1MIN=3.20분/기준3.2),R-A_sus,R-D(OHT=95.6%),SLA(14.9%4분초과)]; M16B[R-A_sus,R-B(10F_TO_HUB_JOB+35/30분/기준+30)]",10,0,0,0,0,0,0,0,0,0,5,0,0,8,0,5,0,0,0,0,0,0,0,0,0,0,0,10,5,0,0,0,7,5,0,0,0,5,10,0,0,0,0,0,0,70,0,10,0,0,1,0,0,1,0,-20,-31,-4,-18,2,5,0.73,75.41,85.51,95.64,82.87,0,131,111,73,0,0,10,18,0,27,15
M16A_HUBROOM_PR.csv,2026-06-09 00:03,2026-06-09,00:03,3,3단계 ⭐확정,3,,98,주의,M16B,25,M16HUB;M16A;M16B,"M16HUB(23:04,RA+RA_sus) → M14(23:09,RA_sus+RB_fast+SLA) → M16B(23:09,RA_sus+RB_fast+SLA) → M16A(23:14,RA_sus+RB_fast+SLA)",,,18,10,0,20,25,10,0,0,RA+RC,RA_sus+SLA,,RA+RA_sus+SLA,RA_sus+RB+RB_fast+SLA,5.10,2.33,2.99,3.09,2.75,33,2,10,25,32,0,98.82,5,"6ABL6011,6ABL6031,6ABL6032,6ABL0121,6ABL0122",13.59,0,15.12,8.67,0,37,13,36,18,0,"hot_area=M16B; S3확정; 발동: M16HUB[R-A'(AVGTOTALTIME1MIN=5.10분/기준9.0),R-C'(역증가5개:6ABL6011,6ABL6031,6ABL6032,6ABL0121,6ABL0122)]; M14[R-A_sus,SLA(13.6%4분초과)]; M16A[R-A'(AVGLOADTIME1MIN=3.09분/기준3.2),R-A_sus,SLA(15.1%4분초과)]; M16B[R-A_sus,R-B(10F_TO_HUB_JOB+32/30분/기준+30),R-B_fast(+11/10분),SLA(8.7%4분초과)]; M16[R-B(SENDQUEUETOTAL+26/30분/기준+20)]",10,0,0,0,8,0,0,0,0,0,5,0,0,0,0,5,0,0,0,0,0,0,0,0,0,0,0,10,5,0,0,0,0,5,0,0,0,5,10,5,0,0,5,0,0,83,0,15,0,0,1,0,0,1,0,0,-22,13,2,11,-5,0.67,80.47,81.78,93.76,86.41,0,117,101,68,0,0,18,10,0,20,25
M16A_HUBROOM_PR.csv,2026-06-09 00:04,2026-06-09,00:04,3,3단계 ⭐확정,3,,68,경계,M16A,20,M16HUB;M16A,"M16HUB(23:04,RA+RA_sus) → M14(23:09,RA_sus+RB_fast+SLA) → M16B(23:09,RA_sus+RB_fast+SLA) → M16A(23:14,RA_sus+RB_fast+SLA)",,,18,10,0,20,10,0,0,0,RA+RC,RA_sus+SLA,,RA+RA_sus+SLA,RA_sus+RB_fast,12.10,2.58,2.90,2.62,2.35,41,8,4,63,29,0,98.82,5,"6ABL6011,6ABL6032,6ABL0111,6ABL0121,6ABL0122",13.32,0,15.03,6.20,0,37,15,33,18,0,"hot_area=M16A; S3확정; 발동: M16HUB[R-A'(AVGTOTALTIME1MIN=12.10분/기준9.0),R-C'(역증가5개:6ABL6011,6ABL6032,6ABL0111,6ABL0121,6ABL0122)]; M14[R-A_sus,SLA(13.3%4분초과)]; M16A[R-A'(AVGLOADTIME1MIN=2.62분/기준3.2),R-A_sus,SLA(15.0%4분초과)]; M16B[R-A_sus,R-B_fast(+11/10분)]",10,0,0,0,8,0,0,0,0,0,5,0,0,0,0,5,0,0,0,0,0,0,0,0,0,0,0,10,5,0,0,0,0,5,0,0,0,5,0,5,0,0,0,0,0,58,0,10,0,0,1,0,0,1,0,19,-14,12,20,11,-1,0.64,80.47,78.06,92.82,89.66,0,122,89,43,0,0,18,10,0,20,10
M16A_HUBROOM_PR.csv,2026-06-09 00:05,2026-06-09,00:05,3,3단계 ⭐확정,3,,102,주의,M16A,32,M16HUB;M16A;M16B,"M16HUB(23:05,RA+RA_sus) → M14(23:09,RA_sus+RB_fast+SLA) → M16B(23:09,RA_sus+RB_fast+SLA) → M16A(23:14,RA_sus+RB_fast+SLA)",,,30,5,0,32,15,10,0,0,RA+RB_fast+RC+RD,RA_sus,,RA+RA_sus+RB_fast+RD+SLA,RA_sus+RB_fast+SLA,4.57,2.45,2.99,2.93,3.10,33,11,1,71,17,0.59,99.41,5,"6ABL6011,6ABL6021,6ABL6032,6ABL0121,6ABL0122",13.35,0,15.14,9.95,0,35,13,38,18,0,"hot_area=M16A; S3확정; 발동: M16HUB[R-A'(AVGTOTALTIME1MIN=4.57분/기준9.0),R-B_fast(+40/10분),R-C'(역증가5개:6ABL6011,6ABL6021,6ABL6032,6ABL0121,6ABL0122),R-D(FAB저장=0.6%,STB=99.4%)]; M14[R-A_sus]; M16A[R-A'(AVGLOADTIME1MIN=2.93분/기준3.2),R-A_sus,R-B_fast(+36/10분),R-D(OHT=95.6%),SLA(15.1%4분초과)]; M16B[R-A_sus,R-B_fast(+30/10분),SLA(9.9%4분초과)]; M16[R-B(SENDQUEUETOTAL+38/30분/기준+20)]",10,0,0,5,8,7,0,0,0,0,5,0,0,0,0,0,0,0,0,0,0,0,0,0,0,0,0,10,5,0,5,0,7,5,0,0,0,5,0,5,0,0,5,0,0,92,0,10,0,0,1,0,0,1,0,40,6,17,36,30,-12,0.58,80.47,82.05,95.64,92.61,0,127,111,84,0,0,30,5,0,32,15
M16A_HUBROOM_PR.csv,2026-06-09 00:06,2026-06-09,00:06,3,3단계 ⭐확정,3,,107,주의,M16HUB,30,M16HUB;M16A,"M16HUB(23:06,RA+RA_sus) → M14(23:09,RA_sus+RB_fast+SLA) → M16B(23:09,RA_sus+RB_fast+SLA) → M16A(23:14,RA_sus+RB_fast+SLA)",M16A_2F_TO_HUB=3.1x(심각),,30,5,0,27,10,0,0,0,RA+RB_fast+RC+RD,RA_sus,,RA+RA_sus+RD+SLA,RA_sus+RB_fast,12.54,2.37,3.04,2.90,2.88,8,-4,-6,65,8,0,100.00,4,"6ABL6011,6ABL6032,6ABL0111,6ABL0121",12.43,0,15.23,10.34,0,36,17,37,18,0,"hot_area=M16HUB; S3확정; 발동: M16HUB[R-A'(AVGTOTALTIME1MIN=12.54분/기준9.0),R-B_fast(+39/10분),R-C'(역증가4개:6ABL6011,6ABL6032,6ABL0111,6ABL0121),R-D(FAB저장=0.0%,STB=100.0%)]; M14[R-A_sus]; M16A[R-A'(AVGLOADTIME1MIN=2.90분/기준3.2),R-A_sus,R-D(OHT=96.3%),SLA(15.2%4분초과)]; M16B[R-A_sus,R-B_fast(+26/10분)]; 흐름:M16A_2F_TO_HUB=3.1x(심각)",10,0,0,5,8,7,0,0,0,0,5,0,0,0,0,0,0,0,0,0,0,0,0,0,0,0,0,10,5,0,0,0,7,5,0,0,0,5,0,5,0,0,0,0,0,72,30,5,0,0,2,0,0,1,0,39,15,24,17,26,-19,0.58,78.23,85.24,96.35,89.81,0,105,99,78,0,0,30,5,0,27,10
M16A_HUBROOM_PR.csv,2026-06-09 00:07,2026-06-09,00:07,3,3단계 ⭐확정,3,,87,주의,M16A,27,M16HUB;M16A,"M16HUB(23:07,RA+RC+RD) → M14(23:09,RA_sus+RB_fast+SLA) → M16B(23:09,RA_sus+RB_fast+SLA) → M16A(23:14,RA_sus+RB_fast+SLA)",M16A_2F_TO_HUB=2.8x(위험),,25,5,0,27,5,5,0,0,RA+RC+RD,RA_sus,,RA+RA_sus+RD+SLA,RA_sus,4.87,2.79,3.09,2.94,2.32,-10,-3,-10,44,-11,0,99.41,4,"6ABL6011,6ABL6032,6ABL0121,6ABL0122",11.67,0,15.29,7.04,0,32,14,35,18,0,"hot_area=M16A; S3확정; 발동: M16HUB[R-A'(AVGTOTALTIME1MIN=4.87분/기준9.0),R-C'(역증가4개:6ABL6011,6ABL6032,6ABL0121,6ABL0122),R-D(FAB저장=0.0%,STB=99.4%)]; M14[R-A_sus]; M16A[R-A'(AVGLOADTIME1MIN=2.94분/기준3.2),R-A_sus,R-D(OHT=97.4%),SLA(15.3%4분초과)]; M16B[R-A_sus]; M16[R-B_fast(+58/10분)]; 흐름:M16A_2F_TO_HUB=2.8x(위험)",10,0,0,0,8,7,0,0,0,0,5,0,0,0,0,0,0,0,0,0,0,0,0,0,0,0,0,10,5,0,0,0,7,5,0,0,0,5,0,0,0,0,0,0,0,67,15,5,0,0,2,0,0,1,0,21,11,7,-1,6,-17,0.57,79.40,86.30,97.41,88.92,0,105,87,46,0,0,25,5,0,27,5
M16A_HUBROOM_PR.csv,2026-06-09 00:08,2026-06-09,00:08,3,3단계 ⭐확정,3,,87,주의,M16HUB,30,M16HUB;M16A,"M16HUB(23:08,RA+RA_sus+RD) → M14(23:09,RA_sus+RB_fast+SLA) → M16B(23:09,RA_sus+RB_fast+SLA) → M16A(23:14,RA_sus+RB_fast+SLA)",M16A_2F_TO_HUB=2.4x(위험),,30,5,0,27,5,0,0,0,RA+RA_sus+RC+RD,RA_sus,,RA+RA_sus+RD+SLA,RA_sus,13.15,2.58,2.96,3.01,2.90,-8,2,-8,59,-15,0,99.41,3,"6ABL6021,6ABL6032,6ABL0121",11.80,0,16.98,10.48,0,32,13,42,22,0,"hot_area=M16HUB; S3확정; 발동: M16HUB[R-A'(AVGTOTALTIME1MIN=13.15분/기준9.0),R-A_sus,R-C'(역증가3개:6ABL6021,6ABL6032,6ABL0121),R-D(FAB저장=0.0%,STB=99.4%)]; M14[R-A_sus]; M16A[R-A'(AVGLOADTIME1MIN=3.01분/기준3.2),R-A_sus,R-D(OHT=95.8%),SLA(17.0%4분초과)]; M16B[R-A_sus]; 흐름:M16A_2F_TO_HUB=2.4x(위험)",10,5,0,0,8,7,0,0,0,0,5,0,0,0,0,0,0,0,0,0,0,0,0,0,0,0,0,10,5,0,0,0,7,5,0,0,0,5,0,0,0,0,0,0,0,67,15,5,0,0,3,0,0,1,0,2,4,0,13,3,-21,0.57,80.76,88.83,95.76,82.72,0,108,109,80,0,0,30,5,0,27,5
M16A_HUBROOM_PR.csv,2026-06-09 00:09,2026-06-09,00:09,3,3단계 ⭐확정,3,,80,주의,M16HUB,25,M16HUB;M16A,"M16HUB(23:09,RA+RB_fast+RD) → M14(23:09,RA_sus+RB_fast+SLA) → M16B(23:09,RA_sus+RB_fast+SLA) → M16A(23:14,RA_sus+RB_fast+SLA)",M16A_2F_TO_HUB=2.2x(위험),,25,5,0,20,5,5,0,0,RA+RC+RD,RA_sus,,RA+RA_sus+SLA,RA_sus,4.96,2.49,2.87,3.21,2.60,20,25,-4,64,-27,0,99.41,5,"6ABL6011,6ABL6021,6ABL6032,6ABL0121,6ABL0122",11.84,0,17.69,10.12,0,34,13,39,22,0,"hot_area=M16HUB; S3확정; 발동: M16HUB[R-A'(AVGTOTALTIME1MIN=4.96분/기준9.0),R-C'(역증가5개:6ABL6011,6ABL6021,6ABL6032,6ABL0121,6ABL0122),R-D(FAB저장=0.0%,STB=99.4%)]; M14[R-A_sus]; M16A[R-A'(AVGLOADTIME1MIN=3.21분/기준3.2),R-A_sus,SLA(17.7%4분초과)]; M16B[R-A_sus]; M16[R-B_fast(+45/10분)]; 흐름:M16A_2F_TO_HUB=2.2x(위험)",10,0,0,0,8,7,0,0,0,0,5,0,0,0,0,0,0,0,0,0,0,0,0,0,0,0,0,10,5,0,0,0,0,5,0,0,0,5,0,0,0,0,0,0,0,60,15,5,0,0,3,0,0,2,0,22,14,-6,14,-22,-2,0.56,84.84,85.77,93.64,83.01,0,97,127,86,0,0,25,5,0,20,5
M16A_HUBROOM_PR.csv,2026-06-09 00:10,2026-06-09,00:10,1,1단계 조기경보,3,3→1,62,관심,M16HUB,22,M16HUB;M16A,"M16HUB(23:10,RA+RA_sus+RB_fast+RD) → M16B(23:12,RA_sus+RB_fast+SLA) → M16A(23:14,RA_sus+RB_fast+SLA) → M14(23:16,RA_sus+RC+SLA)",M16A_2F_TO_HUB=1.6x(주의),,22,5,0,20,5,0,0,0,RA+RA_sus+RD,RA_sus,,RA+RA_sus+SLA,RA_sus,9.38,2.56,3.25,3.04,2.92,21,27,-6,56,-5,0.59,99.41,4,"6ABL6011,6ABL6012,6ABL6031,6ABL0122",13.96,0,17.06,10.55,0,39,15,38,23,0,"hot_area=M16HUB; S1조기경보; 발동: M16HUB[R-A'(AVGTOTALTIME1MIN=9.38분/기준9.0),R-A_sus,R-D(FAB저장=0.6%,STB=99.4%)]; M14[R-A_sus]; M16A[R-A'(AVGLOADTIME1MIN=3.04분/기준3.2),R-A_sus,SLA(17.1%4분초과)]; M16B[R-A_sus]; 흐름:M16A_2F_TO_HUB=1.6x(주의)",10,5,0,0,0,7,0,0,0,0,5,0,0,0,0,0,0,0,0,0,0,0,0,0,0,0,0,10,5,0,0,0,0,5,0,0,0,5,0,0,0,0,0,0,0,52,5,5,0,0,4,0,0,2,0,5,11,-11,18,-15,2,0.59,83.28,83.91,94.82,82.27,0,133,109,81,0,0,22,5,0,20,5
M16A_HUBROOM_PR.csv,2026-06-09 00:11,2026-06-09,00:11,1,1단계 조기경보,1,,70,경계,M16HUB,25,M16HUB;M16A,"M16HUB(23:11,RA+RD) → M16B(23:12,RA_sus+RB_fast+SLA) → M16A(23:14,RA_sus+RB_fast+SLA) → M14(23:16,RA_sus+RC+SLA)",,,25,5,0,20,10,0,0,0,RA+RC+RD,RA_sus,,RA+RA_sus+SLA,RA_sus+SLA,5.01,2.78,3.32,3.00,2.99,5,13,-5,30,-10,0,100.00,5,"6ABL6011,6ABL6021,6ABL6032,6ABL0111,6ABL0122",14.64,0,17.72,11.49,0,35,14,37,20,0,"hot_area=M16HUB; S1조기경보; 발동: M16HUB[R-A'(AVGTOTALTIME1MIN=5.01분/기준9.0),R-C'(역증가5개:6ABL6011,6ABL6021,6ABL6032,6ABL0111,6ABL0122),R-D(FAB저장=0.0%,STB=100.0%)]; M14[R-A_sus]; M16A[R-A'(AVGLOADTIME1MIN=3.00분/기준3.2),R-A_sus,SLA(17.7%4분초과)]; M16B[R-A_sus,SLA(11.5%4분초과)]",10,0,0,0,8,7,0,0,0,0,5,0,0,0,0,0,0,0,0,0,0,0,0,0,0,0,0,10,5,0,0,0,0,5,0,0,0,5,0,0,0,0,5,0,0,60,0,10,0,0,4,0,0,2,0,5,8,-4,-4,-29,-9,0.62,77.36,84.18,94.58,84.19,0,125,123,94,0,0,25,5,0,20,10
M16A_HUBROOM_PR.csv,2026-06-09 00:12,2026-06-09,00:12,1,1단계 조기경보,1,,65,경계,M16A,27,M16HUB;M16A,"M16HUB(23:12,RA+RA_sus+RD) → M16B(23:12,RA_sus+RB_fast+SLA) → M16A(23:14,RA_sus+RB_fast+SLA) → M14(23:16,RA_sus+RC+SLA)",,,23,5,0,27,5,0,0,0,RA+RA_sus+RC,RA_sus,,RA+RA_sus+RD+SLA,RA_sus,9.54,2.47,3.13,3.15,2.46,-16,6,-2,27,-2,0,98.82,5,"6ABL6011,6ABL6032,6ABL0111,6ABL0121,6ABL0122",14.05,0,18.69,9.28,0,33,13,37,23,0,"hot_area=M16A; S1조기경보; 발동: M16HUB[R-A'(AVGTOTALTIME1MIN=9.54분/기준9.0),R-A_sus,R-C'(역증가5개:6ABL6011,6ABL6032,6ABL0111,6ABL0121,6ABL0122)]; M14[R-A_sus]; M16A[R-A'(AVGLOADTIME1MIN=3.15분/기준3.2),R-A_sus,R-D(OHT=95.4%),SLA(18.7%4분초과)]; M16B[R-A_sus]",10,5,0,0,8,0,0,0,0,0,5,0,0,0,0,0,0,0,0,0,0,0,0,0,0,0,0,10,5,0,0,0,7,5,0,0,0,5,0,0,0,0,0,0,0,60,0,5,0,0,5,0,0,1,0,-13,0,10,4,-17,-2,0.62,78.91,83.64,95.41,81.98,0,130,117,68,0,0,23,5,0,27,5
M16A_HUBROOM_PR.csv,2026-06-09 00:13,2026-06-09,00:13,1,1단계 조기경보,1,,73,경계,M16A,20,M16HUB;M16A,"M16HUB(23:13,RA+RD) → M16A(23:14,RA_sus+RB_fast+SLA) → M14(23:16,RA_sus+RC+SLA) → M16B(23:41,RA_sus+RB_fast+SLA)",,,18,10,0,20,10,0,0,0,RA+RC,RA_sus+SLA,,RA+RA_sus+SLA,RA_sus+SLA,5.00,2.54,3.00,2.94,2.55,-4,1,2,16,8,0,98.82,4,"6ABL6011,6ABL6022,6ABL0121,6ABL0122",14.69,0,18.57,12.20,0,33,12,35,19,0,"hot_area=M16A; S1조기경보; 발동: M16HUB[R-A'(AVGTOTALTIME1MIN=5.00분/기준9.0),R-C'(역증가4개:6ABL6011,6ABL6022,6ABL0121,6ABL0122)]; M14[R-A_sus,SLA(14.7%4분초과)]; M16A[R-A'(AVGLOADTIME1MIN=2.94분/기준3.2),R-A_sus,SLA(18.6%4분초과)]; M16B[R-A_sus,SLA(12.2%4분초과)]",10,0,0,0,8,0,0,0,0,0,5,0,0,0,0,5,0,0,0,0,0,0,0,0,0,0,0,10,5,0,0,0,0,5,0,0,0,5,0,0,0,0,5,0,0,58,0,15,0,0,5,0,0,1,0,-2,4,6,6,-7,-2,0.66,80.27,84.04,93.76,85.67,0,140,127,101,0,0,18,10,0,20,10
M16A_HUBROOM_PR.csv,2026-06-09 00:14,2026-06-09,00:14,1,1단계 조기경보,1,,78,경계,M16HUB,23,M16HUB;M16A,"M16A(23:14,RA_sus+RB_fast+SLA) → M14(23:16,RA_sus+RC+SLA) → M16HUB(23:20,RA+RA_sus) → M16B(23:41,RA_sus+RB_fast+SLA)",,,23,10,0,20,10,0,0,0,RA+RA_sus+RC,RA_sus+SLA,,RA+RA_sus+SLA,RA_sus+SLA,9.80,2.79,2.91,3.17,2.40,10,10,6,28,12,0.59,98.82,3,"6ABL6011,6ABL0121,6ABL0122",15.15,0,19.34,9.12,0,35,12,39,20,0,"hot_area=M16HUB; S1조기경보; 발동: M16HUB[R-A'(AVGTOTALTIME1MIN=9.80분/기준9.0),R-A_sus,R-C'(역증가3개:6ABL6011,6ABL0121,6ABL0122)]; M14[R-A_sus,SLA(15.2%4분초과)]; M16A[R-A'(AVGLOADTIME1MIN=3.17분/기준3.2),R-A_sus,SLA(19.3%4분초과)]; M16B[R-A_sus,SLA(9.1%4분초과)]",10,5,0,0,8,0,0,0,0,0,5,0,0,0,0,5,0,0,0,0,0,0,0,0,0,0,0,10,5,0,0,0,0,5,0,0,0,5,0,0,0,0,5,0,0,63,0,15,0,0,5,0,0,1,0,-9,5,4,-13,7,-12,0.65,80.37,82.31,93.99,86.12,0,146,118,68,0,0,23,10,0,20,10
M16A_HUBROOM_PR.csv,2026-06-09 00:15,2026-06-09,00:15,1,1단계 조기경보,1,,63,관심,M16A,20,M16HUB;M16A,"M16A(23:15,RA_sus+RB_fast+SLA) → M14(23:16,RA_sus+RC+SLA) → M16HUB(23:20,RA+RA_sus) → M16B(23:41,RA_sus+RB_fast+SLA)",,,18,5,0,20,10,0,0,0,RA+RC,RA_sus,,RA+RA_sus+SLA,RA_sus+SLA,4.68,2.52,2.88,2.92,2.42,10,21,-2,33,15,0.59,98.82,4,"6ABL6012,6ABL6031,6ABL0121,6ABL0122",13.85,0,19.39,12.40,0,38,12,37,21,0,"hot_area=M16A; S1조기경보; 발동: M16HUB[R-A'(AVGTOTALTIME1MIN=4.68분/기준9.0),R-C'(역증가4개:6ABL6012,6ABL6031,6ABL0121,6ABL0122)]; M14[R-A_sus]; M16A[R-A'(AVGLOADTIME1MIN=2.92분/기준3.2),R-A_sus,SLA(19.4%4분초과)]; M16B[R-A_sus,SLA(12.4%4분초과)]",10,0,0,0,8,0,0,0,0,0,5,0,0,0,0,0,0,0,0,0,0,0,0,0,0,0,0,10,5,0,0,0,0,5,0,0,0,5,0,0,0,0,5,0,0,53,0,10,0,0,5,0,0,1,0,-12,-2,-2,-2,4,-8,0.65,81.44,85.11,93.17,88.48,0,136,141,109,0,0,18,5,0,20,10
M16A_HUBROOM_PR.csv,2026-06-09 00:16,2026-06-09,00:16,1,1단계 조기경보,1,,83,주의,M16HUB,23,M16HUB;M16A,"M14(23:16,RA_sus+RC+SLA) → M16A(23:16,RA_sus+RB_fast+SLA) → M16HUB(23:20,RA+RA_sus) → M16B(23:41,RA_sus+RB_fast+SLA)",,,23,10,0,20,10,0,0,5,RA+RA_sus+RC,RA_sus+SLA,,RA+RA_sus+SLA,RA_sus+SLA,9.56,2.60,2.87,3.13,2.96,-15,14,5,40,9,0,95.27,4,"6ABL6012,6ABL6031,6ABL0121,6ABL0122",14.25,0,19.27,13.04,0,33,11,32,17,0,"hot_area=M16HUB; S1조기경보; 발동: M16HUB[R-A'(AVGTOTALTIME1MIN=9.56분/기준9.0),R-A_sus,R-C'(역증가4개:6ABL6012,6ABL6031,6ABL0121,6ABL0122)]; M14[R-A_sus,SLA(14.2%4분초과)]; M16A[R-A'(AVGLOADTIME1MIN=3.13분/기준3.2),R-A_sus,SLA(19.3%4분초과)]; M16B[R-A_sus,SLA(13.0%4분초과)]; M16_WT[R-A_sus]",10,5,0,0,8,0,0,0,0,0,5,0,0,0,0,5,0,0,0,0,0,0,0,0,0,0,0,10,5,0,0,0,0,5,0,0,0,5,0,0,0,0,5,0,0,68,0,15,0,0,5,0,0,1,0,-14,-5,4,9,7,-7,0.68,80.95,85.90,91.05,88.63,0,126,126,103,0,0,23,10,0,20,10
M16A_HUBROOM_PR.csv,2026-06-09 00:17,2026-06-09,00:17,3,3단계 ⭐확정,1,1→3,83,주의,M16A,25,M14;M16A,"M16A(23:17,RA_sus+RB_fast+SLA) → M16HUB(23:20,RA+RA_sus) → M16B(23:41,RA_sus+RB_fast+SLA) → M14(23:58,RA_sus+RC+SLA)",,,10,18,0,25,10,0,0,5,RA,RA_sus+RC+SLA,,RA+RA_sus+RB_fast+SLA,RA_sus+SLA,4.85,2.56,2.93,2.84,2.59,-33,-24,-2,31,6,0,94.67,6,"6ABL6011,6ABL6012,6ABL6022,6ABL6031,6ABL6032,6ABL0121",14.30,0,17.48,11.08,0,36,10,35,18,0,"hot_area=M16A; S3확정; 발동: M16HUB[R-A'(AVGTOTALTIME1MIN=4.85분/기준9.0)]; M14[R-A_sus,R-C'(CNV쏠림),SLA(14.3%4분초과)]; M16A[R-A'(AVGLOADTIME1MIN=2.84분/기준3.2),R-A_sus,R-B_fast(+27/10분),SLA(17.5%4분초과)]; M16B[R-A_sus,SLA(11.1%4분초과)]; M16_WT[R-A_sus]",10,0,0,0,0,0,0,0,0,0,5,0,0,8,0,5,0,0,0,0,0,0,0,0,0,0,0,10,5,0,5,0,0,5,0,0,0,5,0,0,0,0,5,0,0,68,0,15,0,0,5,0,0,1,0,-22,-11,-6,27,8,1,0.72,81.73,86.30,89.63,88.48,0,131,132,94,0,0,10,18,0,25,10
M16A_HUBROOM_PR.csv,2026-06-09 00:18,2026-06-09,00:18,3,3단계 ⭐확정,3,,76,경계,M16A,25,M16HUB;M16A,"M16A(23:18,RA_sus+RB_fast+SLA) → M16HUB(23:20,RA+RA_sus) → M16B(23:41,RA_sus+RB_fast+SLA) → M14(23:58,RA_sus+RC+SLA)",,,23,13,0,25,5,0,0,5,RA+RA_sus+RC,RA_sus+RC,,RA+RA_sus+RB_fast+SLA,RA_sus,9.26,2.76,2.81,3.05,2.76,-54,-44,-8,38,6,1.18,94.08,5,"6ABL6012,6ABL6022,6ABL6031,6ABL6032,6ABL0112",13.55,0,17.39,11.05,0,43,13,37,19,0,"hot_area=M16A; S3확정; 발동: M16HUB[R-A'(AVGTOTALTIME1MIN=9.26분/기준9.0),R-A_sus,R-C'(역증가5개:6ABL6012,6ABL6022,6ABL6031,6ABL6032,6ABL0112)]; M14[R-A_sus,R-C'(CNV쏠림)]; M16A[R-A'(AVGLOADTIME1MIN=3.05분/기준3.2),R-A_sus,R-B_fast(+33/10분),SLA(17.4%4분초과)]; M16B[R-A_sus]; M16_WT[R-A_sus]",10,5,0,0,8,0,0,0,0,0,5,0,0,8,0,0,0,0,0,0,0,0,0,0,0,0,0,10,5,0,5,0,0,5,0,0,0,5,0,0,0,0,0,0,0,71,0,5,0,0,5,0,0,1,0,-26,-18,-8,33,5,-4,0.72,81.24,86.04,87.99,84.64,0,126,116,81,0,0,23,13,0,25,5
M16A_HUBROOM_PR.csv,2026-06-09 00:19,2026-06-09,00:19,1,1단계 조기경보,3,3→1,58,관심,M16HUB,18,M16HUB,"M16A(23:19,RA_sus+RB_fast+SLA) → M16HUB(23:20,RA+RA_sus) → M16B(23:41,RA_sus+RB_fast+SLA) → M14(23:58,RA_sus+RC+SLA)",,,18,10,0,10,5,0,0,5,RA+RC,RA_sus+SLA,,RA_sus+SLA,RA_sus,5.35,2.40,2.96,2.61,2.82,-49,-43,-3,20,-18,1.78,96.45,3,"6ABL6012,6ABL6022,6ABL0112",12.43,0,16.57,10.85,0,44,14,39,21,0,"hot_area=M16HUB; S1조기경보; 발동: M16HUB[R-A'(AVGTOTALTIME1MIN=5.35분/기준9.0),R-C'(역증가3개:6ABL6012,6ABL6022,6ABL0112)]; M14[R-A_sus,SLA(12.4%4분초과)]; M16A[R-A_sus,SLA(16.6%4분초과)]; M16B[R-A_sus]; M16_WT[R-A_sus]",10,0,0,0,8,0,0,0,0,0,5,0,0,0,0,5,0,0,0,0,0,0,0,0,0,0,0,0,5,0,0,0,0,5,0,0,0,5,0,0,0,0,0,0,0,48,0,10,0,0,5,0,0,0,0,-41,-29,-8,11,3,-11,0.69,81.63,85.24,89.40,79.62,0,119,120,89,0,0,18,10,0,10,5
M16A_HUBROOM_PR.csv,2026-06-09 00:20,2026-06-09,00:20,1,1단계 조기경보,1,,53,관심,M16HUB,23,M16HUB,"M16HUB(23:20,RA+RA_sus) → M16A(23:26,RA_sus+RB_fast+SLA) → M16B(23:41,RA_sus+RB_fast+SLA) → M14(23:58,RA_sus+RC+SLA)",,,23,5,0,10,5,0,0,5,RA+RA_sus+RC,RA_sus,,RA_sus+SLA,RA_sus,7.44,2.74,2.89,2.66,2.38,-62,-51,-10,34,-3,2.96,97.04,4,"6ABL6012,6ABL6022,6ABL6032,6ABL0112",13.11,0,15.11,7.90,0,39,13,31,19,0,"hot_area=M16HUB; S1조기경보; 발동: M16HUB[R-A'(AVGTOTALTIME1MIN=7.44분/기준9.0),R-A_sus,R-C'(역증가4개:6ABL6012,6ABL6022,6ABL6032,6ABL0112)]; M14[R-A_sus]; M16A[R-A_sus,SLA(15.1%4분초과)]; M16B[R-A_sus]; M16_WT[R-A_sus]",10,5,0,0,8,0,0,0,0,0,5,0,0,0,0,0,0,0,0,0,0,0,0,0,0,0,0,0,5,0,0,0,0,5,0,0,0,5,0,0,0,0,0,0,0,48,0,5,0,0,4,0,0,0,0,-43,-32,-8,18,2,-4,0.64,78.72,85.11,90.22,75.92,0,129,99,58,0,0,23,5,0,10,5
M16A_HUBROOM_PR.csv,2026-06-09 00:21,2026-06-09,00:21,1,1단계 조기경보,1,,65,경계,M16HUB,25,M16HUB;M16_WT,"M16HUB(23:21,RA+RB_fast) → M16A(23:26,RA_sus+RB_fast+SLA) → M16B(23:41,RA_sus+RB_fast+SLA) → M14(23:58,RA_sus+RC+SLA) → M16_WT(00:21,RA+RA_sus)",,,25,5,0,10,5,0,0,15,RA+RC+RD,RA_sus,,RA_sus+SLA,RA_sus,4.59,2.50,3.06,2.75,2.54,-69,-49,-9,0,-8,0.59,99.41,6,"6ABL6012,6ABL6021,6ABL6022,6ABL6032,6ABL0111,6ABL0112",13.04,0,14.68,11.00,0,38,15,36,18,0,"hot_area=M16HUB; S1조기경보; 발동: M16HUB[R-A'(AVGTOTALTIME1MIN=4.59분/기준9.0),R-C'(역증가6개:6ABL6012,6ABL6021,6ABL6022,6ABL6032,6ABL0111,6ABL0112),R-D(FAB저장=0.6%,STB=99.4%)]; M14[R-A_sus]; M16A[R-A_sus,SLA(14.7%4분초과)]; M16B[R-A_sus]; M16_WT[R-A'(AVGTOTALTIME1MIN=2.91분/기준2.8),R-A_sus]",10,0,0,0,8,7,0,0,0,0,5,0,0,0,0,0,0,0,0,0,0,0,0,0,0,0,0,0,5,0,0,0,0,5,0,0,0,5,0,0,0,0,0,0,0,60,0,5,0,0,4,0,0,0,0,-36,-28,-3,17,9,-3,0.65,78.91,80.59,90.11,78.73,0,114,112,95,0,0,25,5,0,10,5
M16A_HUBROOM_PR.csv,2026-06-09 00:22,2026-06-09,00:22,3,3단계 ⭐확정,1,1→3,67,경계,M16HUB,22,M16HUB;M16A;M16_WT,"M16HUB(23:22,RA+RA_sus+RB_fast+RC) → M16A(23:26,RA_sus+RB_fast+SLA) → M16B(23:41,RA_sus+RB_fast+SLA) → M14(23:58,RA_sus+RC+SLA) → M16_WT(00:21,RA+RA_sus)",,,22,5,0,15,5,0,0,15,RA+RA_sus+RD,RA_sus,,RA_sus+RB_fast+SLA,RA_sus,8.80,2.67,2.97,2.88,2.63,-20,-45,-2,19,-12,0,100.00,5,"6ABL6021,6ABL6022,6ABL6032,6ABL0111,6ABL0112",13.19,0,13.96,11.18,0,43,17,32,18,0,"hot_area=M16HUB; S3확정; 발동: M16HUB[R-A'(AVGTOTALTIME1MIN=8.80분/기준9.0),R-A_sus,R-D(FAB저장=0.0%,STB=100.0%)]; M14[R-A_sus]; M16A[R-A_sus,R-B_fast(+33/10분),SLA(14.0%4분초과)]; M16B[R-A_sus]; M16_WT[R-A'(AVGTOTALTIME1MIN=1.92분/기준2.8),R-A_sus]",10,5,0,0,0,7,0,0,0,0,5,0,0,0,0,0,0,0,0,0,0,0,0,0,0,0,0,0,5,0,5,0,0,5,0,0,0,5,0,0,0,0,0,0,0,62,0,5,0,0,3,0,0,0,0,13,-14,-8,33,3,9,0.63,81.63,79.65,92.46,77.99,0,120,97,86,0,0,22,5,0,15,5
M16A_HUBROOM_PR.csv,2026-06-09 00:23,2026-06-09,00:23,3,3단계 ⭐확정,3,,67,경계,M16HUB,17,M16HUB;M16A;M16_WT,"M16HUB(23:23,RA+RB_fast) → M16A(23:26,RA_sus+RB_fast+SLA) → M16B(23:41,RA_sus+RB_fast+SLA) → M14(23:58,RA_sus+RC+SLA) → M16_WT(00:21,RA+RA_sus)",,,17,5,0,15,5,0,5,15,RA+RD,RA_sus,,RA_sus+RB_fast+SLA,RA_sus,4.60,2.70,2.86,2.90,2.54,8,-6,16,39,3,0,100.00,6,"6ABL6012,6ABL6021,6ABL6022,6ABL0111,6ABL0112,6ABL0121",13.76,0,13.00,9.47,0,39,14,31,16,0,"hot_area=M16HUB; S3확정; 발동: M16HUB[R-A'(AVGTOTALTIME1MIN=4.60분/기준9.0),R-D(FAB저장=0.0%,STB=100.0%)]; M14[R-A_sus]; M16A[R-A_sus,R-B_fast(+31/10분),SLA(13.0%4분초과)]; M16B[R-A_sus]; M16_PKT[R-A_sus]; M16_WT[R-A'(AVGTOTALTIME1MIN=2.47분/기준2.8),R-A_sus]",10,0,0,0,0,7,0,0,0,0,5,0,0,0,0,0,0,0,0,0,0,0,0,0,0,0,0,0,5,0,5,0,0,5,0,0,0,5,0,0,0,0,0,0,0,62,0,5,0,0,3,0,0,0,0,10,12,-3,31,-1,20,0.65,86.10,82.58,91.87,83.31,0,127,98,81,0,0,17,5,0,15,5
M16A_HUBROOM_PR.csv,2026-06-09 00:24,2026-06-09,00:24,1,1단계 조기경보,3,3→1,52,관심,M16HUB,22,M16HUB;M16_WT,"M16HUB(23:24,RA+RA_sus+RB_fast) → M16A(23:26,RA_sus+RB_fast+SLA) → M16B(23:41,RA_sus+RB_fast+SLA) → M14(23:58,RA_sus+RC+SLA) → M16_WT(00:21,RA+RA_sus)",,,22,5,0,5,5,0,0,15,RA+RA_sus+RD,RA_sus,,RA_sus,RA_sus,6.73,2.72,2.87,2.63,2.59,27,-14,18,25,3,0,99.41,5,"6ABL6012,6ABL6021,6ABL6022,6ABL6031,6ABL0111",14.05,0,12.70,9.97,0,36,12,28,16,0,"hot_area=M16HUB; S1조기경보; 발동: M16HUB[R-A'(AVGTOTALTIME1MIN=6.73분/기준9.0),R-A_sus,R-D(FAB저장=0.0%,STB=99.4%)]; M14[R-A_sus]; M16A[R-A_sus]; M16B[R-A_sus]; M16_WT[R-A'(AVGTOTALTIME1MIN=2.54분/기준2.8),R-A_sus]",10,5,0,0,0,7,0,0,0,0,5,0,0,0,0,0,0,0,0,0,0,0,0,0,0,0,0,0,5,0,0,0,0,0,0,0,0,5,0,0,0,0,0,0,0,52,0,0,0,0,2,0,0,0,0,17,-5,2,18,-15,1,0.64,88.82,84.31,93.52,81.24,0,139,86,76,0,0,22,5,0,5,5
M16A_HUBROOM_PR.csv,2026-06-09 00:25,2026-06-09,00:25,1,1단계 조기경보,1,,45,관심,M16_WT,15,M16_WT,"M16HUB(23:25,RA+RB_fast) → M16A(23:26,RA_sus+RB_fast+SLA) → M16B(23:41,RA_sus+RB_fast+SLA) → M14(23:58,RA_sus+RC+SLA) → M16_WT(00:21,RA+RA_sus)",,,10,5,0,5,5,0,5,15,RA,RA_sus,,RA_sus,RA_sus,4.99,2.80,2.86,2.93,2.38,47,15,20,38,24,0,98.82,7,"6ABL6012,6ABL6021,6ABL6022,6ABL6031,6ABL0111,6ABL0112,6ABL0121",14.64,0,12.97,9.52,0,36,13,33,18,0,"hot_area=M16_WT; S1조기경보; 발동: M16HUB[R-A'(AVGTOTALTIME1MIN=4.99분/기준9.0)]; M14[R-A_sus]; M16A[R-A_sus]; M16B[R-A_sus]; M16_PKT[R-A_sus]; M16_WT[R-A'(AVGTOTALTIME1MIN=2.15분/기준2.8),R-A_sus]",10,0,0,0,0,0,0,0,0,0,5,0,0,0,0,0,0,0,0,0,0,0,0,0,0,0,0,0,5,0,0,0,0,0,0,0,0,5,0,0,0,0,0,0,0,45,0,0,0,0,2,0,0,0,0,19,11,5,4,-10,13,0.60,91.64,82.85,93.40,84.64,0,130,97,80,0,0,10,5,0,5,5
M16A_HUBROOM_PR.csv,2026-06-09 00:26,2026-06-09,00:26,2,2단계 주의보,1,1→2,60,관심,M16HUB,20,M16HUB;M16_WT,"M16HUB(23:26,RA+RA_sus) → M16A(23:26,RA_sus+RB_fast+SLA) → M16B(23:41,RA_sus+RB_fast+SLA) → M14(23:58,RA_sus+RC+SLA) → M16_WT(00:21,RA+RA_sus)",,,20,10,0,5,5,0,5,15,RA+RA_sus+RB_fast,RA_sus+RB_fast,,RA_sus,RA_sus,7.92,2.58,2.98,2.70,2.88,62,38,23,24,24,0.59,98.22,6,"6ABL6012,6ABL6021,6ABL6022,6ABL6031,6ABL0111,6ABL0112",14.82,0,12.25,9.75,0,35,11,29,16,0,"hot_area=M16HUB; S2주의보; 발동: M16HUB[R-A'(AVGTOTALTIME1MIN=7.92분/기준9.0),R-A_sus,R-B_fast(+37/10분)]; M14[R-A_sus,R-B_fast(+28/10분)]; M16A[R-A_sus]; M16B[R-A_sus]; M16_PKT[R-A_sus]; M16_WT[R-A'(AVGTOTALTIME1MIN=2.16분/기준2.8),R-A_sus]",10,5,0,5,0,0,0,0,0,0,5,0,5,0,0,0,0,0,0,0,0,0,0,0,0,0,0,0,5,0,0,0,0,0,0,0,0,5,0,0,0,0,0,0,0,60,0,0,0,0,1,0,0,0,0,37,28,-5,-2,-9,13,0.59,91.25,80.59,93.99,82.72,0,135,81,74,0,0,20,10,0,5,5
M16A_HUBROOM_PR.csv,2026-06-09 00:27,2026-06-09,00:27,3,3단계 ⭐확정,2,2→3,75,경계,M16HUB,15,M16HUB;M14;M16_WT,"M16HUB(23:28,RA+RA_sus) → M16A(23:28,RA_sus+RB_fast+SLA) → M16B(23:41,RA_sus+RB_fast+SLA) → M14(23:58,RA_sus+RC+SLA) → M16_WT(00:21,RA+RA_sus)",,,15,15,0,5,5,10,5,15,RA+RB_fast,RA_sus+RB_fast+SLA,,RA_sus,RA_sus,5.33,2.51,2.86,2.83,2.30,45,37,1,17,6,0.59,98.22,6,"6ABL6012,6ABL6021,6ABL6022,6ABL6031,6ABL0111,6ABL0112",16.23,0,12.43,7.89,0,34,13,30,15,0,"hot_area=M16HUB; S3확정; 발동: M16HUB[R-A'(AVGTOTALTIME1MIN=5.33분/기준9.0),R-B_fast(+46/10분)]; M14[R-A_sus,R-B_fast(+37/10분),SLA(16.2%4분초과)]; M16A[R-A_sus]; M16B[R-A_sus]; M16[R-B(SENDQUEUETOTAL+49/30분/기준+20)]; M16_PKT[R-A_sus]; M16_WT[R-A'(AVGTOTALTIME1MIN=1.79분/기준2.8),R-A_sus]",10,0,0,5,0,0,0,0,0,0,5,0,5,0,0,5,0,0,0,0,0,0,0,0,0,0,0,0,5,0,0,0,0,0,0,0,0,5,0,0,0,0,0,0,0,70,0,5,0,0,1,0,0,0,0,46,37,0,-9,-8,15,0.57,89.70,83.51,94.23,79.17,0,154,89,66,0,0,15,15,0,5,5
M16A_HUBROOM_PR.csv,2026-06-09 00:28,2026-06-09,00:28,3,3단계 ⭐확정,3,,62,관심,M16HUB,17,M16HUB;M14;M16_WT,"M16HUB(23:28,RA+RA_sus) → M16A(23:28,RA_sus+RB_fast+SLA) → M16B(23:41,RA_sus+RB_fast+SLA) → M14(23:58,RA_sus+RC+SLA) → M16_WT(00:21,RA+RA_sus)",,,17,15,0,5,5,0,0,15,RA_sus+RB_fast+RD,RA_sus+RB_fast+SLA,,RA_sus,RA_sus,7.50,2.88,2.68,2.87,2.28,8,13,-15,6,-4,0.59,99.41,5,"6ABL6021,6ABL6022,6ABL6031,6ABL0111,6ABL0112",16.10,0,12.25,6.58,0,35,14,36,17,0,"hot_area=M16HUB; S3확정; 발동: M16HUB[R-A_sus,R-B_fast(+32/10분),R-D(FAB저장=0.6%,STB=99.4%)]; M14[R-A_sus,R-B_fast(+27/10분),SLA(16.1%4분초과)]; M16A[R-A_sus]; M16B[R-A_sus]; M16_WT[R-A'(AVGTOTALTIME1MIN=1.76분/기준2.8),R-A_sus]",0,5,0,5,0,7,0,0,0,0,5,0,5,0,0,5,0,0,0,0,0,0,0,0,0,0,0,0,5,0,0,0,0,0,0,0,0,5,0,0,0,0,0,0,0,57,0,5,0,0,0,0,0,0,0,32,27,-7,-40,-12,3,0.57,90.86,81.38,93.88,78.58,0,156,79,48,0,0,17,15,0,5,5
M16A_HUBROOM_PR.csv,2026-06-09 00:29,2026-06-09,00:29,3,3단계 ⭐확정,3,,75,경계,M16HUB,15,M16HUB;M16_WT,"M16A(23:29,RA_sus+RB_fast+SLA) → M16HUB(23:30,RA+RA_sus) → M16B(23:41,RA_sus+RB_fast+SLA) → M14(23:58,RA_sus+RC+SLA) → M16_WT(00:21,RA+RA_sus)",,,15,10,0,10,5,10,0,15,RC+RD,RA_sus+SLA,,RA_sus+SLA,RA_sus,5.56,2.64,2.94,3.07,2.56,-9,-10,-21,-5,-34,0.59,99.41,3,"6ABL6022,6ABL6031,6ABL0112",16.57,0,13.21,8.59,0,42,14,32,17,0,"hot_area=M16HUB; S3확정; 발동: M16HUB[R-C'(역증가3개:6ABL6022,6ABL6031,6ABL0112),R-D(FAB저장=0.6%,STB=99.4%)]; M14[R-A_sus,SLA(16.6%4분초과)]; M16A[R-A_sus,SLA(13.2%4분초과)]; M16B[R-A_sus]; M16[R-B(SENDQUEUETOTAL+45/30분/기준+20)]; M16_WT[R-A'(AVGTOTALTIME1MIN=1.90분/기준2.8),R-A_sus]",0,0,0,0,8,7,0,0,0,0,5,0,0,0,0,5,0,0,0,0,0,0,0,0,0,0,0,0,5,0,0,0,0,5,0,0,0,5,0,0,0,0,0,0,0,65,0,10,0,0,0,0,0,0,0,10,5,-7,-30,-15,-17,0.58,89.99,81.38,94.23,79.32,0,144,95,68,0,0,15,10,0,10,5
M16A_HUBROOM_PR.csv,2026-06-09 00:30,2026-06-09,00:30,1,1단계 조기경보,3,3→1,57,관심,M16_WT,15,M16_WT,"M16HUB(23:30,RA+RA_sus) → M16A(23:30,RA_sus+RB_fast+SLA) → M16B(23:41,RA_sus+RB_fast+SLA) → M14(23:58,RA_sus+RC+SLA) → M16_WT(00:21,RA+RA_sus)",,,12,10,0,10,0,0,0,15,RA_sus+RD,RA_sus+SLA,,RA_sus+SLA,,6.08,2.70,3.22,2.90,2.29,-30,-14,-19,6,-40,0,100.00,1,6ABL6021,16.42,0,13.17,6.30,0,39,12,33,16,0,"hot_area=M16_WT; S1조기경보; 발동: M16HUB[R-A_sus,R-D(FAB저장=0.0%,STB=100.0%)]; M14[R-A_sus,SLA(16.4%4분초과)]; M16A[R-A_sus,SLA(13.2%4분초과)]; M16_WT[R-A'(AVGTOTALTIME1MIN=2.03분/기준2.8),R-A_sus]",0,5,0,0,0,7,0,0,0,0,5,0,0,0,0,5,0,0,0,0,0,0,0,0,0,0,0,0,5,0,0,0,0,5,0,0,0,0,0,0,0,0,0,0,0,47,0,10,0,0,0,0,0,0,0,8,7,0,-30,-27,-7,0.63,87.37,77.79,93.99,80.50,0,165,84,45,0,0,12,10,0,10,0
M16A_HUBROOM_PR.csv,2026-06-09 00:31,2026-06-09,00:31,1,1단계 조기경보,1,,60,관심,M14,18,M16HUB;M14;M16A,"M16HUB(23:32,RA+RA_sus) → M16B(23:41,RA_sus+RB_fast+SLA) → M16A(23:45,RA_sus+RB_fast+SLA) → M14(23:58,RA_sus+RC+SLA) → M16_WT(00:21,RA+RA_sus)",,,15,18,0,17,0,0,0,0,RC+RD,RA_sus+RC+SLA,,RA_sus+RD+SLA,,4.95,2.90,3.28,2.88,2.66,-20,-9,-17,-16,-41,0,100.00,5,"6ABL6012,6ABL6021,6ABL6022,6ABL6031,6ABL0121",16.54,0,14.13,10.41,0,34,12,32,17,0,"hot_area=M14; S1조기경보; 발동: M16HUB[R-C'(역증가5개:6ABL6012,6ABL6021,6ABL6022,6ABL6031,6ABL0121),R-D(FAB저장=0.0%,STB=100.0%)]; M14[R-A_sus,R-C'(CNV쏠림),SLA(16.5%4분초과)]; M16A[R-A_sus,R-D(OHT=96.1%),SLA(14.1%4분초과)]",0,0,0,0,8,7,0,0,0,0,5,0,0,8,0,5,0,0,0,0,0,0,0,0,0,0,0,0,5,0,0,0,7,5,0,0,0,0,0,0,0,0,0,0,0,50,0,10,0,0,0,0,0,0,0,11,11,-10,-29,-21,-2,0.70,82.12,76.20,96.11,84.93,0,150,106,83,0,0,15,18,0,17,0
M16A_HUBROOM_PR.csv,2026-06-09 00:32,2026-06-09,00:32,1,1단계 조기경보,1,,58,관심,M14,18,M16HUB;M14,"M16HUB(23:32,RA+RA_sus) → M16B(23:41,RA_sus+RB_fast+SLA) → M16A(23:45,RA_sus+RB_fast+SLA) → M14(23:58,RA_sus+RC+SLA) → M16_WT(00:21,RA+RA_sus)",,,15,18,0,10,5,0,0,0,RC+RD,RA_sus+RC+SLA,,RA_sus+SLA,RA_sus,5.88,2.88,3.02,3.13,2.92,-34,-12,-12,-7,-34,0,100.00,5,"6ABL6012,6ABL6021,6ABL6022,6ABL6031,6ABL0121",15.68,0,14.66,10.79,0,37,13,31,16,0,"hot_area=M14; S1조기경보; 발동: M16HUB[R-C'(역증가5개:6ABL6012,6ABL6021,6ABL6022,6ABL6031,6ABL0121),R-D(FAB저장=0.0%,STB=100.0%)]; M14[R-A_sus,R-C'(CNV쏠림),SLA(15.7%4분초과)]; M16A[R-A_sus,SLA(14.7%4분초과)]; M16B[R-A_sus]",0,0,0,0,8,7,0,0,0,0,5,0,0,8,0,5,0,0,0,0,0,0,0,0,0,0,0,0,5,0,0,0,0,5,0,0,0,5,0,0,0,0,0,0,0,48,0,10,0,0,0,0,0,0,0,-34,2,-14,-44,-20,-9,0.73,80.17,77.39,93.99,81.39,0,153,100,78,0,0,15,18,0,10,5
M16A_HUBROOM_PR.csv,2026-06-09 00:33,2026-06-09,00:33,1,1단계 조기경보,1,,50,관심,M16HUB,15,M16HUB,"M16HUB(23:33,RA+RD) → M16B(23:41,RA_sus+RB_fast+SLA) → M16A(23:45,RA_sus+RB_fast+SLA) → M14(23:58,RA_sus+RC+SLA) → M16_WT(00:21,RA+RA_sus)",,,15,10,0,10,5,0,0,0,RC+RD,RA_sus+SLA,,RA_sus+SLA,RA_sus,4.76,2.62,2.82,3.06,2.71,-11,-3,-5,-15,-28,0,100.00,3,"6ABL6012,6ABL6021,6ABL0121",16.02,0,15.97,9.82,0,41,16,36,18,0,"hot_area=M16HUB; S1조기경보; 발동: M16HUB[R-C'(역증가3개:6ABL6012,6ABL6021,6ABL0121),R-D(FAB저장=0.0%,STB=100.0%)]; M14[R-A_sus,SLA(16.0%4분초과)]; M16A[R-A_sus,SLA(16.0%4분초과)]; M16B[R-A_sus]",0,0,0,0,8,7,0,0,0,0,5,0,0,0,0,5,0,0,0,0,0,0,0,0,0,0,0,0,5,0,0,0,0,5,0,0,0,5,0,0,0,0,0,0,0,40,0,10,0,0,0,0,0,0,0,-19,-19,-8,-52,-20,-2,0.68,83.97,80.05,91.52,84.19,0,161,118,80,0,0,15,10,0,10,5
M16A_HUBROOM_PR.csv,2026-06-09 00:34,2026-06-09,00:34,1,1단계 조기경보,1,,50,관심,M16HUB,15,M16HUB,"M16HUB(23:34,RA+RA_sus+RD) → M16B(23:41,RA_sus+RB_fast+SLA) → M16A(23:45,RA_sus+RB_fast+SLA) → M14(23:58,RA_sus+RC+SLA) → M16_WT(00:21,RA+RA_sus)",,,15,10,0,10,5,0,0,0,RC+RD,RA_sus+SLA,,RA_sus+SLA,RA_sus,6.18,2.79,2.92,2.99,2.67,-4,-12,-1,-51,-21,0,100.00,3,"6ABL6021,6ABL6022,6ABL0112",16.45,0,16.99,9.78,0,39,15,36,18,0,"hot_area=M16HUB; S1조기경보; 발동: M16HUB[R-C'(역증가3개:6ABL6021,6ABL6022,6ABL0112),R-D(FAB저장=0.0%,STB=100.0%)]; M14[R-A_sus,SLA(16.4%4분초과)]; M16A[R-A_sus,SLA(17.0%4분초과)]; M16B[R-A_sus]",0,0,0,0,8,7,0,0,0,0,5,0,0,0,0,5,0,0,0,0,0,0,0,0,0,0,0,0,5,0,0,0,0,5,0,0,0,5,0,0,0,0,0,0,0,40,0,10,0,0,0,0,0,0,0,-12,-12,-7,-56,-13,-4,0.67,83.09,82.05,92.23,84.34,0,174,114,72,0,0,15,10,0,10,5
M16A_HUBROOM_PR.csv,2026-06-09 00:35,2026-06-09,00:35,1,1단계 조기경보,1,,42,관심,M14,10,,"M16HUB(23:35,RA+RD) → M16B(23:41,RA_sus+RB_fast+SLA) → M16A(23:45,RA_sus+RB_fast+SLA) → M14(23:58,RA_sus+RC+SLA) → M16_WT(00:21,RA+RA_sus)",,,7,10,0,10,5,0,0,0,RD,RA_sus+SLA,,RA_sus+SLA,RA_sus,5.40,2.61,3.00,3.07,2.42,-19,-20,13,-35,-4,0,100.00,5,"6ABL6011,6ABL6012,6ABL6021,6ABL6022,6ABL0122",16.85,0,17.75,10.21,0,37,14,31,17,0,"hot_area=M14; S1조기경보; 발동: M16HUB[R-D(FAB저장=0.0%,STB=100.0%)]; M14[R-A_sus,SLA(16.9%4분초과)]; M16A[R-A_sus,SLA(17.8%4분초과)]; M16B[R-A_sus]",0,0,0,0,0,7,0,0,0,0,5,0,0,0,0,5,0,0,0,0,0,0,0,0,0,0,0,0,5,0,0,0,0,5,0,0,0,5,0,0,0,0,0,0,0,32,0,10,0,0,0,0,0,0,0,-26,-29,10,-37,2,3,0.66,82.70,84.84,89.52,86.41,0,182,136,86,0,0,7,10,0,10,5
M16A_HUBROOM_PR.csv,2026-06-09 00:36,2026-06-09,00:36,1,1단계 조기경보,1,,55,관심,M16HUB,15,M16HUB,"M16HUB(23:36,RA+RA_sus+RC+RD) → M16B(23:41,RA_sus+RB_fast+SLA) → M16A(23:45,RA_sus+RB_fast+SLA) → M14(23:58,RA_sus+RC+SLA) → M16_WT(00:21,RA+RA_sus)",M16B_10F_TO_HUB=1.5x(주의),,15,10,0,10,5,0,0,0,RC+RD,RA_sus+SLA,,RA_sus+SLA,RA_sus,6.91,2.73,3.08,3.03,2.85,9,5,10,-46,7,0,99.41,3,"6ABL6012,6ABL0111,6ABL0112",16.41,0,19.05,10.40,0,43,19,35,19,0,"hot_area=M16HUB; S1조기경보; 발동: M16HUB[R-C'(역증가3개:6ABL6012,6ABL0111,6ABL0112),R-D(FAB저장=0.0%,STB=99.4%)]; M14[R-A_sus,SLA(16.4%4분초과)]; M16A[R-A_sus,SLA(19.1%4분초과)]; M16B[R-A_sus]; 흐름:M16B_10F_TO_HUB=1.5x(주의)",0,0,0,0,8,7,0,0,0,0,5,0,0,0,0,5,0,0,0,0,0,0,0,0,0,0,0,0,5,0,0,0,0,5,0,0,0,5,0,0,0,0,0,0,0,40,5,10,0,0,0,0,0,0,0,-14,-18,11,-53,9,-14,0.64,80.56,83.91,87.28,86.41,0,159,129,78,0,0,15,10,0,10,5
M16A_HUBROOM_PR.csv,2026-06-09 00:37,2026-06-09,00:37,3,3단계 ⭐확정,1,1→3,42,관심,M16A,10,,"M16HUB(23:37,RA+RD) → M16B(23:41,RA_sus+RB_fast+SLA) → M16A(23:45,RA_sus+RB_fast+SLA) → M14(23:58,RA_sus+RC+SLA) → M16_WT(00:21,RA+RA_sus)",M16B_10F_TO_HUB=1.7x(주의),,7,5,0,10,10,0,0,0,RD,RA_sus,,RA_sus+SLA,RA_sus+RB_fast,4.58,2.65,3.00,3.13,2.57,15,7,5,-33,27,0,99.41,1,6ABL0112,16.78,0,17.83,7.71,0,40,17,31,17,0,"hot_area=M16A; S3확정; 발동: M16HUB[R-D(FAB저장=0.0%,STB=99.4%)]; M14[R-A_sus]; M16A[R-A_sus,SLA(17.8%4분초과)]; M16B[R-A_sus,R-B_fast(+27/10분)]; 흐름:M16B_10F_TO_HUB=1.7x(주의)",0,0,0,0,0,7,0,0,0,0,5,0,0,0,0,0,0,0,0,0,0,0,0,0,0,0,0,0,5,0,0,0,0,5,0,0,0,5,0,5,0,0,0,0,0,32,5,5,0,0,0,0,0,0,0,-9,-19,11,-51,27,-33,0.64,80.27,85.37,89.52,90.10,0,168,133,64,0,0,7,5,0,10,10
M16A_HUBROOM_PR.csv,2026-06-09 00:38,2026-06-09,00:38,3,3단계 ⭐확정,3,,57,관심,M16B,20,M16B,"M16HUB(23:38,RA+RA_sus+RD) → M16B(23:41,RA_sus+RB_fast+SLA) → M16A(23:45,RA_sus+RB_fast+SLA) → M14(23:58,RA_sus+RC+SLA) → M16_WT(00:21,RA+RA_sus)",M16B_10F_TO_HUB=1.7x(주의),,12,5,0,10,20,0,0,0,RA_sus+RD,RA_sus,,RA_sus+SLA,RA_sus+RB+RB_fast,8.60,2.63,2.89,2.89,2.60,31,12,5,-40,31,0,99.41,1,6ABL6021,17.37,0,17.96,8.02,0,38,12,35,23,0,"hot_area=M16B; S3확정; 발동: M16HUB[R-A_sus,R-D(FAB저장=0.0%,STB=99.4%)]; M14[R-A_sus]; M16A[R-A_sus,SLA(18.0%4분초과)]; M16B[R-A_sus,R-B(10F_TO_HUB_JOB+31/30분/기준+30),R-B_fast(+38/10분)]; 흐름:M16B_10F_TO_HUB=1.7x(주의)",0,5,0,0,0,7,0,0,0,0,5,0,0,0,0,0,0,0,0,0,0,0,0,0,0,0,0,0,5,0,0,0,0,5,0,0,0,5,10,5,0,0,0,0,0,47,5,5,0,0,0,0,0,0,0,25,3,20,-33,38,-33,0.61,78.81,82.85,90.22,87.15,0,174,118,60,0,0,12,5,0,10,20
M16A_HUBROOM_PR.csv,2026-06-09 00:39,2026-06-09,00:39,3,3단계 ⭐확정,3,,65,경계,M16B,20,M14;M16B,"M16HUB(23:39,RA+RD) → M16B(23:41,RA_sus+RB_fast+SLA) → M16A(23:45,RA_sus+RB_fast+SLA) → M14(23:58,RA_sus+RC+SLA) → M16_WT(00:21,RA+RA_sus)",M16B_10F_TO_HUB=1.6x(주의),,5,15,0,10,20,0,0,0,RB_fast,RA_sus+RB_fast+SLA,,RA_sus+SLA,RA_sus+RB+RB_fast,5.06,2.73,3.05,2.79,2.32,7,1,3,-41,39,0,98.82,1,6ABL0121,16.84,0,17.47,8.21,0,35,12,42,18,0,"hot_area=M16B; S3확정; 발동: M16HUB[R-B_fast(+38/10분)]; M14[R-A_sus,R-B_fast(+25/10분),SLA(16.8%4분초과)]; M16A[R-A_sus,SLA(17.5%4분초과)]; M16B[R-A_sus,R-B(10F_TO_HUB_JOB+39/30분/기준+30),R-B_fast(+51/10분)]; 흐름:M16B_10F_TO_HUB=1.6x(주의)",0,0,0,5,0,0,0,0,0,0,5,0,5,0,0,5,0,0,0,0,0,0,0,0,0,0,0,0,5,0,0,0,0,5,0,0,0,5,10,5,0,0,0,0,0,50,5,10,0,0,0,0,0,0,0,38,25,18,-22,51,-26,0.62,79.98,81.25,90.11,82.42,0,176,123,67,0,0,5,15,0,10,20
M16A_HUBROOM_PR.csv,2026-06-09 00:40,2026-06-09,00:40,3,3단계 ⭐확정,3,,73,경계,M16HUB,28,M16HUB,"M16HUB(23:40,RA+RA_sus) → M16B(23:41,RA_sus+RB_fast+SLA) → M16A(23:45,RA_sus+RB_fast+SLA) → M14(23:58,RA_sus+RC+SLA) → M16_WT(00:21,RA+RA_sus)",M16A_2F_TO_HUB=2.1x(위험),,28,5,0,10,10,0,0,0,RA+RA_sus+RB_fast+RC,RA_sus,,RA_sus+SLA,RA_sus+RB_fast,10.46,2.63,3.01,2.89,2.44,4,-2,9,-29,19,0,98.82,2,"6ABL0121,6ABL0122",16.45,0,17.46,5.50,0,37,13,39,21,0,"hot_area=M16HUB; S3확정; 발동: M16HUB[R-A'(AVGTOTALTIME1MIN=10.46분/기준9.0),R-A_sus,R-B_fast(+39/10분),R-C'(역증가2개:6ABL0121,6ABL0122)]; M14[R-A_sus]; M16A[R-A_sus,SLA(17.5%4분초과)]; M16B[R-A_sus,R-B_fast(+44/10분)]; 흐름:M16A_2F_TO_HUB=2.1x(위험)",10,5,0,5,8,0,0,0,0,0,5,0,0,0,0,0,0,0,0,0,0,0,0,0,0,0,0,0,5,0,0,0,0,5,0,0,0,5,0,5,0,0,0,0,0,53,15,5,0,0,1,0,0,0,0,39,23,17,-17,44,-26,0.64,76.19,85.77,91.64,79.91,0,151,110,41,0,0,28,5,0,10,10
M16A_HUBROOM_PR.csv,2026-06-09 00:41,2026-06-09,00:41,3,3단계 ⭐확정,3,,83,주의,M16HUB,23,M16HUB;M16,"M16HUB(23:41,RA+RB_fast+RC) → M16B(23:41,RA_sus+RB_fast+SLA) → M16A(23:45,RA_sus+RB_fast+SLA) → M14(23:58,RA_sus+RC+SLA) → M16_WT(00:21,RA+RA_sus) → M16(00:41,RB+RB_fast)",M16A_2F_TO_HUB=2.9x(위험),,23,5,0,10,10,15,0,0,RA+RB_fast+RC,RA_sus,,RA_sus+SLA,RA_sus+RB_fast,5.06,2.76,2.91,2.85,2.64,11,4,4,-16,20,0,98.82,2,"6ABL0112,6ABL0121",17.23,0,16.67,9.60,0,31,12,40,20,0,"hot_area=M16HUB; S3확정; 발동: M16HUB[R-A'(AVGTOTALTIME1MIN=5.06분/기준9.0),R-B_fast(+36/10분),R-C'(역증가2개:6ABL0112,6ABL0121)]; M14[R-A_sus]; M16A[R-A_sus,SLA(16.7%4분초과)]; M16B[R-A_sus,R-B_fast(+32/10분)]; M16[R-B(SENDQUEUETOTAL+30/30분/기준+20),R-B_fast(+34/10분)]; 흐름:M16A_2F_TO_HUB=2.9x(위험)",10,0,0,5,8,0,0,0,0,0,5,0,0,0,0,0,0,0,0,0,0,0,0,0,0,0,0,0,5,0,0,0,0,5,0,0,0,5,0,5,0,0,0,0,0,63,15,5,0,0,1,0,0,0,0,36,21,17,-4,32,-34,0.64,80.27,84.18,93.05,79.76,0,159,120,84,0,0,23,5,0,10,10
M16A_HUBROOM_PR.csv,2026-06-09 00:42,2026-06-09,00:42,3,3단계 ⭐확정,3,,92,주의,M16HUB,27,M16HUB,"M16HUB(23:42,RA+RA_sus+RB_fast+RC) → M16B(23:42,RA_sus+RB_fast+SLA) → M16A(23:45,RA_sus+RB_fast+SLA) → M14(23:58,RA_sus+RC+SLA) → M16_WT(00:21,RA+RA_sus) → M16(00:41,RB+RB_fast)",M16A_2F_TO_HUB=3.0x(심각),,27,10,0,10,10,0,0,0,RA+RA_sus+RB_fast+RD,RA_sus+RB_fast,,RA_sus+SLA,RA_sus+RB_fast,9.59,2.51,2.91,2.88,3.03,30,18,4,-14,8,0.59,99.41,1,6ABL0121,16.38,0,16.23,10.17,0,36,14,36,18,0,"hot_area=M16HUB; S3확정; 발동: M16HUB[R-A'(AVGTOTALTIME1MIN=9.59분/기준9.0),R-A_sus,R-B_fast(+51/10분),R-D(FAB저장=0.6%,STB=99.4%)]; M14[R-A_sus,R-B_fast(+30/10분)]; M16A[R-A_sus,SLA(16.2%4분초과)]; M16B[R-A_sus,R-B_fast(+25/10분)]; 흐름:M16A_2F_TO_HUB=3.0x(심각)",10,5,0,5,0,7,0,0,0,0,5,0,5,0,0,0,0,0,0,0,0,0,0,0,0,0,0,0,5,0,0,0,0,5,0,0,0,5,0,5,0,0,0,0,0,57,30,5,0,0,2,0,0,0,0,51,30,26,-3,25,-42,0.68,80.76,84.97,91.28,80.65,0,151,105,79,0,0,27,10,0,10,10
M16A_HUBROOM_PR.csv,2026-06-09 00:43,2026-06-09,00:43,3,3단계 ⭐확정,3,,98,주의,M16HUB,25,M16HUB;M14;M16,"M16HUB(23:43,RA+RA_sus+RB_fast+RC) → M16A(23:45,RA_sus+RB_fast+SLA) → M14(23:58,RA_sus+RC+SLA) → M16B(00:00,RA_sus+RB+RB_fast) → M16_WT(00:21,RA+RA_sus) → M16(00:41,RB+RB_fast)",M16A_2F_TO_HUB=2.8x(위험),,25,18,0,10,10,15,0,0,RA+RC+RD,RA_sus+RB_fast+RC,,RA_sus+SLA,RA_sus+RB_fast,4.43,2.41,3.05,2.85,2.51,11,17,-2,-1,-9,0,100.00,2,"6ABL6031,6ABL0112",16.90,0,16.02,8.83,0,32,13,42,23,0,"hot_area=M16HUB; S3확정; 발동: M16HUB[R-A'(AVGTOTALTIME1MIN=4.43분/기준9.0),R-C'(역증가2개:6ABL6031,6ABL0112),R-D(FAB저장=0.0%,STB=100.0%)]; M14[R-A_sus,R-B_fast(+24/10분),R-C'(CNV쏠림)]; M16A[R-A_sus,SLA(16.0%4분초과)]; M16B[R-A_sus,R-B_fast(+12/10분)]; M16[R-B(SENDQUEUETOTAL+29/30분/기준+20),R-B_fast(+33/10분)]; 흐름:M16A_2F_TO_HUB=2.8x(위험)",10,0,0,0,8,7,0,0,0,0,5,0,5,8,0,0,0,0,0,0,0,0,0,0,0,0,0,0,5,0,0,0,0,5,0,0,0,5,0,5,0,0,0,0,0,78,15,5,0,0,2,0,0,0,0,20,24,9,20,12,-27,0.70,81.34,83.78,89.75,85.67,0,159,119,74,0,0,25,18,0,10,10
M16A_HUBROOM_PR.csv,2026-06-09 00:44,2026-06-09,00:44,3,3단계 ⭐확정,3,,68,경계,M16HUB,23,M16HUB;M16A,"M16HUB(23:44,RA+RA_sus+RC+RD) → M16A(23:45,RA_sus+RB_fast+SLA) → M14(23:58,RA_sus+RC+SLA) → M16B(00:00,RA_sus+RB+RB_fast) → M16_WT(00:21,RA+RA_sus) → M16(00:41,RB+RB_fast)",M16A_2F_TO_HUB=2.4x(위험),,23,5,0,15,5,0,0,0,RA+RA_sus+RC,RA_sus,,RA_sus+RB_fast+SLA,RA_sus,10.35,2.73,3.03,2.76,2.93,-1,5,-1,-2,-22,0,97.04,4,"6ABL6031,6ABL0112,6ABL0121,6ABL0122",16.49,0,15.53,9.26,0,35,13,37,19,0,"hot_area=M16HUB; S3확정; 발동: M16HUB[R-A'(AVGTOTALTIME1MIN=10.35분/기준9.0),R-A_sus,R-C'(역증가4개:6ABL6031,6ABL0112,6ABL0121,6ABL0122)]; M14[R-A_sus]; M16A[R-A_sus,R-B_fast(+36/10분),SLA(15.5%4분초과)]; M16B[R-A_sus]; 흐름:M16A_2F_TO_HUB=2.4x(위험)",10,5,0,0,8,0,0,0,0,0,5,0,0,0,0,0,0,0,0,0,0,0,0,0,0,0,0,0,5,0,5,0,0,5,0,0,0,5,0,0,0,0,0,0,0,48,15,5,0,0,3,0,0,0,0,-6,22,4,36,6,-17,0.70,85.23,82.98,87.28,84.19,0,160,102,69,0,0,23,5,0,15,5
M16A_HUBROOM_PR.csv,2026-06-09 00:45,2026-06-09,00:45,3,3단계 ⭐확정,3,,73,경계,M16HUB,18,M16HUB;M16A;M16,"M16HUB(23:45,RA+RA_sus+RD) → M16A(23:45,RA_sus+RB_fast+SLA) → M14(23:58,RA_sus+RC+SLA) → M16B(00:00,RA_sus+RB+RB_fast) → M16_WT(00:21,RA+RA_sus) → M16(00:41,RB+RB_fast)",M14B_LFT_4ABLD_SUM=1.5x(주의);M16A_2F_TO_HUB=1.6x(주의),,18,5,0,15,5,15,0,0,RA+RC,RA_sus,,RA_sus+RB_fast+SLA,RA_sus,4.66,2.55,2.90,2.90,2.51,-4,-3,-4,-5,-35,0,96.45,3,"6ABL0112,6ABL0121,6ABL0122",16.51,0,15.23,10.30,0,38,17,36,18,0,"hot_area=M16HUB; S3확정; 발동: M16HUB[R-A'(AVGTOTALTIME1MIN=4.66분/기준9.0),R-C'(역증가3개:6ABL0112,6ABL0121,6ABL0122)]; M14[R-A_sus]; M16A[R-A_sus,R-B_fast(+28/10분),SLA(15.2%4분초과)]; M16B[R-A_sus]; M16[R-B(SENDQUEUETOTAL+45/30분/기준+20),R-B_fast(+38/10분)]; 흐름:M14B_LFT_4ABLD_SUM=1.5x(주의);M16A_2F_TO_HUB=1.6x(주의)",10,0,0,0,8,0,0,0,0,0,5,0,0,0,0,0,0,0,0,0,0,0,0,0,0,0,0,0,5,0,5,0,0,5,0,0,0,5,0,0,0,0,0,0,0,58,10,5,0,0,3,0,0,0,0,3,15,-19,28,-27,-10,0.68,84.94,80.32,87.75,86.71,0,143,113,85,0,0,18,5,0,15,5
M16A_HUBROOM_PR.csv,2026-06-09 00:46,2026-06-09,00:46,3,3단계 ⭐확정,3,,50,관심,M16HUB,15,M16HUB;M16A,"M16HUB(23:46,RA+RA_sus+RC) → M16A(23:46,RA_sus+RB_fast+SLA) → M14(23:58,RA_sus+RC+SLA) → M16B(00:00,RA_sus+RB+RB_fast) → M16_WT(00:21,RA+RA_sus) → M16(00:41,RB+RB_fast)",M16A_2F_TO_HUB=1.5x(주의),,15,5,0,15,5,0,0,0,RA+RA_sus,RA_sus,,RA_sus+RB_fast+SLA,RA_sus,9.68,2.55,2.97,3.02,2.69,-1,-1,-8,-4,-22,0,94.08,4,"6ABL6032,6ABL0112,6ABL0121,6ABL0122",15.08,0,15.66,10.68,0,37,15,30,16,0,"hot_area=M16HUB; S3확정; 발동: M16HUB[R-A'(AVGTOTALTIME1MIN=9.68분/기준9.0),R-A_sus]; M14[R-A_sus]; M16A[R-A_sus,R-B_fast(+51/10분),SLA(15.7%4분초과)]; M16B[R-A_sus]; 흐름:M16A_2F_TO_HUB=1.5x(주의)",10,5,0,0,0,0,0,0,0,0,5,0,0,0,0,0,0,0,0,0,0,0,0,0,0,0,0,0,5,0,5,0,0,5,0,0,0,5,0,0,0,0,0,0,0,40,5,5,0,0,4,0,0,0,0,-24,-11,-14,51,-22,5,0.68,83.09,81.65,91.17,85.82,0,135,104,79,0,0,15,5,0,15,5
M16A_HUBROOM_PR.csv,2026-06-09 00:47,2026-06-09,00:47,3,3단계 ⭐확정,3,,58,관심,M16HUB,18,M16HUB;M16A,"M16HUB(23:47,RA+RA_sus) → M16A(23:47,RA_sus+RB_fast+SLA) → M14(23:58,RA_sus+RC+SLA) → M16B(00:00,RA_sus+RB+RB_fast) → M16_WT(00:21,RA+RA_sus) → M16(00:41,RB+RB_fast)",,,18,5,0,15,10,0,0,0,RA+RC,RA_sus,,RA_sus+RB_fast+SLA,RA_sus+SLA,5.07,2.64,2.96,2.62,2.51,11,10,-7,-14,-2,2.96,93.49,4,"6ABL6032,6ABL0112,6ABL0121,6ABL0122",13.77,0,14.31,11.14,0,42,20,31,17,0,"hot_area=M16HUB; S3확정; 발동: M16HUB[R-A'(AVGTOTALTIME1MIN=5.07분/기준9.0),R-C'(역증가4개:6ABL6032,6ABL0112,6ABL0121,6ABL0122)]; M14[R-A_sus]; M16A[R-A_sus,R-B_fast(+46/10분),SLA(14.3%4분초과)]; M16B[R-A_sus,SLA(11.1%4분초과)]",10,0,0,0,8,0,0,0,0,0,5,0,0,0,0,0,0,0,0,0,0,0,0,0,0,0,0,0,5,0,5,0,0,5,0,0,0,5,0,0,0,0,5,0,0,48,0,10,0,0,4,0,0,0,0,-26,-8,-18,46,-21,-3,0.66,83.87,82.05,89.99,86.56,0,129,104,90,0,0,18,5,0,15,10
M16A_HUBROOM_PR.csv,2026-06-09 00:48,2026-06-09,00:48,3,3단계 ⭐확정,3,,45,관심,M16HUB,15,M16HUB;M16A,"M16HUB(23:48,RA+RA_sus+RC) → M16A(23:48,RA_sus+RB_fast+SLA) → M14(23:58,RA_sus+RC+SLA) → M16B(00:00,RA_sus+RB+RB_fast) → M16_WT(00:21,RA+RA_sus) → M16(00:41,RB+RB_fast)",,,15,5,0,15,5,0,0,0,RA+RA_sus,RA_sus,,RA_sus+RB_fast+SLA,RA_sus,13.29,2.54,2.94,2.73,2.82,22,23,-7,-24,0,1.18,95.86,5,"6ABL6031,6ABL6032,6ABL0112,6ABL0121,6ABL0122",13.94,0,13.71,9.25,0,38,14,28,15,0,"hot_area=M16HUB; S3확정; 발동: M16HUB[R-A'(AVGTOTALTIME1MIN=13.29분/기준9.0),R-A_sus]; M14[R-A_sus]; M16A[R-A_sus,R-B_fast(+49/10분),SLA(13.7%4분초과)]; M16B[R-A_sus]",10,5,0,0,0,0,0,0,0,0,5,0,0,0,0,0,0,0,0,0,0,0,0,0,0,0,0,0,5,0,5,0,0,5,0,0,0,5,0,0,0,0,0,0,0,40,0,5,0,0,5,0,0,0,0,-35,-7,-20,49,-26,22,0.65,84.74,80.59,87.04,85.23,0,134,89,67,0,0,15,5,0,15,5
M16A_HUBROOM_PR.csv,2026-06-09 00:49,2026-06-09,00:49,1,1단계 조기경보,3,3→1,45,관심,M16HUB,10,,"M16HUB(23:49,RA+RA_sus+RC) → M16A(23:49,RA_sus+RB_fast+SLA) → M14(23:58,RA_sus+RC+SLA) → M16B(00:00,RA_sus+RB+RB_fast) → M16_WT(00:21,RA+RA_sus) → M16(00:41,RB+RB_fast)",,,10,5,0,10,10,0,0,0,RA,RA_sus,,RA_sus+SLA,RA_sus+SLA,5.18,2.79,2.89,2.67,2.54,20,20,-3,-33,4,1.18,97.63,8,"6ABL6012,6ABL6021,6ABL6031,6ABL6032,6ABL0111,6ABL0112,6ABL0121,6ABL0122",13.30,0,13.52,11.10,0,35,15,35,16,0,"hot_area=M16HUB; S1조기경보; 발동: M16HUB[R-A'(AVGTOTALTIME1MIN=5.18분/기준9.0)]; M14[R-A_sus]; M16A[R-A_sus,SLA(13.5%4분초과)]; M16B[R-A_sus,SLA(11.1%4분초과)]",10,0,0,0,0,0,0,0,0,0,5,0,0,0,0,0,0,0,0,0,0,0,0,0,0,0,0,0,5,0,0,0,0,5,0,0,0,5,0,0,0,0,5,0,0,35,0,10,0,0,5,0,0,0,0,-28,-10,-14,19,-32,24,0.64,83.38,82.31,86.45,84.79,0,114,98,88,0,0,10,5,0,10,10
M16A_HUBROOM_PR.csv,2026-06-09 00:50,2026-06-09,00:50,1,1단계 조기경보,1,,45,관심,M16HUB,15,M16HUB,"M16HUB(23:50,RA+RA_sus+RB_fast+RD) → M16A(23:50,RA_sus+RB_fast+SLA) → M14(23:58,RA_sus+RC+SLA) → M16B(00:00,RA_sus+RB+RB_fast) → M16_WT(00:21,RA+RA_sus) → M16(00:41,RB+RB_fast)",,,15,5,0,10,5,0,5,0,RA+RA_sus,RA_sus,,RA_sus+SLA,RA_sus,13.92,2.57,3.17,2.79,2.42,26,24,4,-32,-9,1.18,98.82,6,"6ABL6012,6ABL6022,6ABL6031,6ABL6032,6ABL0112,6ABL0121",12.87,0,13.73,8.33,0,37,16,33,17,0,"hot_area=M16HUB; S1조기경보; 발동: M16HUB[R-A'(AVGTOTALTIME1MIN=13.92분/기준9.0),R-A_sus]; M14[R-A_sus]; M16A[R-A_sus,SLA(13.7%4분초과)]; M16B[R-A_sus]; M16_PKT[R-A_sus]",10,5,0,0,0,0,0,0,0,0,5,0,0,0,0,0,0,0,0,0,0,0,0,0,0,0,0,0,5,0,0,0,0,5,0,0,0,5,0,0,0,0,0,0,0,40,0,5,0,0,5,0,0,0,0,-21,-6,-13,15,-26,13,0.64,84.16,77.79,88.34,83.90,0,125,91,59,0,0,15,5,0,10,5
M16A_HUBROOM_PR.csv,2026-06-09 00:51,2026-06-09,00:51,1,1단계 조기경보,1,,47,관심,M16HUB,17,M16HUB,"M16HUB(23:51,RA+RA_sus+RB_fast+RC+RD) → M16A(23:51,RA_sus+RB_fast+SLA) → M14(23:58,RA_sus+RC+SLA) → M16B(00:00,RA_sus+RB+RB_fast) → M16_WT(00:21,RA+RA_sus) → M16(00:41,RB+RB_fast)",,,17,5,0,10,5,0,5,0,RA+RD,RA_sus,,RA_sus+SLA,RA_sus,4.66,2.53,2.78,3.03,2.69,30,28,1,-51,-10,0.59,99.41,6,"6ABL6012,6ABL6022,6ABL6032,6ABL0111,6ABL0112,6ABL0121",13.43,0,14.03,10.13,0,37,15,35,16,0,"hot_area=M16HUB; S1조기경보; 발동: M16HUB[R-A'(AVGTOTALTIME1MIN=4.66분/기준9.0),R-D(FAB저장=0.6%,STB=99.4%)]; M14[R-A_sus]; M16A[R-A_sus,SLA(14.0%4분초과)]; M16B[R-A_sus]; M16_PKT[R-A_sus]",10,0,0,0,0,7,0,0,0,0,5,0,0,0,0,0,0,0,0,0,0,0,0,0,0,0,0,0,5,0,0,0,0,5,0,0,0,5,0,0,0,0,0,0,0,42,0,5,0,0,5,0,0,0,0,-17,-4,-6,-18,-21,10,0.63,82.70,78.32,87.99,80.80,0,117,109,85,0,0,17,5,0,10,5
M16A_HUBROOM_PR.csv,2026-06-09 00:52,2026-06-09,00:52,1,1단계 조기경보,1,,52,관심,M16HUB,22,M16HUB,"M16HUB(23:52,RA+RA_sus+RC+RD) → M16A(23:52,RA_sus+RB_fast+SLA) → M14(23:58,RA_sus+RC+SLA) → M16B(00:00,RA_sus+RB+RB_fast) → M16_WT(00:21,RA+RA_sus) → M16(00:41,RB+RB_fast)",,,22,5,0,10,5,0,5,0,RA+RA_sus+RD,RA_sus,,RA_sus+SLA,RA_sus,11.78,2.78,2.87,2.72,2.55,18,19,2,-67,-11,0,100.00,6,"6ABL6012,6ABL6022,6ABL6032,6ABL0111,6ABL0112,6ABL0121",12.47,0,13.27,10.46,0,35,12,37,17,0,"hot_area=M16HUB; S1조기경보; 발동: M16HUB[R-A'(AVGTOTALTIME1MIN=11.78분/기준9.0),R-A_sus,R-D(FAB저장=0.0%,STB=100.0%)]; M14[R-A_sus]; M16A[R-A_sus,SLA(13.3%4분초과)]; M16B[R-A_sus]; M16_PKT[R-A_sus]",10,5,0,0,0,7,0,0,0,0,5,0,0,0,0,0,0,0,0,0,0,0,0,0,0,0,0,0,5,0,0,0,0,5,0,0,0,5,0,0,0,0,0,0,0,47,0,5,0,0,5,0,0,0,0,1,-13,-10,-20,-16,19,0.64,80.95,76.33,89.75,79.76,0,115,93,79,0,0,22,5,0,10,5
M16A_HUBROOM_PR.csv,2026-06-09 00:53,2026-06-09,00:53,1,1단계 조기경보,1,,47,관심,M16HUB,17,M16HUB,"M16HUB(23:53,RA+RA_sus+RC) → M14(23:58,RA_sus+RC+SLA) → M16B(00:00,RA_sus+RB+RB_fast) → M16A(00:02,RA+RA_sus+RD+SLA) → M16_WT(00:21,RA+RA_sus) → M16(00:41,RB+RB_fast)",,,17,5,0,10,5,0,5,0,RA+RD,RA_sus,,RA_sus+SLA,RA_sus,4.83,2.72,2.80,2.75,2.59,0,5,5,-69,-15,0,100.00,5,"6ABL6031,6ABL6032,6ABL0111,6ABL0112,6ABL0121",13.12,0,13.37,10.54,0,33,12,39,19,0,"hot_area=M16HUB; S1조기경보; 발동: M16HUB[R-A'(AVGTOTALTIME1MIN=4.83분/기준9.0),R-D(FAB저장=0.0%,STB=100.0%)]; M14[R-A_sus]; M16A[R-A_sus,SLA(13.4%4분초과)]; M16B[R-A_sus]; M16_PKT[R-A_sus]",10,0,0,0,0,7,0,0,0,0,5,0,0,0,0,0,0,0,0,0,0,0,0,0,0,0,0,0,5,0,0,0,0,5,0,0,0,5,0,0,0,0,0,0,0,42,0,5,0,0,5,0,0,0,0,-1,0,4,-37,-7,4,0.57,82.31,79.26,91.52,79.32,0,127,98,91,0,0,17,5,0,10,5
M16A_HUBROOM_PR.csv,2026-06-09 00:54,2026-06-09,00:54,1,1단계 조기경보,1,,47,관심,M16HUB,22,M16HUB,"M16HUB(23:54,RA+RA_sus+RC) → M14(23:58,RA_sus+RC+SLA) → M16B(00:00,RA_sus+RB+RB_fast) → M16A(00:02,RA+RA_sus+RD+SLA) → M16_WT(00:21,RA+RA_sus) → M16(00:41,RB+RB_fast)",,,22,5,0,10,5,0,0,0,RA+RA_sus+RD,RA_sus,,RA_sus+SLA,RA_sus,11.99,2.68,2.67,2.80,2.86,-3,11,5,-60,-11,0,100.00,5,"6ABL6012,6ABL6031,6ABL0111,6ABL0112,6ABL0121",12.99,0,13.10,10.57,0,34,13,38,18,0,"hot_area=M16HUB; S1조기경보; 발동: M16HUB[R-A'(AVGTOTALTIME1MIN=11.99분/기준9.0),R-A_sus,R-D(FAB저장=0.0%,STB=100.0%)]; M14[R-A_sus]; M16A[R-A_sus,SLA(13.1%4분초과)]; M16B[R-A_sus]",10,5,0,0,0,7,0,0,0,0,5,0,0,0,0,0,0,0,0,0,0,0,0,0,0,0,0,0,5,0,0,0,0,5,0,0,0,5,0,0,0,0,0,0,0,42,0,5,0,0,5,0,0,0,0,15,1,8,-40,-4,17,0.53,84.84,79.39,90.11,80.50,0,128,87,82,0,0,22,5,0,10,5
M16A_HUBROOM_PR.csv,2026-06-09 00:55,2026-06-09,00:55,1,1단계 조기경보,1,,32,관심,M16HUB,17,M16HUB,"M16HUB(23:55,RA+RC) → M14(23:58,RA_sus+RC+SLA) → M16B(00:00,RA_sus+RB+RB_fast) → M16A(00:02,RA+RA_sus+RD+SLA) → M16_WT(00:21,RA+RA_sus) → M16(00:41,RB+RB_fast)",,,17,5,0,5,5,0,0,0,RA+RD,RA_sus,,RA_sus,RA_sus,4.82,2.50,2.77,2.75,2.49,-11,-7,9,-65,-16,0,100.00,5,"6ABL6012,6ABL6031,6ABL6032,6ABL0111,6ABL0121",13.92,0,12.04,9.59,0,31,13,35,17,0,"hot_area=M16HUB; S1조기경보; 발동: M16HUB[R-A'(AVGTOTALTIME1MIN=4.82분/기준9.0),R-D(FAB저장=0.0%,STB=100.0%)]; M14[R-A_sus]; M16A[R-A_sus]; M16B[R-A_sus]",10,0,0,0,0,7,0,0,0,0,5,0,0,0,0,0,0,0,0,0,0,0,0,0,0,0,0,0,5,0,0,0,0,0,0,0,0,5,0,0,0,0,0,0,0,32,0,0,0,0,5,0,0,0,0,12,7,18,-56,9,3,0.52,84.74,81.65,90.69,83.16,0,137,88,82,0,0,17,5,0,5,5
M16A_HUBROOM_PR.csv,2026-06-09 00:56,2026-06-09,00:56,1,1단계 조기경보,1,,37,관심,M16HUB,22,M16HUB,"M16HUB(23:56,RA+RA_sus+RC) → M14(23:58,RA_sus+RC+SLA) → M16B(00:00,RA_sus+RB+RB_fast) → M16A(00:02,RA+RA_sus+RD+SLA) → M16_WT(00:21,RA+RA_sus) → M16(00:41,RB+RB_fast)",,,22,5,0,5,5,0,0,0,RA+RA_sus+RD,RA_sus,,RA_sus,RA_sus,11.71,2.82,2.73,2.71,3.01,-20,-19,9,-73,-15,0,100.00,4,"6ABL6012,6ABL6032,6ABL0111,6ABL0121",14.86,0,12.33,9.88,0,33,15,38,18,0,"hot_area=M16HUB; S1조기경보; 발동: M16HUB[R-A'(AVGTOTALTIME1MIN=11.71분/기준9.0),R-A_sus,R-D(FAB저장=0.0%,STB=100.0%)]; M14[R-A_sus]; M16A[R-A_sus]; M16B[R-A_sus]",10,5,0,0,0,7,0,0,0,0,5,0,0,0,0,0,0,0,0,0,0,0,0,0,0,0,0,0,5,0,0,0,0,0,0,0,0,5,0,0,0,0,0,0,0,37,0,0,0,0,5,0,0,0,0,18,10,12,-71,-2,7,0.52,85.13,82.18,92.11,79.32,0,130,82,75,0,0,22,5,0,5,5
M16A_HUBROOM_PR.csv,2026-06-09 00:57,2026-06-09,00:57,1,1단계 조기경보,1,,42,관심,M16HUB,17,M16HUB,"M16HUB(23:58,RA+RA_sus) → M14(23:58,RA_sus+RC+SLA) → M16B(00:00,RA_sus+RB+RB_fast) → M16A(00:02,RA+RA_sus+RD+SLA) → M16_WT(00:21,RA+RA_sus) → M16(00:41,RB+RB_fast)",,,17,5,0,10,5,0,0,0,RA+RD,RA_sus,,RA_sus+SLA,RA_sus,4.68,2.77,2.85,2.76,2.29,-23,-19,4,-75,6,0,100.00,4,"6ABL6012,6ABL6032,6ABL0111,6ABL0121",14.79,0,13.39,9.47,0,30,13,42,20,0,"hot_area=M16HUB; S1조기경보; 발동: M16HUB[R-A'(AVGTOTALTIME1MIN=4.68분/기준9.0),R-D(FAB저장=0.0%,STB=100.0%)]; M14[R-A_sus]; M16A[R-A_sus,SLA(13.4%4분초과)]; M16B[R-A_sus]",10,0,0,0,0,7,0,0,0,0,5,0,0,0,0,0,0,0,0,0,0,0,0,0,0,0,0,0,5,0,0,0,0,5,0,0,0,5,0,0,0,0,0,0,0,37,0,5,0,0,5,0,0,0,0,12,8,11,-70,0,1,0.53,87.46,82.58,90.93,80.80,0,134,96,79,0,0,17,5,0,10,5
M16A_HUBROOM_PR.csv,2026-06-09 00:58,2026-06-09,00:58,1,1단계 조기경보,1,,47,관심,M16HUB,22,M16HUB,"M16HUB(23:58,RA+RA_sus) → M14(23:58,RA_sus+RC+SLA) → M16B(00:00,RA_sus+RB+RB_fast) → M16A(00:02,RA+RA_sus+RD+SLA) → M16_WT(00:21,RA+RA_sus) → M16(00:41,RB+RB_fast)",,,22,5,0,10,5,0,0,0,RA+RA_sus+RD,RA_sus,,RA_sus+SLA,RA_sus,12.14,2.41,2.72,2.79,2.32,-1,-14,20,-54,12,0,100.00,6,"6ABL6011,6ABL6012,6ABL6031,6ABL6032,6ABL0121,6ABL0122",14.10,0,13.23,7.02,0,32,13,45,18,0,"hot_area=M16HUB; S1조기경보; 발동: M16HUB[R-A'(AVGTOTALTIME1MIN=12.14분/기준9.0),R-A_sus,R-D(FAB저장=0.0%,STB=100.0%)]; M14[R-A_sus]; M16A[R-A_sus,SLA(13.2%4분초과)]; M16B[R-A_sus]",10,5,0,0,0,7,0,0,0,0,5,0,0,0,0,0,0,0,0,0,0,0,0,0,0,0,0,0,5,0,0,0,0,5,0,0,0,5,0,0,0,0,0,0,0,42,0,5,0,0,5,0,0,0,0,9,-10,20,-70,0,6,0.53,85.71,83.64,91.40,80.80,0,129,84,52,0,0,22,5,0,10,5
M16A_HUBROOM_PR.csv,2026-06-09 00:59,2026-06-09,00:59,1,1단계 조기경보,1,,32,관심,M16HUB,17,M16HUB,"M14(23:59,RA_sus+RC+SLA) → M16HUB(00:00,RA+RD) → M16B(00:00,RA_sus+RB+RB_fast) → M16A(00:02,RA+RA_sus+RD+SLA) → M16_WT(00:21,RA+RA_sus) → M16(00:41,RB+RB_fast)",,,17,5,0,5,5,0,0,0,RA+RD,RA_sus,,RA_sus,RA_sus,4.38,2.42,2.87,2.96,2.46,13,3,17,-36,22,0,100.00,7,"6ABL6011,6ABL6012,6ABL6031,6ABL6032,6ABL0111,6ABL0121,6ABL0122",14.15,0,12.83,9.40,0,31,13,47,21,0,"hot_area=M16HUB; S1조기경보; 발동: M16HUB[R-A'(AVGTOTALTIME1MIN=4.38분/기준9.0),R-D(FAB저장=0.0%,STB=100.0%)]; M14[R-A_sus]; M16A[R-A_sus]; M16B[R-A_sus]",10,0,0,0,0,7,0,0,0,0,5,0,0,0,0,0,0,0,0,0,0,0,0,0,0,0,0,0,5,0,0,0,0,0,0,0,0,5,0,0,0,0,0,0,0,32,0,0,0,0,5,0,0,0,0,3,-12,13,-33,3,22,0.50,83.28,83.64,91.17,82.87,0,133,88,74,0,0,17,5,0,5,5
M16A_HUBROOM_PR.csv,2026-06-09 01:00,2026-06-09,01:00,1,1단계 조기경보,1,,37,관심,M16HUB,22,M16HUB,"M16HUB(00:00,RA+RD) → M16B(00:00,RA_sus+RB+RB_fast) → M14(00:01,RA_sus+RC+SLA) → M16A(00:02,RA+RA_sus+RD+SLA) → M16_WT(00:21,RA+RA_sus) → M16(00:41,RB+RB_fast)",M16A_2F_TO_HUB=1.6x(주의),,22,5,0,5,0,0,0,0,RA+RA_sus+RD,RA_sus,,RA_sus,,11.11,2.60,2.96,2.53,2.30,23,13,15,-32,18,0,100.00,8,"6ABL6011,6ABL6012,6ABL6021,6ABL6022,6ABL6031,6ABL6032,6ABL0111,6ABL0121",14.04,0,12.75,6.87,0,35,15,44,22,0,"hot_area=M16HUB; S1조기경보; 발동: M16HUB[R-A'(AVGTOTALTIME1MIN=11.11분/기준9.0),R-A_sus,R-D(FAB저장=0.0%,STB=100.0%)]; M14[R-A_sus]; M16A[R-A_sus]; 흐름:M16A_2F_TO_HUB=1.6x(주의)",10,5,0,0,0,7,0,0,0,0,5,0,0,0,0,0,0,0,0,0,0,0,0,0,0,0,0,0,5,0,0,0,0,0,0,0,0,0,0,0,0,0,0,0,0,32,5,0,0,0,5,0,0,0,0,5,-4,11,-30,0,23,0.52,83.87,78.46,92.11,82.13,0,144,78,47,0,0,22,5,0,5,0
M16A_HUBROOM_PR.csv,2026-06-09 01:01,2026-06-09,01:01,3,3단계 ⭐확정,1,1→3,47,관심,M16HUB,17,M16HUB;M16,"M16HUB(00:01,RA+RD) → M14(00:01,RA_sus+RC+SLA) → M16B(00:01,RA_sus+RB+RB_fast) → M16A(00:02,RA+RA_sus+RD+SLA) → M16_WT(00:21,RA+RA_sus) → M16(00:41,RB+RB_fast)",,,17,5,0,5,5,15,0,0,RA+RD,RA_sus,,RA_sus,RB_fast,4.23,2.56,3.24,2.91,2.79,27,9,20,-22,21,0,100.00,6,"6ABL6011,6ABL6012,6ABL6021,6ABL6032,6ABL0111,6ABL0121",13.89,0,12.32,11.87,0,41,19,51,25,0,"hot_area=M16HUB; S3확정; 발동: M16HUB[R-A'(AVGTOTALTIME1MIN=4.23분/기준9.0),R-D(FAB저장=0.0%,STB=100.0%)]; M14[R-A_sus]; M16A[R-A_sus]; M16B[R-B_fast(+10/10분)]; M16[R-B(SENDQUEUETOTAL+35/30분/기준+20),R-B_fast(+28/10분)]",10,0,0,0,0,7,0,0,0,0,5,0,0,0,0,0,0,0,0,0,0,0,0,0,0,0,0,0,5,0,0,0,0,0,0,0,0,0,0,5,0,0,0,0,0,47,0,0,0,0,5,0,0,0,0,8,-8,9,0,10,20,0.53,82.99,76.33,92.34,82.27,0,127,88,96,0,0,17,5,0,5,5
M16A_HUBROOM_PR.csv,2026-06-09 01:02,2026-06-09,01:02,3,3단계 ⭐확정,3,,52,관심,M16HUB,22,M16HUB,"M14(00:02,RA_sus+RC+SLA) → M16A(00:02,RA+RA_sus+RD+SLA) → M16B(00:02,RA_sus+RB) → M16HUB(00:03,RA+RC) → M16_WT(00:21,RA+RA_sus) → M16(00:41,RB+RB_fast)",,,22,10,0,5,10,0,0,0,RA+RA_sus+RD,RA_sus+SLA,,RA_sus,RA_sus+RB_fast,10.54,2.56,2.96,2.76,3.23,57,20,22,-16,24,0,100.00,7,"6ABL6011,6ABL6012,6ABL6021,6ABL6032,6ABL0111,6ABL0121,6ABL0122",14.24,0,12.19,12.29,0,39,15,44,21,0,"hot_area=M16HUB; S3확정; 발동: M16HUB[R-A'(AVGTOTALTIME1MIN=10.54분/기준9.0),R-A_sus,R-D(FAB저장=0.0%,STB=100.0%)]; M14[R-A_sus,SLA(14.2%4분초과)]; M16A[R-A_sus]; M16B[R-A_sus,R-B_fast(+15/10분)]",10,5,0,0,0,7,0,0,0,0,5,0,0,0,0,5,0,0,0,0,0,0,0,0,0,0,0,0,5,0,0,0,0,0,0,0,0,5,0,5,0,0,0,0,0,47,0,5,0,0,5,0,0,0,0,5,3,6,7,15,32,0.55,80.66,77.39,88.81,79.03,0,137,78,87,0,0,22,10,0,5,10
M16A_HUBROOM_PR.csv,2026-06-09 01:03,2026-06-09,01:03,3,3단계 ⭐확정,3,,67,경계,M16B,20,M16HUB;M16B;M16,"M16HUB(00:03,RA+RC) → M16A(00:03,RA+RA_sus+SLA) → M16B(00:03,RA_sus+RB+RB_fast+SLA) → M14(00:17,RA_sus+RC+SLA) → M16_WT(00:21,RA+RA_sus) → M16(00:41,RB+RB_fast)",M16B_10F_TO_HUB=1.9x(주의),,17,5,0,5,20,15,0,0,RA+RD,RA_sus,,RA_sus,RA_sus+RB+RB_fast,4.45,2.74,2.93,2.81,2.63,20,18,1,-13,48,0,100.00,5,"6ABL6011,6ABL6012,6ABL6032,6ABL0111,6ABL0121",13.70,0,12.81,10.10,0,34,12,45,20,0,"hot_area=M16B; S3확정; 발동: M16HUB[R-A'(AVGTOTALTIME1MIN=4.45분/기준9.0),R-D(FAB저장=0.0%,STB=100.0%)]; M14[R-A_sus]; M16A[R-A_sus]; M16B[R-A_sus,R-B(10F_TO_HUB_JOB+48/30분/기준+30),R-B_fast(+43/10분)]; M16[R-B(SENDQUEUETOTAL+36/30분/기준+20),R-B_fast(+32/10분)]; 흐름:M16B_10F_TO_HUB=1.9x(주의)",10,0,0,0,0,7,0,0,0,0,5,0,0,0,0,0,0,0,0,0,0,0,0,0,0,0,0,0,5,0,0,0,0,0,0,0,0,5,10,5,0,0,0,0,0,62,5,0,0,0,5,0,0,0,0,1,-6,-12,4,43,5,0.59,86.20,77.53,91.64,87.00,0,136,93,81,0,0,17,5,0,5,20
M16A_HUBROOM_PR.csv,2026-06-09 01:04,2026-06-09,01:04,3,3단계 ⭐확정,3,,67,경계,M16HUB,22,M16HUB;M16B,"M16HUB(00:04,RA+RC) → M16A(00:04,RA+RA_sus+SLA) → M16B(00:05,RA_sus+RB_fast+SLA) → M14(00:17,RA_sus+RC+SLA) → M16_WT(00:21,RA+RA_sus) → M16(00:41,RB+RB_fast)",M16B_10F_TO_HUB=1.5x(주의),,22,5,0,10,20,0,0,0,RA+RA_sus+RD,RA_sus,,RA_sus+SLA,RA_sus+RB+RB_fast,13.40,2.66,3.00,2.70,2.85,21,28,-4,15,36,0,100.00,6,"6ABL6011,6ABL6012,6ABL6032,6ABL0111,6ABL0121,6ABL0122",13.21,0,13.22,10.07,0,34,13,44,20,0,"hot_area=M16HUB; S3확정; 발동: M16HUB[R-A'(AVGTOTALTIME1MIN=13.40분/기준9.0),R-A_sus,R-D(FAB저장=0.0%,STB=100.0%)]; M14[R-A_sus]; M16A[R-A_sus,SLA(13.2%4분초과)]; M16B[R-A_sus,R-B(10F_TO_HUB_JOB+36/30분/기준+30),R-B_fast(+34/10분)]; 흐름:M16B_10F_TO_HUB=1.5x(주의)",10,5,0,0,0,7,0,0,0,0,5,0,0,0,0,0,0,0,0,0,0,0,0,0,0,0,0,0,5,0,0,0,0,5,0,0,0,5,10,5,0,0,0,0,0,57,5,5,0,0,5,0,0,0,0,12,5,-16,19,34,1,0.65,86.20,78.59,91.52,85.82,0,119,87,74,0,0,22,5,0,10,20
M16A_HUBROOM_PR.csv,2026-06-09 01:05,2026-06-09,01:05,3,3단계 ⭐확정,3,,80,주의,M16HUB,25,M16HUB;M16A;M16,"M16HUB(00:05,RA+RB_fast+RC+RD) → M16A(00:05,RA+RA_sus+RB_fast+RD+SLA) → M16B(00:05,RA_sus+RB_fast+SLA) → M14(00:17,RA_sus+RC+SLA) → M16_WT(00:21,RA+RA_sus) → M16(00:41,RB+RB_fast)",M16B_10F_TO_HUB=1.8x(주의),,25,5,0,15,10,15,0,0,RA+RC+RD,RA_sus,,RA_sus+RB_fast+SLA,RA_sus+RB_fast,4.33,2.45,2.96,2.70,2.29,29,38,-22,6,21,0,100.00,5,"6ABL6011,6ABL6012,6ABL6022,6ABL0111,6ABL0122",12.08,0,14.34,8.65,0,32,11,43,17,0,"hot_area=M16HUB; S3확정; 발동: M16HUB[R-A'(AVGTOTALTIME1MIN=4.33분/기준9.0),R-C'(역증가5개:6ABL6011,6ABL6012,6ABL6022,6ABL0111,6ABL0122),R-D(FAB저장=0.0%,STB=100.0%)]; M14[R-A_sus]; M16A[R-A_sus,R-B_fast(+34/10분),SLA(14.3%4분초과)]; M16B[R-A_sus,R-B_fast(+39/10분)]; M16[R-B(SENDQUEUETOTAL+27/30분/기준+20),R-B_fast(+34/10분)]; 흐름:M16B_10F_TO_HUB=1.8x(주의)",10,0,0,0,8,7,0,0,0,0,5,0,0,0,0,0,0,0,0,0,0,0,0,0,0,0,0,0,5,0,5,0,0,5,0,0,0,5,0,5,0,0,0,0,0,70,5,5,0,0,5,0,0,0,0,14,16,-21,34,39,-5,0.66,87.95,77.26,92.58,89.51,0,122,106,71,0,0,25,5,0,15,10
M16A_HUBROOM_PR.csv,2026-06-09 01:06,2026-06-09,01:06,3,3단계 ⭐확정,3,,65,경계,M16HUB,30,M16HUB;M16A,"M16HUB(00:06,RA+RB_fast+RC+RD) → M16A(00:06,RA+RA_sus+RD+SLA) → M14(00:17,RA_sus+RC+SLA) → M16_WT(00:21,RA+RA_sus) → M16B(00:38,RA_sus+RB+RB_fast) → M16(00:41,RB+RB_fast)",,,30,5,0,15,10,0,0,0,RA+RA_sus+RC+RD,RA_sus,,RA_sus+RB_fast+SLA,RA_sus+RB_fast,11.07,2.61,3.02,3.15,2.51,-10,6,-17,29,8,0,100.00,4,"6ABL6011,6ABL6012,6ABL6022,6ABL6031",12.47,0,14.46,9.45,0,36,13,42,19,0,"hot_area=M16HUB; S3확정; 발동: M16HUB[R-A'(AVGTOTALTIME1MIN=11.07분/기준9.0),R-A_sus,R-C'(역증가4개:6ABL6011,6ABL6012,6ABL6022,6ABL6031),R-D(FAB저장=0.0%,STB=100.0%)]; M14[R-A_sus]; M16A[R-A_sus,R-B_fast(+49/10분),SLA(14.5%4분초과)]; M16B[R-A_sus,R-B_fast(+32/10분)]",10,5,0,0,8,7,0,0,0,0,5,0,0,0,0,0,0,0,0,0,0,0,0,0,0,0,0,0,5,0,5,0,0,5,0,0,0,5,0,5,0,0,0,0,0,60,0,5,0,0,5,0,0,0,0,-4,7,-15,49,32,-20,0.68,85.03,77.39,94.35,88.77,0,114,96,69,0,0,30,5,0,15,10
M16A_HUBROOM_PR.csv,2026-06-09 01:07,2026-06-09,01:07,3,3단계 ⭐확정,3,,60,관심,M16HUB,25,M16HUB;M16A,"M16HUB(00:07,RA+RC+RD) → M16A(00:07,RA+RA_sus+RD+SLA) → M14(00:17,RA_sus+RC+SLA) → M16_WT(00:21,RA+RA_sus) → M16B(00:38,RA_sus+RB+RB_fast) → M16(00:41,RB+RB_fast)",,,25,5,0,15,10,0,0,0,RA+RC+RD,RA_sus,,RA_sus+RB_fast+SLA,RA_sus+RB_fast,4.63,2.70,2.86,2.95,2.22,-20,2,-17,29,-11,0,100.00,3,"6ABL6011,6ABL6012,6ABL6021",12.71,0,14.78,10.19,0,36,11,40,17,0,"hot_area=M16HUB; S3확정; 발동: M16HUB[R-A'(AVGTOTALTIME1MIN=4.63분/기준9.0),R-C'(역증가3개:6ABL6011,6ABL6012,6ABL6021),R-D(FAB저장=0.0%,STB=100.0%)]; M14[R-A_sus]; M16A[R-A_sus,R-B_fast(+53/10분),SLA(14.8%4분초과)]; M16B[R-A_sus,R-B_fast(+10/10분)]",10,0,0,0,8,7,0,0,0,0,5,0,0,0,0,0,0,0,0,0,0,0,0,0,0,0,0,0,5,0,5,0,0,5,0,0,0,5,0,5,0,0,0,0,0,55,0,5,0,0,5,0,0,0,0,-6,2,-10,53,10,-22,0.68,83.77,75.80,93.40,90.25,0,119,103,79,0,0,25,5,0,15,10
M16A_HUBROOM_PR.csv,2026-06-09 01:08,2026-06-09,01:08,3,3단계 ⭐확정,3,,77,경계,M16HUB,30,M16HUB;M16A,"M16HUB(00:08,RA+RA_sus+RC+RD) → M16A(00:08,RA+RA_sus+RD+SLA) → M14(00:17,RA_sus+RC+SLA) → M16_WT(00:21,RA+RA_sus) → M16B(00:38,RA_sus+RB+RB_fast) → M16(00:41,RB+RB_fast)",,,30,5,0,22,10,0,0,5,RA+RA_sus+RC+RD,RA_sus,,RA_sus+RB_fast+RD+SLA,RA_sus+RB_fast,10.76,2.44,2.85,2.60,2.43,-35,-6,-18,23,-15,0,100.00,3,"6ABL6011,6ABL6012,6ABL0111",14.15,0,15.35,7.53,0,35,12,40,16,0,"hot_area=M16HUB; S3확정; 발동: M16HUB[R-A'(AVGTOTALTIME1MIN=10.76분/기준9.0),R-A_sus,R-C'(역증가3개:6ABL6011,6ABL6012,6ABL0111),R-D(FAB저장=0.0%,STB=100.0%)]; M14[R-A_sus]; M16A[R-A_sus,R-B_fast(+44/10분),R-D(OHT=95.2%),SLA(15.3%4분초과)]; M16B[R-A_sus,R-B_fast(+11/10분)]; M16_WT[R-A_sus]",10,5,0,0,8,7,0,0,0,0,5,0,0,0,0,0,0,0,0,0,0,0,0,0,0,0,0,0,5,0,5,0,7,5,0,0,0,5,0,5,0,0,0,0,0,72,0,5,0,0,5,0,0,0,0,-9,11,-18,44,11,-24,0.65,79.30,77.66,95.17,87.30,0,135,97,52,0,0,30,5,0,22,10
M16A_HUBROOM_PR.csv,2026-06-09 01:09,2026-06-09,01:09,3,3단계 ⭐확정,3,,72,경계,M16HUB,25,M16HUB;M16A,"M16HUB(00:09,RA+RC+RD) → M16A(00:09,RA+RA_sus+SLA) → M14(00:17,RA_sus+RC+SLA) → M16_WT(00:21,RA+RA_sus) → M16B(00:38,RA_sus+RB+RB_fast) → M16(00:41,RB+RB_fast)",,,25,5,0,22,10,0,0,5,RA+RC+RD,RA_sus,,RA_sus+RB_fast+RD+SLA,RA_sus+RB_fast,4.60,2.73,3.04,3.10,3.00,-30,-15,-12,23,-19,0,100.00,3,"6ABL6011,6ABL0111,6ABL0122",14.43,0,14.69,9.62,0,37,11,39,16,0,"hot_area=M16HUB; S3확정; 발동: M16HUB[R-A'(AVGTOTALTIME1MIN=4.60분/기준9.0),R-C'(역증가3개:6ABL6011,6ABL0111,6ABL0122),R-D(FAB저장=0.0%,STB=100.0%)]; M14[R-A_sus]; M16A[R-A_sus,R-B_fast(+37/10분),R-D(OHT=95.8%),SLA(14.7%4분초과)]; M16B[R-A_sus,R-B_fast(+10/10분)]; M16_WT[R-A_sus]",10,0,0,0,8,7,0,0,0,0,5,0,0,0,0,0,0,0,0,0,0,0,0,0,0,0,0,0,5,0,5,0,7,5,0,0,0,5,0,5,0,0,0,0,0,67,0,5,0,0,5,0,0,0,0,-5,7,-11,37,10,-15,0.68,80.66,77.53,95.76,87.30,0,141,104,75,0,0,25,5,0,22,10
M16A_HUBROOM_PR.csv,2026-06-09 01:10,2026-06-09,01:10,3,3단계 ⭐확정,3,,57,관심,M16HUB,22,M16HUB;M16A,"M16HUB(00:10,RA+RA_sus+RD) → M16A(00:10,RA+RA_sus+SLA) → M14(00:17,RA_sus+RC+SLA) → M16_WT(00:21,RA+RA_sus) → M16B(00:38,RA_sus+RB+RB_fast) → M16(00:41,RB+RB_fast)",,,22,5,0,15,5,0,0,5,RA+RA_sus+RD,RA_sus,,RA_sus+RB_fast+SLA,RA_sus,10.03,2.91,2.74,2.76,2.31,-26,-13,-22,20,-24,0,100.00,5,"6ABL6011,6ABL6012,6ABL6031,6ABL0111,6ABL0122",14.73,0,15.14,6.71,0,33,15,39,16,0,"hot_area=M16HUB; S3확정; 발동: M16HUB[R-A'(AVGTOTALTIME1MIN=10.03분/기준9.0),R-A_sus,R-D(FAB저장=0.0%,STB=100.0%)]; M14[R-A_sus]; M16A[R-A_sus,R-B_fast(+35/10분),SLA(15.1%4분초과)]; M16B[R-A_sus]; M16_WT[R-A_sus]",10,5,0,0,0,7,0,0,0,0,5,0,0,0,0,0,0,0,0,0,0,0,0,0,0,0,0,0,5,0,5,0,0,5,0,0,0,5,0,0,0,0,0,0,0,52,0,5,0,0,5,0,0,0,0,-10,-3,-20,35,2,7,0.66,82.51,78.06,94.58,81.09,0,127,96,47,0,0,22,5,0,15,5
M16A_HUBROOM_PR.csv,2026-06-09 01:11,2026-06-09,01:11,1,1단계 조기경보,3,3→1,55,관심,M16HUB,25,M16HUB,"M16HUB(00:11,RA+RC+RD) → M16A(00:11,RA+RA_sus+SLA) → M14(00:17,RA_sus+RC+SLA) → M16_WT(00:21,RA+RA_sus) → M16B(00:38,RA_sus+RB+RB_fast) → M16(00:41,RB+RB_fast)",,,25,5,0,10,5,0,0,5,RA+RC+RD,RA_sus,,RA_sus+SLA,RA_sus,4.14,2.76,2.76,2.72,2.80,-34,-14,-21,4,-26,0,100.00,4,"6ABL6011,6ABL6012,6ABL6031,6ABL0122",14.37,0,15.13,10.51,0,35,12,42,19,0,"hot_area=M16HUB; S1조기경보; 발동: M16HUB[R-A'(AVGTOTALTIME1MIN=4.14분/기준9.0),R-C'(역증가4개:6ABL6011,6ABL6012,6ABL6031,6ABL0122),R-D(FAB저장=0.0%,STB=100.0%)]; M14[R-A_sus]; M16A[R-A_sus,SLA(15.1%4분초과)]; M16B[R-A_sus]; M16_WT[R-A_sus]",10,0,0,0,8,7,0,0,0,0,5,0,0,0,0,0,0,0,0,0,0,0,0,0,0,0,0,0,5,0,0,0,0,5,0,0,0,5,0,0,0,0,0,0,0,50,0,5,0,0,5,0,0,0,0,-25,-2,-24,22,-15,-1,0.67,82.90,74.34,94.46,84.93,0,124,108,88,0,0,25,5,0,10,5
M16A_HUBROOM_PR.csv,2026-06-09 01:12,2026-06-09,01:12,1,1단계 조기경보,1,,75,경계,M16HUB,30,M16HUB;M16A,"M16HUB(00:12,RA+RA_sus+RC) → M16A(00:12,RA+RA_sus+RD+SLA) → M14(00:17,RA_sus+RC+SLA) → M16_WT(00:21,RA+RA_sus) → M16B(00:38,RA_sus+RB+RB_fast) → M16(00:41,RB+RB_fast)",,,30,13,0,17,5,0,0,5,RA+RA_sus+RC+RD,RA_sus+RC,,RA_sus+RD+SLA,RA_sus,11.12,2.54,2.82,3.00,3.25,-49,-26,-23,0,-30,0,100.00,3,"6ABL6011,6ABL6031,6ABL0122",14.29,0,15.88,11.13,0,33,13,43,18,0,"hot_area=M16HUB; S1조기경보; 발동: M16HUB[R-A'(AVGTOTALTIME1MIN=11.12분/기준9.0),R-A_sus,R-C'(역증가3개:6ABL6011,6ABL6031,6ABL0122),R-D(FAB저장=0.0%,STB=100.0%)]; M14[R-A_sus,R-C'(CNV쏠림)]; M16A[R-A_sus,R-D(OHT=95.0%),SLA(15.9%4분초과)]; M16B[R-A_sus]; M16_WT[R-A_sus]",10,5,0,0,8,7,0,0,0,0,5,0,0,8,0,0,0,0,0,0,0,0,0,0,0,0,0,0,5,0,0,0,7,5,0,0,0,5,0,0,0,0,0,0,0,70,0,5,0,0,5,0,0,0,0,-55,-16,-19,13,-29,-8,0.71,80.27,74.73,95.05,77.99,0,127,101,83,0,0,30,13,0,17,5
M16A_HUBROOM_PR.csv,2026-06-09 01:13,2026-06-09,01:13,1,1단계 조기경보,1,,49,관심,M16HUB,17,M16HUB;M16A,"M16HUB(00:13,RA+RC) → M16A(00:13,RA+RA_sus+SLA) → M14(00:17,RA_sus+RC+SLA) → M16_WT(00:21,RA+RA_sus) → M16B(00:38,RA_sus+RB+RB_fast) → M16(00:41,RB+RB_fast)",,,17,5,0,17,5,0,0,0,RA+RD,RA_sus,,RA_sus+RD+SLA,RA_sus,4.51,2.82,2.74,2.82,2.59,-15,-16,-7,-27,-30,0,100.00,4,"6ABL6011,6ABL6031,6ABL0112,6ABL0122",15.55,0,16.55,11.80,0,36,15,40,20,0,"hot_area=M16HUB; S1조기경보; 발동: M16HUB[R-A'(AVGTOTALTIME1MIN=4.51분/기준9.0),R-D(FAB저장=0.0%,STB=100.0%)]; M14[R-A_sus]; M16A[R-A_sus,R-D(OHT=96.1%),SLA(16.6%4분초과)]; M16B[R-A_sus]",10,0,0,0,0,7,0,0,0,0,5,0,0,0,0,0,0,0,0,0,0,0,0,0,0,0,0,0,5,0,0,0,7,5,0,0,0,5,0,0,0,0,0,0,0,44,0,5,0,0,5,0,0,0,0,-15,-10,1,6,-66,3,0.67,86.59,77.39,96.11,81.83,0,141,115,99,0,0,17,5,0,17,5
M16A_HUBROOM_PR.csv,2026-06-09 01:14,2026-06-09,01:14,1,1단계 조기경보,1,,67,경계,M16HUB,22,M16HUB,"M16HUB(00:14,RA+RA_sus+RC) → M16A(00:14,RA+RA_sus+SLA) → M14(00:17,RA_sus+RC+SLA) → M16_WT(00:21,RA+RA_sus) → M16B(00:38,RA_sus+RB+RB_fast) → M16(00:41,RB+RB_fast)",,,22,10,0,10,10,0,0,0,RA+RA_sus+RD,RA_sus+SLA,,RA_sus+SLA,RA_sus+SLA,7.07,2.61,2.78,2.88,2.93,-5,-6,-7,-28,-24,0,100.00,3,"6ABL6011,6ABL6032,6ABL0122",15.69,0,15.99,12.52,0,29,11,41,16,0,"hot_area=M16HUB; S1조기경보; 발동: M16HUB[R-A'(AVGTOTALTIME1MIN=7.07분/기준9.0),R-A_sus,R-D(FAB저장=0.0%,STB=100.0%)]; M14[R-A_sus,SLA(15.7%4분초과)]; M16A[R-A_sus,SLA(16.0%4분초과)]; M16B[R-A_sus,SLA(12.5%4분초과)]",10,5,0,0,0,7,0,0,0,0,5,0,0,0,0,5,0,0,0,0,0,0,0,0,0,0,0,0,5,0,0,0,0,5,0,0,0,5,0,0,0,0,5,0,0,52,0,15,0,0,4,0,0,0,0,-32,-12,1,-7,-54,5,0.65,84.26,76.86,94.11,83.46,0,150,99,95,0,0,22,10,0,10,10
M16A_HUBROOM_PR.csv,2026-06-09 01:15,2026-06-09,01:15,1,1단계 조기경보,1,,62,관심,M16HUB,17,M16HUB,"M16HUB(00:15,RA+RC) → M16A(00:15,RA+RA_sus+SLA) → M14(00:17,RA_sus+RC+SLA) → M16_WT(00:21,RA+RA_sus) → M16B(00:38,RA_sus+RB+RB_fast) → M16(00:41,RB+RB_fast)",,,17,10,0,10,10,0,0,0,RA+RD,RA_sus+SLA,,RA_sus+SLA,RA_sus+SLA,4.05,2.65,2.81,2.82,2.73,1,2,5,-32,-4,0,100.00,5,"6ABL6011,6ABL6031,6ABL6032,6ABL0112,6ABL0122",15.38,0,17.02,12.41,0,32,15,40,19,0,"hot_area=M16HUB; S1조기경보; 발동: M16HUB[R-A'(AVGTOTALTIME1MIN=4.05분/기준9.0),R-D(FAB저장=0.0%,STB=100.0%)]; M14[R-A_sus,SLA(15.4%4분초과)]; M16A[R-A_sus,SLA(17.0%4분초과)]; M16B[R-A_sus,SLA(12.4%4분초과)]",10,0,0,0,0,7,0,0,0,0,5,0,0,0,0,5,0,0,0,0,0,0,0,0,0,0,0,0,5,0,0,0,0,5,0,0,0,5,0,0,0,0,5,0,0,47,0,15,0,0,4,0,0,0,0,-25,-21,8,-10,-52,16,0.63,85.91,76.46,94.82,84.19,0,148,121,105,0,0,17,10,0,10,10
M16A_HUBROOM_PR.csv,2026-06-09 01:16,2026-06-09,01:16,1,1단계 조기경보,1,,62,관심,M16HUB,17,M16HUB,"M16HUB(00:16,RA+RA_sus+RC) → M16A(00:16,RA+RA_sus+SLA) → M14(00:17,RA_sus+RC+SLA) → M16_WT(00:21,RA+RA_sus) → M16B(00:38,RA_sus+RB+RB_fast) → M16(00:41,RB+RB_fast)",,,17,10,0,10,10,0,0,0,RA+RD,RA_sus+SLA,,RA_sus+SLA,RA_sus+SLA,5.01,2.69,2.70,3.03,2.99,-1,0,3,-49,6,0,100.00,5,"6ABL6011,6ABL6021,6ABL6031,6ABL6032,6ABL0122",16.08,0,17.47,12.90,0,35,15,47,21,0,"hot_area=M16HUB; S1조기경보; 발동: M16HUB[R-A'(AVGTOTALTIME1MIN=5.01분/기준9.0),R-D(FAB저장=0.0%,STB=100.0%)]; M14[R-A_sus,SLA(16.1%4분초과)]; M16A[R-A_sus,SLA(17.5%4분초과)]; M16B[R-A_sus,SLA(12.9%4분초과)]",10,0,0,0,0,7,0,0,0,0,5,0,0,0,0,5,0,0,0,0,0,0,0,0,0,0,0,0,5,0,0,0,0,5,0,0,0,5,0,0,0,0,5,0,0,47,0,15,0,0,3,0,0,0,0,-15,-17,6,-27,-24,13,0.61,84.74,78.46,93.64,83.75,0,141,112,97,0,0,17,10,0,10,10
M16A_HUBROOM_PR.csv,2026-06-09 01:17,2026-06-09,01:17,1,1단계 조기경보,1,,62,관심,M16HUB,17,M16HUB,"M14(00:17,RA_sus+RC+SLA) → M16A(00:17,RA+RA_sus+RB_fast+SLA) → M16HUB(00:18,RA+RA_sus+RC) → M16_WT(00:21,RA+RA_sus) → M16B(00:38,RA_sus+RB+RB_fast) → M16(00:41,RB+RB_fast)",,,17,10,0,10,10,0,0,0,RA+RD,RA_sus+SLA,,RA_sus+SLA,RA_sus+SLA,4.10,2.52,2.77,3.01,2.33,19,4,15,-42,7,0,100.00,6,"6ABL6011,6ABL6012,6ABL6021,6ABL6022,6ABL6031,6ABL0122",15.31,0,15.92,12.14,0,29,14,43,20,0,"hot_area=M16HUB; S1조기경보; 발동: M16HUB[R-A'(AVGTOTALTIME1MIN=4.10분/기준9.0),R-D(FAB저장=0.0%,STB=100.0%)]; M14[R-A_sus,SLA(15.3%4분초과)]; M16A[R-A_sus,SLA(15.9%4분초과)]; M16B[R-A_sus,SLA(12.1%4분초과)]",10,0,0,0,0,7,0,0,0,0,5,0,0,0,0,5,0,0,0,0,0,0,0,0,0,0,0,0,5,0,0,0,0,5,0,0,0,5,0,0,0,0,5,0,0,47,0,15,0,0,3,0,0,0,0,13,-6,14,-25,-3,18,0.58,84.16,82.58,94.35,88.63,0,141,113,102,0,0,17,10,0,10,10
M16A_HUBROOM_PR.csv,2026-06-09 01:18,2026-06-09,01:18,1,1단계 조기경보,1,,59,관심,M16HUB,17,M16HUB;M16A,"M16HUB(00:18,RA+RA_sus+RC) → M16A(00:18,RA+RA_sus+RB_fast+SLA) → M16_WT(00:21,RA+RA_sus) → M14(00:27,RA_sus+RB_fast+SLA) → M16B(00:38,RA_sus+RB+RB_fast) → M16(00:41,RB+RB_fast)",,,17,5,0,17,10,0,0,0,RA+RD,RA_sus,,RA_sus+RD+SLA,RA_sus+SLA,5.14,2.72,2.40,2.93,2.94,15,-5,15,-61,9,0,100.00,7,"6ABL6011,6ABL6012,6ABL6022,6ABL6031,6ABL0111,6ABL0121,6ABL0122",14.76,0,16.35,12.82,0,36,18,37,15,0,"hot_area=M16HUB; S1조기경보; 발동: M16HUB[R-A'(AVGTOTALTIME1MIN=5.14분/기준9.0),R-D(FAB저장=0.0%,STB=100.0%)]; M14[R-A_sus]; M16A[R-A_sus,R-D(OHT=95.3%),SLA(16.4%4분초과)]; M16B[R-A_sus,SLA(12.8%4분초과)]",10,0,0,0,0,7,0,0,0,0,5,0,0,0,0,0,0,0,0,0,0,0,0,0,0,0,0,0,5,0,0,0,7,5,0,0,0,5,0,0,0,0,5,0,0,49,0,10,0,0,2,0,0,0,0,15,-6,13,-35,-2,21,0.56,78.33,83.11,95.29,89.51,0,139,104,96,0,0,17,5,0,17,10
M16A_HUBROOM_PR.csv,2026-06-09 01:19,2026-06-09,01:19,1,1단계 조기경보,1,,67,경계,M16HUB,25,M16HUB;M16A,"M16HUB(00:19,RA+RC) → M16_WT(00:21,RA+RA_sus) → M16A(00:22,RA_sus+RB_fast+SLA) → M14(00:27,RA_sus+RB_fast+SLA) → M16B(00:38,RA_sus+RB+RB_fast) → M16(00:41,RB+RB_fast)",,,25,5,0,17,10,0,0,0,RA+RC+RD,RA_sus,,RA_sus+RD+SLA,RA_sus+SLA,4.68,2.59,2.81,2.99,2.42,24,9,10,-34,16,0,100.00,3,"6ABL6011,6ABL6031,6ABL0122",14.40,0,15.92,12.89,0,32,13,41,17,0,"hot_area=M16HUB; S1조기경보; 발동: M16HUB[R-A'(AVGTOTALTIME1MIN=4.68분/기준9.0),R-C'(역증가3개:6ABL6011,6ABL6031,6ABL0122),R-D(FAB저장=0.0%,STB=100.0%)]; M14[R-A_sus]; M16A[R-A_sus,R-D(OHT=97.6%),SLA(15.9%4분초과)]; M16B[R-A_sus,SLA(12.9%4분초과)]",10,0,0,0,8,7,0,0,0,0,5,0,0,0,0,0,0,0,0,0,0,0,0,0,0,0,0,0,5,0,0,0,7,5,0,0,0,5,0,0,0,0,5,0,0,57,0,10,0,0,2,0,0,0,0,26,14,8,-38,3,-7,0.63,81.34,80.59,97.64,91.29,0,140,113,103,0,0,25,5,0,17,10
M16A_HUBROOM_PR.csv,2026-06-09 01:20,2026-06-09,01:20,3,3단계 ⭐확정,1,1→3,82,주의,M16HUB,30,M16HUB;M16A,"M16HUB(00:20,RA+RA_sus+RC) → M16_WT(00:21,RA+RA_sus) → M16A(00:22,RA_sus+RB_fast+SLA) → M14(00:27,RA_sus+RB_fast+SLA) → M16B(00:38,RA_sus+RB+RB_fast) → M16(00:41,RB+RB_fast)",,,30,10,0,17,10,0,0,0,RA+RB_fast+RC+RD,RA_sus+SLA,,RA_sus+RD+SLA,RA_sus+SLA,5.61,2.40,2.80,2.73,2.44,28,9,12,-20,5,0,100.00,4,"6ABL6011,6ABL6031,6ABL6032,6ABL0122",14.53,0,16.11,9.96,0,36,15,36,15,0,"hot_area=M16HUB; S3확정; 발동: M16HUB[R-A'(AVGTOTALTIME1MIN=5.61분/기준9.0),R-B_fast(+33/10분),R-C'(역증가4개:6ABL6011,6ABL6031,6ABL6032,6ABL0122),R-D(FAB저장=0.0%,STB=100.0%)]; M14[R-A_sus,SLA(14.5%4분초과)]; M16A[R-A_sus,R-D(OHT=96.2%),SLA(16.1%4분초과)]; M16B[R-A_sus,SLA(10.0%4분초과)]",10,0,0,5,8,7,0,0,0,0,5,0,0,0,0,5,0,0,0,0,0,0,0,0,0,0,0,0,5,0,0,0,7,5,0,0,0,5,0,0,0,0,5,0,0,67,0,15,0,0,1,0,0,0,0,33,16,21,-25,3,-13,0.62,79.11,80.19,96.23,87.44,0,147,102,71,0,0,30,10,0,17,10
M16A_HUBROOM_PR.csv,2026-06-09 01:21,2026-06-09,01:21,3,3단계 ⭐확정,3,,90,주의,M16HUB,30,M16HUB;M16B;M16,"M16HUB(00:21,RA+RC+RD) → M16_WT(00:21,RA+RA_sus) → M16A(00:22,RA_sus+RB_fast+SLA) → M14(00:27,RA_sus+RB_fast+SLA) → M16B(00:38,RA_sus+RB+RB_fast) → M16(00:41,RB+RB_fast)",,,30,10,0,10,15,15,0,0,RA+RB_fast+RC+RD,RA_sus+RB_fast,,RA_sus+SLA,RA_sus+RB_fast+SLA,4.26,2.66,2.83,2.87,2.90,32,14,9,21,9,0,100.00,4,"6ABL6011,6ABL6022,6ABL6031,6ABL0121",14.41,0,17.41,13.19,0,38,15,43,17,0,"hot_area=M16HUB; S3확정; 발동: M16HUB[R-A'(AVGTOTALTIME1MIN=4.26분/기준9.0),R-B_fast(+49/10분),R-C'(역증가4개:6ABL6011,6ABL6022,6ABL6031,6ABL0121),R-D(FAB저장=0.0%,STB=100.0%)]; M14[R-A_sus,R-B_fast(+24/10분)]; M16A[R-A_sus,SLA(17.4%4분초과)]; M16B[R-A_sus,R-B_fast(+14/10분),SLA(13.2%4분초과)]; M16[R-B(SENDQUEUETOTAL+24/30분/기준+20),R-B_fast(+30/10분)]",10,0,0,5,8,7,0,0,0,0,5,0,5,0,0,0,0,0,0,0,0,0,0,0,0,0,0,0,5,0,0,0,0,5,0,0,0,5,0,5,0,0,5,0,0,80,0,10,0,0,1,0,0,0,0,49,24,24,-1,14,-15,0.57,76.00,81.38,93.29,89.51,0,131,128,110,0,0,30,10,0,10,15
M16A_HUBROOM_PR.csv,2026-06-09 01:22,2026-06-09,01:22,3,3단계 ⭐확정,3,,55,관심,M16HUB,20,M16HUB,"M16HUB(00:22,RA+RA_sus+RD) → M16A(00:22,RA_sus+RB_fast+SLA) → M16_WT(00:22,RA+RA_sus) → M14(00:27,RA_sus+RB_fast+SLA) → M16B(00:38,RA_sus+RB+RB_fast) → M16(00:41,RB+RB_fast)",,,20,10,0,10,10,0,0,0,RB_fast+RC+RD,RA_sus+RB_fast,,RA_sus+SLA,RA_sus+RB_fast,5.59,2.36,2.83,2.99,2.88,10,19,12,32,13,0,100.00,2,"6ABL6022,6ABL6031",13.42,0,16.79,13.54,0,39,16,37,15,0,"hot_area=M16HUB; S3확정; 발동: M16HUB[R-B_fast(+60/10분),R-C'(역증가2개:6ABL6022,6ABL6031),R-D(FAB저장=0.0%,STB=100.0%)]; M14[R-A_sus,R-B_fast(+32/10분)]; M16A[R-A_sus,SLA(16.8%4분초과)]; M16B[R-A_sus,R-B_fast(+27/10분)]",0,0,0,5,8,7,0,0,0,0,5,0,5,0,0,0,0,0,0,0,0,0,0,0,0,0,0,0,5,0,0,0,0,5,0,0,0,5,0,5,0,0,0,0,0,50,0,5,0,0,0,0,0,0,0,60,32,25,12,27,-26,0.61,77.16,81.78,93.64,93.06,0,124,112,99,0,0,20,10,0,10,10
M16A_HUBROOM_PR.csv,2026-06-09 01:23,2026-06-09,01:23,3,3단계 ⭐확정,3,,70,경계,M16HUB,20,M16HUB;M16,"M16HUB(00:23,RA+RD) → M16A(00:23,RA_sus+RB_fast+SLA) → M16_WT(00:23,RA+RA_sus) → M14(00:27,RA_sus+RB_fast+SLA) → M16B(00:38,RA_sus+RB+RB_fast) → M16(00:41,RB+RB_fast)",M16A_2F_TO_HUB=1.6x(주의),,20,5,0,10,10,15,0,0,RB_fast+RC+RD,RA_sus,,RA_sus+SLA,RA_sus+RB_fast,4.23,2.48,2.87,3.12,2.70,16,4,1,32,21,0,100.00,5,"6ABL6011,6ABL6022,6ABL6031,6ABL0111,6ABL0122",13.51,0,16.62,12.03,0,33,13,34,18,0,"hot_area=M16HUB; S3확정; 발동: M16HUB[R-B_fast(+30/10분),R-C'(역증가5개:6ABL6011,6ABL6022,6ABL6031,6ABL0111,6ABL0122),R-D(FAB저장=0.0%,STB=100.0%)]; M14[R-A_sus]; M16A[R-A_sus,SLA(16.6%4분초과)]; M16B[R-A_sus,R-B_fast(+44/10분)]; M16[R-B(SENDQUEUETOTAL+23/30분/기준+20),R-B_fast(+27/10분)]; 흐름:M16A_2F_TO_HUB=1.6x(주의)",0,0,0,5,8,7,0,0,0,0,5,0,0,0,0,0,0,0,0,0,0,0,0,0,0,0,0,0,5,0,0,0,0,5,0,0,0,5,0,5,0,0,0,0,0,60,5,5,0,0,0,0,0,0,0,30,20,12,22,44,-11,0.61,77.94,79.65,91.87,89.51,0,125,122,97,0,0,20,5,0,10,10
M16A_HUBROOM_PR.csv,2026-06-09 01:24,2026-06-09,01:24,3,3단계 ⭐확정,3,,47,관심,M16A,15,M16A,"M16HUB(00:24,RA+RA_sus+RD) → M16_WT(00:24,RA+RA_sus) → M14(00:27,RA_sus+RB_fast+SLA) → M16A(00:31,RA_sus+RD+SLA) → M16B(00:38,RA_sus+RB+RB_fast) → M16(00:41,RB+RB_fast)",M16A_2F_TO_HUB=1.6x(주의),,7,5,0,15,10,0,0,0,RD,RA_sus,,RA_sus+RB_fast+SLA,RA_sus+RB_fast,6.25,2.62,2.86,3.04,2.78,-7,1,-8,44,19,0,100.00,4,"6ABL6021,6ABL6022,6ABL6031,6ABL0111",13.11,0,16.03,12.28,0,35,15,37,18,0,"hot_area=M16A; S3확정; 발동: M16HUB[R-D(FAB저장=0.0%,STB=100.0%)]; M14[R-A_sus]; M16A[R-A_sus,R-B_fast(+32/10분),SLA(16.0%4분초과)]; M16B[R-A_sus,R-B_fast(+39/10분)]; 흐름:M16A_2F_TO_HUB=1.6x(주의)",0,0,0,0,0,7,0,0,0,0,5,0,0,0,0,0,0,0,0,0,0,0,0,0,0,0,0,0,5,0,5,0,0,5,0,0,0,5,0,5,0,0,0,0,0,37,5,5,0,0,0,0,0,0,0,13,8,7,32,39,0,0.62,76.38,78.46,90.81,88.04,0,127,105,89,0,0,7,5,0,15,10
M16A_HUBROOM_PR.csv,2026-06-09 01:25,2026-06-09,01:25,3,3단계 ⭐확정,3,,62,관심,M16A,15,M16A;M16,"M16_WT(00:25,RA+RA_sus) → M16HUB(00:26,RA+RA_sus+RB_fast) → M14(00:27,RA_sus+RB_fast+SLA) → M16A(00:31,RA_sus+RD+SLA) → M16B(00:38,RA_sus+RB+RB_fast) → M16(00:41,RB+RB_fast)",M16A_2F_TO_HUB=1.8x(주의),,7,5,0,15,10,15,0,0,RD,RA_sus,,RA_sus+RB_fast+SLA,RA_sus+RB_fast,4.35,2.63,2.80,2.81,2.64,0,-4,-8,66,13,0,99.41,4,"6ABL6021,6ABL6022,6ABL0111,6ABL0112",12.92,0,15.14,12.32,0,31,13,40,19,0,"hot_area=M16A; S3확정; 발동: M16HUB[R-D(FAB저장=0.0%,STB=99.4%)]; M14[R-A_sus]; M16A[R-A_sus,R-B_fast(+42/10분),SLA(15.1%4분초과)]; M16B[R-A_sus,R-B_fast(+26/10분)]; M16[R-B(SENDQUEUETOTAL+35/30분/기준+20),R-B_fast(+36/10분)]; 흐름:M16A_2F_TO_HUB=1.8x(주의)",0,0,0,0,0,7,0,0,0,0,5,0,0,0,0,0,0,0,0,0,0,0,0,0,0,0,0,0,5,0,5,0,0,5,0,0,0,5,0,5,0,0,0,0,0,52,5,5,0,0,0,0,0,0,0,11,1,5,42,26,3,0.63,78.13,77.93,89.05,87.74,0,128,112,104,0,0,7,5,0,15,10
M16A_HUBROOM_PR.csv,2026-06-09 01:26,2026-06-09,01:26,3,3단계 ⭐확정,3,,42,관심,M16A,15,M16A,"M16HUB(00:26,RA+RA_sus+RB_fast) → M16_WT(00:26,RA+RA_sus) → M14(00:27,RA_sus+RB_fast+SLA) → M16A(00:31,RA_sus+RD+SLA) → M16B(00:38,RA_sus+RB+RB_fast) → M16(00:41,RB+RB_fast)",M16A_2F_TO_HUB=1.5x(주의),,7,5,0,15,5,0,0,0,RD,RA_sus,,RA_sus+RB_fast+SLA,RA_sus,6.54,2.37,2.89,2.64,2.71,-18,-12,-2,75,13,0,99.41,6,"6ABL6012,6ABL6022,6ABL6032,6ABL0111,6ABL0112,6ABL0122",12.70,0,16.07,12.55,0,30,12,36,18,0,"hot_area=M16A; S3확정; 발동: M16HUB[R-D(FAB저장=0.0%,STB=99.4%)]; M14[R-A_sus]; M16A[R-A_sus,R-B_fast(+53/10분),SLA(16.1%4분초과)]; M16B[R-A_sus]; 흐름:M16A_2F_TO_HUB=1.5x(주의)",0,0,0,0,0,7,0,0,0,0,5,0,0,0,0,0,0,0,0,0,0,0,0,0,0,0,0,0,5,0,5,0,0,5,0,0,0,5,0,0,0,0,0,0,0,32,5,5,0,0,0,0,0,0,0,1,-2,7,53,5,13,0.61,74.34,77.13,91.76,84.19,0,111,107,95,0,0,7,5,0,15,5
M16A_HUBROOM_PR.csv,2026-06-09 01:27,2026-06-09,01:27,3,3단계 ⭐확정,3,,37,관심,M16A,15,M16A,"M16HUB(00:27,RA+RB_fast) → M14(00:27,RA_sus+RB_fast+SLA) → M16_WT(00:27,RA+RA_sus) → M16A(00:31,RA_sus+RD+SLA) → M16B(00:38,RA_sus+RB+RB_fast) → M16(00:41,RB+RB_fast)",,,7,5,0,15,5,0,0,0,RD,RA_sus,,RA_sus+RB_fast+SLA,RA_sus,5.10,2.44,2.75,2.67,2.47,-18,-20,-5,74,-5,0,99.41,7,"6ABL6012,6ABL6031,6ABL6032,6ABL0111,6ABL0112,6ABL0121,6ABL0122",12.38,0,15.63,11.57,0,32,14,35,18,0,"hot_area=M16A; S3확정; 발동: M16HUB[R-D(FAB저장=0.0%,STB=99.4%)]; M14[R-A_sus]; M16A[R-A_sus,R-B_fast(+46/10분),SLA(15.6%4분초과)]; M16B[R-A_sus]",0,0,0,0,0,7,0,0,0,0,5,0,0,0,0,0,0,0,0,0,0,0,0,0,0,0,0,0,5,0,5,0,0,5,0,0,0,5,0,0,0,0,0,0,0,32,0,5,0,0,0,0,0,0,0,-25,-16,-9,46,-12,29,0.64,74.05,77.13,92.11,84.93,0,113,113,96,0,0,7,5,0,15,5
M16A_HUBROOM_PR.csv,2026-06-09 01:28,2026-06-09,01:28,3,3단계 ⭐확정,3,,42,관심,M16A,15,M16A,"M16HUB(00:28,RA_sus+RB_fast+RD) → M14(00:28,RA_sus+RB_fast+SLA) → M16_WT(00:28,RA+RA_sus) → M16A(00:31,RA_sus+RD+SLA) → M16B(00:38,RA_sus+RB+RB_fast) → M16(00:41,RB+RB_fast)",,,12,5,0,15,5,0,0,0,RA_sus+RD,RA_sus,,RA_sus+RB_fast+SLA,RA_sus,6.41,2.37,2.80,2.85,2.70,-34,-17,-20,79,-10,0.59,99.41,6,"6ABL6012,6ABL6022,6ABL6032,6ABL0112,6ABL0121,6ABL0122",12.30,0,15.90,12.25,0,36,15,35,19,0,"hot_area=M16A; S3확정; 발동: M16HUB[R-A_sus,R-D(FAB저장=0.6%,STB=99.4%)]; M14[R-A_sus]; M16A[R-A_sus,R-B_fast(+70/10분),SLA(15.9%4분초과)]; M16B[R-A_sus]",0,5,0,0,0,7,0,0,0,0,5,0,0,0,0,0,0,0,0,0,0,0,0,0,0,0,0,0,5,0,5,0,0,5,0,0,0,5,0,0,0,0,0,0,0,37,0,5,0,0,0,0,0,0,0,-40,-22,-15,70,-19,26,0.65,72.98,78.59,87.99,81.98,0,114,103,92,0,0,12,5,0,15,5
M16A_HUBROOM_PR.csv,2026-06-09 01:29,2026-06-09,01:29,3,3단계 ⭐확정,3,,37,관심,M16A,15,M16A,"M16HUB(00:29,RC+RD) → M16_WT(00:29,RA+RA_sus) → M14(00:31,RA_sus+RC+SLA) → M16A(00:31,RA_sus+RD+SLA) → M16B(00:38,RA_sus+RB+RB_fast) → M16(00:41,RB+RB_fast)",,,7,5,0,15,5,0,0,0,RD,RA_sus,,RA_sus+RB_fast+SLA,RA_sus,4.97,2.60,2.88,2.72,2.62,-43,-19,-22,49,-21,0.59,99.41,4,"6ABL6012,6ABL6021,6ABL6022,6ABL0121",12.00,0,16.49,12.04,0,34,15,33,19,0,"hot_area=M16A; S3확정; 발동: M16HUB[R-D(FAB저장=0.6%,STB=99.4%)]; M14[R-A_sus]; M16A[R-A_sus,R-B_fast(+50/10분),SLA(16.5%4분초과)]; M16B[R-A_sus]",0,0,0,0,0,7,0,0,0,0,5,0,0,0,0,0,0,0,0,0,0,0,0,0,0,0,0,0,5,0,5,0,0,5,0,0,0,5,0,0,0,0,0,0,0,32,0,5,0,0,0,0,0,0,0,-64,-40,-19,50,-34,8,0.63,73.96,78.46,89.87,77.55,0,112,121,99,0,0,7,5,0,15,5
M16A_HUBROOM_PR.csv,2026-06-09 01:30,2026-06-09,01:30,3,3단계 ⭐확정,3,,42,관심,M16A,15,M16A,"M16_WT(00:30,RA+RA_sus) → M16HUB(00:31,RC+RD) → M14(00:31,RA_sus+RC+SLA) → M16A(00:31,RA_sus+RD+SLA) → M16B(00:38,RA_sus+RB+RB_fast) → M16(00:41,RB+RB_fast)",,,12,5,0,15,5,0,0,0,RA_sus+RD,RA_sus,,RA_sus+RB_fast+SLA,RA_sus,6.67,2.35,2.77,2.91,2.32,-45,-25,-19,46,-23,0,100.00,4,"6ABL6012,6ABL6021,6ABL6022,6ABL0121",11.69,0,14.63,9.50,0,37,15,36,21,0,"hot_area=M16A; S3확정; 발동: M16HUB[R-A_sus,R-D(FAB저장=0.0%,STB=100.0%)]; M14[R-A_sus]; M16A[R-A_sus,R-B_fast(+36/10분),SLA(14.6%4분초과)]; M16B[R-A_sus]",0,5,0,0,0,7,0,0,0,0,5,0,0,0,0,0,0,0,0,0,0,0,0,0,0,0,0,0,5,0,5,0,0,5,0,0,0,5,0,0,0,0,0,0,0,37,0,5,0,0,0,0,0,0,0,-68,-38,-20,36,-28,7,0.63,76.38,81.65,93.17,76.96,0,115,97,70,0,0,12,5,0,15,5
M16A_HUBROOM_PR.csv,2026-06-09 01:31,2026-06-09,01:31,1,1단계 조기경보,3,3→1,32,관심,M16A,10,,"M16HUB(00:31,RC+RD) → M14(00:31,RA_sus+RC+SLA) → M16A(00:31,RA_sus+RD+SLA) → M16B(00:38,RA_sus+RB+RB_fast) → M16(00:41,RB+RB_fast)",,,7,5,0,10,5,0,0,0,RD,RA_sus,,RA_sus+SLA,RA_sus,4.30,2.55,2.80,2.65,2.75,-42,-16,-19,40,-35,0,100.00,6,"6ABL6012,6ABL6021,6ABL6022,6ABL6031,6ABL0121,6ABL0122",12.08,0,15.54,11.35,0,37,14,30,15,0,"hot_area=M16A; S1조기경보; 발동: M16HUB[R-D(FAB저장=0.0%,STB=100.0%)]; M14[R-A_sus]; M16A[R-A_sus,SLA(15.5%4분초과)]; M16B[R-A_sus]",0,0,0,0,0,7,0,0,0,0,5,0,0,0,0,0,0,0,0,0,0,0,0,0,0,0,0,0,5,0,0,0,0,5,0,0,0,5,0,0,0,0,0,0,0,27,0,5,0,0,0,0,0,0,0,-66,-38,-19,19,-34,8,0.65,75.22,81.78,94.46,77.70,0,107,117,101,0,0,7,5,0,10,5
M16A_HUBROOM_PR.csv,2026-06-09 01:32,2026-06-09,01:32,1,1단계 조기경보,1,,37,관심,M16HUB,12,,"M16HUB(00:32,RC+RD) → M14(00:32,RA_sus+RC+SLA) → M16B(00:38,RA_sus+RB+RB_fast) → M16(00:41,RB+RB_fast) → M16A(00:44,RA_sus+RB_fast+SLA)",,,12,5,0,10,5,0,0,0,RA_sus+RD,RA_sus,,RA_sus+SLA,RA_sus,6.92,2.53,3.06,3.12,2.61,-70,-21,-18,31,-28,0,100.00,7,"6ABL6012,6ABL6021,6ABL6022,6ABL6031,6ABL0111,6ABL0121,6ABL0122",12.25,0,15.21,11.68,0,35,14,35,17,0,"hot_area=M16HUB; S1조기경보; 발동: M16HUB[R-A_sus,R-D(FAB저장=0.0%,STB=100.0%)]; M14[R-A_sus]; M16A[R-A_sus,SLA(15.2%4분초과)]; M16B[R-A_sus]",0,5,0,0,0,7,0,0,0,0,5,0,0,0,0,0,0,0,0,0,0,0,0,0,0,0,0,0,5,0,0,0,0,5,0,0,0,5,0,0,0,0,0,0,0,32,0,5,0,0,0,0,0,0,0,-75,-37,-24,6,-26,12,0.60,76.87,84.97,93.40,76.96,0,116,103,94,0,0,12,5,0,10,5
M16A_HUBROOM_PR.csv,2026-06-09 01:33,2026-06-09,01:33,1,1단계 조기경보,1,,32,관심,M16A,10,,"M16HUB(00:33,RC+RD) → M16B(00:38,RA_sus+RB+RB_fast) → M14(00:39,RA_sus+RB_fast+SLA) → M16(00:41,RB+RB_fast) → M16A(00:44,RA_sus+RB_fast+SLA)",,,7,5,0,10,5,0,0,0,RD,RA_sus,,RA_sus+SLA,RA_sus,5.08,2.50,3.04,3.02,2.32,-34,-15,2,23,-44,0,100.00,5,"6ABL6012,6ABL6021,6ABL6022,6ABL6032,6ABL0122",11.49,0,15.03,8.77,0,34,15,32,16,0,"hot_area=M16A; S1조기경보; 발동: M16HUB[R-D(FAB저장=0.0%,STB=100.0%)]; M14[R-A_sus]; M16A[R-A_sus,SLA(15.0%4분초과)]; M16B[R-A_sus]",0,0,0,0,0,7,0,0,0,0,5,0,0,0,0,0,0,0,0,0,0,0,0,0,0,0,0,0,5,0,0,0,0,5,0,0,0,5,0,0,0,0,0,0,0,27,0,5,0,0,0,0,0,0,0,-49,-25,-11,-5,-22,14,0.60,80.47,85.24,92.82,81.54,0,108,110,77,0,0,7,5,0,10,5
M16A_HUBROOM_PR.csv,2026-06-09 01:34,2026-06-09,01:34,1,1단계 조기경보,1,,37,관심,M16HUB,12,,"M16HUB(00:34,RC+RD) → M16B(00:38,RA_sus+RB+RB_fast) → M14(00:39,RA_sus+RB_fast+SLA) → M16(00:41,RB+RB_fast) → M16A(00:44,RA_sus+RB_fast+SLA)",,,12,5,0,10,5,0,0,0,RA_sus+RD,RA_sus,,RA_sus+SLA,RA_sus,6.62,2.16,3.07,2.77,2.68,-47,-31,-2,1,-30,0,100.00,4,"6ABL6021,6ABL6022,6ABL6031,6ABL0122",11.88,0,15.38,8.52,0,34,14,30,17,0,"hot_area=M16HUB; S1조기경보; 발동: M16HUB[R-A_sus,R-D(FAB저장=0.0%,STB=100.0%)]; M14[R-A_sus]; M16A[R-A_sus,SLA(15.4%4분초과)]; M16B[R-A_sus]",0,5,0,0,0,7,0,0,0,0,5,0,0,0,0,0,0,0,0,0,0,0,0,0,0,0,0,0,5,0,0,0,0,5,0,0,0,5,0,0,0,0,0,0,0,32,0,5,0,0,0,0,0,0,0,-28,-27,-10,-24,-15,1,0.59,80.76,85.11,92.46,83.16,0,113,100,68,0,0,12,5,0,10,5
M16A_HUBROOM_PR.csv,2026-06-09 01:35,2026-06-09,01:35,1,1단계 조기경보,1,,40,관심,M16HUB,15,M16HUB,"M16HUB(00:36,RC+RD) → M16B(00:38,RA_sus+RB+RB_fast) → M14(00:39,RA_sus+RB_fast+SLA) → M16(00:41,RB+RB_fast) → M16A(00:44,RA_sus+RB_fast+SLA)",,,15,5,0,10,5,0,0,0,RC+RD,RA_sus,,RA_sus+SLA,RA_sus,3.84,2.49,3.03,2.83,2.51,-49,-36,9,-1,-35,0,100.00,5,"6ABL6021,6ABL6022,6ABL6031,6ABL0111,6ABL0122",11.62,0,15.98,8.17,0,35,13,28,16,0,"hot_area=M16HUB; S1조기경보; 발동: M16HUB[R-C'(역증가5개:6ABL6021,6ABL6022,6ABL6031,6ABL0111,6ABL0122),R-D(FAB저장=0.0%,STB=100.0%)]; M14[R-A_sus]; M16A[R-A_sus,SLA(16.0%4분초과)]; M16B[R-A_sus]",0,0,0,0,8,7,0,0,0,0,5,0,0,0,0,0,0,0,0,0,0,0,0,0,0,0,0,0,5,0,0,0,0,5,0,0,0,5,0,0,0,0,0,0,0,35,0,5,0,0,0,0,0,0,0,-35,-16,-4,-33,-9,-15,0.59,76.77,83.78,90.81,85.23,0,112,121,72,0,0,15,5,0,10,5
M16A_HUBROOM_PR.csv,2026-06-09 01:36,2026-06-09,01:36,1,1단계 조기경보,1,,37,관심,M16HUB,12,,"M16HUB(00:36,RC+RD) → M16B(00:38,RA_sus+RB+RB_fast) → M14(00:39,RA_sus+RB_fast+SLA) → M16(00:41,RB+RB_fast) → M16A(00:44,RA_sus+RB_fast+SLA)",,,12,5,0,10,5,0,0,0,RA_sus+RD,RA_sus,,RA_sus+SLA,RA_sus,6.06,2.47,2.97,3.10,2.56,-43,-27,2,-22,-32,0,100.00,5,"6ABL6012,6ABL6021,6ABL6022,6ABL0111,6ABL0122",11.51,0,15.63,8.01,0,30,11,35,19,0,"hot_area=M16HUB; S1조기경보; 발동: M16HUB[R-A_sus,R-D(FAB저장=0.0%,STB=100.0%)]; M14[R-A_sus]; M16A[R-A_sus,SLA(15.6%4분초과)]; M16B[R-A_sus]",0,5,0,0,0,7,0,0,0,0,5,0,0,0,0,0,0,0,0,0,0,0,0,0,0,0,0,0,5,0,0,0,0,5,0,0,0,5,0,0,0,0,0,0,0,32,0,5,0,0,0,0,0,0,0,-29,-8,-11,-48,-13,5,0.57,77.65,85.37,88.81,78.58,0,99,106,63,0,0,12,5,0,10,5
M16A_HUBROOM_PR.csv,2026-06-09 01:37,2026-06-09,01:37,1,1단계 조기경보,1,,32,관심,M16A,10,,"M16B(00:38,RA_sus+RB+RB_fast) → M14(00:39,RA_sus+RB_fast+SLA) → M16HUB(00:40,RA+RA_sus+RB_fast+RC) → M16(00:41,RB+RB_fast) → M16A(00:44,RA_sus+RB_fast+SLA)",,,7,5,0,10,5,0,0,0,RD,RA_sus,,RA_sus+SLA,RA_sus,3.99,2.51,2.96,2.79,2.37,-16,-10,4,-19,-17,0,100.00,5,"6ABL6011,6ABL6022,6ABL0111,6ABL0112,6ABL0122",10.92,0,17.12,7.56,0,31,11,33,18,0,"hot_area=M16A; S1조기경보; 발동: M16HUB[R-D(FAB저장=0.0%,STB=100.0%)]; M14[R-A_sus]; M16A[R-A_sus,SLA(17.1%4분초과)]; M16B[R-A_sus]",0,0,0,0,0,7,0,0,0,0,5,0,0,0,0,0,0,0,0,0,0,0,0,0,0,0,0,0,5,0,0,0,0,5,0,0,0,5,0,0,0,0,0,0,0,27,0,5,0,0,0,0,0,0,0,-4,12,-1,-40,-2,0,0.54,78.43,83.11,90.22,81.54,0,97,127,65,0,0,7,5,0,10,5
M16A_HUBROOM_PR.csv,2026-06-09 01:38,2026-06-09,01:38,3,3단계 ⭐확정,1,1→3,50,관심,M16HUB,20,M16HUB,"M16B(00:38,RA_sus+RB+RB_fast) → M14(00:39,RA_sus+RB_fast+SLA) → M16HUB(00:40,RA+RA_sus+RB_fast+RC) → M16(00:41,RB+RB_fast) → M16A(00:44,RA_sus+RB_fast+SLA)",,,20,10,0,10,5,0,0,0,RA_sus+RC+RD,RA_sus+RB_fast,,RA_sus+SLA,RA_sus,7.21,2.53,2.87,3.14,2.43,-2,-3,3,-9,-22,0,100.00,3,"6ABL6021,6ABL0111,6ABL0112",10.95,0,17.62,7.80,0,31,11,29,16,0,"hot_area=M16HUB; S3확정; 발동: M16HUB[R-A_sus,R-C'(역증가3개:6ABL6021,6ABL0111,6ABL0112),R-D(FAB저장=0.0%,STB=100.0%)]; M14[R-A_sus,R-B_fast(+25/10분)]; M16A[R-A_sus,SLA(17.6%4분초과)]; M16B[R-A_sus]",0,5,0,0,8,7,0,0,0,0,5,0,5,0,0,0,0,0,0,0,0,0,0,0,0,0,0,0,5,0,0,0,0,5,0,0,0,5,0,0,0,0,0,0,0,45,0,5,0,0,0,0,0,0,0,23,25,5,-44,-1,-19,0.52,77.36,79.79,88.93,80.35,0,100,117,60,0,0,20,10,0,10,5
M16A_HUBROOM_PR.csv,2026-06-09 01:39,2026-06-09,01:39,3,3단계 ⭐확정,3,,55,관심,M16HUB,20,M16HUB,"M14(00:39,RA_sus+RB_fast+SLA) → M16B(00:39,RA_sus+RB+RB_fast) → M16HUB(00:40,RA+RA_sus+RB_fast+RC) → M16(00:41,RB+RB_fast) → M16A(00:44,RA_sus+RB_fast+SLA)",,,20,10,0,10,10,0,0,0,RB_fast+RC+RD,RA_sus+RB_fast,,RA_sus+SLA,RA_sus+RB_fast,3.95,2.38,2.94,2.84,2.49,-8,1,-3,-15,-13,0,100.00,4,"6ABL6021,6ABL0111,6ABL0112,6ABL0122",10.78,0,18.11,8.08,0,33,14,31,17,0,"hot_area=M16HUB; S3확정; 발동: M16HUB[R-B_fast(+30/10분),R-C'(역증가4개:6ABL6021,6ABL0111,6ABL0112,6ABL0122),R-D(FAB저장=0.0%,STB=100.0%)]; M14[R-A_sus,R-B_fast(+27/10분)]; M16A[R-A_sus,SLA(18.1%4분초과)]; M16B[R-A_sus,R-B_fast(+18/10분)]",0,0,0,5,8,7,0,0,0,0,5,0,5,0,0,0,0,0,0,0,0,0,0,0,0,0,0,0,5,0,0,0,0,5,0,0,0,5,0,5,0,0,0,0,0,50,0,5,0,0,0,0,0,0,0,30,27,8,-27,18,-9,0.51,76.19,79.39,87.51,82.42,0,102,134,68,0,0,20,10,0,10,10
M16A_HUBROOM_PR.csv,2026-06-09 01:40,2026-06-09,01:40,3,3단계 ⭐확정,3,,55,관심,M16HUB,20,M16HUB,"M16HUB(00:40,RA+RA_sus+RB_fast+RC) → M16(00:41,RB+RB_fast) → M14(00:43,RA_sus+RB_fast+RC) → M16A(00:44,RA_sus+RB_fast+SLA) → M16B(01:03,RA_sus+RB+RB_fast)",,,20,10,0,10,10,0,0,0,RA_sus+RC+RD,RA_sus+RB_fast,,RA_sus+SLA,RA_sus+RB_fast,6.16,2.47,2.95,2.76,2.84,-6,5,1,-7,-4,0,100.00,3,"6ABL6021,6ABL6022,6ABL0111",10.83,0,16.79,8.39,0,34,13,36,18,0,"hot_area=M16HUB; S3확정; 발동: M16HUB[R-A_sus,R-C'(역증가3개:6ABL6021,6ABL6022,6ABL0111),R-D(FAB저장=0.0%,STB=100.0%)]; M14[R-A_sus,R-B_fast(+27/10분)]; M16A[R-A_sus,SLA(16.8%4분초과)]; M16B[R-A_sus,R-B_fast(+21/10분)]",0,5,0,0,8,7,0,0,0,0,5,0,5,0,0,0,0,0,0,0,0,0,0,0,0,0,0,0,5,0,0,0,0,5,0,0,0,5,0,5,0,0,0,0,0,50,0,5,0,0,0,0,0,0,0,29,27,0,-18,21,-8,0.51,75.32,76.99,86.34,83.46,0,103,112,63,0,0,20,10,0,10,10
M16A_HUBROOM_PR.csv,2026-06-09 01:41,2026-06-09,01:41,3,3단계 ⭐확정,3,,60,관심,M16HUB,15,M16HUB;M16,"M16HUB(00:41,RA+RB_fast+RC) → M16(00:41,RB+RB_fast) → M14(00:43,RA_sus+RB_fast+RC) → M16A(00:44,RA_sus+RB_fast+SLA) → M16B(01:03,RA_sus+RB+RB_fast)",,,15,5,0,10,10,15,0,0,RC+RD,RA_sus,,RA_sus+SLA,RA_sus+RB_fast,4.14,2.46,3.17,2.67,2.53,-4,5,2,6,8,0,100.00,4,"6ABL6021,6ABL6022,6ABL0112,6ABL0122",10.13,0,15.95,9.27,0,36,13,36,19,0,"hot_area=M16HUB; S3확정; 발동: M16HUB[R-C'(역증가4개:6ABL6021,6ABL6022,6ABL0112,6ABL0122),R-D(FAB저장=0.0%,STB=100.0%)]; M14[R-A_sus]; M16A[R-A_sus,SLA(15.9%4분초과)]; M16B[R-A_sus,R-B_fast(+28/10분)]; M16[R-B(SENDQUEUETOTAL+37/30분/기준+20),R-B_fast(+43/10분)]",0,0,0,0,8,7,0,0,0,0,5,0,0,0,0,0,0,0,0,0,0,0,0,0,0,0,0,0,5,0,0,0,0,5,0,0,0,5,0,5,0,0,0,0,0,55,0,5,0,0,0,0,0,0,0,13,19,-3,-12,28,-15,0.50,74.64,78.19,88.57,80.95,0,86,119,79,0,0,15,5,0,10,10
M16A_HUBROOM_PR.csv,2026-06-09 01:42,2026-06-09,01:42,3,3단계 ⭐확정,3,,50,관심,M16HUB,20,M16HUB,"M16HUB(00:42,RA+RA_sus+RB_fast+RD) → M14(00:43,RA_sus+RB_fast+RC) → M16(00:43,RB+RB_fast) → M16A(00:44,RA_sus+RB_fast+SLA) → M16B(01:03,RA_sus+RB+RB_fast)",,,20,5,0,10,10,0,0,0,RA_sus+RC+RD,RA_sus,,RA_sus+SLA,RA_sus+RB_fast,6.38,2.54,2.80,2.63,2.81,1,17,-1,12,17,0,100.00,4,"6ABL6021,6ABL6022,6ABL0112,6ABL0122",10.36,0,16.79,9.89,0,31,10,35,17,0,"hot_area=M16HUB; S3확정; 발동: M16HUB[R-A_sus,R-C'(역증가4개:6ABL6021,6ABL6022,6ABL0112,6ABL0122),R-D(FAB저장=0.0%,STB=100.0%)]; M14[R-A_sus]; M16A[R-A_sus,SLA(16.8%4분초과)]; M16B[R-A_sus,R-B_fast(+16/10분)]",0,5,0,0,8,7,0,0,0,0,5,0,0,0,0,0,0,0,0,0,0,0,0,0,0,0,0,0,5,0,0,0,0,5,0,0,0,5,0,5,0,0,0,0,0,45,0,5,0,0,0,0,0,0,0,16,22,-2,-6,16,-8,0.54,78.04,78.46,86.10,81.39,0,92,113,75,0,0,20,5,0,10,10
M16A_HUBROOM_PR.csv,2026-06-09 01:43,2026-06-09,01:43,3,3단계 ⭐확정,3,,55,관심,M16HUB,15,M16HUB;M16,"M16HUB(00:43,RA+RC+RD) → M14(00:43,RA_sus+RB_fast+RC) → M16(00:43,RB+RB_fast) → M16A(00:44,RA_sus+RB_fast+SLA) → M16B(01:03,RA_sus+RB+RB_fast)",,,15,5,0,10,5,15,0,0,RC+RD,RA_sus,,RA_sus+SLA,RA_sus,4.32,2.55,2.72,2.74,2.49,-8,14,-7,19,26,0,100.00,5,"6ABL6012,6ABL6021,6ABL6032,6ABL0112,6ABL0122",11.10,0,16.01,9.94,0,30,12,41,20,0,"hot_area=M16HUB; S3확정; 발동: M16HUB[R-C'(역증가5개:6ABL6012,6ABL6021,6ABL6032,6ABL0112,6ABL0122),R-D(FAB저장=0.0%,STB=100.0%)]; M14[R-A_sus]; M16A[R-A_sus,SLA(16.0%4분초과)]; M16B[R-A_sus]; M16[R-B(SENDQUEUETOTAL+28/30분/기준+20),R-B_fast(+33/10분)]",0,0,0,0,8,7,0,0,0,0,5,0,0,0,0,0,0,0,0,0,0,0,0,0,0,0,0,0,5,0,0,0,0,5,0,0,0,5,0,0,0,0,0,0,0,50,0,5,0,0,0,0,0,0,0,11,19,-8,2,4,-7,0.55,81.15,77.53,87.04,82.57,0,102,117,82,0,0,15,5,0,10,5
M16A_HUBROOM_PR.csv,2026-06-09 01:44,2026-06-09,01:44,1,1단계 조기경보,3,3→1,45,관심,M16HUB,20,M16HUB,"M16HUB(00:44,RA+RA_sus+RC) → M16A(00:44,RA_sus+RB_fast+SLA) → M16(00:45,RB+RB_fast) → M16B(01:03,RA_sus+RB+RB_fast)",,,20,5,0,10,5,0,0,0,RA_sus+RC+RD,RA_sus,,RA_sus+SLA,RA_sus,6.51,2.48,2.90,2.82,2.78,-23,-4,0,15,19,0,100.00,4,"6ABL6021,6ABL6032,6ABL0112,6ABL0122",11.17,0,15.77,8.09,0,30,14,45,19,0,"hot_area=M16HUB; S1조기경보; 발동: M16HUB[R-A_sus,R-C'(역증가4개:6ABL6021,6ABL6032,6ABL0112,6ABL0122),R-D(FAB저장=0.0%,STB=100.0%)]; M14[R-A_sus]; M16A[R-A_sus,SLA(15.8%4분초과)]; M16B[R-A_sus]",0,5,0,0,8,7,0,0,0,0,5,0,0,0,0,0,0,0,0,0,0,0,0,0,0,0,0,0,5,0,0,0,0,5,0,0,0,5,0,0,0,0,0,0,0,40,0,5,0,0,0,0,0,0,0,-8,15,3,7,-5,-10,0.58,81.44,76.60,84.92,79.91,0,105,103,60,0,0,20,5,0,10,5
M16A_HUBROOM_PR.csv,2026-06-09 01:45,2026-06-09,01:45,3,3단계 ⭐확정,1,1→3,55,관심,M16HUB,15,M16HUB;M16,"M16HUB(00:45,RA+RC) → M16A(00:45,RA_sus+RB_fast+SLA) → M16(00:45,RB+RB_fast) → M16B(01:03,RA_sus+RB+RB_fast)",,,15,5,0,10,5,15,0,0,RC+RD,RA_sus,,RA_sus+SLA,RA_sus,4.93,2.48,2.88,2.57,2.52,-20,-12,-2,15,2,0,100.00,4,"6ABL6021,6ABL6022,6ABL6031,6ABL0112",11.08,0,14.88,9.75,0,30,13,48,23,0,"hot_area=M16HUB; S3확정; 발동: M16HUB[R-C'(역증가4개:6ABL6021,6ABL6022,6ABL6031,6ABL0112),R-D(FAB저장=0.0%,STB=100.0%)]; M14[R-A_sus]; M16A[R-A_sus,SLA(14.9%4분초과)]; M16B[R-A_sus]; M16[R-B(SENDQUEUETOTAL+34/30분/기준+20),R-B_fast(+32/10분)]",0,0,0,0,8,7,0,0,0,0,5,0,0,0,0,0,0,0,0,0,0,0,0,0,0,0,0,0,5,0,0,0,0,5,0,0,0,5,0,0,0,0,0,0,0,50,0,5,0,0,0,0,0,0,0,4,3,-3,6,-15,-14,0.57,81.63,75.13,87.04,81.39,0,107,107,82,0,0,15,5,0,10,5
M16A_HUBROOM_PR.csv,2026-06-09 01:46,2026-06-09,01:46,1,1단계 조기경보,3,3→1,37,관심,M16HUB,12,,"M16HUB(00:46,RA+RA_sus) → M16A(00:46,RA_sus+RB_fast+SLA) → M16(01:01,RB+RB_fast) → M16B(01:03,RA_sus+RB+RB_fast)",,,12,5,0,10,5,0,0,0,RA_sus+RD,RA_sus,,RA_sus+SLA,RA_sus,7.15,2.60,2.85,2.63,2.43,-15,-11,4,17,-21,0,100.00,1,6ABL6021,11.28,0,13.60,10.58,0,34,14,41,17,0,"hot_area=M16HUB; S1조기경보; 발동: M16HUB[R-A_sus,R-D(FAB저장=0.0%,STB=100.0%)]; M14[R-A_sus]; M16A[R-A_sus,SLA(13.6%4분초과)]; M16B[R-A_sus]",0,5,0,0,0,7,0,0,0,0,5,0,0,0,0,0,0,0,0,0,0,0,0,0,0,0,0,0,5,0,0,0,0,5,0,0,0,5,0,0,0,0,0,0,0,32,0,5,0,0,0,0,0,0,0,13,-1,8,12,-13,-26,0.58,82.90,75.80,86.34,77.10,0,99,88,80,0,0,12,5,0,10,5
M16A_HUBROOM_PR.csv,2026-06-09 01:47,2026-06-09,01:47,1,1단계 조기경보,1,,30,관심,M16HUB,15,M16HUB,"M16HUB(00:47,RA+RC) → M16A(00:47,RA_sus+RB_fast+SLA) → M16(01:01,RB+RB_fast) → M16B(01:03,RA_sus+RB+RB_fast)",,,15,5,0,5,5,0,0,0,RC+RD,RA_sus,,RA_sus,RA_sus,4.38,2.48,2.79,2.48,2.48,-26,-18,-1,28,-31,0,100.00,3,"6ABL6011,6ABL6021,6ABL6032",11.71,0,12.50,9.17,0,35,15,46,18,0,"hot_area=M16HUB; S1조기경보; 발동: M16HUB[R-C'(역증가3개:6ABL6011,6ABL6021,6ABL6032),R-D(FAB저장=0.0%,STB=100.0%)]; M14[R-A_sus]; M16A[R-A_sus]; M16B[R-A_sus]",0,0,0,0,8,7,0,0,0,0,5,0,0,0,0,0,0,0,0,0,0,0,0,0,0,0,0,0,5,0,0,0,0,0,0,0,0,5,0,0,0,0,0,0,0,30,0,0,0,0,0,0,0,0,0,3,-14,9,22,-17,-35,0.62,83.19,76.46,86.34,81.09,0,105,88,76,0,0,15,5,0,5,5
M16A_HUBROOM_PR.csv,2026-06-09 01:48,2026-06-09,01:48,1,1단계 조기경보,1,,35,관심,M16HUB,20,M16HUB,"M16HUB(00:48,RA+RA_sus) → M16A(00:48,RA_sus+RB_fast+SLA) → M16(01:01,RB+RB_fast) → M16B(01:03,RA_sus+RB+RB_fast)",,,20,5,0,5,5,0,0,0,RA_sus+RC+RD,RA_sus,,RA_sus,RA_sus,7.95,2.57,2.83,2.75,2.40,-24,-19,2,40,-26,0,100.00,2,"6ABL6011,6ABL0112",12.65,0,12.02,8.87,0,36,14,41,16,0,"hot_area=M16HUB; S1조기경보; 발동: M16HUB[R-A_sus,R-C'(역증가2개:6ABL6011,6ABL0112),R-D(FAB저장=0.0%,STB=100.0%)]; M14[R-A_sus]; M16A[R-A_sus]; M16B[R-A_sus]",0,5,0,0,8,7,0,0,0,0,5,0,0,0,0,0,0,0,0,0,0,0,0,0,0,0,0,0,5,0,0,0,0,0,0,0,0,5,0,0,0,0,0,0,0,35,0,0,0,0,0,0,0,0,0,-7,-22,12,14,-6,-39,0.61,81.15,73.94,91.40,79.32,0,119,75,66,0,0,20,5,0,5,5
M16A_HUBROOM_PR.csv,2026-06-09 01:49,2026-06-09,01:49,1,1단계 조기경보,1,,40,관심,M16HUB,15,M16HUB,"M16HUB(00:50,RA+RA_sus) → M16(01:01,RB+RB_fast) → M16B(01:03,RA_sus+RB+RB_fast) → M16A(01:05,RA_sus+RB_fast+SLA)",,,15,10,0,5,5,0,0,0,RC+RD,RA_sus+SLA,,RA_sus,RA_sus,5.25,2.64,2.60,2.77,2.85,-33,-33,3,30,-22,0,100.00,2,"6ABL6031,6ABL0112",13.46,0,11.96,9.88,0,36,16,36,17,0,"hot_area=M16HUB; S1조기경보; 발동: M16HUB[R-C'(역증가2개:6ABL6031,6ABL0112),R-D(FAB저장=0.0%,STB=100.0%)]; M14[R-A_sus,SLA(13.5%4분초과)]; M16A[R-A_sus]; M16B[R-A_sus]",0,0,0,0,8,7,0,0,0,0,5,0,0,0,0,5,0,0,0,0,0,0,0,0,0,0,0,0,5,0,0,0,0,0,0,0,0,5,0,0,0,0,0,0,0,35,0,5,0,0,0,0,0,0,0,1,-20,14,7,-6,-31,0.60,79.49,74.20,91.40,84.93,0,133,83,79,0,0,15,10,0,5,5
M16A_HUBROOM_PR.csv,2026-06-09 01:50,2026-06-09,01:50,1,1단계 조기경보,1,,37,관심,M16HUB,12,,"M16HUB(00:50,RA+RA_sus) → M16(01:01,RB+RB_fast) → M16B(01:03,RA_sus+RB+RB_fast) → M16A(01:05,RA_sus+RB_fast+SLA)",,,12,10,0,5,5,0,0,0,RA_sus+RD,RA_sus+SLA,,RA_sus,RA_sus,8.64,2.54,2.62,2.92,2.34,-44,-29,-10,16,-17,0,100.00,1,6ABL6031,13.41,0,11.74,7.19,0,33,14,31,15,0,"hot_area=M16HUB; S1조기경보; 발동: M16HUB[R-A_sus,R-D(FAB저장=0.0%,STB=100.0%)]; M14[R-A_sus,SLA(13.4%4분초과)]; M16A[R-A_sus]; M16B[R-A_sus]",0,5,0,0,0,7,0,0,0,0,5,0,0,0,0,5,0,0,0,0,0,0,0,0,0,0,0,0,5,0,0,0,0,0,0,0,0,5,0,0,0,0,0,0,0,32,0,5,0,0,0,0,0,0,0,-5,-18,10,-2,-10,-44,0.62,80.66,77.79,93.29,86.12,0,135,73,51,0,0,12,10,0,5,5
M16A_HUBROOM_PR.csv,2026-06-09 01:51,2026-06-09,01:51,1,1단계 조기경보,1,,32,관심,M14,10,,"M16HUB(00:51,RA+RD) → M16(01:01,RB+RB_fast) → M16B(01:03,RA_sus+RB+RB_fast) → M16A(01:05,RA_sus+RB_fast+SLA)",,,7,10,0,5,5,0,0,0,RD,RA_sus+SLA,,RA_sus,RA_sus,4.31,2.71,2.75,2.70,2.70,-56,-34,-15,0,-12,0,100.00,1,6ABL6011,13.74,0,10.90,10.18,0,34,13,35,14,0,"hot_area=M14; S1조기경보; 발동: M16HUB[R-D(FAB저장=0.0%,STB=100.0%)]; M14[R-A_sus,SLA(13.7%4분초과)]; M16A[R-A_sus]; M16B[R-A_sus]",0,0,0,0,0,7,0,0,0,0,5,0,0,0,0,5,0,0,0,0,0,0,0,0,0,0,0,0,5,0,0,0,0,0,0,0,0,5,0,0,0,0,0,0,0,27,0,5,0,0,0,0,0,0,0,-3,-15,7,-7,-6,-41,0.64,80.47,75.00,93.76,87.74,0,123,80,84,0,0,7,10,0,5,5
M16A_HUBROOM_PR.csv,2026-06-09 01:52,2026-06-09,01:52,1,1단계 조기경보,1,,37,관심,M16HUB,12,,"M16HUB(00:52,RA+RA_sus+RD) → M16(01:01,RB+RB_fast) → M16B(01:03,RA_sus+RB+RB_fast) → M16A(01:05,RA_sus+RB_fast+SLA)",,,12,10,0,5,5,0,0,0,RA_sus+RD,RA_sus+SLA,,RA_sus,RA_sus,8.60,2.64,2.90,2.65,2.90,-61,-33,-23,-16,-17,0,99.41,1,6ABL0112,13.95,0,10.77,10.34,0,35,13,36,17,0,"hot_area=M16HUB; S1조기경보; 발동: M16HUB[R-A_sus,R-D(FAB저장=0.0%,STB=99.4%)]; M14[R-A_sus,SLA(13.9%4분초과)]; M16A[R-A_sus]; M16B[R-A_sus]",0,5,0,0,0,7,0,0,0,0,5,0,0,0,0,5,0,0,0,0,0,0,0,0,0,0,0,0,5,0,0,0,0,0,0,0,0,5,0,0,0,0,0,0,0,32,0,5,0,0,0,0,0,0,0,-2,-18,3,-16,-7,-42,0.60,79.79,76.86,92.58,84.19,0,129,70,76,0,0,12,10,0,5,5
M16A_HUBROOM_PR.csv,2026-06-09 01:53,2026-06-09,01:53,1,1단계 조기경보,1,,25,정상,M14,10,,"M16HUB(00:53,RA+RD) → M16(01:01,RB+RB_fast) → M16B(01:03,RA_sus+RB+RB_fast) → M16A(01:05,RA_sus+RB_fast+SLA)",,,0,10,0,5,5,0,0,0,,RA_sus+SLA,,RA_sus,RA_sus,4.85,2.60,2.71,2.65,2.50,-54,-32,-16,-2,-25,0,98.22,1,6ABL0121,14.62,0,11.68,9.62,0,34,11,37,20,0,"hot_area=M14; S1조기경보; 발동: M14[R-A_sus,SLA(14.6%4분초과)]; M16A[R-A_sus]; M16B[R-A_sus]",0,0,0,0,0,0,0,0,0,0,5,0,0,0,0,5,0,0,0,0,0,0,0,0,0,0,0,0,5,0,0,0,0,0,0,0,0,5,0,0,0,0,0,0,0,20,0,5,0,0,0,0,0,0,0,-16,-26,3,1,-7,-43,0.62,81.15,76.99,93.05,83.88,0,138,84,82,0,0,0,10,0,5,5
M16A_HUBROOM_PR.csv,2026-06-09 01:54,2026-06-09,01:54,1,1단계 조기경보,1,,30,관심,M14,10,,"M16HUB(00:54,RA+RA_sus+RD) → M16(01:01,RB+RB_fast) → M16B(01:03,RA_sus+RB+RB_fast) → M16A(01:05,RA_sus+RB_fast+SLA)",,,5,10,0,5,5,0,0,0,RA_sus,RA_sus+SLA,,RA_sus,RA_sus,7.71,2.76,2.90,2.87,2.39,-36,-28,-6,-21,-22,0,98.22,1,6ABL0112,14.88,0,11.82,6.98,0,34,12,35,16,0,"hot_area=M14; S1조기경보; 발동: M16HUB[R-A_sus]; M14[R-A_sus,SLA(14.9%4분초과)]; M16A[R-A_sus]; M16B[R-A_sus]",0,5,0,0,0,0,0,0,0,0,5,0,0,0,0,5,0,0,0,0,0,0,0,0,0,0,0,0,5,0,0,0,0,0,0,0,0,5,0,0,0,0,0,0,0,25,0,5,0,0,0,0,0,0,0,0,-16,1,-4,-2,-40,0.64,79.20,77.13,92.11,80.03,0,147,76,54,0,0,5,10,0,5,5
M16A_HUBROOM_PR.csv,2026-06-09 01:55,2026-06-09,01:55,1,1단계 조기경보,1,,41,관심,M14,18,M14,"M16HUB(00:55,RA+RD) → M16(01:01,RB+RB_fast) → M16B(01:03,RA_sus+RB+RB_fast) → M16A(01:05,RA_sus+RB_fast+SLA) → M14(01:55,RA_sus+RC+SLA)",,,8,18,0,5,5,0,0,0,RC,RA_sus+RC+SLA,,RA_sus,RA_sus,4.51,2.66,2.84,2.96,2.55,-38,-22,-5,-17,-20,0,98.22,3,"6ABL6012,6ABL0112,6ABL0121",15.64,0,12.23,10.05,0,36,13,32,15,0,"hot_area=M14; S1조기경보; 발동: M16HUB[R-C'(역증가3개:6ABL6012,6ABL0112,6ABL0121)]; M14[R-A_sus,R-C'(CNV쏠림),SLA(15.6%4분초과)]; M16A[R-A_sus]; M16B[R-A_sus]",0,0,0,0,8,0,0,0,0,0,5,0,0,8,0,5,0,0,0,0,0,0,0,0,0,0,0,0,5,0,0,0,0,0,0,0,0,5,0,0,0,0,0,0,0,36,0,5,0,0,0,0,0,0,0,-7,-9,2,10,4,-25,0.71,79.59,76.86,91.52,84.62,0,155,92,88,0,0,8,18,0,5,5
M16A_HUBROOM_PR.csv,2026-06-09 01:56,2026-06-09,01:56,1,1단계 조기경보,1,,48,관심,M16HUB,23,M16HUB,"M16HUB(00:56,RA+RA_sus+RD) → M16(01:01,RB+RB_fast) → M16B(01:03,RA_sus+RB+RB_fast) → M16A(01:05,RA_sus+RB_fast+SLA) → M14(01:55,RA_sus+RC+SLA)",,,23,10,0,5,5,0,0,0,RA+RA_sus+RC,RA_sus+SLA,,RA_sus,RA_sus,11.98,2.61,2.78,2.62,2.91,-20,-13,-11,-31,-18,1.18,97.63,2,"6ABL0112,6ABL0121",15.72,0,12.04,10.52,0,40,12,32,15,0,"hot_area=M16HUB; S1조기경보; 발동: M16HUB[R-A'(AVGTOTALTIME1MIN=11.98분/기준9.0),R-A_sus,R-C'(역증가2개:6ABL0112,6ABL0121)]; M14[R-A_sus,SLA(15.7%4분초과)]; M16A[R-A_sus]; M16B[R-A_sus]",10,5,0,0,8,0,0,0,0,0,5,0,0,0,0,5,0,0,0,0,0,0,0,0,0,0,0,0,5,0,0,0,0,0,0,0,0,5,0,0,0,0,0,0,0,43,0,5,0,0,1,0,0,0,0,-4,-4,-8,5,8,-36,0.69,80.27,76.20,91.64,83.88,0,141,81,83,0,0,23,10,0,5,5
M16A_HUBROOM_PR.csv,2026-06-09 01:57,2026-06-09,01:57,3,3단계 ⭐확정,1,1→3,53,관심,M16HUB,18,M16HUB,"M16HUB(00:57,RA+RD) → M16(01:01,RB+RB_fast) → M16B(01:03,RA_sus+RB+RB_fast) → M16A(01:05,RA_sus+RB_fast+SLA) → M14(01:55,RA_sus+RC+SLA)",,,18,10,0,5,10,5,0,0,RA+RC,RA_sus+SLA,,RA_sus,RA_sus+RB_fast,4.80,2.64,2.88,2.84,2.50,-6,-3,2,-9,-3,0.59,98.22,4,"6ABL6021,6ABL6031,6ABL0112,6ABL0121",15.94,0,12.13,9.29,0,41,13,30,13,0,"hot_area=M16HUB; S3확정; 발동: M16HUB[R-A'(AVGTOTALTIME1MIN=4.80분/기준9.0),R-C'(역증가4개:6ABL6021,6ABL6031,6ABL0112,6ABL0121)]; M14[R-A_sus,SLA(15.9%4분초과)]; M16A[R-A_sus]; M16B[R-A_sus,R-B_fast(+16/10분)]; M16[R-B_fast(+10/10분)]",10,0,0,0,8,0,0,0,0,0,5,0,0,0,0,5,0,0,0,0,0,0,0,0,0,0,0,0,5,0,0,0,0,0,0,0,0,5,0,5,0,0,0,0,0,48,0,5,0,0,1,0,0,0,0,-5,-1,-6,9,16,-12,0.67,82.12,79.12,92.70,86.39,0,143,90,80,0,0,18,10,0,5,10
M16A_HUBROOM_PR.csv,2026-06-09 01:58,2026-06-09,01:58,3,3단계 ⭐확정,3,,45,관심,M16HUB,15,M16HUB,"M16HUB(00:58,RA+RA_sus+RD) → M16(01:01,RB+RB_fast) → M16B(01:03,RA_sus+RB+RB_fast) → M16A(01:05,RA_sus+RB_fast+SLA) → M14(01:55,RA_sus+RC+SLA)",,,15,10,0,5,10,0,0,0,RA+RA_sus,RA_sus+SLA,,RA_sus,RA_sus+RB_fast,10.45,2.60,3.06,2.80,2.93,21,8,19,-19,5,0,98.82,5,"6ABL6012,6ABL6021,6ABL6031,6ABL0111,6ABL0112",15.66,0,11.49,9.61,0,39,12,30,14,0,"hot_area=M16HUB; S3확정; 발동: M16HUB[R-A'(AVGTOTALTIME1MIN=10.45분/기준9.0),R-A_sus]; M14[R-A_sus,SLA(15.7%4분초과)]; M16A[R-A_sus]; M16B[R-A_sus,R-B_fast(+12/10분)]",10,5,0,0,0,0,0,0,0,0,5,0,0,0,0,5,0,0,0,0,0,0,0,0,0,0,0,0,5,0,0,0,0,0,0,0,0,5,0,5,0,0,0,0,0,40,0,5,0,0,2,0,0,0,0,5,5,2,11,12,7,0.63,77.84,82.85,92.46,82.69,0,143,77,74,0,0,15,10,0,5,10
M16A_HUBROOM_PR.csv,2026-06-09 01:59,2026-06-09,01:59,1,1단계 조기경보,3,3→1,33,관심,M16HUB,18,M16HUB,"M16HUB(00:59,RA+RD) → M16(01:01,RB+RB_fast) → M16B(01:03,RA_sus+RB+RB_fast) → M16A(01:05,RA_sus+RB_fast+SLA) → M14(01:55,RA_sus+RC+SLA)",,,18,5,0,5,5,0,0,0,RA+RC,RA_sus,,RA_sus,RA_sus,5.27,2.56,2.84,2.96,2.43,31,6,23,-1,21,0.59,97.63,5,"6ABL6011,6ABL6012,6ABL0111,6ABL0112,6ABL0121",15.10,0,12.36,8.92,0,37,16,32,14,0,"hot_area=M16HUB; S1조기경보; 발동: M16HUB[R-A'(AVGTOTALTIME1MIN=5.27분/기준9.0),R-C'(역증가5개:6ABL6011,6ABL6012,6ABL0111,6ABL0112,6ABL0121)]; M14[R-A_sus]; M16A[R-A_sus]; M16B[R-A_sus]",10,0,0,0,8,0,0,0,0,0,5,0,0,0,0,0,0,0,0,0,0,0,0,0,0,0,0,0,5,0,0,0,0,0,0,0,0,5,0,0,0,0,0,0,0,33,0,0,0,0,2,0,0,0,0,0,-1,1,19,9,-2,0.64,78.13,85.51,92.11,84.76,0,140,91,78,0,0,18,5,0,5,5
M16A_HUBROOM_PR.csv,2026-06-09 02:00,2026-06-09,02:00,3,3단계 ⭐확정,1,1→3,43,관심,M16HUB,23,M16HUB,"M16HUB(01:00,RA+RA_sus+RD) → M16(01:01,RB+RB_fast) → M16B(01:03,RA_sus+RB+RB_fast) → M16A(01:05,RA_sus+RB_fast+SLA) → M14(01:55,RA_sus+RC+SLA)",,,23,5,0,5,10,0,0,0,RA+RA_sus+RC,RA_sus,,RA_sus,RA_sus+RB_fast,10.41,2.42,2.89,2.90,2.40,34,12,17,-5,23,0.59,97.63,5,"6ABL6012,6ABL6031,6ABL0111,6ABL0112,6ABL0122",15.13,0,12.80,7.49,0,39,12,40,15,0,"hot_area=M16HUB; S3확정; 발동: M16HUB[R-A'(AVGTOTALTIME1MIN=10.41분/기준9.0),R-A_sus,R-C'(역증가5개:6ABL6012,6ABL6031,6ABL0111,6ABL0112,6ABL0122)]; M14[R-A_sus]; M16A[R-A_sus]; M16B[R-A_sus,R-B_fast(+12/10분)]",10,5,0,0,8,0,0,0,0,0,5,0,0,0,0,0,0,0,0,0,0,0,0,0,0,0,0,0,5,0,0,0,0,0,0,0,0,5,0,5,0,0,0,0,0,43,0,0,0,0,3,0,0,0,0,10,3,7,15,12,-1,0.69,78.33,83.91,91.64,80.50,0,148,84,58,0,0,23,5,0,5,10
M16A_HUBROOM_PR.csv,2026-06-09 02:01,2026-06-09,02:01,3,3단계 ⭐확정,3,,63,관심,M16A,15,M16A;M16,"M16HUB(01:01,RA+RD) → M16(01:01,RB+RB_fast) → M16B(01:03,RA_sus+RB+RB_fast) → M16A(01:05,RA_sus+RB_fast+SLA) → M14(01:55,RA_sus+RC+SLA)",,,10,13,0,15,5,15,0,0,RA,RA_sus+RC,,RA_sus+RB_fast+SLA,RA_sus,4.61,2.75,3.25,2.97,2.66,27,6,17,20,21,0.59,98.22,5,"6ABL6012,6ABL6031,6ABL0111,6ABL0112,6ABL0122",14.71,0,14.99,11.18,0,35,12,45,20,0,"hot_area=M16A; S3확정; 발동: M16HUB[R-A'(AVGTOTALTIME1MIN=4.61분/기준9.0)]; M14[R-A_sus,R-C'(CNV쏠림)]; M16A[R-A_sus,R-B_fast(+39/10분),SLA(15.0%4분초과)]; M16B[R-A_sus]; M16[R-B(SENDQUEUETOTAL+60/30분/기준+20),R-B_fast(+13/10분)]",10,0,0,0,0,0,0,0,0,0,5,0,0,8,0,0,0,0,0,0,0,0,0,0,0,0,0,0,5,0,5,0,0,5,0,0,0,5,0,0,0,0,0,0,0,58,0,5,0,0,3,0,0,0,0,17,2,13,39,-1,6,0.71,79.01,87.63,89.63,80.50,0,128,116,101,0,0,10,13,0,15,5
M16A_HUBROOM_PR.csv,2026-06-09 02:02,2026-06-09,02:02,3,3단계 ⭐확정,3,,60,관심,M16HUB,22,M16HUB;M16A,"M16HUB(01:02,RA+RA_sus+RD) → M16B(01:03,RA_sus+RB+RB_fast) → M16(01:03,RB+RB_fast) → M16A(01:05,RA_sus+RB_fast+SLA) → M14(01:55,RA_sus+RC+SLA)",,,22,13,0,15,5,0,0,0,RA+RA_sus+RD,RA_sus+RC,,RA_sus+RB_fast+SLA,RA_sus,10.29,2.71,3.04,2.81,2.69,39,0,17,7,9,0.59,99.41,4,"6ABL6031,6ABL6032,6ABL0111,6ABL0122",14.78,0,15.06,11.59,0,38,15,35,15,0,"hot_area=M16HUB; S3확정; 발동: M16HUB[R-A'(AVGTOTALTIME1MIN=10.29분/기준9.0),R-A_sus,R-D(FAB저장=0.6%,STB=99.4%)]; M14[R-A_sus,R-C'(CNV쏠림)]; M16A[R-A_sus,R-B_fast(+29/10분),SLA(15.1%4분초과)]; M16B[R-A_sus]",10,5,0,0,0,7,0,0,0,0,5,0,0,8,0,0,0,0,0,0,0,0,0,0,0,0,0,0,5,0,5,0,0,5,0,0,0,5,0,0,0,0,0,0,0,55,0,5,0,0,4,0,0,0,0,25,-4,16,29,0,3,0.74,80.56,87.23,90.58,81.09,0,133,106,94,0,0,22,13,0,15,5
M16A_HUBROOM_PR.csv,2026-06-09 02:03,2026-06-09,02:03,3,3단계 ⭐확정,3,,78,경계,M16HUB,35,M16HUB,"M16HUB(01:03,RA+RD) → M16B(01:03,RA_sus+RB+RB_fast) → M16(01:03,RB+RB_fast) → M16A(01:05,RA_sus+RB_fast+SLA) → M14(01:55,RA_sus+RC+SLA)",,,35,13,0,10,5,10,0,0,RA+RA_sus+RB_fast+RC+RD,RA_sus+RC,,RA_sus+SLA,RA_sus,8.11,2.64,3.09,2.98,2.44,25,11,2,13,-7,0,100.00,2,"6ABL6032,6ABL0111",14.89,0,15.24,8.45,0,39,15,43,18,0,"hot_area=M16HUB; S3확정; 발동: M16HUB[R-A'(AVGTOTALTIME1MIN=8.11분/기준9.0),R-A_sus,R-B_fast(+30/10분),R-C'(역증가2개:6ABL6032,6ABL0111),R-D(FAB저장=0.0%,STB=100.0%)]; M14[R-A_sus,R-C'(CNV쏠림)]; M16A[R-A_sus,SLA(15.2%4분초과)]; M16B[R-A_sus]; M16[R-B(SENDQUEUETOTAL+32/30분/기준+20)]",10,5,0,5,8,7,0,0,0,0,5,0,0,8,0,0,0,0,0,0,0,0,0,0,0,0,0,0,5,0,0,0,0,5,0,0,0,5,0,0,0,0,0,0,0,73,0,5,0,0,4,0,0,0,0,30,18,7,10,-4,-10,0.72,84.74,90.56,91.05,81.54,0,138,96,59,0,0,35,13,0,10,5
M16A_HUBROOM_PR.csv,2026-06-09 02:04,2026-06-09,02:04,1,1단계 조기경보,3,3→1,71,경계,M16HUB,23,M16HUB,"M16HUB(01:04,RA+RA_sus+RD) → M16B(01:04,RA_sus+RB+RB_fast) → M16A(01:05,RA_sus+RB_fast+SLA) → M16(01:05,RB+RB_fast) → M14(01:55,RA_sus+RC+SLA)",M16A_2F_TO_HUB=1.7x(주의),,23,13,0,10,10,0,0,0,RA+RA_sus+RC,RA_sus+RC,,RA_sus+SLA,RA_sus+SLA,11.99,2.80,3.06,2.84,2.99,12,18,5,12,-4,0,98.22,3,"6ABL6011,6ABL6031,6ABL0111",14.55,0,16.04,12.29,0,33,13,38,17,0,"hot_area=M16HUB; S1조기경보; 발동: M16HUB[R-A'(AVGTOTALTIME1MIN=11.99분/기준9.0),R-A_sus,R-C'(역증가3개:6ABL6011,6ABL6031,6ABL0111)]; M14[R-A_sus,R-C'(CNV쏠림)]; M16A[R-A_sus,SLA(16.0%4분초과)]; M16B[R-A_sus,SLA(12.3%4분초과)]; 흐름:M16A_2F_TO_HUB=1.7x(주의)",10,5,0,0,8,0,0,0,0,0,5,0,0,8,0,0,0,0,0,0,0,0,0,0,0,0,0,0,5,0,0,0,0,5,0,0,0,5,0,0,0,0,5,0,0,56,5,10,0,0,5,0,0,0,0,20,19,1,9,3,-18,0.71,81.63,90.03,89.40,82.27,0,119,111,101,0,0,23,13,0,10,10
M16A_HUBROOM_PR.csv,2026-06-09 02:05,2026-06-09,02:05,3,3단계 ⭐확정,1,1→3,73,경계,M16HUB,23,M16HUB,"M16HUB(01:05,RA+RC+RD) → M16A(01:05,RA_sus+RB_fast+SLA) → M16(01:05,RB+RB_fast) → M16B(01:21,RA_sus+RB_fast+SLA) → M14(01:55,RA_sus+RC+SLA)",M16A_2F_TO_HUB=1.6x(주의);M16B_10F_TO_HUB=1.6x(주의),,23,5,0,10,10,10,0,0,RA+RA_sus+RC,RA_sus,,RA_sus+SLA,RA_sus+RB_fast,5.92,2.61,3.43,2.98,2.35,23,14,1,21,3,0,97.63,3,"6ABL6031,6ABL0111,6ABL0112",15.01,0,16.33,8.45,0,31,14,35,17,0,"hot_area=M16HUB; S3확정; 발동: M16HUB[R-A'(AVGTOTALTIME1MIN=5.92분/기준9.0),R-A_sus,R-C'(역증가3개:6ABL6031,6ABL0111,6ABL0112)]; M14[R-A_sus]; M16A[R-A_sus,SLA(16.3%4분초과)]; M16B[R-A_sus,R-B_fast(+14/10분)]; M16[R-B(SENDQUEUETOTAL+29/30분/기준+20)]; 흐름:M16A_2F_TO_HUB=1.6x(주의);M16B_10F_TO_HUB=1.6x(주의)",10,5,0,0,8,0,0,0,0,0,5,0,0,0,0,0,0,0,0,0,0,0,0,0,0,0,0,0,5,0,0,0,0,5,0,0,0,5,0,5,0,0,0,0,0,58,10,5,0,0,5,0,0,0,0,26,20,2,5,14,-17,0.67,84.16,88.16,91.87,84.79,0,145,98,62,0,0,23,5,0,10,10
M16A_HUBROOM_PR.csv,2026-06-09 02:06,2026-06-09,02:06,3,3단계 ⭐확정,3,,78,경계,M16HUB,23,M16HUB;M16A;M16B,"M16HUB(01:06,RA+RA_sus+RC+RD) → M16A(01:06,RA_sus+RB_fast+SLA) → M16B(01:21,RA_sus+RB_fast+SLA) → M16(01:21,RB+RB_fast) → M14(01:55,RA_sus+RC+SLA)",M16A_2F_TO_HUB=1.8x(주의);M16B_10F_TO_HUB=1.6x(주의),,23,5,0,15,15,0,0,0,RA+RA_sus+RC,RA_sus,,RA_sus+RB_fast+SLA,RA_sus+RB_fast+SLA,5.98,2.79,3.49,2.75,2.76,34,15,7,41,12,0.59,97.63,4,"6ABL6011,6ABL6031,6ABL0111,6ABL0112",14.43,0,16.20,11.95,0,35,13,37,19,0,"hot_area=M16HUB; S3확정; 발동: M16HUB[R-A'(AVGTOTALTIME1MIN=5.98분/기준9.0),R-A_sus,R-C'(역증가4개:6ABL6011,6ABL6031,6ABL0111,6ABL0112)]; M14[R-A_sus]; M16A[R-A_sus,R-B_fast(+24/10분),SLA(16.2%4분초과)]; M16B[R-A_sus,R-B_fast(+17/10분),SLA(11.9%4분초과)]; 흐름:M16A_2F_TO_HUB=1.8x(주의);M16B_10F_TO_HUB=1.6x(주의)",10,5,0,0,8,0,0,0,0,0,5,0,0,0,0,0,0,0,0,0,0,0,0,0,0,0,0,0,5,0,5,0,0,5,0,0,0,5,0,5,0,0,5,0,0,58,10,10,0,0,4,0,0,0,0,25,20,7,24,17,-2,0.67,81.83,82.45,90.46,85.38,0,125,122,106,0,0,23,5,0,15,15
M16A_HUBROOM_PR.csv,2026-06-09 02:07,2026-06-09,02:07,1,1단계 조기경보,3,3→1,52,관심,M16HUB,22,M16HUB,"M16HUB(01:07,RA+RC+RD) → M16A(01:07,RA_sus+RB_fast+SLA) → M16B(01:21,RA_sus+RB_fast+SLA) → M16(01:21,RB+RB_fast) → M14(01:55,RA_sus+RC+SLA)",M16B_10F_TO_HUB=1.5x(주의),,22,5,0,10,5,0,0,0,RA+RA_sus+RD,RA_sus,,RA_sus+SLA,RA_sus,6.77,2.60,3.17,3.03,2.93,13,-1,-1,38,7,0,99.41,5,"6ABL6011,6ABL6012,6ABL6021,6ABL6031,6ABL0111",14.61,0,16.49,12.48,0,35,13,34,18,0,"hot_area=M16HUB; S1조기경보; 발동: M16HUB[R-A'(AVGTOTALTIME1MIN=6.77분/기준9.0),R-A_sus,R-D(FAB저장=0.0%,STB=99.4%)]; M14[R-A_sus]; M16A[R-A_sus,SLA(16.5%4분초과)]; M16B[R-A_sus]; 흐름:M16B_10F_TO_HUB=1.5x(주의)",10,5,0,0,0,7,0,0,0,0,5,0,0,0,0,0,0,0,0,0,0,0,0,0,0,0,0,0,5,0,0,0,0,5,0,0,0,5,0,0,0,0,0,0,0,42,5,5,0,0,4,0,0,0,0,15,14,-4,7,8,9,0.69,79.98,79.39,87.51,86.71,0,135,112,99,0,0,22,5,0,10,5
M16A_HUBROOM_PR.csv,2026-06-09 02:08,2026-06-09,02:08,1,1단계 조기경보,1,,57,관심,M16HUB,22,M16HUB,"M16HUB(01:08,RA+RA_sus+RC+RD) → M16A(01:08,RA_sus+RB_fast+RD+SLA) → M16B(01:21,RA_sus+RB_fast+SLA) → M16(01:21,RB+RB_fast) → M14(01:55,RA_sus+RC+SLA)",,,22,5,0,10,10,0,0,0,RA+RA_sus+RD,RA_sus,,RA_sus+SLA,RA_sus+SLA,9.76,2.55,3.09,2.85,2.65,-1,-8,6,33,11,0,99.41,5,"6ABL6011,6ABL6012,6ABL6022,6ABL6031,6ABL0111",15.50,0,16.24,11.26,0,34,14,40,21,0,"hot_area=M16HUB; S1조기경보; 발동: M16HUB[R-A'(AVGTOTALTIME1MIN=9.76분/기준9.0),R-A_sus,R-D(FAB저장=0.0%,STB=99.4%)]; M14[R-A_sus]; M16A[R-A_sus,SLA(16.2%4분초과)]; M16B[R-A_sus,SLA(11.3%4분초과)]",10,5,0,0,0,7,0,0,0,0,5,0,0,0,0,0,0,0,0,0,0,0,0,0,0,0,0,0,5,0,0,0,0,5,0,0,0,5,0,0,0,0,5,0,0,47,0,10,0,0,4,0,0,0,0,1,9,-8,8,5,7,0.66,79.01,81.12,84.33,85.67,0,150,121,98,0,0,22,5,0,10,10
M16A_HUBROOM_PR.csv,2026-06-09 02:09,2026-06-09,02:09,1,1단계 조기경보,1,,47,관심,M16HUB,22,M16HUB,"M16HUB(01:09,RA+RC+RD) → M16A(01:09,RA_sus+RB_fast+RD+SLA) → M16B(01:21,RA_sus+RB_fast+SLA) → M16(01:21,RB+RB_fast) → M14(01:55,RA_sus+RC+SLA)",,,22,5,0,10,5,0,0,0,RA+RA_sus+RD,RA_sus,,RA_sus+SLA,RA_sus,6.86,2.87,3.13,2.72,2.76,-9,-11,-2,20,-4,0.59,99.41,4,"6ABL6011,6ABL6012,6ABL6022,6ABL0111",15.05,0,16.22,11.54,0,36,14,41,19,0,"hot_area=M16HUB; S1조기경보; 발동: M16HUB[R-A'(AVGTOTALTIME1MIN=6.86분/기준9.0),R-A_sus,R-D(FAB저장=0.6%,STB=99.4%)]; M14[R-A_sus]; M16A[R-A_sus,SLA(16.2%4분초과)]; M16B[R-A_sus]",10,5,0,0,0,7,0,0,0,0,5,0,0,0,0,0,0,0,0,0,0,0,0,0,0,0,0,0,5,0,0,0,0,5,0,0,0,5,0,0,0,0,0,0,0,42,0,5,0,0,4,0,0,0,0,-10,10,-17,-6,-7,4,0.67,82.12,79.79,84.33,89.51,0,149,108,90,0,0,22,5,0,10,5
M16A_HUBROOM_PR.csv,2026-06-09 02:10,2026-06-09,02:10,1,1단계 조기경보,1,,57,관심,M16HUB,22,M16HUB,"M16HUB(01:10,RA+RA_sus+RD) → M16A(01:10,RA_sus+RB_fast+SLA) → M16B(01:21,RA_sus+RB_fast+SLA) → M16(01:21,RB+RB_fast) → M14(01:55,RA_sus+RC+SLA)",,,22,5,0,10,10,0,0,0,RA+RA_sus+RD,RA_sus,,RA_sus+SLA,RA_sus+SLA,8.11,2.61,3.12,2.82,2.72,12,4,2,13,-12,0.59,99.41,5,"6ABL6011,6ABL6021,6ABL6031,6ABL0111,6ABL0112",15.07,0,14.53,9.16,0,35,13,33,15,0,"hot_area=M16HUB; S1조기경보; 발동: M16HUB[R-A'(AVGTOTALTIME1MIN=8.11분/기준9.0),R-A_sus,R-D(FAB저장=0.6%,STB=99.4%)]; M14[R-A_sus]; M16A[R-A_sus,SLA(14.5%4분초과)]; M16B[R-A_sus,SLA(9.2%4분초과)]",10,5,0,0,0,7,0,0,0,0,5,0,0,0,0,0,0,0,0,0,0,0,0,0,0,0,0,0,5,0,0,0,0,5,0,0,0,5,0,0,0,0,5,0,0,47,0,10,0,0,3,0,0,0,0,7,19,-15,0,-14,5,0.69,81.44,80.05,85.04,90.55,0,131,104,79,0,0,22,5,0,10,10
M16A_HUBROOM_PR.csv,2026-06-09 02:11,2026-06-09,02:11,1,1단계 조기경보,1,,73,경계,M16HUB,30,M16HUB;M14,"M16HUB(01:11,RA+RC+RD) → M16A(01:12,RA_sus+RD+SLA) → M16B(01:21,RA_sus+RB_fast+SLA) → M16(01:21,RB+RB_fast) → M14(01:55,RA_sus+RC+SLA)",,,30,18,0,10,5,0,0,0,RA+RA_sus+RC+RD,RA_sus+RC+SLA,,RA_sus+SLA,RA_sus,5.79,2.53,3.19,2.83,2.72,17,8,6,-6,-15,0,100.00,3,"6ABL0111,6ABL0112,6ABL0122",16.49,0,14.51,9.34,0,34,12,32,15,0,"hot_area=M16HUB; S1조기경보; 발동: M16HUB[R-A'(AVGTOTALTIME1MIN=5.79분/기준9.0),R-A_sus,R-C'(역증가3개:6ABL0111,6ABL0112,6ABL0122),R-D(FAB저장=0.0%,STB=100.0%)]; M14[R-A_sus,R-C'(CNV쏠림),SLA(16.5%4분초과)]; M16A[R-A_sus,SLA(14.5%4분초과)]; M16B[R-A_sus]",10,5,0,0,8,7,0,0,0,0,5,0,0,8,0,5,0,0,0,0,0,0,0,0,0,0,0,0,5,0,0,0,0,5,0,0,0,5,0,0,0,0,0,0,0,63,0,10,0,0,3,0,0,0,0,3,21,-14,-38,-8,-5,0.71,79.40,81.65,86.81,91.43,0,153,93,72,0,0,30,18,0,10,5
M16A_HUBROOM_PR.csv,2026-06-09 02:12,2026-06-09,02:12,1,1단계 조기경보,1,,58,관심,M14,18,M16HUB;M14,"M16HUB(01:12,RA+RA_sus+RC+RD) → M16A(01:12,RA_sus+RD+SLA) → M16B(01:21,RA_sus+RB_fast+SLA) → M16(01:21,RB+RB_fast) → M14(01:55,RA_sus+RC+SLA)",,,15,18,0,10,5,0,0,0,RA+RA_sus,RA_sus+RC+SLA,,RA_sus+SLA,RA_sus,13.48,2.88,3.01,2.84,2.57,7,-8,2,-3,-9,0,98.82,5,"6ABL6022,6ABL6032,6ABL0111,6ABL0112,6ABL0122",16.53,0,15.35,10.24,0,34,13,31,16,0,"hot_area=M14; S1조기경보; 발동: M16HUB[R-A'(AVGTOTALTIME1MIN=13.48분/기준9.0),R-A_sus]; M14[R-A_sus,R-C'(CNV쏠림),SLA(16.5%4분초과)]; M16A[R-A_sus,SLA(15.3%4분초과)]; M16B[R-A_sus]",10,5,0,0,0,0,0,0,0,0,5,0,0,8,0,5,0,0,0,0,0,0,0,0,0,0,0,0,5,0,0,0,0,5,0,0,0,5,0,0,0,0,0,0,0,48,0,10,0,0,3,0,0,0,0,-16,14,-17,-16,-2,0,0.71,79.79,80.72,87.99,89.66,0,161,105,87,0,0,15,18,0,10,5
M16A_HUBROOM_PR.csv,2026-06-09 02:13,2026-06-09,02:13,3,3단계 ⭐확정,1,1→3,65,경계,M16HUB,15,M16HUB;M16B,"M16HUB(01:13,RA+RD) → M16A(01:13,RA_sus+RD+SLA) → M16B(01:21,RA_sus+RB_fast+SLA) → M16(01:21,RB+RB_fast) → M14(01:55,RA_sus+RC+SLA)",,,15,10,0,10,15,0,0,0,RA+RA_sus,RA_sus+SLA,,RA_sus+SLA,RA_sus+RB_fast+SLA,5.73,2.79,2.82,2.52,3.19,0,-15,8,1,-1,0,98.82,6,"6ABL6011,6ABL6012,6ABL6032,6ABL0111,6ABL0112,6ABL0122",16.94,0,15.13,10.51,0,35,12,41,18,0,"hot_area=M16HUB; S3확정; 발동: M16HUB[R-A'(AVGTOTALTIME1MIN=5.73분/기준9.0),R-A_sus]; M14[R-A_sus,SLA(16.9%4분초과)]; M16A[R-A_sus,SLA(15.1%4분초과)]; M16B[R-A_sus,R-B_fast(+10/10분),SLA(10.5%4분초과)]",10,5,0,0,0,0,0,0,0,0,5,0,0,0,0,5,0,0,0,0,0,0,0,0,0,0,0,0,5,0,0,0,0,5,0,0,0,5,0,5,0,0,5,0,0,50,0,15,0,0,3,0,0,0,0,-14,-7,-2,-10,10,11,0.70,84.26,83.64,86.57,90.25,0,164,95,79,0,0,15,10,0,10,15
M16A_HUBROOM_PR.csv,2026-06-09 02:14,2026-06-09,02:14,1,1단계 조기경보,3,3→1,58,관심,M14,18,M16HUB;M14,"M16HUB(01:14,RA+RA_sus+RD) → M16A(01:18,RA_sus+RD+SLA) → M16B(01:21,RA_sus+RB_fast+SLA) → M16(01:21,RB+RB_fast) → M14(01:55,RA_sus+RC+SLA)",,,15,18,0,10,5,0,0,0,RA+RA_sus,RA_sus+RC+SLA,,RA_sus+SLA,RA_sus,12.31,2.52,3.02,2.92,2.72,9,-13,8,2,2,1.18,98.82,8,"6ABL6011,6ABL6012,6ABL6021,6ABL6031,6ABL6032,6ABL0111,6ABL0112,6ABL0122",16.51,0,15.07,10.54,0,39,14,36,16,0,"hot_area=M14; S1조기경보; 발동: M16HUB[R-A'(AVGTOTALTIME1MIN=12.31분/기준9.0),R-A_sus]; M14[R-A_sus,R-C'(CNV쏠림),SLA(16.5%4분초과)]; M16A[R-A_sus,SLA(15.1%4분초과)]; M16B[R-A_sus]",10,5,0,0,0,0,0,0,0,0,5,0,0,8,0,5,0,0,0,0,0,0,0,0,0,0,0,0,5,0,0,0,0,5,0,0,0,5,0,0,0,0,0,0,0,48,0,10,0,0,3,0,0,0,0,-11,-16,6,-3,1,15,0.70,83.97,84.97,86.81,86.26,0,144,102,90,0,0,15,18,0,10,5
M16A_HUBROOM_PR.csv,2026-06-09 02:15,2026-06-09,02:15,1,1단계 조기경보,1,,55,관심,M16HUB,15,M16HUB,"M16HUB(01:15,RA+RD) → M16A(01:18,RA_sus+RD+SLA) → M16B(01:21,RA_sus+RB_fast+SLA) → M16(01:21,RB+RB_fast) → M14(01:55,RA_sus+RC+SLA)",,,15,10,0,10,5,0,0,5,RA+RA_sus,RA_sus+SLA,,RA_sus+SLA,RA_sus,6.08,2.86,3.08,2.87,2.44,12,-6,13,-11,1,0.59,98.82,5,"6ABL6011,6ABL6021,6ABL6032,6ABL0111,6ABL0112",17.46,0,14.19,8.26,0,42,18,43,18,0,"hot_area=M16HUB; S1조기경보; 발동: M16HUB[R-A'(AVGTOTALTIME1MIN=6.08분/기준9.0),R-A_sus]; M14[R-A_sus,SLA(17.5%4분초과)]; M16A[R-A_sus,SLA(14.2%4분초과)]; M16B[R-A_sus]; M16_WT[R-A_sus]",10,5,0,0,0,0,0,0,0,0,5,0,0,0,0,5,0,0,0,0,0,0,0,0,0,0,0,0,5,0,0,0,0,5,0,0,0,5,0,0,0,0,0,0,0,45,0,10,0,0,3,0,0,0,0,-7,-17,9,-26,-17,1,0.68,85.91,84.04,87.87,86.26,0,173,84,63,0,0,15,10,0,10,5
M16A_HUBROOM_PR.csv,2026-06-09 02:16,2026-06-09,02:16,1,1단계 조기경보,1,,55,관심,M16HUB,15,M16HUB,"M16HUB(01:16,RA+RD) → M16A(01:18,RA_sus+RD+SLA) → M16B(01:21,RA_sus+RB_fast+SLA) → M16(01:21,RB+RB_fast) → M14(01:55,RA_sus+RC+SLA)",,,15,10,0,10,5,0,0,5,RA+RA_sus,RA_sus+SLA,,RA_sus+SLA,RA_sus,6.68,2.59,3.01,2.66,2.77,17,0,10,-2,-2,0,94.08,4,"6ABL6011,6ABL6021,6ABL0112,6ABL0122",18.12,0,13.36,10.77,0,35,12,42,16,0,"hot_area=M16HUB; S1조기경보; 발동: M16HUB[R-A'(AVGTOTALTIME1MIN=6.68분/기준9.0),R-A_sus]; M14[R-A_sus,SLA(18.1%4분초과)]; M16A[R-A_sus,SLA(13.4%4분초과)]; M16B[R-A_sus]; M16_WT[R-A_sus]",10,5,0,0,0,0,0,0,0,0,5,0,0,0,0,5,0,0,0,0,0,0,0,0,0,0,0,0,5,0,0,0,0,5,0,0,0,5,0,0,0,0,0,0,0,45,0,10,0,0,3,0,0,0,0,-4,-16,11,-31,-27,5,0.67,82.51,81.91,87.51,85.23,0,160,91,96,0,0,15,10,0,10,5
M16A_HUBROOM_PR.csv,2026-06-09 02:17,2026-06-09,02:17,1,1단계 조기경보,1,,63,관심,M16HUB,23,M16HUB,"M16HUB(01:17,RA+RD) → M16A(01:18,RA_sus+RD+SLA) → M16B(01:21,RA_sus+RB_fast+SLA) → M16(01:21,RB+RB_fast) → M14(01:55,RA_sus+RC+SLA)",,,23,10,0,10,5,0,0,5,RA+RA_sus+RC,RA_sus+SLA,,RA_sus+SLA,RA_sus,7.17,2.77,2.96,2.62,2.76,17,5,11,-11,13,0.59,94.08,4,"6ABL6011,6ABL6012,6ABL6032,6ABL0112",18.21,0,13.98,11.36,0,39,14,37,14,0,"hot_area=M16HUB; S1조기경보; 발동: M16HUB[R-A'(AVGTOTALTIME1MIN=7.17분/기준9.0),R-A_sus,R-C'(역증가4개:6ABL6011,6ABL6012,6ABL6032,6ABL0112)]; M14[R-A_sus,SLA(18.2%4분초과)]; M16A[R-A_sus,SLA(14.0%4분초과)]; M16B[R-A_sus]; M16_WT[R-A_sus]",10,5,0,0,8,0,0,0,0,0,5,0,0,0,0,5,0,0,0,0,0,0,0,0,0,0,0,0,5,0,0,0,0,5,0,0,0,5,0,0,0,0,0,0,0,53,0,10,0,0,3,0,0,0,0,7,-8,21,-27,-11,-14,0.69,80.56,83.38,87.99,89.07,0,167,85,91,0,0,23,10,0,10,5
M16A_HUBROOM_PR.csv,2026-06-09 02:18,2026-06-09,02:18,1,1단계 조기경보,1,,63,관심,M16HUB,23,M16HUB,"M16HUB(01:18,RA+RD) → M16A(01:18,RA_sus+RD+SLA) → M16B(01:21,RA_sus+RB_fast+SLA) → M16(01:21,RB+RB_fast) → M14(01:55,RA_sus+RC+SLA)",,,23,10,0,10,5,0,0,5,RA+RA_sus+RC,RA_sus+SLA,,RA_sus+SLA,RA_sus,10.56,2.79,3.01,2.77,2.44,22,13,8,8,9,1.78,95.27,4,"6ABL6011,6ABL6022,6ABL6032,6ABL0112",17.75,0,13.91,11.82,0,38,16,39,15,0,"hot_area=M16HUB; S1조기경보; 발동: M16HUB[R-A'(AVGTOTALTIME1MIN=10.56분/기준9.0),R-A_sus,R-C'(역증가4개:6ABL6011,6ABL6022,6ABL6032,6ABL0112)]; M14[R-A_sus,SLA(17.8%4분초과)]; M16A[R-A_sus,SLA(13.9%4분초과)]; M16B[R-A_sus]; M16_WT[R-A_sus]",10,5,0,0,8,0,0,0,0,0,5,0,0,0,0,5,0,0,0,0,0,0,0,0,0,0,0,0,5,0,0,0,0,5,0,0,0,5,0,0,0,0,0,0,0,53,0,10,0,0,3,0,0,0,0,16,-1,14,-11,-8,-12,0.68,82.70,84.57,86.10,88.33,0,170,95,102,0,0,23,10,0,10,5
M16A_HUBROOM_PR.csv,2026-06-09 02:19,2026-06-09,02:19,3,3단계 ⭐확정,1,1→3,60,관심,M16HUB,20,M16HUB,"M16HUB(01:19,RA+RC+RD) → M16A(01:19,RA_sus+RD+SLA) → M16B(01:21,RA_sus+RB_fast+SLA) → M16(01:21,RB+RB_fast) → M14(01:55,RA_sus+RC+SLA)",,,20,10,0,10,5,0,0,5,RA+RA_sus+RB_fast,RA_sus+SLA,,RA_sus+SLA,RA_sus,7.12,2.49,2.87,2.87,3.13,24,27,-4,4,7,1.78,97.04,5,"6ABL6011,6ABL6021,6ABL6022,6ABL6031,6ABL6032",18.47,0,13.66,12.12,0,35,15,38,15,0,"hot_area=M16HUB; S3확정; 발동: M16HUB[R-A'(AVGTOTALTIME1MIN=7.12분/기준9.0),R-A_sus,R-B_fast(+34/10분)]; M14[R-A_sus,SLA(18.5%4분초과)]; M16A[R-A_sus,SLA(13.7%4분초과)]; M16B[R-A_sus]; M16_WT[R-A_sus]",10,5,0,5,0,0,0,0,0,0,5,0,0,0,0,5,0,0,0,0,0,0,0,0,0,0,0,0,5,0,0,0,0,5,0,0,0,5,0,0,0,0,0,0,0,50,0,10,0,0,3,0,0,0,0,34,18,12,-9,5,4,0.59,81.15,83.64,86.10,87.00,0,186,84,96,0,0,20,10,0,10,5
M16A_HUBROOM_PR.csv,2026-06-09 02:20,2026-06-09,02:20,3,3단계 ⭐확정,3,,65,경계,M16HUB,15,M16HUB;M16B,"M16HUB(01:20,RA+RB_fast+RC+RD) → M16A(01:20,RA_sus+RD+SLA) → M16B(01:21,RA_sus+RB_fast+SLA) → M16(01:21,RB+RB_fast) → M14(01:55,RA_sus+RC+SLA)",,,15,10,0,10,15,0,0,0,RA+RA_sus,RA_sus+SLA,,RA_sus+SLA,RA_sus+RB_fast+SLA,5.30,2.91,2.94,2.75,2.74,35,27,3,-1,12,1.78,96.45,4,"6ABL6011,6ABL6021,6ABL6022,6ABL6032",17.75,0,13.60,13.30,0,34,15,40,14,0,"hot_area=M16HUB; S3확정; 발동: M16HUB[R-A'(AVGTOTALTIME1MIN=5.30분/기준9.0),R-A_sus]; M14[R-A_sus,SLA(17.8%4분초과)]; M16A[R-A_sus,SLA(13.6%4분초과)]; M16B[R-A_sus,R-B_fast(+14/10분),SLA(13.3%4분초과)]",10,5,0,0,0,0,0,0,0,0,5,0,0,0,0,5,0,0,0,0,0,0,0,0,0,0,0,0,5,0,0,0,0,5,0,0,0,5,0,5,0,0,5,0,0,50,0,15,0,0,3,0,0,0,0,18,5,11,-16,14,0,0.59,81.92,84.06,85.28,80.95,0,159,99,120,0,0,15,10,0,10,15
M16A_HUBROOM_PR.csv,2026-06-09 02:21,2026-06-09,02:21,3,3단계 ⭐확정,3,,60,관심,M16HUB,15,M16HUB;M16B,"M16HUB(01:21,RA+RB_fast+RC+RD) → M16B(01:21,RA_sus+RB_fast+SLA) → M16(01:21,RB+RB_fast) → M16A(01:24,RA_sus+RB_fast+SLA) → M14(01:55,RA_sus+RC+SLA)",,,15,5,0,10,15,5,0,0,RA+RA_sus,RA_sus,,RA_sus+SLA,RA_sus+RB_fast+SLA,7.40,2.81,3.04,2.77,3.25,41,24,12,13,11,0,98.22,5,"6ABL6011,6ABL6021,6ABL6022,6ABL6032,6ABL0112",17.01,0,13.56,13.52,0,32,14,42,18,0,"hot_area=M16HUB; S3확정; 발동: M16HUB[R-A'(AVGTOTALTIME1MIN=7.40분/기준9.0),R-A_sus]; M14[R-A_sus]; M16A[R-A_sus,SLA(13.6%4분초과)]; M16B[R-A_sus,R-B_fast(+20/10분),SLA(13.5%4분초과)]; M16[R-B_fast(+29/10분)]",10,5,0,0,0,0,0,0,0,0,5,0,0,0,0,0,0,0,0,0,0,0,0,0,0,0,0,0,5,0,0,0,0,5,0,0,0,5,0,5,0,0,5,0,0,50,0,10,0,0,3,0,0,0,0,21,1,13,12,20,4,0.54,79.69,83.93,86.22,83.90,0,158,91,108,0,0,15,5,0,10,15
M16A_HUBROOM_PR.csv,2026-06-09 02:22,2026-06-09,02:22,2,2단계 주의보,3,3→2,40,관심,M16HUB,20,M16HUB,"M16HUB(01:22,RB_fast+RC+RD) → M16(01:23,RB+RB_fast) → M16A(01:24,RA_sus+RB_fast+SLA) → M14(01:55,RA_sus+RC+SLA) → M16B(02:06,RA_sus+RB_fast+SLA)",,,20,5,0,5,10,0,0,0,RA+RA_sus+RB_fast,RA_sus,,RA_sus,RA_sus+RB_fast,6.20,2.74,2.92,2.71,2.59,56,19,15,29,9,0.59,97.04,7,"6ABL6011,6ABL6012,6ABL6021,6ABL6022,6ABL6032,6ABL0112,6ABL0121",16.51,0,12.47,11.53,0,31,14,42,16,0,"hot_area=M16HUB; S2주의보; 발동: M16HUB[R-A'(AVGTOTALTIME1MIN=6.20분/기준9.0),R-A_sus,R-B_fast(+47/10분)]; M14[R-A_sus]; M16A[R-A_sus]; M16B[R-A_sus,R-B_fast(+11/10분)]",10,5,0,5,0,0,0,0,0,0,5,0,0,0,0,0,0,0,0,0,0,0,0,0,0,0,0,0,5,0,0,0,0,0,0,0,0,5,0,5,0,0,0,0,0,40,0,0,0,0,2,0,0,0,0,47,9,16,16,11,7,0.56,75.90,86.45,85.75,81.09,0,161,93,102,0,0,20,5,0,5,10
M16A_HUBROOM_PR.csv,2026-06-09 02:23,2026-06-09,02:23,2,2단계 주의보,2,,45,관심,M16HUB,15,M16HUB,"M16HUB(01:23,RB_fast+RC+RD) → M16(01:23,RB+RB_fast) → M16A(01:24,RA_sus+RB_fast+SLA) → M14(01:55,RA_sus+RC+SLA) → M16B(02:06,RA_sus+RB_fast+SLA)",,,15,5,0,10,5,5,5,0,RA+RA_sus,RA_sus,,RA_sus+RB_fast,RA_sus,7.70,2.57,3.17,2.69,2.80,42,23,12,26,7,1.18,94.08,5,"6ABL6011,6ABL6022,6ABL6031,6ABL6032,6ABL0112",15.04,0,12.04,12.36,0,31,13,39,15,0,"hot_area=M16HUB; S2주의보; 발동: M16HUB[R-A'(AVGTOTALTIME1MIN=7.70분/기준9.0),R-A_sus]; M14[R-A_sus]; M16A[R-A_sus,R-B_fast(+26/10분)]; M16B[R-A_sus]; M16[R-B_fast(+27/10분)]; M16_PKT[R-A_sus]",10,5,0,0,0,0,0,0,0,0,5,0,0,0,0,0,0,0,0,0,0,0,0,0,0,0,0,0,5,0,5,0,0,0,0,0,0,5,0,0,0,0,0,0,0,45,0,0,0,0,2,0,0,0,0,26,12,7,26,1,21,0.57,79.98,86.06,88.10,83.16,0,153,81,96,0,0,15,5,0,10,5
M16A_HUBROOM_PR.csv,2026-06-09 02:24,2026-06-09,02:24,1,1단계 조기경보,2,2→1,35,관심,M16HUB,15,M16HUB,"M16A(01:24,RA_sus+RB_fast+SLA) → M16(01:25,RB+RB_fast) → M16HUB(01:35,RC+RD) → M14(01:55,RA_sus+RC+SLA) → M16B(02:06,RA_sus+RB_fast+SLA)",,,15,5,0,5,5,0,5,0,RA+RA_sus,RA_sus,,RA_sus,RA_sus,7.34,2.43,3.19,2.55,2.26,29,19,8,20,5,1.78,91.72,7,"6ABL6011,6ABL6012,6ABL6021,6ABL6022,6ABL6032,6ABL0111,6ABL0122",14.93,0,12.05,12.04,0,33,13,40,18,0,"hot_area=M16HUB; S1조기경보; 발동: M16HUB[R-A'(AVGTOTALTIME1MIN=7.34분/기준9.0),R-A_sus]; M14[R-A_sus]; M16A[R-A_sus]; M16B[R-A_sus]; M16_PKT[R-A_sus]",10,5,0,0,0,0,0,0,0,0,5,0,0,0,0,0,0,0,0,0,0,0,0,0,0,0,0,0,5,0,0,0,0,0,0,0,0,5,0,0,0,0,0,0,0,35,0,0,0,0,1,0,0,0,0,20,16,1,14,1,26,0.55,79.88,83.78,85.51,81.09,0,135,88,102,0,0,15,5,0,5,5
M16A_HUBROOM_PR.csv,2026-06-09 02:25,2026-06-09,02:25,3,3단계 ⭐확정,1,1→3,55,관심,M16HUB,15,M16HUB,"M16A(01:25,RA_sus+RB_fast+SLA) → M16(01:25,RB+RB_fast) → M16HUB(01:35,RC+RD) → M14(01:55,RA_sus+RC+SLA) → M16B(02:06,RA_sus+RB_fast+SLA)",,,15,5,0,10,10,5,5,0,RA+RA_sus,RA_sus,,RA_sus+RB_fast,RA_sus+SLA,7.71,2.52,2.96,2.73,2.72,31,17,4,10,-3,2.96,90.53,6,"6ABL6011,6ABL6012,6ABL6021,6ABL6022,6ABL6032,6ABL0122",13.74,0,12.33,12.43,0,30,13,38,15,0,"hot_area=M16HUB; S3확정; 발동: M16HUB[R-A'(AVGTOTALTIME1MIN=7.71분/기준9.0),R-A_sus]; M14[R-A_sus]; M16A[R-A_sus,R-B_fast(+31/10분)]; M16B[R-A_sus,SLA(12.4%4분초과)]; M16[R-B_fast(+24/10분)]; M16_PKT[R-A_sus]",10,5,0,0,0,0,0,0,0,0,5,0,0,0,0,0,0,0,0,0,0,0,0,0,0,0,0,0,5,0,5,0,0,0,0,0,0,5,0,0,0,0,5,0,0,50,0,5,0,0,1,0,0,0,0,12,14,-7,31,0,30,0.60,78.43,81.65,82.80,82.87,0,139,82,94,0,0,15,5,0,10,10
M16A_HUBROOM_PR.csv,2026-06-09 02:26,2026-06-09,02:26,1,1단계 조기경보,3,3→1,55,관심,M16HUB,15,M16HUB,"M16A(01:26,RA_sus+RB_fast+SLA) → M16HUB(01:35,RC+RD) → M16(01:41,RB+RB_fast) → M14(01:55,RA_sus+RC+SLA) → M16B(02:06,RA_sus+RB_fast+SLA)",,,15,5,0,10,10,0,5,0,RA+RA_sus,RA_sus,,RA_sus+SLA,RA_sus+SLA,5.31,2.57,3.04,2.71,2.74,32,6,10,9,-1,4.14,91.72,6,"6ABL6011,6ABL6012,6ABL6021,6ABL6022,6ABL6031,6ABL0122",13.13,0,13.39,13.24,0,28,11,37,17,0,"hot_area=M16HUB; S1조기경보; 발동: M16HUB[R-A'(AVGTOTALTIME1MIN=5.31분/기준9.0),R-A_sus]; M14[R-A_sus]; M16A[R-A_sus,SLA(13.4%4분초과)]; M16B[R-A_sus,SLA(13.2%4분초과)]; M16_PKT[R-A_sus]",10,5,0,0,0,0,0,0,0,0,5,0,0,0,0,0,0,0,0,0,0,0,0,0,0,0,0,0,5,0,0,0,0,5,0,0,0,5,0,0,0,0,5,0,0,45,0,10,0,0,1,0,0,0,0,11,2,-8,16,9,14,0.59,79.69,82.45,85.39,79.17,0,118,100,116,0,0,15,5,0,10,10
M16A_HUBROOM_PR.csv,2026-06-09 02:27,2026-06-09,02:27,2,2단계 주의보,1,1→2,40,관심,M16HUB,15,M16HUB,"M16A(01:27,RA_sus+RB_fast+SLA) → M16HUB(01:35,RC+RD) → M16(01:41,RB+RB_fast) → M14(01:55,RA_sus+RC+SLA) → M16B(02:06,RA_sus+RB_fast+SLA)",,,15,5,0,10,5,0,5,0,RA+RA_sus,RA_sus,,RA_sus+RB_fast,RA_sus,9.53,2.47,3.19,2.78,2.54,10,-2,5,7,-9,5.33,90.53,6,"6ABL6021,6ABL6022,6ABL6032,6ABL0111,6ABL0121,6ABL0122",12.71,0,12.61,12.98,0,28,11,40,16,0,"hot_area=M16HUB; S2주의보; 발동: M16HUB[R-A'(AVGTOTALTIME1MIN=9.53분/기준9.0),R-A_sus]; M14[R-A_sus]; M16A[R-A_sus,R-B_fast(+27/10분)]; M16B[R-A_sus]; M16_PKT[R-A_sus]",10,5,0,0,0,0,0,0,0,0,5,0,0,0,0,0,0,0,0,0,0,0,0,0,0,0,0,0,5,0,5,0,0,0,0,0,0,5,0,0,0,0,0,0,0,40,0,0,0,0,2,0,0,0,0,-12,-8,-12,27,-6,11,0.65,78.62,86.17,85.98,81.83,0,116,83,102,0,0,15,5,0,10,5
M16A_HUBROOM_PR.csv,2026-06-09 02:28,2026-06-09,02:28,1,1단계 조기경보,2,2→1,35,관심,M16HUB,15,M16HUB,"M16A(01:28,RA_sus+RB_fast+SLA) → M16HUB(01:35,RC+RD) → M16(01:41,RB+RB_fast) → M14(01:55,RA_sus+RC+SLA) → M16B(02:06,RA_sus+RB_fast+SLA)",,,15,5,0,5,5,0,5,0,RA+RA_sus,RA_sus,,RA_sus,RA_sus,10.61,2.39,2.90,2.73,2.47,-6,-7,-3,14,-9,5.33,88.17,5,"6ABL6021,6ABL6032,6ABL0111,6ABL0121,6ABL0122",11.68,0,11.38,11.61,0,30,12,37,17,0,"hot_area=M16HUB; S1조기경보; 발동: M16HUB[R-A'(AVGTOTALTIME1MIN=10.61분/기준9.0),R-A_sus]; M14[R-A_sus]; M16A[R-A_sus]; M16B[R-A_sus]; M16_PKT[R-A_sus]",10,5,0,0,0,0,0,0,0,0,5,0,0,0,0,0,0,0,0,0,0,0,0,0,0,0,0,0,5,0,0,0,0,0,0,0,0,5,0,0,0,0,0,0,0,35,0,0,0,0,2,0,0,0,0,-23,-15,-9,17,-6,9,0.68,78.79,83.91,88.69,82.27,0,109,81,96,0,0,15,5,0,5,5
M16A_HUBROOM_PR.csv,2026-06-09 02:29,2026-06-09,02:29,2,2단계 주의보,1,1→2,43,관심,M16HUB,15,M16HUB,"M16A(01:29,RA_sus+RB_fast+SLA) → M16HUB(01:35,RC+RD) → M16(01:41,RB+RB_fast) → M14(01:55,RA_sus+RC+SLA) → M16B(02:06,RA_sus+RB_fast+SLA)",,,15,13,0,10,5,0,0,0,RA+RA_sus,RA_sus+RC,,RA_sus+RB_fast,RA_sus,8.25,2.33,2.93,2.63,2.45,-15,-12,-6,16,-8,4.14,89.35,7,"6ABL6011,6ABL6021,6ABL6022,6ABL6031,6ABL6032,6ABL0121,6ABL0122",10.76,0,11.13,8.82,0,33,12,38,20,0,"hot_area=M16HUB; S2주의보; 발동: M16HUB[R-A'(AVGTOTALTIME1MIN=8.25분/기준9.0),R-A_sus]; M14[R-A_sus,R-C'(CNV쏠림)]; M16A[R-A_sus,R-B_fast(+31/10분)]; M16B[R-A_sus]",10,5,0,0,0,0,0,0,0,0,5,0,0,8,0,0,0,0,0,0,0,0,0,0,0,0,0,0,5,0,5,0,0,0,0,0,0,5,0,0,0,0,0,0,0,43,0,0,0,0,2,0,0,0,0,-39,-40,-1,31,-6,15,0.73,83.75,83.00,89.63,84.34,0,105,70,65,0,0,15,13,0,10,5
M16A_HUBROOM_PR.csv,2026-06-09 02:30,2026-06-09,02:30,2,2단계 주의보,2,,35,관심,M16HUB,15,M16HUB,"M16A(01:30,RA_sus+RB_fast+SLA) → M16HUB(01:35,RC+RD) → M16(01:41,RB+RB_fast) → M14(01:55,RA_sus+RC+SLA) → M16B(02:06,RA_sus+RB_fast+SLA)",,,15,5,0,10,5,0,0,0,RA+RA_sus,RA_sus,,RA_sus+RB_fast,RA_sus,8.15,2.84,2.86,2.76,2.43,-15,-6,-6,27,-4,4.73,88.76,8,"6ABL6011,6ABL6012,6ABL6021,6ABL6022,6ABL6031,6ABL6032,6ABL0121,6ABL0122",10.44,0,10.70,11.36,0,31,12,33,15,0,"hot_area=M16HUB; S2주의보; 발동: M16HUB[R-A'(AVGTOTALTIME1MIN=8.15분/기준9.0),R-A_sus]; M14[R-A_sus]; M16A[R-A_sus,R-B_fast(+43/10분)]; M16B[R-A_sus]",10,5,0,0,0,0,0,0,0,0,5,0,0,0,0,0,0,0,0,0,0,0,0,0,0,0,0,0,5,0,5,0,0,0,0,0,0,5,0,0,0,0,0,0,0,35,0,0,0,0,2,0,0,0,0,-40,-30,-2,43,-4,24,0.69,80.84,79.92,88.81,80.80,0,91,76,96,0,0,15,5,0,10,5
M16A_HUBROOM_PR.csv,2026-06-09 02:31,2026-06-09,02:31,1,1단계 조기경보,2,2→1,35,관심,M16HUB,15,M16HUB,"M16HUB(01:35,RC+RD) → M16(01:41,RB+RB_fast) → M14(01:55,RA_sus+RC+SLA) → M16A(02:01,RA_sus+RB_fast+SLA) → M16B(02:06,RA_sus+RB_fast+SLA)",M16B_10F_TO_HUB=1.6x(주의),,15,5,0,5,5,0,0,0,RA+RA_sus,RA_sus,,RA_sus,RA_sus,6.94,2.57,2.84,2.52,2.61,2,8,-5,-8,20,4.14,91.12,7,"6ABL6011,6ABL6012,6ABL6021,6ABL6022,6ABL6031,6ABL6032,6ABL0122",11.14,0,10.47,11.21,0,32,13,33,15,0,"hot_area=M16HUB; S1조기경보; 발동: M16HUB[R-A'(AVGTOTALTIME1MIN=6.94분/기준9.0),R-A_sus]; M14[R-A_sus]; M16A[R-A_sus]; M16B[R-A_sus]; 흐름:M16B_10F_TO_HUB=1.6x(주의)",10,5,0,0,0,0,0,0,0,0,5,0,0,0,0,0,0,0,0,0,0,0,0,0,0,0,0,0,5,0,0,0,0,0,0,0,0,5,0,0,0,0,0,0,0,30,5,0,0,0,2,0,0,0,0,-22,-14,-4,18,8,33,0.67,82.20,80.98,87.40,85.52,0,100,67,85,0,0,15,5,0,5,5
M16A_HUBROOM_PR.csv,2026-06-09 02:32,2026-06-09,02:32,2,2단계 주의보,1,1→2,40,관심,M16HUB,15,M16HUB,"M16HUB(01:35,RC+RD) → M16(01:41,RB+RB_fast) → M14(01:55,RA_sus+RC+SLA) → M16A(02:01,RA_sus+RB_fast+SLA) → M16B(02:06,RA_sus+RB_fast+SLA)",,,15,5,0,10,10,0,0,0,RA+RA_sus,RA_sus,,RA_sus+RB_fast,RA_sus+RB_fast,11.16,2.59,2.94,2.68,2.69,12,16,-4,34,20,2.37,93.49,10,"6ABL6011,6ABL6012,6ABL6021,6ABL6022,6ABL6031,6ABL6032,6ABL0111,6ABL0112,6ABL0121,6ABL0122",11.68,0,11.65,10.74,0,28,11,34,15,0,"hot_area=M16HUB; S2주의보; 발동: M16HUB[R-A'(AVGTOTALTIME1MIN=11.16분/기준9.0),R-A_sus]; M14[R-A_sus]; M16A[R-A_sus,R-B_fast(+34/10분)]; M16B[R-A_sus,R-B_fast(+11/10분)]",10,5,0,0,0,0,0,0,0,0,5,0,0,0,0,0,0,0,0,0,0,0,0,0,0,0,0,0,5,0,5,0,0,0,0,0,0,5,0,5,0,0,0,0,0,40,0,0,0,0,3,0,0,0,0,-19,-7,-3,34,11,41,0.67,80.93,80.45,83.75,84.64,0,107,81,88,0,0,15,5,0,10,10
M16A_HUBROOM_PR.csv,2026-06-09 02:33,2026-06-09,02:33,2,2단계 주의보,2,,45,관심,M16HUB,15,M16HUB,"M16HUB(01:35,RC+RD) → M16(01:41,RB+RB_fast) → M14(01:55,RA_sus+RC+SLA) → M16A(02:01,RA_sus+RB_fast+SLA) → M16B(02:06,RA_sus+RB_fast+SLA)",M16B_10F_TO_HUB=1.6x(주의),,15,5,0,10,10,0,0,0,RA+RA_sus,RA_sus,,RA_sus+RB_fast,RA_sus+RB_fast,5.74,2.49,2.76,2.71,2.34,-10,-1,-3,48,22,1.18,90.53,9,"6ABL6011,6ABL6012,6ABL6022,6ABL6031,6ABL6032,6ABL0111,6ABL0112,6ABL0121,6ABL0122",13.27,0,11.87,8.20,0,33,12,34,18,0,"hot_area=M16HUB; S2주의보; 발동: M16HUB[R-A'(AVGTOTALTIME1MIN=5.74분/기준9.0),R-A_sus]; M14[R-A_sus]; M16A[R-A_sus,R-B_fast(+32/10분)]; M16B[R-A_sus,R-B_fast(+11/10분)]; 흐름:M16B_10F_TO_HUB=1.6x(주의)",10,5,0,0,0,0,0,0,0,0,5,0,0,0,0,0,0,0,0,0,0,0,0,0,0,0,0,0,5,0,5,0,0,0,0,0,0,5,0,5,0,0,0,0,0,40,5,0,0,0,3,0,0,0,0,-22,-6,-8,32,11,43,0.65,81.03,79.92,82.21,88.04,0,127,73,60,0,0,15,5,0,10,10
M16A_HUBROOM_PR.csv,2026-06-09 02:34,2026-06-09,02:34,2,2단계 주의보,2,,35,관심,M16HUB,15,M16HUB,"M16HUB(01:35,RC+RD) → M16(01:41,RB+RB_fast) → M14(01:55,RA_sus+RC+SLA) → M16A(02:01,RA_sus+RB_fast+SLA) → M16B(02:06,RA_sus+RB_fast+SLA)",,,15,5,0,10,5,0,0,0,RA+RA_sus,RA_sus,,RA_sus+RB_fast,RA_sus,12.78,2.96,2.88,2.46,2.50,6,8,-4,56,8,0.59,91.72,8,"6ABL6011,6ABL6012,6ABL6022,6ABL6031,6ABL6032,6ABL0112,6ABL0121,6ABL0122",13.43,0,11.95,10.70,0,31,11,33,17,0,"hot_area=M16HUB; S2주의보; 발동: M16HUB[R-A'(AVGTOTALTIME1MIN=12.78분/기준9.0),R-A_sus]; M14[R-A_sus]; M16A[R-A_sus,R-B_fast(+45/10분)]; M16B[R-A_sus]",10,5,0,0,0,0,0,0,0,0,5,0,0,0,0,0,0,0,0,0,0,0,0,0,0,0,0,0,5,0,5,0,0,0,0,0,0,5,0,0,0,0,0,0,0,35,0,0,0,0,4,0,0,0,0,-3,8,-11,45,6,30,0.64,80.25,76.60,84.33,85.08,0,114,81,86,0,0,15,5,0,10,5
M16A_HUBROOM_PR.csv,2026-06-09 02:35,2026-06-09,02:35,2,2단계 주의보,2,,40,관심,M16HUB,15,M16HUB,"M16HUB(01:35,RC+RD) → M16(01:41,RB+RB_fast) → M14(01:55,RA_sus+RC+SLA) → M16A(02:01,RA_sus+RB_fast+SLA) → M16B(02:06,RA_sus+RB_fast+SLA)",,,15,5,0,10,10,0,0,0,RA+RA_sus,RA_sus,,RA_sus+RB_fast,RA_sus+RB_fast,6.33,2.84,3.23,2.50,2.42,-1,9,-8,38,-6,1.18,94.08,7,"6ABL6011,6ABL6012,6ABL6022,6ABL6031,6ABL6032,6ABL0112,6ABL0122",14.59,0,11.20,8.30,0,32,12,32,17,0,"hot_area=M16HUB; S2주의보; 발동: M16HUB[R-A'(AVGTOTALTIME1MIN=6.33분/기준9.0),R-A_sus]; M14[R-A_sus]; M16A[R-A_sus,R-B_fast(+33/10분)]; M16B[R-A_sus,R-B_fast(+11/10분)]",10,5,0,0,0,0,0,0,0,0,5,0,0,0,0,0,0,0,0,0,0,0,0,0,0,0,0,0,5,0,5,0,0,0,0,0,0,5,0,5,0,0,0,0,0,40,0,0,0,0,4,0,0,0,0,-6,12,-10,33,11,34,0.63,81.91,74.34,84.33,86.56,0,143,67,58,0,0,15,5,0,10,10
M16A_HUBROOM_PR.csv,2026-06-09 02:36,2026-06-09,02:36,2,2단계 주의보,2,,35,관심,M16HUB,15,M16HUB,"M16HUB(01:38,RA_sus+RC+RD) → M16(01:41,RB+RB_fast) → M14(01:55,RA_sus+RC+SLA) → M16A(02:01,RA_sus+RB_fast+SLA) → M16B(02:06,RA_sus+RB_fast+SLA)",,,15,5,0,10,5,0,0,0,RA+RA_sus,RA_sus,,RA_sus+RB_fast,RA_sus,7.62,2.62,3.54,2.57,2.58,-8,4,-1,34,-13,4.14,93.49,7,"6ABL6011,6ABL6012,6ABL6022,6ABL6031,6ABL6032,6ABL0121,6ABL0122",15.00,0,10.52,11.73,0,34,13,30,14,0,"hot_area=M16HUB; S2주의보; 발동: M16HUB[R-A'(AVGTOTALTIME1MIN=7.62분/기준9.0),R-A_sus]; M14[R-A_sus]; M16A[R-A_sus,R-B_fast(+49/10분)]; M16B[R-A_sus]",10,5,0,0,0,0,0,0,0,0,5,0,0,0,0,0,0,0,0,0,0,0,0,0,0,0,0,0,5,0,5,0,0,0,0,0,0,5,0,0,0,0,0,0,0,35,0,0,0,0,4,0,0,0,0,-15,18,-4,49,5,29,0.66,80.93,79.92,83.39,85.38,0,135,75,97,0,0,15,5,0,10,5
M16A_HUBROOM_PR.csv,2026-06-09 02:37,2026-06-09,02:37,3,3단계 ⭐확정,2,2→3,50,관심,M16HUB,15,M16HUB,"M16HUB(01:38,RA_sus+RC+RD) → M16(01:41,RB+RB_fast) → M14(01:55,RA_sus+RC+SLA) → M16A(02:01,RA_sus+RB_fast+SLA) → M16B(02:06,RA_sus+RB_fast+SLA)",M16A_2F_TO_HUB=1.7x(주의),,15,10,0,10,5,0,0,0,RA+RA_sus,RA_sus+SLA,,RA_sus+RB_fast,RA_sus,6.25,2.51,3.07,2.66,2.99,-2,5,4,26,-19,3.55,90.53,9,"6ABL6011,6ABL6012,6ABL6022,6ABL6031,6ABL6032,6ABL0111,6ABL0112,6ABL0121,6ABL0122",16.17,0,10.58,11.94,0,34,15,32,18,0,"hot_area=M16HUB; S3확정; 발동: M16HUB[R-A'(AVGTOTALTIME1MIN=6.25분/기준9.0),R-A_sus]; M14[R-A_sus,SLA(16.2%4분초과)]; M16A[R-A_sus,R-B_fast(+26/10분)]; M16B[R-A_sus]; 흐름:M16A_2F_TO_HUB=1.7x(주의)",10,5,0,0,0,0,0,0,0,0,5,0,0,0,0,5,0,0,0,0,0,0,0,0,0,0,0,0,5,0,5,0,0,0,0,0,0,5,0,0,0,0,0,0,0,40,5,5,0,0,3,0,0,0,0,3,21,-5,26,-2,41,0.66,80.64,81.91,85.51,85.08,0,152,68,90,0,0,15,10,0,10,5
M16A_HUBROOM_PR.csv,2026-06-09 02:38,2026-06-09,02:38,3,3단계 ⭐확정,3,,55,관심,M16HUB,15,M16HUB,"M16HUB(01:38,RA_sus+RC+RD) → M16(01:41,RB+RB_fast) → M14(01:55,RA_sus+RC+SLA) → M16A(02:01,RA_sus+RB_fast+SLA) → M16B(02:06,RA_sus+RB_fast+SLA)",M16A_2F_TO_HUB=1.7x(주의),,15,10,0,10,5,5,0,0,RA+RA_sus,RA_sus+SLA,,RA_sus+RB_fast,RA_sus,10.42,2.83,2.75,2.54,2.68,-11,1,-3,35,-14,4.14,91.72,8,"6ABL6012,6ABL6021,6ABL6022,6ABL6031,6ABL6032,6ABL0111,6ABL0112,6ABL0122",16.39,0,10.55,10.97,0,32,13,31,20,0,"hot_area=M16HUB; S3확정; 발동: M16HUB[R-A'(AVGTOTALTIME1MIN=10.42분/기준9.0),R-A_sus]; M14[R-A_sus,SLA(16.4%4분초과)]; M16A[R-A_sus,R-B_fast(+29/10분)]; M16B[R-A_sus]; M16[R-B_fast(+10/10분)]; 흐름:M16A_2F_TO_HUB=1.7x(주의)",10,5,0,0,0,0,0,0,0,0,5,0,0,0,0,5,0,0,0,0,0,0,0,0,0,0,0,0,5,0,5,0,0,0,0,0,0,5,0,0,0,0,0,0,0,45,5,5,0,0,3,0,0,0,0,-4,17,-8,29,0,34,0.65,78.21,82.05,86.34,88.18,0,159,73,92,0,0,15,10,0,10,5
M16A_HUBROOM_PR.csv,2026-06-09 02:39,2026-06-09,02:39,3,3단계 ⭐확정,3,,60,관심,M16HUB,15,M16HUB;M14,"M16HUB(01:39,RB_fast+RC+RD) → M16(01:41,RB+RB_fast) → M14(01:55,RA_sus+RC+SLA) → M16A(02:01,RA_sus+RB_fast+SLA) → M16B(02:06,RA_sus+RB_fast+SLA)",M16A_2F_TO_HUB=1.7x(주의),,15,15,0,5,10,0,0,0,RA+RA_sus,RA_sus+RB_fast+SLA,,RA_sus,RA_sus+SLA,6.50,2.68,2.69,2.43,3.02,-1,9,-7,43,-2,4.14,91.72,7,"6ABL6012,6ABL6021,6ABL6031,6ABL6032,6ABL0112,6ABL0121,6ABL0122",16.88,0,10.75,11.80,0,30,12,32,20,0,"hot_area=M16HUB; S3확정; 발동: M16HUB[R-A'(AVGTOTALTIME1MIN=6.50분/기준9.0),R-A_sus]; M14[R-A_sus,R-B_fast(+31/10분),SLA(16.9%4분초과)]; M16A[R-A_sus]; M16B[R-A_sus,SLA(11.8%4분초과)]; 흐름:M16A_2F_TO_HUB=1.7x(주의)",10,5,0,0,0,0,0,0,0,0,5,0,5,0,0,5,0,0,0,0,0,0,0,0,0,0,0,0,5,0,0,0,0,0,0,0,0,5,0,0,0,0,5,0,0,45,5,10,0,0,3,0,0,0,0,4,31,-18,21,-1,32,0.65,77.04,81.25,85.98,84.05,0,147,67,90,0,0,15,15,0,5,10
M16A_HUBROOM_PR.csv,2026-06-09 02:40,2026-06-09,02:40,3,3단계 ⭐확정,3,,50,관심,M16HUB,15,M16HUB;M14,"M16HUB(01:40,RA_sus+RC+RD) → M16(01:41,RB+RB_fast) → M14(01:55,RA_sus+RC+SLA) → M16A(02:01,RA_sus+RB_fast+SLA) → M16B(02:06,RA_sus+RB_fast+SLA)",M16A_2F_TO_HUB=1.6x(주의),,15,15,0,5,5,0,0,0,RA+RA_sus,RA_sus+RB_fast+SLA,,RA_sus,RA_sus,4.98,2.63,2.73,2.74,2.57,-19,4,-8,35,9,2.96,91.12,8,"6ABL6011,6ABL6012,6ABL6022,6ABL6031,6ABL6032,6ABL0112,6ABL0121,6ABL0122",17.35,0,10.42,10.57,0,34,13,30,20,0,"hot_area=M16HUB; S3확정; 발동: M16HUB[R-A'(AVGTOTALTIME1MIN=4.98분/기준9.0),R-A_sus]; M14[R-A_sus,R-B_fast(+29/10분),SLA(17.4%4분초과)]; M16A[R-A_sus]; M16B[R-A_sus]; 흐름:M16A_2F_TO_HUB=1.6x(주의)",10,5,0,0,0,0,0,0,0,0,5,0,5,0,0,5,0,0,0,0,0,0,0,0,0,0,0,0,5,0,0,0,0,0,0,0,0,5,0,0,0,0,0,0,0,40,5,5,0,0,3,0,0,0,0,3,29,-17,8,-1,42,0.65,78.79,76.73,84.81,84.93,0,174,74,91,0,0,15,15,0,5,5
M16A_HUBROOM_PR.csv,2026-06-09 02:41,2026-06-09,02:41,1,1단계 조기경보,3,3→1,40,관심,M16HUB,15,M16HUB,"M16HUB(01:41,RC+RD) → M16(01:41,RB+RB_fast) → M14(01:55,RA_sus+RC+SLA) → M16A(02:01,RA_sus+RB_fast+SLA) → M16B(02:06,RA_sus+RB_fast+SLA)",,,15,10,0,5,5,0,0,0,RA+RA_sus,RA_sus+SLA,,RA_sus,RA_sus,7.37,2.78,3.09,2.50,2.79,-7,1,-2,42,10,2.37,89.35,7,"6ABL6011,6ABL6012,6ABL6022,6ABL6031,6ABL6032,6ABL0121,6ABL0122",17.78,0,10.16,10.49,0,37,14,30,21,0,"hot_area=M16HUB; S1조기경보; 발동: M16HUB[R-A'(AVGTOTALTIME1MIN=7.37분/기준9.0),R-A_sus]; M14[R-A_sus,SLA(17.8%4분초과)]; M16A[R-A_sus]; M16B[R-A_sus]",10,5,0,0,0,0,0,0,0,0,5,0,0,0,0,5,0,0,0,0,0,0,0,0,0,0,0,0,5,0,0,0,0,0,0,0,0,5,0,0,0,0,0,0,0,35,0,5,0,0,3,0,0,0,0,-6,14,-11,12,-18,37,0.65,78.99,78.09,84.69,80.21,0,160,65,81,0,0,15,10,0,5,5
M16A_HUBROOM_PR.csv,2026-06-09 02:42,2026-06-09,02:42,3,3단계 ⭐확정,1,1→3,45,관심,M16HUB,15,M16HUB,"M16HUB(01:42,RA_sus+RC+RD) → M16(01:43,RB+RB_fast) → M14(01:55,RA_sus+RC+SLA) → M16A(02:01,RA_sus+RB_fast+SLA) → M16B(02:06,RA_sus+RB_fast+SLA)",,,15,10,0,5,5,5,0,0,RA+RA_sus,RA_sus+SLA,,RA_sus,RA_sus,9.86,2.71,2.93,2.64,2.24,6,17,5,25,4,5.33,89.94,6,"6ABL6012,6ABL6022,6ABL6031,6ABL6032,6ABL0111,6ABL0122",16.88,0,10.62,10.32,0,31,12,29,16,0,"hot_area=M16HUB; S3확정; 발동: M16HUB[R-A'(AVGTOTALTIME1MIN=9.86분/기준9.0),R-A_sus]; M14[R-A_sus,SLA(16.9%4분초과)]; M16A[R-A_sus]; M16B[R-A_sus]; M16[R-B_fast(+14/10분)]",10,5,0,0,0,0,0,0,0,0,5,0,0,0,0,5,0,0,0,0,0,0,0,0,0,0,0,0,5,0,0,0,0,0,0,0,0,5,0,0,0,0,0,0,0,40,0,5,0,0,3,0,0,0,0,-22,15,-8,-25,-18,34,0.64,81.03,74.07,84.10,79.76,0,156,74,86,0,0,15,10,0,5,5
M16A_HUBROOM_PR.csv,2026-06-09 02:43,2026-06-09,02:43,1,1단계 조기경보,3,3→1,40,관심,M16HUB,15,M16HUB,"M16HUB(01:43,RC+RD) → M16(01:43,RB+RB_fast) → M14(01:55,RA_sus+RC+SLA) → M16A(02:01,RA_sus+RB_fast+SLA) → M16B(02:06,RA_sus+RB_fast+SLA)",,,15,10,0,5,5,0,0,0,RA+RA_sus,RA_sus+SLA,,RA_sus,RA_sus,6.87,2.48,2.90,2.73,2.86,-14,4,-6,25,-11,4.73,91.72,7,"6ABL6012,6ABL6022,6ABL6031,6ABL6032,6ABL0111,6ABL0121,6ABL0122",16.30,0,10.53,10.43,0,32,15,33,19,0,"hot_area=M16HUB; S1조기경보; 발동: M16HUB[R-A'(AVGTOTALTIME1MIN=6.87분/기준9.0),R-A_sus]; M14[R-A_sus,SLA(16.3%4분초과)]; M16A[R-A_sus]; M16B[R-A_sus]",10,5,0,0,0,0,0,0,0,0,5,0,0,0,0,5,0,0,0,0,0,0,0,0,0,0,0,0,5,0,0,0,0,0,0,0,0,5,0,0,0,0,0,0,0,35,0,5,0,0,3,0,0,0,0,-18,-2,-5,-33,-23,30,0.67,84.73,76.20,83.86,83.90,0,148,65,78,0,0,15,10,0,5,5
M16A_HUBROOM_PR.csv,2026-06-09 02:44,2026-06-09,02:44,1,1단계 조기경보,1,,40,관심,M16HUB,15,M16HUB,"M16HUB(01:44,RA_sus+RC+RD) → M16(01:45,RB+RB_fast) → M14(01:55,RA_sus+RC+SLA) → M16A(02:01,RA_sus+RB_fast+SLA) → M16B(02:06,RA_sus+RB_fast+SLA)",,,15,10,0,5,5,0,0,0,RA+RA_sus,RA_sus+SLA,,RA_sus,RA_sus,9.05,2.63,2.71,2.74,2.76,-15,9,-13,31,-12,3.55,92.90,8,"6ABL6012,6ABL6022,6ABL6031,6ABL6032,6ABL0111,6ABL0112,6ABL0121,6ABL0122",15.58,0,10.63,10.64,0,31,14,26,15,0,"hot_area=M16HUB; S1조기경보; 발동: M16HUB[R-A'(AVGTOTALTIME1MIN=9.05분/기준9.0),R-A_sus]; M14[R-A_sus,SLA(15.6%4분초과)]; M16A[R-A_sus]; M16B[R-A_sus]",10,5,0,0,0,0,0,0,0,0,5,0,0,0,0,5,0,0,0,0,0,0,0,0,0,0,0,0,5,0,0,0,0,0,0,0,0,5,0,0,0,0,0,0,0,35,0,5,0,0,3,0,0,0,0,-32,-15,-3,-28,-19,37,0.68,81.03,76.33,83.51,80.80,0,151,73,85,0,0,15,10,0,5,5
M16A_HUBROOM_PR.csv,2026-06-09 02:45,2026-06-09,02:45,1,1단계 조기경보,1,,30,관심,M16HUB,15,M16HUB,"M16HUB(01:45,RC+RD) → M16(01:45,RB+RB_fast) → M14(01:55,RA_sus+RC+SLA) → M16A(02:01,RA_sus+RB_fast+SLA) → M16B(02:06,RA_sus+RB_fast+SLA)",,,15,5,0,5,5,0,0,0,RA+RA_sus,RA_sus,,RA_sus,RA_sus,6.77,2.66,2.76,2.71,2.32,-26,5,-24,19,-11,4.14,93.49,7,"6ABL6012,6ABL6021,6ABL6022,6ABL6031,6ABL6032,6ABL0111,6ABL0121",15.60,0,10.97,7.59,0,33,14,28,16,0,"hot_area=M16HUB; S1조기경보; 발동: M16HUB[R-A'(AVGTOTALTIME1MIN=6.77분/기준9.0),R-A_sus]; M14[R-A_sus]; M16A[R-A_sus]; M16B[R-A_sus]",10,5,0,0,0,0,0,0,0,0,5,0,0,0,0,0,0,0,0,0,0,0,0,0,0,0,0,0,5,0,0,0,0,0,0,0,0,5,0,0,0,0,0,0,0,30,0,0,0,0,3,0,0,0,0,-32,-21,-7,-45,-22,32,0.66,78.99,78.46,87.40,76.37,0,137,68,55,0,0,15,5,0,5,5
M16A_HUBROOM_PR.csv,2026-06-09 02:46,2026-06-09,02:46,1,1단계 조기경보,1,,30,관심,M16HUB,15,M16HUB,"M16HUB(01:47,RC+RD) → M14(01:55,RA_sus+RC+SLA) → M16A(02:01,RA_sus+RB_fast+SLA) → M16(02:01,RB+RB_fast) → M16B(02:06,RA_sus+RB_fast+SLA)",,,15,5,0,5,5,0,0,0,RA+RA_sus,RA_sus,,RA_sus,RA_sus,6.08,2.57,2.79,2.88,2.56,-20,5,-22,29,-3,2.96,94.08,7,"6ABL6011,6ABL6012,6ABL6022,6ABL6032,6ABL0111,6ABL0121,6ABL0122",15.18,0,11.45,10.71,0,33,13,26,13,0,"hot_area=M16HUB; S1조기경보; 발동: M16HUB[R-A'(AVGTOTALTIME1MIN=6.08분/기준9.0),R-A_sus]; M14[R-A_sus]; M16A[R-A_sus]; M16B[R-A_sus]",10,5,0,0,0,0,0,0,0,0,5,0,0,0,0,0,0,0,0,0,0,0,0,0,0,0,0,0,5,0,0,0,0,0,0,0,0,5,0,0,0,0,0,0,0,30,0,0,0,0,3,0,0,0,0,-16,-15,-10,-36,-17,42,0.67,79.09,76.46,87.63,73.71,0,140,79,90,0,0,15,5,0,5,5
M16A_HUBROOM_PR.csv,2026-06-09 02:47,2026-06-09,02:47,1,1단계 조기경보,1,,45,관심,M16HUB,15,M16HUB,"M16HUB(01:47,RC+RD) → M14(01:55,RA_sus+RC+SLA) → M16A(02:01,RA_sus+RB_fast+SLA) → M16(02:01,RB+RB_fast) → M16B(02:06,RA_sus+RB_fast+SLA)",M16A_2F_TO_HUB=3.0x(위험),,15,5,0,5,5,0,0,0,RA+RA_sus,RA_sus,,RA_sus,RA_sus,7.02,2.60,2.66,2.73,2.68,-18,8,-20,15,0,2.37,95.27,8,"6ABL6011,6ABL6012,6ABL6022,6ABL6031,6ABL6032,6ABL0111,6ABL0121,6ABL0122",14.38,0,11.98,11.04,0,35,16,31,15,0,"hot_area=M16HUB; S1조기경보; 발동: M16HUB[R-A'(AVGTOTALTIME1MIN=7.02분/기준9.0),R-A_sus]; M14[R-A_sus]; M16A[R-A_sus]; M16B[R-A_sus]; 흐름:M16A_2F_TO_HUB=3.0x(위험)",10,5,0,0,0,0,0,0,0,0,5,0,0,0,0,0,0,0,0,0,0,0,0,0,0,0,0,0,5,0,0,0,0,0,0,0,0,5,0,0,0,0,0,0,0,30,15,0,0,0,3,0,0,0,0,-9,-5,-3,-38,8,38,0.68,80.16,80.85,90.93,79.17,0,136,75,83,0,0,15,5,0,5,5
M16A_HUBROOM_PR.csv,2026-06-09 02:48,2026-06-09,02:48,1,1단계 조기경보,1,,60,관심,M16HUB,15,M16HUB,"M16HUB(01:48,RA_sus+RC+RD) → M14(01:55,RA_sus+RC+SLA) → M16A(02:01,RA_sus+RB_fast+SLA) → M16(02:01,RB+RB_fast) → M16B(02:06,RA_sus+RB_fast+SLA)",M16A_2F_TO_HUB=3.2x(심각),,15,5,0,5,5,0,0,0,RA+RA_sus,RA_sus,,RA_sus,RA_sus,8.05,2.67,2.80,2.74,2.52,-9,0,-6,-10,2,2.37,97.63,7,"6ABL6011,6ABL6012,6ABL6022,6ABL6031,6ABL0111,6ABL0112,6ABL0121",14.20,0,12.75,11.51,0,35,14,31,18,0,"hot_area=M16HUB; S1조기경보; 발동: M16HUB[R-A'(AVGTOTALTIME1MIN=8.05분/기준9.0),R-A_sus]; M14[R-A_sus]; M16A[R-A_sus]; M16B[R-A_sus]; 흐름:M16A_2F_TO_HUB=3.2x(심각)",10,5,0,0,0,0,0,0,0,0,5,0,0,0,0,0,0,0,0,0,0,0,0,0,0,0,0,0,5,0,0,0,0,0,0,0,0,5,0,0,0,0,0,0,0,30,30,0,0,0,2,0,0,0,0,18,-2,11,-56,8,34,0.68,78.50,84.71,91.99,81.83,0,141,88,94,0,0,15,5,0,5,5
M16A_HUBROOM_PR.csv,2026-06-09 02:49,2026-06-09,02:49,3,3단계 ⭐확정,1,1→3,82,주의,M16HUB,22,M16HUB,"M16HUB(01:49,RC+RD) → M14(01:55,RA_sus+RC+SLA) → M16A(02:01,RA_sus+RB_fast+SLA) → M16(02:01,RB+RB_fast) → M16B(02:06,RA_sus+RB_fast+SLA)",M16A_2F_TO_HUB=3.0x(심각),,22,5,0,10,10,0,0,0,RA+RA_sus+RD,RA_sus,,RA_sus+SLA,RA_sus+RB_fast,7.00,2.56,2.71,2.92,3.13,-14,-10,8,0,7,0,100.00,7,"6ABL6012,6ABL6021,6ABL6022,6ABL6032,6ABL0111,6ABL0112,6ABL0121",13.64,0,13.09,11.33,0,31,15,31,16,0,"hot_area=M16HUB; S3확정; 발동: M16HUB[R-A'(AVGTOTALTIME1MIN=7.00분/기준9.0),R-A_sus,R-D(FAB저장=0.0%,STB=100.0%)]; M14[R-A_sus]; M16A[R-A_sus,SLA(13.1%4분초과)]; M16B[R-A_sus,R-B_fast(+14/10분)]; 흐름:M16A_2F_TO_HUB=3.0x(심각)",10,5,0,0,0,7,0,0,0,0,5,0,0,0,0,0,0,0,0,0,0,0,0,0,0,0,0,0,5,0,0,0,0,5,0,0,0,5,0,5,0,0,0,0,0,47,30,5,0,0,2,0,0,0,0,21,-1,27,-52,14,22,0.62,76.65,85.64,88.34,84.05,0,120,81,81,0,0,22,5,0,10,10
M16A_HUBROOM_PR.csv,2026-06-09 02:50,2026-06-09,02:50,3,3단계 ⭐확정,3,,77,경계,M16HUB,27,M16HUB,"M14(01:55,RA_sus+RC+SLA) → M16HUB(01:56,RA+RA_sus+RC) → M16A(02:01,RA_sus+RB_fast+SLA) → M16(02:01,RB+RB_fast) → M16B(02:06,RA_sus+RB_fast+SLA)",M16A_2F_TO_HUB=2.8x(위험),,27,5,0,10,10,0,0,5,RA+RA_sus+RB_fast+RD,RA_sus,,RA_sus+SLA,RA_sus+RB_fast,5.33,2.48,3.16,2.81,2.69,-5,-5,3,4,5,0,100.00,6,"6ABL6011,6ABL6012,6ABL6032,6ABL0111,6ABL0112,6ABL0121",13.28,0,14.18,10.34,0,31,14,30,16,0,"hot_area=M16HUB; S3확정; 발동: M16HUB[R-A'(AVGTOTALTIME1MIN=5.33분/기준9.0),R-A_sus,R-B_fast(+32/10분),R-D(FAB저장=0.0%,STB=100.0%)]; M14[R-A_sus]; M16A[R-A_sus,SLA(14.2%4분초과)]; M16B[R-A_sus,R-B_fast(+10/10분)]; M16_WT[R-A_sus]; 흐름:M16A_2F_TO_HUB=2.8x(위험)",10,5,0,5,0,7,0,0,0,0,5,0,0,0,0,0,0,0,0,0,0,0,0,0,0,0,0,0,5,0,0,0,0,5,0,0,0,5,0,5,0,0,0,0,0,57,15,5,0,0,2,0,0,0,0,32,-4,22,-47,10,18,0.63,74.22,86.70,84.22,83.75,0,130,100,85,0,0,27,5,0,10,10
M16A_HUBROOM_PR.csv,2026-06-09 02:51,2026-06-09,02:51,3,3단계 ⭐확정,3,,72,경계,M16HUB,27,M16HUB,"M14(01:55,RA_sus+RC+SLA) → M16HUB(01:56,RA+RA_sus+RC) → M16A(02:01,RA_sus+RB_fast+SLA) → M16(02:01,RB+RB_fast) → M16B(02:06,RA_sus+RB_fast+SLA)",M16A_2F_TO_HUB=1.6x(주의),,27,5,0,10,10,5,0,5,RA+RA_sus+RB_fast+RD,RA_sus,,RA_sus+SLA,RA_sus+RB_fast,6.86,2.29,2.97,2.96,2.62,5,11,5,-10,1,0,100.00,6,"6ABL6011,6ABL6012,6ABL6032,6ABL0111,6ABL0112,6ABL0121",13.27,0,14.15,10.43,0,33,14,30,16,0,"hot_area=M16HUB; S3확정; 발동: M16HUB[R-A'(AVGTOTALTIME1MIN=6.86분/기준9.0),R-A_sus,R-B_fast(+33/10분),R-D(FAB저장=0.0%,STB=100.0%)]; M14[R-A_sus]; M16A[R-A_sus,SLA(14.2%4분초과)]; M16B[R-A_sus,R-B_fast(+11/10분)]; M16[R-B_fast(+41/10분)]; M16_WT[R-A_sus]; 흐름:M16A_2F_TO_HUB=1.6x(주의)",10,5,0,5,0,7,0,0,0,0,5,0,0,0,0,0,0,0,0,0,0,0,0,0,0,0,0,0,5,0,0,0,0,5,0,0,0,5,0,5,0,0,0,0,0,62,5,5,0,0,2,0,0,0,0,33,11,20,-40,11,4,0.68,75.00,88.45,85.87,82.27,0,117,89,76,0,0,27,5,0,10,10
M16A_HUBROOM_PR.csv,2026-06-09 02:52,2026-06-09,02:52,3,3단계 ⭐확정,3,,57,관심,M16HUB,27,M16HUB,"M14(01:55,RA_sus+RC+SLA) → M16HUB(01:56,RA+RA_sus+RC) → M16A(02:01,RA_sus+RB_fast+SLA) → M16(02:01,RB+RB_fast) → M16B(02:06,RA_sus+RB_fast+SLA)",,,27,5,0,10,5,0,0,5,RA+RA_sus+RB_fast+RD,RA_sus,,RA_sus+SLA,RA_sus,4.54,2.69,2.80,2.69,2.37,-5,11,2,-12,0,0,100.00,6,"6ABL6011,6ABL6012,6ABL6031,6ABL0111,6ABL0121,6ABL0122",14.12,0,14.16,9.91,0,34,15,27,14,0,"hot_area=M16HUB; S3확정; 발동: M16HUB[R-A'(AVGTOTALTIME1MIN=4.54분/기준9.0),R-A_sus,R-B_fast(+36/10분),R-D(FAB저장=0.0%,STB=100.0%)]; M14[R-A_sus]; M16A[R-A_sus,SLA(14.2%4분초과)]; M16B[R-A_sus]; M16_WT[R-A_sus]",10,5,0,5,0,7,0,0,0,0,5,0,0,0,0,0,0,0,0,0,0,0,0,0,0,0,0,0,5,0,0,0,0,5,0,0,0,5,0,0,0,0,0,0,0,52,0,5,0,0,1,0,0,0,0,36,3,13,-21,7,3,0.67,80.64,86.32,86.45,80.06,0,135,96,80,0,0,27,5,0,10,5
M16A_HUBROOM_PR.csv,2026-06-09 02:53,2026-06-09,02:53,3,3단계 ⭐확정,3,,70,경계,M16HUB,35,M16HUB,"M14(01:55,RA_sus+RC+SLA) → M16HUB(01:56,RA+RA_sus+RC) → M16A(02:01,RA_sus+RB_fast+SLA) → M16(02:01,RB+RB_fast) → M16B(02:06,RA_sus+RB_fast+SLA)",,,35,5,0,10,5,5,0,5,RA+RA_sus+RB_fast+RC+RD,RA_sus,,RA_sus+SLA,RA_sus,7.15,2.84,3.04,3.02,2.96,4,5,0,-10,-7,0,100.00,2,"6ABL6021,6ABL0111",13.71,0,14.64,9.92,0,30,13,28,15,0,"hot_area=M16HUB; S3확정; 발동: M16HUB[R-A'(AVGTOTALTIME1MIN=7.15분/기준9.0),R-A_sus,R-B_fast(+44/10분),R-C'(역증가2개:6ABL6021,6ABL0111),R-D(FAB저장=0.0%,STB=100.0%)]; M14[R-A_sus]; M16A[R-A_sus,SLA(14.6%4분초과)]; M16B[R-A_sus]; M16[R-B_fast(+36/10분)]; M16_WT[R-A_sus]",10,5,0,5,8,7,0,0,0,0,5,0,0,0,0,0,0,0,0,0,0,0,0,0,0,0,0,0,5,0,0,0,0,5,0,0,0,5,0,0,0,0,0,0,0,65,0,5,0,0,1,0,0,0,0,44,13,13,-9,5,-21,0.64,80.06,86.85,89.87,79.03,0,132,89,73,0,0,35,5,0,10,5
M16A_HUBROOM_PR.csv,2026-06-09 02:54,2026-06-09,02:54,3,3단계 ⭐확정,3,,58,관심,M16HUB,28,M16HUB,"M14(01:55,RA_sus+RC+SLA) → M16HUB(01:56,RA+RA_sus+RC) → M16A(02:01,RA_sus+RB_fast+SLA) → M16(02:01,RB+RB_fast) → M16B(02:06,RA_sus+RB_fast+SLA)",,,28,5,0,10,5,0,0,5,RA+RA_sus+RB_fast+RC,RA_sus,,RA_sus+SLA,RA_sus,10.73,2.42,2.93,3.02,2.52,4,3,-5,14,-7,0,98.82,5,"6ABL6011,6ABL6012,6ABL6021,6ABL0111,6ABL0122",13.10,0,14.05,9.73,0,32,14,28,17,0,"hot_area=M16HUB; S3확정; 발동: M16HUB[R-A'(AVGTOTALTIME1MIN=10.73분/기준9.0),R-A_sus,R-B_fast(+39/10분),R-C'(역증가5개:6ABL6011,6ABL6012,6ABL6021,6ABL0111,6ABL0122)]; M14[R-A_sus]; M16A[R-A_sus,SLA(14.1%4분초과)]; M16B[R-A_sus]; M16_WT[R-A_sus]",10,5,0,5,8,0,0,0,0,0,5,0,0,0,0,0,0,0,0,0,0,0,0,0,0,0,0,0,5,0,0,0,0,5,0,0,0,5,0,0,0,0,0,0,0,53,0,5,0,0,1,0,0,0,0,39,10,9,-3,6,-4,0.66,80.74,84.59,90.93,81.09,0,125,92,77,0,0,28,5,0,10,5
M16A_HUBROOM_PR.csv,2026-06-09 02:55,2026-06-09,02:55,3,3단계 ⭐확정,3,,55,관심,M16HUB,20,M16HUB;M16A,"M14(01:55,RA_sus+RC+SLA) → M16HUB(01:56,RA+RA_sus+RC) → M16A(02:01,RA_sus+RB_fast+SLA) → M16(02:01,RB+RB_fast) → M16B(02:06,RA_sus+RB_fast+SLA)",,,20,5,0,15,5,5,0,0,RA+RA_sus+RB_fast,RA_sus,,RA_sus+RB_fast+SLA,RA_sus,5.70,2.40,2.85,2.47,2.40,-1,-4,-2,15,-4,0,98.22,8,"6ABL6011,6ABL6012,6ABL6021,6ABL6031,6ABL6032,6ABL0111,6ABL0112,6ABL0122",13.52,0,14.36,7.49,0,35,16,39,21,0,"hot_area=M16HUB; S3확정; 발동: M16HUB[R-A'(AVGTOTALTIME1MIN=5.70분/기준9.0),R-A_sus,R-B_fast(+37/10분)]; M14[R-A_sus]; M16A[R-A_sus,R-B_fast(+27/10분),SLA(14.4%4분초과)]; M16B[R-A_sus]; M16[R-B_fast(+31/10분)]",10,5,0,5,0,0,0,0,0,0,5,0,0,0,0,0,0,0,0,0,0,0,0,0,0,0,0,0,5,0,5,0,0,5,0,0,0,5,0,0,0,0,0,0,0,50,0,5,0,0,1,0,0,0,0,37,5,15,27,7,12,0.65,81.52,79.15,88.81,81.54,0,128,85,52,0,0,20,5,0,15,5
M16A_HUBROOM_PR.csv,2026-06-09 02:56,2026-06-09,02:56,3,3단계 ⭐확정,3,,45,관심,M16HUB,20,M16HUB,"M16HUB(01:56,RA+RA_sus+RC) → M16A(02:01,RA_sus+RB_fast+SLA) → M16(02:01,RB+RB_fast) → M16B(02:06,RA_sus+RB_fast+SLA) → M14(02:11,RA_sus+RC+SLA)",,,20,5,0,10,5,0,0,0,RA+RA_sus+RB_fast,RA_sus,,RA_sus+SLA,RA_sus,6.40,2.57,3.05,2.72,2.53,-1,9,-4,33,-8,0.59,97.63,7,"6ABL6011,6ABL6012,6ABL6021,6ABL6031,6ABL6032,6ABL0111,6ABL0122",13.37,0,13.44,10.75,0,37,16,34,19,0,"hot_area=M16HUB; S3확정; 발동: M16HUB[R-A'(AVGTOTALTIME1MIN=6.40분/기준9.0),R-A_sus,R-B_fast(+30/10분)]; M14[R-A_sus]; M16A[R-A_sus,SLA(13.4%4분초과)]; M16B[R-A_sus]",10,5,0,5,0,0,0,0,0,0,5,0,0,0,0,0,0,0,0,0,0,0,0,0,0,0,0,0,5,0,0,0,0,5,0,0,0,5,0,0,0,0,0,0,0,40,0,5,0,0,1,0,0,0,0,30,6,10,20,4,11,0.67,81.91,79.95,87.28,77.99,0,113,93,89,0,0,20,5,0,10,5
M16A_HUBROOM_PR.csv,2026-06-09 02:57,2026-06-09,02:57,3,3단계 ⭐확정,3,,50,관심,M16HUB,20,M16HUB,"M16HUB(01:57,RA+RC) → M16A(02:01,RA_sus+RB_fast+SLA) → M16(02:01,RB+RB_fast) → M16B(02:06,RA_sus+RB_fast+SLA) → M14(02:11,RA_sus+RC+SLA)",,,20,5,0,10,5,5,0,0,RA+RA_sus+RB_fast,RA_sus,,RA_sus+SLA,RA_sus,7.12,2.81,3.05,2.58,2.79,28,23,-5,4,3,0,98.22,6,"6ABL6011,6ABL6012,6ABL6021,6ABL6031,6ABL0111,6ABL0122",13.60,0,13.00,10.86,0,35,14,34,18,0,"hot_area=M16HUB; S3확정; 발동: M16HUB[R-A'(AVGTOTALTIME1MIN=7.12분/기준9.0),R-A_sus,R-B_fast(+34/10분)]; M14[R-A_sus]; M16A[R-A_sus,SLA(13.0%4분초과)]; M16B[R-A_sus]; M16[R-B_fast(+44/10분)]",10,5,0,5,0,0,0,0,0,0,5,0,0,0,0,0,0,0,0,0,0,0,0,0,0,0,0,0,5,0,0,0,0,5,0,0,0,5,0,0,0,0,0,0,0,45,0,5,0,0,1,0,0,0,0,34,7,3,16,-3,3,0.63,85.12,80.88,88.57,83.46,0,117,81,81,0,0,20,5,0,10,5
M16A_HUBROOM_PR.csv,2026-06-09 02:58,2026-06-09,02:58,3,3단계 ⭐확정,3,,48,관심,M16HUB,23,M16HUB,"M16HUB(01:58,RA+RA_sus) → M16A(02:01,RA_sus+RB_fast+SLA) → M16(02:01,RB+RB_fast) → M16B(02:06,RA_sus+RB_fast+SLA) → M14(02:11,RA_sus+RC+SLA)",M16B_10F_TO_HUB=1.5x(주의),,23,5,0,5,10,0,0,0,RA+RA_sus+RC,RA_sus,,RA_sus,RA_sus+RB_fast,8.54,2.70,2.99,2.43,2.56,32,22,-4,-17,21,1.78,97.63,3,"6ABL6011,6ABL6021,6ABL6022",13.87,0,12.63,10.00,0,39,13,41,18,0,"hot_area=M16HUB; S3확정; 발동: M16HUB[R-A'(AVGTOTALTIME1MIN=8.54분/기준9.0),R-A_sus,R-C'(역증가3개:6ABL6011,6ABL6021,6ABL6022)]; M14[R-A_sus]; M16A[R-A_sus]; M16B[R-A_sus,R-B_fast(+13/10분)]; 흐름:M16B_10F_TO_HUB=1.5x(주의)",10,5,0,0,8,0,0,0,0,0,5,0,0,0,0,0,0,0,0,0,0,0,0,0,0,0,0,0,5,0,0,0,0,0,0,0,0,5,0,5,0,0,0,0,0,43,5,0,0,0,1,0,0,0,0,18,7,-7,10,13,-1,0.63,84.24,75.96,89.28,80.21,0,123,87,83,0,0,23,5,0,5,10
M16A_HUBROOM_PR.csv,2026-06-09 02:59,2026-06-09,02:59,3,3단계 ⭐확정,3,,53,관심,M16HUB,23,M16HUB,"M16HUB(01:59,RA+RC) → M16A(02:01,RA_sus+RB_fast+SLA) → M16(02:01,RB+RB_fast) → M16B(02:06,RA_sus+RB_fast+SLA) → M14(02:11,RA_sus+RC+SLA)",M16B_10F_TO_HUB=1.8x(주의),,23,5,0,5,10,5,0,0,RA+RA_sus+RC,RA_sus,,RA_sus,RA_sus+RB_fast,5.75,2.64,2.88,2.67,2.24,37,27,0,-25,24,0.59,98.82,2,"6ABL6011,6ABL6022",14.98,0,11.89,7.99,0,40,16,34,16,0,"hot_area=M16HUB; S3확정; 발동: M16HUB[R-A'(AVGTOTALTIME1MIN=5.75분/기준9.0),R-A_sus,R-C'(역증가2개:6ABL6011,6ABL6022)]; M14[R-A_sus]; M16A[R-A_sus]; M16B[R-A_sus,R-B_fast(+11/10분)]; M16[R-B_fast(+44/10분)]; 흐름:M16B_10F_TO_HUB=1.8x(주의)",10,5,0,0,8,0,0,0,0,0,5,0,0,0,0,0,0,0,0,0,0,0,0,0,0,0,0,0,5,0,0,0,0,0,0,0,0,5,0,5,0,0,0,0,0,48,5,0,0,0,1,0,0,0,0,12,-3,-9,6,11,-12,0.62,81.81,77.82,86.22,82.72,0,136,73,60,0,0,23,5,0,5,10
M16A_HUBROOM_PR.csv,2026-06-09 03:00,2026-06-09,03:00,3,3단계 ⭐확정,3,,48,관심,M16HUB,23,M16HUB,"M16HUB(02:00,RA+RA_sus+RC) → M16A(02:01,RA_sus+RB_fast+SLA) → M16(02:01,RB+RB_fast) → M16B(02:06,RA_sus+RB_fast+SLA) → M14(02:11,RA_sus+RC+SLA)",M16B_10F_TO_HUB=1.8x(주의),,23,5,0,5,10,0,0,0,RA+RA_sus+RC,RA_sus,,RA_sus,RA_sus+RB_fast,5.46,2.80,2.83,2.80,2.61,33,17,1,-27,26,0.59,98.82,5,"6ABL6011,6ABL6021,6ABL6022,6ABL6031,6ABL0112",14.88,0,12.14,9.95,0,37,15,32,15,0,"hot_area=M16HUB; S3확정; 발동: M16HUB[R-A'(AVGTOTALTIME1MIN=5.46분/기준9.0),R-A_sus,R-C'(역증가5개:6ABL6011,6ABL6021,6ABL6022,6ABL6031,6ABL0112)]; M14[R-A_sus]; M16A[R-A_sus]; M16B[R-A_sus,R-B_fast(+17/10분)]; 흐름:M16B_10F_TO_HUB=1.8x(주의)",10,5,0,0,8,0,0,0,0,0,5,0,0,0,0,0,0,0,0,0,0,0,0,0,0,0,0,0,5,0,0,0,0,0,0,0,0,5,0,5,0,0,0,0,0,43,5,0,0,0,1,0,0,0,0,-2,-8,-4,12,17,-12,0.64,81.23,80.48,87.28,80.65,0,139,85,84,0,0,23,5,0,5,10
M16A_HUBROOM_PR.csv,2026-06-09 03:01,2026-06-09,03:01,3,3단계 ⭐확정,3,,60,관심,M16HUB,30,M16HUB,"M16A(02:01,RA_sus+RB_fast+SLA) → M16(02:01,RB+RB_fast) → M16HUB(02:02,RA+RA_sus+RD) → M16B(02:06,RA_sus+RB_fast+SLA) → M14(02:11,RA_sus+RC+SLA)",M16B_10F_TO_HUB=1.8x(주의),,30,5,0,10,10,0,0,0,RA+RA_sus+RC+RD,RA_sus,,RA_sus+RB_fast,RA_sus+RB_fast,6.32,2.67,3.00,2.61,2.72,14,3,2,0,6,0.59,99.41,4,"6ABL6011,6ABL6021,6ABL6031,6ABL0112",14.42,0,11.75,9.82,0,35,12,39,16,0,"hot_area=M16HUB; S3확정; 발동: M16HUB[R-A'(AVGTOTALTIME1MIN=6.32분/기준9.0),R-A_sus,R-C'(역증가4개:6ABL6011,6ABL6021,6ABL6031,6ABL0112),R-D(FAB저장=0.6%,STB=99.4%)]; M14[R-A_sus]; M16A[R-A_sus,R-B_fast(+28/10분)]; M16B[R-A_sus,R-B_fast(+13/10분)]; 흐름:M16B_10F_TO_HUB=1.8x(주의)",10,5,0,0,8,7,0,0,0,0,5,0,0,0,0,0,0,0,0,0,0,0,0,0,0,0,0,0,5,0,5,0,0,0,0,0,0,5,0,5,0,0,0,0,0,55,5,0,0,0,1,0,0,0,0,-13,-22,-7,28,13,-10,0.63,80.16,78.09,88.93,80.80,0,121,74,75,0,0,30,5,0,10,10
M16A_HUBROOM_PR.csv,2026-06-09 03:02,2026-06-09,03:02,1,1단계 조기경보,3,3→1,45,관심,M16HUB,25,M16HUB,"M16HUB(02:02,RA+RA_sus+RD) → M16A(02:02,RA_sus+RB_fast+SLA) → M16B(02:06,RA_sus+RB_fast+SLA) → M14(02:11,RA_sus+RC+SLA)",M14B_LFT_4ABLD_TO_HUB_SUM=1.6x(주의),,25,5,0,5,5,0,0,0,RA+RC+RD,RA_sus,,RA_sus,RA_sus,5.09,2.83,2.88,2.70,2.48,3,-1,-6,-31,-3,0.59,99.41,3,"6ABL6011,6ABL6021,6ABL0112",14.80,0,10.93,9.89,0,37,14,29,13,0,"hot_area=M16HUB; S1조기경보; 발동: M16HUB[R-A'(AVGTOTALTIME1MIN=5.09분/기준9.0),R-C'(역증가3개:6ABL6011,6ABL6021,6ABL0112),R-D(FAB저장=0.6%,STB=99.4%)]; M14[R-A_sus]; M16A[R-A_sus]; M16B[R-A_sus]; 흐름:M14B_LFT_4ABLD_TO_HUB_SUM=1.6x(주의)",10,0,0,0,8,7,0,0,0,0,5,0,0,0,0,0,0,0,0,0,0,0,0,0,0,0,0,0,5,0,0,0,0,0,0,0,0,5,0,0,0,0,0,0,0,40,5,0,0,0,1,0,0,0,0,-11,-19,-11,15,8,-15,0.63,76.85,77.82,88.22,77.25,0,131,79,82,0,0,25,5,0,5,5
M16A_HUBROOM_PR.csv,2026-06-09 03:03,2026-06-09,03:03,1,1단계 조기경보,1,,40,관심,M16HUB,25,M16HUB,"M16HUB(02:03,RA+RA_sus+RB_fast+RC+RD) → M16A(02:06,RA_sus+RB_fast+SLA) → M16B(02:06,RA_sus+RB_fast+SLA) → M14(02:11,RA_sus+RC+SLA)",,,25,5,0,5,5,0,0,0,RA+RC+RD,RA_sus,,RA_sus,RA_sus,6.11,2.68,2.68,2.68,2.75,5,-3,-8,-50,-17,0,100.00,3,"6ABL6011,6ABL6012,6ABL6021",15.84,0,11.15,10.15,0,38,14,27,15,0,"hot_area=M16HUB; S1조기경보; 발동: M16HUB[R-A'(AVGTOTALTIME1MIN=6.11분/기준9.0),R-C'(역증가3개:6ABL6011,6ABL6012,6ABL6021),R-D(FAB저장=0.0%,STB=100.0%)]; M14[R-A_sus]; M16A[R-A_sus]; M16B[R-A_sus]",10,0,0,0,8,7,0,0,0,0,5,0,0,0,0,0,0,0,0,0,0,0,0,0,0,0,0,0,5,0,0,0,0,0,0,0,0,5,0,0,0,0,0,0,0,40,0,0,0,0,1,0,0,0,0,-21,-14,-16,-8,1,-1,0.58,78.40,82.20,89.99,75.18,0,146,73,76,0,0,25,5,0,5,5
M16A_HUBROOM_PR.csv,2026-06-09 03:04,2026-06-09,03:04,1,1단계 조기경보,1,,35,관심,M16HUB,20,M16HUB,"M16HUB(02:04,RA+RA_sus+RC) → M16A(02:06,RA_sus+RB_fast+SLA) → M16B(02:06,RA_sus+RB_fast+SLA) → M14(02:11,RA_sus+RC+SLA)",,,20,5,0,5,5,0,0,0,RA_sus+RC+RD,RA_sus,,RA_sus,RA_sus,8.42,2.71,2.86,2.44,2.39,-15,-17,0,-45,-11,0,100.00,4,"6ABL6011,6ABL6012,6ABL6021,6ABL6022",16.23,0,11.16,9.30,0,41,14,33,13,0,"hot_area=M16HUB; S1조기경보; 발동: M16HUB[R-A_sus,R-C'(역증가4개:6ABL6011,6ABL6012,6ABL6021,6ABL6022),R-D(FAB저장=0.0%,STB=100.0%)]; M14[R-A_sus]; M16A[R-A_sus]; M16B[R-A_sus]",0,5,0,0,8,7,0,0,0,0,5,0,0,0,0,0,0,0,0,0,0,0,0,0,0,0,0,0,5,0,0,0,0,0,0,0,0,5,0,0,0,0,0,0,0,35,0,0,0,0,0,0,0,0,0,-22,-12,-6,-14,2,-5,0.57,80.45,81.81,90.46,72.08,0,136,81,77,0,0,20,5,0,5,5
M16A_HUBROOM_PR.csv,2026-06-09 03:05,2026-06-09,03:05,1,1단계 조기경보,1,,40,관심,M16HUB,20,M16HUB,"M16HUB(02:05,RA+RA_sus+RC) → M16A(02:06,RA_sus+RB_fast+SLA) → M16B(02:06,RA_sus+RB_fast+SLA) → M14(02:11,RA_sus+RC+SLA)",,,20,5,0,5,5,0,0,5,RA_sus+RC+RD,RA_sus,,RA_sus,RA_sus,6.26,2.73,3.34,2.84,2.69,-15,-22,-3,-47,-8,0,100.00,5,"6ABL6011,6ABL6012,6ABL6021,6ABL0112,6ABL0121",15.36,0,11.20,9.12,0,38,16,33,16,0,"hot_area=M16HUB; S1조기경보; 발동: M16HUB[R-A_sus,R-C'(역증가5개:6ABL6011,6ABL6012,6ABL6021,6ABL0112,6ABL0121),R-D(FAB저장=0.0%,STB=100.0%)]; M14[R-A_sus]; M16A[R-A_sus]; M16B[R-A_sus]; M16_WT[R-A_sus]",0,5,0,0,8,7,0,0,0,0,5,0,0,0,0,0,0,0,0,0,0,0,0,0,0,0,0,0,5,0,0,0,0,0,0,0,0,5,0,0,0,0,0,0,0,40,0,0,0,0,0,0,0,0,0,-20,-6,-11,-29,7,-2,0.62,81.71,79.28,88.46,73.56,0,145,72,68,0,0,20,5,0,5,5
M16A_HUBROOM_PR.csv,2026-06-09 03:06,2026-06-09,03:06,1,1단계 조기경보,1,,50,관심,M16HUB,20,M16HUB,"M16HUB(02:06,RA+RA_sus+RC) → M16A(02:06,RA_sus+RB_fast+SLA) → M16B(02:06,RA_sus+RB_fast+SLA) → M14(02:11,RA_sus+RC+SLA)",,,20,10,0,5,5,0,0,5,RA_sus+RC+RD,RA_sus+SLA,,RA_sus,RA_sus,6.00,2.65,2.90,2.48,2.37,-14,-25,-8,-70,-9,0,100.00,4,"6ABL6012,6ABL6021,6ABL6031,6ABL0112",15.67,0,11.76,10.01,0,34,15,33,15,0,"hot_area=M16HUB; S1조기경보; 발동: M16HUB[R-A_sus,R-C'(역증가4개:6ABL6012,6ABL6021,6ABL6031,6ABL0112),R-D(FAB저장=0.0%,STB=100.0%)]; M14[R-A_sus,SLA(15.7%4분초과)]; M16A[R-A_sus]; M16B[R-A_sus]; M16_WT[R-A_sus]",0,5,0,0,8,7,0,0,0,0,5,0,0,0,0,5,0,0,0,0,0,0,0,0,0,0,0,0,5,0,0,0,0,0,0,0,0,5,0,0,0,0,0,0,0,45,0,5,0,0,0,0,0,0,0,-28,-16,-8,-54,4,-15,0.61,81.32,80.88,88.10,72.82,0,133,88,83,0,0,20,10,0,5,5
M16A_HUBROOM_PR.csv,2026-06-09 03:07,2026-06-09,03:07,1,1단계 조기경보,1,,55,관심,M16HUB,20,M16HUB,"M16HUB(02:07,RA+RA_sus+RD) → M14(02:11,RA_sus+RC+SLA) → M16B(02:13,RA_sus+RB_fast+SLA) → M16A(02:55,RA_sus+RB_fast+SLA)",M16A_2F_TO_HUB=1.8x(주의),,20,10,0,5,5,0,0,5,RA_sus+RC+RD,RA_sus+SLA,,RA_sus,RA_sus,5.66,2.64,2.90,2.78,2.94,-7,-10,-2,-55,2,0,100.00,3,"6ABL6021,6ABL6022,6ABL0112",17.03,0,12.03,10.27,0,36,15,34,15,0,"hot_area=M16HUB; S1조기경보; 발동: M16HUB[R-A_sus,R-C'(역증가3개:6ABL6021,6ABL6022,6ABL0112),R-D(FAB저장=0.0%,STB=100.0%)]; M14[R-A_sus,SLA(17.0%4분초과)]; M16A[R-A_sus]; M16B[R-A_sus]; M16_WT[R-A_sus]; 흐름:M16A_2F_TO_HUB=1.8x(주의)",0,5,0,0,8,7,0,0,0,0,5,0,0,0,0,5,0,0,0,0,0,0,0,0,0,0,0,0,5,0,0,0,0,0,0,0,0,5,0,0,0,0,0,0,0,45,5,5,0,0,0,0,0,0,0,-32,-12,-2,-33,-3,-19,0.55,80.16,82.07,88.57,77.40,0,148,80,76,0,0,20,10,0,5,5
M16A_HUBROOM_PR.csv,2026-06-09 03:08,2026-06-09,03:08,1,1단계 조기경보,1,,65,경계,M16HUB,30,M16HUB,"M16HUB(02:08,RA+RA_sus+RD) → M14(02:11,RA_sus+RC+SLA) → M16B(02:13,RA_sus+RB_fast+SLA) → M16A(02:55,RA_sus+RB_fast+SLA)",M16A_2F_TO_HUB=1.7x(주의),,30,10,0,5,5,0,0,5,RA+RA_sus+RC+RD,RA_sus+SLA,,RA_sus,RA_sus,9.53,2.71,2.90,2.71,2.23,16,-8,11,-75,3,0,100.00,4,"6ABL6011,6ABL6021,6ABL6022,6ABL0122",17.32,0,11.05,8.43,0,33,13,39,16,0,"hot_area=M16HUB; S1조기경보; 발동: M16HUB[R-A'(AVGTOTALTIME1MIN=9.53분/기준9.0),R-A_sus,R-C'(역증가4개:6ABL6011,6ABL6021,6ABL6022,6ABL0122),R-D(FAB저장=0.0%,STB=100.0%)]; M14[R-A_sus,SLA(17.3%4분초과)]; M16A[R-A_sus]; M16B[R-A_sus]; M16_WT[R-A_sus]; 흐름:M16A_2F_TO_HUB=1.7x(주의)",10,5,0,0,8,7,0,0,0,0,5,0,0,0,0,5,0,0,0,0,0,0,0,0,0,0,0,0,5,0,0,0,0,0,0,0,0,5,0,0,0,0,0,0,0,55,5,5,0,0,1,0,0,0,0,-20,-13,7,-29,-18,-18,0.55,80.84,84.20,86.45,79.17,0,155,81,67,0,0,30,10,0,5,5
M16A_HUBROOM_PR.csv,2026-06-09 03:09,2026-06-09,03:09,1,1단계 조기경보,1,,50,관심,M16HUB,25,M16HUB,"M16HUB(02:09,RA+RA_sus+RD) → M14(02:11,RA_sus+RC+SLA) → M16B(02:13,RA_sus+RB_fast+SLA) → M16A(02:55,RA_sus+RB_fast+SLA)",M16A_2F_TO_HUB=1.7x(주의),,25,5,0,5,5,0,0,5,RA+RC+RD,RA_sus,,RA_sus,RA_sus,5.43,2.86,2.94,2.67,2.29,14,-8,20,-68,4,0,100.00,3,"6ABL6011,6ABL0112,6ABL0122",16.79,0,11.33,6.08,0,34,14,35,15,0,"hot_area=M16HUB; S1조기경보; 발동: M16HUB[R-A'(AVGTOTALTIME1MIN=5.43분/기준9.0),R-C'(역증가3개:6ABL6011,6ABL0112,6ABL0122),R-D(FAB저장=0.0%,STB=100.0%)]; M14[R-A_sus]; M16A[R-A_sus]; M16B[R-A_sus]; M16_WT[R-A_sus]; 흐름:M16A_2F_TO_HUB=1.7x(주의)",10,0,0,0,8,7,0,0,0,0,5,0,0,0,0,0,0,0,0,0,0,0,0,0,0,0,0,0,5,0,0,0,0,0,0,0,0,5,0,0,0,0,0,0,0,45,5,0,0,0,1,0,0,0,0,-19,-4,2,-22,-21,-13,0.55,80.54,83.80,88.69,82.13,0,154,75,44,0,0,25,5,0,5,5
M16A_HUBROOM_PR.csv,2026-06-09 03:10,2026-06-09,03:10,1,1단계 조기경보,1,,55,관심,M16HUB,25,M16HUB,"M16HUB(02:10,RA+RA_sus+RD) → M14(02:11,RA_sus+RC+SLA) → M16B(02:13,RA_sus+RB_fast+SLA) → M16A(02:55,RA_sus+RB_fast+SLA)",M16A_2F_TO_HUB=1.7x(주의),,25,10,0,5,5,0,0,0,RA+RC+RD,RA_sus+SLA,,RA_sus,RA_sus,4.46,2.88,2.95,2.55,2.45,25,-5,16,-54,0,0,100.00,6,"6ABL6012,6ABL6021,6ABL6022,6ABL6031,6ABL0112,6ABL0121",17.26,0,12.10,8.40,0,33,13,32,19,0,"hot_area=M16HUB; S1조기경보; 발동: M16HUB[R-A'(AVGTOTALTIME1MIN=4.46분/기준9.0),R-C'(역증가6개:6ABL6012,6ABL6021,6ABL6022,6ABL6031,6ABL0112,6ABL0121),R-D(FAB저장=0.0%,STB=100.0%)]; M14[R-A_sus,SLA(17.3%4분초과)]; M16A[R-A_sus]; M16B[R-A_sus]; 흐름:M16A_2F_TO_HUB=1.7x(주의)",10,0,0,0,8,7,0,0,0,0,5,0,0,0,0,5,0,0,0,0,0,0,0,0,0,0,0,0,5,0,0,0,0,0,0,0,0,5,0,0,0,0,0,0,0,45,5,5,0,0,1,0,0,0,0,-5,7,-2,-19,-27,-2,0.52,82.30,83.40,88.93,81.83,0,164,94,69,0,0,25,10,0,5,5
M16A_HUBROOM_PR.csv,2026-06-09 03:11,2026-06-09,03:11,3,3단계 ⭐확정,1,1→3,57,관심,M16HUB,17,M16HUB,"M16HUB(02:11,RA+RA_sus+RC+RD) → M14(02:11,RA_sus+RC+SLA) → M16B(02:13,RA_sus+RB_fast+SLA) → M16A(02:55,RA_sus+RB_fast+SLA)",M16A_2F_TO_HUB=1.6x(주의),,17,10,0,5,5,10,0,0,RA+RD,RA_sus+SLA,,RA_sus,RA_sus,5.60,2.76,2.76,2.79,2.88,30,10,13,-38,5,0,100.00,7,"6ABL6012,6ABL6021,6ABL6031,6ABL0111,6ABL0112,6ABL0121,6ABL0122",17.09,0,11.75,8.50,0,33,14,33,16,0,"hot_area=M16HUB; S3확정; 발동: M16HUB[R-A'(AVGTOTALTIME1MIN=5.60분/기준9.0),R-D(FAB저장=0.0%,STB=100.0%)]; M14[R-A_sus,SLA(17.1%4분초과)]; M16A[R-A_sus]; M16B[R-A_sus]; M16[R-B(SENDQUEUETOTAL+34/30분/기준+20)]; 흐름:M16A_2F_TO_HUB=1.6x(주의)",10,0,0,0,0,7,0,0,0,0,5,0,0,0,0,5,0,0,0,0,0,0,0,0,0,0,0,0,5,0,0,0,0,0,0,0,0,5,0,0,0,0,0,0,0,47,5,5,0,0,1,0,0,0,0,10,21,0,-26,-19,18,0.56,81.13,79.68,87.87,80.50,0,147,82,63,0,0,17,10,0,5,5
M16A_HUBROOM_PR.csv,2026-06-09 03:12,2026-06-09,03:12,3,3단계 ⭐확정,3,,42,관심,M16HUB,17,M16HUB,"M16HUB(02:12,RA+RA_sus) → M14(02:12,RA_sus+RC+SLA) → M16B(02:13,RA_sus+RB_fast+SLA) → M16A(02:55,RA_sus+RB_fast+SLA)",M16A_2F_TO_HUB=1.9x(주의),,17,10,0,5,5,0,0,0,RA+RD,RA_sus+RB_fast,,RA_sus,RA_sus,5.77,2.76,2.94,2.54,2.45,30,10,10,-41,-1,0,100.00,8,"6ABL6011,6ABL6012,6ABL6022,6ABL6031,6ABL0111,6ABL0112,6ABL0121,6ABL0122",16.61,0,12.04,7.87,0,30,13,36,21,0,"hot_area=M16HUB; S3확정; 발동: M16HUB[R-A'(AVGTOTALTIME1MIN=5.77분/기준9.0),R-D(FAB저장=0.0%,STB=100.0%)]; M14[R-A_sus,R-B_fast(+26/10분)]; M16A[R-A_sus]; M16B[R-A_sus]; 흐름:M16A_2F_TO_HUB=1.9x(주의)",10,0,0,0,0,7,0,0,0,0,5,0,5,0,0,0,0,0,0,0,0,0,0,0,0,0,0,0,5,0,0,0,0,0,0,0,0,5,0,0,0,0,0,0,0,37,5,0,0,0,1,0,0,0,0,5,26,8,-35,-16,14,0.57,81.42,78.35,88.10,76.96,0,145,92,66,0,0,17,10,0,5,5
M16A_HUBROOM_PR.csv,2026-06-09 03:13,2026-06-09,03:13,3,3단계 ⭐확정,3,,67,경계,M16HUB,22,M16HUB,"M16HUB(02:13,RA+RA_sus) → M16B(02:13,RA_sus+RB_fast+SLA) → M14(02:14,RA_sus+RC+SLA) → M16A(02:55,RA_sus+RB_fast+SLA)",M16A_2F_TO_HUB=2.8x(위험),,22,10,0,5,5,10,0,0,RA+RB_fast+RD,RA_sus+RB_fast,,RA_sus,RA_sus,5.80,2.37,2.85,2.74,2.62,59,28,15,-54,6,0,100.00,6,"6ABL6011,6ABL6022,6ABL0111,6ABL0112,6ABL0121,6ABL0122",16.70,0,11.52,7.56,0,31,12,30,16,0,"hot_area=M16HUB; S3확정; 발동: M16HUB[R-A'(AVGTOTALTIME1MIN=5.80분/기준9.0),R-B_fast(+36/10분),R-D(FAB저장=0.0%,STB=100.0%)]; M14[R-A_sus,R-B_fast(+29/10분)]; M16A[R-A_sus]; M16B[R-A_sus]; M16[R-B(SENDQUEUETOTAL+36/30분/기준+20)]; 흐름:M16A_2F_TO_HUB=2.8x(위험)",10,0,0,5,0,7,0,0,0,0,5,0,5,0,0,0,0,0,0,0,0,0,0,0,0,0,0,0,5,0,0,0,0,0,0,0,0,5,0,0,0,0,0,0,0,52,15,0,0,0,1,0,0,0,0,36,29,18,-37,0,11,0.54,84.73,82.20,90.34,81.09,0,149,79,56,0,0,22,10,0,5,5
M16A_HUBROOM_PR.csv,2026-06-09 03:14,2026-06-09,03:14,3,3단계 ⭐확정,3,,57,관심,M16HUB,22,M16HUB,"M16HUB(02:14,RA+RA_sus) → M14(02:14,RA_sus+RC+SLA) → M16B(02:20,RA_sus+RB_fast+SLA) → M16A(02:55,RA_sus+RB_fast+SLA)",M16A_2F_TO_HUB=2.6x(위험),,22,10,0,5,5,0,0,0,RA+RB_fast+RD,RA_sus+RB_fast,,RA_sus,RA_sus,9.25,2.74,3.05,2.57,2.31,55,31,15,-53,12,0,100.00,4,"6ABL6012,6ABL6032,6ABL0111,6ABL0121",16.98,0,11.80,7.74,0,30,12,31,16,0,"hot_area=M16HUB; S3확정; 발동: M16HUB[R-A'(AVGTOTALTIME1MIN=9.25분/기준9.0),R-B_fast(+38/10분),R-D(FAB저장=0.0%,STB=100.0%)]; M14[R-A_sus,R-B_fast(+33/10분)]; M16A[R-A_sus]; M16B[R-A_sus]; 흐름:M16A_2F_TO_HUB=2.6x(위험)",10,0,0,5,0,7,0,0,0,0,5,0,5,0,0,0,0,0,0,0,0,0,0,0,0,0,0,0,5,0,0,0,0,0,0,0,0,5,0,0,0,0,0,0,0,42,15,0,0,0,2,0,0,0,0,38,33,12,-36,4,5,0.53,86.77,81.94,90.69,81.24,0,155,88,62,0,0,22,10,0,5,5
M16A_HUBROOM_PR.csv,2026-06-09 03:15,2026-06-09,03:15,3,3단계 ⭐확정,3,,75,경계,M16HUB,30,M16HUB,"M16HUB(02:15,RA+RA_sus) → M16B(02:20,RA_sus+RB_fast+SLA) → M14(02:39,RA_sus+RB_fast+SLA) → M16A(02:55,RA_sus+RB_fast+SLA)",M16A_2F_TO_HUB=2.6x(위험),,30,10,0,5,5,10,0,0,RA+RB_fast+RC+RD,RA_sus+RB_fast,,RA_sus,RA_sus,6.01,2.62,2.85,2.83,2.23,56,32,19,-40,21,0,100.00,2,"6ABL0121,6ABL0122",17.03,0,11.83,5.06,0,37,13,33,16,0,"hot_area=M16HUB; S3확정; 발동: M16HUB[R-A'(AVGTOTALTIME1MIN=6.01분/기준9.0),R-B_fast(+39/10분),R-C'(역증가2개:6ABL0121,6ABL0122),R-D(FAB저장=0.0%,STB=100.0%)]; M14[R-A_sus,R-B_fast(+33/10분)]; M16A[R-A_sus]; M16B[R-A_sus]; M16[R-B(SENDQUEUETOTAL+28/30분/기준+20)]; 흐름:M16A_2F_TO_HUB=2.6x(위험)",10,0,0,5,8,7,0,0,0,0,5,0,5,0,0,0,0,0,0,0,0,0,0,0,0,0,0,0,5,0,0,0,0,0,0,0,0,5,0,0,0,0,0,0,0,60,15,0,0,0,2,0,0,0,0,39,33,15,-38,7,-8,0.54,87.06,85.39,92.11,83.01,0,139,79,36,0,0,30,10,0,5,5
M16A_HUBROOM_PR.csv,2026-06-09 03:16,2026-06-09,03:16,3,3단계 ⭐확정,3,,87,주의,M16HUB,22,M16HUB;M14;M16B,"M16HUB(02:16,RA+RA_sus) → M16B(02:20,RA_sus+RB_fast+SLA) → M14(02:39,RA_sus+RB_fast+SLA) → M16A(02:55,RA_sus+RB_fast+SLA)",M16A_2F_TO_HUB=2.2x(위험);M16B_10F_TO_HUB=1.7x(주의),,22,15,0,5,20,0,0,0,RA+RB_fast+RD,RA_sus+RB_fast+SLA,,RA_sus,RA_sus+RB+RB_fast,5.24,2.80,3.16,2.61,2.69,58,26,13,-47,41,0,100.00,5,"6ABL6031,6ABL0111,6ABL0112,6ABL0121,6ABL0122",17.57,0,12.65,8.18,0,34,13,36,20,0,"hot_area=M16HUB; S3확정; 발동: M16HUB[R-A'(AVGTOTALTIME1MIN=5.24분/기준9.0),R-B_fast(+56/10분),R-D(FAB저장=0.0%,STB=100.0%)]; M14[R-A_sus,R-B_fast(+36/10분),SLA(17.6%4분초과)]; M16A[R-A_sus]; M16B[R-A_sus,R-B(10F_TO_HUB_JOB+41/30분/기준+30),R-B_fast(+33/10분)]; 흐름:M16A_2F_TO_HUB=2.2x(위험);M16B_10F_TO_HUB=1.7x(주의)",10,0,0,5,0,7,0,0,0,0,5,0,5,0,0,5,0,0,0,0,0,0,0,0,0,0,0,0,5,0,0,0,0,0,0,0,0,5,10,5,0,0,0,0,0,62,20,5,0,0,2,0,0,0,0,56,36,11,-13,33,1,0.54,87.26,85.52,90.46,84.49,0,172,97,69,0,0,22,15,0,5,20
M16A_HUBROOM_PR.csv,2026-06-09 03:17,2026-06-09,03:17,3,3단계 ⭐확정,3,,90,주의,M16HUB,30,M16HUB;M16,"M16HUB(02:17,RA+RA_sus+RC) → M16B(02:20,RA_sus+RB_fast+SLA) → M14(02:39,RA_sus+RB_fast+SLA) → M16A(02:55,RA_sus+RB_fast+SLA) → M16(03:17,RB+RB_fast)",M16A_2F_TO_HUB=2.2x(위험);M16B_10F_TO_HUB=1.8x(주의),,30,10,0,5,10,15,0,0,RA+RB_fast+RC+RD,RA_sus+RB_fast,,RA_sus,RA_sus+RB_fast,5.86,2.92,3.32,2.60,2.51,39,33,6,-26,29,0,100.00,4,"6ABL6032,6ABL0112,6ABL0121,6ABL0122",17.05,0,12.98,8.85,0,32,12,28,17,0,"hot_area=M16HUB; S3확정; 발동: M16HUB[R-A'(AVGTOTALTIME1MIN=5.86분/기준9.0),R-B_fast(+37/10분),R-C'(역증가4개:6ABL6032,6ABL0112,6ABL0121,6ABL0122),R-D(FAB저장=0.0%,STB=100.0%)]; M14[R-A_sus,R-B_fast(+38/10분)]; M16A[R-A_sus]; M16B[R-A_sus,R-B_fast(+35/10분)]; M16[R-B(SENDQUEUETOTAL+48/30분/기준+20),R-B_fast(+37/10분)]; 흐름:M16A_2F_TO_HUB=2.2x(위험);M16B_10F_TO_HUB=1.8x(주의)",10,0,0,5,8,7,0,0,0,0,5,0,5,0,0,0,0,0,0,0,0,0,0,0,0,0,0,0,5,0,0,0,0,0,0,0,0,5,0,5,0,0,0,0,0,70,20,0,0,0,2,0,0,0,0,37,38,5,-9,35,-10,0.58,89.88,85.52,90.58,90.25,0,149,88,66,0,0,30,10,0,5,10
M16A_HUBROOM_PR.csv,2026-06-09 03:18,2026-06-09,03:18,3,3단계 ⭐확정,3,,70,경계,M16HUB,25,M16HUB,"M16HUB(02:18,RA+RA_sus+RC) → M16B(02:20,RA_sus+RB_fast+SLA) → M14(02:39,RA_sus+RB_fast+SLA) → M16A(02:55,RA_sus+RB_fast+SLA) → M16(03:17,RB+RB_fast)",M16A_2F_TO_HUB=1.9x(주의);M16B_10F_TO_HUB=1.8x(주의),,25,10,0,10,10,0,0,0,RA+RC+RD,RA_sus+RB_fast,,RA_sus+SLA,RA_sus+RB_fast,5.96,2.84,2.95,2.77,2.58,11,27,-11,-10,28,0,100.00,4,"6ABL6032,6ABL0112,6ABL0121,6ABL0122",17.59,0,13.74,8.40,0,36,16,33,17,0,"hot_area=M16HUB; S3확정; 발동: M16HUB[R-A'(AVGTOTALTIME1MIN=5.96분/기준9.0),R-C'(역증가4개:6ABL6032,6ABL0112,6ABL0121,6ABL0122),R-D(FAB저장=0.0%,STB=100.0%)]; M14[R-A_sus,R-B_fast(+33/10분)]; M16A[R-A_sus,SLA(13.7%4분초과)]; M16B[R-A_sus,R-B_fast(+33/10분)]; 흐름:M16A_2F_TO_HUB=1.9x(주의);M16B_10F_TO_HUB=1.8x(주의)",10,0,0,0,8,7,0,0,0,0,5,0,5,0,0,0,0,0,0,0,0,0,0,0,0,0,0,0,5,0,0,0,0,5,0,0,0,5,0,5,0,0,0,0,0,55,10,5,0,0,1,0,0,0,0,13,33,-11,9,33,-6,0.59,88.14,83.40,89.52,86.56,0,159,100,69,0,0,25,10,0,10,10
M16A_HUBROOM_PR.csv,2026-06-09 03:19,2026-06-09,03:19,3,3단계 ⭐확정,3,,82,주의,M16HUB,17,M16HUB;M16A;M16,"M16HUB(02:19,RA+RA_sus+RB_fast) → M16B(02:20,RA_sus+RB_fast+SLA) → M14(02:39,RA_sus+RB_fast+SLA) → M16A(02:55,RA_sus+RB_fast+SLA) → M16(03:17,RB+RB_fast)",M16A_2F_TO_HUB=1.9x(주의);M16B_10F_TO_HUB=1.8x(주의),,17,10,0,15,10,15,0,0,RA+RD,RA_sus+RB_fast,,RA_sus+RB_fast+SLA,RA_sus+RB_fast,6.86,2.65,2.98,2.85,3.01,6,21,-18,11,22,0,100.00,4,"6ABL0111,6ABL0112,6ABL0121,6ABL0122",17.49,0,13.56,6.70,0,37,15,31,16,0,"hot_area=M16HUB; S3확정; 발동: M16HUB[R-A'(AVGTOTALTIME1MIN=6.86분/기준9.0),R-D(FAB저장=0.0%,STB=100.0%)]; M14[R-A_sus,R-B_fast(+28/10분)]; M16A[R-A_sus,R-B_fast(+27/10분),SLA(13.6%4분초과)]; M16B[R-A_sus,R-B_fast(+32/10분)]; M16[R-B(SENDQUEUETOTAL+38/30분/기준+20),R-B_fast(+32/10분)]; 흐름:M16A_2F_TO_HUB=1.9x(주의);M16B_10F_TO_HUB=1.8x(주의)",10,0,0,0,0,7,0,0,0,0,5,0,5,0,0,0,0,0,0,0,0,0,0,0,0,0,0,0,5,0,5,0,0,5,0,0,0,5,0,5,0,0,0,0,0,67,10,5,0,0,1,0,0,0,0,13,28,-11,27,32,1,0.56,87.17,78.35,92.82,88.18,0,163,88,50,0,0,17,10,0,15,10
M16A_HUBROOM_PR.csv,2026-06-09 03:20,2026-06-09,03:20,3,3단계 ⭐확정,3,,62,관심,M16HUB,17,M16HUB;M16B,"M16HUB(02:20,RA+RA_sus) → M16B(02:20,RA_sus+RB_fast+SLA) → M14(02:39,RA_sus+RB_fast+SLA) → M16A(02:55,RA_sus+RB_fast+SLA) → M16(03:17,RB+RB_fast)",M16B_10F_TO_HUB=1.6x(주의),,17,5,0,10,15,0,0,0,RA+RD,RA_sus,,RA_sus+SLA,RA_sus+RB_fast+SLA,4.95,2.77,2.87,2.63,2.61,-19,6,-22,11,19,0,100.00,5,"6ABL6012,6ABL0111,6ABL0112,6ABL0121,6ABL0122",17.29,0,13.21,11.98,0,39,18,29,18,0,"hot_area=M16HUB; S3확정; 발동: M16HUB[R-A'(AVGTOTALTIME1MIN=4.95분/기준9.0),R-D(FAB저장=0.0%,STB=100.0%)]; M14[R-A_sus]; M16A[R-A_sus,SLA(13.2%4분초과)]; M16B[R-A_sus,R-B_fast(+29/10분),SLA(12.0%4분초과)]; 흐름:M16B_10F_TO_HUB=1.6x(주의)",10,0,0,0,0,7,0,0,0,0,5,0,0,0,0,0,0,0,0,0,0,0,0,0,0,0,0,0,5,0,0,0,0,5,0,0,0,5,0,5,0,0,5,0,0,47,5,10,0,0,1,0,0,0,0,-12,7,-16,18,29,5,0.57,81.63,78.75,91.28,87.15,0,167,98,101,0,0,17,5,0,10,15
M16A_HUBROOM_PR.csv,2026-06-09 03:21,2026-06-09,03:21,3,3단계 ⭐확정,3,,67,경계,M16HUB,17,M16HUB;M16A;M16B,"M16HUB(02:21,RA+RA_sus) → M16B(02:21,RA_sus+RB_fast+SLA) → M14(02:39,RA_sus+RB_fast+SLA) → M16A(02:55,RA_sus+RB_fast+SLA) → M16(03:17,RB+RB_fast)",M16B_10F_TO_HUB=1.6x(주의),,17,5,0,15,15,0,0,0,RA+RD,RA_sus,,RA_sus+RB_fast+SLA,RA_sus+RB_fast+SLA,6.45,2.82,2.95,2.60,3.15,-35,-12,-28,28,18,0,100.00,4,"6ABL6032,6ABL0111,6ABL0121,6ABL0122",17.95,0,13.80,12.72,0,35,16,33,17,0,"hot_area=M16HUB; S3확정; 발동: M16HUB[R-A'(AVGTOTALTIME1MIN=6.45분/기준9.0),R-D(FAB저장=0.0%,STB=100.0%)]; M14[R-A_sus]; M16A[R-A_sus,R-B_fast(+26/10분),SLA(13.8%4분초과)]; M16B[R-A_sus,R-B_fast(+24/10분),SLA(12.7%4분초과)]; 흐름:M16B_10F_TO_HUB=1.6x(주의)",10,0,0,0,0,7,0,0,0,0,5,0,0,0,0,0,0,0,0,0,0,0,0,0,0,0,0,0,5,0,5,0,0,5,0,0,0,5,0,5,0,0,5,0,0,52,5,10,0,0,1,0,0,0,0,-32,-11,-21,26,24,2,0.57,80.76,78.35,88.46,87.00,0,158,93,94,0,0,17,5,0,15,15
M16A_HUBROOM_PR.csv,2026-06-09 03:22,2026-06-09,03:22,3,3단계 ⭐확정,3,,72,경계,M16HUB,17,M16HUB;M16A;M16B,"M16HUB(02:22,RA+RA_sus+RB_fast) → M14(02:39,RA_sus+RB_fast+SLA) → M16A(02:55,RA_sus+RB_fast+SLA) → M16B(03:16,RA_sus+RB+RB_fast) → M16(03:17,RB+RB_fast)",,,17,10,0,15,15,0,0,0,RA+RD,RA_sus+SLA,,RA_sus+RB_fast+SLA,RA_sus+RB_fast+SLA,5.66,2.74,2.96,2.68,2.62,-44,-9,-26,24,10,0,100.00,4,"6ABL6022,6ABL0111,6ABL0121,6ABL0122",18.95,0,13.47,10.99,0,33,13,34,19,0,"hot_area=M16HUB; S3확정; 발동: M16HUB[R-A'(AVGTOTALTIME1MIN=5.66분/기준9.0),R-D(FAB저장=0.0%,STB=100.0%)]; M14[R-A_sus,SLA(18.9%4분초과)]; M16A[R-A_sus,R-B_fast(+44/10분),SLA(13.5%4분초과)]; M16B[R-A_sus,R-B_fast(+18/10분),SLA(11.0%4분초과)]",10,0,0,0,0,7,0,0,0,0,5,0,0,0,0,5,0,0,0,0,0,0,0,0,0,0,0,0,5,0,5,0,0,5,0,0,0,5,0,5,0,0,5,0,0,57,0,15,0,0,1,0,0,0,0,-38,-16,-23,44,18,11,0.60,80.08,81.94,89.05,85.97,0,177,101,92,0,0,17,10,0,15,15
M16A_HUBROOM_PR.csv,2026-06-09 03:23,2026-06-09,03:23,3,3단계 ⭐확정,3,,80,주의,M16HUB,25,M16HUB;M16A;M16B,"M16HUB(02:23,RA+RA_sus) → M14(02:39,RA_sus+RB_fast+SLA) → M16A(02:55,RA_sus+RB_fast+SLA) → M16B(03:16,RA_sus+RB+RB_fast) → M16(03:17,RB+RB_fast)",,,25,10,0,15,15,0,0,0,RA+RC+RD,RA_sus+SLA,,RA_sus+RB_fast+SLA,RA_sus+RB_fast+SLA,5.97,2.95,2.95,2.75,2.77,-36,0,-17,-1,16,0,99.41,5,"6ABL6021,6ABL6022,6ABL6032,6ABL0121,6ABL0122",18.31,0,13.17,11.32,0,35,14,26,14,0,"hot_area=M16HUB; S3확정; 발동: M16HUB[R-A'(AVGTOTALTIME1MIN=5.97분/기준9.0),R-C'(역증가5개:6ABL6021,6ABL6022,6ABL6032,6ABL0121,6ABL0122),R-D(FAB저장=0.0%,STB=99.4%)]; M14[R-A_sus,SLA(18.3%4분초과)]; M16A[R-A_sus,R-B_fast(+44/10분),SLA(13.2%4분초과)]; M16B[R-A_sus,R-B_fast(+15/10분),SLA(11.3%4분초과)]",10,0,0,0,8,7,0,0,0,0,5,0,0,0,0,5,0,0,0,0,0,0,0,0,0,0,0,0,5,0,5,0,0,5,0,0,0,5,0,5,0,0,5,0,0,65,0,15,0,0,1,0,0,0,0,-51,-15,-19,44,15,-1,0.66,82.41,83.00,85.39,85.08,0,178,89,85,0,0,25,10,0,15,15
M16A_HUBROOM_PR.csv,2026-06-09 03:24,2026-06-09,03:24,3,3단계 ⭐확정,3,,52,관심,M16A,15,M16A,"M16HUB(02:24,RA+RA_sus) → M14(02:39,RA_sus+RB_fast+SLA) → M16A(02:55,RA_sus+RB_fast+SLA) → M16B(03:16,RA_sus+RB+RB_fast) → M16(03:17,RB+RB_fast)",,,7,5,0,15,10,0,0,5,RD,RA_sus,,RA_sus+RB_fast+SLA,RA_sus+SLA,7.33,2.81,2.93,3.05,2.61,-25,-1,1,-9,9,0,99.41,5,"6ABL6021,6ABL6022,6ABL6032,6ABL0112,6ABL0121",18.15,0,13.64,10.45,0,34,13,29,18,0,"hot_area=M16A; S3확정; 발동: M16HUB[R-D(FAB저장=0.0%,STB=99.4%)]; M14[R-A_sus]; M16A[R-A_sus,R-B_fast(+41/10분),SLA(13.6%4분초과)]; M16B[R-A_sus,SLA(10.4%4분초과)]; M16_WT[R-A_sus]",0,0,0,0,0,7,0,0,0,0,5,0,0,0,0,0,0,0,0,0,0,0,0,0,0,0,0,0,5,0,5,0,0,5,0,0,0,5,0,0,0,0,5,0,0,42,0,10,0,0,0,0,0,0,0,-41,-22,-5,41,3,5,0.68,82.99,85.39,86.22,84.05,0,157,99,86,0,0,7,5,0,15,10
M16A_HUBROOM_PR.csv,2026-06-09 03:25,2026-06-09,03:25,3,3단계 ⭐확정,3,,62,관심,M16A,15,M16A,"M16HUB(02:25,RA+RA_sus) → M14(02:39,RA_sus+RB_fast+SLA) → M16A(02:55,RA_sus+RB_fast+SLA) → M16B(03:16,RA_sus+RB+RB_fast) → M16(03:17,RB+RB_fast)",,,7,10,0,15,10,5,0,0,RD,RA_sus+SLA,,RA_sus+RB_fast+SLA,RA_sus+SLA,5.12,2.62,3.11,2.62,2.95,-19,7,2,-2,13,0,99.41,6,"6ABL6011,6ABL6022,6ABL6032,6ABL0111,6ABL0112,6ABL0121",17.17,0,14.02,11.31,0,36,15,28,16,0,"hot_area=M16A; S3확정; 발동: M16HUB[R-D(FAB저장=0.0%,STB=99.4%)]; M14[R-A_sus,SLA(17.2%4분초과)]; M16A[R-A_sus,R-B_fast(+65/10분),SLA(14.0%4분초과)]; M16B[R-A_sus,SLA(11.3%4분초과)]; M16[R-B_fast(+15/10분)]",0,0,0,0,0,7,0,0,0,0,5,0,0,0,0,5,0,0,0,0,0,0,0,0,0,0,0,0,5,0,5,0,0,5,0,0,0,5,0,0,0,0,5,0,0,47,0,15,0,0,0,0,0,0,0,-38,-20,-2,65,-1,0,0.69,81.83,86.32,88.93,85.67,0,171,90,83,0,0,7,10,0,15,10
M16A_HUBROOM_PR.csv,2026-06-09 03:26,2026-06-09,03:26,3,3단계 ⭐확정,3,,55,관심,M16A,15,M16A,"M16HUB(02:26,RA+RA_sus) → M14(02:39,RA_sus+RB_fast+SLA) → M16A(02:55,RA_sus+RB_fast+SLA) → M16B(03:16,RA_sus+RB+RB_fast) → M16(03:17,RB+RB_fast)",,,7,13,0,15,10,0,0,0,RD,RA_sus+RC,,RA_sus+RB_fast+SLA,RA_sus+SLA,5.78,2.62,3.47,2.80,2.65,-21,-1,7,0,11,0,99.41,4,"6ABL6032,6ABL0111,6ABL0112,6ABL0121",16.86,0,13.48,11.12,0,40,16,25,16,0,"hot_area=M16A; S3확정; 발동: M16HUB[R-D(FAB저장=0.0%,STB=99.4%)]; M14[R-A_sus,R-C'(CNV쏠림)]; M16A[R-A_sus,R-B_fast(+67/10분),SLA(13.5%4분초과)]; M16B[R-A_sus,SLA(11.1%4분초과)]",0,0,0,0,0,7,0,0,0,0,5,0,0,8,0,0,0,0,0,0,0,0,0,0,0,0,0,0,5,0,5,0,0,5,0,0,0,5,0,0,0,0,5,0,0,45,0,10,0,0,0,0,0,0,0,-49,-21,4,67,-26,5,0.71,77.75,87.25,90.34,85.67,0,148,98,93,0,0,7,13,0,15,10
M16A_HUBROOM_PR.csv,2026-06-09 03:27,2026-06-09,03:27,3,3단계 ⭐확정,3,,45,관심,M16A,15,M16A,"M16HUB(02:27,RA+RA_sus) → M14(02:39,RA_sus+RB_fast+SLA) → M16A(02:55,RA_sus+RB_fast+SLA) → M16B(03:16,RA_sus+RB+RB_fast) → M16(03:17,RB+RB_fast)",,,7,13,0,15,5,0,0,0,RD,RA_sus+RC,,RA_sus+RB_fast+SLA,RA_sus,5.30,2.54,2.99,2.77,2.75,-33,-11,3,15,-4,0,99.41,6,"6ABL6011,6ABL6032,6ABL0111,6ABL0112,6ABL0121,6ABL0122",16.12,0,13.21,10.88,0,39,17,29,15,0,"hot_area=M16A; S3확정; 발동: M16HUB[R-D(FAB저장=0.0%,STB=99.4%)]; M14[R-A_sus,R-C'(CNV쏠림)]; M16A[R-A_sus,R-B_fast(+57/10분),SLA(13.2%4분초과)]; M16B[R-A_sus]",0,0,0,0,0,7,0,0,0,0,5,0,0,8,0,0,0,0,0,0,0,0,0,0,0,0,0,0,5,0,5,0,0,5,0,0,0,5,0,0,0,0,0,0,0,40,0,5,0,0,0,0,0,0,0,-38,-37,0,57,-36,9,0.72,76.48,88.05,88.57,80.35,0,153,86,82,0,0,7,13,0,15,5
M16A_HUBROOM_PR.csv,2026-06-09 03:28,2026-06-09,03:28,3,3단계 ⭐확정,3,,45,관심,M16A,15,M16A,"M16HUB(02:28,RA+RA_sus) → M14(02:39,RA_sus+RB_fast+SLA) → M16A(02:55,RA_sus+RB_fast+SLA) → M16B(03:16,RA_sus+RB+RB_fast) → M16(03:17,RB+RB_fast)",,,7,13,0,15,5,0,0,0,RD,RA_sus+RC,,RA_sus+RB_fast+SLA,RA_sus,6.98,2.73,2.78,2.51,2.57,-40,-14,2,38,-26,0,99.41,6,"6ABL6011,6ABL6032,6ABL0111,6ABL0112,6ABL0121,6ABL0122",15.77,0,13.57,9.92,0,40,15,28,15,0,"hot_area=M16A; S3확정; 발동: M16HUB[R-D(FAB저장=0.0%,STB=99.4%)]; M14[R-A_sus,R-C'(CNV쏠림)]; M16A[R-A_sus,R-B_fast(+58/10분),SLA(13.6%4분초과)]; M16B[R-A_sus]",0,0,0,0,0,7,0,0,0,0,5,0,0,8,0,0,0,0,0,0,0,0,0,0,0,0,0,0,5,0,5,0,0,5,0,0,0,5,0,0,0,0,0,0,0,40,0,5,0,0,0,0,0,0,0,-33,-34,6,58,-41,17,0.71,76.68,86.99,87.99,78.88,0,153,97,83,0,0,7,13,0,15,5
M16A_HUBROOM_PR.csv,2026-06-09 03:29,2026-06-09,03:29,1,1단계 조기경보,3,3→1,33,관심,M14,13,,"M16HUB(02:29,RA+RA_sus) → M14(02:39,RA_sus+RB_fast+SLA) → M16A(02:55,RA_sus+RB_fast+SLA) → M16B(03:16,RA_sus+RB+RB_fast) → M16(03:17,RB+RB_fast)",,,0,13,0,10,5,0,0,0,,RA_sus+RC,,RA_sus+SLA,RA_sus,5.03,2.57,2.96,2.85,2.38,-35,-7,-4,15,-39,0,97.63,6,"6ABL6031,6ABL6032,6ABL0111,6ABL0112,6ABL0121,6ABL0122",15.87,0,13.57,8.13,0,39,16,33,18,0,"hot_area=M14; S1조기경보; 발동: M14[R-A_sus,R-C'(CNV쏠림)]; M16A[R-A_sus,SLA(13.6%4분초과)]; M16B[R-A_sus]",0,0,0,0,0,0,0,0,0,0,5,0,0,8,0,0,0,0,0,0,0,0,0,0,0,0,0,0,5,0,0,0,0,5,0,0,0,5,0,0,0,0,0,0,0,28,0,5,0,0,0,0,0,0,0,-29,-31,5,10,-50,18,0.71,81.05,85.52,84.33,81.83,0,139,87,61,0,0,0,13,0,10,5
M16A_HUBROOM_PR.csv,2026-06-09 03:30,2026-06-09,03:30,1,1단계 조기경보,1,,41,관심,M14,13,,"M16HUB(02:30,RA+RA_sus) → M14(02:39,RA_sus+RB_fast+SLA) → M16A(02:55,RA_sus+RB_fast+SLA) → M16B(03:16,RA_sus+RB+RB_fast) → M16(03:17,RB+RB_fast)",,,8,13,0,10,5,0,0,0,RC,RA_sus+RC,,RA_sus+SLA,RA_sus,5.23,2.75,3.19,2.67,2.69,-32,-14,-6,3,-44,0,97.63,5,"6ABL6032,6ABL0111,6ABL0112,6ABL0121,6ABL0122",15.70,0,13.71,12.11,0,36,15,34,17,0,"hot_area=M14; S1조기경보; 발동: M16HUB[R-C'(역증가5개:6ABL6032,6ABL0111,6ABL0112,6ABL0121,6ABL0122)]; M14[R-A_sus,R-C'(CNV쏠림)]; M16A[R-A_sus,SLA(13.7%4분초과)]; M16B[R-A_sus]",0,0,0,0,8,0,0,0,0,0,5,0,0,8,0,0,0,0,0,0,0,0,0,0,0,0,0,0,5,0,0,0,0,5,0,0,0,5,0,0,0,0,0,0,0,36,0,5,0,0,0,0,0,0,0,-15,-28,12,4,-46,-10,0.75,80.95,87.78,83.39,78.73,0,151,99,108,0,0,8,13,0,10,5
M16A_HUBROOM_PR.csv,2026-06-09 03:31,2026-06-09,03:31,1,1단계 조기경보,1,,33,관심,M14,13,,"M16HUB(02:31,RA+RA_sus) → M14(02:39,RA_sus+RB_fast+SLA) → M16A(02:55,RA_sus+RB_fast+SLA) → M16B(03:16,RA_sus+RB+RB_fast) → M16(03:17,RB+RB_fast)",,,0,13,0,10,5,0,0,0,,RA_sus+RC,,RA_sus+SLA,RA_sus,5.30,2.58,3.39,2.64,2.86,-25,-10,-3,-25,-19,1.78,95.86,1,6ABL0111,14.67,0,14.53,12.84,0,37,14,33,15,0,"hot_area=M14; S1조기경보; 발동: M14[R-A_sus,R-C'(CNV쏠림)]; M16A[R-A_sus,SLA(14.5%4분초과)]; M16B[R-A_sus]",0,0,0,0,0,0,0,0,0,0,5,0,0,8,0,0,0,0,0,0,0,0,0,0,0,0,0,0,5,0,0,0,0,5,0,0,0,5,0,0,0,0,0,0,0,28,0,5,0,0,0,0,0,0,0,-3,-20,18,-25,-24,-20,0.73,80.86,87.12,84.92,78.73,0,125,93,103,0,0,0,13,0,10,5
M16A_HUBROOM_PR.csv,2026-06-09 03:32,2026-06-09,03:32,3,3단계 ⭐확정,1,1→3,38,관심,M14,13,,"M16HUB(02:32,RA+RA_sus) → M14(02:39,RA_sus+RB_fast+SLA) → M16A(02:55,RA_sus+RB_fast+SLA) → M16B(03:16,RA_sus+RB+RB_fast) → M16(03:17,RB+RB_fast)",,,5,13,0,10,5,0,0,0,RB_fast,RA_sus+RC,,RA_sus+SLA,RA_sus,5.23,2.56,3.16,2.75,2.46,-3,-8,5,-18,-7,1.18,95.27,1,6ABL6032,14.84,0,14.57,10.04,0,41,15,34,15,0,"hot_area=M14; S3확정; 발동: M16HUB[R-B_fast(+30/10분)]; M14[R-A_sus,R-C'(CNV쏠림)]; M16A[R-A_sus,SLA(14.6%4분초과)]; M16B[R-A_sus]",0,0,0,5,0,0,0,0,0,0,5,0,0,8,0,0,0,0,0,0,0,0,0,0,0,0,0,0,5,0,0,0,0,5,0,0,0,5,0,0,0,0,0,0,0,33,0,5,0,0,0,0,0,0,0,30,-18,20,-27,-9,-29,0.73,78.72,86.99,85.98,81.39,0,133,102,90,0,0,5,13,0,10,5
M16A_HUBROOM_PR.csv,2026-06-09 03:33,2026-06-09,03:33,1,1단계 조기경보,3,3→1,33,관심,M16A,10,,"M16HUB(02:33,RA+RA_sus) → M14(02:39,RA_sus+RB_fast+SLA) → M16A(02:55,RA_sus+RB_fast+SLA) → M16B(03:16,RA_sus+RB+RB_fast) → M16(03:17,RB+RB_fast)",,,8,5,0,10,5,0,0,0,RC,RA_sus,,RA_sus+SLA,RA_sus,5.87,2.70,2.92,2.69,2.79,-8,-6,20,-17,13,1.78,95.86,2,"6ABL6011,6ABL6032",14.74,0,14.58,9.91,0,37,14,38,19,0,"hot_area=M16A; S1조기경보; 발동: M16HUB[R-C'(역증가2개:6ABL6011,6ABL6032)]; M14[R-A_sus]; M16A[R-A_sus,SLA(14.6%4분초과)]; M16B[R-A_sus]",0,0,0,0,8,0,0,0,0,0,5,0,0,0,0,0,0,0,0,0,0,0,0,0,0,0,0,0,5,0,0,0,0,5,0,0,0,5,0,0,0,0,0,0,0,28,0,5,0,0,0,0,0,0,0,7,-20,21,-24,-2,-25,0.63,81.73,89.24,89.16,85.08,0,138,92,80,0,0,8,5,0,10,5
M16A_HUBROOM_PR.csv,2026-06-09 03:34,2026-06-09,03:34,3,3단계 ⭐확정,1,1→3,38,관심,M16A,10,,"M16HUB(02:34,RA+RA_sus) → M14(02:39,RA_sus+RB_fast+SLA) → M16A(02:55,RA_sus+RB_fast+SLA) → M16B(03:16,RA_sus+RB+RB_fast) → M16(03:17,RB+RB_fast)",,,8,5,0,10,10,0,0,0,RC,RA_sus,,RA_sus+SLA,RA_sus+RB_fast,4.97,2.63,2.99,2.67,2.18,8,4,10,-23,18,0.59,98.82,2,"6ABL6011,6ABL6022",14.63,0,14.63,9.64,0,36,12,41,21,0,"hot_area=M16A; S3확정; 발동: M16HUB[R-C'(역증가2개:6ABL6011,6ABL6022)]; M14[R-A_sus]; M16A[R-A_sus,SLA(14.6%4분초과)]; M16B[R-A_sus,R-B_fast(+11/10분)]",0,0,0,0,8,0,0,0,0,0,5,0,0,0,0,0,0,0,0,0,0,0,0,0,0,0,0,0,5,0,0,0,0,5,0,0,0,5,0,5,0,0,0,0,0,33,0,5,0,0,0,0,0,0,0,11,-7,3,-28,11,-26,0.62,84.26,82.74,87.40,85.67,0,121,104,84,0,0,8,5,0,10,10
M16A_HUBROOM_PR.csv,2026-06-09 03:35,2026-06-09,03:35,3,3단계 ⭐확정,3,,50,관심,M16HUB,15,M16HUB,"M16HUB(02:35,RA+RA_sus) → M14(02:39,RA_sus+RB_fast+SLA) → M16A(02:55,RA_sus+RB_fast+SLA) → M16B(03:16,RA_sus+RB+RB_fast) → M16(03:17,RB+RB_fast)",,,15,5,0,10,10,0,0,5,RC+RD,RA_sus,,RA_sus+SLA,RA_sus+RB_fast,5.72,2.44,3.17,2.67,3.00,23,19,5,-20,18,0.59,99.41,3,"6ABL6011,6ABL6022,6ABL6032",14.92,0,14.33,9.97,0,34,13,39,16,0,"hot_area=M16HUB; S3확정; 발동: M16HUB[R-C'(역증가3개:6ABL6011,6ABL6022,6ABL6032),R-D(FAB저장=0.6%,STB=99.4%)]; M14[R-A_sus]; M16A[R-A_sus,SLA(14.3%4분초과)]; M16B[R-A_sus,R-B_fast(+12/10분)]; M16_WT[R-A_sus]",0,0,0,0,8,7,0,0,0,0,5,0,0,0,0,0,0,0,0,0,0,0,0,0,0,0,0,0,5,0,0,0,0,5,0,0,0,5,0,5,0,0,0,0,0,45,0,5,0,0,0,0,0,0,0,22,6,-8,-47,12,-28,0.60,85.13,84.59,84.33,88.61,0,144,91,79,0,0,15,5,0,10,10
M16A_HUBROOM_PR.csv,2026-06-09 03:36,2026-06-09,03:36,3,3단계 ⭐확정,3,,55,관심,M16HUB,20,M16HUB,"M16HUB(02:36,RA+RA_sus) → M14(02:39,RA_sus+RB_fast+SLA) → M16A(02:55,RA_sus+RB_fast+SLA) → M16B(03:16,RA_sus+RB+RB_fast) → M16(03:17,RB+RB_fast)",,,20,5,0,10,10,0,0,5,RB_fast+RC+RD,RA_sus,,RA_sus+SLA,RA_sus+RB_fast,6.55,2.50,3.54,2.45,2.61,56,35,1,4,22,0,100.00,3,"6ABL6021,6ABL6022,6ABL0111",14.77,0,13.52,9.33,0,36,13,37,15,0,"hot_area=M16HUB; S3확정; 발동: M16HUB[R-B_fast(+49/10분),R-C'(역증가3개:6ABL6021,6ABL6022,6ABL0111),R-D(FAB저장=0.0%,STB=100.0%)]; M14[R-A_sus]; M16A[R-A_sus,SLA(13.5%4분초과)]; M16B[R-A_sus,R-B_fast(+15/10분)]; M16_WT[R-A_sus]",0,0,0,5,8,7,0,0,0,0,5,0,0,0,0,0,0,0,0,0,0,0,0,0,0,0,0,0,5,0,0,0,0,5,0,0,0,5,0,5,0,0,0,0,0,50,0,5,0,0,0,0,0,0,0,49,20,-14,-50,15,-33,0.57,84.55,85.39,82.92,89.35,0,127,93,79,0,0,20,5,0,10,10
M16A_HUBROOM_PR.csv,2026-06-09 03:37,2026-06-09,03:37,3,3단계 ⭐확정,3,,75,경계,M16HUB,20,M16HUB;M16,"M16HUB(02:37,RA+RA_sus) → M14(02:39,RA_sus+RB_fast+SLA) → M16A(02:55,RA_sus+RB_fast+SLA) → M16B(03:16,RA_sus+RB+RB_fast) → M16(03:17,RB+RB_fast)",,,20,10,0,10,10,15,0,5,RB_fast+RC+RD,RA_sus+RB_fast,,RA_sus+SLA,RA_sus+RB_fast,5.98,2.77,3.05,2.68,2.51,36,33,2,-13,23,0,100.00,3,"6ABL6011,6ABL6022,6ABL0111",14.71,0,13.03,6.79,0,38,13,38,18,0,"hot_area=M16HUB; S3확정; 발동: M16HUB[R-B_fast(+37/10분),R-C'(역증가3개:6ABL6011,6ABL6022,6ABL0111),R-D(FAB저장=0.0%,STB=100.0%)]; M14[R-A_sus,R-B_fast(+32/10분)]; M16A[R-A_sus,SLA(13.0%4분초과)]; M16B[R-A_sus,R-B_fast(+24/10분)]; M16[R-B(SENDQUEUETOTAL+32/30분/기준+20),R-B_fast(+12/10분)]; M16_WT[R-A_sus]",0,0,0,5,8,7,0,0,0,0,5,0,5,0,0,0,0,0,0,0,0,0,0,0,0,0,0,0,5,0,0,0,0,5,0,0,0,5,0,5,0,0,0,0,0,70,0,5,0,0,0,0,0,0,0,37,32,-3,-61,24,-19,0.55,84.16,86.19,82.92,88.61,0,133,80,51,0,0,20,10,0,10,10
M16A_HUBROOM_PR.csv,2026-06-09 03:38,2026-06-09,03:38,3,3단계 ⭐확정,3,,58,관심,M16B,20,M16B,"M16HUB(02:38,RA+RA_sus) → M14(02:39,RA_sus+RB_fast+SLA) → M16A(02:55,RA_sus+RB_fast+SLA) → M16B(03:16,RA_sus+RB+RB_fast) → M16(03:17,RB+RB_fast)",M16B_10F_TO_HUB=1.6x(주의),,13,10,0,5,20,0,0,5,RB_fast+RC,RA_sus+RB_fast,,RA_sus,RA_sus+RB+RB_fast,7.37,2.56,2.91,2.70,2.41,24,34,-8,3,33,0,98.22,2,"6ABL6011,6ABL6022",14.47,0,11.98,9.38,0,35,15,37,16,0,"hot_area=M16B; S3확정; 발동: M16HUB[R-B_fast(+44/10분),R-C'(역증가2개:6ABL6011,6ABL6022)]; M14[R-A_sus,R-B_fast(+35/10분)]; M16A[R-A_sus]; M16B[R-A_sus,R-B(10F_TO_HUB_JOB+33/30분/기준+30),R-B_fast(+41/10분)]; M16_WT[R-A_sus]; 흐름:M16B_10F_TO_HUB=1.6x(주의)",0,0,0,5,8,0,0,0,0,0,5,0,5,0,0,0,0,0,0,0,0,0,0,0,0,0,0,0,5,0,0,0,0,0,0,0,0,5,10,5,0,0,0,0,0,53,5,0,0,0,0,0,0,0,0,44,35,-3,-64,41,-29,0.58,85.71,83.40,83.18,86.54,0,137,80,78,0,0,13,10,0,5,20
M16A_HUBROOM_PR.csv,2026-06-09 03:39,2026-06-09,03:39,2,2단계 주의보,3,3→2,65,경계,M16B,20,M16B,"M16HUB(02:39,RA+RA_sus) → M14(02:39,RA_sus+RB_fast+SLA) → M16A(02:55,RA_sus+RB_fast+SLA) → M16B(03:16,RA_sus+RB+RB_fast) → M16(03:17,RB+RB_fast)",M16B_10F_TO_HUB=1.6x(주의),,10,10,0,5,20,10,0,5,RA_sus+RB_fast,RA_sus+RB_fast,,RA_sus,RA_sus+RB+RB_fast,6.78,2.52,2.90,2.51,2.57,27,28,0,-2,31,0,98.22,1,6ABL6031,14.54,0,11.54,7.11,0,32,11,38,17,0,"hot_area=M16B; S2주의보; 발동: M16HUB[R-A_sus,R-B_fast(+43/10분)]; M14[R-A_sus,R-B_fast(+31/10분)]; M16A[R-A_sus]; M16B[R-A_sus,R-B(10F_TO_HUB_JOB+31/30분/기준+30),R-B_fast(+49/10분)]; M16[R-B(SENDQUEUETOTAL+34/30분/기준+20)]; M16_WT[R-A_sus]; 흐름:M16B_10F_TO_HUB=1.6x(주의)",0,5,0,5,0,0,0,0,0,0,5,0,5,0,0,0,0,0,0,0,0,0,0,0,0,0,0,0,5,0,0,0,0,0,0,0,0,5,10,5,0,0,0,0,0,60,5,0,0,0,0,0,0,0,0,43,31,6,-39,49,-27,0.59,83.87,81.67,83.53,88.46,0,123,69,53,0,0,10,10,0,5,20
M16A_HUBROOM_PR.csv,2026-06-09 03:40,2026-06-09,03:40,2,2단계 주의보,2,,50,관심,M16HUB,10,,"M16HUB(02:40,RA+RA_sus) → M14(02:40,RA_sus+RB_fast+SLA) → M16A(02:55,RA_sus+RB_fast+SLA) → M16B(03:16,RA_sus+RB+RB_fast) → M16(03:17,RB+RB_fast)",M16A_2F_TO_HUB=2.1x(위험),,10,10,0,5,10,0,0,0,RA_sus+RB_fast,RA_sus+RB_fast,,RA_sus,RA_sus+RB_fast,4.56,2.81,3.01,2.55,2.62,27,16,11,0,25,0.59,98.22,1,6ABL6031,15.97,0,11.06,11.54,0,34,13,41,16,0,"hot_area=M16HUB; S2주의보; 발동: M16HUB[R-A_sus,R-B_fast(+54/10분)]; M14[R-A_sus,R-B_fast(+37/10분)]; M16A[R-A_sus]; M16B[R-A_sus,R-B_fast(+42/10분)]; 흐름:M16A_2F_TO_HUB=2.1x(위험)",0,5,0,5,0,0,0,0,0,0,5,0,5,0,0,0,0,0,0,0,0,0,0,0,0,0,0,0,5,0,0,0,0,0,0,0,0,5,0,5,0,0,0,0,0,35,15,0,0,0,0,0,0,0,0,54,37,15,-22,42,-26,0.58,82.80,82.20,82.94,84.32,0,161,79,99,0,0,10,10,0,5,10
M16A_HUBROOM_PR.csv,2026-06-09 03:41,2026-06-09,03:41,3,3단계 ⭐확정,2,2→3,73,경계,M16HUB,18,M16HUB;M14,"M16HUB(02:41,RA+RA_sus) → M16A(02:55,RA_sus+RB_fast+SLA) → M14(03:16,RA_sus+RB_fast+SLA) → M16B(03:16,RA_sus+RB+RB_fast) → M16(03:17,RB+RB_fast)",M16A_2F_TO_HUB=2.0x(위험),,18,15,0,5,10,5,0,0,RA_sus+RB_fast+RC,RA_sus+RB_fast+SLA,,RA_sus,RA_sus+RB_fast,6.24,2.58,3.42,2.47,3.07,13,-1,15,-4,17,0.59,98.82,4,"6ABL6011,6ABL6021,6ABL6022,6ABL6031",16.03,0,10.41,12.04,0,30,11,35,15,0,"hot_area=M16HUB; S3확정; 발동: M16HUB[R-A_sus,R-B_fast(+48/10분),R-C'(역증가4개:6ABL6011,6ABL6021,6ABL6022,6ABL6031)]; M14[R-A_sus,R-B_fast(+30/10분),SLA(16.0%4분초과)]; M16A[R-A_sus]; M16B[R-A_sus,R-B_fast(+17/10분)]; M16[R-B_fast(+26/10분)]; 흐름:M16A_2F_TO_HUB=2.0x(위험)",0,5,0,5,8,0,0,0,0,0,5,0,5,0,0,5,0,0,0,0,0,0,0,0,0,0,0,0,5,0,0,0,0,0,0,0,0,5,0,5,0,0,0,0,0,53,15,5,0,0,0,0,0,0,0,48,30,18,-5,17,-27,0.57,82.99,84.06,88.59,85.52,0,147,68,92,0,0,18,15,0,5,10
M16A_HUBROOM_PR.csv,2026-06-09 03:42,2026-06-09,03:42,3,3단계 ⭐확정,3,,40,관심,M14,15,M14,"M16HUB(02:42,RA+RA_sus) → M16A(02:55,RA_sus+RB_fast+SLA) → M14(03:16,RA_sus+RB_fast+SLA) → M16B(03:16,RA_sus+RB+RB_fast) → M16(03:17,RB+RB_fast)",M16A_2F_TO_HUB=2.0x(주의),,5,15,0,5,5,0,0,0,RA_sus,RA_sus+RB_fast+SLA,,RA_sus,RA_sus,5.41,2.90,3.05,2.73,2.59,14,-1,5,7,15,1.18,98.82,1,6ABL6031,16.23,0,9.99,10.71,0,31,14,39,16,0,"hot_area=M14; S3확정; 발동: M16HUB[R-A_sus]; M14[R-A_sus,R-B_fast(+33/10분),SLA(16.2%4분초과)]; M16A[R-A_sus]; M16B[R-A_sus]; 흐름:M16A_2F_TO_HUB=2.0x(주의)",0,5,0,0,0,0,0,0,0,0,5,0,5,0,0,5,0,0,0,0,0,0,0,0,0,0,0,0,5,0,0,0,0,0,0,0,0,5,0,0,0,0,0,0,0,30,5,5,0,0,0,0,0,0,0,22,33,8,-10,6,-29,0.58,80.95,82.20,89.53,81.83,0,154,71,90,0,0,5,15,0,5,5
M16A_HUBROOM_PR.csv,2026-06-09 03:43,2026-06-09,03:43,3,3단계 ⭐확정,3,,57,관심,M16HUB,17,M16HUB;M14,"M16HUB(02:43,RA+RA_sus) → M16A(02:55,RA_sus+RB_fast+SLA) → M14(03:16,RA_sus+RB_fast+SLA) → M16B(03:16,RA_sus+RB+RB_fast) → M16(03:17,RB+RB_fast)",M16A_2F_TO_HUB=1.9x(주의),,17,15,0,5,5,5,0,0,RA_sus+RB_fast+RD,RA_sus+RB_fast+SLA,,RA_sus,RA_sus,6.12,2.64,2.83,2.50,2.75,-9,-2,-6,31,6,0.59,99.41,1,6ABL6012,16.58,0,9.72,10.63,0,31,13,42,17,0,"hot_area=M16HUB; S3확정; 발동: M16HUB[R-A_sus,R-B_fast(+35/10분),R-D(FAB저장=0.6%,STB=99.4%)]; M14[R-A_sus,R-B_fast(+33/10분),SLA(16.6%4분초과)]; M16A[R-A_sus]; M16B[R-A_sus]; M16[R-B_fast(+35/10분)]; 흐름:M16A_2F_TO_HUB=1.9x(주의)",0,5,0,5,0,7,0,0,0,0,5,0,5,0,0,5,0,0,0,0,0,0,0,0,0,0,0,0,5,0,0,0,0,0,0,0,0,5,0,0,0,0,0,0,0,47,5,5,0,0,0,0,0,0,0,35,33,-8,11,-7,-25,0.61,83.77,83.13,90.71,81.54,0,165,62,81,0,0,17,15,0,5,5
M16A_HUBROOM_PR.csv,2026-06-09 03:44,2026-06-09,03:44,1,1단계 조기경보,3,3→1,50,관심,M16HUB,20,M16HUB,"M16HUB(02:44,RA+RA_sus) → M16A(02:55,RA_sus+RB_fast+SLA) → M14(03:16,RA_sus+RB_fast+SLA) → M16B(03:16,RA_sus+RB+RB_fast) → M16(03:17,RB+RB_fast)",M16A_2F_TO_HUB=1.9x(주의),,20,10,0,5,5,0,0,0,RA_sus+RC+RD,RA_sus+SLA,,RA_sus,RA_sus,7.48,2.74,2.80,2.80,2.34,-9,-12,-2,36,-2,0.59,99.41,2,"6ABL6012,6ABL0111",17.19,0,9.42,11.37,0,29,14,40,19,0,"hot_area=M16HUB; S1조기경보; 발동: M16HUB[R-A_sus,R-C'(역증가2개:6ABL6012,6ABL0111),R-D(FAB저장=0.6%,STB=99.4%)]; M14[R-A_sus,SLA(17.2%4분초과)]; M16A[R-A_sus]; M16B[R-A_sus]; 흐름:M16A_2F_TO_HUB=1.9x(주의)",0,5,0,0,8,7,0,0,0,0,5,0,0,0,0,5,0,0,0,0,0,0,0,0,0,0,0,0,5,0,0,0,0,0,0,0,0,5,0,0,0,0,0,0,0,40,5,5,0,0,0,0,0,0,0,21,17,0,23,-16,-27,0.65,82.70,82.20,87.88,79.47,0,153,66,94,0,0,20,10,0,5,5
M16A_HUBROOM_PR.csv,2026-06-09 03:45,2026-06-09,03:45,3,3단계 ⭐확정,1,1→3,70,경계,M16HUB,20,M16HUB;M16,"M16HUB(02:45,RA+RA_sus) → M16A(02:55,RA_sus+RB_fast+SLA) → M14(03:16,RA_sus+RB_fast+SLA) → M16B(03:16,RA_sus+RB+RB_fast) → M16(03:17,RB+RB_fast)",M16A_2F_TO_HUB=1.5x(주의),,20,10,0,10,5,15,0,0,RA_sus+RC+RD,RA_sus+SLA,,RA_sus+RB_fast,RA_sus,7.09,2.83,3.05,2.54,2.85,-10,-15,-1,54,-7,0,99.41,3,"6ABL6011,6ABL6012,6ABL0111",16.75,0,9.41,11.52,0,32,14,40,17,0,"hot_area=M16HUB; S3확정; 발동: M16HUB[R-A_sus,R-C'(역증가3개:6ABL6011,6ABL6012,6ABL0111),R-D(FAB저장=0.0%,STB=99.4%)]; M14[R-A_sus,SLA(16.8%4분초과)]; M16A[R-A_sus,R-B_fast(+36/10분)]; M16B[R-A_sus]; M16[R-B(SENDQUEUETOTAL+21/30분/기준+20),R-B_fast(+51/10분)]; 흐름:M16A_2F_TO_HUB=1.5x(주의)",0,5,0,0,8,7,0,0,0,0,5,0,0,0,0,5,0,0,0,0,0,0,0,0,0,0,0,0,5,0,5,0,0,0,0,0,0,5,0,0,0,0,0,0,0,60,5,5,0,0,0,0,0,0,0,6,-1,9,36,-18,-25,0.65,79.79,83.40,87.29,76.66,0,170,59,84,0,0,20,10,0,10,5
M16A_HUBROOM_PR.csv,2026-06-09 03:46,2026-06-09,03:46,3,3단계 ⭐확정,3,,43,관심,M16HUB,13,,"M16HUB(02:46,RA+RA_sus) → M16A(02:55,RA_sus+RB_fast+SLA) → M14(03:16,RA_sus+RB_fast+SLA) → M16B(03:16,RA_sus+RB+RB_fast) → M16(03:17,RB+RB_fast)",,,13,10,0,10,5,0,0,0,RA_sus+RC,RA_sus+SLA,,RA_sus+RB_fast,RA_sus,5.35,2.72,3.28,2.65,2.62,-28,-17,-3,43,-30,0,98.82,2,"6ABL6011,6ABL6032",17.38,0,8.41,10.95,0,32,15,39,18,0,"hot_area=M16HUB; S3확정; 발동: M16HUB[R-A_sus,R-C'(역증가2개:6ABL6011,6ABL6032)]; M14[R-A_sus,SLA(17.4%4분초과)]; M16A[R-A_sus,R-B_fast(+26/10분)]; M16B[R-A_sus]",0,5,0,0,8,0,0,0,0,0,5,0,0,0,0,5,0,0,0,0,0,0,0,0,0,0,0,0,5,0,5,0,0,0,0,0,0,5,0,0,0,0,0,0,0,38,0,5,0,0,0,0,0,0,0,-28,-16,7,26,-19,-19,0.64,79.49,84.06,88.24,79.62,0,159,61,91,0,0,13,10,0,10,5
M16A_HUBROOM_PR.csv,2026-06-09 03:47,2026-06-09,03:47,3,3단계 ⭐확정,3,,53,관심,M16HUB,13,,"M16HUB(02:47,RA+RA_sus) → M16A(02:55,RA_sus+RB_fast+SLA) → M14(03:16,RA_sus+RB_fast+SLA) → M16B(03:16,RA_sus+RB+RB_fast) → M16(03:17,RB+RB_fast)",,,13,10,0,10,10,0,0,0,RA_sus+RC,RA_sus+SLA,,RA_sus+RB_fast,RA_sus+SLA,6.72,2.61,3.03,2.63,2.71,-14,-26,2,33,-30,0,97.04,3,"6ABL6021,6ABL6032,6ABL0121",18.38,0,8.94,10.90,0,28,11,36,18,0,"hot_area=M16HUB; S3확정; 발동: M16HUB[R-A_sus,R-C'(역증가3개:6ABL6021,6ABL6032,6ABL0121)]; M14[R-A_sus,SLA(18.4%4분초과)]; M16A[R-A_sus,R-B_fast(+37/10분)]; M16B[R-A_sus,SLA(10.9%4분초과)]",0,5,0,0,8,0,0,0,0,0,5,0,0,0,0,5,0,0,0,0,0,0,0,0,0,0,0,0,5,0,5,0,0,0,0,0,0,5,0,0,0,0,5,0,0,43,0,10,0,0,0,0,0,0,0,-13,-21,5,37,-18,-17,0.65,82.60,85.39,88.47,83.01,0,170,58,81,0,0,13,10,0,10,10
M16A_HUBROOM_PR.csv,2026-06-09 03:48,2026-06-09,03:48,3,3단계 ⭐확정,3,,43,관심,M16HUB,13,,"M16HUB(02:48,RA+RA_sus) → M16A(02:55,RA_sus+RB_fast+SLA) → M14(03:16,RA_sus+RB_fast+SLA) → M16B(03:16,RA_sus+RB+RB_fast) → M16(03:17,RB+RB_fast)",,,13,10,0,10,5,0,0,0,RA_sus+RC,RA_sus+SLA,,RA_sus+RB_fast,RA_sus,7.44,2.26,2.98,2.69,2.37,-17,-18,7,38,-28,0,97.04,4,"6ABL6021,6ABL6022,6ABL6031,6ABL0111",18.04,0,9.61,9.14,0,30,11,36,17,0,"hot_area=M16HUB; S3확정; 발동: M16HUB[R-A_sus,R-C'(역증가4개:6ABL6021,6ABL6022,6ABL6031,6ABL0111)]; M14[R-A_sus,SLA(18.0%4분초과)]; M16A[R-A_sus,R-B_fast(+44/10분)]; M16B[R-A_sus]",0,5,0,0,8,0,0,0,0,0,5,0,0,0,0,5,0,0,0,0,0,0,0,0,0,0,0,0,5,0,5,0,0,0,0,0,0,5,0,0,0,0,0,0,0,38,0,5,0,0,0,0,0,0,0,-28,-19,4,44,-28,-8,0.67,83.97,86.06,88.12,78.43,0,173,67,74,0,0,13,10,0,10,5
M16A_HUBROOM_PR.csv,2026-06-09 03:49,2026-06-09,03:49,3,3단계 ⭐확정,3,,35,관심,M14,10,,"M16HUB(02:49,RA+RA_sus+RD) → M16A(02:55,RA_sus+RB_fast+SLA) → M14(03:16,RA_sus+RB_fast+SLA) → M16B(03:16,RA_sus+RB+RB_fast) → M16(03:17,RB+RB_fast)",,,5,10,0,10,5,0,0,0,RA_sus,RA_sus+SLA,,RA_sus+RB_fast,RA_sus,7.21,2.71,2.89,2.70,2.19,0,-17,18,24,-26,2.37,97.04,5,"6ABL6021,6ABL6022,6ABL6031,6ABL0111,6ABL0121",18.18,0,9.85,6.60,0,38,14,34,19,0,"hot_area=M14; S3확정; 발동: M16HUB[R-A_sus]; M14[R-A_sus,SLA(18.2%4분초과)]; M16A[R-A_sus,R-B_fast(+53/10분)]; M16B[R-A_sus]",0,5,0,0,0,0,0,0,0,0,5,0,0,0,0,5,0,0,0,0,0,0,0,0,0,0,0,0,5,0,5,0,0,0,0,0,0,5,0,0,0,0,0,0,0,30,0,5,0,0,0,0,0,0,0,-14,-17,7,53,-25,7,0.64,85.23,87.38,86.47,79.76,0,156,61,47,0,0,5,10,0,10,5
M16A_HUBROOM_PR.csv,2026-06-09 03:50,2026-06-09,03:50,2,2단계 주의보,3,3→2,30,관심,M16A,10,,"M16HUB(02:50,RA+RA_sus+RB_fast+RD) → M16A(02:55,RA_sus+RB_fast+SLA) → M14(03:16,RA_sus+RB_fast+SLA) → M16B(03:16,RA_sus+RB+RB_fast) → M16(03:17,RB+RB_fast)",,,5,5,0,10,5,0,0,5,RA_sus,RA_sus,,RA_sus+RB_fast,RA_sus,6.19,2.64,3.21,2.63,2.47,8,-19,29,28,-25,1.18,95.86,9,"6ABL6011,6ABL6012,6ABL6021,6ABL6031,6ABL6032,6ABL0111,6ABL0112,6ABL0121,6ABL0122",17.11,0,10.18,8.40,0,33,13,31,17,0,"hot_area=M16A; S2주의보; 발동: M16HUB[R-A_sus]; M14[R-A_sus]; M16A[R-A_sus,R-B_fast(+46/10분)]; M16B[R-A_sus]; M16_WT[R-A_sus]",0,5,0,0,0,0,0,0,0,0,5,0,0,0,0,0,0,0,0,0,0,0,0,0,0,0,0,0,5,0,5,0,0,0,0,0,0,5,0,0,0,0,0,0,0,30,0,0,0,0,0,0,0,0,0,-31,-28,2,46,-21,28,0.64,82.31,88.45,83.29,77.40,0,168,75,69,0,0,5,5,0,10,5
M16A_HUBROOM_PR.csv,2026-06-09 03:51,2026-06-09,03:51,2,2단계 주의보,2,,30,관심,M16A,10,,"M16HUB(02:51,RA+RA_sus+RB_fast+RD) → M16A(02:55,RA_sus+RB_fast+SLA) → M14(03:16,RA_sus+RB_fast+SLA) → M16B(03:16,RA_sus+RB+RB_fast) → M16(03:17,RB+RB_fast)",,,5,5,0,10,5,0,0,5,RA_sus,RA_sus,,RA_sus+RB_fast,RA_sus,6.70,2.89,2.89,2.76,2.75,12,-11,28,22,-20,0,95.86,8,"6ABL6011,6ABL6012,6ABL6022,6ABL6031,6ABL6032,6ABL0111,6ABL0112,6ABL0121",17.24,0,10.52,8.63,0,40,16,37,18,0,"hot_area=M16A; S2주의보; 발동: M16HUB[R-A_sus]; M14[R-A_sus]; M16A[R-A_sus,R-B_fast(+52/10분)]; M16B[R-A_sus]; M16_WT[R-A_sus]",0,5,0,0,0,0,0,0,0,0,5,0,0,0,0,0,0,0,0,0,0,0,0,0,0,0,0,0,5,0,5,0,0,0,0,0,0,5,0,0,0,0,0,0,0,30,0,0,0,0,0,0,0,0,0,-33,-21,-8,52,-13,28,0.66,81.34,86.19,83.06,81.24,0,151,71,63,0,0,5,5,0,10,5
M16A_HUBROOM_PR.csv,2026-06-09 03:52,2026-06-09,03:52,2,2단계 주의보,2,,30,관심,M16A,10,,"M16HUB(02:52,RA+RA_sus+RB_fast+RD) → M16A(02:55,RA_sus+RB_fast+SLA) → M14(03:16,RA_sus+RB_fast+SLA) → M16B(03:16,RA_sus+RB+RB_fast) → M16(03:17,RB+RB_fast)",,,5,5,0,10,5,0,0,5,RA_sus,RA_sus,,RA_sus+RB_fast,RA_sus,7.33,2.57,3.21,2.95,2.31,23,-10,29,19,-10,0.59,95.27,8,"6ABL6011,6ABL6012,6ABL6021,6ABL6022,6ABL6032,6ABL0112,6ABL0121,6ABL0122",16.56,0,9.92,9.39,0,41,15,41,18,0,"hot_area=M16A; S2주의보; 발동: M16HUB[R-A_sus]; M14[R-A_sus]; M16A[R-A_sus,R-B_fast(+56/10분)]; M16B[R-A_sus]; M16_WT[R-A_sus]",0,5,0,0,0,0,0,0,0,0,5,0,0,0,0,0,0,0,0,0,0,0,0,0,0,0,0,0,5,0,5,0,0,0,0,0,0,5,0,0,0,0,0,0,0,30,0,0,0,0,0,0,0,0,0,-29,-25,1,56,-7,26,0.68,81.63,85.52,86.94,81.39,0,151,72,75,0,0,5,5,0,10,5
M16A_HUBROOM_PR.csv,2026-06-09 03:53,2026-06-09,03:53,2,2단계 주의보,2,,30,관심,M16A,10,,"M16HUB(02:53,RA+RA_sus+RB_fast+RC+RD) → M16A(02:55,RA_sus+RB_fast+SLA) → M14(03:16,RA_sus+RB_fast+SLA) → M16B(03:16,RA_sus+RB+RB_fast) → M16(03:17,RB+RB_fast)",,,5,5,0,10,5,0,0,5,RA_sus,RA_sus,,RA_sus+RB_fast,RA_sus,6.52,2.50,3.11,2.51,2.49,3,-29,13,16,-13,2.37,95.86,9,"6ABL6011,6ABL6012,6ABL6021,6ABL6022,6ABL6032,6ABL0111,6ABL0112,6ABL0121,6ABL0122",15.88,0,10.31,9.04,0,43,12,39,18,0,"hot_area=M16A; S2주의보; 발동: M16HUB[R-A_sus]; M14[R-A_sus]; M16A[R-A_sus,R-B_fast(+29/10분)]; M16B[R-A_sus]; M16_WT[R-A_sus]",0,5,0,0,0,0,0,0,0,0,5,0,0,0,0,0,0,0,0,0,0,0,0,0,0,0,0,0,5,0,5,0,0,0,0,0,0,5,0,0,0,0,0,0,0,30,0,0,0,0,0,0,0,0,0,-39,-42,0,29,-4,50,0.70,79.40,87.65,88.59,78.73,0,152,67,65,0,0,5,5,0,10,5
M16A_HUBROOM_PR.csv,2026-06-09 03:54,2026-06-09,03:54,1,1단계 조기경보,2,2→1,33,관심,M14,13,,"M16HUB(02:54,RA+RA_sus+RB_fast+RC) → M16A(02:55,RA_sus+RB_fast+SLA) → M14(03:16,RA_sus+RB_fast+SLA) → M16B(03:16,RA_sus+RB+RB_fast) → M16(03:17,RB+RB_fast)",,,5,13,0,5,5,0,0,5,RA_sus,RA_sus+RC,,RA_sus,RA_sus,7.54,2.60,2.98,2.55,2.45,-2,-27,1,16,-10,1.18,97.63,9,"6ABL6011,6ABL6012,6ABL6021,6ABL6022,6ABL6031,6ABL6032,6ABL0111,6ABL0121,6ABL0122",15.98,0,11.08,8.70,0,36,10,37,16,0,"hot_area=M14; S1조기경보; 발동: M16HUB[R-A_sus]; M14[R-A_sus,R-C'(CNV쏠림)]; M16A[R-A_sus]; M16B[R-A_sus]; M16_WT[R-A_sus]",0,5,0,0,0,0,0,0,0,0,5,0,0,8,0,0,0,0,0,0,0,0,0,0,0,0,0,0,5,0,0,0,0,0,0,0,0,5,0,0,0,0,0,0,0,33,0,0,0,0,0,0,0,0,0,-34,-37,-2,21,-5,40,0.72,77.55,86.32,89.53,76.66,0,154,76,69,0,0,5,13,0,5,5
M16A_HUBROOM_PR.csv,2026-06-09 03:55,2026-06-09,03:55,1,1단계 조기경보,1,,28,정상,M14,13,,"M16HUB(02:55,RA+RA_sus+RB_fast) → M16A(02:55,RA_sus+RB_fast+SLA) → M14(03:16,RA_sus+RB_fast+SLA) → M16B(03:16,RA_sus+RB+RB_fast) → M16(03:17,RB+RB_fast)",,,5,13,0,5,5,0,0,0,RA_sus,RA_sus+RC,,RA_sus,RA_sus,7.04,2.73,3.07,2.71,2.89,-12,-29,-4,-18,-15,1.78,97.63,9,"6ABL6011,6ABL6012,6ABL6021,6ABL6022,6ABL6031,6ABL6032,6ABL0111,6ABL0121,6ABL0122",15.80,0,11.58,5.72,0,37,13,41,22,0,"hot_area=M14; S1조기경보; 발동: M16HUB[R-A_sus]; M14[R-A_sus,R-C'(CNV쏠림)]; M16A[R-A_sus]; M16B[R-A_sus]",0,5,0,0,0,0,0,0,0,0,5,0,0,8,0,0,0,0,0,0,0,0,0,0,0,0,0,0,5,0,0,0,0,0,0,0,0,5,0,0,0,0,0,0,0,28,0,0,0,0,0,0,0,0,0,-40,-34,-5,-7,-9,46,0.72,80.08,84.46,88.59,76.37,0,137,71,41,0,0,5,13,0,5,5
M16A_HUBROOM_PR.csv,2026-06-09 03:56,2026-06-09,03:56,1,1단계 조기경보,1,,30,관심,M16A,10,,"M16HUB(02:56,RA+RA_sus+RB_fast) → M14(03:16,RA_sus+RB_fast+SLA) → M16B(03:16,RA_sus+RB+RB_fast) → M16(03:17,RB+RB_fast) → M16A(03:19,RA_sus+RB_fast+SLA)",,,5,5,0,10,5,0,0,0,RA_sus,RA_sus,,RA_sus+SLA,RA_sus,6.89,2.85,3.05,2.84,2.55,17,-23,-12,-20,-14,1.18,98.82,8,"6ABL6011,6ABL6012,6ABL6021,6ABL6022,6ABL6031,6ABL6032,6ABL0121,6ABL0122",16.03,0,12.45,7.84,0,40,13,36,15,0,"hot_area=M16A; S1조기경보; 발동: M16HUB[R-A_sus]; M14[R-A_sus]; M16A[R-A_sus,SLA(12.4%4분초과)]; M16B[R-A_sus]",0,5,0,0,0,0,0,0,0,0,5,0,0,0,0,0,0,0,0,0,0,0,0,0,0,0,0,0,5,0,0,0,0,5,0,0,0,5,0,0,0,0,0,0,0,25,0,5,0,0,0,0,0,0,0,-4,-27,-5,4,-10,37,0.68,83.48,85.92,88.71,75.33,0,146,88,64,0,0,5,5,0,10,5
M16A_HUBROOM_PR.csv,2026-06-09 03:57,2026-06-09,03:57,1,1단계 조기경보,1,,37,관심,M16HUB,12,,"M16HUB(02:57,RA+RA_sus+RB_fast) → M14(03:16,RA_sus+RB_fast+SLA) → M16B(03:16,RA_sus+RB+RB_fast) → M16(03:17,RB+RB_fast) → M16A(03:19,RA_sus+RB_fast+SLA)",,,12,5,0,10,5,0,0,0,RA_sus+RD,RA_sus,,RA_sus+SLA,RA_sus,7.23,2.78,2.94,2.59,2.64,5,-3,-2,-2,6,0.59,99.41,7,"6ABL6011,6ABL6012,6ABL6021,6ABL6022,6ABL6032,6ABL0121,6ABL0122",16.13,0,12.19,8.64,0,41,18,36,15,0,"hot_area=M16HUB; S1조기경보; 발동: M16HUB[R-A_sus,R-D(FAB저장=0.6%,STB=99.4%)]; M14[R-A_sus]; M16A[R-A_sus,SLA(12.2%4분초과)]; M16B[R-A_sus]",0,5,0,0,0,7,0,0,0,0,5,0,0,0,0,0,0,0,0,0,0,0,0,0,0,0,0,0,5,0,0,0,0,5,0,0,0,5,0,0,0,0,0,0,0,32,0,5,0,0,0,0,0,0,0,-19,-14,-4,22,0,45,0.66,83.87,83.93,90.94,81.83,0,154,78,63,0,0,12,5,0,10,5
M16A_HUBROOM_PR.csv,2026-06-09 03:58,2026-06-09,03:58,3,3단계 ⭐확정,1,1→3,42,관심,M16HUB,22,M16HUB,"M16HUB(02:58,RA+RA_sus+RC) → M14(03:16,RA_sus+RB_fast+SLA) → M16B(03:16,RA_sus+RB+RB_fast) → M16(03:17,RB+RB_fast) → M16A(03:19,RA_sus+RB_fast+SLA)",,,22,5,0,5,5,5,0,0,RA+RA_sus+RD,RA_sus,,RA_sus,RA_sus,9.26,2.79,2.87,2.62,2.40,23,11,4,-18,22,0,100.00,9,"6ABL6011,6ABL6012,6ABL6021,6ABL6022,6ABL6032,6ABL0111,6ABL0112,6ABL0121,6ABL0122",15.39,0,11.81,7.45,0,37,13,34,17,0,"hot_area=M16HUB; S3확정; 발동: M16HUB[R-A'(AVGTOTALTIME1MIN=9.26분/기준9.0),R-A_sus,R-D(FAB저장=0.0%,STB=100.0%)]; M14[R-A_sus]; M16A[R-A_sus]; M16B[R-A_sus]; M16[R-B_fast(+11/10분)]",10,5,0,0,0,7,0,0,0,0,5,0,0,0,0,0,0,0,0,0,0,0,0,0,0,0,0,0,5,0,0,0,0,0,0,0,0,5,0,0,0,0,0,0,0,42,0,0,0,0,1,0,0,0,0,7,-5,3,2,9,58,0.70,84.06,82.47,89.29,79.32,0,151,81,58,0,0,22,5,0,5,5
M16A_HUBROOM_PR.csv,2026-06-09 03:59,2026-06-09,03:59,3,3단계 ⭐확정,3,,52,관심,M16HUB,22,M16HUB;M16B,"M16HUB(02:59,RA+RA_sus+RC) → M14(03:16,RA_sus+RB_fast+SLA) → M16B(03:16,RA_sus+RB+RB_fast) → M16(03:17,RB+RB_fast) → M16A(03:19,RA_sus+RB_fast+SLA)",,,22,5,0,5,20,0,0,0,RA+RA_sus+RD,RA_sus,,RA_sus,RA_sus+RB+RB_fast,6.25,2.48,2.92,2.62,2.13,34,25,12,22,34,0,100.00,9,"6ABL6011,6ABL6012,6ABL6021,6ABL6022,6ABL6032,6ABL0111,6ABL0112,6ABL0121,6ABL0122",14.86,0,12.13,6.02,0,41,16,28,14,0,"hot_area=M16HUB; S3확정; 발동: M16HUB[R-A'(AVGTOTALTIME1MIN=6.25분/기준9.0),R-A_sus,R-D(FAB저장=0.0%,STB=100.0%)]; M14[R-A_sus]; M16A[R-A_sus]; M16B[R-A_sus,R-B(10F_TO_HUB_JOB+34/30분/기준+30),R-B_fast(+10/10분)]",10,5,0,0,0,7,0,0,0,0,5,0,0,0,0,0,0,0,0,0,0,0,0,0,0,0,0,0,5,0,0,0,0,0,0,0,0,5,10,5,0,0,0,0,0,52,0,0,0,0,1,0,0,0,0,5,11,-1,8,10,50,0.66,84.94,82.34,87.29,84.05,0,130,74,42,0,0,22,5,0,5,20
M16A_HUBROOM_PR.csv,2026-06-09 04:00,2026-06-09,04:00,3,3단계 ⭐확정,3,,52,관심,M16HUB,22,M16HUB;M16B,"M16HUB(03:00,RA+RA_sus+RC) → M14(03:16,RA_sus+RB_fast+SLA) → M16B(03:16,RA_sus+RB+RB_fast) → M16(03:17,RB+RB_fast) → M16A(03:19,RA_sus+RB_fast+SLA)",,,22,5,0,5,20,0,0,0,RA+RA_sus+RD,RA_sus,,RA_sus,RA_sus+RB+RB_fast,5.76,2.67,2.68,2.67,2.48,38,29,15,25,33,0,100.00,8,"6ABL6011,6ABL6012,6ABL6021,6ABL6032,6ABL0111,6ABL0112,6ABL0121,6ABL0122",14.86,0,11.53,8.22,0,37,14,32,16,0,"hot_area=M16HUB; S3확정; 발동: M16HUB[R-A'(AVGTOTALTIME1MIN=5.76분/기준9.0),R-A_sus,R-D(FAB저장=0.0%,STB=100.0%)]; M14[R-A_sus]; M16A[R-A_sus]; M16B[R-A_sus,R-B(10F_TO_HUB_JOB+33/30분/기준+30),R-B_fast(+12/10분)]",10,5,0,0,0,7,0,0,0,0,5,0,0,0,0,0,0,0,0,0,0,0,0,0,0,0,0,0,5,0,0,0,0,0,0,0,0,5,10,5,0,0,0,0,0,52,0,0,0,0,1,0,0,0,0,15,20,-2,1,12,43,0.66,80.95,84.20,87.65,84.05,0,151,83,66,0,0,22,5,0,5,20
M16A_HUBROOM_PR.csv,2026-06-09 04:01,2026-06-09,04:01,2,2단계 주의보,3,3→2,40,관심,M16HUB,15,M16HUB,"M16HUB(03:01,RA+RA_sus+RC+RD) → M14(03:16,RA_sus+RB_fast+SLA) → M16B(03:16,RA_sus+RB+RB_fast) → M16(03:17,RB+RB_fast) → M16A(03:19,RA_sus+RB_fast+SLA)",,,15,5,0,5,5,10,0,0,RA+RA_sus,RA_sus,,RA_sus,RA_sus,6.14,2.61,3.65,2.82,2.70,44,27,9,41,11,0,97.63,9,"6ABL6011,6ABL6012,6ABL6021,6ABL6031,6ABL6032,6ABL0111,6ABL0112,6ABL0121,6ABL0122",15.49,0,11.77,8.84,0,39,16,35,18,0,"hot_area=M16HUB; S2주의보; 발동: M16HUB[R-A'(AVGTOTALTIME1MIN=6.14분/기준9.0),R-A_sus]; M14[R-A_sus]; M16A[R-A_sus]; M16B[R-A_sus]; M16[R-B(SENDQUEUETOTAL+22/30분/기준+20)]",10,5,0,0,0,0,0,0,0,0,5,0,0,0,0,0,0,0,0,0,0,0,0,0,0,0,0,0,5,0,0,0,0,0,0,0,0,5,0,0,0,0,0,0,0,40,0,0,0,0,1,0,0,0,0,29,18,-1,-6,7,54,0.63,82.60,81.41,87.88,85.97,0,142,77,64,0,0,15,5,0,5,5
M16A_HUBROOM_PR.csv,2026-06-09 04:02,2026-06-09,04:02,1,1단계 조기경보,2,2→1,30,관심,M16HUB,15,M16HUB,"M16HUB(03:02,RA+RC+RD) → M14(03:16,RA_sus+RB_fast+SLA) → M16B(03:16,RA_sus+RB+RB_fast) → M16(03:17,RB+RB_fast) → M16A(03:19,RA_sus+RB_fast+SLA)",,,15,5,0,5,5,0,0,0,RA+RA_sus,RA_sus,,RA_sus,RA_sus,5.22,2.69,2.77,2.72,2.45,8,23,7,36,1,0,95.86,8,"6ABL6011,6ABL6012,6ABL6021,6ABL6032,6ABL0111,6ABL0112,6ABL0121,6ABL0122",16.16,0,12.13,9.07,0,36,13,33,14,0,"hot_area=M16HUB; S1조기경보; 발동: M16HUB[R-A'(AVGTOTALTIME1MIN=5.22분/기준9.0),R-A_sus]; M14[R-A_sus]; M16A[R-A_sus]; M16B[R-A_sus]",10,5,0,0,0,0,0,0,0,0,5,0,0,0,0,0,0,0,0,0,0,0,0,0,0,0,0,0,5,0,0,0,0,0,0,0,0,5,0,0,0,0,0,0,0,30,0,0,0,0,1,0,0,0,0,15,15,-2,-10,2,40,0.64,82.90,81.94,90.00,84.34,0,158,90,74,0,0,15,5,0,5,5
M16A_HUBROOM_PR.csv,2026-06-09 04:03,2026-06-09,04:03,2,2단계 주의보,1,1→2,45,관심,M16HUB,15,M16HUB,"M16HUB(03:03,RA+RC+RD) → M14(03:16,RA_sus+RB_fast+SLA) → M16B(03:16,RA_sus+RB+RB_fast) → M16(03:17,RB+RB_fast) → M16A(03:19,RA_sus+RB_fast+SLA)",,,15,5,0,5,5,10,0,5,RA+RA_sus,RA_sus,,RA_sus,RA_sus,7.43,2.64,2.83,2.58,2.66,14,11,-12,30,-7,1.18,94.67,6,"6ABL6012,6ABL6032,6ABL0111,6ABL0112,6ABL0121,6ABL0122",15.27,0,11.91,9.25,0,42,12,33,17,0,"hot_area=M16HUB; S2주의보; 발동: M16HUB[R-A'(AVGTOTALTIME1MIN=7.43분/기준9.0),R-A_sus]; M14[R-A_sus]; M16A[R-A_sus]; M16B[R-A_sus]; M16[R-B(SENDQUEUETOTAL+37/30분/기준+20)]; M16_WT[R-A_sus]",10,5,0,0,0,0,0,0,0,0,5,0,0,0,0,0,0,0,0,0,0,0,0,0,0,0,0,0,5,0,0,0,0,0,0,0,0,5,0,0,0,0,0,0,0,45,0,0,0,0,1,0,0,0,0,18,20,-4,-10,4,26,0.65,83.09,80.08,88.35,84.34,0,155,81,67,0,0,15,5,0,5,5
M16A_HUBROOM_PR.csv,2026-06-09 04:04,2026-06-09,04:04,3,3단계 ⭐확정,2,2→3,45,관심,M16HUB,10,,"M16HUB(03:04,RA_sus+RC+RD) → M14(03:16,RA_sus+RB_fast+SLA) → M16B(03:16,RA_sus+RB+RB_fast) → M16(03:17,RB+RB_fast) → M16A(03:19,RA_sus+RB_fast+SLA)",,,10,10,0,10,5,0,0,5,RA,RA_sus+RB_fast,,RA_sus+SLA,RA_sus,4.83,2.59,2.84,2.81,2.61,9,6,-3,38,-13,1.78,96.45,6,"6ABL6012,6ABL6022,6ABL6032,6ABL0112,6ABL0121,6ABL0122",14.76,0,12.68,10.13,0,44,14,34,19,0,"hot_area=M16HUB; S3확정; 발동: M16HUB[R-A'(AVGTOTALTIME1MIN=4.83분/기준9.0)]; M14[R-A_sus,R-B_fast(+26/10분)]; M16A[R-A_sus,SLA(12.7%4분초과)]; M16B[R-A_sus]; M16_WT[R-A_sus]",10,0,0,0,0,0,0,0,0,0,5,0,5,0,0,0,0,0,0,0,0,0,0,0,0,0,0,0,5,0,0,0,0,5,0,0,0,5,0,0,0,0,0,0,0,40,0,5,0,0,1,0,0,0,0,22,26,-1,-6,8,11,0.63,85.13,81.01,86.59,79.91,0,134,97,84,0,0,10,10,0,10,5
M16A_HUBROOM_PR.csv,2026-06-09 04:05,2026-06-09,04:05,3,3단계 ⭐확정,3,,65,경계,M16HUB,20,M16HUB,"M16HUB(03:05,RA_sus+RC+RD) → M14(03:16,RA_sus+RB_fast+SLA) → M16B(03:16,RA_sus+RB+RB_fast) → M16(03:17,RB+RB_fast) → M16A(03:19,RA_sus+RB_fast+SLA)",,,20,10,0,5,10,10,0,0,RA+RA_sus+RB_fast,RA_sus+SLA,,RA_sus,RA_sus+SLA,8.22,2.30,2.97,2.91,2.84,-4,-13,6,31,-24,1.78,98.22,4,"6ABL6012,6ABL6021,6ABL6022,6ABL0121",15.36,0,12.68,9.95,0,40,11,31,17,0,"hot_area=M16HUB; S3확정; 발동: M16HUB[R-A'(AVGTOTALTIME1MIN=8.22분/기준9.0),R-A_sus,R-B_fast(+30/10분)]; M14[R-A_sus,SLA(15.4%4분초과)]; M16A[R-A_sus]; M16B[R-A_sus,SLA(9.9%4분초과)]; M16[R-B(SENDQUEUETOTAL+31/30분/기준+20)]",10,5,0,5,0,0,0,0,0,0,5,0,0,0,0,5,0,0,0,0,0,0,0,0,0,0,0,0,5,0,0,0,0,0,0,0,0,5,0,0,0,0,5,0,0,55,0,10,0,0,1,0,0,0,0,30,22,2,2,3,0,0.65,85.23,81.14,88.94,80.50,0,157,86,74,0,0,20,10,0,5,10
M16A_HUBROOM_PR.csv,2026-06-09 04:06,2026-06-09,04:06,1,1단계 조기경보,3,3→1,35,관심,M16HUB,10,,"M16HUB(03:06,RA_sus+RC+RD) → M14(03:16,RA_sus+RB_fast+SLA) → M16B(03:16,RA_sus+RB+RB_fast) → M16(03:17,RB+RB_fast) → M16A(03:19,RA_sus+RB_fast+SLA)",,,10,5,0,10,5,0,0,0,RA,RA_sus,,RA_sus+SLA,RA_sus,5.32,2.90,2.95,2.88,2.58,-43,-27,3,33,-23,1.18,98.82,4,"6ABL6012,6ABL6022,6ABL6031,6ABL0112",14.77,0,13.18,8.83,0,38,11,29,15,0,"hot_area=M16HUB; S1조기경보; 발동: M16HUB[R-A'(AVGTOTALTIME1MIN=5.32분/기준9.0)]; M14[R-A_sus]; M16A[R-A_sus,SLA(13.2%4분초과)]; M16B[R-A_sus]",10,0,0,0,0,0,0,0,0,0,5,0,0,0,0,0,0,0,0,0,0,0,0,0,0,0,0,0,5,0,0,0,0,5,0,0,0,5,0,0,0,0,0,0,0,30,0,5,0,0,1,0,0,0,0,-11,16,1,3,6,7,0.64,86.10,80.61,89.29,78.29,0,135,100,75,0,0,10,5,0,10,5
M16A_HUBROOM_PR.csv,2026-06-09 04:07,2026-06-09,04:07,1,1단계 조기경보,1,,47,관심,M16HUB,22,M16HUB,"M16HUB(03:07,RA_sus+RC+RD) → M14(03:16,RA_sus+RB_fast+SLA) → M16B(03:16,RA_sus+RB+RB_fast) → M16(03:17,RB+RB_fast) → M16A(03:19,RA_sus+RB_fast+SLA)",,,22,5,0,10,5,0,0,0,RA+RA_sus+RD,RA_sus,,RA_sus+SLA,RA_sus,6.66,2.78,3.11,2.70,2.68,-24,-24,-7,30,-30,0,100.00,4,"6ABL6012,6ABL6022,6ABL6031,6ABL0112",15.68,0,13.42,9.33,0,40,15,25,16,0,"hot_area=M16HUB; S1조기경보; 발동: M16HUB[R-A'(AVGTOTALTIME1MIN=6.66분/기준9.0),R-A_sus,R-D(FAB저장=0.0%,STB=100.0%)]; M14[R-A_sus]; M16A[R-A_sus,SLA(13.4%4분초과)]; M16B[R-A_sus]",10,5,0,0,0,7,0,0,0,0,5,0,0,0,0,0,0,0,0,0,0,0,0,0,0,0,0,0,5,0,0,0,0,5,0,0,0,5,0,0,0,0,0,0,0,42,0,5,0,0,1,0,0,0,0,8,11,-8,-29,-12,2,0.66,85.91,82.20,89.53,78.43,0,148,93,72,0,0,22,5,0,10,5
M16A_HUBROOM_PR.csv,2026-06-09 04:08,2026-06-09,04:08,1,1단계 조기경보,1,,45,관심,M16HUB,20,M16HUB,"M16HUB(03:08,RA+RA_sus+RC+RD) → M14(03:16,RA_sus+RB_fast+SLA) → M16B(03:16,RA_sus+RB+RB_fast) → M16(03:17,RB+RB_fast) → M16A(03:19,RA_sus+RB_fast+SLA)",,,20,5,0,10,5,0,0,0,RA_sus+RC+RD,RA_sus,,RA_sus+SLA,RA_sus,6.64,2.61,2.81,2.67,2.42,-38,-31,-10,18,-39,0,100.00,2,"6ABL6012,6ABL0112",16.26,0,14.05,9.23,0,35,13,26,15,0,"hot_area=M16HUB; S1조기경보; 발동: M16HUB[R-A_sus,R-C'(역증가2개:6ABL6012,6ABL0112),R-D(FAB저장=0.0%,STB=100.0%)]; M14[R-A_sus]; M16A[R-A_sus,SLA(14.1%4분초과)]; M16B[R-A_sus]",0,5,0,0,8,7,0,0,0,0,5,0,0,0,0,0,0,0,0,0,0,0,0,0,0,0,0,0,5,0,0,0,0,5,0,0,0,5,0,0,0,0,0,0,0,40,0,5,0,0,0,0,0,0,0,-17,-7,-17,-28,-20,-11,0.65,83.09,80.74,91.18,81.24,0,160,104,77,0,0,20,5,0,10,5
M16A_HUBROOM_PR.csv,2026-06-09 04:09,2026-06-09,04:09,1,1단계 조기경보,1,,65,경계,M16HUB,20,M16HUB,"M16HUB(03:09,RA+RC+RD) → M14(03:16,RA_sus+RB_fast+SLA) → M16B(03:16,RA_sus+RB+RB_fast) → M16(03:17,RB+RB_fast) → M16A(03:19,RA_sus+RB_fast+SLA)",,,20,10,0,10,10,0,0,0,RA_sus+RC+RD,RA_sus+SLA,,RA_sus+SLA,RA_sus+SLA,6.75,2.83,2.78,2.67,2.89,-45,-39,-7,18,-45,0,100.00,3,"6ABL6011,6ABL6012,6ABL0112",15.86,0,14.03,9.69,0,36,11,28,14,0,"hot_area=M16HUB; S1조기경보; 발동: M16HUB[R-A_sus,R-C'(역증가3개:6ABL6011,6ABL6012,6ABL0112),R-D(FAB저장=0.0%,STB=100.0%)]; M14[R-A_sus,SLA(15.9%4분초과)]; M16A[R-A_sus,SLA(14.0%4분초과)]; M16B[R-A_sus,SLA(9.7%4분초과)]",0,5,0,0,8,7,0,0,0,0,5,0,0,0,0,5,0,0,0,0,0,0,0,0,0,0,0,0,5,0,0,0,0,5,0,0,0,5,0,0,0,0,5,0,0,50,0,15,0,0,0,0,0,0,0,-36,-33,-13,-43,-30,-15,0.68,80.37,82.60,89.65,80.50,0,164,93,74,0,0,20,10,0,10,10
M16A_HUBROOM_PR.csv,2026-06-09 04:10,2026-06-09,04:10,1,1단계 조기경보,1,,60,관심,M16HUB,20,M16HUB,"M16HUB(03:10,RA+RC+RD) → M14(03:16,RA_sus+RB_fast+SLA) → M16B(03:16,RA_sus+RB+RB_fast) → M16(03:17,RB+RB_fast) → M16A(03:19,RA_sus+RB_fast+SLA)",,,20,5,0,10,10,0,0,5,RA_sus+RC+RD,RA_sus,,RA_sus+SLA,RA_sus+SLA,4.68,2.62,3.20,2.86,2.53,-57,-37,-21,0,-41,0,100.00,3,"6ABL6012,6ABL6022,6ABL0122",16.09,0,13.83,9.68,0,33,12,31,18,0,"hot_area=M16HUB; S1조기경보; 발동: M16HUB[R-A_sus,R-C'(역증가3개:6ABL6012,6ABL6022,6ABL0122),R-D(FAB저장=0.0%,STB=100.0%)]; M14[R-A_sus]; M16A[R-A_sus,SLA(13.8%4분초과)]; M16B[R-A_sus,SLA(9.7%4분초과)]; M16_WT[R-A_sus]",0,5,0,0,8,7,0,0,0,0,5,0,0,0,0,0,0,0,0,0,0,0,0,0,0,0,0,0,5,0,0,0,0,5,0,0,0,5,0,0,0,0,5,0,0,50,0,10,0,0,0,0,0,0,0,-41,-29,-21,-47,-32,-16,0.67,80.47,81.41,91.76,80.65,0,150,103,86,0,0,20,5,0,10,10
M16A_HUBROOM_PR.csv,2026-06-09 04:11,2026-06-09,04:11,1,1단계 조기경보,1,,50,관심,M16HUB,20,M16HUB,"M16HUB(03:11,RA+RD) → M14(03:16,RA_sus+RB_fast+SLA) → M16B(03:16,RA_sus+RB+RB_fast) → M16(03:17,RB+RB_fast) → M16A(03:19,RA_sus+RB_fast+SLA)",,,20,5,0,10,5,0,0,5,RA_sus+RC+RD,RA_sus,,RA_sus+SLA,RA_sus,7.03,2.60,3.15,2.73,2.58,-51,-36,-25,-14,-30,0,100.00,4,"6ABL6012,6ABL6021,6ABL6022,6ABL0122",15.95,0,14.03,9.91,0,34,11,34,17,0,"hot_area=M16HUB; S1조기경보; 발동: M16HUB[R-A_sus,R-C'(역증가4개:6ABL6012,6ABL6021,6ABL6022,6ABL0122),R-D(FAB저장=0.0%,STB=100.0%)]; M14[R-A_sus]; M16A[R-A_sus,SLA(14.0%4분초과)]; M16B[R-A_sus]; M16_WT[R-A_sus]",0,5,0,0,8,7,0,0,0,0,5,0,0,0,0,0,0,0,0,0,0,0,0,0,0,0,0,0,5,0,0,0,0,5,0,0,0,5,0,0,0,0,0,0,0,45,0,5,0,0,0,0,0,0,0,-47,-33,-16,-60,-24,-10,0.60,82.22,79.02,90.00,85.23,0,156,95,79,0,0,20,5,0,10,5
M16A_HUBROOM_PR.csv,2026-06-09 04:12,2026-06-09,04:12,1,1단계 조기경보,1,,42,관심,M16HUB,12,,"M16HUB(03:12,RA+RD) → M14(03:16,RA_sus+RB_fast+SLA) → M16B(03:16,RA_sus+RB+RB_fast) → M16(03:17,RB+RB_fast) → M16A(03:19,RA_sus+RB_fast+SLA)",,,12,5,0,10,5,0,0,5,RA_sus+RD,RA_sus,,RA_sus+SLA,RA_sus,6.16,2.67,2.92,2.53,2.51,-24,-39,-14,-25,-20,0,100.00,5,"6ABL6012,6ABL6022,6ABL6031,6ABL0111,6ABL0122",15.35,0,13.14,10.09,0,33,12,30,14,0,"hot_area=M16HUB; S1조기경보; 발동: M16HUB[R-A_sus,R-D(FAB저장=0.0%,STB=100.0%)]; M14[R-A_sus]; M16A[R-A_sus,SLA(13.1%4분초과)]; M16B[R-A_sus]; M16_WT[R-A_sus]",0,5,0,0,0,7,0,0,0,0,5,0,0,0,0,0,0,0,0,0,0,0,0,0,0,0,0,0,5,0,0,0,0,5,0,0,0,5,0,0,0,0,0,0,0,37,0,5,0,0,0,0,0,0,0,-10,-29,-13,-71,-15,2,0.60,82.99,78.35,90.24,85.08,0,151,98,88,0,0,12,5,0,10,5
M16A_HUBROOM_PR.csv,2026-06-09 04:13,2026-06-09,04:13,1,1단계 조기경보,1,,45,관심,M16HUB,20,M16HUB,"M16HUB(03:13,RA+RB_fast+RD) → M14(03:16,RA_sus+RB_fast+SLA) → M16B(03:16,RA_sus+RB+RB_fast) → M16(03:17,RB+RB_fast) → M16A(03:19,RA_sus+RB_fast+SLA)",M16A_2F_TO_HUB=1.9x(주의),,20,5,0,5,5,0,0,5,RA_sus+RC+RD,RA_sus,,RA_sus,RA_sus,5.95,2.62,2.89,2.79,3.15,-25,-23,-2,-42,-17,0,100.00,3,"6ABL6012,6ABL6031,6ABL6032",16.17,0,12.26,10.48,0,37,14,32,16,0,"hot_area=M16HUB; S1조기경보; 발동: M16HUB[R-A_sus,R-C'(역증가3개:6ABL6012,6ABL6031,6ABL6032),R-D(FAB저장=0.0%,STB=100.0%)]; M14[R-A_sus]; M16A[R-A_sus]; M16B[R-A_sus]; M16_WT[R-A_sus]; 흐름:M16A_2F_TO_HUB=1.9x(주의)",0,5,0,0,8,7,0,0,0,0,5,0,0,0,0,0,0,0,0,0,0,0,0,0,0,0,0,0,5,0,0,0,0,0,0,0,0,5,0,0,0,0,0,0,0,40,5,0,0,0,0,0,0,0,0,-4,-1,2,-61,-17,-21,0.62,86.20,78.75,90.82,85.52,0,168,82,80,0,0,20,5,0,5,5
M16A_HUBROOM_PR.csv,2026-06-09 04:14,2026-06-09,04:14,1,1단계 조기경보,1,,45,관심,M16HUB,20,M16HUB,"M16HUB(03:14,RA+RB_fast+RD) → M14(03:16,RA_sus+RB_fast+SLA) → M16B(03:16,RA_sus+RB+RB_fast) → M16(03:17,RB+RB_fast) → M16A(03:19,RA_sus+RB_fast+SLA)",M16A_2F_TO_HUB=2.0x(주의),,20,5,0,5,5,0,0,5,RA_sus+RC+RD,RA_sus,,RA_sus,RA_sus,7.08,2.72,3.02,2.56,2.39,-11,-8,-6,-60,-8,0,100.00,3,"6ABL6012,6ABL6032,6ABL0122",15.56,0,11.89,10.56,0,37,15,33,14,0,"hot_area=M16HUB; S1조기경보; 발동: M16HUB[R-A_sus,R-C'(역증가3개:6ABL6012,6ABL6032,6ABL0122),R-D(FAB저장=0.0%,STB=100.0%)]; M14[R-A_sus]; M16A[R-A_sus]; M16B[R-A_sus]; M16_WT[R-A_sus]; 흐름:M16A_2F_TO_HUB=2.0x(주의)",0,5,0,0,8,7,0,0,0,0,5,0,0,0,0,0,0,0,0,0,0,0,0,0,0,0,0,0,5,0,0,0,0,0,0,0,0,5,0,0,0,0,0,0,0,40,5,0,0,0,0,0,0,0,0,1,3,-3,-75,-11,-15,0.60,87.07,80.48,89.76,86.71,0,145,85,88,0,0,20,5,0,5,5
M16A_HUBROOM_PR.csv,2026-06-09 04:15,2026-06-09,04:15,3,3단계 ⭐확정,1,1→3,55,관심,M16HUB,20,M16HUB,"M16HUB(03:15,RA+RB_fast+RC+RD) → M14(03:16,RA_sus+RB_fast+SLA) → M16B(03:16,RA_sus+RB+RB_fast) → M16(03:17,RB+RB_fast) → M16A(03:19,RA_sus+RB_fast+SLA)",M16A_2F_TO_HUB=2.0x(위험),,20,5,0,5,5,0,0,5,RA_sus+RC+RD,RA_sus,,RA_sus,RA_sus,5.77,2.72,2.77,2.66,3.01,0,6,-11,-70,0,0,100.00,3,"6ABL6012,6ABL6032,6ABL0122",14.54,0,11.70,11.26,0,34,12,31,18,0,"hot_area=M16HUB; S3확정; 발동: M16HUB[R-A_sus,R-C'(역증가3개:6ABL6012,6ABL6032,6ABL0122),R-D(FAB저장=0.0%,STB=100.0%)]; M14[R-A_sus]; M16A[R-A_sus]; M16B[R-A_sus]; M16_WT[R-A_sus]; 흐름:M16A_2F_TO_HUB=2.0x(위험)",0,5,0,0,8,7,0,0,0,0,5,0,0,0,0,0,0,0,0,0,0,0,0,0,0,0,0,0,5,0,0,0,0,0,0,0,0,5,0,0,0,0,0,0,0,40,15,0,0,0,0,0,0,0,0,10,18,-8,-65,6,-17,0.56,88.73,80.74,90.59,84.93,0,145,75,83,0,0,20,5,0,5,5
M16A_HUBROOM_PR.csv,2026-06-09 04:16,2026-06-09,04:16,3,3단계 ⭐확정,3,,45,관심,M16HUB,20,M16HUB,"M16HUB(03:16,RA+RB_fast+RD) → M14(03:16,RA_sus+RB_fast+SLA) → M16B(03:16,RA_sus+RB+RB_fast) → M16(03:17,RB+RB_fast) → M16A(03:19,RA_sus+RB_fast+SLA)",M16A_2F_TO_HUB=2.0x(주의),,20,5,0,5,5,0,0,5,RB_fast+RC+RD,RA_sus,,RA_sus,RA_sus,4.10,2.70,3.25,2.63,2.53,45,12,-3,-64,5,0,100.00,2,"6ABL6012,6ABL6032",14.65,0,10.96,10.41,0,37,13,29,14,0,"hot_area=M16HUB; S3확정; 발동: M16HUB[R-B_fast(+60/10분),R-C'(역증가2개:6ABL6012,6ABL6032),R-D(FAB저장=0.0%,STB=100.0%)]; M14[R-A_sus]; M16A[R-A_sus]; M16B[R-A_sus]; M16_WT[R-A_sus]; 흐름:M16A_2F_TO_HUB=2.0x(주의)",0,0,0,5,8,7,0,0,0,0,5,0,0,0,0,0,0,0,0,0,0,0,0,0,0,0,0,0,5,0,0,0,0,0,0,0,0,5,0,0,0,0,0,0,0,40,5,0,0,0,0,0,0,0,0,60,23,1,-71,9,-13,0.53,87.66,81.54,92.94,80.50,0,132,80,86,0,0,20,5,0,5,5
M16A_HUBROOM_PR.csv,2026-06-09 04:17,2026-06-09,04:17,3,3단계 ⭐확정,3,,75,경계,M16HUB,20,M16HUB,"M16HUB(03:17,RA+RB_fast+RC+RD) → M16(03:17,RB+RB_fast) → M16A(03:19,RA_sus+RB_fast+SLA) → M16B(03:20,RA_sus+RB_fast+SLA) → M14(03:41,RA_sus+RB_fast+SLA)",M14_TO_HUB_JOB=1.5x(주의);M16A_2F_TO_HUB=2.8x(위험),,20,10,0,5,10,5,0,5,RB_fast+RC+RD,RA_sus+RB_fast,,RA_sus,RA_sus+RB_fast,5.83,2.42,2.88,2.67,2.94,54,43,3,-60,10,0,100.00,2,"6ABL6012,6ABL6031",14.83,0,10.76,10.60,0,38,12,33,16,0,"hot_area=M16HUB; S3확정; 발동: M16HUB[R-B_fast(+65/10분),R-C'(역증가2개:6ABL6012,6ABL6031),R-D(FAB저장=0.0%,STB=100.0%)]; M14[R-A_sus,R-B_fast(+46/10분)]; M16A[R-A_sus]; M16B[R-A_sus,R-B_fast(+22/10분)]; M16[R-B_fast(+39/10분)]; M16_WT[R-A_sus]; 흐름:M14_TO_HUB_JOB=1.5x(주의);M16A_2F_TO_HUB=2.8x(위험)",0,0,0,5,8,7,0,0,0,0,5,0,5,0,0,0,0,0,0,0,0,0,0,0,0,0,0,0,5,0,0,0,0,0,0,0,0,5,0,5,0,0,0,0,0,55,20,0,0,0,0,0,0,0,0,65,46,15,-53,22,-25,0.54,89.99,83.00,92.24,84.64,0,141,71,80,0,0,20,10,0,5,10
M16A_HUBROOM_PR.csv,2026-06-09 04:18,2026-06-09,04:18,3,3단계 ⭐확정,3,,62,관심,M16HUB,22,M16HUB,"M16HUB(03:18,RA+RC+RD) → M16A(03:19,RA_sus+RB_fast+SLA) → M16(03:19,RB+RB_fast) → M16B(03:20,RA_sus+RB_fast+SLA) → M14(03:41,RA_sus+RB_fast+SLA)",M16A_2F_TO_HUB=2.3x(위험),,22,10,0,5,10,0,0,0,RA+RB_fast+RD,RA_sus+RB_fast,,RA_sus,RA_sus+RB_fast,9.15,3.01,2.77,2.73,2.37,71,43,7,-76,4,0,100.00,1,6ABL6031,14.86,0,11.59,10.65,0,41,15,30,15,0,"hot_area=M16HUB; S3확정; 발동: M16HUB[R-A'(AVGTOTALTIME1MIN=9.15분/기준9.0),R-B_fast(+81/10분),R-D(FAB저장=0.0%,STB=100.0%)]; M14[R-A_sus,R-B_fast(+55/10분)]; M16A[R-A_sus]; M16B[R-A_sus,R-B_fast(+15/10분)]; 흐름:M16A_2F_TO_HUB=2.3x(위험)",10,0,0,5,0,7,0,0,0,0,5,0,5,0,0,0,0,0,0,0,0,0,0,0,0,0,0,0,5,0,0,0,0,0,0,0,0,5,0,5,0,0,0,0,0,47,15,0,0,0,1,0,0,0,0,81,55,21,-50,15,-29,0.56,87.66,78.09,92.35,81.98,0,140,84,88,0,0,22,10,0,5,10
M16A_HUBROOM_PR.csv,2026-06-09 04:19,2026-06-09,04:19,3,3단계 ⭐확정,3,,75,경계,M16HUB,30,M16HUB,"M16HUB(03:19,RA+RD) → M16A(03:19,RA_sus+RB_fast+SLA) → M16(03:19,RB+RB_fast) → M16B(03:20,RA_sus+RB_fast+SLA) → M14(03:41,RA_sus+RB_fast+SLA)",M14_TO_HUB_JOB=1.6x(주의);M16A_2F_TO_HUB=1.9x(주의);M16B_10F_TO_HUB=1.6x(주의),,30,10,0,5,10,5,0,0,RA+RB_fast+RC+RD,RA_sus+RB_fast,,RA_sus,RA_sus+RB_fast,5.24,2.99,2.93,3.02,3.00,62,54,-5,-77,8,0,100.00,3,"6ABL6022,6ABL6031,6ABL6032",15.11,0,11.76,11.49,0,43,15,34,17,0,"hot_area=M16HUB; S3확정; 발동: M16HUB[R-A'(AVGTOTALTIME1MIN=5.24분/기준9.0),R-B_fast(+93/10분),R-C'(역증가3개:6ABL6022,6ABL6031,6ABL6032),R-D(FAB저장=0.0%,STB=100.0%)]; M14[R-A_sus,R-B_fast(+76/10분)]; M16A[R-A_sus]; M16B[R-A_sus,R-B_fast(+28/10분)]; M16[R-B_fast(+36/10분)]; 흐름:M14_TO_HUB_JOB=1.6x(주의);M16A_2F_TO_HUB=1.9x(주의);M16B_10F_TO_HUB=1.6x(주의)",10,0,0,5,8,7,0,0,0,0,5,0,5,0,0,0,0,0,0,0,0,0,0,0,0,0,0,0,5,0,0,0,0,0,0,0,0,5,0,5,0,0,0,0,0,60,15,0,0,0,1,0,0,0,0,93,76,9,-42,28,-17,0.54,83.87,79.55,88.12,83.92,0,126,75,84,0,0,30,10,0,5,10
M16A_HUBROOM_PR.csv,2026-06-09 04:20,2026-06-09,04:20,3,3단계 ⭐확정,3,,65,경계,M16HUB,30,M16HUB,"M16HUB(03:20,RA+RD) → M16B(03:20,RA_sus+RB_fast+SLA) → M16A(03:21,RA_sus+RB_fast+SLA) → M16(03:37,RB+RB_fast) → M14(03:41,RA_sus+RB_fast+SLA)",M14_TO_HUB_JOB=1.5x(주의);M16A_2F_TO_HUB=1.6x(주의),,30,10,0,5,10,0,0,0,RA+RB_fast+RC+RD,RA_sus+RB_fast,,RA_sus,RA_sus+RB_fast,5.46,2.60,3.29,2.98,2.60,61,61,-6,-78,9,0,100.00,3,"6ABL6031,6ABL6032,6ABL0122",16.01,0,12.42,11.79,0,38,12,39,20,0,"hot_area=M16HUB; S3확정; 발동: M16HUB[R-A'(AVGTOTALTIME1MIN=5.46분/기준9.0),R-B_fast(+87/10분),R-C'(역증가3개:6ABL6031,6ABL6032,6ABL0122),R-D(FAB저장=0.0%,STB=100.0%)]; M14[R-A_sus,R-B_fast(+70/10분)]; M16A[R-A_sus]; M16B[R-A_sus,R-B_fast(+29/10분)]; 흐름:M14_TO_HUB_JOB=1.5x(주의);M16A_2F_TO_HUB=1.6x(주의)",10,0,0,5,8,7,0,0,0,0,5,0,5,0,0,0,0,0,0,0,0,0,0,0,0,0,0,0,5,0,0,0,0,0,0,0,0,5,0,5,0,0,0,0,0,55,10,0,0,0,1,0,0,0,0,87,70,17,-32,29,-19,0.54,83.48,80.88,86.71,82.89,0,155,92,99,0,0,30,10,0,5,10
M16A_HUBROOM_PR.csv,2026-06-09 04:21,2026-06-09,04:21,3,3단계 ⭐확정,3,,65,경계,M16HUB,30,M16HUB,"M16HUB(03:21,RA+RD) → M16A(03:21,RA_sus+RB_fast+SLA) → M16B(03:21,RA_sus+RB_fast+SLA) → M16(03:37,RB+RB_fast) → M14(03:41,RA_sus+RB_fast+SLA)",M14_TO_HUB_JOB=1.5x(주의),,30,10,0,5,10,5,0,0,RA+RB_fast+RC+RD,RA_sus+RB_fast,,RA_sus,RA_sus+RB_fast,6.15,3.02,3.57,2.66,2.75,68,66,-5,-77,4,0,100.00,2,"6ABL6032,6ABL0122",16.61,0,12.69,11.83,0,39,10,38,21,0,"hot_area=M16HUB; S3확정; 발동: M16HUB[R-A'(AVGTOTALTIME1MIN=6.15분/기준9.0),R-B_fast(+86/10분),R-C'(역증가2개:6ABL6032,6ABL0122),R-D(FAB저장=0.0%,STB=100.0%)]; M14[R-A_sus,R-B_fast(+81/10분)]; M16A[R-A_sus]; M16B[R-A_sus,R-B_fast(+21/10분)]; M16[R-B_fast(+35/10분)]; 흐름:M14_TO_HUB_JOB=1.5x(주의)",10,0,0,5,8,7,0,0,0,0,5,0,5,0,0,0,0,0,0,0,0,0,0,0,0,0,0,0,5,0,0,0,0,0,0,0,0,5,0,5,0,0,0,0,0,60,5,0,0,0,1,0,0,0,0,86,81,12,-11,21,-22,0.54,83.09,80.61,85.88,83.48,0,146,83,90,0,0,30,10,0,5,10
M16A_HUBROOM_PR.csv,2026-06-09 04:22,2026-06-09,04:22,3,3단계 ⭐확정,3,,55,관심,M16HUB,30,M16HUB,"M16HUB(03:22,RA+RD) → M16A(03:22,RA_sus+RB_fast+SLA) → M16B(03:22,RA_sus+RB_fast+SLA) → M16(03:37,RB+RB_fast) → M14(03:41,RA_sus+RB_fast+SLA)",,,30,10,0,5,10,0,0,0,RA+RB_fast+RC+RD,RA_sus+RB_fast,,RA_sus,RA_sus+RB_fast,5.52,2.98,2.94,2.91,2.52,55,58,-3,-73,-2,0,100.00,3,"6ABL6031,6ABL6032,6ABL0122",17.14,0,12.93,10.70,0,41,14,35,18,0,"hot_area=M16HUB; S3확정; 발동: M16HUB[R-A'(AVGTOTALTIME1MIN=5.52분/기준9.0),R-B_fast(+50/10분),R-C'(역증가3개:6ABL6031,6ABL6032,6ABL0122),R-D(FAB저장=0.0%,STB=100.0%)]; M14[R-A_sus,R-B_fast(+72/10분)]; M16A[R-A_sus]; M16B[R-A_sus,R-B_fast(+11/10분)]",10,0,0,5,8,7,0,0,0,0,5,0,5,0,0,0,0,0,0,0,0,0,0,0,0,0,0,0,5,0,0,0,0,0,0,0,0,5,0,5,0,0,0,0,0,55,0,0,0,0,1,0,0,0,0,50,72,12,8,11,-10,0.53,83.58,82.20,87.41,77.29,0,158,94,90,0,0,30,10,0,5,10
M16A_HUBROOM_PR.csv,2026-06-09 04:23,2026-06-09,04:23,3,3단계 ⭐확정,3,,70,경계,M16HUB,30,M16HUB,"M16HUB(03:23,RA+RC+RD) → M16A(03:23,RA_sus+RB_fast+SLA) → M16B(03:23,RA_sus+RB_fast+SLA) → M16(03:37,RB+RB_fast) → M14(03:41,RA_sus+RB_fast+SLA)",,,30,10,0,10,10,5,0,0,RA+RB_fast+RC+RD,RA_sus+RB_fast,,RA_sus+SLA,RA_sus+RB_fast,5.35,2.82,3.01,2.29,2.84,64,62,2,-72,6,0,100.00,4,"6ABL6022,6ABL6031,6ABL6032,6ABL0122",18.36,0,13.00,10.72,0,39,14,37,19,0,"hot_area=M16HUB; S3확정; 발동: M16HUB[R-A'(AVGTOTALTIME1MIN=5.35분/기준9.0),R-B_fast(+50/10분),R-C'(역증가4개:6ABL6022,6ABL6031,6ABL6032,6ABL0122),R-D(FAB저장=0.0%,STB=100.0%)]; M14[R-A_sus,R-B_fast(+43/10분)]; M16A[R-A_sus,SLA(13.0%4분초과)]; M16B[R-A_sus,R-B_fast(+19/10분)]; M16[R-B_fast(+28/10분)]",10,0,0,5,8,7,0,0,0,0,5,0,5,0,0,0,0,0,0,0,0,0,0,0,0,0,0,0,5,0,0,0,0,5,0,0,0,5,0,5,0,0,0,0,0,65,0,5,0,0,1,0,0,0,0,50,43,4,-1,19,-9,0.54,82.70,83.93,88.24,81.42,0,177,84,80,0,0,30,10,0,10,10
M16A_HUBROOM_PR.csv,2026-06-09 04:24,2026-06-09,04:24,3,3단계 ⭐확정,3,,47,관심,M16HUB,22,M16HUB,"M16A(03:24,RA_sus+RB_fast+SLA) → M16HUB(03:35,RC+RD) → M16(03:37,RB+RB_fast) → M16B(03:38,RA_sus+RB+RB_fast) → M14(03:41,RA_sus+RB_fast+SLA)",,,22,10,0,5,10,0,0,0,RA+RB_fast+RD,RA_sus+RB_fast,,RA_sus,RA_sus+RB_fast,5.63,2.79,3.10,2.53,2.33,58,59,2,-58,10,0,100.00,6,"6ABL6011,6ABL6021,6ABL6022,6ABL6031,6ABL6032,6ABL0122",18.48,0,12.38,10.86,0,40,12,36,19,0,"hot_area=M16HUB; S3확정; 발동: M16HUB[R-A'(AVGTOTALTIME1MIN=5.63분/기준9.0),R-B_fast(+35/10분),R-D(FAB저장=0.0%,STB=100.0%)]; M14[R-A_sus,R-B_fast(+30/10분)]; M16A[R-A_sus]; M16B[R-A_sus,R-B_fast(+13/10분)]",10,0,0,5,0,7,0,0,0,0,5,0,5,0,0,0,0,0,0,0,0,0,0,0,0,0,0,0,5,0,0,0,0,0,0,0,0,5,0,5,0,0,0,0,0,47,0,0,0,0,1,0,0,0,0,35,30,6,23,13,8,0.54,84.26,83.53,84.71,85.40,0,160,90,92,0,0,22,10,0,5,10
M16A_HUBROOM_PR.csv,2026-06-09 04:25,2026-06-09,04:25,3,3단계 ⭐확정,3,,62,관심,M16HUB,17,M16HUB,"M16A(03:25,RA_sus+RB_fast+SLA) → M16HUB(03:35,RC+RD) → M16(03:37,RB+RB_fast) → M16B(03:38,RA_sus+RB+RB_fast) → M14(03:41,RA_sus+RB_fast+SLA)",,,17,10,0,10,10,5,0,0,RA+RD,RA_sus+SLA,,RA_sus+SLA,RA_sus+RB_fast,4.96,2.91,3.12,2.49,2.78,60,53,6,-49,19,0,100.00,4,"6ABL6011,6ABL6031,6ABL6032,6ABL0122",19.07,0,13.04,10.86,0,31,11,39,20,0,"hot_area=M16HUB; S3확정; 발동: M16HUB[R-A'(AVGTOTALTIME1MIN=4.96분/기준9.0),R-D(FAB저장=0.0%,STB=100.0%)]; M14[R-A_sus,SLA(19.1%4분초과)]; M16A[R-A_sus,SLA(13.0%4분초과)]; M16B[R-A_sus,R-B_fast(+10/10분)]; M16[R-B_fast(+31/10분)]",10,0,0,0,0,7,0,0,0,0,5,0,0,0,0,5,0,0,0,0,0,0,0,0,0,0,0,0,5,0,0,0,0,5,0,0,0,5,0,5,0,0,0,0,0,52,0,10,0,0,1,0,0,0,0,20,13,12,14,10,9,0.55,85.62,82.87,86.71,84.22,0,192,85,83,0,0,17,10,0,10,10
M16A_HUBROOM_PR.csv,2026-06-09 04:26,2026-06-09,04:26,1,1단계 조기경보,3,3→1,42,관심,M16HUB,17,M16HUB,"M16A(03:26,RA_sus+RB_fast+SLA) → M16HUB(03:35,RC+RD) → M16(03:37,RB+RB_fast) → M16B(03:38,RA_sus+RB+RB_fast) → M14(03:41,RA_sus+RB_fast+SLA)",,,17,10,0,5,5,0,0,0,RA+RD,RA_sus+SLA,,RA_sus,RA_sus,8.08,2.64,3.50,2.64,2.67,17,45,9,-47,16,0,100.00,5,"6ABL6021,6ABL6031,6ABL6032,6ABL0121,6ABL0122",18.72,0,12.91,10.38,0,36,15,33,21,0,"hot_area=M16HUB; S1조기경보; 발동: M16HUB[R-A'(AVGTOTALTIME1MIN=8.08분/기준9.0),R-D(FAB저장=0.0%,STB=100.0%)]; M14[R-A_sus,SLA(18.7%4분초과)]; M16A[R-A_sus]; M16B[R-A_sus]",10,0,0,0,0,7,0,0,0,0,5,0,0,0,0,5,0,0,0,0,0,0,0,0,0,0,0,0,5,0,0,0,0,0,0,0,0,5,0,0,0,0,0,0,0,37,0,5,0,0,1,0,0,0,0,-32,6,7,21,1,5,0.54,84.94,84.59,86.47,75.66,0,167,90,87,0,0,17,10,0,5,5
M16A_HUBROOM_PR.csv,2026-06-09 04:27,2026-06-09,04:27,3,3단계 ⭐확정,1,1→3,52,관심,M16HUB,17,M16HUB,"M16A(03:27,RA_sus+RB_fast+SLA) → M16HUB(03:35,RC+RD) → M16(03:37,RB+RB_fast) → M16B(03:38,RA_sus+RB+RB_fast) → M14(03:41,RA_sus+RB_fast+SLA)",,,17,10,0,5,5,10,0,0,RA+RD,RA_sus+SLA,,RA_sus,RA_sus,4.03,2.67,3.24,2.56,2.68,23,21,3,-59,0,0,100.00,5,"6ABL6011,6ABL6031,6ABL6032,6ABL0111,6ABL0122",18.24,0,12.74,7.79,0,34,12,33,21,0,"hot_area=M16HUB; S3확정; 발동: M16HUB[R-A'(AVGTOTALTIME1MIN=4.03분/기준9.0),R-D(FAB저장=0.0%,STB=100.0%)]; M14[R-A_sus,SLA(18.2%4분초과)]; M16A[R-A_sus]; M16B[R-A_sus]; M16[R-B(SENDQUEUETOTAL+33/30분/기준+20)]",10,0,0,0,0,7,0,0,0,0,5,0,0,0,0,5,0,0,0,0,0,0,0,0,0,0,0,0,5,0,0,0,0,0,0,0,0,5,0,0,0,0,0,0,0,47,0,5,0,0,1,0,0,0,0,-50,-36,-4,23,-10,14,0.55,86.69,88.84,85.76,77.14,0,174,79,59,0,0,17,10,0,5,5
M16A_HUBROOM_PR.csv,2026-06-09 04:28,2026-06-09,04:28,3,3단계 ⭐확정,3,,47,관심,M16HUB,17,M16HUB,"M16A(03:28,RA_sus+RB_fast+SLA) → M16HUB(03:35,RC+RD) → M16(03:37,RB+RB_fast) → M16B(03:38,RA_sus+RB+RB_fast) → M14(03:41,RA_sus+RB_fast+SLA)",,,17,10,0,10,5,0,0,0,RA+RD,RA_sus+SLA,,RA_sus+RB_fast,RA_sus,9.49,2.73,3.06,2.70,2.34,8,5,1,-47,-15,0,100.00,6,"6ABL6021,6ABL6031,6ABL6032,6ABL0112,6ABL0121,6ABL0122",18.43,0,10.93,8.74,0,33,13,32,21,0,"hot_area=M16HUB; S3확정; 발동: M16HUB[R-A'(AVGTOTALTIME1MIN=9.49분/기준9.0),R-D(FAB저장=0.0%,STB=100.0%)]; M14[R-A_sus,SLA(18.4%4분초과)]; M16A[R-A_sus,R-B_fast(+31/10분)]; M16B[R-A_sus]",10,0,0,0,0,7,0,0,0,0,5,0,0,0,0,5,0,0,0,0,0,0,0,0,0,0,0,0,5,0,5,0,0,0,0,0,0,5,0,0,0,0,0,0,0,42,0,5,0,0,1,0,0,0,0,-56,-43,-3,31,-10,10,0.59,83.48,89.11,88.12,81.27,0,181,75,72,0,0,17,10,0,10,5
M16A_HUBROOM_PR.csv,2026-06-09 04:29,2026-06-09,04:29,3,3단계 ⭐확정,3,,57,관심,M16HUB,17,M16HUB,"M16HUB(03:35,RC+RD) → M16(03:37,RB+RB_fast) → M16B(03:38,RA_sus+RB+RB_fast) → M14(03:41,RA_sus+RB_fast+SLA)",,,17,10,0,10,5,10,0,0,RA+RD,RA_sus+SLA,,RA_sus+RB_fast,RA_sus,4.06,2.76,3.04,2.53,2.42,-10,-15,-1,-52,-18,0,100.00,4,"6ABL6021,6ABL6031,6ABL0111,6ABL0122",17.52,0,10.34,7.11,0,36,14,35,19,0,"hot_area=M16HUB; S3확정; 발동: M16HUB[R-A'(AVGTOTALTIME1MIN=4.06분/기준9.0),R-D(FAB저장=0.0%,STB=100.0%)]; M14[R-A_sus,SLA(17.5%4분초과)]; M16A[R-A_sus,R-B_fast(+33/10분)]; M16B[R-A_sus]; M16[R-B(SENDQUEUETOTAL+33/30분/기준+20)]",10,0,0,0,0,7,0,0,0,0,5,0,0,0,0,5,0,0,0,0,0,0,0,0,0,0,0,0,5,0,5,0,0,0,0,0,0,5,0,0,0,0,0,0,0,52,0,5,0,0,1,0,0,0,0,-67,-58,3,33,-16,14,0.60,83.77,87.25,88.24,83.48,0,175,63,52,0,0,17,10,0,10,5
M16A_HUBROOM_PR.csv,2026-06-09 04:30,2026-06-09,04:30,3,3단계 ⭐확정,3,,45,관심,M16HUB,25,M16HUB,"M16HUB(03:35,RC+RD) → M16(03:37,RB+RB_fast) → M16B(03:38,RA_sus+RB+RB_fast) → M14(03:41,RA_sus+RB_fast+SLA)",,,25,5,0,10,5,0,0,0,RA+RC+RD,RA_sus,,RA_sus+RB_fast,RA_sus,4.24,2.65,3.10,2.71,2.37,-25,-20,-7,-52,-18,0,100.00,5,"6ABL6011,6ABL6022,6ABL6031,6ABL0111,6ABL0112",17.09,0,10.74,9.18,0,34,14,34,20,0,"hot_area=M16HUB; S3확정; 발동: M16HUB[R-A'(AVGTOTALTIME1MIN=4.24분/기준9.0),R-C'(역증가5개:6ABL6011,6ABL6022,6ABL6031,6ABL0111,6ABL0112),R-D(FAB저장=0.0%,STB=100.0%)]; M14[R-A_sus]; M16A[R-A_sus,R-B_fast(+27/10분)]; M16B[R-A_sus]",10,0,0,0,8,7,0,0,0,0,5,0,0,0,0,0,0,0,0,0,0,0,0,0,0,0,0,0,5,0,5,0,0,0,0,0,0,5,0,0,0,0,0,0,0,45,0,0,0,0,1,0,0,0,0,-71,-61,-3,27,-15,-8,0.58,83.58,87.25,92.00,78.91,0,154,75,78,0,0,25,5,0,10,5
M16A_HUBROOM_PR.csv,2026-06-09 04:31,2026-06-09,04:31,3,3단계 ⭐확정,3,,37,관심,M16HUB,17,M16HUB,"M16HUB(03:35,RC+RD) → M16(03:37,RB+RB_fast) → M16B(03:38,RA_sus+RB+RB_fast) → M14(03:41,RA_sus+RB_fast+SLA)",,,17,5,0,10,5,0,0,0,RA+RD,RA_sus,,RA_sus+RB_fast,RA_sus,3.91,2.71,3.33,2.60,2.78,-30,-25,-5,-45,-12,0,100.00,4,"6ABL6031,6ABL0111,6ABL0112,6ABL0122",17.11,0,11.45,9.40,0,32,14,35,20,0,"hot_area=M16HUB; S3확정; 발동: M16HUB[R-A'(AVGTOTALTIME1MIN=3.91분/기준9.0),R-D(FAB저장=0.0%,STB=100.0%)]; M14[R-A_sus]; M16A[R-A_sus,R-B_fast(+26/10분)]; M16B[R-A_sus]",10,0,0,0,0,7,0,0,0,0,5,0,0,0,0,0,0,0,0,0,0,0,0,0,0,0,0,0,5,0,5,0,0,0,0,0,0,5,0,0,0,0,0,0,0,37,0,0,0,0,1,0,0,0,0,-69,-73,-1,26,-9,0,0.58,82.90,87.78,91.29,80.68,0,160,72,72,0,0,17,5,0,10,5
M16A_HUBROOM_PR.csv,2026-06-09 04:32,2026-06-09,04:32,3,3단계 ⭐확정,3,,55,관심,M16HUB,25,M16HUB,"M16HUB(03:35,RC+RD) → M16(03:37,RB+RB_fast) → M16B(03:38,RA_sus+RB+RB_fast) → M14(03:41,RA_sus+RB_fast+SLA)",,,25,10,0,10,5,0,0,0,RA+RC+RD,RA_sus+SLA,,RA_sus+RB_fast,RA_sus,5.63,2.81,3.16,2.80,2.34,-21,-18,1,-34,-9,0,100.00,3,"6ABL6021,6ABL0111,6ABL0112",18.04,0,11.19,9.28,0,32,15,34,22,0,"hot_area=M16HUB; S3확정; 발동: M16HUB[R-A'(AVGTOTALTIME1MIN=5.63분/기준9.0),R-C'(역증가3개:6ABL6021,6ABL0111,6ABL0112),R-D(FAB저장=0.0%,STB=100.0%)]; M14[R-A_sus,SLA(18.0%4분초과)]; M16A[R-A_sus,R-B_fast(+29/10분)]; M16B[R-A_sus]",10,0,0,0,8,7,0,0,0,0,5,0,0,0,0,5,0,0,0,0,0,0,0,0,0,0,0,0,5,0,5,0,0,0,0,0,0,5,0,0,0,0,0,0,0,50,0,5,0,0,1,0,0,0,0,-61,-61,2,29,-5,-19,0.60,81.15,82.60,88.47,78.76,0,179,78,79,0,0,25,10,0,10,5
M16A_HUBROOM_PR.csv,2026-06-09 04:33,2026-06-09,04:33,3,3단계 ⭐확정,3,,45,관심,M16HUB,25,M16HUB,"M16HUB(03:35,RC+RD) → M16(03:37,RB+RB_fast) → M16B(03:38,RA_sus+RB+RB_fast) → M14(03:41,RA_sus+RB_fast+SLA)",,,25,5,0,10,5,0,0,0,RA+RC+RD,RA_sus,,RA_sus+RB_fast,RA_sus,3.77,2.77,3.21,2.50,2.75,-1,-7,10,-27,-3,0,100.00,5,"6ABL6011,6ABL6012,6ABL6031,6ABL0111,6ABL0112",17.54,0,11.50,9.46,0,35,17,32,18,0,"hot_area=M16HUB; S3확정; 발동: M16HUB[R-A'(AVGTOTALTIME1MIN=3.77분/기준9.0),R-C'(역증가5개:6ABL6011,6ABL6012,6ABL6031,6ABL0111,6ABL0112),R-D(FAB저장=0.0%,STB=100.0%)]; M14[R-A_sus]; M16A[R-A_sus,R-B_fast(+35/10분)]; M16B[R-A_sus]",10,0,0,0,8,7,0,0,0,0,5,0,0,0,0,0,0,0,0,0,0,0,0,0,0,0,0,0,5,0,5,0,0,0,0,0,0,5,0,0,0,0,0,0,0,45,0,0,0,0,1,0,0,0,0,-47,-49,4,35,-5,-4,0.62,82.02,83.27,88.71,81.12,0,178,72,73,0,0,25,5,0,10,5
M16A_HUBROOM_PR.csv,2026-06-09 04:34,2026-06-09,04:34,3,3단계 ⭐확정,3,,52,관심,M16HUB,17,M16HUB,"M16HUB(03:35,RC+RD) → M16(03:37,RB+RB_fast) → M16B(03:38,RA_sus+RB+RB_fast) → M14(03:41,RA_sus+RB_fast+SLA)",M16B_10F_TO_HUB=1.7x(주의),,17,5,0,10,10,0,0,5,RA+RD,RA_sus,,RA_sus+RB_fast,RA_sus+RB_fast,8.62,2.96,3.31,2.81,2.34,18,10,10,-25,14,0,100.00,6,"6ABL6011,6ABL6012,6ABL6021,6ABL6031,6ABL0111,6ABL0112",18.01,0,11.85,8.51,0,36,17,31,19,0,"hot_area=M16HUB; S3확정; 발동: M16HUB[R-A'(AVGTOTALTIME1MIN=8.62분/기준9.0),R-D(FAB저장=0.0%,STB=100.0%)]; M14[R-A_sus]; M16A[R-A_sus,R-B_fast(+27/10분)]; M16B[R-A_sus,R-B_fast(+12/10분)]; M16_WT[R-A_sus]; 흐름:M16B_10F_TO_HUB=1.7x(주의)",10,0,0,0,0,7,0,0,0,0,5,0,0,0,0,0,0,0,0,0,0,0,0,0,0,0,0,0,5,0,5,0,0,0,0,0,0,5,0,5,0,0,0,0,0,47,5,0,0,0,1,0,0,0,0,-18,-23,7,27,12,4,0.66,82.31,85.92,87.76,81.86,0,165,82,71,0,0,17,5,0,10,10
M16A_HUBROOM_PR.csv,2026-06-09 04:35,2026-06-09,04:35,3,3단계 ⭐확정,3,,42,관심,M16HUB,17,M16HUB,"M16HUB(03:35,RC+RD) → M16(03:37,RB+RB_fast) → M16B(03:38,RA_sus+RB+RB_fast) → M14(03:41,RA_sus+RB_fast+SLA)",M16B_10F_TO_HUB=1.6x(주의),,17,5,0,10,5,0,0,0,RA+RD,RA_sus,,RA_sus+RB_fast,RA_sus,3.83,2.62,3.38,2.96,2.50,3,6,5,-1,23,0,100.00,5,"6ABL6011,6ABL6012,6ABL6031,6ABL0111,6ABL0112",17.17,0,12.18,5.77,0,34,18,32,17,0,"hot_area=M16HUB; S3확정; 발동: M16HUB[R-A'(AVGTOTALTIME1MIN=3.83분/기준9.0),R-D(FAB저장=0.0%,STB=100.0%)]; M14[R-A_sus]; M16A[R-A_sus,R-B_fast(+50/10분)]; M16B[R-A_sus]; 흐름:M16B_10F_TO_HUB=1.6x(주의)",10,0,0,0,0,7,0,0,0,0,5,0,0,0,0,0,0,0,0,0,0,0,0,0,0,0,0,0,5,0,5,0,0,0,0,0,0,5,0,0,0,0,0,0,0,37,5,0,0,0,1,0,0,0,0,-27,-25,1,50,7,7,0.64,83.87,87.65,88.82,81.71,0,170,75,43,0,0,17,5,0,10,5
M16A_HUBROOM_PR.csv,2026-06-09 04:36,2026-06-09,04:36,3,3단계 ⭐확정,3,,47,관심,M16HUB,17,M16HUB,"M16HUB(03:36,RB_fast+RC+RD) → M16(03:37,RB+RB_fast) → M16B(03:38,RA_sus+RB+RB_fast) → M14(03:41,RA_sus+RB_fast+SLA)",M16B_10F_TO_HUB=1.6x(주의),,17,5,0,10,10,0,0,0,RA+RD,RA_sus,,RA_sus+RB_fast,RA_sus+RB_fast,4.99,2.75,3.40,2.72,2.54,21,18,13,-5,26,0,100.00,5,"6ABL6011,6ABL6012,6ABL6031,6ABL0111,6ABL0112",17.58,0,12.63,9.21,0,33,16,33,20,0,"hot_area=M16HUB; S3확정; 발동: M16HUB[R-A'(AVGTOTALTIME1MIN=4.99분/기준9.0),R-D(FAB저장=0.0%,STB=100.0%)]; M14[R-A_sus]; M16A[R-A_sus,R-B_fast(+45/10분)]; M16B[R-A_sus,R-B_fast(+16/10분)]; 흐름:M16B_10F_TO_HUB=1.6x(주의)",10,0,0,0,0,7,0,0,0,0,5,0,0,0,0,0,0,0,0,0,0,0,0,0,0,0,0,0,5,0,5,0,0,0,0,0,0,5,0,5,0,0,0,0,0,42,5,0,0,0,1,0,0,0,0,-7,-11,5,45,16,11,0.64,83.77,89.64,92.24,79.65,0,154,86,79,0,0,17,5,0,10,10
M16A_HUBROOM_PR.csv,2026-06-09 04:37,2026-06-09,04:37,3,3단계 ⭐확정,3,,72,경계,M16B,20,M16HUB;M16B,"M16HUB(03:37,RB_fast+RC+RD) → M16(03:37,RB+RB_fast) → M16B(03:38,RA_sus+RB+RB_fast) → M14(03:41,RA_sus+RB_fast+SLA)",M16B_10F_TO_HUB=1.6x(주의),,17,5,0,10,20,10,0,0,RA+RD,RA_sus,,RA_sus+SLA,RA_sus+RB+RB_fast,4.53,2.71,3.04,2.67,2.81,10,6,16,-7,31,0,100.00,7,"6ABL6011,6ABL6012,6ABL6021,6ABL6022,6ABL6031,6ABL0111,6ABL0112",17.30,0,13.77,9.32,0,33,17,32,19,0,"hot_area=M16B; S3확정; 발동: M16HUB[R-A'(AVGTOTALTIME1MIN=4.53분/기준9.0),R-D(FAB저장=0.0%,STB=100.0%)]; M14[R-A_sus]; M16A[R-A_sus,SLA(13.8%4분초과)]; M16B[R-A_sus,R-B(10F_TO_HUB_JOB+31/30분/기준+30),R-B_fast(+19/10분)]; M16[R-B(SENDQUEUETOTAL+34/30분/기준+20)]; 흐름:M16B_10F_TO_HUB=1.6x(주의)",10,0,0,0,0,7,0,0,0,0,5,0,0,0,0,0,0,0,0,0,0,0,0,0,0,0,0,0,5,0,0,0,0,5,0,0,0,5,10,5,0,0,0,0,0,62,5,5,0,0,1,0,0,0,0,-5,-4,5,23,19,12,0.67,83.19,88.84,91.88,79.50,0,160,84,71,0,0,17,5,0,10,20
M16A_HUBROOM_PR.csv,2026-06-09 04:38,2026-06-09,04:38,3,3단계 ⭐확정,3,,32,관심,M16A,10,,"M16B(03:38,RA_sus+RB+RB_fast) → M16HUB(03:41,RA_sus+RB_fast+RC) → M14(03:41,RA_sus+RB_fast+SLA) → M16(03:45,RB+RB_fast)",,,7,5,0,10,10,0,0,0,RD,RA_sus,,RA_sus+RB_fast,RA_sus+RB_fast,6.20,2.75,2.94,2.60,2.38,17,13,18,13,18,0,100.00,5,"6ABL6011,6ABL6021,6ABL6022,6ABL6031,6ABL0112",16.58,0,12.46,8.63,0,43,19,33,17,0,"hot_area=M16A; S3확정; 발동: M16HUB[R-D(FAB저장=0.0%,STB=100.0%)]; M14[R-A_sus]; M16A[R-A_sus,R-B_fast(+32/10분)]; M16B[R-A_sus,R-B_fast(+13/10분)]",0,0,0,0,0,7,0,0,0,0,5,0,0,0,0,0,0,0,0,0,0,0,0,0,0,0,0,0,5,0,5,0,0,0,0,0,0,5,0,5,0,0,0,0,0,32,0,0,0,0,0,0,0,0,0,-8,1,0,32,13,13,0.68,84.16,86.85,93.18,81.27,0,162,86,72,0,0,7,5,0,10,10
M16A_HUBROOM_PR.csv,2026-06-09 04:39,2026-06-09,04:39,3,3단계 ⭐확정,3,,32,관심,M16,10,,"M16B(03:39,RA_sus+RB+RB_fast) → M16HUB(03:41,RA_sus+RB_fast+RC) → M14(03:41,RA_sus+RB_fast+SLA) → M16(03:45,RB+RB_fast)",,,7,5,0,5,5,10,0,0,RD,RA_sus,,RA_sus,RA_sus,4.62,2.57,3.06,2.54,2.94,22,11,11,3,12,0,100.00,5,"6ABL6012,6ABL6021,6ABL6031,6ABL0111,6ABL0112",16.93,0,12.56,8.51,0,36,17,32,19,0,"hot_area=M16; S3확정; 발동: M16HUB[R-D(FAB저장=0.0%,STB=100.0%)]; M14[R-A_sus]; M16A[R-A_sus]; M16B[R-A_sus]; M16[R-B(SENDQUEUETOTAL+29/30분/기준+20)]",0,0,0,0,0,7,0,0,0,0,5,0,0,0,0,0,0,0,0,0,0,0,0,0,0,0,0,0,5,0,0,0,0,0,0,0,0,5,0,0,0,0,0,0,0,32,0,0,0,0,0,0,0,0,0,-4,-7,-1,12,0,15,0.69,79.30,84.86,91.65,78.91,0,148,79,64,0,0,7,5,0,5,5
M16A_HUBROOM_PR.csv,2026-06-09 04:40,2026-06-09,04:40,1,1단계 조기경보,3,3→1,22,정상,M16HUB,7,,"M16HUB(03:41,RA_sus+RB_fast+RC) → M14(03:41,RA_sus+RB_fast+SLA) → M16(03:45,RB+RB_fast) → M16B(03:59,RA_sus+RB+RB_fast)",,,7,5,0,5,5,0,0,0,RD,RA_sus,,RA_sus,RA_sus,3.99,2.45,3.17,2.81,2.61,26,0,20,1,7,0,99.41,4,"6ABL6021,6ABL6031,6ABL0111,6ABL0112",16.80,0,11.89,8.40,0,32,15,28,16,0,"hot_area=M16HUB; S1조기경보; 발동: M16HUB[R-D(FAB저장=0.0%,STB=99.4%)]; M14[R-A_sus]; M16A[R-A_sus]; M16B[R-A_sus]",0,0,0,0,0,7,0,0,0,0,5,0,0,0,0,0,0,0,0,0,0,0,0,0,0,0,0,0,5,0,0,0,0,0,0,0,0,5,0,0,0,0,0,0,0,22,0,0,0,0,0,0,0,0,0,10,-9,6,6,-7,1,0.69,79.11,81.81,89.76,79.06,0,169,88,73,0,0,7,5,0,5,5
M16A_HUBROOM_PR.csv,2026-06-09 04:41,2026-06-09,04:41,1,1단계 조기경보,1,,22,정상,M16HUB,7,,"M16HUB(03:41,RA_sus+RB_fast+RC) → M14(03:41,RA_sus+RB_fast+SLA) → M16(03:45,RB+RB_fast) → M16B(03:59,RA_sus+RB+RB_fast)",,,7,5,0,5,5,0,0,0,RD,RA_sus,,RA_sus,RA_sus,4.88,2.65,3.46,2.60,2.60,24,6,23,11,-8,0,99.41,7,"6ABL6011,6ABL6012,6ABL6021,6ABL6022,6ABL6031,6ABL0112,6ABL0121",16.16,0,12.13,8.83,0,36,16,28,16,0,"hot_area=M16HUB; S1조기경보; 발동: M16HUB[R-D(FAB저장=0.0%,STB=99.4%)]; M14[R-A_sus]; M16A[R-A_sus]; M16B[R-A_sus]",0,0,0,0,0,7,0,0,0,0,5,0,0,0,0,0,0,0,0,0,0,0,0,0,0,0,0,0,5,0,0,0,0,0,0,0,0,5,0,0,0,0,0,0,0,22,0,0,0,0,0,0,0,0,0,7,-2,12,-4,-20,8,0.67,76.48,83.27,88.12,75.52,0,144,81,68,0,0,7,5,0,5,5
M16A_HUBROOM_PR.csv,2026-06-09 04:42,2026-06-09,04:42,1,1단계 조기경보,1,,22,정상,M16HUB,7,,"M14(03:42,RA_sus+RB_fast+SLA) → M16HUB(03:43,RA_sus+RB_fast+RD) → M16(03:45,RB+RB_fast) → M16B(03:59,RA_sus+RB+RB_fast)",,,7,5,0,5,5,0,0,0,RD,RA_sus,,RA_sus,RA_sus,4.08,2.81,3.00,2.81,2.31,1,1,14,14,-4,0,99.41,5,"6ABL6011,6ABL6012,6ABL6021,6ABL6022,6ABL6031",14.19,0,12.13,5.92,0,34,16,29,15,0,"hot_area=M16HUB; S1조기경보; 발동: M16HUB[R-D(FAB저장=0.0%,STB=99.4%)]; M14[R-A_sus]; M16A[R-A_sus]; M16B[R-A_sus]",0,0,0,0,0,7,0,0,0,0,5,0,0,0,0,0,0,0,0,0,0,0,0,0,0,0,0,0,5,0,0,0,0,0,0,0,0,5,0,0,0,0,0,0,0,22,0,0,0,0,0,0,0,0,0,12,-10,0,-23,-10,12,0.68,77.45,84.33,88.94,76.55,0,134,89,50,0,0,7,5,0,5,5
M16A_HUBROOM_PR.csv,2026-06-09 04:43,2026-06-09,04:43,1,1단계 조기경보,1,,25,정상,M14,5,,"M16HUB(03:43,RA_sus+RB_fast+RD) → M14(03:43,RA_sus+RB_fast+SLA) → M16(03:45,RB+RB_fast) → M16B(03:59,RA_sus+RB+RB_fast)",M16A_2F_TO_HUB=2.0x(주의),,0,5,0,5,5,0,0,5,,RA_sus,,RA_sus,RA_sus,5.21,2.48,2.96,2.96,2.63,-1,-12,9,24,5,0.59,98.82,6,"6ABL6011,6ABL6012,6ABL6021,6ABL6022,6ABL6031,6ABL0112",14.61,0,11.64,5.90,0,34,16,33,17,0,hot_area=M14; S1조기경보; 발동: M14[R-A_sus]; M16A[R-A_sus]; M16B[R-A_sus]; M16_WT[R-A_sus]; 흐름:M16A_2F_TO_HUB=2.0x(주의),0,0,0,0,0,0,0,0,0,0,5,0,0,0,0,0,0,0,0,0,0,0,0,0,0,0,0,0,5,0,0,0,0,0,0,0,0,5,0,0,0,0,0,0,0,20,5,0,0,0,0,0,0,0,0,-4,-6,1,-10,-9,8,0.64,79.20,85.13,89.29,82.60,0,143,76,44,0,0,0,5,0,5,5
M16A_HUBROOM_PR.csv,2026-06-09 04:44,2026-06-09,04:44,1,1단계 조기경보,1,,35,관심,M16HUB,15,M16HUB,"M16HUB(03:44,RA_sus+RC+RD) → M16(03:45,RB+RB_fast) → M16B(03:59,RA_sus+RB+RB_fast)",M16A_2F_TO_HUB=2.0x(주의),,15,5,0,5,5,0,0,0,RC+RD,RA_sus,,RA_sus,RA_sus,6.46,2.79,2.87,2.88,2.40,-10,-21,9,23,3,0,99.41,3,"6ABL6012,6ABL6031,6ABL0111",14.92,0,11.41,8.03,0,41,18,35,18,0,"hot_area=M16HUB; S1조기경보; 발동: M16HUB[R-C'(역증가3개:6ABL6012,6ABL6031,6ABL0111),R-D(FAB저장=0.0%,STB=99.4%)]; M14[R-A_sus]; M16A[R-A_sus]; M16B[R-A_sus]; 흐름:M16A_2F_TO_HUB=2.0x(주의)",0,0,0,0,8,7,0,0,0,0,5,0,0,0,0,0,0,0,0,0,0,0,0,0,0,0,0,0,5,0,0,0,0,0,0,0,0,5,0,0,0,0,0,0,0,30,5,0,0,0,0,0,0,0,0,-27,-28,-4,-27,-22,-2,0.64,81.73,83.53,89.53,81.56,0,132,81,65,0,0,15,5,0,5,5
M16A_HUBROOM_PR.csv,2026-06-09 04:45,2026-06-09,04:45,1,1단계 조기경보,1,,27,정상,M16HUB,7,,"M16HUB(03:45,RA_sus+RC+RD) → M16(03:45,RB+RB_fast) → M16B(03:59,RA_sus+RB+RB_fast)",M16A_2F_TO_HUB=1.6x(주의),,7,5,0,5,5,0,0,0,RD,RA_sus,,RA_sus,RA_sus,5.59,2.39,3.25,2.61,2.73,-14,-31,18,17,6,0,99.41,5,"6ABL6012,6ABL6022,6ABL6031,6ABL0111,6ABL0112",14.16,0,10.66,8.62,0,33,12,32,15,0,"hot_area=M16HUB; S1조기경보; 발동: M16HUB[R-D(FAB저장=0.0%,STB=99.4%)]; M14[R-A_sus]; M16A[R-A_sus]; M16B[R-A_sus]; 흐름:M16A_2F_TO_HUB=1.6x(주의)",0,0,0,0,0,7,0,0,0,0,5,0,0,0,0,0,0,0,0,0,0,0,0,0,0,0,0,0,5,0,0,0,0,0,0,0,0,5,0,0,0,0,0,0,0,22,5,0,0,0,0,0,0,0,0,-7,-19,5,-47,-11,1,0.65,79.69,87.12,87.41,82.74,0,146,68,62,0,0,7,5,0,5,5
M16A_HUBROOM_PR.csv,2026-06-09 04:46,2026-06-09,04:46,1,1단계 조기경보,1,,27,정상,M16HUB,7,,"M16HUB(03:58,RA+RA_sus+RD) → M16B(03:59,RA_sus+RB+RB_fast)",M16A_2F_TO_HUB=1.7x(주의),,7,5,0,5,5,0,0,0,RD,RA_sus,,RA_sus,RA_sus,3.99,2.85,3.38,2.65,2.51,-43,-28,8,19,3,0.59,99.41,5,"6ABL6011,6ABL6012,6ABL6022,6ABL6031,6ABL0111",14.09,0,11.04,8.30,0,37,14,30,16,0,"hot_area=M16HUB; S1조기경보; 발동: M16HUB[R-D(FAB저장=0.6%,STB=99.4%)]; M14[R-A_sus]; M16A[R-A_sus]; M16B[R-A_sus]; 흐름:M16A_2F_TO_HUB=1.7x(주의)",0,0,0,0,0,7,0,0,0,0,5,0,0,0,0,0,0,0,0,0,0,0,0,0,0,0,0,0,5,0,0,0,0,0,0,0,0,5,0,0,0,0,0,0,0,22,5,0,0,0,0,0,0,0,0,-4,-23,-4,-47,-14,3,0.65,80.08,85.52,87.41,81.71,0,131,82,69,0,0,7,5,0,5,5
M16A_HUBROOM_PR.csv,2026-06-09 04:47,2026-06-09,04:47,1,1단계 조기경보,1,,35,관심,M16HUB,15,M16HUB,"M16HUB(03:58,RA+RA_sus+RD) → M16B(03:59,RA_sus+RB+RB_fast)",M16A_2F_TO_HUB=1.7x(주의),,15,5,0,5,5,0,0,0,RC+RD,RA_sus,,RA_sus,RA_sus,5.84,2.50,2.94,2.67,2.67,-46,-37,-1,8,-4,0,100.00,3,"6ABL6012,6ABL6022,6ABL6031",13.90,0,11.36,8.23,0,37,14,36,17,0,"hot_area=M16HUB; S1조기경보; 발동: M16HUB[R-C'(역증가3개:6ABL6012,6ABL6022,6ABL6031),R-D(FAB저장=0.0%,STB=100.0%)]; M14[R-A_sus]; M16A[R-A_sus]; M16B[R-A_sus]; 흐름:M16A_2F_TO_HUB=1.7x(주의)",0,0,0,0,8,7,0,0,0,0,5,0,0,0,0,0,0,0,0,0,0,0,0,0,0,0,0,0,5,0,0,0,0,0,0,0,0,5,0,0,0,0,0,0,0,30,5,0,0,0,0,0,0,0,0,9,3,-2,-38,-13,-7,0.61,82.02,86.19,86.12,85.40,0,134,75,62,0,0,15,5,0,5,5
M16A_HUBROOM_PR.csv,2026-06-09 04:48,2026-06-09,04:48,1,1단계 조기경보,1,,30,관심,M16HUB,15,M16HUB,"M16HUB(03:58,RA+RA_sus+RD) → M16B(03:59,RA_sus+RB+RB_fast)",,,15,5,0,5,5,0,0,0,RC+RD,RA_sus,,RA_sus,RA_sus,5.84,2.59,2.99,2.70,2.55,-35,-28,-8,12,-4,0,100.00,4,"6ABL6012,6ABL6022,6ABL6032,6ABL0111",14.00,0,12.17,8.50,0,34,12,31,15,0,"hot_area=M16HUB; S1조기경보; 발동: M16HUB[R-C'(역증가4개:6ABL6012,6ABL6022,6ABL6032,6ABL0111),R-D(FAB저장=0.0%,STB=100.0%)]; M14[R-A_sus]; M16A[R-A_sus]; M16B[R-A_sus]",0,0,0,0,8,7,0,0,0,0,5,0,0,0,0,0,0,0,0,0,0,0,0,0,0,0,0,0,5,0,0,0,0,0,0,0,0,5,0,0,0,0,0,0,0,30,0,0,0,0,0,0,0,0,0,29,14,-5,-51,-7,-5,0.62,81.34,87.52,84.12,85.40,0,140,88,69,0,0,15,5,0,5,5
M16A_HUBROOM_PR.csv,2026-06-09 04:49,2026-06-09,04:49,3,3단계 ⭐확정,1,1→3,45,관심,M16HUB,15,M16HUB,"M16HUB(03:58,RA+RA_sus+RD) → M16B(03:59,RA_sus+RB+RB_fast)",,,15,10,0,5,10,0,0,5,RC+RD,RA_sus+RB_fast,,RA_sus,RA_sus+RB_fast,5.65,2.50,3.00,2.85,2.69,-49,-39,-6,22,-3,0,100.00,4,"6ABL6012,6ABL6022,6ABL6032,6ABL0121",13.80,0,12.34,9.25,0,37,14,31,15,0,"hot_area=M16HUB; S3확정; 발동: M16HUB[R-C'(역증가4개:6ABL6012,6ABL6022,6ABL6032,6ABL0121),R-D(FAB저장=0.0%,STB=100.0%)]; M14[R-A_sus,R-B_fast(+26/10분)]; M16A[R-A_sus]; M16B[R-A_sus,R-B_fast(+13/10분)]; M16_WT[R-A_sus]",0,0,0,0,8,7,0,0,0,0,5,0,5,0,0,0,0,0,0,0,0,0,0,0,0,0,0,0,5,0,0,0,0,0,0,0,0,5,0,5,0,0,0,0,0,45,0,0,0,0,0,0,0,0,0,22,26,-8,-23,13,-16,0.63,79.79,87.38,81.41,91.00,0,122,79,67,0,0,15,10,0,5,10
M16A_HUBROOM_PR.csv,2026-06-09 04:50,2026-06-09,04:50,3,3단계 ⭐확정,3,,32,관심,M14,10,,"M16HUB(03:58,RA+RA_sus+RD) → M16B(03:59,RA_sus+RB+RB_fast)",,,7,10,0,5,10,0,0,0,RD,RA_sus+RB_fast,,RA_sus,RA_sus+RB_fast,5.02,2.79,3.29,2.95,2.71,-52,-39,-12,26,4,0,100.00,5,"6ABL6012,6ABL6022,6ABL6032,6ABL0111,6ABL0121",13.20,0,11.56,10.43,0,39,16,29,16,0,"hot_area=M14; S3확정; 발동: M16HUB[R-D(FAB저장=0.0%,STB=100.0%)]; M14[R-A_sus,R-B_fast(+31/10분)]; M16A[R-A_sus]; M16B[R-A_sus,R-B_fast(+26/10분)]",0,0,0,0,0,7,0,0,0,0,5,0,5,0,0,0,0,0,0,0,0,0,0,0,0,0,0,0,5,0,0,0,0,0,0,0,0,5,0,5,0,0,0,0,0,32,0,0,0,0,0,0,0,0,0,9,31,-15,-7,26,8,0.63,76.97,87.12,84.24,87.17,0,137,86,85,0,0,7,10,0,5,10
M16A_HUBROOM_PR.csv,2026-06-09 04:51,2026-06-09,04:51,3,3단계 ⭐확정,3,,45,관심,M16HUB,15,M16HUB,"M16HUB(03:58,RA+RA_sus+RD) → M16B(03:59,RA_sus+RB+RB_fast)",M16B_10F_TO_HUB=1.7x(주의),,15,5,0,5,10,5,0,0,RC+RD,RA_sus,,RA_sus,RA_sus+RB_fast,5.50,2.55,3.55,2.55,3.00,-67,-53,-13,32,13,0,100.00,3,"6ABL6011,6ABL6032,6ABL0121",13.51,0,11.13,10.70,0,39,17,33,19,0,"hot_area=M16HUB; S3확정; 발동: M16HUB[R-C'(역증가3개:6ABL6011,6ABL6032,6ABL0121),R-D(FAB저장=0.0%,STB=100.0%)]; M14[R-A_sus]; M16A[R-A_sus]; M16B[R-A_sus,R-B_fast(+42/10분)]; M16[R-B_fast(+41/10분)]; 흐름:M16B_10F_TO_HUB=1.7x(주의)",0,0,0,0,8,7,0,0,0,0,5,0,0,0,0,0,0,0,0,0,0,0,0,0,0,0,0,0,5,0,0,0,0,0,0,0,0,5,0,5,0,0,0,0,0,40,5,0,0,0,0,0,0,0,0,-5,22,-24,10,42,-1,0.67,78.23,85.13,84.82,84.22,0,125,75,78,0,0,15,5,0,5,10
M16A_HUBROOM_PR.csv,2026-06-09 04:52,2026-06-09,04:52,3,3단계 ⭐확정,3,,42,관심,M16B,15,M16B,"M16HUB(03:58,RA+RA_sus+RD) → M16B(03:59,RA_sus+RB+RB_fast)",M16B_10F_TO_HUB=1.6x(주의),,7,5,0,5,15,0,0,0,RD,RA_sus,,RA_sus,RA_sus+RB_fast+SLA,4.58,2.52,3.01,2.43,2.42,-64,-48,-7,26,20,0,100.00,5,"6ABL6011,6ABL6022,6ABL6031,6ABL6032,6ABL0121",12.66,0,10.60,10.14,0,41,18,32,21,0,"hot_area=M16B; S3확정; 발동: M16HUB[R-D(FAB저장=0.0%,STB=100.0%)]; M14[R-A_sus]; M16A[R-A_sus]; M16B[R-A_sus,R-B_fast(+35/10분),SLA(10.1%4분초과)]; 흐름:M16B_10F_TO_HUB=1.6x(주의)",0,0,0,0,0,7,0,0,0,0,5,0,0,0,0,0,0,0,0,0,0,0,0,0,0,0,0,0,5,0,0,0,0,0,0,0,0,5,0,5,0,0,5,0,0,32,5,5,0,0,0,0,0,0,0,-15,23,-9,20,35,20,0.70,79.69,84.33,86.82,82.60,0,120,76,84,0,0,7,5,0,5,15
M16A_HUBROOM_PR.csv,2026-06-09 04:53,2026-06-09,04:53,3,3단계 ⭐확정,3,,45,관심,M14,13,,"M16HUB(03:58,RA+RA_sus+RD) → M16B(03:59,RA_sus+RB+RB_fast)",M16B_10F_TO_HUB=1.5x(주의),,7,13,0,5,10,5,0,0,RD,RA_sus+RC,,RA_sus,RA_sus+RB_fast,5.55,2.45,3.03,2.63,2.33,-55,-39,-3,34,13,0,100.00,6,"6ABL6011,6ABL6022,6ABL6032,6ABL0112,6ABL0121,6ABL0122",13.44,0,10.71,7.57,0,41,17,33,22,0,"hot_area=M14; S3확정; 발동: M16HUB[R-D(FAB저장=0.0%,STB=100.0%)]; M14[R-A_sus,R-C'(CNV쏠림)]; M16A[R-A_sus]; M16B[R-A_sus,R-B_fast(+27/10분)]; M16[R-B_fast(+31/10분)]; 흐름:M16B_10F_TO_HUB=1.5x(주의)",0,0,0,0,0,7,0,0,0,0,5,0,0,8,0,0,0,0,0,0,0,0,0,0,0,0,0,0,5,0,0,0,0,0,0,0,0,5,0,5,0,0,0,0,0,40,5,0,0,0,0,0,0,0,0,-4,16,-8,9,27,12,0.72,80.27,83.67,85.88,81.56,0,131,69,57,0,0,7,13,0,5,10
M16A_HUBROOM_PR.csv,2026-06-09 04:54,2026-06-09,04:54,3,3단계 ⭐확정,3,,40,관심,M14,13,,"M16HUB(03:58,RA+RA_sus+RD) → M16B(03:59,RA_sus+RB+RB_fast)",M16A_2F_TO_HUB=1.6x(주의),,7,13,0,5,10,0,0,0,RD,RA_sus+RC,,RA_sus,RA_sus+RB_fast,5.51,2.51,2.92,2.49,2.65,-51,-36,-1,11,3,0,100.00,6,"6ABL6011,6ABL6022,6ABL6032,6ABL0112,6ABL0121,6ABL0122",13.02,0,10.80,9.62,0,41,18,36,20,0,"hot_area=M14; S3확정; 발동: M16HUB[R-D(FAB저장=0.0%,STB=100.0%)]; M14[R-A_sus,R-C'(CNV쏠림)]; M16A[R-A_sus]; M16B[R-A_sus,R-B_fast(+13/10분)]; 흐름:M16A_2F_TO_HUB=1.6x(주의)",0,0,0,0,0,7,0,0,0,0,5,0,0,8,0,0,0,0,0,0,0,0,0,0,0,0,0,0,5,0,0,0,0,0,0,0,0,5,0,5,0,0,0,0,0,35,5,0,0,0,0,0,0,0,0,-6,15,-4,11,13,2,0.74,80.17,84.06,85.41,79.79,0,115,76,79,0,0,7,13,0,5,10
M16A_HUBROOM_PR.csv,2026-06-09 04:55,2026-06-09,04:55,3,3단계 ⭐확정,3,,48,관심,M16HUB,15,M16HUB,"M16HUB(03:58,RA+RA_sus+RD) → M16B(03:59,RA_sus+RB+RB_fast)",,,15,13,0,10,5,5,0,0,RC+RD,RA_sus+RC,,RA_sus+RB_fast,RA_sus,4.87,2.45,3.42,2.62,2.32,-52,-37,-4,30,-13,0,100.00,3,"6ABL6011,6ABL6032,6ABL0112",13.39,0,11.08,7.58,0,37,15,39,27,0,"hot_area=M16HUB; S3확정; 발동: M16HUB[R-C'(역증가3개:6ABL6011,6ABL6032,6ABL0112),R-D(FAB저장=0.0%,STB=100.0%)]; M14[R-A_sus,R-C'(CNV쏠림)]; M16A[R-A_sus,R-B_fast(+27/10분)]; M16B[R-A_sus]; M16[R-B_fast(+34/10분)]",0,0,0,0,8,7,0,0,0,0,5,0,0,8,0,0,0,0,0,0,0,0,0,0,0,0,0,0,5,0,5,0,0,0,0,0,0,5,0,0,0,0,0,0,0,48,0,0,0,0,0,0,0,0,0,-18,7,-10,27,-9,-2,0.77,81.05,82.47,85.88,81.86,0,131,69,54,0,0,15,13,0,10,5
M16A_HUBROOM_PR.csv,2026-06-09 04:56,2026-06-09,04:56,1,1단계 조기경보,3,3→1,40,관심,M14,13,,"M16HUB(03:58,RA+RA_sus+RD) → M16B(03:59,RA_sus+RB+RB_fast)",,,7,13,0,5,10,0,0,0,RD,RA_sus+RC,,RA_sus,RA_sus+SLA,4.83,2.77,3.59,2.65,2.63,-43,-35,-1,21,11,0,99.41,6,"6ABL6011,6ABL6021,6ABL6032,6ABL0112,6ABL0121,6ABL0122",13.51,0,10.68,10.94,0,42,21,36,23,0,"hot_area=M14; S1조기경보; 발동: M16HUB[R-D(FAB저장=0.0%,STB=99.4%)]; M14[R-A_sus,R-C'(CNV쏠림)]; M16A[R-A_sus]; M16B[R-A_sus,SLA(10.9%4분초과)]",0,0,0,0,0,7,0,0,0,0,5,0,0,8,0,0,0,0,0,0,0,0,0,0,0,0,0,0,5,0,0,0,0,0,0,0,0,5,0,0,0,0,5,0,0,35,0,5,0,0,0,0,0,0,0,-32,-1,-2,23,9,1,0.80,80.37,82.47,85.29,83.48,0,119,77,92,0,0,7,13,0,5,10
M16A_HUBROOM_PR.csv,2026-06-09 04:57,2026-06-09,04:57,3,3단계 ⭐확정,1,1→3,45,관심,M16HUB,15,M16HUB,"M16HUB(03:58,RA+RA_sus+RD) → M16B(03:59,RA_sus+RB+RB_fast)",,,15,5,0,10,10,0,0,0,RC+RD,RA_sus,,RA_sus+RB_fast,RA_sus+SLA,5.18,2.59,2.96,2.73,2.82,1,-6,1,18,15,0,99.41,5,"6ABL6011,6ABL6032,6ABL0111,6ABL0112,6ABL0121",13.13,0,10.28,11.21,0,42,20,39,22,0,"hot_area=M16HUB; S3확정; 발동: M16HUB[R-C'(역증가5개:6ABL6011,6ABL6032,6ABL0111,6ABL0112,6ABL0121),R-D(FAB저장=0.0%,STB=99.4%)]; M14[R-A_sus]; M16A[R-A_sus,R-B_fast(+33/10분)]; M16B[R-A_sus,SLA(11.2%4분초과)]",0,0,0,0,8,7,0,0,0,0,5,0,0,0,0,0,0,0,0,0,0,0,0,0,0,0,0,0,5,0,5,0,0,0,0,0,0,5,0,0,0,0,5,0,0,40,0,5,0,0,0,0,0,0,0,-3,-5,-2,33,9,-8,0.69,84.26,82.74,87.29,87.02,0,123,66,85,0,0,15,5,0,10,10
M16A_HUBROOM_PR.csv,2026-06-09 04:58,2026-06-09,04:58,3,3단계 ⭐확정,3,,47,관심,M16B,15,M16B,"M16HUB(03:58,RA+RA_sus+RD) → M16B(03:59,RA_sus+RB+RB_fast)",,,7,5,0,10,15,0,5,0,RD,RA_sus,,RA_sus+RB_fast,RA_sus+RB_fast+SLA,5.56,2.59,2.98,2.84,2.71,10,9,-1,32,22,0,99.41,5,"6ABL6011,6ABL6022,6ABL6032,6ABL0121,6ABL0122",12.38,0,10.20,10.88,0,39,16,44,19,0,"hot_area=M16B; S3확정; 발동: M16HUB[R-D(FAB저장=0.0%,STB=99.4%)]; M14[R-A_sus]; M16A[R-A_sus,R-B_fast(+51/10분)]; M16B[R-A_sus,R-B_fast(+16/10분),SLA(10.9%4분초과)]; M16_PKT[R-A_sus]",0,0,0,0,0,7,0,0,0,0,5,0,0,0,0,0,0,0,0,0,0,0,0,0,0,0,0,0,5,0,5,0,0,0,0,0,0,5,0,5,0,0,5,0,0,42,0,5,0,0,0,0,0,0,0,-11,-6,4,51,16,7,0.67,84.35,81.14,88.71,81.56,0,118,71,89,0,0,7,5,0,10,15
M16A_HUBROOM_PR.csv,2026-06-09 04:59,2026-06-09,04:59,3,3단계 ⭐확정,3,,28,정상,M16A,10,,"M16HUB(03:59,RA+RA_sus+RD) → M16B(03:59,RA_sus+RB+RB_fast)",,,8,5,0,10,5,0,0,0,RC,RA_sus,,RA_sus+RB_fast,RA_sus,5.33,2.66,2.94,2.98,2.87,15,16,-4,40,20,0,98.82,3,"6ABL6011,6ABL6022,6ABL6032",13.48,0,10.29,11.48,0,37,15,41,18,0,"hot_area=M16A; S3확정; 발동: M16HUB[R-C'(역증가3개:6ABL6011,6ABL6022,6ABL6032)]; M14[R-A_sus]; M16A[R-A_sus,R-B_fast(+51/10분)]; M16B[R-A_sus]",0,0,0,0,8,0,0,0,0,0,5,0,0,0,0,0,0,0,0,0,0,0,0,0,0,0,0,0,5,0,5,0,0,0,0,0,0,5,0,0,0,0,0,0,0,28,0,0,0,0,0,0,0,0,0,-3,-3,5,51,7,-4,0.64,84.74,79.02,90.00,81.42,0,132,64,86,0,0,8,5,0,10,5
M16A_HUBROOM_PR.csv,2026-06-09 05:00,2026-06-09,05:00,3,3단계 ⭐확정,3,,37,관심,M16A,10,,"M16HUB(04:00,RA+RA_sus+RD) → M16B(04:00,RA_sus+RB+RB_fast)",,,7,5,0,10,5,5,5,0,RD,RA_sus,,RA_sus+RB_fast,RA_sus,4.88,2.77,2.87,2.62,2.49,32,25,-2,49,17,0,99.41,6,"6ABL6011,6ABL6012,6ABL6022,6ABL6032,6ABL0111,6ABL0121",13.65,0,10.33,11.06,0,44,20,40,18,0,"hot_area=M16A; S3확정; 발동: M16HUB[R-D(FAB저장=0.0%,STB=99.4%)]; M14[R-A_sus]; M16A[R-A_sus,R-B_fast(+50/10분)]; M16B[R-A_sus]; M16[R-B_fast(+18/10분)]; M16_PKT[R-A_sus]",0,0,0,0,0,7,0,0,0,0,5,0,0,0,0,0,0,0,0,0,0,0,0,0,0,0,0,0,5,0,5,0,0,0,0,0,0,5,0,0,0,0,0,0,0,37,0,0,0,0,0,0,0,0,0,13,3,7,50,-2,5,0.61,83.67,79.95,88.35,82.01,0,120,73,94,0,0,7,5,0,10,5
M16A_HUBROOM_PR.csv,2026-06-09 05:01,2026-06-09,05:01,3,3단계 ⭐확정,3,,32,관심,M16A,10,,"M16HUB(04:01,RA+RA_sus) → M16B(04:37,RA_sus+RB+RB_fast)",,,7,5,0,10,5,0,5,0,RD,RA_sus,,RA_sus+RB_fast,RA_sus,5.34,2.89,2.97,2.67,2.73,23,33,-11,56,5,0,99.41,5,"6ABL6011,6ABL6032,6ABL0111,6ABL0112,6ABL0121",13.46,0,10.23,11.20,0,43,17,48,20,0,"hot_area=M16A; S3확정; 발동: M16HUB[R-D(FAB저장=0.0%,STB=99.4%)]; M14[R-A_sus]; M16A[R-A_sus,R-B_fast(+50/10분)]; M16B[R-A_sus]; M16_PKT[R-A_sus]",0,0,0,0,0,7,0,0,0,0,5,0,0,0,0,0,0,0,0,0,0,0,0,0,0,0,0,0,5,0,5,0,0,0,0,0,0,5,0,0,0,0,0,0,0,32,0,0,0,0,0,0,0,0,0,21,13,1,50,-17,8,0.56,85.52,79.55,89.53,81.27,0,123,66,84,0,0,7,5,0,10,5
M16A_HUBROOM_PR.csv,2026-06-09 05:02,2026-06-09,05:02,3,3단계 ⭐확정,3,,37,관심,M16A,10,,"M16HUB(04:02,RA+RA_sus) → M16B(04:37,RA_sus+RB+RB_fast)",,,7,5,0,10,5,5,5,0,RD,RA_sus,,RA_sus+RB_fast,RA_sus,6.50,2.59,2.80,2.78,2.49,25,34,-14,48,10,0,99.41,5,"6ABL6011,6ABL6032,6ABL0111,6ABL0112,6ABL0121",13.82,0,10.39,7.82,0,38,17,37,16,0,"hot_area=M16A; S3확정; 발동: M16HUB[R-D(FAB저장=0.0%,STB=99.4%)]; M14[R-A_sus]; M16A[R-A_sus,R-B_fast(+51/10분)]; M16B[R-A_sus]; M16[R-B_fast(+10/10분)]; M16_PKT[R-A_sus]",0,0,0,0,0,7,0,0,0,0,5,0,0,0,0,0,0,0,0,0,0,0,0,0,0,0,0,0,5,0,5,0,0,0,0,0,0,5,0,0,0,0,0,0,0,37,0,0,0,0,0,0,0,0,0,28,21,-5,51,-15,11,0.54,87.56,78.35,89.06,82.74,0,130,59,51,0,0,7,5,0,10,5
M16A_HUBROOM_PR.csv,2026-06-09 05:03,2026-06-09,05:03,3,3단계 ⭐확정,3,,35,관심,M16A,10,,"M16HUB(04:03,RA+RA_sus) → M16B(04:37,RA_sus+RB+RB_fast)",,,0,5,0,10,10,0,5,0,,RA_sus,,RA_sus+RB_fast,RA_sus+SLA,5.07,2.80,2.84,2.65,2.77,2,20,-12,55,7,0.59,98.82,6,"6ABL6011,6ABL6021,6ABL6032,6ABL0111,6ABL0112,6ABL0121",13.79,0,10.76,10.91,0,41,14,42,21,0,"hot_area=M16A; S3확정; 발동: M14[R-A_sus]; M16A[R-A_sus,R-B_fast(+56/10분)]; M16B[R-A_sus,SLA(10.9%4분초과)]; M16_PKT[R-A_sus]",0,0,0,0,0,0,0,0,0,0,5,0,0,0,0,0,0,0,0,0,0,0,0,0,0,0,0,0,5,0,5,0,0,0,0,0,0,5,0,0,0,0,5,0,0,30,0,5,0,0,0,0,0,0,0,10,10,-5,56,-11,25,0.53,85.52,78.22,87.65,88.79,0,135,71,84,0,0,0,5,0,10,10
M16A_HUBROOM_PR.csv,2026-06-09 05:04,2026-06-09,05:04,3,3단계 ⭐확정,3,,32,관심,M16A,10,,"M16HUB(04:05,RA+RA_sus+RB_fast) → M16B(04:37,RA_sus+RB+RB_fast)",,,7,5,0,10,5,0,5,0,RD,RA_sus,,RA_sus+RB_fast,RA_sus,6.35,2.59,2.85,2.62,2.69,-22,-2,-12,56,-12,0,99.41,7,"6ABL6011,6ABL6021,6ABL6022,6ABL6032,6ABL0111,6ABL0112,6ABL0121",13.82,0,11.32,8.22,0,41,17,41,22,0,"hot_area=M16A; S3확정; 발동: M16HUB[R-D(FAB저장=0.0%,STB=99.4%)]; M14[R-A_sus]; M16A[R-A_sus,R-B_fast(+72/10분)]; M16B[R-A_sus]; M16_PKT[R-A_sus]",0,0,0,0,0,7,0,0,0,0,5,0,0,0,0,0,0,0,0,0,0,0,0,0,0,0,0,0,5,0,5,0,0,0,0,0,0,5,0,0,0,0,0,0,0,32,0,0,0,0,0,0,0,0,0,11,11,-4,72,-3,22,0.53,86.30,78.22,86.00,84.96,0,123,66,56,0,0,7,5,0,10,5
M16A_HUBROOM_PR.csv,2026-06-09 05:05,2026-06-09,05:05,3,3단계 ⭐확정,3,,62,관심,M14,15,M14;M16B,"M16HUB(04:05,RA+RA_sus+RB_fast) → M16B(04:37,RA_sus+RB+RB_fast) → M14(05:05,RA_sus+RB_fast+SLA)",,,7,15,0,10,15,0,5,0,RD,RA_sus+RB_fast+SLA,,RA_sus+RB_fast,RA_sus+RB_fast+SLA,3.93,2.69,2.82,2.44,2.74,-6,16,-9,34,-5,0,99.41,6,"6ABL6011,6ABL6012,6ABL6032,6ABL0112,6ABL0121,6ABL0122",15.60,0,12.41,11.84,0,41,16,39,19,0,"hot_area=M14; S3확정; 발동: M16HUB[R-D(FAB저장=0.0%,STB=99.4%)]; M14[R-A_sus,R-B_fast(+28/10분),SLA(15.6%4분초과)]; M16A[R-A_sus,R-B_fast(+54/10분)]; M16B[R-A_sus,R-B_fast(+15/10분),SLA(11.8%4분초과)]; M16_PKT[R-A_sus]",0,0,0,0,0,7,0,0,0,0,5,0,5,0,0,5,0,0,0,0,0,0,0,0,0,0,0,0,5,0,5,0,0,0,0,0,0,5,0,5,0,0,5,0,0,52,0,10,0,0,0,0,0,0,0,19,28,-4,54,15,26,0.53,84.65,77.29,84.94,83.63,0,156,87,98,0,0,7,15,0,10,15
M16A_HUBROOM_PR.csv,2026-06-09 05:06,2026-06-09,05:06,3,3단계 ⭐확정,3,,57,관심,M16HUB,17,M16HUB;M14,"M16HUB(04:07,RA+RA_sus+RD) → M16B(04:37,RA_sus+RB+RB_fast) → M14(05:05,RA_sus+RB_fast+SLA)",,,17,15,0,10,5,0,5,0,RA_sus+RB_fast+RD,RA_sus+RB_fast+SLA,,RA_sus+RB_fast,RA_sus,7.26,2.89,3.13,2.73,3.32,-6,10,-11,31,-11,0.59,99.41,8,"6ABL6011,6ABL6012,6ABL6021,6ABL6032,6ABL0111,6ABL0112,6ABL0121,6ABL0122",16.03,0,12.18,12.00,0,39,16,43,19,0,"hot_area=M16HUB; S3확정; 발동: M16HUB[R-A_sus,R-B_fast(+30/10분),R-D(FAB저장=0.6%,STB=99.4%)]; M14[R-A_sus,R-B_fast(+34/10분),SLA(16.0%4분초과)]; M16A[R-A_sus,R-B_fast(+55/10분)]; M16B[R-A_sus]; M16_PKT[R-A_sus]",0,5,0,5,0,7,0,0,0,0,5,0,5,0,0,5,0,0,0,0,0,0,0,0,0,0,0,0,5,0,5,0,0,0,0,0,0,5,0,0,0,0,0,0,0,52,0,5,0,0,0,0,0,0,0,30,34,-5,55,-6,17,0.50,84.65,75.56,84.47,84.37,0,142,77,90,0,0,17,15,0,10,5
M16A_HUBROOM_PR.csv,2026-06-09 05:07,2026-06-09,05:07,3,3단계 ⭐확정,3,,40,관심,M14,15,M14,"M16HUB(04:07,RA+RA_sus+RD) → M16B(04:37,RA_sus+RB+RB_fast) → M14(05:05,RA_sus+RB_fast+SLA)",,,0,15,0,10,5,0,5,0,,RA_sus+RB_fast+SLA,,RA_sus+RB_fast,RA_sus,5.54,2.69,2.84,3.01,2.42,16,28,-5,46,-12,0.59,98.82,8,"6ABL6011,6ABL6012,6ABL6021,6ABL6032,6ABL0111,6ABL0112,6ABL0121,6ABL0122",17.61,0,11.47,11.50,0,37,14,44,18,0,"hot_area=M14; S3확정; 발동: M14[R-A_sus,R-B_fast(+30/10분),SLA(17.6%4분초과)]; M16A[R-A_sus,R-B_fast(+51/10분)]; M16B[R-A_sus]; M16_PKT[R-A_sus]",0,0,0,0,0,0,0,0,0,0,5,0,5,0,0,5,0,0,0,0,0,0,0,0,0,0,0,0,5,0,5,0,0,0,0,0,0,5,0,0,0,0,0,0,0,35,0,5,0,0,0,0,0,0,0,10,30,-1,51,-8,22,0.51,86.20,77.16,86.24,85.69,0,162,81,99,0,0,0,15,0,10,5
M16A_HUBROOM_PR.csv,2026-06-09 05:08,2026-06-09,05:08,3,3단계 ⭐확정,3,,42,관심,M14,10,,"M16HUB(04:08,RA_sus+RC+RD) → M16B(04:37,RA_sus+RB+RB_fast) → M14(05:05,RA_sus+RB_fast+SLA)",,,7,10,0,10,5,0,5,0,RD,RA_sus+SLA,,RA_sus+RB_fast,RA_sus,4.19,2.97,2.93,2.70,2.88,26,28,-6,35,-8,0,99.41,7,"6ABL6011,6ABL6021,6ABL6032,6ABL0111,6ABL0112,6ABL0121,6ABL0122",17.86,0,11.85,11.81,0,35,13,33,16,0,"hot_area=M14; S3확정; 발동: M16HUB[R-D(FAB저장=0.0%,STB=99.4%)]; M14[R-A_sus,SLA(17.9%4분초과)]; M16A[R-A_sus,R-B_fast(+35/10분)]; M16B[R-A_sus]; M16_PKT[R-A_sus]",0,0,0,0,0,7,0,0,0,0,5,0,0,0,0,5,0,0,0,0,0,0,0,0,0,0,0,0,5,0,5,0,0,0,0,0,0,5,0,0,0,0,0,0,0,37,0,5,0,0,0,0,0,0,0,8,20,-5,35,-17,24,0.52,85.62,77.82,84.12,86.87,0,169,75,92,0,0,7,10,0,10,5
M16A_HUBROOM_PR.csv,2026-06-09 05:09,2026-06-09,05:09,3,3단계 ⭐확정,3,,57,관심,M14,10,,"M16HUB(04:09,RA_sus+RC+RD) → M16B(04:37,RA_sus+RB+RB_fast) → M14(05:05,RA_sus+RB_fast+SLA)",M16A_2F_TO_HUB=2.1x(위험),,7,10,0,10,5,0,5,0,RD,RA_sus+SLA,,RA_sus+RB_fast,RA_sus,8.89,2.81,2.69,2.70,2.45,22,41,-5,53,-6,0,99.41,4,"6ABL6011,6ABL6031,6ABL0111,6ABL0122",17.98,0,11.91,7.80,0,37,14,32,14,0,"hot_area=M14; S3확정; 발동: M16HUB[R-D(FAB저장=0.0%,STB=99.4%)]; M14[R-A_sus,SLA(18.0%4분초과)]; M16A[R-A_sus,R-B_fast(+25/10분)]; M16B[R-A_sus]; M16_PKT[R-A_sus]; 흐름:M16A_2F_TO_HUB=2.1x(위험)",0,0,0,0,0,7,0,0,0,0,5,0,0,0,0,5,0,0,0,0,0,0,0,0,0,0,0,0,5,0,5,0,0,0,0,0,0,5,0,0,0,0,0,0,0,37,15,5,0,0,0,0,0,0,0,3,18,-2,25,-26,21,0.52,85.71,78.35,83.76,83.48,0,174,68,54,0,0,7,10,0,10,5
M16A_HUBROOM_PR.csv,2026-06-09 05:10,2026-06-09,05:10,1,1단계 조기경보,3,3→1,47,관심,M14,10,,"M16HUB(04:10,RA_sus+RC+RD) → M16B(04:37,RA_sus+RB+RB_fast) → M14(05:05,RA_sus+RB_fast+SLA)",M16A_2F_TO_HUB=1.6x(주의),,7,10,0,5,5,0,5,5,RD,RA_sus+SLA,,RA_sus,RA_sus,5.83,2.91,2.62,2.67,2.79,11,46,-12,57,4,0.59,99.41,5,"6ABL6011,6ABL6012,6ABL6021,6ABL0112,6ABL0122",19.01,0,12.78,12.15,0,39,15,39,14,0,"hot_area=M14; S1조기경보; 발동: M16HUB[R-D(FAB저장=0.6%,STB=99.4%)]; M14[R-A_sus,SLA(19.0%4분초과)]; M16A[R-A_sus]; M16B[R-A_sus]; M16_PKT[R-A_sus]; M16_WT[R-A_sus]; 흐름:M16A_2F_TO_HUB=1.6x(주의)",0,0,0,0,0,7,0,0,0,0,5,0,0,0,0,5,0,0,0,0,0,0,0,0,0,0,0,0,5,0,0,0,0,0,0,0,0,5,0,0,0,0,0,0,0,37,5,5,0,0,0,0,0,0,0,-11,12,-4,14,-20,5,0.53,83.77,82.60,84.12,78.02,0,188,91,105,0,0,7,10,0,5,5
M16A_HUBROOM_PR.csv,2026-06-09 05:11,2026-06-09,05:11,3,3단계 ⭐확정,1,1→3,62,관심,M16A,15,M16A,"M16HUB(04:11,RA_sus+RC+RD) → M16B(04:37,RA_sus+RB+RB_fast) → M14(05:05,RA_sus+RB_fast+SLA) → M16A(05:11,RA_sus+RB)",M16A_2F_TO_HUB=1.6x(주의),,7,10,0,15,5,10,0,5,RD,RA_sus+SLA,,RA_sus+RB,RA_sus,4.27,2.92,3.13,2.96,2.92,0,38,-25,82,20,0.59,99.41,6,"6ABL6012,6ABL6021,6ABL6022,6ABL0111,6ABL0112,6ABL0122",19.08,0,12.94,12.68,0,36,14,35,16,0,"hot_area=M16A; S3확정; 발동: M16HUB[R-D(FAB저장=0.6%,STB=99.4%)]; M14[R-A_sus,SLA(19.1%4분초과)]; M16A[R-A_sus,R-B(6F_TO_HUB_JOB+82/30분/기준+80)]; M16B[R-A_sus]; M16[R-B(SENDQUEUETOTAL+31/30분/기준+20)]; M16_WT[R-A_sus]; 흐름:M16A_2F_TO_HUB=1.6x(주의)",0,0,0,0,0,7,0,0,0,0,5,0,0,0,0,5,0,0,0,0,0,0,0,0,0,0,0,0,5,10,0,0,0,0,0,0,0,5,0,0,0,0,0,0,0,52,5,5,0,0,0,0,0,0,0,-16,3,-2,22,-5,19,0.55,80.86,80.88,87.41,75.81,0,171,80,97,0,0,7,10,0,15,5
M16A_HUBROOM_PR.csv,2026-06-09 05:12,2026-06-09,05:12,3,3단계 ⭐확정,3,,67,경계,M16A,20,M16HUB;M16A,"M16HUB(04:13,RA_sus+RC+RD) → M16B(04:37,RA_sus+RB+RB_fast) → M14(05:05,RA_sus+RB_fast+SLA) → M16A(05:11,RA_sus+RB)",M16A_2F_TO_HUB=1.5x(주의),,17,10,0,20,5,0,0,5,RA+RD,RA_sus+SLA,,RA_sus+RB+RB_fast,RA_sus,9.86,2.83,2.85,2.55,2.31,-8,38,-19,111,24,0.59,99.41,5,"6ABL6011,6ABL6021,6ABL6022,6ABL0111,6ABL0122",19.74,0,12.43,7.00,0,30,12,37,16,0,"hot_area=M16A; S3확정; 발동: M16HUB[R-A'(AVGTOTALTIME1MIN=9.86분/기준9.0),R-D(FAB저장=0.6%,STB=99.4%)]; M14[R-A_sus,SLA(19.7%4분초과)]; M16A[R-A_sus,R-B(6F_TO_HUB_JOB+111/30분/기준+80),R-B_fast(+40/10분)]; M16B[R-A_sus]; M16_WT[R-A_sus]; 흐름:M16A_2F_TO_HUB=1.5x(주의)",10,0,0,0,0,7,0,0,0,0,5,0,0,0,0,5,0,0,0,0,0,0,0,0,0,0,0,0,5,10,5,0,0,0,0,0,0,5,0,0,0,0,0,0,0,57,5,5,0,0,1,0,0,0,0,-21,-6,-5,40,4,8,0.57,78.91,80.88,90.82,78.17,0,184,69,48,0,0,17,10,0,20,5
M16A_HUBROOM_PR.csv,2026-06-09 05:13,2026-06-09,05:13,3,3단계 ⭐확정,3,,102,주의,M16A,25,M16HUB;M16A,"M16HUB(04:13,RA_sus+RC+RD) → M16B(04:37,RA_sus+RB+RB_fast) → M14(05:05,RA_sus+RB_fast+SLA) → M16A(05:11,RA_sus+RB)",M16A_2F_TO_HUB=2.6x(위험),,22,10,0,25,5,10,0,5,RA+RA_sus+RD,RA_sus+SLA,,RA_sus+RB+RB_fast+SLA,RA_sus,6.29,2.94,2.86,2.55,2.57,-16,25,-26,92,15,0,100.00,5,"6ABL6011,6ABL6012,6ABL6021,6ABL0111,6ABL0122",20.08,0,13.63,10.15,0,37,16,33,13,0,"hot_area=M16A; S3확정; 발동: M16HUB[R-A'(AVGTOTALTIME1MIN=6.29분/기준9.0),R-A_sus,R-D(FAB저장=0.0%,STB=100.0%)]; M14[R-A_sus,SLA(20.1%4분초과)]; M16A[R-A_sus,R-B(6F_TO_HUB_JOB+92/30분/기준+80),R-B_fast(+27/10분),SLA(13.6%4분초과)]; M16B[R-A_sus]; M16[R-B(SENDQUEUETOTAL+32/30분/기준+20)]; M16_WT[R-A_sus]; 흐름:M16A_2F_TO_HUB=2.6x(위험)",10,5,0,0,0,7,0,0,0,0,5,0,0,0,0,5,0,0,0,0,0,0,0,0,0,0,0,0,5,10,5,0,0,5,0,0,0,5,0,0,0,0,0,0,0,77,15,10,0,0,1,0,0,0,0,-22,-1,-13,27,-1,9,0.55,80.17,81.41,90.35,84.07,0,191,89,82,0,0,22,10,0,25,5
M16A_HUBROOM_PR.csv,2026-06-09 05:14,2026-06-09,05:14,3,3단계 ⭐확정,3,,87,주의,M16HUB,22,M16HUB;M16A,"M16HUB(04:14,RA_sus+RC+RD) → M16B(04:37,RA_sus+RB+RB_fast) → M14(05:05,RA_sus+RB_fast+SLA) → M16A(05:11,RA_sus+RB)",M16A_2F_TO_HUB=2.6x(위험),,22,10,0,20,5,0,0,5,RA+RA_sus+RD,RA_sus+SLA,,RA_sus+RB+SLA,RA_sus,6.95,2.74,2.85,2.63,2.33,-5,47,-24,96,9,0,100.00,7,"6ABL6012,6ABL6021,6ABL6022,6ABL6031,6ABL6032,6ABL0111,6ABL0122",19.64,0,13.07,7.46,0,33,13,33,15,0,"hot_area=M16HUB; S3확정; 발동: M16HUB[R-A'(AVGTOTALTIME1MIN=6.95분/기준9.0),R-A_sus,R-D(FAB저장=0.0%,STB=100.0%)]; M14[R-A_sus,SLA(19.6%4분초과)]; M16A[R-A_sus,R-B(6F_TO_HUB_JOB+96/30분/기준+80),SLA(13.1%4분초과)]; M16B[R-A_sus]; M16_WT[R-A_sus]; 흐름:M16A_2F_TO_HUB=2.6x(위험)",10,5,0,0,0,7,0,0,0,0,5,0,0,0,0,5,0,0,0,0,0,0,0,0,0,0,0,0,5,10,0,0,0,5,0,0,0,5,0,0,0,0,0,0,0,62,15,10,0,0,1,0,0,0,0,-10,21,-16,13,-1,17,0.60,83.09,83.27,88.35,83.78,0,165,75,54,0,0,22,10,0,20,5
M16A_HUBROOM_PR.csv,2026-06-09 05:15,2026-06-09,05:15,3,3단계 ⭐확정,3,,97,주의,M16HUB,22,M16HUB;M16A,"M16HUB(04:15,RA_sus+RC+RD) → M16B(04:37,RA_sus+RB+RB_fast) → M14(05:05,RA_sus+RB_fast+SLA) → M16A(05:11,RA_sus+RB)",M16A_2F_TO_HUB=2.5x(위험),,22,10,0,20,5,10,0,5,RA+RA_sus+RD,RA_sus+SLA,,RA_sus+RB+SLA,RA_sus,7.11,2.66,3.15,2.67,2.64,-10,39,-25,83,-5,0,100.00,8,"6ABL6011,6ABL6012,6ABL6021,6ABL6022,6ABL6031,6ABL6032,6ABL0111,6ABL0122",19.37,0,13.56,10.74,0,31,12,31,16,0,"hot_area=M16HUB; S3확정; 발동: M16HUB[R-A'(AVGTOTALTIME1MIN=7.11분/기준9.0),R-A_sus,R-D(FAB저장=0.0%,STB=100.0%)]; M14[R-A_sus,SLA(19.4%4분초과)]; M16A[R-A_sus,R-B(6F_TO_HUB_JOB+83/30분/기준+80),SLA(13.6%4분초과)]; M16B[R-A_sus]; M16[R-B(SENDQUEUETOTAL+33/30분/기준+20)]; M16_WT[R-A_sus]; 흐름:M16A_2F_TO_HUB=2.5x(위험)",10,5,0,0,0,7,0,0,0,0,5,0,0,0,0,5,0,0,0,0,0,0,0,0,0,0,0,0,5,10,0,0,0,5,0,0,0,5,0,0,0,0,0,0,0,72,15,10,0,0,1,0,0,0,0,-11,4,-11,2,-11,27,0.61,83.97,84.33,85.41,81.42,0,191,96,91,0,0,22,10,0,20,5
M16A_HUBROOM_PR.csv,2026-06-09 05:16,2026-06-09,05:16,3,3단계 ⭐확정,3,,77,경계,M16HUB,22,M16HUB;M16A,"M16HUB(04:16,RB_fast+RC+RD) → M16B(04:37,RA_sus+RB+RB_fast) → M14(05:05,RA_sus+RB_fast+SLA) → M16A(05:11,RA_sus+RB)",M16A_2F_TO_HUB=1.8x(주의),,22,10,0,20,5,0,0,5,RA+RA_sus+RD,RA_sus+SLA,,RA_sus+RB+SLA,RA_sus,6.89,2.56,3.17,2.96,2.80,-21,31,-13,89,-5,0,100.00,8,"6ABL6011,6ABL6012,6ABL6021,6ABL6022,6ABL6031,6ABL6032,6ABL0111,6ABL0122",18.89,0,13.79,11.07,0,32,12,32,16,0,"hot_area=M16HUB; S3확정; 발동: M16HUB[R-A'(AVGTOTALTIME1MIN=6.89분/기준9.0),R-A_sus,R-D(FAB저장=0.0%,STB=100.0%)]; M14[R-A_sus,SLA(18.9%4분초과)]; M16A[R-A_sus,R-B(6F_TO_HUB_JOB+89/30분/기준+80),SLA(13.8%4분초과)]; M16B[R-A_sus]; M16_WT[R-A_sus]; 흐름:M16A_2F_TO_HUB=1.8x(주의)",10,5,0,0,0,7,0,0,0,0,5,0,0,0,0,5,0,0,0,0,0,0,0,0,0,0,0,0,5,10,0,0,0,5,0,0,0,5,0,0,0,0,0,0,0,62,5,10,0,0,1,0,0,0,0,-19,-2,-6,11,-8,15,0.63,80.86,83.53,86.47,71.39,0,166,88,84,0,0,22,10,0,20,5
M16A_HUBROOM_PR.csv,2026-06-09 05:17,2026-06-09,05:17,3,3단계 ⭐확정,3,,62,관심,M16HUB,22,M16HUB;M16A,"M16HUB(04:17,RB_fast+RC+RD) → M16B(04:37,RA_sus+RB+RB_fast) → M14(05:05,RA_sus+RB_fast+SLA) → M16A(05:11,RA_sus+RB)",,,22,5,0,20,5,0,0,5,RA+RA_sus+RD,RA_sus,,RA_sus+RB+SLA,RA_sus,4.28,2.98,2.98,2.96,2.54,-34,-5,-13,89,-14,0,100.00,8,"6ABL6011,6ABL6012,6ABL6021,6ABL6022,6ABL6031,6ABL6032,6ABL0111,6ABL0122",19.37,0,13.83,8.79,0,32,14,38,14,0,"hot_area=M16HUB; S3확정; 발동: M16HUB[R-A'(AVGTOTALTIME1MIN=4.28분/기준9.0),R-A_sus,R-D(FAB저장=0.0%,STB=100.0%)]; M14[R-A_sus]; M16A[R-A_sus,R-B(6F_TO_HUB_JOB+89/30분/기준+80),SLA(13.8%4분초과)]; M16B[R-A_sus]; M16_WT[R-A_sus]",10,5,0,0,0,7,0,0,0,0,5,0,0,0,0,0,0,0,0,0,0,0,0,0,0,0,0,0,5,10,0,0,0,5,0,0,0,5,0,0,0,0,0,0,0,57,0,5,0,0,1,0,0,0,0,-41,-30,-10,5,-15,29,0.66,78.81,82.34,87.76,72.71,0,179,95,74,0,0,22,5,0,20,5
M16A_HUBROOM_PR.csv,2026-06-09 05:18,2026-06-09,05:18,3,3단계 ⭐확정,3,,62,관심,M16HUB,22,M16HUB;M16A,"M16HUB(04:18,RA+RB_fast+RD) → M16B(04:37,RA_sus+RB+RB_fast) → M14(05:05,RA_sus+RB_fast+SLA) → M16A(05:11,RA_sus+RB)",,,22,5,0,20,5,0,0,5,RA+RA_sus+RD,RA_sus,,RA_sus+RB+SLA,RA_sus,10.10,2.93,3.01,2.69,2.87,-57,-21,-9,89,-11,0,100.00,5,"6ABL6012,6ABL6021,6ABL6032,6ABL0111,6ABL0122",18.85,0,13.60,9.23,0,30,13,35,16,0,"hot_area=M16HUB; S3확정; 발동: M16HUB[R-A'(AVGTOTALTIME1MIN=10.10분/기준9.0),R-A_sus,R-D(FAB저장=0.0%,STB=100.0%)]; M14[R-A_sus]; M16A[R-A_sus,R-B(6F_TO_HUB_JOB+89/30분/기준+80),SLA(13.6%4분초과)]; M16B[R-A_sus]; M16_WT[R-A_sus]",10,5,0,0,0,7,0,0,0,0,5,0,0,0,0,0,0,0,0,0,0,0,0,0,0,0,0,0,5,10,0,0,0,5,0,0,0,5,0,0,0,0,0,0,0,57,0,5,0,0,2,0,0,0,0,-54,-35,-8,3,-10,12,0.68,77.16,83.13,88.59,76.11,0,180,82,70,0,0,22,5,0,20,5
M16A_HUBROOM_PR.csv,2026-06-09 05:19,2026-06-09,05:19,1,1단계 조기경보,3,3→1,35,관심,M16HUB,15,M16HUB,"M16HUB(04:19,RA+RB_fast+RC+RD) → M16B(04:37,RA_sus+RB+RB_fast) → M14(05:05,RA_sus+RB_fast+SLA) → M16A(05:11,RA_sus+RB)",,,15,5,0,5,5,0,0,5,RA+RA_sus,RA_sus,,RA_sus,RA_sus,5.96,2.67,3.09,2.74,2.31,-49,-33,-3,44,-22,0,98.22,5,"6ABL6012,6ABL6031,6ABL6032,6ABL0111,6ABL0122",17.63,0,12.97,7.63,0,36,15,33,15,0,"hot_area=M16HUB; S1조기경보; 발동: M16HUB[R-A'(AVGTOTALTIME1MIN=5.96분/기준9.0),R-A_sus]; M14[R-A_sus]; M16A[R-A_sus]; M16B[R-A_sus]; M16_WT[R-A_sus]",10,5,0,0,0,0,0,0,0,0,5,0,0,0,0,0,0,0,0,0,0,0,0,0,0,0,0,0,5,0,0,0,0,0,0,0,0,5,0,0,0,0,0,0,0,35,0,0,0,0,2,0,0,0,0,-49,-48,-6,-32,-3,13,0.70,78.04,78.22,85.65,78.17,0,174,87,61,0,0,15,5,0,5,5
M16A_HUBROOM_PR.csv,2026-06-09 05:20,2026-06-09,05:20,1,1단계 조기경보,1,,40,관심,M16HUB,15,M16HUB,"M16HUB(04:20,RA+RB_fast+RC+RD) → M16B(04:37,RA_sus+RB+RB_fast) → M14(05:05,RA_sus+RB_fast+SLA) → M16A(05:11,RA_sus+RB)",,,15,5,0,10,5,0,0,0,RA+RA_sus,RA_sus,,RA_sus+SLA,RA_sus,7.73,2.60,2.80,2.69,2.23,-36,-29,1,30,-30,0.59,97.63,5,"6ABL6012,6ABL6022,6ABL6031,6ABL6032,6ABL0122",17.73,0,13.37,6.11,0,29,12,36,16,0,"hot_area=M16HUB; S1조기경보; 발동: M16HUB[R-A'(AVGTOTALTIME1MIN=7.73분/기준9.0),R-A_sus]; M14[R-A_sus]; M16A[R-A_sus,SLA(13.4%4분초과)]; M16B[R-A_sus]",10,5,0,0,0,0,0,0,0,0,5,0,0,0,0,0,0,0,0,0,0,0,0,0,0,0,0,0,5,0,0,0,0,5,0,0,0,5,0,0,0,0,0,0,0,35,0,5,0,0,2,0,0,0,0,-38,-44,-2,-34,-8,18,0.67,77.36,80.08,88.82,76.25,0,156,81,44,0,0,15,5,0,10,5
M16A_HUBROOM_PR.csv,2026-06-09 05:21,2026-06-09,05:21,1,1단계 조기경보,1,,40,관심,M16HUB,10,,"M16HUB(04:21,RA+RB_fast+RC+RD) → M16B(04:37,RA_sus+RB+RB_fast) → M14(05:05,RA_sus+RB_fast+SLA) → M16A(05:11,RA_sus+RB)",,,10,5,0,10,5,0,0,5,RA,RA_sus,,RA_sus+SLA,RA_sus,4.35,2.49,3.11,2.77,2.73,-12,-22,6,5,-44,0.59,97.63,4,"6ABL6012,6ABL6022,6ABL6032,6ABL0122",16.87,0,13.64,9.41,0,33,13,35,14,0,"hot_area=M16HUB; S1조기경보; 발동: M16HUB[R-A'(AVGTOTALTIME1MIN=4.35분/기준9.0)]; M14[R-A_sus]; M16A[R-A_sus,SLA(13.6%4분초과)]; M16B[R-A_sus]; M16_WT[R-A_sus]",10,0,0,0,0,0,0,0,0,0,5,0,0,0,0,0,0,0,0,0,0,0,0,0,0,0,0,0,5,0,0,0,0,5,0,0,0,5,0,0,0,0,0,0,0,35,0,5,0,0,2,0,0,0,0,-17,-38,7,-67,-22,12,0.64,76.38,77.03,89.29,75.37,0,152,96,77,0,0,10,5,0,10,5
M16A_HUBROOM_PR.csv,2026-06-09 05:22,2026-06-09,05:22,1,1단계 조기경보,1,,50,관심,M16HUB,10,,"M16HUB(04:22,RA+RB_fast+RC+RD) → M16B(04:37,RA_sus+RB+RB_fast) → M14(05:05,RA_sus+RB_fast+SLA) → M16A(05:11,RA_sus+RB)",,,10,5,0,10,10,0,0,5,RA,RA_sus,,RA_sus+SLA,RA_sus+SLA,5.32,2.68,2.78,2.63,3.11,15,-16,2,6,-37,1.18,98.22,5,"6ABL6012,6ABL6022,6ABL6031,6ABL6032,6ABL0122",15.52,0,13.54,9.81,0,39,13,35,15,0,"hot_area=M16HUB; S1조기경보; 발동: M16HUB[R-A'(AVGTOTALTIME1MIN=5.32분/기준9.0)]; M14[R-A_sus]; M16A[R-A_sus,SLA(13.5%4분초과)]; M16B[R-A_sus,SLA(9.8%4분초과)]; M16_WT[R-A_sus]",10,0,0,0,0,0,0,0,0,0,5,0,0,0,0,0,0,0,0,0,0,0,0,0,0,0,0,0,5,0,0,0,0,5,0,0,0,5,0,0,0,0,5,0,0,40,0,10,0,0,1,0,0,0,0,8,-31,12,-85,-26,10,0.63,74.64,75.56,86.82,74.19,0,147,86,72,0,0,10,5,0,10,10
M16A_HUBROOM_PR.csv,2026-06-09 05:23,2026-06-09,05:23,1,1단계 조기경보,1,,47,관심,M16HUB,17,M16HUB,"M16HUB(04:23,RA+RB_fast+RC+RD) → M16B(04:37,RA_sus+RB+RB_fast) → M14(05:05,RA_sus+RB_fast+SLA) → M16A(05:11,RA_sus+RB)",,,17,5,0,10,5,0,0,5,RA+RD,RA_sus,,RA_sus+SLA,RA_sus,3.72,2.63,2.83,2.81,2.44,-2,-14,7,-3,-30,0,99.41,5,"6ABL6012,6ABL6031,6ABL6032,6ABL0111,6ABL0122",15.60,0,13.37,9.22,0,35,13,29,15,0,"hot_area=M16HUB; S1조기경보; 발동: M16HUB[R-A'(AVGTOTALTIME1MIN=3.72분/기준9.0),R-D(FAB저장=0.0%,STB=99.4%)]; M14[R-A_sus]; M16A[R-A_sus,SLA(13.4%4분초과)]; M16B[R-A_sus]; M16_WT[R-A_sus]",10,0,0,0,0,7,0,0,0,0,5,0,0,0,0,0,0,0,0,0,0,0,0,0,0,0,0,0,5,0,0,0,0,5,0,0,0,5,0,0,0,0,0,0,0,42,0,5,0,0,1,0,0,0,0,10,-23,25,-86,-18,0,0.59,78.04,79.02,87.41,74.93,0,154,96,76,0,0,17,5,0,10,5
M16A_HUBROOM_PR.csv,2026-06-09 05:24,2026-06-09,05:24,1,1단계 조기경보,1,,37,관심,M16HUB,17,M16HUB,"M16HUB(04:24,RA+RB_fast+RD) → M16B(04:37,RA_sus+RB+RB_fast) → M14(05:05,RA_sus+RB_fast+SLA) → M16A(05:11,RA_sus+RB)",,,17,5,0,5,5,0,0,5,RA+RD,RA_sus,,RA_sus,RA_sus,6.94,2.56,2.75,2.74,2.87,24,8,10,5,-14,0,99.41,6,"6ABL6012,6ABL6021,6ABL6022,6ABL6031,6ABL0111,6ABL0122",15.85,0,12.68,9.38,0,34,11,31,15,0,"hot_area=M16HUB; S1조기경보; 발동: M16HUB[R-A'(AVGTOTALTIME1MIN=6.94분/기준9.0),R-D(FAB저장=0.0%,STB=99.4%)]; M14[R-A_sus]; M16A[R-A_sus]; M16B[R-A_sus]; M16_WT[R-A_sus]",10,0,0,0,0,7,0,0,0,0,5,0,0,0,0,0,0,0,0,0,0,0,0,0,0,0,0,0,5,0,0,0,0,0,0,0,0,5,0,0,0,0,0,0,0,37,0,0,0,0,1,0,0,0,0,23,-24,30,-80,-10,3,0.53,80.27,80.88,89.41,73.01,0,142,81,69,0,0,17,5,0,5,5
M16A_HUBROOM_PR.csv,2026-06-09 05:25,2026-06-09,05:25,2,2단계 주의보,1,1→2,35,관심,M16HUB,15,M16HUB,"M16HUB(04:25,RA+RD) → M16B(04:37,RA_sus+RB+RB_fast) → M14(05:05,RA_sus+RB_fast+SLA) → M16A(05:11,RA_sus+RB)",,,15,5,0,5,5,0,0,5,RA+RB_fast,RA_sus,,RA_sus,RA_sus,4.43,2.54,2.99,2.80,2.24,39,16,9,-13,7,0,98.82,5,"6ABL6012,6ABL6021,6ABL6022,6ABL6032,6ABL0111",14.37,0,11.82,8.76,0,39,15,38,17,0,"hot_area=M16HUB; S2주의보; 발동: M16HUB[R-A'(AVGTOTALTIME1MIN=4.43분/기준9.0),R-B_fast(+31/10분)]; M14[R-A_sus]; M16A[R-A_sus]; M16B[R-A_sus]; M16_WT[R-A_sus]",10,0,0,5,0,0,0,0,0,0,5,0,0,0,0,0,0,0,0,0,0,0,0,0,0,0,0,0,5,0,0,0,0,0,0,0,0,5,0,0,0,0,0,0,0,35,0,0,0,0,1,0,0,0,0,31,-16,24,-69,3,1,0.52,79.88,79.15,91.06,76.84,0,145,82,70,0,0,15,5,0,5,5
M16A_HUBROOM_PR.csv,2026-06-09 05:26,2026-06-09,05:26,2,2단계 주의보,2,,35,관심,M16HUB,10,,"M16HUB(04:26,RA+RD) → M16B(04:37,RA_sus+RB+RB_fast) → M14(05:05,RA_sus+RB_fast+SLA) → M16A(05:11,RA_sus+RB)",,,10,5,0,5,10,0,0,5,RA,RA_sus,,RA_sus,RA_sus+RB_fast,7.01,2.55,3.45,2.92,2.75,40,24,5,-8,-3,0.59,98.82,5,"6ABL6012,6ABL6022,6ABL6032,6ABL0111,6ABL0122",13.22,0,11.99,9.22,0,38,13,36,17,0,"hot_area=M16HUB; S2주의보; 발동: M16HUB[R-A'(AVGTOTALTIME1MIN=7.01분/기준9.0)]; M14[R-A_sus]; M16A[R-A_sus]; M16B[R-A_sus,R-B_fast(+11/10분)]; M16_WT[R-A_sus]",10,0,0,0,0,0,0,0,0,0,5,0,0,0,0,0,0,0,0,0,0,0,0,0,0,0,0,0,5,0,0,0,0,0,0,0,0,5,0,5,0,0,0,0,0,35,0,0,0,0,1,0,0,0,0,29,-8,16,-74,11,16,0.53,82.70,79.68,90.24,77.58,0,119,77,64,0,0,10,5,0,5,10
M16A_HUBROOM_PR.csv,2026-06-09 05:27,2026-06-09,05:27,3,3단계 ⭐확정,2,2→3,82,주의,M16HUB,27,M16HUB,"M16HUB(04:27,RA+RD) → M16B(04:37,RA_sus+RB+RB_fast) → M14(05:05,RA_sus+RB_fast+SLA) → M16A(05:11,RA_sus+RB)",M16B_10F_TO_HUB=2.3x(위험),,27,5,0,10,10,5,0,5,RA+RA_sus+RB_fast+RD,RA_sus,,RA_sus+SLA,RA_sus+RB_fast,9.70,2.64,2.79,2.75,2.41,20,16,7,-11,23,0.59,99.41,4,"6ABL6012,6ABL6022,6ABL6032,6ABL0112",13.29,0,13.02,10.16,0,38,14,34,17,0,"hot_area=M16HUB; S3확정; 발동: M16HUB[R-A'(AVGTOTALTIME1MIN=9.70분/기준9.0),R-A_sus,R-B_fast(+51/10분),R-D(FAB저장=0.6%,STB=99.4%)]; M14[R-A_sus]; M16A[R-A_sus,SLA(13.0%4분초과)]; M16B[R-A_sus,R-B_fast(+46/10분)]; M16[R-B_fast(+36/10분)]; M16_WT[R-A_sus]; 흐름:M16B_10F_TO_HUB=2.3x(위험)",10,5,0,5,0,7,0,0,0,0,5,0,0,0,0,0,0,0,0,0,0,0,0,0,0,0,0,0,5,0,0,0,0,5,0,0,0,5,0,5,0,0,0,0,0,62,15,5,0,0,2,0,0,0,0,51,16,18,-67,46,11,0.50,87.66,82.74,91.29,83.92,0,124,90,77,0,0,27,5,0,10,10
M16A_HUBROOM_PR.csv,2026-06-09 05:28,2026-06-09,05:28,3,3단계 ⭐확정,3,,77,경계,M16HUB,27,M16HUB,"M16HUB(04:28,RA+RD) → M16B(04:37,RA_sus+RB+RB_fast) → M14(05:05,RA_sus+RB_fast+SLA) → M16A(05:11,RA_sus+RB)",M16B_10F_TO_HUB=2.1x(위험),,27,5,0,10,10,0,0,5,RA+RA_sus+RB_fast+RD,RA_sus,,RA_sus+SLA,RA_sus+RB_fast,5.39,2.61,2.86,2.93,2.72,19,8,5,-31,16,0.59,99.41,6,"6ABL6011,6ABL6012,6ABL6021,6ABL6022,6ABL6031,6ABL0112",12.67,0,13.12,10.72,0,39,17,36,17,0,"hot_area=M16HUB; S3확정; 발동: M16HUB[R-A'(AVGTOTALTIME1MIN=5.39분/기준9.0),R-A_sus,R-B_fast(+65/10분),R-D(FAB저장=0.6%,STB=99.4%)]; M14[R-A_sus]; M16A[R-A_sus,SLA(13.1%4분초과)]; M16B[R-A_sus,R-B_fast(+43/10분)]; M16_WT[R-A_sus]; 흐름:M16B_10F_TO_HUB=2.1x(위험)",10,5,0,5,0,7,0,0,0,0,5,0,0,0,0,0,0,0,0,0,0,0,0,0,0,0,0,0,5,0,0,0,0,5,0,0,0,5,0,5,0,0,0,0,0,57,15,5,0,0,1,0,0,0,0,65,23,18,-69,43,11,0.50,84.84,81.27,90.94,82.45,0,120,82,74,0,0,27,5,0,10,10
M16A_HUBROOM_PR.csv,2026-06-09 05:29,2026-06-09,05:29,3,3단계 ⭐확정,3,,80,주의,M16HUB,20,M16HUB,"M16HUB(04:29,RA+RD) → M16B(04:37,RA_sus+RB+RB_fast) → M14(05:05,RA_sus+RB_fast+SLA) → M16A(05:11,RA_sus+RB)",M16B_10F_TO_HUB=2.2x(위험),,20,10,0,10,10,5,0,5,RA+RA_sus+RB_fast,RA_sus+RB_fast,,RA_sus+SLA,RA_sus+RB_fast,8.07,2.60,2.93,2.82,2.62,19,16,1,-41,18,0.59,98.82,7,"6ABL6012,6ABL6021,6ABL6022,6ABL6031,6ABL6032,6ABL0112,6ABL0121",12.84,0,13.68,9.55,0,42,17,32,16,0,"hot_area=M16HUB; S3확정; 발동: M16HUB[R-A'(AVGTOTALTIME1MIN=8.07분/기준9.0),R-A_sus,R-B_fast(+65/10분)]; M14[R-A_sus,R-B_fast(+46/10분)]; M16A[R-A_sus,SLA(13.7%4분초과)]; M16B[R-A_sus,R-B_fast(+47/10분)]; M16[R-B_fast(+29/10분)]; M16_WT[R-A_sus]; 흐름:M16B_10F_TO_HUB=2.2x(위험)",10,5,0,5,0,0,0,0,0,0,5,0,5,0,0,0,0,0,0,0,0,0,0,0,0,0,0,0,5,0,0,0,0,5,0,0,0,5,0,5,0,0,0,0,0,60,15,5,0,0,1,0,0,0,0,65,46,9,-34,47,13,0.51,81.63,79.15,89.41,86.28,0,109,90,72,0,0,20,10,0,10,10
M16A_HUBROOM_PR.csv,2026-06-09 05:30,2026-06-09,05:30,3,3단계 ⭐확정,3,,65,경계,M16HUB,20,M16HUB,"M16HUB(04:30,RA+RC+RD) → M16B(04:37,RA_sus+RB+RB_fast) → M14(05:05,RA_sus+RB_fast+SLA) → M16A(05:11,RA_sus+RB)",M16B_10F_TO_HUB=1.8x(주의),,20,10,0,10,10,0,0,5,RA+RA_sus+RB_fast,RA_sus+RB_fast,,RA_sus+SLA,RA_sus+RB_fast,5.05,2.75,2.84,3.03,2.14,22,20,4,-67,14,0.59,98.82,6,"6ABL6012,6ABL6022,6ABL6031,6ABL6032,6ABL0112,6ABL0121",13.77,0,13.71,6.86,0,36,13,38,19,0,"hot_area=M16HUB; S3확정; 발동: M16HUB[R-A'(AVGTOTALTIME1MIN=5.05분/기준9.0),R-A_sus,R-B_fast(+71/10분)]; M14[R-A_sus,R-B_fast(+52/10분)]; M16A[R-A_sus,SLA(13.7%4분초과)]; M16B[R-A_sus,R-B_fast(+42/10분)]; M16_WT[R-A_sus]; 흐름:M16B_10F_TO_HUB=1.8x(주의)",10,5,0,5,0,0,0,0,0,0,5,0,5,0,0,0,0,0,0,0,0,0,0,0,0,0,0,0,5,0,0,0,0,5,0,0,0,5,0,5,0,0,0,0,0,55,5,5,0,0,1,0,0,0,0,71,52,10,-47,42,8,0.57,80.47,74.63,91.41,83.48,0,133,81,46,0,0,20,10,0,10,10
M16A_HUBROOM_PR.csv,2026-06-09 05:31,2026-06-09,05:31,3,3단계 ⭐확정,3,,80,주의,M16HUB,30,M16HUB,"M16HUB(04:31,RA+RD) → M16B(04:37,RA_sus+RB+RB_fast) → M14(05:05,RA_sus+RB_fast+SLA) → M16A(05:11,RA_sus+RB)",M16B_10F_TO_HUB=1.6x(주의),,30,10,0,10,10,5,0,5,RA+RB_fast+RC+RD,RA_sus+RB_fast,,RA_sus+SLA,RA_sus+RB_fast,4.46,2.84,3.39,2.89,2.68,45,29,18,-57,14,0,99.41,4,"6ABL6012,6ABL6031,6ABL6032,6ABL0121",14.00,0,14.45,10.00,0,35,13,39,23,0,"hot_area=M16HUB; S3확정; 발동: M16HUB[R-A'(AVGTOTALTIME1MIN=4.46분/기준9.0),R-B_fast(+78/10분),R-C'(역증가4개:6ABL6012,6ABL6031,6ABL6032,6ABL0121),R-D(FAB저장=0.0%,STB=99.4%)]; M14[R-A_sus,R-B_fast(+64/10분)]; M16A[R-A_sus,SLA(14.4%4분초과)]; M16B[R-A_sus,R-B_fast(+41/10분)]; M16[R-B_fast(+36/10분)]; M16_WT[R-A_sus]; 흐름:M16B_10F_TO_HUB=1.6x(주의)",10,0,0,5,8,7,0,0,0,0,5,0,5,0,0,0,0,0,0,0,0,0,0,0,0,0,0,0,5,0,0,0,0,5,0,0,0,5,0,5,0,0,0,0,0,70,5,5,0,0,1,0,0,0,0,78,64,13,-12,41,-1,0.55,79.88,79.81,89.18,80.68,0,118,103,78,0,0,30,10,0,10,10
M16A_HUBROOM_PR.csv,2026-06-09 05:32,2026-06-09,05:32,3,3단계 ⭐확정,3,,75,경계,M16HUB,30,M16HUB,"M16HUB(04:32,RA+RC+RD) → M16B(04:37,RA_sus+RB+RB_fast) → M14(05:05,RA_sus+RB_fast+SLA) → M16A(05:11,RA_sus+RB)",M16B_10F_TO_HUB=1.7x(주의),,30,10,0,10,10,0,0,5,RA+RB_fast+RC+RD,RA_sus+RB_fast,,RA_sus+SLA,RA_sus+RB_fast,4.50,2.67,3.11,3.01,2.97,39,27,11,-58,21,0.59,99.41,3,"6ABL6012,6ABL6021,6ABL6032",14.03,0,14.88,10.46,0,38,14,36,18,0,"hot_area=M16HUB; S3확정; 발동: M16HUB[R-A'(AVGTOTALTIME1MIN=4.50분/기준9.0),R-B_fast(+52/10분),R-C'(역증가3개:6ABL6012,6ABL6021,6ABL6032),R-D(FAB저장=0.6%,STB=99.4%)]; M14[R-A_sus,R-B_fast(+64/10분)]; M16A[R-A_sus,SLA(14.9%4분초과)]; M16B[R-A_sus,R-B_fast(+43/10분)]; M16_WT[R-A_sus]; 흐름:M16B_10F_TO_HUB=1.7x(주의)",10,0,0,5,8,7,0,0,0,0,5,0,5,0,0,0,0,0,0,0,0,0,0,0,0,0,0,0,5,0,0,0,0,5,0,0,0,5,0,5,0,0,0,0,0,65,5,5,0,0,1,0,0,0,0,52,64,4,-13,43,-17,0.57,82.51,77.16,90.71,78.32,0,123,93,73,0,0,30,10,0,10,10
M16A_HUBROOM_PR.csv,2026-06-09 05:33,2026-06-09,05:33,3,3단계 ⭐확정,3,,80,주의,M16HUB,30,M16HUB,"M16HUB(04:33,RA+RC+RD) → M16B(04:37,RA_sus+RB+RB_fast) → M14(05:05,RA_sus+RB_fast+SLA) → M16A(05:11,RA_sus+RB)",M14B_LFT_4ABLD_TO_HUB_SUM=1.6x(주의),,30,10,0,10,10,5,0,5,RA+RB_fast+RC+RD,RA_sus+RB_fast,,RA_sus+SLA,RA_sus+RB_fast,4.25,2.75,2.79,2.81,2.46,49,26,6,-46,10,0.59,99.41,4,"6ABL6012,6ABL6021,6ABL6022,6ABL6032",14.08,0,13.79,10.80,0,41,16,36,18,0,"hot_area=M16HUB; S3확정; 발동: M16HUB[R-A'(AVGTOTALTIME1MIN=4.25분/기준9.0),R-B_fast(+61/10분),R-C'(역증가4개:6ABL6012,6ABL6021,6ABL6022,6ABL6032),R-D(FAB저장=0.6%,STB=99.4%)]; M14[R-A_sus,R-B_fast(+50/10분)]; M16A[R-A_sus,SLA(13.8%4분초과)]; M16B[R-A_sus,R-B_fast(+29/10분)]; M16[R-B_fast(+33/10분)]; M16_WT[R-A_sus]; 흐름:M14B_LFT_4ABLD_TO_HUB_SUM=1.6x(주의)",10,0,0,5,8,7,0,0,0,0,5,0,5,0,0,0,0,0,0,0,0,0,0,0,0,0,0,0,5,0,0,0,0,5,0,0,0,5,0,5,0,0,0,0,0,70,5,5,0,0,1,0,0,0,0,61,50,-6,13,29,-15,0.59,80.56,78.09,92.71,84.81,0,125,100,85,0,0,30,10,0,10,10
M16A_HUBROOM_PR.csv,2026-06-09 05:34,2026-06-09,05:34,3,3단계 ⭐확정,3,,75,경계,M16HUB,30,M16HUB;M16A,"M16HUB(04:34,RA+RD) → M16B(04:37,RA_sus+RB+RB_fast) → M14(05:05,RA_sus+RB_fast+SLA) → M16A(05:11,RA_sus+RB)",,,30,10,0,15,10,0,0,5,RA+RB_fast+RC+RD,RA_sus+RB_fast,,RA_sus+RB_fast+SLA,RA_sus+RB_fast,4.96,2.65,2.98,2.61,2.96,44,33,1,-41,4,0.59,99.41,3,"6ABL6012,6ABL6021,6ABL0112",14.25,0,13.57,11.17,0,40,16,31,16,0,"hot_area=M16HUB; S3확정; 발동: M16HUB[R-A'(AVGTOTALTIME1MIN=4.96분/기준9.0),R-B_fast(+31/10분),R-C'(역증가3개:6ABL6012,6ABL6021,6ABL0112),R-D(FAB저장=0.6%,STB=99.4%)]; M14[R-A_sus,R-B_fast(+36/10분)]; M16A[R-A_sus,R-B_fast(+26/10분),SLA(13.6%4분초과)]; M16B[R-A_sus,R-B_fast(+15/10분)]; M16_WT[R-A_sus]",10,0,0,5,8,7,0,0,0,0,5,0,5,0,0,0,0,0,0,0,0,0,0,0,0,0,0,0,5,0,5,0,0,5,0,0,0,5,0,5,0,0,0,0,0,70,0,5,0,0,1,0,0,0,0,31,36,-13,26,15,-12,0.59,80.37,79.02,92.47,82.15,0,112,89,79,0,0,30,10,0,15,10
M16A_HUBROOM_PR.csv,2026-06-09 05:35,2026-06-09,05:35,3,3단계 ⭐확정,3,,62,관심,M16HUB,17,M16HUB;M16A,"M16HUB(04:35,RA+RD) → M16B(04:37,RA_sus+RB+RB_fast) → M14(05:05,RA_sus+RB_fast+SLA) → M16A(05:11,RA_sus+RB)",M14B_LFT_4ABLD_TO_HUB_SUM=1.7x(주의),,17,10,0,15,5,5,0,0,RA+RD,RA_sus+RB_fast,,RA_sus+RB_fast+SLA,RA_sus,4.48,2.58,2.89,2.86,2.53,38,19,-1,-32,-3,0.59,99.41,1,6ABL6011,14.90,0,13.52,9.50,0,36,15,31,16,0,"hot_area=M16HUB; S3확정; 발동: M16HUB[R-A'(AVGTOTALTIME1MIN=4.48분/기준9.0),R-D(FAB저장=0.6%,STB=99.4%)]; M14[R-A_sus,R-B_fast(+31/10분)]; M16A[R-A_sus,R-B_fast(+35/10분),SLA(13.5%4분초과)]; M16B[R-A_sus]; M16[R-B_fast(+28/10분)]; 흐름:M14B_LFT_4ABLD_TO_HUB_SUM=1.7x(주의)",10,0,0,0,0,7,0,0,0,0,5,0,5,0,0,0,0,0,0,0,0,0,0,0,0,0,0,0,5,0,5,0,0,5,0,0,0,5,0,0,0,0,0,0,0,52,5,5,0,0,1,0,0,0,0,18,31,-14,35,5,-36,0.58,77.45,75.30,94.00,81.12,0,141,98,76,0,0,17,10,0,15,5
M16A_HUBROOM_PR.csv,2026-06-09 05:36,2026-06-09,05:36,3,3단계 ⭐확정,3,,60,관심,M16HUB,25,M16HUB;M16A,"M16HUB(04:36,RA+RD) → M16B(04:37,RA_sus+RB+RB_fast) → M14(05:05,RA_sus+RB_fast+SLA) → M16A(05:11,RA_sus+RB)",,,25,10,0,15,5,0,0,0,RA+RC+RD,RA_sus+RB_fast,,RA_sus+RB_fast+SLA,RA_sus,4.99,2.69,3.18,2.90,2.47,24,15,-3,-25,0,0.59,99.41,3,"6ABL6012,6ABL6021,6ABL0112",14.78,0,13.68,9.71,0,38,13,32,15,0,"hot_area=M16HUB; S3확정; 발동: M16HUB[R-A'(AVGTOTALTIME1MIN=4.99분/기준9.0),R-C'(역증가3개:6ABL6012,6ABL6021,6ABL0112),R-D(FAB저장=0.6%,STB=99.4%)]; M14[R-A_sus,R-B_fast(+25/10분)]; M16A[R-A_sus,R-B_fast(+38/10분),SLA(13.7%4분초과)]; M16B[R-A_sus]",10,0,0,0,8,7,0,0,0,0,5,0,5,0,0,0,0,0,0,0,0,0,0,0,0,0,0,0,5,0,5,0,0,5,0,0,0,5,0,0,0,0,0,0,0,55,0,5,0,0,1,0,0,0,0,14,25,-13,38,-3,-27,0.57,77.36,73.71,91.65,75.81,0,128,90,70,0,0,25,10,0,15,5
M16A_HUBROOM_PR.csv,2026-06-09 05:37,2026-06-09,05:37,3,3단계 ⭐확정,3,,38,관심,M14,10,,"M16HUB(04:37,RA+RD) → M16B(04:37,RA_sus+RB+RB_fast) → M14(05:05,RA_sus+RB_fast+SLA) → M16A(05:11,RA_sus+RB)",,,8,10,0,10,5,0,0,0,RC,RA_sus+SLA,,RA_sus+RB_fast,RA_sus,6.37,2.99,2.89,2.61,2.70,-1,-12,-3,-34,-11,0.59,97.04,3,"6ABL6012,6ABL6031,6ABL0121",15.58,0,12.13,10.04,0,38,14,36,15,0,"hot_area=M14; S3확정; 발동: M16HUB[R-C'(역증가3개:6ABL6012,6ABL6031,6ABL0121)]; M14[R-A_sus,SLA(15.6%4분초과)]; M16A[R-A_sus,R-B_fast(+28/10분)]; M16B[R-A_sus]",0,0,0,0,8,0,0,0,0,0,5,0,0,0,0,5,0,0,0,0,0,0,0,0,0,0,0,0,5,0,5,0,0,0,0,0,0,5,0,0,0,0,0,0,0,33,0,5,0,0,0,0,0,0,0,-11,2,-11,28,-42,-32,0.59,72.79,75.83,93.18,74.34,0,144,85,79,0,0,8,10,0,10,5
M16A_HUBROOM_PR.csv,2026-06-09 05:38,2026-06-09,05:38,3,3단계 ⭐확정,3,,38,관심,M14,10,,"M16HUB(04:44,RC+RD) → M16B(04:52,RA_sus+RB_fast+SLA) → M14(05:05,RA_sus+RB_fast+SLA) → M16A(05:11,RA_sus+RB)",,,8,10,0,10,5,0,0,0,RC,RA_sus+SLA,,RA_sus+RB_fast,RA_sus,5.45,3.09,2.93,2.67,2.79,-26,-22,-5,-29,-6,0.59,96.45,4,"6ABL6012,6ABL6021,6ABL6022,6ABL0121",15.93,0,11.44,10.47,0,40,15,37,20,0,"hot_area=M14; S3확정; 발동: M16HUB[R-C'(역증가4개:6ABL6012,6ABL6021,6ABL6022,6ABL0121)]; M14[R-A_sus,SLA(15.9%4분초과)]; M16A[R-A_sus,R-B_fast(+37/10분)]; M16B[R-A_sus]",0,0,0,0,8,0,0,0,0,0,5,0,0,0,0,5,0,0,0,0,0,0,0,0,0,0,0,0,5,0,5,0,0,0,0,0,0,5,0,0,0,0,0,0,0,33,0,5,0,0,0,0,0,0,0,-37,-10,-15,37,-39,-21,0.61,75.51,73.97,88.35,70.50,0,151,73,75,0,0,8,10,0,10,5
M16A_HUBROOM_PR.csv,2026-06-09 05:39,2026-06-09,05:39,1,1단계 조기경보,3,3→1,33,관심,M14,10,,"M16HUB(04:44,RC+RD) → M16B(04:52,RA_sus+RB_fast+SLA) → M14(05:05,RA_sus+RB_fast+SLA) → M16A(05:11,RA_sus+RB)",,,8,10,0,5,5,0,0,0,RC,RA_sus+SLA,,RA_sus,RA_sus,6.78,2.66,2.67,2.87,2.62,-9,-22,-7,-51,-2,1.18,96.45,2,"6ABL6012,6ABL6022",15.85,0,11.89,10.36,0,39,14,39,18,0,"hot_area=M14; S1조기경보; 발동: M16HUB[R-C'(역증가2개:6ABL6012,6ABL6022)]; M14[R-A_sus,SLA(15.8%4분초과)]; M16A[R-A_sus]; M16B[R-A_sus]",0,0,0,0,8,0,0,0,0,0,5,0,0,0,0,5,0,0,0,0,0,0,0,0,0,0,0,0,5,0,0,0,0,0,0,0,0,5,0,0,0,0,0,0,0,28,0,5,0,0,0,0,0,0,0,-25,-20,-10,15,-46,-23,0.63,81.44,77.16,89.53,72.42,0,153,83,83,0,0,8,10,0,5,5
M16A_HUBROOM_PR.csv,2026-06-09 05:40,2026-06-09,05:40,3,3단계 ⭐확정,1,1→3,28,정상,M16A,10,,"M16HUB(04:44,RC+RD) → M16B(04:52,RA_sus+RB_fast+SLA) → M14(05:05,RA_sus+RB_fast+SLA) → M16A(05:11,RA_sus+RB)",,,8,5,0,10,5,0,0,0,RC,RA_sus,,RA_sus+RB_fast,RA_sus,5.35,2.77,2.79,2.74,2.35,-10,-33,0,-51,18,2.37,97.04,2,"6ABL6011,6ABL0111",15.95,0,10.99,7.99,0,38,15,43,22,0,"hot_area=M16A; S3확정; 발동: M16HUB[R-C'(역증가2개:6ABL6011,6ABL0111)]; M14[R-A_sus]; M16A[R-A_sus,R-B_fast(+30/10분)]; M16B[R-A_sus]",0,0,0,0,8,0,0,0,0,0,5,0,0,0,0,0,0,0,0,0,0,0,0,0,0,0,0,0,5,0,5,0,0,0,0,0,0,5,0,0,0,0,0,0,0,28,0,0,0,0,0,0,0,0,0,-43,-41,-8,30,-16,-15,0.65,79.59,79.15,90.12,76.84,0,140,68,57,0,0,8,5,0,10,5
M16A_HUBROOM_PR.csv,2026-06-09 05:41,2026-06-09,05:41,1,1단계 조기경보,3,3→1,40,관심,M16HUB,15,M16HUB;M14,"M16HUB(04:44,RC+RD) → M16B(04:52,RA_sus+RB_fast+SLA) → M14(05:05,RA_sus+RB_fast+SLA) → M16A(05:11,RA_sus+RB)",,,15,15,0,5,5,0,0,0,RC+RD,RA+RA_sus,,RA_sus,RA_sus,5.18,3.65,3.00,2.84,2.54,-13,-32,6,-89,3,0,100.00,2,"6ABL0111,6ABL0112",14.75,0,11.62,10.52,0,37,14,39,21,0,"hot_area=M16HUB; S1조기경보; 발동: M16HUB[R-C'(역증가2개:6ABL0111,6ABL0112),R-D(FAB저장=0.0%,STB=100.0%)]; M14[R-A'(AVGLOADTIME1MIN=3.65분/기준3.3),R-A_sus]; M16A[R-A_sus]; M16B[R-A_sus]",0,0,0,0,8,7,0,0,0,10,5,0,0,0,0,0,0,0,0,0,0,0,0,0,0,0,0,0,5,0,0,0,0,0,0,0,0,5,0,0,0,0,0,0,0,40,0,0,0,0,0,1,0,0,0,-74,-58,-14,-10,-16,-27,0.68,77.75,78.22,87.88,81.12,0,135,87,87,0,0,15,15,0,5,5
M16A_HUBROOM_PR.csv,2026-06-09 05:42,2026-06-09,05:42,3,3단계 ⭐확정,1,1→3,63,관심,M14,28,M16HUB;M14,"M16HUB(04:44,RC+RD) → M16B(04:52,RA_sus+RB_fast+SLA) → M14(05:05,RA_sus+RB_fast+SLA) → M16A(05:11,RA_sus+RB)",,,15,28,0,5,5,5,0,0,RC+RD,RA+RA_sus+RC+SLA,,RA_sus,RA_sus,5.40,2.33,2.92,2.76,2.69,-24,-37,5,-108,-7,0,100.00,3,"6ABL6021,6ABL6022,6ABL0112",15.27,0,11.78,10.54,0,40,13,36,21,0,"hot_area=M14; S3확정; 발동: M16HUB[R-C'(역증가3개:6ABL6021,6ABL6022,6ABL0112),R-D(FAB저장=0.0%,STB=100.0%)]; M14[R-A'(AVGLOADTIME1MIN=2.33분/기준3.3),R-A_sus,R-C'(CNV쏠림),SLA(15.3%4분초과)]; M16A[R-A_sus]; M16B[R-A_sus]; M16[R-B_fast(+12/10분)]",0,0,0,0,8,7,0,0,0,10,5,0,0,8,0,5,0,0,0,0,0,0,0,0,0,0,0,0,5,0,0,0,0,0,0,0,0,5,0,0,0,0,0,0,0,58,0,5,0,0,0,1,0,0,0,-84,-70,-11,-10,-24,-17,0.72,77.55,76.49,86.71,80.53,0,148,78,78,0,0,15,28,0,5,5
M16A_HUBROOM_PR.csv,2026-06-09 05:43,2026-06-09,05:43,3,3단계 ⭐확정,3,,73,경계,M14,28,M16HUB;M14,"M16HUB(04:44,RC+RD) → M16B(04:52,RA_sus+RB_fast+SLA) → M14(05:05,RA_sus+RB_fast+SLA) → M16A(05:11,RA_sus+RB)",M16A_2F_TO_HUB=2.2x(위험),,15,28,0,5,5,0,0,0,RC+RD,RA+RA_sus+RC+SLA,,RA_sus,RA_sus,4.44,2.56,2.94,2.64,2.35,-17,-41,5,-102,-9,0,100.00,3,"6ABL6011,6ABL6022,6ABL0112",15.67,0,11.56,9.90,0,38,14,38,20,0,"hot_area=M14; S3확정; 발동: M16HUB[R-C'(역증가3개:6ABL6011,6ABL6022,6ABL0112),R-D(FAB저장=0.0%,STB=100.0%)]; M14[R-A'(AVGLOADTIME1MIN=2.56분/기준3.3),R-A_sus,R-C'(CNV쏠림),SLA(15.7%4분초과)]; M16A[R-A_sus]; M16B[R-A_sus]; 흐름:M16A_2F_TO_HUB=2.2x(위험)",0,0,0,0,8,7,0,0,0,10,5,0,0,8,0,5,0,0,0,0,0,0,0,0,0,0,0,0,5,0,0,0,0,0,0,0,0,5,0,0,0,0,0,0,0,53,15,5,0,0,0,1,0,0,0,-88,-68,-14,-29,-20,-5,0.73,75.22,80.21,88.35,79.65,0,154,85,82,0,0,15,28,0,5,5
M16A_HUBROOM_PR.csv,2026-06-09 05:44,2026-06-09,05:44,3,3단계 ⭐확정,3,,88,주의,M14,28,M16HUB;M14,"M16HUB(04:44,RC+RD) → M16B(04:52,RA_sus+RB_fast+SLA) → M14(05:05,RA_sus+RB_fast+SLA) → M16A(05:11,RA_sus+RB)",M16A_2F_TO_HUB=3.2x(심각),,15,28,0,5,5,0,0,0,RC+RD,RA+RA_sus+RC+SLA,,RA_sus,RA_sus,4.93,2.64,3.00,2.75,2.53,-42,-66,4,-109,-10,0,100.00,5,"6ABL6011,6ABL6022,6ABL6032,6ABL0112,6ABL0122",15.80,0,11.43,10.43,0,37,12,42,19,0,"hot_area=M14; S3확정; 발동: M16HUB[R-C'(역증가5개:6ABL6011,6ABL6022,6ABL6032,6ABL0112,6ABL0122),R-D(FAB저장=0.0%,STB=100.0%)]; M14[R-A'(AVGLOADTIME1MIN=2.64분/기준3.3),R-A_sus,R-C'(CNV쏠림),SLA(15.8%4분초과)]; M16A[R-A_sus]; M16B[R-A_sus]; 흐름:M16A_2F_TO_HUB=3.2x(심각)",0,0,0,0,8,7,0,0,0,10,5,0,0,8,0,5,0,0,0,0,0,0,0,0,0,0,0,0,5,0,0,0,0,0,0,0,0,5,0,0,0,0,0,0,0,53,30,5,0,0,0,1,0,0,0,-96,-78,-13,-55,-15,-11,0.77,74.93,81.01,87.29,78.17,0,139,76,77,0,0,15,28,0,5,5
M16A_HUBROOM_PR.csv,2026-06-09 05:45,2026-06-09,05:45,3,3단계 ⭐확정,3,,78,경계,M14,23,M16HUB;M14,"M16HUB(04:47,RC+RD) → M16B(04:52,RA_sus+RB_fast+SLA) → M14(05:05,RA_sus+RB_fast+SLA) → M16A(05:11,RA_sus+RB)",M16A_2F_TO_HUB=3.5x(심각),,15,23,0,5,5,0,0,0,RC+RD,RA+RA_sus+RC,,RA_sus,RA_sus,3.79,2.66,3.05,2.70,2.37,-37,-59,-1,-96,-14,0,100.00,4,"6ABL6011,6ABL6021,6ABL0112,6ABL0122",15.45,0,11.47,9.21,0,35,13,35,19,0,"hot_area=M14; S3확정; 발동: M16HUB[R-C'(역증가4개:6ABL6011,6ABL6021,6ABL0112,6ABL0122),R-D(FAB저장=0.0%,STB=100.0%)]; M14[R-A'(AVGLOADTIME1MIN=2.66분/기준3.3),R-A_sus,R-C'(CNV쏠림)]; M16A[R-A_sus]; M16B[R-A_sus]; 흐름:M16A_2F_TO_HUB=3.5x(심각)",0,0,0,0,8,7,0,0,0,10,5,0,0,8,0,0,0,0,0,0,0,0,0,0,0,0,0,0,5,0,0,0,0,0,0,0,0,5,0,0,0,0,0,0,0,48,30,0,0,0,0,1,0,0,0,-86,-74,-11,-62,-22,-14,0.74,78.23,79.68,87.18,76.25,0,150,85,75,0,0,15,23,0,5,5
M16A_HUBROOM_PR.csv,2026-06-09 05:46,2026-06-09,05:46,3,3단계 ⭐확정,3,,78,경계,M14,23,M16HUB;M14,"M16HUB(04:47,RC+RD) → M16B(04:52,RA_sus+RB_fast+SLA) → M14(05:05,RA_sus+RB_fast+SLA) → M16A(05:11,RA_sus+RB)",M16A_2F_TO_HUB=3.6x(심각),,15,23,0,5,5,0,0,0,RC+RD,RA+RA_sus+RC,,RA_sus,RA_sus,4.91,2.58,3.56,2.76,2.82,-40,-50,-8,-109,-16,0,100.00,5,"6ABL6021,6ABL6031,6ABL0111,6ABL0112,6ABL0122",15.05,0,12.01,8.94,0,37,14,36,19,0,"hot_area=M14; S3확정; 발동: M16HUB[R-C'(역증가5개:6ABL6021,6ABL6031,6ABL0111,6ABL0112,6ABL0122),R-D(FAB저장=0.0%,STB=100.0%)]; M14[R-A'(AVGLOADTIME1MIN=2.58분/기준3.3),R-A_sus,R-C'(CNV쏠림)]; M16A[R-A_sus]; M16B[R-A_sus]; 흐름:M16A_2F_TO_HUB=3.6x(심각)",0,0,0,0,8,7,0,0,0,10,5,0,0,8,0,0,0,0,0,0,0,0,0,0,0,0,0,0,5,0,0,0,0,0,0,0,0,5,0,0,0,0,0,0,0,48,30,0,0,0,0,1,0,0,0,-83,-67,-11,-73,-24,-10,0.72,78.13,81.41,89.06,78.17,0,132,80,64,0,0,15,23,0,5,5
M16A_HUBROOM_PR.csv,2026-06-09 05:47,2026-06-09,05:47,3,3단계 ⭐확정,3,,70,경계,M16HUB,15,M16HUB;M14,"M16HUB(04:47,RC+RD) → M16B(04:52,RA_sus+RB_fast+SLA) → M14(05:05,RA_sus+RB_fast+SLA) → M16A(05:11,RA_sus+RB)",M16A_2F_TO_HUB=7.1x(심각),,15,15,0,5,5,0,0,0,RC+RD,RA+RA_sus,,RA_sus,RA_sus,3.99,2.51,2.90,2.64,2.24,-1,-18,9,-93,-5,0,100.00,2,"6ABL0111,6ABL0122",14.36,0,11.25,8.38,0,35,14,49,22,0,"hot_area=M16HUB; S3확정; 발동: M16HUB[R-C'(역증가2개:6ABL0111,6ABL0122),R-D(FAB저장=0.0%,STB=100.0%)]; M14[R-A'(AVGLOADTIME1MIN=2.51분/기준3.3),R-A_sus]; M16A[R-A_sus]; M16B[R-A_sus]; 흐름:M16A_2F_TO_HUB=7.1x(심각)",0,0,0,0,8,7,0,0,0,10,5,0,0,0,0,0,0,0,0,0,0,0,0,0,0,0,0,0,5,0,0,0,0,0,0,0,0,5,0,0,0,0,0,0,0,40,30,0,0,0,0,1,0,0,0,-41,-36,2,-54,-9,-11,0.65,81.92,82.74,90.12,78.32,0,131,82,67,0,0,15,15,0,5,5
M16A_HUBROOM_PR.csv,2026-06-09 05:48,2026-06-09,05:48,3,3단계 ⭐확정,3,,70,경계,M16HUB,15,M16HUB;M14,"M16HUB(04:48,RC+RD) → M16B(04:52,RA_sus+RB_fast+SLA) → M14(05:05,RA_sus+RB_fast+SLA) → M16A(05:11,RA_sus+RB)",M16A_2F_TO_HUB=5.7x(심각),,15,15,0,5,5,0,0,0,RC+RD,RA+RA_sus,,RA_sus,RA_sus,4.92,2.53,2.82,2.69,2.60,22,-11,13,-106,0,0,100.00,3,"6ABL6011,6ABL0111,6ABL0121",13.55,0,11.23,9.03,0,34,13,42,23,0,"hot_area=M16HUB; S3확정; 발동: M16HUB[R-C'(역증가3개:6ABL6011,6ABL0111,6ABL0121),R-D(FAB저장=0.0%,STB=100.0%)]; M14[R-A'(AVGLOADTIME1MIN=2.53분/기준3.3),R-A_sus]; M16A[R-A_sus]; M16B[R-A_sus]; 흐름:M16A_2F_TO_HUB=5.7x(심각)",0,0,0,0,8,7,0,0,0,10,5,0,0,0,0,0,0,0,0,0,0,0,0,0,0,0,0,0,5,0,0,0,0,0,0,0,0,5,0,0,0,0,0,0,0,40,30,0,0,0,0,1,0,0,0,-6,-24,10,-74,-4,-15,0.64,81.05,77.16,87.53,80.97,0,127,74,65,0,0,15,15,0,5,5
M16A_HUBROOM_PR.csv,2026-06-09 05:49,2026-06-09,05:49,3,3단계 ⭐확정,3,,75,경계,M16HUB,15,M16HUB;M14,"M16HUB(04:49,RC+RD) → M16B(04:52,RA_sus+RB_fast+SLA) → M14(05:05,RA_sus+RB_fast+SLA) → M16A(05:11,RA_sus+RB)",M16A_2F_TO_HUB=4.9x(심각),,15,15,0,5,10,0,0,0,RC+RD,RA+RA_sus,,RA_sus,RA_sus+RB_fast,4.10,2.27,2.75,2.94,2.46,51,31,17,-77,12,0,100.00,5,"6ABL6011,6ABL6021,6ABL0111,6ABL0112,6ABL0122",13.32,0,11.02,9.71,0,38,14,38,21,0,"hot_area=M16HUB; S3확정; 발동: M16HUB[R-C'(역증가5개:6ABL6011,6ABL6021,6ABL0111,6ABL0112,6ABL0122),R-D(FAB저장=0.0%,STB=100.0%)]; M14[R-A'(AVGLOADTIME1MIN=2.27분/기준3.3),R-A_sus]; M16A[R-A_sus]; M16B[R-A_sus,R-B_fast(+11/10분)]; 흐름:M16A_2F_TO_HUB=4.9x(심각)",0,0,0,0,8,7,0,0,0,10,5,0,0,0,0,0,0,0,0,0,0,0,0,0,0,0,0,0,5,0,0,0,0,0,0,0,0,5,0,5,0,0,0,0,0,45,30,0,0,0,0,1,0,0,0,11,5,18,-58,11,-9,0.60,85.73,80.74,90.00,85.99,0,112,81,77,0,0,15,15,0,5,10
M16A_HUBROOM_PR.csv,2026-06-09 05:50,2026-06-09,05:50,3,3단계 ⭐확정,3,,67,경계,M14,15,M14,"M16HUB(04:51,RC+RD) → M16B(04:52,RA_sus+RB_fast+SLA) → M14(05:05,RA_sus+RB_fast+SLA) → M16A(05:11,RA_sus+RB)",M16A_2F_TO_HUB=3.8x(심각),,12,15,0,5,5,0,0,0,RB_fast+RD,RA+RA_sus,,RA_sus,RA_sus,4.23,2.40,2.93,2.84,2.94,62,32,17,-58,17,0,100.00,3,"6ABL0111,6ABL0121,6ABL0122",13.76,0,10.77,10.27,0,40,16,36,19,0,"hot_area=M14; S3확정; 발동: M16HUB[R-B_fast(+34/10분),R-D(FAB저장=0.0%,STB=100.0%)]; M14[R-A'(AVGLOADTIME1MIN=2.40분/기준3.3),R-A_sus]; M16A[R-A_sus]; M16B[R-A_sus]; 흐름:M16A_2F_TO_HUB=3.8x(심각)",0,0,0,5,0,7,0,0,0,10,5,0,0,0,0,0,0,0,0,0,0,0,0,0,0,0,0,0,5,0,0,0,0,0,0,0,0,5,0,0,0,0,0,0,0,37,30,0,0,0,0,1,0,0,0,34,21,15,-41,-9,1,0.57,88.06,80.88,89.53,84.66,0,134,71,73,0,0,12,15,0,5,5
M16A_HUBROOM_PR.csv,2026-06-09 05:51,2026-06-09,05:51,3,3단계 ⭐확정,3,,85,주의,M16HUB,20,M16HUB;M16,"M16HUB(04:51,RC+RD) → M16B(04:52,RA_sus+RB_fast+SLA) → M14(05:05,RA_sus+RB_fast+SLA) → M16A(05:11,RA_sus+RB) → M16(05:51,RB+RB_fast)",M16A_2F_TO_HUB=3.0x(심각),,20,10,0,5,5,15,0,0,RB_fast+RC+RD,RA_sus+RB_fast,,RA_sus,RA_sus,3.98,2.69,3.36,2.59,2.48,66,49,18,-39,27,0,100.00,5,"6ABL6031,6ABL0111,6ABL0112,6ABL0121,6ABL0122",13.40,0,10.50,9.80,0,38,14,36,20,0,"hot_area=M16HUB; S3확정; 발동: M16HUB[R-B_fast(+62/10분),R-C'(역증가5개:6ABL6031,6ABL0111,6ABL0112,6ABL0121,6ABL0122),R-D(FAB저장=0.0%,STB=100.0%)]; M14[R-A_sus,R-B_fast(+43/10분)]; M16A[R-A_sus]; M16B[R-A_sus]; M16[R-B(SENDQUEUETOTAL+35/30분/기준+20),R-B_fast(+36/10분)]; 흐름:M16A_2F_TO_HUB=3.0x(심각)",0,0,0,5,8,7,0,0,0,0,5,0,5,0,0,0,0,0,0,0,0,0,0,0,0,0,0,0,5,0,0,0,0,0,0,0,0,5,0,0,0,0,0,0,0,55,30,0,0,0,0,0,0,0,0,62,43,19,-17,2,-13,0.56,87.09,80.74,90.24,81.12,0,115,78,82,0,0,20,10,0,5,5
M16A_HUBROOM_PR.csv,2026-06-09 05:52,2026-06-09,05:52,3,3단계 ⭐확정,3,,32,관심,M16HUB,12,,"M16B(04:52,RA_sus+RB_fast+SLA) → M16HUB(04:55,RC+RD) → M14(05:05,RA_sus+RB_fast+SLA) → M16A(05:11,RA_sus+RB) → M16(05:51,RB+RB_fast)",,,12,10,0,5,5,0,0,0,RB_fast+RD,RA_sus+RB_fast,,RA_sus,RA_sus,4.16,2.63,2.89,2.73,2.88,46,46,11,-43,18,0,100.00,5,"6ABL6011,6ABL0111,6ABL0112,6ABL0121,6ABL0122",12.87,0,10.42,10.34,0,39,15,35,19,0,"hot_area=M16HUB; S3확정; 발동: M16HUB[R-B_fast(+78/10분),R-D(FAB저장=0.0%,STB=100.0%)]; M14[R-A_sus,R-B_fast(+52/10분)]; M16A[R-A_sus]; M16B[R-A_sus]",0,0,0,5,0,7,0,0,0,0,5,0,5,0,0,0,0,0,0,0,0,0,0,0,0,0,0,0,5,0,0,0,0,0,0,0,0,5,0,0,0,0,0,0,0,32,0,0,0,0,0,0,0,0,0,78,52,18,-20,-1,1,0.56,84.66,82.20,88.59,76.70,0,117,69,77,0,0,12,10,0,5,5
M16A_HUBROOM_PR.csv,2026-06-09 05:53,2026-06-09,05:53,3,3단계 ⭐확정,3,,75,경계,M16HUB,20,M16HUB;M16B;M16,"M16HUB(04:55,RC+RD) → M16B(04:58,RA_sus+RB_fast+SLA) → M14(05:05,RA_sus+RB_fast+SLA) → M16A(05:11,RA_sus+RB) → M16(05:51,RB+RB_fast)",M16B_10F_TO_HUB=1.5x(주의),,20,10,0,5,20,15,0,0,RB_fast+RC+RD,RA_sus+RB_fast,,RA_sus,RA_sus+RB+RB_fast,3.84,2.66,3.10,2.59,2.30,50,39,0,-44,33,0,100.00,4,"6ABL6011,6ABL0111,6ABL0121,6ABL0122",12.90,0,11.14,9.52,0,36,12,43,24,0,"hot_area=M16HUB; S3확정; 발동: M16HUB[R-B_fast(+77/10분),R-C'(역증가4개:6ABL6011,6ABL0111,6ABL0121,6ABL0122),R-D(FAB저장=0.0%,STB=100.0%)]; M14[R-A_sus,R-B_fast(+57/10분)]; M16A[R-A_sus]; M16B[R-A_sus,R-B(10F_TO_HUB_JOB+33/30분/기준+30),R-B_fast(+24/10분)]; M16[R-B(SENDQUEUETOTAL+34/30분/기준+20),R-B_fast(+30/10분)]; 흐름:M16B_10F_TO_HUB=1.5x(주의)",0,0,0,5,8,7,0,0,0,0,5,0,5,0,0,0,0,0,0,0,0,0,0,0,0,0,0,0,5,0,0,0,0,0,0,0,0,5,10,5,0,0,0,0,0,70,5,0,0,0,0,0,0,0,0,77,57,20,-28,24,-11,0.56,82.33,84.59,90.47,78.32,0,125,82,79,0,0,20,10,0,5,20
M16A_HUBROOM_PR.csv,2026-06-09 05:54,2026-06-09,05:54,3,3단계 ⭐확정,3,,45,관심,M16HUB,20,M16HUB,"M16HUB(04:55,RC+RD) → M16B(04:58,RA_sus+RB_fast+SLA) → M14(05:05,RA_sus+RB_fast+SLA) → M16A(05:11,RA_sus+RB) → M16(05:51,RB+RB_fast)",,,20,10,0,5,10,0,0,0,RB_fast+RC+RD,RA_sus+RB_fast,,RA_sus,RA_sus+RB_fast,4.44,2.69,3.05,2.85,2.70,15,20,-8,-47,25,0,100.00,2,"6ABL6011,6ABL0122",12.56,0,11.06,9.65,0,40,16,39,19,0,"hot_area=M16HUB; S3확정; 발동: M16HUB[R-B_fast(+80/10분),R-C'(역증가2개:6ABL6011,6ABL0122),R-D(FAB저장=0.0%,STB=100.0%)]; M14[R-A_sus,R-B_fast(+62/10분)]; M16A[R-A_sus]; M16B[R-A_sus,R-B_fast(+25/10분)]",0,0,0,5,8,7,0,0,0,0,5,0,5,0,0,0,0,0,0,0,0,0,0,0,0,0,0,0,5,0,0,0,0,0,0,0,0,5,0,5,0,0,0,0,0,45,0,0,0,0,0,0,0,0,0,80,62,18,-18,25,-27,0.60,79.53,83.67,90.94,80.97,0,110,74,72,0,0,20,10,0,5,10
M16A_HUBROOM_PR.csv,2026-06-09 05:55,2026-06-09,05:55,3,3단계 ⭐확정,3,,60,관심,M16HUB,20,M16HUB;M16,"M16HUB(04:55,RC+RD) → M16B(04:58,RA_sus+RB_fast+SLA) → M14(05:05,RA_sus+RB_fast+SLA) → M16A(05:11,RA_sus+RB) → M16(05:51,RB+RB_fast)",,,20,10,0,5,10,15,0,0,RB_fast+RC+RD,RA_sus+RB_fast,,RA_sus,RA_sus+RB_fast,4.61,2.58,3.26,2.54,2.73,15,21,-4,-29,11,0,100.00,4,"6ABL6031,6ABL6032,6ABL0111,6ABL0122",13.53,0,11.60,9.51,0,33,12,36,21,0,"hot_area=M16HUB; S3확정; 발동: M16HUB[R-B_fast(+83/10분),R-C'(역증가4개:6ABL6031,6ABL6032,6ABL0111,6ABL0122),R-D(FAB저장=0.0%,STB=100.0%)]; M14[R-A_sus,R-B_fast(+64/10분)]; M16A[R-A_sus]; M16B[R-A_sus,R-B_fast(+28/10분)]; M16[R-B(SENDQUEUETOTAL+27/30분/기준+20),R-B_fast(+26/10분)]",0,0,0,5,8,7,0,0,0,0,5,0,5,0,0,0,0,0,0,0,0,0,0,0,0,0,0,0,5,0,0,0,0,0,0,0,0,5,0,5,0,0,0,0,0,60,0,0,0,0,0,0,0,0,0,83,64,21,-2,28,-13,0.60,77.79,82.74,88.12,80.09,0,139,85,79,0,0,20,10,0,5,10
M16A_HUBROOM_PR.csv,2026-06-09 05:56,2026-06-09,05:56,3,3단계 ⭐확정,3,,45,관심,M16HUB,20,M16HUB,"M16HUB(04:57,RC+RD) → M16B(04:58,RA_sus+RB_fast+SLA) → M14(05:05,RA_sus+RB_fast+SLA) → M16A(05:11,RA_sus+RB) → M16(05:51,RB+RB_fast)",,,20,10,0,5,10,0,0,0,RB_fast+RC+RD,RA_sus+RB_fast,,RA_sus,RA_sus+RB_fast,4.62,2.74,3.29,2.92,2.71,7,17,-8,-35,0,0,100.00,4,"6ABL6031,6ABL6032,6ABL0111,6ABL0122",13.66,0,12.29,9.80,0,37,14,33,17,0,"hot_area=M16HUB; S3확정; 발동: M16HUB[R-B_fast(+76/10분),R-C'(역증가4개:6ABL6031,6ABL6032,6ABL0111,6ABL0122),R-D(FAB저장=0.0%,STB=100.0%)]; M14[R-A_sus,R-B_fast(+59/10분)]; M16A[R-A_sus]; M16B[R-A_sus,R-B_fast(+27/10분)]",0,0,0,5,8,7,0,0,0,0,5,0,5,0,0,0,0,0,0,0,0,0,0,0,0,0,0,0,5,0,0,0,0,0,0,0,0,5,0,5,0,0,0,0,0,45,0,0,0,0,0,0,0,0,0,76,59,16,0,27,-8,0.63,79.83,79.68,86.71,78.76,0,127,82,73,0,0,20,10,0,5,10
M16A_HUBROOM_PR.csv,2026-06-09 05:57,2026-06-09,05:57,3,3단계 ⭐확정,3,,50,관심,M16HUB,20,M16HUB,"M16HUB(04:57,RC+RD) → M16B(04:58,RA_sus+RB_fast+SLA) → M14(05:05,RA_sus+RB_fast+SLA) → M16A(05:11,RA_sus+RB) → M16(05:51,RB+RB_fast)",,,20,10,0,5,10,5,0,0,RB_fast+RC+RD,RA_sus+RB_fast,,RA_sus,RA_sus+RB_fast,4.25,2.61,2.92,2.93,2.48,-1,5,-8,-31,-26,0,100.00,5,"6ABL6011,6ABL6021,6ABL6031,6ABL6032,6ABL0111",13.95,0,12.38,9.69,0,39,13,35,19,0,"hot_area=M16HUB; S3확정; 발동: M16HUB[R-B_fast(+51/10분),R-C'(역증가5개:6ABL6011,6ABL6021,6ABL6031,6ABL6032,6ABL0111),R-D(FAB저장=0.0%,STB=100.0%)]; M14[R-A_sus,R-B_fast(+39/10분)]; M16A[R-A_sus]; M16B[R-A_sus,R-B_fast(+25/10분)]; M16[R-B_fast(+34/10분)]",0,0,0,5,8,7,0,0,0,0,5,0,5,0,0,0,0,0,0,0,0,0,0,0,0,0,0,0,5,0,0,0,0,0,0,0,0,5,0,5,0,0,0,0,0,50,0,0,0,0,0,0,0,0,0,51,39,1,-5,25,-1,0.63,82.83,82.20,88.47,82.15,0,136,90,81,0,0,20,10,0,5,10
M16A_HUBROOM_PR.csv,2026-06-09 05:58,2026-06-09,05:58,3,3단계 ⭐확정,3,,40,관심,M16HUB,15,M16HUB,"M16B(04:58,RA_sus+RB_fast+SLA) → M14(05:05,RA_sus+RB_fast+SLA) → M16HUB(05:06,RA_sus+RB_fast+RD) → M16A(05:11,RA_sus+RB) → M16(05:51,RB+RB_fast)",,,15,10,0,5,10,0,0,0,RC+RD,RA_sus+RB_fast,,RA_sus,RA_sus+RB_fast,4.61,2.57,2.72,2.72,2.83,-16,-2,-7,-30,-28,0,100.00,4,"6ABL6031,6ABL6032,6ABL0111,6ABL0121",14.70,0,11.75,9.71,0,37,15,40,23,0,"hot_area=M16HUB; S3확정; 발동: M16HUB[R-C'(역증가4개:6ABL6031,6ABL6032,6ABL0111,6ABL0121),R-D(FAB저장=0.0%,STB=100.0%)]; M14[R-A_sus,R-B_fast(+32/10분)]; M16A[R-A_sus]; M16B[R-A_sus,R-B_fast(+15/10분)]",0,0,0,0,8,7,0,0,0,0,5,0,5,0,0,0,0,0,0,0,0,0,0,0,0,0,0,0,5,0,0,0,0,0,0,0,0,5,0,5,0,0,0,0,0,40,0,0,0,0,0,0,0,0,0,27,32,-2,7,15,-14,0.64,82.74,81.54,86.82,81.42,0,146,76,73,0,0,15,10,0,5,10
M16A_HUBROOM_PR.csv,2026-06-09 05:59,2026-06-09,05:59,3,3단계 ⭐확정,3,,45,관심,M16HUB,15,M16HUB,"M14(05:05,RA_sus+RB_fast+SLA) → M16B(05:05,RA_sus+RB_fast+SLA) → M16HUB(05:06,RA_sus+RB_fast+RD) → M16A(05:11,RA_sus+RB) → M16(05:51,RB+RB_fast)",,,15,10,0,5,5,5,0,0,RC+RD,RA_sus+SLA,,RA_sus,RA_sus,4.20,2.63,2.82,2.75,2.63,-26,-28,-2,-29,-30,0,100.00,4,"6ABL6031,6ABL0111,6ABL0121,6ABL0122",15.12,0,12.59,9.47,0,35,12,40,19,0,"hot_area=M16HUB; S3확정; 발동: M16HUB[R-C'(역증가4개:6ABL6031,6ABL0111,6ABL0121,6ABL0122),R-D(FAB저장=0.0%,STB=100.0%)]; M14[R-A_sus,SLA(15.1%4분초과)]; M16A[R-A_sus]; M16B[R-A_sus]; M16[R-B_fast(+32/10분)]",0,0,0,0,8,7,0,0,0,0,5,0,0,0,0,5,0,0,0,0,0,0,0,0,0,0,0,0,5,0,0,0,0,0,0,0,0,5,0,0,0,0,0,0,0,40,0,5,0,0,0,0,0,0,0,-12,-13,-10,14,5,-17,0.67,82.64,83.27,91.18,79.20,0,135,90,78,0,0,15,10,0,5,5
M16A_HUBROOM_PR.csv,2026-06-09 06:00,2026-06-09,06:00,1,1단계 조기경보,3,3→1,30,관심,M14,13,,"M14(05:05,RA_sus+RB_fast+SLA) → M16B(05:05,RA_sus+RB_fast+SLA) → M16HUB(05:06,RA_sus+RB_fast+RD) → M16A(05:11,RA_sus+RB) → M16(05:51,RB+RB_fast)",,,7,13,0,5,5,0,0,0,RD,RA_sus+RC,,RA_sus,RA_sus,4.71,2.64,3.20,2.89,2.74,-34,-35,-5,-4,-23,0,100.00,1,6ABL0122,14.65,0,12.64,10.07,0,37,12,38,21,0,"hot_area=M14; S1조기경보; 발동: M16HUB[R-D(FAB저장=0.0%,STB=100.0%)]; M14[R-A_sus,R-C'(CNV쏠림)]; M16A[R-A_sus]; M16B[R-A_sus]",0,0,0,0,0,7,0,0,0,0,5,0,0,8,0,0,0,0,0,0,0,0,0,0,0,0,0,0,5,0,0,0,0,0,0,0,0,5,0,0,0,0,0,0,0,30,0,0,0,0,0,0,0,0,0,-25,-15,-12,7,2,-26,0.71,80.80,82.47,90.71,78.47,0,150,80,73,0,0,7,13,0,5,5
M16A_HUBROOM_PR.csv,2026-06-09 06:01,2026-06-09,06:01,1,1단계 조기경보,1,,48,관심,M14,18,M16HUB;M14,"M14(05:05,RA_sus+RB_fast+SLA) → M16B(05:05,RA_sus+RB_fast+SLA) → M16HUB(05:06,RA_sus+RB_fast+RD) → M16A(05:11,RA_sus+RB) → M16(05:51,RB+RB_fast)",,,15,18,0,5,5,0,0,0,RC+RD,RA_sus+RC+SLA,,RA_sus,RA_sus,4.28,2.60,3.54,2.68,2.46,-62,-46,-8,-22,-8,0,100.00,3,"6ABL6011,6ABL0121,6ABL0122",14.67,0,12.81,10.40,0,39,16,38,21,0,"hot_area=M14; S1조기경보; 발동: M16HUB[R-C'(역증가3개:6ABL6011,6ABL0121,6ABL0122),R-D(FAB저장=0.0%,STB=100.0%)]; M14[R-A_sus,R-C'(CNV쏠림),SLA(14.7%4분초과)]; M16A[R-A_sus]; M16B[R-A_sus]",0,0,0,0,8,7,0,0,0,0,5,0,0,8,0,5,0,0,0,0,0,0,0,0,0,0,0,0,5,0,0,0,0,0,0,0,0,5,0,0,0,0,0,0,0,43,0,5,0,0,0,0,0,0,0,-50,-31,-13,5,6,-14,0.72,80.21,82.74,91.76,79.06,0,136,92,89,0,0,15,18,0,5,5
M16A_HUBROOM_PR.csv,2026-06-09 06:02,2026-06-09,06:02,1,1단계 조기경보,1,,38,관심,M16HUB,15,M16HUB,"M14(05:05,RA_sus+RB_fast+SLA) → M16B(05:05,RA_sus+RB_fast+SLA) → M16HUB(05:06,RA_sus+RB_fast+RD) → M16A(05:11,RA_sus+RB) → M16(05:51,RB+RB_fast)",,,15,13,0,5,5,0,0,0,RC+RD,RA_sus+RC,,RA_sus,RA_sus,4.72,2.63,3.08,2.83,2.71,-69,-46,-10,-22,-23,0,100.00,3,"6ABL6011,6ABL6031,6ABL0122",14.20,0,12.74,11.32,0,39,15,39,23,0,"hot_area=M16HUB; S1조기경보; 발동: M16HUB[R-C'(역증가3개:6ABL6011,6ABL6031,6ABL0122),R-D(FAB저장=0.0%,STB=100.0%)]; M14[R-A_sus,R-C'(CNV쏠림)]; M16A[R-A_sus]; M16B[R-A_sus]",0,0,0,0,8,7,0,0,0,0,5,0,0,8,0,0,0,0,0,0,0,0,0,0,0,0,0,0,5,0,0,0,0,0,0,0,0,5,0,0,0,0,0,0,0,38,0,0,0,0,0,0,0,0,0,-63,-28,-17,8,2,-27,0.71,80.02,81.94,92.12,81.12,0,136,81,86,0,0,15,13,0,5,5
M16A_HUBROOM_PR.csv,2026-06-09 06:03,2026-06-09,06:03,1,1단계 조기경보,1,,45,관심,M16HUB,15,M16HUB,"M14(05:05,RA_sus+RB_fast+SLA) → M16B(05:05,RA_sus+RB_fast+SLA) → M16HUB(05:06,RA_sus+RB_fast+RD) → M16A(05:11,RA_sus+RB) → M16(05:51,RB+RB_fast)",M16A_2F_TO_HUB=1.6x(주의),,15,5,0,10,5,0,0,0,RC+RD,RA_sus,,RA_sus+SLA,RA_sus,4.30,2.56,2.95,2.83,2.39,-62,-40,-5,-34,-11,0,100.00,4,"6ABL6011,6ABL6031,6ABL0121,6ABL0122",13.76,0,13.06,9.44,0,39,16,42,21,0,"hot_area=M16HUB; S1조기경보; 발동: M16HUB[R-C'(역증가4개:6ABL6011,6ABL6031,6ABL0121,6ABL0122),R-D(FAB저장=0.0%,STB=100.0%)]; M14[R-A_sus]; M16A[R-A_sus,SLA(13.1%4분초과)]; M16B[R-A_sus]; 흐름:M16A_2F_TO_HUB=1.6x(주의)",0,0,0,0,8,7,0,0,0,0,5,0,0,0,0,0,0,0,0,0,0,0,0,0,0,0,0,0,5,0,0,0,0,5,0,0,0,5,0,0,0,0,0,0,0,35,5,5,0,0,0,0,0,0,0,-51,-29,-11,23,-15,-28,0.70,81.28,82.20,92.71,85.55,0,137,93,78,0,0,15,5,0,10,5
M16A_HUBROOM_PR.csv,2026-06-09 06:04,2026-06-09,06:04,3,3단계 ⭐확정,1,1→3,58,관심,M16HUB,15,M16HUB;M16A,"M14(05:05,RA_sus+RB_fast+SLA) → M16B(05:05,RA_sus+RB_fast+SLA) → M16HUB(05:06,RA_sus+RB_fast+RD) → M16A(05:11,RA_sus+RB) → M16(05:51,RB+RB_fast)",M16A_2F_TO_HUB=1.5x(주의),,15,13,0,15,5,0,0,0,RC+RD,RA_sus+RC,,RA_sus+RB_fast+SLA,RA_sus,4.51,2.65,3.07,2.71,2.59,-62,-42,1,-37,-10,0,99.41,3,"6ABL6021,6ABL0111,6ABL0121",13.50,0,13.30,9.74,0,40,15,40,19,0,"hot_area=M16HUB; S3확정; 발동: M16HUB[R-C'(역증가3개:6ABL6021,6ABL0111,6ABL0121),R-D(FAB저장=0.0%,STB=99.4%)]; M14[R-A_sus,R-C'(CNV쏠림)]; M16A[R-A_sus,R-B_fast(+36/10분),SLA(13.3%4분초과)]; M16B[R-A_sus]; 흐름:M16A_2F_TO_HUB=1.5x(주의)",0,0,0,0,8,7,0,0,0,0,5,0,0,8,0,0,0,0,0,0,0,0,0,0,0,0,0,0,5,0,5,0,0,5,0,0,0,5,0,0,0,0,0,0,0,48,5,5,0,0,0,0,0,0,0,-46,-26,-4,36,-20,-14,0.71,81.18,81.67,91.76,83.92,0,118,87,74,0,0,15,13,0,15,5
M16A_HUBROOM_PR.csv,2026-06-09 06:05,2026-06-09,06:05,3,3단계 ⭐확정,3,,58,관심,M16HUB,15,M16HUB;M16A,"M14(05:05,RA_sus+RB_fast+SLA) → M16B(05:05,RA_sus+RB_fast+SLA) → M16HUB(05:06,RA_sus+RB_fast+RD) → M16A(05:11,RA_sus+RB) → M16(05:51,RB+RB_fast)",,,15,13,0,15,5,0,0,5,RC+RD,RA_sus+RC,,RA_sus+RB_fast+SLA,RA_sus,4.17,2.54,2.99,2.85,2.47,-59,-48,8,-39,-10,0,99.41,5,"6ABL6011,6ABL6021,6ABL0111,6ABL0121,6ABL0122",13.80,0,13.00,10.57,0,41,18,40,21,0,"hot_area=M16HUB; S3확정; 발동: M16HUB[R-C'(역증가5개:6ABL6011,6ABL6021,6ABL0111,6ABL0121,6ABL0122),R-D(FAB저장=0.0%,STB=99.4%)]; M14[R-A_sus,R-C'(CNV쏠림)]; M16A[R-A_sus,R-B_fast(+25/10분),SLA(13.0%4분초과)]; M16B[R-A_sus]; M16_WT[R-A_sus]",0,0,0,0,8,7,0,0,0,0,5,0,0,8,0,0,0,0,0,0,0,0,0,0,0,0,0,0,5,0,5,0,0,5,0,0,0,5,0,0,0,0,0,0,0,53,0,5,0,0,0,0,0,0,0,-56,-38,-2,25,-16,-8,0.76,81.47,85.66,90.24,80.38,0,133,95,89,0,0,15,13,0,15,5
M16A_HUBROOM_PR.csv,2026-06-09 06:06,2026-06-09,06:06,3,3단계 ⭐확정,3,,50,관심,M16A,15,M16A,"M16HUB(05:06,RA_sus+RB_fast+RD) → M14(05:06,RA_sus+RB_fast+SLA) → M16A(05:11,RA_sus+RB) → M16(05:51,RB+RB_fast) → M16B(05:53,RA_sus+RB+RB_fast)",,,7,13,0,15,5,0,0,5,RD,RA_sus+RC,,RA_sus+RB_fast+SLA,RA_sus,4.66,2.75,3.54,2.80,2.56,-47,-42,13,-49,-15,0,99.41,1,6ABL0121,13.63,0,13.51,10.93,0,36,14,39,17,0,"hot_area=M16A; S3확정; 발동: M16HUB[R-D(FAB저장=0.0%,STB=99.4%)]; M14[R-A_sus,R-C'(CNV쏠림)]; M16A[R-A_sus,R-B_fast(+24/10분),SLA(13.5%4분초과)]; M16B[R-A_sus]; M16_WT[R-A_sus]",0,0,0,0,0,7,0,0,0,0,5,0,0,8,0,0,0,0,0,0,0,0,0,0,0,0,0,0,5,0,5,0,0,5,0,0,0,5,0,0,0,0,0,0,0,45,0,5,0,0,0,0,0,0,0,-40,-34,8,24,-18,-28,0.73,80.99,83.27,87.53,81.27,0,118,89,82,0,0,7,13,0,15,5
M16A_HUBROOM_PR.csv,2026-06-09 06:07,2026-06-09,06:07,1,1단계 조기경보,3,3→1,43,관심,M16HUB,15,M16HUB,"M14(05:07,RA_sus+RB_fast+SLA) → M16A(05:11,RA_sus+RB) → M16HUB(05:12,RA+RD) → M16(05:51,RB+RB_fast) → M16B(05:53,RA_sus+RB+RB_fast)",,,15,13,0,5,5,0,0,5,RC+RD,RA_sus+RC,,RA_sus,RA_sus,4.65,2.43,3.02,2.80,2.60,-38,-31,5,-41,14,0.59,99.41,3,"6ABL6021,6ABL6031,6ABL0121",14.00,0,12.16,10.24,0,35,13,34,15,0,"hot_area=M16HUB; S1조기경보; 발동: M16HUB[R-C'(역증가3개:6ABL6021,6ABL6031,6ABL0121),R-D(FAB저장=0.6%,STB=99.4%)]; M14[R-A_sus,R-C'(CNV쏠림)]; M16A[R-A_sus]; M16B[R-A_sus]; M16_WT[R-A_sus]",0,0,0,0,8,7,0,0,0,0,5,0,0,8,0,0,0,0,0,0,0,0,0,0,0,0,0,0,5,0,0,0,0,0,0,0,0,5,0,0,0,0,0,0,0,43,0,0,0,0,0,0,0,0,0,-48,-34,2,18,-2,-21,0.71,81.57,82.20,91.18,86.87,0,128,89,85,0,0,15,13,0,5,5
M16A_HUBROOM_PR.csv,2026-06-09 06:08,2026-06-09,06:08,3,3단계 ⭐확정,1,1→3,58,관심,M16HUB,15,M16HUB,"M16A(05:11,RA_sus+RB) → M16HUB(05:12,RA+RD) → M14(05:41,RA+RA_sus) → M16(05:51,RB+RB_fast) → M16B(05:53,RA_sus+RB+RB_fast)",M16B_10F_TO_HUB=1.6x(주의),,15,13,0,10,10,0,0,5,RC+RD,RA_sus+RC,,RA_sus+RB_fast,RA_sus+RB_fast,4.28,2.75,2.81,2.81,2.97,-1,-8,14,-38,28,0.59,99.41,2,"6ABL6022,6ABL6031",14.59,0,11.98,10.96,0,40,15,34,15,0,"hot_area=M16HUB; S3확정; 발동: M16HUB[R-C'(역증가2개:6ABL6022,6ABL6031),R-D(FAB저장=0.6%,STB=99.4%)]; M14[R-A_sus,R-C'(CNV쏠림)]; M16A[R-A_sus,R-B_fast(+29/10분)]; M16B[R-A_sus,R-B_fast(+17/10분)]; M16_WT[R-A_sus]; 흐름:M16B_10F_TO_HUB=1.6x(주의)",0,0,0,0,8,7,0,0,0,0,5,0,0,8,0,0,0,0,0,0,0,0,0,0,0,0,0,0,5,0,5,0,0,0,0,0,0,5,0,5,0,0,0,0,0,53,5,0,0,0,0,0,0,0,0,-22,-16,6,29,17,-13,0.76,84.19,78.22,90.35,87.91,0,135,77,81,0,0,15,13,0,10,10
M16A_HUBROOM_PR.csv,2026-06-09 06:09,2026-06-09,06:09,3,3단계 ⭐확정,3,,68,경계,M16B,20,M16HUB;M16B,"M16A(05:11,RA_sus+RB) → M16HUB(05:12,RA+RD) → M14(05:41,RA+RA_sus) → M16(05:51,RB+RB_fast) → M16B(05:53,RA_sus+RB+RB_fast)",M16B_10F_TO_HUB=1.7x(주의),,15,13,0,10,20,0,0,5,RC+RD,RA_sus+RC,,RA_sus+RB_fast,RA_sus+RB+RB_fast,4.62,2.89,2.92,2.67,2.64,-10,-11,16,-17,36,0.59,99.41,2,"6ABL6031,6ABL0122",14.90,0,12.37,11.25,0,34,14,36,17,0,"hot_area=M16B; S3확정; 발동: M16HUB[R-C'(역증가2개:6ABL6031,6ABL0122),R-D(FAB저장=0.6%,STB=99.4%)]; M14[R-A_sus,R-C'(CNV쏠림)]; M16A[R-A_sus,R-B_fast(+27/10분)]; M16B[R-A_sus,R-B(10F_TO_HUB_JOB+36/30분/기준+30),R-B_fast(+20/10분)]; M16_WT[R-A_sus]; 흐름:M16B_10F_TO_HUB=1.7x(주의)",0,0,0,0,8,7,0,0,0,0,5,0,0,8,0,0,0,0,0,0,0,0,0,0,0,0,0,0,5,0,5,0,0,0,0,0,0,5,10,5,0,0,0,0,0,63,5,0,0,0,0,0,0,0,0,-9,-3,8,27,20,-12,0.71,87.78,79.68,89.76,88.35,0,125,84,93,0,0,15,13,0,10,20
M16A_HUBROOM_PR.csv,2026-06-09 06:10,2026-06-09,06:10,3,3단계 ⭐확정,3,,35,관심,M16HUB,15,M16HUB,"M16A(05:11,RA_sus+RB) → M16HUB(05:12,RA+RD) → M14(05:41,RA+RA_sus) → M16(05:51,RB+RB_fast) → M16B(05:53,RA_sus+RB+RB_fast)",,,15,5,0,5,10,0,0,0,RC+RD,RA_sus,,RA_sus,RA_sus+RB_fast,4.66,2.48,2.98,2.73,2.33,2,6,11,-20,10,0,100.00,3,"6ABL6011,6ABL6021,6ABL0121",14.79,0,11.97,7.94,0,29,11,40,18,0,"hot_area=M16HUB; S3확정; 발동: M16HUB[R-C'(역증가3개:6ABL6011,6ABL6021,6ABL0121),R-D(FAB저장=0.0%,STB=100.0%)]; M14[R-A_sus]; M16A[R-A_sus]; M16B[R-A_sus,R-B_fast(+17/10분)]",0,0,0,0,8,7,0,0,0,0,5,0,0,0,0,0,0,0,0,0,0,0,0,0,0,0,0,0,5,0,0,0,0,0,0,0,0,5,0,5,0,0,0,0,0,35,0,0,0,0,0,0,0,0,0,-7,0,8,14,17,-13,0.69,87.00,75.17,90.35,87.32,0,143,73,59,0,0,15,5,0,5,10
M16A_HUBROOM_PR.csv,2026-06-09 06:11,2026-06-09,06:11,3,3단계 ⭐확정,3,,65,경계,M16HUB,15,M16HUB,"M16A(05:11,RA_sus+RB) → M16HUB(05:12,RA+RD) → M14(05:41,RA+RA_sus) → M16(05:51,RB+RB_fast) → M16B(05:53,RA_sus+RB+RB_fast)",M16A_2F_TO_HUB=2.0x(주의);M16B_10F_TO_HUB=1.7x(주의),,15,5,0,10,10,10,0,0,RC+RD,RA_sus,,RA_sus+SLA,RA_sus+RB_fast,4.14,2.58,3.54,2.92,2.75,35,30,9,-2,22,0,100.00,4,"6ABL6011,6ABL6021,6ABL6022,6ABL6032",14.89,0,13.74,11.61,0,33,13,37,16,0,"hot_area=M16HUB; S3확정; 발동: M16HUB[R-C'(역증가4개:6ABL6011,6ABL6021,6ABL6022,6ABL6032),R-D(FAB저장=0.0%,STB=100.0%)]; M14[R-A_sus]; M16A[R-A_sus,SLA(13.7%4분초과)]; M16B[R-A_sus,R-B_fast(+14/10분)]; M16[R-B(SENDQUEUETOTAL+29/30분/기준+20)]; 흐름:M16A_2F_TO_HUB=2.0x(주의);M16B_10F_TO_HUB=1.7x(주의)",0,0,0,0,8,7,0,0,0,0,5,0,0,0,0,0,0,0,0,0,0,0,0,0,0,0,0,0,5,0,0,0,0,5,0,0,0,5,0,5,0,0,0,0,0,50,10,5,0,0,0,0,0,0,0,23,18,3,10,14,-5,0.66,87.29,85.13,88.24,90.27,0,130,101,100,0,0,15,5,0,10,10
M16A_HUBROOM_PR.csv,2026-06-09 06:12,2026-06-09,06:12,3,3단계 ⭐확정,3,,47,관심,M16HUB,12,,"M16HUB(05:12,RA+RD) → M16A(05:12,RA_sus+RB+RB_fast) → M14(05:41,RA+RA_sus) → M16(05:51,RB+RB_fast) → M16B(05:53,RA_sus+RB+RB_fast)",M16A_2F_TO_HUB=1.9x(주의),,12,5,0,10,10,0,0,0,RB_fast+RD,RA_sus,,RA_sus+SLA,RA_sus+RB_fast,5.06,2.54,2.85,2.79,2.86,55,43,7,8,17,0,100.00,4,"6ABL6011,6ABL6022,6ABL6032,6ABL0122",15.82,0,14.11,11.86,0,35,14,36,18,0,"hot_area=M16HUB; S3확정; 발동: M16HUB[R-B_fast(+40/10분),R-D(FAB저장=0.0%,STB=100.0%)]; M14[R-A_sus]; M16A[R-A_sus,SLA(14.1%4분초과)]; M16B[R-A_sus,R-B_fast(+16/10분)]; 흐름:M16A_2F_TO_HUB=1.9x(주의)",0,0,0,5,0,7,0,0,0,0,5,0,0,0,0,0,0,0,0,0,0,0,0,0,0,0,0,0,5,0,0,0,0,5,0,0,0,5,0,5,0,0,0,0,0,37,5,5,0,0,0,0,0,0,0,40,19,6,20,16,2,0.67,88.26,83.40,85.53,87.76,0,144,94,93,0,0,12,5,0,10,10
M16A_HUBROOM_PR.csv,2026-06-09 06:13,2026-06-09,06:13,3,3단계 ⭐확정,3,,72,경계,M16A,15,M16A,"M16HUB(05:13,RA+RA_sus+RD) → M16A(05:13,RA_sus+RB+RB_fast+SLA) → M14(05:41,RA+RA_sus) → M16(05:51,RB+RB_fast) → M16B(05:53,RA_sus+RB+RB_fast)",M16A_2F_TO_HUB=2.3x(위험),,12,10,0,15,5,10,0,0,RB_fast+RD,RA_sus+RB_fast,,RA_sus+RB_fast+SLA,RA_sus,4.16,2.62,2.80,2.86,2.65,64,66,3,43,11,0,100.00,7,"6ABL6011,6ABL6021,6ABL6022,6ABL6031,6ABL0112,6ABL0121,6ABL0122",16.58,0,13.61,10.43,0,37,11,37,19,0,"hot_area=M16A; S3확정; 발동: M16HUB[R-B_fast(+38/10분),R-D(FAB저장=0.0%,STB=100.0%)]; M14[R-A_sus,R-B_fast(+38/10분)]; M16A[R-A_sus,R-B_fast(+48/10분),SLA(13.6%4분초과)]; M16B[R-A_sus]; M16[R-B(SENDQUEUETOTAL+31/30분/기준+20)]; 흐름:M16A_2F_TO_HUB=2.3x(위험)",0,0,0,5,0,7,0,0,0,0,5,0,5,0,0,0,0,0,0,0,0,0,0,0,0,0,0,0,5,0,5,0,0,5,0,0,0,5,0,0,0,0,0,0,0,52,15,5,0,0,0,0,0,0,0,38,38,-6,48,2,19,0.69,89.23,78.49,87.53,90.12,0,154,103,93,0,0,12,10,0,15,5
M16A_HUBROOM_PR.csv,2026-06-09 06:14,2026-06-09,06:14,3,3단계 ⭐확정,3,,72,경계,M14,20,M14;M16A,"M16HUB(05:14,RA+RA_sus+RD) → M16A(05:14,RA_sus+RB+SLA) → M14(05:41,RA+RA_sus) → M16(05:51,RB+RB_fast) → M16B(05:53,RA_sus+RB+RB_fast)",M16A_2F_TO_HUB=2.4x(위험),,12,20,0,15,5,0,0,0,RB_fast+RD,RA_sus+RB+RB_fast,,RA_sus+RB_fast+SLA,RA_sus,5.41,3.01,2.57,2.61,2.83,93,90,7,66,9,0,100.00,7,"6ABL6011,6ABL6021,6ABL6022,6ABL6032,6ABL0112,6ABL0121,6ABL0122",16.43,0,13.24,10.64,0,38,14,35,17,0,"hot_area=M14; S3확정; 발동: M16HUB[R-B_fast(+59/10분),R-D(FAB저장=0.0%,STB=100.0%)]; M14[R-A_sus,R-B(3F_TO_HUB_JOB+90/30분/기준+80),R-B_fast(+54/10분)]; M16A[R-A_sus,R-B_fast(+48/10분),SLA(13.2%4분초과)]; M16B[R-A_sus]; 흐름:M16A_2F_TO_HUB=2.4x(위험)",0,0,0,5,0,7,0,0,0,0,5,10,5,0,0,0,0,0,0,0,0,0,0,0,0,0,0,0,5,0,5,0,0,5,0,0,0,5,0,0,0,0,0,0,0,52,15,5,0,0,0,0,0,0,0,59,54,-7,48,4,27,0.60,87.88,78.88,88.71,85.25,0,137,89,86,0,0,12,20,0,15,5
M16A_HUBROOM_PR.csv,2026-06-09 06:15,2026-06-09,06:15,3,3단계 ⭐확정,3,,87,주의,M14,25,M14;M16,"M16HUB(05:15,RA+RA_sus+RD) → M16A(05:15,RA_sus+RB+SLA) → M14(05:41,RA+RA_sus) → M16(05:51,RB+RB_fast) → M16B(05:53,RA_sus+RB+RB_fast)",M16A_2F_TO_HUB=2.3x(위험),,12,25,0,10,5,15,0,0,RB_fast+RD,RA_sus+RB+RB_fast+SLA,,RA_sus+RB_fast,RA_sus,4.12,2.88,3.04,2.71,2.56,90,91,7,62,18,0,100.00,6,"6ABL6011,6ABL6021,6ABL6022,6ABL0111,6ABL0121,6ABL0122",16.86,0,12.07,10.68,0,33,12,32,15,0,"hot_area=M14; S3확정; 발동: M16HUB[R-B_fast(+63/10분),R-D(FAB저장=0.0%,STB=100.0%)]; M14[R-A_sus,R-B(3F_TO_HUB_JOB+91/30분/기준+80),R-B_fast(+65/10분),SLA(16.9%4분초과)]; M16A[R-A_sus,R-B_fast(+39/10분)]; M16B[R-A_sus]; M16[R-B(SENDQUEUETOTAL+48/30분/기준+20),R-B_fast(+24/10분)]; 흐름:M16A_2F_TO_HUB=2.3x(위험)",0,0,0,5,0,7,0,0,0,0,5,10,5,0,0,5,0,0,0,0,0,0,0,0,0,0,0,0,5,0,5,0,0,0,0,0,0,5,0,0,0,0,0,0,0,67,15,5,0,0,0,0,0,0,0,63,65,-12,39,6,22,0.61,87.10,80.74,89.76,81.56,0,164,87,96,0,0,12,25,0,10,5
M16A_HUBROOM_PR.csv,2026-06-09 06:16,2026-06-09,06:16,3,3단계 ⭐확정,3,,62,관심,M14,25,M14,"M16HUB(05:16,RA+RA_sus+RD) → M16A(05:16,RA_sus+RB+SLA) → M14(05:41,RA+RA_sus) → M16(05:51,RB+RB_fast) → M16B(05:53,RA_sus+RB+RB_fast)",,,12,25,0,10,10,0,0,0,RB_fast+RD,RA_sus+RB+RB_fast+SLA,,RA_sus+RB_fast,RA_sus+RB_fast,4.94,2.66,3.07,2.71,2.70,94,81,12,65,19,0,100.00,6,"6ABL6011,6ABL6021,6ABL6022,6ABL0112,6ABL0121,6ABL0122",16.51,0,12.17,10.70,0,37,15,35,15,0,"hot_area=M14; S3확정; 발동: M16HUB[R-B_fast(+58/10분),R-D(FAB저장=0.0%,STB=100.0%)]; M14[R-A_sus,R-B(3F_TO_HUB_JOB+81/30분/기준+80),R-B_fast(+56/10분),SLA(16.5%4분초과)]; M16A[R-A_sus,R-B_fast(+41/10분)]; M16B[R-A_sus,R-B_fast(+10/10분)]",0,0,0,5,0,7,0,0,0,0,5,10,5,0,0,5,0,0,0,0,0,0,0,0,0,0,0,0,5,0,5,0,0,0,0,0,0,5,0,5,0,0,0,0,0,57,0,5,0,0,0,0,0,0,0,58,56,-12,41,10,21,0.62,85.45,81.14,89.18,75.81,0,141,79,86,0,0,12,25,0,10,10
M16A_HUBROOM_PR.csv,2026-06-09 06:17,2026-06-09,06:17,3,3단계 ⭐확정,3,,82,주의,M14,15,M14;M16A,"M16HUB(05:17,RA+RA_sus+RD) → M16A(05:17,RA_sus+RB+SLA) → M14(05:41,RA+RA_sus) → M16(05:51,RB+RB_fast) → M16B(05:53,RA_sus+RB+RB_fast)",M16A_2F_TO_HUB=2.2x(위험),,12,15,0,15,5,10,0,0,RB_fast+RD,RA_sus+RB_fast+SLA,,RA_sus+RB_fast+SLA,RA_sus,4.20,2.89,2.81,2.45,2.79,59,59,0,48,28,0,100.00,6,"6ABL6011,6ABL6012,6ABL6022,6ABL0112,6ABL0121,6ABL0122",16.00,0,13.90,10.66,0,40,17,37,18,0,"hot_area=M14; S3확정; 발동: M16HUB[R-B_fast(+56/10분),R-D(FAB저장=0.0%,STB=100.0%)]; M14[R-A_sus,R-B_fast(+54/10분),SLA(16.0%4분초과)]; M16A[R-A_sus,R-B_fast(+35/10분),SLA(13.9%4분초과)]; M16B[R-A_sus]; M16[R-B(SENDQUEUETOTAL+28/30분/기준+20)]; 흐름:M16A_2F_TO_HUB=2.2x(위험)",0,0,0,5,0,7,0,0,0,0,5,0,5,0,0,5,0,0,0,0,0,0,0,0,0,0,0,0,5,0,5,0,0,5,0,0,0,5,0,0,0,0,0,0,0,57,15,10,0,0,0,0,0,0,0,56,54,-3,35,5,8,0.62,85.26,80.61,91.18,79.65,0,149,99,92,0,0,12,15,0,15,5
M16A_HUBROOM_PR.csv,2026-06-09 06:18,2026-06-09,06:18,3,3단계 ⭐확정,3,,72,경계,M14,15,M14;M16A,"M16HUB(05:18,RA+RA_sus+RD) → M16A(05:18,RA_sus+RB+SLA) → M14(05:41,RA+RA_sus) → M16(05:51,RB+RB_fast) → M16B(05:53,RA_sus+RB+RB_fast)",M16A_2F_TO_HUB=2.8x(위험),,12,15,0,15,5,0,0,0,RB_fast+RD,RA_sus+RB_fast+SLA,,RA_sus+RB_fast+SLA,RA_sus,5.41,2.63,2.74,2.97,2.47,37,54,-1,76,18,0,100.00,7,"6ABL6011,6ABL6012,6ABL6021,6ABL6022,6ABL0112,6ABL0121,6ABL0122",16.47,0,13.77,8.95,0,40,16,29,16,0,"hot_area=M14; S3확정; 발동: M16HUB[R-B_fast(+32/10분),R-D(FAB저장=0.0%,STB=100.0%)]; M14[R-A_sus,R-B_fast(+38/10분),SLA(16.5%4분초과)]; M16A[R-A_sus,R-B_fast(+40/10분),SLA(13.8%4분초과)]; M16B[R-A_sus]; 흐름:M16A_2F_TO_HUB=2.8x(위험)",0,0,0,5,0,7,0,0,0,0,5,0,5,0,0,5,0,0,0,0,0,0,0,0,0,0,0,0,5,0,5,0,0,5,0,0,0,5,0,0,0,0,0,0,0,47,15,10,0,0,0,0,0,0,0,32,38,-5,40,-14,21,0.63,83.71,82.47,89.29,80.24,0,156,88,68,0,0,12,15,0,15,5
M16A_HUBROOM_PR.csv,2026-06-09 06:19,2026-06-09,06:19,3,3단계 ⭐확정,3,,62,관심,M16HUB,12,,"M16HUB(05:19,RA+RA_sus) → M16A(05:34,RA_sus+RB_fast+SLA) → M14(05:41,RA+RA_sus) → M16(05:51,RB+RB_fast) → M16B(05:53,RA_sus+RB+RB_fast)",M16A_2F_TO_HUB=2.5x(위험),,12,10,0,10,5,10,0,0,RB_fast+RD,RA_sus+RB_fast,,RA_sus+RB_fast,RA_sus,3.98,2.60,2.80,2.78,2.48,9,20,-4,69,2,0,99.41,7,"6ABL6011,6ABL6012,6ABL6021,6ABL6022,6ABL6032,6ABL0112,6ABL0121",16.57,0,12.99,9.87,0,43,16,31,17,0,"hot_area=M16HUB; S3확정; 발동: M16HUB[R-B_fast(+30/10분),R-D(FAB저장=0.0%,STB=99.4%)]; M14[R-A_sus,R-B_fast(+36/10분)]; M16A[R-A_sus,R-B_fast(+28/10분)]; M16B[R-A_sus]; M16[R-B(SENDQUEUETOTAL+32/30분/기준+20)]; 흐름:M16A_2F_TO_HUB=2.5x(위험)",0,0,0,5,0,7,0,0,0,0,5,0,5,0,0,0,0,0,0,0,0,0,0,0,0,0,0,0,5,0,5,0,0,0,0,0,0,5,0,0,0,0,0,0,0,47,15,0,0,0,0,0,0,0,0,30,36,-2,28,-23,26,0.61,81.28,82.87,88.71,83.33,0,141,92,84,0,0,12,10,0,10,5
M16A_HUBROOM_PR.csv,2026-06-09 06:20,2026-06-09,06:20,3,3단계 ⭐확정,3,,57,관심,M14,15,M14,"M16HUB(05:20,RA+RA_sus) → M16A(05:34,RA_sus+RB_fast+SLA) → M14(05:41,RA+RA_sus) → M16(05:51,RB+RB_fast) → M16B(05:53,RA_sus+RB+RB_fast)",M16A_2F_TO_HUB=2.2x(위험),,7,15,0,10,5,0,0,0,RD,RA_sus+RB_fast+SLA,,RA_sus+RB_fast,RA_sus,5.82,2.79,2.95,2.58,2.39,-12,12,-6,72,1,0,99.41,6,"6ABL6011,6ABL6021,6ABL6022,6ABL6032,6ABL0112,6ABL0121",16.98,0,12.52,8.37,0,41,15,36,18,0,"hot_area=M14; S3확정; 발동: M16HUB[R-D(FAB저장=0.0%,STB=99.4%)]; M14[R-A_sus,R-B_fast(+27/10분),SLA(17.0%4분초과)]; M16A[R-A_sus,R-B_fast(+51/10분)]; M16B[R-A_sus]; 흐름:M16A_2F_TO_HUB=2.2x(위험)",0,0,0,0,0,7,0,0,0,0,5,0,5,0,0,5,0,0,0,0,0,0,0,0,0,0,0,0,5,0,5,0,0,0,0,0,0,5,0,0,0,0,0,0,0,37,15,5,0,0,0,0,0,0,0,20,27,-2,51,-18,23,0.62,77.69,81.94,85.53,83.33,0,169,79,63,0,0,7,15,0,10,5
M16A_HUBROOM_PR.csv,2026-06-09 06:21,2026-06-09,06:21,3,3단계 ⭐확정,3,,42,관심,M14,10,,"M16HUB(05:23,RA+RD) → M16A(05:34,RA_sus+RB_fast+SLA) → M14(05:41,RA+RA_sus) → M16(05:51,RB+RB_fast) → M16B(05:53,RA_sus+RB+RB_fast)",M16A_2F_TO_HUB=1.8x(주의),,7,10,0,10,5,0,0,0,RD,RA_sus+SLA,,RA_sus+RB_fast,RA_sus,4.23,2.61,3.52,2.81,2.50,-36,-12,-12,45,-9,0,99.41,6,"6ABL6012,6ABL6021,6ABL6022,6ABL0111,6ABL0112,6ABL0121",17.00,0,12.20,10.65,0,41,16,33,17,0,"hot_area=M14; S3확정; 발동: M16HUB[R-D(FAB저장=0.0%,STB=99.4%)]; M14[R-A_sus,SLA(17.0%4분초과)]; M16A[R-A_sus,R-B_fast(+30/10분)]; M16B[R-A_sus]; 흐름:M16A_2F_TO_HUB=1.8x(주의)",0,0,0,0,0,7,0,0,0,0,5,0,0,0,0,5,0,0,0,0,0,0,0,0,0,0,0,0,5,0,5,0,0,0,0,0,0,5,0,0,0,0,0,0,0,32,5,5,0,0,0,0,0,0,0,-9,1,-2,30,-29,22,0.63,79.92,80.61,87.29,83.48,0,152,90,95,0,0,7,10,0,10,5
M16A_HUBROOM_PR.csv,2026-06-09 06:22,2026-06-09,06:22,1,1단계 조기경보,3,3→1,20,정상,M14,5,,"M16HUB(05:23,RA+RD) → M16A(05:34,RA_sus+RB_fast+SLA) → M14(05:41,RA+RA_sus) → M16(05:51,RB+RB_fast) → M16B(05:53,RA_sus+RB+RB_fast)",M16A_2F_TO_HUB=1.5x(주의),,0,5,0,5,5,0,0,0,,RA_sus,,RA_sus,RA_sus,6.03,2.91,2.80,2.60,2.84,-9,2,-16,44,-13,0,98.82,7,"6ABL6012,6ABL6021,6ABL6022,6ABL6032,6ABL0111,6ABL0112,6ABL0121",16.45,0,12.48,11.45,0,41,14,34,20,0,hot_area=M14; S1조기경보; 발동: M14[R-A_sus]; M16A[R-A_sus]; M16B[R-A_sus]; 흐름:M16A_2F_TO_HUB=1.5x(주의),0,0,0,0,0,0,0,0,0,0,5,0,0,0,0,0,0,0,0,0,0,0,0,0,0,0,0,0,5,0,0,0,0,0,0,0,0,5,0,0,0,0,0,0,0,15,5,0,0,0,0,0,0,0,0,14,11,-5,16,-31,35,0.69,82.74,81.54,84.35,76.70,0,151,82,90,0,0,0,5,0,5,5
M16A_HUBROOM_PR.csv,2026-06-09 06:23,2026-06-09,06:23,3,3단계 ⭐확정,1,1→3,47,관심,M16A,10,,"M16HUB(05:23,RA+RD) → M16A(05:34,RA_sus+RB_fast+SLA) → M14(05:41,RA+RA_sus) → M16(05:51,RB+RB_fast) → M16B(05:53,RA_sus+RB+RB_fast)",M16A_2F_TO_HUB=2.4x(위험),,7,5,0,10,5,0,0,0,RD,RA_sus,,RA_sus+SLA,RA_sus,4.30,2.55,2.87,2.88,2.51,-9,16,-4,61,-30,0,99.41,7,"6ABL6011,6ABL6021,6ABL6022,6ABL6032,6ABL0111,6ABL0112,6ABL0121",16.34,0,13.04,10.79,0,43,15,36,20,0,"hot_area=M16A; S3확정; 발동: M16HUB[R-D(FAB저장=0.0%,STB=99.4%)]; M14[R-A_sus]; M16A[R-A_sus,SLA(13.0%4분초과)]; M16B[R-A_sus]; 흐름:M16A_2F_TO_HUB=2.4x(위험)",0,0,0,0,0,7,0,0,0,0,5,0,0,0,0,0,0,0,0,0,0,0,0,0,0,0,0,0,5,0,0,0,0,5,0,0,0,5,0,0,0,0,0,0,0,27,15,5,0,0,0,0,0,0,0,4,7,13,-10,-17,34,0.66,84.00,85.39,85.41,80.38,0,158,96,94,0,0,7,5,0,10,5
M16A_HUBROOM_PR.csv,2026-06-09 06:24,2026-06-09,06:24,1,1단계 조기경보,3,3→1,37,관심,M16A,10,,"M16HUB(05:24,RA+RD) → M16A(05:34,RA_sus+RB_fast+SLA) → M14(05:41,RA+RA_sus) → M16(05:51,RB+RB_fast) → M16B(05:53,RA_sus+RB+RB_fast)",M16A_2F_TO_HUB=1.7x(주의),,7,5,0,10,5,0,0,0,RD,RA_sus,,RA_sus+SLA,RA_sus,6.51,2.74,2.83,2.78,2.67,0,14,3,56,-23,0,99.41,7,"6ABL6011,6ABL6021,6ABL6022,6ABL6031,6ABL6032,6ABL0112,6ABL0121",16.55,0,13.27,11.08,0,40,14,28,14,0,"hot_area=M16A; S1조기경보; 발동: M16HUB[R-D(FAB저장=0.0%,STB=99.4%)]; M14[R-A_sus]; M16A[R-A_sus,SLA(13.3%4분초과)]; M16B[R-A_sus]; 흐름:M16A_2F_TO_HUB=1.7x(주의)",0,0,0,0,0,7,0,0,0,0,5,0,0,0,0,0,0,0,0,0,0,0,0,0,0,0,0,0,5,0,0,0,0,5,0,0,0,5,0,0,0,0,0,0,0,27,5,5,0,0,0,0,0,0,0,-13,-14,14,-28,-7,19,0.67,82.93,88.98,85.65,79.50,0,145,88,87,0,0,7,5,0,10,5
M16A_HUBROOM_PR.csv,2026-06-09 06:25,2026-06-09,06:25,1,1단계 조기경보,1,,32,관심,M16A,10,,"M16HUB(05:25,RA+RB_fast) → M16A(05:34,RA_sus+RB_fast+SLA) → M14(05:41,RA+RA_sus) → M16(05:51,RB+RB_fast) → M16B(05:53,RA_sus+RB+RB_fast)",,,7,5,0,10,5,0,0,0,RD,RA_sus,,RA_sus+SLA,RA_sus,4.00,2.50,3.20,2.65,2.57,-9,7,5,44,-10,0.59,99.41,5,"6ABL6022,6ABL6031,6ABL6032,6ABL0112,6ABL0121",15.62,0,13.30,11.37,0,38,13,32,14,0,"hot_area=M16A; S1조기경보; 발동: M16HUB[R-D(FAB저장=0.6%,STB=99.4%)]; M14[R-A_sus]; M16A[R-A_sus,SLA(13.3%4분초과)]; M16B[R-A_sus]",0,0,0,0,0,7,0,0,0,0,5,0,0,0,0,0,0,0,0,0,0,0,0,0,0,0,0,0,5,0,0,0,0,5,0,0,0,5,0,0,0,0,0,0,0,27,0,5,0,0,0,0,0,0,0,-16,-20,19,-20,0,12,0.68,81.77,91.63,85.53,82.45,0,154,96,98,0,0,7,5,0,10,5
M16A_HUBROOM_PR.csv,2026-06-09 06:26,2026-06-09,06:26,1,1단계 조기경보,1,,22,정상,M16HUB,7,,"M16HUB(05:27,RA+RA_sus+RB_fast+RD) → M16A(05:34,RA_sus+RB_fast+SLA) → M14(05:41,RA+RA_sus) → M16(05:51,RB+RB_fast) → M16B(05:53,RA_sus+RB+RB_fast)",,,7,5,0,5,5,0,0,0,RD,RA_sus,,RA_sus,RA_sus,5.91,2.73,3.03,2.69,2.71,1,6,13,48,-12,0,100.00,7,"6ABL6012,6ABL6022,6ABL6031,6ABL0111,6ABL0112,6ABL0121,6ABL0122",16.06,0,12.50,11.28,0,36,12,35,15,0,"hot_area=M16HUB; S1조기경보; 발동: M16HUB[R-D(FAB저장=0.0%,STB=100.0%)]; M14[R-A_sus]; M16A[R-A_sus]; M16B[R-A_sus]",0,0,0,0,0,7,0,0,0,0,5,0,0,0,0,0,0,0,0,0,0,0,0,0,0,0,0,0,5,0,0,0,0,0,0,0,0,5,0,0,0,0,0,0,0,22,0,0,0,0,0,0,0,0,0,-17,-16,17,-17,-4,23,0.69,83.22,90.31,86.24,82.01,0,140,81,87,0,0,7,5,0,5,5
M16A_HUBROOM_PR.csv,2026-06-09 06:27,2026-06-09,06:27,3,3단계 ⭐확정,1,1→3,27,정상,M16HUB,7,,"M16HUB(05:27,RA+RA_sus+RB_fast+RD) → M16A(05:34,RA_sus+RB_fast+SLA) → M14(05:41,RA+RA_sus) → M16(05:51,RB+RB_fast) → M16B(05:53,RA_sus+RB+RB_fast)",,,7,5,0,5,5,5,0,0,RD,RA_sus,,RA_sus,RA_sus,3.88,2.51,3.12,2.75,2.62,-1,5,10,43,-17,0,100.00,9,"6ABL6011,6ABL6012,6ABL6022,6ABL6031,6ABL6032,6ABL0111,6ABL0112,6ABL0121,6ABL0122",16.79,0,12.20,9.88,0,36,12,33,16,0,"hot_area=M16HUB; S3확정; 발동: M16HUB[R-D(FAB저장=0.0%,STB=100.0%)]; M14[R-A_sus]; M16A[R-A_sus]; M16B[R-A_sus]; M16[R-B_fast(+16/10분)]",0,0,0,0,0,7,0,0,0,0,5,0,0,0,0,0,0,0,0,0,0,0,0,0,0,0,0,0,5,0,0,0,0,0,0,0,0,5,0,0,0,0,0,0,0,27,0,0,0,0,0,0,0,0,0,-9,-15,11,-10,-20,28,0.67,84.87,91.50,87.18,86.43,0,155,87,84,0,0,7,5,0,5,5
M16A_HUBROOM_PR.csv,2026-06-09 06:28,2026-06-09,06:28,1,1단계 조기경보,3,3→1,22,정상,M16HUB,7,,"M16HUB(05:28,RA+RA_sus+RB_fast+RD) → M16A(05:34,RA_sus+RB_fast+SLA) → M14(05:41,RA+RA_sus) → M16(05:51,RB+RB_fast) → M16B(05:53,RA_sus+RB+RB_fast)",,,7,5,0,5,5,0,0,0,RD,RA_sus,,RA_sus,RA_sus,6.25,2.77,3.02,2.54,2.29,17,15,7,28,-17,0,100.00,8,"6ABL6011,6ABL6021,6ABL6022,6ABL6032,6ABL0111,6ABL0112,6ABL0121,6ABL0122",16.09,0,12.44,7.07,0,35,11,37,15,0,"hot_area=M16HUB; S1조기경보; 발동: M16HUB[R-D(FAB저장=0.0%,STB=100.0%)]; M14[R-A_sus]; M16A[R-A_sus]; M16B[R-A_sus]",0,0,0,0,0,7,0,0,0,0,5,0,0,0,0,0,0,0,0,0,0,0,0,0,0,0,0,0,5,0,0,0,0,0,0,0,0,5,0,0,0,0,0,0,0,22,0,0,0,0,0,0,0,0,0,7,-7,6,-41,-20,15,0.66,83.51,86.34,87.53,85.99,0,158,79,54,0,0,7,5,0,5,5
M16A_HUBROOM_PR.csv,2026-06-09 06:29,2026-06-09,06:29,1,1단계 조기경보,1,,22,정상,M16HUB,7,,"M16HUB(05:29,RA+RA_sus+RB_fast) → M16A(05:34,RA_sus+RB_fast+SLA) → M14(05:41,RA+RA_sus) → M16(05:51,RB+RB_fast) → M16B(05:53,RA_sus+RB+RB_fast)",,,7,5,0,5,5,0,0,0,RD,RA_sus,,RA_sus,RA_sus,3.73,2.50,2.90,2.79,2.70,26,32,-1,20,-10,0,100.00,5,"6ABL6011,6ABL6022,6ABL6032,6ABL0111,6ABL0112",16.36,0,11.65,9.46,0,40,15,35,14,0,"hot_area=M16HUB; S1조기경보; 발동: M16HUB[R-D(FAB저장=0.0%,STB=100.0%)]; M14[R-A_sus]; M16A[R-A_sus]; M16B[R-A_sus]",0,0,0,0,0,7,0,0,0,0,5,0,0,0,0,0,0,0,0,0,0,0,0,0,0,0,0,0,5,0,0,0,0,0,0,0,0,5,0,0,0,0,0,0,0,22,0,0,0,0,0,0,0,0,0,5,-1,-7,-35,-7,11,0.62,81.86,81.03,87.65,84.07,0,142,81,76,0,0,7,5,0,5,5
M16A_HUBROOM_PR.csv,2026-06-09 06:30,2026-06-09,06:30,1,1단계 조기경보,1,,22,정상,M16HUB,7,,"M16HUB(05:30,RA+RA_sus+RB_fast) → M16A(05:34,RA_sus+RB_fast+SLA) → M14(05:41,RA+RA_sus) → M16(05:51,RB+RB_fast) → M16B(05:53,RA_sus+RB+RB_fast)",,,7,5,0,5,5,0,0,0,RD,RA_sus,,RA_sus,RA_sus,6.11,2.67,3.12,2.76,2.26,15,28,0,18,-9,0,100.00,6,"6ABL6012,6ABL6022,6ABL6031,6ABL6032,6ABL0111,6ABL0112",15.79,0,12.13,7.48,0,39,16,38,17,0,"hot_area=M16HUB; S1조기경보; 발동: M16HUB[R-D(FAB저장=0.0%,STB=100.0%)]; M14[R-A_sus]; M16A[R-A_sus]; M16B[R-A_sus]",0,0,0,0,0,7,0,0,0,0,5,0,0,0,0,0,0,0,0,0,0,0,0,0,0,0,0,0,5,0,0,0,0,0,0,0,0,5,0,0,0,0,0,0,0,22,0,0,0,0,0,0,0,0,0,2,1,-6,-47,-8,19,0.63,77.79,81.43,86.71,78.32,0,157,74,53,0,0,7,5,0,5,5
M16A_HUBROOM_PR.csv,2026-06-09 06:31,2026-06-09,06:31,3,3단계 ⭐확정,1,1→3,32,관심,M16B,10,,"M16HUB(05:31,RA+RB_fast+RC+RD) → M16A(05:34,RA_sus+RB_fast+SLA) → M14(05:41,RA+RA_sus) → M16(05:51,RB+RB_fast) → M16B(05:53,RA_sus+RB+RB_fast)",,,7,5,0,5,10,5,0,0,RD,RA_sus,,RA_sus,RA_sus+RB_fast,4.79,2.81,3.69,2.88,2.48,40,39,8,16,-4,0,99.41,6,"6ABL6012,6ABL6031,6ABL6032,6ABL0111,6ABL0112,6ABL0121",15.80,0,11.94,10.00,0,34,13,37,16,0,"hot_area=M16B; S3확정; 발동: M16HUB[R-D(FAB저장=0.0%,STB=99.4%)]; M14[R-A_sus]; M16A[R-A_sus]; M16B[R-A_sus,R-B_fast(+11/10분)]; M16[R-B_fast(+30/10분)]",0,0,0,0,0,7,0,0,0,0,5,0,0,0,0,0,0,0,0,0,0,0,0,0,0,0,0,0,5,0,0,0,0,0,0,0,0,5,0,5,0,0,0,0,0,32,0,0,0,0,0,0,0,0,0,26,20,7,-24,11,17,0.61,79.05,81.70,91.53,76.55,0,145,86,86,0,0,7,5,0,5,10
M16A_HUBROOM_PR.csv,2026-06-09 06:32,2026-06-09,06:32,3,3단계 ⭐확정,3,,32,관심,M16HUB,12,,"M16HUB(05:32,RA+RB_fast+RC+RD) → M16A(05:34,RA_sus+RB_fast+SLA) → M14(05:41,RA+RA_sus) → M16(05:51,RB+RB_fast) → M16B(05:53,RA_sus+RB+RB_fast)",,,12,5,0,5,10,0,0,0,RA_sus+RD,RA_sus,,RA_sus,RA_sus+RB_fast,6.68,2.63,3.05,2.79,2.81,57,32,19,21,2,0,99.41,4,"6ABL6021,6ABL6031,6ABL0111,6ABL0121",15.43,0,11.65,10.57,0,37,15,34,15,0,"hot_area=M16HUB; S3확정; 발동: M16HUB[R-A_sus,R-D(FAB저장=0.0%,STB=99.4%)]; M14[R-A_sus]; M16A[R-A_sus]; M16B[R-A_sus,R-B_fast(+17/10분)]",0,5,0,0,0,7,0,0,0,0,5,0,0,0,0,0,0,0,0,0,0,0,0,0,0,0,0,0,5,0,0,0,0,0,0,0,0,5,0,5,0,0,0,0,0,32,0,0,0,0,0,0,0,0,0,3,2,18,-15,17,6,0.63,78.56,80.77,88.71,79.79,0,146,75,82,0,0,12,5,0,5,10
M16A_HUBROOM_PR.csv,2026-06-09 06:33,2026-06-09,06:33,3,3단계 ⭐확정,3,,40,관심,M16HUB,15,M16HUB,"M16HUB(05:33,RA+RB_fast+RC+RD) → M16A(05:34,RA_sus+RB_fast+SLA) → M14(05:41,RA+RA_sus) → M16(05:51,RB+RB_fast) → M16B(05:53,RA_sus+RB+RB_fast)",,,15,5,0,5,10,5,0,0,RC+RD,RA_sus,,RA_sus,RA_sus+RB_fast,5.58,2.71,3.04,2.63,2.41,37,34,11,22,3,0.59,99.41,3,"6ABL6032,6ABL0111,6ABL0121",15.39,0,12.35,9.48,0,36,15,41,20,0,"hot_area=M16HUB; S3확정; 발동: M16HUB[R-C'(역증가3개:6ABL6032,6ABL0111,6ABL0121),R-D(FAB저장=0.6%,STB=99.4%)]; M14[R-A_sus]; M16A[R-A_sus]; M16B[R-A_sus,R-B_fast(+18/10분)]; M16[R-B_fast(+21/10분)]",0,0,0,0,8,7,0,0,0,0,5,0,0,0,0,0,0,0,0,0,0,0,0,0,0,0,0,0,5,0,0,0,0,0,0,0,0,5,0,5,0,0,0,0,0,40,0,0,0,0,0,0,0,0,0,-5,-11,4,-16,18,-4,0.61,78.18,85.15,87.53,80.24,0,149,90,80,0,0,15,5,0,5,10
M16A_HUBROOM_PR.csv,2026-06-09 06:34,2026-06-09,06:34,1,1단계 조기경보,3,3→1,27,정상,M16HUB,12,,"M16HUB(05:34,RA+RB_fast+RC+RD) → M16A(05:34,RA_sus+RB_fast+SLA) → M14(05:41,RA+RA_sus) → M16(05:51,RB+RB_fast) → M16B(05:53,RA_sus+RB+RB_fast)",,,12,5,0,5,5,0,0,0,RA_sus+RD,RA_sus,,RA_sus,RA_sus,7.16,2.69,2.92,2.79,2.81,39,31,2,21,6,0,100.00,6,"6ABL6011,6ABL6012,6ABL6031,6ABL0111,6ABL0112,6ABL0121",15.46,0,12.67,10.03,0,38,15,38,17,0,"hot_area=M16HUB; S1조기경보; 발동: M16HUB[R-A_sus,R-D(FAB저장=0.0%,STB=100.0%)]; M14[R-A_sus]; M16A[R-A_sus]; M16B[R-A_sus]",0,5,0,0,0,7,0,0,0,0,5,0,0,0,0,0,0,0,0,0,0,0,0,0,0,0,0,0,5,0,0,0,0,0,0,0,0,5,0,0,0,0,0,0,0,27,0,0,0,0,0,0,0,0,0,-7,-9,-5,1,9,9,0.59,77.50,85.01,86.71,76.25,0,132,84,77,0,0,12,5,0,5,5
M16A_HUBROOM_PR.csv,2026-06-09 06:35,2026-06-09,06:35,3,3단계 ⭐확정,1,1→3,37,관심,M16,15,M16,"M16HUB(05:35,RA+RD) → M16A(05:35,RA_sus+RB_fast+SLA) → M14(05:41,RA+RA_sus) → M16(05:51,RB+RB_fast) → M16B(05:53,RA_sus+RB+RB_fast)",,,7,5,0,5,5,15,0,0,RD,RA_sus,,RA_sus,RA_sus,5.44,2.42,3.16,2.65,2.34,45,47,-5,24,11,0,100.00,3,"6ABL6031,6ABL0112,6ABL0121",14.65,0,12.18,9.39,0,39,15,32,16,0,"hot_area=M16; S3확정; 발동: M16HUB[R-D(FAB저장=0.0%,STB=100.0%)]; M14[R-A_sus]; M16A[R-A_sus]; M16B[R-A_sus]; M16[R-B(SENDQUEUETOTAL+27/30분/기준+20),R-B_fast(+52/10분)]",0,0,0,0,0,7,0,0,0,0,5,0,0,0,0,0,0,0,0,0,0,0,0,0,0,0,0,0,5,0,0,0,0,0,0,0,0,5,0,0,0,0,0,0,0,37,0,0,0,0,0,0,0,0,0,-2,2,-12,5,5,5,0.60,75.75,79.84,88.35,73.89,0,143,90,79,0,0,7,5,0,5,5
M16A_HUBROOM_PR.csv,2026-06-09 06:36,2026-06-09,06:36,1,1단계 조기경보,3,3→1,35,관심,M16HUB,20,M16HUB,"M16HUB(05:36,RA+RC+RD) → M16A(05:36,RA_sus+RB_fast+SLA) → M14(05:41,RA+RA_sus) → M16(05:51,RB+RB_fast) → M16B(05:53,RA_sus+RB+RB_fast)",,,20,5,0,5,5,0,0,0,RA_sus+RC+RD,RA_sus,,RA_sus,RA_sus,6.75,2.27,3.50,2.54,3.03,37,35,-9,20,10,0,100.00,4,"6ABL6031,6ABL0111,6ABL0112,6ABL0121",13.75,0,12.67,10.08,0,37,16,33,16,0,"hot_area=M16HUB; S1조기경보; 발동: M16HUB[R-A_sus,R-C'(역증가4개:6ABL6031,6ABL0111,6ABL0112,6ABL0121),R-D(FAB저장=0.0%,STB=100.0%)]; M14[R-A_sus]; M16A[R-A_sus]; M16B[R-A_sus]",0,5,0,0,8,7,0,0,0,0,5,0,0,0,0,0,0,0,0,0,0,0,0,0,0,0,0,0,5,0,0,0,0,0,0,0,0,5,0,0,0,0,0,0,0,35,0,0,0,0,0,0,0,0,0,-4,-5,-14,-4,4,-2,0.61,76.53,81.96,88.24,75.37,0,120,83,76,0,0,20,5,0,5,5
M16A_HUBROOM_PR.csv,2026-06-09 06:37,2026-06-09,06:37,1,1단계 조기경보,1,,27,정상,M16HUB,12,,"M16HUB(05:41,RC+RD) → M14(05:41,RA+RA_sus) → M16(05:51,RB+RB_fast) → M16B(05:53,RA_sus+RB+RB_fast) → M16A(06:04,RA_sus+RB_fast+SLA)",,,12,5,0,5,5,0,0,0,RA_sus+RD,RA_sus,,RA_sus,RA_sus,6.27,2.50,3.21,2.64,2.17,55,53,-7,33,-11,0,100.00,6,"6ABL6022,6ABL6031,6ABL6032,6ABL0111,6ABL0112,6ABL0121",13.70,0,12.30,8.43,0,41,17,29,15,0,"hot_area=M16HUB; S1조기경보; 발동: M16HUB[R-A_sus,R-D(FAB저장=0.0%,STB=100.0%)]; M14[R-A_sus]; M16A[R-A_sus]; M16B[R-A_sus]",0,5,0,0,0,7,0,0,0,0,5,0,0,0,0,0,0,0,0,0,0,0,0,0,0,0,0,0,5,0,0,0,0,0,0,0,0,5,0,0,0,0,0,0,0,27,0,0,0,0,0,0,0,0,0,8,14,-15,8,4,11,0.61,76.33,84.08,89.76,74.93,0,124,90,70,0,0,12,5,0,5,5
M16A_HUBROOM_PR.csv,2026-06-09 06:38,2026-06-09,06:38,3,3단계 ⭐확정,1,1→3,32,관심,M16HUB,12,,"M16HUB(05:41,RC+RD) → M14(05:41,RA+RA_sus) → M16(05:51,RB+RB_fast) → M16B(05:53,RA_sus+RB+RB_fast) → M16A(06:04,RA_sus+RB_fast+SLA)",,,12,5,0,10,5,0,0,0,RA_sus+RD,RA_sus,,RA_sus+RB_fast,RA_sus,7.20,2.44,3.00,2.62,2.83,27,40,-13,25,-30,0,100.00,4,"6ABL6012,6ABL0111,6ABL0112,6ABL0121",13.15,0,12.44,8.74,0,45,21,34,13,0,"hot_area=M16HUB; S3확정; 발동: M16HUB[R-A_sus,R-D(FAB저장=0.0%,STB=100.0%)]; M14[R-A_sus]; M16A[R-A_sus,R-B_fast(+26/10분)]; M16B[R-A_sus]",0,5,0,0,0,7,0,0,0,0,5,0,0,0,0,0,0,0,0,0,0,0,0,0,0,0,0,0,5,0,5,0,0,0,0,0,0,5,0,0,0,0,0,0,0,32,0,0,0,0,0,0,0,0,0,-12,9,-14,26,4,0,0.65,76.43,81.56,86.94,74.04,0,122,82,66,0,0,12,5,0,10,5
M16A_HUBROOM_PR.csv,2026-06-09 06:39,2026-06-09,06:39,3,3단계 ⭐확정,3,,35,관심,M16HUB,20,M16HUB,"M16HUB(05:41,RC+RD) → M14(05:41,RA+RA_sus) → M16(05:51,RB+RB_fast) → M16B(05:53,RA_sus+RB+RB_fast) → M16A(06:04,RA_sus+RB_fast+SLA)",,,20,5,0,10,0,0,0,0,RA_sus+RC+RD,RA_sus,,RA_sus+RB_fast,,6.79,2.36,3.05,2.73,2.29,27,31,-6,19,-32,0,100.00,4,"6ABL6011,6ABL0111,6ABL0112,6ABL0121",12.45,0,12.06,8.59,0,43,21,36,16,0,"hot_area=M16HUB; S3확정; 발동: M16HUB[R-A_sus,R-C'(역증가4개:6ABL6011,6ABL0111,6ABL0112,6ABL0121),R-D(FAB저장=0.0%,STB=100.0%)]; M14[R-A_sus]; M16A[R-A_sus,R-B_fast(+26/10분)]",0,5,0,0,8,7,0,0,0,0,5,0,0,0,0,0,0,0,0,0,0,0,0,0,0,0,0,0,5,0,5,0,0,0,0,0,0,0,0,0,0,0,0,0,0,35,0,0,0,0,0,0,0,0,0,-8,-4,3,26,-2,-1,0.65,77.50,84.08,89.06,75.96,0,118,85,69,0,0,20,5,0,10,0
M16A_HUBROOM_PR.csv,2026-06-09 06:40,2026-06-09,06:40,3,3단계 ⭐확정,3,,27,정상,M16HUB,12,,"M16HUB(05:41,RC+RD) → M14(05:41,RA+RA_sus) → M16(05:51,RB+RB_fast) → M16B(05:53,RA_sus+RB+RB_fast) → M16A(06:04,RA_sus+RB_fast+SLA)",,,12,5,0,10,0,0,0,0,RA_sus+RD,RA_sus,,RA_sus+RB_fast,,7.22,2.51,3.04,2.58,2.24,21,25,-2,35,-29,0,100.00,5,"6ABL6011,6ABL6012,6ABL6021,6ABL0111,6ABL0121",12.27,0,11.50,6.44,0,42,21,33,14,0,"hot_area=M16HUB; S3확정; 발동: M16HUB[R-A_sus,R-D(FAB저장=0.0%,STB=100.0%)]; M14[R-A_sus]; M16A[R-A_sus,R-B_fast(+31/10분)]",0,5,0,0,0,7,0,0,0,0,5,0,0,0,0,0,0,0,0,0,0,0,0,0,0,0,0,0,5,0,5,0,0,0,0,0,0,0,0,0,0,0,0,0,0,27,0,0,0,0,0,0,0,0,0,-1,-3,6,31,-3,1,0.66,74.30,83.29,87.65,72.27,0,119,73,45,0,0,12,5,0,10,0
M16A_HUBROOM_PR.csv,2026-06-09 06:41,2026-06-09,06:41,3,3단계 ⭐확정,3,,27,정상,M16HUB,12,,"M16HUB(05:41,RC+RD) → M14(05:41,RA+RA_sus) → M16(05:51,RB+RB_fast) → M16B(05:53,RA_sus+RB+RB_fast) → M16A(06:04,RA_sus+RB_fast+SLA)",,,12,5,0,10,0,0,0,0,RA_sus+RD,RA_sus,,RA_sus+RB_fast,,6.53,2.44,3.13,2.50,2.63,13,17,2,50,-28,0,99.41,4,"6ABL6011,6ABL6012,6ABL0111,6ABL0121",11.87,0,11.56,8.60,0,41,17,34,15,0,"hot_area=M16HUB; S3확정; 발동: M16HUB[R-A_sus,R-D(FAB저장=0.0%,STB=99.4%)]; M14[R-A_sus]; M16A[R-A_sus,R-B_fast(+44/10분)]",0,5,0,0,0,7,0,0,0,0,5,0,0,0,0,0,0,0,0,0,0,0,0,0,0,0,0,0,5,0,5,0,0,0,0,0,0,0,0,0,0,0,0,0,0,27,0,0,0,0,0,0,0,0,0,-4,-4,-3,44,-10,7,0.65,72.74,84.75,86.71,73.01,0,106,85,71,0,0,12,5,0,10,0
M16A_HUBROOM_PR.csv,2026-06-09 06:42,2026-06-09,06:42,3,3단계 ⭐확정,3,,45,관심,M16HUB,20,M16HUB,"M16HUB(05:42,RC+RD) → M14(05:42,RA+RA_sus+RC+SLA) → M16(05:51,RB+RB_fast) → M16B(05:53,RA_sus+RB+RB_fast) → M16A(06:04,RA_sus+RB_fast+SLA)",,,20,5,0,10,5,5,0,0,RA_sus+RC+RD,RA_sus,,RA_sus+RB_fast,RA_sus,6.69,2.57,2.97,2.71,2.52,5,8,9,36,-20,0,99.41,4,"6ABL6012,6ABL6031,6ABL0111,6ABL0122",11.42,0,11.18,8.68,0,37,14,35,16,0,"hot_area=M16HUB; S3확정; 발동: M16HUB[R-A_sus,R-C'(역증가4개:6ABL6012,6ABL6031,6ABL0111,6ABL0122),R-D(FAB저장=0.0%,STB=99.4%)]; M14[R-A_sus]; M16A[R-A_sus,R-B_fast(+35/10분)]; M16B[R-A_sus]; M16[R-B_fast(+10/10분)]",0,5,0,0,8,7,0,0,0,0,5,0,0,0,0,0,0,0,0,0,0,0,0,0,0,0,0,0,5,0,5,0,0,0,0,0,0,5,0,0,0,0,0,0,0,45,0,0,0,0,0,0,0,0,0,-12,-5,-4,35,-6,-4,0.67,75.56,83.69,86.82,74.78,0,107,74,64,0,0,20,5,0,10,5
M16A_HUBROOM_PR.csv,2026-06-09 06:43,2026-06-09,06:43,3,3단계 ⭐확정,3,,40,관심,M16HUB,20,M16HUB,"M16HUB(05:43,RC+RD) → M14(05:43,RA+RA_sus+RC+SLA) → M16(05:51,RB+RB_fast) → M16B(05:53,RA_sus+RB+RB_fast) → M16A(06:04,RA_sus+RB_fast+SLA)",,,20,5,0,10,5,0,0,0,RA_sus+RC+RD,RA_sus,,RA_sus+RB_fast,RA_sus,8.01,2.39,2.91,2.84,2.42,-5,-14,14,0,-4,0,99.41,3,"6ABL6012,6ABL0111,6ABL0122",11.52,0,11.55,8.80,0,36,14,38,16,0,"hot_area=M16HUB; S3확정; 발동: M16HUB[R-A_sus,R-C'(역증가3개:6ABL6012,6ABL0111,6ABL0122),R-D(FAB저장=0.0%,STB=99.4%)]; M14[R-A_sus]; M16A[R-A_sus,R-B_fast(+26/10분)]; M16B[R-A_sus]",0,5,0,0,8,7,0,0,0,0,5,0,0,0,0,0,0,0,0,0,0,0,0,0,0,0,0,0,5,0,5,0,0,0,0,0,0,5,0,0,0,0,0,0,0,40,0,0,0,0,0,0,0,0,0,-4,-10,-3,26,-5,-11,0.69,75.27,82.89,88.00,76.84,0,109,82,69,0,0,20,5,0,10,5
M16A_HUBROOM_PR.csv,2026-06-09 06:44,2026-06-09,06:44,1,1단계 조기경보,3,3→1,28,정상,M14,13,,"M16HUB(05:44,RC+RD) → M14(05:44,RA+RA_sus+RC+SLA) → M16(05:51,RB+RB_fast) → M16B(05:53,RA_sus+RB+RB_fast) → M16A(06:04,RA_sus+RB_fast+SLA)",,,5,13,0,5,5,0,0,0,RA_sus,RA_sus+RC,,RA_sus,RA_sus,6.23,2.75,2.89,2.62,2.92,-29,-34,12,-9,2,0.59,98.82,5,"6ABL6011,6ABL6012,6ABL0111,6ABL0112,6ABL0122",11.21,0,11.94,9.01,0,39,16,43,20,0,"hot_area=M14; S1조기경보; 발동: M16HUB[R-A_sus]; M14[R-A_sus,R-C'(CNV쏠림)]; M16A[R-A_sus]; M16B[R-A_sus]",0,5,0,0,0,0,0,0,0,0,5,0,0,8,0,0,0,0,0,0,0,0,0,0,0,0,0,0,5,0,0,0,0,0,0,0,0,5,0,0,0,0,0,0,0,28,0,0,0,0,0,0,0,0,0,-9,-11,3,18,0,1,0.71,75.85,81.43,83.53,74.34,0,110,78,64,0,0,5,13,0,5,5
M16A_HUBROOM_PR.csv,2026-06-09 06:45,2026-06-09,06:45,1,1단계 조기경보,1,,28,정상,M14,13,,"M16HUB(05:45,RC+RD) → M14(05:45,RA+RA_sus+RC) → M16(05:51,RB+RB_fast) → M16B(05:53,RA_sus+RB+RB_fast) → M16A(06:04,RA_sus+RB_fast+SLA)",,,5,13,0,5,5,0,0,0,RA_sus,RA_sus+RC,,RA_sus,RA_sus,5.27,2.38,2.92,2.87,2.69,-33,-37,11,-1,3,0.59,98.82,6,"6ABL6011,6ABL6012,6ABL6021,6ABL0111,6ABL0112,6ABL0122",10.84,0,12.43,9.00,0,36,11,39,18,0,"hot_area=M14; S1조기경보; 발동: M16HUB[R-A_sus]; M14[R-A_sus,R-C'(CNV쏠림)]; M16A[R-A_sus]; M16B[R-A_sus]",0,5,0,0,0,0,0,0,0,0,5,0,0,8,0,0,0,0,0,0,0,0,0,0,0,0,0,0,5,0,0,0,0,0,0,0,0,5,0,0,0,0,0,0,0,28,0,0,0,0,0,0,0,0,0,-15,-19,4,14,-2,6,0.74,72.36,80.37,83.88,76.70,0,94,89,70,0,0,5,13,0,5,5
M16A_HUBROOM_PR.csv,2026-06-09 06:46,2026-06-09,06:46,1,1단계 조기경보,1,,28,정상,M14,13,,"M16HUB(05:46,RC+RD) → M14(05:46,RA+RA_sus+RC) → M16(05:51,RB+RB_fast) → M16B(05:53,RA_sus+RB+RB_fast) → M16A(06:04,RA_sus+RB_fast+SLA)",,,5,13,0,5,5,0,0,0,RA_sus,RA_sus+RC,,RA_sus,RA_sus,6.24,2.27,3.02,2.84,2.68,-39,-32,6,1,7,0.59,98.82,4,"6ABL6011,6ABL6012,6ABL6021,6ABL0111",10.56,0,12.67,8.99,0,32,12,36,15,0,"hot_area=M14; S1조기경보; 발동: M16HUB[R-A_sus]; M14[R-A_sus,R-C'(CNV쏠림)]; M16A[R-A_sus]; M16B[R-A_sus]",0,5,0,0,0,0,0,0,0,0,5,0,0,8,0,0,0,0,0,0,0,0,0,0,0,0,0,0,5,0,0,0,0,0,0,0,0,5,0,0,0,0,0,0,0,28,0,0,0,0,0,0,0,0,0,-18,-11,3,22,7,3,0.72,72.36,84.08,85.18,74.34,0,94,83,63,0,0,5,13,0,5,5
M16A_HUBROOM_PR.csv,2026-06-09 06:47,2026-06-09,06:47,1,1단계 조기경보,1,,38,관심,M16HUB,13,,"M16HUB(05:47,RC+RD) → M14(05:47,RA+RA_sus) → M16(05:51,RB+RB_fast) → M16B(05:53,RA_sus+RB+RB_fast) → M16A(06:04,RA_sus+RB_fast+SLA)",,,13,5,0,10,5,0,0,0,RA_sus+RC,RA_sus,,RA_sus+SLA,RA_sus,8.30,2.50,2.83,2.65,2.46,-33,-33,5,10,-7,0.59,98.82,3,"6ABL6011,6ABL6012,6ABL6021",10.72,0,13.73,8.00,0,38,13,39,15,0,"hot_area=M16HUB; S1조기경보; 발동: M16HUB[R-A_sus,R-C'(역증가3개:6ABL6011,6ABL6012,6ABL6021)]; M14[R-A_sus]; M16A[R-A_sus,SLA(13.7%4분초과)]; M16B[R-A_sus]",0,5,0,0,8,0,0,0,0,0,5,0,0,0,0,0,0,0,0,0,0,0,0,0,0,0,0,0,5,0,0,0,0,5,0,0,0,5,0,0,0,0,0,0,0,33,0,5,0,0,0,0,0,0,0,-32,-32,9,12,9,-15,0.69,75.46,83.42,87.06,79.94,0,98,95,62,0,0,13,5,0,10,5
M16A_HUBROOM_PR.csv,2026-06-09 06:48,2026-06-09,06:48,1,1단계 조기경보,1,,46,관심,M16HUB,13,,"M16HUB(05:48,RC+RD) → M14(05:48,RA+RA_sus) → M16(05:51,RB+RB_fast) → M16B(05:53,RA_sus+RB+RB_fast) → M16A(06:04,RA_sus+RB_fast+SLA)",,,13,13,0,10,5,0,0,0,RA_sus+RC,RA_sus+RC,,RA_sus+SLA,RA_sus,6.88,2.56,3.14,2.75,2.70,-22,-35,7,-17,-8,1.18,98.82,4,"6ABL6011,6ABL6012,6ABL6031,6ABL0111",11.22,0,13.78,8.42,0,36,13,37,15,0,"hot_area=M16HUB; S1조기경보; 발동: M16HUB[R-A_sus,R-C'(역증가4개:6ABL6011,6ABL6012,6ABL6031,6ABL0111)]; M14[R-A_sus,R-C'(CNV쏠림)]; M16A[R-A_sus,SLA(13.8%4분초과)]; M16B[R-A_sus]",0,5,0,0,8,0,0,0,0,0,5,0,0,8,0,0,0,0,0,0,0,0,0,0,0,0,0,0,5,0,0,0,0,5,0,0,0,5,0,0,0,0,0,0,0,41,0,5,0,0,0,0,0,0,0,-17,-37,15,-2,8,-8,0.72,74.39,80.77,88.71,82.15,0,107,85,58,0,0,13,13,0,10,5
M16A_HUBROOM_PR.csv,2026-06-09 06:49,2026-06-09,06:49,1,1단계 조기경보,1,,46,관심,M16HUB,13,,"M16HUB(05:49,RC+RD) → M14(05:49,RA+RA_sus) → M16(05:51,RB+RB_fast) → M16B(05:53,RA_sus+RB+RB_fast) → M16A(06:04,RA_sus+RB_fast+SLA)",,,13,13,0,10,5,0,0,0,RA_sus+RC,RA_sus+RC,,RA_sus+SLA,RA_sus,7.93,2.58,3.00,2.81,2.38,-33,-34,-3,-17,-1,0.59,98.82,4,"6ABL6011,6ABL6012,6ABL6021,6ABL0111",11.59,0,13.29,8.03,0,43,17,44,16,0,"hot_area=M16HUB; S1조기경보; 발동: M16HUB[R-A_sus,R-C'(역증가4개:6ABL6011,6ABL6012,6ABL6021,6ABL0111)]; M14[R-A_sus,R-C'(CNV쏠림)]; M16A[R-A_sus,SLA(13.3%4분초과)]; M16B[R-A_sus]",0,5,0,0,8,0,0,0,0,0,5,0,0,8,0,0,0,0,0,0,0,0,0,0,0,0,0,0,5,0,0,0,0,5,0,0,0,5,0,0,0,0,0,0,0,41,0,5,0,0,0,0,0,0,0,-30,-29,1,-8,8,-9,0.72,73.23,83.82,88.71,80.09,0,99,90,60,0,0,13,13,0,10,5
M16A_HUBROOM_PR.csv,2026-06-09 06:50,2026-06-09,06:50,1,1단계 조기경보,1,,46,관심,M16HUB,13,,"M14(05:50,RA+RA_sus) → M16HUB(05:51,RB_fast+RC+RD) → M16(05:51,RB+RB_fast) → M16B(05:53,RA_sus+RB+RB_fast) → M16A(06:04,RA_sus+RB_fast+SLA)",,,13,13,0,10,5,0,0,0,RA_sus+RC,RA_sus+RC,,RA_sus+SLA,RA_sus,7.05,2.43,3.25,2.48,2.33,-25,-33,-4,-37,-2,0.59,98.82,3,"6ABL6011,6ABL6012,6ABL0112",11.13,0,13.87,5.86,0,43,15,47,19,0,"hot_area=M16HUB; S1조기경보; 발동: M16HUB[R-A_sus,R-C'(역증가3개:6ABL6011,6ABL6012,6ABL0112)]; M14[R-A_sus,R-C'(CNV쏠림)]; M16A[R-A_sus,SLA(13.9%4분초과)]; M16B[R-A_sus]",0,5,0,0,8,0,0,0,0,0,5,0,0,8,0,0,0,0,0,0,0,0,0,0,0,0,0,0,5,0,0,0,0,5,0,0,0,5,0,0,0,0,0,0,0,41,0,5,0,0,0,0,0,0,0,-26,-31,-4,-21,9,-14,0.70,77.59,82.36,87.76,73.60,0,109,85,39,0,0,13,13,0,10,5
M16A_HUBROOM_PR.csv,2026-06-09 06:51,2026-06-09,06:51,3,3단계 ⭐확정,1,1→3,63,관심,M16HUB,20,M16HUB,"M16HUB(05:51,RB_fast+RC+RD) → M16(05:51,RB+RB_fast) → M16B(05:53,RA_sus+RB+RB_fast) → M14(06:01,RA_sus+RC+SLA) → M16A(06:04,RA_sus+RB_fast+SLA)",,,20,13,0,10,5,10,0,0,RA_sus+RC+RD,RA_sus+RC,,RA_sus+SLA,RA_sus,6.12,2.56,3.32,2.65,2.63,-20,-26,2,-8,-5,0,99.41,4,"6ABL6011,6ABL6012,6ABL6021,6ABL0112",11.11,0,13.04,9.77,0,42,15,45,20,0,"hot_area=M16HUB; S3확정; 발동: M16HUB[R-A_sus,R-C'(역증가4개:6ABL6011,6ABL6012,6ABL6021,6ABL0112),R-D(FAB저장=0.0%,STB=99.4%)]; M14[R-A_sus,R-C'(CNV쏠림)]; M16A[R-A_sus,SLA(13.0%4분초과)]; M16B[R-A_sus]; M16[R-B(SENDQUEUETOTAL+32/30분/기준+20)]",0,5,0,0,8,7,0,0,0,0,5,0,0,8,0,0,0,0,0,0,0,0,0,0,0,0,0,0,5,0,0,0,0,5,0,0,0,5,0,0,0,0,0,0,0,58,0,5,0,0,0,0,0,0,0,-42,-42,-2,-28,-6,-5,0.70,78.47,81.03,86.24,72.12,0,96,91,78,0,0,20,13,0,10,5
M16A_HUBROOM_PR.csv,2026-06-09 06:52,2026-06-09,06:52,1,1단계 조기경보,3,3→1,53,관심,M16HUB,20,M16HUB,"M16HUB(05:53,RB_fast+RC+RD) → M16B(05:53,RA_sus+RB+RB_fast) → M16(05:53,RB+RB_fast) → M14(06:01,RA_sus+RC+SLA) → M16A(06:04,RA_sus+RB_fast+SLA)",,,20,13,0,10,5,0,0,0,RA_sus+RC+RD,RA_sus+RC,,RA_sus+SLA,RA_sus,6.66,2.64,2.94,2.78,2.67,-34,-36,8,6,-1,0,99.41,4,"6ABL6011,6ABL6012,6ABL6021,6ABL0112",10.45,0,13.92,10.23,0,43,17,48,20,0,"hot_area=M16HUB; S1조기경보; 발동: M16HUB[R-A_sus,R-C'(역증가4개:6ABL6011,6ABL6012,6ABL6021,6ABL0112),R-D(FAB저장=0.0%,STB=99.4%)]; M14[R-A_sus,R-C'(CNV쏠림)]; M16A[R-A_sus,SLA(13.9%4분초과)]; M16B[R-A_sus]",0,5,0,0,8,7,0,0,0,0,5,0,0,8,0,0,0,0,0,0,0,0,0,0,0,0,0,0,5,0,0,0,0,5,0,0,0,5,0,0,0,0,0,0,0,48,0,5,0,0,0,0,0,0,0,-25,-33,-6,-14,-12,-2,0.70,77.01,82.63,87.06,69.17,0,97,87,75,0,0,20,13,0,10,5
M16A_HUBROOM_PR.csv,2026-06-09 06:53,2026-06-09,06:53,3,3단계 ⭐확정,1,1→3,47,관심,M16HUB,12,,"M16HUB(05:53,RB_fast+RC+RD) → M16B(05:53,RA_sus+RB+RB_fast) → M16(05:53,RB+RB_fast) → M14(06:01,RA_sus+RC+SLA) → M16A(06:04,RA_sus+RB_fast+SLA)",,,12,5,0,10,5,10,0,0,RA_sus+RD,RA_sus,,RA_sus+SLA,RA_sus,7.37,2.31,2.83,2.63,2.67,-34,-49,0,1,-2,0.59,99.41,5,"6ABL6011,6ABL6012,6ABL6022,6ABL0111,6ABL0122",10.95,0,13.51,9.65,0,47,18,47,20,0,"hot_area=M16HUB; S3확정; 발동: M16HUB[R-A_sus,R-D(FAB저장=0.6%,STB=99.4%)]; M14[R-A_sus]; M16A[R-A_sus,SLA(13.5%4분초과)]; M16B[R-A_sus]; M16[R-B(SENDQUEUETOTAL+27/30분/기준+20)]",0,5,0,0,0,7,0,0,0,0,5,0,0,0,0,0,0,0,0,0,0,0,0,0,0,0,0,0,5,0,0,0,0,5,0,0,0,5,0,0,0,0,0,0,0,42,0,5,0,0,0,0,0,0,0,-25,-28,-1,-9,-15,5,0.65,80.12,81.83,84.59,75.22,0,105,94,77,0,0,12,5,0,10,5
M16A_HUBROOM_PR.csv,2026-06-09 06:54,2026-06-09,06:54,1,1단계 조기경보,3,3→1,38,관심,M16HUB,13,,"M16HUB(05:54,RB_fast+RC+RD) → M16(05:55,RB+RB_fast) → M14(06:01,RA_sus+RC+SLA) → M16A(06:04,RA_sus+RB_fast+SLA) → M16B(06:09,RA_sus+RB+RB_fast)",,,13,5,0,10,5,0,0,0,RA_sus+RC,RA_sus,,RA_sus+SLA,RA_sus,6.63,2.54,2.77,2.75,2.83,-27,-46,-9,9,-9,0.59,98.82,4,"6ABL6012,6ABL6021,6ABL6022,6ABL0122",11.31,0,13.25,10.29,0,45,16,48,23,0,"hot_area=M16HUB; S1조기경보; 발동: M16HUB[R-A_sus,R-C'(역증가4개:6ABL6012,6ABL6021,6ABL6022,6ABL0122)]; M14[R-A_sus]; M16A[R-A_sus,SLA(13.2%4분초과)]; M16B[R-A_sus]",0,5,0,0,8,0,0,0,0,0,5,0,0,0,0,0,0,0,0,0,0,0,0,0,0,0,0,0,5,0,0,0,0,5,0,0,0,5,0,0,0,0,0,0,0,33,0,5,0,0,0,0,0,0,0,-11,-26,-7,-10,-18,-2,0.61,75.24,81.70,87.06,74.19,0,99,82,74,0,0,13,5,0,10,5
M16A_HUBROOM_PR.csv,2026-06-09 06:55,2026-06-09,06:55,3,3단계 ⭐확정,1,1→3,60,관심,M14,10,,"M16HUB(05:55,RB_fast+RC+RD) → M16(05:55,RB+RB_fast) → M14(06:01,RA_sus+RC+SLA) → M16A(06:04,RA_sus+RB_fast+SLA) → M16B(06:09,RA_sus+RB+RB_fast)",,,5,10,0,10,10,10,0,0,RA_sus,RA_sus+SLA,,RA_sus+SLA,RA_sus+SLA,4.14,2.58,3.12,2.71,2.63,-27,-42,-10,22,-11,0.59,98.82,5,"6ABL6012,6ABL6021,6ABL6022,6ABL0111,6ABL0122",11.69,0,13.04,11.46,0,42,15,43,21,0,"hot_area=M14; S3확정; 발동: M16HUB[R-A_sus]; M14[R-A_sus,SLA(11.7%4분초과)]; M16A[R-A_sus,SLA(13.0%4분초과)]; M16B[R-A_sus,SLA(11.5%4분초과)]; M16[R-B(SENDQUEUETOTAL+22/30분/기준+20)]",0,5,0,0,0,0,0,0,0,0,5,0,0,0,0,5,0,0,0,0,0,0,0,0,0,0,0,0,5,0,0,0,0,5,0,0,0,5,0,0,0,0,5,0,0,45,0,15,0,0,0,0,0,0,0,-10,-25,-2,3,-14,6,0.59,76.60,76.26,88.47,77.58,0,117,90,96,0,0,5,10,0,10,10
M16A_HUBROOM_PR.csv,2026-06-09 06:56,2026-06-09,06:56,1,1단계 조기경보,3,3→1,30,관심,M16B,10,,"M16HUB(05:56,RB_fast+RC+RD) → M14(06:01,RA_sus+RC+SLA) → M16A(06:04,RA_sus+RB_fast+SLA) → M16B(06:09,RA_sus+RB+RB_fast) → M16(06:15,RB+RB_fast)",,,5,5,0,5,10,0,0,0,RA_sus,RA_sus,,RA_sus,RA_sus+SLA,6.25,2.55,3.20,2.73,2.67,-15,-45,-12,13,-3,0.59,98.82,5,"6ABL6012,6ABL6021,6ABL0111,6ABL0121,6ABL0122",11.56,0,12.78,12.40,0,36,14,45,19,0,"hot_area=M16B; S1조기경보; 발동: M16HUB[R-A_sus]; M14[R-A_sus]; M16A[R-A_sus]; M16B[R-A_sus,SLA(12.4%4분초과)]",0,5,0,0,0,0,0,0,0,0,5,0,0,0,0,0,0,0,0,0,0,0,0,0,0,0,0,0,5,0,0,0,0,0,0,0,0,5,0,0,0,0,5,0,0,25,0,5,0,0,0,0,0,0,0,7,-29,-1,-5,-14,7,0.56,77.86,77.06,88.71,76.55,0,104,80,92,0,0,5,5,0,5,10
M16A_HUBROOM_PR.csv,2026-06-09 06:57,2026-06-09,06:57,3,3단계 ⭐확정,1,1→3,35,관심,M16B,10,,"M16HUB(05:57,RB_fast+RC+RD) → M14(06:01,RA_sus+RC+SLA) → M16A(06:04,RA_sus+RB_fast+SLA) → M16B(06:09,RA_sus+RB+RB_fast) → M16(06:15,RB+RB_fast)",,,5,5,0,5,10,5,0,0,RA_sus,RA_sus,,RA_sus,RA_sus+SLA,6.89,2.56,2.98,2.66,2.43,-28,-39,-9,27,9,1.18,98.82,5,"6ABL6012,6ABL6031,6ABL0111,6ABL0121,6ABL0122",11.10,0,11.73,10.27,0,36,13,43,18,0,"hot_area=M16B; S3확정; 발동: M16HUB[R-A_sus]; M14[R-A_sus]; M16A[R-A_sus]; M16B[R-A_sus,SLA(10.3%4분초과)]; M16[R-B_fast(+19/10분)]",0,5,0,0,0,0,0,0,0,0,5,0,0,0,0,0,0,0,0,0,0,0,0,0,0,0,0,0,5,0,0,0,0,0,0,0,0,5,0,0,0,0,5,0,0,30,0,5,0,0,0,0,0,0,0,-4,-21,-3,7,-4,9,0.55,78.74,79.71,87.76,80.38,0,102,80,85,0,0,5,5,0,5,10
M16A_HUBROOM_PR.csv,2026-06-09 06:58,2026-06-09,06:58,1,1단계 조기경보,3,3→1,27,정상,M16HUB,12,,"M16HUB(05:58,RC+RD) → M14(06:01,RA_sus+RC+SLA) → M16A(06:04,RA_sus+RB_fast+SLA) → M16B(06:09,RA_sus+RB+RB_fast) → M16(06:15,RB+RB_fast)",,,12,5,0,5,5,0,0,0,RA_sus+RD,RA_sus,,RA_sus,RA_sus,6.94,2.40,2.84,2.69,2.32,-40,-46,-6,28,11,0.59,99.41,5,"6ABL6012,6ABL6032,6ABL0111,6ABL0121,6ABL0122",11.52,0,11.92,8.57,0,37,10,38,17,0,"hot_area=M16HUB; S1조기경보; 발동: M16HUB[R-A_sus,R-D(FAB저장=0.6%,STB=99.4%)]; M14[R-A_sus]; M16A[R-A_sus]; M16B[R-A_sus]",0,5,0,0,0,7,0,0,0,0,5,0,0,0,0,0,0,0,0,0,0,0,0,0,0,0,0,0,5,0,0,0,0,0,0,0,0,5,0,0,0,0,0,0,0,27,0,0,0,0,0,0,0,0,0,-11,-18,-7,4,-1,13,0.51,77.77,75.73,88.47,75.66,0,109,72,63,0,0,12,5,0,5,5
M16A_HUBROOM_PR.csv,2026-06-09 06:59,2026-06-09,06:59,1,1단계 조기경보,1,,27,정상,M16HUB,12,,"M16HUB(05:59,RC+RD) → M14(06:01,RA_sus+RC+SLA) → M16A(06:04,RA_sus+RB_fast+SLA) → M16B(06:09,RA_sus+RB+RB_fast) → M16(06:15,RB+RB_fast)",,,12,5,0,5,5,0,0,0,RA_sus+RD,RA_sus,,RA_sus,RA_sus,8.73,2.74,2.96,2.67,2.30,-44,-51,0,25,9,0,100.00,5,"6ABL6012,6ABL0111,6ABL0112,6ABL0121,6ABL0122",11.78,0,12.40,10.23,0,34,11,37,15,0,"hot_area=M16HUB; S1조기경보; 발동: M16HUB[R-A_sus,R-D(FAB저장=0.0%,STB=100.0%)]; M14[R-A_sus]; M16A[R-A_sus]; M16B[R-A_sus]",0,5,0,0,0,7,0,0,0,0,5,0,0,0,0,0,0,0,0,0,0,0,0,0,0,0,0,0,5,0,0,0,0,0,0,0,0,5,0,0,0,0,0,0,0,27,0,0,0,0,0,0,0,0,0,-6,-18,-4,7,3,11,0.51,76.99,76.26,88.82,76.55,0,115,80,79,0,0,12,5,0,5,5
M16A_HUBROOM_PR.csv,2026-06-09 07:00,2026-06-09,07:00,1,1단계 조기경보,1,,22,정상,M16HUB,12,,"M16HUB(06:01,RC+RD) → M14(06:01,RA_sus+RC+SLA) → M16A(06:04,RA_sus+RB_fast+SLA) → M16B(06:09,RA_sus+RB+RB_fast) → M16(06:15,RB+RB_fast)",,,12,5,0,5,0,0,0,0,RA_sus+RD,RA_sus,,RA_sus,,6.39,2.67,2.72,2.77,2.28,-13,-49,5,26,4,0,100.00,7,"6ABL6012,6ABL6031,6ABL6032,6ABL0111,6ABL0112,6ABL0121,6ABL0122",11.46,0,11.95,7.95,0,32,11,44,19,0,"hot_area=M16HUB; S1조기경보; 발동: M16HUB[R-A_sus,R-D(FAB저장=0.0%,STB=100.0%)]; M14[R-A_sus]; M16A[R-A_sus]",0,5,0,0,0,7,0,0,0,0,5,0,0,0,0,0,0,0,0,0,0,0,0,0,0,0,0,0,5,0,0,0,0,0,0,0,0,0,0,0,0,0,0,0,0,22,0,0,0,0,0,0,0,0,0,14,-15,3,16,-2,33,0.51,74.56,76.13,89.18,72.57,0,101,68,54,0,0,12,5,0,5,0
M16A_HUBROOM_PR.csv,2026-06-09 07:01,2026-06-09,07:01,3,3단계 ⭐확정,1,1→3,27,정상,M16HUB,12,,"M16HUB(06:01,RC+RD) → M14(06:01,RA_sus+RC+SLA) → M16A(06:04,RA_sus+RB_fast+SLA) → M16B(06:09,RA_sus+RB+RB_fast) → M16(06:15,RB+RB_fast)",,,12,5,0,5,5,0,0,0,RA_sus+RD,RA_sus,,RA_sus,RB_fast,5.20,2.44,2.87,2.80,2.61,-36,-52,-3,35,-2,0,100.00,7,"6ABL6012,6ABL6031,6ABL6032,6ABL0111,6ABL0112,6ABL0121,6ABL0122",12.08,0,11.76,11.43,0,33,11,44,18,0,"hot_area=M16HUB; S3확정; 발동: M16HUB[R-A_sus,R-D(FAB저장=0.0%,STB=100.0%)]; M14[R-A_sus]; M16A[R-A_sus]; M16B[R-B_fast(+14/10분)]",0,5,0,0,0,7,0,0,0,0,5,0,0,0,0,0,0,0,0,0,0,0,0,0,0,0,0,0,5,0,0,0,0,0,0,0,0,0,0,5,0,0,0,0,0,27,0,0,0,0,0,0,0,0,0,10,-6,2,19,14,21,0.50,76.80,79.71,84.82,80.24,0,109,81,95,0,0,12,5,0,5,5
M16A_HUBROOM_PR.csv,2026-06-09 07:02,2026-06-09,07:02,3,3단계 ⭐확정,3,,42,관심,M16HUB,12,,"M16HUB(06:02,RC+RD) → M16A(06:04,RA_sus+RB_fast+SLA) → M16B(06:09,RA_sus+RB+RB_fast) → M14(06:14,RA_sus+RB+RB_fast) → M16(06:15,RB+RB_fast)",M16A_2F_TO_HUB=1.7x(주의),,12,10,0,5,5,0,0,0,RA_sus+RD,RA_sus+SLA,,RA_sus,RB_fast,5.59,2.48,2.65,2.69,2.79,-41,-45,-6,25,-3,0,100.00,5,"6ABL6011,6ABL6012,6ABL6032,6ABL0112,6ABL0122",12.73,0,11.41,11.41,0,34,13,45,21,0,"hot_area=M16HUB; S3확정; 발동: M16HUB[R-A_sus,R-D(FAB저장=0.0%,STB=100.0%)]; M14[R-A_sus,SLA(12.7%4분초과)]; M16A[R-A_sus]; M16B[R-B_fast(+15/10분)]; 흐름:M16A_2F_TO_HUB=1.7x(주의)",0,5,0,0,0,7,0,0,0,0,5,0,0,0,0,5,0,0,0,0,0,0,0,0,0,0,0,0,5,0,0,0,0,0,0,0,0,0,0,5,0,0,0,0,0,32,5,5,0,0,0,0,0,0,0,-4,-7,4,4,15,13,0.51,76.02,80.77,84.12,77.58,0,119,71,85,0,0,12,10,0,5,5
M16A_HUBROOM_PR.csv,2026-06-09 07:03,2026-06-09,07:03,1,1단계 조기경보,3,3→1,27,정상,M16HUB,7,,"M16HUB(06:03,RC+RD) → M16A(06:04,RA_sus+RB_fast+SLA) → M16B(06:09,RA_sus+RB+RB_fast) → M14(06:14,RA_sus+RB+RB_fast) → M16(06:15,RB+RB_fast)",M16A_2F_TO_HUB=1.6x(주의),,7,5,0,5,5,0,0,0,RD,RA_sus,,RA_sus,RA_sus,3.92,2.73,2.57,2.76,2.54,-34,-44,-4,21,-13,0,100.00,5,"6ABL6011,6ABL6021,6ABL6022,6ABL0112,6ABL0122",13.01,0,12.27,8.65,0,31,12,49,20,0,"hot_area=M16HUB; S1조기경보; 발동: M16HUB[R-D(FAB저장=0.0%,STB=100.0%)]; M14[R-A_sus]; M16A[R-A_sus]; M16B[R-A_sus]; 흐름:M16A_2F_TO_HUB=1.6x(주의)",0,0,0,0,0,7,0,0,0,0,5,0,0,0,0,0,0,0,0,0,0,0,0,0,0,0,0,0,5,0,0,0,0,0,0,0,0,5,0,0,0,0,0,0,0,22,5,0,0,0,0,0,0,0,0,-5,-6,0,4,7,11,0.53,78.25,86.74,83.29,74.04,0,124,86,73,0,0,7,5,0,5,5
M16A_HUBROOM_PR.csv,2026-06-09 07:04,2026-06-09,07:04,1,1단계 조기경보,1,,27,정상,M16HUB,7,,"M16HUB(06:04,RC+RD) → M16A(06:04,RA_sus+RB_fast+SLA) → M16B(06:09,RA_sus+RB+RB_fast) → M14(06:14,RA_sus+RB+RB_fast) → M16(06:15,RB+RB_fast)",M16A_2F_TO_HUB=1.6x(주의),,7,5,0,5,5,0,0,0,RD,RA_sus,,RA_sus,RA_sus,6.46,2.66,2.80,2.84,2.42,-29,-42,1,15,-11,0,100.00,6,"6ABL6021,6ABL6022,6ABL6031,6ABL6032,6ABL0111,6ABL0121",13.09,0,12.58,8.66,0,35,13,42,19,0,"hot_area=M16HUB; S1조기경보; 발동: M16HUB[R-D(FAB저장=0.0%,STB=100.0%)]; M14[R-A_sus]; M16A[R-A_sus]; M16B[R-A_sus]; 흐름:M16A_2F_TO_HUB=1.6x(주의)",0,0,0,0,0,7,0,0,0,0,5,0,0,0,0,0,0,0,0,0,0,0,0,0,0,0,0,0,5,0,0,0,0,0,0,0,0,5,0,0,0,0,0,0,0,22,5,0,0,0,0,0,0,0,0,-9,-5,5,7,7,10,0.56,81.36,84.35,87.41,74.19,0,111,81,66,0,0,7,5,0,5,5
M16A_HUBROOM_PR.csv,2026-06-09 07:05,2026-06-09,07:05,3,3단계 ⭐확정,1,1→3,42,관심,M16A,10,,"M16HUB(06:05,RC+RD) → M16A(06:05,RA_sus+RB_fast+SLA) → M16B(06:09,RA_sus+RB+RB_fast) → M14(06:14,RA_sus+RB+RB_fast) → M16(06:15,RB+RB_fast)",M16A_2F_TO_HUB=1.5x(주의),,7,5,0,10,5,5,0,0,RD,RA_sus,,RA_sus+SLA,RA_sus,3.88,2.33,2.84,3.00,2.14,-25,-44,6,20,-14,0,99.41,5,"6ABL6011,6ABL6022,6ABL6032,6ABL0112,6ABL0122",13.00,0,13.10,8.07,0,32,13,43,20,0,"hot_area=M16A; S3확정; 발동: M16HUB[R-D(FAB저장=0.0%,STB=99.4%)]; M14[R-A_sus]; M16A[R-A_sus,SLA(13.1%4분초과)]; M16B[R-A_sus]; M16[R-B_fast(+15/10분)]; 흐름:M16A_2F_TO_HUB=1.5x(주의)",0,0,0,0,0,7,0,0,0,0,5,0,0,0,0,0,0,0,0,0,0,0,0,0,0,0,0,0,5,0,0,0,0,5,0,0,0,5,0,0,0,0,0,0,0,32,5,5,0,0,0,0,0,0,0,0,0,4,3,2,12,0.59,79.61,82.63,88.71,82.01,0,126,95,67,0,0,7,5,0,10,5
M16A_HUBROOM_PR.csv,2026-06-09 07:06,2026-06-09,07:06,1,1단계 조기경보,3,3→1,32,관심,M16A,10,,"M16A(06:06,RA_sus+RB_fast+SLA) → M16HUB(06:07,RC+RD) → M16B(06:09,RA_sus+RB+RB_fast) → M14(06:14,RA_sus+RB+RB_fast) → M16(06:15,RB+RB_fast)",,,7,5,0,10,5,0,0,0,RD,RA_sus,,RA_sus+SLA,RA_sus,6.51,2.51,3.13,2.87,2.66,-24,-34,1,34,-8,0,99.41,5,"6ABL6031,6ABL6032,6ABL0112,6ABL0121,6ABL0122",13.41,0,13.20,8.12,0,34,14,41,20,0,"hot_area=M16A; S1조기경보; 발동: M16HUB[R-D(FAB저장=0.0%,STB=99.4%)]; M14[R-A_sus]; M16A[R-A_sus,SLA(13.2%4분초과)]; M16B[R-A_sus]",0,0,0,0,0,7,0,0,0,0,5,0,0,0,0,0,0,0,0,0,0,0,0,0,0,0,0,0,5,0,0,0,0,5,0,0,0,5,0,0,0,0,0,0,0,27,0,5,0,0,0,0,0,0,0,-13,6,-1,17,-1,22,0.60,77.18,83.55,88.24,81.56,0,118,87,60,0,0,7,5,0,10,5
M16A_HUBROOM_PR.csv,2026-06-09 07:07,2026-06-09,07:07,1,1단계 조기경보,1,,57,관심,M16HUB,22,M16HUB,"M16HUB(06:07,RC+RD) → M16B(06:09,RA_sus+RB+RB_fast) → M16A(06:13,RA_sus+RB_fast+SLA) → M14(06:14,RA_sus+RB+RB_fast) → M16(06:15,RB+RB_fast)",,,22,10,0,10,5,0,0,0,RA+RA_sus+RD,RA_sus+SLA,,RA_sus+SLA,RA_sus,10.78,2.47,2.92,2.63,2.34,-50,-53,7,15,1,0,99.41,7,"6ABL6012,6ABL6021,6ABL6022,6ABL6032,6ABL0112,6ABL0121,6ABL0122",13.25,0,13.80,9.86,0,31,13,41,19,0,"hot_area=M16HUB; S1조기경보; 발동: M16HUB[R-A'(AVGTOTALTIME1MIN=10.78분/기준9.0),R-A_sus,R-D(FAB저장=0.0%,STB=99.4%)]; M14[R-A_sus,SLA(13.2%4분초과)]; M16A[R-A_sus,SLA(13.8%4분초과)]; M16B[R-A_sus]",10,5,0,0,0,7,0,0,0,0,5,0,0,0,0,5,0,0,0,0,0,0,0,0,0,0,0,0,5,0,0,0,0,5,0,0,0,5,0,0,0,0,0,0,0,47,0,10,0,0,1,0,0,0,0,-14,0,1,-4,-4,23,0.60,78.93,85.81,89.16,80.38,0,123,97,82,0,0,22,10,0,10,5
M16A_HUBROOM_PR.csv,2026-06-09 07:08,2026-06-09,07:08,1,1단계 조기경보,1,,47,관심,M16HUB,22,M16HUB,"M16HUB(06:08,RC+RD) → M16B(06:09,RA_sus+RB+RB_fast) → M16A(06:13,RA_sus+RB_fast+SLA) → M14(06:14,RA_sus+RB+RB_fast) → M16(06:15,RB+RB_fast)",,,22,5,0,10,5,0,0,0,RA+RA_sus+RD,RA_sus,,RA_sus+SLA,RA_sus,6.39,2.72,2.83,2.88,3.01,-37,-50,10,18,6,0.59,99.41,5,"6ABL6011,6ABL6032,6ABL0112,6ABL0121,6ABL0122",12.84,0,14.15,10.01,0,32,12,37,18,0,"hot_area=M16HUB; S1조기경보; 발동: M16HUB[R-A'(AVGTOTALTIME1MIN=6.39분/기준9.0),R-A_sus,R-D(FAB저장=0.6%,STB=99.4%)]; M14[R-A_sus]; M16A[R-A_sus,SLA(14.2%4분초과)]; M16B[R-A_sus]",10,5,0,0,0,7,0,0,0,0,5,0,0,0,0,0,0,0,0,0,0,0,0,0,0,0,0,0,5,0,0,0,0,5,0,0,0,5,0,0,0,0,0,0,0,42,0,5,0,0,1,0,0,0,0,-9,5,2,16,-1,20,0.60,76.70,85.68,86.45,82.30,0,123,92,75,0,0,22,5,0,10,5
M16A_HUBROOM_PR.csv,2026-06-09 07:09,2026-06-09,07:09,1,1단계 조기경보,1,,47,관심,M16HUB,22,M16HUB,"M16HUB(06:09,RC+RD) → M16B(06:09,RA_sus+RB+RB_fast) → M16A(06:13,RA_sus+RB_fast+SLA) → M14(06:14,RA_sus+RB+RB_fast) → M16(06:15,RB+RB_fast)",,,22,5,0,10,5,0,0,0,RA+RA_sus+RD,RA_sus,,RA_sus+SLA,RA_sus,8.87,2.39,2.98,2.90,2.51,-32,-42,-1,15,8,0,100.00,6,"6ABL6031,6ABL6032,6ABL0111,6ABL0112,6ABL0121,6ABL0122",13.37,0,13.41,11.06,0,32,13,38,18,0,"hot_area=M16HUB; S1조기경보; 발동: M16HUB[R-A'(AVGTOTALTIME1MIN=8.87분/기준9.0),R-A_sus,R-D(FAB저장=0.0%,STB=100.0%)]; M14[R-A_sus]; M16A[R-A_sus,SLA(13.4%4분초과)]; M16B[R-A_sus]",10,5,0,0,0,7,0,0,0,0,5,0,0,0,0,0,0,0,0,0,0,0,0,0,0,0,0,0,5,0,0,0,0,5,0,0,0,5,0,0,0,0,0,0,0,42,0,5,0,0,1,0,0,0,0,4,5,2,16,-3,14,0.59,75.63,86.07,85.98,83.19,0,132,96,91,0,0,22,5,0,10,5
M16A_HUBROOM_PR.csv,2026-06-09 07:10,2026-06-09,07:10,1,1단계 조기경보,1,,47,관심,M16HUB,22,M16HUB,"M16HUB(06:10,RC+RD) → M16A(06:13,RA_sus+RB_fast+SLA) → M14(06:14,RA_sus+RB+RB_fast) → M16(06:15,RB+RB_fast)",,,22,5,0,10,5,0,0,0,RA+RA_sus+RD,RA_sus,,RA_sus+SLA,RA_sus,6.77,2.79,2.89,2.86,2.42,-31,-38,-3,15,8,0,100.00,5,"6ABL6021,6ABL0111,6ABL0112,6ABL0121,6ABL0122",13.36,0,13.03,7.47,0,34,14,39,17,0,"hot_area=M16HUB; S1조기경보; 발동: M16HUB[R-A'(AVGTOTALTIME1MIN=6.77분/기준9.0),R-A_sus,R-D(FAB저장=0.0%,STB=100.0%)]; M14[R-A_sus]; M16A[R-A_sus,SLA(13.0%4분초과)]; M16B[R-A_sus]",10,5,0,0,0,7,0,0,0,0,5,0,0,0,0,0,0,0,0,0,0,0,0,0,0,0,0,0,5,0,0,0,0,5,0,0,0,5,0,0,0,0,0,0,0,42,0,5,0,0,1,0,0,0,0,-19,8,-2,20,1,11,0.62,76.50,81.70,87.87,81.27,0,120,83,55,0,0,22,5,0,10,5
M16A_HUBROOM_PR.csv,2026-06-09 07:11,2026-06-09,07:11,3,3단계 ⭐확정,1,1→3,67,경계,M16HUB,22,M16HUB,"M16HUB(06:11,RC+RD) → M16A(06:13,RA_sus+RB_fast+SLA) → M14(06:14,RA_sus+RB+RB_fast) → M16(06:15,RB+RB_fast)",M16A_2F_TO_HUB=3.2x(심각),,22,5,0,5,5,0,0,0,RA+RA_sus+RD,RA_sus,,RA_sus,RA_sus,5.67,2.46,3.08,2.61,2.58,-26,-39,-3,6,6,0,100.00,4,"6ABL6032,6ABL0111,6ABL0121,6ABL0122",12.47,0,12.53,11.33,0,37,18,36,16,0,"hot_area=M16HUB; S3확정; 발동: M16HUB[R-A'(AVGTOTALTIME1MIN=5.67분/기준9.0),R-A_sus,R-D(FAB저장=0.0%,STB=100.0%)]; M14[R-A_sus]; M16A[R-A_sus]; M16B[R-A_sus]; 흐름:M16A_2F_TO_HUB=3.2x(심각)",10,5,0,0,0,7,0,0,0,0,5,0,0,0,0,0,0,0,0,0,0,0,0,0,0,0,0,0,5,0,0,0,0,0,0,0,0,5,0,0,0,0,0,0,0,37,30,0,0,0,1,0,0,0,0,6,9,-3,15,-2,9,0.61,80.58,82.89,92.34,85.84,0,115,91,96,0,0,22,5,0,5,5
M16A_HUBROOM_PR.csv,2026-06-09 07:12,2026-06-09,07:12,3,3단계 ⭐확정,3,,67,경계,M16HUB,22,M16HUB,"M16A(06:13,RA_sus+RB_fast+SLA) → M14(06:14,RA_sus+RB+RB_fast) → M16(06:15,RB+RB_fast) → M16HUB(06:33,RC+RD)",M16A_2F_TO_HUB=3.2x(심각),,22,5,0,5,5,0,0,0,RA+RA_sus+RD,RA_sus,,RA_sus,RA_sus,7.01,2.29,3.07,3.00,2.76,-28,-27,-4,13,2,0,100.00,4,"6ABL6021,6ABL6032,6ABL0111,6ABL0121",11.76,0,12.19,12.37,0,37,17,38,17,0,"hot_area=M16HUB; S3확정; 발동: M16HUB[R-A'(AVGTOTALTIME1MIN=7.01분/기준9.0),R-A_sus,R-D(FAB저장=0.0%,STB=100.0%)]; M14[R-A_sus]; M16A[R-A_sus]; M16B[R-A_sus]; 흐름:M16A_2F_TO_HUB=3.2x(심각)",10,5,0,0,0,7,0,0,0,0,5,0,0,0,0,0,0,0,0,0,0,0,0,0,0,0,0,0,5,0,0,0,0,0,0,0,0,5,0,0,0,0,0,0,0,37,30,0,0,0,1,0,0,0,0,1,13,-2,23,-1,4,0.59,81.75,84.75,92.70,85.84,0,111,78,95,0,0,22,5,0,5,5
M16A_HUBROOM_PR.csv,2026-06-09 07:13,2026-06-09,07:13,3,3단계 ⭐확정,3,,85,주의,M16HUB,30,M16HUB,"M16A(06:13,RA_sus+RB_fast+SLA) → M14(06:14,RA_sus+RB+RB_fast) → M16(06:15,RB+RB_fast) → M16HUB(06:33,RC+RD)",M16A_2F_TO_HUB=4.4x(심각),,30,5,0,5,10,0,0,0,RA+RA_sus+RC+RD,RA_sus,,RA_sus,RA_sus+SLA,9.34,2.32,2.96,2.58,2.72,-27,-18,-9,9,-8,0,100.00,5,"6ABL6021,6ABL6031,6ABL0111,6ABL0112,6ABL0121",11.48,0,11.21,11.53,0,32,12,43,17,0,"hot_area=M16HUB; S3확정; 발동: M16HUB[R-A'(AVGTOTALTIME1MIN=9.34분/기준9.0),R-A_sus,R-C'(역증가5개:6ABL6021,6ABL6031,6ABL0111,6ABL0112,6ABL0121),R-D(FAB저장=0.0%,STB=100.0%)]; M14[R-A_sus]; M16A[R-A_sus]; M16B[R-A_sus,SLA(11.5%4분초과)]; 흐름:M16A_2F_TO_HUB=4.4x(심각)",10,5,0,0,8,7,0,0,0,0,5,0,0,0,0,0,0,0,0,0,0,0,0,0,0,0,0,0,5,0,0,0,0,0,0,0,0,5,0,0,0,0,5,0,0,50,30,5,0,0,2,0,0,0,0,3,16,-8,14,0,-9,0.56,79.51,85.54,91.28,86.43,0,114,63,100,0,0,30,5,0,5,10
M16A_HUBROOM_PR.csv,2026-06-09 07:14,2026-06-09,07:14,3,3단계 ⭐확정,3,,85,주의,M16HUB,30,M16HUB,"M14(06:14,RA_sus+RB+RB_fast) → M16A(06:14,RA_sus+RB_fast+SLA) → M16(06:15,RB+RB_fast) → M16HUB(06:33,RC+RD)",M16A_2F_TO_HUB=3.8x(심각),,30,5,0,5,10,0,0,0,RA+RA_sus+RC+RD,RA_sus,,RA_sus,RA_sus+SLA,5.81,2.44,3.05,2.67,2.82,-27,-23,-10,15,-7,0,100.00,4,"6ABL6021,6ABL0111,6ABL0112,6ABL0121",11.34,0,10.56,12.17,0,36,18,37,16,0,"hot_area=M16HUB; S3확정; 발동: M16HUB[R-A'(AVGTOTALTIME1MIN=5.81분/기준9.0),R-A_sus,R-C'(역증가4개:6ABL6021,6ABL0111,6ABL0112,6ABL0121),R-D(FAB저장=0.0%,STB=100.0%)]; M14[R-A_sus]; M16A[R-A_sus]; M16B[R-A_sus,SLA(12.2%4분초과)]; 흐름:M16A_2F_TO_HUB=3.8x(심각)",10,5,0,0,8,7,0,0,0,0,5,0,0,0,0,0,0,0,0,0,0,0,0,0,0,0,0,0,5,0,0,0,0,0,0,0,0,5,0,0,0,0,5,0,0,50,30,5,0,0,2,0,0,0,0,-7,8,-8,18,4,-5,0.57,78.25,83.69,88.46,81.56,0,99,68,96,0,0,30,5,0,5,10
M16A_HUBROOM_PR.csv,2026-06-09 07:15,2026-06-09,07:15,3,3단계 ⭐확정,3,,92,주의,M16HUB,17,M16HUB;M16,"M14(06:15,RA_sus+RB+RB_fast+SLA) → M16(06:15,RB+RB_fast) → M16A(06:17,RA_sus+RB_fast+SLA) → M16HUB(06:33,RC+RD)",M16A_2F_TO_HUB=3.4x(심각),,17,5,0,10,10,15,0,0,RA+RD,RA_sus,,RA_sus+RB_fast,RA_sus+SLA,5.61,2.39,3.17,2.61,2.45,-18,-21,-3,32,-10,0,100.00,6,"6ABL6011,6ABL6012,6ABL6021,6ABL0111,6ABL0112,6ABL0121",11.75,0,11.61,10.02,0,35,15,38,17,0,"hot_area=M16HUB; S3확정; 발동: M16HUB[R-A'(AVGTOTALTIME1MIN=5.61분/기준9.0),R-D(FAB저장=0.0%,STB=100.0%)]; M14[R-A_sus]; M16A[R-A_sus,R-B_fast(+26/10분)]; M16B[R-A_sus,SLA(10.0%4분초과)]; M16[R-B(SENDQUEUETOTAL+21/30분/기준+20),R-B_fast(+28/10분)]; 흐름:M16A_2F_TO_HUB=3.4x(심각)",10,0,0,0,0,7,0,0,0,0,5,0,0,0,0,0,0,0,0,0,0,0,0,0,0,0,0,0,5,0,5,0,0,0,0,0,0,5,0,0,0,0,5,0,0,57,30,5,0,0,2,0,0,0,0,-8,4,-5,26,2,7,0.58,80.58,85.01,88.10,80.97,0,116,83,87,0,0,17,5,0,10,10
M16A_HUBROOM_PR.csv,2026-06-09 07:16,2026-06-09,07:16,3,3단계 ⭐확정,3,,57,관심,M16HUB,17,M16HUB,"M14(06:16,RA_sus+RB+RB_fast+SLA) → M16A(06:17,RA_sus+RB_fast+SLA) → M16HUB(06:33,RC+RD) → M16(06:35,RB+RB_fast)",M16A_2F_TO_HUB=2.9x(위험),,17,5,0,10,5,5,0,0,RA+RD,RA_sus,,RA_sus+RB_fast,RA_sus,5.84,2.47,3.34,2.70,2.92,7,-4,-4,47,-14,0,100.00,4,"6ABL6011,6ABL6012,6ABL6032,6ABL0112",11.44,0,11.56,9.95,0,39,17,40,21,0,"hot_area=M16HUB; S3확정; 발동: M16HUB[R-A'(AVGTOTALTIME1MIN=5.84분/기준9.0),R-D(FAB저장=0.0%,STB=100.0%)]; M14[R-A_sus]; M16A[R-A_sus,R-B_fast(+35/10분)]; M16B[R-A_sus]; M16[R-B_fast(+16/10분)]; 흐름:M16A_2F_TO_HUB=2.9x(위험)",10,0,0,0,0,7,0,0,0,0,5,0,0,0,0,0,0,0,0,0,0,0,0,0,0,0,0,0,5,0,5,0,0,0,0,0,0,5,0,0,0,0,0,0,0,42,15,0,0,0,2,0,0,0,0,13,19,-2,35,1,4,0.63,80.58,85.68,83.86,75.96,0,101,74,77,0,0,17,5,0,10,5
M16A_HUBROOM_PR.csv,2026-06-09 07:17,2026-06-09,07:17,3,3단계 ⭐확정,3,,57,관심,M16HUB,17,M16HUB,"M14(06:17,RA_sus+RB_fast+SLA) → M16A(06:17,RA_sus+RB_fast+SLA) → M16HUB(06:33,RC+RD) → M16(06:35,RB+RB_fast)",M16A_2F_TO_HUB=2.4x(위험),,17,5,0,10,5,0,5,0,RA+RD,RA_sus,,RA_sus+RB_fast,RA_sus,7.48,2.72,3.21,2.83,2.36,3,-1,-8,33,-18,0,100.00,5,"6ABL6012,6ABL6021,6ABL6022,6ABL6032,6ABL0112",12.39,0,11.80,9.55,0,36,14,41,19,0,"hot_area=M16HUB; S3확정; 발동: M16HUB[R-A'(AVGTOTALTIME1MIN=7.48분/기준9.0),R-D(FAB저장=0.0%,STB=100.0%)]; M14[R-A_sus]; M16A[R-A_sus,R-B_fast(+30/10분)]; M16B[R-A_sus]; M16_PKT[R-A_sus]; 흐름:M16A_2F_TO_HUB=2.4x(위험)",10,0,0,0,0,7,0,0,0,0,5,0,0,0,0,0,0,0,0,0,0,0,0,0,0,0,0,0,5,0,5,0,0,0,0,0,0,5,0,0,0,0,0,0,0,42,15,0,0,0,1,0,0,0,0,21,20,-6,30,-10,5,0.66,80.87,83.55,84.45,74.34,0,113,87,80,0,0,17,5,0,10,5
M16A_HUBROOM_PR.csv,2026-06-09 07:18,2026-06-09,07:18,1,1단계 조기경보,3,3→1,50,관심,M16HUB,25,M16HUB,"M14(06:18,RA_sus+RB_fast+SLA) → M16A(06:18,RA_sus+RB_fast+SLA) → M16HUB(06:33,RC+RD) → M16(06:35,RB+RB_fast)",M16A_2F_TO_HUB=1.5x(주의),,25,5,0,5,5,0,5,0,RA+RC+RD,RA_sus,,RA_sus,RA_sus,5.89,2.40,2.99,2.85,2.55,-16,-2,-13,34,-14,0,100.00,5,"6ABL6012,6ABL6021,6ABL6022,6ABL6031,6ABL6032",11.55,0,11.89,9.39,0,33,14,38,15,0,"hot_area=M16HUB; S1조기경보; 발동: M16HUB[R-A'(AVGTOTALTIME1MIN=5.89분/기준9.0),R-C'(역증가5개:6ABL6012,6ABL6021,6ABL6022,6ABL6031,6ABL6032),R-D(FAB저장=0.0%,STB=100.0%)]; M14[R-A_sus]; M16A[R-A_sus]; M16B[R-A_sus]; M16_PKT[R-A_sus]; 흐름:M16A_2F_TO_HUB=1.5x(주의)",10,0,0,0,8,7,0,0,0,0,5,0,0,0,0,0,0,0,0,0,0,0,0,0,0,0,0,0,5,0,0,0,0,0,0,0,0,5,0,0,0,0,0,0,0,45,5,0,0,0,1,0,0,0,0,4,11,-8,14,-12,-7,0.69,78.25,83.69,86.34,77.58,0,108,78,71,0,0,25,5,0,5,5
M16A_HUBROOM_PR.csv,2026-06-09 07:19,2026-06-09,07:19,1,1단계 조기경보,1,,48,관심,M16HUB,25,M16HUB,"M14(06:20,RA_sus+RB_fast+SLA) → M16HUB(06:33,RC+RD) → M16(06:35,RB+RB_fast)",,,25,13,0,5,5,0,0,0,RA+RC+RD,RA_sus+RC,,RA_sus,RA_sus,8.27,2.53,2.98,2.55,2.47,-16,-14,-6,29,-19,0,100.00,5,"6ABL6011,6ABL6021,6ABL6031,6ABL6032,6ABL0122",11.60,0,11.53,8.00,0,35,13,44,18,0,"hot_area=M16HUB; S1조기경보; 발동: M16HUB[R-A'(AVGTOTALTIME1MIN=8.27분/기준9.0),R-C'(역증가5개:6ABL6011,6ABL6021,6ABL6031,6ABL6032,6ABL0122),R-D(FAB저장=0.0%,STB=100.0%)]; M14[R-A_sus,R-C'(CNV쏠림)]; M16A[R-A_sus]; M16B[R-A_sus]",10,0,0,0,8,7,0,0,0,0,5,0,0,8,0,0,0,0,0,0,0,0,0,0,0,0,0,0,5,0,0,0,0,0,0,0,0,5,0,0,0,0,0,0,0,48,0,0,0,0,1,0,0,0,0,-14,-1,-4,6,-19,-3,0.71,75.63,82.63,90.34,75.07,0,111,82,66,0,0,25,13,0,5,5
M16A_HUBROOM_PR.csv,2026-06-09 07:20,2026-06-09,07:20,1,1단계 조기경보,1,,53,관심,M16HUB,30,M16HUB,"M14(06:20,RA_sus+RB_fast+SLA) → M16HUB(06:33,RC+RD) → M16(06:35,RB+RB_fast)",,,30,13,0,5,5,0,0,0,RA+RA_sus+RC+RD,RA_sus+RC,,RA_sus,RA_sus,6.04,2.39,2.89,2.60,2.19,-26,-16,-8,34,3,0,100.00,2,"6ABL6011,6ABL6032",12.02,0,11.76,5.43,0,35,15,32,15,0,"hot_area=M16HUB; S1조기경보; 발동: M16HUB[R-A'(AVGTOTALTIME1MIN=6.04분/기준9.0),R-A_sus,R-C'(역증가2개:6ABL6011,6ABL6032),R-D(FAB저장=0.0%,STB=100.0%)]; M14[R-A_sus,R-C'(CNV쏠림)]; M16A[R-A_sus]; M16B[R-A_sus]",10,5,0,0,8,7,0,0,0,0,5,0,0,8,0,0,0,0,0,0,0,0,0,0,0,0,0,0,5,0,0,0,0,0,0,0,0,5,0,0,0,0,0,0,0,53,0,0,0,0,1,0,0,0,0,-21,-9,-9,-2,4,-28,0.79,75.05,81.70,90.69,80.24,0,104,76,40,0,0,30,13,0,5,5
M16A_HUBROOM_PR.csv,2026-06-09 07:21,2026-06-09,07:21,1,1단계 조기경보,1,,53,관심,M16HUB,30,M16HUB,"M16HUB(06:33,RC+RD) → M16(06:35,RB+RB_fast)",,,30,13,0,5,5,0,0,0,RA+RA_sus+RC+RD,RA_sus+RC,,RA_sus,RA_sus,3.98,2.35,3.18,2.51,2.29,-10,-13,-10,11,10,0,100.00,3,"6ABL6012,6ABL6022,6ABL6032",12.46,0,11.87,6.89,0,32,11,28,15,0,"hot_area=M16HUB; S1조기경보; 발동: M16HUB[R-A'(AVGTOTALTIME1MIN=3.98분/기준9.0),R-A_sus,R-C'(역증가3개:6ABL6012,6ABL6022,6ABL6032),R-D(FAB저장=0.0%,STB=100.0%)]; M14[R-A_sus,R-C'(CNV쏠림)]; M16A[R-A_sus]; M16B[R-A_sus]",10,5,0,0,8,7,0,0,0,0,5,0,0,8,0,0,0,0,0,0,0,0,0,0,0,0,0,0,5,0,0,0,0,0,0,0,0,5,0,0,0,0,0,0,0,53,0,0,0,0,1,0,0,0,0,-26,-16,-9,-23,-2,-21,0.73,79.90,81.03,89.52,83.78,0,122,90,58,0,0,30,13,0,5,5
M16A_HUBROOM_PR.csv,2026-06-09 07:22,2026-06-09,07:22,1,1단계 조기경보,1,,53,관심,M16HUB,30,M16HUB,"M16HUB(06:33,RC+RD) → M16(06:35,RB+RB_fast)",,,30,13,0,5,5,0,0,0,RA+RA_sus+RC+RD,RA_sus+RC,,RA_sus,RA_sus,6.17,2.66,3.26,2.64,2.60,-29,-13,-10,0,16,0,100.00,5,"6ABL6012,6ABL6021,6ABL6022,6ABL6031,6ABL6032",12.64,0,12.11,7.17,0,32,14,30,16,0,"hot_area=M16HUB; S1조기경보; 발동: M16HUB[R-A'(AVGTOTALTIME1MIN=6.17분/기준9.0),R-A_sus,R-C'(역증가5개:6ABL6012,6ABL6021,6ABL6022,6ABL6031,6ABL6032),R-D(FAB저장=0.0%,STB=100.0%)]; M14[R-A_sus,R-C'(CNV쏠림)]; M16A[R-A_sus]; M16B[R-A_sus]",10,5,0,0,8,7,0,0,0,0,5,0,0,8,0,0,0,0,0,0,0,0,0,0,0,0,0,0,5,0,0,0,0,0,0,0,0,5,0,0,0,0,0,0,0,53,0,0,0,0,1,0,0,0,0,-26,-19,-12,-27,2,-16,0.74,75.83,80.90,87.63,80.38,0,112,82,54,0,0,30,13,0,5,5
M16A_HUBROOM_PR.csv,2026-06-09 07:23,2026-06-09,07:23,1,1단계 조기경보,1,,53,관심,M16HUB,20,M16HUB,"M16HUB(06:33,RC+RD) → M16(06:35,RB+RB_fast)",,,20,13,0,10,5,0,0,0,RA_sus+RC+RD,RA_sus+RC,,RA_sus+SLA,RA_sus,5.28,2.50,2.95,2.83,2.35,-27,-4,-19,-41,11,0,100.00,4,"6ABL6022,6ABL6031,6ABL6032,6ABL0122",12.93,0,11.58,7.08,0,30,12,29,15,0,"hot_area=M16HUB; S1조기경보; 발동: M16HUB[R-A_sus,R-C'(역증가4개:6ABL6022,6ABL6031,6ABL6032,6ABL0122),R-D(FAB저장=0.0%,STB=100.0%)]; M14[R-A_sus,R-C'(CNV쏠림)]; M16A[R-A_sus,SLA(11.6%4분초과)]; M16B[R-A_sus]",0,5,0,0,8,7,0,0,0,0,5,0,0,8,0,0,0,0,0,0,0,0,0,0,0,0,0,0,5,0,0,0,0,5,0,0,0,5,0,0,0,0,0,0,0,48,0,5,0,0,0,0,0,0,0,-25,-14,-11,-59,4,-3,0.78,77.57,81.03,87.87,80.09,0,119,88,58,0,0,20,13,0,10,5
M16A_HUBROOM_PR.csv,2026-06-09 07:24,2026-06-09,07:24,1,1단계 조기경보,1,,53,관심,M16HUB,20,M16HUB;M14,"M16HUB(06:33,RC+RD) → M16(06:35,RB+RB_fast) → M14(07:24,RA_sus+RC+SLA)",,,20,18,0,5,5,0,0,0,RA_sus+RC+RD,RA_sus+RC+SLA,,RA_sus,RA_sus,6.41,2.29,2.65,2.82,2.56,-40,-8,-14,-46,9,0,100.00,3,"6ABL6021,6ABL6022,6ABL0112",13.41,0,11.39,6.86,0,32,15,33,17,0,"hot_area=M16HUB; S1조기경보; 발동: M16HUB[R-A_sus,R-C'(역증가3개:6ABL6021,6ABL6022,6ABL0112),R-D(FAB저장=0.0%,STB=100.0%)]; M14[R-A_sus,R-C'(CNV쏠림),SLA(13.4%4분초과)]; M16A[R-A_sus]; M16B[R-A_sus]",0,5,0,0,8,7,0,0,0,0,5,0,0,8,0,5,0,0,0,0,0,0,0,0,0,0,0,0,5,0,0,0,0,0,0,0,0,5,0,0,0,0,0,0,0,48,0,5,0,0,0,0,0,0,0,-24,-11,-11,-71,-2,-4,0.78,79.42,84.22,90.22,81.42,0,127,77,50,0,0,20,18,0,5,5
M16A_HUBROOM_PR.csv,2026-06-09 07:25,2026-06-09,07:25,1,1단계 조기경보,1,,30,관심,M14,13,,"M16HUB(06:33,RC+RD) → M16(06:35,RB+RB_fast) → M14(07:24,RA_sus+RC+SLA)",,,7,13,0,5,5,0,0,0,RD,RA_sus+RC,,RA_sus,RA_sus,3.91,2.72,2.77,2.72,2.51,-16,6,-1,-41,8,0,99.41,6,"6ABL6012,6ABL6021,6ABL6022,6ABL6032,6ABL0111,6ABL0112",12.85,0,10.84,7.09,0,33,15,30,16,0,"hot_area=M14; S1조기경보; 발동: M16HUB[R-D(FAB저장=0.0%,STB=99.4%)]; M14[R-A_sus,R-C'(CNV쏠림)]; M16A[R-A_sus]; M16B[R-A_sus]",0,0,0,0,0,7,0,0,0,0,5,0,0,8,0,0,0,0,0,0,0,0,0,0,0,0,0,0,5,0,0,0,0,0,0,0,0,5,0,0,0,0,0,0,0,30,0,0,0,0,0,0,0,0,0,-8,2,0,-70,4,0,0.71,82.52,83.55,91.99,80.97,0,109,86,59,0,0,7,13,0,5,5
M16A_HUBROOM_PR.csv,2026-06-09 07:26,2026-06-09,07:26,1,1단계 조기경보,1,,45,관심,M16HUB,20,M16HUB,"M16HUB(06:33,RC+RD) → M16(06:35,RB+RB_fast) → M14(07:24,RA_sus+RC+SLA)",,,20,10,0,5,5,0,0,0,RA_sus+RC+RD,RA_sus+SLA,,RA_sus,RA_sus,6.97,2.70,3.02,2.65,2.56,13,36,-2,-24,-2,0,99.41,4,"6ABL6022,6ABL6031,6ABL6032,6ABL0111",12.94,0,10.03,7.82,0,39,14,25,14,0,"hot_area=M16HUB; S1조기경보; 발동: M16HUB[R-A_sus,R-C'(역증가4개:6ABL6022,6ABL6031,6ABL6032,6ABL0111),R-D(FAB저장=0.0%,STB=99.4%)]; M14[R-A_sus,SLA(12.9%4분초과)]; M16A[R-A_sus]; M16B[R-A_sus]",0,5,0,0,8,7,0,0,0,0,5,0,0,0,0,5,0,0,0,0,0,0,0,0,0,0,0,0,5,0,0,0,0,0,0,0,0,5,0,0,0,0,0,0,0,40,0,5,0,0,0,0,0,0,0,13,11,1,-76,-2,-16,0.69,82.33,79.58,92.34,81.42,0,128,69,58,0,0,20,10,0,5,5
M16A_HUBROOM_PR.csv,2026-06-09 07:27,2026-06-09,07:27,1,1단계 조기경보,1,,20,정상,M16HUB,5,,"M16HUB(06:33,RC+RD) → M16(06:35,RB+RB_fast) → M14(07:24,RA_sus+RC+SLA)",,,5,5,0,5,5,0,0,0,RA_sus,RA_sus,,RA_sus,RA_sus,6.17,2.40,3.13,2.50,2.22,18,39,-3,-24,-9,0,98.82,5,"6ABL6022,6ABL6031,6ABL6032,6ABL0111,6ABL0112",12.87,0,10.14,8.30,0,35,12,31,16,0,hot_area=M16HUB; S1조기경보; 발동: M16HUB[R-A_sus]; M14[R-A_sus]; M16A[R-A_sus]; M16B[R-A_sus],0,5,0,0,0,0,0,0,0,0,5,0,0,0,0,0,0,0,0,0,0,0,0,0,0,0,0,0,5,0,0,0,0,0,0,0,0,5,0,0,0,0,0,0,0,20,0,0,0,0,0,0,0,0,0,11,19,2,-50,5,4,0.67,82.82,82.36,91.17,83.33,0,113,77,65,0,0,5,5,0,5,5
M16A_HUBROOM_PR.csv,2026-06-09 07:28,2026-06-09,07:28,3,3단계 ⭐확정,1,1→3,40,관심,M14,15,M14,"M16HUB(06:33,RC+RD) → M16(06:35,RB+RB_fast) → M14(07:24,RA_sus+RC+SLA)",,,10,15,0,5,5,0,0,0,RA_sus+RB_fast,RA_sus+RB_fast+SLA,,RA_sus,RA_sus,6.83,2.56,3.06,2.65,2.82,26,45,0,-33,-7,0,98.82,7,"6ABL6012,6ABL6021,6ABL6022,6ABL6031,6ABL6032,6ABL0111,6ABL0112",13.92,0,10.36,8.99,0,35,12,29,14,0,"hot_area=M14; S3확정; 발동: M16HUB[R-A_sus,R-B_fast(+31/10분)]; M14[R-A_sus,R-B_fast(+29/10분),SLA(13.9%4분초과)]; M16A[R-A_sus]; M16B[R-A_sus]",0,5,0,5,0,0,0,0,0,0,5,0,5,0,0,5,0,0,0,0,0,0,0,0,0,0,0,0,5,0,0,0,0,0,0,0,0,5,0,0,0,0,0,0,0,35,0,5,0,0,0,0,0,0,0,31,29,6,-63,6,10,0.64,78.25,82.63,90.58,80.24,0,129,71,63,0,0,10,15,0,5,5
M16A_HUBROOM_PR.csv,2026-06-09 07:29,2026-06-09,07:29,3,3단계 ⭐확정,3,,60,관심,M14,15,M14;M16,"M16HUB(06:33,RC+RD) → M16(06:35,RB+RB_fast) → M14(07:24,RA_sus+RC+SLA)",,,10,15,0,5,10,15,0,0,RA_sus+RB_fast,RA_sus+RB_fast+SLA,,RA_sus,RA_sus+RB_fast,7.91,2.45,2.90,2.88,2.38,32,40,6,-21,-7,0,98.82,6,"6ABL6011,6ABL6021,6ABL6022,6ABL6032,6ABL0111,6ABL0112",13.78,0,10.52,10.05,0,39,12,38,17,0,"hot_area=M14; S3확정; 발동: M16HUB[R-A_sus,R-B_fast(+42/10분)]; M14[R-A_sus,R-B_fast(+36/10분),SLA(13.8%4분초과)]; M16A[R-A_sus]; M16B[R-A_sus,R-B_fast(+15/10분)]; M16[R-B(SENDQUEUETOTAL+25/30분/기준+20),R-B_fast(+40/10분)]",0,5,0,5,0,0,0,0,0,0,5,0,5,0,0,5,0,0,0,0,0,0,0,0,0,0,0,0,5,0,0,0,0,0,0,0,0,5,0,5,0,0,0,0,0,55,0,5,0,0,0,0,0,0,0,42,36,8,-43,15,11,0.66,74.17,81.96,90.46,78.32,0,132,79,78,0,0,10,15,0,5,10
M16A_HUBROOM_PR.csv,2026-06-09 07:30,2026-06-09,07:30,2,2단계 주의보,3,3→2,30,관심,M16HUB,10,,"M16HUB(06:33,RC+RD) → M16(06:35,RB+RB_fast) → M14(07:24,RA_sus+RC+SLA)",,,10,10,0,5,5,0,0,0,RA_sus+RB_fast,RA_sus+RB_fast,,RA_sus,RA_sus,6.62,2.68,2.75,2.61,2.50,12,38,1,-34,-4,0.59,98.82,5,"6ABL6022,6ABL6031,6ABL6032,6ABL0111,6ABL0122",13.37,0,10.28,7.50,0,38,15,34,17,0,"hot_area=M16HUB; S2주의보; 발동: M16HUB[R-A_sus,R-B_fast(+52/10분)]; M14[R-A_sus,R-B_fast(+39/10분)]; M16A[R-A_sus]; M16B[R-A_sus]",0,5,0,5,0,0,0,0,0,0,5,0,5,0,0,0,0,0,0,0,0,0,0,0,0,0,0,0,5,0,0,0,0,0,0,0,0,5,0,0,0,0,0,0,0,30,0,0,0,0,0,0,0,0,0,52,39,12,-52,-9,13,0.69,76.89,82.76,89.16,78.91,0,113,70,52,0,0,10,10,0,5,5
M16A_HUBROOM_PR.csv,2026-06-09 07:31,2026-06-09,07:31,3,3단계 ⭐확정,2,2→3,62,관심,M16HUB,17,M16HUB;M16B,"M16HUB(06:33,RC+RD) → M16(06:35,RB+RB_fast) → M14(07:24,RA_sus+RC+SLA) → M16B(07:31,RA_sus+RB_fast+SLA)",M16B_10F_TO_HUB=1.8x(주의),,17,10,0,5,15,5,0,0,RA_sus+RB_fast+RD,RA_sus+RB_fast,,RA_sus,RA_sus+RB_fast+SLA,6.18,2.58,2.99,2.85,2.55,47,51,11,-31,9,0,99.41,6,"6ABL6012,6ABL6022,6ABL6031,6ABL6032,6ABL0111,6ABL0122",12.65,0,10.84,10.53,0,35,15,35,15,0,"hot_area=M16HUB; S3확정; 발동: M16HUB[R-A_sus,R-B_fast(+67/10분),R-D(FAB저장=0.0%,STB=99.4%)]; M14[R-A_sus,R-B_fast(+58/10분)]; M16A[R-A_sus]; M16B[R-A_sus,R-B_fast(+13/10분),SLA(10.5%4분초과)]; M16[R-B_fast(+38/10분)]; 흐름:M16B_10F_TO_HUB=1.8x(주의)",0,5,0,5,0,7,0,0,0,0,5,0,5,0,0,0,0,0,0,0,0,0,0,0,0,0,0,0,5,0,0,0,0,0,0,0,0,5,0,5,0,0,5,0,0,52,5,5,0,0,0,0,0,0,0,67,58,23,-23,13,8,0.65,80.87,83.55,90.69,81.71,0,123,83,87,0,0,17,10,0,5,15
M16A_HUBROOM_PR.csv,2026-06-09 07:32,2026-06-09,07:32,3,3단계 ⭐확정,3,,57,관심,M16HUB,17,M16HUB;M16B,"M16HUB(06:33,RC+RD) → M16(06:35,RB+RB_fast) → M14(07:24,RA_sus+RC+SLA) → M16B(07:31,RA_sus+RB_fast+SLA)",M16B_10F_TO_HUB=1.7x(주의),,17,10,0,5,15,0,0,0,RA_sus+RB_fast+RD,RA_sus+RB_fast,,RA_sus,RA_sus+RB_fast+SLA,6.58,2.37,3.27,2.78,2.55,39,46,0,-4,11,0,100.00,7,"6ABL6011,6ABL6012,6ABL6022,6ABL6031,6ABL6032,6ABL0112,6ABL0122",12.77,0,11.22,10.35,0,36,15,41,18,0,"hot_area=M16HUB; S3확정; 발동: M16HUB[R-A_sus,R-B_fast(+64/10분),R-D(FAB저장=0.0%,STB=100.0%)]; M14[R-A_sus,R-B_fast(+52/10분)]; M16A[R-A_sus]; M16B[R-A_sus,R-B_fast(+10/10분),SLA(10.3%4분초과)]; 흐름:M16B_10F_TO_HUB=1.7x(주의)",0,5,0,5,0,7,0,0,0,0,5,0,5,0,0,0,0,0,0,0,0,0,0,0,0,0,0,0,5,0,0,0,0,0,0,0,0,5,0,5,0,0,5,0,0,47,5,5,0,0,0,0,0,0,0,64,52,14,0,10,12,0.67,80.39,84.48,89.63,80.83,0,111,77,77,0,0,17,10,0,5,15
M16A_HUBROOM_PR.csv,2026-06-09 07:33,2026-06-09,07:33,3,3단계 ⭐확정,3,,67,경계,M16HUB,17,M16HUB;M16B,"M16HUB(06:33,RC+RD) → M16(06:35,RB+RB_fast) → M14(07:24,RA_sus+RC+SLA) → M16B(07:31,RA_sus+RB_fast+SLA)",M16B_10F_TO_HUB=1.8x(주의),,17,10,0,10,15,5,0,0,RA_sus+RB_fast+RD,RA_sus+RB_fast,,RA_sus+RB_fast,RA_sus+RB_fast+SLA,4.11,2.46,2.87,2.66,2.49,41,41,-3,-6,20,0,100.00,4,"6ABL6012,6ABL6022,6ABL6032,6ABL0122",12.49,0,12.22,10.67,0,39,16,38,18,0,"hot_area=M16HUB; S3확정; 발동: M16HUB[R-A_sus,R-B_fast(+63/10분),R-D(FAB저장=0.0%,STB=100.0%)]; M14[R-A_sus,R-B_fast(+39/10분)]; M16A[R-A_sus,R-B_fast(+39/10분)]; M16B[R-A_sus,R-B_fast(+16/10분),SLA(10.7%4분초과)]; M16[R-B_fast(+30/10분)]; 흐름:M16B_10F_TO_HUB=1.8x(주의)",0,5,0,5,0,7,0,0,0,0,5,0,5,0,0,0,0,0,0,0,0,0,0,0,0,0,0,0,5,0,5,0,0,0,0,0,0,5,0,5,0,0,5,0,0,57,5,5,0,0,0,0,0,0,0,63,39,16,39,16,14,0.68,79.61,84.08,90.22,80.24,0,113,93,87,0,0,17,10,0,10,15
M16A_HUBROOM_PR.csv,2026-06-09 07:34,2026-06-09,07:34,3,3단계 ⭐확정,3,,62,관심,M16HUB,17,M16HUB;M16B,"M16(06:35,RB+RB_fast) → M16HUB(06:36,RA_sus+RC+RD) → M14(07:24,RA_sus+RC+SLA) → M16B(07:31,RA_sus+RB_fast+SLA)",M16B_10F_TO_HUB=1.6x(주의),,17,10,0,10,15,0,0,0,RA_sus+RB_fast+RD,RA_sus+RB_fast,,RA_sus+RB_fast,RA_sus+RB_fast+SLA,6.79,2.50,2.90,2.64,2.64,28,32,-5,-2,21,0,100.00,4,"6ABL6012,6ABL6022,6ABL6032,6ABL0122",11.58,0,11.88,11.25,0,37,16,35,15,0,"hot_area=M16HUB; S3확정; 발동: M16HUB[R-A_sus,R-B_fast(+59/10분),R-D(FAB저장=0.0%,STB=100.0%)]; M14[R-A_sus,R-B_fast(+35/10분)]; M16A[R-A_sus,R-B_fast(+51/10분)]; M16B[R-A_sus,R-B_fast(+19/10분),SLA(11.2%4분초과)]; 흐름:M16B_10F_TO_HUB=1.6x(주의)",0,5,0,5,0,7,0,0,0,0,5,0,5,0,0,0,0,0,0,0,0,0,0,0,0,0,0,0,5,0,5,0,0,0,0,0,0,5,0,5,0,0,5,0,0,52,5,5,0,0,0,0,0,0,0,59,35,14,51,19,8,0.67,80.97,79.71,88.69,80.97,0,108,81,83,0,0,17,10,0,10,15
M16A_HUBROOM_PR.csv,2026-06-09 07:35,2026-06-09,07:35,3,3단계 ⭐확정,3,,57,관심,M16B,15,M16B,"M16(06:35,RB+RB_fast) → M16HUB(06:36,RA_sus+RC+RD) → M14(07:24,RA_sus+RC+SLA) → M16B(07:31,RA_sus+RB_fast+SLA)",,,12,5,0,10,15,5,0,5,RA_sus+RD,RA_sus,,RA_sus+RB_fast,RA_sus+RB_fast+SLA,4.15,2.59,2.86,2.83,2.54,9,23,-8,-18,16,0,100.00,3,"6ABL6012,6ABL6032,6ABL0112",11.51,0,12.17,10.51,0,35,14,35,15,0,"hot_area=M16B; S3확정; 발동: M16HUB[R-A_sus,R-D(FAB저장=0.0%,STB=100.0%)]; M14[R-A_sus]; M16A[R-A_sus,R-B_fast(+26/10분)]; M16B[R-A_sus,R-B_fast(+10/10분),SLA(10.5%4분초과)]; M16[R-B_fast(+37/10분)]; M16_WT[R-A_sus]",0,5,0,0,0,7,0,0,0,0,5,0,0,0,0,0,0,0,0,0,0,0,0,0,0,0,0,0,5,0,5,0,0,0,0,0,0,5,0,5,0,0,5,0,0,52,0,5,0,0,0,0,0,0,0,25,17,-3,26,10,6,0.69,80.87,82.10,87.04,79.20,0,96,91,86,0,0,12,5,0,10,15
M16A_HUBROOM_PR.csv,2026-06-09 07:36,2026-06-09,07:36,3,3단계 ⭐확정,3,,47,관심,M16B,15,M16B,"M16HUB(06:36,RA_sus+RC+RD) → M16(07:15,RB+RB_fast) → M14(07:24,RA_sus+RC+SLA) → M16B(07:31,RA_sus+RB_fast+SLA)",,,12,5,0,5,15,0,0,5,RA_sus+RD,RA_sus,,RA_sus,RA_sus+RB_fast+SLA,7.25,2.58,3.15,2.57,2.87,21,38,-2,-26,12,0,100.00,3,"6ABL6012,6ABL6031,6ABL6032",12.51,0,12.74,10.69,0,40,19,36,17,0,"hot_area=M16B; S3확정; 발동: M16HUB[R-A_sus,R-D(FAB저장=0.0%,STB=100.0%)]; M14[R-A_sus]; M16A[R-A_sus]; M16B[R-A_sus,R-B_fast(+13/10분),SLA(10.7%4분초과)]; M16_WT[R-A_sus]",0,5,0,0,0,7,0,0,0,0,5,0,0,0,0,0,0,0,0,0,0,0,0,0,0,0,0,0,5,0,0,0,0,0,0,0,0,5,0,5,0,0,5,0,0,42,0,5,0,0,0,0,0,0,0,-5,8,-1,15,13,3,0.63,85.15,82.63,88.10,75.96,0,119,85,79,0,0,12,5,0,5,15
M16A_HUBROOM_PR.csv,2026-06-09 07:37,2026-06-09,07:37,3,3단계 ⭐확정,3,,37,관심,M16HUB,12,,"M16HUB(06:39,RA_sus+RC+RD) → M16(07:15,RB+RB_fast) → M14(07:24,RA_sus+RC+SLA) → M16B(07:31,RA_sus+RB_fast+SLA)",,,12,5,0,5,5,5,0,5,RA_sus+RD,RA_sus,,RA_sus,RA_sus,7.41,2.68,3.71,2.79,2.33,17,30,-6,-10,-11,0,100.00,4,"6ABL6012,6ABL6031,6ABL6032,6ABL0112",12.78,0,12.34,8.82,0,37,17,45,17,0,"hot_area=M16HUB; S3확정; 발동: M16HUB[R-A_sus,R-D(FAB저장=0.0%,STB=100.0%)]; M14[R-A_sus]; M16A[R-A_sus]; M16B[R-A_sus]; M16[R-B_fast(+38/10분)]; M16_WT[R-A_sus]",0,5,0,0,0,7,0,0,0,0,5,0,0,0,0,0,0,0,0,0,0,0,0,0,0,0,0,0,5,0,0,0,0,0,0,0,0,5,0,0,0,0,0,0,0,37,0,0,0,0,0,0,0,0,0,-15,-9,-2,10,-6,3,0.65,84.37,82.76,86.81,82.15,0,109,88,71,0,0,12,5,0,5,5
M16A_HUBROOM_PR.csv,2026-06-09 07:38,2026-06-09,07:38,3,3단계 ⭐확정,3,,42,관심,M16HUB,12,,"M16HUB(06:39,RA_sus+RC+RD) → M16(07:15,RB+RB_fast) → M14(07:24,RA_sus+RC+SLA) → M16B(07:31,RA_sus+RB_fast+SLA)",M16A_2F_TO_HUB=2.0x(주의),,12,5,0,10,5,0,0,5,RA_sus+RD,RA_sus,,RA_sus+RB_fast,RA_sus,5.83,2.73,3.15,2.64,2.60,10,27,-11,-17,-13,0,100.00,6,"6ABL6012,6ABL6022,6ABL6032,6ABL0111,6ABL0112,6ABL0122",12.60,0,12.44,6.89,0,44,17,35,20,0,"hot_area=M16HUB; S3확정; 발동: M16HUB[R-A_sus,R-D(FAB저장=0.0%,STB=100.0%)]; M14[R-A_sus]; M16A[R-A_sus,R-B_fast(+32/10분)]; M16B[R-A_sus]; M16_WT[R-A_sus]; 흐름:M16A_2F_TO_HUB=2.0x(주의)",0,5,0,0,0,7,0,0,0,0,5,0,0,0,0,0,0,0,0,0,0,0,0,0,0,0,0,0,5,0,5,0,0,0,0,0,0,5,0,0,0,0,0,0,0,37,5,0,0,0,0,0,0,0,0,-25,-13,-9,32,-7,1,0.64,88.35,85.28,90.11,75.07,0,113,79,49,0,0,12,5,0,10,5
M16A_HUBROOM_PR.csv,2026-06-09 07:39,2026-06-09,07:39,3,3단계 ⭐확정,3,,42,관심,M16HUB,12,,"M16HUB(06:39,RA_sus+RC+RD) → M16(07:15,RB+RB_fast) → M14(07:24,RA_sus+RC+SLA) → M16B(07:31,RA_sus+RB_fast+SLA)",M16A_2F_TO_HUB=1.7x(주의),,12,5,0,10,5,0,0,5,RA_sus+RD,RA_sus,,RA_sus+RB_fast,RA_sus,7.79,2.55,2.92,2.74,2.23,-10,13,-13,-10,-21,0,100.00,6,"6ABL6012,6ABL6022,6ABL6032,6ABL0111,6ABL0112,6ABL0121",14.01,0,12.78,9.55,0,41,16,31,18,0,"hot_area=M16HUB; S3확정; 발동: M16HUB[R-A_sus,R-D(FAB저장=0.0%,STB=100.0%)]; M14[R-A_sus]; M16A[R-A_sus,R-B_fast(+27/10분)]; M16B[R-A_sus]; M16_WT[R-A_sus]; 흐름:M16A_2F_TO_HUB=1.7x(주의)",0,5,0,0,0,7,0,0,0,0,5,0,0,0,0,0,0,0,0,0,0,0,0,0,0,0,0,0,5,0,5,0,0,0,0,0,0,5,0,0,0,0,0,0,0,37,5,0,0,0,0,0,0,0,0,-38,-22,-17,27,-17,9,0.67,85.44,85.68,91.05,75.37,0,130,87,76,0,0,12,5,0,10,5
M16A_HUBROOM_PR.csv,2026-06-09 07:40,2026-06-09,07:40,3,3단계 ⭐확정,3,,42,관심,M16HUB,12,,"M16HUB(06:42,RA_sus+RC+RD) → M16(07:15,RB+RB_fast) → M14(07:24,RA_sus+RC+SLA) → M16B(07:31,RA_sus+RB_fast+SLA)",M16A_2F_TO_HUB=1.6x(주의),,12,5,0,10,5,0,0,5,RA_sus+RD,RA_sus,,RA_sus+RB_fast,RA_sus,5.82,2.83,3.21,2.64,2.39,-14,13,-18,-24,-19,0,100.00,5,"6ABL6012,6ABL6022,6ABL6031,6ABL0111,6ABL0112",14.80,0,12.18,5.81,0,46,16,34,16,0,"hot_area=M16HUB; S3확정; 발동: M16HUB[R-A_sus,R-D(FAB저장=0.0%,STB=100.0%)]; M14[R-A_sus]; M16A[R-A_sus,R-B_fast(+30/10분)]; M16B[R-A_sus]; M16_WT[R-A_sus]; 흐름:M16A_2F_TO_HUB=1.6x(주의)",0,5,0,0,0,7,0,0,0,0,5,0,0,0,0,0,0,0,0,0,0,0,0,0,0,0,0,0,5,0,5,0,0,0,0,0,0,5,0,0,0,0,0,0,0,37,5,0,0,0,0,0,0,0,0,-45,-17,-21,30,-14,12,0.67,81.65,85.01,88.93,78.91,0,123,75,41,0,0,12,5,0,10,5
M16A_HUBROOM_PR.csv,2026-06-09 07:41,2026-06-09,07:41,3,3단계 ⭐확정,3,,52,관심,M14,10,,"M16HUB(06:42,RA_sus+RC+RD) → M16(07:15,RB+RB_fast) → M14(07:24,RA_sus+RC+SLA) → M16B(07:31,RA_sus+RB_fast+SLA)",M16A_2F_TO_HUB=2.3x(위험),,7,10,0,5,5,0,0,5,RD,RA_sus+SLA,,RA_sus,RA_sus,5.48,2.73,3.35,2.77,2.50,6,34,-8,-35,-18,0,100.00,5,"6ABL6011,6ABL6012,6ABL6022,6ABL0111,6ABL0112",15.35,0,11.67,9.14,0,40,14,27,15,0,"hot_area=M14; S3확정; 발동: M16HUB[R-D(FAB저장=0.0%,STB=100.0%)]; M14[R-A_sus,SLA(15.3%4분초과)]; M16A[R-A_sus]; M16B[R-A_sus]; M16_WT[R-A_sus]; 흐름:M16A_2F_TO_HUB=2.3x(위험)",0,0,0,0,0,7,0,0,0,0,5,0,0,0,0,5,0,0,0,0,0,0,0,0,0,0,0,0,5,0,0,0,0,0,0,0,0,5,0,0,0,0,0,0,0,32,15,5,0,0,0,0,0,0,0,-35,-8,-22,11,-29,8,0.64,84.85,86.74,89.52,84.51,0,151,86,73,0,0,7,10,0,5,5
M16A_HUBROOM_PR.csv,2026-06-09 07:42,2026-06-09,07:42,3,3단계 ⭐확정,3,,52,관심,M14,10,,"M16HUB(06:42,RA_sus+RC+RD) → M16(07:15,RB+RB_fast) → M14(07:24,RA_sus+RC+SLA) → M16B(07:31,RA_sus+RB_fast+SLA)",M16A_2F_TO_HUB=2.5x(위험),,7,10,0,5,5,0,0,5,RD,RA_sus+SLA,,RA_sus,RA_sus,6.18,2.63,3.42,2.57,3.12,22,29,-3,-39,-13,0,100.00,6,"6ABL6011,6ABL6022,6ABL6031,6ABL6032,6ABL0111,6ABL0121",15.77,0,11.56,8.98,0,45,16,31,19,0,"hot_area=M14; S3확정; 발동: M16HUB[R-D(FAB저장=0.0%,STB=100.0%)]; M14[R-A_sus,SLA(15.8%4분초과)]; M16A[R-A_sus]; M16B[R-A_sus]; M16_WT[R-A_sus]; 흐름:M16A_2F_TO_HUB=2.5x(위험)",0,0,0,0,0,7,0,0,0,0,5,0,0,0,0,5,0,0,0,0,0,0,0,0,0,0,0,0,5,0,0,0,0,0,0,0,0,5,0,0,0,0,0,0,0,32,15,5,0,0,0,0,0,0,0,-16,-4,-5,-12,-25,14,0.60,86.89,88.99,85.63,87.02,0,138,75,65,0,0,7,10,0,5,5
M16A_HUBROOM_PR.csv,2026-06-09 07:43,2026-06-09,07:43,3,3단계 ⭐확정,3,,57,관심,M16HUB,12,,"M16HUB(06:43,RA_sus+RC+RD) → M16(07:15,RB+RB_fast) → M14(07:24,RA_sus+RC+SLA) → M16B(07:31,RA_sus+RB_fast+SLA)",M16A_2F_TO_HUB=2.4x(위험),,12,10,0,5,5,0,0,5,RA_sus+RD,RA_sus+SLA,,RA_sus,RA_sus,6.47,2.67,3.10,2.68,2.43,28,34,8,-34,-8,0,100.00,6,"6ABL6012,6ABL6021,6ABL6032,6ABL0111,6ABL0112,6ABL0122",16.70,0,10.91,7.99,0,41,14,35,20,0,"hot_area=M16HUB; S3확정; 발동: M16HUB[R-A_sus,R-D(FAB저장=0.0%,STB=100.0%)]; M14[R-A_sus,SLA(16.7%4분초과)]; M16A[R-A_sus]; M16B[R-A_sus]; M16_WT[R-A_sus]; 흐름:M16A_2F_TO_HUB=2.4x(위험)",0,5,0,0,0,7,0,0,0,0,5,0,0,0,0,5,0,0,0,0,0,0,0,0,0,0,0,0,5,0,0,0,0,0,0,0,0,5,0,0,0,0,0,0,0,37,15,5,0,0,0,0,0,0,0,-10,9,3,-14,-28,14,0.59,88.06,86.74,87.40,85.55,0,158,80,65,0,0,12,10,0,5,5
M16A_HUBROOM_PR.csv,2026-06-09 07:44,2026-06-09,07:44,3,3단계 ⭐확정,3,,52,관심,M14,10,,"M16HUB(06:51,RA_sus+RC+RD) → M16(07:15,RB+RB_fast) → M14(07:24,RA_sus+RC+SLA) → M16B(07:31,RA_sus+RB_fast+SLA)",M16A_2F_TO_HUB=2.2x(위험),,7,10,0,5,5,0,0,5,RD,RA_sus+SLA,,RA_sus,RA_sus,5.26,2.90,3.05,2.66,2.78,39,42,8,-40,-5,0,100.00,5,"6ABL6012,6ABL6031,6ABL6032,6ABL0111,6ABL0121",17.33,0,10.58,8.37,0,42,16,31,19,0,"hot_area=M14; S3확정; 발동: M16HUB[R-D(FAB저장=0.0%,STB=100.0%)]; M14[R-A_sus,SLA(17.3%4분초과)]; M16A[R-A_sus]; M16B[R-A_sus]; M16_WT[R-A_sus]; 흐름:M16A_2F_TO_HUB=2.2x(위험)",0,0,0,0,0,7,0,0,0,0,5,0,0,0,0,5,0,0,0,0,0,0,0,0,0,0,0,0,5,0,0,0,0,0,0,0,0,5,0,0,0,0,0,0,0,32,15,5,0,0,0,0,0,0,0,4,18,5,-20,-22,3,0.59,85.44,83.82,88.57,84.07,0,169,69,62,0,0,7,10,0,5,5
M16A_HUBROOM_PR.csv,2026-06-09 07:45,2026-06-09,07:45,3,3단계 ⭐확정,3,,57,관심,M14,10,,"M16HUB(06:51,RA_sus+RC+RD) → M16(07:15,RB+RB_fast) → M14(07:24,RA_sus+RC+SLA) → M16B(07:31,RA_sus+RB_fast+SLA)",M16A_2F_TO_HUB=2.0x(위험);M16B_10F_TO_HUB=1.9x(주의),,7,10,0,5,5,0,0,5,RD,RA_sus+SLA,,RA_sus,RA_sus,4.95,2.89,2.85,2.72,2.27,44,39,10,-36,21,0,100.00,6,"6ABL6011,6ABL6031,6ABL6032,6ABL0111,6ABL0112,6ABL0121",17.35,0,11.10,8.20,0,37,13,33,19,0,"hot_area=M14; S3확정; 발동: M16HUB[R-D(FAB저장=0.0%,STB=100.0%)]; M14[R-A_sus,SLA(17.4%4분초과)]; M16A[R-A_sus]; M16B[R-A_sus]; M16_WT[R-A_sus]; 흐름:M16A_2F_TO_HUB=2.0x(위험);M16B_10F_TO_HUB=1.9x(주의)",0,0,0,0,0,7,0,0,0,0,5,0,0,0,0,5,0,0,0,0,0,0,0,0,0,0,0,0,5,0,0,0,0,0,0,0,0,5,0,0,0,0,0,0,0,32,20,5,0,0,0,0,0,0,0,27,20,13,8,7,13,0.58,86.02,84.62,88.69,84.81,0,153,79,68,0,0,7,10,0,5,5
M16A_HUBROOM_PR.csv,2026-06-09 07:46,2026-06-09,07:46,3,3단계 ⭐확정,3,,52,관심,M14,10,,"M16HUB(06:51,RA_sus+RC+RD) → M16(07:15,RB+RB_fast) → M14(07:24,RA_sus+RC+SLA) → M16B(07:31,RA_sus+RB_fast+SLA)",M16A_2F_TO_HUB=1.7x(주의);M16B_10F_TO_HUB=1.7x(주의),,7,10,0,5,10,0,0,5,RD,RA_sus+SLA,,RA_sus,RA_sus+RB_fast,5.57,2.61,3.26,2.64,2.87,33,28,9,-52,22,0,100.00,6,"6ABL6011,6ABL6021,6ABL6032,6ABL0111,6ABL0121,6ABL0122",16.49,0,11.37,8.81,0,38,13,33,15,0,"hot_area=M14; S3확정; 발동: M16HUB[R-D(FAB저장=0.0%,STB=100.0%)]; M14[R-A_sus,SLA(16.5%4분초과)]; M16A[R-A_sus]; M16B[R-A_sus,R-B_fast(+11/10분)]; M16_WT[R-A_sus]; 흐름:M16A_2F_TO_HUB=1.7x(주의);M16B_10F_TO_HUB=1.7x(주의)",0,0,0,0,0,7,0,0,0,0,5,0,0,0,0,5,0,0,0,0,0,0,0,0,0,0,0,0,5,0,0,0,0,0,0,0,0,5,0,5,0,0,0,0,0,37,10,5,0,0,0,0,0,0,0,25,9,9,9,11,15,0.59,83.40,83.42,89.05,81.27,0,168,73,65,0,0,7,10,0,5,10
M16A_HUBROOM_PR.csv,2026-06-09 07:47,2026-06-09,07:47,3,3단계 ⭐확정,3,,77,경계,M16HUB,22,M16HUB;M14;M16B,"M16HUB(06:51,RA_sus+RC+RD) → M16(07:15,RB+RB_fast) → M14(07:24,RA_sus+RC+SLA) → M16B(07:31,RA_sus+RB_fast+SLA)",M16B_10F_TO_HUB=1.9x(주의),,22,15,0,5,20,0,0,5,RA+RB_fast+RD,RA_sus+RB_fast+SLA,,RA_sus,RA_sus+RB+RB_fast,12.40,2.72,3.54,2.66,2.42,43,39,9,-34,32,0,100.00,3,"6ABL6011,6ABL0111,6ABL0121",16.85,0,10.13,9.55,0,41,13,28,13,0,"hot_area=M16HUB; S3확정; 발동: M16HUB[R-A'(AVGTOTALTIME1MIN=12.40분/기준9.0),R-B_fast(+47/10분),R-D(FAB저장=0.0%,STB=100.0%)]; M14[R-A_sus,R-B_fast(+29/10분),SLA(16.9%4분초과)]; M16A[R-A_sus]; M16B[R-A_sus,R-B(10F_TO_HUB_JOB+32/30분/기준+30),R-B_fast(+33/10분)]; M16_WT[R-A_sus]; 흐름:M16B_10F_TO_HUB=1.9x(주의)",10,0,0,5,0,7,0,0,0,0,5,0,5,0,0,5,0,0,0,0,0,0,0,0,0,0,0,0,5,0,0,0,0,0,0,0,0,5,10,5,0,0,0,0,0,67,5,5,0,0,1,0,0,0,0,47,29,9,6,33,10,0.66,85.73,88.06,88.10,80.68,0,155,69,78,0,0,22,15,0,5,20
M16A_HUBROOM_PR.csv,2026-06-09 07:48,2026-06-09,07:48,3,3단계 ⭐확정,3,,72,경계,M16HUB,22,M16HUB;M14;M16B,"M16HUB(06:51,RA_sus+RC+RD) → M16(07:15,RB+RB_fast) → M14(07:24,RA_sus+RC+SLA) → M16B(07:31,RA_sus+RB_fast+SLA)",M16B_10F_TO_HUB=1.6x(주의),,22,15,0,5,15,0,0,0,RA+RB_fast+RD,RA_sus+RB_fast+SLA,,RA_sus,RA_sus+RB_fast+SLA,4.52,2.72,2.89,2.56,2.82,54,50,11,-21,29,0,100.00,4,"6ABL6011,6ABL6032,6ABL0111,6ABL0121",16.02,0,10.62,9.85,0,44,16,25,13,0,"hot_area=M16HUB; S3확정; 발동: M16HUB[R-A'(AVGTOTALTIME1MIN=4.52분/기준9.0),R-B_fast(+48/10분),R-D(FAB저장=0.0%,STB=100.0%)]; M14[R-A_sus,R-B_fast(+34/10분),SLA(16.0%4분초과)]; M16A[R-A_sus]; M16B[R-A_sus,R-B_fast(+30/10분),SLA(9.8%4분초과)]; 흐름:M16B_10F_TO_HUB=1.6x(주의)",10,0,0,5,0,7,0,0,0,0,5,0,5,0,0,5,0,0,0,0,0,0,0,0,0,0,0,0,5,0,0,0,0,0,0,0,0,5,0,5,0,0,5,0,0,57,5,10,0,0,1,0,0,0,0,48,34,14,10,30,15,0.63,85.83,87.12,90.11,78.02,0,153,65,70,0,0,22,15,0,5,15
M16A_HUBROOM_PR.csv,2026-06-09 07:49,2026-06-09,07:49,3,3단계 ⭐확정,3,,87,주의,M16HUB,22,M16HUB;M14;M16B;M16,"M16HUB(06:51,RA_sus+RC+RD) → M16(07:15,RB+RB_fast) → M14(07:24,RA_sus+RC+SLA) → M16B(07:31,RA_sus+RB_fast+SLA)",M16B_10F_TO_HUB=1.7x(주의),,22,15,0,5,20,15,0,0,RA+RB_fast+RD,RA_sus+RB_fast+SLA,,RA_sus,RA_sus+RB+RB_fast,10.85,2.59,2.92,2.79,2.61,63,55,7,6,37,0,100.00,6,"6ABL6012,6ABL6022,6ABL6031,6ABL6032,6ABL0111,6ABL0121",15.68,0,9.90,11.90,0,39,13,28,14,0,"hot_area=M16HUB; S3확정; 발동: M16HUB[R-A'(AVGTOTALTIME1MIN=10.85분/기준9.0),R-B_fast(+59/10분),R-D(FAB저장=0.0%,STB=100.0%)]; M14[R-A_sus,R-B_fast(+41/10분),SLA(15.7%4분초과)]; M16A[R-A_sus]; M16B[R-A_sus,R-B(10F_TO_HUB_JOB+37/30분/기준+30),R-B_fast(+39/10분)]; M16[R-B(SENDQUEUETOTAL+36/30분/기준+20),R-B_fast(+41/10분)]; 흐름:M16B_10F_TO_HUB=1.7x(주의)",10,0,0,5,0,7,0,0,0,0,5,0,5,0,0,5,0,0,0,0,0,0,0,0,0,0,0,0,5,0,0,0,0,0,0,0,0,5,10,5,0,0,0,0,0,77,5,5,0,0,2,0,0,0,0,59,41,16,22,39,16,0.64,83.20,85.26,88.57,81.12,0,153,67,94,0,0,22,15,0,5,20
M16A_HUBROOM_PR.csv,2026-06-09 07:50,2026-06-09,07:50,3,3단계 ⭐확정,3,,72,경계,M16HUB,22,M16HUB,"M16HUB(06:51,RA_sus+RC+RD) → M16(07:15,RB+RB_fast) → M14(07:24,RA_sus+RC+SLA) → M16B(07:31,RA_sus+RB_fast+SLA)",M16A_2F_TO_HUB=1.8x(주의);M16B_10F_TO_HUB=2.0x(위험),,22,10,0,10,10,0,0,0,RA+RB_fast+RD,RA_sus+RB_fast,,RA_sus+RB_fast,RA_sus+RB_fast,4.58,2.89,2.90,2.57,2.51,65,63,9,19,29,0,100.00,7,"6ABL6012,6ABL6021,6ABL6031,6ABL6032,6ABL0112,6ABL0121,6ABL0122",15.97,0,10.18,7.96,0,46,16,31,16,0,"hot_area=M16HUB; S3확정; 발동: M16HUB[R-A'(AVGTOTALTIME1MIN=4.58분/기준9.0),R-B_fast(+58/10분),R-D(FAB저장=0.0%,STB=100.0%)]; M14[R-A_sus,R-B_fast(+41/10분)]; M16A[R-A_sus,R-B_fast(+41/10분)]; M16B[R-A_sus,R-B_fast(+52/10분)]; 흐름:M16A_2F_TO_HUB=1.8x(주의);M16B_10F_TO_HUB=2.0x(위험)",10,0,0,5,0,7,0,0,0,0,5,0,5,0,0,0,0,0,0,0,0,0,0,0,0,0,0,0,5,0,5,0,0,0,0,0,0,5,0,5,0,0,0,0,0,52,20,0,0,0,2,0,0,0,0,58,41,18,41,52,19,0.66,81.65,83.40,89.63,84.81,0,138,62,57,0,0,22,10,0,10,10
M16A_HUBROOM_PR.csv,2026-06-09 07:51,2026-06-09,07:51,3,3단계 ⭐확정,3,,82,주의,M16HUB,22,M16HUB;M16B;M16,"M16HUB(06:51,RA_sus+RC+RD) → M16(07:15,RB+RB_fast) → M14(07:24,RA_sus+RC+SLA) → M16B(07:31,RA_sus+RB_fast+SLA)",M16B_10F_TO_HUB=1.9x(주의),,22,5,0,10,15,15,5,0,RA+RA_sus+RD,RA_sus,,RA_sus+RB_fast,RA_sus+RB_fast+SLA,6.24,2.65,2.99,2.85,2.71,53,59,7,25,25,0,100.00,6,"6ABL6012,6ABL6021,6ABL6031,6ABL6032,6ABL0112,6ABL0121",16.10,0,10.73,10.79,0,45,16,36,17,0,"hot_area=M16HUB; S3확정; 발동: M16HUB[R-A'(AVGTOTALTIME1MIN=6.24분/기준9.0),R-A_sus,R-D(FAB저장=0.0%,STB=100.0%)]; M14[R-A_sus]; M16A[R-A_sus,R-B_fast(+37/10분)]; M16B[R-A_sus,R-B_fast(+41/10분),SLA(10.8%4분초과)]; M16[R-B(SENDQUEUETOTAL+40/30분/기준+20),R-B_fast(+38/10분)]; M16_PKT[R-A_sus]; 흐름:M16B_10F_TO_HUB=1.9x(주의)",10,5,0,0,0,7,0,0,0,0,5,0,0,0,0,0,0,0,0,0,0,0,0,0,0,0,0,0,5,0,5,0,0,0,0,0,0,5,0,5,0,0,5,0,0,72,5,5,0,0,2,0,0,0,0,21,9,6,37,41,12,0.64,81.36,81.27,91.87,89.38,0,162,76,93,0,0,22,5,0,10,15
M16A_HUBROOM_PR.csv,2026-06-09 07:52,2026-06-09,07:52,3,3단계 ⭐확정,3,,62,관심,M16HUB,17,M16HUB;M16B,"M16HUB(06:52,RA_sus+RC+RD) → M16(07:15,RB+RB_fast) → M14(07:24,RA_sus+RC+SLA) → M16B(07:31,RA_sus+RB_fast+SLA)",M16B_10F_TO_HUB=1.5x(주의),,17,5,0,10,15,0,5,0,RA+RD,RA_sus,,RA_sus+RB_fast,RA_sus+RB_fast+SLA,4.33,2.83,2.84,2.74,2.80,44,44,6,22,16,0,100.00,7,"6ABL6011,6ABL6012,6ABL6021,6ABL6022,6ABL6032,6ABL0112,6ABL0121",15.44,0,10.91,10.69,0,43,14,32,15,0,"hot_area=M16HUB; S3확정; 발동: M16HUB[R-A'(AVGTOTALTIME1MIN=4.33분/기준9.0),R-D(FAB저장=0.0%,STB=100.0%)]; M14[R-A_sus]; M16A[R-A_sus,R-B_fast(+34/10분)]; M16B[R-A_sus,R-B_fast(+31/10분),SLA(10.7%4분초과)]; M16_PKT[R-A_sus]; 흐름:M16B_10F_TO_HUB=1.5x(주의)",10,0,0,0,0,7,0,0,0,0,5,0,0,0,0,0,0,0,0,0,0,0,0,0,0,0,0,0,5,0,5,0,0,0,0,0,0,5,0,5,0,0,5,0,0,52,5,5,0,0,2,0,0,0,0,-4,-4,-3,34,31,9,0.67,78.74,82.20,90.69,88.35,0,139,68,85,0,0,17,5,0,10,15
M16A_HUBROOM_PR.csv,2026-06-09 07:53,2026-06-09,07:53,3,3단계 ⭐확정,3,,67,경계,M16HUB,22,M16HUB;M16,"M16HUB(07:07,RA+RA_sus+RD) → M16(07:15,RB+RB_fast) → M14(07:24,RA_sus+RC+SLA) → M16B(07:31,RA_sus+RB_fast+SLA)",,,22,5,0,10,10,15,5,0,RA+RA_sus+RD,RA_sus,,RA_sus+RB_fast,RA_sus+RB_fast,8.76,2.53,2.83,2.68,2.28,28,31,3,60,6,0,100.00,7,"6ABL6011,6ABL6022,6ABL6032,6ABL0111,6ABL0112,6ABL0121,6ABL0122",15.30,0,11.26,9.06,0,40,15,29,17,0,"hot_area=M16HUB; S3확정; 발동: M16HUB[R-A'(AVGTOTALTIME1MIN=8.76분/기준9.0),R-A_sus,R-D(FAB저장=0.0%,STB=100.0%)]; M14[R-A_sus]; M16A[R-A_sus,R-B_fast(+35/10분)]; M16B[R-A_sus,R-B_fast(+18/10분)]; M16[R-B(SENDQUEUETOTAL+29/30분/기준+20),R-B_fast(+31/10분)]; M16_PKT[R-A_sus]",10,5,0,0,0,7,0,0,0,0,5,0,0,0,0,0,0,0,0,0,0,0,0,0,0,0,0,0,5,0,5,0,0,0,0,0,0,5,0,5,0,0,0,0,0,67,0,0,0,0,2,0,0,0,0,-25,-17,-16,35,18,27,0.68,77.28,80.48,89.16,84.96,0,142,77,77,0,0,22,5,0,10,10
M16A_HUBROOM_PR.csv,2026-06-09 07:54,2026-06-09,07:54,3,3단계 ⭐확정,3,,45,관심,M16HUB,17,M16HUB,"M16HUB(07:07,RA+RA_sus+RD) → M16(07:15,RB+RB_fast) → M14(07:24,RA_sus+RC+SLA) → M16B(07:31,RA_sus+RB_fast+SLA)",,,17,13,0,10,5,0,0,0,RA+RD,RA_sus+RC,,RA_sus+RB_fast,RA_sus,4.41,2.70,2.94,2.64,2.42,42,34,-3,71,3,0,100.00,8,"6ABL6011,6ABL6022,6ABL6031,6ABL6032,6ABL0111,6ABL0112,6ABL0121,6ABL0122",15.59,0,11.17,9.09,0,42,16,34,17,0,"hot_area=M16HUB; S3확정; 발동: M16HUB[R-A'(AVGTOTALTIME1MIN=4.41분/기준9.0),R-D(FAB저장=0.0%,STB=100.0%)]; M14[R-A_sus,R-C'(CNV쏠림)]; M16A[R-A_sus,R-B_fast(+40/10분)]; M16B[R-A_sus]",10,0,0,0,0,7,0,0,0,0,5,0,0,8,0,0,0,0,0,0,0,0,0,0,0,0,0,0,5,0,5,0,0,0,0,0,0,5,0,0,0,0,0,0,0,45,0,0,0,0,2,0,0,0,0,-21,-19,-22,40,6,20,0.73,76.12,79.02,86.93,79.35,0,150,69,70,0,0,17,13,0,10,5
M16A_HUBROOM_PR.csv,2026-06-09 07:55,2026-06-09,07:55,1,1단계 조기경보,3,3→1,50,관심,M16HUB,17,M16HUB,"M16HUB(07:07,RA+RA_sus+RD) → M16(07:15,RB+RB_fast) → M14(07:24,RA_sus+RC+SLA) → M16B(07:31,RA_sus+RB_fast+SLA)",,,17,13,0,10,5,0,0,0,RA+RD,RA_sus+RC,,RA_sus+SLA,RA_sus,4.03,2.75,2.91,2.71,2.64,16,25,-17,38,-4,0,100.00,5,"6ABL6022,6ABL6031,6ABL6032,6ABL0121,6ABL0122",16.06,0,13.66,8.59,0,45,18,34,15,0,"hot_area=M16HUB; S1조기경보; 발동: M16HUB[R-A'(AVGTOTALTIME1MIN=4.03분/기준9.0),R-D(FAB저장=0.0%,STB=100.0%)]; M14[R-A_sus,R-C'(CNV쏠림)]; M16A[R-A_sus,SLA(13.7%4분초과)]; M16B[R-A_sus]",10,0,0,0,0,7,0,0,0,0,5,0,0,8,0,0,0,0,0,0,0,0,0,0,0,0,0,0,5,0,0,0,0,5,0,0,0,5,0,0,0,0,0,0,0,45,0,5,0,0,2,0,0,0,0,-36,-12,-27,4,-21,6,0.74,76.80,79.55,89.05,78.61,0,160,99,74,0,0,17,13,0,10,5
M16A_HUBROOM_PR.csv,2026-06-09 07:56,2026-06-09,07:56,1,1단계 조기경보,1,,50,관심,M16HUB,17,M16HUB,"M16HUB(07:07,RA+RA_sus+RD) → M16(07:15,RB+RB_fast) → M14(07:24,RA_sus+RC+SLA) → M16B(07:31,RA_sus+RB_fast+SLA)",,,17,13,0,10,5,0,0,0,RA+RD,RA_sus+RC,,RA_sus+SLA,RA_sus,4.49,2.84,2.75,2.89,2.58,-29,-8,-13,36,22,0,100.00,7,"6ABL6011,6ABL6022,6ABL6031,6ABL6032,6ABL0111,6ABL0121,6ABL0122",15.96,0,14.63,8.72,0,47,17,34,18,0,"hot_area=M16HUB; S1조기경보; 발동: M16HUB[R-A'(AVGTOTALTIME1MIN=4.49분/기준9.0),R-D(FAB저장=0.0%,STB=100.0%)]; M14[R-A_sus,R-C'(CNV쏠림)]; M16A[R-A_sus,SLA(14.6%4분초과)]; M16B[R-A_sus]",10,0,0,0,0,7,0,0,0,0,5,0,0,8,0,0,0,0,0,0,0,0,0,0,0,0,0,0,5,0,0,0,0,5,0,0,0,5,0,0,0,0,0,0,0,45,0,5,0,0,2,0,0,0,0,-49,-25,-21,12,-2,15,0.77,81.55,79.15,87.28,80.09,0,142,96,67,0,0,17,13,0,10,5
M16A_HUBROOM_PR.csv,2026-06-09 07:57,2026-06-09,07:57,1,1단계 조기경보,1,,50,관심,M16HUB,17,M16HUB,"M16HUB(07:07,RA+RA_sus+RD) → M16(07:15,RB+RB_fast) → M14(07:24,RA_sus+RC+SLA) → M16B(07:31,RA_sus+RB_fast+SLA)",,,17,13,0,10,5,0,0,0,RA+RD,RA_sus+RC,,RA_sus+SLA,RA_sus,8.68,2.46,2.93,2.93,2.39,-42,-18,-15,5,17,0,100.00,5,"6ABL6011,6ABL6021,6ABL6022,6ABL0111,6ABL0122",16.27,0,14.31,9.54,0,42,16,40,20,0,"hot_area=M16HUB; S1조기경보; 발동: M16HUB[R-A'(AVGTOTALTIME1MIN=8.68분/기준9.0),R-D(FAB저장=0.0%,STB=100.0%)]; M14[R-A_sus,R-C'(CNV쏠림)]; M16A[R-A_sus,SLA(14.3%4분초과)]; M16B[R-A_sus]",10,0,0,0,0,7,0,0,0,0,5,0,0,8,0,0,0,0,0,0,0,0,0,0,0,0,0,0,5,0,0,0,0,5,0,0,0,5,0,0,0,0,0,0,0,45,0,5,0,0,1,0,0,0,0,-74,-38,-22,-11,-10,10,0.79,82.23,76.36,86.69,79.94,0,151,103,79,0,0,17,13,0,10,5
M16A_HUBROOM_PR.csv,2026-06-09 07:58,2026-06-09,07:58,1,1단계 조기경보,1,,50,관심,M16HUB,17,M16HUB,"M16HUB(07:07,RA+RA_sus+RD) → M16(07:15,RB+RB_fast) → M14(07:24,RA_sus+RC+SLA) → M16B(07:31,RA_sus+RB_fast+SLA)",,,17,13,0,10,5,0,0,0,RA+RD,RA_sus+RC,,RA_sus+SLA,RA_sus,4.58,2.58,2.70,2.68,2.63,-56,-30,-14,21,20,0,100.00,9,"6ABL6011,6ABL6012,6ABL6022,6ABL6031,6ABL6032,6ABL0111,6ABL0112,6ABL0121,6ABL0122",16.02,0,14.87,7.76,0,43,18,32,16,0,"hot_area=M16HUB; S1조기경보; 발동: M16HUB[R-A'(AVGTOTALTIME1MIN=4.58분/기준9.0),R-D(FAB저장=0.0%,STB=100.0%)]; M14[R-A_sus,R-C'(CNV쏠림)]; M16A[R-A_sus,SLA(14.9%4분초과)]; M16B[R-A_sus]",10,0,0,0,0,7,0,0,0,0,5,0,0,8,0,0,0,0,0,0,0,0,0,0,0,0,0,0,5,0,0,0,0,5,0,0,0,5,0,0,0,0,0,0,0,45,0,5,0,0,1,0,0,0,0,-79,-51,-19,-21,-3,25,0.83,81.55,78.09,85.63,84.51,0,154,95,59,0,0,17,13,0,10,5
M16A_HUBROOM_PR.csv,2026-06-09 07:59,2026-06-09,07:59,1,1단계 조기경보,1,,40,관심,M14,13,,"M16HUB(07:07,RA+RA_sus+RD) → M16(07:15,RB+RB_fast) → M14(07:24,RA_sus+RC+SLA) → M16B(07:31,RA_sus+RB_fast+SLA)",,,7,13,0,10,5,0,0,0,RD,RA_sus+RC,,RA_sus+SLA,RA_sus,7.28,2.60,2.86,2.79,2.72,-58,-31,-16,1,3,0,100.00,8,"6ABL6011,6ABL6012,6ABL6022,6ABL6031,6ABL6032,6ABL0112,6ABL0121,6ABL0122",16.28,0,13.51,10.53,0,38,16,35,19,0,"hot_area=M14; S1조기경보; 발동: M16HUB[R-D(FAB저장=0.0%,STB=100.0%)]; M14[R-A_sus,R-C'(CNV쏠림)]; M16A[R-A_sus,SLA(13.5%4분초과)]; M16B[R-A_sus]",0,0,0,0,0,7,0,0,0,0,5,0,0,8,0,0,0,0,0,0,0,0,0,0,0,0,0,0,5,0,0,0,0,5,0,0,0,5,0,0,0,0,0,0,0,35,0,5,0,0,0,0,0,0,0,-79,-50,-15,-48,-19,21,0.83,83.59,77.69,84.45,79.50,0,154,92,87,0,0,7,13,0,10,5
M16A_HUBROOM_PR.csv,2026-06-09 08:00,2026-06-09,08:00,1,1단계 조기경보,1,,45,관심,M14,13,,"M16HUB(07:07,RA+RA_sus+RD) → M16(07:15,RB+RB_fast) → M14(07:24,RA_sus+RC+SLA) → M16B(07:31,RA_sus+RB_fast+SLA)",,,7,13,0,10,5,0,0,5,RD,RA_sus+RC,,RA_sus+SLA,RA_sus,4.78,2.43,2.69,2.54,2.43,-58,-26,-7,4,-4,0,100.00,6,"6ABL6011,6ABL6022,6ABL6032,6ABL0112,6ABL0121,6ABL0122",15.68,0,14.26,7.48,0,43,18,29,18,0,"hot_area=M14; S1조기경보; 발동: M16HUB[R-D(FAB저장=0.0%,STB=100.0%)]; M14[R-A_sus,R-C'(CNV쏠림)]; M16A[R-A_sus,SLA(14.3%4분초과)]; M16B[R-A_sus]; M16_WT[R-A_sus]",0,0,0,0,0,7,0,0,0,0,5,0,0,8,0,0,0,0,0,0,0,0,0,0,0,0,0,0,5,0,0,0,0,5,0,0,0,5,0,0,0,0,0,0,0,40,0,5,0,0,0,0,0,0,0,-71,-50,-4,-67,-42,14,0.84,82.52,81.41,84.92,79.06,0,149,85,54,0,0,7,13,0,10,5
M16A_HUBROOM_PR.csv,2026-06-09 08:01,2026-06-09,08:01,1,1단계 조기경보,1,,45,관심,M14,13,,"M16HUB(07:07,RA+RA_sus+RD) → M16(07:15,RB+RB_fast) → M14(07:24,RA_sus+RC+SLA) → M16B(07:31,RA_sus+RB_fast+SLA)",,,7,13,0,10,5,0,0,5,RD,RA_sus+RC,,RA_sus+SLA,RA_sus,3.91,2.76,3.04,2.65,2.32,-21,-26,-4,-17,-26,0,100.00,6,"6ABL6011,6ABL6021,6ABL6022,6ABL6032,6ABL0112,6ABL0122",16.02,0,13.57,10.74,0,47,14,41,21,0,"hot_area=M14; S1조기경보; 발동: M16HUB[R-D(FAB저장=0.0%,STB=100.0%)]; M14[R-A_sus,R-C'(CNV쏠림)]; M16A[R-A_sus,SLA(13.6%4분초과)]; M16B[R-A_sus]; M16_WT[R-A_sus]",0,0,0,0,0,7,0,0,0,0,5,0,0,8,0,0,0,0,0,0,0,0,0,0,0,0,0,0,5,0,0,0,0,5,0,0,0,5,0,0,0,0,0,0,0,40,0,5,0,0,0,0,0,0,0,-7,-27,12,-65,-38,12,0.78,84.47,83.00,88.10,84.51,0,137,97,90,0,0,7,13,0,10,5
M16A_HUBROOM_PR.csv,2026-06-09 08:02,2026-06-09,08:02,1,1단계 조기경보,1,,37,관심,M16A,10,,"M16HUB(07:07,RA+RA_sus+RD) → M16(07:15,RB+RB_fast) → M14(07:24,RA_sus+RC+SLA) → M16B(07:31,RA_sus+RB_fast+SLA)",,,7,5,0,10,5,0,0,5,RD,RA_sus,,RA_sus+SLA,RA_sus,5.78,2.69,2.84,2.69,2.68,-2,11,4,-32,-30,0,100.00,5,"6ABL6011,6ABL6012,6ABL6022,6ABL0121,6ABL0122",16.34,0,13.30,11.59,0,40,13,31,14,0,"hot_area=M16A; S1조기경보; 발동: M16HUB[R-D(FAB저장=0.0%,STB=100.0%)]; M14[R-A_sus]; M16A[R-A_sus,SLA(13.3%4분초과)]; M16B[R-A_sus]; M16_WT[R-A_sus]",0,0,0,0,0,7,0,0,0,0,5,0,0,0,0,0,0,0,0,0,0,0,0,0,0,0,0,0,5,0,0,0,0,5,0,0,0,5,0,0,0,0,0,0,0,32,0,5,0,0,0,0,0,0,0,18,19,12,-54,-36,12,0.65,88.16,81.14,86.57,79.65,0,152,85,88,0,0,7,5,0,10,5
M16A_HUBROOM_PR.csv,2026-06-09 08:03,2026-06-09,08:03,3,3단계 ⭐확정,1,1→3,42,관심,M16HUB,12,,"M16HUB(07:07,RA+RA_sus+RD) → M16(07:15,RB+RB_fast) → M14(07:24,RA_sus+RC+SLA) → M16B(07:31,RA_sus+RB_fast+SLA)",,,12,10,0,10,5,0,0,0,RB_fast+RD,RA_sus+RB_fast,,RA_sus+SLA,RA_sus,4.33,2.66,2.73,2.46,2.37,24,29,5,-42,-36,0,100.00,6,"6ABL6012,6ABL6022,6ABL6032,6ABL0112,6ABL0121,6ABL0122",16.28,0,13.39,9.62,0,40,14,41,21,0,"hot_area=M16HUB; S3확정; 발동: M16HUB[R-B_fast(+59/10분),R-D(FAB저장=0.0%,STB=100.0%)]; M14[R-A_sus,R-B_fast(+37/10분)]; M16A[R-A_sus,SLA(13.4%4분초과)]; M16B[R-A_sus]",0,0,0,5,0,7,0,0,0,0,5,0,5,0,0,0,0,0,0,0,0,0,0,0,0,0,0,0,5,0,0,0,0,5,0,0,0,5,0,0,0,0,0,0,0,37,0,5,0,0,0,0,0,0,0,59,37,18,-63,-26,11,0.57,89.61,85.39,87.63,80.38,0,160,98,81,0,0,12,10,0,10,5
M16A_HUBROOM_PR.csv,2026-06-09 08:04,2026-06-09,08:04,3,3단계 ⭐확정,3,,32,관심,M16HUB,12,,"M16HUB(07:07,RA+RA_sus+RD) → M16(07:15,RB+RB_fast) → M14(07:24,RA_sus+RC+SLA) → M16B(07:31,RA_sus+RB_fast+SLA)",,,12,10,0,5,5,0,0,0,RB_fast+RD,RA_sus+RB_fast,,RA_sus,RA_sus,5.00,2.79,2.85,2.73,2.77,52,41,7,-38,-31,0,100.00,4,"6ABL6012,6ABL6022,6ABL6032,6ABL0122",15.89,0,12.56,9.93,0,40,14,38,18,0,"hot_area=M16HUB; S3확정; 발동: M16HUB[R-B_fast(+69/10분),R-D(FAB저장=0.0%,STB=100.0%)]; M14[R-A_sus,R-B_fast(+42/10분)]; M16A[R-A_sus]; M16B[R-A_sus]",0,0,0,5,0,7,0,0,0,0,5,0,5,0,0,0,0,0,0,0,0,0,0,0,0,0,0,0,5,0,0,0,0,0,0,0,0,5,0,0,0,0,0,0,0,32,0,0,0,0,0,0,0,0,0,69,42,24,-58,-15,11,0.55,89.42,82.47,83.63,79.35,0,140,81,75,0,0,12,10,0,5,5
M16A_HUBROOM_PR.csv,2026-06-09 08:05,2026-06-09,08:05,3,3단계 ⭐확정,3,,45,관심,M16HUB,20,M16HUB,"M16HUB(07:07,RA+RA_sus+RD) → M16(07:15,RB+RB_fast) → M14(07:24,RA_sus+RC+SLA) → M16B(07:31,RA_sus+RB_fast+SLA)",,,20,10,0,5,5,5,0,0,RB_fast+RC+RD,RA_sus+RB_fast,,RA_sus,RA_sus,4.40,2.53,2.97,2.53,2.34,66,62,11,-29,-23,0,100.00,3,"6ABL6022,6ABL6032,6ABL0122",15.19,0,11.13,8.96,0,41,13,48,23,0,"hot_area=M16HUB; S3확정; 발동: M16HUB[R-B_fast(+75/10분),R-C'(역증가3개:6ABL6022,6ABL6032,6ABL0122),R-D(FAB저장=0.0%,STB=100.0%)]; M14[R-A_sus,R-B_fast(+54/10분)]; M16A[R-A_sus]; M16B[R-A_sus]; M16[R-B_fast(+33/10분)]",0,0,0,5,8,7,0,0,0,0,5,0,5,0,0,0,0,0,0,0,0,0,0,0,0,0,0,0,5,0,0,0,0,0,0,0,0,5,0,0,0,0,0,0,0,45,0,0,0,0,0,0,0,0,0,75,54,25,-41,-9,-3,0.57,88.74,82.87,83.75,79.65,0,151,82,77,0,0,20,10,0,5,5
M16A_HUBROOM_PR.csv,2026-06-09 08:06,2026-06-09,08:06,3,3단계 ⭐확정,3,,33,관심,M16HUB,13,,"M16HUB(07:07,RA+RA_sus+RD) → M16(07:15,RB+RB_fast) → M14(07:24,RA_sus+RC+SLA) → M16B(07:31,RA_sus+RB_fast+SLA)",,,13,10,0,5,5,0,0,0,RB_fast+RC,RA_sus+RB_fast,,RA_sus,RA_sus,5.07,2.46,2.96,2.60,2.47,64,44,11,-30,-20,0,96.45,2,"6ABL6022,6ABL0122",14.86,0,10.89,8.25,0,42,15,41,19,0,"hot_area=M16HUB; S3확정; 발동: M16HUB[R-B_fast(+88/10분),R-C'(역증가2개:6ABL6022,6ABL0122)]; M14[R-A_sus,R-B_fast(+60/10분)]; M16A[R-A_sus]; M16B[R-A_sus]",0,0,0,5,8,0,0,0,0,0,5,0,5,0,0,0,0,0,0,0,0,0,0,0,0,0,0,0,5,0,0,0,0,0,0,0,0,5,0,0,0,0,0,0,0,33,0,0,0,0,0,0,0,0,0,88,60,23,-51,-29,-15,0.58,85.53,81.67,84.81,74.93,0,133,72,65,0,0,13,10,0,5,5
M16A_HUBROOM_PR.csv,2026-06-09 08:07,2026-06-09,08:07,3,3단계 ⭐확정,3,,38,관심,M16HUB,13,,"M16HUB(07:07,RA+RA_sus+RD) → M16(07:15,RB+RB_fast) → M14(07:24,RA_sus+RC+SLA) → M16B(07:31,RA_sus+RB_fast+SLA)",,,13,10,0,5,5,5,0,0,RB_fast+RC,RA_sus+RB_fast,,RA_sus,RA_sus,4.41,2.45,2.88,2.62,2.18,70,57,9,-35,9,0,96.45,2,"6ABL6022,6ABL0122",13.57,0,10.77,6.10,0,45,14,39,19,0,"hot_area=M16HUB; S3확정; 발동: M16HUB[R-B_fast(+97/10분),R-C'(역증가2개:6ABL6022,6ABL0122)]; M14[R-A_sus,R-B_fast(+66/10분)]; M16A[R-A_sus]; M16B[R-A_sus]; M16[R-B_fast(+41/10분)]",0,0,0,5,8,0,0,0,0,0,5,0,5,0,0,0,0,0,0,0,0,0,0,0,0,0,0,0,5,0,0,0,0,0,0,0,0,5,0,0,0,0,0,0,0,38,0,0,0,0,0,0,0,0,0,97,66,22,-30,-14,-39,0.58,84.47,83.80,84.69,76.70,0,125,78,52,0,0,13,10,0,5,5
M16A_HUBROOM_PR.csv,2026-06-09 08:08,2026-06-09,08:08,2,2단계 주의보,3,3→2,20,정상,M14,10,,"M16HUB(07:08,RA+RA_sus+RD) → M16(07:15,RB+RB_fast) → M14(07:24,RA_sus+RC+SLA) → M16B(07:31,RA_sus+RB_fast+SLA)",,,5,10,0,5,0,0,0,0,RB_fast,RA_sus+RB_fast,,RA_sus,,5.48,2.59,2.72,2.35,2.16,91,74,16,-34,12,0,97.04,1,6ABL6022,13.76,0,11.25,4.94,0,42,15,37,17,0,"hot_area=M14; S2주의보; 발동: M16HUB[R-B_fast(+122/10분)]; M14[R-A_sus,R-B_fast(+91/10분)]; M16A[R-A_sus]",0,0,0,5,0,0,0,0,0,0,5,0,5,0,0,0,0,0,0,0,0,0,0,0,0,0,0,0,5,0,0,0,0,0,0,0,0,0,0,0,0,0,0,0,0,20,0,0,0,0,0,0,0,0,0,122,91,21,-23,-15,-51,0.62,84.47,84.46,85.51,77.88,0,130,74,38,0,0,5,10,0,5,0
M16A_HUBROOM_PR.csv,2026-06-09 08:09,2026-06-09,08:09,2,2단계 주의보,2,,55,관심,M14,20,M16HUB;M14;M16,"M16HUB(07:09,RA+RA_sus+RD) → M16(07:15,RB+RB_fast) → M14(07:24,RA_sus+RC+SLA) → M16B(07:31,RA_sus+RB_fast+SLA)",,,15,20,0,5,0,15,0,0,RB+RB_fast,RA_sus+RB+RB_fast,,RA_sus,,6.57,2.71,2.85,2.78,2.35,101,85,25,-36,22,0.59,98.22,1,6ABL6011,13.63,0,12.10,5.77,0,38,13,40,21,0,"hot_area=M14; S2주의보; 발동: M16HUB[R-B(MESCURRENTQCNT+101/30분/기준+100),R-B_fast(+121/10분)]; M14[R-A_sus,R-B(3F_TO_HUB_JOB+85/30분/기준+80),R-B_fast(+94/10분)]; M16A[R-A_sus]; M16[R-B(SENDQUEUETOTAL+40/30분/기준+20),R-B_fast(+30/10분)]",0,0,10,5,0,0,0,0,0,0,5,10,5,0,0,0,0,0,0,0,0,0,0,0,0,0,0,0,5,0,0,0,0,0,0,0,0,0,0,0,0,0,0,0,0,55,0,0,0,0,0,0,0,0,0,121,94,24,-10,2,-51,0.62,80.29,83.93,87.28,82.57,0,116,86,47,0,0,15,20,0,5,0
M16A_HUBROOM_PR.csv,2026-06-09 08:10,2026-06-09,08:10,3,3단계 ⭐확정,2,2→3,32,관심,M16HUB,12,,"M16HUB(07:10,RA+RA_sus+RD) → M16(07:15,RB+RB_fast) → M14(07:24,RA_sus+RC+SLA) → M16B(07:31,RA_sus+RB_fast+SLA)",,,12,10,0,5,5,0,0,0,RB_fast+RD,RA_sus+RB_fast,,RA_sus,RB_fast,5.59,2.64,3.11,2.55,2.08,95,72,28,-34,26,0.59,99.41,1,6ABL6022,14.02,0,11.69,4.16,0,39,13,37,19,0,"hot_area=M16HUB; S3확정; 발동: M16HUB[R-B_fast(+108/10분),R-D(FAB저장=0.6%,STB=99.4%)]; M14[R-A_sus,R-B_fast(+81/10분)]; M16A[R-A_sus]; M16B[R-B_fast(+16/10분)]",0,0,0,5,0,7,0,0,0,0,5,0,5,0,0,0,0,0,0,0,0,0,0,0,0,0,0,0,5,0,0,0,0,0,0,0,0,0,0,5,0,0,0,0,0,32,0,0,0,0,0,0,0,0,0,108,81,14,-8,16,-46,0.64,81.07,84.59,84.10,83.31,0,142,74,30,0,0,12,10,0,5,5
M16A_HUBROOM_PR.csv,2026-06-09 08:11,2026-06-09,08:11,3,3단계 ⭐확정,3,,55,관심,M16HUB,20,M16HUB;M16,"M16HUB(07:11,RA+RA_sus+RD) → M16(07:15,RB+RB_fast) → M14(07:24,RA_sus+RC+SLA) → M16B(07:31,RA_sus+RB_fast+SLA)",M14B_LFT_4ABLD_TO_HUB_SUM=1.5x(주의),,20,10,0,5,0,15,0,0,RB_fast+RC+RD,RA_sus+RB_fast,,RA_sus,,4.60,2.79,3.58,2.74,2.52,53,38,9,-47,5,0,100.00,2,"6ABL6022,6ABL0122",13.57,0,11.66,7.21,0,37,14,36,17,0,"hot_area=M16HUB; S3확정; 발동: M16HUB[R-B_fast(+39/10분),R-C'(역증가2개:6ABL6022,6ABL0122),R-D(FAB저장=0.0%,STB=100.0%)]; M14[R-A_sus,R-B_fast(+56/10분)]; M16A[R-A_sus]; M16[R-B(SENDQUEUETOTAL+32/30분/기준+20),R-B_fast(+28/10분)]; 흐름:M14B_LFT_4ABLD_TO_HUB_SUM=1.5x(주의)",0,0,0,5,8,7,0,0,0,0,5,0,5,0,0,0,0,0,0,0,0,0,0,0,0,0,0,0,5,0,0,0,0,0,0,0,0,0,0,0,0,0,0,0,0,50,5,0,0,0,0,0,0,0,0,39,56,-9,-19,2,-40,0.66,86.12,83.13,87.28,80.65,0,121,85,61,0,0,20,10,0,5,0
M16A_HUBROOM_PR.csv,2026-06-09 08:12,2026-06-09,08:12,1,1단계 조기경보,3,3→1,30,관심,M16HUB,15,M16HUB,"M16HUB(07:12,RA+RA_sus+RD) → M16(07:15,RB+RB_fast) → M14(07:24,RA_sus+RC+SLA) → M16B(07:31,RA_sus+RB_fast+SLA)",,,15,5,0,5,5,0,0,0,RC+RD,RA_sus,,RA_sus,RA_sus,4.86,2.68,2.90,2.73,2.69,33,33,9,-46,0,0,100.00,3,"6ABL6022,6ABL6031,6ABL0121",12.76,0,10.99,7.57,0,38,14,36,19,0,"hot_area=M16HUB; S1조기경보; 발동: M16HUB[R-C'(역증가3개:6ABL6022,6ABL6031,6ABL0121),R-D(FAB저장=0.0%,STB=100.0%)]; M14[R-A_sus]; M16A[R-A_sus]; M16B[R-A_sus]",0,0,0,0,8,7,0,0,0,0,5,0,0,0,0,0,0,0,0,0,0,0,0,0,0,0,0,0,5,0,0,0,0,0,0,0,0,5,0,0,0,0,0,0,0,30,0,0,0,0,0,0,0,0,0,19,18,0,-26,5,-28,0.67,85.05,82.20,88.46,73.41,0,121,70,57,0,0,15,5,0,5,5
M16A_HUBROOM_PR.csv,2026-06-09 08:13,2026-06-09,08:13,3,3단계 ⭐확정,1,1→3,42,관심,M16,15,M16,"M16HUB(07:13,RA+RA_sus+RC+RD) → M16(07:15,RB+RB_fast) → M14(07:24,RA_sus+RC+SLA) → M16B(07:31,RA_sus+RB_fast+SLA)",,,7,5,0,5,10,15,0,0,RD,RA_sus,,RA_sus,RA_sus+RB_fast,4.74,2.71,2.85,2.76,2.61,41,32,10,-65,16,0,100.00,1,6ABL0121,13.68,0,11.34,7.63,0,34,12,38,19,0,"hot_area=M16; S3확정; 발동: M16HUB[R-D(FAB저장=0.0%,STB=100.0%)]; M14[R-A_sus]; M16A[R-A_sus]; M16B[R-A_sus,R-B_fast(+24/10분)]; M16[R-B(SENDQUEUETOTAL+32/30분/기준+20),R-B_fast(+30/10분)]",0,0,0,0,0,7,0,0,0,0,5,0,0,0,0,0,0,0,0,0,0,0,0,0,0,0,0,0,5,0,0,0,0,0,0,0,0,5,0,5,0,0,0,0,0,42,0,0,0,0,0,0,0,0,0,7,12,8,-37,24,-41,0.65,87.46,79.68,86.69,77.25,0,133,78,64,0,0,7,5,0,5,10
M16A_HUBROOM_PR.csv,2026-06-09 08:14,2026-06-09,08:14,3,3단계 ⭐확정,3,,27,정상,M16B,10,,"M16HUB(07:14,RA+RA_sus+RC+RD) → M16(07:15,RB+RB_fast) → M14(07:24,RA_sus+RC+SLA) → M16B(07:31,RA_sus+RB_fast+SLA)",,,7,5,0,5,10,0,0,0,RD,RA_sus,,RA_sus,RA_sus+RB_fast,5.35,2.52,2.75,2.79,2.73,25,21,11,-73,12,0,100.00,1,6ABL6011,13.71,0,12.01,8.10,0,36,13,37,20,0,"hot_area=M16B; S3확정; 발동: M16HUB[R-D(FAB저장=0.0%,STB=100.0%)]; M14[R-A_sus]; M16A[R-A_sus]; M16B[R-A_sus,R-B_fast(+21/10분)]",0,0,0,0,0,7,0,0,0,0,5,0,0,0,0,0,0,0,0,0,0,0,0,0,0,0,0,0,5,0,0,0,0,0,0,0,0,5,0,5,0,0,0,0,0,27,0,0,0,0,0,0,0,0,0,-23,-2,9,-55,21,-56,0.67,86.59,78.49,87.40,78.88,0,119,74,62,0,0,7,5,0,5,10
M16A_HUBROOM_PR.csv,2026-06-09 08:15,2026-06-09,08:15,3,3단계 ⭐확정,3,,27,정상,M16B,10,,"M16HUB(07:15,RA+RD) → M16(07:15,RB+RB_fast) → M14(07:24,RA_sus+RC+SLA) → M16B(07:31,RA_sus+RB_fast+SLA)",,,7,5,0,5,10,0,0,0,RD,RA_sus,,RA_sus,RA_sus+RB_fast,4.63,2.91,3.00,2.63,2.50,21,27,4,-109,-17,0,100.00,0,,15.82,0,12.08,7.02,0,40,16,39,21,0,"hot_area=M16B; S3확정; 발동: M16HUB[R-D(FAB저장=0.0%,STB=100.0%)]; M14[R-A_sus]; M16A[R-A_sus]; M16B[R-A_sus,R-B_fast(+13/10분)]",0,0,0,0,0,7,0,0,0,0,5,0,0,0,0,0,0,0,0,0,0,0,0,0,0,0,0,0,5,0,0,0,0,0,0,0,0,5,0,5,0,0,0,0,0,27,0,0,0,0,0,0,0,0,0,-18,-15,6,-72,13,-44,0.67,86.88,78.22,86.34,81.68,0,158,87,59,0,0,7,5,0,5,10
M16A_HUBROOM_PR.csv,2026-06-09 08:16,2026-06-09,08:16,3,3단계 ⭐확정,3,,27,정상,M16B,10,,"M16HUB(07:16,RA+RD) → M14(07:24,RA_sus+RC+SLA) → M16(07:29,RB+RB_fast) → M16B(07:31,RA_sus+RB_fast+SLA)",,,7,5,0,5,10,0,0,0,RD,RA_sus,,RA_sus,RA_sus+RB_fast,5.12,2.94,2.94,2.67,2.52,21,25,-4,-115,-18,0,99.41,1,6ABL6012,16.69,0,12.81,7.48,0,37,17,36,21,0,"hot_area=M16B; S3확정; 발동: M16HUB[R-D(FAB저장=0.0%,STB=99.4%)]; M14[R-A_sus]; M16A[R-A_sus]; M16B[R-A_sus,R-B_fast(+13/10분)]",0,0,0,0,0,7,0,0,0,0,5,0,0,0,0,0,0,0,0,0,0,0,0,0,0,0,0,0,5,0,0,0,0,0,0,0,0,5,0,5,0,0,0,0,0,27,0,0,0,0,0,0,0,0,0,-18,-10,-6,-76,13,-39,0.70,84.45,76.23,89.16,83.16,0,149,82,55,0,0,7,5,0,5,10
M16A_HUBROOM_PR.csv,2026-06-09 08:17,2026-06-09,08:17,1,1단계 조기경보,3,3→1,32,관심,M14,10,,"M16HUB(07:17,RA+RD) → M14(07:24,RA_sus+RC+SLA) → M16(07:29,RB+RB_fast) → M16B(07:31,RA_sus+RB_fast+SLA)",,,7,10,0,5,5,0,0,0,RD,RA_sus+SLA,,RA_sus,RA_sus,5.41,2.78,2.93,2.70,2.23,7,24,-1,-111,-21,0.59,99.41,1,6ABL0121,17.35,0,10.80,7.19,0,41,17,30,17,0,"hot_area=M14; S1조기경보; 발동: M16HUB[R-D(FAB저장=0.6%,STB=99.4%)]; M14[R-A_sus,SLA(17.4%4분초과)]; M16A[R-A_sus]; M16B[R-A_sus]",0,0,0,0,0,7,0,0,0,0,5,0,0,0,0,5,0,0,0,0,0,0,0,0,0,0,0,0,5,0,0,0,0,0,0,0,0,5,0,0,0,0,0,0,0,27,0,5,0,0,0,0,0,0,0,-16,-4,-1,-70,3,-33,0.65,87.07,76.63,87.99,86.85,0,161,74,58,0,0,7,10,0,5,5
M16A_HUBROOM_PR.csv,2026-06-09 08:18,2026-06-09,08:18,1,1단계 조기경보,1,,45,관심,M16HUB,15,M16HUB,"M16HUB(07:18,RA+RC+RD) → M14(07:24,RA_sus+RC+SLA) → M16(07:29,RB+RB_fast) → M16B(07:31,RA_sus+RB_fast+SLA)",,,15,10,0,5,5,0,5,0,RC+RD,RA_sus+SLA,,RA_sus,RA_sus,5.07,2.94,2.77,2.45,2.21,23,27,-2,-130,-16,0.59,99.41,4,"6ABL6011,6ABL6012,6ABL6021,6ABL0121",17.49,0,10.27,5.66,0,39,15,39,17,0,"hot_area=M16HUB; S1조기경보; 발동: M16HUB[R-C'(역증가4개:6ABL6011,6ABL6012,6ABL6021,6ABL0121),R-D(FAB저장=0.6%,STB=99.4%)]; M14[R-A_sus,SLA(17.5%4분초과)]; M16A[R-A_sus]; M16B[R-A_sus]; M16_PKT[R-A_sus]",0,0,0,0,8,7,0,0,0,0,5,0,0,0,0,5,0,0,0,0,0,0,0,0,0,0,0,0,5,0,0,0,0,0,0,0,0,5,0,0,0,0,0,0,0,40,0,5,0,0,0,0,0,0,0,-20,-13,-4,-86,2,-32,0.62,86.98,81.94,89.05,84.05,0,162,64,41,0,0,15,10,0,5,5
M16A_HUBROOM_PR.csv,2026-06-09 08:19,2026-06-09,08:19,1,1단계 조기경보,1,,37,관심,M14,10,,"M16HUB(07:19,RA+RC+RD) → M14(07:24,RA_sus+RC+SLA) → M16(07:29,RB+RB_fast) → M16B(07:31,RA_sus+RB_fast+SLA)",,,7,10,0,5,5,0,5,0,RD,RA_sus+SLA,,RA_sus,RA_sus,5.11,2.58,2.74,2.61,2.40,17,38,-1,-137,-16,0,100.00,1,6ABL0121,17.21,0,10.65,6.87,0,37,15,30,16,0,"hot_area=M14; S1조기경보; 발동: M16HUB[R-D(FAB저장=0.0%,STB=100.0%)]; M14[R-A_sus,SLA(17.2%4분초과)]; M16A[R-A_sus]; M16B[R-A_sus]; M16_PKT[R-A_sus]",0,0,0,0,0,7,0,0,0,0,5,0,0,0,0,5,0,0,0,0,0,0,0,0,0,0,0,0,5,0,0,0,0,0,0,0,0,5,0,0,0,0,0,0,0,32,0,5,0,0,0,0,0,0,0,-25,-6,-10,-79,1,-40,0.59,87.37,84.20,87.63,79.76,0,163,72,55,0,0,7,10,0,5,5
M16A_HUBROOM_PR.csv,2026-06-09 08:20,2026-06-09,08:20,1,1단계 조기경보,1,,30,관심,M16HUB,15,M16HUB,"M16HUB(07:20,RA+RA_sus+RC+RD) → M14(07:24,RA_sus+RC+SLA) → M16(07:29,RB+RB_fast) → M16B(07:31,RA_sus+RB_fast+SLA)",,,15,5,0,5,0,0,5,0,RC+RD,RA_sus,,RA_sus,,4.63,2.79,3.00,2.90,2.33,20,30,2,-163,-30,0,100.00,2,"6ABL6012,6ABL0121",18.11,0,10.63,5.09,0,35,13,35,15,0,"hot_area=M16HUB; S1조기경보; 발동: M16HUB[R-C'(역증가2개:6ABL6012,6ABL0121),R-D(FAB저장=0.0%,STB=100.0%)]; M14[R-A_sus]; M16A[R-A_sus]; M16_PKT[R-A_sus]",0,0,0,0,8,7,0,0,0,0,5,0,0,0,0,0,0,0,0,0,0,0,0,0,0,0,0,0,5,0,0,0,0,0,0,0,0,0,0,0,0,0,0,0,0,30,0,0,0,0,0,0,0,0,0,-17,-1,-8,-88,-4,-36,0.57,84.26,82.34,85.87,76.96,0,153,64,37,0,0,15,5,0,5,0
M16A_HUBROOM_PR.csv,2026-06-09 08:21,2026-06-09,08:21,3,3단계 ⭐확정,1,1→3,42,관심,M14,10,,"M16HUB(07:21,RA+RA_sus+RC+RD) → M14(07:24,RA_sus+RC+SLA) → M16(07:29,RB+RB_fast) → M16B(07:31,RA_sus+RB_fast+SLA)",,,7,10,0,5,5,5,5,0,RD,RA_sus+SLA,,RA_sus,RB_fast,4.17,2.92,2.97,2.64,2.73,24,38,2,-143,-25,0,100.00,1,6ABL0121,18.52,0,11.07,8.66,0,39,13,33,17,0,"hot_area=M14; S3확정; 발동: M16HUB[R-D(FAB저장=0.0%,STB=100.0%)]; M14[R-A_sus,SLA(18.5%4분초과)]; M16A[R-A_sus]; M16B[R-B_fast(+11/10분)]; M16[R-B_fast(+13/10분)]; M16_PKT[R-A_sus]",0,0,0,0,0,7,0,0,0,0,5,0,0,0,0,5,0,0,0,0,0,0,0,0,0,0,0,0,5,0,0,0,0,0,0,0,0,0,0,5,0,0,0,0,0,37,0,5,0,0,0,0,0,0,0,-8,9,-1,-59,11,-34,0.59,85.13,80.74,86.34,80.06,0,185,81,72,0,0,7,10,0,5,5
M16A_HUBROOM_PR.csv,2026-06-09 08:22,2026-06-09,08:22,1,1단계 조기경보,3,3→1,37,관심,M14,10,,"M16HUB(07:22,RA+RA_sus+RC+RD) → M14(07:24,RA_sus+RC+SLA) → M16(07:29,RB+RB_fast) → M16B(07:31,RA_sus+RB_fast+SLA)",,,7,10,0,5,5,0,5,0,RD,RA_sus+SLA,,RA_sus,RA_sus,4.59,2.92,3.15,2.80,2.88,28,42,8,-134,-28,0,100.00,0,,18.90,0,11.13,9.38,0,40,15,33,14,0,"hot_area=M14; S1조기경보; 발동: M16HUB[R-D(FAB저장=0.0%,STB=100.0%)]; M14[R-A_sus,SLA(18.9%4분초과)]; M16A[R-A_sus]; M16B[R-A_sus]; M16_PKT[R-A_sus]",0,0,0,0,0,7,0,0,0,0,5,0,0,0,0,5,0,0,0,0,0,0,0,0,0,0,0,0,5,0,0,0,0,0,0,0,0,5,0,0,0,0,0,0,0,32,0,5,0,0,0,0,0,0,0,-9,5,-4,-54,3,-42,0.60,85.71,82.20,86.57,83.75,0,169,73,69,0,0,7,10,0,5,5
M16A_HUBROOM_PR.csv,2026-06-09 08:23,2026-06-09,08:23,1,1단계 조기경보,1,,40,관심,M16HUB,15,M16HUB,"M16HUB(07:23,RA_sus+RC+RD) → M14(07:24,RA_sus+RC+SLA) → M16(07:29,RB+RB_fast) → M16B(07:31,RA_sus+RB_fast+SLA)",,,15,10,0,5,5,0,0,0,RC+RD,RA_sus+SLA,,RA_sus,RA_sus,5.34,2.82,2.93,2.66,2.32,41,41,10,-139,-17,0,100.00,3,"6ABL6011,6ABL6012,6ABL6031",17.41,0,11.00,8.87,0,43,15,32,15,0,"hot_area=M16HUB; S1조기경보; 발동: M16HUB[R-C'(역증가3개:6ABL6011,6ABL6012,6ABL6031),R-D(FAB저장=0.0%,STB=100.0%)]; M14[R-A_sus,SLA(17.4%4분초과)]; M16A[R-A_sus]; M16B[R-A_sus]",0,0,0,0,8,7,0,0,0,0,5,0,0,0,0,5,0,0,0,0,0,0,0,0,0,0,0,0,5,0,0,0,0,0,0,0,0,5,0,0,0,0,0,0,0,35,0,5,0,0,0,0,0,0,0,-25,-8,-16,-39,-15,-48,0.61,84.06,83.80,84.45,85.38,0,163,65,75,0,0,15,10,0,5,5
M16A_HUBROOM_PR.csv,2026-06-09 08:24,2026-06-09,08:24,1,1단계 조기경보,1,,40,관심,M16HUB,15,M16HUB,"M16HUB(07:24,RA_sus+RC+RD) → M14(07:24,RA_sus+RC+SLA) → M16(07:29,RB+RB_fast) → M16B(07:31,RA_sus+RB_fast+SLA)",,,15,10,0,5,5,0,0,0,RC+RD,RA_sus+SLA,,RA_sus,RA_sus,4.29,2.66,2.95,2.61,2.94,32,41,14,-125,-11,0,100.00,2,"6ABL6011,6ABL0122",16.63,0,10.42,9.00,0,38,14,34,18,0,"hot_area=M16HUB; S1조기경보; 발동: M16HUB[R-C'(역증가2개:6ABL6011,6ABL0122),R-D(FAB저장=0.0%,STB=100.0%)]; M14[R-A_sus,SLA(16.6%4분초과)]; M16A[R-A_sus]; M16B[R-A_sus]",0,0,0,0,8,7,0,0,0,0,5,0,0,0,0,5,0,0,0,0,0,0,0,0,0,0,0,0,5,0,0,0,0,0,0,0,0,5,0,0,0,0,0,0,0,35,0,5,0,0,0,0,0,0,0,-14,1,-19,-12,-17,-32,0.62,83.09,85.92,85.39,81.98,0,158,69,69,0,0,15,10,0,5,5
M16A_HUBROOM_PR.csv,2026-06-09 08:25,2026-06-09,08:25,3,3단계 ⭐확정,1,1→3,45,관심,M16HUB,15,M16HUB;M16,"M16HUB(07:26,RA_sus+RC+RD) → M14(07:28,RA_sus+RB_fast+SLA) → M16(07:29,RB+RB_fast) → M16B(07:31,RA_sus+RB_fast+SLA)",,,15,5,0,5,5,15,0,0,RC+RD,RA_sus,,RA_sus,RA_sus,3.81,2.69,2.75,2.79,2.44,36,29,13,-94,-5,0,100.00,2,"6ABL6012,6ABL6031",16.43,0,10.45,8.88,0,38,15,36,19,0,"hot_area=M16HUB; S3확정; 발동: M16HUB[R-C'(역증가2개:6ABL6012,6ABL6031),R-D(FAB저장=0.0%,STB=100.0%)]; M14[R-A_sus]; M16A[R-A_sus]; M16B[R-A_sus]; M16[R-B(SENDQUEUETOTAL+34/30분/기준+20),R-B_fast(+36/10분)]",0,0,0,0,8,7,0,0,0,0,5,0,0,0,0,0,0,0,0,0,0,0,0,0,0,0,0,0,5,0,0,0,0,0,0,0,0,5,0,0,0,0,0,0,0,45,0,0,0,0,0,0,0,0,0,-21,-10,-18,19,-9,-38,0.62,80.76,84.59,83.27,81.83,0,159,76,78,0,0,15,5,0,5,5
M16A_HUBROOM_PR.csv,2026-06-09 08:26,2026-06-09,08:26,3,3단계 ⭐확정,3,,45,관심,M16HUB,15,M16HUB,"M16HUB(07:26,RA_sus+RC+RD) → M14(07:28,RA_sus+RB_fast+SLA) → M16(07:29,RB+RB_fast) → M16B(07:31,RA_sus+RB_fast+SLA)",,,15,5,0,10,10,0,0,0,RC+RD,RA_sus,,RA_sus+RB_fast,RA_sus+SLA,4.10,2.70,2.86,2.72,2.61,37,29,13,-86,-22,0,100.00,3,"6ABL6012,6ABL6031,6ABL0112",16.28,0,10.93,9.49,0,38,14,40,20,0,"hot_area=M16HUB; S3확정; 발동: M16HUB[R-C'(역증가3개:6ABL6012,6ABL6031,6ABL0112),R-D(FAB저장=0.0%,STB=100.0%)]; M14[R-A_sus]; M16A[R-A_sus,R-B_fast(+41/10분)]; M16B[R-A_sus,SLA(9.5%4분초과)]",0,0,0,0,8,7,0,0,0,0,5,0,0,0,0,0,0,0,0,0,0,0,0,0,0,0,0,0,5,0,5,0,0,0,0,0,0,5,0,0,0,0,5,0,0,40,0,5,0,0,0,0,0,0,0,-33,-21,-4,41,-6,-16,0.63,82.80,83.00,82.33,78.43,0,141,72,75,0,0,15,5,0,10,10
M16A_HUBROOM_PR.csv,2026-06-09 08:27,2026-06-09,08:27,3,3단계 ⭐확정,3,,50,관심,M16HUB,15,M16HUB;M16,"M14(07:28,RA_sus+RB_fast+SLA) → M16(07:29,RB+RB_fast) → M16HUB(07:31,RA_sus+RB_fast+RD) → M16B(07:31,RA_sus+RB_fast+SLA)",,,15,5,0,10,5,15,0,0,RC+RD,RA_sus,,RA_sus+RB_fast,RA_sus,5.06,2.62,3.14,2.83,2.47,47,25,24,-61,-15,0,100.00,5,"6ABL6012,6ABL6021,6ABL0111,6ABL0112,6ABL0121",16.59,0,11.19,8.16,0,42,18,41,17,0,"hot_area=M16HUB; S3확정; 발동: M16HUB[R-C'(역증가5개:6ABL6012,6ABL6021,6ABL0111,6ABL0112,6ABL0121),R-D(FAB저장=0.0%,STB=100.0%)]; M14[R-A_sus]; M16A[R-A_sus,R-B_fast(+39/10분)]; M16B[R-A_sus]; M16[R-B(SENDQUEUETOTAL+35/30분/기준+20),R-B_fast(+27/10분)]",0,0,0,0,8,7,0,0,0,0,5,0,0,0,0,0,0,0,0,0,0,0,0,0,0,0,0,0,5,0,5,0,0,0,0,0,0,5,0,0,0,0,0,0,0,50,0,0,0,0,0,0,0,0,0,-34,-37,3,39,-4,-6,0.63,85.23,83.27,84.81,82.87,0,151,81,69,0,0,15,5,0,10,5
M16A_HUBROOM_PR.csv,2026-06-09 08:28,2026-06-09,08:28,3,3단계 ⭐확정,3,,45,관심,M16HUB,15,M16HUB,"M14(07:28,RA_sus+RB_fast+SLA) → M16(07:29,RB+RB_fast) → M16HUB(07:31,RA_sus+RB_fast+RD) → M16B(07:31,RA_sus+RB_fast+SLA)",,,15,5,0,10,10,0,0,0,RC+RD,RA_sus,,RA_sus+RB_fast,RA_sus+SLA,4.56,2.84,2.82,2.57,2.75,73,42,25,-60,-16,0,100.00,5,"6ABL6011,6ABL6031,6ABL0111,6ABL0112,6ABL0121",15.67,0,10.70,8.56,0,37,14,39,18,0,"hot_area=M16HUB; S3확정; 발동: M16HUB[R-C'(역증가5개:6ABL6011,6ABL6031,6ABL0111,6ABL0112,6ABL0121),R-D(FAB저장=0.0%,STB=100.0%)]; M14[R-A_sus]; M16A[R-A_sus,R-B_fast(+49/10분)]; M16B[R-A_sus,SLA(8.6%4분초과)]",0,0,0,0,8,7,0,0,0,0,5,0,0,0,0,0,0,0,0,0,0,0,0,0,0,0,0,0,5,0,5,0,0,0,0,0,0,5,0,0,0,0,5,0,0,40,0,5,0,0,0,0,0,0,0,-29,-36,8,49,-3,-5,0.63,86.59,84.73,87.40,83.16,0,147,70,65,0,0,15,5,0,10,10
M16A_HUBROOM_PR.csv,2026-06-09 08:29,2026-06-09,08:29,3,3단계 ⭐확정,3,,32,관심,M16A,10,,"M14(07:29,RA_sus+RB_fast+SLA) → M16(07:29,RB+RB_fast) → M16HUB(07:31,RA_sus+RB_fast+RD) → M16B(07:31,RA_sus+RB_fast+SLA)",,,7,5,0,10,5,5,0,0,RD,RA_sus,,RA_sus+RB_fast,RA_sus,3.88,2.63,2.99,2.58,2.38,94,68,21,-47,-1,0,100.00,6,"6ABL6011,6ABL6021,6ABL6031,6ABL0111,6ABL0112,6ABL0121",14.77,0,11.28,8.25,0,35,13,41,21,0,"hot_area=M16A; S3확정; 발동: M16HUB[R-D(FAB저장=0.0%,STB=100.0%)]; M14[R-A_sus]; M16A[R-A_sus,R-B_fast(+42/10분)]; M16B[R-A_sus]; M16[R-B_fast(+37/10분)]",0,0,0,0,0,7,0,0,0,0,5,0,0,0,0,0,0,0,0,0,0,0,0,0,0,0,0,0,5,0,5,0,0,0,0,0,0,5,0,0,0,0,0,0,0,32,0,0,0,0,0,0,0,0,0,-2,-20,7,42,-4,5,0.62,89.60,81.94,89.52,87.30,0,139,80,67,0,0,7,5,0,10,5
M16A_HUBROOM_PR.csv,2026-06-09 08:30,2026-06-09,08:30,3,3단계 ⭐확정,3,,27,정상,M16A,10,,"M16HUB(07:31,RA_sus+RB_fast+RD) → M16B(07:31,RA_sus+RB_fast+SLA) → M14(07:47,RA_sus+RB_fast+SLA) → M16(07:49,RB+RB_fast)",,,7,5,0,10,5,0,0,0,RD,RA_sus,,RA_sus+RB_fast,RA_sus,4.61,2.58,2.91,2.80,2.44,94,70,8,-37,7,0,100.00,5,"6ABL6011,6ABL6021,6ABL6031,6ABL0111,6ABL0112",14.09,0,10.37,5.99,0,38,13,41,18,0,"hot_area=M16A; S3확정; 발동: M16HUB[R-D(FAB저장=0.0%,STB=100.0%)]; M14[R-A_sus]; M16A[R-A_sus,R-B_fast(+59/10분)]; M16B[R-A_sus]",0,0,0,0,0,7,0,0,0,0,5,0,0,0,0,0,0,0,0,0,0,0,0,0,0,0,0,0,5,0,5,0,0,0,0,0,0,5,0,0,0,0,0,0,0,27,0,0,0,0,0,0,0,0,0,3,-10,2,59,-5,3,0.60,93.29,81.14,87.28,83.60,0,132,65,44,0,0,7,5,0,10,5
M16A_HUBROOM_PR.csv,2026-06-09 08:31,2026-06-09,08:31,3,3단계 ⭐확정,3,,47,관심,M16A,10,,"M16HUB(07:31,RA_sus+RB_fast+RD) → M16B(07:31,RA_sus+RB_fast+SLA) → M14(07:47,RA_sus+RB_fast+SLA) → M16(07:49,RB+RB_fast)",M16B_10F_TO_HUB=1.8x(주의),,7,5,0,10,10,10,0,0,RD,RA_sus,,RA_sus+RB_fast,RA_sus+RB_fast,4.71,2.58,2.98,2.93,2.38,29,43,-8,-26,23,0,100.00,5,"6ABL6011,6ABL6021,6ABL6031,6ABL0111,6ABL0112",13.76,0,11.42,8.54,0,38,13,36,15,0,"hot_area=M16A; S3확정; 발동: M16HUB[R-D(FAB저장=0.0%,STB=100.0%)]; M14[R-A_sus]; M16A[R-A_sus,R-B_fast(+52/10분)]; M16B[R-A_sus,R-B_fast(+10/10분)]; M16[R-B(SENDQUEUETOTAL+43/30분/기준+20)]; 흐름:M16B_10F_TO_HUB=1.8x(주의)",0,0,0,0,0,7,0,0,0,0,5,0,0,0,0,0,0,0,0,0,0,0,0,0,0,0,0,0,5,0,5,0,0,0,0,0,0,5,0,5,0,0,0,0,0,42,5,0,0,0,0,0,0,0,0,-2,-22,2,52,10,6,0.60,89.89,80.48,85.63,83.16,0,115,81,73,0,0,7,5,0,10,10
M16A_HUBROOM_PR.csv,2026-06-09 08:32,2026-06-09,08:32,3,3단계 ⭐확정,3,,32,관심,M16A,10,,"M16HUB(07:32,RA_sus+RB_fast+RD) → M16B(07:32,RA_sus+RB_fast+SLA) → M14(07:47,RA_sus+RB_fast+SLA) → M16(07:49,RB+RB_fast)",,,7,5,0,10,10,0,0,0,RD,RA_sus,,RA_sus+RB_fast,RA_sus+RB_fast,4.27,2.81,2.87,2.64,2.79,12,9,-8,-38,23,0,100.00,6,"6ABL6011,6ABL6021,6ABL6031,6ABL6032,6ABL0111,6ABL0112",15.10,0,12.29,8.12,0,34,12,39,18,0,"hot_area=M16A; S3확정; 발동: M16HUB[R-D(FAB저장=0.0%,STB=100.0%)]; M14[R-A_sus]; M16A[R-A_sus,R-B_fast(+42/10분)]; M16B[R-A_sus,R-B_fast(+15/10분)]",0,0,0,0,0,7,0,0,0,0,5,0,0,0,0,0,0,0,0,0,0,0,0,0,0,0,0,0,5,0,5,0,0,0,0,0,0,5,0,5,0,0,0,0,0,32,0,0,0,0,0,0,0,0,0,2,-14,-4,42,15,8,0.62,87.37,79.95,86.10,79.17,0,133,79,63,0,0,7,5,0,10,10
M16A_HUBROOM_PR.csv,2026-06-09 08:33,2026-06-09,08:33,3,3단계 ⭐확정,3,,62,관심,M16A,15,M16A,"M16HUB(07:33,RA_sus+RB_fast+RD) → M16B(07:33,RA_sus+RB_fast+SLA) → M14(07:47,RA_sus+RB_fast+SLA) → M16(07:49,RB+RB_fast) → M16A(08:33,RA_sus+RB_fast+SLA)",M14B_LFT_4ABLD_TO_HUB_SUM=1.6x(주의);M16B_10F_TO_HUB=1.6x(주의),,7,5,0,15,10,10,0,0,RD,RA_sus,,RA_sus+RB_fast+SLA,RA_sus+RB_fast,4.40,2.79,2.93,2.77,2.47,-1,1,-10,-20,29,0,99.41,9,"6ABL6012,6ABL6021,6ABL6022,6ABL6031,6ABL6032,6ABL0111,6ABL0112,6ABL0121,6ABL0122",14.69,0,12.65,6.49,0,32,13,41,17,0,"hot_area=M16A; S3확정; 발동: M16HUB[R-D(FAB저장=0.0%,STB=99.4%)]; M14[R-A_sus]; M16A[R-A_sus,R-B_fast(+56/10분),SLA(12.7%4분초과)]; M16B[R-A_sus,R-B_fast(+20/10분)]; M16[R-B(SENDQUEUETOTAL+35/30분/기준+20)]; 흐름:M14B_LFT_4ABLD_TO_HUB_SUM=1.6x(주의);M16B_10F_TO_HUB=1.6x(주의)",0,0,0,0,0,7,0,0,0,0,5,0,0,0,0,0,0,0,0,0,0,0,0,0,0,0,0,0,5,0,5,0,0,5,0,0,0,5,0,5,0,0,0,0,0,47,10,5,0,0,0,0,0,0,0,17,-3,-2,56,20,22,0.60,85.81,83.40,89.99,82.13,0,136,93,56,0,0,7,5,0,15,10
M16A_HUBROOM_PR.csv,2026-06-09 08:34,2026-06-09,08:34,3,3단계 ⭐확정,3,,62,관심,M16B,20,M16B,"M16HUB(07:34,RA_sus+RB_fast+RD) → M16B(07:34,RA_sus+RB_fast+SLA) → M14(07:47,RA_sus+RB_fast+SLA) → M16(07:49,RB+RB_fast) → M16A(08:33,RA_sus+RB_fast+SLA)",M14B_LFT_4ABLD_TO_HUB_SUM=1.7x(주의);M16B_10F_TO_HUB=2.2x(위험),,7,5,0,10,20,0,0,0,RD,RA_sus,,RA_sus+RB_fast,RA_sus+RB+RB_fast,4.40,2.79,2.93,2.75,2.46,-17,-5,-15,-27,46,0,99.41,8,"6ABL6012,6ABL6021,6ABL6022,6ABL6031,6ABL6032,6ABL0112,6ABL0121,6ABL0122",15.33,0,12.61,6.94,0,37,11,36,16,0,"hot_area=M16B; S3확정; 발동: M16HUB[R-D(FAB저장=0.0%,STB=99.4%)]; M14[R-A_sus]; M16A[R-A_sus,R-B_fast(+40/10분)]; M16B[R-A_sus,R-B(10F_TO_HUB_JOB+46/30분/기준+30),R-B_fast(+42/10분)]; 흐름:M14B_LFT_4ABLD_TO_HUB_SUM=1.7x(주의);M16B_10F_TO_HUB=2.2x(위험)",0,0,0,0,0,7,0,0,0,0,5,0,0,0,0,0,0,0,0,0,0,0,0,0,0,0,0,0,5,0,5,0,0,0,0,0,0,5,10,5,0,0,0,0,0,42,20,0,0,0,0,0,0,0,0,20,-4,-5,40,42,38,0.59,84.84,80.61,92.34,79.32,0,149,83,53,0,0,7,5,0,10,20
M16A_HUBROOM_PR.csv,2026-06-09 08:35,2026-06-09,08:35,3,3단계 ⭐확정,3,,67,경계,M16B,20,M16B,"M16B(07:35,RA_sus+RB_fast+SLA) → M16HUB(07:47,RA+RB_fast+RD) → M14(07:47,RA_sus+RB_fast+SLA) → M16(07:49,RB+RB_fast) → M16A(08:33,RA_sus+RB_fast+SLA)",M14B_LFT_4ABLD_TO_HUB_SUM=1.7x(주의);M16A_2F_TO_HUB=2.0x(위험);M16B_10F_TO_HUB=2.0x(주의),,7,5,0,10,20,0,0,0,RD,RA_sus,,RA_sus+RB_fast,RA_sus+RB+RB_fast,5.18,2.51,2.93,2.64,2.49,-27,-27,-20,-15,39,0,99.41,9,"6ABL6011,6ABL6012,6ABL6021,6ABL6022,6ABL6031,6ABL6032,6ABL0112,6ABL0121,6ABL0122",15.83,0,11.33,7.87,0,37,11,41,18,0,"hot_area=M16B; S3확정; 발동: M16HUB[R-D(FAB저장=0.0%,STB=99.4%)]; M14[R-A_sus]; M16A[R-A_sus,R-B_fast(+38/10분)]; M16B[R-A_sus,R-B(10F_TO_HUB_JOB+39/30분/기준+30),R-B_fast(+35/10분)]; 흐름:M14B_LFT_4ABLD_TO_HUB_SUM=1.7x(주의);M16A_2F_TO_HUB=2.0x(위험);M16B_10F_TO_HUB=2.0x(주의)",0,0,0,0,0,7,0,0,0,0,5,0,0,0,0,0,0,0,0,0,0,0,0,0,0,0,0,0,5,0,5,0,0,0,0,0,0,5,10,5,0,0,0,0,0,42,25,0,0,0,0,0,0,0,0,12,-2,-8,38,35,42,0.59,84.94,78.09,91.28,81.83,0,139,80,65,0,0,7,5,0,10,20
M16A_HUBROOM_PR.csv,2026-06-09 08:36,2026-06-09,08:36,3,3단계 ⭐확정,3,,67,경계,M16B,20,M16B,"M16B(07:36,RA_sus+RB_fast+SLA) → M16HUB(07:47,RA+RB_fast+RD) → M14(07:47,RA_sus+RB_fast+SLA) → M16(07:49,RB+RB_fast) → M16A(08:33,RA_sus+RB_fast+SLA)",M14B_LFT_4ABLD_TO_HUB_SUM=1.5x(주의);M16A_2F_TO_HUB=2.4x(위험);M16B_10F_TO_HUB=1.6x(주의),,7,5,0,10,20,0,0,0,RD,RA_sus,,RA_sus+RB_fast,RA_sus+RB+RB_fast,4.29,3.05,3.07,2.48,2.63,-45,-28,-23,-5,34,0,99.41,7,"6ABL6011,6ABL6021,6ABL6022,6ABL6031,6ABL6032,6ABL0112,6ABL0122",15.60,0,11.41,8.39,0,34,12,39,17,0,"hot_area=M16B; S3확정; 발동: M16HUB[R-D(FAB저장=0.0%,STB=99.4%)]; M14[R-A_sus]; M16A[R-A_sus,R-B_fast(+30/10분)]; M16B[R-A_sus,R-B(10F_TO_HUB_JOB+34/30분/기준+30),R-B_fast(+27/10분)]; 흐름:M14B_LFT_4ABLD_TO_HUB_SUM=1.5x(주의);M16A_2F_TO_HUB=2.4x(위험);M16B_10F_TO_HUB=1.6x(주의)",0,0,0,0,0,7,0,0,0,0,5,0,0,0,0,0,0,0,0,0,0,0,0,0,0,0,0,0,5,0,5,0,0,0,0,0,0,5,10,5,0,0,0,0,0,42,25,0,0,0,0,0,0,0,0,6,3,-13,30,27,41,0.61,82.99,76.10,92.46,81.68,0,144,72,62,0,0,7,5,0,10,20
M16A_HUBROOM_PR.csv,2026-06-09 08:37,2026-06-09,08:37,3,3단계 ⭐확정,3,,37,관심,M16B,10,,"M16HUB(07:47,RA+RB_fast+RD) → M14(07:47,RA_sus+RB_fast+SLA) → M16B(07:47,RA_sus+RB+RB_fast) → M16(07:49,RB+RB_fast) → M16A(08:33,RA_sus+RB_fast+SLA)",M16A_2F_TO_HUB=1.9x(주의),,7,5,0,5,10,5,0,0,RD,RA_sus,,RA_sus,RA_sus+RB_fast,5.31,2.75,2.81,2.56,2.31,-49,-39,-19,-13,14,0,100.00,7,"6ABL6021,6ABL6022,6ABL6031,6ABL6032,6ABL0111,6ABL0112,6ABL0122",16.74,0,12.46,8.67,0,41,16,33,15,0,"hot_area=M16B; S3확정; 발동: M16HUB[R-D(FAB저장=0.0%,STB=100.0%)]; M14[R-A_sus]; M16A[R-A_sus]; M16B[R-A_sus,R-B_fast(+15/10분)]; M16[R-B_fast(+11/10분)]; 흐름:M16A_2F_TO_HUB=1.9x(주의)",0,0,0,0,0,7,0,0,0,0,5,0,0,0,0,0,0,0,0,0,0,0,0,0,0,0,0,0,5,0,0,0,0,0,0,0,0,5,0,5,0,0,0,0,0,32,5,0,0,0,0,0,0,0,0,1,2,-21,18,15,36,0.61,84.55,74.50,94.35,83.16,0,161,87,71,0,0,7,5,0,5,10
M16A_HUBROOM_PR.csv,2026-06-09 08:38,2026-06-09,08:38,3,3단계 ⭐확정,3,,42,관심,M14,10,,"M16HUB(07:47,RA+RB_fast+RD) → M14(07:47,RA_sus+RB_fast+SLA) → M16B(07:47,RA_sus+RB+RB_fast) → M16(07:49,RB+RB_fast) → M16A(08:33,RA_sus+RB_fast+SLA)",M16A_2F_TO_HUB=1.9x(주의),,7,10,0,10,5,0,0,0,RD,RA_sus+SLA,,RA_sus+RB_fast,RA_sus,4.86,2.88,3.10,2.96,2.79,-64,-61,-11,-5,7,0,100.00,7,"6ABL6021,6ABL6022,6ABL6031,6ABL6032,6ABL0111,6ABL0112,6ABL0122",17.33,0,12.27,8.76,0,36,14,40,17,0,"hot_area=M14; S3확정; 발동: M16HUB[R-D(FAB저장=0.0%,STB=100.0%)]; M14[R-A_sus,SLA(17.3%4분초과)]; M16A[R-A_sus,R-B_fast(+32/10분)]; M16B[R-A_sus]; 흐름:M16A_2F_TO_HUB=1.9x(주의)",0,0,0,0,0,7,0,0,0,0,5,0,0,0,0,5,0,0,0,0,0,0,0,0,0,0,0,0,5,0,5,0,0,0,0,0,0,5,0,0,0,0,0,0,0,32,5,5,0,0,0,0,0,0,0,-15,-12,-15,32,8,36,0.62,85.52,79.81,94.82,80.50,0,175,75,64,0,0,7,10,0,10,5
M16A_HUBROOM_PR.csv,2026-06-09 08:39,2026-06-09,08:39,3,3단계 ⭐확정,3,,42,관심,M14,10,,"M16HUB(07:47,RA+RB_fast+RD) → M14(07:47,RA_sus+RB_fast+SLA) → M16B(07:47,RA_sus+RB+RB_fast) → M16(07:49,RB+RB_fast) → M16A(08:33,RA_sus+RB_fast+SLA)",M16A_2F_TO_HUB=1.8x(주의),,7,10,0,5,5,5,0,0,RD,RA_sus+SLA,,RA_sus,RA_sus,5.50,2.76,2.87,2.96,2.52,-70,-67,-11,-23,-2,0,100.00,8,"6ABL6011,6ABL6021,6ABL6022,6ABL6031,6ABL6032,6ABL0111,6ABL0112,6ABL0122",17.71,0,12.70,7.39,0,37,15,41,20,0,"hot_area=M14; S3확정; 발동: M16HUB[R-D(FAB저장=0.0%,STB=100.0%)]; M14[R-A_sus,SLA(17.7%4분초과)]; M16A[R-A_sus]; M16B[R-A_sus]; M16[R-B_fast(+12/10분)]; 흐름:M16A_2F_TO_HUB=1.8x(주의)",0,0,0,0,0,7,0,0,0,0,5,0,0,0,0,5,0,0,0,0,0,0,0,0,0,0,0,0,5,0,0,0,0,0,0,0,0,5,0,0,0,0,0,0,0,32,5,5,0,0,0,0,0,0,0,-43,-41,-8,14,1,33,0.64,84.84,79.55,94.82,78.58,0,164,88,59,0,0,7,10,0,5,5
M16A_HUBROOM_PR.csv,2026-06-09 08:40,2026-06-09,08:40,1,1단계 조기경보,3,3→1,32,관심,M14,10,,"M16HUB(07:47,RA+RB_fast+RD) → M14(07:47,RA_sus+RB_fast+SLA) → M16B(07:47,RA_sus+RB+RB_fast) → M16(07:49,RB+RB_fast) → M16A(08:33,RA_sus+RB_fast+SLA)",,,7,10,0,5,5,0,0,0,RD,RA_sus+SLA,,RA_sus,RA_sus,6.23,2.77,2.85,3.02,2.37,-64,-55,-12,-8,-10,0,100.00,6,"6ABL6011,6ABL6021,6ABL6022,6ABL6031,6ABL0111,6ABL0112",17.37,0,12.24,5.37,0,34,13,44,21,0,"hot_area=M14; S1조기경보; 발동: M16HUB[R-D(FAB저장=0.0%,STB=100.0%)]; M14[R-A_sus,SLA(17.4%4분초과)]; M16A[R-A_sus]; M16B[R-A_sus]",0,0,0,0,0,7,0,0,0,0,5,0,0,0,0,5,0,0,0,0,0,0,0,0,0,0,0,0,5,0,0,0,0,0,0,0,0,5,0,0,0,0,0,0,0,27,0,5,0,0,0,0,0,0,0,-50,-44,-6,21,-1,40,0.64,80.76,79.02,92.23,80.65,0,180,76,38,0,0,7,10,0,5,5
M16A_HUBROOM_PR.csv,2026-06-09 08:41,2026-06-09,08:41,1,1단계 조기경보,1,,42,관심,M14,10,,"M16HUB(07:47,RA+RB_fast+RD) → M14(07:47,RA_sus+RB_fast+SLA) → M16B(07:47,RA_sus+RB+RB_fast) → M16(07:49,RB+RB_fast) → M16A(08:33,RA_sus+RB_fast+SLA)",,,7,10,0,10,5,0,0,0,RD,RA_sus+SLA,,RA_sus+SLA,RA_sus,4.52,2.67,2.94,2.88,2.53,-71,-59,-9,2,-6,0,100.00,7,"6ABL6011,6ABL6021,6ABL6022,6ABL6031,6ABL6032,6ABL0111,6ABL0112",17.06,0,13.69,9.87,0,42,15,51,19,0,"hot_area=M14; S1조기경보; 발동: M16HUB[R-D(FAB저장=0.0%,STB=100.0%)]; M14[R-A_sus,SLA(17.1%4분초과)]; M16A[R-A_sus,SLA(13.7%4분초과)]; M16B[R-A_sus]",0,0,0,0,0,7,0,0,0,0,5,0,0,0,0,5,0,0,0,0,0,0,0,0,0,0,0,0,5,0,0,0,0,5,0,0,0,5,0,0,0,0,0,0,0,32,0,10,0,0,0,0,0,0,0,-61,-46,-10,9,-27,40,0.63,81.63,73.97,91.76,82.89,0,158,101,83,0,0,7,10,0,10,5
M16A_HUBROOM_PR.csv,2026-06-09 08:42,2026-06-09,08:42,1,1단계 조기경보,1,,47,관심,M14,10,,"M16HUB(07:47,RA+RB_fast+RD) → M14(07:47,RA_sus+RB_fast+SLA) → M16B(07:47,RA_sus+RB+RB_fast) → M16(07:49,RB+RB_fast) → M16A(08:33,RA_sus+RB_fast+SLA)",M16A_2F_TO_HUB=1.7x(주의),,7,10,0,10,5,0,0,0,RD,RA_sus+SLA,,RA_sus+SLA,RA_sus,4.92,2.69,2.77,2.79,2.75,-66,-58,-20,-12,-5,0,100.00,8,"6ABL6011,6ABL6021,6ABL6022,6ABL6031,6ABL6032,6ABL0111,6ABL0112,6ABL0122",17.33,0,14.11,10.83,0,43,14,38,16,0,"hot_area=M14; S1조기경보; 발동: M16HUB[R-D(FAB저장=0.0%,STB=100.0%)]; M14[R-A_sus,SLA(17.3%4분초과)]; M16A[R-A_sus,SLA(14.1%4분초과)]; M16B[R-A_sus]; 흐름:M16A_2F_TO_HUB=1.7x(주의)",0,0,0,0,0,7,0,0,0,0,5,0,0,0,0,5,0,0,0,0,0,0,0,0,0,0,0,0,5,0,0,0,0,5,0,0,0,5,0,0,0,0,0,0,0,32,5,10,0,0,0,0,0,0,0,-59,-49,-12,0,-23,46,0.63,83.38,76.89,88.57,83.33,0,166,94,82,0,0,7,10,0,10,5
M16A_HUBROOM_PR.csv,2026-06-09 08:43,2026-06-09,08:43,1,1단계 조기경보,1,,57,관심,M14,10,,"M16HUB(07:47,RA+RB_fast+RD) → M14(07:47,RA_sus+RB_fast+SLA) → M16B(07:47,RA_sus+RB+RB_fast) → M16(07:49,RB+RB_fast) → M16A(08:33,RA_sus+RB_fast+SLA)",M16A_2F_TO_HUB=1.7x(주의),,7,10,0,10,10,0,0,0,RD,RA_sus+SLA,,RA_sus+SLA,RA_sus+SLA,4.19,2.99,2.61,2.84,2.43,-46,-49,-11,12,1,0,100.00,7,"6ABL6011,6ABL6021,6ABL6022,6ABL6031,6ABL6032,6ABL0111,6ABL0122",18.10,0,14.91,9.51,0,39,14,39,15,0,"hot_area=M14; S1조기경보; 발동: M16HUB[R-D(FAB저장=0.0%,STB=100.0%)]; M14[R-A_sus,SLA(18.1%4분초과)]; M16A[R-A_sus,SLA(14.9%4분초과)]; M16B[R-A_sus,SLA(9.5%4분초과)]; 흐름:M16A_2F_TO_HUB=1.7x(주의)",0,0,0,0,0,7,0,0,0,0,5,0,0,0,0,5,0,0,0,0,0,0,0,0,0,0,0,0,5,0,0,0,0,5,0,0,0,5,0,0,0,0,5,0,0,37,5,15,0,0,0,0,0,0,0,-38,-38,7,-5,-4,37,0.69,86.30,84.88,90.58,85.55,0,179,110,83,0,0,7,10,0,10,10
M16A_HUBROOM_PR.csv,2026-06-09 08:44,2026-06-09,08:44,3,3단계 ⭐확정,1,1→3,57,관심,M16A,10,,"M16HUB(07:47,RA+RB_fast+RD) → M14(07:47,RA_sus+RB_fast+SLA) → M16B(07:47,RA_sus+RB+RB_fast) → M16(07:49,RB+RB_fast) → M16A(08:33,RA_sus+RB_fast+SLA)",M16A_2F_TO_HUB=2.3x(위험),,7,5,0,10,10,0,0,0,RD,RA_sus,,RA_sus+SLA,RA_sus+SLA,4.38,2.69,2.87,3.01,2.66,-28,-45,-7,26,7,0,100.00,6,"6ABL6011,6ABL6012,6ABL6031,6ABL6032,6ABL0111,6ABL0112",17.33,0,15.52,9.87,0,40,13,37,15,0,"hot_area=M16A; S3확정; 발동: M16HUB[R-D(FAB저장=0.0%,STB=100.0%)]; M14[R-A_sus]; M16A[R-A_sus,SLA(15.5%4분초과)]; M16B[R-A_sus,SLA(9.9%4분초과)]; 흐름:M16A_2F_TO_HUB=2.3x(위험)",0,0,0,0,0,7,0,0,0,0,5,0,0,0,0,0,0,0,0,0,0,0,0,0,0,0,0,0,5,0,0,0,0,5,0,0,0,5,0,0,0,0,5,0,0,32,15,10,0,0,0,0,0,0,0,-34,-42,17,-2,-18,33,0.69,87.85,86.07,88.22,88.05,0,153,104,77,0,0,7,5,0,10,10
M16A_HUBROOM_PR.csv,2026-06-09 08:45,2026-06-09,08:45,3,3단계 ⭐확정,3,,62,관심,M14,10,,"M16HUB(07:47,RA+RB_fast+RD) → M14(07:47,RA_sus+RB_fast+SLA) → M16B(07:47,RA_sus+RB+RB_fast) → M16(07:49,RB+RB_fast) → M16A(08:33,RA_sus+RB_fast+SLA)",M16A_2F_TO_HUB=2.4x(위험);M16B_10F_TO_HUB=1.6x(주의),,7,10,0,10,5,0,0,0,RD,RA_sus+SLA,,RA_sus+SLA,RA_sus,4.24,2.81,3.02,2.83,2.44,-34,-46,-2,37,18,0,100.00,7,"6ABL6011,6ABL6012,6ABL6031,6ABL6032,6ABL0111,6ABL0112,6ABL0122",17.21,0,15.83,9.02,0,42,12,39,17,0,"hot_area=M14; S3확정; 발동: M16HUB[R-D(FAB저장=0.0%,STB=100.0%)]; M14[R-A_sus,SLA(17.2%4분초과)]; M16A[R-A_sus,SLA(15.8%4분초과)]; M16B[R-A_sus]; 흐름:M16A_2F_TO_HUB=2.4x(위험);M16B_10F_TO_HUB=1.6x(주의)",0,0,0,0,0,7,0,0,0,0,5,0,0,0,0,5,0,0,0,0,0,0,0,0,0,0,0,0,5,0,0,0,0,5,0,0,0,5,0,0,0,0,0,0,0,32,20,10,0,0,0,0,0,0,0,-25,-34,24,-20,-8,40,0.69,86.20,83.69,88.57,90.56,0,178,117,78,0,0,7,10,0,10,5
M16A_HUBROOM_PR.csv,2026-06-09 08:46,2026-06-09,08:46,1,1단계 조기경보,3,3→1,37,관심,M16A,10,,"M16HUB(07:47,RA+RB_fast+RD) → M14(07:47,RA_sus+RB_fast+SLA) → M16B(07:47,RA_sus+RB+RB_fast) → M16(07:49,RB+RB_fast) → M16A(08:33,RA_sus+RB_fast+SLA)",M16A_2F_TO_HUB=1.7x(주의),,7,5,0,10,5,0,0,0,RD,RA_sus,,RA_sus+SLA,RA_sus,4.52,2.69,3.58,2.75,2.77,-44,-43,7,35,21,0,100.00,9,"6ABL6011,6ABL6012,6ABL6021,6ABL6022,6ABL6031,6ABL6032,6ABL0111,6ABL0112,6ABL0121",17.01,0,16.12,9.51,0,42,13,35,13,0,"hot_area=M16A; S1조기경보; 발동: M16HUB[R-D(FAB저장=0.0%,STB=100.0%)]; M14[R-A_sus]; M16A[R-A_sus,SLA(16.1%4분초과)]; M16B[R-A_sus]; 흐름:M16A_2F_TO_HUB=1.7x(주의)",0,0,0,0,0,7,0,0,0,0,5,0,0,0,0,0,0,0,0,0,0,0,0,0,0,0,0,0,5,0,0,0,0,5,0,0,0,5,0,0,0,0,0,0,0,27,5,5,0,0,0,0,0,0,0,-17,-25,24,-36,0,34,0.67,86.69,85.28,88.57,89.09,0,158,108,74,0,0,7,5,0,10,5
M16A_HUBROOM_PR.csv,2026-06-09 08:47,2026-06-09,08:47,3,3단계 ⭐확정,1,1→3,67,경계,M16B,20,M16B,"M16HUB(07:47,RA+RB_fast+RD) → M14(07:47,RA_sus+RB_fast+SLA) → M16B(07:47,RA_sus+RB+RB_fast) → M16(07:49,RB+RB_fast) → M16A(08:33,RA_sus+RB_fast+SLA)",M16A_2F_TO_HUB=1.7x(주의);M16B_10F_TO_HUB=1.9x(주의),,7,5,0,10,20,10,0,0,RD,RA_sus,,RA_sus+SLA,RA_sus+RB+RB_fast,4.08,2.72,2.88,2.65,2.52,-40,-53,-2,42,31,0,100.00,7,"6ABL6011,6ABL6012,6ABL6022,6ABL6031,6ABL0111,6ABL0112,6ABL0121",16.13,0,16.39,7.75,0,45,15,33,16,0,"hot_area=M16B; S3확정; 발동: M16HUB[R-D(FAB저장=0.0%,STB=100.0%)]; M14[R-A_sus]; M16A[R-A_sus,SLA(16.4%4분초과)]; M16B[R-A_sus,R-B(10F_TO_HUB_JOB+31/30분/기준+30),R-B_fast(+20/10분)]; M16[R-B(SENDQUEUETOTAL+43/30분/기준+20)]; 흐름:M16A_2F_TO_HUB=1.7x(주의);M16B_10F_TO_HUB=1.9x(주의)",0,0,0,0,0,7,0,0,0,0,5,0,0,0,0,0,0,0,0,0,0,0,0,0,0,0,0,0,5,0,0,0,0,5,0,0,0,5,10,5,0,0,0,0,0,52,10,5,0,0,0,0,0,0,0,-7,-18,16,-15,20,32,0.69,87.07,85.15,88.69,93.95,0,160,120,65,0,0,7,5,0,10,20
M16A_HUBROOM_PR.csv,2026-06-09 08:48,2026-06-09,08:48,3,3단계 ⭐확정,3,,42,관심,M16A,10,,"M16HUB(07:48,RA+RB_fast+RD) → M14(07:48,RA_sus+RB_fast+SLA) → M16B(07:48,RA_sus+RB_fast+SLA) → M16(07:49,RB+RB_fast) → M16A(08:33,RA_sus+RB_fast+SLA)",M16A_2F_TO_HUB=1.6x(주의),,7,5,0,10,10,0,0,0,RD,RA_sus,,RA_sus+SLA,RA_sus+RB_fast,4.61,2.59,2.88,2.97,2.56,-54,-59,-5,67,21,0,100.00,8,"6ABL6011,6ABL6012,6ABL6022,6ABL6031,6ABL6032,6ABL0111,6ABL0112,6ABL0122",15.97,0,16.31,7.74,0,42,16,34,15,0,"hot_area=M16A; S3확정; 발동: M16HUB[R-D(FAB저장=0.0%,STB=100.0%)]; M14[R-A_sus]; M16A[R-A_sus,SLA(16.3%4분초과)]; M16B[R-A_sus,R-B_fast(+16/10분)]; 흐름:M16A_2F_TO_HUB=1.6x(주의)",0,0,0,0,0,7,0,0,0,0,5,0,0,0,0,0,0,0,0,0,0,0,0,0,0,0,0,0,5,0,0,0,0,5,0,0,0,5,0,5,0,0,0,0,0,32,5,5,0,0,0,0,0,0,0,-10,-11,2,-14,16,39,0.70,84.45,84.62,87.28,90.56,0,164,107,59,0,0,7,5,0,10,10
M16A_HUBROOM_PR.csv,2026-06-09 08:49,2026-06-09,08:49,3,3단계 ⭐확정,3,,52,관심,M16A,10,,"M16HUB(07:49,RA+RB_fast+RD) → M14(07:49,RA_sus+RB_fast+SLA) → M16B(07:49,RA_sus+RB+RB_fast) → M16(07:49,RB+RB_fast) → M16A(08:33,RA_sus+RB_fast+SLA)",M16A_2F_TO_HUB=1.5x(주의),,7,5,0,10,10,10,0,0,RD,RA_sus,,RA_sus+SLA,RA_sus+RB_fast,5.38,2.62,2.98,2.80,2.55,-50,-67,-1,51,14,0,100.00,6,"6ABL6011,6ABL6012,6ABL6022,6ABL6032,6ABL0112,6ABL0122",15.93,0,15.43,9.01,0,38,13,33,15,0,"hot_area=M16A; S3확정; 발동: M16HUB[R-D(FAB저장=0.0%,STB=100.0%)]; M14[R-A_sus]; M16A[R-A_sus,SLA(15.4%4분초과)]; M16B[R-A_sus,R-B_fast(+17/10분)]; M16[R-B(SENDQUEUETOTAL+51/30분/기준+20)]; 흐름:M16A_2F_TO_HUB=1.5x(주의)",0,0,0,0,0,7,0,0,0,0,5,0,0,0,0,0,0,0,0,0,0,0,0,0,0,0,0,0,5,0,0,0,0,5,0,0,0,5,0,5,0,0,0,0,0,42,5,5,0,0,0,0,0,0,0,-5,-6,0,-5,17,28,0.68,82.51,82.76,90.69,86.58,0,148,110,73,0,0,7,5,0,10,10
M16A_HUBROOM_PR.csv,2026-06-09 08:50,2026-06-09,08:50,3,3단계 ⭐확정,3,,37,관심,M16A,10,,"M16HUB(07:50,RA+RB_fast+RD) → M16B(07:51,RA_sus+RB_fast+SLA) → M16(07:51,RB+RB_fast) → M14(08:09,RA_sus+RB+RB_fast) → M16A(08:33,RA_sus+RB_fast+SLA)",,,7,5,0,10,10,0,0,0,RD,RA_sus,,RA_sus+SLA,RA_sus+RB_fast,5.02,2.64,3.18,2.75,2.69,-46,-56,-6,63,7,0,100.00,5,"6ABL6012,6ABL6032,6ABL0111,6ABL0112,6ABL0122",14.91,0,15.29,6.24,0,40,16,33,13,0,"hot_area=M16A; S3확정; 발동: M16HUB[R-D(FAB저장=0.0%,STB=100.0%)]; M14[R-A_sus]; M16A[R-A_sus,SLA(15.3%4분초과)]; M16B[R-A_sus,R-B_fast(+13/10분)]",0,0,0,0,0,7,0,0,0,0,5,0,0,0,0,0,0,0,0,0,0,0,0,0,0,0,0,0,5,0,0,0,0,5,0,0,0,5,0,5,0,0,0,0,0,32,0,5,0,0,0,0,0,0,0,1,-2,-2,-17,13,23,0.69,82.70,84.62,90.46,82.60,0,157,96,45,0,0,7,5,0,10,10
M16A_HUBROOM_PR.csv,2026-06-09 08:51,2026-06-09,08:51,3,3단계 ⭐확정,3,,42,관심,M16A,10,,"M16HUB(07:51,RA+RA_sus+RD) → M16B(07:51,RA_sus+RB_fast+SLA) → M16(07:51,RB+RB_fast) → M14(08:09,RA_sus+RB+RB_fast) → M16A(08:33,RA_sus+RB_fast+SLA)",,,7,5,0,10,10,5,0,0,RD,RA_sus,,RA_sus+SLA,RA_sus+RB_fast,4.40,2.73,3.31,2.59,2.58,-55,-68,-7,67,11,0,99.41,4,"6ABL6011,6ABL6012,6ABL0111,6ABL0112",14.48,0,15.18,8.63,0,37,14,37,14,0,"hot_area=M16A; S3확정; 발동: M16HUB[R-D(FAB저장=0.0%,STB=99.4%)]; M14[R-A_sus]; M16A[R-A_sus,SLA(15.2%4분초과)]; M16B[R-A_sus,R-B_fast(+28/10분)]; M16[R-B_fast(+51/10분)]",0,0,0,0,0,7,0,0,0,0,5,0,0,0,0,0,0,0,0,0,0,0,0,0,0,0,0,0,5,0,0,0,0,5,0,0,0,5,0,5,0,0,0,0,0,37,0,5,0,0,0,0,0,0,0,8,0,1,6,28,14,0.69,81.63,82.76,92.00,85.25,0,138,111,72,0,0,7,5,0,10,10
M16A_HUBROOM_PR.csv,2026-06-09 08:52,2026-06-09,08:52,3,3단계 ⭐확정,3,,45,관심,M14,13,,"M16HUB(07:52,RA+RD) → M16B(07:52,RA_sus+RB_fast+SLA) → M16(07:53,RB+RB_fast) → M14(08:09,RA_sus+RB+RB_fast) → M16A(08:33,RA_sus+RB_fast+SLA)",,,7,13,0,10,10,0,0,0,RD,RA_sus+RC,,RA_sus+SLA,RA_sus+RB_fast,5.54,2.54,3.10,2.82,2.88,-39,-49,-11,58,15,0,99.41,6,"6ABL6011,6ABL6012,6ABL0111,6ABL0112,6ABL0121,6ABL0122",13.79,0,14.61,8.95,0,35,13,41,16,0,"hot_area=M14; S3확정; 발동: M16HUB[R-D(FAB저장=0.0%,STB=99.4%)]; M14[R-A_sus,R-C'(CNV쏠림)]; M16A[R-A_sus,SLA(14.6%4분초과)]; M16B[R-A_sus,R-B_fast(+23/10분)]",0,0,0,0,0,7,0,0,0,0,5,0,0,8,0,0,0,0,0,0,0,0,0,0,0,0,0,0,5,0,0,0,0,5,0,0,0,5,0,5,0,0,0,0,0,40,0,5,0,0,0,0,0,0,0,18,14,5,16,23,27,0.75,82.70,80.50,92.24,81.86,0,139,97,67,0,0,7,13,0,10,10
M16A_HUBROOM_PR.csv,2026-06-09 08:53,2026-06-09,08:53,3,3단계 ⭐확정,3,,85,주의,M16A,25,M16A;M16B,"M16HUB(07:53,RA+RA_sus+RD) → M16(07:53,RB+RB_fast) → M14(08:09,RA_sus+RB+RB_fast) → M16A(08:33,RA_sus+RB_fast+SLA) → M16B(08:34,RA_sus+RB+RB_fast)",M16A_2F_TO_HUB=1.6x(주의);M16B_10F_TO_HUB=1.6x(주의),,7,13,0,25,20,5,0,0,RD,RA_sus+RC,,RA_sus+RB+RB_fast+SLA,RA_sus+RB+RB_fast,4.32,2.48,3.14,2.99,2.48,-15,-29,2,83,37,0,99.41,4,"6ABL6011,6ABL6012,6ABL0112,6ABL0122",13.62,0,14.74,9.54,0,38,15,37,14,0,"hot_area=M16A; S3확정; 발동: M16HUB[R-D(FAB저장=0.0%,STB=99.4%)]; M14[R-A_sus,R-C'(CNV쏠림)]; M16A[R-A_sus,R-B(6F_TO_HUB_JOB+83/30분/기준+80),R-B_fast(+32/10분),SLA(14.7%4분초과)]; M16B[R-A_sus,R-B(10F_TO_HUB_JOB+37/30분/기준+30),R-B_fast(+21/10분)]; M16[R-B_fast(+31/10분)]; 흐름:M16A_2F_TO_HUB=1.6x(주의);M16B_10F_TO_HUB=1.6x(주의)",0,0,0,0,0,7,0,0,0,0,5,0,0,8,0,0,0,0,0,0,0,0,0,0,0,0,0,0,5,10,5,0,0,5,0,0,0,5,10,5,0,0,0,0,0,70,10,5,0,0,0,0,0,0,0,6,12,-3,32,21,11,0.70,86.39,83.29,91.76,84.22,0,140,107,78,0,0,7,13,0,25,20
M16A_HUBROOM_PR.csv,2026-06-09 08:54,2026-06-09,08:54,3,3단계 ⭐확정,3,,57,관심,M16A,15,M16A;M16B,"M16HUB(07:54,RA+RD) → M14(08:09,RA_sus+RB+RB_fast) → M16(08:09,RB+RB_fast) → M16A(08:33,RA_sus+RB_fast+SLA) → M16B(08:34,RA_sus+RB+RB_fast)",M16A_2F_TO_HUB=1.6x(주의),,7,5,0,15,15,5,0,0,RD,RA_sus,,RA_sus+RB_fast+SLA,RA_sus+RB,5.46,2.59,3.04,2.97,2.94,-20,-40,9,63,31,0.59,99.41,5,"6ABL6011,6ABL6012,6ABL0112,6ABL0121,6ABL0122",13.32,0,14.50,9.86,0,37,15,35,13,0,"hot_area=M16A; S3확정; 발동: M16HUB[R-D(FAB저장=0.6%,STB=99.4%)]; M14[R-A_sus]; M16A[R-A_sus,R-B_fast(+25/10분),SLA(14.5%4분초과)]; M16B[R-A_sus,R-B(10F_TO_HUB_JOB+31/30분/기준+30)]; M16[R-B_fast(+10/10분)]; 흐름:M16A_2F_TO_HUB=1.6x(주의)",0,0,0,0,0,7,0,0,0,0,5,0,0,0,0,0,0,0,0,0,0,0,0,0,0,0,0,0,5,0,5,0,0,5,0,0,0,5,10,0,0,0,0,0,0,47,5,5,0,0,0,0,0,0,0,-6,6,-3,25,7,13,0.69,85.71,84.88,91.65,86.87,0,122,95,72,0,0,7,5,0,15,15
M16A_HUBROOM_PR.csv,2026-06-09 08:55,2026-06-09,08:55,3,3단계 ⭐확정,3,,60,관심,M16A,15,M16A,"M16HUB(07:55,RA+RD) → M14(08:09,RA_sus+RB+RB_fast) → M16(08:09,RB+RB_fast) → M16A(08:33,RA_sus+RB_fast+SLA) → M16B(08:34,RA_sus+RB+RB_fast)",M16A_2F_TO_HUB=1.5x(주의),,7,13,0,15,5,5,5,0,RD,RA_sus+RC,,RA_sus+RB_fast+SLA,RA_sus,4.35,2.61,3.19,2.93,2.40,-25,-33,11,72,20,0.59,99.41,6,"6ABL6011,6ABL6012,6ABL6022,6ABL0111,6ABL0112,6ABL0121",13.04,0,14.17,9.05,0,35,12,35,13,0,"hot_area=M16A; S3확정; 발동: M16HUB[R-D(FAB저장=0.6%,STB=99.4%)]; M14[R-A_sus,R-C'(CNV쏠림)]; M16A[R-A_sus,R-B_fast(+54/10분),SLA(14.2%4분초과)]; M16B[R-A_sus]; M16[R-B_fast(+43/10분)]; M16_PKT[R-A_sus]; 흐름:M16A_2F_TO_HUB=1.5x(주의)",0,0,0,0,0,7,0,0,0,0,5,0,0,8,0,0,0,0,0,0,0,0,0,0,0,0,0,0,5,0,5,0,0,5,0,0,0,5,0,0,0,0,0,0,0,50,5,5,0,0,0,0,0,0,0,-12,3,-5,54,-7,0,0.72,83.09,84.22,91.41,86.43,0,138,102,75,0,0,7,13,0,15,5
M16A_HUBROOM_PR.csv,2026-06-09 08:56,2026-06-09,08:56,3,3단계 ⭐확정,3,,53,관심,M16HUB,15,M16HUB;M16A,"M16HUB(07:56,RA+RD) → M14(08:09,RA_sus+RB+RB_fast) → M16(08:09,RB+RB_fast) → M16A(08:33,RA_sus+RB_fast+SLA) → M16B(08:34,RA_sus+RB+RB_fast)",,,15,13,0,15,5,0,0,0,RC+RD,RA_sus+RC,,RA_sus+RB_fast+SLA,RA_sus,5.67,2.86,3.29,2.77,2.69,-28,-29,9,75,22,0.59,99.41,4,"6ABL6011,6ABL6012,6ABL6022,6ABL0121",13.03,0,14.35,9.59,0,35,11,39,17,0,"hot_area=M16HUB; S3확정; 발동: M16HUB[R-C'(역증가4개:6ABL6011,6ABL6012,6ABL6022,6ABL0121),R-D(FAB저장=0.6%,STB=99.4%)]; M14[R-A_sus,R-C'(CNV쏠림)]; M16A[R-A_sus,R-B_fast(+81/10분),SLA(14.3%4분초과)]; M16B[R-A_sus]",0,0,0,0,8,7,0,0,0,0,5,0,0,8,0,0,0,0,0,0,0,0,0,0,0,0,0,0,5,0,5,0,0,5,0,0,0,5,0,0,0,0,0,0,0,48,0,5,0,0,0,0,0,0,0,-17,-7,-2,81,-5,-5,0.73,81.54,80.64,91.65,80.53,0,123,92,72,0,0,15,13,0,15,5
M16A_HUBROOM_PR.csv,2026-06-09 08:57,2026-06-09,08:57,3,3단계 ⭐확정,3,,53,관심,M16HUB,15,M16HUB;M16A,"M16HUB(07:57,RA+RD) → M14(08:09,RA_sus+RB+RB_fast) → M16(08:09,RB+RB_fast) → M16A(08:33,RA_sus+RB_fast+SLA) → M16B(08:34,RA_sus+RB+RB_fast)",,,15,13,0,15,5,0,0,0,RC+RD,RA_sus+RC,,RA_sus+RB_fast+SLA,RA_sus,6.58,2.71,2.94,2.78,2.34,-23,-26,5,73,27,0.59,99.41,4,"6ABL6011,6ABL6012,6ABL6022,6ABL0121",13.49,0,13.60,8.76,0,34,12,33,13,0,"hot_area=M16HUB; S3확정; 발동: M16HUB[R-C'(역증가4개:6ABL6011,6ABL6012,6ABL6022,6ABL0121),R-D(FAB저장=0.6%,STB=99.4%)]; M14[R-A_sus,R-C'(CNV쏠림)]; M16A[R-A_sus,R-B_fast(+70/10분),SLA(13.6%4분초과)]; M16B[R-A_sus]",0,0,0,0,8,7,0,0,0,0,5,0,0,8,0,0,0,0,0,0,0,0,0,0,0,0,0,0,5,0,5,0,0,5,0,0,0,5,0,0,0,0,0,0,0,48,0,5,0,0,0,0,0,0,0,-17,-10,10,70,-8,-1,0.73,80.56,81.17,91.88,80.53,0,131,96,74,0,0,15,13,0,15,5
M16A_HUBROOM_PR.csv,2026-06-09 08:58,2026-06-09,08:58,3,3단계 ⭐확정,3,,55,관심,M16A,25,M16A,"M16HUB(07:58,RA+RD) → M14(08:09,RA_sus+RB+RB_fast) → M16(08:09,RB+RB_fast) → M16A(08:33,RA_sus+RB_fast+SLA) → M16B(08:34,RA_sus+RB+RB_fast)",,,7,13,0,25,5,0,0,0,RD,RA_sus+RC,,RA_sus+RB+RB_fast+SLA,RA_sus,6.05,2.74,2.92,2.76,2.51,-43,-42,-7,82,18,0.59,99.41,4,"6ABL6011,6ABL6021,6ABL0121,6ABL0122",13.69,0,13.84,8.65,0,41,15,36,15,0,"hot_area=M16A; S3확정; 발동: M16HUB[R-D(FAB저장=0.6%,STB=99.4%)]; M14[R-A_sus,R-C'(CNV쏠림)]; M16A[R-A_sus,R-B(6F_TO_HUB_JOB+82/30분/기준+80),R-B_fast(+64/10분),SLA(13.8%4분초과)]; M16B[R-A_sus]",0,0,0,0,0,7,0,0,0,0,5,0,0,8,0,0,0,0,0,0,0,0,0,0,0,0,0,0,5,10,5,0,0,5,0,0,0,5,0,0,0,0,0,0,0,50,0,5,0,0,0,0,0,0,0,-18,-19,6,64,-6,0,0.74,82.31,79.58,93.29,78.02,0,134,88,66,0,0,7,13,0,25,5
M16A_HUBROOM_PR.csv,2026-06-09 08:59,2026-06-09,08:59,3,3단계 ⭐확정,3,,45,관심,M16A,15,M16A,"M16HUB(08:05,RB_fast+RC+RD) → M14(08:09,RA_sus+RB+RB_fast) → M16(08:09,RB+RB_fast) → M16A(08:33,RA_sus+RB_fast+SLA) → M16B(08:34,RA_sus+RB+RB_fast)",,,7,13,0,15,5,0,0,0,RD,RA_sus+RC,,RA_sus+RB_fast+SLA,RA_sus,4.27,2.54,2.80,2.98,2.48,-62,-62,-5,77,14,0.59,99.41,4,"6ABL6011,6ABL6021,6ABL0112,6ABL0121",13.70,0,14.09,9.07,0,44,17,43,19,0,"hot_area=M16A; S3확정; 발동: M16HUB[R-D(FAB저장=0.6%,STB=99.4%)]; M14[R-A_sus,R-C'(CNV쏠림)]; M16A[R-A_sus,R-B_fast(+68/10분),SLA(14.1%4분초과)]; M16B[R-A_sus]",0,0,0,0,0,7,0,0,0,0,5,0,0,8,0,0,0,0,0,0,0,0,0,0,0,0,0,0,5,0,5,0,0,5,0,0,0,5,0,0,0,0,0,0,0,40,0,5,0,0,0,0,0,0,0,-14,-15,3,68,-4,1,0.76,80.56,80.90,91.07,80.83,0,120,94,74,0,0,7,13,0,15,5
M16A_HUBROOM_PR.csv,2026-06-09 09:00,2026-06-09,09:00,3,3단계 ⭐확정,3,,60,관심,M16A,15,M16A,"M16HUB(08:05,RB_fast+RC+RD) → M14(08:09,RA_sus+RB+RB_fast) → M16(08:09,RB+RB_fast) → M16A(08:33,RA_sus+RB_fast+SLA) → M16B(08:34,RA_sus+RB+RB_fast)",,,12,13,0,15,10,5,0,0,RA_sus+RD,RA_sus+RC,,RA_sus+RB_fast+SLA,RA_sus+RB_fast,6.27,2.47,3.14,2.90,2.48,-65,-66,0,69,27,0.59,99.41,7,"6ABL6011,6ABL6012,6ABL6021,6ABL6022,6ABL0112,6ABL0121,6ABL0122",15.07,0,13.96,6.13,0,41,15,34,16,0,"hot_area=M16A; S3확정; 발동: M16HUB[R-A_sus,R-D(FAB저장=0.6%,STB=99.4%)]; M14[R-A_sus,R-C'(CNV쏠림)]; M16A[R-A_sus,R-B_fast(+65/10분),SLA(14.0%4분초과)]; M16B[R-A_sus,R-B_fast(+15/10분)]; M16[R-B_fast(+15/10분)]",0,5,0,0,0,7,0,0,0,0,5,0,0,8,0,0,0,0,0,0,0,0,0,0,0,0,0,0,5,0,5,0,0,5,0,0,0,5,0,5,0,0,0,0,0,55,0,5,0,0,0,0,0,0,0,-16,-20,8,65,15,12,0.73,79.59,82.76,92.95,80.24,0,154,85,45,0,0,12,13,0,15,10
M16A_HUBROOM_PR.csv,2026-06-09 09:01,2026-06-09,09:01,3,3단계 ⭐확정,3,,55,관심,M16A,15,M16A,"M16HUB(08:05,RB_fast+RC+RD) → M14(08:09,RA_sus+RB+RB_fast) → M16(08:09,RB+RB_fast) → M16A(08:33,RA_sus+RB_fast+SLA) → M16B(08:34,RA_sus+RB+RB_fast)",,,12,13,0,15,10,0,0,0,RA_sus+RD,RA_sus+RC,,RA_sus+RB_fast+SLA,RA_sus+RB_fast,3.95,2.75,3.37,2.92,2.57,-57,-58,5,78,11,0,100.00,5,"6ABL6011,6ABL6012,6ABL6021,6ABL0112,6ABL0121",15.38,0,14.42,8.72,0,36,13,35,14,0,"hot_area=M16A; S3확정; 발동: M16HUB[R-A_sus,R-D(FAB저장=0.0%,STB=100.0%)]; M14[R-A_sus,R-C'(CNV쏠림)]; M16A[R-A_sus,R-B_fast(+63/10분),SLA(14.4%4분초과)]; M16B[R-A_sus,R-B_fast(+10/10분)]",0,5,0,0,0,7,0,0,0,0,5,0,0,8,0,0,0,0,0,0,0,0,0,0,0,0,0,0,5,0,5,0,0,5,0,0,0,5,0,5,0,0,0,0,0,50,0,5,0,0,0,0,0,0,0,-4,-12,14,63,10,4,0.72,81.24,82.89,91.42,81.27,0,142,105,73,0,0,12,13,0,15,10
M16A_HUBROOM_PR.csv,2026-06-09 09:02,2026-06-09,09:02,3,3단계 ⭐확정,3,,65,경계,M16A,25,M16A,"M16HUB(08:05,RB_fast+RC+RD) → M14(08:09,RA_sus+RB+RB_fast) → M16(08:09,RB+RB_fast) → M16A(08:33,RA_sus+RB_fast+SLA) → M16B(08:34,RA_sus+RB+RB_fast)",,,12,13,0,25,10,0,0,0,RA_sus+RD,RA_sus+RC,,RA_sus+RB+RB_fast+SLA,RA_sus+RB_fast,6.90,2.48,2.89,2.82,2.55,-41,-62,13,96,11,0,100.00,4,"6ABL6011,6ABL6012,6ABL6021,6ABL0121",14.74,0,14.85,8.72,0,34,13,29,12,0,"hot_area=M16A; S3확정; 발동: M16HUB[R-A_sus,R-D(FAB저장=0.0%,STB=100.0%)]; M14[R-A_sus,R-C'(CNV쏠림)]; M16A[R-A_sus,R-B(6F_TO_HUB_JOB+96/30분/기준+80),R-B_fast(+80/10분),SLA(14.8%4분초과)]; M16B[R-A_sus,R-B_fast(+11/10분)]",0,5,0,0,0,7,0,0,0,0,5,0,0,8,0,0,0,0,0,0,0,0,0,0,0,0,0,0,5,10,5,0,0,5,0,0,0,5,0,5,0,0,0,0,0,60,0,5,0,0,0,0,0,0,0,0,-27,20,80,11,0,0.72,80.27,83.69,90.72,82.89,0,144,97,65,0,0,12,13,0,25,10
M16A_HUBROOM_PR.csv,2026-06-09 09:03,2026-06-09,09:03,3,3단계 ⭐확정,3,,52,관심,M16A,25,M16A,"M16HUB(08:05,RB_fast+RC+RD) → M14(08:09,RA_sus+RB+RB_fast) → M16(08:09,RB+RB_fast) → M16A(08:33,RA_sus+RB_fast+SLA) → M16B(08:34,RA_sus+RB+RB_fast)",M16A_2F_TO_HUB=1.6x(주의),,7,5,0,25,5,0,0,0,RD,RA_sus,,RA_sus+RB+RB_fast+SLA,RA_sus,4.83,2.64,2.79,2.89,2.42,-55,-57,13,101,4,0,100.00,5,"6ABL6011,6ABL6012,6ABL6021,6ABL0112,6ABL0121",15.23,0,13.74,8.72,0,38,17,37,15,0,"hot_area=M16A; S3확정; 발동: M16HUB[R-D(FAB저장=0.0%,STB=100.0%)]; M14[R-A_sus]; M16A[R-A_sus,R-B(6F_TO_HUB_JOB+101/30분/기준+80),R-B_fast(+74/10분),SLA(13.7%4분초과)]; M16B[R-A_sus]; 흐름:M16A_2F_TO_HUB=1.6x(주의)",0,0,0,0,0,7,0,0,0,0,5,0,0,0,0,0,0,0,0,0,0,0,0,0,0,0,0,0,5,10,5,0,0,5,0,0,0,5,0,0,0,0,0,0,0,42,5,5,0,0,0,0,0,0,0,-23,-31,9,74,-13,6,0.68,81.34,86.21,92.48,83.92,0,156,100,71,0,0,7,5,0,25,5
M16A_HUBROOM_PR.csv,2026-06-09 09:04,2026-06-09,09:04,3,3단계 ⭐확정,3,,52,관심,M16A,25,M16A,"M16HUB(08:05,RB_fast+RC+RD) → M14(08:09,RA_sus+RB+RB_fast) → M16(08:09,RB+RB_fast) → M16A(08:33,RA_sus+RB_fast+SLA) → M16B(08:34,RA_sus+RB+RB_fast)",,,12,5,0,25,5,0,0,0,RA_sus+RD,RA_sus,,RA_sus+RB+RB_fast+SLA,RA_sus,6.53,2.44,3.01,2.84,2.77,-57,-55,15,95,-15,0,100.00,6,"6ABL6011,6ABL6021,6ABL6022,6ABL0112,6ABL0121,6ABL0122",15.24,0,13.55,9.09,0,37,15,36,17,0,"hot_area=M16A; S3확정; 발동: M16HUB[R-A_sus,R-D(FAB저장=0.0%,STB=100.0%)]; M14[R-A_sus]; M16A[R-A_sus,R-B(6F_TO_HUB_JOB+95/30분/기준+80),R-B_fast(+72/10분),SLA(13.6%4분초과)]; M16B[R-A_sus]",0,5,0,0,0,7,0,0,0,0,5,0,0,0,0,0,0,0,0,0,0,0,0,0,0,0,0,0,5,10,5,0,0,5,0,0,0,5,0,0,0,0,0,0,0,47,0,5,0,0,0,0,0,0,0,-17,-19,1,72,-4,2,0.65,78.52,82.89,92.36,86.14,0,141,89,67,0,0,12,5,0,25,5
M16A_HUBROOM_PR.csv,2026-06-09 09:05,2026-06-09,09:05,3,3단계 ⭐확정,3,,57,관심,M16A,25,M16A,"M16HUB(08:05,RB_fast+RC+RD) → M14(08:09,RA_sus+RB+RB_fast) → M16(08:09,RB+RB_fast) → M16A(08:33,RA_sus+RB_fast+SLA) → M16B(08:34,RA_sus+RB+RB_fast)",,,12,5,0,25,5,0,0,5,RA_sus+RD,RA_sus,,RA_sus+RB+RB_fast+SLA,RA_sus,7.03,2.56,2.99,2.71,2.51,-46,-48,17,103,-13,0,100.00,6,"6ABL6011,6ABL6021,6ABL6022,6ABL0112,6ABL0121,6ABL0122",14.46,0,13.15,9.10,0,32,13,37,17,0,"hot_area=M16A; S3확정; 발동: M16HUB[R-A_sus,R-D(FAB저장=0.0%,STB=100.0%)]; M14[R-A_sus]; M16A[R-A_sus,R-B(6F_TO_HUB_JOB+103/30분/기준+80),R-B_fast(+69/10분),SLA(13.2%4분초과)]; M16B[R-A_sus]; M16_WT[R-A_sus]",0,5,0,0,0,7,0,0,0,0,5,0,0,0,0,0,0,0,0,0,0,0,0,0,0,0,0,0,5,10,5,0,0,5,0,0,0,5,0,0,0,0,0,0,0,52,0,5,0,0,0,0,0,0,0,-9,-17,-2,69,2,12,0.61,81.05,83.55,91.89,86.14,0,145,98,76,0,0,12,5,0,25,5
M16A_HUBROOM_PR.csv,2026-06-09 09:06,2026-06-09,09:06,3,3단계 ⭐확정,3,,47,관심,M16A,20,M16A,"M16HUB(08:09,RB+RB_fast) → M14(08:09,RA_sus+RB+RB_fast) → M16(08:09,RB+RB_fast) → M16A(08:33,RA_sus+RB_fast+SLA) → M16B(08:34,RA_sus+RB+RB_fast)",,,12,5,0,20,5,0,0,5,RA_sus+RD,RA_sus,,RA_sus+RB+RB_fast,RA_sus,7.46,2.40,3.42,2.77,2.70,-15,-25,22,91,-15,0,100.00,6,"6ABL6011,6ABL6021,6ABL6022,6ABL6031,6ABL0121,6ABL0122",14.02,0,12.93,9.84,0,32,14,33,18,0,"hot_area=M16A; S3확정; 발동: M16HUB[R-A_sus,R-D(FAB저장=0.0%,STB=100.0%)]; M14[R-A_sus]; M16A[R-A_sus,R-B(6F_TO_HUB_JOB+91/30분/기준+80),R-B_fast(+46/10분)]; M16B[R-A_sus]; M16_WT[R-A_sus]",0,5,0,0,0,7,0,0,0,0,5,0,0,0,0,0,0,0,0,0,0,0,0,0,0,0,0,0,5,10,5,0,0,0,0,0,0,5,0,0,0,0,0,0,0,47,0,0,0,0,0,0,0,0,0,19,7,0,46,-10,27,0.59,81.83,83.69,93.07,82.30,0,127,87,73,0,0,12,5,0,20,5
M16A_HUBROOM_PR.csv,2026-06-09 09:07,2026-06-09,09:07,3,3단계 ⭐확정,3,,62,관심,M16A,25,M16A,"M16HUB(08:09,RB+RB_fast) → M14(08:09,RA_sus+RB+RB_fast) → M16(08:09,RB+RB_fast) → M16A(08:33,RA_sus+RB_fast+SLA) → M16B(08:34,RA_sus+RB+RB_fast)",,,12,5,0,25,5,5,0,5,RA_sus+RD,RA_sus,,RA_sus+RB+RB_fast+SLA,RA_sus,6.14,2.45,3.08,2.60,2.46,-14,-22,12,89,-17,0,100.00,6,"6ABL6021,6ABL6022,6ABL6031,6ABL0111,6ABL0121,6ABL0122",13.19,0,13.72,9.19,0,32,12,37,18,0,"hot_area=M16A; S3확정; 발동: M16HUB[R-A_sus,R-D(FAB저장=0.0%,STB=100.0%)]; M14[R-A_sus]; M16A[R-A_sus,R-B(6F_TO_HUB_JOB+89/30분/기준+80),R-B_fast(+34/10분),SLA(13.7%4분초과)]; M16B[R-A_sus]; M16[R-B_fast(+11/10분)]; M16_WT[R-A_sus]",0,5,0,0,0,7,0,0,0,0,5,0,0,0,0,0,0,0,0,0,0,0,0,0,0,0,0,0,5,10,5,0,0,5,0,0,0,5,0,0,0,0,0,0,0,57,0,5,0,0,0,0,0,0,0,10,6,-14,34,-29,37,0.57,83.67,84.75,94.48,80.09,0,126,100,73,0,0,12,5,0,25,5
M16A_HUBROOM_PR.csv,2026-06-09 09:08,2026-06-09,09:08,3,3단계 ⭐확정,3,,57,관심,M16A,25,M16A,"M16HUB(08:09,RB+RB_fast) → M14(08:09,RA_sus+RB+RB_fast) → M16(08:09,RB+RB_fast) → M16A(08:33,RA_sus+RB_fast+SLA) → M16B(08:34,RA_sus+RB+RB_fast)",,,12,5,0,25,5,0,0,5,RA_sus+RD,RA_sus,,RA_sus+RB+RB_fast+SLA,RA_sus,6.78,2.59,3.21,2.92,2.36,-20,-19,2,80,-12,0,100.00,6,"6ABL6021,6ABL6022,6ABL6031,6ABL0111,6ABL0121,6ABL0122",13.90,0,13.72,6.90,0,31,13,39,20,0,"hot_area=M16A; S3확정; 발동: M16HUB[R-A_sus,R-D(FAB저장=0.0%,STB=100.0%)]; M14[R-A_sus]; M16A[R-A_sus,R-B(6F_TO_HUB_JOB+80/30분/기준+80),R-B_fast(+30/10분),SLA(13.7%4분초과)]; M16B[R-A_sus]; M16_WT[R-A_sus]",0,5,0,0,0,7,0,0,0,0,5,0,0,0,0,0,0,0,0,0,0,0,0,0,0,0,0,0,5,10,5,0,0,5,0,0,0,5,0,0,0,0,0,0,0,52,0,5,0,0,0,0,0,0,0,8,11,-6,30,-22,24,0.59,82.60,84.62,93.42,76.11,0,138,90,49,0,0,12,5,0,25,5
M16A_HUBROOM_PR.csv,2026-06-09 09:09,2026-06-09,09:09,3,3단계 ⭐확정,3,,50,관심,M16A,25,M16A,"M16HUB(08:09,RB+RB_fast) → M14(08:09,RA_sus+RB+RB_fast) → M16(08:09,RB+RB_fast) → M16A(08:33,RA_sus+RB_fast+SLA) → M16B(08:34,RA_sus+RB+RB_fast)",,,5,5,0,25,5,0,0,5,RA_sus,RA_sus,,RA_sus+RB+RB_fast+SLA,RA_sus,6.67,2.83,2.80,2.85,2.57,-24,-23,-2,88,-15,0,98.82,5,"6ABL6021,6ABL6022,6ABL0111,6ABL0121,6ABL0122",13.14,0,13.94,7.95,0,31,12,41,19,0,"hot_area=M16A; S3확정; 발동: M16HUB[R-A_sus]; M14[R-A_sus]; M16A[R-A_sus,R-B(6F_TO_HUB_JOB+88/30분/기준+80),R-B_fast(+25/10분),SLA(13.9%4분초과)]; M16B[R-A_sus]; M16_WT[R-A_sus]",0,5,0,0,0,0,0,0,0,0,5,0,0,0,0,0,0,0,0,0,0,0,0,0,0,0,0,0,5,10,5,0,0,5,0,0,0,5,0,0,0,0,0,0,0,45,0,5,0,0,0,0,0,0,0,-5,-2,-5,25,-28,26,0.61,83.58,83.42,94.83,79.06,0,115,99,62,0,0,5,5,0,25,5
M16A_HUBROOM_PR.csv,2026-06-09 09:10,2026-06-09,09:10,3,3단계 ⭐확정,3,,45,관심,M16A,25,M16A,"M16HUB(08:11,RB_fast+RC+RD) → M16(08:11,RB+RB_fast) → M16A(08:33,RA_sus+RB_fast+SLA) → M16B(08:34,RA_sus+RB+RB_fast)",,,5,5,0,25,5,0,0,0,RA_sus,RA_sus,,RA_sus+RB+RB_fast+SLA,RA_sus,6.92,2.71,3.15,2.80,2.35,-18,-15,-2,95,-16,0.59,98.82,3,"6ABL6021,6ABL6031,6ABL0121",14.07,0,13.80,6.54,0,32,11,44,21,0,"hot_area=M16A; S3확정; 발동: M16HUB[R-A_sus]; M14[R-A_sus]; M16A[R-A_sus,R-B(6F_TO_HUB_JOB+95/30분/기준+80),R-B_fast(+47/10분),SLA(13.8%4분초과)]; M16B[R-A_sus]",0,5,0,0,0,0,0,0,0,0,5,0,0,0,0,0,0,0,0,0,0,0,0,0,0,0,0,0,5,10,5,0,0,5,0,0,0,5,0,0,0,0,0,0,0,40,0,5,0,0,0,0,0,0,0,-3,7,-8,47,-44,24,0.60,85.33,84.48,90.95,80.68,0,142,86,45,0,0,5,5,0,25,5
M16A_HUBROOM_PR.csv,2026-06-09 09:11,2026-06-09,09:11,3,3단계 ⭐확정,3,,47,관심,M16A,20,M16A,"M16HUB(08:11,RB_fast+RC+RD) → M16(08:11,RB+RB_fast) → M16A(08:33,RA_sus+RB_fast+SLA) → M16B(08:34,RA_sus+RB+RB_fast)",,,12,5,0,20,5,0,0,0,RA_sus+RD,RA_sus,,RA_sus+RB+SLA,RA_sus,7.44,2.72,3.45,2.90,2.38,-9,-13,5,91,13,0,99.41,6,"6ABL6011,6ABL6021,6ABL6031,6ABL0111,6ABL0121,6ABL0122",13.61,0,13.00,9.83,0,31,14,40,18,0,"hot_area=M16A; S3확정; 발동: M16HUB[R-A_sus,R-D(FAB저장=0.0%,STB=99.4%)]; M14[R-A_sus]; M16A[R-A_sus,R-B(6F_TO_HUB_JOB+91/30분/기준+80),SLA(13.0%4분초과)]; M16B[R-A_sus]",0,5,0,0,0,7,0,0,0,0,5,0,0,0,0,0,0,0,0,0,0,0,0,0,0,0,0,0,5,10,0,0,0,5,0,0,0,5,0,0,0,0,0,0,0,42,0,5,0,0,0,0,0,0,0,-13,-1,-10,22,-25,30,0.60,84.94,84.08,91.89,80.83,0,124,95,81,0,0,12,5,0,20,5
M16A_HUBROOM_PR.csv,2026-06-09 09:12,2026-06-09,09:12,3,3단계 ⭐확정,3,,40,관심,M16A,20,M16A,"M16HUB(08:12,RC+RD) → M16(08:13,RB+RB_fast) → M16A(08:33,RA_sus+RB_fast+SLA) → M16B(08:34,RA_sus+RB+RB_fast)",,,5,5,0,20,5,0,0,0,RA_sus,RA_sus,,RA_sus+RB+SLA,RA_sus,8.23,2.53,3.13,2.76,2.77,16,-17,14,98,23,0.59,98.82,6,"6ABL6021,6ABL6022,6ABL6031,6ABL0111,6ABL0121,6ABL0122",13.96,0,13.17,9.85,0,34,15,39,21,0,"hot_area=M16A; S3확정; 발동: M16HUB[R-A_sus]; M14[R-A_sus]; M16A[R-A_sus,R-B(6F_TO_HUB_JOB+98/30분/기준+80),SLA(13.2%4분초과)]; M16B[R-A_sus]",0,5,0,0,0,0,0,0,0,0,5,0,0,0,0,0,0,0,0,0,0,0,0,0,0,0,0,0,5,10,0,0,0,5,0,0,0,5,0,0,0,0,0,0,0,35,0,5,0,0,0,0,0,0,0,-2,-4,-11,2,-11,26,0.63,83.67,83.29,90.13,79.20,0,135,86,74,0,0,5,5,0,20,5
M16A_HUBROOM_PR.csv,2026-06-09 09:13,2026-06-09,09:13,3,3단계 ⭐확정,3,,45,관심,M16A,20,M16A,"M16(08:13,RB+RB_fast) → M16HUB(08:18,RC+RD) → M16A(08:33,RA_sus+RB_fast+SLA) → M16B(08:34,RA_sus+RB+RB_fast)",M16A_2F_TO_HUB=1.5x(주의),,5,5,0,20,5,0,0,0,RA_sus,RA_sus,,RA_sus+RB+SLA,RA_sus,7.96,2.61,2.96,2.92,2.45,-16,-19,5,102,11,0.59,98.82,6,"6ABL6012,6ABL6021,6ABL6022,6ABL6031,6ABL0111,6ABL0121",14.51,0,13.97,8.69,0,39,17,39,20,0,"hot_area=M16A; S3확정; 발동: M16HUB[R-A_sus]; M14[R-A_sus]; M16A[R-A_sus,R-B(6F_TO_HUB_JOB+102/30분/기준+80),SLA(14.0%4분초과)]; M16B[R-A_sus]; 흐름:M16A_2F_TO_HUB=1.5x(주의)",0,5,0,0,0,0,0,0,0,0,5,0,0,0,0,0,0,0,0,0,0,0,0,0,0,0,0,0,5,10,0,0,0,5,0,0,0,5,0,0,0,0,0,0,0,35,5,5,0,0,0,0,0,0,0,1,0,-1,-4,3,34,0.65,83.19,84.35,88.13,85.99,0,146,102,72,0,0,5,5,0,20,5
M16A_HUBROOM_PR.csv,2026-06-09 09:14,2026-06-09,09:14,1,1단계 조기경보,3,3→1,30,관심,M16A,10,,"M16HUB(08:18,RC+RD) → M16(08:25,RB+RB_fast) → M16A(08:33,RA_sus+RB_fast+SLA) → M16B(08:34,RA_sus+RB+RB_fast)",,,5,5,0,10,5,0,0,0,RA_sus,RA_sus,,RA_sus+SLA,RA_sus,8.54,2.73,2.93,3.12,2.54,-22,-17,-4,75,12,0.59,98.82,5,"6ABL6021,6ABL6022,6ABL6031,6ABL0111,6ABL0121",15.18,0,13.89,9.03,0,34,13,41,21,0,"hot_area=M16A; S1조기경보; 발동: M16HUB[R-A_sus]; M14[R-A_sus]; M16A[R-A_sus,SLA(13.9%4분초과)]; M16B[R-A_sus]",0,5,0,0,0,0,0,0,0,0,5,0,0,0,0,0,0,0,0,0,0,0,0,0,0,0,0,0,5,0,0,0,0,5,0,0,0,5,0,0,0,0,0,0,0,25,0,5,0,0,0,0,0,0,0,1,-4,-2,-22,9,25,0.68,81.52,83.29,88.37,85.84,0,138,91,67,0,0,5,5,0,10,5
M16A_HUBROOM_PR.csv,2026-06-09 09:15,2026-06-09,09:15,3,3단계 ⭐확정,1,1→3,40,관심,M16A,20,M16A,"M16HUB(08:18,RC+RD) → M16(08:25,RB+RB_fast) → M16A(08:33,RA_sus+RB_fast+SLA) → M16B(08:34,RA_sus+RB+RB_fast)",,,5,5,0,20,5,0,0,0,RA_sus,RA_sus,,RA_sus+RB+SLA,RA_sus,5.34,2.48,3.25,2.85,2.54,-1,-1,-3,86,1,1.18,98.22,7,"6ABL6012,6ABL6021,6ABL6022,6ABL6032,6ABL0111,6ABL0121,6ABL0122",15.27,0,15.18,8.22,0,36,15,39,19,0,"hot_area=M16A; S3확정; 발동: M16HUB[R-A_sus]; M14[R-A_sus]; M16A[R-A_sus,R-B(6F_TO_HUB_JOB+86/30분/기준+80),SLA(15.2%4분초과)]; M16B[R-A_sus]",0,5,0,0,0,0,0,0,0,0,5,0,0,0,0,0,0,0,0,0,0,0,0,0,0,0,0,0,5,10,0,0,0,5,0,0,0,5,0,0,0,0,0,0,0,35,0,5,0,0,0,0,0,0,0,20,13,4,-37,6,23,0.62,80.16,86.47,88.95,90.27,0,157,112,69,0,0,5,5,0,20,5
M16A_HUBROOM_PR.csv,2026-06-09 09:16,2026-06-09,09:16,3,3단계 ⭐확정,3,,55,관심,M16A,20,M16HUB;M16A,"M16HUB(08:18,RC+RD) → M16(08:25,RB+RB_fast) → M16A(08:33,RA_sus+RB_fast+SLA) → M16B(08:34,RA_sus+RB+RB_fast)",,,15,5,0,20,10,0,0,0,RA+RA_sus,RA_sus,,RA_sus+RB+SLA,RA_sus+RB_fast,9.38,2.99,3.18,3.06,2.57,21,1,-11,96,-3,0.59,98.82,6,"6ABL6021,6ABL6022,6ABL6031,6ABL6032,6ABL0111,6ABL0121",15.84,0,14.67,8.78,0,32,14,40,18,0,"hot_area=M16A; S3확정; 발동: M16HUB[R-A'(AVGTOTALTIME1MIN=9.38분/기준9.0),R-A_sus]; M14[R-A_sus]; M16A[R-A_sus,R-B(6F_TO_HUB_JOB+96/30분/기준+80),SLA(14.7%4분초과)]; M16B[R-A_sus,R-B_fast(+12/10분)]",10,5,0,0,0,0,0,0,0,0,5,0,0,0,0,0,0,0,0,0,0,0,0,0,0,0,0,0,5,10,0,0,0,5,0,0,0,5,0,5,0,0,0,0,0,50,0,5,0,0,1,0,0,0,0,19,1,-9,-31,12,29,0.57,78.21,83.95,87.54,88.79,0,146,98,66,0,0,15,5,0,20,10
M16A_HUBROOM_PR.csv,2026-06-09 09:17,2026-06-09,09:17,3,3단계 ⭐확정,3,,65,경계,M16A,20,M16HUB;M16A,"M16HUB(08:18,RC+RD) → M16(08:25,RB+RB_fast) → M16A(08:33,RA_sus+RB_fast+SLA) → M16B(08:34,RA_sus+RB+RB_fast)",,,15,10,0,20,10,0,0,0,RA+RA_sus,RA_sus+SLA,,RA_sus+RB+SLA,RA_sus+RB_fast,8.53,2.59,2.87,3.06,2.36,9,12,-5,100,-21,0.59,98.82,7,"6ABL6021,6ABL6022,6ABL6032,6ABL0111,6ABL0112,6ABL0121,6ABL0122",15.58,0,14.93,9.83,0,37,15,37,16,0,"hot_area=M16A; S3확정; 발동: M16HUB[R-A'(AVGTOTALTIME1MIN=8.53분/기준9.0),R-A_sus]; M14[R-A_sus,SLA(15.6%4분초과)]; M16A[R-A_sus,R-B(6F_TO_HUB_JOB+100/30분/기준+80),SLA(14.9%4분초과)]; M16B[R-A_sus,R-B_fast(+16/10분)]",10,5,0,0,0,0,0,0,0,0,5,0,0,0,0,5,0,0,0,0,0,0,0,0,0,0,0,0,5,10,0,0,0,5,0,0,0,5,0,5,0,0,0,0,0,55,0,10,0,0,1,0,0,0,0,16,16,-1,-4,16,21,0.54,82.20,81.56,89.66,91.45,0,150,110,81,0,0,15,10,0,20,10
M16A_HUBROOM_PR.csv,2026-06-09 09:18,2026-06-09,09:18,3,3단계 ⭐확정,3,,65,경계,M16A,20,M16HUB;M16A;M16B,"M16HUB(08:18,RC+RD) → M16(08:25,RB+RB_fast) → M16A(08:33,RA_sus+RB_fast+SLA) → M16B(08:34,RA_sus+RB+RB_fast)",,,15,5,0,20,15,0,0,0,RA+RA_sus,RA_sus,,RA_sus+RB+SLA,RA_sus+RB_fast+SLA,8.66,2.72,2.95,2.90,3.04,10,3,-2,92,-17,1.18,98.82,7,"6ABL6021,6ABL6031,6ABL6032,6ABL0111,6ABL0112,6ABL0121,6ABL0122",15.16,0,14.93,10.22,0,36,14,37,16,0,"hot_area=M16A; S3확정; 발동: M16HUB[R-A'(AVGTOTALTIME1MIN=8.66분/기준9.0),R-A_sus]; M14[R-A_sus]; M16A[R-A_sus,R-B(6F_TO_HUB_JOB+92/30분/기준+80),SLA(14.9%4분초과)]; M16B[R-A_sus,R-B_fast(+11/10분),SLA(10.2%4분초과)]",10,5,0,0,0,0,0,0,0,0,5,0,0,0,0,0,0,0,0,0,0,0,0,0,0,0,0,0,5,10,0,0,0,5,0,0,0,5,0,5,0,0,5,0,0,55,0,10,0,0,1,0,0,0,0,20,11,-2,-2,11,17,0.53,82.20,82.89,91.66,85.40,0,149,99,75,0,0,15,5,0,20,15
M16A_HUBROOM_PR.csv,2026-06-09 09:19,2026-06-09,09:19,3,3단계 ⭐확정,3,,75,경계,M16HUB,20,M16HUB;M16A;M16B,"M16HUB(08:20,RC+RD) → M16(08:25,RB+RB_fast) → M16A(08:33,RA_sus+RB_fast+SLA) → M16B(08:34,RA_sus+RB+RB_fast)",,,20,10,0,20,15,0,0,0,RA+RA_sus+RB_fast,RA_sus+RB_fast,,RA_sus+RB+SLA,RA_sus+RB_fast+SLA,8.74,2.72,2.98,2.91,2.69,15,7,-3,104,-5,0.59,98.82,6,"6ABL6021,6ABL6031,6ABL0111,6ABL0112,6ABL0121,6ABL0122",14.82,0,15.57,10.04,0,31,12,47,20,0,"hot_area=M16HUB; S3확정; 발동: M16HUB[R-A'(AVGTOTALTIME1MIN=8.74분/기준9.0),R-A_sus,R-B_fast(+34/10분)]; M14[R-A_sus,R-B_fast(+24/10분)]; M16A[R-A_sus,R-B(6F_TO_HUB_JOB+104/30분/기준+80),SLA(15.6%4분초과)]; M16B[R-A_sus,R-B_fast(+27/10분),SLA(10.0%4분초과)]",10,5,0,5,0,0,0,0,0,0,5,0,5,0,0,0,0,0,0,0,0,0,0,0,0,0,0,0,5,10,0,0,0,5,0,0,0,5,0,5,0,0,5,0,0,65,0,10,0,0,1,0,0,0,0,34,24,-1,11,27,23,0.50,82.59,85.01,92.95,86.28,0,127,109,84,0,0,20,10,0,20,15
M16A_HUBROOM_PR.csv,2026-06-09 09:20,2026-06-09,09:20,3,3단계 ⭐확정,3,,55,관심,M16A,20,M16HUB;M16A,"M16HUB(08:20,RC+RD) → M16(08:25,RB+RB_fast) → M16A(08:33,RA_sus+RB_fast+SLA) → M16B(08:34,RA_sus+RB+RB_fast)",,,15,5,0,20,10,0,0,0,RA+RA_sus,RA_sus,,RA_sus+RB+SLA,RA_sus+RB_fast,8.63,2.55,3.22,3.06,2.42,10,-4,11,116,0,0.59,98.82,6,"6ABL6021,6ABL6031,6ABL6032,6ABL0111,6ABL0121,6ABL0122",14.74,0,16.50,6.94,0,32,12,47,18,0,"hot_area=M16A; S3확정; 발동: M16HUB[R-A'(AVGTOTALTIME1MIN=8.63분/기준9.0),R-A_sus]; M14[R-A_sus]; M16A[R-A_sus,R-B(6F_TO_HUB_JOB+116/30분/기준+80),SLA(16.5%4분초과)]; M16B[R-A_sus,R-B_fast(+29/10분)]",10,5,0,0,0,0,0,0,0,0,5,0,0,0,0,0,0,0,0,0,0,0,0,0,0,0,0,0,5,10,0,0,0,5,0,0,0,5,0,5,0,0,0,0,0,50,0,5,0,0,1,0,0,0,0,29,9,11,4,29,17,0.52,80.25,85.68,93.07,80.83,0,144,102,52,0,0,15,5,0,20,10
M16A_HUBROOM_PR.csv,2026-06-09 09:21,2026-06-09,09:21,3,3단계 ⭐확정,3,,70,경계,M16A,25,M16HUB;M16A,"M16HUB(08:23,RC+RD) → M16(08:25,RB+RB_fast) → M16A(08:33,RA_sus+RB_fast+SLA) → M16B(08:34,RA_sus+RB+RB_fast)",,,20,5,0,25,10,5,0,0,RA+RA_sus+RB_fast,RA_sus,,RA_sus+RB+RB_fast+SLA,RA_sus+RB_fast,4.00,2.64,3.59,2.63,2.83,16,5,10,114,-3,1.18,98.82,6,"6ABL6022,6ABL6031,6ABL6032,6ABL0111,6ABL0121,6ABL0122",14.79,0,16.27,10.06,0,36,12,47,15,0,"hot_area=M16A; S3확정; 발동: M16HUB[R-A'(AVGTOTALTIME1MIN=4.00분/기준9.0),R-A_sus,R-B_fast(+33/10분)]; M14[R-A_sus]; M16A[R-A_sus,R-B(6F_TO_HUB_JOB+114/30분/기준+80),R-B_fast(+29/10분),SLA(16.3%4분초과)]; M16B[R-A_sus,R-B_fast(+12/10분)]; M16[R-B_fast(+41/10분)]",10,5,0,5,0,0,0,0,0,0,5,0,0,0,0,0,0,0,0,0,0,0,0,0,0,0,0,0,5,10,5,0,0,5,0,0,0,5,0,5,0,0,0,0,0,65,0,5,0,0,1,0,0,0,0,33,18,6,29,12,27,0.56,79.57,82.76,89.89,83.19,0,130,122,88,0,0,20,5,0,25,10
M16A_HUBROOM_PR.csv,2026-06-09 09:22,2026-06-09,09:22,3,3단계 ⭐확정,3,,62,관심,M16A,25,M16HUB;M16A,"M16HUB(08:23,RC+RD) → M16(08:25,RB+RB_fast) → M16A(08:33,RA_sus+RB_fast+SLA) → M16B(08:34,RA_sus+RB+RB_fast)",,,22,5,0,25,5,0,0,0,RA+RA_sus+RD,RA_sus,,RA_sus+RB+RB_fast+SLA,RA_sus,8.80,2.70,3.02,2.83,2.68,3,-10,12,126,2,0.59,99.41,7,"6ABL6021,6ABL6031,6ABL6032,6ABL0111,6ABL0112,6ABL0121,6ABL0122",13.85,0,15.78,10.64,0,37,12,39,16,0,"hot_area=M16A; S3확정; 발동: M16HUB[R-A'(AVGTOTALTIME1MIN=8.80분/기준9.0),R-A_sus,R-D(FAB저장=0.6%,STB=99.4%)]; M14[R-A_sus]; M16A[R-A_sus,R-B(6F_TO_HUB_JOB+126/30분/기준+80),R-B_fast(+44/10분),SLA(15.8%4분초과)]; M16B[R-A_sus]",10,5,0,0,0,7,0,0,0,0,5,0,0,0,0,0,0,0,0,0,0,0,0,0,0,0,0,0,5,10,5,0,0,5,0,0,0,5,0,0,0,0,0,0,0,57,0,5,0,0,1,0,0,0,0,5,21,3,44,2,36,0.58,77.92,84.08,90.01,81.12,0,128,107,82,0,0,22,5,0,25,5
M16A_HUBROOM_PR.csv,2026-06-09 09:23,2026-06-09,09:23,3,3단계 ⭐확정,3,,72,경계,M16A,25,M16HUB;M16A,"M16HUB(08:23,RC+RD) → M16(08:25,RB+RB_fast) → M16A(08:33,RA_sus+RB_fast+SLA) → M16B(08:34,RA_sus+RB+RB_fast)",,,22,5,0,25,5,5,5,0,RA+RA_sus+RD,RA_sus,,RA_sus+RB+RB_fast+SLA,RA_sus,10.63,2.46,2.94,2.78,2.31,-29,-35,3,97,-28,0,100.00,8,"6ABL6011,6ABL6021,6ABL6022,6ABL6031,6ABL6032,6ABL0111,6ABL0121,6ABL0122",15.38,0,16.51,9.55,0,31,12,42,14,0,"hot_area=M16A; S3확정; 발동: M16HUB[R-A'(AVGTOTALTIME1MIN=10.63분/기준9.0),R-A_sus,R-D(FAB저장=0.0%,STB=100.0%)]; M14[R-A_sus]; M16A[R-A_sus,R-B(6F_TO_HUB_JOB+97/30분/기준+80),R-B_fast(+27/10분),SLA(16.5%4분초과)]; M16B[R-A_sus]; M16[R-B_fast(+24/10분)]; M16_PKT[R-A_sus]",10,5,0,0,0,7,0,0,0,0,5,0,0,0,0,0,0,0,0,0,0,0,0,0,0,0,0,0,5,10,5,0,0,5,0,0,0,5,0,0,0,0,0,0,0,67,0,5,0,0,2,0,0,0,0,-7,-4,-5,27,-18,36,0.62,78.31,85.54,93.18,79.50,0,144,120,83,0,0,22,5,0,25,5
M16A_HUBROOM_PR.csv,2026-06-09 09:24,2026-06-09,09:24,3,3단계 ⭐확정,3,,67,경계,M16A,25,M16HUB;M16A,"M16HUB(08:24,RC+RD) → M16(08:25,RB+RB_fast) → M16A(08:33,RA_sus+RB_fast+SLA) → M16B(08:34,RA_sus+RB+RB_fast)",,,22,5,0,25,5,0,5,0,RA+RA_sus+RD,RA_sus,,RA_sus+RB+RB_fast+SLA,RA_sus,4.43,2.78,3.08,2.71,2.82,-28,-33,-1,95,-26,0,100.00,6,"6ABL6021,6ABL6031,6ABL6032,6ABL0111,6ABL0121,6ABL0122",14.58,0,15.94,10.14,0,29,11,39,13,0,"hot_area=M16A; S3확정; 발동: M16HUB[R-A'(AVGTOTALTIME1MIN=4.43분/기준9.0),R-A_sus,R-D(FAB저장=0.0%,STB=100.0%)]; M14[R-A_sus]; M16A[R-A_sus,R-B(6F_TO_HUB_JOB+95/30분/기준+80),R-B_fast(+45/10분),SLA(15.9%4분초과)]; M16B[R-A_sus]; M16_PKT[R-A_sus]",10,5,0,0,0,7,0,0,0,0,5,0,0,0,0,0,0,0,0,0,0,0,0,0,0,0,0,0,5,10,5,0,0,5,0,0,0,5,0,0,0,0,0,0,0,62,0,5,0,0,2,0,0,0,0,-12,-10,0,45,-31,29,0.65,79.57,86.07,93.42,81.42,0,122,106,79,0,0,22,5,0,25,5
M16A_HUBROOM_PR.csv,2026-06-09 09:25,2026-06-09,09:25,3,3단계 ⭐확정,3,,75,경계,M16A,25,M16HUB;M16A,"M16HUB(08:25,RC+RD) → M16(08:25,RB+RB_fast) → M16A(08:33,RA_sus+RB_fast+SLA) → M16B(08:34,RA_sus+RB+RB_fast)",,,22,13,0,25,5,5,0,0,RA+RA_sus+RD,RA_sus+RC,,RA_sus+RB+RB_fast+SLA,RA_sus,10.78,2.87,3.07,2.79,2.41,-3,-14,-4,84,-25,0,100.00,6,"6ABL6012,6ABL6021,6ABL6031,6ABL6032,6ABL0111,6ABL0121",14.38,0,15.98,9.89,0,36,14,45,18,0,"hot_area=M16A; S3확정; 발동: M16HUB[R-A'(AVGTOTALTIME1MIN=10.78분/기준9.0),R-A_sus,R-D(FAB저장=0.0%,STB=100.0%)]; M14[R-A_sus,R-C'(CNV쏠림)]; M16A[R-A_sus,R-B(6F_TO_HUB_JOB+84/30분/기준+80),R-B_fast(+52/10분),SLA(16.0%4분초과)]; M16B[R-A_sus]; M16[R-B_fast(+37/10분)]",10,5,0,0,0,7,0,0,0,0,5,0,0,8,0,0,0,0,0,0,0,0,0,0,0,0,0,0,5,10,5,0,0,5,0,0,0,5,0,0,0,0,0,0,0,70,0,5,0,0,3,0,0,0,0,-14,-10,-6,52,-33,22,0.73,83.66,85.01,90.72,81.56,0,137,117,86,0,0,22,13,0,25,5
M16A_HUBROOM_PR.csv,2026-06-09 09:26,2026-06-09,09:26,3,3단계 ⭐확정,3,,65,경계,M16HUB,22,M16HUB;M16A,"M16HUB(08:26,RC+RD) → M16(08:27,RB+RB_fast) → M16A(08:33,RA_sus+RB_fast+SLA) → M16B(08:34,RA_sus+RB+RB_fast)",,,22,13,0,15,5,0,5,0,RA+RA_sus+RD,RA_sus+RC,,RA_sus+RB_fast+SLA,RA_sus,11.49,2.65,3.00,3.18,2.77,-2,-9,-10,62,-28,0,100.00,5,"6ABL6011,6ABL6032,6ABL0111,6ABL0112,6ABL0122",14.30,0,16.21,9.71,0,32,13,45,20,0,"hot_area=M16HUB; S3확정; 발동: M16HUB[R-A'(AVGTOTALTIME1MIN=11.49분/기준9.0),R-A_sus,R-D(FAB저장=0.0%,STB=100.0%)]; M14[R-A_sus,R-C'(CNV쏠림)]; M16A[R-A_sus,R-B_fast(+47/10분),SLA(16.2%4분초과)]; M16B[R-A_sus]; M16_PKT[R-A_sus]",10,5,0,0,0,7,0,0,0,0,5,0,0,8,0,0,0,0,0,0,0,0,0,0,0,0,0,0,5,0,5,0,0,5,0,0,0,5,0,0,0,0,0,0,0,60,0,5,0,0,3,0,0,0,0,-40,-17,-1,47,-30,5,0.76,84.34,85.15,88.84,78.91,0,122,106,76,0,0,22,13,0,15,5
M16A_HUBROOM_PR.csv,2026-06-09 09:27,2026-06-09,09:27,1,1단계 조기경보,3,3→1,60,관심,M16HUB,22,M16HUB,"M16HUB(08:27,RC+RD) → M16(08:27,RB+RB_fast) → M16A(08:33,RA_sus+RB_fast+SLA) → M16B(08:34,RA_sus+RB+RB_fast)",,,22,13,0,10,5,0,5,0,RA+RA_sus+RD,RA_sus+RC,,RA_sus+SLA,RA_sus,4.69,2.46,3.08,2.83,2.51,-22,-15,-23,41,-38,0,100.00,5,"6ABL6021,6ABL6022,6ABL6032,6ABL0111,6ABL0122",14.85,0,16.41,8.72,0,26,10,47,22,0,"hot_area=M16HUB; S1조기경보; 발동: M16HUB[R-A'(AVGTOTALTIME1MIN=4.69분/기준9.0),R-A_sus,R-D(FAB저장=0.0%,STB=100.0%)]; M14[R-A_sus,R-C'(CNV쏠림)]; M16A[R-A_sus,SLA(16.4%4분초과)]; M16B[R-A_sus]; M16_PKT[R-A_sus]",10,5,0,0,0,7,0,0,0,0,5,0,0,8,0,0,0,0,0,0,0,0,0,0,0,0,0,0,5,0,0,0,0,5,0,0,0,5,0,0,0,0,0,0,0,55,0,5,0,0,3,0,0,0,0,-48,-37,-8,11,-25,12,0.80,82.68,82.76,88.01,79.79,0,136,117,72,0,0,22,13,0,10,5
M16A_HUBROOM_PR.csv,2026-06-09 09:28,2026-06-09,09:28,1,1단계 조기경보,1,,65,경계,M16HUB,22,M16HUB;M16A,"M16HUB(08:28,RC+RD) → M16A(08:33,RA_sus+RB_fast+SLA) → M16B(08:34,RA_sus+RB+RB_fast)",,,22,13,0,20,5,0,0,0,RA+RA_sus+RD,RA_sus+RC,,RA+RA_sus+SLA,RA_sus,9.77,2.75,2.94,3.22,2.45,-18,-9,-17,39,-32,0,100.00,8,"6ABL6011,6ABL6021,6ABL6022,6ABL6032,6ABL0111,6ABL0112,6ABL0121,6ABL0122",15.08,0,16.31,7.46,0,35,13,35,16,0,"hot_area=M16HUB; S1조기경보; 발동: M16HUB[R-A'(AVGTOTALTIME1MIN=9.77분/기준9.0),R-A_sus,R-D(FAB저장=0.0%,STB=100.0%)]; M14[R-A_sus,R-C'(CNV쏠림)]; M16A[R-A'(AVGLOADTIME1MIN=3.22분/기준3.2),R-A_sus,SLA(16.3%4분초과)]; M16B[R-A_sus]",10,5,0,0,0,7,0,0,0,0,5,0,0,8,0,0,0,0,0,0,0,0,0,0,0,0,0,10,5,0,0,0,0,5,0,0,0,5,0,0,0,0,0,0,0,60,0,5,0,0,4,0,0,1,0,-46,-31,-9,11,-21,21,0.81,82.78,78.91,86.96,80.09,0,144,106,54,0,0,22,13,0,20,5
M16A_HUBROOM_PR.csv,2026-06-09 09:29,2026-06-09,09:29,1,1단계 조기경보,1,,65,경계,M16HUB,22,M16HUB;M16A,"M16A(08:33,RA_sus+RB_fast+SLA) → M16B(08:34,RA_sus+RB+RB_fast) → M16HUB(08:56,RC+RD)",,,22,13,0,20,5,0,0,0,RA+RA_sus+RD,RA_sus+RC,,RA+RA_sus+SLA,RA_sus,11.03,2.49,2.76,3.11,2.49,-18,-11,-11,16,-32,0,100.00,6,"6ABL6011,6ABL6022,6ABL6031,6ABL6032,6ABL0121,6ABL0122",15.22,0,16.53,8.14,0,34,13,36,19,0,"hot_area=M16HUB; S1조기경보; 발동: M16HUB[R-A'(AVGTOTALTIME1MIN=11.03분/기준9.0),R-A_sus,R-D(FAB저장=0.0%,STB=100.0%)]; M14[R-A_sus,R-C'(CNV쏠림)]; M16A[R-A'(AVGLOADTIME1MIN=3.11분/기준3.2),R-A_sus,SLA(16.5%4분초과)]; M16B[R-A_sus]",10,5,0,0,0,7,0,0,0,0,5,0,0,8,0,0,0,0,0,0,0,0,0,0,0,0,0,10,5,0,0,0,0,5,0,0,0,5,0,0,0,0,0,0,0,60,0,5,0,0,5,0,0,1,0,-47,-33,-5,-20,-31,11,0.81,82.39,77.85,85.55,78.91,0,132,118,66,0,0,22,13,0,20,5
M16A_HUBROOM_PR.csv,2026-06-09 09:30,2026-06-09,09:30,1,1단계 조기경보,1,,70,경계,M16HUB,22,M16HUB;M16A,"M16A(08:33,RA_sus+RB_fast+SLA) → M16B(08:34,RA_sus+RB+RB_fast) → M16HUB(08:56,RC+RD)",,,22,13,0,20,5,0,0,5,RA+RA_sus+RD,RA_sus+RC,,RA+RA_sus+SLA,RA_sus,8.80,2.46,3.27,2.79,2.23,-9,-10,-4,3,-41,0,100.00,5,"6ABL6011,6ABL6022,6ABL6032,6ABL0121,6ABL0122",14.37,0,16.45,6.50,0,38,14,36,19,0,"hot_area=M16HUB; S1조기경보; 발동: M16HUB[R-A'(AVGTOTALTIME1MIN=8.80분/기준9.0),R-A_sus,R-D(FAB저장=0.0%,STB=100.0%)]; M14[R-A_sus,R-C'(CNV쏠림)]; M16A[R-A'(AVGLOADTIME1MIN=2.79분/기준3.2),R-A_sus,SLA(16.4%4분초과)]; M16B[R-A_sus]; M16_WT[R-A_sus]",10,5,0,0,0,7,0,0,0,0,5,0,0,8,0,0,0,0,0,0,0,0,0,0,0,0,0,10,5,0,0,0,0,5,0,0,0,5,0,0,0,0,0,0,0,65,0,5,0,0,5,0,0,1,0,-35,-26,-7,-48,-26,6,0.78,81.91,78.51,88.48,78.76,0,141,103,46,0,0,22,13,0,20,5
M16A_HUBROOM_PR.csv,2026-06-09 09:31,2026-06-09,09:31,1,1단계 조기경보,1,,70,경계,M16HUB,22,M16HUB;M16A,"M16A(08:33,RA_sus+RB_fast+SLA) → M16B(08:34,RA_sus+RB+RB_fast) → M16HUB(08:56,RC+RD)",,,22,13,0,20,5,0,0,5,RA+RA_sus+RD,RA_sus+RC,,RA+RA_sus+SLA,RA_sus,8.54,2.47,3.56,2.66,2.51,-16,-2,-15,-28,-44,0,100.00,3,"6ABL6022,6ABL6031,6ABL0121",14.78,0,17.49,9.48,0,38,16,36,19,0,"hot_area=M16HUB; S1조기경보; 발동: M16HUB[R-A'(AVGTOTALTIME1MIN=8.54분/기준9.0),R-A_sus,R-D(FAB저장=0.0%,STB=100.0%)]; M14[R-A_sus,R-C'(CNV쏠림)]; M16A[R-A'(AVGLOADTIME1MIN=2.66분/기준3.2),R-A_sus,SLA(17.5%4분초과)]; M16B[R-A_sus]; M16_WT[R-A_sus]",10,5,0,0,0,7,0,0,0,0,5,0,0,8,0,0,0,0,0,0,0,0,0,0,0,0,0,10,5,0,0,0,0,5,0,0,0,5,0,0,0,0,0,0,0,65,0,5,0,0,5,0,0,1,0,-36,-19,-11,-79,-31,0,0.77,78.79,76.66,92.01,82.01,0,129,124,80,0,0,22,13,0,20,5
M16A_HUBROOM_PR.csv,2026-06-09 09:32,2026-06-09,09:32,1,1단계 조기경보,1,,78,경계,M16HUB,30,M16HUB;M16A,"M16A(08:33,RA_sus+RB_fast+SLA) → M16B(08:34,RA_sus+RB+RB_fast) → M16HUB(08:56,RC+RD)",,,30,13,0,20,5,0,0,5,RA+RA_sus+RC+RD,RA_sus+RC,,RA+RA_sus+SLA,RA_sus,11.87,2.60,3.03,3.52,2.69,-33,-5,-20,-39,-37,0,100.00,3,"6ABL6022,6ABL6032,6ABL0121",14.38,0,17.74,9.50,0,36,14,39,18,0,"hot_area=M16HUB; S1조기경보; 발동: M16HUB[R-A'(AVGTOTALTIME1MIN=11.87분/기준9.0),R-A_sus,R-C'(역증가3개:6ABL6022,6ABL6032,6ABL0121),R-D(FAB저장=0.0%,STB=100.0%)]; M14[R-A_sus,R-C'(CNV쏠림)]; M16A[R-A'(AVGLOADTIME1MIN=3.52분/기준3.2),R-A_sus,SLA(17.7%4분초과)]; M16B[R-A_sus]; M16_WT[R-A_sus]",10,5,0,0,8,7,0,0,0,0,5,0,0,8,0,0,0,0,0,0,0,0,0,0,0,0,0,10,5,0,0,0,0,5,0,0,0,5,0,0,0,0,0,0,0,73,0,5,0,0,6,0,0,2,0,-36,-22,-12,-85,-28,-15,0.79,78.70,75.86,92.01,78.17,0,134,113,71,0,0,30,13,0,20,5
M16A_HUBROOM_PR.csv,2026-06-09 09:33,2026-06-09,09:33,1,1단계 조기경보,1,,78,경계,M16HUB,30,M16HUB;M16A,"M16A(08:33,RA_sus+RB_fast+SLA) → M16B(08:34,RA_sus+RB+RB_fast) → M16HUB(08:56,RC+RD)",,,30,13,0,20,5,0,0,5,RA+RA_sus+RC+RD,RA_sus+RC,,RA+RA_sus+SLA,RA_sus,4.23,2.62,2.86,2.82,2.42,-11,-7,-9,-58,-34,0,100.00,4,"6ABL6032,6ABL0111,6ABL0121,6ABL0122",13.37,0,15.97,9.13,0,38,13,34,16,0,"hot_area=M16HUB; S1조기경보; 발동: M16HUB[R-A'(AVGTOTALTIME1MIN=4.23분/기준9.0),R-A_sus,R-C'(역증가4개:6ABL6032,6ABL0111,6ABL0121,6ABL0122),R-D(FAB저장=0.0%,STB=100.0%)]; M14[R-A_sus,R-C'(CNV쏠림)]; M16A[R-A'(AVGLOADTIME1MIN=2.82분/기준3.2),R-A_sus,SLA(16.0%4분초과)]; M16B[R-A_sus]; M16_WT[R-A_sus]",10,5,0,0,8,7,0,0,0,0,5,0,0,8,0,0,0,0,0,0,0,0,0,0,0,0,0,10,5,0,0,0,0,5,0,0,0,5,0,0,0,0,0,0,0,73,0,5,0,0,5,0,0,2,0,-5,-3,-3,-81,-19,-9,0.72,77.92,79.44,90.36,78.76,0,131,114,80,0,0,30,13,0,20,5
M16A_HUBROOM_PR.csv,2026-06-09 09:34,2026-06-09,09:34,1,1단계 조기경보,1,,78,경계,M16HUB,30,M16HUB;M16A,"M16B(08:34,RA_sus+RB+RB_fast) → M16A(08:53,RA_sus+RB+RB_fast+SLA) → M16HUB(08:56,RC+RD)",,,30,13,0,20,5,0,0,5,RA+RA_sus+RC+RD,RA_sus+RC,,RA+RA_sus+SLA,RA_sus,11.92,2.27,3.04,2.58,2.79,-10,-5,-8,-56,-30,0,100.00,5,"6ABL6031,6ABL6032,6ABL0111,6ABL0121,6ABL0122",13.17,0,15.30,9.46,0,37,13,38,17,0,"hot_area=M16HUB; S1조기경보; 발동: M16HUB[R-A'(AVGTOTALTIME1MIN=11.92분/기준9.0),R-A_sus,R-C'(역증가5개:6ABL6031,6ABL6032,6ABL0111,6ABL0121,6ABL0122),R-D(FAB저장=0.0%,STB=100.0%)]; M14[R-A_sus,R-C'(CNV쏠림)]; M16A[R-A'(AVGLOADTIME1MIN=2.58분/기준3.2),R-A_sus,SLA(15.3%4분초과)]; M16B[R-A_sus]; M16_WT[R-A_sus]",10,5,0,0,8,7,0,0,0,0,5,0,0,8,0,0,0,0,0,0,0,0,0,0,0,0,0,10,5,0,0,0,0,5,0,0,0,5,0,0,0,0,0,0,0,73,0,5,0,0,6,0,0,2,0,1,9,-6,-79,-8,-1,0.74,78.02,82.10,90.25,79.20,0,115,99,76,0,0,30,13,0,20,5
M16A_HUBROOM_PR.csv,2026-06-09 09:35,2026-06-09,09:35,3,3단계 ⭐확정,1,1→3,83,주의,M16HUB,30,M16HUB;M16A,"M16B(08:35,RA_sus+RB+RB_fast) → M16A(08:53,RA_sus+RB+RB_fast+SLA) → M16HUB(08:56,RC+RD)",,,30,13,0,20,10,0,0,5,RA+RA_sus+RC+RD,RA_sus+RC,,RA+RA_sus+SLA,RA_sus+RB_fast,10.44,2.68,3.27,2.64,2.19,-3,6,-9,-82,-11,0,100.00,4,"6ABL6032,6ABL0111,6ABL0121,6ABL0122",13.95,0,15.68,8.88,0,33,13,38,17,0,"hot_area=M16HUB; S3확정; 발동: M16HUB[R-A'(AVGTOTALTIME1MIN=10.44분/기준9.0),R-A_sus,R-C'(역증가4개:6ABL6032,6ABL0111,6ABL0121,6ABL0122),R-D(FAB저장=0.0%,STB=100.0%)]; M14[R-A_sus,R-C'(CNV쏠림)]; M16A[R-A'(AVGLOADTIME1MIN=2.64분/기준3.2),R-A_sus,SLA(15.7%4분초과)]; M16B[R-A_sus,R-B_fast(+16/10분)]; M16_WT[R-A_sus]",10,5,0,0,8,7,0,0,0,0,5,0,0,8,0,0,0,0,0,0,0,0,0,0,0,0,0,10,5,0,0,0,0,5,0,0,0,5,0,5,0,0,0,0,0,78,0,5,0,0,6,0,0,2,0,-9,3,-7,-97,16,-2,0.71,79.86,83.29,89.42,83.48,0,137,114,78,0,0,30,13,0,20,10
M16A_HUBROOM_PR.csv,2026-06-09 09:36,2026-06-09,09:36,3,3단계 ⭐확정,3,,80,주의,M16HUB,30,M16HUB;M16A,"M16B(08:36,RA_sus+RB+RB_fast) → M16A(08:53,RA_sus+RB+RB_fast+SLA) → M16HUB(08:56,RC+RD)",M16B_10F_TO_HUB=1.5x(주의),,30,5,0,20,10,0,0,5,RA+RA_sus+RC+RD,RA_sus,,RA+RA_sus+SLA,RA_sus+RB_fast,4.26,2.50,3.39,2.84,2.67,-23,-13,-5,-79,7,0,100.00,3,"6ABL6032,6ABL0111,6ABL0122",13.23,0,15.02,8.88,0,34,13,34,16,0,"hot_area=M16HUB; S3확정; 발동: M16HUB[R-A'(AVGTOTALTIME1MIN=4.26분/기준9.0),R-A_sus,R-C'(역증가3개:6ABL6032,6ABL0111,6ABL0122),R-D(FAB저장=0.0%,STB=100.0%)]; M14[R-A_sus]; M16A[R-A'(AVGLOADTIME1MIN=2.84분/기준3.2),R-A_sus,SLA(15.0%4분초과)]; M16B[R-A_sus,R-B_fast(+25/10분)]; M16_WT[R-A_sus]; 흐름:M16B_10F_TO_HUB=1.5x(주의)",10,5,0,0,8,7,0,0,0,0,5,0,0,0,0,0,0,0,0,0,0,0,0,0,0,0,0,10,5,0,0,0,0,5,0,0,0,5,0,5,0,0,0,0,0,70,5,5,0,0,5,0,0,2,0,-2,3,5,-95,25,-18,0.68,80.35,82.76,92.01,83.19,0,116,99,71,0,0,30,5,0,20,10
M16A_HUBROOM_PR.csv,2026-06-09 09:37,2026-06-09,09:37,3,3단계 ⭐확정,3,,90,주의,M16HUB,35,M16HUB;M16A,"M16B(08:47,RA_sus+RB+RB_fast) → M16A(08:53,RA_sus+RB+RB_fast+SLA) → M16HUB(08:56,RC+RD)",M16B_10F_TO_HUB=1.8x(주의),,35,5,0,20,10,5,0,5,RA+RA_sus+RB_fast+RC+RD,RA_sus,,RA+RA_sus+SLA,RA_sus+RB_fast,10.59,2.60,3.15,2.85,2.44,2,-1,11,-58,23,0,100.00,4,"6ABL6031,6ABL6032,6ABL0111,6ABL0121",12.62,0,15.41,8.61,0,33,14,42,18,0,"hot_area=M16HUB; S3확정; 발동: M16HUB[R-A'(AVGTOTALTIME1MIN=10.59분/기준9.0),R-A_sus,R-B_fast(+34/10분),R-C'(역증가4개:6ABL6031,6ABL6032,6ABL0111,6ABL0121),R-D(FAB저장=0.0%,STB=100.0%)]; M14[R-A_sus]; M16A[R-A'(AVGLOADTIME1MIN=2.85분/기준3.2),R-A_sus,SLA(15.4%4분초과)]; M16B[R-A_sus,R-B_fast(+32/10분)]; M16[R-B_fast(+37/10분)]; M16_WT[R-A_sus]; 흐름:M16B_10F_TO_HUB=1.8x(주의)",10,5,0,5,8,7,0,0,0,0,5,0,0,0,0,0,0,0,0,0,0,0,0,0,0,0,0,10,5,0,0,0,0,5,0,0,0,5,0,5,0,0,0,0,0,80,5,5,0,0,6,0,0,2,0,34,20,20,-65,32,-22,0.68,81.91,87.27,91.30,86.87,0,116,108,73,0,0,35,5,0,20,10
M16A_HUBROOM_PR.csv,2026-06-09 09:38,2026-06-09,09:38,3,3단계 ⭐확정,3,,80,주의,M16HUB,35,M16HUB;M16A,"M16B(08:47,RA_sus+RB+RB_fast) → M16A(08:53,RA_sus+RB+RB_fast+SLA) → M16HUB(08:56,RC+RD)",M16B_10F_TO_HUB=1.7x(주의),,35,5,0,20,10,0,0,0,RA+RA_sus+RB_fast+RC+RD,RA_sus,,RA+RA_sus+SLA,RA_sus+RB_fast,9.57,2.54,2.93,3.05,2.54,6,1,17,-71,24,0,100.00,2,"6ABL6031,6ABL0111",13.45,0,14.95,7.00,0,34,15,32,14,0,"hot_area=M16HUB; S3확정; 발동: M16HUB[R-A'(AVGTOTALTIME1MIN=9.57분/기준9.0),R-A_sus,R-B_fast(+32/10분),R-C'(역증가2개:6ABL6031,6ABL0111),R-D(FAB저장=0.0%,STB=100.0%)]; M14[R-A_sus]; M16A[R-A'(AVGLOADTIME1MIN=3.05분/기준3.2),R-A_sus,SLA(14.9%4분초과)]; M16B[R-A_sus,R-B_fast(+34/10분)]; 흐름:M16B_10F_TO_HUB=1.7x(주의)",10,5,0,5,8,7,0,0,0,0,5,0,0,0,0,0,0,0,0,0,0,0,0,0,0,0,0,10,5,0,0,0,0,5,0,0,0,5,0,5,0,0,0,0,0,70,5,5,0,0,6,0,0,1,0,32,21,28,-80,34,-20,0.67,79.67,86.07,91.89,87.17,0,124,93,53,0,0,35,5,0,20,10
M16A_HUBROOM_PR.csv,2026-06-09 09:39,2026-06-09,09:39,3,3단계 ⭐확정,3,,92,주의,M16HUB,27,M16HUB;M16A;M16B,"M16B(08:47,RA_sus+RB+RB_fast) → M16A(08:53,RA_sus+RB+RB_fast+SLA) → M16HUB(08:56,RC+RD)",M16B_10F_TO_HUB=1.7x(주의),,27,10,0,20,20,5,0,0,RA+RA_sus+RB_fast+RD,RA_sus+RB_fast,,RA+RA_sus+SLA,RA_sus+RB+RB_fast,4.17,2.60,2.88,2.89,2.47,25,20,6,-50,31,0,100.00,1,6ABL6022,12.73,0,16.20,8.96,0,36,13,34,14,0,"hot_area=M16HUB; S3확정; 발동: M16HUB[R-A'(AVGTOTALTIME1MIN=4.17분/기준9.0),R-A_sus,R-B_fast(+38/10분),R-D(FAB저장=0.0%,STB=100.0%)]; M14[R-A_sus,R-B_fast(+29/10분)]; M16A[R-A'(AVGLOADTIME1MIN=2.89분/기준3.2),R-A_sus,SLA(16.2%4분초과)]; M16B[R-A_sus,R-B(10F_TO_HUB_JOB+31/30분/기준+30),R-B_fast(+35/10분)]; M16[R-B_fast(+35/10분)]; 흐름:M16B_10F_TO_HUB=1.7x(주의)",10,5,0,5,0,7,0,0,0,0,5,0,5,0,0,0,0,0,0,0,0,0,0,0,0,0,0,10,5,0,0,0,0,5,0,0,0,5,10,5,0,0,0,0,0,82,5,5,0,0,5,0,0,1,0,38,29,12,-41,35,-38,0.67,80.93,88.06,90.01,86.43,0,123,111,72,0,0,27,10,0,20,20
M16A_HUBROOM_PR.csv,2026-06-09 09:40,2026-06-09,09:40,3,3단계 ⭐확정,3,,80,주의,M16HUB,35,M16HUB;M16A,"M16B(08:47,RA_sus+RB+RB_fast) → M16A(08:53,RA_sus+RB+RB_fast+SLA) → M16HUB(08:56,RC+RD)",,,35,10,0,20,10,0,0,0,RA+RA_sus+RB_fast+RC+RD,RA_sus+RB_fast,,RA+RA_sus+SLA,RA_sus+RB_fast,12.15,2.71,3.01,2.86,2.26,25,16,-1,-49,29,0,100.00,2,"6ABL6012,6ABL6031",12.23,0,15.12,7.06,0,35,13,40,19,0,"hot_area=M16HUB; S3확정; 발동: M16HUB[R-A'(AVGTOTALTIME1MIN=12.15분/기준9.0),R-A_sus,R-B_fast(+31/10분),R-C'(역증가2개:6ABL6012,6ABL6031),R-D(FAB저장=0.0%,STB=100.0%)]; M14[R-A_sus,R-B_fast(+33/10분)]; M16A[R-A'(AVGLOADTIME1MIN=2.86분/기준3.2),R-A_sus,SLA(15.1%4분초과)]; M16B[R-A_sus,R-B_fast(+26/10분)]",10,5,0,5,8,7,0,0,0,0,5,0,5,0,0,0,0,0,0,0,0,0,0,0,0,0,0,10,5,0,0,0,0,5,0,0,0,5,0,5,0,0,0,0,0,75,0,5,0,0,6,0,0,1,0,31,33,-5,-5,26,-31,0.65,82.98,85.68,90.36,78.02,0,107,93,50,0,0,35,10,0,20,10
M16A_HUBROOM_PR.csv,2026-06-09 09:41,2026-06-09,09:41,3,3단계 ⭐확정,3,,87,주의,M16A,25,M16HUB;M16A;M16,"M16B(08:47,RA_sus+RB+RB_fast) → M16A(08:53,RA_sus+RB+RB_fast+SLA) → M16HUB(08:56,RC+RD) → M16(09:41,RB+RB_fast)",,,22,10,0,25,10,15,0,0,RA+RA_sus+RD,RA_sus+RB_fast,,RA+RA_sus+RB_fast+SLA,RA_sus+RB_fast,8.91,2.44,3.07,2.66,2.63,25,23,-3,-25,7,0,99.41,1,6ABL6012,12.08,0,15.76,9.53,0,36,14,37,18,0,"hot_area=M16A; S3확정; 발동: M16HUB[R-A'(AVGTOTALTIME1MIN=8.91분/기준9.0),R-A_sus,R-D(FAB저장=0.0%,STB=99.4%)]; M14[R-A_sus,R-B_fast(+24/10분)]; M16A[R-A'(AVGLOADTIME1MIN=2.66분/기준3.2),R-A_sus,R-B_fast(+25/10분),SLA(15.8%4분초과)]; M16B[R-A_sus,R-B_fast(+26/10분)]; M16[R-B(SENDQUEUETOTAL+35/30분/기준+20),R-B_fast(+29/10분)]",10,5,0,0,0,7,0,0,0,0,5,0,5,0,0,0,0,0,0,0,0,0,0,0,0,0,0,10,5,0,5,0,0,5,0,0,0,5,0,5,0,0,0,0,0,82,0,5,0,0,6,0,0,1,0,28,24,2,25,26,-32,0.64,80.16,83.82,92.24,81.56,0,108,113,79,0,0,22,10,0,25,10
M16A_HUBROOM_PR.csv,2026-06-09 09:42,2026-06-09,09:42,3,3단계 ⭐확정,3,,67,경계,M16HUB,27,M16HUB;M16A,"M16B(08:47,RA_sus+RB+RB_fast) → M16A(08:53,RA_sus+RB+RB_fast+SLA) → M16HUB(08:56,RC+RD) → M16(09:41,RB+RB_fast)",,,27,10,0,15,10,0,0,0,RA+RA_sus+RB_fast+RD,RA_sus+RB_fast,,RA_sus+RB_fast+SLA,RA_sus+RB_fast,4.21,2.51,2.98,3.10,2.56,15,51,-12,-9,-11,0,99.41,0,,12.28,0,16.56,9.29,0,36,15,39,17,0,"hot_area=M16HUB; S3확정; 발동: M16HUB[R-A'(AVGTOTALTIME1MIN=4.21분/기준9.0),R-A_sus,R-B_fast(+46/10분),R-D(FAB저장=0.0%,STB=99.4%)]; M14[R-A_sus,R-B_fast(+52/10분)]; M16A[R-A_sus,R-B_fast(+32/10분),SLA(16.6%4분초과)]; M16B[R-A_sus,R-B_fast(+15/10분)]",10,5,0,5,0,7,0,0,0,0,5,0,5,0,0,0,0,0,0,0,0,0,0,0,0,0,0,0,5,0,5,0,0,5,0,0,0,5,0,5,0,0,0,0,0,62,0,5,0,0,5,0,0,0,0,46,52,-3,32,15,-43,0.58,83.56,82.89,92.13,79.79,0,113,107,68,0,0,27,10,0,15,10
M16A_HUBROOM_PR.csv,2026-06-09 09:43,2026-06-09,09:43,3,3단계 ⭐확정,3,,70,경계,M16HUB,20,M16HUB;M16A;M16,"M16B(08:47,RA_sus+RB+RB_fast) → M16A(08:53,RA_sus+RB+RB_fast+SLA) → M16HUB(08:56,RC+RD) → M16(09:41,RB+RB_fast)",,,20,10,0,15,5,15,0,0,RA+RA_sus+RB_fast,RA_sus+RB_fast,,RA_sus+RB_fast+SLA,RA_sus,11.13,2.57,3.13,2.95,2.32,26,42,-12,-20,-32,0,98.82,1,6ABL6012,12.68,0,16.08,9.34,0,36,16,41,23,0,"hot_area=M16HUB; S3확정; 발동: M16HUB[R-A'(AVGTOTALTIME1MIN=11.13분/기준9.0),R-A_sus,R-B_fast(+38/10분)]; M14[R-A_sus,R-B_fast(+49/10분)]; M16A[R-A_sus,R-B_fast(+34/10분),SLA(16.1%4분초과)]; M16B[R-A_sus]; M16[R-B(SENDQUEUETOTAL+35/30분/기준+20),R-B_fast(+32/10분)]",10,5,0,5,0,0,0,0,0,0,5,0,5,0,0,0,0,0,0,0,0,0,0,0,0,0,0,0,5,0,5,0,0,5,0,0,0,5,0,0,0,0,0,0,0,65,0,5,0,0,6,0,0,0,0,38,49,-4,34,5,-54,0.58,83.95,83.42,93.07,81.86,0,121,119,74,0,0,20,10,0,15,5
M16A_HUBROOM_PR.csv,2026-06-09 09:44,2026-06-09,09:44,3,3단계 ⭐확정,3,,60,관심,M16HUB,20,M16HUB;M16A,"M16B(08:47,RA_sus+RB+RB_fast) → M16A(08:53,RA_sus+RB+RB_fast+SLA) → M16HUB(08:56,RC+RD) → M16(09:41,RB+RB_fast)",,,20,10,0,15,5,0,5,0,RA+RA_sus+RB_fast,RA_sus+RB_fast,,RA_sus+RB_fast+SLA,RA_sus,8.49,2.49,3.14,3.00,2.54,35,51,-9,-1,-38,0,97.63,1,6ABL0112,12.31,0,16.57,9.90,0,34,12,38,20,0,"hot_area=M16HUB; S3확정; 발동: M16HUB[R-A'(AVGTOTALTIME1MIN=8.49분/기준9.0),R-A_sus,R-B_fast(+46/10분)]; M14[R-A_sus,R-B_fast(+52/10분)]; M16A[R-A_sus,R-B_fast(+33/10분),SLA(16.6%4분초과)]; M16B[R-A_sus]; M16_PKT[R-A_sus]",10,5,0,5,0,0,0,0,0,0,5,0,5,0,0,0,0,0,0,0,0,0,0,0,0,0,0,0,5,0,5,0,0,5,0,0,0,5,0,0,0,0,0,0,0,55,0,5,0,0,5,0,0,0,0,46,52,-3,33,1,-49,0.59,81.32,80.64,92.24,81.86,0,105,109,71,0,0,20,10,0,15,5
M16A_HUBROOM_PR.csv,2026-06-09 09:45,2026-06-09,09:45,3,3단계 ⭐확정,3,,75,경계,M16HUB,20,M16HUB;M16A;M16,"M16B(08:47,RA_sus+RB+RB_fast) → M16A(08:53,RA_sus+RB+RB_fast+SLA) → M16HUB(08:56,RC+RD) → M16(09:41,RB+RB_fast)",,,20,10,0,15,5,15,5,0,RA+RA_sus+RB_fast,RA_sus+RB_fast,,RA_sus+RB_fast+SLA,RA_sus,4.53,2.81,3.36,2.80,2.67,12,37,-11,18,-17,0,97.63,1,6ABL0112,13.06,0,16.71,9.86,0,34,12,39,19,0,"hot_area=M16HUB; S3확정; 발동: M16HUB[R-A'(AVGTOTALTIME1MIN=4.53분/기준9.0),R-A_sus,R-B_fast(+35/10분)]; M14[R-A_sus,R-B_fast(+44/10분)]; M16A[R-A_sus,R-B_fast(+63/10분),SLA(16.7%4분초과)]; M16B[R-A_sus]; M16[R-B(SENDQUEUETOTAL+27/30분/기준+20),R-B_fast(+31/10분)]; M16_PKT[R-A_sus]",10,5,0,5,0,0,0,0,0,0,5,0,5,0,0,0,0,0,0,0,0,0,0,0,0,0,0,0,5,0,5,0,0,5,0,0,0,5,0,0,0,0,0,0,0,70,0,5,0,0,4,0,0,0,0,35,44,2,63,0,-50,0.60,81.13,82.23,94.59,78.76,0,128,121,79,0,0,20,10,0,15,5
M16A_HUBROOM_PR.csv,2026-06-09 09:46,2026-06-09,09:46,3,3단계 ⭐확정,3,,68,경계,M16HUB,28,M16HUB;M16A,"M16B(08:47,RA_sus+RB+RB_fast) → M16A(08:53,RA_sus+RB+RB_fast+SLA) → M16HUB(08:56,RC+RD) → M16(09:41,RB+RB_fast)",,,28,10,0,15,5,0,5,0,RA+RA_sus+RB_fast+RC,RA_sus+RB_fast,,RA_sus+RB_fast+SLA,RA_sus,12.64,2.26,3.57,2.93,2.42,-5,25,3,4,-13,0,98.22,3,"6ABL6012,6ABL6021,6ABL0112",13.65,0,16.37,9.51,0,37,12,39,19,0,"hot_area=M16HUB; S3확정; 발동: M16HUB[R-A'(AVGTOTALTIME1MIN=12.64분/기준9.0),R-A_sus,R-B_fast(+37/10분),R-C'(역증가3개:6ABL6012,6ABL6021,6ABL0112)]; M14[R-A_sus,R-B_fast(+39/10분)]; M16A[R-A_sus,R-B_fast(+52/10분),SLA(16.4%4분초과)]; M16B[R-A_sus]; M16_PKT[R-A_sus]",10,5,0,5,8,0,0,0,0,0,5,0,5,0,0,0,0,0,0,0,0,0,0,0,0,0,0,0,5,0,5,0,0,5,0,0,0,5,0,0,0,0,0,0,0,63,0,5,0,0,5,0,0,0,0,37,39,-1,52,-8,-41,0.60,78.79,79.97,91.77,80.53,0,120,109,68,0,0,28,10,0,15,5
M16A_HUBROOM_PR.csv,2026-06-09 09:47,2026-06-09,09:47,1,1단계 조기경보,3,3→1,40,관심,M16HUB,15,M16HUB,"M16B(08:47,RA_sus+RB+RB_fast) → M16A(08:53,RA_sus+RB+RB_fast+SLA) → M16HUB(08:56,RC+RD) → M16(09:41,RB+RB_fast)",,,15,5,0,10,5,0,0,0,RA+RA_sus,RA_sus,,RA_sus+SLA,RA_sus,9.66,2.66,2.96,2.99,2.44,-3,4,2,-41,-11,1.18,98.22,1,6ABL6012,13.94,0,14.46,8.77,0,36,13,34,19,0,"hot_area=M16HUB; S1조기경보; 발동: M16HUB[R-A'(AVGTOTALTIME1MIN=9.66분/기준9.0),R-A_sus]; M14[R-A_sus]; M16A[R-A_sus,SLA(14.5%4분초과)]; M16B[R-A_sus]",10,5,0,0,0,0,0,0,0,0,5,0,0,0,0,0,0,0,0,0,0,0,0,0,0,0,0,0,5,0,0,0,0,5,0,0,0,5,0,0,0,0,0,0,0,35,0,5,0,0,5,0,0,0,0,11,21,-10,13,-18,-60,0.61,79.77,81.17,91.07,82.45,0,128,106,72,0,0,15,5,0,10,5
M16A_HUBROOM_PR.csv,2026-06-09 09:48,2026-06-09,09:48,3,3단계 ⭐확정,1,1→3,53,관심,M16HUB,23,M16HUB;M16A,"M16A(08:53,RA_sus+RB+RB_fast+SLA) → M16B(08:53,RA_sus+RB+RB_fast) → M16HUB(08:56,RC+RD) → M16(09:41,RB+RB_fast)",,,23,5,0,15,5,0,0,0,RA+RA_sus+RC,RA_sus,,RA_sus+RB_fast+SLA,RA_sus,6.94,2.63,2.79,2.79,2.79,-4,8,6,-42,-6,0.59,98.22,2,"6ABL6012,6ABL6032",14.04,0,14.33,8.96,0,34,11,35,18,0,"hot_area=M16HUB; S3확정; 발동: M16HUB[R-A'(AVGTOTALTIME1MIN=6.94분/기준9.0),R-A_sus,R-C'(역증가2개:6ABL6012,6ABL6032)]; M14[R-A_sus]; M16A[R-A_sus,R-B_fast(+27/10분),SLA(14.3%4분초과)]; M16B[R-A_sus]",10,5,0,0,8,0,0,0,0,0,5,0,0,0,0,0,0,0,0,0,0,0,0,0,0,0,0,0,5,0,5,0,0,5,0,0,0,5,0,0,0,0,0,0,0,48,0,5,0,0,4,0,0,0,0,10,18,-13,27,-19,-56,0.61,78.21,81.43,86.84,80.09,0,133,94,67,0,0,23,5,0,15,5
M16A_HUBROOM_PR.csv,2026-06-09 09:49,2026-06-09,09:49,1,1단계 조기경보,3,3→1,48,관심,M16HUB,23,M16HUB,"M16A(08:53,RA_sus+RB+RB_fast+SLA) → M16B(08:53,RA_sus+RB+RB_fast) → M16HUB(08:56,RC+RD) → M16(09:41,RB+RB_fast)",,,23,5,0,10,5,0,0,0,RA+RA_sus+RC,RA_sus,,RA_sus+SLA,RA_sus,11.84,2.48,3.05,2.82,2.58,-11,5,3,-45,-19,0.59,98.22,2,"6ABL6012,6ABL6032",14.69,0,14.50,7.76,0,34,11,38,21,0,"hot_area=M16HUB; S1조기경보; 발동: M16HUB[R-A'(AVGTOTALTIME1MIN=11.84분/기준9.0),R-A_sus,R-C'(역증가2개:6ABL6012,6ABL6032)]; M14[R-A_sus]; M16A[R-A_sus,SLA(14.5%4분초과)]; M16B[R-A_sus]",10,5,0,0,8,0,0,0,0,0,5,0,0,0,0,0,0,0,0,0,0,0,0,0,0,0,0,0,5,0,0,0,0,5,0,0,0,5,0,0,0,0,0,0,0,43,0,5,0,0,5,0,0,0,0,-2,9,-4,16,-23,-45,0.62,76.85,77.45,86.49,78.91,0,125,106,63,0,0,23,5,0,10,5
M16A_HUBROOM_PR.csv,2026-06-09 09:50,2026-06-09,09:50,1,1단계 조기경보,1,,58,관심,M16HUB,23,M16HUB,"M16A(08:53,RA_sus+RB+RB_fast+SLA) → M16B(08:53,RA_sus+RB+RB_fast) → M16HUB(08:56,RC+RD) → M16(09:41,RB+RB_fast)",,,23,10,0,10,5,0,0,0,RA+RA_sus+RC,RA_sus+SLA,,RA_sus+SLA,RA_sus,8.44,2.35,2.96,2.85,2.26,-9,2,-6,-67,-16,0,98.82,3,"6ABL6012,6ABL6031,6ABL0112",14.40,0,13.74,6.15,0,28,10,38,19,0,"hot_area=M16HUB; S1조기경보; 발동: M16HUB[R-A'(AVGTOTALTIME1MIN=8.44분/기준9.0),R-A_sus,R-C'(역증가3개:6ABL6012,6ABL6031,6ABL0112)]; M14[R-A_sus,SLA(14.4%4분초과)]; M16A[R-A_sus,SLA(13.7%4분초과)]; M16B[R-A_sus]",10,5,0,0,8,0,0,0,0,0,5,0,0,0,0,5,0,0,0,0,0,0,0,0,0,0,0,0,5,0,0,0,0,5,0,0,0,5,0,0,0,0,0,0,0,48,0,10,0,0,4,0,0,0,0,-5,-5,6,-14,-16,-46,0.66,76.75,78.25,87.90,79.06,0,140,90,44,0,0,23,10,0,10,5
M16A_HUBROOM_PR.csv,2026-06-09 09:51,2026-06-09,09:51,1,1단계 조기경보,1,,63,관심,M16HUB,23,M16HUB,"M16A(08:53,RA_sus+RB+RB_fast+SLA) → M16B(08:53,RA_sus+RB+RB_fast) → M16HUB(08:56,RC+RD) → M16(09:41,RB+RB_fast)",,,23,10,0,10,5,0,5,0,RA+RA_sus+RC,RA_sus+SLA,,RA_sus+SLA,RA_sus,4.22,2.36,3.53,2.79,2.43,4,14,-4,-96,-25,0,98.82,2,"6ABL6032,6ABL0112",14.74,0,13.45,8.84,0,33,14,34,17,0,"hot_area=M16HUB; S1조기경보; 발동: M16HUB[R-A'(AVGTOTALTIME1MIN=4.22분/기준9.0),R-A_sus,R-C'(역증가2개:6ABL6032,6ABL0112)]; M14[R-A_sus,SLA(14.7%4분초과)]; M16A[R-A_sus,SLA(13.4%4분초과)]; M16B[R-A_sus]; M16_PKT[R-A_sus]",10,5,0,0,8,0,0,0,0,0,5,0,0,0,0,5,0,0,0,0,0,0,0,0,0,0,0,0,5,0,0,0,0,5,0,0,0,5,0,0,0,0,0,0,0,53,0,10,0,0,4,0,0,0,0,12,9,5,-42,-20,-37,0.69,81.42,75.60,88.48,79.35,0,129,101,74,0,0,23,10,0,10,5
M16A_HUBROOM_PR.csv,2026-06-09 09:52,2026-06-09,09:52,1,1단계 조기경보,1,,70,경계,M16HUB,22,M16HUB;M14,"M16A(08:53,RA_sus+RB+RB_fast+SLA) → M16B(08:53,RA_sus+RB+RB_fast) → M16HUB(08:56,RC+RD) → M16(09:41,RB+RB_fast) → M14(09:52,RA_sus+RC+SLA)",,,22,18,0,10,5,0,5,0,RA+RA_sus+RD,RA_sus+RC+SLA,,RA_sus+SLA,RA_sus,11.87,2.81,2.96,2.68,2.50,27,14,-10,-108,-21,0,99.41,0,,15.04,0,13.47,8.87,0,34,14,37,20,0,"hot_area=M16HUB; S1조기경보; 발동: M16HUB[R-A'(AVGTOTALTIME1MIN=11.87분/기준9.0),R-A_sus,R-D(FAB저장=0.0%,STB=99.4%)]; M14[R-A_sus,R-C'(CNV쏠림),SLA(15.0%4분초과)]; M16A[R-A_sus,SLA(13.5%4분초과)]; M16B[R-A_sus]; M16_PKT[R-A_sus]",10,5,0,0,0,7,0,0,0,0,5,0,0,8,0,5,0,0,0,0,0,0,0,0,0,0,0,0,5,0,0,0,0,5,0,0,0,5,0,0,0,0,0,0,0,60,0,10,0,0,5,0,0,0,0,17,-16,5,-55,-8,-50,0.71,83.66,73.87,86.84,79.50,0,137,90,67,0,0,22,18,0,10,5
M16A_HUBROOM_PR.csv,2026-06-09 09:53,2026-06-09,09:53,3,3단계 ⭐확정,1,1→3,92,주의,M16HUB,22,M16HUB,"M16A(08:53,RA_sus+RB+RB_fast+SLA) → M16B(08:53,RA_sus+RB+RB_fast) → M16HUB(08:56,RC+RD) → M16(09:41,RB+RB_fast) → M14(09:52,RA_sus+RC+SLA)",M16A_2F_TO_HUB=3.0x(심각);M16B_10F_TO_HUB=1.7x(주의),,22,5,0,10,10,0,5,0,RA+RA_sus+RD,RA_sus,,RA_sus+SLA,RA_sus+RB_fast,5.83,2.73,2.93,2.80,2.37,35,39,-7,-102,8,0.59,99.41,0,,14.74,0,13.46,7.77,0,32,13,34,16,0,"hot_area=M16HUB; S3확정; 발동: M16HUB[R-A'(AVGTOTALTIME1MIN=5.83분/기준9.0),R-A_sus,R-D(FAB저장=0.6%,STB=99.4%)]; M14[R-A_sus]; M16A[R-A_sus,SLA(13.5%4분초과)]; M16B[R-A_sus,R-B_fast(+22/10분)]; M16_PKT[R-A_sus]; 흐름:M16A_2F_TO_HUB=3.0x(심각);M16B_10F_TO_HUB=1.7x(주의)",10,5,0,0,0,7,0,0,0,0,5,0,0,0,0,0,0,0,0,0,0,0,0,0,0,0,0,0,5,0,0,0,0,5,0,0,0,5,0,5,0,0,0,0,0,52,35,5,0,0,4,0,0,0,0,2,-7,0,-55,22,-75,0.65,85.70,75.86,88.13,84.07,0,135,98,65,0,0,22,5,0,10,10
M16A_HUBROOM_PR.csv,2026-06-09 09:54,2026-06-09,09:54,3,3단계 ⭐확정,3,,57,관심,M16HUB,17,M16HUB,"M16A(08:54,RA_sus+RB_fast+SLA) → M16B(08:54,RA_sus+RB) → M16HUB(08:56,RC+RD) → M16(09:41,RB+RB_fast) → M14(09:52,RA_sus+RC+SLA)",M16A_2F_TO_HUB=2.8x(위험);M16B_10F_TO_HUB=1.6x(주의),,17,5,0,5,10,0,0,0,RA+RD,RA_sus,,RA_sus,RA_sus+RB_fast,5.30,2.59,2.90,2.80,2.66,48,47,-3,-104,17,0,100.00,0,,14.86,0,12.73,8.49,0,34,13,37,17,0,"hot_area=M16HUB; S3확정; 발동: M16HUB[R-A'(AVGTOTALTIME1MIN=5.30분/기준9.0),R-D(FAB저장=0.0%,STB=100.0%)]; M14[R-A_sus]; M16A[R-A_sus]; M16B[R-A_sus,R-B_fast(+24/10분)]; 흐름:M16A_2F_TO_HUB=2.8x(위험);M16B_10F_TO_HUB=1.6x(주의)",10,0,0,0,0,7,0,0,0,0,5,0,0,0,0,0,0,0,0,0,0,0,0,0,0,0,0,0,5,0,0,0,0,0,0,0,0,5,0,5,0,0,0,0,0,37,20,0,0,0,4,0,0,0,0,1,-14,6,-58,24,-65,0.67,81.03,76.26,88.60,83.04,0,123,82,64,0,0,17,5,0,5,10
M16A_HUBROOM_PR.csv,2026-06-09 09:55,2026-06-09,09:55,3,3단계 ⭐확정,3,,87,주의,M16B,20,M16HUB;M16B,"M16A(08:55,RA_sus+RB_fast+SLA) → M16HUB(08:56,RC+RD) → M16B(09:18,RA_sus+RB_fast+SLA) → M16(09:41,RB+RB_fast) → M14(09:52,RA_sus+RC+SLA)",M16A_2F_TO_HUB=2.7x(위험);M16B_10F_TO_HUB=1.9x(주의),,17,10,0,10,20,0,0,0,RA+RD,RA_sus+SLA,,RA_sus+SLA,RA_sus+RB+RB_fast,9.71,2.89,3.19,2.77,2.49,18,31,-7,-117,31,0,100.00,0,,15.46,0,13.76,8.50,0,33,13,33,15,0,"hot_area=M16B; S3확정; 발동: M16HUB[R-A'(AVGTOTALTIME1MIN=9.71분/기준9.0),R-D(FAB저장=0.0%,STB=100.0%)]; M14[R-A_sus,SLA(15.5%4분초과)]; M16A[R-A_sus,SLA(13.8%4분초과)]; M16B[R-A_sus,R-B(10F_TO_HUB_JOB+31/30분/기준+30),R-B_fast(+15/10분)]; 흐름:M16A_2F_TO_HUB=2.7x(위험);M16B_10F_TO_HUB=1.9x(주의)",10,0,0,0,0,7,0,0,0,0,5,0,0,0,0,5,0,0,0,0,0,0,0,0,0,0,0,0,5,0,0,0,0,5,0,0,0,5,10,5,0,0,0,0,0,57,20,10,0,0,5,0,0,0,0,-8,-16,-2,-83,15,-55,0.66,77.72,77.19,91.30,87.02,0,149,100,72,0,0,17,10,0,10,20
M16A_HUBROOM_PR.csv,2026-06-09 09:56,2026-06-09,09:56,3,3단계 ⭐확정,3,,67,경계,M16HUB,17,M16HUB,"M16HUB(08:56,RC+RD) → M16A(08:56,RA_sus+RB_fast+SLA) → M16B(09:18,RA_sus+RB_fast+SLA) → M16(09:41,RB+RB_fast) → M14(09:52,RA_sus+RC+SLA)",M16A_2F_TO_HUB=2.7x(위험);M16B_10F_TO_HUB=1.6x(주의),,17,5,0,10,10,0,0,0,RA+RD,RA_sus,,RA_sus+SLA,RA_sus+RB_fast,5.87,2.76,3.54,2.72,2.72,38,30,-4,-103,27,0,99.41,0,,15.29,0,14.51,8.84,0,35,15,50,15,0,"hot_area=M16HUB; S3확정; 발동: M16HUB[R-A'(AVGTOTALTIME1MIN=5.87분/기준9.0),R-D(FAB저장=0.0%,STB=99.4%)]; M14[R-A_sus]; M16A[R-A_sus,SLA(14.5%4분초과)]; M16B[R-A_sus,R-B_fast(+10/10분)]; 흐름:M16A_2F_TO_HUB=2.7x(위험);M16B_10F_TO_HUB=1.6x(주의)",10,0,0,0,0,7,0,0,0,0,5,0,0,0,0,0,0,0,0,0,0,0,0,0,0,0,0,0,5,0,0,0,0,5,0,0,0,5,0,5,0,0,0,0,0,42,20,5,0,0,4,0,0,0,0,3,-12,-8,-60,10,-48,0.65,80.06,77.98,94.01,82.60,0,133,94,67,0,0,17,5,0,10,10
M16A_HUBROOM_PR.csv,2026-06-09 09:57,2026-06-09,09:57,3,3단계 ⭐확정,3,,92,주의,M16B,20,M16HUB;M16B;M16,"M16HUB(08:57,RC+RD) → M16A(08:57,RA_sus+RB_fast+SLA) → M16B(09:18,RA_sus+RB_fast+SLA) → M16(09:41,RB+RB_fast) → M14(09:52,RA_sus+RC+SLA)",M16A_2F_TO_HUB=2.5x(위험);M16B_10F_TO_HUB=1.9x(주의),,17,5,0,10,20,15,0,0,RA+RD,RA_sus,,RA_sus+SLA,RA_sus+RB+RB_fast,11.00,2.85,2.89,2.98,2.40,51,45,12,-89,35,0,99.41,1,6ABL6021,15.54,0,14.74,8.53,0,33,13,38,15,0,"hot_area=M16B; S3확정; 발동: M16HUB[R-A'(AVGTOTALTIME1MIN=11.00분/기준9.0),R-D(FAB저장=0.0%,STB=99.4%)]; M14[R-A_sus]; M16A[R-A_sus,SLA(14.7%4분초과)]; M16B[R-A_sus,R-B(10F_TO_HUB_JOB+35/30분/기준+30),R-B_fast(+21/10분)]; M16[R-B(SENDQUEUETOTAL+45/30분/기준+20),R-B_fast(+13/10분)]; 흐름:M16A_2F_TO_HUB=2.5x(위험);M16B_10F_TO_HUB=1.9x(주의)",10,0,0,0,0,7,0,0,0,0,5,0,0,0,0,0,0,0,0,0,0,0,0,0,0,0,0,0,5,0,0,0,0,5,0,0,0,5,10,5,0,0,0,0,0,67,20,5,0,0,4,0,0,0,0,6,4,2,-37,21,-47,0.61,78.89,81.03,93.07,85.55,0,140,101,70,0,0,17,5,0,10,20
M16A_HUBROOM_PR.csv,2026-06-09 09:58,2026-06-09,09:58,3,3단계 ⭐확정,3,,95,주의,M16HUB,25,M16HUB;M16B,"M16A(08:58,RA_sus+RB+RB_fast+SLA) → M16HUB(09:16,RA+RA_sus) → M16B(09:18,RA_sus+RB_fast+SLA) → M16(09:41,RB+RB_fast) → M14(09:52,RA_sus+RC+SLA)",M16A_2F_TO_HUB=2.3x(위험);M16B_10F_TO_HUB=1.6x(주의),,25,10,0,10,20,0,0,0,RA+RC+RD,RA_sus+SLA,,RA_sus+SLA,RA_sus+RB+RB_fast,5.36,2.57,2.76,2.95,2.73,54,48,13,-96,34,0,99.41,2,"6ABL6012,6ABL6032",16.52,0,14.87,8.83,0,34,14,33,15,0,"hot_area=M16HUB; S3확정; 발동: M16HUB[R-A'(AVGTOTALTIME1MIN=5.36분/기준9.0),R-C'(역증가2개:6ABL6012,6ABL6032),R-D(FAB저장=0.0%,STB=99.4%)]; M14[R-A_sus,SLA(16.5%4분초과)]; M16A[R-A_sus,SLA(14.9%4분초과)]; M16B[R-A_sus,R-B(10F_TO_HUB_JOB+34/30분/기준+30),R-B_fast(+19/10분)]; 흐름:M16A_2F_TO_HUB=2.3x(위험);M16B_10F_TO_HUB=1.6x(주의)",10,0,0,0,8,7,0,0,0,0,5,0,0,0,0,5,0,0,0,0,0,0,0,0,0,0,0,0,5,0,0,0,0,5,0,0,0,5,10,5,0,0,0,0,0,65,20,10,0,0,4,0,0,0,0,12,9,-2,-43,19,-43,0.60,78.21,81.70,91.77,81.27,0,155,91,65,0,0,25,10,0,10,20
M16A_HUBROOM_PR.csv,2026-06-09 09:59,2026-06-09,09:59,3,3단계 ⭐확정,3,,95,주의,M16HUB,30,M16HUB;M16B;M16,"M16A(08:59,RA_sus+RB_fast+SLA) → M16HUB(09:16,RA+RA_sus) → M16B(09:18,RA_sus+RB_fast+SLA) → M16(09:41,RB+RB_fast) → M14(09:52,RA_sus+RC+SLA)",M16A_2F_TO_HUB=2.0x(주의);M16B_10F_TO_HUB=1.9x(주의),,30,5,0,10,20,15,0,0,RA+RA_sus+RC+RD,RA_sus,,RA_sus+SLA,RA_sus+RB+RB_fast,13.82,2.75,3.00,2.95,2.59,53,52,12,-67,43,0,99.41,2,"6ABL6012,6ABL6032",17.20,0,15.67,7.47,0,31,12,34,12,0,"hot_area=M16HUB; S3확정; 발동: M16HUB[R-A'(AVGTOTALTIME1MIN=13.82분/기준9.0),R-A_sus,R-C'(역증가2개:6ABL6012,6ABL6032),R-D(FAB저장=0.0%,STB=99.4%)]; M14[R-A_sus]; M16A[R-A_sus,SLA(15.7%4분초과)]; M16B[R-A_sus,R-B(10F_TO_HUB_JOB+43/30분/기준+30),R-B_fast(+31/10분)]; M16[R-B(SENDQUEUETOTAL+31/30분/기준+20),R-B_fast(+12/10분)]; 흐름:M16A_2F_TO_HUB=2.0x(주의);M16B_10F_TO_HUB=1.9x(주의)",10,5,0,0,8,7,0,0,0,0,5,0,0,0,0,0,0,0,0,0,0,0,0,0,0,0,0,0,5,0,0,0,0,5,0,0,0,5,10,5,0,0,0,0,0,80,10,5,0,0,4,0,0,0,0,17,14,4,-42,31,-24,0.60,78.89,87.14,90.83,83.48,0,144,105,60,0,0,30,5,0,10,20
M16A_HUBROOM_PR.csv,2026-06-09 10:00,2026-06-09,10:00,3,3단계 ⭐확정,3,,70,경계,M16HUB,25,M16HUB;M16B,"M16A(09:00,RA_sus+RB_fast+SLA) → M16HUB(09:16,RA+RA_sus) → M16B(09:18,RA_sus+RB_fast+SLA) → M16(09:41,RB+RB_fast) → M14(09:52,RA_sus+RC+SLA)",M16B_10F_TO_HUB=1.6x(주의),,25,5,0,10,20,0,0,0,RA+RC+RD,RA_sus,,RA_sus+SLA,RA_sus+RB+RB_fast,4.45,2.46,3.27,2.86,2.28,43,45,7,-51,37,0,99.41,4,"6ABL6011,6ABL6012,6ABL6032,6ABL0112",16.42,0,16.27,5.32,0,28,12,32,12,0,"hot_area=M16HUB; S3확정; 발동: M16HUB[R-A'(AVGTOTALTIME1MIN=4.45분/기준9.0),R-C'(역증가4개:6ABL6011,6ABL6012,6ABL6032,6ABL0112),R-D(FAB저장=0.0%,STB=99.4%)]; M14[R-A_sus]; M16A[R-A_sus,SLA(16.3%4분초과)]; M16B[R-A_sus,R-B(10F_TO_HUB_JOB+37/30분/기준+30),R-B_fast(+27/10분)]; 흐름:M16B_10F_TO_HUB=1.6x(주의)",10,0,0,0,8,7,0,0,0,0,5,0,0,0,0,0,0,0,0,0,0,0,0,0,0,0,0,0,5,0,0,0,0,5,0,0,0,5,10,5,0,0,0,0,0,60,5,5,0,0,4,0,0,0,0,17,17,6,-32,27,-34,0.63,79.57,87.53,89.66,85.10,0,156,96,38,0,0,25,5,0,10,20
M16A_HUBROOM_PR.csv,2026-06-09 10:01,2026-06-09,10:01,3,3단계 ⭐확정,3,,70,경계,M16B,20,M16HUB;M16B;M16,"M16A(09:01,RA_sus+RB_fast+SLA) → M16HUB(09:16,RA+RA_sus) → M16B(09:18,RA_sus+RB_fast+SLA) → M16(09:41,RB+RB_fast) → M14(09:52,RA_sus+RC+SLA)",,,15,5,0,10,20,15,0,0,RA+RA_sus,RA_sus,,RA_sus+SLA,RA_sus+RB+RB_fast,9.57,2.31,3.55,3.07,2.66,43,30,13,-21,32,0.59,98.82,0,,16.30,0,15.52,8.97,0,29,12,45,16,0,"hot_area=M16B; S3확정; 발동: M16HUB[R-A'(AVGTOTALTIME1MIN=9.57분/기준9.0),R-A_sus]; M14[R-A_sus]; M16A[R-A_sus,SLA(15.5%4분초과)]; M16B[R-A_sus,R-B(10F_TO_HUB_JOB+32/30분/기준+30),R-B_fast(+26/10분)]; M16[R-B(SENDQUEUETOTAL+29/30분/기준+20),R-B_fast(+36/10분)]",10,5,0,0,0,0,0,0,0,0,5,0,0,0,0,0,0,0,0,0,0,0,0,0,0,0,0,0,5,0,0,0,0,5,0,0,0,5,10,5,0,0,0,0,0,65,0,5,0,0,5,0,0,0,0,3,-3,6,-4,26,-44,0.67,78.21,87.53,91.89,83.92,0,139,113,74,0,0,15,5,0,10,20
M16A_HUBROOM_PR.csv,2026-06-09 10:02,2026-06-09,10:02,3,3단계 ⭐확정,3,,40,관심,M16HUB,10,,"M16A(09:02,RA_sus+RB+RB_fast+SLA) → M16HUB(09:16,RA+RA_sus) → M16B(09:18,RA_sus+RB_fast+SLA) → M16(09:41,RB+RB_fast) → M14(09:52,RA_sus+RC+SLA)",,,10,5,0,10,10,0,0,0,RA,RA_sus,,RA_sus+SLA,RA_sus+RB_fast,4.84,2.57,3.28,2.62,2.77,37,33,6,-22,24,0.59,98.82,1,6ABL0112,16.08,0,15.62,9.05,0,30,10,43,15,0,"hot_area=M16HUB; S3확정; 발동: M16HUB[R-A'(AVGTOTALTIME1MIN=4.84분/기준9.0)]; M14[R-A_sus]; M16A[R-A_sus,SLA(15.6%4분초과)]; M16B[R-A_sus,R-B_fast(+17/10분)]",10,0,0,0,0,0,0,0,0,0,5,0,0,0,0,0,0,0,0,0,0,0,0,0,0,0,0,0,5,0,0,0,0,5,0,0,0,5,0,5,0,0,0,0,0,35,0,5,0,0,4,0,0,0,0,-26,-3,4,1,17,-35,0.69,78.79,87.27,89.42,79.35,0,151,102,67,0,0,10,5,0,10,10
M16A_HUBROOM_PR.csv,2026-06-09 10:03,2026-06-09,10:03,3,3단계 ⭐확정,3,,93,주의,M16HUB,23,M16HUB;M16A;M16,"M16A(09:03,RA_sus+RB+RB_fast+SLA) → M16HUB(09:16,RA+RA_sus) → M16B(09:18,RA_sus+RB_fast+SLA) → M16(09:41,RB+RB_fast) → M14(09:52,RA_sus+RC+SLA)",,,23,10,0,15,10,15,5,0,RA+RA_sus+RC,RA_sus+SLA,,RA_sus+RB_fast+SLA,RA_sus+SLA,6.57,2.59,2.92,2.97,2.44,29,25,4,16,20,0.59,98.82,3,"6ABL6022,6ABL0112,6ABL0122",15.91,0,14.95,10.43,0,33,14,36,16,0,"hot_area=M16HUB; S3확정; 발동: M16HUB[R-A'(AVGTOTALTIME1MIN=6.57분/기준9.0),R-A_sus,R-C'(역증가3개:6ABL6022,6ABL0112,6ABL0122)]; M14[R-A_sus,SLA(15.9%4분초과)]; M16A[R-A_sus,R-B_fast(+37/10분),SLA(14.9%4분초과)]; M16B[R-A_sus,SLA(10.4%4분초과)]; M16[R-B(SENDQUEUETOTAL+32/30분/기준+20),R-B_fast(+48/10분)]; M16_PKT[R-A_sus]",10,5,0,0,8,0,0,0,0,0,5,0,0,0,0,5,0,0,0,0,0,0,0,0,0,0,0,0,5,0,5,0,0,5,0,0,0,5,0,0,0,0,5,0,0,78,0,15,0,0,4,0,0,0,0,-11,-17,8,37,-7,-15,0.66,77.92,88.99,88.72,81.12,0,155,110,85,0,0,23,10,0,15,10
M16A_HUBROOM_PR.csv,2026-06-09 10:04,2026-06-09,10:04,3,3단계 ⭐확정,3,,48,관심,M16HUB,18,M16HUB;M16A,"M16A(09:04,RA_sus+RB+RB_fast+SLA) → M16HUB(09:16,RA+RA_sus) → M16B(09:18,RA_sus+RB_fast+SLA) → M16(09:41,RB+RB_fast) → M14(09:52,RA_sus+RC+SLA)",,,18,5,0,15,5,0,0,0,RA+RC,RA_sus,,RA_sus+RB_fast+SLA,RA_sus,5.01,2.62,3.18,2.77,2.95,18,20,6,23,15,1.18,98.82,5,"6ABL6012,6ABL6032,6ABL0111,6ABL0112,6ABL0122",15.74,0,14.94,10.61,0,35,13,35,13,0,"hot_area=M16HUB; S3확정; 발동: M16HUB[R-A'(AVGTOTALTIME1MIN=5.01분/기준9.0),R-C'(역증가5개:6ABL6012,6ABL6032,6ABL0111,6ABL0112,6ABL0122)]; M14[R-A_sus]; M16A[R-A_sus,R-B_fast(+48/10분),SLA(14.9%4분초과)]; M16B[R-A_sus]",10,0,0,0,8,0,0,0,0,0,5,0,0,0,0,0,0,0,0,0,0,0,0,0,0,0,0,0,5,0,5,0,0,5,0,0,0,5,0,0,0,0,0,0,0,43,0,5,0,0,4,0,0,0,0,-29,-18,3,48,-10,-13,0.68,77.72,86.47,88.72,85.10,0,136,101,78,0,0,18,5,0,15,5
M16A_HUBROOM_PR.csv,2026-06-09 10:05,2026-06-09,10:05,3,3단계 ⭐확정,3,,85,주의,M16HUB,30,M16HUB;M16A;M16,"M16A(09:05,RA_sus+RB+RB_fast+SLA) → M16HUB(09:16,RA+RA_sus) → M16B(09:18,RA_sus+RB_fast+SLA) → M16(09:41,RB+RB_fast) → M14(09:52,RA_sus+RC+SLA)",,,30,5,0,15,10,15,0,0,RA+RA_sus+RC+RD,RA_sus,,RA_sus+RB_fast+SLA,RA_sus+SLA,8.52,2.73,3.27,2.93,2.67,25,25,11,8,-2,0.59,99.41,3,"6ABL6032,6ABL0111,6ABL0122",14.62,0,14.74,11.37,0,33,16,43,23,0,"hot_area=M16HUB; S3확정; 발동: M16HUB[R-A'(AVGTOTALTIME1MIN=8.52분/기준9.0),R-A_sus,R-C'(역증가3개:6ABL6032,6ABL0111,6ABL0122),R-D(FAB저장=0.6%,STB=99.4%)]; M14[R-A_sus]; M16A[R-A_sus,R-B_fast(+28/10분),SLA(14.7%4분초과)]; M16B[R-A_sus,SLA(11.4%4분초과)]; M16[R-B(SENDQUEUETOTAL+28/30분/기준+20),R-B_fast(+21/10분)]",10,5,0,0,8,7,0,0,0,0,5,0,0,0,0,0,0,0,0,0,0,0,0,0,0,0,0,0,5,0,5,0,0,5,0,0,0,5,0,0,0,0,5,0,0,75,0,10,0,0,3,0,0,0,0,-2,-3,11,28,-17,-24,0.70,81.23,88.99,88.95,88.79,0,142,112,93,0,0,30,5,0,15,10
M16A_HUBROOM_PR.csv,2026-06-09 10:06,2026-06-09,10:06,3,3단계 ⭐확정,3,,75,경계,M16HUB,25,M16HUB;M16A,"M16A(09:06,RA_sus+RB+RB_fast) → M16HUB(09:16,RA+RA_sus) → M16B(09:18,RA_sus+RB_fast+SLA) → M16(09:41,RB+RB_fast) → M14(09:52,RA_sus+RC+SLA)",,,25,5,0,25,10,0,0,0,RA+RC+RD,RA_sus,,RA+RA_sus+RB_fast+SLA,RA_sus+SLA,5.28,2.53,3.59,3.35,2.73,45,27,4,26,-10,0.59,99.41,3,"6ABL6032,6ABL0111,6ABL0122",14.33,0,14.49,12.33,0,33,15,36,16,0,"hot_area=M16HUB; S3확정; 발동: M16HUB[R-A'(AVGTOTALTIME1MIN=5.28분/기준9.0),R-C'(역증가3개:6ABL6032,6ABL0111,6ABL0122),R-D(FAB저장=0.6%,STB=99.4%)]; M14[R-A_sus]; M16A[R-A'(AVGLOADTIME1MIN=3.35분/기준3.2),R-A_sus,R-B_fast(+34/10분),SLA(14.5%4분초과)]; M16B[R-A_sus,SLA(12.3%4분초과)]",10,0,0,0,8,7,0,0,0,0,5,0,0,0,0,0,0,0,0,0,0,0,0,0,0,0,0,10,5,0,5,0,0,5,0,0,0,5,0,0,0,0,5,0,0,65,0,10,0,0,3,0,0,1,0,5,0,13,34,-12,-32,0.68,81.32,86.07,88.25,88.94,0,125,99,90,0,0,25,5,0,25,10
M16A_HUBROOM_PR.csv,2026-06-09 10:07,2026-06-09,10:07,3,3단계 ⭐확정,3,,80,주의,M16HUB,25,M16HUB;M16A,"M16A(09:07,RA_sus+RB+RB_fast+SLA) → M16HUB(09:16,RA+RA_sus) → M16B(09:18,RA_sus+RB_fast+SLA) → M16(09:41,RB+RB_fast) → M14(09:52,RA_sus+RC+SLA)",M16B_10F_TO_HUB=1.5x(주의),,25,5,0,25,10,0,0,0,RA+RC+RD,RA_sus,,RA+RA_sus+RB_fast+SLA,RA_sus+SLA,4.17,2.72,2.94,2.67,2.57,13,24,-5,21,4,0.59,99.41,2,"6ABL0111,6ABL0122",14.75,0,15.27,12.13,0,33,14,38,15,0,"hot_area=M16HUB; S3확정; 발동: M16HUB[R-A'(AVGTOTALTIME1MIN=4.17분/기준9.0),R-C'(역증가2개:6ABL0111,6ABL0122),R-D(FAB저장=0.6%,STB=99.4%)]; M14[R-A_sus]; M16A[R-A'(AVGLOADTIME1MIN=2.67분/기준3.2),R-A_sus,R-B_fast(+45/10분),SLA(15.3%4분초과)]; M16B[R-A_sus,SLA(12.1%4분초과)]; 흐름:M16B_10F_TO_HUB=1.5x(주의)",10,0,0,0,8,7,0,0,0,0,5,0,0,0,0,0,0,0,0,0,0,0,0,0,0,0,0,10,5,0,5,0,0,5,0,0,0,5,0,0,0,0,5,0,0,65,5,10,0,0,2,0,0,1,0,-4,-1,3,45,1,-14,0.65,79.57,86.60,90.25,89.09,0,133,111,99,0,0,25,5,0,25,10
M16A_HUBROOM_PR.csv,2026-06-09 10:08,2026-06-09,10:08,3,3단계 ⭐확정,3,,80,주의,M16HUB,25,M16HUB;M16A,"M16A(09:08,RA_sus+RB+RB_fast+SLA) → M16HUB(09:16,RA+RA_sus) → M16B(09:18,RA_sus+RB_fast+SLA) → M16(09:41,RB+RB_fast) → M14(09:52,RA_sus+RC+SLA)",M16B_10F_TO_HUB=1.7x(주의),,25,5,0,25,10,5,0,0,RA+RC+RD,RA_sus,,RA+RA_sus+RB_fast+SLA,RA_sus+RB_fast,9.05,2.87,3.11,3.14,2.48,13,21,-14,45,13,0,100.00,3,"6ABL0111,6ABL0112,6ABL0122",14.19,0,14.76,9.97,0,35,14,36,15,0,"hot_area=M16HUB; S3확정; 발동: M16HUB[R-A'(AVGTOTALTIME1MIN=9.05분/기준9.0),R-C'(역증가3개:6ABL0111,6ABL0112,6ABL0122),R-D(FAB저장=0.0%,STB=100.0%)]; M14[R-A_sus]; M16A[R-A'(AVGLOADTIME1MIN=3.14분/기준3.2),R-A_sus,R-B_fast(+61/10분),SLA(14.8%4분초과)]; M16B[R-A_sus,R-B_fast(+13/10분)]; M16[R-B_fast(+10/10분)]; 흐름:M16B_10F_TO_HUB=1.7x(주의)",10,0,0,0,8,7,0,0,0,0,5,0,0,0,0,0,0,0,0,0,0,0,0,0,0,0,0,10,5,0,5,0,0,5,0,0,0,5,0,5,0,0,0,0,0,70,5,5,0,0,3,0,0,1,0,-9,-6,1,61,13,-15,0.65,78.50,85.68,88.84,84.37,0,133,97,72,0,0,25,5,0,25,10
M16A_HUBROOM_PR.csv,2026-06-09 10:09,2026-06-09,10:09,3,3단계 ⭐확정,3,,90,주의,M16HUB,30,M16HUB;M16A;M16B,"M16A(09:09,RA_sus+RB+RB_fast+SLA) → M16HUB(09:16,RA+RA_sus) → M16B(09:18,RA_sus+RB_fast+SLA) → M16(09:41,RB+RB_fast) → M14(09:52,RA_sus+RC+SLA)",M16B_10F_TO_HUB=2.0x(주의),,30,5,0,25,15,0,0,0,RA+RA_sus+RC+RD,RA_sus,,RA+RA_sus+RB_fast+SLA,RA_sus+RB_fast+SLA,6.25,2.58,3.04,2.85,2.48,1,11,-9,64,19,0,100.00,2,"6ABL0111,6ABL0122",14.57,0,14.75,10.74,0,30,14,34,15,0,"hot_area=M16HUB; S3확정; 발동: M16HUB[R-A'(AVGTOTALTIME1MIN=6.25분/기준9.0),R-A_sus,R-C'(역증가2개:6ABL0111,6ABL0122),R-D(FAB저장=0.0%,STB=100.0%)]; M14[R-A_sus]; M16A[R-A'(AVGLOADTIME1MIN=2.85분/기준3.2),R-A_sus,R-B_fast(+90/10분),SLA(14.8%4분초과)]; M16B[R-A_sus,R-B_fast(+11/10분),SLA(10.7%4분초과)]; 흐름:M16B_10F_TO_HUB=2.0x(주의)",10,5,0,0,8,7,0,0,0,0,5,0,0,0,0,0,0,0,0,0,0,0,0,0,0,0,0,10,5,0,5,0,0,5,0,0,0,5,0,5,0,0,5,0,0,75,5,10,0,0,2,0,0,1,0,-14,-12,-9,90,11,-12,0.67,81.42,83.69,90.95,82.60,0,123,104,86,0,0,30,5,0,25,15
M16A_HUBROOM_PR.csv,2026-06-09 10:10,2026-06-09,10:10,3,3단계 ⭐확정,3,,77,경계,M16A,25,M16HUB;M16A,"M16A(09:10,RA_sus+RB+RB_fast+SLA) → M16HUB(09:16,RA+RA_sus) → M16B(09:18,RA_sus+RB_fast+SLA) → M16(09:41,RB+RB_fast) → M14(09:52,RA_sus+RC+SLA)",M16B_10F_TO_HUB=1.7x(주의),,22,5,0,25,10,0,0,0,RA+RA_sus+RD,RA_sus,,RA+RA_sus+RB_fast+SLA,RA_sus+SLA,7.21,2.57,3.24,2.88,2.26,-3,10,1,51,20,0,99.41,4,"6ABL6021,6ABL6022,6ABL6032,6ABL0122",14.71,0,15.53,8.79,0,31,15,44,22,0,"hot_area=M16A; S3확정; 발동: M16HUB[R-A'(AVGTOTALTIME1MIN=7.21분/기준9.0),R-A_sus,R-D(FAB저장=0.0%,STB=99.4%)]; M14[R-A_sus]; M16A[R-A'(AVGLOADTIME1MIN=2.88분/기준3.2),R-A_sus,R-B_fast(+97/10분),SLA(15.5%4분초과)]; M16B[R-A_sus,SLA(8.8%4분초과)]; 흐름:M16B_10F_TO_HUB=1.7x(주의)",10,5,0,0,0,7,0,0,0,0,5,0,0,0,0,0,0,0,0,0,0,0,0,0,0,0,0,10,5,0,5,0,0,5,0,0,0,5,0,0,0,0,5,0,0,62,5,10,0,0,2,0,0,1,0,-15,-2,-11,97,9,3,0.69,80.64,85.41,91.77,81.71,0,144,96,63,0,0,22,5,0,25,10
M16A_HUBROOM_PR.csv,2026-06-09 10:11,2026-06-09,10:11,3,3단계 ⭐확정,3,,90,주의,M16HUB,30,M16HUB;M16A;M16B,"M16A(09:11,RA_sus+RB+SLA) → M16HUB(09:16,RA+RA_sus) → M16B(09:18,RA_sus+RB_fast+SLA) → M16(09:41,RB+RB_fast) → M14(09:52,RA_sus+RC+SLA)",M16B_10F_TO_HUB=1.7x(주의),,30,5,0,25,15,0,0,0,RA+RA_sus+RC+RD,RA_sus,,RA+RA_sus+RB_fast+SLA,RA_sus+RB_fast+SLA,7.23,2.83,3.32,2.79,2.94,-3,3,1,41,26,0.59,99.41,5,"6ABL6021,6ABL6022,6ABL0111,6ABL0121,6ABL0122",14.45,0,14.44,11.45,0,34,17,33,14,0,"hot_area=M16HUB; S3확정; 발동: M16HUB[R-A'(AVGTOTALTIME1MIN=7.23분/기준9.0),R-A_sus,R-C'(역증가5개:6ABL6021,6ABL6022,6ABL0111,6ABL0121,6ABL0122),R-D(FAB저장=0.6%,STB=99.4%)]; M14[R-A_sus]; M16A[R-A'(AVGLOADTIME1MIN=2.79분/기준3.2),R-A_sus,R-B_fast(+87/10분),SLA(14.4%4분초과)]; M16B[R-A_sus,R-B_fast(+20/10분),SLA(11.4%4분초과)]; 흐름:M16B_10F_TO_HUB=1.7x(주의)",10,5,0,0,8,7,0,0,0,0,5,0,0,0,0,0,0,0,0,0,0,0,0,0,0,0,0,10,5,0,5,0,0,5,0,0,0,5,0,5,0,0,5,0,0,75,5,10,0,0,1,0,0,1,0,-18,-3,-10,87,20,-9,0.69,78.89,85.68,92.01,87.91,0,126,104,97,0,0,30,5,0,25,15
M16A_HUBROOM_PR.csv,2026-06-09 10:12,2026-06-09,10:12,3,3단계 ⭐확정,3,,85,주의,M16A,25,M16HUB;M16A;M16B,"M16A(09:13,RA_sus+RB+SLA) → M16HUB(09:16,RA+RA_sus) → M16B(09:18,RA_sus+RB_fast+SLA) → M16(09:41,RB+RB_fast) → M14(09:52,RA_sus+RC+SLA)",,,22,13,0,25,15,0,0,0,RA+RA_sus+RD,RA_sus+RC,,RA+RA_sus+RB_fast+SLA,RA_sus+RB_fast+SLA,6.84,2.38,3.15,3.01,2.95,-7,-2,0,35,28,0.59,99.41,6,"6ABL6012,6ABL6022,6ABL6032,6ABL0111,6ABL0112,6ABL0122",14.33,0,14.59,11.51,0,32,13,33,16,0,"hot_area=M16A; S3확정; 발동: M16HUB[R-A'(AVGTOTALTIME1MIN=6.84분/기준9.0),R-A_sus,R-D(FAB저장=0.6%,STB=99.4%)]; M14[R-A_sus,R-C'(CNV쏠림)]; M16A[R-A'(AVGLOADTIME1MIN=3.01분/기준3.2),R-A_sus,R-B_fast(+89/10분),SLA(14.6%4분초과)]; M16B[R-A_sus,R-B_fast(+19/10분),SLA(11.5%4분초과)]",10,5,0,0,0,7,0,0,0,0,5,0,0,8,0,0,0,0,0,0,0,0,0,0,0,0,0,10,5,0,5,0,0,5,0,0,0,5,0,5,0,0,5,0,0,75,0,10,0,0,1,0,0,1,0,2,17,-9,89,19,10,0.71,80.54,82.36,90.95,87.76,0,133,95,87,0,0,22,13,0,25,15
M16A_HUBROOM_PR.csv,2026-06-09 10:13,2026-06-09,10:13,3,3단계 ⭐확정,3,,75,경계,M16A,25,M16HUB;M16A,"M16HUB(09:16,RA+RA_sus) → M16A(09:16,RA_sus+RB+SLA) → M16B(09:18,RA_sus+RB_fast+SLA) → M16(09:41,RB+RB_fast) → M14(09:52,RA_sus+RC+SLA)",,,22,13,0,25,10,0,0,0,RA+RA_sus+RD,RA_sus+RC,,RA+RA_sus+RB_fast+SLA,RA_sus+RB_fast,4.39,2.86,3.09,2.67,2.48,-14,-5,-2,31,29,0.59,99.41,9,"6ABL6012,6ABL6021,6ABL6022,6ABL6031,6ABL6032,6ABL0111,6ABL0112,6ABL0121,6ABL0122",13.81,0,14.72,9.85,0,35,18,38,15,0,"hot_area=M16A; S3확정; 발동: M16HUB[R-A'(AVGTOTALTIME1MIN=4.39분/기준9.0),R-A_sus,R-D(FAB저장=0.6%,STB=99.4%)]; M14[R-A_sus,R-C'(CNV쏠림)]; M16A[R-A'(AVGLOADTIME1MIN=2.67분/기준3.2),R-A_sus,R-B_fast(+49/10분),SLA(14.7%4분초과)]; M16B[R-A_sus,R-B_fast(+14/10분)]",10,5,0,0,0,7,0,0,0,0,5,0,0,8,0,0,0,0,0,0,0,0,0,0,0,0,0,10,5,0,5,0,0,5,0,0,0,5,0,5,0,0,0,0,0,70,0,5,0,0,1,0,0,1,0,-5,19,-10,49,14,22,0.70,82.20,83.95,87.31,86.14,0,132,107,83,0,0,22,13,0,25,10
M16A_HUBROOM_PR.csv,2026-06-09 10:14,2026-06-09,10:14,3,3단계 ⭐확정,3,,62,관심,M16A,25,M16HUB;M16A,"M16HUB(09:17,RA+RA_sus) → M16A(09:17,RA_sus+RB+SLA) → M16B(09:18,RA_sus+RB_fast+SLA) → M16(09:41,RB+RB_fast) → M14(09:52,RA_sus+RC+SLA)",,,22,5,0,25,5,0,0,0,RA+RA_sus+RD,RA_sus,,RA+RA_sus+RB_fast+SLA,RA_sus,6.50,2.42,2.85,2.95,2.83,-28,-16,-4,38,19,0.59,99.41,5,"6ABL6012,6ABL6031,6ABL6032,6ABL0112,6ABL0122",14.37,0,14.16,9.95,0,35,16,36,18,0,"hot_area=M16A; S3확정; 발동: M16HUB[R-A'(AVGTOTALTIME1MIN=6.50분/기준9.0),R-A_sus,R-D(FAB저장=0.6%,STB=99.4%)]; M14[R-A_sus]; M16A[R-A'(AVGLOADTIME1MIN=2.95분/기준3.2),R-A_sus,R-B_fast(+48/10분),SLA(14.2%4분초과)]; M16B[R-A_sus]",10,5,0,0,0,7,0,0,0,0,5,0,0,0,0,0,0,0,0,0,0,0,0,0,0,0,0,10,5,0,5,0,0,5,0,0,0,5,0,0,0,0,0,0,0,57,0,5,0,0,1,0,0,1,0,0,16,-13,48,5,3,0.70,82.49,82.76,87.19,80.24,0,141,93,75,0,0,22,5,0,25,5
M16A_HUBROOM_PR.csv,2026-06-09 10:15,2026-06-09,10:15,3,3단계 ⭐확정,3,,78,경계,M16HUB,30,M16HUB;M16A,"M16HUB(09:18,RA+RA_sus) → M16A(09:18,RA_sus+RB+SLA) → M16B(09:18,RA_sus+RB_fast+SLA) → M16(09:41,RB+RB_fast) → M14(09:52,RA_sus+RC+SLA)",,,30,13,0,25,5,0,0,0,RA+RA_sus+RC+RD,RA_sus+RC,,RA+RA_sus+RB_fast+SLA,RA_sus,7.71,2.59,3.00,2.56,2.65,-29,-24,-7,9,-8,0,100.00,4,"6ABL6012,6ABL6031,6ABL6032,6ABL0112",14.56,0,14.07,10.95,0,32,12,32,20,0,"hot_area=M16HUB; S3확정; 발동: M16HUB[R-A'(AVGTOTALTIME1MIN=7.71분/기준9.0),R-A_sus,R-C'(역증가4개:6ABL6012,6ABL6031,6ABL6032,6ABL0112),R-D(FAB저장=0.0%,STB=100.0%)]; M14[R-A_sus,R-C'(CNV쏠림)]; M16A[R-A'(AVGLOADTIME1MIN=2.56분/기준3.2),R-A_sus,R-B_fast(+64/10분),SLA(14.1%4분초과)]; M16B[R-A_sus]",10,5,0,0,8,7,0,0,0,0,5,0,0,8,0,0,0,0,0,0,0,0,0,0,0,0,0,10,5,0,5,0,0,5,0,0,0,5,0,0,0,0,0,0,0,73,0,5,0,0,1,0,0,1,0,-19,-5,-16,64,-6,-6,0.70,80.93,82.76,87.54,76.99,0,128,101,96,0,0,30,13,0,25,5
M16A_HUBROOM_PR.csv,2026-06-09 10:16,2026-06-09,10:16,3,3단계 ⭐확정,3,,68,경계,M16HUB,30,M16HUB;M16A,"M16B(09:18,RA_sus+RB_fast+SLA) → M16HUB(09:19,RA+RA_sus+RB_fast) → M16A(09:19,RA_sus+RB+SLA) → M16(09:41,RB+RB_fast) → M14(09:52,RA_sus+RC+SLA)",,,30,13,0,15,5,0,0,0,RA+RA_sus+RC+RD,RA_sus+RC,,RA_sus+RB_fast+SLA,RA_sus,4.73,2.58,3.13,2.72,2.86,-33,-22,-10,30,-14,0,100.00,4,"6ABL6012,6ABL6021,6ABL6032,6ABL0121",13.43,0,13.88,11.05,0,33,13,36,20,0,"hot_area=M16HUB; S3확정; 발동: M16HUB[R-A'(AVGTOTALTIME1MIN=4.73분/기준9.0),R-A_sus,R-C'(역증가4개:6ABL6012,6ABL6021,6ABL6032,6ABL0121),R-D(FAB저장=0.0%,STB=100.0%)]; M14[R-A_sus,R-C'(CNV쏠림)]; M16A[R-A_sus,R-B_fast(+56/10분),SLA(13.9%4분초과)]; M16B[R-A_sus]",10,5,0,0,8,7,0,0,0,0,5,0,0,8,0,0,0,0,0,0,0,0,0,0,0,0,0,0,5,0,5,0,0,5,0,0,0,5,0,0,0,0,0,0,0,63,0,5,0,0,1,0,0,0,0,-41,-10,-15,56,-12,-7,0.71,81.71,82.76,89.66,80.09,0,125,89,87,0,0,30,13,0,15,5
M16A_HUBROOM_PR.csv,2026-06-09 10:17,2026-06-09,10:17,3,3단계 ⭐확정,3,,55,관심,M16HUB,17,M16HUB;M16A,"M16A(09:19,RA_sus+RB+SLA) → M16B(09:19,RA_sus+RB_fast+SLA) → M16HUB(09:20,RA+RA_sus) → M16(09:41,RB+RB_fast) → M14(09:52,RA_sus+RC+SLA)",,,17,13,0,15,5,0,0,0,RA+RD,RA_sus+RC,,RA_sus+RB_fast+SLA,RA_sus,4.31,2.55,2.99,2.73,2.68,-29,-15,-7,47,-21,0,100.00,5,"6ABL6012,6ABL6022,6ABL6031,6ABL0111,6ABL0112",14.25,0,14.50,9.48,0,34,13,39,21,0,"hot_area=M16HUB; S3확정; 발동: M16HUB[R-A'(AVGTOTALTIME1MIN=4.31분/기준9.0),R-D(FAB저장=0.0%,STB=100.0%)]; M14[R-A_sus,R-C'(CNV쏠림)]; M16A[R-A_sus,R-B_fast(+39/10분),SLA(14.5%4분초과)]; M16B[R-A_sus]",10,0,0,0,0,7,0,0,0,0,5,0,0,8,0,0,0,0,0,0,0,0,0,0,0,0,0,0,5,0,5,0,0,5,0,0,0,5,0,0,0,0,0,0,0,50,0,5,0,0,1,0,0,0,0,-31,-18,-12,39,-43,5,0.71,80.93,84.75,87.78,82.74,0,132,104,79,0,0,17,13,0,15,5
M16A_HUBROOM_PR.csv,2026-06-09 10:18,2026-06-09,10:18,3,3단계 ⭐확정,3,,42,관심,M16A,15,M16A,"M16B(09:19,RA_sus+RB_fast+SLA) → M16HUB(09:20,RA+RA_sus) → M16A(09:20,RA_sus+RB+SLA) → M16(09:41,RB+RB_fast) → M14(09:52,RA_sus+RC+SLA)",,,12,5,0,15,5,0,0,0,RA_sus+RD,RA_sus,,RA_sus+RB_fast+SLA,RA_sus,7.75,2.75,3.04,3.05,2.44,-34,-13,-12,48,-16,0,100.00,6,"6ABL6021,6ABL6022,6ABL6031,6ABL6032,6ABL0112,6ABL0121",14.93,0,13.84,8.19,0,38,13,35,19,0,"hot_area=M16A; S3확정; 발동: M16HUB[R-A_sus,R-D(FAB저장=0.0%,STB=100.0%)]; M14[R-A_sus]; M16A[R-A_sus,R-B_fast(+30/10분),SLA(13.8%4분초과)]; M16B[R-A_sus]",0,5,0,0,0,7,0,0,0,0,5,0,0,0,0,0,0,0,0,0,0,0,0,0,0,0,0,0,5,0,5,0,0,5,0,0,0,5,0,0,0,0,0,0,0,37,0,5,0,0,0,0,0,0,0,-37,-16,-11,30,-48,10,0.69,81.32,85.68,88.48,80.24,0,145,89,60,0,0,12,5,0,15,5
M16A_HUBROOM_PR.csv,2026-06-09 10:19,2026-06-09,10:19,1,1단계 조기경보,3,3→1,32,관심,M16A,10,,"M16B(09:19,RA_sus+RB_fast+SLA) → M16HUB(09:20,RA+RA_sus) → M16A(09:20,RA_sus+RB+SLA) → M16(09:41,RB+RB_fast) → M14(09:52,RA_sus+RC+SLA)",,,7,5,0,10,5,0,0,0,RD,RA_sus,,RA_sus+SLA,RA_sus,5.26,2.69,2.85,2.77,2.43,-28,-10,-7,25,-16,0,100.00,5,"6ABL6012,6ABL6021,6ABL6031,6ABL6032,6ABL0122",14.32,0,13.68,9.33,0,38,13,36,16,0,"hot_area=M16A; S1조기경보; 발동: M16HUB[R-D(FAB저장=0.0%,STB=100.0%)]; M14[R-A_sus]; M16A[R-A_sus,SLA(13.7%4분초과)]; M16B[R-A_sus]",0,0,0,0,0,7,0,0,0,0,5,0,0,0,0,0,0,0,0,0,0,0,0,0,0,0,0,0,5,0,0,0,0,5,0,0,0,5,0,0,0,0,0,0,0,27,0,5,0,0,0,0,0,0,0,-31,-12,-2,-23,-58,3,0.69,82.88,80.90,87.90,73.60,0,124,97,76,0,0,7,5,0,10,5
M16A_HUBROOM_PR.csv,2026-06-09 10:20,2026-06-09,10:20,1,1단계 조기경보,1,,48,관심,M16HUB,15,M16HUB,"M16HUB(09:20,RA+RA_sus) → M16A(09:20,RA_sus+RB+SLA) → M16B(09:39,RA_sus+RB+RB_fast) → M16(09:41,RB+RB_fast) → M14(09:52,RA_sus+RC+SLA)",,,15,13,0,10,5,0,0,0,RC+RD,RA_sus+RC,,RA_sus+SLA,RA_sus,4.31,2.41,3.32,2.83,2.47,-26,-2,-11,33,-11,0,100.00,4,"6ABL6021,6ABL6022,6ABL6031,6ABL0111",14.26,0,13.06,8.32,0,39,15,30,15,0,"hot_area=M16HUB; S1조기경보; 발동: M16HUB[R-C'(역증가4개:6ABL6021,6ABL6022,6ABL6031,6ABL0111),R-D(FAB저장=0.0%,STB=100.0%)]; M14[R-A_sus,R-C'(CNV쏠림)]; M16A[R-A_sus,SLA(13.1%4분초과)]; M16B[R-A_sus]",0,0,0,0,8,7,0,0,0,0,5,0,0,8,0,0,0,0,0,0,0,0,0,0,0,0,0,0,5,0,0,0,0,5,0,0,0,5,0,0,0,0,0,0,0,43,0,5,0,0,0,0,0,0,0,-28,-17,-6,-32,-47,-3,0.70,83.56,83.16,84.49,73.60,0,142,84,61,0,0,15,13,0,10,5
M16A_HUBROOM_PR.csv,2026-06-09 10:21,2026-06-09,10:21,1,1단계 조기경보,1,,32,관심,M16A,10,,"M16HUB(09:21,RA+RA_sus+RB_fast) → M16A(09:21,RA_sus+RB+RB_fast+SLA) → M16B(09:39,RA_sus+RB+RB_fast) → M16(09:41,RB+RB_fast) → M14(09:52,RA_sus+RC+SLA)",,,7,5,0,10,5,0,0,0,RD,RA_sus,,RA_sus+SLA,RA_sus,8.01,2.46,3.66,2.92,2.87,-41,-14,-14,41,-5,0,100.00,5,"6ABL6012,6ABL6021,6ABL6022,6ABL6031,6ABL0111",14.27,0,13.74,12.56,0,40,19,28,12,0,"hot_area=M16A; S1조기경보; 발동: M16HUB[R-D(FAB저장=0.0%,STB=100.0%)]; M14[R-A_sus]; M16A[R-A_sus,SLA(13.7%4분초과)]; M16B[R-A_sus]",0,0,0,0,0,7,0,0,0,0,5,0,0,0,0,0,0,0,0,0,0,0,0,0,0,0,0,0,5,0,0,0,0,5,0,0,0,5,0,0,0,0,0,0,0,27,0,5,0,0,0,0,0,0,0,-26,-8,-10,-42,-51,5,0.68,81.32,81.17,83.55,73.45,0,126,101,109,0,0,7,5,0,10,5
M16A_HUBROOM_PR.csv,2026-06-09 10:22,2026-06-09,10:22,1,1단계 조기경보,1,,40,관심,M16HUB,15,M16HUB,"M16HUB(09:22,RA+RA_sus+RD) → M16A(09:22,RA_sus+RB+RB_fast+SLA) → M16B(09:39,RA_sus+RB+RB_fast) → M16(09:41,RB+RB_fast) → M14(09:52,RA_sus+RC+SLA)",,,15,5,0,10,5,0,0,0,RC+RD,RA_sus,,RA_sus+SLA,RA_sus,5.52,2.54,3.20,2.77,2.81,-35,-12,-8,39,-7,0,99.41,4,"6ABL6012,6ABL6022,6ABL0111,6ABL0121",14.36,0,13.19,12.84,0,42,19,48,17,0,"hot_area=M16HUB; S1조기경보; 발동: M16HUB[R-C'(역증가4개:6ABL6012,6ABL6022,6ABL0111,6ABL0121),R-D(FAB저장=0.0%,STB=99.4%)]; M14[R-A_sus]; M16A[R-A_sus,SLA(13.2%4분초과)]; M16B[R-A_sus]",0,0,0,0,8,7,0,0,0,0,5,0,0,0,0,0,0,0,0,0,0,0,0,0,0,0,0,0,5,0,0,0,0,5,0,0,0,5,0,0,0,0,0,0,0,35,0,5,0,0,0,0,0,0,0,-11,-26,-3,-51,-43,-6,0.68,84.24,83.69,84.25,75.52,0,133,86,100,0,0,15,5,0,10,5
M16A_HUBROOM_PR.csv,2026-06-09 10:23,2026-06-09,10:23,1,1단계 조기경보,1,,40,관심,M16HUB,15,M16HUB,"M16HUB(09:23,RA+RA_sus+RD) → M16A(09:23,RA_sus+RB+RB_fast+SLA) → M16B(09:39,RA_sus+RB+RB_fast) → M16(09:41,RB+RB_fast) → M14(09:52,RA_sus+RC+SLA)",,,15,5,0,10,5,0,0,0,RC+RD,RA_sus,,RA_sus+SLA,RA_sus,4.76,2.58,3.04,2.78,2.30,-29,-11,4,41,-23,0,99.41,2,"6ABL6031,6ABL0111",14.00,0,13.69,11.11,0,37,16,39,17,0,"hot_area=M16HUB; S1조기경보; 발동: M16HUB[R-C'(역증가2개:6ABL6031,6ABL0111),R-D(FAB저장=0.0%,STB=99.4%)]; M14[R-A_sus]; M16A[R-A_sus,SLA(13.7%4분초과)]; M16B[R-A_sus]",0,0,0,0,8,7,0,0,0,0,5,0,0,0,0,0,0,0,0,0,0,0,0,0,0,0,0,0,5,0,0,0,0,5,0,0,0,5,0,0,0,0,0,0,0,35,0,5,0,0,0,0,0,0,0,-13,-13,6,-45,-30,-15,0.60,86.58,86.21,84.96,81.42,0,134,98,94,0,0,15,5,0,10,5
M16A_HUBROOM_PR.csv,2026-06-09 10:24,2026-06-09,10:24,1,1단계 조기경보,1,,40,관심,M16HUB,15,M16HUB,"M16HUB(09:24,RA+RA_sus+RD) → M16A(09:24,RA_sus+RB+RB_fast+SLA) → M16B(09:39,RA_sus+RB+RB_fast) → M16(09:41,RB+RB_fast) → M14(09:52,RA_sus+RC+SLA)",,,15,5,0,10,5,0,0,0,RC+RD,RA_sus,,RA_sus+SLA,RA_sus,8.07,2.60,2.95,2.78,2.75,-31,-9,1,31,-8,0,99.41,4,"6ABL6012,6ABL6031,6ABL0111,6ABL0121",13.62,0,13.91,11.43,0,41,17,40,17,0,"hot_area=M16HUB; S1조기경보; 발동: M16HUB[R-C'(역증가4개:6ABL6012,6ABL6031,6ABL0111,6ABL0121),R-D(FAB저장=0.0%,STB=99.4%)]; M14[R-A_sus]; M16A[R-A_sus,SLA(13.9%4분초과)]; M16B[R-A_sus]",0,0,0,0,8,7,0,0,0,0,5,0,0,0,0,0,0,0,0,0,0,0,0,0,0,0,0,0,5,0,0,0,0,5,0,0,0,5,0,0,0,0,0,0,0,35,0,5,0,0,0,0,0,0,0,-2,-7,11,-65,-3,-17,0.60,85.89,85.94,87.19,81.42,0,116,90,87,0,0,15,5,0,10,5
M16A_HUBROOM_PR.csv,2026-06-09 10:25,2026-06-09,10:25,3,3단계 ⭐확정,1,1→3,45,관심,M16HUB,15,M16HUB,"M16HUB(09:25,RA+RA_sus+RD) → M16A(09:25,RA_sus+RB+RB_fast+SLA) → M16B(09:39,RA_sus+RB+RB_fast) → M16(09:41,RB+RB_fast) → M14(09:52,RA_sus+RC+SLA)",,,15,5,0,5,10,0,10,0,RC+RD,RA_sus,,RA_sus,RA_sus+RB_fast,4.87,2.60,3.15,2.84,2.29,-17,-18,17,29,-1,0.59,99.41,3,"6ABL6012,6ABL0111,6ABL0121",15.37,0,12.86,10.27,0,38,16,45,22,0,"hot_area=M16HUB; S3확정; 발동: M16HUB[R-C'(역증가3개:6ABL6012,6ABL0111,6ABL0121),R-D(FAB저장=0.6%,STB=99.4%)]; M14[R-A_sus]; M16A[R-A_sus]; M16B[R-A_sus,R-B_fast(+22/10분)]; M16_PKT[R-A'(AVGTOTALTIME1MIN=8.44분/기준7.5)]",0,0,0,0,8,7,0,0,0,0,5,0,0,0,0,0,0,0,0,0,0,0,0,0,0,0,0,0,5,0,0,0,0,0,0,0,0,5,0,5,0,0,0,0,0,45,0,0,0,0,0,0,0,0,0,4,-10,22,-63,22,-12,0.61,85.12,84.75,87.19,85.84,0,146,93,87,0,0,15,5,0,5,10
M16A_HUBROOM_PR.csv,2026-06-09 10:26,2026-06-09,10:26,3,3단계 ⭐확정,3,,50,관심,M16HUB,15,M16HUB;M16_PKT,"M16HUB(09:26,RA+RA_sus+RD) → M16A(09:26,RA_sus+RB_fast+SLA) → M16B(09:39,RA_sus+RB+RB_fast) → M16(09:41,RB+RB_fast) → M14(09:52,RA_sus+RC+SLA) → M16_PKT(10:26,RA+RA_sus)",,,15,5,0,5,10,0,15,0,RC+RD,RA_sus,,RA_sus,RA_sus+RB_fast,4.15,3.08,3.20,2.72,2.51,-30,-20,18,10,-1,0.59,99.41,3,"6ABL6012,6ABL6031,6ABL0121",15.06,0,12.40,10.49,0,32,15,48,24,0,"hot_area=M16HUB; S3확정; 발동: M16HUB[R-C'(역증가3개:6ABL6012,6ABL6031,6ABL0121),R-D(FAB저장=0.6%,STB=99.4%)]; M14[R-A_sus]; M16A[R-A_sus]; M16B[R-A_sus,R-B_fast(+23/10분)]; M16_PKT[R-A'(AVGTOTALTIME1MIN=5.31분/기준7.5),R-A_sus]",0,0,0,0,8,7,0,0,0,0,5,0,0,0,0,0,0,0,0,0,0,0,0,0,0,0,0,0,5,0,0,0,0,0,0,0,0,5,0,5,0,0,0,0,0,50,0,0,0,0,0,0,0,0,0,6,-10,20,-80,23,-12,0.57,83.56,85.81,86.72,85.84,0,130,79,81,0,0,15,5,0,5,10
M16A_HUBROOM_PR.csv,2026-06-09 10:27,2026-06-09,10:27,3,3단계 ⭐확정,3,,62,관심,M16HUB,22,M16HUB;M16_PKT,"M16HUB(09:27,RA+RA_sus+RD) → M16A(09:28,RA+RA_sus+SLA) → M16B(09:39,RA_sus+RB+RB_fast) → M16(09:41,RB+RB_fast) → M14(09:52,RA_sus+RC+SLA) → M16_PKT(10:26,RA+RA_sus)",,,22,5,0,5,10,5,15,0,RA+RB_fast+RD,RA_sus,,RA_sus,RA_sus+RB_fast,9.63,2.54,2.79,2.72,2.35,-1,-2,4,10,-4,0,100.00,1,6ABL0121,14.53,0,12.27,11.17,0,32,12,52,23,0,"hot_area=M16HUB; S3확정; 발동: M16HUB[R-A'(AVGTOTALTIME1MIN=9.63분/기준9.0),R-B_fast(+34/10분),R-D(FAB저장=0.0%,STB=100.0%)]; M14[R-A_sus]; M16A[R-A_sus]; M16B[R-A_sus,R-B_fast(+38/10분)]; M16[R-B_fast(+29/10분)]; M16_PKT[R-A'(AVGTOTALTIME1MIN=9.18분/기준7.5),R-A_sus]",10,0,0,5,0,7,0,0,0,0,5,0,0,0,0,0,0,0,0,0,0,0,0,0,0,0,0,0,5,0,0,0,0,0,0,0,0,5,0,5,0,0,0,0,0,62,0,0,0,0,1,0,0,0,0,34,17,13,-74,38,-15,0.62,85.41,83.69,85.90,88.50,0,129,85,92,0,0,22,5,0,5,10
M16A_HUBROOM_PR.csv,2026-06-09 10:28,2026-06-09,10:28,3,3단계 ⭐확정,3,,57,관심,M16HUB,22,M16HUB;M16_PKT,"M16HUB(09:28,RA+RA_sus+RD) → M16A(09:28,RA+RA_sus+SLA) → M16B(09:39,RA_sus+RB+RB_fast) → M16(09:41,RB+RB_fast) → M14(09:52,RA_sus+RC+SLA) → M16_PKT(10:26,RA+RA_sus)",,,22,5,0,5,10,0,15,0,RA+RB_fast+RD,RA_sus,,RA_sus,RA_sus+RB_fast,4.64,2.57,3.04,2.69,2.54,-7,-2,-3,18,-1,0,100.00,4,"6ABL6021,6ABL6031,6ABL0111,6ABL0121",15.12,0,12.58,9.35,0,38,15,41,16,0,"hot_area=M16HUB; S3확정; 발동: M16HUB[R-A'(AVGTOTALTIME1MIN=4.64분/기준9.0),R-B_fast(+39/10분),R-D(FAB저장=0.0%,STB=100.0%)]; M14[R-A_sus]; M16A[R-A_sus]; M16B[R-A_sus,R-B_fast(+34/10분)]; M16_PKT[R-A'(AVGTOTALTIME1MIN=5.51분/기준7.5),R-A_sus]",10,0,0,5,0,7,0,0,0,0,5,0,0,0,0,0,0,0,0,0,0,0,0,0,0,0,0,0,5,0,0,0,0,0,0,0,0,5,0,5,0,0,0,0,0,57,0,0,0,0,1,0,0,0,0,39,20,7,-73,34,4,0.61,84.53,80.77,86.60,86.43,0,142,77,69,0,0,22,5,0,5,10
M16A_HUBROOM_PR.csv,2026-06-09 10:29,2026-06-09,10:29,3,3단계 ⭐확정,3,,72,경계,M16HUB,22,M16HUB;M16_PKT,"M16HUB(09:29,RA+RA_sus+RD) → M16A(09:29,RA+RA_sus+SLA) → M16B(09:39,RA_sus+RB+RB_fast) → M16(09:41,RB+RB_fast) → M14(09:52,RA_sus+RC+SLA) → M16_PKT(10:26,RA+RA_sus)",,,22,5,0,10,10,5,15,0,RA+RB_fast+RD,RA_sus,,RA_sus+SLA,RA_sus+RB_fast,7.41,2.58,3.01,2.87,2.57,-8,-16,-5,11,-15,0,100.00,4,"6ABL6021,6ABL6031,6ABL0111,6ABL0121",15.40,0,13.57,10.41,0,35,13,44,18,0,"hot_area=M16HUB; S3확정; 발동: M16HUB[R-A'(AVGTOTALTIME1MIN=7.41분/기준9.0),R-B_fast(+37/10분),R-D(FAB저장=0.0%,STB=100.0%)]; M14[R-A_sus]; M16A[R-A_sus,SLA(13.6%4분초과)]; M16B[R-A_sus,R-B_fast(+32/10분)]; M16[R-B_fast(+25/10분)]; M16_PKT[R-A'(AVGTOTALTIME1MIN=4.85분/기준7.5),R-A_sus]",10,0,0,5,0,7,0,0,0,0,5,0,0,0,0,0,0,0,0,0,0,0,0,0,0,0,0,0,5,0,0,0,0,5,0,0,0,5,0,5,0,0,0,0,0,67,0,5,0,0,1,0,0,0,0,37,8,6,-56,32,1,0.61,85.60,81.30,90.01,89.23,0,130,89,81,0,0,22,5,0,10,10
M16A_HUBROOM_PR.csv,2026-06-09 10:30,2026-06-09,10:30,3,3단계 ⭐확정,3,,72,경계,M16HUB,27,M16HUB;M16_PKT,"M16HUB(09:30,RA+RA_sus+RD) → M16A(09:30,RA+RA_sus+SLA) → M16B(09:39,RA_sus+RB+RB_fast) → M16(09:41,RB+RB_fast) → M14(09:52,RA_sus+RC+SLA) → M16_PKT(10:26,RA+RA_sus)",,,27,5,0,10,10,0,15,0,RA+RA_sus+RB_fast+RD,RA_sus,,RA_sus+SLA,RA_sus+RB_fast,8.69,2.90,3.48,3.02,2.49,-7,-12,-5,25,-17,0,100.00,5,"6ABL6011,6ABL6031,6ABL0111,6ABL0121,6ABL0122",15.62,0,13.31,8.72,0,31,13,41,14,0,"hot_area=M16HUB; S3확정; 발동: M16HUB[R-A'(AVGTOTALTIME1MIN=8.69분/기준9.0),R-A_sus,R-B_fast(+36/10분),R-D(FAB저장=0.0%,STB=100.0%)]; M14[R-A_sus]; M16A[R-A_sus,SLA(13.3%4분초과)]; M16B[R-A_sus,R-B_fast(+21/10분)]; M16_PKT[R-A'(AVGTOTALTIME1MIN=8.59분/기준7.5),R-A_sus]",10,5,0,5,0,7,0,0,0,0,5,0,0,0,0,0,0,0,0,0,0,0,0,0,0,0,0,0,5,0,0,0,0,5,0,0,0,5,0,5,0,0,0,0,0,67,0,5,0,0,1,0,0,0,0,36,7,12,-40,21,2,0.62,86.09,84.88,89.19,83.04,0,152,78,60,0,0,27,5,0,10,10
M16A_HUBROOM_PR.csv,2026-06-09 10:31,2026-06-09,10:31,3,3단계 ⭐확정,3,,77,경계,M16HUB,27,M16HUB;M16_PKT,"M16HUB(09:31,RA+RA_sus+RD) → M16A(09:31,RA+RA_sus+SLA) → M16B(09:39,RA_sus+RB+RB_fast) → M16(09:41,RB+RB_fast) → M14(09:52,RA_sus+RC+SLA) → M16_PKT(10:26,RA+RA_sus)",,,27,5,0,10,10,5,15,0,RA+RA_sus+RB_fast+RD,RA_sus,,RA_sus+SLA,RA_sus+RB_fast,4.13,2.35,3.96,2.85,2.67,-3,-4,-2,26,-12,0,100.00,7,"6ABL6011,6ABL6012,6ABL6031,6ABL0111,6ABL0112,6ABL0121,6ABL0122",15.52,0,14.53,11.35,0,32,13,39,16,0,"hot_area=M16HUB; S3확정; 발동: M16HUB[R-A'(AVGTOTALTIME1MIN=4.13분/기준9.0),R-A_sus,R-B_fast(+41/10분),R-D(FAB저장=0.0%,STB=100.0%)]; M14[R-A_sus]; M16A[R-A_sus,SLA(14.5%4분초과)]; M16B[R-A_sus,R-B_fast(+19/10분)]; M16[R-B_fast(+26/10분)]; M16_PKT[R-A'(AVGTOTALTIME1MIN=4.30분/기준7.5),R-A_sus]",10,5,0,5,0,7,0,0,0,0,5,0,0,0,0,0,0,0,0,0,0,0,0,0,0,0,0,0,5,0,0,0,0,5,0,0,0,5,0,5,0,0,0,0,0,72,0,5,0,0,1,0,0,0,0,41,7,18,-19,19,5,0.62,80.45,83.29,91.77,81.86,0,135,102,97,0,0,27,5,0,10,10
M16A_HUBROOM_PR.csv,2026-06-09 10:32,2026-06-09,10:32,3,3단계 ⭐확정,3,,82,주의,M16HUB,27,M16HUB;M16_PKT,"M16HUB(09:32,RA+RA_sus+RC+RD) → M16A(09:32,RA+RA_sus+SLA) → M16B(09:39,RA_sus+RB+RB_fast) → M16(09:41,RB+RB_fast) → M14(09:52,RA_sus+RC+SLA) → M16_PKT(10:26,RA+RA_sus)",,,27,10,0,10,10,0,15,0,RA+RA_sus+RB_fast+RD,RA_sus+SLA,,RA_sus+SLA,RA_sus+RB_fast,7.26,2.57,3.25,3.14,2.76,33,-2,4,26,0,0,100.00,6,"6ABL6011,6ABL6031,6ABL0111,6ABL0112,6ABL0121,6ABL0122",16.83,0,14.72,11.68,0,29,13,36,14,0,"hot_area=M16HUB; S3확정; 발동: M16HUB[R-A'(AVGTOTALTIME1MIN=7.26분/기준9.0),R-A_sus,R-B_fast(+42/10분),R-D(FAB저장=0.0%,STB=100.0%)]; M14[R-A_sus,SLA(16.8%4분초과)]; M16A[R-A_sus,SLA(14.7%4분초과)]; M16B[R-A_sus,R-B_fast(+24/10분)]; M16_PKT[R-A'(AVGTOTALTIME1MIN=7.61분/기준7.5),R-A_sus]",10,5,0,5,0,7,0,0,0,0,5,0,0,0,0,5,0,0,0,0,0,0,0,0,0,0,0,0,5,0,0,0,0,5,0,0,0,5,0,5,0,0,0,0,0,72,0,10,0,0,1,0,0,0,0,42,7,16,-12,24,1,0.60,83.66,86.07,91.77,79.94,0,157,92,89,0,0,27,10,0,10,10
M16A_HUBROOM_PR.csv,2026-06-09 10:33,2026-06-09,10:33,3,3단계 ⭐확정,3,,90,주의,M16HUB,35,M16HUB,"M16HUB(09:33,RA+RA_sus+RC+RD) → M16A(09:33,RA+RA_sus+SLA) → M16B(09:39,RA_sus+RB+RB_fast) → M16(09:41,RB+RB_fast) → M14(09:52,RA_sus+RC+SLA) → M16_PKT(10:26,RA+RA_sus)",,,35,10,0,10,10,5,10,0,RA+RA_sus+RB_fast+RC+RD,RA_sus+SLA,,RA_sus+SLA,RA_sus+RB_fast,9.81,2.94,3.05,2.89,2.44,16,19,-2,7,8,0,100.00,6,"6ABL6011,6ABL6031,6ABL0111,6ABL0112,6ABL0121,6ABL0122",16.51,0,14.60,10.18,0,29,13,42,16,0,"hot_area=M16HUB; S3확정; 발동: M16HUB[R-A'(AVGTOTALTIME1MIN=9.81분/기준9.0),R-A_sus,R-B_fast(+34/10분),R-C'(역증가6개:6ABL6011,6ABL6031,6ABL0111,6ABL0112,6ABL0121,6ABL0122),R-D(FAB저장=0.0%,STB=100.0%)]; M14[R-A_sus,SLA(16.5%4분초과)]; M16A[R-A_sus,SLA(14.6%4분초과)]; M16B[R-A_sus,R-B_fast(+24/10분)]; M16[R-B_fast(+31/10분)]; M16_PKT[R-A'(AVGTOTALTIME1MIN=4.79분/기준7.5)]",10,5,0,5,8,7,0,0,0,0,5,0,0,0,0,5,0,0,0,0,0,0,0,0,0,0,0,0,5,0,0,0,0,5,0,0,0,5,0,5,0,0,0,0,0,80,0,10,0,0,2,0,0,0,0,34,13,2,3,24,-1,0.58,84.05,82.49,91.42,82.01,0,157,101,85,0,0,35,10,0,10,10
M16A_HUBROOM_PR.csv,2026-06-09 10:34,2026-06-09,10:34,3,3단계 ⭐확정,3,,67,경계,M16HUB,22,M16HUB;M16A;M16_PKT,"M16HUB(09:34,RA+RA_sus+RC+RD) → M16A(09:34,RA+RA_sus+SLA) → M16B(09:39,RA_sus+RB+RB_fast) → M16(09:41,RB+RB_fast) → M14(09:52,RA_sus+RC+SLA) → M16_PKT(10:26,RA+RA_sus)",,,22,5,0,15,5,0,15,0,RA+RA_sus+RD,RA_sus,,RA_sus+RB_fast+SLA,RA_sus,3.94,2.53,2.90,2.91,2.61,19,17,-5,8,1,0,100.00,4,"6ABL6021,6ABL0111,6ABL0121,6ABL0122",15.11,0,15.29,10.15,0,30,13,42,17,0,"hot_area=M16HUB; S3확정; 발동: M16HUB[R-A'(AVGTOTALTIME1MIN=3.94분/기준9.0),R-A_sus,R-D(FAB저장=0.0%,STB=100.0%)]; M14[R-A_sus]; M16A[R-A_sus,R-B_fast(+25/10분),SLA(15.3%4분초과)]; M16B[R-A_sus]; M16_PKT[R-A'(AVGTOTALTIME1MIN=5.64분/기준7.5),R-A_sus]",10,5,0,0,0,7,0,0,0,0,5,0,0,0,0,0,0,0,0,0,0,0,0,0,0,0,0,0,5,0,5,0,0,5,0,0,0,5,0,0,0,0,0,0,0,62,0,5,0,0,2,0,0,0,0,21,8,-3,25,-1,13,0.58,80.64,81.83,90.13,83.33,0,128,96,76,0,0,22,5,0,15,5
M16A_HUBROOM_PR.csv,2026-06-09 10:35,2026-06-09,10:35,3,3단계 ⭐확정,3,,82,주의,M16HUB,22,M16HUB;M16A;M16_PKT,"M16HUB(09:35,RA+RA_sus+RC+RD) → M16A(09:35,RA+RA_sus+SLA) → M16B(09:39,RA_sus+RB+RB_fast) → M16(09:41,RB+RB_fast) → M14(09:52,RA_sus+RC+SLA) → M16_PKT(10:26,RA+RA_sus)",M14B_LFT_4ABLD_TO_HUB_SUM=1.6x(주의),,22,5,0,15,5,5,15,5,RA+RA_sus+RD,RA_sus,,RA_sus+RB_fast+SLA,RA_sus,6.99,2.61,3.38,3.10,2.43,9,2,-9,28,-3,0,100.00,5,"6ABL6011,6ABL6032,6ABL0111,6ABL0121,6ABL0122",15.17,0,15.44,10.78,0,35,15,37,18,0,"hot_area=M16HUB; S3확정; 발동: M16HUB[R-A'(AVGTOTALTIME1MIN=6.99분/기준9.0),R-A_sus,R-D(FAB저장=0.0%,STB=100.0%)]; M14[R-A_sus]; M16A[R-A_sus,R-B_fast(+27/10분),SLA(15.4%4분초과)]; M16B[R-A_sus]; M16[R-B_fast(+35/10분)]; M16_PKT[R-A'(AVGTOTALTIME1MIN=6.13분/기준7.5),R-A_sus]; M16_WT[R-A_sus]; 흐름:M14B_LFT_4ABLD_TO_HUB_SUM=1.6x(주의)",10,5,0,0,0,7,0,0,0,0,5,0,0,0,0,0,0,0,0,0,0,0,0,0,0,0,0,0,5,0,5,0,0,5,0,0,0,5,0,0,0,0,0,0,0,72,5,5,0,0,2,0,0,0,0,24,17,-15,27,-19,20,0.57,78.89,76.92,90.01,85.69,0,149,107,93,0,0,22,5,0,15,5
M16A_HUBROOM_PR.csv,2026-06-09 10:36,2026-06-09,10:36,3,3단계 ⭐확정,3,,82,주의,M16HUB,22,M16HUB;M16A;M16_PKT,"M16HUB(09:36,RA+RA_sus+RC+RD) → M16A(09:36,RA+RA_sus+SLA) → M16B(09:39,RA_sus+RB+RB_fast) → M16(09:41,RB+RB_fast) → M14(09:52,RA_sus+RC+SLA) → M16_PKT(10:26,RA+RA_sus)",M14B_LFT_4ABLD_TO_HUB_SUM=1.6x(주의),,22,5,0,15,5,5,15,5,RA+RA_sus+RD,RA_sus,,RA_sus+RB_fast+SLA,RA_sus,11.57,2.71,3.31,2.65,2.70,-15,-10,-9,17,-6,0,100.00,6,"6ABL6011,6ABL6031,6ABL0111,6ABL0112,6ABL0121,6ABL0122",15.44,0,15.77,10.63,0,34,14,35,17,0,"hot_area=M16HUB; S3확정; 발동: M16HUB[R-A'(AVGTOTALTIME1MIN=11.57분/기준9.0),R-A_sus,R-D(FAB저장=0.0%,STB=100.0%)]; M14[R-A_sus]; M16A[R-A_sus,R-B_fast(+41/10분),SLA(15.8%4분초과)]; M16B[R-A_sus]; M16[R-B_fast(+13/10분)]; M16_PKT[R-A'(AVGTOTALTIME1MIN=7.82분/기준7.5),R-A_sus]; M16_WT[R-A_sus]; 흐름:M14B_LFT_4ABLD_TO_HUB_SUM=1.6x(주의)",10,5,0,0,0,7,0,0,0,0,5,0,0,0,0,0,0,0,0,0,0,0,0,0,0,0,0,0,5,0,5,0,0,5,0,0,0,5,0,0,0,0,0,0,0,72,5,5,0,0,3,0,0,0,0,20,10,-14,41,-17,20,0.58,74.90,75.60,91.77,85.55,0,136,97,83,0,0,22,5,0,15,5
M16A_HUBROOM_PR.csv,2026-06-09 10:37,2026-06-09,10:37,3,3단계 ⭐확정,3,,92,주의,M16HUB,22,M16HUB;M16A;M16_PKT,"M16HUB(09:37,RA+RA_sus+RB_fast+RC+RD) → M16A(09:37,RA+RA_sus+SLA) → M16B(09:39,RA_sus+RB+RB_fast) → M16(09:41,RB+RB_fast) → M14(09:52,RA_sus+RC+SLA) → M16_PKT(10:26,RA+RA_sus)",M16A_2F_TO_HUB=2.2x(위험),,22,5,0,15,5,5,15,5,RA+RA_sus+RD,RA_sus,,RA_sus+RB_fast+SLA,RA_sus,4.24,2.63,3.04,2.74,2.50,-1,-6,-8,26,-15,0,100.00,6,"6ABL6011,6ABL6032,6ABL0111,6ABL0112,6ABL0121,6ABL0122",15.78,0,14.58,9.52,0,34,15,38,18,0,"hot_area=M16HUB; S3확정; 발동: M16HUB[R-A'(AVGTOTALTIME1MIN=4.24분/기준9.0),R-A_sus,R-D(FAB저장=0.0%,STB=100.0%)]; M14[R-A_sus]; M16A[R-A_sus,R-B_fast(+61/10분),SLA(14.6%4분초과)]; M16B[R-A_sus]; M16[R-B_fast(+10/10분)]; M16_PKT[R-A'(AVGTOTALTIME1MIN=5.62분/기준7.5),R-A_sus]; M16_WT[R-A_sus]; 흐름:M16A_2F_TO_HUB=2.2x(위험)",10,5,0,0,0,7,0,0,0,0,5,0,0,0,0,0,0,0,0,0,0,0,0,0,0,0,0,0,5,0,5,0,0,5,0,0,0,5,0,0,0,0,0,0,0,72,15,5,0,0,2,0,0,0,0,-4,-5,-9,61,-10,3,0.56,78.40,71.35,93.65,83.48,0,143,99,81,0,0,22,5,0,15,5
M16A_HUBROOM_PR.csv,2026-06-09 10:38,2026-06-09,10:38,3,3단계 ⭐확정,3,,72,경계,M16HUB,22,M16HUB;M16A;M16_PKT,"M16HUB(09:38,RA+RA_sus+RB_fast+RC+RD) → M16A(09:38,RA+RA_sus+SLA) → M16B(09:39,RA_sus+RB+RB_fast) → M16(09:41,RB+RB_fast) → M14(09:52,RA_sus+RC+SLA) → M16_PKT(10:26,RA+RA_sus)",M16A_2F_TO_HUB=1.9x(주의),,22,5,0,15,5,0,15,0,RA+RA_sus+RD,RA_sus,,RA_sus+RB_fast+SLA,RA_sus,8.39,2.58,2.99,2.84,2.24,3,3,-6,15,-24,0,99.41,5,"6ABL6011,6ABL6032,6ABL0111,6ABL0121,6ABL0122",15.17,0,13.64,6.36,0,35,15,42,20,0,"hot_area=M16HUB; S3확정; 발동: M16HUB[R-A'(AVGTOTALTIME1MIN=8.39분/기준9.0),R-A_sus,R-D(FAB저장=0.0%,STB=99.4%)]; M14[R-A_sus]; M16A[R-A_sus,R-B_fast(+58/10분),SLA(13.6%4분초과)]; M16B[R-A_sus]; M16_PKT[R-A'(AVGTOTALTIME1MIN=5.44분/기준7.5),R-A_sus]; 흐름:M16A_2F_TO_HUB=1.9x(주의)",10,5,0,0,0,7,0,0,0,0,5,0,0,0,0,0,0,0,0,0,0,0,0,0,0,0,0,0,5,0,5,0,0,5,0,0,0,5,0,0,0,0,0,0,0,62,5,5,0,0,2,0,0,0,0,1,-1,-2,58,-10,1,0.55,79.47,78.12,92.24,84.96,0,142,85,49,0,0,22,5,0,15,5
M16A_HUBROOM_PR.csv,2026-06-09 10:39,2026-06-09,10:39,3,3단계 ⭐확정,3,,92,주의,M16HUB,30,M16HUB;M16A;M16_PKT,"M16HUB(09:39,RA+RA_sus+RB_fast+RD) → M16A(09:39,RA+RA_sus+SLA) → M16B(09:39,RA_sus+RB+RB_fast) → M16(09:41,RB+RB_fast) → M14(09:52,RA_sus+RC+SLA) → M16_PKT(10:26,RA+RA_sus)",M14B_LFT_4ABLD_TO_HUB_SUM=1.6x(주의);M16A_2F_TO_HUB=1.5x(주의),,30,5,0,22,5,0,15,0,RA+RA_sus+RC+RD,RA_sus,,RA_sus+RB_fast+RD+SLA,RA_sus,10.96,2.68,2.92,3.01,2.79,2,1,-4,-9,-27,0,99.41,6,"6ABL6012,6ABL6032,6ABL0111,6ABL0112,6ABL0121,6ABL0122",15.60,0,13.78,10.33,0,31,13,43,19,0,"hot_area=M16HUB; S3확정; 발동: M16HUB[R-A'(AVGTOTALTIME1MIN=10.96분/기준9.0),R-A_sus,R-C'(역증가6개:6ABL6012,6ABL6032,6ABL0111,6ABL0112,6ABL0121,6ABL0122),R-D(FAB저장=0.0%,STB=99.4%)]; M14[R-A_sus]; M16A[R-A_sus,R-B_fast(+70/10분),R-D(OHT=95.1%),SLA(13.8%4분초과)]; M16B[R-A_sus]; M16_PKT[R-A'(AVGTOTALTIME1MIN=5.70분/기준7.5),R-A_sus]; 흐름:M14B_LFT_4ABLD_TO_HUB_SUM=1.6x(주의);M16A_2F_TO_HUB=1.5x(주의)",10,5,0,0,8,7,0,0,0,0,5,0,0,0,0,0,0,0,0,0,0,0,0,0,0,0,0,0,5,0,5,0,7,5,0,0,0,5,0,0,0,0,0,0,0,77,10,5,0,0,3,0,0,0,0,-4,5,-8,70,-1,-1,0.56,81.61,79.05,95.06,87.61,0,148,94,87,0,0,30,5,0,22,5
M16A_HUBROOM_PR.csv,2026-06-09 10:40,2026-06-09,10:40,3,3단계 ⭐확정,3,,62,관심,M16HUB,22,M16HUB;M16_PKT,"M16HUB(09:40,RA+RA_sus+RB_fast+RC+RD) → M16A(09:40,RA+RA_sus+SLA) → M16(09:41,RB+RB_fast) → M14(09:52,RA_sus+RC+SLA) → M16B(09:55,RA_sus+RB+RB_fast) → M16_PKT(10:26,RA+RA_sus)",M16A_2F_TO_HUB=1.5x(주의),,22,5,0,10,5,0,15,0,RA+RA_sus+RD,RA_sus,,RA_sus+RB_fast,RA_sus,4.67,2.62,2.99,2.83,2.49,1,-2,-6,-7,-21,0,99.41,7,"6ABL6012,6ABL6022,6ABL6032,6ABL0111,6ABL0112,6ABL0121,6ABL0122",14.81,0,12.75,7.26,0,35,13,31,14,0,"hot_area=M16HUB; S3확정; 발동: M16HUB[R-A'(AVGTOTALTIME1MIN=4.67분/기준9.0),R-A_sus,R-D(FAB저장=0.0%,STB=99.4%)]; M14[R-A_sus]; M16A[R-A_sus,R-B_fast(+65/10분)]; M16B[R-A_sus]; M16_PKT[R-A'(AVGTOTALTIME1MIN=7.56분/기준7.5),R-A_sus]; 흐름:M16A_2F_TO_HUB=1.5x(주의)",10,5,0,0,0,7,0,0,0,0,5,0,0,0,0,0,0,0,0,0,0,0,0,0,0,0,0,0,5,0,5,0,0,0,0,0,0,5,0,0,0,0,0,0,0,57,5,0,0,0,3,0,0,0,0,-7,8,-12,65,5,3,0.58,81.13,79.71,93.07,83.48,0,144,77,54,0,0,22,5,0,10,5
M16A_HUBROOM_PR.csv,2026-06-09 10:41,2026-06-09,10:41,3,3단계 ⭐확정,3,,85,주의,M16HUB,30,M16HUB;M16A;M16_PKT,"M16HUB(09:41,RA+RA_sus+RD) → M16A(09:41,RA+RA_sus+RB_fast+SLA) → M16(09:41,RB+RB_fast) → M14(09:52,RA_sus+RC+SLA) → M16B(09:55,RA_sus+RB+RB_fast) → M16_PKT(10:26,RA+RA_sus)",M14B_LFT_4ABLD_TO_HUB_SUM=1.6x(주의),,30,5,0,15,5,5,15,0,RA+RA_sus+RC+RD,RA_sus,,RA_sus+RB_fast+SLA,RA_sus,10.99,2.54,2.99,3.08,2.77,-1,-2,-10,-11,-33,0.59,99.41,7,"6ABL6011,6ABL6031,6ABL6032,6ABL0111,6ABL0112,6ABL0121,6ABL0122",13.59,0,13.66,10.38,0,33,12,34,15,0,"hot_area=M16HUB; S3확정; 발동: M16HUB[R-A'(AVGTOTALTIME1MIN=10.99분/기준9.0),R-A_sus,R-C'(역증가7개:6ABL6011,6ABL6031,6ABL6032,6ABL0111,6ABL0112,6ABL0121,6ABL0122),R-D(FAB저장=0.6%,STB=99.4%)]; M14[R-A_sus]; M16A[R-A_sus,R-B_fast(+50/10분),SLA(13.7%4분초과)]; M16B[R-A_sus]; M16[R-B_fast(+19/10분)]; M16_PKT[R-A'(AVGTOTALTIME1MIN=5.57분/기준7.5),R-A_sus]; 흐름:M14B_LFT_4ABLD_TO_HUB_SUM=1.6x(주의)",10,5,0,0,8,7,0,0,0,0,5,0,0,0,0,0,0,0,0,0,0,0,0,0,0,0,0,0,5,0,5,0,0,5,0,0,0,5,0,0,0,0,0,0,0,75,5,5,0,0,4,0,0,0,0,-16,-1,-18,50,-1,-1,0.61,78.70,78.91,92.60,83.04,0,118,96,90,0,0,30,5,0,15,5
M16A_HUBROOM_PR.csv,2026-06-09 10:42,2026-06-09,10:42,3,3단계 ⭐확정,3,,82,주의,M16A,25,M16HUB;M16A;M16_PKT,"M16HUB(09:42,RA+RA_sus+RB_fast+RD) → M16A(09:42,RA_sus+RB_fast+SLA) → M16(09:43,RB+RB_fast) → M14(09:52,RA_sus+RC+SLA) → M16B(09:55,RA_sus+RB+RB_fast) → M16_PKT(10:26,RA+RA_sus)",M14B_LFT_4ABLD_TO_HUB_SUM=1.6x(주의),,22,5,0,25,5,0,15,0,RA+RA_sus+RD,RA_sus,,RA+RA_sus+RB_fast+SLA,RA_sus,9.73,2.29,2.97,3.31,2.70,-7,-20,-3,-2,-32,0,100.00,7,"6ABL6011,6ABL6012,6ABL6031,6ABL6032,6ABL0112,6ABL0121,6ABL0122",12.95,0,13.80,10.89,0,33,14,40,17,0,"hot_area=M16A; S3확정; 발동: M16HUB[R-A'(AVGTOTALTIME1MIN=9.73분/기준9.0),R-A_sus,R-D(FAB저장=0.0%,STB=100.0%)]; M14[R-A_sus]; M16A[R-A'(AVGLOADTIME1MIN=3.31분/기준3.2),R-A_sus,R-B_fast(+61/10분),SLA(13.8%4분초과)]; M16B[R-A_sus]; M16_PKT[R-A'(AVGTOTALTIME1MIN=5.06분/기준7.5),R-A_sus]; 흐름:M14B_LFT_4ABLD_TO_HUB_SUM=1.6x(주의)",10,5,0,0,0,7,0,0,0,0,5,0,0,0,0,0,0,0,0,0,0,0,0,0,0,0,0,10,5,0,5,0,0,5,0,0,0,5,0,0,0,0,0,0,0,72,5,5,0,0,5,0,0,1,0,-38,-1,-16,61,-13,17,0.59,77.33,80.50,89.31,81.71,0,119,86,84,0,0,22,5,0,25,5
M16A_HUBROOM_PR.csv,2026-06-09 10:43,2026-06-09,10:43,3,3단계 ⭐확정,3,,82,주의,M16A,25,M16HUB;M16A;M16_PKT,"M16A(09:43,RA_sus+RB_fast+SLA) → M16(09:43,RB+RB_fast) → M16HUB(09:44,RA+RA_sus+RB_fast) → M14(09:52,RA_sus+RC+SLA) → M16B(09:55,RA_sus+RB+RB_fast) → M16_PKT(10:26,RA+RA_sus)",M16A_2F_TO_HUB=1.6x(주의),,22,5,0,25,5,0,15,0,RA+RA_sus+RD,RA_sus,,RA+RA_sus+RB_fast+SLA,RA_sus,5.03,2.37,2.88,2.98,2.53,-24,-30,-12,-7,-28,0,100.00,7,"6ABL6012,6ABL6022,6ABL6031,6ABL6032,6ABL0112,6ABL0121,6ABL0122",12.55,0,13.95,11.06,0,30,11,42,21,0,"hot_area=M16A; S3확정; 발동: M16HUB[R-A'(AVGTOTALTIME1MIN=5.03분/기준9.0),R-A_sus,R-D(FAB저장=0.0%,STB=100.0%)]; M14[R-A_sus]; M16A[R-A'(AVGLOADTIME1MIN=2.98분/기준3.2),R-A_sus,R-B_fast(+35/10분),SLA(13.9%4분초과)]; M16B[R-A_sus]; M16_PKT[R-A'(AVGTOTALTIME1MIN=5.65분/기준7.5),R-A_sus]; 흐름:M16A_2F_TO_HUB=1.6x(주의)",10,5,0,0,0,7,0,0,0,0,5,0,0,0,0,0,0,0,0,0,0,0,0,0,0,0,0,10,5,0,5,0,0,5,0,0,0,5,0,0,0,0,0,0,0,72,5,5,0,0,4,0,0,1,0,-45,-30,-20,35,-22,21,0.59,76.75,78.38,86.72,78.47,0,116,101,96,0,0,22,5,0,25,5
M16A_HUBROOM_PR.csv,2026-06-09 10:44,2026-06-09,10:44,3,3단계 ⭐확정,3,,82,주의,M16A,25,M16HUB;M16A;M16_PKT,"M16A(09:44,RA_sus+RB_fast+SLA) → M16HUB(09:45,RA+RA_sus+RB_fast) → M16(09:45,RB+RB_fast) → M14(09:52,RA_sus+RC+SLA) → M16B(09:55,RA_sus+RB+RB_fast) → M16_PKT(10:26,RA+RA_sus)",M16A_2F_TO_HUB=1.6x(주의),,22,5,0,25,5,0,15,0,RA+RA_sus+RD,RA_sus,,RA+RA_sus+RB_fast+SLA,RA_sus,11.30,2.39,3.00,2.91,2.63,-30,-30,-13,-14,-18,0,100.00,7,"6ABL6012,6ABL6022,6ABL6031,6ABL6032,6ABL0112,6ABL0121,6ABL0122",11.85,0,14.46,11.56,0,31,12,37,14,0,"hot_area=M16A; S3확정; 발동: M16HUB[R-A'(AVGTOTALTIME1MIN=11.30분/기준9.0),R-A_sus,R-D(FAB저장=0.0%,STB=100.0%)]; M14[R-A_sus]; M16A[R-A'(AVGLOADTIME1MIN=2.91분/기준3.2),R-A_sus,R-B_fast(+26/10분),SLA(14.5%4분초과)]; M16B[R-A_sus]; M16_PKT[R-A'(AVGTOTALTIME1MIN=5.78분/기준7.5),R-A_sus]; 흐름:M16A_2F_TO_HUB=1.6x(주의)",10,5,0,0,0,7,0,0,0,0,5,0,0,0,0,0,0,0,0,0,0,0,0,0,0,0,0,10,5,0,5,0,0,5,0,0,0,5,0,0,0,0,0,0,0,72,5,5,0,0,5,0,0,1,0,-49,-31,-21,26,-14,22,0.60,79.38,80.64,87.66,80.09,0,98,94,91,0,0,22,5,0,25,5
M16A_HUBROOM_PR.csv,2026-06-09 10:45,2026-06-09,10:45,3,3단계 ⭐확정,3,,87,주의,M16HUB,22,M16HUB;M16A;M16_PKT,"M16(09:45,RB+RB_fast) → M16HUB(09:46,RA+RA_sus+RB_fast+RC) → M16A(09:46,RA_sus+RB_fast+SLA) → M14(09:52,RA_sus+RC+SLA) → M16B(09:55,RA_sus+RB+RB_fast) → M16_PKT(10:26,RA+RA_sus)",M16A_2F_TO_HUB=2.1x(위험),,22,5,0,20,5,0,15,0,RA+RA_sus+RD,RA_sus,,RA+RA_sus+SLA,RA_sus,9.21,2.61,3.45,2.72,2.56,-40,-33,-12,-29,-13,0,100.00,6,"6ABL6012,6ABL6022,6ABL6031,6ABL6032,6ABL0112,6ABL0122",11.63,0,13.86,11.31,0,32,13,36,15,0,"hot_area=M16HUB; S3확정; 발동: M16HUB[R-A'(AVGTOTALTIME1MIN=9.21분/기준9.0),R-A_sus,R-D(FAB저장=0.0%,STB=100.0%)]; M14[R-A_sus]; M16A[R-A'(AVGLOADTIME1MIN=2.72분/기준3.2),R-A_sus,SLA(13.9%4분초과)]; M16B[R-A_sus]; M16_PKT[R-A'(AVGTOTALTIME1MIN=6.72분/기준7.5),R-A_sus]; 흐름:M16A_2F_TO_HUB=2.1x(위험)",10,5,0,0,0,7,0,0,0,0,5,0,0,0,0,0,0,0,0,0,0,0,0,0,0,0,0,10,5,0,0,0,0,5,0,0,0,5,0,0,0,0,0,0,0,67,15,5,0,0,6,0,0,1,0,-68,-40,-19,7,-16,17,0.62,79.38,80.50,86.60,78.47,0,113,103,97,0,0,22,5,0,20,5
M16A_HUBROOM_PR.csv,2026-06-09 10:46,2026-06-09,10:46,1,1단계 조기경보,3,3→1,77,경계,M16HUB,22,M16HUB;M16A;M16_PKT,"M16HUB(09:47,RA+RA_sus) → M16A(09:48,RA_sus+RB_fast+SLA) → M14(09:52,RA_sus+RC+SLA) → M16B(09:55,RA_sus+RB+RB_fast) → M16(09:57,RB+RB_fast) → M16_PKT(10:26,RA+RA_sus)",M16A_2F_TO_HUB=1.6x(주의),,22,5,0,20,5,0,15,0,RA+RA_sus+RD,RA_sus,,RA+RA_sus+SLA,RA_sus,5.62,2.57,3.40,2.91,2.56,-46,-37,-8,-38,-10,0,100.00,8,"6ABL6011,6ABL6012,6ABL6022,6ABL6031,6ABL6032,6ABL0112,6ABL0121,6ABL0122",11.35,0,14.48,11.83,0,32,15,39,16,0,"hot_area=M16HUB; S1조기경보; 발동: M16HUB[R-A'(AVGTOTALTIME1MIN=5.62분/기준9.0),R-A_sus,R-D(FAB저장=0.0%,STB=100.0%)]; M14[R-A_sus]; M16A[R-A'(AVGLOADTIME1MIN=2.91분/기준3.2),R-A_sus,SLA(14.5%4분초과)]; M16B[R-A_sus]; M16_PKT[R-A'(AVGTOTALTIME1MIN=7.89분/기준7.5),R-A_sus]; 흐름:M16A_2F_TO_HUB=1.6x(주의)",10,5,0,0,0,7,0,0,0,0,5,0,0,0,0,0,0,0,0,0,0,0,0,0,0,0,0,10,5,0,0,0,0,5,0,0,0,5,0,0,0,0,0,0,0,67,5,5,0,0,5,0,0,1,0,-72,-37,-14,1,-16,25,0.64,79.28,79.58,87.31,77.43,0,97,97,92,0,0,22,5,0,20,5
M16A_HUBROOM_PR.csv,2026-06-09 10:47,2026-06-09,10:47,1,1단계 조기경보,1,,77,경계,M16HUB,22,M16HUB;M16A;M16_PKT,"M16HUB(09:49,RA+RA_sus+RC) → M14(09:52,RA_sus+RC+SLA) → M16B(09:55,RA_sus+RB+RB_fast) → M16(09:57,RB+RB_fast) → M16A(10:03,RA_sus+RB_fast+SLA) → M16_PKT(10:26,RA+RA_sus)",M16A_2F_TO_HUB=1.6x(주의),,22,5,0,20,5,0,15,0,RA+RA_sus+RD,RA_sus,,RA+RA_sus+SLA,RA_sus,8.20,2.51,3.28,2.78,2.43,-47,-43,-16,-34,-2,0,100.00,8,"6ABL6011,6ABL6012,6ABL6022,6ABL6031,6ABL6032,6ABL0111,6ABL0121,6ABL0122",11.44,0,13.82,11.12,0,33,15,43,19,0,"hot_area=M16HUB; S1조기경보; 발동: M16HUB[R-A'(AVGTOTALTIME1MIN=8.20분/기준9.0),R-A_sus,R-D(FAB저장=0.0%,STB=100.0%)]; M14[R-A_sus]; M16A[R-A'(AVGLOADTIME1MIN=2.78분/기준3.2),R-A_sus,SLA(13.8%4분초과)]; M16B[R-A_sus]; M16_PKT[R-A'(AVGTOTALTIME1MIN=4.20분/기준7.5),R-A_sus]; 흐름:M16A_2F_TO_HUB=1.6x(주의)",10,5,0,0,0,7,0,0,0,0,5,0,0,0,0,0,0,0,0,0,0,0,0,0,0,0,0,10,5,0,0,0,0,5,0,0,0,5,0,0,0,0,0,0,0,67,5,5,0,0,5,0,0,1,0,-77,-55,-20,-21,-30,29,0.67,76.85,80.77,85.31,79.50,0,104,102,94,0,0,22,5,0,20,5
M16A_HUBROOM_PR.csv,2026-06-09 10:48,2026-06-09,10:48,1,1단계 조기경보,1,,82,주의,M16HUB,22,M16HUB;M16A;M16_PKT,"M16HUB(09:52,RA+RA_sus+RD) → M14(09:52,RA_sus+RC+SLA) → M16B(09:55,RA_sus+RB+RB_fast) → M16(09:57,RB+RB_fast) → M16A(10:03,RA_sus+RB_fast+SLA) → M16_PKT(10:26,RA+RA_sus)",,,22,5,0,20,10,0,15,0,RA+RA_sus+RD,RA_sus,,RA+RA_sus+SLA,RA_sus+SLA,8.89,2.52,3.10,2.55,2.49,-47,-41,-18,-52,-4,0,100.00,8,"6ABL6011,6ABL6012,6ABL6022,6ABL6031,6ABL6032,6ABL0112,6ABL0121,6ABL0122",11.16,0,13.94,11.36,0,36,16,39,17,0,"hot_area=M16HUB; S1조기경보; 발동: M16HUB[R-A'(AVGTOTALTIME1MIN=8.89분/기준9.0),R-A_sus,R-D(FAB저장=0.0%,STB=100.0%)]; M14[R-A_sus]; M16A[R-A'(AVGLOADTIME1MIN=2.55분/기준3.2),R-A_sus,SLA(13.9%4분초과)]; M16B[R-A_sus,SLA(11.4%4분초과)]; M16_PKT[R-A'(AVGTOTALTIME1MIN=4.78분/기준7.5),R-A_sus]",10,5,0,0,0,7,0,0,0,0,5,0,0,0,0,0,0,0,0,0,0,0,0,0,0,0,0,10,5,0,0,0,0,5,0,0,0,5,0,0,0,0,5,0,0,72,0,10,0,0,5,0,0,1,0,-87,-60,-23,-37,-28,8,0.65,74.61,82.89,87.43,78.61,0,102,93,85,0,0,22,5,0,20,10
M16A_HUBROOM_PR.csv,2026-06-09 10:49,2026-06-09,10:49,1,1단계 조기경보,1,,77,경계,M16HUB,22,M16HUB;M16A;M16_PKT,"M16HUB(09:54,RA+RD) → M16B(09:55,RA_sus+RB+RB_fast) → M16(09:57,RB+RB_fast) → M16A(10:03,RA_sus+RB_fast+SLA) → M16_PKT(10:26,RA+RA_sus)",M16A_2F_TO_HUB=1.5x(주의),,22,5,0,20,5,0,15,0,RA+RA_sus+RD,RA_sus,,RA+RA_sus+SLA,RA_sus,5.45,2.58,3.21,2.94,2.43,-49,-44,-15,-48,-3,0,100.00,8,"6ABL6011,6ABL6012,6ABL6022,6ABL6031,6ABL6032,6ABL0112,6ABL0121,6ABL0122",11.29,0,14.19,10.40,0,36,18,43,20,0,"hot_area=M16HUB; S1조기경보; 발동: M16HUB[R-A'(AVGTOTALTIME1MIN=5.45분/기준9.0),R-A_sus,R-D(FAB저장=0.0%,STB=100.0%)]; M14[R-A_sus]; M16A[R-A'(AVGLOADTIME1MIN=2.94분/기준3.2),R-A_sus,SLA(14.2%4분초과)]; M16B[R-A_sus]; M16_PKT[R-A'(AVGTOTALTIME1MIN=10.48분/기준7.5),R-A_sus]; 흐름:M16A_2F_TO_HUB=1.5x(주의)",10,5,0,0,0,7,0,0,0,0,5,0,0,0,0,0,0,0,0,0,0,0,0,0,0,0,0,10,5,0,0,0,0,5,0,0,0,5,0,0,0,0,0,0,0,67,5,5,0,0,4,0,0,1,0,-82,-57,-13,-62,-34,19,0.63,73.54,82.76,87.54,75.22,0,106,103,86,0,0,22,5,0,20,5
M16A_HUBROOM_PR.csv,2026-06-09 10:50,2026-06-09,10:50,1,1단계 조기경보,1,,75,경계,M16HUB,30,M16HUB;M16A,"M16B(09:55,RA_sus+RB+RB_fast) → M16HUB(09:56,RA+RD) → M16(09:57,RB+RB_fast) → M16A(10:03,RA_sus+RB_fast+SLA) → M16_PKT(10:26,RA+RA_sus)",,,30,5,0,20,5,0,10,0,RA+RA_sus+RC+RD,RA_sus,,RA+RA_sus+SLA,RA_sus,9.00,2.62,2.98,2.88,2.41,-41,-38,-16,-58,-6,0,100.00,6,"6ABL6012,6ABL6022,6ABL6032,6ABL0111,6ABL0121,6ABL0122",12.05,0,13.35,8.17,0,34,17,40,18,0,"hot_area=M16HUB; S1조기경보; 발동: M16HUB[R-A'(AVGTOTALTIME1MIN=9.00분/기준9.0),R-A_sus,R-C'(역증가6개:6ABL6012,6ABL6022,6ABL6032,6ABL0111,6ABL0121,6ABL0122),R-D(FAB저장=0.0%,STB=100.0%)]; M14[R-A_sus]; M16A[R-A'(AVGLOADTIME1MIN=2.88분/기준3.2),R-A_sus,SLA(13.3%4분초과)]; M16B[R-A_sus]; M16_PKT[R-A'(AVGTOTALTIME1MIN=4.94분/기준7.5)]",10,5,0,0,8,7,0,0,0,0,5,0,0,0,0,0,0,0,0,0,0,0,0,0,0,0,0,10,5,0,0,0,0,5,0,0,0,5,0,0,0,0,0,0,0,70,0,5,0,0,5,0,0,1,0,-70,-53,-16,-83,-32,-1,0.65,74.71,81.83,86.96,77.29,0,101,88,60,0,0,30,5,0,20,5
M16A_HUBROOM_PR.csv,2026-06-09 10:51,2026-06-09,10:51,1,1단계 조기경보,1,,65,경계,M16HUB,22,M16HUB;M16A,"M16HUB(09:57,RA+RD) → M16B(09:57,RA_sus+RB+RB_fast) → M16(09:57,RB+RB_fast) → M16A(10:03,RA_sus+RB_fast+SLA) → M16_PKT(10:26,RA+RA_sus)",,,22,13,0,15,5,0,10,0,RA+RA_sus+RD,RA_sus+RC,,RA+RA_sus,RA_sus,10.36,2.54,3.17,2.84,2.40,-30,-25,-11,-67,-7,0,100.00,7,"6ABL6011,6ABL6012,6ABL6022,6ABL6032,6ABL0111,6ABL0121,6ABL0122",12.33,0,12.48,11.01,0,34,17,40,18,0,"hot_area=M16HUB; S1조기경보; 발동: M16HUB[R-A'(AVGTOTALTIME1MIN=10.36분/기준9.0),R-A_sus,R-D(FAB저장=0.0%,STB=100.0%)]; M14[R-A_sus,R-C'(CNV쏠림)]; M16A[R-A'(AVGLOADTIME1MIN=2.84분/기준3.2),R-A_sus]; M16B[R-A_sus]; M16_PKT[R-A'(AVGTOTALTIME1MIN=7.61분/기준7.5)]",10,5,0,0,0,7,0,0,0,0,5,0,0,8,0,0,0,0,0,0,0,0,0,0,0,0,0,10,5,0,0,0,0,0,0,0,0,5,0,0,0,0,0,0,0,65,0,0,0,0,5,0,0,1,0,-55,-31,-11,-98,-25,13,0.73,74.32,80.37,84.14,76.40,0,115,99,93,0,0,22,13,0,15,5
M16A_HUBROOM_PR.csv,2026-06-09 10:52,2026-06-09,10:52,1,1단계 조기경보,1,,60,관심,M16HUB,22,M16HUB;M16_PKT,"M16(09:57,RB+RB_fast) → M16HUB(09:58,RA+RC+RD) → M16B(09:58,RA_sus+RB+RB_fast) → M16A(10:03,RA_sus+RB_fast+SLA) → M16_PKT(10:26,RA+RA_sus)",,,22,13,0,5,5,0,15,0,RA+RA_sus+RD,RA_sus+RC,,RA_sus,RA_sus,6.65,2.41,3.20,2.80,2.88,-28,-24,-13,-70,5,0,100.00,7,"6ABL6012,6ABL6022,6ABL6031,6ABL6032,6ABL0111,6ABL0112,6ABL0122",12.54,0,12.13,10.80,0,43,22,40,18,0,"hot_area=M16HUB; S1조기경보; 발동: M16HUB[R-A'(AVGTOTALTIME1MIN=6.65분/기준9.0),R-A_sus,R-D(FAB저장=0.0%,STB=100.0%)]; M14[R-A_sus,R-C'(CNV쏠림)]; M16A[R-A_sus]; M16B[R-A_sus]; M16_PKT[R-A'(AVGTOTALTIME1MIN=7.29분/기준7.5),R-A_sus]",10,5,0,0,0,7,0,0,0,0,5,0,0,8,0,0,0,0,0,0,0,0,0,0,0,0,0,0,5,0,0,0,0,0,0,0,0,5,0,0,0,0,0,0,0,60,0,0,0,0,4,0,0,0,0,-32,-30,-13,-119,-6,7,0.71,70.62,79.31,82.02,76.84,0,106,86,82,0,0,22,13,0,5,5
M16A_HUBROOM_PR.csv,2026-06-09 10:53,2026-06-09,10:53,3,3단계 ⭐확정,1,1→3,67,경계,M16HUB,22,M16HUB;M16_PKT,"M16B(09:58,RA_sus+RB+RB_fast) → M16HUB(09:59,RA+RA_sus+RC+RD) → M16(09:59,RB+RB_fast) → M16A(10:03,RA_sus+RB_fast+SLA) → M16_PKT(10:26,RA+RA_sus)",M16A_2F_TO_HUB=2.5x(위험),,22,5,0,5,5,0,15,0,RA+RA_sus+RD,RA_sus,,RA_sus,RA_sus,6.11,2.37,2.96,2.74,2.64,-21,-27,-7,-69,10,0,100.00,8,"6ABL6011,6ABL6012,6ABL6022,6ABL6032,6ABL0111,6ABL0112,6ABL0121,6ABL0122",13.03,0,11.87,9.75,0,42,19,43,17,0,"hot_area=M16HUB; S3확정; 발동: M16HUB[R-A'(AVGTOTALTIME1MIN=6.11분/기준9.0),R-A_sus,R-D(FAB저장=0.0%,STB=100.0%)]; M14[R-A_sus]; M16A[R-A_sus]; M16B[R-A_sus]; M16_PKT[R-A'(AVGTOTALTIME1MIN=5.87분/기준7.5),R-A_sus]; 흐름:M16A_2F_TO_HUB=2.5x(위험)",10,5,0,0,0,7,0,0,0,0,5,0,0,0,0,0,0,0,0,0,0,0,0,0,0,0,0,0,5,0,0,0,0,0,0,0,0,5,0,0,0,0,0,0,0,52,15,0,0,0,4,0,0,0,0,-10,-10,11,-107,8,14,0.69,74.81,80.77,85.08,80.38,0,117,92,82,0,0,22,5,0,5,5
M16A_HUBROOM_PR.csv,2026-06-09 10:54,2026-06-09,10:54,3,3단계 ⭐확정,3,,72,경계,M16HUB,22,M16HUB;M16_PKT,"M16B(09:59,RA_sus+RB+RB_fast) → M16(09:59,RB+RB_fast) → M16HUB(10:00,RA+RC+RD) → M16A(10:03,RA_sus+RB_fast+SLA) → M16_PKT(10:26,RA+RA_sus)",M16A_2F_TO_HUB=2.3x(위험),,22,5,0,5,10,0,15,0,RA+RA_sus+RD,RA_sus,,RA_sus,RA_sus+RB_fast,9.91,2.52,2.85,2.66,2.94,-9,-24,-8,-48,-4,0,100.00,8,"6ABL6011,6ABL6012,6ABL6022,6ABL6032,6ABL0111,6ABL0112,6ABL0121,6ABL0122",12.75,0,11.52,9.79,0,44,20,46,20,0,"hot_area=M16HUB; S3확정; 발동: M16HUB[R-A'(AVGTOTALTIME1MIN=9.91분/기준9.0),R-A_sus,R-D(FAB저장=0.0%,STB=100.0%)]; M14[R-A_sus]; M16A[R-A_sus]; M16B[R-A_sus,R-B_fast(+11/10분)]; M16_PKT[R-A'(AVGTOTALTIME1MIN=7.97분/기준7.5),R-A_sus]; 흐름:M16A_2F_TO_HUB=2.3x(위험)",10,5,0,0,0,7,0,0,0,0,5,0,0,0,0,0,0,0,0,0,0,0,0,0,0,0,0,0,5,0,0,0,0,0,0,0,0,5,0,5,0,0,0,0,0,57,15,0,0,0,4,0,0,0,0,19,-1,16,-99,11,10,0.69,72.37,81.30,82.96,77.88,0,115,79,74,0,0,22,5,0,5,10
M16A_HUBROOM_PR.csv,2026-06-09 10:55,2026-06-09,10:55,3,3단계 ⭐확정,3,,77,경계,M16HUB,27,M16HUB;M16_PKT,"M16HUB(10:00,RA+RC+RD) → M16B(10:00,RA_sus+RB+RB_fast) → M16(10:01,RB+RB_fast) → M16A(10:03,RA_sus+RB_fast+SLA) → M16_PKT(10:26,RA+RA_sus)",M16A_2F_TO_HUB=2.2x(위험),,27,5,0,5,10,0,15,0,RA+RA_sus+RB_fast+RD,RA_sus,,RA_sus,RA_sus+RB_fast,5.62,2.24,2.86,2.68,2.47,-4,-5,-8,-49,-16,0,100.00,7,"6ABL6012,6ABL6022,6ABL6031,6ABL6032,6ABL0112,6ABL0121,6ABL0122",12.63,0,11.32,10.00,0,44,21,40,18,0,"hot_area=M16HUB; S3확정; 발동: M16HUB[R-A'(AVGTOTALTIME1MIN=5.62분/기준9.0),R-A_sus,R-B_fast(+40/10분),R-D(FAB저장=0.0%,STB=100.0%)]; M14[R-A_sus]; M16A[R-A_sus]; M16B[R-A_sus,R-B_fast(+19/10분)]; M16_PKT[R-A'(AVGTOTALTIME1MIN=4.11분/기준7.5),R-A_sus]; 흐름:M16A_2F_TO_HUB=2.2x(위험)",10,5,0,5,0,7,0,0,0,0,5,0,0,0,0,0,0,0,0,0,0,0,0,0,0,0,0,0,5,0,0,0,0,0,0,0,0,5,0,5,0,0,0,0,0,62,15,0,0,0,3,0,0,0,0,40,18,26,-83,19,21,0.69,71.01,79.31,84.37,78.91,0,120,85,87,0,0,27,5,0,5,10
M16A_HUBROOM_PR.csv,2026-06-09 10:56,2026-06-09,10:56,3,3단계 ⭐확정,3,,82,주의,M16HUB,27,M16HUB;M16_PKT,"M16HUB(10:01,RA+RA_sus) → M16B(10:01,RA_sus+RB+RB_fast) → M16(10:01,RB+RB_fast) → M16A(10:03,RA_sus+RB_fast+SLA) → M16_PKT(10:26,RA+RA_sus)",M16A_2F_TO_HUB=2.1x(위험),,27,10,0,5,10,0,15,0,RA+RA_sus+RB_fast+RD,RA_sus+RB_fast,,RA_sus,RA_sus+RB_fast,10.67,2.28,2.81,2.81,2.74,23,6,-11,-38,-17,0,100.00,9,"6ABL6011,6ABL6012,6ABL6022,6ABL6031,6ABL6032,6ABL0111,6ABL0112,6ABL0121,6ABL0122",12.37,0,11.57,10.37,0,48,19,38,16,0,"hot_area=M16HUB; S3확정; 발동: M16HUB[R-A'(AVGTOTALTIME1MIN=10.67분/기준9.0),R-A_sus,R-B_fast(+75/10분),R-D(FAB저장=0.0%,STB=100.0%)]; M14[R-A_sus,R-B_fast(+33/10분)]; M16A[R-A_sus]; M16B[R-A_sus,R-B_fast(+16/10분)]; M16_PKT[R-A'(AVGTOTALTIME1MIN=9.10분/기준7.5),R-A_sus]; 흐름:M16A_2F_TO_HUB=2.1x(위험)",10,5,0,5,0,7,0,0,0,0,5,0,5,0,0,0,0,0,0,0,0,0,0,0,0,0,0,0,5,0,0,0,0,0,0,0,0,5,0,5,0,0,0,0,0,67,15,0,0,0,4,0,0,0,0,75,33,17,-80,16,24,0.64,71.01,82.23,86.13,75.66,0,105,78,81,0,0,27,10,0,5,10
M16A_HUBROOM_PR.csv,2026-06-09 10:57,2026-06-09,10:57,3,3단계 ⭐확정,3,,77,경계,M16HUB,27,M16HUB;M16_PKT,"M16(10:01,RB+RB_fast) → M16HUB(10:03,RA+RA_sus+RC) → M16A(10:03,RA_sus+RB_fast+SLA) → M16B(10:09,RA_sus+RB_fast+SLA) → M16_PKT(10:26,RA+RA_sus)",M16A_2F_TO_HUB=1.7x(주의),,27,10,0,5,10,5,15,0,RA+RA_sus+RB_fast+RD,RA_sus+RB_fast,,RA_sus,RA_sus+RB_fast,5.64,2.45,2.85,2.48,2.18,3,-4,-2,-20,-18,0,100.00,9,"6ABL6011,6ABL6012,6ABL6022,6ABL6031,6ABL6032,6ABL0111,6ABL0112,6ABL0121,6ABL0122",12.16,0,9.96,7.92,0,49,21,45,19,0,"hot_area=M16HUB; S3확정; 발동: M16HUB[R-A'(AVGTOTALTIME1MIN=5.64분/기준9.0),R-A_sus,R-B_fast(+84/10분),R-D(FAB저장=0.0%,STB=100.0%)]; M14[R-A_sus,R-B_fast(+56/10분)]; M16A[R-A_sus]; M16B[R-A_sus,R-B_fast(+22/10분)]; M16[R-B_fast(+52/10분)]; M16_PKT[R-A'(AVGTOTALTIME1MIN=5.23분/기준7.5),R-A_sus]; 흐름:M16A_2F_TO_HUB=1.7x(주의)",10,5,0,5,0,7,0,0,0,0,5,0,5,0,0,0,0,0,0,0,0,0,0,0,0,0,0,0,5,0,0,0,0,0,0,0,0,5,0,5,0,0,0,0,0,72,5,0,0,0,4,0,0,0,0,84,56,27,-60,22,39,0.62,74.51,83.29,87.66,82.87,0,107,74,67,0,0,27,10,0,5,10
M16A_HUBROOM_PR.csv,2026-06-09 10:58,2026-06-09,10:58,3,3단계 ⭐확정,3,,67,경계,M16HUB,27,M16HUB;M16_PKT,"M16A(10:03,RA_sus+RB_fast+SLA) → M16(10:03,RB+RB_fast) → M16HUB(10:04,RA+RC) → M16B(10:09,RA_sus+RB_fast+SLA) → M16_PKT(10:26,RA+RA_sus)",,,27,10,0,5,10,0,15,0,RA+RA_sus+RB_fast+RD,RA_sus+RB_fast,,RA_sus,RA_sus+RB_fast,11.42,2.43,2.79,2.54,2.06,12,-2,6,-31,-20,0,100.00,8,"6ABL6011,6ABL6012,6ABL6022,6ABL6031,6ABL6032,6ABL0112,6ABL0121,6ABL0122",12.32,0,9.30,6.55,0,43,18,42,15,0,"hot_area=M16HUB; S3확정; 발동: M16HUB[R-A'(AVGTOTALTIME1MIN=11.42분/기준9.0),R-A_sus,R-B_fast(+98/10분),R-D(FAB저장=0.0%,STB=100.0%)]; M14[R-A_sus,R-B_fast(+59/10분)]; M16A[R-A_sus]; M16B[R-A_sus,R-B_fast(+18/10분)]; M16_PKT[R-A'(AVGTOTALTIME1MIN=5.79분/기준7.5),R-A_sus]",10,5,0,5,0,7,0,0,0,0,5,0,5,0,0,0,0,0,0,0,0,0,0,0,0,0,0,0,5,0,0,0,0,0,0,0,0,5,0,5,0,0,0,0,0,67,0,0,0,0,5,0,0,0,0,98,59,31,-52,18,33,0.60,78.11,82.36,88.37,82.13,0,112,62,49,0,0,27,10,0,5,10
M16A_HUBROOM_PR.csv,2026-06-09 10:59,2026-06-09,10:59,3,3단계 ⭐확정,3,,72,경계,M16HUB,27,M16HUB;M16_PKT,"M16HUB(10:04,RA+RC) → M16A(10:04,RA_sus+RB_fast+SLA) → M16(10:05,RB+RB_fast) → M16B(10:09,RA_sus+RB_fast+SLA) → M16_PKT(10:26,RA+RA_sus)",,,27,10,0,5,10,5,15,0,RA+RA_sus+RB_fast+RD,RA_sus+RB_fast,,RA_sus,RA_sus+RB_fast,8.03,2.43,2.79,2.41,2.65,5,4,9,-6,-12,0,100.00,5,"6ABL6011,6ABL6022,6ABL6032,6ABL0112,6ABL0122",12.17,0,9.30,8.52,0,44,16,34,17,0,"hot_area=M16HUB; S3확정; 발동: M16HUB[R-A'(AVGTOTALTIME1MIN=8.03분/기준9.0),R-A_sus,R-B_fast(+91/10분),R-D(FAB저장=0.0%,STB=100.0%)]; M14[R-A_sus,R-B_fast(+56/10분)]; M16A[R-A_sus]; M16B[R-A_sus,R-B_fast(+23/10분)]; M16[R-B_fast(+39/10분)]; M16_PKT[R-A'(AVGTOTALTIME1MIN=6.81분/기준7.5),R-A_sus]",10,5,0,5,0,7,0,0,0,0,5,0,5,0,0,0,0,0,0,0,0,0,0,0,0,0,0,0,5,0,0,0,0,0,0,0,0,5,0,5,0,0,0,0,0,72,0,0,0,0,5,0,0,0,0,91,56,30,-14,23,32,0.63,76.46,79.71,87.19,85.52,0,112,65,69,0,0,27,10,0,5,10
M16A_HUBROOM_PR.csv,2026-06-09 11:00,2026-06-09,11:00,3,3단계 ⭐확정,3,,77,경계,M16HUB,27,M16HUB;M16_PKT,"M16HUB(10:05,RA+RA_sus+RC+RD) → M16A(10:05,RA_sus+RB_fast+SLA) → M16(10:05,RB+RB_fast) → M16B(10:09,RA_sus+RB_fast+SLA) → M16_PKT(10:26,RA+RA_sus)",M14B_7F_TO_HUB=1.7x(주의),,27,10,5,5,5,0,15,5,RA+RA_sus+RB_fast+RD,RA_sus+RB_fast,RB_fast,RA_sus,RB_fast,9.46,2.65,2.95,2.85,2.31,22,6,17,-14,-7,0,100.00,7,"6ABL6011,6ABL6012,6ABL6022,6ABL6031,6ABL6032,6ABL0121,6ABL0122",12.35,0,9.03,6.53,0,42,19,34,16,0,"hot_area=M16HUB; S3확정; 발동: M16HUB[R-A'(AVGTOTALTIME1MIN=9.46분/기준9.0),R-A_sus,R-B_fast(+99/10분),R-D(FAB저장=0.0%,STB=100.0%)]; M14[R-A_sus,R-B_fast(+51/10분)]; M14B[R-B_fast(+45/10분)]; M16A[R-A_sus]; M16B[R-B_fast(+20/10분)]; M16_PKT[R-A'(AVGTOTALTIME1MIN=5.19분/기준7.5),R-A_sus]; M16_WT[R-A_sus]; 흐름:M14B_7F_TO_HUB=1.7x(주의)",10,5,0,5,0,7,0,0,0,0,5,0,5,0,0,0,0,0,0,0,0,5,0,0,0,0,0,0,5,0,0,0,0,0,0,0,0,0,0,5,0,0,0,0,0,72,5,0,0,0,5,0,0,0,0,99,51,45,4,20,26,0.63,76.36,80.50,91.30,81.39,0,103,55,47,0,0,27,10,5,5,5
M16A_HUBROOM_PR.csv,2026-06-09 11:01,2026-06-09,11:01,3,3단계 ⭐확정,3,,72,경계,M16HUB,27,M16HUB;M16_PKT,"M16(10:05,RB+RB_fast) → M16HUB(10:06,RA+RC+RD) → M16A(10:06,RA+RA_sus+RB_fast+SLA) → M16B(10:09,RA_sus+RB_fast+SLA) → M16_PKT(10:26,RA+RA_sus)",,,27,10,0,5,5,5,15,5,RA+RA_sus+RB_fast+RD,RA_sus+RB_fast,,RA_sus,RB_fast,5.87,2.52,3.02,2.91,2.62,12,9,4,-34,-11,0,100.00,6,"6ABL6011,6ABL6022,6ABL6032,6ABL0111,6ABL0112,6ABL0122",11.43,0,11.96,8.06,0,36,13,43,17,0,"hot_area=M16HUB; S3확정; 발동: M16HUB[R-A'(AVGTOTALTIME1MIN=5.87분/기준9.0),R-A_sus,R-B_fast(+83/10분),R-D(FAB저장=0.0%,STB=100.0%)]; M14[R-A_sus,R-B_fast(+41/10분)]; M16A[R-A_sus]; M16B[R-B_fast(+15/10분)]; M16[R-B_fast(+22/10분)]; M16_PKT[R-A'(AVGTOTALTIME1MIN=7.39분/기준7.5),R-A_sus]; M16_WT[R-A_sus]",10,5,0,5,0,7,0,0,0,0,5,0,5,0,0,0,0,0,0,0,0,0,0,0,0,0,0,0,5,0,0,0,0,0,0,0,0,0,0,5,0,0,0,0,0,72,0,0,0,0,4,0,0,0,0,83,41,33,14,15,21,0.64,76.56,80.64,91.54,80.35,0,111,86,69,0,0,27,10,0,5,5
M16A_HUBROOM_PR.csv,2026-06-09 11:02,2026-06-09,11:02,3,3단계 ⭐확정,3,,72,경계,M16HUB,27,M16HUB;M16_PKT,"M16A(10:06,RA+RA_sus+RB_fast+SLA) → M16HUB(10:07,RA+RC+RD) → M16B(10:09,RA_sus+RB_fast+SLA) → M16_PKT(10:26,RA+RA_sus)",,,27,10,0,10,5,0,15,5,RA+RA_sus+RB_fast+RD,RA_sus+RB_fast,,RA_sus+RB_fast,RA_sus,10.04,2.45,3.28,3.14,2.38,-27,2,2,-28,-16,0,100.00,4,"6ABL6022,6ABL6032,6ABL0111,6ABL0122",11.10,0,12.46,7.49,0,32,13,35,16,0,"hot_area=M16HUB; S3확정; 발동: M16HUB[R-A'(AVGTOTALTIME1MIN=10.04분/기준9.0),R-A_sus,R-B_fast(+43/10분),R-D(FAB저장=0.0%,STB=100.0%)]; M14[R-A_sus,R-B_fast(+33/10분)]; M16A[R-A_sus,R-B_fast(+30/10분)]; M16B[R-A_sus]; M16_PKT[R-A'(AVGTOTALTIME1MIN=6.89분/기준7.5),R-A_sus]; M16_WT[R-A_sus]",10,5,0,5,0,7,0,0,0,0,5,0,5,0,0,0,0,0,0,0,0,0,0,0,0,0,0,0,5,0,5,0,0,0,0,0,0,5,0,0,0,0,0,0,0,72,0,0,0,0,5,0,0,0,0,43,33,31,30,3,3,0.64,73.64,83.16,91.89,78.14,0,94,80,57,0,0,27,10,0,10,5
M16A_HUBROOM_PR.csv,2026-06-09 11:03,2026-06-09,11:03,3,3단계 ⭐확정,3,,77,경계,M16HUB,27,M16HUB;M16A;M16_PKT,"M16HUB(10:08,RA+RC+RD) → M16A(10:08,RA+RA_sus+RB_fast+SLA) → M16B(10:09,RA_sus+RB_fast+SLA) → M16_PKT(10:26,RA+RA_sus)",,,27,5,0,15,5,5,15,0,RA+RA_sus+RB_fast+RD,RA_sus,,RA_sus+RB_fast+SLA,RA_sus,4.73,2.53,3.14,2.90,2.43,-15,-22,6,-36,-16,0,100.00,5,"6ABL6011,6ABL6022,6ABL6032,6ABL0111,6ABL0122",11.33,0,13.12,7.14,0,31,12,36,14,0,"hot_area=M16HUB; S3확정; 발동: M16HUB[R-A'(AVGTOTALTIME1MIN=4.73분/기준9.0),R-A_sus,R-B_fast(+40/10분),R-D(FAB저장=0.0%,STB=100.0%)]; M14[R-A_sus]; M16A[R-A_sus,R-B_fast(+36/10분),SLA(13.1%4분초과)]; M16B[R-A_sus]; M16[R-B_fast(+38/10분)]; M16_PKT[R-A'(AVGTOTALTIME1MIN=5.39분/기준7.5),R-A_sus]",10,5,0,5,0,7,0,0,0,0,5,0,0,0,0,0,0,0,0,0,0,0,0,0,0,0,0,0,5,0,5,0,0,5,0,0,0,5,0,0,0,0,0,0,0,72,0,5,0,0,5,0,0,0,0,40,18,15,36,-2,4,0.63,77.33,81.96,90.36,79.17,0,103,95,62,0,0,27,5,0,15,5
M16A_HUBROOM_PR.csv,2026-06-09 11:04,2026-06-09,11:04,3,3단계 ⭐확정,3,,87,주의,M16HUB,22,M16HUB;M16A;M16_PKT,"M16A(10:09,RA+RA_sus+RB_fast+SLA) → M16B(10:09,RA_sus+RB_fast+SLA) → M16HUB(10:10,RA+RA_sus+RD) → M16_PKT(10:26,RA+RA_sus)",M16B_10F_TO_HUB=2.1x(위험),,22,5,0,15,10,0,15,0,RA+RA_sus+RD,RA_sus,,RA_sus+RB_fast+SLA,RA_sus+RB_fast,7.20,2.58,3.02,2.98,2.60,-1,-12,4,-35,13,0,100.00,6,"6ABL6011,6ABL6022,6ABL6032,6ABL0111,6ABL0112,6ABL0122",11.62,0,13.55,7.85,0,32,14,37,17,0,"hot_area=M16HUB; S3확정; 발동: M16HUB[R-A'(AVGTOTALTIME1MIN=7.20분/기준9.0),R-A_sus,R-D(FAB저장=0.0%,STB=100.0%)]; M14[R-A_sus]; M16A[R-A_sus,R-B_fast(+38/10분),SLA(13.6%4분초과)]; M16B[R-A_sus,R-B_fast(+16/10분)]; M16_PKT[R-A'(AVGTOTALTIME1MIN=4.95분/기준7.5),R-A_sus]; 흐름:M16B_10F_TO_HUB=2.1x(위험)",10,5,0,0,0,7,0,0,0,0,5,0,0,0,0,0,0,0,0,0,0,0,0,0,0,0,0,0,5,0,5,0,0,5,0,0,0,5,0,5,0,0,0,0,0,67,15,5,0,0,4,0,0,0,0,29,20,9,38,16,2,0.64,78.99,80.37,92.24,81.68,0,105,89,61,0,0,22,5,0,15,10
M16A_HUBROOM_PR.csv,2026-06-09 11:05,2026-06-09,11:05,3,3단계 ⭐확정,3,,97,주의,M16HUB,22,M16HUB;M16A;M16_PKT,"M16A(10:10,RA+RA_sus+RB_fast+SLA) → M16HUB(10:11,RA+RA_sus+RC+RD) → M16B(10:11,RA_sus+RB_fast+SLA) → M16_PKT(10:26,RA+RA_sus)",M16A_2F_TO_HUB=1.8x(주의);M16B_10F_TO_HUB=2.3x(위험),,22,5,0,15,10,5,15,0,RA+RA_sus+RD,RA_sus,,RA_sus+RB_fast+SLA,RA_sus+RB_fast,9.21,2.37,3.04,2.99,2.37,-10,-8,-1,-33,20,0,100.00,6,"6ABL6011,6ABL6031,6ABL6032,6ABL0111,6ABL0112,6ABL0122",11.76,0,14.32,6.82,0,30,13,38,15,0,"hot_area=M16HUB; S3확정; 발동: M16HUB[R-A'(AVGTOTALTIME1MIN=9.21분/기준9.0),R-A_sus,R-D(FAB저장=0.0%,STB=100.0%)]; M14[R-A_sus]; M16A[R-A_sus,R-B_fast(+43/10분),SLA(14.3%4분초과)]; M16B[R-A_sus,R-B_fast(+17/10분)]; M16[R-B_fast(+28/10분)]; M16_PKT[R-A'(AVGTOTALTIME1MIN=4.79분/기준7.5),R-A_sus]; 흐름:M16A_2F_TO_HUB=1.8x(주의);M16B_10F_TO_HUB=2.3x(위험)",10,5,0,0,0,7,0,0,0,0,5,0,0,0,0,0,0,0,0,0,0,0,0,0,0,0,0,0,5,0,5,0,0,5,0,0,0,5,0,5,0,0,0,0,0,72,20,5,0,0,5,0,0,0,0,18,14,-8,43,17,11,0.62,81.32,80.11,91.54,84.19,0,95,108,58,0,0,22,5,0,15,10
M16A_HUBROOM_PR.csv,2026-06-09 11:06,2026-06-09,11:06,3,3단계 ⭐확정,3,,92,주의,M16HUB,22,M16HUB;M16A;M16_PKT,"M16B(10:11,RA_sus+RB_fast+SLA) → M16HUB(10:12,RA+RA_sus+RD) → M16A(10:12,RA+RA_sus+RB_fast+SLA) → M16_PKT(10:26,RA+RA_sus)",M16A_2F_TO_HUB=1.5x(주의);M16B_10F_TO_HUB=2.0x(위험),,22,5,0,15,10,0,15,0,RA+RA_sus+RD,RA_sus,,RA_sus+RB_fast+SLA,RA_sus+RB_fast,5.24,2.55,3.21,2.88,2.73,11,-7,-2,-40,20,0,100.00,4,"6ABL6032,6ABL0111,6ABL0112,6ABL0122",12.18,0,15.46,7.34,0,34,13,39,15,0,"hot_area=M16HUB; S3확정; 발동: M16HUB[R-A'(AVGTOTALTIME1MIN=5.24분/기준9.0),R-A_sus,R-D(FAB저장=0.0%,STB=100.0%)]; M14[R-A_sus]; M16A[R-A_sus,R-B_fast(+39/10분),SLA(15.5%4분초과)]; M16B[R-A_sus,R-B_fast(+20/10분)]; M16_PKT[R-A'(AVGTOTALTIME1MIN=8.66분/기준7.5),R-A_sus]; 흐름:M16A_2F_TO_HUB=1.5x(주의);M16B_10F_TO_HUB=2.0x(위험)",10,5,0,0,0,7,0,0,0,0,5,0,0,0,0,0,0,0,0,0,0,0,0,0,0,0,0,0,5,0,5,0,0,5,0,0,0,5,0,5,0,0,0,0,0,67,20,5,0,0,4,0,0,0,0,8,-3,-5,39,20,2,0.62,79.47,79.71,91.77,86.26,0,115,105,56,0,0,22,5,0,15,10
M16A_HUBROOM_PR.csv,2026-06-09 11:07,2026-06-09,11:07,3,3단계 ⭐확정,3,,100,주의,M16HUB,30,M16HUB;M16A;M16_PKT,"M16B(10:12,RA_sus+RB_fast+SLA) → M16HUB(10:13,RA+RA_sus+RD) → M16A(10:13,RA+RA_sus+RB_fast+SLA) → M16_PKT(10:26,RA+RA_sus)",M16A_2F_TO_HUB=1.5x(주의);M16B_10F_TO_HUB=2.2x(위험),,30,5,0,15,10,0,15,0,RA+RA_sus+RC+RD,RA_sus,,RA_sus+RB_fast+SLA,RA_sus+RB_fast,6.39,2.37,3.14,2.77,2.37,5,-5,1,-49,12,0,100.00,3,"6ABL6011,6ABL6032,6ABL0122",12.19,0,15.11,6.78,0,36,15,41,22,0,"hot_area=M16HUB; S3확정; 발동: M16HUB[R-A'(AVGTOTALTIME1MIN=6.39분/기준9.0),R-A_sus,R-C'(역증가3개:6ABL6011,6ABL6032,6ABL0122),R-D(FAB저장=0.0%,STB=100.0%)]; M14[R-A_sus]; M16A[R-A_sus,R-B_fast(+32/10분),SLA(15.1%4분초과)]; M16B[R-A_sus,R-B_fast(+20/10분)]; M16_PKT[R-A'(AVGTOTALTIME1MIN=9.73분/기준7.5),R-A_sus]; 흐름:M16A_2F_TO_HUB=1.5x(주의);M16B_10F_TO_HUB=2.2x(위험)",10,5,0,0,8,7,0,0,0,0,5,0,0,0,0,0,0,0,0,0,0,0,0,0,0,0,0,0,5,0,5,0,0,5,0,0,0,5,0,5,0,0,0,0,0,75,20,5,0,0,4,0,0,0,0,-2,-6,-6,32,20,-12,0.60,79.57,81.30,94.01,88.48,0,104,113,57,0,0,30,5,0,15,10
M16A_HUBROOM_PR.csv,2026-06-09 11:08,2026-06-09,11:08,3,3단계 ⭐확정,3,,85,주의,M16HUB,30,M16HUB;M16A,"M16A(10:13,RA+RA_sus+RB_fast+SLA) → M16HUB(10:14,RA+RA_sus+RD) → M16_PKT(10:26,RA+RA_sus)",M14B_LFT_4ABLD_TO_HUB_SUM=1.5x(주의);M16B_10F_TO_HUB=2.0x(주의),,30,5,0,15,10,0,10,0,RA+RA_sus+RC+RD,RA_sus,,RA_sus+RB_fast+SLA,RA_sus+RB_fast,10.58,2.57,3.21,2.88,2.55,-2,-15,-2,-46,10,0,100.00,5,"6ABL6011,6ABL6022,6ABL0111,6ABL0112,6ABL0122",11.40,0,15.51,7.24,0,32,13,36,17,0,"hot_area=M16HUB; S3확정; 발동: M16HUB[R-A'(AVGTOTALTIME1MIN=10.58분/기준9.0),R-A_sus,R-C'(역증가5개:6ABL6011,6ABL6022,6ABL0111,6ABL0112,6ABL0122),R-D(FAB저장=0.0%,STB=100.0%)]; M14[R-A_sus]; M16A[R-A_sus,R-B_fast(+43/10분),SLA(15.5%4분초과)]; M16B[R-A_sus,R-B_fast(+20/10분)]; M16_PKT[R-A'(AVGTOTALTIME1MIN=4.77분/기준7.5)]; 흐름:M14B_LFT_4ABLD_TO_HUB_SUM=1.5x(주의);M16B_10F_TO_HUB=2.0x(주의)",10,5,0,0,8,7,0,0,0,0,5,0,0,0,0,0,0,0,0,0,0,0,0,0,0,0,0,0,5,0,5,0,0,5,0,0,0,5,0,5,0,0,0,0,0,70,10,5,0,0,4,0,0,0,0,-13,-14,-10,43,20,-5,0.58,77.53,85.01,92.71,89.07,0,101,107,55,0,0,30,5,0,15,10
M16A_HUBROOM_PR.csv,2026-06-09 11:09,2026-06-09,11:09,3,3단계 ⭐확정,3,,95,주의,M16HUB,30,M16HUB;M16A,"M16A(10:14,RA+RA_sus+RB_fast+SLA) → M16HUB(10:15,RA+RA_sus+RC+RD) → M16_PKT(10:26,RA+RA_sus)",M14B_LFT_4ABLD_TO_HUB_SUM=1.6x(주의);M16B_10F_TO_HUB=2.1x(위험),,30,5,0,15,10,0,10,0,RA+RA_sus+RC+RD,RA_sus,,RA_sus+RB_fast+SLA,RA_sus+RB_fast,4.74,2.36,2.96,2.80,2.55,-3,-13,-4,-32,7,0,99.41,3,"6ABL6011,6ABL6022,6ABL0122",12.07,0,16.28,6.83,0,34,14,35,17,0,"hot_area=M16HUB; S3확정; 발동: M16HUB[R-A'(AVGTOTALTIME1MIN=4.74분/기준9.0),R-A_sus,R-C'(역증가3개:6ABL6011,6ABL6022,6ABL0122),R-D(FAB저장=0.0%,STB=99.4%)]; M14[R-A_sus]; M16A[R-A_sus,R-B_fast(+44/10분),SLA(16.3%4분초과)]; M16B[R-A_sus,R-B_fast(+18/10분)]; M16_PKT[R-A'(AVGTOTALTIME1MIN=4.32분/기준7.5)]; 흐름:M14B_LFT_4ABLD_TO_HUB_SUM=1.6x(주의);M16B_10F_TO_HUB=2.1x(위험)",10,5,0,0,8,7,0,0,0,0,5,0,0,0,0,0,0,0,0,0,0,0,0,0,0,0,0,0,5,0,5,0,0,5,0,0,0,5,0,5,0,0,0,0,0,70,20,5,0,0,4,0,0,0,0,-12,-12,-21,44,18,-12,0.59,77.04,83.69,91.66,87.89,0,108,120,56,0,0,30,5,0,15,10
M16A_HUBROOM_PR.csv,2026-06-09 11:10,2026-06-09,11:10,3,3단계 ⭐확정,3,,82,주의,M16HUB,22,M16HUB;M16A,"M16A(10:15,RA+RA_sus+RB_fast+SLA) → M16HUB(10:16,RA+RA_sus+RC+RD) → M16_PKT(10:26,RA+RA_sus)",M16B_10F_TO_HUB=1.7x(주의),,22,10,0,15,10,0,10,0,RA+RA_sus+RD,RA_sus+SLA,,RA_sus+RB_fast+SLA,RA_sus+RB_fast,7.06,2.61,3.11,3.15,2.48,0,-15,0,-45,2,0,99.41,4,"6ABL6011,6ABL6032,6ABL0112,6ABL0122",13.28,0,15.29,7.07,0,34,14,31,17,0,"hot_area=M16HUB; S3확정; 발동: M16HUB[R-A'(AVGTOTALTIME1MIN=7.06분/기준9.0),R-A_sus,R-D(FAB저장=0.0%,STB=99.4%)]; M14[R-A_sus,SLA(13.3%4분초과)]; M16A[R-A_sus,R-B_fast(+34/10분),SLA(15.3%4분초과)]; M16B[R-A_sus,R-B_fast(+14/10분)]; M16_PKT[R-A'(AVGTOTALTIME1MIN=4.73분/기준7.5)]; 흐름:M16B_10F_TO_HUB=1.7x(주의)",10,5,0,0,0,7,0,0,0,0,5,0,0,0,0,5,0,0,0,0,0,0,0,0,0,0,0,0,5,0,5,0,0,5,0,0,0,5,0,5,0,0,0,0,0,67,5,10,0,0,3,0,0,0,0,-29,-13,-29,34,14,4,0.57,80.93,83.16,92.71,80.95,0,124,100,52,0,0,22,10,0,15,10
M16A_HUBROOM_PR.csv,2026-06-09 11:11,2026-06-09,11:11,3,3단계 ⭐확정,3,,78,경계,M16HUB,23,M16HUB;M16A,"M16A(10:16,RA_sus+RB_fast+SLA) → M16HUB(10:17,RA+RD) → M16_PKT(10:26,RA+RA_sus)",M16B_10F_TO_HUB=1.6x(주의),,23,5,0,15,10,5,10,0,RA+RA_sus+RC,RA_sus,,RA_sus+RB_fast+SLA,RA_sus+RB_fast,10.16,2.68,2.95,3.08,2.52,1,-3,2,-33,8,0,98.22,4,"6ABL6011,6ABL6032,6ABL0112,6ABL0122",13.47,0,16.36,8.35,0,33,12,37,18,0,"hot_area=M16HUB; S3확정; 발동: M16HUB[R-A'(AVGTOTALTIME1MIN=10.16분/기준9.0),R-A_sus,R-C'(역증가4개:6ABL6011,6ABL6032,6ABL0112,6ABL0122)]; M14[R-A_sus]; M16A[R-A_sus,R-B_fast(+51/10분),SLA(16.4%4분초과)]; M16B[R-A_sus,R-B_fast(+18/10분)]; M16[R-B_fast(+13/10분)]; M16_PKT[R-A'(AVGTOTALTIME1MIN=3.94분/기준7.5)]; 흐름:M16B_10F_TO_HUB=1.6x(주의)",10,5,0,0,8,0,0,0,0,0,5,0,0,0,0,0,0,0,0,0,0,0,0,0,0,0,0,0,5,0,5,0,0,5,0,0,0,5,0,5,0,0,0,0,0,68,5,5,0,0,4,0,0,0,0,-27,-13,-20,51,18,-2,0.55,79.09,83.29,92.71,83.46,0,113,125,72,0,0,23,5,0,15,10
M16A_HUBROOM_PR.csv,2026-06-09 11:12,2026-06-09,11:12,3,3단계 ⭐확정,3,,80,주의,M16A,25,M16HUB;M16A,"M16A(10:17,RA_sus+RB_fast+SLA) → M16HUB(10:20,RC+RD) → M16_PKT(10:26,RA+RA_sus)",,,15,10,0,25,10,0,10,0,RA+RA_sus,RA_sus+SLA,,RA+RA_sus+RB_fast+SLA,RA_sus+RB_fast,4.30,2.32,3.19,3.39,2.59,13,10,-4,-40,8,0,98.22,5,"6ABL6011,6ABL6012,6ABL6022,6ABL6032,6ABL0122",13.39,0,16.79,8.60,0,37,14,38,21,0,"hot_area=M16A; S3확정; 발동: M16HUB[R-A'(AVGTOTALTIME1MIN=4.30분/기준9.0),R-A_sus]; M14[R-A_sus,SLA(13.4%4분초과)]; M16A[R-A'(AVGLOADTIME1MIN=3.39분/기준3.2),R-A_sus,R-B_fast(+49/10분),SLA(16.8%4분초과)]; M16B[R-A_sus,R-B_fast(+11/10분)]; M16_PKT[R-A'(AVGTOTALTIME1MIN=6.24분/기준7.5)]",10,5,0,0,0,0,0,0,0,0,5,0,0,0,0,5,0,0,0,0,0,0,0,0,0,0,0,10,5,0,5,0,0,5,0,0,0,5,0,5,0,0,0,0,0,70,0,10,0,0,3,0,0,1,0,2,7,-22,49,11,9,0.53,77.63,83.02,88.72,80.95,0,117,116,66,0,0,15,10,0,25,10
M16A_HUBROOM_PR.csv,2026-06-09 11:13,2026-06-09,11:13,3,3단계 ⭐확정,3,,93,주의,M16A,25,M16HUB;M16A,"M16HUB(10:20,RC+RD) → M16_PKT(10:26,RA+RA_sus) → M16A(10:34,RA_sus+RB_fast+SLA)",M16B_10F_TO_HUB=1.5x(주의),,23,10,0,25,10,0,10,0,RA+RA_sus+RC,RA_sus+SLA,,RA+RA_sus+RB_fast+SLA,RA_sus+RB_fast,8.89,2.42,3.10,2.88,2.44,31,17,11,-15,20,0,97.63,4,"6ABL6012,6ABL6022,6ABL6032,6ABL0122",14.44,0,16.40,8.85,0,43,17,35,17,0,"hot_area=M16A; S3확정; 발동: M16HUB[R-A'(AVGTOTALTIME1MIN=8.89분/기준9.0),R-A_sus,R-C'(역증가4개:6ABL6012,6ABL6022,6ABL6032,6ABL0122)]; M14[R-A_sus,SLA(14.4%4분초과)]; M16A[R-A'(AVGLOADTIME1MIN=2.88분/기준3.2),R-A_sus,R-B_fast(+56/10분),SLA(16.4%4분초과)]; M16B[R-A_sus,R-B_fast(+14/10분)]; M16_PKT[R-A'(AVGTOTALTIME1MIN=3.88분/기준7.5)]; 흐름:M16B_10F_TO_HUB=1.5x(주의)",10,5,0,0,8,0,0,0,0,0,5,0,0,0,0,5,0,0,0,0,0,0,0,0,0,0,0,10,5,0,5,0,0,5,0,0,0,5,0,5,0,0,0,0,0,78,5,10,0,0,3,0,0,1,0,1,9,-15,56,14,-5,0.54,79.47,84.35,87.78,80.50,0,131,125,76,0,0,23,10,0,25,10
M16A_HUBROOM_PR.csv,2026-06-09 11:14,2026-06-09,11:14,3,3단계 ⭐확정,3,,83,주의,M16A,25,M16HUB;M16A,"M16HUB(10:23,RC+RD) → M16_PKT(10:26,RA+RA_sus) → M16A(10:34,RA_sus+RB_fast+SLA)",,,23,10,0,25,5,0,10,0,RA+RA_sus+RC,RA_sus+SLA,,RA+RA_sus+RB_fast+SLA,RA_sus,10.59,2.70,3.19,2.81,2.77,53,23,18,-3,13,0.59,97.04,4,"6ABL6022,6ABL6032,6ABL0112,6ABL0122",14.67,0,16.40,9.40,0,43,16,41,19,0,"hot_area=M16A; S3확정; 발동: M16HUB[R-A'(AVGTOTALTIME1MIN=10.59분/기준9.0),R-A_sus,R-C'(역증가4개:6ABL6022,6ABL6032,6ABL0112,6ABL0122)]; M14[R-A_sus,SLA(14.7%4분초과)]; M16A[R-A'(AVGLOADTIME1MIN=2.81분/기준3.2),R-A_sus,R-B_fast(+58/10분),SLA(16.4%4분초과)]; M16B[R-A_sus]; M16_PKT[R-A'(AVGTOTALTIME1MIN=4.71분/기준7.5)]",10,5,0,0,8,0,0,0,0,0,5,0,0,0,0,5,0,0,0,0,0,0,0,0,0,0,0,10,5,0,5,0,0,5,0,0,0,5,0,0,0,0,0,0,0,73,0,10,0,0,4,0,0,1,0,5,4,-7,58,-14,-3,0.55,78.50,83.55,86.49,82.13,0,142,112,73,0,0,23,10,0,25,5
M16A_HUBROOM_PR.csv,2026-06-09 11:15,2026-06-09,11:15,3,3단계 ⭐확정,3,,93,주의,M16A,25,M16HUB;M16A,"M16HUB(10:25,RC+RD) → M16_PKT(10:26,RA+RA_sus) → M16A(10:34,RA_sus+RB_fast+SLA)",,,23,10,0,25,10,0,10,0,RA+RA_sus+RC,RA_sus+SLA,,RA+RA_sus+RB_fast+SLA,RA_sus+SLA,4.65,2.54,3.02,2.71,2.49,60,26,20,31,15,0.59,97.63,4,"6ABL6011,6ABL6012,6ABL6032,6ABL0122",14.99,0,16.32,9.09,0,43,17,44,20,0,"hot_area=M16A; S3확정; 발동: M16HUB[R-A'(AVGTOTALTIME1MIN=4.65분/기준9.0),R-A_sus,R-C'(역증가4개:6ABL6011,6ABL6012,6ABL6032,6ABL0122)]; M14[R-A_sus,SLA(15.0%4분초과)]; M16A[R-A'(AVGLOADTIME1MIN=2.71분/기준3.2),R-A_sus,R-B_fast(+71/10분),SLA(16.3%4분초과)]; M16B[R-A_sus,SLA(9.1%4분초과)]; M16_PKT[R-A'(AVGTOTALTIME1MIN=4.55분/기준7.5)]",10,5,0,0,8,0,0,0,0,0,5,0,0,0,0,5,0,0,0,0,0,0,0,0,0,0,0,10,5,0,5,0,0,5,0,0,0,5,0,0,0,0,5,0,0,78,0,15,0,0,3,0,0,1,0,2,-6,2,71,-21,-8,0.56,80.35,85.01,85.43,83.01,0,143,124,80,0,0,23,10,0,25,10
M16A_HUBROOM_PR.csv,2026-06-09 11:16,2026-06-09,11:16,3,3단계 ⭐확정,3,,73,경계,M16A,25,M16HUB;M16A,"M16_PKT(10:26,RA+RA_sus) → M16HUB(10:27,RA+RB_fast+RD) → M16A(10:34,RA_sus+RB_fast+SLA)",,,23,5,0,25,5,0,10,0,RA+RA_sus+RC,RA_sus,,RA+RA_sus+RB_fast+SLA,RA_sus,7.69,2.55,3.07,3.01,2.81,55,26,11,34,15,0,98.22,4,"6ABL6011,6ABL6012,6ABL6022,6ABL0122",15.24,0,16.81,9.17,0,44,18,50,24,0,"hot_area=M16A; S3확정; 발동: M16HUB[R-A'(AVGTOTALTIME1MIN=7.69분/기준9.0),R-A_sus,R-C'(역증가4개:6ABL6011,6ABL6012,6ABL6022,6ABL0122)]; M14[R-A_sus]; M16A[R-A'(AVGLOADTIME1MIN=3.01분/기준3.2),R-A_sus,R-B_fast(+75/10분),SLA(16.8%4분초과)]; M16B[R-A_sus]; M16_PKT[R-A'(AVGTOTALTIME1MIN=4.14분/기준7.5)]",10,5,0,0,8,0,0,0,0,0,5,0,0,0,0,0,0,0,0,0,0,0,0,0,0,0,0,10,5,0,5,0,0,5,0,0,0,5,0,0,0,0,0,0,0,68,0,5,0,0,3,0,0,1,0,-28,-4,-1,75,-21,-10,0.57,82.10,85.28,87.90,80.35,0,130,115,73,0,0,23,5,0,25,5
M16A_HUBROOM_PR.csv,2026-06-09 11:17,2026-06-09,11:17,3,3단계 ⭐확정,3,,98,주의,M16A,25,M16HUB;M16A,"M16_PKT(10:27,RA+RA_sus) → M16HUB(10:28,RA+RB_fast+RD) → M16A(10:34,RA_sus+RB_fast+SLA)",M16A_2F_TO_HUB=2.0x(주의),,23,10,0,25,10,10,0,0,RA+RA_sus+RC,RA_sus+SLA,,RA+RA_sus+RB_fast+SLA,RA_sus+SLA,10.68,2.64,3.23,2.64,2.32,70,38,19,53,22,0.59,97.04,4,"6ABL6012,6ABL6032,6ABL0112,6ABL0122",15.55,0,16.37,9.18,0,39,17,52,25,0,"hot_area=M16A; S3확정; 발동: M16HUB[R-A'(AVGTOTALTIME1MIN=10.68분/기준9.0),R-A_sus,R-C'(역증가4개:6ABL6012,6ABL6032,6ABL0112,6ABL0122)]; M14[R-A_sus,SLA(15.6%4분초과)]; M16A[R-A'(AVGLOADTIME1MIN=2.64분/기준3.2),R-A_sus,R-B_fast(+81/10분),SLA(16.4%4분초과)]; M16B[R-A_sus,SLA(9.2%4분초과)]; M16[R-B(SENDQUEUETOTAL+62/30분/기준+20)]; 흐름:M16A_2F_TO_HUB=2.0x(주의)",10,5,0,0,8,0,0,0,0,0,5,0,0,0,0,5,0,0,0,0,0,0,0,0,0,0,0,10,5,0,5,0,0,5,0,0,0,5,0,0,0,0,5,0,0,78,5,15,0,0,4,0,0,1,0,-12,-12,-2,81,-20,-2,0.55,84.82,85.41,88.72,83.31,0,139,118,82,0,0,23,10,0,25,10
M16A_HUBROOM_PR.csv,2026-06-09 11:18,2026-06-09,11:18,3,3단계 ⭐확정,3,,88,주의,M16A,25,M16HUB;M16A,"M16_PKT(10:28,RA+RA_sus) → M16HUB(10:29,RA+RB_fast+RD) → M16A(10:34,RA_sus+RB_fast+SLA)",M16A_2F_TO_HUB=1.7x(주의),,23,10,0,25,5,0,10,0,RA+RA_sus+RC,RA_sus+SLA,,RA+RA_sus+RB_fast+SLA,RA_sus,5.10,2.61,3.10,2.64,2.27,72,40,18,75,20,1.18,97.63,2,"6ABL6012,6ABL0122",15.87,0,15.68,7.24,0,36,16,43,21,0,"hot_area=M16A; S3확정; 발동: M16HUB[R-A'(AVGTOTALTIME1MIN=5.10분/기준9.0),R-A_sus,R-C'(역증가2개:6ABL6012,6ABL0122)]; M14[R-A_sus,SLA(15.9%4분초과)]; M16A[R-A'(AVGLOADTIME1MIN=2.64분/기준3.2),R-A_sus,R-B_fast(+84/10분),SLA(15.7%4분초과)]; M16B[R-A_sus]; M16_PKT[R-A'(AVGTOTALTIME1MIN=9.29분/기준7.5)]; 흐름:M16A_2F_TO_HUB=1.7x(주의)",10,5,0,0,8,0,0,0,0,0,5,0,0,0,0,5,0,0,0,0,0,0,0,0,0,0,0,10,5,0,5,0,0,5,0,0,0,5,0,0,0,0,0,0,0,73,5,10,0,0,3,0,0,1,0,-13,-5,-3,84,-18,-11,0.54,85.33,83.82,86.49,86.56,0,147,103,59,0,0,23,10,0,25,5
M16A_HUBROOM_PR.csv,2026-06-09 11:19,2026-06-09,11:19,3,3단계 ⭐확정,3,,128,주의,M16A,35,M16HUB;M16A;M16B,"M16HUB(10:30,RA+RA_sus+RB_fast+RD) → M16_PKT(10:30,RA+RA_sus) → M16A(10:34,RA_sus+RB_fast+SLA) → M16B(11:19,RA_sus+RB+SLA)",M16A_2F_TO_HUB=1.7x(주의),,23,10,0,35,20,10,10,0,RA+RA_sus+RC,RA_sus+SLA,,RA+RA_sus+RB+RB_fast+SLA,RA_sus+RB+SLA,7.01,2.56,3.13,2.93,2.63,73,36,13,96,32,0.59,98.22,4,"6ABL6012,6ABL6022,6ABL0111,6ABL0122",14.35,0,14.87,9.28,0,41,19,44,24,0,"hot_area=M16A; S3확정; 발동: M16HUB[R-A'(AVGTOTALTIME1MIN=7.01분/기준9.0),R-A_sus,R-C'(역증가4개:6ABL6012,6ABL6022,6ABL0111,6ABL0122)]; M14[R-A_sus,SLA(14.3%4분초과)]; M16A[R-A'(AVGLOADTIME1MIN=2.93분/기준3.2),R-A_sus,R-B(6F_TO_HUB_JOB+96/30분/기준+80),R-B_fast(+66/10분),SLA(14.9%4분초과)]; M16B[R-A_sus,R-B(10F_TO_HUB_JOB+32/30분/기준+30),SLA(9.3%4분초과)]; M16[R-B(SENDQUEUETOTAL+38/30분/기준+20)]; M16_PKT[R-A'(AVGTOTALTIME1MIN=4.91분/기준7.5)]; 흐름:M16A_2F_TO_HUB=1.7x(주의)",10,5,0,0,8,0,0,0,0,0,5,0,0,0,0,5,0,0,0,0,0,0,0,0,0,0,0,10,5,10,5,0,0,5,0,0,0,5,10,0,0,0,5,0,0,108,5,15,0,0,3,0,0,1,0,-6,-8,4,66,-9,-5,0.54,85.23,81.56,88.84,86.85,0,136,106,80,0,0,23,10,0,35,20
M16A_HUBROOM_PR.csv,2026-06-09 11:20,2026-06-09,11:20,3,3단계 ⭐확정,3,,93,주의,M16A,35,M16HUB;M16A;M16B,"M16_PKT(10:31,RA+RA_sus) → M16HUB(10:32,RA+RA_sus+RB_fast+RD) → M16A(10:34,RA_sus+RB_fast+SLA) → M16B(11:19,RA_sus+RB+SLA)",,,23,5,0,35,15,0,10,0,RA+RA_sus+RC,RA_sus,,RA+RA_sus+RB+RB_fast+SLA,RA_sus+RB,10.95,2.44,3.05,2.66,2.53,57,34,20,115,34,0.59,98.22,4,"6ABL6022,6ABL0111,6ABL0112,6ABL0122",14.27,0,13.60,7.64,0,34,14,43,18,0,"hot_area=M16A; S3확정; 발동: M16HUB[R-A'(AVGTOTALTIME1MIN=10.95분/기준9.0),R-A_sus,R-C'(역증가4개:6ABL6022,6ABL0111,6ABL0112,6ABL0122)]; M14[R-A_sus]; M16A[R-A'(AVGLOADTIME1MIN=2.66분/기준3.2),R-A_sus,R-B(6F_TO_HUB_JOB+115/30분/기준+80),R-B_fast(+77/10분),SLA(13.6%4분초과)]; M16B[R-A_sus,R-B(10F_TO_HUB_JOB+34/30분/기준+30)]; M16_PKT[R-A'(AVGTOTALTIME1MIN=4.57분/기준7.5)]",10,5,0,0,8,0,0,0,0,0,5,0,0,0,0,0,0,0,0,0,0,0,0,0,0,0,0,10,5,10,5,0,0,5,0,0,0,5,10,0,0,0,0,0,0,88,0,5,0,0,4,0,0,1,0,-13,-4,4,77,0,-1,0.55,80.86,82.36,88.84,84.34,0,141,85,57,0,0,23,5,0,35,15
M16A_HUBROOM_PR.csv,2026-06-09 11:21,2026-06-09,11:21,3,3단계 ⭐확정,3,,95,주의,M16A,35,M16HUB;M16A;M16B,"M16HUB(10:33,RA+RA_sus+RB_fast+RC+RD) → M16A(10:34,RA_sus+RB_fast+SLA) → M16_PKT(10:34,RA+RA_sus) → M16B(11:19,RA_sus+RB+SLA)",,,15,5,0,35,15,10,10,0,RA+RA_sus,RA_sus,,RA+RA_sus+RB+RB_fast+SLA,RA_sus+RB,4.44,2.48,2.94,2.75,2.57,70,34,25,116,36,0.59,98.82,5,"6ABL6011,6ABL6012,6ABL6022,6ABL0121,6ABL0122",14.24,0,13.20,9.22,0,35,16,53,24,0,"hot_area=M16A; S3확정; 발동: M16HUB[R-A'(AVGTOTALTIME1MIN=4.44분/기준9.0),R-A_sus]; M14[R-A_sus]; M16A[R-A'(AVGLOADTIME1MIN=2.75분/기준3.2),R-A_sus,R-B(6F_TO_HUB_JOB+116/30분/기준+80),R-B_fast(+51/10분),SLA(13.2%4분초과)]; M16B[R-A_sus,R-B(10F_TO_HUB_JOB+36/30분/기준+30)]; M16[R-B(SENDQUEUETOTAL+36/30분/기준+20)]; M16_PKT[R-A'(AVGTOTALTIME1MIN=5.32분/기준7.5)]",10,5,0,0,0,0,0,0,0,0,5,0,0,0,0,0,0,0,0,0,0,0,0,0,0,0,0,10,5,10,5,0,0,5,0,0,0,5,10,0,0,0,0,0,0,90,0,5,0,0,3,0,0,1,0,14,6,12,51,3,14,0.64,82.90,85.68,88.25,81.98,0,126,96,81,0,0,15,5,0,35,15
M16A_HUBROOM_PR.csv,2026-06-09 11:22,2026-06-09,11:22,3,3단계 ⭐확정,3,,67,경계,M16HUB,22,M16HUB;M16A;M16_PKT,"M16_PKT(10:34,RA+RA_sus) → M16HUB(10:35,RA+RA_sus+RD) → M16A(10:35,RA_sus+RB_fast+SLA) → M16B(11:19,RA_sus+RB+SLA)",,,22,5,0,20,5,0,15,0,RA+RA_sus+RD,RA_sus,,RA_sus+RB+RB_fast,RA_sus,7.76,2.54,3.19,2.87,2.71,38,29,24,130,19,0,99.41,8,"6ABL6011,6ABL6012,6ABL6021,6ABL6022,6ABL6031,6ABL0112,6ABL0121,6ABL0122",14.47,0,12.94,9.08,0,38,17,44,20,0,"hot_area=M16HUB; S3확정; 발동: M16HUB[R-A'(AVGTOTALTIME1MIN=7.76분/기준9.0),R-A_sus,R-D(FAB저장=0.0%,STB=99.4%)]; M14[R-A_sus]; M16A[R-A_sus,R-B(6F_TO_HUB_JOB+130/30분/기준+80),R-B_fast(+51/10분)]; M16B[R-A_sus]; M16_PKT[R-A'(AVGTOTALTIME1MIN=5.88분/기준7.5),R-A_sus]",10,5,0,0,0,7,0,0,0,0,5,0,0,0,0,0,0,0,0,0,0,0,0,0,0,0,0,0,5,10,5,0,0,0,0,0,0,5,0,0,0,0,0,0,0,67,0,0,0,0,3,0,0,0,0,-7,-11,15,51,5,16,0.66,77.65,84.35,89.54,80.35,0,135,84,73,0,0,22,5,0,20,5
M16A_HUBROOM_PR.csv,2026-06-09 11:23,2026-06-09,11:23,3,3단계 ⭐확정,3,,87,주의,M16A,25,M16HUB;M16A;M16_PKT,"M16_PKT(10:35,RA+RA_sus) → M16HUB(10:36,RA+RA_sus+RD) → M16A(10:36,RA_sus+RB_fast+SLA) → M16B(11:19,RA_sus+RB+SLA)",,,22,5,0,25,5,10,15,0,RA+RA_sus+RD,RA_sus,,RA_sus+RB+RB_fast+SLA,RA_sus,11.78,2.59,3.17,2.77,2.35,16,6,-2,116,5,0,99.41,5,"6ABL6012,6ABL6021,6ABL6022,6ABL0112,6ABL0121",14.35,0,13.73,8.41,0,34,15,44,17,0,"hot_area=M16A; S3확정; 발동: M16HUB[R-A'(AVGTOTALTIME1MIN=11.78분/기준9.0),R-A_sus,R-D(FAB저장=0.0%,STB=99.4%)]; M14[R-A_sus]; M16A[R-A_sus,R-B(6F_TO_HUB_JOB+116/30분/기준+80),R-B_fast(+24/10분),SLA(13.7%4분초과)]; M16B[R-A_sus]; M16[R-B(SENDQUEUETOTAL+33/30분/기준+20)]; M16_PKT[R-A'(AVGTOTALTIME1MIN=6.28분/기준7.5),R-A_sus]",10,5,0,0,0,7,0,0,0,0,5,0,0,0,0,0,0,0,0,0,0,0,0,0,0,0,0,0,5,10,5,0,0,5,0,0,0,5,0,0,0,0,0,0,0,82,0,5,0,0,4,0,0,0,0,-25,-21,-2,24,-7,5,0.68,76.68,82.23,89.07,80.50,0,135,98,74,0,0,22,5,0,25,5
M16A_HUBROOM_PR.csv,2026-06-09 11:24,2026-06-09,11:24,3,3단계 ⭐확정,3,,77,경계,M16HUB,22,M16HUB;M16A;M16_PKT,"M16_PKT(10:36,RA+RA_sus) → M16HUB(10:37,RA+RA_sus+RD) → M16A(10:37,RA_sus+RB_fast+SLA) → M16B(11:19,RA_sus+RB+SLA)",,,22,5,0,20,10,0,15,0,RA+RA_sus+RD,RA_sus,,RA_sus+RB+SLA,RA_sus+RB_fast,4.33,2.40,3.02,2.88,2.73,-8,-1,-3,109,12,0,99.41,5,"6ABL6012,6ABL6021,6ABL6022,6ABL0112,6ABL0121",14.96,0,13.03,8.23,0,36,15,39,18,0,"hot_area=M16HUB; S3확정; 발동: M16HUB[R-A'(AVGTOTALTIME1MIN=4.33분/기준9.0),R-A_sus,R-D(FAB저장=0.0%,STB=99.4%)]; M14[R-A_sus]; M16A[R-A_sus,R-B(6F_TO_HUB_JOB+109/30분/기준+80),SLA(13.0%4분초과)]; M16B[R-A_sus,R-B_fast(+10/10분)]; M16_PKT[R-A'(AVGTOTALTIME1MIN=5.28분/기준7.5),R-A_sus]",10,5,0,0,0,7,0,0,0,0,5,0,0,0,0,0,0,0,0,0,0,0,0,0,0,0,0,0,5,10,0,0,0,5,0,0,0,5,0,5,0,0,0,0,0,72,0,5,0,0,3,0,0,0,0,-42,-25,-5,13,10,8,0.67,75.22,82.76,89.66,83.75,0,146,83,65,0,0,22,5,0,20,10
M16A_HUBROOM_PR.csv,2026-06-09 11:25,2026-06-09,11:25,3,3단계 ⭐확정,3,,87,주의,M16HUB,22,M16HUB;M16A;M16_PKT,"M16_PKT(10:37,RA+RA_sus) → M16HUB(10:38,RA+RA_sus+RD) → M16A(10:38,RA_sus+RB_fast+SLA) → M16B(11:19,RA_sus+RB+SLA)",,,22,5,0,20,10,10,15,0,RA+RA_sus+RD,RA_sus,,RA_sus+RB+SLA,RA_sus+RB_fast,12.96,2.69,3.02,2.88,2.34,-20,-16,-13,110,6,0.59,99.41,5,"6ABL6021,6ABL6022,6ABL0111,6ABL0112,6ABL0121",14.88,0,13.65,8.48,0,33,13,40,19,0,"hot_area=M16HUB; S3확정; 발동: M16HUB[R-A'(AVGTOTALTIME1MIN=12.96분/기준9.0),R-A_sus,R-D(FAB저장=0.6%,STB=99.4%)]; M14[R-A_sus]; M16A[R-A_sus,R-B(6F_TO_HUB_JOB+110/30분/기준+80),SLA(13.7%4분초과)]; M16B[R-A_sus,R-B_fast(+10/10분)]; M16[R-B(SENDQUEUETOTAL+21/30분/기준+20)]; M16_PKT[R-A'(AVGTOTALTIME1MIN=4.89분/기준7.5),R-A_sus]",10,5,0,0,0,7,0,0,0,0,5,0,0,0,0,0,0,0,0,0,0,0,0,0,0,0,0,0,5,10,0,0,0,5,0,0,0,5,0,5,0,0,0,0,0,82,0,5,0,0,4,0,0,0,0,-40,-24,-7,-4,10,18,0.68,74.05,79.97,88.60,83.01,0,133,98,74,0,0,22,5,0,20,10
M16A_HUBROOM_PR.csv,2026-06-09 11:26,2026-06-09,11:26,3,3단계 ⭐확정,3,,85,주의,M16HUB,22,M16HUB;M16A;M16_PKT,"M16_PKT(10:38,RA+RA_sus) → M16HUB(10:39,RA+RA_sus+RC+RD) → M16A(10:39,RA_sus+RB_fast+RD+SLA) → M16B(11:19,RA_sus+RB+SLA)",,,22,13,0,20,10,0,15,0,RA+RA_sus+RD,RA_sus+RC,,RA_sus+RB+SLA,RA_sus+RB_fast,9.56,2.58,3.02,2.89,2.58,-57,-28,-11,107,14,0.59,99.41,6,"6ABL6011,6ABL6012,6ABL6021,6ABL6022,6ABL0111,6ABL0112",15.03,0,14.37,8.41,0,33,12,42,19,0,"hot_area=M16HUB; S3확정; 발동: M16HUB[R-A'(AVGTOTALTIME1MIN=9.56분/기준9.0),R-A_sus,R-D(FAB저장=0.6%,STB=99.4%)]; M14[R-A_sus,R-C'(CNV쏠림)]; M16A[R-A_sus,R-B(6F_TO_HUB_JOB+107/30분/기준+80),SLA(14.4%4분초과)]; M16B[R-A_sus,R-B_fast(+15/10분)]; M16_PKT[R-A'(AVGTOTALTIME1MIN=5.08분/기준7.5),R-A_sus]",10,5,0,0,0,7,0,0,0,0,5,0,0,8,0,0,0,0,0,0,0,0,0,0,0,0,0,0,5,10,0,0,0,5,0,0,0,5,0,5,0,0,0,0,0,80,0,5,0,0,5,0,0,0,0,-37,-21,-5,-7,15,21,0.70,76.29,79.18,87.43,82.57,0,138,95,65,0,0,22,13,0,20,10
M16A_HUBROOM_PR.csv,2026-06-09 11:27,2026-06-09,11:27,3,3단계 ⭐확정,3,,85,주의,M16HUB,22,M16HUB;M16A;M16_PKT,"M16_PKT(10:39,RA+RA_sus) → M16HUB(10:40,RA+RA_sus+RD) → M16A(10:41,RA_sus+RB_fast+SLA) → M16B(11:19,RA_sus+RB+SLA)",,,22,13,0,20,10,0,15,0,RA+RA_sus+RD,RA_sus+RC,,RA_sus+RB+SLA,RA_sus+RB_fast,4.59,2.39,2.94,2.86,2.37,-49,-33,-12,91,16,0.59,99.41,7,"6ABL6011,6ABL6012,6ABL6021,6ABL6022,6ABL6031,6ABL0111,6ABL0112",14.63,0,13.18,8.40,0,39,15,43,20,0,"hot_area=M16HUB; S3확정; 발동: M16HUB[R-A'(AVGTOTALTIME1MIN=4.59분/기준9.0),R-A_sus,R-D(FAB저장=0.6%,STB=99.4%)]; M14[R-A_sus,R-C'(CNV쏠림)]; M16A[R-A_sus,R-B(6F_TO_HUB_JOB+91/30분/기준+80),SLA(13.2%4분초과)]; M16B[R-A_sus,R-B_fast(+16/10분)]; M16_PKT[R-A'(AVGTOTALTIME1MIN=4.50분/기준7.5),R-A_sus]",10,5,0,0,0,7,0,0,0,0,5,0,0,8,0,0,0,0,0,0,0,0,0,0,0,0,0,0,5,10,0,0,0,5,0,0,0,5,0,5,0,0,0,0,0,80,0,5,0,0,4,0,0,0,0,-35,-15,-4,-22,16,30,0.70,78.52,78.51,85.31,84.79,0,140,99,72,0,0,22,13,0,20,10
M16A_HUBROOM_PR.csv,2026-06-09 11:28,2026-06-09,11:28,3,3단계 ⭐확정,3,,62,관심,M16HUB,22,M16HUB;M16A,"M16_PKT(10:40,RA+RA_sus) → M16HUB(10:41,RA+RA_sus+RC+RD) → M16A(10:41,RA_sus+RB_fast+SLA) → M16B(11:19,RA_sus+RB+SLA)",,,22,5,0,20,10,0,0,0,RA+RA_sus+RD,RA_sus,,RA_sus+RB+SLA,RA_sus+RB_fast,14.50,2.42,3.03,2.82,2.36,-53,-39,-12,106,15,0.59,99.41,6,"6ABL6011,6ABL6012,6ABL6021,6ABL6031,6ABL0111,6ABL0112",14.32,0,13.39,5.78,0,34,14,46,22,0,"hot_area=M16HUB; S3확정; 발동: M16HUB[R-A'(AVGTOTALTIME1MIN=14.50분/기준9.0),R-A_sus,R-D(FAB저장=0.6%,STB=99.4%)]; M14[R-A_sus]; M16A[R-A_sus,R-B(6F_TO_HUB_JOB+106/30분/기준+80),SLA(13.4%4분초과)]; M16B[R-A_sus,R-B_fast(+13/10분)]",10,5,0,0,0,7,0,0,0,0,5,0,0,0,0,0,0,0,0,0,0,0,0,0,0,0,0,0,5,10,0,0,0,5,0,0,0,5,0,5,0,0,0,0,0,57,0,5,0,0,5,0,0,0,0,-27,-20,1,-21,13,15,0.70,81.24,78.78,86.37,82.27,0,139,90,45,0,0,22,5,0,20,10
M16A_HUBROOM_PR.csv,2026-06-09 11:29,2026-06-09,11:29,1,1단계 조기경보,3,3→1,47,관심,M16HUB,22,M16HUB,"M16HUB(10:41,RA+RA_sus+RC+RD) → M16A(10:41,RA_sus+RB_fast+SLA) → M16_PKT(10:41,RA+RA_sus) → M16B(11:19,RA_sus+RB+SLA)",,,22,5,0,10,5,0,0,0,RA+RA_sus+RD,RA_sus,,RA_sus+SLA,RA_sus,9.54,2.36,2.93,2.77,2.48,-35,-28,-14,74,11,0.59,99.41,3,"6ABL6011,6ABL6021,6ABL0112",14.84,0,13.32,8.65,0,30,11,42,22,0,"hot_area=M16HUB; S1조기경보; 발동: M16HUB[R-A'(AVGTOTALTIME1MIN=9.54분/기준9.0),R-A_sus,R-D(FAB저장=0.6%,STB=99.4%)]; M14[R-A_sus]; M16A[R-A_sus,SLA(13.3%4분초과)]; M16B[R-A_sus]",10,5,0,0,0,7,0,0,0,0,5,0,0,0,0,0,0,0,0,0,0,0,0,0,0,0,0,0,5,0,0,0,0,5,0,0,0,5,0,0,0,0,0,0,0,42,0,5,0,0,6,0,0,0,0,-17,-8,3,-36,2,7,0.70,80.17,81.30,85.90,84.05,0,130,97,73,0,0,22,5,0,10,5
M16A_HUBROOM_PR.csv,2026-06-09 11:30,2026-06-09,11:30,1,1단계 조기경보,1,,47,관심,M16HUB,22,M16HUB,"M16A(10:41,RA_sus+RB_fast+SLA) → M16_PKT(10:41,RA+RA_sus) → M16HUB(10:42,RA+RA_sus+RD) → M16B(11:19,RA_sus+RB+SLA)",,,22,5,0,10,5,0,0,0,RA+RA_sus+RD,RA_sus,,RA_sus+SLA,RA_sus,6.64,2.67,3.06,2.78,2.48,-53,-28,-26,72,5,0.59,99.41,4,"6ABL6011,6ABL6021,6ABL0111,6ABL0112",14.93,0,13.44,6.18,0,30,12,45,24,0,"hot_area=M16HUB; S1조기경보; 발동: M16HUB[R-A'(AVGTOTALTIME1MIN=6.64분/기준9.0),R-A_sus,R-D(FAB저장=0.6%,STB=99.4%)]; M14[R-A_sus]; M16A[R-A_sus,SLA(13.4%4분초과)]; M16B[R-A_sus]",10,5,0,0,0,7,0,0,0,0,5,0,0,0,0,0,0,0,0,0,0,0,0,0,0,0,0,0,5,0,0,0,0,5,0,0,0,5,0,0,0,0,0,0,0,42,0,5,0,0,5,0,0,0,0,-11,-11,-1,-39,-9,8,0.70,81.34,82.63,86.96,82.57,0,143,88,47,0,0,22,5,0,10,5
M16A_HUBROOM_PR.csv,2026-06-09 11:31,2026-06-09,11:31,2,2단계 주의보,1,1→2,40,관심,M16HUB,15,M16HUB;M16A,"M16HUB(10:42,RA+RA_sus+RD) → M16A(10:42,RA+RA_sus+RB_fast+SLA) → M16_PKT(10:42,RA+RA_sus) → M16B(11:19,RA_sus+RB+SLA)",,,15,5,0,15,5,0,0,0,RA+RA_sus,RA_sus,,RA_sus+RB,RA_sus,12.12,2.67,3.45,2.63,2.62,-50,-32,-21,93,13,0,98.82,5,"6ABL6021,6ABL6022,6ABL6031,6ABL0112,6ABL0121",14.25,0,12.78,8.64,0,29,12,45,24,0,"hot_area=M16HUB; S2주의보; 발동: M16HUB[R-A'(AVGTOTALTIME1MIN=12.12분/기준9.0),R-A_sus]; M14[R-A_sus]; M16A[R-A_sus,R-B(6F_TO_HUB_JOB+93/30분/기준+80)]; M16B[R-A_sus]",10,5,0,0,0,0,0,0,0,0,5,0,0,0,0,0,0,0,0,0,0,0,0,0,0,0,0,0,5,10,0,0,0,0,0,0,0,5,0,0,0,0,0,0,0,40,0,0,0,0,6,0,0,0,0,-37,-25,-13,-9,-8,12,0.70,78.04,81.30,88.72,86.56,0,121,98,77,0,0,15,5,0,15,5
M16A_HUBROOM_PR.csv,2026-06-09 11:32,2026-06-09,11:32,3,3단계 ⭐확정,2,2→3,51,관심,M16HUB,23,M16HUB,"M16A(10:42,RA+RA_sus+RB_fast+SLA) → M16_PKT(10:42,RA+RA_sus) → M16HUB(10:43,RA+RA_sus+RD) → M16B(11:19,RA_sus+RB+SLA)",,,23,13,0,5,10,0,0,0,RA+RA_sus+RC,RA_sus+RC,,RA_sus,RA_sus+RB_fast,11.02,2.91,3.04,2.79,2.47,-24,-21,-24,69,29,0,98.22,4,"6ABL6011,6ABL6021,6ABL0111,6ABL0112",14.54,0,12.30,8.97,0,36,16,42,20,0,"hot_area=M16HUB; S3확정; 발동: M16HUB[R-A'(AVGTOTALTIME1MIN=11.02분/기준9.0),R-A_sus,R-C'(역증가4개:6ABL6011,6ABL6021,6ABL0111,6ABL0112)]; M14[R-A_sus,R-C'(CNV쏠림)]; M16A[R-A_sus]; M16B[R-A_sus,R-B_fast(+13/10분)]",10,5,0,0,8,0,0,0,0,0,5,0,0,8,0,0,0,0,0,0,0,0,0,0,0,0,0,0,5,0,0,0,0,0,0,0,0,5,0,5,0,0,0,0,0,51,0,0,0,0,7,0,0,0,0,-19,-17,-17,-31,13,-3,0.71,78.13,79.18,86.96,88.63,0,130,85,72,0,0,23,13,0,5,10
M16A_HUBROOM_PR.csv,2026-06-09 11:33,2026-06-09,11:33,2,2단계 주의보,3,3→2,45,관심,M16HUB,15,M16HUB;M16A,"M16HUB(10:43,RA+RA_sus+RD) → M16A(10:43,RA+RA_sus+RB_fast+SLA) → M16_PKT(10:43,RA+RA_sus) → M16B(11:19,RA_sus+RB+SLA)",,,15,5,0,15,10,0,0,0,RA+RA_sus,RA_sus,,RA_sus+RB,RA_sus+RB_fast,4.61,2.47,3.06,2.69,2.51,-29,-10,-17,89,29,0,97.63,5,"6ABL6011,6ABL6021,6ABL0111,6ABL0112,6ABL0121",14.70,0,11.84,9.38,0,33,15,39,16,0,"hot_area=M16HUB; S2주의보; 발동: M16HUB[R-A'(AVGTOTALTIME1MIN=4.61분/기준9.0),R-A_sus]; M14[R-A_sus]; M16A[R-A_sus,R-B(6F_TO_HUB_JOB+89/30분/기준+80)]; M16B[R-A_sus,R-B_fast(+22/10분)]",10,5,0,0,0,0,0,0,0,0,5,0,0,0,0,0,0,0,0,0,0,0,0,0,0,0,0,0,5,10,0,0,0,0,0,0,0,5,0,5,0,0,0,0,0,45,0,0,0,0,6,0,0,0,0,-5,2,0,9,22,6,0.61,80.37,82.23,86.37,89.66,0,133,92,83,0,0,15,5,0,15,10
M16A_HUBROOM_PR.csv,2026-06-09 11:34,2026-06-09,11:34,2,2단계 주의보,2,,45,관심,M16HUB,15,M16HUB;M16A,"M16_PKT(10:43,RA+RA_sus) → M16HUB(10:44,RA+RA_sus+RD) → M16A(10:44,RA+RA_sus+RB_fast+SLA) → M16B(11:19,RA_sus+RB+SLA)",,,15,5,0,15,5,0,5,0,RA+RA_sus,RA_sus,,RA_sus+RB,RA_sus,4.19,2.49,2.90,2.64,2.75,-36,-8,-11,84,3,0.59,96.45,5,"6ABL6011,6ABL6021,6ABL6022,6ABL6031,6ABL0121",13.70,0,11.70,9.27,0,35,13,40,18,0,"hot_area=M16HUB; S2주의보; 발동: M16HUB[R-A'(AVGTOTALTIME1MIN=4.19분/기준9.0),R-A_sus]; M14[R-A_sus]; M16A[R-A_sus,R-B(6F_TO_HUB_JOB+84/30분/기준+80)]; M16B[R-A_sus]; M16_PKT[R-A_sus]",10,5,0,0,0,0,0,0,0,0,5,0,0,0,0,0,0,0,0,0,0,0,0,0,0,0,0,0,5,10,0,0,0,0,0,0,0,5,0,0,0,0,0,0,0,45,0,0,0,0,6,0,0,0,0,1,13,1,13,7,4,0.62,79.88,81.83,85.90,89.66,0,110,84,74,0,0,15,5,0,15,5
M16A_HUBROOM_PR.csv,2026-06-09 11:35,2026-06-09,11:35,3,3단계 ⭐확정,2,2→3,63,관심,M16HUB,23,M16HUB;M16A,"M16A(10:44,RA+RA_sus+RB_fast+SLA) → M16_PKT(10:44,RA+RA_sus) → M16HUB(10:45,RA+RA_sus+RD) → M16B(11:19,RA_sus+RB+SLA)",,,23,5,0,15,10,5,5,0,RA+RA_sus+RC,RA_sus,,RA_sus+RB,RA_sus+RB_fast,10.50,3.13,3.32,2.91,2.51,-36,-23,-1,89,6,1.18,97.63,5,"6ABL6011,6ABL6021,6ABL6022,6ABL0112,6ABL0121",14.39,0,12.16,10.33,0,31,12,43,16,0,"hot_area=M16HUB; S3확정; 발동: M16HUB[R-A'(AVGTOTALTIME1MIN=10.50분/기준9.0),R-A_sus,R-C'(역증가5개:6ABL6011,6ABL6021,6ABL6022,6ABL0112,6ABL0121)]; M14[R-A_sus]; M16A[R-A_sus,R-B(6F_TO_HUB_JOB+89/30분/기준+80)]; M16B[R-A_sus,R-B_fast(+17/10분)]; M16[R-B_fast(+15/10분)]; M16_PKT[R-A_sus]",10,5,0,0,8,0,0,0,0,0,5,0,0,0,0,0,0,0,0,0,0,0,0,0,0,0,0,0,5,10,0,0,0,0,0,0,0,5,0,5,0,0,0,0,0,63,0,0,0,0,6,0,0,0,0,2,7,4,22,17,-4,0.61,78.43,83.82,85.55,90.69,0,133,93,91,0,0,23,5,0,15,10
M16A_HUBROOM_PR.csv,2026-06-09 11:36,2026-06-09,11:36,3,3단계 ⭐확정,3,,53,관심,M16A,20,M16HUB;M16A,"M16HUB(10:45,RA+RA_sus+RD) → M16A(10:45,RA+RA_sus+SLA) → M16_PKT(10:45,RA+RA_sus) → M16B(11:19,RA_sus+RB+SLA)",,,18,5,0,20,5,0,5,0,RA+RC,RA_sus,,RA_sus+RB+RB_fast,RA_sus,4.41,2.51,3.05,2.53,2.74,-58,-13,-5,99,0,0.59,98.82,5,"6ABL6011,6ABL6021,6ABL0111,6ABL0112,6ABL0121",14.39,0,12.20,10.77,0,31,11,35,14,0,"hot_area=M16A; S3확정; 발동: M16HUB[R-A'(AVGTOTALTIME1MIN=4.41분/기준9.0),R-C'(역증가5개:6ABL6011,6ABL6021,6ABL0111,6ABL0112,6ABL0121)]; M14[R-A_sus]; M16A[R-A_sus,R-B(6F_TO_HUB_JOB+99/30분/기준+80),R-B_fast(+31/10분)]; M16B[R-A_sus]; M16_PKT[R-A_sus]",10,0,0,0,8,0,0,0,0,0,5,0,0,0,0,0,0,0,0,0,0,0,0,0,0,0,0,0,5,10,5,0,0,0,0,0,0,5,0,0,0,0,0,0,0,53,0,0,0,0,5,0,0,0,0,7,12,1,31,6,-1,0.59,78.23,81.83,87.31,89.36,0,117,82,84,0,0,18,5,0,20,5
M16A_HUBROOM_PR.csv,2026-06-09 11:37,2026-06-09,11:37,3,3단계 ⭐확정,3,,50,관심,M16HUB,25,M16HUB,"M16A(10:45,RA+RA_sus+SLA) → M16_PKT(10:45,RA+RA_sus) → M16HUB(10:46,RA+RA_sus+RD) → M16B(11:19,RA_sus+RB+SLA)",,,25,5,0,5,5,5,5,0,RA+RC+RD,RA_sus,,RA_sus,RA_sus,4.49,2.48,3.04,2.65,2.61,-40,-10,-11,76,-18,0.59,99.41,4,"6ABL6011,6ABL6021,6ABL0112,6ABL0121",15.40,0,11.86,10.70,0,29,12,33,12,0,"hot_area=M16HUB; S3확정; 발동: M16HUB[R-A'(AVGTOTALTIME1MIN=4.49분/기준9.0),R-C'(역증가4개:6ABL6011,6ABL6021,6ABL0112,6ABL0121),R-D(FAB저장=0.6%,STB=99.4%)]; M14[R-A_sus]; M16A[R-A_sus]; M16B[R-A_sus]; M16[R-B_fast(+57/10분)]; M16_PKT[R-A_sus]",10,0,0,0,8,7,0,0,0,0,5,0,0,0,0,0,0,0,0,0,0,0,0,0,0,0,0,0,5,0,0,0,0,0,0,0,0,5,0,0,0,0,0,0,0,50,0,0,0,0,5,0,0,0,0,7,17,-5,17,-14,-12,0.57,81.83,83.55,87.54,87.44,0,132,86,90,0,0,25,5,0,5,5
M16A_HUBROOM_PR.csv,2026-06-09 11:38,2026-06-09,11:38,1,1단계 조기경보,3,3→1,45,관심,M16HUB,25,M16HUB,"M16_PKT(10:45,RA+RA_sus) → M16HUB(10:46,RA+RA_sus+RD) → M16A(10:46,RA+RA_sus+SLA) → M16B(11:19,RA_sus+RB+SLA)",,,25,5,0,5,5,0,5,0,RA+RC+RD,RA_sus,,RA_sus,RA_sus,11.65,2.62,2.85,2.74,2.56,-36,-6,-7,71,-20,0,100.00,5,"6ABL6011,6ABL6021,6ABL6031,6ABL0112,6ABL0121",15.54,0,11.21,8.54,0,31,11,40,14,0,"hot_area=M16HUB; S1조기경보; 발동: M16HUB[R-A'(AVGTOTALTIME1MIN=11.65분/기준9.0),R-C'(역증가5개:6ABL6011,6ABL6021,6ABL6031,6ABL0112,6ABL0121),R-D(FAB저장=0.0%,STB=100.0%)]; M14[R-A_sus]; M16A[R-A_sus]; M16B[R-A_sus]; M16_PKT[R-A_sus]",10,0,0,0,8,7,0,0,0,0,5,0,0,0,0,0,0,0,0,0,0,0,0,0,0,0,0,0,5,0,0,0,0,0,0,0,0,5,0,0,0,0,0,0,0,45,0,0,0,0,5,0,0,0,0,4,19,-5,8,-15,-6,0.58,79.01,80.11,89.19,84.79,0,143,73,64,0,0,25,5,0,5,5
M16A_HUBROOM_PR.csv,2026-06-09 11:39,2026-06-09,11:39,3,3단계 ⭐확정,1,1→3,60,관심,M16HUB,25,M16HUB,"M16HUB(10:46,RA+RA_sus+RD) → M16A(10:46,RA+RA_sus+SLA) → M16_PKT(10:46,RA+RA_sus) → M16B(11:19,RA_sus+RB+SLA)",,,25,5,0,5,10,5,5,0,RA+RC+RD,RA_sus,,RA_sus,RA_sus+SLA,4.33,2.38,3.02,2.57,2.66,-42,-10,-9,37,-33,0,100.00,5,"6ABL6011,6ABL6021,6ABL6031,6ABL0112,6ABL0121",15.94,0,12.10,11.38,0,30,10,40,16,0,"hot_area=M16HUB; S3확정; 발동: M16HUB[R-A'(AVGTOTALTIME1MIN=4.33분/기준9.0),R-C'(역증가5개:6ABL6011,6ABL6021,6ABL6031,6ABL0112,6ABL0121),R-D(FAB저장=0.0%,STB=100.0%)]; M14[R-A_sus]; M16A[R-A_sus]; M16B[R-A_sus,SLA(11.4%4분초과)]; M16[R-B_fast(+40/10분)]; M16_PKT[R-A_sus]",10,0,0,0,8,7,0,0,0,0,5,0,0,0,0,0,0,0,0,0,0,0,0,0,0,0,0,0,5,0,0,0,0,0,0,0,0,5,0,0,0,0,5,0,0,55,0,5,0,0,4,0,0,0,0,-19,6,-16,7,-26,-1,0.58,75.02,81.17,89.31,81.39,0,132,83,94,0,0,25,5,0,5,10
M16A_HUBROOM_PR.csv,2026-06-09 11:40,2026-06-09,11:40,1,1단계 조기경보,3,3→1,65,경계,M16HUB,25,M16HUB,"M16A(10:46,RA+RA_sus+SLA) → M16_PKT(10:46,RA+RA_sus) → M16HUB(10:47,RA+RA_sus+RD) → M16B(11:19,RA_sus+RB+SLA)",,,25,5,0,10,10,0,5,0,RA+RC+RD,RA_sus,,RA_sus+SLA,RA_sus+SLA,5.75,2.51,3.29,2.62,2.44,-37,-3,-18,29,-30,0,100.00,5,"6ABL6011,6ABL6021,6ABL6031,6ABL0111,6ABL0121",14.26,0,13.22,10.52,0,31,12,35,12,0,"hot_area=M16HUB; S1조기경보; 발동: M16HUB[R-A'(AVGTOTALTIME1MIN=5.75분/기준9.0),R-C'(역증가5개:6ABL6011,6ABL6021,6ABL6031,6ABL0111,6ABL0121),R-D(FAB저장=0.0%,STB=100.0%)]; M14[R-A_sus]; M16A[R-A_sus,SLA(13.2%4분초과)]; M16B[R-A_sus,SLA(10.5%4분초과)]; M16_PKT[R-A_sus]",10,0,0,0,8,7,0,0,0,0,5,0,0,0,0,0,0,0,0,0,0,0,0,0,0,0,0,0,5,0,0,0,0,5,0,0,0,5,0,0,0,0,5,0,0,55,0,10,0,0,4,0,0,0,0,-13,12,-21,-9,-21,-2,0.61,73.76,77.19,89.31,79.76,0,135,99,95,0,0,25,5,0,10,10
M16A_HUBROOM_PR.csv,2026-06-09 11:41,2026-06-09,11:41,1,1단계 조기경보,1,,55,관심,M16HUB,25,M16HUB,"M16_PKT(10:46,RA+RA_sus) → M16HUB(10:47,RA+RA_sus+RD) → M16A(10:47,RA+RA_sus+SLA) → M16B(11:19,RA_sus+RB+SLA)",,,25,5,0,10,5,0,5,0,RA+RC+RD,RA_sus,,RA_sus+SLA,RA_sus,12.39,2.39,3.45,2.90,2.60,-29,-3,-13,17,-19,0,100.00,6,"6ABL6011,6ABL6021,6ABL6031,6ABL0111,6ABL0112,6ABL0121",14.39,0,13.25,10.96,0,30,10,35,11,0,"hot_area=M16HUB; S1조기경보; 발동: M16HUB[R-A'(AVGTOTALTIME1MIN=12.39분/기준9.0),R-C'(역증가6개:6ABL6011,6ABL6021,6ABL6031,6ABL0111,6ABL0112,6ABL0121),R-D(FAB저장=0.0%,STB=100.0%)]; M14[R-A_sus]; M16A[R-A_sus,SLA(13.2%4분초과)]; M16B[R-A_sus]; M16_PKT[R-A_sus]",10,0,0,0,8,7,0,0,0,0,5,0,0,0,0,0,0,0,0,0,0,0,0,0,0,0,0,0,5,0,0,0,0,5,0,0,0,5,0,0,0,0,0,0,0,50,0,5,0,0,4,0,0,0,0,-6,16,-12,-25,-14,-3,0.56,78.33,77.59,89.31,82.13,0,124,88,89,0,0,25,5,0,10,5
M16A_HUBROOM_PR.csv,2026-06-09 11:42,2026-06-09,11:42,1,1단계 조기경보,1,,55,관심,M16HUB,25,M16HUB,"M16HUB(10:47,RA+RA_sus+RD) → M16A(10:47,RA+RA_sus+SLA) → M16_PKT(10:47,RA+RA_sus) → M16B(11:19,RA_sus+RB+SLA)",,,25,5,0,10,5,0,5,0,RA+RC+RD,RA_sus,,RA_sus+SLA,RA_sus,3.53,2.49,2.92,2.80,2.36,-42,-19,-4,-2,-1,0,100.00,5,"6ABL6011,6ABL6021,6ABL6031,6ABL0111,6ABL0121",13.80,0,13.99,9.64,0,32,12,40,15,0,"hot_area=M16HUB; S1조기경보; 발동: M16HUB[R-A'(AVGTOTALTIME1MIN=3.53분/기준9.0),R-C'(역증가5개:6ABL6011,6ABL6021,6ABL6031,6ABL0111,6ABL0121),R-D(FAB저장=0.0%,STB=100.0%)]; M14[R-A_sus]; M16A[R-A_sus,SLA(14.0%4분초과)]; M16B[R-A_sus]; M16_PKT[R-A_sus]",10,0,0,0,8,7,0,0,0,0,5,0,0,0,0,0,0,0,0,0,0,0,0,0,0,0,0,0,5,0,0,0,0,5,0,0,0,5,0,0,0,0,0,0,0,50,0,5,0,0,3,0,0,0,0,-16,9,-2,-22,-19,-6,0.53,76.09,80.64,87.54,81.98,0,125,102,84,0,0,25,5,0,10,5
M16A_HUBROOM_PR.csv,2026-06-09 11:43,2026-06-09,11:43,1,1단계 조기경보,1,,55,관심,M16HUB,25,M16HUB,"M16A(10:47,RA+RA_sus+SLA) → M16_PKT(10:47,RA+RA_sus) → M16HUB(10:48,RA+RA_sus+RD) → M16B(11:19,RA_sus+RB+SLA)",,,25,5,0,10,5,0,5,0,RA+RC+RD,RA_sus,,RA_sus+SLA,RA_sus,7.60,2.17,2.84,2.67,2.52,-14,-5,10,-13,0,0,99.41,5,"6ABL6011,6ABL6021,6ABL6031,6ABL0111,6ABL0121",12.24,0,13.96,9.45,0,36,13,37,15,0,"hot_area=M16HUB; S1조기경보; 발동: M16HUB[R-A'(AVGTOTALTIME1MIN=7.60분/기준9.0),R-C'(역증가5개:6ABL6011,6ABL6021,6ABL6031,6ABL0111,6ABL0121),R-D(FAB저장=0.0%,STB=99.4%)]; M14[R-A_sus]; M16A[R-A_sus,SLA(14.0%4분초과)]; M16B[R-A_sus]; M16_PKT[R-A_sus]",10,0,0,0,8,7,0,0,0,0,5,0,0,0,0,0,0,0,0,0,0,0,0,0,0,0,0,0,5,0,0,0,0,5,0,0,0,5,0,0,0,0,0,0,0,50,0,5,0,0,3,0,0,0,0,16,14,12,-46,-15,-2,0.50,80.08,81.70,90.25,82.72,0,114,91,74,0,0,25,5,0,10,5
M16A_HUBROOM_PR.csv,2026-06-09 11:44,2026-06-09,11:44,1,1단계 조기경보,1,,65,경계,M16HUB,30,M16HUB,"M16_PKT(10:47,RA+RA_sus) → M16HUB(10:48,RA+RA_sus+RD) → M16A(10:48,RA+RA_sus+SLA) → M16B(11:19,RA_sus+RB+SLA)",M14B_7F_TO_HUB=1.5x(주의),,30,5,0,10,5,0,5,0,RA+RA_sus+RC+RD,RA_sus,,RA_sus+SLA,RA_sus,11.13,2.31,2.87,2.83,2.54,-13,-10,14,-44,7,0,99.41,2,"6ABL6031,6ABL0121",12.77,0,13.69,10.05,0,30,12,36,11,0,"hot_area=M16HUB; S1조기경보; 발동: M16HUB[R-A'(AVGTOTALTIME1MIN=11.13분/기준9.0),R-A_sus,R-C'(역증가2개:6ABL6031,6ABL0121),R-D(FAB저장=0.0%,STB=99.4%)]; M14[R-A_sus]; M16A[R-A_sus,SLA(13.7%4분초과)]; M16B[R-A_sus]; M16_PKT[R-A_sus]; 흐름:M14B_7F_TO_HUB=1.5x(주의)",10,5,0,0,8,7,0,0,0,0,5,0,0,0,0,0,0,0,0,0,0,0,0,0,0,0,0,0,5,0,0,0,0,5,0,0,0,5,0,0,0,0,0,0,0,55,5,5,0,0,4,0,0,0,0,28,2,18,-70,-10,-22,0.51,76.68,82.89,91.19,82.57,0,123,98,85,0,0,30,5,0,10,5
M16A_HUBROOM_PR.csv,2026-06-09 11:45,2026-06-09,11:45,1,1단계 조기경보,1,,60,관심,M16HUB,30,M16HUB,"M16HUB(10:48,RA+RA_sus+RD) → M16A(10:48,RA+RA_sus+SLA) → M16_PKT(10:48,RA+RA_sus) → M16B(11:19,RA_sus+RB+SLA)",,,30,5,0,10,5,0,5,0,RA+RA_sus+RC+RD,RA_sus,,RA_sus+SLA,RA_sus,4.52,2.60,2.67,2.60,2.41,-11,-2,9,-41,12,0.59,99.41,3,"6ABL6011,6ABL6031,6ABL0121",12.76,0,13.92,7.80,0,31,12,32,12,0,"hot_area=M16HUB; S1조기경보; 발동: M16HUB[R-A'(AVGTOTALTIME1MIN=4.52분/기준9.0),R-A_sus,R-C'(역증가3개:6ABL6011,6ABL6031,6ABL0121),R-D(FAB저장=0.6%,STB=99.4%)]; M14[R-A_sus]; M16A[R-A_sus,SLA(13.9%4분초과)]; M16B[R-A_sus]; M16_PKT[R-A_sus]",10,5,0,0,8,7,0,0,0,0,5,0,0,0,0,0,0,0,0,0,0,0,0,0,0,0,0,0,5,0,0,0,0,5,0,0,0,5,0,0,0,0,0,0,0,55,0,5,0,0,3,0,0,0,0,27,15,12,-59,-15,-26,0.51,78.91,78.51,91.07,85.97,0,109,88,60,0,0,30,5,0,10,5
M16A_HUBROOM_PR.csv,2026-06-09 11:46,2026-06-09,11:46,3,3단계 ⭐확정,1,1→3,65,경계,M16HUB,35,M16HUB,"M16A(10:48,RA+RA_sus+SLA) → M16_PKT(10:48,RA+RA_sus) → M16HUB(10:49,RA+RA_sus+RD) → M16B(11:19,RA_sus+RB+SLA)",,,35,5,0,10,5,0,5,0,RA+RA_sus+RB_fast+RC+RD,RA_sus,,RA_sus+SLA,RA_sus,8.71,2.84,2.99,2.76,2.60,27,-3,16,-46,9,0.59,99.41,2,"6ABL6011,6ABL0121",12.11,0,14.18,10.25,0,43,15,38,13,0,"hot_area=M16HUB; S3확정; 발동: M16HUB[R-A'(AVGTOTALTIME1MIN=8.71분/기준9.0),R-A_sus,R-B_fast(+57/10분),R-C'(역증가2개:6ABL6011,6ABL0121),R-D(FAB저장=0.6%,STB=99.4%)]; M14[R-A_sus]; M16A[R-A_sus,SLA(14.2%4분초과)]; M16B[R-A_sus]; M16_PKT[R-A_sus]",10,5,0,5,8,7,0,0,0,0,5,0,0,0,0,0,0,0,0,0,0,0,0,0,0,0,0,0,5,0,0,0,0,5,0,0,0,5,0,0,0,0,0,0,0,60,0,5,0,0,3,0,0,0,0,57,6,20,-70,-12,-26,0.53,78.43,77.98,88.01,83.46,0,105,111,89,0,0,35,5,0,10,5
M16A_HUBROOM_PR.csv,2026-06-09 11:47,2026-06-09,11:47,3,3단계 ⭐확정,3,,60,관심,M16HUB,35,M16HUB,"M16_PKT(10:48,RA+RA_sus) → M16HUB(10:49,RA+RA_sus+RD) → M16A(10:49,RA+RA_sus+SLA) → M16B(11:19,RA_sus+RB+SLA)",,,35,5,0,10,5,0,0,0,RA+RA_sus+RB_fast+RC+RD,RA_sus,,RA_sus+SLA,RA_sus,10.70,2.36,2.77,2.83,2.68,5,4,14,-57,4,0,100.00,2,"6ABL6011,6ABL0121",12.07,0,14.43,10.08,0,38,16,34,15,0,"hot_area=M16HUB; S3확정; 발동: M16HUB[R-A'(AVGTOTALTIME1MIN=10.70분/기준9.0),R-A_sus,R-B_fast(+33/10분),R-C'(역증가2개:6ABL6011,6ABL0121),R-D(FAB저장=0.0%,STB=100.0%)]; M14[R-A_sus]; M16A[R-A_sus,SLA(14.4%4분초과)]; M16B[R-A_sus]",10,5,0,5,8,7,0,0,0,0,5,0,0,0,0,0,0,0,0,0,0,0,0,0,0,0,0,0,5,0,0,0,0,5,0,0,0,5,0,0,0,0,0,0,0,55,0,5,0,0,4,0,0,0,0,33,2,23,-52,2,-30,0.50,81.15,81.56,89.66,83.90,0,105,103,78,0,0,35,5,0,10,5
M16A_HUBROOM_PR.csv,2026-06-09 11:48,2026-06-09,11:48,3,3단계 ⭐확정,3,,60,관심,M16HUB,35,M16HUB,"M16HUB(10:49,RA+RA_sus+RD) → M16A(10:49,RA+RA_sus+SLA) → M16_PKT(10:49,RA+RA_sus) → M16B(11:19,RA_sus+RB+SLA)",,,35,5,0,10,5,0,0,0,RA+RA_sus+RB_fast+RC+RD,RA_sus,,RA_sus+SLA,RA_sus,5.07,2.44,2.80,2.61,2.55,26,-4,14,-53,0,0,100.00,2,"6ABL6031,6ABL0121",12.02,0,14.29,9.25,0,33,13,31,12,0,"hot_area=M16HUB; S3확정; 발동: M16HUB[R-A'(AVGTOTALTIME1MIN=5.07분/기준9.0),R-A_sus,R-B_fast(+49/10분),R-C'(역증가2개:6ABL6031,6ABL0121),R-D(FAB저장=0.0%,STB=100.0%)]; M14[R-A_sus]; M16A[R-A_sus,SLA(14.3%4분초과)]; M16B[R-A_sus]",10,5,0,5,8,7,0,0,0,0,5,0,0,0,0,0,0,0,0,0,0,0,0,0,0,0,0,0,5,0,0,0,0,5,0,0,0,5,0,0,0,0,0,0,0,55,0,5,0,0,3,0,0,0,0,49,-3,18,-40,2,-25,0.51,80.66,79.05,88.48,82.27,0,107,110,79,0,0,35,5,0,10,5
M16A_HUBROOM_PR.csv,2026-06-09 11:49,2026-06-09,11:49,3,3단계 ⭐확정,3,,70,경계,M16HUB,35,M16HUB,"M16A(10:49,RA+RA_sus+SLA) → M16_PKT(10:49,RA+RA_sus) → M16HUB(10:50,RA+RA_sus+RC+RD) → M16B(11:19,RA_sus+RB+SLA)",,,35,10,0,10,10,0,0,0,RA+RA_sus+RB_fast+RC+RD,RA_sus+RB_fast,,RA_sus+SLA,RA_sus+RB_fast,9.00,2.51,3.03,2.90,2.57,43,39,11,-45,-10,0,100.00,3,"6ABL6031,6ABL0111,6ABL0121",12.23,0,13.83,7.04,0,29,12,34,14,0,"hot_area=M16HUB; S3확정; 발동: M16HUB[R-A'(AVGTOTALTIME1MIN=9.00분/기준9.0),R-A_sus,R-B_fast(+79/10분),R-C'(역증가3개:6ABL6031,6ABL0111,6ABL0121),R-D(FAB저장=0.0%,STB=100.0%)]; M14[R-A_sus,R-B_fast(+41/10분)]; M16A[R-A_sus,SLA(13.8%4분초과)]; M16B[R-A_sus,R-B_fast(+14/10분)]",10,5,0,5,8,7,0,0,0,0,5,0,5,0,0,0,0,0,0,0,0,0,0,0,0,0,0,0,5,0,0,0,0,5,0,0,0,5,0,5,0,0,0,0,0,65,0,5,0,0,4,0,0,0,0,79,41,24,-16,14,-23,0.54,83.19,79.05,85.43,84.05,0,97,96,53,0,0,35,10,0,10,10
M16A_HUBROOM_PR.csv,2026-06-09 11:50,2026-06-09,11:50,3,3단계 ⭐확정,3,,70,경계,M16HUB,35,M16HUB,"M16HUB(10:50,RA+RA_sus+RC+RD) → M16A(10:50,RA+RA_sus+SLA) → M16_PKT(10:52,RA+RA_sus) → M16B(11:19,RA_sus+RB+SLA)",,,35,10,0,10,10,0,0,0,RA+RA_sus+RB_fast+RC+RD,RA_sus+RB_fast,,RA_sus+SLA,RA_sus+RB_fast,10.60,2.58,3.38,2.71,2.38,53,39,9,-51,2,0,100.00,3,"6ABL6031,6ABL0111,6ABL0121",13.23,0,13.79,10.66,0,31,13,34,13,0,"hot_area=M16HUB; S3확정; 발동: M16HUB[R-A'(AVGTOTALTIME1MIN=10.60분/기준9.0),R-A_sus,R-B_fast(+77/10분),R-C'(역증가3개:6ABL6031,6ABL0111,6ABL0121),R-D(FAB저장=0.0%,STB=100.0%)]; M14[R-A_sus,R-B_fast(+38/10분)]; M16A[R-A_sus,SLA(13.8%4분초과)]; M16B[R-A_sus,R-B_fast(+32/10분)]",10,5,0,5,8,7,0,0,0,0,5,0,5,0,0,0,0,0,0,0,0,0,0,0,0,0,0,0,5,0,0,0,0,5,0,0,0,5,0,5,0,0,0,0,0,65,0,5,0,0,5,0,0,0,0,77,38,31,-3,32,-24,0.55,82.02,82.76,88.60,84.64,0,122,108,90,0,0,35,10,0,10,10
M16A_HUBROOM_PR.csv,2026-06-09 11:51,2026-06-09,11:51,3,3단계 ⭐확정,3,,75,경계,M16HUB,35,M16HUB,"M16HUB(10:51,RA+RA_sus+RD) → M16A(10:51,RA+RA_sus) → M16_PKT(10:52,RA+RA_sus) → M16B(11:19,RA_sus+RB+SLA)",,,35,10,0,10,10,5,0,0,RA+RA_sus+RB_fast+RC+RD,RA_sus+RB_fast,,RA_sus+SLA,RA_sus+RB_fast,4.62,2.55,3.30,2.85,2.85,21,18,-2,-29,7,0,100.00,3,"6ABL6031,6ABL0111,6ABL0121",13.94,0,13.96,11.02,0,35,12,34,13,0,"hot_area=M16HUB; S3확정; 발동: M16HUB[R-A'(AVGTOTALTIME1MIN=4.62분/기준9.0),R-A_sus,R-B_fast(+64/10분),R-C'(역증가3개:6ABL6031,6ABL0111,6ABL0121),R-D(FAB저장=0.0%,STB=100.0%)]; M14[R-A_sus,R-B_fast(+27/10분)]; M16A[R-A_sus,SLA(14.0%4분초과)]; M16B[R-A_sus,R-B_fast(+29/10분)]; M16[R-B_fast(+37/10분)]",10,5,0,5,8,7,0,0,0,0,5,0,5,0,0,0,0,0,0,0,0,0,0,0,0,0,0,0,5,0,0,0,0,5,0,0,0,5,0,5,0,0,0,0,0,70,0,5,0,0,4,0,0,0,0,64,27,23,5,29,-27,0.56,79.69,79.44,84.84,86.56,0,116,99,85,0,0,35,10,0,10,10
M16A_HUBROOM_PR.csv,2026-06-09 11:52,2026-06-09,11:52,3,3단계 ⭐확정,3,,65,경계,M16HUB,35,M16HUB,"M16HUB(10:52,RA+RA_sus+RD) → M16_PKT(10:52,RA+RA_sus) → M16A(11:03,RA_sus+RB_fast+SLA) → M16B(11:19,RA_sus+RB+SLA)",,,35,5,0,10,10,0,0,0,RA+RA_sus+RB_fast+RC+RD,RA_sus,,RA_sus+SLA,RA_sus+RB_fast,10.60,2.69,2.93,2.92,2.55,20,13,-5,-42,13,0,100.00,3,"6ABL6021,6ABL6031,6ABL0111",14.43,0,14.02,9.72,0,33,12,37,14,0,"hot_area=M16HUB; S3확정; 발동: M16HUB[R-A'(AVGTOTALTIME1MIN=10.60분/기준9.0),R-A_sus,R-B_fast(+55/10분),R-C'(역증가3개:6ABL6021,6ABL6031,6ABL0111),R-D(FAB저장=0.0%,STB=100.0%)]; M14[R-A_sus]; M16A[R-A_sus,SLA(14.0%4분초과)]; M16B[R-A_sus,R-B_fast(+19/10분)]",10,5,0,5,8,7,0,0,0,0,5,0,0,0,0,0,0,0,0,0,0,0,0,0,0,0,0,0,5,0,0,0,0,5,0,0,0,5,0,5,0,0,0,0,0,60,0,5,0,0,5,0,0,0,0,55,21,14,11,19,-30,0.57,76.77,77.45,86.84,87.44,0,132,107,81,0,0,35,5,0,10,10
M16A_HUBROOM_PR.csv,2026-06-09 11:53,2026-06-09,11:53,3,3단계 ⭐확정,3,,75,경계,M16HUB,30,M16HUB,"M16HUB(10:53,RA+RA_sus+RD) → M16_PKT(10:53,RA+RA_sus) → M16A(11:03,RA_sus+RB_fast+SLA) → M16B(11:19,RA_sus+RB+SLA)",,,30,10,0,10,5,5,0,5,RA+RA_sus+RC+RD,RA_sus+SLA,,RA_sus+SLA,RA_sus,8.57,2.58,2.97,2.67,2.71,33,22,9,-40,16,0,100.00,2,"6ABL6031,6ABL0121",14.48,0,14.08,9.99,0,34,13,38,14,0,"hot_area=M16HUB; S3확정; 발동: M16HUB[R-A'(AVGTOTALTIME1MIN=8.57분/기준9.0),R-A_sus,R-C'(역증가2개:6ABL6031,6ABL0121),R-D(FAB저장=0.0%,STB=100.0%)]; M14[R-A_sus,SLA(14.5%4분초과)]; M16A[R-A_sus,SLA(14.1%4분초과)]; M16B[R-A_sus]; M16[R-B_fast(+42/10분)]; M16_WT[R-A_sus]",10,5,0,0,8,7,0,0,0,0,5,0,0,0,0,5,0,0,0,0,0,0,0,0,0,0,0,0,5,0,0,0,0,5,0,0,0,5,0,0,0,0,0,0,0,65,0,10,0,0,5,0,0,0,0,22,6,-3,-3,9,-22,0.58,78.23,79.05,90.48,87.44,0,136,97,74,0,0,30,10,0,10,5
M16A_HUBROOM_PR.csv,2026-06-09 11:54,2026-06-09,11:54,1,1단계 조기경보,3,3→1,60,관심,M16HUB,30,M16HUB,"M16HUB(10:54,RA+RA_sus+RD) → M16_PKT(10:54,RA+RA_sus) → M16A(11:03,RA_sus+RB_fast+SLA) → M16B(11:19,RA_sus+RB+SLA)",,,30,5,0,10,5,0,0,5,RA+RA_sus+RC+RD,RA_sus,,RA_sus+SLA,RA_sus,4.55,2.41,2.95,2.99,2.63,27,21,5,-42,1,0,100.00,2,"6ABL6021,6ABL6032",13.89,0,13.85,10.42,0,34,12,36,16,0,"hot_area=M16HUB; S1조기경보; 발동: M16HUB[R-A'(AVGTOTALTIME1MIN=4.55분/기준9.0),R-A_sus,R-C'(역증가2개:6ABL6021,6ABL6032),R-D(FAB저장=0.0%,STB=100.0%)]; M14[R-A_sus]; M16A[R-A_sus,SLA(13.8%4분초과)]; M16B[R-A_sus]; M16_WT[R-A_sus]",10,5,0,0,8,7,0,0,0,0,5,0,0,0,0,0,0,0,0,0,0,0,0,0,0,0,0,0,5,0,0,0,0,5,0,0,0,5,0,0,0,0,0,0,0,55,0,5,0,0,4,0,0,0,0,-2,6,-14,15,4,-32,0.58,76.00,78.78,90.48,85.38,0,115,100,85,0,0,30,5,0,10,5
M16A_HUBROOM_PR.csv,2026-06-09 11:55,2026-06-09,11:55,3,3단계 ⭐확정,1,1→3,65,경계,M16HUB,30,M16HUB,"M16HUB(10:55,RA+RA_sus+RB_fast+RD) → M16_PKT(10:55,RA+RA_sus) → M16A(11:03,RA_sus+RB_fast+SLA) → M16B(11:19,RA_sus+RB+SLA)",,,30,5,0,10,5,5,0,5,RA+RA_sus+RC+RD,RA_sus,,RA_sus+SLA,RA_sus,11.02,2.30,2.97,2.71,2.40,17,17,2,-54,-8,0,100.00,2,"6ABL6021,6ABL6031",13.15,0,13.08,7.33,0,36,12,38,14,0,"hot_area=M16HUB; S3확정; 발동: M16HUB[R-A'(AVGTOTALTIME1MIN=11.02분/기준9.0),R-A_sus,R-C'(역증가2개:6ABL6021,6ABL6031),R-D(FAB저장=0.0%,STB=100.0%)]; M14[R-A_sus]; M16A[R-A_sus,SLA(13.1%4분초과)]; M16B[R-A_sus]; M16[R-B_fast(+36/10분)]; M16_WT[R-A_sus]",10,5,0,0,8,7,0,0,0,0,5,0,0,0,0,0,0,0,0,0,0,0,0,0,0,0,0,0,5,0,0,0,0,5,0,0,0,5,0,0,0,0,0,0,0,60,0,5,0,0,5,0,0,0,0,-12,-5,-14,-17,-10,-31,0.59,75.80,81.17,88.84,85.97,0,126,84,54,0,0,30,5,0,10,5
M16A_HUBROOM_PR.csv,2026-06-09 11:56,2026-06-09,11:56,1,1단계 조기경보,3,3→1,57,관심,M16HUB,22,M16HUB,"M16HUB(10:56,RA+RA_sus+RB_fast+RD) → M16_PKT(10:56,RA+RA_sus) → M16A(11:03,RA_sus+RB_fast+SLA) → M16B(11:19,RA_sus+RB+SLA)",,,22,5,0,10,5,0,5,5,RA+RA_sus+RD,RA_sus,,RA_sus+SLA,RA_sus,7.61,2.38,3.07,2.65,2.82,52,27,2,-44,-13,0,100.00,1,6ABL6022,13.59,0,13.79,10.31,0,40,14,32,12,0,"hot_area=M16HUB; S1조기경보; 발동: M16HUB[R-A'(AVGTOTALTIME1MIN=7.61분/기준9.0),R-A_sus,R-D(FAB저장=0.0%,STB=100.0%)]; M14[R-A_sus]; M16A[R-A_sus,SLA(13.8%4분초과)]; M16B[R-A_sus]; M16_PKT[R-A_sus]; M16_WT[R-A_sus]",10,5,0,0,0,7,0,0,0,0,5,0,0,0,0,0,0,0,0,0,0,0,0,0,0,0,0,0,5,0,0,0,0,5,0,0,0,5,0,0,0,0,0,0,0,52,0,5,0,0,5,0,0,0,0,-12,9,-19,-5,-7,-36,0.68,75.02,82.23,89.07,88.48,0,117,103,86,0,0,22,5,0,10,5
M16A_HUBROOM_PR.csv,2026-06-09 11:57,2026-06-09,11:57,1,1단계 조기경보,1,,70,경계,M16HUB,30,M16HUB,"M16HUB(10:57,RA+RA_sus+RB_fast+RD) → M16_PKT(10:57,RA+RA_sus) → M16A(11:03,RA_sus+RB_fast+SLA) → M16B(11:19,RA_sus+RB+SLA)",,,30,10,0,10,5,0,5,0,RA+RA_sus+RC+RD,RA_sus+SLA,,RA_sus+SLA,RA_sus,7.02,2.68,3.13,2.71,2.78,32,15,8,-30,-18,0,100.00,2,"6ABL6012,6ABL0111",14.16,0,13.14,10.36,0,38,13,36,12,0,"hot_area=M16HUB; S1조기경보; 발동: M16HUB[R-A'(AVGTOTALTIME1MIN=7.02분/기준9.0),R-A_sus,R-C'(역증가2개:6ABL6012,6ABL0111),R-D(FAB저장=0.0%,STB=100.0%)]; M14[R-A_sus,SLA(14.2%4분초과)]; M16A[R-A_sus,SLA(13.1%4분초과)]; M16B[R-A_sus]; M16_PKT[R-A_sus]",10,5,0,0,8,7,0,0,0,0,5,0,0,0,0,5,0,0,0,0,0,0,0,0,0,0,0,0,5,0,0,0,0,5,0,0,0,5,0,0,0,0,0,0,0,60,0,10,0,0,4,0,0,0,0,-8,-4,-10,5,-6,-31,0.64,77.94,83.29,89.42,88.63,0,129,90,77,0,0,30,10,0,10,5
M16A_HUBROOM_PR.csv,2026-06-09 11:58,2026-06-09,11:58,1,1단계 조기경보,1,,47,관심,M16HUB,22,M16HUB,"M16HUB(10:58,RA+RA_sus+RB_fast+RD) → M16_PKT(10:58,RA+RA_sus) → M16A(11:03,RA_sus+RB_fast+SLA) → M16B(11:19,RA_sus+RB+SLA)",,,22,5,0,10,5,0,0,0,RA+RA_sus+RD,RA_sus,,RA_sus+SLA,RA_sus,9.34,2.53,2.79,3.02,2.83,47,31,8,-36,-12,0,100.00,1,6ABL6012,13.52,0,13.32,10.74,0,34,12,29,11,0,"hot_area=M16HUB; S1조기경보; 발동: M16HUB[R-A'(AVGTOTALTIME1MIN=9.34분/기준9.0),R-A_sus,R-D(FAB저장=0.0%,STB=100.0%)]; M14[R-A_sus]; M16A[R-A_sus,SLA(13.3%4분초과)]; M16B[R-A_sus]",10,5,0,0,0,7,0,0,0,0,5,0,0,0,0,0,0,0,0,0,0,0,0,0,0,0,0,0,5,0,0,0,0,5,0,0,0,5,0,0,0,0,0,0,0,42,0,5,0,0,5,0,0,0,0,-6,15,-5,-4,1,-36,0.65,80.08,83.95,88.48,86.56,0,126,101,88,0,0,22,5,0,10,5
M16A_HUBROOM_PR.csv,2026-06-09 11:59,2026-06-09,11:59,1,1단계 조기경보,1,,57,관심,M16HUB,22,M16HUB,"M16HUB(10:59,RA+RA_sus+RB_fast+RD) → M16_PKT(10:59,RA+RA_sus) → M16A(11:03,RA_sus+RB_fast+SLA) → M16B(11:19,RA_sus+RB+SLA)",,,22,10,0,5,10,0,0,0,RA+RA_sus+RD,RA_sus+SLA,,RA_sus,RA_sus+SLA,7.65,2.56,2.96,2.79,2.78,32,22,5,-38,-7,0,100.00,1,6ABL6012,13.45,0,12.87,11.08,0,38,13,25,11,0,"hot_area=M16HUB; S1조기경보; 발동: M16HUB[R-A'(AVGTOTALTIME1MIN=7.65분/기준9.0),R-A_sus,R-D(FAB저장=0.0%,STB=100.0%)]; M14[R-A_sus,SLA(13.4%4분초과)]; M16A[R-A_sus]; M16B[R-A_sus,SLA(11.1%4분초과)]",10,5,0,0,0,7,0,0,0,0,5,0,0,0,0,5,0,0,0,0,0,0,0,0,0,0,0,0,5,0,0,0,0,0,0,0,0,5,0,0,0,0,5,0,0,47,0,10,0,0,4,0,0,0,0,-28,-25,-3,-29,5,-53,0.62,80.47,85.81,89.31,83.60,0,128,86,81,0,0,22,10,0,5,10
M16A_HUBROOM_PR.csv,2026-06-09 12:00,2026-06-09,12:00,3,3단계 ⭐확정,1,1→3,70,경계,M16HUB,30,M16HUB,"M16HUB(11:00,RA+RA_sus+RB_fast+RD) → M16_PKT(11:00,RA+RA_sus) → M16A(11:03,RA_sus+RB_fast+SLA) → M16B(11:19,RA_sus+RB+SLA)",M16A_2F_TO_HUB=2.3x(위험),,30,5,0,10,5,0,0,0,RA+RA_sus+RC+RD,RA_sus,,RA_sus+SLA,RA_sus,4.23,2.35,2.97,2.83,2.69,38,29,9,-31,-1,0,100.00,2,"6ABL6012,6ABL6032",13.30,0,13.15,10.79,0,42,14,28,11,0,"hot_area=M16HUB; S3확정; 발동: M16HUB[R-A'(AVGTOTALTIME1MIN=4.23분/기준9.0),R-A_sus,R-C'(역증가2개:6ABL6012,6ABL6032),R-D(FAB저장=0.0%,STB=100.0%)]; M14[R-A_sus]; M16A[R-A_sus,SLA(13.2%4분초과)]; M16B[R-A_sus]; 흐름:M16A_2F_TO_HUB=2.3x(위험)",10,5,0,0,8,7,0,0,0,0,5,0,0,0,0,0,0,0,0,0,0,0,0,0,0,0,0,0,5,0,0,0,0,5,0,0,0,5,0,0,0,0,0,0,0,50,15,5,0,0,3,0,0,0,0,-26,-21,-1,-19,-12,-49,0.63,78.91,81.17,92.01,81.83,0,114,98,91,0,0,30,5,0,10,5
M16A_HUBROOM_PR.csv,2026-06-09 12:01,2026-06-09,12:01,3,3단계 ⭐확정,3,,77,경계,M16HUB,22,M16HUB,"M16HUB(11:01,RA+RA_sus+RB_fast+RD) → M16_PKT(11:01,RA+RA_sus) → M16A(11:03,RA_sus+RB_fast+SLA) → M16B(11:19,RA_sus+RB+SLA)",M16A_2F_TO_HUB=3.9x(심각),,22,5,0,10,5,0,0,0,RA+RA_sus+RD,RA_sus,,RA_sus+SLA,RA_sus,7.74,2.61,3.16,2.89,2.69,40,25,18,-50,-8,0,100.00,1,6ABL6012,12.61,0,13.34,11.18,0,36,13,37,12,0,"hot_area=M16HUB; S3확정; 발동: M16HUB[R-A'(AVGTOTALTIME1MIN=7.74분/기준9.0),R-A_sus,R-D(FAB저장=0.0%,STB=100.0%)]; M14[R-A_sus]; M16A[R-A_sus,SLA(13.3%4분초과)]; M16B[R-A_sus]; 흐름:M16A_2F_TO_HUB=3.9x(심각)",10,5,0,0,0,7,0,0,0,0,5,0,0,0,0,0,0,0,0,0,0,0,0,0,0,0,0,0,5,0,0,0,0,5,0,0,0,5,0,0,0,0,0,0,0,42,30,5,0,0,3,0,0,0,0,-18,-18,7,-30,-23,-50,0.63,79.40,82.63,92.24,83.31,0,110,89,85,0,0,22,5,0,10,5
M16A_HUBROOM_PR.csv,2026-06-09 12:02,2026-06-09,12:02,3,3단계 ⭐확정,3,,87,주의,M16HUB,22,M16HUB,"M16HUB(11:02,RA+RA_sus+RB_fast+RD) → M16_PKT(11:02,RA+RA_sus) → M16A(11:03,RA_sus+RB_fast+SLA) → M16B(11:19,RA_sus+RB+SLA)",M16A_2F_TO_HUB=3.3x(심각),,22,5,0,10,10,0,0,0,RA+RA_sus+RD,RA_sus,,RA_sus+SLA,RA_sus+SLA,6.89,2.38,2.79,2.72,2.62,27,18,15,-39,-22,0,100.00,0,,12.80,0,13.07,11.76,0,41,17,33,13,0,"hot_area=M16HUB; S3확정; 발동: M16HUB[R-A'(AVGTOTALTIME1MIN=6.89분/기준9.0),R-A_sus,R-D(FAB저장=0.0%,STB=100.0%)]; M14[R-A_sus]; M16A[R-A_sus,SLA(13.1%4분초과)]; M16B[R-A_sus,SLA(11.8%4분초과)]; 흐름:M16A_2F_TO_HUB=3.3x(심각)",10,5,0,0,0,7,0,0,0,0,5,0,0,0,0,0,0,0,0,0,0,0,0,0,0,0,0,0,5,0,0,0,0,5,0,0,0,5,0,0,0,0,5,0,0,47,30,10,0,0,2,0,0,0,0,-12,-12,3,-28,-22,-55,0.65,78.62,81.56,92.60,81.24,0,116,78,104,0,0,22,5,0,10,10
M16A_HUBROOM_PR.csv,2026-06-09 12:03,2026-06-09,12:03,3,3단계 ⭐확정,3,,82,주의,M16HUB,22,M16HUB,"M16HUB(11:03,RA+RA_sus+RB_fast+RD) → M16A(11:03,RA_sus+RB_fast+SLA) → M16_PKT(11:03,RA+RA_sus) → M16B(11:19,RA_sus+RB+SLA)",M14B_LFT_4ABLD_TO_HUB_SUM=1.6x(주의);M16A_2F_TO_HUB=3.8x(심각),,22,5,0,5,10,0,0,0,RA+RA_sus+RD,RA_sus,,RA_sus,RA_sus+SLA,4.07,2.70,2.96,2.76,2.70,33,14,8,-44,-35,0,100.00,1,6ABL6012,12.73,0,12.39,12.39,0,39,18,30,12,0,"hot_area=M16HUB; S3확정; 발동: M16HUB[R-A'(AVGTOTALTIME1MIN=4.07분/기준9.0),R-A_sus,R-D(FAB저장=0.0%,STB=100.0%)]; M14[R-A_sus]; M16A[R-A_sus]; M16B[R-A_sus,SLA(12.4%4분초과)]; 흐름:M14B_LFT_4ABLD_TO_HUB_SUM=1.6x(주의);M16A_2F_TO_HUB=3.8x(심각)",10,5,0,0,0,7,0,0,0,0,5,0,0,0,0,0,0,0,0,0,0,0,0,0,0,0,0,0,5,0,0,0,0,0,0,0,0,5,0,0,0,0,5,0,0,42,35,5,0,0,2,0,0,0,0,-5,-6,-1,5,-29,-40,0.62,77.65,85.81,94.71,81.98,0,125,87,98,0,0,22,5,0,5,10
M16A_HUBROOM_PR.csv,2026-06-09 12:04,2026-06-09,12:04,3,3단계 ⭐확정,3,,82,주의,M16HUB,30,M16HUB,"M16HUB(11:04,RA+RA_sus+RD) → M16A(11:04,RA_sus+RB_fast+SLA) → M16_PKT(11:04,RA+RA_sus) → M16B(11:19,RA_sus+RB+SLA)",M16A_2F_TO_HUB=3.3x(심각),,30,5,0,12,5,0,0,0,RA+RA_sus+RC+RD,RA_sus,,RA_sus+RD,RA_sus,6.95,2.35,2.90,2.78,2.46,40,18,11,-49,-30,0,100.00,2,"6ABL6012,6ABL0121",13.00,0,12.60,9.24,0,40,16,33,14,0,"hot_area=M16HUB; S3확정; 발동: M16HUB[R-A'(AVGTOTALTIME1MIN=6.95분/기준9.0),R-A_sus,R-C'(역증가2개:6ABL6012,6ABL0121),R-D(FAB저장=0.0%,STB=100.0%)]; M14[R-A_sus]; M16A[R-A_sus,R-D(OHT=95.4%)]; M16B[R-A_sus]; 흐름:M16A_2F_TO_HUB=3.3x(심각)",10,5,0,0,8,7,0,0,0,0,5,0,0,0,0,0,0,0,0,0,0,0,0,0,0,0,0,0,5,0,0,0,7,0,0,0,0,5,0,0,0,0,0,0,0,52,30,0,0,0,2,0,0,0,0,14,10,7,6,-24,-26,0.59,77.55,88.06,95.42,78.43,0,114,78,66,0,0,30,5,0,12,5
M16A_HUBROOM_PR.csv,2026-06-09 12:05,2026-06-09,12:05,3,3단계 ⭐확정,3,,84,주의,M16HUB,22,M16HUB;M16A,"M16HUB(11:05,RA+RA_sus+RD) → M16A(11:05,RA_sus+RB_fast+SLA) → M16_PKT(11:05,RA+RA_sus) → M16B(11:19,RA_sus+RB+SLA)",M16A_2F_TO_HUB=2.6x(위험),,22,5,0,22,10,0,0,0,RA+RA_sus+RD,RA_sus,,RA_sus+RB_fast+RD+SLA,RA_sus+SLA,5.82,2.46,2.86,2.83,2.49,35,21,5,-45,-27,0,100.00,1,6ABL6012,13.26,0,13.04,11.35,0,41,16,35,15,0,"hot_area=M16HUB; S3확정; 발동: M16HUB[R-A'(AVGTOTALTIME1MIN=5.82분/기준9.0),R-A_sus,R-D(FAB저장=0.0%,STB=100.0%)]; M14[R-A_sus]; M16A[R-A_sus,R-B_fast(+31/10분),R-D(OHT=95.7%),SLA(13.0%4분초과)]; M16B[R-A_sus,SLA(11.3%4분초과)]; 흐름:M16A_2F_TO_HUB=2.6x(위험)",10,5,0,0,0,7,0,0,0,0,5,0,0,0,0,0,0,0,0,0,0,0,0,0,0,0,0,0,5,0,5,0,7,5,0,0,0,5,0,0,0,0,5,0,0,59,15,10,0,0,1,0,0,0,0,20,11,7,31,-2,-25,0.58,74.73,89.66,95.65,83.75,0,127,96,99,0,0,22,5,0,22,10
M16A_HUBROOM_PR.csv,2026-06-09 12:06,2026-06-09,12:06,3,3단계 ⭐확정,3,,65,경계,M16HUB,25,M16HUB,"M16HUB(11:06,RA+RA_sus+RD) → M16A(11:06,RA_sus+RB_fast+SLA) → M16_PKT(11:06,RA+RA_sus) → M16B(11:19,RA_sus+RB+SLA)",M16A_2F_TO_HUB=2.3x(위험),,25,5,0,10,10,0,0,0,RA+RC+RD,RA_sus,,RA_sus+RB_fast,RA_sus+RB_fast,4.46,2.49,3.08,2.98,2.66,40,19,4,-44,-3,0,100.00,3,"6ABL6012,6ABL6031,6ABL0112",12.94,0,12.41,10.96,0,42,16,33,17,0,"hot_area=M16HUB; S3확정; 발동: M16HUB[R-A'(AVGTOTALTIME1MIN=4.46분/기준9.0),R-C'(역증가3개:6ABL6012,6ABL6031,6ABL0112),R-D(FAB저장=0.0%,STB=100.0%)]; M14[R-A_sus]; M16A[R-A_sus,R-B_fast(+31/10분)]; M16B[R-A_sus,R-B_fast(+16/10분)]; 흐름:M16A_2F_TO_HUB=2.3x(위험)",10,0,0,0,8,7,0,0,0,0,5,0,0,0,0,0,0,0,0,0,0,0,0,0,0,0,0,0,5,0,5,0,0,0,0,0,0,5,0,5,0,0,0,0,0,50,15,0,0,0,1,0,0,0,0,-5,4,3,31,16,-24,0.57,75.39,87.00,94.36,80.21,0,110,83,86,0,0,25,5,0,10,10
M16A_HUBROOM_PR.csv,2026-06-09 12:07,2026-06-09,12:07,3,3단계 ⭐확정,3,,82,주의,M16HUB,25,M16HUB;M16A,"M16HUB(11:07,RA+RA_sus+RC+RD) → M16A(11:07,RA_sus+RB_fast+SLA) → M16_PKT(11:07,RA+RA_sus) → M16B(11:19,RA_sus+RB+SLA)",M16A_2F_TO_HUB=2.2x(위험);M16B_10F_TO_HUB=1.9x(주의),,25,5,0,17,10,5,0,0,RA+RC+RD,RA_sus,,RA_sus+RB_fast+RD,RA_sus+RB_fast,5.50,2.78,2.96,2.90,2.62,23,2,6,-17,26,0,100.00,3,"6ABL6012,6ABL6032,6ABL0112",12.98,0,12.19,10.83,0,42,13,30,14,0,"hot_area=M16HUB; S3확정; 발동: M16HUB[R-A'(AVGTOTALTIME1MIN=5.50분/기준9.0),R-C'(역증가3개:6ABL6012,6ABL6032,6ABL0112),R-D(FAB저장=0.0%,STB=100.0%)]; M14[R-A_sus]; M16A[R-A_sus,R-B_fast(+30/10분),R-D(OHT=96.2%)]; M16B[R-A_sus,R-B_fast(+30/10분)]; M16[R-B_fast(+47/10분)]; 흐름:M16A_2F_TO_HUB=2.2x(위험);M16B_10F_TO_HUB=1.9x(주의)",10,0,0,0,8,7,0,0,0,0,5,0,0,0,0,0,0,0,0,0,0,0,0,0,0,0,0,0,5,0,5,0,7,0,0,0,0,5,0,5,0,0,0,0,0,62,20,0,0,0,1,0,0,0,0,-2,4,-7,30,30,-27,0.56,75.68,85.68,96.24,84.49,0,115,88,94,0,0,25,5,0,17,10
M16A_HUBROOM_PR.csv,2026-06-09 12:08,2026-06-09,12:08,3,3단계 ⭐확정,3,,60,관심,M16B,20,M16HUB;M16B,"M16HUB(11:08,RA+RA_sus+RC+RD) → M16A(11:08,RA_sus+RB_fast+SLA) → M16B(11:19,RA_sus+RB+SLA) → M16_PKT(11:22,RA+RA_sus)",M16A_2F_TO_HUB=1.8x(주의);M16B_10F_TO_HUB=1.9x(주의),,15,5,0,10,20,0,0,0,RC+RD,RA_sus,,RA_sus+RB_fast,RA_sus+RB+RB_fast,5.87,2.54,2.96,2.86,2.85,20,-5,10,-7,33,0,100.00,4,"6ABL6021,6ABL0111,6ABL0112,6ABL0122",12.58,0,12.31,11.38,0,38,13,35,14,0,"hot_area=M16B; S3확정; 발동: M16HUB[R-C'(역증가4개:6ABL6021,6ABL0111,6ABL0112,6ABL0122),R-D(FAB저장=0.0%,STB=100.0%)]; M14[R-A_sus]; M16A[R-A_sus,R-B_fast(+37/10분)]; M16B[R-A_sus,R-B(10F_TO_HUB_JOB+33/30분/기준+30),R-B_fast(+30/10분)]; 흐름:M16A_2F_TO_HUB=1.8x(주의);M16B_10F_TO_HUB=1.9x(주의)",0,0,0,0,8,7,0,0,0,0,5,0,0,0,0,0,0,0,0,0,0,0,0,0,0,0,0,0,5,0,5,0,0,0,0,0,0,5,10,5,0,0,0,0,0,50,10,0,0,0,0,0,0,0,0,-23,-17,-3,37,30,-17,0.54,77.53,87.14,91.30,86.71,0,115,80,90,0,0,15,5,0,10,20
M16A_HUBROOM_PR.csv,2026-06-09 12:09,2026-06-09,12:09,3,3단계 ⭐확정,3,,60,관심,M16B,20,M16HUB;M16B,"M16HUB(11:09,RA+RA_sus+RC+RD) → M16A(11:09,RA_sus+RB_fast+SLA) → M16B(11:19,RA_sus+RB+SLA) → M16_PKT(11:22,RA+RA_sus)",M16B_10F_TO_HUB=1.9x(주의),,15,5,0,10,20,5,0,0,RC+RD,RA_sus,,RA_sus+RB_fast,RA_sus+RB+RB_fast,4.13,2.44,3.37,2.95,2.42,35,11,15,19,47,0,100.00,4,"6ABL6021,6ABL6032,6ABL0112,6ABL0122",12.15,0,11.96,10.24,0,43,16,36,16,0,"hot_area=M16B; S3확정; 발동: M16HUB[R-C'(역증가4개:6ABL6021,6ABL6032,6ABL0112,6ABL0122),R-D(FAB저장=0.0%,STB=100.0%)]; M14[R-A_sus]; M16A[R-A_sus,R-B_fast(+64/10분)]; M16B[R-A_sus,R-B(10F_TO_HUB_JOB+47/30분/기준+30),R-B_fast(+28/10분)]; M16[R-B_fast(+38/10분)]; 흐름:M16B_10F_TO_HUB=1.9x(주의)",0,0,0,0,8,7,0,0,0,0,5,0,0,0,0,0,0,0,0,0,0,0,0,0,0,0,0,0,5,0,5,0,0,0,0,0,0,5,10,5,0,0,0,0,0,55,5,0,0,0,0,0,0,0,0,-16,-5,-6,64,28,-7,0.56,77.63,82.36,89.66,87.30,0,100,88,89,0,0,15,5,0,10,20
M16A_HUBROOM_PR.csv,2026-06-09 12:10,2026-06-09,12:10,3,3단계 ⭐확정,3,,55,관심,M16B,20,M16HUB;M16B,"M16HUB(11:10,RA+RA_sus+RD) → M16A(11:10,RA_sus+RB_fast+SLA) → M16B(11:19,RA_sus+RB+SLA) → M16_PKT(11:22,RA+RA_sus)",M16B_10F_TO_HUB=1.6x(주의),,15,5,0,10,20,0,0,0,RC+RD,RA_sus,,RA_sus+RB_fast,RA_sus+RB+RB_fast,5.64,2.40,3.74,2.84,2.57,29,4,22,18,44,0,100.00,4,"6ABL6021,6ABL6032,6ABL0112,6ABL0122",12.20,0,12.05,9.79,0,46,16,34,15,0,"hot_area=M16B; S3확정; 발동: M16HUB[R-C'(역증가4개:6ABL6021,6ABL6032,6ABL0112,6ABL0122),R-D(FAB저장=0.0%,STB=100.0%)]; M14[R-A_sus]; M16A[R-A_sus,R-B_fast(+40/10분)]; M16B[R-A_sus,R-B(10F_TO_HUB_JOB+44/30분/기준+30),R-B_fast(+24/10분)]; 흐름:M16B_10F_TO_HUB=1.6x(주의)",0,0,0,0,8,7,0,0,0,0,5,0,0,0,0,0,0,0,0,0,0,0,0,0,0,0,0,0,5,0,5,0,0,0,0,0,0,5,10,5,0,0,0,0,0,50,5,0,0,0,0,0,0,0,0,-22,-13,-8,40,24,-29,0.54,77.33,83.16,88.48,87.30,0,117,80,76,0,0,15,5,0,10,20
M16A_HUBROOM_PR.csv,2026-06-09 12:11,2026-06-09,12:11,3,3단계 ⭐확정,3,,70,경계,M16B,20,M16HUB;M16B,"M16HUB(11:11,RA+RA_sus+RC) → M16A(11:11,RA_sus+RB_fast+SLA) → M16B(11:19,RA_sus+RB+SLA) → M16_PKT(11:22,RA+RA_sus)",M16B_10F_TO_HUB=1.7x(주의),,15,5,5,10,20,10,0,0,RC+RD,RA_sus,RA_sus,RA_sus+RB_fast,RA_sus+RB+RB_fast,6.07,2.60,3.64,2.73,2.27,22,-6,21,29,39,0,100.00,4,"6ABL6021,6ABL6032,6ABL0112,6ABL0122",11.43,0,11.97,9.94,0,46,16,33,17,0,"hot_area=M16B; S3확정; 발동: M16HUB[R-C'(역증가4개:6ABL6021,6ABL6032,6ABL0112,6ABL0122),R-D(FAB저장=0.0%,STB=100.0%)]; M14[R-A_sus]; M14B[R-A_sus]; M16A[R-A_sus,R-B_fast(+54/10분)]; M16B[R-A_sus,R-B(10F_TO_HUB_JOB+39/30분/기준+30),R-B_fast(+33/10분)]; M16[R-B(SENDQUEUETOTAL+45/30분/기준+20)]; 흐름:M16B_10F_TO_HUB=1.7x(주의)",0,0,0,0,8,7,0,0,0,0,5,0,0,0,0,0,0,0,0,5,0,0,0,0,0,0,0,0,5,0,5,0,0,0,0,0,0,5,10,5,0,0,0,0,0,65,5,0,0,0,0,0,0,0,0,-24,-15,-9,54,33,-25,0.52,78.99,85.15,85.66,81.98,0,100,88,82,0,0,15,5,5,10,20
M16A_HUBROOM_PR.csv,2026-06-09 12:12,2026-06-09,12:12,3,3단계 ⭐확정,3,,60,관심,M16B,20,M16HUB;M16B,"M16HUB(11:12,RA+RA_sus) → M16A(11:12,RA+RA_sus+RB_fast+SLA) → M16B(11:19,RA_sus+RB+SLA) → M16_PKT(11:22,RA+RA_sus)",M16B_10F_TO_HUB=1.9x(주의),,15,5,5,10,20,0,0,0,RC+RD,RA_sus,RA_sus,RA_sus+RB_fast,RA_sus+RB+RB_fast,4.03,2.43,3.14,2.69,2.38,10,-5,14,59,39,0,100.00,3,"6ABL6011,6ABL6031,6ABL0122",11.96,0,12.25,8.08,0,49,16,31,14,0,"hot_area=M16B; S3확정; 발동: M16HUB[R-C'(역증가3개:6ABL6011,6ABL6031,6ABL0122),R-D(FAB저장=0.0%,STB=100.0%)]; M14[R-A_sus]; M14B[R-A_sus]; M16A[R-A_sus,R-B_fast(+76/10분)]; M16B[R-A_sus,R-B(10F_TO_HUB_JOB+39/30분/기준+30),R-B_fast(+42/10분)]; 흐름:M16B_10F_TO_HUB=1.9x(주의)",0,0,0,0,8,7,0,0,0,0,5,0,0,0,0,0,0,0,0,5,0,0,0,0,0,0,0,0,5,0,5,0,0,0,0,0,0,5,10,5,0,0,0,0,0,55,5,0,0,0,0,0,0,0,0,-33,-14,-3,76,42,-1,0.55,76.36,80.90,83.78,77.84,0,108,80,58,0,0,15,5,5,10,20
M16A_HUBROOM_PR.csv,2026-06-09 12:13,2026-06-09,12:13,3,3단계 ⭐확정,3,,70,경계,M16HUB,15,M16HUB;M16A,"M16HUB(11:13,RA+RA_sus+RC) → M16A(11:13,RA+RA_sus+RB_fast+SLA) → M16B(11:19,RA_sus+RB+SLA) → M16_PKT(11:22,RA+RA_sus)",M16B_10F_TO_HUB=1.6x(주의),,15,5,5,15,10,10,0,0,RC+RD,RA_sus,RA_sus,RA_sus+RB_fast+SLA,RA_sus+RB_fast,6.87,2.69,3.04,3.00,2.62,-37,-32,-16,41,21,0,99.41,4,"6ABL6022,6ABL6031,6ABL6032,6ABL0122",11.86,0,14.19,9.88,0,47,17,36,15,0,"hot_area=M16HUB; S3확정; 발동: M16HUB[R-C'(역증가4개:6ABL6022,6ABL6031,6ABL6032,6ABL0122),R-D(FAB저장=0.0%,STB=99.4%)]; M14[R-A_sus]; M14B[R-A_sus]; M16A[R-A_sus,R-B_fast(+39/10분),SLA(14.2%4분초과)]; M16B[R-A_sus,R-B_fast(+41/10분)]; M16[R-B(SENDQUEUETOTAL+45/30분/기준+20)]; 흐름:M16B_10F_TO_HUB=1.6x(주의)",0,0,0,0,8,7,0,0,0,0,5,0,0,0,0,0,0,0,0,5,0,0,0,0,0,0,0,0,5,0,5,0,0,5,0,0,0,5,0,5,0,0,0,0,0,60,5,5,0,0,0,0,0,0,0,-54,-32,-12,39,41,-7,0.54,78.79,77.72,84.61,80.50,0,109,101,77,0,0,15,5,5,15,10
M16A_HUBROOM_PR.csv,2026-06-09 12:14,2026-06-09,12:14,3,3단계 ⭐확정,3,,42,관심,M16A,15,M16A,"M16HUB(11:14,RA+RA_sus+RC) → M16A(11:14,RA+RA_sus+RB_fast+SLA) → M16B(11:19,RA_sus+RB+SLA) → M16_PKT(11:22,RA+RA_sus)",,,7,5,0,15,10,0,0,0,RD,RA_sus,,RA_sus+RB_fast+SLA,RA_sus+RB_fast,4.89,2.58,2.80,2.74,2.50,-56,-32,-29,69,7,0,99.41,6,"6ABL6012,6ABL6021,6ABL6022,6ABL6031,6ABL6032,6ABL0122",11.52,0,14.15,8.76,0,47,15,34,15,0,"hot_area=M16A; S3확정; 발동: M16HUB[R-D(FAB저장=0.0%,STB=99.4%)]; M14[R-A_sus]; M16A[R-A_sus,R-B_fast(+48/10분),SLA(14.2%4분초과)]; M16B[R-A_sus,R-B_fast(+27/10분)]",0,0,0,0,0,7,0,0,0,0,5,0,0,0,0,0,0,0,0,0,0,0,0,0,0,0,0,0,5,0,5,0,0,5,0,0,0,5,0,5,0,0,0,0,0,37,0,5,0,0,0,0,0,0,0,-68,-48,-22,48,27,1,0.56,78.50,78.38,87.90,80.80,0,95,89,60,0,0,7,5,0,15,10
M16A_HUBROOM_PR.csv,2026-06-09 12:15,2026-06-09,12:15,3,3단계 ⭐확정,3,,47,관심,M16A,15,M16A,"M16HUB(11:15,RA+RA_sus+RC) → M16A(11:15,RA+RA_sus+RB_fast+SLA) → M16B(11:19,RA_sus+RB+SLA) → M16_PKT(11:22,RA+RA_sus)",,,7,5,0,15,5,10,0,0,RD,RA_sus,,RA_sus+RB_fast+SLA,RA_sus,4.09,2.32,3.10,2.87,2.93,-50,-22,-28,41,-10,0,99.41,4,"6ABL6011,6ABL6032,6ABL0121,6ABL0122",11.84,0,13.59,11.29,0,49,17,37,18,0,"hot_area=M16A; S3확정; 발동: M16HUB[R-D(FAB저장=0.0%,STB=99.4%)]; M14[R-A_sus]; M16A[R-A_sus,R-B_fast(+27/10분),SLA(13.6%4분초과)]; M16B[R-A_sus]; M16[R-B(SENDQUEUETOTAL+38/30분/기준+20)]",0,0,0,0,0,7,0,0,0,0,5,0,0,0,0,0,0,0,0,0,0,0,0,0,0,0,0,0,5,0,5,0,0,5,0,0,0,5,0,0,0,0,0,0,0,42,0,5,0,0,0,0,0,0,0,-58,-28,-21,27,2,5,0.64,76.36,73.47,90.13,83.60,0,113,100,93,0,0,7,5,0,15,5
M16A_HUBROOM_PR.csv,2026-06-09 12:16,2026-06-09,12:16,3,3단계 ⭐확정,3,,42,관심,M16A,15,M16A,"M16HUB(11:16,RA+RA_sus+RC) → M16A(11:16,RA+RA_sus+RB_fast+SLA) → M16B(11:19,RA_sus+RB+SLA) → M16_PKT(11:22,RA+RA_sus)",,,7,5,0,15,5,0,5,0,RD,RA_sus,,RA_sus+RB_fast+SLA,RA_sus,7.25,2.56,3.27,2.95,2.56,-57,-4,-25,56,-12,0,99.41,5,"6ABL6021,6ABL6031,6ABL6032,6ABL0111,6ABL0122",11.53,0,13.67,11.31,0,47,17,30,14,0,"hot_area=M16A; S3확정; 발동: M16HUB[R-D(FAB저장=0.0%,STB=99.4%)]; M14[R-A_sus]; M16A[R-A_sus,R-B_fast(+30/10분),SLA(13.7%4분초과)]; M16B[R-A_sus]; M16_PKT[R-A_sus]",0,0,0,0,0,7,0,0,0,0,5,0,0,0,0,0,0,0,0,0,0,0,0,0,0,0,0,0,5,0,5,0,0,5,0,0,0,5,0,0,0,0,0,0,0,37,0,5,0,0,0,0,0,0,0,-40,-17,-9,30,-21,2,0.69,77.43,77.59,91.30,76.22,0,99,92,83,0,0,7,5,0,15,5
M16A_HUBROOM_PR.csv,2026-06-09 12:17,2026-06-09,12:17,1,1단계 조기경보,3,3→1,40,관심,M14,13,,"M16HUB(11:17,RA+RA_sus+RC) → M16A(11:17,RA+RA_sus+RB_fast+SLA) → M16B(11:19,RA_sus+RB+SLA) → M16_PKT(11:22,RA+RA_sus)",,,7,13,0,10,5,0,0,0,RD,RA_sus+RC,,RA_sus+SLA,RA_sus,5.56,2.75,2.81,2.72,2.51,-32,-18,-2,54,-10,0,99.41,5,"6ABL6011,6ABL6021,6ABL6031,6ABL6032,6ABL0121",12.68,0,13.18,10.28,0,48,16,35,18,0,"hot_area=M14; S1조기경보; 발동: M16HUB[R-D(FAB저장=0.0%,STB=99.4%)]; M14[R-A_sus,R-C'(CNV쏠림)]; M16A[R-A_sus,SLA(13.2%4분초과)]; M16B[R-A_sus]",0,0,0,0,0,7,0,0,0,0,5,0,0,8,0,0,0,0,0,0,0,0,0,0,0,0,0,0,5,0,0,0,0,5,0,0,0,5,0,0,0,0,0,0,0,35,0,5,0,0,0,0,0,0,0,-22,-18,15,19,-34,0,0.73,81.03,80.77,90.36,83.31,0,115,97,84,0,0,7,13,0,10,5
M16A_HUBROOM_PR.csv,2026-06-09 12:18,2026-06-09,12:18,1,1단계 조기경보,1,,27,정상,M16HUB,7,,"M16HUB(11:18,RA+RA_sus+RC) → M16A(11:18,RA+RA_sus+RB_fast+SLA) → M16B(11:19,RA_sus+RB+SLA) → M16_PKT(11:22,RA+RA_sus)",,,7,5,0,5,5,0,5,0,RD,RA_sus,,RA_sus,RA_sus,4.14,2.72,2.88,2.83,2.86,-23,-4,5,52,-6,0.59,99.41,5,"6ABL6021,6ABL6022,6ABL6031,6ABL0111,6ABL0121",13.46,0,12.94,10.74,0,44,18,33,14,0,"hot_area=M16HUB; S1조기경보; 발동: M16HUB[R-D(FAB저장=0.6%,STB=99.4%)]; M14[R-A_sus]; M16A[R-A_sus]; M16B[R-A_sus]; M16_PKT[R-A_sus]",0,0,0,0,0,7,0,0,0,0,5,0,0,0,0,0,0,0,0,0,0,0,0,0,0,0,0,0,5,0,0,0,0,0,0,0,0,5,0,0,0,0,0,0,0,27,0,0,0,0,0,0,0,0,0,6,-2,13,19,-37,6,0.69,77.63,80.24,89.66,83.16,0,124,85,78,0,0,7,5,0,5,5
M16A_HUBROOM_PR.csv,2026-06-09 12:19,2026-06-09,12:19,1,1단계 조기경보,1,,37,관심,M14,10,,"M16HUB(11:19,RA+RA_sus+RC) → M16A(11:19,RA+RA_sus+RB+RB_fast+SLA) → M16B(11:19,RA_sus+RB+SLA) → M16_PKT(11:22,RA+RA_sus)",,,7,10,0,5,5,0,5,0,RD,RA_sus+SLA,,RA_sus,RA_sus,5.88,2.72,2.73,2.77,2.40,-37,-40,12,43,1,0,99.41,5,"6ABL6011,6ABL6021,6ABL6022,6ABL0111,6ABL0121",13.32,0,12.94,9.24,0,47,19,36,16,0,"hot_area=M14; S1조기경보; 발동: M16HUB[R-D(FAB저장=0.0%,STB=99.4%)]; M14[R-A_sus,SLA(13.3%4분초과)]; M16A[R-A_sus]; M16B[R-A_sus]; M16_PKT[R-A_sus]",0,0,0,0,0,7,0,0,0,0,5,0,0,0,0,5,0,0,0,0,0,0,0,0,0,0,0,0,5,0,0,0,0,0,0,0,0,5,0,0,0,0,0,0,0,32,0,5,0,0,0,0,0,0,0,7,-10,21,8,-32,6,0.67,78.60,82.10,90.25,81.83,0,128,91,74,0,0,7,10,0,5,5
M16A_HUBROOM_PR.csv,2026-06-09 12:20,2026-06-09,12:20,1,1단계 조기경보,1,,20,정상,M14,5,,"M16HUB(11:20,RA+RA_sus+RC) → M16A(11:20,RA+RA_sus+RB+RB_fast+SLA) → M16B(11:20,RA_sus+RB) → M16_PKT(11:22,RA+RA_sus)",,,0,5,0,5,5,0,5,0,,RA_sus,,RA_sus,RA_sus,6.84,2.43,2.89,2.68,2.28,-43,-44,8,37,-18,0,96.45,5,"6ABL6011,6ABL6021,6ABL6022,6ABL6031,6ABL0111",13.80,0,12.90,6.67,0,42,15,38,15,0,hot_area=M14; S1조기경보; 발동: M14[R-A_sus]; M16A[R-A_sus]; M16B[R-A_sus]; M16_PKT[R-A_sus],0,0,0,0,0,0,0,0,0,0,5,0,0,0,0,0,0,0,0,0,0,0,0,0,0,0,0,0,5,0,0,0,0,0,0,0,0,5,0,0,0,0,0,0,0,20,0,0,0,0,0,0,0,0,0,5,-10,17,16,-30,8,0.65,77.04,85.28,90.83,79.62,0,117,80,48,0,0,0,5,0,5,5
M16A_HUBROOM_PR.csv,2026-06-09 12:21,2026-06-09,12:21,1,1단계 조기경보,1,,28,정상,M16HUB,8,,"M16HUB(11:21,RA+RA_sus) → M16A(11:21,RA+RA_sus+RB+RB_fast+SLA) → M16B(11:21,RA_sus+RB) → M16_PKT(11:22,RA+RA_sus)",,,8,5,0,5,5,0,5,0,RC,RA_sus,,RA_sus,RA_sus,5.07,2.42,2.63,2.74,2.33,-40,-42,15,35,-20,0,96.45,4,"6ABL6011,6ABL6022,6ABL6031,6ABL0111",13.42,0,12.17,8.83,0,39,14,36,15,0,"hot_area=M16HUB; S1조기경보; 발동: M16HUB[R-C'(역증가4개:6ABL6011,6ABL6022,6ABL6031,6ABL0111)]; M14[R-A_sus]; M16A[R-A_sus]; M16B[R-A_sus]; M16_PKT[R-A_sus]",0,0,0,0,8,0,0,0,0,0,5,0,0,0,0,0,0,0,0,0,0,0,0,0,0,0,0,0,5,0,0,0,0,0,0,0,0,5,0,0,0,0,0,0,0,28,0,0,0,0,0,0,0,0,0,2,-9,17,11,-30,-10,0.66,75.39,81.56,91.89,81.83,0,117,88,75,0,0,8,5,0,5,5
M16A_HUBROOM_PR.csv,2026-06-09 12:22,2026-06-09,12:22,1,1단계 조기경보,1,,28,정상,M16HUB,8,,"M16HUB(11:22,RA+RA_sus+RD) → M16A(11:22,RA_sus+RB+RB_fast) → M16_PKT(11:22,RA+RA_sus) → M16B(12:08,RA_sus+RB+RB_fast)",,,8,5,0,5,5,0,5,0,RC,RA_sus,,RA_sus,RA_sus,6.94,2.47,2.85,2.72,2.69,-37,-34,11,33,-26,0.59,97.04,5,"6ABL6011,6ABL6021,6ABL6022,6ABL6031,6ABL0111",13.84,0,11.96,9.06,0,37,13,35,15,0,"hot_area=M16HUB; S1조기경보; 발동: M16HUB[R-C'(역증가5개:6ABL6011,6ABL6021,6ABL6022,6ABL6031,6ABL0111)]; M14[R-A_sus]; M16A[R-A_sus]; M16B[R-A_sus]; M16_PKT[R-A_sus]",0,0,0,0,8,0,0,0,0,0,5,0,0,0,0,0,0,0,0,0,0,0,0,0,0,0,0,0,5,0,0,0,0,0,0,0,0,5,0,0,0,0,0,0,0,28,0,0,0,0,0,0,0,0,0,8,-8,11,-15,-46,-5,0.66,79.09,83.55,92.24,79.62,0,123,77,70,0,0,8,5,0,5,5
M16A_HUBROOM_PR.csv,2026-06-09 12:23,2026-06-09,12:23,1,1단계 조기경보,1,,38,관심,M14,10,,"M16HUB(11:23,RA+RA_sus+RD) → M16A(11:23,RA_sus+RB+RB_fast+SLA) → M16_PKT(11:23,RA+RA_sus) → M16B(12:08,RA_sus+RB+RB_fast)",,,8,10,0,5,5,0,5,0,RC,RA_sus+SLA,,RA_sus,RA_sus,5.10,2.64,2.93,2.80,2.51,-49,-37,-7,46,-33,2.37,98.22,4,"6ABL6011,6ABL6021,6ABL6022,6ABL0111",14.27,0,12.07,8.60,0,36,14,37,16,0,"hot_area=M14; S1조기경보; 발동: M16HUB[R-C'(역증가4개:6ABL6011,6ABL6021,6ABL6022,6ABL0111)]; M14[R-A_sus,SLA(14.3%4분초과)]; M16A[R-A_sus]; M16B[R-A_sus]; M16_PKT[R-A_sus]",0,0,0,0,8,0,0,0,0,0,5,0,0,0,0,5,0,0,0,0,0,0,0,0,0,0,0,0,5,0,0,0,0,0,0,0,0,5,0,0,0,0,0,0,0,33,0,5,0,0,0,0,0,0,0,10,1,6,2,-45,-14,0.67,80.45,83.29,91.19,76.51,0,132,85,72,0,0,8,10,0,5,5
M16A_HUBROOM_PR.csv,2026-06-09 12:24,2026-06-09,12:24,3,3단계 ⭐확정,1,1→3,50,관심,M16HUB,20,M16HUB,"M16HUB(11:24,RA+RA_sus+RD) → M16A(11:24,RA_sus+RB+SLA) → M16_PKT(11:24,RA+RA_sus) → M16B(12:08,RA_sus+RB+RB_fast)",,,20,10,0,5,5,0,5,0,RB_fast+RC+RD,RA_sus+SLA,,RA_sus,RA_sus,4.61,2.41,2.87,2.88,2.66,-21,-28,6,42,-32,0,100.00,4,"6ABL6011,6ABL6021,6ABL6022,6ABL6031",14.09,0,11.96,8.98,0,37,15,40,15,0,"hot_area=M16HUB; S3확정; 발동: M16HUB[R-B_fast(+33/10분),R-C'(역증가4개:6ABL6011,6ABL6021,6ABL6022,6ABL6031),R-D(FAB저장=0.0%,STB=100.0%)]; M14[R-A_sus,SLA(14.1%4분초과)]; M16A[R-A_sus]; M16B[R-A_sus]; M16_PKT[R-A_sus]",0,0,0,5,8,7,0,0,0,0,5,0,0,0,0,5,0,0,0,0,0,0,0,0,0,0,0,0,5,0,0,0,0,0,0,0,0,5,0,0,0,0,0,0,0,45,0,5,0,0,0,0,0,0,0,33,10,21,-12,-35,-15,0.66,81.13,83.82,90.72,76.22,0,116,77,67,0,0,20,10,0,5,5
M16A_HUBROOM_PR.csv,2026-06-09 12:25,2026-06-09,12:25,1,1단계 조기경보,3,3→1,45,관심,M16HUB,15,M16HUB,"M16HUB(11:25,RA+RA_sus+RD) → M16A(11:25,RA_sus+RB+SLA) → M16_PKT(11:25,RA+RA_sus) → M16B(12:08,RA_sus+RB+RB_fast)",,,15,5,0,10,5,0,5,0,RC+RD,RA_sus,,RA_sus+SLA,RA_sus,7.83,2.58,3.38,2.91,2.60,-11,-20,1,41,-22,0,100.00,5,"6ABL6011,6ABL6021,6ABL6022,6ABL6031,6ABL0111",13.78,0,13.14,7.81,0,39,15,31,15,0,"hot_area=M16HUB; S1조기경보; 발동: M16HUB[R-C'(역증가5개:6ABL6011,6ABL6021,6ABL6022,6ABL6031,6ABL0111),R-D(FAB저장=0.0%,STB=100.0%)]; M14[R-A_sus]; M16A[R-A_sus,SLA(13.1%4분초과)]; M16B[R-A_sus]; M16_PKT[R-A_sus]",0,0,0,0,8,7,0,0,0,0,5,0,0,0,0,0,0,0,0,0,0,0,0,0,0,0,0,0,5,0,0,0,0,5,0,0,0,5,0,0,0,0,0,0,0,40,0,5,0,0,0,0,0,0,0,27,-3,15,-17,-22,-13,0.63,81.03,81.83,90.95,75.18,0,128,95,69,0,0,15,5,0,10,5
M16A_HUBROOM_PR.csv,2026-06-09 12:26,2026-06-09,12:26,1,1단계 조기경보,1,,45,관심,M16HUB,15,M16HUB,"M16HUB(11:26,RA+RA_sus+RD) → M16A(11:26,RA_sus+RB+SLA) → M16_PKT(11:26,RA+RA_sus) → M16B(12:08,RA_sus+RB+RB_fast)",,,15,5,0,10,5,0,5,0,RC+RD,RA_sus,,RA_sus+SLA,RA_sus,5.36,2.55,3.01,2.86,2.62,-50,-27,-5,30,1,0,100.00,4,"6ABL6011,6ABL6021,6ABL6022,6ABL6031",13.88,0,13.32,7.89,0,37,13,36,19,0,"hot_area=M16HUB; S1조기경보; 발동: M16HUB[R-C'(역증가4개:6ABL6011,6ABL6021,6ABL6022,6ABL6031),R-D(FAB저장=0.0%,STB=100.0%)]; M14[R-A_sus]; M16A[R-A_sus,SLA(13.3%4분초과)]; M16B[R-A_sus]; M16_PKT[R-A_sus]",0,0,0,0,8,7,0,0,0,0,5,0,0,0,0,0,0,0,0,0,0,0,0,0,0,0,0,0,5,0,0,0,0,5,0,0,0,5,0,0,0,0,0,0,0,40,0,5,0,0,0,0,0,0,0,-5,-14,1,-31,6,-13,0.63,79.96,81.17,89.07,77.40,0,116,87,61,0,0,15,5,0,10,5
M16A_HUBROOM_PR.csv,2026-06-09 12:27,2026-06-09,12:27,1,1단계 조기경보,1,,45,관심,M16HUB,15,M16HUB,"M16HUB(11:27,RA+RA_sus+RD) → M16A(11:27,RA_sus+RB+SLA) → M16_PKT(11:27,RA+RA_sus) → M16B(12:08,RA_sus+RB+RB_fast)",,,15,5,0,10,5,0,5,0,RC+RD,RA_sus,,RA_sus+SLA,RA_sus,4.61,2.46,3.16,2.99,2.38,-26,-27,2,4,2,0,100.00,3,"6ABL6011,6ABL6021,6ABL6031",13.11,0,14.24,8.26,0,37,13,35,19,0,"hot_area=M16HUB; S1조기경보; 발동: M16HUB[R-C'(역증가3개:6ABL6011,6ABL6021,6ABL6031),R-D(FAB저장=0.0%,STB=100.0%)]; M14[R-A_sus]; M16A[R-A_sus,SLA(14.2%4분초과)]; M16B[R-A_sus]; M16_PKT[R-A_sus]",0,0,0,0,8,7,0,0,0,0,5,0,0,0,0,0,0,0,0,0,0,0,0,0,0,0,0,0,5,0,0,0,0,5,0,0,0,5,0,0,0,0,0,0,0,40,0,5,0,0,0,0,0,0,0,-2,-13,-6,-45,6,-23,0.62,78.79,83.29,91.66,77.25,0,118,98,69,0,0,15,5,0,10,5
M16A_HUBROOM_PR.csv,2026-06-09 12:28,2026-06-09,12:28,3,3단계 ⭐확정,1,1→3,55,관심,M16HUB,15,M16HUB,"M16HUB(11:28,RA+RA_sus+RD) → M16A(11:28,RA_sus+RB+SLA) → M16B(12:08,RA_sus+RB+RB_fast)",M16A_2F_TO_HUB=1.7x(주의),,15,5,0,10,10,0,5,0,RC+RD,RA_sus,,RA_sus+SLA,RA_sus+RB_fast,7.48,2.53,3.12,2.97,2.06,-31,-34,7,-3,5,0,100.00,2,"6ABL6011,6ABL6031",13.08,0,14.94,6.52,0,35,13,35,19,0,"hot_area=M16HUB; S3확정; 발동: M16HUB[R-C'(역증가2개:6ABL6011,6ABL6031),R-D(FAB저장=0.0%,STB=100.0%)]; M14[R-A_sus]; M16A[R-A_sus,SLA(14.9%4분초과)]; M16B[R-A_sus,R-B_fast(+12/10분)]; M16_PKT[R-A_sus]; 흐름:M16A_2F_TO_HUB=1.7x(주의)",0,0,0,0,8,7,0,0,0,0,5,0,0,0,0,0,0,0,0,0,0,0,0,0,0,0,0,0,5,0,0,0,0,5,0,0,0,5,0,5,0,0,0,0,0,45,5,5,0,0,0,0,0,0,0,-14,-15,-3,-59,12,-24,0.61,74.71,83.42,88.01,68.98,0,119,92,49,0,0,15,5,0,10,10
M16A_HUBROOM_PR.csv,2026-06-09 12:29,2026-06-09,12:29,1,1단계 조기경보,3,3→1,37,관심,M16A,10,,"M16HUB(11:29,RA+RA_sus+RD) → M16A(11:31,RA_sus+RB) → M16B(12:08,RA_sus+RB+RB_fast)",M16A_2F_TO_HUB=1.7x(주의),,7,5,0,10,5,0,0,0,RD,RA_sus,,RA_sus+SLA,RA_sus,5.91,2.62,2.89,2.75,2.56,-25,-30,7,10,4,0,100.00,1,6ABL6022,13.77,0,14.54,9.39,0,37,14,35,19,0,"hot_area=M16A; S1조기경보; 발동: M16HUB[R-D(FAB저장=0.0%,STB=100.0%)]; M14[R-A_sus]; M16A[R-A_sus,SLA(14.5%4분초과)]; M16B[R-A_sus]; 흐름:M16A_2F_TO_HUB=1.7x(주의)",0,0,0,0,0,7,0,0,0,0,5,0,0,0,0,0,0,0,0,0,0,0,0,0,0,0,0,0,5,0,0,0,0,5,0,0,0,5,0,0,0,0,0,0,0,27,5,5,0,0,0,0,0,0,0,-16,-15,-8,-62,8,-35,0.58,74.51,79.44,87.78,76.51,0,131,97,77,0,0,7,5,0,10,5
M16A_HUBROOM_PR.csv,2026-06-09 12:30,2026-06-09,12:30,1,1단계 조기경보,1,,55,관심,M16HUB,15,M16HUB,"M16HUB(11:30,RA+RA_sus+RD) → M16A(11:31,RA_sus+RB) → M16B(12:08,RA_sus+RB+RB_fast)",M16A_2F_TO_HUB=1.5x(주의),,15,10,0,10,5,0,0,0,RC+RD,RA_sus+SLA,,RA_sus+SLA,RA_sus,4.31,2.58,3.05,2.87,2.30,-24,-30,8,-9,-1,0,100.00,3,"6ABL6011,6ABL6012,6ABL0111",13.98,0,14.55,6.53,0,31,11,34,19,0,"hot_area=M16HUB; S1조기경보; 발동: M16HUB[R-C'(역증가3개:6ABL6011,6ABL6012,6ABL0111),R-D(FAB저장=0.0%,STB=100.0%)]; M14[R-A_sus,SLA(14.0%4분초과)]; M16A[R-A_sus,SLA(14.6%4분초과)]; M16B[R-A_sus]; 흐름:M16A_2F_TO_HUB=1.5x(주의)",0,0,0,0,8,7,0,0,0,0,5,0,0,0,0,5,0,0,0,0,0,0,0,0,0,0,0,0,5,0,0,0,0,5,0,0,0,5,0,0,0,0,0,0,0,40,5,10,0,0,0,0,0,0,0,-7,-7,-1,-65,5,-14,0.58,76.38,77.72,88.37,77.40,0,139,86,48,0,0,15,10,0,10,5
M16A_HUBROOM_PR.csv,2026-06-09 12:31,2026-06-09,12:31,1,1단계 조기경보,1,,40,관심,M16HUB,15,M16HUB,"M16HUB(11:31,RA+RA_sus) → M16A(11:31,RA_sus+RB) → M16B(12:08,RA_sus+RB+RB_fast)",,,15,5,0,10,5,0,0,0,RC+RD,RA_sus,,RA_sus+SLA,RA_sus,6.28,2.52,2.88,3.02,2.41,-29,-29,3,8,9,0,100.00,3,"6ABL6011,6ABL0111,6ABL0121",14.00,0,15.09,8.43,0,34,13,34,20,0,"hot_area=M16HUB; S1조기경보; 발동: M16HUB[R-C'(역증가3개:6ABL6011,6ABL0111,6ABL0121),R-D(FAB저장=0.0%,STB=100.0%)]; M14[R-A_sus]; M16A[R-A_sus,SLA(15.1%4분초과)]; M16B[R-A_sus]",0,0,0,0,8,7,0,0,0,0,5,0,0,0,0,0,0,0,0,0,0,0,0,0,0,0,0,0,5,0,0,0,0,5,0,0,0,5,0,0,0,0,0,0,0,35,0,5,0,0,0,0,0,0,0,-7,-5,-5,-57,6,-20,0.60,73.96,77.32,90.95,78.43,0,125,105,73,0,0,15,5,0,10,5
M16A_HUBROOM_PR.csv,2026-06-09 12:32,2026-06-09,12:32,3,3단계 ⭐확정,1,1→3,55,관심,M16HUB,20,M16HUB,"M16HUB(11:32,RA+RA_sus+RC) → M16A(11:33,RA_sus+RB) → M16B(12:08,RA_sus+RB+RB_fast)",,,20,5,0,10,10,5,0,0,RA_sus+RC+RD,RA_sus,,RA_sus+SLA,RA_sus+RB_fast,6.89,2.59,3.05,2.88,2.40,-18,-21,5,26,22,0,100.00,3,"6ABL6011,6ABL6032,6ABL0121",13.54,0,14.53,8.62,0,32,13,31,17,0,"hot_area=M16HUB; S3확정; 발동: M16HUB[R-A_sus,R-C'(역증가3개:6ABL6011,6ABL6032,6ABL0121),R-D(FAB저장=0.0%,STB=100.0%)]; M14[R-A_sus]; M16A[R-A_sus,SLA(14.5%4분초과)]; M16B[R-A_sus,R-B_fast(+26/10분)]; M16[R-B_fast(+16/10분)]",0,5,0,0,8,7,0,0,0,0,5,0,0,0,0,0,0,0,0,0,0,0,0,0,0,0,0,0,5,0,0,0,0,5,0,0,0,5,0,5,0,0,0,0,0,50,0,5,0,0,0,0,0,0,0,7,1,-3,-35,26,-30,0.64,74.25,77.72,90.95,80.06,0,127,92,67,0,0,20,5,0,10,10
M16A_HUBROOM_PR.csv,2026-06-09 12:33,2026-06-09,12:33,3,3단계 ⭐확정,3,,65,경계,M16B,20,M16HUB;M16B,"M16HUB(11:33,RA+RA_sus) → M16A(11:33,RA_sus+RB) → M16B(12:08,RA_sus+RB+RB_fast)",M16B_10F_TO_HUB=1.5x(주의),,15,5,0,10,20,0,5,0,RC+RD,RA_sus,,RA_sus+SLA,RA_sus+RB+RB_fast,4.30,2.28,2.74,2.79,2.34,-24,-22,9,20,34,0,100.00,2,"6ABL6021,6ABL0121",13.51,0,13.95,9.10,0,28,11,32,17,0,"hot_area=M16B; S3확정; 발동: M16HUB[R-C'(역증가2개:6ABL6021,6ABL0121),R-D(FAB저장=0.0%,STB=100.0%)]; M14[R-A_sus]; M16A[R-A_sus,SLA(13.9%4분초과)]; M16B[R-A_sus,R-B(10F_TO_HUB_JOB+34/30분/기준+30),R-B_fast(+38/10분)]; M16_PKT[R-A_sus]; 흐름:M16B_10F_TO_HUB=1.5x(주의)",0,0,0,0,8,7,0,0,0,0,5,0,0,0,0,0,0,0,0,0,0,0,0,0,0,0,0,0,5,0,0,0,0,5,0,0,0,5,10,5,0,0,0,0,0,55,5,5,0,0,0,0,0,0,0,20,9,15,-21,38,-27,0.62,77.36,77.32,90.13,80.80,0,129,96,78,0,0,15,5,0,10,20
M16A_HUBROOM_PR.csv,2026-06-09 12:34,2026-06-09,12:34,3,3단계 ⭐확정,3,,57,관심,M16B,20,M16B,"M16HUB(11:34,RA+RA_sus) → M16A(11:34,RA_sus+RB) → M16B(12:08,RA_sus+RB+RB_fast)",,,12,5,0,10,20,0,5,0,RA_sus+RD,RA_sus,,RA_sus+SLA,RA_sus+RB+RB_fast,6.30,2.66,3.02,2.76,2.64,-35,-33,4,21,32,0,100.00,1,6ABL0112,12.47,0,14.19,9.48,0,32,12,37,18,0,"hot_area=M16B; S3확정; 발동: M16HUB[R-A_sus,R-D(FAB저장=0.0%,STB=100.0%)]; M14[R-A_sus]; M16A[R-A_sus,SLA(14.2%4분초과)]; M16B[R-A_sus,R-B(10F_TO_HUB_JOB+32/30분/기준+30),R-B_fast(+40/10분)]; M16_PKT[R-A_sus]",0,5,0,0,0,7,0,0,0,0,5,0,0,0,0,0,0,0,0,0,0,0,0,0,0,0,0,0,5,0,0,0,0,5,0,0,0,5,10,5,0,0,0,0,0,52,0,5,0,0,0,0,0,0,0,0,5,5,-15,40,-28,0.60,76.48,79.31,87.43,81.68,0,123,88,73,0,0,12,5,0,10,20
M16A_HUBROOM_PR.csv,2026-06-09 12:35,2026-06-09,12:35,3,3단계 ⭐확정,3,,52,관심,M16HUB,12,,"M16HUB(11:35,RA+RA_sus+RC) → M16A(11:35,RA_sus+RB) → M16B(12:08,RA_sus+RB+RB_fast)",,,12,5,0,10,10,5,5,0,RA_sus+RD,RA_sus,,RA_sus+SLA,RA_sus+RB_fast,8.04,2.15,2.97,2.62,2.33,-26,-26,4,15,22,0,100.00,0,,12.91,0,13.78,8.29,0,29,10,37,19,0,"hot_area=M16HUB; S3확정; 발동: M16HUB[R-A_sus,R-D(FAB저장=0.0%,STB=100.0%)]; M14[R-A_sus]; M16A[R-A_sus,SLA(13.8%4분초과)]; M16B[R-A_sus,R-B_fast(+42/10분)]; M16[R-B_fast(+12/10분)]; M16_PKT[R-A_sus]",0,5,0,0,0,7,0,0,0,0,5,0,0,0,0,0,0,0,0,0,0,0,0,0,0,0,0,0,5,0,0,0,0,5,0,0,0,5,0,5,0,0,0,0,0,47,0,5,0,0,0,0,0,0,0,5,5,10,5,42,-33,0.58,78.81,80.37,89.89,83.46,0,114,97,71,0,0,12,5,0,10,10
M16A_HUBROOM_PR.csv,2026-06-09 12:36,2026-06-09,12:36,3,3단계 ⭐확정,3,,55,관심,M16HUB,20,M16HUB,"M16HUB(11:36,RA+RC) → M16A(11:36,RA_sus+RB+RB_fast) → M16B(12:08,RA_sus+RB+RB_fast)",,,20,5,0,10,10,0,5,0,RA_sus+RC+RD,RA_sus,,RA_sus+SLA,RA_sus+RB_fast,4.77,2.21,3.12,2.94,2.44,-30,-32,9,-5,2,0,100.00,2,"6ABL0112,6ABL0122",12.32,0,13.97,8.64,0,33,10,35,20,0,"hot_area=M16HUB; S3확정; 발동: M16HUB[R-A_sus,R-C'(역증가2개:6ABL0112,6ABL0122),R-D(FAB저장=0.0%,STB=100.0%)]; M14[R-A_sus]; M16A[R-A_sus,SLA(14.0%4분초과)]; M16B[R-A_sus,R-B_fast(+17/10분)]; M16_PKT[R-A_sus]",0,5,0,0,8,7,0,0,0,0,5,0,0,0,0,0,0,0,0,0,0,0,0,0,0,0,0,0,5,0,0,0,0,5,0,0,0,5,0,5,0,0,0,0,0,50,0,5,0,0,0,0,0,0,0,15,-1,17,-4,17,-26,0.61,74.64,83.82,89.31,79.17,0,123,88,66,0,0,20,5,0,10,10
M16A_HUBROOM_PR.csv,2026-06-09 12:37,2026-06-09,12:37,3,3단계 ⭐확정,3,,50,관심,M16HUB,15,M16HUB,"M16HUB(11:37,RA+RC+RD) → M16A(12:05,RA_sus+RB_fast+RD+SLA) → M16B(12:08,RA_sus+RB+RB_fast)",,,15,5,0,10,5,5,5,0,RC+RD,RA_sus,,RA_sus+SLA,RA_sus,4.72,2.47,3.26,2.86,2.59,-29,-33,8,-12,-28,0,100.00,2,"6ABL0112,6ABL0122",11.76,0,14.12,8.16,0,36,13,35,17,0,"hot_area=M16HUB; S3확정; 발동: M16HUB[R-C'(역증가2개:6ABL0112,6ABL0122),R-D(FAB저장=0.0%,STB=100.0%)]; M14[R-A_sus]; M16A[R-A_sus,SLA(14.1%4분초과)]; M16B[R-A_sus]; M16[R-B_fast(+29/10분)]; M16_PKT[R-A_sus]",0,0,0,0,8,7,0,0,0,0,5,0,0,0,0,0,0,0,0,0,0,0,0,0,0,0,0,0,5,0,0,0,0,5,0,0,0,5,0,0,0,0,0,0,0,45,0,5,0,0,0,0,0,0,0,-5,-2,-1,14,0,-42,0.60,70.55,81.56,90.83,81.98,0,106,98,66,0,0,15,5,0,10,5
M16A_HUBROOM_PR.csv,2026-06-09 12:38,2026-06-09,12:38,1,1단계 조기경보,3,3→1,60,관심,M16HUB,20,M16HUB;M16_PKT,"M16HUB(11:38,RA+RC+RD) → M16A(12:05,RA_sus+RB_fast+RD+SLA) → M16B(12:08,RA_sus+RB+RB_fast) → M16_PKT(12:38,RA+RA_sus)",,,20,5,0,10,5,0,15,0,RA_sus+RC+RD,RA_sus,,RA_sus+SLA,RA_sus,7.60,2.54,3.03,2.88,2.32,-26,-25,4,-30,-38,0,100.00,2,"6ABL0112,6ABL0122",10.87,0,14.13,6.46,0,37,12,35,17,0,"hot_area=M16HUB; S1조기경보; 발동: M16HUB[R-A_sus,R-C'(역증가2개:6ABL0112,6ABL0122),R-D(FAB저장=0.0%,STB=100.0%)]; M14[R-A_sus]; M16A[R-A_sus,SLA(14.1%4분초과)]; M16B[R-A_sus]; M16_PKT[R-A'(AVGTOTALTIME1MIN=7.58분/기준7.5),R-A_sus]",0,5,0,0,8,7,0,0,0,0,5,0,0,0,0,0,0,0,0,0,0,0,0,0,0,0,0,0,5,0,0,0,0,5,0,0,0,5,0,0,0,0,0,0,0,55,0,5,0,0,0,0,0,0,0,-18,-8,-6,10,-13,-42,0.64,66.67,78.91,85.78,78.73,0,102,89,46,0,0,20,5,0,10,5
M16A_HUBROOM_PR.csv,2026-06-09 12:39,2026-06-09,12:39,3,3단계 ⭐확정,1,1→3,60,관심,M16HUB,15,M16HUB;M16_PKT,"M16HUB(11:39,RA+RC+RD) → M16A(12:05,RA_sus+RB_fast+RD+SLA) → M16B(12:08,RA_sus+RB+RB_fast) → M16_PKT(12:38,RA+RA_sus)",,,15,5,0,10,5,5,15,0,RC+RD,RA_sus,,RA_sus+SLA,RA_sus,4.38,2.39,3.15,2.92,2.47,-27,-37,1,-42,-49,0,100.00,3,"6ABL6022,6ABL0112,6ABL0122",10.44,0,13.03,8.48,0,36,13,39,18,0,"hot_area=M16HUB; S3확정; 발동: M16HUB[R-C'(역증가3개:6ABL6022,6ABL0112,6ABL0122),R-D(FAB저장=0.0%,STB=100.0%)]; M14[R-A_sus]; M16A[R-A_sus,SLA(13.0%4분초과)]; M16B[R-A_sus]; M16[R-B_fast(+36/10분)]; M16_PKT[R-A'(AVGTOTALTIME1MIN=7.16분/기준7.5),R-A_sus]",0,0,0,0,8,7,0,0,0,0,5,0,0,0,0,0,0,0,0,0,0,0,0,0,0,0,0,0,5,0,0,0,0,5,0,0,0,5,0,0,0,0,0,0,0,55,0,5,0,0,0,0,0,0,0,-18,-12,-12,12,-25,-22,0.68,66.96,78.51,88.72,77.10,0,101,89,67,0,0,15,5,0,10,5
M16A_HUBROOM_PR.csv,2026-06-09 12:40,2026-06-09,12:40,1,1단계 조기경보,3,3→1,63,관심,M16HUB,15,M16HUB;M16_PKT,"M16HUB(11:40,RA+RC+RD) → M16A(12:05,RA_sus+RB_fast+RD+SLA) → M16B(12:08,RA_sus+RB+RB_fast) → M16_PKT(12:38,RA+RA_sus)",,,15,13,0,10,5,0,15,0,RC+RD,RA_sus+RC,,RA_sus+SLA,RA_sus,3.92,2.37,2.84,2.79,2.26,-30,-38,0,-37,-46,0,100.00,2,"6ABL0112,6ABL0122",9.72,0,13.00,6.57,0,37,12,34,14,0,"hot_area=M16HUB; S1조기경보; 발동: M16HUB[R-C'(역증가2개:6ABL0112,6ABL0122),R-D(FAB저장=0.0%,STB=100.0%)]; M14[R-A_sus,R-C'(CNV쏠림)]; M16A[R-A_sus,SLA(13.0%4분초과)]; M16B[R-A_sus]; M16_PKT[R-A'(AVGTOTALTIME1MIN=4.64분/기준7.5),R-A_sus]",0,0,0,0,8,7,0,0,0,0,5,0,0,8,0,0,0,0,0,0,0,0,0,0,0,0,0,0,5,0,0,0,0,5,0,0,0,5,0,0,0,0,0,0,0,58,0,5,0,0,0,0,0,0,0,-28,-21,-16,12,-21,-24,0.73,70.36,82.63,85.66,76.66,0,96,78,46,0,0,15,13,0,10,5
M16A_HUBROOM_PR.csv,2026-06-09 12:41,2026-06-09,12:41,1,1단계 조기경보,1,,53,관심,M16HUB,15,M16HUB;M16_PKT,"M16HUB(11:41,RA+RC+RD) → M16A(12:05,RA_sus+RB_fast+RD+SLA) → M16B(12:08,RA_sus+RB+RB_fast) → M16_PKT(12:38,RA+RA_sus)",,,15,13,0,5,5,0,15,0,RC+RD,RA_sus+RC,,RA_sus,RA_sus,7.75,2.18,2.81,2.86,2.66,-33,-34,-2,-54,-50,0,100.00,4,"6ABL6032,6ABL0112,6ABL0121,6ABL0122",9.79,0,12.61,8.39,0,32,12,35,15,0,"hot_area=M16HUB; S1조기경보; 발동: M16HUB[R-C'(역증가4개:6ABL6032,6ABL0112,6ABL0121,6ABL0122),R-D(FAB저장=0.0%,STB=100.0%)]; M14[R-A_sus,R-C'(CNV쏠림)]; M16A[R-A_sus]; M16B[R-A_sus]; M16_PKT[R-A'(AVGTOTALTIME1MIN=4.98분/기준7.5),R-A_sus]",0,0,0,0,8,7,0,0,0,0,5,0,0,8,0,0,0,0,0,0,0,0,0,0,0,0,0,0,5,0,0,0,0,0,0,0,0,5,0,0,0,0,0,0,0,53,0,0,0,0,0,0,0,0,0,-28,-20,-14,-8,-26,-15,0.72,71.91,81.30,86.49,81.68,0,88,89,70,0,0,15,13,0,5,5
M16A_HUBROOM_PR.csv,2026-06-09 12:42,2026-06-09,12:42,1,1단계 조기경보,1,,45,관심,M16HUB,15,M16HUB;M16_PKT,"M16HUB(11:42,RA+RC+RD) → M16A(12:05,RA_sus+RB_fast+RD+SLA) → M16B(12:08,RA_sus+RB+RB_fast) → M16_PKT(12:38,RA+RA_sus)",,,15,5,0,5,5,0,15,0,RC+RD,RA_sus,,RA_sus,RA_sus,4.37,2.22,3.09,2.70,2.44,1,-31,-3,-69,-61,0,100.00,4,"6ABL6032,6ABL0112,6ABL0121,6ABL0122",9.02,0,12.81,8.49,0,36,16,32,15,0,"hot_area=M16HUB; S1조기경보; 발동: M16HUB[R-C'(역증가4개:6ABL6032,6ABL0112,6ABL0121,6ABL0122),R-D(FAB저장=0.0%,STB=100.0%)]; M14[R-A_sus]; M16A[R-A_sus]; M16B[R-A_sus]; M16_PKT[R-A'(AVGTOTALTIME1MIN=5.75분/기준7.5),R-A_sus]",0,0,0,0,8,7,0,0,0,0,5,0,0,0,0,0,0,0,0,0,0,0,0,0,0,0,0,0,5,0,0,0,0,0,0,0,0,5,0,0,0,0,0,0,0,45,0,0,0,0,0,0,0,0,0,-14,-24,-11,-19,-41,-11,0.68,74.34,79.71,84.72,83.16,0,84,82,64,0,0,15,5,0,5,5
M16A_HUBROOM_PR.csv,2026-06-09 12:43,2026-06-09,12:43,1,1단계 조기경보,1,,50,관심,M16HUB,15,M16HUB,"M16HUB(11:43,RA+RC+RD) → M16A(12:05,RA_sus+RB_fast+RD+SLA) → M16B(12:08,RA_sus+RB+RB_fast) → M16_PKT(12:38,RA+RA_sus)",,,15,5,0,10,5,0,10,0,RC+RD,RA_sus,,RA_sus+SLA,RA_sus,4.07,2.54,2.83,2.88,2.23,17,-3,16,-47,-43,0,100.00,2,"6ABL0112,6ABL0122",8.92,0,13.56,8.58,0,31,11,29,15,0,"hot_area=M16HUB; S1조기경보; 발동: M16HUB[R-C'(역증가2개:6ABL0112,6ABL0122),R-D(FAB저장=0.0%,STB=100.0%)]; M14[R-A_sus]; M16A[R-A_sus,SLA(13.6%4분초과)]; M16B[R-A_sus]; M16_PKT[R-A'(AVGTOTALTIME1MIN=4.64분/기준7.5)]",0,0,0,0,8,7,0,0,0,0,5,0,0,0,0,0,0,0,0,0,0,0,0,0,0,0,0,0,5,0,0,0,0,5,0,0,0,5,0,0,0,0,0,0,0,45,0,5,0,0,0,0,0,0,0,-13,-13,-5,-28,-36,-19,0.65,77.36,80.90,84.37,88.77,0,83,94,72,0,0,15,5,0,10,5
M16A_HUBROOM_PR.csv,2026-06-09 12:44,2026-06-09,12:44,1,1단계 조기경보,1,,50,관심,M16HUB,15,M16HUB,"M16HUB(11:44,RA+RA_sus+RC+RD) → M16A(12:05,RA_sus+RB_fast+RD+SLA) → M16B(12:08,RA_sus+RB+RB_fast) → M16_PKT(12:38,RA+RA_sus)",,,15,5,0,10,5,0,10,0,RC+RD,RA_sus,,RA_sus+SLA,RA_sus,8.27,2.32,2.79,2.91,2.54,40,21,26,-61,-28,0,100.00,4,"6ABL6032,6ABL0111,6ABL0112,6ABL0122",9.51,0,13.24,9.00,0,35,14,28,13,0,"hot_area=M16HUB; S1조기경보; 발동: M16HUB[R-C'(역증가4개:6ABL6032,6ABL0111,6ABL0112,6ABL0122),R-D(FAB저장=0.0%,STB=100.0%)]; M14[R-A_sus]; M16A[R-A_sus,SLA(13.2%4분초과)]; M16B[R-A_sus]; M16_PKT[R-A'(AVGTOTALTIME1MIN=4.89분/기준7.5)]",0,0,0,0,8,7,0,0,0,0,5,0,0,0,0,0,0,0,0,0,0,0,0,0,0,0,0,0,5,0,0,0,0,5,0,0,0,5,0,0,0,0,0,0,0,45,0,5,0,0,0,0,0,0,0,7,6,0,-34,-33,-13,0.66,76.68,81.03,84.61,84.19,0,93,83,69,0,0,15,5,0,10,5
M16A_HUBROOM_PR.csv,2026-06-09 12:45,2026-06-09,12:45,1,1단계 조기경보,1,,40,관심,M16HUB,15,M16HUB,"M16HUB(11:45,RA+RA_sus+RC+RD) → M16A(12:05,RA_sus+RB_fast+RD+SLA) → M16B(12:08,RA_sus+RB+RB_fast) → M16_PKT(12:38,RA+RA_sus)",,,15,5,0,5,5,0,10,0,RC+RD,RA_sus,,RA_sus,RA_sus,4.29,2.24,3.00,2.62,2.38,41,4,27,-56,-5,0,100.00,2,"6ABL6032,6ABL0112",9.39,0,12.00,8.64,0,34,12,34,14,0,"hot_area=M16HUB; S1조기경보; 발동: M16HUB[R-C'(역증가2개:6ABL6032,6ABL0112),R-D(FAB저장=0.0%,STB=100.0%)]; M14[R-A_sus]; M16A[R-A_sus]; M16B[R-A_sus]; M16_PKT[R-A'(AVGTOTALTIME1MIN=4.92분/기준7.5)]",0,0,0,0,8,7,0,0,0,0,5,0,0,0,0,0,0,0,0,0,0,0,0,0,0,0,0,0,5,0,0,0,0,0,0,0,0,5,0,0,0,0,0,0,0,40,0,0,0,0,0,0,0,0,0,9,2,2,-44,-25,-32,0.63,75.12,80.50,85.66,84.93,0,82,84,73,0,0,15,5,0,5,5
M16A_HUBROOM_PR.csv,2026-06-09 12:46,2026-06-09,12:46,1,1단계 조기경보,1,,40,관심,M16HUB,15,M16HUB,"M16HUB(11:46,RA+RA_sus+RB_fast+RC+RD) → M16A(12:05,RA_sus+RB_fast+RD+SLA) → M16B(12:08,RA_sus+RB+RB_fast) → M16_PKT(12:38,RA+RA_sus)",,,15,5,0,5,5,0,10,0,RC+RD,RA_sus,,RA_sus,RA_sus,4.15,2.65,2.86,2.86,2.59,26,-7,16,-65,3,0,100.00,4,"6ABL6021,6ABL6032,6ABL0112,6ABL0122",9.34,0,12.01,8.93,0,39,14,40,16,0,"hot_area=M16HUB; S1조기경보; 발동: M16HUB[R-C'(역증가4개:6ABL6021,6ABL6032,6ABL0112,6ABL0122),R-D(FAB저장=0.0%,STB=100.0%)]; M14[R-A_sus]; M16A[R-A_sus]; M16B[R-A_sus]; M16_PKT[R-A'(AVGTOTALTIME1MIN=6.43분/기준7.5)]",0,0,0,0,8,7,0,0,0,0,5,0,0,0,0,0,0,0,0,0,0,0,0,0,0,0,0,0,5,0,0,0,0,0,0,0,0,5,0,0,0,0,0,0,0,40,0,0,0,0,0,0,0,0,0,16,8,-2,-30,-20,-20,0.61,72.69,81.96,85.78,81.09,0,85,74,69,0,0,15,5,0,5,5
M16A_HUBROOM_PR.csv,2026-06-09 12:47,2026-06-09,12:47,3,3단계 ⭐확정,1,1→3,55,관심,M16HUB,15,M16HUB,"M16HUB(11:47,RA+RA_sus+RB_fast+RC+RD) → M16A(12:05,RA_sus+RB_fast+RD+SLA) → M16B(12:08,RA_sus+RB+RB_fast) → M16_PKT(12:38,RA+RA_sus)",M16A_2F_TO_HUB=1.6x(주의),,15,5,0,5,5,10,10,0,RC+RD,RA_sus,,RA_sus,RA_sus,8.74,2.44,2.85,2.73,2.63,13,3,-3,-67,6,0,100.00,5,"6ABL6022,6ABL6032,6ABL0111,6ABL0121,6ABL0122",9.95,0,12.30,8.19,0,32,13,41,18,0,"hot_area=M16HUB; S3확정; 발동: M16HUB[R-C'(역증가5개:6ABL6022,6ABL6032,6ABL0111,6ABL0121,6ABL0122),R-D(FAB저장=0.0%,STB=100.0%)]; M14[R-A_sus]; M16A[R-A_sus]; M16B[R-A_sus]; M16[R-B(SENDQUEUETOTAL+31/30분/기준+20)]; M16_PKT[R-A'(AVGTOTALTIME1MIN=5.05분/기준7.5)]; 흐름:M16A_2F_TO_HUB=1.6x(주의)",0,0,0,0,8,7,0,0,0,0,5,0,0,0,0,0,0,0,0,0,0,0,0,0,0,0,0,0,5,0,0,0,0,0,0,0,0,5,0,0,0,0,0,0,0,50,5,0,0,0,0,0,0,0,0,20,18,4,-36,0,-4,0.60,70.94,79.31,90.83,80.80,0,92,84,70,0,0,15,5,0,5,5
M16A_HUBROOM_PR.csv,2026-06-09 12:48,2026-06-09,12:48,3,3단계 ⭐확정,3,,35,관심,M16HUB,20,M16HUB,"M16HUB(11:48,RA+RA_sus+RB_fast+RC+RD) → M16A(12:05,RA_sus+RB_fast+RD+SLA) → M16B(12:08,RA_sus+RB+RB_fast) → M16_PKT(12:38,RA+RA_sus)",,,20,5,0,5,5,0,0,0,RB_fast+RC+RD,RA_sus,,RA_sus,RA_sus,4.39,2.50,2.83,2.93,2.52,3,-6,-6,-89,1,0,100.00,4,"6ABL6022,6ABL0111,6ABL0121,6ABL0122",9.43,0,12.75,6.53,0,34,12,37,18,0,"hot_area=M16HUB; S3확정; 발동: M16HUB[R-B_fast(+35/10분),R-C'(역증가4개:6ABL6022,6ABL0111,6ABL0121,6ABL0122),R-D(FAB저장=0.0%,STB=100.0%)]; M14[R-A_sus]; M16A[R-A_sus]; M16B[R-A_sus]",0,0,0,5,8,7,0,0,0,0,5,0,0,0,0,0,0,0,0,0,0,0,0,0,0,0,0,0,5,0,0,0,0,0,0,0,0,5,0,0,0,0,0,0,0,35,0,0,0,0,0,0,0,0,0,35,17,3,-40,2,-14,0.56,70.07,83.16,91.30,80.06,0,90,77,50,0,0,20,5,0,5,5
M16A_HUBROOM_PR.csv,2026-06-09 12:49,2026-06-09,12:49,3,3단계 ⭐확정,3,,55,관심,M16HUB,20,M16HUB,"M16HUB(11:49,RA+RA_sus+RB_fast+RC+RD) → M16A(12:05,RA_sus+RB_fast+RD+SLA) → M16B(12:08,RA_sus+RB+RB_fast) → M16_PKT(12:38,RA+RA_sus)",M16B_10F_TO_HUB=1.9x(주의),,20,5,0,5,10,10,0,0,RB_fast+RC+RD,RA_sus,,RA_sus,RA_sus+RB_fast,6.62,2.32,2.98,2.90,2.38,0,-4,-13,-88,18,0,100.00,4,"6ABL6021,6ABL6022,6ABL0121,6ABL0122",9.73,0,12.80,7.35,0,31,12,31,12,0,"hot_area=M16HUB; S3확정; 발동: M16HUB[R-B_fast(+34/10분),R-C'(역증가4개:6ABL6021,6ABL6022,6ABL0121,6ABL0122),R-D(FAB저장=0.0%,STB=100.0%)]; M14[R-A_sus]; M16A[R-A_sus]; M16B[R-A_sus,R-B_fast(+35/10분)]; M16[R-B(SENDQUEUETOTAL+20/30분/기준+20)]; 흐름:M16B_10F_TO_HUB=1.9x(주의)",0,0,0,5,8,7,0,0,0,0,5,0,0,0,0,0,0,0,0,0,0,0,0,0,0,0,0,0,5,0,0,0,0,0,0,0,0,5,0,5,0,0,0,0,0,50,5,0,0,0,0,0,0,0,0,34,23,7,-38,35,-5,0.57,70.17,80.37,88.95,84.34,0,94,85,59,0,0,20,5,0,5,10
M16A_HUBROOM_PR.csv,2026-06-09 12:50,2026-06-09,12:50,3,3단계 ⭐확정,3,,65,경계,M16HUB,25,M16HUB,"M16HUB(11:50,RA+RA_sus+RB_fast+RC+RD) → M16A(12:05,RA_sus+RB_fast+RD+SLA) → M16B(12:08,RA_sus+RB+RB_fast) → M16_PKT(12:38,RA+RA_sus)",M16B_10F_TO_HUB=1.7x(주의),,25,10,0,10,10,0,0,0,RA_sus+RB_fast+RC+RD,RA_sus+RB_fast,,RA_sus+SLA,RA_sus+RB_fast,7.25,2.46,3.02,2.87,2.29,1,-2,-11,-80,19,0,100.00,2,"6ABL6021,6ABL6022",9.83,0,13.04,5.69,0,33,13,33,15,0,"hot_area=M16HUB; S3확정; 발동: M16HUB[R-A_sus,R-B_fast(+36/10분),R-C'(역증가2개:6ABL6021,6ABL6022),R-D(FAB저장=0.0%,STB=100.0%)]; M14[R-A_sus,R-B_fast(+26/10분)]; M16A[R-A_sus,SLA(13.0%4분초과)]; M16B[R-A_sus,R-B_fast(+35/10분)]; 흐름:M16B_10F_TO_HUB=1.7x(주의)",0,5,0,5,8,7,0,0,0,0,5,0,5,0,0,0,0,0,0,0,0,0,0,0,0,0,0,0,5,0,0,0,0,5,0,0,0,5,0,5,0,0,0,0,0,55,5,5,0,0,0,0,0,0,0,36,26,6,-27,35,-16,0.57,71.14,79.44,89.54,80.80,0,100,78,41,0,0,25,10,0,10,10
M16A_HUBROOM_PR.csv,2026-06-09 12:51,2026-06-09,12:51,3,3단계 ⭐확정,3,,60,관심,M16HUB,20,M16HUB,"M16HUB(11:51,RA+RA_sus+RB_fast+RC+RD) → M16A(12:05,RA_sus+RB_fast+RD+SLA) → M16B(12:08,RA_sus+RB+RB_fast) → M16_PKT(12:38,RA+RA_sus)",M16B_10F_TO_HUB=1.5x(주의),,20,5,0,10,10,5,0,0,RA_sus+RC+RD,RA_sus,,RA_sus+SLA,RA_sus+RB_fast,4.41,2.33,2.71,2.92,2.62,-9,-5,-22,-85,12,0,100.00,4,"6ABL6021,6ABL6022,6ABL6032,6ABL0112",9.70,0,15.23,8.45,0,33,11,38,16,0,"hot_area=M16HUB; S3확정; 발동: M16HUB[R-A_sus,R-C'(역증가4개:6ABL6021,6ABL6022,6ABL6032,6ABL0112),R-D(FAB저장=0.0%,STB=100.0%)]; M14[R-A_sus]; M16A[R-A_sus,SLA(15.2%4분초과)]; M16B[R-A_sus,R-B_fast(+32/10분)]; M16[R-B_fast(+34/10분)]; 흐름:M16B_10F_TO_HUB=1.5x(주의)",0,5,0,0,8,7,0,0,0,0,5,0,0,0,0,0,0,0,0,0,0,0,0,0,0,0,0,0,5,0,0,0,0,5,0,0,0,5,0,5,0,0,0,0,0,50,5,5,0,0,0,0,0,0,0,26,20,-3,-20,32,-12,0.60,71.82,76.92,89.66,78.58,0,90,108,71,0,0,20,5,0,10,10
M16A_HUBROOM_PR.csv,2026-06-09 12:52,2026-06-09,12:52,3,3단계 ⭐확정,3,,45,관심,M16HUB,15,M16HUB,"M16HUB(11:52,RA+RA_sus+RB_fast+RC+RD) → M16A(12:05,RA_sus+RB_fast+RD+SLA) → M16B(12:08,RA_sus+RB+RB_fast) → M16_PKT(12:38,RA+RA_sus)",,,15,5,0,10,10,0,0,0,RC+RD,RA_sus,,RA_sus+SLA,RA_sus+RB_fast,5.59,2.47,3.03,3.09,2.31,-8,-6,-21,-79,10,0,100.00,2,"6ABL6022,6ABL0112",9.39,0,14.95,8.68,0,37,15,32,16,0,"hot_area=M16HUB; S3확정; 발동: M16HUB[R-C'(역증가2개:6ABL6022,6ABL0112),R-D(FAB저장=0.0%,STB=100.0%)]; M14[R-A_sus]; M16A[R-A_sus,SLA(14.9%4분초과)]; M16B[R-A_sus,R-B_fast(+25/10분)]",0,0,0,0,8,7,0,0,0,0,5,0,0,0,0,0,0,0,0,0,0,0,0,0,0,0,0,0,5,0,0,0,0,5,0,0,0,5,0,5,0,0,0,0,0,40,0,5,0,0,0,0,0,0,0,-1,17,-7,-25,25,-30,0.62,73.08,77.32,92.83,83.16,0,88,97,66,0,0,15,5,0,10,10
M16A_HUBROOM_PR.csv,2026-06-09 12:53,2026-06-09,12:53,3,3단계 ⭐확정,3,,70,경계,M16HUB,20,M16HUB;M16B,"M16HUB(11:53,RA+RA_sus+RC+RD) → M16A(12:05,RA_sus+RB_fast+RD+SLA) → M16B(12:08,RA_sus+RB+RB_fast) → M16_PKT(12:38,RA+RA_sus)",M16B_10F_TO_HUB=1.6x(주의),,20,5,0,10,20,5,0,0,RA_sus+RC+RD,RA_sus,,RA_sus+SLA,RA_sus+RB+RB_fast,6.94,2.19,2.99,2.92,2.48,-4,-6,-7,-78,30,0,100.00,2,"6ABL6032,6ABL0112",9.77,0,16.33,8.63,0,38,13,33,14,0,"hot_area=M16HUB; S3확정; 발동: M16HUB[R-A_sus,R-C'(역증가2개:6ABL6032,6ABL0112),R-D(FAB저장=0.0%,STB=100.0%)]; M14[R-A_sus]; M16A[R-A_sus,SLA(16.3%4분초과)]; M16B[R-A_sus,R-B(10F_TO_HUB_JOB+30/30분/기준+30),R-B_fast(+28/10분)]; M16[R-B_fast(+29/10분)]; 흐름:M16B_10F_TO_HUB=1.6x(주의)",0,5,0,0,8,7,0,0,0,0,5,0,0,0,0,0,0,0,0,0,0,0,0,0,0,0,0,0,5,0,0,0,0,5,0,0,0,5,10,5,0,0,0,0,0,60,5,5,0,0,0,0,0,0,0,-11,-2,-17,-29,28,-34,0.65,72.21,76.92,93.18,83.60,0,95,120,73,0,0,20,5,0,10,20
M16A_HUBROOM_PR.csv,2026-06-09 12:54,2026-06-09,12:54,3,3단계 ⭐확정,3,,37,관심,M16A,10,,"M16HUB(11:54,RA+RA_sus+RC+RD) → M16A(12:05,RA_sus+RB_fast+RD+SLA) → M16B(12:08,RA_sus+RB+RB_fast) → M16_PKT(12:38,RA+RA_sus)",,,7,5,0,10,10,0,0,0,RD,RA_sus,,RA_sus+SLA,RA_sus+RB_fast,4.47,2.27,2.99,3.03,2.84,-30,-15,-19,-75,28,0,100.00,0,,9.25,0,16.56,9.38,0,31,11,37,17,0,"hot_area=M16A; S3확정; 발동: M16HUB[R-D(FAB저장=0.0%,STB=100.0%)]; M14[R-A_sus]; M16A[R-A_sus,SLA(16.6%4분초과)]; M16B[R-A_sus,R-B_fast(+21/10분)]",0,0,0,0,0,7,0,0,0,0,5,0,0,0,0,0,0,0,0,0,0,0,0,0,0,0,0,0,5,0,0,0,0,5,0,0,0,5,0,5,0,0,0,0,0,32,0,5,0,0,0,0,0,0,0,-37,-26,-24,-26,21,-37,0.65,73.47,75.86,92.71,81.39,0,80,108,70,0,0,7,5,0,10,10
M16A_HUBROOM_PR.csv,2026-06-09 12:55,2026-06-09,12:55,3,3단계 ⭐확정,3,,70,경계,M16B,20,M16HUB;M16B,"M16HUB(11:55,RA+RA_sus+RC+RD) → M16A(12:05,RA_sus+RB_fast+RD+SLA) → M16B(12:08,RA_sus+RB+RB_fast) → M16_PKT(12:38,RA+RA_sus)",M16B_10F_TO_HUB=1.6x(주의),,15,5,0,10,20,5,0,5,RC+RD,RA_sus,,RA_sus+SLA,RA_sus+RB+RB_fast,7.03,2.32,3.20,2.71,2.59,-27,-16,-9,-55,39,0,100.00,3,"6ABL6012,6ABL6031,6ABL6032",9.54,0,17.26,9.78,0,35,13,29,12,0,"hot_area=M16B; S3확정; 발동: M16HUB[R-C'(역증가3개:6ABL6012,6ABL6031,6ABL6032),R-D(FAB저장=0.0%,STB=100.0%)]; M14[R-A_sus]; M16A[R-A_sus,SLA(17.3%4분초과)]; M16B[R-A_sus,R-B(10F_TO_HUB_JOB+39/30분/기준+30),R-B_fast(+22/10분)]; M16[R-B_fast(+32/10분)]; M16_WT[R-A_sus]; 흐름:M16B_10F_TO_HUB=1.6x(주의)",0,0,0,0,8,7,0,0,0,0,5,0,0,0,0,0,0,0,0,0,0,0,0,0,0,0,0,0,5,0,0,0,0,5,0,0,0,5,10,5,0,0,0,0,0,60,5,5,0,0,0,0,0,0,0,-41,-23,-21,-16,22,-29,0.62,74.34,78.12,93.18,81.98,0,93,127,80,0,0,15,5,0,10,20
M16A_HUBROOM_PR.csv,2026-06-09 12:56,2026-06-09,12:56,3,3단계 ⭐확정,3,,50,관심,M16HUB,15,M16HUB,"M16HUB(11:56,RA+RA_sus+RD) → M16A(12:05,RA_sus+RB_fast+RD+SLA) → M16B(12:08,RA_sus+RB+RB_fast) → M16_PKT(12:38,RA+RA_sus)",,,15,5,0,10,10,0,0,5,RC+RD,RA_sus,,RA_sus+SLA,RA_sus+RB_fast,5.20,2.68,3.32,3.02,2.47,-2,-16,3,-50,13,0,100.00,3,"6ABL6012,6ABL6031,6ABL0111",9.11,0,17.19,10.41,0,33,12,29,13,0,"hot_area=M16HUB; S3확정; 발동: M16HUB[R-C'(역증가3개:6ABL6012,6ABL6031,6ABL0111),R-D(FAB저장=0.0%,STB=100.0%)]; M14[R-A_sus]; M16A[R-A_sus,SLA(17.2%4분초과)]; M16B[R-A_sus,R-B_fast(+16/10분)]; M16_WT[R-A_sus]",0,0,0,0,8,7,0,0,0,0,5,0,0,0,0,0,0,0,0,0,0,0,0,0,0,0,0,0,5,0,0,0,0,5,0,0,0,5,0,5,0,0,0,0,0,45,0,5,0,0,0,0,0,0,0,-33,-23,-12,-16,16,-23,0.60,78.91,76.79,91.66,81.98,0,80,115,76,0,0,15,5,0,10,10
M16A_HUBROOM_PR.csv,2026-06-09 12:57,2026-06-09,12:57,3,3단계 ⭐확정,3,,60,관심,M16HUB,15,M16HUB,"M16HUB(11:57,RA+RA_sus+RC+RD) → M16A(12:05,RA_sus+RB_fast+RD+SLA) → M16B(12:08,RA_sus+RB+RB_fast) → M16_PKT(12:38,RA+RA_sus)",,,15,5,0,10,10,10,0,5,RC+RD,RA_sus,,RA_sus+SLA,RA_sus+RB_fast,4.21,2.50,2.77,2.70,2.39,-31,-11,-16,-30,14,0,100.00,5,"6ABL6012,6ABL6021,6ABL6031,6ABL6032,6ABL0111",8.77,0,18.38,9.66,0,33,12,32,16,0,"hot_area=M16HUB; S3확정; 발동: M16HUB[R-C'(역증가5개:6ABL6012,6ABL6021,6ABL6031,6ABL6032,6ABL0111),R-D(FAB저장=0.0%,STB=100.0%)]; M14[R-A_sus]; M16A[R-A_sus,SLA(18.4%4분초과)]; M16B[R-A_sus,R-B_fast(+14/10분)]; M16[R-B(SENDQUEUETOTAL+34/30분/기준+20)]; M16_WT[R-A_sus]",0,0,0,0,8,7,0,0,0,0,5,0,0,0,0,0,0,0,0,0,0,0,0,0,0,0,0,0,5,0,0,0,0,5,0,0,0,5,0,5,0,0,0,0,0,55,0,5,0,0,0,0,0,0,0,-46,-27,-19,-8,14,-7,0.57,82.31,77.06,89.07,84.34,0,79,136,76,0,0,15,5,0,10,10
M16A_HUBROOM_PR.csv,2026-06-09 12:58,2026-06-09,12:58,3,3단계 ⭐확정,3,,48,관심,M16B,15,M16B,"M16HUB(11:58,RA+RA_sus+RD) → M16A(12:05,RA_sus+RB_fast+RD+SLA) → M16B(12:08,RA_sus+RB+RB_fast) → M16_PKT(12:38,RA+RA_sus)",,,8,5,0,10,15,0,0,0,RC,RA_sus,,RA_sus+SLA,RA_sus+RB_fast+SLA,5.36,2.30,2.85,2.96,2.57,-37,-10,-23,-15,4,0,98.82,5,"6ABL6012,6ABL6021,6ABL6031,6ABL0111,6ABL0122",9.60,0,18.81,10.04,0,33,14,28,15,0,"hot_area=M16B; S3확정; 발동: M16HUB[R-C'(역증가5개:6ABL6012,6ABL6021,6ABL6031,6ABL0111,6ABL0122)]; M14[R-A_sus]; M16A[R-A_sus,SLA(18.8%4분초과)]; M16B[R-A_sus,R-B_fast(+15/10분),SLA(10.0%4분초과)]",0,0,0,0,8,0,0,0,0,0,5,0,0,0,0,0,0,0,0,0,0,0,0,0,0,0,0,0,5,0,0,0,0,5,0,0,0,5,0,5,0,0,5,0,0,38,0,10,0,0,0,0,0,0,0,-54,-19,-20,15,15,-1,0.55,77.36,75.07,86.25,82.13,0,89,126,72,0,0,8,5,0,10,15
M16A_HUBROOM_PR.csv,2026-06-09 12:59,2026-06-09,12:59,3,3단계 ⭐확정,3,,53,관심,M16A,10,,"M16HUB(11:59,RA+RA_sus+RD) → M16A(12:05,RA_sus+RB_fast+RD+SLA) → M16B(12:08,RA_sus+RB+RB_fast) → M16_PKT(12:38,RA+RA_sus)",,,8,5,0,10,10,10,0,0,RC,RA_sus,,RA_sus+SLA,RA_sus+SLA,5.66,2.37,2.77,2.97,2.59,-31,-5,-20,-11,-5,0.59,98.22,5,"6ABL6012,6ABL6021,6ABL6032,6ABL0121,6ABL0122",9.43,0,18.89,10.67,0,33,13,26,14,0,"hot_area=M16A; S3확정; 발동: M16HUB[R-C'(역증가5개:6ABL6012,6ABL6021,6ABL6032,6ABL0121,6ABL0122)]; M14[R-A_sus]; M16A[R-A_sus,SLA(18.9%4분초과)]; M16B[R-A_sus,SLA(10.7%4분초과)]; M16[R-B(SENDQUEUETOTAL+40/30분/기준+20)]",0,0,0,0,8,0,0,0,0,0,5,0,0,0,0,0,0,0,0,0,0,0,0,0,0,0,0,0,5,0,0,0,0,5,0,0,0,5,0,0,0,0,5,0,0,43,0,10,0,0,0,0,0,0,0,-47,-16,-15,15,-15,-8,0.54,79.30,74.93,85.78,84.64,0,79,139,84,0,0,8,5,0,10,10
M16A_HUBROOM_PR.csv,2026-06-09 13:00,2026-06-09,13:00,1,1단계 조기경보,3,3→1,33,관심,M16A,10,,"M16HUB(12:00,RA+RA_sus+RC+RD) → M16A(12:05,RA_sus+RB_fast+RD+SLA) → M16B(12:08,RA_sus+RB+RB_fast) → M16_PKT(12:38,RA+RA_sus)",,,8,5,0,10,5,0,0,0,RC,RA_sus,,RA_sus+SLA,RA_sus,8.38,2.80,3.08,2.92,2.34,-39,-4,-24,6,-3,1.18,98.22,3,"6ABL6021,6ABL6032,6ABL0122",10.60,0,17.98,8.25,0,41,16,31,17,0,"hot_area=M16A; S1조기경보; 발동: M16HUB[R-C'(역증가3개:6ABL6021,6ABL6032,6ABL0122)]; M14[R-A_sus]; M16A[R-A_sus,SLA(18.0%4분초과)]; M16B[R-A_sus]",0,0,0,0,8,0,0,0,0,0,5,0,0,0,0,0,0,0,0,0,0,0,0,0,0,0,0,0,5,0,0,0,0,5,0,0,0,5,0,0,0,0,0,0,0,28,0,5,0,0,0,0,0,0,0,-47,-9,-14,21,-17,-11,0.56,79.01,73.08,89.42,82.57,0,100,119,58,0,0,8,5,0,10,5
M16A_HUBROOM_PR.csv,2026-06-09 13:01,2026-06-09,13:01,1,1단계 조기경보,1,,48,관심,M16A,10,,"M16HUB(12:01,RA+RA_sus+RD) → M16A(12:05,RA_sus+RB_fast+RD+SLA) → M16B(12:08,RA_sus+RB+RB_fast) → M16_PKT(12:38,RA+RA_sus)",M16B_10F_TO_HUB=1.6x(주의),,8,5,0,10,10,0,0,0,RC,RA_sus,,RA_sus+SLA,RA_sus+SLA,5.83,2.70,3.44,2.66,2.74,-12,20,-20,-13,14,0.59,98.82,2,"6ABL6031,6ABL0122",11.20,0,17.25,11.63,0,33,12,40,21,0,"hot_area=M16A; S1조기경보; 발동: M16HUB[R-C'(역증가2개:6ABL6031,6ABL0122)]; M14[R-A_sus]; M16A[R-A_sus,SLA(17.2%4분초과)]; M16B[R-A_sus,SLA(11.6%4분초과)]; 흐름:M16B_10F_TO_HUB=1.6x(주의)",0,0,0,0,8,0,0,0,0,0,5,0,0,0,0,0,0,0,0,0,0,0,0,0,0,0,0,0,5,0,0,0,0,5,0,0,0,5,0,0,0,0,5,0,0,33,5,10,0,0,0,0,0,0,0,-10,20,-3,15,8,-12,0.64,79.59,72.15,89.07,84.19,0,97,133,98,0,0,8,5,0,10,10
M16A_HUBROOM_PR.csv,2026-06-09 13:02,2026-06-09,13:02,3,3단계 ⭐확정,1,1→3,70,경계,M16HUB,15,M16HUB;M16A;M16B,"M16HUB(12:02,RA+RA_sus+RD) → M16A(12:05,RA_sus+RB_fast+RD+SLA) → M16B(12:08,RA_sus+RB+RB_fast) → M16_PKT(12:38,RA+RA_sus)",,,15,10,0,15,15,0,0,0,RC+RD,RA_sus+SLA,,RA_sus+RB_fast+SLA,RA_sus+RB_fast+SLA,6.01,2.58,2.87,2.89,2.83,-19,14,-16,-20,-6,0,99.41,2,"6ABL0111,6ABL0122",12.78,0,17.58,11.55,0,34,10,34,17,0,"hot_area=M16HUB; S3확정; 발동: M16HUB[R-C'(역증가2개:6ABL0111,6ABL0122),R-D(FAB저장=0.0%,STB=99.4%)]; M14[R-A_sus,SLA(12.8%4분초과)]; M16A[R-A_sus,R-B_fast(+24/10분),SLA(17.6%4분초과)]; M16B[R-A_sus,R-B_fast(+10/10분),SLA(11.6%4분초과)]",0,0,0,0,8,7,0,0,0,0,5,0,0,0,0,5,0,0,0,0,0,0,0,0,0,0,0,0,5,0,5,0,0,5,0,0,0,5,0,5,0,0,5,0,0,55,0,15,0,0,0,0,0,0,0,-4,21,2,24,10,-17,0.68,78.52,74.40,89.42,83.16,0,119,122,88,0,0,15,10,0,15,15
M16A_HUBROOM_PR.csv,2026-06-09 13:03,2026-06-09,13:03,3,3단계 ⭐확정,3,,55,관심,M16HUB,15,M16HUB;M16A,"M16HUB(12:03,RA+RA_sus+RD) → M16A(12:05,RA_sus+RB_fast+RD+SLA) → M16B(12:08,RA_sus+RB+RB_fast) → M16_PKT(12:38,RA+RA_sus)",,,15,10,0,15,5,0,0,0,RC+RD,RA_sus+SLA,,RA_sus+RB_fast+SLA,RA_sus,6.22,2.62,2.69,2.76,2.46,-15,6,-17,-14,-7,0,99.41,3,"6ABL6022,6ABL0111,6ABL0122",13.03,0,16.60,10.39,0,31,10,30,17,0,"hot_area=M16HUB; S3확정; 발동: M16HUB[R-C'(역증가3개:6ABL6022,6ABL0111,6ABL0122),R-D(FAB저장=0.0%,STB=99.4%)]; M14[R-A_sus,SLA(13.0%4분초과)]; M16A[R-A_sus,R-B_fast(+43/10분),SLA(16.6%4분초과)]; M16B[R-A_sus]",0,0,0,0,8,7,0,0,0,0,5,0,0,0,0,5,0,0,0,0,0,0,0,0,0,0,0,0,5,0,5,0,0,5,0,0,0,5,0,0,0,0,0,0,0,45,0,10,0,0,0,0,0,0,0,9,21,5,43,1,-2,0.67,83.09,76.79,87.43,89.66,0,124,125,86,0,0,15,10,0,15,5
M16A_HUBROOM_PR.csv,2026-06-09 13:04,2026-06-09,13:04,3,3단계 ⭐확정,3,,75,경계,M14,23,M14;M16A,"M16HUB(12:04,RA+RA_sus+RC+RD) → M16A(12:05,RA_sus+RB_fast+RD+SLA) → M16B(12:08,RA_sus+RB+RB_fast) → M16_PKT(12:38,RA+RA_sus) → M14(13:04,RA_sus+RB_fast+RC+SLA)",,,12,23,0,15,5,0,10,0,RA_sus+RD,RA_sus+RB_fast+RC+SLA,,RA_sus+RB_fast+SLA,RA_sus,6.63,2.65,2.73,2.60,2.83,-5,15,-18,-13,-10,0,99.41,1,6ABL0122,12.50,0,15.84,10.69,0,32,12,30,14,0,"hot_area=M14; S3확정; 발동: M16HUB[R-A_sus,R-D(FAB저장=0.0%,STB=99.4%)]; M14[R-A_sus,R-B_fast(+35/10분),R-C'(CNV쏠림),SLA(12.5%4분초과)]; M16A[R-A_sus,R-B_fast(+47/10분),SLA(15.8%4분초과)]; M16B[R-A_sus]; M16_PKT[R-A'(AVGTOTALTIME1MIN=11.06분/기준7.5)]",0,5,0,0,0,7,0,0,0,0,5,0,5,8,0,5,0,0,0,0,0,0,0,0,0,0,0,0,5,0,5,0,0,5,0,0,0,5,0,0,0,0,0,0,0,65,0,10,0,0,0,0,0,0,0,25,35,6,47,2,-19,0.70,83.19,74.67,84.02,89.07,0,108,105,81,0,0,12,23,0,15,5
M16A_HUBROOM_PR.csv,2026-06-09 13:05,2026-06-09,13:05,3,3단계 ⭐확정,3,,80,주의,M16HUB,20,M16HUB;M14;M16A,"M16HUB(12:05,RA+RA_sus+RD) → M16A(12:05,RA_sus+RB_fast+RD+SLA) → M16B(12:08,RA_sus+RB+RB_fast) → M16_PKT(12:38,RA+RA_sus) → M14(13:04,RA_sus+RB_fast+RC+SLA)",,,20,15,0,15,5,0,10,5,RA_sus+RC+RD,RA_sus+RB_fast+SLA,,RA_sus+RB_fast+SLA,RA_sus,6.13,2.70,2.80,2.60,2.47,-12,13,-15,-9,-12,0.59,99.41,2,"6ABL0111,6ABL0122",14.63,0,15.76,11.24,0,38,16,36,16,0,"hot_area=M16HUB; S3확정; 발동: M16HUB[R-A_sus,R-C'(역증가2개:6ABL0111,6ABL0122),R-D(FAB저장=0.6%,STB=99.4%)]; M14[R-A_sus,R-B_fast(+34/10분),SLA(14.6%4분초과)]; M16A[R-A_sus,R-B_fast(+51/10분),SLA(15.8%4분초과)]; M16B[R-A_sus]; M16_PKT[R-A'(AVGTOTALTIME1MIN=6.16분/기준7.5)]; M16_WT[R-A_sus]",0,5,0,0,8,7,0,0,0,0,5,0,5,0,0,5,0,0,0,0,0,0,0,0,0,0,0,0,5,0,5,0,0,5,0,0,0,5,0,0,0,0,0,0,0,70,0,10,0,0,0,0,0,0,0,20,34,4,51,-9,-2,0.70,82.31,74.67,81.79,87.59,0,139,116,95,0,0,20,15,0,15,5
M16A_HUBROOM_PR.csv,2026-06-09 13:06,2026-06-09,13:06,3,3단계 ⭐확정,3,,80,주의,M14,23,M14;M16A,"M16HUB(12:06,RA+RC+RD) → M16A(12:07,RA_sus+RB_fast+RD) → M16B(12:08,RA_sus+RB+RB_fast) → M16_PKT(12:38,RA+RA_sus) → M14(13:04,RA_sus+RB_fast+RC+SLA)",,,12,23,0,15,5,0,10,5,RA_sus+RD,RA_sus+RB_fast+RC+SLA,,RA_sus+RB_fast+SLA,RA_sus,4.83,2.65,3.14,2.65,2.76,-11,16,-15,0,-14,0.59,99.41,1,6ABL0111,15.62,0,14.91,11.80,0,37,16,37,14,0,"hot_area=M14; S3확정; 발동: M16HUB[R-A_sus,R-D(FAB저장=0.6%,STB=99.4%)]; M14[R-A_sus,R-B_fast(+31/10분),R-C'(CNV쏠림),SLA(15.6%4분초과)]; M16A[R-A_sus,R-B_fast(+46/10분),SLA(14.9%4분초과)]; M16B[R-A_sus]; M16_PKT[R-A'(AVGTOTALTIME1MIN=4.98분/기준7.5)]; M16_WT[R-A_sus]",0,5,0,0,0,7,0,0,0,0,5,0,5,8,0,5,0,0,0,0,0,0,0,0,0,0,0,0,5,0,5,0,0,5,0,0,0,5,0,0,0,0,0,0,0,70,0,10,0,0,0,0,0,0,0,6,31,-1,46,-10,-22,0.71,79.40,79.71,81.08,84.49,0,134,99,91,0,0,12,23,0,15,5
M16A_HUBROOM_PR.csv,2026-06-09 13:07,2026-06-09,13:07,3,3단계 ⭐확정,3,,80,주의,M16HUB,20,M16HUB;M16A;M16_PKT,"M16HUB(12:07,RA+RC+RD) → M16A(12:07,RA_sus+RB_fast+RD) → M16B(12:08,RA_sus+RB+RB_fast) → M16_PKT(12:38,RA+RA_sus) → M14(13:04,RA_sus+RB_fast+RC+SLA)",,,20,10,0,15,5,0,15,5,RA_sus+RC+RD,RA_sus+SLA,,RA_sus+RB_fast+SLA,RA_sus,6.49,2.84,2.83,2.76,2.46,-12,13,-13,-19,1,0,100.00,3,"6ABL6011,6ABL0111,6ABL0112",16.41,0,13.88,10.45,0,34,13,28,12,0,"hot_area=M16HUB; S3확정; 발동: M16HUB[R-A_sus,R-C'(역증가3개:6ABL6011,6ABL0111,6ABL0112),R-D(FAB저장=0.0%,STB=100.0%)]; M14[R-A_sus,SLA(16.4%4분초과)]; M16A[R-A_sus,R-B_fast(+25/10분),SLA(13.9%4분초과)]; M16B[R-A_sus]; M16_PKT[R-A'(AVGTOTALTIME1MIN=8.52분/기준7.5),R-A_sus]; M16_WT[R-A_sus]",0,5,0,0,8,7,0,0,0,0,5,0,0,0,0,5,0,0,0,0,0,0,0,0,0,0,0,0,5,0,5,0,0,5,0,0,0,5,0,0,0,0,0,0,0,70,0,10,0,0,0,0,0,0,0,14,22,2,25,-13,-28,0.69,78.62,81.96,84.37,84.79,0,150,98,86,0,0,20,10,0,15,5
M16A_HUBROOM_PR.csv,2026-06-09 13:08,2026-06-09,13:08,3,3단계 ⭐확정,3,,80,주의,M14,18,M14;M16A;M16_PKT,"M16HUB(12:08,RC+RD) → M16B(12:08,RA_sus+RB+RB_fast) → M16A(12:13,RA_sus+RB_fast+SLA) → M16_PKT(12:38,RA+RA_sus) → M14(13:04,RA_sus+RB_fast+RC+SLA)",,,12,18,0,15,5,0,15,5,RA_sus+RD,RA_sus+RC+SLA,,RA_sus+RB_fast+SLA,RA_sus,7.36,2.52,2.80,2.55,2.46,-14,9,-15,9,2,0,100.00,1,6ABL6031,16.38,0,13.43,8.95,0,35,14,36,16,0,"hot_area=M14; S3확정; 발동: M16HUB[R-A_sus,R-D(FAB저장=0.0%,STB=100.0%)]; M14[R-A_sus,R-C'(CNV쏠림),SLA(16.4%4분초과)]; M16A[R-A_sus,R-B_fast(+34/10분),SLA(13.4%4분초과)]; M16B[R-A_sus]; M16_PKT[R-A'(AVGTOTALTIME1MIN=7.21분/기준7.5),R-A_sus]; M16_WT[R-A_sus]",0,5,0,0,0,7,0,0,0,0,5,0,0,8,0,5,0,0,0,0,0,0,0,0,0,0,0,0,5,0,5,0,0,5,0,0,0,5,0,0,0,0,0,0,0,70,0,10,0,0,0,0,0,0,0,5,11,2,34,-15,-12,0.74,80.27,79.18,84.61,83.75,0,161,83,65,0,0,12,18,0,15,5
M16A_HUBROOM_PR.csv,2026-06-09 13:09,2026-06-09,13:09,1,1단계 조기경보,3,3→1,75,경계,M14,18,M14;M16_PKT,"M16HUB(12:09,RC+RD) → M16B(12:09,RA_sus+RB+RB_fast) → M16A(12:13,RA_sus+RB_fast+SLA) → M16_PKT(12:38,RA+RA_sus) → M14(13:04,RA_sus+RB_fast+RC+SLA)",,,12,18,0,10,5,0,15,5,RA_sus+RD,RA_sus+RC+SLA,,RA_sus+SLA,RA_sus,5.01,2.69,2.78,2.70,2.80,-11,13,-10,-8,5,0,100.00,1,6ABL6011,16.72,0,13.59,12.06,0,37,16,30,16,0,"hot_area=M14; S1조기경보; 발동: M16HUB[R-A_sus,R-D(FAB저장=0.0%,STB=100.0%)]; M14[R-A_sus,R-C'(CNV쏠림),SLA(16.7%4분초과)]; M16A[R-A_sus,SLA(13.6%4분초과)]; M16B[R-A_sus]; M16_PKT[R-A'(AVGTOTALTIME1MIN=5.61분/기준7.5),R-A_sus]; M16_WT[R-A_sus]",0,5,0,0,0,7,0,0,0,0,5,0,0,8,0,5,0,0,0,0,0,0,0,0,0,0,0,0,5,0,0,0,0,5,0,0,0,5,0,0,0,0,0,0,0,65,0,10,0,0,0,0,0,0,0,2,6,-2,15,-15,-27,0.75,78.33,76.26,86.49,82.87,0,147,89,96,0,0,12,18,0,10,5
M16A_HUBROOM_PR.csv,2026-06-09 13:10,2026-06-09,13:10,1,1단계 조기경보,1,,68,경계,M16HUB,20,M16HUB;M14;M16_PKT,"M16HUB(12:10,RC+RD) → M16B(12:10,RA_sus+RB+RB_fast) → M16A(12:13,RA_sus+RB_fast+SLA) → M16_PKT(12:38,RA+RA_sus) → M14(13:04,RA_sus+RB_fast+RC+SLA)",,,20,18,0,5,5,0,15,0,RA_sus+RC+RD,RA_sus+RC+SLA,,RA_sus,RA_sus,6.74,2.46,2.97,2.67,2.34,-12,10,-8,5,12,0,100.00,3,"6ABL0111,6ABL0121,6ABL0122",16.09,0,12.73,9.10,0,37,15,31,15,0,"hot_area=M16HUB; S1조기경보; 발동: M16HUB[R-A_sus,R-C'(역증가3개:6ABL0111,6ABL0121,6ABL0122),R-D(FAB저장=0.0%,STB=100.0%)]; M14[R-A_sus,R-C'(CNV쏠림),SLA(16.1%4분초과)]; M16A[R-A_sus]; M16B[R-A_sus]; M16_PKT[R-A'(AVGTOTALTIME1MIN=7.74분/기준7.5),R-A_sus]",0,5,0,0,8,7,0,0,0,0,5,0,0,8,0,5,0,0,0,0,0,0,0,0,0,0,0,0,5,0,0,0,0,0,0,0,0,5,0,0,0,0,0,0,0,63,0,5,0,0,0,0,0,0,0,-1,-7,0,11,-6,-13,0.77,75.80,75.46,82.61,77.25,0,163,75,63,0,0,20,18,0,5,5
M16A_HUBROOM_PR.csv,2026-06-09 13:11,2026-06-09,13:11,1,1단계 조기경보,1,,68,경계,M16HUB,20,M16HUB;M14;M16_PKT,"M16HUB(12:11,RC+RD) → M16B(12:11,RA_sus+RB+RB_fast) → M16A(12:13,RA_sus+RB_fast+SLA) → M16_PKT(12:38,RA+RA_sus) → M14(13:04,RA_sus+RB_fast+RC+SLA)",,,20,18,0,5,5,0,15,0,RA_sus+RC+RD,RA_sus+RC+SLA,,RA_sus,RA_sus,7.86,2.42,3.29,2.67,2.73,-11,8,-12,-7,13,0,100.00,2,"6ABL0111,6ABL0121",15.86,0,12.57,11.04,0,39,16,42,19,0,"hot_area=M16HUB; S1조기경보; 발동: M16HUB[R-A_sus,R-C'(역증가2개:6ABL0111,6ABL0121),R-D(FAB저장=0.0%,STB=100.0%)]; M14[R-A_sus,R-C'(CNV쏠림),SLA(15.9%4분초과)]; M16A[R-A_sus]; M16B[R-A_sus]; M16_PKT[R-A'(AVGTOTALTIME1MIN=4.47분/기준7.5),R-A_sus]",0,5,0,0,8,7,0,0,0,0,5,0,0,8,0,5,0,0,0,0,0,0,0,0,0,0,0,0,5,0,0,0,0,0,0,0,0,5,0,0,0,0,0,0,0,63,0,5,0,0,0,0,0,0,0,-27,-32,-6,-2,-27,-17,0.73,73.57,73.87,84.25,81.98,0,145,87,92,0,0,20,18,0,5,5
M16A_HUBROOM_PR.csv,2026-06-09 13:12,2026-06-09,13:12,1,1단계 조기경보,1,,78,경계,M16HUB,20,M16HUB;M14;M16_PKT,"M16HUB(12:12,RC+RD) → M16B(12:12,RA_sus+RB+RB_fast) → M16A(12:13,RA_sus+RB_fast+SLA) → M16_PKT(12:38,RA+RA_sus) → M14(13:04,RA_sus+RB_fast+RC+SLA)",,,20,18,0,10,5,0,15,0,RA_sus+RC+RD,RA_sus+RC+SLA,,RA_sus+SLA,RA_sus,5.17,2.41,2.98,2.65,2.44,-41,11,-11,-15,14,0,100.00,5,"6ABL6011,6ABL6031,6ABL0111,6ABL0121,6ABL0122",15.21,0,13.22,11.20,0,38,14,41,18,0,"hot_area=M16HUB; S1조기경보; 발동: M16HUB[R-A_sus,R-C'(역증가5개:6ABL6011,6ABL6031,6ABL0111,6ABL0121,6ABL0122),R-D(FAB저장=0.0%,STB=100.0%)]; M14[R-A_sus,R-C'(CNV쏠림),SLA(15.2%4분초과)]; M16A[R-A_sus,SLA(13.2%4분초과)]; M16B[R-A_sus]; M16_PKT[R-A'(AVGTOTALTIME1MIN=8.47분/기준7.5),R-A_sus]",0,5,0,0,8,7,0,0,0,0,5,0,0,8,0,5,0,0,0,0,0,0,0,0,0,0,0,0,5,0,0,0,0,5,0,0,0,5,0,0,0,0,0,0,0,68,0,10,0,0,0,0,0,0,0,-36,-27,-6,-14,-21,-7,0.72,72.11,74.40,85.66,80.80,0,146,83,84,0,0,20,18,0,10,5
M16A_HUBROOM_PR.csv,2026-06-09 13:13,2026-06-09,13:13,3,3단계 ⭐확정,1,1→3,70,경계,M16HUB,15,M16HUB;M16B;M16_PKT,"M16HUB(12:13,RC+RD) → M16A(12:13,RA_sus+RB_fast+SLA) → M16B(12:33,RA_sus+RB+RB_fast) → M16_PKT(12:38,RA+RA_sus) → M14(13:04,RA_sus+RB_fast+RC+SLA)",M16A_2F_TO_HUB=1.7x(주의),,15,10,0,5,15,0,15,0,RC+RD,RA_sus+SLA,,RA_sus,RA_sus+RB,5.91,2.38,2.96,2.88,2.47,-23,3,-14,-25,30,0,100.00,5,"6ABL6011,6ABL6022,6ABL6031,6ABL0121,6ABL0122",15.24,0,12.79,9.83,0,32,13,46,21,0,"hot_area=M16HUB; S3확정; 발동: M16HUB[R-C'(역증가5개:6ABL6011,6ABL6022,6ABL6031,6ABL0121,6ABL0122),R-D(FAB저장=0.0%,STB=100.0%)]; M14[R-A_sus,SLA(15.2%4분초과)]; M16A[R-A_sus]; M16B[R-A_sus,R-B(10F_TO_HUB_JOB+30/30분/기준+30)]; M16_PKT[R-A'(AVGTOTALTIME1MIN=4.65분/기준7.5),R-A_sus]; 흐름:M16A_2F_TO_HUB=1.7x(주의)",0,0,0,0,8,7,0,0,0,0,5,0,0,0,0,5,0,0,0,0,0,0,0,0,0,0,0,0,5,0,0,0,0,0,0,0,0,5,10,0,0,0,0,0,0,60,5,5,0,0,0,0,0,0,0,-21,-16,-2,-39,1,-2,0.67,72.59,78.65,86.96,83.60,0,155,88,81,0,0,15,10,0,5,15
M16A_HUBROOM_PR.csv,2026-06-09 13:14,2026-06-09,13:14,3,3단계 ⭐확정,3,,67,경계,M16B,15,M16B;M16_PKT,"M16A(12:14,RA_sus+RB_fast+SLA) → M16HUB(12:24,RB_fast+RC+RD) → M16B(12:33,RA_sus+RB+RB_fast) → M16_PKT(12:38,RA+RA_sus) → M14(13:04,RA_sus+RB_fast+RC+SLA)",M16A_2F_TO_HUB=1.7x(주의),,12,10,0,5,15,0,15,0,RA_sus+RD,RA_sus+SLA,,RA_sus,RA_sus+RB,7.04,2.52,2.92,2.83,2.51,-30,-17,-12,-28,31,0,100.00,5,"6ABL6011,6ABL6021,6ABL6031,6ABL0121,6ABL0122",14.83,0,12.71,10.01,0,36,17,36,17,0,"hot_area=M16B; S3확정; 발동: M16HUB[R-A_sus,R-D(FAB저장=0.0%,STB=100.0%)]; M14[R-A_sus,SLA(14.8%4분초과)]; M16A[R-A_sus]; M16B[R-A_sus,R-B(10F_TO_HUB_JOB+31/30분/기준+30)]; M16_PKT[R-A'(AVGTOTALTIME1MIN=7.89분/기준7.5),R-A_sus]; 흐름:M16A_2F_TO_HUB=1.7x(주의)",0,5,0,0,0,7,0,0,0,0,5,0,0,0,0,5,0,0,0,0,0,0,0,0,0,0,0,0,5,0,0,0,0,0,0,0,0,5,10,0,0,0,0,0,0,57,5,5,0,0,0,0,0,0,0,-18,-26,6,-49,8,4,0.63,76.58,79.71,87.90,84.49,0,137,77,73,0,0,12,10,0,5,15
M16A_HUBROOM_PR.csv,2026-06-09 13:15,2026-06-09,13:15,3,3단계 ⭐확정,3,,67,경계,M16_PKT,15,M16_PKT,"M16A(12:15,RA_sus+RB_fast+SLA) → M16HUB(12:24,RB_fast+RC+RD) → M16B(12:33,RA_sus+RB+RB_fast) → M16_PKT(12:38,RA+RA_sus) → M14(13:04,RA_sus+RB_fast+RC+SLA)",M16A_2F_TO_HUB=2.1x(위험),,7,5,0,10,10,0,15,0,RD,RA_sus,,RA_sus+SLA,RA_sus+RB_fast,5.06,2.60,3.27,2.72,2.44,-30,-10,-7,-20,25,0,100.00,5,"6ABL6012,6ABL6021,6ABL6022,6ABL0121,6ABL0122",13.07,0,13.04,10.16,0,31,14,39,19,0,"hot_area=M16_PKT; S3확정; 발동: M16HUB[R-D(FAB저장=0.0%,STB=100.0%)]; M14[R-A_sus]; M16A[R-A_sus,SLA(13.0%4분초과)]; M16B[R-A_sus,R-B_fast(+12/10분)]; M16_PKT[R-A'(AVGTOTALTIME1MIN=7.47분/기준7.5),R-A_sus]; 흐름:M16A_2F_TO_HUB=2.1x(위험)",0,0,0,0,0,7,0,0,0,0,5,0,0,0,0,0,0,0,0,0,0,0,0,0,0,0,0,0,5,0,0,0,0,5,0,0,0,5,0,5,0,0,0,0,0,47,15,5,0,0,0,0,0,0,0,-9,-21,10,-55,12,12,0.62,74.34,79.58,86.72,86.71,0,132,93,85,0,0,7,5,0,10,10
M16A_HUBROOM_PR.csv,2026-06-09 13:16,2026-06-09,13:16,3,3단계 ⭐확정,3,,67,경계,M16_PKT,15,M16_PKT,"M16A(12:16,RA_sus+RB_fast+SLA) → M16HUB(12:24,RB_fast+RC+RD) → M16B(12:33,RA_sus+RB+RB_fast) → M16_PKT(12:38,RA+RA_sus) → M14(13:04,RA_sus+RB_fast+RC+SLA)",M16A_2F_TO_HUB=2.2x(위험),,7,5,0,10,10,0,15,0,RD,RA_sus,,RA_sus+SLA,RA_sus+RB_fast,6.90,2.45,2.82,2.63,2.98,-11,-10,2,-24,22,0,100.00,6,"6ABL6011,6ABL6012,6ABL6021,6ABL6022,6ABL0121,6ABL0122",12.64,0,13.33,10.12,0,35,17,34,16,0,"hot_area=M16_PKT; S3확정; 발동: M16HUB[R-D(FAB저장=0.0%,STB=100.0%)]; M14[R-A_sus]; M16A[R-A_sus,SLA(13.3%4분초과)]; M16B[R-A_sus,R-B_fast(+16/10분)]; M16_PKT[R-A'(AVGTOTALTIME1MIN=4.80분/기준7.5),R-A_sus]; 흐름:M16A_2F_TO_HUB=2.2x(위험)",0,0,0,0,0,7,0,0,0,0,5,0,0,0,0,0,0,0,0,0,0,0,0,0,0,0,0,0,5,0,0,0,0,5,0,0,0,5,0,5,0,0,0,0,0,47,15,5,0,0,0,0,0,0,0,16,-18,15,-54,16,16,0.61,73.96,79.31,86.37,90.84,0,113,86,77,0,0,7,5,0,10,10
M16A_HUBROOM_PR.csv,2026-06-09 13:17,2026-06-09,13:17,3,3단계 ⭐확정,3,,77,경계,M16HUB,17,M16HUB;M16_PKT,"M16HUB(12:24,RB_fast+RC+RD) → M16B(12:33,RA_sus+RB+RB_fast) → M16_PKT(12:38,RA+RA_sus) → M16A(13:02,RA_sus+RB_fast+SLA) → M14(13:04,RA_sus+RB_fast+RC+SLA)",M16A_2F_TO_HUB=2.3x(위험),,17,5,0,10,10,0,15,0,RA_sus+RB_fast+RD,RA_sus,,RA_sus+SLA,RA_sus+RB_fast,6.72,2.26,2.92,2.88,2.47,11,10,0,-16,23,0,100.00,7,"6ABL6011,6ABL6021,6ABL6022,6ABL0111,6ABL0112,6ABL0121,6ABL0122",11.53,0,13.36,8.94,0,33,14,35,18,0,"hot_area=M16HUB; S3확정; 발동: M16HUB[R-A_sus,R-B_fast(+43/10분),R-D(FAB저장=0.0%,STB=100.0%)]; M14[R-A_sus]; M16A[R-A_sus,SLA(13.4%4분초과)]; M16B[R-A_sus,R-B_fast(+22/10분)]; M16_PKT[R-A'(AVGTOTALTIME1MIN=7.37분/기준7.5),R-A_sus]; 흐름:M16A_2F_TO_HUB=2.3x(위험)",0,5,0,5,0,7,0,0,0,0,5,0,0,0,0,0,0,0,0,0,0,0,0,0,0,0,0,0,5,0,0,0,0,5,0,0,0,5,0,5,0,0,0,0,0,57,15,5,0,0,0,0,0,0,0,43,15,17,-33,22,15,0.57,77.84,78.38,90.01,90.40,0,107,95,72,0,0,17,5,0,10,10
M16A_HUBROOM_PR.csv,2026-06-09 13:18,2026-06-09,13:18,3,3단계 ⭐확정,3,,77,경계,M16HUB,17,M16HUB;M16_PKT,"M16HUB(12:24,RB_fast+RC+RD) → M16B(12:33,RA_sus+RB+RB_fast) → M16_PKT(12:38,RA+RA_sus) → M16A(13:02,RA_sus+RB_fast+SLA) → M14(13:04,RA_sus+RB_fast+RC+SLA)",M16A_2F_TO_HUB=2.3x(위험),,17,5,0,10,10,0,15,0,RA_sus+RB_fast+RD,RA_sus,,RA_sus+SLA,RA_sus+RB_fast,6.65,2.53,2.90,2.83,2.40,1,14,1,-5,16,0,100.00,6,"6ABL6011,6ABL6021,6ABL6022,6ABL0112,6ABL0121,6ABL0122",10.62,0,13.48,7.57,0,33,14,36,17,0,"hot_area=M16HUB; S3확정; 발동: M16HUB[R-A_sus,R-B_fast(+50/10분),R-D(FAB저장=0.0%,STB=100.0%)]; M14[R-A_sus]; M16A[R-A_sus,SLA(13.5%4분초과)]; M16B[R-A_sus,R-B_fast(+16/10분)]; M16_PKT[R-A'(AVGTOTALTIME1MIN=6.83분/기준7.5),R-A_sus]; 흐름:M16A_2F_TO_HUB=2.3x(위험)",0,5,0,5,0,7,0,0,0,0,5,0,0,0,0,0,0,0,0,0,0,0,0,0,0,0,0,0,5,0,0,0,0,5,0,0,0,5,0,5,0,0,0,0,0,57,15,5,0,0,0,0,0,0,0,50,22,19,-54,16,5,0.59,76.97,77.59,88.72,90.55,0,97,88,55,0,0,17,5,0,10,10
M16A_HUBROOM_PR.csv,2026-06-09 13:19,2026-06-09,13:19,3,3단계 ⭐확정,3,,80,주의,M16HUB,25,M16HUB;M16_PKT,"M16HUB(12:24,RB_fast+RC+RD) → M16B(12:33,RA_sus+RB+RB_fast) → M16_PKT(12:38,RA+RA_sus) → M16A(13:02,RA_sus+RB_fast+SLA) → M14(13:04,RA_sus+RB_fast+RC+SLA)",M16A_2F_TO_HUB=2.3x(위험),,25,5,0,5,10,5,15,0,RA_sus+RB_fast+RC+RD,RA_sus,,RA_sus,RA_sus+RB_fast,7.14,2.27,2.96,2.96,2.65,4,11,4,-4,-11,0,100.00,3,"6ABL6011,6ABL6022,6ABL0121",11.46,0,12.76,8.57,0,36,16,34,18,0,"hot_area=M16HUB; S3확정; 발동: M16HUB[R-A_sus,R-B_fast(+49/10분),R-C'(역증가3개:6ABL6011,6ABL6022,6ABL0121),R-D(FAB저장=0.0%,STB=100.0%)]; M14[R-A_sus]; M16A[R-A_sus]; M16B[R-A_sus,R-B_fast(+19/10분)]; M16[R-B_fast(+11/10분)]; M16_PKT[R-A'(AVGTOTALTIME1MIN=6.50분/기준7.5),R-A_sus]; 흐름:M16A_2F_TO_HUB=2.3x(위험)",0,5,0,5,8,7,0,0,0,0,5,0,0,0,0,0,0,0,0,0,0,0,0,0,0,0,0,0,5,0,0,0,0,0,0,0,0,5,0,5,0,0,0,0,0,65,15,0,0,0,0,0,0,0,0,49,21,21,-34,19,-4,0.56,79.30,79.44,87.19,89.36,0,105,87,69,0,0,25,5,0,5,10
M16A_HUBROOM_PR.csv,2026-06-09 13:20,2026-06-09,13:20,3,3단계 ⭐확정,3,,75,경계,M16HUB,25,M16HUB;M16_PKT,"M16HUB(12:24,RB_fast+RC+RD) → M16B(12:33,RA_sus+RB+RB_fast) → M16_PKT(12:38,RA+RA_sus) → M16A(13:02,RA_sus+RB_fast+SLA) → M14(13:04,RA_sus+RB_fast+RC+SLA)",M16A_2F_TO_HUB=1.9x(주의),,25,10,0,10,5,0,15,0,RA_sus+RB_fast+RC+RD,RA_sus+RB_fast,,RA_sus+SLA,RA_sus,8.06,2.51,2.88,2.60,2.27,2,8,6,0,-14,0,100.00,2,"6ABL6031,6ABL0121",11.83,0,13.19,7.14,0,33,14,33,14,0,"hot_area=M16HUB; S3확정; 발동: M16HUB[R-A_sus,R-B_fast(+50/10분),R-C'(역증가2개:6ABL6031,6ABL0121),R-D(FAB저장=0.0%,STB=100.0%)]; M14[R-A_sus,R-B_fast(+24/10분)]; M16A[R-A_sus,SLA(13.2%4분초과)]; M16B[R-A_sus]; M16_PKT[R-A'(AVGTOTALTIME1MIN=5.43분/기준7.5),R-A_sus]; 흐름:M16A_2F_TO_HUB=1.9x(주의)",0,5,0,5,8,7,0,0,0,0,5,0,5,0,0,0,0,0,0,0,0,0,0,0,0,0,0,0,5,0,0,0,0,5,0,0,0,5,0,0,0,0,0,0,0,65,5,5,0,0,0,0,0,0,0,50,24,20,-32,9,-9,0.56,80.17,80.50,90.60,87.74,0,111,81,51,0,0,25,10,0,10,5
M16A_HUBROOM_PR.csv,2026-06-09 13:21,2026-06-09,13:21,3,3단계 ⭐확정,3,,67,경계,M16HUB,17,M16HUB;M16_PKT,"M16HUB(12:24,RB_fast+RC+RD) → M16B(12:33,RA_sus+RB+RB_fast) → M16_PKT(12:38,RA+RA_sus) → M16A(13:02,RA_sus+RB_fast+SLA) → M14(13:04,RA_sus+RB_fast+RC+SLA)",M16A_2F_TO_HUB=1.9x(주의),,17,10,0,5,10,5,15,0,RA_sus+RB_fast+RD,RA_sus+RB_fast,,RA_sus,RA_sus+RB_fast,4.07,2.34,2.88,2.70,2.95,15,16,10,17,-6,0,100.00,3,"6ABL6012,6ABL0112,6ABL0121",12.16,0,12.62,9.88,0,31,12,35,15,0,"hot_area=M16HUB; S3확정; 발동: M16HUB[R-A_sus,R-B_fast(+52/10분),R-D(FAB저장=0.0%,STB=100.0%)]; M14[R-A_sus,R-B_fast(+28/10분)]; M16A[R-A_sus]; M16B[R-A_sus,R-B_fast(+13/10분)]; M16[R-B_fast(+32/10분)]; M16_PKT[R-A'(AVGTOTALTIME1MIN=5.09분/기준7.5),R-A_sus]; 흐름:M16A_2F_TO_HUB=1.9x(주의)",0,5,0,5,0,7,0,0,0,0,5,0,5,0,0,0,0,0,0,0,0,0,0,0,0,0,0,0,5,0,0,0,0,0,0,0,0,5,0,5,0,0,0,0,0,62,5,0,0,0,0,0,0,0,0,52,28,19,4,13,3,0.58,81.24,77.72,87.66,88.18,0,103,93,84,0,0,17,10,0,5,10
M16A_HUBROOM_PR.csv,2026-06-09 13:22,2026-06-09,13:22,3,3단계 ⭐확정,3,,57,관심,M16HUB,17,M16HUB;M16_PKT,"M16HUB(12:24,RB_fast+RC+RD) → M16B(12:33,RA_sus+RB+RB_fast) → M16_PKT(12:38,RA+RA_sus) → M16A(13:02,RA_sus+RB_fast+SLA) → M14(13:04,RA_sus+RB_fast+RC+SLA)",,,17,10,0,5,10,0,15,0,RA_sus+RB_fast+RD,RA_sus+RB_fast,,RA_sus,RA_sus+RB_fast,6.92,2.53,2.92,2.69,2.80,18,22,11,29,-1,0,100.00,6,"6ABL6011,6ABL6021,6ABL6031,6ABL0112,6ABL0121,6ABL0122",11.80,0,12.88,10.65,0,37,15,31,10,0,"hot_area=M16HUB; S3확정; 발동: M16HUB[R-A_sus,R-B_fast(+58/10분),R-D(FAB저장=0.0%,STB=100.0%)]; M14[R-A_sus,R-B_fast(+28/10분)]; M16A[R-A_sus]; M16B[R-A_sus,R-B_fast(+10/10분)]; M16_PKT[R-A'(AVGTOTALTIME1MIN=6.46분/기준7.5),R-A_sus]",0,5,0,5,0,7,0,0,0,0,5,0,5,0,0,0,0,0,0,0,0,0,0,0,0,0,0,0,5,0,0,0,0,0,0,0,0,5,0,5,0,0,0,0,0,57,0,0,0,0,0,0,0,0,0,58,28,15,19,10,14,0.60,78.81,82.36,87.90,82.13,0,103,84,82,0,0,17,10,0,5,10
M16A_HUBROOM_PR.csv,2026-06-09 13:23,2026-06-09,13:23,3,3단계 ⭐확정,3,,93,주의,M16HUB,18,M16HUB;M16A;M16_PKT,"M16HUB(12:24,RB_fast+RC+RD) → M16B(12:33,RA_sus+RB+RB_fast) → M16_PKT(12:38,RA+RA_sus) → M16A(13:02,RA_sus+RB_fast+SLA) → M14(13:04,RA_sus+RB_fast+RC+SLA)",M16A_2F_TO_HUB=2.2x(위험),,18,10,0,15,5,5,15,5,RA_sus+RB_fast+RC,RA_sus+RB_fast,,RA_sus+RB_fast+SLA,RA_sus,8.64,2.54,2.94,2.78,2.53,34,30,12,38,-7,0,98.22,4,"6ABL6021,6ABL6031,6ABL0112,6ABL0121",10.93,0,13.03,8.77,0,33,13,34,16,0,"hot_area=M16HUB; S3확정; 발동: M16HUB[R-A_sus,R-B_fast(+46/10분),R-C'(역증가4개:6ABL6021,6ABL6031,6ABL0112,6ABL0121)]; M14[R-A_sus,R-B_fast(+25/10분)]; M16A[R-A_sus,R-B_fast(+34/10분),SLA(13.0%4분초과)]; M16B[R-A_sus]; M16[R-B_fast(+41/10분)]; M16_PKT[R-A'(AVGTOTALTIME1MIN=6.08분/기준7.5),R-A_sus]; M16_WT[R-A_sus]; 흐름:M16A_2F_TO_HUB=2.2x(위험)",0,5,0,5,8,0,0,0,0,0,5,0,5,0,0,0,0,0,0,0,0,0,0,0,0,0,0,0,5,0,5,0,0,5,0,0,0,5,0,0,0,0,0,0,0,73,15,5,0,0,0,0,0,0,0,46,25,9,34,-9,-1,0.60,77.65,81.03,88.72,85.67,0,96,95,76,0,0,18,10,0,15,5
M16A_HUBROOM_PR.csv,2026-06-09 13:24,2026-06-09,13:24,3,3단계 ⭐확정,3,,70,경계,M16A,15,M16A,"M16HUB(12:24,RB_fast+RC+RD) → M16B(12:33,RA_sus+RB+RB_fast) → M16_PKT(12:38,RA+RA_sus) → M16A(13:02,RA_sus+RB_fast+SLA) → M14(13:04,RA_sus+RB_fast+RC+SLA)",M16A_2F_TO_HUB=2.1x(위험),,10,10,0,15,5,0,5,5,RA_sus+RB_fast,RA_sus+RB_fast,,RA_sus+RB_fast+SLA,RA_sus,4.29,2.31,2.80,2.81,2.82,43,33,13,28,1,0,98.22,4,"6ABL6021,6ABL6022,6ABL6031,6ABL0121",11.82,0,13.35,9.07,0,34,15,28,14,0,"hot_area=M16A; S3확정; 발동: M16HUB[R-A_sus,R-B_fast(+36/10분)]; M14[R-A_sus,R-B_fast(+24/10분)]; M16A[R-A_sus,R-B_fast(+30/10분),SLA(13.3%4분초과)]; M16B[R-A_sus]; M16_PKT[R-A_sus]; M16_WT[R-A_sus]; 흐름:M16A_2F_TO_HUB=2.1x(위험)",0,5,0,5,0,0,0,0,0,0,5,0,5,0,0,0,0,0,0,0,0,0,0,0,0,0,0,0,5,0,5,0,0,5,0,0,0,5,0,0,0,0,0,0,0,50,15,5,0,0,0,0,0,0,0,36,24,1,30,-9,9,0.57,78.52,80.90,88.37,84.05,0,109,88,71,0,0,10,10,0,15,5
M16A_HUBROOM_PR.csv,2026-06-09 13:25,2026-06-09,13:25,3,3단계 ⭐확정,3,,63,관심,M16HUB,13,,"M16HUB(12:25,RC+RD) → M16B(12:33,RA_sus+RB+RB_fast) → M16_PKT(12:38,RA+RA_sus) → M16A(13:02,RA_sus+RB_fast+SLA) → M14(13:04,RA_sus+RB_fast+RC+SLA)",M16A_2F_TO_HUB=2.0x(위험),,13,5,0,10,5,5,5,5,RA_sus+RC,RA_sus,,RA_sus+RB_fast,RA_sus,7.04,2.49,3.00,2.58,2.43,38,31,7,38,-8,0.59,98.22,2,"6ABL6021,6ABL0121",14.03,0,11.60,8.79,0,39,16,25,11,0,"hot_area=M16HUB; S3확정; 발동: M16HUB[R-A_sus,R-C'(역증가2개:6ABL6021,6ABL0121)]; M14[R-A_sus]; M16A[R-A_sus,R-B_fast(+42/10분)]; M16B[R-A_sus]; M16[R-B_fast(+28/10분)]; M16_PKT[R-A_sus]; M16_WT[R-A_sus]; 흐름:M16A_2F_TO_HUB=2.0x(위험)",0,5,0,0,8,0,0,0,0,0,5,0,0,0,0,0,0,0,0,0,0,0,0,0,0,0,0,0,5,0,5,0,0,0,0,0,0,5,0,0,0,0,0,0,0,48,15,0,0,0,0,0,0,0,0,27,18,-7,42,-11,-7,0.58,76.77,79.84,87.90,82.27,0,134,84,76,0,0,13,5,0,10,5
M16A_HUBROOM_PR.csv,2026-06-09 13:26,2026-06-09,13:26,3,3단계 ⭐확정,3,,57,관심,M16HUB,22,M16HUB,"M16HUB(12:26,RC+RD) → M16B(12:33,RA_sus+RB+RB_fast) → M16_PKT(12:38,RA+RA_sus) → M16A(13:02,RA_sus+RB_fast+SLA) → M14(13:04,RA_sus+RB_fast+RC+SLA)",M16A_2F_TO_HUB=1.5x(주의),,22,5,0,10,5,0,5,5,RA+RA_sus+RD,RA_sus,,RA_sus+RB_fast,RA_sus,9.93,2.79,3.01,2.60,2.88,34,27,5,44,-6,0.59,99.41,4,"6ABL6011,6ABL6012,6ABL6032,6ABL0121",14.35,0,11.21,8.60,0,39,16,31,10,0,"hot_area=M16HUB; S3확정; 발동: M16HUB[R-A'(AVGTOTALTIME1MIN=9.93분/기준9.0),R-A_sus,R-D(FAB저장=0.6%,STB=99.4%)]; M14[R-A_sus]; M16A[R-A_sus,R-B_fast(+52/10분)]; M16B[R-A_sus]; M16_PKT[R-A_sus]; M16_WT[R-A_sus]; 흐름:M16A_2F_TO_HUB=1.5x(주의)",10,5,0,0,0,7,0,0,0,0,5,0,0,0,0,0,0,0,0,0,0,0,0,0,0,0,0,0,5,0,5,0,0,0,0,0,0,5,0,0,0,0,0,0,0,52,5,0,0,0,1,0,0,0,0,12,14,-9,52,-12,7,0.58,77.75,80.50,88.72,77.25,0,123,72,67,0,0,22,5,0,10,5
M16A_HUBROOM_PR.csv,2026-06-09 13:27,2026-06-09,13:27,3,3단계 ⭐확정,3,,67,경계,M16HUB,22,M16HUB,"M16HUB(12:27,RC+RD) → M16B(12:33,RA_sus+RB+RB_fast) → M16_PKT(12:38,RA+RA_sus) → M16A(13:02,RA_sus+RB_fast+SLA) → M14(13:04,RA_sus+RB_fast+RC+SLA)",M16B_10F_TO_HUB=1.7x(주의),,22,10,0,10,5,0,5,5,RA+RA_sus+RD,RA_sus+SLA,,RA_sus+RB_fast,RA_sus,4.24,2.78,2.92,2.54,2.27,40,29,4,47,16,0,99.41,7,"6ABL6011,6ABL6012,6ABL6021,6ABL6022,6ABL6031,6ABL6032,6ABL0121",14.43,0,10.56,7.28,0,42,17,35,14,0,"hot_area=M16HUB; S3확정; 발동: M16HUB[R-A'(AVGTOTALTIME1MIN=4.24분/기준9.0),R-A_sus,R-D(FAB저장=0.0%,STB=99.4%)]; M14[R-A_sus,SLA(14.4%4분초과)]; M16A[R-A_sus,R-B_fast(+55/10분)]; M16B[R-A_sus]; M16_PKT[R-A_sus]; M16_WT[R-A_sus]; 흐름:M16B_10F_TO_HUB=1.7x(주의)",10,5,0,0,0,7,0,0,0,0,5,0,0,0,0,5,0,0,0,0,0,0,0,0,0,0,0,0,5,0,5,0,0,0,0,0,0,5,0,0,0,0,0,0,0,57,5,5,0,0,1,0,0,0,0,-17,-8,-15,55,7,23,0.57,75.90,80.64,85.78,81.98,0,131,73,63,0,0,22,10,0,10,5
M16A_HUBROOM_PR.csv,2026-06-09 13:28,2026-06-09,13:28,3,3단계 ⭐확정,3,,57,관심,M16HUB,22,M16HUB,"M16HUB(12:28,RC+RD) → M16B(12:33,RA_sus+RB+RB_fast) → M16_PKT(12:38,RA+RA_sus) → M16A(13:02,RA_sus+RB_fast+SLA) → M14(13:04,RA_sus+RB_fast+RC+SLA)",,,22,10,0,10,10,0,0,0,RA+RA_sus+RD,RA_sus+SLA,,RA_sus+RB_fast,RA_sus+RB_fast,8.03,2.41,2.99,2.65,2.40,27,19,11,36,15,0,100.00,7,"6ABL6011,6ABL6021,6ABL6022,6ABL6031,6ABL6032,6ABL0112,6ABL0121",14.03,0,10.87,5.64,0,41,16,40,19,0,"hot_area=M16HUB; S3확정; 발동: M16HUB[R-A'(AVGTOTALTIME1MIN=8.03분/기준9.0),R-A_sus,R-D(FAB저장=0.0%,STB=100.0%)]; M14[R-A_sus,SLA(14.0%4분초과)]; M16A[R-A_sus,R-B_fast(+56/10분)]; M16B[R-A_sus,R-B_fast(+14/10분)]",10,5,0,0,0,7,0,0,0,0,5,0,0,0,0,5,0,0,0,0,0,0,0,0,0,0,0,0,5,0,5,0,0,0,0,0,0,5,0,5,0,0,0,0,0,52,0,5,0,0,1,0,0,0,0,-28,-14,-10,56,14,3,0.56,75.51,82.36,82.73,82.42,0,132,69,43,0,0,22,10,0,10,10
M16A_HUBROOM_PR.csv,2026-06-09 13:29,2026-06-09,13:29,3,3단계 ⭐확정,3,,57,관심,M16HUB,22,M16HUB,"M16HUB(12:30,RC+RD) → M16B(12:33,RA_sus+RB+RB_fast) → M16_PKT(12:38,RA+RA_sus) → M16A(13:02,RA_sus+RB_fast+SLA) → M14(13:04,RA_sus+RB_fast+RC+SLA)",,,22,10,0,10,10,0,0,0,RA+RA_sus+RD,RA_sus+SLA,,RA_sus+RB_fast,RA_sus+RB_fast,10.27,2.37,2.91,2.62,2.37,27,16,7,36,18,0,100.00,8,"6ABL6011,6ABL6012,6ABL6021,6ABL6022,6ABL6031,6ABL6032,6ABL0112,6ABL0121",14.48,0,11.58,7.80,0,40,16,36,15,0,"hot_area=M16HUB; S3확정; 발동: M16HUB[R-A'(AVGTOTALTIME1MIN=10.27분/기준9.0),R-A_sus,R-D(FAB저장=0.0%,STB=100.0%)]; M14[R-A_sus,SLA(14.5%4분초과)]; M16A[R-A_sus,R-B_fast(+55/10분)]; M16B[R-A_sus,R-B_fast(+14/10분)]",10,5,0,0,0,7,0,0,0,0,5,0,0,0,0,5,0,0,0,0,0,0,0,0,0,0,0,0,5,0,5,0,0,0,0,0,0,5,0,5,0,0,0,0,0,52,0,5,0,0,2,0,0,0,0,-24,-11,-12,55,14,18,0.53,76.68,82.23,82.02,85.67,0,137,79,65,0,0,22,10,0,10,10
M16A_HUBROOM_PR.csv,2026-06-09 13:30,2026-06-09,13:30,3,3단계 ⭐확정,3,,47,관심,M16HUB,22,M16HUB,"M16HUB(12:30,RC+RD) → M16B(12:33,RA_sus+RB+RB_fast) → M16_PKT(12:38,RA+RA_sus) → M16A(13:02,RA_sus+RB_fast+SLA) → M14(13:04,RA_sus+RB_fast+RC+SLA)",,,22,5,0,10,10,0,0,0,RA+RA_sus+RD,RA_sus,,RA_sus+RB_fast,RA_sus+RB_fast,8.04,2.69,2.95,2.68,2.36,27,4,9,39,19,0,100.00,6,"6ABL6011,6ABL6012,6ABL6021,6ABL6022,6ABL6031,6ABL0112",14.65,0,10.91,6.28,0,44,16,45,19,0,"hot_area=M16HUB; S3확정; 발동: M16HUB[R-A'(AVGTOTALTIME1MIN=8.04분/기준9.0),R-A_sus,R-D(FAB저장=0.0%,STB=100.0%)]; M14[R-A_sus]; M16A[R-A_sus,R-B_fast(+60/10분)]; M16B[R-A_sus,R-B_fast(+16/10분)]",10,5,0,0,0,7,0,0,0,0,5,0,0,0,0,0,0,0,0,0,0,0,0,0,0,0,0,0,5,0,5,0,0,0,0,0,0,5,0,5,0,0,0,0,0,47,0,0,0,0,2,0,0,0,0,-22,-13,-11,60,16,20,0.54,76.09,78.78,84.25,87.15,0,126,68,47,0,0,22,5,0,10,10
M16A_HUBROOM_PR.csv,2026-06-09 13:31,2026-06-09,13:31,3,3단계 ⭐확정,3,,57,관심,M16HUB,22,M16HUB,"M16HUB(12:31,RC+RD) → M16B(12:33,RA_sus+RB+RB_fast) → M16_PKT(12:38,RA+RA_sus) → M16A(13:02,RA_sus+RB_fast+SLA) → M14(13:04,RA_sus+RB_fast+RC+SLA)",,,22,10,0,10,10,0,0,0,RA+RA_sus+RD,RA_sus+SLA,,RA_sus+RB_fast,RA_sus+RB_fast,6.37,2.45,3.23,2.84,2.58,-4,-25,6,55,-3,0,100.00,8,"6ABL6011,6ABL6012,6ABL6021,6ABL6022,6ABL6031,6ABL6032,6ABL0111,6ABL0112",14.65,0,10.99,8.06,0,45,16,41,21,0,"hot_area=M16HUB; S3확정; 발동: M16HUB[R-A'(AVGTOTALTIME1MIN=6.37분/기준9.0),R-A_sus,R-D(FAB저장=0.0%,STB=100.0%)]; M14[R-A_sus,SLA(14.7%4분초과)]; M16A[R-A_sus,R-B_fast(+53/10분)]; M16B[R-A_sus,R-B_fast(+11/10분)]",10,5,0,0,0,7,0,0,0,0,5,0,0,0,0,5,0,0,0,0,0,0,0,0,0,0,0,0,5,0,5,0,0,0,0,0,0,5,0,5,0,0,0,0,0,52,0,5,0,0,2,0,0,0,0,-29,-21,-7,53,11,20,0.54,73.57,76.66,85.55,85.97,0,142,79,69,0,0,22,10,0,10,10
M16A_HUBROOM_PR.csv,2026-06-09 13:32,2026-06-09,13:32,3,3단계 ⭐확정,3,,52,관심,M16HUB,22,M16HUB,"M16HUB(12:32,RA_sus+RC+RD) → M16B(12:33,RA_sus+RB+RB_fast) → M16_PKT(12:38,RA+RA_sus) → M16A(13:02,RA_sus+RB_fast+SLA) → M14(13:04,RA_sus+RB_fast+RC+SLA)",,,22,10,0,10,5,0,0,0,RA+RA_sus+RD,RA_sus+SLA,,RA_sus+RB_fast,RA_sus,9.46,2.62,2.94,2.84,2.48,-12,-19,5,48,-9,0,100.00,7,"6ABL6011,6ABL6012,6ABL6021,6ABL6022,6ABL6031,6ABL6032,6ABL0111",15.18,0,10.60,8.54,0,39,15,39,21,0,"hot_area=M16HUB; S3확정; 발동: M16HUB[R-A'(AVGTOTALTIME1MIN=9.46분/기준9.0),R-A_sus,R-D(FAB저장=0.0%,STB=100.0%)]; M14[R-A_sus,SLA(15.2%4분초과)]; M16A[R-A_sus,R-B_fast(+43/10분)]; M16B[R-A_sus]",10,5,0,0,0,7,0,0,0,0,5,0,0,0,0,5,0,0,0,0,0,0,0,0,0,0,0,0,5,0,5,0,0,0,0,0,0,5,0,0,0,0,0,0,0,47,0,5,0,0,3,0,0,0,0,-34,-20,-4,43,2,25,0.55,72.01,79.18,86.84,83.90,0,133,69,65,0,0,22,10,0,10,5
M16A_HUBROOM_PR.csv,2026-06-09 13:33,2026-06-09,13:33,3,3단계 ⭐확정,3,,52,관심,M16HUB,22,M16HUB,"M16HUB(12:33,RC+RD) → M16B(12:33,RA_sus+RB+RB_fast) → M16_PKT(12:38,RA+RA_sus) → M16A(13:02,RA_sus+RB_fast+SLA) → M14(13:04,RA_sus+RB_fast+RC+SLA)",,,22,10,0,5,10,0,0,0,RA+RA_sus+RD,RA_sus+SLA,,RA_sus,RA_sus+RB_fast,4.49,2.35,3.01,2.49,2.51,-2,1,-3,11,4,0,100.00,7,"6ABL6011,6ABL6012,6ABL6021,6ABL6022,6ABL6031,6ABL6032,6ABL0111",14.05,0,10.68,8.89,0,41,18,34,16,0,"hot_area=M16HUB; S3확정; 발동: M16HUB[R-A'(AVGTOTALTIME1MIN=4.49분/기준9.0),R-A_sus,R-D(FAB저장=0.0%,STB=100.0%)]; M14[R-A_sus,SLA(14.1%4분초과)]; M16A[R-A_sus]; M16B[R-A_sus,R-B_fast(+12/10분)]",10,5,0,0,0,7,0,0,0,0,5,0,0,0,0,5,0,0,0,0,0,0,0,0,0,0,0,0,5,0,0,0,0,0,0,0,0,5,0,5,0,0,0,0,0,47,0,5,0,0,3,0,0,0,0,-27,-8,-10,16,12,22,0.55,81.15,81.70,87.54,81.24,0,127,75,76,0,0,22,10,0,5,10
M16A_HUBROOM_PR.csv,2026-06-09 13:34,2026-06-09,13:34,3,3단계 ⭐확정,3,,42,관심,M16HUB,22,M16HUB,"M16B(12:34,RA_sus+RB+RB_fast) → M16HUB(12:36,RA_sus+RC+RD) → M16_PKT(12:38,RA+RA_sus) → M16A(13:02,RA_sus+RB_fast+SLA) → M14(13:04,RA_sus+RB_fast+RC+SLA)",,,22,5,0,10,5,0,0,0,RA+RA_sus+RD,RA_sus,,RA_sus+RB_fast,RA_sus,7.54,2.17,2.91,2.46,2.61,-10,-12,-7,23,1,0,100.00,7,"6ABL6011,6ABL6012,6ABL6022,6ABL6032,6ABL0111,6ABL0112,6ABL0122",13.49,0,11.09,6.36,0,40,18,39,20,0,"hot_area=M16HUB; S3확정; 발동: M16HUB[R-A'(AVGTOTALTIME1MIN=7.54분/기준9.0),R-A_sus,R-D(FAB저장=0.0%,STB=100.0%)]; M14[R-A_sus]; M16A[R-A_sus,R-B_fast(+42/10분)]; M16B[R-A_sus]",10,5,0,0,0,7,0,0,0,0,5,0,0,0,0,0,0,0,0,0,0,0,0,0,0,0,0,0,5,0,5,0,0,0,0,0,0,5,0,0,0,0,0,0,0,42,0,0,0,0,3,0,0,0,0,-28,-10,-14,42,2,34,0.55,80.08,78.51,87.90,83.16,0,123,69,49,0,0,22,5,0,10,5
M16A_HUBROOM_PR.csv,2026-06-09 13:35,2026-06-09,13:35,1,1단계 조기경보,3,3→1,30,관심,M16HUB,15,M16HUB,"M16HUB(12:36,RA_sus+RC+RD) → M16_PKT(12:38,RA+RA_sus) → M16B(12:53,RA_sus+RB+RB_fast) → M16A(13:02,RA_sus+RB_fast+SLA) → M14(13:04,RA_sus+RB_fast+RC+SLA)",,,15,5,0,5,5,0,0,0,RA+RA_sus,RA_sus,,RA_sus,RA_sus,10.28,2.45,2.72,2.92,2.54,-11,-20,-9,-9,-5,0,98.82,7,"6ABL6011,6ABL6012,6ABL6031,6ABL6032,6ABL0111,6ABL0112,6ABL0122",11.96,0,11.27,9.78,0,37,16,34,14,0,"hot_area=M16HUB; S1조기경보; 발동: M16HUB[R-A'(AVGTOTALTIME1MIN=10.28분/기준9.0),R-A_sus]; M14[R-A_sus]; M16A[R-A_sus]; M16B[R-A_sus]",10,5,0,0,0,0,0,0,0,0,5,0,0,0,0,0,0,0,0,0,0,0,0,0,0,0,0,0,5,0,0,0,0,0,0,0,0,5,0,0,0,0,0,0,0,30,0,0,0,0,4,0,0,0,0,-29,-17,-12,4,-6,19,0.54,78.04,78.51,88.72,82.42,0,111,78,83,0,0,15,5,0,5,5
M16A_HUBROOM_PR.csv,2026-06-09 13:36,2026-06-09,13:36,1,1단계 조기경보,1,,30,관심,M16HUB,15,M16HUB,"M16HUB(12:36,RA_sus+RC+RD) → M16_PKT(12:38,RA+RA_sus) → M16B(12:53,RA_sus+RB+RB_fast) → M16A(13:02,RA_sus+RB_fast+SLA) → M14(13:04,RA_sus+RB_fast+RC+SLA)",,,15,5,0,5,5,0,0,0,RA+RA_sus,RA_sus,,RA_sus,RA_sus,4.51,2.68,2.78,2.63,2.99,9,-13,-4,-7,-2,0,98.22,7,"6ABL6011,6ABL6012,6ABL6021,6ABL6032,6ABL0111,6ABL0112,6ABL0122",11.94,0,11.45,10.41,0,35,14,41,17,0,"hot_area=M16HUB; S1조기경보; 발동: M16HUB[R-A'(AVGTOTALTIME1MIN=4.51분/기준9.0),R-A_sus]; M14[R-A_sus]; M16A[R-A_sus]; M16B[R-A_sus]",10,5,0,0,0,0,0,0,0,0,5,0,0,0,0,0,0,0,0,0,0,0,0,0,0,0,0,0,5,0,0,0,0,0,0,0,0,5,0,0,0,0,0,0,0,30,0,0,0,0,3,0,0,0,0,-19,-9,-10,-5,-6,2,0.55,77.65,77.98,88.72,80.95,0,98,72,79,0,0,15,5,0,5,5
M16A_HUBROOM_PR.csv,2026-06-09 13:37,2026-06-09,13:37,1,1단계 조기경보,1,,38,관심,M16HUB,23,M16HUB,"M16HUB(12:37,RC+RD) → M16_PKT(12:38,RA+RA_sus) → M16B(12:53,RA_sus+RB+RB_fast) → M16A(13:02,RA_sus+RB_fast+SLA) → M14(13:04,RA_sus+RB_fast+RC+SLA)",,,23,5,0,5,5,0,0,0,RA+RA_sus+RC,RA_sus,,RA_sus,RA_sus,9.02,2.48,2.96,2.78,2.48,1,-7,3,1,-3,0,97.04,3,"6ABL6011,6ABL6012,6ABL0111",12.16,0,12.64,9.02,0,35,14,42,17,0,"hot_area=M16HUB; S1조기경보; 발동: M16HUB[R-A'(AVGTOTALTIME1MIN=9.02분/기준9.0),R-A_sus,R-C'(역증가3개:6ABL6011,6ABL6012,6ABL0111)]; M14[R-A_sus]; M16A[R-A_sus]; M16B[R-A_sus]",10,5,0,0,8,0,0,0,0,0,5,0,0,0,0,0,0,0,0,0,0,0,0,0,0,0,0,0,5,0,0,0,0,0,0,0,0,5,0,0,0,0,0,0,0,38,0,0,0,0,4,0,0,0,0,-25,-14,1,-21,-32,-6,0.54,79.79,79.31,87.31,82.13,0,104,88,77,0,0,23,5,0,5,5
M16A_HUBROOM_PR.csv,2026-06-09 13:38,2026-06-09,13:38,1,1단계 조기경보,1,,48,관심,M16HUB,23,M16HUB,"M16HUB(12:38,RA_sus+RC+RD) → M16_PKT(12:38,RA+RA_sus) → M16B(12:53,RA_sus+RB+RB_fast) → M16A(13:02,RA_sus+RB_fast+SLA) → M14(13:04,RA_sus+RB_fast+RC+SLA)",,,23,5,0,5,10,0,0,0,RA+RA_sus+RC,RA_sus,,RA_sus,RA_sus+SLA,11.63,2.36,2.92,2.82,2.63,28,5,11,-19,1,0.59,97.04,2,"6ABL6011,6ABL0111",12.44,0,12.84,9.03,0,38,13,42,17,0,"hot_area=M16HUB; S1조기경보; 발동: M16HUB[R-A'(AVGTOTALTIME1MIN=11.63분/기준9.0),R-A_sus,R-C'(역증가2개:6ABL6011,6ABL0111)]; M14[R-A_sus]; M16A[R-A_sus]; M16B[R-A_sus,SLA(9.0%4분초과)]",10,5,0,0,8,0,0,0,0,0,5,0,0,0,0,0,0,0,0,0,0,0,0,0,0,0,0,0,5,0,0,0,0,0,0,0,0,5,0,0,0,0,5,0,0,43,0,5,0,0,5,0,0,0,0,6,-3,2,-21,-29,-8,0.57,78.91,81.43,88.72,83.31,0,111,80,68,0,0,23,5,0,5,10
M16A_HUBROOM_PR.csv,2026-06-09 13:39,2026-06-09,13:39,1,1단계 조기경보,1,,40,관심,M16HUB,15,M16HUB,"M16HUB(12:39,RC+RD) → M16_PKT(12:39,RA+RA_sus) → M16B(12:53,RA_sus+RB+RB_fast) → M16A(13:02,RA_sus+RB_fast+SLA) → M14(13:04,RA_sus+RB_fast+RC+SLA)",,,15,5,0,10,5,0,0,0,RA+RA_sus,RA_sus,,RA_sus+SLA,RA_sus,4.93,2.89,2.97,2.83,2.35,34,11,22,3,7,1.18,97.63,7,"6ABL6011,6ABL6012,6ABL6021,6ABL6031,6ABL6032,6ABL0111,6ABL0122",11.45,0,13.19,9.22,0,36,14,43,17,0,"hot_area=M16HUB; S1조기경보; 발동: M16HUB[R-A'(AVGTOTALTIME1MIN=4.93분/기준9.0),R-A_sus]; M14[R-A_sus]; M16A[R-A_sus,SLA(13.2%4분초과)]; M16B[R-A_sus]",10,5,0,0,0,0,0,0,0,0,5,0,0,0,0,0,0,0,0,0,0,0,0,0,0,0,0,0,5,0,0,0,0,5,0,0,0,5,0,0,0,0,0,0,0,35,0,5,0,0,4,0,0,0,0,9,1,13,-18,-26,9,0.60,80.76,82.63,88.95,82.57,0,109,89,77,0,0,15,5,0,10,5
M16A_HUBROOM_PR.csv,2026-06-09 13:40,2026-06-09,13:40,1,1단계 조기경보,1,,30,관심,M16HUB,15,M16HUB,"M16HUB(12:40,RC+RD) → M16_PKT(12:40,RA+RA_sus) → M16B(12:53,RA_sus+RB+RB_fast) → M16A(13:02,RA_sus+RB_fast+SLA) → M14(13:04,RA_sus+RB_fast+RC+SLA)",,,15,5,0,5,5,0,0,0,RA+RA_sus,RA_sus,,RA_sus,RA_sus,6.79,2.47,3.16,2.82,2.30,49,24,24,-5,4,0,98.82,5,"6ABL6011,6ABL6012,6ABL6021,6ABL6032,6ABL0111",11.22,0,12.91,7.12,0,40,18,43,16,0,"hot_area=M16HUB; S1조기경보; 발동: M16HUB[R-A'(AVGTOTALTIME1MIN=6.79분/기준9.0),R-A_sus]; M14[R-A_sus]; M16A[R-A_sus]; M16B[R-A_sus]",10,5,0,0,0,0,0,0,0,0,5,0,0,0,0,0,0,0,0,0,0,0,0,0,0,0,0,0,5,0,0,0,0,0,0,0,0,5,0,0,0,0,0,0,0,30,0,0,0,0,4,0,0,0,0,21,13,15,-33,-21,10,0.59,80.66,80.77,89.42,80.95,0,111,79,53,0,0,15,5,0,5,5
M16A_HUBROOM_PR.csv,2026-06-09 13:41,2026-06-09,13:41,3,3단계 ⭐확정,1,1→3,62,관심,M16HUB,27,M16HUB,"M16HUB(12:41,RC+RD) → M16_PKT(12:41,RA+RA_sus) → M16B(12:53,RA_sus+RB+RB_fast) → M16A(13:02,RA_sus+RB_fast+SLA) → M14(13:04,RA_sus+RB_fast+RC+SLA)",,,27,5,0,10,5,10,0,0,RA+RA_sus+RB_fast+RD,RA_sus,,RA_sus+SLA,RA_sus,6.26,2.36,2.96,2.87,2.58,61,28,27,11,9,0,99.41,6,"6ABL6011,6ABL6012,6ABL6021,6ABL6022,6ABL6032,6ABL0122",11.47,0,13.38,9.79,0,36,15,38,14,0,"hot_area=M16HUB; S3확정; 발동: M16HUB[R-A'(AVGTOTALTIME1MIN=6.26분/기준9.0),R-A_sus,R-B_fast(+38/10분),R-D(FAB저장=0.0%,STB=99.4%)]; M14[R-A_sus]; M16A[R-A_sus,SLA(13.4%4분초과)]; M16B[R-A_sus]; M16[R-B(SENDQUEUETOTAL+35/30분/기준+20)]",10,5,0,5,0,7,0,0,0,0,5,0,0,0,0,0,0,0,0,0,0,0,0,0,0,0,0,0,5,0,0,0,0,5,0,0,0,5,0,0,0,0,0,0,0,57,0,5,0,0,4,0,0,0,0,38,21,15,-46,-15,2,0.57,78.04,80.64,88.72,82.72,0,102,95,84,0,0,27,5,0,10,5
M16A_HUBROOM_PR.csv,2026-06-09 13:42,2026-06-09,13:42,3,3단계 ⭐확정,3,,52,관심,M16HUB,27,M16HUB,"M16HUB(12:42,RC+RD) → M16_PKT(12:42,RA+RA_sus) → M16B(12:53,RA_sus+RB+RB_fast) → M16A(13:02,RA_sus+RB_fast+SLA) → M14(13:04,RA_sus+RB_fast+RC+SLA)",,,27,5,0,10,5,0,0,0,RA+RA_sus+RB_fast+RD,RA_sus,,RA_sus+SLA,RA_sus,11.82,2.47,2.95,2.78,2.65,73,27,28,37,4,0,99.41,6,"6ABL6011,6ABL6012,6ABL6022,6ABL6031,6ABL6032,6ABL0111",12.10,0,14.31,9.90,0,34,12,39,16,0,"hot_area=M16HUB; S3확정; 발동: M16HUB[R-A'(AVGTOTALTIME1MIN=11.82분/기준9.0),R-A_sus,R-B_fast(+49/10분),R-D(FAB저장=0.0%,STB=99.4%)]; M14[R-A_sus]; M16A[R-A_sus,SLA(14.3%4분초과)]; M16B[R-A_sus]",10,5,0,5,0,7,0,0,0,0,5,0,0,0,0,0,0,0,0,0,0,0,0,0,0,0,0,0,5,0,0,0,0,5,0,0,0,5,0,0,0,0,0,0,0,47,0,5,0,0,4,0,0,0,0,49,19,17,-25,-8,7,0.60,75.80,83.95,90.36,85.08,0,113,92,77,0,0,27,5,0,10,5
M16A_HUBROOM_PR.csv,2026-06-09 13:43,2026-06-09,13:43,3,3단계 ⭐확정,3,,57,관심,M16HUB,22,M16HUB,"M16HUB(12:43,RC+RD) → M16B(12:53,RA_sus+RB+RB_fast) → M16A(13:02,RA_sus+RB_fast+SLA) → M14(13:04,RA_sus+RB_fast+RC+SLA) → M16_PKT(13:07,RA+RA_sus)",,,22,5,0,10,5,10,0,0,RA+RA_sus+RD,RA_sus,,RA_sus+SLA,RA_sus,5.40,2.38,2.90,2.96,2.31,44,21,15,69,-8,0,99.41,4,"6ABL6012,6ABL6022,6ABL6032,6ABL0122",12.41,0,14.25,9.39,0,35,15,37,18,0,"hot_area=M16HUB; S3확정; 발동: M16HUB[R-A'(AVGTOTALTIME1MIN=5.40분/기준9.0),R-A_sus,R-D(FAB저장=0.0%,STB=99.4%)]; M14[R-A_sus]; M16A[R-A_sus,SLA(14.2%4분초과)]; M16B[R-A_sus]; M16[R-B(SENDQUEUETOTAL+31/30분/기준+20)]",10,5,0,0,0,7,0,0,0,0,5,0,0,0,0,0,0,0,0,0,0,0,0,0,0,0,0,0,5,0,0,0,0,5,0,0,0,5,0,0,0,0,0,0,0,52,0,5,0,0,4,0,0,0,0,25,4,16,19,-11,7,0.59,78.13,86.74,91.19,85.97,0,122,101,80,0,0,22,5,0,10,5
M16A_HUBROOM_PR.csv,2026-06-09 13:44,2026-06-09,13:44,3,3단계 ⭐확정,3,,67,경계,M16HUB,22,M16HUB;M16A,"M16HUB(12:44,RC+RD) → M16B(12:53,RA_sus+RB+RB_fast) → M16A(13:02,RA_sus+RB_fast+SLA) → M14(13:04,RA_sus+RB_fast+RC+SLA) → M16_PKT(13:07,RA+RA_sus)",,,22,5,0,20,10,0,0,0,RA+RA_sus+RD,RA_sus,,RA_sus+RB+SLA,RA_sus+SLA,8.79,2.48,2.98,2.78,2.84,33,23,7,87,-13,0.59,99.41,6,"6ABL6011,6ABL6012,6ABL6021,6ABL6032,6ABL0112,6ABL0122",12.47,0,14.75,9.59,0,39,17,37,15,0,"hot_area=M16HUB; S3확정; 발동: M16HUB[R-A'(AVGTOTALTIME1MIN=8.79분/기준9.0),R-A_sus,R-D(FAB저장=0.6%,STB=99.4%)]; M14[R-A_sus]; M16A[R-A_sus,R-B(6F_TO_HUB_JOB+87/30분/기준+80),SLA(14.8%4분초과)]; M16B[R-A_sus,SLA(9.6%4분초과)]",10,5,0,0,0,7,0,0,0,0,5,0,0,0,0,0,0,0,0,0,0,0,0,0,0,0,0,0,5,10,0,0,0,5,0,0,0,5,0,0,0,0,5,0,0,57,0,10,0,0,4,0,0,0,0,25,9,20,15,-6,4,0.61,80.66,85.15,90.72,84.93,0,111,95,74,0,0,22,5,0,20,10
M16A_HUBROOM_PR.csv,2026-06-09 13:45,2026-06-09,13:45,3,3단계 ⭐확정,3,,87,주의,M16A,25,M16HUB;M16A,"M16HUB(12:45,RC+RD) → M16B(12:53,RA_sus+RB+RB_fast) → M16A(13:02,RA_sus+RB_fast+SLA) → M14(13:04,RA_sus+RB_fast+RC+SLA) → M16_PKT(13:07,RA+RA_sus)",,,22,10,0,25,5,10,0,5,RA+RA_sus+RD,RA_sus+SLA,,RA_sus+RB+RB_fast+SLA,RA_sus,9.97,2.59,3.37,2.73,2.84,26,17,3,86,-12,0.59,99.41,5,"6ABL6011,6ABL6012,6ABL6031,6ABL0112,6ABL0122",13.27,0,14.19,8.94,0,43,17,33,14,0,"hot_area=M16A; S3확정; 발동: M16HUB[R-A'(AVGTOTALTIME1MIN=9.97분/기준9.0),R-A_sus,R-D(FAB저장=0.6%,STB=99.4%)]; M14[R-A_sus,SLA(13.3%4분초과)]; M16A[R-A_sus,R-B(6F_TO_HUB_JOB+86/30분/기준+80),R-B_fast(+40/10분),SLA(14.2%4분초과)]; M16B[R-A_sus]; M16[R-B(SENDQUEUETOTAL+29/30분/기준+20)]; M16_WT[R-A_sus]",10,5,0,0,0,7,0,0,0,0,5,0,0,0,0,5,0,0,0,0,0,0,0,0,0,0,0,0,5,10,5,0,0,5,0,0,0,5,0,0,0,0,0,0,0,77,0,10,0,0,4,0,0,0,0,28,16,22,40,5,11,0.59,80.95,85.81,87.78,81.98,0,131,103,78,0,0,22,10,0,25,5
M16A_HUBROOM_PR.csv,2026-06-09 13:46,2026-06-09,13:46,3,3단계 ⭐확정,3,,87,주의,M16A,25,M16HUB;M16A,"M16HUB(12:46,RC+RD) → M16B(12:53,RA_sus+RB+RB_fast) → M16A(13:02,RA_sus+RB_fast+SLA) → M14(13:04,RA_sus+RB_fast+RC+SLA) → M16_PKT(13:07,RA+RA_sus)",,,22,10,0,25,10,5,0,5,RA+RA_sus+RD,RA_sus+SLA,,RA_sus+RB+RB_fast+SLA,RA_sus+RB_fast,4.64,2.72,2.98,2.80,2.71,-4,11,-1,100,-7,0.59,99.41,4,"6ABL6031,6ABL0111,6ABL0112,6ABL0122",13.66,0,14.59,9.26,0,43,19,37,17,0,"hot_area=M16A; S3확정; 발동: M16HUB[R-A'(AVGTOTALTIME1MIN=4.64분/기준9.0),R-A_sus,R-D(FAB저장=0.6%,STB=99.4%)]; M14[R-A_sus,SLA(13.7%4분초과)]; M16A[R-A_sus,R-B(6F_TO_HUB_JOB+100/30분/기준+80),R-B_fast(+53/10분),SLA(14.6%4분초과)]; M16B[R-A_sus,R-B_fast(+11/10분)]; M16[R-B_fast(+12/10분)]; M16_WT[R-A_sus]",10,5,0,0,0,7,0,0,0,0,5,0,0,0,0,5,0,0,0,0,0,0,0,0,0,0,0,0,5,10,5,0,0,5,0,0,0,5,0,5,0,0,0,0,0,77,0,10,0,0,4,0,0,0,0,3,6,18,53,11,6,0.61,80.08,87.40,88.95,77.40,0,121,95,73,0,0,22,10,0,25,10
M16A_HUBROOM_PR.csv,2026-06-09 13:47,2026-06-09,13:47,3,3단계 ⭐확정,3,,72,경계,M16HUB,22,M16HUB;M16A,"M16HUB(12:47,RC+RD) → M16B(12:53,RA_sus+RB+RB_fast) → M16A(13:02,RA_sus+RB_fast+SLA) → M14(13:04,RA_sus+RB_fast+RC+SLA) → M16_PKT(13:07,RA+RA_sus)",,,22,5,0,15,10,5,5,5,RA+RA_sus+RD,RA_sus,,RA_sus+RB_fast+SLA,RA_sus+RB_fast,10.20,2.58,3.21,2.86,2.50,-35,-23,-5,75,-13,0.59,99.41,5,"6ABL6011,6ABL6031,6ABL0111,6ABL0112,6ABL0122",12.51,0,14.03,10.34,0,42,18,38,13,0,"hot_area=M16HUB; S3확정; 발동: M16HUB[R-A'(AVGTOTALTIME1MIN=10.20분/기준9.0),R-A_sus,R-D(FAB저장=0.6%,STB=99.4%)]; M14[R-A_sus]; M16A[R-A_sus,R-B_fast(+41/10분),SLA(14.0%4분초과)]; M16B[R-A_sus,R-B_fast(+12/10분)]; M16[R-B_fast(+48/10분)]; M16_PKT[R-A_sus]; M16_WT[R-A_sus]",10,5,0,0,0,7,0,0,0,0,5,0,0,0,0,0,0,0,0,0,0,0,0,0,0,0,0,0,5,0,5,0,0,5,0,0,0,5,0,5,0,0,0,0,0,67,0,5,0,0,4,0,0,0,0,7,-1,9,41,12,10,0.61,79.01,88.06,90.01,79.76,0,115,100,89,0,0,22,5,0,15,10
M16A_HUBROOM_PR.csv,2026-06-09 13:48,2026-06-09,13:48,3,3단계 ⭐확정,3,,62,관심,M16HUB,22,M16HUB;M16A,"M16HUB(12:48,RB_fast+RC+RD) → M16B(12:53,RA_sus+RB+RB_fast) → M16A(13:02,RA_sus+RB_fast+SLA) → M14(13:04,RA_sus+RB_fast+RC+SLA) → M16_PKT(13:07,RA+RA_sus)",,,22,5,0,15,10,0,5,0,RA+RA_sus+RD,RA_sus,,RA_sus+RB_fast+SLA,RA_sus+RB_fast,9.53,2.41,2.90,2.90,2.73,-37,-25,-8,61,13,0,99.41,6,"6ABL6011,6ABL6021,6ABL6031,6ABL0111,6ABL0121,6ABL0122",12.34,0,13.95,10.80,0,43,15,42,17,0,"hot_area=M16HUB; S3확정; 발동: M16HUB[R-A'(AVGTOTALTIME1MIN=9.53분/기준9.0),R-A_sus,R-D(FAB저장=0.0%,STB=99.4%)]; M14[R-A_sus]; M16A[R-A_sus,R-B_fast(+26/10분),SLA(13.9%4분초과)]; M16B[R-A_sus,R-B_fast(+28/10분)]; M16_PKT[R-A_sus]",10,5,0,0,0,7,0,0,0,0,5,0,0,0,0,0,0,0,0,0,0,0,0,0,0,0,0,0,5,0,5,0,0,5,0,0,0,5,0,5,0,0,0,0,0,57,0,5,0,0,4,0,0,0,0,-15,-8,0,26,28,17,0.59,79.79,85.28,88.01,79.91,0,114,90,84,0,0,22,5,0,15,10
M16A_HUBROOM_PR.csv,2026-06-09 13:49,2026-06-09,13:49,3,3단계 ⭐확정,3,,57,관심,M16HUB,22,M16HUB,"M16HUB(12:49,RB_fast+RC+RD) → M16B(12:53,RA_sus+RB+RB_fast) → M16A(13:02,RA_sus+RB_fast+SLA) → M14(13:04,RA_sus+RB_fast+RC+SLA) → M16_PKT(13:07,RA+RA_sus)",,,22,5,0,10,10,5,0,0,RA+RA_sus+RD,RA_sus,,RA_sus+SLA,RA_sus+RB_fast,4.40,2.48,3.00,2.73,2.43,-49,-24,-16,53,6,0,99.41,6,"6ABL6011,6ABL6031,6ABL6032,6ABL0112,6ABL0121,6ABL0122",12.55,0,13.23,9.66,0,40,15,40,17,0,"hot_area=M16HUB; S3확정; 발동: M16HUB[R-A'(AVGTOTALTIME1MIN=4.40분/기준9.0),R-A_sus,R-D(FAB저장=0.0%,STB=99.4%)]; M14[R-A_sus]; M16A[R-A_sus,SLA(13.2%4분초과)]; M16B[R-A_sus,R-B_fast(+18/10분)]; M16[R-B_fast(+44/10분)]",10,5,0,0,0,7,0,0,0,0,5,0,0,0,0,0,0,0,0,0,0,0,0,0,0,0,0,0,5,0,0,0,0,5,0,0,0,5,0,5,0,0,0,0,0,52,0,5,0,0,4,0,0,0,0,-34,-14,-17,16,18,15,0.57,76.68,82.89,91.54,80.06,0,117,95,80,0,0,22,5,0,10,10
M16A_HUBROOM_PR.csv,2026-06-09 13:50,2026-06-09,13:50,3,3단계 ⭐확정,3,,52,관심,M16HUB,22,M16HUB,"M16HUB(12:50,RA_sus+RB_fast+RC+RD) → M16B(12:53,RA_sus+RB+RB_fast) → M16A(13:02,RA_sus+RB_fast+SLA) → M14(13:04,RA_sus+RB_fast+RC+SLA) → M16_PKT(13:07,RA+RA_sus)",,,22,5,0,10,10,0,0,0,RA+RA_sus+RD,RA_sus,,RA_sus+SLA,RA_sus+RB_fast,12.89,2.29,3.05,2.71,2.37,-46,-21,-18,41,6,0,99.41,2,"6ABL6032,6ABL0122",12.85,0,13.43,8.99,0,35,13,37,16,0,"hot_area=M16HUB; S3확정; 발동: M16HUB[R-A'(AVGTOTALTIME1MIN=12.89분/기준9.0),R-A_sus,R-D(FAB저장=0.0%,STB=99.4%)]; M14[R-A_sus]; M16A[R-A_sus,SLA(13.4%4분초과)]; M16B[R-A_sus,R-B_fast(+11/10분)]",10,5,0,0,0,7,0,0,0,0,5,0,0,0,0,0,0,0,0,0,0,0,0,0,0,0,0,0,5,0,0,0,0,5,0,0,0,5,0,5,0,0,0,0,0,47,0,5,0,0,5,0,0,0,0,-45,-21,-22,14,11,5,0.59,77.36,81.83,90.95,79.91,0,124,85,67,0,0,22,5,0,10,10
M16A_HUBROOM_PR.csv,2026-06-09 13:51,2026-06-09,13:51,1,1단계 조기경보,3,3→1,57,관심,M16HUB,22,M16HUB,"M16HUB(12:51,RA_sus+RC+RD) → M16B(12:53,RA_sus+RB+RB_fast) → M16A(13:02,RA_sus+RB_fast+SLA) → M14(13:04,RA_sus+RB_fast+RC+SLA) → M16_PKT(13:07,RA+RA_sus)",,,22,5,0,10,10,0,0,0,RA+RA_sus+RD,RA_sus,,RA_sus+SLA,RA_sus+SLA,8.12,2.56,2.92,3.01,2.65,-49,-18,-22,13,-5,0,100.00,5,"6ABL6021,6ABL6031,6ABL0112,6ABL0121,6ABL0122",13.03,0,13.19,12.60,0,40,13,36,13,0,"hot_area=M16HUB; S1조기경보; 발동: M16HUB[R-A'(AVGTOTALTIME1MIN=8.12분/기준9.0),R-A_sus,R-D(FAB저장=0.0%,STB=100.0%)]; M14[R-A_sus]; M16A[R-A_sus,SLA(13.2%4분초과)]; M16B[R-A_sus,SLA(12.6%4분초과)]",10,5,0,0,0,7,0,0,0,0,5,0,0,0,0,0,0,0,0,0,0,0,0,0,0,0,0,0,5,0,0,0,0,5,0,0,0,5,0,0,0,0,5,0,0,47,0,10,0,0,5,0,0,0,0,-58,-18,-30,6,-1,5,0.63,77.75,79.58,92.60,77.99,0,113,98,109,0,0,22,5,0,10,10
M16A_HUBROOM_PR.csv,2026-06-09 13:52,2026-06-09,13:52,1,1단계 조기경보,1,,57,관심,M16HUB,22,M16HUB,"M16HUB(12:52,RC+RD) → M16B(12:53,RA_sus+RB+RB_fast) → M16A(13:02,RA_sus+RB_fast+SLA) → M14(13:04,RA_sus+RB_fast+RC+SLA) → M16_PKT(13:07,RA+RA_sus)",,,22,5,0,10,10,0,0,0,RA+RA_sus+RD,RA_sus,,RA_sus+SLA,RA_sus+SLA,4.21,2.57,3.12,2.92,2.97,-29,-28,-16,6,-7,0,100.00,5,"6ABL6021,6ABL6032,6ABL0112,6ABL0121,6ABL0122",12.24,0,13.50,12.84,0,36,15,33,13,0,"hot_area=M16HUB; S1조기경보; 발동: M16HUB[R-A'(AVGTOTALTIME1MIN=4.21분/기준9.0),R-A_sus,R-D(FAB저장=0.0%,STB=100.0%)]; M14[R-A_sus]; M16A[R-A_sus,SLA(13.5%4분초과)]; M16B[R-A_sus,SLA(12.8%4분초과)]",10,5,0,0,0,7,0,0,0,0,5,0,0,0,0,0,0,0,0,0,0,0,0,0,0,0,0,0,5,0,0,0,0,5,0,0,0,5,0,0,0,0,5,0,0,47,0,10,0,0,4,0,0,0,0,-44,-27,-29,-12,-1,16,0.63,75.51,82.63,93.42,73.86,0,108,91,100,0,0,22,5,0,10,10
M16A_HUBROOM_PR.csv,2026-06-09 13:53,2026-06-09,13:53,1,1단계 조기경보,1,,52,관심,M16HUB,22,M16HUB,"M16HUB(12:53,RA_sus+RC+RD) → M16B(12:53,RA_sus+RB+RB_fast) → M16A(13:02,RA_sus+RB_fast+SLA) → M14(13:04,RA_sus+RB_fast+RC+SLA) → M16_PKT(13:07,RA+RA_sus)",,,22,5,0,10,5,0,0,5,RA+RA_sus+RD,RA_sus,,RA_sus+SLA,RA_sus,11.03,2.32,2.79,2.92,2.38,-41,-22,-5,9,-17,0,100.00,5,"6ABL6012,6ABL6022,6ABL0112,6ABL0121,6ABL0122",12.61,0,13.73,10.11,0,33,13,30,11,0,"hot_area=M16HUB; S1조기경보; 발동: M16HUB[R-A'(AVGTOTALTIME1MIN=11.03분/기준9.0),R-A_sus,R-D(FAB저장=0.0%,STB=100.0%)]; M14[R-A_sus]; M16A[R-A_sus,SLA(13.7%4분초과)]; M16B[R-A_sus]; M16_WT[R-A_sus]",10,5,0,0,0,7,0,0,0,0,5,0,0,0,0,0,0,0,0,0,0,0,0,0,0,0,0,0,5,0,0,0,0,5,0,0,0,5,0,0,0,0,0,0,0,47,0,5,0,0,5,0,0,0,0,-39,-18,-11,-26,-18,13,0.58,78.04,80.24,90.95,79.32,0,114,102,84,0,0,22,5,0,10,5
M16A_HUBROOM_PR.csv,2026-06-09 13:54,2026-06-09,13:54,3,3단계 ⭐확정,1,1→3,67,경계,M16HUB,22,M16HUB,"M16HUB(12:55,RC+RD) → M16B(12:55,RA_sus+RB+RB_fast) → M16A(13:02,RA_sus+RB_fast+SLA) → M14(13:04,RA_sus+RB_fast+RC+SLA) → M16_PKT(13:07,RA+RA_sus)",M16A_2F_TO_HUB=2.2x(위험),,22,5,0,10,5,0,0,5,RA+RA_sus+RD,RA_sus,,RA_sus+SLA,RA_sus,7.63,2.49,3.06,3.11,2.66,-34,-16,4,10,-23,0,100.00,3,"6ABL6022,6ABL0121,6ABL0122",11.49,0,14.33,10.27,0,34,14,34,17,0,"hot_area=M16HUB; S3확정; 발동: M16HUB[R-A'(AVGTOTALTIME1MIN=7.63분/기준9.0),R-A_sus,R-D(FAB저장=0.0%,STB=100.0%)]; M14[R-A_sus]; M16A[R-A_sus,SLA(14.3%4분초과)]; M16B[R-A_sus]; M16_WT[R-A_sus]; 흐름:M16A_2F_TO_HUB=2.2x(위험)",10,5,0,0,0,7,0,0,0,0,5,0,0,0,0,0,0,0,0,0,0,0,0,0,0,0,0,0,5,0,0,0,0,5,0,0,0,5,0,0,0,0,0,0,0,47,15,5,0,0,5,0,0,0,0,-31,-15,-2,-47,-19,1,0.58,76.58,80.11,91.66,80.06,0,109,95,75,0,0,22,5,0,10,5
M16A_HUBROOM_PR.csv,2026-06-09 13:55,2026-06-09,13:55,3,3단계 ⭐확정,3,,75,경계,M16HUB,30,M16HUB,"M16HUB(12:55,RC+RD) → M16B(12:55,RA_sus+RB+RB_fast) → M16A(13:02,RA_sus+RB_fast+SLA) → M14(13:04,RA_sus+RB_fast+RC+SLA) → M16_PKT(13:07,RA+RA_sus)",M16A_2F_TO_HUB=2.2x(위험),,30,5,0,10,5,0,0,5,RA+RA_sus+RC+RD,RA_sus,,RA_sus+SLA,RA_sus,4.17,2.42,2.88,2.84,2.13,-18,-8,4,-1,-18,0,99.41,4,"6ABL6031,6ABL6032,6ABL0121,6ABL0122",11.32,0,13.97,10.67,0,40,16,35,18,0,"hot_area=M16HUB; S3확정; 발동: M16HUB[R-A'(AVGTOTALTIME1MIN=4.17분/기준9.0),R-A_sus,R-C'(역증가4개:6ABL6031,6ABL6032,6ABL0121,6ABL0122),R-D(FAB저장=0.0%,STB=99.4%)]; M14[R-A_sus]; M16A[R-A_sus,SLA(14.0%4분초과)]; M16B[R-A_sus]; M16_WT[R-A_sus]; 흐름:M16A_2F_TO_HUB=2.2x(위험)",10,5,0,0,8,7,0,0,0,0,5,0,0,0,0,0,0,0,0,0,0,0,0,0,0,0,0,0,5,0,0,0,0,5,0,0,0,5,0,0,0,0,0,0,0,55,15,5,0,0,4,0,0,0,0,-17,-7,-6,-45,-17,-6,0.60,79.11,80.37,92.71,81.09,0,97,108,89,0,0,30,5,0,10,5
M16A_HUBROOM_PR.csv,2026-06-09 13:56,2026-06-09,13:56,3,3단계 ⭐확정,3,,67,경계,M16HUB,22,M16HUB,"M16HUB(12:56,RC+RD) → M16B(12:58,RA_sus+RB_fast+SLA) → M16A(13:02,RA_sus+RB_fast+SLA) → M14(13:04,RA_sus+RB_fast+RC+SLA) → M16_PKT(13:07,RA+RA_sus)",M16A_2F_TO_HUB=2.2x(위험),,22,5,0,10,5,0,0,5,RA+RA_sus+RD,RA_sus,,RA_sus+SLA,RA_sus,9.71,2.64,2.95,2.66,2.73,-18,1,3,-3,-12,0,99.41,4,"6ABL6021,6ABL6032,6ABL0121,6ABL0122",11.93,0,14.14,10.96,0,39,19,27,12,0,"hot_area=M16HUB; S3확정; 발동: M16HUB[R-A'(AVGTOTALTIME1MIN=9.71분/기준9.0),R-A_sus,R-D(FAB저장=0.0%,STB=99.4%)]; M14[R-A_sus]; M16A[R-A_sus,SLA(14.1%4분초과)]; M16B[R-A_sus]; M16_WT[R-A_sus]; 흐름:M16A_2F_TO_HUB=2.2x(위험)",10,5,0,0,0,7,0,0,0,0,5,0,0,0,0,0,0,0,0,0,0,0,0,0,0,0,0,0,5,0,0,0,0,5,0,0,0,5,0,0,0,0,0,0,0,47,15,5,0,0,5,0,0,0,0,-2,4,-5,-51,-17,0,0.58,78.43,78.51,89.54,78.73,0,116,99,82,0,0,22,5,0,10,5
M16A_HUBROOM_PR.csv,2026-06-09 13:57,2026-06-09,13:57,3,3단계 ⭐확정,3,,90,주의,M16HUB,30,M16HUB,"M16HUB(12:57,RC+RD) → M16B(12:58,RA_sus+RB_fast+SLA) → M16A(13:02,RA_sus+RB_fast+SLA) → M14(13:04,RA_sus+RB_fast+RC+SLA) → M16_PKT(13:07,RA+RA_sus)",M16A_2F_TO_HUB=2.1x(위험);M16B_10F_TO_HUB=1.5x(주의),,30,10,0,10,10,0,0,5,RA+RA_sus+RC+RD,RA_sus+RB_fast,,RA_sus+SLA,RA_sus+RB_fast,7.68,2.39,3.11,2.74,2.46,11,11,12,-28,-10,0.59,99.41,4,"6ABL6012,6ABL6021,6ABL6031,6ABL6032",11.68,0,14.36,10.34,0,36,16,37,12,0,"hot_area=M16HUB; S3확정; 발동: M16HUB[R-A'(AVGTOTALTIME1MIN=7.68분/기준9.0),R-A_sus,R-C'(역증가4개:6ABL6012,6ABL6021,6ABL6031,6ABL6032),R-D(FAB저장=0.6%,STB=99.4%)]; M14[R-A_sus,R-B_fast(+26/10분)]; M16A[R-A_sus,SLA(14.4%4분초과)]; M16B[R-A_sus,R-B_fast(+10/10분)]; M16_WT[R-A_sus]; 흐름:M16A_2F_TO_HUB=2.1x(위험);M16B_10F_TO_HUB=1.5x(주의)",10,5,0,0,8,7,0,0,0,0,5,0,5,0,0,0,0,0,0,0,0,0,0,0,0,0,0,0,5,0,0,0,0,5,0,0,0,5,0,5,0,0,0,0,0,65,20,5,0,0,4,0,0,0,0,29,26,2,-48,10,-1,0.56,82.90,81.43,89.07,80.65,0,103,109,83,0,0,30,10,0,10,10
M16A_HUBROOM_PR.csv,2026-06-09 13:58,2026-06-09,13:58,3,3단계 ⭐확정,3,,70,경계,M16HUB,35,M16HUB,"M16B(12:58,RA_sus+RB_fast+SLA) → M16HUB(13:02,RC+RD) → M16A(13:02,RA_sus+RB_fast+SLA) → M14(13:04,RA_sus+RB_fast+RC+SLA) → M16_PKT(13:07,RA+RA_sus)",M16A_2F_TO_HUB=1.5x(주의),,35,10,0,10,5,0,0,0,RA+RA_sus+RB_fast+RC+RD,RA_sus+RB_fast,,RA_sus+SLA,RA_sus,8.41,2.66,2.81,2.76,2.56,25,16,8,-26,-10,0.59,99.41,5,"6ABL6022,6ABL6031,6ABL6032,6ABL0121,6ABL0122",12.31,0,14.56,8.39,0,32,13,27,12,0,"hot_area=M16HUB; S3확정; 발동: M16HUB[R-A'(AVGTOTALTIME1MIN=8.41분/기준9.0),R-A_sus,R-B_fast(+34/10분),R-C'(역증가5개:6ABL6022,6ABL6031,6ABL6032,6ABL0121,6ABL0122),R-D(FAB저장=0.6%,STB=99.4%)]; M14[R-A_sus,R-B_fast(+27/10분)]; M16A[R-A_sus,SLA(14.6%4분초과)]; M16B[R-A_sus]; 흐름:M16A_2F_TO_HUB=1.5x(주의)",10,5,0,5,8,7,0,0,0,0,5,0,5,0,0,0,0,0,0,0,0,0,0,0,0,0,0,0,5,0,0,0,0,5,0,0,0,5,0,0,0,0,0,0,0,60,5,5,0,0,3,0,0,0,0,34,27,6,-31,-9,-6,0.55,82.99,85.15,85.31,79.03,0,115,98,60,0,0,35,10,0,10,5
M16A_HUBROOM_PR.csv,2026-06-09 13:59,2026-06-09,13:59,3,3단계 ⭐확정,3,,65,경계,M16HUB,35,M16HUB,"M16HUB(13:02,RC+RD) → M16A(13:02,RA_sus+RB_fast+SLA) → M16B(13:02,RA_sus+RB_fast+SLA) → M14(13:04,RA_sus+RB_fast+RC+SLA) → M16_PKT(13:07,RA+RA_sus)",,,35,10,0,10,5,0,0,0,RA+RA_sus+RB_fast+RC+RD,RA_sus+RB_fast,,RA_sus+SLA,RA_sus,7.09,2.33,2.84,2.82,2.47,18,21,3,-20,-5,0.59,99.41,2,"6ABL6022,6ABL0121",12.25,0,13.82,10.54,0,34,12,38,16,0,"hot_area=M16HUB; S3확정; 발동: M16HUB[R-A'(AVGTOTALTIME1MIN=7.09분/기준9.0),R-A_sus,R-B_fast(+43/10분),R-C'(역증가2개:6ABL6022,6ABL0121),R-D(FAB저장=0.6%,STB=99.4%)]; M14[R-A_sus,R-B_fast(+34/10분)]; M16A[R-A_sus,SLA(13.8%4분초과)]; M16B[R-A_sus]",10,5,0,5,8,7,0,0,0,0,5,0,5,0,0,0,0,0,0,0,0,0,0,0,0,0,0,0,5,0,0,0,0,5,0,0,0,5,0,0,0,0,0,0,0,60,0,5,0,0,3,0,0,0,0,43,34,7,-18,3,-18,0.55,82.12,80.90,85.31,80.06,0,117,102,82,0,0,35,10,0,10,5
M16A_HUBROOM_PR.csv,2026-06-09 14:00,2026-06-09,14:00,3,3단계 ⭐확정,3,,65,경계,M16HUB,35,M16HUB,"M16HUB(13:02,RC+RD) → M16A(13:02,RA_sus+RB_fast+SLA) → M16B(13:02,RA_sus+RB_fast+SLA) → M14(13:04,RA_sus+RB_fast+RC+SLA) → M16_PKT(13:07,RA+RA_sus)",,,35,10,0,10,5,0,0,0,RA+RA_sus+RB_fast+RC+RD,RA_sus+RB_fast,,RA_sus+SLA,RA_sus,8.89,2.35,2.96,2.65,2.37,19,24,3,-23,-4,0.59,99.41,3,"6ABL6022,6ABL6032,6ABL0122",11.55,0,14.05,8.82,0,31,10,28,12,0,"hot_area=M16HUB; S3확정; 발동: M16HUB[R-A'(AVGTOTALTIME1MIN=8.89분/기준9.0),R-A_sus,R-B_fast(+43/10분),R-C'(역증가3개:6ABL6022,6ABL6032,6ABL0122),R-D(FAB저장=0.6%,STB=99.4%)]; M14[R-A_sus,R-B_fast(+32/10분)]; M16A[R-A_sus,SLA(14.1%4분초과)]; M16B[R-A_sus]",10,5,0,5,8,7,0,0,0,0,5,0,5,0,0,0,0,0,0,0,0,0,0,0,0,0,0,0,5,0,0,0,0,5,0,0,0,5,0,0,0,0,0,0,0,60,0,5,0,0,2,0,0,0,0,43,32,10,-4,6,-18,0.57,78.23,80.24,85.78,81.09,0,114,93,62,0,0,35,10,0,10,5
M16A_HUBROOM_PR.csv,2026-06-09 14:01,2026-06-09,14:01,2,2단계 주의보,3,3→2,40,관심,M16HUB,20,M16HUB,"M16HUB(13:02,RC+RD) → M16A(13:02,RA_sus+RB_fast+SLA) → M16B(13:02,RA_sus+RB_fast+SLA) → M14(13:04,RA_sus+RB_fast+RC+SLA) → M16_PKT(13:07,RA+RA_sus)",,,20,5,0,5,5,5,0,0,RA+RA_sus+RB_fast,RA_sus,,RA_sus,RA_sus,8.89,2.35,2.96,2.65,2.37,18,0,0,0,0,0,0,1,6ABL6022,0,0,0,0,0,0,0,0,0,0,"hot_area=M16HUB; S2주의보; 발동: M16HUB[R-A'(AVGTOTALTIME1MIN=8.89분/기준9.0),R-A_sus,R-B_fast(+38/10분)]; M14[R-A_sus]; M16A[R-A_sus]; M16B[R-A_sus]; M16[R-B_fast(+33/10분)]",10,5,0,5,0,0,0,0,0,0,5,0,0,0,0,0,0,0,0,0,0,0,0,0,0,0,0,0,5,0,0,0,0,0,0,0,0,5,0,0,0,0,0,0,0,40,0,0,0,0,2,0,0,0,0,38,0,0,0,0,-25,,0,0,0,0,0,0,0,0,0,0,20,5,0,5,5
M16A_HUBROOM_PR.csv,2026-06-09 14:02,2026-06-09,14:02,1,1단계 조기경보,2,2→1,38,관심,M16HUB,23,M16HUB,"M16HUB(13:02,RC+RD) → M16A(13:02,RA_sus+RB_fast+SLA) → M16B(13:02,RA_sus+RB_fast+SLA) → M14(13:04,RA_sus+RB_fast+RC+SLA) → M16_PKT(13:07,RA+RA_sus)",,,23,5,0,5,5,0,0,0,RA+RA_sus+RC,RA_sus,,RA_sus,RA_sus,8.89,2.35,2.96,2.65,2.37,12,0,0,0,0,0,0,2,"6ABL6021,6ABL0111",0,0,0,0,0,0,0,0,0,0,"hot_area=M16HUB; S1조기경보; 발동: M16HUB[R-A'(AVGTOTALTIME1MIN=8.89분/기준9.0),R-A_sus,R-C'(역증가2개:6ABL6021,6ABL0111)]; M14[R-A_sus]; M16A[R-A_sus]; M16B[R-A_sus]",10,5,0,0,8,0,0,0,0,0,5,0,0,0,0,0,0,0,0,0,0,0,0,0,0,0,0,0,5,0,0,0,0,0,0,0,0,5,0,0,0,0,0,0,0,38,0,0,0,0,2,0,0,0,0,7,0,0,0,0,-36,,0,0,0,0,0,0,0,0,0,0,23,5,0,5,5
M16A_HUBROOM_PR.csv,2026-06-09 14:03,2026-06-09,14:03,3,3단계 ⭐확정,1,1→3,23,정상,M16HUB,18,M16HUB,"M16HUB(13:03,RC+RD) → M16A(13:03,RA_sus+RB_fast+SLA) → M14(13:04,RA_sus+RB_fast+RC+SLA) → M16_PKT(13:07,RA+RA_sus) → M16B(13:13,RA_sus+RB)",,,18,0,0,0,0,5,0,0,RA+RC,,,,,8.89,2.35,2.96,2.65,2.37,5,0,0,0,0,0,0,3,"6ABL6011,6ABL0111,6ABL0112",0,0,0,0,0,0,0,0,0,0,"hot_area=M16HUB; S3확정; 발동: M16HUB[R-A'(AVGTOTALTIME1MIN=8.89분/기준9.0),R-C'(역증가3개:6ABL6011,6ABL0111,6ABL0112)]; M16[R-B_fast(+24/10분)]",10,0,0,0,8,0,0,0,0,0,0,0,0,0,0,0,0,0,0,0,0,0,0,0,0,0,0,0,0,0,0,0,0,0,0,0,0,0,0,0,0,0,0,0,0,23,0,0,0,0,1,0,0,0,0,19,0,0,0,0,-24,,0,0,0,0,0,0,0,0,0,0,18,0,0,0,0
M16A_HUBROOM_PR.csv,2026-06-09 14:04,2026-06-09,14:04,1,1단계 조기경보,3,3→1,18,정상,M16HUB,18,M16HUB,"M14(13:04,RA_sus+RB_fast+RC+SLA) → M16A(13:04,RA_sus+RB_fast+SLA) → M16HUB(13:05,RA_sus+RC+RD) → M16_PKT(13:07,RA+RA_sus) → M16B(13:13,RA_sus+RB)",,,18,0,0,0,0,0,0,0,RA+RC,,,,,8.89,2.35,2.96,2.65,2.37,11,0,0,0,0,0,0,5,"6ABL6011,6ABL6012,6ABL6022,6ABL6032,6ABL0111",0,0,0,0,0,0,0,0,0,0,"hot_area=M16HUB; S1조기경보; 발동: M16HUB[R-A'(AVGTOTALTIME1MIN=8.89분/기준9.0),R-C'(역증가5개:6ABL6011,6ABL6012,6ABL6022,6ABL6032,6ABL0111)]",10,0,0,0,8,0,0,0,0,0,0,0,0,0,0,0,0,0,0,0,0,0,0,0,0,0,0,0,0,0,0,0,0,0,0,0,0,0,0,0,0,0,0,0,0,18,0,0,0,0,1,0,0,0,0,17,0,0,0,0,-6,,0,0,0,0,0,0,0,0,0,0,18,0,0,0,0
M16A_HUBROOM_PR.csv,2026-06-09 14:05,2026-06-09,14:05,2,2단계 주의보,1,1→2,15,정상,M16HUB,10,,"M16HUB(13:05,RA_sus+RC+RD) → M14(13:05,RA_sus+RB_fast+SLA) → M16A(13:05,RA_sus+RB_fast+SLA) → M16_PKT(13:07,RA+RA_sus) → M16B(13:13,RA_sus+RB)",,,10,0,0,0,0,5,0,0,RA,,,,,8.89,2.35,2.96,2.65,2.37,17,0,0,0,0,0,0,5,"6ABL6012,6ABL6022,6ABL6032,6ABL0111,6ABL0121",0,0,0,0,0,0,0,0,0,0,hot_area=M16HUB; S2주의보; 발동: M16HUB[R-A'(AVGTOTALTIME1MIN=8.89분/기준9.0)]; M16[R-B_fast(+34/10분)],10,0,0,0,0,0,0,0,0,0,0,0,0,0,0,0,0,0,0,0,0,0,0,0,0,0,0,0,0,0,0,0,0,0,0,0,0,0,0,0,0,0,0,0,0,15,0,0,0,0,1,0,0,0,0,6,0,0,0,0,8,,0,0,0,0,0,0,0,0,0,0,10,0,0,0,0
M16A_HUBROOM_PR.csv,2026-06-09 14:06,2026-06-09,14:06,0,이벤트없음,2,,0,정상,,0,,"M14(13:06,RA_sus+RB_fast+RC+SLA) → M16A(13:06,RA_sus+RB_fast+SLA) → M16HUB(13:07,RA_sus+RC+RD) → M16_PKT(13:07,RA+RA_sus) → M16B(13:13,RA_sus+RB)",,,0,0,0,0,0,0,0,0,,,,,,8.89,2.35,2.96,2.65,2.37,-10,0,0,0,0,0,0,7,"6ABL6011,6ABL6012,6ABL6021,6ABL6022,6ABL6032,6ABL0111,6ABL0121",0,0,0,0,0,0,0,0,0,0,,0,0,0,0,0,0,0,0,0,0,0,0,0,0,0,0,0,0,0,0,0,0,0,0,0,0,0,0,0,0,0,0,0,0,0,0,0,0,0,0,0,0,0,0,0,0,0,0,0,0,0,0,0,0,0,-11,0,0,0,0,14,,0,0,0,0,0,0,0,0,0,0,0,0,0,0,0
M16A_HUBROOM_PR.csv,2026-06-09 14:07,2026-06-09,14:07,2,2단계 주의보,0,0→2,33,관심,M16,15,M16,"M16HUB(13:07,RA_sus+RC+RD) → M16A(13:07,RA_sus+RB_fast+SLA) → M16_PKT(13:07,RA+RA_sus) → M14(13:08,RA_sus+RC+SLA) → M16B(13:13,RA_sus+RB) → M16(14:07,RB+RB_fast)",,,8,0,0,5,0,15,0,0,RC,,,SLA,,4.16,2.56,3.00,2.94,2.50,-1,0,0,0,0,0,0,3,"6ABL6012,6ABL6022,6ABL6032",12.17,0,13.54,9.59,0,0,0,0,0,0,"hot_area=M16; S2주의보; 발동: M16HUB[R-C'(역증가3개:6ABL6012,6ABL6022,6ABL6032)]; M16A[SLA(13.5%4분초과)]; M16[R-B(SENDQUEUETOTAL+45/30분/기준+20),R-B_fast(+12/10분)]",0,0,0,0,8,0,0,0,0,0,0,0,0,0,0,0,0,0,0,0,0,0,0,0,0,0,0,0,0,0,0,0,0,5,0,0,0,0,0,0,0,0,0,0,0,28,0,5,0,0,0,0,0,0,0,-37,0,0,0,0,-6,,0,0,0,0,0,112,94,78,0,0,8,0,0,5,0
M16A_HUBROOM_PR.csv,2026-06-09 14:08,2026-06-09,14:08,2,2단계 주의보,2,,30,관심,M16A,10,,"M14(13:08,RA_sus+RC+SLA) → M16A(13:08,RA_sus+RB_fast+SLA) → M16_PKT(13:08,RA+RA_sus) → M16HUB(13:10,RA_sus+RC+RD) → M16B(13:13,RA_sus+RB) → M16(14:07,RB+RB_fast)",,,7,8,0,10,0,0,0,0,RD,RC,,RB_fast+SLA,,5.24,2.48,2.92,2.74,2.49,-35,-15,-11,39,22,0,100.00,5,"6ABL6012,6ABL6031,6ABL6032,6ABL0111,6ABL0112",12.30,0,13.41,9.05,0,34,14,30,17,0,"hot_area=M16A; S2주의보; 발동: M16HUB[R-D(FAB저장=0.0%,STB=100.0%)]; M14[R-C'(CNV쏠림)]; M16A[R-B_fast(+44/10분),SLA(13.4%4분초과)]",0,0,0,0,0,7,0,0,0,0,0,0,0,8,0,0,0,0,0,0,0,0,0,0,0,0,0,0,0,0,5,0,0,5,0,0,0,0,0,0,0,0,0,0,0,25,0,5,0,0,0,0,0,0,0,-54,-34,-17,44,3,5,0.72,79.59,80.24,88.37,80.80,0,115,83,66,0,0,7,8,0,10,0
M16A_HUBROOM_PR.csv,2026-06-09 14:09,2026-06-09,14:09,3,3단계 ⭐확정,2,2→3,70,경계,M16HUB,17,M16HUB;M16A;M16,"M14(13:09,RA_sus+RC+SLA) → M16_PKT(13:09,RA+RA_sus) → M16HUB(13:10,RA_sus+RC+RD) → M16B(13:13,RA_sus+RB) → M16A(13:23,RA_sus+RB_fast+SLA) → M16(14:07,RB+RB_fast)",,,17,13,0,15,5,15,0,0,RA+RD,RA_sus+RC,,RA_sus+RB_fast+SLA,RA_sus,9.54,2.48,2.81,2.96,2.49,-46,-24,-28,29,16,0,100.00,5,"6ABL6012,6ABL6022,6ABL6032,6ABL0111,6ABL0112",12.27,0,14.39,9.02,0,37,18,32,18,0,"hot_area=M16HUB; S3확정; 발동: M16HUB[R-A'(AVGTOTALTIME1MIN=9.54분/기준9.0),R-D(FAB저장=0.0%,STB=100.0%)]; M14[R-A_sus,R-C'(CNV쏠림)]; M16A[R-A_sus,R-B_fast(+31/10분),SLA(14.4%4분초과)]; M16B[R-A_sus]; M16[R-B(SENDQUEUETOTAL+46/30분/기준+20),R-B_fast(+10/10분)]",10,0,0,0,0,7,0,0,0,0,5,0,0,8,0,0,0,0,0,0,0,0,0,0,0,0,0,0,5,0,5,0,0,5,0,0,0,5,0,0,0,0,0,0,0,65,0,5,0,0,1,0,0,0,0,-55,-44,-18,31,-5,3,0.70,82.02,82.36,89.66,81.09,0,101,96,72,0,0,17,13,0,15,5
M16A_HUBROOM_PR.csv,2026-06-09 14:10,2026-06-09,14:10,1,1단계 조기경보,3,3→1,42,관심,M16HUB,17,M16HUB,"M16HUB(13:10,RA_sus+RC+RD) → M14(13:10,RA_sus+RC+SLA) → M16_PKT(13:10,RA+RA_sus) → M16B(13:13,RA_sus+RB) → M16A(13:23,RA_sus+RB_fast+SLA) → M16(14:07,RB+RB_fast)",,,17,5,0,10,5,0,0,0,RA+RD,RA_sus,,RA_sus+SLA,RA_sus,4.08,2.72,3.15,2.81,2.24,-59,-33,-35,29,19,0,100.00,6,"6ABL6022,6ABL6031,6ABL6032,6ABL0111,6ABL0112,6ABL0121",12.79,0,13.69,6.71,0,37,15,30,14,0,"hot_area=M16HUB; S1조기경보; 발동: M16HUB[R-A'(AVGTOTALTIME1MIN=4.08분/기준9.0),R-D(FAB저장=0.0%,STB=100.0%)]; M14[R-A_sus]; M16A[R-A_sus,SLA(13.7%4분초과)]; M16B[R-A_sus]",10,0,0,0,0,7,0,0,0,0,5,0,0,0,0,0,0,0,0,0,0,0,0,0,0,0,0,0,5,0,0,0,0,5,0,0,0,5,0,0,0,0,0,0,0,37,0,5,0,0,1,0,0,0,0,-57,-44,-23,19,2,11,0.67,81.83,81.96,91.89,80.80,0,122,82,49,0,0,17,5,0,10,5
M16A_HUBROOM_PR.csv,2026-06-09 14:11,2026-06-09,14:11,1,1단계 조기경보,1,,42,관심,M16HUB,17,M16HUB,"M16HUB(13:11,RA_sus+RC+RD) → M14(13:11,RA_sus+RC+SLA) → M16_PKT(13:11,RA+RA_sus) → M16B(13:13,RA_sus+RB) → M16A(13:23,RA_sus+RB_fast+SLA) → M16(14:07,RB+RB_fast)",,,17,5,0,10,5,0,0,0,RA+RD,RA_sus,,RA_sus+SLA,RA_sus,5.59,2.69,3.25,2.98,2.65,-74,-34,-32,28,9,0,100.00,6,"6ABL6022,6ABL6031,6ABL6032,6ABL0111,6ABL0121,6ABL0122",12.56,0,14.89,9.82,0,36,16,36,17,0,"hot_area=M16HUB; S1조기경보; 발동: M16HUB[R-A'(AVGTOTALTIME1MIN=5.59분/기준9.0),R-D(FAB저장=0.0%,STB=100.0%)]; M14[R-A_sus]; M16A[R-A_sus,SLA(14.9%4분초과)]; M16B[R-A_sus]",10,0,0,0,0,7,0,0,0,0,5,0,0,0,0,0,0,0,0,0,0,0,0,0,0,0,0,0,5,0,0,0,0,5,0,0,0,5,0,0,0,0,0,0,0,37,0,5,0,0,1,0,0,0,0,-54,0,0,0,0,17,0.65,82.02,77.19,94.48,77.99,0,108,106,83,0,0,17,5,0,10,5
M16A_HUBROOM_PR.csv,2026-06-09 14:12,2026-06-09,14:12,3,3단계 ⭐확정,1,1→3,47,관심,M16HUB,17,M16HUB,"M16HUB(13:12,RA_sus+RC+RD) → M14(13:12,RA_sus+RC+SLA) → M16_PKT(13:12,RA+RA_sus) → M16B(13:13,RA_sus+RB) → M16A(13:23,RA_sus+RB_fast+SLA) → M16(14:07,RB+RB_fast)",,,17,5,0,10,5,5,0,0,RA+RD,RA_sus,,RA_sus+SLA,RA_sus,10.34,2.56,3.11,3.02,2.87,-86,-36,-28,5,11,0,100.00,5,"6ABL6031,6ABL6032,6ABL0111,6ABL0112,6ABL0122",12.38,0,15.77,10.53,0,38,17,30,14,0,"hot_area=M16HUB; S3확정; 발동: M16HUB[R-A'(AVGTOTALTIME1MIN=10.34분/기준9.0),R-D(FAB저장=0.0%,STB=100.0%)]; M14[R-A_sus]; M16A[R-A_sus,SLA(15.8%4분초과)]; M16B[R-A_sus]; M16[R-B_fast(+17/10분)]",10,0,0,0,0,7,0,0,0,0,5,0,0,0,0,0,0,0,0,0,0,0,0,0,0,0,0,0,5,0,0,0,0,5,0,0,0,5,0,0,0,0,0,0,0,42,0,5,0,0,2,0,0,0,0,-49,0,0,0,0,6,0.68,78.62,77.98,91.19,79.62,0,112,100,79,0,0,17,5,0,10,5
M16A_HUBROOM_PR.csv,2026-06-09 14:13,2026-06-09,14:13,1,1단계 조기경보,3,3→1,42,관심,M16HUB,17,M16HUB,"M16HUB(13:13,RC+RD) → M16B(13:13,RA_sus+RB) → M16_PKT(13:13,RA+RA_sus) → M16A(13:23,RA_sus+RB_fast+SLA) → M16(14:07,RB+RB_fast)",,,17,5,0,10,5,0,0,0,RA+RD,RA_sus,,RA_sus+SLA,RA_sus,4.34,2.53,2.75,2.84,2.47,-25,-8,-11,-21,-6,0,100.00,4,"6ABL6021,6ABL6031,6ABL6032,6ABL0111",12.86,0,17.06,9.17,0,36,15,33,17,0,"hot_area=M16HUB; S1조기경보; 발동: M16HUB[R-A'(AVGTOTALTIME1MIN=4.34분/기준9.0),R-D(FAB저장=0.0%,STB=100.0%)]; M14[R-A_sus]; M16A[R-A_sus,SLA(17.1%4분초과)]; M16B[R-A_sus]",10,0,0,0,0,7,0,0,0,0,5,0,0,0,0,0,0,0,0,0,0,0,0,0,0,0,0,0,5,0,0,0,0,5,0,0,0,5,0,0,0,0,0,0,0,37,0,5,0,0,2,0,0,0,0,-5,0,0,0,0,5,0.67,80.76,83.16,91.66,80.95,0,121,124,75,0,0,17,5,0,10,5
M16A_HUBROOM_PR.csv,2026-06-09 14:14,2026-06-09,14:14,1,1단계 조기경보,1,,50,관심,M16HUB,25,M16HUB,"M16B(13:14,RA_sus+RB) → M16_PKT(13:14,RA+RA_sus) → M16HUB(13:17,RA_sus+RB_fast+RD) → M16A(13:23,RA_sus+RB_fast+SLA) → M16(14:07,RB+RB_fast)",,,25,5,0,10,5,0,0,0,RA+RC+RD,RA_sus,,RA_sus+SLA,RA_sus,7.23,2.53,2.71,3.19,2.50,-8,-8,-5,-46,-6,0,100.00,4,"6ABL6021,6ABL6031,6ABL0111,6ABL0112",13.31,0,17.18,9.58,0,43,16,38,17,0,"hot_area=M16HUB; S1조기경보; 발동: M16HUB[R-A'(AVGTOTALTIME1MIN=7.23분/기준9.0),R-C'(역증가4개:6ABL6021,6ABL6031,6ABL0111,6ABL0112),R-D(FAB저장=0.0%,STB=100.0%)]; M14[R-A_sus]; M16A[R-A_sus,SLA(17.2%4분초과)]; M16B[R-A_sus]",10,0,0,0,8,7,0,0,0,0,5,0,0,0,0,0,0,0,0,0,0,0,0,0,0,0,0,0,5,0,0,0,0,5,0,0,0,5,0,0,0,0,0,0,0,45,0,5,0,0,2,0,0,0,0,6,0,0,0,0,-4,0.69,76.77,81.03,91.54,76.96,0,113,112,70,0,0,25,5,0,10,5
M16A_HUBROOM_PR.csv,2026-06-09 14:15,2026-06-09,14:15,1,1단계 조기경보,1,,55,관심,M16HUB,30,M16HUB,"M16_PKT(13:15,RA+RA_sus) → M16HUB(13:17,RA_sus+RB_fast+RD) → M16A(13:23,RA_sus+RB_fast+SLA) → M16(14:07,RB+RB_fast)",,,30,5,0,10,5,0,0,0,RA+RA_sus+RC+RD,RA_sus,,RA_sus+SLA,RA_sus,8.89,2.69,3.31,2.91,2.49,7,7,1,-40,-11,0,100.00,5,"6ABL6012,6ABL6021,6ABL6022,6ABL0112,6ABL0121",14.12,0,17.46,8.89,0,37,13,32,15,0,"hot_area=M16HUB; S1조기경보; 발동: M16HUB[R-A'(AVGTOTALTIME1MIN=8.89분/기준9.0),R-A_sus,R-C'(역증가5개:6ABL6012,6ABL6021,6ABL6022,6ABL0112,6ABL0121),R-D(FAB저장=0.0%,STB=100.0%)]; M14[R-A_sus]; M16A[R-A_sus,SLA(17.5%4분초과)]; M16B[R-A_sus]",10,5,0,0,8,7,0,0,0,0,5,0,0,0,0,0,0,0,0,0,0,0,0,0,0,0,0,0,5,0,0,0,0,5,0,0,0,5,0,0,0,0,0,0,0,50,0,5,0,0,2,0,0,0,0,18,0,0,0,0,-4,0.64,77.45,77.19,92.48,78.73,0,137,125,73,0,0,30,5,0,10,5
M16A_HUBROOM_PR.csv,2026-06-09 14:16,2026-06-09,14:16,3,3단계 ⭐확정,1,1→3,60,관심,M16HUB,35,M16HUB,"M16_PKT(13:16,RA+RA_sus) → M16HUB(13:17,RA_sus+RB_fast+RD) → M16A(13:23,RA_sus+RB_fast+SLA) → M16(14:07,RB+RB_fast)",,,35,5,0,10,5,0,0,0,RA+RA_sus+RB_fast+RC+RD,RA_sus,,RA_sus+SLA,RA_sus,3.84,2.44,2.69,2.92,2.73,18,18,1,-55,-18,0,100.00,4,"6ABL6022,6ABL6031,6ABL0111,6ABL0112",14.17,0,18.38,9.20,0,36,12,36,15,0,"hot_area=M16HUB; S3확정; 발동: M16HUB[R-A'(AVGTOTALTIME1MIN=3.84분/기준9.0),R-A_sus,R-B_fast(+31/10분),R-C'(역증가4개:6ABL6022,6ABL6031,6ABL0111,6ABL0112),R-D(FAB저장=0.0%,STB=100.0%)]; M14[R-A_sus]; M16A[R-A_sus,SLA(18.4%4분초과)]; M16B[R-A_sus]",10,5,0,5,8,7,0,0,0,0,5,0,0,0,0,0,0,0,0,0,0,0,0,0,0,0,0,0,5,0,0,0,0,5,0,0,0,5,0,0,0,0,0,0,0,55,0,5,0,0,2,0,0,0,0,31,0,0,0,0,-8,0.68,76.77,79.58,92.71,77.25,0,125,118,68,0,0,35,5,0,10,5
M16A_HUBROOM_PR.csv,2026-06-09 14:17,2026-06-09,14:17,3,3단계 ⭐확정,3,,70,경계,M16HUB,35,M16HUB,"M16HUB(13:17,RA_sus+RB_fast+RD) → M16_PKT(13:17,RA+RA_sus) → M16A(13:23,RA_sus+RB_fast+SLA) → M16(14:07,RB+RB_fast)",,,35,10,0,10,5,0,0,0,RA+RA_sus+RB_fast+RC+RD,RA_sus+SLA,,RA_sus+SLA,RA_sus,9.78,2.69,2.97,3.03,2.37,50,38,5,-28,-11,0,100.00,5,"6ABL6021,6ABL6022,6ABL6031,6ABL0111,6ABL0112",14.73,0,18.09,8.39,0,35,14,39,17,0,"hot_area=M16HUB; S3확정; 발동: M16HUB[R-A'(AVGTOTALTIME1MIN=9.78분/기준9.0),R-A_sus,R-B_fast(+58/10분),R-C'(역증가5개:6ABL6021,6ABL6022,6ABL6031,6ABL0111,6ABL0112),R-D(FAB저장=0.0%,STB=100.0%)]; M14[R-A_sus,SLA(14.7%4분초과)]; M16A[R-A_sus,SLA(18.1%4분초과)]; M16B[R-A_sus]",10,5,0,5,8,7,0,0,0,0,5,0,0,0,0,5,0,0,0,0,0,0,0,0,0,0,0,0,5,0,0,0,0,5,0,0,0,5,0,0,0,0,0,0,0,60,0,10,0,0,3,0,0,0,0,58,0,0,0,0,-2,0.65,78.43,80.11,93.30,78.43,0,134,127,67,0,0,35,10,0,10,5
M16A_HUBROOM_PR.csv,2026-06-09 14:18,2026-06-09,14:18,3,3단계 ⭐확정,3,,65,경계,M16HUB,35,M16HUB,"M16HUB(13:18,RA_sus+RB_fast+RD) → M16_PKT(13:18,RA+RA_sus) → M16A(13:23,RA_sus+RB_fast+SLA) → M16(14:07,RB+RB_fast)",,,35,10,0,10,5,0,0,0,RA+RA_sus+RB_fast+RC+RD,RA_sus+RB_fast,,RA_sus+SLA,RA_sus,8.90,2.42,2.76,2.74,2.41,48,43,6,-18,-23,0,100.00,5,"6ABL6021,6ABL6022,6ABL6031,6ABL0111,6ABL0112",14.24,0,18.10,7.46,0,38,13,38,21,0,"hot_area=M16HUB; S3확정; 발동: M16HUB[R-A'(AVGTOTALTIME1MIN=8.90분/기준9.0),R-A_sus,R-B_fast(+68/10분),R-C'(역증가5개:6ABL6021,6ABL6022,6ABL6031,6ABL0111,6ABL0112),R-D(FAB저장=0.0%,STB=100.0%)]; M14[R-A_sus,R-B_fast(+50/10분)]; M16A[R-A_sus,SLA(18.1%4분초과)]; M16B[R-A_sus]",10,5,0,5,8,7,0,0,0,0,5,0,5,0,0,0,0,0,0,0,0,0,0,0,0,0,0,0,5,0,0,0,0,5,0,0,0,5,0,0,0,0,0,0,0,60,0,5,0,0,3,0,0,0,0,68,50,17,-31,-17,-9,0.66,78.43,82.63,94.12,79.91,0,133,116,54,0,0,35,10,0,10,5
M16A_HUBROOM_PR.csv,2026-06-09 14:19,2026-06-09,14:19,3,3단계 ⭐확정,3,,80,주의,M16HUB,35,M16HUB;M14,"M16HUB(13:19,RA_sus+RB_fast+RC+RD) → M16_PKT(13:19,RA+RA_sus) → M16A(13:23,RA_sus+RB_fast+SLA) → M16(14:07,RB+RB_fast) → M14(14:19,RA_sus+RB_fast+SLA)",M14B_LFT_4ABLD_TO_HUB_SUM=1.6x(주의),,35,15,0,10,5,0,0,0,RA+RA_sus+RB_fast+RC+RD,RA_sus+RB_fast+SLA,,RA_sus+SLA,RA_sus,4.37,2.63,2.75,3.00,2.79,64,44,14,-6,-8,0,100.00,5,"6ABL6012,6ABL6021,6ABL6022,6ABL6032,6ABL0112",13.71,0,17.07,10.13,0,42,15,38,22,0,"hot_area=M16HUB; S3확정; 발동: M16HUB[R-A'(AVGTOTALTIME1MIN=4.37분/기준9.0),R-A_sus,R-B_fast(+76/10분),R-C'(역증가5개:6ABL6012,6ABL6021,6ABL6022,6ABL6032,6ABL0112),R-D(FAB저장=0.0%,STB=100.0%)]; M14[R-A_sus,R-B_fast(+54/10분),SLA(13.7%4분초과)]; M16A[R-A_sus,SLA(17.1%4분초과)]; M16B[R-A_sus]; 흐름:M14B_LFT_4ABLD_TO_HUB_SUM=1.6x(주의)",10,5,0,5,8,7,0,0,0,0,5,0,5,0,0,5,0,0,0,0,0,0,0,0,0,0,0,0,5,0,0,0,0,5,0,0,0,5,0,0,0,0,0,0,0,65,5,10,0,0,2,0,0,0,0,76,54,25,-19,-6,-1,0.69,77.65,84.35,90.25,84.49,0,130,120,80,0,0,35,15,0,10,5
M16A_HUBROOM_PR.csv,2026-06-09 14:20,2026-06-09,14:20,3,3단계 ⭐확정,3,,65,경계,M16HUB,35,M16HUB,"M16HUB(13:20,RA_sus+RB_fast+RC+RD) → M16_PKT(13:20,RA+RA_sus) → M16A(13:23,RA_sus+RB_fast+SLA) → M16(14:07,RB+RB_fast) → M14(14:19,RA_sus+RB_fast+SLA)",,,35,10,0,10,5,0,0,0,RA+RA_sus+RB_fast+RC+RD,RA_sus+RB_fast,,RA_sus+SLA,RA_sus,6.85,2.55,3.00,2.96,2.17,65,46,17,-4,-6,0,100.00,5,"6ABL6021,6ABL6022,6ABL6031,6ABL0112,6ABL0121",14.07,0,17.09,7.75,0,41,16,38,21,0,"hot_area=M16HUB; S3확정; 발동: M16HUB[R-A'(AVGTOTALTIME1MIN=6.85분/기준9.0),R-A_sus,R-B_fast(+79/10분),R-C'(역증가5개:6ABL6021,6ABL6022,6ABL6031,6ABL0112,6ABL0121),R-D(FAB저장=0.0%,STB=100.0%)]; M14[R-A_sus,R-B_fast(+58/10분)]; M16A[R-A_sus,SLA(17.1%4분초과)]; M16B[R-A_sus]",10,5,0,5,8,7,0,0,0,0,5,0,5,0,0,0,0,0,0,0,0,0,0,0,0,0,0,0,5,0,0,0,0,5,0,0,0,5,0,0,0,0,0,0,0,60,0,5,0,0,2,0,0,0,0,79,58,30,-19,-14,-5,0.68,75.41,84.08,88.25,85.08,0,120,107,55,0,0,35,10,0,10,5
