timestamp,prediction_for,ml_score,ml_level,ml_level_kr,rule_s1,rule_s2,rule_s3,risk_score,risk_level,risk_factors
2026-05-08 0:30,2026-05-08 1:00,0.0157,OK,정상,0,0,0,0,정상,
2026-05-08 0:31,2026-05-08 1:01,0.0021,OK,정상,0,0,0,0,정상,
2026-05-08 0:32,2026-05-08 1:02,0.0025,OK,정상,0,0,0,0,정상,
2026-05-08 0:33,2026-05-08 1:03,0.0019,OK,정상,0,0,0,0,정상,
2026-05-08 0:34,2026-05-08 1:04,0.0036,OK,정상,0,0,0,0,정상,
2026-05-08 0:35,2026-05-08 1:05,0.0067,OK,정상,0,0,0,0,정상,
2026-05-08 0:36,2026-05-08 1:06,0.0041,OK,정상,0,1,0,0,정상,
2026-05-08 0:37,2026-05-08 1:07,0.0041,OK,정상,0,1,0,0,정상,
2026-05-08 0:38,2026-05-08 1:08,0.004,OK,정상,0,1,0,0,정상,
2026-05-08 0:39,2026-05-08 1:09,0.003,OK,정상,0,0,0,0,정상,
2026-05-08 0:40,2026-05-08 1:10,0.0034,OK,정상,0,0,0,0,정상,
2026-05-08 0:41,2026-05-08 1:11,0.0041,OK,정상,0,0,0,0,정상,
2026-05-08 0:42,2026-05-08 1:12,0.0037,OK,정상,0,0,0,0,정상,
2026-05-08 0:43,2026-05-08 1:13,0.003,OK,정상,0,0,0,0,정상,
2026-05-08 0:44,2026-05-08 1:14,0.0018,OK,정상,0,0,0,0,정상,
2026-05-08 0:45,2026-05-08 1:15,0.0019,OK,정상,0,0,0,0,정상,
2026-05-08 0:46,2026-05-08 1:16,0.001,OK,정상,0,0,0,0,정상,
2026-05-08 0:47,2026-05-08 1:17,0.0019,OK,정상,0,0,0,0,정상,
2026-05-08 0:48,2026-05-08 1:18,0.0017,OK,정상,0,0,0,0,정상,
2026-05-08 0:49,2026-05-08 1:19,0.0018,OK,정상,0,0,0,0,정상,
2026-05-08 0:50,2026-05-08 1:20,0.0013,OK,정상,0,0,0,0,정상,
2026-05-08 0:51,2026-05-08 1:21,0.0012,OK,정상,0,0,0,0,정상,
2026-05-08 0:52,2026-05-08 1:22,0.0014,OK,정상,0,0,0,0,정상,
2026-05-08 0:53,2026-05-08 1:23,0.0012,OK,정상,0,0,0,0,정상,
2026-05-08 0:54,2026-05-08 1:24,0.0012,OK,정상,0,0,0,0,정상,
2026-05-08 0:55,2026-05-08 1:25,0.001,OK,정상,0,0,0,0,정상,
2026-05-08 0:56,2026-05-08 1:26,0.0008,OK,정상,0,0,0,0,정상,
2026-05-08 0:57,2026-05-08 1:27,0.0008,OK,정상,0,0,0,0,정상,
2026-05-08 0:58,2026-05-08 1:28,0.0006,OK,정상,0,0,0,0,정상,
2026-05-08 0:59,2026-05-08 1:29,0.0008,OK,정상,0,0,0,0,정상,
2026-05-08 1:00,2026-05-08 1:30,0.0011,OK,정상,0,0,0,0,정상,
2026-05-08 1:01,2026-05-08 1:31,0.0012,OK,정상,0,0,0,0,정상,
2026-05-08 1:02,2026-05-08 1:32,0.0011,OK,정상,0,0,0,0,정상,
2026-05-08 1:03,2026-05-08 1:33,0.0013,OK,정상,0,0,0,0,정상,
2026-05-08 1:04,2026-05-08 1:34,0.0017,OK,정상,0,0,0,0,정상,
2026-05-08 1:05,2026-05-08 1:35,0.0018,OK,정상,0,0,0,0,정상,
2026-05-08 1:06,2026-05-08 1:36,0.0021,OK,정상,0,0,0,0,정상,
2026-05-08 1:07,2026-05-08 1:37,0.0012,OK,정상,0,0,0,0,정상,
2026-05-08 1:08,2026-05-08 1:38,0.0012,OK,정상,0,0,0,0,정상,
2026-05-08 1:09,2026-05-08 1:39,0.001,OK,정상,0,0,0,0,정상,
2026-05-08 1:10,2026-05-08 1:40,0.0012,OK,정상,0,0,0,0,정상,
2026-05-08 1:11,2026-05-08 1:41,0.0012,OK,정상,0,0,0,0,정상,
2026-05-08 1:12,2026-05-08 1:42,0.0012,OK,정상,0,0,0,0,정상,
2026-05-08 1:13,2026-05-08 1:43,0.0011,OK,정상,0,0,0,0,정상,
2026-05-08 1:14,2026-05-08 1:44,0.0013,OK,정상,0,0,0,0,정상,
2026-05-08 1:15,2026-05-08 1:45,0.0016,OK,정상,0,0,0,0,정상,
2026-05-08 1:16,2026-05-08 1:46,0.0026,OK,정상,0,0,0,0,정상,
2026-05-08 1:17,2026-05-08 1:47,0.0034,OK,정상,0,0,0,0,정상,
2026-05-08 1:18,2026-05-08 1:48,0.0015,OK,정상,0,0,0,0,정상,
2026-05-08 1:19,2026-05-08 1:49,0.0017,OK,정상,0,0,0,0,정상,
2026-05-08 1:20,2026-05-08 1:50,0.0012,OK,정상,0,0,0,0,정상,
2026-05-08 1:21,2026-05-08 1:51,0.0022,OK,정상,0,0,0,0,정상,
2026-05-08 1:22,2026-05-08 1:52,0.0026,OK,정상,0,0,0,0,정상,
2026-05-08 1:23,2026-05-08 1:53,0.0026,OK,정상,0,0,0,0,정상,
2026-05-08 1:24,2026-05-08 1:54,0.0047,OK,정상,0,0,0,0,정상,
2026-05-08 1:25,2026-05-08 1:55,0.0027,OK,정상,0,0,0,0,정상,
2026-05-08 1:26,2026-05-08 1:56,0.0041,OK,정상,0,1,0,0,정상,
2026-05-08 1:27,2026-05-08 1:57,0.0046,OK,정상,1,0,0,0,정상,
2026-05-08 1:28,2026-05-08 1:58,0.0044,OK,정상,0,0,0,0,정상,
2026-05-08 1:29,2026-05-08 1:59,0.0047,OK,정상,1,0,0,0,정상,
2026-05-08 1:30,2026-05-08 2:00,0.0032,OK,정상,0,0,0,0,정상,
2026-05-08 1:31,2026-05-08 2:01,0.0044,OK,정상,1,0,0,0,정상,
2026-05-08 1:32,2026-05-08 2:02,0.0026,OK,정상,1,0,0,0,정상,
2026-05-08 1:33,2026-05-08 2:03,0.0027,OK,정상,1,0,0,0,정상,
2026-05-08 1:34,2026-05-08 2:04,0.0027,OK,정상,1,0,0,0,정상,
2026-05-08 1:35,2026-05-08 2:05,0.0031,OK,정상,1,0,0,0,정상,
2026-05-08 1:36,2026-05-08 2:06,0.0045,OK,정상,1,0,0,0,정상,
2026-05-08 1:37,2026-05-08 2:07,0.003,OK,정상,1,0,0,0,정상,
2026-05-08 1:38,2026-05-08 2:08,0.0037,OK,정상,1,0,0,0,정상,
2026-05-08 1:39,2026-05-08 2:09,0.0062,OK,정상,1,0,0,0,정상,
2026-05-08 1:40,2026-05-08 2:10,0.006,OK,정상,1,0,0,0,정상,
2026-05-08 1:41,2026-05-08 2:11,0.0075,OK,정상,1,0,0,0,정상,
2026-05-08 1:42,2026-05-08 2:12,0.0055,OK,정상,1,0,0,0,정상,
2026-05-08 1:43,2026-05-08 2:13,0.0054,OK,정상,0,0,0,0,정상,
2026-05-08 1:44,2026-05-08 2:14,0.0055,OK,정상,1,0,0,0,정상,
2026-05-08 1:45,2026-05-08 2:15,0.0076,OK,정상,0,0,0,0,정상,
2026-05-08 1:46,2026-05-08 2:16,0.0052,OK,정상,1,0,0,0,정상,
2026-05-08 1:47,2026-05-08 2:17,0.0046,OK,정상,1,0,0,0,정상,
2026-05-08 1:48,2026-05-08 2:18,0.0052,OK,정상,1,0,0,0,정상,
2026-05-08 1:49,2026-05-08 2:19,0.0067,OK,정상,1,0,0,0,정상,
2026-05-08 1:50,2026-05-08 2:20,0.0059,OK,정상,1,0,0,0,정상,
2026-05-08 1:51,2026-05-08 2:21,0.0063,OK,정상,1,0,0,0,정상,
2026-05-08 1:52,2026-05-08 2:22,0.0059,OK,정상,1,0,0,0,정상,
2026-05-08 1:53,2026-05-08 2:23,0.0072,OK,정상,1,0,0,0,정상,
2026-05-08 1:54,2026-05-08 2:24,0.004,OK,정상,0,0,0,0,정상,
2026-05-08 1:55,2026-05-08 2:25,0.0072,OK,정상,1,1,0,0,정상,
2026-05-08 1:56,2026-05-08 2:26,0.006,OK,정상,1,1,0,0,정상,
2026-05-08 1:57,2026-05-08 2:27,0.0032,OK,정상,1,0,0,0,정상,
2026-05-08 1:58,2026-05-08 2:28,0.0024,OK,정상,1,0,0,0,정상,
2026-05-08 1:59,2026-05-08 2:29,0.0024,OK,정상,1,0,0,0,정상,
2026-05-08 2:00,2026-05-08 2:30,0.0016,OK,정상,1,0,0,0,정상,
2026-05-08 2:01,2026-05-08 2:31,0.0017,OK,정상,1,0,0,0,정상,
2026-05-08 2:02,2026-05-08 2:32,0.0013,OK,정상,1,0,0,0,정상,
2026-05-08 2:03,2026-05-08 2:33,0.0016,OK,정상,1,0,0,0,정상,
2026-05-08 2:04,2026-05-08 2:34,0.0011,OK,정상,1,0,0,0,정상,
2026-05-08 2:05,2026-05-08 2:35,0.0018,OK,정상,1,0,0,0,정상,
2026-05-08 2:06,2026-05-08 2:36,0.0017,OK,정상,1,0,0,0,정상,
2026-05-08 2:07,2026-05-08 2:37,0.0016,OK,정상,1,0,0,0,정상,
2026-05-08 2:08,2026-05-08 2:38,0.0019,OK,정상,1,0,0,0,정상,
2026-05-08 2:09,2026-05-08 2:39,0.0014,OK,정상,1,0,0,0,정상,
2026-05-08 2:10,2026-05-08 2:40,0.0018,OK,정상,1,0,0,0,정상,
2026-05-08 2:11,2026-05-08 2:41,0.0017,OK,정상,1,0,0,0,정상,
2026-05-08 2:12,2026-05-08 2:42,0.0017,OK,정상,0,0,0,0,정상,
2026-05-08 2:13,2026-05-08 2:43,0.0009,OK,정상,0,0,0,0,정상,
2026-05-08 2:14,2026-05-08 2:44,0.0012,OK,정상,0,0,0,0,정상,
2026-05-08 2:15,2026-05-08 2:45,0.0004,OK,정상,0,0,0,0,정상,
2026-05-08 2:16,2026-05-08 2:46,0.0012,OK,정상,0,0,0,0,정상,
2026-05-08 2:17,2026-05-08 2:47,0.0013,OK,정상,0,0,0,0,정상,
2026-05-08 2:18,2026-05-08 2:48,0.0011,OK,정상,0,0,0,0,정상,
2026-05-08 2:19,2026-05-08 2:49,0.0011,OK,정상,0,0,0,0,정상,
2026-05-08 2:20,2026-05-08 2:50,0.001,OK,정상,0,0,0,0,정상,
2026-05-08 2:21,2026-05-08 2:51,0.0009,OK,정상,0,0,0,0,정상,
2026-05-08 2:22,2026-05-08 2:52,0.0076,OK,정상,0,0,0,0,정상,
2026-05-08 2:23,2026-05-08 2:53,0.0011,OK,정상,0,0,0,0,정상,
2026-05-08 2:24,2026-05-08 2:54,0.0014,OK,정상,0,0,0,0,정상,
2026-05-08 2:25,2026-05-08 2:55,0.0016,OK,정상,0,0,0,0,정상,
2026-05-08 2:26,2026-05-08 2:56,0.0018,OK,정상,0,0,0,0,정상,
2026-05-08 2:27,2026-05-08 2:57,0.0017,OK,정상,0,0,0,0,정상,
2026-05-08 2:28,2026-05-08 2:58,0.0017,OK,정상,0,0,0,0,정상,
2026-05-08 2:29,2026-05-08 2:59,0.0015,OK,정상,0,0,0,0,정상,
2026-05-08 2:30,2026-05-08 3:00,0.0015,OK,정상,0,0,0,0,정상,
2026-05-08 2:31,2026-05-08 3:01,0.0019,OK,정상,0,0,0,0,정상,
2026-05-08 2:32,2026-05-08 3:02,0.0022,OK,정상,0,0,0,0,정상,
2026-05-08 2:33,2026-05-08 3:03,0.0026,OK,정상,0,0,0,0,정상,
2026-05-08 2:34,2026-05-08 3:04,0.0024,OK,정상,0,0,0,0,정상,
2026-05-08 2:35,2026-05-08 3:05,0.0017,OK,정상,0,0,0,0,정상,
2026-05-08 2:36,2026-05-08 3:06,0.0021,OK,정상,0,0,0,0,정상,
2026-05-08 2:37,2026-05-08 3:07,0.0016,OK,정상,0,0,0,0,정상,
2026-05-08 2:38,2026-05-08 3:08,0.0016,OK,정상,0,0,0,0,정상,
2026-05-08 2:39,2026-05-08 3:09,0.0016,OK,정상,0,0,0,0,정상,
2026-05-08 2:40,2026-05-08 3:10,0.0018,OK,정상,0,0,0,0,정상,
2026-05-08 2:41,2026-05-08 3:11,0.0016,OK,정상,0,0,0,0,정상,
2026-05-08 2:42,2026-05-08 3:12,0.0016,OK,정상,0,0,0,0,정상,
2026-05-08 2:43,2026-05-08 3:13,0.0017,OK,정상,0,0,0,0,정상,
2026-05-08 2:44,2026-05-08 3:14,0.0007,OK,정상,0,0,0,0,정상,
2026-05-08 2:45,2026-05-08 3:15,0.001,OK,정상,0,0,0,0,정상,
2026-05-08 2:46,2026-05-08 3:16,0.0007,OK,정상,0,0,0,0,정상,
2026-05-08 2:47,2026-05-08 3:17,0.0008,OK,정상,0,0,0,0,정상,
2026-05-08 2:48,2026-05-08 3:18,0.0007,OK,정상,1,0,0,0,정상,
2026-05-08 2:49,2026-05-08 3:19,0.0033,OK,정상,1,0,0,0,정상,
2026-05-08 2:50,2026-05-08 3:20,0.0023,OK,정상,1,0,0,0,정상,
2026-05-08 2:51,2026-05-08 3:21,0.002,OK,정상,1,0,0,0,정상,
2026-05-08 2:52,2026-05-08 3:22,0.0016,OK,정상,1,0,0,0,정상,
2026-05-08 2:53,2026-05-08 3:23,0.0017,OK,정상,0,0,0,0,정상,
2026-05-08 2:54,2026-05-08 3:24,0.0022,OK,정상,1,0,0,0,정상,
2026-05-08 2:55,2026-05-08 3:25,0.0033,OK,정상,0,0,0,0,정상,
2026-05-08 2:56,2026-05-08 3:26,0.0022,OK,정상,1,0,0,0,정상,
2026-05-08 2:57,2026-05-08 3:27,0.0025,OK,정상,0,0,0,0,정상,
2026-05-08 2:58,2026-05-08 3:28,0.0017,OK,정상,0,1,0,0,정상,
2026-05-08 2:59,2026-05-08 3:29,0.0012,OK,정상,0,0,0,0,정상,
2026-05-08 3:00,2026-05-08 3:30,0.0013,OK,정상,0,0,0,0,정상,
2026-05-08 3:01,2026-05-08 3:31,0.0011,OK,정상,0,0,0,0,정상,
2026-05-08 3:02,2026-05-08 3:32,0.0012,OK,정상,0,0,0,0,정상,
2026-05-08 3:03,2026-05-08 3:33,0.0013,OK,정상,0,0,0,0,정상,
2026-05-08 3:04,2026-05-08 3:34,0.0017,OK,정상,0,0,0,0,정상,
2026-05-08 3:05,2026-05-08 3:35,0.0023,OK,정상,0,0,0,0,정상,
2026-05-08 3:06,2026-05-08 3:36,0.0025,OK,정상,1,1,0,0,정상,
2026-05-08 3:07,2026-05-08 3:37,0.0021,OK,정상,1,0,0,0,정상,
2026-05-08 3:08,2026-05-08 3:38,0.0014,OK,정상,1,0,0,0,정상,
2026-05-08 3:09,2026-05-08 3:39,0.0016,OK,정상,1,0,0,0,정상,
2026-05-08 3:10,2026-05-08 3:40,0.0016,OK,정상,1,0,0,0,정상,
2026-05-08 3:11,2026-05-08 3:41,0.0012,OK,정상,1,0,0,0,정상,
2026-05-08 3:12,2026-05-08 3:42,0.0014,OK,정상,1,0,0,0,정상,
2026-05-08 3:13,2026-05-08 3:43,0.001,OK,정상,1,0,0,0,정상,
2026-05-08 3:14,2026-05-08 3:44,0.0026,OK,정상,1,0,0,0,정상,
2026-05-08 3:15,2026-05-08 3:45,0.0017,OK,정상,1,0,0,0,정상,
2026-05-08 3:16,2026-05-08 3:46,0.0017,OK,정상,1,0,0,0,정상,
2026-05-08 3:17,2026-05-08 3:47,0.0015,OK,정상,1,0,0,0,정상,
2026-05-08 3:18,2026-05-08 3:48,0.0015,OK,정상,1,0,0,0,정상,
2026-05-08 3:19,2026-05-08 3:49,0.0012,OK,정상,1,0,0,0,정상,
2026-05-08 3:20,2026-05-08 3:50,0.0012,OK,정상,0,0,0,0,정상,
2026-05-08 3:21,2026-05-08 3:51,0.0014,OK,정상,1,1,0,0,정상,
2026-05-08 3:22,2026-05-08 3:52,0.0018,OK,정상,1,0,0,0,정상,
2026-05-08 3:23,2026-05-08 3:53,0.0013,OK,정상,1,0,0,0,정상,
2026-05-08 3:24,2026-05-08 3:54,0.0019,OK,정상,1,0,0,0,정상,
2026-05-08 3:25,2026-05-08 3:55,0.0013,OK,정상,1,0,0,0,정상,
2026-05-08 3:26,2026-05-08 3:56,0.0013,OK,정상,1,0,0,0,정상,
2026-05-08 3:27,2026-05-08 3:57,0.0014,OK,정상,1,0,0,0,정상,
2026-05-08 3:28,2026-05-08 3:58,0.0016,OK,정상,1,0,0,0,정상,
2026-05-08 3:29,2026-05-08 3:59,0.001,OK,정상,1,0,0,0,정상,
2026-05-08 3:30,2026-05-08 4:00,0.0011,OK,정상,0,0,0,0,정상,
2026-05-08 3:31,2026-05-08 4:01,0.0011,OK,정상,1,0,0,0,정상,
2026-05-08 3:32,2026-05-08 4:02,0.0013,OK,정상,1,0,0,0,정상,
2026-05-08 3:33,2026-05-08 4:03,0.0013,OK,정상,1,0,0,0,정상,
2026-05-08 3:34,2026-05-08 4:04,0.0011,OK,정상,1,0,0,0,정상,
2026-05-08 3:35,2026-05-08 4:05,0.0012,OK,정상,1,0,0,0,정상,
2026-05-08 3:36,2026-05-08 4:06,0.0022,OK,정상,1,0,0,0,정상,
2026-05-08 3:37,2026-05-08 4:07,0.0011,OK,정상,1,1,0,0,정상,
2026-05-08 3:38,2026-05-08 4:08,0.0014,OK,정상,1,1,0,0,정상,
2026-05-08 3:39,2026-05-08 4:09,0.001,OK,정상,1,1,0,0,정상,
2026-05-08 3:40,2026-05-08 4:10,0.0011,OK,정상,1,1,0,0,정상,
2026-05-08 3:41,2026-05-08 4:11,0.0016,OK,정상,1,1,0,0,정상,
2026-05-08 3:42,2026-05-08 4:12,0.0011,OK,정상,1,1,0,0,정상,
2026-05-08 3:43,2026-05-08 4:13,0.0011,OK,정상,1,1,0,0,정상,
2026-05-08 3:44,2026-05-08 4:14,0.0014,OK,정상,1,0,0,0,정상,
2026-05-08 3:45,2026-05-08 4:15,0.0009,OK,정상,1,1,0,0,정상,
2026-05-08 3:46,2026-05-08 4:16,0.0015,OK,정상,1,1,0,0,정상,
2026-05-08 3:47,2026-05-08 4:17,0.0011,OK,정상,1,0,0,0,정상,
2026-05-08 3:48,2026-05-08 4:18,0.0011,OK,정상,1,0,0,0,정상,
2026-05-08 3:49,2026-05-08 4:19,0.0012,OK,정상,1,0,0,0,정상,
2026-05-08 3:50,2026-05-08 4:20,0.001,OK,정상,1,0,0,0,정상,
2026-05-08 3:51,2026-05-08 4:21,0.0008,OK,정상,1,0,0,0,정상,
2026-05-08 3:52,2026-05-08 4:22,0.001,OK,정상,0,0,0,0,정상,
2026-05-08 3:53,2026-05-08 4:23,0.0008,OK,정상,0,0,0,0,정상,
2026-05-08 3:54,2026-05-08 4:24,0.0016,OK,정상,0,0,0,0,정상,
2026-05-08 3:55,2026-05-08 4:25,0.001,OK,정상,0,0,0,0,정상,
2026-05-08 3:56,2026-05-08 4:26,0.0014,OK,정상,0,0,0,0,정상,
2026-05-08 3:57,2026-05-08 4:27,0.0015,OK,정상,0,0,0,0,정상,
2026-05-08 3:58,2026-05-08 4:28,0.0021,OK,정상,0,0,0,0,정상,
2026-05-08 3:59,2026-05-08 4:29,0.0023,OK,정상,0,1,0,0,정상,
2026-05-08 4:00,2026-05-08 4:30,0.0037,OK,정상,0,1,0,0,정상,
2026-05-08 4:01,2026-05-08 4:31,0.004,OK,정상,0,0,0,0,정상,
2026-05-08 4:02,2026-05-08 4:32,0.0063,OK,정상,0,0,0,0,정상,
2026-05-08 4:03,2026-05-08 4:33,0.0057,OK,정상,0,0,0,0,정상,
2026-05-08 4:04,2026-05-08 4:34,0.0057,OK,정상,0,0,0,0,정상,
2026-05-08 4:05,2026-05-08 4:35,0.0065,OK,정상,0,0,0,0,정상,
2026-05-08 4:06,2026-05-08 4:36,0.0061,OK,정상,0,1,0,0,정상,
2026-05-08 4:07,2026-05-08 4:37,0.0039,OK,정상,0,0,0,0,정상,
2026-05-08 4:08,2026-05-08 4:38,0.0037,OK,정상,0,0,0,0,정상,
2026-05-08 4:09,2026-05-08 4:39,0.003,OK,정상,0,0,0,0,정상,
2026-05-08 4:10,2026-05-08 4:40,0.0036,OK,정상,0,0,0,0,정상,
2026-05-08 4:11,2026-05-08 4:41,0.0039,OK,정상,0,0,0,0,정상,
2026-05-08 4:12,2026-05-08 4:42,0.0038,OK,정상,0,0,0,0,정상,
2026-05-08 4:13,2026-05-08 4:43,0.0041,OK,정상,0,0,0,0,정상,
2026-05-08 4:14,2026-05-08 4:44,0.0033,OK,정상,1,0,0,0,정상,
2026-05-08 4:15,2026-05-08 4:45,0.0042,OK,정상,1,0,0,0,정상,
2026-05-08 4:16,2026-05-08 4:46,0.005,OK,정상,1,0,0,0,정상,
2026-05-08 4:17,2026-05-08 4:47,0.0054,OK,정상,1,0,0,0,정상,
2026-05-08 4:18,2026-05-08 4:48,0.0039,OK,정상,1,0,0,0,정상,
2026-05-08 4:19,2026-05-08 4:49,0.0042,OK,정상,1,0,0,0,정상,
2026-05-08 4:20,2026-05-08 4:50,0.0034,OK,정상,1,0,0,0,정상,
2026-05-08 4:21,2026-05-08 4:51,0.0027,OK,정상,1,0,0,0,정상,
2026-05-08 4:22,2026-05-08 4:52,0.0026,OK,정상,1,0,0,0,정상,
2026-05-08 4:23,2026-05-08 4:53,0.0031,OK,정상,1,0,0,0,정상,
2026-05-08 4:24,2026-05-08 4:54,0.0029,OK,정상,1,0,0,0,정상,
2026-05-08 4:25,2026-05-08 4:55,0.0029,OK,정상,1,0,0,0,정상,
2026-05-08 4:26,2026-05-08 4:56,0.0022,OK,정상,1,0,0,0,정상,
2026-05-08 4:27,2026-05-08 4:57,0.0026,OK,정상,1,0,0,0,정상,
2026-05-08 4:28,2026-05-08 4:58,0.0029,OK,정상,1,0,0,0,정상,
2026-05-08 4:29,2026-05-08 4:59,0.0032,OK,정상,1,0,0,0,정상,
2026-05-08 4:30,2026-05-08 5:00,0.0052,OK,정상,1,0,0,0,정상,
2026-05-08 4:31,2026-05-08 5:01,0.0032,OK,정상,1,0,0,0,정상,
2026-05-08 4:32,2026-05-08 5:02,0.0033,OK,정상,1,0,0,0,정상,
2026-05-08 4:33,2026-05-08 5:03,0.0033,OK,정상,1,0,0,0,정상,
2026-05-08 4:34,2026-05-08 5:04,0.0035,OK,정상,1,0,0,0,정상,
2026-05-08 4:35,2026-05-08 5:05,0.0043,OK,정상,1,0,0,0,정상,
2026-05-08 4:36,2026-05-08 5:06,0.0025,OK,정상,1,0,0,0,정상,
2026-05-08 4:37,2026-05-08 5:07,0.0022,OK,정상,1,0,0,0,정상,
2026-05-08 4:38,2026-05-08 5:08,0.0044,OK,정상,1,0,0,0,정상,
2026-05-08 4:39,2026-05-08 5:09,0.0023,OK,정상,1,0,0,0,정상,
2026-05-08 4:40,2026-05-08 5:10,0.0032,OK,정상,1,0,0,0,정상,
2026-05-08 4:41,2026-05-08 5:11,0.0026,OK,정상,1,0,0,0,정상,
2026-05-08 4:42,2026-05-08 5:12,0.0043,OK,정상,1,0,0,0,정상,
2026-05-08 4:43,2026-05-08 5:13,0.0022,OK,정상,1,0,0,0,정상,
2026-05-08 4:44,2026-05-08 5:14,0.004,OK,정상,1,0,0,0,정상,
2026-05-08 4:45,2026-05-08 5:15,0.0021,OK,정상,1,0,0,0,정상,
2026-05-08 4:46,2026-05-08 5:16,0.0027,OK,정상,1,0,0,0,정상,
2026-05-08 4:47,2026-05-08 5:17,0.0021,OK,정상,1,0,0,0,정상,
2026-05-08 4:48,2026-05-08 5:18,0.0026,OK,정상,1,0,0,0,정상,
2026-05-08 4:49,2026-05-08 5:19,0.002,OK,정상,1,0,0,0,정상,
2026-05-08 4:50,2026-05-08 5:20,0.0023,OK,정상,1,0,0,0,정상,
2026-05-08 4:51,2026-05-08 5:21,0.0019,OK,정상,1,0,0,0,정상,
2026-05-08 4:52,2026-05-08 5:22,0.0063,OK,정상,1,1,0,0,정상,
2026-05-08 4:53,2026-05-08 5:23,0.0027,OK,정상,1,1,0,0,정상,
2026-05-08 4:54,2026-05-08 5:24,0.0095,OK,정상,1,1,0,0,정상,
2026-05-08 4:55,2026-05-08 5:25,0.0086,OK,정상,1,1,0,0,정상,
2026-05-08 4:56,2026-05-08 5:26,0.0054,OK,정상,1,1,0,0,정상,
2026-05-08 4:57,2026-05-08 5:27,0.0059,OK,정상,1,1,0,0,정상,
2026-05-08 4:58,2026-05-08 5:28,0.0048,OK,정상,1,1,0,0,정상,
2026-05-08 4:59,2026-05-08 5:29,0.0044,OK,정상,1,1,0,0,정상,
2026-05-08 5:00,2026-05-08 5:30,0.0069,OK,정상,1,1,0,0,정상,
2026-05-08 5:01,2026-05-08 5:31,0.0055,OK,정상,1,0,0,0,정상,
2026-05-08 5:02,2026-05-08 5:32,0.007,OK,정상,0,0,0,0,정상,
2026-05-08 5:03,2026-05-08 5:33,0.0064,OK,정상,0,0,0,0,정상,
2026-05-08 5:04,2026-05-08 5:34,0.007,OK,정상,0,0,0,0,정상,
2026-05-08 5:05,2026-05-08 5:35,0.0056,OK,정상,0,0,0,0,정상,
2026-05-08 5:06,2026-05-08 5:36,0.0057,OK,정상,1,0,0,0,정상,
2026-05-08 5:07,2026-05-08 5:37,0.0068,OK,정상,1,0,0,0,정상,
2026-05-08 5:08,2026-05-08 5:38,0.0066,OK,정상,1,0,0,0,정상,
2026-05-08 5:09,2026-05-08 5:39,0.0064,OK,정상,1,0,0,0,정상,
2026-05-08 5:10,2026-05-08 5:40,0.006,OK,정상,1,0,0,0,정상,
2026-05-08 5:11,2026-05-08 5:41,0.0061,OK,정상,1,0,0,0,정상,
2026-05-08 5:12,2026-05-08 5:42,0.0058,OK,정상,1,0,0,0,정상,
2026-05-08 5:13,2026-05-08 5:43,0.0051,OK,정상,1,0,0,0,정상,
2026-05-08 5:14,2026-05-08 5:44,0.0053,OK,정상,1,0,0,0,정상,
2026-05-08 5:15,2026-05-08 5:45,0.0035,OK,정상,1,0,0,0,정상,
2026-05-08 5:16,2026-05-08 5:46,0.0044,OK,정상,1,0,0,0,정상,
2026-05-08 5:17,2026-05-08 5:47,0.0049,OK,정상,1,0,0,0,정상,
2026-05-08 5:18,2026-05-08 5:48,0.0056,OK,정상,1,0,0,0,정상,
2026-05-08 5:19,2026-05-08 5:49,0.0058,OK,정상,1,0,0,0,정상,
2026-05-08 5:20,2026-05-08 5:50,0.005,OK,정상,0,0,0,0,정상,
2026-05-08 5:21,2026-05-08 5:51,0.007,OK,정상,1,0,0,0,정상,
2026-05-08 5:22,2026-05-08 5:52,0.0037,OK,정상,1,0,0,0,정상,
2026-05-08 5:23,2026-05-08 5:53,0.0034,OK,정상,1,0,0,0,정상,
2026-05-08 5:24,2026-05-08 5:54,0.0036,OK,정상,1,0,0,0,정상,
2026-05-08 5:25,2026-05-08 5:55,0.0022,OK,정상,1,0,0,0,정상,
2026-05-08 5:26,2026-05-08 5:56,0.0018,OK,정상,1,0,0,0,정상,
2026-05-08 5:27,2026-05-08 5:57,0.0021,OK,정상,0,0,0,0,정상,
2026-05-08 5:28,2026-05-08 5:58,0.0017,OK,정상,0,0,0,0,정상,
2026-05-08 5:29,2026-05-08 5:59,0.0019,OK,정상,0,0,0,0,정상,
2026-05-08 5:30,2026-05-08 6:00,0.0018,OK,정상,0,0,0,0,정상,
2026-05-08 5:31,2026-05-08 6:01,0.0022,OK,정상,0,0,0,0,정상,
2026-05-08 5:32,2026-05-08 6:02,0.0021,OK,정상,0,0,0,0,정상,
2026-05-08 5:33,2026-05-08 6:03,0.0022,OK,정상,0,0,0,0,정상,
2026-05-08 5:34,2026-05-08 6:04,0.0027,OK,정상,0,1,0,0,정상,
2026-05-08 5:35,2026-05-08 6:05,0.0029,OK,정상,0,1,0,0,정상,
2026-05-08 5:36,2026-05-08 6:06,0.0022,OK,정상,0,1,0,0,정상,
2026-05-08 5:37,2026-05-08 6:07,0.0018,OK,정상,0,1,0,0,정상,
2026-05-08 5:38,2026-05-08 6:08,0.002,OK,정상,0,1,0,0,정상,
2026-05-08 5:39,2026-05-08 6:09,0.0025,OK,정상,0,1,0,0,정상,
2026-05-08 5:40,2026-05-08 6:10,0.003,OK,정상,1,0,0,0,정상,
2026-05-08 5:41,2026-05-08 6:11,0.0033,OK,정상,1,0,0,0,정상,
2026-05-08 5:42,2026-05-08 6:12,0.0018,OK,정상,1,0,0,0,정상,
2026-05-08 5:43,2026-05-08 6:13,0.0018,OK,정상,1,0,0,0,정상,
2026-05-08 5:44,2026-05-08 6:14,0.0022,OK,정상,1,0,0,0,정상,
2026-05-08 5:45,2026-05-08 6:15,0.0036,OK,정상,1,0,0,0,정상,
2026-05-08 5:46,2026-05-08 6:16,0.0023,OK,정상,1,0,0,0,정상,
2026-05-08 5:47,2026-05-08 6:17,0.0016,OK,정상,1,0,0,0,정상,
2026-05-08 5:48,2026-05-08 6:18,0.0022,OK,정상,0,0,0,0,정상,
2026-05-08 5:49,2026-05-08 6:19,0.0019,OK,정상,0,0,0,0,정상,
2026-05-08 5:50,2026-05-08 6:20,0.0019,OK,정상,0,0,0,0,정상,
2026-05-08 5:51,2026-05-08 6:21,0.0018,OK,정상,0,0,0,0,정상,
2026-05-08 5:52,2026-05-08 6:22,0.003,OK,정상,1,0,0,0,정상,
2026-05-08 5:53,2026-05-08 6:23,0.0033,OK,정상,1,1,0,0,정상,
2026-05-08 5:54,2026-05-08 6:24,0.0032,OK,정상,1,1,0,0,정상,
2026-05-08 5:55,2026-05-08 6:25,0.0024,OK,정상,1,0,0,0,정상,
2026-05-08 5:56,2026-05-08 6:26,0.0034,OK,정상,1,0,0,0,정상,
2026-05-08 5:57,2026-05-08 6:27,0.0022,OK,정상,1,0,0,0,정상,
2026-05-08 5:58,2026-05-08 6:28,0.0017,OK,정상,1,0,0,0,정상,
2026-05-08 5:59,2026-05-08 6:29,0.0016,OK,정상,0,0,0,0,정상,
2026-05-08 6:00,2026-05-08 6:30,0.0019,OK,정상,1,0,0,0,정상,
2026-05-08 6:01,2026-05-08 6:31,0.0015,OK,정상,0,0,0,0,정상,
2026-05-08 6:02,2026-05-08 6:32,0.0015,OK,정상,1,0,0,0,정상,
2026-05-08 6:03,2026-05-08 6:33,0.0014,OK,정상,0,0,0,0,정상,
2026-05-08 6:04,2026-05-08 6:34,0.002,OK,정상,1,0,0,0,정상,
2026-05-08 6:05,2026-05-08 6:35,0.0018,OK,정상,0,0,0,0,정상,
2026-05-08 6:06,2026-05-08 6:36,0.0019,OK,정상,1,0,0,0,정상,
2026-05-08 6:07,2026-05-08 6:37,0.0021,OK,정상,0,0,0,0,정상,
2026-05-08 6:08,2026-05-08 6:38,0.0022,OK,정상,1,1,0,0,정상,
2026-05-08 6:09,2026-05-08 6:39,0.0042,OK,정상,1,1,0,0,정상,
2026-05-08 6:10,2026-05-08 6:40,0.0056,OK,정상,1,0,0,0,정상,
2026-05-08 6:11,2026-05-08 6:41,0.003,OK,정상,1,1,0,0,정상,
2026-05-08 6:12,2026-05-08 6:42,0.0024,OK,정상,1,1,0,0,정상,
2026-05-08 6:13,2026-05-08 6:43,0.0022,OK,정상,1,1,0,0,정상,
2026-05-08 6:14,2026-05-08 6:44,0.0026,OK,정상,1,0,0,0,정상,
2026-05-08 6:15,2026-05-08 6:45,0.0027,OK,정상,1,0,0,0,정상,
2026-05-08 6:16,2026-05-08 6:46,0.0021,OK,정상,1,0,0,0,정상,
2026-05-08 6:17,2026-05-08 6:47,0.0021,OK,정상,1,0,0,0,정상,
2026-05-08 6:18,2026-05-08 6:48,0.0025,OK,정상,1,0,0,0,정상,
2026-05-08 6:19,2026-05-08 6:49,0.0027,OK,정상,1,0,0,0,정상,
2026-05-08 6:20,2026-05-08 6:50,0.0023,OK,정상,1,0,0,0,정상,
2026-05-08 6:21,2026-05-08 6:51,0.0021,OK,정상,1,0,0,0,정상,
2026-05-08 6:22,2026-05-08 6:52,0.0025,OK,정상,1,0,0,0,정상,
2026-05-08 6:23,2026-05-08 6:53,0.0014,OK,정상,1,0,0,0,정상,
2026-05-08 6:24,2026-05-08 6:54,0.003,OK,정상,1,0,0,0,정상,
2026-05-08 6:25,2026-05-08 6:55,0.0017,OK,정상,1,0,0,0,정상,
2026-05-08 6:26,2026-05-08 6:56,0.0021,OK,정상,0,0,0,0,정상,
2026-05-08 6:27,2026-05-08 6:57,0.0018,OK,정상,0,0,0,0,정상,
2026-05-08 6:28,2026-05-08 6:58,0.0023,OK,정상,1,0,0,0,정상,
2026-05-08 6:29,2026-05-08 6:59,0.0023,OK,정상,1,0,0,0,정상,
2026-05-08 6:30,2026-05-08 7:00,0.0022,OK,정상,1,0,0,0,정상,
2026-05-08 6:31,2026-05-08 7:01,0.0015,OK,정상,0,0,0,0,정상,
2026-05-08 6:32,2026-05-08 7:02,0.0018,OK,정상,1,1,0,0,정상,
2026-05-08 6:33,2026-05-08 7:03,0.0021,OK,정상,0,1,0,0,정상,
2026-05-08 6:34,2026-05-08 7:04,0.0011,OK,정상,0,0,0,0,정상,
2026-05-08 6:35,2026-05-08 7:05,0.0012,OK,정상,0,0,0,0,정상,
2026-05-08 6:36,2026-05-08 7:06,0.002,OK,정상,0,0,0,0,정상,
2026-05-08 6:37,2026-05-08 7:07,0.0013,OK,정상,0,0,0,0,정상,
2026-05-08 6:38,2026-05-08 7:08,0.0015,OK,정상,0,0,0,0,정상,
2026-05-08 6:39,2026-05-08 7:09,0.0016,OK,정상,0,0,0,0,정상,
2026-05-08 6:40,2026-05-08 7:10,0.002,OK,정상,0,0,0,0,정상,
2026-05-08 6:41,2026-05-08 7:11,0.0021,OK,정상,0,0,0,0,정상,
2026-05-08 6:42,2026-05-08 7:12,0.0021,OK,정상,0,0,0,0,정상,
2026-05-08 6:43,2026-05-08 7:13,0.0024,OK,정상,0,0,0,0,정상,
2026-05-08 6:44,2026-05-08 7:14,0.0027,OK,정상,0,0,0,0,정상,
2026-05-08 6:45,2026-05-08 7:15,0.002,OK,정상,0,0,0,0,정상,
2026-05-08 6:46,2026-05-08 7:16,0.0019,OK,정상,0,0,0,0,정상,
2026-05-08 6:47,2026-05-08 7:17,0.0026,OK,정상,0,0,0,0,정상,
2026-05-08 6:48,2026-05-08 7:18,0.0013,OK,정상,0,0,0,0,정상,
2026-05-08 6:49,2026-05-08 7:19,0.0026,OK,정상,0,0,0,0,정상,
2026-05-08 6:50,2026-05-08 7:20,0.0017,OK,정상,0,0,0,0,정상,
2026-05-08 6:51,2026-05-08 7:21,0.0017,OK,정상,0,0,0,0,정상,
2026-05-08 6:52,2026-05-08 7:22,0.0029,OK,정상,0,0,0,0,정상,
2026-05-08 6:53,2026-05-08 7:23,0.0029,OK,정상,0,0,0,0,정상,
2026-05-08 6:54,2026-05-08 7:24,0.002,OK,정상,0,0,0,0,정상,
2026-05-08 6:55,2026-05-08 7:25,0.0021,OK,정상,0,0,0,0,정상,
2026-05-08 6:56,2026-05-08 7:26,0.0025,OK,정상,0,0,0,0,정상,
2026-05-08 6:57,2026-05-08 7:27,0.0038,OK,정상,0,0,0,0,정상,
2026-05-08 6:58,2026-05-08 7:28,0.0025,OK,정상,0,0,0,0,정상,
2026-05-08 6:59,2026-05-08 7:29,0.0012,OK,정상,0,0,0,0,정상,
2026-05-08 7:00,2026-05-08 7:30,0.0014,OK,정상,0,1,0,0,정상,
2026-05-08 7:01,2026-05-08 7:31,0.0014,OK,정상,0,1,0,0,정상,
2026-05-08 7:02,2026-05-08 7:32,0.0017,OK,정상,0,1,0,0,정상,
2026-05-08 7:03,2026-05-08 7:33,0.0026,OK,정상,0,1,0,0,정상,
2026-05-08 7:04,2026-05-08 7:34,0.0016,OK,정상,0,0,0,0,정상,
2026-05-08 7:05,2026-05-08 7:35,0.002,OK,정상,0,0,0,0,정상,
2026-05-08 7:06,2026-05-08 7:36,0.002,OK,정상,0,0,0,0,정상,
2026-05-08 7:07,2026-05-08 7:37,0.0025,OK,정상,0,0,0,0,정상,
2026-05-08 7:08,2026-05-08 7:38,0.0028,OK,정상,0,0,0,0,정상,
2026-05-08 7:09,2026-05-08 7:39,0.002,OK,정상,0,0,0,0,정상,
2026-05-08 7:10,2026-05-08 7:40,0.0035,OK,정상,0,0,0,0,정상,
2026-05-08 7:11,2026-05-08 7:41,0.0034,OK,정상,0,0,0,0,정상,
2026-05-08 7:12,2026-05-08 7:42,0.0024,OK,정상,0,0,0,0,정상,
2026-05-08 7:13,2026-05-08 7:43,0.0035,OK,정상,0,0,0,0,정상,
2026-05-08 7:14,2026-05-08 7:44,0.0038,OK,정상,0,0,0,0,정상,
2026-05-08 7:15,2026-05-08 7:45,0.0052,OK,정상,0,0,0,0,정상,
2026-05-08 7:16,2026-05-08 7:46,0.0041,OK,정상,0,0,0,0,정상,
2026-05-08 7:17,2026-05-08 7:47,0.0032,OK,정상,0,0,0,0,정상,
2026-05-08 7:18,2026-05-08 7:48,0.0026,OK,정상,0,0,0,0,정상,
2026-05-08 7:19,2026-05-08 7:49,0.0032,OK,정상,0,0,0,0,정상,
2026-05-08 7:20,2026-05-08 7:50,0.0023,OK,정상,0,0,0,0,정상,
2026-05-08 7:21,2026-05-08 7:51,0.0027,OK,정상,0,0,0,0,정상,
2026-05-08 7:22,2026-05-08 7:52,0.002,OK,정상,0,0,0,0,정상,
2026-05-08 7:23,2026-05-08 7:53,0.0018,OK,정상,0,0,0,0,정상,
2026-05-08 7:24,2026-05-08 7:54,0.0025,OK,정상,0,0,0,0,정상,
2026-05-08 7:25,2026-05-08 7:55,0.002,OK,정상,0,0,0,0,정상,
2026-05-08 7:26,2026-05-08 7:56,0.002,OK,정상,0,0,0,0,정상,
2026-05-08 7:27,2026-05-08 7:57,0.002,OK,정상,0,0,0,0,정상,
2026-05-08 7:28,2026-05-08 7:58,0.0027,OK,정상,0,0,0,0,정상,
2026-05-08 7:29,2026-05-08 7:59,0.0009,OK,정상,0,0,0,0,정상,
2026-05-08 7:30,2026-05-08 8:00,0.0017,OK,정상,0,0,0,0,정상,
2026-05-08 7:31,2026-05-08 8:01,0.0018,OK,정상,0,0,0,0,정상,
2026-05-08 7:32,2026-05-08 8:02,0.0016,OK,정상,0,0,0,0,정상,
2026-05-08 7:33,2026-05-08 8:03,0.0018,OK,정상,0,0,0,0,정상,
2026-05-08 7:34,2026-05-08 8:04,0.0024,OK,정상,0,0,0,0,정상,
2026-05-08 7:35,2026-05-08 8:05,0.0023,OK,정상,0,0,0,0,정상,
2026-05-08 7:36,2026-05-08 8:06,0.0019,OK,정상,0,0,0,0,정상,
2026-05-08 7:37,2026-05-08 8:07,0.0023,OK,정상,0,0,0,0,정상,
2026-05-08 7:38,2026-05-08 8:08,0.0028,OK,정상,0,0,0,0,정상,
2026-05-08 7:39,2026-05-08 8:09,0.0028,OK,정상,0,0,0,0,정상,
2026-05-08 7:40,2026-05-08 8:10,0.0028,OK,정상,0,0,0,0,정상,
2026-05-08 7:41,2026-05-08 8:11,0.0021,OK,정상,0,0,0,0,정상,
2026-05-08 7:42,2026-05-08 8:12,0.0021,OK,정상,0,0,0,0,정상,
2026-05-08 7:43,2026-05-08 8:13,0.0104,OK,정상,0,0,0,0,정상,
2026-05-08 7:44,2026-05-08 8:14,0.002,OK,정상,0,0,0,0,정상,
2026-05-08 7:45,2026-05-08 8:15,0.002,OK,정상,0,0,0,0,정상,
2026-05-08 7:46,2026-05-08 8:16,0.0013,OK,정상,0,0,0,0,정상,
2026-05-08 7:47,2026-05-08 8:17,0.0013,OK,정상,0,0,0,0,정상,
2026-05-08 7:48,2026-05-08 8:18,0.0007,OK,정상,0,0,0,0,정상,
2026-05-08 7:49,2026-05-08 8:19,0.0006,OK,정상,0,0,0,0,정상,
2026-05-08 7:50,2026-05-08 8:20,0.0007,OK,정상,0,0,0,0,정상,
2026-05-08 7:51,2026-05-08 8:21,0.0006,OK,정상,0,0,0,0,정상,
2026-05-08 7:52,2026-05-08 8:22,0.0008,OK,정상,0,0,0,0,정상,
2026-05-08 7:53,2026-05-08 8:23,0.0009,OK,정상,0,0,0,0,정상,
2026-05-08 7:54,2026-05-08 8:24,0.0009,OK,정상,0,0,0,0,정상,
2026-05-08 7:55,2026-05-08 8:25,0.0009,OK,정상,0,0,0,0,정상,
2026-05-08 7:56,2026-05-08 8:26,0.0009,OK,정상,0,0,0,0,정상,
2026-05-08 7:57,2026-05-08 8:27,0.0005,OK,정상,0,0,0,0,정상,
2026-05-08 7:58,2026-05-08 8:28,0.0007,OK,정상,0,0,0,0,정상,
2026-05-08 7:59,2026-05-08 8:29,0.0008,OK,정상,0,0,0,0,정상,
2026-05-08 8:00,2026-05-08 8:30,0.0006,OK,정상,0,0,0,0,정상,
2026-05-08 8:01,2026-05-08 8:31,0.0005,OK,정상,0,0,0,0,정상,
2026-05-08 8:02,2026-05-08 8:32,0.0003,OK,정상,0,0,0,0,정상,
2026-05-08 8:03,2026-05-08 8:33,0.0004,OK,정상,0,0,0,0,정상,
2026-05-08 8:04,2026-05-08 8:34,0.0006,OK,정상,0,0,0,0,정상,
2026-05-08 8:05,2026-05-08 8:35,0.0006,OK,정상,0,0,0,0,정상,
2026-05-08 8:06,2026-05-08 8:36,0.0006,OK,정상,0,0,0,0,정상,
2026-05-08 8:07,2026-05-08 8:37,0.0009,OK,정상,0,0,0,0,정상,
2026-05-08 8:08,2026-05-08 8:38,0.0006,OK,정상,0,0,0,0,정상,
2026-05-08 8:09,2026-05-08 8:39,0.0013,OK,정상,0,0,0,0,정상,
2026-05-08 8:10,2026-05-08 8:40,0.0011,OK,정상,0,0,0,0,정상,
2026-05-08 8:11,2026-05-08 8:41,0.0029,OK,정상,0,0,0,0,정상,
2026-05-08 8:12,2026-05-08 8:42,0.002,OK,정상,0,0,0,0,정상,
2026-05-08 8:13,2026-05-08 8:43,0.0016,OK,정상,0,0,0,0,정상,
2026-05-08 8:14,2026-05-08 8:44,0.0011,OK,정상,0,0,0,0,정상,
2026-05-08 8:15,2026-05-08 8:45,0.0011,OK,정상,0,0,0,0,정상,
2026-05-08 8:16,2026-05-08 8:46,0.0012,OK,정상,0,0,0,0,정상,
2026-05-08 8:17,2026-05-08 8:47,0.0011,OK,정상,0,0,0,0,정상,
2026-05-08 8:18,2026-05-08 8:48,0.0022,OK,정상,0,0,0,0,정상,
2026-05-08 8:19,2026-05-08 8:49,0.0015,OK,정상,0,0,0,0,정상,
2026-05-08 8:20,2026-05-08 8:50,0.0013,OK,정상,0,0,0,0,정상,
2026-05-08 8:21,2026-05-08 8:51,0.0011,OK,정상,0,0,0,0,정상,
2026-05-08 8:22,2026-05-08 8:52,0.0009,OK,정상,0,0,0,0,정상,
2026-05-08 8:23,2026-05-08 8:53,0.0009,OK,정상,0,0,0,0,정상,
2026-05-08 8:24,2026-05-08 8:54,0.0009,OK,정상,0,0,0,0,정상,
2026-05-08 8:25,2026-05-08 8:55,0.0012,OK,정상,0,0,0,0,정상,
2026-05-08 8:26,2026-05-08 8:56,0.0007,OK,정상,0,0,0,0,정상,
2026-05-08 8:27,2026-05-08 8:57,0.0005,OK,정상,0,0,0,0,정상,
2026-05-08 8:28,2026-05-08 8:58,0.0014,OK,정상,0,0,0,0,정상,
2026-05-08 8:29,2026-05-08 8:59,0.0033,OK,정상,0,0,0,0,정상,
2026-05-08 8:30,2026-05-08 9:00,0.0011,OK,정상,0,0,0,0,정상,
2026-05-08 8:31,2026-05-08 9:01,0.002,OK,정상,0,1,0,0,정상,
2026-05-08 8:32,2026-05-08 9:02,0.002,OK,정상,0,1,0,0,정상,
2026-05-08 8:33,2026-05-08 9:03,0.0018,OK,정상,0,1,0,0,정상,
2026-05-08 8:34,2026-05-08 9:04,0.0014,OK,정상,0,1,0,0,정상,
2026-05-08 8:35,2026-05-08 9:05,0.0013,OK,정상,0,1,0,0,정상,
2026-05-08 8:36,2026-05-08 9:06,0.0021,OK,정상,0,1,0,0,정상,
2026-05-08 8:37,2026-05-08 9:07,0.002,OK,정상,0,1,0,0,정상,
2026-05-08 8:38,2026-05-08 9:08,0.0019,OK,정상,0,1,0,0,정상,
2026-05-08 8:39,2026-05-08 9:09,0.001,OK,정상,0,0,0,0,정상,
2026-05-08 8:40,2026-05-08 9:10,0.0012,OK,정상,0,0,0,0,정상,
2026-05-08 8:41,2026-05-08 9:11,0.0008,OK,정상,0,0,0,0,정상,
2026-05-08 8:42,2026-05-08 9:12,0.0006,OK,정상,0,0,0,0,정상,
2026-05-08 8:43,2026-05-08 9:13,0.0005,OK,정상,0,0,0,0,정상,
2026-05-08 8:44,2026-05-08 9:14,0.0006,OK,정상,0,0,0,0,정상,
2026-05-08 8:45,2026-05-08 9:15,0.0006,OK,정상,0,0,0,0,정상,
2026-05-08 8:46,2026-05-08 9:16,0.001,OK,정상,0,0,0,0,정상,
2026-05-08 8:47,2026-05-08 9:17,0.001,OK,정상,0,0,0,0,정상,
2026-05-08 8:48,2026-05-08 9:18,0.001,OK,정상,0,0,0,0,정상,
2026-05-08 8:49,2026-05-08 9:19,0.0013,OK,정상,0,0,0,0,정상,
2026-05-08 8:50,2026-05-08 9:20,0.003,OK,정상,0,1,0,0,정상,
2026-05-08 8:51,2026-05-08 9:21,0.0022,OK,정상,0,1,0,0,정상,
2026-05-08 8:52,2026-05-08 9:22,0.0021,OK,정상,0,1,0,0,정상,
2026-05-08 8:53,2026-05-08 9:23,0.0024,OK,정상,0,1,0,0,정상,
2026-05-08 8:54,2026-05-08 9:24,0.0013,OK,정상,0,1,0,0,정상,
2026-05-08 8:55,2026-05-08 9:25,0.0031,OK,정상,0,1,0,0,정상,
2026-05-08 8:56,2026-05-08 9:26,0.0019,OK,정상,0,1,0,0,정상,
2026-05-08 8:57,2026-05-08 9:27,0.0015,OK,정상,0,0,0,0,정상,
2026-05-08 8:58,2026-05-08 9:28,0.0011,OK,정상,0,0,0,0,정상,
2026-05-08 8:59,2026-05-08 9:29,0.0008,OK,정상,0,0,0,0,정상,
2026-05-08 9:00,2026-05-08 9:30,0.0012,OK,정상,0,0,0,0,정상,
2026-05-08 9:01,2026-05-08 9:31,0.0024,OK,정상,0,0,0,0,정상,
2026-05-08 9:02,2026-05-08 9:32,0.0039,OK,정상,0,0,0,0,정상,
2026-05-08 9:03,2026-05-08 9:33,0.001,OK,정상,0,0,0,0,정상,
2026-05-08 9:04,2026-05-08 9:34,0.0012,OK,정상,0,0,0,0,정상,
2026-05-08 9:05,2026-05-08 9:35,0.002,OK,정상,0,0,0,0,정상,
2026-05-08 9:06,2026-05-08 9:36,0.0045,OK,정상,0,0,0,0,정상,
2026-05-08 9:07,2026-05-08 9:37,0.0053,OK,정상,0,0,0,0,정상,
2026-05-08 9:08,2026-05-08 9:38,0.0037,OK,정상,0,0,0,0,정상,
2026-05-08 9:09,2026-05-08 9:39,0.0041,OK,정상,1,1,0,0,정상,
2026-05-08 9:10,2026-05-08 9:40,0.0029,OK,정상,1,0,0,0,정상,
2026-05-08 9:11,2026-05-08 9:41,0.0035,OK,정상,1,0,0,0,정상,
2026-05-08 9:12,2026-05-08 9:42,0.0065,OK,정상,1,0,0,0,정상,
2026-05-08 9:13,2026-05-08 9:43,0.0053,OK,정상,1,0,0,0,정상,
2026-05-08 9:14,2026-05-08 9:44,0.0053,OK,정상,1,0,0,0,정상,
2026-05-08 9:15,2026-05-08 9:45,0.0046,OK,정상,1,0,0,0,정상,
2026-05-08 9:16,2026-05-08 9:46,0.0055,OK,정상,1,0,0,0,정상,
2026-05-08 9:17,2026-05-08 9:47,0.0046,OK,정상,1,0,0,0,정상,
2026-05-08 9:18,2026-05-08 9:48,0.0043,OK,정상,1,0,0,0,정상,
2026-05-08 9:19,2026-05-08 9:49,0.0052,OK,정상,1,0,0,0,정상,
2026-05-08 9:20,2026-05-08 9:50,0.0048,OK,정상,1,0,0,0,정상,
2026-05-08 9:21,2026-05-08 9:51,0.0034,OK,정상,1,0,0,0,정상,
2026-05-08 9:22,2026-05-08 9:52,0.0051,OK,정상,1,0,0,0,정상,
2026-05-08 9:23,2026-05-08 9:53,0.0033,OK,정상,0,0,0,0,정상,
2026-05-08 9:24,2026-05-08 9:54,0.0042,OK,정상,1,0,0,0,정상,
2026-05-08 9:25,2026-05-08 9:55,0.0028,OK,정상,0,0,0,0,정상,
2026-05-08 9:26,2026-05-08 9:56,0.0032,OK,정상,1,0,0,0,정상,
2026-05-08 9:27,2026-05-08 9:57,0.0026,OK,정상,0,0,0,0,정상,
2026-05-08 9:28,2026-05-08 9:58,0.0025,OK,정상,1,0,0,0,정상,
2026-05-08 9:29,2026-05-08 9:59,0.0013,OK,정상,0,0,0,0,정상,
2026-05-08 9:30,2026-05-08 10:00,0.0014,OK,정상,1,0,0,0,정상,
2026-05-08 9:31,2026-05-08 10:01,0.0012,OK,정상,0,0,0,0,정상,
2026-05-08 9:32,2026-05-08 10:02,0.0037,OK,정상,1,0,0,0,정상,
2026-05-08 9:33,2026-05-08 10:03,0.0022,OK,정상,0,0,0,0,정상,
2026-05-08 9:34,2026-05-08 10:04,0.0025,OK,정상,1,0,0,0,정상,
2026-05-08 9:35,2026-05-08 10:05,0.002,OK,정상,0,0,0,0,정상,
2026-05-08 9:36,2026-05-08 10:06,0.0023,OK,정상,1,0,0,0,정상,
2026-05-08 9:37,2026-05-08 10:07,0.0017,OK,정상,0,0,0,0,정상,
2026-05-08 9:38,2026-05-08 10:08,0.0029,OK,정상,1,0,0,0,정상,
2026-05-08 9:39,2026-05-08 10:09,0.0031,OK,정상,0,0,0,0,정상,
2026-05-08 9:40,2026-05-08 10:10,0.0034,OK,정상,1,0,0,0,정상,
2026-05-08 9:41,2026-05-08 10:11,0.0027,OK,정상,0,0,0,0,정상,
2026-05-08 9:42,2026-05-08 10:12,0.003,OK,정상,0,0,0,0,정상,
2026-05-08 9:43,2026-05-08 10:13,0.0024,OK,정상,0,0,0,0,정상,
2026-05-08 9:44,2026-05-08 10:14,0.0023,OK,정상,0,0,0,0,정상,
2026-05-08 9:45,2026-05-08 10:15,0.0021,OK,정상,0,0,0,0,정상,
2026-05-08 9:46,2026-05-08 10:16,0.0033,OK,정상,0,0,0,0,정상,
2026-05-08 9:47,2026-05-08 10:17,0.0044,OK,정상,0,0,0,0,정상,
2026-05-08 9:48,2026-05-08 10:18,0.0042,OK,정상,0,0,0,0,정상,
2026-05-08 9:49,2026-05-08 10:19,0.0032,OK,정상,0,0,0,0,정상,
2026-05-08 9:50,2026-05-08 10:20,0.0039,OK,정상,0,0,0,0,정상,
2026-05-08 9:51,2026-05-08 10:21,0.0048,OK,정상,0,0,0,0,정상,
2026-05-08 9:52,2026-05-08 10:22,0.0049,OK,정상,1,1,0,0,정상,
2026-05-08 9:53,2026-05-08 10:23,0.0049,OK,정상,0,1,0,0,정상,
2026-05-08 9:54,2026-05-08 10:24,0.003,OK,정상,1,1,0,0,정상,
2026-05-08 9:55,2026-05-08 10:25,0.0026,OK,정상,0,1,0,0,정상,
2026-05-08 9:56,2026-05-08 10:26,0.002,OK,정상,1,1,0,0,정상,
2026-05-08 9:57,2026-05-08 10:27,0.0031,OK,정상,0,1,0,0,정상,
2026-05-08 9:58,2026-05-08 10:28,0.0023,OK,정상,1,1,0,0,정상,
2026-05-08 9:59,2026-05-08 10:29,0.0025,OK,정상,0,1,0,0,정상,
2026-05-08 10:00,2026-05-08 10:30,0.0018,OK,정상,0,1,0,0,정상,
2026-05-08 10:01,2026-05-08 10:31,0.0015,OK,정상,0,1,0,0,정상,
2026-05-08 10:02,2026-05-08 10:32,0.0016,OK,정상,0,0,0,0,정상,
2026-05-08 10:03,2026-05-08 10:33,0.0012,OK,정상,0,0,0,0,정상,
2026-05-08 10:04,2026-05-08 10:34,0.0014,OK,정상,0,0,0,0,정상,
2026-05-08 10:05,2026-05-08 10:35,0.0016,OK,정상,0,0,0,0,정상,
2026-05-08 10:06,2026-05-08 10:36,0.0029,OK,정상,0,0,0,0,정상,
2026-05-08 10:07,2026-05-08 10:37,0.003,OK,정상,0,0,0,0,정상,
2026-05-08 10:08,2026-05-08 10:38,0.0031,OK,정상,0,0,0,0,정상,
2026-05-08 10:09,2026-05-08 10:39,0.0029,OK,정상,0,0,0,0,정상,
2026-05-08 10:10,2026-05-08 10:40,0.0031,OK,정상,0,0,0,0,정상,
2026-05-08 10:11,2026-05-08 10:41,0.0029,OK,정상,0,0,0,0,정상,
2026-05-08 10:12,2026-05-08 10:42,0.0033,OK,정상,0,0,0,0,정상,
2026-05-08 10:13,2026-05-08 10:43,0.0042,OK,정상,0,0,0,0,정상,
2026-05-08 10:14,2026-05-08 10:44,0.0037,OK,정상,0,0,0,0,정상,
2026-05-08 10:15,2026-05-08 10:45,0.0041,OK,정상,0,0,0,0,정상,
2026-05-08 10:16,2026-05-08 10:46,0.0037,OK,정상,0,0,0,0,정상,
2026-05-08 10:17,2026-05-08 10:47,0.0018,OK,정상,0,0,0,0,정상,
2026-05-08 10:18,2026-05-08 10:48,0.0031,OK,정상,1,0,0,0,정상,
2026-05-08 10:19,2026-05-08 10:49,0.0024,OK,정상,0,0,0,0,정상,
2026-05-08 10:20,2026-05-08 10:50,0.0019,OK,정상,0,0,0,0,정상,
2026-05-08 10:21,2026-05-08 10:51,0.0018,OK,정상,0,0,0,0,정상,
2026-05-08 10:22,2026-05-08 10:52,0.0027,OK,정상,0,0,0,0,정상,
2026-05-08 10:23,2026-05-08 10:53,0.0023,OK,정상,0,0,0,0,정상,
2026-05-08 10:24,2026-05-08 10:54,0.0026,OK,정상,0,0,0,0,정상,
2026-05-08 10:25,2026-05-08 10:55,0.003,OK,정상,0,0,0,0,정상,
2026-05-08 10:26,2026-05-08 10:56,0.0029,OK,정상,0,0,0,0,정상,
2026-05-08 10:27,2026-05-08 10:57,0.0331,OK,정상,0,0,0,0,정상,
2026-05-08 10:28,2026-05-08 10:58,0.0256,OK,정상,0,0,0,0,정상,
2026-05-08 10:29,2026-05-08 10:59,0.0183,OK,정상,0,0,0,0,정상,
2026-05-08 10:30,2026-05-08 11:00,0.0194,OK,정상,0,0,0,0,정상,
2026-05-08 10:31,2026-05-08 11:01,0.0197,OK,정상,0,0,0,0,정상,
2026-05-08 10:32,2026-05-08 11:02,0.0144,OK,정상,0,0,0,0,정상,
2026-05-08 10:33,2026-05-08 11:03,0.0136,OK,정상,0,0,0,0,정상,
2026-05-08 10:34,2026-05-08 11:04,0.0119,OK,정상,0,0,0,0,정상,
2026-05-08 10:35,2026-05-08 11:05,0.0153,OK,정상,0,0,0,0,정상,
2026-05-08 10:36,2026-05-08 11:06,0.0167,OK,정상,0,0,0,0,정상,
2026-05-08 10:37,2026-05-08 11:07,0.1933,OK,정상,0,0,0,0,정상,
2026-05-08 10:38,2026-05-08 11:08,0.7664,WARNING,경보,0,0,0,0,정상,
2026-05-08 10:39,2026-05-08 11:09,0.0166,OK,정상,0,0,0,0,정상,
2026-05-08 10:40,2026-05-08 11:10,0.0014,OK,정상,0,0,0,0,정상,
2026-05-08 10:41,2026-05-08 11:11,0.0014,OK,정상,0,0,0,0,정상,
2026-05-08 10:42,2026-05-08 11:12,0.0015,OK,정상,0,0,0,0,정상,
2026-05-08 10:43,2026-05-08 11:13,0.0023,OK,정상,0,0,0,0,정상,
2026-05-08 10:44,2026-05-08 11:14,0.0013,OK,정상,0,0,0,0,정상,
2026-05-08 10:45,2026-05-08 11:15,0.0029,OK,정상,0,1,0,0,정상,
2026-05-08 10:46,2026-05-08 11:16,0.0019,OK,정상,0,1,0,0,정상,
2026-05-08 10:47,2026-05-08 11:17,0.0041,OK,정상,0,1,0,0,정상,
2026-05-08 10:48,2026-05-08 11:18,0.0042,OK,정상,0,1,0,0,정상,
2026-05-08 10:49,2026-05-08 11:19,0.0044,OK,정상,0,1,0,0,정상,
2026-05-08 10:50,2026-05-08 11:20,0.0044,OK,정상,0,1,0,0,정상,
2026-05-08 10:51,2026-05-08 11:21,0.0043,OK,정상,0,1,0,0,정상,
2026-05-08 10:52,2026-05-08 11:22,0.0043,OK,정상,0,1,0,0,정상,
2026-05-08 10:53,2026-05-08 11:23,0.0046,OK,정상,0,1,0,0,정상,
2026-05-08 10:54,2026-05-08 11:24,0.0043,OK,정상,0,1,0,0,정상,
2026-05-08 10:55,2026-05-08 11:25,0.0055,OK,정상,0,0,0,0,정상,
2026-05-08 10:56,2026-05-08 11:26,0.0046,OK,정상,0,0,0,0,정상,
2026-05-08 10:57,2026-05-08 11:27,0.0049,OK,정상,0,0,0,0,정상,
2026-05-08 10:58,2026-05-08 11:28,0.0053,OK,정상,0,0,0,0,정상,
2026-05-08 10:59,2026-05-08 11:29,0.0057,OK,정상,0,0,0,0,정상,
2026-05-08 11:00,2026-05-08 11:30,0.0051,OK,정상,0,0,0,0,정상,
2026-05-08 11:01,2026-05-08 11:31,0.0046,OK,정상,0,0,0,0,정상,
2026-05-08 11:02,2026-05-08 11:32,0.0296,OK,정상,0,0,0,0,정상,
2026-05-08 11:03,2026-05-08 11:33,0.0262,OK,정상,0,0,0,0,정상,
2026-05-08 11:04,2026-05-08 11:34,0.0228,OK,정상,0,0,0,0,정상,
2026-05-08 11:05,2026-05-08 11:35,0.0027,OK,정상,1,0,0,0,정상,
2026-05-08 11:06,2026-05-08 11:36,0.0028,OK,정상,0,0,0,0,정상,
2026-05-08 11:07,2026-05-08 11:37,0.0032,OK,정상,1,1,0,0,정상,
2026-05-08 11:08,2026-05-08 11:38,0.0061,OK,정상,1,1,1,0,정상,
2026-05-08 11:09,2026-05-08 11:39,0.0057,OK,정상,1,1,0,0,정상,
2026-05-08 11:10,2026-05-08 11:40,0.0102,OK,정상,1,1,0,0,정상,
2026-05-08 11:11,2026-05-08 11:41,0.007,OK,정상,1,1,0,0,정상,
2026-05-08 11:12,2026-05-08 11:42,0.0067,OK,정상,1,1,0,0,정상,
2026-05-08 11:13,2026-05-08 11:43,0.0102,OK,정상,1,1,0,0,정상,
2026-05-08 11:14,2026-05-08 11:44,0.0829,OK,정상,1,1,0,0,정상,
2026-05-08 11:15,2026-05-08 11:45,0.0146,OK,정상,1,1,0,0,정상,
2026-05-08 11:16,2026-05-08 11:46,0.1065,OK,정상,1,1,0,0,정상,
2026-05-08 11:17,2026-05-08 11:47,0.0628,OK,정상,1,1,0,0,정상,
2026-05-08 11:18,2026-05-08 11:48,0.0467,OK,정상,1,0,0,0,정상,
2026-05-08 11:19,2026-05-08 11:49,0.0987,OK,정상,1,0,0,0,정상,
2026-05-08 11:20,2026-05-08 11:50,0.1367,OK,정상,1,0,0,0,정상,
2026-05-08 11:21,2026-05-08 11:51,0.1355,OK,정상,1,0,0,0,정상,
2026-05-08 11:22,2026-05-08 11:52,0.1272,OK,정상,1,0,0,0,정상,
2026-05-08 11:23,2026-05-08 11:53,0.1313,OK,정상,1,0,0,0,정상,
2026-05-08 11:24,2026-05-08 11:54,0.1755,OK,정상,1,0,0,0,정상,
2026-05-08 11:25,2026-05-08 11:55,0.0794,OK,정상,1,0,0,0,정상,
2026-05-08 11:26,2026-05-08 11:56,0.0319,OK,정상,1,0,0,0,정상,
2026-05-08 11:27,2026-05-08 11:57,0.1199,OK,정상,1,0,0,0,정상,
2026-05-08 11:28,2026-05-08 11:58,0.1607,OK,정상,1,0,0,0,정상,
2026-05-08 11:29,2026-05-08 11:59,0.222,OK,정상,1,0,0,0,정상,
2026-05-08 11:30,2026-05-08 12:00,0.302,INFO,주의,1,0,0,0,정상,
2026-05-08 11:31,2026-05-08 12:01,0.2768,OK,정상,1,0,0,0,정상,
2026-05-08 11:32,2026-05-08 12:02,0.7685,WARNING,경보,1,0,0,0,정상,
2026-05-08 11:33,2026-05-08 12:03,0.735,WARNING,경보,1,0,0,0,정상,
2026-05-08 11:34,2026-05-08 12:04,0.4084,INFO,주의,1,1,0,0,정상,
2026-05-08 11:35,2026-05-08 12:05,0.1768,OK,정상,1,1,0,0,정상,
2026-05-08 11:36,2026-05-08 12:06,0.3814,INFO,주의,1,1,0,0,정상,
2026-05-08 11:37,2026-05-08 12:07,0.1918,OK,정상,1,1,0,0,정상,
2026-05-08 11:38,2026-05-08 12:08,0.3145,INFO,주의,1,1,0,0,정상,
2026-05-08 11:39,2026-05-08 12:09,0.1567,OK,정상,1,1,0,0,정상,
2026-05-08 11:40,2026-05-08 12:10,0.2455,OK,정상,1,1,0,0,정상,
2026-05-08 11:41,2026-05-08 12:11,0.152,OK,정상,1,1,0,0,정상,
2026-05-08 11:42,2026-05-08 12:12,0.0923,OK,정상,1,1,0,0,정상,
2026-05-08 11:43,2026-05-08 12:13,0.1486,OK,정상,1,1,0,0,정상,
2026-05-08 11:44,2026-05-08 12:14,0.0938,OK,정상,1,1,0,0,정상,
2026-05-08 11:45,2026-05-08 12:15,0.1207,OK,정상,1,1,0,0,정상,
2026-05-08 11:46,2026-05-08 12:16,0.1434,OK,정상,1,1,0,0,정상,
2026-05-08 11:47,2026-05-08 12:17,0.1133,OK,정상,1,1,0,0,정상,
2026-05-08 11:48,2026-05-08 12:18,0.1164,OK,정상,1,1,0,0,정상,
2026-05-08 11:49,2026-05-08 12:19,0.0972,OK,정상,1,1,0,0,정상,
2026-05-08 11:50,2026-05-08 12:20,0.1947,OK,정상,1,1,0,0,정상,
2026-05-08 11:51,2026-05-08 12:21,0.109,OK,정상,1,1,0,0,정상,
2026-05-08 11:52,2026-05-08 12:22,0.1722,OK,정상,1,1,0,0,정상,
2026-05-08 11:53,2026-05-08 12:23,0.1848,OK,정상,1,1,0,0,정상,
2026-05-08 11:54,2026-05-08 12:24,0.1357,OK,정상,1,1,0,0,정상,
2026-05-08 11:55,2026-05-08 12:25,0.0452,OK,정상,1,1,0,0,정상,
2026-05-08 11:56,2026-05-08 12:26,0.3311,INFO,주의,1,1,0,0,정상,
2026-05-08 11:57,2026-05-08 12:27,0.3125,INFO,주의,1,1,0,0,정상,
2026-05-08 11:58,2026-05-08 12:28,0.1517,OK,정상,1,1,0,0,정상,
2026-05-08 11:59,2026-05-08 12:29,0.6019,INFO,주의,1,1,0,0,정상,
2026-05-08 12:00,2026-05-08 12:30,0.8269,WARNING,경보,1,1,0,0,정상,
2026-05-08 12:01,2026-05-08 12:31,0.8141,WARNING,경보,1,1,0,0,정상,
2026-05-08 12:02,2026-05-08 12:32,0.4075,INFO,주의,1,1,1,0,정상,
2026-05-08 12:03,2026-05-08 12:33,0.649,INFO,주의,1,1,1,0,정상,
2026-05-08 12:04,2026-05-08 12:34,0.3347,INFO,주의,1,1,0,0,정상,
2026-05-08 12:05,2026-05-08 12:35,0.3001,INFO,주의,1,1,0,0,정상,
2026-05-08 12:06,2026-05-08 12:36,0.4384,INFO,주의,1,0,0,0,정상,
2026-05-08 12:07,2026-05-08 12:37,0.0823,OK,정상,1,0,0,0,정상,
2026-05-08 12:08,2026-05-08 12:38,0.1952,OK,정상,1,0,0,0,정상,
2026-05-08 12:09,2026-05-08 12:39,0.2014,OK,정상,1,0,0,0,정상,
2026-05-08 12:10,2026-05-08 12:40,0.211,OK,정상,1,0,0,0,정상,
2026-05-08 12:11,2026-05-08 12:41,0.1631,OK,정상,1,0,0,0,정상,
2026-05-08 12:12,2026-05-08 12:42,0.2293,OK,정상,1,0,0,0,정상,
2026-05-08 12:13,2026-05-08 12:43,0.2466,OK,정상,1,0,0,0,정상,
2026-05-08 12:14,2026-05-08 12:44,0.2246,OK,정상,1,0,0,0,정상,
2026-05-08 12:15,2026-05-08 12:45,0.3251,INFO,주의,1,0,0,0,정상,
2026-05-08 12:16,2026-05-08 12:46,0.2405,OK,정상,1,0,0,0,정상,
2026-05-08 12:17,2026-05-08 12:47,0.2592,OK,정상,1,0,0,0,정상,
2026-05-08 12:18,2026-05-08 12:48,0.2508,OK,정상,1,0,0,0,정상,
2026-05-08 12:19,2026-05-08 12:49,0.2613,OK,정상,1,0,0,0,정상,
2026-05-08 12:20,2026-05-08 12:50,0.4907,INFO,주의,1,0,0,0,정상,
2026-05-08 12:21,2026-05-08 12:51,0.6328,INFO,주의,1,1,0,0,정상,
2026-05-08 12:22,2026-05-08 12:52,0.6519,INFO,주의,1,0,0,0,정상,
2026-05-08 12:23,2026-05-08 12:53,0.3665,INFO,주의,1,0,0,0,정상,
2026-05-08 12:24,2026-05-08 12:54,0.6607,INFO,주의,1,0,0,0,정상,
2026-05-08 12:25,2026-05-08 12:55,0.4678,INFO,주의,1,0,0,0,정상,
2026-05-08 12:26,2026-05-08 12:56,0.3013,INFO,주의,1,0,0,0,정상,
2026-05-08 12:27,2026-05-08 12:57,0.564,INFO,주의,1,1,0,0,정상,
2026-05-08 12:28,2026-05-08 12:58,0.64,INFO,주의,1,1,0,0,정상,
2026-05-08 12:29,2026-05-08 12:59,0.8985,CRITICAL,위험,1,1,0,0,정상,
2026-05-08 12:30,2026-05-08 13:00,0.9606,CRITICAL,위험,1,1,0,0,정상,
2026-05-08 12:31,2026-05-08 13:01,0.9057,CRITICAL,위험,1,1,1,0,정상,
2026-05-08 12:32,2026-05-08 13:02,0.9491,CRITICAL,위험,1,1,0,0,정상,
2026-05-08 12:33,2026-05-08 13:03,0.9521,CRITICAL,위험,1,1,0,0,정상,
2026-05-08 12:34,2026-05-08 13:04,0.9739,CRITICAL,위험,1,1,0,0,정상,
2026-05-08 12:35,2026-05-08 13:05,0.9782,CRITICAL,위험,1,1,0,0,정상,
2026-05-08 12:36,2026-05-08 13:06,0.9838,CRITICAL,위험,1,1,0,0,정상,
2026-05-08 12:37,2026-05-08 13:07,0.9888,CRITICAL,위험,1,1,0,0,정상,
2026-05-08 12:38,2026-05-08 13:08,0.9793,CRITICAL,위험,1,1,0,0,정상,
2026-05-08 12:39,2026-05-08 13:09,0.9869,CRITICAL,위험,1,1,0,0,정상,
2026-05-08 12:40,2026-05-08 13:10,0.9914,CRITICAL,위험,1,1,0,0,정상,
2026-05-08 12:41,2026-05-08 13:11,0.9967,CRITICAL,위험,1,1,0,0,정상,
2026-05-08 12:42,2026-05-08 13:12,0.9933,CRITICAL,위험,1,1,0,0,정상,
2026-05-08 12:43,2026-05-08 13:13,0.9945,CRITICAL,위험,1,1,0,0,정상,
2026-05-08 12:44,2026-05-08 13:14,0.9928,CRITICAL,위험,1,1,0,0,정상,
2026-05-08 12:45,2026-05-08 13:15,0.9938,CRITICAL,위험,1,1,0,0,정상,
2026-05-08 12:46,2026-05-08 13:16,0.9948,CRITICAL,위험,1,1,0,0,정상,
2026-05-08 12:47,2026-05-08 13:17,0.9959,CRITICAL,위험,1,1,0,0,정상,
2026-05-08 12:48,2026-05-08 13:18,0.9966,CRITICAL,위험,1,1,0,0,정상,
2026-05-08 12:49,2026-05-08 13:19,0.9958,CRITICAL,위험,1,1,0,0,정상,
2026-05-08 12:50,2026-05-08 13:20,0.9962,CRITICAL,위험,1,1,0,0,정상,
2026-05-08 12:51,2026-05-08 13:21,0.9968,CRITICAL,위험,1,1,0,0,정상,
2026-05-08 12:52,2026-05-08 13:22,0.997,CRITICAL,위험,1,1,0,0,정상,
2026-05-08 12:53,2026-05-08 13:23,0.9968,CRITICAL,위험,1,1,0,0,정상,
2026-05-08 12:54,2026-05-08 13:24,0.9971,CRITICAL,위험,1,1,0,0,정상,
2026-05-08 12:55,2026-05-08 13:25,0.9976,CRITICAL,위험,1,1,0,0,정상,
2026-05-08 12:56,2026-05-08 13:26,0.9952,CRITICAL,위험,1,1,0,0,정상,
2026-05-08 12:57,2026-05-08 13:27,0.9942,CRITICAL,위험,1,1,0,0,정상,
2026-05-08 12:58,2026-05-08 13:28,0.9949,CRITICAL,위험,1,1,0,0,정상,
2026-05-08 12:59,2026-05-08 13:29,0.9953,CRITICAL,위험,1,1,0,0,정상,
2026-05-08 13:00,2026-05-08 13:30,0.9966,CRITICAL,위험,1,1,1,0,정상,
2026-05-08 13:01,2026-05-08 13:31,0.9964,CRITICAL,위험,1,1,0,0,정상,
2026-05-08 13:02,2026-05-08 13:32,0.9964,CRITICAL,위험,1,1,0,0,정상,
2026-05-08 13:03,2026-05-08 13:33,0.9965,CRITICAL,위험,1,1,0,0,정상,
2026-05-08 13:04,2026-05-08 13:34,0.9964,CRITICAL,위험,1,1,0,0,정상,
2026-05-08 13:05,2026-05-08 13:35,0.9962,CRITICAL,위험,1,1,1,0,정상,
2026-05-08 13:06,2026-05-08 13:36,0.996,CRITICAL,위험,1,1,1,0,정상,
2026-05-08 13:07,2026-05-08 13:37,0.9961,CRITICAL,위험,1,1,1,0,정상,
2026-05-08 13:08,2026-05-08 13:38,0.9965,CRITICAL,위험,1,1,1,0,정상,
2026-05-08 13:09,2026-05-08 13:39,0.9964,CRITICAL,위험,1,1,1,0,정상,
2026-05-08 13:10,2026-05-08 13:40,0.9969,CRITICAL,위험,1,1,1,0,정상,
2026-05-08 13:11,2026-05-08 13:41,0.997,CRITICAL,위험,1,1,1,0,정상,
2026-05-08 13:12,2026-05-08 13:42,0.9966,CRITICAL,위험,1,1,1,0,정상,
2026-05-08 13:13,2026-05-08 13:43,0.9966,CRITICAL,위험,1,0,1,0,정상,
2026-05-08 13:14,2026-05-08 13:44,0.9957,CRITICAL,위험,1,1,1,0,정상,
2026-05-08 13:15,2026-05-08 13:45,0.996,CRITICAL,위험,1,1,1,0,정상,
2026-05-08 13:16,2026-05-08 13:46,0.9959,CRITICAL,위험,1,0,1,0,정상,
2026-05-08 13:17,2026-05-08 13:47,0.9964,CRITICAL,위험,1,0,1,0,정상,
2026-05-08 13:18,2026-05-08 13:48,0.9956,CRITICAL,위험,1,0,1,0,정상,
2026-05-08 13:19,2026-05-08 13:49,0.9955,CRITICAL,위험,1,0,1,0,정상,
2026-05-08 13:20,2026-05-08 13:50,0.9957,CRITICAL,위험,1,1,1,0,정상,
2026-05-08 13:21,2026-05-08 13:51,0.9948,CRITICAL,위험,1,1,1,0,정상,
2026-05-08 13:22,2026-05-08 13:52,0.9925,CRITICAL,위험,1,1,0,0,정상,
2026-05-08 13:23,2026-05-08 13:53,0.9872,CRITICAL,위험,1,1,0,0,정상,
2026-05-08 13:24,2026-05-08 13:54,0.9949,CRITICAL,위험,1,1,0,0,정상,
2026-05-08 13:25,2026-05-08 13:55,0.9952,CRITICAL,위험,1,0,0,0,정상,
2026-05-08 13:26,2026-05-08 13:56,0.9947,CRITICAL,위험,1,0,1,0,정상,
2026-05-08 13:27,2026-05-08 13:57,0.9958,CRITICAL,위험,1,1,1,0,정상,
2026-05-08 13:28,2026-05-08 13:58,0.9939,CRITICAL,위험,1,1,0,0,정상,
2026-05-08 13:29,2026-05-08 13:59,0.9935,CRITICAL,위험,1,0,0,0,정상,
2026-05-08 13:30,2026-05-08 14:00,0.994,CRITICAL,위험,1,1,1,0,정상,
2026-05-08 13:31,2026-05-08 14:01,0.9939,CRITICAL,위험,1,1,1,0,정상,
2026-05-08 13:32,2026-05-08 14:02,0.9904,CRITICAL,위험,1,1,0,0,정상,
2026-05-08 13:33,2026-05-08 14:03,0.9929,CRITICAL,위험,1,1,0,0,정상,
2026-05-08 13:34,2026-05-08 14:04,0.9936,CRITICAL,위험,1,0,0,0,정상,
2026-05-08 13:35,2026-05-08 14:05,0.9931,CRITICAL,위험,1,1,1,0,정상,
2026-05-08 13:36,2026-05-08 14:06,0.9935,CRITICAL,위험,1,1,1,0,정상,
2026-05-08 13:37,2026-05-08 14:07,0.9933,CRITICAL,위험,1,1,0,0,정상,
2026-05-08 13:38,2026-05-08 14:08,0.9919,CRITICAL,위험,1,1,1,0,정상,
2026-05-08 13:39,2026-05-08 14:09,0.9877,CRITICAL,위험,1,1,0,0,정상,
2026-05-08 13:40,2026-05-08 14:10,0.987,CRITICAL,위험,1,1,1,0,정상,
2026-05-08 13:41,2026-05-08 14:11,0.9873,CRITICAL,위험,1,1,0,0,정상,
2026-05-08 13:42,2026-05-08 14:12,0.9875,CRITICAL,위험,1,1,0,0,정상,
2026-05-08 13:43,2026-05-08 14:13,0.9828,CRITICAL,위험,1,1,0,0,정상,
2026-05-08 13:44,2026-05-08 14:14,0.994,CRITICAL,위험,1,1,1,0,정상,
2026-05-08 13:45,2026-05-08 14:15,0.9852,CRITICAL,위험,1,1,0,0,정상,
2026-05-08 13:46,2026-05-08 14:16,0.9839,CRITICAL,위험,1,1,0,0,정상,
2026-05-08 13:47,2026-05-08 14:17,0.9884,CRITICAL,위험,1,1,1,0,정상,
2026-05-08 13:48,2026-05-08 14:18,0.9868,CRITICAL,위험,1,1,1,0,정상,
2026-05-08 13:49,2026-05-08 14:19,0.9889,CRITICAL,위험,1,1,1,0,정상,
2026-05-08 13:50,2026-05-08 14:20,0.8345,WARNING,경보,1,1,1,0,정상,
2026-05-08 13:51,2026-05-08 14:21,0.7946,WARNING,경보,1,1,1,0,정상,
2026-05-08 13:52,2026-05-08 14:22,0.4627,INFO,주의,1,1,1,0,정상,
2026-05-08 13:53,2026-05-08 14:23,0.1218,OK,정상,1,1,0,0,정상,
2026-05-08 13:54,2026-05-08 14:24,0.431,INFO,주의,1,1,0,0,정상,
2026-05-08 13:55,2026-05-08 14:25,0.398,INFO,주의,1,1,1,0,정상,
2026-05-08 13:56,2026-05-08 14:26,0.2322,OK,정상,1,1,1,0,정상,
2026-05-08 13:57,2026-05-08 14:27,0.283,OK,정상,1,1,1,0,정상,
2026-05-08 13:58,2026-05-08 14:28,0.2543,OK,정상,1,1,0,0,정상,
2026-05-08 13:59,2026-05-08 14:29,0.1994,OK,정상,1,1,0,0,정상,
2026-05-08 14:00,2026-05-08 14:30,0.1517,OK,정상,1,1,0,0,정상,
2026-05-08 14:01,2026-05-08 14:31,0.4789,INFO,주의,1,1,1,0,정상,
2026-05-08 14:02,2026-05-08 14:32,0.2358,OK,정상,1,1,1,0,정상,
2026-05-08 14:03,2026-05-08 14:33,0.1175,OK,정상,1,1,1,0,정상,
2026-05-08 14:04,2026-05-08 14:34,0.3262,INFO,주의,1,1,1,0,정상,
2026-05-08 14:05,2026-05-08 14:35,0.2169,OK,정상,1,1,1,0,정상,
2026-05-08 14:06,2026-05-08 14:36,0.2637,OK,정상,1,1,1,0,정상,
2026-05-08 14:07,2026-05-08 14:37,0.2328,OK,정상,1,1,1,0,정상,
2026-05-08 14:08,2026-05-08 14:38,0.1748,OK,정상,1,1,1,0,정상,
2026-05-08 14:09,2026-05-08 14:39,0.1911,OK,정상,1,1,1,0,정상,
2026-05-08 14:10,2026-05-08 14:40,0.1621,OK,정상,1,1,1,0,정상,
2026-05-08 14:11,2026-05-08 14:41,0.1837,OK,정상,1,1,1,0,정상,
2026-05-08 14:12,2026-05-08 14:42,0.1255,OK,정상,1,1,1,0,정상,
2026-05-08 14:13,2026-05-08 14:43,0.1213,OK,정상,1,1,1,0,정상,
2026-05-08 14:14,2026-05-08 14:44,0.1348,OK,정상,1,1,1,0,정상,
2026-05-08 14:15,2026-05-08 14:45,0.1961,OK,정상,1,1,1,0,정상,
2026-05-08 14:16,2026-05-08 14:46,0.202,OK,정상,1,1,1,0,정상,
2026-05-08 14:17,2026-05-08 14:47,0.1584,OK,정상,1,1,1,0,정상,
2026-05-08 14:18,2026-05-08 14:48,0.1651,OK,정상,1,1,1,0,정상,
2026-05-08 14:19,2026-05-08 14:49,0.1237,OK,정상,1,1,1,0,정상,
2026-05-08 14:20,2026-05-08 14:50,0.1177,OK,정상,1,1,0,0,정상,
2026-05-08 14:21,2026-05-08 14:51,0.1393,OK,정상,1,1,0,0,정상,
2026-05-08 14:22,2026-05-08 14:52,0.142,OK,정상,1,1,0,0,정상,
2026-05-08 14:23,2026-05-08 14:53,0.1493,OK,정상,1,1,0,0,정상,
2026-05-08 14:24,2026-05-08 14:54,0.1199,OK,정상,1,1,0,0,정상,
2026-05-08 14:25,2026-05-08 14:55,0.1151,OK,정상,1,1,0,0,정상,
2026-05-08 14:26,2026-05-08 14:56,0.073,OK,정상,1,1,0,0,정상,
2026-05-08 14:27,2026-05-08 14:57,0.0732,OK,정상,1,1,0,0,정상,
2026-05-08 14:28,2026-05-08 14:58,0.0707,OK,정상,1,1,0,0,정상,
2026-05-08 14:29,2026-05-08 14:59,0.0676,OK,정상,1,1,0,0,정상,
2026-05-08 14:30,2026-05-08 15:00,0.0708,OK,정상,1,1,0,0,정상,
2026-05-08 14:31,2026-05-08 15:01,0.0697,OK,정상,1,1,0,0,정상,
2026-05-08 14:32,2026-05-08 15:02,0.0614,OK,정상,1,1,0,0,정상,
2026-05-08 14:33,2026-05-08 15:03,0.072,OK,정상,1,1,0,0,정상,
2026-05-08 14:34,2026-05-08 15:04,0.0348,OK,정상,1,0,0,0,정상,
2026-05-08 14:35,2026-05-08 15:05,0.0425,OK,정상,1,0,0,0,정상,
2026-05-08 14:36,2026-05-08 15:06,0.0519,OK,정상,1,0,0,0,정상,
2026-05-08 14:37,2026-05-08 15:07,0.0482,OK,정상,1,0,0,0,정상,
2026-05-08 14:38,2026-05-08 15:08,0.0757,OK,정상,1,0,0,0,정상,
2026-05-08 14:39,2026-05-08 15:09,0.0507,OK,정상,1,0,0,0,정상,
2026-05-08 14:40,2026-05-08 15:10,0.0185,OK,정상,1,0,0,0,정상,
2026-05-08 14:41,2026-05-08 15:11,0.0146,OK,정상,1,0,0,0,정상,
2026-05-08 14:42,2026-05-08 15:12,0.011,OK,정상,1,0,0,0,정상,
2026-05-08 14:43,2026-05-08 15:13,0.0236,OK,정상,1,0,0,0,정상,
2026-05-08 14:44,2026-05-08 15:14,0.0138,OK,정상,1,0,0,0,정상,
2026-05-08 14:45,2026-05-08 15:15,0.0214,OK,정상,1,0,0,0,정상,
2026-05-08 14:46,2026-05-08 15:16,0.0269,OK,정상,1,0,0,0,정상,
2026-05-08 14:47,2026-05-08 15:17,0.0355,OK,정상,1,0,0,0,정상,
2026-05-08 14:48,2026-05-08 15:18,0.0197,OK,정상,1,0,0,0,정상,
2026-05-08 14:49,2026-05-08 15:19,0.0275,OK,정상,1,0,0,0,정상,
2026-05-08 14:50,2026-05-08 15:20,0.0323,OK,정상,1,0,0,0,정상,
2026-05-08 14:51,2026-05-08 15:21,0.027,OK,정상,1,0,0,0,정상,
2026-05-08 14:52,2026-05-08 15:22,0.0151,OK,정상,1,0,0,0,정상,
2026-05-08 14:53,2026-05-08 15:23,0.0135,OK,정상,1,0,0,0,정상,
2026-05-08 14:54,2026-05-08 15:24,0.0138,OK,정상,1,0,0,0,정상,
2026-05-08 14:55,2026-05-08 15:25,0.0154,OK,정상,1,0,0,0,정상,
2026-05-08 14:56,2026-05-08 15:26,0.0123,OK,정상,1,0,0,0,정상,
2026-05-08 14:57,2026-05-08 15:27,0.0147,OK,정상,1,0,0,0,정상,
2026-05-08 14:58,2026-05-08 15:28,0.0083,OK,정상,1,0,0,0,정상,
2026-05-08 14:59,2026-05-08 15:29,0.0056,OK,정상,1,0,0,0,정상,
2026-05-08 15:00,2026-05-08 15:30,0.0077,OK,정상,1,0,0,0,정상,
2026-05-08 15:01,2026-05-08 15:31,0.0035,OK,정상,1,0,0,0,정상,
2026-05-08 15:02,2026-05-08 15:32,0.0036,OK,정상,1,0,0,0,정상,
2026-05-08 15:03,2026-05-08 15:33,0.0016,OK,정상,1,0,0,0,정상,
2026-05-08 15:04,2026-05-08 15:34,0.0032,OK,정상,1,0,0,0,정상,
2026-05-08 15:05,2026-05-08 15:35,0.0028,OK,정상,1,0,0,0,정상,
2026-05-08 15:06,2026-05-08 15:36,0.0021,OK,정상,1,0,0,0,정상,
2026-05-08 15:07,2026-05-08 15:37,0.0023,OK,정상,1,0,0,0,정상,
2026-05-08 15:08,2026-05-08 15:38,0.0012,OK,정상,1,0,0,0,정상,
2026-05-08 15:09,2026-05-08 15:39,0.0015,OK,정상,1,0,0,0,정상,
2026-05-08 15:10,2026-05-08 15:40,0.0037,OK,정상,1,0,0,0,정상,
2026-05-08 15:11,2026-05-08 15:41,0.0057,OK,정상,1,0,0,0,정상,
2026-05-08 15:12,2026-05-08 15:42,0.0181,OK,정상,1,0,0,0,정상,
2026-05-08 15:13,2026-05-08 15:43,0.0193,OK,정상,1,0,0,0,정상,
2026-05-08 15:14,2026-05-08 15:44,0.0107,OK,정상,1,0,0,0,정상,
2026-05-08 15:15,2026-05-08 15:45,0.0092,OK,정상,1,0,0,0,정상,
2026-05-08 15:16,2026-05-08 15:46,0.0028,OK,정상,1,0,0,0,정상,
2026-05-08 15:17,2026-05-08 15:47,0.0029,OK,정상,1,0,0,0,정상,
2026-05-08 15:18,2026-05-08 15:48,0.0024,OK,정상,1,0,0,0,정상,
2026-05-08 15:19,2026-05-08 15:49,0.0021,OK,정상,1,0,0,0,정상,
2026-05-08 15:20,2026-05-08 15:50,0.0024,OK,정상,1,0,0,0,정상,
2026-05-08 15:21,2026-05-08 15:51,0.0012,OK,정상,1,0,0,0,정상,
2026-05-08 15:22,2026-05-08 15:52,0.0005,OK,정상,1,0,0,0,정상,
2026-05-08 15:23,2026-05-08 15:53,0.0006,OK,정상,0,0,0,0,정상,
2026-05-08 15:24,2026-05-08 15:54,0.001,OK,정상,0,0,0,0,정상,
2026-05-08 15:25,2026-05-08 15:55,0.0005,OK,정상,0,0,0,0,정상,
2026-05-08 15:26,2026-05-08 15:56,0.0007,OK,정상,0,0,0,0,정상,
2026-05-08 15:27,2026-05-08 15:57,0.0006,OK,정상,0,0,0,0,정상,
2026-05-08 15:28,2026-05-08 15:58,0.0007,OK,정상,0,0,0,0,정상,
2026-05-08 15:29,2026-05-08 15:59,0.0004,OK,정상,0,0,0,0,정상,
2026-05-08 15:30,2026-05-08 16:00,0.0003,OK,정상,1,0,0,0,정상,
2026-05-08 15:31,2026-05-08 16:01,0.0004,OK,정상,0,0,0,0,정상,
2026-05-08 15:32,2026-05-08 16:02,0.0006,OK,정상,1,0,0,0,정상,
2026-05-08 15:33,2026-05-08 16:03,0.0007,OK,정상,1,0,0,0,정상,
2026-05-08 15:34,2026-05-08 16:04,0.0006,OK,정상,0,0,0,0,정상,
2026-05-08 15:35,2026-05-08 16:05,0.0007,OK,정상,0,0,0,0,정상,
2026-05-08 15:36,2026-05-08 16:06,0.0008,OK,정상,0,0,0,0,정상,
2026-05-08 15:37,2026-05-08 16:07,0.0032,OK,정상,0,0,0,0,정상,
2026-05-08 15:38,2026-05-08 16:08,0.0039,OK,정상,0,0,0,0,정상,
2026-05-08 15:39,2026-05-08 16:09,0.004,OK,정상,0,0,0,0,정상,
2026-05-08 15:40,2026-05-08 16:10,0.01,OK,정상,1,0,0,0,정상,
2026-05-08 15:41,2026-05-08 16:11,0.0056,OK,정상,1,0,0,0,정상,
2026-05-08 15:42,2026-05-08 16:12,0.0149,OK,정상,1,0,0,0,정상,
2026-05-08 15:43,2026-05-08 16:13,0.0274,OK,정상,1,0,0,0,정상,
2026-05-08 15:44,2026-05-08 16:14,0.0472,OK,정상,1,0,0,0,정상,
2026-05-08 15:45,2026-05-08 16:15,0.018,OK,정상,1,0,0,0,정상,
2026-05-08 15:46,2026-05-08 16:16,0.0173,OK,정상,1,0,0,0,정상,
2026-05-08 15:47,2026-05-08 16:17,0.022,OK,정상,1,0,0,0,정상,
2026-05-08 15:48,2026-05-08 16:18,0.0154,OK,정상,1,0,0,0,정상,
2026-05-08 15:49,2026-05-08 16:19,0.0162,OK,정상,1,0,0,0,정상,
2026-05-08 15:50,2026-05-08 16:20,0.0163,OK,정상,1,0,0,0,정상,
2026-05-08 15:51,2026-05-08 16:21,0.01,OK,정상,1,0,0,0,정상,
2026-05-08 15:52,2026-05-08 16:22,0.0182,OK,정상,1,0,0,0,정상,
2026-05-08 15:53,2026-05-08 16:23,0.015,OK,정상,1,0,0,0,정상,
2026-05-08 15:54,2026-05-08 16:24,0.0126,OK,정상,1,0,0,0,정상,
2026-05-08 15:55,2026-05-08 16:25,0.0052,OK,정상,1,0,0,0,정상,
2026-05-08 15:56,2026-05-08 16:26,0.0046,OK,정상,1,0,0,0,정상,
2026-05-08 15:57,2026-05-08 16:27,0.0069,OK,정상,1,0,0,0,정상,
2026-05-08 15:58,2026-05-08 16:28,0.0244,OK,정상,1,0,0,0,정상,
2026-05-08 15:59,2026-05-08 16:29,0.0032,OK,정상,1,0,0,0,정상,
2026-05-08 16:00,2026-05-08 16:30,0.0078,OK,정상,1,0,0,0,정상,
2026-05-08 16:01,2026-05-08 16:31,0.0099,OK,정상,1,0,0,0,정상,
2026-05-08 16:02,2026-05-08 16:32,0.0109,OK,정상,1,0,0,0,정상,
2026-05-08 16:03,2026-05-08 16:33,0.0077,OK,정상,1,0,0,0,정상,
2026-05-08 16:04,2026-05-08 16:34,0.0203,OK,정상,1,0,0,0,정상,
2026-05-08 16:05,2026-05-08 16:35,0.0398,OK,정상,1,0,0,0,정상,
2026-05-08 16:06,2026-05-08 16:36,0.0205,OK,정상,1,0,0,0,정상,
2026-05-08 16:07,2026-05-08 16:37,0.0233,OK,정상,1,0,0,0,정상,
2026-05-08 16:08,2026-05-08 16:38,0.0334,OK,정상,1,0,0,0,정상,
2026-05-08 16:09,2026-05-08 16:39,0.0325,OK,정상,1,0,0,0,정상,
2026-05-08 16:10,2026-05-08 16:40,0.024,OK,정상,1,0,0,0,정상,
2026-05-08 16:11,2026-05-08 16:41,0.0225,OK,정상,0,0,0,0,정상,
2026-05-08 16:12,2026-05-08 16:42,0.1026,OK,정상,1,0,0,0,정상,
2026-05-08 16:13,2026-05-08 16:43,0.4616,INFO,주의,1,0,0,0,정상,
2026-05-08 16:14,2026-05-08 16:44,0.459,INFO,주의,1,0,0,0,정상,
2026-05-08 16:15,2026-05-08 16:45,0.1533,OK,정상,1,0,0,0,정상,
2026-05-08 16:16,2026-05-08 16:46,0.1451,OK,정상,1,0,0,0,정상,
2026-05-08 16:17,2026-05-08 16:47,0.1132,OK,정상,1,1,0,0,정상,
2026-05-08 16:18,2026-05-08 16:48,0.0412,OK,정상,1,1,0,0,정상,
2026-05-08 16:19,2026-05-08 16:49,0.0257,OK,정상,1,1,0,0,정상,
2026-05-08 16:20,2026-05-08 16:50,0.0277,OK,정상,1,1,0,0,정상,
2026-05-08 16:21,2026-05-08 16:51,0.0536,OK,정상,1,1,0,0,정상,
2026-05-08 16:22,2026-05-08 16:52,0.0496,OK,정상,1,1,0,0,정상,
2026-05-08 16:23,2026-05-08 16:53,0.0774,OK,정상,1,1,0,0,정상,
2026-05-08 16:24,2026-05-08 16:54,0.1151,OK,정상,1,1,0,0,정상,
2026-05-08 16:25,2026-05-08 16:55,0.088,OK,정상,1,1,0,0,정상,
2026-05-08 16:26,2026-05-08 16:56,0.3039,INFO,주의,1,0,0,0,정상,
2026-05-08 16:27,2026-05-08 16:57,0.4126,INFO,주의,1,0,0,0,정상,
2026-05-08 16:28,2026-05-08 16:58,0.2626,OK,정상,1,0,0,0,정상,
2026-05-08 16:29,2026-05-08 16:59,0.4535,INFO,주의,1,0,0,0,정상,
2026-05-08 16:30,2026-05-08 17:00,0.4102,INFO,주의,1,0,0,0,정상,
2026-05-08 16:31,2026-05-08 17:01,0.17,OK,정상,1,0,0,0,정상,
2026-05-08 16:32,2026-05-08 17:02,0.758,WARNING,경보,1,0,0,0,정상,
2026-05-08 16:33,2026-05-08 17:03,0.6706,INFO,주의,1,0,0,0,정상,
2026-05-08 16:34,2026-05-08 17:04,0.5934,INFO,주의,1,0,0,0,정상,
2026-05-08 16:35,2026-05-08 17:05,0.6497,INFO,주의,1,0,0,0,정상,
2026-05-08 16:36,2026-05-08 17:06,0.5843,INFO,주의,1,0,0,0,정상,
2026-05-08 16:37,2026-05-08 17:07,0.5866,INFO,주의,1,0,0,0,정상,
2026-05-08 16:38,2026-05-08 17:08,0.5433,INFO,주의,1,1,0,0,정상,
2026-05-08 16:39,2026-05-08 17:09,0.472,INFO,주의,1,1,0,0,정상,
2026-05-08 16:40,2026-05-08 17:10,0.5347,INFO,주의,1,1,0,0,정상,
2026-05-08 16:41,2026-05-08 17:11,0.4444,INFO,주의,1,1,0,0,정상,
2026-05-08 16:42,2026-05-08 17:12,0.249,OK,정상,1,1,0,0,정상,
2026-05-08 16:43,2026-05-08 17:13,0.4492,INFO,주의,1,1,1,0,정상,
2026-05-08 16:44,2026-05-08 17:14,0.1423,OK,정상,1,1,1,0,정상,
2026-05-08 16:45,2026-05-08 17:15,0.1625,OK,정상,1,1,0,0,정상,
2026-05-08 16:46,2026-05-08 17:16,0.2853,OK,정상,1,1,0,0,정상,
2026-05-08 16:47,2026-05-08 17:17,0.2723,OK,정상,1,1,0,0,정상,
2026-05-08 16:48,2026-05-08 17:18,0.5123,INFO,주의,1,0,0,0,정상,
2026-05-08 16:49,2026-05-08 17:19,0.164,OK,정상,1,0,0,0,정상,
2026-05-08 16:50,2026-05-08 17:20,0.3611,INFO,주의,1,0,0,0,정상,
2026-05-08 16:51,2026-05-08 17:21,0.2285,OK,정상,1,0,0,0,정상,
2026-05-08 16:52,2026-05-08 17:22,0.3328,INFO,주의,1,0,0,0,정상,
2026-05-08 16:53,2026-05-08 17:23,0.203,OK,정상,1,0,0,0,정상,
2026-05-08 16:54,2026-05-08 17:24,0.1948,OK,정상,1,0,0,0,정상,
2026-05-08 16:55,2026-05-08 17:25,0.2039,OK,정상,1,0,0,0,정상,
2026-05-08 16:56,2026-05-08 17:26,0.1426,OK,정상,1,0,0,0,정상,
2026-05-08 16:57,2026-05-08 17:27,0.0506,OK,정상,1,0,0,0,정상,
2026-05-08 16:58,2026-05-08 17:28,0.0826,OK,정상,1,0,0,0,정상,
2026-05-08 16:59,2026-05-08 17:29,0.0451,OK,정상,1,0,0,0,정상,
2026-05-08 17:00,2026-05-08 17:30,0.0562,OK,정상,1,0,0,0,정상,
2026-05-08 17:01,2026-05-08 17:31,0.0197,OK,정상,1,0,0,0,정상,
2026-05-08 17:02,2026-05-08 17:32,0.0156,OK,정상,1,0,0,0,정상,
2026-05-08 17:03,2026-05-08 17:33,0.0203,OK,정상,1,1,0,0,정상,
2026-05-08 17:04,2026-05-08 17:34,0.026,OK,정상,1,1,0,0,정상,
2026-05-08 17:05,2026-05-08 17:35,0.028,OK,정상,1,1,0,0,정상,
2026-05-08 17:06,2026-05-08 17:36,0.0107,OK,정상,1,1,0,0,정상,
2026-05-08 17:07,2026-05-08 17:37,0.0103,OK,정상,1,1,0,0,정상,
2026-05-08 17:08,2026-05-08 17:38,0.0056,OK,정상,1,0,0,0,정상,
2026-05-08 17:09,2026-05-08 17:39,0.0027,OK,정상,1,0,0,0,정상,
2026-05-08 17:10,2026-05-08 17:40,0.0078,OK,정상,1,1,0,0,정상,
2026-05-08 17:11,2026-05-08 17:41,0.0166,OK,정상,1,0,0,0,정상,
2026-05-08 17:12,2026-05-08 17:42,0.0499,OK,정상,1,0,0,0,정상,
2026-05-08 17:13,2026-05-08 17:43,0.0611,OK,정상,1,0,0,0,정상,
2026-05-08 17:14,2026-05-08 17:44,0.081,OK,정상,1,0,0,0,정상,
2026-05-08 17:15,2026-05-08 17:45,0.0371,OK,정상,1,0,0,0,정상,
2026-05-08 17:16,2026-05-08 17:46,0.01,OK,정상,1,0,0,0,정상,
2026-05-08 17:17,2026-05-08 17:47,0.015,OK,정상,0,0,0,0,정상,
2026-05-08 17:18,2026-05-08 17:48,0.0096,OK,정상,0,0,0,0,정상,
2026-05-08 17:19,2026-05-08 17:49,0.0209,OK,정상,0,0,0,0,정상,
2026-05-08 17:20,2026-05-08 17:50,0.0173,OK,정상,0,0,0,0,정상,
2026-05-08 17:21,2026-05-08 17:51,0.0114,OK,정상,0,0,0,0,정상,
2026-05-08 17:22,2026-05-08 17:52,0.0076,OK,정상,0,0,0,0,정상,
2026-05-08 17:23,2026-05-08 17:53,0.0469,OK,정상,0,0,0,0,정상,
2026-05-08 17:24,2026-05-08 17:54,0.0581,OK,정상,0,0,0,0,정상,
2026-05-08 17:25,2026-05-08 17:55,0.0792,OK,정상,0,0,0,0,정상,
2026-05-08 17:26,2026-05-08 17:56,0.0995,OK,정상,0,0,0,0,정상,
2026-05-08 17:27,2026-05-08 17:57,0.097,OK,정상,0,0,0,0,정상,
2026-05-08 17:28,2026-05-08 17:58,0.0522,OK,정상,0,0,0,0,정상,
2026-05-08 17:29,2026-05-08 17:59,0.0188,OK,정상,0,0,0,0,정상,
2026-05-08 17:30,2026-05-08 18:00,0.0205,OK,정상,0,0,0,0,정상,
2026-05-08 17:31,2026-05-08 18:01,0.0458,OK,정상,0,0,0,0,정상,
2026-05-08 17:32,2026-05-08 18:02,0.0511,OK,정상,0,0,0,0,정상,
2026-05-08 17:33,2026-05-08 18:03,0.0386,OK,정상,0,0,0,0,정상,
2026-05-08 17:34,2026-05-08 18:04,0.0492,OK,정상,0,0,0,0,정상,
2026-05-08 17:35,2026-05-08 18:05,0.0507,OK,정상,0,0,0,0,정상,
2026-05-08 17:36,2026-05-08 18:06,0.0611,OK,정상,0,0,0,0,정상,
2026-05-08 17:37,2026-05-08 18:07,0.0436,OK,정상,0,0,0,0,정상,
2026-05-08 17:38,2026-05-08 18:08,0.0435,OK,정상,0,0,0,0,정상,
2026-05-08 17:39,2026-05-08 18:09,0.0435,OK,정상,0,0,0,0,정상,
2026-05-08 17:40,2026-05-08 18:10,0.0648,OK,정상,0,0,0,0,정상,
2026-05-08 17:41,2026-05-08 18:11,0.0411,OK,정상,0,0,0,0,정상,
2026-05-08 17:42,2026-05-08 18:12,0.0201,OK,정상,0,0,0,0,정상,
2026-05-08 17:43,2026-05-08 18:13,0.0124,OK,정상,0,0,0,0,정상,
2026-05-08 17:44,2026-05-08 18:14,0.0044,OK,정상,0,0,0,0,정상,
2026-05-08 17:45,2026-05-08 18:15,0.0026,OK,정상,0,0,0,0,정상,
2026-05-08 17:46,2026-05-08 18:16,0.0034,OK,정상,0,0,0,0,정상,
2026-05-08 17:47,2026-05-08 18:17,0.004,OK,정상,0,0,0,0,정상,
2026-05-08 17:48,2026-05-08 18:18,0.003,OK,정상,0,0,0,0,정상,
2026-05-08 17:49,2026-05-08 18:19,0.002,OK,정상,0,0,0,0,정상,
2026-05-08 17:50,2026-05-08 18:20,0.0026,OK,정상,0,0,0,0,정상,
2026-05-08 17:51,2026-05-08 18:21,0.0016,OK,정상,0,0,0,0,정상,
2026-05-08 17:52,2026-05-08 18:22,0.0027,OK,정상,0,0,0,0,정상,
2026-05-08 17:53,2026-05-08 18:23,0.0037,OK,정상,0,0,0,0,정상,
2026-05-08 17:54,2026-05-08 18:24,0.0039,OK,정상,0,0,0,0,정상,
2026-05-08 17:55,2026-05-08 18:25,0.0037,OK,정상,0,0,0,0,정상,
2026-05-08 17:56,2026-05-08 18:26,0.003,OK,정상,0,0,0,0,정상,
2026-05-08 17:57,2026-05-08 18:27,0.0034,OK,정상,1,0,0,0,정상,
2026-05-08 17:58,2026-05-08 18:28,0.0053,OK,정상,0,0,0,0,정상,
2026-05-08 17:59,2026-05-08 18:29,0.0028,OK,정상,1,0,0,0,정상,
2026-05-08 18:00,2026-05-08 18:30,0.0033,OK,정상,1,0,0,0,정상,
2026-05-08 18:01,2026-05-08 18:31,0.0032,OK,정상,1,0,0,0,정상,
2026-05-08 18:02,2026-05-08 18:32,0.0041,OK,정상,1,0,0,0,정상,
2026-05-08 18:03,2026-05-08 18:33,0.0023,OK,정상,1,0,0,0,정상,
2026-05-08 18:04,2026-05-08 18:34,0.0041,OK,정상,1,0,0,0,정상,
2026-05-08 18:05,2026-05-08 18:35,0.0036,OK,정상,1,0,0,0,정상,
2026-05-08 18:06,2026-05-08 18:36,0.003,OK,정상,1,0,0,0,정상,
2026-05-08 18:07,2026-05-08 18:37,0.0031,OK,정상,1,0,0,0,정상,
2026-05-08 18:08,2026-05-08 18:38,0.0029,OK,정상,1,0,0,0,정상,
2026-05-08 18:09,2026-05-08 18:39,0.0027,OK,정상,0,0,0,0,정상,
2026-05-08 18:10,2026-05-08 18:40,0.0058,OK,정상,0,0,0,0,정상,
2026-05-08 18:11,2026-05-08 18:41,0.004,OK,정상,0,0,0,0,정상,
2026-05-08 18:12,2026-05-08 18:42,0.0051,OK,정상,0,0,0,0,정상,
2026-05-08 18:13,2026-05-08 18:43,0.0048,OK,정상,0,0,0,0,정상,
2026-05-08 18:14,2026-05-08 18:44,0.0138,OK,정상,0,0,0,0,정상,
2026-05-08 18:15,2026-05-08 18:45,0.0044,OK,정상,0,0,0,0,정상,
2026-05-08 18:16,2026-05-08 18:46,0.0051,OK,정상,0,0,0,0,정상,
2026-05-08 18:17,2026-05-08 18:47,0.0038,OK,정상,1,0,0,0,정상,
2026-05-08 18:18,2026-05-08 18:48,0.0046,OK,정상,0,0,0,0,정상,
2026-05-08 18:19,2026-05-08 18:49,0.004,OK,정상,1,0,0,0,정상,
2026-05-08 18:20,2026-05-08 18:50,0.0042,OK,정상,1,0,0,0,정상,
2026-05-08 18:21,2026-05-08 18:51,0.01,OK,정상,1,0,0,0,정상,
2026-05-08 18:22,2026-05-08 18:52,0.0049,OK,정상,1,0,0,0,정상,
2026-05-08 18:23,2026-05-08 18:53,0.0044,OK,정상,1,0,0,0,정상,
2026-05-08 18:24,2026-05-08 18:54,0.003,OK,정상,1,0,0,0,정상,
2026-05-08 18:25,2026-05-08 18:55,0.0097,OK,정상,1,0,0,0,정상,
2026-05-08 18:26,2026-05-08 18:56,0.0045,OK,정상,1,0,0,0,정상,
2026-05-08 18:27,2026-05-08 18:57,0.004,OK,정상,0,0,0,0,정상,
2026-05-08 18:28,2026-05-08 18:58,0.0064,OK,정상,0,0,0,0,정상,
2026-05-08 18:29,2026-05-08 18:59,0.0055,OK,정상,0,0,0,0,정상,
2026-05-08 18:30,2026-05-08 19:00,0.0046,OK,정상,0,0,0,0,정상,
2026-05-08 18:31,2026-05-08 19:01,0.0146,OK,정상,1,0,0,0,정상,
2026-05-08 18:32,2026-05-08 19:02,0.0132,OK,정상,1,0,0,0,정상,
2026-05-08 18:33,2026-05-08 19:03,0.0204,OK,정상,1,0,0,0,정상,
2026-05-08 18:34,2026-05-08 19:04,0.0103,OK,정상,1,0,0,0,정상,
2026-05-08 18:35,2026-05-08 19:05,0.0051,OK,정상,1,0,0,0,정상,
2026-05-08 18:36,2026-05-08 19:06,0.008,OK,정상,1,0,0,0,정상,
2026-05-08 18:37,2026-05-08 19:07,0.0044,OK,정상,1,0,0,0,정상,
2026-05-08 18:38,2026-05-08 19:08,0.0019,OK,정상,0,0,0,0,정상,
2026-05-08 18:39,2026-05-08 19:09,0.0022,OK,정상,0,0,0,0,정상,
2026-05-08 18:40,2026-05-08 19:10,0.0079,OK,정상,0,0,0,0,정상,
2026-05-08 18:41,2026-05-08 19:11,0.0021,OK,정상,0,0,0,0,정상,
2026-05-08 18:42,2026-05-08 19:12,0.0013,OK,정상,0,0,0,0,정상,
2026-05-08 18:43,2026-05-08 19:13,0.0021,OK,정상,0,0,0,0,정상,
2026-05-08 18:44,2026-05-08 19:14,0.0021,OK,정상,0,0,0,0,정상,
2026-05-08 18:45,2026-05-08 19:15,0.0101,OK,정상,0,0,0,0,정상,
2026-05-08 18:46,2026-05-08 19:16,0.0077,OK,정상,0,0,0,0,정상,
2026-05-08 18:47,2026-05-08 19:17,0.002,OK,정상,0,0,0,0,정상,
2026-05-08 18:48,2026-05-08 19:18,0.0019,OK,정상,0,0,0,0,정상,
2026-05-08 18:49,2026-05-08 19:19,0.0064,OK,정상,0,0,0,0,정상,
2026-05-08 18:50,2026-05-08 19:20,0.0048,OK,정상,0,0,0,0,정상,
2026-05-08 18:51,2026-05-08 19:21,0.0122,OK,정상,0,0,0,0,정상,
2026-05-08 18:52,2026-05-08 19:22,0.0076,OK,정상,0,0,0,0,정상,
2026-05-08 18:53,2026-05-08 19:23,0.0018,OK,정상,0,0,0,0,정상,
2026-05-08 18:54,2026-05-08 19:24,0.0109,OK,정상,0,0,0,0,정상,
2026-05-08 18:55,2026-05-08 19:25,0.013,OK,정상,0,0,0,0,정상,
2026-05-08 18:56,2026-05-08 19:26,0.0012,OK,정상,0,0,0,0,정상,
2026-05-08 18:57,2026-05-08 19:27,0.0012,OK,정상,0,0,0,0,정상,
2026-05-08 18:58,2026-05-08 19:28,0.0035,OK,정상,0,0,0,0,정상,
2026-05-08 18:59,2026-05-08 19:29,0.0042,OK,정상,0,0,0,0,정상,
2026-05-08 19:00,2026-05-08 19:30,0.0048,OK,정상,0,0,0,0,정상,
2026-05-08 19:01,2026-05-08 19:31,0.0019,OK,정상,0,0,0,0,정상,
2026-05-08 19:02,2026-05-08 19:32,0.0023,OK,정상,0,0,0,0,정상,
2026-05-08 19:03,2026-05-08 19:33,0.0005,OK,정상,0,0,0,0,정상,
2026-05-08 19:04,2026-05-08 19:34,0.0015,OK,정상,0,1,0,0,정상,
2026-05-08 19:05,2026-05-08 19:35,0.0007,OK,정상,0,1,0,0,정상,
2026-05-08 19:06,2026-05-08 19:36,0.0008,OK,정상,0,0,0,0,정상,
2026-05-08 19:07,2026-05-08 19:37,0.0007,OK,정상,0,0,0,0,정상,
2026-05-08 19:08,2026-05-08 19:38,0.0006,OK,정상,0,0,0,0,정상,
2026-05-08 19:09,2026-05-08 19:39,0.0008,OK,정상,0,0,0,0,정상,
2026-05-08 19:10,2026-05-08 19:40,0.0006,OK,정상,0,0,0,0,정상,
2026-05-08 19:11,2026-05-08 19:41,0.0007,OK,정상,0,0,0,0,정상,
2026-05-08 19:12,2026-05-08 19:42,0.0004,OK,정상,0,0,0,0,정상,
2026-05-08 19:13,2026-05-08 19:43,0.0006,OK,정상,0,0,0,0,정상,
2026-05-08 19:14,2026-05-08 19:44,0.0007,OK,정상,0,0,0,0,정상,
2026-05-08 19:15,2026-05-08 19:45,0.0008,OK,정상,0,0,0,0,정상,
2026-05-08 19:16,2026-05-08 19:46,0.0058,OK,정상,0,0,0,0,정상,
2026-05-08 19:17,2026-05-08 19:47,0.0009,OK,정상,0,0,0,0,정상,
2026-05-08 19:18,2026-05-08 19:48,0.0009,OK,정상,0,0,0,0,정상,
2026-05-08 19:19,2026-05-08 19:49,0.0009,OK,정상,0,0,0,0,정상,
2026-05-08 19:20,2026-05-08 19:50,0.001,OK,정상,0,0,0,0,정상,
2026-05-08 19:21,2026-05-08 19:51,0.0011,OK,정상,0,0,0,0,정상,
2026-05-08 19:22,2026-05-08 19:52,0.0006,OK,정상,0,0,0,0,정상,
2026-05-08 19:23,2026-05-08 19:53,0.001,OK,정상,0,0,0,0,정상,
2026-05-08 19:24,2026-05-08 19:54,0.0006,OK,정상,0,0,0,0,정상,
2026-05-08 19:25,2026-05-08 19:55,0.0005,OK,정상,0,0,0,0,정상,
2026-05-08 19:26,2026-05-08 19:56,0.0006,OK,정상,0,0,0,0,정상,
2026-05-08 19:27,2026-05-08 19:57,0.0007,OK,정상,0,0,0,0,정상,
2026-05-08 19:28,2026-05-08 19:58,0.0007,OK,정상,0,0,0,0,정상,
2026-05-08 19:29,2026-05-08 19:59,0.0011,OK,정상,0,0,0,0,정상,
2026-05-08 19:30,2026-05-08 20:00,0.0022,OK,정상,0,0,0,0,정상,
2026-05-08 19:31,2026-05-08 20:01,0.0012,OK,정상,0,0,0,0,정상,
2026-05-08 19:32,2026-05-08 20:02,0.0011,OK,정상,0,0,0,0,정상,
2026-05-08 19:33,2026-05-08 20:03,0.0012,OK,정상,0,0,0,0,정상,
2026-05-08 19:34,2026-05-08 20:04,0.0013,OK,정상,0,0,0,0,정상,
2026-05-08 19:35,2026-05-08 20:05,0.0012,OK,정상,0,0,0,0,정상,
2026-05-08 19:36,2026-05-08 20:06,0.0011,OK,정상,0,0,0,0,정상,
2026-05-08 19:37,2026-05-08 20:07,0.0008,OK,정상,1,0,0,0,정상,
2026-05-08 19:38,2026-05-08 20:08,0.0008,OK,정상,0,0,0,0,정상,
2026-05-08 19:39,2026-05-08 20:09,0.0013,OK,정상,0,0,0,0,정상,
2026-05-08 19:40,2026-05-08 20:10,0.0048,OK,정상,0,0,0,0,정상,
2026-05-08 19:41,2026-05-08 20:11,0.0241,OK,정상,0,0,0,0,정상,
2026-05-08 19:42,2026-05-08 20:12,0.0024,OK,정상,0,0,0,0,정상,
2026-05-08 19:43,2026-05-08 20:13,0.0028,OK,정상,0,0,0,0,정상,
2026-05-08 19:44,2026-05-08 20:14,0.0027,OK,정상,0,0,0,0,정상,
2026-05-08 19:45,2026-05-08 20:15,0.0016,OK,정상,0,0,0,0,정상,
2026-05-08 19:46,2026-05-08 20:16,0.0017,OK,정상,0,0,0,0,정상,
2026-05-08 19:47,2026-05-08 20:17,0.0014,OK,정상,0,0,0,0,정상,
2026-05-08 19:48,2026-05-08 20:18,0.0008,OK,정상,0,0,0,0,정상,
2026-05-08 19:49,2026-05-08 20:19,0.001,OK,정상,0,0,0,0,정상,
2026-05-08 19:50,2026-05-08 20:20,0.0022,OK,정상,0,0,0,0,정상,
2026-05-08 19:51,2026-05-08 20:21,0.0014,OK,정상,0,0,0,0,정상,
2026-05-08 19:52,2026-05-08 20:22,0.002,OK,정상,0,0,0,0,정상,
2026-05-08 19:53,2026-05-08 20:23,0.001,OK,정상,0,0,0,0,정상,
2026-05-08 19:54,2026-05-08 20:24,0.0013,OK,정상,0,0,0,0,정상,
2026-05-08 19:55,2026-05-08 20:25,0.0013,OK,정상,0,0,0,0,정상,
2026-05-08 19:56,2026-05-08 20:26,0.0018,OK,정상,0,0,0,0,정상,
2026-05-08 19:57,2026-05-08 20:27,0.0008,OK,정상,0,0,0,0,정상,
2026-05-08 19:58,2026-05-08 20:28,0.0006,OK,정상,0,0,0,0,정상,
2026-05-08 19:59,2026-05-08 20:29,0.0007,OK,정상,0,0,0,0,정상,
2026-05-08 20:00,2026-05-08 20:30,0.0005,OK,정상,0,1,0,0,정상,
2026-05-08 20:01,2026-05-08 20:31,0.0002,OK,정상,0,0,0,0,정상,
2026-05-08 20:02,2026-05-08 20:32,0.0005,OK,정상,0,0,0,0,정상,
2026-05-08 20:03,2026-05-08 20:33,0.0004,OK,정상,0,0,0,0,정상,
2026-05-08 20:04,2026-05-08 20:34,0.0005,OK,정상,0,0,0,0,정상,
2026-05-08 20:05,2026-05-08 20:35,0.0004,OK,정상,0,0,0,0,정상,
2026-05-08 20:06,2026-05-08 20:36,0.0004,OK,정상,0,0,0,0,정상,
2026-05-08 20:07,2026-05-08 20:37,0.001,OK,정상,0,0,0,0,정상,
2026-05-08 20:08,2026-05-08 20:38,0.0003,OK,정상,0,0,0,0,정상,
2026-05-08 20:09,2026-05-08 20:39,0.0004,OK,정상,0,0,0,0,정상,
2026-05-08 20:10,2026-05-08 20:40,0.0004,OK,정상,0,0,0,0,정상,
2026-05-08 20:11,2026-05-08 20:41,0.0006,OK,정상,0,0,0,0,정상,
2026-05-08 20:12,2026-05-08 20:42,0.0013,OK,정상,0,1,0,0,정상,
2026-05-08 20:13,2026-05-08 20:43,0.0014,OK,정상,1,1,0,0,정상,
2026-05-08 20:14,2026-05-08 20:44,0.001,OK,정상,1,1,0,0,정상,
2026-05-08 20:15,2026-05-08 20:45,0.0009,OK,정상,1,1,0,0,정상,
2026-05-08 20:16,2026-05-08 20:46,0.001,OK,정상,1,1,0,0,정상,
2026-05-08 20:17,2026-05-08 20:47,0.0013,OK,정상,0,1,0,0,정상,
2026-05-08 20:18,2026-05-08 20:48,0.002,OK,정상,0,1,0,0,정상,
2026-05-08 20:19,2026-05-08 20:49,0.0017,OK,정상,0,1,0,0,정상,
2026-05-08 20:20,2026-05-08 20:50,0.0019,OK,정상,0,1,0,0,정상,
2026-05-08 20:21,2026-05-08 20:51,0.0015,OK,정상,0,1,0,0,정상,
2026-05-08 20:22,2026-05-08 20:52,0.003,OK,정상,0,0,0,0,정상,
2026-05-08 20:23,2026-05-08 20:53,0.0024,OK,정상,0,0,0,0,정상,
2026-05-08 20:24,2026-05-08 20:54,0.0021,OK,정상,0,0,0,0,정상,
2026-05-08 20:25,2026-05-08 20:55,0.0012,OK,정상,1,0,0,0,정상,
2026-05-08 20:26,2026-05-08 20:56,0.0018,OK,정상,1,0,0,0,정상,
2026-05-08 20:27,2026-05-08 20:57,0.0053,OK,정상,0,0,0,0,정상,
2026-05-08 20:28,2026-05-08 20:58,0.0078,OK,정상,0,0,0,0,정상,
2026-05-08 20:29,2026-05-08 20:59,0.0062,OK,정상,0,0,0,0,정상,
2026-05-08 20:30,2026-05-08 21:00,0.0018,OK,정상,0,0,0,0,정상,
2026-05-08 20:31,2026-05-08 21:01,0.0014,OK,정상,0,0,0,0,정상,
2026-05-08 20:32,2026-05-08 21:02,0.0014,OK,정상,0,0,0,0,정상,
2026-05-08 20:33,2026-05-08 21:03,0.0076,OK,정상,0,0,0,0,정상,
2026-05-08 20:34,2026-05-08 21:04,0.0013,OK,정상,0,0,0,0,정상,
2026-05-08 20:35,2026-05-08 21:05,0.0011,OK,정상,0,0,0,0,정상,
2026-05-08 20:36,2026-05-08 21:06,0.0028,OK,정상,0,0,0,0,정상,
2026-05-08 20:37,2026-05-08 21:07,0.0053,OK,정상,0,0,0,0,정상,
2026-05-08 20:38,2026-05-08 21:08,0.0034,OK,정상,0,0,0,0,정상,
2026-05-08 20:39,2026-05-08 21:09,0.003,OK,정상,0,0,0,0,정상,
2026-05-08 20:40,2026-05-08 21:10,0.0021,OK,정상,0,0,0,0,정상,
2026-05-08 20:41,2026-05-08 21:11,0.0022,OK,정상,0,1,0,0,정상,
2026-05-08 20:42,2026-05-08 21:12,0.002,OK,정상,0,1,0,0,정상,
2026-05-08 20:43,2026-05-08 21:13,0.0029,OK,정상,0,1,0,0,정상,
2026-05-08 20:44,2026-05-08 21:14,0.0024,OK,정상,0,1,0,0,정상,
2026-05-08 20:45,2026-05-08 21:15,0.0021,OK,정상,0,1,0,0,정상,
2026-05-08 20:46,2026-05-08 21:16,0.0023,OK,정상,0,1,0,0,정상,
2026-05-08 20:47,2026-05-08 21:17,0.0019,OK,정상,0,0,0,0,정상,
2026-05-08 20:48,2026-05-08 21:18,0.0011,OK,정상,0,0,0,0,정상,
2026-05-08 20:49,2026-05-08 21:19,0.001,OK,정상,0,0,0,0,정상,
2026-05-08 20:50,2026-05-08 21:20,0.0011,OK,정상,0,0,0,0,정상,
2026-05-08 20:51,2026-05-08 21:21,0.001,OK,정상,0,0,0,0,정상,
2026-05-08 20:52,2026-05-08 21:22,0.001,OK,정상,0,0,0,0,정상,
2026-05-08 20:53,2026-05-08 21:23,0.001,OK,정상,0,0,0,0,정상,
2026-05-08 20:54,2026-05-08 21:24,0.0012,OK,정상,0,0,0,0,정상,
2026-05-08 20:55,2026-05-08 21:25,0.0011,OK,정상,0,0,0,0,정상,
2026-05-08 20:56,2026-05-08 21:26,0.0015,OK,정상,0,0,0,0,정상,
2026-05-08 20:57,2026-05-08 21:27,0.0014,OK,정상,0,0,0,0,정상,
2026-05-08 20:58,2026-05-08 21:28,0.0012,OK,정상,0,0,0,0,정상,
2026-05-08 20:59,2026-05-08 21:29,0.0011,OK,정상,0,0,0,0,정상,
2026-05-08 21:00,2026-05-08 21:30,0.0013,OK,정상,0,0,0,0,정상,
2026-05-08 21:01,2026-05-08 21:31,0.0011,OK,정상,0,0,0,0,정상,
2026-05-08 21:02,2026-05-08 21:32,0.0013,OK,정상,0,0,0,0,정상,
2026-05-08 21:03,2026-05-08 21:33,0.0011,OK,정상,0,0,0,0,정상,
2026-05-08 21:04,2026-05-08 21:34,0.0016,OK,정상,0,0,0,0,정상,
2026-05-08 21:05,2026-05-08 21:35,0.0013,OK,정상,0,0,0,0,정상,
2026-05-08 21:06,2026-05-08 21:36,0.001,OK,정상,0,0,0,0,정상,
2026-05-08 21:07,2026-05-08 21:37,0.0012,OK,정상,0,0,0,0,정상,
2026-05-08 21:08,2026-05-08 21:38,0.0009,OK,정상,0,0,0,0,정상,
2026-05-08 21:09,2026-05-08 21:39,0.001,OK,정상,0,0,0,0,정상,
2026-05-08 21:10,2026-05-08 21:40,0.0012,OK,정상,0,0,0,0,정상,
2026-05-08 21:11,2026-05-08 21:41,0.0016,OK,정상,0,0,0,0,정상,
2026-05-08 21:12,2026-05-08 21:42,0.0011,OK,정상,0,0,0,0,정상,
2026-05-08 21:13,2026-05-08 21:43,0.0013,OK,정상,0,0,0,0,정상,
2026-05-08 21:14,2026-05-08 21:44,0.0007,OK,정상,0,0,0,0,정상,
2026-05-08 21:15,2026-05-08 21:45,0.0008,OK,정상,0,0,0,0,정상,
2026-05-08 21:16,2026-05-08 21:46,0.0011,OK,정상,0,0,0,0,정상,
2026-05-08 21:17,2026-05-08 21:47,0.0004,OK,정상,0,0,0,0,정상,
2026-05-08 21:18,2026-05-08 21:48,0.0004,OK,정상,0,0,0,0,정상,
2026-05-08 21:19,2026-05-08 21:49,0.001,OK,정상,0,0,0,0,정상,
2026-05-08 21:20,2026-05-08 21:50,0.0015,OK,정상,0,0,0,0,정상,
2026-05-08 21:21,2026-05-08 21:51,0.0005,OK,정상,0,0,0,0,정상,
2026-05-08 21:22,2026-05-08 21:52,0.0023,OK,정상,1,0,0,0,정상,
2026-05-08 21:23,2026-05-08 21:53,0.0045,OK,정상,1,0,0,0,정상,
2026-05-08 21:24,2026-05-08 21:54,0.0006,OK,정상,0,0,0,0,정상,
2026-05-08 21:25,2026-05-08 21:55,0.0038,OK,정상,0,0,0,0,정상,
2026-05-08 21:26,2026-05-08 21:56,0.0036,OK,정상,1,0,0,0,정상,
2026-05-08 21:27,2026-05-08 21:57,0.0022,OK,정상,1,0,0,0,정상,
2026-05-08 21:28,2026-05-08 21:58,0.0069,OK,정상,1,1,0,0,정상,
2026-05-08 21:29,2026-05-08 21:59,0.0052,OK,정상,1,1,0,0,정상,
2026-05-08 21:30,2026-05-08 22:00,0.0014,OK,정상,1,1,0,0,정상,
2026-05-08 21:31,2026-05-08 22:01,0.0016,OK,정상,1,1,0,0,정상,
2026-05-08 21:32,2026-05-08 22:02,0.0017,OK,정상,1,1,0,0,정상,
2026-05-08 21:33,2026-05-08 22:03,0.0021,OK,정상,1,1,0,0,정상,
2026-05-08 21:34,2026-05-08 22:04,0.0057,OK,정상,1,1,0,0,정상,
2026-05-08 21:35,2026-05-08 22:05,0.0057,OK,정상,1,1,0,0,정상,
2026-05-08 21:36,2026-05-08 22:06,0.0072,OK,정상,1,0,0,0,정상,
2026-05-08 21:37,2026-05-08 22:07,0.0016,OK,정상,1,0,0,0,정상,
2026-05-08 21:38,2026-05-08 22:08,0.0079,OK,정상,1,0,0,0,정상,
2026-05-08 21:39,2026-05-08 22:09,0.0037,OK,정상,1,0,0,0,정상,
2026-05-08 21:40,2026-05-08 22:10,0.0026,OK,정상,1,0,0,0,정상,
2026-05-08 21:41,2026-05-08 22:11,0.0021,OK,정상,1,0,0,0,정상,
2026-05-08 21:42,2026-05-08 22:12,0.0029,OK,정상,1,0,0,0,정상,
2026-05-08 21:43,2026-05-08 22:13,0.0028,OK,정상,1,0,0,0,정상,
2026-05-08 21:44,2026-05-08 22:14,0.0026,OK,정상,1,0,0,0,정상,
2026-05-08 21:45,2026-05-08 22:15,0.0031,OK,정상,1,0,0,0,정상,
2026-05-08 21:46,2026-05-08 22:16,0.0021,OK,정상,1,0,0,0,정상,
2026-05-08 21:47,2026-05-08 22:17,0.0029,OK,정상,1,0,0,0,정상,
2026-05-08 21:48,2026-05-08 22:18,0.0043,OK,정상,1,0,0,0,정상,
2026-05-08 21:49,2026-05-08 22:19,0.003,OK,정상,1,0,0,0,정상,
2026-05-08 21:50,2026-05-08 22:20,0.0029,OK,정상,1,0,0,0,정상,
2026-05-08 21:51,2026-05-08 22:21,0.0026,OK,정상,0,1,0,0,정상,
2026-05-08 21:52,2026-05-08 22:22,0.0031,OK,정상,0,0,0,0,정상,
2026-05-08 21:53,2026-05-08 22:23,0.0034,OK,정상,0,0,0,0,정상,
2026-05-08 21:54,2026-05-08 22:24,0.0085,OK,정상,0,0,0,0,정상,
2026-05-08 21:55,2026-05-08 22:25,0.0021,OK,정상,0,0,0,0,정상,
2026-05-08 21:56,2026-05-08 22:26,0.0018,OK,정상,0,0,0,0,정상,
2026-05-08 21:57,2026-05-08 22:27,0.0033,OK,정상,0,0,0,0,정상,
2026-05-08 21:58,2026-05-08 22:28,0.0019,OK,정상,0,0,0,0,정상,
2026-05-08 21:59,2026-05-08 22:29,0.0021,OK,정상,0,0,0,0,정상,
2026-05-08 22:00,2026-05-08 22:30,0.0025,OK,정상,0,0,0,0,정상,
2026-05-08 22:01,2026-05-08 22:31,0.0024,OK,정상,0,0,0,0,정상,
2026-05-08 22:02,2026-05-08 22:32,0.0023,OK,정상,0,0,0,0,정상,
2026-05-08 22:03,2026-05-08 22:33,0.0015,OK,정상,0,0,0,0,정상,
2026-05-08 22:04,2026-05-08 22:34,0.0016,OK,정상,0,0,0,0,정상,
2026-05-08 22:05,2026-05-08 22:35,0.0014,OK,정상,0,0,0,0,정상,
2026-05-08 22:06,2026-05-08 22:36,0.0039,OK,정상,0,0,0,0,정상,
2026-05-08 22:07,2026-05-08 22:37,0.001,OK,정상,0,0,0,0,정상,
2026-05-08 22:08,2026-05-08 22:38,0.0011,OK,정상,0,0,0,0,정상,
2026-05-08 22:09,2026-05-08 22:39,0.001,OK,정상,0,0,0,0,정상,
2026-05-08 22:10,2026-05-08 22:40,0.001,OK,정상,0,0,0,0,정상,
2026-05-08 22:11,2026-05-08 22:41,0.0051,OK,정상,0,0,0,0,정상,
2026-05-08 22:12,2026-05-08 22:42,0.0017,OK,정상,0,0,0,0,정상,
2026-05-08 22:13,2026-05-08 22:43,0.0013,OK,정상,0,0,0,0,정상,
2026-05-08 22:14,2026-05-08 22:44,0.0027,OK,정상,0,0,0,0,정상,
2026-05-08 22:15,2026-05-08 22:45,0.0016,OK,정상,0,0,0,0,정상,
2026-05-08 22:16,2026-05-08 22:46,0.0022,OK,정상,0,0,0,0,정상,
2026-05-08 22:17,2026-05-08 22:47,0.0015,OK,정상,0,0,0,0,정상,
2026-05-08 22:18,2026-05-08 22:48,0.0014,OK,정상,0,0,0,0,정상,
2026-05-08 22:19,2026-05-08 22:49,0.0011,OK,정상,0,0,0,0,정상,
2026-05-08 22:20,2026-05-08 22:50,0.0005,OK,정상,0,0,0,0,정상,
2026-05-08 22:21,2026-05-08 22:51,0.0007,OK,정상,0,0,0,0,정상,
2026-05-08 22:22,2026-05-08 22:52,0.0005,OK,정상,0,0,0,0,정상,
2026-05-08 22:23,2026-05-08 22:53,0.0008,OK,정상,1,0,0,0,정상,
2026-05-08 22:24,2026-05-08 22:54,0.0006,OK,정상,1,0,0,0,정상,
2026-05-08 22:25,2026-05-08 22:55,0.0004,OK,정상,0,0,0,0,정상,
2026-05-08 22:26,2026-05-08 22:56,0.0007,OK,정상,1,0,0,0,정상,
2026-05-08 22:27,2026-05-08 22:57,0.0004,OK,정상,1,0,0,0,정상,
2026-05-08 22:28,2026-05-08 22:58,0.0004,OK,정상,0,0,0,0,정상,
2026-05-08 22:29,2026-05-08 22:59,0.001,OK,정상,1,0,0,0,정상,
2026-05-08 22:30,2026-05-08 23:00,0.0014,OK,정상,1,0,0,0,정상,
2026-05-08 22:31,2026-05-08 23:01,0.0007,OK,정상,1,0,0,0,정상,
2026-05-08 22:32,2026-05-08 23:02,0.0007,OK,정상,1,0,0,0,정상,
2026-05-08 22:33,2026-05-08 23:03,0.0005,OK,정상,1,0,0,0,정상,
2026-05-08 22:34,2026-05-08 23:04,0.0007,OK,정상,0,0,0,0,정상,
2026-05-08 22:35,2026-05-08 23:05,0.0008,OK,정상,0,0,0,0,정상,
2026-05-08 22:36,2026-05-08 23:06,0.004,OK,정상,0,0,0,0,정상,
2026-05-08 22:37,2026-05-08 23:07,0.0422,OK,정상,0,0,0,0,정상,
2026-05-08 22:38,2026-05-08 23:08,0.0279,OK,정상,0,0,0,0,정상,
2026-05-08 22:39,2026-05-08 23:09,0.0131,OK,정상,0,0,0,0,정상,
2026-05-08 22:40,2026-05-08 23:10,0.0011,OK,정상,0,0,0,0,정상,
2026-05-08 22:41,2026-05-08 23:11,0.0008,OK,정상,1,0,0,0,정상,
2026-05-08 22:42,2026-05-08 23:12,0.0022,OK,정상,1,1,0,0,정상,
2026-05-08 22:43,2026-05-08 23:13,0.0023,OK,정상,1,1,0,0,정상,
2026-05-08 22:44,2026-05-08 23:14,0.0026,OK,정상,1,1,0,0,정상,
2026-05-08 22:45,2026-05-08 23:15,0.0042,OK,정상,1,1,0,0,정상,
2026-05-08 22:46,2026-05-08 23:16,0.0033,OK,정상,0,1,0,0,정상,
2026-05-08 22:47,2026-05-08 23:17,0.0029,OK,정상,0,1,0,0,정상,
2026-05-08 22:48,2026-05-08 23:18,0.0025,OK,정상,0,1,0,0,정상,
2026-05-08 22:49,2026-05-08 23:19,0.0025,OK,정상,0,1,0,0,정상,
2026-05-08 22:50,2026-05-08 23:20,0.0027,OK,정상,0,0,0,0,정상,
2026-05-08 22:51,2026-05-08 23:21,0.0022,OK,정상,0,0,0,0,정상,
2026-05-08 22:52,2026-05-08 23:22,0.001,OK,정상,0,0,0,0,정상,
2026-05-08 22:53,2026-05-08 23:23,0.0025,OK,정상,0,0,0,0,정상,
2026-05-08 22:54,2026-05-08 23:24,0.0014,OK,정상,0,0,0,0,정상,
2026-05-08 22:55,2026-05-08 23:25,0.0146,OK,정상,0,0,0,0,정상,
2026-05-08 22:56,2026-05-08 23:26,0.0545,OK,정상,0,0,0,0,정상,
2026-05-08 22:57,2026-05-08 23:27,0.0419,OK,정상,0,0,0,0,정상,
2026-05-08 22:58,2026-05-08 23:28,0.0311,OK,정상,0,0,0,0,정상,
2026-05-08 22:59,2026-05-08 23:29,0.0079,OK,정상,0,0,0,0,정상,
2026-05-08 23:00,2026-05-08 23:30,0.0013,OK,정상,0,0,0,0,정상,
2026-05-08 23:01,2026-05-08 23:31,0.0012,OK,정상,0,0,0,0,정상,
2026-05-08 23:02,2026-05-08 23:32,0.0012,OK,정상,0,0,0,0,정상,
2026-05-08 23:03,2026-05-08 23:33,0.0011,OK,정상,1,1,0,0,정상,
2026-05-08 23:04,2026-05-08 23:34,0.0007,OK,정상,1,1,0,0,정상,
2026-05-08 23:05,2026-05-08 23:35,0.0009,OK,정상,1,1,0,0,정상,
2026-05-08 23:06,2026-05-08 23:36,0.0011,OK,정상,1,1,0,0,정상,
2026-05-08 23:07,2026-05-08 23:37,0.0013,OK,정상,1,1,0,0,정상,
2026-05-08 23:08,2026-05-08 23:38,0.0011,OK,정상,1,1,0,0,정상,
2026-05-08 23:09,2026-05-08 23:39,0.001,OK,정상,1,1,0,0,정상,
2026-05-08 23:10,2026-05-08 23:40,0.0017,OK,정상,1,1,0,0,정상,
2026-05-08 23:11,2026-05-08 23:41,0.0011,OK,정상,1,1,0,0,정상,
2026-05-08 23:12,2026-05-08 23:42,0.0012,OK,정상,1,0,0,0,정상,
2026-05-08 23:13,2026-05-08 23:43,0.0012,OK,정상,0,0,0,0,정상,
2026-05-08 23:14,2026-05-08 23:44,0.0007,OK,정상,0,0,0,0,정상,
2026-05-08 23:15,2026-05-08 23:45,0.0013,OK,정상,0,0,0,0,정상,
2026-05-08 23:16,2026-05-08 23:46,0.0014,OK,정상,0,0,0,0,정상,
2026-05-08 23:17,2026-05-08 23:47,0.0011,OK,정상,0,0,0,0,정상,
2026-05-08 23:18,2026-05-08 23:48,0.0018,OK,정상,0,0,0,0,정상,
2026-05-08 23:19,2026-05-08 23:49,0.0012,OK,정상,0,0,0,0,정상,
2026-05-08 23:20,2026-05-08 23:50,0.0015,OK,정상,0,0,0,0,정상,
2026-05-08 23:21,2026-05-08 23:51,0.0014,OK,정상,0,0,0,0,정상,
2026-05-08 23:22,2026-05-08 23:52,0.0019,OK,정상,1,0,0,0,정상,
2026-05-08 23:23,2026-05-08 23:53,0.0148,OK,정상,1,0,0,0,정상,
2026-05-08 23:24,2026-05-08 23:54,0.0018,OK,정상,0,0,0,0,정상,
2026-05-08 23:25,2026-05-08 23:55,0.0123,OK,정상,0,0,0,0,정상,
2026-05-08 23:26,2026-05-08 23:56,0.0108,OK,정상,0,0,0,0,정상,
2026-05-08 23:27,2026-05-08 23:57,0.0115,OK,정상,0,0,0,0,정상,
2026-05-08 23:28,2026-05-08 23:58,0.0175,OK,정상,0,0,0,0,정상,
2026-05-08 23:29,2026-05-08 23:59,0.0118,OK,정상,0,0,0,0,정상,
2026-05-08 23:30,2026-05-09 0:00,0.0129,OK,정상,0,0,0,0,정상,
2026-05-08 23:31,2026-05-09 0:01,0.003,OK,정상,0,0,0,0,정상,
2026-05-08 23:32,2026-05-09 0:02,0.0033,OK,정상,0,0,0,0,정상,
2026-05-08 23:33,2026-05-09 0:03,0.002,OK,정상,0,0,0,0,정상,
2026-05-08 23:34,2026-05-09 0:04,0.0018,OK,정상,0,0,0,0,정상,
2026-05-08 23:35,2026-05-09 0:05,0.0032,OK,정상,0,0,0,0,정상,
2026-05-08 23:36,2026-05-09 0:06,0.0173,OK,정상,1,0,0,0,정상,
2026-05-08 23:37,2026-05-09 0:07,0.011,OK,정상,1,0,0,0,정상,
2026-05-08 23:38,2026-05-09 0:08,0.0107,OK,정상,0,0,0,0,정상,
2026-05-08 23:39,2026-05-09 0:09,0.0073,OK,정상,1,0,0,0,정상,
2026-05-08 23:40,2026-05-09 0:10,0.0027,OK,정상,1,0,0,0,정상,
2026-05-08 23:41,2026-05-09 0:11,0.0023,OK,정상,0,0,0,0,정상,
2026-05-08 23:42,2026-05-09 0:12,0.0026,OK,정상,1,0,0,0,정상,
2026-05-08 23:43,2026-05-09 0:13,0.0034,OK,정상,1,0,0,0,정상,
2026-05-08 23:44,2026-05-09 0:14,0.0048,OK,정상,1,1,0,0,정상,
2026-05-08 23:45,2026-05-09 0:15,0.0052,OK,정상,1,0,0,0,정상,
2026-05-08 23:46,2026-05-09 0:16,0.0031,OK,정상,1,0,0,0,정상,
2026-05-08 23:47,2026-05-09 0:17,0.0034,OK,정상,1,0,0,0,정상,
2026-05-08 23:48,2026-05-09 0:18,0.0039,OK,정상,1,0,0,0,정상,
2026-05-08 23:49,2026-05-09 0:19,0.0024,OK,정상,1,1,0,0,정상,
2026-05-08 23:50,2026-05-09 0:20,0.0024,OK,정상,1,1,0,0,정상,
2026-05-08 23:51,2026-05-09 0:21,0.0021,OK,정상,1,1,0,0,정상,
2026-05-08 23:52,2026-05-09 0:22,0.0023,OK,정상,1,1,0,0,정상,
2026-05-08 23:53,2026-05-09 0:23,0.002,OK,정상,1,0,0,0,정상,
2026-05-08 23:54,2026-05-09 0:24,0.002,OK,정상,1,0,0,0,정상,
2026-05-08 23:55,2026-05-09 0:25,0.0021,OK,정상,1,0,0,0,정상,
2026-05-08 23:56,2026-05-09 0:26,0.0021,OK,정상,1,0,0,0,정상,
2026-05-08 23:57,2026-05-09 0:27,0.002,OK,정상,1,0,0,0,정상,
2026-05-08 23:58,2026-05-09 0:28,0.0021,OK,정상,1,0,0,0,정상,
2026-05-08 23:59,2026-05-09 0:29,0.0018,OK,정상,1,0,0,0,정상,
2026-05-09 0:00,2026-05-09 0:30,0.0022,OK,정상,1,0,0,0,정상,
2026-05-09 0:01,2026-05-09 0:31,0.0023,OK,정상,1,0,0,0,정상,
2026-05-09 0:02,2026-05-09 0:32,0.0022,OK,정상,1,0,0,0,정상,
2026-05-09 0:03,2026-05-09 0:33,0.0028,OK,정상,1,0,0,0,정상,
2026-05-09 0:04,2026-05-09 0:34,0.0022,OK,정상,1,0,0,0,정상,
2026-05-09 0:05,2026-05-09 0:35,0.0021,OK,정상,0,0,0,0,정상,
2026-05-09 0:06,2026-05-09 0:36,0.002,OK,정상,1,0,0,0,정상,
2026-05-09 0:07,2026-05-09 0:37,0.0018,OK,정상,0,0,0,0,정상,
2026-05-09 0:08,2026-05-09 0:38,0.0023,OK,정상,1,0,0,0,정상,
2026-05-09 0:09,2026-05-09 0:39,0.0024,OK,정상,0,0,0,0,정상,
2026-05-09 0:10,2026-05-09 0:40,0.003,OK,정상,1,0,0,0,정상,
2026-05-09 0:11,2026-05-09 0:41,0.0032,OK,정상,0,0,0,0,정상,
2026-05-09 0:12,2026-05-09 0:42,0.0026,OK,정상,1,0,0,0,정상,
2026-05-09 0:13,2026-05-09 0:43,0.0021,OK,정상,0,0,0,0,정상,
2026-05-09 0:14,2026-05-09 0:44,0.0025,OK,정상,1,0,0,0,정상,
2026-05-09 0:15,2026-05-09 0:45,0.0018,OK,정상,0,0,0,0,정상,
2026-05-09 0:16,2026-05-09 0:46,0.0023,OK,정상,1,1,0,0,정상,
2026-05-09 0:17,2026-05-09 0:47,0.0023,OK,정상,1,0,0,0,정상,
2026-05-09 0:18,2026-05-09 0:48,0.0023,OK,정상,1,0,0,0,정상,
2026-05-09 0:19,2026-05-09 0:49,0.0025,OK,정상,1,0,0,0,정상,
2026-05-09 0:20,2026-05-09 0:50,0.0024,OK,정상,1,0,0,0,정상,
2026-05-09 0:21,2026-05-09 0:51,0.0022,OK,정상,1,0,0,0,정상,
2026-05-09 0:22,2026-05-09 0:52,0.0023,OK,정상,1,0,0,0,정상,
2026-05-09 0:23,2026-05-09 0:53,0.0037,OK,정상,1,0,0,0,정상,
2026-05-09 0:24,2026-05-09 0:54,0.0035,OK,정상,1,0,0,0,정상,
2026-05-09 0:25,2026-05-09 0:55,0.0038,OK,정상,1,0,0,0,정상,
2026-05-09 0:26,2026-05-09 0:56,0.0044,OK,정상,1,0,0,0,정상,
2026-05-09 0:27,2026-05-09 0:57,0.0036,OK,정상,1,0,0,0,정상,
2026-05-09 0:28,2026-05-09 0:58,0.0043,OK,정상,0,0,0,0,정상,
2026-05-09 0:29,2026-05-09 0:59,0.1185,OK,정상,1,0,0,0,정상,
2026-05-09 0:30,2026-05-09 1:00,0.0845,OK,정상,0,0,0,0,정상,
2026-05-09 0:31,2026-05-09 1:01,0.0749,OK,정상,0,0,0,0,정상,
2026-05-09 0:32,2026-05-09 1:02,0.0355,OK,정상,0,0,0,0,정상,
2026-05-09 0:33,2026-05-09 1:03,0.0229,OK,정상,0,0,0,0,정상,
2026-05-09 0:34,2026-05-09 1:04,0.0194,OK,정상,0,0,0,0,정상,
2026-05-09 0:35,2026-05-09 1:05,0.0014,OK,정상,0,0,0,0,정상,
2026-05-09 0:36,2026-05-09 1:06,0.0013,OK,정상,1,0,0,0,정상,
2026-05-09 0:37,2026-05-09 1:07,0.001,OK,정상,0,0,0,0,정상,
2026-05-09 0:38,2026-05-09 1:08,0.0011,OK,정상,1,1,0,0,정상,
2026-05-09 0:39,2026-05-09 1:09,0.0013,OK,정상,1,1,0,0,정상,
2026-05-09 0:40,2026-05-09 1:10,0.0014,OK,정상,1,1,0,0,정상,
2026-05-09 0:41,2026-05-09 1:11,0.0015,OK,정상,1,1,0,0,정상,
2026-05-09 0:42,2026-05-09 1:12,0.0019,OK,정상,1,1,0,0,정상,
2026-05-09 0:43,2026-05-09 1:13,0.0012,OK,정상,1,1,0,0,정상,
2026-05-09 0:44,2026-05-09 1:14,0.0044,OK,정상,1,1,0,0,정상,
2026-05-09 0:45,2026-05-09 1:15,0.001,OK,정상,1,0,0,0,정상,
2026-05-09 0:46,2026-05-09 1:16,0.0013,OK,정상,1,1,0,0,정상,
2026-05-09 0:47,2026-05-09 1:17,0.001,OK,정상,0,0,0,0,정상,
2026-05-09 0:48,2026-05-09 1:18,0.0012,OK,정상,1,0,0,0,정상,
2026-05-09 0:49,2026-05-09 1:19,0.0013,OK,정상,1,0,0,0,정상,
2026-05-09 0:50,2026-05-09 1:20,0.0018,OK,정상,1,0,0,0,정상,
2026-05-09 0:51,2026-05-09 1:21,0.0018,OK,정상,0,0,0,0,정상,
2026-05-09 0:52,2026-05-09 1:22,0.0011,OK,정상,0,0,0,0,정상,
2026-05-09 0:53,2026-05-09 1:23,0.0014,OK,정상,0,0,0,0,정상,
2026-05-09 0:54,2026-05-09 1:24,0.0017,OK,정상,0,0,0,0,정상,
2026-05-09 0:55,2026-05-09 1:25,0.0016,OK,정상,0,0,0,0,정상,
2026-05-09 0:56,2026-05-09 1:26,0.0022,OK,정상,0,0,0,0,정상,
2026-05-09 0:57,2026-05-09 1:27,0.0018,OK,정상,0,0,0,0,정상,
2026-05-09 0:58,2026-05-09 1:28,0.0018,OK,정상,0,0,0,0,정상,
2026-05-09 0:59,2026-05-09 1:29,0.0018,OK,정상,1,0,0,0,정상,
2026-05-09 1:00,2026-05-09 1:30,0.0765,OK,정상,1,0,0,0,정상,
2026-05-09 1:01,2026-05-09 1:31,0.0207,OK,정상,1,0,0,0,정상,
2026-05-09 1:02,2026-05-09 1:32,0.012,OK,정상,1,0,0,0,정상,
2026-05-09 1:03,2026-05-09 1:33,0.0022,OK,정상,1,0,0,0,정상,
2026-05-09 1:04,2026-05-09 1:34,0.0021,OK,정상,1,0,0,0,정상,
2026-05-09 1:05,2026-05-09 1:35,0.0019,OK,정상,0,0,0,0,정상,
2026-05-09 1:06,2026-05-09 1:36,0.0089,OK,정상,1,0,0,0,정상,
2026-05-09 1:07,2026-05-09 1:37,0.0084,OK,정상,0,0,0,0,정상,
2026-05-09 1:08,2026-05-09 1:38,0.006,OK,정상,1,1,0,0,정상,
2026-05-09 1:09,2026-05-09 1:39,0.0018,OK,정상,1,1,0,0,정상,
2026-05-09 1:10,2026-05-09 1:40,0.0079,OK,정상,1,1,0,0,정상,
2026-05-09 1:11,2026-05-09 1:41,0.0089,OK,정상,1,1,0,0,정상,
2026-05-09 1:12,2026-05-09 1:42,0.0036,OK,정상,1,1,0,0,정상,
2026-05-09 1:13,2026-05-09 1:43,0.0051,OK,정상,1,1,0,0,정상,
2026-05-09 1:14,2026-05-09 1:44,0.0049,OK,정상,1,1,0,0,정상,
2026-05-09 1:15,2026-05-09 1:45,0.0012,OK,정상,1,1,0,0,정상,
2026-05-09 1:16,2026-05-09 1:46,0.0034,OK,정상,1,1,0,0,정상,
2026-05-09 1:17,2026-05-09 1:47,0.0019,OK,정상,1,0,0,0,정상,
2026-05-09 1:18,2026-05-09 1:48,0.002,OK,정상,1,0,0,0,정상,
2026-05-09 1:19,2026-05-09 1:49,0.0017,OK,정상,1,0,0,0,정상,
2026-05-09 1:20,2026-05-09 1:50,0.0018,OK,정상,1,0,0,0,정상,
2026-05-09 1:21,2026-05-09 1:51,0.0038,OK,정상,1,0,0,0,정상,
2026-05-09 1:22,2026-05-09 1:52,0.0023,OK,정상,1,0,0,0,정상,
2026-05-09 1:23,2026-05-09 1:53,0.0039,OK,정상,1,0,0,0,정상,
2026-05-09 1:24,2026-05-09 1:54,0.0052,OK,정상,1,0,0,0,정상,
2026-05-09 1:25,2026-05-09 1:55,0.0091,OK,정상,0,0,0,0,정상,
2026-05-09 1:26,2026-05-09 1:56,0.0088,OK,정상,0,0,0,0,정상,
2026-05-09 1:27,2026-05-09 1:57,0.0042,OK,정상,0,0,0,0,정상,
2026-05-09 1:28,2026-05-09 1:58,0.0108,OK,정상,1,1,0,0,정상,
2026-05-09 1:29,2026-05-09 1:59,0.0045,OK,정상,1,1,0,0,정상,
2026-05-09 1:30,2026-05-09 2:00,0.0044,OK,정상,1,1,0,0,정상,
2026-05-09 1:31,2026-05-09 2:01,0.0023,OK,정상,1,1,0,0,정상,
2026-05-09 1:32,2026-05-09 2:02,0.0024,OK,정상,1,1,0,0,정상,
2026-05-09 1:33,2026-05-09 2:03,0.0022,OK,정상,1,0,0,0,정상,
2026-05-09 1:34,2026-05-09 2:04,0.0015,OK,정상,1,0,0,0,정상,
2026-05-09 1:35,2026-05-09 2:05,0.0038,OK,정상,1,0,0,0,정상,
2026-05-09 1:36,2026-05-09 2:06,0.0047,OK,정상,1,0,0,0,정상,
2026-05-09 1:37,2026-05-09 2:07,0.005,OK,정상,1,0,0,0,정상,
2026-05-09 1:38,2026-05-09 2:08,0.0039,OK,정상,1,0,0,0,정상,
2026-05-09 1:39,2026-05-09 2:09,0.0044,OK,정상,1,0,0,0,정상,
2026-05-09 1:40,2026-05-09 2:10,0.003,OK,정상,1,0,0,0,정상,
2026-05-09 1:41,2026-05-09 2:11,0.0036,OK,정상,1,0,0,0,정상,
2026-05-09 1:42,2026-05-09 2:12,0.0041,OK,정상,1,0,0,0,정상,
2026-05-09 1:43,2026-05-09 2:13,0.0047,OK,정상,1,0,0,0,정상,
2026-05-09 1:44,2026-05-09 2:14,0.0046,OK,정상,1,0,0,0,정상,
2026-05-09 1:45,2026-05-09 2:15,0.0047,OK,정상,1,0,0,0,정상,
2026-05-09 1:46,2026-05-09 2:16,0.0026,OK,정상,1,0,0,0,정상,
2026-05-09 1:47,2026-05-09 2:17,0.0022,OK,정상,1,0,0,0,정상,
2026-05-09 1:48,2026-05-09 2:18,0.0023,OK,정상,1,0,0,0,정상,
2026-05-09 1:49,2026-05-09 2:19,0.0025,OK,정상,1,0,0,0,정상,
2026-05-09 1:50,2026-05-09 2:20,0.0029,OK,정상,1,0,0,0,정상,
2026-05-09 1:51,2026-05-09 2:21,0.0058,OK,정상,1,0,0,0,정상,
2026-05-09 1:52,2026-05-09 2:22,0.0032,OK,정상,1,0,0,0,정상,
2026-05-09 1:53,2026-05-09 2:23,0.0044,OK,정상,1,0,0,0,정상,
2026-05-09 1:54,2026-05-09 2:24,0.0064,OK,정상,1,1,0,0,정상,
2026-05-09 1:55,2026-05-09 2:25,0.0055,OK,정상,1,0,0,0,정상,
2026-05-09 1:56,2026-05-09 2:26,0.0021,OK,정상,1,0,0,0,정상,
2026-05-09 1:57,2026-05-09 2:27,0.0023,OK,정상,1,0,0,0,정상,
2026-05-09 1:58,2026-05-09 2:28,0.003,OK,정상,1,0,0,0,정상,
2026-05-09 1:59,2026-05-09 2:29,0.0369,OK,정상,1,0,0,0,정상,
2026-05-09 2:00,2026-05-09 2:30,0.0333,OK,정상,1,0,0,0,정상,
2026-05-09 2:01,2026-05-09 2:31,0.0261,OK,정상,1,0,0,0,정상,
2026-05-09 2:02,2026-05-09 2:32,0.0106,OK,정상,1,0,0,0,정상,
2026-05-09 2:03,2026-05-09 2:33,0.0103,OK,정상,0,0,0,0,정상,
2026-05-09 2:04,2026-05-09 2:34,0.0127,OK,정상,1,0,0,0,정상,
2026-05-09 2:05,2026-05-09 2:35,0.0518,OK,정상,1,0,0,0,정상,
2026-05-09 2:06,2026-05-09 2:36,0.0474,OK,정상,1,0,0,0,정상,
2026-05-09 2:07,2026-05-09 2:37,0.0024,OK,정상,1,0,0,0,정상,
2026-05-09 2:08,2026-05-09 2:38,0.003,OK,정상,1,1,0,0,정상,
2026-05-09 2:09,2026-05-09 2:39,0.0016,OK,정상,1,1,0,0,정상,
2026-05-09 2:10,2026-05-09 2:40,0.0014,OK,정상,1,1,0,0,정상,
2026-05-09 2:11,2026-05-09 2:41,0.0018,OK,정상,1,1,0,0,정상,
2026-05-09 2:12,2026-05-09 2:42,0.0083,OK,정상,1,1,0,0,정상,
2026-05-09 2:13,2026-05-09 2:43,0.0029,OK,정상,1,1,0,0,정상,
2026-05-09 2:14,2026-05-09 2:44,0.0033,OK,정상,1,1,0,0,정상,
2026-05-09 2:15,2026-05-09 2:45,0.003,OK,정상,1,1,0,0,정상,
2026-05-09 2:16,2026-05-09 2:46,0.0057,OK,정상,1,1,0,0,정상,
2026-05-09 2:17,2026-05-09 2:47,0.0049,OK,정상,1,0,0,0,정상,
2026-05-09 2:18,2026-05-09 2:48,0.0021,OK,정상,1,0,0,0,정상,
2026-05-09 2:19,2026-05-09 2:49,0.0242,OK,정상,1,0,0,0,정상,
2026-05-09 2:20,2026-05-09 2:50,0.0038,OK,정상,1,0,0,0,정상,
2026-05-09 2:21,2026-05-09 2:51,0.005,OK,정상,1,0,0,0,정상,
2026-05-09 2:22,2026-05-09 2:52,0.0055,OK,정상,1,0,0,0,정상,
2026-05-09 2:23,2026-05-09 2:53,0.0054,OK,정상,1,0,0,0,정상,
2026-05-09 2:24,2026-05-09 2:54,0.0077,OK,정상,1,0,0,0,정상,
2026-05-09 2:25,2026-05-09 2:55,0.0073,OK,정상,1,0,0,0,정상,
2026-05-09 2:26,2026-05-09 2:56,0.0063,OK,정상,1,0,0,0,정상,
2026-05-09 2:27,2026-05-09 2:57,0.0101,OK,정상,1,0,0,0,정상,
2026-05-09 2:28,2026-05-09 2:58,0.0076,OK,정상,1,0,0,0,정상,
2026-05-09 2:29,2026-05-09 2:59,0.0131,OK,정상,1,0,0,0,정상,
2026-05-09 2:30,2026-05-09 3:00,0.0106,OK,정상,1,0,0,0,정상,
2026-05-09 2:31,2026-05-09 3:01,0.0629,OK,정상,0,0,0,0,정상,
2026-05-09 2:32,2026-05-09 3:02,0.0041,OK,정상,1,0,0,0,정상,
2026-05-09 2:33,2026-05-09 3:03,0.0231,OK,정상,1,0,0,0,정상,
2026-05-09 2:34,2026-05-09 3:04,0.0168,OK,정상,1,0,0,0,정상,
2026-05-09 2:35,2026-05-09 3:05,0.0116,OK,정상,1,0,0,0,정상,
2026-05-09 2:36,2026-05-09 3:06,0.0014,OK,정상,1,0,0,0,정상,
2026-05-09 2:37,2026-05-09 3:07,0.0012,OK,정상,1,0,0,0,정상,
2026-05-09 2:38,2026-05-09 3:08,0.0031,OK,정상,1,1,0,0,정상,
2026-05-09 2:39,2026-05-09 3:09,0.0026,OK,정상,1,1,0,0,정상,
2026-05-09 2:40,2026-05-09 3:10,0.0043,OK,정상,1,1,0,0,정상,
2026-05-09 2:41,2026-05-09 3:11,0.003,OK,정상,1,1,0,0,정상,
2026-05-09 2:42,2026-05-09 3:12,0.0014,OK,정상,1,1,0,0,정상,
2026-05-09 2:43,2026-05-09 3:13,0.0011,OK,정상,1,1,0,0,정상,
2026-05-09 2:44,2026-05-09 3:14,0.0013,OK,정상,1,1,0,0,정상,
2026-05-09 2:45,2026-05-09 3:15,0.0011,OK,정상,1,1,0,0,정상,
2026-05-09 2:46,2026-05-09 3:16,0.0012,OK,정상,1,1,0,0,정상,
2026-05-09 2:47,2026-05-09 3:17,0.0014,OK,정상,1,1,0,0,정상,
2026-05-09 2:48,2026-05-09 3:18,0.0014,OK,정상,1,0,0,0,정상,
2026-05-09 2:49,2026-05-09 3:19,0.0011,OK,정상,1,0,0,0,정상,
2026-05-09 2:50,2026-05-09 3:20,0.0016,OK,정상,1,0,0,0,정상,
2026-05-09 2:51,2026-05-09 3:21,0.0012,OK,정상,1,0,0,0,정상,
2026-05-09 2:52,2026-05-09 3:22,0.0015,OK,정상,1,0,0,0,정상,
2026-05-09 2:53,2026-05-09 3:23,0.003,OK,정상,1,0,0,0,정상,
2026-05-09 2:54,2026-05-09 3:24,0.0018,OK,정상,1,0,0,0,정상,
2026-05-09 2:55,2026-05-09 3:25,0.0032,OK,정상,1,0,0,0,정상,
2026-05-09 2:56,2026-05-09 3:26,0.0013,OK,정상,1,0,0,0,정상,
2026-05-09 2:57,2026-05-09 3:27,0.0013,OK,정상,1,0,0,0,정상,
2026-05-09 2:58,2026-05-09 3:28,0.0015,OK,정상,1,0,0,0,정상,
2026-05-09 2:59,2026-05-09 3:29,0.0009,OK,정상,1,0,0,0,정상,
2026-05-09 3:00,2026-05-09 3:30,0.0016,OK,정상,1,0,0,0,정상,
2026-05-09 3:01,2026-05-09 3:31,0.0013,OK,정상,1,0,0,0,정상,
2026-05-09 3:02,2026-05-09 3:32,0.0012,OK,정상,1,0,0,0,정상,
2026-05-09 3:03,2026-05-09 3:33,0.0018,OK,정상,0,0,0,0,정상,
2026-05-09 3:04,2026-05-09 3:34,0.0018,OK,정상,1,0,0,0,정상,
2026-05-09 3:05,2026-05-09 3:35,0.0052,OK,정상,0,0,0,0,정상,
2026-05-09 3:06,2026-05-09 3:36,0.0163,OK,정상,1,0,0,0,정상,
2026-05-09 3:07,2026-05-09 3:37,0.0115,OK,정상,1,0,0,0,정상,
2026-05-09 3:08,2026-05-09 3:38,0.0174,OK,정상,1,0,0,0,정상,
2026-05-09 3:09,2026-05-09 3:39,0.0163,OK,정상,1,0,0,0,정상,
2026-05-09 3:10,2026-05-09 3:40,0.0149,OK,정상,1,0,0,0,정상,
2026-05-09 3:11,2026-05-09 3:41,0.0117,OK,정상,1,0,0,0,정상,
2026-05-09 3:12,2026-05-09 3:42,0.0154,OK,정상,1,0,0,0,정상,
2026-05-09 3:13,2026-05-09 3:43,0.0118,OK,정상,1,0,0,0,정상,
2026-05-09 3:14,2026-05-09 3:44,0.0096,OK,정상,1,0,0,0,정상,
2026-05-09 3:15,2026-05-09 3:45,0.0094,OK,정상,1,0,0,0,정상,
2026-05-09 3:16,2026-05-09 3:46,0.3855,INFO,주의,1,0,0,0,정상,
2026-05-09 3:17,2026-05-09 3:47,0.8869,CRITICAL,위험,1,0,0,0,정상,
2026-05-09 3:18,2026-05-09 3:48,0.9308,CRITICAL,위험,1,0,0,0,정상,
2026-05-09 3:19,2026-05-09 3:49,0.8816,CRITICAL,위험,1,0,0,0,정상,
2026-05-09 3:20,2026-05-09 3:50,0.972,CRITICAL,위험,1,0,0,0,정상,
2026-05-09 3:21,2026-05-09 3:51,0.1283,OK,정상,1,0,0,0,정상,
2026-05-09 3:22,2026-05-09 3:52,0.0102,OK,정상,1,0,0,0,정상,
2026-05-09 3:23,2026-05-09 3:53,0.0077,OK,정상,1,0,0,0,정상,
2026-05-09 3:24,2026-05-09 3:54,0.0132,OK,정상,1,1,0,0,정상,
2026-05-09 3:25,2026-05-09 3:55,0.01,OK,정상,1,1,0,0,정상,
2026-05-09 3:26,2026-05-09 3:56,0.0109,OK,정상,1,1,0,0,정상,
2026-05-09 3:27,2026-05-09 3:57,0.0142,OK,정상,1,1,0,0,정상,
2026-05-09 3:28,2026-05-09 3:58,0.0066,OK,정상,1,1,0,0,정상,
2026-05-09 3:29,2026-05-09 3:59,0.0052,OK,정상,1,1,0,0,정상,
2026-05-09 3:30,2026-05-09 4:00,0.0046,OK,정상,1,1,0,0,정상,
2026-05-09 3:31,2026-05-09 4:01,0.0062,OK,정상,1,1,0,0,정상,
2026-05-09 3:32,2026-05-09 4:02,0.0038,OK,정상,1,0,0,0,정상,
2026-05-09 3:33,2026-05-09 4:03,0.0046,OK,정상,1,0,0,0,정상,
2026-05-09 3:34,2026-05-09 4:04,0.0031,OK,정상,1,0,0,0,정상,
2026-05-09 3:35,2026-05-09 4:05,0.002,OK,정상,1,0,0,0,정상,
2026-05-09 3:36,2026-05-09 4:06,0.0031,OK,정상,1,0,0,0,정상,
2026-05-09 3:37,2026-05-09 4:07,0.0027,OK,정상,1,0,0,0,정상,
2026-05-09 3:38,2026-05-09 4:08,0.0137,OK,정상,1,0,0,0,정상,
2026-05-09 3:39,2026-05-09 4:09,0.0274,OK,정상,1,0,0,0,정상,
2026-05-09 3:40,2026-05-09 4:10,0.0116,OK,정상,1,0,0,0,정상,
2026-05-09 3:41,2026-05-09 4:11,0.0017,OK,정상,1,0,0,0,정상,
2026-05-09 3:42,2026-05-09 4:12,0.0026,OK,정상,1,0,0,0,정상,
2026-05-09 3:43,2026-05-09 4:13,0.002,OK,정상,1,1,0,0,정상,
2026-05-09 3:44,2026-05-09 4:14,0.002,OK,정상,1,1,0,0,정상,
2026-05-09 3:45,2026-05-09 4:15,0.0089,OK,정상,1,1,0,0,정상,
2026-05-09 3:46,2026-05-09 4:16,0.0056,OK,정상,1,1,0,0,정상,
2026-05-09 3:47,2026-05-09 4:17,0.0035,OK,정상,1,1,1,0,정상,
2026-05-09 3:48,2026-05-09 4:18,0.0076,OK,정상,1,1,0,0,정상,
2026-05-09 3:49,2026-05-09 4:19,0.0044,OK,정상,1,1,0,0,정상,
2026-05-09 3:50,2026-05-09 4:20,0.0032,OK,정상,1,1,1,0,정상,
2026-05-09 3:51,2026-05-09 4:21,0.0038,OK,정상,1,1,0,0,정상,
2026-05-09 3:52,2026-05-09 4:22,0.0044,OK,정상,1,0,0,0,정상,
2026-05-09 3:53,2026-05-09 4:23,0.0019,OK,정상,1,0,0,0,정상,
2026-05-09 3:54,2026-05-09 4:24,0.004,OK,정상,1,0,0,0,정상,
2026-05-09 3:55,2026-05-09 4:25,0.0092,OK,정상,1,0,0,0,정상,
2026-05-09 3:56,2026-05-09 4:26,0.0184,OK,정상,1,0,0,0,정상,
2026-05-09 3:57,2026-05-09 4:27,0.0062,OK,정상,1,0,0,0,정상,
2026-05-09 3:58,2026-05-09 4:28,0.0057,OK,정상,1,0,0,0,정상,
2026-05-09 3:59,2026-05-09 4:29,0.0034,OK,정상,1,0,0,0,정상,
2026-05-09 4:00,2026-05-09 4:30,0.0052,OK,정상,1,0,0,0,정상,
2026-05-09 4:01,2026-05-09 4:31,0.0037,OK,정상,1,0,0,0,정상,
2026-05-09 4:02,2026-05-09 4:32,0.006,OK,정상,1,0,0,0,정상,
2026-05-09 4:03,2026-05-09 4:33,0.0056,OK,정상,1,0,0,0,정상,
2026-05-09 4:04,2026-05-09 4:34,0.0081,OK,정상,1,0,0,0,정상,
2026-05-09 4:05,2026-05-09 4:35,0.0073,OK,정상,1,0,0,0,정상,
2026-05-09 4:06,2026-05-09 4:36,0.0066,OK,정상,1,0,0,0,정상,
2026-05-09 4:07,2026-05-09 4:37,0.0054,OK,정상,1,0,0,0,정상,
2026-05-09 4:08,2026-05-09 4:38,0.0048,OK,정상,1,0,0,0,정상,
2026-05-09 4:09,2026-05-09 4:39,0.0059,OK,정상,1,0,0,0,정상,
2026-05-09 4:10,2026-05-09 4:40,0.0078,OK,정상,1,0,0,0,정상,
2026-05-09 4:11,2026-05-09 4:41,0.0037,OK,정상,1,0,0,0,정상,
2026-05-09 4:12,2026-05-09 4:42,0.0054,OK,정상,1,0,0,0,정상,
2026-05-09 4:13,2026-05-09 4:43,0.004,OK,정상,1,0,0,0,정상,
2026-05-09 4:14,2026-05-09 4:44,0.0039,OK,정상,1,0,0,0,정상,
2026-05-09 4:15,2026-05-09 4:45,0.0045,OK,정상,1,0,0,0,정상,
2026-05-09 4:16,2026-05-09 4:46,0.0047,OK,정상,1,0,0,0,정상,
2026-05-09 4:17,2026-05-09 4:47,0.0018,OK,정상,1,0,0,0,정상,
2026-05-09 4:18,2026-05-09 4:48,0.0024,OK,정상,1,0,0,0,정상,
2026-05-09 4:19,2026-05-09 4:49,0.0019,OK,정상,1,0,0,0,정상,
2026-05-09 4:20,2026-05-09 4:50,0.0024,OK,정상,1,0,0,0,정상,
2026-05-09 4:21,2026-05-09 4:51,0.001,OK,정상,1,0,0,0,정상,
2026-05-09 4:22,2026-05-09 4:52,0.0005,OK,정상,1,0,0,0,정상,
2026-05-09 4:23,2026-05-09 4:53,0.0004,OK,정상,1,0,0,0,정상,
2026-05-09 4:24,2026-05-09 4:54,0.0006,OK,정상,1,0,0,0,정상,
2026-05-09 4:25,2026-05-09 4:55,0.0011,OK,정상,1,1,0,0,정상,
2026-05-09 4:26,2026-05-09 4:56,0.0017,OK,정상,1,0,0,0,정상,
2026-05-09 4:27,2026-05-09 4:57,0.0017,OK,정상,1,0,0,0,정상,
2026-05-09 4:28,2026-05-09 4:58,0.0014,OK,정상,1,0,0,0,정상,
2026-05-09 4:29,2026-05-09 4:59,0.001,OK,정상,1,0,0,0,정상,
2026-05-09 4:30,2026-05-09 5:00,0.0023,OK,정상,1,0,0,0,정상,
2026-05-09 4:31,2026-05-09 5:01,0.0017,OK,정상,1,0,0,0,정상,
2026-05-09 4:32,2026-05-09 5:02,0.0021,OK,정상,1,0,0,0,정상,
2026-05-09 4:33,2026-05-09 5:03,0.0028,OK,정상,1,0,0,0,정상,
2026-05-09 4:34,2026-05-09 5:04,0.0034,OK,정상,1,0,0,0,정상,
2026-05-09 4:35,2026-05-09 5:05,0.0015,OK,정상,1,0,0,0,정상,
2026-05-09 4:36,2026-05-09 5:06,0.002,OK,정상,1,0,0,0,정상,
2026-05-09 4:37,2026-05-09 5:07,0.0022,OK,정상,1,0,0,0,정상,
2026-05-09 4:38,2026-05-09 5:08,0.0023,OK,정상,1,0,0,0,정상,
2026-05-09 4:39,2026-05-09 5:09,0.0026,OK,정상,1,0,0,0,정상,
2026-05-09 4:40,2026-05-09 5:10,0.012,OK,정상,1,0,0,0,정상,
2026-05-09 4:41,2026-05-09 5:11,0.002,OK,정상,1,0,0,0,정상,
2026-05-09 4:42,2026-05-09 5:12,0.0024,OK,정상,1,0,0,0,정상,
2026-05-09 4:43,2026-05-09 5:13,0.0024,OK,정상,1,0,0,0,정상,
2026-05-09 4:44,2026-05-09 5:14,0.0024,OK,정상,1,0,0,0,정상,
2026-05-09 4:45,2026-05-09 5:15,0.0024,OK,정상,1,0,0,0,정상,
2026-05-09 4:46,2026-05-09 5:16,0.0025,OK,정상,1,0,0,0,정상,
2026-05-09 4:47,2026-05-09 5:17,0.0018,OK,정상,1,0,0,0,정상,
2026-05-09 4:48,2026-05-09 5:18,0.0023,OK,정상,1,0,0,0,정상,
2026-05-09 4:49,2026-05-09 5:19,0.0017,OK,정상,1,0,0,0,정상,
2026-05-09 4:50,2026-05-09 5:20,0.0021,OK,정상,1,1,0,0,정상,
2026-05-09 4:51,2026-05-09 5:21,0.002,OK,정상,1,0,0,0,정상,
2026-05-09 4:52,2026-05-09 5:22,0.0022,OK,정상,1,0,0,0,정상,
2026-05-09 4:53,2026-05-09 5:23,0.0017,OK,정상,1,1,0,0,정상,
2026-05-09 4:54,2026-05-09 5:24,0.0027,OK,정상,1,0,0,0,정상,
2026-05-09 4:55,2026-05-09 5:25,0.0023,OK,정상,1,0,0,0,정상,
2026-05-09 4:56,2026-05-09 5:26,0.001,OK,정상,1,0,0,0,정상,
2026-05-09 4:57,2026-05-09 5:27,0.0013,OK,정상,1,0,0,0,정상,
2026-05-09 4:58,2026-05-09 5:28,0.0023,OK,정상,1,0,0,0,정상,
2026-05-09 4:59,2026-05-09 5:29,0.0022,OK,정상,1,0,0,0,정상,
2026-05-09 5:00,2026-05-09 5:30,0.0019,OK,정상,1,0,0,0,정상,
2026-05-09 5:01,2026-05-09 5:31,0.0029,OK,정상,1,0,0,0,정상,
2026-05-09 5:02,2026-05-09 5:32,0.0023,OK,정상,1,0,0,0,정상,
2026-05-09 5:03,2026-05-09 5:33,0.0011,OK,정상,1,0,0,0,정상,
2026-05-09 5:04,2026-05-09 5:34,0.0029,OK,정상,1,0,0,0,정상,
2026-05-09 5:05,2026-05-09 5:35,0.0093,OK,정상,1,0,0,0,정상,
2026-05-09 5:06,2026-05-09 5:36,0.009,OK,정상,1,0,0,0,정상,
2026-05-09 5:07,2026-05-09 5:37,0.0025,OK,정상,1,0,0,0,정상,
2026-05-09 5:08,2026-05-09 5:38,0.0057,OK,정상,1,0,0,0,정상,
2026-05-09 5:09,2026-05-09 5:39,0.0022,OK,정상,1,0,0,0,정상,
2026-05-09 5:10,2026-05-09 5:40,0.0024,OK,정상,1,0,0,0,정상,
2026-05-09 5:11,2026-05-09 5:41,0.0042,OK,정상,1,0,0,0,정상,
2026-05-09 5:12,2026-05-09 5:42,0.0058,OK,정상,1,1,0,0,정상,
2026-05-09 5:13,2026-05-09 5:43,0.007,OK,정상,1,1,0,0,정상,
2026-05-09 5:14,2026-05-09 5:44,0.015,OK,정상,1,1,0,0,정상,
2026-05-09 5:15,2026-05-09 5:45,0.0095,OK,정상,1,1,0,0,정상,
2026-05-09 5:16,2026-05-09 5:46,0.0177,OK,정상,1,1,0,0,정상,
2026-05-09 5:17,2026-05-09 5:47,0.0165,OK,정상,1,0,0,0,정상,
2026-05-09 5:18,2026-05-09 5:48,0.0102,OK,정상,1,0,0,0,정상,
2026-05-09 5:19,2026-05-09 5:49,0.011,OK,정상,1,0,0,0,정상,
2026-05-09 5:20,2026-05-09 5:50,0.0099,OK,정상,1,0,0,0,정상,
2026-05-09 5:21,2026-05-09 5:51,0.0087,OK,정상,1,0,0,0,정상,
2026-05-09 5:22,2026-05-09 5:52,0.0152,OK,정상,1,0,0,0,정상,
2026-05-09 5:23,2026-05-09 5:53,0.0108,OK,정상,1,0,0,0,정상,
2026-05-09 5:24,2026-05-09 5:54,0.0174,OK,정상,1,0,0,0,정상,
2026-05-09 5:25,2026-05-09 5:55,0.0397,OK,정상,0,0,0,0,정상,
2026-05-09 5:26,2026-05-09 5:56,0.0907,OK,정상,1,0,0,0,정상,
2026-05-09 5:27,2026-05-09 5:57,0.0903,OK,정상,1,0,0,0,정상,
2026-05-09 5:28,2026-05-09 5:58,0.0307,OK,정상,1,0,0,0,정상,
2026-05-09 5:29,2026-05-09 5:59,0.0379,OK,정상,1,0,0,0,정상,
2026-05-09 5:30,2026-05-09 6:00,0.0317,OK,정상,1,0,0,0,정상,
2026-05-09 5:31,2026-05-09 6:01,0.0434,OK,정상,1,0,0,0,정상,
2026-05-09 5:32,2026-05-09 6:02,0.0749,OK,정상,1,0,0,0,정상,
2026-05-09 5:33,2026-05-09 6:03,0.0489,OK,정상,1,0,0,0,정상,
2026-05-09 5:34,2026-05-09 6:04,0.1421,OK,정상,1,1,0,0,정상,
2026-05-09 5:35,2026-05-09 6:05,0.1743,OK,정상,1,1,0,0,정상,
2026-05-09 5:36,2026-05-09 6:06,0.2084,OK,정상,1,1,0,0,정상,
2026-05-09 5:37,2026-05-09 6:07,0.0583,OK,정상,1,1,0,0,정상,
2026-05-09 5:38,2026-05-09 6:08,0.1873,OK,정상,1,1,0,0,정상,
2026-05-09 5:39,2026-05-09 6:09,0.0714,OK,정상,1,1,0,0,정상,
2026-05-09 5:40,2026-05-09 6:10,0.1266,OK,정상,1,1,0,0,정상,
2026-05-09 5:41,2026-05-09 6:11,0.0672,OK,정상,1,1,0,0,정상,
2026-05-09 5:42,2026-05-09 6:12,0.1241,OK,정상,1,0,0,0,정상,
2026-05-09 5:43,2026-05-09 6:13,0.0701,OK,정상,1,0,0,0,정상,
2026-05-09 5:44,2026-05-09 6:14,0.2247,OK,정상,1,0,0,0,정상,
2026-05-09 5:45,2026-05-09 6:15,0.2209,OK,정상,1,0,0,0,정상,
2026-05-09 5:46,2026-05-09 6:16,0.1656,OK,정상,1,0,0,0,정상,
2026-05-09 5:47,2026-05-09 6:17,0.0888,OK,정상,1,0,0,0,정상,
2026-05-09 5:48,2026-05-09 6:18,0.148,OK,정상,1,0,0,0,정상,
2026-05-09 5:49,2026-05-09 6:19,0.1072,OK,정상,1,0,0,0,정상,
2026-05-09 5:50,2026-05-09 6:20,0.1182,OK,정상,1,0,0,0,정상,
2026-05-09 5:51,2026-05-09 6:21,0.1086,OK,정상,1,0,0,0,정상,
2026-05-09 5:52,2026-05-09 6:22,0.1512,OK,정상,1,0,0,0,정상,
2026-05-09 5:53,2026-05-09 6:23,0.0683,OK,정상,1,0,0,0,정상,
2026-05-09 5:54,2026-05-09 6:24,0.1448,OK,정상,1,0,0,0,정상,
2026-05-09 5:55,2026-05-09 6:25,0.0673,OK,정상,1,0,0,0,정상,
2026-05-09 5:56,2026-05-09 6:26,0.0995,OK,정상,1,0,0,0,정상,
2026-05-09 5:57,2026-05-09 6:27,0.0502,OK,정상,1,0,0,0,정상,
2026-05-09 5:58,2026-05-09 6:28,0.0574,OK,정상,1,0,0,0,정상,
2026-05-09 5:59,2026-05-09 6:29,0.0538,OK,정상,1,1,0,0,정상,
2026-05-09 6:00,2026-05-09 6:30,0.1773,OK,정상,1,1,0,0,정상,
2026-05-09 6:01,2026-05-09 6:31,0.1215,OK,정상,1,1,0,0,정상,
2026-05-09 6:02,2026-05-09 6:32,0.1415,OK,정상,1,1,0,0,정상,
2026-05-09 6:03,2026-05-09 6:33,0.0847,OK,정상,1,1,0,0,정상,
2026-05-09 6:04,2026-05-09 6:34,0.1644,OK,정상,1,1,0,0,정상,
2026-05-09 6:05,2026-05-09 6:35,0.1473,OK,정상,1,1,0,0,정상,
2026-05-09 6:06,2026-05-09 6:36,0.1662,OK,정상,1,1,0,0,정상,
2026-05-09 6:07,2026-05-09 6:37,0.3637,INFO,주의,1,0,0,0,정상,
2026-05-09 6:08,2026-05-09 6:38,0.3093,INFO,주의,1,0,0,0,정상,
2026-05-09 6:09,2026-05-09 6:39,0.1686,OK,정상,1,0,0,0,정상,
2026-05-09 6:10,2026-05-09 6:40,0.2969,OK,정상,1,0,0,0,정상,
2026-05-09 6:11,2026-05-09 6:41,0.1093,OK,정상,1,0,0,0,정상,
2026-05-09 6:12,2026-05-09 6:42,0.2983,OK,정상,1,0,0,0,정상,
2026-05-09 6:13,2026-05-09 6:43,0.1824,OK,정상,1,0,0,0,정상,
2026-05-09 6:14,2026-05-09 6:44,0.3093,INFO,주의,1,0,0,0,정상,
2026-05-09 6:15,2026-05-09 6:45,0.2416,OK,정상,1,0,0,0,정상,
2026-05-09 6:16,2026-05-09 6:46,0.2013,OK,정상,1,0,0,0,정상,
2026-05-09 6:17,2026-05-09 6:47,0.1838,OK,정상,1,0,0,0,정상,
2026-05-09 6:18,2026-05-09 6:48,0.1173,OK,정상,1,0,0,0,정상,
2026-05-09 6:19,2026-05-09 6:49,0.1116,OK,정상,1,0,0,0,정상,
2026-05-09 6:20,2026-05-09 6:50,0.1034,OK,정상,1,1,0,0,정상,
2026-05-09 6:21,2026-05-09 6:51,0.0892,OK,정상,1,0,0,0,정상,
2026-05-09 6:22,2026-05-09 6:52,0.1139,OK,정상,1,1,0,0,정상,
2026-05-09 6:23,2026-05-09 6:53,0.1661,OK,정상,1,1,0,0,정상,
2026-05-09 6:24,2026-05-09 6:54,0.1589,OK,정상,1,0,0,0,정상,
2026-05-09 6:25,2026-05-09 6:55,0.1616,OK,정상,1,0,0,0,정상,
2026-05-09 6:26,2026-05-09 6:56,0.133,OK,정상,1,0,0,0,정상,
2026-05-09 6:27,2026-05-09 6:57,0.0894,OK,정상,1,0,0,0,정상,
2026-05-09 6:28,2026-05-09 6:58,0.1771,OK,정상,1,0,0,0,정상,
2026-05-09 6:29,2026-05-09 6:59,0.1274,OK,정상,1,0,0,0,정상,
2026-05-09 6:30,2026-05-09 7:00,0.2352,OK,정상,1,0,0,0,정상,
2026-05-09 6:31,2026-05-09 7:01,0.1845,OK,정상,1,0,0,0,정상,
2026-05-09 6:32,2026-05-09 7:02,0.306,INFO,주의,1,0,0,0,정상,
2026-05-09 6:33,2026-05-09 7:03,0.1521,OK,정상,1,0,0,0,정상,
2026-05-09 6:34,2026-05-09 7:04,0.1312,OK,정상,1,0,0,0,정상,
2026-05-09 6:35,2026-05-09 7:05,0.0786,OK,정상,1,0,0,0,정상,
2026-05-09 6:36,2026-05-09 7:06,0.1445,OK,정상,1,0,0,0,정상,
2026-05-09 6:37,2026-05-09 7:07,0.103,OK,정상,1,0,0,0,정상,
2026-05-09 6:38,2026-05-09 7:08,0.2124,OK,정상,1,0,0,0,정상,
2026-05-09 6:39,2026-05-09 7:09,0.1052,OK,정상,1,0,0,0,정상,
2026-05-09 6:40,2026-05-09 7:10,0.1485,OK,정상,1,0,0,0,정상,
2026-05-09 6:41,2026-05-09 7:11,0.0994,OK,정상,1,0,0,0,정상,
2026-05-09 6:42,2026-05-09 7:12,0.1241,OK,정상,1,0,0,0,정상,
2026-05-09 6:43,2026-05-09 7:13,0.0758,OK,정상,1,0,0,0,정상,
2026-05-09 6:44,2026-05-09 7:14,0.08,OK,정상,1,0,0,0,정상,
2026-05-09 6:45,2026-05-09 7:15,0.0389,OK,정상,1,0,0,0,정상,
2026-05-09 6:46,2026-05-09 7:16,0.0727,OK,정상,1,1,0,0,정상,
2026-05-09 6:47,2026-05-09 7:17,0.0762,OK,정상,1,1,0,0,정상,
2026-05-09 6:48,2026-05-09 7:18,0.0917,OK,정상,1,1,0,0,정상,
2026-05-09 6:49,2026-05-09 7:19,0.0703,OK,정상,1,1,0,0,정상,
2026-05-09 6:50,2026-05-09 7:20,0.0549,OK,정상,1,1,0,0,정상,
2026-05-09 6:51,2026-05-09 7:21,0.0554,OK,정상,1,1,0,0,정상,
2026-05-09 6:52,2026-05-09 7:22,0.0792,OK,정상,1,1,0,0,정상,
2026-05-09 6:53,2026-05-09 7:23,0.0374,OK,정상,1,1,0,0,정상,
2026-05-09 6:54,2026-05-09 7:24,0.0476,OK,정상,1,1,0,0,정상,
2026-05-09 6:55,2026-05-09 7:25,0.1006,OK,정상,1,0,0,0,정상,
2026-05-09 6:56,2026-05-09 7:26,0.041,OK,정상,1,0,0,0,정상,
2026-05-09 6:57,2026-05-09 7:27,0.0369,OK,정상,1,0,0,0,정상,
2026-05-09 6:58,2026-05-09 7:28,0.0535,OK,정상,1,0,0,0,정상,
2026-05-09 6:59,2026-05-09 7:29,0.0407,OK,정상,1,0,0,0,정상,
2026-05-09 7:00,2026-05-09 7:30,0.0673,OK,정상,1,0,0,0,정상,
2026-05-09 7:01,2026-05-09 7:31,0.1367,OK,정상,1,0,0,0,정상,
2026-05-09 7:02,2026-05-09 7:32,0.0796,OK,정상,1,0,0,0,정상,
2026-05-09 7:03,2026-05-09 7:33,0.1619,OK,정상,1,0,0,0,정상,
2026-05-09 7:04,2026-05-09 7:34,0.1347,OK,정상,1,0,0,0,정상,
2026-05-09 7:05,2026-05-09 7:35,0.1101,OK,정상,1,0,0,0,정상,
2026-05-09 7:06,2026-05-09 7:36,0.1268,OK,정상,1,0,0,0,정상,
2026-05-09 7:07,2026-05-09 7:37,0.0955,OK,정상,1,0,0,0,정상,
2026-05-09 7:08,2026-05-09 7:38,0.1053,OK,정상,1,0,0,0,정상,
2026-05-09 7:09,2026-05-09 7:39,0.1221,OK,정상,1,0,0,0,정상,
2026-05-09 7:10,2026-05-09 7:40,0.1361,OK,정상,1,0,0,0,정상,
2026-05-09 7:11,2026-05-09 7:41,0.1117,OK,정상,1,0,0,0,정상,
2026-05-09 7:12,2026-05-09 7:42,0.0971,OK,정상,1,0,0,0,정상,
2026-05-09 7:13,2026-05-09 7:43,0.0641,OK,정상,1,0,0,0,정상,
2026-05-09 7:14,2026-05-09 7:44,0.0596,OK,정상,1,0,0,0,정상,
2026-05-09 7:15,2026-05-09 7:45,0.042,OK,정상,1,0,0,0,정상,
2026-05-09 7:16,2026-05-09 7:46,0.1015,OK,정상,1,0,0,0,정상,
2026-05-09 7:17,2026-05-09 7:47,0.0399,OK,정상,1,0,0,0,정상,
2026-05-09 7:18,2026-05-09 7:48,0.0513,OK,정상,1,0,0,0,정상,
2026-05-09 7:19,2026-05-09 7:49,0.0322,OK,정상,1,0,0,0,정상,
2026-05-09 7:20,2026-05-09 7:50,0.0284,OK,정상,1,0,0,0,정상,
2026-05-09 7:21,2026-05-09 7:51,0.1799,OK,정상,1,0,0,0,정상,
2026-05-09 7:22,2026-05-09 7:52,0.1047,OK,정상,1,0,0,0,정상,
2026-05-09 7:23,2026-05-09 7:53,0.0134,OK,정상,1,0,0,0,정상,
2026-05-09 7:24,2026-05-09 7:54,0.0053,OK,정상,1,0,0,0,정상,
2026-05-09 7:25,2026-05-09 7:55,0.0115,OK,정상,1,0,0,0,정상,
2026-05-09 7:26,2026-05-09 7:56,0.0076,OK,정상,1,0,0,0,정상,
2026-05-09 7:27,2026-05-09 7:57,0.0068,OK,정상,1,0,0,0,정상,
2026-05-09 7:28,2026-05-09 7:58,0.004,OK,정상,1,0,0,0,정상,
2026-05-09 7:29,2026-05-09 7:59,0.0037,OK,정상,1,0,0,0,정상,
2026-05-09 7:30,2026-05-09 8:00,0.0023,OK,정상,1,0,0,0,정상,
2026-05-09 7:31,2026-05-09 8:01,0.0031,OK,정상,1,0,0,0,정상,
2026-05-09 7:32,2026-05-09 8:02,0.0043,OK,정상,1,0,0,0,정상,
2026-05-09 7:33,2026-05-09 8:03,0.0029,OK,정상,1,0,0,0,정상,
2026-05-09 7:34,2026-05-09 8:04,0.0028,OK,정상,1,0,0,0,정상,
2026-05-09 7:35,2026-05-09 8:05,0.0031,OK,정상,1,0,0,0,정상,
2026-05-09 7:36,2026-05-09 8:06,0.0054,OK,정상,1,0,0,0,정상,
2026-05-09 7:37,2026-05-09 8:07,0.0059,OK,정상,1,0,0,0,정상,
2026-05-09 7:38,2026-05-09 8:08,0.0346,OK,정상,1,0,0,0,정상,
2026-05-09 7:39,2026-05-09 8:09,0.0318,OK,정상,1,0,0,0,정상,
2026-05-09 7:40,2026-05-09 8:10,0.0631,OK,정상,1,0,0,0,정상,
2026-05-09 7:41,2026-05-09 8:11,0.0022,OK,정상,1,0,0,0,정상,
2026-05-09 7:42,2026-05-09 8:12,0.0037,OK,정상,1,0,0,0,정상,
2026-05-09 7:43,2026-05-09 8:13,0.0022,OK,정상,1,0,0,0,정상,
2026-05-09 7:44,2026-05-09 8:14,0.0031,OK,정상,1,1,0,0,정상,
2026-05-09 7:45,2026-05-09 8:15,0.0016,OK,정상,1,0,0,0,정상,
2026-05-09 7:46,2026-05-09 8:16,0.0023,OK,정상,1,1,0,0,정상,
2026-05-09 7:47,2026-05-09 8:17,0.0018,OK,정상,1,1,0,0,정상,
2026-05-09 7:48,2026-05-09 8:18,0.003,OK,정상,1,1,0,0,정상,
2026-05-09 7:49,2026-05-09 8:19,0.0053,OK,정상,1,1,0,0,정상,
2026-05-09 7:50,2026-05-09 8:20,0.0023,OK,정상,1,1,0,0,정상,
2026-05-09 7:51,2026-05-09 8:21,0.0019,OK,정상,1,0,0,0,정상,
2026-05-09 7:52,2026-05-09 8:22,0.0019,OK,정상,1,0,0,0,정상,
2026-05-09 7:53,2026-05-09 8:23,0.0015,OK,정상,1,0,0,0,정상,
2026-05-09 7:54,2026-05-09 8:24,0.0015,OK,정상,1,0,0,0,정상,
2026-05-09 7:55,2026-05-09 8:25,0.0016,OK,정상,1,0,0,0,정상,
2026-05-09 7:56,2026-05-09 8:26,0.0025,OK,정상,1,0,0,0,정상,
2026-05-09 7:57,2026-05-09 8:27,0.0026,OK,정상,1,0,0,0,정상,
2026-05-09 7:58,2026-05-09 8:28,0.0013,OK,정상,1,0,0,0,정상,
2026-05-09 7:59,2026-05-09 8:29,0.0012,OK,정상,1,0,0,0,정상,
2026-05-09 8:00,2026-05-09 8:30,0.0015,OK,정상,1,0,0,0,정상,
2026-05-09 8:01,2026-05-09 8:31,0.0017,OK,정상,1,0,0,0,정상,
2026-05-09 8:02,2026-05-09 8:32,0.0013,OK,정상,1,0,0,0,정상,
2026-05-09 8:03,2026-05-09 8:33,0.0013,OK,정상,1,0,0,0,정상,
2026-05-09 8:04,2026-05-09 8:34,0.0026,OK,정상,1,1,0,0,정상,
2026-05-09 8:05,2026-05-09 8:35,0.003,OK,정상,1,0,0,0,정상,
2026-05-09 8:06,2026-05-09 8:36,0.0024,OK,정상,1,0,0,0,정상,
2026-05-09 8:07,2026-05-09 8:37,0.0051,OK,정상,1,0,0,0,정상,
2026-05-09 8:08,2026-05-09 8:38,0.0047,OK,정상,1,0,0,0,정상,
2026-05-09 8:09,2026-05-09 8:39,0.0018,OK,정상,1,0,0,0,정상,
2026-05-09 8:10,2026-05-09 8:40,0.0019,OK,정상,1,0,0,0,정상,
2026-05-09 8:11,2026-05-09 8:41,0.0015,OK,정상,1,0,0,0,정상,
2026-05-09 8:12,2026-05-09 8:42,0.0016,OK,정상,1,1,0,0,정상,
2026-05-09 8:13,2026-05-09 8:43,0.0014,OK,정상,1,1,0,0,정상,
2026-05-09 8:14,2026-05-09 8:44,0.0012,OK,정상,1,0,0,0,정상,
2026-05-09 8:15,2026-05-09 8:45,0.002,OK,정상,1,0,0,0,정상,
2026-05-09 8:16,2026-05-09 8:46,0.0015,OK,정상,1,0,0,0,정상,
2026-05-09 8:17,2026-05-09 8:47,0.0011,OK,정상,1,0,0,0,정상,
2026-05-09 8:18,2026-05-09 8:48,0.0024,OK,정상,1,0,0,0,정상,
2026-05-09 8:19,2026-05-09 8:49,0.0019,OK,정상,1,0,0,0,정상,
2026-05-09 8:20,2026-05-09 8:50,0.0012,OK,정상,1,0,0,0,정상,
2026-05-09 8:21,2026-05-09 8:51,0.001,OK,정상,1,0,0,0,정상,
2026-05-09 8:22,2026-05-09 8:52,0.0012,OK,정상,1,0,0,0,정상,
2026-05-09 8:23,2026-05-09 8:53,0.0009,OK,정상,0,0,0,0,정상,
2026-05-09 8:24,2026-05-09 8:54,0.0011,OK,정상,1,0,0,0,정상,
2026-05-09 8:25,2026-05-09 8:55,0.0011,OK,정상,0,0,0,0,정상,
2026-05-09 8:26,2026-05-09 8:56,0.0009,OK,정상,1,0,0,0,정상,
2026-05-09 8:27,2026-05-09 8:57,0.0011,OK,정상,1,0,0,0,정상,
2026-05-09 8:28,2026-05-09 8:58,0.0012,OK,정상,1,0,0,0,정상,
2026-05-09 8:29,2026-05-09 8:59,0.0011,OK,정상,1,0,0,0,정상,
2026-05-09 8:30,2026-05-09 9:00,0.0014,OK,정상,1,0,0,0,정상,
2026-05-09 8:31,2026-05-09 9:01,0.0013,OK,정상,1,0,0,0,정상,
2026-05-09 8:32,2026-05-09 9:02,0.0027,OK,정상,1,1,0,0,정상,
2026-05-09 8:33,2026-05-09 9:03,0.0021,OK,정상,1,1,0,0,정상,
2026-05-09 8:34,2026-05-09 9:04,0.0025,OK,정상,1,1,0,0,정상,
2026-05-09 8:35,2026-05-09 9:05,0.0013,OK,정상,1,1,0,0,정상,
2026-05-09 8:36,2026-05-09 9:06,0.0013,OK,정상,1,1,0,0,정상,
2026-05-09 8:37,2026-05-09 9:07,0.0012,OK,정상,1,0,0,0,정상,
2026-05-09 8:38,2026-05-09 9:08,0.0014,OK,정상,1,0,0,0,정상,
2026-05-09 8:39,2026-05-09 9:09,0.0012,OK,정상,1,0,0,0,정상,
2026-05-09 8:40,2026-05-09 9:10,0.0013,OK,정상,1,0,0,0,정상,
2026-05-09 8:41,2026-05-09 9:11,0.0014,OK,정상,1,0,0,0,정상,
2026-05-09 8:42,2026-05-09 9:12,0.0031,OK,정상,1,0,0,0,정상,
2026-05-09 8:43,2026-05-09 9:13,0.0017,OK,정상,1,0,0,0,정상,
2026-05-09 8:44,2026-05-09 9:14,0.0047,OK,정상,1,1,0,0,정상,
2026-05-09 8:45,2026-05-09 9:15,0.0023,OK,정상,1,0,0,0,정상,
2026-05-09 8:46,2026-05-09 9:16,0.0027,OK,정상,1,0,0,0,정상,
2026-05-09 8:47,2026-05-09 9:17,0.0023,OK,정상,0,1,0,0,정상,
2026-05-09 8:48,2026-05-09 9:18,0.003,OK,정상,1,0,0,0,정상,
2026-05-09 8:49,2026-05-09 9:19,0.0021,OK,정상,1,0,0,0,정상,
2026-05-09 8:50,2026-05-09 9:20,0.0058,OK,정상,1,0,0,0,정상,
2026-05-09 8:51,2026-05-09 9:21,0.0074,OK,정상,1,0,0,0,정상,
2026-05-09 8:52,2026-05-09 9:22,0.0041,OK,정상,1,0,0,0,정상,
2026-05-09 8:53,2026-05-09 9:23,0.0035,OK,정상,1,0,0,0,정상,
2026-05-09 8:54,2026-05-09 9:24,0.003,OK,정상,1,0,0,0,정상,
2026-05-09 8:55,2026-05-09 9:25,0.002,OK,정상,1,0,0,0,정상,
2026-05-09 8:56,2026-05-09 9:26,0.0027,OK,정상,1,0,0,0,정상,
2026-05-09 8:57,2026-05-09 9:27,0.0024,OK,정상,1,0,0,0,정상,
2026-05-09 8:58,2026-05-09 9:28,0.0069,OK,정상,1,0,0,0,정상,
2026-05-09 8:59,2026-05-09 9:29,0.0023,OK,정상,1,0,0,0,정상,
2026-05-09 9:00,2026-05-09 9:30,0.002,OK,정상,1,0,0,0,정상,
2026-05-09 9:01,2026-05-09 9:31,0.0018,OK,정상,1,0,0,0,정상,
2026-05-09 9:02,2026-05-09 9:32,0.0029,OK,정상,1,0,0,0,정상,
2026-05-09 9:03,2026-05-09 9:33,0.002,OK,정상,1,0,0,0,정상,
2026-05-09 9:04,2026-05-09 9:34,0.0033,OK,정상,1,0,0,0,정상,
2026-05-09 9:05,2026-05-09 9:35,0.0029,OK,정상,1,0,0,0,정상,
2026-05-09 9:06,2026-05-09 9:36,0.0053,OK,정상,1,0,0,0,정상,
2026-05-09 9:07,2026-05-09 9:37,0.0028,OK,정상,1,0,0,0,정상,
2026-05-09 9:08,2026-05-09 9:38,0.0049,OK,정상,1,0,0,0,정상,
2026-05-09 9:09,2026-05-09 9:39,0.0027,OK,정상,1,0,0,0,정상,
2026-05-09 9:10,2026-05-09 9:40,0.0018,OK,정상,1,0,0,0,정상,
2026-05-09 9:11,2026-05-09 9:41,0.0022,OK,정상,1,0,0,0,정상,
2026-05-09 9:12,2026-05-09 9:42,0.0032,OK,정상,1,0,0,0,정상,
2026-05-09 9:13,2026-05-09 9:43,0.0026,OK,정상,1,0,0,0,정상,
2026-05-09 9:14,2026-05-09 9:44,0.0009,OK,정상,1,0,0,0,정상,
2026-05-09 9:15,2026-05-09 9:45,0.0009,OK,정상,1,0,0,0,정상,
2026-05-09 9:16,2026-05-09 9:46,0.001,OK,정상,1,0,0,0,정상,
2026-05-09 9:17,2026-05-09 9:47,0.0009,OK,정상,1,0,0,0,정상,
2026-05-09 9:18,2026-05-09 9:48,0.0011,OK,정상,1,0,0,0,정상,
2026-05-09 9:19,2026-05-09 9:49,0.0008,OK,정상,1,0,0,0,정상,
2026-05-09 9:20,2026-05-09 9:50,0.0009,OK,정상,1,0,0,0,정상,
2026-05-09 9:21,2026-05-09 9:51,0.0011,OK,정상,1,0,0,0,정상,
2026-05-09 9:22,2026-05-09 9:52,0.0012,OK,정상,1,0,0,0,정상,
2026-05-09 9:23,2026-05-09 9:53,0.0067,OK,정상,0,1,0,0,정상,
2026-05-09 9:24,2026-05-09 9:54,0.0053,OK,정상,0,1,0,0,정상,
2026-05-09 9:25,2026-05-09 9:55,0.0011,OK,정상,0,1,0,0,정상,
2026-05-09 9:26,2026-05-09 9:56,0.001,OK,정상,0,1,0,0,정상,
2026-05-09 9:27,2026-05-09 9:57,0.0008,OK,정상,0,0,0,0,정상,
2026-05-09 9:28,2026-05-09 9:58,0.0045,OK,정상,0,0,0,0,정상,
2026-05-09 9:29,2026-05-09 9:59,0.001,OK,정상,0,0,0,0,정상,
2026-05-09 9:30,2026-05-09 10:00,0.0087,OK,정상,1,0,0,0,정상,
2026-05-09 9:31,2026-05-09 10:01,0.0027,OK,정상,0,0,0,0,정상,
2026-05-09 9:32,2026-05-09 10:02,0.0024,OK,정상,1,0,0,0,정상,
2026-05-09 9:33,2026-05-09 10:03,0.0027,OK,정상,0,0,0,0,정상,
2026-05-09 9:34,2026-05-09 10:04,0.0031,OK,정상,1,0,0,0,정상,
2026-05-09 9:35,2026-05-09 10:05,0.0023,OK,정상,0,0,0,0,정상,
2026-05-09 9:36,2026-05-09 10:06,0.0033,OK,정상,1,0,0,0,정상,
2026-05-09 9:37,2026-05-09 10:07,0.0014,OK,정상,1,0,0,0,정상,
2026-05-09 9:38,2026-05-09 10:08,0.0035,OK,정상,1,0,0,0,정상,
2026-05-09 9:39,2026-05-09 10:09,0.0014,OK,정상,1,0,0,0,정상,
2026-05-09 9:40,2026-05-09 10:10,0.0016,OK,정상,1,0,0,0,정상,
2026-05-09 9:41,2026-05-09 10:11,0.0014,OK,정상,1,1,0,0,정상,
2026-05-09 9:42,2026-05-09 10:12,0.0019,OK,정상,1,1,0,0,정상,
2026-05-09 9:43,2026-05-09 10:13,0.0017,OK,정상,1,1,0,0,정상,
2026-05-09 9:44,2026-05-09 10:14,0.002,OK,정상,1,1,0,0,정상,
2026-05-09 9:45,2026-05-09 10:15,0.0017,OK,정상,1,1,0,0,정상,
2026-05-09 9:46,2026-05-09 10:16,0.0014,OK,정상,1,1,0,0,정상,
2026-05-09 9:47,2026-05-09 10:17,0.0012,OK,정상,1,0,0,0,정상,
2026-05-09 9:48,2026-05-09 10:18,0.0013,OK,정상,1,0,0,0,정상,
2026-05-09 9:49,2026-05-09 10:19,0.0019,OK,정상,1,0,0,0,정상,
2026-05-09 9:50,2026-05-09 10:20,0.0015,OK,정상,1,0,0,0,정상,
2026-05-09 9:51,2026-05-09 10:21,0.0013,OK,정상,1,0,0,0,정상,
2026-05-09 9:52,2026-05-09 10:22,0.0019,OK,정상,1,0,0,0,정상,
2026-05-09 9:53,2026-05-09 10:23,0.0018,OK,정상,1,0,0,0,정상,
2026-05-09 9:54,2026-05-09 10:24,0.0063,OK,정상,1,0,0,0,정상,
2026-05-09 9:55,2026-05-09 10:25,0.0016,OK,정상,1,0,0,0,정상,
2026-05-09 9:56,2026-05-09 10:26,0.0017,OK,정상,1,0,0,0,정상,
2026-05-09 9:57,2026-05-09 10:27,0.0016,OK,정상,1,0,0,0,정상,
2026-05-09 9:58,2026-05-09 10:28,0.0042,OK,정상,1,0,0,0,정상,
2026-05-09 9:59,2026-05-09 10:29,0.0015,OK,정상,1,0,0,0,정상,
2026-05-09 10:00,2026-05-09 10:30,0.0016,OK,정상,1,0,0,0,정상,
2026-05-09 10:01,2026-05-09 10:31,0.0024,OK,정상,1,0,0,0,정상,
2026-05-09 10:02,2026-05-09 10:32,0.0071,OK,정상,1,1,0,0,정상,
2026-05-09 10:03,2026-05-09 10:33,0.0011,OK,정상,1,1,0,0,정상,
2026-05-09 10:04,2026-05-09 10:34,0.0016,OK,정상,1,1,0,0,정상,
2026-05-09 10:05,2026-05-09 10:35,0.0011,OK,정상,1,1,0,0,정상,
2026-05-09 10:06,2026-05-09 10:36,0.0041,OK,정상,1,0,0,0,정상,
2026-05-09 10:07,2026-05-09 10:37,0.0019,OK,정상,1,0,0,0,정상,
2026-05-09 10:08,2026-05-09 10:38,0.0028,OK,정상,1,0,0,0,정상,
2026-05-09 10:09,2026-05-09 10:39,0.0023,OK,정상,1,0,0,0,정상,
2026-05-09 10:10,2026-05-09 10:40,0.0025,OK,정상,1,0,0,0,정상,
2026-05-09 10:11,2026-05-09 10:41,0.002,OK,정상,0,0,0,0,정상,
2026-05-09 10:12,2026-05-09 10:42,0.0058,OK,정상,1,0,0,0,정상,
2026-05-09 10:13,2026-05-09 10:43,0.0031,OK,정상,1,0,0,0,정상,
2026-05-09 10:14,2026-05-09 10:44,0.0047,OK,정상,1,0,0,0,정상,
2026-05-09 10:15,2026-05-09 10:45,0.0048,OK,정상,1,0,0,0,정상,
2026-05-09 10:16,2026-05-09 10:46,0.0018,OK,정상,1,0,0,0,정상,
2026-05-09 10:17,2026-05-09 10:47,0.0028,OK,정상,1,0,0,0,정상,
2026-05-09 10:18,2026-05-09 10:48,0.0036,OK,정상,1,0,0,0,정상,
2026-05-09 10:19,2026-05-09 10:49,0.0019,OK,정상,1,0,0,0,정상,
2026-05-09 10:20,2026-05-09 10:50,0.0021,OK,정상,1,0,0,0,정상,
2026-05-09 10:21,2026-05-09 10:51,0.0034,OK,정상,1,0,0,0,정상,
2026-05-09 10:22,2026-05-09 10:52,0.0612,OK,정상,1,0,0,0,정상,
2026-05-09 10:23,2026-05-09 10:53,0.0241,OK,정상,1,0,0,0,정상,
2026-05-09 10:24,2026-05-09 10:54,0.0897,OK,정상,1,0,0,0,정상,
2026-05-09 10:25,2026-05-09 10:55,0.073,OK,정상,1,0,0,0,정상,
2026-05-09 10:26,2026-05-09 10:56,0.0242,OK,정상,1,0,0,0,정상,
2026-05-09 10:27,2026-05-09 10:57,0.0361,OK,정상,1,0,0,0,정상,
2026-05-09 10:28,2026-05-09 10:58,0.0907,OK,정상,1,0,0,0,정상,
2026-05-09 10:29,2026-05-09 10:59,0.0944,OK,정상,1,0,0,0,정상,
2026-05-09 10:30,2026-05-09 11:00,0.0415,OK,정상,1,0,0,0,정상,
2026-05-09 10:31,2026-05-09 11:01,0.0339,OK,정상,1,0,0,0,정상,
2026-05-09 10:32,2026-05-09 11:02,0.0308,OK,정상,1,0,0,0,정상,
2026-05-09 10:33,2026-05-09 11:03,0.0251,OK,정상,1,0,0,0,정상,
2026-05-09 10:34,2026-05-09 11:04,0.0331,OK,정상,1,1,0,0,정상,
2026-05-09 10:35,2026-05-09 11:05,0.024,OK,정상,1,0,0,0,정상,
2026-05-09 10:36,2026-05-09 11:06,0.0564,OK,정상,1,0,0,0,정상,
2026-05-09 10:37,2026-05-09 11:07,0.0459,OK,정상,1,0,0,0,정상,
2026-05-09 10:38,2026-05-09 11:08,0.0481,OK,정상,1,0,0,0,정상,
2026-05-09 10:39,2026-05-09 11:09,0.0235,OK,정상,1,0,0,0,정상,
2026-05-09 10:40,2026-05-09 11:10,0.0288,OK,정상,1,0,0,0,정상,
2026-05-09 10:41,2026-05-09 11:11,0.0183,OK,정상,1,0,0,0,정상,
2026-05-09 10:42,2026-05-09 11:12,0.0426,OK,정상,1,0,0,0,정상,
2026-05-09 10:43,2026-05-09 11:13,0.0194,OK,정상,1,0,0,0,정상,
2026-05-09 10:44,2026-05-09 11:14,0.0195,OK,정상,1,0,0,0,정상,
2026-05-09 10:45,2026-05-09 11:15,0.016,OK,정상,1,0,0,0,정상,
2026-05-09 10:46,2026-05-09 11:16,0.0161,OK,정상,1,0,0,0,정상,
2026-05-09 10:47,2026-05-09 11:17,0.0196,OK,정상,1,0,0,0,정상,
2026-05-09 10:48,2026-05-09 11:18,0.0395,OK,정상,1,0,0,0,정상,
2026-05-09 10:49,2026-05-09 11:19,0.0209,OK,정상,1,0,0,0,정상,
2026-05-09 10:50,2026-05-09 11:20,0.0715,OK,정상,1,0,0,0,정상,
2026-05-09 10:51,2026-05-09 11:21,0.0338,OK,정상,1,0,0,0,정상,
2026-05-09 10:52,2026-05-09 11:22,0.1427,OK,정상,1,0,0,0,정상,
2026-05-09 10:53,2026-05-09 11:23,0.0863,OK,정상,1,0,0,0,정상,
2026-05-09 10:54,2026-05-09 11:24,0.1209,OK,정상,1,0,0,0,정상,
2026-05-09 10:55,2026-05-09 11:25,0.0269,OK,정상,1,0,0,0,정상,
2026-05-09 10:56,2026-05-09 11:26,0.0872,OK,정상,1,0,0,0,정상,
2026-05-09 10:57,2026-05-09 11:27,0.033,OK,정상,1,0,0,0,정상,
2026-05-09 10:58,2026-05-09 11:28,0.0588,OK,정상,1,0,0,0,정상,
2026-05-09 10:59,2026-05-09 11:29,0.0232,OK,정상,1,0,0,0,정상,
2026-05-09 11:00,2026-05-09 11:30,0.0641,OK,정상,1,0,0,0,정상,
2026-05-09 11:01,2026-05-09 11:31,0.0436,OK,정상,1,1,0,0,정상,
2026-05-09 11:02,2026-05-09 11:32,0.1022,OK,정상,1,1,0,0,정상,
2026-05-09 11:03,2026-05-09 11:33,0.1015,OK,정상,1,1,0,0,정상,
2026-05-09 11:04,2026-05-09 11:34,0.0437,OK,정상,1,1,0,0,정상,
2026-05-09 11:05,2026-05-09 11:35,0.0399,OK,정상,1,1,0,0,정상,
2026-05-09 11:06,2026-05-09 11:36,0.1072,OK,정상,1,1,0,0,정상,
2026-05-09 11:07,2026-05-09 11:37,0.0248,OK,정상,1,0,0,0,정상,
2026-05-09 11:08,2026-05-09 11:38,0.3378,INFO,주의,1,0,0,0,정상,
2026-05-09 11:09,2026-05-09 11:39,0.1129,OK,정상,1,0,0,0,정상,
2026-05-09 11:10,2026-05-09 11:40,0.2276,OK,정상,1,0,0,0,정상,
2026-05-09 11:11,2026-05-09 11:41,0.0785,OK,정상,1,0,0,0,정상,
2026-05-09 11:12,2026-05-09 11:42,0.4366,INFO,주의,1,0,0,0,정상,
2026-05-09 11:13,2026-05-09 11:43,0.2987,OK,정상,1,0,0,0,정상,
2026-05-09 11:14,2026-05-09 11:44,0.2928,OK,정상,1,0,0,0,정상,
2026-05-09 11:15,2026-05-09 11:45,0.172,OK,정상,1,0,0,0,정상,
2026-05-09 11:16,2026-05-09 11:46,0.1101,OK,정상,1,0,0,0,정상,
2026-05-09 11:17,2026-05-09 11:47,0.063,OK,정상,1,0,0,0,정상,
2026-05-09 11:18,2026-05-09 11:48,0.0757,OK,정상,1,0,0,0,정상,
2026-05-09 11:19,2026-05-09 11:49,0.0609,OK,정상,1,0,0,0,정상,
2026-05-09 11:20,2026-05-09 11:50,0.0788,OK,정상,1,0,0,0,정상,
2026-05-09 11:21,2026-05-09 11:51,0.1834,OK,정상,1,0,0,0,정상,
2026-05-09 11:22,2026-05-09 11:52,0.1027,OK,정상,1,1,0,0,정상,
2026-05-09 11:23,2026-05-09 11:53,0.04,OK,정상,1,1,0,0,정상,
2026-05-09 11:24,2026-05-09 11:54,0.1613,OK,정상,1,1,0,0,정상,
2026-05-09 11:25,2026-05-09 11:55,0.0516,OK,정상,1,1,0,0,정상,
2026-05-09 11:26,2026-05-09 11:56,0.0931,OK,정상,1,1,0,0,정상,
2026-05-09 11:27,2026-05-09 11:57,0.0395,OK,정상,1,1,0,0,정상,
2026-05-09 11:28,2026-05-09 11:58,0.1129,OK,정상,1,1,0,0,정상,
2026-05-09 11:29,2026-05-09 11:59,0.1044,OK,정상,1,1,0,0,정상,
2026-05-09 11:30,2026-05-09 12:00,0.1417,OK,정상,1,1,0,0,정상,
2026-05-09 11:31,2026-05-09 12:01,0.0826,OK,정상,1,1,0,0,정상,
2026-05-09 11:32,2026-05-09 12:02,0.1712,OK,정상,1,0,0,0,정상,
2026-05-09 11:33,2026-05-09 12:03,0.105,OK,정상,1,0,0,0,정상,
2026-05-09 11:34,2026-05-09 12:04,0.0451,OK,정상,1,0,0,0,정상,
2026-05-09 11:35,2026-05-09 12:05,0.0401,OK,정상,1,0,0,0,정상,
2026-05-09 11:36,2026-05-09 12:06,0.1231,OK,정상,1,0,0,0,정상,
2026-05-09 11:37,2026-05-09 12:07,0.0853,OK,정상,1,0,0,0,정상,
2026-05-09 11:38,2026-05-09 12:08,0.1673,OK,정상,1,0,0,0,정상,
2026-05-09 11:39,2026-05-09 12:09,0.1566,OK,정상,1,0,0,0,정상,
2026-05-09 11:40,2026-05-09 12:10,0.0685,OK,정상,1,0,0,0,정상,
2026-05-09 11:41,2026-05-09 12:11,0.054,OK,정상,1,0,0,0,정상,
2026-05-09 11:42,2026-05-09 12:12,0.0797,OK,정상,1,0,0,0,정상,
2026-05-09 11:43,2026-05-09 12:13,0.0751,OK,정상,1,0,0,0,정상,
2026-05-09 11:44,2026-05-09 12:14,0.1366,OK,정상,1,0,0,0,정상,
2026-05-09 11:45,2026-05-09 12:15,0.0976,OK,정상,1,0,0,0,정상,
2026-05-09 11:46,2026-05-09 12:16,0.0636,OK,정상,1,0,0,0,정상,
2026-05-09 11:47,2026-05-09 12:17,0.0907,OK,정상,1,0,0,0,정상,
2026-05-09 11:48,2026-05-09 12:18,0.0329,OK,정상,1,0,0,0,정상,
2026-05-09 11:49,2026-05-09 12:19,0.0619,OK,정상,1,0,0,0,정상,
2026-05-09 11:50,2026-05-09 12:20,0.0518,OK,정상,1,0,0,0,정상,
2026-05-09 11:51,2026-05-09 12:21,0.0115,OK,정상,1,1,0,0,정상,
2026-05-09 11:52,2026-05-09 12:22,0.0163,OK,정상,1,1,0,0,정상,
2026-05-09 11:53,2026-05-09 12:23,0.0118,OK,정상,1,1,0,0,정상,
2026-05-09 11:54,2026-05-09 12:24,0.0263,OK,정상,1,1,0,0,정상,
2026-05-09 11:55,2026-05-09 12:25,0.0079,OK,정상,1,1,0,0,정상,
2026-05-09 11:56,2026-05-09 12:26,0.0085,OK,정상,1,0,0,0,정상,
2026-05-09 11:57,2026-05-09 12:27,0.0139,OK,정상,1,1,0,0,정상,
2026-05-09 11:58,2026-05-09 12:28,0.006,OK,정상,1,1,0,0,정상,
2026-05-09 11:59,2026-05-09 12:29,0.0029,OK,정상,1,0,0,0,정상,
2026-05-09 12:00,2026-05-09 12:30,0.0032,OK,정상,1,0,0,0,정상,
2026-05-09 12:01,2026-05-09 12:31,0.0027,OK,정상,1,0,0,0,정상,
2026-05-09 12:02,2026-05-09 12:32,0.0031,OK,정상,1,0,0,0,정상,
2026-05-09 12:03,2026-05-09 12:33,0.0024,OK,정상,1,0,0,0,정상,
2026-05-09 12:04,2026-05-09 12:34,0.0029,OK,정상,1,0,0,0,정상,
2026-05-09 12:05,2026-05-09 12:35,0.0021,OK,정상,0,0,0,0,정상,
2026-05-09 12:06,2026-05-09 12:36,0.0023,OK,정상,1,0,0,0,정상,
2026-05-09 12:07,2026-05-09 12:37,0.0029,OK,정상,0,0,0,0,정상,
2026-05-09 12:08,2026-05-09 12:38,0.0041,OK,정상,1,0,0,0,정상,
2026-05-09 12:09,2026-05-09 12:39,0.0022,OK,정상,0,0,0,0,정상,
2026-05-09 12:10,2026-05-09 12:40,0.0036,OK,정상,1,0,0,0,정상,
2026-05-09 12:11,2026-05-09 12:41,0.0035,OK,정상,0,0,0,0,정상,
2026-05-09 12:12,2026-05-09 12:42,0.0055,OK,정상,1,1,0,0,정상,
2026-05-09 12:13,2026-05-09 12:43,0.0038,OK,정상,1,1,0,0,정상,
2026-05-09 12:14,2026-05-09 12:44,0.003,OK,정상,1,1,0,0,정상,
2026-05-09 12:15,2026-05-09 12:45,0.0022,OK,정상,1,1,0,0,정상,
2026-05-09 12:16,2026-05-09 12:46,0.0024,OK,정상,1,0,0,0,정상,
2026-05-09 12:17,2026-05-09 12:47,0.0028,OK,정상,1,0,0,0,정상,
2026-05-09 12:18,2026-05-09 12:48,0.0015,OK,정상,1,0,0,0,정상,
2026-05-09 12:19,2026-05-09 12:49,0.0021,OK,정상,1,0,0,0,정상,
2026-05-09 12:20,2026-05-09 12:50,0.0022,OK,정상,1,0,0,0,정상,
2026-05-09 12:21,2026-05-09 12:51,0.0019,OK,정상,1,0,0,0,정상,
2026-05-09 12:22,2026-05-09 12:52,0.0026,OK,정상,1,0,0,0,정상,
2026-05-09 12:23,2026-05-09 12:53,0.003,OK,정상,1,0,0,0,정상,
2026-05-09 12:24,2026-05-09 12:54,0.0019,OK,정상,1,0,0,0,정상,
2026-05-09 12:25,2026-05-09 12:55,0.0017,OK,정상,1,0,0,0,정상,
2026-05-09 12:26,2026-05-09 12:56,0.0019,OK,정상,1,0,0,0,정상,
2026-05-09 12:27,2026-05-09 12:57,0.0015,OK,정상,1,0,0,0,정상,
2026-05-09 12:28,2026-05-09 12:58,0.0022,OK,정상,1,0,0,0,정상,
2026-05-09 12:29,2026-05-09 12:59,0.0028,OK,정상,0,0,0,0,정상,
2026-05-09 12:30,2026-05-09 13:00,0.0023,OK,정상,1,0,0,0,정상,
2026-05-09 12:31,2026-05-09 13:01,0.003,OK,정상,0,0,0,0,정상,
2026-05-09 12:32,2026-05-09 13:02,0.0024,OK,정상,1,0,0,0,정상,
2026-05-09 12:33,2026-05-09 13:03,0.0022,OK,정상,1,0,0,0,정상,
2026-05-09 12:34,2026-05-09 13:04,0.0027,OK,정상,1,0,0,0,정상,
2026-05-09 12:35,2026-05-09 13:05,0.002,OK,정상,1,0,0,0,정상,
2026-05-09 12:36,2026-05-09 13:06,0.0027,OK,정상,1,0,0,0,정상,
2026-05-09 12:37,2026-05-09 13:07,0.0024,OK,정상,1,0,0,0,정상,
2026-05-09 12:38,2026-05-09 13:08,0.0019,OK,정상,1,0,0,0,정상,
2026-05-09 12:39,2026-05-09 13:09,0.0019,OK,정상,0,0,0,0,정상,
2026-05-09 12:40,2026-05-09 13:10,0.0019,OK,정상,1,0,0,0,정상,
2026-05-09 12:41,2026-05-09 13:11,0.0016,OK,정상,0,0,0,0,정상,
2026-05-09 12:42,2026-05-09 13:12,0.0028,OK,정상,1,0,0,0,정상,
2026-05-09 12:43,2026-05-09 13:13,0.0032,OK,정상,0,0,0,0,정상,
2026-05-09 12:44,2026-05-09 13:14,0.0034,OK,정상,1,0,0,0,정상,
2026-05-09 12:45,2026-05-09 13:15,0.0019,OK,정상,0,0,0,0,정상,
2026-05-09 12:46,2026-05-09 13:16,0.0033,OK,정상,1,0,0,0,정상,
2026-05-09 12:47,2026-05-09 13:17,0.0017,OK,정상,0,0,0,0,정상,
2026-05-09 12:48,2026-05-09 13:18,0.0018,OK,정상,1,0,0,0,정상,
2026-05-09 12:49,2026-05-09 13:19,0.0015,OK,정상,0,0,0,0,정상,
2026-05-09 12:50,2026-05-09 13:20,0.0012,OK,정상,1,0,0,0,정상,
2026-05-09 12:51,2026-05-09 13:21,0.0014,OK,정상,1,0,0,0,정상,
2026-05-09 12:52,2026-05-09 13:22,0.0013,OK,정상,1,0,0,0,정상,
2026-05-09 12:53,2026-05-09 13:23,0.0013,OK,정상,1,0,0,0,정상,
2026-05-09 12:54,2026-05-09 13:24,0.0024,OK,정상,1,0,0,0,정상,
2026-05-09 12:55,2026-05-09 13:25,0.0023,OK,정상,1,0,0,0,정상,
2026-05-09 12:56,2026-05-09 13:26,0.0093,OK,정상,1,0,0,0,정상,
2026-05-09 12:57,2026-05-09 13:27,0.0018,OK,정상,0,0,0,0,정상,
2026-05-09 12:58,2026-05-09 13:28,0.0021,OK,정상,1,0,0,0,정상,
2026-05-09 12:59,2026-05-09 13:29,0.0019,OK,정상,0,0,0,0,정상,
2026-05-09 13:00,2026-05-09 13:30,0.0021,OK,정상,1,0,0,0,정상,
2026-05-09 13:01,2026-05-09 13:31,0.0007,OK,정상,0,0,0,0,정상,
2026-05-09 13:02,2026-05-09 13:32,0.0009,OK,정상,1,0,0,0,정상,
2026-05-09 13:03,2026-05-09 13:33,0.0009,OK,정상,0,1,0,0,정상,
2026-05-09 13:04,2026-05-09 13:34,0.0006,OK,정상,0,0,0,0,정상,
2026-05-09 13:05,2026-05-09 13:35,0.0004,OK,정상,0,0,0,0,정상,
2026-05-09 13:06,2026-05-09 13:36,0.0004,OK,정상,0,0,0,0,정상,
2026-05-09 13:07,2026-05-09 13:37,0.0005,OK,정상,0,0,0,0,정상,
2026-05-09 13:08,2026-05-09 13:38,0.0005,OK,정상,0,0,0,0,정상,
2026-05-09 13:09,2026-05-09 13:39,0.0005,OK,정상,0,0,0,0,정상,
2026-05-09 13:10,2026-05-09 13:40,0.0005,OK,정상,0,0,0,0,정상,
2026-05-09 13:11,2026-05-09 13:41,0.0006,OK,정상,0,0,0,0,정상,
2026-05-09 13:12,2026-05-09 13:42,0.0006,OK,정상,0,0,0,0,정상,
2026-05-09 13:13,2026-05-09 13:43,0.0003,OK,정상,0,0,0,0,정상,
2026-05-09 13:14,2026-05-09 13:44,0.0006,OK,정상,0,0,0,0,정상,
2026-05-09 13:15,2026-05-09 13:45,0.0059,OK,정상,0,0,0,0,정상,
2026-05-09 13:16,2026-05-09 13:46,0.01,OK,정상,0,0,0,0,정상,
2026-05-09 13:17,2026-05-09 13:47,0.0006,OK,정상,0,0,0,0,정상,
2026-05-09 13:18,2026-05-09 13:48,0.0008,OK,정상,0,0,0,0,정상,
2026-05-09 13:19,2026-05-09 13:49,0.0042,OK,정상,0,1,0,0,정상,
2026-05-09 13:20,2026-05-09 13:50,0.0033,OK,정상,0,0,0,0,정상,
2026-05-09 13:21,2026-05-09 13:51,0.0024,OK,정상,0,1,0,0,정상,
2026-05-09 13:22,2026-05-09 13:52,0.0035,OK,정상,0,1,0,0,정상,
2026-05-09 13:23,2026-05-09 13:53,0.0054,OK,정상,0,1,0,0,정상,
2026-05-09 13:24,2026-05-09 13:54,0.0039,OK,정상,0,1,0,0,정상,
2026-05-09 13:25,2026-05-09 13:55,0.0037,OK,정상,0,1,0,0,정상,
2026-05-09 13:26,2026-05-09 13:56,0.0036,OK,정상,0,1,0,0,정상,
2026-05-09 13:27,2026-05-09 13:57,0.0025,OK,정상,0,0,0,0,정상,
2026-05-09 13:28,2026-05-09 13:58,0.0026,OK,정상,0,0,0,0,정상,
2026-05-09 13:29,2026-05-09 13:59,0.0027,OK,정상,0,0,0,0,정상,
2026-05-09 13:30,2026-05-09 14:00,0.0013,OK,정상,0,0,0,0,정상,
2026-05-09 13:31,2026-05-09 14:01,0.0006,OK,정상,0,0,0,0,정상,
2026-05-09 13:32,2026-05-09 14:02,0.0007,OK,정상,0,0,0,0,정상,
2026-05-09 13:33,2026-05-09 14:03,0.0006,OK,정상,0,0,0,0,정상,
2026-05-09 13:34,2026-05-09 14:04,0.0005,OK,정상,0,0,0,0,정상,
2026-05-09 13:35,2026-05-09 14:05,0.0005,OK,정상,0,0,0,0,정상,
2026-05-09 13:36,2026-05-09 14:06,0.0007,OK,정상,0,0,0,0,정상,
2026-05-09 13:37,2026-05-09 14:07,0.0008,OK,정상,0,0,0,0,정상,
2026-05-09 13:38,2026-05-09 14:08,0.001,OK,정상,0,0,0,0,정상,
2026-05-09 13:39,2026-05-09 14:09,0.0009,OK,정상,0,0,0,0,정상,
2026-05-09 13:40,2026-05-09 14:10,0.001,OK,정상,0,0,0,0,정상,
2026-05-09 13:41,2026-05-09 14:11,0.001,OK,정상,0,0,0,0,정상,
2026-05-09 13:42,2026-05-09 14:12,0.0011,OK,정상,0,0,0,0,정상,
2026-05-09 13:43,2026-05-09 14:13,0.0009,OK,정상,0,1,0,0,정상,
2026-05-09 13:44,2026-05-09 14:14,0.0013,OK,정상,0,1,0,0,정상,
2026-05-09 13:45,2026-05-09 14:15,0.001,OK,정상,0,1,0,0,정상,
2026-05-09 13:46,2026-05-09 14:16,0.0019,OK,정상,0,1,0,0,정상,
2026-05-09 13:47,2026-05-09 14:17,0.0067,OK,정상,0,1,0,0,정상,
2026-05-09 13:48,2026-05-09 14:18,0.0012,OK,정상,0,0,0,0,정상,
2026-05-09 13:49,2026-05-09 14:19,0.0015,OK,정상,0,0,0,0,정상,
2026-05-09 13:50,2026-05-09 14:20,0.0014,OK,정상,0,0,0,0,정상,
2026-05-09 13:51,2026-05-09 14:21,0.0016,OK,정상,0,0,0,0,정상,
2026-05-09 13:52,2026-05-09 14:22,0.0012,OK,정상,0,0,0,0,정상,
2026-05-09 13:53,2026-05-09 14:23,0.0009,OK,정상,0,0,0,0,정상,
2026-05-09 13:54,2026-05-09 14:24,0.0026,OK,정상,0,0,0,0,정상,
2026-05-09 13:55,2026-05-09 14:25,0.0008,OK,정상,0,0,0,0,정상,
2026-05-09 13:56,2026-05-09 14:26,0.001,OK,정상,0,0,0,0,정상,
2026-05-09 13:57,2026-05-09 14:27,0.0015,OK,정상,0,0,0,0,정상,
2026-05-09 13:58,2026-05-09 14:28,0.0011,OK,정상,0,0,0,0,정상,
2026-05-09 13:59,2026-05-09 14:29,0.0031,OK,정상,0,0,0,0,정상,
2026-05-09 14:00,2026-05-09 14:30,0.0028,OK,정상,0,0,0,0,정상,
2026-05-09 14:01,2026-05-09 14:31,0.002,OK,정상,0,0,0,0,정상,
2026-05-09 14:02,2026-05-09 14:32,0.0024,OK,정상,0,0,0,0,정상,
2026-05-09 14:03,2026-05-09 14:33,0.0017,OK,정상,0,0,0,0,정상,
2026-05-09 14:04,2026-05-09 14:34,0.0024,OK,정상,0,0,0,0,정상,
2026-05-09 14:05,2026-05-09 14:35,0.0026,OK,정상,0,0,0,0,정상,
2026-05-09 14:06,2026-05-09 14:36,0.0019,OK,정상,0,0,0,0,정상,
2026-05-09 14:07,2026-05-09 14:37,0.0017,OK,정상,0,0,0,0,정상,
2026-05-09 14:08,2026-05-09 14:38,0.0016,OK,정상,0,0,0,0,정상,
2026-05-09 14:09,2026-05-09 14:39,0.0016,OK,정상,1,0,0,0,정상,
2026-05-09 14:10,2026-05-09 14:40,0.0017,OK,정상,1,0,0,0,정상,
2026-05-09 14:11,2026-05-09 14:41,0.0019,OK,정상,1,0,0,0,정상,
2026-05-09 14:12,2026-05-09 14:42,0.1486,OK,정상,1,0,0,0,정상,
2026-05-09 14:13,2026-05-09 14:43,0.002,OK,정상,1,0,0,0,정상,
2026-05-09 14:14,2026-05-09 14:44,0.0952,OK,정상,1,0,0,0,정상,
2026-05-09 14:15,2026-05-09 14:45,0.0013,OK,정상,0,0,0,0,정상,
2026-05-09 14:16,2026-05-09 14:46,0.0014,OK,정상,1,0,0,0,정상,
2026-05-09 14:17,2026-05-09 14:47,0.0012,OK,정상,0,0,0,0,정상,
2026-05-09 14:18,2026-05-09 14:48,0.0018,OK,정상,1,1,0,0,정상,
2026-05-09 14:19,2026-05-09 14:49,0.0016,OK,정상,0,1,0,0,정상,
2026-05-09 14:20,2026-05-09 14:50,0.0021,OK,정상,1,1,0,0,정상,
2026-05-09 14:21,2026-05-09 14:51,0.0039,OK,정상,0,1,0,0,정상,
2026-05-09 14:22,2026-05-09 14:52,0.0032,OK,정상,1,1,0,0,정상,
2026-05-09 14:23,2026-05-09 14:53,0.0035,OK,정상,1,1,0,0,정상,
2026-05-09 14:24,2026-05-09 14:54,0.0147,OK,정상,1,1,0,0,정상,
2026-05-09 14:25,2026-05-09 14:55,0.0154,OK,정상,1,1,0,0,정상,
2026-05-09 14:26,2026-05-09 14:56,0.0127,OK,정상,1,0,0,0,정상,
2026-05-09 14:27,2026-05-09 14:57,0.0113,OK,정상,1,0,0,0,정상,
2026-05-09 14:28,2026-05-09 14:58,0.0079,OK,정상,1,0,0,0,정상,
2026-05-09 14:29,2026-05-09 14:59,0.0022,OK,정상,1,0,0,0,정상,
2026-05-09 14:30,2026-05-09 15:00,0.016,OK,정상,1,0,0,0,정상,
2026-05-09 14:31,2026-05-09 15:01,0.0255,OK,정상,1,0,0,0,정상,
2026-05-09 14:32,2026-05-09 15:02,0.01,OK,정상,1,0,0,0,정상,
2026-05-09 14:33,2026-05-09 15:03,0.0104,OK,정상,1,0,0,0,정상,
2026-05-09 14:34,2026-05-09 15:04,0.0073,OK,정상,1,0,0,0,정상,
2026-05-09 14:35,2026-05-09 15:05,0.0072,OK,정상,1,0,0,0,정상,
2026-05-09 14:36,2026-05-09 15:06,0.0052,OK,정상,1,0,0,0,정상,
2026-05-09 14:37,2026-05-09 15:07,0.0046,OK,정상,1,0,0,0,정상,
2026-05-09 14:38,2026-05-09 15:08,0.0027,OK,정상,1,0,0,0,정상,
2026-05-09 14:39,2026-05-09 15:09,0.0025,OK,정상,1,0,0,0,정상,
2026-05-09 14:40,2026-05-09 15:10,0.0026,OK,정상,1,0,0,0,정상,
2026-05-09 14:41,2026-05-09 15:11,0.003,OK,정상,1,0,0,0,정상,
2026-05-09 14:42,2026-05-09 15:12,0.0038,OK,정상,1,0,0,0,정상,
2026-05-09 14:43,2026-05-09 15:13,0.0089,OK,정상,1,0,0,0,정상,
2026-05-09 14:44,2026-05-09 15:14,0.0063,OK,정상,1,0,0,0,정상,
2026-05-09 14:45,2026-05-09 15:15,0.0038,OK,정상,1,0,0,0,정상,
2026-05-09 14:46,2026-05-09 15:16,0.0023,OK,정상,1,0,0,0,정상,
2026-05-09 14:47,2026-05-09 15:17,0.0053,OK,정상,1,0,0,0,정상,
2026-05-09 14:48,2026-05-09 15:18,0.0044,OK,정상,1,0,0,0,정상,
2026-05-09 14:49,2026-05-09 15:19,0.0025,OK,정상,1,0,0,0,정상,
2026-05-09 14:50,2026-05-09 15:20,0.0023,OK,정상,1,0,0,0,정상,
2026-05-09 14:51,2026-05-09 15:21,0.0024,OK,정상,1,0,0,0,정상,
2026-05-09 14:52,2026-05-09 15:22,0.0022,OK,정상,1,0,0,0,정상,
2026-05-09 14:53,2026-05-09 15:23,0.0044,OK,정상,1,0,0,0,정상,
2026-05-09 14:54,2026-05-09 15:24,0.0028,OK,정상,1,0,0,0,정상,
2026-05-09 14:55,2026-05-09 15:25,0.0032,OK,정상,1,0,0,0,정상,
2026-05-09 14:56,2026-05-09 15:26,0.0027,OK,정상,1,0,0,0,정상,
2026-05-09 14:57,2026-05-09 15:27,0.0039,OK,정상,1,0,0,0,정상,
2026-05-09 14:58,2026-05-09 15:28,0.0044,OK,정상,1,0,0,0,정상,
2026-05-09 14:59,2026-05-09 15:29,0.0032,OK,정상,1,0,0,0,정상,
2026-05-09 15:00,2026-05-09 15:30,0.0032,OK,정상,1,0,0,0,정상,
2026-05-09 15:01,2026-05-09 15:31,0.0021,OK,정상,1,0,0,0,정상,
2026-05-09 15:02,2026-05-09 15:32,0.0025,OK,정상,1,0,0,0,정상,
2026-05-09 15:03,2026-05-09 15:33,0.0021,OK,정상,1,0,0,0,정상,
2026-05-09 15:04,2026-05-09 15:34,0.0033,OK,정상,0,0,0,0,정상,
2026-05-09 15:05,2026-05-09 15:35,0.0022,OK,정상,0,0,0,0,정상,
2026-05-09 15:06,2026-05-09 15:36,0.0017,OK,정상,0,0,0,0,정상,
2026-05-09 15:07,2026-05-09 15:37,0.0015,OK,정상,0,0,0,0,정상,
2026-05-09 15:08,2026-05-09 15:38,0.0014,OK,정상,0,0,0,0,정상,
2026-05-09 15:09,2026-05-09 15:39,0.0018,OK,정상,0,0,0,0,정상,
2026-05-09 15:10,2026-05-09 15:40,0.002,OK,정상,0,0,0,0,정상,
2026-05-09 15:11,2026-05-09 15:41,0.0012,OK,정상,0,0,0,0,정상,
2026-05-09 15:12,2026-05-09 15:42,0.0007,OK,정상,0,0,0,0,정상,
2026-05-09 15:13,2026-05-09 15:43,0.0004,OK,정상,0,0,0,0,정상,
2026-05-09 15:14,2026-05-09 15:44,0.0009,OK,정상,0,0,0,0,정상,
2026-05-09 15:15,2026-05-09 15:45,0.0008,OK,정상,0,0,0,0,정상,
2026-05-09 15:16,2026-05-09 15:46,0.0011,OK,정상,0,0,0,0,정상,
2026-05-09 15:17,2026-05-09 15:47,0.0026,OK,정상,0,0,0,0,정상,
2026-05-09 15:18,2026-05-09 15:48,0.0038,OK,정상,0,0,0,0,정상,
2026-05-09 15:19,2026-05-09 15:49,0.0024,OK,정상,0,0,0,0,정상,
2026-05-09 15:20,2026-05-09 15:50,0.0024,OK,정상,0,0,0,0,정상,
2026-05-09 15:21,2026-05-09 15:51,0.0013,OK,정상,0,0,0,0,정상,
2026-05-09 15:22,2026-05-09 15:52,0.0015,OK,정상,0,0,0,0,정상,
2026-05-09 15:23,2026-05-09 15:53,0.0017,OK,정상,0,0,0,0,정상,
2026-05-09 15:24,2026-05-09 15:54,0.0017,OK,정상,0,0,0,0,정상,
2026-05-09 15:25,2026-05-09 15:55,0.0011,OK,정상,0,0,0,0,정상,
2026-05-09 15:26,2026-05-09 15:56,0.0007,OK,정상,0,0,0,0,정상,
2026-05-09 15:27,2026-05-09 15:57,0.0007,OK,정상,0,0,0,0,정상,
2026-05-09 15:28,2026-05-09 15:58,0.0005,OK,정상,0,0,0,0,정상,
2026-05-09 15:29,2026-05-09 15:59,0.0007,OK,정상,0,0,0,0,정상,
2026-05-09 15:30,2026-05-09 16:00,0.0005,OK,정상,0,0,0,0,정상,
2026-05-09 15:31,2026-05-09 16:01,0.001,OK,정상,0,0,0,0,정상,
2026-05-09 15:32,2026-05-09 16:02,0.0011,OK,정상,0,0,0,0,정상,
2026-05-09 15:33,2026-05-09 16:03,0.001,OK,정상,0,0,0,0,정상,
2026-05-09 15:34,2026-05-09 16:04,0.0011,OK,정상,0,0,0,0,정상,
2026-05-09 15:35,2026-05-09 16:05,0.0008,OK,정상,0,0,0,0,정상,
2026-05-09 15:36,2026-05-09 16:06,0.0009,OK,정상,0,0,0,0,정상,
2026-05-09 15:37,2026-05-09 16:07,0.001,OK,정상,0,0,0,0,정상,
2026-05-09 15:38,2026-05-09 16:08,0.0018,OK,정상,0,0,0,0,정상,
2026-05-09 15:39,2026-05-09 16:09,0.0011,OK,정상,0,0,0,0,정상,
2026-05-09 15:40,2026-05-09 16:10,0.0009,OK,정상,0,0,0,0,정상,
2026-05-09 15:41,2026-05-09 16:11,0.0011,OK,정상,0,0,0,0,정상,
2026-05-09 15:42,2026-05-09 16:12,0.0021,OK,정상,0,0,0,0,정상,
2026-05-09 15:43,2026-05-09 16:13,0.0026,OK,정상,0,0,0,0,정상,
2026-05-09 15:44,2026-05-09 16:14,0.0017,OK,정상,0,0,0,0,정상,
2026-05-09 15:45,2026-05-09 16:15,0.0025,OK,정상,0,1,0,0,정상,
2026-05-09 15:46,2026-05-09 16:16,0.0022,OK,정상,1,0,0,0,정상,
2026-05-09 15:47,2026-05-09 16:17,0.0012,OK,정상,0,0,0,0,정상,
2026-05-09 15:48,2026-05-09 16:18,0.0017,OK,정상,1,0,0,0,정상,
2026-05-09 15:49,2026-05-09 16:19,0.0016,OK,정상,1,0,0,0,정상,
2026-05-09 15:50,2026-05-09 16:20,0.0013,OK,정상,0,0,0,0,정상,
2026-05-09 15:51,2026-05-09 16:21,0.0014,OK,정상,0,0,0,0,정상,
2026-05-09 15:52,2026-05-09 16:22,0.0007,OK,정상,0,0,0,0,정상,
2026-05-09 15:53,2026-05-09 16:23,0.0009,OK,정상,0,0,0,0,정상,
2026-05-09 15:54,2026-05-09 16:24,0.0008,OK,정상,0,0,0,0,정상,
2026-05-09 15:55,2026-05-09 16:25,0.0042,OK,정상,0,0,0,0,정상,
2026-05-09 15:56,2026-05-09 16:26,0.0008,OK,정상,1,0,0,0,정상,
2026-05-09 15:57,2026-05-09 16:27,0.0015,OK,정상,1,0,0,0,정상,
2026-05-09 15:58,2026-05-09 16:28,0.0011,OK,정상,0,0,0,0,정상,
2026-05-09 15:59,2026-05-09 16:29,0.0019,OK,정상,0,0,0,0,정상,
2026-05-09 16:00,2026-05-09 16:30,0.002,OK,정상,1,1,0,0,정상,
2026-05-09 16:01,2026-05-09 16:31,0.0012,OK,정상,0,1,0,0,정상,
2026-05-09 16:02,2026-05-09 16:32,0.0014,OK,정상,1,1,0,0,정상,
2026-05-09 16:03,2026-05-09 16:33,0.0011,OK,정상,1,1,0,0,정상,
2026-05-09 16:04,2026-05-09 16:34,0.0011,OK,정상,1,1,0,0,정상,
2026-05-09 16:05,2026-05-09 16:35,0.001,OK,정상,0,1,0,0,정상,
2026-05-09 16:06,2026-05-09 16:36,0.0068,OK,정상,1,1,0,0,정상,
2026-05-09 16:07,2026-05-09 16:37,0.0021,OK,정상,0,0,0,0,정상,
2026-05-09 16:08,2026-05-09 16:38,0.0016,OK,정상,1,0,0,0,정상,
2026-05-09 16:09,2026-05-09 16:39,0.0017,OK,정상,0,0,0,0,정상,
2026-05-09 16:10,2026-05-09 16:40,0.0017,OK,정상,1,0,0,0,정상,
2026-05-09 16:11,2026-05-09 16:41,0.0011,OK,정상,0,0,0,0,정상,
2026-05-09 16:12,2026-05-09 16:42,0.0017,OK,정상,1,0,0,0,정상,
2026-05-09 16:13,2026-05-09 16:43,0.0013,OK,정상,0,0,0,0,정상,
2026-05-09 16:14,2026-05-09 16:44,0.0015,OK,정상,1,0,0,0,정상,
2026-05-09 16:15,2026-05-09 16:45,0.0012,OK,정상,0,0,0,0,정상,
2026-05-09 16:16,2026-05-09 16:46,0.0012,OK,정상,1,0,0,0,정상,
2026-05-09 16:17,2026-05-09 16:47,0.001,OK,정상,0,0,0,0,정상,
2026-05-09 16:18,2026-05-09 16:48,0.0009,OK,정상,1,0,0,0,정상,
2026-05-09 16:19,2026-05-09 16:49,0.0012,OK,정상,1,0,0,0,정상,
2026-05-09 16:20,2026-05-09 16:50,0.0012,OK,정상,1,0,0,0,정상,
2026-05-09 16:21,2026-05-09 16:51,0.0011,OK,정상,1,0,0,0,정상,
2026-05-09 16:22,2026-05-09 16:52,0.0011,OK,정상,1,0,0,0,정상,
2026-05-09 16:23,2026-05-09 16:53,0.0016,OK,정상,1,0,0,0,정상,
2026-05-09 16:24,2026-05-09 16:54,0.0019,OK,정상,1,0,0,0,정상,
2026-05-09 16:25,2026-05-09 16:55,0.0011,OK,정상,1,0,0,0,정상,
2026-05-09 16:26,2026-05-09 16:56,0.002,OK,정상,1,0,0,0,정상,
2026-05-09 16:27,2026-05-09 16:57,0.0016,OK,정상,1,0,0,0,정상,
2026-05-09 16:28,2026-05-09 16:58,0.0015,OK,정상,1,0,0,0,정상,
2026-05-09 16:29,2026-05-09 16:59,0.0015,OK,정상,1,1,0,0,정상,
2026-05-09 16:30,2026-05-09 17:00,0.0014,OK,정상,1,0,0,0,정상,
2026-05-09 16:31,2026-05-09 17:01,0.0014,OK,정상,1,0,0,0,정상,
2026-05-09 16:32,2026-05-09 17:02,0.0015,OK,정상,1,0,0,0,정상,
2026-05-09 16:33,2026-05-09 17:03,0.0011,OK,정상,1,0,0,0,정상,
2026-05-09 16:34,2026-05-09 17:04,0.0014,OK,정상,1,0,0,0,정상,
2026-05-09 16:35,2026-05-09 17:05,0.0014,OK,정상,1,0,0,0,정상,
2026-05-09 16:36,2026-05-09 17:06,0.0014,OK,정상,1,0,0,0,정상,
2026-05-09 16:37,2026-05-09 17:07,0.0014,OK,정상,1,0,0,0,정상,
2026-05-09 16:38,2026-05-09 17:08,0.0017,OK,정상,1,0,0,0,정상,
2026-05-09 16:39,2026-05-09 17:09,0.0019,OK,정상,1,0,0,0,정상,
2026-05-09 16:40,2026-05-09 17:10,0.0018,OK,정상,1,0,0,0,정상,
2026-05-09 16:41,2026-05-09 17:11,0.0019,OK,정상,1,0,0,0,정상,
2026-05-09 16:42,2026-05-09 17:12,0.0017,OK,정상,1,0,0,0,정상,
2026-05-09 16:43,2026-05-09 17:13,0.0022,OK,정상,1,0,0,0,정상,
2026-05-09 16:44,2026-05-09 17:14,0.0019,OK,정상,0,0,0,0,정상,
2026-05-09 16:45,2026-05-09 17:15,0.0016,OK,정상,0,0,0,0,정상,
2026-05-09 16:46,2026-05-09 17:16,0.0013,OK,정상,0,0,0,0,정상,
2026-05-09 16:47,2026-05-09 17:17,0.0016,OK,정상,0,0,0,0,정상,
2026-05-09 16:48,2026-05-09 17:18,0.0008,OK,정상,0,0,0,0,정상,
2026-05-09 16:49,2026-05-09 17:19,0.0015,OK,정상,0,0,0,0,정상,
2026-05-09 16:50,2026-05-09 17:20,0.0014,OK,정상,0,0,0,0,정상,
2026-05-09 16:51,2026-05-09 17:21,0.001,OK,정상,0,0,0,0,정상,
2026-05-09 16:52,2026-05-09 17:22,0.001,OK,정상,0,0,0,0,정상,
2026-05-09 16:53,2026-05-09 17:23,0.0012,OK,정상,0,0,0,0,정상,
2026-05-09 16:54,2026-05-09 17:24,0.0012,OK,정상,0,0,0,0,정상,
2026-05-09 16:55,2026-05-09 17:25,0.0012,OK,정상,0,0,0,0,정상,
2026-05-09 16:56,2026-05-09 17:26,0.0013,OK,정상,1,0,0,0,정상,
2026-05-09 16:57,2026-05-09 17:27,0.0013,OK,정상,1,0,0,0,정상,
2026-05-09 16:58,2026-05-09 17:28,0.0011,OK,정상,1,0,0,0,정상,
2026-05-09 16:59,2026-05-09 17:29,0.0011,OK,정상,1,0,0,0,정상,
2026-05-09 17:00,2026-05-09 17:30,0.0014,OK,정상,1,0,0,0,정상,
2026-05-09 17:01,2026-05-09 17:31,0.001,OK,정상,1,0,0,0,정상,
2026-05-09 17:02,2026-05-09 17:32,0.0013,OK,정상,1,0,0,0,정상,
2026-05-09 17:03,2026-05-09 17:33,0.0011,OK,정상,1,0,0,0,정상,
2026-05-09 17:04,2026-05-09 17:34,0.0011,OK,정상,1,0,0,0,정상,
2026-05-09 17:05,2026-05-09 17:35,0.0016,OK,정상,1,0,0,0,정상,
2026-05-09 17:06,2026-05-09 17:36,0.0013,OK,정상,1,0,0,0,정상,
2026-05-09 17:07,2026-05-09 17:37,0.0015,OK,정상,1,0,0,0,정상,
2026-05-09 17:08,2026-05-09 17:38,0.0015,OK,정상,1,1,0,0,정상,
2026-05-09 17:09,2026-05-09 17:39,0.0013,OK,정상,1,1,0,0,정상,
2026-05-09 17:10,2026-05-09 17:40,0.0014,OK,정상,1,0,0,0,정상,
2026-05-09 17:11,2026-05-09 17:41,0.0017,OK,정상,1,1,0,0,정상,
2026-05-09 17:12,2026-05-09 17:42,0.0018,OK,정상,1,0,0,0,정상,
2026-05-09 17:13,2026-05-09 17:43,0.0017,OK,정상,1,0,0,0,정상,
2026-05-09 17:14,2026-05-09 17:44,0.0014,OK,정상,1,0,0,0,정상,
2026-05-09 17:15,2026-05-09 17:45,0.0018,OK,정상,1,0,0,0,정상,
2026-05-09 17:16,2026-05-09 17:46,0.0018,OK,정상,1,0,0,0,정상,
2026-05-09 17:17,2026-05-09 17:47,0.0016,OK,정상,1,0,0,0,정상,
2026-05-09 17:18,2026-05-09 17:48,0.0013,OK,정상,1,0,0,0,정상,
2026-05-09 17:19,2026-05-09 17:49,0.0012,OK,정상,1,0,0,0,정상,
2026-05-09 17:20,2026-05-09 17:50,0.0011,OK,정상,1,0,0,0,정상,
2026-05-09 17:21,2026-05-09 17:51,0.0012,OK,정상,1,0,0,0,정상,
2026-05-09 17:22,2026-05-09 17:52,0.0017,OK,정상,1,0,0,0,정상,
2026-05-09 17:23,2026-05-09 17:53,0.0017,OK,정상,1,0,0,0,정상,
2026-05-09 17:24,2026-05-09 17:54,0.0016,OK,정상,1,0,0,0,정상,
2026-05-09 17:25,2026-05-09 17:55,0.0015,OK,정상,1,0,0,0,정상,
2026-05-09 17:26,2026-05-09 17:56,0.0015,OK,정상,0,0,0,0,정상,
2026-05-09 17:27,2026-05-09 17:57,0.0014,OK,정상,1,0,0,0,정상,
2026-05-09 17:28,2026-05-09 17:58,0.0008,OK,정상,0,0,0,0,정상,
2026-05-09 17:29,2026-05-09 17:59,0.0014,OK,정상,1,0,0,0,정상,
2026-05-09 17:30,2026-05-09 18:00,0.0015,OK,정상,0,1,0,0,정상,
2026-05-09 17:31,2026-05-09 18:01,0.0015,OK,정상,0,0,0,0,정상,
2026-05-09 17:32,2026-05-09 18:02,0.0018,OK,정상,0,0,0,0,정상,
2026-05-09 17:33,2026-05-09 18:03,0.002,OK,정상,0,0,0,0,정상,
2026-05-09 17:34,2026-05-09 18:04,0.0024,OK,정상,0,0,0,0,정상,
2026-05-09 17:35,2026-05-09 18:05,0.0016,OK,정상,0,0,0,0,정상,
2026-05-09 17:36,2026-05-09 18:06,0.0016,OK,정상,0,0,0,0,정상,
2026-05-09 17:37,2026-05-09 18:07,0.0024,OK,정상,0,0,0,0,정상,
2026-05-09 17:38,2026-05-09 18:08,0.0017,OK,정상,0,0,0,0,정상,
2026-05-09 17:39,2026-05-09 18:09,0.0019,OK,정상,0,0,0,0,정상,
2026-05-09 17:40,2026-05-09 18:10,0.0029,OK,정상,0,0,0,0,정상,
2026-05-09 17:41,2026-05-09 18:11,0.0025,OK,정상,0,0,0,0,정상,
2026-05-09 17:42,2026-05-09 18:12,0.0024,OK,정상,0,0,0,0,정상,
2026-05-09 17:43,2026-05-09 18:13,0.0019,OK,정상,0,0,0,0,정상,
2026-05-09 17:44,2026-05-09 18:14,0.0021,OK,정상,0,0,0,0,정상,
2026-05-09 17:45,2026-05-09 18:15,0.0026,OK,정상,0,0,0,0,정상,
2026-05-09 17:46,2026-05-09 18:16,0.0027,OK,정상,0,0,0,0,정상,
2026-05-09 17:47,2026-05-09 18:17,0.0025,OK,정상,1,0,0,0,정상,
2026-05-09 17:48,2026-05-09 18:18,0.0024,OK,정상,1,0,0,0,정상,
2026-05-09 17:49,2026-05-09 18:19,0.0016,OK,정상,1,0,0,0,정상,
2026-05-09 17:50,2026-05-09 18:20,0.0013,OK,정상,1,0,0,0,정상,
2026-05-09 17:51,2026-05-09 18:21,0.0014,OK,정상,1,0,0,0,정상,
2026-05-09 17:52,2026-05-09 18:22,0.0024,OK,정상,1,0,0,0,정상,
2026-05-09 17:53,2026-05-09 18:23,0.0022,OK,정상,1,0,0,0,정상,
2026-05-09 17:54,2026-05-09 18:24,0.0034,OK,정상,1,0,0,0,정상,
2026-05-09 17:55,2026-05-09 18:25,0.0029,OK,정상,0,0,0,0,정상,
2026-05-09 17:56,2026-05-09 18:26,0.0049,OK,정상,1,0,0,0,정상,
2026-05-09 17:57,2026-05-09 18:27,0.0097,OK,정상,1,0,0,0,정상,
2026-05-09 17:58,2026-05-09 18:28,0.014,OK,정상,1,0,0,0,정상,
2026-05-09 17:59,2026-05-09 18:29,0.0219,OK,정상,1,0,0,0,정상,
2026-05-09 18:00,2026-05-09 18:30,0.0228,OK,정상,1,1,0,0,정상,
2026-05-09 18:01,2026-05-09 18:31,0.0093,OK,정상,1,0,0,0,정상,
2026-05-09 18:02,2026-05-09 18:32,0.0379,OK,정상,1,0,0,0,정상,
2026-05-09 18:03,2026-05-09 18:33,0.031,OK,정상,1,0,0,0,정상,
2026-05-09 18:04,2026-05-09 18:34,0.0334,OK,정상,1,0,0,0,정상,
2026-05-09 18:05,2026-05-09 18:35,0.091,OK,정상,1,0,0,0,정상,
2026-05-09 18:06,2026-05-09 18:36,0.1356,OK,정상,1,0,0,0,정상,
2026-05-09 18:07,2026-05-09 18:37,0.2076,OK,정상,1,0,0,0,정상,
2026-05-09 18:08,2026-05-09 18:38,0.3,OK,정상,1,0,0,0,정상,
2026-05-09 18:09,2026-05-09 18:39,0.3187,INFO,주의,1,0,0,0,정상,
2026-05-09 18:10,2026-05-09 18:40,0.2188,OK,정상,1,0,0,0,정상,
2026-05-09 18:11,2026-05-09 18:41,0.0841,OK,정상,1,0,0,0,정상,
2026-05-09 18:12,2026-05-09 18:42,0.1268,OK,정상,1,0,0,0,정상,
2026-05-09 18:13,2026-05-09 18:43,0.1893,OK,정상,1,0,0,0,정상,
2026-05-09 18:14,2026-05-09 18:44,0.1272,OK,정상,1,0,0,0,정상,
2026-05-09 18:15,2026-05-09 18:45,0.0819,OK,정상,1,0,0,0,정상,
2026-05-09 18:16,2026-05-09 18:46,0.1258,OK,정상,1,0,0,0,정상,
2026-05-09 18:17,2026-05-09 18:47,0.3556,INFO,주의,1,0,0,0,정상,
2026-05-09 18:18,2026-05-09 18:48,0.085,OK,정상,1,0,0,0,정상,
2026-05-09 18:19,2026-05-09 18:49,0.0835,OK,정상,1,0,0,0,정상,
2026-05-09 18:20,2026-05-09 18:50,0.1392,OK,정상,1,0,0,0,정상,
2026-05-09 18:21,2026-05-09 18:51,0.0775,OK,정상,1,0,0,0,정상,
2026-05-09 18:22,2026-05-09 18:52,0.1024,OK,정상,1,0,0,0,정상,
2026-05-09 18:23,2026-05-09 18:53,0.1661,OK,정상,1,0,0,0,정상,
2026-05-09 18:24,2026-05-09 18:54,0.1194,OK,정상,1,0,0,0,정상,
2026-05-09 18:25,2026-05-09 18:55,0.1383,OK,정상,1,0,0,0,정상,
2026-05-09 18:26,2026-05-09 18:56,0.0674,OK,정상,1,0,0,0,정상,
2026-05-09 18:27,2026-05-09 18:57,0.0586,OK,정상,1,0,0,0,정상,
2026-05-09 18:28,2026-05-09 18:58,0.25,OK,정상,1,0,0,0,정상,
2026-05-09 18:29,2026-05-09 18:59,0.2061,OK,정상,1,0,0,0,정상,
2026-05-09 18:30,2026-05-09 19:00,0.3604,INFO,주의,1,0,0,0,정상,
2026-05-09 18:31,2026-05-09 19:01,0.316,INFO,주의,1,0,0,0,정상,
2026-05-09 18:32,2026-05-09 19:02,0.241,OK,정상,1,1,0,0,정상,
2026-05-09 18:33,2026-05-09 19:03,0.3594,INFO,주의,1,1,0,0,정상,
2026-05-09 18:34,2026-05-09 19:04,0.3885,INFO,주의,1,1,0,0,정상,
2026-05-09 18:35,2026-05-09 19:05,0.6371,INFO,주의,1,0,0,0,정상,
2026-05-09 18:36,2026-05-09 19:06,0.5693,INFO,주의,1,1,0,0,정상,
2026-05-09 18:37,2026-05-09 19:07,0.3936,INFO,주의,1,0,0,0,정상,
2026-05-09 18:38,2026-05-09 19:08,0.5499,INFO,주의,1,0,0,0,정상,
2026-05-09 18:39,2026-05-09 19:09,0.7185,WARNING,경보,1,0,0,0,정상,
2026-05-09 18:40,2026-05-09 19:10,0.7457,WARNING,경보,1,0,0,0,정상,
2026-05-09 18:41,2026-05-09 19:11,0.7245,WARNING,경보,1,0,0,0,정상,
2026-05-09 18:42,2026-05-09 19:12,0.7848,WARNING,경보,1,0,0,0,정상,
2026-05-09 18:43,2026-05-09 19:13,0.6732,INFO,주의,1,0,0,0,정상,
2026-05-09 18:44,2026-05-09 19:14,0.7034,WARNING,경보,1,0,0,0,정상,
2026-05-09 18:45,2026-05-09 19:15,0.6598,INFO,주의,1,0,0,0,정상,
2026-05-09 18:46,2026-05-09 19:16,0.4491,INFO,주의,1,0,0,0,정상,
2026-05-09 18:47,2026-05-09 19:17,0.3296,INFO,주의,1,0,0,0,정상,
2026-05-09 18:48,2026-05-09 19:18,0.6359,INFO,주의,1,0,0,0,정상,
2026-05-09 18:49,2026-05-09 19:19,0.6165,INFO,주의,1,0,0,0,정상,
2026-05-09 18:50,2026-05-09 19:20,0.5911,INFO,주의,1,0,0,0,정상,
2026-05-09 18:51,2026-05-09 19:21,0.514,INFO,주의,1,0,0,0,정상,
2026-05-09 18:52,2026-05-09 19:22,0.3384,INFO,주의,1,1,0,0,정상,
2026-05-09 18:53,2026-05-09 19:23,0.4367,INFO,주의,1,1,0,0,정상,
2026-05-09 18:54,2026-05-09 19:24,0.2791,OK,정상,1,1,0,0,정상,
2026-05-09 18:55,2026-05-09 19:25,0.1289,OK,정상,1,1,0,0,정상,
2026-05-09 18:56,2026-05-09 19:26,0.2713,OK,정상,1,1,0,0,정상,
2026-05-09 18:57,2026-05-09 19:27,0.1791,OK,정상,1,1,0,0,정상,
2026-05-09 18:58,2026-05-09 19:28,0.228,OK,정상,1,1,0,0,정상,
2026-05-09 18:59,2026-05-09 19:29,0.1752,OK,정상,1,1,0,0,정상,
2026-05-09 19:00,2026-05-09 19:30,0.1546,OK,정상,1,1,0,0,정상,
2026-05-09 19:01,2026-05-09 19:31,0.1213,OK,정상,1,0,0,0,정상,
2026-05-09 19:02,2026-05-09 19:32,0.1745,OK,정상,1,0,0,0,정상,
2026-05-09 19:03,2026-05-09 19:33,0.1513,OK,정상,1,0,0,0,정상,
2026-05-09 19:04,2026-05-09 19:34,0.1408,OK,정상,1,0,0,0,정상,
2026-05-09 19:05,2026-05-09 19:35,0.0694,OK,정상,1,0,0,0,정상,
2026-05-09 19:06,2026-05-09 19:36,0.1832,OK,정상,1,0,0,0,정상,
2026-05-09 19:07,2026-05-09 19:37,0.0957,OK,정상,1,0,0,0,정상,
2026-05-09 19:08,2026-05-09 19:38,0.1543,OK,정상,1,0,0,0,정상,
2026-05-09 19:09,2026-05-09 19:39,0.0392,OK,정상,1,0,0,0,정상,
2026-05-09 19:10,2026-05-09 19:40,0.1761,OK,정상,1,0,0,0,정상,
2026-05-09 19:11,2026-05-09 19:41,0.1301,OK,정상,1,0,0,0,정상,
2026-05-09 19:12,2026-05-09 19:42,0.0976,OK,정상,1,0,0,0,정상,
2026-05-09 19:13,2026-05-09 19:43,0.1729,OK,정상,1,0,0,0,정상,
2026-05-09 19:14,2026-05-09 19:44,0.1461,OK,정상,1,1,0,0,정상,
2026-05-09 19:15,2026-05-09 19:45,0.056,OK,정상,1,1,0,0,정상,
2026-05-09 19:16,2026-05-09 19:46,0.1149,OK,정상,1,1,0,0,정상,
2026-05-09 19:17,2026-05-09 19:47,0.0411,OK,정상,1,1,0,0,정상,
2026-05-09 19:18,2026-05-09 19:48,0.0378,OK,정상,1,1,1,0,정상,
2026-05-09 19:19,2026-05-09 19:49,0.0647,OK,정상,1,1,1,0,정상,
2026-05-09 19:20,2026-05-09 19:50,0.1512,OK,정상,1,1,1,0,정상,
2026-05-09 19:21,2026-05-09 19:51,0.0624,OK,정상,1,1,0,0,정상,
2026-05-09 19:22,2026-05-09 19:52,0.0479,OK,정상,1,1,0,0,정상,
2026-05-09 19:23,2026-05-09 19:53,0.0953,OK,정상,1,1,0,0,정상,
2026-05-09 19:24,2026-05-09 19:54,0.1449,OK,정상,1,0,0,0,정상,
2026-05-09 19:25,2026-05-09 19:55,0.0843,OK,정상,1,0,0,0,정상,
2026-05-09 19:26,2026-05-09 19:56,0.0463,OK,정상,1,0,0,0,정상,
2026-05-09 19:27,2026-05-09 19:57,0.2398,OK,정상,1,0,0,0,정상,
2026-05-09 19:28,2026-05-09 19:58,0.3059,INFO,주의,1,0,0,0,정상,
2026-05-09 19:29,2026-05-09 19:59,0.2823,OK,정상,1,0,0,0,정상,
2026-05-09 19:30,2026-05-09 20:00,0.0892,OK,정상,1,0,0,0,정상,
2026-05-09 19:31,2026-05-09 20:01,0.1726,OK,정상,1,0,0,0,정상,
2026-05-09 19:32,2026-05-09 20:02,0.1767,OK,정상,1,0,0,0,정상,
2026-05-09 19:33,2026-05-09 20:03,0.1496,OK,정상,1,0,0,0,정상,
2026-05-09 19:34,2026-05-09 20:04,0.2003,OK,정상,1,0,0,0,정상,
2026-05-09 19:35,2026-05-09 20:05,0.1228,OK,정상,1,0,0,0,정상,
2026-05-09 19:36,2026-05-09 20:06,0.2042,OK,정상,1,0,0,0,정상,
2026-05-09 19:37,2026-05-09 20:07,0.1893,OK,정상,1,0,0,0,정상,
2026-05-09 19:38,2026-05-09 20:08,0.2753,OK,정상,1,0,0,0,정상,
2026-05-09 19:39,2026-05-09 20:09,0.1927,OK,정상,1,0,0,0,정상,
2026-05-09 19:40,2026-05-09 20:10,0.1907,OK,정상,1,0,0,0,정상,
2026-05-09 19:41,2026-05-09 20:11,0.2584,OK,정상,1,0,0,0,정상,
2026-05-09 19:42,2026-05-09 20:12,0.2371,OK,정상,1,0,0,0,정상,
2026-05-09 19:43,2026-05-09 20:13,0.2036,OK,정상,1,0,0,0,정상,
2026-05-09 19:44,2026-05-09 20:14,0.2557,OK,정상,1,0,0,0,정상,
2026-05-09 19:45,2026-05-09 20:15,0.2647,OK,정상,1,0,0,0,정상,
2026-05-09 19:46,2026-05-09 20:16,0.1715,OK,정상,1,0,0,0,정상,
2026-05-09 19:47,2026-05-09 20:17,0.0661,OK,정상,1,0,0,0,정상,
2026-05-09 19:48,2026-05-09 20:18,0.0564,OK,정상,1,0,0,0,정상,
2026-05-09 19:49,2026-05-09 20:19,0.0498,OK,정상,1,0,0,0,정상,
2026-05-09 19:50,2026-05-09 20:20,0.0288,OK,정상,0,0,0,0,정상,
2026-05-09 19:51,2026-05-09 20:21,0.0586,OK,정상,0,0,0,0,정상,
2026-05-09 19:52,2026-05-09 20:22,0.0374,OK,정상,1,0,0,0,정상,
2026-05-09 19:53,2026-05-09 20:23,0.1255,OK,정상,1,0,0,0,정상,
2026-05-09 19:54,2026-05-09 20:24,0.1059,OK,정상,0,0,0,0,정상,
2026-05-09 19:55,2026-05-09 20:25,0.0434,OK,정상,1,0,0,0,정상,
2026-05-09 19:56,2026-05-09 20:26,0.0472,OK,정상,1,0,0,0,정상,
2026-05-09 19:57,2026-05-09 20:27,0.1135,OK,정상,1,0,0,0,정상,
2026-05-09 19:58,2026-05-09 20:28,0.0944,OK,정상,1,0,0,0,정상,
2026-05-09 19:59,2026-05-09 20:29,0.0772,OK,정상,1,0,0,0,정상,
2026-05-09 20:00,2026-05-09 20:30,0.0697,OK,정상,1,0,0,0,정상,
2026-05-09 20:01,2026-05-09 20:31,0.0619,OK,정상,1,0,0,0,정상,
2026-05-09 20:02,2026-05-09 20:32,0.0287,OK,정상,1,0,0,0,정상,
2026-05-09 20:03,2026-05-09 20:33,0.0364,OK,정상,1,0,0,0,정상,
2026-05-09 20:04,2026-05-09 20:34,0.0304,OK,정상,1,0,0,0,정상,
2026-05-09 20:05,2026-05-09 20:35,0.0458,OK,정상,1,0,0,0,정상,
2026-05-09 20:06,2026-05-09 20:36,0.0859,OK,정상,1,0,0,0,정상,
2026-05-09 20:07,2026-05-09 20:37,0.1344,OK,정상,1,0,0,0,정상,
2026-05-09 20:08,2026-05-09 20:38,0.2027,OK,정상,1,0,0,0,정상,
2026-05-09 20:09,2026-05-09 20:39,0.2135,OK,정상,1,0,0,0,정상,
2026-05-09 20:10,2026-05-09 20:40,0.1557,OK,정상,1,0,0,0,정상,
2026-05-09 20:11,2026-05-09 20:41,0.1303,OK,정상,1,0,0,0,정상,
2026-05-09 20:12,2026-05-09 20:42,0.1817,OK,정상,1,0,0,0,정상,
2026-05-09 20:13,2026-05-09 20:43,0.207,OK,정상,1,0,0,0,정상,
2026-05-09 20:14,2026-05-09 20:44,0.0961,OK,정상,1,0,0,0,정상,
2026-05-09 20:15,2026-05-09 20:45,0.0473,OK,정상,1,0,0,0,정상,
2026-05-09 20:16,2026-05-09 20:46,0.0378,OK,정상,1,0,0,0,정상,
2026-05-09 20:17,2026-05-09 20:47,0.0436,OK,정상,1,0,0,0,정상,
2026-05-09 20:18,2026-05-09 20:48,0.0155,OK,정상,1,0,0,0,정상,
2026-05-09 20:19,2026-05-09 20:49,0.0154,OK,정상,1,0,0,0,정상,
2026-05-09 20:20,2026-05-09 20:50,0.0103,OK,정상,1,0,0,0,정상,
2026-05-09 20:21,2026-05-09 20:51,0.016,OK,정상,1,0,0,0,정상,
2026-05-09 20:22,2026-05-09 20:52,0.0135,OK,정상,1,0,0,0,정상,
2026-05-09 20:23,2026-05-09 20:53,0.0095,OK,정상,1,0,0,0,정상,
2026-05-09 20:24,2026-05-09 20:54,0.0044,OK,정상,1,0,0,0,정상,
2026-05-09 20:25,2026-05-09 20:55,0.0056,OK,정상,1,0,0,0,정상,
2026-05-09 20:26,2026-05-09 20:56,0.0043,OK,정상,1,0,0,0,정상,
2026-05-09 20:27,2026-05-09 20:57,0.0041,OK,정상,1,0,0,0,정상,
2026-05-09 20:28,2026-05-09 20:58,0.0045,OK,정상,1,0,0,0,정상,
2026-05-09 20:29,2026-05-09 20:59,0.0049,OK,정상,1,0,0,0,정상,
2026-05-09 20:30,2026-05-09 21:00,0.0035,OK,정상,1,0,0,0,정상,
2026-05-09 20:31,2026-05-09 21:01,0.002,OK,정상,1,0,0,0,정상,
2026-05-09 20:32,2026-05-09 21:02,0.0018,OK,정상,1,0,0,0,정상,
2026-05-09 20:33,2026-05-09 21:03,0.0024,OK,정상,1,0,0,0,정상,
2026-05-09 20:34,2026-05-09 21:04,0.0018,OK,정상,1,0,0,0,정상,
2026-05-09 20:35,2026-05-09 21:05,0.0022,OK,정상,1,0,0,0,정상,
2026-05-09 20:36,2026-05-09 21:06,0.002,OK,정상,1,0,0,0,정상,
2026-05-09 20:37,2026-05-09 21:07,0.0022,OK,정상,1,1,0,0,정상,
2026-05-09 20:38,2026-05-09 21:08,0.0023,OK,정상,1,1,0,0,정상,
2026-05-09 20:39,2026-05-09 21:09,0.0023,OK,정상,1,1,0,0,정상,
2026-05-09 20:40,2026-05-09 21:10,0.0024,OK,정상,1,1,0,0,정상,
2026-05-09 20:41,2026-05-09 21:11,0.0023,OK,정상,1,1,0,0,정상,
2026-05-09 20:42,2026-05-09 21:12,0.0029,OK,정상,1,0,0,0,정상,
2026-05-09 20:43,2026-05-09 21:13,0.0022,OK,정상,1,0,0,0,정상,
2026-05-09 20:44,2026-05-09 21:14,0.0026,OK,정상,1,0,0,0,정상,
2026-05-09 20:45,2026-05-09 21:15,0.0026,OK,정상,1,0,0,0,정상,
2026-05-09 20:46,2026-05-09 21:16,0.0025,OK,정상,1,0,0,0,정상,
2026-05-09 20:47,2026-05-09 21:17,0.0026,OK,정상,1,0,0,0,정상,
2026-05-09 20:48,2026-05-09 21:18,0.002,OK,정상,1,0,0,0,정상,
2026-05-09 20:49,2026-05-09 21:19,0.0018,OK,정상,1,0,0,0,정상,
2026-05-09 20:50,2026-05-09 21:20,0.0013,OK,정상,0,0,0,0,정상,
2026-05-09 20:51,2026-05-09 21:21,0.002,OK,정상,1,0,0,0,정상,
2026-05-09 20:52,2026-05-09 21:22,0.0021,OK,정상,0,0,0,0,정상,
2026-05-09 20:53,2026-05-09 21:23,0.002,OK,정상,1,0,0,0,정상,
2026-05-09 20:54,2026-05-09 21:24,0.0017,OK,정상,0,0,0,0,정상,
2026-05-09 20:55,2026-05-09 21:25,0.0023,OK,정상,1,0,0,0,정상,
2026-05-09 20:56,2026-05-09 21:26,0.0016,OK,정상,0,0,0,0,정상,
2026-05-09 20:57,2026-05-09 21:27,0.0018,OK,정상,1,0,0,0,정상,
2026-05-09 20:58,2026-05-09 21:28,0.0017,OK,정상,0,0,0,0,정상,
2026-05-09 20:59,2026-05-09 21:29,0.0013,OK,정상,1,0,0,0,정상,
2026-05-09 21:00,2026-05-09 21:30,0.0013,OK,정상,0,0,0,0,정상,
2026-05-09 21:01,2026-05-09 21:31,0.0039,OK,정상,1,0,0,0,정상,
2026-05-09 21:02,2026-05-09 21:32,0.0021,OK,정상,0,0,0,0,정상,
2026-05-09 21:03,2026-05-09 21:33,0.0032,OK,정상,1,0,0,0,정상,
2026-05-09 21:04,2026-05-09 21:34,0.0022,OK,정상,0,0,0,0,정상,
2026-05-09 21:05,2026-05-09 21:35,0.0025,OK,정상,1,0,0,0,정상,
2026-05-09 21:06,2026-05-09 21:36,0.0023,OK,정상,0,0,0,0,정상,
2026-05-09 21:07,2026-05-09 21:37,0.0033,OK,정상,1,0,0,0,정상,
2026-05-09 21:08,2026-05-09 21:38,0.0022,OK,정상,0,0,0,0,정상,
2026-05-09 21:09,2026-05-09 21:39,0.0049,OK,정상,1,0,0,0,정상,
2026-05-09 21:10,2026-05-09 21:40,0.0045,OK,정상,0,0,0,0,정상,
2026-05-09 21:11,2026-05-09 21:41,0.006,OK,정상,1,0,0,0,정상,
2026-05-09 21:12,2026-05-09 21:42,0.0051,OK,정상,0,0,0,0,정상,
2026-05-09 21:13,2026-05-09 21:43,0.0047,OK,정상,1,0,0,0,정상,
2026-05-09 21:14,2026-05-09 21:44,0.0067,OK,정상,0,0,0,0,정상,
2026-05-09 21:15,2026-05-09 21:45,0.0044,OK,정상,1,0,0,0,정상,
2026-05-09 21:16,2026-05-09 21:46,0.0044,OK,정상,0,0,0,0,정상,
2026-05-09 21:17,2026-05-09 21:47,0.0042,OK,정상,1,0,0,0,정상,
2026-05-09 21:18,2026-05-09 21:48,0.0043,OK,정상,0,0,0,0,정상,
2026-05-09 21:19,2026-05-09 21:49,0.004,OK,정상,1,0,0,0,정상,
2026-05-09 21:20,2026-05-09 21:50,0.0046,OK,정상,0,0,0,0,정상,
2026-05-09 21:21,2026-05-09 21:51,0.0041,OK,정상,1,0,0,0,정상,
2026-05-09 21:22,2026-05-09 21:52,0.0043,OK,정상,0,0,0,0,정상,
2026-05-09 21:23,2026-05-09 21:53,0.007,OK,정상,1,0,0,0,정상,
2026-05-09 21:24,2026-05-09 21:54,0.0046,OK,정상,0,0,0,0,정상,
2026-05-09 21:25,2026-05-09 21:55,0.004,OK,정상,1,0,0,0,정상,
2026-05-09 21:26,2026-05-09 21:56,0.0052,OK,정상,1,0,0,0,정상,
2026-05-09 21:27,2026-05-09 21:57,0.0072,OK,정상,1,0,0,0,정상,
2026-05-09 21:28,2026-05-09 21:58,0.006,OK,정상,1,0,0,0,정상,
2026-05-09 21:29,2026-05-09 21:59,0.0071,OK,정상,1,0,0,0,정상,
2026-05-09 21:30,2026-05-09 22:00,0.0108,OK,정상,1,1,0,0,정상,
2026-05-09 21:31,2026-05-09 22:01,0.005,OK,정상,1,0,0,0,정상,
2026-05-09 21:32,2026-05-09 22:02,0.0033,OK,정상,1,0,0,0,정상,
2026-05-09 21:33,2026-05-09 22:03,0.0019,OK,정상,1,0,0,0,정상,
2026-05-09 21:34,2026-05-09 22:04,0.002,OK,정상,1,0,0,0,정상,
2026-05-09 21:35,2026-05-09 22:05,0.0018,OK,정상,1,0,0,0,정상,
2026-05-09 21:36,2026-05-09 22:06,0.0004,OK,정상,1,0,0,0,정상,
2026-05-09 21:37,2026-05-09 22:07,0.0008,OK,정상,1,0,0,0,정상,
2026-05-09 21:38,2026-05-09 22:08,0.0011,OK,정상,1,0,0,0,정상,
2026-05-09 21:39,2026-05-09 22:09,0.0044,OK,정상,1,0,0,0,정상,
2026-05-09 21:40,2026-05-09 22:10,0.001,OK,정상,1,0,0,0,정상,
2026-05-09 21:41,2026-05-09 22:11,0.0009,OK,정상,1,0,0,0,정상,
2026-05-09 21:42,2026-05-09 22:12,0.0005,OK,정상,0,0,0,0,정상,
2026-05-09 21:43,2026-05-09 22:13,0.0012,OK,정상,1,1,0,0,정상,
2026-05-09 21:44,2026-05-09 22:14,0.0019,OK,정상,1,0,0,0,정상,
2026-05-09 21:45,2026-05-09 22:15,0.0016,OK,정상,1,0,0,0,정상,
2026-05-09 21:46,2026-05-09 22:16,0.0012,OK,정상,1,0,0,0,정상,
2026-05-09 21:47,2026-05-09 22:17,0.002,OK,정상,1,0,0,0,정상,
2026-05-09 21:48,2026-05-09 22:18,0.0023,OK,정상,1,0,0,0,정상,
2026-05-09 21:49,2026-05-09 22:19,0.0022,OK,정상,1,0,0,0,정상,
2026-05-09 21:50,2026-05-09 22:20,0.0026,OK,정상,1,1,0,0,정상,
2026-05-09 21:51,2026-05-09 22:21,0.0022,OK,정상,1,0,0,0,정상,
2026-05-09 21:52,2026-05-09 22:22,0.0017,OK,정상,1,0,0,0,정상,
2026-05-09 21:53,2026-05-09 22:23,0.0024,OK,정상,1,0,0,0,정상,
2026-05-09 21:54,2026-05-09 22:24,0.0019,OK,정상,1,0,0,0,정상,
2026-05-09 21:55,2026-05-09 22:25,0.0036,OK,정상,1,0,0,0,정상,
2026-05-09 21:56,2026-05-09 22:26,0.0019,OK,정상,1,0,0,0,정상,
2026-05-09 21:57,2026-05-09 22:27,0.0032,OK,정상,1,0,0,0,정상,
2026-05-09 21:58,2026-05-09 22:28,0.0026,OK,정상,1,0,0,0,정상,
2026-05-09 21:59,2026-05-09 22:29,0.0036,OK,정상,1,0,0,0,정상,
2026-05-09 22:00,2026-05-09 22:30,0.0019,OK,정상,1,0,0,0,정상,
2026-05-09 22:01,2026-05-09 22:31,0.0018,OK,정상,1,0,0,0,정상,
2026-05-09 22:02,2026-05-09 22:32,0.0019,OK,정상,1,0,0,0,정상,
2026-05-09 22:03,2026-05-09 22:33,0.0017,OK,정상,1,0,0,0,정상,
2026-05-09 22:04,2026-05-09 22:34,0.0024,OK,정상,1,0,0,0,정상,
2026-05-09 22:05,2026-05-09 22:35,0.0018,OK,정상,1,0,0,0,정상,
2026-05-09 22:06,2026-05-09 22:36,0.0019,OK,정상,1,0,0,0,정상,
2026-05-09 22:07,2026-05-09 22:37,0.0021,OK,정상,1,0,0,0,정상,
2026-05-09 22:08,2026-05-09 22:38,0.0022,OK,정상,1,0,0,0,정상,
2026-05-09 22:09,2026-05-09 22:39,0.0022,OK,정상,1,0,0,0,정상,
2026-05-09 22:10,2026-05-09 22:40,0.0022,OK,정상,1,0,0,0,정상,
2026-05-09 22:11,2026-05-09 22:41,0.0012,OK,정상,1,0,0,0,정상,
2026-05-09 22:12,2026-05-09 22:42,0.0011,OK,정상,1,0,0,0,정상,
2026-05-09 22:13,2026-05-09 22:43,0.0015,OK,정상,1,0,0,0,정상,
2026-05-09 22:14,2026-05-09 22:44,0.0012,OK,정상,0,0,0,0,정상,
2026-05-09 22:15,2026-05-09 22:45,0.0012,OK,정상,1,0,0,0,정상,
2026-05-09 22:16,2026-05-09 22:46,0.001,OK,정상,0,0,0,0,정상,
2026-05-09 22:17,2026-05-09 22:47,0.0013,OK,정상,1,0,0,0,정상,
2026-05-09 22:18,2026-05-09 22:48,0.0012,OK,정상,0,0,0,0,정상,
2026-05-09 22:19,2026-05-09 22:49,0.0014,OK,정상,1,0,0,0,정상,
2026-05-09 22:20,2026-05-09 22:50,0.0009,OK,정상,0,0,0,0,정상,
2026-05-09 22:21,2026-05-09 22:51,0.0014,OK,정상,1,0,0,0,정상,
2026-05-09 22:22,2026-05-09 22:52,0.0018,OK,정상,0,0,0,0,정상,
2026-05-09 22:23,2026-05-09 22:53,0.0018,OK,정상,1,0,0,0,정상,
2026-05-09 22:24,2026-05-09 22:54,0.0018,OK,정상,0,1,0,0,정상,
2026-05-09 22:25,2026-05-09 22:55,0.0019,OK,정상,0,1,0,0,정상,
2026-05-09 22:26,2026-05-09 22:56,0.0013,OK,정상,0,1,0,0,정상,
2026-05-09 22:27,2026-05-09 22:57,0.0015,OK,정상,0,1,0,0,정상,
2026-05-09 22:28,2026-05-09 22:58,0.0018,OK,정상,0,1,0,0,정상,
2026-05-09 22:29,2026-05-09 22:59,0.0012,OK,정상,0,1,0,0,정상,
2026-05-09 22:30,2026-05-09 23:00,0.0012,OK,정상,0,1,0,0,정상,
2026-05-09 22:31,2026-05-09 23:01,0.0024,OK,정상,0,1,0,0,정상,
2026-05-09 22:32,2026-05-09 23:02,0.0024,OK,정상,0,0,0,0,정상,
2026-05-09 22:33,2026-05-09 23:03,0.002,OK,정상,0,0,0,0,정상,
2026-05-09 22:34,2026-05-09 23:04,0.002,OK,정상,0,0,0,0,정상,
2026-05-09 22:35,2026-05-09 23:05,0.0025,OK,정상,0,0,0,0,정상,
2026-05-09 22:36,2026-05-09 23:06,0.0013,OK,정상,0,0,0,0,정상,
2026-05-09 22:37,2026-05-09 23:07,0.0091,OK,정상,1,0,0,0,정상,
2026-05-09 22:38,2026-05-09 23:08,0.0012,OK,정상,0,0,0,0,정상,
2026-05-09 22:39,2026-05-09 23:09,0.0014,OK,정상,1,0,0,0,정상,
2026-05-09 22:40,2026-05-09 23:10,0.0011,OK,정상,0,0,0,0,정상,
2026-05-09 22:41,2026-05-09 23:11,0.0019,OK,정상,1,0,0,0,정상,
2026-05-09 22:42,2026-05-09 23:12,0.0081,OK,정상,0,0,0,0,정상,
2026-05-09 22:43,2026-05-09 23:13,0.0085,OK,정상,1,0,0,0,정상,
2026-05-09 22:44,2026-05-09 23:14,0.0101,OK,정상,0,1,0,0,정상,
2026-05-09 22:45,2026-05-09 23:15,0.0047,OK,정상,1,1,0,0,정상,
2026-05-09 22:46,2026-05-09 23:16,0.0013,OK,정상,0,1,0,0,정상,
2026-05-09 22:47,2026-05-09 23:17,0.0019,OK,정상,1,1,0,0,정상,
2026-05-09 22:48,2026-05-09 23:18,0.0018,OK,정상,1,1,0,0,정상,
2026-05-09 22:49,2026-05-09 23:19,0.0013,OK,정상,1,1,0,0,정상,
2026-05-09 22:50,2026-05-09 23:20,0.0012,OK,정상,1,1,0,0,정상,
2026-05-09 22:51,2026-05-09 23:21,0.0016,OK,정상,1,0,0,0,정상,
2026-05-09 22:52,2026-05-09 23:22,0.0015,OK,정상,1,0,0,0,정상,
2026-05-09 22:53,2026-05-09 23:23,0.0012,OK,정상,1,0,0,0,정상,
2026-05-09 22:54,2026-05-09 23:24,0.0015,OK,정상,1,0,0,0,정상,
2026-05-09 22:55,2026-05-09 23:25,0.002,OK,정상,1,0,0,0,정상,
2026-05-09 22:56,2026-05-09 23:26,0.0026,OK,정상,1,0,0,0,정상,
2026-05-09 22:57,2026-05-09 23:27,0.0036,OK,정상,1,0,0,0,정상,
2026-05-09 22:58,2026-05-09 23:28,0.0032,OK,정상,1,0,0,0,정상,
2026-05-09 22:59,2026-05-09 23:29,0.0037,OK,정상,1,0,0,0,정상,
2026-05-09 23:00,2026-05-09 23:30,0.0031,OK,정상,1,0,0,0,정상,
2026-05-09 23:01,2026-05-09 23:31,0.0031,OK,정상,1,0,0,0,정상,
2026-05-09 23:02,2026-05-09 23:32,0.0034,OK,정상,1,0,0,0,정상,
2026-05-09 23:03,2026-05-09 23:33,0.0033,OK,정상,1,0,0,0,정상,
2026-05-09 23:04,2026-05-09 23:34,0.0027,OK,정상,1,0,0,0,정상,
2026-05-09 23:05,2026-05-09 23:35,0.005,OK,정상,1,0,0,0,정상,
2026-05-09 23:06,2026-05-09 23:36,0.0038,OK,정상,1,0,0,0,정상,
2026-05-09 23:07,2026-05-09 23:37,0.0035,OK,정상,1,0,0,0,정상,
2026-05-09 23:08,2026-05-09 23:38,0.0031,OK,정상,1,0,0,0,정상,
2026-05-09 23:09,2026-05-09 23:39,0.0048,OK,정상,1,0,0,0,정상,
2026-05-09 23:10,2026-05-09 23:40,0.0035,OK,정상,1,0,0,0,정상,
2026-05-09 23:11,2026-05-09 23:41,0.0041,OK,정상,1,0,0,0,정상,
2026-05-09 23:12,2026-05-09 23:42,0.0042,OK,정상,1,0,0,0,정상,
2026-05-09 23:13,2026-05-09 23:43,0.0043,OK,정상,1,0,0,0,정상,
2026-05-09 23:14,2026-05-09 23:44,0.0034,OK,정상,1,0,0,0,정상,
2026-05-09 23:15,2026-05-09 23:45,0.0042,OK,정상,1,0,0,0,정상,
2026-05-09 23:16,2026-05-09 23:46,0.0041,OK,정상,1,0,0,0,정상,
2026-05-09 23:17,2026-05-09 23:47,0.0048,OK,정상,1,0,0,0,정상,
2026-05-09 23:18,2026-05-09 23:48,0.0035,OK,정상,0,0,0,0,정상,
2026-05-09 23:19,2026-05-09 23:49,0.0036,OK,정상,1,0,0,0,정상,
2026-05-09 23:20,2026-05-09 23:50,0.003,OK,정상,0,0,0,0,정상,
2026-05-09 23:21,2026-05-09 23:51,0.0059,OK,정상,1,0,0,0,정상,
2026-05-09 23:22,2026-05-09 23:52,0.0058,OK,정상,1,0,0,0,정상,
2026-05-09 23:23,2026-05-09 23:53,0.0081,OK,정상,1,0,0,0,정상,
2026-05-09 23:24,2026-05-09 23:54,0.0066,OK,정상,1,0,0,0,정상,
2026-05-09 23:25,2026-05-09 23:55,0.0053,OK,정상,1,1,0,0,정상,
2026-05-09 23:26,2026-05-09 23:56,0.0036,OK,정상,1,1,0,0,정상,
2026-05-09 23:27,2026-05-09 23:57,0.0036,OK,정상,1,1,0,0,정상,
2026-05-09 23:28,2026-05-09 23:58,0.003,OK,정상,1,1,0,0,정상,
2026-05-09 23:29,2026-05-09 23:59,0.0036,OK,정상,1,1,0,0,정상,
2026-05-09 23:30,2026-05-10 0:00,0.0029,OK,정상,1,1,0,0,정상,
2026-05-09 23:31,2026-05-10 0:01,0.0036,OK,정상,1,1,0,0,정상,
2026-05-09 23:32,2026-05-10 0:02,0.0028,OK,정상,1,0,0,0,정상,
2026-05-09 23:33,2026-05-10 0:03,0.003,OK,정상,1,0,0,0,정상,
2026-05-09 23:34,2026-05-10 0:04,0.0023,OK,정상,1,0,0,0,정상,
2026-05-09 23:35,2026-05-10 0:05,0.0026,OK,정상,1,0,0,0,정상,
2026-05-09 23:36,2026-05-10 0:06,0.0028,OK,정상,1,0,0,0,정상,
2026-05-09 23:37,2026-05-10 0:07,0.003,OK,정상,1,0,0,0,정상,
2026-05-09 23:38,2026-05-10 0:08,0.0027,OK,정상,1,0,0,0,정상,
2026-05-09 23:39,2026-05-10 0:09,0.0033,OK,정상,1,0,0,0,정상,
2026-05-09 23:40,2026-05-10 0:10,0.0026,OK,정상,1,0,0,0,정상,
2026-05-09 23:41,2026-05-10 0:11,0.0018,OK,정상,1,0,0,0,정상,
2026-05-09 23:42,2026-05-10 0:12,0.0034,OK,정상,1,0,0,0,정상,
2026-05-09 23:43,2026-05-10 0:13,0.0028,OK,정상,1,0,0,0,정상,
2026-05-09 23:44,2026-05-10 0:14,0.0039,OK,정상,1,0,0,0,정상,
2026-05-09 23:45,2026-05-10 0:15,0.0035,OK,정상,1,0,0,0,정상,
2026-05-09 23:46,2026-05-10 0:16,0.0038,OK,정상,1,0,0,0,정상,
2026-05-09 23:47,2026-05-10 0:17,0.0023,OK,정상,1,0,0,0,정상,
2026-05-09 23:48,2026-05-10 0:18,0.0027,OK,정상,1,1,0,0,정상,
2026-05-09 23:49,2026-05-10 0:19,0.0035,OK,정상,1,1,0,0,정상,
2026-05-09 23:50,2026-05-10 0:20,0.0043,OK,정상,1,1,0,0,정상,
2026-05-09 23:51,2026-05-10 0:21,0.0039,OK,정상,1,1,0,0,정상,
2026-05-09 23:52,2026-05-10 0:22,0.0048,OK,정상,1,1,0,0,정상,
2026-05-09 23:53,2026-05-10 0:23,0.0021,OK,정상,1,1,0,0,정상,
2026-05-09 23:54,2026-05-10 0:24,0.0017,OK,정상,1,1,0,0,정상,
2026-05-09 23:55,2026-05-10 0:25,0.0026,OK,정상,1,1,0,0,정상,
2026-05-09 23:56,2026-05-10 0:26,0.002,OK,정상,1,1,0,0,정상,
2026-05-09 23:57,2026-05-10 0:27,0.0024,OK,정상,1,0,0,0,정상,
2026-05-09 23:58,2026-05-10 0:28,0.0026,OK,정상,1,0,0,0,정상,
2026-05-09 23:59,2026-05-10 0:29,0.003,OK,정상,1,0,0,0,정상,
2026-05-10 0:00,2026-05-10 0:30,0.0045,OK,정상,1,0,0,0,정상,
2026-05-10 0:01,2026-05-10 0:31,0.0033,OK,정상,1,0,0,0,정상,
2026-05-10 0:02,2026-05-10 0:32,0.0065,OK,정상,1,0,0,0,정상,
2026-05-10 0:03,2026-05-10 0:33,0.0069,OK,정상,1,0,0,0,정상,
2026-05-10 0:04,2026-05-10 0:34,0.0039,OK,정상,1,0,0,0,정상,
2026-05-10 0:05,2026-05-10 0:35,0.0056,OK,정상,1,0,0,0,정상,
2026-05-10 0:06,2026-05-10 0:36,0.0047,OK,정상,1,0,0,0,정상,
2026-05-10 0:07,2026-05-10 0:37,0.005,OK,정상,1,0,0,0,정상,
2026-05-10 0:08,2026-05-10 0:38,0.0064,OK,정상,0,0,0,0,정상,
2026-05-10 0:09,2026-05-10 0:39,0.0039,OK,정상,1,0,0,0,정상,
2026-05-10 0:10,2026-05-10 0:40,0.0035,OK,정상,0,0,0,0,정상,
2026-05-10 0:11,2026-05-10 0:41,0.0038,OK,정상,1,0,0,0,정상,
2026-05-10 0:12,2026-05-10 0:42,0.0063,OK,정상,0,0,0,0,정상,
2026-05-10 0:13,2026-05-10 0:43,0.0035,OK,정상,1,0,0,0,정상,
2026-05-10 0:14,2026-05-10 0:44,0.0036,OK,정상,1,0,0,0,정상,
2026-05-10 0:15,2026-05-10 0:45,0.0038,OK,정상,1,0,0,0,정상,
2026-05-10 0:16,2026-05-10 0:46,0.0042,OK,정상,1,0,0,0,정상,
2026-05-10 0:17,2026-05-10 0:47,0.0042,OK,정상,1,0,0,0,정상,
2026-05-10 0:18,2026-05-10 0:48,0.0036,OK,정상,1,0,0,0,정상,
2026-05-10 0:19,2026-05-10 0:49,0.0045,OK,정상,1,0,0,0,정상,
2026-05-10 0:20,2026-05-10 0:50,0.0044,OK,정상,0,0,0,0,정상,
2026-05-10 0:21,2026-05-10 0:51,0.005,OK,정상,1,0,0,0,정상,
2026-05-10 0:22,2026-05-10 0:52,0.0022,OK,정상,1,0,0,0,정상,
2026-05-10 0:23,2026-05-10 0:53,0.0025,OK,정상,1,0,0,0,정상,
2026-05-10 0:24,2026-05-10 0:54,0.0025,OK,정상,1,0,0,0,정상,
2026-05-10 0:25,2026-05-10 0:55,0.0022,OK,정상,1,0,0,0,정상,
2026-05-10 0:26,2026-05-10 0:56,0.0042,OK,정상,1,0,0,0,정상,
2026-05-10 0:27,2026-05-10 0:57,0.0016,OK,정상,1,0,0,0,정상,
2026-05-10 0:28,2026-05-10 0:58,0.0012,OK,정상,1,0,0,0,정상,
2026-05-10 0:29,2026-05-10 0:59,0.0043,OK,정상,1,0,0,0,정상,
2026-05-10 0:30,2026-05-10 1:00,0.0034,OK,정상,1,0,0,0,정상,
2026-05-10 0:31,2026-05-10 1:01,0.0028,OK,정상,1,0,0,0,정상,
2026-05-10 0:32,2026-05-10 1:02,0.0025,OK,정상,1,0,0,0,정상,
2026-05-10 0:33,2026-05-10 1:03,0.0022,OK,정상,1,0,0,0,정상,
2026-05-10 0:34,2026-05-10 1:04,0.004,OK,정상,1,1,0,0,정상,
2026-05-10 0:35,2026-05-10 1:05,0.0052,OK,정상,1,1,0,0,정상,
2026-05-10 0:36,2026-05-10 1:06,0.0037,OK,정상,1,0,0,0,정상,
2026-05-10 0:37,2026-05-10 1:07,0.0022,OK,정상,1,1,0,0,정상,
2026-05-10 0:38,2026-05-10 1:08,0.0019,OK,정상,1,1,0,0,정상,
2026-05-10 0:39,2026-05-10 1:09,0.0017,OK,정상,1,0,0,0,정상,
2026-05-10 0:40,2026-05-10 1:10,0.0011,OK,정상,1,0,0,0,정상,
2026-05-10 0:41,2026-05-10 1:11,0.0022,OK,정상,1,0,0,0,정상,
2026-05-10 0:42,2026-05-10 1:12,0.0013,OK,정상,1,0,0,0,정상,
2026-05-10 0:43,2026-05-10 1:13,0.0017,OK,정상,1,0,0,0,정상,
2026-05-10 0:44,2026-05-10 1:14,0.0032,OK,정상,1,0,0,0,정상,
2026-05-10 0:45,2026-05-10 1:15,0.0032,OK,정상,1,0,0,0,정상,
2026-05-10 0:46,2026-05-10 1:16,0.0022,OK,정상,1,0,0,0,정상,
2026-05-10 0:47,2026-05-10 1:17,0.0057,OK,정상,1,0,0,0,정상,
2026-05-10 0:48,2026-05-10 1:18,0.0032,OK,정상,1,0,0,0,정상,
2026-05-10 0:49,2026-05-10 1:19,0.0331,OK,정상,1,0,0,0,정상,
2026-05-10 0:50,2026-05-10 1:20,0.0234,OK,정상,1,1,0,0,정상,
2026-05-10 0:51,2026-05-10 1:21,0.0469,OK,정상,1,0,0,0,정상,
2026-05-10 0:52,2026-05-10 1:22,0.0376,OK,정상,1,0,0,0,정상,
2026-05-10 0:53,2026-05-10 1:23,0.1126,OK,정상,1,0,0,0,정상,
2026-05-10 0:54,2026-05-10 1:24,0.036,OK,정상,1,0,0,0,정상,
2026-05-10 0:55,2026-05-10 1:25,0.0382,OK,정상,1,0,0,0,정상,
2026-05-10 0:56,2026-05-10 1:26,0.0312,OK,정상,1,0,0,0,정상,
2026-05-10 0:57,2026-05-10 1:27,0.0547,OK,정상,1,0,0,0,정상,
2026-05-10 0:58,2026-05-10 1:28,0.041,OK,정상,1,0,0,0,정상,
2026-05-10 0:59,2026-05-10 1:29,0.0686,OK,정상,1,0,0,0,정상,
2026-05-10 1:00,2026-05-10 1:30,0.0526,OK,정상,1,0,0,0,정상,
2026-05-10 1:01,2026-05-10 1:31,0.0908,OK,정상,1,0,0,0,정상,
2026-05-10 1:02,2026-05-10 1:32,0.0872,OK,정상,1,0,0,0,정상,
2026-05-10 1:03,2026-05-10 1:33,0.1295,OK,정상,1,0,0,0,정상,
2026-05-10 1:04,2026-05-10 1:34,0.0733,OK,정상,1,0,0,0,정상,
2026-05-10 1:05,2026-05-10 1:35,0.139,OK,정상,1,0,0,0,정상,
2026-05-10 1:06,2026-05-10 1:36,0.0841,OK,정상,1,0,0,0,정상,
2026-05-10 1:07,2026-05-10 1:37,0.1497,OK,정상,1,0,0,0,정상,
2026-05-10 1:08,2026-05-10 1:38,0.2329,OK,정상,1,1,0,0,정상,
2026-05-10 1:09,2026-05-10 1:39,0.177,OK,정상,1,1,0,0,정상,
2026-05-10 1:10,2026-05-10 1:40,0.2512,OK,정상,1,0,0,0,정상,
2026-05-10 1:11,2026-05-10 1:41,0.27,OK,정상,1,0,0,0,정상,
2026-05-10 1:12,2026-05-10 1:42,0.1071,OK,정상,1,0,0,0,정상,
2026-05-10 1:13,2026-05-10 1:43,0.1317,OK,정상,1,0,0,0,정상,
2026-05-10 1:14,2026-05-10 1:44,0.1875,OK,정상,1,0,0,0,정상,
2026-05-10 1:15,2026-05-10 1:45,0.1924,OK,정상,1,0,0,0,정상,
2026-05-10 1:16,2026-05-10 1:46,0.249,OK,정상,1,0,0,0,정상,
2026-05-10 1:17,2026-05-10 1:47,0.3408,INFO,주의,1,0,0,0,정상,
2026-05-10 1:18,2026-05-10 1:48,0.5523,INFO,주의,1,0,0,0,정상,
2026-05-10 1:19,2026-05-10 1:49,0.5876,INFO,주의,1,0,0,0,정상,
2026-05-10 1:20,2026-05-10 1:50,0.4286,INFO,주의,1,0,0,0,정상,
2026-05-10 1:21,2026-05-10 1:51,0.6683,INFO,주의,1,0,0,0,정상,
2026-05-10 1:22,2026-05-10 1:52,0.8192,WARNING,경보,1,0,0,0,정상,
2026-05-10 1:23,2026-05-10 1:53,0.7187,WARNING,경보,1,0,0,0,정상,
2026-05-10 1:24,2026-05-10 1:54,0.8138,WARNING,경보,1,0,0,0,정상,
2026-05-10 1:25,2026-05-10 1:55,0.8304,WARNING,경보,1,0,0,0,정상,
2026-05-10 1:26,2026-05-10 1:56,0.9549,CRITICAL,위험,1,0,0,0,정상,
2026-05-10 1:27,2026-05-10 1:57,0.9234,CRITICAL,위험,1,1,0,0,정상,
2026-05-10 1:28,2026-05-10 1:58,0.8741,CRITICAL,위험,1,1,0,0,정상,
2026-05-10 1:29,2026-05-10 1:59,0.9118,CRITICAL,위험,1,1,0,0,정상,
2026-05-10 1:30,2026-05-10 2:00,0.9212,CRITICAL,위험,1,1,0,0,정상,
2026-05-10 1:31,2026-05-10 2:01,0.9066,CRITICAL,위험,1,1,0,0,정상,
2026-05-10 1:32,2026-05-10 2:02,0.9509,CRITICAL,위험,1,1,0,0,정상,
2026-05-10 1:33,2026-05-10 2:03,0.9411,CRITICAL,위험,1,0,0,0,정상,
2026-05-10 1:34,2026-05-10 2:04,0.9327,CRITICAL,위험,1,1,0,0,정상,
2026-05-10 1:35,2026-05-10 2:05,0.9369,CRITICAL,위험,1,1,0,0,정상,
2026-05-10 1:36,2026-05-10 2:06,0.9181,CRITICAL,위험,1,0,0,0,정상,
2026-05-10 1:37,2026-05-10 2:07,0.9681,CRITICAL,위험,1,0,0,0,정상,
2026-05-10 1:38,2026-05-10 2:08,0.9863,CRITICAL,위험,1,0,0,0,정상,
2026-05-10 1:39,2026-05-10 2:09,0.9835,CRITICAL,위험,1,0,0,0,정상,
2026-05-10 1:40,2026-05-10 2:10,0.9801,CRITICAL,위험,1,0,0,0,정상,
2026-05-10 1:41,2026-05-10 2:11,0.8266,WARNING,경보,1,0,0,0,정상,
2026-05-10 1:42,2026-05-10 2:12,0.9397,CRITICAL,위험,1,0,0,0,정상,
2026-05-10 1:43,2026-05-10 2:13,0.8238,WARNING,경보,1,0,0,0,정상,
2026-05-10 1:44,2026-05-10 2:14,0.875,CRITICAL,위험,1,0,0,0,정상,
2026-05-10 1:45,2026-05-10 2:15,0.8771,CRITICAL,위험,1,0,0,0,정상,
2026-05-10 1:46,2026-05-10 2:16,0.834,WARNING,경보,1,0,0,0,정상,
2026-05-10 1:47,2026-05-10 2:17,0.8382,WARNING,경보,1,0,0,0,정상,
2026-05-10 1:48,2026-05-10 2:18,0.8739,CRITICAL,위험,1,0,0,0,정상,
2026-05-10 1:49,2026-05-10 2:19,0.8265,WARNING,경보,1,0,1,0,정상,
2026-05-10 1:50,2026-05-10 2:20,0.8091,WARNING,경보,1,0,0,0,정상,
2026-05-10 1:51,2026-05-10 2:21,0.8218,WARNING,경보,1,0,0,0,정상,
2026-05-10 1:52,2026-05-10 2:22,0.8359,WARNING,경보,1,0,0,0,정상,
2026-05-10 1:53,2026-05-10 2:23,0.8322,WARNING,경보,1,1,1,0,정상,
2026-05-10 1:54,2026-05-10 2:24,0.5844,INFO,주의,1,0,1,0,정상,
2026-05-10 1:55,2026-05-10 2:25,0.8629,CRITICAL,위험,1,0,1,0,정상,
2026-05-10 1:56,2026-05-10 2:26,0.8004,WARNING,경보,1,0,1,0,정상,
2026-05-10 1:57,2026-05-10 2:27,0.7643,WARNING,경보,1,0,1,0,정상,
2026-05-10 1:58,2026-05-10 2:28,0.8607,CRITICAL,위험,1,0,1,0,정상,
2026-05-10 1:59,2026-05-10 2:29,0.8542,CRITICAL,위험,1,0,1,0,정상,
2026-05-10 2:00,2026-05-10 2:30,0.8444,WARNING,경보,1,0,0,0,정상,
2026-05-10 2:01,2026-05-10 2:31,0.7314,WARNING,경보,1,0,1,0,정상,
2026-05-10 2:02,2026-05-10 2:32,0.7521,WARNING,경보,1,0,1,0,정상,
2026-05-10 2:03,2026-05-10 2:33,0.9686,CRITICAL,위험,1,0,0,0,정상,
2026-05-10 2:04,2026-05-10 2:34,0.885,CRITICAL,위험,1,0,0,0,정상,
2026-05-10 2:05,2026-05-10 2:35,0.9174,CRITICAL,위험,1,0,0,0,정상,
2026-05-10 2:06,2026-05-10 2:36,0.9215,CRITICAL,위험,1,0,1,0,정상,
2026-05-10 2:07,2026-05-10 2:37,0.9268,CRITICAL,위험,1,0,1,0,정상,
2026-05-10 2:08,2026-05-10 2:38,0.9282,CRITICAL,위험,1,0,1,0,정상,
2026-05-10 2:09,2026-05-10 2:39,0.9179,CRITICAL,위험,1,0,0,0,정상,
2026-05-10 2:10,2026-05-10 2:40,0.9273,CRITICAL,위험,1,0,0,0,정상,
2026-05-10 2:11,2026-05-10 2:41,0.9778,CRITICAL,위험,1,0,0,0,정상,
2026-05-10 2:12,2026-05-10 2:42,0.9864,CRITICAL,위험,1,0,0,0,정상,
2026-05-10 2:13,2026-05-10 2:43,0.9873,CRITICAL,위험,1,0,0,0,정상,
2026-05-10 2:14,2026-05-10 2:44,0.9902,CRITICAL,위험,1,0,0,0,정상,
2026-05-10 2:15,2026-05-10 2:45,0.9829,CRITICAL,위험,1,0,0,0,정상,
2026-05-10 2:16,2026-05-10 2:46,0.9873,CRITICAL,위험,1,0,0,0,정상,
2026-05-10 2:17,2026-05-10 2:47,0.9851,CRITICAL,위험,1,0,0,0,정상,
2026-05-10 2:18,2026-05-10 2:48,0.9838,CRITICAL,위험,1,0,0,0,정상,
2026-05-10 2:19,2026-05-10 2:49,0.9834,CRITICAL,위험,1,0,0,0,정상,
2026-05-10 2:20,2026-05-10 2:50,0.9868,CRITICAL,위험,1,0,0,0,정상,
2026-05-10 2:21,2026-05-10 2:51,0.9643,CRITICAL,위험,1,0,0,0,정상,
2026-05-10 2:22,2026-05-10 2:52,0.9711,CRITICAL,위험,1,0,0,0,정상,
2026-05-10 2:23,2026-05-10 2:53,0.9342,CRITICAL,위험,1,0,0,0,정상,
2026-05-10 2:24,2026-05-10 2:54,0.9489,CRITICAL,위험,1,0,0,0,정상,
2026-05-10 2:25,2026-05-10 2:55,0.9059,CRITICAL,위험,1,0,0,0,정상,
2026-05-10 2:26,2026-05-10 2:56,0.7004,WARNING,경보,1,0,0,0,정상,
2026-05-10 2:27,2026-05-10 2:57,0.8156,WARNING,경보,1,0,0,0,정상,
2026-05-10 2:28,2026-05-10 2:58,0.8188,WARNING,경보,1,0,0,0,정상,
2026-05-10 2:29,2026-05-10 2:59,0.8576,CRITICAL,위험,1,0,0,0,정상,
2026-05-10 2:30,2026-05-10 3:00,0.795,WARNING,경보,1,0,0,0,정상,
2026-05-10 2:31,2026-05-10 3:01,0.7206,WARNING,경보,1,0,0,0,정상,
2026-05-10 2:32,2026-05-10 3:02,0.8577,CRITICAL,위험,1,0,0,0,정상,
2026-05-10 2:33,2026-05-10 3:03,0.7879,WARNING,경보,1,0,0,0,정상,
2026-05-10 2:34,2026-05-10 3:04,0.8363,WARNING,경보,1,0,0,0,정상,
2026-05-10 2:35,2026-05-10 3:05,0.6152,INFO,주의,1,0,0,0,정상,
2026-05-10 2:36,2026-05-10 3:06,0.8998,CRITICAL,위험,1,0,0,0,정상,
2026-05-10 2:37,2026-05-10 3:07,0.4207,INFO,주의,1,0,0,0,정상,
2026-05-10 2:38,2026-05-10 3:08,0.978,CRITICAL,위험,1,0,0,0,정상,
2026-05-10 2:39,2026-05-10 3:09,0.9757,CRITICAL,위험,1,0,0,0,정상,
2026-05-10 2:40,2026-05-10 3:10,0.9789,CRITICAL,위험,1,1,0,0,정상,
2026-05-10 2:41,2026-05-10 3:11,0.9842,CRITICAL,위험,1,1,1,0,정상,
2026-05-10 2:42,2026-05-10 3:12,0.9851,CRITICAL,위험,1,1,1,0,정상,
2026-05-10 2:43,2026-05-10 3:13,0.9838,CRITICAL,위험,1,1,1,0,정상,
2026-05-10 2:44,2026-05-10 3:14,0.9824,CRITICAL,위험,1,1,1,0,정상,
2026-05-10 2:45,2026-05-10 3:15,0.9836,CRITICAL,위험,1,1,1,0,정상,
2026-05-10 2:46,2026-05-10 3:16,0.985,CRITICAL,위험,1,1,1,0,정상,
2026-05-10 2:47,2026-05-10 3:17,0.9851,CRITICAL,위험,1,1,0,0,정상,
2026-05-10 2:48,2026-05-10 3:18,0.986,CRITICAL,위험,1,0,1,0,정상,
2026-05-10 2:49,2026-05-10 3:19,0.986,CRITICAL,위험,1,1,0,0,정상,
2026-05-10 2:50,2026-05-10 3:20,0.9861,CRITICAL,위험,1,0,1,0,정상,
2026-05-10 2:51,2026-05-10 3:21,0.9842,CRITICAL,위험,1,0,0,0,정상,
2026-05-10 2:52,2026-05-10 3:22,0.9857,CRITICAL,위험,1,0,0,0,정상,
2026-05-10 2:53,2026-05-10 3:23,0.9853,CRITICAL,위험,1,0,0,0,정상,
2026-05-10 2:54,2026-05-10 3:24,0.9846,CRITICAL,위험,1,0,0,0,정상,
2026-05-10 2:55,2026-05-10 3:25,0.9857,CRITICAL,위험,1,0,0,0,정상,
2026-05-10 2:56,2026-05-10 3:26,0.9862,CRITICAL,위험,1,0,0,0,정상,
2026-05-10 2:57,2026-05-10 3:27,0.9847,CRITICAL,위험,1,0,0,0,정상,
2026-05-10 2:58,2026-05-10 3:28,0.9847,CRITICAL,위험,1,0,0,0,정상,
2026-05-10 2:59,2026-05-10 3:29,0.9826,CRITICAL,위험,1,0,0,0,정상,
2026-05-10 3:00,2026-05-10 3:30,0.9854,CRITICAL,위험,1,0,0,0,정상,
2026-05-10 3:01,2026-05-10 3:31,0.987,CRITICAL,위험,1,0,0,0,정상,
2026-05-10 3:02,2026-05-10 3:32,0.9876,CRITICAL,위험,1,0,0,0,정상,
2026-05-10 3:03,2026-05-10 3:33,0.9861,CRITICAL,위험,1,0,0,0,정상,
2026-05-10 3:04,2026-05-10 3:34,0.9873,CRITICAL,위험,1,0,0,0,정상,
2026-05-10 3:05,2026-05-10 3:35,0.9841,CRITICAL,위험,1,0,0,0,정상,
2026-05-10 3:06,2026-05-10 3:36,0.9847,CRITICAL,위험,1,0,0,0,정상,
2026-05-10 3:07,2026-05-10 3:37,0.9856,CRITICAL,위험,1,0,0,0,정상,
2026-05-10 3:08,2026-05-10 3:38,0.9834,CRITICAL,위험,1,0,0,0,정상,
2026-05-10 3:09,2026-05-10 3:39,0.9831,CRITICAL,위험,1,0,0,0,정상,
2026-05-10 3:10,2026-05-10 3:40,0.9796,CRITICAL,위험,1,0,0,0,정상,
2026-05-10 3:11,2026-05-10 3:41,0.9799,CRITICAL,위험,1,0,0,0,정상,
2026-05-10 3:12,2026-05-10 3:42,0.984,CRITICAL,위험,1,0,0,0,정상,
2026-05-10 3:13,2026-05-10 3:43,0.9814,CRITICAL,위험,1,0,0,0,정상,
2026-05-10 3:14,2026-05-10 3:44,0.9839,CRITICAL,위험,1,1,0,0,정상,
2026-05-10 3:15,2026-05-10 3:45,0.981,CRITICAL,위험,1,1,0,0,정상,
2026-05-10 3:16,2026-05-10 3:46,0.9839,CRITICAL,위험,1,1,1,0,정상,
2026-05-10 3:17,2026-05-10 3:47,0.9841,CRITICAL,위험,1,1,1,0,정상,
2026-05-10 3:18,2026-05-10 3:48,0.9828,CRITICAL,위험,1,1,1,0,정상,
2026-05-10 3:19,2026-05-10 3:49,0.979,CRITICAL,위험,1,1,0,0,정상,
2026-05-10 3:20,2026-05-10 3:50,0.984,CRITICAL,위험,1,1,1,0,정상,
2026-05-10 3:21,2026-05-10 3:51,0.9803,CRITICAL,위험,1,1,1,0,정상,
2026-05-10 3:22,2026-05-10 3:52,0.9781,CRITICAL,위험,1,0,0,0,정상,
2026-05-10 3:23,2026-05-10 3:53,0.9727,CRITICAL,위험,1,0,1,0,정상,
2026-05-10 3:24,2026-05-10 3:54,0.974,CRITICAL,위험,1,0,1,0,정상,
2026-05-10 3:25,2026-05-10 3:55,0.9746,CRITICAL,위험,1,0,1,0,정상,
2026-05-10 3:26,2026-05-10 3:56,0.9781,CRITICAL,위험,1,0,1,0,정상,
2026-05-10 3:27,2026-05-10 3:57,0.9676,CRITICAL,위험,1,0,1,0,정상,
2026-05-10 3:28,2026-05-10 3:58,0.9754,CRITICAL,위험,1,0,1,0,정상,
2026-05-10 3:29,2026-05-10 3:59,0.974,CRITICAL,위험,1,0,1,0,정상,
2026-05-10 3:30,2026-05-10 4:00,0.9784,CRITICAL,위험,1,0,1,0,정상,
2026-05-10 3:31,2026-05-10 4:01,0.9834,CRITICAL,위험,1,0,1,0,정상,
2026-05-10 3:32,2026-05-10 4:02,0.9838,CRITICAL,위험,1,0,1,0,정상,
2026-05-10 3:33,2026-05-10 4:03,0.9831,CRITICAL,위험,1,0,1,0,정상,
2026-05-10 3:34,2026-05-10 4:04,0.9846,CRITICAL,위험,1,0,0,0,정상,
2026-05-10 3:35,2026-05-10 4:05,0.9833,CRITICAL,위험,1,0,0,0,정상,
2026-05-10 3:36,2026-05-10 4:06,0.9854,CRITICAL,위험,1,0,0,0,정상,
2026-05-10 3:37,2026-05-10 4:07,0.985,CRITICAL,위험,1,1,0,0,정상,
2026-05-10 3:38,2026-05-10 4:08,0.9803,CRITICAL,위험,1,1,0,0,정상,
2026-05-10 3:39,2026-05-10 4:09,0.9596,CRITICAL,위험,1,1,0,0,정상,
2026-05-10 3:40,2026-05-10 4:10,0.9807,CRITICAL,위험,1,1,1,0,정상,
2026-05-10 3:41,2026-05-10 4:11,0.9745,CRITICAL,위험,1,1,1,0,정상,
2026-05-10 3:42,2026-05-10 4:12,0.9604,CRITICAL,위험,1,1,0,0,정상,
2026-05-10 3:43,2026-05-10 4:13,0.9167,CRITICAL,위험,1,1,0,0,정상,
2026-05-10 3:44,2026-05-10 4:14,0.8876,CRITICAL,위험,1,1,1,0,정상,
2026-05-10 3:45,2026-05-10 4:15,0.962,CRITICAL,위험,1,1,1,0,정상,
2026-05-10 3:46,2026-05-10 4:16,0.9639,CRITICAL,위험,1,1,1,0,정상,
2026-05-10 3:47,2026-05-10 4:17,0.9624,CRITICAL,위험,1,0,0,0,정상,
2026-05-10 3:48,2026-05-10 4:18,0.9603,CRITICAL,위험,1,0,1,0,정상,
2026-05-10 3:49,2026-05-10 4:19,0.9591,CRITICAL,위험,1,0,1,0,정상,
2026-05-10 3:50,2026-05-10 4:20,0.9618,CRITICAL,위험,1,0,1,0,정상,
2026-05-10 3:51,2026-05-10 4:21,0.9578,CRITICAL,위험,1,0,0,0,정상,
2026-05-10 3:52,2026-05-10 4:22,0.9717,CRITICAL,위험,1,0,1,0,정상,
2026-05-10 3:53,2026-05-10 4:23,0.9778,CRITICAL,위험,1,0,1,0,정상,
2026-05-10 3:54,2026-05-10 4:24,0.9819,CRITICAL,위험,1,0,0,0,정상,
2026-05-10 3:55,2026-05-10 4:25,0.9846,CRITICAL,위험,1,0,0,0,정상,
2026-05-10 3:56,2026-05-10 4:26,0.9842,CRITICAL,위험,1,0,0,0,정상,
2026-05-10 3:57,2026-05-10 4:27,0.9833,CRITICAL,위험,1,0,0,0,정상,
2026-05-10 3:58,2026-05-10 4:28,0.9812,CRITICAL,위험,1,0,0,0,정상,
2026-05-10 3:59,2026-05-10 4:29,0.977,CRITICAL,위험,1,0,0,0,정상,
2026-05-10 4:00,2026-05-10 4:30,0.9774,CRITICAL,위험,1,0,0,0,정상,
2026-05-10 4:01,2026-05-10 4:31,0.9795,CRITICAL,위험,1,0,0,0,정상,
2026-05-10 4:02,2026-05-10 4:32,0.9816,CRITICAL,위험,1,1,0,0,정상,
2026-05-10 4:03,2026-05-10 4:33,0.9735,CRITICAL,위험,1,1,0,0,정상,
2026-05-10 4:04,2026-05-10 4:34,0.9743,CRITICAL,위험,1,1,1,0,정상,
2026-05-10 4:05,2026-05-10 4:35,0.9715,CRITICAL,위험,1,1,1,0,정상,
2026-05-10 4:06,2026-05-10 4:36,0.9766,CRITICAL,위험,1,1,1,0,정상,
2026-05-10 4:07,2026-05-10 4:37,0.9741,CRITICAL,위험,1,1,1,0,정상,
2026-05-10 4:08,2026-05-10 4:38,0.9829,CRITICAL,위험,1,1,1,0,정상,
2026-05-10 4:09,2026-05-10 4:39,0.9825,CRITICAL,위험,1,1,0,0,정상,
2026-05-10 4:10,2026-05-10 4:40,0.9842,CRITICAL,위험,1,1,0,0,정상,
2026-05-10 4:11,2026-05-10 4:41,0.9852,CRITICAL,위험,1,1,0,0,정상,
2026-05-10 4:12,2026-05-10 4:42,0.9787,CRITICAL,위험,1,0,0,0,정상,
2026-05-10 4:13,2026-05-10 4:43,0.9769,CRITICAL,위험,1,0,0,0,정상,
2026-05-10 4:14,2026-05-10 4:44,0.9853,CRITICAL,위험,1,0,0,0,정상,
2026-05-10 4:15,2026-05-10 4:45,0.9867,CRITICAL,위험,1,0,0,0,정상,
2026-05-10 4:16,2026-05-10 4:46,0.9849,CRITICAL,위험,1,0,0,0,정상,
2026-05-10 4:17,2026-05-10 4:47,0.983,CRITICAL,위험,1,0,0,0,정상,
2026-05-10 4:18,2026-05-10 4:48,0.9854,CRITICAL,위험,1,0,0,0,정상,
2026-05-10 4:19,2026-05-10 4:49,0.9872,CRITICAL,위험,1,0,0,0,정상,
2026-05-10 4:20,2026-05-10 4:50,0.9881,CRITICAL,위험,1,0,0,0,정상,
2026-05-10 4:21,2026-05-10 4:51,0.9846,CRITICAL,위험,1,0,0,0,정상,
2026-05-10 4:22,2026-05-10 4:52,0.9855,CRITICAL,위험,1,0,0,0,정상,
2026-05-10 4:23,2026-05-10 4:53,0.9861,CRITICAL,위험,1,0,1,0,정상,
2026-05-10 4:24,2026-05-10 4:54,0.9839,CRITICAL,위험,1,0,1,0,정상,
2026-05-10 4:25,2026-05-10 4:55,0.9836,CRITICAL,위험,1,0,1,0,정상,
2026-05-10 4:26,2026-05-10 4:56,0.9766,CRITICAL,위험,1,0,0,0,정상,
2026-05-10 4:27,2026-05-10 4:57,0.9831,CRITICAL,위험,1,0,0,0,정상,
2026-05-10 4:28,2026-05-10 4:58,0.9823,CRITICAL,위험,1,0,1,0,정상,
2026-05-10 4:29,2026-05-10 4:59,0.9837,CRITICAL,위험,1,0,1,0,정상,
2026-05-10 4:30,2026-05-10 5:00,0.9835,CRITICAL,위험,1,0,0,0,정상,
2026-05-10 4:31,2026-05-10 5:01,0.9813,CRITICAL,위험,1,0,1,0,정상,
2026-05-10 4:32,2026-05-10 5:02,0.9829,CRITICAL,위험,1,0,1,0,정상,
2026-05-10 4:33,2026-05-10 5:03,0.9859,CRITICAL,위험,1,0,1,0,정상,
2026-05-10 4:34,2026-05-10 5:04,0.9839,CRITICAL,위험,1,0,1,0,정상,
2026-05-10 4:35,2026-05-10 5:05,0.9859,CRITICAL,위험,1,0,1,0,정상,
2026-05-10 4:36,2026-05-10 5:06,0.9867,CRITICAL,위험,1,0,1,0,정상,
2026-05-10 4:37,2026-05-10 5:07,0.9863,CRITICAL,위험,1,0,1,0,정상,
2026-05-10 4:38,2026-05-10 5:08,0.9822,CRITICAL,위험,1,0,0,0,정상,
2026-05-10 4:39,2026-05-10 5:09,0.9812,CRITICAL,위험,1,0,1,0,정상,
2026-05-10 4:40,2026-05-10 5:10,0.9796,CRITICAL,위험,1,0,1,0,정상,
2026-05-10 4:41,2026-05-10 5:11,0.9803,CRITICAL,위험,1,0,0,0,정상,
2026-05-10 4:42,2026-05-10 5:12,0.9827,CRITICAL,위험,1,1,1,0,정상,
2026-05-10 4:43,2026-05-10 5:13,0.9847,CRITICAL,위험,1,1,0,0,정상,
2026-05-10 4:44,2026-05-10 5:14,0.9817,CRITICAL,위험,1,1,1,0,정상,
2026-05-10 4:45,2026-05-10 5:15,0.9818,CRITICAL,위험,1,1,1,0,정상,
2026-05-10 4:46,2026-05-10 5:16,0.979,CRITICAL,위험,1,1,1,0,정상,
2026-05-10 4:47,2026-05-10 5:17,0.9806,CRITICAL,위험,1,1,0,0,정상,
2026-05-10 4:48,2026-05-10 5:18,0.9824,CRITICAL,위험,1,1,0,0,정상,
2026-05-10 4:49,2026-05-10 5:19,0.9834,CRITICAL,위험,1,1,0,0,정상,
2026-05-10 4:50,2026-05-10 5:20,0.9826,CRITICAL,위험,1,1,0,0,정상,
2026-05-10 4:51,2026-05-10 5:21,0.9807,CRITICAL,위험,1,1,0,0,정상,
2026-05-10 4:52,2026-05-10 5:22,0.9798,CRITICAL,위험,1,1,0,0,정상,
2026-05-10 4:53,2026-05-10 5:23,0.9784,CRITICAL,위험,1,0,0,0,정상,
2026-05-10 4:54,2026-05-10 5:24,0.9782,CRITICAL,위험,1,0,1,0,정상,
2026-05-10 4:55,2026-05-10 5:25,0.9826,CRITICAL,위험,1,0,1,0,정상,
2026-05-10 4:56,2026-05-10 5:26,0.9802,CRITICAL,위험,1,0,0,0,정상,
2026-05-10 4:57,2026-05-10 5:27,0.9821,CRITICAL,위험,1,0,0,0,정상,
2026-05-10 4:58,2026-05-10 5:28,0.9796,CRITICAL,위험,1,0,0,0,정상,
2026-05-10 4:59,2026-05-10 5:29,0.974,CRITICAL,위험,1,0,0,0,정상,
2026-05-10 5:00,2026-05-10 5:30,0.9834,CRITICAL,위험,1,0,0,0,정상,
2026-05-10 5:01,2026-05-10 5:31,0.9839,CRITICAL,위험,1,0,0,0,정상,
2026-05-10 5:02,2026-05-10 5:32,0.9838,CRITICAL,위험,1,0,0,0,정상,
2026-05-10 5:03,2026-05-10 5:33,0.9819,CRITICAL,위험,1,0,0,0,정상,
2026-05-10 5:04,2026-05-10 5:34,0.9813,CRITICAL,위험,1,0,0,0,정상,
2026-05-10 5:05,2026-05-10 5:35,0.9812,CRITICAL,위험,1,0,0,0,정상,
2026-05-10 5:06,2026-05-10 5:36,0.9826,CRITICAL,위험,1,0,0,0,정상,
2026-05-10 5:07,2026-05-10 5:37,0.9769,CRITICAL,위험,1,0,0,0,정상,
2026-05-10 5:08,2026-05-10 5:38,0.9769,CRITICAL,위험,1,0,0,0,정상,
2026-05-10 5:09,2026-05-10 5:39,0.9758,CRITICAL,위험,1,0,0,0,정상,
2026-05-10 5:10,2026-05-10 5:40,0.9643,CRITICAL,위험,1,0,0,0,정상,
2026-05-10 5:11,2026-05-10 5:41,0.9685,CRITICAL,위험,1,0,0,0,정상,
2026-05-10 5:12,2026-05-10 5:42,0.9678,CRITICAL,위험,1,0,0,0,정상,
2026-05-10 5:13,2026-05-10 5:43,0.9667,CRITICAL,위험,1,0,0,0,정상,
2026-05-10 5:14,2026-05-10 5:44,0.9704,CRITICAL,위험,1,0,0,0,정상,
2026-05-10 5:15,2026-05-10 5:45,0.9698,CRITICAL,위험,1,0,0,0,정상,
2026-05-10 5:16,2026-05-10 5:46,0.9707,CRITICAL,위험,1,0,0,0,정상,
2026-05-10 5:17,2026-05-10 5:47,0.9779,CRITICAL,위험,1,0,0,0,정상,
2026-05-10 5:18,2026-05-10 5:48,0.9792,CRITICAL,위험,1,0,1,0,정상,
2026-05-10 5:19,2026-05-10 5:49,0.9824,CRITICAL,위험,1,0,1,0,정상,
2026-05-10 5:20,2026-05-10 5:50,0.9833,CRITICAL,위험,1,0,1,0,정상,
2026-05-10 5:21,2026-05-10 5:51,0.9802,CRITICAL,위험,1,0,1,0,정상,
2026-05-10 5:22,2026-05-10 5:52,0.9782,CRITICAL,위험,1,1,1,0,정상,
2026-05-10 5:23,2026-05-10 5:53,0.9809,CRITICAL,위험,1,1,1,0,정상,
2026-05-10 5:24,2026-05-10 5:54,0.9801,CRITICAL,위험,1,1,1,0,정상,
2026-05-10 5:25,2026-05-10 5:55,0.9727,CRITICAL,위험,1,1,1,0,정상,
2026-05-10 5:26,2026-05-10 5:56,0.9797,CRITICAL,위험,1,1,1,0,정상,
2026-05-10 5:27,2026-05-10 5:57,0.9822,CRITICAL,위험,1,1,1,0,정상,
2026-05-10 5:28,2026-05-10 5:58,0.9838,CRITICAL,위험,1,1,1,0,정상,
2026-05-10 5:29,2026-05-10 5:59,0.9867,CRITICAL,위험,1,1,1,0,정상,
2026-05-10 5:30,2026-05-10 6:00,0.9845,CRITICAL,위험,1,1,1,0,정상,
2026-05-10 5:31,2026-05-10 6:01,0.9839,CRITICAL,위험,1,1,1,0,정상,
2026-05-10 5:32,2026-05-10 6:02,0.9815,CRITICAL,위험,1,0,0,0,정상,
2026-05-10 5:33,2026-05-10 6:03,0.9787,CRITICAL,위험,1,0,1,0,정상,
2026-05-10 5:34,2026-05-10 6:04,0.9786,CRITICAL,위험,1,0,1,0,정상,
2026-05-10 5:35,2026-05-10 6:05,0.979,CRITICAL,위험,1,0,1,0,정상,
2026-05-10 5:36,2026-05-10 6:06,0.9794,CRITICAL,위험,1,0,1,0,정상,
2026-05-10 5:37,2026-05-10 6:07,0.9814,CRITICAL,위험,1,0,1,0,정상,
2026-05-10 5:38,2026-05-10 6:08,0.9809,CRITICAL,위험,1,0,0,0,정상,
2026-05-10 5:39,2026-05-10 6:09,0.9792,CRITICAL,위험,1,0,0,0,정상,
2026-05-10 5:40,2026-05-10 6:10,0.9733,CRITICAL,위험,1,0,0,0,정상,
2026-05-10 5:41,2026-05-10 6:11,0.9774,CRITICAL,위험,1,0,0,0,정상,
2026-05-10 5:42,2026-05-10 6:12,0.9678,CRITICAL,위험,1,0,0,0,정상,
2026-05-10 5:43,2026-05-10 6:13,0.9575,CRITICAL,위험,1,0,0,0,정상,
2026-05-10 5:44,2026-05-10 6:14,0.9678,CRITICAL,위험,1,0,0,0,정상,
2026-05-10 5:45,2026-05-10 6:15,0.972,CRITICAL,위험,1,0,0,0,정상,
2026-05-10 5:46,2026-05-10 6:16,0.9635,CRITICAL,위험,1,0,0,0,정상,
2026-05-10 5:47,2026-05-10 6:17,0.9689,CRITICAL,위험,1,0,1,0,정상,
2026-05-10 5:48,2026-05-10 6:18,0.9592,CRITICAL,위험,1,0,1,0,정상,
2026-05-10 5:49,2026-05-10 6:19,0.9764,CRITICAL,위험,1,0,0,0,정상,
2026-05-10 5:50,2026-05-10 6:20,0.9754,CRITICAL,위험,1,0,0,0,정상,
2026-05-10 5:51,2026-05-10 6:21,0.9779,CRITICAL,위험,1,0,1,0,정상,
2026-05-10 5:52,2026-05-10 6:22,0.9699,CRITICAL,위험,1,0,1,0,정상,
2026-05-10 5:53,2026-05-10 6:23,0.9765,CRITICAL,위험,1,0,1,0,정상,
2026-05-10 5:54,2026-05-10 6:24,0.9788,CRITICAL,위험,1,0,1,0,정상,
2026-05-10 5:55,2026-05-10 6:25,0.9804,CRITICAL,위험,1,0,0,0,정상,
2026-05-10 5:56,2026-05-10 6:26,0.9778,CRITICAL,위험,1,0,1,0,정상,
2026-05-10 5:57,2026-05-10 6:27,0.9801,CRITICAL,위험,1,0,1,0,정상,
2026-05-10 5:58,2026-05-10 6:28,0.9694,CRITICAL,위험,1,1,1,0,정상,
2026-05-10 5:59,2026-05-10 6:29,0.9676,CRITICAL,위험,1,1,1,0,정상,
2026-05-10 6:00,2026-05-10 6:30,0.9709,CRITICAL,위험,1,1,1,0,정상,
2026-05-10 6:01,2026-05-10 6:31,0.964,CRITICAL,위험,1,1,1,0,정상,
2026-05-10 6:02,2026-05-10 6:32,0.9718,CRITICAL,위험,1,1,0,0,정상,
2026-05-10 6:03,2026-05-10 6:33,0.9693,CRITICAL,위험,1,1,0,0,정상,
2026-05-10 6:04,2026-05-10 6:34,0.9747,CRITICAL,위험,1,1,0,0,정상,
2026-05-10 6:05,2026-05-10 6:35,0.9782,CRITICAL,위험,1,1,0,0,정상,
2026-05-10 6:06,2026-05-10 6:36,0.9711,CRITICAL,위험,1,0,1,0,정상,
2026-05-10 6:07,2026-05-10 6:37,0.9784,CRITICAL,위험,1,0,0,0,정상,
2026-05-10 6:08,2026-05-10 6:38,0.9459,CRITICAL,위험,1,0,0,0,정상,
2026-05-10 6:09,2026-05-10 6:39,0.8845,CRITICAL,위험,1,0,1,0,정상,
2026-05-10 6:10,2026-05-10 6:40,0.8867,CRITICAL,위험,1,0,1,0,정상,
2026-05-10 6:11,2026-05-10 6:41,0.8937,CRITICAL,위험,1,0,1,0,정상,
2026-05-10 6:12,2026-05-10 6:42,0.9473,CRITICAL,위험,1,0,0,0,정상,
2026-05-10 6:13,2026-05-10 6:43,0.9713,CRITICAL,위험,1,0,1,0,정상,
2026-05-10 6:14,2026-05-10 6:44,0.9048,CRITICAL,위험,1,0,0,0,정상,
2026-05-10 6:15,2026-05-10 6:45,0.9585,CRITICAL,위험,1,0,1,0,정상,
2026-05-10 6:16,2026-05-10 6:46,0.9599,CRITICAL,위험,1,0,1,0,정상,
2026-05-10 6:17,2026-05-10 6:47,0.9574,CRITICAL,위험,1,0,1,0,정상,
2026-05-10 6:18,2026-05-10 6:48,0.9694,CRITICAL,위험,1,0,1,0,정상,
2026-05-10 6:19,2026-05-10 6:49,0.9696,CRITICAL,위험,1,1,0,0,정상,
2026-05-10 6:20,2026-05-10 6:50,0.9676,CRITICAL,위험,1,0,0,0,정상,
2026-05-10 6:21,2026-05-10 6:51,0.9713,CRITICAL,위험,1,0,1,0,정상,
2026-05-10 6:22,2026-05-10 6:52,0.9639,CRITICAL,위험,1,0,1,0,정상,
2026-05-10 6:23,2026-05-10 6:53,0.968,CRITICAL,위험,1,0,0,0,정상,
2026-05-10 6:24,2026-05-10 6:54,0.9758,CRITICAL,위험,1,0,1,0,정상,
2026-05-10 6:25,2026-05-10 6:55,0.9752,CRITICAL,위험,1,0,1,0,정상,
2026-05-10 6:26,2026-05-10 6:56,0.9592,CRITICAL,위험,1,0,0,0,정상,
2026-05-10 6:27,2026-05-10 6:57,0.9642,CRITICAL,위험,1,0,1,0,정상,
2026-05-10 6:28,2026-05-10 6:58,0.956,CRITICAL,위험,1,0,1,0,정상,
2026-05-10 6:29,2026-05-10 6:59,0.965,CRITICAL,위험,1,0,1,0,정상,
2026-05-10 6:30,2026-05-10 7:00,0.9757,CRITICAL,위험,1,0,1,0,정상,
2026-05-10 6:31,2026-05-10 7:01,0.9791,CRITICAL,위험,1,0,1,0,정상,
2026-05-10 6:32,2026-05-10 7:02,0.9721,CRITICAL,위험,1,0,0,0,정상,
2026-05-10 6:33,2026-05-10 7:03,0.9594,CRITICAL,위험,1,0,0,0,정상,
2026-05-10 6:34,2026-05-10 7:04,0.9512,CRITICAL,위험,1,0,0,0,정상,
2026-05-10 6:35,2026-05-10 7:05,0.9436,CRITICAL,위험,1,0,0,0,정상,
2026-05-10 6:36,2026-05-10 7:06,0.931,CRITICAL,위험,1,0,0,0,정상,
2026-05-10 6:37,2026-05-10 7:07,0.9382,CRITICAL,위험,1,0,0,0,정상,
2026-05-10 6:38,2026-05-10 7:08,0.6827,INFO,주의,1,1,0,0,정상,
2026-05-10 6:39,2026-05-10 7:09,0.9234,CRITICAL,위험,1,0,0,0,정상,
2026-05-10 6:40,2026-05-10 7:10,0.9102,CRITICAL,위험,1,0,0,0,정상,
2026-05-10 6:41,2026-05-10 7:11,0.9151,CRITICAL,위험,1,0,0,0,정상,
2026-05-10 6:42,2026-05-10 7:12,0.9354,CRITICAL,위험,1,0,0,0,정상,
2026-05-10 6:43,2026-05-10 7:13,0.9592,CRITICAL,위험,1,0,0,0,정상,
2026-05-10 6:44,2026-05-10 7:14,0.9543,CRITICAL,위험,1,0,0,0,정상,
2026-05-10 6:45,2026-05-10 7:15,0.9491,CRITICAL,위험,1,0,1,0,정상,
2026-05-10 6:46,2026-05-10 7:16,0.7819,WARNING,경보,1,0,1,0,정상,
2026-05-10 6:47,2026-05-10 7:17,0.768,WARNING,경보,1,0,0,0,정상,
2026-05-10 6:48,2026-05-10 7:18,0.7935,WARNING,경보,1,0,0,0,정상,
2026-05-10 6:49,2026-05-10 7:19,0.9415,CRITICAL,위험,1,0,0,0,정상,
2026-05-10 6:50,2026-05-10 7:20,0.6593,INFO,주의,1,0,0,0,정상,
2026-05-10 6:51,2026-05-10 7:21,0.7201,WARNING,경보,1,0,0,0,정상,
2026-05-10 6:52,2026-05-10 7:22,0.6512,INFO,주의,1,1,0,0,정상,
2026-05-10 6:53,2026-05-10 7:23,0.6711,INFO,주의,1,1,0,0,정상,
2026-05-10 6:54,2026-05-10 7:24,0.8014,WARNING,경보,1,0,0,0,정상,
2026-05-10 6:55,2026-05-10 7:25,0.8846,CRITICAL,위험,1,0,0,0,정상,
2026-05-10 6:56,2026-05-10 7:26,0.8174,WARNING,경보,1,0,0,0,정상,
2026-05-10 6:57,2026-05-10 7:27,0.9049,CRITICAL,위험,1,0,0,0,정상,
2026-05-10 6:58,2026-05-10 7:28,0.863,CRITICAL,위험,1,0,1,0,정상,
2026-05-10 6:59,2026-05-10 7:29,0.9005,CRITICAL,위험,1,0,0,0,정상,
2026-05-10 7:00,2026-05-10 7:30,0.925,CRITICAL,위험,1,0,1,0,정상,
2026-05-10 7:01,2026-05-10 7:31,0.8897,CRITICAL,위험,1,0,1,0,정상,
2026-05-10 7:02,2026-05-10 7:32,0.9232,CRITICAL,위험,1,0,1,0,정상,
2026-05-10 7:03,2026-05-10 7:33,0.9438,CRITICAL,위험,1,0,1,0,정상,
2026-05-10 7:04,2026-05-10 7:34,0.957,CRITICAL,위험,1,0,1,0,정상,
2026-05-10 7:05,2026-05-10 7:35,0.951,CRITICAL,위험,1,0,1,0,정상,
2026-05-10 7:06,2026-05-10 7:36,0.9607,CRITICAL,위험,1,0,0,0,정상,
2026-05-10 7:07,2026-05-10 7:37,0.9628,CRITICAL,위험,1,0,0,0,정상,
2026-05-10 7:08,2026-05-10 7:38,0.9558,CRITICAL,위험,1,0,0,0,정상,
2026-05-10 7:09,2026-05-10 7:39,0.953,CRITICAL,위험,1,0,0,0,정상,
2026-05-10 7:10,2026-05-10 7:40,0.9476,CRITICAL,위험,1,0,0,0,정상,
2026-05-10 7:11,2026-05-10 7:41,0.9545,CRITICAL,위험,1,0,0,0,정상,
2026-05-10 7:12,2026-05-10 7:42,0.9372,CRITICAL,위험,1,0,0,0,정상,
2026-05-10 7:13,2026-05-10 7:43,0.9603,CRITICAL,위험,1,0,0,0,정상,
2026-05-10 7:14,2026-05-10 7:44,0.9461,CRITICAL,위험,1,0,0,0,정상,
2026-05-10 7:15,2026-05-10 7:45,0.9639,CRITICAL,위험,1,0,0,0,정상,
2026-05-10 7:16,2026-05-10 7:46,0.9674,CRITICAL,위험,1,0,0,0,정상,
2026-05-10 7:17,2026-05-10 7:47,0.968,CRITICAL,위험,1,0,0,0,정상,
2026-05-10 7:18,2026-05-10 7:48,0.9653,CRITICAL,위험,1,0,0,0,정상,
2026-05-10 7:19,2026-05-10 7:49,0.9679,CRITICAL,위험,1,1,0,0,정상,
2026-05-10 7:20,2026-05-10 7:50,0.9588,CRITICAL,위험,1,1,0,0,정상,
2026-05-10 7:21,2026-05-10 7:51,0.9527,CRITICAL,위험,1,1,0,0,정상,
2026-05-10 7:22,2026-05-10 7:52,0.9519,CRITICAL,위험,1,1,0,0,정상,
2026-05-10 7:23,2026-05-10 7:53,0.9493,CRITICAL,위험,1,1,0,0,정상,
2026-05-10 7:24,2026-05-10 7:54,0.9436,CRITICAL,위험,1,1,0,0,정상,
2026-05-10 7:25,2026-05-10 7:55,0.942,CRITICAL,위험,1,0,0,0,정상,
2026-05-10 7:26,2026-05-10 7:56,0.9402,CRITICAL,위험,1,0,0,0,정상,
2026-05-10 7:27,2026-05-10 7:57,0.8794,CRITICAL,위험,1,0,0,0,정상,
2026-05-10 7:28,2026-05-10 7:58,0.828,WARNING,경보,1,0,0,0,정상,
2026-05-10 7:29,2026-05-10 7:59,0.7511,WARNING,경보,1,0,0,0,정상,
2026-05-10 7:30,2026-05-10 8:00,0.7799,WARNING,경보,1,0,0,0,정상,
2026-05-10 7:31,2026-05-10 8:01,0.8189,WARNING,경보,1,0,0,0,정상,
2026-05-10 7:32,2026-05-10 8:02,0.8873,CRITICAL,위험,1,0,0,0,정상,
2026-05-10 7:33,2026-05-10 8:03,0.8909,CRITICAL,위험,1,0,0,0,정상,
2026-05-10 7:34,2026-05-10 8:04,0.8879,CRITICAL,위험,1,0,0,0,정상,
2026-05-10 7:35,2026-05-10 8:05,0.8791,CRITICAL,위험,1,0,0,0,정상,
2026-05-10 7:36,2026-05-10 8:06,0.8646,CRITICAL,위험,1,0,0,0,정상,
2026-05-10 7:37,2026-05-10 8:07,0.9191,CRITICAL,위험,1,0,0,0,정상,
2026-05-10 7:38,2026-05-10 8:08,0.9375,CRITICAL,위험,1,0,0,0,정상,
2026-05-10 7:39,2026-05-10 8:09,0.9242,CRITICAL,위험,1,0,0,0,정상,
2026-05-10 7:40,2026-05-10 8:10,0.9558,CRITICAL,위험,1,0,0,0,정상,
2026-05-10 7:41,2026-05-10 8:11,0.9609,CRITICAL,위험,1,0,0,0,정상,
2026-05-10 7:42,2026-05-10 8:12,0.9605,CRITICAL,위험,1,0,1,0,정상,
2026-05-10 7:43,2026-05-10 8:13,0.9421,CRITICAL,위험,1,0,0,0,정상,
2026-05-10 7:44,2026-05-10 8:14,0.9719,CRITICAL,위험,1,0,1,0,정상,
2026-05-10 7:45,2026-05-10 8:15,0.9713,CRITICAL,위험,1,0,1,0,정상,
2026-05-10 7:46,2026-05-10 8:16,0.9743,CRITICAL,위험,1,0,0,0,정상,
2026-05-10 7:47,2026-05-10 8:17,0.9751,CRITICAL,위험,1,0,0,0,정상,
2026-05-10 7:48,2026-05-10 8:18,0.9805,CRITICAL,위험,1,0,1,0,정상,
2026-05-10 7:49,2026-05-10 8:19,0.9699,CRITICAL,위험,1,0,1,0,정상,
2026-05-10 7:50,2026-05-10 8:20,0.9704,CRITICAL,위험,1,0,0,0,정상,
2026-05-10 7:51,2026-05-10 8:21,0.976,CRITICAL,위험,1,0,1,0,정상,
2026-05-10 7:52,2026-05-10 8:22,0.9805,CRITICAL,위험,1,0,0,0,정상,
2026-05-10 7:53,2026-05-10 8:23,0.984,CRITICAL,위험,1,0,0,0,정상,
2026-05-10 7:54,2026-05-10 8:24,0.9791,CRITICAL,위험,1,0,0,0,정상,
2026-05-10 7:55,2026-05-10 8:25,0.9729,CRITICAL,위험,1,0,0,0,정상,
2026-05-10 7:56,2026-05-10 8:26,0.9782,CRITICAL,위험,1,0,0,0,정상,
2026-05-10 7:57,2026-05-10 8:27,0.9666,CRITICAL,위험,1,0,0,0,정상,
2026-05-10 7:58,2026-05-10 8:28,0.9703,CRITICAL,위험,1,0,0,0,정상,
2026-05-10 7:59,2026-05-10 8:29,0.6448,INFO,주의,1,0,0,0,정상,
2026-05-10 8:00,2026-05-10 8:30,0.9668,CRITICAL,위험,1,0,0,0,정상,
2026-05-10 8:01,2026-05-10 8:31,0.9683,CRITICAL,위험,1,0,0,0,정상,
2026-05-10 8:02,2026-05-10 8:32,0.9701,CRITICAL,위험,1,0,0,0,정상,
2026-05-10 8:03,2026-05-10 8:33,0.9749,CRITICAL,위험,1,0,0,0,정상,
2026-05-10 8:04,2026-05-10 8:34,0.9472,CRITICAL,위험,1,0,0,0,정상,
2026-05-10 8:05,2026-05-10 8:35,0.977,CRITICAL,위험,1,0,0,0,정상,
2026-05-10 8:06,2026-05-10 8:36,0.9757,CRITICAL,위험,1,0,0,0,정상,
2026-05-10 8:07,2026-05-10 8:37,0.9758,CRITICAL,위험,1,0,0,0,정상,
2026-05-10 8:08,2026-05-10 8:38,0.9778,CRITICAL,위험,1,0,0,0,정상,
2026-05-10 8:09,2026-05-10 8:39,0.9831,CRITICAL,위험,1,0,0,0,정상,
2026-05-10 8:10,2026-05-10 8:40,0.9157,CRITICAL,위험,1,0,0,0,정상,
2026-05-10 8:11,2026-05-10 8:41,0.9335,CRITICAL,위험,1,0,0,0,정상,
2026-05-10 8:12,2026-05-10 8:42,0.9382,CRITICAL,위험,1,0,1,0,정상,
2026-05-10 8:13,2026-05-10 8:43,0.9629,CRITICAL,위험,1,0,0,0,정상,
2026-05-10 8:14,2026-05-10 8:44,0.9201,CRITICAL,위험,1,0,0,0,정상,
2026-05-10 8:15,2026-05-10 8:45,0.9291,CRITICAL,위험,1,1,0,0,정상,
2026-05-10 8:16,2026-05-10 8:46,0.9035,CRITICAL,위험,1,1,0,0,정상,
2026-05-10 8:17,2026-05-10 8:47,0.6736,INFO,주의,1,0,0,0,정상,
2026-05-10 8:18,2026-05-10 8:48,0.7547,WARNING,경보,1,0,0,0,정상,
2026-05-10 8:19,2026-05-10 8:49,0.8344,WARNING,경보,1,0,1,0,정상,
2026-05-10 8:20,2026-05-10 8:50,0.7347,WARNING,경보,1,0,1,0,정상,
2026-05-10 8:21,2026-05-10 8:51,0.8337,WARNING,경보,1,0,0,0,정상,
2026-05-10 8:22,2026-05-10 8:52,0.8005,WARNING,경보,1,0,0,0,정상,
2026-05-10 8:23,2026-05-10 8:53,0.8295,WARNING,경보,1,0,0,0,정상,
2026-05-10 8:24,2026-05-10 8:54,0.7963,WARNING,경보,1,0,0,0,정상,
2026-05-10 8:25,2026-05-10 8:55,0.834,WARNING,경보,1,0,0,0,정상,
2026-05-10 8:26,2026-05-10 8:56,0.8311,WARNING,경보,1,0,0,0,정상,
2026-05-10 8:27,2026-05-10 8:57,0.8164,WARNING,경보,1,0,1,0,정상,
2026-05-10 8:28,2026-05-10 8:58,0.8936,CRITICAL,위험,1,0,1,0,정상,
2026-05-10 8:29,2026-05-10 8:59,0.8691,CRITICAL,위험,1,0,0,0,정상,
2026-05-10 8:30,2026-05-10 9:00,0.8581,CRITICAL,위험,1,0,0,0,정상,
2026-05-10 8:31,2026-05-10 9:01,0.8866,CRITICAL,위험,1,0,0,0,정상,
2026-05-10 8:32,2026-05-10 9:02,0.9229,CRITICAL,위험,1,0,0,0,정상,
2026-05-10 8:33,2026-05-10 9:03,0.8446,WARNING,경보,1,0,0,0,정상,
2026-05-10 8:34,2026-05-10 9:04,0.9401,CRITICAL,위험,1,1,0,0,정상,
2026-05-10 8:35,2026-05-10 9:05,0.9494,CRITICAL,위험,1,0,0,0,정상,
2026-05-10 8:36,2026-05-10 9:06,0.9616,CRITICAL,위험,1,0,0,0,정상,
2026-05-10 8:37,2026-05-10 9:07,0.9644,CRITICAL,위험,1,0,0,0,정상,
2026-05-10 8:38,2026-05-10 9:08,0.9385,CRITICAL,위험,1,0,0,0,정상,
2026-05-10 8:39,2026-05-10 9:09,0.9096,CRITICAL,위험,1,0,0,0,정상,
2026-05-10 8:40,2026-05-10 9:10,0.9517,CRITICAL,위험,1,0,0,0,정상,
2026-05-10 8:41,2026-05-10 9:11,0.9544,CRITICAL,위험,1,0,0,0,정상,
2026-05-10 8:42,2026-05-10 9:12,0.8481,WARNING,경보,1,0,0,0,정상,
2026-05-10 8:43,2026-05-10 9:13,0.7253,WARNING,경보,1,0,0,0,정상,
2026-05-10 8:44,2026-05-10 9:14,0.5944,INFO,주의,1,0,0,0,정상,
2026-05-10 8:45,2026-05-10 9:15,0.8324,WARNING,경보,1,0,0,0,정상,
2026-05-10 8:46,2026-05-10 9:16,0.6192,INFO,주의,1,0,0,0,정상,
2026-05-10 8:47,2026-05-10 9:17,0.5807,INFO,주의,1,0,0,0,정상,
2026-05-10 8:48,2026-05-10 9:18,0.531,INFO,주의,1,0,0,0,정상,
2026-05-10 8:49,2026-05-10 9:19,0.5792,INFO,주의,1,0,0,0,정상,
2026-05-10 8:50,2026-05-10 9:20,0.6235,INFO,주의,1,0,0,0,정상,
2026-05-10 8:51,2026-05-10 9:21,0.7112,WARNING,경보,1,0,0,0,정상,
2026-05-10 8:52,2026-05-10 9:22,0.4988,INFO,주의,1,0,0,0,정상,
2026-05-10 8:53,2026-05-10 9:23,0.8482,WARNING,경보,1,0,0,0,정상,
2026-05-10 8:54,2026-05-10 9:24,0.9672,CRITICAL,위험,1,1,0,0,정상,
2026-05-10 8:55,2026-05-10 9:25,0.9568,CRITICAL,위험,1,1,0,0,정상,
2026-05-10 8:56,2026-05-10 9:26,0.965,CRITICAL,위험,1,1,0,0,정상,
2026-05-10 8:57,2026-05-10 9:27,0.9699,CRITICAL,위험,1,1,0,0,정상,
2026-05-10 8:58,2026-05-10 9:28,0.9651,CRITICAL,위험,1,1,0,0,정상,
2026-05-10 8:59,2026-05-10 9:29,0.9574,CRITICAL,위험,1,1,0,0,정상,
2026-05-10 9:00,2026-05-10 9:30,0.9632,CRITICAL,위험,1,1,0,0,정상,
2026-05-10 9:01,2026-05-10 9:31,0.9369,CRITICAL,위험,1,1,0,0,정상,
2026-05-10 9:02,2026-05-10 9:32,0.9409,CRITICAL,위험,1,1,0,0,정상,
2026-05-10 9:03,2026-05-10 9:33,0.9585,CRITICAL,위험,1,1,0,0,정상,
2026-05-10 9:04,2026-05-10 9:34,0.9547,CRITICAL,위험,1,0,0,0,정상,
2026-05-10 9:05,2026-05-10 9:35,0.9659,CRITICAL,위험,1,0,0,0,정상,
2026-05-10 9:06,2026-05-10 9:36,0.9678,CRITICAL,위험,1,0,0,0,정상,
2026-05-10 9:07,2026-05-10 9:37,0.9778,CRITICAL,위험,1,0,0,0,정상,
2026-05-10 9:08,2026-05-10 9:38,0.9766,CRITICAL,위험,1,0,0,0,정상,
2026-05-10 9:09,2026-05-10 9:39,0.9766,CRITICAL,위험,1,0,0,0,정상,
2026-05-10 9:10,2026-05-10 9:40,0.9704,CRITICAL,위험,1,0,0,0,정상,
2026-05-10 9:11,2026-05-10 9:41,0.9787,CRITICAL,위험,1,0,0,0,정상,
2026-05-10 9:12,2026-05-10 9:42,0.9802,CRITICAL,위험,1,0,0,0,정상,
2026-05-10 9:13,2026-05-10 9:43,0.9812,CRITICAL,위험,1,0,0,0,정상,
2026-05-10 9:14,2026-05-10 9:44,0.9746,CRITICAL,위험,1,0,0,0,정상,
2026-05-10 9:15,2026-05-10 9:45,0.9749,CRITICAL,위험,1,0,0,0,정상,
2026-05-10 9:16,2026-05-10 9:46,0.9717,CRITICAL,위험,1,0,0,0,정상,
2026-05-10 9:17,2026-05-10 9:47,0.9703,CRITICAL,위험,1,0,0,0,정상,
2026-05-10 9:18,2026-05-10 9:48,0.9707,CRITICAL,위험,1,0,0,0,정상,
2026-05-10 9:19,2026-05-10 9:49,0.9681,CRITICAL,위험,1,0,0,0,정상,
2026-05-10 9:20,2026-05-10 9:50,0.9694,CRITICAL,위험,1,0,0,0,정상,
2026-05-10 9:21,2026-05-10 9:51,0.9683,CRITICAL,위험,1,0,0,0,정상,
2026-05-10 9:22,2026-05-10 9:52,0.9879,CRITICAL,위험,1,0,0,0,정상,
2026-05-10 9:23,2026-05-10 9:53,0.98,CRITICAL,위험,1,0,0,0,정상,
2026-05-10 9:24,2026-05-10 9:54,0.9315,CRITICAL,위험,1,0,0,0,정상,
2026-05-10 9:25,2026-05-10 9:55,0.9637,CRITICAL,위험,1,0,0,0,정상,
2026-05-10 9:26,2026-05-10 9:56,0.9327,CRITICAL,위험,1,0,0,0,정상,
2026-05-10 9:27,2026-05-10 9:57,0.9355,CRITICAL,위험,1,0,0,0,정상,
2026-05-10 9:28,2026-05-10 9:58,0.9761,CRITICAL,위험,1,0,0,0,정상,
2026-05-10 9:29,2026-05-10 9:59,0.9818,CRITICAL,위험,1,1,0,0,정상,
2026-05-10 9:30,2026-05-10 10:00,0.975,CRITICAL,위험,1,1,0,0,정상,
2026-05-10 9:31,2026-05-10 10:01,0.9789,CRITICAL,위험,1,1,0,0,정상,
2026-05-10 9:32,2026-05-10 10:02,0.9754,CRITICAL,위험,1,1,1,0,정상,
2026-05-10 9:33,2026-05-10 10:03,0.9794,CRITICAL,위험,1,1,0,0,정상,
2026-05-10 9:34,2026-05-10 10:04,0.9808,CRITICAL,위험,1,0,1,0,정상,
2026-05-10 9:35,2026-05-10 10:05,0.9803,CRITICAL,위험,1,0,1,0,정상,
2026-05-10 9:36,2026-05-10 10:06,0.9807,CRITICAL,위험,1,0,0,0,정상,
2026-05-10 9:37,2026-05-10 10:07,0.9825,CRITICAL,위험,1,0,1,0,정상,
2026-05-10 9:38,2026-05-10 10:08,0.9859,CRITICAL,위험,1,0,1,0,정상,
2026-05-10 9:39,2026-05-10 10:09,0.9849,CRITICAL,위험,1,0,1,0,정상,
2026-05-10 9:40,2026-05-10 10:10,0.9817,CRITICAL,위험,1,0,1,0,정상,
2026-05-10 9:41,2026-05-10 10:11,0.9851,CRITICAL,위험,1,0,1,0,정상,
2026-05-10 9:42,2026-05-10 10:12,0.9854,CRITICAL,위험,1,0,1,0,정상,
2026-05-10 9:43,2026-05-10 10:13,0.9851,CRITICAL,위험,1,0,0,0,정상,
2026-05-10 9:44,2026-05-10 10:14,0.984,CRITICAL,위험,1,0,0,0,정상,
2026-05-10 9:45,2026-05-10 10:15,0.9833,CRITICAL,위험,1,0,0,0,정상,
2026-05-10 9:46,2026-05-10 10:16,0.981,CRITICAL,위험,1,0,1,0,정상,
2026-05-10 9:47,2026-05-10 10:17,0.9815,CRITICAL,위험,1,0,1,0,정상,
2026-05-10 9:48,2026-05-10 10:18,0.9805,CRITICAL,위험,1,0,1,0,정상,
2026-05-10 9:49,2026-05-10 10:19,0.983,CRITICAL,위험,1,0,1,0,정상,
2026-05-10 9:50,2026-05-10 10:20,0.9816,CRITICAL,위험,1,0,1,0,정상,
2026-05-10 9:51,2026-05-10 10:21,0.9889,CRITICAL,위험,1,0,1,0,정상,
2026-05-10 9:52,2026-05-10 10:22,0.9825,CRITICAL,위험,1,0,1,0,정상,
2026-05-10 9:53,2026-05-10 10:23,0.9844,CRITICAL,위험,1,0,1,0,정상,
2026-05-10 9:54,2026-05-10 10:24,0.9831,CRITICAL,위험,1,0,1,0,정상,
2026-05-10 9:55,2026-05-10 10:25,0.981,CRITICAL,위험,1,0,0,0,정상,
2026-05-10 9:56,2026-05-10 10:26,0.9786,CRITICAL,위험,1,0,1,0,정상,
2026-05-10 9:57,2026-05-10 10:27,0.9826,CRITICAL,위험,1,0,1,0,정상,
2026-05-10 9:58,2026-05-10 10:28,0.9866,CRITICAL,위험,1,0,1,0,정상,
2026-05-10 9:59,2026-05-10 10:29,0.9886,CRITICAL,위험,1,0,1,0,정상,
2026-05-10 10:00,2026-05-10 10:30,0.9883,CRITICAL,위험,1,0,1,0,정상,
2026-05-10 10:01,2026-05-10 10:31,0.9867,CRITICAL,위험,1,0,1,0,정상,
2026-05-10 10:02,2026-05-10 10:32,0.983,CRITICAL,위험,1,0,0,0,정상,
2026-05-10 10:03,2026-05-10 10:33,0.9855,CRITICAL,위험,1,0,1,0,정상,
2026-05-10 10:04,2026-05-10 10:34,0.9845,CRITICAL,위험,1,0,1,0,정상,
2026-05-10 10:05,2026-05-10 10:35,0.9853,CRITICAL,위험,1,0,0,0,정상,
2026-05-10 10:06,2026-05-10 10:36,0.9834,CRITICAL,위험,1,0,0,0,정상,
2026-05-10 10:07,2026-05-10 10:37,0.9859,CRITICAL,위험,1,0,1,0,정상,
2026-05-10 10:08,2026-05-10 10:38,0.9864,CRITICAL,위험,1,0,0,0,정상,
2026-05-10 10:09,2026-05-10 10:39,0.9853,CRITICAL,위험,1,0,1,0,정상,
2026-05-10 10:10,2026-05-10 10:40,0.9878,CRITICAL,위험,1,0,0,0,정상,
2026-05-10 10:11,2026-05-10 10:41,0.9816,CRITICAL,위험,1,0,0,0,정상,
2026-05-10 10:12,2026-05-10 10:42,0.9825,CRITICAL,위험,1,0,1,0,정상,
2026-05-10 10:13,2026-05-10 10:43,0.9792,CRITICAL,위험,1,0,1,0,정상,
2026-05-10 10:14,2026-05-10 10:44,0.9803,CRITICAL,위험,1,0,1,0,정상,
2026-05-10 10:15,2026-05-10 10:45,0.9804,CRITICAL,위험,1,0,0,0,정상,
2026-05-10 10:16,2026-05-10 10:46,0.9811,CRITICAL,위험,1,0,0,0,정상,
2026-05-10 10:17,2026-05-10 10:47,0.983,CRITICAL,위험,1,0,0,0,정상,
2026-05-10 10:18,2026-05-10 10:48,0.985,CRITICAL,위험,1,0,0,0,정상,
2026-05-10 10:19,2026-05-10 10:49,0.9853,CRITICAL,위험,1,0,0,0,정상,
2026-05-10 10:20,2026-05-10 10:50,0.9839,CRITICAL,위험,1,0,0,0,정상,
2026-05-10 10:21,2026-05-10 10:51,0.9811,CRITICAL,위험,1,0,1,0,정상,
2026-05-10 10:22,2026-05-10 10:52,0.9862,CRITICAL,위험,1,1,1,0,정상,
2026-05-10 10:23,2026-05-10 10:53,0.9865,CRITICAL,위험,1,1,0,0,정상,
2026-05-10 10:24,2026-05-10 10:54,0.9824,CRITICAL,위험,1,1,0,0,정상,
2026-05-10 10:25,2026-05-10 10:55,0.983,CRITICAL,위험,1,1,0,0,정상,
2026-05-10 10:26,2026-05-10 10:56,0.9834,CRITICAL,위험,1,1,0,0,정상,
2026-05-10 10:27,2026-05-10 10:57,0.9827,CRITICAL,위험,1,1,0,0,정상,
2026-05-10 10:28,2026-05-10 10:58,0.9854,CRITICAL,위험,1,1,1,0,정상,
2026-05-10 10:29,2026-05-10 10:59,0.9857,CRITICAL,위험,1,1,0,0,정상,
2026-05-10 10:30,2026-05-10 11:00,0.9857,CRITICAL,위험,1,1,1,0,정상,
2026-05-10 10:31,2026-05-10 11:01,0.9843,CRITICAL,위험,1,1,0,0,정상,
2026-05-10 10:32,2026-05-10 11:02,0.9822,CRITICAL,위험,1,1,0,0,정상,
2026-05-10 10:33,2026-05-10 11:03,0.9754,CRITICAL,위험,1,0,0,0,정상,
2026-05-10 10:34,2026-05-10 11:04,0.9731,CRITICAL,위험,1,0,0,0,정상,
2026-05-10 10:35,2026-05-10 11:05,0.9678,CRITICAL,위험,1,0,0,0,정상,
2026-05-10 10:36,2026-05-10 11:06,0.8662,CRITICAL,위험,1,0,0,0,정상,
2026-05-10 10:37,2026-05-10 11:07,0.9756,CRITICAL,위험,1,0,0,0,정상,
2026-05-10 10:38,2026-05-10 11:08,0.9609,CRITICAL,위험,1,0,0,0,정상,
2026-05-10 10:39,2026-05-10 11:09,0.9566,CRITICAL,위험,1,0,0,0,정상,
2026-05-10 10:40,2026-05-10 11:10,0.9788,CRITICAL,위험,1,0,1,0,정상,
2026-05-10 10:41,2026-05-10 11:11,0.7998,WARNING,경보,1,0,0,0,정상,
2026-05-10 10:42,2026-05-10 11:12,0.741,WARNING,경보,1,0,1,0,정상,
2026-05-10 10:43,2026-05-10 11:13,0.7474,WARNING,경보,1,0,0,0,정상,
2026-05-10 10:44,2026-05-10 11:14,0.9551,CRITICAL,위험,1,0,1,0,정상,
2026-05-10 10:45,2026-05-10 11:15,0.6279,INFO,주의,1,0,1,0,정상,
2026-05-10 10:46,2026-05-10 11:16,0.7081,WARNING,경보,1,0,1,0,정상,
2026-05-10 10:47,2026-05-10 11:17,0.696,INFO,주의,1,0,1,0,정상,
2026-05-10 10:48,2026-05-10 11:18,0.5001,INFO,주의,1,0,1,0,정상,
2026-05-10 10:49,2026-05-10 11:19,0.4236,INFO,주의,1,0,1,0,정상,
2026-05-10 10:50,2026-05-10 11:20,0.6711,INFO,주의,1,0,1,0,정상,
2026-05-10 10:51,2026-05-10 11:21,0.4945,INFO,주의,1,0,0,0,정상,
2026-05-10 10:52,2026-05-10 11:22,0.6072,INFO,주의,1,1,0,0,정상,
2026-05-10 10:53,2026-05-10 11:23,0.8518,CRITICAL,위험,1,0,0,0,정상,
2026-05-10 10:54,2026-05-10 11:24,0.7873,WARNING,경보,1,1,0,0,정상,
2026-05-10 10:55,2026-05-10 11:25,0.8448,WARNING,경보,1,1,0,0,정상,
2026-05-10 10:56,2026-05-10 11:26,0.7805,WARNING,경보,1,1,0,0,정상,
2026-05-10 10:57,2026-05-10 11:27,0.7896,WARNING,경보,1,1,0,0,정상,
2026-05-10 10:58,2026-05-10 11:28,0.8199,WARNING,경보,1,1,0,0,정상,
2026-05-10 10:59,2026-05-10 11:29,0.8868,CRITICAL,위험,1,1,0,0,정상,
2026-05-10 11:00,2026-05-10 11:30,0.9173,CRITICAL,위험,1,1,0,0,정상,
2026-05-10 11:01,2026-05-10 11:31,0.9514,CRITICAL,위험,1,0,0,0,정상,
2026-05-10 11:02,2026-05-10 11:32,0.9458,CRITICAL,위험,1,0,0,0,정상,
2026-05-10 11:03,2026-05-10 11:33,0.9475,CRITICAL,위험,1,0,0,0,정상,
2026-05-10 11:04,2026-05-10 11:34,0.9123,CRITICAL,위험,1,0,0,0,정상,
2026-05-10 11:05,2026-05-10 11:35,0.0319,OK,정상,1,0,0,0,정상,
2026-05-10 11:06,2026-05-10 11:36,0.8536,CRITICAL,위험,1,0,0,0,정상,
2026-05-10 11:07,2026-05-10 11:37,0.9628,CRITICAL,위험,1,0,0,0,정상,
2026-05-10 11:08,2026-05-10 11:38,0.89,CRITICAL,위험,1,0,0,0,정상,
2026-05-10 11:09,2026-05-10 11:39,0.7688,WARNING,경보,1,0,0,0,정상,
2026-05-10 11:10,2026-05-10 11:40,0.9334,CRITICAL,위험,1,0,0,0,정상,
2026-05-10 11:11,2026-05-10 11:41,0.6096,INFO,주의,1,0,0,0,정상,
2026-05-10 11:12,2026-05-10 11:42,0.7167,WARNING,경보,1,0,0,0,정상,
2026-05-10 11:13,2026-05-10 11:43,0.7694,WARNING,경보,1,0,0,0,정상,
2026-05-10 11:14,2026-05-10 11:44,0.7465,WARNING,경보,1,0,0,0,정상,
2026-05-10 11:15,2026-05-10 11:45,0.9009,CRITICAL,위험,1,0,0,0,정상,
2026-05-10 11:16,2026-05-10 11:46,0.915,CRITICAL,위험,1,0,0,0,정상,
2026-05-10 11:17,2026-05-10 11:47,0.9261,CRITICAL,위험,1,0,0,0,정상,
2026-05-10 11:18,2026-05-10 11:48,0.8554,CRITICAL,위험,1,0,0,0,정상,
2026-05-10 11:19,2026-05-10 11:49,0.8298,WARNING,경보,1,0,0,0,정상,
2026-05-10 11:20,2026-05-10 11:50,0.8895,CRITICAL,위험,1,1,0,0,정상,
2026-05-10 11:21,2026-05-10 11:51,0.6672,INFO,주의,1,1,0,0,정상,
2026-05-10 11:22,2026-05-10 11:52,0.6552,INFO,주의,1,1,0,0,정상,
2026-05-10 11:23,2026-05-10 11:53,0.5674,INFO,주의,1,1,0,0,정상,
2026-05-10 11:24,2026-05-10 11:54,0.2095,OK,정상,1,1,0,0,정상,
2026-05-10 11:25,2026-05-10 11:55,0.1763,OK,정상,1,1,0,0,정상,
2026-05-10 11:26,2026-05-10 11:56,0.2374,OK,정상,1,1,0,0,정상,
2026-05-10 11:27,2026-05-10 11:57,0.2065,OK,정상,1,1,0,0,정상,
2026-05-10 11:28,2026-05-10 11:58,0.2816,OK,정상,1,1,0,0,정상,
2026-05-10 11:29,2026-05-10 11:59,0.186,OK,정상,1,1,0,0,정상,
2026-05-10 11:30,2026-05-10 12:00,0.0967,OK,정상,1,0,0,0,정상,
2026-05-10 11:31,2026-05-10 12:01,0.1079,OK,정상,1,0,0,0,정상,
2026-05-10 11:32,2026-05-10 12:02,0.1502,OK,정상,1,0,0,0,정상,
2026-05-10 11:33,2026-05-10 12:03,0.1348,OK,정상,1,0,0,0,정상,
2026-05-10 11:34,2026-05-10 12:04,0.0425,OK,정상,1,0,0,0,정상,
2026-05-10 11:35,2026-05-10 12:05,0.0713,OK,정상,1,0,0,0,정상,
2026-05-10 11:36,2026-05-10 12:06,0.0319,OK,정상,1,0,0,0,정상,
2026-05-10 11:37,2026-05-10 12:07,0.0232,OK,정상,1,0,0,0,정상,
2026-05-10 11:38,2026-05-10 12:08,0.0288,OK,정상,1,0,0,0,정상,
2026-05-10 11:39,2026-05-10 12:09,0.0334,OK,정상,1,0,0,0,정상,
2026-05-10 11:40,2026-05-10 12:10,0.0072,OK,정상,1,0,0,0,정상,
2026-05-10 11:41,2026-05-10 12:11,0.0138,OK,정상,1,0,0,0,정상,
2026-05-10 11:42,2026-05-10 12:12,0.0136,OK,정상,1,0,0,0,정상,
2026-05-10 11:43,2026-05-10 12:13,0.0056,OK,정상,1,0,0,0,정상,
2026-05-10 11:44,2026-05-10 12:14,0.0288,OK,정상,1,0,0,0,정상,
2026-05-10 11:45,2026-05-10 12:15,0.0174,OK,정상,1,0,0,0,정상,
2026-05-10 11:46,2026-05-10 12:16,0.01,OK,정상,1,0,0,0,정상,
2026-05-10 11:47,2026-05-10 12:17,0.0181,OK,정상,1,0,0,0,정상,
2026-05-10 11:48,2026-05-10 12:18,0.0196,OK,정상,1,0,0,0,정상,
2026-05-10 11:49,2026-05-10 12:19,0.0105,OK,정상,1,0,0,0,정상,
2026-05-10 11:50,2026-05-10 12:20,0.0151,OK,정상,1,0,0,0,정상,
2026-05-10 11:51,2026-05-10 12:21,0.0246,OK,정상,1,0,0,0,정상,
2026-05-10 11:52,2026-05-10 12:22,0.0325,OK,정상,1,0,0,0,정상,
2026-05-10 11:53,2026-05-10 12:23,0.0269,OK,정상,1,0,0,0,정상,
2026-05-10 11:54,2026-05-10 12:24,0.0124,OK,정상,1,0,0,0,정상,
2026-05-10 11:55,2026-05-10 12:25,0.0066,OK,정상,1,0,0,0,정상,
2026-05-10 11:56,2026-05-10 12:26,0.0059,OK,정상,1,0,0,0,정상,
2026-05-10 11:57,2026-05-10 12:27,0.003,OK,정상,1,0,0,0,정상,
2026-05-10 11:58,2026-05-10 12:28,0.0015,OK,정상,1,0,0,0,정상,
2026-05-10 11:59,2026-05-10 12:29,0.0023,OK,정상,1,0,0,0,정상,
2026-05-10 12:00,2026-05-10 12:30,0.0023,OK,정상,1,0,0,0,정상,
2026-05-10 12:01,2026-05-10 12:31,0.0015,OK,정상,1,0,0,0,정상,
2026-05-10 12:02,2026-05-10 12:32,0.003,OK,정상,1,0,0,0,정상,
2026-05-10 12:03,2026-05-10 12:33,0.0022,OK,정상,1,0,0,0,정상,
2026-05-10 12:04,2026-05-10 12:34,0.0016,OK,정상,1,0,0,0,정상,
2026-05-10 12:05,2026-05-10 12:35,0.0023,OK,정상,1,0,0,0,정상,
2026-05-10 12:06,2026-05-10 12:36,0.002,OK,정상,1,0,0,0,정상,
2026-05-10 12:07,2026-05-10 12:37,0.0016,OK,정상,1,0,0,0,정상,
2026-05-10 12:08,2026-05-10 12:38,0.0017,OK,정상,1,1,0,0,정상,
2026-05-10 12:09,2026-05-10 12:39,0.0012,OK,정상,1,1,0,0,정상,
2026-05-10 12:10,2026-05-10 12:40,0.0014,OK,정상,1,1,0,0,정상,
2026-05-10 12:11,2026-05-10 12:41,0.002,OK,정상,1,0,0,0,정상,
2026-05-10 12:12,2026-05-10 12:42,0.0049,OK,정상,1,0,0,0,정상,
2026-05-10 12:13,2026-05-10 12:43,0.0025,OK,정상,1,1,0,0,정상,
2026-05-10 12:14,2026-05-10 12:44,0.0031,OK,정상,1,1,0,0,정상,
2026-05-10 12:15,2026-05-10 12:45,0.0041,OK,정상,1,0,0,0,정상,
2026-05-10 12:16,2026-05-10 12:46,0.0028,OK,정상,1,0,0,0,정상,
2026-05-10 12:17,2026-05-10 12:47,0.0023,OK,정상,1,0,0,0,정상,
2026-05-10 12:18,2026-05-10 12:48,0.011,OK,정상,1,0,0,0,정상,
2026-05-10 12:19,2026-05-10 12:49,0.0104,OK,정상,1,0,0,0,정상,
2026-05-10 12:20,2026-05-10 12:50,0.0074,OK,정상,1,0,0,0,정상,
2026-05-10 12:21,2026-05-10 12:51,0.0058,OK,정상,1,0,0,0,정상,
2026-05-10 12:22,2026-05-10 12:52,0.0066,OK,정상,1,0,0,0,정상,
2026-05-10 12:23,2026-05-10 12:53,0.0068,OK,정상,1,0,0,0,정상,
2026-05-10 12:24,2026-05-10 12:54,0.0015,OK,정상,1,0,0,0,정상,
2026-05-10 12:25,2026-05-10 12:55,0.0021,OK,정상,1,0,0,0,정상,
2026-05-10 12:26,2026-05-10 12:56,0.0041,OK,정상,1,0,0,0,정상,
2026-05-10 12:27,2026-05-10 12:57,0.004,OK,정상,1,0,0,0,정상,
2026-05-10 12:28,2026-05-10 12:58,0.002,OK,정상,1,0,0,0,정상,
2026-05-10 12:29,2026-05-10 12:59,0.005,OK,정상,1,0,0,0,정상,
2026-05-10 12:30,2026-05-10 13:00,0.0085,OK,정상,1,0,0,0,정상,
2026-05-10 12:31,2026-05-10 13:01,0.0025,OK,정상,1,0,0,0,정상,
2026-05-10 12:32,2026-05-10 13:02,0.0023,OK,정상,1,0,0,0,정상,
2026-05-10 12:33,2026-05-10 13:03,0.0027,OK,정상,1,0,0,0,정상,
2026-05-10 12:34,2026-05-10 13:04,0.0025,OK,정상,1,0,0,0,정상,
2026-05-10 12:35,2026-05-10 13:05,0.002,OK,정상,1,0,0,0,정상,
2026-05-10 12:36,2026-05-10 13:06,0.002,OK,정상,1,0,0,0,정상,
2026-05-10 12:37,2026-05-10 13:07,0.0017,OK,정상,1,0,0,0,정상,
2026-05-10 12:38,2026-05-10 13:08,0.0026,OK,정상,1,0,0,0,정상,
2026-05-10 12:39,2026-05-10 13:09,0.001,OK,정상,1,0,0,0,정상,
2026-05-10 12:40,2026-05-10 13:10,0.005,OK,정상,1,0,0,0,정상,
2026-05-10 12:41,2026-05-10 13:11,0.0184,OK,정상,1,0,0,0,정상,
2026-05-10 12:42,2026-05-10 13:12,0.0131,OK,정상,1,0,0,0,정상,
2026-05-10 12:43,2026-05-10 13:13,0.0133,OK,정상,1,0,0,0,정상,
2026-05-10 12:44,2026-05-10 13:14,0.0212,OK,정상,1,0,0,0,정상,
2026-05-10 12:45,2026-05-10 13:15,0.0198,OK,정상,1,0,0,0,정상,
2026-05-10 12:46,2026-05-10 13:16,0.0063,OK,정상,1,0,0,0,정상,
2026-05-10 12:47,2026-05-10 13:17,0.0109,OK,정상,1,0,0,0,정상,
2026-05-10 12:48,2026-05-10 13:18,0.0053,OK,정상,1,0,0,0,정상,
2026-05-10 12:49,2026-05-10 13:19,0.008,OK,정상,1,0,0,0,정상,
2026-05-10 12:50,2026-05-10 13:20,0.0088,OK,정상,1,0,0,0,정상,
2026-05-10 12:51,2026-05-10 13:21,0.0039,OK,정상,1,0,0,0,정상,
2026-05-10 12:52,2026-05-10 13:22,0.0037,OK,정상,1,0,0,0,정상,
2026-05-10 12:53,2026-05-10 13:23,0.0074,OK,정상,1,0,0,0,정상,
2026-05-10 12:54,2026-05-10 13:24,0.0019,OK,정상,1,0,0,0,정상,
2026-05-10 12:55,2026-05-10 13:25,0.0011,OK,정상,1,0,0,0,정상,
2026-05-10 12:56,2026-05-10 13:26,0.0019,OK,정상,1,1,0,0,정상,
2026-05-10 12:57,2026-05-10 13:27,0.0033,OK,정상,1,1,0,0,정상,
2026-05-10 12:58,2026-05-10 13:28,0.0039,OK,정상,1,1,0,0,정상,
2026-05-10 12:59,2026-05-10 13:29,0.0062,OK,정상,1,1,0,0,정상,
2026-05-10 13:00,2026-05-10 13:30,0.0069,OK,정상,1,1,0,0,정상,
2026-05-10 13:01,2026-05-10 13:31,0.0039,OK,정상,1,1,0,0,정상,
2026-05-10 13:02,2026-05-10 13:32,0.004,OK,정상,1,1,0,0,정상,
2026-05-10 13:03,2026-05-10 13:33,0.0097,OK,정상,1,1,0,0,정상,
2026-05-10 13:04,2026-05-10 13:34,0.0034,OK,정상,1,1,0,0,정상,
2026-05-10 13:05,2026-05-10 13:35,0.0032,OK,정상,1,1,0,0,정상,
2026-05-10 13:06,2026-05-10 13:36,0.0034,OK,정상,1,0,0,0,정상,
2026-05-10 13:07,2026-05-10 13:37,0.0033,OK,정상,1,0,0,0,정상,
2026-05-10 13:08,2026-05-10 13:38,0.0052,OK,정상,1,0,0,0,정상,
2026-05-10 13:09,2026-05-10 13:39,0.003,OK,정상,1,0,0,0,정상,
2026-05-10 13:10,2026-05-10 13:40,0.0063,OK,정상,1,0,0,0,정상,
2026-05-10 13:11,2026-05-10 13:41,0.0039,OK,정상,1,0,0,0,정상,
2026-05-10 13:12,2026-05-10 13:42,0.0055,OK,정상,1,0,0,0,정상,
2026-05-10 13:13,2026-05-10 13:43,0.0034,OK,정상,1,0,0,0,정상,
2026-05-10 13:14,2026-05-10 13:44,0.0115,OK,정상,1,0,0,0,정상,
2026-05-10 13:15,2026-05-10 13:45,0.011,OK,정상,1,0,0,0,정상,
2026-05-10 13:16,2026-05-10 13:46,0.0103,OK,정상,1,0,0,0,정상,
2026-05-10 13:17,2026-05-10 13:47,0.0031,OK,정상,1,0,0,0,정상,
2026-05-10 13:18,2026-05-10 13:48,0.0036,OK,정상,1,0,0,0,정상,
2026-05-10 13:19,2026-05-10 13:49,0.0038,OK,정상,1,1,0,0,정상,
2026-05-10 13:20,2026-05-10 13:50,0.0041,OK,정상,0,1,0,0,정상,
2026-05-10 13:21,2026-05-10 13:51,0.0037,OK,정상,0,1,0,0,정상,
2026-05-10 13:22,2026-05-10 13:52,0.0027,OK,정상,0,1,0,0,정상,
2026-05-10 13:23,2026-05-10 13:53,0.0031,OK,정상,0,1,0,0,정상,
2026-05-10 13:24,2026-05-10 13:54,0.0032,OK,정상,0,0,0,0,정상,
2026-05-10 13:25,2026-05-10 13:55,0.0049,OK,정상,0,1,0,0,정상,
2026-05-10 13:26,2026-05-10 13:56,0.0059,OK,정상,0,1,0,0,정상,
2026-05-10 13:27,2026-05-10 13:57,0.004,OK,정상,0,0,0,0,정상,
2026-05-10 13:28,2026-05-10 13:58,0.0014,OK,정상,0,1,0,0,정상,
2026-05-10 13:29,2026-05-10 13:59,0.0014,OK,정상,0,0,0,0,정상,
2026-05-10 13:30,2026-05-10 14:00,0.0017,OK,정상,0,1,0,0,정상,
2026-05-10 13:31,2026-05-10 14:01,0.0022,OK,정상,0,1,0,0,정상,
2026-05-10 13:32,2026-05-10 14:02,0.0026,OK,정상,0,1,0,0,정상,
2026-05-10 13:33,2026-05-10 14:03,0.0024,OK,정상,0,1,0,0,정상,
2026-05-10 13:34,2026-05-10 14:04,0.0021,OK,정상,0,1,0,0,정상,
2026-05-10 13:35,2026-05-10 14:05,0.002,OK,정상,0,1,0,0,정상,
2026-05-10 13:36,2026-05-10 14:06,0.0028,OK,정상,0,0,0,0,정상,
2026-05-10 13:37,2026-05-10 14:07,0.0017,OK,정상,0,0,0,0,정상,
2026-05-10 13:38,2026-05-10 14:08,0.0019,OK,정상,0,0,0,0,정상,
2026-05-10 13:39,2026-05-10 14:09,0.0022,OK,정상,0,0,0,0,정상,
2026-05-10 13:40,2026-05-10 14:10,0.0021,OK,정상,0,0,0,0,정상,
2026-05-10 13:41,2026-05-10 14:11,0.0023,OK,정상,0,0,0,0,정상,
2026-05-10 13:42,2026-05-10 14:12,0.0027,OK,정상,0,0,0,0,정상,
2026-05-10 13:43,2026-05-10 14:13,0.0011,OK,정상,0,0,0,0,정상,
2026-05-10 13:44,2026-05-10 14:14,0.0024,OK,정상,0,0,0,0,정상,
2026-05-10 13:45,2026-05-10 14:15,0.0013,OK,정상,1,0,0,0,정상,
2026-05-10 13:46,2026-05-10 14:16,0.0011,OK,정상,0,0,0,0,정상,
2026-05-10 13:47,2026-05-10 14:17,0.0013,OK,정상,1,0,0,0,정상,
2026-05-10 13:48,2026-05-10 14:18,0.0012,OK,정상,0,0,0,0,정상,
2026-05-10 13:49,2026-05-10 14:19,0.0015,OK,정상,1,0,0,0,정상,
2026-05-10 13:50,2026-05-10 14:20,0.0016,OK,정상,1,0,0,0,정상,
2026-05-10 13:51,2026-05-10 14:21,0.0015,OK,정상,1,0,0,0,정상,
2026-05-10 13:52,2026-05-10 14:22,0.0021,OK,정상,1,0,0,0,정상,
2026-05-10 13:53,2026-05-10 14:23,0.0019,OK,정상,1,1,0,0,정상,
2026-05-10 13:54,2026-05-10 14:24,0.0024,OK,정상,1,1,0,0,정상,
2026-05-10 13:55,2026-05-10 14:25,0.0094,OK,정상,1,0,0,0,정상,
2026-05-10 13:56,2026-05-10 14:26,0.0015,OK,정상,0,1,0,0,정상,
2026-05-10 13:57,2026-05-10 14:27,0.0019,OK,정상,1,1,0,0,정상,
2026-05-10 13:58,2026-05-10 14:28,0.0015,OK,정상,0,0,0,0,정상,
2026-05-10 13:59,2026-05-10 14:29,0.0014,OK,정상,1,0,0,0,정상,
2026-05-10 14:00,2026-05-10 14:30,0.0012,OK,정상,0,0,0,0,정상,
2026-05-10 14:01,2026-05-10 14:31,0.001,OK,정상,1,0,0,0,정상,
2026-05-10 14:02,2026-05-10 14:32,0.0009,OK,정상,0,0,0,0,정상,
2026-05-10 14:03,2026-05-10 14:33,0.001,OK,정상,1,0,0,0,정상,
2026-05-10 14:04,2026-05-10 14:34,0.001,OK,정상,1,0,0,0,정상,
2026-05-10 14:05,2026-05-10 14:35,0.0011,OK,정상,1,0,0,0,정상,
2026-05-10 14:06,2026-05-10 14:36,0.0012,OK,정상,1,0,0,0,정상,
2026-05-10 14:07,2026-05-10 14:37,0.0011,OK,정상,1,0,0,0,정상,
2026-05-10 14:08,2026-05-10 14:38,0.0012,OK,정상,1,0,0,0,정상,
2026-05-10 14:09,2026-05-10 14:39,0.0011,OK,정상,1,0,0,0,정상,
2026-05-10 14:10,2026-05-10 14:40,0.0009,OK,정상,1,1,0,0,정상,
2026-05-10 14:11,2026-05-10 14:41,0.001,OK,정상,1,1,0,0,정상,
2026-05-10 14:12,2026-05-10 14:42,0.0008,OK,정상,1,1,0,0,정상,
2026-05-10 14:13,2026-05-10 14:43,0.0015,OK,정상,1,1,0,0,정상,
2026-05-10 14:14,2026-05-10 14:44,0.0016,OK,정상,1,1,0,0,정상,
2026-05-10 14:15,2026-05-10 14:45,0.0013,OK,정상,1,1,0,0,정상,
2026-05-10 14:16,2026-05-10 14:46,0.0013,OK,정상,1,1,0,0,정상,
2026-05-10 14:17,2026-05-10 14:47,0.0032,OK,정상,1,1,0,0,정상,
2026-05-10 14:18,2026-05-10 14:48,0.0016,OK,정상,1,0,0,0,정상,
2026-05-10 14:19,2026-05-10 14:49,0.0018,OK,정상,1,0,0,0,정상,
2026-05-10 14:20,2026-05-10 14:50,0.003,OK,정상,1,0,0,0,정상,
2026-05-10 14:21,2026-05-10 14:51,0.0106,OK,정상,1,0,0,0,정상,
2026-05-10 14:22,2026-05-10 14:52,0.005,OK,정상,1,0,0,0,정상,
2026-05-10 14:23,2026-05-10 14:53,0.0051,OK,정상,1,0,0,0,정상,
2026-05-10 14:24,2026-05-10 14:54,0.0033,OK,정상,1,0,0,0,정상,
2026-05-10 14:25,2026-05-10 14:55,0.0043,OK,정상,1,0,0,0,정상,
2026-05-10 14:26,2026-05-10 14:56,0.0052,OK,정상,0,0,0,0,정상,
2026-05-10 14:27,2026-05-10 14:57,0.0346,OK,정상,1,0,0,0,정상,
2026-05-10 14:28,2026-05-10 14:58,0.0192,OK,정상,0,0,0,0,정상,
2026-05-10 14:29,2026-05-10 14:59,0.1076,OK,정상,0,0,0,0,정상,
2026-05-10 14:30,2026-05-10 15:00,0.0446,OK,정상,0,0,0,0,정상,
2026-05-10 14:31,2026-05-10 15:01,0.0448,OK,정상,0,0,0,0,정상,
2026-05-10 14:32,2026-05-10 15:02,0.0661,OK,정상,0,0,0,0,정상,
2026-05-10 14:33,2026-05-10 15:03,0.0023,OK,정상,0,0,0,0,정상,
2026-05-10 14:34,2026-05-10 15:04,0.0025,OK,정상,0,0,0,0,정상,
2026-05-10 14:35,2026-05-10 15:05,0.0029,OK,정상,0,1,0,0,정상,
2026-05-10 14:36,2026-05-10 15:06,0.0032,OK,정상,0,1,0,0,정상,
2026-05-10 14:37,2026-05-10 15:07,0.0147,OK,정상,0,1,0,0,정상,
2026-05-10 14:38,2026-05-10 15:08,0.0025,OK,정상,0,1,0,0,정상,
2026-05-10 14:39,2026-05-10 15:09,0.0043,OK,정상,0,1,0,0,정상,
2026-05-10 14:40,2026-05-10 15:10,0.0035,OK,정상,0,1,0,0,정상,
2026-05-10 14:41,2026-05-10 15:11,0.0029,OK,정상,1,1,0,0,정상,
2026-05-10 14:42,2026-05-10 15:12,0.0022,OK,정상,1,1,0,0,정상,
2026-05-10 14:43,2026-05-10 15:13,0.0014,OK,정상,1,0,0,0,정상,
2026-05-10 14:44,2026-05-10 15:14,0.0014,OK,정상,1,0,0,0,정상,
2026-05-10 14:45,2026-05-10 15:15,0.0012,OK,정상,1,0,0,0,정상,
2026-05-10 14:46,2026-05-10 15:16,0.0014,OK,정상,0,0,0,0,정상,
2026-05-10 14:47,2026-05-10 15:17,0.0014,OK,정상,1,0,0,0,정상,
2026-05-10 14:48,2026-05-10 15:18,0.0113,OK,정상,0,0,0,0,정상,
2026-05-10 14:49,2026-05-10 15:19,0.0012,OK,정상,1,0,0,0,정상,
2026-05-10 14:50,2026-05-10 15:20,0.0011,OK,정상,0,0,0,0,정상,
2026-05-10 14:51,2026-05-10 15:21,0.0009,OK,정상,1,0,0,0,정상,
2026-05-10 14:52,2026-05-10 15:22,0.0011,OK,정상,0,0,0,0,정상,
2026-05-10 14:53,2026-05-10 15:23,0.0014,OK,정상,1,0,0,0,정상,
2026-05-10 14:54,2026-05-10 15:24,0.0015,OK,정상,0,0,0,0,정상,
2026-05-10 14:55,2026-05-10 15:25,0.0012,OK,정상,1,0,0,0,정상,
2026-05-10 14:56,2026-05-10 15:26,0.0015,OK,정상,0,1,0,0,정상,
2026-05-10 14:57,2026-05-10 15:27,0.0015,OK,정상,1,0,0,0,정상,
2026-05-10 14:58,2026-05-10 15:28,0.0013,OK,정상,0,0,0,0,정상,
2026-05-10 14:59,2026-05-10 15:29,0.0014,OK,정상,1,0,0,0,정상,
2026-05-10 15:00,2026-05-10 15:30,0.001,OK,정상,0,0,0,0,정상,
2026-05-10 15:01,2026-05-10 15:31,0.0011,OK,정상,1,0,0,0,정상,
2026-05-10 15:02,2026-05-10 15:32,0.0019,OK,정상,0,0,0,0,정상,
2026-05-10 15:03,2026-05-10 15:33,0.0005,OK,정상,1,0,0,0,정상,
2026-05-10 15:04,2026-05-10 15:34,0.0015,OK,정상,0,0,0,0,정상,
2026-05-10 15:05,2026-05-10 15:35,0.0018,OK,정상,1,0,0,0,정상,
2026-05-10 15:06,2026-05-10 15:36,0.0028,OK,정상,1,0,0,0,정상,
2026-05-10 15:07,2026-05-10 15:37,0.0115,OK,정상,1,0,0,0,정상,
2026-05-10 15:08,2026-05-10 15:38,0.0028,OK,정상,1,0,0,0,정상,
2026-05-10 15:09,2026-05-10 15:39,0.0013,OK,정상,1,0,0,0,정상,
2026-05-10 15:10,2026-05-10 15:40,0.0016,OK,정상,1,0,0,0,정상,
2026-05-10 15:11,2026-05-10 15:41,0.0018,OK,정상,1,0,0,0,정상,
2026-05-10 15:12,2026-05-10 15:42,0.0018,OK,정상,1,0,0,0,정상,
2026-05-10 15:13,2026-05-10 15:43,0.0016,OK,정상,1,0,0,0,정상,
2026-05-10 15:14,2026-05-10 15:44,0.001,OK,정상,1,0,0,0,정상,
2026-05-10 15:15,2026-05-10 15:45,0.0013,OK,정상,1,0,0,0,정상,
2026-05-10 15:16,2026-05-10 15:46,0.0009,OK,정상,1,0,0,0,정상,
2026-05-10 15:17,2026-05-10 15:47,0.001,OK,정상,1,0,0,0,정상,
2026-05-10 15:18,2026-05-10 15:48,0.0012,OK,정상,1,0,0,0,정상,
2026-05-10 15:19,2026-05-10 15:49,0.0014,OK,정상,1,0,0,0,정상,
2026-05-10 15:20,2026-05-10 15:50,0.001,OK,정상,1,0,0,0,정상,
2026-05-10 15:21,2026-05-10 15:51,0.0025,OK,정상,1,0,0,0,정상,
2026-05-10 15:22,2026-05-10 15:52,0.0014,OK,정상,0,1,0,0,정상,
2026-05-10 15:23,2026-05-10 15:53,0.0017,OK,정상,1,1,0,0,정상,
2026-05-10 15:24,2026-05-10 15:54,0.0012,OK,정상,1,1,0,0,정상,
2026-05-10 15:25,2026-05-10 15:55,0.0015,OK,정상,1,1,0,0,정상,
2026-05-10 15:26,2026-05-10 15:56,0.0015,OK,정상,1,1,0,0,정상,
2026-05-10 15:27,2026-05-10 15:57,0.0009,OK,정상,1,0,0,0,정상,
2026-05-10 15:28,2026-05-10 15:58,0.0018,OK,정상,1,0,0,0,정상,
2026-05-10 15:29,2026-05-10 15:59,0.003,OK,정상,1,0,0,0,정상,
2026-05-10 15:30,2026-05-10 16:00,0.0021,OK,정상,1,0,0,0,정상,
2026-05-10 15:31,2026-05-10 16:01,0.0013,OK,정상,1,0,0,0,정상,
2026-05-10 15:32,2026-05-10 16:02,0.0015,OK,정상,1,0,0,0,정상,
2026-05-10 15:33,2026-05-10 16:03,0.0018,OK,정상,1,0,0,0,정상,
2026-05-10 15:34,2026-05-10 16:04,0.0018,OK,정상,1,0,0,0,정상,
2026-05-10 15:35,2026-05-10 16:05,0.0011,OK,정상,1,0,0,0,정상,
2026-05-10 15:36,2026-05-10 16:06,0.0011,OK,정상,1,0,0,0,정상,
2026-05-10 15:37,2026-05-10 16:07,0.0014,OK,정상,1,0,0,0,정상,
2026-05-10 15:38,2026-05-10 16:08,0.0018,OK,정상,1,0,0,0,정상,
2026-05-10 15:39,2026-05-10 16:09,0.0023,OK,정상,1,0,0,0,정상,
2026-05-10 15:40,2026-05-10 16:10,0.0019,OK,정상,1,0,0,0,정상,
2026-05-10 15:41,2026-05-10 16:11,0.0015,OK,정상,1,0,0,0,정상,
2026-05-10 15:42,2026-05-10 16:12,0.0022,OK,정상,1,0,0,0,정상,
2026-05-10 15:43,2026-05-10 16:13,0.0057,OK,정상,1,0,0,0,정상,
2026-05-10 15:44,2026-05-10 16:14,0.0186,OK,정상,1,0,0,0,정상,
2026-05-10 15:45,2026-05-10 16:15,0.6429,INFO,주의,1,0,0,0,정상,
2026-05-10 15:46,2026-05-10 16:16,0.0029,OK,정상,1,0,0,0,정상,
2026-05-10 15:47,2026-05-10 16:17,0.0032,OK,정상,1,0,0,0,정상,
2026-05-10 15:48,2026-05-10 16:18,0.0018,OK,정상,1,0,0,0,정상,
2026-05-10 15:49,2026-05-10 16:19,0.0019,OK,정상,1,0,0,0,정상,
2026-05-10 15:50,2026-05-10 16:20,0.0023,OK,정상,1,0,0,0,정상,
2026-05-10 15:51,2026-05-10 16:21,0.0027,OK,정상,1,0,0,0,정상,
2026-05-10 15:52,2026-05-10 16:22,0.0021,OK,정상,1,0,0,0,정상,
2026-05-10 15:53,2026-05-10 16:23,0.0028,OK,정상,1,1,0,0,정상,
2026-05-10 15:54,2026-05-10 16:24,0.0028,OK,정상,1,1,0,0,정상,
2026-05-10 15:55,2026-05-10 16:25,0.007,OK,정상,1,1,0,0,정상,
2026-05-10 15:56,2026-05-10 16:26,0.0045,OK,정상,1,1,0,0,정상,
2026-05-10 15:57,2026-05-10 16:27,0.0027,OK,정상,1,0,0,0,정상,
2026-05-10 15:58,2026-05-10 16:28,0.0023,OK,정상,1,0,0,0,정상,
2026-05-10 15:59,2026-05-10 16:29,0.0025,OK,정상,1,0,0,0,정상,
2026-05-10 16:00,2026-05-10 16:30,0.0024,OK,정상,1,0,0,0,정상,
2026-05-10 16:01,2026-05-10 16:31,0.0024,OK,정상,1,0,0,0,정상,
2026-05-10 16:02,2026-05-10 16:32,0.0013,OK,정상,1,0,0,0,정상,
2026-05-10 16:03,2026-05-10 16:33,0.0011,OK,정상,1,0,0,0,정상,
2026-05-10 16:04,2026-05-10 16:34,0.0008,OK,정상,1,0,0,0,정상,
2026-05-10 16:05,2026-05-10 16:35,0.0014,OK,정상,1,0,0,0,정상,
2026-05-10 16:06,2026-05-10 16:36,0.0011,OK,정상,1,0,0,0,정상,
2026-05-10 16:07,2026-05-10 16:37,0.0009,OK,정상,1,0,0,0,정상,
2026-05-10 16:08,2026-05-10 16:38,0.0007,OK,정상,1,0,0,0,정상,
2026-05-10 16:09,2026-05-10 16:39,0.0008,OK,정상,1,0,0,0,정상,
2026-05-10 16:10,2026-05-10 16:40,0.0017,OK,정상,0,0,0,0,정상,
2026-05-10 16:11,2026-05-10 16:41,0.0012,OK,정상,1,0,0,0,정상,
2026-05-10 16:12,2026-05-10 16:42,0.0018,OK,정상,0,0,0,0,정상,
2026-05-10 16:13,2026-05-10 16:43,0.0025,OK,정상,1,1,0,0,정상,
2026-05-10 16:14,2026-05-10 16:44,0.0014,OK,정상,0,1,0,0,정상,
2026-05-10 16:15,2026-05-10 16:45,0.0021,OK,정상,1,1,1,0,정상,
2026-05-10 16:16,2026-05-10 16:46,0.003,OK,정상,0,1,0,0,정상,
2026-05-10 16:17,2026-05-10 16:47,0.0011,OK,정상,1,1,0,0,정상,
2026-05-10 16:18,2026-05-10 16:48,0.0014,OK,정상,1,1,0,0,정상,
2026-05-10 16:19,2026-05-10 16:49,0.0015,OK,정상,1,1,0,0,정상,
2026-05-10 16:20,2026-05-10 16:50,0.0015,OK,정상,1,1,0,0,정상,
2026-05-10 16:21,2026-05-10 16:51,0.0025,OK,정상,1,1,0,0,정상,
2026-05-10 16:22,2026-05-10 16:52,0.0028,OK,정상,1,0,0,0,정상,
2026-05-10 16:23,2026-05-10 16:53,0.0016,OK,정상,1,0,0,0,정상,
2026-05-10 16:24,2026-05-10 16:54,0.0031,OK,정상,1,0,0,0,정상,
2026-05-10 16:25,2026-05-10 16:55,0.0036,OK,정상,1,0,0,0,정상,
2026-05-10 16:26,2026-05-10 16:56,0.0017,OK,정상,1,0,0,0,정상,
2026-05-10 16:27,2026-05-10 16:57,0.0021,OK,정상,1,0,0,0,정상,
2026-05-10 16:28,2026-05-10 16:58,0.0018,OK,정상,0,0,0,0,정상,
2026-05-10 16:29,2026-05-10 16:59,0.0025,OK,정상,1,0,0,0,정상,
2026-05-10 16:30,2026-05-10 17:00,0.0028,OK,정상,0,0,0,0,정상,
2026-05-10 16:31,2026-05-10 17:01,0.004,OK,정상,1,0,0,0,정상,
2026-05-10 16:32,2026-05-10 17:02,0.0097,OK,정상,1,0,0,0,정상,
2026-05-10 16:33,2026-05-10 17:03,0.0037,OK,정상,1,0,0,0,정상,
2026-05-10 16:34,2026-05-10 17:04,0.0088,OK,정상,1,0,0,0,정상,
2026-05-10 16:35,2026-05-10 17:05,0.003,OK,정상,1,0,0,0,정상,
2026-05-10 16:36,2026-05-10 17:06,0.0239,OK,정상,1,0,0,0,정상,
2026-05-10 16:37,2026-05-10 17:07,0.0068,OK,정상,1,0,0,0,정상,
2026-05-10 16:38,2026-05-10 17:08,0.0035,OK,정상,1,0,0,0,정상,
2026-05-10 16:39,2026-05-10 17:09,0.004,OK,정상,1,1,0,0,정상,
2026-05-10 16:40,2026-05-10 17:10,0.0024,OK,정상,1,1,0,0,정상,
2026-05-10 16:41,2026-05-10 17:11,0.0023,OK,정상,1,1,0,0,정상,
2026-05-10 16:42,2026-05-10 17:12,0.0014,OK,정상,1,1,0,0,정상,
2026-05-10 16:43,2026-05-10 17:13,0.0025,OK,정상,1,1,0,0,정상,
2026-05-10 16:44,2026-05-10 17:14,0.0019,OK,정상,1,1,0,0,정상,
2026-05-10 16:45,2026-05-10 17:15,0.0026,OK,정상,1,1,0,0,정상,
2026-05-10 16:46,2026-05-10 17:16,0.0047,OK,정상,1,1,0,0,정상,
2026-05-10 16:47,2026-05-10 17:17,0.0046,OK,정상,1,0,0,0,정상,
2026-05-10 16:48,2026-05-10 17:18,0.0079,OK,정상,1,0,0,0,정상,
2026-05-10 16:49,2026-05-10 17:19,0.0063,OK,정상,1,0,0,0,정상,
2026-05-10 16:50,2026-05-10 17:20,0.0028,OK,정상,1,0,0,0,정상,
2026-05-10 16:51,2026-05-10 17:21,0.0025,OK,정상,1,0,0,0,정상,
2026-05-10 16:52,2026-05-10 17:22,0.002,OK,정상,1,0,0,0,정상,
2026-05-10 16:53,2026-05-10 17:23,0.0018,OK,정상,1,0,0,0,정상,
2026-05-10 16:54,2026-05-10 17:24,0.0017,OK,정상,1,0,0,0,정상,
2026-05-10 16:55,2026-05-10 17:25,0.0016,OK,정상,1,0,0,0,정상,
2026-05-10 16:56,2026-05-10 17:26,0.0014,OK,정상,1,0,0,0,정상,
2026-05-10 16:57,2026-05-10 17:27,0.0021,OK,정상,1,0,0,0,정상,
2026-05-10 16:58,2026-05-10 17:28,0.0017,OK,정상,1,0,0,0,정상,
2026-05-10 16:59,2026-05-10 17:29,0.0019,OK,정상,1,0,0,0,정상,
2026-05-10 17:00,2026-05-10 17:30,0.002,OK,정상,1,0,0,0,정상,
2026-05-10 17:01,2026-05-10 17:31,0.0016,OK,정상,1,0,0,0,정상,
2026-05-10 17:02,2026-05-10 17:32,0.0013,OK,정상,1,0,0,0,정상,
2026-05-10 17:03,2026-05-10 17:33,0.0018,OK,정상,1,1,0,0,정상,
2026-05-10 17:04,2026-05-10 17:34,0.002,OK,정상,1,1,0,0,정상,
2026-05-10 17:05,2026-05-10 17:35,0.0031,OK,정상,1,0,0,0,정상,
2026-05-10 17:06,2026-05-10 17:36,0.0017,OK,정상,1,0,0,0,정상,
2026-05-10 17:07,2026-05-10 17:37,0.0015,OK,정상,1,0,0,0,정상,
2026-05-10 17:08,2026-05-10 17:38,0.0016,OK,정상,1,0,0,0,정상,
2026-05-10 17:09,2026-05-10 17:39,0.0018,OK,정상,1,0,0,0,정상,
2026-05-10 17:10,2026-05-10 17:40,0.0012,OK,정상,1,0,0,0,정상,
2026-05-10 17:11,2026-05-10 17:41,0.0024,OK,정상,1,0,0,0,정상,
2026-05-10 17:12,2026-05-10 17:42,0.0025,OK,정상,1,0,0,0,정상,
2026-05-10 17:13,2026-05-10 17:43,0.0026,OK,정상,1,0,0,0,정상,
2026-05-10 17:14,2026-05-10 17:44,0.003,OK,정상,1,0,0,0,정상,
2026-05-10 17:15,2026-05-10 17:45,0.0097,OK,정상,1,0,0,0,정상,
2026-05-10 17:16,2026-05-10 17:46,0.0053,OK,정상,1,0,0,0,정상,
2026-05-10 17:17,2026-05-10 17:47,0.0048,OK,정상,1,0,0,0,정상,
2026-05-10 17:18,2026-05-10 17:48,0.0031,OK,정상,1,0,0,0,정상,
2026-05-10 17:19,2026-05-10 17:49,0.0063,OK,정상,1,0,0,0,정상,
2026-05-10 17:20,2026-05-10 17:50,0.0029,OK,정상,1,0,0,0,정상,
2026-05-10 17:21,2026-05-10 17:51,0.006,OK,정상,1,0,0,0,정상,
2026-05-10 17:22,2026-05-10 17:52,0.008,OK,정상,1,0,0,0,정상,
2026-05-10 17:23,2026-05-10 17:53,0.0406,OK,정상,1,0,0,0,정상,
2026-05-10 17:24,2026-05-10 17:54,0.0246,OK,정상,1,0,0,0,정상,
2026-05-10 17:25,2026-05-10 17:55,0.0568,OK,정상,1,0,0,0,정상,
2026-05-10 17:26,2026-05-10 17:56,0.0031,OK,정상,1,0,0,0,정상,
2026-05-10 17:27,2026-05-10 17:57,0.0045,OK,정상,1,0,0,0,정상,
2026-05-10 17:28,2026-05-10 17:58,0.0043,OK,정상,0,0,0,0,정상,
2026-05-10 17:29,2026-05-10 17:59,0.0037,OK,정상,1,0,0,0,정상,
2026-05-10 17:30,2026-05-10 18:00,0.0015,OK,정상,1,1,0,0,정상,
2026-05-10 17:31,2026-05-10 18:01,0.002,OK,정상,1,1,0,0,정상,
2026-05-10 17:32,2026-05-10 18:02,0.0052,OK,정상,1,1,0,0,정상,
2026-05-10 17:33,2026-05-10 18:03,0.0024,OK,정상,1,1,0,0,정상,
2026-05-10 17:34,2026-05-10 18:04,0.0018,OK,정상,1,1,0,0,정상,
2026-05-10 17:35,2026-05-10 18:05,0.0022,OK,정상,1,1,0,0,정상,
2026-05-10 17:36,2026-05-10 18:06,0.0023,OK,정상,1,1,0,0,정상,
2026-05-10 17:37,2026-05-10 18:07,0.0035,OK,정상,1,0,0,0,정상,
2026-05-10 17:38,2026-05-10 18:08,0.0017,OK,정상,1,0,0,0,정상,
2026-05-10 17:39,2026-05-10 18:09,0.0019,OK,정상,1,0,0,0,정상,
2026-05-10 17:40,2026-05-10 18:10,0.0022,OK,정상,1,0,0,0,정상,
2026-05-10 17:41,2026-05-10 18:11,0.0022,OK,정상,1,0,0,0,정상,
2026-05-10 17:42,2026-05-10 18:12,0.0016,OK,정상,1,0,0,0,정상,
2026-05-10 17:43,2026-05-10 18:13,0.0018,OK,정상,1,0,0,0,정상,
2026-05-10 17:44,2026-05-10 18:14,0.0017,OK,정상,1,0,0,0,정상,
2026-05-10 17:45,2026-05-10 18:15,0.0026,OK,정상,1,0,0,0,정상,
2026-05-10 17:46,2026-05-10 18:16,0.0024,OK,정상,1,0,0,0,정상,
2026-05-10 17:47,2026-05-10 18:17,0.0025,OK,정상,1,0,0,0,정상,
2026-05-10 17:48,2026-05-10 18:18,0.0018,OK,정상,1,1,0,0,정상,
2026-05-10 17:49,2026-05-10 18:19,0.002,OK,정상,1,1,0,0,정상,
2026-05-10 17:50,2026-05-10 18:20,0.0015,OK,정상,1,1,0,0,정상,
2026-05-10 17:51,2026-05-10 18:21,0.0014,OK,정상,1,0,0,0,정상,
2026-05-10 17:52,2026-05-10 18:22,0.0015,OK,정상,1,0,0,0,정상,
2026-05-10 17:53,2026-05-10 18:23,0.0016,OK,정상,1,0,0,0,정상,
2026-05-10 17:54,2026-05-10 18:24,0.0017,OK,정상,1,0,0,0,정상,
2026-05-10 17:55,2026-05-10 18:25,0.0014,OK,정상,1,0,0,0,정상,
2026-05-10 17:56,2026-05-10 18:26,0.0031,OK,정상,1,0,0,0,정상,
2026-05-10 17:57,2026-05-10 18:27,0.0012,OK,정상,1,0,0,0,정상,
2026-05-10 17:58,2026-05-10 18:28,0.0011,OK,정상,0,0,0,0,정상,
2026-05-10 17:59,2026-05-10 18:29,0.0015,OK,정상,1,0,0,0,정상,
2026-05-10 18:00,2026-05-10 18:30,0.0017,OK,정상,1,0,0,0,정상,
2026-05-10 18:01,2026-05-10 18:31,0.0025,OK,정상,1,0,0,0,정상,
2026-05-10 18:02,2026-05-10 18:32,0.0025,OK,정상,1,0,0,0,정상,
2026-05-10 18:03,2026-05-10 18:33,0.0136,OK,정상,1,0,0,0,정상,
2026-05-10 18:04,2026-05-10 18:34,0.002,OK,정상,1,1,0,0,정상,
2026-05-10 18:05,2026-05-10 18:35,0.0146,OK,정상,1,1,0,0,정상,
2026-05-10 18:06,2026-05-10 18:36,0.0177,OK,정상,1,0,0,0,정상,
2026-05-10 18:07,2026-05-10 18:37,0.0846,OK,정상,1,1,0,0,정상,
2026-05-10 18:08,2026-05-10 18:38,0.0467,OK,정상,1,1,0,0,정상,
2026-05-10 18:09,2026-05-10 18:39,0.0282,OK,정상,1,1,0,0,정상,
2026-05-10 18:10,2026-05-10 18:40,0.0557,OK,정상,1,0,0,0,정상,
2026-05-10 18:11,2026-05-10 18:41,0.0661,OK,정상,1,0,0,0,정상,
2026-05-10 18:12,2026-05-10 18:42,0.0649,OK,정상,1,0,0,0,정상,
2026-05-10 18:13,2026-05-10 18:43,0.1085,OK,정상,1,0,0,0,정상,
2026-05-10 18:14,2026-05-10 18:44,0.0642,OK,정상,1,0,0,0,정상,
2026-05-10 18:15,2026-05-10 18:45,0.0764,OK,정상,1,0,0,0,정상,
2026-05-10 18:16,2026-05-10 18:46,0.0442,OK,정상,1,0,0,0,정상,
2026-05-10 18:17,2026-05-10 18:47,0.0666,OK,정상,1,0,0,0,정상,
2026-05-10 18:18,2026-05-10 18:48,0.0464,OK,정상,1,0,0,0,정상,
2026-05-10 18:19,2026-05-10 18:49,0.0649,OK,정상,1,0,0,0,정상,
2026-05-10 18:20,2026-05-10 18:50,0.0632,OK,정상,1,0,0,0,정상,
2026-05-10 18:21,2026-05-10 18:51,0.1037,OK,정상,1,0,0,0,정상,
2026-05-10 18:22,2026-05-10 18:52,0.1288,OK,정상,1,0,0,0,정상,
2026-05-10 18:23,2026-05-10 18:53,0.0885,OK,정상,1,0,0,0,정상,
2026-05-10 18:24,2026-05-10 18:54,0.0782,OK,정상,1,0,0,0,정상,
2026-05-10 18:25,2026-05-10 18:55,0.0476,OK,정상,1,0,0,0,정상,
2026-05-10 18:26,2026-05-10 18:56,0.0334,OK,정상,1,0,0,0,정상,
2026-05-10 18:27,2026-05-10 18:57,0.0605,OK,정상,1,0,0,0,정상,
2026-05-10 18:28,2026-05-10 18:58,0.0617,OK,정상,1,0,0,0,정상,
2026-05-10 18:29,2026-05-10 18:59,0.0559,OK,정상,1,0,0,0,정상,
2026-05-10 18:30,2026-05-10 19:00,0.0685,OK,정상,1,0,0,0,정상,
2026-05-10 18:31,2026-05-10 19:01,0.1239,OK,정상,1,0,0,0,정상,
2026-05-10 18:32,2026-05-10 19:02,0.1121,OK,정상,1,0,0,0,정상,
2026-05-10 18:33,2026-05-10 19:03,0.1479,OK,정상,1,0,0,0,정상,
2026-05-10 18:34,2026-05-10 19:04,0.1457,OK,정상,1,0,0,0,정상,
2026-05-10 18:35,2026-05-10 19:05,0.1554,OK,정상,1,0,0,0,정상,
2026-05-10 18:36,2026-05-10 19:06,0.0742,OK,정상,1,0,0,0,정상,
2026-05-10 18:37,2026-05-10 19:07,0.0645,OK,정상,1,0,0,0,정상,
2026-05-10 18:38,2026-05-10 19:08,0.0575,OK,정상,1,0,0,0,정상,
2026-05-10 18:39,2026-05-10 19:09,0.0661,OK,정상,1,0,0,0,정상,
2026-05-10 18:40,2026-05-10 19:10,0.0199,OK,정상,1,0,0,0,정상,
2026-05-10 18:41,2026-05-10 19:11,0.0124,OK,정상,1,0,0,0,정상,
2026-05-10 18:42,2026-05-10 19:12,0.0087,OK,정상,1,0,0,0,정상,
2026-05-10 18:43,2026-05-10 19:13,0.0125,OK,정상,1,0,0,0,정상,
2026-05-10 18:44,2026-05-10 19:14,0.0128,OK,정상,1,0,0,0,정상,
2026-05-10 18:45,2026-05-10 19:15,0.0292,OK,정상,1,0,0,0,정상,
2026-05-10 18:46,2026-05-10 19:16,0.0288,OK,정상,1,0,0,0,정상,
2026-05-10 18:47,2026-05-10 19:17,0.057,OK,정상,1,0,0,0,정상,
2026-05-10 18:48,2026-05-10 19:18,0.0329,OK,정상,1,0,0,0,정상,
2026-05-10 18:49,2026-05-10 19:19,0.0348,OK,정상,1,0,0,0,정상,
2026-05-10 18:50,2026-05-10 19:20,0.0275,OK,정상,1,0,0,0,정상,
2026-05-10 18:51,2026-05-10 19:21,0.119,OK,정상,1,0,0,0,정상,
2026-05-10 18:52,2026-05-10 19:22,0.1126,OK,정상,1,0,0,0,정상,
2026-05-10 18:53,2026-05-10 19:23,0.1174,OK,정상,1,0,0,0,정상,
2026-05-10 18:54,2026-05-10 19:24,0.0591,OK,정상,1,0,0,0,정상,
2026-05-10 18:55,2026-05-10 19:25,0.0915,OK,정상,1,0,0,0,정상,
2026-05-10 18:56,2026-05-10 19:26,0.0317,OK,정상,1,0,0,0,정상,
2026-05-10 18:57,2026-05-10 19:27,0.0419,OK,정상,1,0,0,0,정상,
2026-05-10 18:58,2026-05-10 19:28,0.0308,OK,정상,1,0,0,0,정상,
2026-05-10 18:59,2026-05-10 19:29,0.0663,OK,정상,1,0,0,0,정상,
2026-05-10 19:00,2026-05-10 19:30,0.0481,OK,정상,1,0,0,0,정상,
2026-05-10 19:01,2026-05-10 19:31,0.0328,OK,정상,1,0,0,0,정상,
2026-05-10 19:02,2026-05-10 19:32,0.0241,OK,정상,1,0,0,0,정상,
2026-05-10 19:03,2026-05-10 19:33,0.0364,OK,정상,1,0,0,0,정상,
2026-05-10 19:04,2026-05-10 19:34,0.0398,OK,정상,1,0,0,0,정상,
2026-05-10 19:05,2026-05-10 19:35,0.0516,OK,정상,1,0,0,0,정상,
2026-05-10 19:06,2026-05-10 19:36,0.0417,OK,정상,1,0,0,0,정상,
2026-05-10 19:07,2026-05-10 19:37,0.0544,OK,정상,1,0,0,0,정상,
2026-05-10 19:08,2026-05-10 19:38,0.0238,OK,정상,1,0,0,0,정상,
2026-05-10 19:09,2026-05-10 19:39,0.0467,OK,정상,1,0,0,0,정상,
2026-05-10 19:10,2026-05-10 19:40,0.0129,OK,정상,1,0,0,0,정상,
2026-05-10 19:11,2026-05-10 19:41,0.0183,OK,정상,1,0,0,0,정상,
2026-05-10 19:12,2026-05-10 19:42,0.0151,OK,정상,1,0,0,0,정상,
2026-05-10 19:13,2026-05-10 19:43,0.0327,OK,정상,1,0,0,0,정상,
2026-05-10 19:14,2026-05-10 19:44,0.0231,OK,정상,1,0,0,0,정상,
2026-05-10 19:15,2026-05-10 19:45,0.0295,OK,정상,1,0,0,0,정상,
2026-05-10 19:16,2026-05-10 19:46,0.0186,OK,정상,1,0,0,0,정상,
2026-05-10 19:17,2026-05-10 19:47,0.0313,OK,정상,1,0,0,0,정상,
2026-05-10 19:18,2026-05-10 19:48,0.0172,OK,정상,1,0,0,0,정상,
2026-05-10 19:19,2026-05-10 19:49,0.0169,OK,정상,1,0,0,0,정상,
2026-05-10 19:20,2026-05-10 19:50,0.0155,OK,정상,1,0,0,0,정상,
2026-05-10 19:21,2026-05-10 19:51,0.0237,OK,정상,1,0,0,0,정상,
2026-05-10 19:22,2026-05-10 19:52,0.0197,OK,정상,1,0,0,0,정상,
2026-05-10 19:23,2026-05-10 19:53,0.0446,OK,정상,1,0,0,0,정상,
2026-05-10 19:24,2026-05-10 19:54,0.0385,OK,정상,1,0,0,0,정상,
2026-05-10 19:25,2026-05-10 19:55,0.0778,OK,정상,1,0,0,0,정상,
2026-05-10 19:26,2026-05-10 19:56,0.0621,OK,정상,1,0,0,0,정상,
2026-05-10 19:27,2026-05-10 19:57,0.0083,OK,정상,1,0,0,0,정상,
2026-05-10 19:28,2026-05-10 19:58,0.0062,OK,정상,1,0,0,0,정상,
2026-05-10 19:29,2026-05-10 19:59,0.0561,OK,정상,1,0,0,0,정상,
2026-05-10 19:30,2026-05-10 20:00,0.0434,OK,정상,1,1,0,0,정상,
2026-05-10 19:31,2026-05-10 20:01,0.3084,INFO,주의,1,1,0,0,정상,
2026-05-10 19:32,2026-05-10 20:02,0.1113,OK,정상,1,1,0,0,정상,
2026-05-10 19:33,2026-05-10 20:03,0.0877,OK,정상,1,1,0,0,정상,
2026-05-10 19:34,2026-05-10 20:04,0.108,OK,정상,1,1,0,0,정상,
2026-05-10 19:35,2026-05-10 20:05,0.1388,OK,정상,1,1,0,0,정상,
2026-05-10 19:36,2026-05-10 20:06,0.0799,OK,정상,1,0,0,0,정상,
2026-05-10 19:37,2026-05-10 20:07,0.0913,OK,정상,1,0,0,0,정상,
2026-05-10 19:38,2026-05-10 20:08,0.1211,OK,정상,1,0,0,0,정상,
2026-05-10 19:39,2026-05-10 20:09,0.0955,OK,정상,1,0,0,0,정상,
2026-05-10 19:40,2026-05-10 20:10,0.0424,OK,정상,1,0,0,0,정상,
2026-05-10 19:41,2026-05-10 20:11,0.0658,OK,정상,1,0,0,0,정상,
2026-05-10 19:42,2026-05-10 20:12,0.1384,OK,정상,1,0,0,0,정상,
2026-05-10 19:43,2026-05-10 20:13,0.1492,OK,정상,1,0,0,0,정상,
2026-05-10 19:44,2026-05-10 20:14,0.1038,OK,정상,1,0,0,0,정상,
2026-05-10 19:45,2026-05-10 20:15,0.1452,OK,정상,1,0,0,0,정상,
2026-05-10 19:46,2026-05-10 20:16,0.1612,OK,정상,1,0,0,0,정상,
2026-05-10 19:47,2026-05-10 20:17,0.1953,OK,정상,1,0,0,0,정상,
2026-05-10 19:48,2026-05-10 20:18,0.1031,OK,정상,1,1,0,0,정상,
2026-05-10 19:49,2026-05-10 20:19,0.0898,OK,정상,1,0,0,0,정상,
2026-05-10 19:50,2026-05-10 20:20,0.1089,OK,정상,1,0,0,0,정상,
2026-05-10 19:51,2026-05-10 20:21,0.1462,OK,정상,1,1,0,0,정상,
2026-05-10 19:52,2026-05-10 20:22,0.1016,OK,정상,1,0,0,0,정상,
2026-05-10 19:53,2026-05-10 20:23,0.1063,OK,정상,1,1,0,0,정상,
2026-05-10 19:54,2026-05-10 20:24,0.0997,OK,정상,1,0,0,0,정상,
2026-05-10 19:55,2026-05-10 20:25,0.1323,OK,정상,1,0,0,0,정상,
2026-05-10 19:56,2026-05-10 20:26,0.0651,OK,정상,1,0,0,0,정상,
2026-05-10 19:57,2026-05-10 20:27,0.0625,OK,정상,1,0,0,0,정상,
2026-05-10 19:58,2026-05-10 20:28,0.0999,OK,정상,1,0,0,0,정상,
2026-05-10 19:59,2026-05-10 20:29,0.1652,OK,정상,1,0,0,0,정상,
2026-05-10 20:00,2026-05-10 20:30,0.1178,OK,정상,1,0,0,0,정상,
2026-05-10 20:01,2026-05-10 20:31,0.1386,OK,정상,1,0,0,0,정상,
2026-05-10 20:02,2026-05-10 20:32,0.0647,OK,정상,1,0,0,0,정상,
2026-05-10 20:03,2026-05-10 20:33,0.0842,OK,정상,1,0,0,0,정상,
2026-05-10 20:04,2026-05-10 20:34,0.0557,OK,정상,1,0,0,0,정상,
2026-05-10 20:05,2026-05-10 20:35,0.0256,OK,정상,1,0,0,0,정상,
2026-05-10 20:06,2026-05-10 20:36,0.022,OK,정상,1,0,0,0,정상,
2026-05-10 20:07,2026-05-10 20:37,0.0257,OK,정상,1,0,0,0,정상,
2026-05-10 20:08,2026-05-10 20:38,0.0896,OK,정상,1,0,0,0,정상,
2026-05-10 20:09,2026-05-10 20:39,0.101,OK,정상,1,0,0,0,정상,
2026-05-10 20:10,2026-05-10 20:40,0.0285,OK,정상,1,0,0,0,정상,
2026-05-10 20:11,2026-05-10 20:41,0.0548,OK,정상,1,0,0,0,정상,
2026-05-10 20:12,2026-05-10 20:42,0.0399,OK,정상,1,0,0,0,정상,
2026-05-10 20:13,2026-05-10 20:43,0.0642,OK,정상,1,0,0,0,정상,
2026-05-10 20:14,2026-05-10 20:44,0.0547,OK,정상,1,0,0,0,정상,
2026-05-10 20:15,2026-05-10 20:45,0.2764,OK,정상,1,0,0,0,정상,
2026-05-10 20:16,2026-05-10 20:46,0.0519,OK,정상,1,0,0,0,정상,
2026-05-10 20:17,2026-05-10 20:47,0.056,OK,정상,1,0,0,0,정상,
2026-05-10 20:18,2026-05-10 20:48,0.0197,OK,정상,1,0,0,0,정상,
2026-05-10 20:19,2026-05-10 20:49,0.0232,OK,정상,1,0,0,0,정상,
2026-05-10 20:20,2026-05-10 20:50,0.0186,OK,정상,1,0,0,0,정상,
2026-05-10 20:21,2026-05-10 20:51,0.0119,OK,정상,1,0,0,0,정상,
2026-05-10 20:22,2026-05-10 20:52,0.0547,OK,정상,1,0,0,0,정상,
2026-05-10 20:23,2026-05-10 20:53,0.053,OK,정상,1,0,0,0,정상,
2026-05-10 20:24,2026-05-10 20:54,0.0791,OK,정상,1,1,0,0,정상,
2026-05-10 20:25,2026-05-10 20:55,0.0837,OK,정상,1,0,0,0,정상,
2026-05-10 20:26,2026-05-10 20:56,0.0479,OK,정상,1,0,0,0,정상,
2026-05-10 20:27,2026-05-10 20:57,0.3207,INFO,주의,1,0,0,0,정상,
2026-05-10 20:28,2026-05-10 20:58,0.7417,WARNING,경보,1,0,0,0,정상,
2026-05-10 20:29,2026-05-10 20:59,0.7347,WARNING,경보,1,0,0,0,정상,
2026-05-10 20:30,2026-05-10 21:00,0.773,WARNING,경보,1,0,0,0,정상,
2026-05-10 20:31,2026-05-10 21:01,0.107,OK,정상,1,0,0,0,정상,
2026-05-10 20:32,2026-05-10 21:02,0.0728,OK,정상,1,0,0,0,정상,
2026-05-10 20:33,2026-05-10 21:03,0.2909,OK,정상,1,1,0,0,정상,
2026-05-10 20:34,2026-05-10 21:04,0.2065,OK,정상,1,1,0,0,정상,
2026-05-10 20:35,2026-05-10 21:05,0.151,OK,정상,1,1,0,0,정상,
2026-05-10 20:36,2026-05-10 21:06,0.2353,OK,정상,1,1,0,0,정상,
2026-05-10 20:37,2026-05-10 21:07,0.3622,INFO,주의,1,1,0,0,정상,
2026-05-10 20:38,2026-05-10 21:08,0.1844,OK,정상,1,1,0,0,정상,
2026-05-10 20:39,2026-05-10 21:09,0.1738,OK,정상,1,1,0,0,정상,
2026-05-10 20:40,2026-05-10 21:10,0.3116,INFO,주의,1,1,0,0,정상,
2026-05-10 20:41,2026-05-10 21:11,0.3037,INFO,주의,1,1,0,0,정상,
2026-05-10 20:42,2026-05-10 21:12,0.2357,OK,정상,1,0,0,0,정상,
2026-05-10 20:43,2026-05-10 21:13,0.2796,OK,정상,1,0,0,0,정상,
2026-05-10 20:44,2026-05-10 21:14,0.3493,INFO,주의,1,0,0,0,정상,
2026-05-10 20:45,2026-05-10 21:15,0.2228,OK,정상,1,0,0,0,정상,
2026-05-10 20:46,2026-05-10 21:16,0.1524,OK,정상,1,0,0,0,정상,
2026-05-10 20:47,2026-05-10 21:17,0.1578,OK,정상,1,0,0,0,정상,
2026-05-10 20:48,2026-05-10 21:18,0.1827,OK,정상,1,0,0,0,정상,
2026-05-10 20:49,2026-05-10 21:19,0.1869,OK,정상,1,0,0,0,정상,
2026-05-10 20:50,2026-05-10 21:20,0.1745,OK,정상,1,0,0,0,정상,
2026-05-10 20:51,2026-05-10 21:21,0.1978,OK,정상,1,0,0,0,정상,
2026-05-10 20:52,2026-05-10 21:22,0.1731,OK,정상,1,1,0,0,정상,
2026-05-10 20:53,2026-05-10 21:23,0.1922,OK,정상,1,0,0,0,정상,
2026-05-10 20:54,2026-05-10 21:24,0.2885,OK,정상,1,1,0,0,정상,
2026-05-10 20:55,2026-05-10 21:25,0.2461,OK,정상,1,1,0,0,정상,
2026-05-10 20:56,2026-05-10 21:26,0.2473,OK,정상,1,1,0,0,정상,
2026-05-10 20:57,2026-05-10 21:27,0.2441,OK,정상,1,1,0,0,정상,
2026-05-10 20:58,2026-05-10 21:28,0.1141,OK,정상,1,1,1,0,정상,
2026-05-10 20:59,2026-05-10 21:29,0.1252,OK,정상,1,1,1,0,정상,
2026-05-10 21:00,2026-05-10 21:30,0.0932,OK,정상,1,1,1,0,정상,
2026-05-10 21:01,2026-05-10 21:31,0.1155,OK,정상,1,1,0,0,정상,
2026-05-10 21:02,2026-05-10 21:32,0.1252,OK,정상,1,0,0,0,정상,
2026-05-10 21:03,2026-05-10 21:33,0.0865,OK,정상,1,0,0,0,정상,
2026-05-10 21:04,2026-05-10 21:34,0.0254,OK,정상,1,0,0,0,정상,
2026-05-10 21:05,2026-05-10 21:35,0.0388,OK,정상,1,0,0,0,정상,
2026-05-10 21:06,2026-05-10 21:36,0.0444,OK,정상,1,0,0,0,정상,
2026-05-10 21:07,2026-05-10 21:37,0.0286,OK,정상,1,0,0,0,정상,
2026-05-10 21:08,2026-05-10 21:38,0.0175,OK,정상,1,0,0,0,정상,
2026-05-10 21:09,2026-05-10 21:39,0.0342,OK,정상,1,0,0,0,정상,
2026-05-10 21:10,2026-05-10 21:40,0.0182,OK,정상,1,0,0,0,정상,
2026-05-10 21:11,2026-05-10 21:41,0.0255,OK,정상,1,0,0,0,정상,
2026-05-10 21:12,2026-05-10 21:42,0.0216,OK,정상,1,0,0,0,정상,
2026-05-10 21:13,2026-05-10 21:43,0.028,OK,정상,1,0,0,0,정상,
2026-05-10 21:14,2026-05-10 21:44,0.0355,OK,정상,1,0,0,0,정상,
2026-05-10 21:15,2026-05-10 21:45,0.0178,OK,정상,1,0,0,0,정상,
2026-05-10 21:16,2026-05-10 21:46,0.0357,OK,정상,1,0,0,0,정상,
2026-05-10 21:17,2026-05-10 21:47,0.0251,OK,정상,1,0,0,0,정상,
2026-05-10 21:18,2026-05-10 21:48,0.0232,OK,정상,1,0,0,0,정상,
2026-05-10 21:19,2026-05-10 21:49,0.1146,OK,정상,1,0,0,0,정상,
2026-05-10 21:20,2026-05-10 21:50,0.0978,OK,정상,1,0,0,0,정상,
2026-05-10 21:21,2026-05-10 21:51,0.1021,OK,정상,1,1,0,0,정상,
2026-05-10 21:22,2026-05-10 21:52,0.0976,OK,정상,1,1,0,0,정상,
2026-05-10 21:23,2026-05-10 21:53,0.2813,OK,정상,1,1,0,0,정상,
2026-05-10 21:24,2026-05-10 21:54,0.1981,OK,정상,1,1,0,0,정상,
2026-05-10 21:25,2026-05-10 21:55,0.4441,INFO,주의,1,1,0,0,정상,
2026-05-10 21:26,2026-05-10 21:56,0.325,INFO,주의,1,1,0,0,정상,
2026-05-10 21:27,2026-05-10 21:57,0.2582,OK,정상,1,0,0,0,정상,
2026-05-10 21:28,2026-05-10 21:58,0.3005,INFO,주의,1,0,0,0,정상,
2026-05-10 21:29,2026-05-10 21:59,0.2382,OK,정상,1,0,0,0,정상,
2026-05-10 21:30,2026-05-10 22:00,0.291,OK,정상,1,0,0,0,정상,
2026-05-10 21:31,2026-05-10 22:01,0.2086,OK,정상,1,0,0,0,정상,
2026-05-10 21:32,2026-05-10 22:02,0.1245,OK,정상,1,0,0,0,정상,
2026-05-10 21:33,2026-05-10 22:03,0.1982,OK,정상,1,0,0,0,정상,
2026-05-10 21:34,2026-05-10 22:04,0.1462,OK,정상,1,0,0,0,정상,
2026-05-10 21:35,2026-05-10 22:05,0.4207,INFO,주의,1,0,0,0,정상,
2026-05-10 21:36,2026-05-10 22:06,0.2695,OK,정상,1,0,0,0,정상,
2026-05-10 21:37,2026-05-10 22:07,0.1989,OK,정상,1,0,0,0,정상,
2026-05-10 21:38,2026-05-10 22:08,0.1655,OK,정상,1,0,0,0,정상,
2026-05-10 21:39,2026-05-10 22:09,0.3973,INFO,주의,1,0,0,0,정상,
2026-05-10 21:40,2026-05-10 22:10,0.112,OK,정상,1,0,0,0,정상,
2026-05-10 21:41,2026-05-10 22:11,0.252,OK,정상,1,0,0,0,정상,
2026-05-10 21:42,2026-05-10 22:12,0.2468,OK,정상,1,0,0,0,정상,
2026-05-10 21:43,2026-05-10 22:13,0.4121,INFO,주의,1,0,0,0,정상,
2026-05-10 21:44,2026-05-10 22:14,0.2357,OK,정상,1,0,0,0,정상,
2026-05-10 21:45,2026-05-10 22:15,0.1677,OK,정상,1,0,0,0,정상,
2026-05-10 21:46,2026-05-10 22:16,0.2277,OK,정상,1,0,0,0,정상,
2026-05-10 21:47,2026-05-10 22:17,0.2669,OK,정상,1,0,0,0,정상,
2026-05-10 21:48,2026-05-10 22:18,0.3197,INFO,주의,1,0,0,0,정상,
2026-05-10 21:49,2026-05-10 22:19,0.2129,OK,정상,1,0,0,0,정상,
2026-05-10 21:50,2026-05-10 22:20,0.2134,OK,정상,1,0,0,0,정상,
2026-05-10 21:51,2026-05-10 22:21,0.2279,OK,정상,1,0,0,0,정상,
2026-05-10 21:52,2026-05-10 22:22,0.1882,OK,정상,1,0,0,0,정상,
2026-05-10 21:53,2026-05-10 22:23,0.2334,OK,정상,1,0,0,0,정상,
2026-05-10 21:54,2026-05-10 22:24,0.136,OK,정상,1,1,0,0,정상,
2026-05-10 21:55,2026-05-10 22:25,0.0983,OK,정상,1,1,0,0,정상,
2026-05-10 21:56,2026-05-10 22:26,0.0941,OK,정상,1,1,0,0,정상,
2026-05-10 21:57,2026-05-10 22:27,0.0844,OK,정상,1,1,0,0,정상,
2026-05-10 21:58,2026-05-10 22:28,0.0785,OK,정상,1,1,0,0,정상,
2026-05-10 21:59,2026-05-10 22:29,0.0896,OK,정상,1,1,0,0,정상,
2026-05-10 22:00,2026-05-10 22:30,0.0666,OK,정상,1,1,0,0,정상,
2026-05-10 22:01,2026-05-10 22:31,0.0993,OK,정상,1,0,0,0,정상,
2026-05-10 22:02,2026-05-10 22:32,0.051,OK,정상,1,0,0,0,정상,
2026-05-10 22:03,2026-05-10 22:33,0.0811,OK,정상,1,0,0,0,정상,
2026-05-10 22:04,2026-05-10 22:34,0.0771,OK,정상,1,0,0,0,정상,
2026-05-10 22:05,2026-05-10 22:35,0.083,OK,정상,1,0,0,0,정상,
2026-05-10 22:06,2026-05-10 22:36,0.0754,OK,정상,1,0,0,0,정상,
2026-05-10 22:07,2026-05-10 22:37,0.0812,OK,정상,1,0,0,0,정상,
2026-05-10 22:08,2026-05-10 22:38,0.0544,OK,정상,1,0,0,0,정상,
2026-05-10 22:09,2026-05-10 22:39,0.0859,OK,정상,1,0,0,0,정상,
2026-05-10 22:10,2026-05-10 22:40,0.0818,OK,정상,1,0,0,0,정상,
2026-05-10 22:11,2026-05-10 22:41,0.1206,OK,정상,1,0,0,0,정상,
2026-05-10 22:12,2026-05-10 22:42,0.0746,OK,정상,1,0,0,0,정상,
2026-05-10 22:13,2026-05-10 22:43,0.1233,OK,정상,1,0,0,0,정상,
2026-05-10 22:14,2026-05-10 22:44,0.1152,OK,정상,1,0,0,0,정상,
2026-05-10 22:15,2026-05-10 22:45,0.0912,OK,정상,1,0,0,0,정상,
2026-05-10 22:16,2026-05-10 22:46,0.0792,OK,정상,1,0,0,0,정상,
2026-05-10 22:17,2026-05-10 22:47,0.0949,OK,정상,1,0,0,0,정상,
2026-05-10 22:18,2026-05-10 22:48,0.1164,OK,정상,1,0,0,0,정상,
2026-05-10 22:19,2026-05-10 22:49,0.1139,OK,정상,1,0,0,0,정상,
2026-05-10 22:20,2026-05-10 22:50,0.1358,OK,정상,1,1,0,0,정상,
2026-05-10 22:21,2026-05-10 22:51,0.1279,OK,정상,1,0,0,0,정상,
2026-05-10 22:22,2026-05-10 22:52,0.0545,OK,정상,0,1,0,0,정상,
2026-05-10 22:23,2026-05-10 22:53,0.0175,OK,정상,0,1,0,0,정상,
2026-05-10 22:24,2026-05-10 22:54,0.0083,OK,정상,0,1,0,0,정상,
2026-05-10 22:25,2026-05-10 22:55,0.0151,OK,정상,1,0,0,0,정상,
2026-05-10 22:26,2026-05-10 22:56,0.0142,OK,정상,1,0,0,0,정상,
2026-05-10 22:27,2026-05-10 22:57,0.0055,OK,정상,1,0,0,0,정상,
2026-05-10 22:28,2026-05-10 22:58,0.0032,OK,정상,1,0,0,0,정상,
2026-05-10 22:29,2026-05-10 22:59,0.0037,OK,정상,1,0,0,0,정상,
2026-05-10 22:30,2026-05-10 23:00,0.0034,OK,정상,1,0,0,0,정상,
2026-05-10 22:31,2026-05-10 23:01,0.0031,OK,정상,1,0,0,0,정상,
2026-05-10 22:32,2026-05-10 23:02,0.0081,OK,정상,1,0,0,0,정상,
2026-05-10 22:33,2026-05-10 23:03,0.0032,OK,정상,1,0,0,0,정상,
2026-05-10 22:34,2026-05-10 23:04,0.0027,OK,정상,1,0,0,0,정상,
2026-05-10 22:35,2026-05-10 23:05,0.0076,OK,정상,1,0,0,0,정상,
2026-05-10 22:36,2026-05-10 23:06,0.0103,OK,정상,1,1,0,0,정상,
2026-05-10 22:37,2026-05-10 23:07,0.0546,OK,정상,1,0,0,0,정상,
2026-05-10 22:38,2026-05-10 23:08,0.0734,OK,정상,1,0,0,0,정상,
2026-05-10 22:39,2026-05-10 23:09,0.2056,OK,정상,1,0,0,0,정상,
2026-05-10 22:40,2026-05-10 23:10,0.1393,OK,정상,1,0,0,0,정상,
2026-05-10 22:41,2026-05-10 23:11,0.2795,OK,정상,1,0,0,0,정상,
2026-05-10 22:42,2026-05-10 23:12,0.331,INFO,주의,1,0,0,0,정상,
2026-05-10 22:43,2026-05-10 23:13,0.2889,OK,정상,1,0,0,0,정상,
2026-05-10 22:44,2026-05-10 23:14,0.3473,INFO,주의,1,0,0,0,정상,
2026-05-10 22:45,2026-05-10 23:15,0.195,OK,정상,1,0,0,0,정상,
2026-05-10 22:46,2026-05-10 23:16,0.2657,OK,정상,1,0,0,0,정상,
2026-05-10 22:47,2026-05-10 23:17,0.0585,OK,정상,1,0,0,0,정상,
2026-05-10 22:48,2026-05-10 23:18,0.0483,OK,정상,1,0,0,0,정상,
2026-05-10 22:49,2026-05-10 23:19,0.0463,OK,정상,1,0,0,0,정상,
2026-05-10 22:50,2026-05-10 23:20,0.0785,OK,정상,1,0,0,0,정상,
2026-05-10 22:51,2026-05-10 23:21,0.1212,OK,정상,1,0,0,0,정상,
2026-05-10 22:52,2026-05-10 23:22,0.1367,OK,정상,1,0,0,0,정상,
2026-05-10 22:53,2026-05-10 23:23,0.0948,OK,정상,1,0,0,0,정상,
2026-05-10 22:54,2026-05-10 23:24,0.0955,OK,정상,1,0,0,0,정상,
2026-05-10 22:55,2026-05-10 23:25,0.1302,OK,정상,1,0,0,0,정상,
2026-05-10 22:56,2026-05-10 23:26,0.0636,OK,정상,1,0,0,0,정상,
2026-05-10 22:57,2026-05-10 23:27,0.0541,OK,정상,1,1,0,0,정상,
2026-05-10 22:58,2026-05-10 23:28,0.0564,OK,정상,1,1,0,0,정상,
2026-05-10 22:59,2026-05-10 23:29,0.1134,OK,정상,1,0,0,0,정상,
2026-05-10 23:00,2026-05-10 23:30,0.1316,OK,정상,1,0,0,0,정상,
2026-05-10 23:01,2026-05-10 23:31,0.1345,OK,정상,1,0,0,0,정상,
2026-05-10 23:02,2026-05-10 23:32,0.0788,OK,정상,1,0,0,0,정상,
2026-05-10 23:03,2026-05-10 23:33,0.1002,OK,정상,1,0,0,0,정상,
2026-05-10 23:04,2026-05-10 23:34,0.2073,OK,정상,1,0,0,0,정상,
2026-05-10 23:05,2026-05-10 23:35,0.2334,OK,정상,1,0,0,0,정상,
2026-05-10 23:06,2026-05-10 23:36,0.1227,OK,정상,1,0,0,0,정상,
2026-05-10 23:07,2026-05-10 23:37,0.1607,OK,정상,1,0,0,0,정상,
2026-05-10 23:08,2026-05-10 23:38,0.0581,OK,정상,1,0,0,0,정상,
2026-05-10 23:09,2026-05-10 23:39,0.1343,OK,정상,1,0,0,0,정상,
2026-05-10 23:10,2026-05-10 23:40,0.0463,OK,정상,1,0,0,0,정상,
2026-05-10 23:11,2026-05-10 23:41,0.0814,OK,정상,1,1,0,0,정상,
2026-05-10 23:12,2026-05-10 23:42,0.048,OK,정상,1,1,0,0,정상,
2026-05-10 23:13,2026-05-10 23:43,0.0586,OK,정상,1,1,0,0,정상,
2026-05-10 23:14,2026-05-10 23:44,0.0462,OK,정상,1,1,0,0,정상,
2026-05-10 23:15,2026-05-10 23:45,0.0923,OK,정상,1,0,0,0,정상,
2026-05-10 23:16,2026-05-10 23:46,0.0825,OK,정상,1,0,0,0,정상,
2026-05-10 23:17,2026-05-10 23:47,0.1235,OK,정상,1,0,0,0,정상,
2026-05-10 23:18,2026-05-10 23:48,0.0498,OK,정상,1,0,0,0,정상,
2026-05-10 23:19,2026-05-10 23:49,0.0916,OK,정상,1,0,0,0,정상,
2026-05-10 23:20,2026-05-10 23:50,0.0507,OK,정상,1,0,0,0,정상,
2026-05-10 23:21,2026-05-10 23:51,0.0978,OK,정상,1,0,0,0,정상,
2026-05-10 23:22,2026-05-10 23:52,0.0673,OK,정상,1,0,0,0,정상,
2026-05-10 23:23,2026-05-10 23:53,0.1148,OK,정상,1,0,0,0,정상,
2026-05-10 23:24,2026-05-10 23:54,0.0983,OK,정상,1,0,0,0,정상,
2026-05-10 23:25,2026-05-10 23:55,0.1485,OK,정상,1,0,0,0,정상,
2026-05-10 23:26,2026-05-10 23:56,0.0661,OK,정상,1,0,0,0,정상,
2026-05-10 23:27,2026-05-10 23:57,0.1999,OK,정상,1,0,0,0,정상,
2026-05-10 23:28,2026-05-10 23:58,0.1865,OK,정상,1,0,0,0,정상,
2026-05-10 23:29,2026-05-10 23:59,0.2205,OK,정상,1,0,0,0,정상,
2026-05-10 23:30,2026-05-11 0:00,0.0873,OK,정상,1,0,0,0,정상,
2026-05-10 23:31,2026-05-11 0:01,0.3155,INFO,주의,1,1,0,0,정상,
2026-05-10 23:32,2026-05-11 0:02,0.5723,INFO,주의,1,1,0,0,정상,
2026-05-10 23:33,2026-05-11 0:03,0.6395,INFO,주의,1,1,0,0,정상,
2026-05-10 23:34,2026-05-11 0:04,0.9115,CRITICAL,위험,1,1,0,0,정상,
2026-05-10 23:35,2026-05-11 0:05,0.8571,CRITICAL,위험,1,1,0,0,정상,
2026-05-10 23:36,2026-05-11 0:06,0.7766,WARNING,경보,1,1,0,0,정상,
2026-05-10 23:37,2026-05-11 0:07,0.9326,CRITICAL,위험,1,1,0,0,정상,
2026-05-10 23:38,2026-05-11 0:08,0.9028,CRITICAL,위험,1,1,0,0,정상,
2026-05-10 23:39,2026-05-11 0:09,0.9319,CRITICAL,위험,1,1,0,0,정상,
2026-05-10 23:40,2026-05-11 0:10,0.891,CRITICAL,위험,1,1,0,0,정상,
2026-05-10 23:41,2026-05-11 0:11,0.9322,CRITICAL,위험,1,0,0,0,정상,
2026-05-10 23:42,2026-05-11 0:12,0.8445,WARNING,경보,1,0,0,0,정상,
2026-05-10 23:43,2026-05-11 0:13,0.7984,WARNING,경보,1,0,0,0,정상,
2026-05-10 23:44,2026-05-11 0:14,0.717,WARNING,경보,1,0,0,0,정상,
2026-05-10 23:45,2026-05-11 0:15,0.7283,WARNING,경보,1,0,0,0,정상,
2026-05-10 23:46,2026-05-11 0:16,0.5246,INFO,주의,1,0,0,0,정상,
2026-05-10 23:47,2026-05-11 0:17,0.7762,WARNING,경보,1,0,0,0,정상,
2026-05-10 23:48,2026-05-11 0:18,0.7802,WARNING,경보,1,0,0,0,정상,
2026-05-10 23:49,2026-05-11 0:19,0.8279,WARNING,경보,1,0,0,0,정상,
2026-05-10 23:50,2026-05-11 0:20,0.8593,CRITICAL,위험,1,0,0,0,정상,
2026-05-10 23:51,2026-05-11 0:21,0.8124,WARNING,경보,1,0,0,0,정상,
2026-05-10 23:52,2026-05-11 0:22,0.8675,CRITICAL,위험,1,0,0,0,정상,
2026-05-10 23:53,2026-05-11 0:23,0.8115,WARNING,경보,1,0,0,0,정상,
2026-05-10 23:54,2026-05-11 0:24,0.8151,WARNING,경보,1,0,0,0,정상,
2026-05-10 23:55,2026-05-11 0:25,0.8077,WARNING,경보,1,0,0,0,정상,
2026-05-10 23:56,2026-05-11 0:26,0.8195,WARNING,경보,1,0,0,0,정상,
2026-05-10 23:57,2026-05-11 0:27,0.8318,WARNING,경보,1,0,0,0,정상,
2026-05-10 23:58,2026-05-11 0:28,0.8743,CRITICAL,위험,1,0,0,0,정상,
2026-05-10 23:59,2026-05-11 0:29,0.8314,WARNING,경보,1,0,0,0,정상,
2026-05-11 0:00,2026-05-11 0:30,0.8934,CRITICAL,위험,1,0,0,0,정상,
2026-05-11 0:01,2026-05-11 0:31,0.9517,CRITICAL,위험,1,0,0,0,정상,
2026-05-11 0:02,2026-05-11 0:32,0.9549,CRITICAL,위험,1,1,0,0,정상,
2026-05-11 0:03,2026-05-11 0:33,0.9399,CRITICAL,위험,1,0,0,0,정상,
2026-05-11 0:04,2026-05-11 0:34,0.9637,CRITICAL,위험,1,1,0,0,정상,
2026-05-11 0:05,2026-05-11 0:35,0.9531,CRITICAL,위험,1,1,0,0,정상,
2026-05-11 0:06,2026-05-11 0:36,0.9632,CRITICAL,위험,1,1,0,0,정상,
2026-05-11 0:07,2026-05-11 0:37,0.9679,CRITICAL,위험,1,1,1,0,정상,
2026-05-11 0:08,2026-05-11 0:38,0.9763,CRITICAL,위험,1,1,1,0,정상,
2026-05-11 0:09,2026-05-11 0:39,0.9683,CRITICAL,위험,1,1,1,0,정상,
2026-05-11 0:10,2026-05-11 0:40,0.9795,CRITICAL,위험,1,1,1,0,정상,
2026-05-11 0:11,2026-05-11 0:41,0.9802,CRITICAL,위험,1,1,0,0,정상,
2026-05-11 0:12,2026-05-11 0:42,0.9842,CRITICAL,위험,1,0,1,0,정상,
2026-05-11 0:13,2026-05-11 0:43,0.9795,CRITICAL,위험,1,0,0,0,정상,
2026-05-11 0:14,2026-05-11 0:44,0.9805,CRITICAL,위험,1,0,0,0,정상,
2026-05-11 0:15,2026-05-11 0:45,0.9792,CRITICAL,위험,1,0,0,0,정상,
2026-05-11 0:16,2026-05-11 0:46,0.9818,CRITICAL,위험,1,0,0,0,정상,
2026-05-11 0:17,2026-05-11 0:47,0.9775,CRITICAL,위험,1,0,0,0,정상,
2026-05-11 0:18,2026-05-11 0:48,0.9708,CRITICAL,위험,1,0,0,0,정상,
2026-05-11 0:19,2026-05-11 0:49,0.9795,CRITICAL,위험,1,0,0,0,정상,
2026-05-11 0:20,2026-05-11 0:50,0.9735,CRITICAL,위험,1,0,0,0,정상,
2026-05-11 0:21,2026-05-11 0:51,0.9733,CRITICAL,위험,1,0,0,0,정상,
2026-05-11 0:22,2026-05-11 0:52,0.9766,CRITICAL,위험,1,0,0,0,정상,
2026-05-11 0:23,2026-05-11 0:53,0.9754,CRITICAL,위험,1,0,0,0,정상,
2026-05-11 0:24,2026-05-11 0:54,0.9705,CRITICAL,위험,1,0,0,0,정상,
2026-05-11 0:25,2026-05-11 0:55,0.9675,CRITICAL,위험,1,0,0,0,정상,
2026-05-11 0:26,2026-05-11 0:56,0.9714,CRITICAL,위험,1,0,0,0,정상,
2026-05-11 0:27,2026-05-11 0:57,0.9742,CRITICAL,위험,1,0,0,0,정상,
2026-05-11 0:28,2026-05-11 0:58,0.9735,CRITICAL,위험,1,1,0,0,정상,
2026-05-11 0:29,2026-05-11 0:59,0.9725,CRITICAL,위험,1,1,0,0,정상,
2026-05-11 0:30,2026-05-11 1:00,0.9743,CRITICAL,위험,1,1,0,0,정상,
2026-05-11 0:31,2026-05-11 1:01,0.9737,CRITICAL,위험,1,1,0,0,정상,
2026-05-11 0:32,2026-05-11 1:02,0.9779,CRITICAL,위험,1,1,0,0,정상,
2026-05-11 0:33,2026-05-11 1:03,0.9771,CRITICAL,위험,1,1,0,0,정상,
2026-05-11 0:34,2026-05-11 1:04,0.9811,CRITICAL,위험,1,1,0,0,정상,
2026-05-11 0:35,2026-05-11 1:05,0.9838,CRITICAL,위험,1,1,0,0,정상,
2026-05-11 0:36,2026-05-11 1:06,0.9812,CRITICAL,위험,1,0,1,0,정상,
2026-05-11 0:37,2026-05-11 1:07,0.9804,CRITICAL,위험,1,0,0,0,정상,
2026-05-11 0:38,2026-05-11 1:08,0.9841,CRITICAL,위험,1,0,1,0,정상,
2026-05-11 0:39,2026-05-11 1:09,0.9793,CRITICAL,위험,1,0,1,0,정상,
2026-05-11 0:40,2026-05-11 1:10,0.9802,CRITICAL,위험,1,0,0,0,정상,
2026-05-11 0:41,2026-05-11 1:11,0.9815,CRITICAL,위험,1,0,0,0,정상,
2026-05-11 0:42,2026-05-11 1:12,0.9745,CRITICAL,위험,1,0,0,0,정상,
2026-05-11 0:43,2026-05-11 1:13,0.9728,CRITICAL,위험,1,0,0,0,정상,
2026-05-11 0:44,2026-05-11 1:14,0.9782,CRITICAL,위험,1,0,0,0,정상,
2026-05-11 0:45,2026-05-11 1:15,0.9772,CRITICAL,위험,1,0,1,0,정상,
2026-05-11 0:46,2026-05-11 1:16,0.9782,CRITICAL,위험,1,0,1,0,정상,
2026-05-11 0:47,2026-05-11 1:17,0.9591,CRITICAL,위험,1,0,1,0,정상,
2026-05-11 0:48,2026-05-11 1:18,0.9782,CRITICAL,위험,1,0,0,0,정상,
2026-05-11 0:49,2026-05-11 1:19,0.9729,CRITICAL,위험,1,0,0,0,정상,
2026-05-11 0:50,2026-05-11 1:20,0.7333,WARNING,경보,1,0,0,0,정상,
2026-05-11 0:51,2026-05-11 1:21,0.6943,INFO,주의,1,0,0,0,정상,
2026-05-11 0:52,2026-05-11 1:22,0.9185,CRITICAL,위험,1,1,0,0,정상,
2026-05-11 0:53,2026-05-11 1:23,0.8741,CRITICAL,위험,1,1,0,0,정상,
2026-05-11 0:54,2026-05-11 1:24,0.9425,CRITICAL,위험,1,1,0,0,정상,
2026-05-11 0:55,2026-05-11 1:25,0.8708,CRITICAL,위험,1,1,0,0,정상,
2026-05-11 0:56,2026-05-11 1:26,0.8016,WARNING,경보,1,1,0,0,정상,
2026-05-11 0:57,2026-05-11 1:27,0.7278,WARNING,경보,1,1,1,0,정상,
2026-05-11 0:58,2026-05-11 1:28,0.3733,INFO,주의,1,1,0,0,정상,
2026-05-11 0:59,2026-05-11 1:29,0.3869,INFO,주의,1,1,0,0,정상,
2026-05-11 1:00,2026-05-11 1:30,0.3638,INFO,주의,1,0,0,0,정상,
2026-05-11 1:01,2026-05-11 1:31,0.4832,INFO,주의,1,0,0,0,정상,
2026-05-11 1:02,2026-05-11 1:32,0.5153,INFO,주의,1,0,0,0,정상,
2026-05-11 1:03,2026-05-11 1:33,0.4037,INFO,주의,1,0,0,0,정상,
2026-05-11 1:04,2026-05-11 1:34,0.8229,WARNING,경보,1,0,0,0,정상,
2026-05-11 1:05,2026-05-11 1:35,0.703,WARNING,경보,1,0,1,0,정상,
2026-05-11 1:06,2026-05-11 1:36,0.386,INFO,주의,1,0,0,0,정상,
2026-05-11 1:07,2026-05-11 1:37,0.7356,WARNING,경보,1,0,1,0,정상,
2026-05-11 1:08,2026-05-11 1:38,0.9016,CRITICAL,위험,1,0,1,0,정상,
2026-05-11 1:09,2026-05-11 1:39,0.8802,CRITICAL,위험,1,0,1,0,정상,
2026-05-11 1:10,2026-05-11 1:40,0.9519,CRITICAL,위험,1,0,1,0,정상,
2026-05-11 1:11,2026-05-11 1:41,0.9309,CRITICAL,위험,1,0,0,0,정상,
2026-05-11 1:12,2026-05-11 1:42,0.8152,WARNING,경보,1,0,1,0,정상,
2026-05-11 1:13,2026-05-11 1:43,0.4972,INFO,주의,1,0,1,0,정상,
2026-05-11 1:14,2026-05-11 1:44,0.9306,CRITICAL,위험,1,0,0,0,정상,
2026-05-11 1:15,2026-05-11 1:45,0.8618,CRITICAL,위험,1,0,1,0,정상,
2026-05-11 1:16,2026-05-11 1:46,0.7765,WARNING,경보,1,0,1,0,정상,
2026-05-11 1:17,2026-05-11 1:47,0.9476,CRITICAL,위험,1,0,0,0,정상,
2026-05-11 1:18,2026-05-11 1:48,0.9309,CRITICAL,위험,1,0,1,0,정상,
2026-05-11 1:19,2026-05-11 1:49,0.4475,INFO,주의,1,0,1,0,정상,
2026-05-11 1:20,2026-05-11 1:50,0.4739,INFO,주의,1,0,0,0,정상,
2026-05-11 1:21,2026-05-11 1:51,0.9685,CRITICAL,위험,1,0,0,0,정상,
2026-05-11 1:22,2026-05-11 1:52,0.9512,CRITICAL,위험,1,0,0,0,정상,
2026-05-11 1:23,2026-05-11 1:53,0.9813,CRITICAL,위험,1,0,0,0,정상,
2026-05-11 1:24,2026-05-11 1:54,0.95,CRITICAL,위험,1,0,0,0,정상,
2026-05-11 1:25,2026-05-11 1:55,0.9602,CRITICAL,위험,1,0,0,0,정상,
2026-05-11 1:26,2026-05-11 1:56,0.9811,CRITICAL,위험,1,0,0,0,정상,
2026-05-11 1:27,2026-05-11 1:57,0.9828,CRITICAL,위험,1,0,0,0,정상,
2026-05-11 1:28,2026-05-11 1:58,0.9716,CRITICAL,위험,1,0,0,0,정상,
2026-05-11 1:29,2026-05-11 1:59,0.9847,CRITICAL,위험,1,0,0,0,정상,
2026-05-11 1:30,2026-05-11 2:00,0.9785,CRITICAL,위험,1,0,0,0,정상,
2026-05-11 1:31,2026-05-11 2:01,0.9778,CRITICAL,위험,1,0,0,0,정상,
2026-05-11 1:32,2026-05-11 2:02,0.9804,CRITICAL,위험,1,0,0,0,정상,
2026-05-11 1:33,2026-05-11 2:03,0.9794,CRITICAL,위험,1,0,0,0,정상,
2026-05-11 1:34,2026-05-11 2:04,0.9676,CRITICAL,위험,1,0,0,0,정상,
2026-05-11 1:35,2026-05-11 2:05,0.9718,CRITICAL,위험,1,0,0,0,정상,
2026-05-11 1:36,2026-05-11 2:06,0.9683,CRITICAL,위험,1,0,0,0,정상,
2026-05-11 1:37,2026-05-11 2:07,0.9775,CRITICAL,위험,1,0,0,0,정상,
2026-05-11 1:38,2026-05-11 2:08,0.9679,CRITICAL,위험,1,1,0,0,정상,
2026-05-11 1:39,2026-05-11 2:09,0.9748,CRITICAL,위험,1,1,0,0,정상,
2026-05-11 1:40,2026-05-11 2:10,0.9825,CRITICAL,위험,1,1,0,0,정상,
2026-05-11 1:41,2026-05-11 2:11,0.9734,CRITICAL,위험,1,0,0,0,정상,
2026-05-11 1:42,2026-05-11 2:12,0.9794,CRITICAL,위험,1,0,0,0,정상,
2026-05-11 1:43,2026-05-11 2:13,0.9792,CRITICAL,위험,1,0,0,0,정상,
2026-05-11 1:44,2026-05-11 2:14,0.977,CRITICAL,위험,1,0,0,0,정상,
2026-05-11 1:45,2026-05-11 2:15,0.9763,CRITICAL,위험,1,1,0,0,정상,
2026-05-11 1:46,2026-05-11 2:16,0.9796,CRITICAL,위험,1,0,0,0,정상,
2026-05-11 1:47,2026-05-11 2:17,0.9763,CRITICAL,위험,1,0,0,0,정상,
2026-05-11 1:48,2026-05-11 2:18,0.9793,CRITICAL,위험,1,0,0,0,정상,
2026-05-11 1:49,2026-05-11 2:19,0.9832,CRITICAL,위험,1,0,0,0,정상,
2026-05-11 1:50,2026-05-11 2:20,0.9796,CRITICAL,위험,1,0,0,0,정상,
2026-05-11 1:51,2026-05-11 2:21,0.9809,CRITICAL,위험,1,0,0,0,정상,
2026-05-11 1:52,2026-05-11 2:22,0.9807,CRITICAL,위험,1,0,0,0,정상,
2026-05-11 1:53,2026-05-11 2:23,0.9772,CRITICAL,위험,1,0,0,0,정상,
2026-05-11 1:54,2026-05-11 2:24,0.976,CRITICAL,위험,1,0,0,0,정상,
2026-05-11 1:55,2026-05-11 2:25,0.981,CRITICAL,위험,1,0,0,0,정상,
2026-05-11 1:56,2026-05-11 2:26,0.9802,CRITICAL,위험,1,0,1,0,정상,
2026-05-11 1:57,2026-05-11 2:27,0.9741,CRITICAL,위험,1,0,1,0,정상,
2026-05-11 1:58,2026-05-11 2:28,0.978,CRITICAL,위험,1,0,1,0,정상,
2026-05-11 1:59,2026-05-11 2:29,0.9702,CRITICAL,위험,1,0,0,0,정상,
2026-05-11 2:00,2026-05-11 2:30,0.9676,CRITICAL,위험,1,0,1,0,정상,
2026-05-11 2:01,2026-05-11 2:31,0.9598,CRITICAL,위험,1,0,1,0,정상,
2026-05-11 2:02,2026-05-11 2:32,0.963,CRITICAL,위험,1,0,0,0,정상,
2026-05-11 2:03,2026-05-11 2:33,0.9485,CRITICAL,위험,1,0,0,0,정상,
2026-05-11 2:04,2026-05-11 2:34,0.9128,CRITICAL,위험,1,0,0,0,정상,
2026-05-11 2:05,2026-05-11 2:35,0.967,CRITICAL,위험,1,0,1,0,정상,
2026-05-11 2:06,2026-05-11 2:36,0.9656,CRITICAL,위험,1,0,1,0,정상,
2026-05-11 2:07,2026-05-11 2:37,0.9792,CRITICAL,위험,1,0,0,0,정상,
2026-05-11 2:08,2026-05-11 2:38,0.9819,CRITICAL,위험,1,1,0,0,정상,
2026-05-11 2:09,2026-05-11 2:39,0.9807,CRITICAL,위험,1,1,0,0,정상,
2026-05-11 2:10,2026-05-11 2:40,0.9804,CRITICAL,위험,1,1,0,0,정상,
2026-05-11 2:11,2026-05-11 2:41,0.9745,CRITICAL,위험,1,1,1,0,정상,
2026-05-11 2:12,2026-05-11 2:42,0.976,CRITICAL,위험,1,1,1,0,정상,
2026-05-11 2:13,2026-05-11 2:43,0.9747,CRITICAL,위험,1,1,1,0,정상,
2026-05-11 2:14,2026-05-11 2:44,0.9831,CRITICAL,위험,1,1,0,0,정상,
2026-05-11 2:15,2026-05-11 2:45,0.9804,CRITICAL,위험,1,0,0,0,정상,
2026-05-11 2:16,2026-05-11 2:46,0.9783,CRITICAL,위험,1,0,1,0,정상,
2026-05-11 2:17,2026-05-11 2:47,0.9766,CRITICAL,위험,1,0,1,0,정상,
2026-05-11 2:18,2026-05-11 2:48,0.9737,CRITICAL,위험,1,0,1,0,정상,
2026-05-11 2:19,2026-05-11 2:49,0.9728,CRITICAL,위험,1,0,1,0,정상,
2026-05-11 2:20,2026-05-11 2:50,0.9759,CRITICAL,위험,1,0,1,0,정상,
2026-05-11 2:21,2026-05-11 2:51,0.9815,CRITICAL,위험,1,0,1,0,정상,
2026-05-11 2:22,2026-05-11 2:52,0.9839,CRITICAL,위험,1,0,1,0,정상,
2026-05-11 2:23,2026-05-11 2:53,0.9863,CRITICAL,위험,1,0,1,0,정상,
2026-05-11 2:24,2026-05-11 2:54,0.9872,CRITICAL,위험,1,0,1,0,정상,
2026-05-11 2:25,2026-05-11 2:55,0.9765,CRITICAL,위험,1,0,1,0,정상,
2026-05-11 2:26,2026-05-11 2:56,0.9616,CRITICAL,위험,1,0,0,0,정상,
2026-05-11 2:27,2026-05-11 2:57,0.9864,CRITICAL,위험,1,0,0,0,정상,
2026-05-11 2:28,2026-05-11 2:58,0.9855,CRITICAL,위험,1,0,0,0,정상,
2026-05-11 2:29,2026-05-11 2:59,0.9648,CRITICAL,위험,1,0,0,0,정상,
2026-05-11 2:30,2026-05-11 3:00,0.9853,CRITICAL,위험,1,0,0,0,정상,
2026-05-11 2:31,2026-05-11 3:01,0.985,CRITICAL,위험,1,0,0,0,정상,
2026-05-11 2:32,2026-05-11 3:02,0.9788,CRITICAL,위험,1,0,0,0,정상,
2026-05-11 2:33,2026-05-11 3:03,0.9719,CRITICAL,위험,1,0,0,0,정상,
2026-05-11 2:34,2026-05-11 3:04,0.9838,CRITICAL,위험,1,0,0,0,정상,
2026-05-11 2:35,2026-05-11 3:05,0.9832,CRITICAL,위험,1,0,0,0,정상,
2026-05-11 2:36,2026-05-11 3:06,0.7028,WARNING,경보,1,0,0,0,정상,
2026-05-11 2:37,2026-05-11 3:07,0.9662,CRITICAL,위험,1,0,1,0,정상,
2026-05-11 2:38,2026-05-11 3:08,0.9529,CRITICAL,위험,1,0,1,0,정상,
2026-05-11 2:39,2026-05-11 3:09,0.9562,CRITICAL,위험,1,0,1,0,정상,
2026-05-11 2:40,2026-05-11 3:10,0.8009,WARNING,경보,1,0,1,0,정상,
2026-05-11 2:41,2026-05-11 3:11,0.0897,OK,정상,1,0,1,0,정상,
2026-05-11 2:42,2026-05-11 3:12,0.3206,INFO,주의,1,0,1,0,정상,
2026-05-11 2:43,2026-05-11 3:13,0.0277,OK,정상,1,0,1,0,정상,
2026-05-11 2:44,2026-05-11 3:14,0.0729,OK,정상,1,0,1,0,정상,
2026-05-11 2:45,2026-05-11 3:15,0.4684,INFO,주의,1,0,1,0,정상,
2026-05-11 2:46,2026-05-11 3:16,0.973,CRITICAL,위험,1,0,1,0,정상,
2026-05-11 2:47,2026-05-11 3:17,0.5945,INFO,주의,1,0,1,0,정상,
2026-05-11 2:48,2026-05-11 3:18,0.8784,CRITICAL,위험,1,1,1,0,정상,
2026-05-11 2:49,2026-05-11 3:19,0.9803,CRITICAL,위험,1,1,1,0,정상,
2026-05-11 2:50,2026-05-11 3:20,0.619,INFO,주의,1,1,0,0,정상,
2026-05-11 2:51,2026-05-11 3:21,0.4948,INFO,주의,1,1,1,0,정상,
2026-05-11 2:52,2026-05-11 3:22,0.5611,INFO,주의,1,1,1,0,정상,
2026-05-11 2:53,2026-05-11 3:23,0.8798,CRITICAL,위험,1,1,1,0,정상,
2026-05-11 2:54,2026-05-11 3:24,0.967,CRITICAL,위험,1,1,1,0,정상,
2026-05-11 2:55,2026-05-11 3:25,0.984,CRITICAL,위험,1,1,1,0,정상,
2026-05-11 2:56,2026-05-11 3:26,0.9854,CRITICAL,위험,1,1,0,0,정상,
2026-05-11 2:57,2026-05-11 3:27,0.9836,CRITICAL,위험,1,0,0,0,정상,
2026-05-11 2:58,2026-05-11 3:28,0.9862,CRITICAL,위험,1,0,0,0,정상,
2026-05-11 2:59,2026-05-11 3:29,0.9881,CRITICAL,위험,1,0,0,0,정상,
2026-05-11 3:00,2026-05-11 3:30,0.9782,CRITICAL,위험,1,0,0,0,정상,
2026-05-11 3:01,2026-05-11 3:31,0.9831,CRITICAL,위험,1,0,0,0,정상,
2026-05-11 3:02,2026-05-11 3:32,0.9768,CRITICAL,위험,1,0,0,0,정상,
2026-05-11 3:03,2026-05-11 3:33,0.9578,CRITICAL,위험,1,0,0,0,정상,
2026-05-11 3:04,2026-05-11 3:34,0.9749,CRITICAL,위험,1,0,0,0,정상,
2026-05-11 3:05,2026-05-11 3:35,0.9752,CRITICAL,위험,1,0,0,0,정상,
2026-05-11 3:06,2026-05-11 3:36,0.9757,CRITICAL,위험,1,0,0,0,정상,
2026-05-11 3:07,2026-05-11 3:37,0.9835,CRITICAL,위험,1,0,0,0,정상,
2026-05-11 3:08,2026-05-11 3:38,0.9764,CRITICAL,위험,1,0,0,0,정상,
2026-05-11 3:09,2026-05-11 3:39,0.9462,CRITICAL,위험,1,0,0,0,정상,
2026-05-11 3:10,2026-05-11 3:40,0.9495,CRITICAL,위험,1,0,0,0,정상,
2026-05-11 3:11,2026-05-11 3:41,0.959,CRITICAL,위험,1,0,0,0,정상,
2026-05-11 3:12,2026-05-11 3:42,0.977,CRITICAL,위험,1,0,0,0,정상,
2026-05-11 3:13,2026-05-11 3:43,0.9032,CRITICAL,위험,1,0,0,0,정상,
2026-05-11 3:14,2026-05-11 3:44,0.6613,INFO,주의,1,0,0,0,정상,
2026-05-11 3:15,2026-05-11 3:45,0.9601,CRITICAL,위험,1,0,0,0,정상,
2026-05-11 3:16,2026-05-11 3:46,0.9774,CRITICAL,위험,1,0,0,0,정상,
2026-05-11 3:17,2026-05-11 3:47,0.9755,CRITICAL,위험,1,0,0,0,정상,
2026-05-11 3:18,2026-05-11 3:48,0.9814,CRITICAL,위험,1,0,0,0,정상,
2026-05-11 3:19,2026-05-11 3:49,0.984,CRITICAL,위험,1,0,0,0,정상,
2026-05-11 3:20,2026-05-11 3:50,0.9833,CRITICAL,위험,1,0,0,0,정상,
2026-05-11 3:21,2026-05-11 3:51,0.9846,CRITICAL,위험,1,0,0,0,정상,
2026-05-11 3:22,2026-05-11 3:52,0.979,CRITICAL,위험,1,0,0,0,정상,
2026-05-11 3:23,2026-05-11 3:53,0.9796,CRITICAL,위험,1,1,0,0,정상,
2026-05-11 3:24,2026-05-11 3:54,0.9789,CRITICAL,위험,1,1,1,0,정상,
2026-05-11 3:25,2026-05-11 3:55,0.9853,CRITICAL,위험,1,1,1,0,정상,
2026-05-11 3:26,2026-05-11 3:56,0.9845,CRITICAL,위험,1,1,1,0,정상,
2026-05-11 3:27,2026-05-11 3:57,0.985,CRITICAL,위험,1,1,1,0,정상,
2026-05-11 3:28,2026-05-11 3:58,0.9875,CRITICAL,위험,1,1,0,0,정상,
2026-05-11 3:29,2026-05-11 3:59,0.9872,CRITICAL,위험,1,1,1,0,정상,
2026-05-11 3:30,2026-05-11 4:00,0.9858,CRITICAL,위험,1,1,1,0,정상,
2026-05-11 3:31,2026-05-11 4:01,0.9872,CRITICAL,위험,1,1,1,0,정상,
2026-05-11 3:32,2026-05-11 4:02,0.9826,CRITICAL,위험,1,0,1,0,정상,
2026-05-11 3:33,2026-05-11 4:03,0.9822,CRITICAL,위험,1,0,0,0,정상,
2026-05-11 3:34,2026-05-11 4:04,0.9836,CRITICAL,위험,1,0,0,0,정상,
2026-05-11 3:35,2026-05-11 4:05,0.9831,CRITICAL,위험,1,0,0,0,정상,
2026-05-11 3:36,2026-05-11 4:06,0.9857,CRITICAL,위험,1,0,0,0,정상,
2026-05-11 3:37,2026-05-11 4:07,0.9866,CRITICAL,위험,1,0,0,0,정상,
2026-05-11 3:38,2026-05-11 4:08,0.9844,CRITICAL,위험,1,0,0,0,정상,
2026-05-11 3:39,2026-05-11 4:09,0.9853,CRITICAL,위험,1,0,0,0,정상,
2026-05-11 3:40,2026-05-11 4:10,0.9856,CRITICAL,위험,1,0,0,0,정상,
2026-05-11 3:41,2026-05-11 4:11,0.9821,CRITICAL,위험,1,0,0,0,정상,
2026-05-11 3:42,2026-05-11 4:12,0.9863,CRITICAL,위험,1,0,0,0,정상,
2026-05-11 3:43,2026-05-11 4:13,0.9858,CRITICAL,위험,1,0,0,0,정상,
2026-05-11 3:44,2026-05-11 4:14,0.9776,CRITICAL,위험,1,0,0,0,정상,
2026-05-11 3:45,2026-05-11 4:15,0.9765,CRITICAL,위험,1,0,0,0,정상,
2026-05-11 3:46,2026-05-11 4:16,0.9848,CRITICAL,위험,1,0,0,0,정상,
2026-05-11 3:47,2026-05-11 4:17,0.9823,CRITICAL,위험,1,0,0,0,정상,
2026-05-11 3:48,2026-05-11 4:18,0.9806,CRITICAL,위험,1,0,0,0,정상,
2026-05-11 3:49,2026-05-11 4:19,0.7507,WARNING,경보,1,0,0,0,정상,
2026-05-11 3:50,2026-05-11 4:20,0.9819,CRITICAL,위험,1,0,0,0,정상,
2026-05-11 3:51,2026-05-11 4:21,0.9773,CRITICAL,위험,1,0,0,0,정상,
2026-05-11 3:52,2026-05-11 4:22,0.9723,CRITICAL,위험,1,0,0,0,정상,
2026-05-11 3:53,2026-05-11 4:23,0.6258,INFO,주의,1,0,1,0,정상,
2026-05-11 3:54,2026-05-11 4:24,0.8566,CRITICAL,위험,1,0,1,0,정상,
2026-05-11 3:55,2026-05-11 4:25,0.9773,CRITICAL,위험,1,0,0,0,정상,
2026-05-11 3:56,2026-05-11 4:26,0.9732,CRITICAL,위험,1,0,0,0,정상,
2026-05-11 3:57,2026-05-11 4:27,0.9155,CRITICAL,위험,1,0,1,0,정상,
2026-05-11 3:58,2026-05-11 4:28,0.9549,CRITICAL,위험,1,0,1,0,정상,
2026-05-11 3:59,2026-05-11 4:29,0.9524,CRITICAL,위험,1,0,1,0,정상,
2026-05-11 4:00,2026-05-11 4:30,0.96,CRITICAL,위험,1,0,1,0,정상,
2026-05-11 4:01,2026-05-11 4:31,0.7578,WARNING,경보,1,0,1,0,정상,
2026-05-11 4:02,2026-05-11 4:32,0.8065,WARNING,경보,1,0,1,0,정상,
2026-05-11 4:03,2026-05-11 4:33,0.5831,INFO,주의,1,0,1,0,정상,
2026-05-11 4:04,2026-05-11 4:34,0.8351,WARNING,경보,1,0,1,0,정상,
2026-05-11 4:05,2026-05-11 4:35,0.8373,WARNING,경보,1,0,1,0,정상,
2026-05-11 4:06,2026-05-11 4:36,0.8506,CRITICAL,위험,1,0,1,0,정상,
2026-05-11 4:07,2026-05-11 4:37,0.9345,CRITICAL,위험,1,0,1,0,정상,
2026-05-11 4:08,2026-05-11 4:38,0.9638,CRITICAL,위험,1,0,1,0,정상,
2026-05-11 4:09,2026-05-11 4:39,0.9483,CRITICAL,위험,1,0,1,0,정상,
2026-05-11 4:10,2026-05-11 4:40,0.9754,CRITICAL,위험,1,0,1,0,정상,
2026-05-11 4:11,2026-05-11 4:41,0.981,CRITICAL,위험,1,0,1,0,정상,
2026-05-11 4:12,2026-05-11 4:42,0.9871,CRITICAL,위험,1,1,0,0,정상,
2026-05-11 4:13,2026-05-11 4:43,0.9886,CRITICAL,위험,1,1,1,0,정상,
2026-05-11 4:14,2026-05-11 4:44,0.9886,CRITICAL,위험,1,1,0,0,정상,
2026-05-11 4:15,2026-05-11 4:45,0.9883,CRITICAL,위험,1,1,0,0,정상,
2026-05-11 4:16,2026-05-11 4:46,0.9887,CRITICAL,위험,1,1,0,0,정상,
2026-05-11 4:17,2026-05-11 4:47,0.9914,CRITICAL,위험,1,1,0,0,정상,
2026-05-11 4:18,2026-05-11 4:48,0.9882,CRITICAL,위험,1,1,0,0,정상,
2026-05-11 4:19,2026-05-11 4:49,0.9899,CRITICAL,위험,1,1,0,0,정상,
2026-05-11 4:20,2026-05-11 4:50,0.9887,CRITICAL,위험,1,1,0,0,정상,
2026-05-11 4:21,2026-05-11 4:51,0.99,CRITICAL,위험,1,0,0,0,정상,
2026-05-11 4:22,2026-05-11 4:52,0.9885,CRITICAL,위험,1,0,0,0,정상,
2026-05-11 4:23,2026-05-11 4:53,0.9884,CRITICAL,위험,1,0,0,0,정상,
2026-05-11 4:24,2026-05-11 4:54,0.9833,CRITICAL,위험,1,0,0,0,정상,
2026-05-11 4:25,2026-05-11 4:55,0.9872,CRITICAL,위험,1,0,0,0,정상,
2026-05-11 4:26,2026-05-11 4:56,0.9852,CRITICAL,위험,1,0,0,0,정상,
2026-05-11 4:27,2026-05-11 4:57,0.9836,CRITICAL,위험,1,0,0,0,정상,
2026-05-11 4:28,2026-05-11 4:58,0.987,CRITICAL,위험,1,0,0,0,정상,
2026-05-11 4:29,2026-05-11 4:59,0.9872,CRITICAL,위험,1,0,0,0,정상,
2026-05-11 4:30,2026-05-11 5:00,0.9813,CRITICAL,위험,1,0,0,0,정상,
2026-05-11 4:31,2026-05-11 5:01,0.9787,CRITICAL,위험,1,0,0,0,정상,
2026-05-11 4:32,2026-05-11 5:02,0.983,CRITICAL,위험,1,0,0,0,정상,
2026-05-11 4:33,2026-05-11 5:03,0.9826,CRITICAL,위험,1,0,0,0,정상,
2026-05-11 4:34,2026-05-11 5:04,0.9785,CRITICAL,위험,1,0,0,0,정상,
2026-05-11 4:35,2026-05-11 5:05,0.9842,CRITICAL,위험,1,0,0,0,정상,
2026-05-11 4:36,2026-05-11 5:06,0.9791,CRITICAL,위험,1,0,0,0,정상,
2026-05-11 4:37,2026-05-11 5:07,0.9804,CRITICAL,위험,1,0,0,0,정상,
2026-05-11 4:38,2026-05-11 5:08,0.98,CRITICAL,위험,1,0,0,0,정상,
2026-05-11 4:39,2026-05-11 5:09,0.9838,CRITICAL,위험,1,0,1,0,정상,
2026-05-11 4:40,2026-05-11 5:10,0.9833,CRITICAL,위험,1,0,1,0,정상,
2026-05-11 4:41,2026-05-11 5:11,0.9851,CRITICAL,위험,1,0,1,0,정상,
2026-05-11 4:42,2026-05-11 5:12,0.982,CRITICAL,위험,1,0,0,0,정상,
2026-05-11 4:43,2026-05-11 5:13,0.9828,CRITICAL,위험,1,0,1,0,정상,
2026-05-11 4:44,2026-05-11 5:14,0.9838,CRITICAL,위험,1,0,1,0,정상,
2026-05-11 4:45,2026-05-11 5:15,0.9834,CRITICAL,위험,1,0,1,0,정상,
2026-05-11 4:46,2026-05-11 5:16,0.983,CRITICAL,위험,1,0,0,0,정상,
2026-05-11 4:47,2026-05-11 5:17,0.9876,CRITICAL,위험,1,0,0,0,정상,
2026-05-11 4:48,2026-05-11 5:18,0.9847,CRITICAL,위험,1,0,0,0,정상,
2026-05-11 4:49,2026-05-11 5:19,0.9868,CRITICAL,위험,1,0,1,0,정상,
2026-05-11 4:50,2026-05-11 5:20,0.9872,CRITICAL,위험,1,0,1,0,정상,
2026-05-11 4:51,2026-05-11 5:21,0.9834,CRITICAL,위험,1,0,0,0,정상,
2026-05-11 4:52,2026-05-11 5:22,0.9856,CRITICAL,위험,1,0,1,0,정상,
2026-05-11 4:53,2026-05-11 5:23,0.9804,CRITICAL,위험,1,0,1,0,정상,
2026-05-11 4:54,2026-05-11 5:24,0.4868,INFO,주의,1,0,1,0,정상,
2026-05-11 4:55,2026-05-11 5:25,0.7394,WARNING,경보,1,0,1,0,정상,
2026-05-11 4:56,2026-05-11 5:26,0.7745,WARNING,경보,1,0,1,0,정상,
2026-05-11 4:57,2026-05-11 5:27,0.763,WARNING,경보,1,0,1,0,정상,
2026-05-11 4:58,2026-05-11 5:28,0.7736,WARNING,경보,1,0,1,0,정상,
2026-05-11 4:59,2026-05-11 5:29,0.8224,WARNING,경보,1,0,1,0,정상,
2026-05-11 5:00,2026-05-11 5:30,0.812,WARNING,경보,1,0,1,0,정상,
2026-05-11 5:01,2026-05-11 5:31,0.805,WARNING,경보,1,0,1,0,정상,
2026-05-11 5:02,2026-05-11 5:32,0.4368,INFO,주의,1,0,1,0,정상,
2026-05-11 5:03,2026-05-11 5:33,0.7015,WARNING,경보,1,0,1,0,정상,
2026-05-11 5:04,2026-05-11 5:34,0.7693,WARNING,경보,1,0,1,0,정상,
2026-05-11 5:05,2026-05-11 5:35,0.7882,WARNING,경보,1,0,1,0,정상,
2026-05-11 5:06,2026-05-11 5:36,0.7422,WARNING,경보,1,0,1,0,정상,
2026-05-11 5:07,2026-05-11 5:37,0.7556,WARNING,경보,1,0,1,0,정상,
2026-05-11 5:08,2026-05-11 5:38,0.7889,WARNING,경보,1,0,1,0,정상,
2026-05-11 5:09,2026-05-11 5:39,0.7661,WARNING,경보,1,0,1,0,정상,
2026-05-11 5:10,2026-05-11 5:40,0.9114,CRITICAL,위험,1,0,1,0,정상,
2026-05-11 5:11,2026-05-11 5:41,0.9369,CRITICAL,위험,1,0,1,0,정상,
2026-05-11 5:12,2026-05-11 5:42,0.792,WARNING,경보,1,0,1,0,정상,
2026-05-11 5:13,2026-05-11 5:43,0.9864,CRITICAL,위험,1,0,1,0,정상,
2026-05-11 5:14,2026-05-11 5:44,0.9866,CRITICAL,위험,1,0,1,0,정상,
2026-05-11 5:15,2026-05-11 5:45,0.9853,CRITICAL,위험,1,0,0,0,정상,
2026-05-11 5:16,2026-05-11 5:46,0.9854,CRITICAL,위험,1,0,1,0,정상,
2026-05-11 5:17,2026-05-11 5:47,0.9807,CRITICAL,위험,1,1,1,0,정상,
2026-05-11 5:18,2026-05-11 5:48,0.9777,CRITICAL,위험,1,1,0,0,정상,
2026-05-11 5:19,2026-05-11 5:49,0.9607,CRITICAL,위험,1,1,1,0,정상,
2026-05-11 5:20,2026-05-11 5:50,0.9764,CRITICAL,위험,1,1,1,0,정상,
2026-05-11 5:21,2026-05-11 5:51,0.9734,CRITICAL,위험,1,1,1,0,정상,
2026-05-11 5:22,2026-05-11 5:52,0.9618,CRITICAL,위험,1,1,1,0,정상,
2026-05-11 5:23,2026-05-11 5:53,0.9761,CRITICAL,위험,1,1,0,0,정상,
2026-05-11 5:24,2026-05-11 5:54,0.974,CRITICAL,위험,1,1,0,0,정상,
2026-05-11 5:25,2026-05-11 5:55,0.9748,CRITICAL,위험,1,0,0,0,정상,
2026-05-11 5:26,2026-05-11 5:56,0.9726,CRITICAL,위험,1,0,0,0,정상,
2026-05-11 5:27,2026-05-11 5:57,0.9703,CRITICAL,위험,1,0,0,0,정상,
2026-05-11 5:28,2026-05-11 5:58,0.9687,CRITICAL,위험,1,0,0,0,정상,
2026-05-11 5:29,2026-05-11 5:59,0.9655,CRITICAL,위험,1,0,0,0,정상,
2026-05-11 5:30,2026-05-11 6:00,0.9666,CRITICAL,위험,1,0,0,0,정상,
2026-05-11 5:31,2026-05-11 6:01,0.9771,CRITICAL,위험,1,0,0,0,정상,
2026-05-11 5:32,2026-05-11 6:02,0.9559,CRITICAL,위험,1,0,0,0,정상,
2026-05-11 5:33,2026-05-11 6:03,0.9727,CRITICAL,위험,1,0,0,0,정상,
2026-05-11 5:34,2026-05-11 6:04,0.9774,CRITICAL,위험,1,0,0,0,정상,
2026-05-11 5:35,2026-05-11 6:05,0.9677,CRITICAL,위험,1,0,0,0,정상,
2026-05-11 5:36,2026-05-11 6:06,0.971,CRITICAL,위험,1,0,0,0,정상,
2026-05-11 5:37,2026-05-11 6:07,0.9782,CRITICAL,위험,1,1,0,0,정상,
2026-05-11 5:38,2026-05-11 6:08,0.9815,CRITICAL,위험,1,1,0,0,정상,
2026-05-11 5:39,2026-05-11 6:09,0.9726,CRITICAL,위험,1,1,0,0,정상,
2026-05-11 5:40,2026-05-11 6:10,0.9784,CRITICAL,위험,1,1,0,0,정상,
2026-05-11 5:41,2026-05-11 6:11,0.9814,CRITICAL,위험,1,0,0,0,정상,
2026-05-11 5:42,2026-05-11 6:12,0.9845,CRITICAL,위험,1,0,0,0,정상,
2026-05-11 5:43,2026-05-11 6:13,0.982,CRITICAL,위험,1,0,1,0,정상,
2026-05-11 5:44,2026-05-11 6:14,0.9828,CRITICAL,위험,1,0,1,0,정상,
2026-05-11 5:45,2026-05-11 6:15,0.9791,CRITICAL,위험,1,0,1,0,정상,
2026-05-11 5:46,2026-05-11 6:16,0.9779,CRITICAL,위험,1,0,1,0,정상,
2026-05-11 5:47,2026-05-11 6:17,0.9813,CRITICAL,위험,1,0,1,0,정상,
2026-05-11 5:48,2026-05-11 6:18,0.9792,CRITICAL,위험,1,0,1,0,정상,
2026-05-11 5:49,2026-05-11 6:19,0.9864,CRITICAL,위험,1,0,0,0,정상,
2026-05-11 5:50,2026-05-11 6:20,0.9819,CRITICAL,위험,1,0,0,0,정상,
2026-05-11 5:51,2026-05-11 6:21,0.9771,CRITICAL,위험,1,0,0,0,정상,
2026-05-11 5:52,2026-05-11 6:22,0.9792,CRITICAL,위험,1,0,0,0,정상,
2026-05-11 5:53,2026-05-11 6:23,0.9731,CRITICAL,위험,1,0,0,0,정상,
2026-05-11 5:54,2026-05-11 6:24,0.9751,CRITICAL,위험,1,0,1,0,정상,
2026-05-11 5:55,2026-05-11 6:25,0.9731,CRITICAL,위험,1,0,1,0,정상,
2026-05-11 5:56,2026-05-11 6:26,0.9762,CRITICAL,위험,1,0,1,0,정상,
2026-05-11 5:57,2026-05-11 6:27,0.9769,CRITICAL,위험,1,0,0,0,정상,
2026-05-11 5:58,2026-05-11 6:28,0.9765,CRITICAL,위험,1,0,0,0,정상,
2026-05-11 5:59,2026-05-11 6:29,0.9739,CRITICAL,위험,1,0,1,0,정상,
2026-05-11 6:00,2026-05-11 6:30,0.9745,CRITICAL,위험,1,0,1,0,정상,
2026-05-11 6:01,2026-05-11 6:31,0.9806,CRITICAL,위험,1,0,1,0,정상,
2026-05-11 6:02,2026-05-11 6:32,0.978,CRITICAL,위험,1,0,1,0,정상,
2026-05-11 6:03,2026-05-11 6:33,0.973,CRITICAL,위험,1,0,0,0,정상,
2026-05-11 6:04,2026-05-11 6:34,0.9741,CRITICAL,위험,1,0,1,0,정상,
2026-05-11 6:05,2026-05-11 6:35,0.972,CRITICAL,위험,1,0,1,0,정상,
2026-05-11 6:06,2026-05-11 6:36,0.9745,CRITICAL,위험,1,0,0,0,정상,
2026-05-11 6:07,2026-05-11 6:37,0.9727,CRITICAL,위험,1,0,0,0,정상,
2026-05-11 6:08,2026-05-11 6:38,0.9745,CRITICAL,위험,1,0,1,0,정상,
2026-05-11 6:09,2026-05-11 6:39,0.9734,CRITICAL,위험,1,0,1,0,정상,
2026-05-11 6:10,2026-05-11 6:40,0.9472,CRITICAL,위험,1,0,1,0,정상,
2026-05-11 6:11,2026-05-11 6:41,0.9745,CRITICAL,위험,1,0,1,0,정상,
2026-05-11 6:12,2026-05-11 6:42,0.9721,CRITICAL,위험,1,0,1,0,정상,
2026-05-11 6:13,2026-05-11 6:43,0.9706,CRITICAL,위험,1,1,1,0,정상,
2026-05-11 6:14,2026-05-11 6:44,0.974,CRITICAL,위험,1,1,0,0,정상,
2026-05-11 6:15,2026-05-11 6:45,0.9627,CRITICAL,위험,1,1,0,0,정상,
2026-05-11 6:16,2026-05-11 6:46,0.9636,CRITICAL,위험,1,0,0,0,정상,
2026-05-11 6:17,2026-05-11 6:47,0.9644,CRITICAL,위험,1,0,0,0,정상,
2026-05-11 6:18,2026-05-11 6:48,0.9733,CRITICAL,위험,1,0,0,0,정상,
2026-05-11 6:19,2026-05-11 6:49,0.9713,CRITICAL,위험,1,0,0,0,정상,
2026-05-11 6:20,2026-05-11 6:50,0.9731,CRITICAL,위험,1,0,1,0,정상,
2026-05-11 6:21,2026-05-11 6:51,0.9714,CRITICAL,위험,1,0,1,0,정상,
2026-05-11 6:22,2026-05-11 6:52,0.9778,CRITICAL,위험,1,0,0,0,정상,
2026-05-11 6:23,2026-05-11 6:53,0.9607,CRITICAL,위험,1,0,1,0,정상,
2026-05-11 6:24,2026-05-11 6:54,0.9675,CRITICAL,위험,1,0,1,0,정상,
2026-05-11 6:25,2026-05-11 6:55,0.9705,CRITICAL,위험,1,0,1,0,정상,
2026-05-11 6:26,2026-05-11 6:56,0.9671,CRITICAL,위험,1,1,1,0,정상,
2026-05-11 6:27,2026-05-11 6:57,0.9733,CRITICAL,위험,1,0,1,0,정상,
2026-05-11 6:28,2026-05-11 6:58,0.9777,CRITICAL,위험,1,1,1,0,정상,
2026-05-11 6:29,2026-05-11 6:59,0.9672,CRITICAL,위험,1,1,0,0,정상,
2026-05-11 6:30,2026-05-11 7:00,0.9749,CRITICAL,위험,1,1,0,0,정상,
2026-05-11 6:31,2026-05-11 7:01,0.9774,CRITICAL,위험,1,1,1,0,정상,
2026-05-11 6:32,2026-05-11 7:02,0.9795,CRITICAL,위험,1,0,1,0,정상,
2026-05-11 6:33,2026-05-11 7:03,0.9751,CRITICAL,위험,1,0,1,0,정상,
2026-05-11 6:34,2026-05-11 7:04,0.9793,CRITICAL,위험,1,0,1,0,정상,
2026-05-11 6:35,2026-05-11 7:05,0.9733,CRITICAL,위험,1,0,1,0,정상,
2026-05-11 6:36,2026-05-11 7:06,0.978,CRITICAL,위험,1,0,1,0,정상,
2026-05-11 6:37,2026-05-11 7:07,0.9733,CRITICAL,위험,1,0,1,0,정상,
2026-05-11 6:38,2026-05-11 7:08,0.9788,CRITICAL,위험,1,0,0,0,정상,
2026-05-11 6:39,2026-05-11 7:09,0.9785,CRITICAL,위험,1,0,0,0,정상,
2026-05-11 6:40,2026-05-11 7:10,0.9804,CRITICAL,위험,1,0,0,0,정상,
2026-05-11 6:41,2026-05-11 7:11,0.9762,CRITICAL,위험,1,0,0,0,정상,
2026-05-11 6:42,2026-05-11 7:12,0.9758,CRITICAL,위험,1,0,1,0,정상,
2026-05-11 6:43,2026-05-11 7:13,0.9726,CRITICAL,위험,1,0,0,0,정상,
2026-05-11 6:44,2026-05-11 7:14,0.8204,WARNING,경보,1,0,0,0,정상,
2026-05-11 6:45,2026-05-11 7:15,0.9596,CRITICAL,위험,1,0,0,0,정상,
2026-05-11 6:46,2026-05-11 7:16,0.9682,CRITICAL,위험,1,0,0,0,정상,
2026-05-11 6:47,2026-05-11 7:17,0.9622,CRITICAL,위험,1,0,0,0,정상,
2026-05-11 6:48,2026-05-11 7:18,0.9588,CRITICAL,위험,1,0,0,0,정상,
2026-05-11 6:49,2026-05-11 7:19,0.9626,CRITICAL,위험,1,0,0,0,정상,
2026-05-11 6:50,2026-05-11 7:20,0.9546,CRITICAL,위험,1,0,0,0,정상,
2026-05-11 6:51,2026-05-11 7:21,0.9413,CRITICAL,위험,1,0,0,0,정상,
2026-05-11 6:52,2026-05-11 7:22,0.9768,CRITICAL,위험,1,0,0,0,정상,
2026-05-11 6:53,2026-05-11 7:23,0.9715,CRITICAL,위험,1,0,0,0,정상,
2026-05-11 6:54,2026-05-11 7:24,0.9657,CRITICAL,위험,1,0,0,0,정상,
2026-05-11 6:55,2026-05-11 7:25,0.9744,CRITICAL,위험,1,0,0,0,정상,
2026-05-11 6:56,2026-05-11 7:26,0.9639,CRITICAL,위험,1,0,0,0,정상,
2026-05-11 6:57,2026-05-11 7:27,0.3631,INFO,주의,1,0,0,0,정상,
2026-05-11 6:58,2026-05-11 7:28,0.5106,INFO,주의,1,0,0,0,정상,
2026-05-11 6:59,2026-05-11 7:29,0.483,INFO,주의,1,0,0,0,정상,
2026-05-11 7:00,2026-05-11 7:30,0.3296,INFO,주의,1,0,0,0,정상,
2026-05-11 7:01,2026-05-11 7:31,0.5614,INFO,주의,1,0,0,0,정상,
2026-05-11 7:02,2026-05-11 7:32,0.8716,CRITICAL,위험,1,1,0,0,정상,
2026-05-11 7:03,2026-05-11 7:33,0.9071,CRITICAL,위험,1,0,0,0,정상,
2026-05-11 7:04,2026-05-11 7:34,0.9111,CRITICAL,위험,1,0,0,0,정상,
2026-05-11 7:05,2026-05-11 7:35,0.9358,CRITICAL,위험,1,1,0,0,정상,
2026-05-11 7:06,2026-05-11 7:36,0.9685,CRITICAL,위험,1,1,0,0,정상,
2026-05-11 7:07,2026-05-11 7:37,0.9742,CRITICAL,위험,1,1,0,0,정상,
2026-05-11 7:08,2026-05-11 7:38,0.9802,CRITICAL,위험,1,1,0,0,정상,
2026-05-11 7:09,2026-05-11 7:39,0.9643,CRITICAL,위험,1,1,0,0,정상,
2026-05-11 7:10,2026-05-11 7:40,0.9832,CRITICAL,위험,1,1,0,0,정상,
2026-05-11 7:11,2026-05-11 7:41,0.9782,CRITICAL,위험,1,0,0,0,정상,
2026-05-11 7:12,2026-05-11 7:42,0.9871,CRITICAL,위험,1,0,0,0,정상,
2026-05-11 7:13,2026-05-11 7:43,0.9824,CRITICAL,위험,1,0,0,0,정상,
2026-05-11 7:14,2026-05-11 7:44,0.986,CRITICAL,위험,1,0,0,0,정상,
2026-05-11 7:15,2026-05-11 7:45,0.9821,CRITICAL,위험,1,1,0,0,정상,
2026-05-11 7:16,2026-05-11 7:46,0.9832,CRITICAL,위험,1,1,0,0,정상,
2026-05-11 7:17,2026-05-11 7:47,0.979,CRITICAL,위험,1,1,0,0,정상,
2026-05-11 7:18,2026-05-11 7:48,0.9827,CRITICAL,위험,1,0,0,0,정상,
2026-05-11 7:19,2026-05-11 7:49,0.9776,CRITICAL,위험,1,0,0,0,정상,
2026-05-11 7:20,2026-05-11 7:50,0.9777,CRITICAL,위험,1,0,0,0,정상,
2026-05-11 7:21,2026-05-11 7:51,0.9736,CRITICAL,위험,1,0,0,0,정상,
2026-05-11 7:22,2026-05-11 7:52,0.9773,CRITICAL,위험,1,0,0,0,정상,
2026-05-11 7:23,2026-05-11 7:53,0.9727,CRITICAL,위험,1,0,0,0,정상,
2026-05-11 7:24,2026-05-11 7:54,0.9791,CRITICAL,위험,1,0,0,0,정상,
2026-05-11 7:25,2026-05-11 7:55,0.9756,CRITICAL,위험,1,0,0,0,정상,
2026-05-11 7:26,2026-05-11 7:56,0.9822,CRITICAL,위험,1,0,0,0,정상,
2026-05-11 7:27,2026-05-11 7:57,0.9799,CRITICAL,위험,1,0,0,0,정상,
2026-05-11 7:28,2026-05-11 7:58,0.9817,CRITICAL,위험,1,0,0,0,정상,
2026-05-11 7:29,2026-05-11 7:59,0.98,CRITICAL,위험,1,0,0,0,정상,
2026-05-11 7:30,2026-05-11 8:00,0.9821,CRITICAL,위험,1,0,0,0,정상,
2026-05-11 7:31,2026-05-11 8:01,0.9817,CRITICAL,위험,1,1,0,0,정상,
2026-05-11 7:32,2026-05-11 8:02,0.9797,CRITICAL,위험,1,0,0,0,정상,
2026-05-11 7:33,2026-05-11 8:03,0.9772,CRITICAL,위험,1,1,0,0,정상,
2026-05-11 7:34,2026-05-11 8:04,0.9775,CRITICAL,위험,1,1,0,0,정상,
2026-05-11 7:35,2026-05-11 8:05,0.9794,CRITICAL,위험,1,1,0,0,정상,
2026-05-11 7:36,2026-05-11 8:06,0.9799,CRITICAL,위험,1,1,1,0,정상,
2026-05-11 7:37,2026-05-11 8:07,0.9771,CRITICAL,위험,1,1,0,0,정상,
2026-05-11 7:38,2026-05-11 8:08,0.9787,CRITICAL,위험,1,1,1,0,정상,
2026-05-11 7:39,2026-05-11 8:09,0.9358,CRITICAL,위험,1,1,1,0,정상,
2026-05-11 7:40,2026-05-11 8:10,0.9508,CRITICAL,위험,1,0,1,0,정상,
2026-05-11 7:41,2026-05-11 8:11,0.9812,CRITICAL,위험,1,0,1,0,정상,
2026-05-11 7:42,2026-05-11 8:12,0.9827,CRITICAL,위험,1,0,1,0,정상,
2026-05-11 7:43,2026-05-11 8:13,0.9787,CRITICAL,위험,1,0,1,0,정상,
2026-05-11 7:44,2026-05-11 8:14,0.9829,CRITICAL,위험,1,0,1,0,정상,
2026-05-11 7:45,2026-05-11 8:15,0.9765,CRITICAL,위험,1,1,0,0,정상,
2026-05-11 7:46,2026-05-11 8:16,0.9792,CRITICAL,위험,1,1,0,0,정상,
2026-05-11 7:47,2026-05-11 8:17,0.9638,CRITICAL,위험,1,1,0,0,정상,
2026-05-11 7:48,2026-05-11 8:18,0.9458,CRITICAL,위험,1,1,0,0,정상,
2026-05-11 7:49,2026-05-11 8:19,0.9507,CRITICAL,위험,1,1,0,0,정상,
2026-05-11 7:50,2026-05-11 8:20,0.9473,CRITICAL,위험,1,1,0,0,정상,
2026-05-11 7:51,2026-05-11 8:21,0.9197,CRITICAL,위험,1,1,0,0,정상,
2026-05-11 7:52,2026-05-11 8:22,0.9302,CRITICAL,위험,1,1,0,0,정상,
2026-05-11 7:53,2026-05-11 8:23,0.9224,CRITICAL,위험,1,1,0,0,정상,
2026-05-11 7:54,2026-05-11 8:24,0.9334,CRITICAL,위험,1,0,0,0,정상,
2026-05-11 7:55,2026-05-11 8:25,0.9079,CRITICAL,위험,1,0,0,0,정상,
2026-05-11 7:56,2026-05-11 8:26,0.9062,CRITICAL,위험,1,0,0,0,정상,
2026-05-11 7:57,2026-05-11 8:27,0.9251,CRITICAL,위험,1,0,0,0,정상,
2026-05-11 7:58,2026-05-11 8:28,0.957,CRITICAL,위험,1,0,0,0,정상,
2026-05-11 7:59,2026-05-11 8:29,0.9035,CRITICAL,위험,1,0,0,0,정상,
2026-05-11 8:00,2026-05-11 8:30,0.9286,CRITICAL,위험,1,0,0,0,정상,
2026-05-11 8:01,2026-05-11 8:31,0.8908,CRITICAL,위험,1,0,0,0,정상,
2026-05-11 8:02,2026-05-11 8:32,0.9208,CRITICAL,위험,1,0,0,0,정상,
2026-05-11 8:03,2026-05-11 8:33,0.9211,CRITICAL,위험,1,0,0,0,정상,
2026-05-11 8:04,2026-05-11 8:34,0.9546,CRITICAL,위험,1,0,0,0,정상,
2026-05-11 8:05,2026-05-11 8:35,0.9654,CRITICAL,위험,1,0,1,0,정상,
2026-05-11 8:06,2026-05-11 8:36,0.9613,CRITICAL,위험,1,1,1,0,정상,
2026-05-11 8:07,2026-05-11 8:37,0.9673,CRITICAL,위험,1,1,0,0,정상,
2026-05-11 8:08,2026-05-11 8:38,0.9686,CRITICAL,위험,1,1,0,0,정상,
2026-05-11 8:09,2026-05-11 8:39,0.9689,CRITICAL,위험,1,1,0,0,정상,
2026-05-11 8:10,2026-05-11 8:40,0.9809,CRITICAL,위험,1,1,0,0,정상,
2026-05-11 8:11,2026-05-11 8:41,0.9759,CRITICAL,위험,1,1,0,0,정상,
2026-05-11 8:12,2026-05-11 8:42,0.9734,CRITICAL,위험,1,1,0,0,정상,
2026-05-11 8:13,2026-05-11 8:43,0.9713,CRITICAL,위험,1,1,0,0,정상,
2026-05-11 8:14,2026-05-11 8:44,0.9643,CRITICAL,위험,1,1,0,0,정상,
2026-05-11 8:15,2026-05-11 8:45,0.9491,CRITICAL,위험,1,1,0,0,정상,
2026-05-11 8:16,2026-05-11 8:46,0.9532,CRITICAL,위험,1,0,0,0,정상,
2026-05-11 8:17,2026-05-11 8:47,0.948,CRITICAL,위험,1,0,0,0,정상,
2026-05-11 8:18,2026-05-11 8:48,0.9204,CRITICAL,위험,1,0,0,0,정상,
2026-05-11 8:19,2026-05-11 8:49,0.8905,CRITICAL,위험,1,0,0,0,정상,
2026-05-11 8:20,2026-05-11 8:50,0.9562,CRITICAL,위험,1,0,0,0,정상,
2026-05-11 8:21,2026-05-11 8:51,0.9334,CRITICAL,위험,1,0,0,0,정상,
2026-05-11 8:22,2026-05-11 8:52,0.9169,CRITICAL,위험,1,0,0,0,정상,
2026-05-11 8:23,2026-05-11 8:53,0.8983,CRITICAL,위험,1,0,0,0,정상,
2026-05-11 8:24,2026-05-11 8:54,0.7316,WARNING,경보,1,0,0,0,정상,
2026-05-11 8:25,2026-05-11 8:55,0.8848,CRITICAL,위험,1,0,0,0,정상,
2026-05-11 8:26,2026-05-11 8:56,0.8182,WARNING,경보,1,0,0,0,정상,
2026-05-11 8:27,2026-05-11 8:57,0.6943,INFO,주의,1,0,0,0,정상,
2026-05-11 8:28,2026-05-11 8:58,0.7222,WARNING,경보,1,0,0,0,정상,
2026-05-11 8:29,2026-05-11 8:59,0.6259,INFO,주의,1,0,0,0,정상,
2026-05-11 8:30,2026-05-11 9:00,0.2141,OK,정상,1,0,0,0,정상,
2026-05-11 8:31,2026-05-11 9:01,0.5425,INFO,주의,1,0,0,0,정상,
2026-05-11 8:32,2026-05-11 9:02,0.6505,INFO,주의,1,0,0,0,정상,
2026-05-11 8:33,2026-05-11 9:03,0.6265,INFO,주의,1,0,0,0,정상,
2026-05-11 8:34,2026-05-11 9:04,0.663,INFO,주의,1,0,0,0,정상,
2026-05-11 8:35,2026-05-11 9:05,0.5623,INFO,주의,1,0,0,0,정상,
2026-05-11 8:36,2026-05-11 9:06,0.4813,INFO,주의,1,0,0,0,정상,
2026-05-11 8:37,2026-05-11 9:07,0.5496,INFO,주의,1,0,0,0,정상,
2026-05-11 8:38,2026-05-11 9:08,0.6753,INFO,주의,1,1,1,0,정상,
2026-05-11 8:39,2026-05-11 9:09,0.652,INFO,주의,1,1,0,0,정상,
2026-05-11 8:40,2026-05-11 9:10,0.4953,INFO,주의,1,1,1,0,정상,
2026-05-11 8:41,2026-05-11 9:11,0.4416,INFO,주의,1,1,1,0,정상,
2026-05-11 8:42,2026-05-11 9:12,0.6689,INFO,주의,1,0,1,0,정상,
2026-05-11 8:43,2026-05-11 9:13,0.6393,INFO,주의,1,0,1,0,정상,
2026-05-11 8:44,2026-05-11 9:14,0.6582,INFO,주의,1,0,1,0,정상,
2026-05-11 8:45,2026-05-11 9:15,0.7608,WARNING,경보,1,1,0,0,정상,
2026-05-11 8:46,2026-05-11 9:16,0.4732,INFO,주의,1,1,0,0,정상,
2026-05-11 8:47,2026-05-11 9:17,0.4742,INFO,주의,1,0,0,0,정상,
2026-05-11 8:48,2026-05-11 9:18,0.4898,INFO,주의,1,0,0,0,정상,
2026-05-11 8:49,2026-05-11 9:19,0.4068,INFO,주의,1,0,0,0,정상,
2026-05-11 8:50,2026-05-11 9:20,0.3184,INFO,주의,1,0,0,0,정상,
2026-05-11 8:51,2026-05-11 9:21,0.398,INFO,주의,1,0,0,0,정상,
2026-05-11 8:52,2026-05-11 9:22,0.422,INFO,주의,1,0,0,0,정상,
2026-05-11 8:53,2026-05-11 9:23,0.4219,INFO,주의,1,0,0,0,정상,
2026-05-11 8:54,2026-05-11 9:24,0.5896,INFO,주의,1,0,0,0,정상,
2026-05-11 8:55,2026-05-11 9:25,0.6366,INFO,주의,1,0,0,0,정상,
2026-05-11 8:56,2026-05-11 9:26,0.6388,INFO,주의,1,0,0,0,정상,
2026-05-11 8:57,2026-05-11 9:27,0.744,WARNING,경보,1,1,0,0,정상,
2026-05-11 8:58,2026-05-11 9:28,0.4199,INFO,주의,1,1,0,0,정상,
2026-05-11 8:59,2026-05-11 9:29,0.7149,WARNING,경보,1,1,0,0,정상,
2026-05-11 9:00,2026-05-11 9:30,0.3617,INFO,주의,1,1,0,0,정상,
2026-05-11 9:01,2026-05-11 9:31,0.6094,INFO,주의,1,1,0,0,정상,
2026-05-11 9:02,2026-05-11 9:32,0.3865,INFO,주의,1,1,0,0,정상,
2026-05-11 9:03,2026-05-11 9:33,0.3902,INFO,주의,1,1,0,0,정상,
2026-05-11 9:04,2026-05-11 9:34,0.2445,OK,정상,1,1,0,0,정상,
2026-05-11 9:05,2026-05-11 9:35,0.4774,INFO,주의,1,1,0,0,정상,
2026-05-11 9:06,2026-05-11 9:36,0.2783,OK,정상,1,0,0,0,정상,
2026-05-11 9:07,2026-05-11 9:37,0.5417,INFO,주의,1,0,0,0,정상,
2026-05-11 9:08,2026-05-11 9:38,0.2742,OK,정상,1,0,0,0,정상,
2026-05-11 9:09,2026-05-11 9:39,0.4703,INFO,주의,1,0,0,0,정상,
2026-05-11 9:10,2026-05-11 9:40,0.2624,OK,정상,1,0,0,0,정상,
2026-05-11 9:11,2026-05-11 9:41,0.3063,INFO,주의,1,0,0,0,정상,
2026-05-11 9:12,2026-05-11 9:42,0.1331,OK,정상,1,0,0,0,정상,
2026-05-11 9:13,2026-05-11 9:43,0.3613,INFO,주의,1,0,0,0,정상,
2026-05-11 9:14,2026-05-11 9:44,0.2638,OK,정상,1,0,0,0,정상,
2026-05-11 9:15,2026-05-11 9:45,0.3169,INFO,주의,1,0,0,0,정상,
2026-05-11 9:16,2026-05-11 9:46,0.2339,OK,정상,1,0,0,0,정상,
2026-05-11 9:17,2026-05-11 9:47,0.3452,INFO,주의,1,0,0,0,정상,
2026-05-11 9:18,2026-05-11 9:48,0.195,OK,정상,1,0,0,0,정상,
2026-05-11 9:19,2026-05-11 9:49,0.4394,INFO,주의,1,0,0,0,정상,
2026-05-11 9:20,2026-05-11 9:50,0.1634,OK,정상,1,0,0,0,정상,
2026-05-11 9:21,2026-05-11 9:51,0.4662,INFO,주의,1,1,0,0,정상,
2026-05-11 9:22,2026-05-11 9:52,0.2922,OK,정상,1,1,0,0,정상,
2026-05-11 9:23,2026-05-11 9:53,0.2392,OK,정상,1,1,0,0,정상,
2026-05-11 9:24,2026-05-11 9:54,0.3101,INFO,주의,1,1,0,0,정상,
2026-05-11 9:25,2026-05-11 9:55,0.4532,INFO,주의,1,1,0,0,정상,
2026-05-11 9:26,2026-05-11 9:56,0.3379,INFO,주의,1,1,0,0,정상,
2026-05-11 9:27,2026-05-11 9:57,0.2986,OK,정상,1,1,0,0,정상,
2026-05-11 9:28,2026-05-11 9:58,0.381,INFO,주의,1,0,0,0,정상,
2026-05-11 9:29,2026-05-11 9:59,0.2612,OK,정상,1,0,0,0,정상,
2026-05-11 9:30,2026-05-11 10:00,0.2706,OK,정상,1,0,0,0,정상,
2026-05-11 9:31,2026-05-11 10:01,0.2089,OK,정상,1,0,0,0,정상,
2026-05-11 9:32,2026-05-11 10:02,0.2425,OK,정상,1,0,0,0,정상,
2026-05-11 9:33,2026-05-11 10:03,0.4858,INFO,주의,1,0,0,0,정상,
2026-05-11 9:34,2026-05-11 10:04,0.6521,INFO,주의,1,0,0,0,정상,
2026-05-11 9:35,2026-05-11 10:05,0.5878,INFO,주의,1,0,0,0,정상,
2026-05-11 9:36,2026-05-11 10:06,0.4975,INFO,주의,1,0,0,0,정상,
2026-05-11 9:37,2026-05-11 10:07,0.5388,INFO,주의,1,0,0,0,정상,
2026-05-11 9:38,2026-05-11 10:08,0.7342,WARNING,경보,1,0,0,0,정상,
2026-05-11 9:39,2026-05-11 10:09,0.6911,INFO,주의,1,0,0,0,정상,
2026-05-11 9:40,2026-05-11 10:10,0.5443,INFO,주의,1,1,0,0,정상,
2026-05-11 9:41,2026-05-11 10:11,0.4123,INFO,주의,1,1,0,0,정상,
2026-05-11 9:42,2026-05-11 10:12,0.6873,INFO,주의,1,1,0,0,정상,
2026-05-11 9:43,2026-05-11 10:13,0.4682,INFO,주의,1,1,0,0,정상,
2026-05-11 9:44,2026-05-11 10:14,0.4767,INFO,주의,1,0,0,0,정상,
2026-05-11 9:45,2026-05-11 10:15,0.7904,WARNING,경보,1,0,0,0,정상,
2026-05-11 9:46,2026-05-11 10:16,0.7615,WARNING,경보,1,0,0,0,정상,
2026-05-11 9:47,2026-05-11 10:17,0.8168,WARNING,경보,1,0,0,0,정상,
2026-05-11 9:48,2026-05-11 10:18,0.7777,WARNING,경보,1,0,0,0,정상,
2026-05-11 9:49,2026-05-11 10:19,0.8067,WARNING,경보,1,0,0,0,정상,
2026-05-11 9:50,2026-05-11 10:20,0.5242,INFO,주의,1,0,0,0,정상,
2026-05-11 9:51,2026-05-11 10:21,0.7291,WARNING,경보,1,0,0,0,정상,
2026-05-11 9:52,2026-05-11 10:22,0.425,INFO,주의,1,0,0,0,정상,
2026-05-11 9:53,2026-05-11 10:23,0.7546,WARNING,경보,1,0,0,0,정상,
2026-05-11 9:54,2026-05-11 10:24,0.3077,INFO,주의,1,0,0,0,정상,
2026-05-11 9:55,2026-05-11 10:25,0.3093,INFO,주의,1,0,0,0,정상,
2026-05-11 9:56,2026-05-11 10:26,0.3303,INFO,주의,1,0,0,0,정상,
2026-05-11 9:57,2026-05-11 10:27,0.29,OK,정상,1,0,0,0,정상,
2026-05-11 9:58,2026-05-11 10:28,0.1131,OK,정상,1,0,0,0,정상,
2026-05-11 9:59,2026-05-11 10:29,0.2345,OK,정상,1,1,0,0,정상,
2026-05-11 10:00,2026-05-11 10:30,0.0888,OK,정상,1,1,0,0,정상,
2026-05-11 10:01,2026-05-11 10:31,0.2398,OK,정상,1,1,0,0,정상,
2026-05-11 10:02,2026-05-11 10:32,0.1277,OK,정상,1,1,0,0,정상,
2026-05-11 10:03,2026-05-11 10:33,0.2083,OK,정상,1,1,0,0,정상,
2026-05-11 10:04,2026-05-11 10:34,0.1681,OK,정상,1,1,0,0,정상,
2026-05-11 10:05,2026-05-11 10:35,0.2213,OK,정상,1,1,0,0,정상,
2026-05-11 10:06,2026-05-11 10:36,0.1519,OK,정상,1,0,0,0,정상,
2026-05-11 10:07,2026-05-11 10:37,0.1687,OK,정상,1,0,0,0,정상,
2026-05-11 10:08,2026-05-11 10:38,0.0901,OK,정상,1,0,0,0,정상,
2026-05-11 10:09,2026-05-11 10:39,0.1241,OK,정상,1,0,0,0,정상,
2026-05-11 10:10,2026-05-11 10:40,0.0742,OK,정상,1,0,0,0,정상,
2026-05-11 10:11,2026-05-11 10:41,0.0834,OK,정상,1,0,0,0,정상,
2026-05-11 10:12,2026-05-11 10:42,0.0853,OK,정상,1,0,0,0,정상,
2026-05-11 10:13,2026-05-11 10:43,0.0872,OK,정상,1,0,0,0,정상,
2026-05-11 10:14,2026-05-11 10:44,0.092,OK,정상,1,0,0,0,정상,
2026-05-11 10:15,2026-05-11 10:45,0.075,OK,정상,1,0,0,0,정상,
2026-05-11 10:16,2026-05-11 10:46,0.0708,OK,정상,1,0,0,0,정상,
2026-05-11 10:17,2026-05-11 10:47,0.0775,OK,정상,1,0,0,0,정상,
2026-05-11 10:18,2026-05-11 10:48,0.12,OK,정상,1,0,0,0,정상,
2026-05-11 10:19,2026-05-11 10:49,0.1337,OK,정상,1,0,0,0,정상,
2026-05-11 10:20,2026-05-11 10:50,0.0901,OK,정상,1,1,0,0,정상,
2026-05-11 10:21,2026-05-11 10:51,0.1534,OK,정상,1,1,0,0,정상,
2026-05-11 10:22,2026-05-11 10:52,0.1096,OK,정상,1,1,0,0,정상,
2026-05-11 10:23,2026-05-11 10:53,0.0976,OK,정상,1,1,0,0,정상,
2026-05-11 10:24,2026-05-11 10:54,0.0637,OK,정상,1,1,0,0,정상,
2026-05-11 10:25,2026-05-11 10:55,0.0869,OK,정상,1,1,0,0,정상,
2026-05-11 10:26,2026-05-11 10:56,0.11,OK,정상,1,1,0,0,정상,
2026-05-11 10:27,2026-05-11 10:57,0.1012,OK,정상,1,1,0,0,정상,
2026-05-11 10:28,2026-05-11 10:58,0.0349,OK,정상,1,0,0,0,정상,
2026-05-11 10:29,2026-05-11 10:59,0.0465,OK,정상,1,0,0,0,정상,
2026-05-11 10:30,2026-05-11 11:00,0.0462,OK,정상,1,0,0,0,정상,
2026-05-11 10:31,2026-05-11 11:01,0.0129,OK,정상,1,0,0,0,정상,
2026-05-11 10:32,2026-05-11 11:02,0.0197,OK,정상,0,0,0,0,정상,
2026-05-11 10:33,2026-05-11 11:03,0.0102,OK,정상,1,0,0,0,정상,
2026-05-11 10:34,2026-05-11 11:04,0.014,OK,정상,1,0,0,0,정상,
2026-05-11 10:35,2026-05-11 11:05,0.1504,OK,정상,1,0,0,0,정상,
2026-05-11 10:36,2026-05-11 11:06,0.0066,OK,정상,1,0,0,0,정상,
2026-05-11 10:37,2026-05-11 11:07,0.0059,OK,정상,1,0,0,0,정상,
2026-05-11 10:38,2026-05-11 11:08,0.0083,OK,정상,1,0,0,0,정상,
2026-05-11 10:39,2026-05-11 11:09,0.0032,OK,정상,0,0,0,0,정상,
2026-05-11 10:40,2026-05-11 11:10,0.0048,OK,정상,0,0,0,0,정상,
2026-05-11 10:41,2026-05-11 11:11,0.0046,OK,정상,0,0,0,0,정상,
2026-05-11 10:42,2026-05-11 11:12,0.0039,OK,정상,0,1,0,0,정상,
2026-05-11 10:43,2026-05-11 11:13,0.0061,OK,정상,0,1,0,0,정상,
2026-05-11 10:44,2026-05-11 11:14,0.0109,OK,정상,0,1,0,0,정상,
2026-05-11 10:45,2026-05-11 11:15,0.0077,OK,정상,0,1,0,0,정상,
2026-05-11 10:46,2026-05-11 11:16,0.0094,OK,정상,0,1,0,0,정상,
2026-05-11 10:47,2026-05-11 11:17,0.013,OK,정상,0,1,0,0,정상,
2026-05-11 10:48,2026-05-11 11:18,0.008,OK,정상,0,0,0,0,정상,
2026-05-11 10:49,2026-05-11 11:19,0.0067,OK,정상,0,0,0,0,정상,
2026-05-11 10:50,2026-05-11 11:20,0.006,OK,정상,0,0,0,0,정상,
2026-05-11 10:51,2026-05-11 11:21,0.0074,OK,정상,0,0,0,0,정상,
2026-05-11 10:52,2026-05-11 11:22,0.006,OK,정상,1,0,0,0,정상,
2026-05-11 10:53,2026-05-11 11:23,0.0082,OK,정상,1,0,0,0,정상,
2026-05-11 10:54,2026-05-11 11:24,0.0044,OK,정상,1,0,0,0,정상,
2026-05-11 10:55,2026-05-11 11:25,0.0055,OK,정상,1,0,0,0,정상,
2026-05-11 10:56,2026-05-11 11:26,0.0022,OK,정상,1,0,0,0,정상,
2026-05-11 10:57,2026-05-11 11:27,0.0018,OK,정상,1,0,0,0,정상,
2026-05-11 10:58,2026-05-11 11:28,0.0025,OK,정상,1,0,0,0,정상,
2026-05-11 10:59,2026-05-11 11:29,0.0015,OK,정상,1,0,0,0,정상,
2026-05-11 11:00,2026-05-11 11:30,0.0015,OK,정상,0,0,0,0,정상,
2026-05-11 11:01,2026-05-11 11:31,0.0027,OK,정상,0,0,0,0,정상,
2026-05-11 11:02,2026-05-11 11:32,0.0036,OK,정상,0,1,0,0,정상,
2026-05-11 11:03,2026-05-11 11:33,0.0026,OK,정상,0,1,0,0,정상,
2026-05-11 11:04,2026-05-11 11:34,0.0026,OK,정상,0,0,0,0,정상,
2026-05-11 11:05,2026-05-11 11:35,0.0038,OK,정상,0,1,0,0,정상,
2026-05-11 11:06,2026-05-11 11:36,0.0029,OK,정상,1,0,0,0,정상,
2026-05-11 11:07,2026-05-11 11:37,0.0018,OK,정상,0,0,0,0,정상,
2026-05-11 11:08,2026-05-11 11:38,0.0026,OK,정상,1,0,0,0,정상,
2026-05-11 11:09,2026-05-11 11:39,0.0019,OK,정상,1,0,0,0,정상,
2026-05-11 11:10,2026-05-11 11:40,0.0013,OK,정상,1,0,0,0,정상,
2026-05-11 11:11,2026-05-11 11:41,0.003,OK,정상,1,0,0,0,정상,
2026-05-11 11:12,2026-05-11 11:42,0.0023,OK,정상,1,0,0,0,정상,
2026-05-11 11:13,2026-05-11 11:43,0.0023,OK,정상,1,0,0,0,정상,
2026-05-11 11:14,2026-05-11 11:44,0.0019,OK,정상,1,0,0,0,정상,
2026-05-11 11:15,2026-05-11 11:45,0.0024,OK,정상,1,0,0,0,정상,
2026-05-11 11:16,2026-05-11 11:46,0.0024,OK,정상,1,0,0,0,정상,
2026-05-11 11:17,2026-05-11 11:47,0.0012,OK,정상,1,0,0,0,정상,
2026-05-11 11:18,2026-05-11 11:48,0.0016,OK,정상,1,0,0,0,정상,
2026-05-11 11:19,2026-05-11 11:49,0.0013,OK,정상,1,0,0,0,정상,
2026-05-11 11:20,2026-05-11 11:50,0.0018,OK,정상,1,0,0,0,정상,
2026-05-11 11:21,2026-05-11 11:51,0.0022,OK,정상,1,0,0,0,정상,
2026-05-11 11:22,2026-05-11 11:52,0.0023,OK,정상,1,0,0,0,정상,
2026-05-11 11:23,2026-05-11 11:53,0.0022,OK,정상,1,0,0,0,정상,
2026-05-11 11:24,2026-05-11 11:54,0.0031,OK,정상,1,0,0,0,정상,
2026-05-11 11:25,2026-05-11 11:55,0.0028,OK,정상,1,0,0,0,정상,
2026-05-11 11:26,2026-05-11 11:56,0.0027,OK,정상,1,0,0,0,정상,
2026-05-11 11:27,2026-05-11 11:57,0.0025,OK,정상,1,0,0,0,정상,
2026-05-11 11:28,2026-05-11 11:58,0.0032,OK,정상,1,0,0,0,정상,
2026-05-11 11:29,2026-05-11 11:59,0.002,OK,정상,1,0,0,0,정상,
2026-05-11 11:30,2026-05-11 12:00,0.02,OK,정상,1,0,0,0,정상,
2026-05-11 11:31,2026-05-11 12:01,0.0027,OK,정상,1,0,0,0,정상,
2026-05-11 11:32,2026-05-11 12:02,0.0022,OK,정상,1,0,0,0,정상,
2026-05-11 11:33,2026-05-11 12:03,0.0034,OK,정상,1,0,0,0,정상,
2026-05-11 11:34,2026-05-11 12:04,0.0036,OK,정상,1,0,0,0,정상,
2026-05-11 11:35,2026-05-11 12:05,0.0018,OK,정상,1,0,0,0,정상,
2026-05-11 11:36,2026-05-11 12:06,0.0028,OK,정상,1,0,0,0,정상,
2026-05-11 11:37,2026-05-11 12:07,0.0018,OK,정상,1,0,0,0,정상,
2026-05-11 11:38,2026-05-11 12:08,0.0012,OK,정상,1,0,0,0,정상,
2026-05-11 11:39,2026-05-11 12:09,0.0019,OK,정상,1,0,0,0,정상,
2026-05-11 11:40,2026-05-11 12:10,0.0021,OK,정상,1,0,0,0,정상,
2026-05-11 11:41,2026-05-11 12:11,0.0364,OK,정상,1,0,0,0,정상,
2026-05-11 11:42,2026-05-11 12:12,0.0323,OK,정상,1,0,0,0,정상,
2026-05-11 11:43,2026-05-11 12:13,0.033,OK,정상,1,0,0,0,정상,
2026-05-11 11:44,2026-05-11 12:14,0.0246,OK,정상,1,0,0,0,정상,
2026-05-11 11:45,2026-05-11 12:15,0.0936,OK,정상,1,0,0,0,정상,
2026-05-11 11:46,2026-05-11 12:16,0.0423,OK,정상,1,0,0,0,정상,
2026-05-11 11:47,2026-05-11 12:17,0.0017,OK,정상,1,0,0,0,정상,
2026-05-11 11:48,2026-05-11 12:18,0.0022,OK,정상,1,1,0,0,정상,
2026-05-11 11:49,2026-05-11 12:19,0.0017,OK,정상,1,1,0,0,정상,
2026-05-11 11:50,2026-05-11 12:20,0.0011,OK,정상,1,1,0,0,정상,
2026-05-11 11:51,2026-05-11 12:21,0.0017,OK,정상,1,1,0,0,정상,
2026-05-11 11:52,2026-05-11 12:22,0.0019,OK,정상,1,1,0,0,정상,
2026-05-11 11:53,2026-05-11 12:23,0.0013,OK,정상,1,1,0,0,정상,
2026-05-11 11:54,2026-05-11 12:24,0.0023,OK,정상,1,1,0,0,정상,
2026-05-11 11:55,2026-05-11 12:25,0.0008,OK,정상,1,1,0,0,정상,
2026-05-11 11:56,2026-05-11 12:26,0.001,OK,정상,1,0,0,0,정상,
2026-05-11 11:57,2026-05-11 12:27,0.0014,OK,정상,1,0,0,0,정상,
2026-05-11 11:58,2026-05-11 12:28,0.001,OK,정상,1,0,0,0,정상,
2026-05-11 11:59,2026-05-11 12:29,0.0008,OK,정상,1,0,0,0,정상,
2026-05-11 12:00,2026-05-11 12:30,0.0011,OK,정상,1,0,0,0,정상,
2026-05-11 12:01,2026-05-11 12:31,0.0013,OK,정상,1,0,0,0,정상,
2026-05-11 12:02,2026-05-11 12:32,0.0012,OK,정상,1,0,0,0,정상,
2026-05-11 12:03,2026-05-11 12:33,0.0018,OK,정상,1,0,0,0,정상,
2026-05-11 12:04,2026-05-11 12:34,0.0018,OK,정상,1,0,0,0,정상,
2026-05-11 12:05,2026-05-11 12:35,0.0017,OK,정상,1,0,0,0,정상,
2026-05-11 12:06,2026-05-11 12:36,0.0032,OK,정상,1,0,0,0,정상,
2026-05-11 12:07,2026-05-11 12:37,0.0018,OK,정상,1,0,0,0,정상,
2026-05-11 12:08,2026-05-11 12:38,0.0015,OK,정상,1,0,0,0,정상,
2026-05-11 12:09,2026-05-11 12:39,0.0049,OK,정상,1,0,0,0,정상,
2026-05-11 12:10,2026-05-11 12:40,0.005,OK,정상,1,0,0,0,정상,
2026-05-11 12:11,2026-05-11 12:41,0.0028,OK,정상,1,0,0,0,정상,
2026-05-11 12:12,2026-05-11 12:42,0.0047,OK,정상,1,0,0,0,정상,
2026-05-11 12:13,2026-05-11 12:43,0.0041,OK,정상,0,0,0,0,정상,
2026-05-11 12:14,2026-05-11 12:44,0.0049,OK,정상,0,0,0,0,정상,
2026-05-11 12:15,2026-05-11 12:45,0.0027,OK,정상,1,0,0,0,정상,
2026-05-11 12:16,2026-05-11 12:46,0.0014,OK,정상,0,0,0,0,정상,
2026-05-11 12:17,2026-05-11 12:47,0.0015,OK,정상,0,0,0,0,정상,
2026-05-11 12:18,2026-05-11 12:48,0.002,OK,정상,1,0,0,0,정상,
2026-05-11 12:19,2026-05-11 12:49,0.002,OK,정상,1,0,0,0,정상,
2026-05-11 12:20,2026-05-11 12:50,0.0016,OK,정상,0,0,0,0,정상,
2026-05-11 12:21,2026-05-11 12:51,0.002,OK,정상,1,0,0,0,정상,
2026-05-11 12:22,2026-05-11 12:52,0.0018,OK,정상,1,0,0,0,정상,
2026-05-11 12:23,2026-05-11 12:53,0.0006,OK,정상,0,0,0,0,정상,
2026-05-11 12:24,2026-05-11 12:54,0.004,OK,정상,1,1,0,0,정상,
2026-05-11 12:25,2026-05-11 12:55,0.0029,OK,정상,1,0,0,0,정상,
2026-05-11 12:26,2026-05-11 12:56,0.0033,OK,정상,1,1,0,0,정상,
2026-05-11 12:27,2026-05-11 12:57,0.0027,OK,정상,1,1,0,0,정상,
2026-05-11 12:28,2026-05-11 12:58,0.0026,OK,정상,1,1,0,0,정상,
2026-05-11 12:29,2026-05-11 12:59,0.0019,OK,정상,1,1,0,0,정상,
2026-05-11 12:30,2026-05-11 13:00,0.0019,OK,정상,1,1,0,0,정상,
2026-05-11 12:31,2026-05-11 13:01,0.0018,OK,정상,1,1,0,0,정상,
2026-05-11 12:32,2026-05-11 13:02,0.0026,OK,정상,1,0,0,0,정상,
2026-05-11 12:33,2026-05-11 13:03,0.0026,OK,정상,1,0,0,0,정상,
2026-05-11 12:34,2026-05-11 13:04,0.0012,OK,정상,1,0,0,0,정상,
2026-05-11 12:35,2026-05-11 13:05,0.0014,OK,정상,1,0,0,0,정상,
2026-05-11 12:36,2026-05-11 13:06,0.0012,OK,정상,1,0,0,0,정상,
2026-05-11 12:37,2026-05-11 13:07,0.0013,OK,정상,1,0,0,0,정상,
2026-05-11 12:38,2026-05-11 13:08,0.0012,OK,정상,0,0,0,0,정상,
2026-05-11 12:39,2026-05-11 13:09,0.0013,OK,정상,0,0,0,0,정상,
2026-05-11 12:40,2026-05-11 13:10,0.0014,OK,정상,0,0,0,0,정상,
2026-05-11 12:41,2026-05-11 13:11,0.0017,OK,정상,0,0,0,0,정상,
2026-05-11 12:42,2026-05-11 13:12,0.0015,OK,정상,0,0,0,0,정상,
2026-05-11 12:43,2026-05-11 13:13,0.0014,OK,정상,0,0,0,0,정상,
2026-05-11 12:44,2026-05-11 13:14,0.0012,OK,정상,0,0,0,0,정상,
2026-05-11 12:45,2026-05-11 13:15,0.0018,OK,정상,0,0,0,0,정상,
2026-05-11 12:46,2026-05-11 13:16,0.0017,OK,정상,0,0,0,0,정상,
2026-05-11 12:47,2026-05-11 13:17,0.0014,OK,정상,0,0,0,0,정상,
2026-05-11 12:48,2026-05-11 13:18,0.0013,OK,정상,0,0,0,0,정상,
2026-05-11 12:49,2026-05-11 13:19,0.0009,OK,정상,0,0,0,0,정상,
2026-05-11 12:50,2026-05-11 13:20,0.0011,OK,정상,0,0,0,0,정상,
2026-05-11 12:51,2026-05-11 13:21,0.0028,OK,정상,0,0,0,0,정상,
2026-05-11 12:52,2026-05-11 13:22,0.0021,OK,정상,0,0,0,0,정상,
2026-05-11 12:53,2026-05-11 13:23,0.0011,OK,정상,0,0,0,0,정상,
2026-05-11 12:54,2026-05-11 13:24,0.0019,OK,정상,0,0,0,0,정상,
2026-05-11 12:55,2026-05-11 13:25,0.0016,OK,정상,0,0,0,0,정상,
2026-05-11 12:56,2026-05-11 13:26,0.0015,OK,정상,0,0,0,0,정상,
2026-05-11 12:57,2026-05-11 13:27,0.0016,OK,정상,0,0,0,0,정상,
2026-05-11 12:58,2026-05-11 13:28,0.0017,OK,정상,0,0,0,0,정상,
2026-05-11 12:59,2026-05-11 13:29,0.0011,OK,정상,0,0,0,0,정상,
2026-05-11 13:00,2026-05-11 13:30,0.0011,OK,정상,0,0,0,0,정상,
2026-05-11 13:01,2026-05-11 13:31,0.0009,OK,정상,1,0,0,0,정상,
2026-05-11 13:02,2026-05-11 13:32,0.0008,OK,정상,0,0,0,0,정상,
2026-05-11 13:03,2026-05-11 13:33,0.0005,OK,정상,1,0,0,0,정상,
2026-05-11 13:04,2026-05-11 13:34,0.0007,OK,정상,1,0,0,0,정상,
2026-05-11 13:05,2026-05-11 13:35,0.0003,OK,정상,1,0,0,0,정상,
2026-05-11 13:06,2026-05-11 13:36,0.0006,OK,정상,1,0,0,0,정상,
2026-05-11 13:07,2026-05-11 13:37,0.0007,OK,정상,1,0,0,0,정상,
2026-05-11 13:08,2026-05-11 13:38,0.0005,OK,정상,1,0,0,0,정상,
2026-05-11 13:09,2026-05-11 13:39,0.0006,OK,정상,1,0,0,0,정상,
2026-05-11 13:10,2026-05-11 13:40,0.0007,OK,정상,1,0,0,0,정상,
2026-05-11 13:11,2026-05-11 13:41,0.0004,OK,정상,1,0,0,0,정상,
2026-05-11 13:12,2026-05-11 13:42,0.0006,OK,정상,1,0,0,0,정상,
2026-05-11 13:13,2026-05-11 13:43,0.0006,OK,정상,1,0,0,0,정상,
2026-05-11 13:14,2026-05-11 13:44,0.0004,OK,정상,1,0,0,0,정상,
2026-05-11 13:15,2026-05-11 13:45,0.0005,OK,정상,1,0,0,0,정상,
2026-05-11 13:16,2026-05-11 13:46,0.0008,OK,정상,1,0,0,0,정상,
2026-05-11 13:17,2026-05-11 13:47,0.0007,OK,정상,1,0,0,0,정상,
2026-05-11 13:18,2026-05-11 13:48,0.0008,OK,정상,1,0,0,0,정상,
2026-05-11 13:19,2026-05-11 13:49,0.0005,OK,정상,1,0,0,0,정상,
2026-05-11 13:20,2026-05-11 13:50,0.0004,OK,정상,1,0,0,0,정상,
2026-05-11 13:21,2026-05-11 13:51,0.0007,OK,정상,1,0,0,0,정상,
2026-05-11 13:22,2026-05-11 13:52,0.0012,OK,정상,1,0,0,0,정상,
2026-05-11 13:23,2026-05-11 13:53,0.0009,OK,정상,1,0,0,0,정상,
2026-05-11 13:24,2026-05-11 13:54,0.0009,OK,정상,1,0,0,0,정상,
2026-05-11 13:25,2026-05-11 13:55,0.0011,OK,정상,1,0,0,0,정상,
2026-05-11 13:26,2026-05-11 13:56,0.001,OK,정상,1,0,0,0,정상,
2026-05-11 13:27,2026-05-11 13:57,0.0006,OK,정상,1,0,0,0,정상,
2026-05-11 13:28,2026-05-11 13:58,0.0007,OK,정상,1,0,0,0,정상,
2026-05-11 13:29,2026-05-11 13:59,0.0005,OK,정상,1,0,0,0,정상,
2026-05-11 13:30,2026-05-11 14:00,0.0007,OK,정상,1,0,0,0,정상,
2026-05-11 13:31,2026-05-11 14:01,0.0006,OK,정상,1,0,0,0,정상,
2026-05-11 13:32,2026-05-11 14:02,0.0005,OK,정상,1,0,0,0,정상,
2026-05-11 13:33,2026-05-11 14:03,0.0012,OK,정상,1,0,0,0,정상,
2026-05-11 13:34,2026-05-11 14:04,0.0015,OK,정상,1,0,0,0,정상,
2026-05-11 13:35,2026-05-11 14:05,0.0009,OK,정상,1,0,0,0,정상,
2026-05-11 13:36,2026-05-11 14:06,0.0016,OK,정상,1,0,0,0,정상,
2026-05-11 13:37,2026-05-11 14:07,0.0063,OK,정상,1,0,0,0,정상,
2026-05-11 13:38,2026-05-11 14:08,0.0033,OK,정상,1,0,0,0,정상,
2026-05-11 13:39,2026-05-11 14:09,0.0012,OK,정상,1,0,0,0,정상,
2026-05-11 13:40,2026-05-11 14:10,0.0019,OK,정상,1,0,0,0,정상,
2026-05-11 13:41,2026-05-11 14:11,0.0006,OK,정상,1,0,0,0,정상,
2026-05-11 13:42,2026-05-11 14:12,0.0019,OK,정상,1,0,0,0,정상,
2026-05-11 13:43,2026-05-11 14:13,0.0013,OK,정상,1,0,0,0,정상,
2026-05-11 13:44,2026-05-11 14:14,0.0013,OK,정상,1,0,0,0,정상,
2026-05-11 13:45,2026-05-11 14:15,0.0027,OK,정상,1,0,0,0,정상,
2026-05-11 13:46,2026-05-11 14:16,0.0022,OK,정상,1,0,0,0,정상,
2026-05-11 13:47,2026-05-11 14:17,0.002,OK,정상,1,0,0,0,정상,
2026-05-11 13:48,2026-05-11 14:18,0.002,OK,정상,1,0,0,0,정상,
2026-05-11 13:49,2026-05-11 14:19,0.0019,OK,정상,1,0,0,0,정상,
2026-05-11 13:50,2026-05-11 14:20,0.0013,OK,정상,1,0,0,0,정상,
2026-05-11 13:51,2026-05-11 14:21,0.0016,OK,정상,1,0,0,0,정상,
2026-05-11 13:52,2026-05-11 14:22,0.0013,OK,정상,0,0,0,0,정상,
2026-05-11 13:53,2026-05-11 14:23,0.0012,OK,정상,0,0,0,0,정상,
2026-05-11 13:54,2026-05-11 14:24,0.0017,OK,정상,0,0,0,0,정상,
2026-05-11 13:55,2026-05-11 14:25,0.0012,OK,정상,0,0,0,0,정상,
2026-05-11 13:56,2026-05-11 14:26,0.0009,OK,정상,0,0,0,0,정상,
2026-05-11 13:57,2026-05-11 14:27,0.0031,OK,정상,0,0,0,0,정상,
2026-05-11 13:58,2026-05-11 14:28,0.0017,OK,정상,0,0,0,0,정상,
2026-05-11 13:59,2026-05-11 14:29,0.0009,OK,정상,0,0,0,0,정상,
2026-05-11 14:00,2026-05-11 14:30,0.0016,OK,정상,0,0,0,0,정상,
2026-05-11 14:01,2026-05-11 14:31,0.0015,OK,정상,0,0,0,0,정상,
2026-05-11 14:02,2026-05-11 14:32,0.0012,OK,정상,0,0,0,0,정상,
2026-05-11 14:03,2026-05-11 14:33,0.0029,OK,정상,0,0,0,0,정상,
2026-05-11 14:04,2026-05-11 14:34,0.0015,OK,정상,0,0,0,0,정상,
2026-05-11 14:05,2026-05-11 14:35,0.0016,OK,정상,0,0,0,0,정상,
2026-05-11 14:06,2026-05-11 14:36,0.0017,OK,정상,1,0,0,0,정상,
2026-05-11 14:07,2026-05-11 14:37,0.0013,OK,정상,1,0,0,0,정상,
2026-05-11 14:08,2026-05-11 14:38,0.0012,OK,정상,1,1,0,0,정상,
2026-05-11 14:09,2026-05-11 14:39,0.0022,OK,정상,1,1,0,0,정상,
2026-05-11 14:10,2026-05-11 14:40,0.0018,OK,정상,1,0,0,0,정상,
2026-05-11 14:11,2026-05-11 14:41,0.0016,OK,정상,1,1,0,0,정상,
2026-05-11 14:12,2026-05-11 14:42,0.002,OK,정상,1,1,0,0,정상,
2026-05-11 14:13,2026-05-11 14:43,0.0018,OK,정상,1,1,0,0,정상,
2026-05-11 14:14,2026-05-11 14:44,0.0017,OK,정상,0,1,0,0,정상,
2026-05-11 14:15,2026-05-11 14:45,0.002,OK,정상,1,1,0,0,정상,
2026-05-11 14:16,2026-05-11 14:46,0.0017,OK,정상,0,0,0,0,정상,
2026-05-11 14:17,2026-05-11 14:47,0.0012,OK,정상,0,0,0,0,정상,
2026-05-11 14:18,2026-05-11 14:48,0.0009,OK,정상,1,0,0,0,정상,
2026-05-11 14:19,2026-05-11 14:49,0.0015,OK,정상,1,0,0,0,정상,
2026-05-11 14:20,2026-05-11 14:50,0.0013,OK,정상,1,0,0,0,정상,
2026-05-11 14:21,2026-05-11 14:51,0.0015,OK,정상,1,0,0,0,정상,
2026-05-11 14:22,2026-05-11 14:52,0.0015,OK,정상,1,0,0,0,정상,
2026-05-11 14:23,2026-05-11 14:53,0.0019,OK,정상,1,0,0,0,정상,
2026-05-11 14:24,2026-05-11 14:54,0.0018,OK,정상,1,0,0,0,정상,
2026-05-11 14:25,2026-05-11 14:55,0.0019,OK,정상,1,0,0,0,정상,
2026-05-11 14:26,2026-05-11 14:56,0.0017,OK,정상,1,0,0,0,정상,
2026-05-11 14:27,2026-05-11 14:57,0.0017,OK,정상,1,0,0,0,정상,
2026-05-11 14:28,2026-05-11 14:58,0.0019,OK,정상,1,0,0,0,정상,
2026-05-11 14:29,2026-05-11 14:59,0.0021,OK,정상,1,0,0,0,정상,
2026-05-11 14:30,2026-05-11 15:00,0.0025,OK,정상,1,0,0,0,정상,
2026-05-11 14:31,2026-05-11 15:01,0.0024,OK,정상,1,0,0,0,정상,
2026-05-11 14:32,2026-05-11 15:02,0.0017,OK,정상,1,0,0,0,정상,
2026-05-11 14:33,2026-05-11 15:03,0.0062,OK,정상,1,0,0,0,정상,
2026-05-11 14:34,2026-05-11 15:04,0.0027,OK,정상,1,0,0,0,정상,
2026-05-11 14:35,2026-05-11 15:05,0.0035,OK,정상,1,0,0,0,정상,
2026-05-11 14:36,2026-05-11 15:06,0.0059,OK,정상,1,0,0,0,정상,
2026-05-11 14:37,2026-05-11 15:07,0.0057,OK,정상,1,0,0,0,정상,
2026-05-11 14:38,2026-05-11 15:08,0.0021,OK,정상,1,0,0,0,정상,
2026-05-11 14:39,2026-05-11 15:09,0.0031,OK,정상,1,0,0,0,정상,
2026-05-11 14:40,2026-05-11 15:10,0.0022,OK,정상,1,0,0,0,정상,
2026-05-11 14:41,2026-05-11 15:11,0.0026,OK,정상,1,0,0,0,정상,
2026-05-11 14:42,2026-05-11 15:12,0.0024,OK,정상,1,0,0,0,정상,
2026-05-11 14:43,2026-05-11 15:13,0.0018,OK,정상,1,0,0,0,정상,
2026-05-11 14:44,2026-05-11 15:14,0.001,OK,정상,1,0,0,0,정상,
2026-05-11 14:45,2026-05-11 15:15,0.001,OK,정상,1,0,0,0,정상,
2026-05-11 14:46,2026-05-11 15:16,0.0009,OK,정상,1,0,0,0,정상,
2026-05-11 14:47,2026-05-11 15:17,0.0007,OK,정상,1,0,0,0,정상,
2026-05-11 14:48,2026-05-11 15:18,0.0009,OK,정상,1,0,0,0,정상,
2026-05-11 14:49,2026-05-11 15:19,0.0006,OK,정상,1,0,0,0,정상,
2026-05-11 14:50,2026-05-11 15:20,0.0007,OK,정상,1,0,0,0,정상,
2026-05-11 14:51,2026-05-11 15:21,0.0005,OK,정상,1,0,0,0,정상,
2026-05-11 14:52,2026-05-11 15:22,0.0006,OK,정상,1,0,0,0,정상,
2026-05-11 14:53,2026-05-11 15:23,0.0005,OK,정상,1,0,0,0,정상,
2026-05-11 14:54,2026-05-11 15:24,0.0008,OK,정상,1,0,0,0,정상,
2026-05-11 14:55,2026-05-11 15:25,0.0008,OK,정상,0,0,0,0,정상,
2026-05-11 14:56,2026-05-11 15:26,0.0006,OK,정상,0,0,0,0,정상,
2026-05-11 14:57,2026-05-11 15:27,0.0009,OK,정상,0,0,0,0,정상,
2026-05-11 14:58,2026-05-11 15:28,0.0006,OK,정상,0,0,0,0,정상,
2026-05-11 14:59,2026-05-11 15:29,0.0003,OK,정상,0,0,0,0,정상,
2026-05-11 15:00,2026-05-11 15:30,0.0006,OK,정상,0,0,0,0,정상,
2026-05-11 15:01,2026-05-11 15:31,0.0006,OK,정상,0,0,0,0,정상,
2026-05-11 15:02,2026-05-11 15:32,0.0007,OK,정상,0,0,0,0,정상,
2026-05-11 15:03,2026-05-11 15:33,0.0007,OK,정상,0,0,0,0,정상,
2026-05-11 15:04,2026-05-11 15:34,0.001,OK,정상,0,0,0,0,정상,
2026-05-11 15:05,2026-05-11 15:35,0.0022,OK,정상,0,1,0,0,정상,
2026-05-11 15:06,2026-05-11 15:36,0.0024,OK,정상,0,1,0,0,정상,
2026-05-11 15:07,2026-05-11 15:37,0.0043,OK,정상,0,0,0,0,정상,
2026-05-11 15:08,2026-05-11 15:38,0.0016,OK,정상,0,0,0,0,정상,
2026-05-11 15:09,2026-05-11 15:39,0.001,OK,정상,0,0,0,0,정상,
2026-05-11 15:10,2026-05-11 15:40,0.0014,OK,정상,0,0,0,0,정상,
2026-05-11 15:11,2026-05-11 15:41,0.0063,OK,정상,0,0,0,0,정상,
2026-05-11 15:12,2026-05-11 15:42,0.0048,OK,정상,0,0,0,0,정상,
2026-05-11 15:13,2026-05-11 15:43,0.006,OK,정상,0,0,0,0,정상,
2026-05-11 15:14,2026-05-11 15:44,0.0046,OK,정상,0,0,0,0,정상,
2026-05-11 15:15,2026-05-11 15:45,0.0053,OK,정상,0,0,0,0,정상,
2026-05-11 15:16,2026-05-11 15:46,0.006,OK,정상,0,0,0,0,정상,
2026-05-11 15:17,2026-05-11 15:47,0.0034,OK,정상,0,0,0,0,정상,
2026-05-11 15:18,2026-05-11 15:48,0.0056,OK,정상,0,0,0,0,정상,
2026-05-11 15:19,2026-05-11 15:49,0.0061,OK,정상,0,0,0,0,정상,
2026-05-11 15:20,2026-05-11 15:50,0.0058,OK,정상,0,0,0,0,정상,
2026-05-11 15:21,2026-05-11 15:51,0.0066,OK,정상,0,0,0,0,정상,
2026-05-11 15:22,2026-05-11 15:52,0.0041,OK,정상,0,0,0,0,정상,
2026-05-11 15:23,2026-05-11 15:53,0.0038,OK,정상,0,0,0,0,정상,
2026-05-11 15:24,2026-05-11 15:54,0.0045,OK,정상,0,0,0,0,정상,
2026-05-11 15:25,2026-05-11 15:55,0.005,OK,정상,0,0,0,0,정상,
2026-05-11 15:26,2026-05-11 15:56,0.0058,OK,정상,0,0,0,0,정상,
2026-05-11 15:27,2026-05-11 15:57,0.0485,OK,정상,0,0,0,0,정상,
2026-05-11 15:28,2026-05-11 15:58,0.0415,OK,정상,0,0,0,0,정상,
2026-05-11 15:29,2026-05-11 15:59,0.0391,OK,정상,0,0,0,0,정상,
2026-05-11 15:30,2026-05-11 16:00,0.0062,OK,정상,0,0,0,0,정상,
2026-05-11 15:31,2026-05-11 16:01,0.0037,OK,정상,0,0,0,0,정상,
2026-05-11 15:32,2026-05-11 16:02,0.0022,OK,정상,0,0,0,0,정상,
2026-05-11 15:33,2026-05-11 16:03,0.003,OK,정상,0,0,0,0,정상,
2026-05-11 15:34,2026-05-11 16:04,0.0018,OK,정상,0,0,0,0,정상,
2026-05-11 15:35,2026-05-11 16:05,0.0013,OK,정상,0,0,0,0,정상,
2026-05-11 15:36,2026-05-11 16:06,0.002,OK,정상,0,0,0,0,정상,
2026-05-11 15:37,2026-05-11 16:07,0.0017,OK,정상,0,0,0,0,정상,
2026-05-11 15:38,2026-05-11 16:08,0.0009,OK,정상,0,0,0,0,정상,
2026-05-11 15:39,2026-05-11 16:09,0.0011,OK,정상,0,0,0,0,정상,
2026-05-11 15:40,2026-05-11 16:10,0.001,OK,정상,0,0,0,0,정상,
2026-05-11 15:41,2026-05-11 16:11,0.0006,OK,정상,0,1,0,0,정상,
2026-05-11 15:42,2026-05-11 16:12,0.0005,OK,정상,0,0,0,0,정상,
2026-05-11 15:43,2026-05-11 16:13,0.0006,OK,정상,0,0,0,0,정상,
2026-05-11 15:44,2026-05-11 16:14,0.0005,OK,정상,0,0,0,0,정상,
2026-05-11 15:45,2026-05-11 16:15,0.0007,OK,정상,0,0,0,0,정상,
2026-05-11 15:46,2026-05-11 16:16,0.001,OK,정상,0,0,0,0,정상,
2026-05-11 15:47,2026-05-11 16:17,0.0008,OK,정상,0,0,0,0,정상,
2026-05-11 15:48,2026-05-11 16:18,0.0009,OK,정상,0,0,0,0,정상,
2026-05-11 15:49,2026-05-11 16:19,0.0007,OK,정상,0,0,0,0,정상,
2026-05-11 15:50,2026-05-11 16:20,0.0005,OK,정상,0,0,0,0,정상,
2026-05-11 15:51,2026-05-11 16:21,0.0014,OK,정상,0,0,0,0,정상,
2026-05-11 15:52,2026-05-11 16:22,0.0012,OK,정상,0,1,0,0,정상,
2026-05-11 15:53,2026-05-11 16:23,0.0011,OK,정상,0,1,0,0,정상,
2026-05-11 15:54,2026-05-11 16:24,0.0012,OK,정상,0,1,0,0,정상,
2026-05-11 15:55,2026-05-11 16:25,0.0027,OK,정상,0,1,0,0,정상,
2026-05-11 15:56,2026-05-11 16:26,0.0007,OK,정상,0,1,0,0,정상,
2026-05-11 15:57,2026-05-11 16:27,0.0022,OK,정상,0,1,0,0,정상,
2026-05-11 15:58,2026-05-11 16:28,0.0182,OK,정상,0,0,0,0,정상,
2026-05-11 15:59,2026-05-11 16:29,0.0433,OK,정상,0,1,0,0,정상,
2026-05-11 16:00,2026-05-11 16:30,0.0424,OK,정상,1,0,0,0,정상,
2026-05-11 16:01,2026-05-11 16:31,0.2554,OK,정상,1,1,0,0,정상,
2026-05-11 16:02,2026-05-11 16:32,0.0599,OK,정상,1,0,0,0,정상,
2026-05-11 16:03,2026-05-11 16:33,0.0959,OK,정상,1,0,0,0,정상,
2026-05-11 16:04,2026-05-11 16:34,0.287,OK,정상,1,0,0,0,정상,
2026-05-11 16:05,2026-05-11 16:35,0.2568,OK,정상,1,1,0,0,정상,
2026-05-11 16:06,2026-05-11 16:36,0.4822,INFO,주의,1,0,0,0,정상,
2026-05-11 16:07,2026-05-11 16:37,0.4993,INFO,주의,1,0,0,0,정상,
2026-05-11 16:08,2026-05-11 16:38,0.5441,INFO,주의,1,0,0,0,정상,
2026-05-11 16:09,2026-05-11 16:39,0.9414,CRITICAL,위험,1,0,0,0,정상,
2026-05-11 16:10,2026-05-11 16:40,0.9715,CRITICAL,위험,1,0,0,0,정상,
2026-05-11 16:11,2026-05-11 16:41,0.948,CRITICAL,위험,1,0,0,0,정상,
2026-05-11 16:12,2026-05-11 16:42,0.9453,CRITICAL,위험,1,0,0,0,정상,
2026-05-11 16:13,2026-05-11 16:43,0.9453,CRITICAL,위험,1,0,0,0,정상,
2026-05-11 16:14,2026-05-11 16:44,0.938,CRITICAL,위험,1,0,0,0,정상,
2026-05-11 16:15,2026-05-11 16:45,0.9407,CRITICAL,위험,1,0,0,0,정상,
2026-05-11 16:16,2026-05-11 16:46,0.944,CRITICAL,위험,1,0,0,0,정상,
2026-05-11 16:17,2026-05-11 16:47,0.9336,CRITICAL,위험,1,0,0,0,정상,
2026-05-11 16:18,2026-05-11 16:48,0.9388,CRITICAL,위험,1,0,0,0,정상,
2026-05-11 16:19,2026-05-11 16:49,0.8087,WARNING,경보,1,0,0,0,정상,
2026-05-11 16:20,2026-05-11 16:50,0.8993,CRITICAL,위험,1,0,0,0,정상,
2026-05-11 16:21,2026-05-11 16:51,0.8887,CRITICAL,위험,1,0,0,0,정상,
2026-05-11 16:22,2026-05-11 16:52,0.9572,CRITICAL,위험,1,0,0,0,정상,
2026-05-11 16:23,2026-05-11 16:53,0.9102,CRITICAL,위험,1,0,0,0,정상,
2026-05-11 16:24,2026-05-11 16:54,0.9092,CRITICAL,위험,1,1,0,0,정상,
2026-05-11 16:25,2026-05-11 16:55,0.8633,CRITICAL,위험,1,1,0,0,정상,
2026-05-11 16:26,2026-05-11 16:56,0.8592,CRITICAL,위험,1,1,0,0,정상,
2026-05-11 16:27,2026-05-11 16:57,0.876,CRITICAL,위험,1,1,0,0,정상,
2026-05-11 16:28,2026-05-11 16:58,0.6721,INFO,주의,1,1,0,0,정상,
2026-05-11 16:29,2026-05-11 16:59,0.8295,WARNING,경보,1,1,0,0,정상,
2026-05-11 16:30,2026-05-11 17:00,0.827,WARNING,경보,1,0,0,0,정상,
2026-05-11 16:31,2026-05-11 17:01,0.8619,CRITICAL,위험,1,0,0,0,정상,
2026-05-11 16:32,2026-05-11 17:02,0.8641,CRITICAL,위험,1,0,0,0,정상,
2026-05-11 16:33,2026-05-11 17:03,0.8677,CRITICAL,위험,1,0,0,0,정상,
2026-05-11 16:34,2026-05-11 17:04,0.7916,WARNING,경보,1,0,0,0,정상,
2026-05-11 16:35,2026-05-11 17:05,0.7189,WARNING,경보,1,0,0,0,정상,
2026-05-11 16:36,2026-05-11 17:06,0.8798,CRITICAL,위험,1,0,0,0,정상,
2026-05-11 16:37,2026-05-11 17:07,0.8489,WARNING,경보,1,0,0,0,정상,
2026-05-11 16:38,2026-05-11 17:08,0.6464,INFO,주의,1,0,0,0,정상,
2026-05-11 16:39,2026-05-11 17:09,0.5098,INFO,주의,1,0,1,0,정상,
2026-05-11 16:40,2026-05-11 17:10,0.8461,WARNING,경보,1,0,1,0,정상,
2026-05-11 16:41,2026-05-11 17:11,0.8076,WARNING,경보,1,0,1,0,정상,
2026-05-11 16:42,2026-05-11 17:12,0.8384,WARNING,경보,1,1,1,0,정상,
2026-05-11 16:43,2026-05-11 17:13,0.7363,WARNING,경보,1,0,1,0,정상,
2026-05-11 16:44,2026-05-11 17:14,0.8079,WARNING,경보,1,1,0,0,정상,
2026-05-11 16:45,2026-05-11 17:15,0.72,WARNING,경보,1,1,0,0,정상,
2026-05-11 16:46,2026-05-11 17:16,0.6196,INFO,주의,1,1,0,0,정상,
2026-05-11 16:47,2026-05-11 17:17,0.5669,INFO,주의,1,0,0,0,정상,
2026-05-11 16:48,2026-05-11 17:18,0.479,INFO,주의,1,0,0,0,정상,
2026-05-11 16:49,2026-05-11 17:19,0.3608,INFO,주의,1,0,0,0,정상,
2026-05-11 16:50,2026-05-11 17:20,0.5745,INFO,주의,1,0,0,0,정상,
2026-05-11 16:51,2026-05-11 17:21,0.4173,INFO,주의,1,0,0,0,정상,
2026-05-11 16:52,2026-05-11 17:22,0.441,INFO,주의,1,0,0,0,정상,
2026-05-11 16:53,2026-05-11 17:23,0.1282,OK,정상,1,0,0,0,정상,
2026-05-11 16:54,2026-05-11 17:24,0.1083,OK,정상,1,0,0,0,정상,
2026-05-11 16:55,2026-05-11 17:25,0.083,OK,정상,1,0,0,0,정상,
2026-05-11 16:56,2026-05-11 17:26,0.1114,OK,정상,1,0,0,0,정상,
2026-05-11 16:57,2026-05-11 17:27,0.1414,OK,정상,1,0,0,0,정상,
2026-05-11 16:58,2026-05-11 17:28,0.1583,OK,정상,1,0,0,0,정상,
2026-05-11 16:59,2026-05-11 17:29,0.072,OK,정상,1,0,0,0,정상,
2026-05-11 17:00,2026-05-11 17:30,0.0643,OK,정상,1,0,0,0,정상,
2026-05-11 17:01,2026-05-11 17:31,0.0234,OK,정상,1,0,0,0,정상,
2026-05-11 17:02,2026-05-11 17:32,0.0771,OK,정상,1,0,0,0,정상,
2026-05-11 17:03,2026-05-11 17:33,0.0208,OK,정상,1,0,0,0,정상,
2026-05-11 17:04,2026-05-11 17:34,0.045,OK,정상,1,0,0,0,정상,
2026-05-11 17:05,2026-05-11 17:35,0.0345,OK,정상,1,0,0,0,정상,
2026-05-11 17:06,2026-05-11 17:36,0.1221,OK,정상,1,0,0,0,정상,
2026-05-11 17:07,2026-05-11 17:37,0.0479,OK,정상,1,0,0,0,정상,
2026-05-11 17:08,2026-05-11 17:38,0.1176,OK,정상,1,0,0,0,정상,
2026-05-11 17:09,2026-05-11 17:39,0.054,OK,정상,1,1,0,0,정상,
2026-05-11 17:10,2026-05-11 17:40,0.0316,OK,정상,1,1,0,0,정상,
2026-05-11 17:11,2026-05-11 17:41,0.035,OK,정상,1,1,0,0,정상,
2026-05-11 17:12,2026-05-11 17:42,0.0262,OK,정상,1,1,0,0,정상,
2026-05-11 17:13,2026-05-11 17:43,0.0213,OK,정상,1,1,0,0,정상,
2026-05-11 17:14,2026-05-11 17:44,0.0348,OK,정상,1,1,0,0,정상,
2026-05-11 17:15,2026-05-11 17:45,0.0196,OK,정상,1,0,0,0,정상,
2026-05-11 17:16,2026-05-11 17:46,0.009,OK,정상,1,0,0,0,정상,
2026-05-11 17:17,2026-05-11 17:47,0.0199,OK,정상,1,0,0,0,정상,
2026-05-11 17:18,2026-05-11 17:48,0.0149,OK,정상,1,0,0,0,정상,
2026-05-11 17:19,2026-05-11 17:49,0.008,OK,정상,1,0,0,0,정상,
2026-05-11 17:20,2026-05-11 17:50,0.0662,OK,정상,1,0,0,0,정상,
2026-05-11 17:21,2026-05-11 17:51,0.0144,OK,정상,1,0,0,0,정상,
2026-05-11 17:22,2026-05-11 17:52,0.0101,OK,정상,1,0,0,0,정상,
2026-05-11 17:23,2026-05-11 17:53,0.0113,OK,정상,1,0,0,0,정상,
2026-05-11 17:24,2026-05-11 17:54,0.0025,OK,정상,1,1,0,0,정상,
2026-05-11 17:25,2026-05-11 17:55,0.0007,OK,정상,1,1,0,0,정상,
2026-05-11 17:26,2026-05-11 17:56,0.0015,OK,정상,1,1,0,0,정상,
2026-05-11 17:27,2026-05-11 17:57,0.0024,OK,정상,1,1,0,0,정상,
2026-05-11 17:28,2026-05-11 17:58,0.0007,OK,정상,1,0,0,0,정상,
2026-05-11 17:29,2026-05-11 17:59,0.0015,OK,정상,1,0,0,0,정상,
2026-05-11 17:30,2026-05-11 18:00,0.001,OK,정상,1,0,0,0,정상,
2026-05-11 17:31,2026-05-11 18:01,0.001,OK,정상,1,0,0,0,정상,
2026-05-11 17:32,2026-05-11 18:02,0.0018,OK,정상,1,0,0,0,정상,
2026-05-11 17:33,2026-05-11 18:03,0.0013,OK,정상,1,0,0,0,정상,
2026-05-11 17:34,2026-05-11 18:04,0.0022,OK,정상,1,0,0,0,정상,
2026-05-11 17:35,2026-05-11 18:05,0.0019,OK,정상,1,0,0,0,정상,
2026-05-11 17:36,2026-05-11 18:06,0.0054,OK,정상,1,0,0,0,정상,
2026-05-11 17:37,2026-05-11 18:07,0.0027,OK,정상,1,0,0,0,정상,
2026-05-11 17:38,2026-05-11 18:08,0.0019,OK,정상,1,0,0,0,정상,
2026-05-11 17:39,2026-05-11 18:09,0.0016,OK,정상,1,0,0,0,정상,
2026-05-11 17:40,2026-05-11 18:10,0.0021,OK,정상,1,0,0,0,정상,
2026-05-11 17:41,2026-05-11 18:11,0.0024,OK,정상,1,0,0,0,정상,
2026-05-11 17:42,2026-05-11 18:12,0.0043,OK,정상,1,0,0,0,정상,
2026-05-11 17:43,2026-05-11 18:13,0.002,OK,정상,1,0,0,0,정상,
2026-05-11 17:44,2026-05-11 18:14,0.0028,OK,정상,1,0,0,0,정상,
2026-05-11 17:45,2026-05-11 18:15,0.004,OK,정상,1,0,0,0,정상,
2026-05-11 17:46,2026-05-11 18:16,0.0088,OK,정상,1,0,0,0,정상,
2026-05-11 17:47,2026-05-11 18:17,0.0029,OK,정상,1,0,0,0,정상,
2026-05-11 17:48,2026-05-11 18:18,0.002,OK,정상,1,0,0,0,정상,
2026-05-11 17:49,2026-05-11 18:19,0.006,OK,정상,1,0,0,0,정상,
2026-05-11 17:50,2026-05-11 18:20,0.001,OK,정상,1,0,0,0,정상,
2026-05-11 17:51,2026-05-11 18:21,0.0007,OK,정상,1,0,0,0,정상,
2026-05-11 17:52,2026-05-11 18:22,0.0013,OK,정상,1,0,0,0,정상,
2026-05-11 17:53,2026-05-11 18:23,0.001,OK,정상,0,0,0,0,정상,
2026-05-11 17:54,2026-05-11 18:24,0.003,OK,정상,1,0,0,0,정상,
2026-05-11 17:55,2026-05-11 18:25,0.0026,OK,정상,1,0,0,0,정상,
2026-05-11 17:56,2026-05-11 18:26,0.0018,OK,정상,1,0,0,0,정상,
2026-05-11 17:57,2026-05-11 18:27,0.0031,OK,정상,1,1,0,0,정상,
2026-05-11 17:58,2026-05-11 18:28,0.0016,OK,정상,1,1,0,0,정상,
2026-05-11 17:59,2026-05-11 18:29,0.0027,OK,정상,1,1,0,0,정상,
2026-05-11 18:00,2026-05-11 18:30,0.0036,OK,정상,1,0,0,0,정상,
2026-05-11 18:01,2026-05-11 18:31,0.0014,OK,정상,1,0,0,0,정상,
2026-05-11 18:02,2026-05-11 18:32,0.0056,OK,정상,1,0,0,0,정상,
2026-05-11 18:03,2026-05-11 18:33,0.002,OK,정상,1,0,0,0,정상,
2026-05-11 18:04,2026-05-11 18:34,0.0067,OK,정상,0,0,0,0,정상,
2026-05-11 18:05,2026-05-11 18:35,0.0025,OK,정상,0,0,0,0,정상,
2026-05-11 18:06,2026-05-11 18:36,0.002,OK,정상,0,0,0,0,정상,
2026-05-11 18:07,2026-05-11 18:37,0.0039,OK,정상,0,0,0,0,정상,
2026-05-11 18:08,2026-05-11 18:38,0.0163,OK,정상,0,0,0,0,정상,
2026-05-11 18:09,2026-05-11 18:39,0.0026,OK,정상,1,0,0,0,정상,
2026-05-11 18:10,2026-05-11 18:40,0.0011,OK,정상,0,0,0,0,정상,
2026-05-11 18:11,2026-05-11 18:41,0.003,OK,정상,1,1,0,0,정상,
2026-05-11 18:12,2026-05-11 18:42,0.0013,OK,정상,0,1,0,0,정상,
2026-05-11 18:13,2026-05-11 18:43,0.0013,OK,정상,1,1,0,0,정상,
2026-05-11 18:14,2026-05-11 18:44,0.0009,OK,정상,0,1,0,0,정상,
2026-05-11 18:15,2026-05-11 18:45,0.0008,OK,정상,1,1,0,0,정상,
2026-05-11 18:16,2026-05-11 18:46,0.001,OK,정상,0,1,0,0,정상,
2026-05-11 18:17,2026-05-11 18:47,0.0013,OK,정상,1,1,0,0,정상,
2026-05-11 18:18,2026-05-11 18:48,0.0011,OK,정상,0,0,0,0,정상,
2026-05-11 18:19,2026-05-11 18:49,0.0096,OK,정상,1,0,0,0,정상,
2026-05-11 18:20,2026-05-11 18:50,0.0015,OK,정상,0,0,0,0,정상,
2026-05-11 18:21,2026-05-11 18:51,0.0018,OK,정상,1,0,0,0,정상,
2026-05-11 18:22,2026-05-11 18:52,0.0018,OK,정상,0,0,0,0,정상,
2026-05-11 18:23,2026-05-11 18:53,0.0017,OK,정상,0,0,0,0,정상,
2026-05-11 18:24,2026-05-11 18:54,0.0013,OK,정상,0,0,0,0,정상,
2026-05-11 18:25,2026-05-11 18:55,0.0017,OK,정상,0,0,0,0,정상,
2026-05-11 18:26,2026-05-11 18:56,0.0011,OK,정상,0,0,0,0,정상,
2026-05-11 18:27,2026-05-11 18:57,0.0013,OK,정상,0,0,0,0,정상,
2026-05-11 18:28,2026-05-11 18:58,0.0012,OK,정상,0,0,0,0,정상,
2026-05-11 18:29,2026-05-11 18:59,0.0012,OK,정상,0,0,0,0,정상,
2026-05-11 18:30,2026-05-11 19:00,0.0012,OK,정상,0,1,0,0,정상,
2026-05-11 18:31,2026-05-11 19:01,0.0073,OK,정상,0,1,0,0,정상,
2026-05-11 18:32,2026-05-11 19:02,0.0124,OK,정상,0,1,0,0,정상,
2026-05-11 18:33,2026-05-11 19:03,0.0024,OK,정상,0,1,0,0,정상,
2026-05-11 18:34,2026-05-11 19:04,0.0044,OK,정상,0,1,0,0,정상,
2026-05-11 18:35,2026-05-11 19:05,0.0035,OK,정상,0,1,0,0,정상,
2026-05-11 18:36,2026-05-11 19:06,0.0038,OK,정상,0,1,0,0,정상,
2026-05-11 18:37,2026-05-11 19:07,0.0147,OK,정상,1,1,0,0,정상,
2026-05-11 18:38,2026-05-11 19:08,0.034,OK,정상,0,0,0,0,정상,
2026-05-11 18:39,2026-05-11 19:09,0.0128,OK,정상,1,0,0,0,정상,
2026-05-11 18:40,2026-05-11 19:10,0.0025,OK,정상,0,0,0,0,정상,
2026-05-11 18:41,2026-05-11 19:11,0.0019,OK,정상,1,0,0,0,정상,
2026-05-11 18:42,2026-05-11 19:12,0.0018,OK,정상,0,0,0,0,정상,
2026-05-11 18:43,2026-05-11 19:13,0.0023,OK,정상,1,0,0,0,정상,
2026-05-11 18:44,2026-05-11 19:14,0.0021,OK,정상,0,0,0,0,정상,
2026-05-11 18:45,2026-05-11 19:15,0.0021,OK,정상,1,0,0,0,정상,
2026-05-11 18:46,2026-05-11 19:16,0.0022,OK,정상,0,0,0,0,정상,
2026-05-11 18:47,2026-05-11 19:17,0.0018,OK,정상,1,0,0,0,정상,
2026-05-11 18:48,2026-05-11 19:18,0.0016,OK,정상,0,0,0,0,정상,
2026-05-11 18:49,2026-05-11 19:19,0.002,OK,정상,1,0,0,0,정상,
2026-05-11 18:50,2026-05-11 19:20,0.0019,OK,정상,0,0,0,0,정상,
2026-05-11 18:51,2026-05-11 19:21,0.0086,OK,정상,1,1,0,0,정상,
2026-05-11 18:52,2026-05-11 19:22,0.0099,OK,정상,0,1,0,0,정상,
2026-05-11 18:53,2026-05-11 19:23,0.011,OK,정상,1,1,0,0,정상,
2026-05-11 18:54,2026-05-11 19:24,0.0088,OK,정상,0,0,0,0,정상,
2026-05-11 18:55,2026-05-11 19:25,0.0083,OK,정상,0,0,0,0,정상,
2026-05-11 18:56,2026-05-11 19:26,0.003,OK,정상,0,1,0,0,정상,
2026-05-11 18:57,2026-05-11 19:27,0.0098,OK,정상,0,0,0,0,정상,
2026-05-11 18:58,2026-05-11 19:28,0.017,OK,정상,0,0,0,0,정상,
2026-05-11 18:59,2026-05-11 19:29,0.0021,OK,정상,0,0,0,0,정상,
2026-05-11 19:00,2026-05-11 19:30,0.0017,OK,정상,0,0,0,0,정상,
2026-05-11 19:01,2026-05-11 19:31,0.0069,OK,정상,0,0,0,0,정상,
2026-05-11 19:02,2026-05-11 19:32,0.0004,OK,정상,0,0,0,0,정상,
2026-05-11 19:03,2026-05-11 19:33,0.0007,OK,정상,0,0,0,0,정상,
2026-05-11 19:04,2026-05-11 19:34,0.0017,OK,정상,0,0,0,0,정상,
2026-05-11 19:05,2026-05-11 19:35,0.002,OK,정상,0,0,0,0,정상,
2026-05-11 19:06,2026-05-11 19:36,0.0028,OK,정상,0,0,0,0,정상,
2026-05-11 19:07,2026-05-11 19:37,0.0025,OK,정상,0,0,0,0,정상,
2026-05-11 19:08,2026-05-11 19:38,0.003,OK,정상,0,0,0,0,정상,
2026-05-11 19:09,2026-05-11 19:39,0.0021,OK,정상,0,0,0,0,정상,
2026-05-11 19:10,2026-05-11 19:40,0.0014,OK,정상,0,0,0,0,정상,
2026-05-11 19:11,2026-05-11 19:41,0.0019,OK,정상,0,0,0,0,정상,
2026-05-11 19:12,2026-05-11 19:42,0.003,OK,정상,0,0,0,0,정상,
2026-05-11 19:13,2026-05-11 19:43,0.001,OK,정상,0,0,0,0,정상,
2026-05-11 19:14,2026-05-11 19:44,0.0044,OK,정상,0,0,0,0,정상,
2026-05-11 19:15,2026-05-11 19:45,0.001,OK,정상,0,0,0,0,정상,
2026-05-11 19:16,2026-05-11 19:46,0.001,OK,정상,0,0,0,0,정상,
2026-05-11 19:17,2026-05-11 19:47,0.0011,OK,정상,0,0,0,0,정상,
2026-05-11 19:18,2026-05-11 19:48,0.0011,OK,정상,0,0,0,0,정상,
2026-05-11 19:19,2026-05-11 19:49,0.0009,OK,정상,0,0,0,0,정상,
2026-05-11 19:20,2026-05-11 19:50,0.0008,OK,정상,0,0,0,0,정상,
2026-05-11 19:21,2026-05-11 19:51,0.0011,OK,정상,0,0,0,0,정상,
2026-05-11 19:22,2026-05-11 19:52,0.001,OK,정상,0,0,0,0,정상,
2026-05-11 19:23,2026-05-11 19:53,0.001,OK,정상,0,0,0,0,정상,
2026-05-11 19:24,2026-05-11 19:54,0.0012,OK,정상,0,0,0,0,정상,
2026-05-11 19:25,2026-05-11 19:55,0.0012,OK,정상,0,0,0,0,정상,
2026-05-11 19:26,2026-05-11 19:56,0.0011,OK,정상,0,1,0,0,정상,
2026-05-11 19:27,2026-05-11 19:57,0.0004,OK,정상,1,0,0,0,정상,
2026-05-11 19:28,2026-05-11 19:58,0.0009,OK,정상,1,0,0,0,정상,
2026-05-11 19:29,2026-05-11 19:59,0.0022,OK,정상,1,0,0,0,정상,
2026-05-11 19:30,2026-05-11 20:00,0.0033,OK,정상,0,0,0,0,정상,
2026-05-11 19:31,2026-05-11 20:01,0.0028,OK,정상,1,0,0,0,정상,
2026-05-11 19:32,2026-05-11 20:02,0.0041,OK,정상,0,0,0,0,정상,
2026-05-11 19:33,2026-05-11 20:03,0.002,OK,정상,1,0,0,0,정상,
2026-05-11 19:34,2026-05-11 20:04,0.0007,OK,정상,1,0,0,0,정상,
2026-05-11 19:35,2026-05-11 20:05,0.0008,OK,정상,1,0,0,0,정상,
2026-05-11 19:36,2026-05-11 20:06,0.0007,OK,정상,1,0,0,0,정상,
2026-05-11 19:37,2026-05-11 20:07,0.0011,OK,정상,1,0,0,0,정상,
2026-05-11 19:38,2026-05-11 20:08,0.0038,OK,정상,1,0,0,0,정상,
2026-05-11 19:39,2026-05-11 20:09,0.0038,OK,정상,1,0,0,0,정상,
2026-05-11 19:40,2026-05-11 20:10,0.0047,OK,정상,0,0,0,0,정상,
2026-05-11 19:41,2026-05-11 20:11,0.006,OK,정상,1,0,0,0,정상,
2026-05-11 19:42,2026-05-11 20:12,0.0068,OK,정상,0,0,0,0,정상,
2026-05-11 19:43,2026-05-11 20:13,0.0027,OK,정상,1,0,0,0,정상,
2026-05-11 19:44,2026-05-11 20:14,0.0011,OK,정상,0,0,0,0,정상,
2026-05-11 19:45,2026-05-11 20:15,0.0018,OK,정상,1,0,0,0,정상,
2026-05-11 19:46,2026-05-11 20:16,0.0029,OK,정상,1,0,0,0,정상,
2026-05-11 19:47,2026-05-11 20:17,0.0021,OK,정상,1,0,0,0,정상,
2026-05-11 19:48,2026-05-11 20:18,0.0038,OK,정상,1,0,0,0,정상,
2026-05-11 19:49,2026-05-11 20:19,0.0014,OK,정상,1,0,0,0,정상,
2026-05-11 19:50,2026-05-11 20:20,0.0013,OK,정상,1,0,0,0,정상,
2026-05-11 19:51,2026-05-11 20:21,0.0023,OK,정상,1,0,0,0,정상,
2026-05-11 19:52,2026-05-11 20:22,0.0012,OK,정상,1,0,0,0,정상,
2026-05-11 19:53,2026-05-11 20:23,0.0035,OK,정상,1,0,0,0,정상,
2026-05-11 19:54,2026-05-11 20:24,0.0019,OK,정상,1,0,0,0,정상,
2026-05-11 19:55,2026-05-11 20:25,0.0021,OK,정상,1,0,0,0,정상,
2026-05-11 19:56,2026-05-11 20:26,0.0037,OK,정상,1,0,0,0,정상,
2026-05-11 19:57,2026-05-11 20:27,0.0032,OK,정상,1,0,0,0,정상,
2026-05-11 19:58,2026-05-11 20:28,0.0029,OK,정상,1,0,0,0,정상,
2026-05-11 19:59,2026-05-11 20:29,0.0023,OK,정상,1,0,0,0,정상,
2026-05-11 20:00,2026-05-11 20:30,0.0026,OK,정상,1,0,0,0,정상,
2026-05-11 20:01,2026-05-11 20:31,0.002,OK,정상,1,0,0,0,정상,
2026-05-11 20:02,2026-05-11 20:32,0.002,OK,정상,1,0,0,0,정상,
2026-05-11 20:03,2026-05-11 20:33,0.0022,OK,정상,1,0,0,0,정상,
2026-05-11 20:04,2026-05-11 20:34,0.0016,OK,정상,1,0,0,0,정상,
2026-05-11 20:05,2026-05-11 20:35,0.0016,OK,정상,1,0,0,0,정상,
2026-05-11 20:06,2026-05-11 20:36,0.0021,OK,정상,1,0,0,0,정상,
2026-05-11 20:07,2026-05-11 20:37,0.0028,OK,정상,1,0,0,0,정상,
2026-05-11 20:08,2026-05-11 20:38,0.0018,OK,정상,1,0,0,0,정상,
2026-05-11 20:09,2026-05-11 20:39,0.0022,OK,정상,1,0,0,0,정상,
2026-05-11 20:10,2026-05-11 20:40,0.0044,OK,정상,1,1,0,0,정상,
2026-05-11 20:11,2026-05-11 20:41,0.0027,OK,정상,1,1,0,0,정상,
2026-05-11 20:12,2026-05-11 20:42,0.0044,OK,정상,1,1,0,0,정상,
2026-05-11 20:13,2026-05-11 20:43,0.0025,OK,정상,0,0,0,0,정상,
2026-05-11 20:14,2026-05-11 20:44,0.0063,OK,정상,0,0,0,0,정상,
2026-05-11 20:15,2026-05-11 20:45,0.004,OK,정상,0,0,0,0,정상,
2026-05-11 20:16,2026-05-11 20:46,0.003,OK,정상,0,1,0,0,정상,
2026-05-11 20:17,2026-05-11 20:47,0.002,OK,정상,0,0,0,0,정상,
2026-05-11 20:18,2026-05-11 20:48,0.0013,OK,정상,0,0,0,0,정상,
2026-05-11 20:19,2026-05-11 20:49,0.0018,OK,정상,0,0,0,0,정상,
2026-05-11 20:20,2026-05-11 20:50,0.0034,OK,정상,0,0,0,0,정상,
2026-05-11 20:21,2026-05-11 20:51,0.0038,OK,정상,0,0,0,0,정상,
2026-05-11 20:22,2026-05-11 20:52,0.0034,OK,정상,0,0,0,0,정상,
2026-05-11 20:23,2026-05-11 20:53,0.003,OK,정상,0,0,0,0,정상,
2026-05-11 20:24,2026-05-11 20:54,0.0022,OK,정상,0,0,0,0,정상,
2026-05-11 20:25,2026-05-11 20:55,0.0018,OK,정상,0,0,0,0,정상,
2026-05-11 20:26,2026-05-11 20:56,0.0023,OK,정상,0,0,0,0,정상,
2026-05-11 20:27,2026-05-11 20:57,0.0022,OK,정상,0,0,0,0,정상,
2026-05-11 20:28,2026-05-11 20:58,0.0021,OK,정상,0,0,0,0,정상,
2026-05-11 20:29,2026-05-11 20:59,0.0025,OK,정상,0,0,0,0,정상,
2026-05-11 20:30,2026-05-11 21:00,0.002,OK,정상,0,0,0,0,정상,
2026-05-11 20:31,2026-05-11 21:01,0.0026,OK,정상,0,0,0,0,정상,
2026-05-11 20:32,2026-05-11 21:02,0.0027,OK,정상,0,0,0,0,정상,
2026-05-11 20:33,2026-05-11 21:03,0.0036,OK,정상,0,0,0,0,정상,
2026-05-11 20:34,2026-05-11 21:04,0.0029,OK,정상,0,0,0,0,정상,
2026-05-11 20:35,2026-05-11 21:05,0.0031,OK,정상,0,0,0,0,정상,
2026-05-11 20:36,2026-05-11 21:06,0.0033,OK,정상,0,0,0,0,정상,
2026-05-11 20:37,2026-05-11 21:07,0.0083,OK,정상,1,0,0,0,정상,
2026-05-11 20:38,2026-05-11 21:08,0.002,OK,정상,0,0,0,0,정상,
2026-05-11 20:39,2026-05-11 21:09,0.0018,OK,정상,1,0,0,0,정상,
2026-05-11 20:40,2026-05-11 21:10,0.0015,OK,정상,0,0,0,0,정상,
2026-05-11 20:41,2026-05-11 21:11,0.0016,OK,정상,1,0,0,0,정상,
2026-05-11 20:42,2026-05-11 21:12,0.0011,OK,정상,0,0,0,0,정상,
2026-05-11 20:43,2026-05-11 21:13,0.001,OK,정상,0,0,0,0,정상,
2026-05-11 20:44,2026-05-11 21:14,0.0009,OK,정상,0,0,0,0,정상,
2026-05-11 20:45,2026-05-11 21:15,0.0011,OK,정상,0,0,0,0,정상,
2026-05-11 20:46,2026-05-11 21:16,0.0011,OK,정상,0,0,0,0,정상,
2026-05-11 20:47,2026-05-11 21:17,0.001,OK,정상,0,0,0,0,정상,
2026-05-11 20:48,2026-05-11 21:18,0.0015,OK,정상,0,0,0,0,정상,
2026-05-11 20:49,2026-05-11 21:19,0.0016,OK,정상,0,0,0,0,정상,
2026-05-11 20:50,2026-05-11 21:20,0.0012,OK,정상,0,0,0,0,정상,
2026-05-11 20:51,2026-05-11 21:21,0.001,OK,정상,0,0,0,0,정상,
2026-05-11 20:52,2026-05-11 21:22,0.0009,OK,정상,0,0,0,0,정상,
2026-05-11 20:53,2026-05-11 21:23,0.0008,OK,정상,0,0,0,0,정상,
2026-05-11 20:54,2026-05-11 21:24,0.0028,OK,정상,0,0,0,0,정상,
2026-05-11 20:55,2026-05-11 21:25,0.0006,OK,정상,0,0,0,0,정상,
2026-05-11 20:56,2026-05-11 21:26,0.0008,OK,정상,0,0,0,0,정상,
2026-05-11 20:57,2026-05-11 21:27,0.0004,OK,정상,0,0,0,0,정상,
2026-05-11 20:58,2026-05-11 21:28,0.0009,OK,정상,0,0,0,0,정상,
2026-05-11 20:59,2026-05-11 21:29,0.0005,OK,정상,0,0,0,0,정상,
2026-05-11 21:00,2026-05-11 21:30,0.0008,OK,정상,0,0,0,0,정상,
2026-05-11 21:01,2026-05-11 21:31,0.0031,OK,정상,1,0,0,0,정상,
2026-05-11 21:02,2026-05-11 21:32,0.0025,OK,정상,0,1,0,0,정상,
2026-05-11 21:03,2026-05-11 21:33,0.0035,OK,정상,1,1,0,0,정상,
2026-05-11 21:04,2026-05-11 21:34,0.001,OK,정상,0,0,0,0,정상,
2026-05-11 21:05,2026-05-11 21:35,0.0017,OK,정상,1,0,0,0,정상,
2026-05-11 21:06,2026-05-11 21:36,0.001,OK,정상,0,0,0,0,정상,
2026-05-11 21:07,2026-05-11 21:37,0.0011,OK,정상,1,0,0,0,정상,
2026-05-11 21:08,2026-05-11 21:38,0.0006,OK,정상,0,0,0,0,정상,
2026-05-11 21:09,2026-05-11 21:39,0.001,OK,정상,0,0,0,0,정상,
2026-05-11 21:10,2026-05-11 21:40,0.0047,OK,정상,0,0,0,0,정상,
2026-05-11 21:11,2026-05-11 21:41,0.0012,OK,정상,0,0,0,0,정상,
2026-05-11 21:12,2026-05-11 21:42,0.001,OK,정상,0,0,0,0,정상,
2026-05-11 21:13,2026-05-11 21:43,0.0014,OK,정상,0,0,0,0,정상,
2026-05-11 21:14,2026-05-11 21:44,0.0017,OK,정상,0,0,0,0,정상,
2026-05-11 21:15,2026-05-11 21:45,0.0012,OK,정상,0,0,0,0,정상,
2026-05-11 21:16,2026-05-11 21:46,0.0087,OK,정상,0,0,0,0,정상,
2026-05-11 21:17,2026-05-11 21:47,0.0028,OK,정상,0,0,0,0,정상,
2026-05-11 21:18,2026-05-11 21:48,0.0014,OK,정상,0,0,0,0,정상,
2026-05-11 21:19,2026-05-11 21:49,0.0014,OK,정상,0,0,0,0,정상,
2026-05-11 21:20,2026-05-11 21:50,0.0017,OK,정상,0,0,0,0,정상,
2026-05-11 21:21,2026-05-11 21:51,0.0017,OK,정상,1,0,0,0,정상,
2026-05-11 21:22,2026-05-11 21:52,0.0016,OK,정상,0,0,0,0,정상,
2026-05-11 21:23,2026-05-11 21:53,0.0016,OK,정상,0,0,0,0,정상,
2026-05-11 21:24,2026-05-11 21:54,0.001,OK,정상,0,0,0,0,정상,
2026-05-11 21:25,2026-05-11 21:55,0.0012,OK,정상,0,0,0,0,정상,
2026-05-11 21:26,2026-05-11 21:56,0.0013,OK,정상,0,0,0,0,정상,
2026-05-11 21:27,2026-05-11 21:57,0.0012,OK,정상,0,0,0,0,정상,
2026-05-11 21:28,2026-05-11 21:58,0.0009,OK,정상,0,0,0,0,정상,
2026-05-11 21:29,2026-05-11 21:59,0.0005,OK,정상,0,0,0,0,정상,
2026-05-11 21:30,2026-05-11 22:00,0.0004,OK,정상,0,0,0,0,정상,
2026-05-11 21:31,2026-05-11 22:01,0.0007,OK,정상,0,0,0,0,정상,
2026-05-11 21:32,2026-05-11 22:02,0.0011,OK,정상,0,0,0,0,정상,
2026-05-11 21:33,2026-05-11 22:03,0.0006,OK,정상,0,0,0,0,정상,
2026-05-11 21:34,2026-05-11 22:04,0.0011,OK,정상,0,0,0,0,정상,
2026-05-11 21:35,2026-05-11 22:05,0.0015,OK,정상,0,0,0,0,정상,
2026-05-11 21:36,2026-05-11 22:06,0.0016,OK,정상,0,0,0,0,정상,
2026-05-11 21:37,2026-05-11 22:07,0.0016,OK,정상,0,1,0,0,정상,
2026-05-11 21:38,2026-05-11 22:08,0.002,OK,정상,0,1,0,0,정상,
2026-05-11 21:39,2026-05-11 22:09,0.0015,OK,정상,0,1,0,0,정상,
2026-05-11 21:40,2026-05-11 22:10,0.0027,OK,정상,0,1,0,0,정상,
2026-05-11 21:41,2026-05-11 22:11,0.0019,OK,정상,0,0,0,0,정상,
2026-05-11 21:42,2026-05-11 22:12,0.0019,OK,정상,0,0,0,0,정상,
2026-05-11 21:43,2026-05-11 22:13,0.0014,OK,정상,0,0,0,0,정상,
2026-05-11 21:44,2026-05-11 22:14,0.0012,OK,정상,0,0,0,0,정상,
2026-05-11 21:45,2026-05-11 22:15,0.0011,OK,정상,0,0,0,0,정상,
2026-05-11 21:46,2026-05-11 22:16,0.0051,OK,정상,0,0,0,0,정상,
2026-05-11 21:47,2026-05-11 22:17,0.0011,OK,정상,0,0,0,0,정상,
2026-05-11 21:48,2026-05-11 22:18,0.0013,OK,정상,0,0,0,0,정상,
2026-05-11 21:49,2026-05-11 22:19,0.0015,OK,정상,0,0,0,0,정상,
2026-05-11 21:50,2026-05-11 22:20,0.0016,OK,정상,0,0,0,0,정상,
2026-05-11 21:51,2026-05-11 22:21,0.0053,OK,정상,0,0,0,0,정상,
2026-05-11 21:52,2026-05-11 22:22,0.0091,OK,정상,0,0,0,0,정상,
2026-05-11 21:53,2026-05-11 22:23,0.0086,OK,정상,0,0,0,0,정상,
2026-05-11 21:54,2026-05-11 22:24,0.0087,OK,정상,0,0,0,0,정상,
2026-05-11 21:55,2026-05-11 22:25,0.0086,OK,정상,0,0,0,0,정상,
2026-05-11 21:56,2026-05-11 22:26,0.0073,OK,정상,0,0,0,0,정상,
2026-05-11 21:57,2026-05-11 22:27,0.0026,OK,정상,1,0,0,0,정상,
2026-05-11 21:58,2026-05-11 22:28,0.0025,OK,정상,0,0,0,0,정상,
2026-05-11 21:59,2026-05-11 22:29,0.0016,OK,정상,1,0,0,0,정상,
2026-05-11 22:00,2026-05-11 22:30,0.0016,OK,정상,0,0,0,0,정상,
2026-05-11 22:01,2026-05-11 22:31,0.0018,OK,정상,1,0,0,0,정상,
2026-05-11 22:02,2026-05-11 22:32,0.002,OK,정상,0,0,0,0,정상,
2026-05-11 22:03,2026-05-11 22:33,0.0009,OK,정상,1,0,0,0,정상,
2026-05-11 22:04,2026-05-11 22:34,0.0009,OK,정상,0,0,0,0,정상,
2026-05-11 22:05,2026-05-11 22:35,0.0015,OK,정상,1,0,0,0,정상,
2026-05-11 22:06,2026-05-11 22:36,0.0007,OK,정상,0,0,0,0,정상,
2026-05-11 22:07,2026-05-11 22:37,0.0011,OK,정상,1,0,0,0,정상,
2026-05-11 22:08,2026-05-11 22:38,0.0016,OK,정상,0,1,0,0,정상,
2026-05-11 22:09,2026-05-11 22:39,0.0014,OK,정상,1,1,0,0,정상,
2026-05-11 22:10,2026-05-11 22:40,0.0018,OK,정상,0,1,0,0,정상,
2026-05-11 22:11,2026-05-11 22:41,0.0028,OK,정상,1,1,0,0,정상,
2026-05-11 22:12,2026-05-11 22:42,0.0086,OK,정상,0,1,0,0,정상,
2026-05-11 22:13,2026-05-11 22:43,0.002,OK,정상,1,1,0,0,정상,
2026-05-11 22:14,2026-05-11 22:44,0.0018,OK,정상,0,1,0,0,정상,
2026-05-11 22:15,2026-05-11 22:45,0.0053,OK,정상,1,1,0,0,정상,
2026-05-11 22:16,2026-05-11 22:46,0.0014,OK,정상,0,1,0,0,정상,
2026-05-11 22:17,2026-05-11 22:47,0.0014,OK,정상,1,0,0,0,정상,
2026-05-11 22:18,2026-05-11 22:48,0.0011,OK,정상,0,0,0,0,정상,
2026-05-11 22:19,2026-05-11 22:49,0.0015,OK,정상,1,0,0,0,정상,
2026-05-11 22:20,2026-05-11 22:50,0.0014,OK,정상,1,0,0,0,정상,
2026-05-11 22:21,2026-05-11 22:51,0.0019,OK,정상,1,0,0,0,정상,
2026-05-11 22:22,2026-05-11 22:52,0.0018,OK,정상,1,0,0,0,정상,
2026-05-11 22:23,2026-05-11 22:53,0.003,OK,정상,1,0,0,0,정상,
2026-05-11 22:24,2026-05-11 22:54,0.0015,OK,정상,1,0,0,0,정상,
2026-05-11 22:25,2026-05-11 22:55,0.0029,OK,정상,1,0,0,0,정상,
2026-05-11 22:26,2026-05-11 22:56,0.0021,OK,정상,1,0,0,0,정상,
2026-05-11 22:27,2026-05-11 22:57,0.0026,OK,정상,1,0,0,0,정상,
2026-05-11 22:28,2026-05-11 22:58,0.0014,OK,정상,1,0,0,0,정상,
2026-05-11 22:29,2026-05-11 22:59,0.0022,OK,정상,1,0,0,0,정상,
2026-05-11 22:30,2026-05-11 23:00,0.0014,OK,정상,1,0,0,0,정상,
2026-05-11 22:31,2026-05-11 23:01,0.0013,OK,정상,1,0,0,0,정상,
2026-05-11 22:32,2026-05-11 23:02,0.0013,OK,정상,0,0,0,0,정상,
2026-05-11 22:33,2026-05-11 23:03,0.0013,OK,정상,1,0,0,0,정상,
2026-05-11 22:34,2026-05-11 23:04,0.0012,OK,정상,0,0,0,0,정상,
2026-05-11 22:35,2026-05-11 23:05,0.0015,OK,정상,1,0,0,0,정상,
2026-05-11 22:36,2026-05-11 23:06,0.0015,OK,정상,0,0,0,0,정상,
2026-05-11 22:37,2026-05-11 23:07,0.0013,OK,정상,1,0,0,0,정상,
2026-05-11 22:38,2026-05-11 23:08,0.0012,OK,정상,0,0,0,0,정상,
2026-05-11 22:39,2026-05-11 23:09,0.001,OK,정상,1,0,0,0,정상,
2026-05-11 22:40,2026-05-11 23:10,0.0009,OK,정상,1,0,0,0,정상,
2026-05-11 22:41,2026-05-11 23:11,0.0014,OK,정상,1,0,0,0,정상,
2026-05-11 22:42,2026-05-11 23:12,0.0011,OK,정상,1,0,0,0,정상,
2026-05-11 22:43,2026-05-11 23:13,0.0063,OK,정상,1,0,0,0,정상,
2026-05-11 22:44,2026-05-11 23:14,0.0013,OK,정상,1,0,0,0,정상,
2026-05-11 22:45,2026-05-11 23:15,0.0017,OK,정상,1,0,0,0,정상,
2026-05-11 22:46,2026-05-11 23:16,0.0015,OK,정상,1,0,0,0,정상,
2026-05-11 22:47,2026-05-11 23:17,0.0041,OK,정상,1,0,0,0,정상,
2026-05-11 22:48,2026-05-11 23:18,0.0008,OK,정상,1,0,0,0,정상,
2026-05-11 22:49,2026-05-11 23:19,0.001,OK,정상,1,0,0,0,정상,
2026-05-11 22:50,2026-05-11 23:20,0.0006,OK,정상,1,0,0,0,정상,
2026-05-11 22:51,2026-05-11 23:21,0.0015,OK,정상,1,0,0,0,정상,
2026-05-11 22:52,2026-05-11 23:22,0.0008,OK,정상,1,0,0,0,정상,
2026-05-11 22:53,2026-05-11 23:23,0.0111,OK,정상,1,0,0,0,정상,
2026-05-11 22:54,2026-05-11 23:24,0.0049,OK,정상,1,0,0,0,정상,
2026-05-11 22:55,2026-05-11 23:25,0.0065,OK,정상,1,0,0,0,정상,
2026-05-11 22:56,2026-05-11 23:26,0.0048,OK,정상,1,0,0,0,정상,
2026-05-11 22:57,2026-05-11 23:27,0.0354,OK,정상,1,0,0,0,정상,
2026-05-11 22:58,2026-05-11 23:28,0.0186,OK,정상,1,0,0,0,정상,
2026-05-11 22:59,2026-05-11 23:29,0.0445,OK,정상,1,0,0,0,정상,
2026-05-11 23:00,2026-05-11 23:30,0.017,OK,정상,1,0,0,0,정상,
2026-05-11 23:01,2026-05-11 23:31,0.0538,OK,정상,1,0,0,0,정상,
2026-05-11 23:02,2026-05-11 23:32,0.0264,OK,정상,1,0,0,0,정상,
2026-05-11 23:03,2026-05-11 23:33,0.0581,OK,정상,1,0,0,0,정상,
2026-05-11 23:04,2026-05-11 23:34,0.0206,OK,정상,1,0,0,0,정상,
2026-05-11 23:05,2026-05-11 23:35,0.0393,OK,정상,1,0,0,0,정상,
2026-05-11 23:06,2026-05-11 23:36,0.0332,OK,정상,1,0,0,0,정상,
2026-05-11 23:07,2026-05-11 23:37,0.0363,OK,정상,1,0,0,0,정상,
2026-05-11 23:08,2026-05-11 23:38,0.0064,OK,정상,1,0,0,0,정상,
2026-05-11 23:09,2026-05-11 23:39,0.0091,OK,정상,1,0,0,0,정상,
2026-05-11 23:10,2026-05-11 23:40,0.0186,OK,정상,1,0,0,0,정상,
2026-05-11 23:11,2026-05-11 23:41,0.0122,OK,정상,1,0,0,0,정상,
2026-05-11 23:12,2026-05-11 23:42,0.0066,OK,정상,1,0,0,0,정상,
2026-05-11 23:13,2026-05-11 23:43,0.0069,OK,정상,1,0,0,0,정상,
2026-05-11 23:14,2026-05-11 23:44,0.011,OK,정상,1,0,0,0,정상,
2026-05-11 23:15,2026-05-11 23:45,0.0125,OK,정상,1,0,0,0,정상,
2026-05-11 23:16,2026-05-11 23:46,0.011,OK,정상,1,0,0,0,정상,
2026-05-11 23:17,2026-05-11 23:47,0.0153,OK,정상,1,0,0,0,정상,
2026-05-11 23:18,2026-05-11 23:48,0.0449,OK,정상,1,1,0,0,정상,
2026-05-11 23:19,2026-05-11 23:49,0.098,OK,정상,1,0,0,0,정상,
2026-05-11 23:20,2026-05-11 23:50,0.051,OK,정상,1,0,0,0,정상,
2026-05-11 23:21,2026-05-11 23:51,0.0534,OK,정상,1,1,0,0,정상,
2026-05-11 23:22,2026-05-11 23:52,0.0367,OK,정상,1,0,0,0,정상,
2026-05-11 23:23,2026-05-11 23:53,0.0768,OK,정상,1,0,0,0,정상,
2026-05-11 23:24,2026-05-11 23:54,0.0362,OK,정상,1,0,0,0,정상,
2026-05-11 23:25,2026-05-11 23:55,0.0401,OK,정상,1,0,0,0,정상,
2026-05-11 23:26,2026-05-11 23:56,0.0387,OK,정상,1,0,0,0,정상,
2026-05-11 23:27,2026-05-11 23:57,0.0507,OK,정상,1,0,0,0,정상,
2026-05-11 23:28,2026-05-11 23:58,0.0492,OK,정상,1,0,0,0,정상,
2026-05-11 23:29,2026-05-11 23:59,0.0577,OK,정상,1,0,0,0,정상,
2026-05-11 23:30,2026-05-12 0:00,0.0307,OK,정상,1,0,0,0,정상,
2026-05-11 23:31,2026-05-12 0:01,0.0732,OK,정상,1,0,0,0,정상,
2026-05-11 23:32,2026-05-12 0:02,0.0803,OK,정상,1,0,0,0,정상,
2026-05-11 23:33,2026-05-12 0:03,0.0821,OK,정상,1,0,0,0,정상,
2026-05-11 23:34,2026-05-12 0:04,0.0765,OK,정상,1,0,0,0,정상,
2026-05-11 23:35,2026-05-12 0:05,0.0833,OK,정상,1,0,0,0,정상,
2026-05-11 23:36,2026-05-12 0:06,0.0415,OK,정상,1,0,0,0,정상,
2026-05-11 23:37,2026-05-12 0:07,0.0373,OK,정상,1,0,0,0,정상,
2026-05-11 23:38,2026-05-12 0:08,0.0079,OK,정상,1,1,0,0,정상,
2026-05-11 23:39,2026-05-12 0:09,0.0062,OK,정상,1,1,0,0,정상,
2026-05-11 23:40,2026-05-12 0:10,0.0056,OK,정상,1,0,0,0,정상,
2026-05-11 23:41,2026-05-12 0:11,0.007,OK,정상,1,1,0,0,정상,
2026-05-11 23:42,2026-05-12 0:12,0.0068,OK,정상,1,1,0,0,정상,
2026-05-11 23:43,2026-05-12 0:13,0.0071,OK,정상,1,1,0,0,정상,
2026-05-11 23:44,2026-05-12 0:14,0.0059,OK,정상,1,1,0,0,정상,
2026-05-11 23:45,2026-05-12 0:15,0.0039,OK,정상,1,1,0,0,정상,
2026-05-11 23:46,2026-05-12 0:16,0.0019,OK,정상,1,0,0,0,정상,
2026-05-11 23:47,2026-05-12 0:17,0.0025,OK,정상,1,0,0,0,정상,
2026-05-11 23:48,2026-05-12 0:18,0.0012,OK,정상,1,0,0,0,정상,
2026-05-11 23:49,2026-05-12 0:19,0.0013,OK,정상,0,0,0,0,정상,
2026-05-11 23:50,2026-05-12 0:20,0.0008,OK,정상,0,0,0,0,정상,
2026-05-11 23:51,2026-05-12 0:21,0.0013,OK,정상,0,0,0,0,정상,
2026-05-11 23:52,2026-05-12 0:22,0.0013,OK,정상,0,0,0,0,정상,
2026-05-11 23:53,2026-05-12 0:23,0.0007,OK,정상,1,0,0,0,정상,
2026-05-11 23:54,2026-05-12 0:24,0.0013,OK,정상,0,0,0,0,정상,
2026-05-11 23:55,2026-05-12 0:25,0.0013,OK,정상,0,0,0,0,정상,
2026-05-11 23:56,2026-05-12 0:26,0.0013,OK,정상,0,0,0,0,정상,
2026-05-11 23:57,2026-05-12 0:27,0.0022,OK,정상,0,0,0,0,정상,
2026-05-11 23:58,2026-05-12 0:28,0.0019,OK,정상,0,0,0,0,정상,
2026-05-11 23:59,2026-05-12 0:29,0.0014,OK,정상,0,0,0,0,정상,
2026-05-12 0:00,2026-05-12 0:30,0.0015,OK,정상,0,0,0,0,정상,
2026-05-12 0:01,2026-05-12 0:31,0.0018,OK,정상,0,0,0,0,정상,
2026-05-12 0:02,2026-05-12 0:32,0.0018,OK,정상,0,0,0,0,정상,
2026-05-12 0:03,2026-05-12 0:33,0.0012,OK,정상,0,0,0,0,정상,
2026-05-12 0:04,2026-05-12 0:34,0.0012,OK,정상,0,0,0,0,정상,
2026-05-12 0:05,2026-05-12 0:35,0.0011,OK,정상,0,0,0,0,정상,
2026-05-12 0:06,2026-05-12 0:36,0.001,OK,정상,0,0,0,0,정상,
2026-05-12 0:07,2026-05-12 0:37,0.0009,OK,정상,1,0,0,0,정상,
2026-05-12 0:08,2026-05-12 0:38,0.0011,OK,정상,0,0,0,0,정상,
2026-05-12 0:09,2026-05-12 0:39,0.0013,OK,정상,1,0,0,0,정상,
2026-05-12 0:10,2026-05-12 0:40,0.0013,OK,정상,0,0,0,0,정상,
2026-05-12 0:11,2026-05-12 0:41,0.0013,OK,정상,1,1,0,0,정상,
2026-05-12 0:12,2026-05-12 0:42,0.0011,OK,정상,0,0,0,0,정상,
2026-05-12 0:13,2026-05-12 0:43,0.0012,OK,정상,1,0,0,0,정상,
2026-05-12 0:14,2026-05-12 0:44,0.0012,OK,정상,1,0,0,0,정상,
2026-05-12 0:15,2026-05-12 0:45,0.0011,OK,정상,1,0,0,0,정상,
2026-05-12 0:16,2026-05-12 0:46,0.001,OK,정상,0,0,0,0,정상,
2026-05-12 0:17,2026-05-12 0:47,0.0012,OK,정상,1,0,0,0,정상,
2026-05-12 0:18,2026-05-12 0:48,0.001,OK,정상,1,0,0,0,정상,
2026-05-12 0:19,2026-05-12 0:49,0.0018,OK,정상,1,0,0,0,정상,
2026-05-12 0:20,2026-05-12 0:50,0.001,OK,정상,1,0,0,0,정상,
2026-05-12 0:21,2026-05-12 0:51,0.0012,OK,정상,1,0,0,0,정상,
2026-05-12 0:22,2026-05-12 0:52,0.0012,OK,정상,1,0,0,0,정상,
2026-05-12 0:23,2026-05-12 0:53,0.0014,OK,정상,1,0,0,0,정상,
2026-05-12 0:24,2026-05-12 0:54,0.0013,OK,정상,1,0,0,0,정상,
2026-05-12 0:25,2026-05-12 0:55,0.0016,OK,정상,1,0,0,0,정상,
2026-05-12 0:26,2026-05-12 0:56,0.0014,OK,정상,1,0,0,0,정상,
2026-05-12 0:27,2026-05-12 0:57,0.0016,OK,정상,1,0,0,0,정상,
2026-05-12 0:28,2026-05-12 0:58,0.0014,OK,정상,1,0,0,0,정상,
2026-05-12 0:29,2026-05-12 0:59,0.0017,OK,정상,1,0,0,0,정상,
2026-05-12 0:30,2026-05-12 1:00,0.0013,OK,정상,1,0,0,0,정상,
2026-05-12 0:31,2026-05-12 1:01,0.0018,OK,정상,1,0,0,0,정상,
2026-05-12 0:32,2026-05-12 1:02,0.0012,OK,정상,1,0,0,0,정상,
2026-05-12 0:33,2026-05-12 1:03,0.0015,OK,정상,1,0,0,0,정상,
2026-05-12 0:34,2026-05-12 1:04,0.0011,OK,정상,1,0,0,0,정상,
2026-05-12 0:35,2026-05-12 1:05,0.0015,OK,정상,1,0,0,0,정상,
2026-05-12 0:36,2026-05-12 1:06,0.0012,OK,정상,1,0,0,0,정상,
2026-05-12 0:37,2026-05-12 1:07,0.0013,OK,정상,1,0,0,0,정상,
2026-05-12 0:38,2026-05-12 1:08,0.0013,OK,정상,1,1,0,0,정상,
2026-05-12 0:39,2026-05-12 1:09,0.0013,OK,정상,1,1,0,0,정상,
2026-05-12 0:40,2026-05-12 1:10,0.0011,OK,정상,1,1,0,0,정상,
2026-05-12 0:41,2026-05-12 1:11,0.0013,OK,정상,1,1,0,0,정상,
2026-05-12 0:42,2026-05-12 1:12,0.0012,OK,정상,1,1,0,0,정상,
2026-05-12 0:43,2026-05-12 1:13,0.0017,OK,정상,1,1,0,0,정상,
2026-05-12 0:44,2026-05-12 1:14,0.0028,OK,정상,1,1,0,0,정상,
2026-05-12 0:45,2026-05-12 1:15,0.0013,OK,정상,1,1,0,0,정상,
2026-05-12 0:46,2026-05-12 1:16,0.0023,OK,정상,1,0,0,0,정상,
2026-05-12 0:47,2026-05-12 1:17,0.0025,OK,정상,1,0,0,0,정상,
2026-05-12 0:48,2026-05-12 1:18,0.0014,OK,정상,1,0,0,0,정상,
2026-05-12 0:49,2026-05-12 1:19,0.0012,OK,정상,1,0,0,0,정상,
2026-05-12 0:50,2026-05-12 1:20,0.0011,OK,정상,1,0,0,0,정상,
2026-05-12 0:51,2026-05-12 1:21,0.0033,OK,정상,1,0,0,0,정상,
2026-05-12 0:52,2026-05-12 1:22,0.0033,OK,정상,1,0,0,0,정상,
2026-05-12 0:53,2026-05-12 1:23,0.0014,OK,정상,1,0,0,0,정상,
2026-05-12 0:54,2026-05-12 1:24,0.0033,OK,정상,1,0,0,0,정상,
2026-05-12 0:55,2026-05-12 1:25,0.0013,OK,정상,1,0,0,0,정상,
2026-05-12 0:56,2026-05-12 1:26,0.0027,OK,정상,1,0,0,0,정상,
2026-05-12 0:57,2026-05-12 1:27,0.001,OK,정상,1,0,0,0,정상,
2026-05-12 0:58,2026-05-12 1:28,0.0009,OK,정상,0,0,0,0,정상,
2026-05-12 0:59,2026-05-12 1:29,0.0024,OK,정상,1,0,0,0,정상,
2026-05-12 1:00,2026-05-12 1:30,0.0013,OK,정상,0,0,0,0,정상,
2026-05-12 1:01,2026-05-12 1:31,0.0011,OK,정상,1,0,0,0,정상,
2026-05-12 1:02,2026-05-12 1:32,0.001,OK,정상,0,0,0,0,정상,
2026-05-12 1:03,2026-05-12 1:33,0.0013,OK,정상,1,0,0,0,정상,
2026-05-12 1:04,2026-05-12 1:34,0.0031,OK,정상,0,0,0,0,정상,
2026-05-12 1:05,2026-05-12 1:35,0.0055,OK,정상,1,0,0,0,정상,
2026-05-12 1:06,2026-05-12 1:36,0.0056,OK,정상,0,0,0,0,정상,
2026-05-12 1:07,2026-05-12 1:37,0.0043,OK,정상,1,0,0,0,정상,
2026-05-12 1:08,2026-05-12 1:38,0.001,OK,정상,0,0,0,0,정상,
2026-05-12 1:09,2026-05-12 1:39,0.0043,OK,정상,1,1,0,0,정상,
2026-05-12 1:10,2026-05-12 1:40,0.0062,OK,정상,0,1,0,0,정상,
2026-05-12 1:11,2026-05-12 1:41,0.0013,OK,정상,1,0,0,0,정상,
2026-05-12 1:12,2026-05-12 1:42,0.0009,OK,정상,0,0,0,0,정상,
2026-05-12 1:13,2026-05-12 1:43,0.0012,OK,정상,1,0,0,0,정상,
2026-05-12 1:14,2026-05-12 1:44,0.0007,OK,정상,0,0,0,0,정상,
2026-05-12 1:15,2026-05-12 1:45,0.0007,OK,정상,1,0,0,0,정상,
2026-05-12 1:16,2026-05-12 1:46,0.0016,OK,정상,0,0,0,0,정상,
2026-05-12 1:17,2026-05-12 1:47,0.0021,OK,정상,0,1,0,0,정상,
2026-05-12 1:18,2026-05-12 1:48,0.0013,OK,정상,0,0,0,0,정상,
2026-05-12 1:19,2026-05-12 1:49,0.0013,OK,정상,0,0,0,0,정상,
2026-05-12 1:20,2026-05-12 1:50,0.0011,OK,정상,0,0,0,0,정상,
2026-05-12 1:21,2026-05-12 1:51,0.0059,OK,정상,0,0,0,0,정상,
2026-05-12 1:22,2026-05-12 1:52,0.0095,OK,정상,0,0,0,0,정상,
2026-05-12 1:23,2026-05-12 1:53,0.0012,OK,정상,0,0,0,0,정상,
2026-05-12 1:24,2026-05-12 1:54,0.001,OK,정상,0,0,0,0,정상,
2026-05-12 1:25,2026-05-12 1:55,0.0018,OK,정상,0,0,0,0,정상,
2026-05-12 1:26,2026-05-12 1:56,0.0051,OK,정상,0,0,0,0,정상,
2026-05-12 1:27,2026-05-12 1:57,0.0027,OK,정상,1,0,0,0,정상,
2026-05-12 1:28,2026-05-12 1:58,0.0112,OK,정상,0,0,0,0,정상,
2026-05-12 1:29,2026-05-12 1:59,0.0032,OK,정상,0,0,0,0,정상,
2026-05-12 1:30,2026-05-12 2:00,0.0018,OK,정상,0,1,0,0,정상,
2026-05-12 1:31,2026-05-12 2:01,0.0086,OK,정상,0,1,0,0,정상,
2026-05-12 1:32,2026-05-12 2:02,0.0025,OK,정상,0,1,0,0,정상,
2026-05-12 1:33,2026-05-12 2:03,0.002,OK,정상,0,1,0,0,정상,
2026-05-12 1:34,2026-05-12 2:04,0.0014,OK,정상,0,1,0,0,정상,
2026-05-12 1:35,2026-05-12 2:05,0.0018,OK,정상,0,0,0,0,정상,
2026-05-12 1:36,2026-05-12 2:06,0.002,OK,정상,0,0,0,0,정상,
2026-05-12 1:37,2026-05-12 2:07,0.0014,OK,정상,0,0,0,0,정상,
2026-05-12 1:38,2026-05-12 2:08,0.0013,OK,정상,0,0,0,0,정상,
2026-05-12 1:39,2026-05-12 2:09,0.0018,OK,정상,0,0,0,0,정상,
2026-05-12 1:40,2026-05-12 2:10,0.0012,OK,정상,0,0,0,0,정상,
2026-05-12 1:41,2026-05-12 2:11,0.001,OK,정상,0,0,0,0,정상,
2026-05-12 1:42,2026-05-12 2:12,0.0014,OK,정상,0,0,0,0,정상,
2026-05-12 1:43,2026-05-12 2:13,0.0012,OK,정상,0,0,0,0,정상,
2026-05-12 1:44,2026-05-12 2:14,0.0012,OK,정상,0,0,0,0,정상,
2026-05-12 1:45,2026-05-12 2:15,0.0009,OK,정상,0,0,0,0,정상,
2026-05-12 1:46,2026-05-12 2:16,0.0007,OK,정상,0,0,0,0,정상,
2026-05-12 1:47,2026-05-12 2:17,0.0009,OK,정상,0,0,0,0,정상,
2026-05-12 1:48,2026-05-12 2:18,0.0011,OK,정상,0,0,0,0,정상,
2026-05-12 1:49,2026-05-12 2:19,0.0011,OK,정상,0,0,0,0,정상,
2026-05-12 1:50,2026-05-12 2:20,0.0009,OK,정상,0,0,0,0,정상,
2026-05-12 1:51,2026-05-12 2:21,0.0008,OK,정상,0,0,0,0,정상,
2026-05-12 1:52,2026-05-12 2:22,0.0008,OK,정상,0,0,0,0,정상,
2026-05-12 1:53,2026-05-12 2:23,0.0011,OK,정상,0,0,0,0,정상,
2026-05-12 1:54,2026-05-12 2:24,0.0017,OK,정상,0,0,0,0,정상,
2026-05-12 1:55,2026-05-12 2:25,0.0012,OK,정상,0,0,0,0,정상,
2026-05-12 1:56,2026-05-12 2:26,0.0012,OK,정상,0,0,0,0,정상,
2026-05-12 1:57,2026-05-12 2:27,0.0013,OK,정상,1,0,0,0,정상,
2026-05-12 1:58,2026-05-12 2:28,0.0011,OK,정상,0,0,0,0,정상,
2026-05-12 1:59,2026-05-12 2:29,0.0012,OK,정상,0,0,0,0,정상,
2026-05-12 2:00,2026-05-12 2:30,0.0025,OK,정상,0,1,0,0,정상,
2026-05-12 2:01,2026-05-12 2:31,0.002,OK,정상,0,1,0,0,정상,
2026-05-12 2:02,2026-05-12 2:32,0.0013,OK,정상,0,0,0,0,정상,
2026-05-12 2:03,2026-05-12 2:33,0.0017,OK,정상,0,0,0,0,정상,
2026-05-12 2:04,2026-05-12 2:34,0.0014,OK,정상,0,0,0,0,정상,
2026-05-12 2:05,2026-05-12 2:35,0.0015,OK,정상,0,0,0,0,정상,
2026-05-12 2:06,2026-05-12 2:36,0.001,OK,정상,0,0,0,0,정상,
2026-05-12 2:07,2026-05-12 2:37,0.002,OK,정상,0,0,0,0,정상,
2026-05-12 2:08,2026-05-12 2:38,0.0022,OK,정상,0,0,0,0,정상,
2026-05-12 2:09,2026-05-12 2:39,0.0017,OK,정상,0,0,0,0,정상,
2026-05-12 2:10,2026-05-12 2:40,0.002,OK,정상,0,0,0,0,정상,
2026-05-12 2:11,2026-05-12 2:41,0.0023,OK,정상,1,0,0,0,정상,
2026-05-12 2:12,2026-05-12 2:42,0.0096,OK,정상,0,0,0,0,정상,
2026-05-12 2:13,2026-05-12 2:43,0.0106,OK,정상,1,0,0,0,정상,
2026-05-12 2:14,2026-05-12 2:44,0.0015,OK,정상,0,0,0,0,정상,
2026-05-12 2:15,2026-05-12 2:45,0.0109,OK,정상,1,0,0,0,정상,
2026-05-12 2:16,2026-05-12 2:46,0.021,OK,정상,0,0,0,0,정상,
2026-05-12 2:17,2026-05-12 2:47,0.0142,OK,정상,1,0,0,0,정상,
2026-05-12 2:18,2026-05-12 2:48,0.002,OK,정상,0,0,0,0,정상,
2026-05-12 2:19,2026-05-12 2:49,0.016,OK,정상,1,0,0,0,정상,
2026-05-12 2:20,2026-05-12 2:50,0.0018,OK,정상,0,0,0,0,정상,
2026-05-12 2:21,2026-05-12 2:51,0.002,OK,정상,1,0,0,0,정상,
2026-05-12 2:22,2026-05-12 2:52,0.0015,OK,정상,0,0,0,0,정상,
2026-05-12 2:23,2026-05-12 2:53,0.0021,OK,정상,1,0,0,0,정상,
2026-05-12 2:24,2026-05-12 2:54,0.0023,OK,정상,0,0,0,0,정상,
2026-05-12 2:25,2026-05-12 2:55,0.0021,OK,정상,1,0,0,0,정상,
2026-05-12 2:26,2026-05-12 2:56,0.0022,OK,정상,0,0,0,0,정상,
2026-05-12 2:27,2026-05-12 2:57,0.0021,OK,정상,1,0,0,0,정상,
2026-05-12 2:28,2026-05-12 2:58,0.0113,OK,정상,0,0,0,0,정상,
2026-05-12 2:29,2026-05-12 2:59,0.0016,OK,정상,1,0,0,0,정상,
2026-05-12 2:30,2026-05-12 3:00,0.0023,OK,정상,0,0,0,0,정상,
2026-05-12 2:31,2026-05-12 3:01,0.0018,OK,정상,1,0,0,0,정상,
2026-05-12 2:32,2026-05-12 3:02,0.0023,OK,정상,0,0,0,0,정상,
2026-05-12 2:33,2026-05-12 3:03,0.0017,OK,정상,1,0,0,0,정상,
2026-05-12 2:34,2026-05-12 3:04,0.0015,OK,정상,1,0,0,0,정상,
2026-05-12 2:35,2026-05-12 3:05,0.0021,OK,정상,1,0,0,0,정상,
2026-05-12 2:36,2026-05-12 3:06,0.0116,OK,정상,1,0,0,0,정상,
2026-05-12 2:37,2026-05-12 3:07,0.0023,OK,정상,1,0,0,0,정상,
2026-05-12 2:38,2026-05-12 3:08,0.0022,OK,정상,1,0,0,0,정상,
2026-05-12 2:39,2026-05-12 3:09,0.002,OK,정상,1,0,0,0,정상,
2026-05-12 2:40,2026-05-12 3:10,0.0018,OK,정상,1,0,0,0,정상,
2026-05-12 2:41,2026-05-12 3:11,0.0017,OK,정상,1,0,0,0,정상,
2026-05-12 2:42,2026-05-12 3:12,0.0017,OK,정상,1,0,0,0,정상,
2026-05-12 2:43,2026-05-12 3:13,0.0066,OK,정상,1,0,0,0,정상,
2026-05-12 2:44,2026-05-12 3:14,0.0015,OK,정상,1,0,0,0,정상,
2026-05-12 2:45,2026-05-12 3:15,0.0015,OK,정상,1,0,0,0,정상,
2026-05-12 2:46,2026-05-12 3:16,0.0088,OK,정상,1,0,0,0,정상,
2026-05-12 2:47,2026-05-12 3:17,0.0104,OK,정상,1,1,0,0,정상,
2026-05-12 2:48,2026-05-12 3:18,0.01,OK,정상,1,1,0,0,정상,
2026-05-12 2:49,2026-05-12 3:19,0.0082,OK,정상,1,0,0,0,정상,
2026-05-12 2:50,2026-05-12 3:20,0.001,OK,정상,1,0,0,0,정상,
2026-05-12 2:51,2026-05-12 3:21,0.0022,OK,정상,1,0,0,0,정상,
2026-05-12 2:52,2026-05-12 3:22,0.0009,OK,정상,1,0,0,0,정상,
2026-05-12 2:53,2026-05-12 3:23,0.0013,OK,정상,1,0,0,0,정상,
2026-05-12 2:54,2026-05-12 3:24,0.0011,OK,정상,1,0,0,0,정상,
2026-05-12 2:55,2026-05-12 3:25,0.0012,OK,정상,1,0,0,0,정상,
2026-05-12 2:56,2026-05-12 3:26,0.0011,OK,정상,1,0,0,0,정상,
2026-05-12 2:57,2026-05-12 3:27,0.0015,OK,정상,1,0,0,0,정상,
2026-05-12 2:58,2026-05-12 3:28,0.0017,OK,정상,1,0,0,0,정상,
2026-05-12 2:59,2026-05-12 3:29,0.0111,OK,정상,1,0,0,0,정상,
2026-05-12 3:00,2026-05-12 3:30,0.0013,OK,정상,1,0,0,0,정상,
2026-05-12 3:01,2026-05-12 3:31,0.0015,OK,정상,1,0,0,0,정상,
2026-05-12 3:02,2026-05-12 3:32,0.0016,OK,정상,1,0,0,0,정상,
2026-05-12 3:03,2026-05-12 3:33,0.0039,OK,정상,1,0,0,0,정상,
2026-05-12 3:04,2026-05-12 3:34,0.0016,OK,정상,1,0,0,0,정상,
2026-05-12 3:05,2026-05-12 3:35,0.0012,OK,정상,1,0,0,0,정상,
2026-05-12 3:06,2026-05-12 3:36,0.0018,OK,정상,1,1,0,0,정상,
2026-05-12 3:07,2026-05-12 3:37,0.003,OK,정상,1,1,0,0,정상,
2026-05-12 3:08,2026-05-12 3:38,0.0044,OK,정상,1,1,0,0,정상,
2026-05-12 3:09,2026-05-12 3:39,0.0011,OK,정상,1,1,0,0,정상,
2026-05-12 3:10,2026-05-12 3:40,0.0014,OK,정상,1,0,0,0,정상,
2026-05-12 3:11,2026-05-12 3:41,0.002,OK,정상,1,0,0,0,정상,
2026-05-12 3:12,2026-05-12 3:42,0.0016,OK,정상,1,0,0,0,정상,
2026-05-12 3:13,2026-05-12 3:43,0.0027,OK,정상,1,0,0,0,정상,
2026-05-12 3:14,2026-05-12 3:44,0.0012,OK,정상,1,0,0,0,정상,
2026-05-12 3:15,2026-05-12 3:45,0.0017,OK,정상,1,0,0,0,정상,
2026-05-12 3:16,2026-05-12 3:46,0.001,OK,정상,1,0,0,0,정상,
2026-05-12 3:17,2026-05-12 3:47,0.0013,OK,정상,1,0,0,0,정상,
2026-05-12 3:18,2026-05-12 3:48,0.0071,OK,정상,1,0,0,0,정상,
2026-05-12 3:19,2026-05-12 3:49,0.0023,OK,정상,1,0,0,0,정상,
2026-05-12 3:20,2026-05-12 3:50,0.0019,OK,정상,1,0,0,0,정상,
2026-05-12 3:21,2026-05-12 3:51,0.0015,OK,정상,1,0,0,0,정상,
2026-05-12 3:22,2026-05-12 3:52,0.0024,OK,정상,1,0,0,0,정상,
2026-05-12 3:23,2026-05-12 3:53,0.0018,OK,정상,1,0,0,0,정상,
2026-05-12 3:24,2026-05-12 3:54,0.0019,OK,정상,1,0,0,0,정상,
2026-05-12 3:25,2026-05-12 3:55,0.0022,OK,정상,1,0,0,0,정상,
2026-05-12 3:26,2026-05-12 3:56,0.0015,OK,정상,1,0,0,0,정상,
2026-05-12 3:27,2026-05-12 3:57,0.0017,OK,정상,1,0,0,0,정상,
2026-05-12 3:28,2026-05-12 3:58,0.0017,OK,정상,1,0,0,0,정상,
2026-05-12 3:29,2026-05-12 3:59,0.0021,OK,정상,1,0,0,0,정상,
2026-05-12 3:30,2026-05-12 4:00,0.0025,OK,정상,1,0,0,0,정상,
2026-05-12 3:31,2026-05-12 4:01,0.0033,OK,정상,1,0,0,0,정상,
2026-05-12 3:32,2026-05-12 4:02,0.0065,OK,정상,1,0,0,0,정상,
2026-05-12 3:33,2026-05-12 4:03,0.0024,OK,정상,1,0,0,0,정상,
2026-05-12 3:34,2026-05-12 4:04,0.0016,OK,정상,1,0,0,0,정상,
2026-05-12 3:35,2026-05-12 4:05,0.0016,OK,정상,1,0,0,0,정상,
2026-05-12 3:36,2026-05-12 4:06,0.0032,OK,정상,1,0,0,0,정상,
2026-05-12 3:37,2026-05-12 4:07,0.0013,OK,정상,0,0,0,0,정상,
2026-05-12 3:38,2026-05-12 4:08,0.0011,OK,정상,0,0,0,0,정상,
2026-05-12 3:39,2026-05-12 4:09,0.0011,OK,정상,0,0,0,0,정상,
2026-05-12 3:40,2026-05-12 4:10,0.0013,OK,정상,0,0,0,0,정상,
2026-05-12 3:41,2026-05-12 4:11,0.0009,OK,정상,0,0,0,0,정상,
2026-05-12 3:42,2026-05-12 4:12,0.0011,OK,정상,0,1,0,0,정상,
2026-05-12 3:43,2026-05-12 4:13,0.0016,OK,정상,1,0,0,0,정상,
2026-05-12 3:44,2026-05-12 4:14,0.0007,OK,정상,0,1,0,0,정상,
2026-05-12 3:45,2026-05-12 4:15,0.0012,OK,정상,1,0,0,0,정상,
2026-05-12 3:46,2026-05-12 4:16,0.0011,OK,정상,0,1,0,0,정상,
2026-05-12 3:47,2026-05-12 4:17,0.0018,OK,정상,1,1,0,0,정상,
2026-05-12 3:48,2026-05-12 4:18,0.0015,OK,정상,0,1,0,0,정상,
2026-05-12 3:49,2026-05-12 4:19,0.0012,OK,정상,1,1,0,0,정상,
2026-05-12 3:50,2026-05-12 4:20,0.0012,OK,정상,0,0,0,0,정상,
2026-05-12 3:51,2026-05-12 4:21,0.0015,OK,정상,1,0,0,0,정상,
2026-05-12 3:52,2026-05-12 4:22,0.0008,OK,정상,1,0,0,0,정상,
2026-05-12 3:53,2026-05-12 4:23,0.0012,OK,정상,1,0,0,0,정상,
2026-05-12 3:54,2026-05-12 4:24,0.001,OK,정상,1,0,0,0,정상,
2026-05-12 3:55,2026-05-12 4:25,0.001,OK,정상,1,0,0,0,정상,
2026-05-12 3:56,2026-05-12 4:26,0.0011,OK,정상,1,0,0,0,정상,
2026-05-12 3:57,2026-05-12 4:27,0.0014,OK,정상,1,0,0,0,정상,
2026-05-12 3:58,2026-05-12 4:28,0.001,OK,정상,1,0,0,0,정상,
2026-05-12 3:59,2026-05-12 4:29,0.0013,OK,정상,1,0,0,0,정상,
2026-05-12 4:00,2026-05-12 4:30,0.0015,OK,정상,1,0,0,0,정상,
2026-05-12 4:01,2026-05-12 4:31,0.0015,OK,정상,0,0,0,0,정상,
2026-05-12 4:02,2026-05-12 4:32,0.0016,OK,정상,0,0,0,0,정상,
2026-05-12 4:03,2026-05-12 4:33,0.0014,OK,정상,1,0,0,0,정상,
2026-05-12 4:04,2026-05-12 4:34,0.0014,OK,정상,0,0,0,0,정상,
2026-05-12 4:05,2026-05-12 4:35,0.0013,OK,정상,1,0,0,0,정상,
2026-05-12 4:06,2026-05-12 4:36,0.0011,OK,정상,0,0,0,0,정상,
2026-05-12 4:07,2026-05-12 4:37,0.0014,OK,정상,1,0,0,0,정상,
2026-05-12 4:08,2026-05-12 4:38,0.0015,OK,정상,0,0,0,0,정상,
2026-05-12 4:09,2026-05-12 4:39,0.002,OK,정상,1,0,0,0,정상,
2026-05-12 4:10,2026-05-12 4:40,0.0021,OK,정상,0,0,0,0,정상,
2026-05-12 4:11,2026-05-12 4:41,0.0021,OK,정상,1,1,0,0,정상,
2026-05-12 4:12,2026-05-12 4:42,0.0018,OK,정상,0,1,0,0,정상,
2026-05-12 4:13,2026-05-12 4:43,0.0065,OK,정상,1,1,0,0,정상,
2026-05-12 4:14,2026-05-12 4:44,0.0012,OK,정상,0,1,0,0,정상,
2026-05-12 4:15,2026-05-12 4:45,0.0014,OK,정상,1,1,0,0,정상,
2026-05-12 4:16,2026-05-12 4:46,0.0014,OK,정상,0,1,0,0,정상,
2026-05-12 4:17,2026-05-12 4:47,0.0013,OK,정상,1,0,0,0,정상,
2026-05-12 4:18,2026-05-12 4:48,0.0019,OK,정상,0,0,0,0,정상,
2026-05-12 4:19,2026-05-12 4:49,0.0017,OK,정상,1,0,0,0,정상,
2026-05-12 4:20,2026-05-12 4:50,0.0017,OK,정상,0,0,0,0,정상,
2026-05-12 4:21,2026-05-12 4:51,0.0016,OK,정상,1,0,0,0,정상,
2026-05-12 4:22,2026-05-12 4:52,0.002,OK,정상,0,0,0,0,정상,
2026-05-12 4:23,2026-05-12 4:53,0.0015,OK,정상,1,0,0,0,정상,
2026-05-12 4:24,2026-05-12 4:54,0.0015,OK,정상,0,0,0,0,정상,
2026-05-12 4:25,2026-05-12 4:55,0.0017,OK,정상,1,0,0,0,정상,
2026-05-12 4:26,2026-05-12 4:56,0.0017,OK,정상,0,0,0,0,정상,
2026-05-12 4:27,2026-05-12 4:57,0.0022,OK,정상,1,0,0,0,정상,
2026-05-12 4:28,2026-05-12 4:58,0.0019,OK,정상,0,0,0,0,정상,
2026-05-12 4:29,2026-05-12 4:59,0.0022,OK,정상,1,0,0,0,정상,
2026-05-12 4:30,2026-05-12 5:00,0.0023,OK,정상,0,0,0,0,정상,
2026-05-12 4:31,2026-05-12 5:01,0.0029,OK,정상,1,0,0,0,정상,
2026-05-12 4:32,2026-05-12 5:02,0.0029,OK,정상,0,0,0,0,정상,
2026-05-12 4:33,2026-05-12 5:03,0.0037,OK,정상,1,0,0,0,정상,
2026-05-12 4:34,2026-05-12 5:04,0.0045,OK,정상,0,0,0,0,정상,
2026-05-12 4:35,2026-05-12 5:05,0.0034,OK,정상,1,0,0,0,정상,
2026-05-12 4:36,2026-05-12 5:06,0.0035,OK,정상,0,0,0,0,정상,
2026-05-12 4:37,2026-05-12 5:07,0.0037,OK,정상,1,0,0,0,정상,
2026-05-12 4:38,2026-05-12 5:08,0.0029,OK,정상,0,0,0,0,정상,
2026-05-12 4:39,2026-05-12 5:09,0.004,OK,정상,1,0,0,0,정상,
2026-05-12 4:40,2026-05-12 5:10,0.0047,OK,정상,1,0,0,0,정상,
2026-05-12 4:41,2026-05-12 5:11,0.0035,OK,정상,1,0,0,0,정상,
2026-05-12 4:42,2026-05-12 5:12,0.0039,OK,정상,1,0,0,0,정상,
2026-05-12 4:43,2026-05-12 5:13,0.0051,OK,정상,1,0,0,0,정상,
2026-05-12 4:44,2026-05-12 5:14,0.0033,OK,정상,1,0,0,0,정상,
2026-05-12 4:45,2026-05-12 5:15,0.0047,OK,정상,1,0,0,0,정상,
2026-05-12 4:46,2026-05-12 5:16,0.0032,OK,정상,1,0,0,0,정상,
2026-05-12 4:47,2026-05-12 5:17,0.0026,OK,정상,1,0,0,0,정상,
2026-05-12 4:48,2026-05-12 5:18,0.0021,OK,정상,1,0,0,0,정상,
2026-05-12 4:49,2026-05-12 5:19,0.0027,OK,정상,1,0,0,0,정상,
2026-05-12 4:50,2026-05-12 5:20,0.0024,OK,정상,1,0,0,0,정상,
2026-05-12 4:51,2026-05-12 5:21,0.0028,OK,정상,1,0,0,0,정상,
2026-05-12 4:52,2026-05-12 5:22,0.0031,OK,정상,1,0,0,0,정상,
2026-05-12 4:53,2026-05-12 5:23,0.0031,OK,정상,1,0,0,0,정상,
2026-05-12 4:54,2026-05-12 5:24,0.0032,OK,정상,1,0,0,0,정상,
2026-05-12 4:55,2026-05-12 5:25,0.0029,OK,정상,1,0,0,0,정상,
2026-05-12 4:56,2026-05-12 5:26,0.0037,OK,정상,1,0,0,0,정상,
2026-05-12 4:57,2026-05-12 5:27,0.0029,OK,정상,1,0,0,0,정상,
2026-05-12 4:58,2026-05-12 5:28,0.0033,OK,정상,1,0,0,0,정상,
2026-05-12 4:59,2026-05-12 5:29,0.003,OK,정상,1,0,0,0,정상,
2026-05-12 5:00,2026-05-12 5:30,0.003,OK,정상,1,1,0,0,정상,
2026-05-12 5:01,2026-05-12 5:31,0.0034,OK,정상,1,1,0,0,정상,
2026-05-12 5:02,2026-05-12 5:32,0.0047,OK,정상,1,1,0,0,정상,
2026-05-12 5:03,2026-05-12 5:33,0.0048,OK,정상,1,1,0,0,정상,
2026-05-12 5:04,2026-05-12 5:34,0.0062,OK,정상,1,1,0,0,정상,
2026-05-12 5:05,2026-05-12 5:35,0.0045,OK,정상,1,1,0,0,정상,
2026-05-12 5:06,2026-05-12 5:36,0.0028,OK,정상,1,0,0,0,정상,
2026-05-12 5:07,2026-05-12 5:37,0.0083,OK,정상,1,0,0,0,정상,
2026-05-12 5:08,2026-05-12 5:38,0.004,OK,정상,1,0,0,0,정상,
2026-05-12 5:09,2026-05-12 5:39,0.0044,OK,정상,1,0,0,0,정상,
2026-05-12 5:10,2026-05-12 5:40,0.0056,OK,정상,1,0,0,0,정상,
2026-05-12 5:11,2026-05-12 5:41,0.0053,OK,정상,1,0,0,0,정상,
2026-05-12 5:12,2026-05-12 5:42,0.0049,OK,정상,1,0,0,0,정상,
2026-05-12 5:13,2026-05-12 5:43,0.0031,OK,정상,1,0,0,0,정상,
2026-05-12 5:14,2026-05-12 5:44,0.0034,OK,정상,1,0,0,0,정상,
2026-05-12 5:15,2026-05-12 5:45,0.0039,OK,정상,1,0,0,0,정상,
2026-05-12 5:16,2026-05-12 5:46,0.0028,OK,정상,1,0,0,0,정상,
2026-05-12 5:17,2026-05-12 5:47,0.0033,OK,정상,1,0,0,0,정상,
2026-05-12 5:18,2026-05-12 5:48,0.0029,OK,정상,1,0,0,0,정상,
2026-05-12 5:19,2026-05-12 5:49,0.0036,OK,정상,1,0,0,0,정상,
2026-05-12 5:20,2026-05-12 5:50,0.0022,OK,정상,1,0,0,0,정상,
2026-05-12 5:21,2026-05-12 5:51,0.0032,OK,정상,1,0,0,0,정상,
2026-05-12 5:22,2026-05-12 5:52,0.0021,OK,정상,1,0,0,0,정상,
2026-05-12 5:23,2026-05-12 5:53,0.0029,OK,정상,1,0,0,0,정상,
2026-05-12 5:24,2026-05-12 5:54,0.0028,OK,정상,1,0,0,0,정상,
2026-05-12 5:25,2026-05-12 5:55,0.0043,OK,정상,1,0,0,0,정상,
2026-05-12 5:26,2026-05-12 5:56,0.0025,OK,정상,1,0,0,0,정상,
2026-05-12 5:27,2026-05-12 5:57,0.0028,OK,정상,1,0,0,0,정상,
2026-05-12 5:28,2026-05-12 5:58,0.0019,OK,정상,1,0,0,0,정상,
2026-05-12 5:29,2026-05-12 5:59,0.0029,OK,정상,1,0,0,0,정상,
2026-05-12 5:30,2026-05-12 6:00,0.0024,OK,정상,1,0,0,0,정상,
2026-05-12 5:31,2026-05-12 6:01,0.0024,OK,정상,1,0,0,0,정상,
2026-05-12 5:32,2026-05-12 6:02,0.0089,OK,정상,1,0,0,0,정상,
2026-05-12 5:33,2026-05-12 6:03,0.002,OK,정상,1,0,0,0,정상,
2026-05-12 5:34,2026-05-12 6:04,0.002,OK,정상,1,0,0,0,정상,
2026-05-12 5:35,2026-05-12 6:05,0.0019,OK,정상,1,0,0,0,정상,
2026-05-12 5:36,2026-05-12 6:06,0.002,OK,정상,0,0,0,0,정상,
2026-05-12 5:37,2026-05-12 6:07,0.0019,OK,정상,1,0,0,0,정상,
2026-05-12 5:38,2026-05-12 6:08,0.0018,OK,정상,0,0,0,0,정상,
2026-05-12 5:39,2026-05-12 6:09,0.0014,OK,정상,1,0,0,0,정상,
2026-05-12 5:40,2026-05-12 6:10,0.0013,OK,정상,0,0,0,0,정상,
2026-05-12 5:41,2026-05-12 6:11,0.0015,OK,정상,1,0,0,0,정상,
2026-05-12 5:42,2026-05-12 6:12,0.0012,OK,정상,0,0,0,0,정상,
2026-05-12 5:43,2026-05-12 6:13,0.0016,OK,정상,1,0,0,0,정상,
2026-05-12 5:44,2026-05-12 6:14,0.0012,OK,정상,1,0,0,0,정상,
2026-05-12 5:45,2026-05-12 6:15,0.0022,OK,정상,1,0,0,0,정상,
2026-05-12 5:46,2026-05-12 6:16,0.0029,OK,정상,1,0,0,0,정상,
2026-05-12 5:47,2026-05-12 6:17,0.0021,OK,정상,1,0,0,0,정상,
2026-05-12 5:48,2026-05-12 6:18,0.002,OK,정상,1,0,0,0,정상,
2026-05-12 5:49,2026-05-12 6:19,0.0005,OK,정상,1,0,0,0,정상,
2026-05-12 5:50,2026-05-12 6:20,0.0005,OK,정상,1,0,0,0,정상,
2026-05-12 5:51,2026-05-12 6:21,0.0007,OK,정상,1,0,0,0,정상,
2026-05-12 5:52,2026-05-12 6:22,0.0005,OK,정상,1,0,0,0,정상,
2026-05-12 5:53,2026-05-12 6:23,0.0007,OK,정상,1,0,0,0,정상,
2026-05-12 5:54,2026-05-12 6:24,0.0005,OK,정상,0,0,0,0,정상,
2026-05-12 5:55,2026-05-12 6:25,0.0007,OK,정상,1,0,0,0,정상,
2026-05-12 5:56,2026-05-12 6:26,0.0005,OK,정상,0,0,0,0,정상,
2026-05-12 5:57,2026-05-12 6:27,0.0006,OK,정상,1,0,0,0,정상,
2026-05-12 5:58,2026-05-12 6:28,0.0004,OK,정상,0,0,0,0,정상,
2026-05-12 5:59,2026-05-12 6:29,0.0006,OK,정상,1,0,0,0,정상,
2026-05-12 6:00,2026-05-12 6:30,0.0005,OK,정상,1,0,0,0,정상,
2026-05-12 6:01,2026-05-12 6:31,0.0006,OK,정상,1,0,0,0,정상,
2026-05-12 6:02,2026-05-12 6:32,0.0005,OK,정상,1,0,0,0,정상,
2026-05-12 6:03,2026-05-12 6:33,0.0008,OK,정상,1,0,0,0,정상,
2026-05-12 6:04,2026-05-12 6:34,0.0007,OK,정상,1,0,0,0,정상,
2026-05-12 6:05,2026-05-12 6:35,0.0008,OK,정상,1,0,0,0,정상,
2026-05-12 6:06,2026-05-12 6:36,0.0007,OK,정상,1,0,0,0,정상,
2026-05-12 6:07,2026-05-12 6:37,0.0007,OK,정상,1,0,0,0,정상,
2026-05-12 6:08,2026-05-12 6:38,0.0007,OK,정상,1,0,0,0,정상,
2026-05-12 6:09,2026-05-12 6:39,0.0009,OK,정상,1,0,0,0,정상,
2026-05-12 6:10,2026-05-12 6:40,0.0007,OK,정상,1,0,0,0,정상,
2026-05-12 6:11,2026-05-12 6:41,0.0008,OK,정상,1,0,0,0,정상,
2026-05-12 6:12,2026-05-12 6:42,0.0007,OK,정상,1,0,0,0,정상,
2026-05-12 6:13,2026-05-12 6:43,0.0008,OK,정상,1,0,0,0,정상,
2026-05-12 6:14,2026-05-12 6:44,0.0005,OK,정상,1,0,0,0,정상,
2026-05-12 6:15,2026-05-12 6:45,0.0009,OK,정상,1,0,0,0,정상,
2026-05-12 6:16,2026-05-12 6:46,0.0004,OK,정상,1,0,0,0,정상,
2026-05-12 6:17,2026-05-12 6:47,0.0005,OK,정상,1,0,0,0,정상,
2026-05-12 6:18,2026-05-12 6:48,0.0004,OK,정상,1,0,0,0,정상,
2026-05-12 6:19,2026-05-12 6:49,0.0007,OK,정상,1,0,0,0,정상,
2026-05-12 6:20,2026-05-12 6:50,0.0004,OK,정상,0,0,0,0,정상,
2026-05-12 6:21,2026-05-12 6:51,0.0005,OK,정상,1,0,0,0,정상,
2026-05-12 6:22,2026-05-12 6:52,0.0005,OK,정상,0,0,0,0,정상,
2026-05-12 6:23,2026-05-12 6:53,0.0009,OK,정상,1,0,0,0,정상,
2026-05-12 6:24,2026-05-12 6:54,0.0004,OK,정상,0,0,0,0,정상,
2026-05-12 6:25,2026-05-12 6:55,0.0009,OK,정상,1,0,0,0,정상,
2026-05-12 6:26,2026-05-12 6:56,0.0004,OK,정상,0,0,0,0,정상,
2026-05-12 6:27,2026-05-12 6:57,0.0003,OK,정상,0,0,0,0,정상,
2026-05-12 6:28,2026-05-12 6:58,0.0006,OK,정상,0,0,0,0,정상,
2026-05-12 6:29,2026-05-12 6:59,0.0005,OK,정상,0,0,0,0,정상,
2026-05-12 6:30,2026-05-12 7:00,0.0024,OK,정상,0,1,0,0,정상,
2026-05-12 6:31,2026-05-12 7:01,0.0037,OK,정상,0,0,0,0,정상,
2026-05-12 6:32,2026-05-12 7:02,0.0036,OK,정상,0,0,0,0,정상,
2026-05-12 6:33,2026-05-12 7:03,0.0049,OK,정상,1,0,0,0,정상,
2026-05-12 6:34,2026-05-12 7:04,0.0035,OK,정상,0,0,0,0,정상,
2026-05-12 6:35,2026-05-12 7:05,0.0042,OK,정상,1,0,0,0,정상,
2026-05-12 6:36,2026-05-12 7:06,0.0024,OK,정상,0,0,0,0,정상,
2026-05-12 6:37,2026-05-12 7:07,0.0027,OK,정상,0,0,0,0,정상,
2026-05-12 6:38,2026-05-12 7:08,0.0016,OK,정상,0,0,0,0,정상,
2026-05-12 6:39,2026-05-12 7:09,0.0027,OK,정상,0,0,0,0,정상,
2026-05-12 6:40,2026-05-12 7:10,0.0026,OK,정상,0,0,0,0,정상,
2026-05-12 6:41,2026-05-12 7:11,0.0021,OK,정상,0,0,0,0,정상,
2026-05-12 6:42,2026-05-12 7:12,0.0086,OK,정상,0,0,0,0,정상,
2026-05-12 6:43,2026-05-12 7:13,0.0056,OK,정상,0,0,0,0,정상,
2026-05-12 6:44,2026-05-12 7:14,0.0056,OK,정상,0,0,0,0,정상,
2026-05-12 6:45,2026-05-12 7:15,0.0023,OK,정상,0,0,0,0,정상,
2026-05-12 6:46,2026-05-12 7:16,0.0025,OK,정상,0,0,0,0,정상,
2026-05-12 6:47,2026-05-12 7:17,0.0027,OK,정상,0,0,0,0,정상,
2026-05-12 6:48,2026-05-12 7:18,0.0033,OK,정상,0,0,0,0,정상,
2026-05-12 6:49,2026-05-12 7:19,0.002,OK,정상,0,0,0,0,정상,
2026-05-12 6:50,2026-05-12 7:20,0.0023,OK,정상,0,0,0,0,정상,
2026-05-12 6:51,2026-05-12 7:21,0.0129,OK,정상,0,0,0,0,정상,
2026-05-12 6:52,2026-05-12 7:22,0.0015,OK,정상,0,0,0,0,정상,
2026-05-12 6:53,2026-05-12 7:23,0.0017,OK,정상,0,0,0,0,정상,
2026-05-12 6:54,2026-05-12 7:24,0.0019,OK,정상,0,0,0,0,정상,
2026-05-12 6:55,2026-05-12 7:25,0.0016,OK,정상,0,0,0,0,정상,
2026-05-12 6:56,2026-05-12 7:26,0.0027,OK,정상,0,0,0,0,정상,
2026-05-12 6:57,2026-05-12 7:27,0.0022,OK,정상,0,0,0,0,정상,
2026-05-12 6:58,2026-05-12 7:28,0.002,OK,정상,0,0,0,0,정상,
2026-05-12 6:59,2026-05-12 7:29,0.0013,OK,정상,0,0,0,0,정상,
2026-05-12 7:00,2026-05-12 7:30,0.0017,OK,정상,0,0,0,0,정상,
2026-05-12 7:01,2026-05-12 7:31,0.0007,OK,정상,0,0,0,0,정상,
2026-05-12 7:02,2026-05-12 7:32,0.0004,OK,정상,0,0,0,0,정상,
2026-05-12 7:03,2026-05-12 7:33,0.0004,OK,정상,0,0,0,0,정상,
2026-05-12 7:04,2026-05-12 7:34,0.0004,OK,정상,0,0,0,0,정상,
2026-05-12 7:05,2026-05-12 7:35,0.0006,OK,정상,0,0,0,0,정상,
2026-05-12 7:06,2026-05-12 7:36,0.0006,OK,정상,0,0,0,0,정상,
2026-05-12 7:07,2026-05-12 7:37,0.0004,OK,정상,0,0,0,0,정상,
2026-05-12 7:08,2026-05-12 7:38,0.002,OK,정상,0,1,0,0,정상,
2026-05-12 7:09,2026-05-12 7:39,0.002,OK,정상,0,1,0,0,정상,
2026-05-12 7:10,2026-05-12 7:40,0.0017,OK,정상,0,0,0,0,정상,
2026-05-12 7:11,2026-05-12 7:41,0.0018,OK,정상,0,1,0,0,정상,
2026-05-12 7:12,2026-05-12 7:42,0.0017,OK,정상,0,1,0,0,정상,
2026-05-12 7:13,2026-05-12 7:43,0.0014,OK,정상,0,1,0,0,정상,
2026-05-12 7:14,2026-05-12 7:44,0.0004,OK,정상,0,1,0,0,정상,
2026-05-12 7:15,2026-05-12 7:45,0.0005,OK,정상,0,0,0,0,정상,
2026-05-12 7:16,2026-05-12 7:46,0.0004,OK,정상,0,0,0,0,정상,
2026-05-12 7:17,2026-05-12 7:47,0.0008,OK,정상,0,0,0,0,정상,
2026-05-12 7:18,2026-05-12 7:48,0.0007,OK,정상,0,0,0,0,정상,
2026-05-12 7:19,2026-05-12 7:49,0.0007,OK,정상,0,0,0,0,정상,
2026-05-12 7:20,2026-05-12 7:50,0.0004,OK,정상,0,0,0,0,정상,
2026-05-12 7:21,2026-05-12 7:51,0.0007,OK,정상,0,0,0,0,정상,
2026-05-12 7:22,2026-05-12 7:52,0.001,OK,정상,0,0,0,0,정상,
2026-05-12 7:23,2026-05-12 7:53,0.001,OK,정상,0,0,0,0,정상,
2026-05-12 7:24,2026-05-12 7:54,0.0008,OK,정상,0,0,0,0,정상,
2026-05-12 7:25,2026-05-12 7:55,0.0014,OK,정상,0,0,0,0,정상,
2026-05-12 7:26,2026-05-12 7:56,0.0017,OK,정상,0,0,0,0,정상,
2026-05-12 7:27,2026-05-12 7:57,0.0017,OK,정상,0,0,0,0,정상,
2026-05-12 7:28,2026-05-12 7:58,0.001,OK,정상,0,0,0,0,정상,
2026-05-12 7:29,2026-05-12 7:59,0.0012,OK,정상,0,0,0,0,정상,
2026-05-12 7:30,2026-05-12 8:00,0.001,OK,정상,0,0,0,0,정상,
2026-05-12 7:31,2026-05-12 8:01,0.0015,OK,정상,0,0,0,0,정상,
2026-05-12 7:32,2026-05-12 8:02,0.0015,OK,정상,0,0,0,0,정상,
2026-05-12 7:33,2026-05-12 8:03,0.0017,OK,정상,0,0,0,0,정상,
2026-05-12 7:34,2026-05-12 8:04,0.0014,OK,정상,0,0,0,0,정상,
2026-05-12 7:35,2026-05-12 8:05,0.001,OK,정상,1,0,0,0,정상,
2026-05-12 7:36,2026-05-12 8:06,0.001,OK,정상,0,0,0,0,정상,
2026-05-12 7:37,2026-05-12 8:07,0.001,OK,정상,1,0,0,0,정상,
2026-05-12 7:38,2026-05-12 8:08,0.001,OK,정상,0,0,0,0,정상,
2026-05-12 7:39,2026-05-12 8:09,0.0014,OK,정상,1,0,0,0,정상,
2026-05-12 7:40,2026-05-12 8:10,0.0018,OK,정상,0,0,0,0,정상,
2026-05-12 7:41,2026-05-12 8:11,0.0016,OK,정상,1,0,0,0,정상,
2026-05-12 7:42,2026-05-12 8:12,0.0015,OK,정상,0,0,0,0,정상,
2026-05-12 7:43,2026-05-12 8:13,0.0011,OK,정상,1,0,0,0,정상,
2026-05-12 7:44,2026-05-12 8:14,0.0011,OK,정상,0,0,0,0,정상,
2026-05-12 7:45,2026-05-12 8:15,0.0011,OK,정상,1,0,0,0,정상,
2026-05-12 7:46,2026-05-12 8:16,0.0083,OK,정상,0,0,0,0,정상,
2026-05-12 7:47,2026-05-12 8:17,0.0041,OK,정상,1,0,0,0,정상,
2026-05-12 7:48,2026-05-12 8:18,0.0096,OK,정상,0,0,0,0,정상,
2026-05-12 7:49,2026-05-12 8:19,0.0031,OK,정상,1,0,0,0,정상,
2026-05-12 7:50,2026-05-12 8:20,0.0025,OK,정상,1,0,0,0,정상,
2026-05-12 7:51,2026-05-12 8:21,0.0068,OK,정상,1,0,0,0,정상,
2026-05-12 7:52,2026-05-12 8:22,0.0033,OK,정상,1,0,0,0,정상,
2026-05-12 7:53,2026-05-12 8:23,0.0071,OK,정상,1,0,0,0,정상,
2026-05-12 7:54,2026-05-12 8:24,0.0046,OK,정상,1,0,0,0,정상,
2026-05-12 7:55,2026-05-12 8:25,0.0041,OK,정상,1,0,0,0,정상,
2026-05-12 7:56,2026-05-12 8:26,0.0073,OK,정상,0,0,0,0,정상,
2026-05-12 7:57,2026-05-12 8:27,0.0052,OK,정상,1,0,0,0,정상,
2026-05-12 7:58,2026-05-12 8:28,0.006,OK,정상,0,0,0,0,정상,
2026-05-12 7:59,2026-05-12 8:29,0.0058,OK,정상,1,0,0,0,정상,
2026-05-12 8:00,2026-05-12 8:30,0.0053,OK,정상,0,0,0,0,정상,
2026-05-12 8:01,2026-05-12 8:31,0.0066,OK,정상,1,0,0,0,정상,
2026-05-12 8:02,2026-05-12 8:32,0.0073,OK,정상,0,0,0,0,정상,
2026-05-12 8:03,2026-05-12 8:33,0.0088,OK,정상,1,1,0,0,정상,
2026-05-12 8:04,2026-05-12 8:34,0.0054,OK,정상,0,1,0,0,정상,
2026-05-12 8:05,2026-05-12 8:35,0.0051,OK,정상,1,0,0,0,정상,
2026-05-12 8:06,2026-05-12 8:36,0.004,OK,정상,0,0,0,0,정상,
2026-05-12 8:07,2026-05-12 8:37,0.0044,OK,정상,1,0,0,0,정상,
2026-05-12 8:08,2026-05-12 8:38,0.0041,OK,정상,0,0,0,0,정상,
2026-05-12 8:09,2026-05-12 8:39,0.0041,OK,정상,1,0,0,0,정상,
2026-05-12 8:10,2026-05-12 8:40,0.004,OK,정상,0,0,0,0,정상,
2026-05-12 8:11,2026-05-12 8:41,0.0042,OK,정상,1,0,0,0,정상,
2026-05-12 8:12,2026-05-12 8:42,0.0037,OK,정상,0,0,0,0,정상,
2026-05-12 8:13,2026-05-12 8:43,0.0037,OK,정상,1,0,0,0,정상,
2026-05-12 8:14,2026-05-12 8:44,0.0052,OK,정상,0,0,0,0,정상,
2026-05-12 8:15,2026-05-12 8:45,0.0049,OK,정상,1,0,0,0,정상,
2026-05-12 8:16,2026-05-12 8:46,0.0044,OK,정상,0,0,0,0,정상,
2026-05-12 8:17,2026-05-12 8:47,0.0285,OK,정상,1,0,0,0,정상,
2026-05-12 8:18,2026-05-12 8:48,0.005,OK,정상,0,0,0,0,정상,
2026-05-12 8:19,2026-05-12 8:49,0.0036,OK,정상,1,0,0,0,정상,
2026-05-12 8:20,2026-05-12 8:50,0.0018,OK,정상,1,0,0,0,정상,
2026-05-12 8:21,2026-05-12 8:51,0.002,OK,정상,1,0,0,0,정상,
2026-05-12 8:22,2026-05-12 8:52,0.0017,OK,정상,1,0,0,0,정상,
2026-05-12 8:23,2026-05-12 8:53,0.0045,OK,정상,1,0,0,0,정상,
2026-05-12 8:24,2026-05-12 8:54,0.009,OK,정상,1,0,0,0,정상,
2026-05-12 8:25,2026-05-12 8:55,0.0014,OK,정상,1,0,0,0,정상,
2026-05-12 8:26,2026-05-12 8:56,0.0015,OK,정상,1,0,0,0,정상,
2026-05-12 8:27,2026-05-12 8:57,0.0024,OK,정상,1,0,0,0,정상,
2026-05-12 8:28,2026-05-12 8:58,0.0009,OK,정상,1,0,0,0,정상,
2026-05-12 8:29,2026-05-12 8:59,0.0017,OK,정상,1,0,0,0,정상,
2026-05-12 8:30,2026-05-12 9:00,0.0009,OK,정상,1,0,0,0,정상,
2026-05-12 8:31,2026-05-12 9:01,0.0014,OK,정상,0,1,0,0,정상,
2026-05-12 8:32,2026-05-12 9:02,0.0008,OK,정상,0,1,0,0,정상,
2026-05-12 8:33,2026-05-12 9:03,0.0011,OK,정상,0,1,0,0,정상,
2026-05-12 8:34,2026-05-12 9:04,0.0007,OK,정상,0,0,0,0,정상,
2026-05-12 8:35,2026-05-12 9:05,0.0008,OK,정상,0,0,0,0,정상,
2026-05-12 8:36,2026-05-12 9:06,0.0009,OK,정상,0,0,0,0,정상,
2026-05-12 8:37,2026-05-12 9:07,0.0014,OK,정상,1,0,0,0,정상,
2026-05-12 8:38,2026-05-12 9:08,0.001,OK,정상,0,0,0,0,정상,
2026-05-12 8:39,2026-05-12 9:09,0.0011,OK,정상,1,0,0,0,정상,
2026-05-12 8:40,2026-05-12 9:10,0.0011,OK,정상,0,0,0,0,정상,
2026-05-12 8:41,2026-05-12 9:11,0.0013,OK,정상,1,0,0,0,정상,
2026-05-12 8:42,2026-05-12 9:12,0.001,OK,정상,0,0,0,0,정상,
2026-05-12 8:43,2026-05-12 9:13,0.0011,OK,정상,1,0,0,0,정상,
2026-05-12 8:44,2026-05-12 9:14,0.001,OK,정상,0,0,0,0,정상,
2026-05-12 8:45,2026-05-12 9:15,0.0013,OK,정상,1,0,0,0,정상,
2026-05-12 8:46,2026-05-12 9:16,0.0011,OK,정상,0,0,0,0,정상,
2026-05-12 8:47,2026-05-12 9:17,0.002,OK,정상,1,0,0,0,정상,
2026-05-12 8:48,2026-05-12 9:18,0.0082,OK,정상,0,0,0,0,정상,
2026-05-12 8:49,2026-05-12 9:19,0.0136,OK,정상,1,0,0,0,정상,
2026-05-12 8:50,2026-05-12 9:20,0.0015,OK,정상,0,0,0,0,정상,
2026-05-12 8:51,2026-05-12 9:21,0.0019,OK,정상,0,0,0,0,정상,
2026-05-12 8:52,2026-05-12 9:22,0.0011,OK,정상,0,0,0,0,정상,
2026-05-12 8:53,2026-05-12 9:23,0.0018,OK,정상,0,0,0,0,정상,
2026-05-12 8:54,2026-05-12 9:24,0.0014,OK,정상,0,0,0,0,정상,
2026-05-12 8:55,2026-05-12 9:25,0.0014,OK,정상,0,0,0,0,정상,
2026-05-12 8:56,2026-05-12 9:26,0.0016,OK,정상,0,0,0,0,정상,
2026-05-12 8:57,2026-05-12 9:27,0.0017,OK,정상,1,0,0,0,정상,
2026-05-12 8:58,2026-05-12 9:28,0.0019,OK,정상,0,1,0,0,정상,
2026-05-12 8:59,2026-05-12 9:29,0.0017,OK,정상,0,0,0,0,정상,
2026-05-12 9:00,2026-05-12 9:30,0.0018,OK,정상,0,0,0,0,정상,
2026-05-12 9:01,2026-05-12 9:31,0.0021,OK,정상,0,0,0,0,정상,
2026-05-12 9:02,2026-05-12 9:32,0.0006,OK,정상,0,0,0,0,정상,
2026-05-12 9:03,2026-05-12 9:33,0.0012,OK,정상,0,1,0,0,정상,
2026-05-12 9:04,2026-05-12 9:34,0.0017,OK,정상,0,1,0,0,정상,
2026-05-12 9:05,2026-05-12 9:35,0.0016,OK,정상,0,1,0,0,정상,
2026-05-12 9:06,2026-05-12 9:36,0.0012,OK,정상,0,0,0,0,정상,
2026-05-12 9:07,2026-05-12 9:37,0.0012,OK,정상,0,1,0,0,정상,
2026-05-12 9:08,2026-05-12 9:38,0.0012,OK,정상,0,0,0,0,정상,
2026-05-12 9:09,2026-05-12 9:39,0.001,OK,정상,1,0,0,0,정상,
2026-05-12 9:10,2026-05-12 9:40,0.0011,OK,정상,0,0,0,0,정상,
2026-05-12 9:11,2026-05-12 9:41,0.0015,OK,정상,1,0,0,0,정상,
2026-05-12 9:12,2026-05-12 9:42,0.0013,OK,정상,0,0,0,0,정상,
2026-05-12 9:13,2026-05-12 9:43,0.0016,OK,정상,1,0,0,0,정상,
2026-05-12 9:14,2026-05-12 9:44,0.0012,OK,정상,0,0,0,0,정상,
2026-05-12 9:15,2026-05-12 9:45,0.0008,OK,정상,1,0,0,0,정상,
2026-05-12 9:16,2026-05-12 9:46,0.0006,OK,정상,0,0,0,0,정상,
2026-05-12 9:17,2026-05-12 9:47,0.001,OK,정상,1,0,0,0,정상,
2026-05-12 9:18,2026-05-12 9:48,0.0011,OK,정상,0,0,0,0,정상,
2026-05-12 9:19,2026-05-12 9:49,0.0014,OK,정상,1,0,0,0,정상,
2026-05-12 9:20,2026-05-12 9:50,0.001,OK,정상,0,0,0,0,정상,
2026-05-12 9:21,2026-05-12 9:51,0.001,OK,정상,1,0,0,0,정상,
2026-05-12 9:22,2026-05-12 9:52,0.0013,OK,정상,0,0,0,0,정상,
2026-05-12 9:23,2026-05-12 9:53,0.0008,OK,정상,1,0,0,0,정상,
2026-05-12 9:24,2026-05-12 9:54,0.0008,OK,정상,0,0,0,0,정상,
2026-05-12 9:25,2026-05-12 9:55,0.0009,OK,정상,1,0,0,0,정상,
2026-05-12 9:26,2026-05-12 9:56,0.0011,OK,정상,0,0,0,0,정상,
2026-05-12 9:27,2026-05-12 9:57,0.0009,OK,정상,0,0,0,0,정상,
2026-05-12 9:28,2026-05-12 9:58,0.0014,OK,정상,0,0,0,0,정상,
2026-05-12 9:29,2026-05-12 9:59,0.003,OK,정상,0,0,0,0,정상,
2026-05-12 9:30,2026-05-12 10:00,0.0024,OK,정상,0,0,0,0,정상,
2026-05-12 9:31,2026-05-12 10:01,0.0014,OK,정상,0,0,0,0,정상,
2026-05-12 9:32,2026-05-12 10:02,0.0009,OK,정상,0,0,0,0,정상,
2026-05-12 9:33,2026-05-12 10:03,0.0024,OK,정상,0,0,0,0,정상,
2026-05-12 9:34,2026-05-12 10:04,0.0023,OK,정상,0,0,0,0,정상,
2026-05-12 9:35,2026-05-12 10:05,0.0017,OK,정상,1,0,0,0,정상,
2026-05-12 9:36,2026-05-12 10:06,0.0017,OK,정상,0,0,0,0,정상,
2026-05-12 9:37,2026-05-12 10:07,0.0014,OK,정상,1,0,0,0,정상,
2026-05-12 9:38,2026-05-12 10:08,0.0022,OK,정상,0,0,0,0,정상,
2026-05-12 9:39,2026-05-12 10:09,0.0028,OK,정상,1,0,0,0,정상,
2026-05-12 9:40,2026-05-12 10:10,0.0019,OK,정상,0,0,0,0,정상,
2026-05-12 9:41,2026-05-12 10:11,0.0029,OK,정상,1,0,0,0,정상,
2026-05-12 9:42,2026-05-12 10:12,0.029,OK,정상,0,0,0,0,정상,
2026-05-12 9:43,2026-05-12 10:13,0.0201,OK,정상,1,0,0,0,정상,
2026-05-12 9:44,2026-05-12 10:14,0.0022,OK,정상,0,0,0,0,정상,
2026-05-12 9:45,2026-05-12 10:15,0.0019,OK,정상,1,0,0,0,정상,
2026-05-12 9:46,2026-05-12 10:16,0.002,OK,정상,0,0,0,0,정상,
2026-05-12 9:47,2026-05-12 10:17,0.003,OK,정상,0,0,0,0,정상,
2026-05-12 9:48,2026-05-12 10:18,0.0022,OK,정상,0,0,0,0,정상,
2026-05-12 9:49,2026-05-12 10:19,0.0022,OK,정상,0,0,0,0,정상,
2026-05-12 9:50,2026-05-12 10:20,0.0024,OK,정상,0,0,0,0,정상,
2026-05-12 9:51,2026-05-12 10:21,0.0021,OK,정상,0,0,0,0,정상,
2026-05-12 9:52,2026-05-12 10:22,0.0023,OK,정상,0,0,0,0,정상,
2026-05-12 9:53,2026-05-12 10:23,0.0024,OK,정상,0,0,0,0,정상,
2026-05-12 9:54,2026-05-12 10:24,0.0063,OK,정상,0,0,0,0,정상,
2026-05-12 9:55,2026-05-12 10:25,0.0048,OK,정상,0,0,0,0,정상,
2026-05-12 9:56,2026-05-12 10:26,0.002,OK,정상,0,0,0,0,정상,
2026-05-12 9:57,2026-05-12 10:27,0.0033,OK,정상,0,0,0,0,정상,
2026-05-12 9:58,2026-05-12 10:28,0.0035,OK,정상,0,0,0,0,정상,
2026-05-12 9:59,2026-05-12 10:29,0.0022,OK,정상,0,0,0,0,정상,
2026-05-12 10:00,2026-05-12 10:30,0.0031,OK,정상,0,0,0,0,정상,
2026-05-12 10:01,2026-05-12 10:31,0.0024,OK,정상,0,0,0,0,정상,
2026-05-12 10:02,2026-05-12 10:32,0.002,OK,정상,0,0,0,0,정상,
2026-05-12 10:03,2026-05-12 10:33,0.0021,OK,정상,0,1,0,0,정상,
2026-05-12 10:04,2026-05-12 10:34,0.0042,OK,정상,0,1,0,0,정상,
2026-05-12 10:05,2026-05-12 10:35,0.0035,OK,정상,0,1,0,0,정상,
2026-05-12 10:06,2026-05-12 10:36,0.0045,OK,정상,0,1,0,0,정상,
2026-05-12 10:07,2026-05-12 10:37,0.0033,OK,정상,0,1,0,0,정상,
2026-05-12 10:08,2026-05-12 10:38,0.0035,OK,정상,0,1,0,0,정상,
2026-05-12 10:09,2026-05-12 10:39,0.0032,OK,정상,0,1,0,0,정상,
2026-05-12 10:10,2026-05-12 10:40,0.0034,OK,정상,0,1,0,0,정상,
2026-05-12 10:11,2026-05-12 10:41,0.0038,OK,정상,0,1,0,0,정상,
2026-05-12 10:12,2026-05-12 10:42,0.0026,OK,정상,0,0,0,0,정상,
2026-05-12 10:13,2026-05-12 10:43,0.009,OK,정상,0,0,0,0,정상,
2026-05-12 10:14,2026-05-12 10:44,0.0021,OK,정상,0,0,0,0,정상,
2026-05-12 10:15,2026-05-12 10:45,0.003,OK,정상,0,0,0,0,정상,
2026-05-12 10:16,2026-05-12 10:46,0.0027,OK,정상,0,0,0,0,정상,
2026-05-12 10:17,2026-05-12 10:47,0.002,OK,정상,1,0,0,0,정상,
2026-05-12 10:18,2026-05-12 10:48,0.0023,OK,정상,0,0,0,0,정상,
2026-05-12 10:19,2026-05-12 10:49,0.0029,OK,정상,1,0,0,0,정상,
2026-05-12 10:20,2026-05-12 10:50,0.0012,OK,정상,0,0,0,0,정상,
2026-05-12 10:21,2026-05-12 10:51,0.0112,OK,정상,1,0,0,0,정상,
2026-05-12 10:22,2026-05-12 10:52,0.0027,OK,정상,0,0,0,0,정상,
2026-05-12 10:23,2026-05-12 10:53,0.0042,OK,정상,1,0,0,0,정상,
2026-05-12 10:24,2026-05-12 10:54,0.004,OK,정상,0,0,0,0,정상,
2026-05-12 10:25,2026-05-12 10:55,0.0036,OK,정상,1,0,0,0,정상,
2026-05-12 10:26,2026-05-12 10:56,0.0026,OK,정상,0,0,0,0,정상,
2026-05-12 10:27,2026-05-12 10:57,0.0025,OK,정상,1,0,0,0,정상,
2026-05-12 10:28,2026-05-12 10:58,0.0035,OK,정상,0,1,0,0,정상,
2026-05-12 10:29,2026-05-12 10:59,0.0042,OK,정상,1,0,0,0,정상,
2026-05-12 10:30,2026-05-12 11:00,0.0032,OK,정상,0,0,0,0,정상,
2026-05-12 10:31,2026-05-12 11:01,0.0042,OK,정상,1,0,0,0,정상,
2026-05-12 10:32,2026-05-12 11:02,0.0031,OK,정상,0,0,0,0,정상,
2026-05-12 10:33,2026-05-12 11:03,0.0039,OK,정상,1,0,0,0,정상,
2026-05-12 10:34,2026-05-12 11:04,0.0031,OK,정상,0,0,0,0,정상,
2026-05-12 10:35,2026-05-12 11:05,0.0058,OK,정상,1,0,0,0,정상,
2026-05-12 10:36,2026-05-12 11:06,0.0043,OK,정상,0,0,0,0,정상,
2026-05-12 10:37,2026-05-12 11:07,0.0051,OK,정상,1,0,0,0,정상,
2026-05-12 10:38,2026-05-12 11:08,0.0039,OK,정상,0,0,0,0,정상,
2026-05-12 10:39,2026-05-12 11:09,0.0048,OK,정상,1,0,0,0,정상,
2026-05-12 10:40,2026-05-12 11:10,0.003,OK,정상,0,0,0,0,정상,
2026-05-12 10:41,2026-05-12 11:11,0.0033,OK,정상,1,0,0,0,정상,
2026-05-12 10:42,2026-05-12 11:12,0.0026,OK,정상,0,0,0,0,정상,
2026-05-12 10:43,2026-05-12 11:13,0.0041,OK,정상,1,0,0,0,정상,
2026-05-12 10:44,2026-05-12 11:14,0.0024,OK,정상,0,0,0,0,정상,
2026-05-12 10:45,2026-05-12 11:15,0.003,OK,정상,1,0,0,0,정상,
2026-05-12 10:46,2026-05-12 11:16,0.0026,OK,정상,0,0,0,0,정상,
2026-05-12 10:47,2026-05-12 11:17,0.0024,OK,정상,1,0,0,0,정상,
2026-05-12 10:48,2026-05-12 11:18,0.0017,OK,정상,1,0,0,0,정상,
2026-05-12 10:49,2026-05-12 11:19,0.0039,OK,정상,1,0,0,0,정상,
2026-05-12 10:50,2026-05-12 11:20,0.0035,OK,정상,1,0,0,0,정상,
2026-05-12 10:51,2026-05-12 11:21,0.005,OK,정상,1,0,0,0,정상,
2026-05-12 10:52,2026-05-12 11:22,0.0025,OK,정상,1,0,0,0,정상,
2026-05-12 10:53,2026-05-12 11:23,0.0025,OK,정상,1,0,0,0,정상,
2026-05-12 10:54,2026-05-12 11:24,0.0023,OK,정상,1,0,0,0,정상,
2026-05-12 10:55,2026-05-12 11:25,0.0022,OK,정상,1,0,0,0,정상,
2026-05-12 10:56,2026-05-12 11:26,0.002,OK,정상,1,0,0,0,정상,
2026-05-12 10:57,2026-05-12 11:27,0.0021,OK,정상,1,0,0,0,정상,
2026-05-12 10:58,2026-05-12 11:28,0.0026,OK,정상,0,0,0,0,정상,
2026-05-12 10:59,2026-05-12 11:29,0.0021,OK,정상,1,0,0,0,정상,
2026-05-12 11:00,2026-05-12 11:30,0.0019,OK,정상,0,0,0,0,정상,
2026-05-12 11:01,2026-05-12 11:31,0.0019,OK,정상,1,0,0,0,정상,
2026-05-12 11:02,2026-05-12 11:32,0.0019,OK,정상,0,0,0,0,정상,
2026-05-12 11:03,2026-05-12 11:33,0.0019,OK,정상,1,0,0,0,정상,
2026-05-12 11:04,2026-05-12 11:34,0.0016,OK,정상,1,0,0,0,정상,
2026-05-12 11:05,2026-05-12 11:35,0.002,OK,정상,1,0,0,0,정상,
2026-05-12 11:06,2026-05-12 11:36,0.0017,OK,정상,1,0,0,0,정상,
2026-05-12 11:07,2026-05-12 11:37,0.0021,OK,정상,1,0,0,0,정상,
2026-05-12 11:08,2026-05-12 11:38,0.0018,OK,정상,1,0,0,0,정상,
2026-05-12 11:09,2026-05-12 11:39,0.0018,OK,정상,1,0,0,0,정상,
2026-05-12 11:10,2026-05-12 11:40,0.0016,OK,정상,1,0,0,0,정상,
2026-05-12 11:11,2026-05-12 11:41,0.0017,OK,정상,1,0,0,0,정상,
2026-05-12 11:12,2026-05-12 11:42,0.0017,OK,정상,0,0,0,0,정상,
2026-05-12 11:13,2026-05-12 11:43,0.0017,OK,정상,1,0,0,0,정상,
2026-05-12 11:14,2026-05-12 11:44,0.0024,OK,정상,0,0,0,0,정상,
2026-05-12 11:15,2026-05-12 11:45,0.0021,OK,정상,1,0,0,0,정상,
2026-05-12 11:16,2026-05-12 11:46,0.002,OK,정상,0,0,0,0,정상,
2026-05-12 11:17,2026-05-12 11:47,0.0018,OK,정상,1,0,0,0,정상,
2026-05-12 11:18,2026-05-12 11:48,0.0015,OK,정상,0,0,0,0,정상,
2026-05-12 11:19,2026-05-12 11:49,0.0018,OK,정상,1,0,0,0,정상,
2026-05-12 11:20,2026-05-12 11:50,0.0013,OK,정상,0,0,0,0,정상,
2026-05-12 11:21,2026-05-12 11:51,0.0018,OK,정상,1,0,0,0,정상,
2026-05-12 11:22,2026-05-12 11:52,0.0014,OK,정상,0,0,0,0,정상,
2026-05-12 11:23,2026-05-12 11:53,0.0017,OK,정상,1,0,0,0,정상,
2026-05-12 11:24,2026-05-12 11:54,0.0018,OK,정상,0,0,0,0,정상,
2026-05-12 11:25,2026-05-12 11:55,0.0019,OK,정상,1,0,0,0,정상,
2026-05-12 11:26,2026-05-12 11:56,0.0022,OK,정상,0,0,0,0,정상,
2026-05-12 11:27,2026-05-12 11:57,0.0032,OK,정상,1,0,0,0,정상,
2026-05-12 11:28,2026-05-12 11:58,0.0039,OK,정상,1,0,0,0,정상,
2026-05-12 11:29,2026-05-12 11:59,0.0069,OK,정상,1,0,0,0,정상,
2026-05-12 11:30,2026-05-12 12:00,0.0049,OK,정상,1,0,0,0,정상,
2026-05-12 11:31,2026-05-12 12:01,0.0032,OK,정상,1,0,0,0,정상,
2026-05-12 11:32,2026-05-12 12:02,0.0025,OK,정상,1,0,0,0,정상,
2026-05-12 11:33,2026-05-12 12:03,0.003,OK,정상,1,0,0,0,정상,
2026-05-12 11:34,2026-05-12 12:04,0.0039,OK,정상,1,0,0,0,정상,
2026-05-12 11:35,2026-05-12 12:05,0.0026,OK,정상,1,0,0,0,정상,
2026-05-12 11:36,2026-05-12 12:06,0.0032,OK,정상,1,0,0,0,정상,
2026-05-12 11:37,2026-05-12 12:07,0.003,OK,정상,1,0,0,0,정상,
2026-05-12 11:38,2026-05-12 12:08,0.0035,OK,정상,1,0,0,0,정상,
2026-05-12 11:39,2026-05-12 12:09,0.0027,OK,정상,1,0,0,0,정상,
2026-05-12 11:40,2026-05-12 12:10,0.0029,OK,정상,1,0,0,0,정상,
2026-05-12 11:41,2026-05-12 12:11,0.0023,OK,정상,1,0,0,0,정상,
2026-05-12 11:42,2026-05-12 12:12,0.0016,OK,정상,1,0,0,0,정상,
2026-05-12 11:43,2026-05-12 12:13,0.0021,OK,정상,1,0,0,0,정상,
2026-05-12 11:44,2026-05-12 12:14,0.0023,OK,정상,1,0,0,0,정상,
2026-05-12 11:45,2026-05-12 12:15,0.0034,OK,정상,1,0,0,0,정상,
2026-05-12 11:46,2026-05-12 12:16,0.0021,OK,정상,1,0,0,0,정상,
2026-05-12 11:47,2026-05-12 12:17,0.0026,OK,정상,1,0,0,0,정상,
2026-05-12 11:48,2026-05-12 12:18,0.0028,OK,정상,1,0,0,0,정상,
2026-05-12 11:49,2026-05-12 12:19,0.0034,OK,정상,1,0,0,0,정상,
2026-05-12 11:50,2026-05-12 12:20,0.0028,OK,정상,1,0,0,0,정상,
2026-05-12 11:51,2026-05-12 12:21,0.0038,OK,정상,1,0,0,0,정상,
2026-05-12 11:52,2026-05-12 12:22,0.004,OK,정상,1,0,0,0,정상,
2026-05-12 11:53,2026-05-12 12:23,0.0087,OK,정상,1,1,0,0,정상,
2026-05-12 11:54,2026-05-12 12:24,0.0048,OK,정상,1,1,0,0,정상,
2026-05-12 11:55,2026-05-12 12:25,0.0081,OK,정상,1,1,0,0,정상,
2026-05-12 11:56,2026-05-12 12:26,0.0056,OK,정상,1,0,0,0,정상,
2026-05-12 11:57,2026-05-12 12:27,0.0035,OK,정상,1,1,0,0,정상,
2026-05-12 11:58,2026-05-12 12:28,0.0012,OK,정상,1,1,0,0,정상,
2026-05-12 11:59,2026-05-12 12:29,0.0009,OK,정상,0,1,0,0,정상,
2026-05-12 12:00,2026-05-12 12:30,0.0017,OK,정상,0,0,0,0,정상,
2026-05-12 12:01,2026-05-12 12:31,0.0019,OK,정상,0,0,0,0,정상,
2026-05-12 12:02,2026-05-12 12:32,0.0015,OK,정상,0,0,0,0,정상,
2026-05-12 12:03,2026-05-12 12:33,0.0011,OK,정상,0,0,0,0,정상,
2026-05-12 12:04,2026-05-12 12:34,0.0009,OK,정상,0,0,0,0,정상,
2026-05-12 12:05,2026-05-12 12:35,0.0012,OK,정상,0,0,0,0,정상,
2026-05-12 12:06,2026-05-12 12:36,0.0009,OK,정상,0,0,0,0,정상,
2026-05-12 12:07,2026-05-12 12:37,0.0014,OK,정상,0,0,0,0,정상,
2026-05-12 12:08,2026-05-12 12:38,0.0013,OK,정상,0,0,0,0,정상,
2026-05-12 12:09,2026-05-12 12:39,0.0023,OK,정상,0,0,0,0,정상,
2026-05-12 12:10,2026-05-12 12:40,0.001,OK,정상,0,0,0,0,정상,
2026-05-12 12:11,2026-05-12 12:41,0.0013,OK,정상,0,0,0,0,정상,
2026-05-12 12:12,2026-05-12 12:42,0.001,OK,정상,0,0,0,0,정상,
2026-05-12 12:13,2026-05-12 12:43,0.0012,OK,정상,0,0,0,0,정상,
2026-05-12 12:14,2026-05-12 12:44,0.0015,OK,정상,0,0,0,0,정상,
2026-05-12 12:15,2026-05-12 12:45,0.0013,OK,정상,0,0,0,0,정상,
2026-05-12 12:16,2026-05-12 12:46,0.0018,OK,정상,0,0,0,0,정상,
2026-05-12 12:17,2026-05-12 12:47,0.0016,OK,정상,0,0,0,0,정상,
2026-05-12 12:18,2026-05-12 12:48,0.0019,OK,정상,0,0,0,0,정상,
2026-05-12 12:19,2026-05-12 12:49,0.001,OK,정상,0,0,0,0,정상,
2026-05-12 12:20,2026-05-12 12:50,0.0019,OK,정상,0,0,0,0,정상,
2026-05-12 12:21,2026-05-12 12:51,0.001,OK,정상,0,0,0,0,정상,
2026-05-12 12:22,2026-05-12 12:52,0.0008,OK,정상,0,0,0,0,정상,
2026-05-12 12:23,2026-05-12 12:53,0.0009,OK,정상,0,0,0,0,정상,
2026-05-12 12:24,2026-05-12 12:54,0.0011,OK,정상,0,0,0,0,정상,
2026-05-12 12:25,2026-05-12 12:55,0.0011,OK,정상,0,0,0,0,정상,
2026-05-12 12:26,2026-05-12 12:56,0.0009,OK,정상,0,0,0,0,정상,
2026-05-12 12:27,2026-05-12 12:57,0.0032,OK,정상,1,0,0,0,정상,
2026-05-12 12:28,2026-05-12 12:58,0.0011,OK,정상,0,0,0,0,정상,
2026-05-12 12:29,2026-05-12 12:59,0.005,OK,정상,1,0,0,0,정상,
2026-05-12 12:30,2026-05-12 13:00,0.0014,OK,정상,0,0,0,0,정상,
2026-05-12 12:31,2026-05-12 13:01,0.0008,OK,정상,1,0,0,0,정상,
2026-05-12 12:32,2026-05-12 13:02,0.0013,OK,정상,0,0,0,0,정상,
2026-05-12 12:33,2026-05-12 13:03,0.0019,OK,정상,1,0,0,0,정상,
2026-05-12 12:34,2026-05-12 13:04,0.0019,OK,정상,0,0,0,0,정상,
2026-05-12 12:35,2026-05-12 13:05,0.0013,OK,정상,1,0,0,0,정상,
2026-05-12 12:36,2026-05-12 13:06,0.001,OK,정상,0,0,0,0,정상,
2026-05-12 12:37,2026-05-12 13:07,0.0007,OK,정상,1,0,0,0,정상,
2026-05-12 12:38,2026-05-12 13:08,0.001,OK,정상,0,0,0,0,정상,
2026-05-12 12:39,2026-05-12 13:09,0.0063,OK,정상,1,0,0,0,정상,
2026-05-12 12:40,2026-05-12 13:10,0.0031,OK,정상,0,0,0,0,정상,
2026-05-12 12:41,2026-05-12 13:11,0.0093,OK,정상,1,0,0,0,정상,
2026-05-12 12:42,2026-05-12 13:12,0.0047,OK,정상,0,0,0,0,정상,
2026-05-12 12:43,2026-05-12 13:13,0.0112,OK,정상,1,0,0,0,정상,
2026-05-12 12:44,2026-05-12 13:14,0.0043,OK,정상,0,0,0,0,정상,
2026-05-12 12:45,2026-05-12 13:15,0.0077,OK,정상,1,0,0,0,정상,
2026-05-12 12:46,2026-05-12 13:16,0.0043,OK,정상,0,0,0,0,정상,
2026-05-12 12:47,2026-05-12 13:17,0.0041,OK,정상,1,0,0,0,정상,
2026-05-12 12:48,2026-05-12 13:18,0.0045,OK,정상,0,0,0,0,정상,
2026-05-12 12:49,2026-05-12 13:19,0.0136,OK,정상,1,0,0,0,정상,
2026-05-12 12:50,2026-05-12 13:20,0.0083,OK,정상,1,0,0,0,정상,
2026-05-12 12:51,2026-05-12 13:21,0.0096,OK,정상,1,0,0,0,정상,
2026-05-12 12:52,2026-05-12 13:22,0.0058,OK,정상,1,0,0,0,정상,
2026-05-12 12:53,2026-05-12 13:23,0.0149,OK,정상,1,0,0,0,정상,
2026-05-12 12:54,2026-05-12 13:24,0.0165,OK,정상,1,0,0,0,정상,
2026-05-12 12:55,2026-05-12 13:25,0.0127,OK,정상,1,0,0,0,정상,
2026-05-12 12:56,2026-05-12 13:26,0.0097,OK,정상,1,0,0,0,정상,
2026-05-12 12:57,2026-05-12 13:27,0.0091,OK,정상,1,0,0,0,정상,
2026-05-12 12:58,2026-05-12 13:28,0.0056,OK,정상,1,0,0,0,정상,
2026-05-12 12:59,2026-05-12 13:29,0.0093,OK,정상,1,0,0,0,정상,
2026-05-12 13:00,2026-05-12 13:30,0.0036,OK,정상,0,0,0,0,정상,
2026-05-12 13:01,2026-05-12 13:31,0.0088,OK,정상,1,0,0,0,정상,
2026-05-12 13:02,2026-05-12 13:32,0.0381,OK,정상,1,0,0,0,정상,
2026-05-12 13:03,2026-05-12 13:33,0.0776,OK,정상,1,0,0,0,정상,
2026-05-12 13:04,2026-05-12 13:34,0.0925,OK,정상,1,0,0,0,정상,
2026-05-12 13:05,2026-05-12 13:35,0.1453,OK,정상,1,0,0,0,정상,
2026-05-12 13:06,2026-05-12 13:36,0.1262,OK,정상,1,0,0,0,정상,
2026-05-12 13:07,2026-05-12 13:37,0.1225,OK,정상,1,0,0,0,정상,
2026-05-12 13:08,2026-05-12 13:38,0.0467,OK,정상,1,0,0,0,정상,
2026-05-12 13:09,2026-05-12 13:39,0.0494,OK,정상,1,0,0,0,정상,
2026-05-12 13:10,2026-05-12 13:40,0.0429,OK,정상,1,0,0,0,정상,
2026-05-12 13:11,2026-05-12 13:41,0.0901,OK,정상,1,0,0,0,정상,
2026-05-12 13:12,2026-05-12 13:42,0.0663,OK,정상,0,0,0,0,정상,
2026-05-12 13:13,2026-05-12 13:43,0.0461,OK,정상,1,0,0,0,정상,
2026-05-12 13:14,2026-05-12 13:44,0.0342,OK,정상,0,0,0,0,정상,
2026-05-12 13:15,2026-05-12 13:45,0.0791,OK,정상,1,0,0,0,정상,
2026-05-12 13:16,2026-05-12 13:46,0.0356,OK,정상,0,0,0,0,정상,
2026-05-12 13:17,2026-05-12 13:47,0.0681,OK,정상,1,0,0,0,정상,
2026-05-12 13:18,2026-05-12 13:48,0.1447,OK,정상,0,0,0,0,정상,
2026-05-12 13:19,2026-05-12 13:49,0.0868,OK,정상,1,0,0,0,정상,
2026-05-12 13:20,2026-05-12 13:50,0.1097,OK,정상,0,0,0,0,정상,
2026-05-12 13:21,2026-05-12 13:51,0.1005,OK,정상,1,0,0,0,정상,
2026-05-12 13:22,2026-05-12 13:52,0.0548,OK,정상,0,0,0,0,정상,
2026-05-12 13:23,2026-05-12 13:53,0.0293,OK,정상,1,0,0,0,정상,
2026-05-12 13:24,2026-05-12 13:54,0.0214,OK,정상,1,0,0,0,정상,
2026-05-12 13:25,2026-05-12 13:55,0.0307,OK,정상,1,0,0,0,정상,
2026-05-12 13:26,2026-05-12 13:56,0.0283,OK,정상,1,0,0,0,정상,
2026-05-12 13:27,2026-05-12 13:57,0.0511,OK,정상,1,0,0,0,정상,
2026-05-12 13:28,2026-05-12 13:58,0.0295,OK,정상,1,0,0,0,정상,
2026-05-12 13:29,2026-05-12 13:59,0.0567,OK,정상,1,0,0,0,정상,
2026-05-12 13:30,2026-05-12 14:00,0.0335,OK,정상,1,0,0,0,정상,
2026-05-12 13:31,2026-05-12 14:01,0.0475,OK,정상,1,0,0,0,정상,
2026-05-12 13:32,2026-05-12 14:02,0.0291,OK,정상,1,0,0,0,정상,
2026-05-12 13:33,2026-05-12 14:03,0.0358,OK,정상,1,0,0,0,정상,
2026-05-12 13:34,2026-05-12 14:04,0.0436,OK,정상,1,1,0,0,정상,
2026-05-12 13:35,2026-05-12 14:05,0.071,OK,정상,1,1,0,0,정상,
2026-05-12 13:36,2026-05-12 14:06,0.0346,OK,정상,1,1,0,0,정상,
2026-05-12 13:37,2026-05-12 14:07,0.1937,OK,정상,1,1,0,0,정상,
2026-05-12 13:38,2026-05-12 14:08,0.0433,OK,정상,1,0,0,0,정상,
2026-05-12 13:39,2026-05-12 14:09,0.0842,OK,정상,1,0,0,0,정상,
2026-05-12 13:40,2026-05-12 14:10,0.0518,OK,정상,1,0,0,0,정상,
2026-05-12 13:41,2026-05-12 14:11,0.1163,OK,정상,1,0,0,0,정상,
2026-05-12 13:42,2026-05-12 14:12,0.0815,OK,정상,1,0,0,0,정상,
2026-05-12 13:43,2026-05-12 14:13,0.1548,OK,정상,1,0,0,0,정상,
2026-05-12 13:44,2026-05-12 14:14,0.1234,OK,정상,1,0,0,0,정상,
2026-05-12 13:45,2026-05-12 14:15,0.1721,OK,정상,1,0,0,0,정상,
2026-05-12 13:46,2026-05-12 14:16,0.052,OK,정상,1,0,0,0,정상,
2026-05-12 13:47,2026-05-12 14:17,0.2607,OK,정상,1,0,0,0,정상,
2026-05-12 13:48,2026-05-12 14:18,0.1397,OK,정상,1,0,0,0,정상,
2026-05-12 13:49,2026-05-12 14:19,0.1074,OK,정상,1,0,0,0,정상,
2026-05-12 13:50,2026-05-12 14:20,0.0955,OK,정상,1,0,0,0,정상,
2026-05-12 13:51,2026-05-12 14:21,0.1886,OK,정상,1,0,0,0,정상,
2026-05-12 13:52,2026-05-12 14:22,0.0971,OK,정상,1,0,0,0,정상,
2026-05-12 13:53,2026-05-12 14:23,0.1409,OK,정상,1,0,0,0,정상,
2026-05-12 13:54,2026-05-12 14:24,0.1091,OK,정상,1,0,0,0,정상,
2026-05-12 13:55,2026-05-12 14:25,0.2476,OK,정상,1,0,0,0,정상,
2026-05-12 13:56,2026-05-12 14:26,0.219,OK,정상,1,0,0,0,정상,
2026-05-12 13:57,2026-05-12 14:27,0.4657,INFO,주의,1,0,0,0,정상,
2026-05-12 13:58,2026-05-12 14:28,0.4221,INFO,주의,1,0,0,0,정상,
2026-05-12 13:59,2026-05-12 14:29,0.5625,INFO,주의,1,0,0,0,정상,
2026-05-12 14:00,2026-05-12 14:30,0.6653,INFO,주의,1,0,0,0,정상,
2026-05-12 14:01,2026-05-12 14:31,0.6198,INFO,주의,1,0,0,0,정상,
2026-05-12 14:02,2026-05-12 14:32,0.5581,INFO,주의,1,0,0,0,정상,
2026-05-12 14:03,2026-05-12 14:33,0.7703,WARNING,경보,1,0,0,0,정상,
2026-05-12 14:04,2026-05-12 14:34,0.7937,WARNING,경보,1,0,0,0,정상,
2026-05-12 14:05,2026-05-12 14:35,0.868,CRITICAL,위험,1,0,0,0,정상,
2026-05-12 14:06,2026-05-12 14:36,0.8548,CRITICAL,위험,1,0,0,0,정상,
2026-05-12 14:07,2026-05-12 14:37,0.8646,CRITICAL,위험,1,0,0,0,정상,
2026-05-12 14:08,2026-05-12 14:38,0.8781,CRITICAL,위험,1,0,0,0,정상,
2026-05-12 14:09,2026-05-12 14:39,0.8812,CRITICAL,위험,1,0,0,0,정상,
2026-05-12 14:10,2026-05-12 14:40,0.8556,CRITICAL,위험,1,0,0,0,정상,
2026-05-12 14:11,2026-05-12 14:41,0.9235,CRITICAL,위험,1,0,0,0,정상,
2026-05-12 14:12,2026-05-12 14:42,0.8561,CRITICAL,위험,1,0,0,0,정상,
2026-05-12 14:13,2026-05-12 14:43,0.8796,CRITICAL,위험,1,0,0,0,정상,
2026-05-12 14:14,2026-05-12 14:44,0.929,CRITICAL,위험,1,0,0,0,정상,
2026-05-12 14:15,2026-05-12 14:45,0.839,WARNING,경보,1,0,0,0,정상,
2026-05-12 14:16,2026-05-12 14:46,0.9204,CRITICAL,위험,1,0,0,0,정상,
2026-05-12 14:17,2026-05-12 14:47,0.9319,CRITICAL,위험,1,0,0,0,정상,
2026-05-12 14:18,2026-05-12 14:48,0.8739,CRITICAL,위험,1,0,0,0,정상,
2026-05-12 14:19,2026-05-12 14:49,0.8498,WARNING,경보,1,0,0,0,정상,
2026-05-12 14:20,2026-05-12 14:50,0.7728,WARNING,경보,1,0,0,0,정상,
2026-05-12 14:21,2026-05-12 14:51,0.7738,WARNING,경보,1,0,0,0,정상,
2026-05-12 14:22,2026-05-12 14:52,0.7655,WARNING,경보,1,0,0,0,정상,
2026-05-12 14:23,2026-05-12 14:53,0.7271,WARNING,경보,1,0,0,0,정상,
2026-05-12 14:24,2026-05-12 14:54,0.815,WARNING,경보,1,0,0,0,정상,
2026-05-12 14:25,2026-05-12 14:55,0.7647,WARNING,경보,1,0,0,0,정상,
2026-05-12 14:26,2026-05-12 14:56,0.7708,WARNING,경보,1,0,0,0,정상,
2026-05-12 14:27,2026-05-12 14:57,0.6119,INFO,주의,1,0,0,0,정상,
2026-05-12 14:28,2026-05-12 14:58,0.8049,WARNING,경보,1,0,0,0,정상,
2026-05-12 14:29,2026-05-12 14:59,0.8238,WARNING,경보,1,0,0,0,정상,
2026-05-12 14:30,2026-05-12 15:00,0.6684,INFO,주의,1,0,0,0,정상,
2026-05-12 14:31,2026-05-12 15:01,0.6964,INFO,주의,1,0,0,0,정상,
2026-05-12 14:32,2026-05-12 15:02,0.6225,INFO,주의,1,0,0,0,정상,
2026-05-12 14:33,2026-05-12 15:03,0.642,INFO,주의,1,0,0,0,정상,
2026-05-12 14:34,2026-05-12 15:04,0.3792,INFO,주의,1,0,0,0,정상,
2026-05-12 14:35,2026-05-12 15:05,0.2471,OK,정상,1,0,0,0,정상,
2026-05-12 14:36,2026-05-12 15:06,0.234,OK,정상,1,0,0,0,정상,
2026-05-12 14:37,2026-05-12 15:07,0.2294,OK,정상,1,0,0,0,정상,
2026-05-12 14:38,2026-05-12 15:08,0.3396,INFO,주의,1,0,0,0,정상,
2026-05-12 14:39,2026-05-12 15:09,0.2947,OK,정상,1,0,0,0,정상,
2026-05-12 14:40,2026-05-12 15:10,0.297,OK,정상,1,0,0,0,정상,
2026-05-12 14:41,2026-05-12 15:11,0.3348,INFO,주의,1,0,0,0,정상,
2026-05-12 14:42,2026-05-12 15:12,0.4217,INFO,주의,1,0,0,0,정상,
2026-05-12 14:43,2026-05-12 15:13,0.4222,INFO,주의,1,0,0,0,정상,
2026-05-12 14:44,2026-05-12 15:14,0.2092,OK,정상,1,0,0,0,정상,
2026-05-12 14:45,2026-05-12 15:15,0.1801,OK,정상,1,0,0,0,정상,
2026-05-12 14:46,2026-05-12 15:16,0.0639,OK,정상,1,0,0,0,정상,
2026-05-12 14:47,2026-05-12 15:17,0.0408,OK,정상,1,0,0,0,정상,
2026-05-12 14:48,2026-05-12 15:18,0.0467,OK,정상,1,0,0,0,정상,
2026-05-12 14:49,2026-05-12 15:19,0.0574,OK,정상,1,0,0,0,정상,
2026-05-12 14:50,2026-05-12 15:20,0.0622,OK,정상,1,0,0,0,정상,
2026-05-12 14:51,2026-05-12 15:21,0.0478,OK,정상,1,0,0,0,정상,
2026-05-12 14:52,2026-05-12 15:22,0.0375,OK,정상,1,0,0,0,정상,
2026-05-12 14:53,2026-05-12 15:23,0.0431,OK,정상,1,0,0,0,정상,
2026-05-12 14:54,2026-05-12 15:24,0.0734,OK,정상,0,0,0,0,정상,
2026-05-12 14:55,2026-05-12 15:25,0.0237,OK,정상,1,0,0,0,정상,
2026-05-12 14:56,2026-05-12 15:26,0.0293,OK,정상,0,0,0,0,정상,
2026-05-12 14:57,2026-05-12 15:27,0.0349,OK,정상,0,0,0,0,정상,
2026-05-12 14:58,2026-05-12 15:28,0.0548,OK,정상,0,0,0,0,정상,
2026-05-12 14:59,2026-05-12 15:29,0.0377,OK,정상,0,0,0,0,정상,
2026-05-12 15:00,2026-05-12 15:30,0.0362,OK,정상,0,0,0,0,정상,
2026-05-12 15:01,2026-05-12 15:31,0.0316,OK,정상,0,0,0,0,정상,
2026-05-12 15:02,2026-05-12 15:32,0.0153,OK,정상,0,0,0,0,정상,
2026-05-12 15:03,2026-05-12 15:33,0.0155,OK,정상,0,0,0,0,정상,
2026-05-12 15:04,2026-05-12 15:34,0.0156,OK,정상,0,0,0,0,정상,
2026-05-12 15:05,2026-05-12 15:35,0.0122,OK,정상,0,0,0,0,정상,
2026-05-12 15:06,2026-05-12 15:36,0.0124,OK,정상,0,0,0,0,정상,
2026-05-12 15:07,2026-05-12 15:37,0.0318,OK,정상,0,0,0,0,정상,
2026-05-12 15:08,2026-05-12 15:38,0.0401,OK,정상,0,0,0,0,정상,
2026-05-12 15:09,2026-05-12 15:39,0.0238,OK,정상,0,0,0,0,정상,
2026-05-12 15:10,2026-05-12 15:40,0.0225,OK,정상,0,0,0,0,정상,
2026-05-12 15:11,2026-05-12 15:41,0.0375,OK,정상,0,0,0,0,정상,
2026-05-12 15:12,2026-05-12 15:42,0.0228,OK,정상,0,0,0,0,정상,
2026-05-12 15:13,2026-05-12 15:43,0.0025,OK,정상,0,0,0,0,정상,
2026-05-12 15:14,2026-05-12 15:44,0.0028,OK,정상,0,1,0,0,정상,
2026-05-12 15:15,2026-05-12 15:45,0.0031,OK,정상,1,1,0,0,정상,
2026-05-12 15:16,2026-05-12 15:46,0.0024,OK,정상,0,1,0,0,정상,
2026-05-12 15:17,2026-05-12 15:47,0.0023,OK,정상,1,0,0,0,정상,
2026-05-12 15:18,2026-05-12 15:48,0.0014,OK,정상,0,0,0,0,정상,
2026-05-12 15:19,2026-05-12 15:49,0.0015,OK,정상,1,0,0,0,정상,
2026-05-12 15:20,2026-05-12 15:50,0.0013,OK,정상,0,0,0,0,정상,
2026-05-12 15:21,2026-05-12 15:51,0.0027,OK,정상,1,0,0,0,정상,
2026-05-12 15:22,2026-05-12 15:52,0.0029,OK,정상,0,0,0,0,정상,
2026-05-12 15:23,2026-05-12 15:53,0.0059,OK,정상,1,0,0,0,정상,
2026-05-12 15:24,2026-05-12 15:54,0.0037,OK,정상,0,0,0,0,정상,
2026-05-12 15:25,2026-05-12 15:55,0.0364,OK,정상,1,0,0,0,정상,
2026-05-12 15:26,2026-05-12 15:56,0.0054,OK,정상,1,0,0,0,정상,
2026-05-12 15:27,2026-05-12 15:57,0.0044,OK,정상,1,0,0,0,정상,
2026-05-12 15:28,2026-05-12 15:58,0.0045,OK,정상,1,0,0,0,정상,
2026-05-12 15:29,2026-05-12 15:59,0.0065,OK,정상,1,0,0,0,정상,
2026-05-12 15:30,2026-05-12 16:00,0.0102,OK,정상,1,0,0,0,정상,
2026-05-12 15:31,2026-05-12 16:01,0.0155,OK,정상,1,0,0,0,정상,
2026-05-12 15:32,2026-05-12 16:02,0.0053,OK,정상,1,0,0,0,정상,
2026-05-12 15:33,2026-05-12 16:03,0.0073,OK,정상,1,0,0,0,정상,
2026-05-12 15:34,2026-05-12 16:04,0.0096,OK,정상,1,0,0,0,정상,
2026-05-12 15:35,2026-05-12 16:05,0.013,OK,정상,1,0,0,0,정상,
2026-05-12 15:36,2026-05-12 16:06,0.0125,OK,정상,1,0,0,0,정상,
2026-05-12 15:37,2026-05-12 16:07,0.0189,OK,정상,1,0,0,0,정상,
2026-05-12 15:38,2026-05-12 16:08,0.0222,OK,정상,1,0,0,0,정상,
2026-05-12 15:39,2026-05-12 16:09,0.0253,OK,정상,1,0,0,0,정상,
2026-05-12 15:40,2026-05-12 16:10,0.0255,OK,정상,1,0,0,0,정상,
2026-05-12 15:41,2026-05-12 16:11,0.0293,OK,정상,1,0,0,0,정상,
2026-05-12 15:42,2026-05-12 16:12,0.0356,OK,정상,1,0,0,0,정상,
2026-05-12 15:43,2026-05-12 16:13,0.0316,OK,정상,1,0,0,0,정상,
2026-05-12 15:44,2026-05-12 16:14,0.0212,OK,정상,1,0,0,0,정상,
2026-05-12 15:45,2026-05-12 16:15,0.019,OK,정상,1,0,0,0,정상,
2026-05-12 15:46,2026-05-12 16:16,0.0256,OK,정상,1,0,0,0,정상,
2026-05-12 15:47,2026-05-12 16:17,0.01,OK,정상,1,0,0,0,정상,
2026-05-12 15:48,2026-05-12 16:18,0.008,OK,정상,1,0,0,0,정상,
2026-05-12 15:49,2026-05-12 16:19,0.0069,OK,정상,1,0,0,0,정상,
2026-05-12 15:50,2026-05-12 16:20,0.0073,OK,정상,0,0,0,0,정상,
2026-05-12 15:51,2026-05-12 16:21,0.0065,OK,정상,1,0,0,0,정상,
2026-05-12 15:52,2026-05-12 16:22,0.0103,OK,정상,0,0,0,0,정상,
2026-05-12 15:53,2026-05-12 16:23,0.0053,OK,정상,1,0,0,0,정상,
2026-05-12 15:54,2026-05-12 16:24,0.004,OK,정상,0,0,0,0,정상,
2026-05-12 15:55,2026-05-12 16:25,0.0055,OK,정상,1,0,0,0,정상,
2026-05-12 15:56,2026-05-12 16:26,0.0036,OK,정상,0,0,0,0,정상,
2026-05-12 15:57,2026-05-12 16:27,0.0051,OK,정상,1,0,0,0,정상,
2026-05-12 15:58,2026-05-12 16:28,0.0044,OK,정상,1,1,0,0,정상,
2026-05-12 15:59,2026-05-12 16:29,0.006,OK,정상,1,1,0,0,정상,
2026-05-12 16:00,2026-05-12 16:30,0.0086,OK,정상,1,1,0,0,정상,
2026-05-12 16:01,2026-05-12 16:31,0.0036,OK,정상,1,1,0,0,정상,
2026-05-12 16:02,2026-05-12 16:32,0.0024,OK,정상,1,0,0,0,정상,
2026-05-12 16:03,2026-05-12 16:33,0.0018,OK,정상,1,0,0,0,정상,
2026-05-12 16:04,2026-05-12 16:34,0.0012,OK,정상,1,0,0,0,정상,
2026-05-12 16:05,2026-05-12 16:35,0.0013,OK,정상,1,0,0,0,정상,
2026-05-12 16:06,2026-05-12 16:36,0.002,OK,정상,1,0,0,0,정상,
2026-05-12 16:07,2026-05-12 16:37,0.0011,OK,정상,1,0,0,0,정상,
2026-05-12 16:08,2026-05-12 16:38,0.0009,OK,정상,1,0,0,0,정상,
2026-05-12 16:09,2026-05-12 16:39,0.0014,OK,정상,1,0,0,0,정상,
2026-05-12 16:10,2026-05-12 16:40,0.001,OK,정상,1,0,0,0,정상,
2026-05-12 16:11,2026-05-12 16:41,0.0013,OK,정상,1,0,0,0,정상,
2026-05-12 16:12,2026-05-12 16:42,0.0012,OK,정상,1,0,0,0,정상,
2026-05-12 16:13,2026-05-12 16:43,0.0017,OK,정상,1,0,0,0,정상,
2026-05-12 16:14,2026-05-12 16:44,0.0013,OK,정상,1,0,0,0,정상,
2026-05-12 16:15,2026-05-12 16:45,0.0017,OK,정상,1,0,0,0,정상,
2026-05-12 16:16,2026-05-12 16:46,0.0014,OK,정상,1,0,0,0,정상,
2026-05-12 16:17,2026-05-12 16:47,0.0015,OK,정상,1,1,0,0,정상,
2026-05-12 16:18,2026-05-12 16:48,0.005,OK,정상,1,0,0,0,정상,
2026-05-12 16:19,2026-05-12 16:49,0.0015,OK,정상,1,0,0,0,정상,
2026-05-12 16:20,2026-05-12 16:50,0.0016,OK,정상,1,0,0,0,정상,
2026-05-12 16:21,2026-05-12 16:51,0.0029,OK,정상,1,0,0,0,정상,
2026-05-12 16:22,2026-05-12 16:52,0.0017,OK,정상,1,0,0,0,정상,
2026-05-12 16:23,2026-05-12 16:53,0.0017,OK,정상,1,0,0,0,정상,
2026-05-12 16:24,2026-05-12 16:54,0.0012,OK,정상,1,0,0,0,정상,
2026-05-12 16:25,2026-05-12 16:55,0.0016,OK,정상,1,0,0,0,정상,
2026-05-12 16:26,2026-05-12 16:56,0.0018,OK,정상,1,0,0,0,정상,
2026-05-12 16:27,2026-05-12 16:57,0.0012,OK,정상,1,0,0,0,정상,
2026-05-12 16:28,2026-05-12 16:58,0.0011,OK,정상,0,0,0,0,정상,
2026-05-12 16:29,2026-05-12 16:59,0.0015,OK,정상,1,0,0,0,정상,
2026-05-12 16:30,2026-05-12 17:00,0.0015,OK,정상,0,0,0,0,정상,
2026-05-12 16:31,2026-05-12 17:01,0.0013,OK,정상,0,0,0,0,정상,
2026-05-12 16:32,2026-05-12 17:02,0.0034,OK,정상,0,0,0,0,정상,
2026-05-12 16:33,2026-05-12 17:03,0.0014,OK,정상,0,0,0,0,정상,
2026-05-12 16:34,2026-05-12 17:04,0.0013,OK,정상,0,0,0,0,정상,
2026-05-12 16:35,2026-05-12 17:05,0.0012,OK,정상,0,0,0,0,정상,
2026-05-12 16:36,2026-05-12 17:06,0.0011,OK,정상,0,0,0,0,정상,
2026-05-12 16:37,2026-05-12 17:07,0.001,OK,정상,0,0,0,0,정상,
2026-05-12 16:38,2026-05-12 17:08,0.001,OK,정상,0,0,0,0,정상,
2026-05-12 16:39,2026-05-12 17:09,0.0015,OK,정상,0,0,0,0,정상,
2026-05-12 16:40,2026-05-12 17:10,0.0014,OK,정상,0,0,0,0,정상,
2026-05-12 16:41,2026-05-12 17:11,0.0015,OK,정상,0,0,0,0,정상,
2026-05-12 16:42,2026-05-12 17:12,0.0013,OK,정상,0,0,0,0,정상,
2026-05-12 16:43,2026-05-12 17:13,0.0018,OK,정상,0,0,0,0,정상,
2026-05-12 16:44,2026-05-12 17:14,0.0058,OK,정상,0,0,0,0,정상,
2026-05-12 16:45,2026-05-12 17:15,0.0033,OK,정상,0,0,0,0,정상,
2026-05-12 16:46,2026-05-12 17:16,0.0052,OK,정상,0,0,0,0,정상,
2026-05-12 16:47,2026-05-12 17:17,0.0035,OK,정상,0,1,0,0,정상,
2026-05-12 16:48,2026-05-12 17:18,0.001,OK,정상,0,0,0,0,정상,
2026-05-12 16:49,2026-05-12 17:19,0.0013,OK,정상,0,0,0,0,정상,
2026-05-12 16:50,2026-05-12 17:20,0.001,OK,정상,0,0,0,0,정상,
2026-05-12 16:51,2026-05-12 17:21,0.0014,OK,정상,0,0,0,0,정상,
2026-05-12 16:52,2026-05-12 17:22,0.0012,OK,정상,0,0,0,0,정상,
2026-05-12 16:53,2026-05-12 17:23,0.0013,OK,정상,0,0,0,0,정상,
2026-05-12 16:54,2026-05-12 17:24,0.0029,OK,정상,0,0,0,0,정상,
2026-05-12 16:55,2026-05-12 17:25,0.0029,OK,정상,0,0,0,0,정상,
2026-05-12 16:56,2026-05-12 17:26,0.0041,OK,정상,0,0,0,0,정상,
2026-05-12 16:57,2026-05-12 17:27,0.0148,OK,정상,0,0,0,0,정상,
2026-05-12 16:58,2026-05-12 17:28,0.0018,OK,정상,0,0,0,0,정상,
2026-05-12 16:59,2026-05-12 17:29,0.0011,OK,정상,0,0,0,0,정상,
2026-05-12 17:00,2026-05-12 17:30,0.0018,OK,정상,1,0,0,0,정상,
2026-05-12 17:01,2026-05-12 17:31,0.0015,OK,정상,1,0,0,0,정상,
2026-05-12 17:02,2026-05-12 17:32,0.0085,OK,정상,1,0,0,0,정상,
2026-05-12 17:03,2026-05-12 17:33,0.0095,OK,정상,0,0,0,0,정상,
2026-05-12 17:04,2026-05-12 17:34,0.0113,OK,정상,0,0,0,0,정상,
2026-05-12 17:05,2026-05-12 17:35,0.0011,OK,정상,0,0,0,0,정상,
2026-05-12 17:06,2026-05-12 17:36,0.0007,OK,정상,0,0,0,0,정상,
2026-05-12 17:07,2026-05-12 17:37,0.0117,OK,정상,0,0,0,0,정상,
2026-05-12 17:08,2026-05-12 17:38,0.0045,OK,정상,0,0,0,0,정상,
2026-05-12 17:09,2026-05-12 17:39,0.0008,OK,정상,0,0,0,0,정상,
2026-05-12 17:10,2026-05-12 17:40,0.001,OK,정상,0,0,0,0,정상,
2026-05-12 17:11,2026-05-12 17:41,0.001,OK,정상,0,0,0,0,정상,
2026-05-12 17:12,2026-05-12 17:42,0.0011,OK,정상,0,0,0,0,정상,
2026-05-12 17:13,2026-05-12 17:43,0.0008,OK,정상,0,0,0,0,정상,
2026-05-12 17:14,2026-05-12 17:44,0.0008,OK,정상,0,0,0,0,정상,
2026-05-12 17:15,2026-05-12 17:45,0.0013,OK,정상,0,0,0,0,정상,
2026-05-12 17:16,2026-05-12 17:46,0.0035,OK,정상,0,0,0,0,정상,
2026-05-12 17:17,2026-05-12 17:47,0.0014,OK,정상,0,0,0,0,정상,
2026-05-12 17:18,2026-05-12 17:48,0.0011,OK,정상,0,0,0,0,정상,
2026-05-12 17:19,2026-05-12 17:49,0.0043,OK,정상,0,0,0,0,정상,
2026-05-12 17:20,2026-05-12 17:50,0.0054,OK,정상,0,0,0,0,정상,
2026-05-12 17:21,2026-05-12 17:51,0.0013,OK,정상,0,0,0,0,정상,
2026-05-12 17:22,2026-05-12 17:52,0.0009,OK,정상,0,0,0,0,정상,
2026-05-12 17:23,2026-05-12 17:53,0.001,OK,정상,0,0,0,0,정상,
2026-05-12 17:24,2026-05-12 17:54,0.0007,OK,정상,0,0,0,0,정상,
2026-05-12 17:25,2026-05-12 17:55,0.0009,OK,정상,0,0,0,0,정상,
2026-05-12 17:26,2026-05-12 17:56,0.0012,OK,정상,0,0,0,0,정상,
2026-05-12 17:27,2026-05-12 17:57,0.0009,OK,정상,0,0,0,0,정상,
2026-05-12 17:28,2026-05-12 17:58,0.0009,OK,정상,0,0,0,0,정상,
2026-05-12 17:29,2026-05-12 17:59,0.0009,OK,정상,0,0,0,0,정상,
2026-05-12 17:30,2026-05-12 18:00,0.0012,OK,정상,0,0,0,0,정상,
2026-05-12 17:31,2026-05-12 18:01,0.0012,OK,정상,0,0,0,0,정상,
2026-05-12 17:32,2026-05-12 18:02,0.0012,OK,정상,0,0,0,0,정상,
2026-05-12 17:33,2026-05-12 18:03,0.0009,OK,정상,0,0,0,0,정상,
2026-05-12 17:34,2026-05-12 18:04,0.0008,OK,정상,0,0,0,0,정상,
2026-05-12 17:35,2026-05-12 18:05,0.0005,OK,정상,0,0,0,0,정상,
2026-05-12 17:36,2026-05-12 18:06,0.0005,OK,정상,0,0,0,0,정상,
2026-05-12 17:37,2026-05-12 18:07,0.0008,OK,정상,0,0,0,0,정상,
2026-05-12 17:38,2026-05-12 18:08,0.0005,OK,정상,0,0,0,0,정상,
2026-05-12 17:39,2026-05-12 18:09,0.0006,OK,정상,0,0,0,0,정상,
2026-05-12 17:40,2026-05-12 18:10,0.0005,OK,정상,0,0,0,0,정상,
2026-05-12 17:41,2026-05-12 18:11,0.0005,OK,정상,0,0,0,0,정상,
2026-05-12 17:42,2026-05-12 18:12,0.0009,OK,정상,0,0,0,0,정상,
2026-05-12 17:43,2026-05-12 18:13,0.0006,OK,정상,0,0,0,0,정상,
2026-05-12 17:44,2026-05-12 18:14,0.0009,OK,정상,0,0,0,0,정상,
2026-05-12 17:45,2026-05-12 18:15,0.0007,OK,정상,0,0,0,0,정상,
2026-05-12 17:46,2026-05-12 18:16,0.0004,OK,정상,0,0,0,0,정상,
2026-05-12 17:47,2026-05-12 18:17,0.0005,OK,정상,0,0,0,0,정상,
2026-05-12 17:48,2026-05-12 18:18,0.0004,OK,정상,0,0,0,0,정상,
2026-05-12 17:49,2026-05-12 18:19,0.0004,OK,정상,1,0,0,0,정상,
2026-05-12 17:50,2026-05-12 18:20,0.0004,OK,정상,0,0,0,0,정상,
2026-05-12 17:51,2026-05-12 18:21,0.0005,OK,정상,1,0,0,0,정상,
2026-05-12 17:52,2026-05-12 18:22,0.0006,OK,정상,0,0,0,0,정상,
2026-05-12 17:53,2026-05-12 18:23,0.0006,OK,정상,1,0,0,0,정상,
2026-05-12 17:54,2026-05-12 18:24,0.0004,OK,정상,1,0,0,0,정상,
2026-05-12 17:55,2026-05-12 18:25,0.0006,OK,정상,1,0,0,0,정상,
2026-05-12 17:56,2026-05-12 18:26,0.0005,OK,정상,1,0,0,0,정상,
2026-05-12 17:57,2026-05-12 18:27,0.0005,OK,정상,1,0,0,0,정상,
2026-05-12 17:58,2026-05-12 18:28,0.0003,OK,정상,1,0,0,0,정상,
2026-05-12 17:59,2026-05-12 18:29,0.0004,OK,정상,0,0,0,0,정상,
2026-05-12 18:00,2026-05-12 18:30,0.0006,OK,정상,0,0,0,0,정상,
2026-05-12 18:01,2026-05-12 18:31,0.0005,OK,정상,0,0,0,0,정상,
2026-05-12 18:02,2026-05-12 18:32,0.0005,OK,정상,0,0,0,0,정상,
2026-05-12 18:03,2026-05-12 18:33,0.0007,OK,정상,0,0,0,0,정상,
2026-05-12 18:04,2026-05-12 18:34,0.0005,OK,정상,0,0,0,0,정상,
2026-05-12 18:05,2026-05-12 18:35,0.0006,OK,정상,0,0,0,0,정상,
2026-05-12 18:06,2026-05-12 18:36,0.0006,OK,정상,0,0,0,0,정상,
2026-05-12 18:07,2026-05-12 18:37,0.0008,OK,정상,0,0,0,0,정상,
2026-05-12 18:08,2026-05-12 18:38,0.0039,OK,정상,0,0,0,0,정상,
2026-05-12 18:09,2026-05-12 18:39,0.0006,OK,정상,0,0,0,0,정상,
2026-05-12 18:10,2026-05-12 18:40,0.0005,OK,정상,0,0,0,0,정상,
2026-05-12 18:11,2026-05-12 18:41,0.0007,OK,정상,1,0,0,0,정상,
2026-05-12 18:12,2026-05-12 18:42,0.0004,OK,정상,0,0,0,0,정상,
2026-05-12 18:13,2026-05-12 18:43,0.0004,OK,정상,1,0,0,0,정상,
2026-05-12 18:14,2026-05-12 18:44,0.0004,OK,정상,0,0,0,0,정상,
2026-05-12 18:15,2026-05-12 18:45,0.0004,OK,정상,1,0,0,0,정상,
2026-05-12 18:16,2026-05-12 18:46,0.0006,OK,정상,0,0,0,0,정상,
2026-05-12 18:17,2026-05-12 18:47,0.0006,OK,정상,1,0,0,0,정상,
2026-05-12 18:18,2026-05-12 18:48,0.0006,OK,정상,0,0,0,0,정상,
2026-05-12 18:19,2026-05-12 18:49,0.0003,OK,정상,1,0,0,0,정상,
2026-05-12 18:20,2026-05-12 18:50,0.0004,OK,정상,0,0,0,0,정상,
2026-05-12 18:21,2026-05-12 18:51,0.0006,OK,정상,1,0,0,0,정상,
2026-05-12 18:22,2026-05-12 18:52,0.0009,OK,정상,0,0,0,0,정상,
2026-05-12 18:23,2026-05-12 18:53,0.0007,OK,정상,1,0,0,0,정상,
2026-05-12 18:24,2026-05-12 18:54,0.0006,OK,정상,0,0,0,0,정상,
2026-05-12 18:25,2026-05-12 18:55,0.0007,OK,정상,1,0,0,0,정상,
2026-05-12 18:26,2026-05-12 18:56,0.0007,OK,정상,0,0,0,0,정상,
2026-05-12 18:27,2026-05-12 18:57,0.0007,OK,정상,0,0,0,0,정상,
2026-05-12 18:28,2026-05-12 18:58,0.0003,OK,정상,0,0,0,0,정상,
2026-05-12 18:29,2026-05-12 18:59,0.0007,OK,정상,0,0,0,0,정상,
2026-05-12 18:30,2026-05-12 19:00,0.0006,OK,정상,0,0,0,0,정상,
2026-05-12 18:31,2026-05-12 19:01,0.0007,OK,정상,0,0,0,0,정상,
2026-05-12 18:32,2026-05-12 19:02,0.0006,OK,정상,0,0,0,0,정상,
2026-05-12 18:33,2026-05-12 19:03,0.0005,OK,정상,1,0,0,0,정상,
2026-05-12 18:34,2026-05-12 19:04,0.0005,OK,정상,0,0,0,0,정상,
2026-05-12 18:35,2026-05-12 19:05,0.0008,OK,정상,1,0,0,0,정상,
2026-05-12 18:36,2026-05-12 19:06,0.0005,OK,정상,1,0,0,0,정상,
2026-05-12 18:37,2026-05-12 19:07,0.0009,OK,정상,1,0,0,0,정상,
2026-05-12 18:38,2026-05-12 19:08,0.0008,OK,정상,1,0,0,0,정상,
2026-05-12 18:39,2026-05-12 19:09,0.0008,OK,정상,1,0,0,0,정상,
2026-05-12 18:40,2026-05-12 19:10,0.0004,OK,정상,0,0,0,0,정상,
2026-05-12 18:41,2026-05-12 19:11,0.0007,OK,정상,0,0,0,0,정상,
2026-05-12 18:42,2026-05-12 19:12,0.0005,OK,정상,0,0,0,0,정상,
2026-05-12 18:43,2026-05-12 19:13,0.0012,OK,정상,0,0,0,0,정상,
2026-05-12 18:44,2026-05-12 19:14,0.0007,OK,정상,0,0,0,0,정상,
2026-05-12 18:45,2026-05-12 19:15,0.0006,OK,정상,0,0,0,0,정상,
2026-05-12 18:46,2026-05-12 19:16,0.0006,OK,정상,0,0,0,0,정상,
2026-05-12 18:47,2026-05-12 19:17,0.0008,OK,정상,1,0,0,0,정상,
2026-05-12 18:48,2026-05-12 19:18,0.0004,OK,정상,0,0,0,0,정상,
2026-05-12 18:49,2026-05-12 19:19,0.0008,OK,정상,1,0,0,0,정상,
2026-05-12 18:50,2026-05-12 19:20,0.0009,OK,정상,0,0,0,0,정상,
2026-05-12 18:51,2026-05-12 19:21,0.0008,OK,정상,1,0,0,0,정상,
2026-05-12 18:52,2026-05-12 19:22,0.0007,OK,정상,0,0,0,0,정상,
2026-05-12 18:53,2026-05-12 19:23,0.0008,OK,정상,1,0,0,0,정상,
2026-05-12 18:54,2026-05-12 19:24,0.0008,OK,정상,0,0,0,0,정상,
2026-05-12 18:55,2026-05-12 19:25,0.0008,OK,정상,1,0,0,0,정상,
2026-05-12 18:56,2026-05-12 19:26,0.0005,OK,정상,0,0,0,0,정상,
2026-05-12 18:57,2026-05-12 19:27,0.001,OK,정상,1,0,0,0,정상,
2026-05-12 18:58,2026-05-12 19:28,0.0006,OK,정상,0,0,0,0,정상,
2026-05-12 18:59,2026-05-12 19:29,0.0008,OK,정상,1,0,0,0,정상,
2026-05-12 19:00,2026-05-12 19:30,0.0007,OK,정상,0,0,0,0,정상,
2026-05-12 19:01,2026-05-12 19:31,0.0006,OK,정상,1,0,0,0,정상,
2026-05-12 19:02,2026-05-12 19:32,0.0003,OK,정상,0,0,0,0,정상,
2026-05-12 19:03,2026-05-12 19:33,0.0005,OK,정상,1,0,0,0,정상,
2026-05-12 19:04,2026-05-12 19:34,0.0005,OK,정상,0,0,0,0,정상,
2026-05-12 19:05,2026-05-12 19:35,0.0005,OK,정상,1,0,0,0,정상,
2026-05-12 19:06,2026-05-12 19:36,0.0004,OK,정상,0,0,0,0,정상,
2026-05-12 19:07,2026-05-12 19:37,0.0005,OK,정상,1,0,0,0,정상,
2026-05-12 19:08,2026-05-12 19:38,0.0007,OK,정상,0,0,0,0,정상,
2026-05-12 19:09,2026-05-12 19:39,0.001,OK,정상,1,0,0,0,정상,
2026-05-12 19:10,2026-05-12 19:40,0.0005,OK,정상,0,0,0,0,정상,
2026-05-12 19:11,2026-05-12 19:41,0.0007,OK,정상,1,0,0,0,정상,
2026-05-12 19:12,2026-05-12 19:42,0.0007,OK,정상,0,0,0,0,정상,
2026-05-12 19:13,2026-05-12 19:43,0.0007,OK,정상,1,0,0,0,정상,
2026-05-12 19:14,2026-05-12 19:44,0.0006,OK,정상,0,0,0,0,정상,
2026-05-12 19:15,2026-05-12 19:45,0.0005,OK,정상,1,0,0,0,정상,
2026-05-12 19:16,2026-05-12 19:46,0.0006,OK,정상,0,1,0,0,정상,
2026-05-12 19:17,2026-05-12 19:47,0.0003,OK,정상,0,0,0,0,정상,
2026-05-12 19:18,2026-05-12 19:48,0.0005,OK,정상,0,0,0,0,정상,
2026-05-12 19:19,2026-05-12 19:49,0.0042,OK,정상,0,1,0,0,정상,
2026-05-12 19:20,2026-05-12 19:50,0.0031,OK,정상,0,0,0,0,정상,
2026-05-12 19:21,2026-05-12 19:51,0.003,OK,정상,0,0,0,0,정상,
2026-05-12 19:22,2026-05-12 19:52,0.0032,OK,정상,0,0,0,0,정상,
2026-05-12 19:23,2026-05-12 19:53,0.0028,OK,정상,0,0,0,0,정상,
2026-05-12 19:24,2026-05-12 19:54,0.0015,OK,정상,0,0,0,0,정상,
2026-05-12 19:25,2026-05-12 19:55,0.0015,OK,정상,0,0,0,0,정상,
2026-05-12 19:26,2026-05-12 19:56,0.0013,OK,정상,0,0,0,0,정상,
2026-05-12 19:27,2026-05-12 19:57,0.0016,OK,정상,0,0,0,0,정상,
2026-05-12 19:28,2026-05-12 19:58,0.0021,OK,정상,0,0,0,0,정상,
2026-05-12 19:29,2026-05-12 19:59,0.0013,OK,정상,0,0,0,0,정상,
2026-05-12 19:30,2026-05-12 20:00,0.0013,OK,정상,0,0,0,0,정상,
2026-05-12 19:31,2026-05-12 20:01,0.0021,OK,정상,0,0,0,0,정상,
2026-05-12 19:32,2026-05-12 20:02,0.0125,OK,정상,0,0,0,0,정상,
2026-05-12 19:33,2026-05-12 20:03,0.0077,OK,정상,0,0,0,0,정상,
2026-05-12 19:34,2026-05-12 20:04,0.0057,OK,정상,0,0,0,0,정상,
2026-05-12 19:35,2026-05-12 20:05,0.0042,OK,정상,0,0,0,0,정상,
2026-05-12 19:36,2026-05-12 20:06,0.0067,OK,정상,0,0,0,0,정상,
2026-05-12 19:37,2026-05-12 20:07,0.0068,OK,정상,0,0,0,0,정상,
2026-05-12 19:38,2026-05-12 20:08,0.0055,OK,정상,0,0,0,0,정상,
2026-05-12 19:39,2026-05-12 20:09,0.0027,OK,정상,0,0,0,0,정상,
2026-05-12 19:40,2026-05-12 20:10,0.0024,OK,정상,0,0,0,0,정상,
2026-05-12 19:41,2026-05-12 20:11,0.0031,OK,정상,0,0,0,0,정상,
2026-05-12 19:42,2026-05-12 20:12,0.0032,OK,정상,0,0,0,0,정상,
2026-05-12 19:43,2026-05-12 20:13,0.0064,OK,정상,0,0,0,0,정상,
2026-05-12 19:44,2026-05-12 20:14,0.0041,OK,정상,0,0,0,0,정상,
2026-05-12 19:45,2026-05-12 20:15,0.0055,OK,정상,1,0,0,0,정상,
2026-05-12 19:46,2026-05-12 20:16,0.0036,OK,정상,1,0,0,0,정상,
2026-05-12 19:47,2026-05-12 20:17,0.0034,OK,정상,0,0,0,0,정상,
2026-05-12 19:48,2026-05-12 20:18,0.0023,OK,정상,0,0,0,0,정상,
2026-05-12 19:49,2026-05-12 20:19,0.0007,OK,정상,0,0,0,0,정상,
2026-05-12 19:50,2026-05-12 20:20,0.0027,OK,정상,0,0,0,0,정상,
2026-05-12 19:51,2026-05-12 20:21,0.0034,OK,정상,0,0,0,0,정상,
2026-05-12 19:52,2026-05-12 20:22,0.0023,OK,정상,0,0,0,0,정상,
2026-05-12 19:53,2026-05-12 20:23,0.002,OK,정상,0,0,0,0,정상,
2026-05-12 19:54,2026-05-12 20:24,0.0028,OK,정상,0,0,0,0,정상,
2026-05-12 19:55,2026-05-12 20:25,0.0026,OK,정상,0,0,0,0,정상,
2026-05-12 19:56,2026-05-12 20:26,0.0019,OK,정상,0,0,0,0,정상,
2026-05-12 19:57,2026-05-12 20:27,0.002,OK,정상,0,0,0,0,정상,
2026-05-12 19:58,2026-05-12 20:28,0.003,OK,정상,0,0,0,0,정상,
2026-05-12 19:59,2026-05-12 20:29,0.0014,OK,정상,0,0,0,0,정상,
2026-05-12 20:00,2026-05-12 20:30,0.0029,OK,정상,0,0,0,0,정상,
2026-05-12 20:01,2026-05-12 20:31,0.0021,OK,정상,0,0,0,0,정상,
2026-05-12 20:02,2026-05-12 20:32,0.0049,OK,정상,0,0,0,0,정상,
2026-05-12 20:03,2026-05-12 20:33,0.0056,OK,정상,0,0,0,0,정상,
2026-05-12 20:04,2026-05-12 20:34,0.0006,OK,정상,0,0,0,0,정상,
2026-05-12 20:05,2026-05-12 20:35,0.0004,OK,정상,0,0,0,0,정상,
2026-05-12 20:06,2026-05-12 20:36,0.001,OK,정상,0,0,0,0,정상,
2026-05-12 20:07,2026-05-12 20:37,0.0007,OK,정상,0,0,0,0,정상,
2026-05-12 20:08,2026-05-12 20:38,0.0006,OK,정상,0,0,0,0,정상,
2026-05-12 20:09,2026-05-12 20:39,0.0008,OK,정상,0,0,0,0,정상,
2026-05-12 20:10,2026-05-12 20:40,0.0013,OK,정상,0,0,0,0,정상,
2026-05-12 20:11,2026-05-12 20:41,0.0013,OK,정상,0,0,0,0,정상,
2026-05-12 20:12,2026-05-12 20:42,0.0021,OK,정상,0,0,0,0,정상,
2026-05-12 20:13,2026-05-12 20:43,0.0051,OK,정상,0,0,0,0,정상,
2026-05-12 20:14,2026-05-12 20:44,0.001,OK,정상,0,0,0,0,정상,
2026-05-12 20:15,2026-05-12 20:45,0.0013,OK,정상,0,0,0,0,정상,
2026-05-12 20:16,2026-05-12 20:46,0.0007,OK,정상,0,0,0,0,정상,
2026-05-12 20:17,2026-05-12 20:47,0.0007,OK,정상,0,0,0,0,정상,
2026-05-12 20:18,2026-05-12 20:48,0.0007,OK,정상,0,0,0,0,정상,
2026-05-12 20:19,2026-05-12 20:49,0.0009,OK,정상,0,0,0,0,정상,
2026-05-12 20:20,2026-05-12 20:50,0.0007,OK,정상,0,0,0,0,정상,
2026-05-12 20:21,2026-05-12 20:51,0.0011,OK,정상,0,0,0,0,정상,
2026-05-12 20:22,2026-05-12 20:52,0.0003,OK,정상,0,0,0,0,정상,
2026-05-12 20:23,2026-05-12 20:53,0.0003,OK,정상,0,0,0,0,정상,
2026-05-12 20:24,2026-05-12 20:54,0.0002,OK,정상,0,0,0,0,정상,
2026-05-12 20:25,2026-05-12 20:55,0.0003,OK,정상,0,0,0,0,정상,
2026-05-12 20:26,2026-05-12 20:56,0.0003,OK,정상,0,0,0,0,정상,
2026-05-12 20:27,2026-05-12 20:57,0.0004,OK,정상,0,0,0,0,정상,
2026-05-12 20:28,2026-05-12 20:58,0.0003,OK,정상,0,0,0,0,정상,
2026-05-12 20:29,2026-05-12 20:59,0.0003,OK,정상,0,0,0,0,정상,
2026-05-12 20:30,2026-05-12 21:00,0.0003,OK,정상,0,0,0,0,정상,
2026-05-12 20:31,2026-05-12 21:01,0.0002,OK,정상,0,0,0,0,정상,
2026-05-12 20:32,2026-05-12 21:02,0.0002,OK,정상,0,0,0,0,정상,
2026-05-12 20:33,2026-05-12 21:03,0.0003,OK,정상,0,0,0,0,정상,
2026-05-12 20:34,2026-05-12 21:04,0.0006,OK,정상,0,0,0,0,정상,
2026-05-12 20:35,2026-05-12 21:05,0.0007,OK,정상,0,0,0,0,정상,
2026-05-12 20:36,2026-05-12 21:06,0.0022,OK,정상,0,0,0,0,정상,
2026-05-12 20:37,2026-05-12 21:07,0.0012,OK,정상,0,1,0,0,정상,
2026-05-12 20:38,2026-05-12 21:08,0.0008,OK,정상,0,0,0,0,정상,
2026-05-12 20:39,2026-05-12 21:09,0.001,OK,정상,0,0,0,0,정상,
2026-05-12 20:40,2026-05-12 21:10,0.001,OK,정상,0,0,0,0,정상,
2026-05-12 20:41,2026-05-12 21:11,0.0011,OK,정상,0,1,0,0,정상,
2026-05-12 20:42,2026-05-12 21:12,0.0014,OK,정상,0,1,0,0,정상,
2026-05-12 20:43,2026-05-12 21:13,0.0014,OK,정상,0,0,0,0,정상,
2026-05-12 20:44,2026-05-12 21:14,0.0024,OK,정상,0,0,0,0,정상,
2026-05-12 20:45,2026-05-12 21:15,0.0015,OK,정상,0,0,0,0,정상,
2026-05-12 20:46,2026-05-12 21:16,0.001,OK,정상,0,0,0,0,정상,
2026-05-12 20:47,2026-05-12 21:17,0.0008,OK,정상,0,0,0,0,정상,
2026-05-12 20:48,2026-05-12 21:18,0.0012,OK,정상,0,0,0,0,정상,
2026-05-12 20:49,2026-05-12 21:19,0.0006,OK,정상,0,0,0,0,정상,
2026-05-12 20:50,2026-05-12 21:20,0.0009,OK,정상,0,0,0,0,정상,
2026-05-12 20:51,2026-05-12 21:21,0.001,OK,정상,0,0,0,0,정상,
2026-05-12 20:52,2026-05-12 21:22,0.0007,OK,정상,0,0,0,0,정상,
2026-05-12 20:53,2026-05-12 21:23,0.0007,OK,정상,0,0,0,0,정상,
2026-05-12 20:54,2026-05-12 21:24,0.0008,OK,정상,0,0,0,0,정상,
2026-05-12 20:55,2026-05-12 21:25,0.0008,OK,정상,0,0,0,0,정상,
2026-05-12 20:56,2026-05-12 21:26,0.001,OK,정상,0,0,0,0,정상,
2026-05-12 20:57,2026-05-12 21:27,0.0008,OK,정상,0,0,0,0,정상,
2026-05-12 20:58,2026-05-12 21:28,0.0008,OK,정상,0,0,0,0,정상,
2026-05-12 20:59,2026-05-12 21:29,0.0011,OK,정상,0,0,0,0,정상,
2026-05-12 21:00,2026-05-12 21:30,0.0007,OK,정상,0,0,0,0,정상,
2026-05-12 21:01,2026-05-12 21:31,0.0008,OK,정상,0,0,0,0,정상,
2026-05-12 21:02,2026-05-12 21:32,0.0006,OK,정상,0,0,0,0,정상,
2026-05-12 21:03,2026-05-12 21:33,0.0004,OK,정상,0,0,0,0,정상,
2026-05-12 21:04,2026-05-12 21:34,0.0006,OK,정상,0,0,0,0,정상,
2026-05-12 21:05,2026-05-12 21:35,0.0005,OK,정상,0,0,0,0,정상,
2026-05-12 21:06,2026-05-12 21:36,0.0005,OK,정상,0,0,0,0,정상,
2026-05-12 21:07,2026-05-12 21:37,0.0005,OK,정상,0,0,0,0,정상,
2026-05-12 21:08,2026-05-12 21:38,0.0006,OK,정상,0,0,0,0,정상,
2026-05-12 21:09,2026-05-12 21:39,0.0002,OK,정상,0,0,0,0,정상,
2026-05-12 21:10,2026-05-12 21:40,0.0008,OK,정상,0,0,0,0,정상,
2026-05-12 21:11,2026-05-12 21:41,0.0006,OK,정상,0,0,0,0,정상,
2026-05-12 21:12,2026-05-12 21:42,0.0007,OK,정상,0,0,0,0,정상,
2026-05-12 21:13,2026-05-12 21:43,0.0011,OK,정상,0,1,0,0,정상,
2026-05-12 21:14,2026-05-12 21:44,0.0006,OK,정상,0,0,0,0,정상,
2026-05-12 21:15,2026-05-12 21:45,0.0006,OK,정상,0,0,0,0,정상,
2026-05-12 21:16,2026-05-12 21:46,0.0005,OK,정상,0,0,0,0,정상,
2026-05-12 21:17,2026-05-12 21:47,0.0005,OK,정상,0,0,0,0,정상,
2026-05-12 21:18,2026-05-12 21:48,0.0005,OK,정상,0,0,0,0,정상,
2026-05-12 21:19,2026-05-12 21:49,0.0005,OK,정상,0,0,0,0,정상,
2026-05-12 21:20,2026-05-12 21:50,0.0006,OK,정상,0,0,0,0,정상,
2026-05-12 21:21,2026-05-12 21:51,0.0006,OK,정상,0,0,0,0,정상,
2026-05-12 21:22,2026-05-12 21:52,0.0008,OK,정상,0,0,0,0,정상,
2026-05-12 21:23,2026-05-12 21:53,0.0008,OK,정상,0,0,0,0,정상,
2026-05-12 21:24,2026-05-12 21:54,0.0014,OK,정상,0,0,0,0,정상,
2026-05-12 21:25,2026-05-12 21:55,0.0015,OK,정상,0,0,0,0,정상,
2026-05-12 21:26,2026-05-12 21:56,0.0012,OK,정상,0,0,0,0,정상,
2026-05-12 21:27,2026-05-12 21:57,0.0013,OK,정상,0,0,0,0,정상,
2026-05-12 21:28,2026-05-12 21:58,0.0011,OK,정상,0,0,0,0,정상,
2026-05-12 21:29,2026-05-12 21:59,0.0009,OK,정상,0,0,0,0,정상,
2026-05-12 21:30,2026-05-12 22:00,0.0013,OK,정상,0,0,0,0,정상,
2026-05-12 21:31,2026-05-12 22:01,0.0024,OK,정상,0,0,0,0,정상,
2026-05-12 21:32,2026-05-12 22:02,0.0035,OK,정상,0,0,0,0,정상,
2026-05-12 21:33,2026-05-12 22:03,0.0037,OK,정상,0,0,0,0,정상,
2026-05-12 21:34,2026-05-12 22:04,0.0022,OK,정상,0,0,0,0,정상,
2026-05-12 21:35,2026-05-12 22:05,0.0016,OK,정상,0,0,0,0,정상,
2026-05-12 21:36,2026-05-12 22:06,0.002,OK,정상,0,0,0,0,정상,
2026-05-12 21:37,2026-05-12 22:07,0.0024,OK,정상,0,0,0,0,정상,
2026-05-12 21:38,2026-05-12 22:08,0.0012,OK,정상,0,0,0,0,정상,
2026-05-12 21:39,2026-05-12 22:09,0.0013,OK,정상,0,0,0,0,정상,
2026-05-12 21:40,2026-05-12 22:10,0.0004,OK,정상,0,0,0,0,정상,
2026-05-12 21:41,2026-05-12 22:11,0.0004,OK,정상,0,0,0,0,정상,
2026-05-12 21:42,2026-05-12 22:12,0.0007,OK,정상,0,0,0,0,정상,
2026-05-12 21:43,2026-05-12 22:13,0.0007,OK,정상,0,0,0,0,정상,
2026-05-12 21:44,2026-05-12 22:14,0.0007,OK,정상,0,0,0,0,정상,
2026-05-12 21:45,2026-05-12 22:15,0.0007,OK,정상,0,0,0,0,정상,
2026-05-12 21:46,2026-05-12 22:16,0.001,OK,정상,0,0,0,0,정상,
2026-05-12 21:47,2026-05-12 22:17,0.0032,OK,정상,0,0,0,0,정상,
2026-05-12 21:48,2026-05-12 22:18,0.0013,OK,정상,0,0,0,0,정상,
2026-05-12 21:49,2026-05-12 22:19,0.0014,OK,정상,0,0,0,0,정상,
2026-05-12 21:50,2026-05-12 22:20,0.0012,OK,정상,0,0,0,0,정상,
2026-05-12 21:51,2026-05-12 22:21,0.0015,OK,정상,0,0,0,0,정상,
2026-05-12 21:52,2026-05-12 22:22,0.0012,OK,정상,0,0,0,0,정상,
2026-05-12 21:53,2026-05-12 22:23,0.0011,OK,정상,0,0,0,0,정상,
2026-05-12 21:54,2026-05-12 22:24,0.0009,OK,정상,0,0,0,0,정상,
2026-05-12 21:55,2026-05-12 22:25,0.0011,OK,정상,0,0,0,0,정상,
2026-05-12 21:56,2026-05-12 22:26,0.0056,OK,정상,0,0,0,0,정상,
2026-05-12 21:57,2026-05-12 22:27,0.0023,OK,정상,0,0,0,0,정상,
2026-05-12 21:58,2026-05-12 22:28,0.0006,OK,정상,0,0,0,0,정상,
2026-05-12 21:59,2026-05-12 22:29,0.0005,OK,정상,0,0,0,0,정상,
2026-05-12 22:00,2026-05-12 22:30,0.0006,OK,정상,0,0,0,0,정상,
2026-05-12 22:01,2026-05-12 22:31,0.0009,OK,정상,0,0,0,0,정상,
2026-05-12 22:02,2026-05-12 22:32,0.0006,OK,정상,0,0,0,0,정상,
2026-05-12 22:03,2026-05-12 22:33,0.0009,OK,정상,0,0,0,0,정상,
2026-05-12 22:04,2026-05-12 22:34,0.0008,OK,정상,0,0,0,0,정상,
2026-05-12 22:05,2026-05-12 22:35,0.0007,OK,정상,0,0,0,0,정상,
2026-05-12 22:06,2026-05-12 22:36,0.0011,OK,정상,0,0,0,0,정상,
2026-05-12 22:07,2026-05-12 22:37,0.0011,OK,정상,0,1,0,0,정상,
2026-05-12 22:08,2026-05-12 22:38,0.0024,OK,정상,0,1,0,0,정상,
2026-05-12 22:09,2026-05-12 22:39,0.0008,OK,정상,0,1,0,0,정상,
2026-05-12 22:10,2026-05-12 22:40,0.0007,OK,정상,0,1,0,0,정상,
2026-05-12 22:11,2026-05-12 22:41,0.0006,OK,정상,0,1,0,0,정상,
2026-05-12 22:12,2026-05-12 22:42,0.0007,OK,정상,0,1,0,0,정상,
2026-05-12 22:13,2026-05-12 22:43,0.0015,OK,정상,0,0,0,0,정상,
2026-05-12 22:14,2026-05-12 22:44,0.0007,OK,정상,0,1,0,0,정상,
2026-05-12 22:15,2026-05-12 22:45,0.0007,OK,정상,0,0,0,0,정상,
2026-05-12 22:16,2026-05-12 22:46,0.0008,OK,정상,0,0,0,0,정상,
2026-05-12 22:17,2026-05-12 22:47,0.0006,OK,정상,0,0,0,0,정상,
2026-05-12 22:18,2026-05-12 22:48,0.0006,OK,정상,0,0,0,0,정상,
2026-05-12 22:19,2026-05-12 22:49,0.0006,OK,정상,0,0,0,0,정상,
2026-05-12 22:20,2026-05-12 22:50,0.0005,OK,정상,0,0,0,0,정상,
2026-05-12 22:21,2026-05-12 22:51,0.0017,OK,정상,0,0,0,0,정상,
2026-05-12 22:22,2026-05-12 22:52,0.0008,OK,정상,0,0,0,0,정상,
2026-05-12 22:23,2026-05-12 22:53,0.0006,OK,정상,0,0,0,0,정상,
2026-05-12 22:24,2026-05-12 22:54,0.0007,OK,정상,0,0,0,0,정상,
2026-05-12 22:25,2026-05-12 22:55,0.0007,OK,정상,0,0,0,0,정상,
2026-05-12 22:26,2026-05-12 22:56,0.0011,OK,정상,0,0,0,0,정상,
2026-05-12 22:27,2026-05-12 22:57,0.0007,OK,정상,0,0,0,0,정상,
2026-05-12 22:28,2026-05-12 22:58,0.0004,OK,정상,0,0,0,0,정상,
2026-05-12 22:29,2026-05-12 22:59,0.0004,OK,정상,0,0,0,0,정상,
2026-05-12 22:30,2026-05-12 23:00,0.0023,OK,정상,0,0,0,0,정상,
2026-05-12 22:31,2026-05-12 23:01,0.0004,OK,정상,0,0,0,0,정상,
2026-05-12 22:32,2026-05-12 23:02,0.0004,OK,정상,0,0,0,0,정상,
2026-05-12 22:33,2026-05-12 23:03,0.0004,OK,정상,0,0,0,0,정상,
2026-05-12 22:34,2026-05-12 23:04,0.0004,OK,정상,0,0,0,0,정상,
2026-05-12 22:35,2026-05-12 23:05,0.0006,OK,정상,0,0,0,0,정상,
2026-05-12 22:36,2026-05-12 23:06,0.0014,OK,정상,0,0,0,0,정상,
2026-05-12 22:37,2026-05-12 23:07,0.0015,OK,정상,0,0,0,0,정상,
2026-05-12 22:38,2026-05-12 23:08,0.0006,OK,정상,0,0,0,0,정상,
2026-05-12 22:39,2026-05-12 23:09,0.0007,OK,정상,0,0,0,0,정상,
2026-05-12 22:40,2026-05-12 23:10,0.0002,OK,정상,0,0,0,0,정상,
2026-05-12 22:41,2026-05-12 23:11,0.0002,OK,정상,0,0,0,0,정상,
2026-05-12 22:42,2026-05-12 23:12,0.0001,OK,정상,0,0,0,0,정상,
2026-05-12 22:43,2026-05-12 23:13,0.0001,OK,정상,0,0,0,0,정상,
2026-05-12 22:44,2026-05-12 23:14,0.0001,OK,정상,0,0,0,0,정상,
2026-05-12 22:45,2026-05-12 23:15,0.0001,OK,정상,0,0,0,0,정상,
2026-05-12 22:46,2026-05-12 23:16,0.0003,OK,정상,0,0,0,0,정상,
2026-05-12 22:47,2026-05-12 23:17,0.0001,OK,정상,0,0,0,0,정상,
2026-05-12 22:48,2026-05-12 23:18,0.0004,OK,정상,0,0,0,0,정상,
2026-05-12 22:49,2026-05-12 23:19,0.0003,OK,정상,0,0,0,0,정상,
2026-05-12 22:50,2026-05-12 23:20,0.0004,OK,정상,0,0,0,0,정상,
2026-05-12 22:51,2026-05-12 23:21,0.0003,OK,정상,0,0,0,0,정상,
2026-05-12 22:52,2026-05-12 23:22,0.0003,OK,정상,0,0,0,0,정상,
2026-05-12 22:53,2026-05-12 23:23,0.0003,OK,정상,0,0,0,0,정상,
2026-05-12 22:54,2026-05-12 23:24,0.0003,OK,정상,0,0,0,0,정상,
2026-05-12 22:55,2026-05-12 23:25,0.0003,OK,정상,0,0,0,0,정상,
2026-05-12 22:56,2026-05-12 23:26,0.0006,OK,정상,0,0,0,0,정상,
2026-05-12 22:57,2026-05-12 23:27,0.0003,OK,정상,0,0,0,0,정상,
2026-05-12 22:58,2026-05-12 23:28,0.0003,OK,정상,0,0,0,0,정상,
2026-05-12 22:59,2026-05-12 23:29,0.0003,OK,정상,0,0,0,0,정상,
2026-05-12 23:00,2026-05-12 23:30,0.0005,OK,정상,0,0,0,0,정상,
2026-05-12 23:01,2026-05-12 23:31,0.001,OK,정상,0,0,0,0,정상,
2026-05-12 23:02,2026-05-12 23:32,0.0387,OK,정상,1,0,0,0,정상,
2026-05-12 23:03,2026-05-12 23:33,0.0235,OK,정상,1,0,0,0,정상,
2026-05-12 23:04,2026-05-12 23:34,0.0041,OK,정상,1,0,0,0,정상,
2026-05-12 23:05,2026-05-12 23:35,0.0065,OK,정상,1,0,0,0,정상,
2026-05-12 23:06,2026-05-12 23:36,0.0097,OK,정상,1,0,0,0,정상,
2026-05-12 23:07,2026-05-12 23:37,0.0047,OK,정상,1,0,0,0,정상,
2026-05-12 23:08,2026-05-12 23:38,0.0046,OK,정상,1,0,0,0,정상,
2026-05-12 23:09,2026-05-12 23:39,0.0108,OK,정상,1,0,0,0,정상,
2026-05-12 23:10,2026-05-12 23:40,0.0165,OK,정상,1,0,0,0,정상,
2026-05-12 23:11,2026-05-12 23:41,0.0083,OK,정상,1,0,0,0,정상,
2026-05-12 23:12,2026-05-12 23:42,0.006,OK,정상,1,0,0,0,정상,
2026-05-12 23:13,2026-05-12 23:43,0.0134,OK,정상,0,0,0,0,정상,
2026-05-12 23:14,2026-05-12 23:44,0.0253,OK,정상,0,0,0,0,정상,
2026-05-12 23:15,2026-05-12 23:45,0.0103,OK,정상,0,0,0,0,정상,
2026-05-12 23:16,2026-05-12 23:46,0.0245,OK,정상,1,0,0,0,정상,
2026-05-12 23:17,2026-05-12 23:47,0.0183,OK,정상,1,0,0,0,정상,
2026-05-12 23:18,2026-05-12 23:48,0.0304,OK,정상,1,0,0,0,정상,
2026-05-12 23:19,2026-05-12 23:49,0.0221,OK,정상,1,0,0,0,정상,
2026-05-12 23:20,2026-05-12 23:50,0.0241,OK,정상,1,0,0,0,정상,
2026-05-12 23:21,2026-05-12 23:51,0.0296,OK,정상,0,0,0,0,정상,
2026-05-12 23:22,2026-05-12 23:52,0.0303,OK,정상,1,0,0,0,정상,
2026-05-12 23:23,2026-05-12 23:53,0.0245,OK,정상,0,0,0,0,정상,
2026-05-12 23:24,2026-05-12 23:54,0.0179,OK,정상,0,0,0,0,정상,
2026-05-12 23:25,2026-05-12 23:55,0.0132,OK,정상,0,0,0,0,정상,
2026-05-12 23:26,2026-05-12 23:56,0.0307,OK,정상,1,0,0,0,정상,
2026-05-12 23:27,2026-05-12 23:57,0.0488,OK,정상,1,0,0,0,정상,
2026-05-12 23:28,2026-05-12 23:58,0.0694,OK,정상,1,0,0,0,정상,
2026-05-12 23:29,2026-05-12 23:59,0.3772,INFO,주의,1,0,0,0,정상,
2026-05-12 23:30,2026-05-13 0:00,0.4373,INFO,주의,1,0,0,0,정상,
2026-05-12 23:31,2026-05-13 0:01,0.3206,INFO,주의,1,0,0,0,정상,
2026-05-12 23:32,2026-05-13 0:02,0.2653,OK,정상,1,0,0,0,정상,
2026-05-12 23:33,2026-05-13 0:03,0.2048,OK,정상,1,0,0,0,정상,
2026-05-12 23:34,2026-05-13 0:04,0.1992,OK,정상,1,0,0,0,정상,
2026-05-12 23:35,2026-05-13 0:05,0.1194,OK,정상,1,0,0,0,정상,
2026-05-12 23:36,2026-05-13 0:06,0.159,OK,정상,1,1,0,0,정상,
2026-05-12 23:37,2026-05-13 0:07,0.1956,OK,정상,1,0,0,0,정상,
2026-05-12 23:38,2026-05-13 0:08,0.2035,OK,정상,1,1,0,0,정상,
2026-05-12 23:39,2026-05-13 0:09,0.3382,INFO,주의,1,1,0,0,정상,
2026-05-12 23:40,2026-05-13 0:10,0.3444,INFO,주의,1,1,0,0,정상,
2026-05-12 23:41,2026-05-13 0:11,0.2163,OK,정상,1,1,0,0,정상,
2026-05-12 23:42,2026-05-13 0:12,0.2514,OK,정상,1,1,0,0,정상,
2026-05-12 23:43,2026-05-13 0:13,0.5544,INFO,주의,1,1,0,0,정상,
2026-05-12 23:44,2026-05-13 0:14,0.396,INFO,주의,1,1,0,0,정상,
2026-05-12 23:45,2026-05-13 0:15,0.8857,CRITICAL,위험,1,1,0,0,정상,
2026-05-12 23:46,2026-05-13 0:16,0.2188,OK,정상,1,1,0,0,정상,
2026-05-12 23:47,2026-05-13 0:17,0.5064,INFO,주의,1,1,0,0,정상,
2026-05-12 23:48,2026-05-13 0:18,0.4312,INFO,주의,1,1,0,0,정상,
2026-05-12 23:49,2026-05-13 0:19,0.403,INFO,주의,1,1,0,0,정상,
2026-05-12 23:50,2026-05-13 0:20,0.3884,INFO,주의,1,1,0,0,정상,
2026-05-12 23:51,2026-05-13 0:21,0.3077,INFO,주의,1,1,0,0,정상,
2026-05-12 23:52,2026-05-13 0:22,0.3208,INFO,주의,1,1,0,0,정상,
2026-05-12 23:53,2026-05-13 0:23,0.3069,INFO,주의,1,1,0,0,정상,
2026-05-12 23:54,2026-05-13 0:24,0.1653,OK,정상,1,1,0,0,정상,
2026-05-12 23:55,2026-05-13 0:25,0.313,INFO,주의,1,1,0,0,정상,
2026-05-12 23:56,2026-05-13 0:26,0.5751,INFO,주의,1,1,0,0,정상,
2026-05-12 23:57,2026-05-13 0:27,0.4851,INFO,주의,1,1,0,0,정상,
2026-05-12 23:58,2026-05-13 0:28,0.3777,INFO,주의,1,1,0,0,정상,
2026-05-12 23:59,2026-05-13 0:29,0.6546,INFO,주의,1,1,0,0,정상,
2026-05-13 0:00,2026-05-13 0:30,0.7762,WARNING,경보,1,1,0,0,정상,
2026-05-13 0:01,2026-05-13 0:31,0.741,WARNING,경보,1,1,0,0,정상,
2026-05-13 0:02,2026-05-13 0:32,0.6686,INFO,주의,1,0,0,0,정상,
2026-05-13 0:03,2026-05-13 0:33,0.8074,WARNING,경보,1,0,0,0,정상,
2026-05-13 0:04,2026-05-13 0:34,0.8446,WARNING,경보,1,0,0,0,정상,
2026-05-13 0:05,2026-05-13 0:35,0.8068,WARNING,경보,1,0,0,0,정상,
2026-05-13 0:06,2026-05-13 0:36,0.5757,INFO,주의,1,0,0,0,정상,
2026-05-13 0:07,2026-05-13 0:37,0.4044,INFO,주의,1,0,0,0,정상,
2026-05-13 0:08,2026-05-13 0:38,0.2996,OK,정상,1,0,0,0,정상,
2026-05-13 0:09,2026-05-13 0:39,0.2804,OK,정상,1,0,0,0,정상,
2026-05-13 0:10,2026-05-13 0:40,0.3573,INFO,주의,1,0,0,0,정상,
2026-05-13 0:11,2026-05-13 0:41,0.5328,INFO,주의,1,0,0,0,정상,
2026-05-13 0:12,2026-05-13 0:42,0.6256,INFO,주의,1,0,0,0,정상,
2026-05-13 0:13,2026-05-13 0:43,0.4362,INFO,주의,1,0,0,0,정상,
2026-05-13 0:14,2026-05-13 0:44,0.5639,INFO,주의,1,0,0,0,정상,
2026-05-13 0:15,2026-05-13 0:45,0.5972,INFO,주의,1,0,1,0,정상,
2026-05-13 0:16,2026-05-13 0:46,0.4392,INFO,주의,1,0,0,0,정상,
2026-05-13 0:17,2026-05-13 0:47,0.5139,INFO,주의,1,0,0,0,정상,
2026-05-13 0:18,2026-05-13 0:48,0.3357,INFO,주의,1,0,0,0,정상,
2026-05-13 0:19,2026-05-13 0:49,0.2157,OK,정상,1,0,0,0,정상,
2026-05-13 0:20,2026-05-13 0:50,0.1921,OK,정상,1,0,0,0,정상,
2026-05-13 0:21,2026-05-13 0:51,0.2162,OK,정상,1,0,0,0,정상,
2026-05-13 0:22,2026-05-13 0:52,0.1317,OK,정상,1,0,0,0,정상,
2026-05-13 0:23,2026-05-13 0:53,0.0924,OK,정상,1,0,0,0,정상,
2026-05-13 0:24,2026-05-13 0:54,0.1262,OK,정상,1,0,0,0,정상,
2026-05-13 0:25,2026-05-13 0:55,0.1426,OK,정상,1,0,0,0,정상,
2026-05-13 0:26,2026-05-13 0:56,0.0521,OK,정상,1,1,0,0,정상,
2026-05-13 0:27,2026-05-13 0:57,0.1367,OK,정상,1,1,0,0,정상,
2026-05-13 0:28,2026-05-13 0:58,0.1367,OK,정상,1,1,0,0,정상,
2026-05-13 0:29,2026-05-13 0:59,0.0576,OK,정상,1,1,0,0,정상,
2026-05-13 0:30,2026-05-13 1:00,0.1204,OK,정상,1,1,0,0,정상,
2026-05-13 0:31,2026-05-13 1:01,0.0448,OK,정상,1,1,0,0,정상,
2026-05-13 0:32,2026-05-13 1:02,0.0402,OK,정상,1,1,0,0,정상,
2026-05-13 0:33,2026-05-13 1:03,0.0417,OK,정상,1,1,0,0,정상,
2026-05-13 0:34,2026-05-13 1:04,0.0379,OK,정상,1,1,0,0,정상,
2026-05-13 0:35,2026-05-13 1:05,0.074,OK,정상,1,0,0,0,정상,
2026-05-13 0:36,2026-05-13 1:06,0.0625,OK,정상,1,0,0,0,정상,
2026-05-13 0:37,2026-05-13 1:07,0.0566,OK,정상,1,0,0,0,정상,
2026-05-13 0:38,2026-05-13 1:08,0.0875,OK,정상,1,0,0,0,정상,
2026-05-13 0:39,2026-05-13 1:09,0.0411,OK,정상,1,0,0,0,정상,
2026-05-13 0:40,2026-05-13 1:10,0.0292,OK,정상,0,0,0,0,정상,
2026-05-13 0:41,2026-05-13 1:11,0.0306,OK,정상,0,0,0,0,정상,
2026-05-13 0:42,2026-05-13 1:12,0.0393,OK,정상,0,0,0,0,정상,
2026-05-13 0:43,2026-05-13 1:13,0.0245,OK,정상,0,0,0,0,정상,
2026-05-13 0:44,2026-05-13 1:14,0.0419,OK,정상,0,0,0,0,정상,
2026-05-13 0:45,2026-05-13 1:15,0.0392,OK,정상,1,0,0,0,정상,
2026-05-13 0:46,2026-05-13 1:16,0.0314,OK,정상,1,0,0,0,정상,
2026-05-13 0:47,2026-05-13 1:17,0.0382,OK,정상,0,0,0,0,정상,
2026-05-13 0:48,2026-05-13 1:18,0.0493,OK,정상,0,0,0,0,정상,
2026-05-13 0:49,2026-05-13 1:19,0.0627,OK,정상,0,0,0,0,정상,
2026-05-13 0:50,2026-05-13 1:20,0.0818,OK,정상,0,0,0,0,정상,
2026-05-13 0:51,2026-05-13 1:21,0.0625,OK,정상,0,0,0,0,정상,
2026-05-13 0:52,2026-05-13 1:22,0.0139,OK,정상,0,0,0,0,정상,
2026-05-13 0:53,2026-05-13 1:23,0.0206,OK,정상,0,0,0,0,정상,
2026-05-13 0:54,2026-05-13 1:24,0.0092,OK,정상,0,0,0,0,정상,
2026-05-13 0:55,2026-05-13 1:25,0.0057,OK,정상,0,0,0,0,정상,
2026-05-13 0:56,2026-05-13 1:26,0.0049,OK,정상,0,0,0,0,정상,
2026-05-13 0:57,2026-05-13 1:27,0.0051,OK,정상,0,0,0,0,정상,
2026-05-13 0:58,2026-05-13 1:28,0.0025,OK,정상,0,0,0,0,정상,
2026-05-13 0:59,2026-05-13 1:29,0.0026,OK,정상,0,0,0,0,정상,
2026-05-13 1:00,2026-05-13 1:30,0.0025,OK,정상,0,0,0,0,정상,
2026-05-13 1:01,2026-05-13 1:31,0.0025,OK,정상,0,0,0,0,정상,
2026-05-13 1:02,2026-05-13 1:32,0.0024,OK,정상,0,0,0,0,정상,
2026-05-13 1:03,2026-05-13 1:33,0.0027,OK,정상,0,0,0,0,정상,
2026-05-13 1:04,2026-05-13 1:34,0.0016,OK,정상,0,0,0,0,정상,
2026-05-13 1:05,2026-05-13 1:35,0.0035,OK,정상,0,0,0,0,정상,
2026-05-13 1:06,2026-05-13 1:36,0.0039,OK,정상,0,0,0,0,정상,
2026-05-13 1:07,2026-05-13 1:37,0.0021,OK,정상,0,0,0,0,정상,
2026-05-13 1:08,2026-05-13 1:38,0.0024,OK,정상,0,0,0,0,정상,
2026-05-13 1:09,2026-05-13 1:39,0.0021,OK,정상,0,0,0,0,정상,
2026-05-13 1:10,2026-05-13 1:40,0.0022,OK,정상,0,0,0,0,정상,
2026-05-13 1:11,2026-05-13 1:41,0.0022,OK,정상,0,0,0,0,정상,
2026-05-13 1:12,2026-05-13 1:42,0.0045,OK,정상,0,0,0,0,정상,
2026-05-13 1:13,2026-05-13 1:43,0.0028,OK,정상,0,0,0,0,정상,
2026-05-13 1:14,2026-05-13 1:44,0.0022,OK,정상,0,0,0,0,정상,
2026-05-13 1:15,2026-05-13 1:45,0.0011,OK,정상,0,0,0,0,정상,
2026-05-13 1:16,2026-05-13 1:46,0.0013,OK,정상,0,0,0,0,정상,
2026-05-13 1:17,2026-05-13 1:47,0.0014,OK,정상,0,0,0,0,정상,
2026-05-13 1:18,2026-05-13 1:48,0.0027,OK,정상,0,0,0,0,정상,
2026-05-13 1:19,2026-05-13 1:49,0.002,OK,정상,0,0,0,0,정상,
2026-05-13 1:20,2026-05-13 1:50,0.0005,OK,정상,0,0,0,0,정상,
2026-05-13 1:21,2026-05-13 1:51,0.0011,OK,정상,0,0,0,0,정상,
2026-05-13 1:22,2026-05-13 1:52,0.0007,OK,정상,0,0,0,0,정상,
2026-05-13 1:23,2026-05-13 1:53,0.0009,OK,정상,0,0,0,0,정상,
2026-05-13 1:24,2026-05-13 1:54,0.002,OK,정상,0,0,0,0,정상,
2026-05-13 1:25,2026-05-13 1:55,0.0019,OK,정상,0,0,0,0,정상,
2026-05-13 1:26,2026-05-13 1:56,0.0017,OK,정상,0,0,0,0,정상,
2026-05-13 1:27,2026-05-13 1:57,0.0019,OK,정상,0,0,0,0,정상,
2026-05-13 1:28,2026-05-13 1:58,0.0013,OK,정상,0,0,0,0,정상,
2026-05-13 1:29,2026-05-13 1:59,0.0015,OK,정상,0,0,0,0,정상,
2026-05-13 1:30,2026-05-13 2:00,0.0012,OK,정상,0,0,0,0,정상,
2026-05-13 1:31,2026-05-13 2:01,0.0012,OK,정상,0,0,0,0,정상,
2026-05-13 1:32,2026-05-13 2:02,0.0011,OK,정상,0,0,0,0,정상,
2026-05-13 1:33,2026-05-13 2:03,0.0009,OK,정상,0,0,0,0,정상,
2026-05-13 1:34,2026-05-13 2:04,0.0011,OK,정상,0,0,0,0,정상,
2026-05-13 1:35,2026-05-13 2:05,0.0017,OK,정상,0,0,0,0,정상,
2026-05-13 1:36,2026-05-13 2:06,0.0018,OK,정상,0,0,0,0,정상,
2026-05-13 1:37,2026-05-13 2:07,0.002,OK,정상,0,0,0,0,정상,
2026-05-13 1:38,2026-05-13 2:08,0.0023,OK,정상,0,0,0,0,정상,
2026-05-13 1:39,2026-05-13 2:09,0.002,OK,정상,0,0,0,0,정상,
2026-05-13 1:40,2026-05-13 2:10,0.0023,OK,정상,0,0,0,0,정상,
2026-05-13 1:41,2026-05-13 2:11,0.0025,OK,정상,0,0,0,0,정상,
2026-05-13 1:42,2026-05-13 2:12,0.0024,OK,정상,0,0,0,0,정상,
2026-05-13 1:43,2026-05-13 2:13,0.0025,OK,정상,0,0,0,0,정상,
2026-05-13 1:44,2026-05-13 2:14,0.0026,OK,정상,0,0,0,0,정상,
2026-05-13 1:45,2026-05-13 2:15,0.0027,OK,정상,0,0,0,0,정상,
2026-05-13 1:46,2026-05-13 2:16,0.0021,OK,정상,0,0,0,0,정상,
2026-05-13 1:47,2026-05-13 2:17,0.0019,OK,정상,0,0,0,0,정상,
2026-05-13 1:48,2026-05-13 2:18,0.0029,OK,정상,0,0,0,0,정상,
2026-05-13 1:49,2026-05-13 2:19,0.0022,OK,정상,0,0,0,0,정상,
2026-05-13 1:50,2026-05-13 2:20,0.0022,OK,정상,0,0,0,0,정상,
2026-05-13 1:51,2026-05-13 2:21,0.0021,OK,정상,0,0,0,0,정상,
2026-05-13 1:52,2026-05-13 2:22,0.0024,OK,정상,0,0,0,0,정상,
2026-05-13 1:53,2026-05-13 2:23,0.0032,OK,정상,0,0,0,0,정상,
2026-05-13 1:54,2026-05-13 2:24,0.0018,OK,정상,0,0,0,0,정상,
2026-05-13 1:55,2026-05-13 2:25,0.0029,OK,정상,0,0,0,0,정상,
2026-05-13 1:56,2026-05-13 2:26,0.0008,OK,정상,0,0,0,0,정상,
2026-05-13 1:57,2026-05-13 2:27,0.0009,OK,정상,0,0,0,0,정상,
2026-05-13 1:58,2026-05-13 2:28,0.0008,OK,정상,0,0,0,0,정상,
2026-05-13 1:59,2026-05-13 2:29,0.0007,OK,정상,0,0,0,0,정상,
2026-05-13 2:00,2026-05-13 2:30,0.001,OK,정상,0,0,0,0,정상,
2026-05-13 2:01,2026-05-13 2:31,0.0008,OK,정상,0,0,0,0,정상,
2026-05-13 2:02,2026-05-13 2:32,0.0017,OK,정상,0,0,0,0,정상,
2026-05-13 2:03,2026-05-13 2:33,0.0011,OK,정상,0,0,0,0,정상,
2026-05-13 2:04,2026-05-13 2:34,0.0011,OK,정상,0,0,0,0,정상,
2026-05-13 2:05,2026-05-13 2:35,0.0007,OK,정상,0,0,0,0,정상,
2026-05-13 2:06,2026-05-13 2:36,0.001,OK,정상,0,0,0,0,정상,
2026-05-13 2:07,2026-05-13 2:37,0.0009,OK,정상,0,0,0,0,정상,
2026-05-13 2:08,2026-05-13 2:38,0.0013,OK,정상,0,0,0,0,정상,
2026-05-13 2:09,2026-05-13 2:39,0.0014,OK,정상,0,0,0,0,정상,
2026-05-13 2:10,2026-05-13 2:40,0.002,OK,정상,0,0,0,0,정상,
2026-05-13 2:11,2026-05-13 2:41,0.0019,OK,정상,0,0,0,0,정상,
2026-05-13 2:12,2026-05-13 2:42,0.0015,OK,정상,0,0,0,0,정상,
2026-05-13 2:13,2026-05-13 2:43,0.0014,OK,정상,0,0,0,0,정상,
2026-05-13 2:14,2026-05-13 2:44,0.0015,OK,정상,0,0,0,0,정상,
2026-05-13 2:15,2026-05-13 2:45,0.0014,OK,정상,0,0,0,0,정상,
2026-05-13 2:16,2026-05-13 2:46,0.0019,OK,정상,0,0,0,0,정상,
2026-05-13 2:17,2026-05-13 2:47,0.0016,OK,정상,0,0,0,0,정상,
2026-05-13 2:18,2026-05-13 2:48,0.0015,OK,정상,0,0,0,0,정상,
2026-05-13 2:19,2026-05-13 2:49,0.0008,OK,정상,0,0,0,0,정상,
2026-05-13 2:20,2026-05-13 2:50,0.0016,OK,정상,0,0,0,0,정상,
2026-05-13 2:21,2026-05-13 2:51,0.0015,OK,정상,0,0,0,0,정상,
2026-05-13 2:22,2026-05-13 2:52,0.0015,OK,정상,0,0,0,0,정상,
2026-05-13 2:23,2026-05-13 2:53,0.0006,OK,정상,0,0,0,0,정상,
2026-05-13 2:24,2026-05-13 2:54,0.0006,OK,정상,0,0,0,0,정상,
2026-05-13 2:25,2026-05-13 2:55,0.0003,OK,정상,0,0,0,0,정상,
2026-05-13 2:26,2026-05-13 2:56,0.0006,OK,정상,0,0,0,0,정상,
2026-05-13 2:27,2026-05-13 2:57,0.0006,OK,정상,0,0,0,0,정상,
2026-05-13 2:28,2026-05-13 2:58,0.0023,OK,정상,0,0,0,0,정상,
2026-05-13 2:29,2026-05-13 2:59,0.0005,OK,정상,0,0,0,0,정상,
2026-05-13 2:30,2026-05-13 3:00,0.0006,OK,정상,0,0,0,0,정상,
2026-05-13 2:31,2026-05-13 3:01,0.0007,OK,정상,0,0,0,0,정상,
2026-05-13 2:32,2026-05-13 3:02,0.0007,OK,정상,0,0,0,0,정상,
2026-05-13 2:33,2026-05-13 3:03,0.0008,OK,정상,0,0,0,0,정상,
2026-05-13 2:34,2026-05-13 3:04,0.0013,OK,정상,0,0,0,0,정상,
2026-05-13 2:35,2026-05-13 3:05,0.0009,OK,정상,0,0,0,0,정상,
2026-05-13 2:36,2026-05-13 3:06,0.0009,OK,정상,0,0,0,0,정상,
2026-05-13 2:37,2026-05-13 3:07,0.0009,OK,정상,0,0,0,0,정상,
2026-05-13 2:38,2026-05-13 3:08,0.0013,OK,정상,0,0,0,0,정상,
2026-05-13 2:39,2026-05-13 3:09,0.0009,OK,정상,0,0,0,0,정상,
2026-05-13 2:40,2026-05-13 3:10,0.0035,OK,정상,0,1,0,0,정상,
2026-05-13 2:41,2026-05-13 3:11,0.0013,OK,정상,0,0,0,0,정상,
2026-05-13 2:42,2026-05-13 3:12,0.0014,OK,정상,0,0,0,0,정상,
2026-05-13 2:43,2026-05-13 3:13,0.0014,OK,정상,0,0,0,0,정상,
2026-05-13 2:44,2026-05-13 3:14,0.0013,OK,정상,0,0,0,0,정상,
2026-05-13 2:45,2026-05-13 3:15,0.0008,OK,정상,0,0,0,0,정상,
2026-05-13 2:46,2026-05-13 3:16,0.0011,OK,정상,0,0,0,0,정상,
2026-05-13 2:47,2026-05-13 3:17,0.001,OK,정상,0,1,0,0,정상,
2026-05-13 2:48,2026-05-13 3:18,0.0016,OK,정상,0,0,0,0,정상,
2026-05-13 2:49,2026-05-13 3:19,0.0011,OK,정상,0,0,0,0,정상,
2026-05-13 2:50,2026-05-13 3:20,0.0009,OK,정상,0,0,0,0,정상,
2026-05-13 2:51,2026-05-13 3:21,0.0011,OK,정상,0,0,0,0,정상,
2026-05-13 2:52,2026-05-13 3:22,0.0014,OK,정상,0,0,0,0,정상,
2026-05-13 2:53,2026-05-13 3:23,0.0042,OK,정상,0,0,0,0,정상,
2026-05-13 2:54,2026-05-13 3:24,0.0009,OK,정상,0,0,0,0,정상,
2026-05-13 2:55,2026-05-13 3:25,0.0012,OK,정상,0,0,0,0,정상,
2026-05-13 2:56,2026-05-13 3:26,0.0011,OK,정상,0,0,0,0,정상,
2026-05-13 2:57,2026-05-13 3:27,0.0013,OK,정상,0,0,0,0,정상,
2026-05-13 2:58,2026-05-13 3:28,0.004,OK,정상,0,0,0,0,정상,
2026-05-13 2:59,2026-05-13 3:29,0.0013,OK,정상,0,0,0,0,정상,
2026-05-13 3:00,2026-05-13 3:30,0.0035,OK,정상,0,0,0,0,정상,
2026-05-13 3:01,2026-05-13 3:31,0.0012,OK,정상,0,0,0,0,정상,
2026-05-13 3:02,2026-05-13 3:32,0.0007,OK,정상,0,0,0,0,정상,
2026-05-13 3:03,2026-05-13 3:33,0.0007,OK,정상,0,0,0,0,정상,
2026-05-13 3:04,2026-05-13 3:34,0.0013,OK,정상,0,0,0,0,정상,
2026-05-13 3:05,2026-05-13 3:35,0.001,OK,정상,0,0,0,0,정상,
2026-05-13 3:06,2026-05-13 3:36,0.0061,OK,정상,0,0,0,0,정상,
2026-05-13 3:07,2026-05-13 3:37,0.0066,OK,정상,0,0,0,0,정상,
2026-05-13 3:08,2026-05-13 3:38,0.001,OK,정상,0,0,0,0,정상,
2026-05-13 3:09,2026-05-13 3:39,0.0011,OK,정상,0,0,0,0,정상,
2026-05-13 3:10,2026-05-13 3:40,0.0007,OK,정상,0,0,0,0,정상,
2026-05-13 3:11,2026-05-13 3:41,0.0033,OK,정상,0,0,0,0,정상,
2026-05-13 3:12,2026-05-13 3:42,0.0046,OK,정상,0,0,0,0,정상,
2026-05-13 3:13,2026-05-13 3:43,0.008,OK,정상,1,0,0,0,정상,
2026-05-13 3:14,2026-05-13 3:44,0.0051,OK,정상,0,0,0,0,정상,
2026-05-13 3:15,2026-05-13 3:45,0.0008,OK,정상,0,0,0,0,정상,
2026-05-13 3:16,2026-05-13 3:46,0.001,OK,정상,0,0,0,0,정상,
2026-05-13 3:17,2026-05-13 3:47,0.0043,OK,정상,0,0,0,0,정상,
2026-05-13 3:18,2026-05-13 3:48,0.0061,OK,정상,0,0,0,0,정상,
2026-05-13 3:19,2026-05-13 3:49,0.001,OK,정상,0,0,0,0,정상,
2026-05-13 3:20,2026-05-13 3:50,0.0028,OK,정상,0,0,0,0,정상,
2026-05-13 3:21,2026-05-13 3:51,0.0005,OK,정상,1,0,0,0,정상,
2026-05-13 3:22,2026-05-13 3:52,0.0045,OK,정상,1,0,0,0,정상,
2026-05-13 3:23,2026-05-13 3:53,0.0006,OK,정상,1,0,0,0,정상,
2026-05-13 3:24,2026-05-13 3:54,0.0005,OK,정상,1,0,0,0,정상,
2026-05-13 3:25,2026-05-13 3:55,0.0004,OK,정상,1,0,0,0,정상,
2026-05-13 3:26,2026-05-13 3:56,0.0074,OK,정상,1,0,0,0,정상,
2026-05-13 3:27,2026-05-13 3:57,0.0005,OK,정상,0,0,0,0,정상,
2026-05-13 3:28,2026-05-13 3:58,0.0005,OK,정상,0,0,0,0,정상,
2026-05-13 3:29,2026-05-13 3:59,0.0005,OK,정상,0,0,0,0,정상,
2026-05-13 3:30,2026-05-13 4:00,0.0005,OK,정상,0,0,0,0,정상,
2026-05-13 3:31,2026-05-13 4:01,0.0005,OK,정상,0,0,0,0,정상,
2026-05-13 3:32,2026-05-13 4:02,0.0005,OK,정상,0,1,0,0,정상,
2026-05-13 3:33,2026-05-13 4:03,0.0005,OK,정상,0,0,0,0,정상,
2026-05-13 3:34,2026-05-13 4:04,0.0004,OK,정상,0,0,0,0,정상,
2026-05-13 3:35,2026-05-13 4:05,0.0017,OK,정상,0,0,0,0,정상,
2026-05-13 3:36,2026-05-13 4:06,0.0007,OK,정상,0,0,0,0,정상,
2026-05-13 3:37,2026-05-13 4:07,0.0007,OK,정상,0,0,0,0,정상,
2026-05-13 3:38,2026-05-13 4:08,0.0014,OK,정상,0,0,0,0,정상,
2026-05-13 3:39,2026-05-13 4:09,0.0015,OK,정상,0,0,0,0,정상,
2026-05-13 3:40,2026-05-13 4:10,0.0017,OK,정상,0,0,0,0,정상,
2026-05-13 3:41,2026-05-13 4:11,0.0011,OK,정상,0,0,0,0,정상,
2026-05-13 3:42,2026-05-13 4:12,0.0014,OK,정상,0,0,0,0,정상,
2026-05-13 3:43,2026-05-13 4:13,0.0009,OK,정상,0,0,0,0,정상,
2026-05-13 3:44,2026-05-13 4:14,0.0011,OK,정상,0,0,0,0,정상,
2026-05-13 3:45,2026-05-13 4:15,0.0021,OK,정상,0,0,0,0,정상,
2026-05-13 3:46,2026-05-13 4:16,0.0025,OK,정상,0,0,0,0,정상,
2026-05-13 3:47,2026-05-13 4:17,0.0032,OK,정상,0,0,0,0,정상,
2026-05-13 3:48,2026-05-13 4:18,0.0044,OK,정상,0,0,0,0,정상,
2026-05-13 3:49,2026-05-13 4:19,0.0054,OK,정상,0,0,0,0,정상,
2026-05-13 3:50,2026-05-13 4:20,0.0014,OK,정상,0,0,0,0,정상,
2026-05-13 3:51,2026-05-13 4:21,0.0016,OK,정상,0,0,0,0,정상,
2026-05-13 3:52,2026-05-13 4:22,0.0027,OK,정상,0,0,0,0,정상,
2026-05-13 3:53,2026-05-13 4:23,0.0026,OK,정상,0,0,0,0,정상,
2026-05-13 3:54,2026-05-13 4:24,0.0023,OK,정상,0,0,0,0,정상,
2026-05-13 3:55,2026-05-13 4:25,0.0017,OK,정상,0,0,0,0,정상,
2026-05-13 3:56,2026-05-13 4:26,0.0015,OK,정상,0,0,0,0,정상,
2026-05-13 3:57,2026-05-13 4:27,0.0022,OK,정상,0,0,0,0,정상,
2026-05-13 3:58,2026-05-13 4:28,0.0025,OK,정상,0,0,0,0,정상,
2026-05-13 3:59,2026-05-13 4:29,0.0027,OK,정상,0,0,0,0,정상,
2026-05-13 4:00,2026-05-13 4:30,0.0014,OK,정상,0,0,0,0,정상,
2026-05-13 4:01,2026-05-13 4:31,0.0016,OK,정상,0,0,0,0,정상,
2026-05-13 4:02,2026-05-13 4:32,0.0014,OK,정상,0,0,0,0,정상,
2026-05-13 4:03,2026-05-13 4:33,0.0014,OK,정상,0,0,0,0,정상,
2026-05-13 4:04,2026-05-13 4:34,0.0009,OK,정상,0,0,0,0,정상,
2026-05-13 4:05,2026-05-13 4:35,0.001,OK,정상,0,0,0,0,정상,
2026-05-13 4:06,2026-05-13 4:36,0.0008,OK,정상,0,0,0,0,정상,
2026-05-13 4:07,2026-05-13 4:37,0.0006,OK,정상,0,0,0,0,정상,
2026-05-13 4:08,2026-05-13 4:38,0.0011,OK,정상,0,0,0,0,정상,
2026-05-13 4:09,2026-05-13 4:39,0.0008,OK,정상,0,0,0,0,정상,
2026-05-13 4:10,2026-05-13 4:40,0.0044,OK,정상,0,0,0,0,정상,
2026-05-13 4:11,2026-05-13 4:41,0.0034,OK,정상,0,0,0,0,정상,
2026-05-13 4:12,2026-05-13 4:42,0.0036,OK,정상,0,0,0,0,정상,
2026-05-13 4:13,2026-05-13 4:43,0.0105,OK,정상,0,0,0,0,정상,
2026-05-13 4:14,2026-05-13 4:44,0.0103,OK,정상,0,0,0,0,정상,
2026-05-13 4:15,2026-05-13 4:45,0.011,OK,정상,0,0,0,0,정상,
2026-05-13 4:16,2026-05-13 4:46,0.0071,OK,정상,0,0,0,0,정상,
2026-05-13 4:17,2026-05-13 4:47,0.0082,OK,정상,0,0,0,0,정상,
2026-05-13 4:18,2026-05-13 4:48,0.0055,OK,정상,0,0,0,0,정상,
2026-05-13 4:19,2026-05-13 4:49,0.004,OK,정상,0,0,0,0,정상,
2026-05-13 4:20,2026-05-13 4:50,0.0039,OK,정상,0,0,0,0,정상,
2026-05-13 4:21,2026-05-13 4:51,0.0044,OK,정상,0,0,0,0,정상,
2026-05-13 4:22,2026-05-13 4:52,0.0036,OK,정상,0,0,0,0,정상,
2026-05-13 4:23,2026-05-13 4:53,0.0064,OK,정상,0,0,0,0,정상,
2026-05-13 4:24,2026-05-13 4:54,0.004,OK,정상,0,0,0,0,정상,
2026-05-13 4:25,2026-05-13 4:55,0.0027,OK,정상,0,0,0,0,정상,
2026-05-13 4:26,2026-05-13 4:56,0.0067,OK,정상,0,0,0,0,정상,
2026-05-13 4:27,2026-05-13 4:57,0.0031,OK,정상,0,0,0,0,정상,
2026-05-13 4:28,2026-05-13 4:58,0.0029,OK,정상,0,0,0,0,정상,
2026-05-13 4:29,2026-05-13 4:59,0.0028,OK,정상,0,0,0,0,정상,
2026-05-13 4:30,2026-05-13 5:00,0.0033,OK,정상,0,0,0,0,정상,
2026-05-13 4:31,2026-05-13 5:01,0.0044,OK,정상,0,0,0,0,정상,
2026-05-13 4:32,2026-05-13 5:02,0.003,OK,정상,0,0,0,0,정상,
2026-05-13 4:33,2026-05-13 5:03,0.0044,OK,정상,0,0,0,0,정상,
2026-05-13 4:34,2026-05-13 5:04,0.0029,OK,정상,0,0,0,0,정상,
2026-05-13 4:35,2026-05-13 5:05,0.0029,OK,정상,0,0,0,0,정상,
2026-05-13 4:36,2026-05-13 5:06,0.0025,OK,정상,0,0,0,0,정상,
2026-05-13 4:37,2026-05-13 5:07,0.0025,OK,정상,0,0,0,0,정상,
2026-05-13 4:38,2026-05-13 5:08,0.0018,OK,정상,0,0,0,0,정상,
2026-05-13 4:39,2026-05-13 5:09,0.0012,OK,정상,0,0,0,0,정상,
2026-05-13 4:40,2026-05-13 5:10,0.0013,OK,정상,0,0,0,0,정상,
2026-05-13 4:41,2026-05-13 5:11,0.0016,OK,정상,0,0,0,0,정상,
2026-05-13 4:42,2026-05-13 5:12,0.0064,OK,정상,0,0,0,0,정상,
2026-05-13 4:43,2026-05-13 5:13,0.0014,OK,정상,0,0,0,0,정상,
2026-05-13 4:44,2026-05-13 5:14,0.0018,OK,정상,0,0,0,0,정상,
2026-05-13 4:45,2026-05-13 5:15,0.0018,OK,정상,0,0,0,0,정상,
2026-05-13 4:46,2026-05-13 5:16,0.0027,OK,정상,0,0,0,0,정상,
2026-05-13 4:47,2026-05-13 5:17,0.0017,OK,정상,0,0,0,0,정상,
2026-05-13 4:48,2026-05-13 5:18,0.002,OK,정상,0,0,0,0,정상,
2026-05-13 4:49,2026-05-13 5:19,0.0021,OK,정상,0,0,0,0,정상,
2026-05-13 4:50,2026-05-13 5:20,0.0016,OK,정상,0,0,0,0,정상,
2026-05-13 4:51,2026-05-13 5:21,0.0019,OK,정상,0,0,0,0,정상,
2026-05-13 4:52,2026-05-13 5:22,0.002,OK,정상,0,0,0,0,정상,
2026-05-13 4:53,2026-05-13 5:23,0.0022,OK,정상,0,0,0,0,정상,
2026-05-13 4:54,2026-05-13 5:24,0.0021,OK,정상,0,0,0,0,정상,
2026-05-13 4:55,2026-05-13 5:25,0.0023,OK,정상,0,0,0,0,정상,
2026-05-13 4:56,2026-05-13 5:26,0.0012,OK,정상,0,0,0,0,정상,
2026-05-13 4:57,2026-05-13 5:27,0.0028,OK,정상,0,0,0,0,정상,
2026-05-13 4:58,2026-05-13 5:28,0.0011,OK,정상,0,0,0,0,정상,
2026-05-13 4:59,2026-05-13 5:29,0.0023,OK,정상,0,0,0,0,정상,
2026-05-13 5:00,2026-05-13 5:30,0.0014,OK,정상,0,0,0,0,정상,
2026-05-13 5:01,2026-05-13 5:31,0.001,OK,정상,0,0,0,0,정상,
2026-05-13 5:02,2026-05-13 5:32,0.0012,OK,정상,0,0,0,0,정상,
2026-05-13 5:03,2026-05-13 5:33,0.0013,OK,정상,0,0,0,0,정상,
2026-05-13 5:04,2026-05-13 5:34,0.0029,OK,정상,0,0,0,0,정상,
2026-05-13 5:05,2026-05-13 5:35,0.001,OK,정상,0,0,0,0,정상,
2026-05-13 5:06,2026-05-13 5:36,0.0007,OK,정상,0,0,0,0,정상,
2026-05-13 5:07,2026-05-13 5:37,0.0005,OK,정상,0,0,0,0,정상,
2026-05-13 5:08,2026-05-13 5:38,0.0007,OK,정상,0,0,0,0,정상,
2026-05-13 5:09,2026-05-13 5:39,0.0006,OK,정상,0,0,0,0,정상,
2026-05-13 5:10,2026-05-13 5:40,0.0005,OK,정상,0,0,0,0,정상,
2026-05-13 5:11,2026-05-13 5:41,0.0005,OK,정상,0,0,0,0,정상,
2026-05-13 5:12,2026-05-13 5:42,0.0007,OK,정상,0,0,0,0,정상,
2026-05-13 5:13,2026-05-13 5:43,0.0009,OK,정상,0,0,0,0,정상,
2026-05-13 5:14,2026-05-13 5:44,0.0005,OK,정상,0,0,0,0,정상,
2026-05-13 5:15,2026-05-13 5:45,0.0005,OK,정상,0,0,0,0,정상,
2026-05-13 5:16,2026-05-13 5:46,0.0005,OK,정상,0,0,0,0,정상,
2026-05-13 5:17,2026-05-13 5:47,0.0006,OK,정상,0,0,0,0,정상,
2026-05-13 5:18,2026-05-13 5:48,0.0007,OK,정상,0,0,0,0,정상,
2026-05-13 5:19,2026-05-13 5:49,0.0032,OK,정상,0,0,0,0,정상,
2026-05-13 5:20,2026-05-13 5:50,0.001,OK,정상,0,0,0,0,정상,
2026-05-13 5:21,2026-05-13 5:51,0.0007,OK,정상,0,0,0,0,정상,
2026-05-13 5:22,2026-05-13 5:52,0.0007,OK,정상,0,0,0,0,정상,
2026-05-13 5:23,2026-05-13 5:53,0.0006,OK,정상,0,0,0,0,정상,
2026-05-13 5:24,2026-05-13 5:54,0.0006,OK,정상,0,0,0,0,정상,
2026-05-13 5:25,2026-05-13 5:55,0.001,OK,정상,0,0,0,0,정상,
2026-05-13 5:26,2026-05-13 5:56,0.0011,OK,정상,0,0,0,0,정상,
2026-05-13 5:27,2026-05-13 5:57,0.0008,OK,정상,0,0,0,0,정상,
2026-05-13 5:28,2026-05-13 5:58,0.0011,OK,정상,0,0,0,0,정상,
2026-05-13 5:29,2026-05-13 5:59,0.0009,OK,정상,0,0,0,0,정상,
2026-05-13 5:30,2026-05-13 6:00,0.0013,OK,정상,0,0,0,0,정상,
2026-05-13 5:31,2026-05-13 6:01,0.0024,OK,정상,0,0,0,0,정상,
2026-05-13 5:32,2026-05-13 6:02,0.0015,OK,정상,0,0,0,0,정상,
2026-05-13 5:33,2026-05-13 6:03,0.0122,OK,정상,1,0,0,0,정상,
2026-05-13 5:34,2026-05-13 6:04,0.0357,OK,정상,1,0,0,0,정상,
2026-05-13 5:35,2026-05-13 6:05,0.1021,OK,정상,1,0,0,0,정상,
2026-05-13 5:36,2026-05-13 6:06,0.2409,OK,정상,1,0,0,0,정상,
2026-05-13 5:37,2026-05-13 6:07,0.4479,INFO,주의,1,1,0,0,정상,
2026-05-13 5:38,2026-05-13 6:08,0.6953,INFO,주의,1,1,0,0,정상,
2026-05-13 5:39,2026-05-13 6:09,0.6376,INFO,주의,1,1,0,0,정상,
2026-05-13 5:40,2026-05-13 6:10,0.4407,INFO,주의,1,1,0,0,정상,
2026-05-13 5:41,2026-05-13 6:11,0.473,INFO,주의,1,1,0,0,정상,
2026-05-13 5:42,2026-05-13 6:12,0.5195,INFO,주의,1,1,0,0,정상,
2026-05-13 5:43,2026-05-13 6:13,0.5876,INFO,주의,1,1,0,0,정상,
2026-05-13 5:44,2026-05-13 6:14,0.6712,INFO,주의,1,1,0,0,정상,
2026-05-13 5:45,2026-05-13 6:15,0.7032,WARNING,경보,1,1,0,0,정상,
2026-05-13 5:46,2026-05-13 6:16,0.906,CRITICAL,위험,1,1,0,0,정상,
2026-05-13 5:47,2026-05-13 6:17,0.9025,CRITICAL,위험,1,1,0,0,정상,
2026-05-13 5:48,2026-05-13 6:18,0.9549,CRITICAL,위험,1,1,0,0,정상,
2026-05-13 5:49,2026-05-13 6:19,0.9023,CRITICAL,위험,1,1,0,0,정상,
2026-05-13 5:50,2026-05-13 6:20,0.8423,WARNING,경보,1,1,0,0,정상,
2026-05-13 5:51,2026-05-13 6:21,0.7596,WARNING,경보,1,1,0,0,정상,
2026-05-13 5:52,2026-05-13 6:22,0.2858,OK,정상,1,1,0,0,정상,
2026-05-13 5:53,2026-05-13 6:23,0.6819,INFO,주의,1,1,0,0,정상,
2026-05-13 5:54,2026-05-13 6:24,0.4371,INFO,주의,1,1,0,0,정상,
2026-05-13 5:55,2026-05-13 6:25,0.4319,INFO,주의,1,1,0,0,정상,
2026-05-13 5:56,2026-05-13 6:26,0.5316,INFO,주의,1,1,0,0,정상,
2026-05-13 5:57,2026-05-13 6:27,0.5384,INFO,주의,1,1,0,0,정상,
2026-05-13 5:58,2026-05-13 6:28,0.565,INFO,주의,1,1,0,0,정상,
2026-05-13 5:59,2026-05-13 6:29,0.7561,WARNING,경보,1,1,0,0,정상,
2026-05-13 6:00,2026-05-13 6:30,0.8249,WARNING,경보,1,1,0,0,정상,
2026-05-13 6:01,2026-05-13 6:31,0.8211,WARNING,경보,1,1,0,0,정상,
2026-05-13 6:02,2026-05-13 6:32,0.8209,WARNING,경보,1,1,0,0,정상,
2026-05-13 6:03,2026-05-13 6:33,0.8355,WARNING,경보,1,1,0,0,정상,
2026-05-13 6:04,2026-05-13 6:34,0.6877,INFO,주의,1,1,0,0,정상,
2026-05-13 6:05,2026-05-13 6:35,0.9404,CRITICAL,위험,1,1,0,0,정상,
2026-05-13 6:06,2026-05-13 6:36,0.7585,WARNING,경보,1,1,0,0,정상,
2026-05-13 6:07,2026-05-13 6:37,0.5978,INFO,주의,1,1,0,0,정상,
2026-05-13 6:08,2026-05-13 6:38,0.3578,INFO,주의,1,0,0,0,정상,
2026-05-13 6:09,2026-05-13 6:39,0.6774,INFO,주의,1,0,0,0,정상,
2026-05-13 6:10,2026-05-13 6:40,0.646,INFO,주의,1,0,0,0,정상,
2026-05-13 6:11,2026-05-13 6:41,0.4712,INFO,주의,1,0,0,0,정상,
2026-05-13 6:12,2026-05-13 6:42,0.2952,OK,정상,1,0,0,0,정상,
2026-05-13 6:13,2026-05-13 6:43,0.5585,INFO,주의,1,0,0,0,정상,
2026-05-13 6:14,2026-05-13 6:44,0.5609,INFO,주의,1,0,0,0,정상,
2026-05-13 6:15,2026-05-13 6:45,0.3118,INFO,주의,1,0,0,0,정상,
2026-05-13 6:16,2026-05-13 6:46,0.4309,INFO,주의,1,0,0,0,정상,
2026-05-13 6:17,2026-05-13 6:47,0.5107,INFO,주의,1,0,0,0,정상,
2026-05-13 6:18,2026-05-13 6:48,0.6757,INFO,주의,1,0,1,0,정상,
2026-05-13 6:19,2026-05-13 6:49,0.8359,WARNING,경보,1,0,1,0,정상,
2026-05-13 6:20,2026-05-13 6:50,0.7372,WARNING,경보,1,0,1,0,정상,
2026-05-13 6:21,2026-05-13 6:51,0.7163,WARNING,경보,1,0,0,0,정상,
2026-05-13 6:22,2026-05-13 6:52,0.5467,INFO,주의,1,0,0,0,정상,
2026-05-13 6:23,2026-05-13 6:53,0.6637,INFO,주의,1,0,0,0,정상,
2026-05-13 6:24,2026-05-13 6:54,0.5556,INFO,주의,1,0,0,0,정상,
2026-05-13 6:25,2026-05-13 6:55,0.5701,INFO,주의,1,0,0,0,정상,
2026-05-13 6:26,2026-05-13 6:56,0.2878,OK,정상,1,0,0,0,정상,
2026-05-13 6:27,2026-05-13 6:57,0.2567,OK,정상,1,0,0,0,정상,
2026-05-13 6:28,2026-05-13 6:58,0.3959,INFO,주의,1,0,0,0,정상,
2026-05-13 6:29,2026-05-13 6:59,0.6054,INFO,주의,1,1,0,0,정상,
2026-05-13 6:30,2026-05-13 7:00,0.5523,INFO,주의,1,1,0,0,정상,
2026-05-13 6:31,2026-05-13 7:01,0.4132,INFO,주의,1,1,0,0,정상,
2026-05-13 6:32,2026-05-13 7:02,0.5984,INFO,주의,1,1,0,0,정상,
2026-05-13 6:33,2026-05-13 7:03,0.5444,INFO,주의,1,1,0,0,정상,
2026-05-13 6:34,2026-05-13 7:04,0.7776,WARNING,경보,1,1,0,0,정상,
2026-05-13 6:35,2026-05-13 7:05,0.8513,CRITICAL,위험,1,1,0,0,정상,
2026-05-13 6:36,2026-05-13 7:06,0.8647,CRITICAL,위험,1,1,0,0,정상,
2026-05-13 6:37,2026-05-13 7:07,0.6883,INFO,주의,1,1,0,0,정상,
2026-05-13 6:38,2026-05-13 7:08,0.6683,INFO,주의,1,0,0,0,정상,
2026-05-13 6:39,2026-05-13 7:09,0.4423,INFO,주의,1,0,0,0,정상,
2026-05-13 6:40,2026-05-13 7:10,0.2475,OK,정상,1,0,0,0,정상,
2026-05-13 6:41,2026-05-13 7:11,0.2251,OK,정상,1,0,0,0,정상,
2026-05-13 6:42,2026-05-13 7:12,0.1505,OK,정상,1,0,0,0,정상,
2026-05-13 6:43,2026-05-13 7:13,0.1042,OK,정상,1,0,0,0,정상,
2026-05-13 6:44,2026-05-13 7:14,0.1573,OK,정상,1,0,0,0,정상,
2026-05-13 6:45,2026-05-13 7:15,0.1334,OK,정상,1,0,0,0,정상,
2026-05-13 6:46,2026-05-13 7:16,0.0999,OK,정상,1,0,0,0,정상,
2026-05-13 6:47,2026-05-13 7:17,0.1234,OK,정상,1,0,0,0,정상,
2026-05-13 6:48,2026-05-13 7:18,0.1359,OK,정상,1,0,0,0,정상,
2026-05-13 6:49,2026-05-13 7:19,0.0695,OK,정상,1,0,0,0,정상,
2026-05-13 6:50,2026-05-13 7:20,0.105,OK,정상,1,0,0,0,정상,
2026-05-13 6:51,2026-05-13 7:21,0.1026,OK,정상,1,0,0,0,정상,
2026-05-13 6:52,2026-05-13 7:22,0.1976,OK,정상,0,0,0,0,정상,
2026-05-13 6:53,2026-05-13 7:23,0.0771,OK,정상,0,0,0,0,정상,
2026-05-13 6:54,2026-05-13 7:24,0.0489,OK,정상,0,0,0,0,정상,
2026-05-13 6:55,2026-05-13 7:25,0.1173,OK,정상,0,0,0,0,정상,
2026-05-13 6:56,2026-05-13 7:26,0.4192,INFO,주의,0,0,0,0,정상,
2026-05-13 6:57,2026-05-13 7:27,0.508,INFO,주의,1,0,0,0,정상,
2026-05-13 6:58,2026-05-13 7:28,0.5518,INFO,주의,1,0,0,0,정상,
2026-05-13 6:59,2026-05-13 7:29,0.7789,WARNING,경보,1,0,0,0,정상,
2026-05-13 7:00,2026-05-13 7:30,0.7999,WARNING,경보,1,0,0,0,정상,
2026-05-13 7:01,2026-05-13 7:31,0.8753,CRITICAL,위험,1,0,0,0,정상,
2026-05-13 7:02,2026-05-13 7:32,0.8788,CRITICAL,위험,1,0,0,0,정상,
2026-05-13 7:03,2026-05-13 7:33,0.9321,CRITICAL,위험,1,0,0,0,정상,
2026-05-13 7:04,2026-05-13 7:34,0.9081,CRITICAL,위험,1,0,1,0,정상,
2026-05-13 7:05,2026-05-13 7:35,0.9105,CRITICAL,위험,1,1,1,0,정상,
2026-05-13 7:06,2026-05-13 7:36,0.9314,CRITICAL,위험,1,1,1,0,정상,
2026-05-13 7:07,2026-05-13 7:37,0.9063,CRITICAL,위험,1,0,1,0,정상,
2026-05-13 7:08,2026-05-13 7:38,0.8994,CRITICAL,위험,1,1,0,0,정상,
2026-05-13 7:09,2026-05-13 7:39,0.8769,CRITICAL,위험,1,0,0,0,정상,
2026-05-13 7:10,2026-05-13 7:40,0.8421,WARNING,경보,1,1,0,0,정상,
2026-05-13 7:11,2026-05-13 7:41,0.7508,WARNING,경보,1,1,0,0,정상,
2026-05-13 7:12,2026-05-13 7:42,0.7552,WARNING,경보,1,1,0,0,정상,
2026-05-13 7:13,2026-05-13 7:43,0.9361,CRITICAL,위험,1,1,0,0,정상,
2026-05-13 7:14,2026-05-13 7:44,0.9365,CRITICAL,위험,1,1,0,0,정상,
2026-05-13 7:15,2026-05-13 7:45,0.9128,CRITICAL,위험,1,0,0,0,정상,
2026-05-13 7:16,2026-05-13 7:46,0.76,WARNING,경보,1,0,0,0,정상,
2026-05-13 7:17,2026-05-13 7:47,0.8206,WARNING,경보,1,1,0,0,정상,
2026-05-13 7:18,2026-05-13 7:48,0.9363,CRITICAL,위험,1,0,0,0,정상,
2026-05-13 7:19,2026-05-13 7:49,0.932,CRITICAL,위험,1,0,0,0,정상,
2026-05-13 7:20,2026-05-13 7:50,0.8623,CRITICAL,위험,1,0,0,0,정상,
2026-05-13 7:21,2026-05-13 7:51,0.738,WARNING,경보,1,0,0,0,정상,
2026-05-13 7:22,2026-05-13 7:52,0.864,CRITICAL,위험,1,0,0,0,정상,
2026-05-13 7:23,2026-05-13 7:53,0.8943,CRITICAL,위험,1,0,0,0,정상,
2026-05-13 7:24,2026-05-13 7:54,0.9177,CRITICAL,위험,1,0,0,0,정상,
2026-05-13 7:25,2026-05-13 7:55,0.4663,INFO,주의,1,0,0,0,정상,
2026-05-13 7:26,2026-05-13 7:56,0.5825,INFO,주의,1,0,0,0,정상,
2026-05-13 7:27,2026-05-13 7:57,0.8478,WARNING,경보,1,0,0,0,정상,
2026-05-13 7:28,2026-05-13 7:58,0.6492,INFO,주의,1,0,0,0,정상,
2026-05-13 7:29,2026-05-13 7:59,0.8516,CRITICAL,위험,1,0,0,0,정상,
2026-05-13 7:30,2026-05-13 8:00,0.8461,WARNING,경보,1,0,1,0,정상,
2026-05-13 7:31,2026-05-13 8:01,0.9499,CRITICAL,위험,1,0,1,0,정상,
2026-05-13 7:32,2026-05-13 8:02,0.9432,CRITICAL,위험,1,0,0,0,정상,
2026-05-13 7:33,2026-05-13 8:03,0.8126,WARNING,경보,1,0,1,0,정상,
2026-05-13 7:34,2026-05-13 8:04,0.8416,WARNING,경보,1,0,1,0,정상,
2026-05-13 7:35,2026-05-13 8:05,0.8344,WARNING,경보,1,0,1,0,정상,
2026-05-13 7:36,2026-05-13 8:06,0.8312,WARNING,경보,1,0,1,0,정상,
2026-05-13 7:37,2026-05-13 8:07,0.7711,WARNING,경보,1,0,1,0,정상,
2026-05-13 7:38,2026-05-13 8:08,0.7373,WARNING,경보,1,0,1,0,정상,
2026-05-13 7:39,2026-05-13 8:09,0.6346,INFO,주의,1,0,0,0,정상,
2026-05-13 7:40,2026-05-13 8:10,0.637,INFO,주의,1,0,0,0,정상,
2026-05-13 7:41,2026-05-13 8:11,0.6464,INFO,주의,1,0,0,0,정상,
2026-05-13 7:42,2026-05-13 8:12,0.399,INFO,주의,1,0,0,0,정상,
2026-05-13 7:43,2026-05-13 8:13,0.5252,INFO,주의,1,0,0,0,정상,
2026-05-13 7:44,2026-05-13 8:14,0.4196,INFO,주의,1,1,0,0,정상,
2026-05-13 7:45,2026-05-13 8:15,0.4849,INFO,주의,1,0,0,0,정상,
2026-05-13 7:46,2026-05-13 8:16,0.3005,INFO,주의,1,0,0,0,정상,
2026-05-13 7:47,2026-05-13 8:17,0.1553,OK,정상,1,0,0,0,정상,
2026-05-13 7:48,2026-05-13 8:18,0.1175,OK,정상,1,0,0,0,정상,
2026-05-13 7:49,2026-05-13 8:19,0.1509,OK,정상,1,0,0,0,정상,
2026-05-13 7:50,2026-05-13 8:20,0.0882,OK,정상,1,0,0,0,정상,
2026-05-13 7:51,2026-05-13 8:21,0.0892,OK,정상,1,1,0,0,정상,
2026-05-13 7:52,2026-05-13 8:22,0.0544,OK,정상,1,1,0,0,정상,
2026-05-13 7:53,2026-05-13 8:23,0.0566,OK,정상,1,1,0,0,정상,
2026-05-13 7:54,2026-05-13 8:24,0.032,OK,정상,1,1,0,0,정상,
2026-05-13 7:55,2026-05-13 8:25,0.0365,OK,정상,1,1,0,0,정상,
2026-05-13 7:56,2026-05-13 8:26,0.0231,OK,정상,1,1,0,0,정상,
2026-05-13 7:57,2026-05-13 8:27,0.0247,OK,정상,0,1,0,0,정상,
2026-05-13 7:58,2026-05-13 8:28,0.0158,OK,정상,0,1,0,0,정상,
2026-05-13 7:59,2026-05-13 8:29,0.0178,OK,정상,0,0,0,0,정상,
2026-05-13 8:00,2026-05-13 8:30,0.012,OK,정상,0,0,0,0,정상,
2026-05-13 8:01,2026-05-13 8:31,0.0142,OK,정상,0,0,0,0,정상,
2026-05-13 8:02,2026-05-13 8:32,0.0148,OK,정상,0,0,0,0,정상,
2026-05-13 8:03,2026-05-13 8:33,0.0156,OK,정상,0,0,0,0,정상,
2026-05-13 8:04,2026-05-13 8:34,0.0247,OK,정상,0,0,0,0,정상,
2026-05-13 8:05,2026-05-13 8:35,0.0155,OK,정상,0,0,0,0,정상,
2026-05-13 8:06,2026-05-13 8:36,0.0076,OK,정상,0,0,0,0,정상,
2026-05-13 8:07,2026-05-13 8:37,0.01,OK,정상,0,0,0,0,정상,
2026-05-13 8:08,2026-05-13 8:38,0.0113,OK,정상,0,0,0,0,정상,
2026-05-13 8:09,2026-05-13 8:39,0.0107,OK,정상,0,0,0,0,정상,
2026-05-13 8:10,2026-05-13 8:40,0.0117,OK,정상,0,0,0,0,정상,
2026-05-13 8:11,2026-05-13 8:41,0.0377,OK,정상,0,0,0,0,정상,
2026-05-13 8:12,2026-05-13 8:42,0.0366,OK,정상,0,0,0,0,정상,
2026-05-13 8:13,2026-05-13 8:43,0.0924,OK,정상,0,0,0,0,정상,
2026-05-13 8:14,2026-05-13 8:44,0.0957,OK,정상,0,0,0,0,정상,
2026-05-13 8:15,2026-05-13 8:45,0.0771,OK,정상,0,0,0,0,정상,
2026-05-13 8:16,2026-05-13 8:46,0.0654,OK,정상,0,0,0,0,정상,
2026-05-13 8:17,2026-05-13 8:47,0.0074,OK,정상,0,0,0,0,정상,
2026-05-13 8:18,2026-05-13 8:48,0.0077,OK,정상,0,0,0,0,정상,
2026-05-13 8:19,2026-05-13 8:49,0.0061,OK,정상,0,0,0,0,정상,
2026-05-13 8:20,2026-05-13 8:50,0.0049,OK,정상,0,0,0,0,정상,
2026-05-13 8:21,2026-05-13 8:51,0.0054,OK,정상,0,0,0,0,정상,
2026-05-13 8:22,2026-05-13 8:52,0.0065,OK,정상,0,0,0,0,정상,
2026-05-13 8:23,2026-05-13 8:53,0.0053,OK,정상,0,0,0,0,정상,
2026-05-13 8:24,2026-05-13 8:54,0.0049,OK,정상,0,0,0,0,정상,
2026-05-13 8:25,2026-05-13 8:55,0.0027,OK,정상,0,0,0,0,정상,
2026-05-13 8:26,2026-05-13 8:56,0.004,OK,정상,0,0,0,0,정상,
2026-05-13 8:27,2026-05-13 8:57,0.0042,OK,정상,0,0,0,0,정상,
2026-05-13 8:28,2026-05-13 8:58,0.0036,OK,정상,0,0,0,0,정상,
2026-05-13 8:29,2026-05-13 8:59,0.0025,OK,정상,0,0,0,0,정상,
2026-05-13 8:30,2026-05-13 9:00,0.0039,OK,정상,0,0,0,0,정상,
2026-05-13 8:31,2026-05-13 9:01,0.0036,OK,정상,0,0,0,0,정상,
2026-05-13 8:32,2026-05-13 9:02,0.0026,OK,정상,0,0,0,0,정상,
2026-05-13 8:33,2026-05-13 9:03,0.0044,OK,정상,0,0,0,0,정상,
2026-05-13 8:34,2026-05-13 9:04,0.0107,OK,정상,0,0,0,0,정상,
2026-05-13 8:35,2026-05-13 9:05,0.0049,OK,정상,0,0,0,0,정상,
2026-05-13 8:36,2026-05-13 9:06,0.0094,OK,정상,0,0,0,0,정상,
2026-05-13 8:37,2026-05-13 9:07,0.0069,OK,정상,0,0,0,0,정상,
2026-05-13 8:38,2026-05-13 9:08,0.0128,OK,정상,0,0,0,0,정상,
2026-05-13 8:39,2026-05-13 9:09,0.01,OK,정상,0,0,0,0,정상,
2026-05-13 8:40,2026-05-13 9:10,0.0092,OK,정상,0,0,0,0,정상,
2026-05-13 8:41,2026-05-13 9:11,0.0141,OK,정상,0,0,0,0,정상,
2026-05-13 8:42,2026-05-13 9:12,0.0094,OK,정상,0,0,0,0,정상,
2026-05-13 8:43,2026-05-13 9:13,0.0076,OK,정상,0,1,0,0,정상,
2026-05-13 8:44,2026-05-13 9:14,0.0086,OK,정상,0,0,0,0,정상,
2026-05-13 8:45,2026-05-13 9:15,0.0076,OK,정상,0,1,0,0,정상,
2026-05-13 8:46,2026-05-13 9:16,0.0452,OK,정상,0,0,0,0,정상,
2026-05-13 8:47,2026-05-13 9:17,0.01,OK,정상,0,0,0,0,정상,
2026-05-13 8:48,2026-05-13 9:18,0.0069,OK,정상,1,0,0,0,정상,
2026-05-13 8:49,2026-05-13 9:19,0.0071,OK,정상,1,0,0,0,정상,
2026-05-13 8:50,2026-05-13 9:20,0.0101,OK,정상,1,1,0,0,정상,
2026-05-13 8:51,2026-05-13 9:21,0.0083,OK,정상,1,0,0,0,정상,
2026-05-13 8:52,2026-05-13 9:22,0.0096,OK,정상,1,0,0,0,정상,
2026-05-13 8:53,2026-05-13 9:23,0.0098,OK,정상,1,0,0,0,정상,
2026-05-13 8:54,2026-05-13 9:24,0.0074,OK,정상,1,0,0,0,정상,
2026-05-13 8:55,2026-05-13 9:25,0.0064,OK,정상,1,0,0,0,정상,
2026-05-13 8:56,2026-05-13 9:26,0.0066,OK,정상,1,0,0,0,정상,
2026-05-13 8:57,2026-05-13 9:27,0.0059,OK,정상,0,0,0,0,정상,
2026-05-13 8:58,2026-05-13 9:28,0.0056,OK,정상,1,0,0,0,정상,
2026-05-13 8:59,2026-05-13 9:29,0.0058,OK,정상,0,0,0,0,정상,
2026-05-13 9:00,2026-05-13 9:30,0.0073,OK,정상,1,0,0,0,정상,
2026-05-13 9:01,2026-05-13 9:31,0.0144,OK,정상,0,0,0,0,정상,
2026-05-13 9:02,2026-05-13 9:32,0.0091,OK,정상,0,0,0,0,정상,
2026-05-13 9:03,2026-05-13 9:33,0.0121,OK,정상,0,0,0,0,정상,
2026-05-13 9:04,2026-05-13 9:34,0.0085,OK,정상,0,0,0,0,정상,
2026-05-13 9:05,2026-05-13 9:35,0.0063,OK,정상,0,0,0,0,정상,
2026-05-13 9:06,2026-05-13 9:36,0.0047,OK,정상,0,0,0,0,정상,
2026-05-13 9:07,2026-05-13 9:37,0.0063,OK,정상,0,0,0,0,정상,
2026-05-13 9:08,2026-05-13 9:38,0.0094,OK,정상,0,0,0,0,정상,
2026-05-13 9:09,2026-05-13 9:39,0.0083,OK,정상,0,0,0,0,정상,
2026-05-13 9:10,2026-05-13 9:40,0.0057,OK,정상,0,0,0,0,정상,
2026-05-13 9:11,2026-05-13 9:41,0.0093,OK,정상,0,0,0,0,정상,
2026-05-13 9:12,2026-05-13 9:42,0.0072,OK,정상,0,0,0,0,정상,
2026-05-13 9:13,2026-05-13 9:43,0.009,OK,정상,0,0,0,0,정상,
2026-05-13 9:14,2026-05-13 9:44,0.0083,OK,정상,0,0,0,0,정상,
2026-05-13 9:15,2026-05-13 9:45,0.008,OK,정상,0,0,0,0,정상,
2026-05-13 9:16,2026-05-13 9:46,0.004,OK,정상,0,0,0,0,정상,
2026-05-13 9:17,2026-05-13 9:47,0.0094,OK,정상,0,0,0,0,정상,
2026-05-13 9:18,2026-05-13 9:48,0.0067,OK,정상,0,0,0,0,정상,
2026-05-13 9:19,2026-05-13 9:49,0.0063,OK,정상,0,0,0,0,정상,
2026-05-13 9:20,2026-05-13 9:50,0.0098,OK,정상,0,1,0,0,정상,
2026-05-13 9:21,2026-05-13 9:51,0.0055,OK,정상,0,1,0,0,정상,
2026-05-13 9:22,2026-05-13 9:52,0.0587,OK,정상,0,1,0,0,정상,
2026-05-13 9:23,2026-05-13 9:53,0.0055,OK,정상,0,1,0,0,정상,
2026-05-13 9:24,2026-05-13 9:54,0.0218,OK,정상,0,0,0,0,정상,
2026-05-13 9:25,2026-05-13 9:55,0.0069,OK,정상,0,0,0,0,정상,
2026-05-13 9:26,2026-05-13 9:56,0.0467,OK,정상,0,0,0,0,정상,
2026-05-13 9:27,2026-05-13 9:57,0.036,OK,정상,0,0,0,0,정상,
2026-05-13 9:28,2026-05-13 9:58,0.0359,OK,정상,0,0,0,0,정상,
2026-05-13 9:29,2026-05-13 9:59,0.0845,OK,정상,0,0,0,0,정상,
2026-05-13 9:30,2026-05-13 10:00,0.0472,OK,정상,0,0,0,0,정상,
2026-05-13 9:31,2026-05-13 10:01,0.0426,OK,정상,0,0,0,0,정상,
2026-05-13 9:32,2026-05-13 10:02,0.0075,OK,정상,0,0,0,0,정상,
2026-05-13 9:33,2026-05-13 10:03,0.0074,OK,정상,0,0,0,0,정상,
2026-05-13 9:34,2026-05-13 10:04,0.0111,OK,정상,0,0,0,0,정상,
2026-05-13 9:35,2026-05-13 10:05,0.0064,OK,정상,0,0,0,0,정상,
2026-05-13 9:36,2026-05-13 10:06,0.0203,OK,정상,0,1,0,0,정상,
2026-05-13 9:37,2026-05-13 10:07,0.0429,OK,정상,0,1,0,0,정상,
2026-05-13 9:38,2026-05-13 10:08,0.0452,OK,정상,1,1,0,0,정상,
2026-05-13 9:39,2026-05-13 10:09,0.0321,OK,정상,0,1,0,0,정상,
2026-05-13 9:40,2026-05-13 10:10,0.0522,OK,정상,1,1,0,0,정상,
2026-05-13 9:41,2026-05-13 10:11,0.0653,OK,정상,1,1,0,0,정상,
2026-05-13 9:42,2026-05-13 10:12,0.0645,OK,정상,0,1,0,0,정상,
2026-05-13 9:43,2026-05-13 10:13,0.054,OK,정상,0,1,0,0,정상,
2026-05-13 9:44,2026-05-13 10:14,0.0654,OK,정상,0,0,0,0,정상,
2026-05-13 9:45,2026-05-13 10:15,0.141,OK,정상,0,0,0,0,정상,
2026-05-13 9:46,2026-05-13 10:16,0.1981,OK,정상,0,0,0,0,정상,
2026-05-13 9:47,2026-05-13 10:17,0.1799,OK,정상,0,0,0,0,정상,
2026-05-13 9:48,2026-05-13 10:18,0.2101,OK,정상,0,0,0,0,정상,
2026-05-13 9:49,2026-05-13 10:19,0.1449,OK,정상,0,0,0,0,정상,
2026-05-13 9:50,2026-05-13 10:20,0.0814,OK,정상,0,0,0,0,정상,
2026-05-13 9:51,2026-05-13 10:21,0.0901,OK,정상,0,0,0,0,정상,
2026-05-13 9:52,2026-05-13 10:22,0.1931,OK,정상,0,0,0,0,정상,
2026-05-13 9:53,2026-05-13 10:23,0.0862,OK,정상,1,0,0,0,정상,
2026-05-13 9:54,2026-05-13 10:24,0.2355,OK,정상,1,0,0,0,정상,
2026-05-13 9:55,2026-05-13 10:25,0.0758,OK,정상,1,0,0,0,정상,
2026-05-13 9:56,2026-05-13 10:26,0.0787,OK,정상,1,0,0,0,정상,
2026-05-13 9:57,2026-05-13 10:27,0.0812,OK,정상,1,0,0,0,정상,
2026-05-13 9:58,2026-05-13 10:28,0.0786,OK,정상,1,0,0,0,정상,
2026-05-13 9:59,2026-05-13 10:29,0.0939,OK,정상,1,0,0,0,정상,
2026-05-13 10:00,2026-05-13 10:30,0.0567,OK,정상,1,0,0,0,정상,
2026-05-13 10:01,2026-05-13 10:31,0.0524,OK,정상,1,0,0,0,정상,
2026-05-13 10:02,2026-05-13 10:32,0.0577,OK,정상,1,0,0,0,정상,
2026-05-13 10:03,2026-05-13 10:33,0.0461,OK,정상,1,0,0,0,정상,
2026-05-13 10:04,2026-05-13 10:34,0.0256,OK,정상,1,0,0,0,정상,
2026-05-13 10:05,2026-05-13 10:35,0.0145,OK,정상,1,0,0,0,정상,
2026-05-13 10:06,2026-05-13 10:36,0.0145,OK,정상,1,0,0,0,정상,
2026-05-13 10:07,2026-05-13 10:37,0.0061,OK,정상,1,0,0,0,정상,
2026-05-13 10:08,2026-05-13 10:38,0.0051,OK,정상,1,0,0,0,정상,
2026-05-13 10:09,2026-05-13 10:39,0.0044,OK,정상,1,0,0,0,정상,
2026-05-13 10:10,2026-05-13 10:40,0.0022,OK,정상,1,0,0,0,정상,
2026-05-13 10:11,2026-05-13 10:41,0.0031,OK,정상,1,0,0,0,정상,
2026-05-13 10:12,2026-05-13 10:42,0.0021,OK,정상,1,0,0,0,정상,
2026-05-13 10:13,2026-05-13 10:43,0.0023,OK,정상,1,0,0,0,정상,
2026-05-13 10:14,2026-05-13 10:44,0.0023,OK,정상,0,0,0,0,정상,
2026-05-13 10:15,2026-05-13 10:45,0.0015,OK,정상,0,0,0,0,정상,
2026-05-13 10:16,2026-05-13 10:46,0.0034,OK,정상,0,1,0,0,정상,
2026-05-13 10:17,2026-05-13 10:47,0.0015,OK,정상,0,0,0,0,정상,
2026-05-13 10:18,2026-05-13 10:48,0.0011,OK,정상,0,0,0,0,정상,
2026-05-13 10:19,2026-05-13 10:49,0.0016,OK,정상,0,0,0,0,정상,
2026-05-13 10:20,2026-05-13 10:50,0.0015,OK,정상,1,0,0,0,정상,
2026-05-13 10:21,2026-05-13 10:51,0.0015,OK,정상,1,0,0,0,정상,
2026-05-13 10:22,2026-05-13 10:52,0.0039,OK,정상,0,0,0,0,정상,
2026-05-13 10:23,2026-05-13 10:53,0.0042,OK,정상,1,0,0,0,정상,
2026-05-13 10:24,2026-05-13 10:54,0.003,OK,정상,0,0,0,0,정상,
2026-05-13 10:25,2026-05-13 10:55,0.0021,OK,정상,0,0,0,0,정상,
2026-05-13 10:26,2026-05-13 10:56,0.0034,OK,정상,0,0,0,0,정상,
2026-05-13 10:27,2026-05-13 10:57,0.0038,OK,정상,0,0,0,0,정상,
2026-05-13 10:28,2026-05-13 10:58,0.0056,OK,정상,0,0,0,0,정상,
2026-05-13 10:29,2026-05-13 10:59,0.0043,OK,정상,0,0,0,0,정상,
2026-05-13 10:30,2026-05-13 11:00,0.0037,OK,정상,1,0,0,0,정상,
2026-05-13 10:31,2026-05-13 11:01,0.0026,OK,정상,1,0,0,0,정상,
2026-05-13 10:32,2026-05-13 11:02,0.002,OK,정상,0,0,0,0,정상,
2026-05-13 10:33,2026-05-13 11:03,0.0031,OK,정상,1,0,0,0,정상,
2026-05-13 10:34,2026-05-13 11:04,0.0048,OK,정상,1,0,0,0,정상,
2026-05-13 10:35,2026-05-13 11:05,0.0078,OK,정상,0,0,0,0,정상,
2026-05-13 10:36,2026-05-13 11:06,0.0104,OK,정상,0,0,0,0,정상,
2026-05-13 10:37,2026-05-13 11:07,0.0059,OK,정상,1,1,0,0,정상,
2026-05-13 10:38,2026-05-13 11:08,0.005,OK,정상,0,1,0,0,정상,
2026-05-13 10:39,2026-05-13 11:09,0.0039,OK,정상,0,1,0,0,정상,
2026-05-13 10:40,2026-05-13 11:10,0.0033,OK,정상,1,1,0,0,정상,
2026-05-13 10:41,2026-05-13 11:11,0.0029,OK,정상,1,1,0,0,정상,
2026-05-13 10:42,2026-05-13 11:12,0.0035,OK,정상,0,0,0,0,정상,
2026-05-13 10:43,2026-05-13 11:13,0.007,OK,정상,1,0,0,0,정상,
2026-05-13 10:44,2026-05-13 11:14,0.0048,OK,정상,0,0,0,0,정상,
2026-05-13 10:45,2026-05-13 11:15,0.0069,OK,정상,0,0,0,0,정상,
2026-05-13 10:46,2026-05-13 11:16,0.0051,OK,정상,0,0,0,0,정상,
2026-05-13 10:47,2026-05-13 11:17,0.0071,OK,정상,0,0,0,0,정상,
2026-05-13 10:48,2026-05-13 11:18,0.0062,OK,정상,0,0,0,0,정상,
2026-05-13 10:49,2026-05-13 11:19,0.018,OK,정상,0,0,0,0,정상,
2026-05-13 10:50,2026-05-13 11:20,0.0113,OK,정상,0,0,0,0,정상,
2026-05-13 10:51,2026-05-13 11:21,0.022,OK,정상,1,0,0,0,정상,
2026-05-13 10:52,2026-05-13 11:22,0.0109,OK,정상,0,0,0,0,정상,
2026-05-13 10:53,2026-05-13 11:23,0.0264,OK,정상,1,0,0,0,정상,
2026-05-13 10:54,2026-05-13 11:24,0.0087,OK,정상,1,0,0,0,정상,
2026-05-13 10:55,2026-05-13 11:25,0.0186,OK,정상,1,0,0,0,정상,
2026-05-13 10:56,2026-05-13 11:26,0.0082,OK,정상,1,0,0,0,정상,
2026-05-13 10:57,2026-05-13 11:27,0.0598,OK,정상,1,0,0,0,정상,
2026-05-13 10:58,2026-05-13 11:28,0.0096,OK,정상,1,0,0,0,정상,
2026-05-13 10:59,2026-05-13 11:29,0.0288,OK,정상,1,0,0,0,정상,
2026-05-13 11:00,2026-05-13 11:30,0.0119,OK,정상,1,0,0,0,정상,
2026-05-13 11:01,2026-05-13 11:31,0.0353,OK,정상,1,0,0,0,정상,
2026-05-13 11:02,2026-05-13 11:32,0.0098,OK,정상,1,0,0,0,정상,
2026-05-13 11:03,2026-05-13 11:33,0.0155,OK,정상,1,0,0,0,정상,
2026-05-13 11:04,2026-05-13 11:34,0.0118,OK,정상,1,0,0,0,정상,
2026-05-13 11:05,2026-05-13 11:35,0.0186,OK,정상,1,0,0,0,정상,
2026-05-13 11:06,2026-05-13 11:36,0.0094,OK,정상,1,0,0,0,정상,
2026-05-13 11:07,2026-05-13 11:37,0.0244,OK,정상,1,0,0,0,정상,
2026-05-13 11:08,2026-05-13 11:38,0.0109,OK,정상,1,0,0,0,정상,
2026-05-13 11:09,2026-05-13 11:39,0.0245,OK,정상,1,0,0,0,정상,
2026-05-13 11:10,2026-05-13 11:40,0.0068,OK,정상,1,0,0,0,정상,
2026-05-13 11:11,2026-05-13 11:41,0.0287,OK,정상,1,0,0,0,정상,
2026-05-13 11:12,2026-05-13 11:42,0.0031,OK,정상,1,0,0,0,정상,
2026-05-13 11:13,2026-05-13 11:43,0.0088,OK,정상,1,0,0,0,정상,
2026-05-13 11:14,2026-05-13 11:44,0.0049,OK,정상,1,0,0,0,정상,
2026-05-13 11:15,2026-05-13 11:45,0.008,OK,정상,1,0,0,0,정상,
2026-05-13 11:16,2026-05-13 11:46,0.0032,OK,정상,1,0,0,0,정상,
2026-05-13 11:17,2026-05-13 11:47,0.0343,OK,정상,1,0,0,0,정상,
2026-05-13 11:18,2026-05-13 11:48,0.0121,OK,정상,1,0,0,0,정상,
2026-05-13 11:19,2026-05-13 11:49,0.0159,OK,정상,1,0,0,0,정상,
2026-05-13 11:20,2026-05-13 11:50,0.0086,OK,정상,1,0,0,0,정상,
2026-05-13 11:21,2026-05-13 11:51,0.0127,OK,정상,1,0,0,0,정상,
2026-05-13 11:22,2026-05-13 11:52,0.0075,OK,정상,1,1,0,0,정상,
2026-05-13 11:23,2026-05-13 11:53,0.0262,OK,정상,1,1,0,0,정상,
2026-05-13 11:24,2026-05-13 11:54,0.0134,OK,정상,1,1,0,0,정상,
2026-05-13 11:25,2026-05-13 11:55,0.0131,OK,정상,1,1,0,0,정상,
2026-05-13 11:26,2026-05-13 11:56,0.0076,OK,정상,1,1,0,0,정상,
2026-05-13 11:27,2026-05-13 11:57,0.019,OK,정상,1,1,0,0,정상,
2026-05-13 11:28,2026-05-13 11:58,0.0125,OK,정상,1,0,0,0,정상,
2026-05-13 11:29,2026-05-13 11:59,0.0242,OK,정상,1,0,0,0,정상,
2026-05-13 11:30,2026-05-13 12:00,0.0143,OK,정상,1,0,0,0,정상,
2026-05-13 11:31,2026-05-13 12:01,0.0217,OK,정상,1,0,0,0,정상,
2026-05-13 11:32,2026-05-13 12:02,0.0138,OK,정상,1,0,0,0,정상,
2026-05-13 11:33,2026-05-13 12:03,0.027,OK,정상,1,0,0,0,정상,
2026-05-13 11:34,2026-05-13 12:04,0.0365,OK,정상,1,0,0,0,정상,
2026-05-13 11:35,2026-05-13 12:05,0.0255,OK,정상,1,0,0,0,정상,
2026-05-13 11:36,2026-05-13 12:06,0.0112,OK,정상,1,0,0,0,정상,
2026-05-13 11:37,2026-05-13 12:07,0.0308,OK,정상,1,0,0,0,정상,
2026-05-13 11:38,2026-05-13 12:08,0.0122,OK,정상,0,0,0,0,정상,
2026-05-13 11:39,2026-05-13 12:09,0.051,OK,정상,1,0,0,0,정상,
2026-05-13 11:40,2026-05-13 12:10,0.0133,OK,정상,0,0,0,0,정상,
2026-05-13 11:41,2026-05-13 12:11,0.031,OK,정상,1,0,0,0,정상,
2026-05-13 11:42,2026-05-13 12:12,0.0218,OK,정상,0,0,0,0,정상,
2026-05-13 11:43,2026-05-13 12:13,0.0258,OK,정상,1,0,0,0,정상,
2026-05-13 11:44,2026-05-13 12:14,0.0451,OK,정상,1,0,0,0,정상,
2026-05-13 11:45,2026-05-13 12:15,0.0513,OK,정상,1,0,0,0,정상,
2026-05-13 11:46,2026-05-13 12:16,0.0603,OK,정상,1,0,0,0,정상,
2026-05-13 11:47,2026-05-13 12:17,0.0602,OK,정상,1,0,0,0,정상,
2026-05-13 11:48,2026-05-13 12:18,0.0617,OK,정상,1,0,0,0,정상,
2026-05-13 11:49,2026-05-13 12:19,0.0531,OK,정상,1,0,0,0,정상,
2026-05-13 11:50,2026-05-13 12:20,0.0268,OK,정상,1,0,0,0,정상,
2026-05-13 11:51,2026-05-13 12:21,0.067,OK,정상,1,0,0,0,정상,
2026-05-13 11:52,2026-05-13 12:22,0.0337,OK,정상,0,0,0,0,정상,
2026-05-13 11:53,2026-05-13 12:23,0.0673,OK,정상,1,0,0,0,정상,
2026-05-13 11:54,2026-05-13 12:24,0.045,OK,정상,0,0,0,0,정상,
2026-05-13 11:55,2026-05-13 12:25,0.0461,OK,정상,1,0,0,0,정상,
2026-05-13 11:56,2026-05-13 12:26,0.0472,OK,정상,0,0,0,0,정상,
2026-05-13 11:57,2026-05-13 12:27,0.0905,OK,정상,1,0,0,0,정상,
2026-05-13 11:58,2026-05-13 12:28,0.0619,OK,정상,0,0,0,0,정상,
2026-05-13 11:59,2026-05-13 12:29,0.0992,OK,정상,1,0,0,0,정상,
2026-05-13 12:00,2026-05-13 12:30,0.0527,OK,정상,1,1,0,0,정상,
2026-05-13 12:01,2026-05-13 12:31,0.0382,OK,정상,1,1,0,0,정상,
2026-05-13 12:02,2026-05-13 12:32,0.0408,OK,정상,1,1,0,0,정상,
2026-05-13 12:03,2026-05-13 12:33,0.0504,OK,정상,1,1,0,0,정상,
2026-05-13 12:04,2026-05-13 12:34,0.0304,OK,정상,1,1,0,0,정상,
2026-05-13 12:05,2026-05-13 12:35,0.0249,OK,정상,1,1,0,0,정상,
2026-05-13 12:06,2026-05-13 12:36,0.0346,OK,정상,1,1,0,0,정상,
2026-05-13 12:07,2026-05-13 12:37,0.0554,OK,정상,1,1,0,0,정상,
2026-05-13 12:08,2026-05-13 12:38,0.0144,OK,정상,1,0,0,0,정상,
2026-05-13 12:09,2026-05-13 12:39,0.0256,OK,정상,1,0,0,0,정상,
2026-05-13 12:10,2026-05-13 12:40,0.0179,OK,정상,1,0,0,0,정상,
2026-05-13 12:11,2026-05-13 12:41,0.0132,OK,정상,0,0,0,0,정상,
2026-05-13 12:12,2026-05-13 12:42,0.0138,OK,정상,0,0,0,0,정상,
2026-05-13 12:13,2026-05-13 12:43,0.0121,OK,정상,0,0,0,0,정상,
2026-05-13 12:14,2026-05-13 12:44,0.012,OK,정상,0,0,0,0,정상,
2026-05-13 12:15,2026-05-13 12:45,0.0145,OK,정상,1,0,0,0,정상,
2026-05-13 12:16,2026-05-13 12:46,0.0094,OK,정상,0,0,0,0,정상,
2026-05-13 12:17,2026-05-13 12:47,0.0136,OK,정상,1,0,0,0,정상,
2026-05-13 12:18,2026-05-13 12:48,0.0109,OK,정상,0,0,0,0,정상,
2026-05-13 12:19,2026-05-13 12:49,0.0178,OK,정상,1,0,0,0,정상,
2026-05-13 12:20,2026-05-13 12:50,0.0133,OK,정상,0,1,0,0,정상,
2026-05-13 12:21,2026-05-13 12:51,0.0179,OK,정상,1,1,0,0,정상,
2026-05-13 12:22,2026-05-13 12:52,0.0138,OK,정상,0,1,0,0,정상,
2026-05-13 12:23,2026-05-13 12:53,0.0157,OK,정상,1,1,0,0,정상,
2026-05-13 12:24,2026-05-13 12:54,0.0124,OK,정상,0,1,0,0,정상,
2026-05-13 12:25,2026-05-13 12:55,0.0101,OK,정상,1,1,0,0,정상,
2026-05-13 12:26,2026-05-13 12:56,0.0083,OK,정상,0,0,0,0,정상,
2026-05-13 12:27,2026-05-13 12:57,0.0088,OK,정상,1,0,0,0,정상,
2026-05-13 12:28,2026-05-13 12:58,0.0046,OK,정상,0,0,0,0,정상,
2026-05-13 12:29,2026-05-13 12:59,0.0019,OK,정상,1,0,0,0,정상,
2026-05-13 12:30,2026-05-13 13:00,0.0009,OK,정상,0,0,0,0,정상,
2026-05-13 12:31,2026-05-13 13:01,0.001,OK,정상,1,0,0,0,정상,
2026-05-13 12:32,2026-05-13 13:02,0.0007,OK,정상,0,0,0,0,정상,
2026-05-13 12:33,2026-05-13 13:03,0.0035,OK,정상,1,0,0,0,정상,
2026-05-13 12:34,2026-05-13 13:04,0.0013,OK,정상,1,0,0,0,정상,
2026-05-13 12:35,2026-05-13 13:05,0.0024,OK,정상,1,0,0,0,정상,
2026-05-13 12:36,2026-05-13 13:06,0.0017,OK,정상,1,0,0,0,정상,
2026-05-13 12:37,2026-05-13 13:07,0.0008,OK,정상,1,0,0,0,정상,
2026-05-13 12:38,2026-05-13 13:08,0.0025,OK,정상,1,0,0,0,정상,
2026-05-13 12:39,2026-05-13 13:09,0.0019,OK,정상,1,0,0,0,정상,
2026-05-13 12:40,2026-05-13 13:10,0.0013,OK,정상,1,0,0,0,정상,
2026-05-13 12:41,2026-05-13 13:11,0.0033,OK,정상,0,0,0,0,정상,
2026-05-13 12:42,2026-05-13 13:12,0.0181,OK,정상,0,0,0,0,정상,
2026-05-13 12:43,2026-05-13 13:13,0.0021,OK,정상,0,0,0,0,정상,
2026-05-13 12:44,2026-05-13 13:14,0.0023,OK,정상,0,0,0,0,정상,
2026-05-13 12:45,2026-05-13 13:15,0.0033,OK,정상,0,0,0,0,정상,
2026-05-13 12:46,2026-05-13 13:16,0.0019,OK,정상,0,0,0,0,정상,
2026-05-13 12:47,2026-05-13 13:17,0.0026,OK,정상,0,0,0,0,정상,
2026-05-13 12:48,2026-05-13 13:18,0.0018,OK,정상,0,0,0,0,정상,
2026-05-13 12:49,2026-05-13 13:19,0.0014,OK,정상,0,0,0,0,정상,
2026-05-13 12:50,2026-05-13 13:20,0.0017,OK,정상,0,0,0,0,정상,
2026-05-13 12:51,2026-05-13 13:21,0.0019,OK,정상,0,0,0,0,정상,
2026-05-13 12:52,2026-05-13 13:22,0.0022,OK,정상,0,0,0,0,정상,
2026-05-13 12:53,2026-05-13 13:23,0.0015,OK,정상,0,0,0,0,정상,
2026-05-13 12:54,2026-05-13 13:24,0.001,OK,정상,0,0,0,0,정상,
2026-05-13 12:55,2026-05-13 13:25,0.0025,OK,정상,0,0,0,0,정상,
2026-05-13 12:56,2026-05-13 13:26,0.0142,OK,정상,0,1,0,0,정상,
2026-05-13 12:57,2026-05-13 13:27,0.0532,OK,정상,0,0,0,0,정상,
2026-05-13 12:58,2026-05-13 13:28,0.0053,OK,정상,0,0,0,0,정상,
2026-05-13 12:59,2026-05-13 13:29,0.0075,OK,정상,0,0,0,0,정상,
2026-05-13 13:00,2026-05-13 13:30,0.0036,OK,정상,0,0,0,0,정상,
2026-05-13 13:01,2026-05-13 13:31,0.0036,OK,정상,0,0,0,0,정상,
2026-05-13 13:02,2026-05-13 13:32,0.1393,OK,정상,0,0,0,0,정상,
2026-05-13 13:03,2026-05-13 13:33,0.0125,OK,정상,0,0,0,0,정상,
2026-05-13 13:04,2026-05-13 13:34,0.011,OK,정상,0,0,0,0,정상,
2026-05-13 13:05,2026-05-13 13:35,0.0016,OK,정상,0,0,0,0,정상,
2026-05-13 13:06,2026-05-13 13:36,0.0112,OK,정상,0,0,0,0,정상,
2026-05-13 13:07,2026-05-13 13:37,0.0067,OK,정상,0,0,0,0,정상,
2026-05-13 13:08,2026-05-13 13:38,0.0144,OK,정상,0,0,0,0,정상,
2026-05-13 13:09,2026-05-13 13:39,0.002,OK,정상,0,0,0,0,정상,
2026-05-13 13:10,2026-05-13 13:40,0.0121,OK,정상,0,0,0,0,정상,
2026-05-13 13:11,2026-05-13 13:41,0.0017,OK,정상,1,0,0,0,정상,
2026-05-13 13:12,2026-05-13 13:42,0.0024,OK,정상,1,0,0,0,정상,
2026-05-13 13:13,2026-05-13 13:43,0.0028,OK,정상,1,0,0,0,정상,
2026-05-13 13:14,2026-05-13 13:44,0.0018,OK,정상,1,0,0,0,정상,
2026-05-13 13:15,2026-05-13 13:45,0.0028,OK,정상,1,0,0,0,정상,
2026-05-13 13:16,2026-05-13 13:46,0.0029,OK,정상,0,0,0,0,정상,
2026-05-13 13:17,2026-05-13 13:47,0.0029,OK,정상,1,0,0,0,정상,
2026-05-13 13:18,2026-05-13 13:48,0.0027,OK,정상,0,0,0,0,정상,
2026-05-13 13:19,2026-05-13 13:49,0.0029,OK,정상,0,0,0,0,정상,
2026-05-13 13:20,2026-05-13 13:50,0.0024,OK,정상,0,0,0,0,정상,
2026-05-13 13:21,2026-05-13 13:51,0.0447,OK,정상,0,0,0,0,정상,
2026-05-13 13:22,2026-05-13 13:52,0.0044,OK,정상,0,0,0,0,정상,
2026-05-13 13:23,2026-05-13 13:53,0.0033,OK,정상,0,0,0,0,정상,
2026-05-13 13:24,2026-05-13 13:54,0.0039,OK,정상,0,0,0,0,정상,
2026-05-13 13:25,2026-05-13 13:55,0.0047,OK,정상,0,0,0,0,정상,
2026-05-13 13:26,2026-05-13 13:56,0.0108,OK,정상,0,0,0,0,정상,
2026-05-13 13:27,2026-05-13 13:57,0.0054,OK,정상,0,0,0,0,정상,
2026-05-13 13:28,2026-05-13 13:58,0.0097,OK,정상,1,0,0,0,정상,
2026-05-13 13:29,2026-05-13 13:59,0.0039,OK,정상,1,0,0,0,정상,
2026-05-13 13:30,2026-05-13 14:00,0.0076,OK,정상,1,0,0,0,정상,
2026-05-13 13:31,2026-05-13 14:01,0.0077,OK,정상,1,0,0,0,정상,
2026-05-13 13:32,2026-05-13 14:02,0.0129,OK,정상,1,0,0,0,정상,
2026-05-13 13:33,2026-05-13 14:03,0.006,OK,정상,1,0,0,0,정상,
2026-05-13 13:34,2026-05-13 14:04,0.0069,OK,정상,1,0,0,0,정상,
2026-05-13 13:35,2026-05-13 14:05,0.0035,OK,정상,0,0,0,0,정상,
2026-05-13 13:36,2026-05-13 14:06,0.0042,OK,정상,0,0,0,0,정상,
2026-05-13 13:37,2026-05-13 14:07,0.0035,OK,정상,0,0,0,0,정상,
2026-05-13 13:38,2026-05-13 14:08,0.0044,OK,정상,0,0,0,0,정상,
2026-05-13 13:39,2026-05-13 14:09,0.0035,OK,정상,0,0,0,0,정상,
2026-05-13 13:40,2026-05-13 14:10,0.0066,OK,정상,0,0,0,0,정상,
2026-05-13 13:41,2026-05-13 14:11,0.0036,OK,정상,0,0,0,0,정상,
2026-05-13 13:42,2026-05-13 14:12,0.0035,OK,정상,0,0,0,0,정상,
2026-05-13 13:43,2026-05-13 14:13,0.0033,OK,정상,0,0,0,0,정상,
2026-05-13 13:44,2026-05-13 14:14,0.0022,OK,정상,1,0,0,0,정상,
2026-05-13 13:45,2026-05-13 14:15,0.0028,OK,정상,0,0,0,0,정상,
2026-05-13 13:46,2026-05-13 14:16,0.003,OK,정상,0,0,0,0,정상,
2026-05-13 13:47,2026-05-13 14:17,0.004,OK,정상,0,0,0,0,정상,
2026-05-13 13:48,2026-05-13 14:18,0.0033,OK,정상,0,0,0,0,정상,
2026-05-13 13:49,2026-05-13 14:19,0.0025,OK,정상,0,0,0,0,정상,
2026-05-13 13:50,2026-05-13 14:20,0.0042,OK,정상,0,0,0,0,정상,
2026-05-13 13:51,2026-05-13 14:21,0.0027,OK,정상,0,0,0,0,정상,
2026-05-13 13:52,2026-05-13 14:22,0.0099,OK,정상,0,1,0,0,정상,
2026-05-13 13:53,2026-05-13 14:23,0.0077,OK,정상,0,1,0,0,정상,
2026-05-13 13:54,2026-05-13 14:24,0.0081,OK,정상,0,1,0,0,정상,
2026-05-13 13:55,2026-05-13 14:25,0.0069,OK,정상,0,1,0,0,정상,
2026-05-13 13:56,2026-05-13 14:26,0.0048,OK,정상,0,0,0,0,정상,
2026-05-13 13:57,2026-05-13 14:27,0.0025,OK,정상,0,0,0,0,정상,
2026-05-13 13:58,2026-05-13 14:28,0.002,OK,정상,0,0,0,0,정상,
2026-05-13 13:59,2026-05-13 14:29,0.0022,OK,정상,0,0,0,0,정상,
2026-05-13 14:00,2026-05-13 14:30,0.0031,OK,정상,0,0,0,0,정상,
2026-05-13 14:01,2026-05-13 14:31,0.0025,OK,정상,0,0,0,0,정상,
2026-05-13 14:02,2026-05-13 14:32,0.0026,OK,정상,0,0,0,0,정상,
2026-05-13 14:03,2026-05-13 14:33,0.0025,OK,정상,0,0,0,0,정상,
2026-05-13 14:04,2026-05-13 14:34,0.0021,OK,정상,0,0,0,0,정상,
2026-05-13 14:05,2026-05-13 14:35,0.0019,OK,정상,0,0,0,0,정상,
2026-05-13 14:06,2026-05-13 14:36,0.0108,OK,정상,0,0,0,0,정상,
2026-05-13 14:07,2026-05-13 14:37,0.0015,OK,정상,0,0,0,0,정상,
2026-05-13 14:08,2026-05-13 14:38,0.0014,OK,정상,0,0,0,0,정상,
2026-05-13 14:09,2026-05-13 14:39,0.0019,OK,정상,0,0,0,0,정상,
2026-05-13 14:10,2026-05-13 14:40,0.0013,OK,정상,0,0,0,0,정상,
2026-05-13 14:11,2026-05-13 14:41,0.0031,OK,정상,0,0,0,0,정상,
2026-05-13 14:12,2026-05-13 14:42,0.0039,OK,정상,0,0,0,0,정상,
2026-05-13 14:13,2026-05-13 14:43,0.0022,OK,정상,0,0,0,0,정상,
2026-05-13 14:14,2026-05-13 14:44,0.0035,OK,정상,0,0,0,0,정상,
2026-05-13 14:15,2026-05-13 14:45,0.0028,OK,정상,0,0,0,0,정상,
2026-05-13 14:16,2026-05-13 14:46,0.002,OK,정상,0,0,0,0,정상,
2026-05-13 14:17,2026-05-13 14:47,0.002,OK,정상,0,0,0,0,정상,
2026-05-13 14:18,2026-05-13 14:48,0.0031,OK,정상,0,0,0,0,정상,
2026-05-13 14:19,2026-05-13 14:49,0.002,OK,정상,0,0,0,0,정상,
2026-05-13 14:20,2026-05-13 14:50,0.0006,OK,정상,0,0,0,0,정상,
2026-05-13 14:21,2026-05-13 14:51,0.0005,OK,정상,0,0,0,0,정상,
2026-05-13 14:22,2026-05-13 14:52,0.0005,OK,정상,0,0,0,0,정상,
2026-05-13 14:23,2026-05-13 14:53,0.0006,OK,정상,0,0,0,0,정상,
2026-05-13 14:24,2026-05-13 14:54,0.0008,OK,정상,0,0,0,0,정상,
2026-05-13 14:25,2026-05-13 14:55,0.0009,OK,정상,0,0,0,0,정상,
2026-05-13 14:26,2026-05-13 14:56,0.001,OK,정상,0,0,0,0,정상,
2026-05-13 14:27,2026-05-13 14:57,0.0009,OK,정상,0,0,0,0,정상,
2026-05-13 14:28,2026-05-13 14:58,0.0004,OK,정상,0,0,0,0,정상,
2026-05-13 14:29,2026-05-13 14:59,0.0005,OK,정상,0,0,0,0,정상,
2026-05-13 14:30,2026-05-13 15:00,0.0003,OK,정상,0,0,0,0,정상,
2026-05-13 14:31,2026-05-13 15:01,0.0004,OK,정상,0,0,0,0,정상,
2026-05-13 14:32,2026-05-13 15:02,0.0003,OK,정상,0,0,0,0,정상,
2026-05-13 14:33,2026-05-13 15:03,0.0005,OK,정상,0,0,0,0,정상,
2026-05-13 14:34,2026-05-13 15:04,0.0003,OK,정상,0,0,0,0,정상,
2026-05-13 14:35,2026-05-13 15:05,0.0007,OK,정상,0,0,0,0,정상,
2026-05-13 14:36,2026-05-13 15:06,0.001,OK,정상,0,0,0,0,정상,
2026-05-13 14:37,2026-05-13 15:07,0.0006,OK,정상,0,0,0,0,정상,
2026-05-13 14:38,2026-05-13 15:08,0.0007,OK,정상,0,0,0,0,정상,
2026-05-13 14:39,2026-05-13 15:09,0.0008,OK,정상,0,0,0,0,정상,
2026-05-13 14:40,2026-05-13 15:10,0.0005,OK,정상,0,0,0,0,정상,
2026-05-13 14:41,2026-05-13 15:11,0.0004,OK,정상,0,0,0,0,정상,
2026-05-13 14:42,2026-05-13 15:12,0.0003,OK,정상,0,0,0,0,정상,
2026-05-13 14:43,2026-05-13 15:13,0.0003,OK,정상,0,0,0,0,정상,
2026-05-13 14:44,2026-05-13 15:14,0.0003,OK,정상,0,0,0,0,정상,
2026-05-13 14:45,2026-05-13 15:15,0.0002,OK,정상,0,0,0,0,정상,
2026-05-13 14:46,2026-05-13 15:16,0.0002,OK,정상,0,0,0,0,정상,
2026-05-13 14:47,2026-05-13 15:17,0.0003,OK,정상,0,0,0,0,정상,
2026-05-13 14:48,2026-05-13 15:18,0.0004,OK,정상,0,0,0,0,정상,
2026-05-13 14:49,2026-05-13 15:19,0.0003,OK,정상,0,0,0,0,정상,
2026-05-13 14:50,2026-05-13 15:20,0.0004,OK,정상,0,0,0,0,정상,
2026-05-13 14:51,2026-05-13 15:21,0.0004,OK,정상,0,0,0,0,정상,
2026-05-13 14:52,2026-05-13 15:22,0.0004,OK,정상,0,0,0,0,정상,
2026-05-13 14:53,2026-05-13 15:23,0.0005,OK,정상,0,0,0,0,정상,
2026-05-13 14:54,2026-05-13 15:24,0.0003,OK,정상,0,0,0,0,정상,
2026-05-13 14:55,2026-05-13 15:25,0.0004,OK,정상,0,0,0,0,정상,
2026-05-13 14:56,2026-05-13 15:26,0.0004,OK,정상,0,0,0,0,정상,
2026-05-13 14:57,2026-05-13 15:27,0.0011,OK,정상,0,0,0,0,정상,
2026-05-13 14:58,2026-05-13 15:28,0.0003,OK,정상,0,0,0,0,정상,
2026-05-13 14:59,2026-05-13 15:29,0.0003,OK,정상,0,0,0,0,정상,
2026-05-13 15:00,2026-05-13 15:30,0.0003,OK,정상,0,0,0,0,정상,
2026-05-13 15:01,2026-05-13 15:31,0.0013,OK,정상,0,0,0,0,정상,
2026-05-13 15:02,2026-05-13 15:32,0.0003,OK,정상,0,0,0,0,정상,
2026-05-13 15:03,2026-05-13 15:33,0.0003,OK,정상,0,0,0,0,정상,
2026-05-13 15:04,2026-05-13 15:34,0.0003,OK,정상,0,0,0,0,정상,
2026-05-13 15:05,2026-05-13 15:35,0.0003,OK,정상,0,0,0,0,정상,
2026-05-13 15:06,2026-05-13 15:36,0.0003,OK,정상,0,0,0,0,정상,
2026-05-13 15:07,2026-05-13 15:37,0.0002,OK,정상,0,0,0,0,정상,
2026-05-13 15:08,2026-05-13 15:38,0.0003,OK,정상,0,0,0,0,정상,
2026-05-13 15:09,2026-05-13 15:39,0.0003,OK,정상,0,0,0,0,정상,
2026-05-13 15:10,2026-05-13 15:40,0.0002,OK,정상,0,0,0,0,정상,
2026-05-13 15:11,2026-05-13 15:41,0.0003,OK,정상,0,0,0,0,정상,
2026-05-13 15:12,2026-05-13 15:42,0.0005,OK,정상,0,0,0,0,정상,
2026-05-13 15:13,2026-05-13 15:43,0.0005,OK,정상,0,0,0,0,정상,
2026-05-13 15:14,2026-05-13 15:44,0.0003,OK,정상,0,0,0,0,정상,
2026-05-13 15:15,2026-05-13 15:45,0.0003,OK,정상,0,0,0,0,정상,
2026-05-13 15:16,2026-05-13 15:46,0.0003,OK,정상,0,0,0,0,정상,
2026-05-13 15:17,2026-05-13 15:47,0.0003,OK,정상,0,0,0,0,정상,
2026-05-13 15:18,2026-05-13 15:48,0.0003,OK,정상,0,0,0,0,정상,
2026-05-13 15:19,2026-05-13 15:49,0.0003,OK,정상,0,0,0,0,정상,
2026-05-13 15:20,2026-05-13 15:50,0.0002,OK,정상,0,0,0,0,정상,
2026-05-13 15:21,2026-05-13 15:51,0.0004,OK,정상,0,0,0,0,정상,
2026-05-13 15:22,2026-05-13 15:52,0.0003,OK,정상,0,0,0,0,정상,
2026-05-13 15:23,2026-05-13 15:53,0.0004,OK,정상,0,0,0,0,정상,
2026-05-13 15:24,2026-05-13 15:54,0.0003,OK,정상,0,0,0,0,정상,
2026-05-13 15:25,2026-05-13 15:55,0.0003,OK,정상,0,0,0,0,정상,
2026-05-13 15:26,2026-05-13 15:56,0.0004,OK,정상,0,0,0,0,정상,
2026-05-13 15:27,2026-05-13 15:57,0.0002,OK,정상,0,0,0,0,정상,
2026-05-13 15:28,2026-05-13 15:58,0.0005,OK,정상,0,0,0,0,정상,
2026-05-13 15:29,2026-05-13 15:59,0.0003,OK,정상,0,0,0,0,정상,
2026-05-13 15:30,2026-05-13 16:00,0.0002,OK,정상,0,0,0,0,정상,
2026-05-13 15:31,2026-05-13 16:01,0.0004,OK,정상,0,0,0,0,정상,
2026-05-13 15:32,2026-05-13 16:02,0.0006,OK,정상,0,0,0,0,정상,
2026-05-13 15:33,2026-05-13 16:03,0.0014,OK,정상,0,0,0,0,정상,
2026-05-13 15:34,2026-05-13 16:04,0.002,OK,정상,0,1,0,0,정상,
2026-05-13 15:35,2026-05-13 16:05,0.0016,OK,정상,0,1,0,0,정상,
2026-05-13 15:36,2026-05-13 16:06,0.0025,OK,정상,0,1,0,0,정상,
2026-05-13 15:37,2026-05-13 16:07,0.0024,OK,정상,0,0,0,0,정상,
2026-05-13 15:38,2026-05-13 16:08,0.0016,OK,정상,0,0,0,0,정상,
2026-05-13 15:39,2026-05-13 16:09,0.0021,OK,정상,0,0,0,0,정상,
2026-05-13 15:40,2026-05-13 16:10,0.0026,OK,정상,0,0,0,0,정상,
2026-05-13 15:41,2026-05-13 16:11,0.0025,OK,정상,0,1,0,0,정상,
2026-05-13 15:42,2026-05-13 16:12,0.0025,OK,정상,0,0,0,0,정상,
2026-05-13 15:43,2026-05-13 16:13,0.002,OK,정상,0,0,0,0,정상,
2026-05-13 15:44,2026-05-13 16:14,0.0024,OK,정상,0,0,0,0,정상,
2026-05-13 15:45,2026-05-13 16:15,0.0014,OK,정상,0,0,0,0,정상,
2026-05-13 15:46,2026-05-13 16:16,0.0017,OK,정상,0,0,0,0,정상,
2026-05-13 15:47,2026-05-13 16:17,0.0019,OK,정상,0,0,0,0,정상,
2026-05-13 15:48,2026-05-13 16:18,0.0019,OK,정상,0,0,0,0,정상,
2026-05-13 15:49,2026-05-13 16:19,0.002,OK,정상,0,0,0,0,정상,
2026-05-13 15:50,2026-05-13 16:20,0.002,OK,정상,0,0,0,0,정상,
2026-05-13 15:51,2026-05-13 16:21,0.0018,OK,정상,0,0,0,0,정상,
2026-05-13 15:52,2026-05-13 16:22,0.0032,OK,정상,0,0,0,0,정상,
2026-05-13 15:53,2026-05-13 16:23,0.0029,OK,정상,0,0,0,0,정상,
2026-05-13 15:54,2026-05-13 16:24,0.0026,OK,정상,0,0,0,0,정상,
2026-05-13 15:55,2026-05-13 16:25,0.0019,OK,정상,0,0,0,0,정상,
2026-05-13 15:56,2026-05-13 16:26,0.002,OK,정상,0,0,0,0,정상,
2026-05-13 15:57,2026-05-13 16:27,0.0026,OK,정상,0,0,0,0,정상,
2026-05-13 15:58,2026-05-13 16:28,0.0017,OK,정상,0,0,0,0,정상,
2026-05-13 15:59,2026-05-13 16:29,0.0025,OK,정상,0,0,0,0,정상,
2026-05-13 16:00,2026-05-13 16:30,0.0022,OK,정상,0,0,0,0,정상,
2026-05-13 16:01,2026-05-13 16:31,0.0008,OK,정상,0,1,0,0,정상,
2026-05-13 16:02,2026-05-13 16:32,0.0007,OK,정상,0,0,0,0,정상,
2026-05-13 16:03,2026-05-13 16:33,0.001,OK,정상,0,0,0,0,정상,
2026-05-13 16:04,2026-05-13 16:34,0.0011,OK,정상,0,0,0,0,정상,
2026-05-13 16:05,2026-05-13 16:35,0.0011,OK,정상,1,0,0,0,정상,
2026-05-13 16:06,2026-05-13 16:36,0.001,OK,정상,0,0,0,0,정상,
2026-05-13 16:07,2026-05-13 16:37,0.0011,OK,정상,1,0,0,0,정상,
2026-05-13 16:08,2026-05-13 16:38,0.0009,OK,정상,0,0,0,0,정상,
2026-05-13 16:09,2026-05-13 16:39,0.0016,OK,정상,1,0,0,0,정상,
2026-05-13 16:10,2026-05-13 16:40,0.0019,OK,정상,0,0,0,0,정상,
2026-05-13 16:11,2026-05-13 16:41,0.0031,OK,정상,1,0,0,0,정상,
2026-05-13 16:12,2026-05-13 16:42,0.0012,OK,정상,0,0,0,0,정상,
2026-05-13 16:13,2026-05-13 16:43,0.0018,OK,정상,1,0,0,0,정상,
2026-05-13 16:14,2026-05-13 16:44,0.0139,OK,정상,0,0,0,0,정상,
2026-05-13 16:15,2026-05-13 16:45,0.0015,OK,정상,1,0,0,0,정상,
2026-05-13 16:16,2026-05-13 16:46,0.0011,OK,정상,0,0,0,0,정상,
2026-05-13 16:17,2026-05-13 16:47,0.0012,OK,정상,1,0,0,0,정상,
2026-05-13 16:18,2026-05-13 16:48,0.0011,OK,정상,0,0,0,0,정상,
2026-05-13 16:19,2026-05-13 16:49,0.006,OK,정상,1,0,0,0,정상,
2026-05-13 16:20,2026-05-13 16:50,0.0012,OK,정상,0,0,0,0,정상,
2026-05-13 16:21,2026-05-13 16:51,0.0014,OK,정상,1,0,0,0,정상,
2026-05-13 16:22,2026-05-13 16:52,0.0012,OK,정상,0,0,0,0,정상,
2026-05-13 16:23,2026-05-13 16:53,0.0013,OK,정상,1,0,0,0,정상,
2026-05-13 16:24,2026-05-13 16:54,0.0011,OK,정상,1,0,0,0,정상,
2026-05-13 16:25,2026-05-13 16:55,0.0014,OK,정상,1,0,0,0,정상,
2026-05-13 16:26,2026-05-13 16:56,0.0008,OK,정상,1,0,0,0,정상,
2026-05-13 16:27,2026-05-13 16:57,0.0013,OK,정상,1,1,0,0,정상,
2026-05-13 16:28,2026-05-13 16:58,0.0015,OK,정상,1,0,0,0,정상,
2026-05-13 16:29,2026-05-13 16:59,0.0016,OK,정상,1,0,0,0,정상,
2026-05-13 16:30,2026-05-13 17:00,0.0009,OK,정상,1,0,0,0,정상,
2026-05-13 16:31,2026-05-13 17:01,0.0015,OK,정상,1,0,0,0,정상,
2026-05-13 16:32,2026-05-13 17:02,0.0013,OK,정상,1,0,0,0,정상,
2026-05-13 16:33,2026-05-13 17:03,0.0013,OK,정상,1,0,0,0,정상,
2026-05-13 16:34,2026-05-13 17:04,0.0021,OK,정상,1,0,0,0,정상,
2026-05-13 16:35,2026-05-13 17:05,0.0016,OK,정상,1,0,0,0,정상,
2026-05-13 16:36,2026-05-13 17:06,0.0013,OK,정상,1,0,0,0,정상,
2026-05-13 16:37,2026-05-13 17:07,0.0016,OK,정상,1,0,0,0,정상,
2026-05-13 16:38,2026-05-13 17:08,0.0012,OK,정상,1,0,0,0,정상,
2026-05-13 16:39,2026-05-13 17:09,0.0013,OK,정상,1,0,0,0,정상,
2026-05-13 16:40,2026-05-13 17:10,0.0013,OK,정상,1,0,0,0,정상,
2026-05-13 16:41,2026-05-13 17:11,0.0015,OK,정상,1,0,0,0,정상,
2026-05-13 16:42,2026-05-13 17:12,0.0011,OK,정상,1,0,0,0,정상,
2026-05-13 16:43,2026-05-13 17:13,0.0009,OK,정상,1,0,0,0,정상,
2026-05-13 16:44,2026-05-13 17:14,0.0011,OK,정상,1,0,0,0,정상,
2026-05-13 16:45,2026-05-13 17:15,0.0014,OK,정상,1,0,0,0,정상,
2026-05-13 16:46,2026-05-13 17:16,0.001,OK,정상,1,0,0,0,정상,
2026-05-13 16:47,2026-05-13 17:17,0.0013,OK,정상,1,0,0,0,정상,
2026-05-13 16:48,2026-05-13 17:18,0.0012,OK,정상,1,0,0,0,정상,
2026-05-13 16:49,2026-05-13 17:19,0.0014,OK,정상,1,0,0,0,정상,
2026-05-13 16:50,2026-05-13 17:20,0.0011,OK,정상,1,0,0,0,정상,
2026-05-13 16:51,2026-05-13 17:21,0.0015,OK,정상,1,0,0,0,정상,
2026-05-13 16:52,2026-05-13 17:22,0.0014,OK,정상,1,0,0,0,정상,
2026-05-13 16:53,2026-05-13 17:23,0.0011,OK,정상,0,0,0,0,정상,
2026-05-13 16:54,2026-05-13 17:24,0.0013,OK,정상,0,0,0,0,정상,
2026-05-13 16:55,2026-05-13 17:25,0.0015,OK,정상,0,0,0,0,정상,
2026-05-13 16:56,2026-05-13 17:26,0.0011,OK,정상,0,0,0,0,정상,
2026-05-13 16:57,2026-05-13 17:27,0.001,OK,정상,0,0,0,0,정상,
2026-05-13 16:58,2026-05-13 17:28,0.0012,OK,정상,0,0,0,0,정상,
2026-05-13 16:59,2026-05-13 17:29,0.0015,OK,정상,0,0,0,0,정상,
2026-05-13 17:00,2026-05-13 17:30,0.001,OK,정상,0,0,0,0,정상,
2026-05-13 17:01,2026-05-13 17:31,0.001,OK,정상,0,0,0,0,정상,
2026-05-13 17:02,2026-05-13 17:32,0.0012,OK,정상,0,0,0,0,정상,
2026-05-13 17:03,2026-05-13 17:33,0.0017,OK,정상,0,0,0,0,정상,
2026-05-13 17:04,2026-05-13 17:34,0.0012,OK,정상,0,0,0,0,정상,
2026-05-13 17:05,2026-05-13 17:35,0.0009,OK,정상,0,0,0,0,정상,
2026-05-13 17:06,2026-05-13 17:36,0.0008,OK,정상,0,0,0,0,정상,
2026-05-13 17:07,2026-05-13 17:37,0.0013,OK,정상,0,0,0,0,정상,
2026-05-13 17:08,2026-05-13 17:38,0.001,OK,정상,0,0,0,0,정상,
2026-05-13 17:09,2026-05-13 17:39,0.0014,OK,정상,0,0,0,0,정상,
2026-05-13 17:10,2026-05-13 17:40,0.0014,OK,정상,0,0,0,0,정상,
2026-05-13 17:11,2026-05-13 17:41,0.0015,OK,정상,0,0,0,0,정상,
2026-05-13 17:12,2026-05-13 17:42,0.0014,OK,정상,0,0,0,0,정상,
2026-05-13 17:13,2026-05-13 17:43,0.0023,OK,정상,1,0,0,0,정상,
2026-05-13 17:14,2026-05-13 17:44,0.002,OK,정상,0,0,0,0,정상,
2026-05-13 17:15,2026-05-13 17:45,0.0023,OK,정상,1,0,0,0,정상,
2026-05-13 17:16,2026-05-13 17:46,0.002,OK,정상,0,0,0,0,정상,
2026-05-13 17:17,2026-05-13 17:47,0.0023,OK,정상,1,0,0,0,정상,
2026-05-13 17:18,2026-05-13 17:48,0.0027,OK,정상,0,1,0,0,정상,
2026-05-13 17:19,2026-05-13 17:49,0.0043,OK,정상,1,0,0,0,정상,
2026-05-13 17:20,2026-05-13 17:50,0.0038,OK,정상,0,0,0,0,정상,
2026-05-13 17:21,2026-05-13 17:51,0.0024,OK,정상,1,0,0,0,정상,
2026-05-13 17:22,2026-05-13 17:52,0.0027,OK,정상,0,0,0,0,정상,
2026-05-13 17:23,2026-05-13 17:53,0.0027,OK,정상,1,0,0,0,정상,
2026-05-13 17:24,2026-05-13 17:54,0.0051,OK,정상,0,0,0,0,정상,
2026-05-13 17:25,2026-05-13 17:55,0.0017,OK,정상,1,0,0,0,정상,
2026-05-13 17:26,2026-05-13 17:56,0.0014,OK,정상,0,0,0,0,정상,
2026-05-13 17:27,2026-05-13 17:57,0.0017,OK,정상,1,0,0,0,정상,
2026-05-13 17:28,2026-05-13 17:58,0.0014,OK,정상,0,0,0,0,정상,
2026-05-13 17:29,2026-05-13 17:59,0.0082,OK,정상,1,0,0,0,정상,
2026-05-13 17:30,2026-05-13 18:00,0.0071,OK,정상,0,0,0,0,정상,
2026-05-13 17:31,2026-05-13 18:01,0.0015,OK,정상,1,0,0,0,정상,
2026-05-13 17:32,2026-05-13 18:02,0.0013,OK,정상,0,0,0,0,정상,
2026-05-13 17:33,2026-05-13 18:03,0.0017,OK,정상,1,0,0,0,정상,
2026-05-13 17:34,2026-05-13 18:04,0.0013,OK,정상,0,0,0,0,정상,
2026-05-13 17:35,2026-05-13 18:05,0.0015,OK,정상,1,0,0,0,정상,
2026-05-13 17:36,2026-05-13 18:06,0.0013,OK,정상,1,0,0,0,정상,
2026-05-13 17:37,2026-05-13 18:07,0.0018,OK,정상,1,0,0,0,정상,
2026-05-13 17:38,2026-05-13 18:08,0.0017,OK,정상,1,0,0,0,정상,
2026-05-13 17:39,2026-05-13 18:09,0.0015,OK,정상,1,0,0,0,정상,
2026-05-13 17:40,2026-05-13 18:10,0.0013,OK,정상,1,0,0,0,정상,
2026-05-13 17:41,2026-05-13 18:11,0.0015,OK,정상,1,0,0,0,정상,
2026-05-13 17:42,2026-05-13 18:12,0.0012,OK,정상,1,0,0,0,정상,
2026-05-13 17:43,2026-05-13 18:13,0.0017,OK,정상,1,0,0,0,정상,
2026-05-13 17:44,2026-05-13 18:14,0.0012,OK,정상,0,0,0,0,정상,
2026-05-13 17:45,2026-05-13 18:15,0.0011,OK,정상,1,0,0,0,정상,
2026-05-13 17:46,2026-05-13 18:16,0.001,OK,정상,0,0,0,0,정상,
2026-05-13 17:47,2026-05-13 18:17,0.0014,OK,정상,1,0,0,0,정상,
2026-05-13 17:48,2026-05-13 18:18,0.0013,OK,정상,0,0,0,0,정상,
2026-05-13 17:49,2026-05-13 18:19,0.0014,OK,정상,0,0,0,0,정상,
2026-05-13 17:50,2026-05-13 18:20,0.0012,OK,정상,0,1,0,0,정상,
2026-05-13 17:51,2026-05-13 18:21,0.0008,OK,정상,0,0,0,0,정상,
2026-05-13 17:52,2026-05-13 18:22,0.001,OK,정상,0,0,0,0,정상,
2026-05-13 17:53,2026-05-13 18:23,0.0053,OK,정상,0,0,0,0,정상,
2026-05-13 17:54,2026-05-13 18:24,0.0015,OK,정상,0,0,0,0,정상,
2026-05-13 17:55,2026-05-13 18:25,0.0015,OK,정상,1,0,0,0,정상,
2026-05-13 17:56,2026-05-13 18:26,0.0015,OK,정상,0,0,0,0,정상,
2026-05-13 17:57,2026-05-13 18:27,0.0023,OK,정상,1,0,0,0,정상,
2026-05-13 17:58,2026-05-13 18:28,0.0016,OK,정상,0,0,0,0,정상,
2026-05-13 17:59,2026-05-13 18:29,0.0014,OK,정상,1,0,0,0,정상,
2026-05-13 18:00,2026-05-13 18:30,0.0015,OK,정상,0,0,0,0,정상,
2026-05-13 18:01,2026-05-13 18:31,0.002,OK,정상,0,0,0,0,정상,
2026-05-13 18:02,2026-05-13 18:32,0.0016,OK,정상,0,0,0,0,정상,
2026-05-13 18:03,2026-05-13 18:33,0.0015,OK,정상,0,0,0,0,정상,
2026-05-13 18:04,2026-05-13 18:34,0.0019,OK,정상,0,0,0,0,정상,
2026-05-13 18:05,2026-05-13 18:35,0.0025,OK,정상,0,0,0,0,정상,
2026-05-13 18:06,2026-05-13 18:36,0.0028,OK,정상,0,1,0,0,정상,
2026-05-13 18:07,2026-05-13 18:37,0.0052,OK,정상,0,1,0,0,정상,
2026-05-13 18:08,2026-05-13 18:38,0.0017,OK,정상,0,1,0,0,정상,
2026-05-13 18:09,2026-05-13 18:39,0.0016,OK,정상,0,1,0,0,정상,
2026-05-13 18:10,2026-05-13 18:40,0.0028,OK,정상,0,1,0,0,정상,
2026-05-13 18:11,2026-05-13 18:41,0.0024,OK,정상,0,0,0,0,정상,
2026-05-13 18:12,2026-05-13 18:42,0.0023,OK,정상,0,0,0,0,정상,
2026-05-13 18:13,2026-05-13 18:43,0.0023,OK,정상,0,0,0,0,정상,
2026-05-13 18:14,2026-05-13 18:44,0.0019,OK,정상,0,0,0,0,정상,
2026-05-13 18:15,2026-05-13 18:45,0.0019,OK,정상,0,0,0,0,정상,
2026-05-13 18:16,2026-05-13 18:46,0.0021,OK,정상,0,0,0,0,정상,
2026-05-13 18:17,2026-05-13 18:47,0.0023,OK,정상,0,0,0,0,정상,
2026-05-13 18:18,2026-05-13 18:48,0.002,OK,정상,0,0,0,0,정상,
2026-05-13 18:19,2026-05-13 18:49,0.0022,OK,정상,0,0,0,0,정상,
2026-05-13 18:20,2026-05-13 18:50,0.0023,OK,정상,0,0,0,0,정상,
2026-05-13 18:21,2026-05-13 18:51,0.0018,OK,정상,0,0,0,0,정상,
2026-05-13 18:22,2026-05-13 18:52,0.0019,OK,정상,0,0,0,0,정상,
2026-05-13 18:23,2026-05-13 18:53,0.0016,OK,정상,0,0,0,0,정상,
2026-05-13 18:24,2026-05-13 18:54,0.0017,OK,정상,0,0,0,0,정상,
2026-05-13 18:25,2026-05-13 18:55,0.0015,OK,정상,0,0,0,0,정상,
2026-05-13 18:26,2026-05-13 18:56,0.0018,OK,정상,0,0,0,0,정상,
2026-05-13 18:27,2026-05-13 18:57,0.0018,OK,정상,0,0,0,0,정상,
2026-05-13 18:28,2026-05-13 18:58,0.0015,OK,정상,0,0,0,0,정상,
2026-05-13 18:29,2026-05-13 18:59,0.002,OK,정상,0,0,0,0,정상,
2026-05-13 18:30,2026-05-13 19:00,0.0024,OK,정상,0,0,0,0,정상,
2026-05-13 18:31,2026-05-13 19:01,0.0021,OK,정상,0,0,0,0,정상,
2026-05-13 18:32,2026-05-13 19:02,0.0027,OK,정상,0,0,0,0,정상,
2026-05-13 18:33,2026-05-13 19:03,0.0018,OK,정상,0,0,0,0,정상,
2026-05-13 18:34,2026-05-13 19:04,0.0018,OK,정상,0,0,0,0,정상,
2026-05-13 18:35,2026-05-13 19:05,0.0019,OK,정상,0,0,0,0,정상,
2026-05-13 18:36,2026-05-13 19:06,0.002,OK,정상,0,0,0,0,정상,
2026-05-13 18:37,2026-05-13 19:07,0.002,OK,정상,0,0,0,0,정상,
2026-05-13 18:38,2026-05-13 19:08,0.002,OK,정상,0,0,0,0,정상,
2026-05-13 18:39,2026-05-13 19:09,0.0024,OK,정상,0,0,0,0,정상,
2026-05-13 18:40,2026-05-13 19:10,0.0076,OK,정상,0,0,0,0,정상,
2026-05-13 18:41,2026-05-13 19:11,0.0032,OK,정상,0,0,0,0,정상,
2026-05-13 18:42,2026-05-13 19:12,0.0024,OK,정상,0,0,0,0,정상,
2026-05-13 18:43,2026-05-13 19:13,0.0023,OK,정상,0,0,0,0,정상,
2026-05-13 18:44,2026-05-13 19:14,0.0029,OK,정상,0,0,0,0,정상,
2026-05-13 18:45,2026-05-13 19:15,0.0029,OK,정상,1,0,0,0,정상,
2026-05-13 18:46,2026-05-13 19:16,0.0021,OK,정상,0,0,0,0,정상,
2026-05-13 18:47,2026-05-13 19:17,0.0024,OK,정상,1,0,0,0,정상,
2026-05-13 18:48,2026-05-13 19:18,0.0021,OK,정상,0,0,0,0,정상,
2026-05-13 18:49,2026-05-13 19:19,0.0019,OK,정상,0,0,0,0,정상,
2026-05-13 18:50,2026-05-13 19:20,0.0017,OK,정상,0,0,0,0,정상,
2026-05-13 18:51,2026-05-13 19:21,0.0014,OK,정상,0,0,0,0,정상,
2026-05-13 18:52,2026-05-13 19:22,0.0013,OK,정상,0,0,0,0,정상,
2026-05-13 18:53,2026-05-13 19:23,0.0009,OK,정상,0,0,0,0,정상,
2026-05-13 18:54,2026-05-13 19:24,0.0049,OK,정상,0,0,0,0,정상,
2026-05-13 18:55,2026-05-13 19:25,0.0013,OK,정상,0,0,0,0,정상,
2026-05-13 18:56,2026-05-13 19:26,0.0008,OK,정상,0,0,0,0,정상,
2026-05-13 18:57,2026-05-13 19:27,0.0009,OK,정상,0,0,0,0,정상,
2026-05-13 18:58,2026-05-13 19:28,0.0035,OK,정상,0,0,0,0,정상,
2026-05-13 18:59,2026-05-13 19:29,0.001,OK,정상,0,0,0,0,정상,
2026-05-13 19:00,2026-05-13 19:30,0.0013,OK,정상,0,0,0,0,정상,
2026-05-13 19:01,2026-05-13 19:31,0.0015,OK,정상,0,0,0,0,정상,
2026-05-13 19:02,2026-05-13 19:32,0.0013,OK,정상,0,0,0,0,정상,
2026-05-13 19:03,2026-05-13 19:33,0.0049,OK,정상,0,0,0,0,정상,
2026-05-13 19:04,2026-05-13 19:34,0.0014,OK,정상,0,0,0,0,정상,
2026-05-13 19:05,2026-05-13 19:35,0.0048,OK,정상,0,0,0,0,정상,
2026-05-13 19:06,2026-05-13 19:36,0.001,OK,정상,0,0,0,0,정상,
2026-05-13 19:07,2026-05-13 19:37,0.0007,OK,정상,0,0,0,0,정상,
2026-05-13 19:08,2026-05-13 19:38,0.0012,OK,정상,0,0,0,0,정상,
2026-05-13 19:09,2026-05-13 19:39,0.0015,OK,정상,0,0,0,0,정상,
2026-05-13 19:10,2026-05-13 19:40,0.0014,OK,정상,0,0,0,0,정상,
2026-05-13 19:11,2026-05-13 19:41,0.0055,OK,정상,0,0,0,0,정상,
2026-05-13 19:12,2026-05-13 19:42,0.0022,OK,정상,0,0,0,0,정상,
2026-05-13 19:13,2026-05-13 19:43,0.0019,OK,정상,0,0,0,0,정상,
2026-05-13 19:14,2026-05-13 19:44,0.002,OK,정상,0,0,0,0,정상,
2026-05-13 19:15,2026-05-13 19:45,0.0024,OK,정상,0,0,0,0,정상,
2026-05-13 19:16,2026-05-13 19:46,0.0025,OK,정상,0,0,0,0,정상,
2026-05-13 19:17,2026-05-13 19:47,0.0026,OK,정상,0,0,0,0,정상,
2026-05-13 19:18,2026-05-13 19:48,0.0021,OK,정상,0,0,0,0,정상,
2026-05-13 19:19,2026-05-13 19:49,0.0018,OK,정상,0,0,0,0,정상,
2026-05-13 19:20,2026-05-13 19:50,0.001,OK,정상,0,0,0,0,정상,
2026-05-13 19:21,2026-05-13 19:51,0.0034,OK,정상,0,0,0,0,정상,
2026-05-13 19:22,2026-05-13 19:52,0.0037,OK,정상,0,0,0,0,정상,
2026-05-13 19:23,2026-05-13 19:53,0.0032,OK,정상,0,0,0,0,정상,
2026-05-13 19:24,2026-05-13 19:54,0.0032,OK,정상,0,0,0,0,정상,
2026-05-13 19:25,2026-05-13 19:55,0.0011,OK,정상,0,0,0,0,정상,
2026-05-13 19:26,2026-05-13 19:56,0.001,OK,정상,0,0,0,0,정상,
2026-05-13 19:27,2026-05-13 19:57,0.0009,OK,정상,0,0,0,0,정상,
2026-05-13 19:28,2026-05-13 19:58,0.0012,OK,정상,0,0,0,0,정상,
2026-05-13 19:29,2026-05-13 19:59,0.0011,OK,정상,0,0,0,0,정상,
2026-05-13 19:30,2026-05-13 20:00,0.0016,OK,정상,0,0,0,0,정상,
2026-05-13 19:31,2026-05-13 20:01,0.0012,OK,정상,0,0,0,0,정상,
2026-05-13 19:32,2026-05-13 20:02,0.0015,OK,정상,0,0,0,0,정상,
2026-05-13 19:33,2026-05-13 20:03,0.0015,OK,정상,0,0,0,0,정상,
2026-05-13 19:34,2026-05-13 20:04,0.0016,OK,정상,0,0,0,0,정상,
2026-05-13 19:35,2026-05-13 20:05,0.0018,OK,정상,0,0,0,0,정상,
2026-05-13 19:36,2026-05-13 20:06,0.0018,OK,정상,0,0,0,0,정상,
2026-05-13 19:37,2026-05-13 20:07,0.0021,OK,정상,0,0,0,0,정상,
2026-05-13 19:38,2026-05-13 20:08,0.0018,OK,정상,0,0,0,0,정상,
2026-05-13 19:39,2026-05-13 20:09,0.0017,OK,정상,0,0,0,0,정상,
2026-05-13 19:40,2026-05-13 20:10,0.0017,OK,정상,0,0,0,0,정상,
2026-05-13 19:41,2026-05-13 20:11,0.0016,OK,정상,0,0,0,0,정상,
2026-05-13 19:42,2026-05-13 20:12,0.0033,OK,정상,0,0,0,0,정상,
2026-05-13 19:43,2026-05-13 20:13,0.0031,OK,정상,0,0,0,0,정상,
2026-05-13 19:44,2026-05-13 20:14,0.0032,OK,정상,0,0,0,0,정상,
2026-05-13 19:45,2026-05-13 20:15,0.0045,OK,정상,0,0,0,0,정상,
2026-05-13 19:46,2026-05-13 20:16,0.0026,OK,정상,0,1,0,0,정상,
2026-05-13 19:47,2026-05-13 20:17,0.0036,OK,정상,0,1,0,0,정상,
2026-05-13 19:48,2026-05-13 20:18,0.0015,OK,정상,0,1,0,0,정상,
2026-05-13 19:49,2026-05-13 20:19,0.0013,OK,정상,0,1,0,0,정상,
2026-05-13 19:50,2026-05-13 20:20,0.0013,OK,정상,0,0,0,0,정상,
2026-05-13 19:51,2026-05-13 20:21,0.0012,OK,정상,0,0,0,0,정상,
2026-05-13 19:52,2026-05-13 20:22,0.0015,OK,정상,0,0,0,0,정상,
2026-05-13 19:53,2026-05-13 20:23,0.0015,OK,정상,1,0,0,0,정상,
2026-05-13 19:54,2026-05-13 20:24,0.0009,OK,정상,0,0,0,0,정상,
2026-05-13 19:55,2026-05-13 20:25,0.001,OK,정상,0,0,0,0,정상,
2026-05-13 19:56,2026-05-13 20:26,0.0011,OK,정상,0,0,0,0,정상,
2026-05-13 19:57,2026-05-13 20:27,0.001,OK,정상,0,0,0,0,정상,
2026-05-13 19:58,2026-05-13 20:28,0.0017,OK,정상,0,0,0,0,정상,
2026-05-13 19:59,2026-05-13 20:29,0.0016,OK,정상,0,0,0,0,정상,
2026-05-13 20:00,2026-05-13 20:30,0.0015,OK,정상,0,0,0,0,정상,
2026-05-13 20:01,2026-05-13 20:31,0.0015,OK,정상,0,0,0,0,정상,
2026-05-13 20:02,2026-05-13 20:32,0.0015,OK,정상,0,0,0,0,정상,
2026-05-13 20:03,2026-05-13 20:33,0.0013,OK,정상,0,0,0,0,정상,
2026-05-13 20:04,2026-05-13 20:34,0.001,OK,정상,0,0,0,0,정상,
2026-05-13 20:05,2026-05-13 20:35,0.0009,OK,정상,0,0,0,0,정상,
2026-05-13 20:06,2026-05-13 20:36,0.001,OK,정상,0,1,0,0,정상,
2026-05-13 20:07,2026-05-13 20:37,0.0009,OK,정상,0,0,0,0,정상,
2026-05-13 20:08,2026-05-13 20:38,0.0011,OK,정상,0,0,0,0,정상,
2026-05-13 20:09,2026-05-13 20:39,0.0012,OK,정상,0,1,0,0,정상,
2026-05-13 20:10,2026-05-13 20:40,0.0012,OK,정상,0,1,0,0,정상,
2026-05-13 20:11,2026-05-13 20:41,0.0022,OK,정상,0,0,0,0,정상,
2026-05-13 20:12,2026-05-13 20:42,0.0018,OK,정상,0,0,0,0,정상,
2026-05-13 20:13,2026-05-13 20:43,0.0018,OK,정상,0,0,0,0,정상,
2026-05-13 20:14,2026-05-13 20:44,0.0012,OK,정상,0,1,0,0,정상,
2026-05-13 20:15,2026-05-13 20:45,0.008,OK,정상,0,0,0,0,정상,
2026-05-13 20:16,2026-05-13 20:46,0.0017,OK,정상,0,0,0,0,정상,
2026-05-13 20:17,2026-05-13 20:47,0.0056,OK,정상,0,0,0,0,정상,
2026-05-13 20:18,2026-05-13 20:48,0.0015,OK,정상,0,0,0,0,정상,
2026-05-13 20:19,2026-05-13 20:49,0.008,OK,정상,0,0,0,0,정상,
2026-05-13 20:20,2026-05-13 20:50,0.0021,OK,정상,0,0,0,0,정상,
2026-05-13 20:21,2026-05-13 20:51,0.002,OK,정상,0,0,0,0,정상,
2026-05-13 20:22,2026-05-13 20:52,0.0018,OK,정상,0,0,0,0,정상,
2026-05-13 20:23,2026-05-13 20:53,0.0019,OK,정상,0,0,0,0,정상,
2026-05-13 20:24,2026-05-13 20:54,0.0022,OK,정상,0,0,0,0,정상,
2026-05-13 20:25,2026-05-13 20:55,0.0023,OK,정상,0,0,0,0,정상,
2026-05-13 20:26,2026-05-13 20:56,0.0014,OK,정상,0,0,0,0,정상,
2026-05-13 20:27,2026-05-13 20:57,0.002,OK,정상,0,0,0,0,정상,
2026-05-13 20:28,2026-05-13 20:58,0.0023,OK,정상,0,0,0,0,정상,
2026-05-13 20:29,2026-05-13 20:59,0.002,OK,정상,0,0,0,0,정상,
2026-05-13 20:30,2026-05-13 21:00,0.0017,OK,정상,0,0,0,0,정상,
2026-05-13 20:31,2026-05-13 21:01,0.0025,OK,정상,0,0,0,0,정상,
2026-05-13 20:32,2026-05-13 21:02,0.0026,OK,정상,0,0,0,0,정상,
2026-05-13 20:33,2026-05-13 21:03,0.0021,OK,정상,0,0,0,0,정상,
2026-05-13 20:34,2026-05-13 21:04,0.009,OK,정상,0,0,0,0,정상,
2026-05-13 20:35,2026-05-13 21:05,0.002,OK,정상,0,0,0,0,정상,
2026-05-13 20:36,2026-05-13 21:06,0.0012,OK,정상,0,0,0,0,정상,
2026-05-13 20:37,2026-05-13 21:07,0.0014,OK,정상,0,0,0,0,정상,
2026-05-13 20:38,2026-05-13 21:08,0.0012,OK,정상,0,0,0,0,정상,
2026-05-13 20:39,2026-05-13 21:09,0.0015,OK,정상,0,0,0,0,정상,
2026-05-13 20:40,2026-05-13 21:10,0.0006,OK,정상,0,0,0,0,정상,
2026-05-13 20:41,2026-05-13 21:11,0.0007,OK,정상,0,0,0,0,정상,
2026-05-13 20:42,2026-05-13 21:12,0.0005,OK,정상,0,0,0,0,정상,
2026-05-13 20:43,2026-05-13 21:13,0.0007,OK,정상,0,0,0,0,정상,
2026-05-13 20:44,2026-05-13 21:14,0.0006,OK,정상,0,0,0,0,정상,
2026-05-13 20:45,2026-05-13 21:15,0.0007,OK,정상,0,0,0,0,정상,
2026-05-13 20:46,2026-05-13 21:16,0.0006,OK,정상,0,0,0,0,정상,
2026-05-13 20:47,2026-05-13 21:17,0.0007,OK,정상,0,0,0,0,정상,
2026-05-13 20:48,2026-05-13 21:18,0.0007,OK,정상,0,0,0,0,정상,
2026-05-13 20:49,2026-05-13 21:19,0.0012,OK,정상,1,0,0,0,정상,
2026-05-13 20:50,2026-05-13 21:20,0.0012,OK,정상,1,0,0,0,정상,
2026-05-13 20:51,2026-05-13 21:21,0.0009,OK,정상,1,0,0,0,정상,
2026-05-13 20:52,2026-05-13 21:22,0.0017,OK,정상,1,0,0,0,정상,
2026-05-13 20:53,2026-05-13 21:23,0.0052,OK,정상,0,0,0,0,정상,
2026-05-13 20:54,2026-05-13 21:24,0.0012,OK,정상,0,0,0,0,정상,
2026-05-13 20:55,2026-05-13 21:25,0.0011,OK,정상,0,0,0,0,정상,
2026-05-13 20:56,2026-05-13 21:26,0.0045,OK,정상,0,0,0,0,정상,
2026-05-13 20:57,2026-05-13 21:27,0.0009,OK,정상,0,0,0,0,정상,
2026-05-13 20:58,2026-05-13 21:28,0.001,OK,정상,0,0,0,0,정상,
2026-05-13 20:59,2026-05-13 21:29,0.0009,OK,정상,0,0,0,0,정상,
2026-05-13 21:00,2026-05-13 21:30,0.0014,OK,정상,0,0,0,0,정상,
2026-05-13 21:01,2026-05-13 21:31,0.0016,OK,정상,0,0,0,0,정상,
2026-05-13 21:02,2026-05-13 21:32,0.0012,OK,정상,0,0,0,0,정상,
2026-05-13 21:03,2026-05-13 21:33,0.0017,OK,정상,0,0,0,0,정상,
2026-05-13 21:04,2026-05-13 21:34,0.002,OK,정상,0,0,0,0,정상,
2026-05-13 21:05,2026-05-13 21:35,0.0022,OK,정상,1,0,0,0,정상,
2026-05-13 21:06,2026-05-13 21:36,0.0013,OK,정상,0,0,0,0,정상,
2026-05-13 21:07,2026-05-13 21:37,0.0029,OK,정상,0,0,0,0,정상,
2026-05-13 21:08,2026-05-13 21:38,0.0032,OK,정상,0,0,0,0,정상,
2026-05-13 21:09,2026-05-13 21:39,0.0023,OK,정상,0,1,0,0,정상,
2026-05-13 21:10,2026-05-13 21:40,0.0023,OK,정상,0,0,0,0,정상,
2026-05-13 21:11,2026-05-13 21:41,0.003,OK,정상,0,0,0,0,정상,
2026-05-13 21:12,2026-05-13 21:42,0.0017,OK,정상,0,0,0,0,정상,
2026-05-13 21:13,2026-05-13 21:43,0.0034,OK,정상,1,0,0,0,정상,
2026-05-13 21:14,2026-05-13 21:44,0.003,OK,정상,0,0,0,0,정상,
2026-05-13 21:15,2026-05-13 21:45,0.0019,OK,정상,0,0,0,0,정상,
2026-05-13 21:16,2026-05-13 21:46,0.0029,OK,정상,0,0,0,0,정상,
2026-05-13 21:17,2026-05-13 21:47,0.0032,OK,정상,0,0,0,0,정상,
2026-05-13 21:18,2026-05-13 21:48,0.0027,OK,정상,0,0,0,0,정상,
2026-05-13 21:19,2026-05-13 21:49,0.0029,OK,정상,0,0,0,0,정상,
2026-05-13 21:20,2026-05-13 21:50,0.0018,OK,정상,1,0,0,0,정상,
2026-05-13 21:21,2026-05-13 21:51,0.0014,OK,정상,1,0,0,0,정상,
2026-05-13 21:22,2026-05-13 21:52,0.0017,OK,정상,0,0,0,0,정상,
2026-05-13 21:23,2026-05-13 21:53,0.002,OK,정상,0,0,0,0,정상,
2026-05-13 21:24,2026-05-13 21:54,0.0019,OK,정상,0,0,0,0,정상,
2026-05-13 21:25,2026-05-13 21:55,0.0024,OK,정상,0,0,0,0,정상,
2026-05-13 21:26,2026-05-13 21:56,0.0027,OK,정상,0,0,0,0,정상,
2026-05-13 21:27,2026-05-13 21:57,0.0018,OK,정상,0,0,0,0,정상,
2026-05-13 21:28,2026-05-13 21:58,0.002,OK,정상,0,0,0,0,정상,
2026-05-13 21:29,2026-05-13 21:59,0.0027,OK,정상,0,0,0,0,정상,
2026-05-13 21:30,2026-05-13 22:00,0.0017,OK,정상,1,0,0,0,정상,
2026-05-13 21:31,2026-05-13 22:01,0.0026,OK,정상,1,0,0,0,정상,
2026-05-13 21:32,2026-05-13 22:02,0.0018,OK,정상,0,0,0,0,정상,
2026-05-13 21:33,2026-05-13 22:03,0.002,OK,정상,0,0,0,0,정상,
2026-05-13 21:34,2026-05-13 22:04,0.0021,OK,정상,0,0,0,0,정상,
2026-05-13 21:35,2026-05-13 22:05,0.002,OK,정상,0,1,0,0,정상,
2026-05-13 21:36,2026-05-13 22:06,0.003,OK,정상,0,0,0,0,정상,
2026-05-13 21:37,2026-05-13 22:07,0.0041,OK,정상,0,0,0,0,정상,
2026-05-13 21:38,2026-05-13 22:08,0.0042,OK,정상,0,0,0,0,정상,
2026-05-13 21:39,2026-05-13 22:09,0.004,OK,정상,0,0,0,0,정상,
2026-05-13 21:40,2026-05-13 22:10,0.0032,OK,정상,0,0,0,0,정상,
2026-05-13 21:41,2026-05-13 22:11,0.0029,OK,정상,0,0,0,0,정상,
2026-05-13 21:42,2026-05-13 22:12,0.0034,OK,정상,0,0,0,0,정상,
2026-05-13 21:43,2026-05-13 22:13,0.0032,OK,정상,0,0,0,0,정상,
2026-05-13 21:44,2026-05-13 22:14,0.0034,OK,정상,0,0,0,0,정상,
2026-05-13 21:45,2026-05-13 22:15,0.0031,OK,정상,0,0,0,0,정상,
2026-05-13 21:46,2026-05-13 22:16,0.0036,OK,정상,0,0,0,0,정상,
2026-05-13 21:47,2026-05-13 22:17,0.0037,OK,정상,0,0,0,0,정상,
2026-05-13 21:48,2026-05-13 22:18,0.0035,OK,정상,0,0,0,0,정상,
2026-05-13 21:49,2026-05-13 22:19,0.0046,OK,정상,0,0,0,0,정상,
2026-05-13 21:50,2026-05-13 22:20,0.0028,OK,정상,0,0,0,0,정상,
2026-05-13 21:51,2026-05-13 22:21,0.0026,OK,정상,0,1,0,0,정상,
2026-05-13 21:52,2026-05-13 22:22,0.0033,OK,정상,0,0,0,0,정상,
2026-05-13 21:53,2026-05-13 22:23,0.0017,OK,정상,0,0,0,0,정상,
2026-05-13 21:54,2026-05-13 22:24,0.0017,OK,정상,0,0,0,0,정상,
2026-05-13 21:55,2026-05-13 22:25,0.0021,OK,정상,0,0,0,0,정상,
2026-05-13 21:56,2026-05-13 22:26,0.0028,OK,정상,0,0,0,0,정상,
2026-05-13 21:57,2026-05-13 22:27,0.0027,OK,정상,1,0,0,0,정상,
2026-05-13 21:58,2026-05-13 22:28,0.0019,OK,정상,1,0,0,0,정상,
2026-05-13 21:59,2026-05-13 22:29,0.0024,OK,정상,1,0,0,0,정상,
2026-05-13 22:00,2026-05-13 22:30,0.0027,OK,정상,1,0,0,0,정상,
2026-05-13 22:01,2026-05-13 22:31,0.0024,OK,정상,1,0,0,0,정상,
2026-05-13 22:02,2026-05-13 22:32,0.0042,OK,정상,1,0,0,0,정상,
2026-05-13 22:03,2026-05-13 22:33,0.0029,OK,정상,1,0,0,0,정상,
2026-05-13 22:04,2026-05-13 22:34,0.0028,OK,정상,1,0,0,0,정상,
2026-05-13 22:05,2026-05-13 22:35,0.0023,OK,정상,1,0,0,0,정상,
2026-05-13 22:06,2026-05-13 22:36,0.0028,OK,정상,1,0,0,0,정상,
2026-05-13 22:07,2026-05-13 22:37,0.0029,OK,정상,1,0,0,0,정상,
2026-05-13 22:08,2026-05-13 22:38,0.0029,OK,정상,1,0,0,0,정상,
2026-05-13 22:09,2026-05-13 22:39,0.003,OK,정상,1,0,0,0,정상,
2026-05-13 22:10,2026-05-13 22:40,0.0095,OK,정상,1,0,0,0,정상,
2026-05-13 22:11,2026-05-13 22:41,0.0079,OK,정상,1,0,0,0,정상,
2026-05-13 22:12,2026-05-13 22:42,0.0028,OK,정상,1,0,0,0,정상,
2026-05-13 22:13,2026-05-13 22:43,0.0036,OK,정상,1,0,0,0,정상,
2026-05-13 22:14,2026-05-13 22:44,0.0033,OK,정상,1,0,0,0,정상,
2026-05-13 22:15,2026-05-13 22:45,0.0024,OK,정상,1,0,0,0,정상,
2026-05-13 22:16,2026-05-13 22:46,0.0022,OK,정상,1,0,0,0,정상,
2026-05-13 22:17,2026-05-13 22:47,0.0018,OK,정상,1,0,0,0,정상,
2026-05-13 22:18,2026-05-13 22:48,0.0027,OK,정상,0,0,0,0,정상,
2026-05-13 22:19,2026-05-13 22:49,0.007,OK,정상,0,0,0,0,정상,
2026-05-13 22:20,2026-05-13 22:50,0.0069,OK,정상,1,0,0,0,정상,
2026-05-13 22:21,2026-05-13 22:51,0.0045,OK,정상,1,0,0,0,정상,
2026-05-13 22:22,2026-05-13 22:52,0.0047,OK,정상,1,0,0,0,정상,
2026-05-13 22:23,2026-05-13 22:53,0.0039,OK,정상,1,0,0,0,정상,
2026-05-13 22:24,2026-05-13 22:54,0.0037,OK,정상,1,0,0,0,정상,
2026-05-13 22:25,2026-05-13 22:55,0.0064,OK,정상,0,0,0,0,정상,
2026-05-13 22:26,2026-05-13 22:56,0.0202,OK,정상,0,0,0,0,정상,
2026-05-13 22:27,2026-05-13 22:57,0.0038,OK,정상,0,0,0,0,정상,
2026-05-13 22:28,2026-05-13 22:58,0.0029,OK,정상,0,0,0,0,정상,
2026-05-13 22:29,2026-05-13 22:59,0.0039,OK,정상,0,0,0,0,정상,
2026-05-13 22:30,2026-05-13 23:00,0.004,OK,정상,0,0,0,0,정상,
2026-05-13 22:31,2026-05-13 23:01,0.0025,OK,정상,1,0,0,0,정상,
2026-05-13 22:32,2026-05-13 23:02,0.0041,OK,정상,1,0,0,0,정상,
2026-05-13 22:33,2026-05-13 23:03,0.0116,OK,정상,1,0,0,0,정상,
2026-05-13 22:34,2026-05-13 23:04,0.0044,OK,정상,1,0,0,0,정상,
2026-05-13 22:35,2026-05-13 23:05,0.0058,OK,정상,1,0,0,0,정상,
2026-05-13 22:36,2026-05-13 23:06,0.0029,OK,정상,1,0,0,0,정상,
2026-05-13 22:37,2026-05-13 23:07,0.003,OK,정상,1,0,0,0,정상,
2026-05-13 22:38,2026-05-13 23:08,0.0027,OK,정상,1,0,0,0,정상,
2026-05-13 22:39,2026-05-13 23:09,0.0029,OK,정상,1,0,0,0,정상,
2026-05-13 22:40,2026-05-13 23:10,0.0023,OK,정상,1,0,0,0,정상,
2026-05-13 22:41,2026-05-13 23:11,0.0022,OK,정상,1,0,0,0,정상,
2026-05-13 22:42,2026-05-13 23:12,0.0024,OK,정상,0,0,0,0,정상,
2026-05-13 22:43,2026-05-13 23:13,0.0022,OK,정상,1,0,0,0,정상,
2026-05-13 22:44,2026-05-13 23:14,0.0024,OK,정상,0,0,0,0,정상,
2026-05-13 22:45,2026-05-13 23:15,0.0017,OK,정상,0,0,0,0,정상,
2026-05-13 22:46,2026-05-13 23:16,0.0015,OK,정상,0,0,0,0,정상,
2026-05-13 22:47,2026-05-13 23:17,0.0013,OK,정상,0,0,0,0,정상,
2026-05-13 22:48,2026-05-13 23:18,0.0016,OK,정상,0,0,0,0,정상,
2026-05-13 22:49,2026-05-13 23:19,0.0018,OK,정상,0,0,0,0,정상,
2026-05-13 22:50,2026-05-13 23:20,0.0028,OK,정상,0,0,0,0,정상,
2026-05-13 22:51,2026-05-13 23:21,0.0026,OK,정상,0,0,0,0,정상,
2026-05-13 22:52,2026-05-13 23:22,0.0023,OK,정상,0,0,0,0,정상,
2026-05-13 22:53,2026-05-13 23:23,0.0021,OK,정상,0,0,0,0,정상,
2026-05-13 22:54,2026-05-13 23:24,0.0029,OK,정상,0,0,0,0,정상,
2026-05-13 22:55,2026-05-13 23:25,0.0021,OK,정상,0,0,0,0,정상,
2026-05-13 22:56,2026-05-13 23:26,0.002,OK,정상,0,0,0,0,정상,
2026-05-13 22:57,2026-05-13 23:27,0.0021,OK,정상,0,0,0,0,정상,
2026-05-13 22:58,2026-05-13 23:28,0.0037,OK,정상,1,0,0,0,정상,
2026-05-13 22:59,2026-05-13 23:29,0.0027,OK,정상,1,0,0,0,정상,
2026-05-13 23:00,2026-05-13 23:30,0.0024,OK,정상,1,0,0,0,정상,
2026-05-13 23:01,2026-05-13 23:31,0.0018,OK,정상,1,0,0,0,정상,
2026-05-13 23:02,2026-05-13 23:32,0.0031,OK,정상,1,0,0,0,정상,
2026-05-13 23:03,2026-05-13 23:33,0.0022,OK,정상,1,0,0,0,정상,
2026-05-13 23:04,2026-05-13 23:34,0.0019,OK,정상,1,0,0,0,정상,
2026-05-13 23:05,2026-05-13 23:35,0.0015,OK,정상,0,0,0,0,정상,
2026-05-13 23:06,2026-05-13 23:36,0.0009,OK,정상,1,0,0,0,정상,
2026-05-13 23:07,2026-05-13 23:37,0.0006,OK,정상,1,0,0,0,정상,
2026-05-13 23:08,2026-05-13 23:38,0.0006,OK,정상,0,0,0,0,정상,
2026-05-13 23:09,2026-05-13 23:39,0.0004,OK,정상,1,0,0,0,정상,
2026-05-13 23:10,2026-05-13 23:40,0.0003,OK,정상,1,0,0,0,정상,
2026-05-13 23:11,2026-05-13 23:41,0.0003,OK,정상,0,0,0,0,정상,
2026-05-13 23:12,2026-05-13 23:42,0.0006,OK,정상,0,0,0,0,정상,
2026-05-13 23:13,2026-05-13 23:43,0.0007,OK,정상,0,0,0,0,정상,
2026-05-13 23:14,2026-05-13 23:44,0.0008,OK,정상,0,0,0,0,정상,
2026-05-13 23:15,2026-05-13 23:45,0.0009,OK,정상,0,0,0,0,정상,
2026-05-13 23:16,2026-05-13 23:46,0.0007,OK,정상,0,1,0,0,정상,
2026-05-13 23:17,2026-05-13 23:47,0.0007,OK,정상,0,0,0,0,정상,
2026-05-13 23:18,2026-05-13 23:48,0.0004,OK,정상,0,0,0,0,정상,
2026-05-13 23:19,2026-05-13 23:49,0.0006,OK,정상,0,0,0,0,정상,
2026-05-13 23:20,2026-05-13 23:50,0.001,OK,정상,0,0,0,0,정상,
2026-05-13 23:21,2026-05-13 23:51,0.0009,OK,정상,0,0,0,0,정상,
2026-05-13 23:22,2026-05-13 23:52,0.0008,OK,정상,0,0,0,0,정상,
2026-05-13 23:23,2026-05-13 23:53,0.001,OK,정상,0,0,0,0,정상,
2026-05-13 23:24,2026-05-13 23:54,0.0053,OK,정상,0,0,0,0,정상,
2026-05-13 23:25,2026-05-13 23:55,0.001,OK,정상,0,0,0,0,정상,
2026-05-13 23:26,2026-05-13 23:56,0.0014,OK,정상,0,0,0,0,정상,
2026-05-13 23:27,2026-05-13 23:57,0.0017,OK,정상,0,0,0,0,정상,
2026-05-13 23:28,2026-05-13 23:58,0.0032,OK,정상,0,0,0,0,정상,
2026-05-13 23:29,2026-05-13 23:59,0.0033,OK,정상,1,0,0,0,정상,
2026-05-13 23:30,2026-05-14 0:00,0.0028,OK,정상,1,0,0,0,정상,
2026-05-13 23:31,2026-05-14 0:01,0.0042,OK,정상,1,0,0,0,정상,
2026-05-13 23:32,2026-05-14 0:02,0.0056,OK,정상,1,0,0,0,정상,
2026-05-13 23:33,2026-05-14 0:03,0.0051,OK,정상,1,0,0,0,정상,
2026-05-13 23:34,2026-05-14 0:04,0.0041,OK,정상,1,0,0,0,정상,
2026-05-13 23:35,2026-05-14 0:05,0.0279,OK,정상,1,0,0,0,정상,
2026-05-13 23:36,2026-05-14 0:06,0.0034,OK,정상,1,0,0,0,정상,
2026-05-13 23:37,2026-05-14 0:07,0.0031,OK,정상,1,0,0,0,정상,
2026-05-13 23:38,2026-05-14 0:08,0.0051,OK,정상,1,0,0,0,정상,
2026-05-13 23:39,2026-05-14 0:09,0.0055,OK,정상,1,0,0,0,정상,
2026-05-13 23:40,2026-05-14 0:10,0.0043,OK,정상,0,0,0,0,정상,
2026-05-13 23:41,2026-05-14 0:11,0.013,OK,정상,0,0,0,0,정상,
2026-05-13 23:42,2026-05-14 0:12,0.0058,OK,정상,0,0,0,0,정상,
2026-05-13 23:43,2026-05-14 0:13,0.0047,OK,정상,0,1,0,0,정상,
2026-05-13 23:44,2026-05-14 0:14,0.0048,OK,정상,0,1,0,0,정상,
2026-05-13 23:45,2026-05-14 0:15,0.0037,OK,정상,0,1,0,0,정상,
2026-05-13 23:46,2026-05-14 0:16,0.0027,OK,정상,0,0,0,0,정상,
2026-05-13 23:47,2026-05-14 0:17,0.003,OK,정상,0,0,0,0,정상,
2026-05-13 23:48,2026-05-14 0:18,0.0028,OK,정상,0,0,0,0,정상,
2026-05-13 23:49,2026-05-14 0:19,0.0031,OK,정상,0,0,0,0,정상,
2026-05-13 23:50,2026-05-14 0:20,0.003,OK,정상,0,0,0,0,정상,
2026-05-13 23:51,2026-05-14 0:21,0.0029,OK,정상,1,0,0,0,정상,
2026-05-13 23:52,2026-05-14 0:22,0.0027,OK,정상,0,0,0,0,정상,
2026-05-13 23:53,2026-05-14 0:23,0.0013,OK,정상,1,0,0,0,정상,
2026-05-13 23:54,2026-05-14 0:24,0.0039,OK,정상,0,0,0,0,정상,
2026-05-13 23:55,2026-05-14 0:25,0.0028,OK,정상,0,0,0,0,정상,
2026-05-13 23:56,2026-05-14 0:26,0.002,OK,정상,0,0,0,0,정상,
2026-05-13 23:57,2026-05-14 0:27,0.002,OK,정상,0,0,0,0,정상,
2026-05-13 23:58,2026-05-14 0:28,0.0022,OK,정상,0,0,0,0,정상,
2026-05-13 23:59,2026-05-14 0:29,0.0014,OK,정상,0,0,0,0,정상,
2026-05-14 0:00,2026-05-14 0:30,0.0014,OK,정상,0,0,0,0,정상,
2026-05-14 0:01,2026-05-14 0:31,0.0019,OK,정상,0,0,0,0,정상,
2026-05-14 0:02,2026-05-14 0:32,0.0028,OK,정상,0,0,0,0,정상,
2026-05-14 0:03,2026-05-14 0:33,0.0233,OK,정상,0,0,0,0,정상,
2026-05-14 0:04,2026-05-14 0:34,0.0027,OK,정상,0,0,0,0,정상,
2026-05-14 0:05,2026-05-14 0:35,0.0013,OK,정상,0,0,0,0,정상,
2026-05-14 0:06,2026-05-14 0:36,0.0019,OK,정상,0,0,0,0,정상,
2026-05-14 0:07,2026-05-14 0:37,0.002,OK,정상,0,0,0,0,정상,
2026-05-14 0:08,2026-05-14 0:38,0.0017,OK,정상,0,0,0,0,정상,
2026-05-14 0:09,2026-05-14 0:39,0.0018,OK,정상,0,0,0,0,정상,
2026-05-14 0:10,2026-05-14 0:40,0.0023,OK,정상,0,0,0,0,정상,
2026-05-14 0:11,2026-05-14 0:41,0.0012,OK,정상,0,0,0,0,정상,
2026-05-14 0:12,2026-05-14 0:42,0.0014,OK,정상,0,0,0,0,정상,
2026-05-14 0:13,2026-05-14 0:43,0.0011,OK,정상,0,0,0,0,정상,
2026-05-14 0:14,2026-05-14 0:44,0.0015,OK,정상,0,0,0,0,정상,
2026-05-14 0:15,2026-05-14 0:45,0.001,OK,정상,0,0,0,0,정상,
2026-05-14 0:16,2026-05-14 0:46,0.0012,OK,정상,0,0,0,0,정상,
2026-05-14 0:17,2026-05-14 0:47,0.0008,OK,정상,0,0,0,0,정상,
2026-05-14 0:18,2026-05-14 0:48,0.0008,OK,정상,0,0,0,0,정상,
2026-05-14 0:19,2026-05-14 0:49,0.001,OK,정상,0,0,0,0,정상,
2026-05-14 0:20,2026-05-14 0:50,0.0008,OK,정상,0,0,0,0,정상,
2026-05-14 0:21,2026-05-14 0:51,0.0012,OK,정상,0,0,0,0,정상,
2026-05-14 0:22,2026-05-14 0:52,0.0013,OK,정상,0,0,0,0,정상,
2026-05-14 0:23,2026-05-14 0:53,0.0009,OK,정상,0,0,0,0,정상,
2026-05-14 0:24,2026-05-14 0:54,0.0007,OK,정상,0,0,0,0,정상,
2026-05-14 0:25,2026-05-14 0:55,0.0007,OK,정상,0,0,0,0,정상,
2026-05-14 0:26,2026-05-14 0:56,0.0006,OK,정상,0,0,0,0,정상,
2026-05-14 0:27,2026-05-14 0:57,0.0005,OK,정상,0,0,0,0,정상,
2026-05-14 0:28,2026-05-14 0:58,0.0006,OK,정상,0,0,0,0,정상,
2026-05-14 0:29,2026-05-14 0:59,0.0008,OK,정상,0,0,0,0,정상,
2026-05-14 0:30,2026-05-14 1:00,0.0012,OK,정상,0,0,0,0,정상,
2026-05-14 0:31,2026-05-14 1:01,0.0021,OK,정상,0,0,0,0,정상,
2026-05-14 0:32,2026-05-14 1:02,0.0021,OK,정상,0,0,0,0,정상,
2026-05-14 0:33,2026-05-14 1:03,0.0018,OK,정상,0,0,0,0,정상,
2026-05-14 0:34,2026-05-14 1:04,0.0011,OK,정상,0,0,0,0,정상,
2026-05-14 0:35,2026-05-14 1:05,0.001,OK,정상,0,0,0,0,정상,
2026-05-14 0:36,2026-05-14 1:06,0.0013,OK,정상,0,0,0,0,정상,
2026-05-14 0:37,2026-05-14 1:07,0.0008,OK,정상,0,0,0,0,정상,
2026-05-14 0:38,2026-05-14 1:08,0.001,OK,정상,0,0,0,0,정상,
2026-05-14 0:39,2026-05-14 1:09,0.001,OK,정상,0,0,0,0,정상,
2026-05-14 0:40,2026-05-14 1:10,0.0021,OK,정상,0,1,0,0,정상,
2026-05-14 0:41,2026-05-14 1:11,0.0013,OK,정상,0,1,0,0,정상,
2026-05-14 0:42,2026-05-14 1:12,0.0016,OK,정상,0,1,0,0,정상,
2026-05-14 0:43,2026-05-14 1:13,0.0014,OK,정상,0,0,0,0,정상,
2026-05-14 0:44,2026-05-14 1:14,0.0014,OK,정상,0,0,0,0,정상,
2026-05-14 0:45,2026-05-14 1:15,0.0012,OK,정상,0,0,0,0,정상,
2026-05-14 0:46,2026-05-14 1:16,0.0013,OK,정상,0,0,0,0,정상,
2026-05-14 0:47,2026-05-14 1:17,0.0011,OK,정상,1,0,0,0,정상,
2026-05-14 0:48,2026-05-14 1:18,0.0013,OK,정상,1,0,0,0,정상,
2026-05-14 0:49,2026-05-14 1:19,0.0014,OK,정상,1,0,0,0,정상,
2026-05-14 0:50,2026-05-14 1:20,0.0015,OK,정상,1,0,0,0,정상,
2026-05-14 0:51,2026-05-14 1:21,0.0045,OK,정상,1,0,0,0,정상,
2026-05-14 0:52,2026-05-14 1:22,0.0012,OK,정상,1,0,0,0,정상,
2026-05-14 0:53,2026-05-14 1:23,0.0022,OK,정상,1,0,0,0,정상,
2026-05-14 0:54,2026-05-14 1:24,0.002,OK,정상,1,0,0,0,정상,
2026-05-14 0:55,2026-05-14 1:25,0.0021,OK,정상,1,0,0,0,정상,
2026-05-14 0:56,2026-05-14 1:26,0.0014,OK,정상,1,0,0,0,정상,
2026-05-14 0:57,2026-05-14 1:27,0.0024,OK,정상,1,0,0,0,정상,
2026-05-14 0:58,2026-05-14 1:28,0.0023,OK,정상,1,0,0,0,정상,
2026-05-14 0:59,2026-05-14 1:29,0.0015,OK,정상,1,0,0,0,정상,
2026-05-14 1:00,2026-05-14 1:30,0.0011,OK,정상,1,0,0,0,정상,
2026-05-14 1:01,2026-05-14 1:31,0.0012,OK,정상,1,0,0,0,정상,
2026-05-14 1:02,2026-05-14 1:32,0.0011,OK,정상,1,0,0,0,정상,
2026-05-14 1:03,2026-05-14 1:33,0.0018,OK,정상,1,0,0,0,정상,
2026-05-14 1:04,2026-05-14 1:34,0.0009,OK,정상,1,0,0,0,정상,
2026-05-14 1:05,2026-05-14 1:35,0.0032,OK,정상,1,0,0,0,정상,
2026-05-14 1:06,2026-05-14 1:36,0.0028,OK,정상,1,0,0,0,정상,
2026-05-14 1:07,2026-05-14 1:37,0.0044,OK,정상,1,0,0,0,정상,
2026-05-14 1:08,2026-05-14 1:38,0.0018,OK,정상,1,0,0,0,정상,
2026-05-14 1:09,2026-05-14 1:39,0.0018,OK,정상,1,0,0,0,정상,
2026-05-14 1:10,2026-05-14 1:40,0.0022,OK,정상,1,0,0,0,정상,
2026-05-14 1:11,2026-05-14 1:41,0.0022,OK,정상,1,0,0,0,정상,
2026-05-14 1:12,2026-05-14 1:42,0.0023,OK,정상,1,0,0,0,정상,
2026-05-14 1:13,2026-05-14 1:43,0.0017,OK,정상,1,0,0,0,정상,
2026-05-14 1:14,2026-05-14 1:44,0.0013,OK,정상,1,0,0,0,정상,
2026-05-14 1:15,2026-05-14 1:45,0.0019,OK,정상,1,0,0,0,정상,
2026-05-14 1:16,2026-05-14 1:46,0.0016,OK,정상,1,0,0,0,정상,
2026-05-14 1:17,2026-05-14 1:47,0.0035,OK,정상,1,0,0,0,정상,
2026-05-14 1:18,2026-05-14 1:48,0.002,OK,정상,1,0,0,0,정상,
2026-05-14 1:19,2026-05-14 1:49,0.0022,OK,정상,1,0,0,0,정상,
2026-05-14 1:20,2026-05-14 1:50,0.0025,OK,정상,1,0,0,0,정상,
2026-05-14 1:21,2026-05-14 1:51,0.0028,OK,정상,1,0,0,0,정상,
2026-05-14 1:22,2026-05-14 1:52,0.0016,OK,정상,1,0,0,0,정상,
2026-05-14 1:23,2026-05-14 1:53,0.0023,OK,정상,0,0,0,0,정상,
2026-05-14 1:24,2026-05-14 1:54,0.0015,OK,정상,0,0,0,0,정상,
2026-05-14 1:25,2026-05-14 1:55,0.0012,OK,정상,0,0,0,0,정상,
2026-05-14 1:26,2026-05-14 1:56,0.001,OK,정상,0,1,0,0,정상,
2026-05-14 1:27,2026-05-14 1:57,0.001,OK,정상,0,1,0,0,정상,
2026-05-14 1:28,2026-05-14 1:58,0.001,OK,정상,0,1,0,0,정상,
2026-05-14 1:29,2026-05-14 1:59,0.001,OK,정상,0,0,0,0,정상,
2026-05-14 1:30,2026-05-14 2:00,0.0018,OK,정상,0,0,0,0,정상,
2026-05-14 1:31,2026-05-14 2:01,0.0014,OK,정상,1,0,0,0,정상,
2026-05-14 1:32,2026-05-14 2:02,0.002,OK,정상,0,0,0,0,정상,
2026-05-14 1:33,2026-05-14 2:03,0.0008,OK,정상,0,0,0,0,정상,
2026-05-14 1:34,2026-05-14 2:04,0.0008,OK,정상,0,0,0,0,정상,
2026-05-14 1:35,2026-05-14 2:05,0.0015,OK,정상,0,0,0,0,정상,
2026-05-14 1:36,2026-05-14 2:06,0.0018,OK,정상,0,0,0,0,정상,
2026-05-14 1:37,2026-05-14 2:07,0.0012,OK,정상,0,0,0,0,정상,
2026-05-14 1:38,2026-05-14 2:08,0.001,OK,정상,0,0,0,0,정상,
2026-05-14 1:39,2026-05-14 2:09,0.0012,OK,정상,0,0,0,0,정상,
2026-05-14 1:40,2026-05-14 2:10,0.0011,OK,정상,0,0,0,0,정상,
2026-05-14 1:41,2026-05-14 2:11,0.0011,OK,정상,1,0,0,0,정상,
2026-05-14 1:42,2026-05-14 2:12,0.0012,OK,정상,0,0,0,0,정상,
2026-05-14 1:43,2026-05-14 2:13,0.0011,OK,정상,1,0,0,0,정상,
2026-05-14 1:44,2026-05-14 2:14,0.0009,OK,정상,0,0,0,0,정상,
2026-05-14 1:45,2026-05-14 2:15,0.0014,OK,정상,1,0,0,0,정상,
2026-05-14 1:46,2026-05-14 2:16,0.0017,OK,정상,0,0,0,0,정상,
2026-05-14 1:47,2026-05-14 2:17,0.003,OK,정상,1,0,0,0,정상,
2026-05-14 1:48,2026-05-14 2:18,0.0011,OK,정상,0,0,0,0,정상,
2026-05-14 1:49,2026-05-14 2:19,0.0012,OK,정상,1,0,0,0,정상,
2026-05-14 1:50,2026-05-14 2:20,0.001,OK,정상,0,0,0,0,정상,
2026-05-14 1:51,2026-05-14 2:21,0.0012,OK,정상,1,0,0,0,정상,
2026-05-14 1:52,2026-05-14 2:22,0.001,OK,정상,0,0,0,0,정상,
2026-05-14 1:53,2026-05-14 2:23,0.0013,OK,정상,1,0,0,0,정상,
2026-05-14 1:54,2026-05-14 2:24,0.0013,OK,정상,0,0,0,0,정상,
2026-05-14 1:55,2026-05-14 2:25,0.0015,OK,정상,0,0,0,0,정상,
2026-05-14 1:56,2026-05-14 2:26,0.0019,OK,정상,0,1,0,0,정상,
2026-05-14 1:57,2026-05-14 2:27,0.0021,OK,정상,0,0,0,0,정상,
2026-05-14 1:58,2026-05-14 2:28,0.0015,OK,정상,1,0,0,0,정상,
2026-05-14 1:59,2026-05-14 2:29,0.0009,OK,정상,1,0,0,0,정상,
2026-05-14 2:00,2026-05-14 2:30,0.0009,OK,정상,1,0,0,0,정상,
2026-05-14 2:01,2026-05-14 2:31,0.0009,OK,정상,1,0,0,0,정상,
2026-05-14 2:02,2026-05-14 2:32,0.0009,OK,정상,1,0,0,0,정상,
2026-05-14 2:03,2026-05-14 2:33,0.0018,OK,정상,1,0,0,0,정상,
2026-05-14 2:04,2026-05-14 2:34,0.0012,OK,정상,1,0,0,0,정상,
2026-05-14 2:05,2026-05-14 2:35,0.0019,OK,정상,1,0,0,0,정상,
2026-05-14 2:06,2026-05-14 2:36,0.0014,OK,정상,1,0,0,0,정상,
2026-05-14 2:07,2026-05-14 2:37,0.0025,OK,정상,1,0,0,0,정상,
2026-05-14 2:08,2026-05-14 2:38,0.0015,OK,정상,1,0,0,0,정상,
2026-05-14 2:09,2026-05-14 2:39,0.0046,OK,정상,1,0,0,0,정상,
2026-05-14 2:10,2026-05-14 2:40,0.0027,OK,정상,1,0,0,0,정상,
2026-05-14 2:11,2026-05-14 2:41,0.003,OK,정상,1,0,0,0,정상,
2026-05-14 2:12,2026-05-14 2:42,0.007,OK,정상,1,0,0,0,정상,
2026-05-14 2:13,2026-05-14 2:43,0.0097,OK,정상,1,0,0,0,정상,
2026-05-14 2:14,2026-05-14 2:44,0.0173,OK,정상,1,0,0,0,정상,
2026-05-14 2:15,2026-05-14 2:45,0.0076,OK,정상,1,0,0,0,정상,
2026-05-14 2:16,2026-05-14 2:46,0.0025,OK,정상,1,0,0,0,정상,
2026-05-14 2:17,2026-05-14 2:47,0.0035,OK,정상,1,0,0,0,정상,
2026-05-14 2:18,2026-05-14 2:48,0.0039,OK,정상,1,0,0,0,정상,
2026-05-14 2:19,2026-05-14 2:49,0.0145,OK,정상,1,0,0,0,정상,
2026-05-14 2:20,2026-05-14 2:50,0.0317,OK,정상,1,0,0,0,정상,
2026-05-14 2:21,2026-05-14 2:51,0.0111,OK,정상,1,0,0,0,정상,
2026-05-14 2:22,2026-05-14 2:52,0.0282,OK,정상,1,0,0,0,정상,
2026-05-14 2:23,2026-05-14 2:53,0.0035,OK,정상,1,0,0,0,정상,
2026-05-14 2:24,2026-05-14 2:54,0.0029,OK,정상,1,0,0,0,정상,
2026-05-14 2:25,2026-05-14 2:55,0.0115,OK,정상,1,0,0,0,정상,
2026-05-14 2:26,2026-05-14 2:56,0.0114,OK,정상,1,0,0,0,정상,
2026-05-14 2:27,2026-05-14 2:57,0.0299,OK,정상,1,0,0,0,정상,
2026-05-14 2:28,2026-05-14 2:58,0.0204,OK,정상,1,0,0,0,정상,
2026-05-14 2:29,2026-05-14 2:59,0.0152,OK,정상,1,0,0,0,정상,
2026-05-14 2:30,2026-05-14 3:00,0.0071,OK,정상,1,0,0,0,정상,
2026-05-14 2:31,2026-05-14 3:01,0.0051,OK,정상,1,0,0,0,정상,
2026-05-14 2:32,2026-05-14 3:02,0.0042,OK,정상,1,0,0,0,정상,
2026-05-14 2:33,2026-05-14 3:03,0.002,OK,정상,1,0,0,0,정상,
2026-05-14 2:34,2026-05-14 3:04,0.0027,OK,정상,0,0,0,0,정상,
2026-05-14 2:35,2026-05-14 3:05,0.0025,OK,정상,0,0,0,0,정상,
2026-05-14 2:36,2026-05-14 3:06,0.0056,OK,정상,0,0,0,0,정상,
2026-05-14 2:37,2026-05-14 3:07,0.0032,OK,정상,0,0,0,0,정상,
2026-05-14 2:38,2026-05-14 3:08,0.0053,OK,정상,0,0,0,0,정상,
2026-05-14 2:39,2026-05-14 3:09,0.0016,OK,정상,0,0,0,0,정상,
2026-05-14 2:40,2026-05-14 3:10,0.0021,OK,정상,0,0,0,0,정상,
2026-05-14 2:41,2026-05-14 3:11,0.0013,OK,정상,0,0,0,0,정상,
2026-05-14 2:42,2026-05-14 3:12,0.0017,OK,정상,0,0,0,0,정상,
2026-05-14 2:43,2026-05-14 3:13,0.0012,OK,정상,0,0,0,0,정상,
2026-05-14 2:44,2026-05-14 3:14,0.0012,OK,정상,0,0,0,0,정상,
2026-05-14 2:45,2026-05-14 3:15,0.0016,OK,정상,0,0,0,0,정상,
2026-05-14 2:46,2026-05-14 3:16,0.0016,OK,정상,1,0,0,0,정상,
2026-05-14 2:47,2026-05-14 3:17,0.0012,OK,정상,1,1,0,0,정상,
2026-05-14 2:48,2026-05-14 3:18,0.0006,OK,정상,0,0,0,0,정상,
2026-05-14 2:49,2026-05-14 3:19,0.001,OK,정상,1,0,0,0,정상,
2026-05-14 2:50,2026-05-14 3:20,0.0011,OK,정상,0,0,0,0,정상,
2026-05-14 2:51,2026-05-14 3:21,0.0012,OK,정상,0,0,0,0,정상,
2026-05-14 2:52,2026-05-14 3:22,0.001,OK,정상,0,0,0,0,정상,
2026-05-14 2:53,2026-05-14 3:23,0.0016,OK,정상,0,0,0,0,정상,
2026-05-14 2:54,2026-05-14 3:24,0.0009,OK,정상,0,0,0,0,정상,
2026-05-14 2:55,2026-05-14 3:25,0.0018,OK,정상,0,0,0,0,정상,
2026-05-14 2:56,2026-05-14 3:26,0.0029,OK,정상,0,0,0,0,정상,
2026-05-14 2:57,2026-05-14 3:27,0.0019,OK,정상,0,0,0,0,정상,
2026-05-14 2:58,2026-05-14 3:28,0.0013,OK,정상,0,0,0,0,정상,
2026-05-14 2:59,2026-05-14 3:29,0.0013,OK,정상,0,0,0,0,정상,
2026-05-14 3:00,2026-05-14 3:30,0.0004,OK,정상,0,0,0,0,정상,
2026-05-14 3:01,2026-05-14 3:31,0.0005,OK,정상,0,0,0,0,정상,
2026-05-14 3:02,2026-05-14 3:32,0.0005,OK,정상,0,0,0,0,정상,
2026-05-14 3:03,2026-05-14 3:33,0.0004,OK,정상,0,0,0,0,정상,
2026-05-14 3:04,2026-05-14 3:34,0.0004,OK,정상,0,0,0,0,정상,
2026-05-14 3:05,2026-05-14 3:35,0.0005,OK,정상,0,0,0,0,정상,
2026-05-14 3:06,2026-05-14 3:36,0.001,OK,정상,0,0,0,0,정상,
2026-05-14 3:07,2026-05-14 3:37,0.0011,OK,정상,0,0,0,0,정상,
2026-05-14 3:08,2026-05-14 3:38,0.0016,OK,정상,0,0,0,0,정상,
2026-05-14 3:09,2026-05-14 3:39,0.0016,OK,정상,0,0,0,0,정상,
2026-05-14 3:10,2026-05-14 3:40,0.0017,OK,정상,0,0,0,0,정상,
2026-05-14 3:11,2026-05-14 3:41,0.0021,OK,정상,0,1,0,0,정상,
2026-05-14 3:12,2026-05-14 3:42,0.0027,OK,정상,0,0,0,0,정상,
2026-05-14 3:13,2026-05-14 3:43,0.0036,OK,정상,0,1,0,0,정상,
2026-05-14 3:14,2026-05-14 3:44,0.0017,OK,정상,0,0,0,0,정상,
2026-05-14 3:15,2026-05-14 3:45,0.0022,OK,정상,0,0,0,0,정상,
2026-05-14 3:16,2026-05-14 3:46,0.0023,OK,정상,0,0,0,0,정상,
2026-05-14 3:17,2026-05-14 3:47,0.0017,OK,정상,0,0,0,0,정상,
2026-05-14 3:18,2026-05-14 3:48,0.0027,OK,정상,0,0,0,0,정상,
2026-05-14 3:19,2026-05-14 3:49,0.0019,OK,정상,0,0,0,0,정상,
2026-05-14 3:20,2026-05-14 3:50,0.0028,OK,정상,0,0,0,0,정상,
2026-05-14 3:21,2026-05-14 3:51,0.0017,OK,정상,0,0,0,0,정상,
2026-05-14 3:22,2026-05-14 3:52,0.0011,OK,정상,0,0,0,0,정상,
2026-05-14 3:23,2026-05-14 3:53,0.0014,OK,정상,0,0,0,0,정상,
2026-05-14 3:24,2026-05-14 3:54,0.0023,OK,정상,0,0,0,0,정상,
2026-05-14 3:25,2026-05-14 3:55,0.0008,OK,정상,0,0,0,0,정상,
2026-05-14 3:26,2026-05-14 3:56,0.0013,OK,정상,0,0,0,0,정상,
2026-05-14 3:27,2026-05-14 3:57,0.001,OK,정상,0,0,0,0,정상,
2026-05-14 3:28,2026-05-14 3:58,0.0013,OK,정상,0,0,0,0,정상,
2026-05-14 3:29,2026-05-14 3:59,0.0012,OK,정상,0,0,0,0,정상,
2026-05-14 3:30,2026-05-14 4:00,0.0011,OK,정상,0,0,0,0,정상,
2026-05-14 3:31,2026-05-14 4:01,0.0012,OK,정상,0,0,0,0,정상,
2026-05-14 3:32,2026-05-14 4:02,0.0017,OK,정상,0,0,0,0,정상,
2026-05-14 3:33,2026-05-14 4:03,0.0029,OK,정상,0,0,0,0,정상,
2026-05-14 3:34,2026-05-14 4:04,0.0026,OK,정상,0,0,0,0,정상,
2026-05-14 3:35,2026-05-14 4:05,0.002,OK,정상,0,0,0,0,정상,
2026-05-14 3:36,2026-05-14 4:06,0.0017,OK,정상,0,0,0,0,정상,
2026-05-14 3:37,2026-05-14 4:07,0.0022,OK,정상,0,0,0,0,정상,
2026-05-14 3:38,2026-05-14 4:08,0.0011,OK,정상,0,0,0,0,정상,
2026-05-14 3:39,2026-05-14 4:09,0.0007,OK,정상,0,0,0,0,정상,
2026-05-14 3:40,2026-05-14 4:10,0.0008,OK,정상,0,0,0,0,정상,
2026-05-14 3:41,2026-05-14 4:11,0.0009,OK,정상,0,0,0,0,정상,
2026-05-14 3:42,2026-05-14 4:12,0.0012,OK,정상,0,0,0,0,정상,
2026-05-14 3:43,2026-05-14 4:13,0.0005,OK,정상,0,0,0,0,정상,
2026-05-14 3:44,2026-05-14 4:14,0.0006,OK,정상,0,0,0,0,정상,
2026-05-14 3:45,2026-05-14 4:15,0.0007,OK,정상,0,0,0,0,정상,
2026-05-14 3:46,2026-05-14 4:16,0.0007,OK,정상,0,0,0,0,정상,
2026-05-14 3:47,2026-05-14 4:17,0.0007,OK,정상,0,0,0,0,정상,
2026-05-14 3:48,2026-05-14 4:18,0.0007,OK,정상,0,0,0,0,정상,
2026-05-14 3:49,2026-05-14 4:19,0.0006,OK,정상,0,0,0,0,정상,
2026-05-14 3:50,2026-05-14 4:20,0.0006,OK,정상,0,0,0,0,정상,
2026-05-14 3:51,2026-05-14 4:21,0.0004,OK,정상,0,0,0,0,정상,
2026-05-14 3:52,2026-05-14 4:22,0.0005,OK,정상,0,0,0,0,정상,
2026-05-14 3:53,2026-05-14 4:23,0.0008,OK,정상,0,0,0,0,정상,
2026-05-14 3:54,2026-05-14 4:24,0.0015,OK,정상,0,0,0,0,정상,
2026-05-14 3:55,2026-05-14 4:25,0.0013,OK,정상,0,0,0,0,정상,
2026-05-14 3:56,2026-05-14 4:26,0.004,OK,정상,0,0,0,0,정상,
2026-05-14 3:57,2026-05-14 4:27,0.0008,OK,정상,0,0,0,0,정상,
2026-05-14 3:58,2026-05-14 4:28,0.0005,OK,정상,0,0,0,0,정상,
2026-05-14 3:59,2026-05-14 4:29,0.0007,OK,정상,0,0,0,0,정상,
2026-05-14 4:00,2026-05-14 4:30,0.0008,OK,정상,0,0,0,0,정상,
2026-05-14 4:01,2026-05-14 4:31,0.0007,OK,정상,0,0,0,0,정상,
2026-05-14 4:02,2026-05-14 4:32,0.0008,OK,정상,0,1,0,0,정상,
2026-05-14 4:03,2026-05-14 4:33,0.001,OK,정상,0,0,0,0,정상,
2026-05-14 4:04,2026-05-14 4:34,0.0011,OK,정상,0,0,0,0,정상,
2026-05-14 4:05,2026-05-14 4:35,0.0015,OK,정상,0,0,0,0,정상,
2026-05-14 4:06,2026-05-14 4:36,0.0014,OK,정상,0,0,0,0,정상,
2026-05-14 4:07,2026-05-14 4:37,0.0015,OK,정상,0,0,0,0,정상,
2026-05-14 4:08,2026-05-14 4:38,0.0015,OK,정상,0,0,0,0,정상,
2026-05-14 4:09,2026-05-14 4:39,0.002,OK,정상,0,0,0,0,정상,
2026-05-14 4:10,2026-05-14 4:40,0.0019,OK,정상,0,1,0,0,정상,
2026-05-14 4:11,2026-05-14 4:41,0.0013,OK,정상,0,1,0,0,정상,
2026-05-14 4:12,2026-05-14 4:42,0.0013,OK,정상,0,0,0,0,정상,
2026-05-14 4:13,2026-05-14 4:43,0.0014,OK,정상,0,0,0,0,정상,
2026-05-14 4:14,2026-05-14 4:44,0.0018,OK,정상,0,0,0,0,정상,
2026-05-14 4:15,2026-05-14 4:45,0.0015,OK,정상,0,0,0,0,정상,
2026-05-14 4:16,2026-05-14 4:46,0.0019,OK,정상,0,1,0,0,정상,
2026-05-14 4:17,2026-05-14 4:47,0.0019,OK,정상,0,0,0,0,정상,
2026-05-14 4:18,2026-05-14 4:48,0.0219,OK,정상,0,0,0,0,정상,
2026-05-14 4:19,2026-05-14 4:49,0.003,OK,정상,0,0,0,0,정상,
2026-05-14 4:20,2026-05-14 4:50,0.006,OK,정상,0,0,0,0,정상,
2026-05-14 4:21,2026-05-14 4:51,0.004,OK,정상,0,0,0,0,정상,
2026-05-14 4:22,2026-05-14 4:52,0.0088,OK,정상,0,0,0,0,정상,
2026-05-14 4:23,2026-05-14 4:53,0.0039,OK,정상,0,0,0,0,정상,
2026-05-14 4:24,2026-05-14 4:54,0.0111,OK,정상,0,0,0,0,정상,
2026-05-14 4:25,2026-05-14 4:55,0.0033,OK,정상,0,0,0,0,정상,
2026-05-14 4:26,2026-05-14 4:56,0.0034,OK,정상,0,0,0,0,정상,
2026-05-14 4:27,2026-05-14 4:57,0.0043,OK,정상,0,0,0,0,정상,
2026-05-14 4:28,2026-05-14 4:58,0.0071,OK,정상,0,0,0,0,정상,
2026-05-14 4:29,2026-05-14 4:59,0.0039,OK,정상,0,0,0,0,정상,
2026-05-14 4:30,2026-05-14 5:00,0.0033,OK,정상,0,0,0,0,정상,
2026-05-14 4:31,2026-05-14 5:01,0.0027,OK,정상,0,0,0,0,정상,
2026-05-14 4:32,2026-05-14 5:02,0.0024,OK,정상,0,0,0,0,정상,
2026-05-14 4:33,2026-05-14 5:03,0.0046,OK,정상,0,0,0,0,정상,
2026-05-14 4:34,2026-05-14 5:04,0.0106,OK,정상,0,0,0,0,정상,
2026-05-14 4:35,2026-05-14 5:05,0.0156,OK,정상,0,0,0,0,정상,
2026-05-14 4:36,2026-05-14 5:06,0.0096,OK,정상,0,0,0,0,정상,
2026-05-14 4:37,2026-05-14 5:07,0.0055,OK,정상,0,0,0,0,정상,
2026-05-14 4:38,2026-05-14 5:08,0.0066,OK,정상,0,0,0,0,정상,
2026-05-14 4:39,2026-05-14 5:09,0.0043,OK,정상,0,0,0,0,정상,
2026-05-14 4:40,2026-05-14 5:10,0.0049,OK,정상,0,0,0,0,정상,
2026-05-14 4:41,2026-05-14 5:11,0.0064,OK,정상,0,0,0,0,정상,
2026-05-14 4:42,2026-05-14 5:12,0.0112,OK,정상,0,0,0,0,정상,
2026-05-14 4:43,2026-05-14 5:13,0.011,OK,정상,0,0,0,0,정상,
2026-05-14 4:44,2026-05-14 5:14,0.0114,OK,정상,0,0,0,0,정상,
2026-05-14 4:45,2026-05-14 5:15,0.0073,OK,정상,0,0,0,0,정상,
2026-05-14 4:46,2026-05-14 5:16,0.0173,OK,정상,0,0,0,0,정상,
2026-05-14 4:47,2026-05-14 5:17,0.0137,OK,정상,0,0,0,0,정상,
2026-05-14 4:48,2026-05-14 5:18,0.0075,OK,정상,0,0,0,0,정상,
2026-05-14 4:49,2026-05-14 5:19,0.005,OK,정상,0,0,0,0,정상,
2026-05-14 4:50,2026-05-14 5:20,0.0065,OK,정상,0,0,0,0,정상,
2026-05-14 4:51,2026-05-14 5:21,0.0056,OK,정상,0,0,0,0,정상,
2026-05-14 4:52,2026-05-14 5:22,0.0047,OK,정상,0,0,0,0,정상,
2026-05-14 4:53,2026-05-14 5:23,0.0029,OK,정상,0,0,0,0,정상,
2026-05-14 4:54,2026-05-14 5:24,0.0048,OK,정상,0,0,0,0,정상,
2026-05-14 4:55,2026-05-14 5:25,0.003,OK,정상,0,0,0,0,정상,
2026-05-14 4:56,2026-05-14 5:26,0.0027,OK,정상,0,0,0,0,정상,
2026-05-14 4:57,2026-05-14 5:27,0.0034,OK,정상,0,0,0,0,정상,
2026-05-14 4:58,2026-05-14 5:28,0.003,OK,정상,0,0,0,0,정상,
2026-05-14 4:59,2026-05-14 5:29,0.0034,OK,정상,0,1,0,0,정상,
2026-05-14 5:00,2026-05-14 5:30,0.0017,OK,정상,0,1,0,0,정상,
2026-05-14 5:01,2026-05-14 5:31,0.0013,OK,정상,0,0,0,0,정상,
2026-05-14 5:02,2026-05-14 5:32,0.0019,OK,정상,0,0,0,0,정상,
2026-05-14 5:03,2026-05-14 5:33,0.0008,OK,정상,0,0,0,0,정상,
2026-05-14 5:04,2026-05-14 5:34,0.001,OK,정상,0,0,0,0,정상,
2026-05-14 5:05,2026-05-14 5:35,0.0009,OK,정상,0,0,0,0,정상,
2026-05-14 5:06,2026-05-14 5:36,0.0004,OK,정상,0,0,0,0,정상,
2026-05-14 5:07,2026-05-14 5:37,0.0006,OK,정상,0,0,0,0,정상,
2026-05-14 5:08,2026-05-14 5:38,0.0007,OK,정상,0,0,0,0,정상,
2026-05-14 5:09,2026-05-14 5:39,0.0012,OK,정상,0,0,0,0,정상,
2026-05-14 5:10,2026-05-14 5:40,0.0019,OK,정상,0,0,0,0,정상,
2026-05-14 5:11,2026-05-14 5:41,0.0017,OK,정상,0,0,0,0,정상,
2026-05-14 5:12,2026-05-14 5:42,0.0014,OK,정상,0,0,0,0,정상,
2026-05-14 5:13,2026-05-14 5:43,0.0015,OK,정상,0,0,0,0,정상,
2026-05-14 5:14,2026-05-14 5:44,0.0014,OK,정상,0,0,0,0,정상,
2026-05-14 5:15,2026-05-14 5:45,0.0034,OK,정상,0,0,0,0,정상,
2026-05-14 5:16,2026-05-14 5:46,0.0011,OK,정상,0,0,0,0,정상,
2026-05-14 5:17,2026-05-14 5:47,0.0017,OK,정상,0,0,0,0,정상,
2026-05-14 5:18,2026-05-14 5:48,0.0021,OK,정상,0,0,0,0,정상,
2026-05-14 5:19,2026-05-14 5:49,0.0017,OK,정상,0,0,0,0,정상,
2026-05-14 5:20,2026-05-14 5:50,0.0018,OK,정상,0,0,0,0,정상,
2026-05-14 5:21,2026-05-14 5:51,0.0024,OK,정상,0,0,0,0,정상,
2026-05-14 5:22,2026-05-14 5:52,0.0008,OK,정상,0,0,0,0,정상,
2026-05-14 5:23,2026-05-14 5:53,0.0007,OK,정상,0,0,0,0,정상,
2026-05-14 5:24,2026-05-14 5:54,0.0015,OK,정상,0,0,0,0,정상,
2026-05-14 5:25,2026-05-14 5:55,0.0016,OK,정상,0,0,0,0,정상,
2026-05-14 5:26,2026-05-14 5:56,0.0012,OK,정상,0,0,0,0,정상,
2026-05-14 5:27,2026-05-14 5:57,0.0013,OK,정상,0,0,0,0,정상,
2026-05-14 5:28,2026-05-14 5:58,0.0012,OK,정상,0,0,0,0,정상,
2026-05-14 5:29,2026-05-14 5:59,0.0009,OK,정상,0,0,0,0,정상,
2026-05-14 5:30,2026-05-14 6:00,0.0017,OK,정상,0,0,0,0,정상,
2026-05-14 5:31,2026-05-14 6:01,0.0014,OK,정상,0,0,0,0,정상,
2026-05-14 5:32,2026-05-14 6:02,0.0021,OK,정상,0,0,0,0,정상,
2026-05-14 5:33,2026-05-14 6:03,0.0022,OK,정상,0,0,0,0,정상,
2026-05-14 5:34,2026-05-14 6:04,0.0024,OK,정상,0,0,0,0,정상,
2026-05-14 5:35,2026-05-14 6:05,0.0023,OK,정상,0,0,0,0,정상,
2026-05-14 5:36,2026-05-14 6:06,0.0017,OK,정상,0,0,0,0,정상,
2026-05-14 5:37,2026-05-14 6:07,0.0015,OK,정상,0,0,0,0,정상,
2026-05-14 5:38,2026-05-14 6:08,0.0022,OK,정상,0,0,0,0,정상,
2026-05-14 5:39,2026-05-14 6:09,0.0018,OK,정상,0,0,0,0,정상,
2026-05-14 5:40,2026-05-14 6:10,0.0021,OK,정상,0,0,0,0,정상,
2026-05-14 5:41,2026-05-14 6:11,0.0019,OK,정상,0,0,0,0,정상,
2026-05-14 5:42,2026-05-14 6:12,0.002,OK,정상,0,0,0,0,정상,
2026-05-14 5:43,2026-05-14 6:13,0.0018,OK,정상,0,0,0,0,정상,
2026-05-14 5:44,2026-05-14 6:14,0.001,OK,정상,0,0,0,0,정상,
2026-05-14 5:45,2026-05-14 6:15,0.0011,OK,정상,1,0,0,0,정상,
2026-05-14 5:46,2026-05-14 6:16,0.0013,OK,정상,1,0,0,0,정상,
2026-05-14 5:47,2026-05-14 6:17,0.0027,OK,정상,0,0,0,0,정상,
2026-05-14 5:48,2026-05-14 6:18,0.0028,OK,정상,0,0,0,0,정상,
2026-05-14 5:49,2026-05-14 6:19,0.0021,OK,정상,0,0,0,0,정상,
2026-05-14 5:50,2026-05-14 6:20,0.012,OK,정상,0,0,0,0,정상,
2026-05-14 5:51,2026-05-14 6:21,0.0021,OK,정상,0,0,0,0,정상,
2026-05-14 5:52,2026-05-14 6:22,0.0034,OK,정상,0,0,0,0,정상,
2026-05-14 5:53,2026-05-14 6:23,0.0018,OK,정상,0,0,0,0,정상,
2026-05-14 5:54,2026-05-14 6:24,0.0028,OK,정상,0,0,0,0,정상,
2026-05-14 5:55,2026-05-14 6:25,0.0023,OK,정상,0,0,0,0,정상,
2026-05-14 5:56,2026-05-14 6:26,0.0015,OK,정상,0,0,0,0,정상,
2026-05-14 5:57,2026-05-14 6:27,0.0068,OK,정상,0,0,0,0,정상,
2026-05-14 5:58,2026-05-14 6:28,0.002,OK,정상,0,0,0,0,정상,
2026-05-14 5:59,2026-05-14 6:29,0.002,OK,정상,0,0,0,0,정상,
2026-05-14 6:00,2026-05-14 6:30,0.0016,OK,정상,0,0,0,0,정상,
2026-05-14 6:01,2026-05-14 6:31,0.0028,OK,정상,0,0,0,0,정상,
2026-05-14 6:02,2026-05-14 6:32,0.0062,OK,정상,0,0,0,0,정상,
2026-05-14 6:03,2026-05-14 6:33,0.0023,OK,정상,0,0,0,0,정상,
2026-05-14 6:04,2026-05-14 6:34,0.0036,OK,정상,0,0,0,0,정상,
2026-05-14 6:05,2026-05-14 6:35,0.0025,OK,정상,0,0,0,0,정상,
2026-05-14 6:06,2026-05-14 6:36,0.0045,OK,정상,0,0,0,0,정상,
2026-05-14 6:07,2026-05-14 6:37,0.003,OK,정상,0,0,0,0,정상,
2026-05-14 6:08,2026-05-14 6:38,0.0028,OK,정상,0,0,0,0,정상,
2026-05-14 6:09,2026-05-14 6:39,0.0042,OK,정상,0,0,0,0,정상,
2026-05-14 6:10,2026-05-14 6:40,0.0014,OK,정상,1,0,0,0,정상,
2026-05-14 6:11,2026-05-14 6:41,0.0035,OK,정상,1,0,0,0,정상,
2026-05-14 6:12,2026-05-14 6:42,0.0033,OK,정상,1,0,0,0,정상,
2026-05-14 6:13,2026-05-14 6:43,0.0021,OK,정상,0,0,0,0,정상,
2026-05-14 6:14,2026-05-14 6:44,0.0023,OK,정상,0,0,0,0,정상,
2026-05-14 6:15,2026-05-14 6:45,0.0026,OK,정상,0,0,0,0,정상,
2026-05-14 6:16,2026-05-14 6:46,0.0027,OK,정상,0,1,0,0,정상,
2026-05-14 6:17,2026-05-14 6:47,0.0028,OK,정상,0,0,0,0,정상,
2026-05-14 6:18,2026-05-14 6:48,0.0027,OK,정상,0,0,0,0,정상,
2026-05-14 6:19,2026-05-14 6:49,0.0024,OK,정상,0,0,0,0,정상,
2026-05-14 6:20,2026-05-14 6:50,0.0025,OK,정상,0,1,0,0,정상,
2026-05-14 6:21,2026-05-14 6:51,0.0043,OK,정상,0,0,0,0,정상,
2026-05-14 6:22,2026-05-14 6:52,0.0035,OK,정상,0,0,0,0,정상,
2026-05-14 6:23,2026-05-14 6:53,0.0042,OK,정상,0,0,0,0,정상,
2026-05-14 6:24,2026-05-14 6:54,0.0047,OK,정상,0,0,0,0,정상,
2026-05-14 6:25,2026-05-14 6:55,0.0039,OK,정상,0,0,0,0,정상,
2026-05-14 6:26,2026-05-14 6:56,0.0034,OK,정상,0,0,0,0,정상,
2026-05-14 6:27,2026-05-14 6:57,0.005,OK,정상,0,0,0,0,정상,
2026-05-14 6:28,2026-05-14 6:58,0.0044,OK,정상,0,0,0,0,정상,
2026-05-14 6:29,2026-05-14 6:59,0.0059,OK,정상,0,0,0,0,정상,
2026-05-14 6:30,2026-05-14 7:00,0.0106,OK,정상,0,0,0,0,정상,
2026-05-14 6:31,2026-05-14 7:01,0.0067,OK,정상,0,0,0,0,정상,
2026-05-14 6:32,2026-05-14 7:02,0.0091,OK,정상,0,0,0,0,정상,
2026-05-14 6:33,2026-05-14 7:03,0.0047,OK,정상,0,0,0,0,정상,
2026-05-14 6:34,2026-05-14 7:04,0.004,OK,정상,0,0,0,0,정상,
2026-05-14 6:35,2026-05-14 7:05,0.0119,OK,정상,0,0,0,0,정상,
2026-05-14 6:36,2026-05-14 7:06,0.0081,OK,정상,0,0,0,0,정상,
2026-05-14 6:37,2026-05-14 7:07,0.0103,OK,정상,0,0,0,0,정상,
2026-05-14 6:38,2026-05-14 7:08,0.0126,OK,정상,0,0,0,0,정상,
2026-05-14 6:39,2026-05-14 7:09,0.0091,OK,정상,0,0,0,0,정상,
2026-05-14 6:40,2026-05-14 7:10,0.01,OK,정상,0,0,0,0,정상,
2026-05-14 6:41,2026-05-14 7:11,0.0078,OK,정상,0,0,0,0,정상,
2026-05-14 6:42,2026-05-14 7:12,0.0081,OK,정상,0,0,0,0,정상,
2026-05-14 6:43,2026-05-14 7:13,0.0051,OK,정상,0,0,0,0,정상,
2026-05-14 6:44,2026-05-14 7:14,0.0076,OK,정상,0,0,0,0,정상,
2026-05-14 6:45,2026-05-14 7:15,0.0072,OK,정상,0,0,0,0,정상,
2026-05-14 6:46,2026-05-14 7:16,0.0057,OK,정상,0,0,0,0,정상,
2026-05-14 6:47,2026-05-14 7:17,0.0063,OK,정상,0,0,0,0,정상,
2026-05-14 6:48,2026-05-14 7:18,0.0047,OK,정상,0,0,0,0,정상,
2026-05-14 6:49,2026-05-14 7:19,0.0021,OK,정상,0,0,0,0,정상,
2026-05-14 6:50,2026-05-14 7:20,0.0027,OK,정상,0,0,0,0,정상,
2026-05-14 6:51,2026-05-14 7:21,0.0017,OK,정상,0,0,0,0,정상,
2026-05-14 6:52,2026-05-14 7:22,0.002,OK,정상,0,0,0,0,정상,
2026-05-14 6:53,2026-05-14 7:23,0.0015,OK,정상,0,0,0,0,정상,
2026-05-14 6:54,2026-05-14 7:24,0.0017,OK,정상,0,0,0,0,정상,
2026-05-14 6:55,2026-05-14 7:25,0.0016,OK,정상,0,0,0,0,정상,
2026-05-14 6:56,2026-05-14 7:26,0.0008,OK,정상,0,0,0,0,정상,
2026-05-14 6:57,2026-05-14 7:27,0.0062,OK,정상,0,0,0,0,정상,
2026-05-14 6:58,2026-05-14 7:28,0.0057,OK,정상,0,0,0,0,정상,
2026-05-14 6:59,2026-05-14 7:29,0.001,OK,정상,0,0,0,0,정상,
2026-05-14 7:00,2026-05-14 7:30,0.0009,OK,정상,0,0,0,0,정상,
2026-05-14 7:01,2026-05-14 7:31,0.0013,OK,정상,0,0,0,0,정상,
2026-05-14 7:02,2026-05-14 7:32,0.0015,OK,정상,0,0,0,0,정상,
2026-05-14 7:03,2026-05-14 7:33,0.001,OK,정상,0,0,0,0,정상,
2026-05-14 7:04,2026-05-14 7:34,0.0012,OK,정상,0,0,0,0,정상,
2026-05-14 7:05,2026-05-14 7:35,0.0008,OK,정상,0,0,0,0,정상,
2026-05-14 7:06,2026-05-14 7:36,0.0008,OK,정상,0,0,0,0,정상,
2026-05-14 7:07,2026-05-14 7:37,0.0021,OK,정상,0,0,0,0,정상,
2026-05-14 7:08,2026-05-14 7:38,0.0026,OK,정상,0,0,0,0,정상,
2026-05-14 7:09,2026-05-14 7:39,0.0033,OK,정상,0,0,0,0,정상,
2026-05-14 7:10,2026-05-14 7:40,0.0039,OK,정상,0,0,0,0,정상,
2026-05-14 7:11,2026-05-14 7:41,0.0017,OK,정상,0,0,0,0,정상,
2026-05-14 7:12,2026-05-14 7:42,0.0013,OK,정상,0,0,0,0,정상,
2026-05-14 7:13,2026-05-14 7:43,0.0013,OK,정상,0,0,0,0,정상,
2026-05-14 7:14,2026-05-14 7:44,0.0015,OK,정상,0,0,0,0,정상,
2026-05-14 7:15,2026-05-14 7:45,0.0016,OK,정상,0,0,0,0,정상,
2026-05-14 7:16,2026-05-14 7:46,0.0017,OK,정상,0,0,0,0,정상,
2026-05-14 7:17,2026-05-14 7:47,0.0015,OK,정상,0,0,0,0,정상,
2026-05-14 7:18,2026-05-14 7:48,0.0016,OK,정상,0,0,0,0,정상,
2026-05-14 7:19,2026-05-14 7:49,0.0012,OK,정상,0,0,0,0,정상,
2026-05-14 7:20,2026-05-14 7:50,0.001,OK,정상,0,0,0,0,정상,
2026-05-14 7:21,2026-05-14 7:51,0.0015,OK,정상,0,0,0,0,정상,
2026-05-14 7:22,2026-05-14 7:52,0.0011,OK,정상,0,0,0,0,정상,
2026-05-14 7:23,2026-05-14 7:53,0.001,OK,정상,0,0,0,0,정상,
2026-05-14 7:24,2026-05-14 7:54,0.0008,OK,정상,0,0,0,0,정상,
2026-05-14 7:25,2026-05-14 7:55,0.0014,OK,정상,0,0,0,0,정상,
2026-05-14 7:26,2026-05-14 7:56,0.0009,OK,정상,0,0,0,0,정상,
2026-05-14 7:27,2026-05-14 7:57,0.0007,OK,정상,0,0,0,0,정상,
2026-05-14 7:28,2026-05-14 7:58,0.0008,OK,정상,0,0,0,0,정상,
2026-05-14 7:29,2026-05-14 7:59,0.0007,OK,정상,0,0,0,0,정상,
2026-05-14 7:30,2026-05-14 8:00,0.0008,OK,정상,0,0,0,0,정상,
2026-05-14 7:31,2026-05-14 8:01,0.0008,OK,정상,0,0,0,0,정상,
2026-05-14 7:32,2026-05-14 8:02,0.0007,OK,정상,0,0,0,0,정상,
2026-05-14 7:33,2026-05-14 8:03,0.0005,OK,정상,0,0,0,0,정상,
2026-05-14 7:34,2026-05-14 8:04,0.0005,OK,정상,0,0,0,0,정상,
2026-05-14 7:35,2026-05-14 8:05,0.0007,OK,정상,0,0,0,0,정상,
2026-05-14 7:36,2026-05-14 8:06,0.0006,OK,정상,0,0,0,0,정상,
2026-05-14 7:37,2026-05-14 8:07,0.0009,OK,정상,0,0,0,0,정상,
2026-05-14 7:38,2026-05-14 8:08,0.0008,OK,정상,0,0,0,0,정상,
2026-05-14 7:39,2026-05-14 8:09,0.0012,OK,정상,0,0,0,0,정상,
2026-05-14 7:40,2026-05-14 8:10,0.0011,OK,정상,0,1,0,0,정상,
2026-05-14 7:41,2026-05-14 8:11,0.0009,OK,정상,0,0,0,0,정상,
2026-05-14 7:42,2026-05-14 8:12,0.0007,OK,정상,0,0,0,0,정상,
2026-05-14 7:43,2026-05-14 8:13,0.0008,OK,정상,0,0,0,0,정상,
2026-05-14 7:44,2026-05-14 8:14,0.0007,OK,정상,0,0,0,0,정상,
2026-05-14 7:45,2026-05-14 8:15,0.0007,OK,정상,0,0,0,0,정상,
2026-05-14 7:46,2026-05-14 8:16,0.0007,OK,정상,0,0,0,0,정상,
2026-05-14 7:47,2026-05-14 8:17,0.0008,OK,정상,1,0,0,0,정상,
2026-05-14 7:48,2026-05-14 8:18,0.0008,OK,정상,0,0,0,0,정상,
2026-05-14 7:49,2026-05-14 8:19,0.001,OK,정상,0,0,0,0,정상,
2026-05-14 7:50,2026-05-14 8:20,0.0004,OK,정상,0,0,0,0,정상,
2026-05-14 7:51,2026-05-14 8:21,0.0011,OK,정상,0,0,0,0,정상,
2026-05-14 7:52,2026-05-14 8:22,0.0007,OK,정상,0,0,0,0,정상,
2026-05-14 7:53,2026-05-14 8:23,0.0013,OK,정상,0,0,0,0,정상,
2026-05-14 7:54,2026-05-14 8:24,0.0012,OK,정상,0,0,0,0,정상,
2026-05-14 7:55,2026-05-14 8:25,0.0014,OK,정상,0,0,0,0,정상,
2026-05-14 7:56,2026-05-14 8:26,0.0012,OK,정상,0,0,0,0,정상,
2026-05-14 7:57,2026-05-14 8:27,0.0014,OK,정상,0,0,0,0,정상,
2026-05-14 7:58,2026-05-14 8:28,0.001,OK,정상,0,0,0,0,정상,
2026-05-14 7:59,2026-05-14 8:29,0.0009,OK,정상,0,0,0,0,정상,
2026-05-14 8:00,2026-05-14 8:30,0.0012,OK,정상,0,1,0,0,정상,
2026-05-14 8:01,2026-05-14 8:31,0.0012,OK,정상,0,0,0,0,정상,
2026-05-14 8:02,2026-05-14 8:32,0.001,OK,정상,0,0,0,0,정상,
2026-05-14 8:03,2026-05-14 8:33,0.0012,OK,정상,0,0,0,0,정상,
2026-05-14 8:04,2026-05-14 8:34,0.0012,OK,정상,0,0,0,0,정상,
2026-05-14 8:05,2026-05-14 8:35,0.0009,OK,정상,0,0,0,0,정상,
2026-05-14 8:06,2026-05-14 8:36,0.0009,OK,정상,0,0,0,0,정상,
2026-05-14 8:07,2026-05-14 8:37,0.0012,OK,정상,0,0,0,0,정상,
2026-05-14 8:08,2026-05-14 8:38,0.001,OK,정상,0,0,0,0,정상,
2026-05-14 8:09,2026-05-14 8:39,0.001,OK,정상,0,0,0,0,정상,
2026-05-14 8:10,2026-05-14 8:40,0.0012,OK,정상,0,0,0,0,정상,
2026-05-14 8:11,2026-05-14 8:41,0.0014,OK,정상,0,0,0,0,정상,
2026-05-14 8:12,2026-05-14 8:42,0.0014,OK,정상,0,0,0,0,정상,
2026-05-14 8:13,2026-05-14 8:43,0.0018,OK,정상,0,0,0,0,정상,
2026-05-14 8:14,2026-05-14 8:44,0.0015,OK,정상,0,0,0,0,정상,
2026-05-14 8:15,2026-05-14 8:45,0.0004,OK,정상,0,0,0,0,정상,
2026-05-14 8:16,2026-05-14 8:46,0.0003,OK,정상,0,0,0,0,정상,
2026-05-14 8:17,2026-05-14 8:47,0.0004,OK,정상,0,0,0,0,정상,
2026-05-14 8:18,2026-05-14 8:48,0.0006,OK,정상,0,0,0,0,정상,
2026-05-14 8:19,2026-05-14 8:49,0.0008,OK,정상,0,0,0,0,정상,
2026-05-14 8:20,2026-05-14 8:50,0.002,OK,정상,0,0,0,0,정상,
2026-05-14 8:21,2026-05-14 8:51,0.0012,OK,정상,0,0,0,0,정상,
2026-05-14 8:22,2026-05-14 8:52,0.0012,OK,정상,0,0,0,0,정상,
2026-05-14 8:23,2026-05-14 8:53,0.001,OK,정상,0,0,0,0,정상,
2026-05-14 8:24,2026-05-14 8:54,0.0011,OK,정상,0,0,0,0,정상,
2026-05-14 8:25,2026-05-14 8:55,0.001,OK,정상,0,0,0,0,정상,
2026-05-14 8:26,2026-05-14 8:56,0.0008,OK,정상,0,0,0,0,정상,
2026-05-14 8:27,2026-05-14 8:57,0.0008,OK,정상,0,0,0,0,정상,
2026-05-14 8:28,2026-05-14 8:58,0.0006,OK,정상,0,0,0,0,정상,
2026-05-14 8:29,2026-05-14 8:59,0.0008,OK,정상,0,0,0,0,정상,
2026-05-14 8:30,2026-05-14 9:00,0.0009,OK,정상,0,0,0,0,정상,
2026-05-14 8:31,2026-05-14 9:01,0.0007,OK,정상,0,0,0,0,정상,
2026-05-14 8:32,2026-05-14 9:02,0.0011,OK,정상,0,0,0,0,정상,
2026-05-14 8:33,2026-05-14 9:03,0.001,OK,정상,0,0,0,0,정상,
2026-05-14 8:34,2026-05-14 9:04,0.0015,OK,정상,0,0,0,0,정상,
2026-05-14 8:35,2026-05-14 9:05,0.0016,OK,정상,0,0,0,0,정상,
2026-05-14 8:36,2026-05-14 9:06,0.0013,OK,정상,0,0,0,0,정상,
2026-05-14 8:37,2026-05-14 9:07,0.0013,OK,정상,0,0,0,0,정상,
2026-05-14 8:38,2026-05-14 9:08,0.0015,OK,정상,0,0,0,0,정상,
2026-05-14 8:39,2026-05-14 9:09,0.0015,OK,정상,0,0,0,0,정상,
2026-05-14 8:40,2026-05-14 9:10,0.0017,OK,정상,0,0,0,0,정상,
2026-05-14 8:41,2026-05-14 9:11,0.0014,OK,정상,0,0,0,0,정상,
2026-05-14 8:42,2026-05-14 9:12,0.0012,OK,정상,0,0,0,0,정상,
2026-05-14 8:43,2026-05-14 9:13,0.0013,OK,정상,0,0,0,0,정상,
2026-05-14 8:44,2026-05-14 9:14,0.0027,OK,정상,0,0,0,0,정상,
2026-05-14 8:45,2026-05-14 9:15,0.0016,OK,정상,0,0,0,0,정상,
2026-05-14 8:46,2026-05-14 9:16,0.0016,OK,정상,0,0,0,0,정상,
2026-05-14 8:47,2026-05-14 9:17,0.002,OK,정상,0,0,0,0,정상,
2026-05-14 8:48,2026-05-14 9:18,0.0025,OK,정상,0,0,0,0,정상,
2026-05-14 8:49,2026-05-14 9:19,0.0061,OK,정상,0,0,0,0,정상,
2026-05-14 8:50,2026-05-14 9:20,0.0096,OK,정상,0,0,0,0,정상,
2026-05-14 8:51,2026-05-14 9:21,0.01,OK,정상,0,1,0,0,정상,
2026-05-14 8:52,2026-05-14 9:22,0.002,OK,정상,0,1,0,0,정상,
2026-05-14 8:53,2026-05-14 9:23,0.0026,OK,정상,0,0,0,0,정상,
2026-05-14 8:54,2026-05-14 9:24,0.0086,OK,정상,0,0,0,0,정상,
2026-05-14 8:55,2026-05-14 9:25,0.0073,OK,정상,0,1,0,0,정상,
2026-05-14 8:56,2026-05-14 9:26,0.0016,OK,정상,0,0,0,0,정상,
2026-05-14 8:57,2026-05-14 9:27,0.0024,OK,정상,0,1,0,0,정상,
2026-05-14 8:58,2026-05-14 9:28,0.001,OK,정상,0,0,0,0,정상,
2026-05-14 8:59,2026-05-14 9:29,0.0019,OK,정상,0,0,0,0,정상,
2026-05-14 9:00,2026-05-14 9:30,0.0025,OK,정상,0,0,0,0,정상,
2026-05-14 9:01,2026-05-14 9:31,0.0026,OK,정상,0,0,0,0,정상,
2026-05-14 9:02,2026-05-14 9:32,0.0023,OK,정상,0,0,0,0,정상,
2026-05-14 9:03,2026-05-14 9:33,0.0022,OK,정상,0,0,0,0,정상,
2026-05-14 9:04,2026-05-14 9:34,0.0019,OK,정상,0,0,0,0,정상,
2026-05-14 9:05,2026-05-14 9:35,0.011,OK,정상,0,0,0,0,정상,
2026-05-14 9:06,2026-05-14 9:36,0.002,OK,정상,0,0,0,0,정상,
2026-05-14 9:07,2026-05-14 9:37,0.0022,OK,정상,0,0,0,0,정상,
2026-05-14 9:08,2026-05-14 9:38,0.0031,OK,정상,1,0,0,0,정상,
2026-05-14 9:09,2026-05-14 9:39,0.0027,OK,정상,1,0,0,0,정상,
2026-05-14 9:10,2026-05-14 9:40,0.0026,OK,정상,0,0,0,0,정상,
2026-05-14 9:11,2026-05-14 9:41,0.0025,OK,정상,1,0,0,0,정상,
2026-05-14 9:12,2026-05-14 9:42,0.0026,OK,정상,0,0,0,0,정상,
2026-05-14 9:13,2026-05-14 9:43,0.0025,OK,정상,0,0,0,0,정상,
2026-05-14 9:14,2026-05-14 9:44,0.0024,OK,정상,0,0,0,0,정상,
2026-05-14 9:15,2026-05-14 9:45,0.0023,OK,정상,0,0,0,0,정상,
2026-05-14 9:16,2026-05-14 9:46,0.0027,OK,정상,0,0,0,0,정상,
2026-05-14 9:17,2026-05-14 9:47,0.0026,OK,정상,0,0,0,0,정상,
2026-05-14 9:18,2026-05-14 9:48,0.0035,OK,정상,0,0,0,0,정상,
2026-05-14 9:19,2026-05-14 9:49,0.0028,OK,정상,0,0,0,0,정상,
2026-05-14 9:20,2026-05-14 9:50,0.0018,OK,정상,0,1,0,0,정상,
2026-05-14 9:21,2026-05-14 9:51,0.002,OK,정상,0,1,0,0,정상,
2026-05-14 9:22,2026-05-14 9:52,0.0011,OK,정상,0,1,0,0,정상,
2026-05-14 9:23,2026-05-14 9:53,0.0014,OK,정상,1,1,0,0,정상,
2026-05-14 9:24,2026-05-14 9:54,0.002,OK,정상,1,0,0,0,정상,
2026-05-14 9:25,2026-05-14 9:55,0.0011,OK,정상,0,0,0,0,정상,
2026-05-14 9:26,2026-05-14 9:56,0.0018,OK,정상,1,0,0,0,정상,
2026-05-14 9:27,2026-05-14 9:57,0.0015,OK,정상,0,0,0,0,정상,
2026-05-14 9:28,2026-05-14 9:58,0.0015,OK,정상,0,0,0,0,정상,
2026-05-14 9:29,2026-05-14 9:59,0.002,OK,정상,0,0,0,0,정상,
2026-05-14 9:30,2026-05-14 10:00,0.0022,OK,정상,0,0,0,0,정상,
2026-05-14 9:31,2026-05-14 10:01,0.0012,OK,정상,0,0,0,0,정상,
2026-05-14 9:32,2026-05-14 10:02,0.002,OK,정상,0,0,0,0,정상,
2026-05-14 9:33,2026-05-14 10:03,0.0019,OK,정상,1,0,0,0,정상,
2026-05-14 9:34,2026-05-14 10:04,0.0013,OK,정상,0,0,0,0,정상,
2026-05-14 9:35,2026-05-14 10:05,0.0022,OK,정상,1,0,0,0,정상,
2026-05-14 9:36,2026-05-14 10:06,0.0028,OK,정상,1,0,0,0,정상,
2026-05-14 9:37,2026-05-14 10:07,0.0023,OK,정상,0,0,0,0,정상,
2026-05-14 9:38,2026-05-14 10:08,0.0027,OK,정상,0,1,0,0,정상,
2026-05-14 9:39,2026-05-14 10:09,0.0031,OK,정상,0,1,0,0,정상,
2026-05-14 9:40,2026-05-14 10:10,0.0029,OK,정상,0,1,0,0,정상,
2026-05-14 9:41,2026-05-14 10:11,0.0027,OK,정상,0,0,0,0,정상,
2026-05-14 9:42,2026-05-14 10:12,0.0016,OK,정상,0,0,0,0,정상,
2026-05-14 9:43,2026-05-14 10:13,0.0015,OK,정상,0,0,0,0,정상,
2026-05-14 9:44,2026-05-14 10:14,0.0022,OK,정상,0,0,0,0,정상,
2026-05-14 9:45,2026-05-14 10:15,0.0021,OK,정상,0,0,0,0,정상,
2026-05-14 9:46,2026-05-14 10:16,0.0017,OK,정상,0,0,0,0,정상,
2026-05-14 9:47,2026-05-14 10:17,0.0019,OK,정상,0,0,0,0,정상,
2026-05-14 9:48,2026-05-14 10:18,0.0018,OK,정상,0,0,0,0,정상,
2026-05-14 9:49,2026-05-14 10:19,0.0024,OK,정상,0,0,0,0,정상,
2026-05-14 9:50,2026-05-14 10:20,0.0024,OK,정상,0,0,0,0,정상,
2026-05-14 9:51,2026-05-14 10:21,0.0021,OK,정상,0,0,0,0,정상,
2026-05-14 9:52,2026-05-14 10:22,0.0014,OK,정상,0,0,0,0,정상,
2026-05-14 9:53,2026-05-14 10:23,0.0018,OK,정상,0,0,0,0,정상,
2026-05-14 9:54,2026-05-14 10:24,0.0025,OK,정상,0,0,0,0,정상,
2026-05-14 9:55,2026-05-14 10:25,0.002,OK,정상,0,0,0,0,정상,
2026-05-14 9:56,2026-05-14 10:26,0.0028,OK,정상,0,0,0,0,정상,
2026-05-14 9:57,2026-05-14 10:27,0.0025,OK,정상,0,0,0,0,정상,
2026-05-14 9:58,2026-05-14 10:28,0.0032,OK,정상,0,0,0,0,정상,
2026-05-14 9:59,2026-05-14 10:29,0.0039,OK,정상,0,0,0,0,정상,
2026-05-14 10:00,2026-05-14 10:30,0.0027,OK,정상,0,0,0,0,정상,
2026-05-14 10:01,2026-05-14 10:31,0.003,OK,정상,0,0,0,0,정상,
2026-05-14 10:02,2026-05-14 10:32,0.0055,OK,정상,0,0,0,0,정상,
2026-05-14 10:03,2026-05-14 10:33,0.0044,OK,정상,1,0,0,0,정상,
2026-05-14 10:04,2026-05-14 10:34,0.0035,OK,정상,0,0,0,0,정상,
2026-05-14 10:05,2026-05-14 10:35,0.0051,OK,정상,1,0,0,0,정상,
2026-05-14 10:06,2026-05-14 10:36,0.0041,OK,정상,1,0,0,0,정상,
2026-05-14 10:07,2026-05-14 10:37,0.0032,OK,정상,1,0,0,0,정상,
2026-05-14 10:08,2026-05-14 10:38,0.0054,OK,정상,1,0,0,0,정상,
2026-05-14 10:09,2026-05-14 10:39,0.0015,OK,정상,1,0,0,0,정상,
2026-05-14 10:10,2026-05-14 10:40,0.0014,OK,정상,1,0,0,0,정상,
2026-05-14 10:11,2026-05-14 10:41,0.0022,OK,정상,1,0,0,0,정상,
2026-05-14 10:12,2026-05-14 10:42,0.0025,OK,정상,1,0,0,0,정상,
2026-05-14 10:13,2026-05-14 10:43,0.0014,OK,정상,1,0,0,0,정상,
2026-05-14 10:14,2026-05-14 10:44,0.0015,OK,정상,1,0,0,0,정상,
2026-05-14 10:15,2026-05-14 10:45,0.0017,OK,정상,1,0,0,0,정상,
2026-05-14 10:16,2026-05-14 10:46,0.0039,OK,정상,1,0,0,0,정상,
2026-05-14 10:17,2026-05-14 10:47,0.0041,OK,정상,1,0,0,0,정상,
2026-05-14 10:18,2026-05-14 10:48,0.0037,OK,정상,1,0,0,0,정상,
2026-05-14 10:19,2026-05-14 10:49,0.003,OK,정상,1,0,0,0,정상,
2026-05-14 10:20,2026-05-14 10:50,0.0045,OK,정상,1,0,0,0,정상,
2026-05-14 10:21,2026-05-14 10:51,0.0032,OK,정상,1,0,0,0,정상,
2026-05-14 10:22,2026-05-14 10:52,0.0035,OK,정상,1,0,0,0,정상,
2026-05-14 10:23,2026-05-14 10:53,0.0056,OK,정상,1,0,0,0,정상,
2026-05-14 10:24,2026-05-14 10:54,0.0016,OK,정상,1,0,0,0,정상,
2026-05-14 10:25,2026-05-14 10:55,0.0019,OK,정상,1,0,0,0,정상,
2026-05-14 10:26,2026-05-14 10:56,0.0021,OK,정상,1,0,0,0,정상,
2026-05-14 10:27,2026-05-14 10:57,0.0015,OK,정상,1,0,0,0,정상,
2026-05-14 10:28,2026-05-14 10:58,0.0012,OK,정상,1,0,0,0,정상,
2026-05-14 10:29,2026-05-14 10:59,0.0027,OK,정상,1,0,0,0,정상,
2026-05-14 10:30,2026-05-14 11:00,0.0071,OK,정상,1,0,0,0,정상,
2026-05-14 10:31,2026-05-14 11:01,0.0034,OK,정상,1,0,0,0,정상,
2026-05-14 10:32,2026-05-14 11:02,0.0036,OK,정상,1,0,0,0,정상,
2026-05-14 10:33,2026-05-14 11:03,0.0055,OK,정상,1,0,0,0,정상,
2026-05-14 10:34,2026-05-14 11:04,0.0021,OK,정상,1,0,0,0,정상,
2026-05-14 10:35,2026-05-14 11:05,0.0023,OK,정상,1,0,0,0,정상,
2026-05-14 10:36,2026-05-14 11:06,0.0016,OK,정상,1,0,0,0,정상,
2026-05-14 10:37,2026-05-14 11:07,0.001,OK,정상,1,0,0,0,정상,
2026-05-14 10:38,2026-05-14 11:08,0.003,OK,정상,1,0,0,0,정상,
2026-05-14 10:39,2026-05-14 11:09,0.0014,OK,정상,1,0,0,0,정상,
2026-05-14 10:40,2026-05-14 11:10,0.0012,OK,정상,1,0,0,0,정상,
2026-05-14 10:41,2026-05-14 11:11,0.0017,OK,정상,1,0,0,0,정상,
2026-05-14 10:42,2026-05-14 11:12,0.0016,OK,정상,1,0,0,0,정상,
2026-05-14 10:43,2026-05-14 11:13,0.001,OK,정상,1,0,0,0,정상,
2026-05-14 10:44,2026-05-14 11:14,0.0017,OK,정상,1,0,0,0,정상,
2026-05-14 10:45,2026-05-14 11:15,0.0008,OK,정상,1,0,0,0,정상,
2026-05-14 10:46,2026-05-14 11:16,0.0006,OK,정상,1,0,0,0,정상,
2026-05-14 10:47,2026-05-14 11:17,0.001,OK,정상,1,0,0,0,정상,
2026-05-14 10:48,2026-05-14 11:18,0.0026,OK,정상,1,0,0,0,정상,
2026-05-14 10:49,2026-05-14 11:19,0.0022,OK,정상,1,0,0,0,정상,
2026-05-14 10:50,2026-05-14 11:20,0.0025,OK,정상,1,0,0,0,정상,
2026-05-14 10:51,2026-05-14 11:21,0.0023,OK,정상,1,0,0,0,정상,
2026-05-14 10:52,2026-05-14 11:22,0.0021,OK,정상,1,1,0,0,정상,
2026-05-14 10:53,2026-05-14 11:23,0.0026,OK,정상,1,1,0,0,정상,
2026-05-14 10:54,2026-05-14 11:24,0.0029,OK,정상,1,1,0,0,정상,
2026-05-14 10:55,2026-05-14 11:25,0.0015,OK,정상,1,1,0,0,정상,
2026-05-14 10:56,2026-05-14 11:26,0.0022,OK,정상,1,1,0,0,정상,
2026-05-14 10:57,2026-05-14 11:27,0.0024,OK,정상,1,1,0,0,정상,
2026-05-14 10:58,2026-05-14 11:28,0.0017,OK,정상,1,1,0,0,정상,
2026-05-14 10:59,2026-05-14 11:29,0.0019,OK,정상,1,1,0,0,정상,
2026-05-14 11:00,2026-05-14 11:30,0.0017,OK,정상,1,1,0,0,정상,
2026-05-14 11:01,2026-05-14 11:31,0.0015,OK,정상,1,0,0,0,정상,
2026-05-14 11:02,2026-05-14 11:32,0.0018,OK,정상,1,0,0,0,정상,
2026-05-14 11:03,2026-05-14 11:33,0.0015,OK,정상,1,0,0,0,정상,
2026-05-14 11:04,2026-05-14 11:34,0.0008,OK,정상,1,0,0,0,정상,
2026-05-14 11:05,2026-05-14 11:35,0.0024,OK,정상,1,0,0,0,정상,
2026-05-14 11:06,2026-05-14 11:36,0.0009,OK,정상,1,0,0,0,정상,
2026-05-14 11:07,2026-05-14 11:37,0.0006,OK,정상,1,0,0,0,정상,
2026-05-14 11:08,2026-05-14 11:38,0.0013,OK,정상,1,0,0,0,정상,
2026-05-14 11:09,2026-05-14 11:39,0.0017,OK,정상,1,0,0,0,정상,
2026-05-14 11:10,2026-05-14 11:40,0.001,OK,정상,1,0,0,0,정상,
2026-05-14 11:11,2026-05-14 11:41,0.001,OK,정상,1,0,0,0,정상,
2026-05-14 11:12,2026-05-14 11:42,0.001,OK,정상,1,0,0,0,정상,
2026-05-14 11:13,2026-05-14 11:43,0.001,OK,정상,1,0,0,0,정상,
2026-05-14 11:14,2026-05-14 11:44,0.0009,OK,정상,1,0,0,0,정상,
2026-05-14 11:15,2026-05-14 11:45,0.001,OK,정상,1,0,0,0,정상,
2026-05-14 11:16,2026-05-14 11:46,0.0009,OK,정상,1,0,0,0,정상,
2026-05-14 11:17,2026-05-14 11:47,0.0011,OK,정상,1,0,0,0,정상,
2026-05-14 11:18,2026-05-14 11:48,0.0011,OK,정상,0,0,0,0,정상,
2026-05-14 11:19,2026-05-14 11:49,0.0013,OK,정상,0,0,0,0,정상,
2026-05-14 11:20,2026-05-14 11:50,0.0023,OK,정상,0,0,0,0,정상,
2026-05-14 11:21,2026-05-14 11:51,0.0008,OK,정상,0,0,0,0,정상,
2026-05-14 11:22,2026-05-14 11:52,0.0009,OK,정상,0,0,0,0,정상,
2026-05-14 11:23,2026-05-14 11:53,0.0009,OK,정상,0,0,0,0,정상,
2026-05-14 11:24,2026-05-14 11:54,0.001,OK,정상,0,0,0,0,정상,
2026-05-14 11:25,2026-05-14 11:55,0.001,OK,정상,0,0,0,0,정상,
2026-05-14 11:26,2026-05-14 11:56,0.0011,OK,정상,0,0,0,0,정상,
2026-05-14 11:27,2026-05-14 11:57,0.0012,OK,정상,0,1,0,0,정상,
2026-05-14 11:28,2026-05-14 11:58,0.0013,OK,정상,0,1,0,0,정상,
2026-05-14 11:29,2026-05-14 11:59,0.0012,OK,정상,0,1,0,0,정상,
2026-05-14 11:30,2026-05-14 12:00,0.001,OK,정상,0,1,0,0,정상,
2026-05-14 11:31,2026-05-14 12:01,0.0008,OK,정상,0,0,0,0,정상,
2026-05-14 11:32,2026-05-14 12:02,0.001,OK,정상,0,0,0,0,정상,
2026-05-14 11:33,2026-05-14 12:03,0.0015,OK,정상,0,0,0,0,정상,
2026-05-14 11:34,2026-05-14 12:04,0.0014,OK,정상,0,0,0,0,정상,
2026-05-14 11:35,2026-05-14 12:05,0.0017,OK,정상,0,0,0,0,정상,
2026-05-14 11:36,2026-05-14 12:06,0.0022,OK,정상,0,0,0,0,정상,
2026-05-14 11:37,2026-05-14 12:07,0.0026,OK,정상,0,0,0,0,정상,
2026-05-14 11:38,2026-05-14 12:08,0.0033,OK,정상,0,0,0,0,정상,
2026-05-14 11:39,2026-05-14 12:09,0.0031,OK,정상,0,0,0,0,정상,
2026-05-14 11:40,2026-05-14 12:10,0.002,OK,정상,0,1,0,0,정상,
2026-05-14 11:41,2026-05-14 12:11,0.0021,OK,정상,0,0,0,0,정상,
2026-05-14 11:42,2026-05-14 12:12,0.0017,OK,정상,0,0,0,0,정상,
2026-05-14 11:43,2026-05-14 12:13,0.0018,OK,정상,0,0,0,0,정상,
2026-05-14 11:44,2026-05-14 12:14,0.0023,OK,정상,0,0,0,0,정상,
2026-05-14 11:45,2026-05-14 12:15,0.0022,OK,정상,0,0,0,0,정상,
2026-05-14 11:46,2026-05-14 12:16,0.0018,OK,정상,0,0,0,0,정상,
2026-05-14 11:47,2026-05-14 12:17,0.0048,OK,정상,0,0,0,0,정상,
2026-05-14 11:48,2026-05-14 12:18,0.0063,OK,정상,0,0,0,0,정상,
2026-05-14 11:49,2026-05-14 12:19,0.0038,OK,정상,0,0,0,0,정상,
2026-05-14 11:50,2026-05-14 12:20,0.0072,OK,정상,0,0,0,0,정상,
2026-05-14 11:51,2026-05-14 12:21,0.0061,OK,정상,0,0,0,0,정상,
2026-05-14 11:52,2026-05-14 12:22,0.0075,OK,정상,0,0,0,0,정상,
2026-05-14 11:53,2026-05-14 12:23,0.0087,OK,정상,0,0,0,0,정상,
2026-05-14 11:54,2026-05-14 12:24,0.0089,OK,정상,0,0,0,0,정상,
2026-05-14 11:55,2026-05-14 12:25,0.0195,OK,정상,0,0,0,0,정상,
2026-05-14 11:56,2026-05-14 12:26,0.0059,OK,정상,0,0,0,0,정상,
2026-05-14 11:57,2026-05-14 12:27,0.0067,OK,정상,0,0,0,0,정상,
2026-05-14 11:58,2026-05-14 12:28,0.0036,OK,정상,0,0,0,0,정상,
2026-05-14 11:59,2026-05-14 12:29,0.0053,OK,정상,0,0,0,0,정상,
2026-05-14 12:00,2026-05-14 12:30,0.0077,OK,정상,0,1,0,0,정상,
2026-05-14 12:01,2026-05-14 12:31,0.0082,OK,정상,0,0,0,0,정상,
2026-05-14 12:02,2026-05-14 12:32,0.0094,OK,정상,0,0,0,0,정상,
2026-05-14 12:03,2026-05-14 12:33,0.01,OK,정상,0,0,0,0,정상,
2026-05-14 12:04,2026-05-14 12:34,0.0073,OK,정상,0,0,0,0,정상,
2026-05-14 12:05,2026-05-14 12:35,0.0167,OK,정상,0,0,0,0,정상,
2026-05-14 12:06,2026-05-14 12:36,0.0513,OK,정상,0,0,0,0,정상,
2026-05-14 12:07,2026-05-14 12:37,0.0172,OK,정상,0,0,0,0,정상,
2026-05-14 12:08,2026-05-14 12:38,0.0228,OK,정상,0,0,0,0,정상,
2026-05-14 12:09,2026-05-14 12:39,0.0179,OK,정상,0,0,0,0,정상,
2026-05-14 12:10,2026-05-14 12:40,0.0122,OK,정상,0,0,0,0,정상,
2026-05-14 12:11,2026-05-14 12:41,0.0318,OK,정상,0,0,0,0,정상,
2026-05-14 12:12,2026-05-14 12:42,0.0164,OK,정상,0,0,0,0,정상,
2026-05-14 12:13,2026-05-14 12:43,0.0229,OK,정상,0,0,0,0,정상,
2026-05-14 12:14,2026-05-14 12:44,0.0133,OK,정상,0,0,0,0,정상,
2026-05-14 12:15,2026-05-14 12:45,0.0128,OK,정상,0,0,0,0,정상,
2026-05-14 12:16,2026-05-14 12:46,0.0098,OK,정상,0,0,0,0,정상,
2026-05-14 12:17,2026-05-14 12:47,0.009,OK,정상,0,0,0,0,정상,
2026-05-14 12:18,2026-05-14 12:48,0.0211,OK,정상,0,0,0,0,정상,
2026-05-14 12:19,2026-05-14 12:49,0.0268,OK,정상,0,0,0,0,정상,
2026-05-14 12:20,2026-05-14 12:50,0.027,OK,정상,0,0,0,0,정상,
2026-05-14 12:21,2026-05-14 12:51,0.0083,OK,정상,0,0,0,0,정상,
2026-05-14 12:22,2026-05-14 12:52,0.0047,OK,정상,0,0,0,0,정상,
2026-05-14 12:23,2026-05-14 12:53,0.0074,OK,정상,0,0,0,0,정상,
2026-05-14 12:24,2026-05-14 12:54,0.0047,OK,정상,0,0,0,0,정상,
2026-05-14 12:25,2026-05-14 12:55,0.0048,OK,정상,0,0,0,0,정상,
2026-05-14 12:26,2026-05-14 12:56,0.0066,OK,정상,0,0,0,0,정상,
2026-05-14 12:27,2026-05-14 12:57,0.005,OK,정상,0,0,0,0,정상,
2026-05-14 12:28,2026-05-14 12:58,0.0048,OK,정상,0,0,0,0,정상,
2026-05-14 12:29,2026-05-14 12:59,0.0064,OK,정상,0,1,0,0,정상,
2026-05-14 12:30,2026-05-14 13:00,0.0055,OK,정상,0,1,0,0,정상,
