"_id","_table","_time","ALARM","ALARM_CMT","ALARM_DESC","ALARM_MSG_CTN","IDC_NM","MACHINENAME","MESSAGE_TIME","MESSAGE_TYP","TIME"
"3120","oht_time_avg","2026-04-15 08:30:07.417+0900","N","","","","MIN","4ACM4701","0.0","COMPLETED","2026-04-15 08:30"
"3119","oht_time_avg","2026-04-15 08:30:07.417+0900","N","","","","MIN","4ACM4701","7.34","DESPOSITED","2026-04-15 08:30"
"3118","oht_time_avg","2026-04-15 08:30:07.417+0900","N","","","","MIN","4ACM4701","136.87","TRANSFERRING","2026-04-15 08:30"
"3117","oht_time_avg","2026-04-15 08:30:07.417+0900","N","","","","MIN","4ACM4701","34.22","ACQUIRED","2026-04-15 08:30"
"3116","oht_time_avg","2026-04-15 08:30:07.417+0900","N","","","","MIN","4ACM4701","13.16","ASSIGN","2026-04-15 08:30"
"3115","oht_time_avg","2026-04-15 08:30:07.417+0900","N","","","","MIN","4ACM4701","0.16","REP","2026-04-15 08:30"
"3126","oht_time_avg","2026-04-15 08:31:07.023+0900","N","","","","MIN","4ACM4701","0.0","COMPLETED","2026-04-15 08:31"
"3125","oht_time_avg","2026-04-15 08:31:07.023+0900","N","","","","MIN","4ACM4701","7.15","DESPOSITED","2026-04-15 08:31"
"3124","oht_time_avg","2026-04-15 08:31:07.023+0900","N","","","","MIN","4ACM4701","133.74","TRANSFERRING","2026-04-15 08:31"
"3123","oht_time_avg","2026-04-15 08:31:07.023+0900","N","","","","MIN","4ACM4701","34.21","ACQUIRED","2026-04-15 08:31"
"3122","oht_time_avg","2026-04-15 08:31:07.023+0900","N","","","","MIN","4ACM4701","15.43","ASSIGN","2026-04-15 08:31"
"3121","oht_time_avg","2026-04-15 08:31:07.023+0900","N","","","","MIN","4ACM4701","0.15","REP","2026-04-15 08:31"
"3132","oht_time_avg","2026-04-15 08:32:06.685+0900","N","","","","MIN","4ACM4701","0.0","COMPLETED","2026-04-15 08:32"
"3131","oht_time_avg","2026-04-15 08:32:06.685+0900","N","","","","MIN","4ACM4701","7.23","DESPOSITED","2026-04-15 08:32"
"3130","oht_time_avg","2026-04-15 08:32:06.685+0900","N","","","","MIN","4ACM4701","143.05","TRANSFERRING","2026-04-15 08:32"
"3129","oht_time_avg","2026-04-15 08:32:06.685+0900","N","","","","MIN","4ACM4701","37.15","ACQUIRED","2026-04-15 08:32"
"3128","oht_time_avg","2026-04-15 08:32:06.685+0900","N","","","","MIN","4ACM4701","17.68","ASSIGN","2026-04-15 08:32"
"3127","oht_time_avg","2026-04-15 08:32:06.685+0900","N","","","","MIN","4ACM4701","0.15","REP","2026-04-15 08:32"
"3138","oht_time_avg","2026-04-15 08:33:06.912+0900","N","","","","MIN","4ACM4701","0.0","COMPLETED","2026-04-15 08:33"
"3137","oht_time_avg","2026-04-15 08:33:06.912+0900","N","","","","MIN","4ACM4701","7.03","DESPOSITED","2026-04-15 08:33"
"3136","oht_time_avg","2026-04-15 08:33:06.912+0900","N","","","","MIN","4ACM4701","137.7","TRANSFERRING","2026-04-15 08:33"
"3135","oht_time_avg","2026-04-15 08:33:06.912+0900","N","","","","MIN","4ACM4701","32.82","ACQUIRED","2026-04-15 08:33"
"3134","oht_time_avg","2026-04-15 08:33:06.912+0900","N","","","","MIN","4ACM4701","17.0","ASSIGN","2026-04-15 08:33"
"3133","oht_time_avg","2026-04-15 08:33:06.912+0900","N","","","","MIN","4ACM4701","0.16","REP","2026-04-15 08:33"
"3144","oht_time_avg","2026-04-15 08:34:06.501+0900","N","","","","MIN","4ACM4701","2.79","COMPLETED","2026-04-15 08:34"
"3143","oht_time_avg","2026-04-15 08:34:06.501+0900","N","","","","MIN","4ACM4701","7.25","DESPOSITED","2026-04-15 08:34"
"3142","oht_time_avg","2026-04-15 08:34:06.501+0900","N","","","","MIN","4ACM4701","134.28","TRANSFERRING","2026-04-15 08:34"
"3141","oht_time_avg","2026-04-15 08:34:06.501+0900","N","","","","MIN","4ACM4701","33.0","ACQUIRED","2026-04-15 08:34"
"3140","oht_time_avg","2026-04-15 08:34:06.501+0900","N","","","","MIN","4ACM4701","13.88","ASSIGN","2026-04-15 08:34"
"3139","oht_time_avg","2026-04-15 08:34:06.501+0900","N","","","","MIN","4ACM4701","0.14","REP","2026-04-15 08:34"
"3150","oht_time_avg","2026-04-15 08:35:08.148+0900","N","","","","MIN","4ACM4701","0.0","COMPLETED","2026-04-15 08:35"
"3149","oht_time_avg","2026-04-15 08:35:08.148+0900","N","","","","MIN","4ACM4701","7.36","DESPOSITED","2026-04-15 08:35"
"3148","oht_time_avg","2026-04-15 08:35:08.148+0900","N","","","","MIN","4ACM4701","136.73","TRANSFERRING","2026-04-15 08:35"
"3147","oht_time_avg","2026-04-15 08:35:08.148+0900","N","","","","MIN","4ACM4701","32.21","ACQUIRED","2026-04-15 08:35"
"3146","oht_time_avg","2026-04-15 08:35:08.148+0900","N","","","","MIN","4ACM4701","15.32","ASSIGN","2026-04-15 08:35"
"3145","oht_time_avg","2026-04-15 08:35:08.148+0900","N","","","","MIN","4ACM4701","0.17","REP","2026-04-15 08:35"
"3156","oht_time_avg","2026-04-15 08:36:06.997+0900","N","","","","MIN","4ACM4701","0.0","COMPLETED","2026-04-15 08:36"
"3155","oht_time_avg","2026-04-15 08:36:06.997+0900","N","","","","MIN","4ACM4701","7.26","DESPOSITED","2026-04-15 08:36"
"3154","oht_time_avg","2026-04-15 08:36:06.997+0900","N","","","","MIN","4ACM4701","134.32","TRANSFERRING","2026-04-15 08:36"
"3153","oht_time_avg","2026-04-15 08:36:06.997+0900","N","","","","MIN","4ACM4701","33.84","ACQUIRED","2026-04-15 08:36"
"3152","oht_time_avg","2026-04-15 08:36:06.997+0900","N","","","","MIN","4ACM4701","16.62","ASSIGN","2026-04-15 08:36"
"3151","oht_time_avg","2026-04-15 08:36:06.997+0900","N","","","","MIN","4ACM4701","0.13","REP","2026-04-15 08:36"
"3162","oht_time_avg","2026-04-15 08:37:07.020+0900","N","","","","MIN","4ACM4701","7.03","COMPLETED","2026-04-15 08:37"
"3161","oht_time_avg","2026-04-15 08:37:07.020+0900","N","","","","MIN","4ACM4701","7.1","DESPOSITED","2026-04-15 08:37"
"3160","oht_time_avg","2026-04-15 08:37:07.020+0900","N","","","","MIN","4ACM4701","135.37","TRANSFERRING","2026-04-15 08:37"
"3159","oht_time_avg","2026-04-15 08:37:07.020+0900","N","","","","MIN","4ACM4701","33.72","ACQUIRED","2026-04-15 08:37"
"3158","oht_time_avg","2026-04-15 08:37:07.020+0900","N","","","","MIN","4ACM4701","14.47","ASSIGN","2026-04-15 08:37"
"3157","oht_time_avg","2026-04-15 08:37:07.020+0900","N","","","","MIN","4ACM4701","0.17","REP","2026-04-15 08:37"
"3168","oht_time_avg","2026-04-15 08:38:06.713+0900","N","","","","MIN","4ACM4701","0.0","COMPLETED","2026-04-15 08:38"
"3167","oht_time_avg","2026-04-15 08:38:06.713+0900","N","","","","MIN","4ACM4701","7.16","DESPOSITED","2026-04-15 08:38"
"3166","oht_time_avg","2026-04-15 08:38:06.713+0900","N","","","","MIN","4ACM4701","132.32","TRANSFERRING","2026-04-15 08:38"
"3165","oht_time_avg","2026-04-15 08:38:06.713+0900","N","","","","MIN","4ACM4701","32.79","ACQUIRED","2026-04-15 08:38"
"3164","oht_time_avg","2026-04-15 08:38:06.713+0900","N","","","","MIN","4ACM4701","12.74","ASSIGN","2026-04-15 08:38"
"3163","oht_time_avg","2026-04-15 08:38:06.713+0900","N","","","","MIN","4ACM4701","0.15","REP","2026-04-15 08:38"
"3174","oht_time_avg","2026-04-15 08:39:06.439+0900","N","","","","MIN","4ACM4701","0.0","COMPLETED","2026-04-15 08:39"
"3173","oht_time_avg","2026-04-15 08:39:06.439+0900","N","","","","MIN","4ACM4701","7.26","DESPOSITED","2026-04-15 08:39"
"3172","oht_time_avg","2026-04-15 08:39:06.439+0900","N","","","","MIN","4ACM4701","131.4","TRANSFERRING","2026-04-15 08:39"
"3171","oht_time_avg","2026-04-15 08:39:06.439+0900","N","","","","MIN","4ACM4701","31.58","ACQUIRED","2026-04-15 08:39"
"3170","oht_time_avg","2026-04-15 08:39:06.439+0900","N","","","","MIN","4ACM4701","14.04","ASSIGN","2026-04-15 08:39"
"3169","oht_time_avg","2026-04-15 08:39:06.439+0900","N","","","","MIN","4ACM4701","0.17","REP","2026-04-15 08:39"
"3180","oht_time_avg","2026-04-15 08:40:06.223+0900","N","","","","MIN","4ACM4701","0.0","COMPLETED","2026-04-15 08:40"
"3179","oht_time_avg","2026-04-15 08:40:06.223+0900","N","","","","MIN","4ACM4701","7.27","DESPOSITED","2026-04-15 08:40"
"3178","oht_time_avg","2026-04-15 08:40:06.223+0900","N","","","","MIN","4ACM4701","127.99","TRANSFERRING","2026-04-15 08:40"
"3177","oht_time_avg","2026-04-15 08:40:06.223+0900","N","","","","MIN","4ACM4701","33.97","ACQUIRED","2026-04-15 08:40"
"3176","oht_time_avg","2026-04-15 08:40:06.223+0900","N","","","","MIN","4ACM4701","12.55","ASSIGN","2026-04-15 08:40"
"3175","oht_time_avg","2026-04-15 08:40:06.223+0900","N","","","","MIN","4ACM4701","0.17","REP","2026-04-15 08:40"
"3186","oht_time_avg","2026-04-15 08:41:07.388+0900","N","","","","MIN","4ACM4701","0.0","COMPLETED","2026-04-15 08:41"
"3185","oht_time_avg","2026-04-15 08:41:07.388+0900","N","","","","MIN","4ACM4701","7.16","DESPOSITED","2026-04-15 08:41"
"3184","oht_time_avg","2026-04-15 08:41:07.388+0900","N","","","","MIN","4ACM4701","130.17","TRANSFERRING","2026-04-15 08:41"
"3183","oht_time_avg","2026-04-15 08:41:07.388+0900","N","","","","MIN","4ACM4701","32.17","ACQUIRED","2026-04-15 08:41"
"3182","oht_time_avg","2026-04-15 08:41:07.388+0900","N","","","","MIN","4ACM4701","11.23","ASSIGN","2026-04-15 08:41"
"3181","oht_time_avg","2026-04-15 08:41:07.388+0900","N","","","","MIN","4ACM4701","0.15","REP","2026-04-15 08:41"
"3192","oht_time_avg","2026-04-15 08:42:07.893+0900","N","","","","MIN","4ACM4701","0.0","COMPLETED","2026-04-15 08:42"
"3191","oht_time_avg","2026-04-15 08:42:07.893+0900","N","","","","MIN","4ACM4701","7.03","DESPOSITED","2026-04-15 08:42"
"3190","oht_time_avg","2026-04-15 08:42:07.893+0900","N","","","","MIN","4ACM4701","128.41","TRANSFERRING","2026-04-15 08:42"
"3189","oht_time_avg","2026-04-15 08:42:07.893+0900","N","","","","MIN","4ACM4701","32.3","ACQUIRED","2026-04-15 08:42"
"3188","oht_time_avg","2026-04-15 08:42:07.893+0900","N","","","","MIN","4ACM4701","13.37","ASSIGN","2026-04-15 08:42"
"3187","oht_time_avg","2026-04-15 08:42:07.893+0900","N","","","","MIN","4ACM4701","0.13","REP","2026-04-15 08:42"
"3198","oht_time_avg","2026-04-15 08:43:06.480+0900","N","","","","MIN","4ACM4701","0.0","COMPLETED","2026-04-15 08:43"
"3197","oht_time_avg","2026-04-15 08:43:06.480+0900","N","","","","MIN","4ACM4701","7.16","DESPOSITED","2026-04-15 08:43"
"3196","oht_time_avg","2026-04-15 08:43:06.480+0900","N","","","","MIN","4ACM4701","140.32","TRANSFERRING","2026-04-15 08:43"
"3195","oht_time_avg","2026-04-15 08:43:06.480+0900","N","","","","MIN","4ACM4701","30.78","ACQUIRED","2026-04-15 08:43"
"3194","oht_time_avg","2026-04-15 08:43:06.480+0900","N","","","","MIN","4ACM4701","12.05","ASSIGN","2026-04-15 08:43"
"3193","oht_time_avg","2026-04-15 08:43:06.480+0900","N","","","","MIN","4ACM4701","0.14","REP","2026-04-15 08:43"
"3204","oht_time_avg","2026-04-15 08:44:07.046+0900","N","","","","MIN","4ACM4701","0.0","COMPLETED","2026-04-15 08:44"
"3203","oht_time_avg","2026-04-15 08:44:07.046+0900","N","","","","MIN","4ACM4701","7.37","DESPOSITED","2026-04-15 08:44"
"3202","oht_time_avg","2026-04-15 08:44:07.046+0900","N","","","","MIN","4ACM4701","126.43","TRANSFERRING","2026-04-15 08:44"
"3201","oht_time_avg","2026-04-15 08:44:07.046+0900","N","","","","MIN","4ACM4701","33.48","ACQUIRED","2026-04-15 08:44"
"3200","oht_time_avg","2026-04-15 08:44:07.046+0900","N","","","","MIN","4ACM4701","11.69","ASSIGN","2026-04-15 08:44"
"3199","oht_time_avg","2026-04-15 08:44:07.046+0900","N","","","","MIN","4ACM4701","0.15","REP","2026-04-15 08:44"
"3210","oht_time_avg","2026-04-15 08:45:06.878+0900","N","","","","MIN","4ACM4701","0.0","COMPLETED","2026-04-15 08:45"
"3209","oht_time_avg","2026-04-15 08:45:06.878+0900","N","","","","MIN","4ACM4701","7.4","DESPOSITED","2026-04-15 08:45"
"3208","oht_time_avg","2026-04-15 08:45:06.878+0900","N","","","","MIN","4ACM4701","123.5","TRANSFERRING","2026-04-15 08:45"
"3207","oht_time_avg","2026-04-15 08:45:06.878+0900","N","","","","MIN","4ACM4701","33.63","ACQUIRED","2026-04-15 08:45"
"3206","oht_time_avg","2026-04-15 08:45:06.878+0900","N","","","","MIN","4ACM4701","10.58","ASSIGN","2026-04-15 08:45"
"3205","oht_time_avg","2026-04-15 08:45:06.878+0900","N","","","","MIN","4ACM4701","0.84","REP","2026-04-15 08:45"
"3216","oht_time_avg","2026-04-15 08:46:06.505+0900","N","","","","MIN","4ACM4701","0.0","COMPLETED","2026-04-15 08:46"
"3215","oht_time_avg","2026-04-15 08:46:06.505+0900","N","","","","MIN","4ACM4701","7.15","DESPOSITED","2026-04-15 08:46"
"3214","oht_time_avg","2026-04-15 08:46:06.505+0900","N","","","","MIN","4ACM4701","130.08","TRANSFERRING","2026-04-15 08:46"
"3213","oht_time_avg","2026-04-15 08:46:06.505+0900","N","","","","MIN","4ACM4701","32.71","ACQUIRED","2026-04-15 08:46"
"3212","oht_time_avg","2026-04-15 08:46:06.505+0900","N","","","","MIN","4ACM4701","13.44","ASSIGN","2026-04-15 08:46"
"3211","oht_time_avg","2026-04-15 08:46:06.505+0900","N","","","","MIN","4ACM4701","1.7","REP","2026-04-15 08:46"
"3222","oht_time_avg","2026-04-15 08:47:07.036+0900","N","","","","MIN","4ACM4701","0.0","COMPLETED","2026-04-15 08:47"
"3221","oht_time_avg","2026-04-15 08:47:07.036+0900","N","","","","MIN","4ACM4701","7.06","DESPOSITED","2026-04-15 08:47"
"3220","oht_time_avg","2026-04-15 08:47:07.036+0900","N","","","","MIN","4ACM4701","140.84","TRANSFERRING","2026-04-15 08:47"
"3219","oht_time_avg","2026-04-15 08:47:07.036+0900","N","","","","MIN","4ACM4701","33.99","ACQUIRED","2026-04-15 08:47"
"3218","oht_time_avg","2026-04-15 08:47:07.036+0900","N","","","","MIN","4ACM4701","14.84","ASSIGN","2026-04-15 08:47"
"3217","oht_time_avg","2026-04-15 08:47:07.036+0900","N","","","","MIN","4ACM4701","0.18","REP","2026-04-15 08:47"
"3228","oht_time_avg","2026-04-15 08:48:07.266+0900","N","","","","MIN","4ACM4701","0.0","COMPLETED","2026-04-15 08:48"
"3227","oht_time_avg","2026-04-15 08:48:07.266+0900","N","","","","MIN","4ACM4701","6.94","DESPOSITED","2026-04-15 08:48"
"3226","oht_time_avg","2026-04-15 08:48:07.266+0900","N","","","","MIN","4ACM4701","138.95","TRANSFERRING","2026-04-15 08:48"
"3225","oht_time_avg","2026-04-15 08:48:07.266+0900","N","","","","MIN","4ACM4701","35.02","ACQUIRED","2026-04-15 08:48"
"3224","oht_time_avg","2026-04-15 08:48:07.266+0900","N","","","","MIN","4ACM4701","12.77","ASSIGN","2026-04-15 08:48"
"3223","oht_time_avg","2026-04-15 08:48:07.266+0900","N","","","","MIN","4ACM4701","0.15","REP","2026-04-15 08:48"
"3234","oht_time_avg","2026-04-15 08:49:06.708+0900","N","","","","MIN","4ACM4701","0.0","COMPLETED","2026-04-15 08:49"
"3233","oht_time_avg","2026-04-15 08:49:06.708+0900","N","","","","MIN","4ACM4701","7.12","DESPOSITED","2026-04-15 08:49"
"3232","oht_time_avg","2026-04-15 08:49:06.708+0900","N","","","","MIN","4ACM4701","128.81","TRANSFERRING","2026-04-15 08:49"
"3231","oht_time_avg","2026-04-15 08:49:06.708+0900","N","","","","MIN","4ACM4701","35.83","ACQUIRED","2026-04-15 08:49"
"3230","oht_time_avg","2026-04-15 08:49:06.708+0900","N","","","","MIN","4ACM4701","13.91","ASSIGN","2026-04-15 08:49"
"3229","oht_time_avg","2026-04-15 08:49:06.708+0900","N","","","","MIN","4ACM4701","0.15","REP","2026-04-15 08:49"
"3240","oht_time_avg","2026-04-15 08:50:06.390+0900","N","","","","MIN","4ACM4701","0.0","COMPLETED","2026-04-15 08:50"
"3239","oht_time_avg","2026-04-15 08:50:06.390+0900","N","","","","MIN","4ACM4701","7.24","DESPOSITED","2026-04-15 08:50"
"3238","oht_time_avg","2026-04-15 08:50:06.390+0900","N","","","","MIN","4ACM4701","127.57","TRANSFERRING","2026-04-15 08:50"
"3237","oht_time_avg","2026-04-15 08:50:06.390+0900","N","","","","MIN","4ACM4701","36.4","ACQUIRED","2026-04-15 08:50"
"3236","oht_time_avg","2026-04-15 08:50:06.390+0900","N","","","","MIN","4ACM4701","14.77","ASSIGN","2026-04-15 08:50"
"3235","oht_time_avg","2026-04-15 08:50:06.390+0900","N","","","","MIN","4ACM4701","0.14","REP","2026-04-15 08:50"
"3246","oht_time_avg","2026-04-15 08:51:07.677+0900","N","","","","MIN","4ACM4701","0.0","COMPLETED","2026-04-15 08:51"
"3245","oht_time_avg","2026-04-15 08:51:07.677+0900","N","","","","MIN","4ACM4701","7.29","DESPOSITED","2026-04-15 08:51"
"3244","oht_time_avg","2026-04-15 08:51:07.677+0900","N","","","","MIN","4ACM4701","134.8","TRANSFERRING","2026-04-15 08:51"
"3243","oht_time_avg","2026-04-15 08:51:07.677+0900","N","","","","MIN","4ACM4701","33.05","ACQUIRED","2026-04-15 08:51"
"3242","oht_time_avg","2026-04-15 08:51:07.677+0900","N","","","","MIN","4ACM4701","14.04","ASSIGN","2026-04-15 08:51"
"3241","oht_time_avg","2026-04-15 08:51:07.677+0900","N","","","","MIN","4ACM4701","0.13","REP","2026-04-15 08:51"
"3252","oht_time_avg","2026-04-15 08:52:06.812+0900","N","","","","MIN","4ACM4701","0.0","COMPLETED","2026-04-15 08:52"
"3251","oht_time_avg","2026-04-15 08:52:06.812+0900","N","","","","MIN","4ACM4701","7.14","DESPOSITED","2026-04-15 08:52"
"3250","oht_time_avg","2026-04-15 08:52:06.812+0900","N","","","","MIN","4ACM4701","122.52","TRANSFERRING","2026-04-15 08:52"
"3249","oht_time_avg","2026-04-15 08:52:06.812+0900","N","","","","MIN","4ACM4701","35.79","ACQUIRED","2026-04-15 08:52"
"3248","oht_time_avg","2026-04-15 08:52:06.812+0900","N","","","","MIN","4ACM4701","15.25","ASSIGN","2026-04-15 08:52"
"3247","oht_time_avg","2026-04-15 08:52:06.812+0900","N","","","","MIN","4ACM4701","0.15","REP","2026-04-15 08:52"
"3258","oht_time_avg","2026-04-15 08:53:06.725+0900","N","","","","MIN","4ACM4701","0.0","COMPLETED","2026-04-15 08:53"
"3257","oht_time_avg","2026-04-15 08:53:06.725+0900","N","","","","MIN","4ACM4701","7.31","DESPOSITED","2026-04-15 08:53"
"3256","oht_time_avg","2026-04-15 08:53:06.725+0900","N","","","","MIN","4ACM4701","131.13","TRANSFERRING","2026-04-15 08:53"
"3255","oht_time_avg","2026-04-15 08:53:06.725+0900","N","","","","MIN","4ACM4701","34.47","ACQUIRED","2026-04-15 08:53"
"3254","oht_time_avg","2026-04-15 08:53:06.725+0900","N","","","","MIN","4ACM4701","16.09","ASSIGN","2026-04-15 08:53"
"3253","oht_time_avg","2026-04-15 08:53:06.725+0900","N","","","","MIN","4ACM4701","0.15","REP","2026-04-15 08:53"
"3264","oht_time_avg","2026-04-15 08:54:07.534+0900","N","","","","MIN","4ACM4701","0.0","COMPLETED","2026-04-15 08:54"
"3263","oht_time_avg","2026-04-15 08:54:07.534+0900","N","","","","MIN","4ACM4701","7.25","DESPOSITED","2026-04-15 08:54"
"3262","oht_time_avg","2026-04-15 08:54:07.534+0900","N","","","","MIN","4ACM4701","130.32","TRANSFERRING","2026-04-15 08:54"
"3261","oht_time_avg","2026-04-15 08:54:07.534+0900","N","","","","MIN","4ACM4701","33.85","ACQUIRED","2026-04-15 08:54"
"3260","oht_time_avg","2026-04-15 08:54:07.534+0900","N","","","","MIN","4ACM4701","15.5","ASSIGN","2026-04-15 08:54"
"3259","oht_time_avg","2026-04-15 08:54:07.534+0900","N","","","","MIN","4ACM4701","0.67","REP","2026-04-15 08:54"
"3270","oht_time_avg","2026-04-15 08:55:07.162+0900","N","","","","MIN","4ACM4701","0.0","COMPLETED","2026-04-15 08:55"
"3269","oht_time_avg","2026-04-15 08:55:07.162+0900","N","","","","MIN","4ACM4701","7.24","DESPOSITED","2026-04-15 08:55"
"3268","oht_time_avg","2026-04-15 08:55:07.162+0900","N","","","","MIN","4ACM4701","133.76","TRANSFERRING","2026-04-15 08:55"
"3267","oht_time_avg","2026-04-15 08:55:07.162+0900","N","","","","MIN","4ACM4701","34.4","ACQUIRED","2026-04-15 08:55"
"3266","oht_time_avg","2026-04-15 08:55:07.162+0900","N","","","","MIN","4ACM4701","11.57","ASSIGN","2026-04-15 08:55"
"3265","oht_time_avg","2026-04-15 08:55:07.162+0900","N","","","","MIN","4ACM4701","0.15","REP","2026-04-15 08:55"
"3276","oht_time_avg","2026-04-15 08:56:07.806+0900","N","","","","MIN","4ACM4701","0.0","COMPLETED","2026-04-15 08:56"
"3275","oht_time_avg","2026-04-15 08:56:07.806+0900","N","","","","MIN","4ACM4701","7.08","DESPOSITED","2026-04-15 08:56"
"3274","oht_time_avg","2026-04-15 08:56:07.806+0900","N","","","","MIN","4ACM4701","136.91","TRANSFERRING","2026-04-15 08:56"
"3273","oht_time_avg","2026-04-15 08:56:07.806+0900","N","","","","MIN","4ACM4701","34.56","ACQUIRED","2026-04-15 08:56"
"3272","oht_time_avg","2026-04-15 08:56:07.806+0900","N","","","","MIN","4ACM4701","14.19","ASSIGN","2026-04-15 08:56"
"3271","oht_time_avg","2026-04-15 08:56:07.806+0900","N","","","","MIN","4ACM4701","0.17","REP","2026-04-15 08:56"
"3282","oht_time_avg","2026-04-15 08:57:07.139+0900","N","","","","MIN","4ACM4701","0.0","COMPLETED","2026-04-15 08:57"
"3281","oht_time_avg","2026-04-15 08:57:07.139+0900","N","","","","MIN","4ACM4701","7.28","DESPOSITED","2026-04-15 08:57"
"3280","oht_time_avg","2026-04-15 08:57:07.139+0900","N","","","","MIN","4ACM4701","135.79","TRANSFERRING","2026-04-15 08:57"
"3279","oht_time_avg","2026-04-15 08:57:07.139+0900","N","","","","MIN","4ACM4701","34.64","ACQUIRED","2026-04-15 08:57"
"3278","oht_time_avg","2026-04-15 08:57:07.139+0900","N","","","","MIN","4ACM4701","13.54","ASSIGN","2026-04-15 08:57"
"3277","oht_time_avg","2026-04-15 08:57:07.139+0900","N","","","","MIN","4ACM4701","0.19","REP","2026-04-15 08:57"
"3288","oht_time_avg","2026-04-15 08:58:06.442+0900","N","","","","MIN","4ACM4701","0.0","COMPLETED","2026-04-15 08:58"
"3287","oht_time_avg","2026-04-15 08:58:06.442+0900","N","","","","MIN","4ACM4701","7.21","DESPOSITED","2026-04-15 08:58"
"3286","oht_time_avg","2026-04-15 08:58:06.442+0900","N","","","","MIN","4ACM4701","136.87","TRANSFERRING","2026-04-15 08:58"
"3285","oht_time_avg","2026-04-15 08:58:06.442+0900","N","","","","MIN","4ACM4701","36.51","ACQUIRED","2026-04-15 08:58"
"3284","oht_time_avg","2026-04-15 08:58:06.442+0900","N","","","","MIN","4ACM4701","15.23","ASSIGN","2026-04-15 08:58"
"3283","oht_time_avg","2026-04-15 08:58:06.442+0900","N","","","","MIN","4ACM4701","1.17","REP","2026-04-15 08:58"
"3294","oht_time_avg","2026-04-15 08:59:06.551+0900","N","","","","MIN","4ACM4701","0.0","COMPLETED","2026-04-15 08:59"
"3293","oht_time_avg","2026-04-15 08:59:06.551+0900","N","","","","MIN","4ACM4701","7.08","DESPOSITED","2026-04-15 08:59"
"3292","oht_time_avg","2026-04-15 08:59:06.551+0900","N","","","","MIN","4ACM4701","125.53","TRANSFERRING","2026-04-15 08:59"
"3291","oht_time_avg","2026-04-15 08:59:06.551+0900","N","","","","MIN","4ACM4701","36.95","ACQUIRED","2026-04-15 08:59"
"3290","oht_time_avg","2026-04-15 08:59:06.551+0900","N","","","","MIN","4ACM4701","16.22","ASSIGN","2026-04-15 08:59"
"3289","oht_time_avg","2026-04-15 08:59:06.551+0900","N","","","","MIN","4ACM4701","0.15","REP","2026-04-15 08:59"
"3300","oht_time_avg","2026-04-15 09:00:06.699+0900","N","","","","MIN","4ACM4701","0.0","COMPLETED","2026-04-15 09:00"
"3299","oht_time_avg","2026-04-15 09:00:06.699+0900","N","","","","MIN","4ACM4701","7.25","DESPOSITED","2026-04-15 09:00"
"3298","oht_time_avg","2026-04-15 09:00:06.699+0900","N","","","","MIN","4ACM4701","137.81","TRANSFERRING","2026-04-15 09:00"
"3297","oht_time_avg","2026-04-15 09:00:06.699+0900","N","","","","MIN","4ACM4701","35.32","ACQUIRED","2026-04-15 09:00"
"3296","oht_time_avg","2026-04-15 09:00:06.699+0900","N","","","","MIN","4ACM4701","15.36","ASSIGN","2026-04-15 09:00"
"3295","oht_time_avg","2026-04-15 09:00:06.699+0900","N","","","","MIN","4ACM4701","0.17","REP","2026-04-15 09:00"
"3306","oht_time_avg","2026-04-15 09:01:09.138+0900","N","","","","MIN","4ACM4701","0.0","COMPLETED","2026-04-15 09:01"
"3305","oht_time_avg","2026-04-15 09:01:09.138+0900","N","","","","MIN","4ACM4701","7.23","DESPOSITED","2026-04-15 09:01"
"3304","oht_time_avg","2026-04-15 09:01:09.138+0900","N","","","","MIN","4ACM4701","136.98","TRANSFERRING","2026-04-15 09:01"
"3303","oht_time_avg","2026-04-15 09:01:09.138+0900","N","","","","MIN","4ACM4701","32.08","ACQUIRED","2026-04-15 09:01"
"3302","oht_time_avg","2026-04-15 09:01:09.138+0900","N","","","","MIN","4ACM4701","12.78","ASSIGN","2026-04-15 09:01"
"3301","oht_time_avg","2026-04-15 09:01:09.138+0900","N","","","","MIN","4ACM4701","0.17","REP","2026-04-15 09:01"
"3312","oht_time_avg","2026-04-15 09:01:09.657+0900","N","","","","HOUR","4ACM4701","0.0","COMPLETED","2026-04-15 09:00"
"3311","oht_time_avg","2026-04-15 09:01:09.657+0900","N","","","","HOUR","4ACM4701","7.07","DESPOSITED","2026-04-15 09:00"
"3310","oht_time_avg","2026-04-15 09:01:09.657+0900","N","","","","HOUR","4ACM4701","131.96","TRANSFERRING","2026-04-15 09:00"
"3309","oht_time_avg","2026-04-15 09:01:09.657+0900","N","","","","HOUR","4ACM4701","33.26","ACQUIRED","2026-04-15 09:00"
"3308","oht_time_avg","2026-04-15 09:01:09.657+0900","N","","","","HOUR","4ACM4701","13.63","ASSIGN","2026-04-15 09:00"
"3307","oht_time_avg","2026-04-15 09:01:09.657+0900","N","","","","HOUR","4ACM4701","0.16","REP","2026-04-15 09:00"
"3318","oht_time_avg","2026-04-15 09:02:09.492+0900","N","","","","MIN","4ACM4701","0.0","COMPLETED","2026-04-15 09:02"
"3317","oht_time_avg","2026-04-15 09:02:09.492+0900","N","","","","MIN","4ACM4701","7.14","DESPOSITED","2026-04-15 09:02"
"3316","oht_time_avg","2026-04-15 09:02:09.492+0900","N","","","","MIN","4ACM4701","142.03","TRANSFERRING","2026-04-15 09:02"
"3315","oht_time_avg","2026-04-15 09:02:09.492+0900","N","","","","MIN","4ACM4701","33.68","ACQUIRED","2026-04-15 09:02"
"3314","oht_time_avg","2026-04-15 09:02:09.492+0900","N","","","","MIN","4ACM4701","14.71","ASSIGN","2026-04-15 09:02"
"3313","oht_time_avg","2026-04-15 09:02:09.492+0900","N","","","","MIN","4ACM4701","0.17","REP","2026-04-15 09:02"
"3324","oht_time_avg","2026-04-15 09:03:07.231+0900","N","","","","MIN","4ACM4701","0.0","COMPLETED","2026-04-15 09:03"
"3323","oht_time_avg","2026-04-15 09:03:07.231+0900","N","","","","MIN","4ACM4701","7.2","DESPOSITED","2026-04-15 09:03"
"3322","oht_time_avg","2026-04-15 09:03:07.231+0900","N","","","","MIN","4ACM4701","132.35","TRANSFERRING","2026-04-15 09:03"
"3321","oht_time_avg","2026-04-15 09:03:07.231+0900","N","","","","MIN","4ACM4701","36.24","ACQUIRED","2026-04-15 09:03"
"3320","oht_time_avg","2026-04-15 09:03:07.231+0900","N","","","","MIN","4ACM4701","15.79","ASSIGN","2026-04-15 09:03"
"3319","oht_time_avg","2026-04-15 09:03:07.231+0900","N","","","","MIN","4ACM4701","0.18","REP","2026-04-15 09:03"
"3330","oht_time_avg","2026-04-15 09:04:09.026+0900","N","","","","MIN","4ACM4701","0.0","COMPLETED","2026-04-15 09:04"
"3329","oht_time_avg","2026-04-15 09:04:09.026+0900","N","","","","MIN","4ACM4701","7.16","DESPOSITED","2026-04-15 09:04"
"3328","oht_time_avg","2026-04-15 09:04:09.026+0900","N","","","","MIN","4ACM4701","132.83","TRANSFERRING","2026-04-15 09:04"
"3327","oht_time_avg","2026-04-15 09:04:09.026+0900","N","","","","MIN","4ACM4701","31.63","ACQUIRED","2026-04-15 09:04"
"3326","oht_time_avg","2026-04-15 09:04:09.026+0900","N","","","","MIN","4ACM4701","13.49","ASSIGN","2026-04-15 09:04"
"3325","oht_time_avg","2026-04-15 09:04:09.026+0900","N","","","","MIN","4ACM4701","0.17","REP","2026-04-15 09:04"
"3336","oht_time_avg","2026-04-15 09:05:06.975+0900","N","","","","MIN","4ACM4701","0.0","COMPLETED","2026-04-15 09:05"
"3335","oht_time_avg","2026-04-15 09:05:06.975+0900","N","","","","MIN","4ACM4701","7.38","DESPOSITED","2026-04-15 09:05"
"3334","oht_time_avg","2026-04-15 09:05:06.975+0900","N","","","","MIN","4ACM4701","133.01","TRANSFERRING","2026-04-15 09:05"
"3333","oht_time_avg","2026-04-15 09:05:06.975+0900","N","","","","MIN","4ACM4701","32.31","ACQUIRED","2026-04-15 09:05"
"3332","oht_time_avg","2026-04-15 09:05:06.975+0900","N","","","","MIN","4ACM4701","10.39","ASSIGN","2026-04-15 09:05"
"3331","oht_time_avg","2026-04-15 09:05:06.975+0900","N","","","","MIN","4ACM4701","0.68","REP","2026-04-15 09:05"
"3342","oht_time_avg","2026-04-15 09:06:06.684+0900","N","","","","MIN","4ACM4701","2.44","COMPLETED","2026-04-15 09:06"
"3341","oht_time_avg","2026-04-15 09:06:06.684+0900","N","","","","MIN","4ACM4701","7.2","DESPOSITED","2026-04-15 09:06"
"3340","oht_time_avg","2026-04-15 09:06:06.684+0900","N","","","","MIN","4ACM4701","134.79","TRANSFERRING","2026-04-15 09:06"
"3339","oht_time_avg","2026-04-15 09:06:06.684+0900","N","","","","MIN","4ACM4701","32.94","ACQUIRED","2026-04-15 09:06"
"3338","oht_time_avg","2026-04-15 09:06:06.684+0900","N","","","","MIN","4ACM4701","12.21","ASSIGN","2026-04-15 09:06"
"3337","oht_time_avg","2026-04-15 09:06:06.684+0900","N","","","","MIN","4ACM4701","0.92","REP","2026-04-15 09:06"
"3348","oht_time_avg","2026-04-15 09:07:09.386+0900","N","","","","MIN","4ACM4701","0.0","COMPLETED","2026-04-15 09:07"
"3347","oht_time_avg","2026-04-15 09:07:09.386+0900","N","","","","MIN","4ACM4701","7.21","DESPOSITED","2026-04-15 09:07"
"3346","oht_time_avg","2026-04-15 09:07:09.386+0900","N","","","","MIN","4ACM4701","135.09","TRANSFERRING","2026-04-15 09:07"
"3345","oht_time_avg","2026-04-15 09:07:09.386+0900","N","","","","MIN","4ACM4701","30.55","ACQUIRED","2026-04-15 09:07"
"3344","oht_time_avg","2026-04-15 09:07:09.386+0900","N","","","","MIN","4ACM4701","12.45","ASSIGN","2026-04-15 09:07"
"3343","oht_time_avg","2026-04-15 09:07:09.386+0900","N","","","","MIN","4ACM4701","0.17","REP","2026-04-15 09:07"
"3354","oht_time_avg","2026-04-15 09:08:06.402+0900","N","","","","MIN","4ACM4701","0.0","COMPLETED","2026-04-15 09:08"
"3353","oht_time_avg","2026-04-15 09:08:06.402+0900","N","","","","MIN","4ACM4701","6.94","DESPOSITED","2026-04-15 09:08"
"3352","oht_time_avg","2026-04-15 09:08:06.402+0900","N","","","","MIN","4ACM4701","136.03","TRANSFERRING","2026-04-15 09:08"
"3351","oht_time_avg","2026-04-15 09:08:06.402+0900","N","","","","MIN","4ACM4701","32.11","ACQUIRED","2026-04-15 09:08"
"3350","oht_time_avg","2026-04-15 09:08:06.402+0900","N","","","","MIN","4ACM4701","12.87","ASSIGN","2026-04-15 09:08"
"3349","oht_time_avg","2026-04-15 09:08:06.402+0900","N","","","","MIN","4ACM4701","1.67","REP","2026-04-15 09:08"
"3360","oht_time_avg","2026-04-15 09:09:07.341+0900","N","","","","MIN","4ACM4701","0.0","COMPLETED","2026-04-15 09:09"
"3359","oht_time_avg","2026-04-15 09:09:07.341+0900","N","","","","MIN","4ACM4701","7.25","DESPOSITED","2026-04-15 09:09"
"3358","oht_time_avg","2026-04-15 09:09:07.341+0900","N","","","","MIN","4ACM4701","139.23","TRANSFERRING","2026-04-15 09:09"
"3357","oht_time_avg","2026-04-15 09:09:07.341+0900","N","","","","MIN","4ACM4701","30.93","ACQUIRED","2026-04-15 09:09"
"3356","oht_time_avg","2026-04-15 09:09:07.341+0900","N","","","","MIN","4ACM4701","14.26","ASSIGN","2026-04-15 09:09"
"3355","oht_time_avg","2026-04-15 09:09:07.341+0900","N","","","","MIN","4ACM4701","0.16","REP","2026-04-15 09:09"
"3366","oht_time_avg","2026-04-15 09:10:06.759+0900","N","","","","MIN","4ACM4701","0.0","COMPLETED","2026-04-15 09:10"
"3365","oht_time_avg","2026-04-15 09:10:06.759+0900","N","","","","MIN","4ACM4701","7.27","DESPOSITED","2026-04-15 09:10"
"3364","oht_time_avg","2026-04-15 09:10:06.759+0900","N","","","","MIN","4ACM4701","138.02","TRANSFERRING","2026-04-15 09:10"
"3363","oht_time_avg","2026-04-15 09:10:06.759+0900","N","","","","MIN","4ACM4701","34.08","ACQUIRED","2026-04-15 09:10"
"3362","oht_time_avg","2026-04-15 09:10:06.759+0900","N","","","","MIN","4ACM4701","12.68","ASSIGN","2026-04-15 09:10"
"3361","oht_time_avg","2026-04-15 09:10:06.759+0900","N","","","","MIN","4ACM4701","0.14","REP","2026-04-15 09:10"
"3372","oht_time_avg","2026-04-15 09:11:06.842+0900","N","","","","MIN","4ACM4701","0.0","COMPLETED","2026-04-15 09:11"
"3371","oht_time_avg","2026-04-15 09:11:06.842+0900","N","","","","MIN","4ACM4701","7.12","DESPOSITED","2026-04-15 09:11"
"3370","oht_time_avg","2026-04-15 09:11:06.842+0900","N","","","","MIN","4ACM4701","125.82","TRANSFERRING","2026-04-15 09:11"
"3369","oht_time_avg","2026-04-15 09:11:06.842+0900","N","","","","MIN","4ACM4701","32.2","ACQUIRED","2026-04-15 09:11"
"3368","oht_time_avg","2026-04-15 09:11:06.842+0900","N","","","","MIN","4ACM4701","11.97","ASSIGN","2026-04-15 09:11"
"3367","oht_time_avg","2026-04-15 09:11:06.842+0900","N","","","","MIN","4ACM4701","0.14","REP","2026-04-15 09:11"
"3378","oht_time_avg","2026-04-15 09:12:06.400+0900","N","","","","MIN","4ACM4701","0.0","COMPLETED","2026-04-15 09:12"
"3377","oht_time_avg","2026-04-15 09:12:06.400+0900","N","","","","MIN","4ACM4701","7.16","DESPOSITED","2026-04-15 09:12"
"3376","oht_time_avg","2026-04-15 09:12:06.400+0900","N","","","","MIN","4ACM4701","133.06","TRANSFERRING","2026-04-15 09:12"
"3375","oht_time_avg","2026-04-15 09:12:06.400+0900","N","","","","MIN","4ACM4701","34.91","ACQUIRED","2026-04-15 09:12"
"3374","oht_time_avg","2026-04-15 09:12:06.400+0900","N","","","","MIN","4ACM4701","13.29","ASSIGN","2026-04-15 09:12"
"3373","oht_time_avg","2026-04-15 09:12:06.400+0900","N","","","","MIN","4ACM4701","0.17","REP","2026-04-15 09:12"
"3384","oht_time_avg","2026-04-15 09:13:07.368+0900","N","","","","MIN","4ACM4701","0.0","COMPLETED","2026-04-15 09:13"
"3383","oht_time_avg","2026-04-15 09:13:07.368+0900","N","","","","MIN","4ACM4701","7.27","DESPOSITED","2026-04-15 09:13"
"3382","oht_time_avg","2026-04-15 09:13:07.368+0900","N","","","","MIN","4ACM4701","124.65","TRANSFERRING","2026-04-15 09:13"
"3381","oht_time_avg","2026-04-15 09:13:07.368+0900","N","","","","MIN","4ACM4701","33.62","ACQUIRED","2026-04-15 09:13"
"3380","oht_time_avg","2026-04-15 09:13:07.368+0900","N","","","","MIN","4ACM4701","13.45","ASSIGN","2026-04-15 09:13"
"3379","oht_time_avg","2026-04-15 09:13:07.368+0900","N","","","","MIN","4ACM4701","0.17","REP","2026-04-15 09:13"
"3390","oht_time_avg","2026-04-15 09:14:07.052+0900","N","","","","MIN","4ACM4701","0.0","COMPLETED","2026-04-15 09:14"
"3389","oht_time_avg","2026-04-15 09:14:07.052+0900","N","","","","MIN","4ACM4701","7.32","DESPOSITED","2026-04-15 09:14"
"3388","oht_time_avg","2026-04-15 09:14:07.052+0900","N","","","","MIN","4ACM4701","127.65","TRANSFERRING","2026-04-15 09:14"
"3387","oht_time_avg","2026-04-15 09:14:07.052+0900","N","","","","MIN","4ACM4701","29.56","ACQUIRED","2026-04-15 09:14"
"3386","oht_time_avg","2026-04-15 09:14:07.052+0900","N","","","","MIN","4ACM4701","13.65","ASSIGN","2026-04-15 09:14"
"3385","oht_time_avg","2026-04-15 09:14:07.052+0900","N","","","","MIN","4ACM4701","0.15","REP","2026-04-15 09:14"
"3396","oht_time_avg","2026-04-15 09:15:07.447+0900","N","","","","MIN","4ACM4701","0.0","COMPLETED","2026-04-15 09:15"
"3395","oht_time_avg","2026-04-15 09:15:07.447+0900","N","","","","MIN","4ACM4701","7.35","DESPOSITED","2026-04-15 09:15"
"3394","oht_time_avg","2026-04-15 09:15:07.447+0900","N","","","","MIN","4ACM4701","130.21","TRANSFERRING","2026-04-15 09:15"
"3393","oht_time_avg","2026-04-15 09:15:07.447+0900","N","","","","MIN","4ACM4701","31.6","ACQUIRED","2026-04-15 09:15"
"3392","oht_time_avg","2026-04-15 09:15:07.447+0900","N","","","","MIN","4ACM4701","12.67","ASSIGN","2026-04-15 09:15"
"3391","oht_time_avg","2026-04-15 09:15:07.447+0900","N","","","","MIN","4ACM4701","0.16","REP","2026-04-15 09:15"
"3402","oht_time_avg","2026-04-15 09:16:07.233+0900","N","","","","MIN","4ACM4701","0.0","COMPLETED","2026-04-15 09:16"
"3401","oht_time_avg","2026-04-15 09:16:07.233+0900","N","","","","MIN","4ACM4701","7.25","DESPOSITED","2026-04-15 09:16"
"3400","oht_time_avg","2026-04-15 09:16:07.233+0900","N","","","","MIN","4ACM4701","126.57","TRANSFERRING","2026-04-15 09:16"
"3399","oht_time_avg","2026-04-15 09:16:07.233+0900","N","","","","MIN","4ACM4701","31.19","ACQUIRED","2026-04-15 09:16"
"3398","oht_time_avg","2026-04-15 09:16:07.233+0900","N","","","","MIN","4ACM4701","10.91","ASSIGN","2026-04-15 09:16"
"3397","oht_time_avg","2026-04-15 09:16:07.233+0900","N","","","","MIN","4ACM4701","0.16","REP","2026-04-15 09:16"
"3408","oht_time_avg","2026-04-15 09:17:07.237+0900","N","","","","MIN","4ACM4701","0.0","COMPLETED","2026-04-15 09:17"
"3407","oht_time_avg","2026-04-15 09:17:07.237+0900","N","","","","MIN","4ACM4701","7.19","DESPOSITED","2026-04-15 09:17"
"3406","oht_time_avg","2026-04-15 09:17:07.237+0900","N","","","","MIN","4ACM4701","124.3","TRANSFERRING","2026-04-15 09:17"
"3405","oht_time_avg","2026-04-15 09:17:07.237+0900","N","","","","MIN","4ACM4701","32.39","ACQUIRED","2026-04-15 09:17"
"3404","oht_time_avg","2026-04-15 09:17:07.237+0900","N","","","","MIN","4ACM4701","11.17","ASSIGN","2026-04-15 09:17"
"3403","oht_time_avg","2026-04-15 09:17:07.237+0900","N","","","","MIN","4ACM4701","0.13","REP","2026-04-15 09:17"
"3414","oht_time_avg","2026-04-15 09:18:07.126+0900","N","","","","MIN","4ACM4701","0.0","COMPLETED","2026-04-15 09:18"
"3413","oht_time_avg","2026-04-15 09:18:07.126+0900","N","","","","MIN","4ACM4701","7.17","DESPOSITED","2026-04-15 09:18"
"3412","oht_time_avg","2026-04-15 09:18:07.126+0900","N","","","","MIN","4ACM4701","144.31","TRANSFERRING","2026-04-15 09:18"
"3411","oht_time_avg","2026-04-15 09:18:07.126+0900","N","","","","MIN","4ACM4701","30.9","ACQUIRED","2026-04-15 09:18"
"3410","oht_time_avg","2026-04-15 09:18:07.126+0900","N","","","","MIN","4ACM4701","9.66","ASSIGN","2026-04-15 09:18"
"3409","oht_time_avg","2026-04-15 09:18:07.126+0900","N","","","","MIN","4ACM4701","0.14","REP","2026-04-15 09:18"
"3420","oht_time_avg","2026-04-15 09:19:06.994+0900","N","","","","MIN","4ACM4701","0.0","COMPLETED","2026-04-15 09:19"
"3419","oht_time_avg","2026-04-15 09:19:06.994+0900","N","","","","MIN","4ACM4701","7.32","DESPOSITED","2026-04-15 09:19"
"3418","oht_time_avg","2026-04-15 09:19:06.994+0900","N","","","","MIN","4ACM4701","124.08","TRANSFERRING","2026-04-15 09:19"
"3417","oht_time_avg","2026-04-15 09:19:06.994+0900","N","","","","MIN","4ACM4701","32.5","ACQUIRED","2026-04-15 09:19"
"3416","oht_time_avg","2026-04-15 09:19:06.994+0900","N","","","","MIN","4ACM4701","11.31","ASSIGN","2026-04-15 09:19"
"3415","oht_time_avg","2026-04-15 09:19:06.994+0900","N","","","","MIN","4ACM4701","0.15","REP","2026-04-15 09:19"
"3426","oht_time_avg","2026-04-15 09:20:06.570+0900","N","","","","MIN","4ACM4701","0.0","COMPLETED","2026-04-15 09:20"
"3425","oht_time_avg","2026-04-15 09:20:06.570+0900","N","","","","MIN","4ACM4701","7.31","DESPOSITED","2026-04-15 09:20"
"3424","oht_time_avg","2026-04-15 09:20:06.570+0900","N","","","","MIN","4ACM4701","134.7","TRANSFERRING","2026-04-15 09:20"
"3423","oht_time_avg","2026-04-15 09:20:06.570+0900","N","","","","MIN","4ACM4701","30.73","ACQUIRED","2026-04-15 09:20"
"3422","oht_time_avg","2026-04-15 09:20:06.570+0900","N","","","","MIN","4ACM4701","10.88","ASSIGN","2026-04-15 09:20"
"3421","oht_time_avg","2026-04-15 09:20:06.570+0900","N","","","","MIN","4ACM4701","0.16","REP","2026-04-15 09:20"
"3432","oht_time_avg","2026-04-15 09:21:07.637+0900","N","","","","MIN","4ACM4701","0.0","COMPLETED","2026-04-15 09:21"
"3431","oht_time_avg","2026-04-15 09:21:07.637+0900","N","","","","MIN","4ACM4701","7.04","DESPOSITED","2026-04-15 09:21"
"3430","oht_time_avg","2026-04-15 09:21:07.637+0900","N","","","","MIN","4ACM4701","131.0","TRANSFERRING","2026-04-15 09:21"
"3429","oht_time_avg","2026-04-15 09:21:07.637+0900","N","","","","MIN","4ACM4701","33.07","ACQUIRED","2026-04-15 09:21"
"3428","oht_time_avg","2026-04-15 09:21:07.637+0900","N","","","","MIN","4ACM4701","13.71","ASSIGN","2026-04-15 09:21"
"3427","oht_time_avg","2026-04-15 09:21:07.637+0900","N","","","","MIN","4ACM4701","0.16","REP","2026-04-15 09:21"
"3438","oht_time_avg","2026-04-15 09:22:06.767+0900","N","","","","MIN","4ACM4701","0.0","COMPLETED","2026-04-15 09:22"
"3437","oht_time_avg","2026-04-15 09:22:06.767+0900","N","","","","MIN","4ACM4701","7.13","DESPOSITED","2026-04-15 09:22"
"3436","oht_time_avg","2026-04-15 09:22:06.767+0900","N","","","","MIN","4ACM4701","130.12","TRANSFERRING","2026-04-15 09:22"
"3435","oht_time_avg","2026-04-15 09:22:06.767+0900","N","","","","MIN","4ACM4701","31.53","ACQUIRED","2026-04-15 09:22"
"3434","oht_time_avg","2026-04-15 09:22:06.767+0900","N","","","","MIN","4ACM4701","11.2","ASSIGN","2026-04-15 09:22"
"3433","oht_time_avg","2026-04-15 09:22:06.767+0900","N","","","","MIN","4ACM4701","0.13","REP","2026-04-15 09:22"
"3444","oht_time_avg","2026-04-15 09:23:07.556+0900","N","","","","MIN","4ACM4701","0.0","COMPLETED","2026-04-15 09:23"
"3443","oht_time_avg","2026-04-15 09:23:07.556+0900","N","","","","MIN","4ACM4701","7.25","DESPOSITED","2026-04-15 09:23"
"3442","oht_time_avg","2026-04-15 09:23:07.556+0900","N","","","","MIN","4ACM4701","130.16","TRANSFERRING","2026-04-15 09:23"
"3441","oht_time_avg","2026-04-15 09:23:07.556+0900","N","","","","MIN","4ACM4701","32.06","ACQUIRED","2026-04-15 09:23"
"3440","oht_time_avg","2026-04-15 09:23:07.556+0900","N","","","","MIN","4ACM4701","11.67","ASSIGN","2026-04-15 09:23"
"3439","oht_time_avg","2026-04-15 09:23:07.556+0900","N","","","","MIN","4ACM4701","0.15","REP","2026-04-15 09:23"
"3450","oht_time_avg","2026-04-15 09:24:07.867+0900","N","","","","MIN","4ACM4701","0.0","COMPLETED","2026-04-15 09:24"
"3449","oht_time_avg","2026-04-15 09:24:07.867+0900","N","","","","MIN","4ACM4701","7.01","DESPOSITED","2026-04-15 09:24"
"3448","oht_time_avg","2026-04-15 09:24:07.867+0900","N","","","","MIN","4ACM4701","131.56","TRANSFERRING","2026-04-15 09:24"
"3447","oht_time_avg","2026-04-15 09:24:07.867+0900","N","","","","MIN","4ACM4701","31.78","ACQUIRED","2026-04-15 09:24"
"3446","oht_time_avg","2026-04-15 09:24:07.867+0900","N","","","","MIN","4ACM4701","13.36","ASSIGN","2026-04-15 09:24"
"3445","oht_time_avg","2026-04-15 09:24:07.867+0900","N","","","","MIN","4ACM4701","0.17","REP","2026-04-15 09:24"
"3456","oht_time_avg","2026-04-15 09:25:08.019+0900","N","","","","MIN","4ACM4701","0.0","COMPLETED","2026-04-15 09:25"
"3455","oht_time_avg","2026-04-15 09:25:08.019+0900","N","","","","MIN","4ACM4701","7.22","DESPOSITED","2026-04-15 09:25"
"3454","oht_time_avg","2026-04-15 09:25:08.019+0900","N","","","","MIN","4ACM4701","131.2","TRANSFERRING","2026-04-15 09:25"
"3453","oht_time_avg","2026-04-15 09:25:08.019+0900","N","","","","MIN","4ACM4701","33.47","ACQUIRED","2026-04-15 09:25"
"3452","oht_time_avg","2026-04-15 09:25:08.019+0900","N","","","","MIN","4ACM4701","12.5","ASSIGN","2026-04-15 09:25"
"3451","oht_time_avg","2026-04-15 09:25:08.019+0900","N","","","","MIN","4ACM4701","0.16","REP","2026-04-15 09:25"
"3462","oht_time_avg","2026-04-15 09:26:08.548+0900","N","","","","MIN","4ACM4701","0.0","COMPLETED","2026-04-15 09:26"
"3461","oht_time_avg","2026-04-15 09:26:08.548+0900","N","","","","MIN","4ACM4701","7.27","DESPOSITED","2026-04-15 09:26"
"3460","oht_time_avg","2026-04-15 09:26:08.548+0900","N","","","","MIN","4ACM4701","123.67","TRANSFERRING","2026-04-15 09:26"
"3459","oht_time_avg","2026-04-15 09:26:08.548+0900","N","","","","MIN","4ACM4701","32.29","ACQUIRED","2026-04-15 09:26"
"3458","oht_time_avg","2026-04-15 09:26:08.548+0900","N","","","","MIN","4ACM4701","10.06","ASSIGN","2026-04-15 09:26"
"3457","oht_time_avg","2026-04-15 09:26:08.548+0900","N","","","","MIN","4ACM4701","0.17","REP","2026-04-15 09:26"
"3468","oht_time_avg","2026-04-15 09:27:06.614+0900","N","","","","MIN","4ACM4701","0.0","COMPLETED","2026-04-15 09:27"
"3467","oht_time_avg","2026-04-15 09:27:06.614+0900","N","","","","MIN","4ACM4701","7.17","DESPOSITED","2026-04-15 09:27"
"3466","oht_time_avg","2026-04-15 09:27:06.614+0900","N","","","","MIN","4ACM4701","126.78","TRANSFERRING","2026-04-15 09:27"
"3465","oht_time_avg","2026-04-15 09:27:06.614+0900","N","","","","MIN","4ACM4701","30.46","ACQUIRED","2026-04-15 09:27"
"3464","oht_time_avg","2026-04-15 09:27:06.614+0900","N","","","","MIN","4ACM4701","9.53","ASSIGN","2026-04-15 09:27"
"3463","oht_time_avg","2026-04-15 09:27:06.614+0900","N","","","","MIN","4ACM4701","0.13","REP","2026-04-15 09:27"
"3474","oht_time_avg","2026-04-15 09:28:06.644+0900","N","","","","MIN","4ACM4701","0.0","COMPLETED","2026-04-15 09:28"
"3473","oht_time_avg","2026-04-15 09:28:06.644+0900","N","","","","MIN","4ACM4701","7.33","DESPOSITED","2026-04-15 09:28"
"3472","oht_time_avg","2026-04-15 09:28:06.644+0900","N","","","","MIN","4ACM4701","126.25","TRANSFERRING","2026-04-15 09:28"
"3471","oht_time_avg","2026-04-15 09:28:06.644+0900","N","","","","MIN","4ACM4701","32.4","ACQUIRED","2026-04-15 09:28"
"3470","oht_time_avg","2026-04-15 09:28:06.644+0900","N","","","","MIN","4ACM4701","11.21","ASSIGN","2026-04-15 09:28"
"3469","oht_time_avg","2026-04-15 09:28:06.644+0900","N","","","","MIN","4ACM4701","0.18","REP","2026-04-15 09:28"
"3480","oht_time_avg","2026-04-15 09:29:06.976+0900","N","","","","MIN","4ACM4701","0.0","COMPLETED","2026-04-15 09:29"
"3479","oht_time_avg","2026-04-15 09:29:06.976+0900","N","","","","MIN","4ACM4701","7.17","DESPOSITED","2026-04-15 09:29"
"3478","oht_time_avg","2026-04-15 09:29:06.976+0900","N","","","","MIN","4ACM4701","130.53","TRANSFERRING","2026-04-15 09:29"
"3477","oht_time_avg","2026-04-15 09:29:06.976+0900","N","","","","MIN","4ACM4701","32.89","ACQUIRED","2026-04-15 09:29"
"3476","oht_time_avg","2026-04-15 09:29:06.976+0900","N","","","","MIN","4ACM4701","10.74","ASSIGN","2026-04-15 09:29"
"3475","oht_time_avg","2026-04-15 09:29:06.976+0900","N","","","","MIN","4ACM4701","0.36","REP","2026-04-15 09:29"
"3486","oht_time_avg","2026-04-15 09:30:07.241+0900","N","","","","MIN","4ACM4701","0.0","COMPLETED","2026-04-15 09:30"
"3485","oht_time_avg","2026-04-15 09:30:07.241+0900","N","","","","MIN","4ACM4701","7.13","DESPOSITED","2026-04-15 09:30"
"3484","oht_time_avg","2026-04-15 09:30:07.241+0900","N","","","","MIN","4ACM4701","126.94","TRANSFERRING","2026-04-15 09:30"
"3483","oht_time_avg","2026-04-15 09:30:07.241+0900","N","","","","MIN","4ACM4701","32.19","ACQUIRED","2026-04-15 09:30"
"3482","oht_time_avg","2026-04-15 09:30:07.241+0900","N","","","","MIN","4ACM4701","11.59","ASSIGN","2026-04-15 09:30"
"3481","oht_time_avg","2026-04-15 09:30:07.241+0900","N","","","","MIN","4ACM4701","0.17","REP","2026-04-15 09:30"
"3492","oht_time_avg","2026-04-15 09:31:08.669+0900","N","","","","MIN","4ACM4701","0.0","COMPLETED","2026-04-15 09:31"
"3491","oht_time_avg","2026-04-15 09:31:08.669+0900","N","","","","MIN","4ACM4701","7.19","DESPOSITED","2026-04-15 09:31"
"3490","oht_time_avg","2026-04-15 09:31:08.669+0900","N","","","","MIN","4ACM4701","134.0","TRANSFERRING","2026-04-15 09:31"
"3489","oht_time_avg","2026-04-15 09:31:08.669+0900","N","","","","MIN","4ACM4701","32.17","ACQUIRED","2026-04-15 09:31"
"3488","oht_time_avg","2026-04-15 09:31:08.669+0900","N","","","","MIN","4ACM4701","11.26","ASSIGN","2026-04-15 09:31"
"3487","oht_time_avg","2026-04-15 09:31:08.669+0900","N","","","","MIN","4ACM4701","0.16","REP","2026-04-15 09:31"
"3498","oht_time_avg","2026-04-15 09:32:07.638+0900","N","","","","MIN","4ACM4701","0.0","COMPLETED","2026-04-15 09:32"
"3497","oht_time_avg","2026-04-15 09:32:07.638+0900","N","","","","MIN","4ACM4701","7.53","DESPOSITED","2026-04-15 09:32"
"3496","oht_time_avg","2026-04-15 09:32:07.638+0900","N","","","","MIN","4ACM4701","132.67","TRANSFERRING","2026-04-15 09:32"
"3495","oht_time_avg","2026-04-15 09:32:07.638+0900","N","","","","MIN","4ACM4701","34.43","ACQUIRED","2026-04-15 09:32"
"3494","oht_time_avg","2026-04-15 09:32:07.638+0900","N","","","","MIN","4ACM4701","11.99","ASSIGN","2026-04-15 09:32"
"3493","oht_time_avg","2026-04-15 09:32:07.638+0900","N","","","","MIN","4ACM4701","0.16","REP","2026-04-15 09:32"
"3504","oht_time_avg","2026-04-15 09:33:06.770+0900","N","","","","MIN","4ACM4701","0.0","COMPLETED","2026-04-15 09:33"
"3503","oht_time_avg","2026-04-15 09:33:06.770+0900","N","","","","MIN","4ACM4701","7.3","DESPOSITED","2026-04-15 09:33"
"3502","oht_time_avg","2026-04-15 09:33:06.770+0900","N","","","","MIN","4ACM4701","131.57","TRANSFERRING","2026-04-15 09:33"
"3501","oht_time_avg","2026-04-15 09:33:06.770+0900","N","","","","MIN","4ACM4701","32.14","ACQUIRED","2026-04-15 09:33"
"3500","oht_time_avg","2026-04-15 09:33:06.770+0900","N","","","","MIN","4ACM4701","12.41","ASSIGN","2026-04-15 09:33"
"3499","oht_time_avg","2026-04-15 09:33:06.770+0900","N","","","","MIN","4ACM4701","0.18","REP","2026-04-15 09:33"
"3510","oht_time_avg","2026-04-15 09:34:07.162+0900","N","","","","MIN","4ACM4701","0.0","COMPLETED","2026-04-15 09:34"
"3509","oht_time_avg","2026-04-15 09:34:07.162+0900","N","","","","MIN","4ACM4701","7.1","DESPOSITED","2026-04-15 09:34"
"3508","oht_time_avg","2026-04-15 09:34:07.162+0900","N","","","","MIN","4ACM4701","132.47","TRANSFERRING","2026-04-15 09:34"
"3507","oht_time_avg","2026-04-15 09:34:07.162+0900","N","","","","MIN","4ACM4701","31.51","ACQUIRED","2026-04-15 09:34"
"3506","oht_time_avg","2026-04-15 09:34:07.162+0900","N","","","","MIN","4ACM4701","11.42","ASSIGN","2026-04-15 09:34"
"3505","oht_time_avg","2026-04-15 09:34:07.162+0900","N","","","","MIN","4ACM4701","0.32","REP","2026-04-15 09:34"
"3516","oht_time_avg","2026-04-15 09:35:07.160+0900","N","","","","MIN","4ACM4701","0.0","COMPLETED","2026-04-15 09:35"
"3515","oht_time_avg","2026-04-15 09:35:07.160+0900","N","","","","MIN","4ACM4701","7.26","DESPOSITED","2026-04-15 09:35"
"3514","oht_time_avg","2026-04-15 09:35:07.160+0900","N","","","","MIN","4ACM4701","136.13","TRANSFERRING","2026-04-15 09:35"
"3513","oht_time_avg","2026-04-15 09:35:07.160+0900","N","","","","MIN","4ACM4701","32.2","ACQUIRED","2026-04-15 09:35"
"3512","oht_time_avg","2026-04-15 09:35:07.160+0900","N","","","","MIN","4ACM4701","12.83","ASSIGN","2026-04-15 09:35"
"3511","oht_time_avg","2026-04-15 09:35:07.160+0900","N","","","","MIN","4ACM4701","0.15","REP","2026-04-15 09:35"
"3522","oht_time_avg","2026-04-15 09:36:08.672+0900","N","","","","MIN","4ACM4701","0.0","COMPLETED","2026-04-15 09:36"
"3521","oht_time_avg","2026-04-15 09:36:08.672+0900","N","","","","MIN","4ACM4701","7.36","DESPOSITED","2026-04-15 09:36"
"3520","oht_time_avg","2026-04-15 09:36:08.672+0900","N","","","","MIN","4ACM4701","130.05","TRANSFERRING","2026-04-15 09:36"
"3519","oht_time_avg","2026-04-15 09:36:08.672+0900","N","","","","MIN","4ACM4701","31.18","ACQUIRED","2026-04-15 09:36"
"3518","oht_time_avg","2026-04-15 09:36:08.672+0900","N","","","","MIN","4ACM4701","11.99","ASSIGN","2026-04-15 09:36"
"3517","oht_time_avg","2026-04-15 09:36:08.672+0900","N","","","","MIN","4ACM4701","0.15","REP","2026-04-15 09:36"
"3528","oht_time_avg","2026-04-15 09:37:08.195+0900","N","","","","MIN","4ACM4701","0.0","COMPLETED","2026-04-15 09:37"
"3527","oht_time_avg","2026-04-15 09:37:08.195+0900","N","","","","MIN","4ACM4701","7.46","DESPOSITED","2026-04-15 09:37"
"3526","oht_time_avg","2026-04-15 09:37:08.195+0900","N","","","","MIN","4ACM4701","130.33","TRANSFERRING","2026-04-15 09:37"
"3525","oht_time_avg","2026-04-15 09:37:08.195+0900","N","","","","MIN","4ACM4701","33.37","ACQUIRED","2026-04-15 09:37"
"3524","oht_time_avg","2026-04-15 09:37:08.195+0900","N","","","","MIN","4ACM4701","11.38","ASSIGN","2026-04-15 09:37"
"3523","oht_time_avg","2026-04-15 09:37:08.195+0900","N","","","","MIN","4ACM4701","0.16","REP","2026-04-15 09:37"
"3534","oht_time_avg","2026-04-15 09:38:07.043+0900","N","","","","MIN","4ACM4701","0.0","COMPLETED","2026-04-15 09:38"
"3533","oht_time_avg","2026-04-15 09:38:07.043+0900","N","","","","MIN","4ACM4701","7.29","DESPOSITED","2026-04-15 09:38"
"3532","oht_time_avg","2026-04-15 09:38:07.043+0900","N","","","","MIN","4ACM4701","132.2","TRANSFERRING","2026-04-15 09:38"
"3531","oht_time_avg","2026-04-15 09:38:07.043+0900","N","","","","MIN","4ACM4701","31.45","ACQUIRED","2026-04-15 09:38"
"3530","oht_time_avg","2026-04-15 09:38:07.043+0900","N","","","","MIN","4ACM4701","12.07","ASSIGN","2026-04-15 09:38"
"3529","oht_time_avg","2026-04-15 09:38:07.043+0900","N","","","","MIN","4ACM4701","0.16","REP","2026-04-15 09:38"
"3540","oht_time_avg","2026-04-15 09:39:07.016+0900","N","","","","MIN","4ACM4701","0.0","COMPLETED","2026-04-15 09:39"
"3539","oht_time_avg","2026-04-15 09:39:07.016+0900","N","","","","MIN","4ACM4701","7.18","DESPOSITED","2026-04-15 09:39"
"3538","oht_time_avg","2026-04-15 09:39:07.016+0900","N","","","","MIN","4ACM4701","122.34","TRANSFERRING","2026-04-15 09:39"
"3537","oht_time_avg","2026-04-15 09:39:07.016+0900","N","","","","MIN","4ACM4701","34.67","ACQUIRED","2026-04-15 09:39"
"3536","oht_time_avg","2026-04-15 09:39:07.016+0900","N","","","","MIN","4ACM4701","10.55","ASSIGN","2026-04-15 09:39"
"3535","oht_time_avg","2026-04-15 09:39:07.016+0900","N","","","","MIN","4ACM4701","0.15","REP","2026-04-15 09:39"
"3546","oht_time_avg","2026-04-15 09:40:07.418+0900","N","","","","MIN","4ACM4701","0.0","COMPLETED","2026-04-15 09:40"
"3545","oht_time_avg","2026-04-15 09:40:07.418+0900","N","","","","MIN","4ACM4701","7.23","DESPOSITED","2026-04-15 09:40"
"3544","oht_time_avg","2026-04-15 09:40:07.418+0900","N","","","","MIN","4ACM4701","130.23","TRANSFERRING","2026-04-15 09:40"
"3543","oht_time_avg","2026-04-15 09:40:07.418+0900","N","","","","MIN","4ACM4701","34.92","ACQUIRED","2026-04-15 09:40"
"3542","oht_time_avg","2026-04-15 09:40:07.418+0900","N","","","","MIN","4ACM4701","10.31","ASSIGN","2026-04-15 09:40"
"3541","oht_time_avg","2026-04-15 09:40:07.418+0900","N","","","","MIN","4ACM4701","0.12","REP","2026-04-15 09:40"
"3552","oht_time_avg","2026-04-15 09:41:07.081+0900","N","","","","MIN","4ACM4701","0.0","COMPLETED","2026-04-15 09:41"
"3551","oht_time_avg","2026-04-15 09:41:07.081+0900","N","","","","MIN","4ACM4701","7.3","DESPOSITED","2026-04-15 09:41"
"3550","oht_time_avg","2026-04-15 09:41:07.081+0900","N","","","","MIN","4ACM4701","133.41","TRANSFERRING","2026-04-15 09:41"
"3549","oht_time_avg","2026-04-15 09:41:07.081+0900","N","","","","MIN","4ACM4701","31.48","ACQUIRED","2026-04-15 09:41"
"3548","oht_time_avg","2026-04-15 09:41:07.081+0900","N","","","","MIN","4ACM4701","9.4","ASSIGN","2026-04-15 09:41"
"3547","oht_time_avg","2026-04-15 09:41:07.081+0900","N","","","","MIN","4ACM4701","0.15","REP","2026-04-15 09:41"
"3558","oht_time_avg","2026-04-15 09:42:07.010+0900","N","","","","MIN","4ACM4701","0.0","COMPLETED","2026-04-15 09:42"
"3557","oht_time_avg","2026-04-15 09:42:07.010+0900","N","","","","MIN","4ACM4701","7.24","DESPOSITED","2026-04-15 09:42"
"3556","oht_time_avg","2026-04-15 09:42:07.010+0900","N","","","","MIN","4ACM4701","138.47","TRANSFERRING","2026-04-15 09:42"
"3555","oht_time_avg","2026-04-15 09:42:07.010+0900","N","","","","MIN","4ACM4701","32.18","ACQUIRED","2026-04-15 09:42"
"3554","oht_time_avg","2026-04-15 09:42:07.010+0900","N","","","","MIN","4ACM4701","9.7","ASSIGN","2026-04-15 09:42"
"3553","oht_time_avg","2026-04-15 09:42:07.010+0900","N","","","","MIN","4ACM4701","0.14","REP","2026-04-15 09:42"
"3564","oht_time_avg","2026-04-15 09:43:06.555+0900","N","","","","MIN","4ACM4701","2.76","COMPLETED","2026-04-15 09:43"
"3563","oht_time_avg","2026-04-15 09:43:06.555+0900","N","","","","MIN","4ACM4701","7.27","DESPOSITED","2026-04-15 09:43"
"3562","oht_time_avg","2026-04-15 09:43:06.555+0900","N","","","","MIN","4ACM4701","125.75","TRANSFERRING","2026-04-15 09:43"
"3561","oht_time_avg","2026-04-15 09:43:06.555+0900","N","","","","MIN","4ACM4701","28.89","ACQUIRED","2026-04-15 09:43"
"3560","oht_time_avg","2026-04-15 09:43:06.555+0900","N","","","","MIN","4ACM4701","10.9","ASSIGN","2026-04-15 09:43"
"3559","oht_time_avg","2026-04-15 09:43:06.555+0900","N","","","","MIN","4ACM4701","0.15","REP","2026-04-15 09:43"
"3570","oht_time_avg","2026-04-15 09:44:06.979+0900","N","","","","MIN","4ACM4701","0.0","COMPLETED","2026-04-15 09:44"
"3569","oht_time_avg","2026-04-15 09:44:06.979+0900","N","","","","MIN","4ACM4701","7.33","DESPOSITED","2026-04-15 09:44"
"3568","oht_time_avg","2026-04-15 09:44:06.979+0900","N","","","","MIN","4ACM4701","129.11","TRANSFERRING","2026-04-15 09:44"
"3567","oht_time_avg","2026-04-15 09:44:06.979+0900","N","","","","MIN","4ACM4701","30.64","ACQUIRED","2026-04-15 09:44"
"3566","oht_time_avg","2026-04-15 09:44:06.979+0900","N","","","","MIN","4ACM4701","11.8","ASSIGN","2026-04-15 09:44"
"3565","oht_time_avg","2026-04-15 09:44:06.979+0900","N","","","","MIN","4ACM4701","0.16","REP","2026-04-15 09:44"
"3576","oht_time_avg","2026-04-15 09:45:07.500+0900","N","","","","MIN","4ACM4701","0.0","COMPLETED","2026-04-15 09:45"
"3575","oht_time_avg","2026-04-15 09:45:07.500+0900","N","","","","MIN","4ACM4701","7.3","DESPOSITED","2026-04-15 09:45"
"3574","oht_time_avg","2026-04-15 09:45:07.500+0900","N","","","","MIN","4ACM4701","127.77","TRANSFERRING","2026-04-15 09:45"
"3573","oht_time_avg","2026-04-15 09:45:07.500+0900","N","","","","MIN","4ACM4701","32.01","ACQUIRED","2026-04-15 09:45"
"3572","oht_time_avg","2026-04-15 09:45:07.500+0900","N","","","","MIN","4ACM4701","12.3","ASSIGN","2026-04-15 09:45"
"3571","oht_time_avg","2026-04-15 09:45:07.500+0900","N","","","","MIN","4ACM4701","0.16","REP","2026-04-15 09:45"
"3582","oht_time_avg","2026-04-15 09:46:06.779+0900","N","","","","MIN","4ACM4701","0.0","COMPLETED","2026-04-15 09:46"
"3581","oht_time_avg","2026-04-15 09:46:06.779+0900","N","","","","MIN","4ACM4701","7.23","DESPOSITED","2026-04-15 09:46"
"3580","oht_time_avg","2026-04-15 09:46:06.779+0900","N","","","","MIN","4ACM4701","123.93","TRANSFERRING","2026-04-15 09:46"
"3579","oht_time_avg","2026-04-15 09:46:06.779+0900","N","","","","MIN","4ACM4701","30.79","ACQUIRED","2026-04-15 09:46"
"3578","oht_time_avg","2026-04-15 09:46:06.779+0900","N","","","","MIN","4ACM4701","10.73","ASSIGN","2026-04-15 09:46"
"3577","oht_time_avg","2026-04-15 09:46:06.779+0900","N","","","","MIN","4ACM4701","0.72","REP","2026-04-15 09:46"
"3588","oht_time_avg","2026-04-15 09:47:07.326+0900","N","","","","MIN","4ACM4701","0.0","COMPLETED","2026-04-15 09:47"
"3587","oht_time_avg","2026-04-15 09:47:07.326+0900","N","","","","MIN","4ACM4701","7.49","DESPOSITED","2026-04-15 09:47"
"3586","oht_time_avg","2026-04-15 09:47:07.326+0900","N","","","","MIN","4ACM4701","131.34","TRANSFERRING","2026-04-15 09:47"
"3585","oht_time_avg","2026-04-15 09:47:07.326+0900","N","","","","MIN","4ACM4701","33.22","ACQUIRED","2026-04-15 09:47"
"3584","oht_time_avg","2026-04-15 09:47:07.326+0900","N","","","","MIN","4ACM4701","10.17","ASSIGN","2026-04-15 09:47"
"3583","oht_time_avg","2026-04-15 09:47:07.326+0900","N","","","","MIN","4ACM4701","0.17","REP","2026-04-15 09:47"
"3594","oht_time_avg","2026-04-15 09:48:06.823+0900","N","","","","MIN","4ACM4701","0.0","COMPLETED","2026-04-15 09:48"
"3593","oht_time_avg","2026-04-15 09:48:06.823+0900","N","","","","MIN","4ACM4701","7.34","DESPOSITED","2026-04-15 09:48"
"3592","oht_time_avg","2026-04-15 09:48:06.823+0900","N","","","","MIN","4ACM4701","130.84","TRANSFERRING","2026-04-15 09:48"
"3591","oht_time_avg","2026-04-15 09:48:06.823+0900","N","","","","MIN","4ACM4701","30.8","ACQUIRED","2026-04-15 09:48"
"3590","oht_time_avg","2026-04-15 09:48:06.823+0900","N","","","","MIN","4ACM4701","11.82","ASSIGN","2026-04-15 09:48"
"3589","oht_time_avg","2026-04-15 09:48:06.823+0900","N","","","","MIN","4ACM4701","2.01","REP","2026-04-15 09:48"
"3600","oht_time_avg","2026-04-15 09:49:08.642+0900","N","","","","MIN","4ACM4701","0.0","COMPLETED","2026-04-15 09:49"
"3599","oht_time_avg","2026-04-15 09:49:08.642+0900","N","","","","MIN","4ACM4701","7.09","DESPOSITED","2026-04-15 09:49"
"3598","oht_time_avg","2026-04-15 09:49:08.642+0900","N","","","","MIN","4ACM4701","141.07","TRANSFERRING","2026-04-15 09:49"
"3597","oht_time_avg","2026-04-15 09:49:08.642+0900","N","","","","MIN","4ACM4701","33.51","ACQUIRED","2026-04-15 09:49"
"3596","oht_time_avg","2026-04-15 09:49:08.642+0900","N","","","","MIN","4ACM4701","8.81","ASSIGN","2026-04-15 09:49"
"3595","oht_time_avg","2026-04-15 09:49:08.642+0900","N","","","","MIN","4ACM4701","0.18","REP","2026-04-15 09:49"
"3606","oht_time_avg","2026-04-15 09:50:08.508+0900","N","","","","MIN","4ACM4701","0.0","COMPLETED","2026-04-15 09:50"
"3605","oht_time_avg","2026-04-15 09:50:08.508+0900","N","","","","MIN","4ACM4701","7.25","DESPOSITED","2026-04-15 09:50"
"3604","oht_time_avg","2026-04-15 09:50:08.508+0900","N","","","","MIN","4ACM4701","134.08","TRANSFERRING","2026-04-15 09:50"
"3603","oht_time_avg","2026-04-15 09:50:08.508+0900","N","","","","MIN","4ACM4701","31.16","ACQUIRED","2026-04-15 09:50"
"3602","oht_time_avg","2026-04-15 09:50:08.508+0900","N","","","","MIN","4ACM4701","12.54","ASSIGN","2026-04-15 09:50"
"3601","oht_time_avg","2026-04-15 09:50:08.508+0900","N","","","","MIN","4ACM4701","0.15","REP","2026-04-15 09:50"
"3612","oht_time_avg","2026-04-15 09:51:06.729+0900","N","","","","MIN","4ACM4701","0.0","COMPLETED","2026-04-15 09:51"
"3611","oht_time_avg","2026-04-15 09:51:06.729+0900","N","","","","MIN","4ACM4701","7.16","DESPOSITED","2026-04-15 09:51"
"3610","oht_time_avg","2026-04-15 09:51:06.729+0900","N","","","","MIN","4ACM4701","130.77","TRANSFERRING","2026-04-15 09:51"
"3609","oht_time_avg","2026-04-15 09:51:06.729+0900","N","","","","MIN","4ACM4701","31.39","ACQUIRED","2026-04-15 09:51"
"3608","oht_time_avg","2026-04-15 09:51:06.729+0900","N","","","","MIN","4ACM4701","10.48","ASSIGN","2026-04-15 09:51"
"3607","oht_time_avg","2026-04-15 09:51:06.729+0900","N","","","","MIN","4ACM4701","0.15","REP","2026-04-15 09:51"
"3618","oht_time_avg","2026-04-15 09:52:06.841+0900","N","","","","MIN","4ACM4701","0.0","COMPLETED","2026-04-15 09:52"
"3617","oht_time_avg","2026-04-15 09:52:06.841+0900","N","","","","MIN","4ACM4701","7.28","DESPOSITED","2026-04-15 09:52"
"3616","oht_time_avg","2026-04-15 09:52:06.841+0900","N","","","","MIN","4ACM4701","131.45","TRANSFERRING","2026-04-15 09:52"
"3615","oht_time_avg","2026-04-15 09:52:06.841+0900","N","","","","MIN","4ACM4701","31.78","ACQUIRED","2026-04-15 09:52"
"3614","oht_time_avg","2026-04-15 09:52:06.841+0900","N","","","","MIN","4ACM4701","12.58","ASSIGN","2026-04-15 09:52"
"3613","oht_time_avg","2026-04-15 09:52:06.841+0900","N","","","","MIN","4ACM4701","0.15","REP","2026-04-15 09:52"
"3624","oht_time_avg","2026-04-15 09:53:06.938+0900","N","","","","MIN","4ACM4701","0.0","COMPLETED","2026-04-15 09:53"
"3623","oht_time_avg","2026-04-15 09:53:06.938+0900","N","","","","MIN","4ACM4701","7.54","DESPOSITED","2026-04-15 09:53"
"3622","oht_time_avg","2026-04-15 09:53:06.938+0900","N","","","","MIN","4ACM4701","126.96","TRANSFERRING","2026-04-15 09:53"
"3621","oht_time_avg","2026-04-15 09:53:06.938+0900","N","","","","MIN","4ACM4701","31.51","ACQUIRED","2026-04-15 09:53"
"3620","oht_time_avg","2026-04-15 09:53:06.938+0900","N","","","","MIN","4ACM4701","12.85","ASSIGN","2026-04-15 09:53"
"3619","oht_time_avg","2026-04-15 09:53:06.938+0900","N","","","","MIN","4ACM4701","0.8","REP","2026-04-15 09:53"
"3630","oht_time_avg","2026-04-15 09:54:06.715+0900","N","","","","MIN","4ACM4701","0.0","COMPLETED","2026-04-15 09:54"
"3629","oht_time_avg","2026-04-15 09:54:06.715+0900","N","","","","MIN","4ACM4701","7.24","DESPOSITED","2026-04-15 09:54"
"3628","oht_time_avg","2026-04-15 09:54:06.715+0900","N","","","","MIN","4ACM4701","141.6","TRANSFERRING","2026-04-15 09:54"
"3627","oht_time_avg","2026-04-15 09:54:06.715+0900","N","","","","MIN","4ACM4701","31.6","ACQUIRED","2026-04-15 09:54"
"3626","oht_time_avg","2026-04-15 09:54:06.715+0900","N","","","","MIN","4ACM4701","13.78","ASSIGN","2026-04-15 09:54"
"3625","oht_time_avg","2026-04-15 09:54:06.715+0900","N","","","","MIN","4ACM4701","0.17","REP","2026-04-15 09:54"
"3636","oht_time_avg","2026-04-15 09:55:06.472+0900","N","","","","MIN","4ACM4701","0.0","COMPLETED","2026-04-15 09:55"
"3635","oht_time_avg","2026-04-15 09:55:06.472+0900","N","","","","MIN","4ACM4701","7.2","DESPOSITED","2026-04-15 09:55"
"3634","oht_time_avg","2026-04-15 09:55:06.472+0900","N","","","","MIN","4ACM4701","135.14","TRANSFERRING","2026-04-15 09:55"
"3633","oht_time_avg","2026-04-15 09:55:06.472+0900","N","","","","MIN","4ACM4701","30.33","ACQUIRED","2026-04-15 09:55"
"3632","oht_time_avg","2026-04-15 09:55:06.472+0900","N","","","","MIN","4ACM4701","12.11","ASSIGN","2026-04-15 09:55"
"3631","oht_time_avg","2026-04-15 09:55:06.472+0900","N","","","","MIN","4ACM4701","0.14","REP","2026-04-15 09:55"
"3642","oht_time_avg","2026-04-15 09:56:07.341+0900","N","","","","MIN","4ACM4701","0.0","COMPLETED","2026-04-15 09:56"
"3641","oht_time_avg","2026-04-15 09:56:07.341+0900","N","","","","MIN","4ACM4701","7.16","DESPOSITED","2026-04-15 09:56"
"3640","oht_time_avg","2026-04-15 09:56:07.341+0900","N","","","","MIN","4ACM4701","134.25","TRANSFERRING","2026-04-15 09:56"
"3639","oht_time_avg","2026-04-15 09:56:07.341+0900","N","","","","MIN","4ACM4701","32.26","ACQUIRED","2026-04-15 09:56"
"3638","oht_time_avg","2026-04-15 09:56:07.341+0900","N","","","","MIN","4ACM4701","9.19","ASSIGN","2026-04-15 09:56"
"3637","oht_time_avg","2026-04-15 09:56:07.341+0900","N","","","","MIN","4ACM4701","0.49","REP","2026-04-15 09:56"
"3648","oht_time_avg","2026-04-15 09:57:06.596+0900","N","","","","MIN","4ACM4701","0.0","COMPLETED","2026-04-15 09:57"
"3647","oht_time_avg","2026-04-15 09:57:06.596+0900","N","","","","MIN","4ACM4701","7.22","DESPOSITED","2026-04-15 09:57"
"3646","oht_time_avg","2026-04-15 09:57:06.596+0900","N","","","","MIN","4ACM4701","134.91","TRANSFERRING","2026-04-15 09:57"
"3645","oht_time_avg","2026-04-15 09:57:06.596+0900","N","","","","MIN","4ACM4701","31.51","ACQUIRED","2026-04-15 09:57"
"3644","oht_time_avg","2026-04-15 09:57:06.596+0900","N","","","","MIN","4ACM4701","10.6","ASSIGN","2026-04-15 09:57"
"3643","oht_time_avg","2026-04-15 09:57:06.596+0900","N","","","","MIN","4ACM4701","0.12","REP","2026-04-15 09:57"
"3654","oht_time_avg","2026-04-15 09:58:07.020+0900","N","","","","MIN","4ACM4701","0.0","COMPLETED","2026-04-15 09:58"
"3653","oht_time_avg","2026-04-15 09:58:07.020+0900","N","","","","MIN","4ACM4701","6.97","DESPOSITED","2026-04-15 09:58"
"3652","oht_time_avg","2026-04-15 09:58:07.020+0900","N","","","","MIN","4ACM4701","138.13","TRANSFERRING","2026-04-15 09:58"
"3651","oht_time_avg","2026-04-15 09:58:07.020+0900","N","","","","MIN","4ACM4701","32.3","ACQUIRED","2026-04-15 09:58"
"3650","oht_time_avg","2026-04-15 09:58:07.020+0900","N","","","","MIN","4ACM4701","11.47","ASSIGN","2026-04-15 09:58"
"3649","oht_time_avg","2026-04-15 09:58:07.020+0900","N","","","","MIN","4ACM4701","0.17","REP","2026-04-15 09:58"
"3660","oht_time_avg","2026-04-15 09:59:06.805+0900","N","","","","MIN","4ACM4701","0.0","COMPLETED","2026-04-15 09:59"
"3659","oht_time_avg","2026-04-15 09:59:06.805+0900","N","","","","MIN","4ACM4701","7.28","DESPOSITED","2026-04-15 09:59"
"3658","oht_time_avg","2026-04-15 09:59:06.805+0900","N","","","","MIN","4ACM4701","133.65","TRANSFERRING","2026-04-15 09:59"
"3657","oht_time_avg","2026-04-15 09:59:06.805+0900","N","","","","MIN","4ACM4701","33.68","ACQUIRED","2026-04-15 09:59"
"3656","oht_time_avg","2026-04-15 09:59:06.805+0900","N","","","","MIN","4ACM4701","10.95","ASSIGN","2026-04-15 09:59"
"3655","oht_time_avg","2026-04-15 09:59:06.805+0900","N","","","","MIN","4ACM4701","0.17","REP","2026-04-15 09:59"
"3666","oht_time_avg","2026-04-15 10:00:06.730+0900","N","","","","MIN","4ACM4701","0.0","COMPLETED","2026-04-15 10:00"
"3665","oht_time_avg","2026-04-15 10:00:06.730+0900","N","","","","MIN","4ACM4701","7.2","DESPOSITED","2026-04-15 10:00"
"3664","oht_time_avg","2026-04-15 10:00:06.730+0900","N","","","","MIN","4ACM4701","131.59","TRANSFERRING","2026-04-15 10:00"
"3663","oht_time_avg","2026-04-15 10:00:06.730+0900","N","","","","MIN","4ACM4701","33.71","ACQUIRED","2026-04-15 10:00"
"3662","oht_time_avg","2026-04-15 10:00:06.730+0900","N","","","","MIN","4ACM4701","12.07","ASSIGN","2026-04-15 10:00"
"3661","oht_time_avg","2026-04-15 10:00:06.730+0900","N","","","","MIN","4ACM4701","0.14","REP","2026-04-15 10:00"
"3672","oht_time_avg","2026-04-15 10:01:07.565+0900","N","","","","MIN","4ACM4701","0.0","COMPLETED","2026-04-15 10:01"
"3671","oht_time_avg","2026-04-15 10:01:07.565+0900","N","","","","MIN","4ACM4701","7.47","DESPOSITED","2026-04-15 10:01"
"3670","oht_time_avg","2026-04-15 10:01:07.565+0900","N","","","","MIN","4ACM4701","130.03","TRANSFERRING","2026-04-15 10:01"
"3669","oht_time_avg","2026-04-15 10:01:07.565+0900","N","","","","MIN","4ACM4701","32.51","ACQUIRED","2026-04-15 10:01"
"3668","oht_time_avg","2026-04-15 10:01:07.565+0900","N","","","","MIN","4ACM4701","12.36","ASSIGN","2026-04-15 10:01"
"3667","oht_time_avg","2026-04-15 10:01:07.565+0900","N","","","","MIN","4ACM4701","0.16","REP","2026-04-15 10:01"
"3678","oht_time_avg","2026-04-15 10:01:07.955+0900","N","","","","HOUR","4ACM4701","0.0","COMPLETED","2026-04-15 10:00"
"3677","oht_time_avg","2026-04-15 10:01:07.955+0900","N","","","","HOUR","4ACM4701","7.09","DESPOSITED","2026-04-15 10:00"
"3676","oht_time_avg","2026-04-15 10:01:07.955+0900","N","","","","HOUR","4ACM4701","130.53","TRANSFERRING","2026-04-15 10:00"
"3675","oht_time_avg","2026-04-15 10:01:07.955+0900","N","","","","HOUR","4ACM4701","32.27","ACQUIRED","2026-04-15 10:00"
"3674","oht_time_avg","2026-04-15 10:01:07.955+0900","N","","","","HOUR","4ACM4701","11.71","ASSIGN","2026-04-15 10:00"
"3673","oht_time_avg","2026-04-15 10:01:07.955+0900","N","","","","HOUR","4ACM4701","0.17","REP","2026-04-15 10:00"
"3684","oht_time_avg","2026-04-15 10:02:07.253+0900","N","","","","MIN","4ACM4701","0.0","COMPLETED","2026-04-15 10:02"
"3683","oht_time_avg","2026-04-15 10:02:07.253+0900","N","","","","MIN","4ACM4701","7.16","DESPOSITED","2026-04-15 10:02"
"3682","oht_time_avg","2026-04-15 10:02:07.253+0900","N","","","","MIN","4ACM4701","131.05","TRANSFERRING","2026-04-15 10:02"
"3681","oht_time_avg","2026-04-15 10:02:07.253+0900","N","","","","MIN","4ACM4701","35.49","ACQUIRED","2026-04-15 10:02"
"3680","oht_time_avg","2026-04-15 10:02:07.253+0900","N","","","","MIN","4ACM4701","13.54","ASSIGN","2026-04-15 10:02"
"3679","oht_time_avg","2026-04-15 10:02:07.253+0900","N","","","","MIN","4ACM4701","0.39","REP","2026-04-15 10:02"
"3690","oht_time_avg","2026-04-15 10:03:06.586+0900","N","","","","MIN","4ACM4701","0.0","COMPLETED","2026-04-15 10:03"
"3689","oht_time_avg","2026-04-15 10:03:06.586+0900","N","","","","MIN","4ACM4701","7.17","DESPOSITED","2026-04-15 10:03"
"3688","oht_time_avg","2026-04-15 10:03:06.586+0900","N","","","","MIN","4ACM4701","124.88","TRANSFERRING","2026-04-15 10:03"
"3687","oht_time_avg","2026-04-15 10:03:06.586+0900","N","","","","MIN","4ACM4701","33.59","ACQUIRED","2026-04-15 10:03"
"3686","oht_time_avg","2026-04-15 10:03:06.586+0900","N","","","","MIN","4ACM4701","13.63","ASSIGN","2026-04-15 10:03"
"3685","oht_time_avg","2026-04-15 10:03:06.586+0900","N","","","","MIN","4ACM4701","0.15","REP","2026-04-15 10:03"
"3696","oht_time_avg","2026-04-15 10:04:08.051+0900","N","","","","MIN","4ACM4701","0.0","COMPLETED","2026-04-15 10:04"
"3695","oht_time_avg","2026-04-15 10:04:08.051+0900","N","","","","MIN","4ACM4701","7.1","DESPOSITED","2026-04-15 10:04"
"3694","oht_time_avg","2026-04-15 10:04:08.051+0900","N","","","","MIN","4ACM4701","132.29","TRANSFERRING","2026-04-15 10:04"
"3693","oht_time_avg","2026-04-15 10:04:08.051+0900","N","","","","MIN","4ACM4701","34.55","ACQUIRED","2026-04-15 10:04"
"3692","oht_time_avg","2026-04-15 10:04:08.051+0900","N","","","","MIN","4ACM4701","12.71","ASSIGN","2026-04-15 10:04"
"3691","oht_time_avg","2026-04-15 10:04:08.051+0900","N","","","","MIN","4ACM4701","0.8","REP","2026-04-15 10:04"
"3702","oht_time_avg","2026-04-15 10:05:07.110+0900","N","","","","MIN","4ACM4701","0.0","COMPLETED","2026-04-15 10:05"
"3701","oht_time_avg","2026-04-15 10:05:07.110+0900","N","","","","MIN","4ACM4701","7.1","DESPOSITED","2026-04-15 10:05"
"3700","oht_time_avg","2026-04-15 10:05:07.110+0900","N","","","","MIN","4ACM4701","135.11","TRANSFERRING","2026-04-15 10:05"
"3699","oht_time_avg","2026-04-15 10:05:07.110+0900","N","","","","MIN","4ACM4701","30.88","ACQUIRED","2026-04-15 10:05"
"3698","oht_time_avg","2026-04-15 10:05:07.110+0900","N","","","","MIN","4ACM4701","11.86","ASSIGN","2026-04-15 10:05"
"3697","oht_time_avg","2026-04-15 10:05:07.110+0900","N","","","","MIN","4ACM4701","0.17","REP","2026-04-15 10:05"
"3708","oht_time_avg","2026-04-15 10:06:06.812+0900","N","","","","MIN","4ACM4701","0.0","COMPLETED","2026-04-15 10:06"
"3707","oht_time_avg","2026-04-15 10:06:06.812+0900","N","","","","MIN","4ACM4701","7.39","DESPOSITED","2026-04-15 10:06"
"3706","oht_time_avg","2026-04-15 10:06:06.812+0900","N","","","","MIN","4ACM4701","138.59","TRANSFERRING","2026-04-15 10:06"
"3705","oht_time_avg","2026-04-15 10:06:06.812+0900","N","","","","MIN","4ACM4701","33.73","ACQUIRED","2026-04-15 10:06"
"3704","oht_time_avg","2026-04-15 10:06:06.812+0900","N","","","","MIN","4ACM4701","11.6","ASSIGN","2026-04-15 10:06"
"3703","oht_time_avg","2026-04-15 10:06:06.812+0900","N","","","","MIN","4ACM4701","0.15","REP","2026-04-15 10:06"
"3714","oht_time_avg","2026-04-15 10:07:06.605+0900","N","","","","MIN","4ACM4701","0.0","COMPLETED","2026-04-15 10:07"
"3713","oht_time_avg","2026-04-15 10:07:06.605+0900","N","","","","MIN","4ACM4701","8.56","DESPOSITED","2026-04-15 10:07"
"3712","oht_time_avg","2026-04-15 10:07:06.605+0900","N","","","","MIN","4ACM4701","135.63","TRANSFERRING","2026-04-15 10:07"
"3711","oht_time_avg","2026-04-15 10:07:06.605+0900","N","","","","MIN","4ACM4701","31.84","ACQUIRED","2026-04-15 10:07"
"3710","oht_time_avg","2026-04-15 10:07:06.605+0900","N","","","","MIN","4ACM4701","10.73","ASSIGN","2026-04-15 10:07"
"3709","oht_time_avg","2026-04-15 10:07:06.605+0900","N","","","","MIN","4ACM4701","0.89","REP","2026-04-15 10:07"
"3720","oht_time_avg","2026-04-15 10:08:09.287+0900","N","","","","MIN","4ACM4701","0.0","COMPLETED","2026-04-15 10:08"
"3719","oht_time_avg","2026-04-15 10:08:09.287+0900","N","","","","MIN","4ACM4701","7.23","DESPOSITED","2026-04-15 10:08"
"3718","oht_time_avg","2026-04-15 10:08:09.287+0900","N","","","","MIN","4ACM4701","134.53","TRANSFERRING","2026-04-15 10:08"
"3717","oht_time_avg","2026-04-15 10:08:09.287+0900","N","","","","MIN","4ACM4701","32.35","ACQUIRED","2026-04-15 10:08"
"3716","oht_time_avg","2026-04-15 10:08:09.287+0900","N","","","","MIN","4ACM4701","11.76","ASSIGN","2026-04-15 10:08"
"3715","oht_time_avg","2026-04-15 10:08:09.287+0900","N","","","","MIN","4ACM4701","0.15","REP","2026-04-15 10:08"
"3726","oht_time_avg","2026-04-15 10:09:08.382+0900","N","","","","MIN","4ACM4701","2.76","COMPLETED","2026-04-15 10:09"
"3725","oht_time_avg","2026-04-15 10:09:08.382+0900","N","","","","MIN","4ACM4701","7.2","DESPOSITED","2026-04-15 10:09"
"3724","oht_time_avg","2026-04-15 10:09:08.382+0900","N","","","","MIN","4ACM4701","129.18","TRANSFERRING","2026-04-15 10:09"
"3723","oht_time_avg","2026-04-15 10:09:08.382+0900","N","","","","MIN","4ACM4701","30.5","ACQUIRED","2026-04-15 10:09"
"3722","oht_time_avg","2026-04-15 10:09:08.382+0900","N","","","","MIN","4ACM4701","10.62","ASSIGN","2026-04-15 10:09"
"3721","oht_time_avg","2026-04-15 10:09:08.382+0900","N","","","","MIN","4ACM4701","0.15","REP","2026-04-15 10:09"
"3732","oht_time_avg","2026-04-15 10:10:07.060+0900","N","","","","MIN","4ACM4701","4.92","COMPLETED","2026-04-15 10:10"
"3731","oht_time_avg","2026-04-15 10:10:07.060+0900","N","","","","MIN","4ACM4701","7.24","DESPOSITED","2026-04-15 10:10"
"3730","oht_time_avg","2026-04-15 10:10:07.060+0900","N","","","","MIN","4ACM4701","125.39","TRANSFERRING","2026-04-15 10:10"
"3729","oht_time_avg","2026-04-15 10:10:07.060+0900","N","","","","MIN","4ACM4701","30.17","ACQUIRED","2026-04-15 10:10"
"3728","oht_time_avg","2026-04-15 10:10:07.060+0900","N","","","","MIN","4ACM4701","13.04","ASSIGN","2026-04-15 10:10"
"3727","oht_time_avg","2026-04-15 10:10:07.060+0900","N","","","","MIN","4ACM4701","1.41","REP","2026-04-15 10:10"
"3738","oht_time_avg","2026-04-15 10:11:07.288+0900","N","","","","MIN","4ACM4701","3.01","COMPLETED","2026-04-15 10:11"
"3737","oht_time_avg","2026-04-15 10:11:07.288+0900","N","","","","MIN","4ACM4701","7.18","DESPOSITED","2026-04-15 10:11"
"3736","oht_time_avg","2026-04-15 10:11:07.288+0900","N","","","","MIN","4ACM4701","135.65","TRANSFERRING","2026-04-15 10:11"
"3735","oht_time_avg","2026-04-15 10:11:07.288+0900","N","","","","MIN","4ACM4701","32.53","ACQUIRED","2026-04-15 10:11"
"3734","oht_time_avg","2026-04-15 10:11:07.288+0900","N","","","","MIN","4ACM4701","11.34","ASSIGN","2026-04-15 10:11"
"3733","oht_time_avg","2026-04-15 10:11:07.288+0900","N","","","","MIN","4ACM4701","0.98","REP","2026-04-15 10:11"
"3744","oht_time_avg","2026-04-15 10:12:07.322+0900","N","","","","MIN","4ACM4701","0.0","COMPLETED","2026-04-15 10:12"
"3743","oht_time_avg","2026-04-15 10:12:07.322+0900","N","","","","MIN","4ACM4701","7.08","DESPOSITED","2026-04-15 10:12"
"3742","oht_time_avg","2026-04-15 10:12:07.322+0900","N","","","","MIN","4ACM4701","136.46","TRANSFERRING","2026-04-15 10:12"
"3741","oht_time_avg","2026-04-15 10:12:07.322+0900","N","","","","MIN","4ACM4701","34.02","ACQUIRED","2026-04-15 10:12"
"3740","oht_time_avg","2026-04-15 10:12:07.322+0900","N","","","","MIN","4ACM4701","13.65","ASSIGN","2026-04-15 10:12"
"3739","oht_time_avg","2026-04-15 10:12:07.322+0900","N","","","","MIN","4ACM4701","0.49","REP","2026-04-15 10:12"
"3750","oht_time_avg","2026-04-15 10:13:06.900+0900","N","","","","MIN","4ACM4701","0.0","COMPLETED","2026-04-15 10:13"
"3749","oht_time_avg","2026-04-15 10:13:06.900+0900","N","","","","MIN","4ACM4701","7.22","DESPOSITED","2026-04-15 10:13"
"3748","oht_time_avg","2026-04-15 10:13:06.900+0900","N","","","","MIN","4ACM4701","125.07","TRANSFERRING","2026-04-15 10:13"
"3747","oht_time_avg","2026-04-15 10:13:06.900+0900","N","","","","MIN","4ACM4701","31.33","ACQUIRED","2026-04-15 10:13"
"3746","oht_time_avg","2026-04-15 10:13:06.900+0900","N","","","","MIN","4ACM4701","10.78","ASSIGN","2026-04-15 10:13"
"3745","oht_time_avg","2026-04-15 10:13:06.900+0900","N","","","","MIN","4ACM4701","0.93","REP","2026-04-15 10:13"
"3756","oht_time_avg","2026-04-15 10:14:07.878+0900","N","","","","MIN","4ACM4701","0.0","COMPLETED","2026-04-15 10:14"
"3755","oht_time_avg","2026-04-15 10:14:07.878+0900","N","","","","MIN","4ACM4701","7.12","DESPOSITED","2026-04-15 10:14"
"3754","oht_time_avg","2026-04-15 10:14:07.878+0900","N","","","","MIN","4ACM4701","126.01","TRANSFERRING","2026-04-15 10:14"
"3753","oht_time_avg","2026-04-15 10:14:07.878+0900","N","","","","MIN","4ACM4701","30.93","ACQUIRED","2026-04-15 10:14"
"3752","oht_time_avg","2026-04-15 10:14:07.878+0900","N","","","","MIN","4ACM4701","10.82","ASSIGN","2026-04-15 10:14"
"3751","oht_time_avg","2026-04-15 10:14:07.878+0900","N","","","","MIN","4ACM4701","0.15","REP","2026-04-15 10:14"
"3762","oht_time_avg","2026-04-15 10:15:06.616+0900","N","","","","MIN","4ACM4701","0.0","COMPLETED","2026-04-15 10:15"
"3761","oht_time_avg","2026-04-15 10:15:06.616+0900","N","","","","MIN","4ACM4701","7.29","DESPOSITED","2026-04-15 10:15"
"3760","oht_time_avg","2026-04-15 10:15:06.616+0900","N","","","","MIN","4ACM4701","125.09","TRANSFERRING","2026-04-15 10:15"
"3759","oht_time_avg","2026-04-15 10:15:06.616+0900","N","","","","MIN","4ACM4701","30.19","ACQUIRED","2026-04-15 10:15"
"3758","oht_time_avg","2026-04-15 10:15:06.616+0900","N","","","","MIN","4ACM4701","10.98","ASSIGN","2026-04-15 10:15"
"3757","oht_time_avg","2026-04-15 10:15:06.616+0900","N","","","","MIN","4ACM4701","0.17","REP","2026-04-15 10:15"
"3768","oht_time_avg","2026-04-15 10:16:07.200+0900","N","","","","MIN","4ACM4701","5.83","COMPLETED","2026-04-15 10:16"
"3767","oht_time_avg","2026-04-15 10:16:07.200+0900","N","","","","MIN","4ACM4701","7.05","DESPOSITED","2026-04-15 10:16"
"3766","oht_time_avg","2026-04-15 10:16:07.200+0900","N","","","","MIN","4ACM4701","129.09","TRANSFERRING","2026-04-15 10:16"
"3765","oht_time_avg","2026-04-15 10:16:07.200+0900","N","","","","MIN","4ACM4701","33.57","ACQUIRED","2026-04-15 10:16"
"3764","oht_time_avg","2026-04-15 10:16:07.200+0900","N","","","","MIN","4ACM4701","10.07","ASSIGN","2026-04-15 10:16"
"3763","oht_time_avg","2026-04-15 10:16:07.200+0900","N","","","","MIN","4ACM4701","0.14","REP","2026-04-15 10:16"
"3774","oht_time_avg","2026-04-15 10:17:06.673+0900","N","","","","MIN","4ACM4701","0.0","COMPLETED","2026-04-15 10:17"
"3773","oht_time_avg","2026-04-15 10:17:06.673+0900","N","","","","MIN","4ACM4701","7.42","DESPOSITED","2026-04-15 10:17"
"3772","oht_time_avg","2026-04-15 10:17:06.673+0900","N","","","","MIN","4ACM4701","129.63","TRANSFERRING","2026-04-15 10:17"
"3771","oht_time_avg","2026-04-15 10:17:06.673+0900","N","","","","MIN","4ACM4701","29.3","ACQUIRED","2026-04-15 10:17"
"3770","oht_time_avg","2026-04-15 10:17:06.673+0900","N","","","","MIN","4ACM4701","9.59","ASSIGN","2026-04-15 10:17"
"3769","oht_time_avg","2026-04-15 10:17:06.673+0900","N","","","","MIN","4ACM4701","0.11","REP","2026-04-15 10:17"
"3780","oht_time_avg","2026-04-15 10:18:07.075+0900","N","","","","MIN","4ACM4701","0.0","COMPLETED","2026-04-15 10:18"
"3779","oht_time_avg","2026-04-15 10:18:07.075+0900","N","","","","MIN","4ACM4701","6.97","DESPOSITED","2026-04-15 10:18"
"3778","oht_time_avg","2026-04-15 10:18:07.075+0900","N","","","","MIN","4ACM4701","144.2","TRANSFERRING","2026-04-15 10:18"
"3777","oht_time_avg","2026-04-15 10:18:07.075+0900","N","","","","MIN","4ACM4701","29.19","ACQUIRED","2026-04-15 10:18"
"3776","oht_time_avg","2026-04-15 10:18:07.075+0900","N","","","","MIN","4ACM4701","11.26","ASSIGN","2026-04-15 10:18"
"3775","oht_time_avg","2026-04-15 10:18:07.075+0900","N","","","","MIN","4ACM4701","0.16","REP","2026-04-15 10:18"
"3786","oht_time_avg","2026-04-15 10:19:06.858+0900","N","","","","MIN","4ACM4701","0.0","COMPLETED","2026-04-15 10:19"
"3785","oht_time_avg","2026-04-15 10:19:06.858+0900","N","","","","MIN","4ACM4701","7.24","DESPOSITED","2026-04-15 10:19"
"3784","oht_time_avg","2026-04-15 10:19:06.858+0900","N","","","","MIN","4ACM4701","135.28","TRANSFERRING","2026-04-15 10:19"
"3783","oht_time_avg","2026-04-15 10:19:06.858+0900","N","","","","MIN","4ACM4701","30.91","ACQUIRED","2026-04-15 10:19"
"3782","oht_time_avg","2026-04-15 10:19:06.858+0900","N","","","","MIN","4ACM4701","11.02","ASSIGN","2026-04-15 10:19"
"3781","oht_time_avg","2026-04-15 10:19:06.858+0900","N","","","","MIN","4ACM4701","0.19","REP","2026-04-15 10:19"
"3792","oht_time_avg","2026-04-15 10:20:08.343+0900","N","","","","MIN","4ACM4701","0.0","COMPLETED","2026-04-15 10:20"
"3791","oht_time_avg","2026-04-15 10:20:08.343+0900","N","","","","MIN","4ACM4701","7.08","DESPOSITED","2026-04-15 10:20"
"3790","oht_time_avg","2026-04-15 10:20:08.343+0900","N","","","","MIN","4ACM4701","124.25","TRANSFERRING","2026-04-15 10:20"
"3789","oht_time_avg","2026-04-15 10:20:08.343+0900","N","","","","MIN","4ACM4701","30.43","ACQUIRED","2026-04-15 10:20"
"3788","oht_time_avg","2026-04-15 10:20:08.343+0900","N","","","","MIN","4ACM4701","10.48","ASSIGN","2026-04-15 10:20"
"3787","oht_time_avg","2026-04-15 10:20:08.343+0900","N","","","","MIN","4ACM4701","0.2","REP","2026-04-15 10:20"
"3798","oht_time_avg","2026-04-15 10:21:06.376+0900","N","","","","MIN","4ACM4701","0.0","COMPLETED","2026-04-15 10:21"
"3797","oht_time_avg","2026-04-15 10:21:06.376+0900","N","","","","MIN","4ACM4701","7.36","DESPOSITED","2026-04-15 10:21"
"3796","oht_time_avg","2026-04-15 10:21:06.376+0900","N","","","","MIN","4ACM4701","126.3","TRANSFERRING","2026-04-15 10:21"
"3795","oht_time_avg","2026-04-15 10:21:06.376+0900","N","","","","MIN","4ACM4701","30.92","ACQUIRED","2026-04-15 10:21"
"3794","oht_time_avg","2026-04-15 10:21:06.376+0900","N","","","","MIN","4ACM4701","12.01","ASSIGN","2026-04-15 10:21"
"3793","oht_time_avg","2026-04-15 10:21:06.376+0900","N","","","","MIN","4ACM4701","0.17","REP","2026-04-15 10:21"
"3804","oht_time_avg","2026-04-15 10:22:06.486+0900","N","","","","MIN","4ACM4701","0.0","COMPLETED","2026-04-15 10:22"
"3803","oht_time_avg","2026-04-15 10:22:06.486+0900","N","","","","MIN","4ACM4701","7.44","DESPOSITED","2026-04-15 10:22"
"3802","oht_time_avg","2026-04-15 10:22:06.486+0900","N","","","","MIN","4ACM4701","128.69","TRANSFERRING","2026-04-15 10:22"
"3801","oht_time_avg","2026-04-15 10:22:06.486+0900","N","","","","MIN","4ACM4701","31.42","ACQUIRED","2026-04-15 10:22"
"3800","oht_time_avg","2026-04-15 10:22:06.486+0900","N","","","","MIN","4ACM4701","11.55","ASSIGN","2026-04-15 10:22"
"3799","oht_time_avg","2026-04-15 10:22:06.486+0900","N","","","","MIN","4ACM4701","0.15","REP","2026-04-15 10:22"
"3810","oht_time_avg","2026-04-15 10:23:06.727+0900","N","","","","MIN","4ACM4701","0.0","COMPLETED","2026-04-15 10:23"
"3809","oht_time_avg","2026-04-15 10:23:06.727+0900","N","","","","MIN","4ACM4701","7.41","DESPOSITED","2026-04-15 10:23"
"3808","oht_time_avg","2026-04-15 10:23:06.727+0900","N","","","","MIN","4ACM4701","132.72","TRANSFERRING","2026-04-15 10:23"
"3807","oht_time_avg","2026-04-15 10:23:06.727+0900","N","","","","MIN","4ACM4701","32.82","ACQUIRED","2026-04-15 10:23"
"3806","oht_time_avg","2026-04-15 10:23:06.727+0900","N","","","","MIN","4ACM4701","12.33","ASSIGN","2026-04-15 10:23"
"3805","oht_time_avg","2026-04-15 10:23:06.727+0900","N","","","","MIN","4ACM4701","0.15","REP","2026-04-15 10:23"
"3816","oht_time_avg","2026-04-15 10:24:06.865+0900","N","","","","MIN","4ACM4701","2.11","COMPLETED","2026-04-15 10:24"
"3815","oht_time_avg","2026-04-15 10:24:06.865+0900","N","","","","MIN","4ACM4701","7.34","DESPOSITED","2026-04-15 10:24"
"3814","oht_time_avg","2026-04-15 10:24:06.865+0900","N","","","","MIN","4ACM4701","134.39","TRANSFERRING","2026-04-15 10:24"
"3813","oht_time_avg","2026-04-15 10:24:06.865+0900","N","","","","MIN","4ACM4701","30.41","ACQUIRED","2026-04-15 10:24"
"3812","oht_time_avg","2026-04-15 10:24:06.865+0900","N","","","","MIN","4ACM4701","10.67","ASSIGN","2026-04-15 10:24"
"3811","oht_time_avg","2026-04-15 10:24:06.865+0900","N","","","","MIN","4ACM4701","0.17","REP","2026-04-15 10:24"
"3822","oht_time_avg","2026-04-15 10:25:07.050+0900","N","","","","MIN","4ACM4701","0.0","COMPLETED","2026-04-15 10:25"
"3821","oht_time_avg","2026-04-15 10:25:07.050+0900","N","","","","MIN","4ACM4701","7.42","DESPOSITED","2026-04-15 10:25"
"3820","oht_time_avg","2026-04-15 10:25:07.050+0900","N","","","","MIN","4ACM4701","136.82","TRANSFERRING","2026-04-15 10:25"
"3819","oht_time_avg","2026-04-15 10:25:07.050+0900","N","","","","MIN","4ACM4701","35.1","ACQUIRED","2026-04-15 10:25"
"3818","oht_time_avg","2026-04-15 10:25:07.050+0900","N","","","","MIN","4ACM4701","11.39","ASSIGN","2026-04-15 10:25"
"3817","oht_time_avg","2026-04-15 10:25:07.050+0900","N","","","","MIN","4ACM4701","0.16","REP","2026-04-15 10:25"
"3828","oht_time_avg","2026-04-15 10:26:06.508+0900","N","","","","MIN","4ACM4701","0.0","COMPLETED","2026-04-15 10:26"
"3827","oht_time_avg","2026-04-15 10:26:06.508+0900","N","","","","MIN","4ACM4701","7.35","DESPOSITED","2026-04-15 10:26"
"3826","oht_time_avg","2026-04-15 10:26:06.508+0900","N","","","","MIN","4ACM4701","135.82","TRANSFERRING","2026-04-15 10:26"
"3825","oht_time_avg","2026-04-15 10:26:06.508+0900","N","","","","MIN","4ACM4701","32.9","ACQUIRED","2026-04-15 10:26"
"3824","oht_time_avg","2026-04-15 10:26:06.508+0900","N","","","","MIN","4ACM4701","12.71","ASSIGN","2026-04-15 10:26"
"3823","oht_time_avg","2026-04-15 10:26:06.508+0900","N","","","","MIN","4ACM4701","0.17","REP","2026-04-15 10:26"
"3834","oht_time_avg","2026-04-15 10:27:06.680+0900","N","","","","MIN","4ACM4701","0.0","COMPLETED","2026-04-15 10:27"
"3833","oht_time_avg","2026-04-15 10:27:06.680+0900","N","","","","MIN","4ACM4701","7.15","DESPOSITED","2026-04-15 10:27"
"3832","oht_time_avg","2026-04-15 10:27:06.680+0900","N","","","","MIN","4ACM4701","130.45","TRANSFERRING","2026-04-15 10:27"
"3831","oht_time_avg","2026-04-15 10:27:06.680+0900","N","","","","MIN","4ACM4701","31.77","ACQUIRED","2026-04-15 10:27"
"3830","oht_time_avg","2026-04-15 10:27:06.680+0900","N","","","","MIN","4ACM4701","11.03","ASSIGN","2026-04-15 10:27"
"3829","oht_time_avg","2026-04-15 10:27:06.680+0900","N","","","","MIN","4ACM4701","0.13","REP","2026-04-15 10:27"
"3840","oht_time_avg","2026-04-15 10:28:07.242+0900","N","","","","MIN","4ACM4701","0.0","COMPLETED","2026-04-15 10:28"
"3839","oht_time_avg","2026-04-15 10:28:07.242+0900","N","","","","MIN","4ACM4701","7.55","DESPOSITED","2026-04-15 10:28"
"3838","oht_time_avg","2026-04-15 10:28:07.242+0900","N","","","","MIN","4ACM4701","125.76","TRANSFERRING","2026-04-15 10:28"
"3837","oht_time_avg","2026-04-15 10:28:07.242+0900","N","","","","MIN","4ACM4701","32.42","ACQUIRED","2026-04-15 10:28"
"3836","oht_time_avg","2026-04-15 10:28:07.242+0900","N","","","","MIN","4ACM4701","11.14","ASSIGN","2026-04-15 10:28"
"3835","oht_time_avg","2026-04-15 10:28:07.242+0900","N","","","","MIN","4ACM4701","0.15","REP","2026-04-15 10:28"
"3846","oht_time_avg","2026-04-15 10:29:08.535+0900","N","","","","MIN","4ACM4701","0.0","COMPLETED","2026-04-15 10:29"
"3845","oht_time_avg","2026-04-15 10:29:08.535+0900","N","","","","MIN","4ACM4701","7.15","DESPOSITED","2026-04-15 10:29"
"3844","oht_time_avg","2026-04-15 10:29:08.535+0900","N","","","","MIN","4ACM4701","133.66","TRANSFERRING","2026-04-15 10:29"
"3843","oht_time_avg","2026-04-15 10:29:08.535+0900","N","","","","MIN","4ACM4701","30.18","ACQUIRED","2026-04-15 10:29"
"3842","oht_time_avg","2026-04-15 10:29:08.535+0900","N","","","","MIN","4ACM4701","10.73","ASSIGN","2026-04-15 10:29"
"3841","oht_time_avg","2026-04-15 10:29:08.535+0900","N","","","","MIN","4ACM4701","0.15","REP","2026-04-15 10:29"
"3852","oht_time_avg","2026-04-15 10:30:07.272+0900","N","","","","MIN","4ACM4701","0.0","COMPLETED","2026-04-15 10:30"
"3851","oht_time_avg","2026-04-15 10:30:07.272+0900","N","","","","MIN","4ACM4701","7.26","DESPOSITED","2026-04-15 10:30"
"3850","oht_time_avg","2026-04-15 10:30:07.272+0900","N","","","","MIN","4ACM4701","131.35","TRANSFERRING","2026-04-15 10:30"
"3849","oht_time_avg","2026-04-15 10:30:07.272+0900","N","","","","MIN","4ACM4701","32.36","ACQUIRED","2026-04-15 10:30"
"3848","oht_time_avg","2026-04-15 10:30:07.272+0900","N","","","","MIN","4ACM4701","11.62","ASSIGN","2026-04-15 10:30"
"3847","oht_time_avg","2026-04-15 10:30:07.272+0900","N","","","","MIN","4ACM4701","0.17","REP","2026-04-15 10:30"
"3858","oht_time_avg","2026-04-15 10:31:07.157+0900","N","","","","MIN","4ACM4701","0.0","COMPLETED","2026-04-15 10:31"
"3857","oht_time_avg","2026-04-15 10:31:07.157+0900","N","","","","MIN","4ACM4701","7.27","DESPOSITED","2026-04-15 10:31"
"3856","oht_time_avg","2026-04-15 10:31:07.157+0900","N","","","","MIN","4ACM4701","132.1","TRANSFERRING","2026-04-15 10:31"
"3855","oht_time_avg","2026-04-15 10:31:07.157+0900","N","","","","MIN","4ACM4701","31.12","ACQUIRED","2026-04-15 10:31"
"3854","oht_time_avg","2026-04-15 10:31:07.157+0900","N","","","","MIN","4ACM4701","11.95","ASSIGN","2026-04-15 10:31"
"3853","oht_time_avg","2026-04-15 10:31:07.157+0900","N","","","","MIN","4ACM4701","0.18","REP","2026-04-15 10:31"
"3864","oht_time_avg","2026-04-15 10:32:07.859+0900","N","","","","MIN","4ACM4701","0.0","COMPLETED","2026-04-15 10:32"
"3863","oht_time_avg","2026-04-15 10:32:07.859+0900","N","","","","MIN","4ACM4701","7.37","DESPOSITED","2026-04-15 10:32"
"3862","oht_time_avg","2026-04-15 10:32:07.859+0900","N","","","","MIN","4ACM4701","126.03","TRANSFERRING","2026-04-15 10:32"
"3861","oht_time_avg","2026-04-15 10:32:07.859+0900","N","","","","MIN","4ACM4701","32.65","ACQUIRED","2026-04-15 10:32"
"3860","oht_time_avg","2026-04-15 10:32:07.859+0900","N","","","","MIN","4ACM4701","11.61","ASSIGN","2026-04-15 10:32"
"3859","oht_time_avg","2026-04-15 10:32:07.859+0900","N","","","","MIN","4ACM4701","0.19","REP","2026-04-15 10:32"
"3870","oht_time_avg","2026-04-15 10:33:07.233+0900","N","","","","MIN","4ACM4701","0.0","COMPLETED","2026-04-15 10:33"
"3869","oht_time_avg","2026-04-15 10:33:07.233+0900","N","","","","MIN","4ACM4701","7.2","DESPOSITED","2026-04-15 10:33"
"3868","oht_time_avg","2026-04-15 10:33:07.233+0900","N","","","","MIN","4ACM4701","129.01","TRANSFERRING","2026-04-15 10:33"
"3867","oht_time_avg","2026-04-15 10:33:07.233+0900","N","","","","MIN","4ACM4701","34.21","ACQUIRED","2026-04-15 10:33"
"3866","oht_time_avg","2026-04-15 10:33:07.233+0900","N","","","","MIN","4ACM4701","10.92","ASSIGN","2026-04-15 10:33"
"3865","oht_time_avg","2026-04-15 10:33:07.233+0900","N","","","","MIN","4ACM4701","0.16","REP","2026-04-15 10:33"
"3876","oht_time_avg","2026-04-15 10:34:07.197+0900","N","","","","MIN","4ACM4701","0.0","COMPLETED","2026-04-15 10:34"
"3875","oht_time_avg","2026-04-15 10:34:07.197+0900","N","","","","MIN","4ACM4701","7.29","DESPOSITED","2026-04-15 10:34"
"3874","oht_time_avg","2026-04-15 10:34:07.197+0900","N","","","","MIN","4ACM4701","130.06","TRANSFERRING","2026-04-15 10:34"
"3873","oht_time_avg","2026-04-15 10:34:07.197+0900","N","","","","MIN","4ACM4701","30.92","ACQUIRED","2026-04-15 10:34"
"3872","oht_time_avg","2026-04-15 10:34:07.197+0900","N","","","","MIN","4ACM4701","10.44","ASSIGN","2026-04-15 10:34"
"3871","oht_time_avg","2026-04-15 10:34:07.197+0900","N","","","","MIN","4ACM4701","0.15","REP","2026-04-15 10:34"
"3882","oht_time_avg","2026-04-15 10:35:07.053+0900","N","","","","MIN","4ACM4701","0.0","COMPLETED","2026-04-15 10:35"
"3881","oht_time_avg","2026-04-15 10:35:07.053+0900","N","","","","MIN","4ACM4701","7.17","DESPOSITED","2026-04-15 10:35"
"3880","oht_time_avg","2026-04-15 10:35:07.053+0900","N","","","","MIN","4ACM4701","131.72","TRANSFERRING","2026-04-15 10:35"
"3879","oht_time_avg","2026-04-15 10:35:07.053+0900","N","","","","MIN","4ACM4701","30.51","ACQUIRED","2026-04-15 10:35"
"3878","oht_time_avg","2026-04-15 10:35:07.053+0900","N","","","","MIN","4ACM4701","9.05","ASSIGN","2026-04-15 10:35"
"3877","oht_time_avg","2026-04-15 10:35:07.053+0900","N","","","","MIN","4ACM4701","0.16","REP","2026-04-15 10:35"
"3888","oht_time_avg","2026-04-15 10:36:06.803+0900","N","","","","MIN","4ACM4701","0.0","COMPLETED","2026-04-15 10:36"
"3887","oht_time_avg","2026-04-15 10:36:06.803+0900","N","","","","MIN","4ACM4701","6.94","DESPOSITED","2026-04-15 10:36"
"3886","oht_time_avg","2026-04-15 10:36:06.803+0900","N","","","","MIN","4ACM4701","128.15","TRANSFERRING","2026-04-15 10:36"
"3885","oht_time_avg","2026-04-15 10:36:06.803+0900","N","","","","MIN","4ACM4701","30.03","ACQUIRED","2026-04-15 10:36"
"3884","oht_time_avg","2026-04-15 10:36:06.803+0900","N","","","","MIN","4ACM4701","8.87","ASSIGN","2026-04-15 10:36"
"3883","oht_time_avg","2026-04-15 10:36:06.803+0900","N","","","","MIN","4ACM4701","0.19","REP","2026-04-15 10:36"
"3894","oht_time_avg","2026-04-15 10:37:06.292+0900","N","","","","MIN","4ACM4701","0.0","COMPLETED","2026-04-15 10:37"
"3893","oht_time_avg","2026-04-15 10:37:06.292+0900","N","","","","MIN","4ACM4701","7.21","DESPOSITED","2026-04-15 10:37"
"3892","oht_time_avg","2026-04-15 10:37:06.292+0900","N","","","","MIN","4ACM4701","124.82","TRANSFERRING","2026-04-15 10:37"
"3891","oht_time_avg","2026-04-15 10:37:06.292+0900","N","","","","MIN","4ACM4701","30.99","ACQUIRED","2026-04-15 10:37"
"3890","oht_time_avg","2026-04-15 10:37:06.292+0900","N","","","","MIN","4ACM4701","9.12","ASSIGN","2026-04-15 10:37"
"3889","oht_time_avg","2026-04-15 10:37:06.292+0900","N","","","","MIN","4ACM4701","0.16","REP","2026-04-15 10:37"
"3900","oht_time_avg","2026-04-15 10:38:07.361+0900","N","","","","MIN","4ACM4701","0.0","COMPLETED","2026-04-15 10:38"
"3899","oht_time_avg","2026-04-15 10:38:07.361+0900","N","","","","MIN","4ACM4701","7.08","DESPOSITED","2026-04-15 10:38"
"3898","oht_time_avg","2026-04-15 10:38:07.361+0900","N","","","","MIN","4ACM4701","132.15","TRANSFERRING","2026-04-15 10:38"
"3897","oht_time_avg","2026-04-15 10:38:07.361+0900","N","","","","MIN","4ACM4701","30.92","ACQUIRED","2026-04-15 10:38"
"3896","oht_time_avg","2026-04-15 10:38:07.361+0900","N","","","","MIN","4ACM4701","11.28","ASSIGN","2026-04-15 10:38"
"3895","oht_time_avg","2026-04-15 10:38:07.361+0900","N","","","","MIN","4ACM4701","0.14","REP","2026-04-15 10:38"
"3906","oht_time_avg","2026-04-15 10:39:06.658+0900","N","","","","MIN","4ACM4701","0.0","COMPLETED","2026-04-15 10:39"
"3905","oht_time_avg","2026-04-15 10:39:06.658+0900","N","","","","MIN","4ACM4701","7.21","DESPOSITED","2026-04-15 10:39"
"3904","oht_time_avg","2026-04-15 10:39:06.658+0900","N","","","","MIN","4ACM4701","127.77","TRANSFERRING","2026-04-15 10:39"
"3903","oht_time_avg","2026-04-15 10:39:06.658+0900","N","","","","MIN","4ACM4701","31.48","ACQUIRED","2026-04-15 10:39"
"3902","oht_time_avg","2026-04-15 10:39:06.658+0900","N","","","","MIN","4ACM4701","10.18","ASSIGN","2026-04-15 10:39"
"3901","oht_time_avg","2026-04-15 10:39:06.658+0900","N","","","","MIN","4ACM4701","0.16","REP","2026-04-15 10:39"
"3912","oht_time_avg","2026-04-15 10:40:07.482+0900","N","","","","MIN","4ACM4701","0.0","COMPLETED","2026-04-15 10:40"
"3911","oht_time_avg","2026-04-15 10:40:07.482+0900","N","","","","MIN","4ACM4701","7.08","DESPOSITED","2026-04-15 10:40"
"3910","oht_time_avg","2026-04-15 10:40:07.482+0900","N","","","","MIN","4ACM4701","126.96","TRANSFERRING","2026-04-15 10:40"
"3909","oht_time_avg","2026-04-15 10:40:07.482+0900","N","","","","MIN","4ACM4701","32.08","ACQUIRED","2026-04-15 10:40"
"3908","oht_time_avg","2026-04-15 10:40:07.482+0900","N","","","","MIN","4ACM4701","11.15","ASSIGN","2026-04-15 10:40"
"3907","oht_time_avg","2026-04-15 10:40:07.482+0900","N","","","","MIN","4ACM4701","0.16","REP","2026-04-15 10:40"
"3918","oht_time_avg","2026-04-15 10:41:07.217+0900","N","","","","MIN","4ACM4701","0.0","COMPLETED","2026-04-15 10:41"
"3917","oht_time_avg","2026-04-15 10:41:07.217+0900","N","","","","MIN","4ACM4701","7.26","DESPOSITED","2026-04-15 10:41"
"3916","oht_time_avg","2026-04-15 10:41:07.217+0900","N","","","","MIN","4ACM4701","127.76","TRANSFERRING","2026-04-15 10:41"
"3915","oht_time_avg","2026-04-15 10:41:07.217+0900","N","","","","MIN","4ACM4701","31.84","ACQUIRED","2026-04-15 10:41"
"3914","oht_time_avg","2026-04-15 10:41:07.217+0900","N","","","","MIN","4ACM4701","9.94","ASSIGN","2026-04-15 10:41"
"3913","oht_time_avg","2026-04-15 10:41:07.217+0900","N","","","","MIN","4ACM4701","0.17","REP","2026-04-15 10:41"
"3924","oht_time_avg","2026-04-15 10:42:06.251+0900","N","","","","MIN","4ACM4701","0.0","COMPLETED","2026-04-15 10:42"
"3923","oht_time_avg","2026-04-15 10:42:06.251+0900","N","","","","MIN","4ACM4701","7.22","DESPOSITED","2026-04-15 10:42"
"3922","oht_time_avg","2026-04-15 10:42:06.251+0900","N","","","","MIN","4ACM4701","128.42","TRANSFERRING","2026-04-15 10:42"
"3921","oht_time_avg","2026-04-15 10:42:06.251+0900","N","","","","MIN","4ACM4701","33.62","ACQUIRED","2026-04-15 10:42"
"3920","oht_time_avg","2026-04-15 10:42:06.251+0900","N","","","","MIN","4ACM4701","12.05","ASSIGN","2026-04-15 10:42"
"3919","oht_time_avg","2026-04-15 10:42:06.251+0900","N","","","","MIN","4ACM4701","0.16","REP","2026-04-15 10:42"
"3930","oht_time_avg","2026-04-15 10:43:06.920+0900","N","","","","MIN","4ACM4701","0.0","COMPLETED","2026-04-15 10:43"
"3929","oht_time_avg","2026-04-15 10:43:06.920+0900","N","","","","MIN","4ACM4701","7.32","DESPOSITED","2026-04-15 10:43"
"3928","oht_time_avg","2026-04-15 10:43:06.920+0900","N","","","","MIN","4ACM4701","134.98","TRANSFERRING","2026-04-15 10:43"
"3927","oht_time_avg","2026-04-15 10:43:06.920+0900","N","","","","MIN","4ACM4701","32.42","ACQUIRED","2026-04-15 10:43"
"3926","oht_time_avg","2026-04-15 10:43:06.920+0900","N","","","","MIN","4ACM4701","12.41","ASSIGN","2026-04-15 10:43"
"3925","oht_time_avg","2026-04-15 10:43:06.920+0900","N","","","","MIN","4ACM4701","0.14","REP","2026-04-15 10:43"
"3936","oht_time_avg","2026-04-15 10:44:06.723+0900","N","","","","MIN","4ACM4701","0.0","COMPLETED","2026-04-15 10:44"
"3935","oht_time_avg","2026-04-15 10:44:06.723+0900","N","","","","MIN","4ACM4701","7.55","DESPOSITED","2026-04-15 10:44"
"3934","oht_time_avg","2026-04-15 10:44:06.723+0900","N","","","","MIN","4ACM4701","136.28","TRANSFERRING","2026-04-15 10:44"
"3933","oht_time_avg","2026-04-15 10:44:06.723+0900","N","","","","MIN","4ACM4701","31.74","ACQUIRED","2026-04-15 10:44"
"3932","oht_time_avg","2026-04-15 10:44:06.723+0900","N","","","","MIN","4ACM4701","14.95","ASSIGN","2026-04-15 10:44"
"3931","oht_time_avg","2026-04-15 10:44:06.723+0900","N","","","","MIN","4ACM4701","0.15","REP","2026-04-15 10:44"
"3942","oht_time_avg","2026-04-15 10:45:08.658+0900","N","","","","MIN","4ACM4701","0.0","COMPLETED","2026-04-15 10:45"
"3941","oht_time_avg","2026-04-15 10:45:08.658+0900","N","","","","MIN","4ACM4701","7.56","DESPOSITED","2026-04-15 10:45"
"3940","oht_time_avg","2026-04-15 10:45:08.658+0900","N","","","","MIN","4ACM4701","128.65","TRANSFERRING","2026-04-15 10:45"
"3939","oht_time_avg","2026-04-15 10:45:08.658+0900","N","","","","MIN","4ACM4701","37.16","ACQUIRED","2026-04-15 10:45"
"3938","oht_time_avg","2026-04-15 10:45:08.658+0900","N","","","","MIN","4ACM4701","12.29","ASSIGN","2026-04-15 10:45"
"3937","oht_time_avg","2026-04-15 10:45:08.658+0900","N","","","","MIN","4ACM4701","0.13","REP","2026-04-15 10:45"
"3948","oht_time_avg","2026-04-15 10:46:07.554+0900","N","","","","MIN","4ACM4701","0.0","COMPLETED","2026-04-15 10:46"
"3947","oht_time_avg","2026-04-15 10:46:07.554+0900","N","","","","MIN","4ACM4701","7.37","DESPOSITED","2026-04-15 10:46"
"3946","oht_time_avg","2026-04-15 10:46:07.554+0900","N","","","","MIN","4ACM4701","131.46","TRANSFERRING","2026-04-15 10:46"
"3945","oht_time_avg","2026-04-15 10:46:07.554+0900","N","","","","MIN","4ACM4701","31.67","ACQUIRED","2026-04-15 10:46"
"3944","oht_time_avg","2026-04-15 10:46:07.554+0900","N","","","","MIN","4ACM4701","12.27","ASSIGN","2026-04-15 10:46"
"3943","oht_time_avg","2026-04-15 10:46:07.554+0900","N","","","","MIN","4ACM4701","0.92","REP","2026-04-15 10:46"
"3954","oht_time_avg","2026-04-15 10:47:08.041+0900","N","","","","MIN","4ACM4701","0.0","COMPLETED","2026-04-15 10:47"
"3953","oht_time_avg","2026-04-15 10:47:08.041+0900","N","","","","MIN","4ACM4701","7.49","DESPOSITED","2026-04-15 10:47"
"3952","oht_time_avg","2026-04-15 10:47:08.041+0900","N","","","","MIN","4ACM4701","127.91","TRANSFERRING","2026-04-15 10:47"
"3951","oht_time_avg","2026-04-15 10:47:08.041+0900","N","","","","MIN","4ACM4701","32.65","ACQUIRED","2026-04-15 10:47"
"3950","oht_time_avg","2026-04-15 10:47:08.041+0900","N","","","","MIN","4ACM4701","11.08","ASSIGN","2026-04-15 10:47"
"3949","oht_time_avg","2026-04-15 10:47:08.041+0900","N","","","","MIN","4ACM4701","0.16","REP","2026-04-15 10:47"
"3960","oht_time_avg","2026-04-15 10:48:07.299+0900","N","","","","MIN","4ACM4701","0.0","COMPLETED","2026-04-15 10:48"
"3959","oht_time_avg","2026-04-15 10:48:07.299+0900","N","","","","MIN","4ACM4701","7.3","DESPOSITED","2026-04-15 10:48"
"3958","oht_time_avg","2026-04-15 10:48:07.299+0900","N","","","","MIN","4ACM4701","133.69","TRANSFERRING","2026-04-15 10:48"
"3957","oht_time_avg","2026-04-15 10:48:07.299+0900","N","","","","MIN","4ACM4701","35.22","ACQUIRED","2026-04-15 10:48"
"3956","oht_time_avg","2026-04-15 10:48:07.299+0900","N","","","","MIN","4ACM4701","13.23","ASSIGN","2026-04-15 10:48"
"3955","oht_time_avg","2026-04-15 10:48:07.299+0900","N","","","","MIN","4ACM4701","0.17","REP","2026-04-15 10:48"
"3966","oht_time_avg","2026-04-15 10:49:07.029+0900","N","","","","MIN","4ACM4701","0.0","COMPLETED","2026-04-15 10:49"
"3965","oht_time_avg","2026-04-15 10:49:07.029+0900","N","","","","MIN","4ACM4701","7.3","DESPOSITED","2026-04-15 10:49"
"3964","oht_time_avg","2026-04-15 10:49:07.029+0900","N","","","","MIN","4ACM4701","129.97","TRANSFERRING","2026-04-15 10:49"
"3963","oht_time_avg","2026-04-15 10:49:07.029+0900","N","","","","MIN","4ACM4701","33.17","ACQUIRED","2026-04-15 10:49"
"3962","oht_time_avg","2026-04-15 10:49:07.029+0900","N","","","","MIN","4ACM4701","12.99","ASSIGN","2026-04-15 10:49"
"3961","oht_time_avg","2026-04-15 10:49:07.029+0900","N","","","","MIN","4ACM4701","0.2","REP","2026-04-15 10:49"
"3972","oht_time_avg","2026-04-15 10:50:07.023+0900","N","","","","MIN","4ACM4701","0.0","COMPLETED","2026-04-15 10:50"
"3971","oht_time_avg","2026-04-15 10:50:07.023+0900","N","","","","MIN","4ACM4701","7.44","DESPOSITED","2026-04-15 10:50"
"3970","oht_time_avg","2026-04-15 10:50:07.023+0900","N","","","","MIN","4ACM4701","132.33","TRANSFERRING","2026-04-15 10:50"
"3969","oht_time_avg","2026-04-15 10:50:07.023+0900","N","","","","MIN","4ACM4701","31.17","ACQUIRED","2026-04-15 10:50"
"3968","oht_time_avg","2026-04-15 10:50:07.023+0900","N","","","","MIN","4ACM4701","10.17","ASSIGN","2026-04-15 10:50"
"3967","oht_time_avg","2026-04-15 10:50:07.023+0900","N","","","","MIN","4ACM4701","1.76","REP","2026-04-15 10:50"
"3978","oht_time_avg","2026-04-15 10:51:07.315+0900","N","","","","MIN","4ACM4701","0.0","COMPLETED","2026-04-15 10:51"
"3977","oht_time_avg","2026-04-15 10:51:07.315+0900","N","","","","MIN","4ACM4701","7.46","DESPOSITED","2026-04-15 10:51"
"3976","oht_time_avg","2026-04-15 10:51:07.315+0900","N","","","","MIN","4ACM4701","136.39","TRANSFERRING","2026-04-15 10:51"
"3975","oht_time_avg","2026-04-15 10:51:07.315+0900","N","","","","MIN","4ACM4701","31.05","ACQUIRED","2026-04-15 10:51"
"3974","oht_time_avg","2026-04-15 10:51:07.315+0900","N","","","","MIN","4ACM4701","10.2","ASSIGN","2026-04-15 10:51"
"3973","oht_time_avg","2026-04-15 10:51:07.315+0900","N","","","","MIN","4ACM4701","0.15","REP","2026-04-15 10:51"
"3984","oht_time_avg","2026-04-15 10:52:06.537+0900","N","","","","MIN","4ACM4701","0.0","COMPLETED","2026-04-15 10:52"
"3983","oht_time_avg","2026-04-15 10:52:06.537+0900","N","","","","MIN","4ACM4701","7.27","DESPOSITED","2026-04-15 10:52"
"3982","oht_time_avg","2026-04-15 10:52:06.537+0900","N","","","","MIN","4ACM4701","125.63","TRANSFERRING","2026-04-15 10:52"
"3981","oht_time_avg","2026-04-15 10:52:06.537+0900","N","","","","MIN","4ACM4701","32.65","ACQUIRED","2026-04-15 10:52"
"3980","oht_time_avg","2026-04-15 10:52:06.537+0900","N","","","","MIN","4ACM4701","12.3","ASSIGN","2026-04-15 10:52"
"3979","oht_time_avg","2026-04-15 10:52:06.537+0900","N","","","","MIN","4ACM4701","0.17","REP","2026-04-15 10:52"
"3990","oht_time_avg","2026-04-15 10:53:06.750+0900","N","","","","MIN","4ACM4701","0.0","COMPLETED","2026-04-15 10:53"
"3989","oht_time_avg","2026-04-15 10:53:06.750+0900","N","","","","MIN","4ACM4701","7.48","DESPOSITED","2026-04-15 10:53"
"3988","oht_time_avg","2026-04-15 10:53:06.750+0900","N","","","","MIN","4ACM4701","131.05","TRANSFERRING","2026-04-15 10:53"
"3987","oht_time_avg","2026-04-15 10:53:06.750+0900","N","","","","MIN","4ACM4701","30.54","ACQUIRED","2026-04-15 10:53"
"3986","oht_time_avg","2026-04-15 10:53:06.750+0900","N","","","","MIN","4ACM4701","11.28","ASSIGN","2026-04-15 10:53"
"3985","oht_time_avg","2026-04-15 10:53:06.750+0900","N","","","","MIN","4ACM4701","2.74","REP","2026-04-15 10:53"
"3996","oht_time_avg","2026-04-15 10:54:06.867+0900","N","","","","MIN","4ACM4701","0.0","COMPLETED","2026-04-15 10:54"
"3995","oht_time_avg","2026-04-15 10:54:06.867+0900","N","","","","MIN","4ACM4701","7.32","DESPOSITED","2026-04-15 10:54"
"3994","oht_time_avg","2026-04-15 10:54:06.867+0900","N","","","","MIN","4ACM4701","124.97","TRANSFERRING","2026-04-15 10:54"
"3993","oht_time_avg","2026-04-15 10:54:06.867+0900","N","","","","MIN","4ACM4701","30.58","ACQUIRED","2026-04-15 10:54"
"3992","oht_time_avg","2026-04-15 10:54:06.867+0900","N","","","","MIN","4ACM4701","9.66","ASSIGN","2026-04-15 10:54"
"3991","oht_time_avg","2026-04-15 10:54:06.867+0900","N","","","","MIN","4ACM4701","0.15","REP","2026-04-15 10:54"
"4002","oht_time_avg","2026-04-15 10:55:07.264+0900","N","","","","MIN","4ACM4701","0.0","COMPLETED","2026-04-15 10:55"
"4001","oht_time_avg","2026-04-15 10:55:07.264+0900","N","","","","MIN","4ACM4701","7.37","DESPOSITED","2026-04-15 10:55"
"4000","oht_time_avg","2026-04-15 10:55:07.264+0900","N","","","","MIN","4ACM4701","132.01","TRANSFERRING","2026-04-15 10:55"
"3999","oht_time_avg","2026-04-15 10:55:07.264+0900","N","","","","MIN","4ACM4701","30.38","ACQUIRED","2026-04-15 10:55"
"3998","oht_time_avg","2026-04-15 10:55:07.264+0900","N","","","","MIN","4ACM4701","9.65","ASSIGN","2026-04-15 10:55"
"3997","oht_time_avg","2026-04-15 10:55:07.264+0900","N","","","","MIN","4ACM4701","0.17","REP","2026-04-15 10:55"
"4008","oht_time_avg","2026-04-15 10:56:08.610+0900","N","","","","MIN","4ACM4701","0.0","COMPLETED","2026-04-15 10:56"
"4007","oht_time_avg","2026-04-15 10:56:08.610+0900","N","","","","MIN","4ACM4701","7.5","DESPOSITED","2026-04-15 10:56"
"4006","oht_time_avg","2026-04-15 10:56:08.610+0900","N","","","","MIN","4ACM4701","137.54","TRANSFERRING","2026-04-15 10:56"
"4005","oht_time_avg","2026-04-15 10:56:08.610+0900","N","","","","MIN","4ACM4701","31.75","ACQUIRED","2026-04-15 10:56"
"4004","oht_time_avg","2026-04-15 10:56:08.610+0900","N","","","","MIN","4ACM4701","11.38","ASSIGN","2026-04-15 10:56"
"4003","oht_time_avg","2026-04-15 10:56:08.610+0900","N","","","","MIN","4ACM4701","0.16","REP","2026-04-15 10:56"
"4014","oht_time_avg","2026-04-15 10:57:07.502+0900","N","","","","MIN","4ACM4701","0.0","COMPLETED","2026-04-15 10:57"
"4013","oht_time_avg","2026-04-15 10:57:07.502+0900","N","","","","MIN","4ACM4701","7.2","DESPOSITED","2026-04-15 10:57"
"4012","oht_time_avg","2026-04-15 10:57:07.502+0900","N","","","","MIN","4ACM4701","127.83","TRANSFERRING","2026-04-15 10:57"
"4011","oht_time_avg","2026-04-15 10:57:07.502+0900","N","","","","MIN","4ACM4701","32.92","ACQUIRED","2026-04-15 10:57"
"4010","oht_time_avg","2026-04-15 10:57:07.502+0900","N","","","","MIN","4ACM4701","8.87","ASSIGN","2026-04-15 10:57"
"4009","oht_time_avg","2026-04-15 10:57:07.502+0900","N","","","","MIN","4ACM4701","0.17","REP","2026-04-15 10:57"
"4020","oht_time_avg","2026-04-15 10:58:06.682+0900","N","","","","MIN","4ACM4701","0.0","COMPLETED","2026-04-15 10:58"
"4019","oht_time_avg","2026-04-15 10:58:06.682+0900","N","","","","MIN","4ACM4701","7.26","DESPOSITED","2026-04-15 10:58"
"4018","oht_time_avg","2026-04-15 10:58:06.682+0900","N","","","","MIN","4ACM4701","135.15","TRANSFERRING","2026-04-15 10:58"
"4017","oht_time_avg","2026-04-15 10:58:06.682+0900","N","","","","MIN","4ACM4701","32.79","ACQUIRED","2026-04-15 10:58"
"4016","oht_time_avg","2026-04-15 10:58:06.682+0900","N","","","","MIN","4ACM4701","12.97","ASSIGN","2026-04-15 10:58"
"4015","oht_time_avg","2026-04-15 10:58:06.682+0900","N","","","","MIN","4ACM4701","2.43","REP","2026-04-15 10:58"
"4026","oht_time_avg","2026-04-15 10:59:06.665+0900","N","","","","MIN","4ACM4701","0.0","COMPLETED","2026-04-15 10:59"
"4025","oht_time_avg","2026-04-15 10:59:06.665+0900","N","","","","MIN","4ACM4701","7.07","DESPOSITED","2026-04-15 10:59"
"4024","oht_time_avg","2026-04-15 10:59:06.665+0900","N","","","","MIN","4ACM4701","118.88","TRANSFERRING","2026-04-15 10:59"
"4023","oht_time_avg","2026-04-15 10:59:06.665+0900","N","","","","MIN","4ACM4701","30.93","ACQUIRED","2026-04-15 10:59"
"4022","oht_time_avg","2026-04-15 10:59:06.665+0900","N","","","","MIN","4ACM4701","10.92","ASSIGN","2026-04-15 10:59"
"4021","oht_time_avg","2026-04-15 10:59:06.665+0900","N","","","","MIN","4ACM4701","0.17","REP","2026-04-15 10:59"
"4032","oht_time_avg","2026-04-15 11:00:07.280+0900","N","","","","MIN","4ACM4701","0.0","COMPLETED","2026-04-15 11:00"
"4031","oht_time_avg","2026-04-15 11:00:07.280+0900","N","","","","MIN","4ACM4701","7.29","DESPOSITED","2026-04-15 11:00"
"4030","oht_time_avg","2026-04-15 11:00:07.280+0900","N","","","","MIN","4ACM4701","128.67","TRANSFERRING","2026-04-15 11:00"
"4029","oht_time_avg","2026-04-15 11:00:07.280+0900","N","","","","MIN","4ACM4701","32.49","ACQUIRED","2026-04-15 11:00"
"4028","oht_time_avg","2026-04-15 11:00:07.280+0900","N","","","","MIN","4ACM4701","10.71","ASSIGN","2026-04-15 11:00"
"4027","oht_time_avg","2026-04-15 11:00:07.280+0900","N","","","","MIN","4ACM4701","0.15","REP","2026-04-15 11:00"
"4038","oht_time_avg","2026-04-15 11:01:07.513+0900","N","","","","MIN","4ACM4701","0.0","COMPLETED","2026-04-15 11:01"
"4037","oht_time_avg","2026-04-15 11:01:07.513+0900","N","","","","MIN","4ACM4701","7.3","DESPOSITED","2026-04-15 11:01"
"4036","oht_time_avg","2026-04-15 11:01:07.513+0900","N","","","","MIN","4ACM4701","129.38","TRANSFERRING","2026-04-15 11:01"
"4035","oht_time_avg","2026-04-15 11:01:07.513+0900","N","","","","MIN","4ACM4701","31.32","ACQUIRED","2026-04-15 11:01"
"4034","oht_time_avg","2026-04-15 11:01:07.513+0900","N","","","","MIN","4ACM4701","10.44","ASSIGN","2026-04-15 11:01"
"4033","oht_time_avg","2026-04-15 11:01:07.513+0900","N","","","","MIN","4ACM4701","0.36","REP","2026-04-15 11:01"
"4044","oht_time_avg","2026-04-15 11:01:07.981+0900","N","","","","HOUR","4ACM4701","0.0","COMPLETED","2026-04-15 11:00"
"4043","oht_time_avg","2026-04-15 11:01:07.981+0900","N","","","","HOUR","4ACM4701","7.11","DESPOSITED","2026-04-15 11:00"
"4042","oht_time_avg","2026-04-15 11:01:07.981+0900","N","","","","HOUR","4ACM4701","129.57","TRANSFERRING","2026-04-15 11:00"
"4041","oht_time_avg","2026-04-15 11:01:07.981+0900","N","","","","HOUR","4ACM4701","32.03","ACQUIRED","2026-04-15 11:00"
"4040","oht_time_avg","2026-04-15 11:01:07.981+0900","N","","","","HOUR","4ACM4701","11.31","ASSIGN","2026-04-15 11:00"
"4039","oht_time_avg","2026-04-15 11:01:07.981+0900","N","","","","HOUR","4ACM4701","0.16","REP","2026-04-15 11:00"
"4050","oht_time_avg","2026-04-15 11:02:07.500+0900","N","","","","MIN","4ACM4701","0.0","COMPLETED","2026-04-15 11:02"
"4049","oht_time_avg","2026-04-15 11:02:07.500+0900","N","","","","MIN","4ACM4701","7.26","DESPOSITED","2026-04-15 11:02"
"4048","oht_time_avg","2026-04-15 11:02:07.500+0900","N","","","","MIN","4ACM4701","139.67","TRANSFERRING","2026-04-15 11:02"
"4047","oht_time_avg","2026-04-15 11:02:07.500+0900","N","","","","MIN","4ACM4701","32.19","ACQUIRED","2026-04-15 11:02"
"4046","oht_time_avg","2026-04-15 11:02:07.500+0900","N","","","","MIN","4ACM4701","10.52","ASSIGN","2026-04-15 11:02"
"4045","oht_time_avg","2026-04-15 11:02:07.500+0900","N","","","","MIN","4ACM4701","0.17","REP","2026-04-15 11:02"
"4056","oht_time_avg","2026-04-15 11:03:08.498+0900","N","","","","MIN","4ACM4701","0.0","COMPLETED","2026-04-15 11:03"
"4055","oht_time_avg","2026-04-15 11:03:08.498+0900","N","","","","MIN","4ACM4701","7.23","DESPOSITED","2026-04-15 11:03"
"4054","oht_time_avg","2026-04-15 11:03:08.498+0900","N","","","","MIN","4ACM4701","120.65","TRANSFERRING","2026-04-15 11:03"
"4053","oht_time_avg","2026-04-15 11:03:08.498+0900","N","","","","MIN","4ACM4701","30.6","ACQUIRED","2026-04-15 11:03"
"4052","oht_time_avg","2026-04-15 11:03:08.498+0900","N","","","","MIN","4ACM4701","10.32","ASSIGN","2026-04-15 11:03"
"4051","oht_time_avg","2026-04-15 11:03:08.498+0900","N","","","","MIN","4ACM4701","0.15","REP","2026-04-15 11:03"
"4062","oht_time_avg","2026-04-15 11:04:06.743+0900","N","","","","MIN","4ACM4701","0.0","COMPLETED","2026-04-15 11:04"
"4061","oht_time_avg","2026-04-15 11:04:06.743+0900","N","","","","MIN","4ACM4701","7.29","DESPOSITED","2026-04-15 11:04"
"4060","oht_time_avg","2026-04-15 11:04:06.743+0900","N","","","","MIN","4ACM4701","134.91","TRANSFERRING","2026-04-15 11:04"
"4059","oht_time_avg","2026-04-15 11:04:06.743+0900","N","","","","MIN","4ACM4701","30.67","ACQUIRED","2026-04-15 11:04"
"4058","oht_time_avg","2026-04-15 11:04:06.743+0900","N","","","","MIN","4ACM4701","12.92","ASSIGN","2026-04-15 11:04"
"4057","oht_time_avg","2026-04-15 11:04:06.743+0900","N","","","","MIN","4ACM4701","0.16","REP","2026-04-15 11:04"
"4068","oht_time_avg","2026-04-15 11:05:08.957+0900","N","","","","MIN","4ACM4701","0.0","COMPLETED","2026-04-15 11:05"
"4067","oht_time_avg","2026-04-15 11:05:08.957+0900","N","","","","MIN","4ACM4701","7.32","DESPOSITED","2026-04-15 11:05"
"4066","oht_time_avg","2026-04-15 11:05:08.957+0900","N","","","","MIN","4ACM4701","127.55","TRANSFERRING","2026-04-15 11:05"
"4065","oht_time_avg","2026-04-15 11:05:08.957+0900","N","","","","MIN","4ACM4701","30.68","ACQUIRED","2026-04-15 11:05"
"4064","oht_time_avg","2026-04-15 11:05:08.957+0900","N","","","","MIN","4ACM4701","11.75","ASSIGN","2026-04-15 11:05"
"4063","oht_time_avg","2026-04-15 11:05:08.957+0900","N","","","","MIN","4ACM4701","0.15","REP","2026-04-15 11:05"
"4074","oht_time_avg","2026-04-15 11:06:07.026+0900","N","","","","MIN","4ACM4701","0.0","COMPLETED","2026-04-15 11:06"
"4073","oht_time_avg","2026-04-15 11:06:07.026+0900","N","","","","MIN","4ACM4701","7.34","DESPOSITED","2026-04-15 11:06"
"4072","oht_time_avg","2026-04-15 11:06:07.026+0900","N","","","","MIN","4ACM4701","139.38","TRANSFERRING","2026-04-15 11:06"
"4071","oht_time_avg","2026-04-15 11:06:07.026+0900","N","","","","MIN","4ACM4701","32.89","ACQUIRED","2026-04-15 11:06"
"4070","oht_time_avg","2026-04-15 11:06:07.026+0900","N","","","","MIN","4ACM4701","12.45","ASSIGN","2026-04-15 11:06"
"4069","oht_time_avg","2026-04-15 11:06:07.026+0900","N","","","","MIN","4ACM4701","0.18","REP","2026-04-15 11:06"
"4080","oht_time_avg","2026-04-15 11:07:06.762+0900","N","","","","MIN","4ACM4701","0.0","COMPLETED","2026-04-15 11:07"
"4079","oht_time_avg","2026-04-15 11:07:06.762+0900","N","","","","MIN","4ACM4701","7.07","DESPOSITED","2026-04-15 11:07"
"4078","oht_time_avg","2026-04-15 11:07:06.762+0900","N","","","","MIN","4ACM4701","132.31","TRANSFERRING","2026-04-15 11:07"
"4077","oht_time_avg","2026-04-15 11:07:06.762+0900","N","","","","MIN","4ACM4701","31.13","ACQUIRED","2026-04-15 11:07"
"4076","oht_time_avg","2026-04-15 11:07:06.762+0900","N","","","","MIN","4ACM4701","10.36","ASSIGN","2026-04-15 11:07"
"4075","oht_time_avg","2026-04-15 11:07:06.762+0900","N","","","","MIN","4ACM4701","0.16","REP","2026-04-15 11:07"
"4086","oht_time_avg","2026-04-15 11:08:08.850+0900","N","","","","MIN","4ACM4701","0.0","COMPLETED","2026-04-15 11:08"
"4085","oht_time_avg","2026-04-15 11:08:08.850+0900","N","","","","MIN","4ACM4701","7.24","DESPOSITED","2026-04-15 11:08"
"4084","oht_time_avg","2026-04-15 11:08:08.850+0900","N","","","","MIN","4ACM4701","126.97","TRANSFERRING","2026-04-15 11:08"
"4083","oht_time_avg","2026-04-15 11:08:08.850+0900","N","","","","MIN","4ACM4701","30.56","ACQUIRED","2026-04-15 11:08"
"4082","oht_time_avg","2026-04-15 11:08:08.850+0900","N","","","","MIN","4ACM4701","9.84","ASSIGN","2026-04-15 11:08"
"4081","oht_time_avg","2026-04-15 11:08:08.850+0900","N","","","","MIN","4ACM4701","0.17","REP","2026-04-15 11:08"
"4092","oht_time_avg","2026-04-15 11:09:07.322+0900","N","","","","MIN","4ACM4701","0.0","COMPLETED","2026-04-15 11:09"
"4091","oht_time_avg","2026-04-15 11:09:07.322+0900","N","","","","MIN","4ACM4701","7.16","DESPOSITED","2026-04-15 11:09"
"4090","oht_time_avg","2026-04-15 11:09:07.322+0900","N","","","","MIN","4ACM4701","133.16","TRANSFERRING","2026-04-15 11:09"
"4089","oht_time_avg","2026-04-15 11:09:07.322+0900","N","","","","MIN","4ACM4701","30.97","ACQUIRED","2026-04-15 11:09"
"4088","oht_time_avg","2026-04-15 11:09:07.322+0900","N","","","","MIN","4ACM4701","10.27","ASSIGN","2026-04-15 11:09"
"4087","oht_time_avg","2026-04-15 11:09:07.322+0900","N","","","","MIN","4ACM4701","0.14","REP","2026-04-15 11:09"
"4098","oht_time_avg","2026-04-15 11:10:08.308+0900","N","","","","MIN","4ACM4701","0.0","COMPLETED","2026-04-15 11:10"
"4097","oht_time_avg","2026-04-15 11:10:08.308+0900","N","","","","MIN","4ACM4701","7.16","DESPOSITED","2026-04-15 11:10"
"4096","oht_time_avg","2026-04-15 11:10:08.308+0900","N","","","","MIN","4ACM4701","130.95","TRANSFERRING","2026-04-15 11:10"
"4095","oht_time_avg","2026-04-15 11:10:08.308+0900","N","","","","MIN","4ACM4701","33.82","ACQUIRED","2026-04-15 11:10"
"4094","oht_time_avg","2026-04-15 11:10:08.308+0900","N","","","","MIN","4ACM4701","11.94","ASSIGN","2026-04-15 11:10"
"4093","oht_time_avg","2026-04-15 11:10:08.308+0900","N","","","","MIN","4ACM4701","0.17","REP","2026-04-15 11:10"
"4104","oht_time_avg","2026-04-15 11:11:07.475+0900","N","","","","MIN","4ACM4701","0.0","COMPLETED","2026-04-15 11:11"
"4103","oht_time_avg","2026-04-15 11:11:07.475+0900","N","","","","MIN","4ACM4701","7.12","DESPOSITED","2026-04-15 11:11"
"4102","oht_time_avg","2026-04-15 11:11:07.475+0900","N","","","","MIN","4ACM4701","133.97","TRANSFERRING","2026-04-15 11:11"
"4101","oht_time_avg","2026-04-15 11:11:07.475+0900","N","","","","MIN","4ACM4701","31.1","ACQUIRED","2026-04-15 11:11"
"4100","oht_time_avg","2026-04-15 11:11:07.475+0900","N","","","","MIN","4ACM4701","12.53","ASSIGN","2026-04-15 11:11"
"4099","oht_time_avg","2026-04-15 11:11:07.475+0900","N","","","","MIN","4ACM4701","0.16","REP","2026-04-15 11:11"
"4110","oht_time_avg","2026-04-15 11:12:06.368+0900","N","","","","MIN","4ACM4701","0.0","COMPLETED","2026-04-15 11:12"
"4109","oht_time_avg","2026-04-15 11:12:06.368+0900","N","","","","MIN","4ACM4701","7.24","DESPOSITED","2026-04-15 11:12"
"4108","oht_time_avg","2026-04-15 11:12:06.368+0900","N","","","","MIN","4ACM4701","143.13","TRANSFERRING","2026-04-15 11:12"
"4107","oht_time_avg","2026-04-15 11:12:06.368+0900","N","","","","MIN","4ACM4701","33.18","ACQUIRED","2026-04-15 11:12"
"4106","oht_time_avg","2026-04-15 11:12:06.368+0900","N","","","","MIN","4ACM4701","14.21","ASSIGN","2026-04-15 11:12"
"4105","oht_time_avg","2026-04-15 11:12:06.368+0900","N","","","","MIN","4ACM4701","0.15","REP","2026-04-15 11:12"
"4116","oht_time_avg","2026-04-15 11:13:06.576+0900","N","","","","MIN","4ACM4701","0.0","COMPLETED","2026-04-15 11:13"
"4115","oht_time_avg","2026-04-15 11:13:06.576+0900","N","","","","MIN","4ACM4701","7.2","DESPOSITED","2026-04-15 11:13"
"4114","oht_time_avg","2026-04-15 11:13:06.576+0900","N","","","","MIN","4ACM4701","140.87","TRANSFERRING","2026-04-15 11:13"
"4113","oht_time_avg","2026-04-15 11:13:06.576+0900","N","","","","MIN","4ACM4701","32.46","ACQUIRED","2026-04-15 11:13"
"4112","oht_time_avg","2026-04-15 11:13:06.576+0900","N","","","","MIN","4ACM4701","13.47","ASSIGN","2026-04-15 11:13"
"4111","oht_time_avg","2026-04-15 11:13:06.576+0900","N","","","","MIN","4ACM4701","0.34","REP","2026-04-15 11:13"
"4122","oht_time_avg","2026-04-15 11:14:06.884+0900","N","","","","MIN","4ACM4701","0.0","COMPLETED","2026-04-15 11:14"
"4121","oht_time_avg","2026-04-15 11:14:06.884+0900","N","","","","MIN","4ACM4701","7.43","DESPOSITED","2026-04-15 11:14"
"4120","oht_time_avg","2026-04-15 11:14:06.884+0900","N","","","","MIN","4ACM4701","132.53","TRANSFERRING","2026-04-15 11:14"
"4119","oht_time_avg","2026-04-15 11:14:06.884+0900","N","","","","MIN","4ACM4701","33.16","ACQUIRED","2026-04-15 11:14"
"4118","oht_time_avg","2026-04-15 11:14:06.884+0900","N","","","","MIN","4ACM4701","14.94","ASSIGN","2026-04-15 11:14"
"4117","oht_time_avg","2026-04-15 11:14:06.884+0900","N","","","","MIN","4ACM4701","0.16","REP","2026-04-15 11:14"
"4128","oht_time_avg","2026-04-15 11:15:06.946+0900","N","","","","MIN","4ACM4701","0.0","COMPLETED","2026-04-15 11:15"
"4127","oht_time_avg","2026-04-15 11:15:06.946+0900","N","","","","MIN","4ACM4701","7.46","DESPOSITED","2026-04-15 11:15"
"4126","oht_time_avg","2026-04-15 11:15:06.946+0900","N","","","","MIN","4ACM4701","140.39","TRANSFERRING","2026-04-15 11:15"
"4125","oht_time_avg","2026-04-15 11:15:06.946+0900","N","","","","MIN","4ACM4701","33.18","ACQUIRED","2026-04-15 11:15"
"4124","oht_time_avg","2026-04-15 11:15:06.946+0900","N","","","","MIN","4ACM4701","15.53","ASSIGN","2026-04-15 11:15"
"4123","oht_time_avg","2026-04-15 11:15:06.946+0900","N","","","","MIN","4ACM4701","0.16","REP","2026-04-15 11:15"
"4134","oht_time_avg","2026-04-15 11:16:06.637+0900","N","","","","MIN","4ACM4701","0.0","COMPLETED","2026-04-15 11:16"
"4133","oht_time_avg","2026-04-15 11:16:06.637+0900","N","","","","MIN","4ACM4701","7.45","DESPOSITED","2026-04-15 11:16"
"4132","oht_time_avg","2026-04-15 11:16:06.637+0900","N","","","","MIN","4ACM4701","127.45","TRANSFERRING","2026-04-15 11:16"
"4131","oht_time_avg","2026-04-15 11:16:06.637+0900","N","","","","MIN","4ACM4701","33.13","ACQUIRED","2026-04-15 11:16"
"4130","oht_time_avg","2026-04-15 11:16:06.637+0900","N","","","","MIN","4ACM4701","12.41","ASSIGN","2026-04-15 11:16"
"4129","oht_time_avg","2026-04-15 11:16:06.637+0900","N","","","","MIN","4ACM4701","0.84","REP","2026-04-15 11:16"
"4140","oht_time_avg","2026-04-15 11:17:08.181+0900","N","","","","MIN","4ACM4701","0.0","COMPLETED","2026-04-15 11:17"
"4139","oht_time_avg","2026-04-15 11:17:08.181+0900","N","","","","MIN","4ACM4701","7.13","DESPOSITED","2026-04-15 11:17"
"4138","oht_time_avg","2026-04-15 11:17:08.181+0900","N","","","","MIN","4ACM4701","138.87","TRANSFERRING","2026-04-15 11:17"
"4137","oht_time_avg","2026-04-15 11:17:08.181+0900","N","","","","MIN","4ACM4701","32.37","ACQUIRED","2026-04-15 11:17"
"4136","oht_time_avg","2026-04-15 11:17:08.181+0900","N","","","","MIN","4ACM4701","12.61","ASSIGN","2026-04-15 11:17"
"4135","oht_time_avg","2026-04-15 11:17:08.181+0900","N","","","","MIN","4ACM4701","0.15","REP","2026-04-15 11:17"
"4146","oht_time_avg","2026-04-15 11:18:06.829+0900","N","","","","MIN","4ACM4701","0.0","COMPLETED","2026-04-15 11:18"
"4145","oht_time_avg","2026-04-15 11:18:06.829+0900","N","","","","MIN","4ACM4701","7.22","DESPOSITED","2026-04-15 11:18"
"4144","oht_time_avg","2026-04-15 11:18:06.829+0900","N","","","","MIN","4ACM4701","134.89","TRANSFERRING","2026-04-15 11:18"
"4143","oht_time_avg","2026-04-15 11:18:06.829+0900","N","","","","MIN","4ACM4701","31.08","ACQUIRED","2026-04-15 11:18"
"4142","oht_time_avg","2026-04-15 11:18:06.829+0900","N","","","","MIN","4ACM4701","12.3","ASSIGN","2026-04-15 11:18"
"4141","oht_time_avg","2026-04-15 11:18:06.829+0900","N","","","","MIN","4ACM4701","0.18","REP","2026-04-15 11:18"
"4152","oht_time_avg","2026-04-15 11:19:06.665+0900","N","","","","MIN","4ACM4701","0.0","COMPLETED","2026-04-15 11:19"
"4151","oht_time_avg","2026-04-15 11:19:06.665+0900","N","","","","MIN","4ACM4701","7.12","DESPOSITED","2026-04-15 11:19"
"4150","oht_time_avg","2026-04-15 11:19:06.665+0900","N","","","","MIN","4ACM4701","123.72","TRANSFERRING","2026-04-15 11:19"
"4149","oht_time_avg","2026-04-15 11:19:06.665+0900","N","","","","MIN","4ACM4701","33.41","ACQUIRED","2026-04-15 11:19"
"4148","oht_time_avg","2026-04-15 11:19:06.665+0900","N","","","","MIN","4ACM4701","9.69","ASSIGN","2026-04-15 11:19"
"4147","oht_time_avg","2026-04-15 11:19:06.665+0900","N","","","","MIN","4ACM4701","0.17","REP","2026-04-15 11:19"
"4158","oht_time_avg","2026-04-15 11:20:07.793+0900","N","","","","MIN","4ACM4701","0.0","COMPLETED","2026-04-15 11:20"
"4157","oht_time_avg","2026-04-15 11:20:07.793+0900","N","","","","MIN","4ACM4701","7.11","DESPOSITED","2026-04-15 11:20"
"4156","oht_time_avg","2026-04-15 11:20:07.793+0900","N","","","","MIN","4ACM4701","128.87","TRANSFERRING","2026-04-15 11:20"
"4155","oht_time_avg","2026-04-15 11:20:07.793+0900","N","","","","MIN","4ACM4701","30.86","ACQUIRED","2026-04-15 11:20"
"4154","oht_time_avg","2026-04-15 11:20:07.793+0900","N","","","","MIN","4ACM4701","9.51","ASSIGN","2026-04-15 11:20"
"4153","oht_time_avg","2026-04-15 11:20:07.793+0900","N","","","","MIN","4ACM4701","0.18","REP","2026-04-15 11:20"
"4164","oht_time_avg","2026-04-15 11:21:07.200+0900","N","","","","MIN","4ACM4701","0.0","COMPLETED","2026-04-15 11:21"
"4163","oht_time_avg","2026-04-15 11:21:07.200+0900","N","","","","MIN","4ACM4701","7.32","DESPOSITED","2026-04-15 11:21"
"4162","oht_time_avg","2026-04-15 11:21:07.200+0900","N","","","","MIN","4ACM4701","133.11","TRANSFERRING","2026-04-15 11:21"
"4161","oht_time_avg","2026-04-15 11:21:07.200+0900","N","","","","MIN","4ACM4701","31.47","ACQUIRED","2026-04-15 11:21"
"4160","oht_time_avg","2026-04-15 11:21:07.200+0900","N","","","","MIN","4ACM4701","11.13","ASSIGN","2026-04-15 11:21"
"4159","oht_time_avg","2026-04-15 11:21:07.200+0900","N","","","","MIN","4ACM4701","0.13","REP","2026-04-15 11:21"
"4170","oht_time_avg","2026-04-15 11:22:06.471+0900","N","","","","MIN","4ACM4701","0.0","COMPLETED","2026-04-15 11:22"
"4169","oht_time_avg","2026-04-15 11:22:06.471+0900","N","","","","MIN","4ACM4701","7.17","DESPOSITED","2026-04-15 11:22"
"4168","oht_time_avg","2026-04-15 11:22:06.471+0900","N","","","","MIN","4ACM4701","138.76","TRANSFERRING","2026-04-15 11:22"
"4167","oht_time_avg","2026-04-15 11:22:06.471+0900","N","","","","MIN","4ACM4701","30.84","ACQUIRED","2026-04-15 11:22"
"4166","oht_time_avg","2026-04-15 11:22:06.471+0900","N","","","","MIN","4ACM4701","11.31","ASSIGN","2026-04-15 11:22"
"4165","oht_time_avg","2026-04-15 11:22:06.471+0900","N","","","","MIN","4ACM4701","1.3","REP","2026-04-15 11:22"
"4176","oht_time_avg","2026-04-15 11:23:07.225+0900","N","","","","MIN","4ACM4701","0.0","COMPLETED","2026-04-15 11:23"
"4175","oht_time_avg","2026-04-15 11:23:07.225+0900","N","","","","MIN","4ACM4701","7.0","DESPOSITED","2026-04-15 11:23"
"4174","oht_time_avg","2026-04-15 11:23:07.225+0900","N","","","","MIN","4ACM4701","129.74","TRANSFERRING","2026-04-15 11:23"
"4173","oht_time_avg","2026-04-15 11:23:07.225+0900","N","","","","MIN","4ACM4701","29.59","ACQUIRED","2026-04-15 11:23"
"4172","oht_time_avg","2026-04-15 11:23:07.225+0900","N","","","","MIN","4ACM4701","9.38","ASSIGN","2026-04-15 11:23"
"4171","oht_time_avg","2026-04-15 11:23:07.225+0900","N","","","","MIN","4ACM4701","0.16","REP","2026-04-15 11:23"
"4182","oht_time_avg","2026-04-15 11:24:07.219+0900","N","","","","MIN","4ACM4701","0.0","COMPLETED","2026-04-15 11:24"
"4181","oht_time_avg","2026-04-15 11:24:07.219+0900","N","","","","MIN","4ACM4701","7.25","DESPOSITED","2026-04-15 11:24"
"4180","oht_time_avg","2026-04-15 11:24:07.219+0900","N","","","","MIN","4ACM4701","128.25","TRANSFERRING","2026-04-15 11:24"
"4179","oht_time_avg","2026-04-15 11:24:07.219+0900","N","","","","MIN","4ACM4701","30.57","ACQUIRED","2026-04-15 11:24"
"4178","oht_time_avg","2026-04-15 11:24:07.219+0900","N","","","","MIN","4ACM4701","10.55","ASSIGN","2026-04-15 11:24"
"4177","oht_time_avg","2026-04-15 11:24:07.219+0900","N","","","","MIN","4ACM4701","0.15","REP","2026-04-15 11:24"
"4188","oht_time_avg","2026-04-15 11:25:07.232+0900","N","","","","MIN","4ACM4701","0.0","COMPLETED","2026-04-15 11:25"
"4187","oht_time_avg","2026-04-15 11:25:07.232+0900","N","","","","MIN","4ACM4701","7.05","DESPOSITED","2026-04-15 11:25"
"4186","oht_time_avg","2026-04-15 11:25:07.232+0900","N","","","","MIN","4ACM4701","127.09","TRANSFERRING","2026-04-15 11:25"
"4185","oht_time_avg","2026-04-15 11:25:07.232+0900","N","","","","MIN","4ACM4701","31.08","ACQUIRED","2026-04-15 11:25"
"4184","oht_time_avg","2026-04-15 11:25:07.232+0900","N","","","","MIN","4ACM4701","10.32","ASSIGN","2026-04-15 11:25"
"4183","oht_time_avg","2026-04-15 11:25:07.232+0900","N","","","","MIN","4ACM4701","0.15","REP","2026-04-15 11:25"
"4194","oht_time_avg","2026-04-15 11:26:08.391+0900","N","","","","MIN","4ACM4701","0.0","COMPLETED","2026-04-15 11:26"
"4193","oht_time_avg","2026-04-15 11:26:08.391+0900","N","","","","MIN","4ACM4701","7.35","DESPOSITED","2026-04-15 11:26"
"4192","oht_time_avg","2026-04-15 11:26:08.391+0900","N","","","","MIN","4ACM4701","127.76","TRANSFERRING","2026-04-15 11:26"
"4191","oht_time_avg","2026-04-15 11:26:08.391+0900","N","","","","MIN","4ACM4701","31.44","ACQUIRED","2026-04-15 11:26"
"4190","oht_time_avg","2026-04-15 11:26:08.391+0900","N","","","","MIN","4ACM4701","10.1","ASSIGN","2026-04-15 11:26"
"4189","oht_time_avg","2026-04-15 11:26:08.391+0900","N","","","","MIN","4ACM4701","0.16","REP","2026-04-15 11:26"
"4200","oht_time_avg","2026-04-15 11:27:08.627+0900","N","","","","MIN","4ACM4701","3.23","COMPLETED","2026-04-15 11:27"
"4199","oht_time_avg","2026-04-15 11:27:08.627+0900","N","","","","MIN","4ACM4701","7.1","DESPOSITED","2026-04-15 11:27"
"4198","oht_time_avg","2026-04-15 11:27:08.627+0900","N","","","","MIN","4ACM4701","124.24","TRANSFERRING","2026-04-15 11:27"
"4197","oht_time_avg","2026-04-15 11:27:08.627+0900","N","","","","MIN","4ACM4701","29.85","ACQUIRED","2026-04-15 11:27"
"4196","oht_time_avg","2026-04-15 11:27:08.627+0900","N","","","","MIN","4ACM4701","9.41","ASSIGN","2026-04-15 11:27"
"4195","oht_time_avg","2026-04-15 11:27:08.627+0900","N","","","","MIN","4ACM4701","0.15","REP","2026-04-15 11:27"
"4206","oht_time_avg","2026-04-15 11:28:07.802+0900","N","","","","MIN","4ACM4701","0.0","COMPLETED","2026-04-15 11:28"
"4205","oht_time_avg","2026-04-15 11:28:07.802+0900","N","","","","MIN","4ACM4701","7.21","DESPOSITED","2026-04-15 11:28"
"4204","oht_time_avg","2026-04-15 11:28:07.802+0900","N","","","","MIN","4ACM4701","125.48","TRANSFERRING","2026-04-15 11:28"
"4203","oht_time_avg","2026-04-15 11:28:07.802+0900","N","","","","MIN","4ACM4701","31.94","ACQUIRED","2026-04-15 11:28"
"4202","oht_time_avg","2026-04-15 11:28:07.802+0900","N","","","","MIN","4ACM4701","10.69","ASSIGN","2026-04-15 11:28"
"4201","oht_time_avg","2026-04-15 11:28:07.802+0900","N","","","","MIN","4ACM4701","0.27","REP","2026-04-15 11:28"
"4212","oht_time_avg","2026-04-15 11:29:06.438+0900","N","","","","MIN","4ACM4701","0.0","COMPLETED","2026-04-15 11:29"
"4211","oht_time_avg","2026-04-15 11:29:06.438+0900","N","","","","MIN","4ACM4701","7.27","DESPOSITED","2026-04-15 11:29"
"4210","oht_time_avg","2026-04-15 11:29:06.438+0900","N","","","","MIN","4ACM4701","125.47","TRANSFERRING","2026-04-15 11:29"
"4209","oht_time_avg","2026-04-15 11:29:06.438+0900","N","","","","MIN","4ACM4701","31.82","ACQUIRED","2026-04-15 11:29"
"4208","oht_time_avg","2026-04-15 11:29:06.438+0900","N","","","","MIN","4ACM4701","9.42","ASSIGN","2026-04-15 11:29"
"4207","oht_time_avg","2026-04-15 11:29:06.438+0900","N","","","","MIN","4ACM4701","0.15","REP","2026-04-15 11:29"
"4218","oht_time_avg","2026-04-15 11:30:07.059+0900","N","","","","MIN","4ACM4701","3.6","COMPLETED","2026-04-15 11:30"
"4217","oht_time_avg","2026-04-15 11:30:07.059+0900","N","","","","MIN","4ACM4701","7.34","DESPOSITED","2026-04-15 11:30"
"4216","oht_time_avg","2026-04-15 11:30:07.059+0900","N","","","","MIN","4ACM4701","120.98","TRANSFERRING","2026-04-15 11:30"
"4215","oht_time_avg","2026-04-15 11:30:07.059+0900","N","","","","MIN","4ACM4701","30.38","ACQUIRED","2026-04-15 11:30"
"4214","oht_time_avg","2026-04-15 11:30:07.059+0900","N","","","","MIN","4ACM4701","11.35","ASSIGN","2026-04-15 11:30"
"4213","oht_time_avg","2026-04-15 11:30:07.059+0900","N","","","","MIN","4ACM4701","0.13","REP","2026-04-15 11:30"
"4224","oht_time_avg","2026-04-15 11:31:06.903+0900","N","","","","MIN","4ACM4701","0.0","COMPLETED","2026-04-15 11:31"
"4223","oht_time_avg","2026-04-15 11:31:06.903+0900","N","","","","MIN","4ACM4701","7.08","DESPOSITED","2026-04-15 11:31"
"4222","oht_time_avg","2026-04-15 11:31:06.903+0900","N","","","","MIN","4ACM4701","130.19","TRANSFERRING","2026-04-15 11:31"
"4221","oht_time_avg","2026-04-15 11:31:06.903+0900","N","","","","MIN","4ACM4701","30.99","ACQUIRED","2026-04-15 11:31"
"4220","oht_time_avg","2026-04-15 11:31:06.903+0900","N","","","","MIN","4ACM4701","10.04","ASSIGN","2026-04-15 11:31"
"4219","oht_time_avg","2026-04-15 11:31:06.903+0900","N","","","","MIN","4ACM4701","1.5","REP","2026-04-15 11:31"
"4230","oht_time_avg","2026-04-15 11:32:08.303+0900","N","","","","MIN","4ACM4701","0.0","COMPLETED","2026-04-15 11:32"
"4229","oht_time_avg","2026-04-15 11:32:08.303+0900","N","","","","MIN","4ACM4701","7.24","DESPOSITED","2026-04-15 11:32"
"4228","oht_time_avg","2026-04-15 11:32:08.303+0900","N","","","","MIN","4ACM4701","135.34","TRANSFERRING","2026-04-15 11:32"
"4227","oht_time_avg","2026-04-15 11:32:08.303+0900","N","","","","MIN","4ACM4701","29.66","ACQUIRED","2026-04-15 11:32"
"4226","oht_time_avg","2026-04-15 11:32:08.303+0900","N","","","","MIN","4ACM4701","9.73","ASSIGN","2026-04-15 11:32"
"4225","oht_time_avg","2026-04-15 11:32:08.303+0900","N","","","","MIN","4ACM4701","0.19","REP","2026-04-15 11:32"
"4236","oht_time_avg","2026-04-15 11:33:07.054+0900","N","","","","MIN","4ACM4701","0.0","COMPLETED","2026-04-15 11:33"
"4235","oht_time_avg","2026-04-15 11:33:07.054+0900","N","","","","MIN","4ACM4701","7.29","DESPOSITED","2026-04-15 11:33"
"4234","oht_time_avg","2026-04-15 11:33:07.054+0900","N","","","","MIN","4ACM4701","135.02","TRANSFERRING","2026-04-15 11:33"
"4233","oht_time_avg","2026-04-15 11:33:07.054+0900","N","","","","MIN","4ACM4701","30.95","ACQUIRED","2026-04-15 11:33"
"4232","oht_time_avg","2026-04-15 11:33:07.054+0900","N","","","","MIN","4ACM4701","8.47","ASSIGN","2026-04-15 11:33"
"4231","oht_time_avg","2026-04-15 11:33:07.054+0900","N","","","","MIN","4ACM4701","0.79","REP","2026-04-15 11:33"
"4242","oht_time_avg","2026-04-15 11:34:06.783+0900","N","","","","MIN","4ACM4701","0.0","COMPLETED","2026-04-15 11:34"
"4241","oht_time_avg","2026-04-15 11:34:06.783+0900","N","","","","MIN","4ACM4701","7.26","DESPOSITED","2026-04-15 11:34"
"4240","oht_time_avg","2026-04-15 11:34:06.783+0900","N","","","","MIN","4ACM4701","130.95","TRANSFERRING","2026-04-15 11:34"
"4239","oht_time_avg","2026-04-15 11:34:06.783+0900","N","","","","MIN","4ACM4701","30.8","ACQUIRED","2026-04-15 11:34"
"4238","oht_time_avg","2026-04-15 11:34:06.783+0900","N","","","","MIN","4ACM4701","10.73","ASSIGN","2026-04-15 11:34"
"4237","oht_time_avg","2026-04-15 11:34:06.783+0900","N","","","","MIN","4ACM4701","0.17","REP","2026-04-15 11:34"
"4248","oht_time_avg","2026-04-15 11:35:06.748+0900","N","","","","MIN","4ACM4701","0.0","COMPLETED","2026-04-15 11:35"
"4247","oht_time_avg","2026-04-15 11:35:06.748+0900","N","","","","MIN","4ACM4701","7.35","DESPOSITED","2026-04-15 11:35"
"4246","oht_time_avg","2026-04-15 11:35:06.748+0900","N","","","","MIN","4ACM4701","126.38","TRANSFERRING","2026-04-15 11:35"
"4245","oht_time_avg","2026-04-15 11:35:06.748+0900","N","","","","MIN","4ACM4701","31.95","ACQUIRED","2026-04-15 11:35"
"4244","oht_time_avg","2026-04-15 11:35:06.748+0900","N","","","","MIN","4ACM4701","12.04","ASSIGN","2026-04-15 11:35"
"4243","oht_time_avg","2026-04-15 11:35:06.748+0900","N","","","","MIN","4ACM4701","0.14","REP","2026-04-15 11:35"
"4254","oht_time_avg","2026-04-15 11:36:07.996+0900","N","","","","MIN","4ACM4701","0.0","COMPLETED","2026-04-15 11:36"
"4253","oht_time_avg","2026-04-15 11:36:07.996+0900","N","","","","MIN","4ACM4701","7.18","DESPOSITED","2026-04-15 11:36"
"4252","oht_time_avg","2026-04-15 11:36:07.996+0900","N","","","","MIN","4ACM4701","135.64","TRANSFERRING","2026-04-15 11:36"
"4251","oht_time_avg","2026-04-15 11:36:07.996+0900","N","","","","MIN","4ACM4701","33.55","ACQUIRED","2026-04-15 11:36"
"4250","oht_time_avg","2026-04-15 11:36:07.996+0900","N","","","","MIN","4ACM4701","10.23","ASSIGN","2026-04-15 11:36"
"4249","oht_time_avg","2026-04-15 11:36:07.996+0900","N","","","","MIN","4ACM4701","0.51","REP","2026-04-15 11:36"
"4260","oht_time_avg","2026-04-15 11:37:06.771+0900","N","","","","MIN","4ACM4701","0.0","COMPLETED","2026-04-15 11:37"
"4259","oht_time_avg","2026-04-15 11:37:06.771+0900","N","","","","MIN","4ACM4701","7.34","DESPOSITED","2026-04-15 11:37"
"4258","oht_time_avg","2026-04-15 11:37:06.771+0900","N","","","","MIN","4ACM4701","130.48","TRANSFERRING","2026-04-15 11:37"
"4257","oht_time_avg","2026-04-15 11:37:06.771+0900","N","","","","MIN","4ACM4701","31.48","ACQUIRED","2026-04-15 11:37"
"4256","oht_time_avg","2026-04-15 11:37:06.771+0900","N","","","","MIN","4ACM4701","9.81","ASSIGN","2026-04-15 11:37"
"4255","oht_time_avg","2026-04-15 11:37:06.771+0900","N","","","","MIN","4ACM4701","0.42","REP","2026-04-15 11:37"
"4266","oht_time_avg","2026-04-15 11:38:06.824+0900","N","","","","MIN","4ACM4701","0.0","COMPLETED","2026-04-15 11:38"
"4265","oht_time_avg","2026-04-15 11:38:06.824+0900","N","","","","MIN","4ACM4701","7.32","DESPOSITED","2026-04-15 11:38"
"4264","oht_time_avg","2026-04-15 11:38:06.824+0900","N","","","","MIN","4ACM4701","130.67","TRANSFERRING","2026-04-15 11:38"
"4263","oht_time_avg","2026-04-15 11:38:06.824+0900","N","","","","MIN","4ACM4701","31.24","ACQUIRED","2026-04-15 11:38"
"4262","oht_time_avg","2026-04-15 11:38:06.824+0900","N","","","","MIN","4ACM4701","12.57","ASSIGN","2026-04-15 11:38"
"4261","oht_time_avg","2026-04-15 11:38:06.824+0900","N","","","","MIN","4ACM4701","1.58","REP","2026-04-15 11:38"
"4272","oht_time_avg","2026-04-15 11:39:06.760+0900","N","","","","MIN","4ACM4701","0.0","COMPLETED","2026-04-15 11:39"
"4271","oht_time_avg","2026-04-15 11:39:06.760+0900","N","","","","MIN","4ACM4701","7.25","DESPOSITED","2026-04-15 11:39"
"4270","oht_time_avg","2026-04-15 11:39:06.760+0900","N","","","","MIN","4ACM4701","127.19","TRANSFERRING","2026-04-15 11:39"
"4269","oht_time_avg","2026-04-15 11:39:06.760+0900","N","","","","MIN","4ACM4701","33.87","ACQUIRED","2026-04-15 11:39"
"4268","oht_time_avg","2026-04-15 11:39:06.760+0900","N","","","","MIN","4ACM4701","9.19","ASSIGN","2026-04-15 11:39"
"4267","oht_time_avg","2026-04-15 11:39:06.760+0900","N","","","","MIN","4ACM4701","1.75","REP","2026-04-15 11:39"
"4278","oht_time_avg","2026-04-15 11:40:07.937+0900","N","","","","MIN","4ACM4701","0.0","COMPLETED","2026-04-15 11:40"
"4277","oht_time_avg","2026-04-15 11:40:07.937+0900","N","","","","MIN","4ACM4701","7.32","DESPOSITED","2026-04-15 11:40"
"4276","oht_time_avg","2026-04-15 11:40:07.937+0900","N","","","","MIN","4ACM4701","135.95","TRANSFERRING","2026-04-15 11:40"
"4275","oht_time_avg","2026-04-15 11:40:07.937+0900","N","","","","MIN","4ACM4701","29.18","ACQUIRED","2026-04-15 11:40"
"4274","oht_time_avg","2026-04-15 11:40:07.937+0900","N","","","","MIN","4ACM4701","9.19","ASSIGN","2026-04-15 11:40"
"4273","oht_time_avg","2026-04-15 11:40:07.937+0900","N","","","","MIN","4ACM4701","0.16","REP","2026-04-15 11:40"
"4284","oht_time_avg","2026-04-15 11:41:07.370+0900","N","","","","MIN","4ACM4701","0.0","COMPLETED","2026-04-15 11:41"
"4283","oht_time_avg","2026-04-15 11:41:07.370+0900","N","","","","MIN","4ACM4701","7.23","DESPOSITED","2026-04-15 11:41"
"4282","oht_time_avg","2026-04-15 11:41:07.370+0900","N","","","","MIN","4ACM4701","120.42","TRANSFERRING","2026-04-15 11:41"
"4281","oht_time_avg","2026-04-15 11:41:07.370+0900","N","","","","MIN","4ACM4701","31.07","ACQUIRED","2026-04-15 11:41"
"4280","oht_time_avg","2026-04-15 11:41:07.370+0900","N","","","","MIN","4ACM4701","10.03","ASSIGN","2026-04-15 11:41"
"4279","oht_time_avg","2026-04-15 11:41:07.370+0900","N","","","","MIN","4ACM4701","0.35","REP","2026-04-15 11:41"
"4290","oht_time_avg","2026-04-15 11:42:07.074+0900","N","","","","MIN","4ACM4701","0.0","COMPLETED","2026-04-15 11:42"
"4289","oht_time_avg","2026-04-15 11:42:07.074+0900","N","","","","MIN","4ACM4701","7.26","DESPOSITED","2026-04-15 11:42"
"4288","oht_time_avg","2026-04-15 11:42:07.074+0900","N","","","","MIN","4ACM4701","136.72","TRANSFERRING","2026-04-15 11:42"
"4287","oht_time_avg","2026-04-15 11:42:07.074+0900","N","","","","MIN","4ACM4701","30.84","ACQUIRED","2026-04-15 11:42"
"4286","oht_time_avg","2026-04-15 11:42:07.074+0900","N","","","","MIN","4ACM4701","10.89","ASSIGN","2026-04-15 11:42"
"4285","oht_time_avg","2026-04-15 11:42:07.074+0900","N","","","","MIN","4ACM4701","2.41","REP","2026-04-15 11:42"
"4296","oht_time_avg","2026-04-15 11:43:07.775+0900","N","","","","MIN","4ACM4701","0.0","COMPLETED","2026-04-15 11:43"
"4295","oht_time_avg","2026-04-15 11:43:07.775+0900","N","","","","MIN","4ACM4701","7.18","DESPOSITED","2026-04-15 11:43"
"4294","oht_time_avg","2026-04-15 11:43:07.775+0900","N","","","","MIN","4ACM4701","125.88","TRANSFERRING","2026-04-15 11:43"
"4293","oht_time_avg","2026-04-15 11:43:07.775+0900","N","","","","MIN","4ACM4701","31.54","ACQUIRED","2026-04-15 11:43"
"4292","oht_time_avg","2026-04-15 11:43:07.775+0900","N","","","","MIN","4ACM4701","10.66","ASSIGN","2026-04-15 11:43"
"4291","oht_time_avg","2026-04-15 11:43:07.775+0900","N","","","","MIN","4ACM4701","0.17","REP","2026-04-15 11:43"
"4302","oht_time_avg","2026-04-15 11:44:07.327+0900","N","","","","MIN","4ACM4701","0.0","COMPLETED","2026-04-15 11:44"
"4301","oht_time_avg","2026-04-15 11:44:07.327+0900","N","","","","MIN","4ACM4701","7.42","DESPOSITED","2026-04-15 11:44"
"4300","oht_time_avg","2026-04-15 11:44:07.327+0900","N","","","","MIN","4ACM4701","127.04","TRANSFERRING","2026-04-15 11:44"
"4299","oht_time_avg","2026-04-15 11:44:07.327+0900","N","","","","MIN","4ACM4701","31.06","ACQUIRED","2026-04-15 11:44"
"4298","oht_time_avg","2026-04-15 11:44:07.327+0900","N","","","","MIN","4ACM4701","10.07","ASSIGN","2026-04-15 11:44"
"4297","oht_time_avg","2026-04-15 11:44:07.327+0900","N","","","","MIN","4ACM4701","0.16","REP","2026-04-15 11:44"
"4308","oht_time_avg","2026-04-15 11:45:08.575+0900","N","","","","MIN","4ACM4701","0.0","COMPLETED","2026-04-15 11:45"
"4307","oht_time_avg","2026-04-15 11:45:08.575+0900","N","","","","MIN","4ACM4701","7.36","DESPOSITED","2026-04-15 11:45"
"4306","oht_time_avg","2026-04-15 11:45:08.575+0900","N","","","","MIN","4ACM4701","127.99","TRANSFERRING","2026-04-15 11:45"
"4305","oht_time_avg","2026-04-15 11:45:08.575+0900","N","","","","MIN","4ACM4701","29.45","ACQUIRED","2026-04-15 11:45"
"4304","oht_time_avg","2026-04-15 11:45:08.575+0900","N","","","","MIN","4ACM4701","10.81","ASSIGN","2026-04-15 11:45"
"4303","oht_time_avg","2026-04-15 11:45:08.575+0900","N","","","","MIN","4ACM4701","0.16","REP","2026-04-15 11:45"
"4314","oht_time_avg","2026-04-15 11:46:07.880+0900","N","","","","MIN","4ACM4701","0.0","COMPLETED","2026-04-15 11:46"
"4313","oht_time_avg","2026-04-15 11:46:07.880+0900","N","","","","MIN","4ACM4701","7.39","DESPOSITED","2026-04-15 11:46"
"4312","oht_time_avg","2026-04-15 11:46:07.880+0900","N","","","","MIN","4ACM4701","119.32","TRANSFERRING","2026-04-15 11:46"
"4311","oht_time_avg","2026-04-15 11:46:07.880+0900","N","","","","MIN","4ACM4701","30.83","ACQUIRED","2026-04-15 11:46"
"4310","oht_time_avg","2026-04-15 11:46:07.880+0900","N","","","","MIN","4ACM4701","9.27","ASSIGN","2026-04-15 11:46"
"4309","oht_time_avg","2026-04-15 11:46:07.880+0900","N","","","","MIN","4ACM4701","0.17","REP","2026-04-15 11:46"
"4320","oht_time_avg","2026-04-15 11:47:06.813+0900","N","","","","MIN","4ACM4701","0.0","COMPLETED","2026-04-15 11:47"
"4319","oht_time_avg","2026-04-15 11:47:06.813+0900","N","","","","MIN","4ACM4701","7.19","DESPOSITED","2026-04-15 11:47"
"4318","oht_time_avg","2026-04-15 11:47:06.813+0900","N","","","","MIN","4ACM4701","131.13","TRANSFERRING","2026-04-15 11:47"
"4317","oht_time_avg","2026-04-15 11:47:06.813+0900","N","","","","MIN","4ACM4701","29.63","ACQUIRED","2026-04-15 11:47"
"4316","oht_time_avg","2026-04-15 11:47:06.813+0900","N","","","","MIN","4ACM4701","9.91","ASSIGN","2026-04-15 11:47"
"4315","oht_time_avg","2026-04-15 11:47:06.813+0900","N","","","","MIN","4ACM4701","0.14","REP","2026-04-15 11:47"
"4326","oht_time_avg","2026-04-15 11:48:06.780+0900","N","","","","MIN","4ACM4701","0.0","COMPLETED","2026-04-15 11:48"
"4325","oht_time_avg","2026-04-15 11:48:06.780+0900","N","","","","MIN","4ACM4701","7.22","DESPOSITED","2026-04-15 11:48"
"4324","oht_time_avg","2026-04-15 11:48:06.780+0900","N","","","","MIN","4ACM4701","128.45","TRANSFERRING","2026-04-15 11:48"
"4323","oht_time_avg","2026-04-15 11:48:06.780+0900","N","","","","MIN","4ACM4701","29.47","ACQUIRED","2026-04-15 11:48"
"4322","oht_time_avg","2026-04-15 11:48:06.780+0900","N","","","","MIN","4ACM4701","10.09","ASSIGN","2026-04-15 11:48"
"4321","oht_time_avg","2026-04-15 11:48:06.780+0900","N","","","","MIN","4ACM4701","0.16","REP","2026-04-15 11:48"
"4332","oht_time_avg","2026-04-15 11:49:07.765+0900","N","","","","MIN","4ACM4701","0.0","COMPLETED","2026-04-15 11:49"
"4331","oht_time_avg","2026-04-15 11:49:07.765+0900","N","","","","MIN","4ACM4701","7.32","DESPOSITED","2026-04-15 11:49"
"4330","oht_time_avg","2026-04-15 11:49:07.765+0900","N","","","","MIN","4ACM4701","127.52","TRANSFERRING","2026-04-15 11:49"
"4329","oht_time_avg","2026-04-15 11:49:07.765+0900","N","","","","MIN","4ACM4701","29.94","ACQUIRED","2026-04-15 11:49"
"4328","oht_time_avg","2026-04-15 11:49:07.765+0900","N","","","","MIN","4ACM4701","10.97","ASSIGN","2026-04-15 11:49"
"4327","oht_time_avg","2026-04-15 11:49:07.765+0900","N","","","","MIN","4ACM4701","0.16","REP","2026-04-15 11:49"
"4338","oht_time_avg","2026-04-15 11:50:07.125+0900","N","","","","MIN","4ACM4701","0.0","COMPLETED","2026-04-15 11:50"
"4337","oht_time_avg","2026-04-15 11:50:07.125+0900","N","","","","MIN","4ACM4701","6.98","DESPOSITED","2026-04-15 11:50"
"4336","oht_time_avg","2026-04-15 11:50:07.125+0900","N","","","","MIN","4ACM4701","121.37","TRANSFERRING","2026-04-15 11:50"
"4335","oht_time_avg","2026-04-15 11:50:07.125+0900","N","","","","MIN","4ACM4701","30.74","ACQUIRED","2026-04-15 11:50"
"4334","oht_time_avg","2026-04-15 11:50:07.125+0900","N","","","","MIN","4ACM4701","9.39","ASSIGN","2026-04-15 11:50"
"4333","oht_time_avg","2026-04-15 11:50:07.125+0900","N","","","","MIN","4ACM4701","0.9","REP","2026-04-15 11:50"
"4344","oht_time_avg","2026-04-15 11:51:06.861+0900","N","","","","MIN","4ACM4701","0.0","COMPLETED","2026-04-15 11:51"
"4343","oht_time_avg","2026-04-15 11:51:06.861+0900","N","","","","MIN","4ACM4701","7.1","DESPOSITED","2026-04-15 11:51"
"4342","oht_time_avg","2026-04-15 11:51:06.861+0900","N","","","","MIN","4ACM4701","121.63","TRANSFERRING","2026-04-15 11:51"
"4341","oht_time_avg","2026-04-15 11:51:06.861+0900","N","","","","MIN","4ACM4701","30.11","ACQUIRED","2026-04-15 11:51"
"4340","oht_time_avg","2026-04-15 11:51:06.861+0900","N","","","","MIN","4ACM4701","9.19","ASSIGN","2026-04-15 11:51"
"4339","oht_time_avg","2026-04-15 11:51:06.861+0900","N","","","","MIN","4ACM4701","0.14","REP","2026-04-15 11:51"
"4350","oht_time_avg","2026-04-15 11:52:07.749+0900","N","","","","MIN","4ACM4701","0.0","COMPLETED","2026-04-15 11:52"
"4349","oht_time_avg","2026-04-15 11:52:07.749+0900","N","","","","MIN","4ACM4701","7.37","DESPOSITED","2026-04-15 11:52"
"4348","oht_time_avg","2026-04-15 11:52:07.749+0900","N","","","","MIN","4ACM4701","133.7","TRANSFERRING","2026-04-15 11:52"
"4347","oht_time_avg","2026-04-15 11:52:07.749+0900","N","","","","MIN","4ACM4701","32.4","ACQUIRED","2026-04-15 11:52"
"4346","oht_time_avg","2026-04-15 11:52:07.749+0900","N","","","","MIN","4ACM4701","10.7","ASSIGN","2026-04-15 11:52"
"4345","oht_time_avg","2026-04-15 11:52:07.749+0900","N","","","","MIN","4ACM4701","0.16","REP","2026-04-15 11:52"
"4356","oht_time_avg","2026-04-15 11:53:06.894+0900","N","","","","MIN","4ACM4701","0.0","COMPLETED","2026-04-15 11:53"
"4355","oht_time_avg","2026-04-15 11:53:06.894+0900","N","","","","MIN","4ACM4701","7.1","DESPOSITED","2026-04-15 11:53"
"4354","oht_time_avg","2026-04-15 11:53:06.894+0900","N","","","","MIN","4ACM4701","131.5","TRANSFERRING","2026-04-15 11:53"
"4353","oht_time_avg","2026-04-15 11:53:06.894+0900","N","","","","MIN","4ACM4701","36.12","ACQUIRED","2026-04-15 11:53"
"4352","oht_time_avg","2026-04-15 11:53:06.894+0900","N","","","","MIN","4ACM4701","15.1","ASSIGN","2026-04-15 11:53"
"4351","oht_time_avg","2026-04-15 11:53:06.894+0900","N","","","","MIN","4ACM4701","0.15","REP","2026-04-15 11:53"
"4362","oht_time_avg","2026-04-15 11:54:07.641+0900","N","","","","MIN","4ACM4701","0.0","COMPLETED","2026-04-15 11:54"
"4361","oht_time_avg","2026-04-15 11:54:07.641+0900","N","","","","MIN","4ACM4701","7.36","DESPOSITED","2026-04-15 11:54"
"4360","oht_time_avg","2026-04-15 11:54:07.641+0900","N","","","","MIN","4ACM4701","135.58","TRANSFERRING","2026-04-15 11:54"
"4359","oht_time_avg","2026-04-15 11:54:07.641+0900","N","","","","MIN","4ACM4701","31.35","ACQUIRED","2026-04-15 11:54"
"4358","oht_time_avg","2026-04-15 11:54:07.641+0900","N","","","","MIN","4ACM4701","12.11","ASSIGN","2026-04-15 11:54"
"4357","oht_time_avg","2026-04-15 11:54:07.641+0900","N","","","","MIN","4ACM4701","1.8","REP","2026-04-15 11:54"
"4368","oht_time_avg","2026-04-15 11:55:07.725+0900","N","","","","MIN","4ACM4701","0.0","COMPLETED","2026-04-15 11:55"
"4367","oht_time_avg","2026-04-15 11:55:07.725+0900","N","","","","MIN","4ACM4701","7.33","DESPOSITED","2026-04-15 11:55"
"4366","oht_time_avg","2026-04-15 11:55:07.725+0900","N","","","","MIN","4ACM4701","138.42","TRANSFERRING","2026-04-15 11:55"
"4365","oht_time_avg","2026-04-15 11:55:07.725+0900","N","","","","MIN","4ACM4701","30.4","ACQUIRED","2026-04-15 11:55"
"4364","oht_time_avg","2026-04-15 11:55:07.725+0900","N","","","","MIN","4ACM4701","12.13","ASSIGN","2026-04-15 11:55"
"4363","oht_time_avg","2026-04-15 11:55:07.725+0900","N","","","","MIN","4ACM4701","0.59","REP","2026-04-15 11:55"
"4374","oht_time_avg","2026-04-15 11:56:07.173+0900","N","","","","MIN","4ACM4701","0.0","COMPLETED","2026-04-15 11:56"
"4373","oht_time_avg","2026-04-15 11:56:07.173+0900","N","","","","MIN","4ACM4701","7.17","DESPOSITED","2026-04-15 11:56"
"4372","oht_time_avg","2026-04-15 11:56:07.173+0900","N","","","","MIN","4ACM4701","142.35","TRANSFERRING","2026-04-15 11:56"
"4371","oht_time_avg","2026-04-15 11:56:07.173+0900","N","","","","MIN","4ACM4701","30.62","ACQUIRED","2026-04-15 11:56"
"4370","oht_time_avg","2026-04-15 11:56:07.173+0900","N","","","","MIN","4ACM4701","11.05","ASSIGN","2026-04-15 11:56"
"4369","oht_time_avg","2026-04-15 11:56:07.173+0900","N","","","","MIN","4ACM4701","0.17","REP","2026-04-15 11:56"
"4380","oht_time_avg","2026-04-15 11:57:07.188+0900","N","","","","MIN","4ACM4701","0.0","COMPLETED","2026-04-15 11:57"
"4379","oht_time_avg","2026-04-15 11:57:07.188+0900","N","","","","MIN","4ACM4701","7.34","DESPOSITED","2026-04-15 11:57"
"4378","oht_time_avg","2026-04-15 11:57:07.188+0900","N","","","","MIN","4ACM4701","133.63","TRANSFERRING","2026-04-15 11:57"
"4377","oht_time_avg","2026-04-15 11:57:07.188+0900","N","","","","MIN","4ACM4701","30.36","ACQUIRED","2026-04-15 11:57"
"4376","oht_time_avg","2026-04-15 11:57:07.188+0900","N","","","","MIN","4ACM4701","10.9","ASSIGN","2026-04-15 11:57"
"4375","oht_time_avg","2026-04-15 11:57:07.188+0900","N","","","","MIN","4ACM4701","0.16","REP","2026-04-15 11:57"
"4386","oht_time_avg","2026-04-15 11:58:08.149+0900","N","","","","MIN","4ACM4701","0.0","COMPLETED","2026-04-15 11:58"
"4385","oht_time_avg","2026-04-15 11:58:08.149+0900","N","","","","MIN","4ACM4701","7.33","DESPOSITED","2026-04-15 11:58"
"4384","oht_time_avg","2026-04-15 11:58:08.149+0900","N","","","","MIN","4ACM4701","137.25","TRANSFERRING","2026-04-15 11:58"
"4383","oht_time_avg","2026-04-15 11:58:08.149+0900","N","","","","MIN","4ACM4701","33.43","ACQUIRED","2026-04-15 11:58"
"4382","oht_time_avg","2026-04-15 11:58:08.149+0900","N","","","","MIN","4ACM4701","11.47","ASSIGN","2026-04-15 11:58"
"4381","oht_time_avg","2026-04-15 11:58:08.149+0900","N","","","","MIN","4ACM4701","0.17","REP","2026-04-15 11:58"
"4392","oht_time_avg","2026-04-15 11:59:07.730+0900","N","","","","MIN","4ACM4701","0.0","COMPLETED","2026-04-15 11:59"
"4391","oht_time_avg","2026-04-15 11:59:07.730+0900","N","","","","MIN","4ACM4701","7.26","DESPOSITED","2026-04-15 11:59"
"4390","oht_time_avg","2026-04-15 11:59:07.730+0900","N","","","","MIN","4ACM4701","127.71","TRANSFERRING","2026-04-15 11:59"
"4389","oht_time_avg","2026-04-15 11:59:07.730+0900","N","","","","MIN","4ACM4701","33.42","ACQUIRED","2026-04-15 11:59"
"4388","oht_time_avg","2026-04-15 11:59:07.730+0900","N","","","","MIN","4ACM4701","11.9","ASSIGN","2026-04-15 11:59"
"4387","oht_time_avg","2026-04-15 11:59:07.730+0900","N","","","","MIN","4ACM4701","0.33","REP","2026-04-15 11:59"
"4398","oht_time_avg","2026-04-15 12:00:07.364+0900","N","","","","MIN","4ACM4701","0.0","COMPLETED","2026-04-15 12:00"
"4397","oht_time_avg","2026-04-15 12:00:07.364+0900","N","","","","MIN","4ACM4701","7.42","DESPOSITED","2026-04-15 12:00"
"4396","oht_time_avg","2026-04-15 12:00:07.364+0900","N","","","","MIN","4ACM4701","132.65","TRANSFERRING","2026-04-15 12:00"
"4395","oht_time_avg","2026-04-15 12:00:07.364+0900","N","","","","MIN","4ACM4701","31.54","ACQUIRED","2026-04-15 12:00"
"4394","oht_time_avg","2026-04-15 12:00:07.364+0900","N","","","","MIN","4ACM4701","11.67","ASSIGN","2026-04-15 12:00"
"4393","oht_time_avg","2026-04-15 12:00:07.364+0900","N","","","","MIN","4ACM4701","0.21","REP","2026-04-15 12:00"
"4404","oht_time_avg","2026-04-15 12:01:08.844+0900","N","","","","MIN","4ACM4701","0.0","COMPLETED","2026-04-15 12:01"
"4403","oht_time_avg","2026-04-15 12:01:08.844+0900","N","","","","MIN","4ACM4701","7.34","DESPOSITED","2026-04-15 12:01"
"4402","oht_time_avg","2026-04-15 12:01:08.844+0900","N","","","","MIN","4ACM4701","136.02","TRANSFERRING","2026-04-15 12:01"
"4401","oht_time_avg","2026-04-15 12:01:08.844+0900","N","","","","MIN","4ACM4701","31.76","ACQUIRED","2026-04-15 12:01"
"4400","oht_time_avg","2026-04-15 12:01:08.844+0900","N","","","","MIN","4ACM4701","10.11","ASSIGN","2026-04-15 12:01"
"4399","oht_time_avg","2026-04-15 12:01:08.844+0900","N","","","","MIN","4ACM4701","0.16","REP","2026-04-15 12:01"
"4410","oht_time_avg","2026-04-15 12:01:09.207+0900","N","","","","HOUR","4ACM4701","0.0","COMPLETED","2026-04-15 12:00"
"4409","oht_time_avg","2026-04-15 12:01:09.207+0900","N","","","","HOUR","4ACM4701","7.1","DESPOSITED","2026-04-15 12:00"
"4408","oht_time_avg","2026-04-15 12:01:09.207+0900","N","","","","HOUR","4ACM4701","130.11","TRANSFERRING","2026-04-15 12:00"
"4407","oht_time_avg","2026-04-15 12:01:09.207+0900","N","","","","HOUR","4ACM4701","31.51","ACQUIRED","2026-04-15 12:00"
"4406","oht_time_avg","2026-04-15 12:01:09.207+0900","N","","","","HOUR","4ACM4701","11.0","ASSIGN","2026-04-15 12:00"
"4405","oht_time_avg","2026-04-15 12:01:09.207+0900","N","","","","HOUR","4ACM4701","0.16","REP","2026-04-15 12:00"
"4416","oht_time_avg","2026-04-15 12:02:07.976+0900","N","","","","MIN","4ACM4701","0.0","COMPLETED","2026-04-15 12:02"
"4415","oht_time_avg","2026-04-15 12:02:07.976+0900","N","","","","MIN","4ACM4701","7.28","DESPOSITED","2026-04-15 12:02"
"4414","oht_time_avg","2026-04-15 12:02:07.976+0900","N","","","","MIN","4ACM4701","138.15","TRANSFERRING","2026-04-15 12:02"
"4413","oht_time_avg","2026-04-15 12:02:07.976+0900","N","","","","MIN","4ACM4701","30.55","ACQUIRED","2026-04-15 12:02"
"4412","oht_time_avg","2026-04-15 12:02:07.976+0900","N","","","","MIN","4ACM4701","10.41","ASSIGN","2026-04-15 12:02"
"4411","oht_time_avg","2026-04-15 12:02:07.976+0900","N","","","","MIN","4ACM4701","0.18","REP","2026-04-15 12:02"
"4422","oht_time_avg","2026-04-15 12:03:07.873+0900","N","","","","MIN","4ACM4701","0.0","COMPLETED","2026-04-15 12:03"
"4421","oht_time_avg","2026-04-15 12:03:07.873+0900","N","","","","MIN","4ACM4701","6.93","DESPOSITED","2026-04-15 12:03"
"4420","oht_time_avg","2026-04-15 12:03:07.873+0900","N","","","","MIN","4ACM4701","142.45","TRANSFERRING","2026-04-15 12:03"
"4419","oht_time_avg","2026-04-15 12:03:07.873+0900","N","","","","MIN","4ACM4701","30.39","ACQUIRED","2026-04-15 12:03"
"4418","oht_time_avg","2026-04-15 12:03:07.873+0900","N","","","","MIN","4ACM4701","10.2","ASSIGN","2026-04-15 12:03"
"4417","oht_time_avg","2026-04-15 12:03:07.873+0900","N","","","","MIN","4ACM4701","0.17","REP","2026-04-15 12:03"
"4428","oht_time_avg","2026-04-15 12:04:07.277+0900","N","","","","MIN","4ACM4701","0.0","COMPLETED","2026-04-15 12:04"
"4427","oht_time_avg","2026-04-15 12:04:07.277+0900","N","","","","MIN","4ACM4701","7.39","DESPOSITED","2026-04-15 12:04"
"4426","oht_time_avg","2026-04-15 12:04:07.277+0900","N","","","","MIN","4ACM4701","133.37","TRANSFERRING","2026-04-15 12:04"
"4425","oht_time_avg","2026-04-15 12:04:07.277+0900","N","","","","MIN","4ACM4701","33.2","ACQUIRED","2026-04-15 12:04"
"4424","oht_time_avg","2026-04-15 12:04:07.277+0900","N","","","","MIN","4ACM4701","11.22","ASSIGN","2026-04-15 12:04"
"4423","oht_time_avg","2026-04-15 12:04:07.277+0900","N","","","","MIN","4ACM4701","0.74","REP","2026-04-15 12:04"
"4434","oht_time_avg","2026-04-15 12:05:08.642+0900","N","","","","MIN","4ACM4701","0.0","COMPLETED","2026-04-15 12:05"
"4433","oht_time_avg","2026-04-15 12:05:08.642+0900","N","","","","MIN","4ACM4701","7.19","DESPOSITED","2026-04-15 12:05"
"4432","oht_time_avg","2026-04-15 12:05:08.642+0900","N","","","","MIN","4ACM4701","130.59","TRANSFERRING","2026-04-15 12:05"
"4431","oht_time_avg","2026-04-15 12:05:08.642+0900","N","","","","MIN","4ACM4701","33.6","ACQUIRED","2026-04-15 12:05"
"4430","oht_time_avg","2026-04-15 12:05:08.642+0900","N","","","","MIN","4ACM4701","12.64","ASSIGN","2026-04-15 12:05"
"4429","oht_time_avg","2026-04-15 12:05:08.642+0900","N","","","","MIN","4ACM4701","0.12","REP","2026-04-15 12:05"
"4440","oht_time_avg","2026-04-15 12:06:06.769+0900","N","","","","MIN","4ACM4701","0.0","COMPLETED","2026-04-15 12:06"
"4439","oht_time_avg","2026-04-15 12:06:06.769+0900","N","","","","MIN","4ACM4701","7.18","DESPOSITED","2026-04-15 12:06"
"4438","oht_time_avg","2026-04-15 12:06:06.769+0900","N","","","","MIN","4ACM4701","132.5","TRANSFERRING","2026-04-15 12:06"
"4437","oht_time_avg","2026-04-15 12:06:06.769+0900","N","","","","MIN","4ACM4701","29.89","ACQUIRED","2026-04-15 12:06"
"4436","oht_time_avg","2026-04-15 12:06:06.769+0900","N","","","","MIN","4ACM4701","11.51","ASSIGN","2026-04-15 12:06"
"4435","oht_time_avg","2026-04-15 12:06:06.769+0900","N","","","","MIN","4ACM4701","0.16","REP","2026-04-15 12:06"
"4446","oht_time_avg","2026-04-15 12:07:08.342+0900","N","","","","MIN","4ACM4701","0.0","COMPLETED","2026-04-15 12:07"
"4445","oht_time_avg","2026-04-15 12:07:08.342+0900","N","","","","MIN","4ACM4701","7.27","DESPOSITED","2026-04-15 12:07"
"4444","oht_time_avg","2026-04-15 12:07:08.342+0900","N","","","","MIN","4ACM4701","134.2","TRANSFERRING","2026-04-15 12:07"
"4443","oht_time_avg","2026-04-15 12:07:08.342+0900","N","","","","MIN","4ACM4701","31.94","ACQUIRED","2026-04-15 12:07"
"4442","oht_time_avg","2026-04-15 12:07:08.342+0900","N","","","","MIN","4ACM4701","12.17","ASSIGN","2026-04-15 12:07"
"4441","oht_time_avg","2026-04-15 12:07:08.342+0900","N","","","","MIN","4ACM4701","0.62","REP","2026-04-15 12:07"
"4452","oht_time_avg","2026-04-15 12:08:07.245+0900","N","","","","MIN","4ACM4701","0.0","COMPLETED","2026-04-15 12:08"
"4451","oht_time_avg","2026-04-15 12:08:07.245+0900","N","","","","MIN","4ACM4701","7.49","DESPOSITED","2026-04-15 12:08"
"4450","oht_time_avg","2026-04-15 12:08:07.245+0900","N","","","","MIN","4ACM4701","132.11","TRANSFERRING","2026-04-15 12:08"
"4449","oht_time_avg","2026-04-15 12:08:07.245+0900","N","","","","MIN","4ACM4701","32.45","ACQUIRED","2026-04-15 12:08"
"4448","oht_time_avg","2026-04-15 12:08:07.245+0900","N","","","","MIN","4ACM4701","11.13","ASSIGN","2026-04-15 12:08"
"4447","oht_time_avg","2026-04-15 12:08:07.245+0900","N","","","","MIN","4ACM4701","1.23","REP","2026-04-15 12:08"
"4458","oht_time_avg","2026-04-15 12:09:06.866+0900","N","","","","MIN","4ACM4701","0.0","COMPLETED","2026-04-15 12:09"
"4457","oht_time_avg","2026-04-15 12:09:06.866+0900","N","","","","MIN","4ACM4701","7.34","DESPOSITED","2026-04-15 12:09"
"4456","oht_time_avg","2026-04-15 12:09:06.866+0900","N","","","","MIN","4ACM4701","128.83","TRANSFERRING","2026-04-15 12:09"
"4455","oht_time_avg","2026-04-15 12:09:06.866+0900","N","","","","MIN","4ACM4701","31.39","ACQUIRED","2026-04-15 12:09"
"4454","oht_time_avg","2026-04-15 12:09:06.866+0900","N","","","","MIN","4ACM4701","11.9","ASSIGN","2026-04-15 12:09"
"4453","oht_time_avg","2026-04-15 12:09:06.866+0900","N","","","","MIN","4ACM4701","0.73","REP","2026-04-15 12:09"
"4464","oht_time_avg","2026-04-15 12:10:06.976+0900","N","","","","MIN","4ACM4701","0.0","COMPLETED","2026-04-15 12:10"
"4463","oht_time_avg","2026-04-15 12:10:06.976+0900","N","","","","MIN","4ACM4701","7.44","DESPOSITED","2026-04-15 12:10"
"4462","oht_time_avg","2026-04-15 12:10:06.976+0900","N","","","","MIN","4ACM4701","126.26","TRANSFERRING","2026-04-15 12:10"
"4461","oht_time_avg","2026-04-15 12:10:06.976+0900","N","","","","MIN","4ACM4701","29.61","ACQUIRED","2026-04-15 12:10"
"4460","oht_time_avg","2026-04-15 12:10:06.976+0900","N","","","","MIN","4ACM4701","10.82","ASSIGN","2026-04-15 12:10"
"4459","oht_time_avg","2026-04-15 12:10:06.976+0900","N","","","","MIN","4ACM4701","0.16","REP","2026-04-15 12:10"
"4470","oht_time_avg","2026-04-15 12:11:06.891+0900","N","","","","MIN","4ACM4701","0.0","COMPLETED","2026-04-15 12:11"
"4469","oht_time_avg","2026-04-15 12:11:06.891+0900","N","","","","MIN","4ACM4701","7.35","DESPOSITED","2026-04-15 12:11"
"4468","oht_time_avg","2026-04-15 12:11:06.891+0900","N","","","","MIN","4ACM4701","130.33","TRANSFERRING","2026-04-15 12:11"
"4467","oht_time_avg","2026-04-15 12:11:06.891+0900","N","","","","MIN","4ACM4701","30.09","ACQUIRED","2026-04-15 12:11"
"4466","oht_time_avg","2026-04-15 12:11:06.891+0900","N","","","","MIN","4ACM4701","9.91","ASSIGN","2026-04-15 12:11"
"4465","oht_time_avg","2026-04-15 12:11:06.891+0900","N","","","","MIN","4ACM4701","0.16","REP","2026-04-15 12:11"
"4476","oht_time_avg","2026-04-15 12:12:06.598+0900","N","","","","MIN","4ACM4701","0.0","COMPLETED","2026-04-15 12:12"
"4475","oht_time_avg","2026-04-15 12:12:06.598+0900","N","","","","MIN","4ACM4701","7.1","DESPOSITED","2026-04-15 12:12"
"4474","oht_time_avg","2026-04-15 12:12:06.598+0900","N","","","","MIN","4ACM4701","128.78","TRANSFERRING","2026-04-15 12:12"
"4473","oht_time_avg","2026-04-15 12:12:06.598+0900","N","","","","MIN","4ACM4701","31.32","ACQUIRED","2026-04-15 12:12"
"4472","oht_time_avg","2026-04-15 12:12:06.598+0900","N","","","","MIN","4ACM4701","11.85","ASSIGN","2026-04-15 12:12"
"4471","oht_time_avg","2026-04-15 12:12:06.598+0900","N","","","","MIN","4ACM4701","0.2","REP","2026-04-15 12:12"
"4482","oht_time_avg","2026-04-15 12:13:08.033+0900","N","","","","MIN","4ACM4701","0.0","COMPLETED","2026-04-15 12:13"
"4481","oht_time_avg","2026-04-15 12:13:08.033+0900","N","","","","MIN","4ACM4701","7.08","DESPOSITED","2026-04-15 12:13"
"4480","oht_time_avg","2026-04-15 12:13:08.033+0900","N","","","","MIN","4ACM4701","124.58","TRANSFERRING","2026-04-15 12:13"
"4479","oht_time_avg","2026-04-15 12:13:08.033+0900","N","","","","MIN","4ACM4701","29.58","ACQUIRED","2026-04-15 12:13"
"4478","oht_time_avg","2026-04-15 12:13:08.033+0900","N","","","","MIN","4ACM4701","11.35","ASSIGN","2026-04-15 12:13"
"4477","oht_time_avg","2026-04-15 12:13:08.033+0900","N","","","","MIN","4ACM4701","0.2","REP","2026-04-15 12:13"
"4488","oht_time_avg","2026-04-15 12:14:06.917+0900","N","","","","MIN","4ACM4701","0.0","COMPLETED","2026-04-15 12:14"
"4487","oht_time_avg","2026-04-15 12:14:06.917+0900","N","","","","MIN","4ACM4701","7.05","DESPOSITED","2026-04-15 12:14"
"4486","oht_time_avg","2026-04-15 12:14:06.917+0900","N","","","","MIN","4ACM4701","134.22","TRANSFERRING","2026-04-15 12:14"
"4485","oht_time_avg","2026-04-15 12:14:06.917+0900","N","","","","MIN","4ACM4701","30.34","ACQUIRED","2026-04-15 12:14"
"4484","oht_time_avg","2026-04-15 12:14:06.917+0900","N","","","","MIN","4ACM4701","9.9","ASSIGN","2026-04-15 12:14"
"4483","oht_time_avg","2026-04-15 12:14:06.917+0900","N","","","","MIN","4ACM4701","0.16","REP","2026-04-15 12:14"
"4494","oht_time_avg","2026-04-15 12:15:07.030+0900","N","","","","MIN","4ACM4701","0.0","COMPLETED","2026-04-15 12:15"
"4493","oht_time_avg","2026-04-15 12:15:07.030+0900","N","","","","MIN","4ACM4701","7.04","DESPOSITED","2026-04-15 12:15"
"4492","oht_time_avg","2026-04-15 12:15:07.030+0900","N","","","","MIN","4ACM4701","133.69","TRANSFERRING","2026-04-15 12:15"
"4491","oht_time_avg","2026-04-15 12:15:07.030+0900","N","","","","MIN","4ACM4701","30.54","ACQUIRED","2026-04-15 12:15"
"4490","oht_time_avg","2026-04-15 12:15:07.030+0900","N","","","","MIN","4ACM4701","9.92","ASSIGN","2026-04-15 12:15"
"4489","oht_time_avg","2026-04-15 12:15:07.030+0900","N","","","","MIN","4ACM4701","0.17","REP","2026-04-15 12:15"
"4500","oht_time_avg","2026-04-15 12:16:06.616+0900","N","","","","MIN","4ACM4701","0.0","COMPLETED","2026-04-15 12:16"
"4499","oht_time_avg","2026-04-15 12:16:06.616+0900","N","","","","MIN","4ACM4701","7.07","DESPOSITED","2026-04-15 12:16"
"4498","oht_time_avg","2026-04-15 12:16:06.616+0900","N","","","","MIN","4ACM4701","124.15","TRANSFERRING","2026-04-15 12:16"
"4497","oht_time_avg","2026-04-15 12:16:06.616+0900","N","","","","MIN","4ACM4701","32.69","ACQUIRED","2026-04-15 12:16"
"4496","oht_time_avg","2026-04-15 12:16:06.616+0900","N","","","","MIN","4ACM4701","10.94","ASSIGN","2026-04-15 12:16"
"4495","oht_time_avg","2026-04-15 12:16:06.616+0900","N","","","","MIN","4ACM4701","0.19","REP","2026-04-15 12:16"
"4506","oht_time_avg","2026-04-15 12:17:06.704+0900","N","","","","MIN","4ACM4701","0.0","COMPLETED","2026-04-15 12:17"
"4505","oht_time_avg","2026-04-15 12:17:06.704+0900","N","","","","MIN","4ACM4701","7.26","DESPOSITED","2026-04-15 12:17"
"4504","oht_time_avg","2026-04-15 12:17:06.704+0900","N","","","","MIN","4ACM4701","132.67","TRANSFERRING","2026-04-15 12:17"
"4503","oht_time_avg","2026-04-15 12:17:06.704+0900","N","","","","MIN","4ACM4701","30.85","ACQUIRED","2026-04-15 12:17"
"4502","oht_time_avg","2026-04-15 12:17:06.704+0900","N","","","","MIN","4ACM4701","10.58","ASSIGN","2026-04-15 12:17"
"4501","oht_time_avg","2026-04-15 12:17:06.704+0900","N","","","","MIN","4ACM4701","0.17","REP","2026-04-15 12:17"
"4512","oht_time_avg","2026-04-15 12:18:06.355+0900","N","","","","MIN","4ACM4701","0.0","COMPLETED","2026-04-15 12:18"
"4511","oht_time_avg","2026-04-15 12:18:06.355+0900","N","","","","MIN","4ACM4701","7.12","DESPOSITED","2026-04-15 12:18"
"4510","oht_time_avg","2026-04-15 12:18:06.355+0900","N","","","","MIN","4ACM4701","126.79","TRANSFERRING","2026-04-15 12:18"
"4509","oht_time_avg","2026-04-15 12:18:06.355+0900","N","","","","MIN","4ACM4701","32.32","ACQUIRED","2026-04-15 12:18"
"4508","oht_time_avg","2026-04-15 12:18:06.355+0900","N","","","","MIN","4ACM4701","10.99","ASSIGN","2026-04-15 12:18"
"4507","oht_time_avg","2026-04-15 12:18:06.355+0900","N","","","","MIN","4ACM4701","0.18","REP","2026-04-15 12:18"
"4518","oht_time_avg","2026-04-15 12:19:08.420+0900","N","","","","MIN","4ACM4701","0.0","COMPLETED","2026-04-15 12:19"
"4517","oht_time_avg","2026-04-15 12:19:08.420+0900","N","","","","MIN","4ACM4701","7.06","DESPOSITED","2026-04-15 12:19"
"4516","oht_time_avg","2026-04-15 12:19:08.420+0900","N","","","","MIN","4ACM4701","139.89","TRANSFERRING","2026-04-15 12:19"
"4515","oht_time_avg","2026-04-15 12:19:08.420+0900","N","","","","MIN","4ACM4701","33.33","ACQUIRED","2026-04-15 12:19"
"4514","oht_time_avg","2026-04-15 12:19:08.420+0900","N","","","","MIN","4ACM4701","13.33","ASSIGN","2026-04-15 12:19"
"4513","oht_time_avg","2026-04-15 12:19:08.420+0900","N","","","","MIN","4ACM4701","0.22","REP","2026-04-15 12:19"
"4524","oht_time_avg","2026-04-15 12:20:06.843+0900","N","","","","MIN","4ACM4701","0.0","COMPLETED","2026-04-15 12:20"
"4523","oht_time_avg","2026-04-15 12:20:06.843+0900","N","","","","MIN","4ACM4701","7.05","DESPOSITED","2026-04-15 12:20"
"4522","oht_time_avg","2026-04-15 12:20:06.843+0900","N","","","","MIN","4ACM4701","132.67","TRANSFERRING","2026-04-15 12:20"
"4521","oht_time_avg","2026-04-15 12:20:06.843+0900","N","","","","MIN","4ACM4701","32.77","ACQUIRED","2026-04-15 12:20"
"4520","oht_time_avg","2026-04-15 12:20:06.843+0900","N","","","","MIN","4ACM4701","15.82","ASSIGN","2026-04-15 12:20"
"4519","oht_time_avg","2026-04-15 12:20:06.843+0900","N","","","","MIN","4ACM4701","0.2","REP","2026-04-15 12:20"
"4530","oht_time_avg","2026-04-15 12:21:07.155+0900","N","","","","MIN","4ACM4701","0.0","COMPLETED","2026-04-15 12:21"
"4529","oht_time_avg","2026-04-15 12:21:07.155+0900","N","","","","MIN","4ACM4701","7.33","DESPOSITED","2026-04-15 12:21"
"4528","oht_time_avg","2026-04-15 12:21:07.155+0900","N","","","","MIN","4ACM4701","137.38","TRANSFERRING","2026-04-15 12:21"
"4527","oht_time_avg","2026-04-15 12:21:07.155+0900","N","","","","MIN","4ACM4701","33.06","ACQUIRED","2026-04-15 12:21"
"4526","oht_time_avg","2026-04-15 12:21:07.155+0900","N","","","","MIN","4ACM4701","14.71","ASSIGN","2026-04-15 12:21"
"4525","oht_time_avg","2026-04-15 12:21:07.155+0900","N","","","","MIN","4ACM4701","0.16","REP","2026-04-15 12:21"
"4536","oht_time_avg","2026-04-15 12:22:06.723+0900","N","","","","MIN","4ACM4701","0.0","COMPLETED","2026-04-15 12:22"
"4535","oht_time_avg","2026-04-15 12:22:06.723+0900","N","","","","MIN","4ACM4701","7.21","DESPOSITED","2026-04-15 12:22"
"4534","oht_time_avg","2026-04-15 12:22:06.723+0900","N","","","","MIN","4ACM4701","138.04","TRANSFERRING","2026-04-15 12:22"
"4533","oht_time_avg","2026-04-15 12:22:06.723+0900","N","","","","MIN","4ACM4701","31.79","ACQUIRED","2026-04-15 12:22"
"4532","oht_time_avg","2026-04-15 12:22:06.723+0900","N","","","","MIN","4ACM4701","16.61","ASSIGN","2026-04-15 12:22"
"4531","oht_time_avg","2026-04-15 12:22:06.723+0900","N","","","","MIN","4ACM4701","0.17","REP","2026-04-15 12:22"
"4542","oht_time_avg","2026-04-15 12:23:07.127+0900","N","","","","MIN","4ACM4701","0.0","COMPLETED","2026-04-15 12:23"
"4541","oht_time_avg","2026-04-15 12:23:07.127+0900","N","","","","MIN","4ACM4701","7.12","DESPOSITED","2026-04-15 12:23"
"4540","oht_time_avg","2026-04-15 12:23:07.127+0900","N","","","","MIN","4ACM4701","135.61","TRANSFERRING","2026-04-15 12:23"
"4539","oht_time_avg","2026-04-15 12:23:07.127+0900","N","","","","MIN","4ACM4701","33.82","ACQUIRED","2026-04-15 12:23"
"4538","oht_time_avg","2026-04-15 12:23:07.127+0900","N","","","","MIN","4ACM4701","12.74","ASSIGN","2026-04-15 12:23"
"4537","oht_time_avg","2026-04-15 12:23:07.127+0900","N","","","","MIN","4ACM4701","0.19","REP","2026-04-15 12:23"
"4548","oht_time_avg","2026-04-15 12:24:07.611+0900","N","","","","MIN","4ACM4701","0.0","COMPLETED","2026-04-15 12:24"
"4547","oht_time_avg","2026-04-15 12:24:07.611+0900","N","","","","MIN","4ACM4701","7.26","DESPOSITED","2026-04-15 12:24"
"4546","oht_time_avg","2026-04-15 12:24:07.611+0900","N","","","","MIN","4ACM4701","127.9","TRANSFERRING","2026-04-15 12:24"
"4545","oht_time_avg","2026-04-15 12:24:07.611+0900","N","","","","MIN","4ACM4701","33.37","ACQUIRED","2026-04-15 12:24"
"4544","oht_time_avg","2026-04-15 12:24:07.611+0900","N","","","","MIN","4ACM4701","13.48","ASSIGN","2026-04-15 12:24"
"4543","oht_time_avg","2026-04-15 12:24:07.611+0900","N","","","","MIN","4ACM4701","0.14","REP","2026-04-15 12:24"
"4554","oht_time_avg","2026-04-15 12:25:08.262+0900","N","","","","MIN","4ACM4701","0.0","COMPLETED","2026-04-15 12:25"
"4553","oht_time_avg","2026-04-15 12:25:08.262+0900","N","","","","MIN","4ACM4701","7.58","DESPOSITED","2026-04-15 12:25"
"4552","oht_time_avg","2026-04-15 12:25:08.262+0900","N","","","","MIN","4ACM4701","140.63","TRANSFERRING","2026-04-15 12:25"
"4551","oht_time_avg","2026-04-15 12:25:08.262+0900","N","","","","MIN","4ACM4701","30.0","ACQUIRED","2026-04-15 12:25"
"4550","oht_time_avg","2026-04-15 12:25:08.262+0900","N","","","","MIN","4ACM4701","11.97","ASSIGN","2026-04-15 12:25"
"4549","oht_time_avg","2026-04-15 12:25:08.262+0900","N","","","","MIN","4ACM4701","0.17","REP","2026-04-15 12:25"
"4560","oht_time_avg","2026-04-15 12:26:07.152+0900","N","","","","MIN","4ACM4701","2.68","COMPLETED","2026-04-15 12:26"
"4559","oht_time_avg","2026-04-15 12:26:07.152+0900","N","","","","MIN","4ACM4701","7.24","DESPOSITED","2026-04-15 12:26"
"4558","oht_time_avg","2026-04-15 12:26:07.152+0900","N","","","","MIN","4ACM4701","131.92","TRANSFERRING","2026-04-15 12:26"
"4557","oht_time_avg","2026-04-15 12:26:07.152+0900","N","","","","MIN","4ACM4701","30.96","ACQUIRED","2026-04-15 12:26"
"4556","oht_time_avg","2026-04-15 12:26:07.152+0900","N","","","","MIN","4ACM4701","10.99","ASSIGN","2026-04-15 12:26"
"4555","oht_time_avg","2026-04-15 12:26:07.152+0900","N","","","","MIN","4ACM4701","1.21","REP","2026-04-15 12:26"
"4566","oht_time_avg","2026-04-15 12:27:07.132+0900","N","","","","MIN","4ACM4701","3.01","COMPLETED","2026-04-15 12:27"
"4565","oht_time_avg","2026-04-15 12:27:07.132+0900","N","","","","MIN","4ACM4701","7.13","DESPOSITED","2026-04-15 12:27"
"4564","oht_time_avg","2026-04-15 12:27:07.132+0900","N","","","","MIN","4ACM4701","126.03","TRANSFERRING","2026-04-15 12:27"
"4563","oht_time_avg","2026-04-15 12:27:07.132+0900","N","","","","MIN","4ACM4701","31.04","ACQUIRED","2026-04-15 12:27"
"4562","oht_time_avg","2026-04-15 12:27:07.132+0900","N","","","","MIN","4ACM4701","10.85","ASSIGN","2026-04-15 12:27"
"4561","oht_time_avg","2026-04-15 12:27:07.132+0900","N","","","","MIN","4ACM4701","1.29","REP","2026-04-15 12:27"
"4572","oht_time_avg","2026-04-15 12:28:07.133+0900","N","","","","MIN","4ACM4701","7.81","COMPLETED","2026-04-15 12:28"
"4571","oht_time_avg","2026-04-15 12:28:07.133+0900","N","","","","MIN","4ACM4701","7.06","DESPOSITED","2026-04-15 12:28"
"4570","oht_time_avg","2026-04-15 12:28:07.133+0900","N","","","","MIN","4ACM4701","132.37","TRANSFERRING","2026-04-15 12:28"
"4569","oht_time_avg","2026-04-15 12:28:07.133+0900","N","","","","MIN","4ACM4701","31.57","ACQUIRED","2026-04-15 12:28"
"4568","oht_time_avg","2026-04-15 12:28:07.133+0900","N","","","","MIN","4ACM4701","9.56","ASSIGN","2026-04-15 12:28"
"4567","oht_time_avg","2026-04-15 12:28:07.133+0900","N","","","","MIN","4ACM4701","0.15","REP","2026-04-15 12:28"
"4578","oht_time_avg","2026-04-15 12:29:08.429+0900","N","","","","MIN","4ACM4701","0.0","COMPLETED","2026-04-15 12:29"
"4577","oht_time_avg","2026-04-15 12:29:08.429+0900","N","","","","MIN","4ACM4701","7.06","DESPOSITED","2026-04-15 12:29"
"4576","oht_time_avg","2026-04-15 12:29:08.429+0900","N","","","","MIN","4ACM4701","129.37","TRANSFERRING","2026-04-15 12:29"
"4575","oht_time_avg","2026-04-15 12:29:08.429+0900","N","","","","MIN","4ACM4701","33.06","ACQUIRED","2026-04-15 12:29"
"4574","oht_time_avg","2026-04-15 12:29:08.429+0900","N","","","","MIN","4ACM4701","12.3","ASSIGN","2026-04-15 12:29"
"4573","oht_time_avg","2026-04-15 12:29:08.429+0900","N","","","","MIN","4ACM4701","0.18","REP","2026-04-15 12:29"
"4584","oht_time_avg","2026-04-15 12:30:06.636+0900","N","","","","MIN","4ACM4701","11.78","COMPLETED","2026-04-15 12:30"
"4583","oht_time_avg","2026-04-15 12:30:06.636+0900","N","","","","MIN","4ACM4701","7.35","DESPOSITED","2026-04-15 12:30"
"4582","oht_time_avg","2026-04-15 12:30:06.636+0900","N","","","","MIN","4ACM4701","127.72","TRANSFERRING","2026-04-15 12:30"
"4581","oht_time_avg","2026-04-15 12:30:06.636+0900","N","","","","MIN","4ACM4701","32.17","ACQUIRED","2026-04-15 12:30"
"4580","oht_time_avg","2026-04-15 12:30:06.636+0900","N","","","","MIN","4ACM4701","12.93","ASSIGN","2026-04-15 12:30"
"4579","oht_time_avg","2026-04-15 12:30:06.636+0900","N","","","","MIN","4ACM4701","1.17","REP","2026-04-15 12:30"
"4590","oht_time_avg","2026-04-15 12:31:08.158+0900","N","","","","MIN","4ACM4701","2.48","COMPLETED","2026-04-15 12:31"
"4589","oht_time_avg","2026-04-15 12:31:08.158+0900","N","","","","MIN","4ACM4701","7.14","DESPOSITED","2026-04-15 12:31"
"4588","oht_time_avg","2026-04-15 12:31:08.158+0900","N","","","","MIN","4ACM4701","128.46","TRANSFERRING","2026-04-15 12:31"
"4587","oht_time_avg","2026-04-15 12:31:08.158+0900","N","","","","MIN","4ACM4701","31.06","ACQUIRED","2026-04-15 12:31"
"4586","oht_time_avg","2026-04-15 12:31:08.158+0900","N","","","","MIN","4ACM4701","10.29","ASSIGN","2026-04-15 12:31"
"4585","oht_time_avg","2026-04-15 12:31:08.158+0900","N","","","","MIN","4ACM4701","0.18","REP","2026-04-15 12:31"
"4596","oht_time_avg","2026-04-15 12:32:07.111+0900","N","","","","MIN","4ACM4701","0.0","COMPLETED","2026-04-15 12:32"
"4595","oht_time_avg","2026-04-15 12:32:07.111+0900","N","","","","MIN","4ACM4701","7.27","DESPOSITED","2026-04-15 12:32"
"4594","oht_time_avg","2026-04-15 12:32:07.111+0900","N","","","","MIN","4ACM4701","133.16","TRANSFERRING","2026-04-15 12:32"
"4593","oht_time_avg","2026-04-15 12:32:07.111+0900","N","","","","MIN","4ACM4701","33.01","ACQUIRED","2026-04-15 12:32"
"4592","oht_time_avg","2026-04-15 12:32:07.111+0900","N","","","","MIN","4ACM4701","12.44","ASSIGN","2026-04-15 12:32"
"4591","oht_time_avg","2026-04-15 12:32:07.111+0900","N","","","","MIN","4ACM4701","0.24","REP","2026-04-15 12:32"
"4602","oht_time_avg","2026-04-15 12:33:06.942+0900","N","","","","MIN","4ACM4701","0.0","COMPLETED","2026-04-15 12:33"
"4601","oht_time_avg","2026-04-15 12:33:06.942+0900","N","","","","MIN","4ACM4701","7.32","DESPOSITED","2026-04-15 12:33"
"4600","oht_time_avg","2026-04-15 12:33:06.942+0900","N","","","","MIN","4ACM4701","130.88","TRANSFERRING","2026-04-15 12:33"
"4599","oht_time_avg","2026-04-15 12:33:06.942+0900","N","","","","MIN","4ACM4701","32.67","ACQUIRED","2026-04-15 12:33"
"4598","oht_time_avg","2026-04-15 12:33:06.942+0900","N","","","","MIN","4ACM4701","11.15","ASSIGN","2026-04-15 12:33"
"4597","oht_time_avg","2026-04-15 12:33:06.942+0900","N","","","","MIN","4ACM4701","0.22","REP","2026-04-15 12:33"
"4608","oht_time_avg","2026-04-15 12:34:06.282+0900","N","","","","MIN","4ACM4701","0.0","COMPLETED","2026-04-15 12:34"
"4607","oht_time_avg","2026-04-15 12:34:06.282+0900","N","","","","MIN","4ACM4701","7.19","DESPOSITED","2026-04-15 12:34"
"4606","oht_time_avg","2026-04-15 12:34:06.282+0900","N","","","","MIN","4ACM4701","136.17","TRANSFERRING","2026-04-15 12:34"
"4605","oht_time_avg","2026-04-15 12:34:06.282+0900","N","","","","MIN","4ACM4701","32.59","ACQUIRED","2026-04-15 12:34"
"4604","oht_time_avg","2026-04-15 12:34:06.282+0900","N","","","","MIN","4ACM4701","13.95","ASSIGN","2026-04-15 12:34"
"4603","oht_time_avg","2026-04-15 12:34:06.282+0900","N","","","","MIN","4ACM4701","0.18","REP","2026-04-15 12:34"
"4614","oht_time_avg","2026-04-15 12:35:06.821+0900","N","","","","MIN","4ACM4701","3.82","COMPLETED","2026-04-15 12:35"
"4613","oht_time_avg","2026-04-15 12:35:06.821+0900","N","","","","MIN","4ACM4701","7.25","DESPOSITED","2026-04-15 12:35"
"4612","oht_time_avg","2026-04-15 12:35:06.821+0900","N","","","","MIN","4ACM4701","126.59","TRANSFERRING","2026-04-15 12:35"
"4611","oht_time_avg","2026-04-15 12:35:06.821+0900","N","","","","MIN","4ACM4701","32.74","ACQUIRED","2026-04-15 12:35"
"4610","oht_time_avg","2026-04-15 12:35:06.821+0900","N","","","","MIN","4ACM4701","10.87","ASSIGN","2026-04-15 12:35"
"4609","oht_time_avg","2026-04-15 12:35:06.821+0900","N","","","","MIN","4ACM4701","0.16","REP","2026-04-15 12:35"
"4620","oht_time_avg","2026-04-15 12:36:06.301+0900","N","","","","MIN","4ACM4701","0.0","COMPLETED","2026-04-15 12:36"
"4619","oht_time_avg","2026-04-15 12:36:06.301+0900","N","","","","MIN","4ACM4701","7.4","DESPOSITED","2026-04-15 12:36"
"4618","oht_time_avg","2026-04-15 12:36:06.301+0900","N","","","","MIN","4ACM4701","136.5","TRANSFERRING","2026-04-15 12:36"
"4617","oht_time_avg","2026-04-15 12:36:06.301+0900","N","","","","MIN","4ACM4701","30.11","ACQUIRED","2026-04-15 12:36"
"4616","oht_time_avg","2026-04-15 12:36:06.301+0900","N","","","","MIN","4ACM4701","9.3","ASSIGN","2026-04-15 12:36"
"4615","oht_time_avg","2026-04-15 12:36:06.301+0900","N","","","","MIN","4ACM4701","0.16","REP","2026-04-15 12:36"
"4626","oht_time_avg","2026-04-15 12:37:08.153+0900","N","","","","MIN","4ACM4701","0.0","COMPLETED","2026-04-15 12:37"
"4625","oht_time_avg","2026-04-15 12:37:08.153+0900","N","","","","MIN","4ACM4701","7.06","DESPOSITED","2026-04-15 12:37"
"4624","oht_time_avg","2026-04-15 12:37:08.153+0900","N","","","","MIN","4ACM4701","129.23","TRANSFERRING","2026-04-15 12:37"
"4623","oht_time_avg","2026-04-15 12:37:08.153+0900","N","","","","MIN","4ACM4701","29.48","ACQUIRED","2026-04-15 12:37"
"4622","oht_time_avg","2026-04-15 12:37:08.153+0900","N","","","","MIN","4ACM4701","9.02","ASSIGN","2026-04-15 12:37"
"4621","oht_time_avg","2026-04-15 12:37:08.153+0900","N","","","","MIN","4ACM4701","0.17","REP","2026-04-15 12:37"
"4632","oht_time_avg","2026-04-15 12:38:06.522+0900","N","","","","MIN","4ACM4701","0.0","COMPLETED","2026-04-15 12:38"
"4631","oht_time_avg","2026-04-15 12:38:06.522+0900","N","","","","MIN","4ACM4701","7.03","DESPOSITED","2026-04-15 12:38"
"4630","oht_time_avg","2026-04-15 12:38:06.522+0900","N","","","","MIN","4ACM4701","121.56","TRANSFERRING","2026-04-15 12:38"
"4629","oht_time_avg","2026-04-15 12:38:06.522+0900","N","","","","MIN","4ACM4701","30.06","ACQUIRED","2026-04-15 12:38"
"4628","oht_time_avg","2026-04-15 12:38:06.522+0900","N","","","","MIN","4ACM4701","10.61","ASSIGN","2026-04-15 12:38"
"4627","oht_time_avg","2026-04-15 12:38:06.522+0900","N","","","","MIN","4ACM4701","0.16","REP","2026-04-15 12:38"
"4638","oht_time_avg","2026-04-15 12:39:06.944+0900","N","","","","MIN","4ACM4701","0.0","COMPLETED","2026-04-15 12:39"
"4637","oht_time_avg","2026-04-15 12:39:06.944+0900","N","","","","MIN","4ACM4701","7.39","DESPOSITED","2026-04-15 12:39"
"4636","oht_time_avg","2026-04-15 12:39:06.944+0900","N","","","","MIN","4ACM4701","125.43","TRANSFERRING","2026-04-15 12:39"
"4635","oht_time_avg","2026-04-15 12:39:06.944+0900","N","","","","MIN","4ACM4701","30.24","ACQUIRED","2026-04-15 12:39"
"4634","oht_time_avg","2026-04-15 12:39:06.944+0900","N","","","","MIN","4ACM4701","8.87","ASSIGN","2026-04-15 12:39"
"4633","oht_time_avg","2026-04-15 12:39:06.944+0900","N","","","","MIN","4ACM4701","0.17","REP","2026-04-15 12:39"
"4644","oht_time_avg","2026-04-15 12:40:07.628+0900","N","","","","MIN","4ACM4701","0.0","COMPLETED","2026-04-15 12:40"
"4643","oht_time_avg","2026-04-15 12:40:07.628+0900","N","","","","MIN","4ACM4701","7.22","DESPOSITED","2026-04-15 12:40"
"4642","oht_time_avg","2026-04-15 12:40:07.628+0900","N","","","","MIN","4ACM4701","123.08","TRANSFERRING","2026-04-15 12:40"
"4641","oht_time_avg","2026-04-15 12:40:07.628+0900","N","","","","MIN","4ACM4701","31.28","ACQUIRED","2026-04-15 12:40"
"4640","oht_time_avg","2026-04-15 12:40:07.628+0900","N","","","","MIN","4ACM4701","11.38","ASSIGN","2026-04-15 12:40"
"4639","oht_time_avg","2026-04-15 12:40:07.628+0900","N","","","","MIN","4ACM4701","1.91","REP","2026-04-15 12:40"
"4650","oht_time_avg","2026-04-15 12:41:07.618+0900","N","","","","MIN","4ACM4701","0.0","COMPLETED","2026-04-15 12:41"
"4649","oht_time_avg","2026-04-15 12:41:07.618+0900","N","","","","MIN","4ACM4701","6.88","DESPOSITED","2026-04-15 12:41"
"4648","oht_time_avg","2026-04-15 12:41:07.618+0900","N","","","","MIN","4ACM4701","123.73","TRANSFERRING","2026-04-15 12:41"
"4647","oht_time_avg","2026-04-15 12:41:07.618+0900","N","","","","MIN","4ACM4701","29.32","ACQUIRED","2026-04-15 12:41"
"4646","oht_time_avg","2026-04-15 12:41:07.618+0900","N","","","","MIN","4ACM4701","9.69","ASSIGN","2026-04-15 12:41"
"4645","oht_time_avg","2026-04-15 12:41:07.618+0900","N","","","","MIN","4ACM4701","0.15","REP","2026-04-15 12:41"
"4656","oht_time_avg","2026-04-15 12:42:07.440+0900","N","","","","MIN","4ACM4701","0.0","COMPLETED","2026-04-15 12:42"
"4655","oht_time_avg","2026-04-15 12:42:07.440+0900","N","","","","MIN","4ACM4701","7.28","DESPOSITED","2026-04-15 12:42"
"4654","oht_time_avg","2026-04-15 12:42:07.440+0900","N","","","","MIN","4ACM4701","131.3","TRANSFERRING","2026-04-15 12:42"
"4653","oht_time_avg","2026-04-15 12:42:07.440+0900","N","","","","MIN","4ACM4701","28.9","ACQUIRED","2026-04-15 12:42"
"4652","oht_time_avg","2026-04-15 12:42:07.440+0900","N","","","","MIN","4ACM4701","9.64","ASSIGN","2026-04-15 12:42"
"4651","oht_time_avg","2026-04-15 12:42:07.440+0900","N","","","","MIN","4ACM4701","0.18","REP","2026-04-15 12:42"
"4662","oht_time_avg","2026-04-15 12:43:08.281+0900","N","","","","MIN","4ACM4701","0.0","COMPLETED","2026-04-15 12:43"
"4661","oht_time_avg","2026-04-15 12:43:08.281+0900","N","","","","MIN","4ACM4701","7.19","DESPOSITED","2026-04-15 12:43"
"4660","oht_time_avg","2026-04-15 12:43:08.281+0900","N","","","","MIN","4ACM4701","128.19","TRANSFERRING","2026-04-15 12:43"
"4659","oht_time_avg","2026-04-15 12:43:08.281+0900","N","","","","MIN","4ACM4701","30.2","ACQUIRED","2026-04-15 12:43"
"4658","oht_time_avg","2026-04-15 12:43:08.281+0900","N","","","","MIN","4ACM4701","9.79","ASSIGN","2026-04-15 12:43"
"4657","oht_time_avg","2026-04-15 12:43:08.281+0900","N","","","","MIN","4ACM4701","0.14","REP","2026-04-15 12:43"
"4668","oht_time_avg","2026-04-15 12:44:07.016+0900","N","","","","MIN","4ACM4701","0.0","COMPLETED","2026-04-15 12:44"
"4667","oht_time_avg","2026-04-15 12:44:07.016+0900","N","","","","MIN","4ACM4701","7.18","DESPOSITED","2026-04-15 12:44"
"4666","oht_time_avg","2026-04-15 12:44:07.016+0900","N","","","","MIN","4ACM4701","125.09","TRANSFERRING","2026-04-15 12:44"
"4665","oht_time_avg","2026-04-15 12:44:07.016+0900","N","","","","MIN","4ACM4701","32.49","ACQUIRED","2026-04-15 12:44"
"4664","oht_time_avg","2026-04-15 12:44:07.016+0900","N","","","","MIN","4ACM4701","9.3","ASSIGN","2026-04-15 12:44"
"4663","oht_time_avg","2026-04-15 12:44:07.016+0900","N","","","","MIN","4ACM4701","0.18","REP","2026-04-15 12:44"
"4674","oht_time_avg","2026-04-15 12:45:06.884+0900","N","","","","MIN","4ACM4701","0.0","COMPLETED","2026-04-15 12:45"
"4673","oht_time_avg","2026-04-15 12:45:06.884+0900","N","","","","MIN","4ACM4701","7.31","DESPOSITED","2026-04-15 12:45"
"4672","oht_time_avg","2026-04-15 12:45:06.884+0900","N","","","","MIN","4ACM4701","123.09","TRANSFERRING","2026-04-15 12:45"
"4671","oht_time_avg","2026-04-15 12:45:06.884+0900","N","","","","MIN","4ACM4701","32.23","ACQUIRED","2026-04-15 12:45"
"4670","oht_time_avg","2026-04-15 12:45:06.884+0900","N","","","","MIN","4ACM4701","9.07","ASSIGN","2026-04-15 12:45"
"4669","oht_time_avg","2026-04-15 12:45:06.884+0900","N","","","","MIN","4ACM4701","0.2","REP","2026-04-15 12:45"
"4680","oht_time_avg","2026-04-15 12:46:07.037+0900","N","","","","MIN","4ACM4701","0.0","COMPLETED","2026-04-15 12:46"
"4679","oht_time_avg","2026-04-15 12:46:07.037+0900","N","","","","MIN","4ACM4701","7.43","DESPOSITED","2026-04-15 12:46"
"4678","oht_time_avg","2026-04-15 12:46:07.037+0900","N","","","","MIN","4ACM4701","125.08","TRANSFERRING","2026-04-15 12:46"
"4677","oht_time_avg","2026-04-15 12:46:07.037+0900","N","","","","MIN","4ACM4701","33.26","ACQUIRED","2026-04-15 12:46"
"4676","oht_time_avg","2026-04-15 12:46:07.037+0900","N","","","","MIN","4ACM4701","11.39","ASSIGN","2026-04-15 12:46"
"4675","oht_time_avg","2026-04-15 12:46:07.037+0900","N","","","","MIN","4ACM4701","0.18","REP","2026-04-15 12:46"
"4686","oht_time_avg","2026-04-15 12:47:06.923+0900","N","","","","MIN","4ACM4701","0.0","COMPLETED","2026-04-15 12:47"
"4685","oht_time_avg","2026-04-15 12:47:06.923+0900","N","","","","MIN","4ACM4701","7.03","DESPOSITED","2026-04-15 12:47"
"4684","oht_time_avg","2026-04-15 12:47:06.923+0900","N","","","","MIN","4ACM4701","138.76","TRANSFERRING","2026-04-15 12:47"
"4683","oht_time_avg","2026-04-15 12:47:06.923+0900","N","","","","MIN","4ACM4701","33.01","ACQUIRED","2026-04-15 12:47"
"4682","oht_time_avg","2026-04-15 12:47:06.923+0900","N","","","","MIN","4ACM4701","12.99","ASSIGN","2026-04-15 12:47"
"4681","oht_time_avg","2026-04-15 12:47:06.923+0900","N","","","","MIN","4ACM4701","0.17","REP","2026-04-15 12:47"
"4692","oht_time_avg","2026-04-15 12:48:06.703+0900","N","","","","MIN","4ACM4701","0.0","COMPLETED","2026-04-15 12:48"
"4691","oht_time_avg","2026-04-15 12:48:06.703+0900","N","","","","MIN","4ACM4701","7.3","DESPOSITED","2026-04-15 12:48"
"4690","oht_time_avg","2026-04-15 12:48:06.703+0900","N","","","","MIN","4ACM4701","128.59","TRANSFERRING","2026-04-15 12:48"
"4689","oht_time_avg","2026-04-15 12:48:06.703+0900","N","","","","MIN","4ACM4701","36.51","ACQUIRED","2026-04-15 12:48"
"4688","oht_time_avg","2026-04-15 12:48:06.703+0900","N","","","","MIN","4ACM4701","13.74","ASSIGN","2026-04-15 12:48"
"4687","oht_time_avg","2026-04-15 12:48:06.703+0900","N","","","","MIN","4ACM4701","0.17","REP","2026-04-15 12:48"
"4698","oht_time_avg","2026-04-15 12:49:10.129+0900","N","","","","MIN","4ACM4701","0.0","COMPLETED","2026-04-15 12:49"
"4697","oht_time_avg","2026-04-15 12:49:10.129+0900","N","","","","MIN","4ACM4701","7.33","DESPOSITED","2026-04-15 12:49"
"4696","oht_time_avg","2026-04-15 12:49:10.129+0900","N","","","","MIN","4ACM4701","142.22","TRANSFERRING","2026-04-15 12:49"
"4695","oht_time_avg","2026-04-15 12:49:10.129+0900","N","","","","MIN","4ACM4701","33.46","ACQUIRED","2026-04-15 12:49"
"4694","oht_time_avg","2026-04-15 12:49:10.129+0900","N","","","","MIN","4ACM4701","12.66","ASSIGN","2026-04-15 12:49"
"4693","oht_time_avg","2026-04-15 12:49:10.129+0900","N","","","","MIN","4ACM4701","0.2","REP","2026-04-15 12:49"
"4704","oht_time_avg","2026-04-15 12:50:07.035+0900","N","","","","MIN","4ACM4701","0.0","COMPLETED","2026-04-15 12:50"
"4703","oht_time_avg","2026-04-15 12:50:07.035+0900","N","","","","MIN","4ACM4701","7.26","DESPOSITED","2026-04-15 12:50"
"4702","oht_time_avg","2026-04-15 12:50:07.035+0900","N","","","","MIN","4ACM4701","132.04","TRANSFERRING","2026-04-15 12:50"
"4701","oht_time_avg","2026-04-15 12:50:07.035+0900","N","","","","MIN","4ACM4701","34.98","ACQUIRED","2026-04-15 12:50"
"4700","oht_time_avg","2026-04-15 12:50:07.035+0900","N","","","","MIN","4ACM4701","11.52","ASSIGN","2026-04-15 12:50"
"4699","oht_time_avg","2026-04-15 12:50:07.035+0900","N","","","","MIN","4ACM4701","0.18","REP","2026-04-15 12:50"
"4710","oht_time_avg","2026-04-15 12:51:07.479+0900","N","","","","MIN","4ACM4701","0.0","COMPLETED","2026-04-15 12:51"
"4709","oht_time_avg","2026-04-15 12:51:07.479+0900","N","","","","MIN","4ACM4701","7.08","DESPOSITED","2026-04-15 12:51"
"4708","oht_time_avg","2026-04-15 12:51:07.479+0900","N","","","","MIN","4ACM4701","137.13","TRANSFERRING","2026-04-15 12:51"
"4707","oht_time_avg","2026-04-15 12:51:07.479+0900","N","","","","MIN","4ACM4701","32.77","ACQUIRED","2026-04-15 12:51"
"4706","oht_time_avg","2026-04-15 12:51:07.479+0900","N","","","","MIN","4ACM4701","11.9","ASSIGN","2026-04-15 12:51"
"4705","oht_time_avg","2026-04-15 12:51:07.479+0900","N","","","","MIN","4ACM4701","0.18","REP","2026-04-15 12:51"
"4716","oht_time_avg","2026-04-15 12:52:06.811+0900","N","","","","MIN","4ACM4701","0.0","COMPLETED","2026-04-15 12:52"
"4715","oht_time_avg","2026-04-15 12:52:06.811+0900","N","","","","MIN","4ACM4701","6.94","DESPOSITED","2026-04-15 12:52"
"4714","oht_time_avg","2026-04-15 12:52:06.811+0900","N","","","","MIN","4ACM4701","150.57","TRANSFERRING","2026-04-15 12:52"
"4713","oht_time_avg","2026-04-15 12:52:06.811+0900","N","","","","MIN","4ACM4701","31.97","ACQUIRED","2026-04-15 12:52"
"4712","oht_time_avg","2026-04-15 12:52:06.811+0900","N","","","","MIN","4ACM4701","13.12","ASSIGN","2026-04-15 12:52"
"4711","oht_time_avg","2026-04-15 12:52:06.811+0900","N","","","","MIN","4ACM4701","0.16","REP","2026-04-15 12:52"
"4722","oht_time_avg","2026-04-15 12:53:07.592+0900","N","","","","MIN","4ACM4701","0.0","COMPLETED","2026-04-15 12:53"
"4721","oht_time_avg","2026-04-15 12:53:07.592+0900","N","","","","MIN","4ACM4701","7.28","DESPOSITED","2026-04-15 12:53"
"4720","oht_time_avg","2026-04-15 12:53:07.592+0900","N","","","","MIN","4ACM4701","135.88","TRANSFERRING","2026-04-15 12:53"
"4719","oht_time_avg","2026-04-15 12:53:07.592+0900","N","","","","MIN","4ACM4701","30.56","ACQUIRED","2026-04-15 12:53"
"4718","oht_time_avg","2026-04-15 12:53:07.592+0900","N","","","","MIN","4ACM4701","11.84","ASSIGN","2026-04-15 12:53"
"4717","oht_time_avg","2026-04-15 12:53:07.592+0900","N","","","","MIN","4ACM4701","0.16","REP","2026-04-15 12:53"
"4728","oht_time_avg","2026-04-15 12:54:06.892+0900","N","","","","MIN","4ACM4701","0.0","COMPLETED","2026-04-15 12:54"
"4727","oht_time_avg","2026-04-15 12:54:06.892+0900","N","","","","MIN","4ACM4701","7.35","DESPOSITED","2026-04-15 12:54"
"4726","oht_time_avg","2026-04-15 12:54:06.892+0900","N","","","","MIN","4ACM4701","133.1","TRANSFERRING","2026-04-15 12:54"
"4725","oht_time_avg","2026-04-15 12:54:06.892+0900","N","","","","MIN","4ACM4701","31.54","ACQUIRED","2026-04-15 12:54"
"4724","oht_time_avg","2026-04-15 12:54:06.892+0900","N","","","","MIN","4ACM4701","8.36","ASSIGN","2026-04-15 12:54"
"4723","oht_time_avg","2026-04-15 12:54:06.892+0900","N","","","","MIN","4ACM4701","0.14","REP","2026-04-15 12:54"
"4734","oht_time_avg","2026-04-15 12:55:07.473+0900","N","","","","MIN","4ACM4701","0.0","COMPLETED","2026-04-15 12:55"
"4733","oht_time_avg","2026-04-15 12:55:07.473+0900","N","","","","MIN","4ACM4701","7.34","DESPOSITED","2026-04-15 12:55"
"4732","oht_time_avg","2026-04-15 12:55:07.473+0900","N","","","","MIN","4ACM4701","133.82","TRANSFERRING","2026-04-15 12:55"
"4731","oht_time_avg","2026-04-15 12:55:07.473+0900","N","","","","MIN","4ACM4701","29.88","ACQUIRED","2026-04-15 12:55"
"4730","oht_time_avg","2026-04-15 12:55:07.473+0900","N","","","","MIN","4ACM4701","8.72","ASSIGN","2026-04-15 12:55"
"4729","oht_time_avg","2026-04-15 12:55:07.473+0900","N","","","","MIN","4ACM4701","0.15","REP","2026-04-15 12:55"
"4740","oht_time_avg","2026-04-15 12:56:07.073+0900","N","","","","MIN","4ACM4701","0.0","COMPLETED","2026-04-15 12:56"
"4739","oht_time_avg","2026-04-15 12:56:07.073+0900","N","","","","MIN","4ACM4701","7.51","DESPOSITED","2026-04-15 12:56"
"4738","oht_time_avg","2026-04-15 12:56:07.073+0900","N","","","","MIN","4ACM4701","124.01","TRANSFERRING","2026-04-15 12:56"
"4737","oht_time_avg","2026-04-15 12:56:07.073+0900","N","","","","MIN","4ACM4701","28.73","ACQUIRED","2026-04-15 12:56"
"4736","oht_time_avg","2026-04-15 12:56:07.073+0900","N","","","","MIN","4ACM4701","9.54","ASSIGN","2026-04-15 12:56"
"4735","oht_time_avg","2026-04-15 12:56:07.073+0900","N","","","","MIN","4ACM4701","0.17","REP","2026-04-15 12:56"
"4746","oht_time_avg","2026-04-15 12:57:07.866+0900","N","","","","MIN","4ACM4701","0.0","COMPLETED","2026-04-15 12:57"
"4745","oht_time_avg","2026-04-15 12:57:07.866+0900","N","","","","MIN","4ACM4701","7.08","DESPOSITED","2026-04-15 12:57"
"4744","oht_time_avg","2026-04-15 12:57:07.866+0900","N","","","","MIN","4ACM4701","120.56","TRANSFERRING","2026-04-15 12:57"
"4743","oht_time_avg","2026-04-15 12:57:07.866+0900","N","","","","MIN","4ACM4701","29.95","ACQUIRED","2026-04-15 12:57"
"4742","oht_time_avg","2026-04-15 12:57:07.866+0900","N","","","","MIN","4ACM4701","10.32","ASSIGN","2026-04-15 12:57"
"4741","oht_time_avg","2026-04-15 12:57:07.866+0900","N","","","","MIN","4ACM4701","0.18","REP","2026-04-15 12:57"
"4752","oht_time_avg","2026-04-15 12:58:06.673+0900","N","","","","MIN","4ACM4701","0.0","COMPLETED","2026-04-15 12:58"
"4751","oht_time_avg","2026-04-15 12:58:06.673+0900","N","","","","MIN","4ACM4701","7.41","DESPOSITED","2026-04-15 12:58"
"4750","oht_time_avg","2026-04-15 12:58:06.673+0900","N","","","","MIN","4ACM4701","127.01","TRANSFERRING","2026-04-15 12:58"
"4749","oht_time_avg","2026-04-15 12:58:06.673+0900","N","","","","MIN","4ACM4701","31.27","ACQUIRED","2026-04-15 12:58"
"4748","oht_time_avg","2026-04-15 12:58:06.673+0900","N","","","","MIN","4ACM4701","10.92","ASSIGN","2026-04-15 12:58"
"4747","oht_time_avg","2026-04-15 12:58:06.673+0900","N","","","","MIN","4ACM4701","0.16","REP","2026-04-15 12:58"
"4758","oht_time_avg","2026-04-15 12:59:06.691+0900","N","","","","MIN","4ACM4701","0.0","COMPLETED","2026-04-15 12:59"
"4757","oht_time_avg","2026-04-15 12:59:06.691+0900","N","","","","MIN","4ACM4701","7.2","DESPOSITED","2026-04-15 12:59"
"4756","oht_time_avg","2026-04-15 12:59:06.691+0900","N","","","","MIN","4ACM4701","123.88","TRANSFERRING","2026-04-15 12:59"
"4755","oht_time_avg","2026-04-15 12:59:06.691+0900","N","","","","MIN","4ACM4701","30.72","ACQUIRED","2026-04-15 12:59"
"4754","oht_time_avg","2026-04-15 12:59:06.691+0900","N","","","","MIN","4ACM4701","10.32","ASSIGN","2026-04-15 12:59"
"4753","oht_time_avg","2026-04-15 12:59:06.691+0900","N","","","","MIN","4ACM4701","0.15","REP","2026-04-15 12:59"
"4764","oht_time_avg","2026-04-15 13:00:07.581+0900","N","","","","MIN","4ACM4701","0.0","COMPLETED","2026-04-15 13:00"
"4763","oht_time_avg","2026-04-15 13:00:07.581+0900","N","","","","MIN","4ACM4701","7.39","DESPOSITED","2026-04-15 13:00"
"4762","oht_time_avg","2026-04-15 13:00:07.581+0900","N","","","","MIN","4ACM4701","128.01","TRANSFERRING","2026-04-15 13:00"
"4761","oht_time_avg","2026-04-15 13:00:07.581+0900","N","","","","MIN","4ACM4701","29.98","ACQUIRED","2026-04-15 13:00"
"4760","oht_time_avg","2026-04-15 13:00:07.581+0900","N","","","","MIN","4ACM4701","9.64","ASSIGN","2026-04-15 13:00"
"4759","oht_time_avg","2026-04-15 13:00:07.581+0900","N","","","","MIN","4ACM4701","0.2","REP","2026-04-15 13:00"
"4770","oht_time_avg","2026-04-15 13:01:10.541+0900","N","","","","MIN","4ACM4701","0.0","COMPLETED","2026-04-15 13:01"
"4769","oht_time_avg","2026-04-15 13:01:10.541+0900","N","","","","MIN","4ACM4701","7.41","DESPOSITED","2026-04-15 13:01"
"4768","oht_time_avg","2026-04-15 13:01:10.541+0900","N","","","","MIN","4ACM4701","122.66","TRANSFERRING","2026-04-15 13:01"
"4767","oht_time_avg","2026-04-15 13:01:10.541+0900","N","","","","MIN","4ACM4701","29.95","ACQUIRED","2026-04-15 13:01"
"4766","oht_time_avg","2026-04-15 13:01:10.541+0900","N","","","","MIN","4ACM4701","8.8","ASSIGN","2026-04-15 13:01"
"4765","oht_time_avg","2026-04-15 13:01:10.541+0900","N","","","","MIN","4ACM4701","0.16","REP","2026-04-15 13:01"
"4776","oht_time_avg","2026-04-15 13:01:10.720+0900","N","","","","HOUR","4ACM4701","0.0","COMPLETED","2026-04-15 13:00"
"4775","oht_time_avg","2026-04-15 13:01:10.720+0900","N","","","","HOUR","4ACM4701","7.16","DESPOSITED","2026-04-15 13:00"
"4774","oht_time_avg","2026-04-15 13:01:10.720+0900","N","","","","HOUR","4ACM4701","129.88","TRANSFERRING","2026-04-15 13:00"
"4773","oht_time_avg","2026-04-15 13:01:10.720+0900","N","","","","HOUR","4ACM4701","31.61","ACQUIRED","2026-04-15 13:00"
"4772","oht_time_avg","2026-04-15 13:01:10.720+0900","N","","","","HOUR","4ACM4701","11.22","ASSIGN","2026-04-15 13:00"
"4771","oht_time_avg","2026-04-15 13:01:10.720+0900","N","","","","HOUR","4ACM4701","0.19","REP","2026-04-15 13:00"
"4782","oht_time_avg","2026-04-15 13:02:07.095+0900","N","","","","MIN","4ACM4701","0.0","COMPLETED","2026-04-15 13:02"
"4781","oht_time_avg","2026-04-15 13:02:07.095+0900","N","","","","MIN","4ACM4701","7.15","DESPOSITED","2026-04-15 13:02"
"4780","oht_time_avg","2026-04-15 13:02:07.095+0900","N","","","","MIN","4ACM4701","134.07","TRANSFERRING","2026-04-15 13:02"
"4779","oht_time_avg","2026-04-15 13:02:07.095+0900","N","","","","MIN","4ACM4701","31.76","ACQUIRED","2026-04-15 13:02"
"4778","oht_time_avg","2026-04-15 13:02:07.095+0900","N","","","","MIN","4ACM4701","10.34","ASSIGN","2026-04-15 13:02"
"4777","oht_time_avg","2026-04-15 13:02:07.095+0900","N","","","","MIN","4ACM4701","0.17","REP","2026-04-15 13:02"
"4788","oht_time_avg","2026-04-15 13:03:08.726+0900","N","","","","MIN","4ACM4701","0.0","COMPLETED","2026-04-15 13:03"
"4787","oht_time_avg","2026-04-15 13:03:08.726+0900","N","","","","MIN","4ACM4701","7.18","DESPOSITED","2026-04-15 13:03"
"4786","oht_time_avg","2026-04-15 13:03:08.726+0900","N","","","","MIN","4ACM4701","127.29","TRANSFERRING","2026-04-15 13:03"
"4785","oht_time_avg","2026-04-15 13:03:08.726+0900","N","","","","MIN","4ACM4701","30.04","ACQUIRED","2026-04-15 13:03"
"4784","oht_time_avg","2026-04-15 13:03:08.726+0900","N","","","","MIN","4ACM4701","10.89","ASSIGN","2026-04-15 13:03"
"4783","oht_time_avg","2026-04-15 13:03:08.726+0900","N","","","","MIN","4ACM4701","0.16","REP","2026-04-15 13:03"
"4794","oht_time_avg","2026-04-15 13:04:06.790+0900","N","","","","MIN","4ACM4701","0.0","COMPLETED","2026-04-15 13:04"
"4793","oht_time_avg","2026-04-15 13:04:06.790+0900","N","","","","MIN","4ACM4701","7.08","DESPOSITED","2026-04-15 13:04"
"4792","oht_time_avg","2026-04-15 13:04:06.790+0900","N","","","","MIN","4ACM4701","127.1","TRANSFERRING","2026-04-15 13:04"
"4791","oht_time_avg","2026-04-15 13:04:06.790+0900","N","","","","MIN","4ACM4701","31.22","ACQUIRED","2026-04-15 13:04"
"4790","oht_time_avg","2026-04-15 13:04:06.790+0900","N","","","","MIN","4ACM4701","12.24","ASSIGN","2026-04-15 13:04"
"4789","oht_time_avg","2026-04-15 13:04:06.790+0900","N","","","","MIN","4ACM4701","0.16","REP","2026-04-15 13:04"
"4800","oht_time_avg","2026-04-15 13:05:07.412+0900","N","","","","MIN","4ACM4701","0.0","COMPLETED","2026-04-15 13:05"
"4799","oht_time_avg","2026-04-15 13:05:07.412+0900","N","","","","MIN","4ACM4701","7.11","DESPOSITED","2026-04-15 13:05"
"4798","oht_time_avg","2026-04-15 13:05:07.412+0900","N","","","","MIN","4ACM4701","122.5","TRANSFERRING","2026-04-15 13:05"
"4797","oht_time_avg","2026-04-15 13:05:07.412+0900","N","","","","MIN","4ACM4701","30.12","ACQUIRED","2026-04-15 13:05"
"4796","oht_time_avg","2026-04-15 13:05:07.412+0900","N","","","","MIN","4ACM4701","10.29","ASSIGN","2026-04-15 13:05"
"4795","oht_time_avg","2026-04-15 13:05:07.412+0900","N","","","","MIN","4ACM4701","0.16","REP","2026-04-15 13:05"
"4806","oht_time_avg","2026-04-15 13:06:08.936+0900","N","","","","MIN","4ACM4701","0.0","COMPLETED","2026-04-15 13:06"
"4805","oht_time_avg","2026-04-15 13:06:08.936+0900","N","","","","MIN","4ACM4701","7.12","DESPOSITED","2026-04-15 13:06"
"4804","oht_time_avg","2026-04-15 13:06:08.936+0900","N","","","","MIN","4ACM4701","139.17","TRANSFERRING","2026-04-15 13:06"
"4803","oht_time_avg","2026-04-15 13:06:08.936+0900","N","","","","MIN","4ACM4701","32.0","ACQUIRED","2026-04-15 13:06"
"4802","oht_time_avg","2026-04-15 13:06:08.936+0900","N","","","","MIN","4ACM4701","10.33","ASSIGN","2026-04-15 13:06"
"4801","oht_time_avg","2026-04-15 13:06:08.936+0900","N","","","","MIN","4ACM4701","0.19","REP","2026-04-15 13:06"
"4812","oht_time_avg","2026-04-15 13:07:06.847+0900","N","","","","MIN","4ACM4701","0.0","COMPLETED","2026-04-15 13:07"
"4811","oht_time_avg","2026-04-15 13:07:06.847+0900","N","","","","MIN","4ACM4701","7.07","DESPOSITED","2026-04-15 13:07"
"4810","oht_time_avg","2026-04-15 13:07:06.847+0900","N","","","","MIN","4ACM4701","126.61","TRANSFERRING","2026-04-15 13:07"
"4809","oht_time_avg","2026-04-15 13:07:06.847+0900","N","","","","MIN","4ACM4701","29.54","ACQUIRED","2026-04-15 13:07"
"4808","oht_time_avg","2026-04-15 13:07:06.847+0900","N","","","","MIN","4ACM4701","9.7","ASSIGN","2026-04-15 13:07"
"4807","oht_time_avg","2026-04-15 13:07:06.847+0900","N","","","","MIN","4ACM4701","0.19","REP","2026-04-15 13:07"
"4818","oht_time_avg","2026-04-15 13:08:07.845+0900","N","","","","MIN","4ACM4701","0.0","COMPLETED","2026-04-15 13:08"
"4817","oht_time_avg","2026-04-15 13:08:07.845+0900","N","","","","MIN","4ACM4701","7.08","DESPOSITED","2026-04-15 13:08"
"4816","oht_time_avg","2026-04-15 13:08:07.845+0900","N","","","","MIN","4ACM4701","123.62","TRANSFERRING","2026-04-15 13:08"
"4815","oht_time_avg","2026-04-15 13:08:07.845+0900","N","","","","MIN","4ACM4701","31.46","ACQUIRED","2026-04-15 13:08"
"4814","oht_time_avg","2026-04-15 13:08:07.845+0900","N","","","","MIN","4ACM4701","9.65","ASSIGN","2026-04-15 13:08"
"4813","oht_time_avg","2026-04-15 13:08:07.845+0900","N","","","","MIN","4ACM4701","0.18","REP","2026-04-15 13:08"
"4824","oht_time_avg","2026-04-15 13:09:06.598+0900","N","","","","MIN","4ACM4701","0.0","COMPLETED","2026-04-15 13:09"
"4823","oht_time_avg","2026-04-15 13:09:06.598+0900","N","","","","MIN","4ACM4701","7.1","DESPOSITED","2026-04-15 13:09"
"4822","oht_time_avg","2026-04-15 13:09:06.598+0900","N","","","","MIN","4ACM4701","129.09","TRANSFERRING","2026-04-15 13:09"
"4821","oht_time_avg","2026-04-15 13:09:06.598+0900","N","","","","MIN","4ACM4701","31.21","ACQUIRED","2026-04-15 13:09"
"4820","oht_time_avg","2026-04-15 13:09:06.598+0900","N","","","","MIN","4ACM4701","10.12","ASSIGN","2026-04-15 13:09"
"4819","oht_time_avg","2026-04-15 13:09:06.598+0900","N","","","","MIN","4ACM4701","1.12","REP","2026-04-15 13:09"
"4830","oht_time_avg","2026-04-15 13:10:07.603+0900","N","","","","MIN","4ACM4701","0.0","COMPLETED","2026-04-15 13:10"
"4829","oht_time_avg","2026-04-15 13:10:07.603+0900","N","","","","MIN","4ACM4701","7.13","DESPOSITED","2026-04-15 13:10"
"4828","oht_time_avg","2026-04-15 13:10:07.603+0900","N","","","","MIN","4ACM4701","121.64","TRANSFERRING","2026-04-15 13:10"
"4827","oht_time_avg","2026-04-15 13:10:07.603+0900","N","","","","MIN","4ACM4701","30.97","ACQUIRED","2026-04-15 13:10"
"4826","oht_time_avg","2026-04-15 13:10:07.603+0900","N","","","","MIN","4ACM4701","11.65","ASSIGN","2026-04-15 13:10"
"4825","oht_time_avg","2026-04-15 13:10:07.603+0900","N","","","","MIN","4ACM4701","1.23","REP","2026-04-15 13:10"
"4836","oht_time_avg","2026-04-15 13:11:06.511+0900","N","","","","MIN","4ACM4701","0.0","COMPLETED","2026-04-15 13:11"
"4835","oht_time_avg","2026-04-15 13:11:06.511+0900","N","","","","MIN","4ACM4701","7.18","DESPOSITED","2026-04-15 13:11"
"4834","oht_time_avg","2026-04-15 13:11:06.511+0900","N","","","","MIN","4ACM4701","137.82","TRANSFERRING","2026-04-15 13:11"
"4833","oht_time_avg","2026-04-15 13:11:06.511+0900","N","","","","MIN","4ACM4701","32.79","ACQUIRED","2026-04-15 13:11"
"4832","oht_time_avg","2026-04-15 13:11:06.511+0900","N","","","","MIN","4ACM4701","10.66","ASSIGN","2026-04-15 13:11"
"4831","oht_time_avg","2026-04-15 13:11:06.511+0900","N","","","","MIN","4ACM4701","0.18","REP","2026-04-15 13:11"
"4842","oht_time_avg","2026-04-15 13:12:07.377+0900","N","","","","MIN","4ACM4701","0.0","COMPLETED","2026-04-15 13:12"
"4841","oht_time_avg","2026-04-15 13:12:07.377+0900","N","","","","MIN","4ACM4701","7.34","DESPOSITED","2026-04-15 13:12"
"4840","oht_time_avg","2026-04-15 13:12:07.377+0900","N","","","","MIN","4ACM4701","131.58","TRANSFERRING","2026-04-15 13:12"
"4839","oht_time_avg","2026-04-15 13:12:07.377+0900","N","","","","MIN","4ACM4701","32.54","ACQUIRED","2026-04-15 13:12"
"4838","oht_time_avg","2026-04-15 13:12:07.377+0900","N","","","","MIN","4ACM4701","12.06","ASSIGN","2026-04-15 13:12"
"4837","oht_time_avg","2026-04-15 13:12:07.377+0900","N","","","","MIN","4ACM4701","1.37","REP","2026-04-15 13:12"
"4848","oht_time_avg","2026-04-15 13:13:07.229+0900","N","","","","MIN","4ACM4701","0.0","COMPLETED","2026-04-15 13:13"
"4847","oht_time_avg","2026-04-15 13:13:07.229+0900","N","","","","MIN","4ACM4701","7.13","DESPOSITED","2026-04-15 13:13"
"4846","oht_time_avg","2026-04-15 13:13:07.229+0900","N","","","","MIN","4ACM4701","124.91","TRANSFERRING","2026-04-15 13:13"
"4845","oht_time_avg","2026-04-15 13:13:07.229+0900","N","","","","MIN","4ACM4701","33.03","ACQUIRED","2026-04-15 13:13"
"4844","oht_time_avg","2026-04-15 13:13:07.229+0900","N","","","","MIN","4ACM4701","11.35","ASSIGN","2026-04-15 13:13"
"4843","oht_time_avg","2026-04-15 13:13:07.229+0900","N","","","","MIN","4ACM4701","0.17","REP","2026-04-15 13:13"
"4854","oht_time_avg","2026-04-15 13:14:06.847+0900","N","","","","MIN","4ACM4701","0.0","COMPLETED","2026-04-15 13:14"
"4853","oht_time_avg","2026-04-15 13:14:06.847+0900","N","","","","MIN","4ACM4701","7.23","DESPOSITED","2026-04-15 13:14"
"4852","oht_time_avg","2026-04-15 13:14:06.847+0900","N","","","","MIN","4ACM4701","130.5","TRANSFERRING","2026-04-15 13:14"
"4851","oht_time_avg","2026-04-15 13:14:06.847+0900","N","","","","MIN","4ACM4701","31.35","ACQUIRED","2026-04-15 13:14"
"4850","oht_time_avg","2026-04-15 13:14:06.847+0900","N","","","","MIN","4ACM4701","11.34","ASSIGN","2026-04-15 13:14"
"4849","oht_time_avg","2026-04-15 13:14:06.847+0900","N","","","","MIN","4ACM4701","0.94","REP","2026-04-15 13:14"
"4860","oht_time_avg","2026-04-15 13:15:07.300+0900","N","","","","MIN","4ACM4701","0.0","COMPLETED","2026-04-15 13:15"
"4859","oht_time_avg","2026-04-15 13:15:07.300+0900","N","","","","MIN","4ACM4701","7.27","DESPOSITED","2026-04-15 13:15"
"4858","oht_time_avg","2026-04-15 13:15:07.300+0900","N","","","","MIN","4ACM4701","126.37","TRANSFERRING","2026-04-15 13:15"
"4857","oht_time_avg","2026-04-15 13:15:07.300+0900","N","","","","MIN","4ACM4701","28.72","ACQUIRED","2026-04-15 13:15"
"4856","oht_time_avg","2026-04-15 13:15:07.300+0900","N","","","","MIN","4ACM4701","11.42","ASSIGN","2026-04-15 13:15"
"4855","oht_time_avg","2026-04-15 13:15:07.300+0900","N","","","","MIN","4ACM4701","0.16","REP","2026-04-15 13:15"
"4866","oht_time_avg","2026-04-15 13:16:06.790+0900","N","","","","MIN","4ACM4701","0.0","COMPLETED","2026-04-15 13:16"
"4865","oht_time_avg","2026-04-15 13:16:06.790+0900","N","","","","MIN","4ACM4701","7.24","DESPOSITED","2026-04-15 13:16"
"4864","oht_time_avg","2026-04-15 13:16:06.790+0900","N","","","","MIN","4ACM4701","131.08","TRANSFERRING","2026-04-15 13:16"
"4863","oht_time_avg","2026-04-15 13:16:06.790+0900","N","","","","MIN","4ACM4701","30.53","ACQUIRED","2026-04-15 13:16"
"4862","oht_time_avg","2026-04-15 13:16:06.790+0900","N","","","","MIN","4ACM4701","8.06","ASSIGN","2026-04-15 13:16"
"4861","oht_time_avg","2026-04-15 13:16:06.790+0900","N","","","","MIN","4ACM4701","0.17","REP","2026-04-15 13:16"
"4872","oht_time_avg","2026-04-15 13:17:06.823+0900","N","","","","MIN","4ACM4701","0.0","COMPLETED","2026-04-15 13:17"
"4871","oht_time_avg","2026-04-15 13:17:06.823+0900","N","","","","MIN","4ACM4701","7.08","DESPOSITED","2026-04-15 13:17"
"4870","oht_time_avg","2026-04-15 13:17:06.823+0900","N","","","","MIN","4ACM4701","124.53","TRANSFERRING","2026-04-15 13:17"
"4869","oht_time_avg","2026-04-15 13:17:06.823+0900","N","","","","MIN","4ACM4701","28.34","ACQUIRED","2026-04-15 13:17"
"4868","oht_time_avg","2026-04-15 13:17:06.823+0900","N","","","","MIN","4ACM4701","9.76","ASSIGN","2026-04-15 13:17"
"4867","oht_time_avg","2026-04-15 13:17:06.823+0900","N","","","","MIN","4ACM4701","0.13","REP","2026-04-15 13:17"
"4878","oht_time_avg","2026-04-15 13:18:06.594+0900","N","","","","MIN","4ACM4701","0.0","COMPLETED","2026-04-15 13:18"
"4877","oht_time_avg","2026-04-15 13:18:06.594+0900","N","","","","MIN","4ACM4701","7.15","DESPOSITED","2026-04-15 13:18"
"4876","oht_time_avg","2026-04-15 13:18:06.594+0900","N","","","","MIN","4ACM4701","125.87","TRANSFERRING","2026-04-15 13:18"
"4875","oht_time_avg","2026-04-15 13:18:06.594+0900","N","","","","MIN","4ACM4701","30.58","ACQUIRED","2026-04-15 13:18"
"4874","oht_time_avg","2026-04-15 13:18:06.594+0900","N","","","","MIN","4ACM4701","10.05","ASSIGN","2026-04-15 13:18"
"4873","oht_time_avg","2026-04-15 13:18:06.594+0900","N","","","","MIN","4ACM4701","0.15","REP","2026-04-15 13:18"
"4884","oht_time_avg","2026-04-15 13:19:06.762+0900","N","","","","MIN","4ACM4701","0.0","COMPLETED","2026-04-15 13:19"
"4883","oht_time_avg","2026-04-15 13:19:06.762+0900","N","","","","MIN","4ACM4701","7.04","DESPOSITED","2026-04-15 13:19"
"4882","oht_time_avg","2026-04-15 13:19:06.762+0900","N","","","","MIN","4ACM4701","122.91","TRANSFERRING","2026-04-15 13:19"
"4881","oht_time_avg","2026-04-15 13:19:06.762+0900","N","","","","MIN","4ACM4701","28.22","ACQUIRED","2026-04-15 13:19"
"4880","oht_time_avg","2026-04-15 13:19:06.762+0900","N","","","","MIN","4ACM4701","10.37","ASSIGN","2026-04-15 13:19"
"4879","oht_time_avg","2026-04-15 13:19:06.762+0900","N","","","","MIN","4ACM4701","0.14","REP","2026-04-15 13:19"
"4890","oht_time_avg","2026-04-15 13:20:07.250+0900","N","","","","MIN","4ACM4701","0.0","COMPLETED","2026-04-15 13:20"
"4889","oht_time_avg","2026-04-15 13:20:07.250+0900","N","","","","MIN","4ACM4701","7.35","DESPOSITED","2026-04-15 13:20"
"4888","oht_time_avg","2026-04-15 13:20:07.250+0900","N","","","","MIN","4ACM4701","120.71","TRANSFERRING","2026-04-15 13:20"
"4887","oht_time_avg","2026-04-15 13:20:07.250+0900","N","","","","MIN","4ACM4701","29.01","ACQUIRED","2026-04-15 13:20"
"4886","oht_time_avg","2026-04-15 13:20:07.250+0900","N","","","","MIN","4ACM4701","9.83","ASSIGN","2026-04-15 13:20"
"4885","oht_time_avg","2026-04-15 13:20:07.250+0900","N","","","","MIN","4ACM4701","0.15","REP","2026-04-15 13:20"
"4896","oht_time_avg","2026-04-15 13:21:07.943+0900","N","","","","MIN","4ACM4701","0.0","COMPLETED","2026-04-15 13:21"
"4895","oht_time_avg","2026-04-15 13:21:07.943+0900","N","","","","MIN","4ACM4701","7.04","DESPOSITED","2026-04-15 13:21"
"4894","oht_time_avg","2026-04-15 13:21:07.943+0900","N","","","","MIN","4ACM4701","130.44","TRANSFERRING","2026-04-15 13:21"
"4893","oht_time_avg","2026-04-15 13:21:07.943+0900","N","","","","MIN","4ACM4701","29.99","ACQUIRED","2026-04-15 13:21"
"4892","oht_time_avg","2026-04-15 13:21:07.943+0900","N","","","","MIN","4ACM4701","10.91","ASSIGN","2026-04-15 13:21"
"4891","oht_time_avg","2026-04-15 13:21:07.943+0900","N","","","","MIN","4ACM4701","0.2","REP","2026-04-15 13:21"
"4902","oht_time_avg","2026-04-15 13:22:07.207+0900","N","","","","MIN","4ACM4701","0.0","COMPLETED","2026-04-15 13:22"
"4901","oht_time_avg","2026-04-15 13:22:07.207+0900","N","","","","MIN","4ACM4701","7.34","DESPOSITED","2026-04-15 13:22"
"4900","oht_time_avg","2026-04-15 13:22:07.207+0900","N","","","","MIN","4ACM4701","131.34","TRANSFERRING","2026-04-15 13:22"
"4899","oht_time_avg","2026-04-15 13:22:07.207+0900","N","","","","MIN","4ACM4701","33.19","ACQUIRED","2026-04-15 13:22"
"4898","oht_time_avg","2026-04-15 13:22:07.207+0900","N","","","","MIN","4ACM4701","11.19","ASSIGN","2026-04-15 13:22"
"4897","oht_time_avg","2026-04-15 13:22:07.207+0900","N","","","","MIN","4ACM4701","1.36","REP","2026-04-15 13:22"
"4908","oht_time_avg","2026-04-15 13:23:06.689+0900","N","","","","MIN","4ACM4701","0.0","COMPLETED","2026-04-15 13:23"
"4907","oht_time_avg","2026-04-15 13:23:06.689+0900","N","","","","MIN","4ACM4701","7.12","DESPOSITED","2026-04-15 13:23"
"4906","oht_time_avg","2026-04-15 13:23:06.689+0900","N","","","","MIN","4ACM4701","120.17","TRANSFERRING","2026-04-15 13:23"
"4905","oht_time_avg","2026-04-15 13:23:06.689+0900","N","","","","MIN","4ACM4701","33.22","ACQUIRED","2026-04-15 13:23"
"4904","oht_time_avg","2026-04-15 13:23:06.689+0900","N","","","","MIN","4ACM4701","10.68","ASSIGN","2026-04-15 13:23"
"4903","oht_time_avg","2026-04-15 13:23:06.689+0900","N","","","","MIN","4ACM4701","0.22","REP","2026-04-15 13:23"
"4914","oht_time_avg","2026-04-15 13:24:06.447+0900","N","","","","MIN","4ACM4701","0.0","COMPLETED","2026-04-15 13:24"
"4913","oht_time_avg","2026-04-15 13:24:06.447+0900","N","","","","MIN","4ACM4701","7.24","DESPOSITED","2026-04-15 13:24"
"4912","oht_time_avg","2026-04-15 13:24:06.447+0900","N","","","","MIN","4ACM4701","132.86","TRANSFERRING","2026-04-15 13:24"
"4911","oht_time_avg","2026-04-15 13:24:06.447+0900","N","","","","MIN","4ACM4701","31.74","ACQUIRED","2026-04-15 13:24"
"4910","oht_time_avg","2026-04-15 13:24:06.447+0900","N","","","","MIN","4ACM4701","10.56","ASSIGN","2026-04-15 13:24"
"4909","oht_time_avg","2026-04-15 13:24:06.447+0900","N","","","","MIN","4ACM4701","0.87","REP","2026-04-15 13:24"
"4920","oht_time_avg","2026-04-15 13:25:10.174+0900","N","","","","MIN","4ACM4701","0.0","COMPLETED","2026-04-15 13:25"
"4919","oht_time_avg","2026-04-15 13:25:10.174+0900","N","","","","MIN","4ACM4701","7.18","DESPOSITED","2026-04-15 13:25"
"4918","oht_time_avg","2026-04-15 13:25:10.174+0900","N","","","","MIN","4ACM4701","128.23","TRANSFERRING","2026-04-15 13:25"
"4917","oht_time_avg","2026-04-15 13:25:10.174+0900","N","","","","MIN","4ACM4701","28.5","ACQUIRED","2026-04-15 13:25"
"4916","oht_time_avg","2026-04-15 13:25:10.174+0900","N","","","","MIN","4ACM4701","9.94","ASSIGN","2026-04-15 13:25"
"4915","oht_time_avg","2026-04-15 13:25:10.174+0900","N","","","","MIN","4ACM4701","0.17","REP","2026-04-15 13:25"
"4926","oht_time_avg","2026-04-15 13:26:06.341+0900","N","","","","MIN","4ACM4701","0.0","COMPLETED","2026-04-15 13:26"
"4925","oht_time_avg","2026-04-15 13:26:06.341+0900","N","","","","MIN","4ACM4701","7.15","DESPOSITED","2026-04-15 13:26"
"4924","oht_time_avg","2026-04-15 13:26:06.341+0900","N","","","","MIN","4ACM4701","130.0","TRANSFERRING","2026-04-15 13:26"
"4923","oht_time_avg","2026-04-15 13:26:06.341+0900","N","","","","MIN","4ACM4701","31.36","ACQUIRED","2026-04-15 13:26"
"4922","oht_time_avg","2026-04-15 13:26:06.341+0900","N","","","","MIN","4ACM4701","9.1","ASSIGN","2026-04-15 13:26"
"4921","oht_time_avg","2026-04-15 13:26:06.341+0900","N","","","","MIN","4ACM4701","0.15","REP","2026-04-15 13:26"
"4932","oht_time_avg","2026-04-15 13:27:07.137+0900","N","","","","MIN","4ACM4701","0.0","COMPLETED","2026-04-15 13:27"
"4931","oht_time_avg","2026-04-15 13:27:07.137+0900","N","","","","MIN","4ACM4701","7.14","DESPOSITED","2026-04-15 13:27"
"4930","oht_time_avg","2026-04-15 13:27:07.137+0900","N","","","","MIN","4ACM4701","129.81","TRANSFERRING","2026-04-15 13:27"
"4929","oht_time_avg","2026-04-15 13:27:07.137+0900","N","","","","MIN","4ACM4701","30.95","ACQUIRED","2026-04-15 13:27"
"4928","oht_time_avg","2026-04-15 13:27:07.137+0900","N","","","","MIN","4ACM4701","9.89","ASSIGN","2026-04-15 13:27"
"4927","oht_time_avg","2026-04-15 13:27:07.137+0900","N","","","","MIN","4ACM4701","0.19","REP","2026-04-15 13:27"
"4938","oht_time_avg","2026-04-15 13:28:06.786+0900","N","","","","MIN","4ACM4701","0.0","COMPLETED","2026-04-15 13:28"
"4937","oht_time_avg","2026-04-15 13:28:06.786+0900","N","","","","MIN","4ACM4701","7.29","DESPOSITED","2026-04-15 13:28"
"4936","oht_time_avg","2026-04-15 13:28:06.786+0900","N","","","","MIN","4ACM4701","129.95","TRANSFERRING","2026-04-15 13:28"
"4935","oht_time_avg","2026-04-15 13:28:06.786+0900","N","","","","MIN","4ACM4701","32.68","ACQUIRED","2026-04-15 13:28"
"4934","oht_time_avg","2026-04-15 13:28:06.786+0900","N","","","","MIN","4ACM4701","10.56","ASSIGN","2026-04-15 13:28"
"4933","oht_time_avg","2026-04-15 13:28:06.786+0900","N","","","","MIN","4ACM4701","0.18","REP","2026-04-15 13:28"
"4944","oht_time_avg","2026-04-15 13:29:07.136+0900","N","","","","MIN","4ACM4701","0.0","COMPLETED","2026-04-15 13:29"
"4943","oht_time_avg","2026-04-15 13:29:07.136+0900","N","","","","MIN","4ACM4701","7.06","DESPOSITED","2026-04-15 13:29"
"4942","oht_time_avg","2026-04-15 13:29:07.136+0900","N","","","","MIN","4ACM4701","123.11","TRANSFERRING","2026-04-15 13:29"
"4941","oht_time_avg","2026-04-15 13:29:07.136+0900","N","","","","MIN","4ACM4701","32.71","ACQUIRED","2026-04-15 13:29"
"4940","oht_time_avg","2026-04-15 13:29:07.136+0900","N","","","","MIN","4ACM4701","11.28","ASSIGN","2026-04-15 13:29"
"4939","oht_time_avg","2026-04-15 13:29:07.136+0900","N","","","","MIN","4ACM4701","0.78","REP","2026-04-15 13:29"
"4950","oht_time_avg","2026-04-15 13:30:06.542+0900","N","","","","MIN","4ACM4701","0.0","COMPLETED","2026-04-15 13:30"
"4949","oht_time_avg","2026-04-15 13:30:06.542+0900","N","","","","MIN","4ACM4701","7.09","DESPOSITED","2026-04-15 13:30"
"4948","oht_time_avg","2026-04-15 13:30:06.542+0900","N","","","","MIN","4ACM4701","125.99","TRANSFERRING","2026-04-15 13:30"
"4947","oht_time_avg","2026-04-15 13:30:06.542+0900","N","","","","MIN","4ACM4701","34.67","ACQUIRED","2026-04-15 13:30"
"4946","oht_time_avg","2026-04-15 13:30:06.542+0900","N","","","","MIN","4ACM4701","13.0","ASSIGN","2026-04-15 13:30"
"4945","oht_time_avg","2026-04-15 13:30:06.542+0900","N","","","","MIN","4ACM4701","0.95","REP","2026-04-15 13:30"
"4956","oht_time_avg","2026-04-15 13:31:08.287+0900","N","","","","MIN","4ACM4701","0.0","COMPLETED","2026-04-15 13:31"
"4955","oht_time_avg","2026-04-15 13:31:08.287+0900","N","","","","MIN","4ACM4701","7.28","DESPOSITED","2026-04-15 13:31"
"4954","oht_time_avg","2026-04-15 13:31:08.287+0900","N","","","","MIN","4ACM4701","132.99","TRANSFERRING","2026-04-15 13:31"
"4953","oht_time_avg","2026-04-15 13:31:08.287+0900","N","","","","MIN","4ACM4701","32.84","ACQUIRED","2026-04-15 13:31"
"4952","oht_time_avg","2026-04-15 13:31:08.287+0900","N","","","","MIN","4ACM4701","13.05","ASSIGN","2026-04-15 13:31"
"4951","oht_time_avg","2026-04-15 13:31:08.287+0900","N","","","","MIN","4ACM4701","0.2","REP","2026-04-15 13:31"
"4962","oht_time_avg","2026-04-15 13:32:08.121+0900","N","","","","MIN","4ACM4701","0.0","COMPLETED","2026-04-15 13:32"
"4961","oht_time_avg","2026-04-15 13:32:08.121+0900","N","","","","MIN","4ACM4701","7.22","DESPOSITED","2026-04-15 13:32"
"4960","oht_time_avg","2026-04-15 13:32:08.121+0900","N","","","","MIN","4ACM4701","127.15","TRANSFERRING","2026-04-15 13:32"
"4959","oht_time_avg","2026-04-15 13:32:08.121+0900","N","","","","MIN","4ACM4701","33.17","ACQUIRED","2026-04-15 13:32"
"4958","oht_time_avg","2026-04-15 13:32:08.121+0900","N","","","","MIN","4ACM4701","12.87","ASSIGN","2026-04-15 13:32"
"4957","oht_time_avg","2026-04-15 13:32:08.121+0900","N","","","","MIN","4ACM4701","0.19","REP","2026-04-15 13:32"
"4968","oht_time_avg","2026-04-15 13:33:07.209+0900","N","","","","MIN","4ACM4701","0.0","COMPLETED","2026-04-15 13:33"
"4967","oht_time_avg","2026-04-15 13:33:07.209+0900","N","","","","MIN","4ACM4701","7.3","DESPOSITED","2026-04-15 13:33"
"4966","oht_time_avg","2026-04-15 13:33:07.209+0900","N","","","","MIN","4ACM4701","127.42","TRANSFERRING","2026-04-15 13:33"
"4965","oht_time_avg","2026-04-15 13:33:07.209+0900","N","","","","MIN","4ACM4701","31.32","ACQUIRED","2026-04-15 13:33"
"4964","oht_time_avg","2026-04-15 13:33:07.209+0900","N","","","","MIN","4ACM4701","11.62","ASSIGN","2026-04-15 13:33"
"4963","oht_time_avg","2026-04-15 13:33:07.209+0900","N","","","","MIN","4ACM4701","2.27","REP","2026-04-15 13:33"
"4974","oht_time_avg","2026-04-15 13:34:07.553+0900","N","","","","MIN","4ACM4701","0.0","COMPLETED","2026-04-15 13:34"
"4973","oht_time_avg","2026-04-15 13:34:07.553+0900","N","","","","MIN","4ACM4701","7.56","DESPOSITED","2026-04-15 13:34"
"4972","oht_time_avg","2026-04-15 13:34:07.553+0900","N","","","","MIN","4ACM4701","126.99","TRANSFERRING","2026-04-15 13:34"
"4971","oht_time_avg","2026-04-15 13:34:07.553+0900","N","","","","MIN","4ACM4701","32.81","ACQUIRED","2026-04-15 13:34"
"4970","oht_time_avg","2026-04-15 13:34:07.553+0900","N","","","","MIN","4ACM4701","13.15","ASSIGN","2026-04-15 13:34"
"4969","oht_time_avg","2026-04-15 13:34:07.553+0900","N","","","","MIN","4ACM4701","0.17","REP","2026-04-15 13:34"
"4980","oht_time_avg","2026-04-15 13:35:06.827+0900","N","","","","MIN","4ACM4701","0.0","COMPLETED","2026-04-15 13:35"
"4979","oht_time_avg","2026-04-15 13:35:06.827+0900","N","","","","MIN","4ACM4701","7.11","DESPOSITED","2026-04-15 13:35"
"4978","oht_time_avg","2026-04-15 13:35:06.827+0900","N","","","","MIN","4ACM4701","125.58","TRANSFERRING","2026-04-15 13:35"
"4977","oht_time_avg","2026-04-15 13:35:06.827+0900","N","","","","MIN","4ACM4701","31.9","ACQUIRED","2026-04-15 13:35"
"4976","oht_time_avg","2026-04-15 13:35:06.827+0900","N","","","","MIN","4ACM4701","10.81","ASSIGN","2026-04-15 13:35"
"4975","oht_time_avg","2026-04-15 13:35:06.827+0900","N","","","","MIN","4ACM4701","0.13","REP","2026-04-15 13:35"
"4986","oht_time_avg","2026-04-15 13:36:08.020+0900","N","","","","MIN","4ACM4701","0.0","COMPLETED","2026-04-15 13:36"
"4985","oht_time_avg","2026-04-15 13:36:08.020+0900","N","","","","MIN","4ACM4701","7.22","DESPOSITED","2026-04-15 13:36"
"4984","oht_time_avg","2026-04-15 13:36:08.020+0900","N","","","","MIN","4ACM4701","130.51","TRANSFERRING","2026-04-15 13:36"
"4983","oht_time_avg","2026-04-15 13:36:08.020+0900","N","","","","MIN","4ACM4701","31.95","ACQUIRED","2026-04-15 13:36"
"4982","oht_time_avg","2026-04-15 13:36:08.020+0900","N","","","","MIN","4ACM4701","11.87","ASSIGN","2026-04-15 13:36"
"4981","oht_time_avg","2026-04-15 13:36:08.020+0900","N","","","","MIN","4ACM4701","0.17","REP","2026-04-15 13:36"
"4992","oht_time_avg","2026-04-15 13:37:07.858+0900","N","","","","MIN","4ACM4701","0.0","COMPLETED","2026-04-15 13:37"
"4991","oht_time_avg","2026-04-15 13:37:07.858+0900","N","","","","MIN","4ACM4701","7.28","DESPOSITED","2026-04-15 13:37"
"4990","oht_time_avg","2026-04-15 13:37:07.858+0900","N","","","","MIN","4ACM4701","130.15","TRANSFERRING","2026-04-15 13:37"
"4989","oht_time_avg","2026-04-15 13:37:07.858+0900","N","","","","MIN","4ACM4701","31.54","ACQUIRED","2026-04-15 13:37"
"4988","oht_time_avg","2026-04-15 13:37:07.858+0900","N","","","","MIN","4ACM4701","11.24","ASSIGN","2026-04-15 13:37"
"4987","oht_time_avg","2026-04-15 13:37:07.858+0900","N","","","","MIN","4ACM4701","0.16","REP","2026-04-15 13:37"
"4998","oht_time_avg","2026-04-15 13:38:06.564+0900","N","","","","MIN","4ACM4701","0.0","COMPLETED","2026-04-15 13:38"
"4997","oht_time_avg","2026-04-15 13:38:06.564+0900","N","","","","MIN","4ACM4701","7.21","DESPOSITED","2026-04-15 13:38"
"4996","oht_time_avg","2026-04-15 13:38:06.564+0900","N","","","","MIN","4ACM4701","125.84","TRANSFERRING","2026-04-15 13:38"
"4995","oht_time_avg","2026-04-15 13:38:06.564+0900","N","","","","MIN","4ACM4701","31.85","ACQUIRED","2026-04-15 13:38"
"4994","oht_time_avg","2026-04-15 13:38:06.564+0900","N","","","","MIN","4ACM4701","12.89","ASSIGN","2026-04-15 13:38"
"4993","oht_time_avg","2026-04-15 13:38:06.564+0900","N","","","","MIN","4ACM4701","0.21","REP","2026-04-15 13:38"
"5004","oht_time_avg","2026-04-15 13:39:07.018+0900","N","","","","MIN","4ACM4701","0.0","COMPLETED","2026-04-15 13:39"
"5003","oht_time_avg","2026-04-15 13:39:07.018+0900","N","","","","MIN","4ACM4701","7.1","DESPOSITED","2026-04-15 13:39"
"5002","oht_time_avg","2026-04-15 13:39:07.018+0900","N","","","","MIN","4ACM4701","123.3","TRANSFERRING","2026-04-15 13:39"
"5001","oht_time_avg","2026-04-15 13:39:07.018+0900","N","","","","MIN","4ACM4701","32.2","ACQUIRED","2026-04-15 13:39"
"5000","oht_time_avg","2026-04-15 13:39:07.018+0900","N","","","","MIN","4ACM4701","11.91","ASSIGN","2026-04-15 13:39"
"4999","oht_time_avg","2026-04-15 13:39:07.018+0900","N","","","","MIN","4ACM4701","0.59","REP","2026-04-15 13:39"
"5010","oht_time_avg","2026-04-15 13:40:06.987+0900","N","","","","MIN","4ACM4701","0.0","COMPLETED","2026-04-15 13:40"
"5009","oht_time_avg","2026-04-15 13:40:06.987+0900","N","","","","MIN","4ACM4701","7.29","DESPOSITED","2026-04-15 13:40"
"5008","oht_time_avg","2026-04-15 13:40:06.987+0900","N","","","","MIN","4ACM4701","135.33","TRANSFERRING","2026-04-15 13:40"
"5007","oht_time_avg","2026-04-15 13:40:06.987+0900","N","","","","MIN","4ACM4701","32.57","ACQUIRED","2026-04-15 13:40"
"5006","oht_time_avg","2026-04-15 13:40:06.987+0900","N","","","","MIN","4ACM4701","12.22","ASSIGN","2026-04-15 13:40"
"5005","oht_time_avg","2026-04-15 13:40:06.987+0900","N","","","","MIN","4ACM4701","0.17","REP","2026-04-15 13:40"
"5016","oht_time_avg","2026-04-15 13:41:06.528+0900","N","","","","MIN","4ACM4701","0.0","COMPLETED","2026-04-15 13:41"
"5015","oht_time_avg","2026-04-15 13:41:06.528+0900","N","","","","MIN","4ACM4701","7.22","DESPOSITED","2026-04-15 13:41"
"5014","oht_time_avg","2026-04-15 13:41:06.528+0900","N","","","","MIN","4ACM4701","124.01","TRANSFERRING","2026-04-15 13:41"
"5013","oht_time_avg","2026-04-15 13:41:06.528+0900","N","","","","MIN","4ACM4701","32.82","ACQUIRED","2026-04-15 13:41"
"5012","oht_time_avg","2026-04-15 13:41:06.528+0900","N","","","","MIN","4ACM4701","12.32","ASSIGN","2026-04-15 13:41"
"5011","oht_time_avg","2026-04-15 13:41:06.528+0900","N","","","","MIN","4ACM4701","0.19","REP","2026-04-15 13:41"
"5022","oht_time_avg","2026-04-15 13:42:07.288+0900","N","","","","MIN","4ACM4701","0.0","COMPLETED","2026-04-15 13:42"
"5021","oht_time_avg","2026-04-15 13:42:07.288+0900","N","","","","MIN","4ACM4701","7.14","DESPOSITED","2026-04-15 13:42"
"5020","oht_time_avg","2026-04-15 13:42:07.288+0900","N","","","","MIN","4ACM4701","138.76","TRANSFERRING","2026-04-15 13:42"
"5019","oht_time_avg","2026-04-15 13:42:07.288+0900","N","","","","MIN","4ACM4701","31.89","ACQUIRED","2026-04-15 13:42"
"5018","oht_time_avg","2026-04-15 13:42:07.288+0900","N","","","","MIN","4ACM4701","12.95","ASSIGN","2026-04-15 13:42"
"5017","oht_time_avg","2026-04-15 13:42:07.288+0900","N","","","","MIN","4ACM4701","0.2","REP","2026-04-15 13:42"
"5028","oht_time_avg","2026-04-15 13:43:08.817+0900","N","","","","MIN","4ACM4701","0.0","COMPLETED","2026-04-15 13:43"
"5027","oht_time_avg","2026-04-15 13:43:08.817+0900","N","","","","MIN","4ACM4701","7.06","DESPOSITED","2026-04-15 13:43"
"5026","oht_time_avg","2026-04-15 13:43:08.817+0900","N","","","","MIN","4ACM4701","139.29","TRANSFERRING","2026-04-15 13:43"
"5025","oht_time_avg","2026-04-15 13:43:08.817+0900","N","","","","MIN","4ACM4701","33.76","ACQUIRED","2026-04-15 13:43"
"5024","oht_time_avg","2026-04-15 13:43:08.817+0900","N","","","","MIN","4ACM4701","11.59","ASSIGN","2026-04-15 13:43"
"5023","oht_time_avg","2026-04-15 13:43:08.817+0900","N","","","","MIN","4ACM4701","0.18","REP","2026-04-15 13:43"
"5034","oht_time_avg","2026-04-15 13:44:06.899+0900","N","","","","MIN","4ACM4701","0.0","COMPLETED","2026-04-15 13:44"
"5033","oht_time_avg","2026-04-15 13:44:06.899+0900","N","","","","MIN","4ACM4701","7.2","DESPOSITED","2026-04-15 13:44"
"5032","oht_time_avg","2026-04-15 13:44:06.899+0900","N","","","","MIN","4ACM4701","137.52","TRANSFERRING","2026-04-15 13:44"
"5031","oht_time_avg","2026-04-15 13:44:06.899+0900","N","","","","MIN","4ACM4701","31.62","ACQUIRED","2026-04-15 13:44"
"5030","oht_time_avg","2026-04-15 13:44:06.899+0900","N","","","","MIN","4ACM4701","14.2","ASSIGN","2026-04-15 13:44"
"5029","oht_time_avg","2026-04-15 13:44:06.899+0900","N","","","","MIN","4ACM4701","0.16","REP","2026-04-15 13:44"
"5040","oht_time_avg","2026-04-15 13:45:07.164+0900","N","","","","MIN","4ACM4701","0.0","COMPLETED","2026-04-15 13:45"
"5039","oht_time_avg","2026-04-15 13:45:07.164+0900","N","","","","MIN","4ACM4701","7.36","DESPOSITED","2026-04-15 13:45"
"5038","oht_time_avg","2026-04-15 13:45:07.164+0900","N","","","","MIN","4ACM4701","136.2","TRANSFERRING","2026-04-15 13:45"
"5037","oht_time_avg","2026-04-15 13:45:07.164+0900","N","","","","MIN","4ACM4701","33.5","ACQUIRED","2026-04-15 13:45"
"5036","oht_time_avg","2026-04-15 13:45:07.164+0900","N","","","","MIN","4ACM4701","12.24","ASSIGN","2026-04-15 13:45"
"5035","oht_time_avg","2026-04-15 13:45:07.164+0900","N","","","","MIN","4ACM4701","0.18","REP","2026-04-15 13:45"
"5046","oht_time_avg","2026-04-15 13:46:06.721+0900","N","","","","MIN","4ACM4701","0.0","COMPLETED","2026-04-15 13:46"
"5045","oht_time_avg","2026-04-15 13:46:06.721+0900","N","","","","MIN","4ACM4701","7.01","DESPOSITED","2026-04-15 13:46"
"5044","oht_time_avg","2026-04-15 13:46:06.721+0900","N","","","","MIN","4ACM4701","131.37","TRANSFERRING","2026-04-15 13:46"
"5043","oht_time_avg","2026-04-15 13:46:06.721+0900","N","","","","MIN","4ACM4701","33.86","ACQUIRED","2026-04-15 13:46"
"5042","oht_time_avg","2026-04-15 13:46:06.721+0900","N","","","","MIN","4ACM4701","12.37","ASSIGN","2026-04-15 13:46"
"5041","oht_time_avg","2026-04-15 13:46:06.721+0900","N","","","","MIN","4ACM4701","3.7","REP","2026-04-15 13:46"
"5052","oht_time_avg","2026-04-15 13:47:08.893+0900","N","","","","MIN","4ACM4701","0.0","COMPLETED","2026-04-15 13:47"
"5051","oht_time_avg","2026-04-15 13:47:08.893+0900","N","","","","MIN","4ACM4701","7.11","DESPOSITED","2026-04-15 13:47"
"5050","oht_time_avg","2026-04-15 13:47:08.893+0900","N","","","","MIN","4ACM4701","134.48","TRANSFERRING","2026-04-15 13:47"
"5049","oht_time_avg","2026-04-15 13:47:08.893+0900","N","","","","MIN","4ACM4701","34.36","ACQUIRED","2026-04-15 13:47"
"5048","oht_time_avg","2026-04-15 13:47:08.893+0900","N","","","","MIN","4ACM4701","13.33","ASSIGN","2026-04-15 13:47"
"5047","oht_time_avg","2026-04-15 13:47:08.893+0900","N","","","","MIN","4ACM4701","0.19","REP","2026-04-15 13:47"
"5058","oht_time_avg","2026-04-15 13:48:06.533+0900","N","","","","MIN","4ACM4701","0.0","COMPLETED","2026-04-15 13:48"
"5057","oht_time_avg","2026-04-15 13:48:06.533+0900","N","","","","MIN","4ACM4701","7.18","DESPOSITED","2026-04-15 13:48"
"5056","oht_time_avg","2026-04-15 13:48:06.533+0900","N","","","","MIN","4ACM4701","138.64","TRANSFERRING","2026-04-15 13:48"
"5055","oht_time_avg","2026-04-15 13:48:06.533+0900","N","","","","MIN","4ACM4701","33.5","ACQUIRED","2026-04-15 13:48"
"5054","oht_time_avg","2026-04-15 13:48:06.533+0900","N","","","","MIN","4ACM4701","15.74","ASSIGN","2026-04-15 13:48"
"5053","oht_time_avg","2026-04-15 13:48:06.533+0900","N","","","","MIN","4ACM4701","0.17","REP","2026-04-15 13:48"
"5064","oht_time_avg","2026-04-15 13:49:07.845+0900","N","","","","MIN","4ACM4701","0.0","COMPLETED","2026-04-15 13:49"
"5063","oht_time_avg","2026-04-15 13:49:07.845+0900","N","","","","MIN","4ACM4701","7.29","DESPOSITED","2026-04-15 13:49"
"5062","oht_time_avg","2026-04-15 13:49:07.845+0900","N","","","","MIN","4ACM4701","130.32","TRANSFERRING","2026-04-15 13:49"
"5061","oht_time_avg","2026-04-15 13:49:07.845+0900","N","","","","MIN","4ACM4701","35.06","ACQUIRED","2026-04-15 13:49"
"5060","oht_time_avg","2026-04-15 13:49:07.845+0900","N","","","","MIN","4ACM4701","14.55","ASSIGN","2026-04-15 13:49"
"5059","oht_time_avg","2026-04-15 13:49:07.845+0900","N","","","","MIN","4ACM4701","0.17","REP","2026-04-15 13:49"
"5070","oht_time_avg","2026-04-15 13:50:06.593+0900","N","","","","MIN","4ACM4701","0.0","COMPLETED","2026-04-15 13:50"
"5069","oht_time_avg","2026-04-15 13:50:06.593+0900","N","","","","MIN","4ACM4701","7.31","DESPOSITED","2026-04-15 13:50"
"5068","oht_time_avg","2026-04-15 13:50:06.593+0900","N","","","","MIN","4ACM4701","128.95","TRANSFERRING","2026-04-15 13:50"
"5067","oht_time_avg","2026-04-15 13:50:06.593+0900","N","","","","MIN","4ACM4701","30.97","ACQUIRED","2026-04-15 13:50"
"5066","oht_time_avg","2026-04-15 13:50:06.593+0900","N","","","","MIN","4ACM4701","12.4","ASSIGN","2026-04-15 13:50"
"5065","oht_time_avg","2026-04-15 13:50:06.593+0900","N","","","","MIN","4ACM4701","0.18","REP","2026-04-15 13:50"
"5076","oht_time_avg","2026-04-15 13:51:07.228+0900","N","","","","MIN","4ACM4701","3.44","COMPLETED","2026-04-15 13:51"
"5075","oht_time_avg","2026-04-15 13:51:07.228+0900","N","","","","MIN","4ACM4701","7.38","DESPOSITED","2026-04-15 13:51"
"5074","oht_time_avg","2026-04-15 13:51:07.228+0900","N","","","","MIN","4ACM4701","132.88","TRANSFERRING","2026-04-15 13:51"
"5073","oht_time_avg","2026-04-15 13:51:07.228+0900","N","","","","MIN","4ACM4701","30.21","ACQUIRED","2026-04-15 13:51"
"5072","oht_time_avg","2026-04-15 13:51:07.228+0900","N","","","","MIN","4ACM4701","10.9","ASSIGN","2026-04-15 13:51"
"5071","oht_time_avg","2026-04-15 13:51:07.228+0900","N","","","","MIN","4ACM4701","0.16","REP","2026-04-15 13:51"
"5082","oht_time_avg","2026-04-15 13:52:07.274+0900","N","","","","MIN","4ACM4701","0.0","COMPLETED","2026-04-15 13:52"
"5081","oht_time_avg","2026-04-15 13:52:07.274+0900","N","","","","MIN","4ACM4701","7.16","DESPOSITED","2026-04-15 13:52"
"5080","oht_time_avg","2026-04-15 13:52:07.274+0900","N","","","","MIN","4ACM4701","141.38","TRANSFERRING","2026-04-15 13:52"
"5079","oht_time_avg","2026-04-15 13:52:07.274+0900","N","","","","MIN","4ACM4701","32.33","ACQUIRED","2026-04-15 13:52"
"5078","oht_time_avg","2026-04-15 13:52:07.274+0900","N","","","","MIN","4ACM4701","10.94","ASSIGN","2026-04-15 13:52"
"5077","oht_time_avg","2026-04-15 13:52:07.274+0900","N","","","","MIN","4ACM4701","0.18","REP","2026-04-15 13:52"
"5088","oht_time_avg","2026-04-15 13:53:07.611+0900","N","","","","MIN","4ACM4701","4.94","COMPLETED","2026-04-15 13:53"
"5087","oht_time_avg","2026-04-15 13:53:07.611+0900","N","","","","MIN","4ACM4701","7.25","DESPOSITED","2026-04-15 13:53"
"5086","oht_time_avg","2026-04-15 13:53:07.611+0900","N","","","","MIN","4ACM4701","129.06","TRANSFERRING","2026-04-15 13:53"
"5085","oht_time_avg","2026-04-15 13:53:07.611+0900","N","","","","MIN","4ACM4701","30.97","ACQUIRED","2026-04-15 13:53"
"5084","oht_time_avg","2026-04-15 13:53:07.611+0900","N","","","","MIN","4ACM4701","12.71","ASSIGN","2026-04-15 13:53"
"5083","oht_time_avg","2026-04-15 13:53:07.611+0900","N","","","","MIN","4ACM4701","0.16","REP","2026-04-15 13:53"
"5094","oht_time_avg","2026-04-15 13:54:07.305+0900","N","","","","MIN","4ACM4701","0.0","COMPLETED","2026-04-15 13:54"
"5093","oht_time_avg","2026-04-15 13:54:07.305+0900","N","","","","MIN","4ACM4701","7.16","DESPOSITED","2026-04-15 13:54"
"5092","oht_time_avg","2026-04-15 13:54:07.305+0900","N","","","","MIN","4ACM4701","127.81","TRANSFERRING","2026-04-15 13:54"
"5091","oht_time_avg","2026-04-15 13:54:07.305+0900","N","","","","MIN","4ACM4701","30.56","ACQUIRED","2026-04-15 13:54"
"5090","oht_time_avg","2026-04-15 13:54:07.305+0900","N","","","","MIN","4ACM4701","9.52","ASSIGN","2026-04-15 13:54"
"5089","oht_time_avg","2026-04-15 13:54:07.305+0900","N","","","","MIN","4ACM4701","0.17","REP","2026-04-15 13:54"
"5100","oht_time_avg","2026-04-15 13:55:07.976+0900","N","","","","MIN","4ACM4701","0.0","COMPLETED","2026-04-15 13:55"
"5099","oht_time_avg","2026-04-15 13:55:07.976+0900","N","","","","MIN","4ACM4701","7.13","DESPOSITED","2026-04-15 13:55"
"5098","oht_time_avg","2026-04-15 13:55:07.976+0900","N","","","","MIN","4ACM4701","135.94","TRANSFERRING","2026-04-15 13:55"
"5097","oht_time_avg","2026-04-15 13:55:07.976+0900","N","","","","MIN","4ACM4701","30.86","ACQUIRED","2026-04-15 13:55"
"5096","oht_time_avg","2026-04-15 13:55:07.976+0900","N","","","","MIN","4ACM4701","11.95","ASSIGN","2026-04-15 13:55"
"5095","oht_time_avg","2026-04-15 13:55:07.976+0900","N","","","","MIN","4ACM4701","0.15","REP","2026-04-15 13:55"
"5106","oht_time_avg","2026-04-15 13:56:06.992+0900","N","","","","MIN","4ACM4701","0.0","COMPLETED","2026-04-15 13:56"
"5105","oht_time_avg","2026-04-15 13:56:06.992+0900","N","","","","MIN","4ACM4701","7.03","DESPOSITED","2026-04-15 13:56"
"5104","oht_time_avg","2026-04-15 13:56:06.992+0900","N","","","","MIN","4ACM4701","136.16","TRANSFERRING","2026-04-15 13:56"
"5103","oht_time_avg","2026-04-15 13:56:06.992+0900","N","","","","MIN","4ACM4701","30.0","ACQUIRED","2026-04-15 13:56"
"5102","oht_time_avg","2026-04-15 13:56:06.992+0900","N","","","","MIN","4ACM4701","10.34","ASSIGN","2026-04-15 13:56"
"5101","oht_time_avg","2026-04-15 13:56:06.992+0900","N","","","","MIN","4ACM4701","0.98","REP","2026-04-15 13:56"
"5112","oht_time_avg","2026-04-15 13:57:07.477+0900","N","","","","MIN","4ACM4701","1.95","COMPLETED","2026-04-15 13:57"
"5111","oht_time_avg","2026-04-15 13:57:07.477+0900","N","","","","MIN","4ACM4701","7.2","DESPOSITED","2026-04-15 13:57"
"5110","oht_time_avg","2026-04-15 13:57:07.477+0900","N","","","","MIN","4ACM4701","134.37","TRANSFERRING","2026-04-15 13:57"
"5109","oht_time_avg","2026-04-15 13:57:07.477+0900","N","","","","MIN","4ACM4701","31.51","ACQUIRED","2026-04-15 13:57"
"5108","oht_time_avg","2026-04-15 13:57:07.477+0900","N","","","","MIN","4ACM4701","8.84","ASSIGN","2026-04-15 13:57"
"5107","oht_time_avg","2026-04-15 13:57:07.477+0900","N","","","","MIN","4ACM4701","0.18","REP","2026-04-15 13:57"
"5118","oht_time_avg","2026-04-15 13:58:06.680+0900","N","","","","MIN","4ACM4701","0.0","COMPLETED","2026-04-15 13:58"
"5117","oht_time_avg","2026-04-15 13:58:06.680+0900","N","","","","MIN","4ACM4701","7.21","DESPOSITED","2026-04-15 13:58"
"5116","oht_time_avg","2026-04-15 13:58:06.680+0900","N","","","","MIN","4ACM4701","138.41","TRANSFERRING","2026-04-15 13:58"
"5115","oht_time_avg","2026-04-15 13:58:06.680+0900","N","","","","MIN","4ACM4701","28.81","ACQUIRED","2026-04-15 13:58"
"5114","oht_time_avg","2026-04-15 13:58:06.680+0900","N","","","","MIN","4ACM4701","9.33","ASSIGN","2026-04-15 13:58"
"5113","oht_time_avg","2026-04-15 13:58:06.680+0900","N","","","","MIN","4ACM4701","0.15","REP","2026-04-15 13:58"
"5124","oht_time_avg","2026-04-15 13:59:07.868+0900","N","","","","MIN","4ACM4701","0.0","COMPLETED","2026-04-15 13:59"
"5123","oht_time_avg","2026-04-15 13:59:07.868+0900","N","","","","MIN","4ACM4701","7.18","DESPOSITED","2026-04-15 13:59"
"5122","oht_time_avg","2026-04-15 13:59:07.868+0900","N","","","","MIN","4ACM4701","129.94","TRANSFERRING","2026-04-15 13:59"
"5121","oht_time_avg","2026-04-15 13:59:07.868+0900","N","","","","MIN","4ACM4701","31.37","ACQUIRED","2026-04-15 13:59"
"5120","oht_time_avg","2026-04-15 13:59:07.868+0900","N","","","","MIN","4ACM4701","10.85","ASSIGN","2026-04-15 13:59"
"5119","oht_time_avg","2026-04-15 13:59:07.868+0900","N","","","","MIN","4ACM4701","0.16","REP","2026-04-15 13:59"
"5130","oht_time_avg","2026-04-15 14:00:06.458+0900","N","","","","MIN","4ACM4701","0.0","COMPLETED","2026-04-15 14:00"
"5129","oht_time_avg","2026-04-15 14:00:06.458+0900","N","","","","MIN","4ACM4701","7.04","DESPOSITED","2026-04-15 14:00"
"5128","oht_time_avg","2026-04-15 14:00:06.458+0900","N","","","","MIN","4ACM4701","125.47","TRANSFERRING","2026-04-15 14:00"
"5127","oht_time_avg","2026-04-15 14:00:06.458+0900","N","","","","MIN","4ACM4701","29.94","ACQUIRED","2026-04-15 14:00"
"5126","oht_time_avg","2026-04-15 14:00:06.458+0900","N","","","","MIN","4ACM4701","9.79","ASSIGN","2026-04-15 14:00"
"5125","oht_time_avg","2026-04-15 14:00:06.458+0900","N","","","","MIN","4ACM4701","0.15","REP","2026-04-15 14:00"
"5136","oht_time_avg","2026-04-15 14:01:07.347+0900","N","","","","MIN","4ACM4701","0.0","COMPLETED","2026-04-15 14:01"
"5135","oht_time_avg","2026-04-15 14:01:07.347+0900","N","","","","MIN","4ACM4701","7.2","DESPOSITED","2026-04-15 14:01"
"5134","oht_time_avg","2026-04-15 14:01:07.347+0900","N","","","","MIN","4ACM4701","131.14","TRANSFERRING","2026-04-15 14:01"
"5133","oht_time_avg","2026-04-15 14:01:07.347+0900","N","","","","MIN","4ACM4701","30.59","ACQUIRED","2026-04-15 14:01"
"5132","oht_time_avg","2026-04-15 14:01:07.347+0900","N","","","","MIN","4ACM4701","11.38","ASSIGN","2026-04-15 14:01"
"5131","oht_time_avg","2026-04-15 14:01:07.347+0900","N","","","","MIN","4ACM4701","0.18","REP","2026-04-15 14:01"
"5142","oht_time_avg","2026-04-15 14:01:07.722+0900","N","","","","HOUR","4ACM4701","0.0","COMPLETED","2026-04-15 14:00"
"5141","oht_time_avg","2026-04-15 14:01:07.722+0900","N","","","","HOUR","4ACM4701","7.03","DESPOSITED","2026-04-15 14:00"
"5140","oht_time_avg","2026-04-15 14:01:07.722+0900","N","","","","HOUR","4ACM4701","128.85","TRANSFERRING","2026-04-15 14:00"
"5139","oht_time_avg","2026-04-15 14:01:07.722+0900","N","","","","HOUR","4ACM4701","31.59","ACQUIRED","2026-04-15 14:00"
"5138","oht_time_avg","2026-04-15 14:01:07.722+0900","N","","","","HOUR","4ACM4701","11.26","ASSIGN","2026-04-15 14:00"
"5137","oht_time_avg","2026-04-15 14:01:07.722+0900","N","","","","HOUR","4ACM4701","0.17","REP","2026-04-15 14:00"
"5148","oht_time_avg","2026-04-15 14:02:08.439+0900","N","","","","MIN","4ACM4701","0.0","COMPLETED","2026-04-15 14:02"
"5147","oht_time_avg","2026-04-15 14:02:08.439+0900","N","","","","MIN","4ACM4701","7.12","DESPOSITED","2026-04-15 14:02"
"5146","oht_time_avg","2026-04-15 14:02:08.439+0900","N","","","","MIN","4ACM4701","129.72","TRANSFERRING","2026-04-15 14:02"
"5145","oht_time_avg","2026-04-15 14:02:08.439+0900","N","","","","MIN","4ACM4701","31.93","ACQUIRED","2026-04-15 14:02"
"5144","oht_time_avg","2026-04-15 14:02:08.439+0900","N","","","","MIN","4ACM4701","11.31","ASSIGN","2026-04-15 14:02"
"5143","oht_time_avg","2026-04-15 14:02:08.439+0900","N","","","","MIN","4ACM4701","0.19","REP","2026-04-15 14:02"
"5154","oht_time_avg","2026-04-15 14:03:07.175+0900","N","","","","MIN","4ACM4701","0.0","COMPLETED","2026-04-15 14:03"
"5153","oht_time_avg","2026-04-15 14:03:07.175+0900","N","","","","MIN","4ACM4701","7.39","DESPOSITED","2026-04-15 14:03"
"5152","oht_time_avg","2026-04-15 14:03:07.175+0900","N","","","","MIN","4ACM4701","129.64","TRANSFERRING","2026-04-15 14:03"
"5151","oht_time_avg","2026-04-15 14:03:07.175+0900","N","","","","MIN","4ACM4701","30.69","ACQUIRED","2026-04-15 14:03"
"5150","oht_time_avg","2026-04-15 14:03:07.175+0900","N","","","","MIN","4ACM4701","10.75","ASSIGN","2026-04-15 14:03"
"5149","oht_time_avg","2026-04-15 14:03:07.175+0900","N","","","","MIN","4ACM4701","0.88","REP","2026-04-15 14:03"
"5160","oht_time_avg","2026-04-15 14:04:06.568+0900","N","","","","MIN","4ACM4701","0.0","COMPLETED","2026-04-15 14:04"
"5159","oht_time_avg","2026-04-15 14:04:06.568+0900","N","","","","MIN","4ACM4701","7.3","DESPOSITED","2026-04-15 14:04"
"5158","oht_time_avg","2026-04-15 14:04:06.568+0900","N","","","","MIN","4ACM4701","123.83","TRANSFERRING","2026-04-15 14:04"
"5157","oht_time_avg","2026-04-15 14:04:06.568+0900","N","","","","MIN","4ACM4701","29.7","ACQUIRED","2026-04-15 14:04"
"5156","oht_time_avg","2026-04-15 14:04:06.568+0900","N","","","","MIN","4ACM4701","10.05","ASSIGN","2026-04-15 14:04"
"5155","oht_time_avg","2026-04-15 14:04:06.568+0900","N","","","","MIN","4ACM4701","0.19","REP","2026-04-15 14:04"
"5166","oht_time_avg","2026-04-15 14:05:07.397+0900","N","","","","MIN","4ACM4701","0.0","COMPLETED","2026-04-15 14:05"
"5165","oht_time_avg","2026-04-15 14:05:07.397+0900","N","","","","MIN","4ACM4701","7.26","DESPOSITED","2026-04-15 14:05"
"5164","oht_time_avg","2026-04-15 14:05:07.397+0900","N","","","","MIN","4ACM4701","126.74","TRANSFERRING","2026-04-15 14:05"
"5163","oht_time_avg","2026-04-15 14:05:07.397+0900","N","","","","MIN","4ACM4701","29.83","ACQUIRED","2026-04-15 14:05"
"5162","oht_time_avg","2026-04-15 14:05:07.397+0900","N","","","","MIN","4ACM4701","9.39","ASSIGN","2026-04-15 14:05"
"5161","oht_time_avg","2026-04-15 14:05:07.397+0900","N","","","","MIN","4ACM4701","0.16","REP","2026-04-15 14:05"
"5172","oht_time_avg","2026-04-15 14:06:07.597+0900","N","","","","MIN","4ACM4701","0.0","COMPLETED","2026-04-15 14:06"
"5171","oht_time_avg","2026-04-15 14:06:07.597+0900","N","","","","MIN","4ACM4701","7.12","DESPOSITED","2026-04-15 14:06"
"5170","oht_time_avg","2026-04-15 14:06:07.597+0900","N","","","","MIN","4ACM4701","136.04","TRANSFERRING","2026-04-15 14:06"
"5169","oht_time_avg","2026-04-15 14:06:07.597+0900","N","","","","MIN","4ACM4701","31.28","ACQUIRED","2026-04-15 14:06"
"5168","oht_time_avg","2026-04-15 14:06:07.597+0900","N","","","","MIN","4ACM4701","11.13","ASSIGN","2026-04-15 14:06"
"5167","oht_time_avg","2026-04-15 14:06:07.597+0900","N","","","","MIN","4ACM4701","0.17","REP","2026-04-15 14:06"
"5178","oht_time_avg","2026-04-15 14:07:07.942+0900","N","","","","MIN","4ACM4701","0.0","COMPLETED","2026-04-15 14:07"
"5177","oht_time_avg","2026-04-15 14:07:07.942+0900","N","","","","MIN","4ACM4701","7.36","DESPOSITED","2026-04-15 14:07"
"5176","oht_time_avg","2026-04-15 14:07:07.942+0900","N","","","","MIN","4ACM4701","135.76","TRANSFERRING","2026-04-15 14:07"
"5175","oht_time_avg","2026-04-15 14:07:07.942+0900","N","","","","MIN","4ACM4701","31.92","ACQUIRED","2026-04-15 14:07"
"5174","oht_time_avg","2026-04-15 14:07:07.942+0900","N","","","","MIN","4ACM4701","12.16","ASSIGN","2026-04-15 14:07"
"5173","oht_time_avg","2026-04-15 14:07:07.942+0900","N","","","","MIN","4ACM4701","0.17","REP","2026-04-15 14:07"
"5184","oht_time_avg","2026-04-15 14:08:06.987+0900","N","","","","MIN","4ACM4701","0.0","COMPLETED","2026-04-15 14:08"
"5183","oht_time_avg","2026-04-15 14:08:06.987+0900","N","","","","MIN","4ACM4701","7.38","DESPOSITED","2026-04-15 14:08"
"5182","oht_time_avg","2026-04-15 14:08:06.987+0900","N","","","","MIN","4ACM4701","131.16","TRANSFERRING","2026-04-15 14:08"
"5181","oht_time_avg","2026-04-15 14:08:06.987+0900","N","","","","MIN","4ACM4701","32.94","ACQUIRED","2026-04-15 14:08"
"5180","oht_time_avg","2026-04-15 14:08:06.987+0900","N","","","","MIN","4ACM4701","12.54","ASSIGN","2026-04-15 14:08"
"5179","oht_time_avg","2026-04-15 14:08:06.987+0900","N","","","","MIN","4ACM4701","0.18","REP","2026-04-15 14:08"
"5190","oht_time_avg","2026-04-15 14:09:08.783+0900","N","","","","MIN","4ACM4701","0.0","COMPLETED","2026-04-15 14:09"
"5189","oht_time_avg","2026-04-15 14:09:08.783+0900","N","","","","MIN","4ACM4701","7.35","DESPOSITED","2026-04-15 14:09"
"5188","oht_time_avg","2026-04-15 14:09:08.783+0900","N","","","","MIN","4ACM4701","134.14","TRANSFERRING","2026-04-15 14:09"
"5187","oht_time_avg","2026-04-15 14:09:08.783+0900","N","","","","MIN","4ACM4701","31.64","ACQUIRED","2026-04-15 14:09"
"5186","oht_time_avg","2026-04-15 14:09:08.783+0900","N","","","","MIN","4ACM4701","11.43","ASSIGN","2026-04-15 14:09"
"5185","oht_time_avg","2026-04-15 14:09:08.783+0900","N","","","","MIN","4ACM4701","1.31","REP","2026-04-15 14:09"
"5196","oht_time_avg","2026-04-15 14:10:07.245+0900","N","","","","MIN","4ACM4701","0.0","COMPLETED","2026-04-15 14:10"
"5195","oht_time_avg","2026-04-15 14:10:07.245+0900","N","","","","MIN","4ACM4701","7.33","DESPOSITED","2026-04-15 14:10"
"5194","oht_time_avg","2026-04-15 14:10:07.245+0900","N","","","","MIN","4ACM4701","136.31","TRANSFERRING","2026-04-15 14:10"
"5193","oht_time_avg","2026-04-15 14:10:07.245+0900","N","","","","MIN","4ACM4701","31.25","ACQUIRED","2026-04-15 14:10"
"5192","oht_time_avg","2026-04-15 14:10:07.245+0900","N","","","","MIN","4ACM4701","11.15","ASSIGN","2026-04-15 14:10"
"5191","oht_time_avg","2026-04-15 14:10:07.245+0900","N","","","","MIN","4ACM4701","0.15","REP","2026-04-15 14:10"
"5202","oht_time_avg","2026-04-15 14:11:07.296+0900","N","","","","MIN","4ACM4701","0.0","COMPLETED","2026-04-15 14:11"
"5201","oht_time_avg","2026-04-15 14:11:07.296+0900","N","","","","MIN","4ACM4701","7.21","DESPOSITED","2026-04-15 14:11"
"5200","oht_time_avg","2026-04-15 14:11:07.296+0900","N","","","","MIN","4ACM4701","136.78","TRANSFERRING","2026-04-15 14:11"
"5199","oht_time_avg","2026-04-15 14:11:07.296+0900","N","","","","MIN","4ACM4701","31.35","ACQUIRED","2026-04-15 14:11"
"5198","oht_time_avg","2026-04-15 14:11:07.296+0900","N","","","","MIN","4ACM4701","12.29","ASSIGN","2026-04-15 14:11"
"5197","oht_time_avg","2026-04-15 14:11:07.296+0900","N","","","","MIN","4ACM4701","0.15","REP","2026-04-15 14:11"
"5208","oht_time_avg","2026-04-15 14:12:07.205+0900","N","","","","MIN","4ACM4701","0.0","COMPLETED","2026-04-15 14:12"
"5207","oht_time_avg","2026-04-15 14:12:07.205+0900","N","","","","MIN","4ACM4701","7.26","DESPOSITED","2026-04-15 14:12"
"5206","oht_time_avg","2026-04-15 14:12:07.205+0900","N","","","","MIN","4ACM4701","133.12","TRANSFERRING","2026-04-15 14:12"
"5205","oht_time_avg","2026-04-15 14:12:07.205+0900","N","","","","MIN","4ACM4701","31.49","ACQUIRED","2026-04-15 14:12"
"5204","oht_time_avg","2026-04-15 14:12:07.205+0900","N","","","","MIN","4ACM4701","11.95","ASSIGN","2026-04-15 14:12"
"5203","oht_time_avg","2026-04-15 14:12:07.205+0900","N","","","","MIN","4ACM4701","0.15","REP","2026-04-15 14:12"
"5214","oht_time_avg","2026-04-15 14:13:07.093+0900","N","","","","MIN","4ACM4701","0.0","COMPLETED","2026-04-15 14:13"
"5213","oht_time_avg","2026-04-15 14:13:07.093+0900","N","","","","MIN","4ACM4701","7.38","DESPOSITED","2026-04-15 14:13"
"5212","oht_time_avg","2026-04-15 14:13:07.093+0900","N","","","","MIN","4ACM4701","140.99","TRANSFERRING","2026-04-15 14:13"
"5211","oht_time_avg","2026-04-15 14:13:07.093+0900","N","","","","MIN","4ACM4701","32.68","ACQUIRED","2026-04-15 14:13"
"5210","oht_time_avg","2026-04-15 14:13:07.093+0900","N","","","","MIN","4ACM4701","12.13","ASSIGN","2026-04-15 14:13"
"5209","oht_time_avg","2026-04-15 14:13:07.093+0900","N","","","","MIN","4ACM4701","0.97","REP","2026-04-15 14:13"
"5220","oht_time_avg","2026-04-15 14:14:06.632+0900","N","","","","MIN","4ACM4701","0.0","COMPLETED","2026-04-15 14:14"
"5219","oht_time_avg","2026-04-15 14:14:06.632+0900","N","","","","MIN","4ACM4701","7.24","DESPOSITED","2026-04-15 14:14"
"5218","oht_time_avg","2026-04-15 14:14:06.632+0900","N","","","","MIN","4ACM4701","123.58","TRANSFERRING","2026-04-15 14:14"
"5217","oht_time_avg","2026-04-15 14:14:06.632+0900","N","","","","MIN","4ACM4701","32.24","ACQUIRED","2026-04-15 14:14"
"5216","oht_time_avg","2026-04-15 14:14:06.632+0900","N","","","","MIN","4ACM4701","10.21","ASSIGN","2026-04-15 14:14"
"5215","oht_time_avg","2026-04-15 14:14:06.632+0900","N","","","","MIN","4ACM4701","0.16","REP","2026-04-15 14:14"
"5226","oht_time_avg","2026-04-15 14:15:06.818+0900","N","","","","MIN","4ACM4701","0.0","COMPLETED","2026-04-15 14:15"
"5225","oht_time_avg","2026-04-15 14:15:06.818+0900","N","","","","MIN","4ACM4701","7.14","DESPOSITED","2026-04-15 14:15"
"5224","oht_time_avg","2026-04-15 14:15:06.818+0900","N","","","","MIN","4ACM4701","132.93","TRANSFERRING","2026-04-15 14:15"
"5223","oht_time_avg","2026-04-15 14:15:06.818+0900","N","","","","MIN","4ACM4701","31.35","ACQUIRED","2026-04-15 14:15"
"5222","oht_time_avg","2026-04-15 14:15:06.818+0900","N","","","","MIN","4ACM4701","11.58","ASSIGN","2026-04-15 14:15"
"5221","oht_time_avg","2026-04-15 14:15:06.818+0900","N","","","","MIN","4ACM4701","0.15","REP","2026-04-15 14:15"
"5232","oht_time_avg","2026-04-15 14:16:07.106+0900","N","","","","MIN","4ACM4701","0.0","COMPLETED","2026-04-15 14:16"
"5231","oht_time_avg","2026-04-15 14:16:07.106+0900","N","","","","MIN","4ACM4701","7.29","DESPOSITED","2026-04-15 14:16"
"5230","oht_time_avg","2026-04-15 14:16:07.106+0900","N","","","","MIN","4ACM4701","128.81","TRANSFERRING","2026-04-15 14:16"
"5229","oht_time_avg","2026-04-15 14:16:07.106+0900","N","","","","MIN","4ACM4701","31.59","ACQUIRED","2026-04-15 14:16"
"5228","oht_time_avg","2026-04-15 14:16:07.106+0900","N","","","","MIN","4ACM4701","10.78","ASSIGN","2026-04-15 14:16"
"5227","oht_time_avg","2026-04-15 14:16:07.106+0900","N","","","","MIN","4ACM4701","0.15","REP","2026-04-15 14:16"
"5238","oht_time_avg","2026-04-15 14:17:08.123+0900","N","","","","MIN","4ACM4701","0.0","COMPLETED","2026-04-15 14:17"
"5237","oht_time_avg","2026-04-15 14:17:08.123+0900","N","","","","MIN","4ACM4701","7.07","DESPOSITED","2026-04-15 14:17"
"5236","oht_time_avg","2026-04-15 14:17:08.123+0900","N","","","","MIN","4ACM4701","131.62","TRANSFERRING","2026-04-15 14:17"
"5235","oht_time_avg","2026-04-15 14:17:08.123+0900","N","","","","MIN","4ACM4701","33.08","ACQUIRED","2026-04-15 14:17"
"5234","oht_time_avg","2026-04-15 14:17:08.123+0900","N","","","","MIN","4ACM4701","11.09","ASSIGN","2026-04-15 14:17"
"5233","oht_time_avg","2026-04-15 14:17:08.123+0900","N","","","","MIN","4ACM4701","0.19","REP","2026-04-15 14:17"
"5244","oht_time_avg","2026-04-15 14:18:06.570+0900","N","","","","MIN","4ACM4701","0.0","COMPLETED","2026-04-15 14:18"
"5243","oht_time_avg","2026-04-15 14:18:06.570+0900","N","","","","MIN","4ACM4701","7.12","DESPOSITED","2026-04-15 14:18"
"5242","oht_time_avg","2026-04-15 14:18:06.570+0900","N","","","","MIN","4ACM4701","131.01","TRANSFERRING","2026-04-15 14:18"
"5241","oht_time_avg","2026-04-15 14:18:06.570+0900","N","","","","MIN","4ACM4701","31.81","ACQUIRED","2026-04-15 14:18"
"5240","oht_time_avg","2026-04-15 14:18:06.570+0900","N","","","","MIN","4ACM4701","10.53","ASSIGN","2026-04-15 14:18"
"5239","oht_time_avg","2026-04-15 14:18:06.570+0900","N","","","","MIN","4ACM4701","0.18","REP","2026-04-15 14:18"
"5250","oht_time_avg","2026-04-15 14:19:07.034+0900","N","","","","MIN","4ACM4701","0.0","COMPLETED","2026-04-15 14:19"
"5249","oht_time_avg","2026-04-15 14:19:07.034+0900","N","","","","MIN","4ACM4701","7.05","DESPOSITED","2026-04-15 14:19"
"5248","oht_time_avg","2026-04-15 14:19:07.034+0900","N","","","","MIN","4ACM4701","134.64","TRANSFERRING","2026-04-15 14:19"
"5247","oht_time_avg","2026-04-15 14:19:07.034+0900","N","","","","MIN","4ACM4701","31.94","ACQUIRED","2026-04-15 14:19"
"5246","oht_time_avg","2026-04-15 14:19:07.034+0900","N","","","","MIN","4ACM4701","11.78","ASSIGN","2026-04-15 14:19"
"5245","oht_time_avg","2026-04-15 14:19:07.034+0900","N","","","","MIN","4ACM4701","0.16","REP","2026-04-15 14:19"
"5256","oht_time_avg","2026-04-15 14:20:07.246+0900","N","","","","MIN","4ACM4701","0.0","COMPLETED","2026-04-15 14:20"
"5255","oht_time_avg","2026-04-15 14:20:07.246+0900","N","","","","MIN","4ACM4701","7.08","DESPOSITED","2026-04-15 14:20"
"5254","oht_time_avg","2026-04-15 14:20:07.246+0900","N","","","","MIN","4ACM4701","126.49","TRANSFERRING","2026-04-15 14:20"
"5253","oht_time_avg","2026-04-15 14:20:07.246+0900","N","","","","MIN","4ACM4701","29.83","ACQUIRED","2026-04-15 14:20"
"5252","oht_time_avg","2026-04-15 14:20:07.246+0900","N","","","","MIN","4ACM4701","11.89","ASSIGN","2026-04-15 14:20"
"5251","oht_time_avg","2026-04-15 14:20:07.246+0900","N","","","","MIN","4ACM4701","0.15","REP","2026-04-15 14:20"
"5262","oht_time_avg","2026-04-15 14:21:06.914+0900","N","","","","MIN","4ACM4701","0.0","COMPLETED","2026-04-15 14:21"
"5261","oht_time_avg","2026-04-15 14:21:06.914+0900","N","","","","MIN","4ACM4701","7.15","DESPOSITED","2026-04-15 14:21"
"5260","oht_time_avg","2026-04-15 14:21:06.914+0900","N","","","","MIN","4ACM4701","127.09","TRANSFERRING","2026-04-15 14:21"
"5259","oht_time_avg","2026-04-15 14:21:06.914+0900","N","","","","MIN","4ACM4701","30.84","ACQUIRED","2026-04-15 14:21"
"5258","oht_time_avg","2026-04-15 14:21:06.914+0900","N","","","","MIN","4ACM4701","10.28","ASSIGN","2026-04-15 14:21"
"5257","oht_time_avg","2026-04-15 14:21:06.914+0900","N","","","","MIN","4ACM4701","0.15","REP","2026-04-15 14:21"
"5268","oht_time_avg","2026-04-15 14:22:06.769+0900","N","","","","MIN","4ACM4701","0.0","COMPLETED","2026-04-15 14:22"
"5267","oht_time_avg","2026-04-15 14:22:06.769+0900","N","","","","MIN","4ACM4701","7.19","DESPOSITED","2026-04-15 14:22"
"5266","oht_time_avg","2026-04-15 14:22:06.769+0900","N","","","","MIN","4ACM4701","133.42","TRANSFERRING","2026-04-15 14:22"
"5265","oht_time_avg","2026-04-15 14:22:06.769+0900","N","","","","MIN","4ACM4701","33.56","ACQUIRED","2026-04-15 14:22"
"5264","oht_time_avg","2026-04-15 14:22:06.769+0900","N","","","","MIN","4ACM4701","12.46","ASSIGN","2026-04-15 14:22"
"5263","oht_time_avg","2026-04-15 14:22:06.769+0900","N","","","","MIN","4ACM4701","0.78","REP","2026-04-15 14:22"
"5274","oht_time_avg","2026-04-15 14:23:07.822+0900","N","","","","MIN","4ACM4701","0.0","COMPLETED","2026-04-15 14:23"
"5273","oht_time_avg","2026-04-15 14:23:07.822+0900","N","","","","MIN","4ACM4701","7.08","DESPOSITED","2026-04-15 14:23"
"5272","oht_time_avg","2026-04-15 14:23:07.822+0900","N","","","","MIN","4ACM4701","126.75","TRANSFERRING","2026-04-15 14:23"
"5271","oht_time_avg","2026-04-15 14:23:07.822+0900","N","","","","MIN","4ACM4701","32.35","ACQUIRED","2026-04-15 14:23"
"5270","oht_time_avg","2026-04-15 14:23:07.822+0900","N","","","","MIN","4ACM4701","10.94","ASSIGN","2026-04-15 14:23"
"5269","oht_time_avg","2026-04-15 14:23:07.822+0900","N","","","","MIN","4ACM4701","0.15","REP","2026-04-15 14:23"
"5280","oht_time_avg","2026-04-15 14:24:07.871+0900","N","","","","MIN","4ACM4701","0.0","COMPLETED","2026-04-15 14:24"
"5279","oht_time_avg","2026-04-15 14:24:07.871+0900","N","","","","MIN","4ACM4701","7.16","DESPOSITED","2026-04-15 14:24"
"5278","oht_time_avg","2026-04-15 14:24:07.871+0900","N","","","","MIN","4ACM4701","130.01","TRANSFERRING","2026-04-15 14:24"
"5277","oht_time_avg","2026-04-15 14:24:07.871+0900","N","","","","MIN","4ACM4701","31.23","ACQUIRED","2026-04-15 14:24"
"5276","oht_time_avg","2026-04-15 14:24:07.871+0900","N","","","","MIN","4ACM4701","11.38","ASSIGN","2026-04-15 14:24"
"5275","oht_time_avg","2026-04-15 14:24:07.871+0900","N","","","","MIN","4ACM4701","0.17","REP","2026-04-15 14:24"
"5286","oht_time_avg","2026-04-15 14:25:06.503+0900","N","","","","MIN","4ACM4701","0.0","COMPLETED","2026-04-15 14:25"
"5285","oht_time_avg","2026-04-15 14:25:06.503+0900","N","","","","MIN","4ACM4701","7.26","DESPOSITED","2026-04-15 14:25"
"5284","oht_time_avg","2026-04-15 14:25:06.503+0900","N","","","","MIN","4ACM4701","129.3","TRANSFERRING","2026-04-15 14:25"
"5283","oht_time_avg","2026-04-15 14:25:06.503+0900","N","","","","MIN","4ACM4701","30.16","ACQUIRED","2026-04-15 14:25"
"5282","oht_time_avg","2026-04-15 14:25:06.503+0900","N","","","","MIN","4ACM4701","10.24","ASSIGN","2026-04-15 14:25"
"5281","oht_time_avg","2026-04-15 14:25:06.503+0900","N","","","","MIN","4ACM4701","0.14","REP","2026-04-15 14:25"
"5292","oht_time_avg","2026-04-15 14:26:07.095+0900","N","","","","MIN","4ACM4701","0.0","COMPLETED","2026-04-15 14:26"
"5291","oht_time_avg","2026-04-15 14:26:07.095+0900","N","","","","MIN","4ACM4701","7.21","DESPOSITED","2026-04-15 14:26"
"5290","oht_time_avg","2026-04-15 14:26:07.095+0900","N","","","","MIN","4ACM4701","132.37","TRANSFERRING","2026-04-15 14:26"
"5289","oht_time_avg","2026-04-15 14:26:07.095+0900","N","","","","MIN","4ACM4701","29.45","ACQUIRED","2026-04-15 14:26"
"5288","oht_time_avg","2026-04-15 14:26:07.095+0900","N","","","","MIN","4ACM4701","11.42","ASSIGN","2026-04-15 14:26"
"5287","oht_time_avg","2026-04-15 14:26:07.095+0900","N","","","","MIN","4ACM4701","0.17","REP","2026-04-15 14:26"
"5298","oht_time_avg","2026-04-15 14:27:06.785+0900","N","","","","MIN","4ACM4701","0.0","COMPLETED","2026-04-15 14:27"
"5297","oht_time_avg","2026-04-15 14:27:06.785+0900","N","","","","MIN","4ACM4701","7.14","DESPOSITED","2026-04-15 14:27"
"5296","oht_time_avg","2026-04-15 14:27:06.785+0900","N","","","","MIN","4ACM4701","135.0","TRANSFERRING","2026-04-15 14:27"
"5295","oht_time_avg","2026-04-15 14:27:06.785+0900","N","","","","MIN","4ACM4701","28.01","ACQUIRED","2026-04-15 14:27"
"5294","oht_time_avg","2026-04-15 14:27:06.785+0900","N","","","","MIN","4ACM4701","8.35","ASSIGN","2026-04-15 14:27"
"5293","oht_time_avg","2026-04-15 14:27:06.785+0900","N","","","","MIN","4ACM4701","0.14","REP","2026-04-15 14:27"
"5304","oht_time_avg","2026-04-15 14:28:07.352+0900","N","","","","MIN","4ACM4701","0.0","COMPLETED","2026-04-15 14:28"
"5303","oht_time_avg","2026-04-15 14:28:07.352+0900","N","","","","MIN","4ACM4701","7.21","DESPOSITED","2026-04-15 14:28"
"5302","oht_time_avg","2026-04-15 14:28:07.352+0900","N","","","","MIN","4ACM4701","128.85","TRANSFERRING","2026-04-15 14:28"
"5301","oht_time_avg","2026-04-15 14:28:07.352+0900","N","","","","MIN","4ACM4701","30.7","ACQUIRED","2026-04-15 14:28"
"5300","oht_time_avg","2026-04-15 14:28:07.352+0900","N","","","","MIN","4ACM4701","9.4","ASSIGN","2026-04-15 14:28"
"5299","oht_time_avg","2026-04-15 14:28:07.352+0900","N","","","","MIN","4ACM4701","0.17","REP","2026-04-15 14:28"
"5310","oht_time_avg","2026-04-15 14:29:07.641+0900","N","","","","MIN","4ACM4701","0.0","COMPLETED","2026-04-15 14:29"
"5309","oht_time_avg","2026-04-15 14:29:07.641+0900","N","","","","MIN","4ACM4701","7.25","DESPOSITED","2026-04-15 14:29"
"5308","oht_time_avg","2026-04-15 14:29:07.641+0900","N","","","","MIN","4ACM4701","124.75","TRANSFERRING","2026-04-15 14:29"
"5307","oht_time_avg","2026-04-15 14:29:07.641+0900","N","","","","MIN","4ACM4701","30.28","ACQUIRED","2026-04-15 14:29"
"5306","oht_time_avg","2026-04-15 14:29:07.641+0900","N","","","","MIN","4ACM4701","10.19","ASSIGN","2026-04-15 14:29"
"5305","oht_time_avg","2026-04-15 14:29:07.641+0900","N","","","","MIN","4ACM4701","0.17","REP","2026-04-15 14:29"
"5316","oht_time_avg","2026-04-15 14:30:07.880+0900","N","","","","MIN","4ACM4701","0.0","COMPLETED","2026-04-15 14:30"
"5315","oht_time_avg","2026-04-15 14:30:07.880+0900","N","","","","MIN","4ACM4701","7.13","DESPOSITED","2026-04-15 14:30"
"5314","oht_time_avg","2026-04-15 14:30:07.880+0900","N","","","","MIN","4ACM4701","123.94","TRANSFERRING","2026-04-15 14:30"
"5313","oht_time_avg","2026-04-15 14:30:07.880+0900","N","","","","MIN","4ACM4701","30.76","ACQUIRED","2026-04-15 14:30"
"5312","oht_time_avg","2026-04-15 14:30:07.880+0900","N","","","","MIN","4ACM4701","9.67","ASSIGN","2026-04-15 14:30"
"5311","oht_time_avg","2026-04-15 14:30:07.880+0900","N","","","","MIN","4ACM4701","0.15","REP","2026-04-15 14:30"
"5322","oht_time_avg","2026-04-15 14:31:07.519+0900","N","","","","MIN","4ACM4701","0.0","COMPLETED","2026-04-15 14:31"
"5321","oht_time_avg","2026-04-15 14:31:07.519+0900","N","","","","MIN","4ACM4701","6.97","DESPOSITED","2026-04-15 14:31"
"5320","oht_time_avg","2026-04-15 14:31:07.519+0900","N","","","","MIN","4ACM4701","122.99","TRANSFERRING","2026-04-15 14:31"
"5319","oht_time_avg","2026-04-15 14:31:07.519+0900","N","","","","MIN","4ACM4701","27.81","ACQUIRED","2026-04-15 14:31"
"5318","oht_time_avg","2026-04-15 14:31:07.519+0900","N","","","","MIN","4ACM4701","9.17","ASSIGN","2026-04-15 14:31"
"5317","oht_time_avg","2026-04-15 14:31:07.519+0900","N","","","","MIN","4ACM4701","0.17","REP","2026-04-15 14:31"
"5328","oht_time_avg","2026-04-15 14:32:06.908+0900","N","","","","MIN","4ACM4701","0.0","COMPLETED","2026-04-15 14:32"
"5327","oht_time_avg","2026-04-15 14:32:06.908+0900","N","","","","MIN","4ACM4701","7.16","DESPOSITED","2026-04-15 14:32"
"5326","oht_time_avg","2026-04-15 14:32:06.908+0900","N","","","","MIN","4ACM4701","131.01","TRANSFERRING","2026-04-15 14:32"
"5325","oht_time_avg","2026-04-15 14:32:06.908+0900","N","","","","MIN","4ACM4701","30.9","ACQUIRED","2026-04-15 14:32"
"5324","oht_time_avg","2026-04-15 14:32:06.908+0900","N","","","","MIN","4ACM4701","10.66","ASSIGN","2026-04-15 14:32"
"5323","oht_time_avg","2026-04-15 14:32:06.908+0900","N","","","","MIN","4ACM4701","0.16","REP","2026-04-15 14:32"
"5334","oht_time_avg","2026-04-15 14:33:07.968+0900","N","","","","MIN","4ACM4701","0.0","COMPLETED","2026-04-15 14:33"
"5333","oht_time_avg","2026-04-15 14:33:07.968+0900","N","","","","MIN","4ACM4701","6.97","DESPOSITED","2026-04-15 14:33"
"5332","oht_time_avg","2026-04-15 14:33:07.968+0900","N","","","","MIN","4ACM4701","121.53","TRANSFERRING","2026-04-15 14:33"
"5331","oht_time_avg","2026-04-15 14:33:07.968+0900","N","","","","MIN","4ACM4701","30.98","ACQUIRED","2026-04-15 14:33"
"5330","oht_time_avg","2026-04-15 14:33:07.968+0900","N","","","","MIN","4ACM4701","9.26","ASSIGN","2026-04-15 14:33"
"5329","oht_time_avg","2026-04-15 14:33:07.968+0900","N","","","","MIN","4ACM4701","0.93","REP","2026-04-15 14:33"
"5340","oht_time_avg","2026-04-15 14:34:07.087+0900","N","","","","MIN","4ACM4701","0.0","COMPLETED","2026-04-15 14:34"
"5339","oht_time_avg","2026-04-15 14:34:07.087+0900","N","","","","MIN","4ACM4701","7.25","DESPOSITED","2026-04-15 14:34"
"5338","oht_time_avg","2026-04-15 14:34:07.087+0900","N","","","","MIN","4ACM4701","125.47","TRANSFERRING","2026-04-15 14:34"
"5337","oht_time_avg","2026-04-15 14:34:07.087+0900","N","","","","MIN","4ACM4701","29.26","ACQUIRED","2026-04-15 14:34"
"5336","oht_time_avg","2026-04-15 14:34:07.087+0900","N","","","","MIN","4ACM4701","10.94","ASSIGN","2026-04-15 14:34"
"5335","oht_time_avg","2026-04-15 14:34:07.087+0900","N","","","","MIN","4ACM4701","0.93","REP","2026-04-15 14:34"
"5346","oht_time_avg","2026-04-15 14:35:07.520+0900","N","","","","MIN","4ACM4701","0.0","COMPLETED","2026-04-15 14:35"
"5345","oht_time_avg","2026-04-15 14:35:07.520+0900","N","","","","MIN","4ACM4701","7.16","DESPOSITED","2026-04-15 14:35"
"5344","oht_time_avg","2026-04-15 14:35:07.520+0900","N","","","","MIN","4ACM4701","126.08","TRANSFERRING","2026-04-15 14:35"
"5343","oht_time_avg","2026-04-15 14:35:07.520+0900","N","","","","MIN","4ACM4701","30.5","ACQUIRED","2026-04-15 14:35"
"5342","oht_time_avg","2026-04-15 14:35:07.520+0900","N","","","","MIN","4ACM4701","10.14","ASSIGN","2026-04-15 14:35"
"5341","oht_time_avg","2026-04-15 14:35:07.520+0900","N","","","","MIN","4ACM4701","0.17","REP","2026-04-15 14:35"
"5352","oht_time_avg","2026-04-15 14:36:07.200+0900","N","","","","MIN","4ACM4701","0.0","COMPLETED","2026-04-15 14:36"
"5351","oht_time_avg","2026-04-15 14:36:07.200+0900","N","","","","MIN","4ACM4701","7.26","DESPOSITED","2026-04-15 14:36"
"5350","oht_time_avg","2026-04-15 14:36:07.200+0900","N","","","","MIN","4ACM4701","129.09","TRANSFERRING","2026-04-15 14:36"
"5349","oht_time_avg","2026-04-15 14:36:07.200+0900","N","","","","MIN","4ACM4701","29.68","ACQUIRED","2026-04-15 14:36"
"5348","oht_time_avg","2026-04-15 14:36:07.200+0900","N","","","","MIN","4ACM4701","9.06","ASSIGN","2026-04-15 14:36"
"5347","oht_time_avg","2026-04-15 14:36:07.200+0900","N","","","","MIN","4ACM4701","0.18","REP","2026-04-15 14:36"
"5358","oht_time_avg","2026-04-15 14:37:08.102+0900","N","","","","MIN","4ACM4701","0.0","COMPLETED","2026-04-15 14:37"
"5357","oht_time_avg","2026-04-15 14:37:08.102+0900","N","","","","MIN","4ACM4701","6.92","DESPOSITED","2026-04-15 14:37"
"5356","oht_time_avg","2026-04-15 14:37:08.102+0900","N","","","","MIN","4ACM4701","123.07","TRANSFERRING","2026-04-15 14:37"
"5355","oht_time_avg","2026-04-15 14:37:08.102+0900","N","","","","MIN","4ACM4701","30.45","ACQUIRED","2026-04-15 14:37"
"5354","oht_time_avg","2026-04-15 14:37:08.102+0900","N","","","","MIN","4ACM4701","10.53","ASSIGN","2026-04-15 14:37"
"5353","oht_time_avg","2026-04-15 14:37:08.102+0900","N","","","","MIN","4ACM4701","0.18","REP","2026-04-15 14:37"
"5364","oht_time_avg","2026-04-15 14:38:06.649+0900","N","","","","MIN","4ACM4701","0.0","COMPLETED","2026-04-15 14:38"
"5363","oht_time_avg","2026-04-15 14:38:06.649+0900","N","","","","MIN","4ACM4701","7.11","DESPOSITED","2026-04-15 14:38"
"5362","oht_time_avg","2026-04-15 14:38:06.649+0900","N","","","","MIN","4ACM4701","128.22","TRANSFERRING","2026-04-15 14:38"
"5361","oht_time_avg","2026-04-15 14:38:06.649+0900","N","","","","MIN","4ACM4701","31.75","ACQUIRED","2026-04-15 14:38"
"5360","oht_time_avg","2026-04-15 14:38:06.649+0900","N","","","","MIN","4ACM4701","11.93","ASSIGN","2026-04-15 14:38"
"5359","oht_time_avg","2026-04-15 14:38:06.649+0900","N","","","","MIN","4ACM4701","0.18","REP","2026-04-15 14:38"
"5370","oht_time_avg","2026-04-15 14:39:09.082+0900","N","","","","MIN","4ACM4701","0.0","COMPLETED","2026-04-15 14:39"
"5369","oht_time_avg","2026-04-15 14:39:09.082+0900","N","","","","MIN","4ACM4701","7.29","DESPOSITED","2026-04-15 14:39"
"5368","oht_time_avg","2026-04-15 14:39:09.082+0900","N","","","","MIN","4ACM4701","128.82","TRANSFERRING","2026-04-15 14:39"
"5367","oht_time_avg","2026-04-15 14:39:09.082+0900","N","","","","MIN","4ACM4701","30.62","ACQUIRED","2026-04-15 14:39"
"5366","oht_time_avg","2026-04-15 14:39:09.082+0900","N","","","","MIN","4ACM4701","10.9","ASSIGN","2026-04-15 14:39"
"5365","oht_time_avg","2026-04-15 14:39:09.082+0900","N","","","","MIN","4ACM4701","0.15","REP","2026-04-15 14:39"
"5376","oht_time_avg","2026-04-15 14:40:07.091+0900","N","","","","MIN","4ACM4701","0.0","COMPLETED","2026-04-15 14:40"
"5375","oht_time_avg","2026-04-15 14:40:07.091+0900","N","","","","MIN","4ACM4701","7.24","DESPOSITED","2026-04-15 14:40"
"5374","oht_time_avg","2026-04-15 14:40:07.091+0900","N","","","","MIN","4ACM4701","130.91","TRANSFERRING","2026-04-15 14:40"
"5373","oht_time_avg","2026-04-15 14:40:07.091+0900","N","","","","MIN","4ACM4701","29.92","ACQUIRED","2026-04-15 14:40"
"5372","oht_time_avg","2026-04-15 14:40:07.091+0900","N","","","","MIN","4ACM4701","9.16","ASSIGN","2026-04-15 14:40"
"5371","oht_time_avg","2026-04-15 14:40:07.091+0900","N","","","","MIN","4ACM4701","0.15","REP","2026-04-15 14:40"
"5382","oht_time_avg","2026-04-15 14:41:06.793+0900","N","","","","MIN","4ACM4701","0.0","COMPLETED","2026-04-15 14:41"
"5381","oht_time_avg","2026-04-15 14:41:06.793+0900","N","","","","MIN","4ACM4701","7.12","DESPOSITED","2026-04-15 14:41"
"5380","oht_time_avg","2026-04-15 14:41:06.793+0900","N","","","","MIN","4ACM4701","135.15","TRANSFERRING","2026-04-15 14:41"
"5379","oht_time_avg","2026-04-15 14:41:06.793+0900","N","","","","MIN","4ACM4701","30.5","ACQUIRED","2026-04-15 14:41"
"5378","oht_time_avg","2026-04-15 14:41:06.793+0900","N","","","","MIN","4ACM4701","9.96","ASSIGN","2026-04-15 14:41"
"5377","oht_time_avg","2026-04-15 14:41:06.793+0900","N","","","","MIN","4ACM4701","0.17","REP","2026-04-15 14:41"
"5388","oht_time_avg","2026-04-15 14:42:06.611+0900","N","","","","MIN","4ACM4701","0.0","COMPLETED","2026-04-15 14:42"
"5387","oht_time_avg","2026-04-15 14:42:06.611+0900","N","","","","MIN","4ACM4701","7.1","DESPOSITED","2026-04-15 14:42"
"5386","oht_time_avg","2026-04-15 14:42:06.611+0900","N","","","","MIN","4ACM4701","129.44","TRANSFERRING","2026-04-15 14:42"
"5385","oht_time_avg","2026-04-15 14:42:06.611+0900","N","","","","MIN","4ACM4701","33.12","ACQUIRED","2026-04-15 14:42"
"5384","oht_time_avg","2026-04-15 14:42:06.611+0900","N","","","","MIN","4ACM4701","10.15","ASSIGN","2026-04-15 14:42"
"5383","oht_time_avg","2026-04-15 14:42:06.611+0900","N","","","","MIN","4ACM4701","0.19","REP","2026-04-15 14:42"
"5394","oht_time_avg","2026-04-15 14:43:18.369+0900","N","","","","MIN","4ACM4701","0.0","COMPLETED","2026-04-15 14:43"
"5393","oht_time_avg","2026-04-15 14:43:18.369+0900","N","","","","MIN","4ACM4701","7.27","DESPOSITED","2026-04-15 14:43"
"5392","oht_time_avg","2026-04-15 14:43:18.369+0900","N","","","","MIN","4ACM4701","129.46","TRANSFERRING","2026-04-15 14:43"
"5391","oht_time_avg","2026-04-15 14:43:18.369+0900","N","","","","MIN","4ACM4701","31.24","ACQUIRED","2026-04-15 14:43"
"5390","oht_time_avg","2026-04-15 14:43:18.369+0900","N","","","","MIN","4ACM4701","10.7","ASSIGN","2026-04-15 14:43"
"5389","oht_time_avg","2026-04-15 14:43:18.369+0900","N","","","","MIN","4ACM4701","0.2","REP","2026-04-15 14:43"
"5400","oht_time_avg","2026-04-15 14:44:20.430+0900","N","","","","MIN","4ACM4701","0.0","COMPLETED","2026-04-15 14:44"
"5399","oht_time_avg","2026-04-15 14:44:20.430+0900","N","","","","MIN","4ACM4701","7.53","DESPOSITED","2026-04-15 14:44"
"5398","oht_time_avg","2026-04-15 14:44:20.430+0900","N","","","","MIN","4ACM4701","128.57","TRANSFERRING","2026-04-15 14:44"
"5397","oht_time_avg","2026-04-15 14:44:20.430+0900","N","","","","MIN","4ACM4701","32.3","ACQUIRED","2026-04-15 14:44"
"5396","oht_time_avg","2026-04-15 14:44:20.430+0900","N","","","","MIN","4ACM4701","12.22","ASSIGN","2026-04-15 14:44"
"5395","oht_time_avg","2026-04-15 14:44:20.430+0900","N","","","","MIN","4ACM4701","0.18","REP","2026-04-15 14:44"
"5406","oht_time_avg","2026-04-15 14:45:07.855+0900","N","","","","MIN","4ACM4701","0.0","COMPLETED","2026-04-15 14:45"
"5405","oht_time_avg","2026-04-15 14:45:07.855+0900","N","","","","MIN","4ACM4701","7.09","DESPOSITED","2026-04-15 14:45"
"5404","oht_time_avg","2026-04-15 14:45:07.855+0900","N","","","","MIN","4ACM4701","131.8","TRANSFERRING","2026-04-15 14:45"
"5403","oht_time_avg","2026-04-15 14:45:07.855+0900","N","","","","MIN","4ACM4701","29.63","ACQUIRED","2026-04-15 14:45"
"5402","oht_time_avg","2026-04-15 14:45:07.855+0900","N","","","","MIN","4ACM4701","10.66","ASSIGN","2026-04-15 14:45"
"5401","oht_time_avg","2026-04-15 14:45:07.855+0900","N","","","","MIN","4ACM4701","0.12","REP","2026-04-15 14:45"
"5412","oht_time_avg","2026-04-15 14:46:08.147+0900","N","","","","MIN","4ACM4701","0.0","COMPLETED","2026-04-15 14:46"
"5411","oht_time_avg","2026-04-15 14:46:08.147+0900","N","","","","MIN","4ACM4701","7.16","DESPOSITED","2026-04-15 14:46"
"5410","oht_time_avg","2026-04-15 14:46:08.147+0900","N","","","","MIN","4ACM4701","132.9","TRANSFERRING","2026-04-15 14:46"
"5409","oht_time_avg","2026-04-15 14:46:08.147+0900","N","","","","MIN","4ACM4701","32.24","ACQUIRED","2026-04-15 14:46"
"5408","oht_time_avg","2026-04-15 14:46:08.147+0900","N","","","","MIN","4ACM4701","11.46","ASSIGN","2026-04-15 14:46"
"5407","oht_time_avg","2026-04-15 14:46:08.147+0900","N","","","","MIN","4ACM4701","0.17","REP","2026-04-15 14:46"
"5418","oht_time_avg","2026-04-15 14:47:06.839+0900","N","","","","MIN","4ACM4701","0.0","COMPLETED","2026-04-15 14:47"
"5417","oht_time_avg","2026-04-15 14:47:06.839+0900","N","","","","MIN","4ACM4701","7.11","DESPOSITED","2026-04-15 14:47"
"5416","oht_time_avg","2026-04-15 14:47:06.839+0900","N","","","","MIN","4ACM4701","142.33","TRANSFERRING","2026-04-15 14:47"
"5415","oht_time_avg","2026-04-15 14:47:06.839+0900","N","","","","MIN","4ACM4701","31.22","ACQUIRED","2026-04-15 14:47"
"5414","oht_time_avg","2026-04-15 14:47:06.839+0900","N","","","","MIN","4ACM4701","11.36","ASSIGN","2026-04-15 14:47"
"5413","oht_time_avg","2026-04-15 14:47:06.839+0900","N","","","","MIN","4ACM4701","0.15","REP","2026-04-15 14:47"
"5424","oht_time_avg","2026-04-15 14:48:09.473+0900","N","","","","MIN","4ACM4701","0.0","COMPLETED","2026-04-15 14:48"
"5423","oht_time_avg","2026-04-15 14:48:09.473+0900","N","","","","MIN","4ACM4701","7.25","DESPOSITED","2026-04-15 14:48"
"5422","oht_time_avg","2026-04-15 14:48:09.473+0900","N","","","","MIN","4ACM4701","125.71","TRANSFERRING","2026-04-15 14:48"
"5421","oht_time_avg","2026-04-15 14:48:09.473+0900","N","","","","MIN","4ACM4701","32.03","ACQUIRED","2026-04-15 14:48"
"5420","oht_time_avg","2026-04-15 14:48:09.473+0900","N","","","","MIN","4ACM4701","11.82","ASSIGN","2026-04-15 14:48"
"5419","oht_time_avg","2026-04-15 14:48:09.473+0900","N","","","","MIN","4ACM4701","0.2","REP","2026-04-15 14:48"
"5430","oht_time_avg","2026-04-15 14:49:07.670+0900","N","","","","MIN","4ACM4701","0.0","COMPLETED","2026-04-15 14:49"
"5429","oht_time_avg","2026-04-15 14:49:07.670+0900","N","","","","MIN","4ACM4701","7.15","DESPOSITED","2026-04-15 14:49"
"5428","oht_time_avg","2026-04-15 14:49:07.670+0900","N","","","","MIN","4ACM4701","132.65","TRANSFERRING","2026-04-15 14:49"
"5427","oht_time_avg","2026-04-15 14:49:07.670+0900","N","","","","MIN","4ACM4701","32.11","ACQUIRED","2026-04-15 14:49"
"5426","oht_time_avg","2026-04-15 14:49:07.670+0900","N","","","","MIN","4ACM4701","12.49","ASSIGN","2026-04-15 14:49"
"5425","oht_time_avg","2026-04-15 14:49:07.670+0900","N","","","","MIN","4ACM4701","0.18","REP","2026-04-15 14:49"
"5436","oht_time_avg","2026-04-15 14:50:07.253+0900","N","","","","MIN","4ACM4701","0.0","COMPLETED","2026-04-15 14:50"
"5435","oht_time_avg","2026-04-15 14:50:07.253+0900","N","","","","MIN","4ACM4701","7.11","DESPOSITED","2026-04-15 14:50"
"5434","oht_time_avg","2026-04-15 14:50:07.253+0900","N","","","","MIN","4ACM4701","127.7","TRANSFERRING","2026-04-15 14:50"
"5433","oht_time_avg","2026-04-15 14:50:07.253+0900","N","","","","MIN","4ACM4701","31.78","ACQUIRED","2026-04-15 14:50"
"5432","oht_time_avg","2026-04-15 14:50:07.253+0900","N","","","","MIN","4ACM4701","12.29","ASSIGN","2026-04-15 14:50"
"5431","oht_time_avg","2026-04-15 14:50:07.253+0900","N","","","","MIN","4ACM4701","0.14","REP","2026-04-15 14:50"
"5442","oht_time_avg","2026-04-15 14:51:07.672+0900","N","","","","MIN","4ACM4701","0.0","COMPLETED","2026-04-15 14:51"
"5441","oht_time_avg","2026-04-15 14:51:07.672+0900","N","","","","MIN","4ACM4701","7.19","DESPOSITED","2026-04-15 14:51"
"5440","oht_time_avg","2026-04-15 14:51:07.672+0900","N","","","","MIN","4ACM4701","127.72","TRANSFERRING","2026-04-15 14:51"
"5439","oht_time_avg","2026-04-15 14:51:07.672+0900","N","","","","MIN","4ACM4701","32.46","ACQUIRED","2026-04-15 14:51"
"5438","oht_time_avg","2026-04-15 14:51:07.672+0900","N","","","","MIN","4ACM4701","11.13","ASSIGN","2026-04-15 14:51"
"5437","oht_time_avg","2026-04-15 14:51:07.672+0900","N","","","","MIN","4ACM4701","0.16","REP","2026-04-15 14:51"
"5448","oht_time_avg","2026-04-15 14:52:06.849+0900","N","","","","MIN","4ACM4701","0.0","COMPLETED","2026-04-15 14:52"
"5447","oht_time_avg","2026-04-15 14:52:06.849+0900","N","","","","MIN","4ACM4701","7.13","DESPOSITED","2026-04-15 14:52"
"5446","oht_time_avg","2026-04-15 14:52:06.849+0900","N","","","","MIN","4ACM4701","129.72","TRANSFERRING","2026-04-15 14:52"
"5445","oht_time_avg","2026-04-15 14:52:06.849+0900","N","","","","MIN","4ACM4701","32.68","ACQUIRED","2026-04-15 14:52"
"5444","oht_time_avg","2026-04-15 14:52:06.849+0900","N","","","","MIN","4ACM4701","13.42","ASSIGN","2026-04-15 14:52"
"5443","oht_time_avg","2026-04-15 14:52:06.849+0900","N","","","","MIN","4ACM4701","1.46","REP","2026-04-15 14:52"
"5454","oht_time_avg","2026-04-15 14:53:06.534+0900","N","","","","MIN","4ACM4701","0.0","COMPLETED","2026-04-15 14:53"
"5453","oht_time_avg","2026-04-15 14:53:06.534+0900","N","","","","MIN","4ACM4701","7.17","DESPOSITED","2026-04-15 14:53"
"5452","oht_time_avg","2026-04-15 14:53:06.534+0900","N","","","","MIN","4ACM4701","134.1","TRANSFERRING","2026-04-15 14:53"
"5451","oht_time_avg","2026-04-15 14:53:06.534+0900","N","","","","MIN","4ACM4701","33.07","ACQUIRED","2026-04-15 14:53"
"5450","oht_time_avg","2026-04-15 14:53:06.534+0900","N","","","","MIN","4ACM4701","10.58","ASSIGN","2026-04-15 14:53"
"5449","oht_time_avg","2026-04-15 14:53:06.534+0900","N","","","","MIN","4ACM4701","0.19","REP","2026-04-15 14:53"
"5460","oht_time_avg","2026-04-15 14:54:07.036+0900","N","","","","MIN","4ACM4701","0.0","COMPLETED","2026-04-15 14:54"
"5459","oht_time_avg","2026-04-15 14:54:07.036+0900","N","","","","MIN","4ACM4701","7.25","DESPOSITED","2026-04-15 14:54"
"5458","oht_time_avg","2026-04-15 14:54:07.036+0900","N","","","","MIN","4ACM4701","135.51","TRANSFERRING","2026-04-15 14:54"
"5457","oht_time_avg","2026-04-15 14:54:07.036+0900","N","","","","MIN","4ACM4701","34.75","ACQUIRED","2026-04-15 14:54"
"5456","oht_time_avg","2026-04-15 14:54:07.036+0900","N","","","","MIN","4ACM4701","12.62","ASSIGN","2026-04-15 14:54"
"5455","oht_time_avg","2026-04-15 14:54:07.036+0900","N","","","","MIN","4ACM4701","0.17","REP","2026-04-15 14:54"
"5466","oht_time_avg","2026-04-15 14:55:07.352+0900","N","","","","MIN","4ACM4701","0.0","COMPLETED","2026-04-15 14:55"
"5465","oht_time_avg","2026-04-15 14:55:07.352+0900","N","","","","MIN","4ACM4701","7.34","DESPOSITED","2026-04-15 14:55"
"5464","oht_time_avg","2026-04-15 14:55:07.352+0900","N","","","","MIN","4ACM4701","130.18","TRANSFERRING","2026-04-15 14:55"
"5463","oht_time_avg","2026-04-15 14:55:07.352+0900","N","","","","MIN","4ACM4701","31.67","ACQUIRED","2026-04-15 14:55"
"5462","oht_time_avg","2026-04-15 14:55:07.352+0900","N","","","","MIN","4ACM4701","11.76","ASSIGN","2026-04-15 14:55"
"5461","oht_time_avg","2026-04-15 14:55:07.352+0900","N","","","","MIN","4ACM4701","0.22","REP","2026-04-15 14:55"
"5472","oht_time_avg","2026-04-15 14:56:07.355+0900","N","","","","MIN","4ACM4701","0.0","COMPLETED","2026-04-15 14:56"
"5471","oht_time_avg","2026-04-15 14:56:07.355+0900","N","","","","MIN","4ACM4701","7.05","DESPOSITED","2026-04-15 14:56"
"5470","oht_time_avg","2026-04-15 14:56:07.355+0900","N","","","","MIN","4ACM4701","137.82","TRANSFERRING","2026-04-15 14:56"
"5469","oht_time_avg","2026-04-15 14:56:07.355+0900","N","","","","MIN","4ACM4701","31.2","ACQUIRED","2026-04-15 14:56"
"5468","oht_time_avg","2026-04-15 14:56:07.355+0900","N","","","","MIN","4ACM4701","11.31","ASSIGN","2026-04-15 14:56"
"5467","oht_time_avg","2026-04-15 14:56:07.355+0900","N","","","","MIN","4ACM4701","0.18","REP","2026-04-15 14:56"
"5478","oht_time_avg","2026-04-15 14:57:07.457+0900","N","","","","MIN","4ACM4701","0.0","COMPLETED","2026-04-15 14:57"
"5477","oht_time_avg","2026-04-15 14:57:07.457+0900","N","","","","MIN","4ACM4701","7.12","DESPOSITED","2026-04-15 14:57"
"5476","oht_time_avg","2026-04-15 14:57:07.457+0900","N","","","","MIN","4ACM4701","132.46","TRANSFERRING","2026-04-15 14:57"
"5475","oht_time_avg","2026-04-15 14:57:07.457+0900","N","","","","MIN","4ACM4701","31.44","ACQUIRED","2026-04-15 14:57"
"5474","oht_time_avg","2026-04-15 14:57:07.457+0900","N","","","","MIN","4ACM4701","10.87","ASSIGN","2026-04-15 14:57"
"5473","oht_time_avg","2026-04-15 14:57:07.457+0900","N","","","","MIN","4ACM4701","0.19","REP","2026-04-15 14:57"
"5484","oht_time_avg","2026-04-15 14:58:06.389+0900","N","","","","MIN","4ACM4701","0.0","COMPLETED","2026-04-15 14:58"
"5483","oht_time_avg","2026-04-15 14:58:06.389+0900","N","","","","MIN","4ACM4701","7.16","DESPOSITED","2026-04-15 14:58"
"5482","oht_time_avg","2026-04-15 14:58:06.389+0900","N","","","","MIN","4ACM4701","134.56","TRANSFERRING","2026-04-15 14:58"
"5481","oht_time_avg","2026-04-15 14:58:06.389+0900","N","","","","MIN","4ACM4701","31.89","ACQUIRED","2026-04-15 14:58"
"5480","oht_time_avg","2026-04-15 14:58:06.389+0900","N","","","","MIN","4ACM4701","11.47","ASSIGN","2026-04-15 14:58"
"5479","oht_time_avg","2026-04-15 14:58:06.389+0900","N","","","","MIN","4ACM4701","0.18","REP","2026-04-15 14:58"
"5490","oht_time_avg","2026-04-15 14:59:06.898+0900","N","","","","MIN","4ACM4701","0.0","COMPLETED","2026-04-15 14:59"
"5489","oht_time_avg","2026-04-15 14:59:06.898+0900","N","","","","MIN","4ACM4701","7.09","DESPOSITED","2026-04-15 14:59"
"5488","oht_time_avg","2026-04-15 14:59:06.898+0900","N","","","","MIN","4ACM4701","126.89","TRANSFERRING","2026-04-15 14:59"
"5487","oht_time_avg","2026-04-15 14:59:06.898+0900","N","","","","MIN","4ACM4701","30.1","ACQUIRED","2026-04-15 14:59"
"5486","oht_time_avg","2026-04-15 14:59:06.898+0900","N","","","","MIN","4ACM4701","9.97","ASSIGN","2026-04-15 14:59"
"5485","oht_time_avg","2026-04-15 14:59:06.898+0900","N","","","","MIN","4ACM4701","0.17","REP","2026-04-15 14:59"
"5496","oht_time_avg","2026-04-15 15:00:06.642+0900","N","","","","MIN","4ACM4701","0.0","COMPLETED","2026-04-15 15:00"
"5495","oht_time_avg","2026-04-15 15:00:06.642+0900","N","","","","MIN","4ACM4701","7.29","DESPOSITED","2026-04-15 15:00"
"5494","oht_time_avg","2026-04-15 15:00:06.642+0900","N","","","","MIN","4ACM4701","140.24","TRANSFERRING","2026-04-15 15:00"
"5493","oht_time_avg","2026-04-15 15:00:06.642+0900","N","","","","MIN","4ACM4701","32.84","ACQUIRED","2026-04-15 15:00"
"5492","oht_time_avg","2026-04-15 15:00:06.642+0900","N","","","","MIN","4ACM4701","12.64","ASSIGN","2026-04-15 15:00"
"5491","oht_time_avg","2026-04-15 15:00:06.642+0900","N","","","","MIN","4ACM4701","0.15","REP","2026-04-15 15:00"
"5502","oht_time_avg","2026-04-15 15:01:07.944+0900","N","","","","MIN","4ACM4701","0.0","COMPLETED","2026-04-15 15:01"
"5501","oht_time_avg","2026-04-15 15:01:07.944+0900","N","","","","MIN","4ACM4701","7.28","DESPOSITED","2026-04-15 15:01"
"5500","oht_time_avg","2026-04-15 15:01:07.944+0900","N","","","","MIN","4ACM4701","128.17","TRANSFERRING","2026-04-15 15:01"
"5499","oht_time_avg","2026-04-15 15:01:07.944+0900","N","","","","MIN","4ACM4701","31.24","ACQUIRED","2026-04-15 15:01"
"5498","oht_time_avg","2026-04-15 15:01:07.944+0900","N","","","","MIN","4ACM4701","11.04","ASSIGN","2026-04-15 15:01"
"5497","oht_time_avg","2026-04-15 15:01:07.944+0900","N","","","","MIN","4ACM4701","0.16","REP","2026-04-15 15:01"
"5508","oht_time_avg","2026-04-15 15:01:08.355+0900","N","","","","HOUR","4ACM4701","0.0","COMPLETED","2026-04-15 15:00"
"5507","oht_time_avg","2026-04-15 15:01:08.355+0900","N","","","","HOUR","4ACM4701","7.05","DESPOSITED","2026-04-15 15:00"
"5506","oht_time_avg","2026-04-15 15:01:08.355+0900","N","","","","HOUR","4ACM4701","129.19","TRANSFERRING","2026-04-15 15:00"
"5505","oht_time_avg","2026-04-15 15:01:08.355+0900","N","","","","HOUR","4ACM4701","31.25","ACQUIRED","2026-04-15 15:00"
"5504","oht_time_avg","2026-04-15 15:01:08.355+0900","N","","","","HOUR","4ACM4701","10.94","ASSIGN","2026-04-15 15:00"
"5503","oht_time_avg","2026-04-15 15:01:08.355+0900","N","","","","HOUR","4ACM4701","0.17","REP","2026-04-15 15:00"
"5514","oht_time_avg","2026-04-15 15:02:07.769+0900","N","","","","MIN","4ACM4701","0.0","COMPLETED","2026-04-15 15:02"
"5513","oht_time_avg","2026-04-15 15:02:07.769+0900","N","","","","MIN","4ACM4701","7.04","DESPOSITED","2026-04-15 15:02"
"5512","oht_time_avg","2026-04-15 15:02:07.769+0900","N","","","","MIN","4ACM4701","132.94","TRANSFERRING","2026-04-15 15:02"
"5511","oht_time_avg","2026-04-15 15:02:07.769+0900","N","","","","MIN","4ACM4701","33.62","ACQUIRED","2026-04-15 15:02"
"5510","oht_time_avg","2026-04-15 15:02:07.769+0900","N","","","","MIN","4ACM4701","11.67","ASSIGN","2026-04-15 15:02"
"5509","oht_time_avg","2026-04-15 15:02:07.769+0900","N","","","","MIN","4ACM4701","0.17","REP","2026-04-15 15:02"
"5520","oht_time_avg","2026-04-15 15:03:09.671+0900","N","","","","MIN","4ACM4701","0.0","COMPLETED","2026-04-15 15:03"
"5519","oht_time_avg","2026-04-15 15:03:09.671+0900","N","","","","MIN","4ACM4701","7.46","DESPOSITED","2026-04-15 15:03"
"5518","oht_time_avg","2026-04-15 15:03:09.671+0900","N","","","","MIN","4ACM4701","134.5","TRANSFERRING","2026-04-15 15:03"
"5517","oht_time_avg","2026-04-15 15:03:09.671+0900","N","","","","MIN","4ACM4701","33.18","ACQUIRED","2026-04-15 15:03"
"5516","oht_time_avg","2026-04-15 15:03:09.671+0900","N","","","","MIN","4ACM4701","12.41","ASSIGN","2026-04-15 15:03"
"5515","oht_time_avg","2026-04-15 15:03:09.671+0900","N","","","","MIN","4ACM4701","1.39","REP","2026-04-15 15:03"
"5526","oht_time_avg","2026-04-15 15:04:07.601+0900","N","","","","MIN","4ACM4701","0.0","COMPLETED","2026-04-15 15:04"
"5525","oht_time_avg","2026-04-15 15:04:07.601+0900","N","","","","MIN","4ACM4701","7.25","DESPOSITED","2026-04-15 15:04"
"5524","oht_time_avg","2026-04-15 15:04:07.601+0900","N","","","","MIN","4ACM4701","137.25","TRANSFERRING","2026-04-15 15:04"
"5523","oht_time_avg","2026-04-15 15:04:07.601+0900","N","","","","MIN","4ACM4701","32.17","ACQUIRED","2026-04-15 15:04"
"5522","oht_time_avg","2026-04-15 15:04:07.601+0900","N","","","","MIN","4ACM4701","12.57","ASSIGN","2026-04-15 15:04"
"5521","oht_time_avg","2026-04-15 15:04:07.601+0900","N","","","","MIN","4ACM4701","0.19","REP","2026-04-15 15:04"
"5532","oht_time_avg","2026-04-15 15:05:06.703+0900","N","","","","MIN","4ACM4701","0.0","COMPLETED","2026-04-15 15:05"
"5531","oht_time_avg","2026-04-15 15:05:06.703+0900","N","","","","MIN","4ACM4701","7.15","DESPOSITED","2026-04-15 15:05"
"5530","oht_time_avg","2026-04-15 15:05:06.703+0900","N","","","","MIN","4ACM4701","128.61","TRANSFERRING","2026-04-15 15:05"
"5529","oht_time_avg","2026-04-15 15:05:06.703+0900","N","","","","MIN","4ACM4701","31.62","ACQUIRED","2026-04-15 15:05"
"5528","oht_time_avg","2026-04-15 15:05:06.703+0900","N","","","","MIN","4ACM4701","12.36","ASSIGN","2026-04-15 15:05"
"5527","oht_time_avg","2026-04-15 15:05:06.703+0900","N","","","","MIN","4ACM4701","0.65","REP","2026-04-15 15:05"
"5538","oht_time_avg","2026-04-15 15:06:07.018+0900","N","","","","MIN","4ACM4701","0.0","COMPLETED","2026-04-15 15:06"
"5537","oht_time_avg","2026-04-15 15:06:07.018+0900","N","","","","MIN","4ACM4701","7.09","DESPOSITED","2026-04-15 15:06"
"5536","oht_time_avg","2026-04-15 15:06:07.018+0900","N","","","","MIN","4ACM4701","134.24","TRANSFERRING","2026-04-15 15:06"
"5535","oht_time_avg","2026-04-15 15:06:07.018+0900","N","","","","MIN","4ACM4701","32.58","ACQUIRED","2026-04-15 15:06"
"5534","oht_time_avg","2026-04-15 15:06:07.018+0900","N","","","","MIN","4ACM4701","9.43","ASSIGN","2026-04-15 15:06"
"5533","oht_time_avg","2026-04-15 15:06:07.018+0900","N","","","","MIN","4ACM4701","0.49","REP","2026-04-15 15:06"
"5544","oht_time_avg","2026-04-15 15:07:07.290+0900","N","","","","MIN","4ACM4701","0.0","COMPLETED","2026-04-15 15:07"
"5543","oht_time_avg","2026-04-15 15:07:07.290+0900","N","","","","MIN","4ACM4701","7.09","DESPOSITED","2026-04-15 15:07"
"5542","oht_time_avg","2026-04-15 15:07:07.290+0900","N","","","","MIN","4ACM4701","129.63","TRANSFERRING","2026-04-15 15:07"
"5541","oht_time_avg","2026-04-15 15:07:07.290+0900","N","","","","MIN","4ACM4701","30.55","ACQUIRED","2026-04-15 15:07"
"5540","oht_time_avg","2026-04-15 15:07:07.290+0900","N","","","","MIN","4ACM4701","11.49","ASSIGN","2026-04-15 15:07"
"5539","oht_time_avg","2026-04-15 15:07:07.290+0900","N","","","","MIN","4ACM4701","1.38","REP","2026-04-15 15:07"
"5550","oht_time_avg","2026-04-15 15:08:06.508+0900","N","","","","MIN","4ACM4701","0.0","COMPLETED","2026-04-15 15:08"
"5549","oht_time_avg","2026-04-15 15:08:06.508+0900","N","","","","MIN","4ACM4701","7.27","DESPOSITED","2026-04-15 15:08"
"5548","oht_time_avg","2026-04-15 15:08:06.508+0900","N","","","","MIN","4ACM4701","131.07","TRANSFERRING","2026-04-15 15:08"
"5547","oht_time_avg","2026-04-15 15:08:06.508+0900","N","","","","MIN","4ACM4701","31.45","ACQUIRED","2026-04-15 15:08"
"5546","oht_time_avg","2026-04-15 15:08:06.508+0900","N","","","","MIN","4ACM4701","12.56","ASSIGN","2026-04-15 15:08"
"5545","oht_time_avg","2026-04-15 15:08:06.508+0900","N","","","","MIN","4ACM4701","0.16","REP","2026-04-15 15:08"
"5556","oht_time_avg","2026-04-15 15:09:07.934+0900","N","","","","MIN","4ACM4701","0.0","COMPLETED","2026-04-15 15:09"
"5555","oht_time_avg","2026-04-15 15:09:07.934+0900","N","","","","MIN","4ACM4701","7.18","DESPOSITED","2026-04-15 15:09"
"5554","oht_time_avg","2026-04-15 15:09:07.934+0900","N","","","","MIN","4ACM4701","126.77","TRANSFERRING","2026-04-15 15:09"
"5553","oht_time_avg","2026-04-15 15:09:07.934+0900","N","","","","MIN","4ACM4701","31.49","ACQUIRED","2026-04-15 15:09"
"5552","oht_time_avg","2026-04-15 15:09:07.934+0900","N","","","","MIN","4ACM4701","10.11","ASSIGN","2026-04-15 15:09"
"5551","oht_time_avg","2026-04-15 15:09:07.934+0900","N","","","","MIN","4ACM4701","0.17","REP","2026-04-15 15:09"
"5562","oht_time_avg","2026-04-15 15:10:07.045+0900","N","","","","MIN","4ACM4701","0.0","COMPLETED","2026-04-15 15:10"
"5561","oht_time_avg","2026-04-15 15:10:07.045+0900","N","","","","MIN","4ACM4701","7.52","DESPOSITED","2026-04-15 15:10"
"5560","oht_time_avg","2026-04-15 15:10:07.045+0900","N","","","","MIN","4ACM4701","129.27","TRANSFERRING","2026-04-15 15:10"
"5559","oht_time_avg","2026-04-15 15:10:07.045+0900","N","","","","MIN","4ACM4701","32.37","ACQUIRED","2026-04-15 15:10"
"5558","oht_time_avg","2026-04-15 15:10:07.045+0900","N","","","","MIN","4ACM4701","11.66","ASSIGN","2026-04-15 15:10"
"5557","oht_time_avg","2026-04-15 15:10:07.045+0900","N","","","","MIN","4ACM4701","0.14","REP","2026-04-15 15:10"
"5568","oht_time_avg","2026-04-15 15:11:07.351+0900","N","","","","MIN","4ACM4701","0.0","COMPLETED","2026-04-15 15:11"
"5567","oht_time_avg","2026-04-15 15:11:07.351+0900","N","","","","MIN","4ACM4701","7.22","DESPOSITED","2026-04-15 15:11"
"5566","oht_time_avg","2026-04-15 15:11:07.351+0900","N","","","","MIN","4ACM4701","130.61","TRANSFERRING","2026-04-15 15:11"
"5565","oht_time_avg","2026-04-15 15:11:07.351+0900","N","","","","MIN","4ACM4701","28.23","ACQUIRED","2026-04-15 15:11"
"5564","oht_time_avg","2026-04-15 15:11:07.351+0900","N","","","","MIN","4ACM4701","12.1","ASSIGN","2026-04-15 15:11"
"5563","oht_time_avg","2026-04-15 15:11:07.351+0900","N","","","","MIN","4ACM4701","0.18","REP","2026-04-15 15:11"
"5574","oht_time_avg","2026-04-15 15:12:06.660+0900","N","","","","MIN","4ACM4701","0.0","COMPLETED","2026-04-15 15:12"
"5573","oht_time_avg","2026-04-15 15:12:06.660+0900","N","","","","MIN","4ACM4701","7.21","DESPOSITED","2026-04-15 15:12"
"5572","oht_time_avg","2026-04-15 15:12:06.660+0900","N","","","","MIN","4ACM4701","138.22","TRANSFERRING","2026-04-15 15:12"
"5571","oht_time_avg","2026-04-15 15:12:06.660+0900","N","","","","MIN","4ACM4701","34.03","ACQUIRED","2026-04-15 15:12"
"5570","oht_time_avg","2026-04-15 15:12:06.660+0900","N","","","","MIN","4ACM4701","10.89","ASSIGN","2026-04-15 15:12"
"5569","oht_time_avg","2026-04-15 15:12:06.660+0900","N","","","","MIN","4ACM4701","0.15","REP","2026-04-15 15:12"
"5580","oht_time_avg","2026-04-15 15:13:06.609+0900","N","","","","MIN","4ACM4701","3.45","COMPLETED","2026-04-15 15:13"
"5579","oht_time_avg","2026-04-15 15:13:06.609+0900","N","","","","MIN","4ACM4701","7.17","DESPOSITED","2026-04-15 15:13"
"5578","oht_time_avg","2026-04-15 15:13:06.609+0900","N","","","","MIN","4ACM4701","126.17","TRANSFERRING","2026-04-15 15:13"
"5577","oht_time_avg","2026-04-15 15:13:06.609+0900","N","","","","MIN","4ACM4701","32.24","ACQUIRED","2026-04-15 15:13"
"5576","oht_time_avg","2026-04-15 15:13:06.609+0900","N","","","","MIN","4ACM4701","13.21","ASSIGN","2026-04-15 15:13"
"5575","oht_time_avg","2026-04-15 15:13:06.609+0900","N","","","","MIN","4ACM4701","0.18","REP","2026-04-15 15:13"
"5586","oht_time_avg","2026-04-15 15:14:06.523+0900","N","","","","MIN","4ACM4701","0.0","COMPLETED","2026-04-15 15:14"
"5585","oht_time_avg","2026-04-15 15:14:06.523+0900","N","","","","MIN","4ACM4701","7.33","DESPOSITED","2026-04-15 15:14"
"5584","oht_time_avg","2026-04-15 15:14:06.523+0900","N","","","","MIN","4ACM4701","129.89","TRANSFERRING","2026-04-15 15:14"
"5583","oht_time_avg","2026-04-15 15:14:06.523+0900","N","","","","MIN","4ACM4701","32.17","ACQUIRED","2026-04-15 15:14"
"5582","oht_time_avg","2026-04-15 15:14:06.523+0900","N","","","","MIN","4ACM4701","12.48","ASSIGN","2026-04-15 15:14"
"5581","oht_time_avg","2026-04-15 15:14:06.523+0900","N","","","","MIN","4ACM4701","0.18","REP","2026-04-15 15:14"
"5592","oht_time_avg","2026-04-15 15:15:06.876+0900","N","","","","MIN","4ACM4701","0.0","COMPLETED","2026-04-15 15:15"
"5591","oht_time_avg","2026-04-15 15:15:06.876+0900","N","","","","MIN","4ACM4701","7.18","DESPOSITED","2026-04-15 15:15"
"5590","oht_time_avg","2026-04-15 15:15:06.876+0900","N","","","","MIN","4ACM4701","134.27","TRANSFERRING","2026-04-15 15:15"
"5589","oht_time_avg","2026-04-15 15:15:06.876+0900","N","","","","MIN","4ACM4701","31.46","ACQUIRED","2026-04-15 15:15"
"5588","oht_time_avg","2026-04-15 15:15:06.876+0900","N","","","","MIN","4ACM4701","11.31","ASSIGN","2026-04-15 15:15"
"5587","oht_time_avg","2026-04-15 15:15:06.876+0900","N","","","","MIN","4ACM4701","0.18","REP","2026-04-15 15:15"
"5598","oht_time_avg","2026-04-15 15:16:06.581+0900","N","","","","MIN","4ACM4701","0.0","COMPLETED","2026-04-15 15:16"
"5597","oht_time_avg","2026-04-15 15:16:06.581+0900","N","","","","MIN","4ACM4701","7.42","DESPOSITED","2026-04-15 15:16"
"5596","oht_time_avg","2026-04-15 15:16:06.581+0900","N","","","","MIN","4ACM4701","135.35","TRANSFERRING","2026-04-15 15:16"
"5595","oht_time_avg","2026-04-15 15:16:06.581+0900","N","","","","MIN","4ACM4701","33.28","ACQUIRED","2026-04-15 15:16"
"5594","oht_time_avg","2026-04-15 15:16:06.581+0900","N","","","","MIN","4ACM4701","10.99","ASSIGN","2026-04-15 15:16"
"5593","oht_time_avg","2026-04-15 15:16:06.581+0900","N","","","","MIN","4ACM4701","1.08","REP","2026-04-15 15:16"
"5604","oht_time_avg","2026-04-15 15:17:07.377+0900","N","","","","MIN","4ACM4701","0.0","COMPLETED","2026-04-15 15:17"
"5603","oht_time_avg","2026-04-15 15:17:07.377+0900","N","","","","MIN","4ACM4701","7.17","DESPOSITED","2026-04-15 15:17"
"5602","oht_time_avg","2026-04-15 15:17:07.377+0900","N","","","","MIN","4ACM4701","130.37","TRANSFERRING","2026-04-15 15:17"
"5601","oht_time_avg","2026-04-15 15:17:07.377+0900","N","","","","MIN","4ACM4701","28.51","ACQUIRED","2026-04-15 15:17"
"5600","oht_time_avg","2026-04-15 15:17:07.377+0900","N","","","","MIN","4ACM4701","11.2","ASSIGN","2026-04-15 15:17"
"5599","oht_time_avg","2026-04-15 15:17:07.377+0900","N","","","","MIN","4ACM4701","0.22","REP","2026-04-15 15:17"
"5610","oht_time_avg","2026-04-15 15:18:06.645+0900","N","","","","MIN","4ACM4701","0.0","COMPLETED","2026-04-15 15:18"
"5609","oht_time_avg","2026-04-15 15:18:06.645+0900","N","","","","MIN","4ACM4701","7.18","DESPOSITED","2026-04-15 15:18"
"5608","oht_time_avg","2026-04-15 15:18:06.645+0900","N","","","","MIN","4ACM4701","134.12","TRANSFERRING","2026-04-15 15:18"
"5607","oht_time_avg","2026-04-15 15:18:06.645+0900","N","","","","MIN","4ACM4701","29.28","ACQUIRED","2026-04-15 15:18"
"5606","oht_time_avg","2026-04-15 15:18:06.645+0900","N","","","","MIN","4ACM4701","10.12","ASSIGN","2026-04-15 15:18"
"5605","oht_time_avg","2026-04-15 15:18:06.645+0900","N","","","","MIN","4ACM4701","0.17","REP","2026-04-15 15:18"
"5616","oht_time_avg","2026-04-15 15:19:06.888+0900","N","","","","MIN","4ACM4701","0.0","COMPLETED","2026-04-15 15:19"
"5615","oht_time_avg","2026-04-15 15:19:06.888+0900","N","","","","MIN","4ACM4701","7.33","DESPOSITED","2026-04-15 15:19"
"5614","oht_time_avg","2026-04-15 15:19:06.888+0900","N","","","","MIN","4ACM4701","137.34","TRANSFERRING","2026-04-15 15:19"
"5613","oht_time_avg","2026-04-15 15:19:06.888+0900","N","","","","MIN","4ACM4701","30.74","ACQUIRED","2026-04-15 15:19"
"5612","oht_time_avg","2026-04-15 15:19:06.888+0900","N","","","","MIN","4ACM4701","11.04","ASSIGN","2026-04-15 15:19"
"5611","oht_time_avg","2026-04-15 15:19:06.888+0900","N","","","","MIN","4ACM4701","0.19","REP","2026-04-15 15:19"
"5622","oht_time_avg","2026-04-15 15:20:07.566+0900","N","","","","MIN","4ACM4701","0.0","COMPLETED","2026-04-15 15:20"
"5621","oht_time_avg","2026-04-15 15:20:07.566+0900","N","","","","MIN","4ACM4701","7.55","DESPOSITED","2026-04-15 15:20"
"5620","oht_time_avg","2026-04-15 15:20:07.566+0900","N","","","","MIN","4ACM4701","125.58","TRANSFERRING","2026-04-15 15:20"
"5619","oht_time_avg","2026-04-15 15:20:07.566+0900","N","","","","MIN","4ACM4701","30.92","ACQUIRED","2026-04-15 15:20"
"5618","oht_time_avg","2026-04-15 15:20:07.566+0900","N","","","","MIN","4ACM4701","9.09","ASSIGN","2026-04-15 15:20"
"5617","oht_time_avg","2026-04-15 15:20:07.566+0900","N","","","","MIN","4ACM4701","0.14","REP","2026-04-15 15:20"
"5628","oht_time_avg","2026-04-15 15:21:07.468+0900","N","","","","MIN","4ACM4701","0.0","COMPLETED","2026-04-15 15:21"
"5627","oht_time_avg","2026-04-15 15:21:07.468+0900","N","","","","MIN","4ACM4701","7.41","DESPOSITED","2026-04-15 15:21"
"5626","oht_time_avg","2026-04-15 15:21:07.468+0900","N","","","","MIN","4ACM4701","132.5","TRANSFERRING","2026-04-15 15:21"
"5625","oht_time_avg","2026-04-15 15:21:07.468+0900","N","","","","MIN","4ACM4701","32.1","ACQUIRED","2026-04-15 15:21"
"5624","oht_time_avg","2026-04-15 15:21:07.468+0900","N","","","","MIN","4ACM4701","10.97","ASSIGN","2026-04-15 15:21"
"5623","oht_time_avg","2026-04-15 15:21:07.468+0900","N","","","","MIN","4ACM4701","0.18","REP","2026-04-15 15:21"
"5634","oht_time_avg","2026-04-15 15:22:07.258+0900","N","","","","MIN","4ACM4701","0.0","COMPLETED","2026-04-15 15:22"
"5633","oht_time_avg","2026-04-15 15:22:07.258+0900","N","","","","MIN","4ACM4701","7.18","DESPOSITED","2026-04-15 15:22"
"5632","oht_time_avg","2026-04-15 15:22:07.258+0900","N","","","","MIN","4ACM4701","139.57","TRANSFERRING","2026-04-15 15:22"
"5631","oht_time_avg","2026-04-15 15:22:07.258+0900","N","","","","MIN","4ACM4701","31.46","ACQUIRED","2026-04-15 15:22"
"5630","oht_time_avg","2026-04-15 15:22:07.258+0900","N","","","","MIN","4ACM4701","12.63","ASSIGN","2026-04-15 15:22"
"5629","oht_time_avg","2026-04-15 15:22:07.258+0900","N","","","","MIN","4ACM4701","0.15","REP","2026-04-15 15:22"
"5640","oht_time_avg","2026-04-15 15:23:07.137+0900","N","","","","MIN","4ACM4701","0.0","COMPLETED","2026-04-15 15:23"
"5639","oht_time_avg","2026-04-15 15:23:07.137+0900","N","","","","MIN","4ACM4701","6.98","DESPOSITED","2026-04-15 15:23"
"5638","oht_time_avg","2026-04-15 15:23:07.137+0900","N","","","","MIN","4ACM4701","132.57","TRANSFERRING","2026-04-15 15:23"
"5637","oht_time_avg","2026-04-15 15:23:07.137+0900","N","","","","MIN","4ACM4701","34.19","ACQUIRED","2026-04-15 15:23"
"5636","oht_time_avg","2026-04-15 15:23:07.137+0900","N","","","","MIN","4ACM4701","11.37","ASSIGN","2026-04-15 15:23"
"5635","oht_time_avg","2026-04-15 15:23:07.137+0900","N","","","","MIN","4ACM4701","0.16","REP","2026-04-15 15:23"
"5646","oht_time_avg","2026-04-15 15:24:06.676+0900","N","","","","MIN","4ACM4701","0.0","COMPLETED","2026-04-15 15:24"
"5645","oht_time_avg","2026-04-15 15:24:06.676+0900","N","","","","MIN","4ACM4701","7.39","DESPOSITED","2026-04-15 15:24"
"5644","oht_time_avg","2026-04-15 15:24:06.676+0900","N","","","","MIN","4ACM4701","130.58","TRANSFERRING","2026-04-15 15:24"
"5643","oht_time_avg","2026-04-15 15:24:06.676+0900","N","","","","MIN","4ACM4701","31.11","ACQUIRED","2026-04-15 15:24"
"5642","oht_time_avg","2026-04-15 15:24:06.676+0900","N","","","","MIN","4ACM4701","12.88","ASSIGN","2026-04-15 15:24"
"5641","oht_time_avg","2026-04-15 15:24:06.676+0900","N","","","","MIN","4ACM4701","0.14","REP","2026-04-15 15:24"
"5652","oht_time_avg","2026-04-15 15:25:07.043+0900","N","","","","MIN","4ACM4701","0.0","COMPLETED","2026-04-15 15:25"
"5651","oht_time_avg","2026-04-15 15:25:07.043+0900","N","","","","MIN","4ACM4701","7.17","DESPOSITED","2026-04-15 15:25"
"5650","oht_time_avg","2026-04-15 15:25:07.043+0900","N","","","","MIN","4ACM4701","127.85","TRANSFERRING","2026-04-15 15:25"
"5649","oht_time_avg","2026-04-15 15:25:07.043+0900","N","","","","MIN","4ACM4701","32.68","ACQUIRED","2026-04-15 15:25"
"5648","oht_time_avg","2026-04-15 15:25:07.043+0900","N","","","","MIN","4ACM4701","11.13","ASSIGN","2026-04-15 15:25"
"5647","oht_time_avg","2026-04-15 15:25:07.043+0900","N","","","","MIN","4ACM4701","0.17","REP","2026-04-15 15:25"
"5658","oht_time_avg","2026-04-15 15:26:07.356+0900","N","","","","MIN","4ACM4701","0.0","COMPLETED","2026-04-15 15:26"
"5657","oht_time_avg","2026-04-15 15:26:07.356+0900","N","","","","MIN","4ACM4701","7.17","DESPOSITED","2026-04-15 15:26"
"5656","oht_time_avg","2026-04-15 15:26:07.356+0900","N","","","","MIN","4ACM4701","130.86","TRANSFERRING","2026-04-15 15:26"
"5655","oht_time_avg","2026-04-15 15:26:07.356+0900","N","","","","MIN","4ACM4701","31.05","ACQUIRED","2026-04-15 15:26"
"5654","oht_time_avg","2026-04-15 15:26:07.356+0900","N","","","","MIN","4ACM4701","11.95","ASSIGN","2026-04-15 15:26"
"5653","oht_time_avg","2026-04-15 15:26:07.356+0900","N","","","","MIN","4ACM4701","0.91","REP","2026-04-15 15:26"
"5664","oht_time_avg","2026-04-15 15:27:07.606+0900","N","","","","MIN","4ACM4701","0.0","COMPLETED","2026-04-15 15:27"
"5663","oht_time_avg","2026-04-15 15:27:07.606+0900","N","","","","MIN","4ACM4701","7.34","DESPOSITED","2026-04-15 15:27"
"5662","oht_time_avg","2026-04-15 15:27:07.606+0900","N","","","","MIN","4ACM4701","128.72","TRANSFERRING","2026-04-15 15:27"
"5661","oht_time_avg","2026-04-15 15:27:07.606+0900","N","","","","MIN","4ACM4701","30.93","ACQUIRED","2026-04-15 15:27"
"5660","oht_time_avg","2026-04-15 15:27:07.606+0900","N","","","","MIN","4ACM4701","11.85","ASSIGN","2026-04-15 15:27"
"5659","oht_time_avg","2026-04-15 15:27:07.606+0900","N","","","","MIN","4ACM4701","1.48","REP","2026-04-15 15:27"
"5670","oht_time_avg","2026-04-15 15:28:07.993+0900","N","","","","MIN","4ACM4701","0.0","COMPLETED","2026-04-15 15:28"
"5669","oht_time_avg","2026-04-15 15:28:07.993+0900","N","","","","MIN","4ACM4701","7.15","DESPOSITED","2026-04-15 15:28"
"5668","oht_time_avg","2026-04-15 15:28:07.993+0900","N","","","","MIN","4ACM4701","145.59","TRANSFERRING","2026-04-15 15:28"
"5667","oht_time_avg","2026-04-15 15:28:07.993+0900","N","","","","MIN","4ACM4701","32.21","ACQUIRED","2026-04-15 15:28"
"5666","oht_time_avg","2026-04-15 15:28:07.993+0900","N","","","","MIN","4ACM4701","12.59","ASSIGN","2026-04-15 15:28"
"5665","oht_time_avg","2026-04-15 15:28:07.993+0900","N","","","","MIN","4ACM4701","0.17","REP","2026-04-15 15:28"
"5676","oht_time_avg","2026-04-15 15:29:07.902+0900","N","","","","MIN","4ACM4701","0.0","COMPLETED","2026-04-15 15:29"
"5675","oht_time_avg","2026-04-15 15:29:07.902+0900","N","","","","MIN","4ACM4701","7.32","DESPOSITED","2026-04-15 15:29"
"5674","oht_time_avg","2026-04-15 15:29:07.902+0900","N","","","","MIN","4ACM4701","129.46","TRANSFERRING","2026-04-15 15:29"
"5673","oht_time_avg","2026-04-15 15:29:07.902+0900","N","","","","MIN","4ACM4701","31.2","ACQUIRED","2026-04-15 15:29"
"5672","oht_time_avg","2026-04-15 15:29:07.902+0900","N","","","","MIN","4ACM4701","11.65","ASSIGN","2026-04-15 15:29"
"5671","oht_time_avg","2026-04-15 15:29:07.902+0900","N","","","","MIN","4ACM4701","0.19","REP","2026-04-15 15:29"
"5682","oht_time_avg","2026-04-15 15:30:07.973+0900","N","","","","MIN","4ACM4701","0.0","COMPLETED","2026-04-15 15:30"
"5681","oht_time_avg","2026-04-15 15:30:07.973+0900","N","","","","MIN","4ACM4701","7.43","DESPOSITED","2026-04-15 15:30"
"5680","oht_time_avg","2026-04-15 15:30:07.973+0900","N","","","","MIN","4ACM4701","130.12","TRANSFERRING","2026-04-15 15:30"
"5679","oht_time_avg","2026-04-15 15:30:07.973+0900","N","","","","MIN","4ACM4701","30.9","ACQUIRED","2026-04-15 15:30"
"5678","oht_time_avg","2026-04-15 15:30:07.973+0900","N","","","","MIN","4ACM4701","10.75","ASSIGN","2026-04-15 15:30"
"5677","oht_time_avg","2026-04-15 15:30:07.973+0900","N","","","","MIN","4ACM4701","0.17","REP","2026-04-15 15:30"
"5688","oht_time_avg","2026-04-15 15:31:10.043+0900","N","","","","MIN","4ACM4701","0.0","COMPLETED","2026-04-15 15:31"
"5687","oht_time_avg","2026-04-15 15:31:10.043+0900","N","","","","MIN","4ACM4701","7.24","DESPOSITED","2026-04-15 15:31"
"5686","oht_time_avg","2026-04-15 15:31:10.043+0900","N","","","","MIN","4ACM4701","121.22","TRANSFERRING","2026-04-15 15:31"
"5685","oht_time_avg","2026-04-15 15:31:10.043+0900","N","","","","MIN","4ACM4701","30.61","ACQUIRED","2026-04-15 15:31"
"5684","oht_time_avg","2026-04-15 15:31:10.043+0900","N","","","","MIN","4ACM4701","11.44","ASSIGN","2026-04-15 15:31"
"5683","oht_time_avg","2026-04-15 15:31:10.043+0900","N","","","","MIN","4ACM4701","0.19","REP","2026-04-15 15:31"
"5689","oht_time_avg","2026-04-15 15:32:07.275+0900","N","","","","MIN","4ACM4701","1.55","REP","2026-04-15 15:32"
"5694","oht_time_avg","2026-04-15 15:32:07.276+0900","N","","","","MIN","4ACM4701","0.0","COMPLETED","2026-04-15 15:32"
"5693","oht_time_avg","2026-04-15 15:32:07.276+0900","N","","","","MIN","4ACM4701","7.23","DESPOSITED","2026-04-15 15:32"
"5692","oht_time_avg","2026-04-15 15:32:07.276+0900","N","","","","MIN","4ACM4701","129.43","TRANSFERRING","2026-04-15 15:32"
"5691","oht_time_avg","2026-04-15 15:32:07.276+0900","N","","","","MIN","4ACM4701","31.86","ACQUIRED","2026-04-15 15:32"
"5690","oht_time_avg","2026-04-15 15:32:07.276+0900","N","","","","MIN","4ACM4701","13.6","ASSIGN","2026-04-15 15:32"
"5700","oht_time_avg","2026-04-15 15:33:07.087+0900","N","","","","MIN","4ACM4701","0.0","COMPLETED","2026-04-15 15:33"
"5699","oht_time_avg","2026-04-15 15:33:07.087+0900","N","","","","MIN","4ACM4701","7.23","DESPOSITED","2026-04-15 15:33"
"5698","oht_time_avg","2026-04-15 15:33:07.087+0900","N","","","","MIN","4ACM4701","139.05","TRANSFERRING","2026-04-15 15:33"
"5697","oht_time_avg","2026-04-15 15:33:07.087+0900","N","","","","MIN","4ACM4701","33.24","ACQUIRED","2026-04-15 15:33"
"5696","oht_time_avg","2026-04-15 15:33:07.087+0900","N","","","","MIN","4ACM4701","13.46","ASSIGN","2026-04-15 15:33"
"5695","oht_time_avg","2026-04-15 15:33:07.087+0900","N","","","","MIN","4ACM4701","0.65","REP","2026-04-15 15:33"
"5706","oht_time_avg","2026-04-15 15:34:07.460+0900","N","","","","MIN","4ACM4701","0.0","COMPLETED","2026-04-15 15:34"
"5705","oht_time_avg","2026-04-15 15:34:07.460+0900","N","","","","MIN","4ACM4701","7.42","DESPOSITED","2026-04-15 15:34"
"5704","oht_time_avg","2026-04-15 15:34:07.460+0900","N","","","","MIN","4ACM4701","126.05","TRANSFERRING","2026-04-15 15:34"
"5703","oht_time_avg","2026-04-15 15:34:07.460+0900","N","","","","MIN","4ACM4701","31.15","ACQUIRED","2026-04-15 15:34"
"5702","oht_time_avg","2026-04-15 15:34:07.460+0900","N","","","","MIN","4ACM4701","12.2","ASSIGN","2026-04-15 15:34"
"5701","oht_time_avg","2026-04-15 15:34:07.460+0900","N","","","","MIN","4ACM4701","0.14","REP","2026-04-15 15:34"
"5712","oht_time_avg","2026-04-15 15:35:07.672+0900","N","","","","MIN","4ACM4701","0.0","COMPLETED","2026-04-15 15:35"
"5711","oht_time_avg","2026-04-15 15:35:07.672+0900","N","","","","MIN","4ACM4701","7.21","DESPOSITED","2026-04-15 15:35"
"5710","oht_time_avg","2026-04-15 15:35:07.672+0900","N","","","","MIN","4ACM4701","130.86","TRANSFERRING","2026-04-15 15:35"
"5709","oht_time_avg","2026-04-15 15:35:07.672+0900","N","","","","MIN","4ACM4701","29.12","ACQUIRED","2026-04-15 15:35"
"5708","oht_time_avg","2026-04-15 15:35:07.672+0900","N","","","","MIN","4ACM4701","11.53","ASSIGN","2026-04-15 15:35"
"5707","oht_time_avg","2026-04-15 15:35:07.672+0900","N","","","","MIN","4ACM4701","0.42","REP","2026-04-15 15:35"
"5718","oht_time_avg","2026-04-15 15:36:06.545+0900","N","","","","MIN","4ACM4701","0.0","COMPLETED","2026-04-15 15:36"
"5717","oht_time_avg","2026-04-15 15:36:06.545+0900","N","","","","MIN","4ACM4701","7.08","DESPOSITED","2026-04-15 15:36"
"5716","oht_time_avg","2026-04-15 15:36:06.545+0900","N","","","","MIN","4ACM4701","132.7","TRANSFERRING","2026-04-15 15:36"
"5715","oht_time_avg","2026-04-15 15:36:06.545+0900","N","","","","MIN","4ACM4701","30.82","ACQUIRED","2026-04-15 15:36"
"5714","oht_time_avg","2026-04-15 15:36:06.545+0900","N","","","","MIN","4ACM4701","11.19","ASSIGN","2026-04-15 15:36"
"5713","oht_time_avg","2026-04-15 15:36:06.545+0900","N","","","","MIN","4ACM4701","0.18","REP","2026-04-15 15:36"
"5724","oht_time_avg","2026-04-15 15:37:09.839+0900","N","","","","MIN","4ACM4701","0.0","COMPLETED","2026-04-15 15:37"
"5723","oht_time_avg","2026-04-15 15:37:09.839+0900","N","","","","MIN","4ACM4701","7.12","DESPOSITED","2026-04-15 15:37"
"5722","oht_time_avg","2026-04-15 15:37:09.839+0900","N","","","","MIN","4ACM4701","129.34","TRANSFERRING","2026-04-15 15:37"
"5721","oht_time_avg","2026-04-15 15:37:09.839+0900","N","","","","MIN","4ACM4701","30.59","ACQUIRED","2026-04-15 15:37"
"5720","oht_time_avg","2026-04-15 15:37:09.839+0900","N","","","","MIN","4ACM4701","9.45","ASSIGN","2026-04-15 15:37"
"5719","oht_time_avg","2026-04-15 15:37:09.839+0900","N","","","","MIN","4ACM4701","0.59","REP","2026-04-15 15:37"
"5730","oht_time_avg","2026-04-15 15:38:07.225+0900","N","","","","MIN","4ACM4701","0.0","COMPLETED","2026-04-15 15:38"
"5729","oht_time_avg","2026-04-15 15:38:07.225+0900","N","","","","MIN","4ACM4701","7.11","DESPOSITED","2026-04-15 15:38"
"5728","oht_time_avg","2026-04-15 15:38:07.225+0900","N","","","","MIN","4ACM4701","126.27","TRANSFERRING","2026-04-15 15:38"
"5727","oht_time_avg","2026-04-15 15:38:07.225+0900","N","","","","MIN","4ACM4701","30.07","ACQUIRED","2026-04-15 15:38"
"5726","oht_time_avg","2026-04-15 15:38:07.225+0900","N","","","","MIN","4ACM4701","9.91","ASSIGN","2026-04-15 15:38"
"5725","oht_time_avg","2026-04-15 15:38:07.225+0900","N","","","","MIN","4ACM4701","0.15","REP","2026-04-15 15:38"
"5736","oht_time_avg","2026-04-15 15:39:07.073+0900","N","","","","MIN","4ACM4701","0.0","COMPLETED","2026-04-15 15:39"
"5735","oht_time_avg","2026-04-15 15:39:07.073+0900","N","","","","MIN","4ACM4701","7.21","DESPOSITED","2026-04-15 15:39"
"5734","oht_time_avg","2026-04-15 15:39:07.073+0900","N","","","","MIN","4ACM4701","119.37","TRANSFERRING","2026-04-15 15:39"
"5733","oht_time_avg","2026-04-15 15:39:07.073+0900","N","","","","MIN","4ACM4701","30.98","ACQUIRED","2026-04-15 15:39"
"5732","oht_time_avg","2026-04-15 15:39:07.073+0900","N","","","","MIN","4ACM4701","10.97","ASSIGN","2026-04-15 15:39"
"5731","oht_time_avg","2026-04-15 15:39:07.073+0900","N","","","","MIN","4ACM4701","0.18","REP","2026-04-15 15:39"
"5742","oht_time_avg","2026-04-15 15:40:07.040+0900","N","","","","MIN","4ACM4701","0.0","COMPLETED","2026-04-15 15:40"
"5741","oht_time_avg","2026-04-15 15:40:07.040+0900","N","","","","MIN","4ACM4701","7.19","DESPOSITED","2026-04-15 15:40"
"5740","oht_time_avg","2026-04-15 15:40:07.040+0900","N","","","","MIN","4ACM4701","131.71","TRANSFERRING","2026-04-15 15:40"
"5739","oht_time_avg","2026-04-15 15:40:07.040+0900","N","","","","MIN","4ACM4701","30.66","ACQUIRED","2026-04-15 15:40"
"5738","oht_time_avg","2026-04-15 15:40:07.040+0900","N","","","","MIN","4ACM4701","11.05","ASSIGN","2026-04-15 15:40"
"5737","oht_time_avg","2026-04-15 15:40:07.040+0900","N","","","","MIN","4ACM4701","0.15","REP","2026-04-15 15:40"
"5748","oht_time_avg","2026-04-15 15:41:07.641+0900","N","","","","MIN","4ACM4701","0.0","COMPLETED","2026-04-15 15:41"
"5747","oht_time_avg","2026-04-15 15:41:07.641+0900","N","","","","MIN","4ACM4701","7.11","DESPOSITED","2026-04-15 15:41"
"5746","oht_time_avg","2026-04-15 15:41:07.641+0900","N","","","","MIN","4ACM4701","127.76","TRANSFERRING","2026-04-15 15:41"
"5745","oht_time_avg","2026-04-15 15:41:07.641+0900","N","","","","MIN","4ACM4701","30.94","ACQUIRED","2026-04-15 15:41"
"5744","oht_time_avg","2026-04-15 15:41:07.641+0900","N","","","","MIN","4ACM4701","10.83","ASSIGN","2026-04-15 15:41"
"5743","oht_time_avg","2026-04-15 15:41:07.641+0900","N","","","","MIN","4ACM4701","0.19","REP","2026-04-15 15:41"
"5754","oht_time_avg","2026-04-15 15:42:07.165+0900","N","","","","MIN","4ACM4701","0.0","COMPLETED","2026-04-15 15:42"
"5753","oht_time_avg","2026-04-15 15:42:07.165+0900","N","","","","MIN","4ACM4701","7.21","DESPOSITED","2026-04-15 15:42"
"5752","oht_time_avg","2026-04-15 15:42:07.165+0900","N","","","","MIN","4ACM4701","128.28","TRANSFERRING","2026-04-15 15:42"
"5751","oht_time_avg","2026-04-15 15:42:07.165+0900","N","","","","MIN","4ACM4701","31.56","ACQUIRED","2026-04-15 15:42"
"5750","oht_time_avg","2026-04-15 15:42:07.165+0900","N","","","","MIN","4ACM4701","12.57","ASSIGN","2026-04-15 15:42"
"5749","oht_time_avg","2026-04-15 15:42:07.165+0900","N","","","","MIN","4ACM4701","0.2","REP","2026-04-15 15:42"
"5760","oht_time_avg","2026-04-15 15:43:08.023+0900","N","","","","MIN","4ACM4701","0.0","COMPLETED","2026-04-15 15:43"
"5759","oht_time_avg","2026-04-15 15:43:08.023+0900","N","","","","MIN","4ACM4701","7.18","DESPOSITED","2026-04-15 15:43"
"5758","oht_time_avg","2026-04-15 15:43:08.023+0900","N","","","","MIN","4ACM4701","121.33","TRANSFERRING","2026-04-15 15:43"
"5757","oht_time_avg","2026-04-15 15:43:08.023+0900","N","","","","MIN","4ACM4701","31.43","ACQUIRED","2026-04-15 15:43"
"5756","oht_time_avg","2026-04-15 15:43:08.023+0900","N","","","","MIN","4ACM4701","11.74","ASSIGN","2026-04-15 15:43"
"5755","oht_time_avg","2026-04-15 15:43:08.023+0900","N","","","","MIN","4ACM4701","0.18","REP","2026-04-15 15:43"
"5766","oht_time_avg","2026-04-15 15:44:07.161+0900","N","","","","MIN","4ACM4701","0.0","COMPLETED","2026-04-15 15:44"
"5765","oht_time_avg","2026-04-15 15:44:07.161+0900","N","","","","MIN","4ACM4701","7.03","DESPOSITED","2026-04-15 15:44"
"5764","oht_time_avg","2026-04-15 15:44:07.161+0900","N","","","","MIN","4ACM4701","117.95","TRANSFERRING","2026-04-15 15:44"
"5763","oht_time_avg","2026-04-15 15:44:07.161+0900","N","","","","MIN","4ACM4701","35.3","ACQUIRED","2026-04-15 15:44"
"5762","oht_time_avg","2026-04-15 15:44:07.161+0900","N","","","","MIN","4ACM4701","12.2","ASSIGN","2026-04-15 15:44"
"5761","oht_time_avg","2026-04-15 15:44:07.161+0900","N","","","","MIN","4ACM4701","0.18","REP","2026-04-15 15:44"
"5772","oht_time_avg","2026-04-15 15:45:08.074+0900","N","","","","MIN","4ACM4701","0.0","COMPLETED","2026-04-15 15:45"
"5771","oht_time_avg","2026-04-15 15:45:08.074+0900","N","","","","MIN","4ACM4701","7.12","DESPOSITED","2026-04-15 15:45"
"5770","oht_time_avg","2026-04-15 15:45:08.074+0900","N","","","","MIN","4ACM4701","131.63","TRANSFERRING","2026-04-15 15:45"
"5769","oht_time_avg","2026-04-15 15:45:08.074+0900","N","","","","MIN","4ACM4701","32.24","ACQUIRED","2026-04-15 15:45"
"5768","oht_time_avg","2026-04-15 15:45:08.074+0900","N","","","","MIN","4ACM4701","13.8","ASSIGN","2026-04-15 15:45"
"5767","oht_time_avg","2026-04-15 15:45:08.074+0900","N","","","","MIN","4ACM4701","0.16","REP","2026-04-15 15:45"
"5778","oht_time_avg","2026-04-15 15:46:07.939+0900","N","","","","MIN","4ACM4701","0.0","COMPLETED","2026-04-15 15:46"
"5777","oht_time_avg","2026-04-15 15:46:07.939+0900","N","","","","MIN","4ACM4701","7.45","DESPOSITED","2026-04-15 15:46"
"5776","oht_time_avg","2026-04-15 15:46:07.939+0900","N","","","","MIN","4ACM4701","130.69","TRANSFERRING","2026-04-15 15:46"
"5775","oht_time_avg","2026-04-15 15:46:07.939+0900","N","","","","MIN","4ACM4701","31.94","ACQUIRED","2026-04-15 15:46"
"5774","oht_time_avg","2026-04-15 15:46:07.939+0900","N","","","","MIN","4ACM4701","12.47","ASSIGN","2026-04-15 15:46"
"5773","oht_time_avg","2026-04-15 15:46:07.939+0900","N","","","","MIN","4ACM4701","0.18","REP","2026-04-15 15:46"
"5784","oht_time_avg","2026-04-15 15:47:08.693+0900","N","","","","MIN","4ACM4701","0.0","COMPLETED","2026-04-15 15:47"
"5783","oht_time_avg","2026-04-15 15:47:08.693+0900","N","","","","MIN","4ACM4701","7.15","DESPOSITED","2026-04-15 15:47"
"5782","oht_time_avg","2026-04-15 15:47:08.693+0900","N","","","","MIN","4ACM4701","127.43","TRANSFERRING","2026-04-15 15:47"
"5781","oht_time_avg","2026-04-15 15:47:08.693+0900","N","","","","MIN","4ACM4701","31.24","ACQUIRED","2026-04-15 15:47"
"5780","oht_time_avg","2026-04-15 15:47:08.693+0900","N","","","","MIN","4ACM4701","11.52","ASSIGN","2026-04-15 15:47"
"5779","oht_time_avg","2026-04-15 15:47:08.693+0900","N","","","","MIN","4ACM4701","0.17","REP","2026-04-15 15:47"
"5790","oht_time_avg","2026-04-15 15:48:07.354+0900","N","","","","MIN","4ACM4701","0.0","COMPLETED","2026-04-15 15:48"
"5789","oht_time_avg","2026-04-15 15:48:07.354+0900","N","","","","MIN","4ACM4701","7.24","DESPOSITED","2026-04-15 15:48"
"5788","oht_time_avg","2026-04-15 15:48:07.354+0900","N","","","","MIN","4ACM4701","127.53","TRANSFERRING","2026-04-15 15:48"
"5787","oht_time_avg","2026-04-15 15:48:07.354+0900","N","","","","MIN","4ACM4701","33.62","ACQUIRED","2026-04-15 15:48"
"5786","oht_time_avg","2026-04-15 15:48:07.354+0900","N","","","","MIN","4ACM4701","12.0","ASSIGN","2026-04-15 15:48"
"5785","oht_time_avg","2026-04-15 15:48:07.354+0900","N","","","","MIN","4ACM4701","0.17","REP","2026-04-15 15:48"
"5796","oht_time_avg","2026-04-15 15:49:08.060+0900","N","","","","MIN","4ACM4701","0.0","COMPLETED","2026-04-15 15:49"
"5795","oht_time_avg","2026-04-15 15:49:08.060+0900","N","","","","MIN","4ACM4701","7.16","DESPOSITED","2026-04-15 15:49"
"5794","oht_time_avg","2026-04-15 15:49:08.060+0900","N","","","","MIN","4ACM4701","132.7","TRANSFERRING","2026-04-15 15:49"
"5793","oht_time_avg","2026-04-15 15:49:08.060+0900","N","","","","MIN","4ACM4701","31.86","ACQUIRED","2026-04-15 15:49"
"5792","oht_time_avg","2026-04-15 15:49:08.060+0900","N","","","","MIN","4ACM4701","10.73","ASSIGN","2026-04-15 15:49"
"5791","oht_time_avg","2026-04-15 15:49:08.060+0900","N","","","","MIN","4ACM4701","0.18","REP","2026-04-15 15:49"
"5802","oht_time_avg","2026-04-15 15:50:07.110+0900","N","","","","MIN","4ACM4701","0.0","COMPLETED","2026-04-15 15:50"
"5801","oht_time_avg","2026-04-15 15:50:07.110+0900","N","","","","MIN","4ACM4701","7.2","DESPOSITED","2026-04-15 15:50"
"5800","oht_time_avg","2026-04-15 15:50:07.110+0900","N","","","","MIN","4ACM4701","136.17","TRANSFERRING","2026-04-15 15:50"
"5799","oht_time_avg","2026-04-15 15:50:07.110+0900","N","","","","MIN","4ACM4701","30.08","ACQUIRED","2026-04-15 15:50"
"5798","oht_time_avg","2026-04-15 15:50:07.110+0900","N","","","","MIN","4ACM4701","11.13","ASSIGN","2026-04-15 15:50"
"5797","oht_time_avg","2026-04-15 15:50:07.110+0900","N","","","","MIN","4ACM4701","0.2","REP","2026-04-15 15:50"
"5808","oht_time_avg","2026-04-15 15:51:07.736+0900","N","","","","MIN","4ACM4701","0.0","COMPLETED","2026-04-15 15:51"
"5807","oht_time_avg","2026-04-15 15:51:07.736+0900","N","","","","MIN","4ACM4701","7.44","DESPOSITED","2026-04-15 15:51"
"5806","oht_time_avg","2026-04-15 15:51:07.736+0900","N","","","","MIN","4ACM4701","131.05","TRANSFERRING","2026-04-15 15:51"
"5805","oht_time_avg","2026-04-15 15:51:07.736+0900","N","","","","MIN","4ACM4701","32.12","ACQUIRED","2026-04-15 15:51"
"5804","oht_time_avg","2026-04-15 15:51:07.736+0900","N","","","","MIN","4ACM4701","10.84","ASSIGN","2026-04-15 15:51"
"5803","oht_time_avg","2026-04-15 15:51:07.736+0900","N","","","","MIN","4ACM4701","0.17","REP","2026-04-15 15:51"
"5814","oht_time_avg","2026-04-15 15:52:07.182+0900","N","","","","MIN","4ACM4701","3.21","COMPLETED","2026-04-15 15:52"
"5813","oht_time_avg","2026-04-15 15:52:07.182+0900","N","","","","MIN","4ACM4701","7.03","DESPOSITED","2026-04-15 15:52"
"5812","oht_time_avg","2026-04-15 15:52:07.182+0900","N","","","","MIN","4ACM4701","132.5","TRANSFERRING","2026-04-15 15:52"
"5811","oht_time_avg","2026-04-15 15:52:07.182+0900","N","","","","MIN","4ACM4701","30.82","ACQUIRED","2026-04-15 15:52"
"5810","oht_time_avg","2026-04-15 15:52:07.182+0900","N","","","","MIN","4ACM4701","12.08","ASSIGN","2026-04-15 15:52"
"5809","oht_time_avg","2026-04-15 15:52:07.182+0900","N","","","","MIN","4ACM4701","0.17","REP","2026-04-15 15:52"
"5820","oht_time_avg","2026-04-15 15:53:07.422+0900","N","","","","MIN","4ACM4701","0.0","COMPLETED","2026-04-15 15:53"
"5819","oht_time_avg","2026-04-15 15:53:07.422+0900","N","","","","MIN","4ACM4701","7.05","DESPOSITED","2026-04-15 15:53"
"5818","oht_time_avg","2026-04-15 15:53:07.422+0900","N","","","","MIN","4ACM4701","132.08","TRANSFERRING","2026-04-15 15:53"
"5817","oht_time_avg","2026-04-15 15:53:07.422+0900","N","","","","MIN","4ACM4701","31.85","ACQUIRED","2026-04-15 15:53"
"5816","oht_time_avg","2026-04-15 15:53:07.422+0900","N","","","","MIN","4ACM4701","10.33","ASSIGN","2026-04-15 15:53"
"5815","oht_time_avg","2026-04-15 15:53:07.422+0900","N","","","","MIN","4ACM4701","0.21","REP","2026-04-15 15:53"
"5826","oht_time_avg","2026-04-15 15:54:08.993+0900","N","","","","MIN","4ACM4701","8.57","COMPLETED","2026-04-15 15:54"
"5825","oht_time_avg","2026-04-15 15:54:08.993+0900","N","","","","MIN","4ACM4701","7.01","DESPOSITED","2026-04-15 15:54"
"5824","oht_time_avg","2026-04-15 15:54:08.993+0900","N","","","","MIN","4ACM4701","134.39","TRANSFERRING","2026-04-15 15:54"
"5823","oht_time_avg","2026-04-15 15:54:08.993+0900","N","","","","MIN","4ACM4701","32.78","ACQUIRED","2026-04-15 15:54"
"5822","oht_time_avg","2026-04-15 15:54:08.993+0900","N","","","","MIN","4ACM4701","10.75","ASSIGN","2026-04-15 15:54"
"5821","oht_time_avg","2026-04-15 15:54:08.993+0900","N","","","","MIN","4ACM4701","2.11","REP","2026-04-15 15:54"
"5832","oht_time_avg","2026-04-15 15:55:08.177+0900","N","","","","MIN","4ACM4701","0.0","COMPLETED","2026-04-15 15:55"
"5831","oht_time_avg","2026-04-15 15:55:08.177+0900","N","","","","MIN","4ACM4701","7.15","DESPOSITED","2026-04-15 15:55"
"5830","oht_time_avg","2026-04-15 15:55:08.177+0900","N","","","","MIN","4ACM4701","136.65","TRANSFERRING","2026-04-15 15:55"
"5829","oht_time_avg","2026-04-15 15:55:08.177+0900","N","","","","MIN","4ACM4701","30.65","ACQUIRED","2026-04-15 15:55"
"5828","oht_time_avg","2026-04-15 15:55:08.177+0900","N","","","","MIN","4ACM4701","11.02","ASSIGN","2026-04-15 15:55"
"5827","oht_time_avg","2026-04-15 15:55:08.177+0900","N","","","","MIN","4ACM4701","0.2","REP","2026-04-15 15:55"
"5838","oht_time_avg","2026-04-15 15:56:08.946+0900","N","","","","MIN","4ACM4701","0.0","COMPLETED","2026-04-15 15:56"
"5837","oht_time_avg","2026-04-15 15:56:08.946+0900","N","","","","MIN","4ACM4701","7.11","DESPOSITED","2026-04-15 15:56"
"5836","oht_time_avg","2026-04-15 15:56:08.946+0900","N","","","","MIN","4ACM4701","140.81","TRANSFERRING","2026-04-15 15:56"
"5835","oht_time_avg","2026-04-15 15:56:08.946+0900","N","","","","MIN","4ACM4701","31.39","ACQUIRED","2026-04-15 15:56"
"5834","oht_time_avg","2026-04-15 15:56:08.946+0900","N","","","","MIN","4ACM4701","14.57","ASSIGN","2026-04-15 15:56"
"5833","oht_time_avg","2026-04-15 15:56:08.946+0900","N","","","","MIN","4ACM4701","0.2","REP","2026-04-15 15:56"
"5844","oht_time_avg","2026-04-15 15:57:07.381+0900","N","","","","MIN","4ACM4701","0.0","COMPLETED","2026-04-15 15:57"
"5843","oht_time_avg","2026-04-15 15:57:07.381+0900","N","","","","MIN","4ACM4701","7.16","DESPOSITED","2026-04-15 15:57"
"5842","oht_time_avg","2026-04-15 15:57:07.381+0900","N","","","","MIN","4ACM4701","134.22","TRANSFERRING","2026-04-15 15:57"
"5841","oht_time_avg","2026-04-15 15:57:07.381+0900","N","","","","MIN","4ACM4701","34.08","ACQUIRED","2026-04-15 15:57"
"5840","oht_time_avg","2026-04-15 15:57:07.381+0900","N","","","","MIN","4ACM4701","13.47","ASSIGN","2026-04-15 15:57"
"5839","oht_time_avg","2026-04-15 15:57:07.381+0900","N","","","","MIN","4ACM4701","0.16","REP","2026-04-15 15:57"
"5850","oht_time_avg","2026-04-15 15:58:06.834+0900","N","","","","MIN","4ACM4701","0.0","COMPLETED","2026-04-15 15:58"
"5849","oht_time_avg","2026-04-15 15:58:06.834+0900","N","","","","MIN","4ACM4701","7.2","DESPOSITED","2026-04-15 15:58"
"5848","oht_time_avg","2026-04-15 15:58:06.834+0900","N","","","","MIN","4ACM4701","128.27","TRANSFERRING","2026-04-15 15:58"
"5847","oht_time_avg","2026-04-15 15:58:06.834+0900","N","","","","MIN","4ACM4701","32.2","ACQUIRED","2026-04-15 15:58"
"5846","oht_time_avg","2026-04-15 15:58:06.834+0900","N","","","","MIN","4ACM4701","11.65","ASSIGN","2026-04-15 15:58"
"5845","oht_time_avg","2026-04-15 15:58:06.834+0900","N","","","","MIN","4ACM4701","0.19","REP","2026-04-15 15:58"
"5856","oht_time_avg","2026-04-15 15:59:07.415+0900","N","","","","MIN","4ACM4701","0.0","COMPLETED","2026-04-15 15:59"
"5855","oht_time_avg","2026-04-15 15:59:07.415+0900","N","","","","MIN","4ACM4701","7.27","DESPOSITED","2026-04-15 15:59"
"5854","oht_time_avg","2026-04-15 15:59:07.415+0900","N","","","","MIN","4ACM4701","135.56","TRANSFERRING","2026-04-15 15:59"
"5853","oht_time_avg","2026-04-15 15:59:07.415+0900","N","","","","MIN","4ACM4701","33.21","ACQUIRED","2026-04-15 15:59"
"5852","oht_time_avg","2026-04-15 15:59:07.415+0900","N","","","","MIN","4ACM4701","13.83","ASSIGN","2026-04-15 15:59"
"5851","oht_time_avg","2026-04-15 15:59:07.415+0900","N","","","","MIN","4ACM4701","0.16","REP","2026-04-15 15:59"
"5862","oht_time_avg","2026-04-15 16:00:07.398+0900","N","","","","MIN","4ACM4701","0.0","COMPLETED","2026-04-15 16:00"
"5861","oht_time_avg","2026-04-15 16:00:07.398+0900","N","","","","MIN","4ACM4701","7.28","DESPOSITED","2026-04-15 16:00"
"5860","oht_time_avg","2026-04-15 16:00:07.398+0900","N","","","","MIN","4ACM4701","132.46","TRANSFERRING","2026-04-15 16:00"
"5859","oht_time_avg","2026-04-15 16:00:07.398+0900","N","","","","MIN","4ACM4701","30.39","ACQUIRED","2026-04-15 16:00"
"5858","oht_time_avg","2026-04-15 16:00:07.398+0900","N","","","","MIN","4ACM4701","12.19","ASSIGN","2026-04-15 16:00"
"5857","oht_time_avg","2026-04-15 16:00:07.398+0900","N","","","","MIN","4ACM4701","0.18","REP","2026-04-15 16:00"
"5868","oht_time_avg","2026-04-15 16:01:09.641+0900","N","","","","MIN","4ACM4701","0.0","COMPLETED","2026-04-15 16:01"
"5867","oht_time_avg","2026-04-15 16:01:09.641+0900","N","","","","MIN","4ACM4701","6.94","DESPOSITED","2026-04-15 16:01"
"5866","oht_time_avg","2026-04-15 16:01:09.641+0900","N","","","","MIN","4ACM4701","131.82","TRANSFERRING","2026-04-15 16:01"
"5865","oht_time_avg","2026-04-15 16:01:09.641+0900","N","","","","MIN","4ACM4701","32.7","ACQUIRED","2026-04-15 16:01"
"5864","oht_time_avg","2026-04-15 16:01:09.641+0900","N","","","","MIN","4ACM4701","11.54","ASSIGN","2026-04-15 16:01"
"5863","oht_time_avg","2026-04-15 16:01:09.641+0900","N","","","","MIN","4ACM4701","0.2","REP","2026-04-15 16:01"
"5874","oht_time_avg","2026-04-15 16:01:10.054+0900","N","","","","HOUR","4ACM4701","0.0","COMPLETED","2026-04-15 16:00"
"5873","oht_time_avg","2026-04-15 16:01:10.054+0900","N","","","","HOUR","4ACM4701","7.06","DESPOSITED","2026-04-15 16:00"
"5872","oht_time_avg","2026-04-15 16:01:10.054+0900","N","","","","HOUR","4ACM4701","129.61","TRANSFERRING","2026-04-15 16:00"
"5871","oht_time_avg","2026-04-15 16:01:10.054+0900","N","","","","HOUR","4ACM4701","31.65","ACQUIRED","2026-04-15 16:00"
"5870","oht_time_avg","2026-04-15 16:01:10.054+0900","N","","","","HOUR","4ACM4701","11.7","ASSIGN","2026-04-15 16:00"
"5869","oht_time_avg","2026-04-15 16:01:10.054+0900","N","","","","HOUR","4ACM4701","0.17","REP","2026-04-15 16:00"
"5880","oht_time_avg","2026-04-15 16:02:07.753+0900","N","","","","MIN","4ACM4701","0.0","COMPLETED","2026-04-15 16:02"
"5879","oht_time_avg","2026-04-15 16:02:07.753+0900","N","","","","MIN","4ACM4701","7.28","DESPOSITED","2026-04-15 16:02"
"5878","oht_time_avg","2026-04-15 16:02:07.753+0900","N","","","","MIN","4ACM4701","130.55","TRANSFERRING","2026-04-15 16:02"
"5877","oht_time_avg","2026-04-15 16:02:07.753+0900","N","","","","MIN","4ACM4701","32.08","ACQUIRED","2026-04-15 16:02"
"5876","oht_time_avg","2026-04-15 16:02:07.753+0900","N","","","","MIN","4ACM4701","12.54","ASSIGN","2026-04-15 16:02"
"5875","oht_time_avg","2026-04-15 16:02:07.753+0900","N","","","","MIN","4ACM4701","0.17","REP","2026-04-15 16:02"
"5886","oht_time_avg","2026-04-15 16:03:07.054+0900","N","","","","MIN","4ACM4701","0.0","COMPLETED","2026-04-15 16:03"
"5885","oht_time_avg","2026-04-15 16:03:07.054+0900","N","","","","MIN","4ACM4701","7.38","DESPOSITED","2026-04-15 16:03"
"5884","oht_time_avg","2026-04-15 16:03:07.054+0900","N","","","","MIN","4ACM4701","126.58","TRANSFERRING","2026-04-15 16:03"
"5883","oht_time_avg","2026-04-15 16:03:07.054+0900","N","","","","MIN","4ACM4701","31.16","ACQUIRED","2026-04-15 16:03"
"5882","oht_time_avg","2026-04-15 16:03:07.054+0900","N","","","","MIN","4ACM4701","12.19","ASSIGN","2026-04-15 16:03"
"5881","oht_time_avg","2026-04-15 16:03:07.054+0900","N","","","","MIN","4ACM4701","0.8","REP","2026-04-15 16:03"
"5892","oht_time_avg","2026-04-15 16:04:07.222+0900","N","","","","MIN","4ACM4701","0.0","COMPLETED","2026-04-15 16:04"
"5891","oht_time_avg","2026-04-15 16:04:07.222+0900","N","","","","MIN","4ACM4701","7.13","DESPOSITED","2026-04-15 16:04"
"5890","oht_time_avg","2026-04-15 16:04:07.222+0900","N","","","","MIN","4ACM4701","133.64","TRANSFERRING","2026-04-15 16:04"
"5889","oht_time_avg","2026-04-15 16:04:07.222+0900","N","","","","MIN","4ACM4701","29.06","ACQUIRED","2026-04-15 16:04"
"5888","oht_time_avg","2026-04-15 16:04:07.222+0900","N","","","","MIN","4ACM4701","10.14","ASSIGN","2026-04-15 16:04"
"5887","oht_time_avg","2026-04-15 16:04:07.222+0900","N","","","","MIN","4ACM4701","0.23","REP","2026-04-15 16:04"
"5898","oht_time_avg","2026-04-15 16:05:07.460+0900","N","","","","MIN","4ACM4701","0.0","COMPLETED","2026-04-15 16:05"
"5897","oht_time_avg","2026-04-15 16:05:07.460+0900","N","","","","MIN","4ACM4701","7.11","DESPOSITED","2026-04-15 16:05"
"5896","oht_time_avg","2026-04-15 16:05:07.460+0900","N","","","","MIN","4ACM4701","132.52","TRANSFERRING","2026-04-15 16:05"
"5895","oht_time_avg","2026-04-15 16:05:07.460+0900","N","","","","MIN","4ACM4701","30.03","ACQUIRED","2026-04-15 16:05"
"5894","oht_time_avg","2026-04-15 16:05:07.460+0900","N","","","","MIN","4ACM4701","10.33","ASSIGN","2026-04-15 16:05"
"5893","oht_time_avg","2026-04-15 16:05:07.460+0900","N","","","","MIN","4ACM4701","0.2","REP","2026-04-15 16:05"
"5904","oht_time_avg","2026-04-15 16:06:06.720+0900","N","","","","MIN","4ACM4701","0.0","COMPLETED","2026-04-15 16:06"
"5903","oht_time_avg","2026-04-15 16:06:06.720+0900","N","","","","MIN","4ACM4701","7.21","DESPOSITED","2026-04-15 16:06"
"5902","oht_time_avg","2026-04-15 16:06:06.720+0900","N","","","","MIN","4ACM4701","134.01","TRANSFERRING","2026-04-15 16:06"
"5901","oht_time_avg","2026-04-15 16:06:06.720+0900","N","","","","MIN","4ACM4701","32.0","ACQUIRED","2026-04-15 16:06"
"5900","oht_time_avg","2026-04-15 16:06:06.720+0900","N","","","","MIN","4ACM4701","10.8","ASSIGN","2026-04-15 16:06"
"5899","oht_time_avg","2026-04-15 16:06:06.720+0900","N","","","","MIN","4ACM4701","0.17","REP","2026-04-15 16:06"
"5910","oht_time_avg","2026-04-15 16:07:06.854+0900","N","","","","MIN","4ACM4701","0.0","COMPLETED","2026-04-15 16:07"
"5909","oht_time_avg","2026-04-15 16:07:06.854+0900","N","","","","MIN","4ACM4701","6.95","DESPOSITED","2026-04-15 16:07"
"5908","oht_time_avg","2026-04-15 16:07:06.854+0900","N","","","","MIN","4ACM4701","138.45","TRANSFERRING","2026-04-15 16:07"
"5907","oht_time_avg","2026-04-15 16:07:06.854+0900","N","","","","MIN","4ACM4701","31.71","ACQUIRED","2026-04-15 16:07"
"5906","oht_time_avg","2026-04-15 16:07:06.854+0900","N","","","","MIN","4ACM4701","12.01","ASSIGN","2026-04-15 16:07"
"5905","oht_time_avg","2026-04-15 16:07:06.854+0900","N","","","","MIN","4ACM4701","0.61","REP","2026-04-15 16:07"
"5916","oht_time_avg","2026-04-15 16:08:08.942+0900","N","","","","MIN","4ACM4701","0.0","COMPLETED","2026-04-15 16:08"
"5915","oht_time_avg","2026-04-15 16:08:08.942+0900","N","","","","MIN","4ACM4701","7.32","DESPOSITED","2026-04-15 16:08"
"5914","oht_time_avg","2026-04-15 16:08:08.942+0900","N","","","","MIN","4ACM4701","128.79","TRANSFERRING","2026-04-15 16:08"
"5913","oht_time_avg","2026-04-15 16:08:08.942+0900","N","","","","MIN","4ACM4701","33.35","ACQUIRED","2026-04-15 16:08"
"5912","oht_time_avg","2026-04-15 16:08:08.942+0900","N","","","","MIN","4ACM4701","12.71","ASSIGN","2026-04-15 16:08"
"5911","oht_time_avg","2026-04-15 16:08:08.942+0900","N","","","","MIN","4ACM4701","0.18","REP","2026-04-15 16:08"
"5922","oht_time_avg","2026-04-15 16:09:08.448+0900","N","","","","MIN","4ACM4701","0.0","COMPLETED","2026-04-15 16:09"
"5921","oht_time_avg","2026-04-15 16:09:08.448+0900","N","","","","MIN","4ACM4701","7.38","DESPOSITED","2026-04-15 16:09"
"5920","oht_time_avg","2026-04-15 16:09:08.448+0900","N","","","","MIN","4ACM4701","131.82","TRANSFERRING","2026-04-15 16:09"
"5919","oht_time_avg","2026-04-15 16:09:08.448+0900","N","","","","MIN","4ACM4701","32.25","ACQUIRED","2026-04-15 16:09"
"5918","oht_time_avg","2026-04-15 16:09:08.448+0900","N","","","","MIN","4ACM4701","13.83","ASSIGN","2026-04-15 16:09"
"5917","oht_time_avg","2026-04-15 16:09:08.448+0900","N","","","","MIN","4ACM4701","0.17","REP","2026-04-15 16:09"
"5928","oht_time_avg","2026-04-15 16:10:08.253+0900","N","","","","MIN","4ACM4701","0.0","COMPLETED","2026-04-15 16:10"
"5927","oht_time_avg","2026-04-15 16:10:08.253+0900","N","","","","MIN","4ACM4701","7.32","DESPOSITED","2026-04-15 16:10"
"5926","oht_time_avg","2026-04-15 16:10:08.253+0900","N","","","","MIN","4ACM4701","141.13","TRANSFERRING","2026-04-15 16:10"
"5925","oht_time_avg","2026-04-15 16:10:08.253+0900","N","","","","MIN","4ACM4701","31.61","ACQUIRED","2026-04-15 16:10"
"5924","oht_time_avg","2026-04-15 16:10:08.253+0900","N","","","","MIN","4ACM4701","12.23","ASSIGN","2026-04-15 16:10"
"5923","oht_time_avg","2026-04-15 16:10:08.253+0900","N","","","","MIN","4ACM4701","2.82","REP","2026-04-15 16:10"
"5934","oht_time_avg","2026-04-15 16:11:08.482+0900","N","","","","MIN","4ACM4701","0.0","COMPLETED","2026-04-15 16:11"
"5933","oht_time_avg","2026-04-15 16:11:08.482+0900","N","","","","MIN","4ACM4701","7.23","DESPOSITED","2026-04-15 16:11"
"5932","oht_time_avg","2026-04-15 16:11:08.482+0900","N","","","","MIN","4ACM4701","131.16","TRANSFERRING","2026-04-15 16:11"
"5931","oht_time_avg","2026-04-15 16:11:08.482+0900","N","","","","MIN","4ACM4701","32.54","ACQUIRED","2026-04-15 16:11"
"5930","oht_time_avg","2026-04-15 16:11:08.482+0900","N","","","","MIN","4ACM4701","13.08","ASSIGN","2026-04-15 16:11"
"5929","oht_time_avg","2026-04-15 16:11:08.482+0900","N","","","","MIN","4ACM4701","0.18","REP","2026-04-15 16:11"
"5940","oht_time_avg","2026-04-15 16:12:07.017+0900","N","","","","MIN","4ACM4701","0.0","COMPLETED","2026-04-15 16:12"
"5939","oht_time_avg","2026-04-15 16:12:07.017+0900","N","","","","MIN","4ACM4701","7.15","DESPOSITED","2026-04-15 16:12"
"5938","oht_time_avg","2026-04-15 16:12:07.017+0900","N","","","","MIN","4ACM4701","127.89","TRANSFERRING","2026-04-15 16:12"
"5937","oht_time_avg","2026-04-15 16:12:07.017+0900","N","","","","MIN","4ACM4701","31.29","ACQUIRED","2026-04-15 16:12"
"5936","oht_time_avg","2026-04-15 16:12:07.017+0900","N","","","","MIN","4ACM4701","13.88","ASSIGN","2026-04-15 16:12"
"5935","oht_time_avg","2026-04-15 16:12:07.017+0900","N","","","","MIN","4ACM4701","0.17","REP","2026-04-15 16:12"
"5946","oht_time_avg","2026-04-15 16:13:08.442+0900","N","","","","MIN","4ACM4701","0.0","COMPLETED","2026-04-15 16:13"
"5945","oht_time_avg","2026-04-15 16:13:08.442+0900","N","","","","MIN","4ACM4701","7.22","DESPOSITED","2026-04-15 16:13"
"5944","oht_time_avg","2026-04-15 16:13:08.442+0900","N","","","","MIN","4ACM4701","133.76","TRANSFERRING","2026-04-15 16:13"
"5943","oht_time_avg","2026-04-15 16:13:08.442+0900","N","","","","MIN","4ACM4701","31.6","ACQUIRED","2026-04-15 16:13"
"5942","oht_time_avg","2026-04-15 16:13:08.442+0900","N","","","","MIN","4ACM4701","11.74","ASSIGN","2026-04-15 16:13"
"5941","oht_time_avg","2026-04-15 16:13:08.442+0900","N","","","","MIN","4ACM4701","0.13","REP","2026-04-15 16:13"
"5952","oht_time_avg","2026-04-15 16:14:07.014+0900","N","","","","MIN","4ACM4701","0.0","COMPLETED","2026-04-15 16:14"
"5951","oht_time_avg","2026-04-15 16:14:07.014+0900","N","","","","MIN","4ACM4701","7.37","DESPOSITED","2026-04-15 16:14"
"5950","oht_time_avg","2026-04-15 16:14:07.014+0900","N","","","","MIN","4ACM4701","134.12","TRANSFERRING","2026-04-15 16:14"
"5949","oht_time_avg","2026-04-15 16:14:07.014+0900","N","","","","MIN","4ACM4701","31.88","ACQUIRED","2026-04-15 16:14"
"5948","oht_time_avg","2026-04-15 16:14:07.014+0900","N","","","","MIN","4ACM4701","12.59","ASSIGN","2026-04-15 16:14"
"5947","oht_time_avg","2026-04-15 16:14:07.014+0900","N","","","","MIN","4ACM4701","0.16","REP","2026-04-15 16:14"
"5958","oht_time_avg","2026-04-15 16:15:09.926+0900","N","","","","MIN","4ACM4701","0.0","COMPLETED","2026-04-15 16:15"
"5957","oht_time_avg","2026-04-15 16:15:09.926+0900","N","","","","MIN","4ACM4701","7.36","DESPOSITED","2026-04-15 16:15"
"5956","oht_time_avg","2026-04-15 16:15:09.926+0900","N","","","","MIN","4ACM4701","133.79","TRANSFERRING","2026-04-15 16:15"
"5955","oht_time_avg","2026-04-15 16:15:09.926+0900","N","","","","MIN","4ACM4701","30.51","ACQUIRED","2026-04-15 16:15"
"5954","oht_time_avg","2026-04-15 16:15:09.926+0900","N","","","","MIN","4ACM4701","11.99","ASSIGN","2026-04-15 16:15"
"5953","oht_time_avg","2026-04-15 16:15:09.926+0900","N","","","","MIN","4ACM4701","0.15","REP","2026-04-15 16:15"
"5964","oht_time_avg","2026-04-15 16:16:07.669+0900","N","","","","MIN","4ACM4701","0.0","COMPLETED","2026-04-15 16:16"
"5963","oht_time_avg","2026-04-15 16:16:07.669+0900","N","","","","MIN","4ACM4701","7.28","DESPOSITED","2026-04-15 16:16"
"5962","oht_time_avg","2026-04-15 16:16:07.669+0900","N","","","","MIN","4ACM4701","129.29","TRANSFERRING","2026-04-15 16:16"
"5961","oht_time_avg","2026-04-15 16:16:07.669+0900","N","","","","MIN","4ACM4701","28.7","ACQUIRED","2026-04-15 16:16"
"5960","oht_time_avg","2026-04-15 16:16:07.669+0900","N","","","","MIN","4ACM4701","11.39","ASSIGN","2026-04-15 16:16"
"5959","oht_time_avg","2026-04-15 16:16:07.669+0900","N","","","","MIN","4ACM4701","0.2","REP","2026-04-15 16:16"
"5970","oht_time_avg","2026-04-15 16:17:07.215+0900","N","","","","MIN","4ACM4701","0.0","COMPLETED","2026-04-15 16:17"
"5969","oht_time_avg","2026-04-15 16:17:07.215+0900","N","","","","MIN","4ACM4701","7.2","DESPOSITED","2026-04-15 16:17"
"5968","oht_time_avg","2026-04-15 16:17:07.215+0900","N","","","","MIN","4ACM4701","134.95","TRANSFERRING","2026-04-15 16:17"
"5967","oht_time_avg","2026-04-15 16:17:07.215+0900","N","","","","MIN","4ACM4701","29.29","ACQUIRED","2026-04-15 16:17"
"5966","oht_time_avg","2026-04-15 16:17:07.215+0900","N","","","","MIN","4ACM4701","12.3","ASSIGN","2026-04-15 16:17"
"5965","oht_time_avg","2026-04-15 16:17:07.215+0900","N","","","","MIN","4ACM4701","0.19","REP","2026-04-15 16:17"
"5976","oht_time_avg","2026-04-15 16:18:07.678+0900","N","","","","MIN","4ACM4701","0.0","COMPLETED","2026-04-15 16:18"
"5975","oht_time_avg","2026-04-15 16:18:07.678+0900","N","","","","MIN","4ACM4701","7.19","DESPOSITED","2026-04-15 16:18"
"5974","oht_time_avg","2026-04-15 16:18:07.678+0900","N","","","","MIN","4ACM4701","139.34","TRANSFERRING","2026-04-15 16:18"
"5973","oht_time_avg","2026-04-15 16:18:07.678+0900","N","","","","MIN","4ACM4701","28.5","ACQUIRED","2026-04-15 16:18"
"5972","oht_time_avg","2026-04-15 16:18:07.678+0900","N","","","","MIN","4ACM4701","10.8","ASSIGN","2026-04-15 16:18"
"5971","oht_time_avg","2026-04-15 16:18:07.678+0900","N","","","","MIN","4ACM4701","0.16","REP","2026-04-15 16:18"
"5982","oht_time_avg","2026-04-15 16:19:07.197+0900","N","","","","MIN","4ACM4701","0.0","COMPLETED","2026-04-15 16:19"
"5981","oht_time_avg","2026-04-15 16:19:07.197+0900","N","","","","MIN","4ACM4701","7.05","DESPOSITED","2026-04-15 16:19"
"5980","oht_time_avg","2026-04-15 16:19:07.197+0900","N","","","","MIN","4ACM4701","132.91","TRANSFERRING","2026-04-15 16:19"
"5979","oht_time_avg","2026-04-15 16:19:07.197+0900","N","","","","MIN","4ACM4701","31.34","ACQUIRED","2026-04-15 16:19"
"5978","oht_time_avg","2026-04-15 16:19:07.197+0900","N","","","","MIN","4ACM4701","10.08","ASSIGN","2026-04-15 16:19"
"5977","oht_time_avg","2026-04-15 16:19:07.197+0900","N","","","","MIN","4ACM4701","0.19","REP","2026-04-15 16:19"
"5988","oht_time_avg","2026-04-15 16:20:07.645+0900","N","","","","MIN","4ACM4701","0.0","COMPLETED","2026-04-15 16:20"
"5987","oht_time_avg","2026-04-15 16:20:07.645+0900","N","","","","MIN","4ACM4701","7.21","DESPOSITED","2026-04-15 16:20"
"5986","oht_time_avg","2026-04-15 16:20:07.645+0900","N","","","","MIN","4ACM4701","127.55","TRANSFERRING","2026-04-15 16:20"
"5985","oht_time_avg","2026-04-15 16:20:07.645+0900","N","","","","MIN","4ACM4701","30.91","ACQUIRED","2026-04-15 16:20"
"5984","oht_time_avg","2026-04-15 16:20:07.645+0900","N","","","","MIN","4ACM4701","9.48","ASSIGN","2026-04-15 16:20"
"5983","oht_time_avg","2026-04-15 16:20:07.645+0900","N","","","","MIN","4ACM4701","1.03","REP","2026-04-15 16:20"
"5994","oht_time_avg","2026-04-15 16:21:08.092+0900","N","","","","MIN","4ACM4701","0.0","COMPLETED","2026-04-15 16:21"
"5993","oht_time_avg","2026-04-15 16:21:08.092+0900","N","","","","MIN","4ACM4701","7.2","DESPOSITED","2026-04-15 16:21"
"5992","oht_time_avg","2026-04-15 16:21:08.092+0900","N","","","","MIN","4ACM4701","126.57","TRANSFERRING","2026-04-15 16:21"
"5991","oht_time_avg","2026-04-15 16:21:08.092+0900","N","","","","MIN","4ACM4701","30.4","ACQUIRED","2026-04-15 16:21"
"5990","oht_time_avg","2026-04-15 16:21:08.092+0900","N","","","","MIN","4ACM4701","10.42","ASSIGN","2026-04-15 16:21"
"5989","oht_time_avg","2026-04-15 16:21:08.092+0900","N","","","","MIN","4ACM4701","0.18","REP","2026-04-15 16:21"
"6000","oht_time_avg","2026-04-15 16:22:07.270+0900","N","","","","MIN","4ACM4701","0.0","COMPLETED","2026-04-15 16:22"
"5999","oht_time_avg","2026-04-15 16:22:07.270+0900","N","","","","MIN","4ACM4701","7.34","DESPOSITED","2026-04-15 16:22"
"5998","oht_time_avg","2026-04-15 16:22:07.270+0900","N","","","","MIN","4ACM4701","124.0","TRANSFERRING","2026-04-15 16:22"
"5997","oht_time_avg","2026-04-15 16:22:07.270+0900","N","","","","MIN","4ACM4701","32.77","ACQUIRED","2026-04-15 16:22"
"5996","oht_time_avg","2026-04-15 16:22:07.270+0900","N","","","","MIN","4ACM4701","12.21","ASSIGN","2026-04-15 16:22"
"5995","oht_time_avg","2026-04-15 16:22:07.270+0900","N","","","","MIN","4ACM4701","0.17","REP","2026-04-15 16:22"
"6006","oht_time_avg","2026-04-15 16:23:07.605+0900","N","","","","MIN","4ACM4701","0.0","COMPLETED","2026-04-15 16:23"
"6005","oht_time_avg","2026-04-15 16:23:07.605+0900","N","","","","MIN","4ACM4701","7.26","DESPOSITED","2026-04-15 16:23"
"6004","oht_time_avg","2026-04-15 16:23:07.605+0900","N","","","","MIN","4ACM4701","131.8","TRANSFERRING","2026-04-15 16:23"
"6003","oht_time_avg","2026-04-15 16:23:07.605+0900","N","","","","MIN","4ACM4701","32.45","ACQUIRED","2026-04-15 16:23"
"6002","oht_time_avg","2026-04-15 16:23:07.605+0900","N","","","","MIN","4ACM4701","12.0","ASSIGN","2026-04-15 16:23"
"6001","oht_time_avg","2026-04-15 16:23:07.605+0900","N","","","","MIN","4ACM4701","0.15","REP","2026-04-15 16:23"
"6012","oht_time_avg","2026-04-15 16:24:06.900+0900","N","","","","MIN","4ACM4701","0.0","COMPLETED","2026-04-15 16:24"
"6011","oht_time_avg","2026-04-15 16:24:06.900+0900","N","","","","MIN","4ACM4701","7.46","DESPOSITED","2026-04-15 16:24"
"6010","oht_time_avg","2026-04-15 16:24:06.900+0900","N","","","","MIN","4ACM4701","125.47","TRANSFERRING","2026-04-15 16:24"
"6009","oht_time_avg","2026-04-15 16:24:06.900+0900","N","","","","MIN","4ACM4701","31.39","ACQUIRED","2026-04-15 16:24"
"6008","oht_time_avg","2026-04-15 16:24:06.900+0900","N","","","","MIN","4ACM4701","10.27","ASSIGN","2026-04-15 16:24"
"6007","oht_time_avg","2026-04-15 16:24:06.900+0900","N","","","","MIN","4ACM4701","0.19","REP","2026-04-15 16:24"
"6018","oht_time_avg","2026-04-15 16:25:06.934+0900","N","","","","MIN","4ACM4701","0.0","COMPLETED","2026-04-15 16:25"
"6017","oht_time_avg","2026-04-15 16:25:06.934+0900","N","","","","MIN","4ACM4701","7.15","DESPOSITED","2026-04-15 16:25"
"6016","oht_time_avg","2026-04-15 16:25:06.934+0900","N","","","","MIN","4ACM4701","123.7","TRANSFERRING","2026-04-15 16:25"
"6015","oht_time_avg","2026-04-15 16:25:06.934+0900","N","","","","MIN","4ACM4701","30.12","ACQUIRED","2026-04-15 16:25"
"6014","oht_time_avg","2026-04-15 16:25:06.934+0900","N","","","","MIN","4ACM4701","11.1","ASSIGN","2026-04-15 16:25"
"6013","oht_time_avg","2026-04-15 16:25:06.934+0900","N","","","","MIN","4ACM4701","0.21","REP","2026-04-15 16:25"
"6024","oht_time_avg","2026-04-15 16:26:06.909+0900","N","","","","MIN","4ACM4701","0.0","COMPLETED","2026-04-15 16:26"
"6023","oht_time_avg","2026-04-15 16:26:06.909+0900","N","","","","MIN","4ACM4701","6.99","DESPOSITED","2026-04-15 16:26"
"6022","oht_time_avg","2026-04-15 16:26:06.909+0900","N","","","","MIN","4ACM4701","127.8","TRANSFERRING","2026-04-15 16:26"
"6021","oht_time_avg","2026-04-15 16:26:06.909+0900","N","","","","MIN","4ACM4701","31.84","ACQUIRED","2026-04-15 16:26"
"6020","oht_time_avg","2026-04-15 16:26:06.909+0900","N","","","","MIN","4ACM4701","12.01","ASSIGN","2026-04-15 16:26"
"6019","oht_time_avg","2026-04-15 16:26:06.909+0900","N","","","","MIN","4ACM4701","0.2","REP","2026-04-15 16:26"
"6030","oht_time_avg","2026-04-15 16:27:07.397+0900","N","","","","MIN","4ACM4701","0.0","COMPLETED","2026-04-15 16:27"
"6029","oht_time_avg","2026-04-15 16:27:07.397+0900","N","","","","MIN","4ACM4701","7.02","DESPOSITED","2026-04-15 16:27"
"6028","oht_time_avg","2026-04-15 16:27:07.397+0900","N","","","","MIN","4ACM4701","131.25","TRANSFERRING","2026-04-15 16:27"
"6027","oht_time_avg","2026-04-15 16:27:07.397+0900","N","","","","MIN","4ACM4701","31.53","ACQUIRED","2026-04-15 16:27"
"6026","oht_time_avg","2026-04-15 16:27:07.397+0900","N","","","","MIN","4ACM4701","11.63","ASSIGN","2026-04-15 16:27"
"6025","oht_time_avg","2026-04-15 16:27:07.397+0900","N","","","","MIN","4ACM4701","0.19","REP","2026-04-15 16:27"
"6036","oht_time_avg","2026-04-15 16:28:07.853+0900","N","","","","MIN","4ACM4701","0.0","COMPLETED","2026-04-15 16:28"
"6035","oht_time_avg","2026-04-15 16:28:07.853+0900","N","","","","MIN","4ACM4701","7.28","DESPOSITED","2026-04-15 16:28"
"6034","oht_time_avg","2026-04-15 16:28:07.853+0900","N","","","","MIN","4ACM4701","129.22","TRANSFERRING","2026-04-15 16:28"
"6033","oht_time_avg","2026-04-15 16:28:07.853+0900","N","","","","MIN","4ACM4701","32.67","ACQUIRED","2026-04-15 16:28"
"6032","oht_time_avg","2026-04-15 16:28:07.853+0900","N","","","","MIN","4ACM4701","13.6","ASSIGN","2026-04-15 16:28"
"6031","oht_time_avg","2026-04-15 16:28:07.853+0900","N","","","","MIN","4ACM4701","0.21","REP","2026-04-15 16:28"
"6042","oht_time_avg","2026-04-15 16:29:07.441+0900","N","","","","MIN","4ACM4701","0.0","COMPLETED","2026-04-15 16:29"
"6041","oht_time_avg","2026-04-15 16:29:07.441+0900","N","","","","MIN","4ACM4701","7.41","DESPOSITED","2026-04-15 16:29"
"6040","oht_time_avg","2026-04-15 16:29:07.441+0900","N","","","","MIN","4ACM4701","127.49","TRANSFERRING","2026-04-15 16:29"
"6039","oht_time_avg","2026-04-15 16:29:07.441+0900","N","","","","MIN","4ACM4701","32.22","ACQUIRED","2026-04-15 16:29"
"6038","oht_time_avg","2026-04-15 16:29:07.441+0900","N","","","","MIN","4ACM4701","11.28","ASSIGN","2026-04-15 16:29"
"6037","oht_time_avg","2026-04-15 16:29:07.441+0900","N","","","","MIN","4ACM4701","0.18","REP","2026-04-15 16:29"
"6048","oht_time_avg","2026-04-15 16:30:07.953+0900","N","","","","MIN","4ACM4701","0.0","COMPLETED","2026-04-15 16:30"
"6047","oht_time_avg","2026-04-15 16:30:07.953+0900","N","","","","MIN","4ACM4701","7.2","DESPOSITED","2026-04-15 16:30"
"6046","oht_time_avg","2026-04-15 16:30:07.953+0900","N","","","","MIN","4ACM4701","141.57","TRANSFERRING","2026-04-15 16:30"
"6045","oht_time_avg","2026-04-15 16:30:07.953+0900","N","","","","MIN","4ACM4701","31.2","ACQUIRED","2026-04-15 16:30"
"6044","oht_time_avg","2026-04-15 16:30:07.953+0900","N","","","","MIN","4ACM4701","11.07","ASSIGN","2026-04-15 16:30"
"6043","oht_time_avg","2026-04-15 16:30:07.953+0900","N","","","","MIN","4ACM4701","0.2","REP","2026-04-15 16:30"
"6054","oht_time_avg","2026-04-15 16:31:07.175+0900","N","","","","MIN","4ACM4701","0.0","COMPLETED","2026-04-15 16:31"
"6053","oht_time_avg","2026-04-15 16:31:07.175+0900","N","","","","MIN","4ACM4701","7.23","DESPOSITED","2026-04-15 16:31"
"6052","oht_time_avg","2026-04-15 16:31:07.175+0900","N","","","","MIN","4ACM4701","127.3","TRANSFERRING","2026-04-15 16:31"
"6051","oht_time_avg","2026-04-15 16:31:07.175+0900","N","","","","MIN","4ACM4701","30.31","ACQUIRED","2026-04-15 16:31"
"6050","oht_time_avg","2026-04-15 16:31:07.175+0900","N","","","","MIN","4ACM4701","10.71","ASSIGN","2026-04-15 16:31"
"6049","oht_time_avg","2026-04-15 16:31:07.175+0900","N","","","","MIN","4ACM4701","0.17","REP","2026-04-15 16:31"
"6060","oht_time_avg","2026-04-15 16:32:07.147+0900","N","","","","MIN","4ACM4701","0.0","COMPLETED","2026-04-15 16:32"
"6059","oht_time_avg","2026-04-15 16:32:07.147+0900","N","","","","MIN","4ACM4701","7.18","DESPOSITED","2026-04-15 16:32"
"6058","oht_time_avg","2026-04-15 16:32:07.147+0900","N","","","","MIN","4ACM4701","131.07","TRANSFERRING","2026-04-15 16:32"
"6057","oht_time_avg","2026-04-15 16:32:07.147+0900","N","","","","MIN","4ACM4701","31.58","ACQUIRED","2026-04-15 16:32"
"6056","oht_time_avg","2026-04-15 16:32:07.147+0900","N","","","","MIN","4ACM4701","11.36","ASSIGN","2026-04-15 16:32"
"6055","oht_time_avg","2026-04-15 16:32:07.147+0900","N","","","","MIN","4ACM4701","0.19","REP","2026-04-15 16:32"
"6066","oht_time_avg","2026-04-15 16:33:07.778+0900","N","","","","MIN","4ACM4701","0.0","COMPLETED","2026-04-15 16:33"
"6065","oht_time_avg","2026-04-15 16:33:07.778+0900","N","","","","MIN","4ACM4701","7.08","DESPOSITED","2026-04-15 16:33"
"6064","oht_time_avg","2026-04-15 16:33:07.778+0900","N","","","","MIN","4ACM4701","126.91","TRANSFERRING","2026-04-15 16:33"
"6063","oht_time_avg","2026-04-15 16:33:07.778+0900","N","","","","MIN","4ACM4701","30.83","ACQUIRED","2026-04-15 16:33"
"6062","oht_time_avg","2026-04-15 16:33:07.778+0900","N","","","","MIN","4ACM4701","11.71","ASSIGN","2026-04-15 16:33"
"6061","oht_time_avg","2026-04-15 16:33:07.778+0900","N","","","","MIN","4ACM4701","0.21","REP","2026-04-15 16:33"
"6072","oht_time_avg","2026-04-15 16:34:08.020+0900","N","","","","MIN","4ACM4701","0.0","COMPLETED","2026-04-15 16:34"
"6071","oht_time_avg","2026-04-15 16:34:08.020+0900","N","","","","MIN","4ACM4701","7.14","DESPOSITED","2026-04-15 16:34"
"6070","oht_time_avg","2026-04-15 16:34:08.020+0900","N","","","","MIN","4ACM4701","138.19","TRANSFERRING","2026-04-15 16:34"
"6069","oht_time_avg","2026-04-15 16:34:08.020+0900","N","","","","MIN","4ACM4701","29.14","ACQUIRED","2026-04-15 16:34"
"6068","oht_time_avg","2026-04-15 16:34:08.020+0900","N","","","","MIN","4ACM4701","11.62","ASSIGN","2026-04-15 16:34"
"6067","oht_time_avg","2026-04-15 16:34:08.020+0900","N","","","","MIN","4ACM4701","0.8","REP","2026-04-15 16:34"
"6078","oht_time_avg","2026-04-15 16:35:07.007+0900","N","","","","MIN","4ACM4701","0.0","COMPLETED","2026-04-15 16:35"
"6077","oht_time_avg","2026-04-15 16:35:07.007+0900","N","","","","MIN","4ACM4701","7.4","DESPOSITED","2026-04-15 16:35"
"6076","oht_time_avg","2026-04-15 16:35:07.007+0900","N","","","","MIN","4ACM4701","139.24","TRANSFERRING","2026-04-15 16:35"
"6075","oht_time_avg","2026-04-15 16:35:07.007+0900","N","","","","MIN","4ACM4701","29.66","ACQUIRED","2026-04-15 16:35"
"6074","oht_time_avg","2026-04-15 16:35:07.007+0900","N","","","","MIN","4ACM4701","10.07","ASSIGN","2026-04-15 16:35"
"6073","oht_time_avg","2026-04-15 16:35:07.007+0900","N","","","","MIN","4ACM4701","0.41","REP","2026-04-15 16:35"
"6084","oht_time_avg","2026-04-15 16:36:06.771+0900","N","","","","MIN","4ACM4701","0.0","COMPLETED","2026-04-15 16:36"
"6083","oht_time_avg","2026-04-15 16:36:06.771+0900","N","","","","MIN","4ACM4701","7.09","DESPOSITED","2026-04-15 16:36"
"6082","oht_time_avg","2026-04-15 16:36:06.771+0900","N","","","","MIN","4ACM4701","133.43","TRANSFERRING","2026-04-15 16:36"
"6081","oht_time_avg","2026-04-15 16:36:06.771+0900","N","","","","MIN","4ACM4701","29.56","ACQUIRED","2026-04-15 16:36"
"6080","oht_time_avg","2026-04-15 16:36:06.771+0900","N","","","","MIN","4ACM4701","10.21","ASSIGN","2026-04-15 16:36"
"6079","oht_time_avg","2026-04-15 16:36:06.771+0900","N","","","","MIN","4ACM4701","0.18","REP","2026-04-15 16:36"
"6090","oht_time_avg","2026-04-15 16:37:06.656+0900","N","","","","MIN","4ACM4701","0.0","COMPLETED","2026-04-15 16:37"
"6089","oht_time_avg","2026-04-15 16:37:06.656+0900","N","","","","MIN","4ACM4701","7.19","DESPOSITED","2026-04-15 16:37"
"6088","oht_time_avg","2026-04-15 16:37:06.656+0900","N","","","","MIN","4ACM4701","139.9","TRANSFERRING","2026-04-15 16:37"
"6087","oht_time_avg","2026-04-15 16:37:06.656+0900","N","","","","MIN","4ACM4701","30.37","ACQUIRED","2026-04-15 16:37"
"6086","oht_time_avg","2026-04-15 16:37:06.656+0900","N","","","","MIN","4ACM4701","8.83","ASSIGN","2026-04-15 16:37"
"6085","oht_time_avg","2026-04-15 16:37:06.656+0900","N","","","","MIN","4ACM4701","0.16","REP","2026-04-15 16:37"
"6096","oht_time_avg","2026-04-15 16:38:07.541+0900","N","","","","MIN","4ACM4701","0.0","COMPLETED","2026-04-15 16:38"
"6095","oht_time_avg","2026-04-15 16:38:07.541+0900","N","","","","MIN","4ACM4701","7.17","DESPOSITED","2026-04-15 16:38"
"6094","oht_time_avg","2026-04-15 16:38:07.541+0900","N","","","","MIN","4ACM4701","124.85","TRANSFERRING","2026-04-15 16:38"
"6093","oht_time_avg","2026-04-15 16:38:07.541+0900","N","","","","MIN","4ACM4701","30.69","ACQUIRED","2026-04-15 16:38"
"6092","oht_time_avg","2026-04-15 16:38:07.541+0900","N","","","","MIN","4ACM4701","9.59","ASSIGN","2026-04-15 16:38"
"6091","oht_time_avg","2026-04-15 16:38:07.541+0900","N","","","","MIN","4ACM4701","0.18","REP","2026-04-15 16:38"
"6102","oht_time_avg","2026-04-15 16:39:07.080+0900","N","","","","MIN","4ACM4701","0.0","COMPLETED","2026-04-15 16:39"
"6101","oht_time_avg","2026-04-15 16:39:07.080+0900","N","","","","MIN","4ACM4701","7.03","DESPOSITED","2026-04-15 16:39"
"6100","oht_time_avg","2026-04-15 16:39:07.080+0900","N","","","","MIN","4ACM4701","129.21","TRANSFERRING","2026-04-15 16:39"
"6099","oht_time_avg","2026-04-15 16:39:07.080+0900","N","","","","MIN","4ACM4701","30.28","ACQUIRED","2026-04-15 16:39"
"6098","oht_time_avg","2026-04-15 16:39:07.080+0900","N","","","","MIN","4ACM4701","9.19","ASSIGN","2026-04-15 16:39"
"6097","oht_time_avg","2026-04-15 16:39:07.080+0900","N","","","","MIN","4ACM4701","0.17","REP","2026-04-15 16:39"
"6108","oht_time_avg","2026-04-15 16:40:07.010+0900","N","","","","MIN","4ACM4701","0.0","COMPLETED","2026-04-15 16:40"
"6107","oht_time_avg","2026-04-15 16:40:07.010+0900","N","","","","MIN","4ACM4701","7.26","DESPOSITED","2026-04-15 16:40"
"6106","oht_time_avg","2026-04-15 16:40:07.010+0900","N","","","","MIN","4ACM4701","130.04","TRANSFERRING","2026-04-15 16:40"
"6105","oht_time_avg","2026-04-15 16:40:07.010+0900","N","","","","MIN","4ACM4701","31.01","ACQUIRED","2026-04-15 16:40"
"6104","oht_time_avg","2026-04-15 16:40:07.010+0900","N","","","","MIN","4ACM4701","9.31","ASSIGN","2026-04-15 16:40"
"6103","oht_time_avg","2026-04-15 16:40:07.010+0900","N","","","","MIN","4ACM4701","0.17","REP","2026-04-15 16:40"
"6114","oht_time_avg","2026-04-15 16:41:08.026+0900","N","","","","MIN","4ACM4701","0.0","COMPLETED","2026-04-15 16:41"
"6113","oht_time_avg","2026-04-15 16:41:08.026+0900","N","","","","MIN","4ACM4701","7.04","DESPOSITED","2026-04-15 16:41"
"6112","oht_time_avg","2026-04-15 16:41:08.026+0900","N","","","","MIN","4ACM4701","124.48","TRANSFERRING","2026-04-15 16:41"
"6111","oht_time_avg","2026-04-15 16:41:08.026+0900","N","","","","MIN","4ACM4701","30.94","ACQUIRED","2026-04-15 16:41"
"6110","oht_time_avg","2026-04-15 16:41:08.026+0900","N","","","","MIN","4ACM4701","10.13","ASSIGN","2026-04-15 16:41"
"6109","oht_time_avg","2026-04-15 16:41:08.026+0900","N","","","","MIN","4ACM4701","0.16","REP","2026-04-15 16:41"
"6120","oht_time_avg","2026-04-15 16:42:07.115+0900","N","","","","MIN","4ACM4701","0.0","COMPLETED","2026-04-15 16:42"
"6119","oht_time_avg","2026-04-15 16:42:07.115+0900","N","","","","MIN","4ACM4701","7.14","DESPOSITED","2026-04-15 16:42"
"6118","oht_time_avg","2026-04-15 16:42:07.115+0900","N","","","","MIN","4ACM4701","127.89","TRANSFERRING","2026-04-15 16:42"
"6117","oht_time_avg","2026-04-15 16:42:07.115+0900","N","","","","MIN","4ACM4701","30.57","ACQUIRED","2026-04-15 16:42"
"6116","oht_time_avg","2026-04-15 16:42:07.115+0900","N","","","","MIN","4ACM4701","11.02","ASSIGN","2026-04-15 16:42"
"6115","oht_time_avg","2026-04-15 16:42:07.115+0900","N","","","","MIN","4ACM4701","1.31","REP","2026-04-15 16:42"
"6126","oht_time_avg","2026-04-15 16:43:06.926+0900","N","","","","MIN","4ACM4701","0.0","COMPLETED","2026-04-15 16:43"
"6125","oht_time_avg","2026-04-15 16:43:06.926+0900","N","","","","MIN","4ACM4701","7.23","DESPOSITED","2026-04-15 16:43"
"6124","oht_time_avg","2026-04-15 16:43:06.926+0900","N","","","","MIN","4ACM4701","129.32","TRANSFERRING","2026-04-15 16:43"
"6123","oht_time_avg","2026-04-15 16:43:06.926+0900","N","","","","MIN","4ACM4701","30.07","ACQUIRED","2026-04-15 16:43"
"6122","oht_time_avg","2026-04-15 16:43:06.926+0900","N","","","","MIN","4ACM4701","11.2","ASSIGN","2026-04-15 16:43"
"6121","oht_time_avg","2026-04-15 16:43:06.926+0900","N","","","","MIN","4ACM4701","0.16","REP","2026-04-15 16:43"
"6132","oht_time_avg","2026-04-15 16:44:06.533+0900","N","","","","MIN","4ACM4701","0.0","COMPLETED","2026-04-15 16:44"
"6131","oht_time_avg","2026-04-15 16:44:06.533+0900","N","","","","MIN","4ACM4701","7.3","DESPOSITED","2026-04-15 16:44"
"6130","oht_time_avg","2026-04-15 16:44:06.533+0900","N","","","","MIN","4ACM4701","130.79","TRANSFERRING","2026-04-15 16:44"
"6129","oht_time_avg","2026-04-15 16:44:06.533+0900","N","","","","MIN","4ACM4701","31.38","ACQUIRED","2026-04-15 16:44"
"6128","oht_time_avg","2026-04-15 16:44:06.533+0900","N","","","","MIN","4ACM4701","11.75","ASSIGN","2026-04-15 16:44"
"6127","oht_time_avg","2026-04-15 16:44:06.533+0900","N","","","","MIN","4ACM4701","0.16","REP","2026-04-15 16:44"
"6138","oht_time_avg","2026-04-15 16:45:07.523+0900","N","","","","MIN","4ACM4701","0.0","COMPLETED","2026-04-15 16:45"
"6137","oht_time_avg","2026-04-15 16:45:07.523+0900","N","","","","MIN","4ACM4701","7.21","DESPOSITED","2026-04-15 16:45"
"6136","oht_time_avg","2026-04-15 16:45:07.523+0900","N","","","","MIN","4ACM4701","126.05","TRANSFERRING","2026-04-15 16:45"
"6135","oht_time_avg","2026-04-15 16:45:07.523+0900","N","","","","MIN","4ACM4701","32.87","ACQUIRED","2026-04-15 16:45"
"6134","oht_time_avg","2026-04-15 16:45:07.523+0900","N","","","","MIN","4ACM4701","11.9","ASSIGN","2026-04-15 16:45"
"6133","oht_time_avg","2026-04-15 16:45:07.523+0900","N","","","","MIN","4ACM4701","0.23","REP","2026-04-15 16:45"
"6144","oht_time_avg","2026-04-15 16:46:06.832+0900","N","","","","MIN","4ACM4701","0.0","COMPLETED","2026-04-15 16:46"
"6143","oht_time_avg","2026-04-15 16:46:06.832+0900","N","","","","MIN","4ACM4701","7.41","DESPOSITED","2026-04-15 16:46"
"6142","oht_time_avg","2026-04-15 16:46:06.832+0900","N","","","","MIN","4ACM4701","132.67","TRANSFERRING","2026-04-15 16:46"
"6141","oht_time_avg","2026-04-15 16:46:06.832+0900","N","","","","MIN","4ACM4701","30.48","ACQUIRED","2026-04-15 16:46"
"6140","oht_time_avg","2026-04-15 16:46:06.832+0900","N","","","","MIN","4ACM4701","10.82","ASSIGN","2026-04-15 16:46"
"6139","oht_time_avg","2026-04-15 16:46:06.832+0900","N","","","","MIN","4ACM4701","0.17","REP","2026-04-15 16:46"
"6150","oht_time_avg","2026-04-15 16:47:07.211+0900","N","","","","MIN","4ACM4701","0.0","COMPLETED","2026-04-15 16:47"
"6149","oht_time_avg","2026-04-15 16:47:07.211+0900","N","","","","MIN","4ACM4701","7.08","DESPOSITED","2026-04-15 16:47"
"6148","oht_time_avg","2026-04-15 16:47:07.211+0900","N","","","","MIN","4ACM4701","126.72","TRANSFERRING","2026-04-15 16:47"
"6147","oht_time_avg","2026-04-15 16:47:07.211+0900","N","","","","MIN","4ACM4701","31.26","ACQUIRED","2026-04-15 16:47"
"6146","oht_time_avg","2026-04-15 16:47:07.211+0900","N","","","","MIN","4ACM4701","9.85","ASSIGN","2026-04-15 16:47"
"6145","oht_time_avg","2026-04-15 16:47:07.211+0900","N","","","","MIN","4ACM4701","0.16","REP","2026-04-15 16:47"
"6156","oht_time_avg","2026-04-15 16:48:09.655+0900","N","","","","MIN","4ACM4701","0.0","COMPLETED","2026-04-15 16:48"
"6155","oht_time_avg","2026-04-15 16:48:09.655+0900","N","","","","MIN","4ACM4701","7.26","DESPOSITED","2026-04-15 16:48"
"6154","oht_time_avg","2026-04-15 16:48:09.655+0900","N","","","","MIN","4ACM4701","133.95","TRANSFERRING","2026-04-15 16:48"
"6153","oht_time_avg","2026-04-15 16:48:09.655+0900","N","","","","MIN","4ACM4701","32.09","ACQUIRED","2026-04-15 16:48"
"6152","oht_time_avg","2026-04-15 16:48:09.655+0900","N","","","","MIN","4ACM4701","11.98","ASSIGN","2026-04-15 16:48"
"6151","oht_time_avg","2026-04-15 16:48:09.655+0900","N","","","","MIN","4ACM4701","0.21","REP","2026-04-15 16:48"
"6162","oht_time_avg","2026-04-15 16:49:08.021+0900","N","","","","MIN","4ACM4701","1.81","COMPLETED","2026-04-15 16:49"
"6161","oht_time_avg","2026-04-15 16:49:08.021+0900","N","","","","MIN","4ACM4701","7.18","DESPOSITED","2026-04-15 16:49"
"6160","oht_time_avg","2026-04-15 16:49:08.021+0900","N","","","","MIN","4ACM4701","128.55","TRANSFERRING","2026-04-15 16:49"
"6159","oht_time_avg","2026-04-15 16:49:08.021+0900","N","","","","MIN","4ACM4701","32.56","ACQUIRED","2026-04-15 16:49"
"6158","oht_time_avg","2026-04-15 16:49:08.021+0900","N","","","","MIN","4ACM4701","13.79","ASSIGN","2026-04-15 16:49"
"6157","oht_time_avg","2026-04-15 16:49:08.021+0900","N","","","","MIN","4ACM4701","0.17","REP","2026-04-15 16:49"
"6168","oht_time_avg","2026-04-15 16:50:06.806+0900","N","","","","MIN","4ACM4701","0.0","COMPLETED","2026-04-15 16:50"
"6167","oht_time_avg","2026-04-15 16:50:06.806+0900","N","","","","MIN","4ACM4701","7.01","DESPOSITED","2026-04-15 16:50"
"6166","oht_time_avg","2026-04-15 16:50:06.806+0900","N","","","","MIN","4ACM4701","136.87","TRANSFERRING","2026-04-15 16:50"
"6165","oht_time_avg","2026-04-15 16:50:06.806+0900","N","","","","MIN","4ACM4701","31.25","ACQUIRED","2026-04-15 16:50"
"6164","oht_time_avg","2026-04-15 16:50:06.806+0900","N","","","","MIN","4ACM4701","12.0","ASSIGN","2026-04-15 16:50"
"6163","oht_time_avg","2026-04-15 16:50:06.806+0900","N","","","","MIN","4ACM4701","0.17","REP","2026-04-15 16:50"
"6174","oht_time_avg","2026-04-15 16:51:07.045+0900","N","","","","MIN","4ACM4701","0.0","COMPLETED","2026-04-15 16:51"
"6173","oht_time_avg","2026-04-15 16:51:07.045+0900","N","","","","MIN","4ACM4701","7.24","DESPOSITED","2026-04-15 16:51"
"6172","oht_time_avg","2026-04-15 16:51:07.045+0900","N","","","","MIN","4ACM4701","134.53","TRANSFERRING","2026-04-15 16:51"
"6171","oht_time_avg","2026-04-15 16:51:07.045+0900","N","","","","MIN","4ACM4701","30.47","ACQUIRED","2026-04-15 16:51"
"6170","oht_time_avg","2026-04-15 16:51:07.045+0900","N","","","","MIN","4ACM4701","11.36","ASSIGN","2026-04-15 16:51"
"6169","oht_time_avg","2026-04-15 16:51:07.045+0900","N","","","","MIN","4ACM4701","0.18","REP","2026-04-15 16:51"
"6180","oht_time_avg","2026-04-15 16:52:07.059+0900","N","","","","MIN","4ACM4701","0.0","COMPLETED","2026-04-15 16:52"
"6179","oht_time_avg","2026-04-15 16:52:07.059+0900","N","","","","MIN","4ACM4701","6.94","DESPOSITED","2026-04-15 16:52"
"6178","oht_time_avg","2026-04-15 16:52:07.059+0900","N","","","","MIN","4ACM4701","125.64","TRANSFERRING","2026-04-15 16:52"
"6177","oht_time_avg","2026-04-15 16:52:07.059+0900","N","","","","MIN","4ACM4701","31.89","ACQUIRED","2026-04-15 16:52"
"6176","oht_time_avg","2026-04-15 16:52:07.059+0900","N","","","","MIN","4ACM4701","12.07","ASSIGN","2026-04-15 16:52"
"6175","oht_time_avg","2026-04-15 16:52:07.059+0900","N","","","","MIN","4ACM4701","0.17","REP","2026-04-15 16:52"
"6186","oht_time_avg","2026-04-15 16:53:06.823+0900","N","","","","MIN","4ACM4701","4.55","COMPLETED","2026-04-15 16:53"
"6185","oht_time_avg","2026-04-15 16:53:06.823+0900","N","","","","MIN","4ACM4701","6.91","DESPOSITED","2026-04-15 16:53"
"6184","oht_time_avg","2026-04-15 16:53:06.823+0900","N","","","","MIN","4ACM4701","129.77","TRANSFERRING","2026-04-15 16:53"
"6183","oht_time_avg","2026-04-15 16:53:06.823+0900","N","","","","MIN","4ACM4701","29.6","ACQUIRED","2026-04-15 16:53"
"6182","oht_time_avg","2026-04-15 16:53:06.823+0900","N","","","","MIN","4ACM4701","11.47","ASSIGN","2026-04-15 16:53"
"6181","oht_time_avg","2026-04-15 16:53:06.823+0900","N","","","","MIN","4ACM4701","0.14","REP","2026-04-15 16:53"
"6192","oht_time_avg","2026-04-15 16:54:07.053+0900","N","","","","MIN","4ACM4701","0.0","COMPLETED","2026-04-15 16:54"
"6191","oht_time_avg","2026-04-15 16:54:07.053+0900","N","","","","MIN","4ACM4701","7.13","DESPOSITED","2026-04-15 16:54"
"6190","oht_time_avg","2026-04-15 16:54:07.053+0900","N","","","","MIN","4ACM4701","131.3","TRANSFERRING","2026-04-15 16:54"
"6189","oht_time_avg","2026-04-15 16:54:07.053+0900","N","","","","MIN","4ACM4701","30.41","ACQUIRED","2026-04-15 16:54"
"6188","oht_time_avg","2026-04-15 16:54:07.053+0900","N","","","","MIN","4ACM4701","12.59","ASSIGN","2026-04-15 16:54"
"6187","oht_time_avg","2026-04-15 16:54:07.053+0900","N","","","","MIN","4ACM4701","0.19","REP","2026-04-15 16:54"
"6198","oht_time_avg","2026-04-15 16:55:07.472+0900","N","","","","MIN","4ACM4701","0.0","COMPLETED","2026-04-15 16:55"
"6197","oht_time_avg","2026-04-15 16:55:07.472+0900","N","","","","MIN","4ACM4701","7.05","DESPOSITED","2026-04-15 16:55"
"6196","oht_time_avg","2026-04-15 16:55:07.472+0900","N","","","","MIN","4ACM4701","131.12","TRANSFERRING","2026-04-15 16:55"
"6195","oht_time_avg","2026-04-15 16:55:07.472+0900","N","","","","MIN","4ACM4701","31.38","ACQUIRED","2026-04-15 16:55"
"6194","oht_time_avg","2026-04-15 16:55:07.472+0900","N","","","","MIN","4ACM4701","11.68","ASSIGN","2026-04-15 16:55"
"6193","oht_time_avg","2026-04-15 16:55:07.472+0900","N","","","","MIN","4ACM4701","1.83","REP","2026-04-15 16:55"
"6204","oht_time_avg","2026-04-15 16:56:06.954+0900","N","","","","MIN","4ACM4701","0.0","COMPLETED","2026-04-15 16:56"
"6203","oht_time_avg","2026-04-15 16:56:06.954+0900","N","","","","MIN","4ACM4701","7.01","DESPOSITED","2026-04-15 16:56"
"6202","oht_time_avg","2026-04-15 16:56:06.954+0900","N","","","","MIN","4ACM4701","135.98","TRANSFERRING","2026-04-15 16:56"
"6201","oht_time_avg","2026-04-15 16:56:06.954+0900","N","","","","MIN","4ACM4701","30.58","ACQUIRED","2026-04-15 16:56"
"6200","oht_time_avg","2026-04-15 16:56:06.954+0900","N","","","","MIN","4ACM4701","9.66","ASSIGN","2026-04-15 16:56"
"6199","oht_time_avg","2026-04-15 16:56:06.954+0900","N","","","","MIN","4ACM4701","1.44","REP","2026-04-15 16:56"
"6210","oht_time_avg","2026-04-15 16:57:07.047+0900","N","","","","MIN","4ACM4701","0.0","COMPLETED","2026-04-15 16:57"
"6209","oht_time_avg","2026-04-15 16:57:07.047+0900","N","","","","MIN","4ACM4701","7.16","DESPOSITED","2026-04-15 16:57"
"6208","oht_time_avg","2026-04-15 16:57:07.047+0900","N","","","","MIN","4ACM4701","131.09","TRANSFERRING","2026-04-15 16:57"
"6207","oht_time_avg","2026-04-15 16:57:07.047+0900","N","","","","MIN","4ACM4701","28.85","ACQUIRED","2026-04-15 16:57"
"6206","oht_time_avg","2026-04-15 16:57:07.047+0900","N","","","","MIN","4ACM4701","10.7","ASSIGN","2026-04-15 16:57"
"6205","oht_time_avg","2026-04-15 16:57:07.047+0900","N","","","","MIN","4ACM4701","0.15","REP","2026-04-15 16:57"
"6216","oht_time_avg","2026-04-15 16:58:08.198+0900","N","","","","MIN","4ACM4701","0.0","COMPLETED","2026-04-15 16:58"
"6215","oht_time_avg","2026-04-15 16:58:08.198+0900","N","","","","MIN","4ACM4701","7.34","DESPOSITED","2026-04-15 16:58"
"6214","oht_time_avg","2026-04-15 16:58:08.198+0900","N","","","","MIN","4ACM4701","132.42","TRANSFERRING","2026-04-15 16:58"
"6213","oht_time_avg","2026-04-15 16:58:08.198+0900","N","","","","MIN","4ACM4701","29.0","ACQUIRED","2026-04-15 16:58"
"6212","oht_time_avg","2026-04-15 16:58:08.198+0900","N","","","","MIN","4ACM4701","12.56","ASSIGN","2026-04-15 16:58"
"6211","oht_time_avg","2026-04-15 16:58:08.198+0900","N","","","","MIN","4ACM4701","0.21","REP","2026-04-15 16:58"
"6222","oht_time_avg","2026-04-15 16:59:06.686+0900","N","","","","MIN","4ACM4701","0.0","COMPLETED","2026-04-15 16:59"
"6221","oht_time_avg","2026-04-15 16:59:06.686+0900","N","","","","MIN","4ACM4701","7.39","DESPOSITED","2026-04-15 16:59"
"6220","oht_time_avg","2026-04-15 16:59:06.686+0900","N","","","","MIN","4ACM4701","137.07","TRANSFERRING","2026-04-15 16:59"
"6219","oht_time_avg","2026-04-15 16:59:06.686+0900","N","","","","MIN","4ACM4701","30.59","ACQUIRED","2026-04-15 16:59"
"6218","oht_time_avg","2026-04-15 16:59:06.686+0900","N","","","","MIN","4ACM4701","10.62","ASSIGN","2026-04-15 16:59"
"6217","oht_time_avg","2026-04-15 16:59:06.686+0900","N","","","","MIN","4ACM4701","0.15","REP","2026-04-15 16:59"
"6228","oht_time_avg","2026-04-15 17:00:06.700+0900","N","","","","MIN","4ACM4701","0.0","COMPLETED","2026-04-15 17:00"
"6227","oht_time_avg","2026-04-15 17:00:06.700+0900","N","","","","MIN","4ACM4701","7.32","DESPOSITED","2026-04-15 17:00"
"6226","oht_time_avg","2026-04-15 17:00:06.700+0900","N","","","","MIN","4ACM4701","129.73","TRANSFERRING","2026-04-15 17:00"
"6225","oht_time_avg","2026-04-15 17:00:06.700+0900","N","","","","MIN","4ACM4701","30.55","ACQUIRED","2026-04-15 17:00"
"6224","oht_time_avg","2026-04-15 17:00:06.700+0900","N","","","","MIN","4ACM4701","10.68","ASSIGN","2026-04-15 17:00"
"6223","oht_time_avg","2026-04-15 17:00:06.700+0900","N","","","","MIN","4ACM4701","0.17","REP","2026-04-15 17:00"
"6234","oht_time_avg","2026-04-15 17:01:07.855+0900","N","","","","MIN","4ACM4701","0.0","COMPLETED","2026-04-15 17:01"
"6233","oht_time_avg","2026-04-15 17:01:07.855+0900","N","","","","MIN","4ACM4701","7.27","DESPOSITED","2026-04-15 17:01"
"6232","oht_time_avg","2026-04-15 17:01:07.855+0900","N","","","","MIN","4ACM4701","131.35","TRANSFERRING","2026-04-15 17:01"
"6231","oht_time_avg","2026-04-15 17:01:07.855+0900","N","","","","MIN","4ACM4701","30.67","ACQUIRED","2026-04-15 17:01"
"6230","oht_time_avg","2026-04-15 17:01:07.855+0900","N","","","","MIN","4ACM4701","11.13","ASSIGN","2026-04-15 17:01"
"6229","oht_time_avg","2026-04-15 17:01:07.855+0900","N","","","","MIN","4ACM4701","0.17","REP","2026-04-15 17:01"
"6240","oht_time_avg","2026-04-15 17:01:08.202+0900","N","","","","HOUR","4ACM4701","0.0","COMPLETED","2026-04-15 17:00"
"6239","oht_time_avg","2026-04-15 17:01:08.202+0900","N","","","","HOUR","4ACM4701","7.05","DESPOSITED","2026-04-15 17:00"
"6238","oht_time_avg","2026-04-15 17:01:08.202+0900","N","","","","HOUR","4ACM4701","130.09","TRANSFERRING","2026-04-15 17:00"
"6237","oht_time_avg","2026-04-15 17:01:08.202+0900","N","","","","HOUR","4ACM4701","30.97","ACQUIRED","2026-04-15 17:00"
"6236","oht_time_avg","2026-04-15 17:01:08.202+0900","N","","","","HOUR","4ACM4701","11.34","ASSIGN","2026-04-15 17:00"
"6235","oht_time_avg","2026-04-15 17:01:08.202+0900","N","","","","HOUR","4ACM4701","0.18","REP","2026-04-15 17:00"
"6246","oht_time_avg","2026-04-15 17:02:07.012+0900","N","","","","MIN","4ACM4701","0.0","COMPLETED","2026-04-15 17:02"
"6245","oht_time_avg","2026-04-15 17:02:07.012+0900","N","","","","MIN","4ACM4701","7.14","DESPOSITED","2026-04-15 17:02"
"6244","oht_time_avg","2026-04-15 17:02:07.012+0900","N","","","","MIN","4ACM4701","132.97","TRANSFERRING","2026-04-15 17:02"
"6243","oht_time_avg","2026-04-15 17:02:07.012+0900","N","","","","MIN","4ACM4701","32.24","ACQUIRED","2026-04-15 17:02"
"6242","oht_time_avg","2026-04-15 17:02:07.012+0900","N","","","","MIN","4ACM4701","10.76","ASSIGN","2026-04-15 17:02"
"6241","oht_time_avg","2026-04-15 17:02:07.012+0900","N","","","","MIN","4ACM4701","0.21","REP","2026-04-15 17:02"
"6252","oht_time_avg","2026-04-15 17:03:07.721+0900","N","","","","MIN","4ACM4701","0.0","COMPLETED","2026-04-15 17:03"
"6251","oht_time_avg","2026-04-15 17:03:07.721+0900","N","","","","MIN","4ACM4701","7.11","DESPOSITED","2026-04-15 17:03"
"6250","oht_time_avg","2026-04-15 17:03:07.721+0900","N","","","","MIN","4ACM4701","128.15","TRANSFERRING","2026-04-15 17:03"
"6249","oht_time_avg","2026-04-15 17:03:07.721+0900","N","","","","MIN","4ACM4701","29.8","ACQUIRED","2026-04-15 17:03"
"6248","oht_time_avg","2026-04-15 17:03:07.721+0900","N","","","","MIN","4ACM4701","11.59","ASSIGN","2026-04-15 17:03"
"6247","oht_time_avg","2026-04-15 17:03:07.721+0900","N","","","","MIN","4ACM4701","0.19","REP","2026-04-15 17:03"
"6258","oht_time_avg","2026-04-15 17:04:07.312+0900","N","","","","MIN","4ACM4701","0.0","COMPLETED","2026-04-15 17:04"
"6257","oht_time_avg","2026-04-15 17:04:07.312+0900","N","","","","MIN","4ACM4701","7.16","DESPOSITED","2026-04-15 17:04"
"6256","oht_time_avg","2026-04-15 17:04:07.312+0900","N","","","","MIN","4ACM4701","142.67","TRANSFERRING","2026-04-15 17:04"
"6255","oht_time_avg","2026-04-15 17:04:07.312+0900","N","","","","MIN","4ACM4701","31.5","ACQUIRED","2026-04-15 17:04"
"6254","oht_time_avg","2026-04-15 17:04:07.312+0900","N","","","","MIN","4ACM4701","12.86","ASSIGN","2026-04-15 17:04"
"6253","oht_time_avg","2026-04-15 17:04:07.312+0900","N","","","","MIN","4ACM4701","0.19","REP","2026-04-15 17:04"
"6264","oht_time_avg","2026-04-15 17:05:07.031+0900","N","","","","MIN","4ACM4701","0.0","COMPLETED","2026-04-15 17:05"
"6263","oht_time_avg","2026-04-15 17:05:07.031+0900","N","","","","MIN","4ACM4701","7.19","DESPOSITED","2026-04-15 17:05"
"6262","oht_time_avg","2026-04-15 17:05:07.031+0900","N","","","","MIN","4ACM4701","126.72","TRANSFERRING","2026-04-15 17:05"
"6261","oht_time_avg","2026-04-15 17:05:07.031+0900","N","","","","MIN","4ACM4701","30.12","ACQUIRED","2026-04-15 17:05"
"6260","oht_time_avg","2026-04-15 17:05:07.031+0900","N","","","","MIN","4ACM4701","11.27","ASSIGN","2026-04-15 17:05"
"6259","oht_time_avg","2026-04-15 17:05:07.031+0900","N","","","","MIN","4ACM4701","0.17","REP","2026-04-15 17:05"
"6270","oht_time_avg","2026-04-15 17:06:07.053+0900","N","","","","MIN","4ACM4701","0.0","COMPLETED","2026-04-15 17:06"
"6269","oht_time_avg","2026-04-15 17:06:07.053+0900","N","","","","MIN","4ACM4701","7.07","DESPOSITED","2026-04-15 17:06"
"6268","oht_time_avg","2026-04-15 17:06:07.053+0900","N","","","","MIN","4ACM4701","135.2","TRANSFERRING","2026-04-15 17:06"
"6267","oht_time_avg","2026-04-15 17:06:07.053+0900","N","","","","MIN","4ACM4701","29.77","ACQUIRED","2026-04-15 17:06"
"6266","oht_time_avg","2026-04-15 17:06:07.053+0900","N","","","","MIN","4ACM4701","10.13","ASSIGN","2026-04-15 17:06"
"6265","oht_time_avg","2026-04-15 17:06:07.053+0900","N","","","","MIN","4ACM4701","0.16","REP","2026-04-15 17:06"
"6276","oht_time_avg","2026-04-15 17:07:07.589+0900","N","","","","MIN","4ACM4701","0.0","COMPLETED","2026-04-15 17:07"
"6275","oht_time_avg","2026-04-15 17:07:07.589+0900","N","","","","MIN","4ACM4701","6.99","DESPOSITED","2026-04-15 17:07"
"6274","oht_time_avg","2026-04-15 17:07:07.589+0900","N","","","","MIN","4ACM4701","135.65","TRANSFERRING","2026-04-15 17:07"
"6273","oht_time_avg","2026-04-15 17:07:07.589+0900","N","","","","MIN","4ACM4701","31.56","ACQUIRED","2026-04-15 17:07"
"6272","oht_time_avg","2026-04-15 17:07:07.589+0900","N","","","","MIN","4ACM4701","11.85","ASSIGN","2026-04-15 17:07"
"6271","oht_time_avg","2026-04-15 17:07:07.589+0900","N","","","","MIN","4ACM4701","0.17","REP","2026-04-15 17:07"
"6282","oht_time_avg","2026-04-15 17:08:08.167+0900","N","","","","MIN","4ACM4701","0.0","COMPLETED","2026-04-15 17:08"
"6281","oht_time_avg","2026-04-15 17:08:08.167+0900","N","","","","MIN","4ACM4701","7.23","DESPOSITED","2026-04-15 17:08"
"6280","oht_time_avg","2026-04-15 17:08:08.167+0900","N","","","","MIN","4ACM4701","127.15","TRANSFERRING","2026-04-15 17:08"
"6279","oht_time_avg","2026-04-15 17:08:08.167+0900","N","","","","MIN","4ACM4701","30.81","ACQUIRED","2026-04-15 17:08"
"6278","oht_time_avg","2026-04-15 17:08:08.167+0900","N","","","","MIN","4ACM4701","11.43","ASSIGN","2026-04-15 17:08"
"6277","oht_time_avg","2026-04-15 17:08:08.167+0900","N","","","","MIN","4ACM4701","0.54","REP","2026-04-15 17:08"
"6288","oht_time_avg","2026-04-15 17:09:07.056+0900","N","","","","MIN","4ACM4701","0.0","COMPLETED","2026-04-15 17:09"
"6287","oht_time_avg","2026-04-15 17:09:07.056+0900","N","","","","MIN","4ACM4701","7.35","DESPOSITED","2026-04-15 17:09"
"6286","oht_time_avg","2026-04-15 17:09:07.056+0900","N","","","","MIN","4ACM4701","131.38","TRANSFERRING","2026-04-15 17:09"
"6285","oht_time_avg","2026-04-15 17:09:07.056+0900","N","","","","MIN","4ACM4701","31.52","ACQUIRED","2026-04-15 17:09"
"6284","oht_time_avg","2026-04-15 17:09:07.056+0900","N","","","","MIN","4ACM4701","12.16","ASSIGN","2026-04-15 17:09"
"6283","oht_time_avg","2026-04-15 17:09:07.056+0900","N","","","","MIN","4ACM4701","0.21","REP","2026-04-15 17:09"
"6294","oht_time_avg","2026-04-15 17:10:11.618+0900","N","","","","MIN","4ACM4701","0.0","COMPLETED","2026-04-15 17:10"
"6293","oht_time_avg","2026-04-15 17:10:11.618+0900","N","","","","MIN","4ACM4701","7.36","DESPOSITED","2026-04-15 17:10"
"6292","oht_time_avg","2026-04-15 17:10:11.618+0900","N","","","","MIN","4ACM4701","130.43","TRANSFERRING","2026-04-15 17:10"
"6291","oht_time_avg","2026-04-15 17:10:11.618+0900","N","","","","MIN","4ACM4701","30.43","ACQUIRED","2026-04-15 17:10"
"6290","oht_time_avg","2026-04-15 17:10:11.618+0900","N","","","","MIN","4ACM4701","12.31","ASSIGN","2026-04-15 17:10"
"6289","oht_time_avg","2026-04-15 17:10:11.618+0900","N","","","","MIN","4ACM4701","0.16","REP","2026-04-15 17:10"
"6300","oht_time_avg","2026-04-15 17:11:08.284+0900","N","","","","MIN","4ACM4701","0.0","COMPLETED","2026-04-15 17:11"
"6299","oht_time_avg","2026-04-15 17:11:08.284+0900","N","","","","MIN","4ACM4701","7.25","DESPOSITED","2026-04-15 17:11"
"6298","oht_time_avg","2026-04-15 17:11:08.284+0900","N","","","","MIN","4ACM4701","132.62","TRANSFERRING","2026-04-15 17:11"
"6297","oht_time_avg","2026-04-15 17:11:08.284+0900","N","","","","MIN","4ACM4701","30.94","ACQUIRED","2026-04-15 17:11"
"6296","oht_time_avg","2026-04-15 17:11:08.284+0900","N","","","","MIN","4ACM4701","10.21","ASSIGN","2026-04-15 17:11"
"6295","oht_time_avg","2026-04-15 17:11:08.284+0900","N","","","","MIN","4ACM4701","0.19","REP","2026-04-15 17:11"
"6306","oht_time_avg","2026-04-15 17:12:07.119+0900","N","","","","MIN","4ACM4701","0.0","COMPLETED","2026-04-15 17:12"
"6305","oht_time_avg","2026-04-15 17:12:07.119+0900","N","","","","MIN","4ACM4701","7.31","DESPOSITED","2026-04-15 17:12"
"6304","oht_time_avg","2026-04-15 17:12:07.119+0900","N","","","","MIN","4ACM4701","137.99","TRANSFERRING","2026-04-15 17:12"
"6303","oht_time_avg","2026-04-15 17:12:07.119+0900","N","","","","MIN","4ACM4701","33.7","ACQUIRED","2026-04-15 17:12"
"6302","oht_time_avg","2026-04-15 17:12:07.119+0900","N","","","","MIN","4ACM4701","15.19","ASSIGN","2026-04-15 17:12"
"6301","oht_time_avg","2026-04-15 17:12:07.119+0900","N","","","","MIN","4ACM4701","0.17","REP","2026-04-15 17:12"
"6312","oht_time_avg","2026-04-15 17:13:06.543+0900","N","","","","MIN","4ACM4701","0.0","COMPLETED","2026-04-15 17:13"
"6311","oht_time_avg","2026-04-15 17:13:06.543+0900","N","","","","MIN","4ACM4701","7.15","DESPOSITED","2026-04-15 17:13"
"6310","oht_time_avg","2026-04-15 17:13:06.543+0900","N","","","","MIN","4ACM4701","129.95","TRANSFERRING","2026-04-15 17:13"
"6309","oht_time_avg","2026-04-15 17:13:06.543+0900","N","","","","MIN","4ACM4701","33.6","ACQUIRED","2026-04-15 17:13"
"6308","oht_time_avg","2026-04-15 17:13:06.543+0900","N","","","","MIN","4ACM4701","13.32","ASSIGN","2026-04-15 17:13"
"6307","oht_time_avg","2026-04-15 17:13:06.543+0900","N","","","","MIN","4ACM4701","0.21","REP","2026-04-15 17:13"
"6318","oht_time_avg","2026-04-15 17:14:07.581+0900","N","","","","MIN","4ACM4701","0.0","COMPLETED","2026-04-15 17:14"
"6317","oht_time_avg","2026-04-15 17:14:07.581+0900","N","","","","MIN","4ACM4701","7.31","DESPOSITED","2026-04-15 17:14"
"6316","oht_time_avg","2026-04-15 17:14:07.581+0900","N","","","","MIN","4ACM4701","134.1","TRANSFERRING","2026-04-15 17:14"
"6315","oht_time_avg","2026-04-15 17:14:07.581+0900","N","","","","MIN","4ACM4701","32.22","ACQUIRED","2026-04-15 17:14"
"6314","oht_time_avg","2026-04-15 17:14:07.581+0900","N","","","","MIN","4ACM4701","11.95","ASSIGN","2026-04-15 17:14"
"6313","oht_time_avg","2026-04-15 17:14:07.581+0900","N","","","","MIN","4ACM4701","1.11","REP","2026-04-15 17:14"
"6324","oht_time_avg","2026-04-15 17:15:08.057+0900","N","","","","MIN","4ACM4701","0.0","COMPLETED","2026-04-15 17:15"
"6323","oht_time_avg","2026-04-15 17:15:08.057+0900","N","","","","MIN","4ACM4701","7.31","DESPOSITED","2026-04-15 17:15"
"6322","oht_time_avg","2026-04-15 17:15:08.057+0900","N","","","","MIN","4ACM4701","136.51","TRANSFERRING","2026-04-15 17:15"
"6321","oht_time_avg","2026-04-15 17:15:08.057+0900","N","","","","MIN","4ACM4701","32.0","ACQUIRED","2026-04-15 17:15"
"6320","oht_time_avg","2026-04-15 17:15:08.057+0900","N","","","","MIN","4ACM4701","13.14","ASSIGN","2026-04-15 17:15"
"6319","oht_time_avg","2026-04-15 17:15:08.057+0900","N","","","","MIN","4ACM4701","0.2","REP","2026-04-15 17:15"
"6330","oht_time_avg","2026-04-15 17:16:07.704+0900","N","","","","MIN","4ACM4701","0.0","COMPLETED","2026-04-15 17:16"
"6329","oht_time_avg","2026-04-15 17:16:07.704+0900","N","","","","MIN","4ACM4701","7.33","DESPOSITED","2026-04-15 17:16"
"6328","oht_time_avg","2026-04-15 17:16:07.704+0900","N","","","","MIN","4ACM4701","136.32","TRANSFERRING","2026-04-15 17:16"
"6327","oht_time_avg","2026-04-15 17:16:07.704+0900","N","","","","MIN","4ACM4701","29.93","ACQUIRED","2026-04-15 17:16"
"6326","oht_time_avg","2026-04-15 17:16:07.704+0900","N","","","","MIN","4ACM4701","11.14","ASSIGN","2026-04-15 17:16"
"6325","oht_time_avg","2026-04-15 17:16:07.704+0900","N","","","","MIN","4ACM4701","0.17","REP","2026-04-15 17:16"
"6336","oht_time_avg","2026-04-15 17:17:07.516+0900","N","","","","MIN","4ACM4701","0.0","COMPLETED","2026-04-15 17:17"
"6335","oht_time_avg","2026-04-15 17:17:07.516+0900","N","","","","MIN","4ACM4701","7.43","DESPOSITED","2026-04-15 17:17"
"6334","oht_time_avg","2026-04-15 17:17:07.516+0900","N","","","","MIN","4ACM4701","138.86","TRANSFERRING","2026-04-15 17:17"
"6333","oht_time_avg","2026-04-15 17:17:07.516+0900","N","","","","MIN","4ACM4701","34.1","ACQUIRED","2026-04-15 17:17"
"6332","oht_time_avg","2026-04-15 17:17:07.516+0900","N","","","","MIN","4ACM4701","11.22","ASSIGN","2026-04-15 17:17"
"6331","oht_time_avg","2026-04-15 17:17:07.516+0900","N","","","","MIN","4ACM4701","0.16","REP","2026-04-15 17:17"
"6342","oht_time_avg","2026-04-15 17:18:06.970+0900","N","","","","MIN","4ACM4701","0.0","COMPLETED","2026-04-15 17:18"
"6341","oht_time_avg","2026-04-15 17:18:06.970+0900","N","","","","MIN","4ACM4701","7.1","DESPOSITED","2026-04-15 17:18"
"6340","oht_time_avg","2026-04-15 17:18:06.970+0900","N","","","","MIN","4ACM4701","139.27","TRANSFERRING","2026-04-15 17:18"
"6339","oht_time_avg","2026-04-15 17:18:06.970+0900","N","","","","MIN","4ACM4701","31.92","ACQUIRED","2026-04-15 17:18"
"6338","oht_time_avg","2026-04-15 17:18:06.970+0900","N","","","","MIN","4ACM4701","11.22","ASSIGN","2026-04-15 17:18"
"6337","oht_time_avg","2026-04-15 17:18:06.970+0900","N","","","","MIN","4ACM4701","0.16","REP","2026-04-15 17:18"
"6348","oht_time_avg","2026-04-15 17:19:06.720+0900","N","","","","MIN","4ACM4701","0.0","COMPLETED","2026-04-15 17:19"
"6347","oht_time_avg","2026-04-15 17:19:06.720+0900","N","","","","MIN","4ACM4701","7.2","DESPOSITED","2026-04-15 17:19"
"6346","oht_time_avg","2026-04-15 17:19:06.720+0900","N","","","","MIN","4ACM4701","131.84","TRANSFERRING","2026-04-15 17:19"
"6345","oht_time_avg","2026-04-15 17:19:06.720+0900","N","","","","MIN","4ACM4701","29.6","ACQUIRED","2026-04-15 17:19"
"6344","oht_time_avg","2026-04-15 17:19:06.720+0900","N","","","","MIN","4ACM4701","10.51","ASSIGN","2026-04-15 17:19"
"6343","oht_time_avg","2026-04-15 17:19:06.720+0900","N","","","","MIN","4ACM4701","0.16","REP","2026-04-15 17:19"
"6354","oht_time_avg","2026-04-15 17:20:07.822+0900","N","","","","MIN","4ACM4701","0.0","COMPLETED","2026-04-15 17:20"
"6353","oht_time_avg","2026-04-15 17:20:07.822+0900","N","","","","MIN","4ACM4701","7.28","DESPOSITED","2026-04-15 17:20"
"6352","oht_time_avg","2026-04-15 17:20:07.822+0900","N","","","","MIN","4ACM4701","134.46","TRANSFERRING","2026-04-15 17:20"
"6351","oht_time_avg","2026-04-15 17:20:07.822+0900","N","","","","MIN","4ACM4701","30.72","ACQUIRED","2026-04-15 17:20"
"6350","oht_time_avg","2026-04-15 17:20:07.822+0900","N","","","","MIN","4ACM4701","11.46","ASSIGN","2026-04-15 17:20"
"6349","oht_time_avg","2026-04-15 17:20:07.822+0900","N","","","","MIN","4ACM4701","0.19","REP","2026-04-15 17:20"
"6360","oht_time_avg","2026-04-15 17:21:07.099+0900","N","","","","MIN","4ACM4701","0.0","COMPLETED","2026-04-15 17:21"
"6359","oht_time_avg","2026-04-15 17:21:07.099+0900","N","","","","MIN","4ACM4701","7.3","DESPOSITED","2026-04-15 17:21"
"6358","oht_time_avg","2026-04-15 17:21:07.099+0900","N","","","","MIN","4ACM4701","132.88","TRANSFERRING","2026-04-15 17:21"
"6357","oht_time_avg","2026-04-15 17:21:07.099+0900","N","","","","MIN","4ACM4701","29.84","ACQUIRED","2026-04-15 17:21"
"6356","oht_time_avg","2026-04-15 17:21:07.099+0900","N","","","","MIN","4ACM4701","11.99","ASSIGN","2026-04-15 17:21"
"6355","oht_time_avg","2026-04-15 17:21:07.099+0900","N","","","","MIN","4ACM4701","0.15","REP","2026-04-15 17:21"
"6366","oht_time_avg","2026-04-15 17:22:08.020+0900","N","","","","MIN","4ACM4701","0.0","COMPLETED","2026-04-15 17:22"
"6365","oht_time_avg","2026-04-15 17:22:08.020+0900","N","","","","MIN","4ACM4701","7.24","DESPOSITED","2026-04-15 17:22"
"6364","oht_time_avg","2026-04-15 17:22:08.020+0900","N","","","","MIN","4ACM4701","136.28","TRANSFERRING","2026-04-15 17:22"
"6363","oht_time_avg","2026-04-15 17:22:08.020+0900","N","","","","MIN","4ACM4701","34.06","ACQUIRED","2026-04-15 17:22"
"6362","oht_time_avg","2026-04-15 17:22:08.020+0900","N","","","","MIN","4ACM4701","15.26","ASSIGN","2026-04-15 17:22"
"6361","oht_time_avg","2026-04-15 17:22:08.020+0900","N","","","","MIN","4ACM4701","0.17","REP","2026-04-15 17:22"
"6372","oht_time_avg","2026-04-15 17:23:06.701+0900","N","","","","MIN","4ACM4701","0.0","COMPLETED","2026-04-15 17:23"
"6371","oht_time_avg","2026-04-15 17:23:06.701+0900","N","","","","MIN","4ACM4701","7.43","DESPOSITED","2026-04-15 17:23"
"6370","oht_time_avg","2026-04-15 17:23:06.701+0900","N","","","","MIN","4ACM4701","136.96","TRANSFERRING","2026-04-15 17:23"
"6369","oht_time_avg","2026-04-15 17:23:06.701+0900","N","","","","MIN","4ACM4701","32.87","ACQUIRED","2026-04-15 17:23"
"6368","oht_time_avg","2026-04-15 17:23:06.701+0900","N","","","","MIN","4ACM4701","13.13","ASSIGN","2026-04-15 17:23"
"6367","oht_time_avg","2026-04-15 17:23:06.701+0900","N","","","","MIN","4ACM4701","0.17","REP","2026-04-15 17:23"
"6378","oht_time_avg","2026-04-15 17:24:06.924+0900","N","","","","MIN","4ACM4701","0.0","COMPLETED","2026-04-15 17:24"
"6377","oht_time_avg","2026-04-15 17:24:06.924+0900","N","","","","MIN","4ACM4701","7.33","DESPOSITED","2026-04-15 17:24"
"6376","oht_time_avg","2026-04-15 17:24:06.924+0900","N","","","","MIN","4ACM4701","137.91","TRANSFERRING","2026-04-15 17:24"
"6375","oht_time_avg","2026-04-15 17:24:06.924+0900","N","","","","MIN","4ACM4701","34.13","ACQUIRED","2026-04-15 17:24"
"6374","oht_time_avg","2026-04-15 17:24:06.924+0900","N","","","","MIN","4ACM4701","14.5","ASSIGN","2026-04-15 17:24"
"6373","oht_time_avg","2026-04-15 17:24:06.924+0900","N","","","","MIN","4ACM4701","0.18","REP","2026-04-15 17:24"
"6384","oht_time_avg","2026-04-15 17:25:07.034+0900","N","","","","MIN","4ACM4701","0.0","COMPLETED","2026-04-15 17:25"
"6383","oht_time_avg","2026-04-15 17:25:07.034+0900","N","","","","MIN","4ACM4701","7.19","DESPOSITED","2026-04-15 17:25"
"6382","oht_time_avg","2026-04-15 17:25:07.034+0900","N","","","","MIN","4ACM4701","130.26","TRANSFERRING","2026-04-15 17:25"
"6381","oht_time_avg","2026-04-15 17:25:07.034+0900","N","","","","MIN","4ACM4701","31.42","ACQUIRED","2026-04-15 17:25"
"6380","oht_time_avg","2026-04-15 17:25:07.034+0900","N","","","","MIN","4ACM4701","12.69","ASSIGN","2026-04-15 17:25"
"6379","oht_time_avg","2026-04-15 17:25:07.034+0900","N","","","","MIN","4ACM4701","0.17","REP","2026-04-15 17:25"
"6390","oht_time_avg","2026-04-15 17:26:07.191+0900","N","","","","MIN","4ACM4701","0.0","COMPLETED","2026-04-15 17:26"
"6389","oht_time_avg","2026-04-15 17:26:07.191+0900","N","","","","MIN","4ACM4701","7.28","DESPOSITED","2026-04-15 17:26"
"6388","oht_time_avg","2026-04-15 17:26:07.191+0900","N","","","","MIN","4ACM4701","129.36","TRANSFERRING","2026-04-15 17:26"
"6387","oht_time_avg","2026-04-15 17:26:07.191+0900","N","","","","MIN","4ACM4701","30.81","ACQUIRED","2026-04-15 17:26"
"6386","oht_time_avg","2026-04-15 17:26:07.191+0900","N","","","","MIN","4ACM4701","12.34","ASSIGN","2026-04-15 17:26"
"6385","oht_time_avg","2026-04-15 17:26:07.191+0900","N","","","","MIN","4ACM4701","0.17","REP","2026-04-15 17:26"
"6396","oht_time_avg","2026-04-15 17:27:07.230+0900","N","","","","MIN","4ACM4701","0.0","COMPLETED","2026-04-15 17:27"
"6395","oht_time_avg","2026-04-15 17:27:07.230+0900","N","","","","MIN","4ACM4701","7.08","DESPOSITED","2026-04-15 17:27"
"6394","oht_time_avg","2026-04-15 17:27:07.230+0900","N","","","","MIN","4ACM4701","134.09","TRANSFERRING","2026-04-15 17:27"
"6393","oht_time_avg","2026-04-15 17:27:07.230+0900","N","","","","MIN","4ACM4701","31.72","ACQUIRED","2026-04-15 17:27"
"6392","oht_time_avg","2026-04-15 17:27:07.230+0900","N","","","","MIN","4ACM4701","11.42","ASSIGN","2026-04-15 17:27"
"6391","oht_time_avg","2026-04-15 17:27:07.230+0900","N","","","","MIN","4ACM4701","0.18","REP","2026-04-15 17:27"
"6402","oht_time_avg","2026-04-15 17:28:07.687+0900","N","","","","MIN","4ACM4701","0.0","COMPLETED","2026-04-15 17:28"
"6401","oht_time_avg","2026-04-15 17:28:07.687+0900","N","","","","MIN","4ACM4701","7.14","DESPOSITED","2026-04-15 17:28"
"6400","oht_time_avg","2026-04-15 17:28:07.687+0900","N","","","","MIN","4ACM4701","126.36","TRANSFERRING","2026-04-15 17:28"
"6399","oht_time_avg","2026-04-15 17:28:07.687+0900","N","","","","MIN","4ACM4701","33.64","ACQUIRED","2026-04-15 17:28"
"6398","oht_time_avg","2026-04-15 17:28:07.687+0900","N","","","","MIN","4ACM4701","9.77","ASSIGN","2026-04-15 17:28"
"6397","oht_time_avg","2026-04-15 17:28:07.687+0900","N","","","","MIN","4ACM4701","0.58","REP","2026-04-15 17:28"
"6408","oht_time_avg","2026-04-15 17:29:06.989+0900","N","","","","MIN","4ACM4701","0.0","COMPLETED","2026-04-15 17:29"
"6407","oht_time_avg","2026-04-15 17:29:06.989+0900","N","","","","MIN","4ACM4701","7.13","DESPOSITED","2026-04-15 17:29"
"6406","oht_time_avg","2026-04-15 17:29:06.989+0900","N","","","","MIN","4ACM4701","121.78","TRANSFERRING","2026-04-15 17:29"
"6405","oht_time_avg","2026-04-15 17:29:06.989+0900","N","","","","MIN","4ACM4701","31.47","ACQUIRED","2026-04-15 17:29"
"6404","oht_time_avg","2026-04-15 17:29:06.989+0900","N","","","","MIN","4ACM4701","10.83","ASSIGN","2026-04-15 17:29"
"6403","oht_time_avg","2026-04-15 17:29:06.989+0900","N","","","","MIN","4ACM4701","0.19","REP","2026-04-15 17:29"
"6414","oht_time_avg","2026-04-15 17:30:07.775+0900","N","","","","MIN","4ACM4701","3.14","COMPLETED","2026-04-15 17:30"
"6413","oht_time_avg","2026-04-15 17:30:07.775+0900","N","","","","MIN","4ACM4701","7.25","DESPOSITED","2026-04-15 17:30"
"6412","oht_time_avg","2026-04-15 17:30:07.775+0900","N","","","","MIN","4ACM4701","131.26","TRANSFERRING","2026-04-15 17:30"
"6411","oht_time_avg","2026-04-15 17:30:07.775+0900","N","","","","MIN","4ACM4701","29.73","ACQUIRED","2026-04-15 17:30"
"6410","oht_time_avg","2026-04-15 17:30:07.775+0900","N","","","","MIN","4ACM4701","10.22","ASSIGN","2026-04-15 17:30"
"6409","oht_time_avg","2026-04-15 17:30:07.775+0900","N","","","","MIN","4ACM4701","4.07","REP","2026-04-15 17:30"
"6420","oht_time_avg","2026-04-15 17:31:07.307+0900","N","","","","MIN","4ACM4701","0.0","COMPLETED","2026-04-15 17:31"
"6419","oht_time_avg","2026-04-15 17:31:07.307+0900","N","","","","MIN","4ACM4701","7.2","DESPOSITED","2026-04-15 17:31"
"6418","oht_time_avg","2026-04-15 17:31:07.307+0900","N","","","","MIN","4ACM4701","131.15","TRANSFERRING","2026-04-15 17:31"
"6417","oht_time_avg","2026-04-15 17:31:07.307+0900","N","","","","MIN","4ACM4701","29.74","ACQUIRED","2026-04-15 17:31"
"6416","oht_time_avg","2026-04-15 17:31:07.307+0900","N","","","","MIN","4ACM4701","10.55","ASSIGN","2026-04-15 17:31"
"6415","oht_time_avg","2026-04-15 17:31:07.307+0900","N","","","","MIN","4ACM4701","0.18","REP","2026-04-15 17:31"
"6426","oht_time_avg","2026-04-15 17:32:07.045+0900","N","","","","MIN","4ACM4701","0.0","COMPLETED","2026-04-15 17:32"
"6425","oht_time_avg","2026-04-15 17:32:07.045+0900","N","","","","MIN","4ACM4701","7.08","DESPOSITED","2026-04-15 17:32"
"6424","oht_time_avg","2026-04-15 17:32:07.045+0900","N","","","","MIN","4ACM4701","132.07","TRANSFERRING","2026-04-15 17:32"
"6423","oht_time_avg","2026-04-15 17:32:07.045+0900","N","","","","MIN","4ACM4701","29.86","ACQUIRED","2026-04-15 17:32"
"6422","oht_time_avg","2026-04-15 17:32:07.045+0900","N","","","","MIN","4ACM4701","10.79","ASSIGN","2026-04-15 17:32"
"6421","oht_time_avg","2026-04-15 17:32:07.045+0900","N","","","","MIN","4ACM4701","0.18","REP","2026-04-15 17:32"
"6432","oht_time_avg","2026-04-15 17:33:08.508+0900","N","","","","MIN","4ACM4701","0.0","COMPLETED","2026-04-15 17:33"
"6431","oht_time_avg","2026-04-15 17:33:08.508+0900","N","","","","MIN","4ACM4701","7.43","DESPOSITED","2026-04-15 17:33"
"6430","oht_time_avg","2026-04-15 17:33:08.508+0900","N","","","","MIN","4ACM4701","132.12","TRANSFERRING","2026-04-15 17:33"
"6429","oht_time_avg","2026-04-15 17:33:08.508+0900","N","","","","MIN","4ACM4701","30.98","ACQUIRED","2026-04-15 17:33"
"6428","oht_time_avg","2026-04-15 17:33:08.508+0900","N","","","","MIN","4ACM4701","11.56","ASSIGN","2026-04-15 17:33"
"6427","oht_time_avg","2026-04-15 17:33:08.508+0900","N","","","","MIN","4ACM4701","0.5","REP","2026-04-15 17:33"
"6438","oht_time_avg","2026-04-15 17:34:08.155+0900","N","","","","MIN","4ACM4701","0.0","COMPLETED","2026-04-15 17:34"
"6437","oht_time_avg","2026-04-15 17:34:08.155+0900","N","","","","MIN","4ACM4701","7.15","DESPOSITED","2026-04-15 17:34"
"6436","oht_time_avg","2026-04-15 17:34:08.155+0900","N","","","","MIN","4ACM4701","133.78","TRANSFERRING","2026-04-15 17:34"
"6435","oht_time_avg","2026-04-15 17:34:08.155+0900","N","","","","MIN","4ACM4701","29.22","ACQUIRED","2026-04-15 17:34"
"6434","oht_time_avg","2026-04-15 17:34:08.155+0900","N","","","","MIN","4ACM4701","10.89","ASSIGN","2026-04-15 17:34"
"6433","oht_time_avg","2026-04-15 17:34:08.155+0900","N","","","","MIN","4ACM4701","0.19","REP","2026-04-15 17:34"
"6444","oht_time_avg","2026-04-15 17:35:07.417+0900","N","","","","MIN","4ACM4701","0.0","COMPLETED","2026-04-15 17:35"
"6443","oht_time_avg","2026-04-15 17:35:07.417+0900","N","","","","MIN","4ACM4701","7.17","DESPOSITED","2026-04-15 17:35"
"6442","oht_time_avg","2026-04-15 17:35:07.417+0900","N","","","","MIN","4ACM4701","132.25","TRANSFERRING","2026-04-15 17:35"
"6441","oht_time_avg","2026-04-15 17:35:07.417+0900","N","","","","MIN","4ACM4701","28.72","ACQUIRED","2026-04-15 17:35"
"6440","oht_time_avg","2026-04-15 17:35:07.417+0900","N","","","","MIN","4ACM4701","11.2","ASSIGN","2026-04-15 17:35"
"6439","oht_time_avg","2026-04-15 17:35:07.417+0900","N","","","","MIN","4ACM4701","0.19","REP","2026-04-15 17:35"
"6450","oht_time_avg","2026-04-15 17:36:06.822+0900","N","","","","MIN","4ACM4701","0.0","COMPLETED","2026-04-15 17:36"
"6449","oht_time_avg","2026-04-15 17:36:06.822+0900","N","","","","MIN","4ACM4701","7.24","DESPOSITED","2026-04-15 17:36"
"6448","oht_time_avg","2026-04-15 17:36:06.822+0900","N","","","","MIN","4ACM4701","126.72","TRANSFERRING","2026-04-15 17:36"
"6447","oht_time_avg","2026-04-15 17:36:06.822+0900","N","","","","MIN","4ACM4701","28.32","ACQUIRED","2026-04-15 17:36"
"6446","oht_time_avg","2026-04-15 17:36:06.822+0900","N","","","","MIN","4ACM4701","10.0","ASSIGN","2026-04-15 17:36"
"6445","oht_time_avg","2026-04-15 17:36:06.822+0900","N","","","","MIN","4ACM4701","0.17","REP","2026-04-15 17:36"
"6456","oht_time_avg","2026-04-15 17:37:06.899+0900","N","","","","MIN","4ACM4701","0.0","COMPLETED","2026-04-15 17:37"
"6455","oht_time_avg","2026-04-15 17:37:06.899+0900","N","","","","MIN","4ACM4701","7.26","DESPOSITED","2026-04-15 17:37"
"6454","oht_time_avg","2026-04-15 17:37:06.899+0900","N","","","","MIN","4ACM4701","133.48","TRANSFERRING","2026-04-15 17:37"
"6453","oht_time_avg","2026-04-15 17:37:06.899+0900","N","","","","MIN","4ACM4701","30.39","ACQUIRED","2026-04-15 17:37"
"6452","oht_time_avg","2026-04-15 17:37:06.899+0900","N","","","","MIN","4ACM4701","9.89","ASSIGN","2026-04-15 17:37"
"6451","oht_time_avg","2026-04-15 17:37:06.899+0900","N","","","","MIN","4ACM4701","0.17","REP","2026-04-15 17:37"
"6462","oht_time_avg","2026-04-15 17:38:07.306+0900","N","","","","MIN","4ACM4701","0.0","COMPLETED","2026-04-15 17:38"
"6461","oht_time_avg","2026-04-15 17:38:07.306+0900","N","","","","MIN","4ACM4701","7.19","DESPOSITED","2026-04-15 17:38"
"6460","oht_time_avg","2026-04-15 17:38:07.306+0900","N","","","","MIN","4ACM4701","132.58","TRANSFERRING","2026-04-15 17:38"
"6459","oht_time_avg","2026-04-15 17:38:07.306+0900","N","","","","MIN","4ACM4701","31.07","ACQUIRED","2026-04-15 17:38"
"6458","oht_time_avg","2026-04-15 17:38:07.306+0900","N","","","","MIN","4ACM4701","10.41","ASSIGN","2026-04-15 17:38"
"6457","oht_time_avg","2026-04-15 17:38:07.306+0900","N","","","","MIN","4ACM4701","0.21","REP","2026-04-15 17:38"
"6468","oht_time_avg","2026-04-15 17:39:08.689+0900","N","","","","MIN","4ACM4701","0.0","COMPLETED","2026-04-15 17:39"
"6467","oht_time_avg","2026-04-15 17:39:08.689+0900","N","","","","MIN","4ACM4701","7.24","DESPOSITED","2026-04-15 17:39"
"6466","oht_time_avg","2026-04-15 17:39:08.689+0900","N","","","","MIN","4ACM4701","126.09","TRANSFERRING","2026-04-15 17:39"
"6465","oht_time_avg","2026-04-15 17:39:08.689+0900","N","","","","MIN","4ACM4701","31.46","ACQUIRED","2026-04-15 17:39"
"6464","oht_time_avg","2026-04-15 17:39:08.689+0900","N","","","","MIN","4ACM4701","11.34","ASSIGN","2026-04-15 17:39"
"6463","oht_time_avg","2026-04-15 17:39:08.689+0900","N","","","","MIN","4ACM4701","0.16","REP","2026-04-15 17:39"
"6474","oht_time_avg","2026-04-15 17:40:08.539+0900","N","","","","MIN","4ACM4701","0.0","COMPLETED","2026-04-15 17:40"
"6473","oht_time_avg","2026-04-15 17:40:08.539+0900","N","","","","MIN","4ACM4701","7.09","DESPOSITED","2026-04-15 17:40"
"6472","oht_time_avg","2026-04-15 17:40:08.539+0900","N","","","","MIN","4ACM4701","126.51","TRANSFERRING","2026-04-15 17:40"
"6471","oht_time_avg","2026-04-15 17:40:08.539+0900","N","","","","MIN","4ACM4701","31.96","ACQUIRED","2026-04-15 17:40"
"6470","oht_time_avg","2026-04-15 17:40:08.539+0900","N","","","","MIN","4ACM4701","10.12","ASSIGN","2026-04-15 17:40"
"6469","oht_time_avg","2026-04-15 17:40:08.539+0900","N","","","","MIN","4ACM4701","0.17","REP","2026-04-15 17:40"
"6480","oht_time_avg","2026-04-15 17:41:06.673+0900","N","","","","MIN","4ACM4701","0.0","COMPLETED","2026-04-15 17:41"
"6479","oht_time_avg","2026-04-15 17:41:06.673+0900","N","","","","MIN","4ACM4701","7.15","DESPOSITED","2026-04-15 17:41"
"6478","oht_time_avg","2026-04-15 17:41:06.673+0900","N","","","","MIN","4ACM4701","130.58","TRANSFERRING","2026-04-15 17:41"
"6477","oht_time_avg","2026-04-15 17:41:06.673+0900","N","","","","MIN","4ACM4701","30.8","ACQUIRED","2026-04-15 17:41"
"6476","oht_time_avg","2026-04-15 17:41:06.673+0900","N","","","","MIN","4ACM4701","10.89","ASSIGN","2026-04-15 17:41"
"6475","oht_time_avg","2026-04-15 17:41:06.673+0900","N","","","","MIN","4ACM4701","0.15","REP","2026-04-15 17:41"
"6486","oht_time_avg","2026-04-15 17:42:06.994+0900","N","","","","MIN","4ACM4701","0.0","COMPLETED","2026-04-15 17:42"
"6485","oht_time_avg","2026-04-15 17:42:06.994+0900","N","","","","MIN","4ACM4701","7.33","DESPOSITED","2026-04-15 17:42"
"6484","oht_time_avg","2026-04-15 17:42:06.994+0900","N","","","","MIN","4ACM4701","129.12","TRANSFERRING","2026-04-15 17:42"
"6483","oht_time_avg","2026-04-15 17:42:06.994+0900","N","","","","MIN","4ACM4701","31.62","ACQUIRED","2026-04-15 17:42"
"6482","oht_time_avg","2026-04-15 17:42:06.994+0900","N","","","","MIN","4ACM4701","11.18","ASSIGN","2026-04-15 17:42"
"6481","oht_time_avg","2026-04-15 17:42:06.994+0900","N","","","","MIN","4ACM4701","0.19","REP","2026-04-15 17:42"
"6492","oht_time_avg","2026-04-15 17:43:06.827+0900","N","","","","MIN","4ACM4701","0.0","COMPLETED","2026-04-15 17:43"
"6491","oht_time_avg","2026-04-15 17:43:06.827+0900","N","","","","MIN","4ACM4701","7.09","DESPOSITED","2026-04-15 17:43"
"6490","oht_time_avg","2026-04-15 17:43:06.827+0900","N","","","","MIN","4ACM4701","135.51","TRANSFERRING","2026-04-15 17:43"
"6489","oht_time_avg","2026-04-15 17:43:06.827+0900","N","","","","MIN","4ACM4701","31.14","ACQUIRED","2026-04-15 17:43"
"6488","oht_time_avg","2026-04-15 17:43:06.827+0900","N","","","","MIN","4ACM4701","11.73","ASSIGN","2026-04-15 17:43"
"6487","oht_time_avg","2026-04-15 17:43:06.827+0900","N","","","","MIN","4ACM4701","0.17","REP","2026-04-15 17:43"
"6498","oht_time_avg","2026-04-15 17:44:07.049+0900","N","","","","MIN","4ACM4701","0.0","COMPLETED","2026-04-15 17:44"
"6497","oht_time_avg","2026-04-15 17:44:07.049+0900","N","","","","MIN","4ACM4701","7.02","DESPOSITED","2026-04-15 17:44"
"6496","oht_time_avg","2026-04-15 17:44:07.049+0900","N","","","","MIN","4ACM4701","132.86","TRANSFERRING","2026-04-15 17:44"
"6495","oht_time_avg","2026-04-15 17:44:07.049+0900","N","","","","MIN","4ACM4701","30.03","ACQUIRED","2026-04-15 17:44"
"6494","oht_time_avg","2026-04-15 17:44:07.049+0900","N","","","","MIN","4ACM4701","11.63","ASSIGN","2026-04-15 17:44"
"6493","oht_time_avg","2026-04-15 17:44:07.049+0900","N","","","","MIN","4ACM4701","0.44","REP","2026-04-15 17:44"
"6504","oht_time_avg","2026-04-15 17:45:07.809+0900","N","","","","MIN","4ACM4701","0.0","COMPLETED","2026-04-15 17:45"
"6503","oht_time_avg","2026-04-15 17:45:07.809+0900","N","","","","MIN","4ACM4701","7.31","DESPOSITED","2026-04-15 17:45"
"6502","oht_time_avg","2026-04-15 17:45:07.809+0900","N","","","","MIN","4ACM4701","135.35","TRANSFERRING","2026-04-15 17:45"
"6501","oht_time_avg","2026-04-15 17:45:07.809+0900","N","","","","MIN","4ACM4701","31.66","ACQUIRED","2026-04-15 17:45"
"6500","oht_time_avg","2026-04-15 17:45:07.809+0900","N","","","","MIN","4ACM4701","12.39","ASSIGN","2026-04-15 17:45"
"6499","oht_time_avg","2026-04-15 17:45:07.809+0900","N","","","","MIN","4ACM4701","0.69","REP","2026-04-15 17:45"
"6510","oht_time_avg","2026-04-15 17:46:07.218+0900","N","","","","MIN","4ACM4701","0.0","COMPLETED","2026-04-15 17:46"
"6509","oht_time_avg","2026-04-15 17:46:07.218+0900","N","","","","MIN","4ACM4701","7.25","DESPOSITED","2026-04-15 17:46"
"6508","oht_time_avg","2026-04-15 17:46:07.218+0900","N","","","","MIN","4ACM4701","132.99","TRANSFERRING","2026-04-15 17:46"
"6507","oht_time_avg","2026-04-15 17:46:07.218+0900","N","","","","MIN","4ACM4701","33.6","ACQUIRED","2026-04-15 17:46"
"6506","oht_time_avg","2026-04-15 17:46:07.218+0900","N","","","","MIN","4ACM4701","11.75","ASSIGN","2026-04-15 17:46"
"6505","oht_time_avg","2026-04-15 17:46:07.218+0900","N","","","","MIN","4ACM4701","0.17","REP","2026-04-15 17:46"
"6516","oht_time_avg","2026-04-15 17:47:06.637+0900","N","","","","MIN","4ACM4701","0.0","COMPLETED","2026-04-15 17:47"
"6515","oht_time_avg","2026-04-15 17:47:06.637+0900","N","","","","MIN","4ACM4701","7.1","DESPOSITED","2026-04-15 17:47"
"6514","oht_time_avg","2026-04-15 17:47:06.637+0900","N","","","","MIN","4ACM4701","138.93","TRANSFERRING","2026-04-15 17:47"
"6513","oht_time_avg","2026-04-15 17:47:06.637+0900","N","","","","MIN","4ACM4701","33.64","ACQUIRED","2026-04-15 17:47"
"6512","oht_time_avg","2026-04-15 17:47:06.637+0900","N","","","","MIN","4ACM4701","12.9","ASSIGN","2026-04-15 17:47"
"6511","oht_time_avg","2026-04-15 17:47:06.637+0900","N","","","","MIN","4ACM4701","0.14","REP","2026-04-15 17:47"
"6522","oht_time_avg","2026-04-15 17:48:06.711+0900","N","","","","MIN","4ACM4701","0.0","COMPLETED","2026-04-15 17:48"
"6521","oht_time_avg","2026-04-15 17:48:06.711+0900","N","","","","MIN","4ACM4701","7.19","DESPOSITED","2026-04-15 17:48"
"6520","oht_time_avg","2026-04-15 17:48:06.711+0900","N","","","","MIN","4ACM4701","136.97","TRANSFERRING","2026-04-15 17:48"
"6519","oht_time_avg","2026-04-15 17:48:06.711+0900","N","","","","MIN","4ACM4701","33.42","ACQUIRED","2026-04-15 17:48"
"6518","oht_time_avg","2026-04-15 17:48:06.711+0900","N","","","","MIN","4ACM4701","12.62","ASSIGN","2026-04-15 17:48"
"6517","oht_time_avg","2026-04-15 17:48:06.711+0900","N","","","","MIN","4ACM4701","0.19","REP","2026-04-15 17:48"
"6528","oht_time_avg","2026-04-15 17:49:06.714+0900","N","","","","MIN","4ACM4701","0.0","COMPLETED","2026-04-15 17:49"
"6527","oht_time_avg","2026-04-15 17:49:06.714+0900","N","","","","MIN","4ACM4701","7.1","DESPOSITED","2026-04-15 17:49"
"6526","oht_time_avg","2026-04-15 17:49:06.714+0900","N","","","","MIN","4ACM4701","129.5","TRANSFERRING","2026-04-15 17:49"
"6525","oht_time_avg","2026-04-15 17:49:06.714+0900","N","","","","MIN","4ACM4701","31.12","ACQUIRED","2026-04-15 17:49"
"6524","oht_time_avg","2026-04-15 17:49:06.714+0900","N","","","","MIN","4ACM4701","13.64","ASSIGN","2026-04-15 17:49"
"6523","oht_time_avg","2026-04-15 17:49:06.714+0900","N","","","","MIN","4ACM4701","0.16","REP","2026-04-15 17:49"
"6534","oht_time_avg","2026-04-15 17:50:07.248+0900","N","","","","MIN","4ACM4701","0.0","COMPLETED","2026-04-15 17:50"
"6533","oht_time_avg","2026-04-15 17:50:07.248+0900","N","","","","MIN","4ACM4701","7.17","DESPOSITED","2026-04-15 17:50"
"6532","oht_time_avg","2026-04-15 17:50:07.248+0900","N","","","","MIN","4ACM4701","138.2","TRANSFERRING","2026-04-15 17:50"
"6531","oht_time_avg","2026-04-15 17:50:07.248+0900","N","","","","MIN","4ACM4701","30.27","ACQUIRED","2026-04-15 17:50"
"6530","oht_time_avg","2026-04-15 17:50:07.248+0900","N","","","","MIN","4ACM4701","12.97","ASSIGN","2026-04-15 17:50"
"6529","oht_time_avg","2026-04-15 17:50:07.248+0900","N","","","","MIN","4ACM4701","1.48","REP","2026-04-15 17:50"
"6540","oht_time_avg","2026-04-15 17:51:07.100+0900","N","","","","MIN","4ACM4701","0.0","COMPLETED","2026-04-15 17:51"
"6539","oht_time_avg","2026-04-15 17:51:07.100+0900","N","","","","MIN","4ACM4701","7.22","DESPOSITED","2026-04-15 17:51"
"6538","oht_time_avg","2026-04-15 17:51:07.100+0900","N","","","","MIN","4ACM4701","137.79","TRANSFERRING","2026-04-15 17:51"
"6537","oht_time_avg","2026-04-15 17:51:07.100+0900","N","","","","MIN","4ACM4701","29.67","ACQUIRED","2026-04-15 17:51"
"6536","oht_time_avg","2026-04-15 17:51:07.100+0900","N","","","","MIN","4ACM4701","11.36","ASSIGN","2026-04-15 17:51"
"6535","oht_time_avg","2026-04-15 17:51:07.100+0900","N","","","","MIN","4ACM4701","0.15","REP","2026-04-15 17:51"
"6546","oht_time_avg","2026-04-15 17:52:07.407+0900","N","","","","MIN","4ACM4701","0.0","COMPLETED","2026-04-15 17:52"
"6545","oht_time_avg","2026-04-15 17:52:07.407+0900","N","","","","MIN","4ACM4701","7.27","DESPOSITED","2026-04-15 17:52"
"6544","oht_time_avg","2026-04-15 17:52:07.407+0900","N","","","","MIN","4ACM4701","135.64","TRANSFERRING","2026-04-15 17:52"
"6543","oht_time_avg","2026-04-15 17:52:07.407+0900","N","","","","MIN","4ACM4701","31.16","ACQUIRED","2026-04-15 17:52"
"6542","oht_time_avg","2026-04-15 17:52:07.407+0900","N","","","","MIN","4ACM4701","12.22","ASSIGN","2026-04-15 17:52"
"6541","oht_time_avg","2026-04-15 17:52:07.407+0900","N","","","","MIN","4ACM4701","0.16","REP","2026-04-15 17:52"
"6552","oht_time_avg","2026-04-15 17:53:06.996+0900","N","","","","MIN","4ACM4701","2.15","COMPLETED","2026-04-15 17:53"
"6551","oht_time_avg","2026-04-15 17:53:06.996+0900","N","","","","MIN","4ACM4701","7.14","DESPOSITED","2026-04-15 17:53"
"6550","oht_time_avg","2026-04-15 17:53:06.996+0900","N","","","","MIN","4ACM4701","134.42","TRANSFERRING","2026-04-15 17:53"
"6549","oht_time_avg","2026-04-15 17:53:06.996+0900","N","","","","MIN","4ACM4701","30.84","ACQUIRED","2026-04-15 17:53"
"6548","oht_time_avg","2026-04-15 17:53:06.996+0900","N","","","","MIN","4ACM4701","10.93","ASSIGN","2026-04-15 17:53"
"6547","oht_time_avg","2026-04-15 17:53:06.996+0900","N","","","","MIN","4ACM4701","0.19","REP","2026-04-15 17:53"
"6558","oht_time_avg","2026-04-15 17:54:07.509+0900","N","","","","MIN","4ACM4701","0.0","COMPLETED","2026-04-15 17:54"
"6557","oht_time_avg","2026-04-15 17:54:07.509+0900","N","","","","MIN","4ACM4701","7.27","DESPOSITED","2026-04-15 17:54"
"6556","oht_time_avg","2026-04-15 17:54:07.509+0900","N","","","","MIN","4ACM4701","132.7","TRANSFERRING","2026-04-15 17:54"
"6555","oht_time_avg","2026-04-15 17:54:07.509+0900","N","","","","MIN","4ACM4701","32.24","ACQUIRED","2026-04-15 17:54"
"6554","oht_time_avg","2026-04-15 17:54:07.509+0900","N","","","","MIN","4ACM4701","11.41","ASSIGN","2026-04-15 17:54"
"6553","oht_time_avg","2026-04-15 17:54:07.509+0900","N","","","","MIN","4ACM4701","0.18","REP","2026-04-15 17:54"
"6564","oht_time_avg","2026-04-15 17:55:08.005+0900","N","","","","MIN","4ACM4701","0.0","COMPLETED","2026-04-15 17:55"
"6563","oht_time_avg","2026-04-15 17:55:08.005+0900","N","","","","MIN","4ACM4701","7.32","DESPOSITED","2026-04-15 17:55"
"6562","oht_time_avg","2026-04-15 17:55:08.005+0900","N","","","","MIN","4ACM4701","136.45","TRANSFERRING","2026-04-15 17:55"
"6561","oht_time_avg","2026-04-15 17:55:08.005+0900","N","","","","MIN","4ACM4701","33.15","ACQUIRED","2026-04-15 17:55"
"6560","oht_time_avg","2026-04-15 17:55:08.005+0900","N","","","","MIN","4ACM4701","14.76","ASSIGN","2026-04-15 17:55"
"6559","oht_time_avg","2026-04-15 17:55:08.005+0900","N","","","","MIN","4ACM4701","2.88","REP","2026-04-15 17:55"
"6570","oht_time_avg","2026-04-15 17:56:07.270+0900","N","","","","MIN","4ACM4701","0.0","COMPLETED","2026-04-15 17:56"
"6569","oht_time_avg","2026-04-15 17:56:07.270+0900","N","","","","MIN","4ACM4701","7.07","DESPOSITED","2026-04-15 17:56"
"6568","oht_time_avg","2026-04-15 17:56:07.270+0900","N","","","","MIN","4ACM4701","136.25","TRANSFERRING","2026-04-15 17:56"
"6567","oht_time_avg","2026-04-15 17:56:07.270+0900","N","","","","MIN","4ACM4701","30.56","ACQUIRED","2026-04-15 17:56"
"6566","oht_time_avg","2026-04-15 17:56:07.270+0900","N","","","","MIN","4ACM4701","13.57","ASSIGN","2026-04-15 17:56"
"6565","oht_time_avg","2026-04-15 17:56:07.270+0900","N","","","","MIN","4ACM4701","0.15","REP","2026-04-15 17:56"
"6576","oht_time_avg","2026-04-15 17:57:06.959+0900","N","","","","MIN","4ACM4701","0.0","COMPLETED","2026-04-15 17:57"
"6575","oht_time_avg","2026-04-15 17:57:06.959+0900","N","","","","MIN","4ACM4701","7.1","DESPOSITED","2026-04-15 17:57"
"6574","oht_time_avg","2026-04-15 17:57:06.959+0900","N","","","","MIN","4ACM4701","135.86","TRANSFERRING","2026-04-15 17:57"
"6573","oht_time_avg","2026-04-15 17:57:06.959+0900","N","","","","MIN","4ACM4701","32.94","ACQUIRED","2026-04-15 17:57"
"6572","oht_time_avg","2026-04-15 17:57:06.959+0900","N","","","","MIN","4ACM4701","12.92","ASSIGN","2026-04-15 17:57"
"6571","oht_time_avg","2026-04-15 17:57:06.959+0900","N","","","","MIN","4ACM4701","0.21","REP","2026-04-15 17:57"
"6582","oht_time_avg","2026-04-15 17:58:08.211+0900","N","","","","MIN","4ACM4701","0.0","COMPLETED","2026-04-15 17:58"
"6581","oht_time_avg","2026-04-15 17:58:08.211+0900","N","","","","MIN","4ACM4701","7.25","DESPOSITED","2026-04-15 17:58"
"6580","oht_time_avg","2026-04-15 17:58:08.211+0900","N","","","","MIN","4ACM4701","138.38","TRANSFERRING","2026-04-15 17:58"
"6579","oht_time_avg","2026-04-15 17:58:08.211+0900","N","","","","MIN","4ACM4701","34.29","ACQUIRED","2026-04-15 17:58"
"6578","oht_time_avg","2026-04-15 17:58:08.211+0900","N","","","","MIN","4ACM4701","14.26","ASSIGN","2026-04-15 17:58"
"6577","oht_time_avg","2026-04-15 17:58:08.211+0900","N","","","","MIN","4ACM4701","0.18","REP","2026-04-15 17:58"
"6588","oht_time_avg","2026-04-15 17:59:06.916+0900","N","","","","MIN","4ACM4701","0.0","COMPLETED","2026-04-15 17:59"
"6587","oht_time_avg","2026-04-15 17:59:06.916+0900","N","","","","MIN","4ACM4701","7.16","DESPOSITED","2026-04-15 17:59"
"6586","oht_time_avg","2026-04-15 17:59:06.916+0900","N","","","","MIN","4ACM4701","137.11","TRANSFERRING","2026-04-15 17:59"
"6585","oht_time_avg","2026-04-15 17:59:06.916+0900","N","","","","MIN","4ACM4701","30.92","ACQUIRED","2026-04-15 17:59"
"6584","oht_time_avg","2026-04-15 17:59:06.916+0900","N","","","","MIN","4ACM4701","14.89","ASSIGN","2026-04-15 17:59"
"6583","oht_time_avg","2026-04-15 17:59:06.916+0900","N","","","","MIN","4ACM4701","0.17","REP","2026-04-15 17:59"
"6594","oht_time_avg","2026-04-15 18:00:08.213+0900","N","","","","MIN","4ACM4701","0.0","COMPLETED","2026-04-15 18:00"
"6593","oht_time_avg","2026-04-15 18:00:08.213+0900","N","","","","MIN","4ACM4701","7.25","DESPOSITED","2026-04-15 18:00"
"6592","oht_time_avg","2026-04-15 18:00:08.213+0900","N","","","","MIN","4ACM4701","129.09","TRANSFERRING","2026-04-15 18:00"
"6591","oht_time_avg","2026-04-15 18:00:08.213+0900","N","","","","MIN","4ACM4701","31.9","ACQUIRED","2026-04-15 18:00"
"6590","oht_time_avg","2026-04-15 18:00:08.213+0900","N","","","","MIN","4ACM4701","14.37","ASSIGN","2026-04-15 18:00"
"6589","oht_time_avg","2026-04-15 18:00:08.213+0900","N","","","","MIN","4ACM4701","1.01","REP","2026-04-15 18:00"
"6600","oht_time_avg","2026-04-15 18:01:09.060+0900","N","","","","MIN","4ACM4701","0.0","COMPLETED","2026-04-15 18:01"
"6599","oht_time_avg","2026-04-15 18:01:09.060+0900","N","","","","MIN","4ACM4701","7.23","DESPOSITED","2026-04-15 18:01"
"6598","oht_time_avg","2026-04-15 18:01:09.060+0900","N","","","","MIN","4ACM4701","134.97","TRANSFERRING","2026-04-15 18:01"
"6597","oht_time_avg","2026-04-15 18:01:09.060+0900","N","","","","MIN","4ACM4701","33.92","ACQUIRED","2026-04-15 18:01"
"6596","oht_time_avg","2026-04-15 18:01:09.060+0900","N","","","","MIN","4ACM4701","11.61","ASSIGN","2026-04-15 18:01"
"6595","oht_time_avg","2026-04-15 18:01:09.060+0900","N","","","","MIN","4ACM4701","0.16","REP","2026-04-15 18:01"
"6606","oht_time_avg","2026-04-15 18:01:09.537+0900","N","","","","HOUR","4ACM4701","0.0","COMPLETED","2026-04-15 18:00"
"6605","oht_time_avg","2026-04-15 18:01:09.537+0900","N","","","","HOUR","4ACM4701","7.06","DESPOSITED","2026-04-15 18:00"
"6604","oht_time_avg","2026-04-15 18:01:09.537+0900","N","","","","HOUR","4ACM4701","132.4","TRANSFERRING","2026-04-15 18:00"
"6603","oht_time_avg","2026-04-15 18:01:09.537+0900","N","","","","HOUR","4ACM4701","31.46","ACQUIRED","2026-04-15 18:00"
"6602","oht_time_avg","2026-04-15 18:01:09.537+0900","N","","","","HOUR","4ACM4701","11.88","ASSIGN","2026-04-15 18:00"
"6601","oht_time_avg","2026-04-15 18:01:09.537+0900","N","","","","HOUR","4ACM4701","0.18","REP","2026-04-15 18:00"
"6612","oht_time_avg","2026-04-15 18:02:06.621+0900","N","","","","MIN","4ACM4701","0.0","COMPLETED","2026-04-15 18:02"
"6611","oht_time_avg","2026-04-15 18:02:06.621+0900","N","","","","MIN","4ACM4701","7.34","DESPOSITED","2026-04-15 18:02"
"6610","oht_time_avg","2026-04-15 18:02:06.621+0900","N","","","","MIN","4ACM4701","134.53","TRANSFERRING","2026-04-15 18:02"
"6609","oht_time_avg","2026-04-15 18:02:06.621+0900","N","","","","MIN","4ACM4701","33.89","ACQUIRED","2026-04-15 18:02"
"6608","oht_time_avg","2026-04-15 18:02:06.621+0900","N","","","","MIN","4ACM4701","15.6","ASSIGN","2026-04-15 18:02"
"6607","oht_time_avg","2026-04-15 18:02:06.621+0900","N","","","","MIN","4ACM4701","0.17","REP","2026-04-15 18:02"
"6618","oht_time_avg","2026-04-15 18:03:06.910+0900","N","","","","MIN","4ACM4701","0.0","COMPLETED","2026-04-15 18:03"
"6617","oht_time_avg","2026-04-15 18:03:06.910+0900","N","","","","MIN","4ACM4701","7.06","DESPOSITED","2026-04-15 18:03"
"6616","oht_time_avg","2026-04-15 18:03:06.910+0900","N","","","","MIN","4ACM4701","136.34","TRANSFERRING","2026-04-15 18:03"
"6615","oht_time_avg","2026-04-15 18:03:06.910+0900","N","","","","MIN","4ACM4701","34.84","ACQUIRED","2026-04-15 18:03"
"6614","oht_time_avg","2026-04-15 18:03:06.910+0900","N","","","","MIN","4ACM4701","14.64","ASSIGN","2026-04-15 18:03"
"6613","oht_time_avg","2026-04-15 18:03:06.910+0900","N","","","","MIN","4ACM4701","0.18","REP","2026-04-15 18:03"
"6624","oht_time_avg","2026-04-15 18:04:07.471+0900","N","","","","MIN","4ACM4701","0.0","COMPLETED","2026-04-15 18:04"
"6623","oht_time_avg","2026-04-15 18:04:07.471+0900","N","","","","MIN","4ACM4701","7.41","DESPOSITED","2026-04-15 18:04"
"6622","oht_time_avg","2026-04-15 18:04:07.471+0900","N","","","","MIN","4ACM4701","137.51","TRANSFERRING","2026-04-15 18:04"
"6621","oht_time_avg","2026-04-15 18:04:07.471+0900","N","","","","MIN","4ACM4701","34.32","ACQUIRED","2026-04-15 18:04"
"6620","oht_time_avg","2026-04-15 18:04:07.471+0900","N","","","","MIN","4ACM4701","13.89","ASSIGN","2026-04-15 18:04"
"6619","oht_time_avg","2026-04-15 18:04:07.471+0900","N","","","","MIN","4ACM4701","0.17","REP","2026-04-15 18:04"
"6630","oht_time_avg","2026-04-15 18:05:08.168+0900","N","","","","MIN","4ACM4701","2.92","COMPLETED","2026-04-15 18:05"
"6629","oht_time_avg","2026-04-15 18:05:08.168+0900","N","","","","MIN","4ACM4701","7.38","DESPOSITED","2026-04-15 18:05"
"6628","oht_time_avg","2026-04-15 18:05:08.168+0900","N","","","","MIN","4ACM4701","131.77","TRANSFERRING","2026-04-15 18:05"
"6627","oht_time_avg","2026-04-15 18:05:08.168+0900","N","","","","MIN","4ACM4701","33.93","ACQUIRED","2026-04-15 18:05"
"6626","oht_time_avg","2026-04-15 18:05:08.168+0900","N","","","","MIN","4ACM4701","12.76","ASSIGN","2026-04-15 18:05"
"6625","oht_time_avg","2026-04-15 18:05:08.168+0900","N","","","","MIN","4ACM4701","0.17","REP","2026-04-15 18:05"
"6636","oht_time_avg","2026-04-15 18:06:06.716+0900","N","","","","MIN","4ACM4701","1.91","COMPLETED","2026-04-15 18:06"
"6635","oht_time_avg","2026-04-15 18:06:06.716+0900","N","","","","MIN","4ACM4701","7.33","DESPOSITED","2026-04-15 18:06"
"6634","oht_time_avg","2026-04-15 18:06:06.716+0900","N","","","","MIN","4ACM4701","137.9","TRANSFERRING","2026-04-15 18:06"
"6633","oht_time_avg","2026-04-15 18:06:06.716+0900","N","","","","MIN","4ACM4701","33.61","ACQUIRED","2026-04-15 18:06"
"6632","oht_time_avg","2026-04-15 18:06:06.716+0900","N","","","","MIN","4ACM4701","15.59","ASSIGN","2026-04-15 18:06"
"6631","oht_time_avg","2026-04-15 18:06:06.716+0900","N","","","","MIN","4ACM4701","0.18","REP","2026-04-15 18:06"
"6642","oht_time_avg","2026-04-15 18:07:06.822+0900","N","","","","MIN","4ACM4701","0.0","COMPLETED","2026-04-15 18:07"
"6641","oht_time_avg","2026-04-15 18:07:06.822+0900","N","","","","MIN","4ACM4701","7.22","DESPOSITED","2026-04-15 18:07"
"6640","oht_time_avg","2026-04-15 18:07:06.822+0900","N","","","","MIN","4ACM4701","145.12","TRANSFERRING","2026-04-15 18:07"
"6639","oht_time_avg","2026-04-15 18:07:06.822+0900","N","","","","MIN","4ACM4701","36.16","ACQUIRED","2026-04-15 18:07"
"6638","oht_time_avg","2026-04-15 18:07:06.822+0900","N","","","","MIN","4ACM4701","13.5","ASSIGN","2026-04-15 18:07"
"6637","oht_time_avg","2026-04-15 18:07:06.822+0900","N","","","","MIN","4ACM4701","0.19","REP","2026-04-15 18:07"
"6648","oht_time_avg","2026-04-15 18:08:08.115+0900","N","","","","MIN","4ACM4701","6.94","COMPLETED","2026-04-15 18:08"
"6647","oht_time_avg","2026-04-15 18:08:08.115+0900","N","","","","MIN","4ACM4701","7.12","DESPOSITED","2026-04-15 18:08"
"6646","oht_time_avg","2026-04-15 18:08:08.115+0900","N","","","","MIN","4ACM4701","136.41","TRANSFERRING","2026-04-15 18:08"
"6645","oht_time_avg","2026-04-15 18:08:08.115+0900","N","","","","MIN","4ACM4701","33.82","ACQUIRED","2026-04-15 18:08"
"6644","oht_time_avg","2026-04-15 18:08:08.115+0900","N","","","","MIN","4ACM4701","12.83","ASSIGN","2026-04-15 18:08"
"6643","oht_time_avg","2026-04-15 18:08:08.115+0900","N","","","","MIN","4ACM4701","0.16","REP","2026-04-15 18:08"
"6654","oht_time_avg","2026-04-15 18:09:06.890+0900","N","","","","MIN","4ACM4701","15.29","COMPLETED","2026-04-15 18:09"
"6653","oht_time_avg","2026-04-15 18:09:06.890+0900","N","","","","MIN","4ACM4701","7.22","DESPOSITED","2026-04-15 18:09"
"6652","oht_time_avg","2026-04-15 18:09:06.890+0900","N","","","","MIN","4ACM4701","128.39","TRANSFERRING","2026-04-15 18:09"
"6651","oht_time_avg","2026-04-15 18:09:06.890+0900","N","","","","MIN","4ACM4701","32.86","ACQUIRED","2026-04-15 18:09"
"6650","oht_time_avg","2026-04-15 18:09:06.890+0900","N","","","","MIN","4ACM4701","11.99","ASSIGN","2026-04-15 18:09"
"6649","oht_time_avg","2026-04-15 18:09:06.890+0900","N","","","","MIN","4ACM4701","0.17","REP","2026-04-15 18:09"
"6660","oht_time_avg","2026-04-15 18:10:07.652+0900","N","","","","MIN","4ACM4701","0.0","COMPLETED","2026-04-15 18:10"
"6659","oht_time_avg","2026-04-15 18:10:07.652+0900","N","","","","MIN","4ACM4701","7.26","DESPOSITED","2026-04-15 18:10"
"6658","oht_time_avg","2026-04-15 18:10:07.652+0900","N","","","","MIN","4ACM4701","127.78","TRANSFERRING","2026-04-15 18:10"
"6657","oht_time_avg","2026-04-15 18:10:07.652+0900","N","","","","MIN","4ACM4701","33.66","ACQUIRED","2026-04-15 18:10"
"6656","oht_time_avg","2026-04-15 18:10:07.652+0900","N","","","","MIN","4ACM4701","13.82","ASSIGN","2026-04-15 18:10"
"6655","oht_time_avg","2026-04-15 18:10:07.652+0900","N","","","","MIN","4ACM4701","0.21","REP","2026-04-15 18:10"
"6666","oht_time_avg","2026-04-15 18:11:07.200+0900","N","","","","MIN","4ACM4701","0.0","COMPLETED","2026-04-15 18:11"
"6665","oht_time_avg","2026-04-15 18:11:07.200+0900","N","","","","MIN","4ACM4701","7.33","DESPOSITED","2026-04-15 18:11"
"6664","oht_time_avg","2026-04-15 18:11:07.200+0900","N","","","","MIN","4ACM4701","128.45","TRANSFERRING","2026-04-15 18:11"
"6663","oht_time_avg","2026-04-15 18:11:07.200+0900","N","","","","MIN","4ACM4701","31.37","ACQUIRED","2026-04-15 18:11"
"6662","oht_time_avg","2026-04-15 18:11:07.200+0900","N","","","","MIN","4ACM4701","11.98","ASSIGN","2026-04-15 18:11"
"6661","oht_time_avg","2026-04-15 18:11:07.200+0900","N","","","","MIN","4ACM4701","0.15","REP","2026-04-15 18:11"
"6672","oht_time_avg","2026-04-15 18:12:07.298+0900","N","","","","MIN","4ACM4701","0.0","COMPLETED","2026-04-15 18:12"
"6671","oht_time_avg","2026-04-15 18:12:07.298+0900","N","","","","MIN","4ACM4701","7.66","DESPOSITED","2026-04-15 18:12"
"6670","oht_time_avg","2026-04-15 18:12:07.298+0900","N","","","","MIN","4ACM4701","139.05","TRANSFERRING","2026-04-15 18:12"
"6669","oht_time_avg","2026-04-15 18:12:07.298+0900","N","","","","MIN","4ACM4701","31.56","ACQUIRED","2026-04-15 18:12"
"6668","oht_time_avg","2026-04-15 18:12:07.298+0900","N","","","","MIN","4ACM4701","12.18","ASSIGN","2026-04-15 18:12"
"6667","oht_time_avg","2026-04-15 18:12:07.298+0900","N","","","","MIN","4ACM4701","0.18","REP","2026-04-15 18:12"
"6678","oht_time_avg","2026-04-15 18:13:06.515+0900","N","","","","MIN","4ACM4701","0.0","COMPLETED","2026-04-15 18:13"
"6677","oht_time_avg","2026-04-15 18:13:06.515+0900","N","","","","MIN","4ACM4701","7.3","DESPOSITED","2026-04-15 18:13"
"6676","oht_time_avg","2026-04-15 18:13:06.515+0900","N","","","","MIN","4ACM4701","132.27","TRANSFERRING","2026-04-15 18:13"
"6675","oht_time_avg","2026-04-15 18:13:06.515+0900","N","","","","MIN","4ACM4701","30.04","ACQUIRED","2026-04-15 18:13"
"6674","oht_time_avg","2026-04-15 18:13:06.515+0900","N","","","","MIN","4ACM4701","10.71","ASSIGN","2026-04-15 18:13"
"6673","oht_time_avg","2026-04-15 18:13:06.515+0900","N","","","","MIN","4ACM4701","0.14","REP","2026-04-15 18:13"
"6684","oht_time_avg","2026-04-15 18:14:07.663+0900","N","","","","MIN","4ACM4701","0.0","COMPLETED","2026-04-15 18:14"
"6683","oht_time_avg","2026-04-15 18:14:07.663+0900","N","","","","MIN","4ACM4701","7.06","DESPOSITED","2026-04-15 18:14"
"6682","oht_time_avg","2026-04-15 18:14:07.663+0900","N","","","","MIN","4ACM4701","134.87","TRANSFERRING","2026-04-15 18:14"
"6681","oht_time_avg","2026-04-15 18:14:07.663+0900","N","","","","MIN","4ACM4701","32.18","ACQUIRED","2026-04-15 18:14"
"6680","oht_time_avg","2026-04-15 18:14:07.663+0900","N","","","","MIN","4ACM4701","10.98","ASSIGN","2026-04-15 18:14"
"6679","oht_time_avg","2026-04-15 18:14:07.663+0900","N","","","","MIN","4ACM4701","0.16","REP","2026-04-15 18:14"
"6690","oht_time_avg","2026-04-15 18:15:07.977+0900","N","","","","MIN","4ACM4701","0.0","COMPLETED","2026-04-15 18:15"
"6689","oht_time_avg","2026-04-15 18:15:07.977+0900","N","","","","MIN","4ACM4701","7.02","DESPOSITED","2026-04-15 18:15"
"6688","oht_time_avg","2026-04-15 18:15:07.977+0900","N","","","","MIN","4ACM4701","129.38","TRANSFERRING","2026-04-15 18:15"
"6687","oht_time_avg","2026-04-15 18:15:07.977+0900","N","","","","MIN","4ACM4701","29.16","ACQUIRED","2026-04-15 18:15"
"6686","oht_time_avg","2026-04-15 18:15:07.977+0900","N","","","","MIN","4ACM4701","11.5","ASSIGN","2026-04-15 18:15"
"6685","oht_time_avg","2026-04-15 18:15:07.977+0900","N","","","","MIN","4ACM4701","0.14","REP","2026-04-15 18:15"
"6696","oht_time_avg","2026-04-15 18:16:06.623+0900","N","","","","MIN","4ACM4701","0.0","COMPLETED","2026-04-15 18:16"
"6695","oht_time_avg","2026-04-15 18:16:06.623+0900","N","","","","MIN","4ACM4701","7.13","DESPOSITED","2026-04-15 18:16"
"6694","oht_time_avg","2026-04-15 18:16:06.623+0900","N","","","","MIN","4ACM4701","135.41","TRANSFERRING","2026-04-15 18:16"
"6693","oht_time_avg","2026-04-15 18:16:06.623+0900","N","","","","MIN","4ACM4701","31.79","ACQUIRED","2026-04-15 18:16"
"6692","oht_time_avg","2026-04-15 18:16:06.623+0900","N","","","","MIN","4ACM4701","12.34","ASSIGN","2026-04-15 18:16"
"6691","oht_time_avg","2026-04-15 18:16:06.623+0900","N","","","","MIN","4ACM4701","0.65","REP","2026-04-15 18:16"
"6702","oht_time_avg","2026-04-15 18:17:07.274+0900","N","","","","MIN","4ACM4701","0.0","COMPLETED","2026-04-15 18:17"
"6701","oht_time_avg","2026-04-15 18:17:07.274+0900","N","","","","MIN","4ACM4701","7.39","DESPOSITED","2026-04-15 18:17"
"6700","oht_time_avg","2026-04-15 18:17:07.274+0900","N","","","","MIN","4ACM4701","140.14","TRANSFERRING","2026-04-15 18:17"
"6699","oht_time_avg","2026-04-15 18:17:07.274+0900","N","","","","MIN","4ACM4701","32.98","ACQUIRED","2026-04-15 18:17"
"6698","oht_time_avg","2026-04-15 18:17:07.274+0900","N","","","","MIN","4ACM4701","12.45","ASSIGN","2026-04-15 18:17"
"6697","oht_time_avg","2026-04-15 18:17:07.274+0900","N","","","","MIN","4ACM4701","0.19","REP","2026-04-15 18:17"
"6708","oht_time_avg","2026-04-15 18:18:07.337+0900","N","","","","MIN","4ACM4701","0.0","COMPLETED","2026-04-15 18:18"
"6707","oht_time_avg","2026-04-15 18:18:07.337+0900","N","","","","MIN","4ACM4701","7.16","DESPOSITED","2026-04-15 18:18"
"6706","oht_time_avg","2026-04-15 18:18:07.337+0900","N","","","","MIN","4ACM4701","130.12","TRANSFERRING","2026-04-15 18:18"
"6705","oht_time_avg","2026-04-15 18:18:07.337+0900","N","","","","MIN","4ACM4701","31.82","ACQUIRED","2026-04-15 18:18"
"6704","oht_time_avg","2026-04-15 18:18:07.337+0900","N","","","","MIN","4ACM4701","10.57","ASSIGN","2026-04-15 18:18"
"6703","oht_time_avg","2026-04-15 18:18:07.337+0900","N","","","","MIN","4ACM4701","0.16","REP","2026-04-15 18:18"
"6714","oht_time_avg","2026-04-15 18:19:07.266+0900","N","","","","MIN","4ACM4701","2.29","COMPLETED","2026-04-15 18:19"
"6713","oht_time_avg","2026-04-15 18:19:07.266+0900","N","","","","MIN","4ACM4701","7.0","DESPOSITED","2026-04-15 18:19"
"6712","oht_time_avg","2026-04-15 18:19:07.266+0900","N","","","","MIN","4ACM4701","122.68","TRANSFERRING","2026-04-15 18:19"
"6711","oht_time_avg","2026-04-15 18:19:07.266+0900","N","","","","MIN","4ACM4701","32.27","ACQUIRED","2026-04-15 18:19"
"6710","oht_time_avg","2026-04-15 18:19:07.266+0900","N","","","","MIN","4ACM4701","10.84","ASSIGN","2026-04-15 18:19"
"6709","oht_time_avg","2026-04-15 18:19:07.266+0900","N","","","","MIN","4ACM4701","0.15","REP","2026-04-15 18:19"
"6720","oht_time_avg","2026-04-15 18:20:08.457+0900","N","","","","MIN","4ACM4701","0.0","COMPLETED","2026-04-15 18:20"
"6719","oht_time_avg","2026-04-15 18:20:08.457+0900","N","","","","MIN","4ACM4701","7.24","DESPOSITED","2026-04-15 18:20"
"6718","oht_time_avg","2026-04-15 18:20:08.457+0900","N","","","","MIN","4ACM4701","127.8","TRANSFERRING","2026-04-15 18:20"
"6717","oht_time_avg","2026-04-15 18:20:08.457+0900","N","","","","MIN","4ACM4701","34.16","ACQUIRED","2026-04-15 18:20"
"6716","oht_time_avg","2026-04-15 18:20:08.457+0900","N","","","","MIN","4ACM4701","9.33","ASSIGN","2026-04-15 18:20"
"6715","oht_time_avg","2026-04-15 18:20:08.457+0900","N","","","","MIN","4ACM4701","0.6","REP","2026-04-15 18:20"
"6726","oht_time_avg","2026-04-15 18:21:06.872+0900","N","","","","MIN","4ACM4701","0.0","COMPLETED","2026-04-15 18:21"
"6725","oht_time_avg","2026-04-15 18:21:06.872+0900","N","","","","MIN","4ACM4701","7.3","DESPOSITED","2026-04-15 18:21"
"6724","oht_time_avg","2026-04-15 18:21:06.872+0900","N","","","","MIN","4ACM4701","131.65","TRANSFERRING","2026-04-15 18:21"
"6723","oht_time_avg","2026-04-15 18:21:06.872+0900","N","","","","MIN","4ACM4701","32.93","ACQUIRED","2026-04-15 18:21"
"6722","oht_time_avg","2026-04-15 18:21:06.872+0900","N","","","","MIN","4ACM4701","10.06","ASSIGN","2026-04-15 18:21"
"6721","oht_time_avg","2026-04-15 18:21:06.872+0900","N","","","","MIN","4ACM4701","0.15","REP","2026-04-15 18:21"
"6732","oht_time_avg","2026-04-15 18:22:06.642+0900","N","","","","MIN","4ACM4701","0.0","COMPLETED","2026-04-15 18:22"
"6731","oht_time_avg","2026-04-15 18:22:06.642+0900","N","","","","MIN","4ACM4701","7.15","DESPOSITED","2026-04-15 18:22"
"6730","oht_time_avg","2026-04-15 18:22:06.642+0900","N","","","","MIN","4ACM4701","138.5","TRANSFERRING","2026-04-15 18:22"
"6729","oht_time_avg","2026-04-15 18:22:06.642+0900","N","","","","MIN","4ACM4701","30.65","ACQUIRED","2026-04-15 18:22"
"6728","oht_time_avg","2026-04-15 18:22:06.642+0900","N","","","","MIN","4ACM4701","11.21","ASSIGN","2026-04-15 18:22"
"6727","oht_time_avg","2026-04-15 18:22:06.642+0900","N","","","","MIN","4ACM4701","0.15","REP","2026-04-15 18:22"
"6738","oht_time_avg","2026-04-15 18:23:06.888+0900","N","","","","MIN","4ACM4701","0.0","COMPLETED","2026-04-15 18:23"
"6737","oht_time_avg","2026-04-15 18:23:06.888+0900","N","","","","MIN","4ACM4701","7.23","DESPOSITED","2026-04-15 18:23"
"6736","oht_time_avg","2026-04-15 18:23:06.888+0900","N","","","","MIN","4ACM4701","134.34","TRANSFERRING","2026-04-15 18:23"
"6735","oht_time_avg","2026-04-15 18:23:06.888+0900","N","","","","MIN","4ACM4701","29.01","ACQUIRED","2026-04-15 18:23"
"6734","oht_time_avg","2026-04-15 18:23:06.888+0900","N","","","","MIN","4ACM4701","10.81","ASSIGN","2026-04-15 18:23"
"6733","oht_time_avg","2026-04-15 18:23:06.888+0900","N","","","","MIN","4ACM4701","0.15","REP","2026-04-15 18:23"
"6744","oht_time_avg","2026-04-15 18:24:08.106+0900","N","","","","MIN","4ACM4701","0.0","COMPLETED","2026-04-15 18:24"
"6743","oht_time_avg","2026-04-15 18:24:08.106+0900","N","","","","MIN","4ACM4701","7.27","DESPOSITED","2026-04-15 18:24"
"6742","oht_time_avg","2026-04-15 18:24:08.106+0900","N","","","","MIN","4ACM4701","127.42","TRANSFERRING","2026-04-15 18:24"
"6741","oht_time_avg","2026-04-15 18:24:08.106+0900","N","","","","MIN","4ACM4701","32.57","ACQUIRED","2026-04-15 18:24"
"6740","oht_time_avg","2026-04-15 18:24:08.106+0900","N","","","","MIN","4ACM4701","12.11","ASSIGN","2026-04-15 18:24"
"6739","oht_time_avg","2026-04-15 18:24:08.106+0900","N","","","","MIN","4ACM4701","0.16","REP","2026-04-15 18:24"
"6750","oht_time_avg","2026-04-15 18:25:07.193+0900","N","","","","MIN","4ACM4701","0.0","COMPLETED","2026-04-15 18:25"
"6749","oht_time_avg","2026-04-15 18:25:07.193+0900","N","","","","MIN","4ACM4701","7.16","DESPOSITED","2026-04-15 18:25"
"6748","oht_time_avg","2026-04-15 18:25:07.193+0900","N","","","","MIN","4ACM4701","127.32","TRANSFERRING","2026-04-15 18:25"
"6747","oht_time_avg","2026-04-15 18:25:07.193+0900","N","","","","MIN","4ACM4701","31.47","ACQUIRED","2026-04-15 18:25"
"6746","oht_time_avg","2026-04-15 18:25:07.193+0900","N","","","","MIN","4ACM4701","11.28","ASSIGN","2026-04-15 18:25"
"6745","oht_time_avg","2026-04-15 18:25:07.193+0900","N","","","","MIN","4ACM4701","0.14","REP","2026-04-15 18:25"
"6756","oht_time_avg","2026-04-15 18:26:07.276+0900","N","","","","MIN","4ACM4701","0.0","COMPLETED","2026-04-15 18:26"
"6755","oht_time_avg","2026-04-15 18:26:07.276+0900","N","","","","MIN","4ACM4701","7.33","DESPOSITED","2026-04-15 18:26"
"6754","oht_time_avg","2026-04-15 18:26:07.276+0900","N","","","","MIN","4ACM4701","131.15","TRANSFERRING","2026-04-15 18:26"
"6753","oht_time_avg","2026-04-15 18:26:07.276+0900","N","","","","MIN","4ACM4701","32.71","ACQUIRED","2026-04-15 18:26"
"6752","oht_time_avg","2026-04-15 18:26:07.276+0900","N","","","","MIN","4ACM4701","12.5","ASSIGN","2026-04-15 18:26"
"6751","oht_time_avg","2026-04-15 18:26:07.276+0900","N","","","","MIN","4ACM4701","2.18","REP","2026-04-15 18:26"
"6762","oht_time_avg","2026-04-15 18:27:07.295+0900","N","","","","MIN","4ACM4701","0.0","COMPLETED","2026-04-15 18:27"
"6761","oht_time_avg","2026-04-15 18:27:07.295+0900","N","","","","MIN","4ACM4701","7.25","DESPOSITED","2026-04-15 18:27"
"6760","oht_time_avg","2026-04-15 18:27:07.295+0900","N","","","","MIN","4ACM4701","128.65","TRANSFERRING","2026-04-15 18:27"
"6759","oht_time_avg","2026-04-15 18:27:07.295+0900","N","","","","MIN","4ACM4701","33.89","ACQUIRED","2026-04-15 18:27"
"6758","oht_time_avg","2026-04-15 18:27:07.295+0900","N","","","","MIN","4ACM4701","12.35","ASSIGN","2026-04-15 18:27"
"6757","oht_time_avg","2026-04-15 18:27:07.295+0900","N","","","","MIN","4ACM4701","0.16","REP","2026-04-15 18:27"
"6768","oht_time_avg","2026-04-15 18:28:07.001+0900","N","","","","MIN","4ACM4701","0.0","COMPLETED","2026-04-15 18:28"
"6767","oht_time_avg","2026-04-15 18:28:07.001+0900","N","","","","MIN","4ACM4701","7.34","DESPOSITED","2026-04-15 18:28"
"6766","oht_time_avg","2026-04-15 18:28:07.001+0900","N","","","","MIN","4ACM4701","130.19","TRANSFERRING","2026-04-15 18:28"
"6765","oht_time_avg","2026-04-15 18:28:07.001+0900","N","","","","MIN","4ACM4701","33.61","ACQUIRED","2026-04-15 18:28"
"6764","oht_time_avg","2026-04-15 18:28:07.001+0900","N","","","","MIN","4ACM4701","11.97","ASSIGN","2026-04-15 18:28"
"6763","oht_time_avg","2026-04-15 18:28:07.001+0900","N","","","","MIN","4ACM4701","0.18","REP","2026-04-15 18:28"
"6774","oht_time_avg","2026-04-15 18:29:09.422+0900","N","","","","MIN","4ACM4701","0.0","COMPLETED","2026-04-15 18:29"
"6773","oht_time_avg","2026-04-15 18:29:09.422+0900","N","","","","MIN","4ACM4701","7.28","DESPOSITED","2026-04-15 18:29"
"6772","oht_time_avg","2026-04-15 18:29:09.422+0900","N","","","","MIN","4ACM4701","131.95","TRANSFERRING","2026-04-15 18:29"
"6771","oht_time_avg","2026-04-15 18:29:09.422+0900","N","","","","MIN","4ACM4701","35.62","ACQUIRED","2026-04-15 18:29"
"6770","oht_time_avg","2026-04-15 18:29:09.422+0900","N","","","","MIN","4ACM4701","15.27","ASSIGN","2026-04-15 18:29"
"6769","oht_time_avg","2026-04-15 18:29:09.422+0900","N","","","","MIN","4ACM4701","0.18","REP","2026-04-15 18:29"
"6780","oht_time_avg","2026-04-15 18:30:08.014+0900","N","","","","MIN","4ACM4701","0.0","COMPLETED","2026-04-15 18:30"
"6779","oht_time_avg","2026-04-15 18:30:08.014+0900","N","","","","MIN","4ACM4701","6.91","DESPOSITED","2026-04-15 18:30"
"6778","oht_time_avg","2026-04-15 18:30:08.014+0900","N","","","","MIN","4ACM4701","130.25","TRANSFERRING","2026-04-15 18:30"
"6777","oht_time_avg","2026-04-15 18:30:08.014+0900","N","","","","MIN","4ACM4701","33.26","ACQUIRED","2026-04-15 18:30"
"6776","oht_time_avg","2026-04-15 18:30:08.014+0900","N","","","","MIN","4ACM4701","13.18","ASSIGN","2026-04-15 18:30"
"6775","oht_time_avg","2026-04-15 18:30:08.014+0900","N","","","","MIN","4ACM4701","0.16","REP","2026-04-15 18:30"
"6786","oht_time_avg","2026-04-15 18:31:08.512+0900","N","","","","MIN","4ACM4701","0.0","COMPLETED","2026-04-15 18:31"
"6785","oht_time_avg","2026-04-15 18:31:08.512+0900","N","","","","MIN","4ACM4701","7.32","DESPOSITED","2026-04-15 18:31"
"6784","oht_time_avg","2026-04-15 18:31:08.512+0900","N","","","","MIN","4ACM4701","132.44","TRANSFERRING","2026-04-15 18:31"
"6783","oht_time_avg","2026-04-15 18:31:08.512+0900","N","","","","MIN","4ACM4701","33.04","ACQUIRED","2026-04-15 18:31"
"6782","oht_time_avg","2026-04-15 18:31:08.512+0900","N","","","","MIN","4ACM4701","15.31","ASSIGN","2026-04-15 18:31"
"6781","oht_time_avg","2026-04-15 18:31:08.512+0900","N","","","","MIN","4ACM4701","0.22","REP","2026-04-15 18:31"
"6792","oht_time_avg","2026-04-15 18:32:10.080+0900","N","","","","MIN","4ACM4701","0.0","COMPLETED","2026-04-15 18:32"
"6791","oht_time_avg","2026-04-15 18:32:10.080+0900","N","","","","MIN","4ACM4701","7.17","DESPOSITED","2026-04-15 18:32"
"6790","oht_time_avg","2026-04-15 18:32:10.080+0900","N","","","","MIN","4ACM4701","135.9","TRANSFERRING","2026-04-15 18:32"
"6789","oht_time_avg","2026-04-15 18:32:10.080+0900","N","","","","MIN","4ACM4701","35.26","ACQUIRED","2026-04-15 18:32"
"6788","oht_time_avg","2026-04-15 18:32:10.080+0900","N","","","","MIN","4ACM4701","14.29","ASSIGN","2026-04-15 18:32"
"6787","oht_time_avg","2026-04-15 18:32:10.080+0900","N","","","","MIN","4ACM4701","0.18","REP","2026-04-15 18:32"
"6798","oht_time_avg","2026-04-15 18:33:06.693+0900","N","","","","MIN","4ACM4701","0.0","COMPLETED","2026-04-15 18:33"
"6797","oht_time_avg","2026-04-15 18:33:06.693+0900","N","","","","MIN","4ACM4701","7.04","DESPOSITED","2026-04-15 18:33"
"6796","oht_time_avg","2026-04-15 18:33:06.693+0900","N","","","","MIN","4ACM4701","132.52","TRANSFERRING","2026-04-15 18:33"
"6795","oht_time_avg","2026-04-15 18:33:06.693+0900","N","","","","MIN","4ACM4701","33.75","ACQUIRED","2026-04-15 18:33"
"6794","oht_time_avg","2026-04-15 18:33:06.693+0900","N","","","","MIN","4ACM4701","12.37","ASSIGN","2026-04-15 18:33"
"6793","oht_time_avg","2026-04-15 18:33:06.693+0900","N","","","","MIN","4ACM4701","0.17","REP","2026-04-15 18:33"
"6804","oht_time_avg","2026-04-15 18:34:06.733+0900","N","","","","MIN","4ACM4701","0.0","COMPLETED","2026-04-15 18:34"
"6803","oht_time_avg","2026-04-15 18:34:06.733+0900","N","","","","MIN","4ACM4701","7.1","DESPOSITED","2026-04-15 18:34"
"6802","oht_time_avg","2026-04-15 18:34:06.733+0900","N","","","","MIN","4ACM4701","134.38","TRANSFERRING","2026-04-15 18:34"
"6801","oht_time_avg","2026-04-15 18:34:06.733+0900","N","","","","MIN","4ACM4701","30.67","ACQUIRED","2026-04-15 18:34"
"6800","oht_time_avg","2026-04-15 18:34:06.733+0900","N","","","","MIN","4ACM4701","12.55","ASSIGN","2026-04-15 18:34"
"6799","oht_time_avg","2026-04-15 18:34:06.733+0900","N","","","","MIN","4ACM4701","0.2","REP","2026-04-15 18:34"
"6810","oht_time_avg","2026-04-15 18:35:07.085+0900","N","","","","MIN","4ACM4701","0.0","COMPLETED","2026-04-15 18:35"
"6809","oht_time_avg","2026-04-15 18:35:07.085+0900","N","","","","MIN","4ACM4701","7.03","DESPOSITED","2026-04-15 18:35"
"6808","oht_time_avg","2026-04-15 18:35:07.085+0900","N","","","","MIN","4ACM4701","130.47","TRANSFERRING","2026-04-15 18:35"
"6807","oht_time_avg","2026-04-15 18:35:07.085+0900","N","","","","MIN","4ACM4701","32.24","ACQUIRED","2026-04-15 18:35"
"6806","oht_time_avg","2026-04-15 18:35:07.085+0900","N","","","","MIN","4ACM4701","15.35","ASSIGN","2026-04-15 18:35"
"6805","oht_time_avg","2026-04-15 18:35:07.085+0900","N","","","","MIN","4ACM4701","0.15","REP","2026-04-15 18:35"
"6816","oht_time_avg","2026-04-15 18:36:07.044+0900","N","","","","MIN","4ACM4701","0.0","COMPLETED","2026-04-15 18:36"
"6815","oht_time_avg","2026-04-15 18:36:07.044+0900","N","","","","MIN","4ACM4701","7.45","DESPOSITED","2026-04-15 18:36"
"6814","oht_time_avg","2026-04-15 18:36:07.044+0900","N","","","","MIN","4ACM4701","134.95","TRANSFERRING","2026-04-15 18:36"
"6813","oht_time_avg","2026-04-15 18:36:07.044+0900","N","","","","MIN","4ACM4701","33.53","ACQUIRED","2026-04-15 18:36"
"6812","oht_time_avg","2026-04-15 18:36:07.044+0900","N","","","","MIN","4ACM4701","10.62","ASSIGN","2026-04-15 18:36"
"6811","oht_time_avg","2026-04-15 18:36:07.044+0900","N","","","","MIN","4ACM4701","0.19","REP","2026-04-15 18:36"
"6822","oht_time_avg","2026-04-15 18:37:08.635+0900","N","","","","MIN","4ACM4701","0.0","COMPLETED","2026-04-15 18:37"
"6821","oht_time_avg","2026-04-15 18:37:08.635+0900","N","","","","MIN","4ACM4701","7.19","DESPOSITED","2026-04-15 18:37"
"6820","oht_time_avg","2026-04-15 18:37:08.635+0900","N","","","","MIN","4ACM4701","135.99","TRANSFERRING","2026-04-15 18:37"
"6819","oht_time_avg","2026-04-15 18:37:08.635+0900","N","","","","MIN","4ACM4701","32.62","ACQUIRED","2026-04-15 18:37"
"6818","oht_time_avg","2026-04-15 18:37:08.635+0900","N","","","","MIN","4ACM4701","11.15","ASSIGN","2026-04-15 18:37"
"6817","oht_time_avg","2026-04-15 18:37:08.635+0900","N","","","","MIN","4ACM4701","0.17","REP","2026-04-15 18:37"
"6828","oht_time_avg","2026-04-15 18:38:08.690+0900","N","","","","MIN","4ACM4701","0.0","COMPLETED","2026-04-15 18:38"
"6827","oht_time_avg","2026-04-15 18:38:08.690+0900","N","","","","MIN","4ACM4701","7.18","DESPOSITED","2026-04-15 18:38"
"6826","oht_time_avg","2026-04-15 18:38:08.690+0900","N","","","","MIN","4ACM4701","132.85","TRANSFERRING","2026-04-15 18:38"
"6825","oht_time_avg","2026-04-15 18:38:08.690+0900","N","","","","MIN","4ACM4701","32.36","ACQUIRED","2026-04-15 18:38"
"6824","oht_time_avg","2026-04-15 18:38:08.690+0900","N","","","","MIN","4ACM4701","12.55","ASSIGN","2026-04-15 18:38"
"6823","oht_time_avg","2026-04-15 18:38:08.690+0900","N","","","","MIN","4ACM4701","0.18","REP","2026-04-15 18:38"
"6834","oht_time_avg","2026-04-15 18:39:09.839+0900","N","","","","MIN","4ACM4701","0.0","COMPLETED","2026-04-15 18:39"
"6833","oht_time_avg","2026-04-15 18:39:09.839+0900","N","","","","MIN","4ACM4701","7.38","DESPOSITED","2026-04-15 18:39"
"6832","oht_time_avg","2026-04-15 18:39:09.839+0900","N","","","","MIN","4ACM4701","133.85","TRANSFERRING","2026-04-15 18:39"
"6831","oht_time_avg","2026-04-15 18:39:09.839+0900","N","","","","MIN","4ACM4701","34.78","ACQUIRED","2026-04-15 18:39"
"6830","oht_time_avg","2026-04-15 18:39:09.839+0900","N","","","","MIN","4ACM4701","12.91","ASSIGN","2026-04-15 18:39"
"6829","oht_time_avg","2026-04-15 18:39:09.839+0900","N","","","","MIN","4ACM4701","0.16","REP","2026-04-15 18:39"
"6840","oht_time_avg","2026-04-15 18:40:07.190+0900","N","","","","MIN","4ACM4701","0.0","COMPLETED","2026-04-15 18:40"
"6839","oht_time_avg","2026-04-15 18:40:07.190+0900","N","","","","MIN","4ACM4701","7.39","DESPOSITED","2026-04-15 18:40"
"6838","oht_time_avg","2026-04-15 18:40:07.190+0900","N","","","","MIN","4ACM4701","135.62","TRANSFERRING","2026-04-15 18:40"
"6837","oht_time_avg","2026-04-15 18:40:07.190+0900","N","","","","MIN","4ACM4701","34.43","ACQUIRED","2026-04-15 18:40"
"6836","oht_time_avg","2026-04-15 18:40:07.190+0900","N","","","","MIN","4ACM4701","11.49","ASSIGN","2026-04-15 18:40"
"6835","oht_time_avg","2026-04-15 18:40:07.190+0900","N","","","","MIN","4ACM4701","0.16","REP","2026-04-15 18:40"
"6846","oht_time_avg","2026-04-15 18:41:07.021+0900","N","","","","MIN","4ACM4701","0.0","COMPLETED","2026-04-15 18:41"
"6845","oht_time_avg","2026-04-15 18:41:07.021+0900","N","","","","MIN","4ACM4701","7.3","DESPOSITED","2026-04-15 18:41"
"6844","oht_time_avg","2026-04-15 18:41:07.021+0900","N","","","","MIN","4ACM4701","131.95","TRANSFERRING","2026-04-15 18:41"
"6843","oht_time_avg","2026-04-15 18:41:07.021+0900","N","","","","MIN","4ACM4701","35.38","ACQUIRED","2026-04-15 18:41"
"6842","oht_time_avg","2026-04-15 18:41:07.021+0900","N","","","","MIN","4ACM4701","11.74","ASSIGN","2026-04-15 18:41"
"6841","oht_time_avg","2026-04-15 18:41:07.021+0900","N","","","","MIN","4ACM4701","0.15","REP","2026-04-15 18:41"
"6852","oht_time_avg","2026-04-15 18:42:06.358+0900","N","","","","MIN","4ACM4701","0.0","COMPLETED","2026-04-15 18:42"
"6851","oht_time_avg","2026-04-15 18:42:06.358+0900","N","","","","MIN","4ACM4701","7.13","DESPOSITED","2026-04-15 18:42"
"6850","oht_time_avg","2026-04-15 18:42:06.358+0900","N","","","","MIN","4ACM4701","135.48","TRANSFERRING","2026-04-15 18:42"
"6849","oht_time_avg","2026-04-15 18:42:06.358+0900","N","","","","MIN","4ACM4701","31.79","ACQUIRED","2026-04-15 18:42"
"6848","oht_time_avg","2026-04-15 18:42:06.358+0900","N","","","","MIN","4ACM4701","11.34","ASSIGN","2026-04-15 18:42"
"6847","oht_time_avg","2026-04-15 18:42:06.358+0900","N","","","","MIN","4ACM4701","0.17","REP","2026-04-15 18:42"
"6858","oht_time_avg","2026-04-15 18:43:07.720+0900","N","","","","MIN","4ACM4701","0.0","COMPLETED","2026-04-15 18:43"
"6857","oht_time_avg","2026-04-15 18:43:07.720+0900","N","","","","MIN","4ACM4701","7.31","DESPOSITED","2026-04-15 18:43"
"6856","oht_time_avg","2026-04-15 18:43:07.720+0900","N","","","","MIN","4ACM4701","131.09","TRANSFERRING","2026-04-15 18:43"
"6855","oht_time_avg","2026-04-15 18:43:07.720+0900","N","","","","MIN","4ACM4701","30.89","ACQUIRED","2026-04-15 18:43"
"6854","oht_time_avg","2026-04-15 18:43:07.720+0900","N","","","","MIN","4ACM4701","10.48","ASSIGN","2026-04-15 18:43"
"6853","oht_time_avg","2026-04-15 18:43:07.720+0900","N","","","","MIN","4ACM4701","0.16","REP","2026-04-15 18:43"
"6864","oht_time_avg","2026-04-15 18:44:06.462+0900","N","","","","MIN","4ACM4701","0.0","COMPLETED","2026-04-15 18:44"
"6863","oht_time_avg","2026-04-15 18:44:06.462+0900","N","","","","MIN","4ACM4701","7.47","DESPOSITED","2026-04-15 18:44"
"6862","oht_time_avg","2026-04-15 18:44:06.462+0900","N","","","","MIN","4ACM4701","128.74","TRANSFERRING","2026-04-15 18:44"
"6861","oht_time_avg","2026-04-15 18:44:06.462+0900","N","","","","MIN","4ACM4701","30.71","ACQUIRED","2026-04-15 18:44"
"6860","oht_time_avg","2026-04-15 18:44:06.462+0900","N","","","","MIN","4ACM4701","10.38","ASSIGN","2026-04-15 18:44"
"6859","oht_time_avg","2026-04-15 18:44:06.462+0900","N","","","","MIN","4ACM4701","0.2","REP","2026-04-15 18:44"
"6870","oht_time_avg","2026-04-15 18:45:07.423+0900","N","","","","MIN","4ACM4701","0.0","COMPLETED","2026-04-15 18:45"
"6869","oht_time_avg","2026-04-15 18:45:07.423+0900","N","","","","MIN","4ACM4701","7.61","DESPOSITED","2026-04-15 18:45"
"6868","oht_time_avg","2026-04-15 18:45:07.423+0900","N","","","","MIN","4ACM4701","128.89","TRANSFERRING","2026-04-15 18:45"
"6867","oht_time_avg","2026-04-15 18:45:07.423+0900","N","","","","MIN","4ACM4701","32.36","ACQUIRED","2026-04-15 18:45"
"6866","oht_time_avg","2026-04-15 18:45:07.423+0900","N","","","","MIN","4ACM4701","11.19","ASSIGN","2026-04-15 18:45"
"6865","oht_time_avg","2026-04-15 18:45:07.423+0900","N","","","","MIN","4ACM4701","0.24","REP","2026-04-15 18:45"
"6876","oht_time_avg","2026-04-15 18:46:06.608+0900","N","","","","MIN","4ACM4701","0.0","COMPLETED","2026-04-15 18:46"
"6875","oht_time_avg","2026-04-15 18:46:06.608+0900","N","","","","MIN","4ACM4701","7.24","DESPOSITED","2026-04-15 18:46"
"6874","oht_time_avg","2026-04-15 18:46:06.608+0900","N","","","","MIN","4ACM4701","129.53","TRANSFERRING","2026-04-15 18:46"
"6873","oht_time_avg","2026-04-15 18:46:06.608+0900","N","","","","MIN","4ACM4701","33.08","ACQUIRED","2026-04-15 18:46"
"6872","oht_time_avg","2026-04-15 18:46:06.608+0900","N","","","","MIN","4ACM4701","10.84","ASSIGN","2026-04-15 18:46"
"6871","oht_time_avg","2026-04-15 18:46:06.608+0900","N","","","","MIN","4ACM4701","0.15","REP","2026-04-15 18:46"
"6882","oht_time_avg","2026-04-15 18:47:08.300+0900","N","","","","MIN","4ACM4701","0.0","COMPLETED","2026-04-15 18:47"
"6881","oht_time_avg","2026-04-15 18:47:08.300+0900","N","","","","MIN","4ACM4701","7.07","DESPOSITED","2026-04-15 18:47"
"6880","oht_time_avg","2026-04-15 18:47:08.300+0900","N","","","","MIN","4ACM4701","141.46","TRANSFERRING","2026-04-15 18:47"
"6879","oht_time_avg","2026-04-15 18:47:08.300+0900","N","","","","MIN","4ACM4701","31.47","ACQUIRED","2026-04-15 18:47"
"6878","oht_time_avg","2026-04-15 18:47:08.300+0900","N","","","","MIN","4ACM4701","11.74","ASSIGN","2026-04-15 18:47"
"6877","oht_time_avg","2026-04-15 18:47:08.300+0900","N","","","","MIN","4ACM4701","0.18","REP","2026-04-15 18:47"
"6888","oht_time_avg","2026-04-15 18:48:07.021+0900","N","","","","MIN","4ACM4701","0.0","COMPLETED","2026-04-15 18:48"
"6887","oht_time_avg","2026-04-15 18:48:07.021+0900","N","","","","MIN","4ACM4701","7.1","DESPOSITED","2026-04-15 18:48"
"6886","oht_time_avg","2026-04-15 18:48:07.021+0900","N","","","","MIN","4ACM4701","139.94","TRANSFERRING","2026-04-15 18:48"
"6885","oht_time_avg","2026-04-15 18:48:07.021+0900","N","","","","MIN","4ACM4701","31.34","ACQUIRED","2026-04-15 18:48"
"6884","oht_time_avg","2026-04-15 18:48:07.021+0900","N","","","","MIN","4ACM4701","10.62","ASSIGN","2026-04-15 18:48"
"6883","oht_time_avg","2026-04-15 18:48:07.021+0900","N","","","","MIN","4ACM4701","0.15","REP","2026-04-15 18:48"
"6894","oht_time_avg","2026-04-15 18:49:06.681+0900","N","","","","MIN","4ACM4701","0.0","COMPLETED","2026-04-15 18:49"
"6893","oht_time_avg","2026-04-15 18:49:06.681+0900","N","","","","MIN","4ACM4701","7.11","DESPOSITED","2026-04-15 18:49"
"6892","oht_time_avg","2026-04-15 18:49:06.681+0900","N","","","","MIN","4ACM4701","138.58","TRANSFERRING","2026-04-15 18:49"
"6891","oht_time_avg","2026-04-15 18:49:06.681+0900","N","","","","MIN","4ACM4701","29.63","ACQUIRED","2026-04-15 18:49"
"6890","oht_time_avg","2026-04-15 18:49:06.681+0900","N","","","","MIN","4ACM4701","10.54","ASSIGN","2026-04-15 18:49"
"6889","oht_time_avg","2026-04-15 18:49:06.681+0900","N","","","","MIN","4ACM4701","0.89","REP","2026-04-15 18:49"
"6900","oht_time_avg","2026-04-15 18:50:07.041+0900","N","","","","MIN","4ACM4701","0.0","COMPLETED","2026-04-15 18:50"
"6899","oht_time_avg","2026-04-15 18:50:07.041+0900","N","","","","MIN","4ACM4701","7.1","DESPOSITED","2026-04-15 18:50"
"6898","oht_time_avg","2026-04-15 18:50:07.041+0900","N","","","","MIN","4ACM4701","141.59","TRANSFERRING","2026-04-15 18:50"
"6897","oht_time_avg","2026-04-15 18:50:07.041+0900","N","","","","MIN","4ACM4701","29.65","ACQUIRED","2026-04-15 18:50"
"6896","oht_time_avg","2026-04-15 18:50:07.041+0900","N","","","","MIN","4ACM4701","8.06","ASSIGN","2026-04-15 18:50"
"6895","oht_time_avg","2026-04-15 18:50:07.041+0900","N","","","","MIN","4ACM4701","0.16","REP","2026-04-15 18:50"
"6906","oht_time_avg","2026-04-15 18:51:07.503+0900","N","","","","MIN","4ACM4701","0.0","COMPLETED","2026-04-15 18:51"
"6905","oht_time_avg","2026-04-15 18:51:07.503+0900","N","","","","MIN","4ACM4701","7.15","DESPOSITED","2026-04-15 18:51"
"6904","oht_time_avg","2026-04-15 18:51:07.503+0900","N","","","","MIN","4ACM4701","131.58","TRANSFERRING","2026-04-15 18:51"
"6903","oht_time_avg","2026-04-15 18:51:07.503+0900","N","","","","MIN","4ACM4701","29.17","ACQUIRED","2026-04-15 18:51"
"6902","oht_time_avg","2026-04-15 18:51:07.503+0900","N","","","","MIN","4ACM4701","9.59","ASSIGN","2026-04-15 18:51"
"6901","oht_time_avg","2026-04-15 18:51:07.503+0900","N","","","","MIN","4ACM4701","0.15","REP","2026-04-15 18:51"
"6912","oht_time_avg","2026-04-15 18:52:06.893+0900","N","","","","MIN","4ACM4701","0.0","COMPLETED","2026-04-15 18:52"
"6911","oht_time_avg","2026-04-15 18:52:06.893+0900","N","","","","MIN","4ACM4701","7.04","DESPOSITED","2026-04-15 18:52"
"6910","oht_time_avg","2026-04-15 18:52:06.893+0900","N","","","","MIN","4ACM4701","134.61","TRANSFERRING","2026-04-15 18:52"
"6909","oht_time_avg","2026-04-15 18:52:06.893+0900","N","","","","MIN","4ACM4701","29.05","ACQUIRED","2026-04-15 18:52"
"6908","oht_time_avg","2026-04-15 18:52:06.893+0900","N","","","","MIN","4ACM4701","9.7","ASSIGN","2026-04-15 18:52"
"6907","oht_time_avg","2026-04-15 18:52:06.893+0900","N","","","","MIN","4ACM4701","0.17","REP","2026-04-15 18:52"
"6918","oht_time_avg","2026-04-15 18:53:08.257+0900","N","","","","MIN","4ACM4701","0.0","COMPLETED","2026-04-15 18:53"
"6917","oht_time_avg","2026-04-15 18:53:08.257+0900","N","","","","MIN","4ACM4701","7.3","DESPOSITED","2026-04-15 18:53"
"6916","oht_time_avg","2026-04-15 18:53:08.257+0900","N","","","","MIN","4ACM4701","125.1","TRANSFERRING","2026-04-15 18:53"
"6915","oht_time_avg","2026-04-15 18:53:08.257+0900","N","","","","MIN","4ACM4701","29.59","ACQUIRED","2026-04-15 18:53"
"6914","oht_time_avg","2026-04-15 18:53:08.257+0900","N","","","","MIN","4ACM4701","8.94","ASSIGN","2026-04-15 18:53"
"6913","oht_time_avg","2026-04-15 18:53:08.257+0900","N","","","","MIN","4ACM4701","0.16","REP","2026-04-15 18:53"
"6924","oht_time_avg","2026-04-15 18:54:08.924+0900","N","","","","MIN","4ACM4701","0.0","COMPLETED","2026-04-15 18:54"
"6923","oht_time_avg","2026-04-15 18:54:08.924+0900","N","","","","MIN","4ACM4701","7.1","DESPOSITED","2026-04-15 18:54"
"6922","oht_time_avg","2026-04-15 18:54:08.924+0900","N","","","","MIN","4ACM4701","123.29","TRANSFERRING","2026-04-15 18:54"
"6921","oht_time_avg","2026-04-15 18:54:08.924+0900","N","","","","MIN","4ACM4701","30.45","ACQUIRED","2026-04-15 18:54"
"6920","oht_time_avg","2026-04-15 18:54:08.924+0900","N","","","","MIN","4ACM4701","10.34","ASSIGN","2026-04-15 18:54"
"6919","oht_time_avg","2026-04-15 18:54:08.924+0900","N","","","","MIN","4ACM4701","0.18","REP","2026-04-15 18:54"
"6930","oht_time_avg","2026-04-15 18:55:07.343+0900","N","","","","MIN","4ACM4701","0.0","COMPLETED","2026-04-15 18:55"
"6929","oht_time_avg","2026-04-15 18:55:07.343+0900","N","","","","MIN","4ACM4701","7.22","DESPOSITED","2026-04-15 18:55"
"6928","oht_time_avg","2026-04-15 18:55:07.343+0900","N","","","","MIN","4ACM4701","132.54","TRANSFERRING","2026-04-15 18:55"
"6927","oht_time_avg","2026-04-15 18:55:07.343+0900","N","","","","MIN","4ACM4701","29.21","ACQUIRED","2026-04-15 18:55"
"6926","oht_time_avg","2026-04-15 18:55:07.343+0900","N","","","","MIN","4ACM4701","10.7","ASSIGN","2026-04-15 18:55"
"6925","oht_time_avg","2026-04-15 18:55:07.343+0900","N","","","","MIN","4ACM4701","0.16","REP","2026-04-15 18:55"
"6936","oht_time_avg","2026-04-15 18:56:07.117+0900","N","","","","MIN","4ACM4701","0.0","COMPLETED","2026-04-15 18:56"
"6935","oht_time_avg","2026-04-15 18:56:07.117+0900","N","","","","MIN","4ACM4701","7.34","DESPOSITED","2026-04-15 18:56"
"6934","oht_time_avg","2026-04-15 18:56:07.117+0900","N","","","","MIN","4ACM4701","127.33","TRANSFERRING","2026-04-15 18:56"
"6933","oht_time_avg","2026-04-15 18:56:07.117+0900","N","","","","MIN","4ACM4701","29.48","ACQUIRED","2026-04-15 18:56"
"6932","oht_time_avg","2026-04-15 18:56:07.117+0900","N","","","","MIN","4ACM4701","9.41","ASSIGN","2026-04-15 18:56"
"6931","oht_time_avg","2026-04-15 18:56:07.117+0900","N","","","","MIN","4ACM4701","0.15","REP","2026-04-15 18:56"
"6942","oht_time_avg","2026-04-15 18:57:06.541+0900","N","","","","MIN","4ACM4701","4.25","COMPLETED","2026-04-15 18:57"
"6941","oht_time_avg","2026-04-15 18:57:06.541+0900","N","","","","MIN","4ACM4701","7.2","DESPOSITED","2026-04-15 18:57"
"6940","oht_time_avg","2026-04-15 18:57:06.541+0900","N","","","","MIN","4ACM4701","131.02","TRANSFERRING","2026-04-15 18:57"
"6939","oht_time_avg","2026-04-15 18:57:06.541+0900","N","","","","MIN","4ACM4701","29.38","ACQUIRED","2026-04-15 18:57"
"6938","oht_time_avg","2026-04-15 18:57:06.541+0900","N","","","","MIN","4ACM4701","9.3","ASSIGN","2026-04-15 18:57"
"6937","oht_time_avg","2026-04-15 18:57:06.541+0900","N","","","","MIN","4ACM4701","0.18","REP","2026-04-15 18:57"
"6948","oht_time_avg","2026-04-15 18:58:06.324+0900","N","","","","MIN","4ACM4701","0.0","COMPLETED","2026-04-15 18:58"
"6947","oht_time_avg","2026-04-15 18:58:06.324+0900","N","","","","MIN","4ACM4701","7.05","DESPOSITED","2026-04-15 18:58"
"6946","oht_time_avg","2026-04-15 18:58:06.324+0900","N","","","","MIN","4ACM4701","133.81","TRANSFERRING","2026-04-15 18:58"
"6945","oht_time_avg","2026-04-15 18:58:06.324+0900","N","","","","MIN","4ACM4701","29.3","ACQUIRED","2026-04-15 18:58"
"6944","oht_time_avg","2026-04-15 18:58:06.324+0900","N","","","","MIN","4ACM4701","9.31","ASSIGN","2026-04-15 18:58"
"6943","oht_time_avg","2026-04-15 18:58:06.324+0900","N","","","","MIN","4ACM4701","0.39","REP","2026-04-15 18:58"
"6954","oht_time_avg","2026-04-15 18:59:06.434+0900","N","","","","MIN","4ACM4701","0.0","COMPLETED","2026-04-15 18:59"
"6953","oht_time_avg","2026-04-15 18:59:06.434+0900","N","","","","MIN","4ACM4701","7.23","DESPOSITED","2026-04-15 18:59"
"6952","oht_time_avg","2026-04-15 18:59:06.434+0900","N","","","","MIN","4ACM4701","122.61","TRANSFERRING","2026-04-15 18:59"
"6951","oht_time_avg","2026-04-15 18:59:06.434+0900","N","","","","MIN","4ACM4701","28.64","ACQUIRED","2026-04-15 18:59"
"6950","oht_time_avg","2026-04-15 18:59:06.434+0900","N","","","","MIN","4ACM4701","8.32","ASSIGN","2026-04-15 18:59"
"6949","oht_time_avg","2026-04-15 18:59:06.434+0900","N","","","","MIN","4ACM4701","0.2","REP","2026-04-15 18:59"
"6960","oht_time_avg","2026-04-15 19:00:06.635+0900","N","","","","MIN","4ACM4701","0.0","COMPLETED","2026-04-15 19:00"
"6959","oht_time_avg","2026-04-15 19:00:06.635+0900","N","","","","MIN","4ACM4701","6.96","DESPOSITED","2026-04-15 19:00"
"6958","oht_time_avg","2026-04-15 19:00:06.635+0900","N","","","","MIN","4ACM4701","123.12","TRANSFERRING","2026-04-15 19:00"
"6957","oht_time_avg","2026-04-15 19:00:06.635+0900","N","","","","MIN","4ACM4701","32.05","ACQUIRED","2026-04-15 19:00"
"6956","oht_time_avg","2026-04-15 19:00:06.635+0900","N","","","","MIN","4ACM4701","9.54","ASSIGN","2026-04-15 19:00"
"6955","oht_time_avg","2026-04-15 19:00:06.635+0900","N","","","","MIN","4ACM4701","0.86","REP","2026-04-15 19:00"
"6966","oht_time_avg","2026-04-15 19:01:09.697+0900","N","","","","MIN","4ACM4701","0.0","COMPLETED","2026-04-15 19:01"
"6965","oht_time_avg","2026-04-15 19:01:09.697+0900","N","","","","MIN","4ACM4701","7.21","DESPOSITED","2026-04-15 19:01"
"6964","oht_time_avg","2026-04-15 19:01:09.697+0900","N","","","","MIN","4ACM4701","132.61","TRANSFERRING","2026-04-15 19:01"
"6963","oht_time_avg","2026-04-15 19:01:09.697+0900","N","","","","MIN","4ACM4701","28.81","ACQUIRED","2026-04-15 19:01"
"6962","oht_time_avg","2026-04-15 19:01:09.697+0900","N","","","","MIN","4ACM4701","8.74","ASSIGN","2026-04-15 19:01"
"6961","oht_time_avg","2026-04-15 19:01:09.697+0900","N","","","","MIN","4ACM4701","0.19","REP","2026-04-15 19:01"
"6972","oht_time_avg","2026-04-15 19:01:09.961+0900","N","","","","HOUR","4ACM4701","0.0","COMPLETED","2026-04-15 19:00"
"6971","oht_time_avg","2026-04-15 19:01:09.961+0900","N","","","","HOUR","4ACM4701","7.13","DESPOSITED","2026-04-15 19:00"
"6970","oht_time_avg","2026-04-15 19:01:09.961+0900","N","","","","HOUR","4ACM4701","131.71","TRANSFERRING","2026-04-15 19:00"
"6969","oht_time_avg","2026-04-15 19:01:09.961+0900","N","","","","HOUR","4ACM4701","32.13","ACQUIRED","2026-04-15 19:00"
"6968","oht_time_avg","2026-04-15 19:01:09.961+0900","N","","","","HOUR","4ACM4701","11.65","ASSIGN","2026-04-15 19:00"
"6967","oht_time_avg","2026-04-15 19:01:09.961+0900","N","","","","HOUR","4ACM4701","0.17","REP","2026-04-15 19:00"
"6978","oht_time_avg","2026-04-15 19:02:06.532+0900","N","","","","MIN","4ACM4701","0.0","COMPLETED","2026-04-15 19:02"
"6977","oht_time_avg","2026-04-15 19:02:06.532+0900","N","","","","MIN","4ACM4701","7.28","DESPOSITED","2026-04-15 19:02"
"6976","oht_time_avg","2026-04-15 19:02:06.532+0900","N","","","","MIN","4ACM4701","130.41","TRANSFERRING","2026-04-15 19:02"
"6975","oht_time_avg","2026-04-15 19:02:06.532+0900","N","","","","MIN","4ACM4701","32.32","ACQUIRED","2026-04-15 19:02"
"6974","oht_time_avg","2026-04-15 19:02:06.532+0900","N","","","","MIN","4ACM4701","13.07","ASSIGN","2026-04-15 19:02"
"6973","oht_time_avg","2026-04-15 19:02:06.532+0900","N","","","","MIN","4ACM4701","0.17","REP","2026-04-15 19:02"
"6984","oht_time_avg","2026-04-15 19:03:07.108+0900","N","","","","MIN","4ACM4701","0.0","COMPLETED","2026-04-15 19:03"
"6983","oht_time_avg","2026-04-15 19:03:07.108+0900","N","","","","MIN","4ACM4701","7.09","DESPOSITED","2026-04-15 19:03"
"6982","oht_time_avg","2026-04-15 19:03:07.108+0900","N","","","","MIN","4ACM4701","132.12","TRANSFERRING","2026-04-15 19:03"
"6981","oht_time_avg","2026-04-15 19:03:07.108+0900","N","","","","MIN","4ACM4701","29.84","ACQUIRED","2026-04-15 19:03"
"6980","oht_time_avg","2026-04-15 19:03:07.108+0900","N","","","","MIN","4ACM4701","10.57","ASSIGN","2026-04-15 19:03"
"6979","oht_time_avg","2026-04-15 19:03:07.108+0900","N","","","","MIN","4ACM4701","0.74","REP","2026-04-15 19:03"
"6990","oht_time_avg","2026-04-15 19:04:07.488+0900","N","","","","MIN","4ACM4701","0.0","COMPLETED","2026-04-15 19:04"
"6989","oht_time_avg","2026-04-15 19:04:07.488+0900","N","","","","MIN","4ACM4701","7.11","DESPOSITED","2026-04-15 19:04"
"6988","oht_time_avg","2026-04-15 19:04:07.488+0900","N","","","","MIN","4ACM4701","128.8","TRANSFERRING","2026-04-15 19:04"
"6987","oht_time_avg","2026-04-15 19:04:07.488+0900","N","","","","MIN","4ACM4701","30.65","ACQUIRED","2026-04-15 19:04"
"6986","oht_time_avg","2026-04-15 19:04:07.488+0900","N","","","","MIN","4ACM4701","10.36","ASSIGN","2026-04-15 19:04"
"6985","oht_time_avg","2026-04-15 19:04:07.488+0900","N","","","","MIN","4ACM4701","0.16","REP","2026-04-15 19:04"
"6996","oht_time_avg","2026-04-15 19:05:06.554+0900","N","","","","MIN","4ACM4701","0.0","COMPLETED","2026-04-15 19:05"
"6995","oht_time_avg","2026-04-15 19:05:06.554+0900","N","","","","MIN","4ACM4701","7.28","DESPOSITED","2026-04-15 19:05"
"6994","oht_time_avg","2026-04-15 19:05:06.554+0900","N","","","","MIN","4ACM4701","127.14","TRANSFERRING","2026-04-15 19:05"
"6993","oht_time_avg","2026-04-15 19:05:06.554+0900","N","","","","MIN","4ACM4701","30.48","ACQUIRED","2026-04-15 19:05"
"6992","oht_time_avg","2026-04-15 19:05:06.554+0900","N","","","","MIN","4ACM4701","9.11","ASSIGN","2026-04-15 19:05"
"6991","oht_time_avg","2026-04-15 19:05:06.554+0900","N","","","","MIN","4ACM4701","0.17","REP","2026-04-15 19:05"
"7002","oht_time_avg","2026-04-15 19:06:06.822+0900","N","","","","MIN","4ACM4701","0.0","COMPLETED","2026-04-15 19:06"
"7001","oht_time_avg","2026-04-15 19:06:06.822+0900","N","","","","MIN","4ACM4701","7.12","DESPOSITED","2026-04-15 19:06"
"7000","oht_time_avg","2026-04-15 19:06:06.822+0900","N","","","","MIN","4ACM4701","136.06","TRANSFERRING","2026-04-15 19:06"
"6999","oht_time_avg","2026-04-15 19:06:06.822+0900","N","","","","MIN","4ACM4701","30.1","ACQUIRED","2026-04-15 19:06"
"6998","oht_time_avg","2026-04-15 19:06:06.822+0900","N","","","","MIN","4ACM4701","11.13","ASSIGN","2026-04-15 19:06"
"6997","oht_time_avg","2026-04-15 19:06:06.822+0900","N","","","","MIN","4ACM4701","0.16","REP","2026-04-15 19:06"
"7004","oht_time_avg","2026-04-15 19:07:07.288+0900","N","","","","MIN","4ACM4701","10.3","ASSIGN","2026-04-15 19:07"
"7003","oht_time_avg","2026-04-15 19:07:07.288+0900","N","","","","MIN","4ACM4701","0.19","REP","2026-04-15 19:07"
"7008","oht_time_avg","2026-04-15 19:07:07.289+0900","N","","","","MIN","4ACM4701","0.0","COMPLETED","2026-04-15 19:07"
"7007","oht_time_avg","2026-04-15 19:07:07.289+0900","N","","","","MIN","4ACM4701","7.08","DESPOSITED","2026-04-15 19:07"
"7006","oht_time_avg","2026-04-15 19:07:07.289+0900","N","","","","MIN","4ACM4701","140.28","TRANSFERRING","2026-04-15 19:07"
"7005","oht_time_avg","2026-04-15 19:07:07.289+0900","N","","","","MIN","4ACM4701","30.93","ACQUIRED","2026-04-15 19:07"
"7014","oht_time_avg","2026-04-15 19:08:06.377+0900","N","","","","MIN","4ACM4701","0.0","COMPLETED","2026-04-15 19:08"
"7013","oht_time_avg","2026-04-15 19:08:06.377+0900","N","","","","MIN","4ACM4701","7.28","DESPOSITED","2026-04-15 19:08"
"7012","oht_time_avg","2026-04-15 19:08:06.377+0900","N","","","","MIN","4ACM4701","139.55","TRANSFERRING","2026-04-15 19:08"
"7011","oht_time_avg","2026-04-15 19:08:06.377+0900","N","","","","MIN","4ACM4701","31.94","ACQUIRED","2026-04-15 19:08"
"7010","oht_time_avg","2026-04-15 19:08:06.377+0900","N","","","","MIN","4ACM4701","10.26","ASSIGN","2026-04-15 19:08"
"7009","oht_time_avg","2026-04-15 19:08:06.377+0900","N","","","","MIN","4ACM4701","0.15","REP","2026-04-15 19:08"
"7020","oht_time_avg","2026-04-15 19:09:06.563+0900","N","","","","MIN","4ACM4701","0.0","COMPLETED","2026-04-15 19:09"
"7019","oht_time_avg","2026-04-15 19:09:06.563+0900","N","","","","MIN","4ACM4701","7.2","DESPOSITED","2026-04-15 19:09"
"7018","oht_time_avg","2026-04-15 19:09:06.563+0900","N","","","","MIN","4ACM4701","133.04","TRANSFERRING","2026-04-15 19:09"
"7017","oht_time_avg","2026-04-15 19:09:06.563+0900","N","","","","MIN","4ACM4701","30.75","ACQUIRED","2026-04-15 19:09"
"7016","oht_time_avg","2026-04-15 19:09:06.563+0900","N","","","","MIN","4ACM4701","11.74","ASSIGN","2026-04-15 19:09"
"7015","oht_time_avg","2026-04-15 19:09:06.563+0900","N","","","","MIN","4ACM4701","0.14","REP","2026-04-15 19:09"
"7026","oht_time_avg","2026-04-15 19:10:07.739+0900","N","","","","MIN","4ACM4701","0.0","COMPLETED","2026-04-15 19:10"
"7025","oht_time_avg","2026-04-15 19:10:07.739+0900","N","","","","MIN","4ACM4701","7.06","DESPOSITED","2026-04-15 19:10"
"7024","oht_time_avg","2026-04-15 19:10:07.739+0900","N","","","","MIN","4ACM4701","134.66","TRANSFERRING","2026-04-15 19:10"
"7023","oht_time_avg","2026-04-15 19:10:07.739+0900","N","","","","MIN","4ACM4701","29.99","ACQUIRED","2026-04-15 19:10"
"7022","oht_time_avg","2026-04-15 19:10:07.739+0900","N","","","","MIN","4ACM4701","12.72","ASSIGN","2026-04-15 19:10"
"7021","oht_time_avg","2026-04-15 19:10:07.739+0900","N","","","","MIN","4ACM4701","0.16","REP","2026-04-15 19:10"
"7032","oht_time_avg","2026-04-15 19:11:08.780+0900","N","","","","MIN","4ACM4701","0.0","COMPLETED","2026-04-15 19:11"
"7031","oht_time_avg","2026-04-15 19:11:08.780+0900","N","","","","MIN","4ACM4701","7.31","DESPOSITED","2026-04-15 19:11"
"7030","oht_time_avg","2026-04-15 19:11:08.780+0900","N","","","","MIN","4ACM4701","136.91","TRANSFERRING","2026-04-15 19:11"
"7029","oht_time_avg","2026-04-15 19:11:08.780+0900","N","","","","MIN","4ACM4701","31.09","ACQUIRED","2026-04-15 19:11"
"7028","oht_time_avg","2026-04-15 19:11:08.780+0900","N","","","","MIN","4ACM4701","14.49","ASSIGN","2026-04-15 19:11"
"7027","oht_time_avg","2026-04-15 19:11:08.780+0900","N","","","","MIN","4ACM4701","0.17","REP","2026-04-15 19:11"
"7038","oht_time_avg","2026-04-15 19:12:06.675+0900","N","","","","MIN","4ACM4701","0.0","COMPLETED","2026-04-15 19:12"
"7037","oht_time_avg","2026-04-15 19:12:06.675+0900","N","","","","MIN","4ACM4701","7.11","DESPOSITED","2026-04-15 19:12"
"7036","oht_time_avg","2026-04-15 19:12:06.675+0900","N","","","","MIN","4ACM4701","129.71","TRANSFERRING","2026-04-15 19:12"
"7035","oht_time_avg","2026-04-15 19:12:06.675+0900","N","","","","MIN","4ACM4701","34.23","ACQUIRED","2026-04-15 19:12"
"7034","oht_time_avg","2026-04-15 19:12:06.675+0900","N","","","","MIN","4ACM4701","12.1","ASSIGN","2026-04-15 19:12"
"7033","oht_time_avg","2026-04-15 19:12:06.675+0900","N","","","","MIN","4ACM4701","0.19","REP","2026-04-15 19:12"
"7044","oht_time_avg","2026-04-15 19:13:07.656+0900","N","","","","MIN","4ACM4701","0.0","COMPLETED","2026-04-15 19:13"
"7043","oht_time_avg","2026-04-15 19:13:07.656+0900","N","","","","MIN","4ACM4701","7.22","DESPOSITED","2026-04-15 19:13"
"7042","oht_time_avg","2026-04-15 19:13:07.656+0900","N","","","","MIN","4ACM4701","136.39","TRANSFERRING","2026-04-15 19:13"
"7041","oht_time_avg","2026-04-15 19:13:07.656+0900","N","","","","MIN","4ACM4701","31.18","ACQUIRED","2026-04-15 19:13"
"7040","oht_time_avg","2026-04-15 19:13:07.656+0900","N","","","","MIN","4ACM4701","11.74","ASSIGN","2026-04-15 19:13"
"7039","oht_time_avg","2026-04-15 19:13:07.656+0900","N","","","","MIN","4ACM4701","0.17","REP","2026-04-15 19:13"
"7050","oht_time_avg","2026-04-15 19:14:06.912+0900","N","","","","MIN","4ACM4701","0.0","COMPLETED","2026-04-15 19:14"
"7049","oht_time_avg","2026-04-15 19:14:06.912+0900","N","","","","MIN","4ACM4701","6.95","DESPOSITED","2026-04-15 19:14"
"7048","oht_time_avg","2026-04-15 19:14:06.912+0900","N","","","","MIN","4ACM4701","125.04","TRANSFERRING","2026-04-15 19:14"
"7047","oht_time_avg","2026-04-15 19:14:06.912+0900","N","","","","MIN","4ACM4701","28.4","ACQUIRED","2026-04-15 19:14"
"7046","oht_time_avg","2026-04-15 19:14:06.912+0900","N","","","","MIN","4ACM4701","10.99","ASSIGN","2026-04-15 19:14"
"7045","oht_time_avg","2026-04-15 19:14:06.912+0900","N","","","","MIN","4ACM4701","0.15","REP","2026-04-15 19:14"
"7056","oht_time_avg","2026-04-15 19:15:07.206+0900","N","","","","MIN","4ACM4701","0.0","COMPLETED","2026-04-15 19:15"
"7055","oht_time_avg","2026-04-15 19:15:07.206+0900","N","","","","MIN","4ACM4701","7.12","DESPOSITED","2026-04-15 19:15"
"7054","oht_time_avg","2026-04-15 19:15:07.206+0900","N","","","","MIN","4ACM4701","138.54","TRANSFERRING","2026-04-15 19:15"
"7053","oht_time_avg","2026-04-15 19:15:07.206+0900","N","","","","MIN","4ACM4701","29.57","ACQUIRED","2026-04-15 19:15"
"7052","oht_time_avg","2026-04-15 19:15:07.206+0900","N","","","","MIN","4ACM4701","10.35","ASSIGN","2026-04-15 19:15"
"7051","oht_time_avg","2026-04-15 19:15:07.206+0900","N","","","","MIN","4ACM4701","0.17","REP","2026-04-15 19:15"
"7062","oht_time_avg","2026-04-15 19:16:07.194+0900","N","","","","MIN","4ACM4701","0.0","COMPLETED","2026-04-15 19:16"
"7061","oht_time_avg","2026-04-15 19:16:07.194+0900","N","","","","MIN","4ACM4701","7.16","DESPOSITED","2026-04-15 19:16"
"7060","oht_time_avg","2026-04-15 19:16:07.194+0900","N","","","","MIN","4ACM4701","132.81","TRANSFERRING","2026-04-15 19:16"
"7059","oht_time_avg","2026-04-15 19:16:07.194+0900","N","","","","MIN","4ACM4701","31.56","ACQUIRED","2026-04-15 19:16"
"7058","oht_time_avg","2026-04-15 19:16:07.194+0900","N","","","","MIN","4ACM4701","9.57","ASSIGN","2026-04-15 19:16"
"7057","oht_time_avg","2026-04-15 19:16:07.194+0900","N","","","","MIN","4ACM4701","0.63","REP","2026-04-15 19:16"
"7068","oht_time_avg","2026-04-15 19:17:07.460+0900","N","","","","MIN","4ACM4701","0.0","COMPLETED","2026-04-15 19:17"
"7067","oht_time_avg","2026-04-15 19:17:07.460+0900","N","","","","MIN","4ACM4701","7.24","DESPOSITED","2026-04-15 19:17"
"7066","oht_time_avg","2026-04-15 19:17:07.460+0900","N","","","","MIN","4ACM4701","132.68","TRANSFERRING","2026-04-15 19:17"
"7065","oht_time_avg","2026-04-15 19:17:07.460+0900","N","","","","MIN","4ACM4701","29.94","ACQUIRED","2026-04-15 19:17"
"7064","oht_time_avg","2026-04-15 19:17:07.460+0900","N","","","","MIN","4ACM4701","10.15","ASSIGN","2026-04-15 19:17"
"7063","oht_time_avg","2026-04-15 19:17:07.460+0900","N","","","","MIN","4ACM4701","2.01","REP","2026-04-15 19:17"
"7074","oht_time_avg","2026-04-15 19:18:07.140+0900","N","","","","MIN","4ACM4701","0.0","COMPLETED","2026-04-15 19:18"
"7073","oht_time_avg","2026-04-15 19:18:07.140+0900","N","","","","MIN","4ACM4701","7.07","DESPOSITED","2026-04-15 19:18"
"7072","oht_time_avg","2026-04-15 19:18:07.140+0900","N","","","","MIN","4ACM4701","133.05","TRANSFERRING","2026-04-15 19:18"
"7071","oht_time_avg","2026-04-15 19:18:07.140+0900","N","","","","MIN","4ACM4701","31.05","ACQUIRED","2026-04-15 19:18"
"7070","oht_time_avg","2026-04-15 19:18:07.140+0900","N","","","","MIN","4ACM4701","11.18","ASSIGN","2026-04-15 19:18"
"7069","oht_time_avg","2026-04-15 19:18:07.140+0900","N","","","","MIN","4ACM4701","0.16","REP","2026-04-15 19:18"
"7080","oht_time_avg","2026-04-15 19:19:07.361+0900","N","","","","MIN","4ACM4701","0.0","COMPLETED","2026-04-15 19:19"
"7079","oht_time_avg","2026-04-15 19:19:07.361+0900","N","","","","MIN","4ACM4701","7.24","DESPOSITED","2026-04-15 19:19"
"7078","oht_time_avg","2026-04-15 19:19:07.361+0900","N","","","","MIN","4ACM4701","131.47","TRANSFERRING","2026-04-15 19:19"
"7077","oht_time_avg","2026-04-15 19:19:07.361+0900","N","","","","MIN","4ACM4701","29.89","ACQUIRED","2026-04-15 19:19"
"7076","oht_time_avg","2026-04-15 19:19:07.361+0900","N","","","","MIN","4ACM4701","10.6","ASSIGN","2026-04-15 19:19"
"7075","oht_time_avg","2026-04-15 19:19:07.361+0900","N","","","","MIN","4ACM4701","0.71","REP","2026-04-15 19:19"
"7086","oht_time_avg","2026-04-15 19:20:06.515+0900","N","","","","MIN","4ACM4701","0.0","COMPLETED","2026-04-15 19:20"
"7085","oht_time_avg","2026-04-15 19:20:06.515+0900","N","","","","MIN","4ACM4701","7.35","DESPOSITED","2026-04-15 19:20"
"7084","oht_time_avg","2026-04-15 19:20:06.515+0900","N","","","","MIN","4ACM4701","131.26","TRANSFERRING","2026-04-15 19:20"
"7083","oht_time_avg","2026-04-15 19:20:06.515+0900","N","","","","MIN","4ACM4701","30.61","ACQUIRED","2026-04-15 19:20"
"7082","oht_time_avg","2026-04-15 19:20:06.515+0900","N","","","","MIN","4ACM4701","9.83","ASSIGN","2026-04-15 19:20"
"7081","oht_time_avg","2026-04-15 19:20:06.515+0900","N","","","","MIN","4ACM4701","0.18","REP","2026-04-15 19:20"
"7092","oht_time_avg","2026-04-15 19:21:07.159+0900","N","","","","MIN","4ACM4701","0.0","COMPLETED","2026-04-15 19:21"
"7091","oht_time_avg","2026-04-15 19:21:07.159+0900","N","","","","MIN","4ACM4701","7.13","DESPOSITED","2026-04-15 19:21"
"7090","oht_time_avg","2026-04-15 19:21:07.159+0900","N","","","","MIN","4ACM4701","133.68","TRANSFERRING","2026-04-15 19:21"
"7089","oht_time_avg","2026-04-15 19:21:07.159+0900","N","","","","MIN","4ACM4701","30.77","ACQUIRED","2026-04-15 19:21"
"7088","oht_time_avg","2026-04-15 19:21:07.159+0900","N","","","","MIN","4ACM4701","11.97","ASSIGN","2026-04-15 19:21"
"7087","oht_time_avg","2026-04-15 19:21:07.159+0900","N","","","","MIN","4ACM4701","0.17","REP","2026-04-15 19:21"
"7098","oht_time_avg","2026-04-15 19:22:06.510+0900","N","","","","MIN","4ACM4701","0.0","COMPLETED","2026-04-15 19:22"
"7097","oht_time_avg","2026-04-15 19:22:06.510+0900","N","","","","MIN","4ACM4701","7.29","DESPOSITED","2026-04-15 19:22"
"7096","oht_time_avg","2026-04-15 19:22:06.510+0900","N","","","","MIN","4ACM4701","131.63","TRANSFERRING","2026-04-15 19:22"
"7095","oht_time_avg","2026-04-15 19:22:06.510+0900","N","","","","MIN","4ACM4701","29.25","ACQUIRED","2026-04-15 19:22"
"7094","oht_time_avg","2026-04-15 19:22:06.510+0900","N","","","","MIN","4ACM4701","13.6","ASSIGN","2026-04-15 19:22"
"7093","oht_time_avg","2026-04-15 19:22:06.510+0900","N","","","","MIN","4ACM4701","0.17","REP","2026-04-15 19:22"
"7104","oht_time_avg","2026-04-15 19:23:07.769+0900","N","","","","MIN","4ACM4701","0.0","COMPLETED","2026-04-15 19:23"
"7103","oht_time_avg","2026-04-15 19:23:07.769+0900","N","","","","MIN","4ACM4701","7.14","DESPOSITED","2026-04-15 19:23"
"7102","oht_time_avg","2026-04-15 19:23:07.769+0900","N","","","","MIN","4ACM4701","123.4","TRANSFERRING","2026-04-15 19:23"
"7101","oht_time_avg","2026-04-15 19:23:07.769+0900","N","","","","MIN","4ACM4701","31.33","ACQUIRED","2026-04-15 19:23"
"7100","oht_time_avg","2026-04-15 19:23:07.769+0900","N","","","","MIN","4ACM4701","11.86","ASSIGN","2026-04-15 19:23"
"7099","oht_time_avg","2026-04-15 19:23:07.769+0900","N","","","","MIN","4ACM4701","0.15","REP","2026-04-15 19:23"
"7110","oht_time_avg","2026-04-15 19:24:07.169+0900","N","","","","MIN","4ACM4701","0.0","COMPLETED","2026-04-15 19:24"
"7109","oht_time_avg","2026-04-15 19:24:07.169+0900","N","","","","MIN","4ACM4701","7.07","DESPOSITED","2026-04-15 19:24"
"7108","oht_time_avg","2026-04-15 19:24:07.169+0900","N","","","","MIN","4ACM4701","131.02","TRANSFERRING","2026-04-15 19:24"
"7107","oht_time_avg","2026-04-15 19:24:07.169+0900","N","","","","MIN","4ACM4701","31.07","ACQUIRED","2026-04-15 19:24"
"7106","oht_time_avg","2026-04-15 19:24:07.169+0900","N","","","","MIN","4ACM4701","10.56","ASSIGN","2026-04-15 19:24"
"7105","oht_time_avg","2026-04-15 19:24:07.169+0900","N","","","","MIN","4ACM4701","0.15","REP","2026-04-15 19:24"
"7116","oht_time_avg","2026-04-15 19:25:07.619+0900","N","","","","MIN","4ACM4701","0.0","COMPLETED","2026-04-15 19:25"
"7115","oht_time_avg","2026-04-15 19:25:07.619+0900","N","","","","MIN","4ACM4701","7.44","DESPOSITED","2026-04-15 19:25"
"7114","oht_time_avg","2026-04-15 19:25:07.619+0900","N","","","","MIN","4ACM4701","130.16","TRANSFERRING","2026-04-15 19:25"
"7113","oht_time_avg","2026-04-15 19:25:07.619+0900","N","","","","MIN","4ACM4701","31.65","ACQUIRED","2026-04-15 19:25"
"7112","oht_time_avg","2026-04-15 19:25:07.619+0900","N","","","","MIN","4ACM4701","10.29","ASSIGN","2026-04-15 19:25"
"7111","oht_time_avg","2026-04-15 19:25:07.619+0900","N","","","","MIN","4ACM4701","0.18","REP","2026-04-15 19:25"
"7122","oht_time_avg","2026-04-15 19:26:06.529+0900","N","","","","MIN","4ACM4701","0.0","COMPLETED","2026-04-15 19:26"
"7121","oht_time_avg","2026-04-15 19:26:06.529+0900","N","","","","MIN","4ACM4701","7.3","DESPOSITED","2026-04-15 19:26"
"7120","oht_time_avg","2026-04-15 19:26:06.529+0900","N","","","","MIN","4ACM4701","128.61","TRANSFERRING","2026-04-15 19:26"
"7119","oht_time_avg","2026-04-15 19:26:06.529+0900","N","","","","MIN","4ACM4701","32.79","ACQUIRED","2026-04-15 19:26"
"7118","oht_time_avg","2026-04-15 19:26:06.529+0900","N","","","","MIN","4ACM4701","12.3","ASSIGN","2026-04-15 19:26"
"7117","oht_time_avg","2026-04-15 19:26:06.529+0900","N","","","","MIN","4ACM4701","0.16","REP","2026-04-15 19:26"
"7128","oht_time_avg","2026-04-15 19:27:06.901+0900","N","","","","MIN","4ACM4701","0.0","COMPLETED","2026-04-15 19:27"
"7127","oht_time_avg","2026-04-15 19:27:06.901+0900","N","","","","MIN","4ACM4701","7.37","DESPOSITED","2026-04-15 19:27"
"7126","oht_time_avg","2026-04-15 19:27:06.901+0900","N","","","","MIN","4ACM4701","132.67","TRANSFERRING","2026-04-15 19:27"
"7125","oht_time_avg","2026-04-15 19:27:06.901+0900","N","","","","MIN","4ACM4701","29.94","ACQUIRED","2026-04-15 19:27"
"7124","oht_time_avg","2026-04-15 19:27:06.901+0900","N","","","","MIN","4ACM4701","12.19","ASSIGN","2026-04-15 19:27"
"7123","oht_time_avg","2026-04-15 19:27:06.901+0900","N","","","","MIN","4ACM4701","0.17","REP","2026-04-15 19:27"
"7134","oht_time_avg","2026-04-15 19:28:08.126+0900","N","","","","MIN","4ACM4701","0.0","COMPLETED","2026-04-15 19:28"
"7133","oht_time_avg","2026-04-15 19:28:08.126+0900","N","","","","MIN","4ACM4701","7.18","DESPOSITED","2026-04-15 19:28"
"7132","oht_time_avg","2026-04-15 19:28:08.126+0900","N","","","","MIN","4ACM4701","135.98","TRANSFERRING","2026-04-15 19:28"
"7131","oht_time_avg","2026-04-15 19:28:08.126+0900","N","","","","MIN","4ACM4701","31.81","ACQUIRED","2026-04-15 19:28"
"7130","oht_time_avg","2026-04-15 19:28:08.126+0900","N","","","","MIN","4ACM4701","11.23","ASSIGN","2026-04-15 19:28"
"7129","oht_time_avg","2026-04-15 19:28:08.126+0900","N","","","","MIN","4ACM4701","0.14","REP","2026-04-15 19:28"
"7140","oht_time_avg","2026-04-15 19:29:06.410+0900","N","","","","MIN","4ACM4701","0.0","COMPLETED","2026-04-15 19:29"
"7139","oht_time_avg","2026-04-15 19:29:06.410+0900","N","","","","MIN","4ACM4701","7.09","DESPOSITED","2026-04-15 19:29"
"7138","oht_time_avg","2026-04-15 19:29:06.410+0900","N","","","","MIN","4ACM4701","134.32","TRANSFERRING","2026-04-15 19:29"
"7137","oht_time_avg","2026-04-15 19:29:06.410+0900","N","","","","MIN","4ACM4701","31.53","ACQUIRED","2026-04-15 19:29"
"7136","oht_time_avg","2026-04-15 19:29:06.410+0900","N","","","","MIN","4ACM4701","11.38","ASSIGN","2026-04-15 19:29"
"7135","oht_time_avg","2026-04-15 19:29:06.410+0900","N","","","","MIN","4ACM4701","0.22","REP","2026-04-15 19:29"
"7146","oht_time_avg","2026-04-15 19:30:06.870+0900","N","","","","MIN","4ACM4701","0.0","COMPLETED","2026-04-15 19:30"
"7145","oht_time_avg","2026-04-15 19:30:06.870+0900","N","","","","MIN","4ACM4701","7.3","DESPOSITED","2026-04-15 19:30"
"7144","oht_time_avg","2026-04-15 19:30:06.870+0900","N","","","","MIN","4ACM4701","129.46","TRANSFERRING","2026-04-15 19:30"
"7143","oht_time_avg","2026-04-15 19:30:06.870+0900","N","","","","MIN","4ACM4701","32.9","ACQUIRED","2026-04-15 19:30"
"7142","oht_time_avg","2026-04-15 19:30:06.870+0900","N","","","","MIN","4ACM4701","11.23","ASSIGN","2026-04-15 19:30"
"7141","oht_time_avg","2026-04-15 19:30:06.870+0900","N","","","","MIN","4ACM4701","0.18","REP","2026-04-15 19:30"
"7152","oht_time_avg","2026-04-15 19:31:07.300+0900","N","","","","MIN","4ACM4701","0.0","COMPLETED","2026-04-15 19:31"
"7151","oht_time_avg","2026-04-15 19:31:07.300+0900","N","","","","MIN","4ACM4701","7.09","DESPOSITED","2026-04-15 19:31"
"7150","oht_time_avg","2026-04-15 19:31:07.300+0900","N","","","","MIN","4ACM4701","133.59","TRANSFERRING","2026-04-15 19:31"
"7149","oht_time_avg","2026-04-15 19:31:07.300+0900","N","","","","MIN","4ACM4701","32.36","ACQUIRED","2026-04-15 19:31"
"7148","oht_time_avg","2026-04-15 19:31:07.300+0900","N","","","","MIN","4ACM4701","11.05","ASSIGN","2026-04-15 19:31"
"7147","oht_time_avg","2026-04-15 19:31:07.300+0900","N","","","","MIN","4ACM4701","0.16","REP","2026-04-15 19:31"
"7158","oht_time_avg","2026-04-15 19:32:08.216+0900","N","","","","MIN","4ACM4701","0.0","COMPLETED","2026-04-15 19:32"
"7157","oht_time_avg","2026-04-15 19:32:08.216+0900","N","","","","MIN","4ACM4701","7.29","DESPOSITED","2026-04-15 19:32"
"7156","oht_time_avg","2026-04-15 19:32:08.216+0900","N","","","","MIN","4ACM4701","127.48","TRANSFERRING","2026-04-15 19:32"
"7155","oht_time_avg","2026-04-15 19:32:08.216+0900","N","","","","MIN","4ACM4701","31.94","ACQUIRED","2026-04-15 19:32"
"7154","oht_time_avg","2026-04-15 19:32:08.216+0900","N","","","","MIN","4ACM4701","11.86","ASSIGN","2026-04-15 19:32"
"7153","oht_time_avg","2026-04-15 19:32:08.216+0900","N","","","","MIN","4ACM4701","0.17","REP","2026-04-15 19:32"
"7164","oht_time_avg","2026-04-15 19:33:06.595+0900","N","","","","MIN","4ACM4701","0.0","COMPLETED","2026-04-15 19:33"
"7163","oht_time_avg","2026-04-15 19:33:06.595+0900","N","","","","MIN","4ACM4701","7.28","DESPOSITED","2026-04-15 19:33"
"7162","oht_time_avg","2026-04-15 19:33:06.595+0900","N","","","","MIN","4ACM4701","138.75","TRANSFERRING","2026-04-15 19:33"
"7161","oht_time_avg","2026-04-15 19:33:06.595+0900","N","","","","MIN","4ACM4701","34.27","ACQUIRED","2026-04-15 19:33"
"7160","oht_time_avg","2026-04-15 19:33:06.595+0900","N","","","","MIN","4ACM4701","13.46","ASSIGN","2026-04-15 19:33"
"7159","oht_time_avg","2026-04-15 19:33:06.595+0900","N","","","","MIN","4ACM4701","0.18","REP","2026-04-15 19:33"
"7170","oht_time_avg","2026-04-15 19:34:07.373+0900","N","","","","MIN","4ACM4701","0.0","COMPLETED","2026-04-15 19:34"
"7169","oht_time_avg","2026-04-15 19:34:07.373+0900","N","","","","MIN","4ACM4701","7.11","DESPOSITED","2026-04-15 19:34"
"7168","oht_time_avg","2026-04-15 19:34:07.373+0900","N","","","","MIN","4ACM4701","133.58","TRANSFERRING","2026-04-15 19:34"
"7167","oht_time_avg","2026-04-15 19:34:07.373+0900","N","","","","MIN","4ACM4701","31.1","ACQUIRED","2026-04-15 19:34"
"7166","oht_time_avg","2026-04-15 19:34:07.373+0900","N","","","","MIN","4ACM4701","12.25","ASSIGN","2026-04-15 19:34"
"7165","oht_time_avg","2026-04-15 19:34:07.373+0900","N","","","","MIN","4ACM4701","0.14","REP","2026-04-15 19:34"
"7176","oht_time_avg","2026-04-15 19:35:07.053+0900","N","","","","MIN","4ACM4701","0.0","COMPLETED","2026-04-15 19:35"
"7175","oht_time_avg","2026-04-15 19:35:07.053+0900","N","","","","MIN","4ACM4701","7.28","DESPOSITED","2026-04-15 19:35"
"7174","oht_time_avg","2026-04-15 19:35:07.053+0900","N","","","","MIN","4ACM4701","138.7","TRANSFERRING","2026-04-15 19:35"
"7173","oht_time_avg","2026-04-15 19:35:07.053+0900","N","","","","MIN","4ACM4701","32.31","ACQUIRED","2026-04-15 19:35"
"7172","oht_time_avg","2026-04-15 19:35:07.053+0900","N","","","","MIN","4ACM4701","10.44","ASSIGN","2026-04-15 19:35"
"7171","oht_time_avg","2026-04-15 19:35:07.053+0900","N","","","","MIN","4ACM4701","0.15","REP","2026-04-15 19:35"
"7182","oht_time_avg","2026-04-15 19:36:07.490+0900","N","","","","MIN","4ACM4701","0.0","COMPLETED","2026-04-15 19:36"
"7181","oht_time_avg","2026-04-15 19:36:07.490+0900","N","","","","MIN","4ACM4701","7.3","DESPOSITED","2026-04-15 19:36"
"7180","oht_time_avg","2026-04-15 19:36:07.490+0900","N","","","","MIN","4ACM4701","137.82","TRANSFERRING","2026-04-15 19:36"
"7179","oht_time_avg","2026-04-15 19:36:07.490+0900","N","","","","MIN","4ACM4701","30.75","ACQUIRED","2026-04-15 19:36"
"7178","oht_time_avg","2026-04-15 19:36:07.490+0900","N","","","","MIN","4ACM4701","13.02","ASSIGN","2026-04-15 19:36"
"7177","oht_time_avg","2026-04-15 19:36:07.490+0900","N","","","","MIN","4ACM4701","0.15","REP","2026-04-15 19:36"
"7188","oht_time_avg","2026-04-15 19:37:06.917+0900","N","","","","MIN","4ACM4701","0.0","COMPLETED","2026-04-15 19:37"
"7187","oht_time_avg","2026-04-15 19:37:06.917+0900","N","","","","MIN","4ACM4701","7.35","DESPOSITED","2026-04-15 19:37"
"7186","oht_time_avg","2026-04-15 19:37:06.917+0900","N","","","","MIN","4ACM4701","133.85","TRANSFERRING","2026-04-15 19:37"
"7185","oht_time_avg","2026-04-15 19:37:06.917+0900","N","","","","MIN","4ACM4701","36.85","ACQUIRED","2026-04-15 19:37"
"7184","oht_time_avg","2026-04-15 19:37:06.917+0900","N","","","","MIN","4ACM4701","9.59","ASSIGN","2026-04-15 19:37"
"7183","oht_time_avg","2026-04-15 19:37:06.917+0900","N","","","","MIN","4ACM4701","0.15","REP","2026-04-15 19:37"
"7194","oht_time_avg","2026-04-15 19:38:06.611+0900","N","","","","MIN","4ACM4701","0.0","COMPLETED","2026-04-15 19:38"
"7193","oht_time_avg","2026-04-15 19:38:06.611+0900","N","","","","MIN","4ACM4701","7.12","DESPOSITED","2026-04-15 19:38"
"7192","oht_time_avg","2026-04-15 19:38:06.611+0900","N","","","","MIN","4ACM4701","141.87","TRANSFERRING","2026-04-15 19:38"
"7191","oht_time_avg","2026-04-15 19:38:06.611+0900","N","","","","MIN","4ACM4701","29.98","ACQUIRED","2026-04-15 19:38"
"7190","oht_time_avg","2026-04-15 19:38:06.611+0900","N","","","","MIN","4ACM4701","10.62","ASSIGN","2026-04-15 19:38"
"7189","oht_time_avg","2026-04-15 19:38:06.611+0900","N","","","","MIN","4ACM4701","0.17","REP","2026-04-15 19:38"
"7200","oht_time_avg","2026-04-15 19:39:07.159+0900","N","","","","MIN","4ACM4701","0.0","COMPLETED","2026-04-15 19:39"
"7199","oht_time_avg","2026-04-15 19:39:07.159+0900","N","","","","MIN","4ACM4701","7.11","DESPOSITED","2026-04-15 19:39"
"7198","oht_time_avg","2026-04-15 19:39:07.159+0900","N","","","","MIN","4ACM4701","133.6","TRANSFERRING","2026-04-15 19:39"
"7197","oht_time_avg","2026-04-15 19:39:07.159+0900","N","","","","MIN","4ACM4701","31.6","ACQUIRED","2026-04-15 19:39"
"7196","oht_time_avg","2026-04-15 19:39:07.159+0900","N","","","","MIN","4ACM4701","10.09","ASSIGN","2026-04-15 19:39"
"7195","oht_time_avg","2026-04-15 19:39:07.159+0900","N","","","","MIN","4ACM4701","0.17","REP","2026-04-15 19:39"
"7206","oht_time_avg","2026-04-15 19:40:06.527+0900","N","","","","MIN","4ACM4701","0.0","COMPLETED","2026-04-15 19:40"
"7205","oht_time_avg","2026-04-15 19:40:06.527+0900","N","","","","MIN","4ACM4701","7.35","DESPOSITED","2026-04-15 19:40"
"7204","oht_time_avg","2026-04-15 19:40:06.527+0900","N","","","","MIN","4ACM4701","126.87","TRANSFERRING","2026-04-15 19:40"
"7203","oht_time_avg","2026-04-15 19:40:06.527+0900","N","","","","MIN","4ACM4701","30.22","ACQUIRED","2026-04-15 19:40"
"7202","oht_time_avg","2026-04-15 19:40:06.527+0900","N","","","","MIN","4ACM4701","11.75","ASSIGN","2026-04-15 19:40"
"7201","oht_time_avg","2026-04-15 19:40:06.527+0900","N","","","","MIN","4ACM4701","0.16","REP","2026-04-15 19:40"
"7212","oht_time_avg","2026-04-15 19:41:06.525+0900","N","","","","MIN","4ACM4701","0.0","COMPLETED","2026-04-15 19:41"
"7211","oht_time_avg","2026-04-15 19:41:06.525+0900","N","","","","MIN","4ACM4701","7.26","DESPOSITED","2026-04-15 19:41"
"7210","oht_time_avg","2026-04-15 19:41:06.525+0900","N","","","","MIN","4ACM4701","132.4","TRANSFERRING","2026-04-15 19:41"
"7209","oht_time_avg","2026-04-15 19:41:06.525+0900","N","","","","MIN","4ACM4701","29.82","ACQUIRED","2026-04-15 19:41"
"7208","oht_time_avg","2026-04-15 19:41:06.525+0900","N","","","","MIN","4ACM4701","12.05","ASSIGN","2026-04-15 19:41"
"7207","oht_time_avg","2026-04-15 19:41:06.525+0900","N","","","","MIN","4ACM4701","0.17","REP","2026-04-15 19:41"
"7218","oht_time_avg","2026-04-15 19:42:08.355+0900","N","","","","MIN","4ACM4701","0.0","COMPLETED","2026-04-15 19:42"
"7217","oht_time_avg","2026-04-15 19:42:08.355+0900","N","","","","MIN","4ACM4701","6.96","DESPOSITED","2026-04-15 19:42"
"7216","oht_time_avg","2026-04-15 19:42:08.355+0900","N","","","","MIN","4ACM4701","130.54","TRANSFERRING","2026-04-15 19:42"
"7215","oht_time_avg","2026-04-15 19:42:08.355+0900","N","","","","MIN","4ACM4701","31.2","ACQUIRED","2026-04-15 19:42"
"7214","oht_time_avg","2026-04-15 19:42:08.355+0900","N","","","","MIN","4ACM4701","11.85","ASSIGN","2026-04-15 19:42"
"7213","oht_time_avg","2026-04-15 19:42:08.355+0900","N","","","","MIN","4ACM4701","0.15","REP","2026-04-15 19:42"
"7224","oht_time_avg","2026-04-15 19:43:08.649+0900","N","","","","MIN","4ACM4701","0.0","COMPLETED","2026-04-15 19:43"
"7223","oht_time_avg","2026-04-15 19:43:08.649+0900","N","","","","MIN","4ACM4701","7.17","DESPOSITED","2026-04-15 19:43"
"7222","oht_time_avg","2026-04-15 19:43:08.649+0900","N","","","","MIN","4ACM4701","130.41","TRANSFERRING","2026-04-15 19:43"
"7221","oht_time_avg","2026-04-15 19:43:08.649+0900","N","","","","MIN","4ACM4701","31.41","ACQUIRED","2026-04-15 19:43"
"7220","oht_time_avg","2026-04-15 19:43:08.649+0900","N","","","","MIN","4ACM4701","10.72","ASSIGN","2026-04-15 19:43"
"7219","oht_time_avg","2026-04-15 19:43:08.649+0900","N","","","","MIN","4ACM4701","0.19","REP","2026-04-15 19:43"
"7230","oht_time_avg","2026-04-15 19:44:06.730+0900","N","","","","MIN","4ACM4701","0.0","COMPLETED","2026-04-15 19:44"
"7229","oht_time_avg","2026-04-15 19:44:06.730+0900","N","","","","MIN","4ACM4701","7.22","DESPOSITED","2026-04-15 19:44"
"7228","oht_time_avg","2026-04-15 19:44:06.730+0900","N","","","","MIN","4ACM4701","133.76","TRANSFERRING","2026-04-15 19:44"
"7227","oht_time_avg","2026-04-15 19:44:06.730+0900","N","","","","MIN","4ACM4701","31.24","ACQUIRED","2026-04-15 19:44"
"7226","oht_time_avg","2026-04-15 19:44:06.730+0900","N","","","","MIN","4ACM4701","11.54","ASSIGN","2026-04-15 19:44"
"7225","oht_time_avg","2026-04-15 19:44:06.730+0900","N","","","","MIN","4ACM4701","0.19","REP","2026-04-15 19:44"
"7236","oht_time_avg","2026-04-15 19:45:07.080+0900","N","","","","MIN","4ACM4701","0.0","COMPLETED","2026-04-15 19:45"
"7235","oht_time_avg","2026-04-15 19:45:07.080+0900","N","","","","MIN","4ACM4701","7.14","DESPOSITED","2026-04-15 19:45"
"7234","oht_time_avg","2026-04-15 19:45:07.080+0900","N","","","","MIN","4ACM4701","137.53","TRANSFERRING","2026-04-15 19:45"
"7233","oht_time_avg","2026-04-15 19:45:07.080+0900","N","","","","MIN","4ACM4701","32.52","ACQUIRED","2026-04-15 19:45"
"7232","oht_time_avg","2026-04-15 19:45:07.080+0900","N","","","","MIN","4ACM4701","11.36","ASSIGN","2026-04-15 19:45"
"7231","oht_time_avg","2026-04-15 19:45:07.080+0900","N","","","","MIN","4ACM4701","0.16","REP","2026-04-15 19:45"
"7242","oht_time_avg","2026-04-15 19:46:06.710+0900","N","","","","MIN","4ACM4701","0.0","COMPLETED","2026-04-15 19:46"
"7241","oht_time_avg","2026-04-15 19:46:06.710+0900","N","","","","MIN","4ACM4701","7.07","DESPOSITED","2026-04-15 19:46"
"7240","oht_time_avg","2026-04-15 19:46:06.710+0900","N","","","","MIN","4ACM4701","134.08","TRANSFERRING","2026-04-15 19:46"
"7239","oht_time_avg","2026-04-15 19:46:06.710+0900","N","","","","MIN","4ACM4701","29.38","ACQUIRED","2026-04-15 19:46"
"7238","oht_time_avg","2026-04-15 19:46:06.710+0900","N","","","","MIN","4ACM4701","10.89","ASSIGN","2026-04-15 19:46"
"7237","oht_time_avg","2026-04-15 19:46:06.710+0900","N","","","","MIN","4ACM4701","0.18","REP","2026-04-15 19:46"
"7248","oht_time_avg","2026-04-15 19:47:06.866+0900","N","","","","MIN","4ACM4701","0.0","COMPLETED","2026-04-15 19:47"
"7247","oht_time_avg","2026-04-15 19:47:06.866+0900","N","","","","MIN","4ACM4701","7.02","DESPOSITED","2026-04-15 19:47"
"7246","oht_time_avg","2026-04-15 19:47:06.866+0900","N","","","","MIN","4ACM4701","135.74","TRANSFERRING","2026-04-15 19:47"
"7245","oht_time_avg","2026-04-15 19:47:06.866+0900","N","","","","MIN","4ACM4701","31.13","ACQUIRED","2026-04-15 19:47"
"7244","oht_time_avg","2026-04-15 19:47:06.866+0900","N","","","","MIN","4ACM4701","12.4","ASSIGN","2026-04-15 19:47"
"7243","oht_time_avg","2026-04-15 19:47:06.866+0900","N","","","","MIN","4ACM4701","0.28","REP","2026-04-15 19:47"
"7254","oht_time_avg","2026-04-15 19:48:08.643+0900","N","","","","MIN","4ACM4701","0.0","COMPLETED","2026-04-15 19:48"
"7253","oht_time_avg","2026-04-15 19:48:08.643+0900","N","","","","MIN","4ACM4701","6.95","DESPOSITED","2026-04-15 19:48"
"7252","oht_time_avg","2026-04-15 19:48:08.643+0900","N","","","","MIN","4ACM4701","142.74","TRANSFERRING","2026-04-15 19:48"
"7251","oht_time_avg","2026-04-15 19:48:08.643+0900","N","","","","MIN","4ACM4701","33.3","ACQUIRED","2026-04-15 19:48"
"7250","oht_time_avg","2026-04-15 19:48:08.643+0900","N","","","","MIN","4ACM4701","12.03","ASSIGN","2026-04-15 19:48"
"7249","oht_time_avg","2026-04-15 19:48:08.643+0900","N","","","","MIN","4ACM4701","0.2","REP","2026-04-15 19:48"
"7260","oht_time_avg","2026-04-15 19:49:06.803+0900","N","","","","MIN","4ACM4701","0.0","COMPLETED","2026-04-15 19:49"
"7259","oht_time_avg","2026-04-15 19:49:06.803+0900","N","","","","MIN","4ACM4701","9.28","DESPOSITED","2026-04-15 19:49"
"7258","oht_time_avg","2026-04-15 19:49:06.803+0900","N","","","","MIN","4ACM4701","139.96","TRANSFERRING","2026-04-15 19:49"
"7257","oht_time_avg","2026-04-15 19:49:06.803+0900","N","","","","MIN","4ACM4701","34.3","ACQUIRED","2026-04-15 19:49"
"7256","oht_time_avg","2026-04-15 19:49:06.803+0900","N","","","","MIN","4ACM4701","12.62","ASSIGN","2026-04-15 19:49"
"7255","oht_time_avg","2026-04-15 19:49:06.803+0900","N","","","","MIN","4ACM4701","0.93","REP","2026-04-15 19:49"
"7266","oht_time_avg","2026-04-15 19:50:06.544+0900","N","","","","MIN","4ACM4701","3.97","COMPLETED","2026-04-15 19:50"
"7265","oht_time_avg","2026-04-15 19:50:06.544+0900","N","","","","MIN","4ACM4701","7.48","DESPOSITED","2026-04-15 19:50"
"7264","oht_time_avg","2026-04-15 19:50:06.544+0900","N","","","","MIN","4ACM4701","131.88","TRANSFERRING","2026-04-15 19:50"
"7263","oht_time_avg","2026-04-15 19:50:06.544+0900","N","","","","MIN","4ACM4701","32.15","ACQUIRED","2026-04-15 19:50"
"7262","oht_time_avg","2026-04-15 19:50:06.544+0900","N","","","","MIN","4ACM4701","11.46","ASSIGN","2026-04-15 19:50"
"7261","oht_time_avg","2026-04-15 19:50:06.544+0900","N","","","","MIN","4ACM4701","0.17","REP","2026-04-15 19:50"
"7272","oht_time_avg","2026-04-15 19:51:06.381+0900","N","","","","MIN","4ACM4701","0.0","COMPLETED","2026-04-15 19:51"
"7271","oht_time_avg","2026-04-15 19:51:06.381+0900","N","","","","MIN","4ACM4701","7.09","DESPOSITED","2026-04-15 19:51"
"7270","oht_time_avg","2026-04-15 19:51:06.381+0900","N","","","","MIN","4ACM4701","130.3","TRANSFERRING","2026-04-15 19:51"
"7269","oht_time_avg","2026-04-15 19:51:06.381+0900","N","","","","MIN","4ACM4701","31.1","ACQUIRED","2026-04-15 19:51"
"7268","oht_time_avg","2026-04-15 19:51:06.381+0900","N","","","","MIN","4ACM4701","10.33","ASSIGN","2026-04-15 19:51"
"7267","oht_time_avg","2026-04-15 19:51:06.381+0900","N","","","","MIN","4ACM4701","0.17","REP","2026-04-15 19:51"
"7278","oht_time_avg","2026-04-15 19:52:06.587+0900","N","","","","MIN","4ACM4701","0.0","COMPLETED","2026-04-15 19:52"
"7277","oht_time_avg","2026-04-15 19:52:06.587+0900","N","","","","MIN","4ACM4701","7.28","DESPOSITED","2026-04-15 19:52"
"7276","oht_time_avg","2026-04-15 19:52:06.587+0900","N","","","","MIN","4ACM4701","143.1","TRANSFERRING","2026-04-15 19:52"
"7275","oht_time_avg","2026-04-15 19:52:06.587+0900","N","","","","MIN","4ACM4701","32.15","ACQUIRED","2026-04-15 19:52"
"7274","oht_time_avg","2026-04-15 19:52:06.587+0900","N","","","","MIN","4ACM4701","13.84","ASSIGN","2026-04-15 19:52"
"7273","oht_time_avg","2026-04-15 19:52:06.587+0900","N","","","","MIN","4ACM4701","0.78","REP","2026-04-15 19:52"
"7284","oht_time_avg","2026-04-15 19:53:06.939+0900","N","","","","MIN","4ACM4701","0.0","COMPLETED","2026-04-15 19:53"
"7283","oht_time_avg","2026-04-15 19:53:06.939+0900","N","","","","MIN","4ACM4701","7.03","DESPOSITED","2026-04-15 19:53"
"7282","oht_time_avg","2026-04-15 19:53:06.939+0900","N","","","","MIN","4ACM4701","132.34","TRANSFERRING","2026-04-15 19:53"
"7281","oht_time_avg","2026-04-15 19:53:06.939+0900","N","","","","MIN","4ACM4701","35.01","ACQUIRED","2026-04-15 19:53"
"7280","oht_time_avg","2026-04-15 19:53:06.939+0900","N","","","","MIN","4ACM4701","13.19","ASSIGN","2026-04-15 19:53"
"7279","oht_time_avg","2026-04-15 19:53:06.939+0900","N","","","","MIN","4ACM4701","0.17","REP","2026-04-15 19:53"
"7290","oht_time_avg","2026-04-15 19:54:07.756+0900","N","","","","MIN","4ACM4701","0.0","COMPLETED","2026-04-15 19:54"
"7289","oht_time_avg","2026-04-15 19:54:07.756+0900","N","","","","MIN","4ACM4701","7.07","DESPOSITED","2026-04-15 19:54"
"7288","oht_time_avg","2026-04-15 19:54:07.756+0900","N","","","","MIN","4ACM4701","135.95","TRANSFERRING","2026-04-15 19:54"
"7287","oht_time_avg","2026-04-15 19:54:07.756+0900","N","","","","MIN","4ACM4701","31.89","ACQUIRED","2026-04-15 19:54"
"7286","oht_time_avg","2026-04-15 19:54:07.756+0900","N","","","","MIN","4ACM4701","13.68","ASSIGN","2026-04-15 19:54"
"7285","oht_time_avg","2026-04-15 19:54:07.756+0900","N","","","","MIN","4ACM4701","0.17","REP","2026-04-15 19:54"
"7296","oht_time_avg","2026-04-15 19:55:07.673+0900","N","","","","MIN","4ACM4701","0.0","COMPLETED","2026-04-15 19:55"
"7295","oht_time_avg","2026-04-15 19:55:07.673+0900","N","","","","MIN","4ACM4701","7.33","DESPOSITED","2026-04-15 19:55"
"7294","oht_time_avg","2026-04-15 19:55:07.673+0900","N","","","","MIN","4ACM4701","134.84","TRANSFERRING","2026-04-15 19:55"
"7293","oht_time_avg","2026-04-15 19:55:07.673+0900","N","","","","MIN","4ACM4701","33.34","ACQUIRED","2026-04-15 19:55"
"7292","oht_time_avg","2026-04-15 19:55:07.673+0900","N","","","","MIN","4ACM4701","10.8","ASSIGN","2026-04-15 19:55"
"7291","oht_time_avg","2026-04-15 19:55:07.673+0900","N","","","","MIN","4ACM4701","0.99","REP","2026-04-15 19:55"
"7302","oht_time_avg","2026-04-15 19:56:07.547+0900","N","","","","MIN","4ACM4701","0.0","COMPLETED","2026-04-15 19:56"
"7301","oht_time_avg","2026-04-15 19:56:07.547+0900","N","","","","MIN","4ACM4701","7.11","DESPOSITED","2026-04-15 19:56"
"7300","oht_time_avg","2026-04-15 19:56:07.547+0900","N","","","","MIN","4ACM4701","137.19","TRANSFERRING","2026-04-15 19:56"
"7299","oht_time_avg","2026-04-15 19:56:07.547+0900","N","","","","MIN","4ACM4701","30.01","ACQUIRED","2026-04-15 19:56"
"7298","oht_time_avg","2026-04-15 19:56:07.547+0900","N","","","","MIN","4ACM4701","10.02","ASSIGN","2026-04-15 19:56"
"7297","oht_time_avg","2026-04-15 19:56:07.547+0900","N","","","","MIN","4ACM4701","1.35","REP","2026-04-15 19:56"
"7308","oht_time_avg","2026-04-15 19:57:06.540+0900","N","","","","MIN","4ACM4701","0.0","COMPLETED","2026-04-15 19:57"
"7307","oht_time_avg","2026-04-15 19:57:06.540+0900","N","","","","MIN","4ACM4701","6.96","DESPOSITED","2026-04-15 19:57"
"7306","oht_time_avg","2026-04-15 19:57:06.540+0900","N","","","","MIN","4ACM4701","133.05","TRANSFERRING","2026-04-15 19:57"
"7305","oht_time_avg","2026-04-15 19:57:06.540+0900","N","","","","MIN","4ACM4701","29.31","ACQUIRED","2026-04-15 19:57"
"7304","oht_time_avg","2026-04-15 19:57:06.540+0900","N","","","","MIN","4ACM4701","9.95","ASSIGN","2026-04-15 19:57"
"7303","oht_time_avg","2026-04-15 19:57:06.540+0900","N","","","","MIN","4ACM4701","0.18","REP","2026-04-15 19:57"
"7314","oht_time_avg","2026-04-15 19:58:06.779+0900","N","","","","MIN","4ACM4701","0.0","COMPLETED","2026-04-15 19:58"
"7313","oht_time_avg","2026-04-15 19:58:06.779+0900","N","","","","MIN","4ACM4701","7.31","DESPOSITED","2026-04-15 19:58"
"7312","oht_time_avg","2026-04-15 19:58:06.779+0900","N","","","","MIN","4ACM4701","131.03","TRANSFERRING","2026-04-15 19:58"
"7311","oht_time_avg","2026-04-15 19:58:06.779+0900","N","","","","MIN","4ACM4701","30.77","ACQUIRED","2026-04-15 19:58"
"7310","oht_time_avg","2026-04-15 19:58:06.779+0900","N","","","","MIN","4ACM4701","11.09","ASSIGN","2026-04-15 19:58"
"7309","oht_time_avg","2026-04-15 19:58:06.779+0900","N","","","","MIN","4ACM4701","0.17","REP","2026-04-15 19:58"
"7320","oht_time_avg","2026-04-15 19:59:06.389+0900","N","","","","MIN","4ACM4701","0.0","COMPLETED","2026-04-15 19:59"
"7319","oht_time_avg","2026-04-15 19:59:06.389+0900","N","","","","MIN","4ACM4701","7.26","DESPOSITED","2026-04-15 19:59"
"7318","oht_time_avg","2026-04-15 19:59:06.389+0900","N","","","","MIN","4ACM4701","130.33","TRANSFERRING","2026-04-15 19:59"
"7317","oht_time_avg","2026-04-15 19:59:06.389+0900","N","","","","MIN","4ACM4701","29.25","ACQUIRED","2026-04-15 19:59"
"7316","oht_time_avg","2026-04-15 19:59:06.389+0900","N","","","","MIN","4ACM4701","8.9","ASSIGN","2026-04-15 19:59"
"7315","oht_time_avg","2026-04-15 19:59:06.389+0900","N","","","","MIN","4ACM4701","0.16","REP","2026-04-15 19:59"
"7326","oht_time_avg","2026-04-15 20:00:07.774+0900","N","","","","MIN","4ACM4701","0.0","COMPLETED","2026-04-15 20:00"
"7325","oht_time_avg","2026-04-15 20:00:07.774+0900","N","","","","MIN","4ACM4701","7.44","DESPOSITED","2026-04-15 20:00"
"7324","oht_time_avg","2026-04-15 20:00:07.774+0900","N","","","","MIN","4ACM4701","120.3","TRANSFERRING","2026-04-15 20:00"
"7323","oht_time_avg","2026-04-15 20:00:07.774+0900","N","","","","MIN","4ACM4701","30.16","ACQUIRED","2026-04-15 20:00"
"7322","oht_time_avg","2026-04-15 20:00:07.774+0900","N","","","","MIN","4ACM4701","9.89","ASSIGN","2026-04-15 20:00"
"7321","oht_time_avg","2026-04-15 20:00:07.774+0900","N","","","","MIN","4ACM4701","0.17","REP","2026-04-15 20:00"
"7332","oht_time_avg","2026-04-15 20:01:07.871+0900","N","","","","MIN","4ACM4701","0.0","COMPLETED","2026-04-15 20:01"
"7331","oht_time_avg","2026-04-15 20:01:07.871+0900","N","","","","MIN","4ACM4701","6.99","DESPOSITED","2026-04-15 20:01"
"7330","oht_time_avg","2026-04-15 20:01:07.871+0900","N","","","","MIN","4ACM4701","133.0","TRANSFERRING","2026-04-15 20:01"
"7329","oht_time_avg","2026-04-15 20:01:07.871+0900","N","","","","MIN","4ACM4701","29.79","ACQUIRED","2026-04-15 20:01"
"7328","oht_time_avg","2026-04-15 20:01:07.871+0900","N","","","","MIN","4ACM4701","10.79","ASSIGN","2026-04-15 20:01"
"7327","oht_time_avg","2026-04-15 20:01:07.871+0900","N","","","","MIN","4ACM4701","0.19","REP","2026-04-15 20:01"
"7338","oht_time_avg","2026-04-15 20:01:08.341+0900","N","","","","HOUR","4ACM4701","0.0","COMPLETED","2026-04-15 20:00"
"7337","oht_time_avg","2026-04-15 20:01:08.341+0900","N","","","","HOUR","4ACM4701","7.04","DESPOSITED","2026-04-15 20:00"
"7336","oht_time_avg","2026-04-15 20:01:08.341+0900","N","","","","HOUR","4ACM4701","132.67","TRANSFERRING","2026-04-15 20:00"
"7335","oht_time_avg","2026-04-15 20:01:08.341+0900","N","","","","HOUR","4ACM4701","31.47","ACQUIRED","2026-04-15 20:00"
"7334","oht_time_avg","2026-04-15 20:01:08.341+0900","N","","","","HOUR","4ACM4701","11.49","ASSIGN","2026-04-15 20:00"
"7333","oht_time_avg","2026-04-15 20:01:08.341+0900","N","","","","HOUR","4ACM4701","0.23","REP","2026-04-15 20:00"
"7344","oht_time_avg","2026-04-15 20:02:06.597+0900","N","","","","MIN","4ACM4701","0.0","COMPLETED","2026-04-15 20:02"
"7343","oht_time_avg","2026-04-15 20:02:06.597+0900","N","","","","MIN","4ACM4701","7.17","DESPOSITED","2026-04-15 20:02"
"7342","oht_time_avg","2026-04-15 20:02:06.597+0900","N","","","","MIN","4ACM4701","135.51","TRANSFERRING","2026-04-15 20:02"
"7341","oht_time_avg","2026-04-15 20:02:06.597+0900","N","","","","MIN","4ACM4701","30.43","ACQUIRED","2026-04-15 20:02"
"7340","oht_time_avg","2026-04-15 20:02:06.597+0900","N","","","","MIN","4ACM4701","11.06","ASSIGN","2026-04-15 20:02"
"7339","oht_time_avg","2026-04-15 20:02:06.597+0900","N","","","","MIN","4ACM4701","0.17","REP","2026-04-15 20:02"
"7350","oht_time_avg","2026-04-15 20:03:06.990+0900","N","","","","MIN","4ACM4701","0.0","COMPLETED","2026-04-15 20:03"
"7349","oht_time_avg","2026-04-15 20:03:06.990+0900","N","","","","MIN","4ACM4701","6.98","DESPOSITED","2026-04-15 20:03"
"7348","oht_time_avg","2026-04-15 20:03:06.990+0900","N","","","","MIN","4ACM4701","131.2","TRANSFERRING","2026-04-15 20:03"
"7347","oht_time_avg","2026-04-15 20:03:06.990+0900","N","","","","MIN","4ACM4701","32.22","ACQUIRED","2026-04-15 20:03"
"7346","oht_time_avg","2026-04-15 20:03:06.990+0900","N","","","","MIN","4ACM4701","9.87","ASSIGN","2026-04-15 20:03"
"7345","oht_time_avg","2026-04-15 20:03:06.990+0900","N","","","","MIN","4ACM4701","0.16","REP","2026-04-15 20:03"
"7356","oht_time_avg","2026-04-15 20:04:06.875+0900","N","","","","MIN","4ACM4701","0.0","COMPLETED","2026-04-15 20:04"
"7355","oht_time_avg","2026-04-15 20:04:06.875+0900","N","","","","MIN","4ACM4701","7.03","DESPOSITED","2026-04-15 20:04"
"7354","oht_time_avg","2026-04-15 20:04:06.875+0900","N","","","","MIN","4ACM4701","125.05","TRANSFERRING","2026-04-15 20:04"
"7353","oht_time_avg","2026-04-15 20:04:06.875+0900","N","","","","MIN","4ACM4701","30.79","ACQUIRED","2026-04-15 20:04"
"7352","oht_time_avg","2026-04-15 20:04:06.875+0900","N","","","","MIN","4ACM4701","11.3","ASSIGN","2026-04-15 20:04"
"7351","oht_time_avg","2026-04-15 20:04:06.875+0900","N","","","","MIN","4ACM4701","0.17","REP","2026-04-15 20:04"
"7362","oht_time_avg","2026-04-15 20:05:06.842+0900","N","","","","MIN","4ACM4701","0.0","COMPLETED","2026-04-15 20:05"
"7361","oht_time_avg","2026-04-15 20:05:06.842+0900","N","","","","MIN","4ACM4701","7.29","DESPOSITED","2026-04-15 20:05"
"7360","oht_time_avg","2026-04-15 20:05:06.842+0900","N","","","","MIN","4ACM4701","132.54","TRANSFERRING","2026-04-15 20:05"
"7359","oht_time_avg","2026-04-15 20:05:06.842+0900","N","","","","MIN","4ACM4701","27.15","ACQUIRED","2026-04-15 20:05"
"7358","oht_time_avg","2026-04-15 20:05:06.842+0900","N","","","","MIN","4ACM4701","10.13","ASSIGN","2026-04-15 20:05"
"7357","oht_time_avg","2026-04-15 20:05:06.842+0900","N","","","","MIN","4ACM4701","0.15","REP","2026-04-15 20:05"
"7368","oht_time_avg","2026-04-15 20:06:06.516+0900","N","","","","MIN","4ACM4701","0.0","COMPLETED","2026-04-15 20:06"
"7367","oht_time_avg","2026-04-15 20:06:06.516+0900","N","","","","MIN","4ACM4701","6.92","DESPOSITED","2026-04-15 20:06"
"7366","oht_time_avg","2026-04-15 20:06:06.516+0900","N","","","","MIN","4ACM4701","139.2","TRANSFERRING","2026-04-15 20:06"
"7365","oht_time_avg","2026-04-15 20:06:06.516+0900","N","","","","MIN","4ACM4701","31.51","ACQUIRED","2026-04-15 20:06"
"7364","oht_time_avg","2026-04-15 20:06:06.516+0900","N","","","","MIN","4ACM4701","10.43","ASSIGN","2026-04-15 20:06"
"7363","oht_time_avg","2026-04-15 20:06:06.516+0900","N","","","","MIN","4ACM4701","0.16","REP","2026-04-15 20:06"
"7374","oht_time_avg","2026-04-15 20:07:08.337+0900","N","","","","MIN","4ACM4701","0.0","COMPLETED","2026-04-15 20:07"
"7373","oht_time_avg","2026-04-15 20:07:08.337+0900","N","","","","MIN","4ACM4701","7.06","DESPOSITED","2026-04-15 20:07"
"7372","oht_time_avg","2026-04-15 20:07:08.337+0900","N","","","","MIN","4ACM4701","130.06","TRANSFERRING","2026-04-15 20:07"
"7371","oht_time_avg","2026-04-15 20:07:08.337+0900","N","","","","MIN","4ACM4701","33.71","ACQUIRED","2026-04-15 20:07"
"7370","oht_time_avg","2026-04-15 20:07:08.337+0900","N","","","","MIN","4ACM4701","10.48","ASSIGN","2026-04-15 20:07"
"7369","oht_time_avg","2026-04-15 20:07:08.337+0900","N","","","","MIN","4ACM4701","0.16","REP","2026-04-15 20:07"
"7380","oht_time_avg","2026-04-15 20:08:07.444+0900","N","","","","MIN","4ACM4701","0.0","COMPLETED","2026-04-15 20:08"
"7379","oht_time_avg","2026-04-15 20:08:07.444+0900","N","","","","MIN","4ACM4701","7.28","DESPOSITED","2026-04-15 20:08"
"7378","oht_time_avg","2026-04-15 20:08:07.444+0900","N","","","","MIN","4ACM4701","123.66","TRANSFERRING","2026-04-15 20:08"
"7377","oht_time_avg","2026-04-15 20:08:07.444+0900","N","","","","MIN","4ACM4701","31.3","ACQUIRED","2026-04-15 20:08"
"7376","oht_time_avg","2026-04-15 20:08:07.444+0900","N","","","","MIN","4ACM4701","9.63","ASSIGN","2026-04-15 20:08"
"7375","oht_time_avg","2026-04-15 20:08:07.444+0900","N","","","","MIN","4ACM4701","1.3","REP","2026-04-15 20:08"
"7386","oht_time_avg","2026-04-15 20:09:06.369+0900","N","","","","MIN","4ACM4701","0.0","COMPLETED","2026-04-15 20:09"
"7385","oht_time_avg","2026-04-15 20:09:06.369+0900","N","","","","MIN","4ACM4701","7.1","DESPOSITED","2026-04-15 20:09"
"7384","oht_time_avg","2026-04-15 20:09:06.369+0900","N","","","","MIN","4ACM4701","125.8","TRANSFERRING","2026-04-15 20:09"
"7383","oht_time_avg","2026-04-15 20:09:06.369+0900","N","","","","MIN","4ACM4701","30.07","ACQUIRED","2026-04-15 20:09"
"7382","oht_time_avg","2026-04-15 20:09:06.369+0900","N","","","","MIN","4ACM4701","11.02","ASSIGN","2026-04-15 20:09"
"7381","oht_time_avg","2026-04-15 20:09:06.369+0900","N","","","","MIN","4ACM4701","0.16","REP","2026-04-15 20:09"
"7392","oht_time_avg","2026-04-15 20:10:06.744+0900","N","","","","MIN","4ACM4701","0.0","COMPLETED","2026-04-15 20:10"
"7391","oht_time_avg","2026-04-15 20:10:06.744+0900","N","","","","MIN","4ACM4701","7.22","DESPOSITED","2026-04-15 20:10"
"7390","oht_time_avg","2026-04-15 20:10:06.744+0900","N","","","","MIN","4ACM4701","125.27","TRANSFERRING","2026-04-15 20:10"
"7389","oht_time_avg","2026-04-15 20:10:06.744+0900","N","","","","MIN","4ACM4701","30.52","ACQUIRED","2026-04-15 20:10"
"7388","oht_time_avg","2026-04-15 20:10:06.744+0900","N","","","","MIN","4ACM4701","9.06","ASSIGN","2026-04-15 20:10"
"7387","oht_time_avg","2026-04-15 20:10:06.744+0900","N","","","","MIN","4ACM4701","0.16","REP","2026-04-15 20:10"
"7398","oht_time_avg","2026-04-15 20:11:06.729+0900","N","","","","MIN","4ACM4701","0.0","COMPLETED","2026-04-15 20:11"
"7397","oht_time_avg","2026-04-15 20:11:06.729+0900","N","","","","MIN","4ACM4701","7.26","DESPOSITED","2026-04-15 20:11"
"7396","oht_time_avg","2026-04-15 20:11:06.729+0900","N","","","","MIN","4ACM4701","127.05","TRANSFERRING","2026-04-15 20:11"
"7395","oht_time_avg","2026-04-15 20:11:06.729+0900","N","","","","MIN","4ACM4701","29.83","ACQUIRED","2026-04-15 20:11"
"7394","oht_time_avg","2026-04-15 20:11:06.729+0900","N","","","","MIN","4ACM4701","10.35","ASSIGN","2026-04-15 20:11"
"7393","oht_time_avg","2026-04-15 20:11:06.729+0900","N","","","","MIN","4ACM4701","0.18","REP","2026-04-15 20:11"
"7404","oht_time_avg","2026-04-15 20:12:07.222+0900","N","","","","MIN","4ACM4701","0.0","COMPLETED","2026-04-15 20:12"
"7403","oht_time_avg","2026-04-15 20:12:07.222+0900","N","","","","MIN","4ACM4701","7.22","DESPOSITED","2026-04-15 20:12"
"7402","oht_time_avg","2026-04-15 20:12:07.222+0900","N","","","","MIN","4ACM4701","126.22","TRANSFERRING","2026-04-15 20:12"
"7401","oht_time_avg","2026-04-15 20:12:07.222+0900","N","","","","MIN","4ACM4701","31.17","ACQUIRED","2026-04-15 20:12"
"7400","oht_time_avg","2026-04-15 20:12:07.222+0900","N","","","","MIN","4ACM4701","10.69","ASSIGN","2026-04-15 20:12"
"7399","oht_time_avg","2026-04-15 20:12:07.222+0900","N","","","","MIN","4ACM4701","0.19","REP","2026-04-15 20:12"
"7410","oht_time_avg","2026-04-15 20:13:06.703+0900","N","","","","MIN","4ACM4701","0.0","COMPLETED","2026-04-15 20:13"
"7409","oht_time_avg","2026-04-15 20:13:06.703+0900","N","","","","MIN","4ACM4701","6.99","DESPOSITED","2026-04-15 20:13"
"7408","oht_time_avg","2026-04-15 20:13:06.703+0900","N","","","","MIN","4ACM4701","116.52","TRANSFERRING","2026-04-15 20:13"
"7407","oht_time_avg","2026-04-15 20:13:06.703+0900","N","","","","MIN","4ACM4701","31.86","ACQUIRED","2026-04-15 20:13"
"7406","oht_time_avg","2026-04-15 20:13:06.703+0900","N","","","","MIN","4ACM4701","10.14","ASSIGN","2026-04-15 20:13"
"7405","oht_time_avg","2026-04-15 20:13:06.703+0900","N","","","","MIN","4ACM4701","0.18","REP","2026-04-15 20:13"
"7416","oht_time_avg","2026-04-15 20:14:07.325+0900","N","","","","MIN","4ACM4701","0.0","COMPLETED","2026-04-15 20:14"
"7415","oht_time_avg","2026-04-15 20:14:07.325+0900","N","","","","MIN","4ACM4701","7.09","DESPOSITED","2026-04-15 20:14"
"7414","oht_time_avg","2026-04-15 20:14:07.325+0900","N","","","","MIN","4ACM4701","124.96","TRANSFERRING","2026-04-15 20:14"
"7413","oht_time_avg","2026-04-15 20:14:07.325+0900","N","","","","MIN","4ACM4701","32.28","ACQUIRED","2026-04-15 20:14"
"7412","oht_time_avg","2026-04-15 20:14:07.325+0900","N","","","","MIN","4ACM4701","12.33","ASSIGN","2026-04-15 20:14"
"7411","oht_time_avg","2026-04-15 20:14:07.325+0900","N","","","","MIN","4ACM4701","0.15","REP","2026-04-15 20:14"
"7422","oht_time_avg","2026-04-15 20:15:06.859+0900","N","","","","MIN","4ACM4701","0.0","COMPLETED","2026-04-15 20:15"
"7421","oht_time_avg","2026-04-15 20:15:06.859+0900","N","","","","MIN","4ACM4701","7.23","DESPOSITED","2026-04-15 20:15"
"7420","oht_time_avg","2026-04-15 20:15:06.859+0900","N","","","","MIN","4ACM4701","129.97","TRANSFERRING","2026-04-15 20:15"
"7419","oht_time_avg","2026-04-15 20:15:06.859+0900","N","","","","MIN","4ACM4701","32.18","ACQUIRED","2026-04-15 20:15"
"7418","oht_time_avg","2026-04-15 20:15:06.859+0900","N","","","","MIN","4ACM4701","11.61","ASSIGN","2026-04-15 20:15"
"7417","oht_time_avg","2026-04-15 20:15:06.859+0900","N","","","","MIN","4ACM4701","0.18","REP","2026-04-15 20:15"
"7428","oht_time_avg","2026-04-15 20:16:06.532+0900","N","","","","MIN","4ACM4701","0.0","COMPLETED","2026-04-15 20:16"
"7427","oht_time_avg","2026-04-15 20:16:06.532+0900","N","","","","MIN","4ACM4701","7.28","DESPOSITED","2026-04-15 20:16"
"7426","oht_time_avg","2026-04-15 20:16:06.532+0900","N","","","","MIN","4ACM4701","125.64","TRANSFERRING","2026-04-15 20:16"
"7425","oht_time_avg","2026-04-15 20:16:06.532+0900","N","","","","MIN","4ACM4701","32.29","ACQUIRED","2026-04-15 20:16"
"7424","oht_time_avg","2026-04-15 20:16:06.532+0900","N","","","","MIN","4ACM4701","12.21","ASSIGN","2026-04-15 20:16"
"7423","oht_time_avg","2026-04-15 20:16:06.532+0900","N","","","","MIN","4ACM4701","0.16","REP","2026-04-15 20:16"
"7434","oht_time_avg","2026-04-15 20:17:06.800+0900","N","","","","MIN","4ACM4701","0.0","COMPLETED","2026-04-15 20:17"
"7433","oht_time_avg","2026-04-15 20:17:06.800+0900","N","","","","MIN","4ACM4701","7.19","DESPOSITED","2026-04-15 20:17"
"7432","oht_time_avg","2026-04-15 20:17:06.800+0900","N","","","","MIN","4ACM4701","136.18","TRANSFERRING","2026-04-15 20:17"
"7431","oht_time_avg","2026-04-15 20:17:06.800+0900","N","","","","MIN","4ACM4701","29.61","ACQUIRED","2026-04-15 20:17"
"7430","oht_time_avg","2026-04-15 20:17:06.800+0900","N","","","","MIN","4ACM4701","11.65","ASSIGN","2026-04-15 20:17"
"7429","oht_time_avg","2026-04-15 20:17:06.800+0900","N","","","","MIN","4ACM4701","0.17","REP","2026-04-15 20:17"
"7440","oht_time_avg","2026-04-15 20:18:07.066+0900","N","","","","MIN","4ACM4701","0.0","COMPLETED","2026-04-15 20:18"
"7439","oht_time_avg","2026-04-15 20:18:07.066+0900","N","","","","MIN","4ACM4701","7.35","DESPOSITED","2026-04-15 20:18"
"7438","oht_time_avg","2026-04-15 20:18:07.066+0900","N","","","","MIN","4ACM4701","133.02","TRANSFERRING","2026-04-15 20:18"
"7437","oht_time_avg","2026-04-15 20:18:07.066+0900","N","","","","MIN","4ACM4701","31.58","ACQUIRED","2026-04-15 20:18"
"7436","oht_time_avg","2026-04-15 20:18:07.066+0900","N","","","","MIN","4ACM4701","12.55","ASSIGN","2026-04-15 20:18"
"7435","oht_time_avg","2026-04-15 20:18:07.066+0900","N","","","","MIN","4ACM4701","1.05","REP","2026-04-15 20:18"
"7446","oht_time_avg","2026-04-15 20:19:06.557+0900","N","","","","MIN","4ACM4701","0.0","COMPLETED","2026-04-15 20:19"
"7445","oht_time_avg","2026-04-15 20:19:06.557+0900","N","","","","MIN","4ACM4701","6.94","DESPOSITED","2026-04-15 20:19"
"7444","oht_time_avg","2026-04-15 20:19:06.557+0900","N","","","","MIN","4ACM4701","134.28","TRANSFERRING","2026-04-15 20:19"
"7443","oht_time_avg","2026-04-15 20:19:06.557+0900","N","","","","MIN","4ACM4701","32.81","ACQUIRED","2026-04-15 20:19"
"7442","oht_time_avg","2026-04-15 20:19:06.557+0900","N","","","","MIN","4ACM4701","12.68","ASSIGN","2026-04-15 20:19"
"7441","oht_time_avg","2026-04-15 20:19:06.557+0900","N","","","","MIN","4ACM4701","0.17","REP","2026-04-15 20:19"
"7452","oht_time_avg","2026-04-15 20:20:07.222+0900","N","","","","MIN","4ACM4701","0.0","COMPLETED","2026-04-15 20:20"
"7451","oht_time_avg","2026-04-15 20:20:07.222+0900","N","","","","MIN","4ACM4701","7.19","DESPOSITED","2026-04-15 20:20"
"7450","oht_time_avg","2026-04-15 20:20:07.222+0900","N","","","","MIN","4ACM4701","125.49","TRANSFERRING","2026-04-15 20:20"
"7449","oht_time_avg","2026-04-15 20:20:07.222+0900","N","","","","MIN","4ACM4701","32.32","ACQUIRED","2026-04-15 20:20"
"7448","oht_time_avg","2026-04-15 20:20:07.222+0900","N","","","","MIN","4ACM4701","12.05","ASSIGN","2026-04-15 20:20"
"7447","oht_time_avg","2026-04-15 20:20:07.222+0900","N","","","","MIN","4ACM4701","0.18","REP","2026-04-15 20:20"
"7458","oht_time_avg","2026-04-15 20:21:07.200+0900","N","","","","MIN","4ACM4701","0.0","COMPLETED","2026-04-15 20:21"
"7457","oht_time_avg","2026-04-15 20:21:07.200+0900","N","","","","MIN","4ACM4701","7.14","DESPOSITED","2026-04-15 20:21"
"7456","oht_time_avg","2026-04-15 20:21:07.200+0900","N","","","","MIN","4ACM4701","135.27","TRANSFERRING","2026-04-15 20:21"
"7455","oht_time_avg","2026-04-15 20:21:07.200+0900","N","","","","MIN","4ACM4701","29.13","ACQUIRED","2026-04-15 20:21"
"7454","oht_time_avg","2026-04-15 20:21:07.200+0900","N","","","","MIN","4ACM4701","10.62","ASSIGN","2026-04-15 20:21"
"7453","oht_time_avg","2026-04-15 20:21:07.200+0900","N","","","","MIN","4ACM4701","1.01","REP","2026-04-15 20:21"
"7464","oht_time_avg","2026-04-15 20:22:06.843+0900","N","","","","MIN","4ACM4701","0.0","COMPLETED","2026-04-15 20:22"
"7463","oht_time_avg","2026-04-15 20:22:06.843+0900","N","","","","MIN","4ACM4701","7.3","DESPOSITED","2026-04-15 20:22"
"7462","oht_time_avg","2026-04-15 20:22:06.843+0900","N","","","","MIN","4ACM4701","136.7","TRANSFERRING","2026-04-15 20:22"
"7461","oht_time_avg","2026-04-15 20:22:06.843+0900","N","","","","MIN","4ACM4701","31.2","ACQUIRED","2026-04-15 20:22"
"7460","oht_time_avg","2026-04-15 20:22:06.843+0900","N","","","","MIN","4ACM4701","10.92","ASSIGN","2026-04-15 20:22"
"7459","oht_time_avg","2026-04-15 20:22:06.843+0900","N","","","","MIN","4ACM4701","0.18","REP","2026-04-15 20:22"
"7470","oht_time_avg","2026-04-15 20:23:06.881+0900","N","","","","MIN","4ACM4701","0.0","COMPLETED","2026-04-15 20:23"
"7469","oht_time_avg","2026-04-15 20:23:06.881+0900","N","","","","MIN","4ACM4701","7.18","DESPOSITED","2026-04-15 20:23"
"7468","oht_time_avg","2026-04-15 20:23:06.881+0900","N","","","","MIN","4ACM4701","129.35","TRANSFERRING","2026-04-15 20:23"
"7467","oht_time_avg","2026-04-15 20:23:06.881+0900","N","","","","MIN","4ACM4701","28.39","ACQUIRED","2026-04-15 20:23"
"7466","oht_time_avg","2026-04-15 20:23:06.881+0900","N","","","","MIN","4ACM4701","12.03","ASSIGN","2026-04-15 20:23"
"7465","oht_time_avg","2026-04-15 20:23:06.881+0900","N","","","","MIN","4ACM4701","0.15","REP","2026-04-15 20:23"
"7476","oht_time_avg","2026-04-15 20:24:06.389+0900","N","","","","MIN","4ACM4701","0.0","COMPLETED","2026-04-15 20:24"
"7475","oht_time_avg","2026-04-15 20:24:06.389+0900","N","","","","MIN","4ACM4701","7.4","DESPOSITED","2026-04-15 20:24"
"7474","oht_time_avg","2026-04-15 20:24:06.389+0900","N","","","","MIN","4ACM4701","132.49","TRANSFERRING","2026-04-15 20:24"
"7473","oht_time_avg","2026-04-15 20:24:06.389+0900","N","","","","MIN","4ACM4701","32.1","ACQUIRED","2026-04-15 20:24"
"7472","oht_time_avg","2026-04-15 20:24:06.389+0900","N","","","","MIN","4ACM4701","11.32","ASSIGN","2026-04-15 20:24"
"7471","oht_time_avg","2026-04-15 20:24:06.389+0900","N","","","","MIN","4ACM4701","0.18","REP","2026-04-15 20:24"
"7482","oht_time_avg","2026-04-15 20:25:06.674+0900","N","","","","MIN","4ACM4701","0.0","COMPLETED","2026-04-15 20:25"
"7481","oht_time_avg","2026-04-15 20:25:06.674+0900","N","","","","MIN","4ACM4701","7.1","DESPOSITED","2026-04-15 20:25"
"7480","oht_time_avg","2026-04-15 20:25:06.674+0900","N","","","","MIN","4ACM4701","128.81","TRANSFERRING","2026-04-15 20:25"
"7479","oht_time_avg","2026-04-15 20:25:06.674+0900","N","","","","MIN","4ACM4701","30.26","ACQUIRED","2026-04-15 20:25"
"7478","oht_time_avg","2026-04-15 20:25:06.674+0900","N","","","","MIN","4ACM4701","10.67","ASSIGN","2026-04-15 20:25"
"7477","oht_time_avg","2026-04-15 20:25:06.674+0900","N","","","","MIN","4ACM4701","0.14","REP","2026-04-15 20:25"
"7488","oht_time_avg","2026-04-15 20:26:06.472+0900","N","","","","MIN","4ACM4701","0.0","COMPLETED","2026-04-15 20:26"
"7487","oht_time_avg","2026-04-15 20:26:06.472+0900","N","","","","MIN","4ACM4701","7.18","DESPOSITED","2026-04-15 20:26"
"7486","oht_time_avg","2026-04-15 20:26:06.472+0900","N","","","","MIN","4ACM4701","139.11","TRANSFERRING","2026-04-15 20:26"
"7485","oht_time_avg","2026-04-15 20:26:06.472+0900","N","","","","MIN","4ACM4701","32.39","ACQUIRED","2026-04-15 20:26"
"7484","oht_time_avg","2026-04-15 20:26:06.472+0900","N","","","","MIN","4ACM4701","11.42","ASSIGN","2026-04-15 20:26"
"7483","oht_time_avg","2026-04-15 20:26:06.472+0900","N","","","","MIN","4ACM4701","0.23","REP","2026-04-15 20:26"
"7494","oht_time_avg","2026-04-15 20:27:06.583+0900","N","","","","MIN","4ACM4701","0.0","COMPLETED","2026-04-15 20:27"
"7493","oht_time_avg","2026-04-15 20:27:06.583+0900","N","","","","MIN","4ACM4701","7.07","DESPOSITED","2026-04-15 20:27"
"7492","oht_time_avg","2026-04-15 20:27:06.583+0900","N","","","","MIN","4ACM4701","129.58","TRANSFERRING","2026-04-15 20:27"
"7491","oht_time_avg","2026-04-15 20:27:06.583+0900","N","","","","MIN","4ACM4701","32.9","ACQUIRED","2026-04-15 20:27"
"7490","oht_time_avg","2026-04-15 20:27:06.583+0900","N","","","","MIN","4ACM4701","11.63","ASSIGN","2026-04-15 20:27"
"7489","oht_time_avg","2026-04-15 20:27:06.583+0900","N","","","","MIN","4ACM4701","0.18","REP","2026-04-15 20:27"
"7500","oht_time_avg","2026-04-15 20:28:06.611+0900","N","","","","MIN","4ACM4701","0.0","COMPLETED","2026-04-15 20:28"
"7499","oht_time_avg","2026-04-15 20:28:06.611+0900","N","","","","MIN","4ACM4701","7.16","DESPOSITED","2026-04-15 20:28"
"7498","oht_time_avg","2026-04-15 20:28:06.611+0900","N","","","","MIN","4ACM4701","127.49","TRANSFERRING","2026-04-15 20:28"
"7497","oht_time_avg","2026-04-15 20:28:06.611+0900","N","","","","MIN","4ACM4701","35.55","ACQUIRED","2026-04-15 20:28"
"7496","oht_time_avg","2026-04-15 20:28:06.611+0900","N","","","","MIN","4ACM4701","13.63","ASSIGN","2026-04-15 20:28"
"7495","oht_time_avg","2026-04-15 20:28:06.611+0900","N","","","","MIN","4ACM4701","0.19","REP","2026-04-15 20:28"
"7506","oht_time_avg","2026-04-15 20:29:07.862+0900","N","","","","MIN","4ACM4701","0.0","COMPLETED","2026-04-15 20:29"
"7505","oht_time_avg","2026-04-15 20:29:07.862+0900","N","","","","MIN","4ACM4701","7.41","DESPOSITED","2026-04-15 20:29"
"7504","oht_time_avg","2026-04-15 20:29:07.862+0900","N","","","","MIN","4ACM4701","135.16","TRANSFERRING","2026-04-15 20:29"
"7503","oht_time_avg","2026-04-15 20:29:07.862+0900","N","","","","MIN","4ACM4701","34.2","ACQUIRED","2026-04-15 20:29"
"7502","oht_time_avg","2026-04-15 20:29:07.862+0900","N","","","","MIN","4ACM4701","12.67","ASSIGN","2026-04-15 20:29"
"7501","oht_time_avg","2026-04-15 20:29:07.862+0900","N","","","","MIN","4ACM4701","0.16","REP","2026-04-15 20:29"
"7512","oht_time_avg","2026-04-15 20:30:07.182+0900","N","","","","MIN","4ACM4701","0.0","COMPLETED","2026-04-15 20:30"
"7511","oht_time_avg","2026-04-15 20:30:07.182+0900","N","","","","MIN","4ACM4701","7.37","DESPOSITED","2026-04-15 20:30"
"7510","oht_time_avg","2026-04-15 20:30:07.182+0900","N","","","","MIN","4ACM4701","139.89","TRANSFERRING","2026-04-15 20:30"
"7509","oht_time_avg","2026-04-15 20:30:07.182+0900","N","","","","MIN","4ACM4701","32.78","ACQUIRED","2026-04-15 20:30"
"7508","oht_time_avg","2026-04-15 20:30:07.182+0900","N","","","","MIN","4ACM4701","14.93","ASSIGN","2026-04-15 20:30"
"7507","oht_time_avg","2026-04-15 20:30:07.182+0900","N","","","","MIN","4ACM4701","0.18","REP","2026-04-15 20:30"
"7518","oht_time_avg","2026-04-15 20:31:06.950+0900","N","","","","MIN","4ACM4701","0.0","COMPLETED","2026-04-15 20:31"
"7517","oht_time_avg","2026-04-15 20:31:06.950+0900","N","","","","MIN","4ACM4701","7.41","DESPOSITED","2026-04-15 20:31"
"7516","oht_time_avg","2026-04-15 20:31:06.950+0900","N","","","","MIN","4ACM4701","130.86","TRANSFERRING","2026-04-15 20:31"
"7515","oht_time_avg","2026-04-15 20:31:06.950+0900","N","","","","MIN","4ACM4701","34.59","ACQUIRED","2026-04-15 20:31"
"7514","oht_time_avg","2026-04-15 20:31:06.950+0900","N","","","","MIN","4ACM4701","13.78","ASSIGN","2026-04-15 20:31"
"7513","oht_time_avg","2026-04-15 20:31:06.950+0900","N","","","","MIN","4ACM4701","0.19","REP","2026-04-15 20:31"
"7524","oht_time_avg","2026-04-15 20:32:06.386+0900","N","","","","MIN","4ACM4701","0.0","COMPLETED","2026-04-15 20:32"
"7523","oht_time_avg","2026-04-15 20:32:06.386+0900","N","","","","MIN","4ACM4701","7.12","DESPOSITED","2026-04-15 20:32"
"7522","oht_time_avg","2026-04-15 20:32:06.386+0900","N","","","","MIN","4ACM4701","129.55","TRANSFERRING","2026-04-15 20:32"
"7521","oht_time_avg","2026-04-15 20:32:06.386+0900","N","","","","MIN","4ACM4701","33.62","ACQUIRED","2026-04-15 20:32"
"7520","oht_time_avg","2026-04-15 20:32:06.386+0900","N","","","","MIN","4ACM4701","14.2","ASSIGN","2026-04-15 20:32"
"7519","oht_time_avg","2026-04-15 20:32:06.386+0900","N","","","","MIN","4ACM4701","0.18","REP","2026-04-15 20:32"
"7530","oht_time_avg","2026-04-15 20:33:07.405+0900","N","","","","MIN","4ACM4701","0.0","COMPLETED","2026-04-15 20:33"
"7529","oht_time_avg","2026-04-15 20:33:07.405+0900","N","","","","MIN","4ACM4701","7.25","DESPOSITED","2026-04-15 20:33"
"7528","oht_time_avg","2026-04-15 20:33:07.405+0900","N","","","","MIN","4ACM4701","131.73","TRANSFERRING","2026-04-15 20:33"
"7527","oht_time_avg","2026-04-15 20:33:07.405+0900","N","","","","MIN","4ACM4701","33.82","ACQUIRED","2026-04-15 20:33"
"7526","oht_time_avg","2026-04-15 20:33:07.405+0900","N","","","","MIN","4ACM4701","15.08","ASSIGN","2026-04-15 20:33"
"7525","oht_time_avg","2026-04-15 20:33:07.405+0900","N","","","","MIN","4ACM4701","1.26","REP","2026-04-15 20:33"
"7536","oht_time_avg","2026-04-15 20:34:07.016+0900","N","","","","MIN","4ACM4701","0.0","COMPLETED","2026-04-15 20:34"
"7535","oht_time_avg","2026-04-15 20:34:07.016+0900","N","","","","MIN","4ACM4701","7.35","DESPOSITED","2026-04-15 20:34"
"7534","oht_time_avg","2026-04-15 20:34:07.016+0900","N","","","","MIN","4ACM4701","137.39","TRANSFERRING","2026-04-15 20:34"
"7533","oht_time_avg","2026-04-15 20:34:07.016+0900","N","","","","MIN","4ACM4701","33.23","ACQUIRED","2026-04-15 20:34"
"7532","oht_time_avg","2026-04-15 20:34:07.016+0900","N","","","","MIN","4ACM4701","13.82","ASSIGN","2026-04-15 20:34"
"7531","oht_time_avg","2026-04-15 20:34:07.016+0900","N","","","","MIN","4ACM4701","0.18","REP","2026-04-15 20:34"
"7542","oht_time_avg","2026-04-15 20:35:07.548+0900","N","","","","MIN","4ACM4701","0.0","COMPLETED","2026-04-15 20:35"
"7541","oht_time_avg","2026-04-15 20:35:07.548+0900","N","","","","MIN","4ACM4701","7.27","DESPOSITED","2026-04-15 20:35"
"7540","oht_time_avg","2026-04-15 20:35:07.548+0900","N","","","","MIN","4ACM4701","137.73","TRANSFERRING","2026-04-15 20:35"
"7539","oht_time_avg","2026-04-15 20:35:07.548+0900","N","","","","MIN","4ACM4701","34.69","ACQUIRED","2026-04-15 20:35"
"7538","oht_time_avg","2026-04-15 20:35:07.548+0900","N","","","","MIN","4ACM4701","13.41","ASSIGN","2026-04-15 20:35"
"7537","oht_time_avg","2026-04-15 20:35:07.548+0900","N","","","","MIN","4ACM4701","0.19","REP","2026-04-15 20:35"
"7548","oht_time_avg","2026-04-15 20:36:06.375+0900","N","","","","MIN","4ACM4701","0.0","COMPLETED","2026-04-15 20:36"
"7547","oht_time_avg","2026-04-15 20:36:06.375+0900","N","","","","MIN","4ACM4701","7.05","DESPOSITED","2026-04-15 20:36"
"7546","oht_time_avg","2026-04-15 20:36:06.375+0900","N","","","","MIN","4ACM4701","138.53","TRANSFERRING","2026-04-15 20:36"
"7545","oht_time_avg","2026-04-15 20:36:06.375+0900","N","","","","MIN","4ACM4701","31.75","ACQUIRED","2026-04-15 20:36"
"7544","oht_time_avg","2026-04-15 20:36:06.375+0900","N","","","","MIN","4ACM4701","13.15","ASSIGN","2026-04-15 20:36"
"7543","oht_time_avg","2026-04-15 20:36:06.375+0900","N","","","","MIN","4ACM4701","1.04","REP","2026-04-15 20:36"
"7554","oht_time_avg","2026-04-15 20:37:06.468+0900","N","","","","MIN","4ACM4701","0.0","COMPLETED","2026-04-15 20:37"
"7553","oht_time_avg","2026-04-15 20:37:06.468+0900","N","","","","MIN","4ACM4701","7.11","DESPOSITED","2026-04-15 20:37"
"7552","oht_time_avg","2026-04-15 20:37:06.468+0900","N","","","","MIN","4ACM4701","135.14","TRANSFERRING","2026-04-15 20:37"
"7551","oht_time_avg","2026-04-15 20:37:06.468+0900","N","","","","MIN","4ACM4701","31.97","ACQUIRED","2026-04-15 20:37"
"7550","oht_time_avg","2026-04-15 20:37:06.468+0900","N","","","","MIN","4ACM4701","11.32","ASSIGN","2026-04-15 20:37"
"7549","oht_time_avg","2026-04-15 20:37:06.468+0900","N","","","","MIN","4ACM4701","0.18","REP","2026-04-15 20:37"
"7560","oht_time_avg","2026-04-15 20:38:06.547+0900","N","","","","MIN","4ACM4701","0.0","COMPLETED","2026-04-15 20:38"
"7559","oht_time_avg","2026-04-15 20:38:06.547+0900","N","","","","MIN","4ACM4701","7.0","DESPOSITED","2026-04-15 20:38"
"7558","oht_time_avg","2026-04-15 20:38:06.547+0900","N","","","","MIN","4ACM4701","132.85","TRANSFERRING","2026-04-15 20:38"
"7557","oht_time_avg","2026-04-15 20:38:06.547+0900","N","","","","MIN","4ACM4701","32.73","ACQUIRED","2026-04-15 20:38"
"7556","oht_time_avg","2026-04-15 20:38:06.547+0900","N","","","","MIN","4ACM4701","12.0","ASSIGN","2026-04-15 20:38"
"7555","oht_time_avg","2026-04-15 20:38:06.547+0900","N","","","","MIN","4ACM4701","1.37","REP","2026-04-15 20:38"
"7566","oht_time_avg","2026-04-15 20:39:07.921+0900","N","","","","MIN","4ACM4701","0.0","COMPLETED","2026-04-15 20:39"
"7565","oht_time_avg","2026-04-15 20:39:07.921+0900","N","","","","MIN","4ACM4701","7.25","DESPOSITED","2026-04-15 20:39"
"7564","oht_time_avg","2026-04-15 20:39:07.921+0900","N","","","","MIN","4ACM4701","134.07","TRANSFERRING","2026-04-15 20:39"
"7563","oht_time_avg","2026-04-15 20:39:07.921+0900","N","","","","MIN","4ACM4701","34.56","ACQUIRED","2026-04-15 20:39"
"7562","oht_time_avg","2026-04-15 20:39:07.921+0900","N","","","","MIN","4ACM4701","13.49","ASSIGN","2026-04-15 20:39"
"7561","oht_time_avg","2026-04-15 20:39:07.921+0900","N","","","","MIN","4ACM4701","0.18","REP","2026-04-15 20:39"
"7572","oht_time_avg","2026-04-15 20:40:07.603+0900","N","","","","MIN","4ACM4701","0.0","COMPLETED","2026-04-15 20:40"
"7571","oht_time_avg","2026-04-15 20:40:07.603+0900","N","","","","MIN","4ACM4701","7.45","DESPOSITED","2026-04-15 20:40"
"7570","oht_time_avg","2026-04-15 20:40:07.603+0900","N","","","","MIN","4ACM4701","134.35","TRANSFERRING","2026-04-15 20:40"
"7569","oht_time_avg","2026-04-15 20:40:07.603+0900","N","","","","MIN","4ACM4701","31.99","ACQUIRED","2026-04-15 20:40"
"7568","oht_time_avg","2026-04-15 20:40:07.603+0900","N","","","","MIN","4ACM4701","13.67","ASSIGN","2026-04-15 20:40"
"7567","oht_time_avg","2026-04-15 20:40:07.603+0900","N","","","","MIN","4ACM4701","0.2","REP","2026-04-15 20:40"
"7578","oht_time_avg","2026-04-15 20:41:06.430+0900","N","","","","MIN","4ACM4701","0.0","COMPLETED","2026-04-15 20:41"
"7577","oht_time_avg","2026-04-15 20:41:06.430+0900","N","","","","MIN","4ACM4701","7.55","DESPOSITED","2026-04-15 20:41"
"7576","oht_time_avg","2026-04-15 20:41:06.430+0900","N","","","","MIN","4ACM4701","130.45","TRANSFERRING","2026-04-15 20:41"
"7575","oht_time_avg","2026-04-15 20:41:06.430+0900","N","","","","MIN","4ACM4701","32.97","ACQUIRED","2026-04-15 20:41"
"7574","oht_time_avg","2026-04-15 20:41:06.430+0900","N","","","","MIN","4ACM4701","13.19","ASSIGN","2026-04-15 20:41"
"7573","oht_time_avg","2026-04-15 20:41:06.430+0900","N","","","","MIN","4ACM4701","0.12","REP","2026-04-15 20:41"
"7584","oht_time_avg","2026-04-15 20:42:06.255+0900","N","","","","MIN","4ACM4701","0.0","COMPLETED","2026-04-15 20:42"
"7583","oht_time_avg","2026-04-15 20:42:06.255+0900","N","","","","MIN","4ACM4701","7.18","DESPOSITED","2026-04-15 20:42"
"7582","oht_time_avg","2026-04-15 20:42:06.255+0900","N","","","","MIN","4ACM4701","138.34","TRANSFERRING","2026-04-15 20:42"
"7581","oht_time_avg","2026-04-15 20:42:06.255+0900","N","","","","MIN","4ACM4701","33.92","ACQUIRED","2026-04-15 20:42"
"7580","oht_time_avg","2026-04-15 20:42:06.255+0900","N","","","","MIN","4ACM4701","13.57","ASSIGN","2026-04-15 20:42"
"7579","oht_time_avg","2026-04-15 20:42:06.255+0900","N","","","","MIN","4ACM4701","0.16","REP","2026-04-15 20:42"
"7590","oht_time_avg","2026-04-15 20:43:06.997+0900","N","","","","MIN","4ACM4701","0.0","COMPLETED","2026-04-15 20:43"
"7589","oht_time_avg","2026-04-15 20:43:06.997+0900","N","","","","MIN","4ACM4701","7.47","DESPOSITED","2026-04-15 20:43"
"7588","oht_time_avg","2026-04-15 20:43:06.997+0900","N","","","","MIN","4ACM4701","137.98","TRANSFERRING","2026-04-15 20:43"
"7587","oht_time_avg","2026-04-15 20:43:06.997+0900","N","","","","MIN","4ACM4701","31.05","ACQUIRED","2026-04-15 20:43"
"7586","oht_time_avg","2026-04-15 20:43:06.997+0900","N","","","","MIN","4ACM4701","14.56","ASSIGN","2026-04-15 20:43"
"7585","oht_time_avg","2026-04-15 20:43:06.997+0900","N","","","","MIN","4ACM4701","0.17","REP","2026-04-15 20:43"
"7596","oht_time_avg","2026-04-15 20:44:06.838+0900","N","","","","MIN","4ACM4701","0.0","COMPLETED","2026-04-15 20:44"
"7595","oht_time_avg","2026-04-15 20:44:06.838+0900","N","","","","MIN","4ACM4701","7.19","DESPOSITED","2026-04-15 20:44"
"7594","oht_time_avg","2026-04-15 20:44:06.838+0900","N","","","","MIN","4ACM4701","125.05","TRANSFERRING","2026-04-15 20:44"
"7593","oht_time_avg","2026-04-15 20:44:06.838+0900","N","","","","MIN","4ACM4701","35.1","ACQUIRED","2026-04-15 20:44"
"7592","oht_time_avg","2026-04-15 20:44:06.838+0900","N","","","","MIN","4ACM4701","12.29","ASSIGN","2026-04-15 20:44"
"7591","oht_time_avg","2026-04-15 20:44:06.838+0900","N","","","","MIN","4ACM4701","0.17","REP","2026-04-15 20:44"
"7602","oht_time_avg","2026-04-15 20:45:06.656+0900","N","","","","MIN","4ACM4701","0.0","COMPLETED","2026-04-15 20:45"
"7601","oht_time_avg","2026-04-15 20:45:06.656+0900","N","","","","MIN","4ACM4701","7.15","DESPOSITED","2026-04-15 20:45"
"7600","oht_time_avg","2026-04-15 20:45:06.656+0900","N","","","","MIN","4ACM4701","126.67","TRANSFERRING","2026-04-15 20:45"
"7599","oht_time_avg","2026-04-15 20:45:06.656+0900","N","","","","MIN","4ACM4701","32.97","ACQUIRED","2026-04-15 20:45"
"7598","oht_time_avg","2026-04-15 20:45:06.656+0900","N","","","","MIN","4ACM4701","11.74","ASSIGN","2026-04-15 20:45"
"7597","oht_time_avg","2026-04-15 20:45:06.656+0900","N","","","","MIN","4ACM4701","0.37","REP","2026-04-15 20:45"
"7608","oht_time_avg","2026-04-15 20:46:06.287+0900","N","","","","MIN","4ACM4701","0.0","COMPLETED","2026-04-15 20:46"
"7607","oht_time_avg","2026-04-15 20:46:06.287+0900","N","","","","MIN","4ACM4701","7.02","DESPOSITED","2026-04-15 20:46"
"7606","oht_time_avg","2026-04-15 20:46:06.287+0900","N","","","","MIN","4ACM4701","121.86","TRANSFERRING","2026-04-15 20:46"
"7605","oht_time_avg","2026-04-15 20:46:06.287+0900","N","","","","MIN","4ACM4701","32.1","ACQUIRED","2026-04-15 20:46"
"7604","oht_time_avg","2026-04-15 20:46:06.287+0900","N","","","","MIN","4ACM4701","9.97","ASSIGN","2026-04-15 20:46"
"7603","oht_time_avg","2026-04-15 20:46:06.287+0900","N","","","","MIN","4ACM4701","0.18","REP","2026-04-15 20:46"
"7614","oht_time_avg","2026-04-15 20:47:06.952+0900","N","","","","MIN","4ACM4701","0.0","COMPLETED","2026-04-15 20:47"
"7613","oht_time_avg","2026-04-15 20:47:06.952+0900","N","","","","MIN","4ACM4701","6.98","DESPOSITED","2026-04-15 20:47"
"7612","oht_time_avg","2026-04-15 20:47:06.952+0900","N","","","","MIN","4ACM4701","138.49","TRANSFERRING","2026-04-15 20:47"
"7611","oht_time_avg","2026-04-15 20:47:06.952+0900","N","","","","MIN","4ACM4701","28.99","ACQUIRED","2026-04-15 20:47"
"7610","oht_time_avg","2026-04-15 20:47:06.952+0900","N","","","","MIN","4ACM4701","11.81","ASSIGN","2026-04-15 20:47"
"7609","oht_time_avg","2026-04-15 20:47:06.952+0900","N","","","","MIN","4ACM4701","0.23","REP","2026-04-15 20:47"
"7620","oht_time_avg","2026-04-15 20:48:07.178+0900","N","","","","MIN","4ACM4701","0.0","COMPLETED","2026-04-15 20:48"
"7619","oht_time_avg","2026-04-15 20:48:07.178+0900","N","","","","MIN","4ACM4701","7.18","DESPOSITED","2026-04-15 20:48"
"7618","oht_time_avg","2026-04-15 20:48:07.178+0900","N","","","","MIN","4ACM4701","136.52","TRANSFERRING","2026-04-15 20:48"
"7617","oht_time_avg","2026-04-15 20:48:07.178+0900","N","","","","MIN","4ACM4701","33.51","ACQUIRED","2026-04-15 20:48"
"7616","oht_time_avg","2026-04-15 20:48:07.178+0900","N","","","","MIN","4ACM4701","12.59","ASSIGN","2026-04-15 20:48"
"7615","oht_time_avg","2026-04-15 20:48:07.178+0900","N","","","","MIN","4ACM4701","0.2","REP","2026-04-15 20:48"
"7626","oht_time_avg","2026-04-15 20:49:06.365+0900","N","","","","MIN","4ACM4701","0.0","COMPLETED","2026-04-15 20:49"
"7625","oht_time_avg","2026-04-15 20:49:06.365+0900","N","","","","MIN","4ACM4701","7.18","DESPOSITED","2026-04-15 20:49"
"7624","oht_time_avg","2026-04-15 20:49:06.365+0900","N","","","","MIN","4ACM4701","130.81","TRANSFERRING","2026-04-15 20:49"
"7623","oht_time_avg","2026-04-15 20:49:06.365+0900","N","","","","MIN","4ACM4701","30.67","ACQUIRED","2026-04-15 20:49"
"7622","oht_time_avg","2026-04-15 20:49:06.365+0900","N","","","","MIN","4ACM4701","11.89","ASSIGN","2026-04-15 20:49"
"7621","oht_time_avg","2026-04-15 20:49:06.365+0900","N","","","","MIN","4ACM4701","0.18","REP","2026-04-15 20:49"
"7632","oht_time_avg","2026-04-15 20:50:06.901+0900","N","","","","MIN","4ACM4701","0.0","COMPLETED","2026-04-15 20:50"
"7631","oht_time_avg","2026-04-15 20:50:06.901+0900","N","","","","MIN","4ACM4701","7.19","DESPOSITED","2026-04-15 20:50"
"7630","oht_time_avg","2026-04-15 20:50:06.901+0900","N","","","","MIN","4ACM4701","130.94","TRANSFERRING","2026-04-15 20:50"
"7629","oht_time_avg","2026-04-15 20:50:06.901+0900","N","","","","MIN","4ACM4701","30.13","ACQUIRED","2026-04-15 20:50"
"7628","oht_time_avg","2026-04-15 20:50:06.901+0900","N","","","","MIN","4ACM4701","9.37","ASSIGN","2026-04-15 20:50"
"7627","oht_time_avg","2026-04-15 20:50:06.901+0900","N","","","","MIN","4ACM4701","0.17","REP","2026-04-15 20:50"
"7638","oht_time_avg","2026-04-15 20:51:06.866+0900","N","","","","MIN","4ACM4701","0.0","COMPLETED","2026-04-15 20:51"
"7637","oht_time_avg","2026-04-15 20:51:06.866+0900","N","","","","MIN","4ACM4701","7.26","DESPOSITED","2026-04-15 20:51"
"7636","oht_time_avg","2026-04-15 20:51:06.866+0900","N","","","","MIN","4ACM4701","124.66","TRANSFERRING","2026-04-15 20:51"
"7635","oht_time_avg","2026-04-15 20:51:06.866+0900","N","","","","MIN","4ACM4701","28.53","ACQUIRED","2026-04-15 20:51"
"7634","oht_time_avg","2026-04-15 20:51:06.866+0900","N","","","","MIN","4ACM4701","10.76","ASSIGN","2026-04-15 20:51"
"7633","oht_time_avg","2026-04-15 20:51:06.866+0900","N","","","","MIN","4ACM4701","0.18","REP","2026-04-15 20:51"
"7644","oht_time_avg","2026-04-15 20:52:06.843+0900","N","","","","MIN","4ACM4701","0.0","COMPLETED","2026-04-15 20:52"
"7643","oht_time_avg","2026-04-15 20:52:06.843+0900","N","","","","MIN","4ACM4701","7.04","DESPOSITED","2026-04-15 20:52"
"7642","oht_time_avg","2026-04-15 20:52:06.843+0900","N","","","","MIN","4ACM4701","135.02","TRANSFERRING","2026-04-15 20:52"
"7641","oht_time_avg","2026-04-15 20:52:06.843+0900","N","","","","MIN","4ACM4701","30.95","ACQUIRED","2026-04-15 20:52"
"7640","oht_time_avg","2026-04-15 20:52:06.843+0900","N","","","","MIN","4ACM4701","11.33","ASSIGN","2026-04-15 20:52"
"7639","oht_time_avg","2026-04-15 20:52:06.843+0900","N","","","","MIN","4ACM4701","1.06","REP","2026-04-15 20:52"
"7650","oht_time_avg","2026-04-15 20:53:06.974+0900","N","","","","MIN","4ACM4701","0.0","COMPLETED","2026-04-15 20:53"
"7649","oht_time_avg","2026-04-15 20:53:06.974+0900","N","","","","MIN","4ACM4701","7.05","DESPOSITED","2026-04-15 20:53"
"7648","oht_time_avg","2026-04-15 20:53:06.974+0900","N","","","","MIN","4ACM4701","133.43","TRANSFERRING","2026-04-15 20:53"
"7647","oht_time_avg","2026-04-15 20:53:06.974+0900","N","","","","MIN","4ACM4701","33.72","ACQUIRED","2026-04-15 20:53"
"7646","oht_time_avg","2026-04-15 20:53:06.974+0900","N","","","","MIN","4ACM4701","13.82","ASSIGN","2026-04-15 20:53"
"7645","oht_time_avg","2026-04-15 20:53:06.974+0900","N","","","","MIN","4ACM4701","0.18","REP","2026-04-15 20:53"
"7656","oht_time_avg","2026-04-15 20:54:06.921+0900","N","","","","MIN","4ACM4701","0.0","COMPLETED","2026-04-15 20:54"
"7655","oht_time_avg","2026-04-15 20:54:06.921+0900","N","","","","MIN","4ACM4701","7.21","DESPOSITED","2026-04-15 20:54"
"7654","oht_time_avg","2026-04-15 20:54:06.921+0900","N","","","","MIN","4ACM4701","127.48","TRANSFERRING","2026-04-15 20:54"
"7653","oht_time_avg","2026-04-15 20:54:06.921+0900","N","","","","MIN","4ACM4701","31.87","ACQUIRED","2026-04-15 20:54"
"7652","oht_time_avg","2026-04-15 20:54:06.921+0900","N","","","","MIN","4ACM4701","12.46","ASSIGN","2026-04-15 20:54"
"7651","oht_time_avg","2026-04-15 20:54:06.921+0900","N","","","","MIN","4ACM4701","0.16","REP","2026-04-15 20:54"
"7662","oht_time_avg","2026-04-15 20:55:06.741+0900","N","","","","MIN","4ACM4701","0.0","COMPLETED","2026-04-15 20:55"
"7661","oht_time_avg","2026-04-15 20:55:06.741+0900","N","","","","MIN","4ACM4701","7.28","DESPOSITED","2026-04-15 20:55"
"7660","oht_time_avg","2026-04-15 20:55:06.741+0900","N","","","","MIN","4ACM4701","130.49","TRANSFERRING","2026-04-15 20:55"
"7659","oht_time_avg","2026-04-15 20:55:06.741+0900","N","","","","MIN","4ACM4701","31.15","ACQUIRED","2026-04-15 20:55"
"7658","oht_time_avg","2026-04-15 20:55:06.741+0900","N","","","","MIN","4ACM4701","11.69","ASSIGN","2026-04-15 20:55"
"7657","oht_time_avg","2026-04-15 20:55:06.741+0900","N","","","","MIN","4ACM4701","0.17","REP","2026-04-15 20:55"
"7668","oht_time_avg","2026-04-15 20:56:06.388+0900","N","","","","MIN","4ACM4701","0.0","COMPLETED","2026-04-15 20:56"
"7667","oht_time_avg","2026-04-15 20:56:06.388+0900","N","","","","MIN","4ACM4701","7.06","DESPOSITED","2026-04-15 20:56"
"7666","oht_time_avg","2026-04-15 20:56:06.388+0900","N","","","","MIN","4ACM4701","131.45","TRANSFERRING","2026-04-15 20:56"
"7665","oht_time_avg","2026-04-15 20:56:06.388+0900","N","","","","MIN","4ACM4701","32.55","ACQUIRED","2026-04-15 20:56"
"7664","oht_time_avg","2026-04-15 20:56:06.388+0900","N","","","","MIN","4ACM4701","12.65","ASSIGN","2026-04-15 20:56"
"7663","oht_time_avg","2026-04-15 20:56:06.388+0900","N","","","","MIN","4ACM4701","0.18","REP","2026-04-15 20:56"
"7674","oht_time_avg","2026-04-15 20:57:06.496+0900","N","","","","MIN","4ACM4701","0.0","COMPLETED","2026-04-15 20:57"
"7673","oht_time_avg","2026-04-15 20:57:06.496+0900","N","","","","MIN","4ACM4701","7.27","DESPOSITED","2026-04-15 20:57"
"7672","oht_time_avg","2026-04-15 20:57:06.496+0900","N","","","","MIN","4ACM4701","129.97","TRANSFERRING","2026-04-15 20:57"
"7671","oht_time_avg","2026-04-15 20:57:06.496+0900","N","","","","MIN","4ACM4701","30.35","ACQUIRED","2026-04-15 20:57"
"7670","oht_time_avg","2026-04-15 20:57:06.496+0900","N","","","","MIN","4ACM4701","11.07","ASSIGN","2026-04-15 20:57"
"7669","oht_time_avg","2026-04-15 20:57:06.496+0900","N","","","","MIN","4ACM4701","0.18","REP","2026-04-15 20:57"
"7680","oht_time_avg","2026-04-15 20:58:06.635+0900","N","","","","MIN","4ACM4701","0.0","COMPLETED","2026-04-15 20:58"
"7679","oht_time_avg","2026-04-15 20:58:06.635+0900","N","","","","MIN","4ACM4701","7.11","DESPOSITED","2026-04-15 20:58"
"7678","oht_time_avg","2026-04-15 20:58:06.635+0900","N","","","","MIN","4ACM4701","131.33","TRANSFERRING","2026-04-15 20:58"
"7677","oht_time_avg","2026-04-15 20:58:06.635+0900","N","","","","MIN","4ACM4701","31.53","ACQUIRED","2026-04-15 20:58"
"7676","oht_time_avg","2026-04-15 20:58:06.635+0900","N","","","","MIN","4ACM4701","10.38","ASSIGN","2026-04-15 20:58"
"7675","oht_time_avg","2026-04-15 20:58:06.635+0900","N","","","","MIN","4ACM4701","0.16","REP","2026-04-15 20:58"
"7686","oht_time_avg","2026-04-15 20:59:06.474+0900","N","","","","MIN","4ACM4701","2.13","COMPLETED","2026-04-15 20:59"
"7685","oht_time_avg","2026-04-15 20:59:06.474+0900","N","","","","MIN","4ACM4701","7.15","DESPOSITED","2026-04-15 20:59"
"7684","oht_time_avg","2026-04-15 20:59:06.474+0900","N","","","","MIN","4ACM4701","124.92","TRANSFERRING","2026-04-15 20:59"
"7683","oht_time_avg","2026-04-15 20:59:06.474+0900","N","","","","MIN","4ACM4701","30.2","ACQUIRED","2026-04-15 20:59"
"7682","oht_time_avg","2026-04-15 20:59:06.474+0900","N","","","","MIN","4ACM4701","13.95","ASSIGN","2026-04-15 20:59"
"7681","oht_time_avg","2026-04-15 20:59:06.474+0900","N","","","","MIN","4ACM4701","0.21","REP","2026-04-15 20:59"
"7692","oht_time_avg","2026-04-15 21:00:07.225+0900","N","","","","MIN","4ACM4701","0.0","COMPLETED","2026-04-15 21:00"
"7691","oht_time_avg","2026-04-15 21:00:07.225+0900","N","","","","MIN","4ACM4701","7.18","DESPOSITED","2026-04-15 21:00"
"7690","oht_time_avg","2026-04-15 21:00:07.225+0900","N","","","","MIN","4ACM4701","130.71","TRANSFERRING","2026-04-15 21:00"
"7689","oht_time_avg","2026-04-15 21:00:07.225+0900","N","","","","MIN","4ACM4701","32.18","ACQUIRED","2026-04-15 21:00"
"7688","oht_time_avg","2026-04-15 21:00:07.225+0900","N","","","","MIN","4ACM4701","11.57","ASSIGN","2026-04-15 21:00"
"7687","oht_time_avg","2026-04-15 21:00:07.225+0900","N","","","","MIN","4ACM4701","0.17","REP","2026-04-15 21:00"
"7698","oht_time_avg","2026-04-15 21:01:08.746+0900","N","","","","MIN","4ACM4701","0.0","COMPLETED","2026-04-15 21:01"
"7697","oht_time_avg","2026-04-15 21:01:08.746+0900","N","","","","MIN","4ACM4701","7.31","DESPOSITED","2026-04-15 21:01"
"7696","oht_time_avg","2026-04-15 21:01:08.746+0900","N","","","","MIN","4ACM4701","136.69","TRANSFERRING","2026-04-15 21:01"
"7695","oht_time_avg","2026-04-15 21:01:08.746+0900","N","","","","MIN","4ACM4701","31.3","ACQUIRED","2026-04-15 21:01"
"7694","oht_time_avg","2026-04-15 21:01:08.746+0900","N","","","","MIN","4ACM4701","10.77","ASSIGN","2026-04-15 21:01"
"7693","oht_time_avg","2026-04-15 21:01:08.746+0900","N","","","","MIN","4ACM4701","0.81","REP","2026-04-15 21:01"
"7704","oht_time_avg","2026-04-15 21:01:09.164+0900","N","","","","HOUR","4ACM4701","0.0","COMPLETED","2026-04-15 21:00"
"7703","oht_time_avg","2026-04-15 21:01:09.164+0900","N","","","","HOUR","4ACM4701","7.06","DESPOSITED","2026-04-15 21:00"
"7702","oht_time_avg","2026-04-15 21:01:09.164+0900","N","","","","HOUR","4ACM4701","130.31","TRANSFERRING","2026-04-15 21:00"
"7701","oht_time_avg","2026-04-15 21:01:09.164+0900","N","","","","HOUR","4ACM4701","31.88","ACQUIRED","2026-04-15 21:00"
"7700","oht_time_avg","2026-04-15 21:01:09.164+0900","N","","","","HOUR","4ACM4701","11.98","ASSIGN","2026-04-15 21:00"
"7699","oht_time_avg","2026-04-15 21:01:09.164+0900","N","","","","HOUR","4ACM4701","0.17","REP","2026-04-15 21:00"
"7710","oht_time_avg","2026-04-15 21:02:06.700+0900","N","","","","MIN","4ACM4701","0.0","COMPLETED","2026-04-15 21:02"
"7709","oht_time_avg","2026-04-15 21:02:06.700+0900","N","","","","MIN","4ACM4701","7.04","DESPOSITED","2026-04-15 21:02"
"7708","oht_time_avg","2026-04-15 21:02:06.700+0900","N","","","","MIN","4ACM4701","132.84","TRANSFERRING","2026-04-15 21:02"
"7707","oht_time_avg","2026-04-15 21:02:06.700+0900","N","","","","MIN","4ACM4701","32.17","ACQUIRED","2026-04-15 21:02"
"7706","oht_time_avg","2026-04-15 21:02:06.700+0900","N","","","","MIN","4ACM4701","11.69","ASSIGN","2026-04-15 21:02"
"7705","oht_time_avg","2026-04-15 21:02:06.700+0900","N","","","","MIN","4ACM4701","0.19","REP","2026-04-15 21:02"
"7716","oht_time_avg","2026-04-15 21:03:06.383+0900","N","","","","MIN","4ACM4701","0.0","COMPLETED","2026-04-15 21:03"
"7715","oht_time_avg","2026-04-15 21:03:06.383+0900","N","","","","MIN","4ACM4701","7.31","DESPOSITED","2026-04-15 21:03"
"7714","oht_time_avg","2026-04-15 21:03:06.383+0900","N","","","","MIN","4ACM4701","139.9","TRANSFERRING","2026-04-15 21:03"
"7713","oht_time_avg","2026-04-15 21:03:06.383+0900","N","","","","MIN","4ACM4701","30.24","ACQUIRED","2026-04-15 21:03"
"7712","oht_time_avg","2026-04-15 21:03:06.383+0900","N","","","","MIN","4ACM4701","13.26","ASSIGN","2026-04-15 21:03"
"7711","oht_time_avg","2026-04-15 21:03:06.383+0900","N","","","","MIN","4ACM4701","1.73","REP","2026-04-15 21:03"
"7722","oht_time_avg","2026-04-15 21:04:07.235+0900","N","","","","MIN","4ACM4701","0.0","COMPLETED","2026-04-15 21:04"
"7721","oht_time_avg","2026-04-15 21:04:07.235+0900","N","","","","MIN","4ACM4701","7.44","DESPOSITED","2026-04-15 21:04"
"7720","oht_time_avg","2026-04-15 21:04:07.235+0900","N","","","","MIN","4ACM4701","132.34","TRANSFERRING","2026-04-15 21:04"
"7719","oht_time_avg","2026-04-15 21:04:07.235+0900","N","","","","MIN","4ACM4701","32.16","ACQUIRED","2026-04-15 21:04"
"7718","oht_time_avg","2026-04-15 21:04:07.235+0900","N","","","","MIN","4ACM4701","12.64","ASSIGN","2026-04-15 21:04"
"7717","oht_time_avg","2026-04-15 21:04:07.235+0900","N","","","","MIN","4ACM4701","0.2","REP","2026-04-15 21:04"
"7728","oht_time_avg","2026-04-15 21:05:07.024+0900","N","","","","MIN","4ACM4701","0.0","COMPLETED","2026-04-15 21:05"
"7727","oht_time_avg","2026-04-15 21:05:07.024+0900","N","","","","MIN","4ACM4701","7.04","DESPOSITED","2026-04-15 21:05"
"7726","oht_time_avg","2026-04-15 21:05:07.024+0900","N","","","","MIN","4ACM4701","126.98","TRANSFERRING","2026-04-15 21:05"
"7725","oht_time_avg","2026-04-15 21:05:07.024+0900","N","","","","MIN","4ACM4701","33.53","ACQUIRED","2026-04-15 21:05"
"7724","oht_time_avg","2026-04-15 21:05:07.024+0900","N","","","","MIN","4ACM4701","12.79","ASSIGN","2026-04-15 21:05"
"7723","oht_time_avg","2026-04-15 21:05:07.024+0900","N","","","","MIN","4ACM4701","0.19","REP","2026-04-15 21:05"
"7734","oht_time_avg","2026-04-15 21:06:07.730+0900","N","","","","MIN","4ACM4701","0.0","COMPLETED","2026-04-15 21:06"
"7733","oht_time_avg","2026-04-15 21:06:07.730+0900","N","","","","MIN","4ACM4701","7.23","DESPOSITED","2026-04-15 21:06"
"7732","oht_time_avg","2026-04-15 21:06:07.730+0900","N","","","","MIN","4ACM4701","141.78","TRANSFERRING","2026-04-15 21:06"
"7731","oht_time_avg","2026-04-15 21:06:07.730+0900","N","","","","MIN","4ACM4701","36.25","ACQUIRED","2026-04-15 21:06"
"7730","oht_time_avg","2026-04-15 21:06:07.730+0900","N","","","","MIN","4ACM4701","13.43","ASSIGN","2026-04-15 21:06"
"7729","oht_time_avg","2026-04-15 21:06:07.730+0900","N","","","","MIN","4ACM4701","0.18","REP","2026-04-15 21:06"
"7740","oht_time_avg","2026-04-15 21:07:10.549+0900","N","","","","MIN","4ACM4701","0.0","COMPLETED","2026-04-15 21:07"
"7739","oht_time_avg","2026-04-15 21:07:10.549+0900","N","","","","MIN","4ACM4701","7.11","DESPOSITED","2026-04-15 21:07"
"7738","oht_time_avg","2026-04-15 21:07:10.549+0900","N","","","","MIN","4ACM4701","140.77","TRANSFERRING","2026-04-15 21:07"
"7737","oht_time_avg","2026-04-15 21:07:10.549+0900","N","","","","MIN","4ACM4701","32.96","ACQUIRED","2026-04-15 21:07"
"7736","oht_time_avg","2026-04-15 21:07:10.549+0900","N","","","","MIN","4ACM4701","14.54","ASSIGN","2026-04-15 21:07"
"7735","oht_time_avg","2026-04-15 21:07:10.549+0900","N","","","","MIN","4ACM4701","0.23","REP","2026-04-15 21:07"
"7746","oht_time_avg","2026-04-15 21:08:07.462+0900","N","","","","MIN","4ACM4701","0.0","COMPLETED","2026-04-15 21:08"
"7745","oht_time_avg","2026-04-15 21:08:07.462+0900","N","","","","MIN","4ACM4701","7.45","DESPOSITED","2026-04-15 21:08"
"7744","oht_time_avg","2026-04-15 21:08:07.462+0900","N","","","","MIN","4ACM4701","149.88","TRANSFERRING","2026-04-15 21:08"
"7743","oht_time_avg","2026-04-15 21:08:07.462+0900","N","","","","MIN","4ACM4701","34.71","ACQUIRED","2026-04-15 21:08"
"7742","oht_time_avg","2026-04-15 21:08:07.462+0900","N","","","","MIN","4ACM4701","14.87","ASSIGN","2026-04-15 21:08"
"7741","oht_time_avg","2026-04-15 21:08:07.462+0900","N","","","","MIN","4ACM4701","0.18","REP","2026-04-15 21:08"
"7752","oht_time_avg","2026-04-15 21:09:08.078+0900","N","","","","MIN","4ACM4701","0.0","COMPLETED","2026-04-15 21:09"
"7751","oht_time_avg","2026-04-15 21:09:08.078+0900","N","","","","MIN","4ACM4701","7.07","DESPOSITED","2026-04-15 21:09"
"7750","oht_time_avg","2026-04-15 21:09:08.078+0900","N","","","","MIN","4ACM4701","128.52","TRANSFERRING","2026-04-15 21:09"
"7749","oht_time_avg","2026-04-15 21:09:08.078+0900","N","","","","MIN","4ACM4701","33.22","ACQUIRED","2026-04-15 21:09"
"7748","oht_time_avg","2026-04-15 21:09:08.078+0900","N","","","","MIN","4ACM4701","12.02","ASSIGN","2026-04-15 21:09"
"7747","oht_time_avg","2026-04-15 21:09:08.078+0900","N","","","","MIN","4ACM4701","0.18","REP","2026-04-15 21:09"
"7758","oht_time_avg","2026-04-15 21:10:06.694+0900","N","","","","MIN","4ACM4701","0.0","COMPLETED","2026-04-15 21:10"
"7757","oht_time_avg","2026-04-15 21:10:06.694+0900","N","","","","MIN","4ACM4701","7.5","DESPOSITED","2026-04-15 21:10"
"7756","oht_time_avg","2026-04-15 21:10:06.694+0900","N","","","","MIN","4ACM4701","130.44","TRANSFERRING","2026-04-15 21:10"
"7755","oht_time_avg","2026-04-15 21:10:06.694+0900","N","","","","MIN","4ACM4701","28.76","ACQUIRED","2026-04-15 21:10"
"7754","oht_time_avg","2026-04-15 21:10:06.694+0900","N","","","","MIN","4ACM4701","12.08","ASSIGN","2026-04-15 21:10"
"7753","oht_time_avg","2026-04-15 21:10:06.694+0900","N","","","","MIN","4ACM4701","0.15","REP","2026-04-15 21:10"
"7764","oht_time_avg","2026-04-15 21:11:07.223+0900","N","","","","MIN","4ACM4701","0.0","COMPLETED","2026-04-15 21:11"
"7763","oht_time_avg","2026-04-15 21:11:07.223+0900","N","","","","MIN","4ACM4701","7.24","DESPOSITED","2026-04-15 21:11"
"7762","oht_time_avg","2026-04-15 21:11:07.223+0900","N","","","","MIN","4ACM4701","142.78","TRANSFERRING","2026-04-15 21:11"
"7761","oht_time_avg","2026-04-15 21:11:07.223+0900","N","","","","MIN","4ACM4701","31.37","ACQUIRED","2026-04-15 21:11"
"7760","oht_time_avg","2026-04-15 21:11:07.223+0900","N","","","","MIN","4ACM4701","11.93","ASSIGN","2026-04-15 21:11"
"7759","oht_time_avg","2026-04-15 21:11:07.223+0900","N","","","","MIN","4ACM4701","0.16","REP","2026-04-15 21:11"
"7770","oht_time_avg","2026-04-15 21:12:06.767+0900","N","","","","MIN","4ACM4701","0.0","COMPLETED","2026-04-15 21:12"
"7769","oht_time_avg","2026-04-15 21:12:06.767+0900","N","","","","MIN","4ACM4701","7.5","DESPOSITED","2026-04-15 21:12"
"7768","oht_time_avg","2026-04-15 21:12:06.767+0900","N","","","","MIN","4ACM4701","140.49","TRANSFERRING","2026-04-15 21:12"
"7767","oht_time_avg","2026-04-15 21:12:06.767+0900","N","","","","MIN","4ACM4701","30.05","ACQUIRED","2026-04-15 21:12"
"7766","oht_time_avg","2026-04-15 21:12:06.767+0900","N","","","","MIN","4ACM4701","9.72","ASSIGN","2026-04-15 21:12"
"7765","oht_time_avg","2026-04-15 21:12:06.767+0900","N","","","","MIN","4ACM4701","1.31","REP","2026-04-15 21:12"
"7776","oht_time_avg","2026-04-15 21:13:06.947+0900","N","","","","MIN","4ACM4701","0.0","COMPLETED","2026-04-15 21:13"
"7775","oht_time_avg","2026-04-15 21:13:06.947+0900","N","","","","MIN","4ACM4701","7.48","DESPOSITED","2026-04-15 21:13"
"7774","oht_time_avg","2026-04-15 21:13:06.947+0900","N","","","","MIN","4ACM4701","130.29","TRANSFERRING","2026-04-15 21:13"
"7773","oht_time_avg","2026-04-15 21:13:06.947+0900","N","","","","MIN","4ACM4701","30.38","ACQUIRED","2026-04-15 21:13"
"7772","oht_time_avg","2026-04-15 21:13:06.947+0900","N","","","","MIN","4ACM4701","10.22","ASSIGN","2026-04-15 21:13"
"7771","oht_time_avg","2026-04-15 21:13:06.947+0900","N","","","","MIN","4ACM4701","0.18","REP","2026-04-15 21:13"
"7782","oht_time_avg","2026-04-15 21:14:06.957+0900","N","","","","MIN","4ACM4701","0.0","COMPLETED","2026-04-15 21:14"
"7781","oht_time_avg","2026-04-15 21:14:06.957+0900","N","","","","MIN","4ACM4701","7.09","DESPOSITED","2026-04-15 21:14"
"7780","oht_time_avg","2026-04-15 21:14:06.957+0900","N","","","","MIN","4ACM4701","134.25","TRANSFERRING","2026-04-15 21:14"
"7779","oht_time_avg","2026-04-15 21:14:06.957+0900","N","","","","MIN","4ACM4701","31.31","ACQUIRED","2026-04-15 21:14"
"7778","oht_time_avg","2026-04-15 21:14:06.957+0900","N","","","","MIN","4ACM4701","13.51","ASSIGN","2026-04-15 21:14"
"7777","oht_time_avg","2026-04-15 21:14:06.957+0900","N","","","","MIN","4ACM4701","0.18","REP","2026-04-15 21:14"
"7788","oht_time_avg","2026-04-15 21:15:07.154+0900","N","","","","MIN","4ACM4701","0.0","COMPLETED","2026-04-15 21:15"
"7787","oht_time_avg","2026-04-15 21:15:07.154+0900","N","","","","MIN","4ACM4701","7.23","DESPOSITED","2026-04-15 21:15"
"7786","oht_time_avg","2026-04-15 21:15:07.154+0900","N","","","","MIN","4ACM4701","134.58","TRANSFERRING","2026-04-15 21:15"
"7785","oht_time_avg","2026-04-15 21:15:07.154+0900","N","","","","MIN","4ACM4701","29.73","ACQUIRED","2026-04-15 21:15"
"7784","oht_time_avg","2026-04-15 21:15:07.154+0900","N","","","","MIN","4ACM4701","10.45","ASSIGN","2026-04-15 21:15"
"7783","oht_time_avg","2026-04-15 21:15:07.154+0900","N","","","","MIN","4ACM4701","0.15","REP","2026-04-15 21:15"
"7794","oht_time_avg","2026-04-15 21:16:07.733+0900","N","","","","MIN","4ACM4701","0.0","COMPLETED","2026-04-15 21:16"
"7793","oht_time_avg","2026-04-15 21:16:07.733+0900","N","","","","MIN","4ACM4701","7.36","DESPOSITED","2026-04-15 21:16"
"7792","oht_time_avg","2026-04-15 21:16:07.733+0900","N","","","","MIN","4ACM4701","129.37","TRANSFERRING","2026-04-15 21:16"
"7791","oht_time_avg","2026-04-15 21:16:07.733+0900","N","","","","MIN","4ACM4701","31.72","ACQUIRED","2026-04-15 21:16"
"7790","oht_time_avg","2026-04-15 21:16:07.733+0900","N","","","","MIN","4ACM4701","9.47","ASSIGN","2026-04-15 21:16"
"7789","oht_time_avg","2026-04-15 21:16:07.733+0900","N","","","","MIN","4ACM4701","0.14","REP","2026-04-15 21:16"
"7800","oht_time_avg","2026-04-15 21:17:07.771+0900","N","","","","MIN","4ACM4701","0.0","COMPLETED","2026-04-15 21:17"
"7799","oht_time_avg","2026-04-15 21:17:07.771+0900","N","","","","MIN","4ACM4701","7.27","DESPOSITED","2026-04-15 21:17"
"7798","oht_time_avg","2026-04-15 21:17:07.771+0900","N","","","","MIN","4ACM4701","128.77","TRANSFERRING","2026-04-15 21:17"
"7797","oht_time_avg","2026-04-15 21:17:07.771+0900","N","","","","MIN","4ACM4701","31.24","ACQUIRED","2026-04-15 21:17"
"7796","oht_time_avg","2026-04-15 21:17:07.771+0900","N","","","","MIN","4ACM4701","9.89","ASSIGN","2026-04-15 21:17"
"7795","oht_time_avg","2026-04-15 21:17:07.771+0900","N","","","","MIN","4ACM4701","0.16","REP","2026-04-15 21:17"
"7806","oht_time_avg","2026-04-15 21:18:06.980+0900","N","","","","MIN","4ACM4701","0.0","COMPLETED","2026-04-15 21:18"
"7805","oht_time_avg","2026-04-15 21:18:06.980+0900","N","","","","MIN","4ACM4701","7.47","DESPOSITED","2026-04-15 21:18"
"7804","oht_time_avg","2026-04-15 21:18:06.980+0900","N","","","","MIN","4ACM4701","132.8","TRANSFERRING","2026-04-15 21:18"
"7803","oht_time_avg","2026-04-15 21:18:06.980+0900","N","","","","MIN","4ACM4701","30.35","ACQUIRED","2026-04-15 21:18"
"7802","oht_time_avg","2026-04-15 21:18:06.980+0900","N","","","","MIN","4ACM4701","10.68","ASSIGN","2026-04-15 21:18"
"7801","oht_time_avg","2026-04-15 21:18:06.980+0900","N","","","","MIN","4ACM4701","0.2","REP","2026-04-15 21:18"
"7812","oht_time_avg","2026-04-15 21:19:07.553+0900","N","","","","MIN","4ACM4701","0.0","COMPLETED","2026-04-15 21:19"
"7811","oht_time_avg","2026-04-15 21:19:07.553+0900","N","","","","MIN","4ACM4701","7.22","DESPOSITED","2026-04-15 21:19"
"7810","oht_time_avg","2026-04-15 21:19:07.553+0900","N","","","","MIN","4ACM4701","127.71","TRANSFERRING","2026-04-15 21:19"
"7809","oht_time_avg","2026-04-15 21:19:07.553+0900","N","","","","MIN","4ACM4701","32.98","ACQUIRED","2026-04-15 21:19"
"7808","oht_time_avg","2026-04-15 21:19:07.553+0900","N","","","","MIN","4ACM4701","10.74","ASSIGN","2026-04-15 21:19"
"7807","oht_time_avg","2026-04-15 21:19:07.553+0900","N","","","","MIN","4ACM4701","0.21","REP","2026-04-15 21:19"
"7818","oht_time_avg","2026-04-15 21:20:06.468+0900","N","","","","MIN","4ACM4701","0.0","COMPLETED","2026-04-15 21:20"
"7817","oht_time_avg","2026-04-15 21:20:06.468+0900","N","","","","MIN","4ACM4701","7.28","DESPOSITED","2026-04-15 21:20"
"7816","oht_time_avg","2026-04-15 21:20:06.468+0900","N","","","","MIN","4ACM4701","125.82","TRANSFERRING","2026-04-15 21:20"
"7815","oht_time_avg","2026-04-15 21:20:06.468+0900","N","","","","MIN","4ACM4701","29.68","ACQUIRED","2026-04-15 21:20"
"7814","oht_time_avg","2026-04-15 21:20:06.468+0900","N","","","","MIN","4ACM4701","12.14","ASSIGN","2026-04-15 21:20"
"7813","oht_time_avg","2026-04-15 21:20:06.468+0900","N","","","","MIN","4ACM4701","0.18","REP","2026-04-15 21:20"
"7824","oht_time_avg","2026-04-15 21:21:06.540+0900","N","","","","MIN","4ACM4701","0.0","COMPLETED","2026-04-15 21:21"
"7823","oht_time_avg","2026-04-15 21:21:06.540+0900","N","","","","MIN","4ACM4701","7.13","DESPOSITED","2026-04-15 21:21"
"7822","oht_time_avg","2026-04-15 21:21:06.540+0900","N","","","","MIN","4ACM4701","142.5","TRANSFERRING","2026-04-15 21:21"
"7821","oht_time_avg","2026-04-15 21:21:06.540+0900","N","","","","MIN","4ACM4701","32.68","ACQUIRED","2026-04-15 21:21"
"7820","oht_time_avg","2026-04-15 21:21:06.540+0900","N","","","","MIN","4ACM4701","10.58","ASSIGN","2026-04-15 21:21"
"7819","oht_time_avg","2026-04-15 21:21:06.540+0900","N","","","","MIN","4ACM4701","0.2","REP","2026-04-15 21:21"
"7830","oht_time_avg","2026-04-15 21:22:07.356+0900","N","","","","MIN","4ACM4701","2.88","COMPLETED","2026-04-15 21:22"
"7829","oht_time_avg","2026-04-15 21:22:07.356+0900","N","","","","MIN","4ACM4701","6.98","DESPOSITED","2026-04-15 21:22"
"7828","oht_time_avg","2026-04-15 21:22:07.356+0900","N","","","","MIN","4ACM4701","140.24","TRANSFERRING","2026-04-15 21:22"
"7827","oht_time_avg","2026-04-15 21:22:07.356+0900","N","","","","MIN","4ACM4701","32.2","ACQUIRED","2026-04-15 21:22"
"7826","oht_time_avg","2026-04-15 21:22:07.356+0900","N","","","","MIN","4ACM4701","13.2","ASSIGN","2026-04-15 21:22"
"7825","oht_time_avg","2026-04-15 21:22:07.356+0900","N","","","","MIN","4ACM4701","0.18","REP","2026-04-15 21:22"
"7836","oht_time_avg","2026-04-15 21:23:07.610+0900","N","","","","MIN","4ACM4701","0.0","COMPLETED","2026-04-15 21:23"
"7835","oht_time_avg","2026-04-15 21:23:07.610+0900","N","","","","MIN","4ACM4701","7.06","DESPOSITED","2026-04-15 21:23"
"7834","oht_time_avg","2026-04-15 21:23:07.610+0900","N","","","","MIN","4ACM4701","124.9","TRANSFERRING","2026-04-15 21:23"
"7833","oht_time_avg","2026-04-15 21:23:07.610+0900","N","","","","MIN","4ACM4701","31.74","ACQUIRED","2026-04-15 21:23"
"7832","oht_time_avg","2026-04-15 21:23:07.610+0900","N","","","","MIN","4ACM4701","13.09","ASSIGN","2026-04-15 21:23"
"7831","oht_time_avg","2026-04-15 21:23:07.610+0900","N","","","","MIN","4ACM4701","0.16","REP","2026-04-15 21:23"
"7842","oht_time_avg","2026-04-15 21:24:07.061+0900","N","","","","MIN","4ACM4701","0.0","COMPLETED","2026-04-15 21:24"
"7841","oht_time_avg","2026-04-15 21:24:07.061+0900","N","","","","MIN","4ACM4701","7.19","DESPOSITED","2026-04-15 21:24"
"7840","oht_time_avg","2026-04-15 21:24:07.061+0900","N","","","","MIN","4ACM4701","125.08","TRANSFERRING","2026-04-15 21:24"
"7839","oht_time_avg","2026-04-15 21:24:07.061+0900","N","","","","MIN","4ACM4701","33.35","ACQUIRED","2026-04-15 21:24"
"7838","oht_time_avg","2026-04-15 21:24:07.061+0900","N","","","","MIN","4ACM4701","12.32","ASSIGN","2026-04-15 21:24"
"7837","oht_time_avg","2026-04-15 21:24:07.061+0900","N","","","","MIN","4ACM4701","0.18","REP","2026-04-15 21:24"
"7848","oht_time_avg","2026-04-15 21:25:06.982+0900","N","","","","MIN","4ACM4701","0.0","COMPLETED","2026-04-15 21:25"
"7847","oht_time_avg","2026-04-15 21:25:06.982+0900","N","","","","MIN","4ACM4701","7.22","DESPOSITED","2026-04-15 21:25"
"7846","oht_time_avg","2026-04-15 21:25:06.982+0900","N","","","","MIN","4ACM4701","130.38","TRANSFERRING","2026-04-15 21:25"
"7845","oht_time_avg","2026-04-15 21:25:06.982+0900","N","","","","MIN","4ACM4701","33.81","ACQUIRED","2026-04-15 21:25"
"7844","oht_time_avg","2026-04-15 21:25:06.982+0900","N","","","","MIN","4ACM4701","11.99","ASSIGN","2026-04-15 21:25"
"7843","oht_time_avg","2026-04-15 21:25:06.982+0900","N","","","","MIN","4ACM4701","0.19","REP","2026-04-15 21:25"
"7854","oht_time_avg","2026-04-15 21:26:06.293+0900","N","","","","MIN","4ACM4701","0.0","COMPLETED","2026-04-15 21:26"
"7853","oht_time_avg","2026-04-15 21:26:06.293+0900","N","","","","MIN","4ACM4701","7.26","DESPOSITED","2026-04-15 21:26"
"7852","oht_time_avg","2026-04-15 21:26:06.293+0900","N","","","","MIN","4ACM4701","132.03","TRANSFERRING","2026-04-15 21:26"
"7851","oht_time_avg","2026-04-15 21:26:06.293+0900","N","","","","MIN","4ACM4701","35.34","ACQUIRED","2026-04-15 21:26"
"7850","oht_time_avg","2026-04-15 21:26:06.293+0900","N","","","","MIN","4ACM4701","12.44","ASSIGN","2026-04-15 21:26"
"7849","oht_time_avg","2026-04-15 21:26:06.293+0900","N","","","","MIN","4ACM4701","0.17","REP","2026-04-15 21:26"
"7860","oht_time_avg","2026-04-15 21:27:06.499+0900","N","","","","MIN","4ACM4701","0.0","COMPLETED","2026-04-15 21:27"
"7859","oht_time_avg","2026-04-15 21:27:06.499+0900","N","","","","MIN","4ACM4701","7.21","DESPOSITED","2026-04-15 21:27"
"7858","oht_time_avg","2026-04-15 21:27:06.499+0900","N","","","","MIN","4ACM4701","134.1","TRANSFERRING","2026-04-15 21:27"
"7857","oht_time_avg","2026-04-15 21:27:06.499+0900","N","","","","MIN","4ACM4701","33.32","ACQUIRED","2026-04-15 21:27"
"7856","oht_time_avg","2026-04-15 21:27:06.499+0900","N","","","","MIN","4ACM4701","14.08","ASSIGN","2026-04-15 21:27"
"7855","oht_time_avg","2026-04-15 21:27:06.499+0900","N","","","","MIN","4ACM4701","0.2","REP","2026-04-15 21:27"
"7866","oht_time_avg","2026-04-15 21:28:07.498+0900","N","","","","MIN","4ACM4701","0.0","COMPLETED","2026-04-15 21:28"
"7865","oht_time_avg","2026-04-15 21:28:07.498+0900","N","","","","MIN","4ACM4701","7.33","DESPOSITED","2026-04-15 21:28"
"7864","oht_time_avg","2026-04-15 21:28:07.498+0900","N","","","","MIN","4ACM4701","134.72","TRANSFERRING","2026-04-15 21:28"
"7863","oht_time_avg","2026-04-15 21:28:07.498+0900","N","","","","MIN","4ACM4701","34.83","ACQUIRED","2026-04-15 21:28"
"7862","oht_time_avg","2026-04-15 21:28:07.498+0900","N","","","","MIN","4ACM4701","16.12","ASSIGN","2026-04-15 21:28"
"7861","oht_time_avg","2026-04-15 21:28:07.498+0900","N","","","","MIN","4ACM4701","0.18","REP","2026-04-15 21:28"
"7872","oht_time_avg","2026-04-15 21:29:06.692+0900","N","","","","MIN","4ACM4701","0.0","COMPLETED","2026-04-15 21:29"
"7871","oht_time_avg","2026-04-15 21:29:06.692+0900","N","","","","MIN","4ACM4701","7.36","DESPOSITED","2026-04-15 21:29"
"7870","oht_time_avg","2026-04-15 21:29:06.692+0900","N","","","","MIN","4ACM4701","131.43","TRANSFERRING","2026-04-15 21:29"
"7869","oht_time_avg","2026-04-15 21:29:06.692+0900","N","","","","MIN","4ACM4701","32.49","ACQUIRED","2026-04-15 21:29"
"7868","oht_time_avg","2026-04-15 21:29:06.692+0900","N","","","","MIN","4ACM4701","12.68","ASSIGN","2026-04-15 21:29"
"7867","oht_time_avg","2026-04-15 21:29:06.692+0900","N","","","","MIN","4ACM4701","0.17","REP","2026-04-15 21:29"
"7878","oht_time_avg","2026-04-15 21:30:06.653+0900","N","","","","MIN","4ACM4701","0.0","COMPLETED","2026-04-15 21:30"
"7877","oht_time_avg","2026-04-15 21:30:06.653+0900","N","","","","MIN","4ACM4701","7.24","DESPOSITED","2026-04-15 21:30"
"7876","oht_time_avg","2026-04-15 21:30:06.653+0900","N","","","","MIN","4ACM4701","126.69","TRANSFERRING","2026-04-15 21:30"
"7875","oht_time_avg","2026-04-15 21:30:06.653+0900","N","","","","MIN","4ACM4701","31.31","ACQUIRED","2026-04-15 21:30"
"7874","oht_time_avg","2026-04-15 21:30:06.653+0900","N","","","","MIN","4ACM4701","11.11","ASSIGN","2026-04-15 21:30"
"7873","oht_time_avg","2026-04-15 21:30:06.653+0900","N","","","","MIN","4ACM4701","0.15","REP","2026-04-15 21:30"
"7884","oht_time_avg","2026-04-15 21:31:07.164+0900","N","","","","MIN","4ACM4701","0.0","COMPLETED","2026-04-15 21:31"
"7883","oht_time_avg","2026-04-15 21:31:07.164+0900","N","","","","MIN","4ACM4701","7.19","DESPOSITED","2026-04-15 21:31"
"7882","oht_time_avg","2026-04-15 21:31:07.164+0900","N","","","","MIN","4ACM4701","133.8","TRANSFERRING","2026-04-15 21:31"
"7881","oht_time_avg","2026-04-15 21:31:07.164+0900","N","","","","MIN","4ACM4701","29.95","ACQUIRED","2026-04-15 21:31"
"7880","oht_time_avg","2026-04-15 21:31:07.164+0900","N","","","","MIN","4ACM4701","11.6","ASSIGN","2026-04-15 21:31"
"7879","oht_time_avg","2026-04-15 21:31:07.164+0900","N","","","","MIN","4ACM4701","0.16","REP","2026-04-15 21:31"
"7890","oht_time_avg","2026-04-15 21:32:06.414+0900","N","","","","MIN","4ACM4701","0.0","COMPLETED","2026-04-15 21:32"
"7889","oht_time_avg","2026-04-15 21:32:06.414+0900","N","","","","MIN","4ACM4701","7.3","DESPOSITED","2026-04-15 21:32"
"7888","oht_time_avg","2026-04-15 21:32:06.414+0900","N","","","","MIN","4ACM4701","123.18","TRANSFERRING","2026-04-15 21:32"
"7887","oht_time_avg","2026-04-15 21:32:06.414+0900","N","","","","MIN","4ACM4701","28.96","ACQUIRED","2026-04-15 21:32"
"7886","oht_time_avg","2026-04-15 21:32:06.414+0900","N","","","","MIN","4ACM4701","9.85","ASSIGN","2026-04-15 21:32"
"7885","oht_time_avg","2026-04-15 21:32:06.414+0900","N","","","","MIN","4ACM4701","0.18","REP","2026-04-15 21:32"
"7896","oht_time_avg","2026-04-15 21:33:06.401+0900","N","","","","MIN","4ACM4701","0.0","COMPLETED","2026-04-15 21:33"
"7895","oht_time_avg","2026-04-15 21:33:06.401+0900","N","","","","MIN","4ACM4701","7.03","DESPOSITED","2026-04-15 21:33"
"7894","oht_time_avg","2026-04-15 21:33:06.401+0900","N","","","","MIN","4ACM4701","141.82","TRANSFERRING","2026-04-15 21:33"
"7893","oht_time_avg","2026-04-15 21:33:06.401+0900","N","","","","MIN","4ACM4701","29.43","ACQUIRED","2026-04-15 21:33"
"7892","oht_time_avg","2026-04-15 21:33:06.401+0900","N","","","","MIN","4ACM4701","9.4","ASSIGN","2026-04-15 21:33"
"7891","oht_time_avg","2026-04-15 21:33:06.401+0900","N","","","","MIN","4ACM4701","0.17","REP","2026-04-15 21:33"
"7902","oht_time_avg","2026-04-15 21:34:06.660+0900","N","","","","MIN","4ACM4701","0.0","COMPLETED","2026-04-15 21:34"
"7901","oht_time_avg","2026-04-15 21:34:06.660+0900","N","","","","MIN","4ACM4701","7.27","DESPOSITED","2026-04-15 21:34"
"7900","oht_time_avg","2026-04-15 21:34:06.660+0900","N","","","","MIN","4ACM4701","129.34","TRANSFERRING","2026-04-15 21:34"
"7899","oht_time_avg","2026-04-15 21:34:06.660+0900","N","","","","MIN","4ACM4701","32.05","ACQUIRED","2026-04-15 21:34"
"7898","oht_time_avg","2026-04-15 21:34:06.660+0900","N","","","","MIN","4ACM4701","10.04","ASSIGN","2026-04-15 21:34"
"7897","oht_time_avg","2026-04-15 21:34:06.660+0900","N","","","","MIN","4ACM4701","0.19","REP","2026-04-15 21:34"
"7908","oht_time_avg","2026-04-15 21:35:08.131+0900","N","","","","MIN","4ACM4701","0.0","COMPLETED","2026-04-15 21:35"
"7907","oht_time_avg","2026-04-15 21:35:08.131+0900","N","","","","MIN","4ACM4701","7.27","DESPOSITED","2026-04-15 21:35"
"7906","oht_time_avg","2026-04-15 21:35:08.131+0900","N","","","","MIN","4ACM4701","128.2","TRANSFERRING","2026-04-15 21:35"
"7905","oht_time_avg","2026-04-15 21:35:08.131+0900","N","","","","MIN","4ACM4701","28.87","ACQUIRED","2026-04-15 21:35"
"7904","oht_time_avg","2026-04-15 21:35:08.131+0900","N","","","","MIN","4ACM4701","9.32","ASSIGN","2026-04-15 21:35"
"7903","oht_time_avg","2026-04-15 21:35:08.131+0900","N","","","","MIN","4ACM4701","0.19","REP","2026-04-15 21:35"
"7914","oht_time_avg","2026-04-15 21:36:06.416+0900","N","","","","MIN","4ACM4701","0.0","COMPLETED","2026-04-15 21:36"
"7913","oht_time_avg","2026-04-15 21:36:06.416+0900","N","","","","MIN","4ACM4701","7.21","DESPOSITED","2026-04-15 21:36"
"7912","oht_time_avg","2026-04-15 21:36:06.416+0900","N","","","","MIN","4ACM4701","136.01","TRANSFERRING","2026-04-15 21:36"
"7911","oht_time_avg","2026-04-15 21:36:06.416+0900","N","","","","MIN","4ACM4701","29.81","ACQUIRED","2026-04-15 21:36"
"7910","oht_time_avg","2026-04-15 21:36:06.416+0900","N","","","","MIN","4ACM4701","9.86","ASSIGN","2026-04-15 21:36"
"7909","oht_time_avg","2026-04-15 21:36:06.416+0900","N","","","","MIN","4ACM4701","0.14","REP","2026-04-15 21:36"
"7920","oht_time_avg","2026-04-15 21:37:07.036+0900","N","","","","MIN","4ACM4701","0.0","COMPLETED","2026-04-15 21:37"
"7919","oht_time_avg","2026-04-15 21:37:07.036+0900","N","","","","MIN","4ACM4701","6.99","DESPOSITED","2026-04-15 21:37"
"7918","oht_time_avg","2026-04-15 21:37:07.036+0900","N","","","","MIN","4ACM4701","137.17","TRANSFERRING","2026-04-15 21:37"
"7917","oht_time_avg","2026-04-15 21:37:07.036+0900","N","","","","MIN","4ACM4701","29.75","ACQUIRED","2026-04-15 21:37"
"7916","oht_time_avg","2026-04-15 21:37:07.036+0900","N","","","","MIN","4ACM4701","10.68","ASSIGN","2026-04-15 21:37"
"7915","oht_time_avg","2026-04-15 21:37:07.036+0900","N","","","","MIN","4ACM4701","0.14","REP","2026-04-15 21:37"
"7926","oht_time_avg","2026-04-15 21:38:08.761+0900","N","","","","MIN","4ACM4701","0.0","COMPLETED","2026-04-15 21:38"
"7925","oht_time_avg","2026-04-15 21:38:08.761+0900","N","","","","MIN","4ACM4701","7.33","DESPOSITED","2026-04-15 21:38"
"7924","oht_time_avg","2026-04-15 21:38:08.761+0900","N","","","","MIN","4ACM4701","132.37","TRANSFERRING","2026-04-15 21:38"
"7923","oht_time_avg","2026-04-15 21:38:08.761+0900","N","","","","MIN","4ACM4701","29.54","ACQUIRED","2026-04-15 21:38"
"7922","oht_time_avg","2026-04-15 21:38:08.761+0900","N","","","","MIN","4ACM4701","9.4","ASSIGN","2026-04-15 21:38"
"7921","oht_time_avg","2026-04-15 21:38:08.761+0900","N","","","","MIN","4ACM4701","0.16","REP","2026-04-15 21:38"
"7932","oht_time_avg","2026-04-15 21:39:06.414+0900","N","","","","MIN","4ACM4701","0.0","COMPLETED","2026-04-15 21:39"
"7931","oht_time_avg","2026-04-15 21:39:06.414+0900","N","","","","MIN","4ACM4701","7.35","DESPOSITED","2026-04-15 21:39"
"7930","oht_time_avg","2026-04-15 21:39:06.414+0900","N","","","","MIN","4ACM4701","131.57","TRANSFERRING","2026-04-15 21:39"
"7929","oht_time_avg","2026-04-15 21:39:06.414+0900","N","","","","MIN","4ACM4701","29.9","ACQUIRED","2026-04-15 21:39"
"7928","oht_time_avg","2026-04-15 21:39:06.414+0900","N","","","","MIN","4ACM4701","8.84","ASSIGN","2026-04-15 21:39"
"7927","oht_time_avg","2026-04-15 21:39:06.414+0900","N","","","","MIN","4ACM4701","0.37","REP","2026-04-15 21:39"
"7938","oht_time_avg","2026-04-15 21:40:07.819+0900","N","","","","MIN","4ACM4701","0.0","COMPLETED","2026-04-15 21:40"
"7937","oht_time_avg","2026-04-15 21:40:07.819+0900","N","","","","MIN","4ACM4701","7.14","DESPOSITED","2026-04-15 21:40"
"7936","oht_time_avg","2026-04-15 21:40:07.819+0900","N","","","","MIN","4ACM4701","128.42","TRANSFERRING","2026-04-15 21:40"
"7935","oht_time_avg","2026-04-15 21:40:07.819+0900","N","","","","MIN","4ACM4701","28.43","ACQUIRED","2026-04-15 21:40"
"7934","oht_time_avg","2026-04-15 21:40:07.819+0900","N","","","","MIN","4ACM4701","8.22","ASSIGN","2026-04-15 21:40"
"7933","oht_time_avg","2026-04-15 21:40:07.819+0900","N","","","","MIN","4ACM4701","0.18","REP","2026-04-15 21:40"
"7944","oht_time_avg","2026-04-15 21:41:08.036+0900","N","","","","MIN","4ACM4701","0.0","COMPLETED","2026-04-15 21:41"
"7943","oht_time_avg","2026-04-15 21:41:08.036+0900","N","","","","MIN","4ACM4701","7.13","DESPOSITED","2026-04-15 21:41"
"7942","oht_time_avg","2026-04-15 21:41:08.036+0900","N","","","","MIN","4ACM4701","127.59","TRANSFERRING","2026-04-15 21:41"
"7941","oht_time_avg","2026-04-15 21:41:08.036+0900","N","","","","MIN","4ACM4701","30.44","ACQUIRED","2026-04-15 21:41"
"7940","oht_time_avg","2026-04-15 21:41:08.036+0900","N","","","","MIN","4ACM4701","9.69","ASSIGN","2026-04-15 21:41"
"7939","oht_time_avg","2026-04-15 21:41:08.036+0900","N","","","","MIN","4ACM4701","0.66","REP","2026-04-15 21:41"
"7950","oht_time_avg","2026-04-15 21:42:07.002+0900","N","","","","MIN","4ACM4701","0.0","COMPLETED","2026-04-15 21:42"
"7949","oht_time_avg","2026-04-15 21:42:07.002+0900","N","","","","MIN","4ACM4701","7.07","DESPOSITED","2026-04-15 21:42"
"7948","oht_time_avg","2026-04-15 21:42:07.002+0900","N","","","","MIN","4ACM4701","129.99","TRANSFERRING","2026-04-15 21:42"
"7947","oht_time_avg","2026-04-15 21:42:07.002+0900","N","","","","MIN","4ACM4701","29.89","ACQUIRED","2026-04-15 21:42"
"7946","oht_time_avg","2026-04-15 21:42:07.002+0900","N","","","","MIN","4ACM4701","9.53","ASSIGN","2026-04-15 21:42"
"7945","oht_time_avg","2026-04-15 21:42:07.002+0900","N","","","","MIN","4ACM4701","0.18","REP","2026-04-15 21:42"
"7956","oht_time_avg","2026-04-15 21:43:07.455+0900","N","","","","MIN","4ACM4701","0.0","COMPLETED","2026-04-15 21:43"
"7955","oht_time_avg","2026-04-15 21:43:07.455+0900","N","","","","MIN","4ACM4701","7.27","DESPOSITED","2026-04-15 21:43"
"7954","oht_time_avg","2026-04-15 21:43:07.455+0900","N","","","","MIN","4ACM4701","132.91","TRANSFERRING","2026-04-15 21:43"
"7953","oht_time_avg","2026-04-15 21:43:07.455+0900","N","","","","MIN","4ACM4701","32.13","ACQUIRED","2026-04-15 21:43"
"7952","oht_time_avg","2026-04-15 21:43:07.455+0900","N","","","","MIN","4ACM4701","8.43","ASSIGN","2026-04-15 21:43"
"7951","oht_time_avg","2026-04-15 21:43:07.455+0900","N","","","","MIN","4ACM4701","0.14","REP","2026-04-15 21:43"
"7962","oht_time_avg","2026-04-15 21:44:06.079+0900","N","","","","MIN","4ACM4701","0.0","COMPLETED","2026-04-15 21:44"
"7961","oht_time_avg","2026-04-15 21:44:06.079+0900","N","","","","MIN","4ACM4701","7.24","DESPOSITED","2026-04-15 21:44"
"7960","oht_time_avg","2026-04-15 21:44:06.079+0900","N","","","","MIN","4ACM4701","131.51","TRANSFERRING","2026-04-15 21:44"
"7959","oht_time_avg","2026-04-15 21:44:06.079+0900","N","","","","MIN","4ACM4701","31.01","ACQUIRED","2026-04-15 21:44"
"7958","oht_time_avg","2026-04-15 21:44:06.079+0900","N","","","","MIN","4ACM4701","10.58","ASSIGN","2026-04-15 21:44"
"7957","oht_time_avg","2026-04-15 21:44:06.079+0900","N","","","","MIN","4ACM4701","0.17","REP","2026-04-15 21:44"
"7968","oht_time_avg","2026-04-15 21:45:07.581+0900","N","","","","MIN","4ACM4701","0.0","COMPLETED","2026-04-15 21:45"
"7967","oht_time_avg","2026-04-15 21:45:07.581+0900","N","","","","MIN","4ACM4701","7.3","DESPOSITED","2026-04-15 21:45"
"7966","oht_time_avg","2026-04-15 21:45:07.581+0900","N","","","","MIN","4ACM4701","129.98","TRANSFERRING","2026-04-15 21:45"
"7965","oht_time_avg","2026-04-15 21:45:07.581+0900","N","","","","MIN","4ACM4701","28.94","ACQUIRED","2026-04-15 21:45"
"7964","oht_time_avg","2026-04-15 21:45:07.581+0900","N","","","","MIN","4ACM4701","10.3","ASSIGN","2026-04-15 21:45"
"7963","oht_time_avg","2026-04-15 21:45:07.581+0900","N","","","","MIN","4ACM4701","0.16","REP","2026-04-15 21:45"
"7974","oht_time_avg","2026-04-15 21:46:08.384+0900","N","","","","MIN","4ACM4701","0.0","COMPLETED","2026-04-15 21:46"
"7973","oht_time_avg","2026-04-15 21:46:08.384+0900","N","","","","MIN","4ACM4701","7.25","DESPOSITED","2026-04-15 21:46"
"7972","oht_time_avg","2026-04-15 21:46:08.384+0900","N","","","","MIN","4ACM4701","133.54","TRANSFERRING","2026-04-15 21:46"
"7971","oht_time_avg","2026-04-15 21:46:08.384+0900","N","","","","MIN","4ACM4701","29.85","ACQUIRED","2026-04-15 21:46"
"7970","oht_time_avg","2026-04-15 21:46:08.384+0900","N","","","","MIN","4ACM4701","8.74","ASSIGN","2026-04-15 21:46"
"7969","oht_time_avg","2026-04-15 21:46:08.384+0900","N","","","","MIN","4ACM4701","0.21","REP","2026-04-15 21:46"
"7980","oht_time_avg","2026-04-15 21:47:06.521+0900","N","","","","MIN","4ACM4701","0.0","COMPLETED","2026-04-15 21:47"
"7979","oht_time_avg","2026-04-15 21:47:06.521+0900","N","","","","MIN","4ACM4701","7.14","DESPOSITED","2026-04-15 21:47"
"7978","oht_time_avg","2026-04-15 21:47:06.521+0900","N","","","","MIN","4ACM4701","133.31","TRANSFERRING","2026-04-15 21:47"
"7977","oht_time_avg","2026-04-15 21:47:06.521+0900","N","","","","MIN","4ACM4701","28.41","ACQUIRED","2026-04-15 21:47"
"7976","oht_time_avg","2026-04-15 21:47:06.521+0900","N","","","","MIN","4ACM4701","8.91","ASSIGN","2026-04-15 21:47"
"7975","oht_time_avg","2026-04-15 21:47:06.521+0900","N","","","","MIN","4ACM4701","0.16","REP","2026-04-15 21:47"
"7986","oht_time_avg","2026-04-15 21:48:06.422+0900","N","","","","MIN","4ACM4701","0.0","COMPLETED","2026-04-15 21:48"
"7985","oht_time_avg","2026-04-15 21:48:06.422+0900","N","","","","MIN","4ACM4701","7.3","DESPOSITED","2026-04-15 21:48"
"7984","oht_time_avg","2026-04-15 21:48:06.422+0900","N","","","","MIN","4ACM4701","113.83","TRANSFERRING","2026-04-15 21:48"
"7983","oht_time_avg","2026-04-15 21:48:06.422+0900","N","","","","MIN","4ACM4701","31.25","ACQUIRED","2026-04-15 21:48"
"7982","oht_time_avg","2026-04-15 21:48:06.422+0900","N","","","","MIN","4ACM4701","10.27","ASSIGN","2026-04-15 21:48"
"7981","oht_time_avg","2026-04-15 21:48:06.422+0900","N","","","","MIN","4ACM4701","0.85","REP","2026-04-15 21:48"
"7992","oht_time_avg","2026-04-15 21:49:06.793+0900","N","","","","MIN","4ACM4701","0.0","COMPLETED","2026-04-15 21:49"
"7991","oht_time_avg","2026-04-15 21:49:06.793+0900","N","","","","MIN","4ACM4701","7.14","DESPOSITED","2026-04-15 21:49"
"7990","oht_time_avg","2026-04-15 21:49:06.793+0900","N","","","","MIN","4ACM4701","134.45","TRANSFERRING","2026-04-15 21:49"
"7989","oht_time_avg","2026-04-15 21:49:06.793+0900","N","","","","MIN","4ACM4701","31.8","ACQUIRED","2026-04-15 21:49"
"7988","oht_time_avg","2026-04-15 21:49:06.793+0900","N","","","","MIN","4ACM4701","11.13","ASSIGN","2026-04-15 21:49"
"7987","oht_time_avg","2026-04-15 21:49:06.793+0900","N","","","","MIN","4ACM4701","0.17","REP","2026-04-15 21:49"
"7998","oht_time_avg","2026-04-15 21:50:07.671+0900","N","","","","MIN","4ACM4701","0.0","COMPLETED","2026-04-15 21:50"
"7997","oht_time_avg","2026-04-15 21:50:07.671+0900","N","","","","MIN","4ACM4701","7.43","DESPOSITED","2026-04-15 21:50"
"7996","oht_time_avg","2026-04-15 21:50:07.671+0900","N","","","","MIN","4ACM4701","134.0","TRANSFERRING","2026-04-15 21:50"
"7995","oht_time_avg","2026-04-15 21:50:07.671+0900","N","","","","MIN","4ACM4701","30.0","ACQUIRED","2026-04-15 21:50"
"7994","oht_time_avg","2026-04-15 21:50:07.671+0900","N","","","","MIN","4ACM4701","10.39","ASSIGN","2026-04-15 21:50"
"7993","oht_time_avg","2026-04-15 21:50:07.671+0900","N","","","","MIN","4ACM4701","0.35","REP","2026-04-15 21:50"
"8004","oht_time_avg","2026-04-15 21:51:08.450+0900","N","","","","MIN","4ACM4701","0.0","COMPLETED","2026-04-15 21:51"
"8003","oht_time_avg","2026-04-15 21:51:08.450+0900","N","","","","MIN","4ACM4701","7.11","DESPOSITED","2026-04-15 21:51"
"8002","oht_time_avg","2026-04-15 21:51:08.450+0900","N","","","","MIN","4ACM4701","123.85","TRANSFERRING","2026-04-15 21:51"
"8001","oht_time_avg","2026-04-15 21:51:08.450+0900","N","","","","MIN","4ACM4701","31.84","ACQUIRED","2026-04-15 21:51"
"8000","oht_time_avg","2026-04-15 21:51:08.450+0900","N","","","","MIN","4ACM4701","10.16","ASSIGN","2026-04-15 21:51"
"7999","oht_time_avg","2026-04-15 21:51:08.450+0900","N","","","","MIN","4ACM4701","0.17","REP","2026-04-15 21:51"
"8010","oht_time_avg","2026-04-15 21:52:06.835+0900","N","","","","MIN","4ACM4701","0.0","COMPLETED","2026-04-15 21:52"
"8009","oht_time_avg","2026-04-15 21:52:06.835+0900","N","","","","MIN","4ACM4701","7.11","DESPOSITED","2026-04-15 21:52"
"8008","oht_time_avg","2026-04-15 21:52:06.835+0900","N","","","","MIN","4ACM4701","128.65","TRANSFERRING","2026-04-15 21:52"
"8007","oht_time_avg","2026-04-15 21:52:06.835+0900","N","","","","MIN","4ACM4701","32.95","ACQUIRED","2026-04-15 21:52"
"8006","oht_time_avg","2026-04-15 21:52:06.835+0900","N","","","","MIN","4ACM4701","11.46","ASSIGN","2026-04-15 21:52"
"8005","oht_time_avg","2026-04-15 21:52:06.835+0900","N","","","","MIN","4ACM4701","0.18","REP","2026-04-15 21:52"
"8016","oht_time_avg","2026-04-15 21:53:07.589+0900","N","","","","MIN","4ACM4701","0.0","COMPLETED","2026-04-15 21:53"
"8015","oht_time_avg","2026-04-15 21:53:07.589+0900","N","","","","MIN","4ACM4701","7.2","DESPOSITED","2026-04-15 21:53"
"8014","oht_time_avg","2026-04-15 21:53:07.589+0900","N","","","","MIN","4ACM4701","128.42","TRANSFERRING","2026-04-15 21:53"
"8013","oht_time_avg","2026-04-15 21:53:07.589+0900","N","","","","MIN","4ACM4701","32.7","ACQUIRED","2026-04-15 21:53"
"8012","oht_time_avg","2026-04-15 21:53:07.589+0900","N","","","","MIN","4ACM4701","12.48","ASSIGN","2026-04-15 21:53"
"8011","oht_time_avg","2026-04-15 21:53:07.589+0900","N","","","","MIN","4ACM4701","0.2","REP","2026-04-15 21:53"
"8022","oht_time_avg","2026-04-15 21:54:06.898+0900","N","","","","MIN","4ACM4701","0.0","COMPLETED","2026-04-15 21:54"
"8021","oht_time_avg","2026-04-15 21:54:06.898+0900","N","","","","MIN","4ACM4701","7.21","DESPOSITED","2026-04-15 21:54"
"8020","oht_time_avg","2026-04-15 21:54:06.898+0900","N","","","","MIN","4ACM4701","132.84","TRANSFERRING","2026-04-15 21:54"
"8019","oht_time_avg","2026-04-15 21:54:06.898+0900","N","","","","MIN","4ACM4701","30.19","ACQUIRED","2026-04-15 21:54"
"8018","oht_time_avg","2026-04-15 21:54:06.898+0900","N","","","","MIN","4ACM4701","12.61","ASSIGN","2026-04-15 21:54"
"8017","oht_time_avg","2026-04-15 21:54:06.898+0900","N","","","","MIN","4ACM4701","1.78","REP","2026-04-15 21:54"
"8028","oht_time_avg","2026-04-15 21:55:06.748+0900","N","","","","MIN","4ACM4701","0.0","COMPLETED","2026-04-15 21:55"
"8027","oht_time_avg","2026-04-15 21:55:06.748+0900","N","","","","MIN","4ACM4701","7.34","DESPOSITED","2026-04-15 21:55"
"8026","oht_time_avg","2026-04-15 21:55:06.748+0900","N","","","","MIN","4ACM4701","126.63","TRANSFERRING","2026-04-15 21:55"
"8025","oht_time_avg","2026-04-15 21:55:06.748+0900","N","","","","MIN","4ACM4701","30.06","ACQUIRED","2026-04-15 21:55"
"8024","oht_time_avg","2026-04-15 21:55:06.748+0900","N","","","","MIN","4ACM4701","11.66","ASSIGN","2026-04-15 21:55"
"8023","oht_time_avg","2026-04-15 21:55:06.748+0900","N","","","","MIN","4ACM4701","0.16","REP","2026-04-15 21:55"
"8034","oht_time_avg","2026-04-15 21:56:06.131+0900","N","","","","MIN","4ACM4701","0.0","COMPLETED","2026-04-15 21:56"
"8033","oht_time_avg","2026-04-15 21:56:06.131+0900","N","","","","MIN","4ACM4701","7.12","DESPOSITED","2026-04-15 21:56"
"8032","oht_time_avg","2026-04-15 21:56:06.131+0900","N","","","","MIN","4ACM4701","129.29","TRANSFERRING","2026-04-15 21:56"
"8031","oht_time_avg","2026-04-15 21:56:06.131+0900","N","","","","MIN","4ACM4701","29.19","ACQUIRED","2026-04-15 21:56"
"8030","oht_time_avg","2026-04-15 21:56:06.131+0900","N","","","","MIN","4ACM4701","9.18","ASSIGN","2026-04-15 21:56"
"8029","oht_time_avg","2026-04-15 21:56:06.131+0900","N","","","","MIN","4ACM4701","0.16","REP","2026-04-15 21:56"
"8040","oht_time_avg","2026-04-15 21:57:06.901+0900","N","","","","MIN","4ACM4701","0.0","COMPLETED","2026-04-15 21:57"
"8039","oht_time_avg","2026-04-15 21:57:06.901+0900","N","","","","MIN","4ACM4701","7.99","DESPOSITED","2026-04-15 21:57"
"8038","oht_time_avg","2026-04-15 21:57:06.901+0900","N","","","","MIN","4ACM4701","128.46","TRANSFERRING","2026-04-15 21:57"
"8037","oht_time_avg","2026-04-15 21:57:06.901+0900","N","","","","MIN","4ACM4701","31.17","ACQUIRED","2026-04-15 21:57"
"8036","oht_time_avg","2026-04-15 21:57:06.901+0900","N","","","","MIN","4ACM4701","11.4","ASSIGN","2026-04-15 21:57"
"8035","oht_time_avg","2026-04-15 21:57:06.901+0900","N","","","","MIN","4ACM4701","0.16","REP","2026-04-15 21:57"
"8046","oht_time_avg","2026-04-15 21:58:06.940+0900","N","","","","MIN","4ACM4701","0.0","COMPLETED","2026-04-15 21:58"
"8045","oht_time_avg","2026-04-15 21:58:06.940+0900","N","","","","MIN","4ACM4701","7.25","DESPOSITED","2026-04-15 21:58"
"8044","oht_time_avg","2026-04-15 21:58:06.940+0900","N","","","","MIN","4ACM4701","136.91","TRANSFERRING","2026-04-15 21:58"
"8043","oht_time_avg","2026-04-15 21:58:06.940+0900","N","","","","MIN","4ACM4701","31.44","ACQUIRED","2026-04-15 21:58"
"8042","oht_time_avg","2026-04-15 21:58:06.940+0900","N","","","","MIN","4ACM4701","12.6","ASSIGN","2026-04-15 21:58"
"8041","oht_time_avg","2026-04-15 21:58:06.940+0900","N","","","","MIN","4ACM4701","0.21","REP","2026-04-15 21:58"
"8052","oht_time_avg","2026-04-15 21:59:07.696+0900","N","","","","MIN","4ACM4701","0.0","COMPLETED","2026-04-15 21:59"
"8051","oht_time_avg","2026-04-15 21:59:07.696+0900","N","","","","MIN","4ACM4701","7.13","DESPOSITED","2026-04-15 21:59"
"8050","oht_time_avg","2026-04-15 21:59:07.696+0900","N","","","","MIN","4ACM4701","130.43","TRANSFERRING","2026-04-15 21:59"
"8049","oht_time_avg","2026-04-15 21:59:07.696+0900","N","","","","MIN","4ACM4701","31.72","ACQUIRED","2026-04-15 21:59"
"8048","oht_time_avg","2026-04-15 21:59:07.696+0900","N","","","","MIN","4ACM4701","11.65","ASSIGN","2026-04-15 21:59"
"8047","oht_time_avg","2026-04-15 21:59:07.696+0900","N","","","","MIN","4ACM4701","0.2","REP","2026-04-15 21:59"
"8058","oht_time_avg","2026-04-15 22:00:06.908+0900","N","","","","MIN","4ACM4701","0.0","COMPLETED","2026-04-15 22:00"
"8057","oht_time_avg","2026-04-15 22:00:06.908+0900","N","","","","MIN","4ACM4701","7.24","DESPOSITED","2026-04-15 22:00"
"8056","oht_time_avg","2026-04-15 22:00:06.908+0900","N","","","","MIN","4ACM4701","135.61","TRANSFERRING","2026-04-15 22:00"
"8055","oht_time_avg","2026-04-15 22:00:06.908+0900","N","","","","MIN","4ACM4701","33.01","ACQUIRED","2026-04-15 22:00"
"8054","oht_time_avg","2026-04-15 22:00:06.908+0900","N","","","","MIN","4ACM4701","13.41","ASSIGN","2026-04-15 22:00"
"8053","oht_time_avg","2026-04-15 22:00:06.908+0900","N","","","","MIN","4ACM4701","0.17","REP","2026-04-15 22:00"
"8064","oht_time_avg","2026-04-15 22:01:08.348+0900","N","","","","HOUR","4ACM4701","0.0","COMPLETED","2026-04-15 22:00"
"8063","oht_time_avg","2026-04-15 22:01:08.348+0900","N","","","","HOUR","4ACM4701","7.07","DESPOSITED","2026-04-15 22:00"
"8062","oht_time_avg","2026-04-15 22:01:08.348+0900","N","","","","HOUR","4ACM4701","131.02","TRANSFERRING","2026-04-15 22:00"
"8061","oht_time_avg","2026-04-15 22:01:08.348+0900","N","","","","HOUR","4ACM4701","31.43","ACQUIRED","2026-04-15 22:00"
"8060","oht_time_avg","2026-04-15 22:01:08.348+0900","N","","","","HOUR","4ACM4701","11.28","ASSIGN","2026-04-15 22:00"
"8059","oht_time_avg","2026-04-15 22:01:08.348+0900","N","","","","HOUR","4ACM4701","0.17","REP","2026-04-15 22:00"
"8070","oht_time_avg","2026-04-15 22:01:08.623+0900","N","","","","MIN","4ACM4701","0.0","COMPLETED","2026-04-15 22:01"
"8069","oht_time_avg","2026-04-15 22:01:08.623+0900","N","","","","MIN","4ACM4701","7.09","DESPOSITED","2026-04-15 22:01"
"8068","oht_time_avg","2026-04-15 22:01:08.623+0900","N","","","","MIN","4ACM4701","131.82","TRANSFERRING","2026-04-15 22:01"
"8067","oht_time_avg","2026-04-15 22:01:08.623+0900","N","","","","MIN","4ACM4701","32.0","ACQUIRED","2026-04-15 22:01"
"8066","oht_time_avg","2026-04-15 22:01:08.623+0900","N","","","","MIN","4ACM4701","12.88","ASSIGN","2026-04-15 22:01"
"8065","oht_time_avg","2026-04-15 22:01:08.623+0900","N","","","","MIN","4ACM4701","0.17","REP","2026-04-15 22:01"
"8076","oht_time_avg","2026-04-15 22:02:06.173+0900","N","","","","MIN","4ACM4701","0.0","COMPLETED","2026-04-15 22:02"
"8075","oht_time_avg","2026-04-15 22:02:06.173+0900","N","","","","MIN","4ACM4701","7.39","DESPOSITED","2026-04-15 22:02"
"8074","oht_time_avg","2026-04-15 22:02:06.173+0900","N","","","","MIN","4ACM4701","129.45","TRANSFERRING","2026-04-15 22:02"
"8073","oht_time_avg","2026-04-15 22:02:06.173+0900","N","","","","MIN","4ACM4701","33.52","ACQUIRED","2026-04-15 22:02"
"8072","oht_time_avg","2026-04-15 22:02:06.173+0900","N","","","","MIN","4ACM4701","11.85","ASSIGN","2026-04-15 22:02"
"8071","oht_time_avg","2026-04-15 22:02:06.173+0900","N","","","","MIN","4ACM4701","0.16","REP","2026-04-15 22:02"
"8082","oht_time_avg","2026-04-15 22:03:07.849+0900","N","","","","MIN","4ACM4701","0.0","COMPLETED","2026-04-15 22:03"
"8081","oht_time_avg","2026-04-15 22:03:07.849+0900","N","","","","MIN","4ACM4701","7.27","DESPOSITED","2026-04-15 22:03"
"8080","oht_time_avg","2026-04-15 22:03:07.849+0900","N","","","","MIN","4ACM4701","136.12","TRANSFERRING","2026-04-15 22:03"
"8079","oht_time_avg","2026-04-15 22:03:07.849+0900","N","","","","MIN","4ACM4701","33.24","ACQUIRED","2026-04-15 22:03"
"8078","oht_time_avg","2026-04-15 22:03:07.849+0900","N","","","","MIN","4ACM4701","13.78","ASSIGN","2026-04-15 22:03"
"8077","oht_time_avg","2026-04-15 22:03:07.849+0900","N","","","","MIN","4ACM4701","0.16","REP","2026-04-15 22:03"
"8088","oht_time_avg","2026-04-15 22:04:06.298+0900","N","","","","MIN","4ACM4701","2.47","COMPLETED","2026-04-15 22:04"
"8087","oht_time_avg","2026-04-15 22:04:06.298+0900","N","","","","MIN","4ACM4701","7.54","DESPOSITED","2026-04-15 22:04"
"8086","oht_time_avg","2026-04-15 22:04:06.298+0900","N","","","","MIN","4ACM4701","128.25","TRANSFERRING","2026-04-15 22:04"
"8085","oht_time_avg","2026-04-15 22:04:06.298+0900","N","","","","MIN","4ACM4701","31.76","ACQUIRED","2026-04-15 22:04"
"8084","oht_time_avg","2026-04-15 22:04:06.298+0900","N","","","","MIN","4ACM4701","10.34","ASSIGN","2026-04-15 22:04"
"8083","oht_time_avg","2026-04-15 22:04:06.298+0900","N","","","","MIN","4ACM4701","0.17","REP","2026-04-15 22:04"
"8094","oht_time_avg","2026-04-15 22:05:06.573+0900","N","","","","MIN","4ACM4701","0.0","COMPLETED","2026-04-15 22:05"
"8093","oht_time_avg","2026-04-15 22:05:06.573+0900","N","","","","MIN","4ACM4701","6.98","DESPOSITED","2026-04-15 22:05"
"8092","oht_time_avg","2026-04-15 22:05:06.573+0900","N","","","","MIN","4ACM4701","132.79","TRANSFERRING","2026-04-15 22:05"
"8091","oht_time_avg","2026-04-15 22:05:06.573+0900","N","","","","MIN","4ACM4701","28.65","ACQUIRED","2026-04-15 22:05"
"8090","oht_time_avg","2026-04-15 22:05:06.573+0900","N","","","","MIN","4ACM4701","10.76","ASSIGN","2026-04-15 22:05"
"8089","oht_time_avg","2026-04-15 22:05:06.573+0900","N","","","","MIN","4ACM4701","0.15","REP","2026-04-15 22:05"
"8100","oht_time_avg","2026-04-15 22:06:06.368+0900","N","","","","MIN","4ACM4701","0.0","COMPLETED","2026-04-15 22:06"
"8099","oht_time_avg","2026-04-15 22:06:06.368+0900","N","","","","MIN","4ACM4701","7.21","DESPOSITED","2026-04-15 22:06"
"8098","oht_time_avg","2026-04-15 22:06:06.368+0900","N","","","","MIN","4ACM4701","127.09","TRANSFERRING","2026-04-15 22:06"
"8097","oht_time_avg","2026-04-15 22:06:06.368+0900","N","","","","MIN","4ACM4701","32.72","ACQUIRED","2026-04-15 22:06"
"8096","oht_time_avg","2026-04-15 22:06:06.368+0900","N","","","","MIN","4ACM4701","11.18","ASSIGN","2026-04-15 22:06"
"8095","oht_time_avg","2026-04-15 22:06:06.368+0900","N","","","","MIN","4ACM4701","0.17","REP","2026-04-15 22:06"
"8106","oht_time_avg","2026-04-15 22:07:07.412+0900","N","","","","MIN","4ACM4701","0.0","COMPLETED","2026-04-15 22:07"
"8105","oht_time_avg","2026-04-15 22:07:07.412+0900","N","","","","MIN","4ACM4701","7.06","DESPOSITED","2026-04-15 22:07"
"8104","oht_time_avg","2026-04-15 22:07:07.412+0900","N","","","","MIN","4ACM4701","130.45","TRANSFERRING","2026-04-15 22:07"
"8103","oht_time_avg","2026-04-15 22:07:07.412+0900","N","","","","MIN","4ACM4701","31.48","ACQUIRED","2026-04-15 22:07"
"8102","oht_time_avg","2026-04-15 22:07:07.412+0900","N","","","","MIN","4ACM4701","12.67","ASSIGN","2026-04-15 22:07"
"8101","oht_time_avg","2026-04-15 22:07:07.412+0900","N","","","","MIN","4ACM4701","0.17","REP","2026-04-15 22:07"
"8112","oht_time_avg","2026-04-15 22:08:06.462+0900","N","","","","MIN","4ACM4701","0.0","COMPLETED","2026-04-15 22:08"
"8111","oht_time_avg","2026-04-15 22:08:06.462+0900","N","","","","MIN","4ACM4701","7.28","DESPOSITED","2026-04-15 22:08"
"8110","oht_time_avg","2026-04-15 22:08:06.462+0900","N","","","","MIN","4ACM4701","130.76","TRANSFERRING","2026-04-15 22:08"
"8109","oht_time_avg","2026-04-15 22:08:06.462+0900","N","","","","MIN","4ACM4701","30.16","ACQUIRED","2026-04-15 22:08"
"8108","oht_time_avg","2026-04-15 22:08:06.462+0900","N","","","","MIN","4ACM4701","9.74","ASSIGN","2026-04-15 22:08"
"8107","oht_time_avg","2026-04-15 22:08:06.462+0900","N","","","","MIN","4ACM4701","0.17","REP","2026-04-15 22:08"
"8118","oht_time_avg","2026-04-15 22:09:07.847+0900","N","","","","MIN","4ACM4701","0.0","COMPLETED","2026-04-15 22:09"
"8117","oht_time_avg","2026-04-15 22:09:07.847+0900","N","","","","MIN","4ACM4701","7.18","DESPOSITED","2026-04-15 22:09"
"8116","oht_time_avg","2026-04-15 22:09:07.847+0900","N","","","","MIN","4ACM4701","129.43","TRANSFERRING","2026-04-15 22:09"
"8115","oht_time_avg","2026-04-15 22:09:07.847+0900","N","","","","MIN","4ACM4701","31.32","ACQUIRED","2026-04-15 22:09"
"8114","oht_time_avg","2026-04-15 22:09:07.847+0900","N","","","","MIN","4ACM4701","9.43","ASSIGN","2026-04-15 22:09"
"8113","oht_time_avg","2026-04-15 22:09:07.847+0900","N","","","","MIN","4ACM4701","0.14","REP","2026-04-15 22:09"
"8124","oht_time_avg","2026-04-15 22:10:06.442+0900","N","","","","MIN","4ACM4701","0.0","COMPLETED","2026-04-15 22:10"
"8123","oht_time_avg","2026-04-15 22:10:06.442+0900","N","","","","MIN","4ACM4701","7.04","DESPOSITED","2026-04-15 22:10"
"8122","oht_time_avg","2026-04-15 22:10:06.442+0900","N","","","","MIN","4ACM4701","133.88","TRANSFERRING","2026-04-15 22:10"
"8121","oht_time_avg","2026-04-15 22:10:06.442+0900","N","","","","MIN","4ACM4701","31.9","ACQUIRED","2026-04-15 22:10"
"8120","oht_time_avg","2026-04-15 22:10:06.442+0900","N","","","","MIN","4ACM4701","10.59","ASSIGN","2026-04-15 22:10"
"8119","oht_time_avg","2026-04-15 22:10:06.442+0900","N","","","","MIN","4ACM4701","0.14","REP","2026-04-15 22:10"
"8130","oht_time_avg","2026-04-15 22:11:06.887+0900","N","","","","MIN","4ACM4701","0.0","COMPLETED","2026-04-15 22:11"
"8129","oht_time_avg","2026-04-15 22:11:06.887+0900","N","","","","MIN","4ACM4701","7.18","DESPOSITED","2026-04-15 22:11"
"8128","oht_time_avg","2026-04-15 22:11:06.887+0900","N","","","","MIN","4ACM4701","123.37","TRANSFERRING","2026-04-15 22:11"
"8127","oht_time_avg","2026-04-15 22:11:06.887+0900","N","","","","MIN","4ACM4701","29.73","ACQUIRED","2026-04-15 22:11"
"8126","oht_time_avg","2026-04-15 22:11:06.887+0900","N","","","","MIN","4ACM4701","9.83","ASSIGN","2026-04-15 22:11"
"8125","oht_time_avg","2026-04-15 22:11:06.887+0900","N","","","","MIN","4ACM4701","0.14","REP","2026-04-15 22:11"
"8136","oht_time_avg","2026-04-15 22:12:06.439+0900","N","","","","MIN","4ACM4701","0.0","COMPLETED","2026-04-15 22:12"
"8135","oht_time_avg","2026-04-15 22:12:06.439+0900","N","","","","MIN","4ACM4701","7.35","DESPOSITED","2026-04-15 22:12"
"8134","oht_time_avg","2026-04-15 22:12:06.439+0900","N","","","","MIN","4ACM4701","131.36","TRANSFERRING","2026-04-15 22:12"
"8133","oht_time_avg","2026-04-15 22:12:06.439+0900","N","","","","MIN","4ACM4701","32.5","ACQUIRED","2026-04-15 22:12"
"8132","oht_time_avg","2026-04-15 22:12:06.439+0900","N","","","","MIN","4ACM4701","9.91","ASSIGN","2026-04-15 22:12"
"8131","oht_time_avg","2026-04-15 22:12:06.439+0900","N","","","","MIN","4ACM4701","0.15","REP","2026-04-15 22:12"
"8142","oht_time_avg","2026-04-15 22:13:06.511+0900","N","","","","MIN","4ACM4701","0.0","COMPLETED","2026-04-15 22:13"
"8141","oht_time_avg","2026-04-15 22:13:06.511+0900","N","","","","MIN","4ACM4701","7.22","DESPOSITED","2026-04-15 22:13"
"8140","oht_time_avg","2026-04-15 22:13:06.511+0900","N","","","","MIN","4ACM4701","127.13","TRANSFERRING","2026-04-15 22:13"
"8139","oht_time_avg","2026-04-15 22:13:06.511+0900","N","","","","MIN","4ACM4701","32.19","ACQUIRED","2026-04-15 22:13"
"8138","oht_time_avg","2026-04-15 22:13:06.511+0900","N","","","","MIN","4ACM4701","12.07","ASSIGN","2026-04-15 22:13"
"8137","oht_time_avg","2026-04-15 22:13:06.511+0900","N","","","","MIN","4ACM4701","0.16","REP","2026-04-15 22:13"
"8148","oht_time_avg","2026-04-15 22:14:06.372+0900","N","","","","MIN","4ACM4701","0.0","COMPLETED","2026-04-15 22:14"
"8147","oht_time_avg","2026-04-15 22:14:06.372+0900","N","","","","MIN","4ACM4701","7.29","DESPOSITED","2026-04-15 22:14"
"8146","oht_time_avg","2026-04-15 22:14:06.372+0900","N","","","","MIN","4ACM4701","144.58","TRANSFERRING","2026-04-15 22:14"
"8145","oht_time_avg","2026-04-15 22:14:06.372+0900","N","","","","MIN","4ACM4701","31.6","ACQUIRED","2026-04-15 22:14"
"8144","oht_time_avg","2026-04-15 22:14:06.372+0900","N","","","","MIN","4ACM4701","11.91","ASSIGN","2026-04-15 22:14"
"8143","oht_time_avg","2026-04-15 22:14:06.372+0900","N","","","","MIN","4ACM4701","0.15","REP","2026-04-15 22:14"
"8154","oht_time_avg","2026-04-15 22:15:06.839+0900","N","","","","MIN","4ACM4701","0.0","COMPLETED","2026-04-15 22:15"
"8153","oht_time_avg","2026-04-15 22:15:06.839+0900","N","","","","MIN","4ACM4701","7.15","DESPOSITED","2026-04-15 22:15"
"8152","oht_time_avg","2026-04-15 22:15:06.839+0900","N","","","","MIN","4ACM4701","134.15","TRANSFERRING","2026-04-15 22:15"
"8151","oht_time_avg","2026-04-15 22:15:06.839+0900","N","","","","MIN","4ACM4701","31.27","ACQUIRED","2026-04-15 22:15"
"8150","oht_time_avg","2026-04-15 22:15:06.839+0900","N","","","","MIN","4ACM4701","10.06","ASSIGN","2026-04-15 22:15"
"8149","oht_time_avg","2026-04-15 22:15:06.839+0900","N","","","","MIN","4ACM4701","0.17","REP","2026-04-15 22:15"
"8160","oht_time_avg","2026-04-15 22:16:06.235+0900","N","","","","MIN","4ACM4701","0.0","COMPLETED","2026-04-15 22:16"
"8159","oht_time_avg","2026-04-15 22:16:06.235+0900","N","","","","MIN","4ACM4701","7.1","DESPOSITED","2026-04-15 22:16"
"8158","oht_time_avg","2026-04-15 22:16:06.235+0900","N","","","","MIN","4ACM4701","131.33","TRANSFERRING","2026-04-15 22:16"
"8157","oht_time_avg","2026-04-15 22:16:06.235+0900","N","","","","MIN","4ACM4701","30.15","ACQUIRED","2026-04-15 22:16"
"8156","oht_time_avg","2026-04-15 22:16:06.235+0900","N","","","","MIN","4ACM4701","9.57","ASSIGN","2026-04-15 22:16"
"8155","oht_time_avg","2026-04-15 22:16:06.235+0900","N","","","","MIN","4ACM4701","0.18","REP","2026-04-15 22:16"
"8166","oht_time_avg","2026-04-15 22:17:06.596+0900","N","","","","MIN","4ACM4701","0.0","COMPLETED","2026-04-15 22:17"
"8165","oht_time_avg","2026-04-15 22:17:06.596+0900","N","","","","MIN","4ACM4701","7.38","DESPOSITED","2026-04-15 22:17"
"8164","oht_time_avg","2026-04-15 22:17:06.596+0900","N","","","","MIN","4ACM4701","120.38","TRANSFERRING","2026-04-15 22:17"
"8163","oht_time_avg","2026-04-15 22:17:06.596+0900","N","","","","MIN","4ACM4701","29.85","ACQUIRED","2026-04-15 22:17"
"8162","oht_time_avg","2026-04-15 22:17:06.596+0900","N","","","","MIN","4ACM4701","11.73","ASSIGN","2026-04-15 22:17"
"8161","oht_time_avg","2026-04-15 22:17:06.596+0900","N","","","","MIN","4ACM4701","0.18","REP","2026-04-15 22:17"
"8172","oht_time_avg","2026-04-15 22:18:06.922+0900","N","","","","MIN","4ACM4701","0.0","COMPLETED","2026-04-15 22:18"
"8171","oht_time_avg","2026-04-15 22:18:06.922+0900","N","","","","MIN","4ACM4701","7.48","DESPOSITED","2026-04-15 22:18"
"8170","oht_time_avg","2026-04-15 22:18:06.922+0900","N","","","","MIN","4ACM4701","128.5","TRANSFERRING","2026-04-15 22:18"
"8169","oht_time_avg","2026-04-15 22:18:06.922+0900","N","","","","MIN","4ACM4701","31.45","ACQUIRED","2026-04-15 22:18"
"8168","oht_time_avg","2026-04-15 22:18:06.922+0900","N","","","","MIN","4ACM4701","10.75","ASSIGN","2026-04-15 22:18"
"8167","oht_time_avg","2026-04-15 22:18:06.922+0900","N","","","","MIN","4ACM4701","0.73","REP","2026-04-15 22:18"
"8178","oht_time_avg","2026-04-15 22:19:07.085+0900","N","","","","MIN","4ACM4701","0.0","COMPLETED","2026-04-15 22:19"
"8177","oht_time_avg","2026-04-15 22:19:07.085+0900","N","","","","MIN","4ACM4701","7.34","DESPOSITED","2026-04-15 22:19"
"8176","oht_time_avg","2026-04-15 22:19:07.085+0900","N","","","","MIN","4ACM4701","126.27","TRANSFERRING","2026-04-15 22:19"
"8175","oht_time_avg","2026-04-15 22:19:07.085+0900","N","","","","MIN","4ACM4701","30.11","ACQUIRED","2026-04-15 22:19"
"8174","oht_time_avg","2026-04-15 22:19:07.085+0900","N","","","","MIN","4ACM4701","11.31","ASSIGN","2026-04-15 22:19"
"8173","oht_time_avg","2026-04-15 22:19:07.085+0900","N","","","","MIN","4ACM4701","0.22","REP","2026-04-15 22:19"
"8184","oht_time_avg","2026-04-15 22:20:07.805+0900","N","","","","MIN","4ACM4701","0.0","COMPLETED","2026-04-15 22:20"
"8183","oht_time_avg","2026-04-15 22:20:07.805+0900","N","","","","MIN","4ACM4701","7.49","DESPOSITED","2026-04-15 22:20"
"8182","oht_time_avg","2026-04-15 22:20:07.805+0900","N","","","","MIN","4ACM4701","125.4","TRANSFERRING","2026-04-15 22:20"
"8181","oht_time_avg","2026-04-15 22:20:07.805+0900","N","","","","MIN","4ACM4701","29.53","ACQUIRED","2026-04-15 22:20"
"8180","oht_time_avg","2026-04-15 22:20:07.805+0900","N","","","","MIN","4ACM4701","10.27","ASSIGN","2026-04-15 22:20"
"8179","oht_time_avg","2026-04-15 22:20:07.805+0900","N","","","","MIN","4ACM4701","0.17","REP","2026-04-15 22:20"
"8190","oht_time_avg","2026-04-15 22:21:06.536+0900","N","","","","MIN","4ACM4701","0.0","COMPLETED","2026-04-15 22:21"
"8189","oht_time_avg","2026-04-15 22:21:06.536+0900","N","","","","MIN","4ACM4701","7.55","DESPOSITED","2026-04-15 22:21"
"8188","oht_time_avg","2026-04-15 22:21:06.536+0900","N","","","","MIN","4ACM4701","126.38","TRANSFERRING","2026-04-15 22:21"
"8187","oht_time_avg","2026-04-15 22:21:06.536+0900","N","","","","MIN","4ACM4701","31.56","ACQUIRED","2026-04-15 22:21"
"8186","oht_time_avg","2026-04-15 22:21:06.536+0900","N","","","","MIN","4ACM4701","9.91","ASSIGN","2026-04-15 22:21"
"8185","oht_time_avg","2026-04-15 22:21:06.536+0900","N","","","","MIN","4ACM4701","0.17","REP","2026-04-15 22:21"
"8196","oht_time_avg","2026-04-15 22:22:07.473+0900","N","","","","MIN","4ACM4701","0.0","COMPLETED","2026-04-15 22:22"
"8195","oht_time_avg","2026-04-15 22:22:07.473+0900","N","","","","MIN","4ACM4701","7.14","DESPOSITED","2026-04-15 22:22"
"8194","oht_time_avg","2026-04-15 22:22:07.473+0900","N","","","","MIN","4ACM4701","140.54","TRANSFERRING","2026-04-15 22:22"
"8193","oht_time_avg","2026-04-15 22:22:07.473+0900","N","","","","MIN","4ACM4701","32.13","ACQUIRED","2026-04-15 22:22"
"8192","oht_time_avg","2026-04-15 22:22:07.473+0900","N","","","","MIN","4ACM4701","10.03","ASSIGN","2026-04-15 22:22"
"8191","oht_time_avg","2026-04-15 22:22:07.473+0900","N","","","","MIN","4ACM4701","0.18","REP","2026-04-15 22:22"
"8202","oht_time_avg","2026-04-15 22:23:06.509+0900","N","","","","MIN","4ACM4701","0.0","COMPLETED","2026-04-15 22:23"
"8201","oht_time_avg","2026-04-15 22:23:06.509+0900","N","","","","MIN","4ACM4701","7.11","DESPOSITED","2026-04-15 22:23"
"8200","oht_time_avg","2026-04-15 22:23:06.509+0900","N","","","","MIN","4ACM4701","129.78","TRANSFERRING","2026-04-15 22:23"
"8199","oht_time_avg","2026-04-15 22:23:06.509+0900","N","","","","MIN","4ACM4701","31.89","ACQUIRED","2026-04-15 22:23"
"8198","oht_time_avg","2026-04-15 22:23:06.509+0900","N","","","","MIN","4ACM4701","14.47","ASSIGN","2026-04-15 22:23"
"8197","oht_time_avg","2026-04-15 22:23:06.509+0900","N","","","","MIN","4ACM4701","0.15","REP","2026-04-15 22:23"
"8208","oht_time_avg","2026-04-15 22:24:06.452+0900","N","","","","MIN","4ACM4701","0.0","COMPLETED","2026-04-15 22:24"
"8207","oht_time_avg","2026-04-15 22:24:06.452+0900","N","","","","MIN","4ACM4701","7.12","DESPOSITED","2026-04-15 22:24"
"8206","oht_time_avg","2026-04-15 22:24:06.452+0900","N","","","","MIN","4ACM4701","136.05","TRANSFERRING","2026-04-15 22:24"
"8205","oht_time_avg","2026-04-15 22:24:06.452+0900","N","","","","MIN","4ACM4701","30.07","ACQUIRED","2026-04-15 22:24"
"8204","oht_time_avg","2026-04-15 22:24:06.452+0900","N","","","","MIN","4ACM4701","10.74","ASSIGN","2026-04-15 22:24"
"8203","oht_time_avg","2026-04-15 22:24:06.452+0900","N","","","","MIN","4ACM4701","0.16","REP","2026-04-15 22:24"
"8214","oht_time_avg","2026-04-15 22:25:06.538+0900","N","","","","MIN","4ACM4701","0.0","COMPLETED","2026-04-15 22:25"
"8213","oht_time_avg","2026-04-15 22:25:06.538+0900","N","","","","MIN","4ACM4701","7.43","DESPOSITED","2026-04-15 22:25"
"8212","oht_time_avg","2026-04-15 22:25:06.538+0900","N","","","","MIN","4ACM4701","133.29","TRANSFERRING","2026-04-15 22:25"
"8211","oht_time_avg","2026-04-15 22:25:06.538+0900","N","","","","MIN","4ACM4701","30.15","ACQUIRED","2026-04-15 22:25"
"8210","oht_time_avg","2026-04-15 22:25:06.538+0900","N","","","","MIN","4ACM4701","13.11","ASSIGN","2026-04-15 22:25"
"8209","oht_time_avg","2026-04-15 22:25:06.538+0900","N","","","","MIN","4ACM4701","0.43","REP","2026-04-15 22:25"
"8220","oht_time_avg","2026-04-15 22:26:07.401+0900","N","","","","MIN","4ACM4701","0.0","COMPLETED","2026-04-15 22:26"
"8219","oht_time_avg","2026-04-15 22:26:07.401+0900","N","","","","MIN","4ACM4701","7.35","DESPOSITED","2026-04-15 22:26"
"8218","oht_time_avg","2026-04-15 22:26:07.401+0900","N","","","","MIN","4ACM4701","135.51","TRANSFERRING","2026-04-15 22:26"
"8217","oht_time_avg","2026-04-15 22:26:07.401+0900","N","","","","MIN","4ACM4701","32.09","ACQUIRED","2026-04-15 22:26"
"8216","oht_time_avg","2026-04-15 22:26:07.401+0900","N","","","","MIN","4ACM4701","10.49","ASSIGN","2026-04-15 22:26"
"8215","oht_time_avg","2026-04-15 22:26:07.401+0900","N","","","","MIN","4ACM4701","0.15","REP","2026-04-15 22:26"
"8226","oht_time_avg","2026-04-15 22:27:06.675+0900","N","","","","MIN","4ACM4701","4.48","COMPLETED","2026-04-15 22:27"
"8225","oht_time_avg","2026-04-15 22:27:06.675+0900","N","","","","MIN","4ACM4701","7.08","DESPOSITED","2026-04-15 22:27"
"8224","oht_time_avg","2026-04-15 22:27:06.675+0900","N","","","","MIN","4ACM4701","128.63","TRANSFERRING","2026-04-15 22:27"
"8223","oht_time_avg","2026-04-15 22:27:06.675+0900","N","","","","MIN","4ACM4701","28.43","ACQUIRED","2026-04-15 22:27"
"8222","oht_time_avg","2026-04-15 22:27:06.675+0900","N","","","","MIN","4ACM4701","9.97","ASSIGN","2026-04-15 22:27"
"8221","oht_time_avg","2026-04-15 22:27:06.675+0900","N","","","","MIN","4ACM4701","0.14","REP","2026-04-15 22:27"
"8232","oht_time_avg","2026-04-15 22:28:06.452+0900","N","","","","MIN","4ACM4701","0.0","COMPLETED","2026-04-15 22:28"
"8231","oht_time_avg","2026-04-15 22:28:06.452+0900","N","","","","MIN","4ACM4701","6.92","DESPOSITED","2026-04-15 22:28"
"8230","oht_time_avg","2026-04-15 22:28:06.452+0900","N","","","","MIN","4ACM4701","130.28","TRANSFERRING","2026-04-15 22:28"
"8229","oht_time_avg","2026-04-15 22:28:06.452+0900","N","","","","MIN","4ACM4701","29.62","ACQUIRED","2026-04-15 22:28"
"8228","oht_time_avg","2026-04-15 22:28:06.452+0900","N","","","","MIN","4ACM4701","10.26","ASSIGN","2026-04-15 22:28"
"8227","oht_time_avg","2026-04-15 22:28:06.452+0900","N","","","","MIN","4ACM4701","0.15","REP","2026-04-15 22:28"
"8238","oht_time_avg","2026-04-15 22:29:06.556+0900","N","","","","MIN","4ACM4701","0.0","COMPLETED","2026-04-15 22:29"
"8237","oht_time_avg","2026-04-15 22:29:06.556+0900","N","","","","MIN","4ACM4701","7.0","DESPOSITED","2026-04-15 22:29"
"8236","oht_time_avg","2026-04-15 22:29:06.556+0900","N","","","","MIN","4ACM4701","130.44","TRANSFERRING","2026-04-15 22:29"
"8235","oht_time_avg","2026-04-15 22:29:06.556+0900","N","","","","MIN","4ACM4701","29.65","ACQUIRED","2026-04-15 22:29"
"8234","oht_time_avg","2026-04-15 22:29:06.556+0900","N","","","","MIN","4ACM4701","11.65","ASSIGN","2026-04-15 22:29"
"8233","oht_time_avg","2026-04-15 22:29:06.556+0900","N","","","","MIN","4ACM4701","0.18","REP","2026-04-15 22:29"
"8244","oht_time_avg","2026-04-15 22:30:06.842+0900","N","","","","MIN","4ACM4701","0.0","COMPLETED","2026-04-15 22:30"
"8243","oht_time_avg","2026-04-15 22:30:06.842+0900","N","","","","MIN","4ACM4701","7.2","DESPOSITED","2026-04-15 22:30"
"8242","oht_time_avg","2026-04-15 22:30:06.842+0900","N","","","","MIN","4ACM4701","128.98","TRANSFERRING","2026-04-15 22:30"
"8241","oht_time_avg","2026-04-15 22:30:06.842+0900","N","","","","MIN","4ACM4701","31.2","ACQUIRED","2026-04-15 22:30"
"8240","oht_time_avg","2026-04-15 22:30:06.842+0900","N","","","","MIN","4ACM4701","9.12","ASSIGN","2026-04-15 22:30"
"8239","oht_time_avg","2026-04-15 22:30:06.842+0900","N","","","","MIN","4ACM4701","0.75","REP","2026-04-15 22:30"
"8250","oht_time_avg","2026-04-15 22:31:06.450+0900","N","","","","MIN","4ACM4701","0.0","COMPLETED","2026-04-15 22:31"
"8249","oht_time_avg","2026-04-15 22:31:06.450+0900","N","","","","MIN","4ACM4701","7.02","DESPOSITED","2026-04-15 22:31"
"8248","oht_time_avg","2026-04-15 22:31:06.450+0900","N","","","","MIN","4ACM4701","137.0","TRANSFERRING","2026-04-15 22:31"
"8247","oht_time_avg","2026-04-15 22:31:06.450+0900","N","","","","MIN","4ACM4701","29.12","ACQUIRED","2026-04-15 22:31"
"8246","oht_time_avg","2026-04-15 22:31:06.450+0900","N","","","","MIN","4ACM4701","9.58","ASSIGN","2026-04-15 22:31"
"8245","oht_time_avg","2026-04-15 22:31:06.450+0900","N","","","","MIN","4ACM4701","0.15","REP","2026-04-15 22:31"
"8256","oht_time_avg","2026-04-15 22:32:06.818+0900","N","","","","MIN","4ACM4701","0.0","COMPLETED","2026-04-15 22:32"
"8255","oht_time_avg","2026-04-15 22:32:06.818+0900","N","","","","MIN","4ACM4701","7.18","DESPOSITED","2026-04-15 22:32"
"8254","oht_time_avg","2026-04-15 22:32:06.818+0900","N","","","","MIN","4ACM4701","142.04","TRANSFERRING","2026-04-15 22:32"
"8253","oht_time_avg","2026-04-15 22:32:06.818+0900","N","","","","MIN","4ACM4701","28.24","ACQUIRED","2026-04-15 22:32"
"8252","oht_time_avg","2026-04-15 22:32:06.818+0900","N","","","","MIN","4ACM4701","10.37","ASSIGN","2026-04-15 22:32"
"8251","oht_time_avg","2026-04-15 22:32:06.818+0900","N","","","","MIN","4ACM4701","0.18","REP","2026-04-15 22:32"
"8262","oht_time_avg","2026-04-15 22:33:06.458+0900","N","","","","MIN","4ACM4701","0.0","COMPLETED","2026-04-15 22:33"
"8261","oht_time_avg","2026-04-15 22:33:06.458+0900","N","","","","MIN","4ACM4701","7.06","DESPOSITED","2026-04-15 22:33"
"8260","oht_time_avg","2026-04-15 22:33:06.458+0900","N","","","","MIN","4ACM4701","138.98","TRANSFERRING","2026-04-15 22:33"
"8259","oht_time_avg","2026-04-15 22:33:06.458+0900","N","","","","MIN","4ACM4701","29.94","ACQUIRED","2026-04-15 22:33"
"8258","oht_time_avg","2026-04-15 22:33:06.458+0900","N","","","","MIN","4ACM4701","9.63","ASSIGN","2026-04-15 22:33"
"8257","oht_time_avg","2026-04-15 22:33:06.458+0900","N","","","","MIN","4ACM4701","1.16","REP","2026-04-15 22:33"
"8268","oht_time_avg","2026-04-15 22:34:06.025+0900","N","","","","MIN","4ACM4701","0.0","COMPLETED","2026-04-15 22:34"
"8267","oht_time_avg","2026-04-15 22:34:06.025+0900","N","","","","MIN","4ACM4701","7.41","DESPOSITED","2026-04-15 22:34"
"8266","oht_time_avg","2026-04-15 22:34:06.025+0900","N","","","","MIN","4ACM4701","139.22","TRANSFERRING","2026-04-15 22:34"
"8265","oht_time_avg","2026-04-15 22:34:06.025+0900","N","","","","MIN","4ACM4701","30.42","ACQUIRED","2026-04-15 22:34"
"8264","oht_time_avg","2026-04-15 22:34:06.025+0900","N","","","","MIN","4ACM4701","11.04","ASSIGN","2026-04-15 22:34"
"8263","oht_time_avg","2026-04-15 22:34:06.025+0900","N","","","","MIN","4ACM4701","0.16","REP","2026-04-15 22:34"
"8274","oht_time_avg","2026-04-15 22:35:06.598+0900","N","","","","MIN","4ACM4701","0.0","COMPLETED","2026-04-15 22:35"
"8273","oht_time_avg","2026-04-15 22:35:06.598+0900","N","","","","MIN","4ACM4701","7.27","DESPOSITED","2026-04-15 22:35"
"8272","oht_time_avg","2026-04-15 22:35:06.598+0900","N","","","","MIN","4ACM4701","131.76","TRANSFERRING","2026-04-15 22:35"
"8271","oht_time_avg","2026-04-15 22:35:06.598+0900","N","","","","MIN","4ACM4701","31.36","ACQUIRED","2026-04-15 22:35"
"8270","oht_time_avg","2026-04-15 22:35:06.598+0900","N","","","","MIN","4ACM4701","11.83","ASSIGN","2026-04-15 22:35"
"8269","oht_time_avg","2026-04-15 22:35:06.598+0900","N","","","","MIN","4ACM4701","0.16","REP","2026-04-15 22:35"
"8280","oht_time_avg","2026-04-15 22:36:06.959+0900","N","","","","MIN","4ACM4701","0.0","COMPLETED","2026-04-15 22:36"
"8279","oht_time_avg","2026-04-15 22:36:06.959+0900","N","","","","MIN","4ACM4701","7.02","DESPOSITED","2026-04-15 22:36"
"8278","oht_time_avg","2026-04-15 22:36:06.959+0900","N","","","","MIN","4ACM4701","132.55","TRANSFERRING","2026-04-15 22:36"
"8277","oht_time_avg","2026-04-15 22:36:06.959+0900","N","","","","MIN","4ACM4701","29.92","ACQUIRED","2026-04-15 22:36"
"8276","oht_time_avg","2026-04-15 22:36:06.959+0900","N","","","","MIN","4ACM4701","12.59","ASSIGN","2026-04-15 22:36"
"8275","oht_time_avg","2026-04-15 22:36:06.959+0900","N","","","","MIN","4ACM4701","1.25","REP","2026-04-15 22:36"
"8286","oht_time_avg","2026-04-15 22:37:07.257+0900","N","","","","MIN","4ACM4701","0.0","COMPLETED","2026-04-15 22:37"
"8285","oht_time_avg","2026-04-15 22:37:07.257+0900","N","","","","MIN","4ACM4701","7.2","DESPOSITED","2026-04-15 22:37"
"8284","oht_time_avg","2026-04-15 22:37:07.257+0900","N","","","","MIN","4ACM4701","137.13","TRANSFERRING","2026-04-15 22:37"
"8283","oht_time_avg","2026-04-15 22:37:07.257+0900","N","","","","MIN","4ACM4701","30.53","ACQUIRED","2026-04-15 22:37"
"8282","oht_time_avg","2026-04-15 22:37:07.257+0900","N","","","","MIN","4ACM4701","12.86","ASSIGN","2026-04-15 22:37"
"8281","oht_time_avg","2026-04-15 22:37:07.257+0900","N","","","","MIN","4ACM4701","0.16","REP","2026-04-15 22:37"
"8292","oht_time_avg","2026-04-15 22:38:06.445+0900","N","","","","MIN","4ACM4701","0.0","COMPLETED","2026-04-15 22:38"
"8291","oht_time_avg","2026-04-15 22:38:06.445+0900","N","","","","MIN","4ACM4701","7.31","DESPOSITED","2026-04-15 22:38"
"8290","oht_time_avg","2026-04-15 22:38:06.445+0900","N","","","","MIN","4ACM4701","130.64","TRANSFERRING","2026-04-15 22:38"
"8289","oht_time_avg","2026-04-15 22:38:06.445+0900","N","","","","MIN","4ACM4701","31.26","ACQUIRED","2026-04-15 22:38"
"8288","oht_time_avg","2026-04-15 22:38:06.445+0900","N","","","","MIN","4ACM4701","12.24","ASSIGN","2026-04-15 22:38"
"8287","oht_time_avg","2026-04-15 22:38:06.445+0900","N","","","","MIN","4ACM4701","0.89","REP","2026-04-15 22:38"
"8298","oht_time_avg","2026-04-15 22:39:06.875+0900","N","","","","MIN","4ACM4701","0.0","COMPLETED","2026-04-15 22:39"
"8297","oht_time_avg","2026-04-15 22:39:06.875+0900","N","","","","MIN","4ACM4701","7.08","DESPOSITED","2026-04-15 22:39"
"8296","oht_time_avg","2026-04-15 22:39:06.875+0900","N","","","","MIN","4ACM4701","128.14","TRANSFERRING","2026-04-15 22:39"
"8295","oht_time_avg","2026-04-15 22:39:06.875+0900","N","","","","MIN","4ACM4701","32.19","ACQUIRED","2026-04-15 22:39"
"8294","oht_time_avg","2026-04-15 22:39:06.875+0900","N","","","","MIN","4ACM4701","12.18","ASSIGN","2026-04-15 22:39"
"8293","oht_time_avg","2026-04-15 22:39:06.875+0900","N","","","","MIN","4ACM4701","0.17","REP","2026-04-15 22:39"
"8304","oht_time_avg","2026-04-15 22:40:07.386+0900","N","","","","MIN","4ACM4701","0.0","COMPLETED","2026-04-15 22:40"
"8303","oht_time_avg","2026-04-15 22:40:07.386+0900","N","","","","MIN","4ACM4701","7.2","DESPOSITED","2026-04-15 22:40"
"8302","oht_time_avg","2026-04-15 22:40:07.386+0900","N","","","","MIN","4ACM4701","130.19","TRANSFERRING","2026-04-15 22:40"
"8301","oht_time_avg","2026-04-15 22:40:07.386+0900","N","","","","MIN","4ACM4701","32.67","ACQUIRED","2026-04-15 22:40"
"8300","oht_time_avg","2026-04-15 22:40:07.386+0900","N","","","","MIN","4ACM4701","12.21","ASSIGN","2026-04-15 22:40"
"8299","oht_time_avg","2026-04-15 22:40:07.386+0900","N","","","","MIN","4ACM4701","0.17","REP","2026-04-15 22:40"
"8310","oht_time_avg","2026-04-15 22:41:06.629+0900","N","","","","MIN","4ACM4701","0.0","COMPLETED","2026-04-15 22:41"
"8309","oht_time_avg","2026-04-15 22:41:06.629+0900","N","","","","MIN","4ACM4701","7.98","DESPOSITED","2026-04-15 22:41"
"8308","oht_time_avg","2026-04-15 22:41:06.629+0900","N","","","","MIN","4ACM4701","134.71","TRANSFERRING","2026-04-15 22:41"
"8307","oht_time_avg","2026-04-15 22:41:06.629+0900","N","","","","MIN","4ACM4701","31.52","ACQUIRED","2026-04-15 22:41"
"8306","oht_time_avg","2026-04-15 22:41:06.629+0900","N","","","","MIN","4ACM4701","9.78","ASSIGN","2026-04-15 22:41"
"8305","oht_time_avg","2026-04-15 22:41:06.629+0900","N","","","","MIN","4ACM4701","0.13","REP","2026-04-15 22:41"
"8316","oht_time_avg","2026-04-15 22:42:06.408+0900","N","","","","MIN","4ACM4701","0.0","COMPLETED","2026-04-15 22:42"
"8315","oht_time_avg","2026-04-15 22:42:06.408+0900","N","","","","MIN","4ACM4701","7.12","DESPOSITED","2026-04-15 22:42"
"8314","oht_time_avg","2026-04-15 22:42:06.408+0900","N","","","","MIN","4ACM4701","131.18","TRANSFERRING","2026-04-15 22:42"
"8313","oht_time_avg","2026-04-15 22:42:06.408+0900","N","","","","MIN","4ACM4701","32.78","ACQUIRED","2026-04-15 22:42"
"8312","oht_time_avg","2026-04-15 22:42:06.408+0900","N","","","","MIN","4ACM4701","13.23","ASSIGN","2026-04-15 22:42"
"8311","oht_time_avg","2026-04-15 22:42:06.408+0900","N","","","","MIN","4ACM4701","0.14","REP","2026-04-15 22:42"
"8322","oht_time_avg","2026-04-15 22:43:06.565+0900","N","","","","MIN","4ACM4701","2.29","COMPLETED","2026-04-15 22:43"
"8321","oht_time_avg","2026-04-15 22:43:06.565+0900","N","","","","MIN","4ACM4701","7.22","DESPOSITED","2026-04-15 22:43"
"8320","oht_time_avg","2026-04-15 22:43:06.565+0900","N","","","","MIN","4ACM4701","131.45","TRANSFERRING","2026-04-15 22:43"
"8319","oht_time_avg","2026-04-15 22:43:06.565+0900","N","","","","MIN","4ACM4701","31.16","ACQUIRED","2026-04-15 22:43"
"8318","oht_time_avg","2026-04-15 22:43:06.565+0900","N","","","","MIN","4ACM4701","11.78","ASSIGN","2026-04-15 22:43"
"8317","oht_time_avg","2026-04-15 22:43:06.565+0900","N","","","","MIN","4ACM4701","0.59","REP","2026-04-15 22:43"
"8328","oht_time_avg","2026-04-15 22:44:06.816+0900","N","","","","MIN","4ACM4701","0.0","COMPLETED","2026-04-15 22:44"
"8327","oht_time_avg","2026-04-15 22:44:06.816+0900","N","","","","MIN","4ACM4701","7.21","DESPOSITED","2026-04-15 22:44"
"8326","oht_time_avg","2026-04-15 22:44:06.816+0900","N","","","","MIN","4ACM4701","122.38","TRANSFERRING","2026-04-15 22:44"
"8325","oht_time_avg","2026-04-15 22:44:06.816+0900","N","","","","MIN","4ACM4701","30.23","ACQUIRED","2026-04-15 22:44"
"8324","oht_time_avg","2026-04-15 22:44:06.816+0900","N","","","","MIN","4ACM4701","12.83","ASSIGN","2026-04-15 22:44"
"8323","oht_time_avg","2026-04-15 22:44:06.816+0900","N","","","","MIN","4ACM4701","0.16","REP","2026-04-15 22:44"
"8334","oht_time_avg","2026-04-15 22:45:06.515+0900","N","","","","MIN","4ACM4701","0.0","COMPLETED","2026-04-15 22:45"
"8333","oht_time_avg","2026-04-15 22:45:06.515+0900","N","","","","MIN","4ACM4701","7.23","DESPOSITED","2026-04-15 22:45"
"8332","oht_time_avg","2026-04-15 22:45:06.515+0900","N","","","","MIN","4ACM4701","133.45","TRANSFERRING","2026-04-15 22:45"
"8331","oht_time_avg","2026-04-15 22:45:06.515+0900","N","","","","MIN","4ACM4701","28.75","ACQUIRED","2026-04-15 22:45"
"8330","oht_time_avg","2026-04-15 22:45:06.515+0900","N","","","","MIN","4ACM4701","11.79","ASSIGN","2026-04-15 22:45"
"8329","oht_time_avg","2026-04-15 22:45:06.515+0900","N","","","","MIN","4ACM4701","0.51","REP","2026-04-15 22:45"
"8340","oht_time_avg","2026-04-15 22:46:07.327+0900","N","","","","MIN","4ACM4701","0.0","COMPLETED","2026-04-15 22:46"
"8339","oht_time_avg","2026-04-15 22:46:07.327+0900","N","","","","MIN","4ACM4701","7.33","DESPOSITED","2026-04-15 22:46"
"8338","oht_time_avg","2026-04-15 22:46:07.327+0900","N","","","","MIN","4ACM4701","131.62","TRANSFERRING","2026-04-15 22:46"
"8337","oht_time_avg","2026-04-15 22:46:07.327+0900","N","","","","MIN","4ACM4701","32.25","ACQUIRED","2026-04-15 22:46"
"8336","oht_time_avg","2026-04-15 22:46:07.327+0900","N","","","","MIN","4ACM4701","10.83","ASSIGN","2026-04-15 22:46"
"8335","oht_time_avg","2026-04-15 22:46:07.327+0900","N","","","","MIN","4ACM4701","0.15","REP","2026-04-15 22:46"
"8346","oht_time_avg","2026-04-15 22:47:06.456+0900","N","","","","MIN","4ACM4701","0.0","COMPLETED","2026-04-15 22:47"
"8345","oht_time_avg","2026-04-15 22:47:06.456+0900","N","","","","MIN","4ACM4701","7.32","DESPOSITED","2026-04-15 22:47"
"8344","oht_time_avg","2026-04-15 22:47:06.456+0900","N","","","","MIN","4ACM4701","135.41","TRANSFERRING","2026-04-15 22:47"
"8343","oht_time_avg","2026-04-15 22:47:06.456+0900","N","","","","MIN","4ACM4701","29.48","ACQUIRED","2026-04-15 22:47"
"8342","oht_time_avg","2026-04-15 22:47:06.456+0900","N","","","","MIN","4ACM4701","9.77","ASSIGN","2026-04-15 22:47"
"8341","oht_time_avg","2026-04-15 22:47:06.456+0900","N","","","","MIN","4ACM4701","0.54","REP","2026-04-15 22:47"
"8352","oht_time_avg","2026-04-15 22:48:06.387+0900","N","","","","MIN","4ACM4701","0.0","COMPLETED","2026-04-15 22:48"
"8351","oht_time_avg","2026-04-15 22:48:06.387+0900","N","","","","MIN","4ACM4701","7.14","DESPOSITED","2026-04-15 22:48"
"8350","oht_time_avg","2026-04-15 22:48:06.387+0900","N","","","","MIN","4ACM4701","129.69","TRANSFERRING","2026-04-15 22:48"
"8349","oht_time_avg","2026-04-15 22:48:06.387+0900","N","","","","MIN","4ACM4701","31.83","ACQUIRED","2026-04-15 22:48"
"8348","oht_time_avg","2026-04-15 22:48:06.387+0900","N","","","","MIN","4ACM4701","10.13","ASSIGN","2026-04-15 22:48"
"8347","oht_time_avg","2026-04-15 22:48:06.387+0900","N","","","","MIN","4ACM4701","0.16","REP","2026-04-15 22:48"
"8358","oht_time_avg","2026-04-15 22:49:06.653+0900","N","","","","MIN","4ACM4701","0.0","COMPLETED","2026-04-15 22:49"
"8357","oht_time_avg","2026-04-15 22:49:06.653+0900","N","","","","MIN","4ACM4701","7.29","DESPOSITED","2026-04-15 22:49"
"8356","oht_time_avg","2026-04-15 22:49:06.653+0900","N","","","","MIN","4ACM4701","129.58","TRANSFERRING","2026-04-15 22:49"
"8355","oht_time_avg","2026-04-15 22:49:06.653+0900","N","","","","MIN","4ACM4701","30.9","ACQUIRED","2026-04-15 22:49"
"8354","oht_time_avg","2026-04-15 22:49:06.653+0900","N","","","","MIN","4ACM4701","9.63","ASSIGN","2026-04-15 22:49"
"8353","oht_time_avg","2026-04-15 22:49:06.653+0900","N","","","","MIN","4ACM4701","0.14","REP","2026-04-15 22:49"
"8364","oht_time_avg","2026-04-15 22:50:07.187+0900","N","","","","MIN","4ACM4701","0.0","COMPLETED","2026-04-15 22:50"
"8363","oht_time_avg","2026-04-15 22:50:07.187+0900","N","","","","MIN","4ACM4701","7.24","DESPOSITED","2026-04-15 22:50"
"8362","oht_time_avg","2026-04-15 22:50:07.187+0900","N","","","","MIN","4ACM4701","137.15","TRANSFERRING","2026-04-15 22:50"
"8361","oht_time_avg","2026-04-15 22:50:07.187+0900","N","","","","MIN","4ACM4701","29.68","ACQUIRED","2026-04-15 22:50"
"8360","oht_time_avg","2026-04-15 22:50:07.187+0900","N","","","","MIN","4ACM4701","10.27","ASSIGN","2026-04-15 22:50"
"8359","oht_time_avg","2026-04-15 22:50:07.187+0900","N","","","","MIN","4ACM4701","0.15","REP","2026-04-15 22:50"
"8370","oht_time_avg","2026-04-15 22:51:07.801+0900","N","","","","MIN","4ACM4701","0.0","COMPLETED","2026-04-15 22:51"
"8369","oht_time_avg","2026-04-15 22:51:07.801+0900","N","","","","MIN","4ACM4701","7.19","DESPOSITED","2026-04-15 22:51"
"8368","oht_time_avg","2026-04-15 22:51:07.801+0900","N","","","","MIN","4ACM4701","137.98","TRANSFERRING","2026-04-15 22:51"
"8367","oht_time_avg","2026-04-15 22:51:07.801+0900","N","","","","MIN","4ACM4701","28.64","ACQUIRED","2026-04-15 22:51"
"8366","oht_time_avg","2026-04-15 22:51:07.801+0900","N","","","","MIN","4ACM4701","9.2","ASSIGN","2026-04-15 22:51"
"8365","oht_time_avg","2026-04-15 22:51:07.801+0900","N","","","","MIN","4ACM4701","0.16","REP","2026-04-15 22:51"
"8376","oht_time_avg","2026-04-15 22:52:07.104+0900","N","","","","MIN","4ACM4701","0.0","COMPLETED","2026-04-15 22:52"
"8375","oht_time_avg","2026-04-15 22:52:07.104+0900","N","","","","MIN","4ACM4701","6.9","DESPOSITED","2026-04-15 22:52"
"8374","oht_time_avg","2026-04-15 22:52:07.104+0900","N","","","","MIN","4ACM4701","133.57","TRANSFERRING","2026-04-15 22:52"
"8373","oht_time_avg","2026-04-15 22:52:07.104+0900","N","","","","MIN","4ACM4701","31.92","ACQUIRED","2026-04-15 22:52"
"8372","oht_time_avg","2026-04-15 22:52:07.104+0900","N","","","","MIN","4ACM4701","9.24","ASSIGN","2026-04-15 22:52"
"8371","oht_time_avg","2026-04-15 22:52:07.104+0900","N","","","","MIN","4ACM4701","0.15","REP","2026-04-15 22:52"
"8382","oht_time_avg","2026-04-15 22:53:07.035+0900","N","","","","MIN","4ACM4701","0.0","COMPLETED","2026-04-15 22:53"
"8381","oht_time_avg","2026-04-15 22:53:07.035+0900","N","","","","MIN","4ACM4701","7.21","DESPOSITED","2026-04-15 22:53"
"8380","oht_time_avg","2026-04-15 22:53:07.035+0900","N","","","","MIN","4ACM4701","138.05","TRANSFERRING","2026-04-15 22:53"
"8379","oht_time_avg","2026-04-15 22:53:07.035+0900","N","","","","MIN","4ACM4701","28.58","ACQUIRED","2026-04-15 22:53"
"8378","oht_time_avg","2026-04-15 22:53:07.035+0900","N","","","","MIN","4ACM4701","10.34","ASSIGN","2026-04-15 22:53"
"8377","oht_time_avg","2026-04-15 22:53:07.035+0900","N","","","","MIN","4ACM4701","0.17","REP","2026-04-15 22:53"
"8388","oht_time_avg","2026-04-15 22:54:07.605+0900","N","","","","MIN","4ACM4701","0.0","COMPLETED","2026-04-15 22:54"
"8387","oht_time_avg","2026-04-15 22:54:07.605+0900","N","","","","MIN","4ACM4701","7.18","DESPOSITED","2026-04-15 22:54"
"8386","oht_time_avg","2026-04-15 22:54:07.605+0900","N","","","","MIN","4ACM4701","132.14","TRANSFERRING","2026-04-15 22:54"
"8385","oht_time_avg","2026-04-15 22:54:07.605+0900","N","","","","MIN","4ACM4701","29.0","ACQUIRED","2026-04-15 22:54"
"8384","oht_time_avg","2026-04-15 22:54:07.605+0900","N","","","","MIN","4ACM4701","11.7","ASSIGN","2026-04-15 22:54"
"8383","oht_time_avg","2026-04-15 22:54:07.605+0900","N","","","","MIN","4ACM4701","0.15","REP","2026-04-15 22:54"
"8394","oht_time_avg","2026-04-15 22:55:06.981+0900","N","","","","MIN","4ACM4701","0.0","COMPLETED","2026-04-15 22:55"
"8393","oht_time_avg","2026-04-15 22:55:06.981+0900","N","","","","MIN","4ACM4701","7.18","DESPOSITED","2026-04-15 22:55"
"8392","oht_time_avg","2026-04-15 22:55:06.981+0900","N","","","","MIN","4ACM4701","131.28","TRANSFERRING","2026-04-15 22:55"
"8391","oht_time_avg","2026-04-15 22:55:06.981+0900","N","","","","MIN","4ACM4701","30.94","ACQUIRED","2026-04-15 22:55"
"8390","oht_time_avg","2026-04-15 22:55:06.981+0900","N","","","","MIN","4ACM4701","12.24","ASSIGN","2026-04-15 22:55"
"8389","oht_time_avg","2026-04-15 22:55:06.981+0900","N","","","","MIN","4ACM4701","0.16","REP","2026-04-15 22:55"
"8400","oht_time_avg","2026-04-15 22:56:06.632+0900","N","","","","MIN","4ACM4701","0.0","COMPLETED","2026-04-15 22:56"
"8399","oht_time_avg","2026-04-15 22:56:06.632+0900","N","","","","MIN","4ACM4701","7.45","DESPOSITED","2026-04-15 22:56"
"8398","oht_time_avg","2026-04-15 22:56:06.632+0900","N","","","","MIN","4ACM4701","132.53","TRANSFERRING","2026-04-15 22:56"
"8397","oht_time_avg","2026-04-15 22:56:06.632+0900","N","","","","MIN","4ACM4701","30.12","ACQUIRED","2026-04-15 22:56"
"8396","oht_time_avg","2026-04-15 22:56:06.632+0900","N","","","","MIN","4ACM4701","11.84","ASSIGN","2026-04-15 22:56"
"8395","oht_time_avg","2026-04-15 22:56:06.632+0900","N","","","","MIN","4ACM4701","0.17","REP","2026-04-15 22:56"
"8406","oht_time_avg","2026-04-15 22:57:06.760+0900","N","","","","MIN","4ACM4701","0.0","COMPLETED","2026-04-15 22:57"
"8405","oht_time_avg","2026-04-15 22:57:06.760+0900","N","","","","MIN","4ACM4701","7.18","DESPOSITED","2026-04-15 22:57"
"8404","oht_time_avg","2026-04-15 22:57:06.760+0900","N","","","","MIN","4ACM4701","138.08","TRANSFERRING","2026-04-15 22:57"
"8403","oht_time_avg","2026-04-15 22:57:06.760+0900","N","","","","MIN","4ACM4701","32.61","ACQUIRED","2026-04-15 22:57"
"8402","oht_time_avg","2026-04-15 22:57:06.760+0900","N","","","","MIN","4ACM4701","11.74","ASSIGN","2026-04-15 22:57"
"8401","oht_time_avg","2026-04-15 22:57:06.760+0900","N","","","","MIN","4ACM4701","0.14","REP","2026-04-15 22:57"
"8412","oht_time_avg","2026-04-15 22:58:06.675+0900","N","","","","MIN","4ACM4701","0.0","COMPLETED","2026-04-15 22:58"
"8411","oht_time_avg","2026-04-15 22:58:06.675+0900","N","","","","MIN","4ACM4701","7.17","DESPOSITED","2026-04-15 22:58"
"8410","oht_time_avg","2026-04-15 22:58:06.675+0900","N","","","","MIN","4ACM4701","124.88","TRANSFERRING","2026-04-15 22:58"
"8409","oht_time_avg","2026-04-15 22:58:06.675+0900","N","","","","MIN","4ACM4701","31.06","ACQUIRED","2026-04-15 22:58"
"8408","oht_time_avg","2026-04-15 22:58:06.675+0900","N","","","","MIN","4ACM4701","10.95","ASSIGN","2026-04-15 22:58"
"8407","oht_time_avg","2026-04-15 22:58:06.675+0900","N","","","","MIN","4ACM4701","0.13","REP","2026-04-15 22:58"
"8418","oht_time_avg","2026-04-15 22:59:06.683+0900","N","","","","MIN","4ACM4701","0.0","COMPLETED","2026-04-15 22:59"
"8417","oht_time_avg","2026-04-15 22:59:06.683+0900","N","","","","MIN","4ACM4701","7.17","DESPOSITED","2026-04-15 22:59"
"8416","oht_time_avg","2026-04-15 22:59:06.683+0900","N","","","","MIN","4ACM4701","128.11","TRANSFERRING","2026-04-15 22:59"
"8415","oht_time_avg","2026-04-15 22:59:06.683+0900","N","","","","MIN","4ACM4701","30.7","ACQUIRED","2026-04-15 22:59"
"8414","oht_time_avg","2026-04-15 22:59:06.683+0900","N","","","","MIN","4ACM4701","12.3","ASSIGN","2026-04-15 22:59"
"8413","oht_time_avg","2026-04-15 22:59:06.683+0900","N","","","","MIN","4ACM4701","0.16","REP","2026-04-15 22:59"
"8424","oht_time_avg","2026-04-15 23:00:07.027+0900","N","","","","MIN","4ACM4701","0.0","COMPLETED","2026-04-15 23:00"
"8423","oht_time_avg","2026-04-15 23:00:07.027+0900","N","","","","MIN","4ACM4701","7.38","DESPOSITED","2026-04-15 23:00"
"8422","oht_time_avg","2026-04-15 23:00:07.027+0900","N","","","","MIN","4ACM4701","126.32","TRANSFERRING","2026-04-15 23:00"
"8421","oht_time_avg","2026-04-15 23:00:07.027+0900","N","","","","MIN","4ACM4701","30.41","ACQUIRED","2026-04-15 23:00"
"8420","oht_time_avg","2026-04-15 23:00:07.027+0900","N","","","","MIN","4ACM4701","11.11","ASSIGN","2026-04-15 23:00"
"8419","oht_time_avg","2026-04-15 23:00:07.027+0900","N","","","","MIN","4ACM4701","0.15","REP","2026-04-15 23:00"
"8430","oht_time_avg","2026-04-15 23:01:08.541+0900","N","","","","MIN","4ACM4701","0.0","COMPLETED","2026-04-15 23:01"
"8429","oht_time_avg","2026-04-15 23:01:08.541+0900","N","","","","MIN","4ACM4701","7.2","DESPOSITED","2026-04-15 23:01"
"8428","oht_time_avg","2026-04-15 23:01:08.541+0900","N","","","","MIN","4ACM4701","137.84","TRANSFERRING","2026-04-15 23:01"
"8427","oht_time_avg","2026-04-15 23:01:08.541+0900","N","","","","MIN","4ACM4701","30.4","ACQUIRED","2026-04-15 23:01"
"8426","oht_time_avg","2026-04-15 23:01:08.541+0900","N","","","","MIN","4ACM4701","11.46","ASSIGN","2026-04-15 23:01"
"8425","oht_time_avg","2026-04-15 23:01:08.541+0900","N","","","","MIN","4ACM4701","0.92","REP","2026-04-15 23:01"
"8436","oht_time_avg","2026-04-15 23:01:08.820+0900","N","","","","HOUR","4ACM4701","0.0","COMPLETED","2026-04-15 23:00"
"8435","oht_time_avg","2026-04-15 23:01:08.820+0900","N","","","","HOUR","4ACM4701","7.07","DESPOSITED","2026-04-15 23:00"
"8434","oht_time_avg","2026-04-15 23:01:08.820+0900","N","","","","HOUR","4ACM4701","130.03","TRANSFERRING","2026-04-15 23:00"
"8433","oht_time_avg","2026-04-15 23:01:08.820+0900","N","","","","HOUR","4ACM4701","30.83","ACQUIRED","2026-04-15 23:00"
"8432","oht_time_avg","2026-04-15 23:01:08.820+0900","N","","","","HOUR","4ACM4701","11.07","ASSIGN","2026-04-15 23:00"
"8431","oht_time_avg","2026-04-15 23:01:08.820+0900","N","","","","HOUR","4ACM4701","0.16","REP","2026-04-15 23:00"
"8442","oht_time_avg","2026-04-15 23:02:06.811+0900","N","","","","MIN","4ACM4701","0.0","COMPLETED","2026-04-15 23:02"
"8441","oht_time_avg","2026-04-15 23:02:06.811+0900","N","","","","MIN","4ACM4701","7.25","DESPOSITED","2026-04-15 23:02"
"8440","oht_time_avg","2026-04-15 23:02:06.811+0900","N","","","","MIN","4ACM4701","132.25","TRANSFERRING","2026-04-15 23:02"
"8439","oht_time_avg","2026-04-15 23:02:06.811+0900","N","","","","MIN","4ACM4701","31.5","ACQUIRED","2026-04-15 23:02"
"8438","oht_time_avg","2026-04-15 23:02:06.811+0900","N","","","","MIN","4ACM4701","13.21","ASSIGN","2026-04-15 23:02"
"8437","oht_time_avg","2026-04-15 23:02:06.811+0900","N","","","","MIN","4ACM4701","0.2","REP","2026-04-15 23:02"
"8448","oht_time_avg","2026-04-15 23:03:06.616+0900","N","","","","MIN","4ACM4701","0.0","COMPLETED","2026-04-15 23:03"
"8447","oht_time_avg","2026-04-15 23:03:06.616+0900","N","","","","MIN","4ACM4701","7.1","DESPOSITED","2026-04-15 23:03"
"8446","oht_time_avg","2026-04-15 23:03:06.616+0900","N","","","","MIN","4ACM4701","138.31","TRANSFERRING","2026-04-15 23:03"
"8445","oht_time_avg","2026-04-15 23:03:06.616+0900","N","","","","MIN","4ACM4701","26.76","ACQUIRED","2026-04-15 23:03"
"8444","oht_time_avg","2026-04-15 23:03:06.616+0900","N","","","","MIN","4ACM4701","9.49","ASSIGN","2026-04-15 23:03"
"8443","oht_time_avg","2026-04-15 23:03:06.616+0900","N","","","","MIN","4ACM4701","1.66","REP","2026-04-15 23:03"
"8454","oht_time_avg","2026-04-15 23:04:07.581+0900","N","","","","MIN","4ACM4701","0.0","COMPLETED","2026-04-15 23:04"
"8453","oht_time_avg","2026-04-15 23:04:07.581+0900","N","","","","MIN","4ACM4701","6.94","DESPOSITED","2026-04-15 23:04"
"8452","oht_time_avg","2026-04-15 23:04:07.581+0900","N","","","","MIN","4ACM4701","123.34","TRANSFERRING","2026-04-15 23:04"
"8451","oht_time_avg","2026-04-15 23:04:07.581+0900","N","","","","MIN","4ACM4701","31.13","ACQUIRED","2026-04-15 23:04"
"8450","oht_time_avg","2026-04-15 23:04:07.581+0900","N","","","","MIN","4ACM4701","11.29","ASSIGN","2026-04-15 23:04"
"8449","oht_time_avg","2026-04-15 23:04:07.581+0900","N","","","","MIN","4ACM4701","0.18","REP","2026-04-15 23:04"
"8460","oht_time_avg","2026-04-15 23:05:06.234+0900","N","","","","MIN","4ACM4701","0.0","COMPLETED","2026-04-15 23:05"
"8459","oht_time_avg","2026-04-15 23:05:06.234+0900","N","","","","MIN","4ACM4701","7.25","DESPOSITED","2026-04-15 23:05"
"8458","oht_time_avg","2026-04-15 23:05:06.234+0900","N","","","","MIN","4ACM4701","129.77","TRANSFERRING","2026-04-15 23:05"
"8457","oht_time_avg","2026-04-15 23:05:06.234+0900","N","","","","MIN","4ACM4701","30.09","ACQUIRED","2026-04-15 23:05"
"8456","oht_time_avg","2026-04-15 23:05:06.234+0900","N","","","","MIN","4ACM4701","11.58","ASSIGN","2026-04-15 23:05"
"8455","oht_time_avg","2026-04-15 23:05:06.234+0900","N","","","","MIN","4ACM4701","0.15","REP","2026-04-15 23:05"
"8466","oht_time_avg","2026-04-15 23:06:06.941+0900","N","","","","MIN","4ACM4701","0.0","COMPLETED","2026-04-15 23:06"
"8465","oht_time_avg","2026-04-15 23:06:06.941+0900","N","","","","MIN","4ACM4701","6.94","DESPOSITED","2026-04-15 23:06"
"8464","oht_time_avg","2026-04-15 23:06:06.941+0900","N","","","","MIN","4ACM4701","134.09","TRANSFERRING","2026-04-15 23:06"
"8463","oht_time_avg","2026-04-15 23:06:06.941+0900","N","","","","MIN","4ACM4701","29.57","ACQUIRED","2026-04-15 23:06"
"8462","oht_time_avg","2026-04-15 23:06:06.941+0900","N","","","","MIN","4ACM4701","9.56","ASSIGN","2026-04-15 23:06"
"8461","oht_time_avg","2026-04-15 23:06:06.941+0900","N","","","","MIN","4ACM4701","0.14","REP","2026-04-15 23:06"
"8472","oht_time_avg","2026-04-15 23:07:07.495+0900","N","","","","MIN","4ACM4701","0.0","COMPLETED","2026-04-15 23:07"
"8471","oht_time_avg","2026-04-15 23:07:07.495+0900","N","","","","MIN","4ACM4701","7.08","DESPOSITED","2026-04-15 23:07"
"8470","oht_time_avg","2026-04-15 23:07:07.495+0900","N","","","","MIN","4ACM4701","126.62","TRANSFERRING","2026-04-15 23:07"
"8469","oht_time_avg","2026-04-15 23:07:07.495+0900","N","","","","MIN","4ACM4701","29.33","ACQUIRED","2026-04-15 23:07"
"8468","oht_time_avg","2026-04-15 23:07:07.495+0900","N","","","","MIN","4ACM4701","10.54","ASSIGN","2026-04-15 23:07"
"8467","oht_time_avg","2026-04-15 23:07:07.495+0900","N","","","","MIN","4ACM4701","0.15","REP","2026-04-15 23:07"
"8478","oht_time_avg","2026-04-15 23:08:08.096+0900","N","","","","MIN","4ACM4701","0.0","COMPLETED","2026-04-15 23:08"
"8477","oht_time_avg","2026-04-15 23:08:08.096+0900","N","","","","MIN","4ACM4701","7.14","DESPOSITED","2026-04-15 23:08"
"8476","oht_time_avg","2026-04-15 23:08:08.096+0900","N","","","","MIN","4ACM4701","131.68","TRANSFERRING","2026-04-15 23:08"
"8475","oht_time_avg","2026-04-15 23:08:08.096+0900","N","","","","MIN","4ACM4701","30.11","ACQUIRED","2026-04-15 23:08"
"8474","oht_time_avg","2026-04-15 23:08:08.096+0900","N","","","","MIN","4ACM4701","9.42","ASSIGN","2026-04-15 23:08"
"8473","oht_time_avg","2026-04-15 23:08:08.096+0900","N","","","","MIN","4ACM4701","0.15","REP","2026-04-15 23:08"
"8484","oht_time_avg","2026-04-15 23:09:07.005+0900","N","","","","MIN","4ACM4701","0.0","COMPLETED","2026-04-15 23:09"
"8483","oht_time_avg","2026-04-15 23:09:07.005+0900","N","","","","MIN","4ACM4701","7.21","DESPOSITED","2026-04-15 23:09"
"8482","oht_time_avg","2026-04-15 23:09:07.005+0900","N","","","","MIN","4ACM4701","129.02","TRANSFERRING","2026-04-15 23:09"
"8481","oht_time_avg","2026-04-15 23:09:07.005+0900","N","","","","MIN","4ACM4701","27.71","ACQUIRED","2026-04-15 23:09"
"8480","oht_time_avg","2026-04-15 23:09:07.005+0900","N","","","","MIN","4ACM4701","9.22","ASSIGN","2026-04-15 23:09"
"8479","oht_time_avg","2026-04-15 23:09:07.005+0900","N","","","","MIN","4ACM4701","0.17","REP","2026-04-15 23:09"
"8490","oht_time_avg","2026-04-15 23:10:07.346+0900","N","","","","MIN","4ACM4701","0.0","COMPLETED","2026-04-15 23:10"
"8489","oht_time_avg","2026-04-15 23:10:07.346+0900","N","","","","MIN","4ACM4701","7.2","DESPOSITED","2026-04-15 23:10"
"8488","oht_time_avg","2026-04-15 23:10:07.346+0900","N","","","","MIN","4ACM4701","129.95","TRANSFERRING","2026-04-15 23:10"
"8487","oht_time_avg","2026-04-15 23:10:07.346+0900","N","","","","MIN","4ACM4701","33.2","ACQUIRED","2026-04-15 23:10"
"8486","oht_time_avg","2026-04-15 23:10:07.346+0900","N","","","","MIN","4ACM4701","9.68","ASSIGN","2026-04-15 23:10"
"8485","oht_time_avg","2026-04-15 23:10:07.346+0900","N","","","","MIN","4ACM4701","0.17","REP","2026-04-15 23:10"
"8496","oht_time_avg","2026-04-15 23:11:08.333+0900","N","","","","MIN","4ACM4701","0.0","COMPLETED","2026-04-15 23:11"
"8495","oht_time_avg","2026-04-15 23:11:08.333+0900","N","","","","MIN","4ACM4701","7.23","DESPOSITED","2026-04-15 23:11"
"8494","oht_time_avg","2026-04-15 23:11:08.333+0900","N","","","","MIN","4ACM4701","136.26","TRANSFERRING","2026-04-15 23:11"
"8493","oht_time_avg","2026-04-15 23:11:08.333+0900","N","","","","MIN","4ACM4701","32.74","ACQUIRED","2026-04-15 23:11"
"8492","oht_time_avg","2026-04-15 23:11:08.333+0900","N","","","","MIN","4ACM4701","10.94","ASSIGN","2026-04-15 23:11"
"8491","oht_time_avg","2026-04-15 23:11:08.333+0900","N","","","","MIN","4ACM4701","0.15","REP","2026-04-15 23:11"
"8502","oht_time_avg","2026-04-15 23:12:06.899+0900","N","","","","MIN","4ACM4701","0.0","COMPLETED","2026-04-15 23:12"
"8501","oht_time_avg","2026-04-15 23:12:06.899+0900","N","","","","MIN","4ACM4701","7.27","DESPOSITED","2026-04-15 23:12"
"8500","oht_time_avg","2026-04-15 23:12:06.899+0900","N","","","","MIN","4ACM4701","135.07","TRANSFERRING","2026-04-15 23:12"
"8499","oht_time_avg","2026-04-15 23:12:06.899+0900","N","","","","MIN","4ACM4701","31.16","ACQUIRED","2026-04-15 23:12"
"8498","oht_time_avg","2026-04-15 23:12:06.899+0900","N","","","","MIN","4ACM4701","10.44","ASSIGN","2026-04-15 23:12"
"8497","oht_time_avg","2026-04-15 23:12:06.899+0900","N","","","","MIN","4ACM4701","0.16","REP","2026-04-15 23:12"
"8508","oht_time_avg","2026-04-15 23:13:07.591+0900","N","","","","MIN","4ACM4701","0.0","COMPLETED","2026-04-15 23:13"
"8507","oht_time_avg","2026-04-15 23:13:07.591+0900","N","","","","MIN","4ACM4701","7.18","DESPOSITED","2026-04-15 23:13"
"8506","oht_time_avg","2026-04-15 23:13:07.591+0900","N","","","","MIN","4ACM4701","129.77","TRANSFERRING","2026-04-15 23:13"
"8505","oht_time_avg","2026-04-15 23:13:07.591+0900","N","","","","MIN","4ACM4701","28.9","ACQUIRED","2026-04-15 23:13"
"8504","oht_time_avg","2026-04-15 23:13:07.591+0900","N","","","","MIN","4ACM4701","13.25","ASSIGN","2026-04-15 23:13"
"8503","oht_time_avg","2026-04-15 23:13:07.591+0900","N","","","","MIN","4ACM4701","0.14","REP","2026-04-15 23:13"
"8514","oht_time_avg","2026-04-15 23:14:06.536+0900","N","","","","MIN","4ACM4701","0.0","COMPLETED","2026-04-15 23:14"
"8513","oht_time_avg","2026-04-15 23:14:06.536+0900","N","","","","MIN","4ACM4701","7.29","DESPOSITED","2026-04-15 23:14"
"8512","oht_time_avg","2026-04-15 23:14:06.536+0900","N","","","","MIN","4ACM4701","133.54","TRANSFERRING","2026-04-15 23:14"
"8511","oht_time_avg","2026-04-15 23:14:06.536+0900","N","","","","MIN","4ACM4701","31.23","ACQUIRED","2026-04-15 23:14"
"8510","oht_time_avg","2026-04-15 23:14:06.536+0900","N","","","","MIN","4ACM4701","12.1","ASSIGN","2026-04-15 23:14"
"8509","oht_time_avg","2026-04-15 23:14:06.536+0900","N","","","","MIN","4ACM4701","0.15","REP","2026-04-15 23:14"
"8520","oht_time_avg","2026-04-15 23:15:07.721+0900","N","","","","MIN","4ACM4701","0.0","COMPLETED","2026-04-15 23:15"
"8519","oht_time_avg","2026-04-15 23:15:07.721+0900","N","","","","MIN","4ACM4701","7.14","DESPOSITED","2026-04-15 23:15"
"8518","oht_time_avg","2026-04-15 23:15:07.721+0900","N","","","","MIN","4ACM4701","132.49","TRANSFERRING","2026-04-15 23:15"
"8517","oht_time_avg","2026-04-15 23:15:07.721+0900","N","","","","MIN","4ACM4701","32.55","ACQUIRED","2026-04-15 23:15"
"8516","oht_time_avg","2026-04-15 23:15:07.721+0900","N","","","","MIN","4ACM4701","10.55","ASSIGN","2026-04-15 23:15"
"8515","oht_time_avg","2026-04-15 23:15:07.721+0900","N","","","","MIN","4ACM4701","0.14","REP","2026-04-15 23:15"
"8526","oht_time_avg","2026-04-15 23:16:06.626+0900","N","","","","MIN","4ACM4701","0.0","COMPLETED","2026-04-15 23:16"
"8525","oht_time_avg","2026-04-15 23:16:06.626+0900","N","","","","MIN","4ACM4701","7.06","DESPOSITED","2026-04-15 23:16"
"8524","oht_time_avg","2026-04-15 23:16:06.626+0900","N","","","","MIN","4ACM4701","136.6","TRANSFERRING","2026-04-15 23:16"
"8523","oht_time_avg","2026-04-15 23:16:06.626+0900","N","","","","MIN","4ACM4701","29.88","ACQUIRED","2026-04-15 23:16"
"8522","oht_time_avg","2026-04-15 23:16:06.626+0900","N","","","","MIN","4ACM4701","11.15","ASSIGN","2026-04-15 23:16"
"8521","oht_time_avg","2026-04-15 23:16:06.626+0900","N","","","","MIN","4ACM4701","0.15","REP","2026-04-15 23:16"
"8532","oht_time_avg","2026-04-15 23:17:07.370+0900","N","","","","MIN","4ACM4701","0.0","COMPLETED","2026-04-15 23:17"
"8531","oht_time_avg","2026-04-15 23:17:07.370+0900","N","","","","MIN","4ACM4701","7.2","DESPOSITED","2026-04-15 23:17"
"8530","oht_time_avg","2026-04-15 23:17:07.370+0900","N","","","","MIN","4ACM4701","141.59","TRANSFERRING","2026-04-15 23:17"
"8529","oht_time_avg","2026-04-15 23:17:07.370+0900","N","","","","MIN","4ACM4701","30.88","ACQUIRED","2026-04-15 23:17"
"8528","oht_time_avg","2026-04-15 23:17:07.370+0900","N","","","","MIN","4ACM4701","11.14","ASSIGN","2026-04-15 23:17"
"8527","oht_time_avg","2026-04-15 23:17:07.370+0900","N","","","","MIN","4ACM4701","0.15","REP","2026-04-15 23:17"
"8538","oht_time_avg","2026-04-15 23:18:06.536+0900","N","","","","MIN","4ACM4701","0.0","COMPLETED","2026-04-15 23:18"
"8537","oht_time_avg","2026-04-15 23:18:06.536+0900","N","","","","MIN","4ACM4701","7.02","DESPOSITED","2026-04-15 23:18"
"8536","oht_time_avg","2026-04-15 23:18:06.536+0900","N","","","","MIN","4ACM4701","133.03","TRANSFERRING","2026-04-15 23:18"
"8535","oht_time_avg","2026-04-15 23:18:06.536+0900","N","","","","MIN","4ACM4701","30.26","ACQUIRED","2026-04-15 23:18"
"8534","oht_time_avg","2026-04-15 23:18:06.536+0900","N","","","","MIN","4ACM4701","12.23","ASSIGN","2026-04-15 23:18"
"8533","oht_time_avg","2026-04-15 23:18:06.536+0900","N","","","","MIN","4ACM4701","0.15","REP","2026-04-15 23:18"
"8544","oht_time_avg","2026-04-15 23:19:06.669+0900","N","","","","MIN","4ACM4701","2.17","COMPLETED","2026-04-15 23:19"
"8543","oht_time_avg","2026-04-15 23:19:06.669+0900","N","","","","MIN","4ACM4701","7.14","DESPOSITED","2026-04-15 23:19"
"8542","oht_time_avg","2026-04-15 23:19:06.669+0900","N","","","","MIN","4ACM4701","138.57","TRANSFERRING","2026-04-15 23:19"
"8541","oht_time_avg","2026-04-15 23:19:06.669+0900","N","","","","MIN","4ACM4701","30.31","ACQUIRED","2026-04-15 23:19"
"8540","oht_time_avg","2026-04-15 23:19:06.669+0900","N","","","","MIN","4ACM4701","11.79","ASSIGN","2026-04-15 23:19"
"8539","oht_time_avg","2026-04-15 23:19:06.669+0900","N","","","","MIN","4ACM4701","0.18","REP","2026-04-15 23:19"
"8550","oht_time_avg","2026-04-15 23:20:06.945+0900","N","","","","MIN","4ACM4701","0.0","COMPLETED","2026-04-15 23:20"
"8549","oht_time_avg","2026-04-15 23:20:06.945+0900","N","","","","MIN","4ACM4701","7.38","DESPOSITED","2026-04-15 23:20"
"8548","oht_time_avg","2026-04-15 23:20:06.945+0900","N","","","","MIN","4ACM4701","132.42","TRANSFERRING","2026-04-15 23:20"
"8547","oht_time_avg","2026-04-15 23:20:06.945+0900","N","","","","MIN","4ACM4701","33.1","ACQUIRED","2026-04-15 23:20"
"8546","oht_time_avg","2026-04-15 23:20:06.945+0900","N","","","","MIN","4ACM4701","11.22","ASSIGN","2026-04-15 23:20"
"8545","oht_time_avg","2026-04-15 23:20:06.945+0900","N","","","","MIN","4ACM4701","0.16","REP","2026-04-15 23:20"
"8556","oht_time_avg","2026-04-15 23:21:06.935+0900","N","","","","MIN","4ACM4701","0.0","COMPLETED","2026-04-15 23:21"
"8555","oht_time_avg","2026-04-15 23:21:06.935+0900","N","","","","MIN","4ACM4701","7.2","DESPOSITED","2026-04-15 23:21"
"8554","oht_time_avg","2026-04-15 23:21:06.935+0900","N","","","","MIN","4ACM4701","133.27","TRANSFERRING","2026-04-15 23:21"
"8553","oht_time_avg","2026-04-15 23:21:06.935+0900","N","","","","MIN","4ACM4701","29.85","ACQUIRED","2026-04-15 23:21"
"8552","oht_time_avg","2026-04-15 23:21:06.935+0900","N","","","","MIN","4ACM4701","11.07","ASSIGN","2026-04-15 23:21"
"8551","oht_time_avg","2026-04-15 23:21:06.935+0900","N","","","","MIN","4ACM4701","0.16","REP","2026-04-15 23:21"
"8562","oht_time_avg","2026-04-15 23:22:07.011+0900","N","","","","MIN","4ACM4701","0.0","COMPLETED","2026-04-15 23:22"
"8561","oht_time_avg","2026-04-15 23:22:07.011+0900","N","","","","MIN","4ACM4701","7.23","DESPOSITED","2026-04-15 23:22"
"8560","oht_time_avg","2026-04-15 23:22:07.011+0900","N","","","","MIN","4ACM4701","136.29","TRANSFERRING","2026-04-15 23:22"
"8559","oht_time_avg","2026-04-15 23:22:07.011+0900","N","","","","MIN","4ACM4701","31.64","ACQUIRED","2026-04-15 23:22"
"8558","oht_time_avg","2026-04-15 23:22:07.011+0900","N","","","","MIN","4ACM4701","14.05","ASSIGN","2026-04-15 23:22"
"8557","oht_time_avg","2026-04-15 23:22:07.011+0900","N","","","","MIN","4ACM4701","0.13","REP","2026-04-15 23:22"
"8568","oht_time_avg","2026-04-15 23:23:06.547+0900","N","","","","MIN","4ACM4701","0.0","COMPLETED","2026-04-15 23:23"
"8567","oht_time_avg","2026-04-15 23:23:06.547+0900","N","","","","MIN","4ACM4701","7.13","DESPOSITED","2026-04-15 23:23"
"8566","oht_time_avg","2026-04-15 23:23:06.547+0900","N","","","","MIN","4ACM4701","134.54","TRANSFERRING","2026-04-15 23:23"
"8565","oht_time_avg","2026-04-15 23:23:06.547+0900","N","","","","MIN","4ACM4701","31.12","ACQUIRED","2026-04-15 23:23"
"8564","oht_time_avg","2026-04-15 23:23:06.547+0900","N","","","","MIN","4ACM4701","12.82","ASSIGN","2026-04-15 23:23"
"8563","oht_time_avg","2026-04-15 23:23:06.547+0900","N","","","","MIN","4ACM4701","0.17","REP","2026-04-15 23:23"
"8574","oht_time_avg","2026-04-15 23:24:07.442+0900","N","","","","MIN","4ACM4701","0.0","COMPLETED","2026-04-15 23:24"
"8573","oht_time_avg","2026-04-15 23:24:07.442+0900","N","","","","MIN","4ACM4701","7.2","DESPOSITED","2026-04-15 23:24"
"8572","oht_time_avg","2026-04-15 23:24:07.442+0900","N","","","","MIN","4ACM4701","134.42","TRANSFERRING","2026-04-15 23:24"
"8571","oht_time_avg","2026-04-15 23:24:07.442+0900","N","","","","MIN","4ACM4701","32.74","ACQUIRED","2026-04-15 23:24"
"8570","oht_time_avg","2026-04-15 23:24:07.442+0900","N","","","","MIN","4ACM4701","14.59","ASSIGN","2026-04-15 23:24"
"8569","oht_time_avg","2026-04-15 23:24:07.442+0900","N","","","","MIN","4ACM4701","0.16","REP","2026-04-15 23:24"
"8580","oht_time_avg","2026-04-15 23:25:06.884+0900","N","","","","MIN","4ACM4701","0.0","COMPLETED","2026-04-15 23:25"
"8579","oht_time_avg","2026-04-15 23:25:06.884+0900","N","","","","MIN","4ACM4701","7.38","DESPOSITED","2026-04-15 23:25"
"8578","oht_time_avg","2026-04-15 23:25:06.884+0900","N","","","","MIN","4ACM4701","133.93","TRANSFERRING","2026-04-15 23:25"
"8577","oht_time_avg","2026-04-15 23:25:06.884+0900","N","","","","MIN","4ACM4701","31.34","ACQUIRED","2026-04-15 23:25"
"8576","oht_time_avg","2026-04-15 23:25:06.884+0900","N","","","","MIN","4ACM4701","13.74","ASSIGN","2026-04-15 23:25"
"8575","oht_time_avg","2026-04-15 23:25:06.884+0900","N","","","","MIN","4ACM4701","1.3","REP","2026-04-15 23:25"
"8586","oht_time_avg","2026-04-15 23:26:06.644+0900","N","","","","MIN","4ACM4701","0.0","COMPLETED","2026-04-15 23:26"
"8585","oht_time_avg","2026-04-15 23:26:06.644+0900","N","","","","MIN","4ACM4701","7.16","DESPOSITED","2026-04-15 23:26"
"8584","oht_time_avg","2026-04-15 23:26:06.644+0900","N","","","","MIN","4ACM4701","127.39","TRANSFERRING","2026-04-15 23:26"
"8583","oht_time_avg","2026-04-15 23:26:06.644+0900","N","","","","MIN","4ACM4701","31.97","ACQUIRED","2026-04-15 23:26"
"8582","oht_time_avg","2026-04-15 23:26:06.644+0900","N","","","","MIN","4ACM4701","13.23","ASSIGN","2026-04-15 23:26"
"8581","oht_time_avg","2026-04-15 23:26:06.644+0900","N","","","","MIN","4ACM4701","0.16","REP","2026-04-15 23:26"
"8592","oht_time_avg","2026-04-15 23:27:09.191+0900","N","","","","MIN","4ACM4701","0.0","COMPLETED","2026-04-15 23:27"
"8591","oht_time_avg","2026-04-15 23:27:09.191+0900","N","","","","MIN","4ACM4701","7.18","DESPOSITED","2026-04-15 23:27"
"8590","oht_time_avg","2026-04-15 23:27:09.191+0900","N","","","","MIN","4ACM4701","132.37","TRANSFERRING","2026-04-15 23:27"
"8589","oht_time_avg","2026-04-15 23:27:09.191+0900","N","","","","MIN","4ACM4701","30.61","ACQUIRED","2026-04-15 23:27"
"8588","oht_time_avg","2026-04-15 23:27:09.191+0900","N","","","","MIN","4ACM4701","12.85","ASSIGN","2026-04-15 23:27"
"8587","oht_time_avg","2026-04-15 23:27:09.191+0900","N","","","","MIN","4ACM4701","0.17","REP","2026-04-15 23:27"
"8598","oht_time_avg","2026-04-15 23:28:07.736+0900","N","","","","MIN","4ACM4701","0.0","COMPLETED","2026-04-15 23:28"
"8597","oht_time_avg","2026-04-15 23:28:07.736+0900","N","","","","MIN","4ACM4701","7.12","DESPOSITED","2026-04-15 23:28"
"8596","oht_time_avg","2026-04-15 23:28:07.736+0900","N","","","","MIN","4ACM4701","135.04","TRANSFERRING","2026-04-15 23:28"
"8595","oht_time_avg","2026-04-15 23:28:07.736+0900","N","","","","MIN","4ACM4701","32.75","ACQUIRED","2026-04-15 23:28"
"8594","oht_time_avg","2026-04-15 23:28:07.736+0900","N","","","","MIN","4ACM4701","13.29","ASSIGN","2026-04-15 23:28"
"8593","oht_time_avg","2026-04-15 23:28:07.736+0900","N","","","","MIN","4ACM4701","0.17","REP","2026-04-15 23:28"
"8604","oht_time_avg","2026-04-15 23:29:06.795+0900","N","","","","MIN","4ACM4701","0.0","COMPLETED","2026-04-15 23:29"
"8603","oht_time_avg","2026-04-15 23:29:06.795+0900","N","","","","MIN","4ACM4701","7.2","DESPOSITED","2026-04-15 23:29"
"8602","oht_time_avg","2026-04-15 23:29:06.795+0900","N","","","","MIN","4ACM4701","133.59","TRANSFERRING","2026-04-15 23:29"
"8601","oht_time_avg","2026-04-15 23:29:06.795+0900","N","","","","MIN","4ACM4701","33.49","ACQUIRED","2026-04-15 23:29"
"8600","oht_time_avg","2026-04-15 23:29:06.795+0900","N","","","","MIN","4ACM4701","12.93","ASSIGN","2026-04-15 23:29"
"8599","oht_time_avg","2026-04-15 23:29:06.795+0900","N","","","","MIN","4ACM4701","0.15","REP","2026-04-15 23:29"
"8610","oht_time_avg","2026-04-15 23:30:07.331+0900","N","","","","MIN","4ACM4701","0.0","COMPLETED","2026-04-15 23:30"
"8609","oht_time_avg","2026-04-15 23:30:07.331+0900","N","","","","MIN","4ACM4701","7.35","DESPOSITED","2026-04-15 23:30"
"8608","oht_time_avg","2026-04-15 23:30:07.331+0900","N","","","","MIN","4ACM4701","138.13","TRANSFERRING","2026-04-15 23:30"
"8607","oht_time_avg","2026-04-15 23:30:07.331+0900","N","","","","MIN","4ACM4701","32.94","ACQUIRED","2026-04-15 23:30"
"8606","oht_time_avg","2026-04-15 23:30:07.331+0900","N","","","","MIN","4ACM4701","14.0","ASSIGN","2026-04-15 23:30"
"8605","oht_time_avg","2026-04-15 23:30:07.331+0900","N","","","","MIN","4ACM4701","0.94","REP","2026-04-15 23:30"
"8616","oht_time_avg","2026-04-15 23:31:07.188+0900","N","","","","MIN","4ACM4701","0.0","COMPLETED","2026-04-15 23:31"
"8615","oht_time_avg","2026-04-15 23:31:07.188+0900","N","","","","MIN","4ACM4701","7.19","DESPOSITED","2026-04-15 23:31"
"8614","oht_time_avg","2026-04-15 23:31:07.188+0900","N","","","","MIN","4ACM4701","129.85","TRANSFERRING","2026-04-15 23:31"
"8613","oht_time_avg","2026-04-15 23:31:07.188+0900","N","","","","MIN","4ACM4701","33.21","ACQUIRED","2026-04-15 23:31"
"8612","oht_time_avg","2026-04-15 23:31:07.188+0900","N","","","","MIN","4ACM4701","11.84","ASSIGN","2026-04-15 23:31"
"8611","oht_time_avg","2026-04-15 23:31:07.188+0900","N","","","","MIN","4ACM4701","0.19","REP","2026-04-15 23:31"
"8622","oht_time_avg","2026-04-15 23:32:06.600+0900","N","","","","MIN","4ACM4701","0.0","COMPLETED","2026-04-15 23:32"
"8621","oht_time_avg","2026-04-15 23:32:06.600+0900","N","","","","MIN","4ACM4701","7.1","DESPOSITED","2026-04-15 23:32"
"8620","oht_time_avg","2026-04-15 23:32:06.600+0900","N","","","","MIN","4ACM4701","135.96","TRANSFERRING","2026-04-15 23:32"
"8619","oht_time_avg","2026-04-15 23:32:06.600+0900","N","","","","MIN","4ACM4701","33.48","ACQUIRED","2026-04-15 23:32"
"8618","oht_time_avg","2026-04-15 23:32:06.600+0900","N","","","","MIN","4ACM4701","11.18","ASSIGN","2026-04-15 23:32"
"8617","oht_time_avg","2026-04-15 23:32:06.600+0900","N","","","","MIN","4ACM4701","0.18","REP","2026-04-15 23:32"
"8628","oht_time_avg","2026-04-15 23:33:06.701+0900","N","","","","MIN","4ACM4701","0.0","COMPLETED","2026-04-15 23:33"
"8627","oht_time_avg","2026-04-15 23:33:06.701+0900","N","","","","MIN","4ACM4701","7.17","DESPOSITED","2026-04-15 23:33"
"8626","oht_time_avg","2026-04-15 23:33:06.701+0900","N","","","","MIN","4ACM4701","133.2","TRANSFERRING","2026-04-15 23:33"
"8625","oht_time_avg","2026-04-15 23:33:06.701+0900","N","","","","MIN","4ACM4701","30.93","ACQUIRED","2026-04-15 23:33"
"8624","oht_time_avg","2026-04-15 23:33:06.701+0900","N","","","","MIN","4ACM4701","10.45","ASSIGN","2026-04-15 23:33"
"8623","oht_time_avg","2026-04-15 23:33:06.701+0900","N","","","","MIN","4ACM4701","0.15","REP","2026-04-15 23:33"
"8634","oht_time_avg","2026-04-15 23:34:06.392+0900","N","","","","MIN","4ACM4701","0.0","COMPLETED","2026-04-15 23:34"
"8633","oht_time_avg","2026-04-15 23:34:06.392+0900","N","","","","MIN","4ACM4701","7.16","DESPOSITED","2026-04-15 23:34"
"8632","oht_time_avg","2026-04-15 23:34:06.392+0900","N","","","","MIN","4ACM4701","130.22","TRANSFERRING","2026-04-15 23:34"
"8631","oht_time_avg","2026-04-15 23:34:06.392+0900","N","","","","MIN","4ACM4701","30.19","ACQUIRED","2026-04-15 23:34"
"8630","oht_time_avg","2026-04-15 23:34:06.392+0900","N","","","","MIN","4ACM4701","10.74","ASSIGN","2026-04-15 23:34"
"8629","oht_time_avg","2026-04-15 23:34:06.392+0900","N","","","","MIN","4ACM4701","0.14","REP","2026-04-15 23:34"
"8640","oht_time_avg","2026-04-15 23:35:07.756+0900","N","","","","MIN","4ACM4701","0.0","COMPLETED","2026-04-15 23:35"
"8639","oht_time_avg","2026-04-15 23:35:07.756+0900","N","","","","MIN","4ACM4701","7.45","DESPOSITED","2026-04-15 23:35"
"8638","oht_time_avg","2026-04-15 23:35:07.756+0900","N","","","","MIN","4ACM4701","126.1","TRANSFERRING","2026-04-15 23:35"
"8637","oht_time_avg","2026-04-15 23:35:07.756+0900","N","","","","MIN","4ACM4701","29.56","ACQUIRED","2026-04-15 23:35"
"8636","oht_time_avg","2026-04-15 23:35:07.756+0900","N","","","","MIN","4ACM4701","11.02","ASSIGN","2026-04-15 23:35"
"8635","oht_time_avg","2026-04-15 23:35:07.756+0900","N","","","","MIN","4ACM4701","0.12","REP","2026-04-15 23:35"
"8646","oht_time_avg","2026-04-15 23:36:06.272+0900","N","","","","MIN","4ACM4701","0.0","COMPLETED","2026-04-15 23:36"
"8645","oht_time_avg","2026-04-15 23:36:06.272+0900","N","","","","MIN","4ACM4701","7.09","DESPOSITED","2026-04-15 23:36"
"8644","oht_time_avg","2026-04-15 23:36:06.272+0900","N","","","","MIN","4ACM4701","139.15","TRANSFERRING","2026-04-15 23:36"
"8643","oht_time_avg","2026-04-15 23:36:06.272+0900","N","","","","MIN","4ACM4701","29.55","ACQUIRED","2026-04-15 23:36"
"8642","oht_time_avg","2026-04-15 23:36:06.272+0900","N","","","","MIN","4ACM4701","9.15","ASSIGN","2026-04-15 23:36"
"8641","oht_time_avg","2026-04-15 23:36:06.272+0900","N","","","","MIN","4ACM4701","1.23","REP","2026-04-15 23:36"
"8652","oht_time_avg","2026-04-15 23:37:08.188+0900","N","","","","MIN","4ACM4701","0.0","COMPLETED","2026-04-15 23:37"
"8651","oht_time_avg","2026-04-15 23:37:08.188+0900","N","","","","MIN","4ACM4701","7.25","DESPOSITED","2026-04-15 23:37"
"8650","oht_time_avg","2026-04-15 23:37:08.188+0900","N","","","","MIN","4ACM4701","137.66","TRANSFERRING","2026-04-15 23:37"
"8649","oht_time_avg","2026-04-15 23:37:08.188+0900","N","","","","MIN","4ACM4701","30.06","ACQUIRED","2026-04-15 23:37"
"8648","oht_time_avg","2026-04-15 23:37:08.188+0900","N","","","","MIN","4ACM4701","11.67","ASSIGN","2026-04-15 23:37"
"8647","oht_time_avg","2026-04-15 23:37:08.188+0900","N","","","","MIN","4ACM4701","0.14","REP","2026-04-15 23:37"
"8658","oht_time_avg","2026-04-15 23:38:06.989+0900","N","","","","MIN","4ACM4701","0.0","COMPLETED","2026-04-15 23:38"
"8657","oht_time_avg","2026-04-15 23:38:06.989+0900","N","","","","MIN","4ACM4701","7.02","DESPOSITED","2026-04-15 23:38"
"8656","oht_time_avg","2026-04-15 23:38:06.989+0900","N","","","","MIN","4ACM4701","130.37","TRANSFERRING","2026-04-15 23:38"
"8655","oht_time_avg","2026-04-15 23:38:06.989+0900","N","","","","MIN","4ACM4701","32.79","ACQUIRED","2026-04-15 23:38"
"8654","oht_time_avg","2026-04-15 23:38:06.989+0900","N","","","","MIN","4ACM4701","10.16","ASSIGN","2026-04-15 23:38"
"8653","oht_time_avg","2026-04-15 23:38:06.989+0900","N","","","","MIN","4ACM4701","0.15","REP","2026-04-15 23:38"
"8664","oht_time_avg","2026-04-15 23:39:07.294+0900","N","","","","MIN","4ACM4701","0.0","COMPLETED","2026-04-15 23:39"
"8663","oht_time_avg","2026-04-15 23:39:07.294+0900","N","","","","MIN","4ACM4701","6.93","DESPOSITED","2026-04-15 23:39"
"8662","oht_time_avg","2026-04-15 23:39:07.294+0900","N","","","","MIN","4ACM4701","131.75","TRANSFERRING","2026-04-15 23:39"
"8661","oht_time_avg","2026-04-15 23:39:07.294+0900","N","","","","MIN","4ACM4701","28.92","ACQUIRED","2026-04-15 23:39"
"8660","oht_time_avg","2026-04-15 23:39:07.294+0900","N","","","","MIN","4ACM4701","9.46","ASSIGN","2026-04-15 23:39"
"8659","oht_time_avg","2026-04-15 23:39:07.294+0900","N","","","","MIN","4ACM4701","0.14","REP","2026-04-15 23:39"
"8670","oht_time_avg","2026-04-15 23:40:06.760+0900","N","","","","MIN","4ACM4701","0.0","COMPLETED","2026-04-15 23:40"
"8669","oht_time_avg","2026-04-15 23:40:06.760+0900","N","","","","MIN","4ACM4701","7.26","DESPOSITED","2026-04-15 23:40"
"8668","oht_time_avg","2026-04-15 23:40:06.760+0900","N","","","","MIN","4ACM4701","130.42","TRANSFERRING","2026-04-15 23:40"
"8667","oht_time_avg","2026-04-15 23:40:06.760+0900","N","","","","MIN","4ACM4701","29.23","ACQUIRED","2026-04-15 23:40"
"8666","oht_time_avg","2026-04-15 23:40:06.760+0900","N","","","","MIN","4ACM4701","8.81","ASSIGN","2026-04-15 23:40"
"8665","oht_time_avg","2026-04-15 23:40:06.760+0900","N","","","","MIN","4ACM4701","0.14","REP","2026-04-15 23:40"
"8676","oht_time_avg","2026-04-15 23:41:09.015+0900","N","","","","MIN","4ACM4701","0.0","COMPLETED","2026-04-15 23:41"
"8675","oht_time_avg","2026-04-15 23:41:09.015+0900","N","","","","MIN","4ACM4701","7.02","DESPOSITED","2026-04-15 23:41"
"8674","oht_time_avg","2026-04-15 23:41:09.015+0900","N","","","","MIN","4ACM4701","130.98","TRANSFERRING","2026-04-15 23:41"
"8673","oht_time_avg","2026-04-15 23:41:09.015+0900","N","","","","MIN","4ACM4701","31.26","ACQUIRED","2026-04-15 23:41"
"8672","oht_time_avg","2026-04-15 23:41:09.015+0900","N","","","","MIN","4ACM4701","10.17","ASSIGN","2026-04-15 23:41"
"8671","oht_time_avg","2026-04-15 23:41:09.015+0900","N","","","","MIN","4ACM4701","0.17","REP","2026-04-15 23:41"
"8682","oht_time_avg","2026-04-15 23:42:06.657+0900","N","","","","MIN","4ACM4701","0.0","COMPLETED","2026-04-15 23:42"
"8681","oht_time_avg","2026-04-15 23:42:06.657+0900","N","","","","MIN","4ACM4701","7.33","DESPOSITED","2026-04-15 23:42"
"8680","oht_time_avg","2026-04-15 23:42:06.657+0900","N","","","","MIN","4ACM4701","136.67","TRANSFERRING","2026-04-15 23:42"
"8679","oht_time_avg","2026-04-15 23:42:06.657+0900","N","","","","MIN","4ACM4701","30.72","ACQUIRED","2026-04-15 23:42"
"8678","oht_time_avg","2026-04-15 23:42:06.657+0900","N","","","","MIN","4ACM4701","10.44","ASSIGN","2026-04-15 23:42"
"8677","oht_time_avg","2026-04-15 23:42:06.657+0900","N","","","","MIN","4ACM4701","0.16","REP","2026-04-15 23:42"
"8688","oht_time_avg","2026-04-15 23:43:06.563+0900","N","","","","MIN","4ACM4701","0.0","COMPLETED","2026-04-15 23:43"
"8687","oht_time_avg","2026-04-15 23:43:06.563+0900","N","","","","MIN","4ACM4701","7.23","DESPOSITED","2026-04-15 23:43"
"8686","oht_time_avg","2026-04-15 23:43:06.563+0900","N","","","","MIN","4ACM4701","131.89","TRANSFERRING","2026-04-15 23:43"
"8685","oht_time_avg","2026-04-15 23:43:06.563+0900","N","","","","MIN","4ACM4701","31.09","ACQUIRED","2026-04-15 23:43"
"8684","oht_time_avg","2026-04-15 23:43:06.563+0900","N","","","","MIN","4ACM4701","9.47","ASSIGN","2026-04-15 23:43"
"8683","oht_time_avg","2026-04-15 23:43:06.563+0900","N","","","","MIN","4ACM4701","0.14","REP","2026-04-15 23:43"
"8694","oht_time_avg","2026-04-15 23:44:06.402+0900","N","","","","MIN","4ACM4701","0.0","COMPLETED","2026-04-15 23:44"
"8693","oht_time_avg","2026-04-15 23:44:06.402+0900","N","","","","MIN","4ACM4701","7.0","DESPOSITED","2026-04-15 23:44"
"8692","oht_time_avg","2026-04-15 23:44:06.402+0900","N","","","","MIN","4ACM4701","132.01","TRANSFERRING","2026-04-15 23:44"
"8691","oht_time_avg","2026-04-15 23:44:06.402+0900","N","","","","MIN","4ACM4701","30.91","ACQUIRED","2026-04-15 23:44"
"8690","oht_time_avg","2026-04-15 23:44:06.402+0900","N","","","","MIN","4ACM4701","11.07","ASSIGN","2026-04-15 23:44"
"8689","oht_time_avg","2026-04-15 23:44:06.402+0900","N","","","","MIN","4ACM4701","0.17","REP","2026-04-15 23:44"
"8700","oht_time_avg","2026-04-15 23:45:06.972+0900","N","","","","MIN","4ACM4701","0.0","COMPLETED","2026-04-15 23:45"
"8699","oht_time_avg","2026-04-15 23:45:06.972+0900","N","","","","MIN","4ACM4701","7.17","DESPOSITED","2026-04-15 23:45"
"8698","oht_time_avg","2026-04-15 23:45:06.972+0900","N","","","","MIN","4ACM4701","136.65","TRANSFERRING","2026-04-15 23:45"
"8697","oht_time_avg","2026-04-15 23:45:06.972+0900","N","","","","MIN","4ACM4701","32.35","ACQUIRED","2026-04-15 23:45"
"8696","oht_time_avg","2026-04-15 23:45:06.972+0900","N","","","","MIN","4ACM4701","9.55","ASSIGN","2026-04-15 23:45"
"8695","oht_time_avg","2026-04-15 23:45:06.972+0900","N","","","","MIN","4ACM4701","0.15","REP","2026-04-15 23:45"
"8706","oht_time_avg","2026-04-15 23:46:06.888+0900","N","","","","MIN","4ACM4701","0.0","COMPLETED","2026-04-15 23:46"
"8705","oht_time_avg","2026-04-15 23:46:06.888+0900","N","","","","MIN","4ACM4701","7.15","DESPOSITED","2026-04-15 23:46"
"8704","oht_time_avg","2026-04-15 23:46:06.888+0900","N","","","","MIN","4ACM4701","133.24","TRANSFERRING","2026-04-15 23:46"
"8703","oht_time_avg","2026-04-15 23:46:06.888+0900","N","","","","MIN","4ACM4701","32.27","ACQUIRED","2026-04-15 23:46"
"8702","oht_time_avg","2026-04-15 23:46:06.888+0900","N","","","","MIN","4ACM4701","11.77","ASSIGN","2026-04-15 23:46"
"8701","oht_time_avg","2026-04-15 23:46:06.888+0900","N","","","","MIN","4ACM4701","0.16","REP","2026-04-15 23:46"
"8712","oht_time_avg","2026-04-15 23:47:07.337+0900","N","","","","MIN","4ACM4701","0.0","COMPLETED","2026-04-15 23:47"
"8711","oht_time_avg","2026-04-15 23:47:07.337+0900","N","","","","MIN","4ACM4701","7.07","DESPOSITED","2026-04-15 23:47"
"8710","oht_time_avg","2026-04-15 23:47:07.337+0900","N","","","","MIN","4ACM4701","131.68","TRANSFERRING","2026-04-15 23:47"
"8709","oht_time_avg","2026-04-15 23:47:07.337+0900","N","","","","MIN","4ACM4701","33.24","ACQUIRED","2026-04-15 23:47"
"8708","oht_time_avg","2026-04-15 23:47:07.337+0900","N","","","","MIN","4ACM4701","11.31","ASSIGN","2026-04-15 23:47"
"8707","oht_time_avg","2026-04-15 23:47:07.337+0900","N","","","","MIN","4ACM4701","0.15","REP","2026-04-15 23:47"
"8718","oht_time_avg","2026-04-15 23:48:06.731+0900","N","","","","MIN","4ACM4701","0.0","COMPLETED","2026-04-15 23:48"
"8717","oht_time_avg","2026-04-15 23:48:06.731+0900","N","","","","MIN","4ACM4701","6.88","DESPOSITED","2026-04-15 23:48"
"8716","oht_time_avg","2026-04-15 23:48:06.731+0900","N","","","","MIN","4ACM4701","131.28","TRANSFERRING","2026-04-15 23:48"
"8715","oht_time_avg","2026-04-15 23:48:06.731+0900","N","","","","MIN","4ACM4701","31.15","ACQUIRED","2026-04-15 23:48"
"8714","oht_time_avg","2026-04-15 23:48:06.731+0900","N","","","","MIN","4ACM4701","12.19","ASSIGN","2026-04-15 23:48"
"8713","oht_time_avg","2026-04-15 23:48:06.731+0900","N","","","","MIN","4ACM4701","0.16","REP","2026-04-15 23:48"
"8724","oht_time_avg","2026-04-15 23:49:06.745+0900","N","","","","MIN","4ACM4701","0.0","COMPLETED","2026-04-15 23:49"
"8723","oht_time_avg","2026-04-15 23:49:06.745+0900","N","","","","MIN","4ACM4701","7.04","DESPOSITED","2026-04-15 23:49"
"8722","oht_time_avg","2026-04-15 23:49:06.745+0900","N","","","","MIN","4ACM4701","134.31","TRANSFERRING","2026-04-15 23:49"
"8721","oht_time_avg","2026-04-15 23:49:06.745+0900","N","","","","MIN","4ACM4701","34.81","ACQUIRED","2026-04-15 23:49"
"8720","oht_time_avg","2026-04-15 23:49:06.745+0900","N","","","","MIN","4ACM4701","11.71","ASSIGN","2026-04-15 23:49"
"8719","oht_time_avg","2026-04-15 23:49:06.745+0900","N","","","","MIN","4ACM4701","0.16","REP","2026-04-15 23:49"
"8730","oht_time_avg","2026-04-15 23:50:06.859+0900","N","","","","MIN","4ACM4701","0.0","COMPLETED","2026-04-15 23:50"
"8729","oht_time_avg","2026-04-15 23:50:06.859+0900","N","","","","MIN","4ACM4701","7.21","DESPOSITED","2026-04-15 23:50"
"8728","oht_time_avg","2026-04-15 23:50:06.859+0900","N","","","","MIN","4ACM4701","143.56","TRANSFERRING","2026-04-15 23:50"
"8727","oht_time_avg","2026-04-15 23:50:06.859+0900","N","","","","MIN","4ACM4701","30.86","ACQUIRED","2026-04-15 23:50"
"8726","oht_time_avg","2026-04-15 23:50:06.859+0900","N","","","","MIN","4ACM4701","11.92","ASSIGN","2026-04-15 23:50"
"8725","oht_time_avg","2026-04-15 23:50:06.859+0900","N","","","","MIN","4ACM4701","0.12","REP","2026-04-15 23:50"
"8736","oht_time_avg","2026-04-15 23:51:06.944+0900","N","","","","MIN","4ACM4701","0.0","COMPLETED","2026-04-15 23:51"
"8735","oht_time_avg","2026-04-15 23:51:06.944+0900","N","","","","MIN","4ACM4701","7.05","DESPOSITED","2026-04-15 23:51"
"8734","oht_time_avg","2026-04-15 23:51:06.944+0900","N","","","","MIN","4ACM4701","141.39","TRANSFERRING","2026-04-15 23:51"
"8733","oht_time_avg","2026-04-15 23:51:06.944+0900","N","","","","MIN","4ACM4701","30.92","ACQUIRED","2026-04-15 23:51"
"8732","oht_time_avg","2026-04-15 23:51:06.944+0900","N","","","","MIN","4ACM4701","12.09","ASSIGN","2026-04-15 23:51"
"8731","oht_time_avg","2026-04-15 23:51:06.944+0900","N","","","","MIN","4ACM4701","0.14","REP","2026-04-15 23:51"
"8742","oht_time_avg","2026-04-15 23:52:07.807+0900","N","","","","MIN","4ACM4701","0.0","COMPLETED","2026-04-15 23:52"
"8741","oht_time_avg","2026-04-15 23:52:07.807+0900","N","","","","MIN","4ACM4701","7.14","DESPOSITED","2026-04-15 23:52"
"8740","oht_time_avg","2026-04-15 23:52:07.807+0900","N","","","","MIN","4ACM4701","129.21","TRANSFERRING","2026-04-15 23:52"
"8739","oht_time_avg","2026-04-15 23:52:07.807+0900","N","","","","MIN","4ACM4701","32.33","ACQUIRED","2026-04-15 23:52"
"8738","oht_time_avg","2026-04-15 23:52:07.807+0900","N","","","","MIN","4ACM4701","12.57","ASSIGN","2026-04-15 23:52"
"8737","oht_time_avg","2026-04-15 23:52:07.807+0900","N","","","","MIN","4ACM4701","1.36","REP","2026-04-15 23:52"
"8748","oht_time_avg","2026-04-15 23:53:07.524+0900","N","","","","MIN","4ACM4701","0.0","COMPLETED","2026-04-15 23:53"
"8747","oht_time_avg","2026-04-15 23:53:07.524+0900","N","","","","MIN","4ACM4701","7.34","DESPOSITED","2026-04-15 23:53"
"8746","oht_time_avg","2026-04-15 23:53:07.524+0900","N","","","","MIN","4ACM4701","145.89","TRANSFERRING","2026-04-15 23:53"
"8745","oht_time_avg","2026-04-15 23:53:07.524+0900","N","","","","MIN","4ACM4701","30.73","ACQUIRED","2026-04-15 23:53"
"8744","oht_time_avg","2026-04-15 23:53:07.524+0900","N","","","","MIN","4ACM4701","12.12","ASSIGN","2026-04-15 23:53"
"8743","oht_time_avg","2026-04-15 23:53:07.524+0900","N","","","","MIN","4ACM4701","1.14","REP","2026-04-15 23:53"
"8754","oht_time_avg","2026-04-15 23:54:06.766+0900","N","","","","MIN","4ACM4701","0.0","COMPLETED","2026-04-15 23:54"
"8753","oht_time_avg","2026-04-15 23:54:06.766+0900","N","","","","MIN","4ACM4701","7.48","DESPOSITED","2026-04-15 23:54"
"8752","oht_time_avg","2026-04-15 23:54:06.766+0900","N","","","","MIN","4ACM4701","138.49","TRANSFERRING","2026-04-15 23:54"
"8751","oht_time_avg","2026-04-15 23:54:06.766+0900","N","","","","MIN","4ACM4701","34.22","ACQUIRED","2026-04-15 23:54"
"8750","oht_time_avg","2026-04-15 23:54:06.766+0900","N","","","","MIN","4ACM4701","12.81","ASSIGN","2026-04-15 23:54"
"8749","oht_time_avg","2026-04-15 23:54:06.766+0900","N","","","","MIN","4ACM4701","0.14","REP","2026-04-15 23:54"
"8760","oht_time_avg","2026-04-15 23:55:06.477+0900","N","","","","MIN","4ACM4701","0.0","COMPLETED","2026-04-15 23:55"
"8759","oht_time_avg","2026-04-15 23:55:06.477+0900","N","","","","MIN","4ACM4701","7.34","DESPOSITED","2026-04-15 23:55"
"8758","oht_time_avg","2026-04-15 23:55:06.477+0900","N","","","","MIN","4ACM4701","140.37","TRANSFERRING","2026-04-15 23:55"
"8757","oht_time_avg","2026-04-15 23:55:06.477+0900","N","","","","MIN","4ACM4701","33.99","ACQUIRED","2026-04-15 23:55"
"8756","oht_time_avg","2026-04-15 23:55:06.477+0900","N","","","","MIN","4ACM4701","12.6","ASSIGN","2026-04-15 23:55"
"8755","oht_time_avg","2026-04-15 23:55:06.477+0900","N","","","","MIN","4ACM4701","0.14","REP","2026-04-15 23:55"
"8766","oht_time_avg","2026-04-15 23:56:06.442+0900","N","","","","MIN","4ACM4701","0.0","COMPLETED","2026-04-15 23:56"
"8765","oht_time_avg","2026-04-15 23:56:06.442+0900","N","","","","MIN","4ACM4701","7.31","DESPOSITED","2026-04-15 23:56"
"8764","oht_time_avg","2026-04-15 23:56:06.442+0900","N","","","","MIN","4ACM4701","134.55","TRANSFERRING","2026-04-15 23:56"
"8763","oht_time_avg","2026-04-15 23:56:06.442+0900","N","","","","MIN","4ACM4701","32.9","ACQUIRED","2026-04-15 23:56"
"8762","oht_time_avg","2026-04-15 23:56:06.442+0900","N","","","","MIN","4ACM4701","11.9","ASSIGN","2026-04-15 23:56"
"8761","oht_time_avg","2026-04-15 23:56:06.442+0900","N","","","","MIN","4ACM4701","1.2","REP","2026-04-15 23:56"
"8772","oht_time_avg","2026-04-15 23:57:07.094+0900","N","","","","MIN","4ACM4701","0.0","COMPLETED","2026-04-15 23:57"
"8771","oht_time_avg","2026-04-15 23:57:07.094+0900","N","","","","MIN","4ACM4701","7.14","DESPOSITED","2026-04-15 23:57"
"8770","oht_time_avg","2026-04-15 23:57:07.094+0900","N","","","","MIN","4ACM4701","142.28","TRANSFERRING","2026-04-15 23:57"
"8769","oht_time_avg","2026-04-15 23:57:07.094+0900","N","","","","MIN","4ACM4701","34.42","ACQUIRED","2026-04-15 23:57"
"8768","oht_time_avg","2026-04-15 23:57:07.094+0900","N","","","","MIN","4ACM4701","10.8","ASSIGN","2026-04-15 23:57"
"8767","oht_time_avg","2026-04-15 23:57:07.094+0900","N","","","","MIN","4ACM4701","0.13","REP","2026-04-15 23:57"
"8778","oht_time_avg","2026-04-15 23:58:06.966+0900","N","","","","MIN","4ACM4701","0.0","COMPLETED","2026-04-15 23:58"
"8777","oht_time_avg","2026-04-15 23:58:06.966+0900","N","","","","MIN","4ACM4701","7.15","DESPOSITED","2026-04-15 23:58"
"8776","oht_time_avg","2026-04-15 23:58:06.966+0900","N","","","","MIN","4ACM4701","132.92","TRANSFERRING","2026-04-15 23:58"
"8775","oht_time_avg","2026-04-15 23:58:06.966+0900","N","","","","MIN","4ACM4701","35.17","ACQUIRED","2026-04-15 23:58"
"8774","oht_time_avg","2026-04-15 23:58:06.966+0900","N","","","","MIN","4ACM4701","11.79","ASSIGN","2026-04-15 23:58"
"8773","oht_time_avg","2026-04-15 23:58:06.966+0900","N","","","","MIN","4ACM4701","0.15","REP","2026-04-15 23:58"
"8784","oht_time_avg","2026-04-15 23:59:07.916+0900","N","","","","MIN","4ACM4701","0.0","COMPLETED","2026-04-15 23:59"
"8783","oht_time_avg","2026-04-15 23:59:07.916+0900","N","","","","MIN","4ACM4701","7.3","DESPOSITED","2026-04-15 23:59"
"8782","oht_time_avg","2026-04-15 23:59:07.916+0900","N","","","","MIN","4ACM4701","133.11","TRANSFERRING","2026-04-15 23:59"
"8781","oht_time_avg","2026-04-15 23:59:07.916+0900","N","","","","MIN","4ACM4701","31.66","ACQUIRED","2026-04-15 23:59"
"8780","oht_time_avg","2026-04-15 23:59:07.916+0900","N","","","","MIN","4ACM4701","13.66","ASSIGN","2026-04-15 23:59"
"8779","oht_time_avg","2026-04-15 23:59:07.916+0900","N","","","","MIN","4ACM4701","0.15","REP","2026-04-15 23:59"
"6","oht_time_avg","2026-04-16 00:00:06.909+0900","N","","","","MIN","4ACM4701","0.0","COMPLETED","2026-04-16 00:00"
"5","oht_time_avg","2026-04-16 00:00:06.909+0900","N","","","","MIN","4ACM4701","7.2","DESPOSITED","2026-04-16 00:00"
"4","oht_time_avg","2026-04-16 00:00:06.909+0900","N","","","","MIN","4ACM4701","140.52","TRANSFERRING","2026-04-16 00:00"
"3","oht_time_avg","2026-04-16 00:00:06.909+0900","N","","","","MIN","4ACM4701","32.09","ACQUIRED","2026-04-16 00:00"
"2","oht_time_avg","2026-04-16 00:00:06.909+0900","N","","","","MIN","4ACM4701","12.76","ASSIGN","2026-04-16 00:00"
"1","oht_time_avg","2026-04-16 00:00:06.909+0900","N","","","","MIN","4ACM4701","0.12","REP","2026-04-16 00:00"
"12","oht_time_avg","2026-04-16 00:01:08.261+0900","N","","","","HOUR","4ACM4701","0.0","COMPLETED","2026-04-16 00:00"
"11","oht_time_avg","2026-04-16 00:01:08.261+0900","N","","","","HOUR","4ACM4701","7.02","DESPOSITED","2026-04-16 00:00"
"10","oht_time_avg","2026-04-16 00:01:08.261+0900","N","","","","HOUR","4ACM4701","132.94","TRANSFERRING","2026-04-16 00:00"
"9","oht_time_avg","2026-04-16 00:01:08.261+0900","N","","","","HOUR","4ACM4701","31.52","ACQUIRED","2026-04-16 00:00"
"8","oht_time_avg","2026-04-16 00:01:08.261+0900","N","","","","HOUR","4ACM4701","11.51","ASSIGN","2026-04-16 00:00"
"7","oht_time_avg","2026-04-16 00:01:08.261+0900","N","","","","HOUR","4ACM4701","0.15","REP","2026-04-16 00:00"
"18","oht_time_avg","2026-04-16 00:01:08.438+0900","N","","","","MIN","4ACM4701","0.0","COMPLETED","2026-04-16 00:01"
"17","oht_time_avg","2026-04-16 00:01:08.438+0900","N","","","","MIN","4ACM4701","7.16","DESPOSITED","2026-04-16 00:01"
"16","oht_time_avg","2026-04-16 00:01:08.438+0900","N","","","","MIN","4ACM4701","133.63","TRANSFERRING","2026-04-16 00:01"
"15","oht_time_avg","2026-04-16 00:01:08.438+0900","N","","","","MIN","4ACM4701","30.71","ACQUIRED","2026-04-16 00:01"
"14","oht_time_avg","2026-04-16 00:01:08.438+0900","N","","","","MIN","4ACM4701","11.84","ASSIGN","2026-04-16 00:01"
"13","oht_time_avg","2026-04-16 00:01:08.438+0900","N","","","","MIN","4ACM4701","0.13","REP","2026-04-16 00:01"
"24","oht_time_avg","2026-04-16 00:02:06.261+0900","N","","","","MIN","4ACM4701","0.0","COMPLETED","2026-04-16 00:02"
"23","oht_time_avg","2026-04-16 00:02:06.261+0900","N","","","","MIN","4ACM4701","7.29","DESPOSITED","2026-04-16 00:02"
"22","oht_time_avg","2026-04-16 00:02:06.261+0900","N","","","","MIN","4ACM4701","138.2","TRANSFERRING","2026-04-16 00:02"
"21","oht_time_avg","2026-04-16 00:02:06.261+0900","N","","","","MIN","4ACM4701","32.11","ACQUIRED","2026-04-16 00:02"
"20","oht_time_avg","2026-04-16 00:02:06.261+0900","N","","","","MIN","4ACM4701","10.78","ASSIGN","2026-04-16 00:02"
"19","oht_time_avg","2026-04-16 00:02:06.261+0900","N","","","","MIN","4ACM4701","0.18","REP","2026-04-16 00:02"
"30","oht_time_avg","2026-04-16 00:03:06.291+0900","N","","","","MIN","4ACM4701","0.0","COMPLETED","2026-04-16 00:03"
"29","oht_time_avg","2026-04-16 00:03:06.291+0900","N","","","","MIN","4ACM4701","7.41","DESPOSITED","2026-04-16 00:03"
"28","oht_time_avg","2026-04-16 00:03:06.291+0900","N","","","","MIN","4ACM4701","140.18","TRANSFERRING","2026-04-16 00:03"
"27","oht_time_avg","2026-04-16 00:03:06.291+0900","N","","","","MIN","4ACM4701","30.01","ACQUIRED","2026-04-16 00:03"
"26","oht_time_avg","2026-04-16 00:03:06.291+0900","N","","","","MIN","4ACM4701","11.64","ASSIGN","2026-04-16 00:03"
"25","oht_time_avg","2026-04-16 00:03:06.291+0900","N","","","","MIN","4ACM4701","0.18","REP","2026-04-16 00:03"
"36","oht_time_avg","2026-04-16 00:04:07.793+0900","N","","","","MIN","4ACM4701","0.0","COMPLETED","2026-04-16 00:04"
"35","oht_time_avg","2026-04-16 00:04:07.793+0900","N","","","","MIN","4ACM4701","7.03","DESPOSITED","2026-04-16 00:04"
"34","oht_time_avg","2026-04-16 00:04:07.793+0900","N","","","","MIN","4ACM4701","138.6","TRANSFERRING","2026-04-16 00:04"
"33","oht_time_avg","2026-04-16 00:04:07.793+0900","N","","","","MIN","4ACM4701","29.0","ACQUIRED","2026-04-16 00:04"
"32","oht_time_avg","2026-04-16 00:04:07.793+0900","N","","","","MIN","4ACM4701","10.59","ASSIGN","2026-04-16 00:04"
"31","oht_time_avg","2026-04-16 00:04:07.793+0900","N","","","","MIN","4ACM4701","0.15","REP","2026-04-16 00:04"
"42","oht_time_avg","2026-04-16 00:05:08.193+0900","N","","","","MIN","4ACM4701","0.0","COMPLETED","2026-04-16 00:05"
"41","oht_time_avg","2026-04-16 00:05:08.193+0900","N","","","","MIN","4ACM4701","7.13","DESPOSITED","2026-04-16 00:05"
"40","oht_time_avg","2026-04-16 00:05:08.193+0900","N","","","","MIN","4ACM4701","138.04","TRANSFERRING","2026-04-16 00:05"
"39","oht_time_avg","2026-04-16 00:05:08.193+0900","N","","","","MIN","4ACM4701","31.08","ACQUIRED","2026-04-16 00:05"
"38","oht_time_avg","2026-04-16 00:05:08.193+0900","N","","","","MIN","4ACM4701","12.45","ASSIGN","2026-04-16 00:05"
"37","oht_time_avg","2026-04-16 00:05:08.193+0900","N","","","","MIN","4ACM4701","0.14","REP","2026-04-16 00:05"
"48","oht_time_avg","2026-04-16 00:06:06.239+0900","N","","","","MIN","4ACM4701","0.0","COMPLETED","2026-04-16 00:06"
"47","oht_time_avg","2026-04-16 00:06:06.239+0900","N","","","","MIN","4ACM4701","7.14","DESPOSITED","2026-04-16 00:06"
"46","oht_time_avg","2026-04-16 00:06:06.239+0900","N","","","","MIN","4ACM4701","137.09","TRANSFERRING","2026-04-16 00:06"
"45","oht_time_avg","2026-04-16 00:06:06.239+0900","N","","","","MIN","4ACM4701","30.9","ACQUIRED","2026-04-16 00:06"
"44","oht_time_avg","2026-04-16 00:06:06.239+0900","N","","","","MIN","4ACM4701","13.77","ASSIGN","2026-04-16 00:06"
"43","oht_time_avg","2026-04-16 00:06:06.239+0900","N","","","","MIN","4ACM4701","0.14","REP","2026-04-16 00:06"
"54","oht_time_avg","2026-04-16 00:07:06.892+0900","N","","","","MIN","4ACM4701","0.0","COMPLETED","2026-04-16 00:07"
"53","oht_time_avg","2026-04-16 00:07:06.892+0900","N","","","","MIN","4ACM4701","7.26","DESPOSITED","2026-04-16 00:07"
"52","oht_time_avg","2026-04-16 00:07:06.892+0900","N","","","","MIN","4ACM4701","129.7","TRANSFERRING","2026-04-16 00:07"
"51","oht_time_avg","2026-04-16 00:07:06.892+0900","N","","","","MIN","4ACM4701","31.19","ACQUIRED","2026-04-16 00:07"
"50","oht_time_avg","2026-04-16 00:07:06.892+0900","N","","","","MIN","4ACM4701","13.05","ASSIGN","2026-04-16 00:07"
"49","oht_time_avg","2026-04-16 00:07:06.892+0900","N","","","","MIN","4ACM4701","0.13","REP","2026-04-16 00:07"
"60","oht_time_avg","2026-04-16 00:08:06.966+0900","N","","","","MIN","4ACM4701","0.0","COMPLETED","2026-04-16 00:08"
"59","oht_time_avg","2026-04-16 00:08:06.966+0900","N","","","","MIN","4ACM4701","7.34","DESPOSITED","2026-04-16 00:08"
"58","oht_time_avg","2026-04-16 00:08:06.966+0900","N","","","","MIN","4ACM4701","129.98","TRANSFERRING","2026-04-16 00:08"
"57","oht_time_avg","2026-04-16 00:08:06.966+0900","N","","","","MIN","4ACM4701","31.84","ACQUIRED","2026-04-16 00:08"
"56","oht_time_avg","2026-04-16 00:08:06.966+0900","N","","","","MIN","4ACM4701","11.8","ASSIGN","2026-04-16 00:08"
"55","oht_time_avg","2026-04-16 00:08:06.966+0900","N","","","","MIN","4ACM4701","0.13","REP","2026-04-16 00:08"
"66","oht_time_avg","2026-04-16 00:09:07.460+0900","N","","","","MIN","4ACM4701","0.0","COMPLETED","2026-04-16 00:09"
"65","oht_time_avg","2026-04-16 00:09:07.460+0900","N","","","","MIN","4ACM4701","7.44","DESPOSITED","2026-04-16 00:09"
"64","oht_time_avg","2026-04-16 00:09:07.460+0900","N","","","","MIN","4ACM4701","128.65","TRANSFERRING","2026-04-16 00:09"
"63","oht_time_avg","2026-04-16 00:09:07.460+0900","N","","","","MIN","4ACM4701","30.87","ACQUIRED","2026-04-16 00:09"
"62","oht_time_avg","2026-04-16 00:09:07.460+0900","N","","","","MIN","4ACM4701","12.18","ASSIGN","2026-04-16 00:09"
"61","oht_time_avg","2026-04-16 00:09:07.460+0900","N","","","","MIN","4ACM4701","0.14","REP","2026-04-16 00:09"
"72","oht_time_avg","2026-04-16 00:10:06.622+0900","N","","","","MIN","4ACM4701","0.0","COMPLETED","2026-04-16 00:10"
"71","oht_time_avg","2026-04-16 00:10:06.622+0900","N","","","","MIN","4ACM4701","7.18","DESPOSITED","2026-04-16 00:10"
"70","oht_time_avg","2026-04-16 00:10:06.622+0900","N","","","","MIN","4ACM4701","142.09","TRANSFERRING","2026-04-16 00:10"
"69","oht_time_avg","2026-04-16 00:10:06.622+0900","N","","","","MIN","4ACM4701","32.0","ACQUIRED","2026-04-16 00:10"
"68","oht_time_avg","2026-04-16 00:10:06.622+0900","N","","","","MIN","4ACM4701","10.29","ASSIGN","2026-04-16 00:10"
"67","oht_time_avg","2026-04-16 00:10:06.622+0900","N","","","","MIN","4ACM4701","0.17","REP","2026-04-16 00:10"
"78","oht_time_avg","2026-04-16 00:11:06.835+0900","N","","","","MIN","4ACM4701","0.0","COMPLETED","2026-04-16 00:11"
"77","oht_time_avg","2026-04-16 00:11:06.835+0900","N","","","","MIN","4ACM4701","7.54","DESPOSITED","2026-04-16 00:11"
"76","oht_time_avg","2026-04-16 00:11:06.835+0900","N","","","","MIN","4ACM4701","132.74","TRANSFERRING","2026-04-16 00:11"
"75","oht_time_avg","2026-04-16 00:11:06.835+0900","N","","","","MIN","4ACM4701","33.24","ACQUIRED","2026-04-16 00:11"
"74","oht_time_avg","2026-04-16 00:11:06.835+0900","N","","","","MIN","4ACM4701","10.2","ASSIGN","2026-04-16 00:11"
"73","oht_time_avg","2026-04-16 00:11:06.835+0900","N","","","","MIN","4ACM4701","0.12","REP","2026-04-16 00:11"
"84","oht_time_avg","2026-04-16 00:12:06.466+0900","N","","","","MIN","4ACM4701","0.0","COMPLETED","2026-04-16 00:12"
"83","oht_time_avg","2026-04-16 00:12:06.466+0900","N","","","","MIN","4ACM4701","7.28","DESPOSITED","2026-04-16 00:12"
"82","oht_time_avg","2026-04-16 00:12:06.466+0900","N","","","","MIN","4ACM4701","136.06","TRANSFERRING","2026-04-16 00:12"
"81","oht_time_avg","2026-04-16 00:12:06.466+0900","N","","","","MIN","4ACM4701","30.96","ACQUIRED","2026-04-16 00:12"
"80","oht_time_avg","2026-04-16 00:12:06.466+0900","N","","","","MIN","4ACM4701","12.88","ASSIGN","2026-04-16 00:12"
"79","oht_time_avg","2026-04-16 00:12:06.466+0900","N","","","","MIN","4ACM4701","0.18","REP","2026-04-16 00:12"
"90","oht_time_avg","2026-04-16 00:13:06.535+0900","N","","","","MIN","4ACM4701","0.01","COMPLETED","2026-04-16 00:13"
"89","oht_time_avg","2026-04-16 00:13:06.535+0900","N","","","","MIN","4ACM4701","6.96","DESPOSITED","2026-04-16 00:13"
"88","oht_time_avg","2026-04-16 00:13:06.535+0900","N","","","","MIN","4ACM4701","128.28","TRANSFERRING","2026-04-16 00:13"
"87","oht_time_avg","2026-04-16 00:13:06.535+0900","N","","","","MIN","4ACM4701","32.93","ACQUIRED","2026-04-16 00:13"
"86","oht_time_avg","2026-04-16 00:13:06.535+0900","N","","","","MIN","4ACM4701","11.77","ASSIGN","2026-04-16 00:13"
"85","oht_time_avg","2026-04-16 00:13:06.535+0900","N","","","","MIN","4ACM4701","0.14","REP","2026-04-16 00:13"
"96","oht_time_avg","2026-04-16 00:14:06.781+0900","N","","","","MIN","4ACM4701","0.0","COMPLETED","2026-04-16 00:14"
"95","oht_time_avg","2026-04-16 00:14:06.781+0900","N","","","","MIN","4ACM4701","6.96","DESPOSITED","2026-04-16 00:14"
"94","oht_time_avg","2026-04-16 00:14:06.781+0900","N","","","","MIN","4ACM4701","136.07","TRANSFERRING","2026-04-16 00:14"
"93","oht_time_avg","2026-04-16 00:14:06.781+0900","N","","","","MIN","4ACM4701","31.47","ACQUIRED","2026-04-16 00:14"
"92","oht_time_avg","2026-04-16 00:14:06.781+0900","N","","","","MIN","4ACM4701","12.33","ASSIGN","2026-04-16 00:14"
"91","oht_time_avg","2026-04-16 00:14:06.781+0900","N","","","","MIN","4ACM4701","0.19","REP","2026-04-16 00:14"
"102","oht_time_avg","2026-04-16 00:15:08.982+0900","N","","","","MIN","4ACM4701","0.0","COMPLETED","2026-04-16 00:15"
"101","oht_time_avg","2026-04-16 00:15:08.982+0900","N","","","","MIN","4ACM4701","7.34","DESPOSITED","2026-04-16 00:15"
"100","oht_time_avg","2026-04-16 00:15:08.982+0900","N","","","","MIN","4ACM4701","129.85","TRANSFERRING","2026-04-16 00:15"
"99","oht_time_avg","2026-04-16 00:15:08.982+0900","N","","","","MIN","4ACM4701","32.67","ACQUIRED","2026-04-16 00:15"
"98","oht_time_avg","2026-04-16 00:15:08.982+0900","N","","","","MIN","4ACM4701","10.95","ASSIGN","2026-04-16 00:15"
"97","oht_time_avg","2026-04-16 00:15:08.982+0900","N","","","","MIN","4ACM4701","0.15","REP","2026-04-16 00:15"
"108","oht_time_avg","2026-04-16 00:16:06.602+0900","N","","","","MIN","4ACM4701","0.0","COMPLETED","2026-04-16 00:16"
"107","oht_time_avg","2026-04-16 00:16:06.602+0900","N","","","","MIN","4ACM4701","7.04","DESPOSITED","2026-04-16 00:16"
"106","oht_time_avg","2026-04-16 00:16:06.602+0900","N","","","","MIN","4ACM4701","141.59","TRANSFERRING","2026-04-16 00:16"
"105","oht_time_avg","2026-04-16 00:16:06.602+0900","N","","","","MIN","4ACM4701","31.47","ACQUIRED","2026-04-16 00:16"
"104","oht_time_avg","2026-04-16 00:16:06.602+0900","N","","","","MIN","4ACM4701","12.52","ASSIGN","2026-04-16 00:16"
"103","oht_time_avg","2026-04-16 00:16:06.602+0900","N","","","","MIN","4ACM4701","0.17","REP","2026-04-16 00:16"
"114","oht_time_avg","2026-04-16 00:17:07.941+0900","N","","","","MIN","4ACM4701","0.0","COMPLETED","2026-04-16 00:17"
"113","oht_time_avg","2026-04-16 00:17:07.941+0900","N","","","","MIN","4ACM4701","6.93","DESPOSITED","2026-04-16 00:17"
"112","oht_time_avg","2026-04-16 00:17:07.941+0900","N","","","","MIN","4ACM4701","143.37","TRANSFERRING","2026-04-16 00:17"
"111","oht_time_avg","2026-04-16 00:17:07.941+0900","N","","","","MIN","4ACM4701","31.89","ACQUIRED","2026-04-16 00:17"
"110","oht_time_avg","2026-04-16 00:17:07.941+0900","N","","","","MIN","4ACM4701","11.56","ASSIGN","2026-04-16 00:17"
"109","oht_time_avg","2026-04-16 00:17:07.941+0900","N","","","","MIN","4ACM4701","0.17","REP","2026-04-16 00:17"
"120","oht_time_avg","2026-04-16 00:18:06.408+0900","N","","","","MIN","4ACM4701","0.0","COMPLETED","2026-04-16 00:18"
"119","oht_time_avg","2026-04-16 00:18:06.408+0900","N","","","","MIN","4ACM4701","7.28","DESPOSITED","2026-04-16 00:18"
"118","oht_time_avg","2026-04-16 00:18:06.408+0900","N","","","","MIN","4ACM4701","134.24","TRANSFERRING","2026-04-16 00:18"
"117","oht_time_avg","2026-04-16 00:18:06.408+0900","N","","","","MIN","4ACM4701","31.74","ACQUIRED","2026-04-16 00:18"
"116","oht_time_avg","2026-04-16 00:18:06.408+0900","N","","","","MIN","4ACM4701","13.13","ASSIGN","2026-04-16 00:18"
"115","oht_time_avg","2026-04-16 00:18:06.408+0900","N","","","","MIN","4ACM4701","0.94","REP","2026-04-16 00:18"
"126","oht_time_avg","2026-04-16 00:19:07.486+0900","N","","","","MIN","4ACM4701","0.0","COMPLETED","2026-04-16 00:19"
"125","oht_time_avg","2026-04-16 00:19:07.486+0900","N","","","","MIN","4ACM4701","7.1","DESPOSITED","2026-04-16 00:19"
"124","oht_time_avg","2026-04-16 00:19:07.486+0900","N","","","","MIN","4ACM4701","136.61","TRANSFERRING","2026-04-16 00:19"
"123","oht_time_avg","2026-04-16 00:19:07.486+0900","N","","","","MIN","4ACM4701","28.6","ACQUIRED","2026-04-16 00:19"
"122","oht_time_avg","2026-04-16 00:19:07.486+0900","N","","","","MIN","4ACM4701","9.19","ASSIGN","2026-04-16 00:19"
"121","oht_time_avg","2026-04-16 00:19:07.486+0900","N","","","","MIN","4ACM4701","0.15","REP","2026-04-16 00:19"
"132","oht_time_avg","2026-04-16 00:20:06.383+0900","N","","","","MIN","4ACM4701","0.0","COMPLETED","2026-04-16 00:20"
"131","oht_time_avg","2026-04-16 00:20:06.383+0900","N","","","","MIN","4ACM4701","7.09","DESPOSITED","2026-04-16 00:20"
"130","oht_time_avg","2026-04-16 00:20:06.383+0900","N","","","","MIN","4ACM4701","132.62","TRANSFERRING","2026-04-16 00:20"
"129","oht_time_avg","2026-04-16 00:20:06.383+0900","N","","","","MIN","4ACM4701","31.77","ACQUIRED","2026-04-16 00:20"
"128","oht_time_avg","2026-04-16 00:20:06.383+0900","N","","","","MIN","4ACM4701","10.24","ASSIGN","2026-04-16 00:20"
"127","oht_time_avg","2026-04-16 00:20:06.383+0900","N","","","","MIN","4ACM4701","0.58","REP","2026-04-16 00:20"
"138","oht_time_avg","2026-04-16 00:21:06.811+0900","N","","","","MIN","4ACM4701","0.0","COMPLETED","2026-04-16 00:21"
"137","oht_time_avg","2026-04-16 00:21:06.811+0900","N","","","","MIN","4ACM4701","7.03","DESPOSITED","2026-04-16 00:21"
"136","oht_time_avg","2026-04-16 00:21:06.811+0900","N","","","","MIN","4ACM4701","129.42","TRANSFERRING","2026-04-16 00:21"
"135","oht_time_avg","2026-04-16 00:21:06.811+0900","N","","","","MIN","4ACM4701","33.11","ACQUIRED","2026-04-16 00:21"
"134","oht_time_avg","2026-04-16 00:21:06.811+0900","N","","","","MIN","4ACM4701","9.7","ASSIGN","2026-04-16 00:21"
"133","oht_time_avg","2026-04-16 00:21:06.811+0900","N","","","","MIN","4ACM4701","0.12","REP","2026-04-16 00:21"
"144","oht_time_avg","2026-04-16 00:22:06.832+0900","N","","","","MIN","4ACM4701","0.0","COMPLETED","2026-04-16 00:22"
"143","oht_time_avg","2026-04-16 00:22:06.832+0900","N","","","","MIN","4ACM4701","7.07","DESPOSITED","2026-04-16 00:22"
"142","oht_time_avg","2026-04-16 00:22:06.832+0900","N","","","","MIN","4ACM4701","133.63","TRANSFERRING","2026-04-16 00:22"
"141","oht_time_avg","2026-04-16 00:22:06.832+0900","N","","","","MIN","4ACM4701","31.58","ACQUIRED","2026-04-16 00:22"
"140","oht_time_avg","2026-04-16 00:22:06.832+0900","N","","","","MIN","4ACM4701","12.05","ASSIGN","2026-04-16 00:22"
"139","oht_time_avg","2026-04-16 00:22:06.832+0900","N","","","","MIN","4ACM4701","0.13","REP","2026-04-16 00:22"
"150","oht_time_avg","2026-04-16 00:23:06.768+0900","N","","","","MIN","4ACM4701","0.0","COMPLETED","2026-04-16 00:23"
"149","oht_time_avg","2026-04-16 00:23:06.768+0900","N","","","","MIN","4ACM4701","7.06","DESPOSITED","2026-04-16 00:23"
"148","oht_time_avg","2026-04-16 00:23:06.768+0900","N","","","","MIN","4ACM4701","135.81","TRANSFERRING","2026-04-16 00:23"
"147","oht_time_avg","2026-04-16 00:23:06.768+0900","N","","","","MIN","4ACM4701","30.29","ACQUIRED","2026-04-16 00:23"
"146","oht_time_avg","2026-04-16 00:23:06.768+0900","N","","","","MIN","4ACM4701","10.47","ASSIGN","2026-04-16 00:23"
"145","oht_time_avg","2026-04-16 00:23:06.768+0900","N","","","","MIN","4ACM4701","0.14","REP","2026-04-16 00:23"
"156","oht_time_avg","2026-04-16 00:24:06.385+0900","N","","","","MIN","4ACM4701","0.0","COMPLETED","2026-04-16 00:24"
"155","oht_time_avg","2026-04-16 00:24:06.385+0900","N","","","","MIN","4ACM4701","7.25","DESPOSITED","2026-04-16 00:24"
"154","oht_time_avg","2026-04-16 00:24:06.385+0900","N","","","","MIN","4ACM4701","138.0","TRANSFERRING","2026-04-16 00:24"
"153","oht_time_avg","2026-04-16 00:24:06.385+0900","N","","","","MIN","4ACM4701","31.28","ACQUIRED","2026-04-16 00:24"
"152","oht_time_avg","2026-04-16 00:24:06.385+0900","N","","","","MIN","4ACM4701","11.71","ASSIGN","2026-04-16 00:24"
"151","oht_time_avg","2026-04-16 00:24:06.385+0900","N","","","","MIN","4ACM4701","0.14","REP","2026-04-16 00:24"
"162","oht_time_avg","2026-04-16 00:25:06.489+0900","N","","","","MIN","4ACM4701","0.0","COMPLETED","2026-04-16 00:25"
"161","oht_time_avg","2026-04-16 00:25:06.489+0900","N","","","","MIN","4ACM4701","7.06","DESPOSITED","2026-04-16 00:25"
"160","oht_time_avg","2026-04-16 00:25:06.489+0900","N","","","","MIN","4ACM4701","130.32","TRANSFERRING","2026-04-16 00:25"
"159","oht_time_avg","2026-04-16 00:25:06.489+0900","N","","","","MIN","4ACM4701","32.65","ACQUIRED","2026-04-16 00:25"
"158","oht_time_avg","2026-04-16 00:25:06.489+0900","N","","","","MIN","4ACM4701","11.03","ASSIGN","2026-04-16 00:25"
"157","oht_time_avg","2026-04-16 00:25:06.489+0900","N","","","","MIN","4ACM4701","0.18","REP","2026-04-16 00:25"
"168","oht_time_avg","2026-04-16 00:26:07.953+0900","N","","","","MIN","4ACM4701","0.0","COMPLETED","2026-04-16 00:26"
"167","oht_time_avg","2026-04-16 00:26:07.953+0900","N","","","","MIN","4ACM4701","7.56","DESPOSITED","2026-04-16 00:26"
"166","oht_time_avg","2026-04-16 00:26:07.953+0900","N","","","","MIN","4ACM4701","132.48","TRANSFERRING","2026-04-16 00:26"
"165","oht_time_avg","2026-04-16 00:26:07.953+0900","N","","","","MIN","4ACM4701","32.62","ACQUIRED","2026-04-16 00:26"
"164","oht_time_avg","2026-04-16 00:26:07.953+0900","N","","","","MIN","4ACM4701","11.34","ASSIGN","2026-04-16 00:26"
"163","oht_time_avg","2026-04-16 00:26:07.953+0900","N","","","","MIN","4ACM4701","0.17","REP","2026-04-16 00:26"
"174","oht_time_avg","2026-04-16 00:27:09.118+0900","N","","","","MIN","4ACM4701","0.0","COMPLETED","2026-04-16 00:27"
"173","oht_time_avg","2026-04-16 00:27:09.118+0900","N","","","","MIN","4ACM4701","7.15","DESPOSITED","2026-04-16 00:27"
"172","oht_time_avg","2026-04-16 00:27:09.118+0900","N","","","","MIN","4ACM4701","130.58","TRANSFERRING","2026-04-16 00:27"
"171","oht_time_avg","2026-04-16 00:27:09.118+0900","N","","","","MIN","4ACM4701","34.42","ACQUIRED","2026-04-16 00:27"
"170","oht_time_avg","2026-04-16 00:27:09.118+0900","N","","","","MIN","4ACM4701","11.44","ASSIGN","2026-04-16 00:27"
"169","oht_time_avg","2026-04-16 00:27:09.118+0900","N","","","","MIN","4ACM4701","0.2","REP","2026-04-16 00:27"
"180","oht_time_avg","2026-04-16 00:28:06.001+0900","N","","","","MIN","4ACM4701","0.0","COMPLETED","2026-04-16 00:28"
"179","oht_time_avg","2026-04-16 00:28:06.001+0900","N","","","","MIN","4ACM4701","7.21","DESPOSITED","2026-04-16 00:28"
"178","oht_time_avg","2026-04-16 00:28:06.001+0900","N","","","","MIN","4ACM4701","146.81","TRANSFERRING","2026-04-16 00:28"
"177","oht_time_avg","2026-04-16 00:28:06.001+0900","N","","","","MIN","4ACM4701","31.28","ACQUIRED","2026-04-16 00:28"
"176","oht_time_avg","2026-04-16 00:28:06.001+0900","N","","","","MIN","4ACM4701","12.51","ASSIGN","2026-04-16 00:28"
"175","oht_time_avg","2026-04-16 00:28:06.001+0900","N","","","","MIN","4ACM4701","0.15","REP","2026-04-16 00:28"
"186","oht_time_avg","2026-04-16 00:29:06.586+0900","N","","","","MIN","4ACM4701","0.0","COMPLETED","2026-04-16 00:29"
"185","oht_time_avg","2026-04-16 00:29:06.586+0900","N","","","","MIN","4ACM4701","7.08","DESPOSITED","2026-04-16 00:29"
"184","oht_time_avg","2026-04-16 00:29:06.586+0900","N","","","","MIN","4ACM4701","130.63","TRANSFERRING","2026-04-16 00:29"
"183","oht_time_avg","2026-04-16 00:29:06.586+0900","N","","","","MIN","4ACM4701","31.25","ACQUIRED","2026-04-16 00:29"
"182","oht_time_avg","2026-04-16 00:29:06.586+0900","N","","","","MIN","4ACM4701","11.14","ASSIGN","2026-04-16 00:29"
"181","oht_time_avg","2026-04-16 00:29:06.586+0900","N","","","","MIN","4ACM4701","0.12","REP","2026-04-16 00:29"
"192","oht_time_avg","2026-04-16 00:30:06.237+0900","N","","","","MIN","4ACM4701","0.0","COMPLETED","2026-04-16 00:30"
"191","oht_time_avg","2026-04-16 00:30:06.237+0900","N","","","","MIN","4ACM4701","7.14","DESPOSITED","2026-04-16 00:30"
"190","oht_time_avg","2026-04-16 00:30:06.237+0900","N","","","","MIN","4ACM4701","138.65","TRANSFERRING","2026-04-16 00:30"
"189","oht_time_avg","2026-04-16 00:30:06.237+0900","N","","","","MIN","4ACM4701","29.38","ACQUIRED","2026-04-16 00:30"
"188","oht_time_avg","2026-04-16 00:30:06.237+0900","N","","","","MIN","4ACM4701","11.07","ASSIGN","2026-04-16 00:30"
"187","oht_time_avg","2026-04-16 00:30:06.237+0900","N","","","","MIN","4ACM4701","0.13","REP","2026-04-16 00:30"
"198","oht_time_avg","2026-04-16 00:31:07.724+0900","N","","","","MIN","4ACM4701","0.0","COMPLETED","2026-04-16 00:31"
"197","oht_time_avg","2026-04-16 00:31:07.724+0900","N","","","","MIN","4ACM4701","7.1","DESPOSITED","2026-04-16 00:31"
"196","oht_time_avg","2026-04-16 00:31:07.724+0900","N","","","","MIN","4ACM4701","136.64","TRANSFERRING","2026-04-16 00:31"
"195","oht_time_avg","2026-04-16 00:31:07.724+0900","N","","","","MIN","4ACM4701","30.83","ACQUIRED","2026-04-16 00:31"
"194","oht_time_avg","2026-04-16 00:31:07.724+0900","N","","","","MIN","4ACM4701","10.81","ASSIGN","2026-04-16 00:31"
"193","oht_time_avg","2026-04-16 00:31:07.724+0900","N","","","","MIN","4ACM4701","0.13","REP","2026-04-16 00:31"
"204","oht_time_avg","2026-04-16 00:32:06.522+0900","N","","","","MIN","4ACM4701","0.0","COMPLETED","2026-04-16 00:32"
"203","oht_time_avg","2026-04-16 00:32:06.522+0900","N","","","","MIN","4ACM4701","7.1","DESPOSITED","2026-04-16 00:32"
"202","oht_time_avg","2026-04-16 00:32:06.522+0900","N","","","","MIN","4ACM4701","131.51","TRANSFERRING","2026-04-16 00:32"
"201","oht_time_avg","2026-04-16 00:32:06.522+0900","N","","","","MIN","4ACM4701","30.8","ACQUIRED","2026-04-16 00:32"
"200","oht_time_avg","2026-04-16 00:32:06.522+0900","N","","","","MIN","4ACM4701","10.9","ASSIGN","2026-04-16 00:32"
"199","oht_time_avg","2026-04-16 00:32:06.522+0900","N","","","","MIN","4ACM4701","0.15","REP","2026-04-16 00:32"
"210","oht_time_avg","2026-04-16 00:33:07.096+0900","N","","","","MIN","4ACM4701","0.0","COMPLETED","2026-04-16 00:33"
"209","oht_time_avg","2026-04-16 00:33:07.096+0900","N","","","","MIN","4ACM4701","7.15","DESPOSITED","2026-04-16 00:33"
"208","oht_time_avg","2026-04-16 00:33:07.096+0900","N","","","","MIN","4ACM4701","141.02","TRANSFERRING","2026-04-16 00:33"
"207","oht_time_avg","2026-04-16 00:33:07.096+0900","N","","","","MIN","4ACM4701","30.73","ACQUIRED","2026-04-16 00:33"
"206","oht_time_avg","2026-04-16 00:33:07.096+0900","N","","","","MIN","4ACM4701","9.93","ASSIGN","2026-04-16 00:33"
"205","oht_time_avg","2026-04-16 00:33:07.096+0900","N","","","","MIN","4ACM4701","0.13","REP","2026-04-16 00:33"
"216","oht_time_avg","2026-04-16 00:34:07.131+0900","N","","","","MIN","4ACM4701","0.0","COMPLETED","2026-04-16 00:34"
"215","oht_time_avg","2026-04-16 00:34:07.131+0900","N","","","","MIN","4ACM4701","6.99","DESPOSITED","2026-04-16 00:34"
"214","oht_time_avg","2026-04-16 00:34:07.131+0900","N","","","","MIN","4ACM4701","135.81","TRANSFERRING","2026-04-16 00:34"
"213","oht_time_avg","2026-04-16 00:34:07.131+0900","N","","","","MIN","4ACM4701","30.01","ACQUIRED","2026-04-16 00:34"
"212","oht_time_avg","2026-04-16 00:34:07.131+0900","N","","","","MIN","4ACM4701","12.69","ASSIGN","2026-04-16 00:34"
"211","oht_time_avg","2026-04-16 00:34:07.131+0900","N","","","","MIN","4ACM4701","0.56","REP","2026-04-16 00:34"
"222","oht_time_avg","2026-04-16 00:35:06.948+0900","N","","","","MIN","4ACM4701","0.0","COMPLETED","2026-04-16 00:35"
"221","oht_time_avg","2026-04-16 00:35:06.948+0900","N","","","","MIN","4ACM4701","7.09","DESPOSITED","2026-04-16 00:35"
"220","oht_time_avg","2026-04-16 00:35:06.948+0900","N","","","","MIN","4ACM4701","125.5","TRANSFERRING","2026-04-16 00:35"
"219","oht_time_avg","2026-04-16 00:35:06.948+0900","N","","","","MIN","4ACM4701","33.79","ACQUIRED","2026-04-16 00:35"
"218","oht_time_avg","2026-04-16 00:35:06.948+0900","N","","","","MIN","4ACM4701","11.98","ASSIGN","2026-04-16 00:35"
"217","oht_time_avg","2026-04-16 00:35:06.948+0900","N","","","","MIN","4ACM4701","0.18","REP","2026-04-16 00:35"
"228","oht_time_avg","2026-04-16 00:36:06.261+0900","N","","","","MIN","4ACM4701","0.0","COMPLETED","2026-04-16 00:36"
"227","oht_time_avg","2026-04-16 00:36:06.261+0900","N","","","","MIN","4ACM4701","7.38","DESPOSITED","2026-04-16 00:36"
"226","oht_time_avg","2026-04-16 00:36:06.261+0900","N","","","","MIN","4ACM4701","137.69","TRANSFERRING","2026-04-16 00:36"
"225","oht_time_avg","2026-04-16 00:36:06.261+0900","N","","","","MIN","4ACM4701","32.14","ACQUIRED","2026-04-16 00:36"
"224","oht_time_avg","2026-04-16 00:36:06.261+0900","N","","","","MIN","4ACM4701","13.52","ASSIGN","2026-04-16 00:36"
"223","oht_time_avg","2026-04-16 00:36:06.261+0900","N","","","","MIN","4ACM4701","0.18","REP","2026-04-16 00:36"
"234","oht_time_avg","2026-04-16 00:37:06.843+0900","N","","","","MIN","4ACM4701","0.0","COMPLETED","2026-04-16 00:37"
"233","oht_time_avg","2026-04-16 00:37:06.843+0900","N","","","","MIN","4ACM4701","7.08","DESPOSITED","2026-04-16 00:37"
"232","oht_time_avg","2026-04-16 00:37:06.843+0900","N","","","","MIN","4ACM4701","133.3","TRANSFERRING","2026-04-16 00:37"
"231","oht_time_avg","2026-04-16 00:37:06.843+0900","N","","","","MIN","4ACM4701","32.55","ACQUIRED","2026-04-16 00:37"
"230","oht_time_avg","2026-04-16 00:37:06.843+0900","N","","","","MIN","4ACM4701","11.49","ASSIGN","2026-04-16 00:37"
"229","oht_time_avg","2026-04-16 00:37:06.843+0900","N","","","","MIN","4ACM4701","0.17","REP","2026-04-16 00:37"
"240","oht_time_avg","2026-04-16 00:38:06.580+0900","N","","","","MIN","4ACM4701","0.0","COMPLETED","2026-04-16 00:38"
"239","oht_time_avg","2026-04-16 00:38:06.580+0900","N","","","","MIN","4ACM4701","7.2","DESPOSITED","2026-04-16 00:38"
"238","oht_time_avg","2026-04-16 00:38:06.580+0900","N","","","","MIN","4ACM4701","132.51","TRANSFERRING","2026-04-16 00:38"
"237","oht_time_avg","2026-04-16 00:38:06.580+0900","N","","","","MIN","4ACM4701","34.7","ACQUIRED","2026-04-16 00:38"
"236","oht_time_avg","2026-04-16 00:38:06.580+0900","N","","","","MIN","4ACM4701","14.12","ASSIGN","2026-04-16 00:38"
"235","oht_time_avg","2026-04-16 00:38:06.580+0900","N","","","","MIN","4ACM4701","0.16","REP","2026-04-16 00:38"
"246","oht_time_avg","2026-04-16 00:39:07.129+0900","N","","","","MIN","4ACM4701","0.0","COMPLETED","2026-04-16 00:39"
"245","oht_time_avg","2026-04-16 00:39:07.129+0900","N","","","","MIN","4ACM4701","7.29","DESPOSITED","2026-04-16 00:39"
"244","oht_time_avg","2026-04-16 00:39:07.129+0900","N","","","","MIN","4ACM4701","136.0","TRANSFERRING","2026-04-16 00:39"
"243","oht_time_avg","2026-04-16 00:39:07.129+0900","N","","","","MIN","4ACM4701","33.85","ACQUIRED","2026-04-16 00:39"
"242","oht_time_avg","2026-04-16 00:39:07.129+0900","N","","","","MIN","4ACM4701","12.97","ASSIGN","2026-04-16 00:39"
"241","oht_time_avg","2026-04-16 00:39:07.129+0900","N","","","","MIN","4ACM4701","1.1","REP","2026-04-16 00:39"
"252","oht_time_avg","2026-04-16 00:40:09.404+0900","N","","","","MIN","4ACM4701","0.0","COMPLETED","2026-04-16 00:40"
"251","oht_time_avg","2026-04-16 00:40:09.404+0900","N","","","","MIN","4ACM4701","7.13","DESPOSITED","2026-04-16 00:40"
"250","oht_time_avg","2026-04-16 00:40:09.404+0900","N","","","","MIN","4ACM4701","131.68","TRANSFERRING","2026-04-16 00:40"
"249","oht_time_avg","2026-04-16 00:40:09.404+0900","N","","","","MIN","4ACM4701","31.62","ACQUIRED","2026-04-16 00:40"
"248","oht_time_avg","2026-04-16 00:40:09.404+0900","N","","","","MIN","4ACM4701","13.19","ASSIGN","2026-04-16 00:40"
"247","oht_time_avg","2026-04-16 00:40:09.404+0900","N","","","","MIN","4ACM4701","0.15","REP","2026-04-16 00:40"
"258","oht_time_avg","2026-04-16 00:41:08.053+0900","N","","","","MIN","4ACM4701","0.0","COMPLETED","2026-04-16 00:41"
"257","oht_time_avg","2026-04-16 00:41:08.053+0900","N","","","","MIN","4ACM4701","7.13","DESPOSITED","2026-04-16 00:41"
"256","oht_time_avg","2026-04-16 00:41:08.053+0900","N","","","","MIN","4ACM4701","141.81","TRANSFERRING","2026-04-16 00:41"
"255","oht_time_avg","2026-04-16 00:41:08.053+0900","N","","","","MIN","4ACM4701","31.38","ACQUIRED","2026-04-16 00:41"
"254","oht_time_avg","2026-04-16 00:41:08.053+0900","N","","","","MIN","4ACM4701","11.28","ASSIGN","2026-04-16 00:41"
"253","oht_time_avg","2026-04-16 00:41:08.053+0900","N","","","","MIN","4ACM4701","0.15","REP","2026-04-16 00:41"
"264","oht_time_avg","2026-04-16 00:42:06.429+0900","N","","","","MIN","4ACM4701","0.0","COMPLETED","2026-04-16 00:42"
"263","oht_time_avg","2026-04-16 00:42:06.429+0900","N","","","","MIN","4ACM4701","6.96","DESPOSITED","2026-04-16 00:42"
"262","oht_time_avg","2026-04-16 00:42:06.429+0900","N","","","","MIN","4ACM4701","139.05","TRANSFERRING","2026-04-16 00:42"
"261","oht_time_avg","2026-04-16 00:42:06.429+0900","N","","","","MIN","4ACM4701","30.05","ACQUIRED","2026-04-16 00:42"
"260","oht_time_avg","2026-04-16 00:42:06.429+0900","N","","","","MIN","4ACM4701","10.09","ASSIGN","2026-04-16 00:42"
"259","oht_time_avg","2026-04-16 00:42:06.429+0900","N","","","","MIN","4ACM4701","0.16","REP","2026-04-16 00:42"
"270","oht_time_avg","2026-04-16 00:43:06.964+0900","N","","","","MIN","4ACM4701","0.0","COMPLETED","2026-04-16 00:43"
"269","oht_time_avg","2026-04-16 00:43:06.964+0900","N","","","","MIN","4ACM4701","6.94","DESPOSITED","2026-04-16 00:43"
"268","oht_time_avg","2026-04-16 00:43:06.964+0900","N","","","","MIN","4ACM4701","141.96","TRANSFERRING","2026-04-16 00:43"
"267","oht_time_avg","2026-04-16 00:43:06.964+0900","N","","","","MIN","4ACM4701","30.38","ACQUIRED","2026-04-16 00:43"
"266","oht_time_avg","2026-04-16 00:43:06.964+0900","N","","","","MIN","4ACM4701","9.84","ASSIGN","2026-04-16 00:43"
"265","oht_time_avg","2026-04-16 00:43:06.964+0900","N","","","","MIN","4ACM4701","0.13","REP","2026-04-16 00:43"
"276","oht_time_avg","2026-04-16 00:44:06.471+0900","N","","","","MIN","4ACM4701","0.0","COMPLETED","2026-04-16 00:44"
"275","oht_time_avg","2026-04-16 00:44:06.471+0900","N","","","","MIN","4ACM4701","7.41","DESPOSITED","2026-04-16 00:44"
"274","oht_time_avg","2026-04-16 00:44:06.471+0900","N","","","","MIN","4ACM4701","142.18","TRANSFERRING","2026-04-16 00:44"
"273","oht_time_avg","2026-04-16 00:44:06.471+0900","N","","","","MIN","4ACM4701","33.53","ACQUIRED","2026-04-16 00:44"
"272","oht_time_avg","2026-04-16 00:44:06.471+0900","N","","","","MIN","4ACM4701","12.23","ASSIGN","2026-04-16 00:44"
"271","oht_time_avg","2026-04-16 00:44:06.471+0900","N","","","","MIN","4ACM4701","0.9","REP","2026-04-16 00:44"
"282","oht_time_avg","2026-04-16 00:45:08.246+0900","N","","","","MIN","4ACM4701","0.0","COMPLETED","2026-04-16 00:45"
"281","oht_time_avg","2026-04-16 00:45:08.246+0900","N","","","","MIN","4ACM4701","7.23","DESPOSITED","2026-04-16 00:45"
"280","oht_time_avg","2026-04-16 00:45:08.246+0900","N","","","","MIN","4ACM4701","138.66","TRANSFERRING","2026-04-16 00:45"
"279","oht_time_avg","2026-04-16 00:45:08.246+0900","N","","","","MIN","4ACM4701","31.95","ACQUIRED","2026-04-16 00:45"
"278","oht_time_avg","2026-04-16 00:45:08.246+0900","N","","","","MIN","4ACM4701","11.89","ASSIGN","2026-04-16 00:45"
"277","oht_time_avg","2026-04-16 00:45:08.246+0900","N","","","","MIN","4ACM4701","0.13","REP","2026-04-16 00:45"
"288","oht_time_avg","2026-04-16 00:46:06.691+0900","N","","","","MIN","4ACM4701","0.0","COMPLETED","2026-04-16 00:46"
"287","oht_time_avg","2026-04-16 00:46:06.691+0900","N","","","","MIN","4ACM4701","7.43","DESPOSITED","2026-04-16 00:46"
"286","oht_time_avg","2026-04-16 00:46:06.691+0900","N","","","","MIN","4ACM4701","134.12","TRANSFERRING","2026-04-16 00:46"
"285","oht_time_avg","2026-04-16 00:46:06.691+0900","N","","","","MIN","4ACM4701","30.73","ACQUIRED","2026-04-16 00:46"
"284","oht_time_avg","2026-04-16 00:46:06.691+0900","N","","","","MIN","4ACM4701","9.47","ASSIGN","2026-04-16 00:46"
"283","oht_time_avg","2026-04-16 00:46:06.691+0900","N","","","","MIN","4ACM4701","1.01","REP","2026-04-16 00:46"
"294","oht_time_avg","2026-04-16 00:47:07.091+0900","N","","","","MIN","4ACM4701","0.0","COMPLETED","2026-04-16 00:47"
"293","oht_time_avg","2026-04-16 00:47:07.091+0900","N","","","","MIN","4ACM4701","7.01","DESPOSITED","2026-04-16 00:47"
"292","oht_time_avg","2026-04-16 00:47:07.091+0900","N","","","","MIN","4ACM4701","136.2","TRANSFERRING","2026-04-16 00:47"
"291","oht_time_avg","2026-04-16 00:47:07.091+0900","N","","","","MIN","4ACM4701","29.7","ACQUIRED","2026-04-16 00:47"
"290","oht_time_avg","2026-04-16 00:47:07.091+0900","N","","","","MIN","4ACM4701","10.42","ASSIGN","2026-04-16 00:47"
"289","oht_time_avg","2026-04-16 00:47:07.091+0900","N","","","","MIN","4ACM4701","0.14","REP","2026-04-16 00:47"
"300","oht_time_avg","2026-04-16 00:48:06.744+0900","N","","","","MIN","4ACM4701","0.0","COMPLETED","2026-04-16 00:48"
"299","oht_time_avg","2026-04-16 00:48:06.744+0900","N","","","","MIN","4ACM4701","7.17","DESPOSITED","2026-04-16 00:48"
"298","oht_time_avg","2026-04-16 00:48:06.744+0900","N","","","","MIN","4ACM4701","132.23","TRANSFERRING","2026-04-16 00:48"
"297","oht_time_avg","2026-04-16 00:48:06.744+0900","N","","","","MIN","4ACM4701","28.79","ACQUIRED","2026-04-16 00:48"
"296","oht_time_avg","2026-04-16 00:48:06.744+0900","N","","","","MIN","4ACM4701","9.71","ASSIGN","2026-04-16 00:48"
"295","oht_time_avg","2026-04-16 00:48:06.744+0900","N","","","","MIN","4ACM4701","0.15","REP","2026-04-16 00:48"
"306","oht_time_avg","2026-04-16 00:49:07.175+0900","N","","","","MIN","4ACM4701","0.0","COMPLETED","2026-04-16 00:49"
"305","oht_time_avg","2026-04-16 00:49:07.175+0900","N","","","","MIN","4ACM4701","7.4","DESPOSITED","2026-04-16 00:49"
"304","oht_time_avg","2026-04-16 00:49:07.175+0900","N","","","","MIN","4ACM4701","124.43","TRANSFERRING","2026-04-16 00:49"
"303","oht_time_avg","2026-04-16 00:49:07.175+0900","N","","","","MIN","4ACM4701","30.22","ACQUIRED","2026-04-16 00:49"
"302","oht_time_avg","2026-04-16 00:49:07.175+0900","N","","","","MIN","4ACM4701","9.83","ASSIGN","2026-04-16 00:49"
"301","oht_time_avg","2026-04-16 00:49:07.175+0900","N","","","","MIN","4ACM4701","0.17","REP","2026-04-16 00:49"
"312","oht_time_avg","2026-04-16 00:50:08.292+0900","N","","","","MIN","4ACM4701","0.0","COMPLETED","2026-04-16 00:50"
"311","oht_time_avg","2026-04-16 00:50:08.292+0900","N","","","","MIN","4ACM4701","7.33","DESPOSITED","2026-04-16 00:50"
"310","oht_time_avg","2026-04-16 00:50:08.292+0900","N","","","","MIN","4ACM4701","131.79","TRANSFERRING","2026-04-16 00:50"
"309","oht_time_avg","2026-04-16 00:50:08.292+0900","N","","","","MIN","4ACM4701","30.99","ACQUIRED","2026-04-16 00:50"
"308","oht_time_avg","2026-04-16 00:50:08.292+0900","N","","","","MIN","4ACM4701","10.15","ASSIGN","2026-04-16 00:50"
"307","oht_time_avg","2026-04-16 00:50:08.292+0900","N","","","","MIN","4ACM4701","0.15","REP","2026-04-16 00:50"
"318","oht_time_avg","2026-04-16 00:51:07.352+0900","N","","","","MIN","4ACM4701","0.0","COMPLETED","2026-04-16 00:51"
"317","oht_time_avg","2026-04-16 00:51:07.352+0900","N","","","","MIN","4ACM4701","7.09","DESPOSITED","2026-04-16 00:51"
"316","oht_time_avg","2026-04-16 00:51:07.352+0900","N","","","","MIN","4ACM4701","139.14","TRANSFERRING","2026-04-16 00:51"
"315","oht_time_avg","2026-04-16 00:51:07.352+0900","N","","","","MIN","4ACM4701","31.34","ACQUIRED","2026-04-16 00:51"
"314","oht_time_avg","2026-04-16 00:51:07.352+0900","N","","","","MIN","4ACM4701","12.62","ASSIGN","2026-04-16 00:51"
"313","oht_time_avg","2026-04-16 00:51:07.352+0900","N","","","","MIN","4ACM4701","0.14","REP","2026-04-16 00:51"
"324","oht_time_avg","2026-04-16 00:52:06.636+0900","N","","","","MIN","4ACM4701","0.0","COMPLETED","2026-04-16 00:52"
"323","oht_time_avg","2026-04-16 00:52:06.636+0900","N","","","","MIN","4ACM4701","7.33","DESPOSITED","2026-04-16 00:52"
"322","oht_time_avg","2026-04-16 00:52:06.636+0900","N","","","","MIN","4ACM4701","130.11","TRANSFERRING","2026-04-16 00:52"
"321","oht_time_avg","2026-04-16 00:52:06.636+0900","N","","","","MIN","4ACM4701","34.28","ACQUIRED","2026-04-16 00:52"
"320","oht_time_avg","2026-04-16 00:52:06.636+0900","N","","","","MIN","4ACM4701","14.65","ASSIGN","2026-04-16 00:52"
"319","oht_time_avg","2026-04-16 00:52:06.636+0900","N","","","","MIN","4ACM4701","0.12","REP","2026-04-16 00:52"
"330","oht_time_avg","2026-04-16 00:53:06.718+0900","N","","","","MIN","4ACM4701","0.0","COMPLETED","2026-04-16 00:53"
"329","oht_time_avg","2026-04-16 00:53:06.718+0900","N","","","","MIN","4ACM4701","7.16","DESPOSITED","2026-04-16 00:53"
"328","oht_time_avg","2026-04-16 00:53:06.718+0900","N","","","","MIN","4ACM4701","133.58","TRANSFERRING","2026-04-16 00:53"
"327","oht_time_avg","2026-04-16 00:53:06.718+0900","N","","","","MIN","4ACM4701","34.59","ACQUIRED","2026-04-16 00:53"
"326","oht_time_avg","2026-04-16 00:53:06.718+0900","N","","","","MIN","4ACM4701","12.12","ASSIGN","2026-04-16 00:53"
"325","oht_time_avg","2026-04-16 00:53:06.718+0900","N","","","","MIN","4ACM4701","0.15","REP","2026-04-16 00:53"
"336","oht_time_avg","2026-04-16 00:54:07.487+0900","N","","","","MIN","4ACM4701","0.0","COMPLETED","2026-04-16 00:54"
"335","oht_time_avg","2026-04-16 00:54:07.487+0900","N","","","","MIN","4ACM4701","7.39","DESPOSITED","2026-04-16 00:54"
"334","oht_time_avg","2026-04-16 00:54:07.487+0900","N","","","","MIN","4ACM4701","131.35","TRANSFERRING","2026-04-16 00:54"
"333","oht_time_avg","2026-04-16 00:54:07.487+0900","N","","","","MIN","4ACM4701","34.7","ACQUIRED","2026-04-16 00:54"
"332","oht_time_avg","2026-04-16 00:54:07.487+0900","N","","","","MIN","4ACM4701","14.28","ASSIGN","2026-04-16 00:54"
"331","oht_time_avg","2026-04-16 00:54:07.487+0900","N","","","","MIN","4ACM4701","0.15","REP","2026-04-16 00:54"
"342","oht_time_avg","2026-04-16 00:55:06.770+0900","N","","","","MIN","4ACM4701","0.0","COMPLETED","2026-04-16 00:55"
"341","oht_time_avg","2026-04-16 00:55:06.770+0900","N","","","","MIN","4ACM4701","9.05","DESPOSITED","2026-04-16 00:55"
"340","oht_time_avg","2026-04-16 00:55:06.770+0900","N","","","","MIN","4ACM4701","138.87","TRANSFERRING","2026-04-16 00:55"
"339","oht_time_avg","2026-04-16 00:55:06.770+0900","N","","","","MIN","4ACM4701","31.34","ACQUIRED","2026-04-16 00:55"
"338","oht_time_avg","2026-04-16 00:55:06.770+0900","N","","","","MIN","4ACM4701","12.95","ASSIGN","2026-04-16 00:55"
"337","oht_time_avg","2026-04-16 00:55:06.770+0900","N","","","","MIN","4ACM4701","0.15","REP","2026-04-16 00:55"
"348","oht_time_avg","2026-04-16 00:56:06.573+0900","N","","","","MIN","4ACM4701","0.0","COMPLETED","2026-04-16 00:56"
"347","oht_time_avg","2026-04-16 00:56:06.573+0900","N","","","","MIN","4ACM4701","7.27","DESPOSITED","2026-04-16 00:56"
"346","oht_time_avg","2026-04-16 00:56:06.573+0900","N","","","","MIN","4ACM4701","135.71","TRANSFERRING","2026-04-16 00:56"
"345","oht_time_avg","2026-04-16 00:56:06.573+0900","N","","","","MIN","4ACM4701","29.24","ACQUIRED","2026-04-16 00:56"
"344","oht_time_avg","2026-04-16 00:56:06.573+0900","N","","","","MIN","4ACM4701","11.76","ASSIGN","2026-04-16 00:56"
"343","oht_time_avg","2026-04-16 00:56:06.573+0900","N","","","","MIN","4ACM4701","0.12","REP","2026-04-16 00:56"
"354","oht_time_avg","2026-04-16 00:57:07.933+0900","N","","","","MIN","4ACM4701","0.0","COMPLETED","2026-04-16 00:57"
"353","oht_time_avg","2026-04-16 00:57:07.933+0900","N","","","","MIN","4ACM4701","7.19","DESPOSITED","2026-04-16 00:57"
"352","oht_time_avg","2026-04-16 00:57:07.933+0900","N","","","","MIN","4ACM4701","133.32","TRANSFERRING","2026-04-16 00:57"
"351","oht_time_avg","2026-04-16 00:57:07.933+0900","N","","","","MIN","4ACM4701","32.45","ACQUIRED","2026-04-16 00:57"
"350","oht_time_avg","2026-04-16 00:57:07.933+0900","N","","","","MIN","4ACM4701","10.31","ASSIGN","2026-04-16 00:57"
"349","oht_time_avg","2026-04-16 00:57:07.933+0900","N","","","","MIN","4ACM4701","0.14","REP","2026-04-16 00:57"
"360","oht_time_avg","2026-04-16 00:58:06.900+0900","N","","","","MIN","4ACM4701","0.0","COMPLETED","2026-04-16 00:58"
"359","oht_time_avg","2026-04-16 00:58:06.900+0900","N","","","","MIN","4ACM4701","6.95","DESPOSITED","2026-04-16 00:58"
"358","oht_time_avg","2026-04-16 00:58:06.900+0900","N","","","","MIN","4ACM4701","130.98","TRANSFERRING","2026-04-16 00:58"
"357","oht_time_avg","2026-04-16 00:58:06.900+0900","N","","","","MIN","4ACM4701","31.0","ACQUIRED","2026-04-16 00:58"
"356","oht_time_avg","2026-04-16 00:58:06.900+0900","N","","","","MIN","4ACM4701","12.08","ASSIGN","2026-04-16 00:58"
"355","oht_time_avg","2026-04-16 00:58:06.900+0900","N","","","","MIN","4ACM4701","0.61","REP","2026-04-16 00:58"
"366","oht_time_avg","2026-04-16 00:59:06.532+0900","N","","","","MIN","4ACM4701","0.0","COMPLETED","2026-04-16 00:59"
"365","oht_time_avg","2026-04-16 00:59:06.532+0900","N","","","","MIN","4ACM4701","7.12","DESPOSITED","2026-04-16 00:59"
"364","oht_time_avg","2026-04-16 00:59:06.532+0900","N","","","","MIN","4ACM4701","125.33","TRANSFERRING","2026-04-16 00:59"
"363","oht_time_avg","2026-04-16 00:59:06.532+0900","N","","","","MIN","4ACM4701","33.6","ACQUIRED","2026-04-16 00:59"
"362","oht_time_avg","2026-04-16 00:59:06.532+0900","N","","","","MIN","4ACM4701","13.02","ASSIGN","2026-04-16 00:59"
"361","oht_time_avg","2026-04-16 00:59:06.532+0900","N","","","","MIN","4ACM4701","0.72","REP","2026-04-16 00:59"
"372","oht_time_avg","2026-04-16 01:00:06.605+0900","N","","","","MIN","4ACM4701","0.0","COMPLETED","2026-04-16 01:00"
"371","oht_time_avg","2026-04-16 01:00:06.605+0900","N","","","","MIN","4ACM4701","7.18","DESPOSITED","2026-04-16 01:00"
"370","oht_time_avg","2026-04-16 01:00:06.605+0900","N","","","","MIN","4ACM4701","124.56","TRANSFERRING","2026-04-16 01:00"
"369","oht_time_avg","2026-04-16 01:00:06.605+0900","N","","","","MIN","4ACM4701","34.43","ACQUIRED","2026-04-16 01:00"
"368","oht_time_avg","2026-04-16 01:00:06.605+0900","N","","","","MIN","4ACM4701","11.17","ASSIGN","2026-04-16 01:00"
"367","oht_time_avg","2026-04-16 01:00:06.605+0900","N","","","","MIN","4ACM4701","0.13","REP","2026-04-16 01:00"
"378","oht_time_avg","2026-04-16 01:01:07.696+0900","N","","","","MIN","4ACM4701","0.0","COMPLETED","2026-04-16 01:01"
"377","oht_time_avg","2026-04-16 01:01:07.696+0900","N","","","","MIN","4ACM4701","7.16","DESPOSITED","2026-04-16 01:01"
"376","oht_time_avg","2026-04-16 01:01:07.696+0900","N","","","","MIN","4ACM4701","131.5","TRANSFERRING","2026-04-16 01:01"
"375","oht_time_avg","2026-04-16 01:01:07.696+0900","N","","","","MIN","4ACM4701","31.1","ACQUIRED","2026-04-16 01:01"
"374","oht_time_avg","2026-04-16 01:01:07.696+0900","N","","","","MIN","4ACM4701","11.51","ASSIGN","2026-04-16 01:01"
"373","oht_time_avg","2026-04-16 01:01:07.696+0900","N","","","","MIN","4ACM4701","0.14","REP","2026-04-16 01:01"
"384","oht_time_avg","2026-04-16 01:01:07.994+0900","N","","","","HOUR","4ACM4701","0.0","COMPLETED","2026-04-16 01:00"
"383","oht_time_avg","2026-04-16 01:01:07.994+0900","N","","","","HOUR","4ACM4701","7.03","DESPOSITED","2026-04-16 01:00"
"382","oht_time_avg","2026-04-16 01:01:07.994+0900","N","","","","HOUR","4ACM4701","133.57","TRANSFERRING","2026-04-16 01:00"
"381","oht_time_avg","2026-04-16 01:01:07.994+0900","N","","","","HOUR","4ACM4701","31.76","ACQUIRED","2026-04-16 01:00"
"380","oht_time_avg","2026-04-16 01:01:07.994+0900","N","","","","HOUR","4ACM4701","11.62","ASSIGN","2026-04-16 01:00"
"379","oht_time_avg","2026-04-16 01:01:07.994+0900","N","","","","HOUR","4ACM4701","0.15","REP","2026-04-16 01:00"
"390","oht_time_avg","2026-04-16 01:02:07.193+0900","N","","","","MIN","4ACM4701","0.0","COMPLETED","2026-04-16 01:02"
"389","oht_time_avg","2026-04-16 01:02:07.193+0900","N","","","","MIN","4ACM4701","7.17","DESPOSITED","2026-04-16 01:02"
"388","oht_time_avg","2026-04-16 01:02:07.193+0900","N","","","","MIN","4ACM4701","146.3","TRANSFERRING","2026-04-16 01:02"
"387","oht_time_avg","2026-04-16 01:02:07.193+0900","N","","","","MIN","4ACM4701","33.11","ACQUIRED","2026-04-16 01:02"
"386","oht_time_avg","2026-04-16 01:02:07.193+0900","N","","","","MIN","4ACM4701","12.21","ASSIGN","2026-04-16 01:02"
"385","oht_time_avg","2026-04-16 01:02:07.193+0900","N","","","","MIN","4ACM4701","0.14","REP","2026-04-16 01:02"
"396","oht_time_avg","2026-04-16 01:03:08.152+0900","N","","","","MIN","4ACM4701","0.0","COMPLETED","2026-04-16 01:03"
"395","oht_time_avg","2026-04-16 01:03:08.152+0900","N","","","","MIN","4ACM4701","7.05","DESPOSITED","2026-04-16 01:03"
"394","oht_time_avg","2026-04-16 01:03:08.152+0900","N","","","","MIN","4ACM4701","132.56","TRANSFERRING","2026-04-16 01:03"
"393","oht_time_avg","2026-04-16 01:03:08.152+0900","N","","","","MIN","4ACM4701","32.85","ACQUIRED","2026-04-16 01:03"
"392","oht_time_avg","2026-04-16 01:03:08.152+0900","N","","","","MIN","4ACM4701","13.49","ASSIGN","2026-04-16 01:03"
"391","oht_time_avg","2026-04-16 01:03:08.152+0900","N","","","","MIN","4ACM4701","0.13","REP","2026-04-16 01:03"
"402","oht_time_avg","2026-04-16 01:04:06.576+0900","N","","","","MIN","4ACM4701","0.0","COMPLETED","2026-04-16 01:04"
"401","oht_time_avg","2026-04-16 01:04:06.576+0900","N","","","","MIN","4ACM4701","7.02","DESPOSITED","2026-04-16 01:04"
"400","oht_time_avg","2026-04-16 01:04:06.576+0900","N","","","","MIN","4ACM4701","137.43","TRANSFERRING","2026-04-16 01:04"
"399","oht_time_avg","2026-04-16 01:04:06.576+0900","N","","","","MIN","4ACM4701","32.23","ACQUIRED","2026-04-16 01:04"
"398","oht_time_avg","2026-04-16 01:04:06.576+0900","N","","","","MIN","4ACM4701","11.79","ASSIGN","2026-04-16 01:04"
"397","oht_time_avg","2026-04-16 01:04:06.576+0900","N","","","","MIN","4ACM4701","0.6","REP","2026-04-16 01:04"
"408","oht_time_avg","2026-04-16 01:05:07.413+0900","N","","","","MIN","4ACM4701","0.0","COMPLETED","2026-04-16 01:05"
"407","oht_time_avg","2026-04-16 01:05:07.413+0900","N","","","","MIN","4ACM4701","7.76","DESPOSITED","2026-04-16 01:05"
"406","oht_time_avg","2026-04-16 01:05:07.413+0900","N","","","","MIN","4ACM4701","134.06","TRANSFERRING","2026-04-16 01:05"
"405","oht_time_avg","2026-04-16 01:05:07.413+0900","N","","","","MIN","4ACM4701","31.33","ACQUIRED","2026-04-16 01:05"
"404","oht_time_avg","2026-04-16 01:05:07.413+0900","N","","","","MIN","4ACM4701","10.74","ASSIGN","2026-04-16 01:05"
"403","oht_time_avg","2026-04-16 01:05:07.413+0900","N","","","","MIN","4ACM4701","0.14","REP","2026-04-16 01:05"
"414","oht_time_avg","2026-04-16 01:06:07.274+0900","N","","","","MIN","4ACM4701","0.0","COMPLETED","2026-04-16 01:06"
"413","oht_time_avg","2026-04-16 01:06:07.274+0900","N","","","","MIN","4ACM4701","7.14","DESPOSITED","2026-04-16 01:06"
"412","oht_time_avg","2026-04-16 01:06:07.274+0900","N","","","","MIN","4ACM4701","138.25","TRANSFERRING","2026-04-16 01:06"
"411","oht_time_avg","2026-04-16 01:06:07.274+0900","N","","","","MIN","4ACM4701","29.48","ACQUIRED","2026-04-16 01:06"
"410","oht_time_avg","2026-04-16 01:06:07.274+0900","N","","","","MIN","4ACM4701","12.89","ASSIGN","2026-04-16 01:06"
"409","oht_time_avg","2026-04-16 01:06:07.274+0900","N","","","","MIN","4ACM4701","0.15","REP","2026-04-16 01:06"
"420","oht_time_avg","2026-04-16 01:07:07.013+0900","N","","","","MIN","4ACM4701","0.0","COMPLETED","2026-04-16 01:07"
"419","oht_time_avg","2026-04-16 01:07:07.013+0900","N","","","","MIN","4ACM4701","7.07","DESPOSITED","2026-04-16 01:07"
"418","oht_time_avg","2026-04-16 01:07:07.013+0900","N","","","","MIN","4ACM4701","126.94","TRANSFERRING","2026-04-16 01:07"
"417","oht_time_avg","2026-04-16 01:07:07.013+0900","N","","","","MIN","4ACM4701","32.82","ACQUIRED","2026-04-16 01:07"
"416","oht_time_avg","2026-04-16 01:07:07.013+0900","N","","","","MIN","4ACM4701","10.81","ASSIGN","2026-04-16 01:07"
"415","oht_time_avg","2026-04-16 01:07:07.013+0900","N","","","","MIN","4ACM4701","0.14","REP","2026-04-16 01:07"
"426","oht_time_avg","2026-04-16 01:08:06.867+0900","N","","","","MIN","4ACM4701","0.0","COMPLETED","2026-04-16 01:08"
"425","oht_time_avg","2026-04-16 01:08:06.867+0900","N","","","","MIN","4ACM4701","7.24","DESPOSITED","2026-04-16 01:08"
"424","oht_time_avg","2026-04-16 01:08:06.867+0900","N","","","","MIN","4ACM4701","129.5","TRANSFERRING","2026-04-16 01:08"
"423","oht_time_avg","2026-04-16 01:08:06.867+0900","N","","","","MIN","4ACM4701","29.76","ACQUIRED","2026-04-16 01:08"
"422","oht_time_avg","2026-04-16 01:08:06.867+0900","N","","","","MIN","4ACM4701","10.97","ASSIGN","2026-04-16 01:08"
"421","oht_time_avg","2026-04-16 01:08:06.867+0900","N","","","","MIN","4ACM4701","1.92","REP","2026-04-16 01:08"
"432","oht_time_avg","2026-04-16 01:09:06.852+0900","N","","","","MIN","4ACM4701","0.0","COMPLETED","2026-04-16 01:09"
"431","oht_time_avg","2026-04-16 01:09:06.852+0900","N","","","","MIN","4ACM4701","7.12","DESPOSITED","2026-04-16 01:09"
"430","oht_time_avg","2026-04-16 01:09:06.852+0900","N","","","","MIN","4ACM4701","134.05","TRANSFERRING","2026-04-16 01:09"
"429","oht_time_avg","2026-04-16 01:09:06.852+0900","N","","","","MIN","4ACM4701","30.14","ACQUIRED","2026-04-16 01:09"
"428","oht_time_avg","2026-04-16 01:09:06.852+0900","N","","","","MIN","4ACM4701","10.04","ASSIGN","2026-04-16 01:09"
"427","oht_time_avg","2026-04-16 01:09:06.852+0900","N","","","","MIN","4ACM4701","0.12","REP","2026-04-16 01:09"
"438","oht_time_avg","2026-04-16 01:10:06.530+0900","N","","","","MIN","4ACM4701","0.0","COMPLETED","2026-04-16 01:10"
"437","oht_time_avg","2026-04-16 01:10:06.530+0900","N","","","","MIN","4ACM4701","7.17","DESPOSITED","2026-04-16 01:10"
"436","oht_time_avg","2026-04-16 01:10:06.530+0900","N","","","","MIN","4ACM4701","139.82","TRANSFERRING","2026-04-16 01:10"
"435","oht_time_avg","2026-04-16 01:10:06.530+0900","N","","","","MIN","4ACM4701","27.9","ACQUIRED","2026-04-16 01:10"
"434","oht_time_avg","2026-04-16 01:10:06.530+0900","N","","","","MIN","4ACM4701","9.84","ASSIGN","2026-04-16 01:10"
"433","oht_time_avg","2026-04-16 01:10:06.530+0900","N","","","","MIN","4ACM4701","0.12","REP","2026-04-16 01:10"
"444","oht_time_avg","2026-04-16 01:11:07.043+0900","N","","","","MIN","4ACM4701","0.0","COMPLETED","2026-04-16 01:11"
"443","oht_time_avg","2026-04-16 01:11:07.043+0900","N","","","","MIN","4ACM4701","7.14","DESPOSITED","2026-04-16 01:11"
"442","oht_time_avg","2026-04-16 01:11:07.043+0900","N","","","","MIN","4ACM4701","129.78","TRANSFERRING","2026-04-16 01:11"
"441","oht_time_avg","2026-04-16 01:11:07.043+0900","N","","","","MIN","4ACM4701","30.06","ACQUIRED","2026-04-16 01:11"
"440","oht_time_avg","2026-04-16 01:11:07.043+0900","N","","","","MIN","4ACM4701","8.78","ASSIGN","2026-04-16 01:11"
"439","oht_time_avg","2026-04-16 01:11:07.043+0900","N","","","","MIN","4ACM4701","0.11","REP","2026-04-16 01:11"
"450","oht_time_avg","2026-04-16 01:12:06.417+0900","N","","","","MIN","4ACM4701","0.0","COMPLETED","2026-04-16 01:12"
"449","oht_time_avg","2026-04-16 01:12:06.417+0900","N","","","","MIN","4ACM4701","7.11","DESPOSITED","2026-04-16 01:12"
"448","oht_time_avg","2026-04-16 01:12:06.417+0900","N","","","","MIN","4ACM4701","134.78","TRANSFERRING","2026-04-16 01:12"
"447","oht_time_avg","2026-04-16 01:12:06.417+0900","N","","","","MIN","4ACM4701","29.55","ACQUIRED","2026-04-16 01:12"
"446","oht_time_avg","2026-04-16 01:12:06.417+0900","N","","","","MIN","4ACM4701","10.13","ASSIGN","2026-04-16 01:12"
"445","oht_time_avg","2026-04-16 01:12:06.417+0900","N","","","","MIN","4ACM4701","0.14","REP","2026-04-16 01:12"
"456","oht_time_avg","2026-04-16 01:13:07.255+0900","N","","","","MIN","4ACM4701","0.0","COMPLETED","2026-04-16 01:13"
"455","oht_time_avg","2026-04-16 01:13:07.255+0900","N","","","","MIN","4ACM4701","7.02","DESPOSITED","2026-04-16 01:13"
"454","oht_time_avg","2026-04-16 01:13:07.255+0900","N","","","","MIN","4ACM4701","133.38","TRANSFERRING","2026-04-16 01:13"
"453","oht_time_avg","2026-04-16 01:13:07.255+0900","N","","","","MIN","4ACM4701","29.09","ACQUIRED","2026-04-16 01:13"
"452","oht_time_avg","2026-04-16 01:13:07.255+0900","N","","","","MIN","4ACM4701","11.13","ASSIGN","2026-04-16 01:13"
"451","oht_time_avg","2026-04-16 01:13:07.255+0900","N","","","","MIN","4ACM4701","0.13","REP","2026-04-16 01:13"
"462","oht_time_avg","2026-04-16 01:14:07.222+0900","N","","","","MIN","4ACM4701","0.0","COMPLETED","2026-04-16 01:14"
"461","oht_time_avg","2026-04-16 01:14:07.222+0900","N","","","","MIN","4ACM4701","7.23","DESPOSITED","2026-04-16 01:14"
"460","oht_time_avg","2026-04-16 01:14:07.222+0900","N","","","","MIN","4ACM4701","134.41","TRANSFERRING","2026-04-16 01:14"
"459","oht_time_avg","2026-04-16 01:14:07.222+0900","N","","","","MIN","4ACM4701","30.29","ACQUIRED","2026-04-16 01:14"
"458","oht_time_avg","2026-04-16 01:14:07.222+0900","N","","","","MIN","4ACM4701","11.2","ASSIGN","2026-04-16 01:14"
"457","oht_time_avg","2026-04-16 01:14:07.222+0900","N","","","","MIN","4ACM4701","0.12","REP","2026-04-16 01:14"
"468","oht_time_avg","2026-04-16 01:15:06.917+0900","N","","","","MIN","4ACM4701","0.0","COMPLETED","2026-04-16 01:15"
"467","oht_time_avg","2026-04-16 01:15:06.917+0900","N","","","","MIN","4ACM4701","7.07","DESPOSITED","2026-04-16 01:15"
"466","oht_time_avg","2026-04-16 01:15:06.917+0900","N","","","","MIN","4ACM4701","126.48","TRANSFERRING","2026-04-16 01:15"
"465","oht_time_avg","2026-04-16 01:15:06.917+0900","N","","","","MIN","4ACM4701","32.58","ACQUIRED","2026-04-16 01:15"
"464","oht_time_avg","2026-04-16 01:15:06.917+0900","N","","","","MIN","4ACM4701","12.73","ASSIGN","2026-04-16 01:15"
"463","oht_time_avg","2026-04-16 01:15:06.917+0900","N","","","","MIN","4ACM4701","0.76","REP","2026-04-16 01:15"
"474","oht_time_avg","2026-04-16 01:16:07.310+0900","N","","","","MIN","4ACM4701","0.0","COMPLETED","2026-04-16 01:16"
"473","oht_time_avg","2026-04-16 01:16:07.310+0900","N","","","","MIN","4ACM4701","7.27","DESPOSITED","2026-04-16 01:16"
"472","oht_time_avg","2026-04-16 01:16:07.310+0900","N","","","","MIN","4ACM4701","128.75","TRANSFERRING","2026-04-16 01:16"
"471","oht_time_avg","2026-04-16 01:16:07.310+0900","N","","","","MIN","4ACM4701","32.82","ACQUIRED","2026-04-16 01:16"
"470","oht_time_avg","2026-04-16 01:16:07.310+0900","N","","","","MIN","4ACM4701","10.82","ASSIGN","2026-04-16 01:16"
"469","oht_time_avg","2026-04-16 01:16:07.310+0900","N","","","","MIN","4ACM4701","0.15","REP","2026-04-16 01:16"
"480","oht_time_avg","2026-04-16 01:17:07.162+0900","N","","","","MIN","4ACM4701","0.0","COMPLETED","2026-04-16 01:17"
"479","oht_time_avg","2026-04-16 01:17:07.162+0900","N","","","","MIN","4ACM4701","7.06","DESPOSITED","2026-04-16 01:17"
"478","oht_time_avg","2026-04-16 01:17:07.162+0900","N","","","","MIN","4ACM4701","128.75","TRANSFERRING","2026-04-16 01:17"
"477","oht_time_avg","2026-04-16 01:17:07.162+0900","N","","","","MIN","4ACM4701","30.97","ACQUIRED","2026-04-16 01:17"
"476","oht_time_avg","2026-04-16 01:17:07.162+0900","N","","","","MIN","4ACM4701","11.21","ASSIGN","2026-04-16 01:17"
"475","oht_time_avg","2026-04-16 01:17:07.162+0900","N","","","","MIN","4ACM4701","1.26","REP","2026-04-16 01:17"
"486","oht_time_avg","2026-04-16 01:18:06.688+0900","N","","","","MIN","4ACM4701","0.0","COMPLETED","2026-04-16 01:18"
"485","oht_time_avg","2026-04-16 01:18:06.688+0900","N","","","","MIN","4ACM4701","7.24","DESPOSITED","2026-04-16 01:18"
"484","oht_time_avg","2026-04-16 01:18:06.688+0900","N","","","","MIN","4ACM4701","119.54","TRANSFERRING","2026-04-16 01:18"
"483","oht_time_avg","2026-04-16 01:18:06.688+0900","N","","","","MIN","4ACM4701","30.79","ACQUIRED","2026-04-16 01:18"
"482","oht_time_avg","2026-04-16 01:18:06.688+0900","N","","","","MIN","4ACM4701","11.08","ASSIGN","2026-04-16 01:18"
"481","oht_time_avg","2026-04-16 01:18:06.688+0900","N","","","","MIN","4ACM4701","0.16","REP","2026-04-16 01:18"
"492","oht_time_avg","2026-04-16 01:19:06.626+0900","N","","","","MIN","4ACM4701","0.0","COMPLETED","2026-04-16 01:19"
"491","oht_time_avg","2026-04-16 01:19:06.626+0900","N","","","","MIN","4ACM4701","7.16","DESPOSITED","2026-04-16 01:19"
"490","oht_time_avg","2026-04-16 01:19:06.626+0900","N","","","","MIN","4ACM4701","125.61","TRANSFERRING","2026-04-16 01:19"
"489","oht_time_avg","2026-04-16 01:19:06.626+0900","N","","","","MIN","4ACM4701","32.15","ACQUIRED","2026-04-16 01:19"
"488","oht_time_avg","2026-04-16 01:19:06.626+0900","N","","","","MIN","4ACM4701","11.56","ASSIGN","2026-04-16 01:19"
"487","oht_time_avg","2026-04-16 01:19:06.626+0900","N","","","","MIN","4ACM4701","0.16","REP","2026-04-16 01:19"
"498","oht_time_avg","2026-04-16 01:20:06.532+0900","N","","","","MIN","4ACM4701","0.0","COMPLETED","2026-04-16 01:20"
"497","oht_time_avg","2026-04-16 01:20:06.532+0900","N","","","","MIN","4ACM4701","7.18","DESPOSITED","2026-04-16 01:20"
"496","oht_time_avg","2026-04-16 01:20:06.532+0900","N","","","","MIN","4ACM4701","132.02","TRANSFERRING","2026-04-16 01:20"
"495","oht_time_avg","2026-04-16 01:20:06.532+0900","N","","","","MIN","4ACM4701","29.48","ACQUIRED","2026-04-16 01:20"
"494","oht_time_avg","2026-04-16 01:20:06.532+0900","N","","","","MIN","4ACM4701","11.08","ASSIGN","2026-04-16 01:20"
"493","oht_time_avg","2026-04-16 01:20:06.532+0900","N","","","","MIN","4ACM4701","0.12","REP","2026-04-16 01:20"
"504","oht_time_avg","2026-04-16 01:21:07.625+0900","N","","","","MIN","4ACM4701","0.0","COMPLETED","2026-04-16 01:21"
"503","oht_time_avg","2026-04-16 01:21:07.625+0900","N","","","","MIN","4ACM4701","7.05","DESPOSITED","2026-04-16 01:21"
"502","oht_time_avg","2026-04-16 01:21:07.625+0900","N","","","","MIN","4ACM4701","127.65","TRANSFERRING","2026-04-16 01:21"
"501","oht_time_avg","2026-04-16 01:21:07.625+0900","N","","","","MIN","4ACM4701","30.61","ACQUIRED","2026-04-16 01:21"
"500","oht_time_avg","2026-04-16 01:21:07.625+0900","N","","","","MIN","4ACM4701","10.4","ASSIGN","2026-04-16 01:21"
"499","oht_time_avg","2026-04-16 01:21:07.625+0900","N","","","","MIN","4ACM4701","0.16","REP","2026-04-16 01:21"
"510","oht_time_avg","2026-04-16 01:22:06.764+0900","N","","","","MIN","4ACM4701","0.0","COMPLETED","2026-04-16 01:22"
"509","oht_time_avg","2026-04-16 01:22:06.764+0900","N","","","","MIN","4ACM4701","7.08","DESPOSITED","2026-04-16 01:22"
"508","oht_time_avg","2026-04-16 01:22:06.764+0900","N","","","","MIN","4ACM4701","132.35","TRANSFERRING","2026-04-16 01:22"
"507","oht_time_avg","2026-04-16 01:22:06.764+0900","N","","","","MIN","4ACM4701","31.38","ACQUIRED","2026-04-16 01:22"
"506","oht_time_avg","2026-04-16 01:22:06.764+0900","N","","","","MIN","4ACM4701","11.42","ASSIGN","2026-04-16 01:22"
"505","oht_time_avg","2026-04-16 01:22:06.764+0900","N","","","","MIN","4ACM4701","0.13","REP","2026-04-16 01:22"
"516","oht_time_avg","2026-04-16 01:23:07.082+0900","N","","","","MIN","4ACM4701","0.0","COMPLETED","2026-04-16 01:23"
"515","oht_time_avg","2026-04-16 01:23:07.082+0900","N","","","","MIN","4ACM4701","7.39","DESPOSITED","2026-04-16 01:23"
"514","oht_time_avg","2026-04-16 01:23:07.082+0900","N","","","","MIN","4ACM4701","139.41","TRANSFERRING","2026-04-16 01:23"
"513","oht_time_avg","2026-04-16 01:23:07.082+0900","N","","","","MIN","4ACM4701","34.02","ACQUIRED","2026-04-16 01:23"
"512","oht_time_avg","2026-04-16 01:23:07.082+0900","N","","","","MIN","4ACM4701","10.35","ASSIGN","2026-04-16 01:23"
"511","oht_time_avg","2026-04-16 01:23:07.082+0900","N","","","","MIN","4ACM4701","0.14","REP","2026-04-16 01:23"
"522","oht_time_avg","2026-04-16 01:24:07.188+0900","N","","","","MIN","4ACM4701","0.0","COMPLETED","2026-04-16 01:24"
"521","oht_time_avg","2026-04-16 01:24:07.188+0900","N","","","","MIN","4ACM4701","7.32","DESPOSITED","2026-04-16 01:24"
"520","oht_time_avg","2026-04-16 01:24:07.188+0900","N","","","","MIN","4ACM4701","134.97","TRANSFERRING","2026-04-16 01:24"
"519","oht_time_avg","2026-04-16 01:24:07.188+0900","N","","","","MIN","4ACM4701","31.68","ACQUIRED","2026-04-16 01:24"
"518","oht_time_avg","2026-04-16 01:24:07.188+0900","N","","","","MIN","4ACM4701","10.31","ASSIGN","2026-04-16 01:24"
"517","oht_time_avg","2026-04-16 01:24:07.188+0900","N","","","","MIN","4ACM4701","0.15","REP","2026-04-16 01:24"
"528","oht_time_avg","2026-04-16 01:25:07.806+0900","N","","","","MIN","4ACM4701","0.0","COMPLETED","2026-04-16 01:25"
"527","oht_time_avg","2026-04-16 01:25:07.806+0900","N","","","","MIN","4ACM4701","7.26","DESPOSITED","2026-04-16 01:25"
"526","oht_time_avg","2026-04-16 01:25:07.806+0900","N","","","","MIN","4ACM4701","139.77","TRANSFERRING","2026-04-16 01:25"
"525","oht_time_avg","2026-04-16 01:25:07.806+0900","N","","","","MIN","4ACM4701","32.21","ACQUIRED","2026-04-16 01:25"
"524","oht_time_avg","2026-04-16 01:25:07.806+0900","N","","","","MIN","4ACM4701","11.56","ASSIGN","2026-04-16 01:25"
"523","oht_time_avg","2026-04-16 01:25:07.806+0900","N","","","","MIN","4ACM4701","0.16","REP","2026-04-16 01:25"
"534","oht_time_avg","2026-04-16 01:26:07.014+0900","N","","","","MIN","4ACM4701","0.0","COMPLETED","2026-04-16 01:26"
"533","oht_time_avg","2026-04-16 01:26:07.014+0900","N","","","","MIN","4ACM4701","7.32","DESPOSITED","2026-04-16 01:26"
"532","oht_time_avg","2026-04-16 01:26:07.014+0900","N","","","","MIN","4ACM4701","123.79","TRANSFERRING","2026-04-16 01:26"
"531","oht_time_avg","2026-04-16 01:26:07.014+0900","N","","","","MIN","4ACM4701","29.46","ACQUIRED","2026-04-16 01:26"
"530","oht_time_avg","2026-04-16 01:26:07.014+0900","N","","","","MIN","4ACM4701","9.98","ASSIGN","2026-04-16 01:26"
"529","oht_time_avg","2026-04-16 01:26:07.014+0900","N","","","","MIN","4ACM4701","0.18","REP","2026-04-16 01:26"
"540","oht_time_avg","2026-04-16 01:27:06.520+0900","N","","","","MIN","4ACM4701","0.0","COMPLETED","2026-04-16 01:27"
"539","oht_time_avg","2026-04-16 01:27:06.520+0900","N","","","","MIN","4ACM4701","7.27","DESPOSITED","2026-04-16 01:27"
"538","oht_time_avg","2026-04-16 01:27:06.520+0900","N","","","","MIN","4ACM4701","135.55","TRANSFERRING","2026-04-16 01:27"
"537","oht_time_avg","2026-04-16 01:27:06.520+0900","N","","","","MIN","4ACM4701","30.56","ACQUIRED","2026-04-16 01:27"
"536","oht_time_avg","2026-04-16 01:27:06.520+0900","N","","","","MIN","4ACM4701","11.05","ASSIGN","2026-04-16 01:27"
"535","oht_time_avg","2026-04-16 01:27:06.520+0900","N","","","","MIN","4ACM4701","0.12","REP","2026-04-16 01:27"
"546","oht_time_avg","2026-04-16 01:28:08.624+0900","N","","","","MIN","4ACM4701","0.0","COMPLETED","2026-04-16 01:28"
"545","oht_time_avg","2026-04-16 01:28:08.624+0900","N","","","","MIN","4ACM4701","7.08","DESPOSITED","2026-04-16 01:28"
"544","oht_time_avg","2026-04-16 01:28:08.624+0900","N","","","","MIN","4ACM4701","134.19","TRANSFERRING","2026-04-16 01:28"
"543","oht_time_avg","2026-04-16 01:28:08.624+0900","N","","","","MIN","4ACM4701","32.94","ACQUIRED","2026-04-16 01:28"
"542","oht_time_avg","2026-04-16 01:28:08.624+0900","N","","","","MIN","4ACM4701","12.2","ASSIGN","2026-04-16 01:28"
"541","oht_time_avg","2026-04-16 01:28:08.624+0900","N","","","","MIN","4ACM4701","0.13","REP","2026-04-16 01:28"
"552","oht_time_avg","2026-04-16 01:29:06.862+0900","N","","","","MIN","4ACM4701","0.0","COMPLETED","2026-04-16 01:29"
"551","oht_time_avg","2026-04-16 01:29:06.862+0900","N","","","","MIN","4ACM4701","7.27","DESPOSITED","2026-04-16 01:29"
"550","oht_time_avg","2026-04-16 01:29:06.862+0900","N","","","","MIN","4ACM4701","131.3","TRANSFERRING","2026-04-16 01:29"
"549","oht_time_avg","2026-04-16 01:29:06.862+0900","N","","","","MIN","4ACM4701","30.96","ACQUIRED","2026-04-16 01:29"
"548","oht_time_avg","2026-04-16 01:29:06.862+0900","N","","","","MIN","4ACM4701","11.64","ASSIGN","2026-04-16 01:29"
"547","oht_time_avg","2026-04-16 01:29:06.862+0900","N","","","","MIN","4ACM4701","0.15","REP","2026-04-16 01:29"
"558","oht_time_avg","2026-04-16 01:30:07.190+0900","N","","","","MIN","4ACM4701","0.0","COMPLETED","2026-04-16 01:30"
"557","oht_time_avg","2026-04-16 01:30:07.190+0900","N","","","","MIN","4ACM4701","8.25","DESPOSITED","2026-04-16 01:30"
"556","oht_time_avg","2026-04-16 01:30:07.190+0900","N","","","","MIN","4ACM4701","136.68","TRANSFERRING","2026-04-16 01:30"
"555","oht_time_avg","2026-04-16 01:30:07.190+0900","N","","","","MIN","4ACM4701","30.64","ACQUIRED","2026-04-16 01:30"
"554","oht_time_avg","2026-04-16 01:30:07.190+0900","N","","","","MIN","4ACM4701","10.92","ASSIGN","2026-04-16 01:30"
"553","oht_time_avg","2026-04-16 01:30:07.190+0900","N","","","","MIN","4ACM4701","0.13","REP","2026-04-16 01:30"
"564","oht_time_avg","2026-04-16 01:31:07.439+0900","N","","","","MIN","4ACM4701","0.0","COMPLETED","2026-04-16 01:31"
"563","oht_time_avg","2026-04-16 01:31:07.439+0900","N","","","","MIN","4ACM4701","7.2","DESPOSITED","2026-04-16 01:31"
"562","oht_time_avg","2026-04-16 01:31:07.439+0900","N","","","","MIN","4ACM4701","128.64","TRANSFERRING","2026-04-16 01:31"
"561","oht_time_avg","2026-04-16 01:31:07.439+0900","N","","","","MIN","4ACM4701","30.47","ACQUIRED","2026-04-16 01:31"
"560","oht_time_avg","2026-04-16 01:31:07.439+0900","N","","","","MIN","4ACM4701","11.55","ASSIGN","2026-04-16 01:31"
"559","oht_time_avg","2026-04-16 01:31:07.439+0900","N","","","","MIN","4ACM4701","0.12","REP","2026-04-16 01:31"
"570","oht_time_avg","2026-04-16 01:32:07.032+0900","N","","","","MIN","4ACM4701","0.0","COMPLETED","2026-04-16 01:32"
"569","oht_time_avg","2026-04-16 01:32:07.032+0900","N","","","","MIN","4ACM4701","7.19","DESPOSITED","2026-04-16 01:32"
"568","oht_time_avg","2026-04-16 01:32:07.032+0900","N","","","","MIN","4ACM4701","137.22","TRANSFERRING","2026-04-16 01:32"
"567","oht_time_avg","2026-04-16 01:32:07.032+0900","N","","","","MIN","4ACM4701","30.25","ACQUIRED","2026-04-16 01:32"
"566","oht_time_avg","2026-04-16 01:32:07.032+0900","N","","","","MIN","4ACM4701","10.92","ASSIGN","2026-04-16 01:32"
"565","oht_time_avg","2026-04-16 01:32:07.032+0900","N","","","","MIN","4ACM4701","0.13","REP","2026-04-16 01:32"
"576","oht_time_avg","2026-04-16 01:33:07.015+0900","N","","","","MIN","4ACM4701","0.0","COMPLETED","2026-04-16 01:33"
"575","oht_time_avg","2026-04-16 01:33:07.015+0900","N","","","","MIN","4ACM4701","7.22","DESPOSITED","2026-04-16 01:33"
"574","oht_time_avg","2026-04-16 01:33:07.015+0900","N","","","","MIN","4ACM4701","130.67","TRANSFERRING","2026-04-16 01:33"
"573","oht_time_avg","2026-04-16 01:33:07.015+0900","N","","","","MIN","4ACM4701","30.99","ACQUIRED","2026-04-16 01:33"
"572","oht_time_avg","2026-04-16 01:33:07.015+0900","N","","","","MIN","4ACM4701","9.86","ASSIGN","2026-04-16 01:33"
"571","oht_time_avg","2026-04-16 01:33:07.015+0900","N","","","","MIN","4ACM4701","0.14","REP","2026-04-16 01:33"
"582","oht_time_avg","2026-04-16 01:34:07.232+0900","N","","","","MIN","4ACM4701","0.0","COMPLETED","2026-04-16 01:34"
"581","oht_time_avg","2026-04-16 01:34:07.232+0900","N","","","","MIN","4ACM4701","7.14","DESPOSITED","2026-04-16 01:34"
"580","oht_time_avg","2026-04-16 01:34:07.232+0900","N","","","","MIN","4ACM4701","121.76","TRANSFERRING","2026-04-16 01:34"
"579","oht_time_avg","2026-04-16 01:34:07.232+0900","N","","","","MIN","4ACM4701","31.49","ACQUIRED","2026-04-16 01:34"
"578","oht_time_avg","2026-04-16 01:34:07.232+0900","N","","","","MIN","4ACM4701","11.74","ASSIGN","2026-04-16 01:34"
"577","oht_time_avg","2026-04-16 01:34:07.232+0900","N","","","","MIN","4ACM4701","0.14","REP","2026-04-16 01:34"
"588","oht_time_avg","2026-04-16 01:35:09.328+0900","N","","","","MIN","4ACM4701","0.0","COMPLETED","2026-04-16 01:35"
"587","oht_time_avg","2026-04-16 01:35:09.328+0900","N","","","","MIN","4ACM4701","7.08","DESPOSITED","2026-04-16 01:35"
"586","oht_time_avg","2026-04-16 01:35:09.328+0900","N","","","","MIN","4ACM4701","128.48","TRANSFERRING","2026-04-16 01:35"
"585","oht_time_avg","2026-04-16 01:35:09.328+0900","N","","","","MIN","4ACM4701","32.12","ACQUIRED","2026-04-16 01:35"
"584","oht_time_avg","2026-04-16 01:35:09.328+0900","N","","","","MIN","4ACM4701","11.56","ASSIGN","2026-04-16 01:35"
"583","oht_time_avg","2026-04-16 01:35:09.328+0900","N","","","","MIN","4ACM4701","0.14","REP","2026-04-16 01:35"
"594","oht_time_avg","2026-04-16 01:36:06.733+0900","N","","","","MIN","4ACM4701","0.0","COMPLETED","2026-04-16 01:36"
"593","oht_time_avg","2026-04-16 01:36:06.733+0900","N","","","","MIN","4ACM4701","7.18","DESPOSITED","2026-04-16 01:36"
"592","oht_time_avg","2026-04-16 01:36:06.733+0900","N","","","","MIN","4ACM4701","133.01","TRANSFERRING","2026-04-16 01:36"
"591","oht_time_avg","2026-04-16 01:36:06.733+0900","N","","","","MIN","4ACM4701","31.78","ACQUIRED","2026-04-16 01:36"
"590","oht_time_avg","2026-04-16 01:36:06.733+0900","N","","","","MIN","4ACM4701","10.05","ASSIGN","2026-04-16 01:36"
"589","oht_time_avg","2026-04-16 01:36:06.733+0900","N","","","","MIN","4ACM4701","0.12","REP","2026-04-16 01:36"
"600","oht_time_avg","2026-04-16 01:37:06.697+0900","N","","","","MIN","4ACM4701","0.0","COMPLETED","2026-04-16 01:37"
"599","oht_time_avg","2026-04-16 01:37:06.697+0900","N","","","","MIN","4ACM4701","7.34","DESPOSITED","2026-04-16 01:37"
"598","oht_time_avg","2026-04-16 01:37:06.697+0900","N","","","","MIN","4ACM4701","132.43","TRANSFERRING","2026-04-16 01:37"
"597","oht_time_avg","2026-04-16 01:37:06.697+0900","N","","","","MIN","4ACM4701","31.24","ACQUIRED","2026-04-16 01:37"
"596","oht_time_avg","2026-04-16 01:37:06.697+0900","N","","","","MIN","4ACM4701","12.04","ASSIGN","2026-04-16 01:37"
"595","oht_time_avg","2026-04-16 01:37:06.697+0900","N","","","","MIN","4ACM4701","0.12","REP","2026-04-16 01:37"
"606","oht_time_avg","2026-04-16 01:38:06.355+0900","N","","","","MIN","4ACM4701","0.0","COMPLETED","2026-04-16 01:38"
"605","oht_time_avg","2026-04-16 01:38:06.355+0900","N","","","","MIN","4ACM4701","7.04","DESPOSITED","2026-04-16 01:38"
"604","oht_time_avg","2026-04-16 01:38:06.355+0900","N","","","","MIN","4ACM4701","132.91","TRANSFERRING","2026-04-16 01:38"
"603","oht_time_avg","2026-04-16 01:38:06.355+0900","N","","","","MIN","4ACM4701","31.33","ACQUIRED","2026-04-16 01:38"
"602","oht_time_avg","2026-04-16 01:38:06.355+0900","N","","","","MIN","4ACM4701","11.43","ASSIGN","2026-04-16 01:38"
"601","oht_time_avg","2026-04-16 01:38:06.355+0900","N","","","","MIN","4ACM4701","0.17","REP","2026-04-16 01:38"
"612","oht_time_avg","2026-04-16 01:39:08.254+0900","N","","","","MIN","4ACM4701","0.0","COMPLETED","2026-04-16 01:39"
"611","oht_time_avg","2026-04-16 01:39:08.254+0900","N","","","","MIN","4ACM4701","7.16","DESPOSITED","2026-04-16 01:39"
"610","oht_time_avg","2026-04-16 01:39:08.254+0900","N","","","","MIN","4ACM4701","137.11","TRANSFERRING","2026-04-16 01:39"
"609","oht_time_avg","2026-04-16 01:39:08.254+0900","N","","","","MIN","4ACM4701","34.69","ACQUIRED","2026-04-16 01:39"
"608","oht_time_avg","2026-04-16 01:39:08.254+0900","N","","","","MIN","4ACM4701","14.57","ASSIGN","2026-04-16 01:39"
"607","oht_time_avg","2026-04-16 01:39:08.254+0900","N","","","","MIN","4ACM4701","0.81","REP","2026-04-16 01:39"
"618","oht_time_avg","2026-04-16 01:40:07.565+0900","N","","","","MIN","4ACM4701","0.0","COMPLETED","2026-04-16 01:40"
"617","oht_time_avg","2026-04-16 01:40:07.565+0900","N","","","","MIN","4ACM4701","7.3","DESPOSITED","2026-04-16 01:40"
"616","oht_time_avg","2026-04-16 01:40:07.565+0900","N","","","","MIN","4ACM4701","130.04","TRANSFERRING","2026-04-16 01:40"
"615","oht_time_avg","2026-04-16 01:40:07.565+0900","N","","","","MIN","4ACM4701","32.04","ACQUIRED","2026-04-16 01:40"
"614","oht_time_avg","2026-04-16 01:40:07.565+0900","N","","","","MIN","4ACM4701","12.8","ASSIGN","2026-04-16 01:40"
"613","oht_time_avg","2026-04-16 01:40:07.565+0900","N","","","","MIN","4ACM4701","0.16","REP","2026-04-16 01:40"
"624","oht_time_avg","2026-04-16 01:41:07.693+0900","N","","","","MIN","4ACM4701","0.0","COMPLETED","2026-04-16 01:41"
"623","oht_time_avg","2026-04-16 01:41:07.693+0900","N","","","","MIN","4ACM4701","7.34","DESPOSITED","2026-04-16 01:41"
"622","oht_time_avg","2026-04-16 01:41:07.693+0900","N","","","","MIN","4ACM4701","133.7","TRANSFERRING","2026-04-16 01:41"
"621","oht_time_avg","2026-04-16 01:41:07.693+0900","N","","","","MIN","4ACM4701","31.14","ACQUIRED","2026-04-16 01:41"
"620","oht_time_avg","2026-04-16 01:41:07.693+0900","N","","","","MIN","4ACM4701","11.67","ASSIGN","2026-04-16 01:41"
"619","oht_time_avg","2026-04-16 01:41:07.693+0900","N","","","","MIN","4ACM4701","0.73","REP","2026-04-16 01:41"
"630","oht_time_avg","2026-04-16 01:42:07.590+0900","N","","","","MIN","4ACM4701","0.0","COMPLETED","2026-04-16 01:42"
"629","oht_time_avg","2026-04-16 01:42:07.590+0900","N","","","","MIN","4ACM4701","7.11","DESPOSITED","2026-04-16 01:42"
"628","oht_time_avg","2026-04-16 01:42:07.590+0900","N","","","","MIN","4ACM4701","132.65","TRANSFERRING","2026-04-16 01:42"
"627","oht_time_avg","2026-04-16 01:42:07.590+0900","N","","","","MIN","4ACM4701","33.66","ACQUIRED","2026-04-16 01:42"
"626","oht_time_avg","2026-04-16 01:42:07.590+0900","N","","","","MIN","4ACM4701","11.66","ASSIGN","2026-04-16 01:42"
"625","oht_time_avg","2026-04-16 01:42:07.590+0900","N","","","","MIN","4ACM4701","0.13","REP","2026-04-16 01:42"
"636","oht_time_avg","2026-04-16 01:43:06.652+0900","N","","","","MIN","4ACM4701","0.0","COMPLETED","2026-04-16 01:43"
"635","oht_time_avg","2026-04-16 01:43:06.652+0900","N","","","","MIN","4ACM4701","7.12","DESPOSITED","2026-04-16 01:43"
"634","oht_time_avg","2026-04-16 01:43:06.652+0900","N","","","","MIN","4ACM4701","134.6","TRANSFERRING","2026-04-16 01:43"
"633","oht_time_avg","2026-04-16 01:43:06.652+0900","N","","","","MIN","4ACM4701","32.18","ACQUIRED","2026-04-16 01:43"
"632","oht_time_avg","2026-04-16 01:43:06.652+0900","N","","","","MIN","4ACM4701","11.29","ASSIGN","2026-04-16 01:43"
"631","oht_time_avg","2026-04-16 01:43:06.652+0900","N","","","","MIN","4ACM4701","0.14","REP","2026-04-16 01:43"
"642","oht_time_avg","2026-04-16 01:44:09.649+0900","N","","","","MIN","4ACM4701","0.0","COMPLETED","2026-04-16 01:44"
"641","oht_time_avg","2026-04-16 01:44:09.649+0900","N","","","","MIN","4ACM4701","7.07","DESPOSITED","2026-04-16 01:44"
"640","oht_time_avg","2026-04-16 01:44:09.649+0900","N","","","","MIN","4ACM4701","137.72","TRANSFERRING","2026-04-16 01:44"
"639","oht_time_avg","2026-04-16 01:44:09.649+0900","N","","","","MIN","4ACM4701","29.45","ACQUIRED","2026-04-16 01:44"
"638","oht_time_avg","2026-04-16 01:44:09.649+0900","N","","","","MIN","4ACM4701","12.37","ASSIGN","2026-04-16 01:44"
"637","oht_time_avg","2026-04-16 01:44:09.649+0900","N","","","","MIN","4ACM4701","0.16","REP","2026-04-16 01:44"
"648","oht_time_avg","2026-04-16 01:45:06.982+0900","N","","","","MIN","4ACM4701","0.0","COMPLETED","2026-04-16 01:45"
"647","oht_time_avg","2026-04-16 01:45:06.982+0900","N","","","","MIN","4ACM4701","7.18","DESPOSITED","2026-04-16 01:45"
"646","oht_time_avg","2026-04-16 01:45:06.982+0900","N","","","","MIN","4ACM4701","134.88","TRANSFERRING","2026-04-16 01:45"
"645","oht_time_avg","2026-04-16 01:45:06.982+0900","N","","","","MIN","4ACM4701","30.07","ACQUIRED","2026-04-16 01:45"
"644","oht_time_avg","2026-04-16 01:45:06.982+0900","N","","","","MIN","4ACM4701","13.24","ASSIGN","2026-04-16 01:45"
"643","oht_time_avg","2026-04-16 01:45:06.982+0900","N","","","","MIN","4ACM4701","0.13","REP","2026-04-16 01:45"
"654","oht_time_avg","2026-04-16 01:46:09.393+0900","N","","","","MIN","4ACM4701","0.0","COMPLETED","2026-04-16 01:46"
"653","oht_time_avg","2026-04-16 01:46:09.393+0900","N","","","","MIN","4ACM4701","7.05","DESPOSITED","2026-04-16 01:46"
"652","oht_time_avg","2026-04-16 01:46:09.393+0900","N","","","","MIN","4ACM4701","139.24","TRANSFERRING","2026-04-16 01:46"
"651","oht_time_avg","2026-04-16 01:46:09.393+0900","N","","","","MIN","4ACM4701","32.24","ACQUIRED","2026-04-16 01:46"
"650","oht_time_avg","2026-04-16 01:46:09.393+0900","N","","","","MIN","4ACM4701","12.44","ASSIGN","2026-04-16 01:46"
"649","oht_time_avg","2026-04-16 01:46:09.393+0900","N","","","","MIN","4ACM4701","0.15","REP","2026-04-16 01:46"
"660","oht_time_avg","2026-04-16 01:47:07.115+0900","N","","","","MIN","4ACM4701","0.0","COMPLETED","2026-04-16 01:47"
"659","oht_time_avg","2026-04-16 01:47:07.115+0900","N","","","","MIN","4ACM4701","7.1","DESPOSITED","2026-04-16 01:47"
"658","oht_time_avg","2026-04-16 01:47:07.115+0900","N","","","","MIN","4ACM4701","131.82","TRANSFERRING","2026-04-16 01:47"
"657","oht_time_avg","2026-04-16 01:47:07.115+0900","N","","","","MIN","4ACM4701","33.35","ACQUIRED","2026-04-16 01:47"
"656","oht_time_avg","2026-04-16 01:47:07.115+0900","N","","","","MIN","4ACM4701","10.94","ASSIGN","2026-04-16 01:47"
"655","oht_time_avg","2026-04-16 01:47:07.115+0900","N","","","","MIN","4ACM4701","0.14","REP","2026-04-16 01:47"
"666","oht_time_avg","2026-04-16 01:48:06.680+0900","N","","","","MIN","4ACM4701","0.0","COMPLETED","2026-04-16 01:48"
"665","oht_time_avg","2026-04-16 01:48:06.680+0900","N","","","","MIN","4ACM4701","7.1","DESPOSITED","2026-04-16 01:48"
"664","oht_time_avg","2026-04-16 01:48:06.680+0900","N","","","","MIN","4ACM4701","135.07","TRANSFERRING","2026-04-16 01:48"
"663","oht_time_avg","2026-04-16 01:48:06.680+0900","N","","","","MIN","4ACM4701","31.64","ACQUIRED","2026-04-16 01:48"
"662","oht_time_avg","2026-04-16 01:48:06.680+0900","N","","","","MIN","4ACM4701","12.29","ASSIGN","2026-04-16 01:48"
"661","oht_time_avg","2026-04-16 01:48:06.680+0900","N","","","","MIN","4ACM4701","0.12","REP","2026-04-16 01:48"
"672","oht_time_avg","2026-04-16 01:49:08.175+0900","N","","","","MIN","4ACM4701","0.0","COMPLETED","2026-04-16 01:49"
"671","oht_time_avg","2026-04-16 01:49:08.175+0900","N","","","","MIN","4ACM4701","6.98","DESPOSITED","2026-04-16 01:49"
"670","oht_time_avg","2026-04-16 01:49:08.175+0900","N","","","","MIN","4ACM4701","133.04","TRANSFERRING","2026-04-16 01:49"
"669","oht_time_avg","2026-04-16 01:49:08.175+0900","N","","","","MIN","4ACM4701","33.87","ACQUIRED","2026-04-16 01:49"
"668","oht_time_avg","2026-04-16 01:49:08.175+0900","N","","","","MIN","4ACM4701","12.09","ASSIGN","2026-04-16 01:49"
"667","oht_time_avg","2026-04-16 01:49:08.175+0900","N","","","","MIN","4ACM4701","0.15","REP","2026-04-16 01:49"
"678","oht_time_avg","2026-04-16 01:50:06.372+0900","N","","","","MIN","4ACM4701","0.0","COMPLETED","2026-04-16 01:50"
"677","oht_time_avg","2026-04-16 01:50:06.372+0900","N","","","","MIN","4ACM4701","7.2","DESPOSITED","2026-04-16 01:50"
"676","oht_time_avg","2026-04-16 01:50:06.372+0900","N","","","","MIN","4ACM4701","120.04","TRANSFERRING","2026-04-16 01:50"
"675","oht_time_avg","2026-04-16 01:50:06.372+0900","N","","","","MIN","4ACM4701","34.52","ACQUIRED","2026-04-16 01:50"
"674","oht_time_avg","2026-04-16 01:50:06.372+0900","N","","","","MIN","4ACM4701","13.72","ASSIGN","2026-04-16 01:50"
"673","oht_time_avg","2026-04-16 01:50:06.372+0900","N","","","","MIN","4ACM4701","0.16","REP","2026-04-16 01:50"
"684","oht_time_avg","2026-04-16 01:51:06.869+0900","N","","","","MIN","4ACM4701","0.0","COMPLETED","2026-04-16 01:51"
"683","oht_time_avg","2026-04-16 01:51:06.869+0900","N","","","","MIN","4ACM4701","7.2","DESPOSITED","2026-04-16 01:51"
"682","oht_time_avg","2026-04-16 01:51:06.869+0900","N","","","","MIN","4ACM4701","132.35","TRANSFERRING","2026-04-16 01:51"
"681","oht_time_avg","2026-04-16 01:51:06.869+0900","N","","","","MIN","4ACM4701","31.71","ACQUIRED","2026-04-16 01:51"
"680","oht_time_avg","2026-04-16 01:51:06.869+0900","N","","","","MIN","4ACM4701","12.48","ASSIGN","2026-04-16 01:51"
"679","oht_time_avg","2026-04-16 01:51:06.869+0900","N","","","","MIN","4ACM4701","0.16","REP","2026-04-16 01:51"
"690","oht_time_avg","2026-04-16 01:52:06.889+0900","N","","","","MIN","4ACM4701","0.0","COMPLETED","2026-04-16 01:52"
"689","oht_time_avg","2026-04-16 01:52:06.889+0900","N","","","","MIN","4ACM4701","7.3","DESPOSITED","2026-04-16 01:52"
"688","oht_time_avg","2026-04-16 01:52:06.889+0900","N","","","","MIN","4ACM4701","132.25","TRANSFERRING","2026-04-16 01:52"
"687","oht_time_avg","2026-04-16 01:52:06.889+0900","N","","","","MIN","4ACM4701","32.3","ACQUIRED","2026-04-16 01:52"
"686","oht_time_avg","2026-04-16 01:52:06.889+0900","N","","","","MIN","4ACM4701","14.57","ASSIGN","2026-04-16 01:52"
"685","oht_time_avg","2026-04-16 01:52:06.889+0900","N","","","","MIN","4ACM4701","1.0","REP","2026-04-16 01:52"
"696","oht_time_avg","2026-04-16 01:53:06.948+0900","N","","","","MIN","4ACM4701","0.0","COMPLETED","2026-04-16 01:53"
"695","oht_time_avg","2026-04-16 01:53:06.948+0900","N","","","","MIN","4ACM4701","7.14","DESPOSITED","2026-04-16 01:53"
"694","oht_time_avg","2026-04-16 01:53:06.948+0900","N","","","","MIN","4ACM4701","132.89","TRANSFERRING","2026-04-16 01:53"
"693","oht_time_avg","2026-04-16 01:53:06.948+0900","N","","","","MIN","4ACM4701","31.48","ACQUIRED","2026-04-16 01:53"
"692","oht_time_avg","2026-04-16 01:53:06.948+0900","N","","","","MIN","4ACM4701","11.33","ASSIGN","2026-04-16 01:53"
"691","oht_time_avg","2026-04-16 01:53:06.948+0900","N","","","","MIN","4ACM4701","0.54","REP","2026-04-16 01:53"
"702","oht_time_avg","2026-04-16 01:54:06.725+0900","N","","","","MIN","4ACM4701","0.0","COMPLETED","2026-04-16 01:54"
"701","oht_time_avg","2026-04-16 01:54:06.725+0900","N","","","","MIN","4ACM4701","7.33","DESPOSITED","2026-04-16 01:54"
"700","oht_time_avg","2026-04-16 01:54:06.725+0900","N","","","","MIN","4ACM4701","129.44","TRANSFERRING","2026-04-16 01:54"
"699","oht_time_avg","2026-04-16 01:54:06.725+0900","N","","","","MIN","4ACM4701","31.92","ACQUIRED","2026-04-16 01:54"
"698","oht_time_avg","2026-04-16 01:54:06.725+0900","N","","","","MIN","4ACM4701","10.72","ASSIGN","2026-04-16 01:54"
"697","oht_time_avg","2026-04-16 01:54:06.725+0900","N","","","","MIN","4ACM4701","0.13","REP","2026-04-16 01:54"
"708","oht_time_avg","2026-04-16 01:55:06.865+0900","N","","","","MIN","4ACM4701","0.0","COMPLETED","2026-04-16 01:55"
"707","oht_time_avg","2026-04-16 01:55:06.865+0900","N","","","","MIN","4ACM4701","7.29","DESPOSITED","2026-04-16 01:55"
"706","oht_time_avg","2026-04-16 01:55:06.865+0900","N","","","","MIN","4ACM4701","137.4","TRANSFERRING","2026-04-16 01:55"
"705","oht_time_avg","2026-04-16 01:55:06.865+0900","N","","","","MIN","4ACM4701","30.55","ACQUIRED","2026-04-16 01:55"
"704","oht_time_avg","2026-04-16 01:55:06.865+0900","N","","","","MIN","4ACM4701","12.66","ASSIGN","2026-04-16 01:55"
"703","oht_time_avg","2026-04-16 01:55:06.865+0900","N","","","","MIN","4ACM4701","0.16","REP","2026-04-16 01:55"
"714","oht_time_avg","2026-04-16 01:56:07.024+0900","N","","","","MIN","4ACM4701","0.0","COMPLETED","2026-04-16 01:56"
"713","oht_time_avg","2026-04-16 01:56:07.024+0900","N","","","","MIN","4ACM4701","7.3","DESPOSITED","2026-04-16 01:56"
"712","oht_time_avg","2026-04-16 01:56:07.024+0900","N","","","","MIN","4ACM4701","131.54","TRANSFERRING","2026-04-16 01:56"
"711","oht_time_avg","2026-04-16 01:56:07.024+0900","N","","","","MIN","4ACM4701","31.25","ACQUIRED","2026-04-16 01:56"
"710","oht_time_avg","2026-04-16 01:56:07.024+0900","N","","","","MIN","4ACM4701","10.44","ASSIGN","2026-04-16 01:56"
"709","oht_time_avg","2026-04-16 01:56:07.024+0900","N","","","","MIN","4ACM4701","0.21","REP","2026-04-16 01:56"
"720","oht_time_avg","2026-04-16 01:57:06.827+0900","N","","","","MIN","4ACM4701","0.0","COMPLETED","2026-04-16 01:57"
"719","oht_time_avg","2026-04-16 01:57:06.827+0900","N","","","","MIN","4ACM4701","7.14","DESPOSITED","2026-04-16 01:57"
"718","oht_time_avg","2026-04-16 01:57:06.827+0900","N","","","","MIN","4ACM4701","136.99","TRANSFERRING","2026-04-16 01:57"
"717","oht_time_avg","2026-04-16 01:57:06.827+0900","N","","","","MIN","4ACM4701","30.06","ACQUIRED","2026-04-16 01:57"
"716","oht_time_avg","2026-04-16 01:57:06.827+0900","N","","","","MIN","4ACM4701","10.04","ASSIGN","2026-04-16 01:57"
"715","oht_time_avg","2026-04-16 01:57:06.827+0900","N","","","","MIN","4ACM4701","0.69","REP","2026-04-16 01:57"
"726","oht_time_avg","2026-04-16 01:58:08.065+0900","N","","","","MIN","4ACM4701","0.0","COMPLETED","2026-04-16 01:58"
"725","oht_time_avg","2026-04-16 01:58:08.065+0900","N","","","","MIN","4ACM4701","7.14","DESPOSITED","2026-04-16 01:58"
"724","oht_time_avg","2026-04-16 01:58:08.065+0900","N","","","","MIN","4ACM4701","127.19","TRANSFERRING","2026-04-16 01:58"
"723","oht_time_avg","2026-04-16 01:58:08.065+0900","N","","","","MIN","4ACM4701","33.2","ACQUIRED","2026-04-16 01:58"
"722","oht_time_avg","2026-04-16 01:58:08.065+0900","N","","","","MIN","4ACM4701","12.65","ASSIGN","2026-04-16 01:58"
"721","oht_time_avg","2026-04-16 01:58:08.065+0900","N","","","","MIN","4ACM4701","0.12","REP","2026-04-16 01:58"
"732","oht_time_avg","2026-04-16 01:59:07.567+0900","N","","","","MIN","4ACM4701","0.0","COMPLETED","2026-04-16 01:59"
"731","oht_time_avg","2026-04-16 01:59:07.567+0900","N","","","","MIN","4ACM4701","7.34","DESPOSITED","2026-04-16 01:59"
"730","oht_time_avg","2026-04-16 01:59:07.567+0900","N","","","","MIN","4ACM4701","129.08","TRANSFERRING","2026-04-16 01:59"
"729","oht_time_avg","2026-04-16 01:59:07.567+0900","N","","","","MIN","4ACM4701","29.95","ACQUIRED","2026-04-16 01:59"
"728","oht_time_avg","2026-04-16 01:59:07.567+0900","N","","","","MIN","4ACM4701","10.72","ASSIGN","2026-04-16 01:59"
"727","oht_time_avg","2026-04-16 01:59:07.567+0900","N","","","","MIN","4ACM4701","0.14","REP","2026-04-16 01:59"
"738","oht_time_avg","2026-04-16 02:00:07.418+0900","N","","","","MIN","4ACM4701","0.0","COMPLETED","2026-04-16 02:00"
"737","oht_time_avg","2026-04-16 02:00:07.418+0900","N","","","","MIN","4ACM4701","7.44","DESPOSITED","2026-04-16 02:00"
"736","oht_time_avg","2026-04-16 02:00:07.418+0900","N","","","","MIN","4ACM4701","132.01","TRANSFERRING","2026-04-16 02:00"
"735","oht_time_avg","2026-04-16 02:00:07.418+0900","N","","","","MIN","4ACM4701","33.51","ACQUIRED","2026-04-16 02:00"
"734","oht_time_avg","2026-04-16 02:00:07.418+0900","N","","","","MIN","4ACM4701","10.49","ASSIGN","2026-04-16 02:00"
"733","oht_time_avg","2026-04-16 02:00:07.418+0900","N","","","","MIN","4ACM4701","0.14","REP","2026-04-16 02:00"
"744","oht_time_avg","2026-04-16 02:01:07.911+0900","N","","","","MIN","4ACM4701","0.0","COMPLETED","2026-04-16 02:01"
"743","oht_time_avg","2026-04-16 02:01:07.911+0900","N","","","","MIN","4ACM4701","7.32","DESPOSITED","2026-04-16 02:01"
"742","oht_time_avg","2026-04-16 02:01:07.911+0900","N","","","","MIN","4ACM4701","132.85","TRANSFERRING","2026-04-16 02:01"
"741","oht_time_avg","2026-04-16 02:01:07.911+0900","N","","","","MIN","4ACM4701","29.58","ACQUIRED","2026-04-16 02:01"
"740","oht_time_avg","2026-04-16 02:01:07.911+0900","N","","","","MIN","4ACM4701","9.82","ASSIGN","2026-04-16 02:01"
"739","oht_time_avg","2026-04-16 02:01:07.911+0900","N","","","","MIN","4ACM4701","0.15","REP","2026-04-16 02:01"
"750","oht_time_avg","2026-04-16 02:01:08.186+0900","N","","","","HOUR","4ACM4701","0.0","COMPLETED","2026-04-16 02:00"
"749","oht_time_avg","2026-04-16 02:01:08.186+0900","N","","","","HOUR","4ACM4701","7.05","DESPOSITED","2026-04-16 02:00"
"748","oht_time_avg","2026-04-16 02:01:08.186+0900","N","","","","HOUR","4ACM4701","131.51","TRANSFERRING","2026-04-16 02:00"
"747","oht_time_avg","2026-04-16 02:01:08.186+0900","N","","","","HOUR","4ACM4701","31.5","ACQUIRED","2026-04-16 02:00"
"746","oht_time_avg","2026-04-16 02:01:08.186+0900","N","","","","HOUR","4ACM4701","11.47","ASSIGN","2026-04-16 02:00"
"745","oht_time_avg","2026-04-16 02:01:08.186+0900","N","","","","HOUR","4ACM4701","0.14","REP","2026-04-16 02:00"
"756","oht_time_avg","2026-04-16 02:02:06.546+0900","N","","","","MIN","4ACM4701","0.0","COMPLETED","2026-04-16 02:02"
"755","oht_time_avg","2026-04-16 02:02:06.546+0900","N","","","","MIN","4ACM4701","7.35","DESPOSITED","2026-04-16 02:02"
"754","oht_time_avg","2026-04-16 02:02:06.546+0900","N","","","","MIN","4ACM4701","130.07","TRANSFERRING","2026-04-16 02:02"
"753","oht_time_avg","2026-04-16 02:02:06.546+0900","N","","","","MIN","4ACM4701","30.46","ACQUIRED","2026-04-16 02:02"
"752","oht_time_avg","2026-04-16 02:02:06.546+0900","N","","","","MIN","4ACM4701","11.15","ASSIGN","2026-04-16 02:02"
"751","oht_time_avg","2026-04-16 02:02:06.546+0900","N","","","","MIN","4ACM4701","0.13","REP","2026-04-16 02:02"
"762","oht_time_avg","2026-04-16 02:03:06.542+0900","N","","","","MIN","4ACM4701","0.0","COMPLETED","2026-04-16 02:03"
"761","oht_time_avg","2026-04-16 02:03:06.542+0900","N","","","","MIN","4ACM4701","8.58","DESPOSITED","2026-04-16 02:03"
"760","oht_time_avg","2026-04-16 02:03:06.542+0900","N","","","","MIN","4ACM4701","135.65","TRANSFERRING","2026-04-16 02:03"
"759","oht_time_avg","2026-04-16 02:03:06.542+0900","N","","","","MIN","4ACM4701","33.77","ACQUIRED","2026-04-16 02:03"
"758","oht_time_avg","2026-04-16 02:03:06.542+0900","N","","","","MIN","4ACM4701","10.55","ASSIGN","2026-04-16 02:03"
"757","oht_time_avg","2026-04-16 02:03:06.542+0900","N","","","","MIN","4ACM4701","0.16","REP","2026-04-16 02:03"
"768","oht_time_avg","2026-04-16 02:04:09.114+0900","N","","","","MIN","4ACM4701","0.0","COMPLETED","2026-04-16 02:04"
"767","oht_time_avg","2026-04-16 02:04:09.114+0900","N","","","","MIN","4ACM4701","7.22","DESPOSITED","2026-04-16 02:04"
"766","oht_time_avg","2026-04-16 02:04:09.114+0900","N","","","","MIN","4ACM4701","127.83","TRANSFERRING","2026-04-16 02:04"
"765","oht_time_avg","2026-04-16 02:04:09.114+0900","N","","","","MIN","4ACM4701","33.25","ACQUIRED","2026-04-16 02:04"
"764","oht_time_avg","2026-04-16 02:04:09.114+0900","N","","","","MIN","4ACM4701","10.54","ASSIGN","2026-04-16 02:04"
"763","oht_time_avg","2026-04-16 02:04:09.114+0900","N","","","","MIN","4ACM4701","0.81","REP","2026-04-16 02:04"
"774","oht_time_avg","2026-04-16 02:05:07.575+0900","N","","","","MIN","4ACM4701","0.0","COMPLETED","2026-04-16 02:05"
"773","oht_time_avg","2026-04-16 02:05:07.575+0900","N","","","","MIN","4ACM4701","7.42","DESPOSITED","2026-04-16 02:05"
"772","oht_time_avg","2026-04-16 02:05:07.575+0900","N","","","","MIN","4ACM4701","131.25","TRANSFERRING","2026-04-16 02:05"
"771","oht_time_avg","2026-04-16 02:05:07.575+0900","N","","","","MIN","4ACM4701","35.84","ACQUIRED","2026-04-16 02:05"
"770","oht_time_avg","2026-04-16 02:05:07.575+0900","N","","","","MIN","4ACM4701","12.32","ASSIGN","2026-04-16 02:05"
"769","oht_time_avg","2026-04-16 02:05:07.575+0900","N","","","","MIN","4ACM4701","0.61","REP","2026-04-16 02:05"
"780","oht_time_avg","2026-04-16 02:06:06.869+0900","N","","","","MIN","4ACM4701","0.0","COMPLETED","2026-04-16 02:06"
"779","oht_time_avg","2026-04-16 02:06:06.869+0900","N","","","","MIN","4ACM4701","7.32","DESPOSITED","2026-04-16 02:06"
"778","oht_time_avg","2026-04-16 02:06:06.869+0900","N","","","","MIN","4ACM4701","127.05","TRANSFERRING","2026-04-16 02:06"
"777","oht_time_avg","2026-04-16 02:06:06.869+0900","N","","","","MIN","4ACM4701","33.17","ACQUIRED","2026-04-16 02:06"
"776","oht_time_avg","2026-04-16 02:06:06.869+0900","N","","","","MIN","4ACM4701","13.71","ASSIGN","2026-04-16 02:06"
"775","oht_time_avg","2026-04-16 02:06:06.869+0900","N","","","","MIN","4ACM4701","0.13","REP","2026-04-16 02:06"
"786","oht_time_avg","2026-04-16 02:07:06.547+0900","N","","","","MIN","4ACM4701","0.0","COMPLETED","2026-04-16 02:07"
"785","oht_time_avg","2026-04-16 02:07:06.547+0900","N","","","","MIN","4ACM4701","7.29","DESPOSITED","2026-04-16 02:07"
"784","oht_time_avg","2026-04-16 02:07:06.547+0900","N","","","","MIN","4ACM4701","135.48","TRANSFERRING","2026-04-16 02:07"
"783","oht_time_avg","2026-04-16 02:07:06.547+0900","N","","","","MIN","4ACM4701","31.77","ACQUIRED","2026-04-16 02:07"
"782","oht_time_avg","2026-04-16 02:07:06.547+0900","N","","","","MIN","4ACM4701","12.89","ASSIGN","2026-04-16 02:07"
"781","oht_time_avg","2026-04-16 02:07:06.547+0900","N","","","","MIN","4ACM4701","0.16","REP","2026-04-16 02:07"
"792","oht_time_avg","2026-04-16 02:08:06.954+0900","N","","","","MIN","4ACM4701","0.0","COMPLETED","2026-04-16 02:08"
"791","oht_time_avg","2026-04-16 02:08:06.954+0900","N","","","","MIN","4ACM4701","7.18","DESPOSITED","2026-04-16 02:08"
"790","oht_time_avg","2026-04-16 02:08:06.954+0900","N","","","","MIN","4ACM4701","139.2","TRANSFERRING","2026-04-16 02:08"
"789","oht_time_avg","2026-04-16 02:08:06.954+0900","N","","","","MIN","4ACM4701","32.15","ACQUIRED","2026-04-16 02:08"
"788","oht_time_avg","2026-04-16 02:08:06.954+0900","N","","","","MIN","4ACM4701","12.56","ASSIGN","2026-04-16 02:08"
"787","oht_time_avg","2026-04-16 02:08:06.954+0900","N","","","","MIN","4ACM4701","0.37","REP","2026-04-16 02:08"
"798","oht_time_avg","2026-04-16 02:09:07.450+0900","N","","","","MIN","4ACM4701","0.01","COMPLETED","2026-04-16 02:09"
"797","oht_time_avg","2026-04-16 02:09:07.450+0900","N","","","","MIN","4ACM4701","7.25","DESPOSITED","2026-04-16 02:09"
"796","oht_time_avg","2026-04-16 02:09:07.450+0900","N","","","","MIN","4ACM4701","137.3","TRANSFERRING","2026-04-16 02:09"
"795","oht_time_avg","2026-04-16 02:09:07.450+0900","N","","","","MIN","4ACM4701","30.23","ACQUIRED","2026-04-16 02:09"
"794","oht_time_avg","2026-04-16 02:09:07.450+0900","N","","","","MIN","4ACM4701","10.85","ASSIGN","2026-04-16 02:09"
"793","oht_time_avg","2026-04-16 02:09:07.450+0900","N","","","","MIN","4ACM4701","0.13","REP","2026-04-16 02:09"
"804","oht_time_avg","2026-04-16 02:10:06.831+0900","N","","","","MIN","4ACM4701","0.0","COMPLETED","2026-04-16 02:10"
"803","oht_time_avg","2026-04-16 02:10:06.831+0900","N","","","","MIN","4ACM4701","7.1","DESPOSITED","2026-04-16 02:10"
"802","oht_time_avg","2026-04-16 02:10:06.831+0900","N","","","","MIN","4ACM4701","125.52","TRANSFERRING","2026-04-16 02:10"
"801","oht_time_avg","2026-04-16 02:10:06.831+0900","N","","","","MIN","4ACM4701","30.26","ACQUIRED","2026-04-16 02:10"
"800","oht_time_avg","2026-04-16 02:10:06.831+0900","N","","","","MIN","4ACM4701","11.0","ASSIGN","2026-04-16 02:10"
"799","oht_time_avg","2026-04-16 02:10:06.831+0900","N","","","","MIN","4ACM4701","0.12","REP","2026-04-16 02:10"
"810","oht_time_avg","2026-04-16 02:11:06.917+0900","N","","","","MIN","4ACM4701","0.0","COMPLETED","2026-04-16 02:11"
"809","oht_time_avg","2026-04-16 02:11:06.917+0900","N","","","","MIN","4ACM4701","7.13","DESPOSITED","2026-04-16 02:11"
"808","oht_time_avg","2026-04-16 02:11:06.917+0900","N","","","","MIN","4ACM4701","134.96","TRANSFERRING","2026-04-16 02:11"
"807","oht_time_avg","2026-04-16 02:11:06.917+0900","N","","","","MIN","4ACM4701","30.54","ACQUIRED","2026-04-16 02:11"
"806","oht_time_avg","2026-04-16 02:11:06.917+0900","N","","","","MIN","4ACM4701","10.43","ASSIGN","2026-04-16 02:11"
"805","oht_time_avg","2026-04-16 02:11:06.917+0900","N","","","","MIN","4ACM4701","0.68","REP","2026-04-16 02:11"
"816","oht_time_avg","2026-04-16 02:12:06.677+0900","N","","","","MIN","4ACM4701","0.0","COMPLETED","2026-04-16 02:12"
"815","oht_time_avg","2026-04-16 02:12:06.677+0900","N","","","","MIN","4ACM4701","7.34","DESPOSITED","2026-04-16 02:12"
"814","oht_time_avg","2026-04-16 02:12:06.677+0900","N","","","","MIN","4ACM4701","129.33","TRANSFERRING","2026-04-16 02:12"
"813","oht_time_avg","2026-04-16 02:12:06.677+0900","N","","","","MIN","4ACM4701","31.48","ACQUIRED","2026-04-16 02:12"
"812","oht_time_avg","2026-04-16 02:12:06.677+0900","N","","","","MIN","4ACM4701","12.27","ASSIGN","2026-04-16 02:12"
"811","oht_time_avg","2026-04-16 02:12:06.677+0900","N","","","","MIN","4ACM4701","0.14","REP","2026-04-16 02:12"
"822","oht_time_avg","2026-04-16 02:13:07.451+0900","N","","","","MIN","4ACM4701","0.0","COMPLETED","2026-04-16 02:13"
"821","oht_time_avg","2026-04-16 02:13:07.451+0900","N","","","","MIN","4ACM4701","7.11","DESPOSITED","2026-04-16 02:13"
"820","oht_time_avg","2026-04-16 02:13:07.451+0900","N","","","","MIN","4ACM4701","135.5","TRANSFERRING","2026-04-16 02:13"
"819","oht_time_avg","2026-04-16 02:13:07.451+0900","N","","","","MIN","4ACM4701","30.29","ACQUIRED","2026-04-16 02:13"
"818","oht_time_avg","2026-04-16 02:13:07.451+0900","N","","","","MIN","4ACM4701","10.15","ASSIGN","2026-04-16 02:13"
"817","oht_time_avg","2026-04-16 02:13:07.451+0900","N","","","","MIN","4ACM4701","0.11","REP","2026-04-16 02:13"
"828","oht_time_avg","2026-04-16 02:14:08.682+0900","N","","","","MIN","4ACM4701","0.0","COMPLETED","2026-04-16 02:14"
"827","oht_time_avg","2026-04-16 02:14:08.682+0900","N","","","","MIN","4ACM4701","7.04","DESPOSITED","2026-04-16 02:14"
"826","oht_time_avg","2026-04-16 02:14:08.682+0900","N","","","","MIN","4ACM4701","136.06","TRANSFERRING","2026-04-16 02:14"
"825","oht_time_avg","2026-04-16 02:14:08.682+0900","N","","","","MIN","4ACM4701","30.95","ACQUIRED","2026-04-16 02:14"
"824","oht_time_avg","2026-04-16 02:14:08.682+0900","N","","","","MIN","4ACM4701","9.59","ASSIGN","2026-04-16 02:14"
"823","oht_time_avg","2026-04-16 02:14:08.682+0900","N","","","","MIN","4ACM4701","0.14","REP","2026-04-16 02:14"
"834","oht_time_avg","2026-04-16 02:15:07.875+0900","N","","","","MIN","4ACM4701","0.0","COMPLETED","2026-04-16 02:15"
"833","oht_time_avg","2026-04-16 02:15:07.875+0900","N","","","","MIN","4ACM4701","7.27","DESPOSITED","2026-04-16 02:15"
"832","oht_time_avg","2026-04-16 02:15:07.875+0900","N","","","","MIN","4ACM4701","132.38","TRANSFERRING","2026-04-16 02:15"
"831","oht_time_avg","2026-04-16 02:15:07.875+0900","N","","","","MIN","4ACM4701","30.5","ACQUIRED","2026-04-16 02:15"
"830","oht_time_avg","2026-04-16 02:15:07.875+0900","N","","","","MIN","4ACM4701","11.52","ASSIGN","2026-04-16 02:15"
"829","oht_time_avg","2026-04-16 02:15:07.875+0900","N","","","","MIN","4ACM4701","0.15","REP","2026-04-16 02:15"
"840","oht_time_avg","2026-04-16 02:16:06.560+0900","N","","","","MIN","4ACM4701","0.0","COMPLETED","2026-04-16 02:16"
"839","oht_time_avg","2026-04-16 02:16:06.560+0900","N","","","","MIN","4ACM4701","7.09","DESPOSITED","2026-04-16 02:16"
"838","oht_time_avg","2026-04-16 02:16:06.560+0900","N","","","","MIN","4ACM4701","133.5","TRANSFERRING","2026-04-16 02:16"
"837","oht_time_avg","2026-04-16 02:16:06.560+0900","N","","","","MIN","4ACM4701","29.08","ACQUIRED","2026-04-16 02:16"
"836","oht_time_avg","2026-04-16 02:16:06.560+0900","N","","","","MIN","4ACM4701","9.66","ASSIGN","2026-04-16 02:16"
"835","oht_time_avg","2026-04-16 02:16:06.560+0900","N","","","","MIN","4ACM4701","0.15","REP","2026-04-16 02:16"
"846","oht_time_avg","2026-04-16 02:17:07.850+0900","N","","","","MIN","4ACM4701","0.0","COMPLETED","2026-04-16 02:17"
"845","oht_time_avg","2026-04-16 02:17:07.850+0900","N","","","","MIN","4ACM4701","7.16","DESPOSITED","2026-04-16 02:17"
"844","oht_time_avg","2026-04-16 02:17:07.850+0900","N","","","","MIN","4ACM4701","133.33","TRANSFERRING","2026-04-16 02:17"
"843","oht_time_avg","2026-04-16 02:17:07.850+0900","N","","","","MIN","4ACM4701","30.61","ACQUIRED","2026-04-16 02:17"
"842","oht_time_avg","2026-04-16 02:17:07.850+0900","N","","","","MIN","4ACM4701","10.3","ASSIGN","2026-04-16 02:17"
"841","oht_time_avg","2026-04-16 02:17:07.850+0900","N","","","","MIN","4ACM4701","0.13","REP","2026-04-16 02:17"
"852","oht_time_avg","2026-04-16 02:18:06.741+0900","N","","","","MIN","4ACM4701","0.0","COMPLETED","2026-04-16 02:18"
"851","oht_time_avg","2026-04-16 02:18:06.741+0900","N","","","","MIN","4ACM4701","7.04","DESPOSITED","2026-04-16 02:18"
"850","oht_time_avg","2026-04-16 02:18:06.741+0900","N","","","","MIN","4ACM4701","124.67","TRANSFERRING","2026-04-16 02:18"
"849","oht_time_avg","2026-04-16 02:18:06.741+0900","N","","","","MIN","4ACM4701","30.28","ACQUIRED","2026-04-16 02:18"
"848","oht_time_avg","2026-04-16 02:18:06.741+0900","N","","","","MIN","4ACM4701","10.83","ASSIGN","2026-04-16 02:18"
"847","oht_time_avg","2026-04-16 02:18:06.741+0900","N","","","","MIN","4ACM4701","0.16","REP","2026-04-16 02:18"
"858","oht_time_avg","2026-04-16 02:19:07.627+0900","N","","","","MIN","4ACM4701","0.0","COMPLETED","2026-04-16 02:19"
"857","oht_time_avg","2026-04-16 02:19:07.627+0900","N","","","","MIN","4ACM4701","7.3","DESPOSITED","2026-04-16 02:19"
"856","oht_time_avg","2026-04-16 02:19:07.627+0900","N","","","","MIN","4ACM4701","133.53","TRANSFERRING","2026-04-16 02:19"
"855","oht_time_avg","2026-04-16 02:19:07.627+0900","N","","","","MIN","4ACM4701","31.46","ACQUIRED","2026-04-16 02:19"
"854","oht_time_avg","2026-04-16 02:19:07.627+0900","N","","","","MIN","4ACM4701","9.97","ASSIGN","2026-04-16 02:19"
"853","oht_time_avg","2026-04-16 02:19:07.627+0900","N","","","","MIN","4ACM4701","0.14","REP","2026-04-16 02:19"
"864","oht_time_avg","2026-04-16 02:20:07.198+0900","N","","","","MIN","4ACM4701","0.0","COMPLETED","2026-04-16 02:20"
"863","oht_time_avg","2026-04-16 02:20:07.198+0900","N","","","","MIN","4ACM4701","7.02","DESPOSITED","2026-04-16 02:20"
"862","oht_time_avg","2026-04-16 02:20:07.198+0900","N","","","","MIN","4ACM4701","130.94","TRANSFERRING","2026-04-16 02:20"
"861","oht_time_avg","2026-04-16 02:20:07.198+0900","N","","","","MIN","4ACM4701","30.57","ACQUIRED","2026-04-16 02:20"
"860","oht_time_avg","2026-04-16 02:20:07.198+0900","N","","","","MIN","4ACM4701","11.37","ASSIGN","2026-04-16 02:20"
"859","oht_time_avg","2026-04-16 02:20:07.198+0900","N","","","","MIN","4ACM4701","0.12","REP","2026-04-16 02:20"
"870","oht_time_avg","2026-04-16 02:21:07.953+0900","N","","","","MIN","4ACM4701","0.0","COMPLETED","2026-04-16 02:21"
"869","oht_time_avg","2026-04-16 02:21:07.953+0900","N","","","","MIN","4ACM4701","7.08","DESPOSITED","2026-04-16 02:21"
"868","oht_time_avg","2026-04-16 02:21:07.953+0900","N","","","","MIN","4ACM4701","135.81","TRANSFERRING","2026-04-16 02:21"
"867","oht_time_avg","2026-04-16 02:21:07.953+0900","N","","","","MIN","4ACM4701","30.55","ACQUIRED","2026-04-16 02:21"
"866","oht_time_avg","2026-04-16 02:21:07.953+0900","N","","","","MIN","4ACM4701","11.28","ASSIGN","2026-04-16 02:21"
"865","oht_time_avg","2026-04-16 02:21:07.953+0900","N","","","","MIN","4ACM4701","0.14","REP","2026-04-16 02:21"
"876","oht_time_avg","2026-04-16 02:22:07.230+0900","N","","","","MIN","4ACM4701","0.0","COMPLETED","2026-04-16 02:22"
"875","oht_time_avg","2026-04-16 02:22:07.230+0900","N","","","","MIN","4ACM4701","7.16","DESPOSITED","2026-04-16 02:22"
"874","oht_time_avg","2026-04-16 02:22:07.230+0900","N","","","","MIN","4ACM4701","125.57","TRANSFERRING","2026-04-16 02:22"
"873","oht_time_avg","2026-04-16 02:22:07.230+0900","N","","","","MIN","4ACM4701","34.27","ACQUIRED","2026-04-16 02:22"
"872","oht_time_avg","2026-04-16 02:22:07.230+0900","N","","","","MIN","4ACM4701","12.71","ASSIGN","2026-04-16 02:22"
"871","oht_time_avg","2026-04-16 02:22:07.230+0900","N","","","","MIN","4ACM4701","0.14","REP","2026-04-16 02:22"
"882","oht_time_avg","2026-04-16 02:23:07.800+0900","N","","","","MIN","4ACM4701","0.0","COMPLETED","2026-04-16 02:23"
"881","oht_time_avg","2026-04-16 02:23:07.800+0900","N","","","","MIN","4ACM4701","7.11","DESPOSITED","2026-04-16 02:23"
"880","oht_time_avg","2026-04-16 02:23:07.800+0900","N","","","","MIN","4ACM4701","133.56","TRANSFERRING","2026-04-16 02:23"
"879","oht_time_avg","2026-04-16 02:23:07.800+0900","N","","","","MIN","4ACM4701","30.48","ACQUIRED","2026-04-16 02:23"
"878","oht_time_avg","2026-04-16 02:23:07.800+0900","N","","","","MIN","4ACM4701","12.02","ASSIGN","2026-04-16 02:23"
"877","oht_time_avg","2026-04-16 02:23:07.800+0900","N","","","","MIN","4ACM4701","0.14","REP","2026-04-16 02:23"
"888","oht_time_avg","2026-04-16 02:24:06.731+0900","N","","","","MIN","4ACM4701","0.0","COMPLETED","2026-04-16 02:24"
"887","oht_time_avg","2026-04-16 02:24:06.731+0900","N","","","","MIN","4ACM4701","7.3","DESPOSITED","2026-04-16 02:24"
"886","oht_time_avg","2026-04-16 02:24:06.731+0900","N","","","","MIN","4ACM4701","135.03","TRANSFERRING","2026-04-16 02:24"
"885","oht_time_avg","2026-04-16 02:24:06.731+0900","N","","","","MIN","4ACM4701","30.65","ACQUIRED","2026-04-16 02:24"
"884","oht_time_avg","2026-04-16 02:24:06.731+0900","N","","","","MIN","4ACM4701","11.57","ASSIGN","2026-04-16 02:24"
"883","oht_time_avg","2026-04-16 02:24:06.731+0900","N","","","","MIN","4ACM4701","0.15","REP","2026-04-16 02:24"
"894","oht_time_avg","2026-04-16 02:25:07.872+0900","N","","","","MIN","4ACM4701","0.0","COMPLETED","2026-04-16 02:25"
"893","oht_time_avg","2026-04-16 02:25:07.872+0900","N","","","","MIN","4ACM4701","7.29","DESPOSITED","2026-04-16 02:25"
"892","oht_time_avg","2026-04-16 02:25:07.872+0900","N","","","","MIN","4ACM4701","134.44","TRANSFERRING","2026-04-16 02:25"
"891","oht_time_avg","2026-04-16 02:25:07.872+0900","N","","","","MIN","4ACM4701","30.69","ACQUIRED","2026-04-16 02:25"
"890","oht_time_avg","2026-04-16 02:25:07.872+0900","N","","","","MIN","4ACM4701","11.88","ASSIGN","2026-04-16 02:25"
"889","oht_time_avg","2026-04-16 02:25:07.872+0900","N","","","","MIN","4ACM4701","0.13","REP","2026-04-16 02:25"
"900","oht_time_avg","2026-04-16 02:26:07.888+0900","N","","","","MIN","4ACM4701","0.0","COMPLETED","2026-04-16 02:26"
"899","oht_time_avg","2026-04-16 02:26:07.888+0900","N","","","","MIN","4ACM4701","7.07","DESPOSITED","2026-04-16 02:26"
"898","oht_time_avg","2026-04-16 02:26:07.888+0900","N","","","","MIN","4ACM4701","135.6","TRANSFERRING","2026-04-16 02:26"
"897","oht_time_avg","2026-04-16 02:26:07.888+0900","N","","","","MIN","4ACM4701","30.91","ACQUIRED","2026-04-16 02:26"
"896","oht_time_avg","2026-04-16 02:26:07.888+0900","N","","","","MIN","4ACM4701","12.03","ASSIGN","2026-04-16 02:26"
"895","oht_time_avg","2026-04-16 02:26:07.888+0900","N","","","","MIN","4ACM4701","0.13","REP","2026-04-16 02:26"
"906","oht_time_avg","2026-04-16 02:27:07.062+0900","N","","","","MIN","4ACM4701","0.0","COMPLETED","2026-04-16 02:27"
"905","oht_time_avg","2026-04-16 02:27:07.062+0900","N","","","","MIN","4ACM4701","7.25","DESPOSITED","2026-04-16 02:27"
"904","oht_time_avg","2026-04-16 02:27:07.062+0900","N","","","","MIN","4ACM4701","136.63","TRANSFERRING","2026-04-16 02:27"
"903","oht_time_avg","2026-04-16 02:27:07.062+0900","N","","","","MIN","4ACM4701","32.78","ACQUIRED","2026-04-16 02:27"
"902","oht_time_avg","2026-04-16 02:27:07.062+0900","N","","","","MIN","4ACM4701","11.7","ASSIGN","2026-04-16 02:27"
"901","oht_time_avg","2026-04-16 02:27:07.062+0900","N","","","","MIN","4ACM4701","0.15","REP","2026-04-16 02:27"
"912","oht_time_avg","2026-04-16 02:28:06.781+0900","N","","","","MIN","4ACM4701","0.0","COMPLETED","2026-04-16 02:28"
"911","oht_time_avg","2026-04-16 02:28:06.781+0900","N","","","","MIN","4ACM4701","7.23","DESPOSITED","2026-04-16 02:28"
"910","oht_time_avg","2026-04-16 02:28:06.781+0900","N","","","","MIN","4ACM4701","130.62","TRANSFERRING","2026-04-16 02:28"
"909","oht_time_avg","2026-04-16 02:28:06.781+0900","N","","","","MIN","4ACM4701","33.63","ACQUIRED","2026-04-16 02:28"
"908","oht_time_avg","2026-04-16 02:28:06.781+0900","N","","","","MIN","4ACM4701","12.48","ASSIGN","2026-04-16 02:28"
"907","oht_time_avg","2026-04-16 02:28:06.781+0900","N","","","","MIN","4ACM4701","0.13","REP","2026-04-16 02:28"
"918","oht_time_avg","2026-04-16 02:29:07.092+0900","N","","","","MIN","4ACM4701","0.0","COMPLETED","2026-04-16 02:29"
"917","oht_time_avg","2026-04-16 02:29:07.092+0900","N","","","","MIN","4ACM4701","7.42","DESPOSITED","2026-04-16 02:29"
"916","oht_time_avg","2026-04-16 02:29:07.092+0900","N","","","","MIN","4ACM4701","129.39","TRANSFERRING","2026-04-16 02:29"
"915","oht_time_avg","2026-04-16 02:29:07.092+0900","N","","","","MIN","4ACM4701","33.78","ACQUIRED","2026-04-16 02:29"
"914","oht_time_avg","2026-04-16 02:29:07.092+0900","N","","","","MIN","4ACM4701","12.9","ASSIGN","2026-04-16 02:29"
"913","oht_time_avg","2026-04-16 02:29:07.092+0900","N","","","","MIN","4ACM4701","0.14","REP","2026-04-16 02:29"
"924","oht_time_avg","2026-04-16 02:30:06.869+0900","N","","","","MIN","4ACM4701","0.0","COMPLETED","2026-04-16 02:30"
"923","oht_time_avg","2026-04-16 02:30:06.869+0900","N","","","","MIN","4ACM4701","7.35","DESPOSITED","2026-04-16 02:30"
"922","oht_time_avg","2026-04-16 02:30:06.869+0900","N","","","","MIN","4ACM4701","139.44","TRANSFERRING","2026-04-16 02:30"
"921","oht_time_avg","2026-04-16 02:30:06.869+0900","N","","","","MIN","4ACM4701","32.45","ACQUIRED","2026-04-16 02:30"
"920","oht_time_avg","2026-04-16 02:30:06.869+0900","N","","","","MIN","4ACM4701","12.43","ASSIGN","2026-04-16 02:30"
"919","oht_time_avg","2026-04-16 02:30:06.869+0900","N","","","","MIN","4ACM4701","0.13","REP","2026-04-16 02:30"
"930","oht_time_avg","2026-04-16 02:31:07.110+0900","N","","","","MIN","4ACM4701","0.0","COMPLETED","2026-04-16 02:31"
"929","oht_time_avg","2026-04-16 02:31:07.110+0900","N","","","","MIN","4ACM4701","7.27","DESPOSITED","2026-04-16 02:31"
"928","oht_time_avg","2026-04-16 02:31:07.110+0900","N","","","","MIN","4ACM4701","137.93","TRANSFERRING","2026-04-16 02:31"
"927","oht_time_avg","2026-04-16 02:31:07.110+0900","N","","","","MIN","4ACM4701","29.41","ACQUIRED","2026-04-16 02:31"
"926","oht_time_avg","2026-04-16 02:31:07.110+0900","N","","","","MIN","4ACM4701","10.95","ASSIGN","2026-04-16 02:31"
"925","oht_time_avg","2026-04-16 02:31:07.110+0900","N","","","","MIN","4ACM4701","0.14","REP","2026-04-16 02:31"
"936","oht_time_avg","2026-04-16 02:32:07.194+0900","N","","","","MIN","4ACM4701","0.0","COMPLETED","2026-04-16 02:32"
"935","oht_time_avg","2026-04-16 02:32:07.194+0900","N","","","","MIN","4ACM4701","7.18","DESPOSITED","2026-04-16 02:32"
"934","oht_time_avg","2026-04-16 02:32:07.194+0900","N","","","","MIN","4ACM4701","139.57","TRANSFERRING","2026-04-16 02:32"
"933","oht_time_avg","2026-04-16 02:32:07.194+0900","N","","","","MIN","4ACM4701","29.1","ACQUIRED","2026-04-16 02:32"
"932","oht_time_avg","2026-04-16 02:32:07.194+0900","N","","","","MIN","4ACM4701","10.2","ASSIGN","2026-04-16 02:32"
"931","oht_time_avg","2026-04-16 02:32:07.194+0900","N","","","","MIN","4ACM4701","0.14","REP","2026-04-16 02:32"
"942","oht_time_avg","2026-04-16 02:33:07.795+0900","N","","","","MIN","4ACM4701","0.0","COMPLETED","2026-04-16 02:33"
"941","oht_time_avg","2026-04-16 02:33:07.795+0900","N","","","","MIN","4ACM4701","7.15","DESPOSITED","2026-04-16 02:33"
"940","oht_time_avg","2026-04-16 02:33:07.795+0900","N","","","","MIN","4ACM4701","130.48","TRANSFERRING","2026-04-16 02:33"
"939","oht_time_avg","2026-04-16 02:33:07.795+0900","N","","","","MIN","4ACM4701","29.83","ACQUIRED","2026-04-16 02:33"
"938","oht_time_avg","2026-04-16 02:33:07.795+0900","N","","","","MIN","4ACM4701","9.22","ASSIGN","2026-04-16 02:33"
"937","oht_time_avg","2026-04-16 02:33:07.795+0900","N","","","","MIN","4ACM4701","0.13","REP","2026-04-16 02:33"
"948","oht_time_avg","2026-04-16 02:34:07.120+0900","N","","","","MIN","4ACM4701","0.0","COMPLETED","2026-04-16 02:34"
"947","oht_time_avg","2026-04-16 02:34:07.120+0900","N","","","","MIN","4ACM4701","7.21","DESPOSITED","2026-04-16 02:34"
"946","oht_time_avg","2026-04-16 02:34:07.120+0900","N","","","","MIN","4ACM4701","136.24","TRANSFERRING","2026-04-16 02:34"
"945","oht_time_avg","2026-04-16 02:34:07.120+0900","N","","","","MIN","4ACM4701","29.65","ACQUIRED","2026-04-16 02:34"
"944","oht_time_avg","2026-04-16 02:34:07.120+0900","N","","","","MIN","4ACM4701","10.43","ASSIGN","2026-04-16 02:34"
"943","oht_time_avg","2026-04-16 02:34:07.120+0900","N","","","","MIN","4ACM4701","0.12","REP","2026-04-16 02:34"
"954","oht_time_avg","2026-04-16 02:35:07.565+0900","N","","","","MIN","4ACM4701","0.0","COMPLETED","2026-04-16 02:35"
"953","oht_time_avg","2026-04-16 02:35:07.565+0900","N","","","","MIN","4ACM4701","7.1","DESPOSITED","2026-04-16 02:35"
"952","oht_time_avg","2026-04-16 02:35:07.565+0900","N","","","","MIN","4ACM4701","135.1","TRANSFERRING","2026-04-16 02:35"
"951","oht_time_avg","2026-04-16 02:35:07.565+0900","N","","","","MIN","4ACM4701","28.74","ACQUIRED","2026-04-16 02:35"
"950","oht_time_avg","2026-04-16 02:35:07.565+0900","N","","","","MIN","4ACM4701","11.23","ASSIGN","2026-04-16 02:35"
"949","oht_time_avg","2026-04-16 02:35:07.565+0900","N","","","","MIN","4ACM4701","0.13","REP","2026-04-16 02:35"
"960","oht_time_avg","2026-04-16 02:36:07.440+0900","N","","","","MIN","4ACM4701","2.0","COMPLETED","2026-04-16 02:36"
"959","oht_time_avg","2026-04-16 02:36:07.440+0900","N","","","","MIN","4ACM4701","7.09","DESPOSITED","2026-04-16 02:36"
"958","oht_time_avg","2026-04-16 02:36:07.440+0900","N","","","","MIN","4ACM4701","132.4","TRANSFERRING","2026-04-16 02:36"
"957","oht_time_avg","2026-04-16 02:36:07.440+0900","N","","","","MIN","4ACM4701","31.4","ACQUIRED","2026-04-16 02:36"
"956","oht_time_avg","2026-04-16 02:36:07.440+0900","N","","","","MIN","4ACM4701","10.45","ASSIGN","2026-04-16 02:36"
"955","oht_time_avg","2026-04-16 02:36:07.440+0900","N","","","","MIN","4ACM4701","1.4","REP","2026-04-16 02:36"
"966","oht_time_avg","2026-04-16 02:37:07.769+0900","N","","","","MIN","4ACM4701","0.0","COMPLETED","2026-04-16 02:37"
"965","oht_time_avg","2026-04-16 02:37:07.769+0900","N","","","","MIN","4ACM4701","7.06","DESPOSITED","2026-04-16 02:37"
"964","oht_time_avg","2026-04-16 02:37:07.769+0900","N","","","","MIN","4ACM4701","141.77","TRANSFERRING","2026-04-16 02:37"
"963","oht_time_avg","2026-04-16 02:37:07.769+0900","N","","","","MIN","4ACM4701","29.48","ACQUIRED","2026-04-16 02:37"
"962","oht_time_avg","2026-04-16 02:37:07.769+0900","N","","","","MIN","4ACM4701","10.2","ASSIGN","2026-04-16 02:37"
"961","oht_time_avg","2026-04-16 02:37:07.769+0900","N","","","","MIN","4ACM4701","0.13","REP","2026-04-16 02:37"
"972","oht_time_avg","2026-04-16 02:38:07.426+0900","N","","","","MIN","4ACM4701","0.0","COMPLETED","2026-04-16 02:38"
"971","oht_time_avg","2026-04-16 02:38:07.426+0900","N","","","","MIN","4ACM4701","7.04","DESPOSITED","2026-04-16 02:38"
"970","oht_time_avg","2026-04-16 02:38:07.426+0900","N","","","","MIN","4ACM4701","136.07","TRANSFERRING","2026-04-16 02:38"
"969","oht_time_avg","2026-04-16 02:38:07.426+0900","N","","","","MIN","4ACM4701","31.78","ACQUIRED","2026-04-16 02:38"
"968","oht_time_avg","2026-04-16 02:38:07.426+0900","N","","","","MIN","4ACM4701","11.15","ASSIGN","2026-04-16 02:38"
"967","oht_time_avg","2026-04-16 02:38:07.426+0900","N","","","","MIN","4ACM4701","0.14","REP","2026-04-16 02:38"
"978","oht_time_avg","2026-04-16 02:39:07.579+0900","N","","","","MIN","4ACM4701","0.0","COMPLETED","2026-04-16 02:39"
"977","oht_time_avg","2026-04-16 02:39:07.579+0900","N","","","","MIN","4ACM4701","7.15","DESPOSITED","2026-04-16 02:39"
"976","oht_time_avg","2026-04-16 02:39:07.579+0900","N","","","","MIN","4ACM4701","125.34","TRANSFERRING","2026-04-16 02:39"
"975","oht_time_avg","2026-04-16 02:39:07.579+0900","N","","","","MIN","4ACM4701","32.6","ACQUIRED","2026-04-16 02:39"
"974","oht_time_avg","2026-04-16 02:39:07.579+0900","N","","","","MIN","4ACM4701","10.94","ASSIGN","2026-04-16 02:39"
"973","oht_time_avg","2026-04-16 02:39:07.579+0900","N","","","","MIN","4ACM4701","0.14","REP","2026-04-16 02:39"
"984","oht_time_avg","2026-04-16 02:40:07.299+0900","N","","","","MIN","4ACM4701","0.0","COMPLETED","2026-04-16 02:40"
"983","oht_time_avg","2026-04-16 02:40:07.299+0900","N","","","","MIN","4ACM4701","7.1","DESPOSITED","2026-04-16 02:40"
"982","oht_time_avg","2026-04-16 02:40:07.299+0900","N","","","","MIN","4ACM4701","129.66","TRANSFERRING","2026-04-16 02:40"
"981","oht_time_avg","2026-04-16 02:40:07.299+0900","N","","","","MIN","4ACM4701","29.52","ACQUIRED","2026-04-16 02:40"
"980","oht_time_avg","2026-04-16 02:40:07.299+0900","N","","","","MIN","4ACM4701","10.91","ASSIGN","2026-04-16 02:40"
"979","oht_time_avg","2026-04-16 02:40:07.299+0900","N","","","","MIN","4ACM4701","0.13","REP","2026-04-16 02:40"
"990","oht_time_avg","2026-04-16 02:41:07.215+0900","N","","","","MIN","4ACM4701","4.07","COMPLETED","2026-04-16 02:41"
"989","oht_time_avg","2026-04-16 02:41:07.215+0900","N","","","","MIN","4ACM4701","7.26","DESPOSITED","2026-04-16 02:41"
"988","oht_time_avg","2026-04-16 02:41:07.215+0900","N","","","","MIN","4ACM4701","131.0","TRANSFERRING","2026-04-16 02:41"
"987","oht_time_avg","2026-04-16 02:41:07.215+0900","N","","","","MIN","4ACM4701","29.59","ACQUIRED","2026-04-16 02:41"
"986","oht_time_avg","2026-04-16 02:41:07.215+0900","N","","","","MIN","4ACM4701","11.11","ASSIGN","2026-04-16 02:41"
"985","oht_time_avg","2026-04-16 02:41:07.215+0900","N","","","","MIN","4ACM4701","0.55","REP","2026-04-16 02:41"
"996","oht_time_avg","2026-04-16 02:42:07.141+0900","N","","","","MIN","4ACM4701","0.0","COMPLETED","2026-04-16 02:42"
"995","oht_time_avg","2026-04-16 02:42:07.141+0900","N","","","","MIN","4ACM4701","7.19","DESPOSITED","2026-04-16 02:42"
"994","oht_time_avg","2026-04-16 02:42:07.141+0900","N","","","","MIN","4ACM4701","132.16","TRANSFERRING","2026-04-16 02:42"
"993","oht_time_avg","2026-04-16 02:42:07.141+0900","N","","","","MIN","4ACM4701","33.31","ACQUIRED","2026-04-16 02:42"
"992","oht_time_avg","2026-04-16 02:42:07.141+0900","N","","","","MIN","4ACM4701","11.98","ASSIGN","2026-04-16 02:42"
"991","oht_time_avg","2026-04-16 02:42:07.141+0900","N","","","","MIN","4ACM4701","0.17","REP","2026-04-16 02:42"
"1002","oht_time_avg","2026-04-16 02:43:08.665+0900","N","","","","MIN","4ACM4701","0.0","COMPLETED","2026-04-16 02:43"
"1001","oht_time_avg","2026-04-16 02:43:08.665+0900","N","","","","MIN","4ACM4701","7.27","DESPOSITED","2026-04-16 02:43"
"1000","oht_time_avg","2026-04-16 02:43:08.665+0900","N","","","","MIN","4ACM4701","121.89","TRANSFERRING","2026-04-16 02:43"
"999","oht_time_avg","2026-04-16 02:43:08.665+0900","N","","","","MIN","4ACM4701","34.35","ACQUIRED","2026-04-16 02:43"
"998","oht_time_avg","2026-04-16 02:43:08.665+0900","N","","","","MIN","4ACM4701","12.35","ASSIGN","2026-04-16 02:43"
"997","oht_time_avg","2026-04-16 02:43:08.665+0900","N","","","","MIN","4ACM4701","0.19","REP","2026-04-16 02:43"
"1008","oht_time_avg","2026-04-16 02:44:06.995+0900","N","","","","MIN","4ACM4701","0.0","COMPLETED","2026-04-16 02:44"
"1007","oht_time_avg","2026-04-16 02:44:06.995+0900","N","","","","MIN","4ACM4701","7.36","DESPOSITED","2026-04-16 02:44"
"1006","oht_time_avg","2026-04-16 02:44:06.995+0900","N","","","","MIN","4ACM4701","135.14","TRANSFERRING","2026-04-16 02:44"
"1005","oht_time_avg","2026-04-16 02:44:06.995+0900","N","","","","MIN","4ACM4701","33.72","ACQUIRED","2026-04-16 02:44"
"1004","oht_time_avg","2026-04-16 02:44:06.995+0900","N","","","","MIN","4ACM4701","12.31","ASSIGN","2026-04-16 02:44"
"1003","oht_time_avg","2026-04-16 02:44:06.995+0900","N","","","","MIN","4ACM4701","0.2","REP","2026-04-16 02:44"
"1014","oht_time_avg","2026-04-16 02:45:07.492+0900","N","","","","MIN","4ACM4701","0.0","COMPLETED","2026-04-16 02:45"
"1013","oht_time_avg","2026-04-16 02:45:07.492+0900","N","","","","MIN","4ACM4701","7.45","DESPOSITED","2026-04-16 02:45"
"1012","oht_time_avg","2026-04-16 02:45:07.492+0900","N","","","","MIN","4ACM4701","133.49","TRANSFERRING","2026-04-16 02:45"
"1011","oht_time_avg","2026-04-16 02:45:07.492+0900","N","","","","MIN","4ACM4701","32.68","ACQUIRED","2026-04-16 02:45"
"1010","oht_time_avg","2026-04-16 02:45:07.492+0900","N","","","","MIN","4ACM4701","11.77","ASSIGN","2026-04-16 02:45"
"1009","oht_time_avg","2026-04-16 02:45:07.492+0900","N","","","","MIN","4ACM4701","0.15","REP","2026-04-16 02:45"
"1020","oht_time_avg","2026-04-16 02:46:07.213+0900","N","","","","MIN","4ACM4701","0.0","COMPLETED","2026-04-16 02:46"
"1019","oht_time_avg","2026-04-16 02:46:07.213+0900","N","","","","MIN","4ACM4701","7.49","DESPOSITED","2026-04-16 02:46"
"1018","oht_time_avg","2026-04-16 02:46:07.213+0900","N","","","","MIN","4ACM4701","144.28","TRANSFERRING","2026-04-16 02:46"
"1017","oht_time_avg","2026-04-16 02:46:07.213+0900","N","","","","MIN","4ACM4701","31.27","ACQUIRED","2026-04-16 02:46"
"1016","oht_time_avg","2026-04-16 02:46:07.213+0900","N","","","","MIN","4ACM4701","12.34","ASSIGN","2026-04-16 02:46"
"1015","oht_time_avg","2026-04-16 02:46:07.213+0900","N","","","","MIN","4ACM4701","0.15","REP","2026-04-16 02:46"
"1026","oht_time_avg","2026-04-16 02:47:06.995+0900","N","","","","MIN","4ACM4701","0.0","COMPLETED","2026-04-16 02:47"
"1025","oht_time_avg","2026-04-16 02:47:06.995+0900","N","","","","MIN","4ACM4701","7.32","DESPOSITED","2026-04-16 02:47"
"1024","oht_time_avg","2026-04-16 02:47:06.995+0900","N","","","","MIN","4ACM4701","137.26","TRANSFERRING","2026-04-16 02:47"
"1023","oht_time_avg","2026-04-16 02:47:06.995+0900","N","","","","MIN","4ACM4701","29.2","ACQUIRED","2026-04-16 02:47"
"1022","oht_time_avg","2026-04-16 02:47:06.995+0900","N","","","","MIN","4ACM4701","11.12","ASSIGN","2026-04-16 02:47"
"1021","oht_time_avg","2026-04-16 02:47:06.995+0900","N","","","","MIN","4ACM4701","0.14","REP","2026-04-16 02:47"
"1032","oht_time_avg","2026-04-16 02:48:08.498+0900","N","","","","MIN","4ACM4701","0.0","COMPLETED","2026-04-16 02:48"
"1031","oht_time_avg","2026-04-16 02:48:08.498+0900","N","","","","MIN","4ACM4701","7.36","DESPOSITED","2026-04-16 02:48"
"1030","oht_time_avg","2026-04-16 02:48:08.498+0900","N","","","","MIN","4ACM4701","133.95","TRANSFERRING","2026-04-16 02:48"
"1029","oht_time_avg","2026-04-16 02:48:08.498+0900","N","","","","MIN","4ACM4701","33.07","ACQUIRED","2026-04-16 02:48"
"1028","oht_time_avg","2026-04-16 02:48:08.498+0900","N","","","","MIN","4ACM4701","11.28","ASSIGN","2026-04-16 02:48"
"1027","oht_time_avg","2026-04-16 02:48:08.498+0900","N","","","","MIN","4ACM4701","0.45","REP","2026-04-16 02:48"
"1038","oht_time_avg","2026-04-16 02:49:07.090+0900","N","","","","MIN","4ACM4701","0.0","COMPLETED","2026-04-16 02:49"
"1037","oht_time_avg","2026-04-16 02:49:07.090+0900","N","","","","MIN","4ACM4701","7.31","DESPOSITED","2026-04-16 02:49"
"1036","oht_time_avg","2026-04-16 02:49:07.090+0900","N","","","","MIN","4ACM4701","141.63","TRANSFERRING","2026-04-16 02:49"
"1035","oht_time_avg","2026-04-16 02:49:07.090+0900","N","","","","MIN","4ACM4701","33.11","ACQUIRED","2026-04-16 02:49"
"1034","oht_time_avg","2026-04-16 02:49:07.090+0900","N","","","","MIN","4ACM4701","14.2","ASSIGN","2026-04-16 02:49"
"1033","oht_time_avg","2026-04-16 02:49:07.090+0900","N","","","","MIN","4ACM4701","0.16","REP","2026-04-16 02:49"
"1044","oht_time_avg","2026-04-16 02:50:07.724+0900","N","","","","MIN","4ACM4701","0.0","COMPLETED","2026-04-16 02:50"
"1043","oht_time_avg","2026-04-16 02:50:07.724+0900","N","","","","MIN","4ACM4701","6.96","DESPOSITED","2026-04-16 02:50"
"1042","oht_time_avg","2026-04-16 02:50:07.724+0900","N","","","","MIN","4ACM4701","136.42","TRANSFERRING","2026-04-16 02:50"
"1041","oht_time_avg","2026-04-16 02:50:07.724+0900","N","","","","MIN","4ACM4701","32.96","ACQUIRED","2026-04-16 02:50"
"1040","oht_time_avg","2026-04-16 02:50:07.724+0900","N","","","","MIN","4ACM4701","12.69","ASSIGN","2026-04-16 02:50"
"1039","oht_time_avg","2026-04-16 02:50:07.724+0900","N","","","","MIN","4ACM4701","0.9","REP","2026-04-16 02:50"
"1050","oht_time_avg","2026-04-16 02:51:09.879+0900","N","","","","MIN","4ACM4701","0.0","COMPLETED","2026-04-16 02:51"
"1049","oht_time_avg","2026-04-16 02:51:09.879+0900","N","","","","MIN","4ACM4701","7.18","DESPOSITED","2026-04-16 02:51"
"1048","oht_time_avg","2026-04-16 02:51:09.879+0900","N","","","","MIN","4ACM4701","124.74","TRANSFERRING","2026-04-16 02:51"
"1047","oht_time_avg","2026-04-16 02:51:09.879+0900","N","","","","MIN","4ACM4701","30.9","ACQUIRED","2026-04-16 02:51"
"1046","oht_time_avg","2026-04-16 02:51:09.879+0900","N","","","","MIN","4ACM4701","14.03","ASSIGN","2026-04-16 02:51"
"1045","oht_time_avg","2026-04-16 02:51:09.879+0900","N","","","","MIN","4ACM4701","0.15","REP","2026-04-16 02:51"
"1056","oht_time_avg","2026-04-16 02:52:10.932+0900","N","","","","MIN","4ACM4701","0.0","COMPLETED","2026-04-16 02:52"
"1055","oht_time_avg","2026-04-16 02:52:10.932+0900","N","","","","MIN","4ACM4701","7.1","DESPOSITED","2026-04-16 02:52"
"1054","oht_time_avg","2026-04-16 02:52:10.932+0900","N","","","","MIN","4ACM4701","133.97","TRANSFERRING","2026-04-16 02:52"
"1053","oht_time_avg","2026-04-16 02:52:10.932+0900","N","","","","MIN","4ACM4701","31.77","ACQUIRED","2026-04-16 02:52"
"1052","oht_time_avg","2026-04-16 02:52:10.932+0900","N","","","","MIN","4ACM4701","11.55","ASSIGN","2026-04-16 02:52"
"1051","oht_time_avg","2026-04-16 02:52:10.932+0900","N","","","","MIN","4ACM4701","0.12","REP","2026-04-16 02:52"
"1062","oht_time_avg","2026-04-16 02:53:08.897+0900","N","","","","MIN","4ACM4701","0.0","COMPLETED","2026-04-16 02:53"
"1061","oht_time_avg","2026-04-16 02:53:08.897+0900","N","","","","MIN","4ACM4701","7.0","DESPOSITED","2026-04-16 02:53"
"1060","oht_time_avg","2026-04-16 02:53:08.897+0900","N","","","","MIN","4ACM4701","132.18","TRANSFERRING","2026-04-16 02:53"
"1059","oht_time_avg","2026-04-16 02:53:08.897+0900","N","","","","MIN","4ACM4701","32.03","ACQUIRED","2026-04-16 02:53"
"1058","oht_time_avg","2026-04-16 02:53:08.897+0900","N","","","","MIN","4ACM4701","10.79","ASSIGN","2026-04-16 02:53"
"1057","oht_time_avg","2026-04-16 02:53:08.897+0900","N","","","","MIN","4ACM4701","1.78","REP","2026-04-16 02:53"
"1068","oht_time_avg","2026-04-16 02:54:07.069+0900","N","","","","MIN","4ACM4701","0.0","COMPLETED","2026-04-16 02:54"
"1067","oht_time_avg","2026-04-16 02:54:07.069+0900","N","","","","MIN","4ACM4701","7.07","DESPOSITED","2026-04-16 02:54"
"1066","oht_time_avg","2026-04-16 02:54:07.069+0900","N","","","","MIN","4ACM4701","140.28","TRANSFERRING","2026-04-16 02:54"
"1065","oht_time_avg","2026-04-16 02:54:07.069+0900","N","","","","MIN","4ACM4701","34.4","ACQUIRED","2026-04-16 02:54"
"1064","oht_time_avg","2026-04-16 02:54:07.069+0900","N","","","","MIN","4ACM4701","10.84","ASSIGN","2026-04-16 02:54"
"1063","oht_time_avg","2026-04-16 02:54:07.069+0900","N","","","","MIN","4ACM4701","0.15","REP","2026-04-16 02:54"
"1074","oht_time_avg","2026-04-16 02:55:08.154+0900","N","","","","MIN","4ACM4701","0.0","COMPLETED","2026-04-16 02:55"
"1073","oht_time_avg","2026-04-16 02:55:08.154+0900","N","","","","MIN","4ACM4701","7.2","DESPOSITED","2026-04-16 02:55"
"1072","oht_time_avg","2026-04-16 02:55:08.154+0900","N","","","","MIN","4ACM4701","131.75","TRANSFERRING","2026-04-16 02:55"
"1071","oht_time_avg","2026-04-16 02:55:08.154+0900","N","","","","MIN","4ACM4701","32.34","ACQUIRED","2026-04-16 02:55"
"1070","oht_time_avg","2026-04-16 02:55:08.154+0900","N","","","","MIN","4ACM4701","14.05","ASSIGN","2026-04-16 02:55"
"1069","oht_time_avg","2026-04-16 02:55:08.154+0900","N","","","","MIN","4ACM4701","0.16","REP","2026-04-16 02:55"
"1080","oht_time_avg","2026-04-16 02:56:07.448+0900","N","","","","MIN","4ACM4701","0.0","COMPLETED","2026-04-16 02:56"
"1079","oht_time_avg","2026-04-16 02:56:07.448+0900","N","","","","MIN","4ACM4701","7.24","DESPOSITED","2026-04-16 02:56"
"1078","oht_time_avg","2026-04-16 02:56:07.448+0900","N","","","","MIN","4ACM4701","131.86","TRANSFERRING","2026-04-16 02:56"
"1077","oht_time_avg","2026-04-16 02:56:07.448+0900","N","","","","MIN","4ACM4701","34.21","ACQUIRED","2026-04-16 02:56"
"1076","oht_time_avg","2026-04-16 02:56:07.448+0900","N","","","","MIN","4ACM4701","11.96","ASSIGN","2026-04-16 02:56"
"1075","oht_time_avg","2026-04-16 02:56:07.448+0900","N","","","","MIN","4ACM4701","0.15","REP","2026-04-16 02:56"
"1086","oht_time_avg","2026-04-16 02:57:07.245+0900","N","","","","MIN","4ACM4701","0.0","COMPLETED","2026-04-16 02:57"
"1085","oht_time_avg","2026-04-16 02:57:07.245+0900","N","","","","MIN","4ACM4701","7.25","DESPOSITED","2026-04-16 02:57"
"1084","oht_time_avg","2026-04-16 02:57:07.245+0900","N","","","","MIN","4ACM4701","139.01","TRANSFERRING","2026-04-16 02:57"
"1083","oht_time_avg","2026-04-16 02:57:07.245+0900","N","","","","MIN","4ACM4701","31.8","ACQUIRED","2026-04-16 02:57"
"1082","oht_time_avg","2026-04-16 02:57:07.245+0900","N","","","","MIN","4ACM4701","11.33","ASSIGN","2026-04-16 02:57"
"1081","oht_time_avg","2026-04-16 02:57:07.245+0900","N","","","","MIN","4ACM4701","0.15","REP","2026-04-16 02:57"
"1092","oht_time_avg","2026-04-16 02:58:07.709+0900","N","","","","MIN","4ACM4701","0.0","COMPLETED","2026-04-16 02:58"
"1091","oht_time_avg","2026-04-16 02:58:07.709+0900","N","","","","MIN","4ACM4701","7.06","DESPOSITED","2026-04-16 02:58"
"1090","oht_time_avg","2026-04-16 02:58:07.709+0900","N","","","","MIN","4ACM4701","146.21","TRANSFERRING","2026-04-16 02:58"
"1089","oht_time_avg","2026-04-16 02:58:07.709+0900","N","","","","MIN","4ACM4701","31.82","ACQUIRED","2026-04-16 02:58"
"1088","oht_time_avg","2026-04-16 02:58:07.709+0900","N","","","","MIN","4ACM4701","11.11","ASSIGN","2026-04-16 02:58"
"1087","oht_time_avg","2026-04-16 02:58:07.709+0900","N","","","","MIN","4ACM4701","0.41","REP","2026-04-16 02:58"
"1098","oht_time_avg","2026-04-16 02:59:07.760+0900","N","","","","MIN","4ACM4701","0.0","COMPLETED","2026-04-16 02:59"
"1097","oht_time_avg","2026-04-16 02:59:07.760+0900","N","","","","MIN","4ACM4701","7.29","DESPOSITED","2026-04-16 02:59"
"1096","oht_time_avg","2026-04-16 02:59:07.760+0900","N","","","","MIN","4ACM4701","130.02","TRANSFERRING","2026-04-16 02:59"
"1095","oht_time_avg","2026-04-16 02:59:07.760+0900","N","","","","MIN","4ACM4701","31.78","ACQUIRED","2026-04-16 02:59"
"1094","oht_time_avg","2026-04-16 02:59:07.760+0900","N","","","","MIN","4ACM4701","11.16","ASSIGN","2026-04-16 02:59"
"1093","oht_time_avg","2026-04-16 02:59:07.760+0900","N","","","","MIN","4ACM4701","0.15","REP","2026-04-16 02:59"
"1104","oht_time_avg","2026-04-16 03:00:09.390+0900","N","","","","MIN","4ACM4701","0.0","COMPLETED","2026-04-16 03:00"
"1103","oht_time_avg","2026-04-16 03:00:09.390+0900","N","","","","MIN","4ACM4701","7.15","DESPOSITED","2026-04-16 03:00"
"1102","oht_time_avg","2026-04-16 03:00:09.390+0900","N","","","","MIN","4ACM4701","133.29","TRANSFERRING","2026-04-16 03:00"
"1101","oht_time_avg","2026-04-16 03:00:09.390+0900","N","","","","MIN","4ACM4701","32.65","ACQUIRED","2026-04-16 03:00"
"1100","oht_time_avg","2026-04-16 03:00:09.390+0900","N","","","","MIN","4ACM4701","11.22","ASSIGN","2026-04-16 03:00"
"1099","oht_time_avg","2026-04-16 03:00:09.390+0900","N","","","","MIN","4ACM4701","0.15","REP","2026-04-16 03:00"
"1110","oht_time_avg","2026-04-16 03:01:09.117+0900","N","","","","MIN","4ACM4701","0.0","COMPLETED","2026-04-16 03:01"
"1109","oht_time_avg","2026-04-16 03:01:09.117+0900","N","","","","MIN","4ACM4701","7.33","DESPOSITED","2026-04-16 03:01"
"1108","oht_time_avg","2026-04-16 03:01:09.117+0900","N","","","","MIN","4ACM4701","132.5","TRANSFERRING","2026-04-16 03:01"
"1107","oht_time_avg","2026-04-16 03:01:09.117+0900","N","","","","MIN","4ACM4701","34.03","ACQUIRED","2026-04-16 03:01"
"1106","oht_time_avg","2026-04-16 03:01:09.117+0900","N","","","","MIN","4ACM4701","11.94","ASSIGN","2026-04-16 03:01"
"1105","oht_time_avg","2026-04-16 03:01:09.117+0900","N","","","","MIN","4ACM4701","0.16","REP","2026-04-16 03:01"
"1116","oht_time_avg","2026-04-16 03:01:09.518+0900","N","","","","HOUR","4ACM4701","0.0","COMPLETED","2026-04-16 03:00"
"1115","oht_time_avg","2026-04-16 03:01:09.518+0900","N","","","","HOUR","4ACM4701","7.07","DESPOSITED","2026-04-16 03:00"
"1114","oht_time_avg","2026-04-16 03:01:09.518+0900","N","","","","HOUR","4ACM4701","132.12","TRANSFERRING","2026-04-16 03:00"
"1113","oht_time_avg","2026-04-16 03:01:09.518+0900","N","","","","HOUR","4ACM4701","31.66","ACQUIRED","2026-04-16 03:00"
"1112","oht_time_avg","2026-04-16 03:01:09.518+0900","N","","","","HOUR","4ACM4701","11.53","ASSIGN","2026-04-16 03:00"
"1111","oht_time_avg","2026-04-16 03:01:09.518+0900","N","","","","HOUR","4ACM4701","0.14","REP","2026-04-16 03:00"
"1122","oht_time_avg","2026-04-16 03:02:07.264+0900","N","","","","MIN","4ACM4701","0.0","COMPLETED","2026-04-16 03:02"
"1121","oht_time_avg","2026-04-16 03:02:07.264+0900","N","","","","MIN","4ACM4701","7.17","DESPOSITED","2026-04-16 03:02"
"1120","oht_time_avg","2026-04-16 03:02:07.264+0900","N","","","","MIN","4ACM4701","140.07","TRANSFERRING","2026-04-16 03:02"
"1119","oht_time_avg","2026-04-16 03:02:07.264+0900","N","","","","MIN","4ACM4701","34.5","ACQUIRED","2026-04-16 03:02"
"1118","oht_time_avg","2026-04-16 03:02:07.264+0900","N","","","","MIN","4ACM4701","13.94","ASSIGN","2026-04-16 03:02"
"1117","oht_time_avg","2026-04-16 03:02:07.264+0900","N","","","","MIN","4ACM4701","0.15","REP","2026-04-16 03:02"
"1128","oht_time_avg","2026-04-16 03:03:08.123+0900","N","","","","MIN","4ACM4701","0.0","COMPLETED","2026-04-16 03:03"
"1127","oht_time_avg","2026-04-16 03:03:08.123+0900","N","","","","MIN","4ACM4701","7.39","DESPOSITED","2026-04-16 03:03"
"1126","oht_time_avg","2026-04-16 03:03:08.123+0900","N","","","","MIN","4ACM4701","145.3","TRANSFERRING","2026-04-16 03:03"
"1125","oht_time_avg","2026-04-16 03:03:08.123+0900","N","","","","MIN","4ACM4701","32.66","ACQUIRED","2026-04-16 03:03"
"1124","oht_time_avg","2026-04-16 03:03:08.123+0900","N","","","","MIN","4ACM4701","13.98","ASSIGN","2026-04-16 03:03"
"1123","oht_time_avg","2026-04-16 03:03:08.123+0900","N","","","","MIN","4ACM4701","1.39","REP","2026-04-16 03:03"
"1134","oht_time_avg","2026-04-16 03:04:07.242+0900","N","","","","MIN","4ACM4701","0.0","COMPLETED","2026-04-16 03:04"
"1133","oht_time_avg","2026-04-16 03:04:07.242+0900","N","","","","MIN","4ACM4701","7.08","DESPOSITED","2026-04-16 03:04"
"1132","oht_time_avg","2026-04-16 03:04:07.242+0900","N","","","","MIN","4ACM4701","137.74","TRANSFERRING","2026-04-16 03:04"
"1131","oht_time_avg","2026-04-16 03:04:07.242+0900","N","","","","MIN","4ACM4701","33.04","ACQUIRED","2026-04-16 03:04"
"1130","oht_time_avg","2026-04-16 03:04:07.242+0900","N","","","","MIN","4ACM4701","14.4","ASSIGN","2026-04-16 03:04"
"1129","oht_time_avg","2026-04-16 03:04:07.242+0900","N","","","","MIN","4ACM4701","0.12","REP","2026-04-16 03:04"
"1140","oht_time_avg","2026-04-16 03:05:07.761+0900","N","","","","MIN","4ACM4701","0.0","COMPLETED","2026-04-16 03:05"
"1139","oht_time_avg","2026-04-16 03:05:07.761+0900","N","","","","MIN","4ACM4701","7.16","DESPOSITED","2026-04-16 03:05"
"1138","oht_time_avg","2026-04-16 03:05:07.761+0900","N","","","","MIN","4ACM4701","135.22","TRANSFERRING","2026-04-16 03:05"
"1137","oht_time_avg","2026-04-16 03:05:07.761+0900","N","","","","MIN","4ACM4701","35.04","ACQUIRED","2026-04-16 03:05"
"1136","oht_time_avg","2026-04-16 03:05:07.761+0900","N","","","","MIN","4ACM4701","14.89","ASSIGN","2026-04-16 03:05"
"1135","oht_time_avg","2026-04-16 03:05:07.761+0900","N","","","","MIN","4ACM4701","0.15","REP","2026-04-16 03:05"
"1146","oht_time_avg","2026-04-16 03:06:07.527+0900","N","","","","MIN","4ACM4701","0.0","COMPLETED","2026-04-16 03:06"
"1145","oht_time_avg","2026-04-16 03:06:07.527+0900","N","","","","MIN","4ACM4701","7.21","DESPOSITED","2026-04-16 03:06"
"1144","oht_time_avg","2026-04-16 03:06:07.527+0900","N","","","","MIN","4ACM4701","138.79","TRANSFERRING","2026-04-16 03:06"
"1143","oht_time_avg","2026-04-16 03:06:07.527+0900","N","","","","MIN","4ACM4701","31.83","ACQUIRED","2026-04-16 03:06"
"1142","oht_time_avg","2026-04-16 03:06:07.527+0900","N","","","","MIN","4ACM4701","12.69","ASSIGN","2026-04-16 03:06"
"1141","oht_time_avg","2026-04-16 03:06:07.527+0900","N","","","","MIN","4ACM4701","0.14","REP","2026-04-16 03:06"
"1152","oht_time_avg","2026-04-16 03:07:07.596+0900","N","","","","MIN","4ACM4701","0.0","COMPLETED","2026-04-16 03:07"
"1151","oht_time_avg","2026-04-16 03:07:07.596+0900","N","","","","MIN","4ACM4701","7.14","DESPOSITED","2026-04-16 03:07"
"1150","oht_time_avg","2026-04-16 03:07:07.596+0900","N","","","","MIN","4ACM4701","137.69","TRANSFERRING","2026-04-16 03:07"
"1149","oht_time_avg","2026-04-16 03:07:07.596+0900","N","","","","MIN","4ACM4701","30.76","ACQUIRED","2026-04-16 03:07"
"1148","oht_time_avg","2026-04-16 03:07:07.596+0900","N","","","","MIN","4ACM4701","11.31","ASSIGN","2026-04-16 03:07"
"1147","oht_time_avg","2026-04-16 03:07:07.596+0900","N","","","","MIN","4ACM4701","0.15","REP","2026-04-16 03:07"
"1158","oht_time_avg","2026-04-16 03:08:08.098+0900","N","","","","MIN","4ACM4701","0.0","COMPLETED","2026-04-16 03:08"
"1157","oht_time_avg","2026-04-16 03:08:08.098+0900","N","","","","MIN","4ACM4701","7.11","DESPOSITED","2026-04-16 03:08"
"1156","oht_time_avg","2026-04-16 03:08:08.098+0900","N","","","","MIN","4ACM4701","137.38","TRANSFERRING","2026-04-16 03:08"
"1155","oht_time_avg","2026-04-16 03:08:08.098+0900","N","","","","MIN","4ACM4701","30.49","ACQUIRED","2026-04-16 03:08"
"1154","oht_time_avg","2026-04-16 03:08:08.098+0900","N","","","","MIN","4ACM4701","12.44","ASSIGN","2026-04-16 03:08"
"1153","oht_time_avg","2026-04-16 03:08:08.098+0900","N","","","","MIN","4ACM4701","1.11","REP","2026-04-16 03:08"
"1164","oht_time_avg","2026-04-16 03:09:08.708+0900","N","","","","MIN","4ACM4701","0.0","COMPLETED","2026-04-16 03:09"
"1163","oht_time_avg","2026-04-16 03:09:08.708+0900","N","","","","MIN","4ACM4701","7.33","DESPOSITED","2026-04-16 03:09"
"1162","oht_time_avg","2026-04-16 03:09:08.708+0900","N","","","","MIN","4ACM4701","136.09","TRANSFERRING","2026-04-16 03:09"
"1161","oht_time_avg","2026-04-16 03:09:08.708+0900","N","","","","MIN","4ACM4701","29.47","ACQUIRED","2026-04-16 03:09"
"1160","oht_time_avg","2026-04-16 03:09:08.708+0900","N","","","","MIN","4ACM4701","11.0","ASSIGN","2026-04-16 03:09"
"1159","oht_time_avg","2026-04-16 03:09:08.708+0900","N","","","","MIN","4ACM4701","0.12","REP","2026-04-16 03:09"
"1170","oht_time_avg","2026-04-16 03:10:07.624+0900","N","","","","MIN","4ACM4701","0.0","COMPLETED","2026-04-16 03:10"
"1169","oht_time_avg","2026-04-16 03:10:07.624+0900","N","","","","MIN","4ACM4701","7.26","DESPOSITED","2026-04-16 03:10"
"1168","oht_time_avg","2026-04-16 03:10:07.624+0900","N","","","","MIN","4ACM4701","137.66","TRANSFERRING","2026-04-16 03:10"
"1167","oht_time_avg","2026-04-16 03:10:07.624+0900","N","","","","MIN","4ACM4701","30.79","ACQUIRED","2026-04-16 03:10"
"1166","oht_time_avg","2026-04-16 03:10:07.624+0900","N","","","","MIN","4ACM4701","11.55","ASSIGN","2026-04-16 03:10"
"1165","oht_time_avg","2026-04-16 03:10:07.624+0900","N","","","","MIN","4ACM4701","0.47","REP","2026-04-16 03:10"
"1176","oht_time_avg","2026-04-16 03:11:09.975+0900","N","","","","MIN","4ACM4701","0.0","COMPLETED","2026-04-16 03:11"
"1175","oht_time_avg","2026-04-16 03:11:09.975+0900","N","","","","MIN","4ACM4701","7.38","DESPOSITED","2026-04-16 03:11"
"1174","oht_time_avg","2026-04-16 03:11:09.975+0900","N","","","","MIN","4ACM4701","135.76","TRANSFERRING","2026-04-16 03:11"
"1173","oht_time_avg","2026-04-16 03:11:09.975+0900","N","","","","MIN","4ACM4701","28.21","ACQUIRED","2026-04-16 03:11"
"1172","oht_time_avg","2026-04-16 03:11:09.975+0900","N","","","","MIN","4ACM4701","10.13","ASSIGN","2026-04-16 03:11"
"1171","oht_time_avg","2026-04-16 03:11:09.975+0900","N","","","","MIN","4ACM4701","0.42","REP","2026-04-16 03:11"
"1182","oht_time_avg","2026-04-16 03:12:08.013+0900","N","","","","MIN","4ACM4701","0.0","COMPLETED","2026-04-16 03:12"
"1181","oht_time_avg","2026-04-16 03:12:08.013+0900","N","","","","MIN","4ACM4701","7.4","DESPOSITED","2026-04-16 03:12"
"1180","oht_time_avg","2026-04-16 03:12:08.013+0900","N","","","","MIN","4ACM4701","139.02","TRANSFERRING","2026-04-16 03:12"
"1179","oht_time_avg","2026-04-16 03:12:08.013+0900","N","","","","MIN","4ACM4701","31.32","ACQUIRED","2026-04-16 03:12"
"1178","oht_time_avg","2026-04-16 03:12:08.013+0900","N","","","","MIN","4ACM4701","11.31","ASSIGN","2026-04-16 03:12"
"1177","oht_time_avg","2026-04-16 03:12:08.013+0900","N","","","","MIN","4ACM4701","0.13","REP","2026-04-16 03:12"
"1188","oht_time_avg","2026-04-16 03:13:08.021+0900","N","","","","MIN","4ACM4701","0.0","COMPLETED","2026-04-16 03:13"
"1187","oht_time_avg","2026-04-16 03:13:08.021+0900","N","","","","MIN","4ACM4701","7.17","DESPOSITED","2026-04-16 03:13"
"1186","oht_time_avg","2026-04-16 03:13:08.021+0900","N","","","","MIN","4ACM4701","127.61","TRANSFERRING","2026-04-16 03:13"
"1185","oht_time_avg","2026-04-16 03:13:08.021+0900","N","","","","MIN","4ACM4701","30.13","ACQUIRED","2026-04-16 03:13"
"1184","oht_time_avg","2026-04-16 03:13:08.021+0900","N","","","","MIN","4ACM4701","10.99","ASSIGN","2026-04-16 03:13"
"1183","oht_time_avg","2026-04-16 03:13:08.021+0900","N","","","","MIN","4ACM4701","0.93","REP","2026-04-16 03:13"
"1194","oht_time_avg","2026-04-16 03:14:07.651+0900","N","","","","MIN","4ACM4701","0.0","COMPLETED","2026-04-16 03:14"
"1193","oht_time_avg","2026-04-16 03:14:07.651+0900","N","","","","MIN","4ACM4701","7.13","DESPOSITED","2026-04-16 03:14"
"1192","oht_time_avg","2026-04-16 03:14:07.651+0900","N","","","","MIN","4ACM4701","139.82","TRANSFERRING","2026-04-16 03:14"
"1191","oht_time_avg","2026-04-16 03:14:07.651+0900","N","","","","MIN","4ACM4701","32.18","ACQUIRED","2026-04-16 03:14"
"1190","oht_time_avg","2026-04-16 03:14:07.651+0900","N","","","","MIN","4ACM4701","11.04","ASSIGN","2026-04-16 03:14"
"1189","oht_time_avg","2026-04-16 03:14:07.651+0900","N","","","","MIN","4ACM4701","0.76","REP","2026-04-16 03:14"
"1200","oht_time_avg","2026-04-16 03:15:10.128+0900","N","","","","MIN","4ACM4701","0.0","COMPLETED","2026-04-16 03:15"
"1199","oht_time_avg","2026-04-16 03:15:10.128+0900","N","","","","MIN","4ACM4701","7.0","DESPOSITED","2026-04-16 03:15"
"1198","oht_time_avg","2026-04-16 03:15:10.128+0900","N","","","","MIN","4ACM4701","128.23","TRANSFERRING","2026-04-16 03:15"
"1197","oht_time_avg","2026-04-16 03:15:10.128+0900","N","","","","MIN","4ACM4701","31.32","ACQUIRED","2026-04-16 03:15"
"1196","oht_time_avg","2026-04-16 03:15:10.128+0900","N","","","","MIN","4ACM4701","11.0","ASSIGN","2026-04-16 03:15"
"1195","oht_time_avg","2026-04-16 03:15:10.128+0900","N","","","","MIN","4ACM4701","1.32","REP","2026-04-16 03:15"
"1206","oht_time_avg","2026-04-16 03:16:08.368+0900","N","","","","MIN","4ACM4701","0.0","COMPLETED","2026-04-16 03:16"
"1205","oht_time_avg","2026-04-16 03:16:08.368+0900","N","","","","MIN","4ACM4701","7.07","DESPOSITED","2026-04-16 03:16"
"1204","oht_time_avg","2026-04-16 03:16:08.368+0900","N","","","","MIN","4ACM4701","126.36","TRANSFERRING","2026-04-16 03:16"
"1203","oht_time_avg","2026-04-16 03:16:08.368+0900","N","","","","MIN","4ACM4701","31.37","ACQUIRED","2026-04-16 03:16"
"1202","oht_time_avg","2026-04-16 03:16:08.368+0900","N","","","","MIN","4ACM4701","10.87","ASSIGN","2026-04-16 03:16"
"1201","oht_time_avg","2026-04-16 03:16:08.368+0900","N","","","","MIN","4ACM4701","0.14","REP","2026-04-16 03:16"
"1212","oht_time_avg","2026-04-16 03:17:07.973+0900","N","","","","MIN","4ACM4701","0.0","COMPLETED","2026-04-16 03:17"
"1211","oht_time_avg","2026-04-16 03:17:07.973+0900","N","","","","MIN","4ACM4701","7.27","DESPOSITED","2026-04-16 03:17"
"1210","oht_time_avg","2026-04-16 03:17:07.973+0900","N","","","","MIN","4ACM4701","137.76","TRANSFERRING","2026-04-16 03:17"
"1209","oht_time_avg","2026-04-16 03:17:07.973+0900","N","","","","MIN","4ACM4701","31.41","ACQUIRED","2026-04-16 03:17"
"1208","oht_time_avg","2026-04-16 03:17:07.973+0900","N","","","","MIN","4ACM4701","12.35","ASSIGN","2026-04-16 03:17"
"1207","oht_time_avg","2026-04-16 03:17:07.973+0900","N","","","","MIN","4ACM4701","1.58","REP","2026-04-16 03:17"
"1218","oht_time_avg","2026-04-16 03:18:08.747+0900","N","","","","MIN","4ACM4701","0.0","COMPLETED","2026-04-16 03:18"
"1217","oht_time_avg","2026-04-16 03:18:08.747+0900","N","","","","MIN","4ACM4701","7.23","DESPOSITED","2026-04-16 03:18"
"1216","oht_time_avg","2026-04-16 03:18:08.747+0900","N","","","","MIN","4ACM4701","136.32","TRANSFERRING","2026-04-16 03:18"
"1215","oht_time_avg","2026-04-16 03:18:08.747+0900","N","","","","MIN","4ACM4701","32.5","ACQUIRED","2026-04-16 03:18"
"1214","oht_time_avg","2026-04-16 03:18:08.747+0900","N","","","","MIN","4ACM4701","14.25","ASSIGN","2026-04-16 03:18"
"1213","oht_time_avg","2026-04-16 03:18:08.747+0900","N","","","","MIN","4ACM4701","0.16","REP","2026-04-16 03:18"
"1224","oht_time_avg","2026-04-16 03:19:06.844+0900","N","","","","MIN","4ACM4701","0.0","COMPLETED","2026-04-16 03:19"
"1223","oht_time_avg","2026-04-16 03:19:06.844+0900","N","","","","MIN","4ACM4701","7.26","DESPOSITED","2026-04-16 03:19"
"1222","oht_time_avg","2026-04-16 03:19:06.844+0900","N","","","","MIN","4ACM4701","133.63","TRANSFERRING","2026-04-16 03:19"
"1221","oht_time_avg","2026-04-16 03:19:06.844+0900","N","","","","MIN","4ACM4701","34.28","ACQUIRED","2026-04-16 03:19"
"1220","oht_time_avg","2026-04-16 03:19:06.844+0900","N","","","","MIN","4ACM4701","13.92","ASSIGN","2026-04-16 03:19"
"1219","oht_time_avg","2026-04-16 03:19:06.844+0900","N","","","","MIN","4ACM4701","0.17","REP","2026-04-16 03:19"
"1230","oht_time_avg","2026-04-16 03:20:07.786+0900","N","","","","MIN","4ACM4701","0.0","COMPLETED","2026-04-16 03:20"
"1229","oht_time_avg","2026-04-16 03:20:07.786+0900","N","","","","MIN","4ACM4701","7.3","DESPOSITED","2026-04-16 03:20"
"1228","oht_time_avg","2026-04-16 03:20:07.786+0900","N","","","","MIN","4ACM4701","142.45","TRANSFERRING","2026-04-16 03:20"
"1227","oht_time_avg","2026-04-16 03:20:07.786+0900","N","","","","MIN","4ACM4701","33.22","ACQUIRED","2026-04-16 03:20"
"1226","oht_time_avg","2026-04-16 03:20:07.786+0900","N","","","","MIN","4ACM4701","13.38","ASSIGN","2026-04-16 03:20"
"1225","oht_time_avg","2026-04-16 03:20:07.786+0900","N","","","","MIN","4ACM4701","0.18","REP","2026-04-16 03:20"
"1236","oht_time_avg","2026-04-16 03:21:08.152+0900","N","","","","MIN","4ACM4701","0.0","COMPLETED","2026-04-16 03:21"
"1235","oht_time_avg","2026-04-16 03:21:08.152+0900","N","","","","MIN","4ACM4701","7.24","DESPOSITED","2026-04-16 03:21"
"1234","oht_time_avg","2026-04-16 03:21:08.152+0900","N","","","","MIN","4ACM4701","126.29","TRANSFERRING","2026-04-16 03:21"
"1233","oht_time_avg","2026-04-16 03:21:08.152+0900","N","","","","MIN","4ACM4701","31.4","ACQUIRED","2026-04-16 03:21"
"1232","oht_time_avg","2026-04-16 03:21:08.152+0900","N","","","","MIN","4ACM4701","11.7","ASSIGN","2026-04-16 03:21"
"1231","oht_time_avg","2026-04-16 03:21:08.152+0900","N","","","","MIN","4ACM4701","0.14","REP","2026-04-16 03:21"
"1242","oht_time_avg","2026-04-16 03:22:07.601+0900","N","","","","MIN","4ACM4701","0.0","COMPLETED","2026-04-16 03:22"
"1241","oht_time_avg","2026-04-16 03:22:07.601+0900","N","","","","MIN","4ACM4701","7.34","DESPOSITED","2026-04-16 03:22"
"1240","oht_time_avg","2026-04-16 03:22:07.601+0900","N","","","","MIN","4ACM4701","134.32","TRANSFERRING","2026-04-16 03:22"
"1239","oht_time_avg","2026-04-16 03:22:07.601+0900","N","","","","MIN","4ACM4701","31.79","ACQUIRED","2026-04-16 03:22"
"1238","oht_time_avg","2026-04-16 03:22:07.601+0900","N","","","","MIN","4ACM4701","13.06","ASSIGN","2026-04-16 03:22"
"1237","oht_time_avg","2026-04-16 03:22:07.601+0900","N","","","","MIN","4ACM4701","0.14","REP","2026-04-16 03:22"
"1248","oht_time_avg","2026-04-16 03:23:07.944+0900","N","","","","MIN","4ACM4701","0.0","COMPLETED","2026-04-16 03:23"
"1247","oht_time_avg","2026-04-16 03:23:07.944+0900","N","","","","MIN","4ACM4701","7.16","DESPOSITED","2026-04-16 03:23"
"1246","oht_time_avg","2026-04-16 03:23:07.944+0900","N","","","","MIN","4ACM4701","135.77","TRANSFERRING","2026-04-16 03:23"
"1245","oht_time_avg","2026-04-16 03:23:07.944+0900","N","","","","MIN","4ACM4701","29.1","ACQUIRED","2026-04-16 03:23"
"1244","oht_time_avg","2026-04-16 03:23:07.944+0900","N","","","","MIN","4ACM4701","11.02","ASSIGN","2026-04-16 03:23"
"1243","oht_time_avg","2026-04-16 03:23:07.944+0900","N","","","","MIN","4ACM4701","0.15","REP","2026-04-16 03:23"
"1254","oht_time_avg","2026-04-16 03:24:06.894+0900","N","","","","MIN","4ACM4701","0.0","COMPLETED","2026-04-16 03:24"
"1253","oht_time_avg","2026-04-16 03:24:06.894+0900","N","","","","MIN","4ACM4701","7.47","DESPOSITED","2026-04-16 03:24"
"1252","oht_time_avg","2026-04-16 03:24:06.894+0900","N","","","","MIN","4ACM4701","130.58","TRANSFERRING","2026-04-16 03:24"
"1251","oht_time_avg","2026-04-16 03:24:06.894+0900","N","","","","MIN","4ACM4701","30.63","ACQUIRED","2026-04-16 03:24"
"1250","oht_time_avg","2026-04-16 03:24:06.894+0900","N","","","","MIN","4ACM4701","12.93","ASSIGN","2026-04-16 03:24"
"1249","oht_time_avg","2026-04-16 03:24:06.894+0900","N","","","","MIN","4ACM4701","0.14","REP","2026-04-16 03:24"
"1260","oht_time_avg","2026-04-16 03:25:08.959+0900","N","","","","MIN","4ACM4701","0.0","COMPLETED","2026-04-16 03:25"
"1259","oht_time_avg","2026-04-16 03:25:08.959+0900","N","","","","MIN","4ACM4701","7.31","DESPOSITED","2026-04-16 03:25"
"1258","oht_time_avg","2026-04-16 03:25:08.959+0900","N","","","","MIN","4ACM4701","138.12","TRANSFERRING","2026-04-16 03:25"
"1257","oht_time_avg","2026-04-16 03:25:08.959+0900","N","","","","MIN","4ACM4701","32.96","ACQUIRED","2026-04-16 03:25"
"1256","oht_time_avg","2026-04-16 03:25:08.959+0900","N","","","","MIN","4ACM4701","10.43","ASSIGN","2026-04-16 03:25"
"1255","oht_time_avg","2026-04-16 03:25:08.959+0900","N","","","","MIN","4ACM4701","0.15","REP","2026-04-16 03:25"
"1266","oht_time_avg","2026-04-16 03:26:07.420+0900","N","","","","MIN","4ACM4701","0.0","COMPLETED","2026-04-16 03:26"
"1265","oht_time_avg","2026-04-16 03:26:07.420+0900","N","","","","MIN","4ACM4701","7.34","DESPOSITED","2026-04-16 03:26"
"1264","oht_time_avg","2026-04-16 03:26:07.420+0900","N","","","","MIN","4ACM4701","134.18","TRANSFERRING","2026-04-16 03:26"
"1263","oht_time_avg","2026-04-16 03:26:07.420+0900","N","","","","MIN","4ACM4701","32.91","ACQUIRED","2026-04-16 03:26"
"1262","oht_time_avg","2026-04-16 03:26:07.420+0900","N","","","","MIN","4ACM4701","12.4","ASSIGN","2026-04-16 03:26"
"1261","oht_time_avg","2026-04-16 03:26:07.420+0900","N","","","","MIN","4ACM4701","0.84","REP","2026-04-16 03:26"
"1272","oht_time_avg","2026-04-16 03:27:07.877+0900","N","","","","MIN","4ACM4701","0.0","COMPLETED","2026-04-16 03:27"
"1271","oht_time_avg","2026-04-16 03:27:07.877+0900","N","","","","MIN","4ACM4701","7.1","DESPOSITED","2026-04-16 03:27"
"1270","oht_time_avg","2026-04-16 03:27:07.877+0900","N","","","","MIN","4ACM4701","134.1","TRANSFERRING","2026-04-16 03:27"
"1269","oht_time_avg","2026-04-16 03:27:07.877+0900","N","","","","MIN","4ACM4701","30.72","ACQUIRED","2026-04-16 03:27"
"1268","oht_time_avg","2026-04-16 03:27:07.877+0900","N","","","","MIN","4ACM4701","9.5","ASSIGN","2026-04-16 03:27"
"1267","oht_time_avg","2026-04-16 03:27:07.877+0900","N","","","","MIN","4ACM4701","0.82","REP","2026-04-16 03:27"
"1278","oht_time_avg","2026-04-16 03:28:08.041+0900","N","","","","MIN","4ACM4701","0.0","COMPLETED","2026-04-16 03:28"
"1277","oht_time_avg","2026-04-16 03:28:08.041+0900","N","","","","MIN","4ACM4701","7.28","DESPOSITED","2026-04-16 03:28"
"1276","oht_time_avg","2026-04-16 03:28:08.041+0900","N","","","","MIN","4ACM4701","133.31","TRANSFERRING","2026-04-16 03:28"
"1275","oht_time_avg","2026-04-16 03:28:08.041+0900","N","","","","MIN","4ACM4701","32.09","ACQUIRED","2026-04-16 03:28"
"1274","oht_time_avg","2026-04-16 03:28:08.041+0900","N","","","","MIN","4ACM4701","11.54","ASSIGN","2026-04-16 03:28"
"1273","oht_time_avg","2026-04-16 03:28:08.041+0900","N","","","","MIN","4ACM4701","0.18","REP","2026-04-16 03:28"
"1284","oht_time_avg","2026-04-16 03:29:07.953+0900","N","","","","MIN","4ACM4701","0.0","COMPLETED","2026-04-16 03:29"
"1283","oht_time_avg","2026-04-16 03:29:07.953+0900","N","","","","MIN","4ACM4701","7.09","DESPOSITED","2026-04-16 03:29"
"1282","oht_time_avg","2026-04-16 03:29:07.953+0900","N","","","","MIN","4ACM4701","134.02","TRANSFERRING","2026-04-16 03:29"
"1281","oht_time_avg","2026-04-16 03:29:07.953+0900","N","","","","MIN","4ACM4701","29.78","ACQUIRED","2026-04-16 03:29"
"1280","oht_time_avg","2026-04-16 03:29:07.953+0900","N","","","","MIN","4ACM4701","12.91","ASSIGN","2026-04-16 03:29"
"1279","oht_time_avg","2026-04-16 03:29:07.953+0900","N","","","","MIN","4ACM4701","0.13","REP","2026-04-16 03:29"
"1290","oht_time_avg","2026-04-16 03:30:07.396+0900","N","","","","MIN","4ACM4701","0.0","COMPLETED","2026-04-16 03:30"
"1289","oht_time_avg","2026-04-16 03:30:07.396+0900","N","","","","MIN","4ACM4701","7.16","DESPOSITED","2026-04-16 03:30"
"1288","oht_time_avg","2026-04-16 03:30:07.396+0900","N","","","","MIN","4ACM4701","125.66","TRANSFERRING","2026-04-16 03:30"
"1287","oht_time_avg","2026-04-16 03:30:07.396+0900","N","","","","MIN","4ACM4701","30.76","ACQUIRED","2026-04-16 03:30"
"1286","oht_time_avg","2026-04-16 03:30:07.396+0900","N","","","","MIN","4ACM4701","9.81","ASSIGN","2026-04-16 03:30"
"1285","oht_time_avg","2026-04-16 03:30:07.396+0900","N","","","","MIN","4ACM4701","0.18","REP","2026-04-16 03:30"
"1296","oht_time_avg","2026-04-16 03:31:07.495+0900","N","","","","MIN","4ACM4701","0.0","COMPLETED","2026-04-16 03:31"
"1295","oht_time_avg","2026-04-16 03:31:07.495+0900","N","","","","MIN","4ACM4701","7.14","DESPOSITED","2026-04-16 03:31"
"1294","oht_time_avg","2026-04-16 03:31:07.495+0900","N","","","","MIN","4ACM4701","137.62","TRANSFERRING","2026-04-16 03:31"
"1293","oht_time_avg","2026-04-16 03:31:07.495+0900","N","","","","MIN","4ACM4701","31.51","ACQUIRED","2026-04-16 03:31"
"1292","oht_time_avg","2026-04-16 03:31:07.495+0900","N","","","","MIN","4ACM4701","9.91","ASSIGN","2026-04-16 03:31"
"1291","oht_time_avg","2026-04-16 03:31:07.495+0900","N","","","","MIN","4ACM4701","0.11","REP","2026-04-16 03:31"
"1302","oht_time_avg","2026-04-16 03:32:06.939+0900","N","","","","MIN","4ACM4701","0.0","COMPLETED","2026-04-16 03:32"
"1301","oht_time_avg","2026-04-16 03:32:06.939+0900","N","","","","MIN","4ACM4701","8.51","DESPOSITED","2026-04-16 03:32"
"1300","oht_time_avg","2026-04-16 03:32:06.939+0900","N","","","","MIN","4ACM4701","138.47","TRANSFERRING","2026-04-16 03:32"
"1299","oht_time_avg","2026-04-16 03:32:06.939+0900","N","","","","MIN","4ACM4701","33.74","ACQUIRED","2026-04-16 03:32"
"1298","oht_time_avg","2026-04-16 03:32:06.939+0900","N","","","","MIN","4ACM4701","13.79","ASSIGN","2026-04-16 03:32"
"1297","oht_time_avg","2026-04-16 03:32:06.939+0900","N","","","","MIN","4ACM4701","0.14","REP","2026-04-16 03:32"
"1308","oht_time_avg","2026-04-16 03:33:07.636+0900","N","","","","MIN","4ACM4701","0.0","COMPLETED","2026-04-16 03:33"
"1307","oht_time_avg","2026-04-16 03:33:07.636+0900","N","","","","MIN","4ACM4701","7.2","DESPOSITED","2026-04-16 03:33"
"1306","oht_time_avg","2026-04-16 03:33:07.636+0900","N","","","","MIN","4ACM4701","138.06","TRANSFERRING","2026-04-16 03:33"
"1305","oht_time_avg","2026-04-16 03:33:07.636+0900","N","","","","MIN","4ACM4701","30.69","ACQUIRED","2026-04-16 03:33"
"1304","oht_time_avg","2026-04-16 03:33:07.636+0900","N","","","","MIN","4ACM4701","11.66","ASSIGN","2026-04-16 03:33"
"1303","oht_time_avg","2026-04-16 03:33:07.636+0900","N","","","","MIN","4ACM4701","0.14","REP","2026-04-16 03:33"
"1314","oht_time_avg","2026-04-16 03:34:07.635+0900","N","","","","MIN","4ACM4701","0.0","COMPLETED","2026-04-16 03:34"
"1313","oht_time_avg","2026-04-16 03:34:07.635+0900","N","","","","MIN","4ACM4701","7.25","DESPOSITED","2026-04-16 03:34"
"1312","oht_time_avg","2026-04-16 03:34:07.635+0900","N","","","","MIN","4ACM4701","139.03","TRANSFERRING","2026-04-16 03:34"
"1311","oht_time_avg","2026-04-16 03:34:07.635+0900","N","","","","MIN","4ACM4701","32.24","ACQUIRED","2026-04-16 03:34"
"1310","oht_time_avg","2026-04-16 03:34:07.635+0900","N","","","","MIN","4ACM4701","13.46","ASSIGN","2026-04-16 03:34"
"1309","oht_time_avg","2026-04-16 03:34:07.635+0900","N","","","","MIN","4ACM4701","0.12","REP","2026-04-16 03:34"
"1320","oht_time_avg","2026-04-16 03:35:07.852+0900","N","","","","MIN","4ACM4701","0.0","COMPLETED","2026-04-16 03:35"
"1319","oht_time_avg","2026-04-16 03:35:07.852+0900","N","","","","MIN","4ACM4701","7.24","DESPOSITED","2026-04-16 03:35"
"1318","oht_time_avg","2026-04-16 03:35:07.852+0900","N","","","","MIN","4ACM4701","149.55","TRANSFERRING","2026-04-16 03:35"
"1317","oht_time_avg","2026-04-16 03:35:07.852+0900","N","","","","MIN","4ACM4701","33.12","ACQUIRED","2026-04-16 03:35"
"1316","oht_time_avg","2026-04-16 03:35:07.852+0900","N","","","","MIN","4ACM4701","11.28","ASSIGN","2026-04-16 03:35"
"1315","oht_time_avg","2026-04-16 03:35:07.852+0900","N","","","","MIN","4ACM4701","1.18","REP","2026-04-16 03:35"
"1326","oht_time_avg","2026-04-16 03:36:07.055+0900","N","","","","MIN","4ACM4701","0.0","COMPLETED","2026-04-16 03:36"
"1325","oht_time_avg","2026-04-16 03:36:07.055+0900","N","","","","MIN","4ACM4701","7.25","DESPOSITED","2026-04-16 03:36"
"1324","oht_time_avg","2026-04-16 03:36:07.055+0900","N","","","","MIN","4ACM4701","144.09","TRANSFERRING","2026-04-16 03:36"
"1323","oht_time_avg","2026-04-16 03:36:07.055+0900","N","","","","MIN","4ACM4701","31.3","ACQUIRED","2026-04-16 03:36"
"1322","oht_time_avg","2026-04-16 03:36:07.055+0900","N","","","","MIN","4ACM4701","12.24","ASSIGN","2026-04-16 03:36"
"1321","oht_time_avg","2026-04-16 03:36:07.055+0900","N","","","","MIN","4ACM4701","0.35","REP","2026-04-16 03:36"
"1332","oht_time_avg","2026-04-16 03:37:07.422+0900","N","","","","MIN","4ACM4701","0.0","COMPLETED","2026-04-16 03:37"
"1331","oht_time_avg","2026-04-16 03:37:07.422+0900","N","","","","MIN","4ACM4701","7.29","DESPOSITED","2026-04-16 03:37"
"1330","oht_time_avg","2026-04-16 03:37:07.422+0900","N","","","","MIN","4ACM4701","137.8","TRANSFERRING","2026-04-16 03:37"
"1329","oht_time_avg","2026-04-16 03:37:07.422+0900","N","","","","MIN","4ACM4701","32.94","ACQUIRED","2026-04-16 03:37"
"1328","oht_time_avg","2026-04-16 03:37:07.422+0900","N","","","","MIN","4ACM4701","13.01","ASSIGN","2026-04-16 03:37"
"1327","oht_time_avg","2026-04-16 03:37:07.422+0900","N","","","","MIN","4ACM4701","0.13","REP","2026-04-16 03:37"
"1338","oht_time_avg","2026-04-16 03:38:08.914+0900","N","","","","MIN","4ACM4701","0.0","COMPLETED","2026-04-16 03:38"
"1337","oht_time_avg","2026-04-16 03:38:08.914+0900","N","","","","MIN","4ACM4701","7.09","DESPOSITED","2026-04-16 03:38"
"1336","oht_time_avg","2026-04-16 03:38:08.914+0900","N","","","","MIN","4ACM4701","141.67","TRANSFERRING","2026-04-16 03:38"
"1335","oht_time_avg","2026-04-16 03:38:08.914+0900","N","","","","MIN","4ACM4701","30.96","ACQUIRED","2026-04-16 03:38"
"1334","oht_time_avg","2026-04-16 03:38:08.914+0900","N","","","","MIN","4ACM4701","13.35","ASSIGN","2026-04-16 03:38"
"1333","oht_time_avg","2026-04-16 03:38:08.914+0900","N","","","","MIN","4ACM4701","0.16","REP","2026-04-16 03:38"
"1344","oht_time_avg","2026-04-16 03:39:08.635+0900","N","","","","MIN","4ACM4701","5.69","COMPLETED","2026-04-16 03:39"
"1343","oht_time_avg","2026-04-16 03:39:08.635+0900","N","","","","MIN","4ACM4701","7.22","DESPOSITED","2026-04-16 03:39"
"1342","oht_time_avg","2026-04-16 03:39:08.635+0900","N","","","","MIN","4ACM4701","141.28","TRANSFERRING","2026-04-16 03:39"
"1341","oht_time_avg","2026-04-16 03:39:08.635+0900","N","","","","MIN","4ACM4701","31.2","ACQUIRED","2026-04-16 03:39"
"1340","oht_time_avg","2026-04-16 03:39:08.635+0900","N","","","","MIN","4ACM4701","13.72","ASSIGN","2026-04-16 03:39"
"1339","oht_time_avg","2026-04-16 03:39:08.635+0900","N","","","","MIN","4ACM4701","0.19","REP","2026-04-16 03:39"
"1350","oht_time_avg","2026-04-16 03:40:07.291+0900","N","","","","MIN","4ACM4701","0.0","COMPLETED","2026-04-16 03:40"
"1349","oht_time_avg","2026-04-16 03:40:07.291+0900","N","","","","MIN","4ACM4701","6.89","DESPOSITED","2026-04-16 03:40"
"1348","oht_time_avg","2026-04-16 03:40:07.291+0900","N","","","","MIN","4ACM4701","137.12","TRANSFERRING","2026-04-16 03:40"
"1347","oht_time_avg","2026-04-16 03:40:07.291+0900","N","","","","MIN","4ACM4701","31.36","ACQUIRED","2026-04-16 03:40"
"1346","oht_time_avg","2026-04-16 03:40:07.291+0900","N","","","","MIN","4ACM4701","10.9","ASSIGN","2026-04-16 03:40"
"1345","oht_time_avg","2026-04-16 03:40:07.291+0900","N","","","","MIN","4ACM4701","0.15","REP","2026-04-16 03:40"
"1356","oht_time_avg","2026-04-16 03:41:10.493+0900","N","","","","MIN","4ACM4701","0.0","COMPLETED","2026-04-16 03:41"
"1355","oht_time_avg","2026-04-16 03:41:10.493+0900","N","","","","MIN","4ACM4701","7.08","DESPOSITED","2026-04-16 03:41"
"1354","oht_time_avg","2026-04-16 03:41:10.493+0900","N","","","","MIN","4ACM4701","140.26","TRANSFERRING","2026-04-16 03:41"
"1353","oht_time_avg","2026-04-16 03:41:10.493+0900","N","","","","MIN","4ACM4701","32.07","ACQUIRED","2026-04-16 03:41"
"1352","oht_time_avg","2026-04-16 03:41:10.493+0900","N","","","","MIN","4ACM4701","12.59","ASSIGN","2026-04-16 03:41"
"1351","oht_time_avg","2026-04-16 03:41:10.493+0900","N","","","","MIN","4ACM4701","1.24","REP","2026-04-16 03:41"
"1362","oht_time_avg","2026-04-16 03:42:06.710+0900","N","","","","MIN","4ACM4701","0.0","COMPLETED","2026-04-16 03:42"
"1361","oht_time_avg","2026-04-16 03:42:06.710+0900","N","","","","MIN","4ACM4701","7.12","DESPOSITED","2026-04-16 03:42"
"1360","oht_time_avg","2026-04-16 03:42:06.710+0900","N","","","","MIN","4ACM4701","140.59","TRANSFERRING","2026-04-16 03:42"
"1359","oht_time_avg","2026-04-16 03:42:06.710+0900","N","","","","MIN","4ACM4701","34.29","ACQUIRED","2026-04-16 03:42"
"1358","oht_time_avg","2026-04-16 03:42:06.710+0900","N","","","","MIN","4ACM4701","13.93","ASSIGN","2026-04-16 03:42"
"1357","oht_time_avg","2026-04-16 03:42:06.710+0900","N","","","","MIN","4ACM4701","0.13","REP","2026-04-16 03:42"
"1368","oht_time_avg","2026-04-16 03:43:08.824+0900","N","","","","MIN","4ACM4701","0.0","COMPLETED","2026-04-16 03:43"
"1367","oht_time_avg","2026-04-16 03:43:08.824+0900","N","","","","MIN","4ACM4701","7.26","DESPOSITED","2026-04-16 03:43"
"1366","oht_time_avg","2026-04-16 03:43:08.824+0900","N","","","","MIN","4ACM4701","130.39","TRANSFERRING","2026-04-16 03:43"
"1365","oht_time_avg","2026-04-16 03:43:08.824+0900","N","","","","MIN","4ACM4701","34.11","ACQUIRED","2026-04-16 03:43"
"1364","oht_time_avg","2026-04-16 03:43:08.824+0900","N","","","","MIN","4ACM4701","11.82","ASSIGN","2026-04-16 03:43"
"1363","oht_time_avg","2026-04-16 03:43:08.824+0900","N","","","","MIN","4ACM4701","0.14","REP","2026-04-16 03:43"
"1374","oht_time_avg","2026-04-16 03:44:06.676+0900","N","","","","MIN","4ACM4701","0.0","COMPLETED","2026-04-16 03:44"
"1373","oht_time_avg","2026-04-16 03:44:06.676+0900","N","","","","MIN","4ACM4701","7.27","DESPOSITED","2026-04-16 03:44"
"1372","oht_time_avg","2026-04-16 03:44:06.676+0900","N","","","","MIN","4ACM4701","133.58","TRANSFERRING","2026-04-16 03:44"
"1371","oht_time_avg","2026-04-16 03:44:06.676+0900","N","","","","MIN","4ACM4701","32.1","ACQUIRED","2026-04-16 03:44"
"1370","oht_time_avg","2026-04-16 03:44:06.676+0900","N","","","","MIN","4ACM4701","11.93","ASSIGN","2026-04-16 03:44"
"1369","oht_time_avg","2026-04-16 03:44:06.676+0900","N","","","","MIN","4ACM4701","0.14","REP","2026-04-16 03:44"
"1380","oht_time_avg","2026-04-16 03:45:07.454+0900","N","","","","MIN","4ACM4701","0.0","COMPLETED","2026-04-16 03:45"
"1379","oht_time_avg","2026-04-16 03:45:07.454+0900","N","","","","MIN","4ACM4701","7.33","DESPOSITED","2026-04-16 03:45"
"1378","oht_time_avg","2026-04-16 03:45:07.454+0900","N","","","","MIN","4ACM4701","140.41","TRANSFERRING","2026-04-16 03:45"
"1377","oht_time_avg","2026-04-16 03:45:07.454+0900","N","","","","MIN","4ACM4701","31.78","ACQUIRED","2026-04-16 03:45"
"1376","oht_time_avg","2026-04-16 03:45:07.454+0900","N","","","","MIN","4ACM4701","10.84","ASSIGN","2026-04-16 03:45"
"1375","oht_time_avg","2026-04-16 03:45:07.454+0900","N","","","","MIN","4ACM4701","0.23","REP","2026-04-16 03:45"
"1386","oht_time_avg","2026-04-16 03:46:07.029+0900","N","","","","MIN","4ACM4701","0.0","COMPLETED","2026-04-16 03:46"
"1385","oht_time_avg","2026-04-16 03:46:07.029+0900","N","","","","MIN","4ACM4701","6.99","DESPOSITED","2026-04-16 03:46"
"1384","oht_time_avg","2026-04-16 03:46:07.029+0900","N","","","","MIN","4ACM4701","134.25","TRANSFERRING","2026-04-16 03:46"
"1383","oht_time_avg","2026-04-16 03:46:07.029+0900","N","","","","MIN","4ACM4701","30.52","ACQUIRED","2026-04-16 03:46"
"1382","oht_time_avg","2026-04-16 03:46:07.029+0900","N","","","","MIN","4ACM4701","11.36","ASSIGN","2026-04-16 03:46"
"1381","oht_time_avg","2026-04-16 03:46:07.029+0900","N","","","","MIN","4ACM4701","0.15","REP","2026-04-16 03:46"
"1392","oht_time_avg","2026-04-16 03:47:07.123+0900","N","","","","MIN","4ACM4701","0.0","COMPLETED","2026-04-16 03:47"
"1391","oht_time_avg","2026-04-16 03:47:07.123+0900","N","","","","MIN","4ACM4701","7.32","DESPOSITED","2026-04-16 03:47"
"1390","oht_time_avg","2026-04-16 03:47:07.123+0900","N","","","","MIN","4ACM4701","138.73","TRANSFERRING","2026-04-16 03:47"
"1389","oht_time_avg","2026-04-16 03:47:07.123+0900","N","","","","MIN","4ACM4701","29.48","ACQUIRED","2026-04-16 03:47"
"1388","oht_time_avg","2026-04-16 03:47:07.123+0900","N","","","","MIN","4ACM4701","12.1","ASSIGN","2026-04-16 03:47"
"1387","oht_time_avg","2026-04-16 03:47:07.123+0900","N","","","","MIN","4ACM4701","0.12","REP","2026-04-16 03:47"
"1398","oht_time_avg","2026-04-16 03:48:06.753+0900","N","","","","MIN","4ACM4701","0.0","COMPLETED","2026-04-16 03:48"
"1397","oht_time_avg","2026-04-16 03:48:06.753+0900","N","","","","MIN","4ACM4701","7.25","DESPOSITED","2026-04-16 03:48"
"1396","oht_time_avg","2026-04-16 03:48:06.753+0900","N","","","","MIN","4ACM4701","137.69","TRANSFERRING","2026-04-16 03:48"
"1395","oht_time_avg","2026-04-16 03:48:06.753+0900","N","","","","MIN","4ACM4701","28.8","ACQUIRED","2026-04-16 03:48"
"1394","oht_time_avg","2026-04-16 03:48:06.753+0900","N","","","","MIN","4ACM4701","11.95","ASSIGN","2026-04-16 03:48"
"1393","oht_time_avg","2026-04-16 03:48:06.753+0900","N","","","","MIN","4ACM4701","0.15","REP","2026-04-16 03:48"
"1404","oht_time_avg","2026-04-16 03:49:06.885+0900","N","","","","MIN","4ACM4701","0.0","COMPLETED","2026-04-16 03:49"
"1403","oht_time_avg","2026-04-16 03:49:06.885+0900","N","","","","MIN","4ACM4701","7.15","DESPOSITED","2026-04-16 03:49"
"1402","oht_time_avg","2026-04-16 03:49:06.885+0900","N","","","","MIN","4ACM4701","132.52","TRANSFERRING","2026-04-16 03:49"
"1401","oht_time_avg","2026-04-16 03:49:06.885+0900","N","","","","MIN","4ACM4701","31.2","ACQUIRED","2026-04-16 03:49"
"1400","oht_time_avg","2026-04-16 03:49:06.885+0900","N","","","","MIN","4ACM4701","11.83","ASSIGN","2026-04-16 03:49"
"1399","oht_time_avg","2026-04-16 03:49:06.885+0900","N","","","","MIN","4ACM4701","0.14","REP","2026-04-16 03:49"
"1410","oht_time_avg","2026-04-16 03:50:07.288+0900","N","","","","MIN","4ACM4701","0.0","COMPLETED","2026-04-16 03:50"
"1409","oht_time_avg","2026-04-16 03:50:07.288+0900","N","","","","MIN","4ACM4701","7.54","DESPOSITED","2026-04-16 03:50"
"1408","oht_time_avg","2026-04-16 03:50:07.288+0900","N","","","","MIN","4ACM4701","133.96","TRANSFERRING","2026-04-16 03:50"
"1407","oht_time_avg","2026-04-16 03:50:07.288+0900","N","","","","MIN","4ACM4701","31.33","ACQUIRED","2026-04-16 03:50"
"1406","oht_time_avg","2026-04-16 03:50:07.288+0900","N","","","","MIN","4ACM4701","10.31","ASSIGN","2026-04-16 03:50"
"1405","oht_time_avg","2026-04-16 03:50:07.288+0900","N","","","","MIN","4ACM4701","0.12","REP","2026-04-16 03:50"
"1416","oht_time_avg","2026-04-16 03:51:08.099+0900","N","","","","MIN","4ACM4701","0.0","COMPLETED","2026-04-16 03:51"
"1415","oht_time_avg","2026-04-16 03:51:08.099+0900","N","","","","MIN","4ACM4701","7.2","DESPOSITED","2026-04-16 03:51"
"1414","oht_time_avg","2026-04-16 03:51:08.099+0900","N","","","","MIN","4ACM4701","130.73","TRANSFERRING","2026-04-16 03:51"
"1413","oht_time_avg","2026-04-16 03:51:08.099+0900","N","","","","MIN","4ACM4701","29.41","ACQUIRED","2026-04-16 03:51"
"1412","oht_time_avg","2026-04-16 03:51:08.099+0900","N","","","","MIN","4ACM4701","11.87","ASSIGN","2026-04-16 03:51"
"1411","oht_time_avg","2026-04-16 03:51:08.099+0900","N","","","","MIN","4ACM4701","0.15","REP","2026-04-16 03:51"
"1422","oht_time_avg","2026-04-16 03:52:06.982+0900","N","","","","MIN","4ACM4701","0.0","COMPLETED","2026-04-16 03:52"
"1421","oht_time_avg","2026-04-16 03:52:06.982+0900","N","","","","MIN","4ACM4701","7.1","DESPOSITED","2026-04-16 03:52"
"1420","oht_time_avg","2026-04-16 03:52:06.982+0900","N","","","","MIN","4ACM4701","129.78","TRANSFERRING","2026-04-16 03:52"
"1419","oht_time_avg","2026-04-16 03:52:06.982+0900","N","","","","MIN","4ACM4701","31.6","ACQUIRED","2026-04-16 03:52"
"1418","oht_time_avg","2026-04-16 03:52:06.982+0900","N","","","","MIN","4ACM4701","14.47","ASSIGN","2026-04-16 03:52"
"1417","oht_time_avg","2026-04-16 03:52:06.982+0900","N","","","","MIN","4ACM4701","0.16","REP","2026-04-16 03:52"
"1428","oht_time_avg","2026-04-16 03:53:06.830+0900","N","","","","MIN","4ACM4701","0.0","COMPLETED","2026-04-16 03:53"
"1427","oht_time_avg","2026-04-16 03:53:06.830+0900","N","","","","MIN","4ACM4701","7.29","DESPOSITED","2026-04-16 03:53"
"1426","oht_time_avg","2026-04-16 03:53:06.830+0900","N","","","","MIN","4ACM4701","121.71","TRANSFERRING","2026-04-16 03:53"
"1425","oht_time_avg","2026-04-16 03:53:06.830+0900","N","","","","MIN","4ACM4701","31.86","ACQUIRED","2026-04-16 03:53"
"1424","oht_time_avg","2026-04-16 03:53:06.830+0900","N","","","","MIN","4ACM4701","12.47","ASSIGN","2026-04-16 03:53"
"1423","oht_time_avg","2026-04-16 03:53:06.830+0900","N","","","","MIN","4ACM4701","0.13","REP","2026-04-16 03:53"
"1434","oht_time_avg","2026-04-16 03:54:06.837+0900","N","","","","MIN","4ACM4701","0.0","COMPLETED","2026-04-16 03:54"
"1433","oht_time_avg","2026-04-16 03:54:06.837+0900","N","","","","MIN","4ACM4701","7.19","DESPOSITED","2026-04-16 03:54"
"1432","oht_time_avg","2026-04-16 03:54:06.837+0900","N","","","","MIN","4ACM4701","130.23","TRANSFERRING","2026-04-16 03:54"
"1431","oht_time_avg","2026-04-16 03:54:06.837+0900","N","","","","MIN","4ACM4701","34.11","ACQUIRED","2026-04-16 03:54"
"1430","oht_time_avg","2026-04-16 03:54:06.837+0900","N","","","","MIN","4ACM4701","12.25","ASSIGN","2026-04-16 03:54"
"1429","oht_time_avg","2026-04-16 03:54:06.837+0900","N","","","","MIN","4ACM4701","0.89","REP","2026-04-16 03:54"
"1440","oht_time_avg","2026-04-16 03:55:07.901+0900","N","","","","MIN","4ACM4701","0.0","COMPLETED","2026-04-16 03:55"
"1439","oht_time_avg","2026-04-16 03:55:07.901+0900","N","","","","MIN","4ACM4701","7.11","DESPOSITED","2026-04-16 03:55"
"1438","oht_time_avg","2026-04-16 03:55:07.901+0900","N","","","","MIN","4ACM4701","126.93","TRANSFERRING","2026-04-16 03:55"
"1437","oht_time_avg","2026-04-16 03:55:07.901+0900","N","","","","MIN","4ACM4701","32.33","ACQUIRED","2026-04-16 03:55"
"1436","oht_time_avg","2026-04-16 03:55:07.901+0900","N","","","","MIN","4ACM4701","13.99","ASSIGN","2026-04-16 03:55"
"1435","oht_time_avg","2026-04-16 03:55:07.901+0900","N","","","","MIN","4ACM4701","0.13","REP","2026-04-16 03:55"
"1446","oht_time_avg","2026-04-16 03:56:08.490+0900","N","","","","MIN","4ACM4701","0.0","COMPLETED","2026-04-16 03:56"
"1445","oht_time_avg","2026-04-16 03:56:08.490+0900","N","","","","MIN","4ACM4701","7.27","DESPOSITED","2026-04-16 03:56"
"1444","oht_time_avg","2026-04-16 03:56:08.490+0900","N","","","","MIN","4ACM4701","139.72","TRANSFERRING","2026-04-16 03:56"
"1443","oht_time_avg","2026-04-16 03:56:08.490+0900","N","","","","MIN","4ACM4701","34.51","ACQUIRED","2026-04-16 03:56"
"1442","oht_time_avg","2026-04-16 03:56:08.490+0900","N","","","","MIN","4ACM4701","13.82","ASSIGN","2026-04-16 03:56"
"1441","oht_time_avg","2026-04-16 03:56:08.490+0900","N","","","","MIN","4ACM4701","0.13","REP","2026-04-16 03:56"
"1452","oht_time_avg","2026-04-16 03:57:07.786+0900","N","","","","MIN","4ACM4701","0.0","COMPLETED","2026-04-16 03:57"
"1451","oht_time_avg","2026-04-16 03:57:07.786+0900","N","","","","MIN","4ACM4701","7.34","DESPOSITED","2026-04-16 03:57"
"1450","oht_time_avg","2026-04-16 03:57:07.786+0900","N","","","","MIN","4ACM4701","142.68","TRANSFERRING","2026-04-16 03:57"
"1449","oht_time_avg","2026-04-16 03:57:07.786+0900","N","","","","MIN","4ACM4701","33.25","ACQUIRED","2026-04-16 03:57"
"1448","oht_time_avg","2026-04-16 03:57:07.786+0900","N","","","","MIN","4ACM4701","16.05","ASSIGN","2026-04-16 03:57"
"1447","oht_time_avg","2026-04-16 03:57:07.786+0900","N","","","","MIN","4ACM4701","0.13","REP","2026-04-16 03:57"
"1458","oht_time_avg","2026-04-16 03:58:07.354+0900","N","","","","MIN","4ACM4701","0.0","COMPLETED","2026-04-16 03:58"
"1457","oht_time_avg","2026-04-16 03:58:07.354+0900","N","","","","MIN","4ACM4701","7.0","DESPOSITED","2026-04-16 03:58"
"1456","oht_time_avg","2026-04-16 03:58:07.354+0900","N","","","","MIN","4ACM4701","140.26","TRANSFERRING","2026-04-16 03:58"
"1455","oht_time_avg","2026-04-16 03:58:07.354+0900","N","","","","MIN","4ACM4701","32.73","ACQUIRED","2026-04-16 03:58"
"1454","oht_time_avg","2026-04-16 03:58:07.354+0900","N","","","","MIN","4ACM4701","13.12","ASSIGN","2026-04-16 03:58"
"1453","oht_time_avg","2026-04-16 03:58:07.354+0900","N","","","","MIN","4ACM4701","0.13","REP","2026-04-16 03:58"
"1464","oht_time_avg","2026-04-16 03:59:07.121+0900","N","","","","MIN","4ACM4701","1.92","COMPLETED","2026-04-16 03:59"
"1463","oht_time_avg","2026-04-16 03:59:07.121+0900","N","","","","MIN","4ACM4701","7.16","DESPOSITED","2026-04-16 03:59"
"1462","oht_time_avg","2026-04-16 03:59:07.121+0900","N","","","","MIN","4ACM4701","130.33","TRANSFERRING","2026-04-16 03:59"
"1461","oht_time_avg","2026-04-16 03:59:07.121+0900","N","","","","MIN","4ACM4701","33.33","ACQUIRED","2026-04-16 03:59"
"1460","oht_time_avg","2026-04-16 03:59:07.121+0900","N","","","","MIN","4ACM4701","13.36","ASSIGN","2026-04-16 03:59"
"1459","oht_time_avg","2026-04-16 03:59:07.121+0900","N","","","","MIN","4ACM4701","1.06","REP","2026-04-16 03:59"
"1470","oht_time_avg","2026-04-16 04:00:07.083+0900","N","","","","MIN","4ACM4701","0.0","COMPLETED","2026-04-16 04:00"
"1469","oht_time_avg","2026-04-16 04:00:07.083+0900","N","","","","MIN","4ACM4701","7.12","DESPOSITED","2026-04-16 04:00"
"1468","oht_time_avg","2026-04-16 04:00:07.083+0900","N","","","","MIN","4ACM4701","133.49","TRANSFERRING","2026-04-16 04:00"
"1467","oht_time_avg","2026-04-16 04:00:07.083+0900","N","","","","MIN","4ACM4701","31.79","ACQUIRED","2026-04-16 04:00"
"1466","oht_time_avg","2026-04-16 04:00:07.083+0900","N","","","","MIN","4ACM4701","11.68","ASSIGN","2026-04-16 04:00"
"1465","oht_time_avg","2026-04-16 04:00:07.083+0900","N","","","","MIN","4ACM4701","0.13","REP","2026-04-16 04:00"
"1476","oht_time_avg","2026-04-16 04:01:08.145+0900","N","","","","MIN","4ACM4701","0.0","COMPLETED","2026-04-16 04:01"
"1475","oht_time_avg","2026-04-16 04:01:08.145+0900","N","","","","MIN","4ACM4701","7.12","DESPOSITED","2026-04-16 04:01"
"1474","oht_time_avg","2026-04-16 04:01:08.145+0900","N","","","","MIN","4ACM4701","128.73","TRANSFERRING","2026-04-16 04:01"
"1473","oht_time_avg","2026-04-16 04:01:08.145+0900","N","","","","MIN","4ACM4701","30.71","ACQUIRED","2026-04-16 04:01"
"1472","oht_time_avg","2026-04-16 04:01:08.145+0900","N","","","","MIN","4ACM4701","12.0","ASSIGN","2026-04-16 04:01"
"1471","oht_time_avg","2026-04-16 04:01:08.145+0900","N","","","","MIN","4ACM4701","0.17","REP","2026-04-16 04:01"
"1482","oht_time_avg","2026-04-16 04:01:08.537+0900","N","","","","HOUR","4ACM4701","0.0","COMPLETED","2026-04-16 04:00"
"1481","oht_time_avg","2026-04-16 04:01:08.537+0900","N","","","","HOUR","4ACM4701","7.07","DESPOSITED","2026-04-16 04:00"
"1480","oht_time_avg","2026-04-16 04:01:08.537+0900","N","","","","HOUR","4ACM4701","133.66","TRANSFERRING","2026-04-16 04:00"
"1479","oht_time_avg","2026-04-16 04:01:08.537+0900","N","","","","HOUR","4ACM4701","31.75","ACQUIRED","2026-04-16 04:00"
"1478","oht_time_avg","2026-04-16 04:01:08.537+0900","N","","","","HOUR","4ACM4701","12.35","ASSIGN","2026-04-16 04:00"
"1477","oht_time_avg","2026-04-16 04:01:08.537+0900","N","","","","HOUR","4ACM4701","0.14","REP","2026-04-16 04:00"
"1488","oht_time_avg","2026-04-16 04:02:07.662+0900","N","","","","MIN","4ACM4701","0.0","COMPLETED","2026-04-16 04:02"
"1487","oht_time_avg","2026-04-16 04:02:07.662+0900","N","","","","MIN","4ACM4701","7.1","DESPOSITED","2026-04-16 04:02"
"1486","oht_time_avg","2026-04-16 04:02:07.662+0900","N","","","","MIN","4ACM4701","130.53","TRANSFERRING","2026-04-16 04:02"
"1485","oht_time_avg","2026-04-16 04:02:07.662+0900","N","","","","MIN","4ACM4701","32.96","ACQUIRED","2026-04-16 04:02"
"1484","oht_time_avg","2026-04-16 04:02:07.662+0900","N","","","","MIN","4ACM4701","11.74","ASSIGN","2026-04-16 04:02"
"1483","oht_time_avg","2026-04-16 04:02:07.662+0900","N","","","","MIN","4ACM4701","0.15","REP","2026-04-16 04:02"
"1494","oht_time_avg","2026-04-16 04:03:08.415+0900","N","","","","MIN","4ACM4701","3.64","COMPLETED","2026-04-16 04:03"
"1493","oht_time_avg","2026-04-16 04:03:08.415+0900","N","","","","MIN","4ACM4701","7.26","DESPOSITED","2026-04-16 04:03"
"1492","oht_time_avg","2026-04-16 04:03:08.415+0900","N","","","","MIN","4ACM4701","134.77","TRANSFERRING","2026-04-16 04:03"
"1491","oht_time_avg","2026-04-16 04:03:08.415+0900","N","","","","MIN","4ACM4701","31.4","ACQUIRED","2026-04-16 04:03"
"1490","oht_time_avg","2026-04-16 04:03:08.415+0900","N","","","","MIN","4ACM4701","12.93","ASSIGN","2026-04-16 04:03"
"1489","oht_time_avg","2026-04-16 04:03:08.415+0900","N","","","","MIN","4ACM4701","0.16","REP","2026-04-16 04:03"
"1500","oht_time_avg","2026-04-16 04:04:06.853+0900","N","","","","MIN","4ACM4701","0.0","COMPLETED","2026-04-16 04:04"
"1499","oht_time_avg","2026-04-16 04:04:06.853+0900","N","","","","MIN","4ACM4701","7.18","DESPOSITED","2026-04-16 04:04"
"1498","oht_time_avg","2026-04-16 04:04:06.853+0900","N","","","","MIN","4ACM4701","138.65","TRANSFERRING","2026-04-16 04:04"
"1497","oht_time_avg","2026-04-16 04:04:06.853+0900","N","","","","MIN","4ACM4701","30.95","ACQUIRED","2026-04-16 04:04"
"1496","oht_time_avg","2026-04-16 04:04:06.853+0900","N","","","","MIN","4ACM4701","9.3","ASSIGN","2026-04-16 04:04"
"1495","oht_time_avg","2026-04-16 04:04:06.853+0900","N","","","","MIN","4ACM4701","0.13","REP","2026-04-16 04:04"
"1506","oht_time_avg","2026-04-16 04:05:08.100+0900","N","","","","MIN","4ACM4701","0.0","COMPLETED","2026-04-16 04:05"
"1505","oht_time_avg","2026-04-16 04:05:08.100+0900","N","","","","MIN","4ACM4701","7.27","DESPOSITED","2026-04-16 04:05"
"1504","oht_time_avg","2026-04-16 04:05:08.100+0900","N","","","","MIN","4ACM4701","128.92","TRANSFERRING","2026-04-16 04:05"
"1503","oht_time_avg","2026-04-16 04:05:08.100+0900","N","","","","MIN","4ACM4701","31.12","ACQUIRED","2026-04-16 04:05"
"1502","oht_time_avg","2026-04-16 04:05:08.100+0900","N","","","","MIN","4ACM4701","11.51","ASSIGN","2026-04-16 04:05"
"1501","oht_time_avg","2026-04-16 04:05:08.100+0900","N","","","","MIN","4ACM4701","0.13","REP","2026-04-16 04:05"
"1512","oht_time_avg","2026-04-16 04:06:07.281+0900","N","","","","MIN","4ACM4701","0.0","COMPLETED","2026-04-16 04:06"
"1511","oht_time_avg","2026-04-16 04:06:07.281+0900","N","","","","MIN","4ACM4701","7.07","DESPOSITED","2026-04-16 04:06"
"1510","oht_time_avg","2026-04-16 04:06:07.281+0900","N","","","","MIN","4ACM4701","132.07","TRANSFERRING","2026-04-16 04:06"
"1509","oht_time_avg","2026-04-16 04:06:07.281+0900","N","","","","MIN","4ACM4701","29.89","ACQUIRED","2026-04-16 04:06"
"1508","oht_time_avg","2026-04-16 04:06:07.281+0900","N","","","","MIN","4ACM4701","9.5","ASSIGN","2026-04-16 04:06"
"1507","oht_time_avg","2026-04-16 04:06:07.281+0900","N","","","","MIN","4ACM4701","0.13","REP","2026-04-16 04:06"
"1518","oht_time_avg","2026-04-16 04:07:07.194+0900","N","","","","MIN","4ACM4701","0.0","COMPLETED","2026-04-16 04:07"
"1517","oht_time_avg","2026-04-16 04:07:07.194+0900","N","","","","MIN","4ACM4701","7.11","DESPOSITED","2026-04-16 04:07"
"1516","oht_time_avg","2026-04-16 04:07:07.194+0900","N","","","","MIN","4ACM4701","127.52","TRANSFERRING","2026-04-16 04:07"
"1515","oht_time_avg","2026-04-16 04:07:07.194+0900","N","","","","MIN","4ACM4701","31.59","ACQUIRED","2026-04-16 04:07"
"1514","oht_time_avg","2026-04-16 04:07:07.194+0900","N","","","","MIN","4ACM4701","10.18","ASSIGN","2026-04-16 04:07"
"1513","oht_time_avg","2026-04-16 04:07:07.194+0900","N","","","","MIN","4ACM4701","0.48","REP","2026-04-16 04:07"
"1524","oht_time_avg","2026-04-16 04:08:07.878+0900","N","","","","MIN","4ACM4701","0.0","COMPLETED","2026-04-16 04:08"
"1523","oht_time_avg","2026-04-16 04:08:07.878+0900","N","","","","MIN","4ACM4701","7.06","DESPOSITED","2026-04-16 04:08"
"1522","oht_time_avg","2026-04-16 04:08:07.878+0900","N","","","","MIN","4ACM4701","131.07","TRANSFERRING","2026-04-16 04:08"
"1521","oht_time_avg","2026-04-16 04:08:07.878+0900","N","","","","MIN","4ACM4701","31.57","ACQUIRED","2026-04-16 04:08"
"1520","oht_time_avg","2026-04-16 04:08:07.878+0900","N","","","","MIN","4ACM4701","10.63","ASSIGN","2026-04-16 04:08"
"1519","oht_time_avg","2026-04-16 04:08:07.878+0900","N","","","","MIN","4ACM4701","0.88","REP","2026-04-16 04:08"
"1530","oht_time_avg","2026-04-16 04:09:08.689+0900","N","","","","MIN","4ACM4701","0.0","COMPLETED","2026-04-16 04:09"
"1529","oht_time_avg","2026-04-16 04:09:08.689+0900","N","","","","MIN","4ACM4701","7.16","DESPOSITED","2026-04-16 04:09"
"1528","oht_time_avg","2026-04-16 04:09:08.689+0900","N","","","","MIN","4ACM4701","132.14","TRANSFERRING","2026-04-16 04:09"
"1527","oht_time_avg","2026-04-16 04:09:08.689+0900","N","","","","MIN","4ACM4701","29.65","ACQUIRED","2026-04-16 04:09"
"1526","oht_time_avg","2026-04-16 04:09:08.689+0900","N","","","","MIN","4ACM4701","11.2","ASSIGN","2026-04-16 04:09"
"1525","oht_time_avg","2026-04-16 04:09:08.689+0900","N","","","","MIN","4ACM4701","0.15","REP","2026-04-16 04:09"
"1536","oht_time_avg","2026-04-16 04:10:07.351+0900","N","","","","MIN","4ACM4701","0.0","COMPLETED","2026-04-16 04:10"
"1535","oht_time_avg","2026-04-16 04:10:07.351+0900","N","","","","MIN","4ACM4701","7.33","DESPOSITED","2026-04-16 04:10"
"1534","oht_time_avg","2026-04-16 04:10:07.351+0900","N","","","","MIN","4ACM4701","128.44","TRANSFERRING","2026-04-16 04:10"
"1533","oht_time_avg","2026-04-16 04:10:07.351+0900","N","","","","MIN","4ACM4701","31.73","ACQUIRED","2026-04-16 04:10"
"1532","oht_time_avg","2026-04-16 04:10:07.351+0900","N","","","","MIN","4ACM4701","10.4","ASSIGN","2026-04-16 04:10"
"1531","oht_time_avg","2026-04-16 04:10:07.351+0900","N","","","","MIN","4ACM4701","0.21","REP","2026-04-16 04:10"
"1542","oht_time_avg","2026-04-16 04:11:07.536+0900","N","","","","MIN","4ACM4701","0.0","COMPLETED","2026-04-16 04:11"
"1541","oht_time_avg","2026-04-16 04:11:07.536+0900","N","","","","MIN","4ACM4701","7.25","DESPOSITED","2026-04-16 04:11"
"1540","oht_time_avg","2026-04-16 04:11:07.536+0900","N","","","","MIN","4ACM4701","120.51","TRANSFERRING","2026-04-16 04:11"
"1539","oht_time_avg","2026-04-16 04:11:07.536+0900","N","","","","MIN","4ACM4701","29.94","ACQUIRED","2026-04-16 04:11"
"1538","oht_time_avg","2026-04-16 04:11:07.536+0900","N","","","","MIN","4ACM4701","11.71","ASSIGN","2026-04-16 04:11"
"1537","oht_time_avg","2026-04-16 04:11:07.536+0900","N","","","","MIN","4ACM4701","0.15","REP","2026-04-16 04:11"
"1548","oht_time_avg","2026-04-16 04:12:06.658+0900","N","","","","MIN","4ACM4701","1.84","COMPLETED","2026-04-16 04:12"
"1547","oht_time_avg","2026-04-16 04:12:06.658+0900","N","","","","MIN","4ACM4701","7.32","DESPOSITED","2026-04-16 04:12"
"1546","oht_time_avg","2026-04-16 04:12:06.658+0900","N","","","","MIN","4ACM4701","131.63","TRANSFERRING","2026-04-16 04:12"
"1545","oht_time_avg","2026-04-16 04:12:06.658+0900","N","","","","MIN","4ACM4701","30.84","ACQUIRED","2026-04-16 04:12"
"1544","oht_time_avg","2026-04-16 04:12:06.658+0900","N","","","","MIN","4ACM4701","11.98","ASSIGN","2026-04-16 04:12"
"1543","oht_time_avg","2026-04-16 04:12:06.658+0900","N","","","","MIN","4ACM4701","0.15","REP","2026-04-16 04:12"
"1554","oht_time_avg","2026-04-16 04:13:07.735+0900","N","","","","MIN","4ACM4701","0.0","COMPLETED","2026-04-16 04:13"
"1553","oht_time_avg","2026-04-16 04:13:07.735+0900","N","","","","MIN","4ACM4701","7.25","DESPOSITED","2026-04-16 04:13"
"1552","oht_time_avg","2026-04-16 04:13:07.735+0900","N","","","","MIN","4ACM4701","127.13","TRANSFERRING","2026-04-16 04:13"
"1551","oht_time_avg","2026-04-16 04:13:07.735+0900","N","","","","MIN","4ACM4701","31.32","ACQUIRED","2026-04-16 04:13"
"1550","oht_time_avg","2026-04-16 04:13:07.735+0900","N","","","","MIN","4ACM4701","11.87","ASSIGN","2026-04-16 04:13"
"1549","oht_time_avg","2026-04-16 04:13:07.735+0900","N","","","","MIN","4ACM4701","0.16","REP","2026-04-16 04:13"
"1560","oht_time_avg","2026-04-16 04:14:07.796+0900","N","","","","MIN","4ACM4701","0.0","COMPLETED","2026-04-16 04:14"
"1559","oht_time_avg","2026-04-16 04:14:07.796+0900","N","","","","MIN","4ACM4701","7.26","DESPOSITED","2026-04-16 04:14"
"1558","oht_time_avg","2026-04-16 04:14:07.796+0900","N","","","","MIN","4ACM4701","140.43","TRANSFERRING","2026-04-16 04:14"
"1557","oht_time_avg","2026-04-16 04:14:07.796+0900","N","","","","MIN","4ACM4701","32.85","ACQUIRED","2026-04-16 04:14"
"1556","oht_time_avg","2026-04-16 04:14:07.796+0900","N","","","","MIN","4ACM4701","11.41","ASSIGN","2026-04-16 04:14"
"1555","oht_time_avg","2026-04-16 04:14:07.796+0900","N","","","","MIN","4ACM4701","0.15","REP","2026-04-16 04:14"
"1566","oht_time_avg","2026-04-16 04:15:07.552+0900","N","","","","MIN","4ACM4701","0.0","COMPLETED","2026-04-16 04:15"
"1565","oht_time_avg","2026-04-16 04:15:07.552+0900","N","","","","MIN","4ACM4701","7.11","DESPOSITED","2026-04-16 04:15"
"1564","oht_time_avg","2026-04-16 04:15:07.552+0900","N","","","","MIN","4ACM4701","123.16","TRANSFERRING","2026-04-16 04:15"
"1563","oht_time_avg","2026-04-16 04:15:07.552+0900","N","","","","MIN","4ACM4701","32.19","ACQUIRED","2026-04-16 04:15"
"1562","oht_time_avg","2026-04-16 04:15:07.552+0900","N","","","","MIN","4ACM4701","10.76","ASSIGN","2026-04-16 04:15"
"1561","oht_time_avg","2026-04-16 04:15:07.552+0900","N","","","","MIN","4ACM4701","0.14","REP","2026-04-16 04:15"
"1572","oht_time_avg","2026-04-16 04:16:08.364+0900","N","","","","MIN","4ACM4701","0.0","COMPLETED","2026-04-16 04:16"
"1571","oht_time_avg","2026-04-16 04:16:08.364+0900","N","","","","MIN","4ACM4701","7.0","DESPOSITED","2026-04-16 04:16"
"1570","oht_time_avg","2026-04-16 04:16:08.364+0900","N","","","","MIN","4ACM4701","134.28","TRANSFERRING","2026-04-16 04:16"
"1569","oht_time_avg","2026-04-16 04:16:08.364+0900","N","","","","MIN","4ACM4701","31.45","ACQUIRED","2026-04-16 04:16"
"1568","oht_time_avg","2026-04-16 04:16:08.364+0900","N","","","","MIN","4ACM4701","11.69","ASSIGN","2026-04-16 04:16"
"1567","oht_time_avg","2026-04-16 04:16:08.364+0900","N","","","","MIN","4ACM4701","0.14","REP","2026-04-16 04:16"
"1578","oht_time_avg","2026-04-16 04:17:06.996+0900","N","","","","MIN","4ACM4701","0.0","COMPLETED","2026-04-16 04:17"
"1577","oht_time_avg","2026-04-16 04:17:06.996+0900","N","","","","MIN","4ACM4701","7.29","DESPOSITED","2026-04-16 04:17"
"1576","oht_time_avg","2026-04-16 04:17:06.996+0900","N","","","","MIN","4ACM4701","133.65","TRANSFERRING","2026-04-16 04:17"
"1575","oht_time_avg","2026-04-16 04:17:06.996+0900","N","","","","MIN","4ACM4701","32.32","ACQUIRED","2026-04-16 04:17"
"1574","oht_time_avg","2026-04-16 04:17:06.996+0900","N","","","","MIN","4ACM4701","11.74","ASSIGN","2026-04-16 04:17"
"1573","oht_time_avg","2026-04-16 04:17:06.996+0900","N","","","","MIN","4ACM4701","0.21","REP","2026-04-16 04:17"
"1584","oht_time_avg","2026-04-16 04:18:07.193+0900","N","","","","MIN","4ACM4701","0.0","COMPLETED","2026-04-16 04:18"
"1583","oht_time_avg","2026-04-16 04:18:07.193+0900","N","","","","MIN","4ACM4701","7.01","DESPOSITED","2026-04-16 04:18"
"1582","oht_time_avg","2026-04-16 04:18:07.193+0900","N","","","","MIN","4ACM4701","124.28","TRANSFERRING","2026-04-16 04:18"
"1581","oht_time_avg","2026-04-16 04:18:07.193+0900","N","","","","MIN","4ACM4701","32.97","ACQUIRED","2026-04-16 04:18"
"1580","oht_time_avg","2026-04-16 04:18:07.193+0900","N","","","","MIN","4ACM4701","12.62","ASSIGN","2026-04-16 04:18"
"1579","oht_time_avg","2026-04-16 04:18:07.193+0900","N","","","","MIN","4ACM4701","0.18","REP","2026-04-16 04:18"
"1590","oht_time_avg","2026-04-16 04:19:07.951+0900","N","","","","MIN","4ACM4701","0.0","COMPLETED","2026-04-16 04:19"
"1589","oht_time_avg","2026-04-16 04:19:07.951+0900","N","","","","MIN","4ACM4701","7.24","DESPOSITED","2026-04-16 04:19"
"1588","oht_time_avg","2026-04-16 04:19:07.951+0900","N","","","","MIN","4ACM4701","140.61","TRANSFERRING","2026-04-16 04:19"
"1587","oht_time_avg","2026-04-16 04:19:07.951+0900","N","","","","MIN","4ACM4701","33.5","ACQUIRED","2026-04-16 04:19"
"1586","oht_time_avg","2026-04-16 04:19:07.951+0900","N","","","","MIN","4ACM4701","13.0","ASSIGN","2026-04-16 04:19"
"1585","oht_time_avg","2026-04-16 04:19:07.951+0900","N","","","","MIN","4ACM4701","0.16","REP","2026-04-16 04:19"
"1596","oht_time_avg","2026-04-16 04:20:08.377+0900","N","","","","MIN","4ACM4701","0.0","COMPLETED","2026-04-16 04:20"
"1595","oht_time_avg","2026-04-16 04:20:08.377+0900","N","","","","MIN","4ACM4701","7.27","DESPOSITED","2026-04-16 04:20"
"1594","oht_time_avg","2026-04-16 04:20:08.377+0900","N","","","","MIN","4ACM4701","131.12","TRANSFERRING","2026-04-16 04:20"
"1593","oht_time_avg","2026-04-16 04:20:08.377+0900","N","","","","MIN","4ACM4701","31.58","ACQUIRED","2026-04-16 04:20"
"1592","oht_time_avg","2026-04-16 04:20:08.377+0900","N","","","","MIN","4ACM4701","16.03","ASSIGN","2026-04-16 04:20"
"1591","oht_time_avg","2026-04-16 04:20:08.377+0900","N","","","","MIN","4ACM4701","0.16","REP","2026-04-16 04:20"
"1602","oht_time_avg","2026-04-16 04:21:09.951+0900","N","","","","MIN","4ACM4701","0.0","COMPLETED","2026-04-16 04:21"
"1601","oht_time_avg","2026-04-16 04:21:09.951+0900","N","","","","MIN","4ACM4701","7.26","DESPOSITED","2026-04-16 04:21"
"1600","oht_time_avg","2026-04-16 04:21:09.951+0900","N","","","","MIN","4ACM4701","138.16","TRANSFERRING","2026-04-16 04:21"
"1599","oht_time_avg","2026-04-16 04:21:09.951+0900","N","","","","MIN","4ACM4701","33.96","ACQUIRED","2026-04-16 04:21"
"1598","oht_time_avg","2026-04-16 04:21:09.951+0900","N","","","","MIN","4ACM4701","12.7","ASSIGN","2026-04-16 04:21"
"1597","oht_time_avg","2026-04-16 04:21:09.951+0900","N","","","","MIN","4ACM4701","0.13","REP","2026-04-16 04:21"
"1608","oht_time_avg","2026-04-16 04:22:08.407+0900","N","","","","MIN","4ACM4701","0.0","COMPLETED","2026-04-16 04:22"
"1607","oht_time_avg","2026-04-16 04:22:08.407+0900","N","","","","MIN","4ACM4701","7.2","DESPOSITED","2026-04-16 04:22"
"1606","oht_time_avg","2026-04-16 04:22:08.407+0900","N","","","","MIN","4ACM4701","135.28","TRANSFERRING","2026-04-16 04:22"
"1605","oht_time_avg","2026-04-16 04:22:08.407+0900","N","","","","MIN","4ACM4701","35.4","ACQUIRED","2026-04-16 04:22"
"1604","oht_time_avg","2026-04-16 04:22:08.407+0900","N","","","","MIN","4ACM4701","13.72","ASSIGN","2026-04-16 04:22"
"1603","oht_time_avg","2026-04-16 04:22:08.407+0900","N","","","","MIN","4ACM4701","0.15","REP","2026-04-16 04:22"
"1614","oht_time_avg","2026-04-16 04:23:07.123+0900","N","","","","MIN","4ACM4701","0.0","COMPLETED","2026-04-16 04:23"
"1613","oht_time_avg","2026-04-16 04:23:07.123+0900","N","","","","MIN","4ACM4701","7.4","DESPOSITED","2026-04-16 04:23"
"1612","oht_time_avg","2026-04-16 04:23:07.123+0900","N","","","","MIN","4ACM4701","132.91","TRANSFERRING","2026-04-16 04:23"
"1611","oht_time_avg","2026-04-16 04:23:07.123+0900","N","","","","MIN","4ACM4701","34.04","ACQUIRED","2026-04-16 04:23"
"1610","oht_time_avg","2026-04-16 04:23:07.123+0900","N","","","","MIN","4ACM4701","13.9","ASSIGN","2026-04-16 04:23"
"1609","oht_time_avg","2026-04-16 04:23:07.123+0900","N","","","","MIN","4ACM4701","0.14","REP","2026-04-16 04:23"
"1620","oht_time_avg","2026-04-16 04:24:09.302+0900","N","","","","MIN","4ACM4701","0.0","COMPLETED","2026-04-16 04:24"
"1619","oht_time_avg","2026-04-16 04:24:09.302+0900","N","","","","MIN","4ACM4701","7.33","DESPOSITED","2026-04-16 04:24"
"1618","oht_time_avg","2026-04-16 04:24:09.302+0900","N","","","","MIN","4ACM4701","133.6","TRANSFERRING","2026-04-16 04:24"
"1617","oht_time_avg","2026-04-16 04:24:09.302+0900","N","","","","MIN","4ACM4701","31.19","ACQUIRED","2026-04-16 04:24"
"1616","oht_time_avg","2026-04-16 04:24:09.302+0900","N","","","","MIN","4ACM4701","12.95","ASSIGN","2026-04-16 04:24"
"1615","oht_time_avg","2026-04-16 04:24:09.302+0900","N","","","","MIN","4ACM4701","0.14","REP","2026-04-16 04:24"
"1626","oht_time_avg","2026-04-16 04:25:07.517+0900","N","","","","MIN","4ACM4701","0.0","COMPLETED","2026-04-16 04:25"
"1625","oht_time_avg","2026-04-16 04:25:07.517+0900","N","","","","MIN","4ACM4701","7.13","DESPOSITED","2026-04-16 04:25"
"1624","oht_time_avg","2026-04-16 04:25:07.517+0900","N","","","","MIN","4ACM4701","134.28","TRANSFERRING","2026-04-16 04:25"
"1623","oht_time_avg","2026-04-16 04:25:07.517+0900","N","","","","MIN","4ACM4701","30.09","ACQUIRED","2026-04-16 04:25"
"1622","oht_time_avg","2026-04-16 04:25:07.517+0900","N","","","","MIN","4ACM4701","11.96","ASSIGN","2026-04-16 04:25"
"1621","oht_time_avg","2026-04-16 04:25:07.517+0900","N","","","","MIN","4ACM4701","0.12","REP","2026-04-16 04:25"
"1632","oht_time_avg","2026-04-16 04:26:06.955+0900","N","","","","MIN","4ACM4701","0.0","COMPLETED","2026-04-16 04:26"
"1631","oht_time_avg","2026-04-16 04:26:06.955+0900","N","","","","MIN","4ACM4701","7.17","DESPOSITED","2026-04-16 04:26"
"1630","oht_time_avg","2026-04-16 04:26:06.955+0900","N","","","","MIN","4ACM4701","130.14","TRANSFERRING","2026-04-16 04:26"
"1629","oht_time_avg","2026-04-16 04:26:06.955+0900","N","","","","MIN","4ACM4701","32.1","ACQUIRED","2026-04-16 04:26"
"1628","oht_time_avg","2026-04-16 04:26:06.955+0900","N","","","","MIN","4ACM4701","10.43","ASSIGN","2026-04-16 04:26"
"1627","oht_time_avg","2026-04-16 04:26:06.955+0900","N","","","","MIN","4ACM4701","1.23","REP","2026-04-16 04:26"
"1638","oht_time_avg","2026-04-16 04:27:07.300+0900","N","","","","MIN","4ACM4701","0.0","COMPLETED","2026-04-16 04:27"
"1637","oht_time_avg","2026-04-16 04:27:07.300+0900","N","","","","MIN","4ACM4701","7.02","DESPOSITED","2026-04-16 04:27"
"1636","oht_time_avg","2026-04-16 04:27:07.300+0900","N","","","","MIN","4ACM4701","135.03","TRANSFERRING","2026-04-16 04:27"
"1635","oht_time_avg","2026-04-16 04:27:07.300+0900","N","","","","MIN","4ACM4701","33.57","ACQUIRED","2026-04-16 04:27"
"1634","oht_time_avg","2026-04-16 04:27:07.300+0900","N","","","","MIN","4ACM4701","12.94","ASSIGN","2026-04-16 04:27"
"1633","oht_time_avg","2026-04-16 04:27:07.300+0900","N","","","","MIN","4ACM4701","0.16","REP","2026-04-16 04:27"
"1644","oht_time_avg","2026-04-16 04:28:07.909+0900","N","","","","MIN","4ACM4701","0.0","COMPLETED","2026-04-16 04:28"
"1643","oht_time_avg","2026-04-16 04:28:07.909+0900","N","","","","MIN","4ACM4701","7.22","DESPOSITED","2026-04-16 04:28"
"1642","oht_time_avg","2026-04-16 04:28:07.909+0900","N","","","","MIN","4ACM4701","142.38","TRANSFERRING","2026-04-16 04:28"
"1641","oht_time_avg","2026-04-16 04:28:07.909+0900","N","","","","MIN","4ACM4701","32.44","ACQUIRED","2026-04-16 04:28"
"1640","oht_time_avg","2026-04-16 04:28:07.909+0900","N","","","","MIN","4ACM4701","11.06","ASSIGN","2026-04-16 04:28"
"1639","oht_time_avg","2026-04-16 04:28:07.909+0900","N","","","","MIN","4ACM4701","0.13","REP","2026-04-16 04:28"
"1650","oht_time_avg","2026-04-16 04:29:06.925+0900","N","","","","MIN","4ACM4701","0.0","COMPLETED","2026-04-16 04:29"
"1649","oht_time_avg","2026-04-16 04:29:06.925+0900","N","","","","MIN","4ACM4701","7.23","DESPOSITED","2026-04-16 04:29"
"1648","oht_time_avg","2026-04-16 04:29:06.925+0900","N","","","","MIN","4ACM4701","136.9","TRANSFERRING","2026-04-16 04:29"
"1647","oht_time_avg","2026-04-16 04:29:06.925+0900","N","","","","MIN","4ACM4701","33.93","ACQUIRED","2026-04-16 04:29"
"1646","oht_time_avg","2026-04-16 04:29:06.925+0900","N","","","","MIN","4ACM4701","14.15","ASSIGN","2026-04-16 04:29"
"1645","oht_time_avg","2026-04-16 04:29:06.925+0900","N","","","","MIN","4ACM4701","0.17","REP","2026-04-16 04:29"
"1656","oht_time_avg","2026-04-16 04:30:09.000+0900","N","","","","MIN","4ACM4701","0.0","COMPLETED","2026-04-16 04:30"
"1655","oht_time_avg","2026-04-16 04:30:09.000+0900","N","","","","MIN","4ACM4701","7.23","DESPOSITED","2026-04-16 04:30"
"1654","oht_time_avg","2026-04-16 04:30:09.000+0900","N","","","","MIN","4ACM4701","130.95","TRANSFERRING","2026-04-16 04:30"
"1653","oht_time_avg","2026-04-16 04:30:09.000+0900","N","","","","MIN","4ACM4701","32.06","ACQUIRED","2026-04-16 04:30"
"1652","oht_time_avg","2026-04-16 04:30:09.000+0900","N","","","","MIN","4ACM4701","15.46","ASSIGN","2026-04-16 04:30"
"1651","oht_time_avg","2026-04-16 04:30:09.000+0900","N","","","","MIN","4ACM4701","0.14","REP","2026-04-16 04:30"
"1662","oht_time_avg","2026-04-16 04:31:08.051+0900","N","","","","MIN","4ACM4701","0.0","COMPLETED","2026-04-16 04:31"
"1661","oht_time_avg","2026-04-16 04:31:08.051+0900","N","","","","MIN","4ACM4701","7.25","DESPOSITED","2026-04-16 04:31"
"1660","oht_time_avg","2026-04-16 04:31:08.051+0900","N","","","","MIN","4ACM4701","134.5","TRANSFERRING","2026-04-16 04:31"
"1659","oht_time_avg","2026-04-16 04:31:08.051+0900","N","","","","MIN","4ACM4701","32.18","ACQUIRED","2026-04-16 04:31"
"1658","oht_time_avg","2026-04-16 04:31:08.051+0900","N","","","","MIN","4ACM4701","12.18","ASSIGN","2026-04-16 04:31"
"1657","oht_time_avg","2026-04-16 04:31:08.051+0900","N","","","","MIN","4ACM4701","0.94","REP","2026-04-16 04:31"
"1668","oht_time_avg","2026-04-16 04:32:07.292+0900","N","","","","MIN","4ACM4701","0.0","COMPLETED","2026-04-16 04:32"
"1667","oht_time_avg","2026-04-16 04:32:07.292+0900","N","","","","MIN","4ACM4701","7.14","DESPOSITED","2026-04-16 04:32"
"1666","oht_time_avg","2026-04-16 04:32:07.292+0900","N","","","","MIN","4ACM4701","138.24","TRANSFERRING","2026-04-16 04:32"
"1665","oht_time_avg","2026-04-16 04:32:07.292+0900","N","","","","MIN","4ACM4701","33.5","ACQUIRED","2026-04-16 04:32"
"1664","oht_time_avg","2026-04-16 04:32:07.292+0900","N","","","","MIN","4ACM4701","14.12","ASSIGN","2026-04-16 04:32"
"1663","oht_time_avg","2026-04-16 04:32:07.292+0900","N","","","","MIN","4ACM4701","0.13","REP","2026-04-16 04:32"
"1674","oht_time_avg","2026-04-16 04:33:07.145+0900","N","","","","MIN","4ACM4701","0.0","COMPLETED","2026-04-16 04:33"
"1673","oht_time_avg","2026-04-16 04:33:07.145+0900","N","","","","MIN","4ACM4701","7.11","DESPOSITED","2026-04-16 04:33"
"1672","oht_time_avg","2026-04-16 04:33:07.145+0900","N","","","","MIN","4ACM4701","138.07","TRANSFERRING","2026-04-16 04:33"
"1671","oht_time_avg","2026-04-16 04:33:07.145+0900","N","","","","MIN","4ACM4701","35.62","ACQUIRED","2026-04-16 04:33"
"1670","oht_time_avg","2026-04-16 04:33:07.145+0900","N","","","","MIN","4ACM4701","13.93","ASSIGN","2026-04-16 04:33"
"1669","oht_time_avg","2026-04-16 04:33:07.145+0900","N","","","","MIN","4ACM4701","0.17","REP","2026-04-16 04:33"
"1680","oht_time_avg","2026-04-16 04:34:07.128+0900","N","","","","MIN","4ACM4701","0.0","COMPLETED","2026-04-16 04:34"
"1679","oht_time_avg","2026-04-16 04:34:07.128+0900","N","","","","MIN","4ACM4701","6.91","DESPOSITED","2026-04-16 04:34"
"1678","oht_time_avg","2026-04-16 04:34:07.128+0900","N","","","","MIN","4ACM4701","128.89","TRANSFERRING","2026-04-16 04:34"
"1677","oht_time_avg","2026-04-16 04:34:07.128+0900","N","","","","MIN","4ACM4701","32.72","ACQUIRED","2026-04-16 04:34"
"1676","oht_time_avg","2026-04-16 04:34:07.128+0900","N","","","","MIN","4ACM4701","13.66","ASSIGN","2026-04-16 04:34"
"1675","oht_time_avg","2026-04-16 04:34:07.128+0900","N","","","","MIN","4ACM4701","0.13","REP","2026-04-16 04:34"
"1686","oht_time_avg","2026-04-16 04:35:08.603+0900","N","","","","MIN","4ACM4701","0.0","COMPLETED","2026-04-16 04:35"
"1685","oht_time_avg","2026-04-16 04:35:08.603+0900","N","","","","MIN","4ACM4701","7.22","DESPOSITED","2026-04-16 04:35"
"1684","oht_time_avg","2026-04-16 04:35:08.603+0900","N","","","","MIN","4ACM4701","131.48","TRANSFERRING","2026-04-16 04:35"
"1683","oht_time_avg","2026-04-16 04:35:08.603+0900","N","","","","MIN","4ACM4701","31.04","ACQUIRED","2026-04-16 04:35"
"1682","oht_time_avg","2026-04-16 04:35:08.603+0900","N","","","","MIN","4ACM4701","12.09","ASSIGN","2026-04-16 04:35"
"1681","oht_time_avg","2026-04-16 04:35:08.603+0900","N","","","","MIN","4ACM4701","0.16","REP","2026-04-16 04:35"
"1692","oht_time_avg","2026-04-16 04:36:08.542+0900","N","","","","MIN","4ACM4701","0.0","COMPLETED","2026-04-16 04:36"
"1691","oht_time_avg","2026-04-16 04:36:08.542+0900","N","","","","MIN","4ACM4701","7.17","DESPOSITED","2026-04-16 04:36"
"1690","oht_time_avg","2026-04-16 04:36:08.542+0900","N","","","","MIN","4ACM4701","136.12","TRANSFERRING","2026-04-16 04:36"
"1689","oht_time_avg","2026-04-16 04:36:08.542+0900","N","","","","MIN","4ACM4701","32.98","ACQUIRED","2026-04-16 04:36"
"1688","oht_time_avg","2026-04-16 04:36:08.542+0900","N","","","","MIN","4ACM4701","12.68","ASSIGN","2026-04-16 04:36"
"1687","oht_time_avg","2026-04-16 04:36:08.542+0900","N","","","","MIN","4ACM4701","0.17","REP","2026-04-16 04:36"
"1698","oht_time_avg","2026-04-16 04:37:07.084+0900","N","","","","MIN","4ACM4701","0.0","COMPLETED","2026-04-16 04:37"
"1697","oht_time_avg","2026-04-16 04:37:07.084+0900","N","","","","MIN","4ACM4701","7.26","DESPOSITED","2026-04-16 04:37"
"1696","oht_time_avg","2026-04-16 04:37:07.084+0900","N","","","","MIN","4ACM4701","127.46","TRANSFERRING","2026-04-16 04:37"
"1695","oht_time_avg","2026-04-16 04:37:07.084+0900","N","","","","MIN","4ACM4701","29.73","ACQUIRED","2026-04-16 04:37"
"1694","oht_time_avg","2026-04-16 04:37:07.084+0900","N","","","","MIN","4ACM4701","12.07","ASSIGN","2026-04-16 04:37"
"1693","oht_time_avg","2026-04-16 04:37:07.084+0900","N","","","","MIN","4ACM4701","0.13","REP","2026-04-16 04:37"
"1704","oht_time_avg","2026-04-16 04:38:07.162+0900","N","","","","MIN","4ACM4701","0.0","COMPLETED","2026-04-16 04:38"
"1703","oht_time_avg","2026-04-16 04:38:07.162+0900","N","","","","MIN","4ACM4701","7.28","DESPOSITED","2026-04-16 04:38"
"1702","oht_time_avg","2026-04-16 04:38:07.162+0900","N","","","","MIN","4ACM4701","128.47","TRANSFERRING","2026-04-16 04:38"
"1701","oht_time_avg","2026-04-16 04:38:07.162+0900","N","","","","MIN","4ACM4701","31.92","ACQUIRED","2026-04-16 04:38"
"1700","oht_time_avg","2026-04-16 04:38:07.162+0900","N","","","","MIN","4ACM4701","9.94","ASSIGN","2026-04-16 04:38"
"1699","oht_time_avg","2026-04-16 04:38:07.162+0900","N","","","","MIN","4ACM4701","0.14","REP","2026-04-16 04:38"
"1710","oht_time_avg","2026-04-16 04:39:07.162+0900","N","","","","MIN","4ACM4701","0.0","COMPLETED","2026-04-16 04:39"
"1709","oht_time_avg","2026-04-16 04:39:07.162+0900","N","","","","MIN","4ACM4701","7.09","DESPOSITED","2026-04-16 04:39"
"1708","oht_time_avg","2026-04-16 04:39:07.162+0900","N","","","","MIN","4ACM4701","136.82","TRANSFERRING","2026-04-16 04:39"
"1707","oht_time_avg","2026-04-16 04:39:07.162+0900","N","","","","MIN","4ACM4701","30.36","ACQUIRED","2026-04-16 04:39"
"1706","oht_time_avg","2026-04-16 04:39:07.162+0900","N","","","","MIN","4ACM4701","11.53","ASSIGN","2026-04-16 04:39"
"1705","oht_time_avg","2026-04-16 04:39:07.162+0900","N","","","","MIN","4ACM4701","1.33","REP","2026-04-16 04:39"
"1716","oht_time_avg","2026-04-16 04:40:09.103+0900","N","","","","MIN","4ACM4701","2.19","COMPLETED","2026-04-16 04:40"
"1715","oht_time_avg","2026-04-16 04:40:09.103+0900","N","","","","MIN","4ACM4701","7.11","DESPOSITED","2026-04-16 04:40"
"1714","oht_time_avg","2026-04-16 04:40:09.103+0900","N","","","","MIN","4ACM4701","126.34","TRANSFERRING","2026-04-16 04:40"
"1713","oht_time_avg","2026-04-16 04:40:09.103+0900","N","","","","MIN","4ACM4701","31.67","ACQUIRED","2026-04-16 04:40"
"1712","oht_time_avg","2026-04-16 04:40:09.103+0900","N","","","","MIN","4ACM4701","11.12","ASSIGN","2026-04-16 04:40"
"1711","oht_time_avg","2026-04-16 04:40:09.103+0900","N","","","","MIN","4ACM4701","0.13","REP","2026-04-16 04:40"
"1722","oht_time_avg","2026-04-16 04:41:10.056+0900","N","","","","MIN","4ACM4701","0.0","COMPLETED","2026-04-16 04:41"
"1721","oht_time_avg","2026-04-16 04:41:10.056+0900","N","","","","MIN","4ACM4701","7.5","DESPOSITED","2026-04-16 04:41"
"1720","oht_time_avg","2026-04-16 04:41:10.056+0900","N","","","","MIN","4ACM4701","133.14","TRANSFERRING","2026-04-16 04:41"
"1719","oht_time_avg","2026-04-16 04:41:10.056+0900","N","","","","MIN","4ACM4701","30.53","ACQUIRED","2026-04-16 04:41"
"1718","oht_time_avg","2026-04-16 04:41:10.056+0900","N","","","","MIN","4ACM4701","11.5","ASSIGN","2026-04-16 04:41"
"1717","oht_time_avg","2026-04-16 04:41:10.056+0900","N","","","","MIN","4ACM4701","0.3","REP","2026-04-16 04:41"
"1728","oht_time_avg","2026-04-16 04:42:08.392+0900","N","","","","MIN","4ACM4701","0.0","COMPLETED","2026-04-16 04:42"
"1727","oht_time_avg","2026-04-16 04:42:08.392+0900","N","","","","MIN","4ACM4701","7.26","DESPOSITED","2026-04-16 04:42"
"1726","oht_time_avg","2026-04-16 04:42:08.392+0900","N","","","","MIN","4ACM4701","139.39","TRANSFERRING","2026-04-16 04:42"
"1725","oht_time_avg","2026-04-16 04:42:08.392+0900","N","","","","MIN","4ACM4701","32.1","ACQUIRED","2026-04-16 04:42"
"1724","oht_time_avg","2026-04-16 04:42:08.392+0900","N","","","","MIN","4ACM4701","10.2","ASSIGN","2026-04-16 04:42"
"1723","oht_time_avg","2026-04-16 04:42:08.392+0900","N","","","","MIN","4ACM4701","0.15","REP","2026-04-16 04:42"
"1734","oht_time_avg","2026-04-16 04:43:07.876+0900","N","","","","MIN","4ACM4701","0.0","COMPLETED","2026-04-16 04:43"
"1733","oht_time_avg","2026-04-16 04:43:07.876+0900","N","","","","MIN","4ACM4701","7.34","DESPOSITED","2026-04-16 04:43"
"1732","oht_time_avg","2026-04-16 04:43:07.876+0900","N","","","","MIN","4ACM4701","139.33","TRANSFERRING","2026-04-16 04:43"
"1731","oht_time_avg","2026-04-16 04:43:07.876+0900","N","","","","MIN","4ACM4701","32.82","ACQUIRED","2026-04-16 04:43"
"1730","oht_time_avg","2026-04-16 04:43:07.876+0900","N","","","","MIN","4ACM4701","11.26","ASSIGN","2026-04-16 04:43"
"1729","oht_time_avg","2026-04-16 04:43:07.876+0900","N","","","","MIN","4ACM4701","0.71","REP","2026-04-16 04:43"
"1740","oht_time_avg","2026-04-16 04:44:07.728+0900","N","","","","MIN","4ACM4701","0.0","COMPLETED","2026-04-16 04:44"
"1739","oht_time_avg","2026-04-16 04:44:07.728+0900","N","","","","MIN","4ACM4701","7.18","DESPOSITED","2026-04-16 04:44"
"1738","oht_time_avg","2026-04-16 04:44:07.728+0900","N","","","","MIN","4ACM4701","133.46","TRANSFERRING","2026-04-16 04:44"
"1737","oht_time_avg","2026-04-16 04:44:07.728+0900","N","","","","MIN","4ACM4701","32.05","ACQUIRED","2026-04-16 04:44"
"1736","oht_time_avg","2026-04-16 04:44:07.728+0900","N","","","","MIN","4ACM4701","11.71","ASSIGN","2026-04-16 04:44"
"1735","oht_time_avg","2026-04-16 04:44:07.728+0900","N","","","","MIN","4ACM4701","0.15","REP","2026-04-16 04:44"
"1746","oht_time_avg","2026-04-16 04:45:07.782+0900","N","","","","MIN","4ACM4701","0.0","COMPLETED","2026-04-16 04:45"
"1745","oht_time_avg","2026-04-16 04:45:07.782+0900","N","","","","MIN","4ACM4701","7.37","DESPOSITED","2026-04-16 04:45"
"1744","oht_time_avg","2026-04-16 04:45:07.782+0900","N","","","","MIN","4ACM4701","133.93","TRANSFERRING","2026-04-16 04:45"
"1743","oht_time_avg","2026-04-16 04:45:07.782+0900","N","","","","MIN","4ACM4701","32.37","ACQUIRED","2026-04-16 04:45"
"1742","oht_time_avg","2026-04-16 04:45:07.782+0900","N","","","","MIN","4ACM4701","15.77","ASSIGN","2026-04-16 04:45"
"1741","oht_time_avg","2026-04-16 04:45:07.782+0900","N","","","","MIN","4ACM4701","0.15","REP","2026-04-16 04:45"
"1752","oht_time_avg","2026-04-16 04:46:07.668+0900","N","","","","MIN","4ACM4701","0.0","COMPLETED","2026-04-16 04:46"
"1751","oht_time_avg","2026-04-16 04:46:07.668+0900","N","","","","MIN","4ACM4701","7.22","DESPOSITED","2026-04-16 04:46"
"1750","oht_time_avg","2026-04-16 04:46:07.668+0900","N","","","","MIN","4ACM4701","134.35","TRANSFERRING","2026-04-16 04:46"
"1749","oht_time_avg","2026-04-16 04:46:07.668+0900","N","","","","MIN","4ACM4701","33.14","ACQUIRED","2026-04-16 04:46"
"1748","oht_time_avg","2026-04-16 04:46:07.668+0900","N","","","","MIN","4ACM4701","11.44","ASSIGN","2026-04-16 04:46"
"1747","oht_time_avg","2026-04-16 04:46:07.668+0900","N","","","","MIN","4ACM4701","0.12","REP","2026-04-16 04:46"
"1758","oht_time_avg","2026-04-16 04:47:06.724+0900","N","","","","MIN","4ACM4701","0.0","COMPLETED","2026-04-16 04:47"
"1757","oht_time_avg","2026-04-16 04:47:06.724+0900","N","","","","MIN","4ACM4701","7.28","DESPOSITED","2026-04-16 04:47"
"1756","oht_time_avg","2026-04-16 04:47:06.724+0900","N","","","","MIN","4ACM4701","138.66","TRANSFERRING","2026-04-16 04:47"
"1755","oht_time_avg","2026-04-16 04:47:06.724+0900","N","","","","MIN","4ACM4701","32.61","ACQUIRED","2026-04-16 04:47"
"1754","oht_time_avg","2026-04-16 04:47:06.724+0900","N","","","","MIN","4ACM4701","12.14","ASSIGN","2026-04-16 04:47"
"1753","oht_time_avg","2026-04-16 04:47:06.724+0900","N","","","","MIN","4ACM4701","0.15","REP","2026-04-16 04:47"
"1764","oht_time_avg","2026-04-16 04:48:07.442+0900","N","","","","MIN","4ACM4701","0.0","COMPLETED","2026-04-16 04:48"
"1763","oht_time_avg","2026-04-16 04:48:07.442+0900","N","","","","MIN","4ACM4701","7.03","DESPOSITED","2026-04-16 04:48"
"1762","oht_time_avg","2026-04-16 04:48:07.442+0900","N","","","","MIN","4ACM4701","143.15","TRANSFERRING","2026-04-16 04:48"
"1761","oht_time_avg","2026-04-16 04:48:07.442+0900","N","","","","MIN","4ACM4701","33.44","ACQUIRED","2026-04-16 04:48"
"1760","oht_time_avg","2026-04-16 04:48:07.442+0900","N","","","","MIN","4ACM4701","12.29","ASSIGN","2026-04-16 04:48"
"1759","oht_time_avg","2026-04-16 04:48:07.442+0900","N","","","","MIN","4ACM4701","0.12","REP","2026-04-16 04:48"
"1770","oht_time_avg","2026-04-16 04:49:06.798+0900","N","","","","MIN","4ACM4701","0.0","COMPLETED","2026-04-16 04:49"
"1769","oht_time_avg","2026-04-16 04:49:06.798+0900","N","","","","MIN","4ACM4701","7.16","DESPOSITED","2026-04-16 04:49"
"1768","oht_time_avg","2026-04-16 04:49:06.798+0900","N","","","","MIN","4ACM4701","128.34","TRANSFERRING","2026-04-16 04:49"
"1767","oht_time_avg","2026-04-16 04:49:06.798+0900","N","","","","MIN","4ACM4701","30.99","ACQUIRED","2026-04-16 04:49"
"1766","oht_time_avg","2026-04-16 04:49:06.798+0900","N","","","","MIN","4ACM4701","10.99","ASSIGN","2026-04-16 04:49"
"1765","oht_time_avg","2026-04-16 04:49:06.798+0900","N","","","","MIN","4ACM4701","0.14","REP","2026-04-16 04:49"
"1776","oht_time_avg","2026-04-16 04:50:07.600+0900","N","","","","MIN","4ACM4701","0.0","COMPLETED","2026-04-16 04:50"
"1775","oht_time_avg","2026-04-16 04:50:07.600+0900","N","","","","MIN","4ACM4701","7.4","DESPOSITED","2026-04-16 04:50"
"1774","oht_time_avg","2026-04-16 04:50:07.600+0900","N","","","","MIN","4ACM4701","126.66","TRANSFERRING","2026-04-16 04:50"
"1773","oht_time_avg","2026-04-16 04:50:07.600+0900","N","","","","MIN","4ACM4701","32.4","ACQUIRED","2026-04-16 04:50"
"1772","oht_time_avg","2026-04-16 04:50:07.600+0900","N","","","","MIN","4ACM4701","10.57","ASSIGN","2026-04-16 04:50"
"1771","oht_time_avg","2026-04-16 04:50:07.600+0900","N","","","","MIN","4ACM4701","0.15","REP","2026-04-16 04:50"
"1782","oht_time_avg","2026-04-16 04:51:07.166+0900","N","","","","MIN","4ACM4701","0.0","COMPLETED","2026-04-16 04:51"
"1781","oht_time_avg","2026-04-16 04:51:07.166+0900","N","","","","MIN","4ACM4701","7.18","DESPOSITED","2026-04-16 04:51"
"1780","oht_time_avg","2026-04-16 04:51:07.166+0900","N","","","","MIN","4ACM4701","129.81","TRANSFERRING","2026-04-16 04:51"
"1779","oht_time_avg","2026-04-16 04:51:07.166+0900","N","","","","MIN","4ACM4701","31.41","ACQUIRED","2026-04-16 04:51"
"1778","oht_time_avg","2026-04-16 04:51:07.166+0900","N","","","","MIN","4ACM4701","10.51","ASSIGN","2026-04-16 04:51"
"1777","oht_time_avg","2026-04-16 04:51:07.166+0900","N","","","","MIN","4ACM4701","0.11","REP","2026-04-16 04:51"
"1788","oht_time_avg","2026-04-16 04:52:08.315+0900","N","","","","MIN","4ACM4701","0.0","COMPLETED","2026-04-16 04:52"
"1787","oht_time_avg","2026-04-16 04:52:08.315+0900","N","","","","MIN","4ACM4701","7.19","DESPOSITED","2026-04-16 04:52"
"1786","oht_time_avg","2026-04-16 04:52:08.315+0900","N","","","","MIN","4ACM4701","129.57","TRANSFERRING","2026-04-16 04:52"
"1785","oht_time_avg","2026-04-16 04:52:08.315+0900","N","","","","MIN","4ACM4701","30.48","ACQUIRED","2026-04-16 04:52"
"1784","oht_time_avg","2026-04-16 04:52:08.315+0900","N","","","","MIN","4ACM4701","10.03","ASSIGN","2026-04-16 04:52"
"1783","oht_time_avg","2026-04-16 04:52:08.315+0900","N","","","","MIN","4ACM4701","0.13","REP","2026-04-16 04:52"
"1794","oht_time_avg","2026-04-16 04:53:08.512+0900","N","","","","MIN","4ACM4701","0.0","COMPLETED","2026-04-16 04:53"
"1793","oht_time_avg","2026-04-16 04:53:08.512+0900","N","","","","MIN","4ACM4701","7.17","DESPOSITED","2026-04-16 04:53"
"1792","oht_time_avg","2026-04-16 04:53:08.512+0900","N","","","","MIN","4ACM4701","133.82","TRANSFERRING","2026-04-16 04:53"
"1791","oht_time_avg","2026-04-16 04:53:08.512+0900","N","","","","MIN","4ACM4701","30.58","ACQUIRED","2026-04-16 04:53"
"1790","oht_time_avg","2026-04-16 04:53:08.512+0900","N","","","","MIN","4ACM4701","12.89","ASSIGN","2026-04-16 04:53"
"1789","oht_time_avg","2026-04-16 04:53:08.512+0900","N","","","","MIN","4ACM4701","1.37","REP","2026-04-16 04:53"
"1800","oht_time_avg","2026-04-16 04:54:07.673+0900","N","","","","MIN","4ACM4701","0.0","COMPLETED","2026-04-16 04:54"
"1799","oht_time_avg","2026-04-16 04:54:07.673+0900","N","","","","MIN","4ACM4701","7.07","DESPOSITED","2026-04-16 04:54"
"1798","oht_time_avg","2026-04-16 04:54:07.673+0900","N","","","","MIN","4ACM4701","135.14","TRANSFERRING","2026-04-16 04:54"
"1797","oht_time_avg","2026-04-16 04:54:07.673+0900","N","","","","MIN","4ACM4701","31.95","ACQUIRED","2026-04-16 04:54"
"1796","oht_time_avg","2026-04-16 04:54:07.673+0900","N","","","","MIN","4ACM4701","10.99","ASSIGN","2026-04-16 04:54"
"1795","oht_time_avg","2026-04-16 04:54:07.673+0900","N","","","","MIN","4ACM4701","0.17","REP","2026-04-16 04:54"
"1806","oht_time_avg","2026-04-16 04:55:07.321+0900","N","","","","MIN","4ACM4701","0.0","COMPLETED","2026-04-16 04:55"
"1805","oht_time_avg","2026-04-16 04:55:07.321+0900","N","","","","MIN","4ACM4701","7.31","DESPOSITED","2026-04-16 04:55"
"1804","oht_time_avg","2026-04-16 04:55:07.321+0900","N","","","","MIN","4ACM4701","120.31","TRANSFERRING","2026-04-16 04:55"
"1803","oht_time_avg","2026-04-16 04:55:07.321+0900","N","","","","MIN","4ACM4701","34.11","ACQUIRED","2026-04-16 04:55"
"1802","oht_time_avg","2026-04-16 04:55:07.321+0900","N","","","","MIN","4ACM4701","11.94","ASSIGN","2026-04-16 04:55"
"1801","oht_time_avg","2026-04-16 04:55:07.321+0900","N","","","","MIN","4ACM4701","0.13","REP","2026-04-16 04:55"
"1812","oht_time_avg","2026-04-16 04:56:06.912+0900","N","","","","MIN","4ACM4701","0.0","COMPLETED","2026-04-16 04:56"
"1811","oht_time_avg","2026-04-16 04:56:06.912+0900","N","","","","MIN","4ACM4701","6.81","DESPOSITED","2026-04-16 04:56"
"1810","oht_time_avg","2026-04-16 04:56:06.912+0900","N","","","","MIN","4ACM4701","135.5","TRANSFERRING","2026-04-16 04:56"
"1809","oht_time_avg","2026-04-16 04:56:06.912+0900","N","","","","MIN","4ACM4701","31.49","ACQUIRED","2026-04-16 04:56"
"1808","oht_time_avg","2026-04-16 04:56:06.912+0900","N","","","","MIN","4ACM4701","9.93","ASSIGN","2026-04-16 04:56"
"1807","oht_time_avg","2026-04-16 04:56:06.912+0900","N","","","","MIN","4ACM4701","0.13","REP","2026-04-16 04:56"
"1818","oht_time_avg","2026-04-16 04:57:08.003+0900","N","","","","MIN","4ACM4701","0.0","COMPLETED","2026-04-16 04:57"
"1817","oht_time_avg","2026-04-16 04:57:08.003+0900","N","","","","MIN","4ACM4701","7.54","DESPOSITED","2026-04-16 04:57"
"1816","oht_time_avg","2026-04-16 04:57:08.003+0900","N","","","","MIN","4ACM4701","136.86","TRANSFERRING","2026-04-16 04:57"
"1815","oht_time_avg","2026-04-16 04:57:08.003+0900","N","","","","MIN","4ACM4701","30.33","ACQUIRED","2026-04-16 04:57"
"1814","oht_time_avg","2026-04-16 04:57:08.003+0900","N","","","","MIN","4ACM4701","10.99","ASSIGN","2026-04-16 04:57"
"1813","oht_time_avg","2026-04-16 04:57:08.003+0900","N","","","","MIN","4ACM4701","0.13","REP","2026-04-16 04:57"
"1824","oht_time_avg","2026-04-16 04:58:09.104+0900","N","","","","MIN","4ACM4701","0.0","COMPLETED","2026-04-16 04:58"
"1823","oht_time_avg","2026-04-16 04:58:09.104+0900","N","","","","MIN","4ACM4701","7.39","DESPOSITED","2026-04-16 04:58"
"1822","oht_time_avg","2026-04-16 04:58:09.104+0900","N","","","","MIN","4ACM4701","138.54","TRANSFERRING","2026-04-16 04:58"
"1821","oht_time_avg","2026-04-16 04:58:09.104+0900","N","","","","MIN","4ACM4701","31.19","ACQUIRED","2026-04-16 04:58"
"1820","oht_time_avg","2026-04-16 04:58:09.104+0900","N","","","","MIN","4ACM4701","11.72","ASSIGN","2026-04-16 04:58"
"1819","oht_time_avg","2026-04-16 04:58:09.104+0900","N","","","","MIN","4ACM4701","0.14","REP","2026-04-16 04:58"
"1830","oht_time_avg","2026-04-16 04:59:07.665+0900","N","","","","MIN","4ACM4701","0.0","COMPLETED","2026-04-16 04:59"
"1829","oht_time_avg","2026-04-16 04:59:07.665+0900","N","","","","MIN","4ACM4701","7.2","DESPOSITED","2026-04-16 04:59"
"1828","oht_time_avg","2026-04-16 04:59:07.665+0900","N","","","","MIN","4ACM4701","128.57","TRANSFERRING","2026-04-16 04:59"
"1827","oht_time_avg","2026-04-16 04:59:07.665+0900","N","","","","MIN","4ACM4701","32.98","ACQUIRED","2026-04-16 04:59"
"1826","oht_time_avg","2026-04-16 04:59:07.665+0900","N","","","","MIN","4ACM4701","9.98","ASSIGN","2026-04-16 04:59"
"1825","oht_time_avg","2026-04-16 04:59:07.665+0900","N","","","","MIN","4ACM4701","0.16","REP","2026-04-16 04:59"
"1836","oht_time_avg","2026-04-16 05:00:07.669+0900","N","","","","MIN","4ACM4701","0.0","COMPLETED","2026-04-16 05:00"
"1835","oht_time_avg","2026-04-16 05:00:07.669+0900","N","","","","MIN","4ACM4701","7.32","DESPOSITED","2026-04-16 05:00"
"1834","oht_time_avg","2026-04-16 05:00:07.669+0900","N","","","","MIN","4ACM4701","124.25","TRANSFERRING","2026-04-16 05:00"
"1833","oht_time_avg","2026-04-16 05:00:07.669+0900","N","","","","MIN","4ACM4701","31.22","ACQUIRED","2026-04-16 05:00"
"1832","oht_time_avg","2026-04-16 05:00:07.669+0900","N","","","","MIN","4ACM4701","11.53","ASSIGN","2026-04-16 05:00"
"1831","oht_time_avg","2026-04-16 05:00:07.669+0900","N","","","","MIN","4ACM4701","0.11","REP","2026-04-16 05:00"
"1842","oht_time_avg","2026-04-16 05:01:07.510+0900","N","","","","MIN","4ACM4701","0.0","COMPLETED","2026-04-16 05:01"
"1841","oht_time_avg","2026-04-16 05:01:07.510+0900","N","","","","MIN","4ACM4701","7.94","DESPOSITED","2026-04-16 05:01"
"1840","oht_time_avg","2026-04-16 05:01:07.510+0900","N","","","","MIN","4ACM4701","134.58","TRANSFERRING","2026-04-16 05:01"
"1839","oht_time_avg","2026-04-16 05:01:07.510+0900","N","","","","MIN","4ACM4701","32.13","ACQUIRED","2026-04-16 05:01"
"1838","oht_time_avg","2026-04-16 05:01:07.510+0900","N","","","","MIN","4ACM4701","10.54","ASSIGN","2026-04-16 05:01"
"1837","oht_time_avg","2026-04-16 05:01:07.510+0900","N","","","","MIN","4ACM4701","0.15","REP","2026-04-16 05:01"
"1848","oht_time_avg","2026-04-16 05:01:07.885+0900","N","","","","HOUR","4ACM4701","0.08","COMPLETED","2026-04-16 05:00"
"1847","oht_time_avg","2026-04-16 05:01:07.885+0900","N","","","","HOUR","4ACM4701","7.06","DESPOSITED","2026-04-16 05:00"
"1846","oht_time_avg","2026-04-16 05:01:07.885+0900","N","","","","HOUR","4ACM4701","131.72","TRANSFERRING","2026-04-16 05:00"
"1845","oht_time_avg","2026-04-16 05:01:07.885+0900","N","","","","HOUR","4ACM4701","32.04","ACQUIRED","2026-04-16 05:00"
"1844","oht_time_avg","2026-04-16 05:01:07.885+0900","N","","","","HOUR","4ACM4701","11.88","ASSIGN","2026-04-16 05:00"
"1843","oht_time_avg","2026-04-16 05:01:07.885+0900","N","","","","HOUR","4ACM4701","0.15","REP","2026-04-16 05:00"
"1854","oht_time_avg","2026-04-16 05:02:06.927+0900","N","","","","MIN","4ACM4701","0.0","COMPLETED","2026-04-16 05:02"
"1853","oht_time_avg","2026-04-16 05:02:06.927+0900","N","","","","MIN","4ACM4701","7.06","DESPOSITED","2026-04-16 05:02"
"1852","oht_time_avg","2026-04-16 05:02:06.927+0900","N","","","","MIN","4ACM4701","128.94","TRANSFERRING","2026-04-16 05:02"
"1851","oht_time_avg","2026-04-16 05:02:06.927+0900","N","","","","MIN","4ACM4701","31.27","ACQUIRED","2026-04-16 05:02"
"1850","oht_time_avg","2026-04-16 05:02:06.927+0900","N","","","","MIN","4ACM4701","10.88","ASSIGN","2026-04-16 05:02"
"1849","oht_time_avg","2026-04-16 05:02:06.927+0900","N","","","","MIN","4ACM4701","0.15","REP","2026-04-16 05:02"
"1860","oht_time_avg","2026-04-16 05:03:07.688+0900","N","","","","MIN","4ACM4701","0.0","COMPLETED","2026-04-16 05:03"
"1859","oht_time_avg","2026-04-16 05:03:07.688+0900","N","","","","MIN","4ACM4701","7.14","DESPOSITED","2026-04-16 05:03"
"1858","oht_time_avg","2026-04-16 05:03:07.688+0900","N","","","","MIN","4ACM4701","134.2","TRANSFERRING","2026-04-16 05:03"
"1857","oht_time_avg","2026-04-16 05:03:07.688+0900","N","","","","MIN","4ACM4701","31.06","ACQUIRED","2026-04-16 05:03"
"1856","oht_time_avg","2026-04-16 05:03:07.688+0900","N","","","","MIN","4ACM4701","10.95","ASSIGN","2026-04-16 05:03"
"1855","oht_time_avg","2026-04-16 05:03:07.688+0900","N","","","","MIN","4ACM4701","0.17","REP","2026-04-16 05:03"
"1866","oht_time_avg","2026-04-16 05:04:08.259+0900","N","","","","MIN","4ACM4701","0.0","COMPLETED","2026-04-16 05:04"
"1865","oht_time_avg","2026-04-16 05:04:08.259+0900","N","","","","MIN","4ACM4701","7.21","DESPOSITED","2026-04-16 05:04"
"1864","oht_time_avg","2026-04-16 05:04:08.259+0900","N","","","","MIN","4ACM4701","135.81","TRANSFERRING","2026-04-16 05:04"
"1863","oht_time_avg","2026-04-16 05:04:08.259+0900","N","","","","MIN","4ACM4701","31.55","ACQUIRED","2026-04-16 05:04"
"1862","oht_time_avg","2026-04-16 05:04:08.259+0900","N","","","","MIN","4ACM4701","11.99","ASSIGN","2026-04-16 05:04"
"1861","oht_time_avg","2026-04-16 05:04:08.259+0900","N","","","","MIN","4ACM4701","0.14","REP","2026-04-16 05:04"
"1872","oht_time_avg","2026-04-16 05:05:07.759+0900","N","","","","MIN","4ACM4701","0.0","COMPLETED","2026-04-16 05:05"
"1871","oht_time_avg","2026-04-16 05:05:07.759+0900","N","","","","MIN","4ACM4701","7.12","DESPOSITED","2026-04-16 05:05"
"1870","oht_time_avg","2026-04-16 05:05:07.759+0900","N","","","","MIN","4ACM4701","124.56","TRANSFERRING","2026-04-16 05:05"
"1869","oht_time_avg","2026-04-16 05:05:07.759+0900","N","","","","MIN","4ACM4701","30.76","ACQUIRED","2026-04-16 05:05"
"1868","oht_time_avg","2026-04-16 05:05:07.759+0900","N","","","","MIN","4ACM4701","11.4","ASSIGN","2026-04-16 05:05"
"1867","oht_time_avg","2026-04-16 05:05:07.759+0900","N","","","","MIN","4ACM4701","0.14","REP","2026-04-16 05:05"
"1878","oht_time_avg","2026-04-16 05:06:08.929+0900","N","","","","MIN","4ACM4701","2.33","COMPLETED","2026-04-16 05:06"
"1877","oht_time_avg","2026-04-16 05:06:08.929+0900","N","","","","MIN","4ACM4701","7.16","DESPOSITED","2026-04-16 05:06"
"1876","oht_time_avg","2026-04-16 05:06:08.929+0900","N","","","","MIN","4ACM4701","137.7","TRANSFERRING","2026-04-16 05:06"
"1875","oht_time_avg","2026-04-16 05:06:08.929+0900","N","","","","MIN","4ACM4701","31.7","ACQUIRED","2026-04-16 05:06"
"1874","oht_time_avg","2026-04-16 05:06:08.929+0900","N","","","","MIN","4ACM4701","12.24","ASSIGN","2026-04-16 05:06"
"1873","oht_time_avg","2026-04-16 05:06:08.929+0900","N","","","","MIN","4ACM4701","0.15","REP","2026-04-16 05:06"
"1884","oht_time_avg","2026-04-16 05:07:08.998+0900","N","","","","MIN","4ACM4701","0.0","COMPLETED","2026-04-16 05:07"
"1883","oht_time_avg","2026-04-16 05:07:08.998+0900","N","","","","MIN","4ACM4701","7.38","DESPOSITED","2026-04-16 05:07"
"1882","oht_time_avg","2026-04-16 05:07:08.998+0900","N","","","","MIN","4ACM4701","137.69","TRANSFERRING","2026-04-16 05:07"
"1881","oht_time_avg","2026-04-16 05:07:08.998+0900","N","","","","MIN","4ACM4701","30.97","ACQUIRED","2026-04-16 05:07"
"1880","oht_time_avg","2026-04-16 05:07:08.998+0900","N","","","","MIN","4ACM4701","12.24","ASSIGN","2026-04-16 05:07"
"1879","oht_time_avg","2026-04-16 05:07:08.998+0900","N","","","","MIN","4ACM4701","0.18","REP","2026-04-16 05:07"
"1890","oht_time_avg","2026-04-16 05:08:08.347+0900","N","","","","MIN","4ACM4701","0.0","COMPLETED","2026-04-16 05:08"
"1889","oht_time_avg","2026-04-16 05:08:08.347+0900","N","","","","MIN","4ACM4701","7.1","DESPOSITED","2026-04-16 05:08"
"1888","oht_time_avg","2026-04-16 05:08:08.347+0900","N","","","","MIN","4ACM4701","121.01","TRANSFERRING","2026-04-16 05:08"
"1887","oht_time_avg","2026-04-16 05:08:08.347+0900","N","","","","MIN","4ACM4701","32.41","ACQUIRED","2026-04-16 05:08"
"1886","oht_time_avg","2026-04-16 05:08:08.347+0900","N","","","","MIN","4ACM4701","11.28","ASSIGN","2026-04-16 05:08"
"1885","oht_time_avg","2026-04-16 05:08:08.347+0900","N","","","","MIN","4ACM4701","0.14","REP","2026-04-16 05:08"
"1896","oht_time_avg","2026-04-16 05:09:07.193+0900","N","","","","MIN","4ACM4701","0.0","COMPLETED","2026-04-16 05:09"
"1895","oht_time_avg","2026-04-16 05:09:07.193+0900","N","","","","MIN","4ACM4701","7.49","DESPOSITED","2026-04-16 05:09"
"1894","oht_time_avg","2026-04-16 05:09:07.193+0900","N","","","","MIN","4ACM4701","132.31","TRANSFERRING","2026-04-16 05:09"
"1893","oht_time_avg","2026-04-16 05:09:07.193+0900","N","","","","MIN","4ACM4701","31.34","ACQUIRED","2026-04-16 05:09"
"1892","oht_time_avg","2026-04-16 05:09:07.193+0900","N","","","","MIN","4ACM4701","8.97","ASSIGN","2026-04-16 05:09"
"1891","oht_time_avg","2026-04-16 05:09:07.193+0900","N","","","","MIN","4ACM4701","0.15","REP","2026-04-16 05:09"
"1902","oht_time_avg","2026-04-16 05:10:08.059+0900","N","","","","MIN","4ACM4701","0.0","COMPLETED","2026-04-16 05:10"
"1901","oht_time_avg","2026-04-16 05:10:08.059+0900","N","","","","MIN","4ACM4701","7.34","DESPOSITED","2026-04-16 05:10"
"1900","oht_time_avg","2026-04-16 05:10:08.059+0900","N","","","","MIN","4ACM4701","135.78","TRANSFERRING","2026-04-16 05:10"
"1899","oht_time_avg","2026-04-16 05:10:08.059+0900","N","","","","MIN","4ACM4701","30.26","ACQUIRED","2026-04-16 05:10"
"1898","oht_time_avg","2026-04-16 05:10:08.059+0900","N","","","","MIN","4ACM4701","9.79","ASSIGN","2026-04-16 05:10"
"1897","oht_time_avg","2026-04-16 05:10:08.059+0900","N","","","","MIN","4ACM4701","0.15","REP","2026-04-16 05:10"
"1908","oht_time_avg","2026-04-16 05:11:06.545+0900","N","","","","MIN","4ACM4701","0.0","COMPLETED","2026-04-16 05:11"
"1907","oht_time_avg","2026-04-16 05:11:06.545+0900","N","","","","MIN","4ACM4701","7.15","DESPOSITED","2026-04-16 05:11"
"1906","oht_time_avg","2026-04-16 05:11:06.545+0900","N","","","","MIN","4ACM4701","133.13","TRANSFERRING","2026-04-16 05:11"
"1905","oht_time_avg","2026-04-16 05:11:06.545+0900","N","","","","MIN","4ACM4701","31.18","ACQUIRED","2026-04-16 05:11"
"1904","oht_time_avg","2026-04-16 05:11:06.545+0900","N","","","","MIN","4ACM4701","9.48","ASSIGN","2026-04-16 05:11"
"1903","oht_time_avg","2026-04-16 05:11:06.545+0900","N","","","","MIN","4ACM4701","0.15","REP","2026-04-16 05:11"
"1914","oht_time_avg","2026-04-16 05:12:07.020+0900","N","","","","MIN","4ACM4701","0.0","COMPLETED","2026-04-16 05:12"
"1913","oht_time_avg","2026-04-16 05:12:07.020+0900","N","","","","MIN","4ACM4701","7.2","DESPOSITED","2026-04-16 05:12"
"1912","oht_time_avg","2026-04-16 05:12:07.020+0900","N","","","","MIN","4ACM4701","139.15","TRANSFERRING","2026-04-16 05:12"
"1911","oht_time_avg","2026-04-16 05:12:07.020+0900","N","","","","MIN","4ACM4701","32.42","ACQUIRED","2026-04-16 05:12"
"1910","oht_time_avg","2026-04-16 05:12:07.020+0900","N","","","","MIN","4ACM4701","12.01","ASSIGN","2026-04-16 05:12"
"1909","oht_time_avg","2026-04-16 05:12:07.020+0900","N","","","","MIN","4ACM4701","0.14","REP","2026-04-16 05:12"
"1920","oht_time_avg","2026-04-16 05:13:08.786+0900","N","","","","MIN","4ACM4701","0.0","COMPLETED","2026-04-16 05:13"
"1919","oht_time_avg","2026-04-16 05:13:08.786+0900","N","","","","MIN","4ACM4701","7.13","DESPOSITED","2026-04-16 05:13"
"1918","oht_time_avg","2026-04-16 05:13:08.786+0900","N","","","","MIN","4ACM4701","136.56","TRANSFERRING","2026-04-16 05:13"
"1917","oht_time_avg","2026-04-16 05:13:08.786+0900","N","","","","MIN","4ACM4701","32.11","ACQUIRED","2026-04-16 05:13"
"1916","oht_time_avg","2026-04-16 05:13:08.786+0900","N","","","","MIN","4ACM4701","12.88","ASSIGN","2026-04-16 05:13"
"1915","oht_time_avg","2026-04-16 05:13:08.786+0900","N","","","","MIN","4ACM4701","0.14","REP","2026-04-16 05:13"
"1926","oht_time_avg","2026-04-16 05:14:08.087+0900","N","","","","MIN","4ACM4701","0.0","COMPLETED","2026-04-16 05:14"
"1925","oht_time_avg","2026-04-16 05:14:08.087+0900","N","","","","MIN","4ACM4701","6.87","DESPOSITED","2026-04-16 05:14"
"1924","oht_time_avg","2026-04-16 05:14:08.087+0900","N","","","","MIN","4ACM4701","129.4","TRANSFERRING","2026-04-16 05:14"
"1923","oht_time_avg","2026-04-16 05:14:08.087+0900","N","","","","MIN","4ACM4701","32.25","ACQUIRED","2026-04-16 05:14"
"1922","oht_time_avg","2026-04-16 05:14:08.087+0900","N","","","","MIN","4ACM4701","10.79","ASSIGN","2026-04-16 05:14"
"1921","oht_time_avg","2026-04-16 05:14:08.087+0900","N","","","","MIN","4ACM4701","0.15","REP","2026-04-16 05:14"
"1932","oht_time_avg","2026-04-16 05:15:06.655+0900","N","","","","MIN","4ACM4701","0.0","COMPLETED","2026-04-16 05:15"
"1931","oht_time_avg","2026-04-16 05:15:06.655+0900","N","","","","MIN","4ACM4701","7.2","DESPOSITED","2026-04-16 05:15"
"1930","oht_time_avg","2026-04-16 05:15:06.655+0900","N","","","","MIN","4ACM4701","131.48","TRANSFERRING","2026-04-16 05:15"
"1929","oht_time_avg","2026-04-16 05:15:06.655+0900","N","","","","MIN","4ACM4701","33.93","ACQUIRED","2026-04-16 05:15"
"1928","oht_time_avg","2026-04-16 05:15:06.655+0900","N","","","","MIN","4ACM4701","12.64","ASSIGN","2026-04-16 05:15"
"1927","oht_time_avg","2026-04-16 05:15:06.655+0900","N","","","","MIN","4ACM4701","0.13","REP","2026-04-16 05:15"
"1938","oht_time_avg","2026-04-16 05:16:06.662+0900","N","","","","MIN","4ACM4701","0.0","COMPLETED","2026-04-16 05:16"
"1937","oht_time_avg","2026-04-16 05:16:06.662+0900","N","","","","MIN","4ACM4701","7.3","DESPOSITED","2026-04-16 05:16"
"1936","oht_time_avg","2026-04-16 05:16:06.662+0900","N","","","","MIN","4ACM4701","121.82","TRANSFERRING","2026-04-16 05:16"
"1935","oht_time_avg","2026-04-16 05:16:06.662+0900","N","","","","MIN","4ACM4701","33.03","ACQUIRED","2026-04-16 05:16"
"1934","oht_time_avg","2026-04-16 05:16:06.662+0900","N","","","","MIN","4ACM4701","10.23","ASSIGN","2026-04-16 05:16"
"1933","oht_time_avg","2026-04-16 05:16:06.662+0900","N","","","","MIN","4ACM4701","0.15","REP","2026-04-16 05:16"
"1944","oht_time_avg","2026-04-16 05:17:06.959+0900","N","","","","MIN","4ACM4701","0.0","COMPLETED","2026-04-16 05:17"
"1943","oht_time_avg","2026-04-16 05:17:06.959+0900","N","","","","MIN","4ACM4701","7.22","DESPOSITED","2026-04-16 05:17"
"1942","oht_time_avg","2026-04-16 05:17:06.959+0900","N","","","","MIN","4ACM4701","128.13","TRANSFERRING","2026-04-16 05:17"
"1941","oht_time_avg","2026-04-16 05:17:06.959+0900","N","","","","MIN","4ACM4701","33.24","ACQUIRED","2026-04-16 05:17"
"1940","oht_time_avg","2026-04-16 05:17:06.959+0900","N","","","","MIN","4ACM4701","13.45","ASSIGN","2026-04-16 05:17"
"1939","oht_time_avg","2026-04-16 05:17:06.959+0900","N","","","","MIN","4ACM4701","0.53","REP","2026-04-16 05:17"
"1950","oht_time_avg","2026-04-16 05:18:06.937+0900","N","","","","MIN","4ACM4701","0.0","COMPLETED","2026-04-16 05:18"
"1949","oht_time_avg","2026-04-16 05:18:06.937+0900","N","","","","MIN","4ACM4701","7.56","DESPOSITED","2026-04-16 05:18"
"1948","oht_time_avg","2026-04-16 05:18:06.937+0900","N","","","","MIN","4ACM4701","134.69","TRANSFERRING","2026-04-16 05:18"
"1947","oht_time_avg","2026-04-16 05:18:06.937+0900","N","","","","MIN","4ACM4701","36.58","ACQUIRED","2026-04-16 05:18"
"1946","oht_time_avg","2026-04-16 05:18:06.937+0900","N","","","","MIN","4ACM4701","12.25","ASSIGN","2026-04-16 05:18"
"1945","oht_time_avg","2026-04-16 05:18:06.937+0900","N","","","","MIN","4ACM4701","0.18","REP","2026-04-16 05:18"
"1956","oht_time_avg","2026-04-16 05:19:06.932+0900","N","","","","MIN","4ACM4701","0.0","COMPLETED","2026-04-16 05:19"
"1955","oht_time_avg","2026-04-16 05:19:06.932+0900","N","","","","MIN","4ACM4701","7.23","DESPOSITED","2026-04-16 05:19"
"1954","oht_time_avg","2026-04-16 05:19:06.932+0900","N","","","","MIN","4ACM4701","129.41","TRANSFERRING","2026-04-16 05:19"
"1953","oht_time_avg","2026-04-16 05:19:06.932+0900","N","","","","MIN","4ACM4701","31.51","ACQUIRED","2026-04-16 05:19"
"1952","oht_time_avg","2026-04-16 05:19:06.932+0900","N","","","","MIN","4ACM4701","11.29","ASSIGN","2026-04-16 05:19"
"1951","oht_time_avg","2026-04-16 05:19:06.932+0900","N","","","","MIN","4ACM4701","0.13","REP","2026-04-16 05:19"
"1962","oht_time_avg","2026-04-16 05:20:07.798+0900","N","","","","MIN","4ACM4701","0.0","COMPLETED","2026-04-16 05:20"
"1961","oht_time_avg","2026-04-16 05:20:07.798+0900","N","","","","MIN","4ACM4701","7.15","DESPOSITED","2026-04-16 05:20"
"1960","oht_time_avg","2026-04-16 05:20:07.798+0900","N","","","","MIN","4ACM4701","142.81","TRANSFERRING","2026-04-16 05:20"
"1959","oht_time_avg","2026-04-16 05:20:07.798+0900","N","","","","MIN","4ACM4701","32.12","ACQUIRED","2026-04-16 05:20"
"1958","oht_time_avg","2026-04-16 05:20:07.798+0900","N","","","","MIN","4ACM4701","11.62","ASSIGN","2026-04-16 05:20"
"1957","oht_time_avg","2026-04-16 05:20:07.798+0900","N","","","","MIN","4ACM4701","1.66","REP","2026-04-16 05:20"
"1968","oht_time_avg","2026-04-16 05:21:07.312+0900","N","","","","MIN","4ACM4701","0.0","COMPLETED","2026-04-16 05:21"
"1967","oht_time_avg","2026-04-16 05:21:07.312+0900","N","","","","MIN","4ACM4701","7.25","DESPOSITED","2026-04-16 05:21"
"1966","oht_time_avg","2026-04-16 05:21:07.312+0900","N","","","","MIN","4ACM4701","132.03","TRANSFERRING","2026-04-16 05:21"
"1965","oht_time_avg","2026-04-16 05:21:07.312+0900","N","","","","MIN","4ACM4701","33.46","ACQUIRED","2026-04-16 05:21"
"1964","oht_time_avg","2026-04-16 05:21:07.312+0900","N","","","","MIN","4ACM4701","11.02","ASSIGN","2026-04-16 05:21"
"1963","oht_time_avg","2026-04-16 05:21:07.312+0900","N","","","","MIN","4ACM4701","0.16","REP","2026-04-16 05:21"
"1974","oht_time_avg","2026-04-16 05:22:08.120+0900","N","","","","MIN","4ACM4701","0.0","COMPLETED","2026-04-16 05:22"
"1973","oht_time_avg","2026-04-16 05:22:08.120+0900","N","","","","MIN","4ACM4701","7.05","DESPOSITED","2026-04-16 05:22"
"1972","oht_time_avg","2026-04-16 05:22:08.120+0900","N","","","","MIN","4ACM4701","129.2","TRANSFERRING","2026-04-16 05:22"
"1971","oht_time_avg","2026-04-16 05:22:08.120+0900","N","","","","MIN","4ACM4701","35.24","ACQUIRED","2026-04-16 05:22"
"1970","oht_time_avg","2026-04-16 05:22:08.120+0900","N","","","","MIN","4ACM4701","9.77","ASSIGN","2026-04-16 05:22"
"1969","oht_time_avg","2026-04-16 05:22:08.120+0900","N","","","","MIN","4ACM4701","0.14","REP","2026-04-16 05:22"
"1980","oht_time_avg","2026-04-16 05:23:06.973+0900","N","","","","MIN","4ACM4701","0.0","COMPLETED","2026-04-16 05:23"
"1979","oht_time_avg","2026-04-16 05:23:06.973+0900","N","","","","MIN","4ACM4701","7.05","DESPOSITED","2026-04-16 05:23"
"1978","oht_time_avg","2026-04-16 05:23:06.973+0900","N","","","","MIN","4ACM4701","140.66","TRANSFERRING","2026-04-16 05:23"
"1977","oht_time_avg","2026-04-16 05:23:06.973+0900","N","","","","MIN","4ACM4701","33.21","ACQUIRED","2026-04-16 05:23"
"1976","oht_time_avg","2026-04-16 05:23:06.973+0900","N","","","","MIN","4ACM4701","10.08","ASSIGN","2026-04-16 05:23"
"1975","oht_time_avg","2026-04-16 05:23:06.973+0900","N","","","","MIN","4ACM4701","0.15","REP","2026-04-16 05:23"
"1986","oht_time_avg","2026-04-16 05:24:08.815+0900","N","","","","MIN","4ACM4701","0.0","COMPLETED","2026-04-16 05:24"
"1985","oht_time_avg","2026-04-16 05:24:08.815+0900","N","","","","MIN","4ACM4701","7.23","DESPOSITED","2026-04-16 05:24"
"1984","oht_time_avg","2026-04-16 05:24:08.815+0900","N","","","","MIN","4ACM4701","128.88","TRANSFERRING","2026-04-16 05:24"
"1983","oht_time_avg","2026-04-16 05:24:08.815+0900","N","","","","MIN","4ACM4701","32.07","ACQUIRED","2026-04-16 05:24"
"1982","oht_time_avg","2026-04-16 05:24:08.815+0900","N","","","","MIN","4ACM4701","10.46","ASSIGN","2026-04-16 05:24"
"1981","oht_time_avg","2026-04-16 05:24:08.815+0900","N","","","","MIN","4ACM4701","0.14","REP","2026-04-16 05:24"
"1992","oht_time_avg","2026-04-16 05:25:07.954+0900","N","","","","MIN","4ACM4701","0.0","COMPLETED","2026-04-16 05:25"
"1991","oht_time_avg","2026-04-16 05:25:07.954+0900","N","","","","MIN","4ACM4701","7.15","DESPOSITED","2026-04-16 05:25"
"1990","oht_time_avg","2026-04-16 05:25:07.954+0900","N","","","","MIN","4ACM4701","128.62","TRANSFERRING","2026-04-16 05:25"
"1989","oht_time_avg","2026-04-16 05:25:07.954+0900","N","","","","MIN","4ACM4701","31.26","ACQUIRED","2026-04-16 05:25"
"1988","oht_time_avg","2026-04-16 05:25:07.954+0900","N","","","","MIN","4ACM4701","10.37","ASSIGN","2026-04-16 05:25"
"1987","oht_time_avg","2026-04-16 05:25:07.954+0900","N","","","","MIN","4ACM4701","0.12","REP","2026-04-16 05:25"
"1998","oht_time_avg","2026-04-16 05:26:06.899+0900","N","","","","MIN","4ACM4701","0.0","COMPLETED","2026-04-16 05:26"
"1997","oht_time_avg","2026-04-16 05:26:06.899+0900","N","","","","MIN","4ACM4701","7.12","DESPOSITED","2026-04-16 05:26"
"1996","oht_time_avg","2026-04-16 05:26:06.899+0900","N","","","","MIN","4ACM4701","135.45","TRANSFERRING","2026-04-16 05:26"
"1995","oht_time_avg","2026-04-16 05:26:06.899+0900","N","","","","MIN","4ACM4701","30.78","ACQUIRED","2026-04-16 05:26"
"1994","oht_time_avg","2026-04-16 05:26:06.899+0900","N","","","","MIN","4ACM4701","9.31","ASSIGN","2026-04-16 05:26"
"1993","oht_time_avg","2026-04-16 05:26:06.899+0900","N","","","","MIN","4ACM4701","0.24","REP","2026-04-16 05:26"
"2004","oht_time_avg","2026-04-16 05:27:06.602+0900","N","","","","MIN","4ACM4701","0.0","COMPLETED","2026-04-16 05:27"
"2003","oht_time_avg","2026-04-16 05:27:06.602+0900","N","","","","MIN","4ACM4701","7.32","DESPOSITED","2026-04-16 05:27"
"2002","oht_time_avg","2026-04-16 05:27:06.602+0900","N","","","","MIN","4ACM4701","129.4","TRANSFERRING","2026-04-16 05:27"
"2001","oht_time_avg","2026-04-16 05:27:06.602+0900","N","","","","MIN","4ACM4701","31.77","ACQUIRED","2026-04-16 05:27"
"2000","oht_time_avg","2026-04-16 05:27:06.602+0900","N","","","","MIN","4ACM4701","11.55","ASSIGN","2026-04-16 05:27"
"1999","oht_time_avg","2026-04-16 05:27:06.602+0900","N","","","","MIN","4ACM4701","0.15","REP","2026-04-16 05:27"
"2010","oht_time_avg","2026-04-16 05:28:07.272+0900","N","","","","MIN","4ACM4701","0.0","COMPLETED","2026-04-16 05:28"
"2009","oht_time_avg","2026-04-16 05:28:07.272+0900","N","","","","MIN","4ACM4701","7.3","DESPOSITED","2026-04-16 05:28"
"2008","oht_time_avg","2026-04-16 05:28:07.272+0900","N","","","","MIN","4ACM4701","129.95","TRANSFERRING","2026-04-16 05:28"
"2007","oht_time_avg","2026-04-16 05:28:07.272+0900","N","","","","MIN","4ACM4701","31.22","ACQUIRED","2026-04-16 05:28"
"2006","oht_time_avg","2026-04-16 05:28:07.272+0900","N","","","","MIN","4ACM4701","12.88","ASSIGN","2026-04-16 05:28"
"2005","oht_time_avg","2026-04-16 05:28:07.272+0900","N","","","","MIN","4ACM4701","0.16","REP","2026-04-16 05:28"
"2016","oht_time_avg","2026-04-16 05:29:07.292+0900","N","","","","MIN","4ACM4701","0.0","COMPLETED","2026-04-16 05:29"
"2015","oht_time_avg","2026-04-16 05:29:07.292+0900","N","","","","MIN","4ACM4701","7.29","DESPOSITED","2026-04-16 05:29"
"2014","oht_time_avg","2026-04-16 05:29:07.292+0900","N","","","","MIN","4ACM4701","120.29","TRANSFERRING","2026-04-16 05:29"
"2013","oht_time_avg","2026-04-16 05:29:07.292+0900","N","","","","MIN","4ACM4701","30.87","ACQUIRED","2026-04-16 05:29"
"2012","oht_time_avg","2026-04-16 05:29:07.292+0900","N","","","","MIN","4ACM4701","9.35","ASSIGN","2026-04-16 05:29"
"2011","oht_time_avg","2026-04-16 05:29:07.292+0900","N","","","","MIN","4ACM4701","0.14","REP","2026-04-16 05:29"
"2022","oht_time_avg","2026-04-16 05:30:08.690+0900","N","","","","MIN","4ACM4701","0.0","COMPLETED","2026-04-16 05:30"
"2021","oht_time_avg","2026-04-16 05:30:08.690+0900","N","","","","MIN","4ACM4701","7.01","DESPOSITED","2026-04-16 05:30"
"2020","oht_time_avg","2026-04-16 05:30:08.690+0900","N","","","","MIN","4ACM4701","128.15","TRANSFERRING","2026-04-16 05:30"
"2019","oht_time_avg","2026-04-16 05:30:08.690+0900","N","","","","MIN","4ACM4701","31.27","ACQUIRED","2026-04-16 05:30"
"2018","oht_time_avg","2026-04-16 05:30:08.690+0900","N","","","","MIN","4ACM4701","11.94","ASSIGN","2026-04-16 05:30"
"2017","oht_time_avg","2026-04-16 05:30:08.690+0900","N","","","","MIN","4ACM4701","0.12","REP","2026-04-16 05:30"
"2028","oht_time_avg","2026-04-16 05:31:08.107+0900","N","","","","MIN","4ACM4701","0.0","COMPLETED","2026-04-16 05:31"
"2027","oht_time_avg","2026-04-16 05:31:08.107+0900","N","","","","MIN","4ACM4701","7.2","DESPOSITED","2026-04-16 05:31"
"2026","oht_time_avg","2026-04-16 05:31:08.107+0900","N","","","","MIN","4ACM4701","141.46","TRANSFERRING","2026-04-16 05:31"
"2025","oht_time_avg","2026-04-16 05:31:08.107+0900","N","","","","MIN","4ACM4701","31.01","ACQUIRED","2026-04-16 05:31"
"2024","oht_time_avg","2026-04-16 05:31:08.107+0900","N","","","","MIN","4ACM4701","9.8","ASSIGN","2026-04-16 05:31"
"2023","oht_time_avg","2026-04-16 05:31:08.107+0900","N","","","","MIN","4ACM4701","0.1","REP","2026-04-16 05:31"
"2034","oht_time_avg","2026-04-16 05:32:07.709+0900","N","","","","MIN","4ACM4701","0.0","COMPLETED","2026-04-16 05:32"
"2033","oht_time_avg","2026-04-16 05:32:07.709+0900","N","","","","MIN","4ACM4701","7.24","DESPOSITED","2026-04-16 05:32"
"2032","oht_time_avg","2026-04-16 05:32:07.709+0900","N","","","","MIN","4ACM4701","135.1","TRANSFERRING","2026-04-16 05:32"
"2031","oht_time_avg","2026-04-16 05:32:07.709+0900","N","","","","MIN","4ACM4701","31.14","ACQUIRED","2026-04-16 05:32"
"2030","oht_time_avg","2026-04-16 05:32:07.709+0900","N","","","","MIN","4ACM4701","10.98","ASSIGN","2026-04-16 05:32"
"2029","oht_time_avg","2026-04-16 05:32:07.709+0900","N","","","","MIN","4ACM4701","0.17","REP","2026-04-16 05:32"
"2040","oht_time_avg","2026-04-16 05:33:06.831+0900","N","","","","MIN","4ACM4701","0.0","COMPLETED","2026-04-16 05:33"
"2039","oht_time_avg","2026-04-16 05:33:06.831+0900","N","","","","MIN","4ACM4701","7.21","DESPOSITED","2026-04-16 05:33"
"2038","oht_time_avg","2026-04-16 05:33:06.831+0900","N","","","","MIN","4ACM4701","128.39","TRANSFERRING","2026-04-16 05:33"
"2037","oht_time_avg","2026-04-16 05:33:06.831+0900","N","","","","MIN","4ACM4701","30.97","ACQUIRED","2026-04-16 05:33"
"2036","oht_time_avg","2026-04-16 05:33:06.831+0900","N","","","","MIN","4ACM4701","9.82","ASSIGN","2026-04-16 05:33"
"2035","oht_time_avg","2026-04-16 05:33:06.831+0900","N","","","","MIN","4ACM4701","0.16","REP","2026-04-16 05:33"
"2046","oht_time_avg","2026-04-16 05:34:06.732+0900","N","","","","MIN","4ACM4701","0.0","COMPLETED","2026-04-16 05:34"
"2045","oht_time_avg","2026-04-16 05:34:06.732+0900","N","","","","MIN","4ACM4701","7.06","DESPOSITED","2026-04-16 05:34"
"2044","oht_time_avg","2026-04-16 05:34:06.732+0900","N","","","","MIN","4ACM4701","123.84","TRANSFERRING","2026-04-16 05:34"
"2043","oht_time_avg","2026-04-16 05:34:06.732+0900","N","","","","MIN","4ACM4701","33.61","ACQUIRED","2026-04-16 05:34"
"2042","oht_time_avg","2026-04-16 05:34:06.732+0900","N","","","","MIN","4ACM4701","12.47","ASSIGN","2026-04-16 05:34"
"2041","oht_time_avg","2026-04-16 05:34:06.732+0900","N","","","","MIN","4ACM4701","0.14","REP","2026-04-16 05:34"
"2052","oht_time_avg","2026-04-16 05:35:06.545+0900","N","","","","MIN","4ACM4701","0.0","COMPLETED","2026-04-16 05:35"
"2051","oht_time_avg","2026-04-16 05:35:06.545+0900","N","","","","MIN","4ACM4701","7.2","DESPOSITED","2026-04-16 05:35"
"2050","oht_time_avg","2026-04-16 05:35:06.545+0900","N","","","","MIN","4ACM4701","130.19","TRANSFERRING","2026-04-16 05:35"
"2049","oht_time_avg","2026-04-16 05:35:06.545+0900","N","","","","MIN","4ACM4701","33.22","ACQUIRED","2026-04-16 05:35"
"2048","oht_time_avg","2026-04-16 05:35:06.545+0900","N","","","","MIN","4ACM4701","11.59","ASSIGN","2026-04-16 05:35"
"2047","oht_time_avg","2026-04-16 05:35:06.545+0900","N","","","","MIN","4ACM4701","0.14","REP","2026-04-16 05:35"
"2058","oht_time_avg","2026-04-16 05:36:06.666+0900","N","","","","MIN","4ACM4701","0.0","COMPLETED","2026-04-16 05:36"
"2057","oht_time_avg","2026-04-16 05:36:06.666+0900","N","","","","MIN","4ACM4701","7.18","DESPOSITED","2026-04-16 05:36"
"2056","oht_time_avg","2026-04-16 05:36:06.666+0900","N","","","","MIN","4ACM4701","128.19","TRANSFERRING","2026-04-16 05:36"
"2055","oht_time_avg","2026-04-16 05:36:06.666+0900","N","","","","MIN","4ACM4701","30.72","ACQUIRED","2026-04-16 05:36"
"2054","oht_time_avg","2026-04-16 05:36:06.666+0900","N","","","","MIN","4ACM4701","11.31","ASSIGN","2026-04-16 05:36"
"2053","oht_time_avg","2026-04-16 05:36:06.666+0900","N","","","","MIN","4ACM4701","0.15","REP","2026-04-16 05:36"
"2064","oht_time_avg","2026-04-16 05:37:07.745+0900","N","","","","MIN","4ACM4701","0.0","COMPLETED","2026-04-16 05:37"
"2063","oht_time_avg","2026-04-16 05:37:07.745+0900","N","","","","MIN","4ACM4701","7.1","DESPOSITED","2026-04-16 05:37"
"2062","oht_time_avg","2026-04-16 05:37:07.745+0900","N","","","","MIN","4ACM4701","135.14","TRANSFERRING","2026-04-16 05:37"
"2061","oht_time_avg","2026-04-16 05:37:07.745+0900","N","","","","MIN","4ACM4701","31.12","ACQUIRED","2026-04-16 05:37"
"2060","oht_time_avg","2026-04-16 05:37:07.745+0900","N","","","","MIN","4ACM4701","11.98","ASSIGN","2026-04-16 05:37"
"2059","oht_time_avg","2026-04-16 05:37:07.745+0900","N","","","","MIN","4ACM4701","0.14","REP","2026-04-16 05:37"
"2070","oht_time_avg","2026-04-16 05:38:06.491+0900","N","","","","MIN","4ACM4701","0.0","COMPLETED","2026-04-16 05:38"
"2069","oht_time_avg","2026-04-16 05:38:06.491+0900","N","","","","MIN","4ACM4701","7.24","DESPOSITED","2026-04-16 05:38"
"2068","oht_time_avg","2026-04-16 05:38:06.491+0900","N","","","","MIN","4ACM4701","131.7","TRANSFERRING","2026-04-16 05:38"
"2067","oht_time_avg","2026-04-16 05:38:06.491+0900","N","","","","MIN","4ACM4701","32.92","ACQUIRED","2026-04-16 05:38"
"2066","oht_time_avg","2026-04-16 05:38:06.491+0900","N","","","","MIN","4ACM4701","11.25","ASSIGN","2026-04-16 05:38"
"2065","oht_time_avg","2026-04-16 05:38:06.491+0900","N","","","","MIN","4ACM4701","0.21","REP","2026-04-16 05:38"
"2076","oht_time_avg","2026-04-16 05:39:06.925+0900","N","","","","MIN","4ACM4701","0.0","COMPLETED","2026-04-16 05:39"
"2075","oht_time_avg","2026-04-16 05:39:06.925+0900","N","","","","MIN","4ACM4701","7.32","DESPOSITED","2026-04-16 05:39"
"2074","oht_time_avg","2026-04-16 05:39:06.925+0900","N","","","","MIN","4ACM4701","124.01","TRANSFERRING","2026-04-16 05:39"
"2073","oht_time_avg","2026-04-16 05:39:06.925+0900","N","","","","MIN","4ACM4701","33.9","ACQUIRED","2026-04-16 05:39"
"2072","oht_time_avg","2026-04-16 05:39:06.925+0900","N","","","","MIN","4ACM4701","11.86","ASSIGN","2026-04-16 05:39"
"2071","oht_time_avg","2026-04-16 05:39:06.925+0900","N","","","","MIN","4ACM4701","0.18","REP","2026-04-16 05:39"
"2082","oht_time_avg","2026-04-16 05:40:06.529+0900","N","","","","MIN","4ACM4701","0.0","COMPLETED","2026-04-16 05:40"
"2081","oht_time_avg","2026-04-16 05:40:06.529+0900","N","","","","MIN","4ACM4701","7.28","DESPOSITED","2026-04-16 05:40"
"2080","oht_time_avg","2026-04-16 05:40:06.529+0900","N","","","","MIN","4ACM4701","131.68","TRANSFERRING","2026-04-16 05:40"
"2079","oht_time_avg","2026-04-16 05:40:06.529+0900","N","","","","MIN","4ACM4701","31.49","ACQUIRED","2026-04-16 05:40"
"2078","oht_time_avg","2026-04-16 05:40:06.529+0900","N","","","","MIN","4ACM4701","9.83","ASSIGN","2026-04-16 05:40"
"2077","oht_time_avg","2026-04-16 05:40:06.529+0900","N","","","","MIN","4ACM4701","0.53","REP","2026-04-16 05:40"
"2088","oht_time_avg","2026-04-16 05:41:06.485+0900","N","","","","MIN","4ACM4701","0.0","COMPLETED","2026-04-16 05:41"
"2087","oht_time_avg","2026-04-16 05:41:06.485+0900","N","","","","MIN","4ACM4701","7.12","DESPOSITED","2026-04-16 05:41"
"2086","oht_time_avg","2026-04-16 05:41:06.485+0900","N","","","","MIN","4ACM4701","139.02","TRANSFERRING","2026-04-16 05:41"
"2085","oht_time_avg","2026-04-16 05:41:06.485+0900","N","","","","MIN","4ACM4701","31.66","ACQUIRED","2026-04-16 05:41"
"2084","oht_time_avg","2026-04-16 05:41:06.485+0900","N","","","","MIN","4ACM4701","13.2","ASSIGN","2026-04-16 05:41"
"2083","oht_time_avg","2026-04-16 05:41:06.485+0900","N","","","","MIN","4ACM4701","0.11","REP","2026-04-16 05:41"
"2094","oht_time_avg","2026-04-16 05:42:06.606+0900","N","","","","MIN","4ACM4701","0.0","COMPLETED","2026-04-16 05:42"
"2093","oht_time_avg","2026-04-16 05:42:06.606+0900","N","","","","MIN","4ACM4701","7.3","DESPOSITED","2026-04-16 05:42"
"2092","oht_time_avg","2026-04-16 05:42:06.606+0900","N","","","","MIN","4ACM4701","140.23","TRANSFERRING","2026-04-16 05:42"
"2091","oht_time_avg","2026-04-16 05:42:06.606+0900","N","","","","MIN","4ACM4701","33.1","ACQUIRED","2026-04-16 05:42"
"2090","oht_time_avg","2026-04-16 05:42:06.606+0900","N","","","","MIN","4ACM4701","12.64","ASSIGN","2026-04-16 05:42"
"2089","oht_time_avg","2026-04-16 05:42:06.606+0900","N","","","","MIN","4ACM4701","0.12","REP","2026-04-16 05:42"
"2100","oht_time_avg","2026-04-16 05:43:07.202+0900","N","","","","MIN","4ACM4701","0.0","COMPLETED","2026-04-16 05:43"
"2099","oht_time_avg","2026-04-16 05:43:07.202+0900","N","","","","MIN","4ACM4701","7.23","DESPOSITED","2026-04-16 05:43"
"2098","oht_time_avg","2026-04-16 05:43:07.202+0900","N","","","","MIN","4ACM4701","132.24","TRANSFERRING","2026-04-16 05:43"
"2097","oht_time_avg","2026-04-16 05:43:07.202+0900","N","","","","MIN","4ACM4701","30.52","ACQUIRED","2026-04-16 05:43"
"2096","oht_time_avg","2026-04-16 05:43:07.202+0900","N","","","","MIN","4ACM4701","12.9","ASSIGN","2026-04-16 05:43"
"2095","oht_time_avg","2026-04-16 05:43:07.202+0900","N","","","","MIN","4ACM4701","0.14","REP","2026-04-16 05:43"
"2106","oht_time_avg","2026-04-16 05:44:06.787+0900","N","","","","MIN","4ACM4701","0.0","COMPLETED","2026-04-16 05:44"
"2105","oht_time_avg","2026-04-16 05:44:06.787+0900","N","","","","MIN","4ACM4701","7.4","DESPOSITED","2026-04-16 05:44"
"2104","oht_time_avg","2026-04-16 05:44:06.787+0900","N","","","","MIN","4ACM4701","132.21","TRANSFERRING","2026-04-16 05:44"
"2103","oht_time_avg","2026-04-16 05:44:06.787+0900","N","","","","MIN","4ACM4701","28.54","ACQUIRED","2026-04-16 05:44"
"2102","oht_time_avg","2026-04-16 05:44:06.787+0900","N","","","","MIN","4ACM4701","12.4","ASSIGN","2026-04-16 05:44"
"2101","oht_time_avg","2026-04-16 05:44:06.787+0900","N","","","","MIN","4ACM4701","0.12","REP","2026-04-16 05:44"
"2112","oht_time_avg","2026-04-16 05:45:07.097+0900","N","","","","MIN","4ACM4701","0.0","COMPLETED","2026-04-16 05:45"
"2111","oht_time_avg","2026-04-16 05:45:07.097+0900","N","","","","MIN","4ACM4701","7.14","DESPOSITED","2026-04-16 05:45"
"2110","oht_time_avg","2026-04-16 05:45:07.097+0900","N","","","","MIN","4ACM4701","136.71","TRANSFERRING","2026-04-16 05:45"
"2109","oht_time_avg","2026-04-16 05:45:07.097+0900","N","","","","MIN","4ACM4701","32.57","ACQUIRED","2026-04-16 05:45"
"2108","oht_time_avg","2026-04-16 05:45:07.097+0900","N","","","","MIN","4ACM4701","12.58","ASSIGN","2026-04-16 05:45"
"2107","oht_time_avg","2026-04-16 05:45:07.097+0900","N","","","","MIN","4ACM4701","0.18","REP","2026-04-16 05:45"
"2118","oht_time_avg","2026-04-16 05:46:06.656+0900","N","","","","MIN","4ACM4701","0.0","COMPLETED","2026-04-16 05:46"
"2117","oht_time_avg","2026-04-16 05:46:06.656+0900","N","","","","MIN","4ACM4701","7.12","DESPOSITED","2026-04-16 05:46"
"2116","oht_time_avg","2026-04-16 05:46:06.656+0900","N","","","","MIN","4ACM4701","129.63","TRANSFERRING","2026-04-16 05:46"
"2115","oht_time_avg","2026-04-16 05:46:06.656+0900","N","","","","MIN","4ACM4701","33.81","ACQUIRED","2026-04-16 05:46"
"2114","oht_time_avg","2026-04-16 05:46:06.656+0900","N","","","","MIN","4ACM4701","12.14","ASSIGN","2026-04-16 05:46"
"2113","oht_time_avg","2026-04-16 05:46:06.656+0900","N","","","","MIN","4ACM4701","0.16","REP","2026-04-16 05:46"
"2124","oht_time_avg","2026-04-16 05:47:07.524+0900","N","","","","MIN","4ACM4701","0.0","COMPLETED","2026-04-16 05:47"
"2123","oht_time_avg","2026-04-16 05:47:07.524+0900","N","","","","MIN","4ACM4701","7.24","DESPOSITED","2026-04-16 05:47"
"2122","oht_time_avg","2026-04-16 05:47:07.524+0900","N","","","","MIN","4ACM4701","129.28","TRANSFERRING","2026-04-16 05:47"
"2121","oht_time_avg","2026-04-16 05:47:07.524+0900","N","","","","MIN","4ACM4701","33.0","ACQUIRED","2026-04-16 05:47"
"2120","oht_time_avg","2026-04-16 05:47:07.524+0900","N","","","","MIN","4ACM4701","13.9","ASSIGN","2026-04-16 05:47"
"2119","oht_time_avg","2026-04-16 05:47:07.524+0900","N","","","","MIN","4ACM4701","0.16","REP","2026-04-16 05:47"
"2130","oht_time_avg","2026-04-16 05:48:06.484+0900","N","","","","MIN","4ACM4701","0.0","COMPLETED","2026-04-16 05:48"
"2129","oht_time_avg","2026-04-16 05:48:06.484+0900","N","","","","MIN","4ACM4701","7.45","DESPOSITED","2026-04-16 05:48"
"2128","oht_time_avg","2026-04-16 05:48:06.484+0900","N","","","","MIN","4ACM4701","129.48","TRANSFERRING","2026-04-16 05:48"
"2127","oht_time_avg","2026-04-16 05:48:06.484+0900","N","","","","MIN","4ACM4701","31.39","ACQUIRED","2026-04-16 05:48"
"2126","oht_time_avg","2026-04-16 05:48:06.484+0900","N","","","","MIN","4ACM4701","13.7","ASSIGN","2026-04-16 05:48"
"2125","oht_time_avg","2026-04-16 05:48:06.484+0900","N","","","","MIN","4ACM4701","0.13","REP","2026-04-16 05:48"
"2136","oht_time_avg","2026-04-16 05:49:06.698+0900","N","","","","MIN","4ACM4701","0.0","COMPLETED","2026-04-16 05:49"
"2135","oht_time_avg","2026-04-16 05:49:06.698+0900","N","","","","MIN","4ACM4701","7.1","DESPOSITED","2026-04-16 05:49"
"2134","oht_time_avg","2026-04-16 05:49:06.698+0900","N","","","","MIN","4ACM4701","132.0","TRANSFERRING","2026-04-16 05:49"
"2133","oht_time_avg","2026-04-16 05:49:06.698+0900","N","","","","MIN","4ACM4701","34.61","ACQUIRED","2026-04-16 05:49"
"2132","oht_time_avg","2026-04-16 05:49:06.698+0900","N","","","","MIN","4ACM4701","14.75","ASSIGN","2026-04-16 05:49"
"2131","oht_time_avg","2026-04-16 05:49:06.698+0900","N","","","","MIN","4ACM4701","0.67","REP","2026-04-16 05:49"
"2142","oht_time_avg","2026-04-16 05:50:07.962+0900","N","","","","MIN","4ACM4701","0.0","COMPLETED","2026-04-16 05:50"
"2141","oht_time_avg","2026-04-16 05:50:07.962+0900","N","","","","MIN","4ACM4701","7.39","DESPOSITED","2026-04-16 05:50"
"2140","oht_time_avg","2026-04-16 05:50:07.962+0900","N","","","","MIN","4ACM4701","137.32","TRANSFERRING","2026-04-16 05:50"
"2139","oht_time_avg","2026-04-16 05:50:07.962+0900","N","","","","MIN","4ACM4701","32.68","ACQUIRED","2026-04-16 05:50"
"2138","oht_time_avg","2026-04-16 05:50:07.962+0900","N","","","","MIN","4ACM4701","13.61","ASSIGN","2026-04-16 05:50"
"2137","oht_time_avg","2026-04-16 05:50:07.962+0900","N","","","","MIN","4ACM4701","0.14","REP","2026-04-16 05:50"
"2148","oht_time_avg","2026-04-16 05:51:08.449+0900","N","","","","MIN","4ACM4701","0.0","COMPLETED","2026-04-16 05:51"
"2147","oht_time_avg","2026-04-16 05:51:08.449+0900","N","","","","MIN","4ACM4701","7.09","DESPOSITED","2026-04-16 05:51"
"2146","oht_time_avg","2026-04-16 05:51:08.449+0900","N","","","","MIN","4ACM4701","144.31","TRANSFERRING","2026-04-16 05:51"
"2145","oht_time_avg","2026-04-16 05:51:08.449+0900","N","","","","MIN","4ACM4701","33.08","ACQUIRED","2026-04-16 05:51"
"2144","oht_time_avg","2026-04-16 05:51:08.449+0900","N","","","","MIN","4ACM4701","13.66","ASSIGN","2026-04-16 05:51"
"2143","oht_time_avg","2026-04-16 05:51:08.449+0900","N","","","","MIN","4ACM4701","0.13","REP","2026-04-16 05:51"
"2154","oht_time_avg","2026-04-16 05:52:07.695+0900","N","","","","MIN","4ACM4701","0.0","COMPLETED","2026-04-16 05:52"
"2153","oht_time_avg","2026-04-16 05:52:07.695+0900","N","","","","MIN","4ACM4701","7.16","DESPOSITED","2026-04-16 05:52"
"2152","oht_time_avg","2026-04-16 05:52:07.695+0900","N","","","","MIN","4ACM4701","141.41","TRANSFERRING","2026-04-16 05:52"
"2151","oht_time_avg","2026-04-16 05:52:07.695+0900","N","","","","MIN","4ACM4701","32.35","ACQUIRED","2026-04-16 05:52"
"2150","oht_time_avg","2026-04-16 05:52:07.695+0900","N","","","","MIN","4ACM4701","12.8","ASSIGN","2026-04-16 05:52"
"2149","oht_time_avg","2026-04-16 05:52:07.695+0900","N","","","","MIN","4ACM4701","0.93","REP","2026-04-16 05:52"
"2160","oht_time_avg","2026-04-16 05:53:06.563+0900","N","","","","MIN","4ACM4701","0.0","COMPLETED","2026-04-16 05:53"
"2159","oht_time_avg","2026-04-16 05:53:06.563+0900","N","","","","MIN","4ACM4701","7.28","DESPOSITED","2026-04-16 05:53"
"2158","oht_time_avg","2026-04-16 05:53:06.563+0900","N","","","","MIN","4ACM4701","130.79","TRANSFERRING","2026-04-16 05:53"
"2157","oht_time_avg","2026-04-16 05:53:06.563+0900","N","","","","MIN","4ACM4701","31.09","ACQUIRED","2026-04-16 05:53"
"2156","oht_time_avg","2026-04-16 05:53:06.563+0900","N","","","","MIN","4ACM4701","11.58","ASSIGN","2026-04-16 05:53"
"2155","oht_time_avg","2026-04-16 05:53:06.563+0900","N","","","","MIN","4ACM4701","0.16","REP","2026-04-16 05:53"
"2166","oht_time_avg","2026-04-16 05:54:07.488+0900","N","","","","MIN","4ACM4701","0.0","COMPLETED","2026-04-16 05:54"
"2165","oht_time_avg","2026-04-16 05:54:07.488+0900","N","","","","MIN","4ACM4701","7.39","DESPOSITED","2026-04-16 05:54"
"2164","oht_time_avg","2026-04-16 05:54:07.488+0900","N","","","","MIN","4ACM4701","130.6","TRANSFERRING","2026-04-16 05:54"
"2163","oht_time_avg","2026-04-16 05:54:07.488+0900","N","","","","MIN","4ACM4701","30.99","ACQUIRED","2026-04-16 05:54"
"2162","oht_time_avg","2026-04-16 05:54:07.488+0900","N","","","","MIN","4ACM4701","12.59","ASSIGN","2026-04-16 05:54"
"2161","oht_time_avg","2026-04-16 05:54:07.488+0900","N","","","","MIN","4ACM4701","0.15","REP","2026-04-16 05:54"
"2172","oht_time_avg","2026-04-16 05:55:06.435+0900","N","","","","MIN","4ACM4701","0.0","COMPLETED","2026-04-16 05:55"
"2171","oht_time_avg","2026-04-16 05:55:06.435+0900","N","","","","MIN","4ACM4701","7.17","DESPOSITED","2026-04-16 05:55"
"2170","oht_time_avg","2026-04-16 05:55:06.435+0900","N","","","","MIN","4ACM4701","131.28","TRANSFERRING","2026-04-16 05:55"
"2169","oht_time_avg","2026-04-16 05:55:06.435+0900","N","","","","MIN","4ACM4701","32.64","ACQUIRED","2026-04-16 05:55"
"2168","oht_time_avg","2026-04-16 05:55:06.435+0900","N","","","","MIN","4ACM4701","11.5","ASSIGN","2026-04-16 05:55"
"2167","oht_time_avg","2026-04-16 05:55:06.435+0900","N","","","","MIN","4ACM4701","0.12","REP","2026-04-16 05:55"
"2178","oht_time_avg","2026-04-16 05:56:06.556+0900","N","","","","MIN","4ACM4701","0.0","COMPLETED","2026-04-16 05:56"
"2177","oht_time_avg","2026-04-16 05:56:06.556+0900","N","","","","MIN","4ACM4701","7.28","DESPOSITED","2026-04-16 05:56"
"2176","oht_time_avg","2026-04-16 05:56:06.556+0900","N","","","","MIN","4ACM4701","125.16","TRANSFERRING","2026-04-16 05:56"
"2175","oht_time_avg","2026-04-16 05:56:06.556+0900","N","","","","MIN","4ACM4701","30.93","ACQUIRED","2026-04-16 05:56"
"2174","oht_time_avg","2026-04-16 05:56:06.556+0900","N","","","","MIN","4ACM4701","11.23","ASSIGN","2026-04-16 05:56"
"2173","oht_time_avg","2026-04-16 05:56:06.556+0900","N","","","","MIN","4ACM4701","0.14","REP","2026-04-16 05:56"
"2184","oht_time_avg","2026-04-16 05:57:06.531+0900","N","","","","MIN","4ACM4701","0.0","COMPLETED","2026-04-16 05:57"
"2183","oht_time_avg","2026-04-16 05:57:06.531+0900","N","","","","MIN","4ACM4701","7.34","DESPOSITED","2026-04-16 05:57"
"2182","oht_time_avg","2026-04-16 05:57:06.531+0900","N","","","","MIN","4ACM4701","141.76","TRANSFERRING","2026-04-16 05:57"
"2181","oht_time_avg","2026-04-16 05:57:06.531+0900","N","","","","MIN","4ACM4701","30.66","ACQUIRED","2026-04-16 05:57"
"2180","oht_time_avg","2026-04-16 05:57:06.531+0900","N","","","","MIN","4ACM4701","11.75","ASSIGN","2026-04-16 05:57"
"2179","oht_time_avg","2026-04-16 05:57:06.531+0900","N","","","","MIN","4ACM4701","0.12","REP","2026-04-16 05:57"
"2190","oht_time_avg","2026-04-16 05:58:07.570+0900","N","","","","MIN","4ACM4701","0.0","COMPLETED","2026-04-16 05:58"
"2189","oht_time_avg","2026-04-16 05:58:07.570+0900","N","","","","MIN","4ACM4701","7.22","DESPOSITED","2026-04-16 05:58"
"2188","oht_time_avg","2026-04-16 05:58:07.570+0900","N","","","","MIN","4ACM4701","135.73","TRANSFERRING","2026-04-16 05:58"
"2187","oht_time_avg","2026-04-16 05:58:07.570+0900","N","","","","MIN","4ACM4701","29.95","ACQUIRED","2026-04-16 05:58"
"2186","oht_time_avg","2026-04-16 05:58:07.570+0900","N","","","","MIN","4ACM4701","11.97","ASSIGN","2026-04-16 05:58"
"2185","oht_time_avg","2026-04-16 05:58:07.570+0900","N","","","","MIN","4ACM4701","0.12","REP","2026-04-16 05:58"
"2196","oht_time_avg","2026-04-16 05:59:06.466+0900","N","","","","MIN","4ACM4701","0.0","COMPLETED","2026-04-16 05:59"
"2195","oht_time_avg","2026-04-16 05:59:06.466+0900","N","","","","MIN","4ACM4701","7.4","DESPOSITED","2026-04-16 05:59"
"2194","oht_time_avg","2026-04-16 05:59:06.466+0900","N","","","","MIN","4ACM4701","133.62","TRANSFERRING","2026-04-16 05:59"
"2193","oht_time_avg","2026-04-16 05:59:06.466+0900","N","","","","MIN","4ACM4701","32.43","ACQUIRED","2026-04-16 05:59"
"2192","oht_time_avg","2026-04-16 05:59:06.466+0900","N","","","","MIN","4ACM4701","11.57","ASSIGN","2026-04-16 05:59"
"2191","oht_time_avg","2026-04-16 05:59:06.466+0900","N","","","","MIN","4ACM4701","0.93","REP","2026-04-16 05:59"
"2202","oht_time_avg","2026-04-16 06:00:06.780+0900","N","","","","MIN","4ACM4701","0.0","COMPLETED","2026-04-16 06:00"
"2201","oht_time_avg","2026-04-16 06:00:06.780+0900","N","","","","MIN","4ACM4701","7.38","DESPOSITED","2026-04-16 06:00"
"2200","oht_time_avg","2026-04-16 06:00:06.780+0900","N","","","","MIN","4ACM4701","138.82","TRANSFERRING","2026-04-16 06:00"
"2199","oht_time_avg","2026-04-16 06:00:06.780+0900","N","","","","MIN","4ACM4701","33.74","ACQUIRED","2026-04-16 06:00"
"2198","oht_time_avg","2026-04-16 06:00:06.780+0900","N","","","","MIN","4ACM4701","10.61","ASSIGN","2026-04-16 06:00"
"2197","oht_time_avg","2026-04-16 06:00:06.780+0900","N","","","","MIN","4ACM4701","0.13","REP","2026-04-16 06:00"
"2208","oht_time_avg","2026-04-16 06:01:10.878+0900","N","","","","MIN","4ACM4701","0.0","COMPLETED","2026-04-16 06:01"
"2207","oht_time_avg","2026-04-16 06:01:10.878+0900","N","","","","MIN","4ACM4701","7.12","DESPOSITED","2026-04-16 06:01"
"2206","oht_time_avg","2026-04-16 06:01:10.878+0900","N","","","","MIN","4ACM4701","135.64","TRANSFERRING","2026-04-16 06:01"
"2205","oht_time_avg","2026-04-16 06:01:10.878+0900","N","","","","MIN","4ACM4701","31.14","ACQUIRED","2026-04-16 06:01"
"2204","oht_time_avg","2026-04-16 06:01:10.878+0900","N","","","","MIN","4ACM4701","12.9","ASSIGN","2026-04-16 06:01"
"2203","oht_time_avg","2026-04-16 06:01:10.878+0900","N","","","","MIN","4ACM4701","1.03","REP","2026-04-16 06:01"
"2214","oht_time_avg","2026-04-16 06:01:11.388+0900","N","","","","HOUR","4ACM4701","0.0","COMPLETED","2026-04-16 06:00"
"2213","oht_time_avg","2026-04-16 06:01:11.388+0900","N","","","","HOUR","4ACM4701","7.06","DESPOSITED","2026-04-16 06:00"
"2212","oht_time_avg","2026-04-16 06:01:11.388+0900","N","","","","HOUR","4ACM4701","131.16","TRANSFERRING","2026-04-16 06:00"
"2211","oht_time_avg","2026-04-16 06:01:11.388+0900","N","","","","HOUR","4ACM4701","32.05","ACQUIRED","2026-04-16 06:00"
"2210","oht_time_avg","2026-04-16 06:01:11.388+0900","N","","","","HOUR","4ACM4701","11.64","ASSIGN","2026-04-16 06:00"
"2209","oht_time_avg","2026-04-16 06:01:11.388+0900","N","","","","HOUR","4ACM4701","0.16","REP","2026-04-16 06:00"
"2220","oht_time_avg","2026-04-16 06:02:06.984+0900","N","","","","MIN","4ACM4701","0.0","COMPLETED","2026-04-16 06:02"
"2219","oht_time_avg","2026-04-16 06:02:06.984+0900","N","","","","MIN","4ACM4701","7.38","DESPOSITED","2026-04-16 06:02"
"2218","oht_time_avg","2026-04-16 06:02:06.984+0900","N","","","","MIN","4ACM4701","129.75","TRANSFERRING","2026-04-16 06:02"
"2217","oht_time_avg","2026-04-16 06:02:06.984+0900","N","","","","MIN","4ACM4701","34.58","ACQUIRED","2026-04-16 06:02"
"2216","oht_time_avg","2026-04-16 06:02:06.984+0900","N","","","","MIN","4ACM4701","11.89","ASSIGN","2026-04-16 06:02"
"2215","oht_time_avg","2026-04-16 06:02:06.984+0900","N","","","","MIN","4ACM4701","0.16","REP","2026-04-16 06:02"
"2226","oht_time_avg","2026-04-16 06:03:08.074+0900","N","","","","MIN","4ACM4701","0.0","COMPLETED","2026-04-16 06:03"
"2225","oht_time_avg","2026-04-16 06:03:08.074+0900","N","","","","MIN","4ACM4701","7.11","DESPOSITED","2026-04-16 06:03"
"2224","oht_time_avg","2026-04-16 06:03:08.074+0900","N","","","","MIN","4ACM4701","136.57","TRANSFERRING","2026-04-16 06:03"
"2223","oht_time_avg","2026-04-16 06:03:08.074+0900","N","","","","MIN","4ACM4701","31.43","ACQUIRED","2026-04-16 06:03"
"2222","oht_time_avg","2026-04-16 06:03:08.074+0900","N","","","","MIN","4ACM4701","13.28","ASSIGN","2026-04-16 06:03"
"2221","oht_time_avg","2026-04-16 06:03:08.074+0900","N","","","","MIN","4ACM4701","0.15","REP","2026-04-16 06:03"
"2232","oht_time_avg","2026-04-16 06:04:06.950+0900","N","","","","MIN","4ACM4701","0.0","COMPLETED","2026-04-16 06:04"
"2231","oht_time_avg","2026-04-16 06:04:06.950+0900","N","","","","MIN","4ACM4701","7.1","DESPOSITED","2026-04-16 06:04"
"2230","oht_time_avg","2026-04-16 06:04:06.950+0900","N","","","","MIN","4ACM4701","128.97","TRANSFERRING","2026-04-16 06:04"
"2229","oht_time_avg","2026-04-16 06:04:06.950+0900","N","","","","MIN","4ACM4701","35.57","ACQUIRED","2026-04-16 06:04"
"2228","oht_time_avg","2026-04-16 06:04:06.950+0900","N","","","","MIN","4ACM4701","11.66","ASSIGN","2026-04-16 06:04"
"2227","oht_time_avg","2026-04-16 06:04:06.950+0900","N","","","","MIN","4ACM4701","0.14","REP","2026-04-16 06:04"
"2238","oht_time_avg","2026-04-16 06:05:06.866+0900","N","","","","MIN","4ACM4701","0.0","COMPLETED","2026-04-16 06:05"
"2237","oht_time_avg","2026-04-16 06:05:06.866+0900","N","","","","MIN","4ACM4701","7.3","DESPOSITED","2026-04-16 06:05"
"2236","oht_time_avg","2026-04-16 06:05:06.866+0900","N","","","","MIN","4ACM4701","133.62","TRANSFERRING","2026-04-16 06:05"
"2235","oht_time_avg","2026-04-16 06:05:06.866+0900","N","","","","MIN","4ACM4701","32.54","ACQUIRED","2026-04-16 06:05"
"2234","oht_time_avg","2026-04-16 06:05:06.866+0900","N","","","","MIN","4ACM4701","13.57","ASSIGN","2026-04-16 06:05"
"2233","oht_time_avg","2026-04-16 06:05:06.866+0900","N","","","","MIN","4ACM4701","0.15","REP","2026-04-16 06:05"
"2244","oht_time_avg","2026-04-16 06:06:06.762+0900","N","","","","MIN","4ACM4701","0.0","COMPLETED","2026-04-16 06:06"
"2243","oht_time_avg","2026-04-16 06:06:06.762+0900","N","","","","MIN","4ACM4701","7.3","DESPOSITED","2026-04-16 06:06"
"2242","oht_time_avg","2026-04-16 06:06:06.762+0900","N","","","","MIN","4ACM4701","135.81","TRANSFERRING","2026-04-16 06:06"
"2241","oht_time_avg","2026-04-16 06:06:06.762+0900","N","","","","MIN","4ACM4701","32.59","ACQUIRED","2026-04-16 06:06"
"2240","oht_time_avg","2026-04-16 06:06:06.762+0900","N","","","","MIN","4ACM4701","12.04","ASSIGN","2026-04-16 06:06"
"2239","oht_time_avg","2026-04-16 06:06:06.762+0900","N","","","","MIN","4ACM4701","0.13","REP","2026-04-16 06:06"
"2250","oht_time_avg","2026-04-16 06:07:06.165+0900","N","","","","MIN","4ACM4701","0.0","COMPLETED","2026-04-16 06:07"
"2249","oht_time_avg","2026-04-16 06:07:06.165+0900","N","","","","MIN","4ACM4701","7.1","DESPOSITED","2026-04-16 06:07"
"2248","oht_time_avg","2026-04-16 06:07:06.165+0900","N","","","","MIN","4ACM4701","134.27","TRANSFERRING","2026-04-16 06:07"
"2247","oht_time_avg","2026-04-16 06:07:06.165+0900","N","","","","MIN","4ACM4701","30.9","ACQUIRED","2026-04-16 06:07"
"2246","oht_time_avg","2026-04-16 06:07:06.165+0900","N","","","","MIN","4ACM4701","10.96","ASSIGN","2026-04-16 06:07"
"2245","oht_time_avg","2026-04-16 06:07:06.165+0900","N","","","","MIN","4ACM4701","0.13","REP","2026-04-16 06:07"
"2256","oht_time_avg","2026-04-16 06:08:07.227+0900","N","","","","MIN","4ACM4701","0.0","COMPLETED","2026-04-16 06:08"
"2255","oht_time_avg","2026-04-16 06:08:07.227+0900","N","","","","MIN","4ACM4701","7.02","DESPOSITED","2026-04-16 06:08"
"2254","oht_time_avg","2026-04-16 06:08:07.227+0900","N","","","","MIN","4ACM4701","134.85","TRANSFERRING","2026-04-16 06:08"
"2253","oht_time_avg","2026-04-16 06:08:07.227+0900","N","","","","MIN","4ACM4701","31.54","ACQUIRED","2026-04-16 06:08"
"2252","oht_time_avg","2026-04-16 06:08:07.227+0900","N","","","","MIN","4ACM4701","10.57","ASSIGN","2026-04-16 06:08"
"2251","oht_time_avg","2026-04-16 06:08:07.227+0900","N","","","","MIN","4ACM4701","4.05","REP","2026-04-16 06:08"
"2262","oht_time_avg","2026-04-16 06:09:07.895+0900","N","","","","MIN","4ACM4701","0.0","COMPLETED","2026-04-16 06:09"
"2261","oht_time_avg","2026-04-16 06:09:07.895+0900","N","","","","MIN","4ACM4701","7.08","DESPOSITED","2026-04-16 06:09"
"2260","oht_time_avg","2026-04-16 06:09:07.895+0900","N","","","","MIN","4ACM4701","138.45","TRANSFERRING","2026-04-16 06:09"
"2259","oht_time_avg","2026-04-16 06:09:07.895+0900","N","","","","MIN","4ACM4701","29.36","ACQUIRED","2026-04-16 06:09"
"2258","oht_time_avg","2026-04-16 06:09:07.895+0900","N","","","","MIN","4ACM4701","10.84","ASSIGN","2026-04-16 06:09"
"2257","oht_time_avg","2026-04-16 06:09:07.895+0900","N","","","","MIN","4ACM4701","0.15","REP","2026-04-16 06:09"
"2268","oht_time_avg","2026-04-16 06:10:06.583+0900","N","","","","MIN","4ACM4701","0.0","COMPLETED","2026-04-16 06:10"
"2267","oht_time_avg","2026-04-16 06:10:06.583+0900","N","","","","MIN","4ACM4701","7.06","DESPOSITED","2026-04-16 06:10"
"2266","oht_time_avg","2026-04-16 06:10:06.583+0900","N","","","","MIN","4ACM4701","135.09","TRANSFERRING","2026-04-16 06:10"
"2265","oht_time_avg","2026-04-16 06:10:06.583+0900","N","","","","MIN","4ACM4701","30.01","ACQUIRED","2026-04-16 06:10"
"2264","oht_time_avg","2026-04-16 06:10:06.583+0900","N","","","","MIN","4ACM4701","11.3","ASSIGN","2026-04-16 06:10"
"2263","oht_time_avg","2026-04-16 06:10:06.583+0900","N","","","","MIN","4ACM4701","0.93","REP","2026-04-16 06:10"
"2274","oht_time_avg","2026-04-16 06:11:06.828+0900","N","","","","MIN","4ACM4701","0.0","COMPLETED","2026-04-16 06:11"
"2273","oht_time_avg","2026-04-16 06:11:06.828+0900","N","","","","MIN","4ACM4701","7.3","DESPOSITED","2026-04-16 06:11"
"2272","oht_time_avg","2026-04-16 06:11:06.828+0900","N","","","","MIN","4ACM4701","141.1","TRANSFERRING","2026-04-16 06:11"
"2271","oht_time_avg","2026-04-16 06:11:06.828+0900","N","","","","MIN","4ACM4701","30.68","ACQUIRED","2026-04-16 06:11"
"2270","oht_time_avg","2026-04-16 06:11:06.828+0900","N","","","","MIN","4ACM4701","11.72","ASSIGN","2026-04-16 06:11"
"2269","oht_time_avg","2026-04-16 06:11:06.828+0900","N","","","","MIN","4ACM4701","0.12","REP","2026-04-16 06:11"
"2280","oht_time_avg","2026-04-16 06:12:06.485+0900","N","","","","MIN","4ACM4701","0.0","COMPLETED","2026-04-16 06:12"
"2279","oht_time_avg","2026-04-16 06:12:06.485+0900","N","","","","MIN","4ACM4701","7.17","DESPOSITED","2026-04-16 06:12"
"2278","oht_time_avg","2026-04-16 06:12:06.485+0900","N","","","","MIN","4ACM4701","135.53","TRANSFERRING","2026-04-16 06:12"
"2277","oht_time_avg","2026-04-16 06:12:06.485+0900","N","","","","MIN","4ACM4701","32.24","ACQUIRED","2026-04-16 06:12"
"2276","oht_time_avg","2026-04-16 06:12:06.485+0900","N","","","","MIN","4ACM4701","10.36","ASSIGN","2026-04-16 06:12"
"2275","oht_time_avg","2026-04-16 06:12:06.485+0900","N","","","","MIN","4ACM4701","0.13","REP","2026-04-16 06:12"
"2286","oht_time_avg","2026-04-16 06:13:07.183+0900","N","","","","MIN","4ACM4701","0.0","COMPLETED","2026-04-16 06:13"
"2285","oht_time_avg","2026-04-16 06:13:07.183+0900","N","","","","MIN","4ACM4701","7.06","DESPOSITED","2026-04-16 06:13"
"2284","oht_time_avg","2026-04-16 06:13:07.183+0900","N","","","","MIN","4ACM4701","134.82","TRANSFERRING","2026-04-16 06:13"
"2283","oht_time_avg","2026-04-16 06:13:07.183+0900","N","","","","MIN","4ACM4701","31.09","ACQUIRED","2026-04-16 06:13"
"2282","oht_time_avg","2026-04-16 06:13:07.183+0900","N","","","","MIN","4ACM4701","10.83","ASSIGN","2026-04-16 06:13"
"2281","oht_time_avg","2026-04-16 06:13:07.183+0900","N","","","","MIN","4ACM4701","1.1","REP","2026-04-16 06:13"
"2292","oht_time_avg","2026-04-16 06:14:07.134+0900","N","","","","MIN","4ACM4701","0.0","COMPLETED","2026-04-16 06:14"
"2291","oht_time_avg","2026-04-16 06:14:07.134+0900","N","","","","MIN","4ACM4701","7.18","DESPOSITED","2026-04-16 06:14"
"2290","oht_time_avg","2026-04-16 06:14:07.134+0900","N","","","","MIN","4ACM4701","133.75","TRANSFERRING","2026-04-16 06:14"
"2289","oht_time_avg","2026-04-16 06:14:07.134+0900","N","","","","MIN","4ACM4701","32.3","ACQUIRED","2026-04-16 06:14"
"2288","oht_time_avg","2026-04-16 06:14:07.134+0900","N","","","","MIN","4ACM4701","11.04","ASSIGN","2026-04-16 06:14"
"2287","oht_time_avg","2026-04-16 06:14:07.134+0900","N","","","","MIN","4ACM4701","0.14","REP","2026-04-16 06:14"
"2298","oht_time_avg","2026-04-16 06:15:07.936+0900","N","","","","MIN","4ACM4701","0.0","COMPLETED","2026-04-16 06:15"
"2297","oht_time_avg","2026-04-16 06:15:07.936+0900","N","","","","MIN","4ACM4701","7.16","DESPOSITED","2026-04-16 06:15"
"2296","oht_time_avg","2026-04-16 06:15:07.936+0900","N","","","","MIN","4ACM4701","128.72","TRANSFERRING","2026-04-16 06:15"
"2295","oht_time_avg","2026-04-16 06:15:07.936+0900","N","","","","MIN","4ACM4701","32.99","ACQUIRED","2026-04-16 06:15"
"2294","oht_time_avg","2026-04-16 06:15:07.936+0900","N","","","","MIN","4ACM4701","9.42","ASSIGN","2026-04-16 06:15"
"2293","oht_time_avg","2026-04-16 06:15:07.936+0900","N","","","","MIN","4ACM4701","0.12","REP","2026-04-16 06:15"
"2304","oht_time_avg","2026-04-16 06:16:09.317+0900","N","","","","MIN","4ACM4701","0.0","COMPLETED","2026-04-16 06:16"
"2303","oht_time_avg","2026-04-16 06:16:09.317+0900","N","","","","MIN","4ACM4701","7.13","DESPOSITED","2026-04-16 06:16"
"2302","oht_time_avg","2026-04-16 06:16:09.317+0900","N","","","","MIN","4ACM4701","133.85","TRANSFERRING","2026-04-16 06:16"
"2301","oht_time_avg","2026-04-16 06:16:09.317+0900","N","","","","MIN","4ACM4701","31.67","ACQUIRED","2026-04-16 06:16"
"2300","oht_time_avg","2026-04-16 06:16:09.317+0900","N","","","","MIN","4ACM4701","12.19","ASSIGN","2026-04-16 06:16"
"2299","oht_time_avg","2026-04-16 06:16:09.317+0900","N","","","","MIN","4ACM4701","0.14","REP","2026-04-16 06:16"
"2310","oht_time_avg","2026-04-16 06:17:07.134+0900","N","","","","MIN","4ACM4701","0.0","COMPLETED","2026-04-16 06:17"
"2309","oht_time_avg","2026-04-16 06:17:07.134+0900","N","","","","MIN","4ACM4701","7.16","DESPOSITED","2026-04-16 06:17"
"2308","oht_time_avg","2026-04-16 06:17:07.134+0900","N","","","","MIN","4ACM4701","142.5","TRANSFERRING","2026-04-16 06:17"
"2307","oht_time_avg","2026-04-16 06:17:07.134+0900","N","","","","MIN","4ACM4701","30.7","ACQUIRED","2026-04-16 06:17"
"2306","oht_time_avg","2026-04-16 06:17:07.134+0900","N","","","","MIN","4ACM4701","11.09","ASSIGN","2026-04-16 06:17"
"2305","oht_time_avg","2026-04-16 06:17:07.134+0900","N","","","","MIN","4ACM4701","1.19","REP","2026-04-16 06:17"
"2316","oht_time_avg","2026-04-16 06:18:06.568+0900","N","","","","MIN","4ACM4701","0.0","COMPLETED","2026-04-16 06:18"
"2315","oht_time_avg","2026-04-16 06:18:06.568+0900","N","","","","MIN","4ACM4701","7.27","DESPOSITED","2026-04-16 06:18"
"2314","oht_time_avg","2026-04-16 06:18:06.568+0900","N","","","","MIN","4ACM4701","137.2","TRANSFERRING","2026-04-16 06:18"
"2313","oht_time_avg","2026-04-16 06:18:06.568+0900","N","","","","MIN","4ACM4701","33.17","ACQUIRED","2026-04-16 06:18"
"2312","oht_time_avg","2026-04-16 06:18:06.568+0900","N","","","","MIN","4ACM4701","11.49","ASSIGN","2026-04-16 06:18"
"2311","oht_time_avg","2026-04-16 06:18:06.568+0900","N","","","","MIN","4ACM4701","0.15","REP","2026-04-16 06:18"
"2322","oht_time_avg","2026-04-16 06:19:06.426+0900","N","","","","MIN","4ACM4701","0.0","COMPLETED","2026-04-16 06:19"
"2321","oht_time_avg","2026-04-16 06:19:06.426+0900","N","","","","MIN","4ACM4701","7.3","DESPOSITED","2026-04-16 06:19"
"2320","oht_time_avg","2026-04-16 06:19:06.426+0900","N","","","","MIN","4ACM4701","129.44","TRANSFERRING","2026-04-16 06:19"
"2319","oht_time_avg","2026-04-16 06:19:06.426+0900","N","","","","MIN","4ACM4701","30.53","ACQUIRED","2026-04-16 06:19"
"2318","oht_time_avg","2026-04-16 06:19:06.426+0900","N","","","","MIN","4ACM4701","10.68","ASSIGN","2026-04-16 06:19"
"2317","oht_time_avg","2026-04-16 06:19:06.426+0900","N","","","","MIN","4ACM4701","0.61","REP","2026-04-16 06:19"
"2328","oht_time_avg","2026-04-16 06:20:06.653+0900","N","","","","MIN","4ACM4701","0.0","COMPLETED","2026-04-16 06:20"
"2327","oht_time_avg","2026-04-16 06:20:06.653+0900","N","","","","MIN","4ACM4701","7.42","DESPOSITED","2026-04-16 06:20"
"2326","oht_time_avg","2026-04-16 06:20:06.653+0900","N","","","","MIN","4ACM4701","133.6","TRANSFERRING","2026-04-16 06:20"
"2325","oht_time_avg","2026-04-16 06:20:06.653+0900","N","","","","MIN","4ACM4701","31.33","ACQUIRED","2026-04-16 06:20"
"2324","oht_time_avg","2026-04-16 06:20:06.653+0900","N","","","","MIN","4ACM4701","11.91","ASSIGN","2026-04-16 06:20"
"2323","oht_time_avg","2026-04-16 06:20:06.653+0900","N","","","","MIN","4ACM4701","0.14","REP","2026-04-16 06:20"
"2334","oht_time_avg","2026-04-16 06:21:07.140+0900","N","","","","MIN","4ACM4701","0.0","COMPLETED","2026-04-16 06:21"
"2333","oht_time_avg","2026-04-16 06:21:07.140+0900","N","","","","MIN","4ACM4701","7.48","DESPOSITED","2026-04-16 06:21"
"2332","oht_time_avg","2026-04-16 06:21:07.140+0900","N","","","","MIN","4ACM4701","134.29","TRANSFERRING","2026-04-16 06:21"
"2331","oht_time_avg","2026-04-16 06:21:07.140+0900","N","","","","MIN","4ACM4701","29.94","ACQUIRED","2026-04-16 06:21"
"2330","oht_time_avg","2026-04-16 06:21:07.140+0900","N","","","","MIN","4ACM4701","10.73","ASSIGN","2026-04-16 06:21"
"2329","oht_time_avg","2026-04-16 06:21:07.140+0900","N","","","","MIN","4ACM4701","0.15","REP","2026-04-16 06:21"
"2340","oht_time_avg","2026-04-16 06:22:08.095+0900","N","","","","MIN","4ACM4701","0.0","COMPLETED","2026-04-16 06:22"
"2339","oht_time_avg","2026-04-16 06:22:08.095+0900","N","","","","MIN","4ACM4701","7.31","DESPOSITED","2026-04-16 06:22"
"2338","oht_time_avg","2026-04-16 06:22:08.095+0900","N","","","","MIN","4ACM4701","134.71","TRANSFERRING","2026-04-16 06:22"
"2337","oht_time_avg","2026-04-16 06:22:08.095+0900","N","","","","MIN","4ACM4701","29.29","ACQUIRED","2026-04-16 06:22"
"2336","oht_time_avg","2026-04-16 06:22:08.095+0900","N","","","","MIN","4ACM4701","12.1","ASSIGN","2026-04-16 06:22"
"2335","oht_time_avg","2026-04-16 06:22:08.095+0900","N","","","","MIN","4ACM4701","0.47","REP","2026-04-16 06:22"
"2346","oht_time_avg","2026-04-16 06:23:07.160+0900","N","","","","MIN","4ACM4701","0.0","COMPLETED","2026-04-16 06:23"
"2345","oht_time_avg","2026-04-16 06:23:07.160+0900","N","","","","MIN","4ACM4701","7.35","DESPOSITED","2026-04-16 06:23"
"2344","oht_time_avg","2026-04-16 06:23:07.160+0900","N","","","","MIN","4ACM4701","134.44","TRANSFERRING","2026-04-16 06:23"
"2343","oht_time_avg","2026-04-16 06:23:07.160+0900","N","","","","MIN","4ACM4701","30.52","ACQUIRED","2026-04-16 06:23"
"2342","oht_time_avg","2026-04-16 06:23:07.160+0900","N","","","","MIN","4ACM4701","12.28","ASSIGN","2026-04-16 06:23"
"2341","oht_time_avg","2026-04-16 06:23:07.160+0900","N","","","","MIN","4ACM4701","0.5","REP","2026-04-16 06:23"
"2352","oht_time_avg","2026-04-16 06:24:07.997+0900","N","","","","MIN","4ACM4701","0.0","COMPLETED","2026-04-16 06:24"
"2351","oht_time_avg","2026-04-16 06:24:07.997+0900","N","","","","MIN","4ACM4701","7.55","DESPOSITED","2026-04-16 06:24"
"2350","oht_time_avg","2026-04-16 06:24:07.997+0900","N","","","","MIN","4ACM4701","123.62","TRANSFERRING","2026-04-16 06:24"
"2349","oht_time_avg","2026-04-16 06:24:07.997+0900","N","","","","MIN","4ACM4701","31.98","ACQUIRED","2026-04-16 06:24"
"2348","oht_time_avg","2026-04-16 06:24:07.997+0900","N","","","","MIN","4ACM4701","10.27","ASSIGN","2026-04-16 06:24"
"2347","oht_time_avg","2026-04-16 06:24:07.997+0900","N","","","","MIN","4ACM4701","0.12","REP","2026-04-16 06:24"
"2358","oht_time_avg","2026-04-16 06:25:08.153+0900","N","","","","MIN","4ACM4701","0.0","COMPLETED","2026-04-16 06:25"
"2357","oht_time_avg","2026-04-16 06:25:08.153+0900","N","","","","MIN","4ACM4701","7.45","DESPOSITED","2026-04-16 06:25"
"2356","oht_time_avg","2026-04-16 06:25:08.153+0900","N","","","","MIN","4ACM4701","134.28","TRANSFERRING","2026-04-16 06:25"
"2355","oht_time_avg","2026-04-16 06:25:08.153+0900","N","","","","MIN","4ACM4701","30.26","ACQUIRED","2026-04-16 06:25"
"2354","oht_time_avg","2026-04-16 06:25:08.153+0900","N","","","","MIN","4ACM4701","10.8","ASSIGN","2026-04-16 06:25"
"2353","oht_time_avg","2026-04-16 06:25:08.153+0900","N","","","","MIN","4ACM4701","0.18","REP","2026-04-16 06:25"
"2364","oht_time_avg","2026-04-16 06:26:06.987+0900","N","","","","MIN","4ACM4701","0.0","COMPLETED","2026-04-16 06:26"
"2363","oht_time_avg","2026-04-16 06:26:06.987+0900","N","","","","MIN","4ACM4701","7.46","DESPOSITED","2026-04-16 06:26"
"2362","oht_time_avg","2026-04-16 06:26:06.987+0900","N","","","","MIN","4ACM4701","141.39","TRANSFERRING","2026-04-16 06:26"
"2361","oht_time_avg","2026-04-16 06:26:06.987+0900","N","","","","MIN","4ACM4701","30.06","ACQUIRED","2026-04-16 06:26"
"2360","oht_time_avg","2026-04-16 06:26:06.987+0900","N","","","","MIN","4ACM4701","10.24","ASSIGN","2026-04-16 06:26"
"2359","oht_time_avg","2026-04-16 06:26:06.987+0900","N","","","","MIN","4ACM4701","0.12","REP","2026-04-16 06:26"
"2370","oht_time_avg","2026-04-16 06:27:06.518+0900","N","","","","MIN","4ACM4701","0.0","COMPLETED","2026-04-16 06:27"
"2369","oht_time_avg","2026-04-16 06:27:06.518+0900","N","","","","MIN","4ACM4701","7.12","DESPOSITED","2026-04-16 06:27"
"2368","oht_time_avg","2026-04-16 06:27:06.518+0900","N","","","","MIN","4ACM4701","138.35","TRANSFERRING","2026-04-16 06:27"
"2367","oht_time_avg","2026-04-16 06:27:06.518+0900","N","","","","MIN","4ACM4701","31.26","ACQUIRED","2026-04-16 06:27"
"2366","oht_time_avg","2026-04-16 06:27:06.518+0900","N","","","","MIN","4ACM4701","10.39","ASSIGN","2026-04-16 06:27"
"2365","oht_time_avg","2026-04-16 06:27:06.518+0900","N","","","","MIN","4ACM4701","0.14","REP","2026-04-16 06:27"
"2376","oht_time_avg","2026-04-16 06:28:06.871+0900","N","","","","MIN","4ACM4701","0.0","COMPLETED","2026-04-16 06:28"
"2375","oht_time_avg","2026-04-16 06:28:06.871+0900","N","","","","MIN","4ACM4701","7.29","DESPOSITED","2026-04-16 06:28"
"2374","oht_time_avg","2026-04-16 06:28:06.871+0900","N","","","","MIN","4ACM4701","142.62","TRANSFERRING","2026-04-16 06:28"
"2373","oht_time_avg","2026-04-16 06:28:06.871+0900","N","","","","MIN","4ACM4701","30.64","ACQUIRED","2026-04-16 06:28"
"2372","oht_time_avg","2026-04-16 06:28:06.871+0900","N","","","","MIN","4ACM4701","12.36","ASSIGN","2026-04-16 06:28"
"2371","oht_time_avg","2026-04-16 06:28:06.871+0900","N","","","","MIN","4ACM4701","1.89","REP","2026-04-16 06:28"
"2382","oht_time_avg","2026-04-16 06:29:07.770+0900","N","","","","MIN","4ACM4701","0.0","COMPLETED","2026-04-16 06:29"
"2381","oht_time_avg","2026-04-16 06:29:07.770+0900","N","","","","MIN","4ACM4701","7.39","DESPOSITED","2026-04-16 06:29"
"2380","oht_time_avg","2026-04-16 06:29:07.770+0900","N","","","","MIN","4ACM4701","140.34","TRANSFERRING","2026-04-16 06:29"
"2379","oht_time_avg","2026-04-16 06:29:07.770+0900","N","","","","MIN","4ACM4701","32.38","ACQUIRED","2026-04-16 06:29"
"2378","oht_time_avg","2026-04-16 06:29:07.770+0900","N","","","","MIN","4ACM4701","11.05","ASSIGN","2026-04-16 06:29"
"2377","oht_time_avg","2026-04-16 06:29:07.770+0900","N","","","","MIN","4ACM4701","0.13","REP","2026-04-16 06:29"
"2388","oht_time_avg","2026-04-16 06:30:07.021+0900","N","","","","MIN","4ACM4701","0.0","COMPLETED","2026-04-16 06:30"
"2387","oht_time_avg","2026-04-16 06:30:07.021+0900","N","","","","MIN","4ACM4701","7.33","DESPOSITED","2026-04-16 06:30"
"2386","oht_time_avg","2026-04-16 06:30:07.021+0900","N","","","","MIN","4ACM4701","131.07","TRANSFERRING","2026-04-16 06:30"
"2385","oht_time_avg","2026-04-16 06:30:07.021+0900","N","","","","MIN","4ACM4701","30.74","ACQUIRED","2026-04-16 06:30"
"2384","oht_time_avg","2026-04-16 06:30:07.021+0900","N","","","","MIN","4ACM4701","10.19","ASSIGN","2026-04-16 06:30"
"2383","oht_time_avg","2026-04-16 06:30:07.021+0900","N","","","","MIN","4ACM4701","0.16","REP","2026-04-16 06:30"
"2394","oht_time_avg","2026-04-16 06:31:07.086+0900","N","","","","MIN","4ACM4701","0.0","COMPLETED","2026-04-16 06:31"
"2393","oht_time_avg","2026-04-16 06:31:07.086+0900","N","","","","MIN","4ACM4701","7.44","DESPOSITED","2026-04-16 06:31"
"2392","oht_time_avg","2026-04-16 06:31:07.086+0900","N","","","","MIN","4ACM4701","141.43","TRANSFERRING","2026-04-16 06:31"
"2391","oht_time_avg","2026-04-16 06:31:07.086+0900","N","","","","MIN","4ACM4701","30.89","ACQUIRED","2026-04-16 06:31"
"2390","oht_time_avg","2026-04-16 06:31:07.086+0900","N","","","","MIN","4ACM4701","9.97","ASSIGN","2026-04-16 06:31"
"2389","oht_time_avg","2026-04-16 06:31:07.086+0900","N","","","","MIN","4ACM4701","0.15","REP","2026-04-16 06:31"
"2400","oht_time_avg","2026-04-16 06:32:07.299+0900","N","","","","MIN","4ACM4701","0.0","COMPLETED","2026-04-16 06:32"
"2399","oht_time_avg","2026-04-16 06:32:07.299+0900","N","","","","MIN","4ACM4701","7.3","DESPOSITED","2026-04-16 06:32"
"2398","oht_time_avg","2026-04-16 06:32:07.299+0900","N","","","","MIN","4ACM4701","130.29","TRANSFERRING","2026-04-16 06:32"
"2397","oht_time_avg","2026-04-16 06:32:07.299+0900","N","","","","MIN","4ACM4701","32.32","ACQUIRED","2026-04-16 06:32"
"2396","oht_time_avg","2026-04-16 06:32:07.299+0900","N","","","","MIN","4ACM4701","10.15","ASSIGN","2026-04-16 06:32"
"2395","oht_time_avg","2026-04-16 06:32:07.299+0900","N","","","","MIN","4ACM4701","0.7","REP","2026-04-16 06:32"
"2406","oht_time_avg","2026-04-16 06:33:07.923+0900","N","","","","MIN","4ACM4701","0.0","COMPLETED","2026-04-16 06:33"
"2405","oht_time_avg","2026-04-16 06:33:07.923+0900","N","","","","MIN","4ACM4701","7.28","DESPOSITED","2026-04-16 06:33"
"2404","oht_time_avg","2026-04-16 06:33:07.923+0900","N","","","","MIN","4ACM4701","138.41","TRANSFERRING","2026-04-16 06:33"
"2403","oht_time_avg","2026-04-16 06:33:07.923+0900","N","","","","MIN","4ACM4701","32.75","ACQUIRED","2026-04-16 06:33"
"2402","oht_time_avg","2026-04-16 06:33:07.923+0900","N","","","","MIN","4ACM4701","10.26","ASSIGN","2026-04-16 06:33"
"2401","oht_time_avg","2026-04-16 06:33:07.923+0900","N","","","","MIN","4ACM4701","1.18","REP","2026-04-16 06:33"
"2412","oht_time_avg","2026-04-16 06:34:06.642+0900","N","","","","MIN","4ACM4701","0.0","COMPLETED","2026-04-16 06:34"
"2411","oht_time_avg","2026-04-16 06:34:06.642+0900","N","","","","MIN","4ACM4701","7.32","DESPOSITED","2026-04-16 06:34"
"2410","oht_time_avg","2026-04-16 06:34:06.642+0900","N","","","","MIN","4ACM4701","134.5","TRANSFERRING","2026-04-16 06:34"
"2409","oht_time_avg","2026-04-16 06:34:06.642+0900","N","","","","MIN","4ACM4701","30.48","ACQUIRED","2026-04-16 06:34"
"2408","oht_time_avg","2026-04-16 06:34:06.642+0900","N","","","","MIN","4ACM4701","9.58","ASSIGN","2026-04-16 06:34"
"2407","oht_time_avg","2026-04-16 06:34:06.642+0900","N","","","","MIN","4ACM4701","0.14","REP","2026-04-16 06:34"
"2418","oht_time_avg","2026-04-16 06:35:07.785+0900","N","","","","MIN","4ACM4701","0.0","COMPLETED","2026-04-16 06:35"
"2417","oht_time_avg","2026-04-16 06:35:07.785+0900","N","","","","MIN","4ACM4701","7.23","DESPOSITED","2026-04-16 06:35"
"2416","oht_time_avg","2026-04-16 06:35:07.785+0900","N","","","","MIN","4ACM4701","132.6","TRANSFERRING","2026-04-16 06:35"
"2415","oht_time_avg","2026-04-16 06:35:07.785+0900","N","","","","MIN","4ACM4701","32.6","ACQUIRED","2026-04-16 06:35"
"2414","oht_time_avg","2026-04-16 06:35:07.785+0900","N","","","","MIN","4ACM4701","10.1","ASSIGN","2026-04-16 06:35"
"2413","oht_time_avg","2026-04-16 06:35:07.785+0900","N","","","","MIN","4ACM4701","1.04","REP","2026-04-16 06:35"
"2424","oht_time_avg","2026-04-16 06:36:06.809+0900","N","","","","MIN","4ACM4701","0.0","COMPLETED","2026-04-16 06:36"
"2423","oht_time_avg","2026-04-16 06:36:06.809+0900","N","","","","MIN","4ACM4701","6.97","DESPOSITED","2026-04-16 06:36"
"2422","oht_time_avg","2026-04-16 06:36:06.809+0900","N","","","","MIN","4ACM4701","130.83","TRANSFERRING","2026-04-16 06:36"
"2421","oht_time_avg","2026-04-16 06:36:06.809+0900","N","","","","MIN","4ACM4701","33.69","ACQUIRED","2026-04-16 06:36"
"2420","oht_time_avg","2026-04-16 06:36:06.809+0900","N","","","","MIN","4ACM4701","9.51","ASSIGN","2026-04-16 06:36"
"2419","oht_time_avg","2026-04-16 06:36:06.809+0900","N","","","","MIN","4ACM4701","0.16","REP","2026-04-16 06:36"
"2430","oht_time_avg","2026-04-16 06:37:06.962+0900","N","","","","MIN","4ACM4701","0.0","COMPLETED","2026-04-16 06:37"
"2429","oht_time_avg","2026-04-16 06:37:06.962+0900","N","","","","MIN","4ACM4701","7.11","DESPOSITED","2026-04-16 06:37"
"2428","oht_time_avg","2026-04-16 06:37:06.962+0900","N","","","","MIN","4ACM4701","127.79","TRANSFERRING","2026-04-16 06:37"
"2427","oht_time_avg","2026-04-16 06:37:06.962+0900","N","","","","MIN","4ACM4701","30.55","ACQUIRED","2026-04-16 06:37"
"2426","oht_time_avg","2026-04-16 06:37:06.962+0900","N","","","","MIN","4ACM4701","9.54","ASSIGN","2026-04-16 06:37"
"2425","oht_time_avg","2026-04-16 06:37:06.962+0900","N","","","","MIN","4ACM4701","0.14","REP","2026-04-16 06:37"
"2436","oht_time_avg","2026-04-16 06:38:06.602+0900","N","","","","MIN","4ACM4701","0.0","COMPLETED","2026-04-16 06:38"
"2435","oht_time_avg","2026-04-16 06:38:06.602+0900","N","","","","MIN","4ACM4701","7.2","DESPOSITED","2026-04-16 06:38"
"2434","oht_time_avg","2026-04-16 06:38:06.602+0900","N","","","","MIN","4ACM4701","131.79","TRANSFERRING","2026-04-16 06:38"
"2433","oht_time_avg","2026-04-16 06:38:06.602+0900","N","","","","MIN","4ACM4701","32.62","ACQUIRED","2026-04-16 06:38"
"2432","oht_time_avg","2026-04-16 06:38:06.602+0900","N","","","","MIN","4ACM4701","9.81","ASSIGN","2026-04-16 06:38"
"2431","oht_time_avg","2026-04-16 06:38:06.602+0900","N","","","","MIN","4ACM4701","0.16","REP","2026-04-16 06:38"
"2442","oht_time_avg","2026-04-16 06:39:07.757+0900","N","","","","MIN","4ACM4701","0.0","COMPLETED","2026-04-16 06:39"
"2441","oht_time_avg","2026-04-16 06:39:07.757+0900","N","","","","MIN","4ACM4701","7.47","DESPOSITED","2026-04-16 06:39"
"2440","oht_time_avg","2026-04-16 06:39:07.757+0900","N","","","","MIN","4ACM4701","131.07","TRANSFERRING","2026-04-16 06:39"
"2439","oht_time_avg","2026-04-16 06:39:07.757+0900","N","","","","MIN","4ACM4701","31.08","ACQUIRED","2026-04-16 06:39"
"2438","oht_time_avg","2026-04-16 06:39:07.757+0900","N","","","","MIN","4ACM4701","10.32","ASSIGN","2026-04-16 06:39"
"2437","oht_time_avg","2026-04-16 06:39:07.757+0900","N","","","","MIN","4ACM4701","1.56","REP","2026-04-16 06:39"
"2448","oht_time_avg","2026-04-16 06:40:07.060+0900","N","","","","MIN","4ACM4701","0.0","COMPLETED","2026-04-16 06:40"
"2447","oht_time_avg","2026-04-16 06:40:07.060+0900","N","","","","MIN","4ACM4701","7.47","DESPOSITED","2026-04-16 06:40"
"2446","oht_time_avg","2026-04-16 06:40:07.060+0900","N","","","","MIN","4ACM4701","127.72","TRANSFERRING","2026-04-16 06:40"
"2445","oht_time_avg","2026-04-16 06:40:07.060+0900","N","","","","MIN","4ACM4701","29.57","ACQUIRED","2026-04-16 06:40"
"2444","oht_time_avg","2026-04-16 06:40:07.060+0900","N","","","","MIN","4ACM4701","10.36","ASSIGN","2026-04-16 06:40"
"2443","oht_time_avg","2026-04-16 06:40:07.060+0900","N","","","","MIN","4ACM4701","0.16","REP","2026-04-16 06:40"
"2454","oht_time_avg","2026-04-16 06:41:07.491+0900","N","","","","MIN","4ACM4701","0.0","COMPLETED","2026-04-16 06:41"
"2453","oht_time_avg","2026-04-16 06:41:07.491+0900","N","","","","MIN","4ACM4701","7.3","DESPOSITED","2026-04-16 06:41"
"2452","oht_time_avg","2026-04-16 06:41:07.491+0900","N","","","","MIN","4ACM4701","137.91","TRANSFERRING","2026-04-16 06:41"
"2451","oht_time_avg","2026-04-16 06:41:07.491+0900","N","","","","MIN","4ACM4701","31.0","ACQUIRED","2026-04-16 06:41"
"2450","oht_time_avg","2026-04-16 06:41:07.491+0900","N","","","","MIN","4ACM4701","10.24","ASSIGN","2026-04-16 06:41"
"2449","oht_time_avg","2026-04-16 06:41:07.491+0900","N","","","","MIN","4ACM4701","0.32","REP","2026-04-16 06:41"
"2460","oht_time_avg","2026-04-16 06:42:06.495+0900","N","","","","MIN","4ACM4701","0.0","COMPLETED","2026-04-16 06:42"
"2459","oht_time_avg","2026-04-16 06:42:06.495+0900","N","","","","MIN","4ACM4701","7.29","DESPOSITED","2026-04-16 06:42"
"2458","oht_time_avg","2026-04-16 06:42:06.495+0900","N","","","","MIN","4ACM4701","132.71","TRANSFERRING","2026-04-16 06:42"
"2457","oht_time_avg","2026-04-16 06:42:06.495+0900","N","","","","MIN","4ACM4701","31.94","ACQUIRED","2026-04-16 06:42"
"2456","oht_time_avg","2026-04-16 06:42:06.495+0900","N","","","","MIN","4ACM4701","8.32","ASSIGN","2026-04-16 06:42"
"2455","oht_time_avg","2026-04-16 06:42:06.495+0900","N","","","","MIN","4ACM4701","0.12","REP","2026-04-16 06:42"
"2466","oht_time_avg","2026-04-16 06:43:07.112+0900","N","","","","MIN","4ACM4701","0.0","COMPLETED","2026-04-16 06:43"
"2465","oht_time_avg","2026-04-16 06:43:07.112+0900","N","","","","MIN","4ACM4701","7.08","DESPOSITED","2026-04-16 06:43"
"2464","oht_time_avg","2026-04-16 06:43:07.112+0900","N","","","","MIN","4ACM4701","132.5","TRANSFERRING","2026-04-16 06:43"
"2463","oht_time_avg","2026-04-16 06:43:07.112+0900","N","","","","MIN","4ACM4701","32.71","ACQUIRED","2026-04-16 06:43"
"2462","oht_time_avg","2026-04-16 06:43:07.112+0900","N","","","","MIN","4ACM4701","10.58","ASSIGN","2026-04-16 06:43"
"2461","oht_time_avg","2026-04-16 06:43:07.112+0900","N","","","","MIN","4ACM4701","0.12","REP","2026-04-16 06:43"
"2472","oht_time_avg","2026-04-16 06:44:07.637+0900","N","","","","MIN","4ACM4701","0.0","COMPLETED","2026-04-16 06:44"
"2471","oht_time_avg","2026-04-16 06:44:07.637+0900","N","","","","MIN","4ACM4701","7.42","DESPOSITED","2026-04-16 06:44"
"2470","oht_time_avg","2026-04-16 06:44:07.637+0900","N","","","","MIN","4ACM4701","132.59","TRANSFERRING","2026-04-16 06:44"
"2469","oht_time_avg","2026-04-16 06:44:07.637+0900","N","","","","MIN","4ACM4701","29.67","ACQUIRED","2026-04-16 06:44"
"2468","oht_time_avg","2026-04-16 06:44:07.637+0900","N","","","","MIN","4ACM4701","9.41","ASSIGN","2026-04-16 06:44"
"2467","oht_time_avg","2026-04-16 06:44:07.637+0900","N","","","","MIN","4ACM4701","0.68","REP","2026-04-16 06:44"
"2478","oht_time_avg","2026-04-16 06:45:06.646+0900","N","","","","MIN","4ACM4701","0.0","COMPLETED","2026-04-16 06:45"
"2477","oht_time_avg","2026-04-16 06:45:06.646+0900","N","","","","MIN","4ACM4701","7.17","DESPOSITED","2026-04-16 06:45"
"2476","oht_time_avg","2026-04-16 06:45:06.646+0900","N","","","","MIN","4ACM4701","130.23","TRANSFERRING","2026-04-16 06:45"
"2475","oht_time_avg","2026-04-16 06:45:06.646+0900","N","","","","MIN","4ACM4701","29.96","ACQUIRED","2026-04-16 06:45"
"2474","oht_time_avg","2026-04-16 06:45:06.646+0900","N","","","","MIN","4ACM4701","9.37","ASSIGN","2026-04-16 06:45"
"2473","oht_time_avg","2026-04-16 06:45:06.646+0900","N","","","","MIN","4ACM4701","0.49","REP","2026-04-16 06:45"
"2484","oht_time_avg","2026-04-16 06:46:07.011+0900","N","","","","MIN","4ACM4701","0.0","COMPLETED","2026-04-16 06:46"
"2483","oht_time_avg","2026-04-16 06:46:07.011+0900","N","","","","MIN","4ACM4701","7.17","DESPOSITED","2026-04-16 06:46"
"2482","oht_time_avg","2026-04-16 06:46:07.011+0900","N","","","","MIN","4ACM4701","126.64","TRANSFERRING","2026-04-16 06:46"
"2481","oht_time_avg","2026-04-16 06:46:07.011+0900","N","","","","MIN","4ACM4701","29.49","ACQUIRED","2026-04-16 06:46"
"2480","oht_time_avg","2026-04-16 06:46:07.011+0900","N","","","","MIN","4ACM4701","9.04","ASSIGN","2026-04-16 06:46"
"2479","oht_time_avg","2026-04-16 06:46:07.011+0900","N","","","","MIN","4ACM4701","0.12","REP","2026-04-16 06:46"
"2490","oht_time_avg","2026-04-16 06:47:07.073+0900","N","","","","MIN","4ACM4701","0.0","COMPLETED","2026-04-16 06:47"
"2489","oht_time_avg","2026-04-16 06:47:07.073+0900","N","","","","MIN","4ACM4701","6.98","DESPOSITED","2026-04-16 06:47"
"2488","oht_time_avg","2026-04-16 06:47:07.073+0900","N","","","","MIN","4ACM4701","136.26","TRANSFERRING","2026-04-16 06:47"
"2487","oht_time_avg","2026-04-16 06:47:07.073+0900","N","","","","MIN","4ACM4701","30.15","ACQUIRED","2026-04-16 06:47"
"2486","oht_time_avg","2026-04-16 06:47:07.073+0900","N","","","","MIN","4ACM4701","8.54","ASSIGN","2026-04-16 06:47"
"2485","oht_time_avg","2026-04-16 06:47:07.073+0900","N","","","","MIN","4ACM4701","0.13","REP","2026-04-16 06:47"
"2496","oht_time_avg","2026-04-16 06:48:06.691+0900","N","","","","MIN","4ACM4701","0.0","COMPLETED","2026-04-16 06:48"
"2495","oht_time_avg","2026-04-16 06:48:06.691+0900","N","","","","MIN","4ACM4701","7.32","DESPOSITED","2026-04-16 06:48"
"2494","oht_time_avg","2026-04-16 06:48:06.691+0900","N","","","","MIN","4ACM4701","119.56","TRANSFERRING","2026-04-16 06:48"
"2493","oht_time_avg","2026-04-16 06:48:06.691+0900","N","","","","MIN","4ACM4701","30.42","ACQUIRED","2026-04-16 06:48"
"2492","oht_time_avg","2026-04-16 06:48:06.691+0900","N","","","","MIN","4ACM4701","10.37","ASSIGN","2026-04-16 06:48"
"2491","oht_time_avg","2026-04-16 06:48:06.691+0900","N","","","","MIN","4ACM4701","1.01","REP","2026-04-16 06:48"
"2502","oht_time_avg","2026-04-16 06:49:07.315+0900","N","","","","MIN","4ACM4701","0.0","COMPLETED","2026-04-16 06:49"
"2501","oht_time_avg","2026-04-16 06:49:07.315+0900","N","","","","MIN","4ACM4701","7.29","DESPOSITED","2026-04-16 06:49"
"2500","oht_time_avg","2026-04-16 06:49:07.315+0900","N","","","","MIN","4ACM4701","126.22","TRANSFERRING","2026-04-16 06:49"
"2499","oht_time_avg","2026-04-16 06:49:07.315+0900","N","","","","MIN","4ACM4701","31.77","ACQUIRED","2026-04-16 06:49"
"2498","oht_time_avg","2026-04-16 06:49:07.315+0900","N","","","","MIN","4ACM4701","11.01","ASSIGN","2026-04-16 06:49"
"2497","oht_time_avg","2026-04-16 06:49:07.315+0900","N","","","","MIN","4ACM4701","0.12","REP","2026-04-16 06:49"
"2508","oht_time_avg","2026-04-16 06:50:07.693+0900","N","","","","MIN","4ACM4701","0.0","COMPLETED","2026-04-16 06:50"
"2507","oht_time_avg","2026-04-16 06:50:07.693+0900","N","","","","MIN","4ACM4701","7.21","DESPOSITED","2026-04-16 06:50"
"2506","oht_time_avg","2026-04-16 06:50:07.693+0900","N","","","","MIN","4ACM4701","117.14","TRANSFERRING","2026-04-16 06:50"
"2505","oht_time_avg","2026-04-16 06:50:07.693+0900","N","","","","MIN","4ACM4701","31.78","ACQUIRED","2026-04-16 06:50"
"2504","oht_time_avg","2026-04-16 06:50:07.693+0900","N","","","","MIN","4ACM4701","11.73","ASSIGN","2026-04-16 06:50"
"2503","oht_time_avg","2026-04-16 06:50:07.693+0900","N","","","","MIN","4ACM4701","0.12","REP","2026-04-16 06:50"
"2514","oht_time_avg","2026-04-16 06:51:07.242+0900","N","","","","MIN","4ACM4701","0.0","COMPLETED","2026-04-16 06:51"
"2513","oht_time_avg","2026-04-16 06:51:07.242+0900","N","","","","MIN","4ACM4701","7.03","DESPOSITED","2026-04-16 06:51"
"2512","oht_time_avg","2026-04-16 06:51:07.242+0900","N","","","","MIN","4ACM4701","133.09","TRANSFERRING","2026-04-16 06:51"
"2511","oht_time_avg","2026-04-16 06:51:07.242+0900","N","","","","MIN","4ACM4701","31.13","ACQUIRED","2026-04-16 06:51"
"2510","oht_time_avg","2026-04-16 06:51:07.242+0900","N","","","","MIN","4ACM4701","9.54","ASSIGN","2026-04-16 06:51"
"2509","oht_time_avg","2026-04-16 06:51:07.242+0900","N","","","","MIN","4ACM4701","0.12","REP","2026-04-16 06:51"
"2520","oht_time_avg","2026-04-16 06:52:06.674+0900","N","","","","MIN","4ACM4701","0.0","COMPLETED","2026-04-16 06:52"
"2519","oht_time_avg","2026-04-16 06:52:06.674+0900","N","","","","MIN","4ACM4701","7.09","DESPOSITED","2026-04-16 06:52"
"2518","oht_time_avg","2026-04-16 06:52:06.674+0900","N","","","","MIN","4ACM4701","126.2","TRANSFERRING","2026-04-16 06:52"
"2517","oht_time_avg","2026-04-16 06:52:06.674+0900","N","","","","MIN","4ACM4701","31.29","ACQUIRED","2026-04-16 06:52"
"2516","oht_time_avg","2026-04-16 06:52:06.674+0900","N","","","","MIN","4ACM4701","9.69","ASSIGN","2026-04-16 06:52"
"2515","oht_time_avg","2026-04-16 06:52:06.674+0900","N","","","","MIN","4ACM4701","0.14","REP","2026-04-16 06:52"
"2526","oht_time_avg","2026-04-16 06:53:06.584+0900","N","","","","MIN","4ACM4701","0.0","COMPLETED","2026-04-16 06:53"
"2525","oht_time_avg","2026-04-16 06:53:06.584+0900","N","","","","MIN","4ACM4701","7.29","DESPOSITED","2026-04-16 06:53"
"2524","oht_time_avg","2026-04-16 06:53:06.584+0900","N","","","","MIN","4ACM4701","121.43","TRANSFERRING","2026-04-16 06:53"
"2523","oht_time_avg","2026-04-16 06:53:06.584+0900","N","","","","MIN","4ACM4701","31.22","ACQUIRED","2026-04-16 06:53"
"2522","oht_time_avg","2026-04-16 06:53:06.584+0900","N","","","","MIN","4ACM4701","10.19","ASSIGN","2026-04-16 06:53"
"2521","oht_time_avg","2026-04-16 06:53:06.584+0900","N","","","","MIN","4ACM4701","0.12","REP","2026-04-16 06:53"
"2532","oht_time_avg","2026-04-16 06:54:07.599+0900","N","","","","MIN","4ACM4701","0.0","COMPLETED","2026-04-16 06:54"
"2531","oht_time_avg","2026-04-16 06:54:07.599+0900","N","","","","MIN","4ACM4701","7.16","DESPOSITED","2026-04-16 06:54"
"2530","oht_time_avg","2026-04-16 06:54:07.599+0900","N","","","","MIN","4ACM4701","124.97","TRANSFERRING","2026-04-16 06:54"
"2529","oht_time_avg","2026-04-16 06:54:07.599+0900","N","","","","MIN","4ACM4701","30.32","ACQUIRED","2026-04-16 06:54"
"2528","oht_time_avg","2026-04-16 06:54:07.599+0900","N","","","","MIN","4ACM4701","10.22","ASSIGN","2026-04-16 06:54"
"2527","oht_time_avg","2026-04-16 06:54:07.599+0900","N","","","","MIN","4ACM4701","2.03","REP","2026-04-16 06:54"
"2538","oht_time_avg","2026-04-16 06:55:07.138+0900","N","","","","MIN","4ACM4701","0.0","COMPLETED","2026-04-16 06:55"
"2537","oht_time_avg","2026-04-16 06:55:07.138+0900","N","","","","MIN","4ACM4701","7.22","DESPOSITED","2026-04-16 06:55"
"2536","oht_time_avg","2026-04-16 06:55:07.138+0900","N","","","","MIN","4ACM4701","119.71","TRANSFERRING","2026-04-16 06:55"
"2535","oht_time_avg","2026-04-16 06:55:07.138+0900","N","","","","MIN","4ACM4701","31.38","ACQUIRED","2026-04-16 06:55"
"2534","oht_time_avg","2026-04-16 06:55:07.138+0900","N","","","","MIN","4ACM4701","9.19","ASSIGN","2026-04-16 06:55"
"2533","oht_time_avg","2026-04-16 06:55:07.138+0900","N","","","","MIN","4ACM4701","0.13","REP","2026-04-16 06:55"
"2544","oht_time_avg","2026-04-16 06:56:06.822+0900","N","","","","MIN","4ACM4701","0.0","COMPLETED","2026-04-16 06:56"
"2543","oht_time_avg","2026-04-16 06:56:06.822+0900","N","","","","MIN","4ACM4701","7.23","DESPOSITED","2026-04-16 06:56"
"2542","oht_time_avg","2026-04-16 06:56:06.822+0900","N","","","","MIN","4ACM4701","129.09","TRANSFERRING","2026-04-16 06:56"
"2541","oht_time_avg","2026-04-16 06:56:06.822+0900","N","","","","MIN","4ACM4701","34.06","ACQUIRED","2026-04-16 06:56"
"2540","oht_time_avg","2026-04-16 06:56:06.822+0900","N","","","","MIN","4ACM4701","10.43","ASSIGN","2026-04-16 06:56"
"2539","oht_time_avg","2026-04-16 06:56:06.822+0900","N","","","","MIN","4ACM4701","0.14","REP","2026-04-16 06:56"
"2550","oht_time_avg","2026-04-16 06:57:07.490+0900","N","","","","MIN","4ACM4701","0.0","COMPLETED","2026-04-16 06:57"
"2549","oht_time_avg","2026-04-16 06:57:07.490+0900","N","","","","MIN","4ACM4701","7.31","DESPOSITED","2026-04-16 06:57"
"2548","oht_time_avg","2026-04-16 06:57:07.490+0900","N","","","","MIN","4ACM4701","128.64","TRANSFERRING","2026-04-16 06:57"
"2547","oht_time_avg","2026-04-16 06:57:07.490+0900","N","","","","MIN","4ACM4701","30.36","ACQUIRED","2026-04-16 06:57"
"2546","oht_time_avg","2026-04-16 06:57:07.490+0900","N","","","","MIN","4ACM4701","10.53","ASSIGN","2026-04-16 06:57"
"2545","oht_time_avg","2026-04-16 06:57:07.490+0900","N","","","","MIN","4ACM4701","0.13","REP","2026-04-16 06:57"
"2556","oht_time_avg","2026-04-16 06:58:06.912+0900","N","","","","MIN","4ACM4701","0.0","COMPLETED","2026-04-16 06:58"
"2555","oht_time_avg","2026-04-16 06:58:06.912+0900","N","","","","MIN","4ACM4701","7.28","DESPOSITED","2026-04-16 06:58"
"2554","oht_time_avg","2026-04-16 06:58:06.912+0900","N","","","","MIN","4ACM4701","127.25","TRANSFERRING","2026-04-16 06:58"
"2553","oht_time_avg","2026-04-16 06:58:06.912+0900","N","","","","MIN","4ACM4701","30.33","ACQUIRED","2026-04-16 06:58"
"2552","oht_time_avg","2026-04-16 06:58:06.912+0900","N","","","","MIN","4ACM4701","9.5","ASSIGN","2026-04-16 06:58"
"2551","oht_time_avg","2026-04-16 06:58:06.912+0900","N","","","","MIN","4ACM4701","1.41","REP","2026-04-16 06:58"
"2562","oht_time_avg","2026-04-16 06:59:06.655+0900","N","","","","MIN","4ACM4701","0.0","COMPLETED","2026-04-16 06:59"
"2561","oht_time_avg","2026-04-16 06:59:06.655+0900","N","","","","MIN","4ACM4701","7.11","DESPOSITED","2026-04-16 06:59"
"2560","oht_time_avg","2026-04-16 06:59:06.655+0900","N","","","","MIN","4ACM4701","125.52","TRANSFERRING","2026-04-16 06:59"
"2559","oht_time_avg","2026-04-16 06:59:06.655+0900","N","","","","MIN","4ACM4701","32.79","ACQUIRED","2026-04-16 06:59"
"2558","oht_time_avg","2026-04-16 06:59:06.655+0900","N","","","","MIN","4ACM4701","10.25","ASSIGN","2026-04-16 06:59"
"2557","oht_time_avg","2026-04-16 06:59:06.655+0900","N","","","","MIN","4ACM4701","0.13","REP","2026-04-16 06:59"
