FAB,start,last_above40,duration_minutes,peak,peak_time,main_rule,label
M14A,2026-08-11 10:05:00,2026-08-11 10:08:00,4,49.7,2026-08-11 10:06:00,반송 지연 지속,미확인 경보; 대화 부재만으로 오경보 판정 금지
M14A,2026-08-11 10:11:00,2026-08-11 10:13:00,3,57.8,2026-08-11 10:12:00,연결구간 지연·반입 실패,미확인 경보; 대화 부재만으로 오경보 판정 금지
M14A,2026-08-11 10:21:00,2026-08-11 10:24:00,4,47.9,2026-08-11 10:24:00,반송 지연 지속,미확인 경보; 대화 부재만으로 오경보 판정 금지
M14A,2026-08-11 10:29:00,2026-08-11 10:37:00,9,51.4,2026-08-11 10:34:00,반송 지연 지속,미확인 경보; 대화 부재만으로 오경보 판정 금지
M14A,2026-08-11 11:02:00,2026-08-11 11:04:00,3,45.0,2026-08-11 11:02:00,반송 지연 지속,미확인 경보; 대화 부재만으로 오경보 판정 금지
M14A,2026-08-11 17:57:00,2026-08-11 18:08:00,12,60.5,2026-08-11 18:03:00,연결구간 지연·반입 실패,미확인 경보; 대화 부재만으로 오경보 판정 금지
M14A,2026-08-12 13:16:00,2026-08-12 13:22:00,7,45.0,2026-08-12 13:17:00,반송 지연 지속,미확인 경보; 대화 부재만으로 오경보 판정 금지
M14A,2026-08-13 19:26:00,2026-08-13 19:27:00,2,44.7,2026-08-13 19:26:00,반송 지연 지속,미확인 경보; 대화 부재만으로 오경보 판정 금지
M14A,2026-08-13 22:24:00,2026-08-13 22:29:00,6,59.3,2026-08-13 22:25:00,연결구간 지연·반입 실패,미확인 경보; 대화 부재만으로 오경보 판정 금지
M14A,2026-08-14 04:53:00,2026-08-14 04:54:00,2,40.5,2026-08-14 04:53:00,반송 지연 지속,미확인 경보; 대화 부재만으로 오경보 판정 금지
M14A,2026-08-14 05:21:00,2026-08-14 05:22:00,2,40.5,2026-08-14 05:21:00,반송 지연 지속,미확인 경보; 대화 부재만으로 오경보 판정 금지
M14A,2026-08-14 05:41:00,2026-08-14 05:43:00,3,45.0,2026-08-14 05:41:00,반송 지연 지속,미확인 경보; 대화 부재만으로 오경보 판정 금지
M14A,2026-08-14 05:48:00,2026-08-14 05:55:00,8,45.0,2026-08-14 05:48:00,반송 지연 지속,미확인 경보; 대화 부재만으로 오경보 판정 금지
M14A,2026-08-14 09:36:00,2026-08-14 09:37:00,2,40.0,2026-08-14 09:36:00,반송 지연 지속,미확인 경보; 대화 부재만으로 오경보 판정 금지
M14A,2026-08-14 10:15:00,2026-08-14 10:17:00,3,45.0,2026-08-14 10:15:00,반송 지연 지속,미확인 경보; 대화 부재만으로 오경보 판정 금지
M14A,2026-08-14 10:31:00,2026-08-14 10:39:00,9,45.0,2026-08-14 10:31:00,반송 지연 지속,미확인 경보; 대화 부재만으로 오경보 판정 금지
M14A,2026-08-14 11:00:00,2026-08-14 11:08:00,9,45.0,2026-08-14 11:00:00,반송 지연 지속,미확인 경보; 대화 부재만으로 오경보 판정 금지
M14A,2026-08-14 18:04:00,2026-08-14 18:05:00,2,40.0,2026-08-14 18:04:00,반송 지연 지속,미확인 경보; 대화 부재만으로 오경보 판정 금지
M14A,2026-08-14 18:14:00,2026-08-14 18:21:00,8,45.0,2026-08-14 18:14:00,반송 지연 지속,미확인 경보; 대화 부재만으로 오경보 판정 금지
M14A,2026-08-15 01:43:00,2026-08-15 01:44:00,2,40.0,2026-08-15 01:43:00,연결구간 지연·반입 실패,미확인 경보; 대화 부재만으로 오경보 판정 금지
M14A,2026-08-15 01:57:00,2026-08-15 01:59:00,3,46.4,2026-08-15 01:57:00,연결구간 지연·반입 실패,미확인 경보; 대화 부재만으로 오경보 판정 금지
M14A,2026-08-15 02:18:00,2026-08-15 02:19:00,2,41.4,2026-08-15 02:18:00,연결구간 지연·반입 실패,미확인 경보; 대화 부재만으로 오경보 판정 금지
M14A,2026-08-16 19:15:00,2026-08-16 19:18:00,4,48.3,2026-08-16 19:16:00,연결구간 지연·반입 실패,미확인 경보; 대화 부재만으로 오경보 판정 금지
M14A,2026-08-17 04:12:00,2026-08-17 04:53:00,42,78.0,2026-08-17 04:17:00,처리 감소와 대기 증가,미확인 경보; 대화 부재만으로 오경보 판정 금지
M14A,2026-08-18 08:36:00,2026-08-18 08:54:00,19,56.8,2026-08-18 08:45:00,연결구간 지연·반입 실패,미확인 경보; 대화 부재만으로 오경보 판정 금지
M14A,2026-08-18 09:08:00,2026-08-18 09:21:00,14,55.0,2026-08-18 09:14:00,연결구간 지연·반입 실패,미확인 경보; 대화 부재만으로 오경보 판정 금지
M14A,2026-08-18 09:46:00,2026-08-18 09:48:00,3,42.5,2026-08-18 09:46:00,연결구간 지연·반입 실패,미확인 경보; 대화 부재만으로 오경보 판정 금지
M14A,2026-08-18 09:58:00,2026-08-18 09:59:00,2,41.3,2026-08-18 09:58:00,연결구간 지연·반입 실패,미확인 경보; 대화 부재만으로 오경보 판정 금지
M14A,2026-08-18 10:05:00,2026-08-18 10:16:00,12,52.6,2026-08-18 10:10:00,연결구간 지연·반입 실패,미확인 경보; 대화 부재만으로 오경보 판정 금지
M14A,2026-08-18 10:22:00,2026-08-18 10:24:00,3,44.3,2026-08-18 10:23:00,연결구간 지연·반입 실패,미확인 경보; 대화 부재만으로 오경보 판정 금지
M14A,2026-08-18 10:31:00,2026-08-18 10:35:00,5,48.6,2026-08-18 10:32:00,연결구간 지연·반입 실패,미확인 경보; 대화 부재만으로 오경보 판정 금지
M14A,2026-08-18 16:32:00,2026-08-18 16:36:00,5,50.9,2026-08-18 16:34:00,연결구간 지연·반입 실패,미확인 경보; 대화 부재만으로 오경보 판정 금지
M14A,2026-08-19 23:29:00,2026-08-19 23:34:00,6,56.7,2026-08-19 23:30:00,연결구간 지연·반입 실패,미확인 경보; 대화 부재만으로 오경보 판정 금지
M14A,2026-08-20 12:36:00,2026-08-20 12:41:00,6,56.2,2026-08-20 12:37:00,연결구간 지연·반입 실패,미확인 경보; 대화 부재만으로 오경보 판정 금지
M14A,2026-08-20 12:47:00,2026-08-20 12:57:00,11,56.0,2026-08-20 12:52:00,연결구간 지연·반입 실패,미확인 경보; 대화 부재만으로 오경보 판정 금지
M14A,2026-08-20 12:59:00,2026-08-20 13:06:00,8,59.2,2026-08-20 13:01:00,연결구간 지연·반입 실패,미확인 경보; 대화 부재만으로 오경보 판정 금지
M14A,2026-08-20 13:12:00,2026-08-20 13:26:00,15,45.7,2026-08-20 13:24:00,연결구간 지연·반입 실패,미확인 경보; 대화 부재만으로 오경보 판정 금지
M14A,2026-08-21 06:03:00,2026-08-21 06:05:00,3,45.0,2026-08-21 06:03:00,반송 지연 지속,미확인 경보; 대화 부재만으로 오경보 판정 금지
M14A,2026-08-21 11:37:00,2026-08-21 11:38:00,2,48.3,2026-08-21 11:37:00,OHT 가동률 급락·Queue 급증,미확인 경보; 대화 부재만으로 오경보 판정 금지
M14A,2026-08-21 11:41:00,2026-08-21 11:45:00,5,49.6,2026-08-21 11:42:00,반송 지연 지속,미확인 경보; 대화 부재만으로 오경보 판정 금지
M14A,2026-08-23 05:15:00,2026-08-23 05:19:00,5,51.0,2026-08-23 05:16:00,연결구간 지연·반입 실패,미확인 경보; 대화 부재만으로 오경보 판정 금지
M14A,2026-08-24 17:38:00,2026-08-24 17:42:00,5,54.6,2026-08-24 17:39:00,연결구간 지연·반입 실패,미확인 경보; 대화 부재만으로 오경보 판정 금지
M14A,2026-08-24 17:44:00,2026-08-24 19:44:00,121,70.3,2026-08-24 19:15:00,연결구간 지연·반입 실패,미확인 경보; 대화 부재만으로 오경보 판정 금지
M14A,2026-08-24 19:50:00,2026-08-24 19:55:00,6,53.6,2026-08-24 19:52:00,연결구간 지연·반입 실패,미확인 경보; 대화 부재만으로 오경보 판정 금지
M14A,2026-08-24 19:59:00,2026-08-24 20:56:00,58,55.0,2026-08-24 20:02:00,연결구간 지연·반입 실패,미확인 경보; 대화 부재만으로 오경보 판정 금지
M14A,2026-08-25 02:17:00,2026-08-25 02:17:00,1,41.5,2026-08-25 02:17:00,연결구간 지연·반입 실패,미확인 경보; 대화 부재만으로 오경보 판정 금지
M14A,2026-08-25 04:39:00,2026-08-25 04:42:00,4,45.0,2026-08-25 04:39:00,반송 지연 지속,미확인 경보; 대화 부재만으로 오경보 판정 금지
M14A,2026-08-25 23:53:00,2026-08-25 23:56:00,4,51.0,2026-08-25 23:53:00,연결구간 지연·반입 실패,미확인 경보; 대화 부재만으로 오경보 판정 금지
M14A,2026-08-26 00:08:00,2026-08-26 00:09:00,2,41.8,2026-08-26 00:08:00,연결구간 지연·반입 실패,미확인 경보; 대화 부재만으로 오경보 판정 금지
M14A,2026-08-26 00:13:00,2026-08-26 00:32:00,20,55.9,2026-08-26 00:19:00,연결구간 지연·반입 실패,미확인 경보; 대화 부재만으로 오경보 판정 금지
M14A,2026-08-26 00:53:00,2026-08-26 00:58:00,6,52.9,2026-08-26 00:53:00,연결구간 지연·반입 실패,미확인 경보; 대화 부재만으로 오경보 판정 금지
M14A,2026-08-26 01:01:00,2026-08-26 01:12:00,12,55.0,2026-08-26 01:05:00,연결구간 지연·반입 실패,미확인 경보; 대화 부재만으로 오경보 판정 금지
M14A,2026-08-26 01:52:00,2026-08-26 01:56:00,5,51.4,2026-08-26 01:53:00,연결구간 지연·반입 실패,미확인 경보; 대화 부재만으로 오경보 판정 금지
M14A,2026-08-26 02:02:00,2026-08-26 02:17:00,16,55.0,2026-08-26 02:02:00,연결구간 지연·반입 실패,미확인 경보; 대화 부재만으로 오경보 판정 금지
M14A,2026-08-26 02:21:00,2026-08-26 02:34:00,14,55.0,2026-08-26 02:21:00,연결구간 지연·반입 실패,미확인 경보; 대화 부재만으로 오경보 판정 금지
M14A,2026-08-26 02:44:00,2026-08-26 02:46:00,3,42.1,2026-08-26 02:45:00,연결구간 지연·반입 실패,미확인 경보; 대화 부재만으로 오경보 판정 금지
M14A,2026-08-26 02:51:00,2026-08-26 03:13:00,23,68.6,2026-08-26 02:57:00,연결구간 지연·반입 실패,미확인 경보; 대화 부재만으로 오경보 판정 금지
M14A,2026-08-26 03:57:00,2026-08-26 04:02:00,6,52.4,2026-08-26 03:58:00,연결구간 지연·반입 실패,미확인 경보; 대화 부재만으로 오경보 판정 금지
M14A,2026-08-26 04:12:00,2026-08-26 04:15:00,4,51.7,2026-08-26 04:12:00,연결구간 지연·반입 실패,미확인 경보; 대화 부재만으로 오경보 판정 금지
M14A,2026-08-26 04:22:00,2026-08-26 04:27:00,6,59.3,2026-08-26 04:22:00,연결구간 지연·반입 실패,미확인 경보; 대화 부재만으로 오경보 판정 금지
M14A,2026-08-26 04:31:00,2026-08-26 04:43:00,13,57.7,2026-08-26 04:38:00,연결구간 지연·반입 실패,미확인 경보; 대화 부재만으로 오경보 판정 금지
M14A,2026-08-26 17:00:00,2026-08-26 17:01:00,2,43.3,2026-08-26 17:00:00,연결구간 지연·반입 실패,미확인 경보; 대화 부재만으로 오경보 판정 금지
M14A,2026-08-27 10:21:00,2026-08-27 10:23:00,3,45.0,2026-08-27 10:21:00,반송 지연 지속,미확인 경보; 대화 부재만으로 오경보 판정 금지
M14A,2026-08-27 12:58:00,2026-08-27 12:59:00,2,42.9,2026-08-27 12:58:00,연결구간 지연·반입 실패,미확인 경보; 대화 부재만으로 오경보 판정 금지
M14A,2026-08-27 13:02:00,2026-08-27 13:09:00,8,52.1,2026-08-27 13:02:00,연결구간 지연·반입 실패,미확인 경보; 대화 부재만으로 오경보 판정 금지
M14A,2026-08-27 13:14:00,2026-08-27 13:15:00,2,43.3,2026-08-27 13:14:00,연결구간 지연·반입 실패,미확인 경보; 대화 부재만으로 오경보 판정 금지
M14A,2026-08-27 13:20:00,2026-08-27 13:23:00,4,43.0,2026-08-27 13:21:00,연결구간 지연·반입 실패,미확인 경보; 대화 부재만으로 오경보 판정 금지
M14A,2026-08-27 13:42:00,2026-08-27 13:50:00,9,54.9,2026-08-27 13:47:00,연결구간 지연·반입 실패,미확인 경보; 대화 부재만으로 오경보 판정 금지
M14A,2026-08-27 14:17:00,2026-08-27 14:19:00,3,40.7,2026-08-27 14:18:00,연결구간 지연·반입 실패,미확인 경보; 대화 부재만으로 오경보 판정 금지
M14A,2026-08-27 14:42:00,2026-08-27 14:45:00,4,42.9,2026-08-27 14:43:00,연결구간 지연·반입 실패,미확인 경보; 대화 부재만으로 오경보 판정 금지
M14A,2026-08-27 14:49:00,2026-08-27 14:53:00,5,42.9,2026-08-27 14:51:00,연결구간 지연·반입 실패,미확인 경보; 대화 부재만으로 오경보 판정 금지
M14A,2026-08-27 15:37:00,2026-08-27 15:45:00,9,50.7,2026-08-27 15:42:00,연결구간 지연·반입 실패,미확인 경보; 대화 부재만으로 오경보 판정 금지
M14A,2026-08-27 15:51:00,2026-08-27 15:54:00,4,49.2,2026-08-27 15:52:00,연결구간 지연·반입 실패,미확인 경보; 대화 부재만으로 오경보 판정 금지
M14A,2026-08-27 16:02:00,2026-08-27 16:06:00,5,55.0,2026-08-27 16:02:00,연결구간 지연·반입 실패,미확인 경보; 대화 부재만으로 오경보 판정 금지
M14A,2026-08-27 16:11:00,2026-08-27 16:18:00,8,55.0,2026-08-27 16:12:00,연결구간 지연·반입 실패,미확인 경보; 대화 부재만으로 오경보 판정 금지
M14A,2026-08-27 16:23:00,2026-08-27 16:28:00,6,55.0,2026-08-27 16:23:00,연결구간 지연·반입 실패,미확인 경보; 대화 부재만으로 오경보 판정 금지
M14A,2026-08-27 16:57:00,2026-08-27 17:16:00,20,57.5,2026-08-27 17:12:00,연결구간 지연·반입 실패,미확인 경보; 대화 부재만으로 오경보 판정 금지
M14A,2026-08-27 17:27:00,2026-08-27 17:53:00,27,66.7,2026-08-27 17:35:00,연결구간 지연·반입 실패,미확인 경보; 대화 부재만으로 오경보 판정 금지
M14A,2026-08-28 08:58:00,2026-08-28 09:00:00,3,49.1,2026-08-28 08:58:00,연결구간 지연·반입 실패,미확인 경보; 대화 부재만으로 오경보 판정 금지
M14A,2026-08-28 09:08:00,2026-08-28 10:39:00,92,72.9,2026-08-28 09:44:00,연결구간 지연·반입 실패,미확인 경보; 대화 부재만으로 오경보 판정 금지
M14A,2026-08-28 10:41:00,2026-08-28 10:47:00,7,54.3,2026-08-28 10:43:00,연결구간 지연·반입 실패,미확인 경보; 대화 부재만으로 오경보 판정 금지
M14A,2026-08-28 10:53:00,2026-08-28 11:13:00,21,56.4,2026-08-28 10:59:00,반송 지연 지속,미확인 경보; 대화 부재만으로 오경보 판정 금지
M14A,2026-08-28 13:06:00,2026-08-28 13:08:00,3,45.0,2026-08-28 13:06:00,반송 지연 지속,미확인 경보; 대화 부재만으로 오경보 판정 금지
M14A,2026-08-28 14:15:00,2026-08-28 14:24:00,10,48.5,2026-08-28 14:17:00,반송 지연 지속,미확인 경보; 대화 부재만으로 오경보 판정 금지
M14A,2026-08-28 15:12:00,2026-08-28 15:16:00,5,54.8,2026-08-28 15:13:00,반송 지연 지속,미확인 경보; 대화 부재만으로 오경보 판정 금지
M14A,2026-08-28 16:11:00,2026-08-28 16:15:00,5,53.3,2026-08-28 16:11:00,반송 지연 지속,미확인 경보; 대화 부재만으로 오경보 판정 금지
M14A,2026-08-28 16:18:00,2026-08-28 16:26:00,9,53.9,2026-08-28 16:20:00,반송 지연 지속,미확인 경보; 대화 부재만으로 오경보 판정 금지
M14A,2026-08-28 16:49:00,2026-08-28 16:50:00,2,40.9,2026-08-28 16:49:00,반송 지연 지속,미확인 경보; 대화 부재만으로 오경보 판정 금지
M14A,2026-08-28 16:54:00,2026-08-28 16:56:00,3,42.0,2026-08-28 16:54:00,반송 지연 지속,미확인 경보; 대화 부재만으로 오경보 판정 금지
M14A,2026-08-28 17:01:00,2026-08-28 17:14:00,14,53.5,2026-08-28 17:03:00,반송 지연 지속,미확인 경보; 대화 부재만으로 오경보 판정 금지
M14A,2026-08-28 17:26:00,2026-08-28 17:36:00,11,54.4,2026-08-28 17:27:00,반송 지연 지속,미확인 경보; 대화 부재만으로 오경보 판정 금지
M14A,2026-08-28 19:03:00,2026-08-28 19:09:00,7,45.9,2026-08-28 19:04:00,반송 지연 지속,미확인 경보; 대화 부재만으로 오경보 판정 금지
M14A,2026-08-28 21:45:00,2026-08-28 21:49:00,5,44.6,2026-08-28 21:46:00,반송 지연 지속,미확인 경보; 대화 부재만으로 오경보 판정 금지
M14A,2026-08-28 23:21:00,2026-08-28 23:38:00,18,61.4,2026-08-28 23:22:00,반송 지연 지속,미확인 경보; 대화 부재만으로 오경보 판정 금지
M14A,2026-08-29 03:46:00,2026-08-29 03:59:00,14,49.2,2026-08-29 03:47:00,반송 지연 지속,미확인 경보; 대화 부재만으로 오경보 판정 금지
M14A,2026-08-29 05:46:00,2026-08-29 05:48:00,3,47.5,2026-08-29 05:46:00,반송 지연 지속,미확인 경보; 대화 부재만으로 오경보 판정 금지
M14A,2026-08-29 08:29:00,2026-08-29 08:39:00,11,45.0,2026-08-29 08:30:00,반송 지연 지속,미확인 경보; 대화 부재만으로 오경보 판정 금지
M14A,2026-08-29 11:23:00,2026-08-29 11:31:00,9,45.0,2026-08-29 11:23:00,반송 지연 지속,미확인 경보; 대화 부재만으로 오경보 판정 금지
M14A,2026-08-29 12:11:00,2026-08-29 12:26:00,16,73.0,2026-08-29 12:11:00,연결구간 지연·반입 실패,미확인 경보; 대화 부재만으로 오경보 판정 금지
M14A,2026-08-29 12:34:00,2026-08-29 12:35:00,2,41.1,2026-08-29 12:34:00,연결구간 지연·반입 실패,미확인 경보; 대화 부재만으로 오경보 판정 금지
M14A,2026-08-31 13:46:00,2026-08-31 13:48:00,3,40.6,2026-08-31 13:46:00,반송 지연 지속,미확인 경보; 대화 부재만으로 오경보 판정 금지
M14A,2026-08-31 15:22:00,2026-08-31 15:28:00,7,57.6,2026-08-31 15:22:00,반송 지연 지속,미확인 경보; 대화 부재만으로 오경보 판정 금지
M14A,2026-08-31 16:12:00,2026-08-31 16:15:00,4,51.6,2026-08-31 16:12:00,연결구간 지연·반입 실패,미확인 경보; 대화 부재만으로 오경보 판정 금지
M14A,2026-08-31 16:24:00,2026-08-31 16:29:00,6,55.0,2026-08-31 16:25:00,연결구간 지연·반입 실패,미확인 경보; 대화 부재만으로 오경보 판정 금지
M14A,2026-08-31 17:06:00,2026-08-31 17:32:00,27,55.0,2026-08-31 17:11:00,연결구간 지연·반입 실패,미확인 경보; 대화 부재만으로 오경보 판정 금지
M14A,2026-09-02 10:42:00,2026-09-02 11:15:00,34,100.0,2026-09-02 10:47:00,처리 감소와 대기 증가,미확인 경보; 대화 부재만으로 오경보 판정 금지
M14A,2026-09-02 11:23:00,2026-09-02 11:26:00,4,46.2,2026-09-02 11:24:00,반송 지연 지속,미확인 경보; 대화 부재만으로 오경보 판정 금지
M14A,2026-09-02 13:24:00,2026-09-02 13:26:00,3,41.9,2026-09-02 13:24:00,반송 지연 지속,미확인 경보; 대화 부재만으로 오경보 판정 금지
M14A,2026-09-02 14:01:00,2026-09-02 14:13:00,13,57.8,2026-09-02 14:03:00,반송 지연 지속,미확인 경보; 대화 부재만으로 오경보 판정 금지
M14A,2026-09-02 15:31:00,2026-09-02 15:44:00,14,65.1,2026-09-02 15:31:00,반송 지연 지속,미확인 경보; 대화 부재만으로 오경보 판정 금지
M14A,2026-09-02 23:18:00,2026-09-02 23:20:00,3,45.0,2026-09-02 23:18:00,반송 지연 지속,미확인 경보; 대화 부재만으로 오경보 판정 금지
M14A,2026-09-03 00:42:00,2026-09-03 00:45:00,4,45.0,2026-09-03 00:42:00,반송 지연 지속,미확인 경보; 대화 부재만으로 오경보 판정 금지
M14A,2026-09-03 00:55:00,2026-09-03 01:07:00,13,59.0,2026-09-03 00:56:00,반송 지연 지속,미확인 경보; 대화 부재만으로 오경보 판정 금지
M14A,2026-09-03 02:16:00,2026-09-03 02:17:00,2,40.7,2026-09-03 02:16:00,반송 지연 지속,미확인 경보; 대화 부재만으로 오경보 판정 금지
M14A,2026-09-03 05:19:00,2026-09-03 05:25:00,7,45.0,2026-09-03 05:19:00,반송 지연 지속,미확인 경보; 대화 부재만으로 오경보 판정 금지
M14A,2026-09-03 06:32:00,2026-09-03 06:41:00,10,45.0,2026-09-03 06:32:00,반송 지연 지속,미확인 경보; 대화 부재만으로 오경보 판정 금지
M14A,2026-09-03 09:59:00,2026-09-03 10:06:00,8,54.7,2026-09-03 10:03:00,연결구간 지연·반입 실패,미확인 경보; 대화 부재만으로 오경보 판정 금지
M14A,2026-09-03 14:04:00,2026-09-03 14:06:00,3,40.9,2026-09-03 14:04:00,반송 지연 지속,미확인 경보; 대화 부재만으로 오경보 판정 금지
M14A,2026-09-03 15:25:00,2026-09-03 15:28:00,4,45.0,2026-09-03 15:25:00,반송 지연 지속,미확인 경보; 대화 부재만으로 오경보 판정 금지
M14A,2026-09-03 16:56:00,2026-09-03 16:59:00,4,45.0,2026-09-03 16:56:00,반송 지연 지속,미확인 경보; 대화 부재만으로 오경보 판정 금지
M14A,2026-09-03 18:02:00,2026-09-03 18:05:00,4,48.9,2026-09-03 18:02:00,반송 지연 지속,미확인 경보; 대화 부재만으로 오경보 판정 금지
M14A,2026-09-03 20:10:00,2026-09-03 20:31:00,22,62.4,2026-09-03 20:25:00,연결구간 지연·반입 실패,미확인 경보; 대화 부재만으로 오경보 판정 금지
M14A,2026-09-04 00:45:00,2026-09-04 00:54:00,10,45.0,2026-09-04 00:45:00,반송 지연 지속,미확인 경보; 대화 부재만으로 오경보 판정 금지
M14A,2026-09-04 03:59:00,2026-09-04 04:12:00,14,48.9,2026-09-04 04:01:00,반송 지연 지속,미확인 경보; 대화 부재만으로 오경보 판정 금지
M14A,2026-09-04 05:31:00,2026-09-04 05:50:00,20,65.9,2026-09-04 05:33:00,반송 지연 지속,미확인 경보; 대화 부재만으로 오경보 판정 금지
M14A,2026-09-04 06:17:00,2026-09-04 06:17:00,1,41.4,2026-09-04 06:17:00,반송 지연 지속,미확인 경보; 대화 부재만으로 오경보 판정 금지
M14A,2026-09-04 07:20:00,2026-09-04 07:21:00,2,40.4,2026-09-04 07:20:00,반송 지연 지속,미확인 경보; 대화 부재만으로 오경보 판정 금지
M14A,2026-09-04 08:28:00,2026-09-04 08:30:00,3,45.4,2026-09-04 08:28:00,연결구간 지연·반입 실패,미확인 경보; 대화 부재만으로 오경보 판정 금지
M14A,2026-09-04 09:19:00,2026-09-04 09:31:00,13,56.4,2026-09-04 09:21:00,반송 지연 지속,미확인 경보; 대화 부재만으로 오경보 판정 금지
M14A,2026-09-04 09:51:00,2026-09-04 10:01:00,11,55.1,2026-09-04 09:54:00,반송 지연 지속,미확인 경보; 대화 부재만으로 오경보 판정 금지
M14A,2026-09-04 18:49:00,2026-09-04 18:50:00,2,42.0,2026-09-04 18:49:00,반송 지연 지속,미확인 경보; 대화 부재만으로 오경보 판정 금지
M14A,2026-09-04 21:19:00,2026-09-04 21:34:00,16,58.5,2026-09-04 21:21:00,반송 지연 지속,미확인 경보; 대화 부재만으로 오경보 판정 금지
M14A,2026-09-04 23:46:00,2026-09-04 23:57:00,12,49.9,2026-09-04 23:53:00,반송 지연 지속,미확인 경보; 대화 부재만으로 오경보 판정 금지
M14A,2026-09-05 00:45:00,2026-09-05 00:55:00,11,58.0,2026-09-05 00:45:00,연결구간 지연·반입 실패,미확인 경보; 대화 부재만으로 오경보 판정 금지
M14A,2026-09-05 01:01:00,2026-09-05 01:05:00,5,47.2,2026-09-05 01:03:00,연결구간 지연·반입 실패,미확인 경보; 대화 부재만으로 오경보 판정 금지
M14A,2026-09-05 01:11:00,2026-09-05 01:18:00,8,50.5,2026-09-05 01:14:00,연결구간 지연·반입 실패,미확인 경보; 대화 부재만으로 오경보 판정 금지
M14A,2026-09-05 01:43:00,2026-09-05 02:14:00,32,59.2,2026-09-05 01:45:00,반송 지연 지속,미확인 경보; 대화 부재만으로 오경보 판정 금지
M14A,2026-09-05 06:10:00,2026-09-05 06:11:00,2,40.2,2026-09-05 06:10:00,반송 지연 지속,미확인 경보; 대화 부재만으로 오경보 판정 금지
M14A,2026-09-05 07:56:00,2026-09-05 08:08:00,13,53.7,2026-09-05 07:56:00,반송 지연 지속,미확인 경보; 대화 부재만으로 오경보 판정 금지
M14A,2026-09-05 09:17:00,2026-09-05 09:23:00,7,47.3,2026-09-05 09:18:00,반송 지연 지속,미확인 경보; 대화 부재만으로 오경보 판정 금지
M14A,2026-09-05 16:05:00,2026-09-05 16:15:00,11,55.1,2026-09-05 16:10:00,반송 지연 지속,미확인 경보; 대화 부재만으로 오경보 판정 금지
M14A,2026-09-05 18:30:00,2026-09-05 19:03:00,34,52.8,2026-09-05 18:47:00,반송 지연 지속,미확인 경보; 대화 부재만으로 오경보 판정 금지
M14A,2026-09-06 03:37:00,2026-09-06 03:39:00,3,45.0,2026-09-06 03:37:00,반송 지연 지속,미확인 경보; 대화 부재만으로 오경보 판정 금지
M14A,2026-09-06 05:04:00,2026-09-06 05:13:00,10,55.8,2026-09-06 05:04:00,반송 지연 지속,미확인 경보; 대화 부재만으로 오경보 판정 금지
M14A,2026-09-06 05:35:00,2026-09-06 05:47:00,13,45.9,2026-09-06 05:36:00,반송 지연 지속,미확인 경보; 대화 부재만으로 오경보 판정 금지
M14A,2026-09-06 12:16:00,2026-09-06 12:18:00,3,44.3,2026-09-06 12:16:00,반송 지연 지속,미확인 경보; 대화 부재만으로 오경보 판정 금지
M14A,2026-09-06 14:27:00,2026-09-06 14:34:00,8,48.2,2026-09-06 14:27:00,반송 지연 지속,미확인 경보; 대화 부재만으로 오경보 판정 금지
M14A,2026-09-06 15:02:00,2026-09-06 15:13:00,12,46.6,2026-09-06 15:09:00,반송 지연 지속,미확인 경보; 대화 부재만으로 오경보 판정 금지
M14A,2026-09-06 15:21:00,2026-09-06 15:26:00,6,45.0,2026-09-06 15:23:00,반송 지연 지속,미확인 경보; 대화 부재만으로 오경보 판정 금지
M14A,2026-09-06 15:56:00,2026-09-06 16:09:00,14,47.5,2026-09-06 15:58:00,반송 지연 지속,미확인 경보; 대화 부재만으로 오경보 판정 금지
M14A,2026-09-06 16:34:00,2026-09-06 16:37:00,4,43.3,2026-09-06 16:36:00,반송 지연 지속,미확인 경보; 대화 부재만으로 오경보 판정 금지
M14A,2026-09-06 19:40:00,2026-09-06 19:52:00,13,54.7,2026-09-06 19:42:00,반송 지연 지속,미확인 경보; 대화 부재만으로 오경보 판정 금지
M14A,2026-09-06 23:07:00,2026-09-06 23:08:00,2,41.0,2026-09-06 23:07:00,연결구간 지연·반입 실패,미확인 경보; 대화 부재만으로 오경보 판정 금지
M14A,2026-09-07 02:10:00,2026-09-07 02:12:00,3,45.0,2026-09-07 02:10:00,반송 지연 지속,미확인 경보; 대화 부재만으로 오경보 판정 금지
M14A,2026-09-07 04:54:00,2026-09-07 05:04:00,11,45.0,2026-09-07 04:55:00,반송 지연 지속,미확인 경보; 대화 부재만으로 오경보 판정 금지
M14A,2026-09-07 07:20:00,2026-09-07 07:24:00,5,48.9,2026-09-07 07:21:00,반송 지연 지속,미확인 경보; 대화 부재만으로 오경보 판정 금지
M14A,2026-09-07 08:24:00,2026-09-07 08:28:00,5,56.5,2026-09-07 08:24:00,반송 지연 지속,미확인 경보; 대화 부재만으로 오경보 판정 금지
M14A,2026-09-07 09:00:00,2026-09-07 09:09:00,10,53.4,2026-09-07 09:01:00,반송 지연 지속,미확인 경보; 대화 부재만으로 오경보 판정 금지
M14A,2026-09-07 09:20:00,2026-09-07 09:54:00,35,58.1,2026-09-07 09:21:00,반송 지연 지속,미확인 경보; 대화 부재만으로 오경보 판정 금지
M14A,2026-09-07 10:07:00,2026-09-07 10:12:00,6,50.7,2026-09-07 10:07:00,반송 지연 지속,미확인 경보; 대화 부재만으로 오경보 판정 금지
M14A,2026-09-07 10:35:00,2026-09-07 10:40:00,6,45.0,2026-09-07 10:36:00,반송 지연 지속,미확인 경보; 대화 부재만으로 오경보 판정 금지
M14A,2026-09-07 11:06:00,2026-09-07 11:09:00,4,56.1,2026-09-07 11:06:00,반송 지연 지속,미확인 경보; 대화 부재만으로 오경보 판정 금지
M14A,2026-09-07 11:11:00,2026-09-07 11:14:00,4,41.6,2026-09-07 11:11:00,반송 지연 지속,미확인 경보; 대화 부재만으로 오경보 판정 금지
M14A,2026-09-07 11:57:00,2026-09-07 11:58:00,2,42.7,2026-09-07 11:57:00,연결구간 지연·반입 실패,미확인 경보; 대화 부재만으로 오경보 판정 금지
M14A,2026-09-07 17:29:00,2026-09-07 17:46:00,18,52.3,2026-09-07 17:38:00,반송 지연 지속,미확인 경보; 대화 부재만으로 오경보 판정 금지
M14A,2026-09-07 17:59:00,2026-09-07 18:11:00,13,45.7,2026-09-07 18:01:00,반송 지연 지속,미확인 경보; 대화 부재만으로 오경보 판정 금지
M14A,2026-09-07 19:02:00,2026-09-07 19:12:00,11,45.4,2026-09-07 19:05:00,반송 지연 지속,미확인 경보; 대화 부재만으로 오경보 판정 금지
M14A,2026-09-08 00:31:00,2026-09-08 00:39:00,9,47.6,2026-09-08 00:31:00,반송 지연 지속,미확인 경보; 대화 부재만으로 오경보 판정 금지
M14A,2026-09-08 08:59:00,2026-09-08 09:01:00,3,45.0,2026-09-08 08:59:00,반송 지연 지속,미확인 경보; 대화 부재만으로 오경보 판정 금지
M14A,2026-09-08 09:04:00,2026-09-08 09:06:00,3,44.5,2026-09-08 09:05:00,반송 지연 지속,미확인 경보; 대화 부재만으로 오경보 판정 금지
M14A,2026-09-08 09:26:00,2026-09-08 09:38:00,13,48.3,2026-09-08 09:28:00,반송 지연 지속,미확인 경보; 대화 부재만으로 오경보 판정 금지
M14A,2026-09-09 08:47:00,2026-09-09 08:53:00,7,46.2,2026-09-09 08:48:00,반송 지연 지속,미확인 경보; 대화 부재만으로 오경보 판정 금지
M14A,2026-09-09 09:32:00,2026-09-09 09:37:00,6,47.3,2026-09-09 09:35:00,반송 지연 지속,미확인 경보; 대화 부재만으로 오경보 판정 금지
M14A,2026-09-09 11:20:00,2026-09-09 11:22:00,3,42.4,2026-09-09 11:20:00,반송 지연 지속,미확인 경보; 대화 부재만으로 오경보 판정 금지
M14A,2026-09-09 12:02:00,2026-09-09 12:07:00,6,46.2,2026-09-09 12:02:00,반송 지연 지속,미확인 경보; 대화 부재만으로 오경보 판정 금지
M14A,2026-09-10 02:40:00,2026-09-10 02:42:00,3,45.0,2026-09-10 02:40:00,반송 지연 지속,미확인 경보; 대화 부재만으로 오경보 판정 금지
M14A,2026-09-10 02:48:00,2026-09-10 02:48:00,1,43.0,2026-09-10 02:48:00,연결구간 지연·반입 실패,미확인 경보; 대화 부재만으로 오경보 판정 금지
M14A,2026-09-10 02:50:00,2026-09-10 03:15:00,26,55.0,2026-09-10 02:53:00,연결구간 지연·반입 실패,미확인 경보; 대화 부재만으로 오경보 판정 금지
M14A,2026-09-10 03:22:00,2026-09-10 03:29:00,8,52.9,2026-09-10 03:22:00,연결구간 지연·반입 실패,미확인 경보; 대화 부재만으로 오경보 판정 금지
M14A,2026-09-10 10:14:00,2026-09-10 10:18:00,5,55.1,2026-09-10 10:14:00,연결구간 지연·반입 실패,미확인 경보; 대화 부재만으로 오경보 판정 금지
M14A,2026-09-10 15:47:00,2026-09-10 15:49:00,3,47.4,2026-09-10 15:47:00,반송 지연 지속,미확인 경보; 대화 부재만으로 오경보 판정 금지
M14A,2026-09-11 02:25:00,2026-09-11 02:41:00,17,46.0,2026-09-11 02:29:00,반송 지연 지속,미확인 경보; 대화 부재만으로 오경보 판정 금지
M14A,2026-09-11 02:50:00,2026-09-11 03:02:00,13,46.8,2026-09-11 02:56:00,반송 지연 지속,미확인 경보; 대화 부재만으로 오경보 판정 금지
M14A,2026-09-11 03:57:00,2026-09-11 04:39:00,43,84.2,2026-09-11 04:08:00,처리 감소와 대기 증가,미확인 경보; 대화 부재만으로 오경보 판정 금지
M14A,2026-09-11 05:59:00,2026-09-11 06:01:00,3,41.0,2026-09-11 05:59:00,반송 지연 지속,미확인 경보; 대화 부재만으로 오경보 판정 금지
M14A,2026-09-11 06:19:00,2026-09-11 06:31:00,13,53.9,2026-09-11 06:21:00,반송 지연 지속,미확인 경보; 대화 부재만으로 오경보 판정 금지
M14A,2026-09-11 06:34:00,2026-09-11 06:36:00,3,45.0,2026-09-11 06:34:00,반송 지연 지속,미확인 경보; 대화 부재만으로 오경보 판정 금지
M14A,2026-09-11 17:58:00,2026-09-11 17:59:00,2,45.8,2026-09-11 17:58:00,반송 지연 지속,미확인 경보; 대화 부재만으로 오경보 판정 금지
M14A,2026-09-11 18:03:00,2026-09-11 18:04:00,2,42.1,2026-09-11 18:03:00,반송 지연 지속,미확인 경보; 대화 부재만으로 오경보 판정 금지
M14B,2026-08-11 10:12:00,2026-08-11 10:13:00,2,43.8,2026-08-11 10:12:00,연결구간 지연·반입 실패,미확인 경보; 대화 부재만으로 오경보 판정 금지
M14B,2026-08-12 08:33:00,2026-08-12 08:34:00,2,42.6,2026-08-12 08:33:00,연결구간 지연·반입 실패,미확인 경보; 대화 부재만으로 오경보 판정 금지
M14B,2026-08-12 09:12:00,2026-08-12 09:13:00,2,44.9,2026-08-12 09:12:00,반송 지연 지속,미확인 경보; 대화 부재만으로 오경보 판정 금지
M14B,2026-08-12 10:17:00,2026-08-12 10:18:00,2,40.1,2026-08-12 10:17:00,반송 지연 지속,미확인 경보; 대화 부재만으로 오경보 판정 금지
M14B,2026-08-13 17:17:00,2026-08-13 17:19:00,3,49.0,2026-08-13 17:17:00,반송 지연 지속,미확인 경보; 대화 부재만으로 오경보 판정 금지
M14B,2026-08-13 17:22:00,2026-08-13 17:25:00,4,53.2,2026-08-13 17:22:00,반송 지연 지속,미확인 경보; 대화 부재만으로 오경보 판정 금지
M14B,2026-08-13 17:37:00,2026-08-13 17:40:00,4,50.5,2026-08-13 17:37:00,반송 지연 지속,미확인 경보; 대화 부재만으로 오경보 판정 금지
M14B,2026-08-13 22:32:00,2026-08-13 22:34:00,3,45.0,2026-08-13 22:32:00,반송 지연 지속,미확인 경보; 대화 부재만으로 오경보 판정 금지
M14B,2026-08-14 00:03:00,2026-08-14 00:11:00,9,46.2,2026-08-14 00:09:00,반송 지연 지속,미확인 경보; 대화 부재만으로 오경보 판정 금지
M14B,2026-08-14 01:12:00,2026-08-14 01:17:00,6,61.5,2026-08-14 01:12:00,반송 지연 지속,미확인 경보; 대화 부재만으로 오경보 판정 금지
M14B,2026-08-14 16:32:00,2026-08-14 16:35:00,4,50.5,2026-08-14 16:32:00,연결구간 지연·반입 실패,미확인 경보; 대화 부재만으로 오경보 판정 금지
M14B,2026-08-15 12:02:00,2026-08-15 12:04:00,3,45.0,2026-08-15 12:02:00,반송 지연 지속,미확인 경보; 대화 부재만으로 오경보 판정 금지
M14B,2026-08-17 04:22:00,2026-08-17 04:28:00,7,45.6,2026-08-17 04:25:00,연결구간 지연·반입 실패,미확인 경보; 대화 부재만으로 오경보 판정 금지
M14B,2026-08-17 04:32:00,2026-08-17 04:35:00,4,50.5,2026-08-17 04:32:00,반송 지연 지속,미확인 경보; 대화 부재만으로 오경보 판정 금지
M14B,2026-08-17 04:37:00,2026-08-17 04:40:00,4,53.2,2026-08-17 04:37:00,반송 지연 지속,미확인 경보; 대화 부재만으로 오경보 판정 금지
M14B,2026-08-18 16:47:00,2026-08-18 16:49:00,3,45.0,2026-08-18 16:47:00,반송 지연 지속,미확인 경보; 대화 부재만으로 오경보 판정 금지
M14B,2026-08-18 16:52:00,2026-08-18 16:54:00,3,45.0,2026-08-18 16:52:00,반송 지연 지속,미확인 경보; 대화 부재만으로 오경보 판정 금지
M14B,2026-08-19 10:17:00,2026-08-19 10:18:00,2,43.3,2026-08-19 10:17:00,반송 지연 지속,미확인 경보; 대화 부재만으로 오경보 판정 금지
M14B,2026-08-19 15:02:00,2026-08-19 15:04:00,3,49.5,2026-08-19 15:02:00,반송 지연 지속,미확인 경보; 대화 부재만으로 오경보 판정 금지
M14B,2026-08-19 15:17:00,2026-08-19 15:19:00,3,49.3,2026-08-19 15:17:00,반송 지연 지속,미확인 경보; 대화 부재만으로 오경보 판정 금지
M14B,2026-08-19 18:42:00,2026-08-19 18:43:00,2,42.7,2026-08-19 18:42:00,반송 지연 지속,미확인 경보; 대화 부재만으로 오경보 판정 금지
M14B,2026-08-19 18:47:00,2026-08-19 18:49:00,3,46.2,2026-08-19 18:47:00,반송 지연 지속,미확인 경보; 대화 부재만으로 오경보 판정 금지
M14B,2026-08-19 20:12:00,2026-08-19 20:14:00,3,45.0,2026-08-19 20:12:00,반송 지연 지속,미확인 경보; 대화 부재만으로 오경보 판정 금지
M14B,2026-08-19 23:32:00,2026-08-19 23:34:00,3,46.4,2026-08-19 23:32:00,연결구간 지연·반입 실패,미확인 경보; 대화 부재만으로 오경보 판정 금지
M14B,2026-08-20 00:05:00,2026-08-20 00:11:00,7,45.0,2026-08-20 00:05:00,반송 지연 지속,미확인 경보; 대화 부재만으로 오경보 판정 금지
M14B,2026-08-20 06:52:00,2026-08-20 06:53:00,2,40.5,2026-08-20 06:52:00,반송 지연 지속,미확인 경보; 대화 부재만으로 오경보 판정 금지
M14B,2026-08-20 09:02:00,2026-08-20 09:03:00,2,44.5,2026-08-20 09:02:00,반송 지연 지속,미확인 경보; 대화 부재만으로 오경보 판정 금지
M14B,2026-08-20 09:07:00,2026-08-20 09:08:00,2,42.3,2026-08-20 09:07:00,반송 지연 지속,미확인 경보; 대화 부재만으로 오경보 판정 금지
M14B,2026-08-20 09:17:00,2026-08-20 09:19:00,3,45.0,2026-08-20 09:17:00,반송 지연 지속,미확인 경보; 대화 부재만으로 오경보 판정 금지
M14B,2026-08-20 09:22:00,2026-08-20 09:24:00,3,45.0,2026-08-20 09:22:00,반송 지연 지속,미확인 경보; 대화 부재만으로 오경보 판정 금지
M14B,2026-08-20 09:32:00,2026-08-20 09:39:00,8,46.7,2026-08-20 09:32:00,반송 지연 지속,미확인 경보; 대화 부재만으로 오경보 판정 금지
M14B,2026-08-20 09:41:00,2026-08-20 09:43:00,3,49.7,2026-08-20 09:41:00,반송 지연 지속,미확인 경보; 대화 부재만으로 오경보 판정 금지
M14B,2026-08-20 09:52:00,2026-08-20 09:54:00,3,45.0,2026-08-20 09:52:00,반송 지연 지속,미확인 경보; 대화 부재만으로 오경보 판정 금지
M14B,2026-08-20 10:02:00,2026-08-20 10:04:00,3,45.0,2026-08-20 10:02:00,반송 지연 지속,미확인 경보; 대화 부재만으로 오경보 판정 금지
M14B,2026-08-20 10:33:00,2026-08-20 10:34:00,2,43.7,2026-08-20 10:33:00,반송 지연 지속,미확인 경보; 대화 부재만으로 오경보 판정 금지
M14B,2026-08-20 10:47:00,2026-08-20 10:52:00,6,60.4,2026-08-20 10:47:00,연결구간 지연·반입 실패,미확인 경보; 대화 부재만으로 오경보 판정 금지
M14B,2026-08-20 10:57:00,2026-08-20 10:59:00,3,45.0,2026-08-20 10:57:00,반송 지연 지속,미확인 경보; 대화 부재만으로 오경보 판정 금지
M14B,2026-08-20 11:12:00,2026-08-20 11:18:00,7,51.5,2026-08-20 11:12:00,연결구간 지연·반입 실패,미확인 경보; 대화 부재만으로 오경보 판정 금지
M14B,2026-08-20 13:52:00,2026-08-20 13:53:00,2,41.3,2026-08-20 13:52:00,반송 지연 지속,미확인 경보; 대화 부재만으로 오경보 판정 금지
M14B,2026-08-20 16:57:00,2026-08-20 16:59:00,3,45.0,2026-08-20 16:57:00,반송 지연 지속,미확인 경보; 대화 부재만으로 오경보 판정 금지
M14B,2026-08-21 09:12:00,2026-08-21 09:14:00,3,45.0,2026-08-21 09:12:00,반송 지연 지속,미확인 경보; 대화 부재만으로 오경보 판정 금지
M14B,2026-08-21 10:27:00,2026-08-21 10:29:00,3,45.0,2026-08-21 10:27:00,반송 지연 지속,미확인 경보; 대화 부재만으로 오경보 판정 금지
M14B,2026-08-21 10:42:00,2026-08-21 10:43:00,2,44.4,2026-08-21 10:42:00,반송 지연 지속,미확인 경보; 대화 부재만으로 오경보 판정 금지
M14B,2026-08-21 11:02:00,2026-08-21 11:04:00,3,45.8,2026-08-21 11:02:00,반송 지연 지속,미확인 경보; 대화 부재만으로 오경보 판정 금지
M14B,2026-08-21 11:17:00,2026-08-21 11:19:00,3,45.5,2026-08-21 11:17:00,반송 지연 지속,미확인 경보; 대화 부재만으로 오경보 판정 금지
M14B,2026-08-21 11:22:00,2026-08-21 11:24:00,3,45.0,2026-08-21 11:22:00,반송 지연 지속,미확인 경보; 대화 부재만으로 오경보 판정 금지
M14B,2026-08-22 22:17:00,2026-08-22 22:19:00,3,45.0,2026-08-22 22:17:00,반송 지연 지속,미확인 경보; 대화 부재만으로 오경보 판정 금지
M14B,2026-08-22 23:42:00,2026-08-22 23:44:00,3,45.0,2026-08-22 23:42:00,반송 지연 지속,미확인 경보; 대화 부재만으로 오경보 판정 금지
M14B,2026-08-22 23:52:00,2026-08-22 23:54:00,3,45.0,2026-08-22 23:52:00,반송 지연 지속,미확인 경보; 대화 부재만으로 오경보 판정 금지
M14B,2026-08-23 00:22:00,2026-08-23 00:24:00,3,45.0,2026-08-23 00:22:00,반송 지연 지속,미확인 경보; 대화 부재만으로 오경보 판정 금지
M14B,2026-08-23 12:22:00,2026-08-23 12:23:00,2,41.7,2026-08-23 12:22:00,반송 지연 지속,미확인 경보; 대화 부재만으로 오경보 판정 금지
M14B,2026-08-23 15:47:00,2026-08-23 15:48:00,2,40.6,2026-08-23 15:47:00,반송 지연 지속,미확인 경보; 대화 부재만으로 오경보 판정 금지
M14B,2026-08-23 16:17:00,2026-08-23 16:18:00,2,42.4,2026-08-23 16:17:00,반송 지연 지속,미확인 경보; 대화 부재만으로 오경보 판정 금지
M14B,2026-08-24 02:17:00,2026-08-24 02:19:00,3,46.2,2026-08-24 02:17:00,반송 지연 지속,미확인 경보; 대화 부재만으로 오경보 판정 금지
M14B,2026-08-24 02:47:00,2026-08-24 02:49:00,3,45.0,2026-08-24 02:47:00,반송 지연 지속,미확인 경보; 대화 부재만으로 오경보 판정 금지
M14B,2026-08-24 03:57:00,2026-08-24 03:59:00,3,45.0,2026-08-24 03:57:00,반송 지연 지속,미확인 경보; 대화 부재만으로 오경보 판정 금지
M14B,2026-08-24 09:13:00,2026-08-24 09:15:00,3,45.0,2026-08-24 09:13:00,반송 지연 지속,미확인 경보; 대화 부재만으로 오경보 판정 금지
M14B,2026-08-24 09:42:00,2026-08-24 09:43:00,2,41.4,2026-08-24 09:42:00,반송 지연 지속,미확인 경보; 대화 부재만으로 오경보 판정 금지
M14B,2026-08-24 09:47:00,2026-08-24 09:48:00,2,40.0,2026-08-24 09:47:00,반송 지연 지속,미확인 경보; 대화 부재만으로 오경보 판정 금지
M14B,2026-08-24 09:52:00,2026-08-24 09:54:00,3,45.0,2026-08-24 09:52:00,반송 지연 지속,미확인 경보; 대화 부재만으로 오경보 판정 금지
M14B,2026-08-24 09:57:00,2026-08-24 09:59:00,3,45.0,2026-08-24 09:57:00,반송 지연 지속,미확인 경보; 대화 부재만으로 오경보 판정 금지
M14B,2026-08-24 16:47:00,2026-08-24 16:49:00,3,45.4,2026-08-24 16:47:00,반송 지연 지속,미확인 경보; 대화 부재만으로 오경보 판정 금지
M14B,2026-08-24 17:02:00,2026-08-24 17:04:00,3,48.8,2026-08-24 17:02:00,반송 지연 지속,미확인 경보; 대화 부재만으로 오경보 판정 금지
M14B,2026-08-24 17:12:00,2026-08-24 17:14:00,3,48.7,2026-08-24 17:12:00,반송 지연 지속,미확인 경보; 대화 부재만으로 오경보 판정 금지
M14B,2026-08-24 17:22:00,2026-08-24 17:25:00,4,51.9,2026-08-24 17:22:00,반송 지연 지속,미확인 경보; 대화 부재만으로 오경보 판정 금지
M14B,2026-08-24 17:27:00,2026-08-24 17:30:00,4,51.4,2026-08-24 17:27:00,반송 지연 지속,미확인 경보; 대화 부재만으로 오경보 판정 금지
M14B,2026-08-24 17:37:00,2026-08-24 17:39:00,3,47.6,2026-08-24 17:37:00,반송 지연 지속,미확인 경보; 대화 부재만으로 오경보 판정 금지
M14B,2026-08-24 17:57:00,2026-08-24 17:59:00,3,47.1,2026-08-24 17:57:00,반송 지연 지속,미확인 경보; 대화 부재만으로 오경보 판정 금지
M14B,2026-08-25 02:12:00,2026-08-25 02:13:00,2,40.3,2026-08-25 02:12:00,연결구간 지연·반입 실패,미확인 경보; 대화 부재만으로 오경보 판정 금지
M14B,2026-08-25 02:27:00,2026-08-25 02:29:00,3,45.0,2026-08-25 02:27:00,반송 지연 지속,미확인 경보; 대화 부재만으로 오경보 판정 금지
M14B,2026-08-26 12:16:00,2026-08-26 12:20:00,5,49.4,2026-08-26 12:18:00,반송 지연 지속,미확인 경보; 대화 부재만으로 오경보 판정 금지
M14B,2026-08-27 05:46:00,2026-08-27 05:47:00,2,40.1,2026-08-27 05:46:00,연결구간 지연·반입 실패,미확인 경보; 대화 부재만으로 오경보 판정 금지
M14B,2026-08-27 05:53:00,2026-08-27 05:55:00,3,41.5,2026-08-27 05:54:00,연결구간 지연·반입 실패,미확인 경보; 대화 부재만으로 오경보 판정 금지
M14B,2026-08-27 06:04:00,2026-08-27 06:24:00,21,66.0,2026-08-27 06:18:00,연결구간 지연·반입 실패,미확인 경보; 대화 부재만으로 오경보 판정 금지
M14B,2026-08-27 06:57:00,2026-08-27 06:59:00,3,43.5,2026-08-27 06:57:00,반송 지연 지속,미확인 경보; 대화 부재만으로 오경보 판정 금지
M14B,2026-08-27 07:18:00,2026-08-27 07:22:00,5,45.0,2026-08-27 07:18:00,반송 지연 지속,미확인 경보; 대화 부재만으로 오경보 판정 금지
M14B,2026-08-27 07:31:00,2026-08-27 07:34:00,4,45.0,2026-08-27 07:31:00,반송 지연 지속,미확인 경보; 대화 부재만으로 오경보 판정 금지
M14B,2026-08-27 07:43:00,2026-08-27 07:43:00,1,40.9,2026-08-27 07:43:00,반송 지연 지속,미확인 경보; 대화 부재만으로 오경보 판정 금지
M14B,2026-08-27 07:51:00,2026-08-27 07:53:00,3,45.0,2026-08-27 07:51:00,반송 지연 지속,미확인 경보; 대화 부재만으로 오경보 판정 금지
M14B,2026-08-27 10:08:00,2026-08-27 10:08:00,1,42.8,2026-08-27 10:08:00,회복 확인 중(하락 완화),미확인 경보; 대화 부재만으로 오경보 판정 금지
M14B,2026-08-27 10:37:00,2026-08-27 10:38:00,2,41.1,2026-08-27 10:37:00,반송 지연 지속,미확인 경보; 대화 부재만으로 오경보 판정 금지
M14B,2026-08-27 14:57:00,2026-08-27 14:59:00,3,45.0,2026-08-27 14:57:00,반송 지연 지속,미확인 경보; 대화 부재만으로 오경보 판정 금지
M14B,2026-08-27 15:18:00,2026-08-27 15:39:00,22,75.5,2026-08-27 15:27:00,연결구간 지연·반입 실패,미확인 경보; 대화 부재만으로 오경보 판정 금지
M14B,2026-08-27 15:45:00,2026-08-27 16:18:00,34,68.0,2026-08-27 15:52:00,연결구간 지연·반입 실패,미확인 경보; 대화 부재만으로 오경보 판정 금지
M14B,2026-08-27 16:28:00,2026-08-27 16:28:00,1,43.0,2026-08-27 16:28:00,반송 지연 지속,미확인 경보; 대화 부재만으로 오경보 판정 금지
M14B,2026-08-27 17:15:00,2026-08-27 17:17:00,3,45.8,2026-08-27 17:15:00,연결구간 지연·반입 실패,미확인 경보; 대화 부재만으로 오경보 판정 금지
M14B,2026-08-27 17:20:00,2026-08-27 18:21:00,62,71.5,2026-08-27 17:53:00,연결구간 지연·반입 실패,미확인 경보; 대화 부재만으로 오경보 판정 금지
M14B,2026-08-27 18:26:00,2026-08-27 18:54:00,29,69.3,2026-08-27 18:28:00,연결구간 지연·반입 실패,미확인 경보; 대화 부재만으로 오경보 판정 금지
M14B,2026-08-27 19:02:00,2026-08-27 19:04:00,3,41.9,2026-08-27 19:02:00,반송 지연 지속,미확인 경보; 대화 부재만으로 오경보 판정 금지
M14B,2026-08-27 19:12:00,2026-08-27 19:13:00,2,43.5,2026-08-27 19:12:00,반송 지연 지속,미확인 경보; 대화 부재만으로 오경보 판정 금지
M14B,2026-08-27 19:52:00,2026-08-27 19:53:00,2,43.8,2026-08-27 19:52:00,반송 지연 지속,미확인 경보; 대화 부재만으로 오경보 판정 금지
M14B,2026-08-28 06:31:00,2026-08-28 06:34:00,4,45.2,2026-08-28 06:31:00,연결구간 지연·반입 실패,미확인 경보; 대화 부재만으로 오경보 판정 금지
M14B,2026-08-28 06:39:00,2026-08-28 06:52:00,14,76.2,2026-08-28 06:41:00,연결구간 지연·반입 실패,미확인 경보; 대화 부재만으로 오경보 판정 금지
M14B,2026-08-28 07:07:00,2026-08-28 07:09:00,3,42.2,2026-08-28 07:08:00,연결구간 지연·반입 실패,미확인 경보; 대화 부재만으로 오경보 판정 금지
M14B,2026-08-28 07:47:00,2026-08-28 07:51:00,5,57.6,2026-08-28 07:47:00,반송 지연 지속,미확인 경보; 대화 부재만으로 오경보 판정 금지
M14B,2026-08-28 09:39:00,2026-08-28 09:56:00,18,59.0,2026-08-28 09:48:00,연결구간 지연·반입 실패,미확인 경보; 대화 부재만으로 오경보 판정 금지
M14B,2026-08-28 11:22:00,2026-08-28 11:24:00,3,47.4,2026-08-28 11:22:00,반송 지연 지속,미확인 경보; 대화 부재만으로 오경보 판정 금지
M14B,2026-08-28 11:27:00,2026-08-28 11:29:00,3,45.0,2026-08-28 11:27:00,반송 지연 지속,미확인 경보; 대화 부재만으로 오경보 판정 금지
M14B,2026-08-30 02:12:00,2026-08-30 02:14:00,3,47.5,2026-08-30 02:12:00,반송 지연 지속,미확인 경보; 대화 부재만으로 오경보 판정 금지
M14B,2026-08-30 22:56:00,2026-08-30 22:58:00,3,40.8,2026-08-30 22:57:00,반송 지연 지속,미확인 경보; 대화 부재만으로 오경보 판정 금지
M14B,2026-08-30 23:02:00,2026-08-30 23:03:00,2,44.7,2026-08-30 23:02:00,반송 지연 지속,미확인 경보; 대화 부재만으로 오경보 판정 금지
M14B,2026-09-01 10:37:00,2026-09-01 10:39:00,3,45.0,2026-09-01 10:37:00,반송 지연 지속,미확인 경보; 대화 부재만으로 오경보 판정 금지
M14B,2026-09-02 10:51:00,2026-09-02 11:08:00,18,64.3,2026-09-02 11:01:00,연결구간 지연·반입 실패,미확인 경보; 대화 부재만으로 오경보 판정 금지
M14B,2026-09-03 00:07:00,2026-09-03 00:07:00,1,41.2,2026-09-03 00:07:00,반송 지연 지속,미확인 경보; 대화 부재만으로 오경보 판정 금지
M14B,2026-09-03 00:21:00,2026-09-03 00:33:00,13,60.7,2026-09-03 00:22:00,반송 지연 지속,미확인 경보; 대화 부재만으로 오경보 판정 금지
M14B,2026-09-03 00:56:00,2026-09-03 01:07:00,12,58.1,2026-09-03 01:01:00,연결구간 지연·반입 실패,미확인 경보; 대화 부재만으로 오경보 판정 금지
M14B,2026-09-03 01:12:00,2026-09-03 01:14:00,3,48.6,2026-09-03 01:12:00,반송 지연 지속,미확인 경보; 대화 부재만으로 오경보 판정 금지
M14B,2026-09-03 06:47:00,2026-09-03 06:49:00,3,45.1,2026-09-03 06:47:00,반송 지연 지속,미확인 경보; 대화 부재만으로 오경보 판정 금지
M14B,2026-09-03 13:32:00,2026-09-03 13:34:00,3,45.0,2026-09-03 13:32:00,반송 지연 지속,미확인 경보; 대화 부재만으로 오경보 판정 금지
M14B,2026-09-03 15:32:00,2026-09-03 15:34:00,3,45.0,2026-09-03 15:32:00,반송 지연 지속,미확인 경보; 대화 부재만으로 오경보 판정 금지
M14B,2026-09-03 20:20:00,2026-09-03 20:30:00,11,74.4,2026-09-03 20:22:00,연결구간 지연·반입 실패,미확인 경보; 대화 부재만으로 오경보 판정 금지
M14B,2026-09-03 20:32:00,2026-09-03 20:35:00,4,52.3,2026-09-03 20:32:00,반송 지연 지속,미확인 경보; 대화 부재만으로 오경보 판정 금지
M14B,2026-09-04 00:05:00,2026-09-04 00:10:00,6,45.0,2026-09-04 00:05:00,반송 지연 지속,미확인 경보; 대화 부재만으로 오경보 판정 금지
M14B,2026-09-04 05:12:00,2026-09-04 05:14:00,3,45.0,2026-09-04 05:12:00,반송 지연 지속,미확인 경보; 대화 부재만으로 오경보 판정 금지
M14B,2026-09-04 06:17:00,2026-09-04 06:18:00,2,42.9,2026-09-04 06:17:00,반송 지연 지속,미확인 경보; 대화 부재만으로 오경보 판정 금지
M14B,2026-09-04 08:57:00,2026-09-04 08:59:00,3,47.0,2026-09-04 08:57:00,반송 지연 지속,미확인 경보; 대화 부재만으로 오경보 판정 금지
M14B,2026-09-04 09:32:00,2026-09-04 09:34:00,3,45.0,2026-09-04 09:32:00,반송 지연 지속,미확인 경보; 대화 부재만으로 오경보 판정 금지
M14B,2026-09-04 11:02:00,2026-09-04 11:04:00,3,45.0,2026-09-04 11:02:00,반송 지연 지속,미확인 경보; 대화 부재만으로 오경보 판정 금지
M14B,2026-09-04 18:52:00,2026-09-04 18:54:00,3,45.0,2026-09-04 18:52:00,반송 지연 지속,미확인 경보; 대화 부재만으로 오경보 판정 금지
M14B,2026-09-04 21:32:00,2026-09-04 21:34:00,3,47.6,2026-09-04 21:32:00,반송 지연 지속,미확인 경보; 대화 부재만으로 오경보 판정 금지
M14B,2026-09-05 00:04:00,2026-09-05 00:08:00,5,45.0,2026-09-05 00:04:00,반송 지연 지속,미확인 경보; 대화 부재만으로 오경보 판정 금지
M14B,2026-09-05 01:56:00,2026-09-05 01:58:00,3,46.0,2026-09-05 01:56:00,연결구간 지연·반입 실패,미확인 경보; 대화 부재만으로 오경보 판정 금지
M14B,2026-09-05 02:00:00,2026-09-05 02:05:00,6,53.4,2026-09-05 02:02:00,반송 지연 지속,미확인 경보; 대화 부재만으로 오경보 판정 금지
M14B,2026-09-05 02:17:00,2026-09-05 02:18:00,2,42.0,2026-09-05 02:17:00,반송 지연 지속,미확인 경보; 대화 부재만으로 오경보 판정 금지
M14B,2026-09-05 02:32:00,2026-09-05 02:35:00,4,52.8,2026-09-05 02:32:00,반송 지연 지속,미확인 경보; 대화 부재만으로 오경보 판정 금지
M14B,2026-09-05 02:37:00,2026-09-05 02:55:00,19,61.9,2026-09-05 02:42:00,연결구간 지연·반입 실패,미확인 경보; 대화 부재만으로 오경보 판정 금지
M14B,2026-09-05 02:57:00,2026-09-05 03:00:00,4,51.2,2026-09-05 02:57:00,반송 지연 지속,미확인 경보; 대화 부재만으로 오경보 판정 금지
M14B,2026-09-05 06:57:00,2026-09-05 06:58:00,2,43.3,2026-09-05 06:57:00,반송 지연 지속,미확인 경보; 대화 부재만으로 오경보 판정 금지
M14B,2026-09-05 16:07:00,2026-09-05 16:11:00,5,52.5,2026-09-05 16:08:00,연결구간 지연·반입 실패,미확인 경보; 대화 부재만으로 오경보 판정 금지
M14B,2026-09-05 16:37:00,2026-09-05 16:40:00,4,45.0,2026-09-05 16:39:00,연결구간 지연·반입 실패,미확인 경보; 대화 부재만으로 오경보 판정 금지
M14B,2026-09-05 16:47:00,2026-09-05 16:48:00,2,40.3,2026-09-05 16:47:00,반송 지연 지속,미확인 경보; 대화 부재만으로 오경보 판정 금지
M14B,2026-09-05 18:18:00,2026-09-05 18:24:00,7,53.1,2026-09-05 18:18:00,연결구간 지연·반입 실패,미확인 경보; 대화 부재만으로 오경보 판정 금지
M14B,2026-09-05 18:55:00,2026-09-05 19:10:00,16,57.4,2026-09-05 19:02:00,연결구간 지연·반입 실패,미확인 경보; 대화 부재만으로 오경보 판정 금지
M14B,2026-09-05 19:14:00,2026-09-05 19:20:00,7,52.9,2026-09-05 19:17:00,반송 지연 지속,미확인 경보; 대화 부재만으로 오경보 판정 금지
M14B,2026-09-05 21:38:00,2026-09-05 21:40:00,3,42.5,2026-09-05 21:38:00,연결구간 지연·반입 실패,미확인 경보; 대화 부재만으로 오경보 판정 금지
M14B,2026-09-05 22:42:00,2026-09-05 22:43:00,2,41.4,2026-09-05 22:42:00,반송 지연 지속,미확인 경보; 대화 부재만으로 오경보 판정 금지
M14B,2026-09-05 22:46:00,2026-09-05 22:53:00,8,74.2,2026-09-05 22:47:00,연결구간 지연·반입 실패,미확인 경보; 대화 부재만으로 오경보 판정 금지
M14B,2026-09-05 22:56:00,2026-09-05 22:58:00,3,44.1,2026-09-05 22:57:00,연결구간 지연·반입 실패,미확인 경보; 대화 부재만으로 오경보 판정 금지
M14B,2026-09-06 04:13:00,2026-09-06 04:14:00,2,43.5,2026-09-06 04:13:00,반송 지연 지속,미확인 경보; 대화 부재만으로 오경보 판정 금지
M14B,2026-09-06 04:17:00,2026-09-06 04:20:00,4,52.8,2026-09-06 04:17:00,반송 지연 지속,미확인 경보; 대화 부재만으로 오경보 판정 금지
M14B,2026-09-06 04:22:00,2026-09-06 04:25:00,4,51.8,2026-09-06 04:22:00,반송 지연 지속,미확인 경보; 대화 부재만으로 오경보 판정 금지
M14B,2026-09-06 05:13:00,2026-09-06 05:14:00,2,45.3,2026-09-06 05:13:00,연결구간 지연·반입 실패,미확인 경보; 대화 부재만으로 오경보 판정 금지
M14B,2026-09-06 10:12:00,2026-09-06 10:14:00,3,48.2,2026-09-06 10:12:00,반송 지연 지속,미확인 경보; 대화 부재만으로 오경보 판정 금지
M14B,2026-09-06 11:03:00,2026-09-06 11:09:00,7,47.3,2026-09-06 11:07:00,연결구간 지연·반입 실패,미확인 경보; 대화 부재만으로 오경보 판정 금지
M14B,2026-09-06 11:12:00,2026-09-06 11:16:00,5,59.4,2026-09-06 11:12:00,반송 지연 지속,미확인 경보; 대화 부재만으로 오경보 판정 금지
M14B,2026-09-06 11:22:00,2026-09-06 11:34:00,13,64.1,2026-09-06 11:26:00,연결구간 지연·반입 실패,미확인 경보; 대화 부재만으로 오경보 판정 금지
M14B,2026-09-06 11:37:00,2026-09-06 11:41:00,5,55.5,2026-09-06 11:37:00,반송 지연 지속,미확인 경보; 대화 부재만으로 오경보 판정 금지
M14B,2026-09-06 16:12:00,2026-09-06 16:18:00,7,64.4,2026-09-06 16:13:00,연결구간 지연·반입 실패,미확인 경보; 대화 부재만으로 오경보 판정 금지
M14B,2026-09-06 16:27:00,2026-09-06 16:30:00,4,50.1,2026-09-06 16:27:00,반송 지연 지속,미확인 경보; 대화 부재만으로 오경보 판정 금지
M14B,2026-09-06 19:10:00,2026-09-06 19:29:00,20,55.4,2026-09-06 19:22:00,연결구간 지연·반입 실패,미확인 경보; 대화 부재만으로 오경보 판정 금지
M14B,2026-09-06 19:32:00,2026-09-06 19:33:00,2,41.5,2026-09-06 19:32:00,반송 지연 지속,미확인 경보; 대화 부재만으로 오경보 판정 금지
M14B,2026-09-06 19:47:00,2026-09-06 20:14:00,28,70.4,2026-09-06 20:02:00,연결구간 지연·반입 실패,미확인 경보; 대화 부재만으로 오경보 판정 금지
M14B,2026-09-06 20:22:00,2026-09-06 20:24:00,3,44.3,2026-09-06 20:23:00,연결구간 지연·반입 실패,미확인 경보; 대화 부재만으로 오경보 판정 금지
M14B,2026-09-06 20:36:00,2026-09-06 21:29:00,54,72.4,2026-09-06 21:17:00,연결구간 지연·반입 실패,미확인 경보; 대화 부재만으로 오경보 판정 금지
M14B,2026-09-06 21:32:00,2026-09-06 21:35:00,4,52.8,2026-09-06 21:32:00,반송 지연 지속,미확인 경보; 대화 부재만으로 오경보 판정 금지
M14B,2026-09-06 21:42:00,2026-09-06 22:22:00,41,70.1,2026-09-06 22:06:00,연결구간 지연·반입 실패,미확인 경보; 대화 부재만으로 오경보 판정 금지
M14B,2026-09-06 22:27:00,2026-09-06 22:29:00,3,42.0,2026-09-06 22:27:00,연결구간 지연·반입 실패,미확인 경보; 대화 부재만으로 오경보 판정 금지
M14B,2026-09-06 22:32:00,2026-09-06 23:20:00,49,72.4,2026-09-06 22:57:00,연결구간 지연·반입 실패,미확인 경보; 대화 부재만으로 오경보 판정 금지
M14B,2026-09-07 00:03:00,2026-09-07 00:05:00,3,55.8,2026-09-07 00:05:00,반송 지연 지속,미확인 경보; 대화 부재만으로 오경보 판정 금지
M14B,2026-09-07 00:07:00,2026-09-07 00:13:00,7,52.8,2026-09-07 00:09:00,반송 지연 지속,미확인 경보; 대화 부재만으로 오경보 판정 금지
M14B,2026-09-07 00:27:00,2026-09-07 00:28:00,2,43.9,2026-09-07 00:27:00,반송 지연 지속,미확인 경보; 대화 부재만으로 오경보 판정 금지
M14B,2026-09-07 05:58:00,2026-09-07 05:59:00,2,46.8,2026-09-07 05:58:00,반송 지연 지속,미확인 경보; 대화 부재만으로 오경보 판정 금지
M14B,2026-09-07 06:03:00,2026-09-07 06:09:00,7,47.9,2026-09-07 06:08:00,반송 지연 지속,미확인 경보; 대화 부재만으로 오경보 판정 금지
M14B,2026-09-07 06:13:00,2026-09-07 06:29:00,17,48.5,2026-09-07 06:16:00,반송 지연 지속,미확인 경보; 대화 부재만으로 오경보 판정 금지
M14B,2026-09-07 06:33:00,2026-09-07 06:36:00,4,45.3,2026-09-07 06:33:00,반송 지연 지속,미확인 경보; 대화 부재만으로 오경보 판정 금지
M14B,2026-09-07 06:42:00,2026-09-07 06:43:00,2,45.0,2026-09-07 06:42:00,반송 지연 지속,미확인 경보; 대화 부재만으로 오경보 판정 금지
M14B,2026-09-07 06:58:00,2026-09-07 06:58:00,1,40.8,2026-09-07 06:58:00,반송 지연 지속,미확인 경보; 대화 부재만으로 오경보 판정 금지
M14B,2026-09-07 07:00:00,2026-09-07 07:00:00,1,40.8,2026-09-07 07:00:00,반송 지연 지속,미확인 경보; 대화 부재만으로 오경보 판정 금지
M14B,2026-09-07 07:02:00,2026-09-07 07:05:00,4,49.4,2026-09-07 07:02:00,반송 지연 지속,미확인 경보; 대화 부재만으로 오경보 판정 금지
M14B,2026-09-07 07:11:00,2026-09-07 07:11:00,1,43.1,2026-09-07 07:11:00,반송 지연 지속,미확인 경보; 대화 부재만으로 오경보 판정 금지
M14B,2026-09-07 07:13:00,2026-09-07 07:13:00,1,43.1,2026-09-07 07:13:00,반송 지연 지속,미확인 경보; 대화 부재만으로 오경보 판정 금지
M14B,2026-09-07 07:15:00,2026-09-07 07:16:00,2,45.0,2026-09-07 07:15:00,반송 지연 지속,미확인 경보; 대화 부재만으로 오경보 판정 금지
M14B,2026-09-07 10:32:00,2026-09-07 10:33:00,2,41.0,2026-09-07 10:32:00,반송 지연 지속,미확인 경보; 대화 부재만으로 오경보 판정 금지
M14B,2026-09-07 17:47:00,2026-09-07 17:49:00,3,47.4,2026-09-07 17:47:00,반송 지연 지속,미확인 경보; 대화 부재만으로 오경보 판정 금지
M14B,2026-09-07 19:13:00,2026-09-07 19:17:00,5,45.0,2026-09-07 19:13:00,반송 지연 지속,미확인 경보; 대화 부재만으로 오경보 판정 금지
M14B,2026-09-08 06:48:00,2026-09-08 06:48:00,1,44.6,2026-09-08 06:48:00,반송 지연 지속,미확인 경보; 대화 부재만으로 오경보 판정 금지
M14B,2026-09-08 11:33:00,2026-09-08 11:34:00,2,45.0,2026-09-08 11:33:00,회복 확인 중(하락 완화),미확인 경보; 대화 부재만으로 오경보 판정 금지
M14B,2026-09-08 16:57:00,2026-09-08 16:59:00,3,46.4,2026-09-08 16:57:00,반송 지연 지속,미확인 경보; 대화 부재만으로 오경보 판정 금지
M14B,2026-09-08 17:01:00,2026-09-08 17:01:00,1,40.3,2026-09-08 17:01:00,반송 지연 지속,미확인 경보; 대화 부재만으로 오경보 판정 금지
M14B,2026-09-08 17:17:00,2026-09-08 17:18:00,2,41.4,2026-09-08 17:17:00,반송 지연 지속,미확인 경보; 대화 부재만으로 오경보 판정 금지
M14B,2026-09-08 21:52:00,2026-09-08 21:53:00,2,42.4,2026-09-08 21:52:00,반송 지연 지속,미확인 경보; 대화 부재만으로 오경보 판정 금지
M14B,2026-09-09 02:42:00,2026-09-09 02:46:00,5,55.3,2026-09-09 02:42:00,반송 지연 지속,미확인 경보; 대화 부재만으로 오경보 판정 금지
M14B,2026-09-09 03:02:00,2026-09-09 03:05:00,4,50.9,2026-09-09 03:02:00,반송 지연 지속,미확인 경보; 대화 부재만으로 오경보 판정 금지
M14B,2026-09-09 04:42:00,2026-09-09 04:56:00,15,53.9,2026-09-09 04:45:00,반송 지연 지속,미확인 경보; 대화 부재만으로 오경보 판정 금지
M14B,2026-09-09 05:03:00,2026-09-09 05:03:00,1,42.6,2026-09-09 05:03:00,반송 지연 지속,미확인 경보; 대화 부재만으로 오경보 판정 금지
M14B,2026-09-09 05:22:00,2026-09-09 05:25:00,4,52.8,2026-09-09 05:22:00,반송 지연 지속,미확인 경보; 대화 부재만으로 오경보 판정 금지
M14B,2026-09-09 09:18:00,2026-09-09 09:20:00,3,45.9,2026-09-09 09:18:00,반송 지연 지속,미확인 경보; 대화 부재만으로 오경보 판정 금지
M14B,2026-09-09 10:57:00,2026-09-09 10:59:00,3,47.2,2026-09-09 10:57:00,반송 지연 지속,미확인 경보; 대화 부재만으로 오경보 판정 금지
M14B,2026-09-09 14:52:00,2026-09-09 14:54:00,3,45.0,2026-09-09 14:52:00,반송 지연 지속,미확인 경보; 대화 부재만으로 오경보 판정 금지
M14B,2026-09-10 00:38:00,2026-09-10 00:43:00,6,45.0,2026-09-10 00:39:00,반송 지연 지속,미확인 경보; 대화 부재만으로 오경보 판정 금지
M14B,2026-09-10 05:22:00,2026-09-10 05:24:00,3,45.0,2026-09-10 05:22:00,반송 지연 지속,미확인 경보; 대화 부재만으로 오경보 판정 금지
M14B,2026-09-10 10:22:00,2026-09-10 10:24:00,3,46.6,2026-09-10 10:22:00,반송 지연 지속,미확인 경보; 대화 부재만으로 오경보 판정 금지
M14B,2026-09-10 10:32:00,2026-09-10 10:33:00,2,42.6,2026-09-10 10:32:00,반송 지연 지속,미확인 경보; 대화 부재만으로 오경보 판정 금지
M14B,2026-09-10 10:57:00,2026-09-10 11:00:00,4,47.8,2026-09-10 10:58:00,반송 지연 지속,미확인 경보; 대화 부재만으로 오경보 판정 금지
M14B,2026-09-10 11:22:00,2026-09-10 11:24:00,3,45.0,2026-09-10 11:22:00,반송 지연 지속,미확인 경보; 대화 부재만으로 오경보 판정 금지
M14B,2026-09-10 16:47:00,2026-09-10 16:52:00,6,47.1,2026-09-10 16:49:00,반송 지연 지속,미확인 경보; 대화 부재만으로 오경보 판정 금지
M14B,2026-09-11 00:46:00,2026-09-11 00:49:00,4,45.0,2026-09-11 00:46:00,반송 지연 지속,미확인 경보; 대화 부재만으로 오경보 판정 금지
M14B,2026-09-11 01:26:00,2026-09-11 01:29:00,4,45.0,2026-09-11 01:27:00,반송 지연 지속,미확인 경보; 대화 부재만으로 오경보 판정 금지
M14B,2026-09-11 01:42:00,2026-09-11 01:43:00,2,43.7,2026-09-11 01:42:00,반송 지연 지속,미확인 경보; 대화 부재만으로 오경보 판정 금지
M14B,2026-09-11 01:47:00,2026-09-11 01:49:00,3,45.0,2026-09-11 01:47:00,반송 지연 지속,미확인 경보; 대화 부재만으로 오경보 판정 금지
M14B,2026-09-11 01:52:00,2026-09-11 01:53:00,2,41.0,2026-09-11 01:52:00,반송 지연 지속,미확인 경보; 대화 부재만으로 오경보 판정 금지
M14B,2026-09-11 02:37:00,2026-09-11 02:39:00,3,45.0,2026-09-11 02:37:00,반송 지연 지속,미확인 경보; 대화 부재만으로 오경보 판정 금지
M14B,2026-09-11 04:06:00,2026-09-11 04:29:00,24,73.0,2026-09-11 04:22:00,연결구간 지연·반입 실패,미확인 경보; 대화 부재만으로 오경보 판정 금지
M14B,2026-09-11 04:47:00,2026-09-11 04:49:00,3,47.0,2026-09-11 04:47:00,반송 지연 지속,미확인 경보; 대화 부재만으로 오경보 판정 금지
M14B,2026-09-11 04:57:00,2026-09-11 04:58:00,2,40.4,2026-09-11 04:57:00,반송 지연 지속,미확인 경보; 대화 부재만으로 오경보 판정 금지
M14B,2026-09-11 05:02:00,2026-09-11 05:04:00,3,45.0,2026-09-11 05:02:00,반송 지연 지속,미확인 경보; 대화 부재만으로 오경보 판정 금지
M14B,2026-09-11 05:12:00,2026-09-11 05:13:00,2,42.4,2026-09-11 05:12:00,반송 지연 지속,미확인 경보; 대화 부재만으로 오경보 판정 금지
M14B,2026-09-11 05:17:00,2026-09-11 05:19:00,3,45.0,2026-09-11 05:17:00,반송 지연 지속,미확인 경보; 대화 부재만으로 오경보 판정 금지
M14B,2026-09-11 16:57:00,2026-09-11 16:58:00,2,44.6,2026-09-11 16:57:00,반송 지연 지속,미확인 경보; 대화 부재만으로 오경보 판정 금지
M14B,2026-09-11 21:37:00,2026-09-11 21:39:00,3,45.3,2026-09-11 21:37:00,반송 지연 지속,미확인 경보; 대화 부재만으로 오경보 판정 금지
M14B,2026-09-11 23:13:00,2026-09-11 23:17:00,5,45.1,2026-09-11 23:15:00,연결구간 지연·반입 실패,미확인 경보; 대화 부재만으로 오경보 판정 금지
M16A,2026-08-11 09:29:00,2026-08-11 09:41:00,13,51.5,2026-08-11 09:35:00,반송 지연 지속,미확인 경보; 대화 부재만으로 오경보 판정 금지
M16A,2026-08-11 09:50:00,2026-08-11 09:51:00,2,43.2,2026-08-11 09:50:00,반송 지연 지속,미확인 경보; 대화 부재만으로 오경보 판정 금지
M16A,2026-08-11 10:27:00,2026-08-11 10:28:00,2,45.7,2026-08-11 10:27:00,회복 확인 중(하락 완화),미확인 경보; 대화 부재만으로 오경보 판정 금지
M16A,2026-08-11 14:38:00,2026-08-11 14:40:00,3,45.0,2026-08-11 14:38:00,반송 지연 지속,미확인 경보; 대화 부재만으로 오경보 판정 금지
M16A,2026-08-11 15:35:00,2026-08-11 15:38:00,4,45.0,2026-08-11 15:35:00,반송 지연 지속,미확인 경보; 대화 부재만으로 오경보 판정 금지
M16A,2026-08-11 15:50:00,2026-08-11 16:03:00,14,45.0,2026-08-11 15:50:00,반송 지연 지속,미확인 경보; 대화 부재만으로 오경보 판정 금지
M16A,2026-08-11 16:09:00,2026-08-11 16:10:00,2,44.5,2026-08-11 16:09:00,반송 지연 지속,미확인 경보; 대화 부재만으로 오경보 판정 금지
M16A,2026-08-11 16:18:00,2026-08-11 16:21:00,4,45.0,2026-08-11 16:18:00,반송 지연 지속,미확인 경보; 대화 부재만으로 오경보 판정 금지
M16A,2026-08-12 09:25:00,2026-08-12 09:28:00,4,45.0,2026-08-12 09:25:00,반송 지연 지속,미확인 경보; 대화 부재만으로 오경보 판정 금지
M16A,2026-08-12 10:39:00,2026-08-12 10:42:00,4,50.8,2026-08-12 10:39:00,반송 지연 지속,미확인 경보; 대화 부재만으로 오경보 판정 금지
M16A,2026-08-12 12:24:00,2026-08-12 12:26:00,3,45.0,2026-08-12 12:24:00,반송 지연 지속,미확인 경보; 대화 부재만으로 오경보 판정 금지
M16A,2026-08-12 17:06:00,2026-08-12 17:07:00,2,45.0,2026-08-12 17:06:00,반송 지연 지속,미확인 경보; 대화 부재만으로 오경보 판정 금지
M16A,2026-08-13 04:31:00,2026-08-13 04:33:00,3,45.0,2026-08-13 04:31:00,반송 지연 지속,미확인 경보; 대화 부재만으로 오경보 판정 금지
M16A,2026-08-13 10:37:00,2026-08-13 10:46:00,10,47.2,2026-08-13 10:37:00,반송 지연 지속,미확인 경보; 대화 부재만으로 오경보 판정 금지
M16A,2026-08-13 15:39:00,2026-08-13 15:41:00,3,45.0,2026-08-13 15:39:00,반송 지연 지속,미확인 경보; 대화 부재만으로 오경보 판정 금지
M16A,2026-08-14 09:39:00,2026-08-14 09:40:00,2,40.2,2026-08-14 09:39:00,반송 지연 지속,미확인 경보; 대화 부재만으로 오경보 판정 금지
M16A,2026-08-14 10:23:00,2026-08-14 10:24:00,2,43.0,2026-08-14 10:23:00,반송 지연 지속,미확인 경보; 대화 부재만으로 오경보 판정 금지
M16A,2026-08-14 10:44:00,2026-08-14 10:47:00,4,45.0,2026-08-14 10:44:00,반송 지연 지속,미확인 경보; 대화 부재만으로 오경보 판정 금지
M16A,2026-08-14 23:09:00,2026-08-14 23:14:00,6,50.6,2026-08-14 23:11:00,연결구간 지연·반입 실패,미확인 경보; 대화 부재만으로 오경보 판정 금지
M16A,2026-08-14 23:16:00,2026-08-14 23:30:00,15,54.0,2026-08-14 23:22:00,연결구간 지연·반입 실패,미확인 경보; 대화 부재만으로 오경보 판정 금지
M16A,2026-08-14 23:49:00,2026-08-15 00:01:00,13,55.2,2026-08-14 23:55:00,연결구간 지연·반입 실패,미확인 경보; 대화 부재만으로 오경보 판정 금지
M16A,2026-08-15 09:00:00,2026-08-15 09:07:00,8,60.8,2026-08-15 09:02:00,반송 지연 지속,미확인 경보; 대화 부재만으로 오경보 판정 금지
M16A,2026-08-16 14:23:00,2026-08-16 14:31:00,9,45.0,2026-08-16 14:23:00,반송 지연 지속,미확인 경보; 대화 부재만으로 오경보 판정 금지
M16A,2026-08-16 19:26:00,2026-08-16 19:29:00,4,45.0,2026-08-16 19:26:00,반송 지연 지속,미확인 경보; 대화 부재만으로 오경보 판정 금지
M16A,2026-08-17 19:41:00,2026-08-17 19:42:00,2,40.3,2026-08-17 19:41:00,반송 지연 지속,미확인 경보; 대화 부재만으로 오경보 판정 금지
M16A,2026-08-18 09:56:00,2026-08-18 10:01:00,6,57.3,2026-08-18 09:57:00,반송 지연 지속,미확인 경보; 대화 부재만으로 오경보 판정 금지
M16A,2026-08-18 10:18:00,2026-08-18 10:25:00,8,45.0,2026-08-18 10:18:00,반송 지연 지속,미확인 경보; 대화 부재만으로 오경보 판정 금지
M16A,2026-08-18 14:33:00,2026-08-18 14:48:00,16,45.1,2026-08-18 14:35:00,반송 지연 지속,미확인 경보; 대화 부재만으로 오경보 판정 금지
M16A,2026-08-18 15:14:00,2026-08-18 15:46:00,33,47.9,2026-08-18 15:15:00,반송 지연 지속,미확인 경보; 대화 부재만으로 오경보 판정 금지
M16A,2026-08-18 15:53:00,2026-08-18 15:55:00,3,45.0,2026-08-18 15:53:00,반송 지연 지속,미확인 경보; 대화 부재만으로 오경보 판정 금지
M16A,2026-08-18 16:01:00,2026-08-18 16:02:00,2,43.6,2026-08-18 16:01:00,반송 지연 지속,미확인 경보; 대화 부재만으로 오경보 판정 금지
M16A,2026-08-18 16:07:00,2026-08-18 16:16:00,10,45.0,2026-08-18 16:08:00,반송 지연 지속,미확인 경보; 대화 부재만으로 오경보 판정 금지
M16A,2026-08-18 16:26:00,2026-08-18 16:52:00,27,47.8,2026-08-18 16:31:00,반송 지연 지속,미확인 경보; 대화 부재만으로 오경보 판정 금지
M16A,2026-08-18 17:06:00,2026-08-18 17:44:00,39,56.8,2026-08-18 17:07:00,반송 지연 지속,미확인 경보; 대화 부재만으로 오경보 판정 금지
M16A,2026-08-19 08:17:00,2026-08-19 08:19:00,3,45.0,2026-08-19 08:17:00,반송 지연 지속,미확인 경보; 대화 부재만으로 오경보 판정 금지
M16A,2026-08-19 08:50:00,2026-08-19 08:52:00,3,45.0,2026-08-19 08:50:00,반송 지연 지속,미확인 경보; 대화 부재만으로 오경보 판정 금지
M16A,2026-08-19 09:32:00,2026-08-19 09:34:00,3,45.7,2026-08-19 09:32:00,반송 지연 지속,미확인 경보; 대화 부재만으로 오경보 판정 금지
M16A,2026-08-19 10:38:00,2026-08-19 10:40:00,3,49.2,2026-08-19 10:38:00,반송 지연 지속,미확인 경보; 대화 부재만으로 오경보 판정 금지
M16A,2026-08-19 11:21:00,2026-08-19 11:24:00,4,45.0,2026-08-19 11:21:00,반송 지연 지속,미확인 경보; 대화 부재만으로 오경보 판정 금지
M16A,2026-08-20 09:32:00,2026-08-20 09:34:00,3,45.0,2026-08-20 09:32:00,반송 지연 지속,미확인 경보; 대화 부재만으로 오경보 판정 금지
M16A,2026-08-20 10:02:00,2026-08-20 10:03:00,2,45.0,2026-08-20 10:02:00,반송 지연 지속,미확인 경보; 대화 부재만으로 오경보 판정 금지
M16A,2026-08-20 10:47:00,2026-08-20 10:49:00,3,45.0,2026-08-20 10:47:00,반송 지연 지속,미확인 경보; 대화 부재만으로 오경보 판정 금지
M16A,2026-08-20 14:19:00,2026-08-20 14:22:00,4,45.7,2026-08-20 14:19:00,반송 지연 지속,미확인 경보; 대화 부재만으로 오경보 판정 금지
M16A,2026-08-20 15:07:00,2026-08-20 15:09:00,3,45.0,2026-08-20 15:07:00,반송 지연 지속,미확인 경보; 대화 부재만으로 오경보 판정 금지
M16A,2026-08-20 15:12:00,2026-08-20 15:16:00,5,45.0,2026-08-20 15:13:00,반송 지연 지속,미확인 경보; 대화 부재만으로 오경보 판정 금지
M16A,2026-08-20 15:27:00,2026-08-20 15:34:00,8,66.6,2026-08-20 15:28:00,연결구간 지연·반입 실패,미확인 경보; 대화 부재만으로 오경보 판정 금지
M16A,2026-08-20 16:08:00,2026-08-20 16:18:00,11,45.0,2026-08-20 16:08:00,반송 지연 지속,미확인 경보; 대화 부재만으로 오경보 판정 금지
M16A,2026-08-20 16:45:00,2026-08-20 16:45:00,1,42.4,2026-08-20 16:45:00,반송 지연 지속,미확인 경보; 대화 부재만으로 오경보 판정 금지
M16A,2026-08-20 17:02:00,2026-08-20 17:07:00,6,56.7,2026-08-20 17:03:00,반송 지연 지속,미확인 경보; 대화 부재만으로 오경보 판정 금지
M16A,2026-08-20 17:51:00,2026-08-20 17:53:00,3,49.7,2026-08-20 17:51:00,반송 지연 지속,미확인 경보; 대화 부재만으로 오경보 판정 금지
M16A,2026-08-20 18:06:00,2026-08-20 18:08:00,3,43.3,2026-08-20 18:07:00,반송 지연 지속,미확인 경보; 대화 부재만으로 오경보 판정 금지
M16A,2026-08-20 18:11:00,2026-08-20 18:14:00,4,45.0,2026-08-20 18:11:00,반송 지연 지속,미확인 경보; 대화 부재만으로 오경보 판정 금지
M16A,2026-08-20 18:29:00,2026-08-20 18:36:00,8,44.6,2026-08-20 18:31:00,반송 지연 지속,미확인 경보; 대화 부재만으로 오경보 판정 금지
M16A,2026-08-21 01:26:00,2026-08-21 01:27:00,2,41.1,2026-08-21 01:26:00,반송 지연 지속,미확인 경보; 대화 부재만으로 오경보 판정 금지
M16A,2026-08-21 10:16:00,2026-08-21 10:18:00,3,45.0,2026-08-21 10:16:00,반송 지연 지속,미확인 경보; 대화 부재만으로 오경보 판정 금지
M16A,2026-08-21 10:46:00,2026-08-21 10:48:00,3,41.5,2026-08-21 10:47:00,반송 지연 지속,미확인 경보; 대화 부재만으로 오경보 판정 금지
M16A,2026-08-21 11:25:00,2026-08-21 11:31:00,7,54.3,2026-08-21 11:28:00,연결구간 지연·반입 실패,미확인 경보; 대화 부재만으로 오경보 판정 금지
M16A,2026-08-21 12:17:00,2026-08-21 12:19:00,3,46.4,2026-08-21 12:17:00,반송 지연 지속,미확인 경보; 대화 부재만으로 오경보 판정 금지
M16A,2026-08-21 13:10:00,2026-08-21 13:16:00,7,45.3,2026-08-21 13:12:00,반송 지연 지속,미확인 경보; 대화 부재만으로 오경보 판정 금지
M16A,2026-08-21 13:27:00,2026-08-21 13:29:00,3,40.7,2026-08-21 13:28:00,반송 지연 지속,미확인 경보; 대화 부재만으로 오경보 판정 금지
M16A,2026-08-21 15:53:00,2026-08-21 15:59:00,7,45.0,2026-08-21 15:53:00,반송 지연 지속,미확인 경보; 대화 부재만으로 오경보 판정 금지
M16A,2026-08-21 20:23:00,2026-08-21 20:27:00,5,59.6,2026-08-21 20:23:00,반송 지연 지속,미확인 경보; 대화 부재만으로 오경보 판정 금지
M16A,2026-08-21 20:29:00,2026-08-21 20:30:00,2,41.4,2026-08-21 20:29:00,반송 지연 지속,미확인 경보; 대화 부재만으로 오경보 판정 금지
M16A,2026-08-22 03:35:00,2026-08-22 03:36:00,2,44.5,2026-08-22 03:35:00,반송 지연 지속,미확인 경보; 대화 부재만으로 오경보 판정 금지
M16A,2026-08-22 23:29:00,2026-08-22 23:30:00,2,44.1,2026-08-22 23:29:00,반송 지연 지속,미확인 경보; 대화 부재만으로 오경보 판정 금지
M16A,2026-08-23 18:20:00,2026-08-23 18:21:00,2,42.9,2026-08-23 18:20:00,반송 지연 지속,미확인 경보; 대화 부재만으로 오경보 판정 금지
M16A,2026-08-24 09:36:00,2026-08-24 09:38:00,3,45.0,2026-08-24 09:36:00,반송 지연 지속,미확인 경보; 대화 부재만으로 오경보 판정 금지
M16A,2026-08-24 09:46:00,2026-08-24 09:48:00,3,47.8,2026-08-24 09:46:00,반송 지연 지속,미확인 경보; 대화 부재만으로 오경보 판정 금지
M16A,2026-08-24 11:24:00,2026-08-24 11:26:00,3,45.0,2026-08-24 11:24:00,반송 지연 지속,미확인 경보; 대화 부재만으로 오경보 판정 금지
M16A,2026-08-25 23:37:00,2026-08-25 23:40:00,4,45.0,2026-08-25 23:38:00,반송 지연 지속,미확인 경보; 대화 부재만으로 오경보 판정 금지
M16A,2026-08-26 00:21:00,2026-08-26 00:24:00,4,51.8,2026-08-26 00:21:00,반송 지연 지속,미확인 경보; 대화 부재만으로 오경보 판정 금지
M16A,2026-08-26 10:06:00,2026-08-26 10:57:00,52,100.0,2026-08-26 10:08:00,처리 감소와 대기 증가,미확인 경보; 대화 부재만으로 오경보 판정 금지
M16A,2026-08-26 11:24:00,2026-08-26 11:29:00,6,60.6,2026-08-26 11:24:00,반송 지연 지속,미확인 경보; 대화 부재만으로 오경보 판정 금지
M16A,2026-08-26 11:32:00,2026-08-26 11:32:00,1,40.5,2026-08-26 11:32:00,반송 지연 지속,미확인 경보; 대화 부재만으로 오경보 판정 금지
M16A,2026-08-26 11:34:00,2026-08-26 11:42:00,9,51.3,2026-08-26 11:38:00,반송 지연 지속,미확인 경보; 대화 부재만으로 오경보 판정 금지
M16A,2026-08-26 12:17:00,2026-08-26 12:20:00,4,45.4,2026-08-26 12:18:00,반송 지연 지속,미확인 경보; 대화 부재만으로 오경보 판정 금지
M16A,2026-08-26 12:28:00,2026-08-26 12:37:00,10,45.0,2026-08-26 12:31:00,반송 지연 지속,미확인 경보; 대화 부재만으로 오경보 판정 금지
M16A,2026-08-26 13:31:00,2026-08-26 13:32:00,2,41.6,2026-08-26 13:31:00,반송 지연 지속,미확인 경보; 대화 부재만으로 오경보 판정 금지
M16A,2026-08-26 15:39:00,2026-08-26 15:42:00,4,45.2,2026-08-26 15:40:00,반송 지연 지속,미확인 경보; 대화 부재만으로 오경보 판정 금지
M16A,2026-08-26 15:55:00,2026-08-26 15:58:00,4,52.8,2026-08-26 15:55:00,반송 지연 지속,미확인 경보; 대화 부재만으로 오경보 판정 금지
M16A,2026-08-26 16:01:00,2026-08-26 16:03:00,3,41.0,2026-08-26 16:01:00,반송 지연 지속,미확인 경보; 대화 부재만으로 오경보 판정 금지
M16A,2026-08-26 17:24:00,2026-08-26 17:30:00,7,55.9,2026-08-26 17:26:00,반송 지연 지속,미확인 경보; 대화 부재만으로 오경보 판정 금지
M16A,2026-08-26 17:49:00,2026-08-26 17:58:00,10,57.2,2026-08-26 17:49:00,반송 지연 지속,미확인 경보; 대화 부재만으로 오경보 판정 금지
M16A,2026-08-26 18:01:00,2026-08-26 18:02:00,2,43.2,2026-08-26 18:01:00,반송 지연 지속,미확인 경보; 대화 부재만으로 오경보 판정 금지
M16A,2026-08-26 18:06:00,2026-08-26 18:15:00,10,52.8,2026-08-26 18:06:00,반송 지연 지속,미확인 경보; 대화 부재만으로 오경보 판정 금지
M16A,2026-08-26 18:34:00,2026-08-26 18:40:00,7,50.1,2026-08-26 18:35:00,반송 지연 지속,미확인 경보; 대화 부재만으로 오경보 판정 금지
M16A,2026-08-26 18:51:00,2026-08-26 18:53:00,3,44.8,2026-08-26 18:52:00,반송 지연 지속,미확인 경보; 대화 부재만으로 오경보 판정 금지
M16A,2026-08-26 19:01:00,2026-08-26 19:19:00,19,51.1,2026-08-26 19:01:00,반송 지연 지속,미확인 경보; 대화 부재만으로 오경보 판정 금지
M16A,2026-08-26 19:26:00,2026-08-26 19:27:00,2,41.0,2026-08-26 19:26:00,반송 지연 지속,미확인 경보; 대화 부재만으로 오경보 판정 금지
M16A,2026-08-26 20:51:00,2026-08-26 20:55:00,5,45.0,2026-08-26 20:51:00,반송 지연 지속,미확인 경보; 대화 부재만으로 오경보 판정 금지
M16A,2026-08-26 21:31:00,2026-08-26 21:32:00,2,45.0,2026-08-26 21:31:00,반송 지연 지속,미확인 경보; 대화 부재만으로 오경보 판정 금지
M16A,2026-08-26 21:50:00,2026-08-26 21:59:00,10,45.0,2026-08-26 21:50:00,반송 지연 지속,미확인 경보; 대화 부재만으로 오경보 판정 금지
M16A,2026-08-27 00:48:00,2026-08-27 00:53:00,6,45.0,2026-08-27 00:48:00,반송 지연 지속,미확인 경보; 대화 부재만으로 오경보 판정 금지
M16A,2026-08-27 02:20:00,2026-08-27 02:21:00,2,44.5,2026-08-27 02:20:00,반송 지연 지속,미확인 경보; 대화 부재만으로 오경보 판정 금지
M16A,2026-08-27 03:24:00,2026-08-27 03:30:00,7,45.0,2026-08-27 03:26:00,반송 지연 지속,미확인 경보; 대화 부재만으로 오경보 판정 금지
M16A,2026-08-27 08:05:00,2026-08-27 08:17:00,13,61.9,2026-08-27 08:07:00,반송 지연 지속,미확인 경보; 대화 부재만으로 오경보 판정 금지
M16A,2026-08-27 09:00:00,2026-08-27 09:13:00,14,52.9,2026-08-27 09:02:00,반송 지연 지속,미확인 경보; 대화 부재만으로 오경보 판정 금지
M16A,2026-08-27 09:21:00,2026-08-27 09:33:00,13,47.8,2026-08-27 09:30:00,반송 지연 지속,미확인 경보; 대화 부재만으로 오경보 판정 금지
M16A,2026-08-27 10:05:00,2026-08-27 10:05:00,1,45.0,2026-08-27 10:05:00,반송 지연 지속,미확인 경보; 대화 부재만으로 오경보 판정 금지
M16A,2026-08-27 10:08:00,2026-08-27 10:15:00,8,45.0,2026-08-27 10:08:00,반송 지연 지속,미확인 경보; 대화 부재만으로 오경보 판정 금지
M16A,2026-08-27 10:26:00,2026-08-27 10:59:00,34,48.9,2026-08-27 10:30:00,반송 지연 지속,미확인 경보; 대화 부재만으로 오경보 판정 금지
M16A,2026-08-27 11:03:00,2026-08-27 11:09:00,7,45.0,2026-08-27 11:03:00,반송 지연 지속,미확인 경보; 대화 부재만으로 오경보 판정 금지
M16A,2026-08-27 11:15:00,2026-08-27 11:54:00,40,48.4,2026-08-27 11:28:00,반송 지연 지속,미확인 경보; 대화 부재만으로 오경보 판정 금지
M16A,2026-08-27 12:01:00,2026-08-27 12:35:00,35,48.3,2026-08-27 12:17:00,반송 지연 지속,미확인 경보; 대화 부재만으로 오경보 판정 금지
M16A,2026-08-27 12:46:00,2026-08-27 12:59:00,14,50.5,2026-08-27 12:52:00,반송 지연 지속,미확인 경보; 대화 부재만으로 오경보 판정 금지
M16A,2026-08-27 13:02:00,2026-08-27 13:12:00,11,45.0,2026-08-27 13:03:00,반송 지연 지속,미확인 경보; 대화 부재만으로 오경보 판정 금지
M16A,2026-08-27 13:19:00,2026-08-27 13:29:00,11,45.0,2026-08-27 13:19:00,반송 지연 지속,미확인 경보; 대화 부재만으로 오경보 판정 금지
M16A,2026-08-27 13:31:00,2026-08-27 13:34:00,4,45.0,2026-08-27 13:31:00,반송 지연 지속,미확인 경보; 대화 부재만으로 오경보 판정 금지
M16A,2026-08-27 13:39:00,2026-08-27 13:41:00,3,45.0,2026-08-27 13:39:00,반송 지연 지속,미확인 경보; 대화 부재만으로 오경보 판정 금지
M16A,2026-08-27 13:44:00,2026-08-27 13:48:00,5,45.0,2026-08-27 13:46:00,반송 지연 지속,미확인 경보; 대화 부재만으로 오경보 판정 금지
M16A,2026-08-27 13:52:00,2026-08-27 13:53:00,2,41.5,2026-08-27 13:52:00,반송 지연 지속,미확인 경보; 대화 부재만으로 오경보 판정 금지
M16A,2026-08-27 14:33:00,2026-08-27 14:47:00,15,46.2,2026-08-27 14:45:00,반송 지연 지속,미확인 경보; 대화 부재만으로 오경보 판정 금지
M16A,2026-08-27 14:55:00,2026-08-27 14:58:00,4,45.0,2026-08-27 14:55:00,반송 지연 지속,미확인 경보; 대화 부재만으로 오경보 판정 금지
M16A,2026-08-27 15:24:00,2026-08-27 15:31:00,8,58.2,2026-08-27 15:24:00,반송 지연 지속,미확인 경보; 대화 부재만으로 오경보 판정 금지
M16A,2026-08-27 15:49:00,2026-08-27 15:56:00,8,45.0,2026-08-27 15:49:00,반송 지연 지속,미확인 경보; 대화 부재만으로 오경보 판정 금지
M16A,2026-08-27 17:21:00,2026-08-27 17:22:00,2,40.2,2026-08-27 17:21:00,반송 지연 지속,미확인 경보; 대화 부재만으로 오경보 판정 금지
M16A,2026-08-27 19:13:00,2026-08-27 19:13:00,1,40.1,2026-08-27 19:13:00,반송 지연 지속,미확인 경보; 대화 부재만으로 오경보 판정 금지
M16A,2026-08-27 19:28:00,2026-08-27 19:30:00,3,45.0,2026-08-27 19:28:00,반송 지연 지속,미확인 경보; 대화 부재만으로 오경보 판정 금지
M16A,2026-08-27 19:34:00,2026-08-27 19:37:00,4,46.3,2026-08-27 19:35:00,반송 지연 지속,미확인 경보; 대화 부재만으로 오경보 판정 금지
M16A,2026-08-27 19:41:00,2026-08-27 19:45:00,5,45.0,2026-08-27 19:42:00,반송 지연 지속,미확인 경보; 대화 부재만으로 오경보 판정 금지
M16A,2026-08-28 09:25:00,2026-08-28 09:27:00,3,48.6,2026-08-28 09:25:00,반송 지연 지속,미확인 경보; 대화 부재만으로 오경보 판정 금지
M16A,2026-08-28 10:28:00,2026-08-28 10:31:00,4,50.3,2026-08-28 10:28:00,반송 지연 지속,미확인 경보; 대화 부재만으로 오경보 판정 금지
M16A,2026-08-28 11:12:00,2026-08-28 11:14:00,3,44.5,2026-08-28 11:12:00,반송 지연 지속,미확인 경보; 대화 부재만으로 오경보 판정 금지
M16A,2026-08-28 12:18:00,2026-08-28 12:27:00,10,56.7,2026-08-28 12:18:00,반송 지연 지속,미확인 경보; 대화 부재만으로 오경보 판정 금지
M16A,2026-08-28 13:25:00,2026-08-28 13:27:00,3,41.1,2026-08-28 13:26:00,반송 지연 지속,미확인 경보; 대화 부재만으로 오경보 판정 금지
M16A,2026-08-31 11:14:00,2026-08-31 11:16:00,3,45.0,2026-08-31 11:14:00,반송 지연 지속,미확인 경보; 대화 부재만으로 오경보 판정 금지
M16A,2026-09-01 11:03:00,2026-09-01 11:05:00,3,45.0,2026-09-01 11:03:00,반송 지연 지속,미확인 경보; 대화 부재만으로 오경보 판정 금지
M16A,2026-09-01 15:44:00,2026-09-01 15:46:00,3,45.0,2026-09-01 15:44:00,반송 지연 지속,미확인 경보; 대화 부재만으로 오경보 판정 금지
M16A,2026-09-01 16:17:00,2026-09-01 16:19:00,3,45.0,2026-09-01 16:17:00,반송 지연 지속,미확인 경보; 대화 부재만으로 오경보 판정 금지
M16A,2026-09-02 10:28:00,2026-09-02 10:36:00,9,45.0,2026-09-02 10:28:00,반송 지연 지속,미확인 경보; 대화 부재만으로 오경보 판정 금지
M16A,2026-09-02 10:41:00,2026-09-02 10:42:00,2,40.4,2026-09-02 10:41:00,반송 지연 지속,미확인 경보; 대화 부재만으로 오경보 판정 금지
M16A,2026-09-02 11:28:00,2026-09-02 11:30:00,3,45.0,2026-09-02 11:28:00,반송 지연 지속,미확인 경보; 대화 부재만으로 오경보 판정 금지
M16A,2026-09-02 15:08:00,2026-09-02 15:11:00,4,45.0,2026-09-02 15:09:00,반송 지연 지속,미확인 경보; 대화 부재만으로 오경보 판정 금지
M16A,2026-09-02 15:49:00,2026-09-02 15:55:00,7,45.0,2026-09-02 15:49:00,반송 지연 지속,미확인 경보; 대화 부재만으로 오경보 판정 금지
M16A,2026-09-02 16:40:00,2026-09-02 16:42:00,3,46.7,2026-09-02 16:40:00,반송 지연 지속,미확인 경보; 대화 부재만으로 오경보 판정 금지
M16A,2026-09-05 13:46:00,2026-09-05 13:49:00,4,48.1,2026-09-05 13:47:00,반송 지연 지속,미확인 경보; 대화 부재만으로 오경보 판정 금지
M16A,2026-09-06 15:20:00,2026-09-06 15:24:00,5,56.5,2026-09-06 15:20:00,반송 지연 지속,미확인 경보; 대화 부재만으로 오경보 판정 금지
M16A,2026-09-07 02:05:00,2026-09-07 02:14:00,10,46.0,2026-09-07 02:09:00,연결구간 지연·반입 실패,미확인 경보; 대화 부재만으로 오경보 판정 금지
M16A,2026-09-07 02:24:00,2026-09-07 02:41:00,18,57.0,2026-09-07 02:35:00,연결구간 지연·반입 실패,미확인 경보; 대화 부재만으로 오경보 판정 금지
M16A,2026-09-07 10:33:00,2026-09-07 10:35:00,3,41.2,2026-09-07 10:34:00,연결구간 지연·반입 실패,미확인 경보; 대화 부재만으로 오경보 판정 금지
M16A,2026-09-07 10:37:00,2026-09-07 10:49:00,13,55.4,2026-09-07 10:40:00,반송 지연 지속,미확인 경보; 대화 부재만으로 오경보 판정 금지
M16A,2026-09-07 10:53:00,2026-09-07 10:53:00,1,41.0,2026-09-07 10:53:00,연결구간 지연·반입 실패,미확인 경보; 대화 부재만으로 오경보 판정 금지
M16A,2026-09-07 11:01:00,2026-09-07 11:08:00,8,51.4,2026-09-07 11:05:00,연결구간 지연·반입 실패,미확인 경보; 대화 부재만으로 오경보 판정 금지
M16A,2026-09-07 14:14:00,2026-09-07 14:16:00,3,49.6,2026-09-07 14:15:00,반송 지연 지속,미확인 경보; 대화 부재만으로 오경보 판정 금지
M16A,2026-09-07 23:51:00,2026-09-07 23:51:00,1,40.7,2026-09-07 23:51:00,반송 지연 지속,미확인 경보; 대화 부재만으로 오경보 판정 금지
M16A,2026-09-07 23:53:00,2026-09-07 23:59:00,7,48.4,2026-09-07 23:57:00,반송 지연 지속,미확인 경보; 대화 부재만으로 오경보 판정 금지
M16A,2026-09-08 00:04:00,2026-09-08 00:07:00,4,45.0,2026-09-08 00:04:00,반송 지연 지속,미확인 경보; 대화 부재만으로 오경보 판정 금지
M16A,2026-09-08 09:37:00,2026-09-08 09:39:00,3,53.9,2026-09-08 09:37:00,반송 지연 지속,미확인 경보; 대화 부재만으로 오경보 판정 금지
M16A,2026-09-08 09:41:00,2026-09-08 09:42:00,2,49.2,2026-09-08 09:41:00,회복 확인 중(하락 완화),미확인 경보; 대화 부재만으로 오경보 판정 금지
M16A,2026-09-08 16:46:00,2026-09-08 16:47:00,2,41.6,2026-09-08 16:46:00,반송 지연 지속,미확인 경보; 대화 부재만으로 오경보 판정 금지
M16A,2026-09-08 16:50:00,2026-09-08 16:51:00,2,41.7,2026-09-08 16:50:00,반송 지연 지속,미확인 경보; 대화 부재만으로 오경보 판정 금지
M16A,2026-09-09 00:41:00,2026-09-09 00:43:00,3,48.8,2026-09-09 00:41:00,반송 지연 지속,미확인 경보; 대화 부재만으로 오경보 판정 금지
M16A,2026-09-09 09:42:00,2026-09-09 09:45:00,4,57.4,2026-09-09 09:42:00,반송 지연 지속,미확인 경보; 대화 부재만으로 오경보 판정 금지
M16A,2026-09-09 09:48:00,2026-09-09 09:50:00,3,41.0,2026-09-09 09:48:00,반송 지연 지속,미확인 경보; 대화 부재만으로 오경보 판정 금지
M16A,2026-09-09 09:53:00,2026-09-09 09:56:00,4,50.6,2026-09-09 09:53:00,반송 지연 지속,미확인 경보; 대화 부재만으로 오경보 판정 금지
M16A,2026-09-09 10:11:00,2026-09-09 10:13:00,3,52.4,2026-09-09 10:11:00,반송 지연 지속,미확인 경보; 대화 부재만으로 오경보 판정 금지
M16A,2026-09-09 10:23:00,2026-09-09 10:24:00,2,44.8,2026-09-09 10:23:00,반송 지연 지속,미확인 경보; 대화 부재만으로 오경보 판정 금지
M16A,2026-09-09 14:41:00,2026-09-09 14:42:00,2,41.8,2026-09-09 14:41:00,반송 지연 지속,미확인 경보; 대화 부재만으로 오경보 판정 금지
M16A,2026-09-09 15:03:00,2026-09-09 15:07:00,5,45.0,2026-09-09 15:03:00,반송 지연 지속,미확인 경보; 대화 부재만으로 오경보 판정 금지
M16A,2026-09-09 15:14:00,2026-09-09 15:16:00,3,45.0,2026-09-09 15:14:00,반송 지연 지속,미확인 경보; 대화 부재만으로 오경보 판정 금지
M16A,2026-09-09 15:18:00,2026-09-09 15:36:00,19,50.9,2026-09-09 15:18:00,반송 지연 지속,미확인 경보; 대화 부재만으로 오경보 판정 금지
M16A,2026-09-09 16:23:00,2026-09-09 16:40:00,18,59.0,2026-09-09 16:26:00,반송 지연 지속,미확인 경보; 대화 부재만으로 오경보 판정 금지
M16A,2026-09-09 16:42:00,2026-09-09 16:42:00,1,41.6,2026-09-09 16:42:00,반송 지연 지속,미확인 경보; 대화 부재만으로 오경보 판정 금지
M16A,2026-09-09 16:47:00,2026-09-09 16:55:00,9,45.0,2026-09-09 16:47:00,반송 지연 지속,미확인 경보; 대화 부재만으로 오경보 판정 금지
M16A,2026-09-09 19:33:00,2026-09-09 19:40:00,8,48.2,2026-09-09 19:35:00,연결구간 지연·반입 실패,미확인 경보; 대화 부재만으로 오경보 판정 금지
M16A,2026-09-09 20:40:00,2026-09-09 20:43:00,4,47.5,2026-09-09 20:40:00,반송 지연 지속,미확인 경보; 대화 부재만으로 오경보 판정 금지
M16A,2026-09-09 21:00:00,2026-09-09 21:07:00,8,57.2,2026-09-09 21:02:00,반송 지연 지속,미확인 경보; 대화 부재만으로 오경보 판정 금지
M16A,2026-09-09 21:17:00,2026-09-09 21:19:00,3,47.9,2026-09-09 21:17:00,연결구간 지연·반입 실패,미확인 경보; 대화 부재만으로 오경보 판정 금지
M16A,2026-09-09 21:26:00,2026-09-09 21:28:00,3,46.9,2026-09-09 21:26:00,반송 지연 지속,미확인 경보; 대화 부재만으로 오경보 판정 금지
M16A,2026-09-09 21:41:00,2026-09-09 21:43:00,3,44.4,2026-09-09 21:42:00,연결구간 지연·반입 실패,미확인 경보; 대화 부재만으로 오경보 판정 금지
M16A,2026-09-09 21:50:00,2026-09-09 22:22:00,33,61.7,2026-09-09 22:00:00,연결구간 지연·반입 실패,미확인 경보; 대화 부재만으로 오경보 판정 금지
M16A,2026-09-09 22:26:00,2026-09-09 22:39:00,14,57.8,2026-09-09 22:35:00,연결구간 지연·반입 실패,미확인 경보; 대화 부재만으로 오경보 판정 금지
M16A,2026-09-10 01:22:00,2026-09-10 01:23:00,2,40.7,2026-09-10 01:22:00,반송 지연 지속,미확인 경보; 대화 부재만으로 오경보 판정 금지
M16A,2026-09-10 01:26:00,2026-09-10 01:29:00,4,45.0,2026-09-10 01:26:00,반송 지연 지속,미확인 경보; 대화 부재만으로 오경보 판정 금지
M16A,2026-09-10 07:40:00,2026-09-10 07:48:00,9,54.2,2026-09-10 07:44:00,연결구간 지연·반입 실패,미확인 경보; 대화 부재만으로 오경보 판정 금지
M16A,2026-09-10 11:02:00,2026-09-10 11:03:00,2,40.8,2026-09-10 11:02:00,반송 지연 지속,미확인 경보; 대화 부재만으로 오경보 판정 금지
M16A,2026-09-10 17:22:00,2026-09-10 17:26:00,5,45.0,2026-09-10 17:24:00,반송 지연 지속,미확인 경보; 대화 부재만으로 오경보 판정 금지
M16A,2026-09-10 21:08:00,2026-09-10 21:16:00,9,46.1,2026-09-10 21:11:00,반송 지연 지속,미확인 경보; 대화 부재만으로 오경보 판정 금지
M16A,2026-09-11 00:24:00,2026-09-11 00:26:00,3,45.0,2026-09-11 00:24:00,반송 지연 지속,미확인 경보; 대화 부재만으로 오경보 판정 금지
M16A,2026-09-11 15:19:00,2026-09-11 15:22:00,4,42.4,2026-09-11 15:19:00,반송 지연 지속,미확인 경보; 대화 부재만으로 오경보 판정 금지
M16A,2026-09-11 19:50:00,2026-09-11 19:52:00,3,41.0,2026-09-11 19:51:00,연결구간 지연·반입 실패,미확인 경보; 대화 부재만으로 오경보 판정 금지
M16B,2026-08-11 00:25:00,2026-08-11 00:53:00,29,52.8,2026-08-11 00:30:00,반송 지연 지속,미확인 경보; 대화 부재만으로 오경보 판정 금지
M16B,2026-08-11 02:24:00,2026-08-11 02:43:00,20,57.2,2026-08-11 02:26:00,미완료 물량 누적,미확인 경보; 대화 부재만으로 오경보 판정 금지
M16B,2026-08-11 02:49:00,2026-08-11 02:50:00,2,42.0,2026-08-11 02:49:00,반송 지연 지속,미확인 경보; 대화 부재만으로 오경보 판정 금지
M16B,2026-08-11 03:08:00,2026-08-11 03:33:00,26,56.1,2026-08-11 03:10:00,반송 지연 지속,미확인 경보; 대화 부재만으로 오경보 판정 금지
M16B,2026-08-11 03:35:00,2026-08-11 03:39:00,5,51.5,2026-08-11 03:36:00,반송 지연 지속,미확인 경보; 대화 부재만으로 오경보 판정 금지
M16B,2026-08-11 03:48:00,2026-08-11 03:50:00,3,45.0,2026-08-11 03:48:00,반송 지연 지속,미확인 경보; 대화 부재만으로 오경보 판정 금지
M16B,2026-08-11 08:06:00,2026-08-11 09:36:00,91,58.1,2026-08-11 08:33:00,반송 지연 지속,미확인 경보; 대화 부재만으로 오경보 판정 금지
M16B,2026-08-11 09:40:00,2026-08-11 09:41:00,2,49.0,2026-08-11 09:40:00,반송 지연 지속,미확인 경보; 대화 부재만으로 오경보 판정 금지
M16B,2026-08-11 09:47:00,2026-08-11 09:51:00,5,46.4,2026-08-11 09:50:00,반송 지연 지속,미확인 경보; 대화 부재만으로 오경보 판정 금지
M16B,2026-08-11 09:54:00,2026-08-11 09:54:00,1,40.2,2026-08-11 09:54:00,회복 확인 중(하락 완화),미확인 경보; 대화 부재만으로 오경보 판정 금지
M16B,2026-08-11 10:02:00,2026-08-11 10:04:00,3,42.9,2026-08-11 10:02:00,반송 지연 지속,미확인 경보; 대화 부재만으로 오경보 판정 금지
M16B,2026-08-11 10:10:00,2026-08-11 10:13:00,4,47.5,2026-08-11 10:10:00,반송 지연 지속,미확인 경보; 대화 부재만으로 오경보 판정 금지
M16B,2026-08-11 15:33:00,2026-08-11 16:11:00,39,54.6,2026-08-11 15:36:00,반송 지연 지속,미확인 경보; 대화 부재만으로 오경보 판정 금지
M16B,2026-08-11 16:44:00,2026-08-11 16:59:00,16,54.7,2026-08-11 16:45:00,반송 지연 지속,미확인 경보; 대화 부재만으로 오경보 판정 금지
M16B,2026-08-11 17:14:00,2026-08-11 17:35:00,22,54.7,2026-08-11 17:24:00,반송 지연 지속,미확인 경보; 대화 부재만으로 오경보 판정 금지
M16B,2026-08-11 17:42:00,2026-08-11 17:57:00,16,52.8,2026-08-11 17:45:00,반송 지연 지속,미확인 경보; 대화 부재만으로 오경보 판정 금지
M16B,2026-08-11 18:18:00,2026-08-11 18:25:00,8,48.4,2026-08-11 18:23:00,반송 지연 지속,미확인 경보; 대화 부재만으로 오경보 판정 금지
M16B,2026-08-11 18:28:00,2026-08-11 18:31:00,4,46.2,2026-08-11 18:29:00,반송 지연 지속,미확인 경보; 대화 부재만으로 오경보 판정 금지
M16B,2026-08-12 01:11:00,2026-08-12 01:28:00,18,52.5,2026-08-12 01:12:00,반송 지연 지속,미확인 경보; 대화 부재만으로 오경보 판정 금지
M16B,2026-08-12 01:34:00,2026-08-12 01:37:00,4,49.0,2026-08-12 01:34:00,반송 지연 지속,미확인 경보; 대화 부재만으로 오경보 판정 금지
M16B,2026-08-12 02:05:00,2026-08-12 02:14:00,10,48.8,2026-08-12 02:06:00,반송 지연 지속,미확인 경보; 대화 부재만으로 오경보 판정 금지
M16B,2026-08-12 02:22:00,2026-08-12 02:25:00,4,45.5,2026-08-12 02:23:00,반송 지연 지속,미확인 경보; 대화 부재만으로 오경보 판정 금지
M16B,2026-08-12 02:28:00,2026-08-12 02:29:00,2,40.5,2026-08-12 02:28:00,반송 지연 지속,미확인 경보; 대화 부재만으로 오경보 판정 금지
M16B,2026-08-12 04:22:00,2026-08-12 04:23:00,2,44.4,2026-08-12 04:22:00,반송 지연 지속,미확인 경보; 대화 부재만으로 오경보 판정 금지
M16B,2026-08-12 08:22:00,2026-08-12 08:45:00,24,57.2,2026-08-12 08:25:00,반송 지연 지속,미확인 경보; 대화 부재만으로 오경보 판정 금지
M16B,2026-08-12 08:48:00,2026-08-12 08:51:00,4,42.0,2026-08-12 08:49:00,미완료 물량 누적,미확인 경보; 대화 부재만으로 오경보 판정 금지
M16B,2026-08-12 08:53:00,2026-08-12 08:53:00,1,40.0,2026-08-12 08:53:00,미완료 물량 누적,미확인 경보; 대화 부재만으로 오경보 판정 금지
M16B,2026-08-12 09:12:00,2026-08-12 09:16:00,5,51.8,2026-08-12 09:13:00,반송 지연 지속,미확인 경보; 대화 부재만으로 오경보 판정 금지
M16B,2026-08-12 09:21:00,2026-08-12 09:24:00,4,46.2,2026-08-12 09:23:00,반송 지연 지속,미확인 경보; 대화 부재만으로 오경보 판정 금지
M16B,2026-08-12 09:28:00,2026-08-12 09:43:00,16,50.7,2026-08-12 09:33:00,반송 지연 지속,미확인 경보; 대화 부재만으로 오경보 판정 금지
M16B,2026-08-12 09:48:00,2026-08-12 10:11:00,24,53.1,2026-08-12 09:50:00,반송 지연 지속,미확인 경보; 대화 부재만으로 오경보 판정 금지
M16B,2026-08-12 12:09:00,2026-08-12 12:26:00,18,52.8,2026-08-12 12:15:00,반송 지연 지속,미확인 경보; 대화 부재만으로 오경보 판정 금지
M16B,2026-08-12 12:37:00,2026-08-12 12:40:00,4,47.5,2026-08-12 12:37:00,반송 지연 지속,미확인 경보; 대화 부재만으로 오경보 판정 금지
M16B,2026-08-12 12:51:00,2026-08-12 13:30:00,40,53.2,2026-08-12 13:02:00,반송 지연 지속,미확인 경보; 대화 부재만으로 오경보 판정 금지
M16B,2026-08-12 15:06:00,2026-08-12 15:09:00,4,46.1,2026-08-12 15:08:00,반송 지연 지속,미확인 경보; 대화 부재만으로 오경보 판정 금지
M16B,2026-08-12 15:13:00,2026-08-12 15:14:00,2,41.3,2026-08-12 15:13:00,반송 지연 지속,미확인 경보; 대화 부재만으로 오경보 판정 금지
M16B,2026-08-12 16:21:00,2026-08-12 17:04:00,44,54.4,2026-08-12 16:34:00,반송 지연 지속,미확인 경보; 대화 부재만으로 오경보 판정 금지
M16B,2026-08-12 20:27:00,2026-08-12 20:32:00,6,52.9,2026-08-12 20:27:00,반송 지연 지속,미확인 경보; 대화 부재만으로 오경보 판정 금지
M16B,2026-08-12 23:08:00,2026-08-12 23:14:00,7,45.4,2026-08-12 23:08:00,반송 지연 지속,미확인 경보; 대화 부재만으로 오경보 판정 금지
M16B,2026-08-12 23:17:00,2026-08-12 23:20:00,4,46.2,2026-08-12 23:17:00,반송 지연 지속,미확인 경보; 대화 부재만으로 오경보 판정 금지
M16B,2026-08-13 10:10:00,2026-08-13 10:13:00,4,42.6,2026-08-13 10:12:00,미완료 물량 누적,미확인 경보; 대화 부재만으로 오경보 판정 금지
M16B,2026-08-13 10:27:00,2026-08-13 10:30:00,4,50.9,2026-08-13 10:27:00,반송 지연 지속,미확인 경보; 대화 부재만으로 오경보 판정 금지
M16B,2026-08-13 10:37:00,2026-08-13 10:45:00,9,52.3,2026-08-13 10:38:00,반송 지연 지속,미확인 경보; 대화 부재만으로 오경보 판정 금지
M16B,2026-08-13 11:15:00,2026-08-13 11:40:00,26,54.5,2026-08-13 11:17:00,반송 지연 지속,미확인 경보; 대화 부재만으로 오경보 판정 금지
M16B,2026-08-13 11:45:00,2026-08-13 11:49:00,5,52.7,2026-08-13 11:46:00,반송 지연 지속,미확인 경보; 대화 부재만으로 오경보 판정 금지
M16B,2026-08-13 12:06:00,2026-08-13 12:10:00,5,52.9,2026-08-13 12:07:00,반송 지연 지속,미확인 경보; 대화 부재만으로 오경보 판정 금지
M16B,2026-08-13 14:31:00,2026-08-13 14:31:00,1,44.3,2026-08-13 14:31:00,반송 지연 지속,미확인 경보; 대화 부재만으로 오경보 판정 금지
M16B,2026-08-14 16:38:00,2026-08-14 16:40:00,3,45.0,2026-08-14 16:38:00,반송 지연 지속,미확인 경보; 대화 부재만으로 오경보 판정 금지
M16B,2026-08-15 01:01:00,2026-08-15 01:24:00,24,52.8,2026-08-15 01:10:00,반송 지연 지속,미확인 경보; 대화 부재만으로 오경보 판정 금지
M16B,2026-08-15 01:33:00,2026-08-15 01:33:00,1,40.8,2026-08-15 01:33:00,반송 지연 지속,미확인 경보; 대화 부재만으로 오경보 판정 금지
M16B,2026-08-15 03:06:00,2026-08-15 03:09:00,4,45.0,2026-08-15 03:06:00,반송 지연 지속,미확인 경보; 대화 부재만으로 오경보 판정 금지
M16B,2026-08-15 07:52:00,2026-08-15 07:57:00,6,55.1,2026-08-15 07:53:00,반송 지연 지속,미확인 경보; 대화 부재만으로 오경보 판정 금지
M16B,2026-08-15 08:05:00,2026-08-15 08:54:00,50,57.9,2026-08-15 08:11:00,반송 지연 지속,미확인 경보; 대화 부재만으로 오경보 판정 금지
M16B,2026-08-15 08:57:00,2026-08-15 08:58:00,2,40.0,2026-08-15 08:57:00,반송 지연 지속,미확인 경보; 대화 부재만으로 오경보 판정 금지
M16B,2026-08-15 09:18:00,2026-08-15 09:19:00,2,40.8,2026-08-15 09:18:00,미완료 물량 누적,미확인 경보; 대화 부재만으로 오경보 판정 금지
M16B,2026-08-15 09:26:00,2026-08-15 09:32:00,7,49.8,2026-08-15 09:29:00,반송 지연 지속,미확인 경보; 대화 부재만으로 오경보 판정 금지
M16B,2026-08-15 10:09:00,2026-08-15 10:09:00,1,40.0,2026-08-15 10:09:00,미완료 물량 누적,미확인 경보; 대화 부재만으로 오경보 판정 금지
M16B,2026-08-16 21:16:00,2026-08-16 22:00:00,45,53.1,2026-08-16 21:21:00,반송 지연 지속,미확인 경보; 대화 부재만으로 오경보 판정 금지
M16B,2026-08-18 00:47:00,2026-08-18 00:47:00,1,41.3,2026-08-18 00:47:00,반송 지연 지속,미확인 경보; 대화 부재만으로 오경보 판정 금지
M16B,2026-08-18 09:36:00,2026-08-18 10:24:00,49,54.0,2026-08-18 10:22:00,반송 지연 지속,미확인 경보; 대화 부재만으로 오경보 판정 금지
M16B,2026-08-18 10:33:00,2026-08-18 10:42:00,10,46.7,2026-08-18 10:35:00,반송 지연 지속,미확인 경보; 대화 부재만으로 오경보 판정 금지
M16B,2026-08-18 10:47:00,2026-08-18 10:49:00,3,45.2,2026-08-18 10:47:00,반송 지연 지속,미확인 경보; 대화 부재만으로 오경보 판정 금지
M16B,2026-08-18 10:58:00,2026-08-18 10:59:00,2,45.4,2026-08-18 10:58:00,반송 지연 지속,미확인 경보; 대화 부재만으로 오경보 판정 금지
M16B,2026-08-18 11:03:00,2026-08-18 11:04:00,2,41.3,2026-08-18 11:03:00,반송 지연 지속,미확인 경보; 대화 부재만으로 오경보 판정 금지
M16B,2026-08-18 11:08:00,2026-08-18 11:09:00,2,40.1,2026-08-18 11:08:00,반송 지연 지속,미확인 경보; 대화 부재만으로 오경보 판정 금지
M16B,2026-08-18 14:48:00,2026-08-18 14:50:00,3,45.0,2026-08-18 14:48:00,반송 지연 지속,미확인 경보; 대화 부재만으로 오경보 판정 금지
M16B,2026-08-19 16:09:00,2026-08-19 16:09:00,1,41.5,2026-08-19 16:09:00,반송 지연 지속,미확인 경보; 대화 부재만으로 오경보 판정 금지
M16B,2026-08-19 16:11:00,2026-08-19 16:15:00,5,45.0,2026-08-19 16:13:00,반송 지연 지속,미확인 경보; 대화 부재만으로 오경보 판정 금지
M16B,2026-08-26 10:14:00,2026-08-26 10:28:00,15,80.7,2026-08-26 10:16:00,연결구간 지연·반입 실패,미확인 경보; 대화 부재만으로 오경보 판정 금지
M16B,2026-08-31 14:18:00,2026-08-31 14:20:00,3,40.0,2026-08-31 14:18:00,미완료 물량 누적,미확인 경보; 대화 부재만으로 오경보 판정 금지
M16B,2026-08-31 14:33:00,2026-08-31 14:34:00,2,41.0,2026-08-31 14:33:00,반송 지연 지속,미확인 경보; 대화 부재만으로 오경보 판정 금지
M16B,2026-09-01 04:56:00,2026-09-01 04:58:00,3,47.7,2026-09-01 04:56:00,반송 지연 지속,미확인 경보; 대화 부재만으로 오경보 판정 금지
M16B,2026-09-02 08:22:00,2026-09-02 08:25:00,4,45.0,2026-09-02 08:22:00,반송 지연 지속,미확인 경보; 대화 부재만으로 오경보 판정 금지
M16B,2026-09-02 10:06:00,2026-09-02 10:27:00,22,100.0,2026-09-02 10:09:00,처리 감소와 대기 증가,미확인 경보; 대화 부재만으로 오경보 판정 금지
M16B,2026-09-02 10:53:00,2026-09-02 10:55:00,3,45.0,2026-09-02 10:53:00,반송 지연 지속,미확인 경보; 대화 부재만으로 오경보 판정 금지
M16B,2026-09-02 11:39:00,2026-09-02 11:40:00,2,46.9,2026-09-02 11:39:00,반송 지연 지속,미확인 경보; 대화 부재만으로 오경보 판정 금지
M16B,2026-09-02 17:03:00,2026-09-02 17:19:00,17,56.6,2026-09-02 17:04:00,반송 지연 지속,미확인 경보; 대화 부재만으로 오경보 판정 금지
M16B,2026-09-02 18:05:00,2026-09-02 18:08:00,4,56.7,2026-09-02 18:05:00,미완료 물량 누적,미확인 경보; 대화 부재만으로 오경보 판정 금지
M16B,2026-09-02 18:15:00,2026-09-02 18:18:00,4,45.6,2026-09-02 18:15:00,반송 지연 지속,미확인 경보; 대화 부재만으로 오경보 판정 금지
M16B,2026-09-02 18:28:00,2026-09-02 18:30:00,3,41.5,2026-09-02 18:28:00,반송 지연 지속,미확인 경보; 대화 부재만으로 오경보 판정 금지
M16B,2026-09-02 18:54:00,2026-09-02 18:55:00,2,43.8,2026-09-02 18:54:00,반송 지연 지속,미확인 경보; 대화 부재만으로 오경보 판정 금지
M16B,2026-09-02 19:24:00,2026-09-02 19:24:00,1,40.6,2026-09-02 19:24:00,반송 지연 지속,미확인 경보; 대화 부재만으로 오경보 판정 금지
M16B,2026-09-02 19:28:00,2026-09-02 19:39:00,12,47.9,2026-09-02 19:34:00,반송 지연 지속,미확인 경보; 대화 부재만으로 오경보 판정 금지
M16B,2026-09-02 20:13:00,2026-09-02 20:19:00,7,57.2,2026-09-02 20:14:00,반송 지연 지속,미확인 경보; 대화 부재만으로 오경보 판정 금지
M16B,2026-09-02 20:21:00,2026-09-02 20:23:00,3,44.0,2026-09-02 20:22:00,반송 지연 지속,미확인 경보; 대화 부재만으로 오경보 판정 금지
M16B,2026-09-02 20:42:00,2026-09-02 20:42:00,1,43.1,2026-09-02 20:42:00,반송 지연 지속,미확인 경보; 대화 부재만으로 오경보 판정 금지
M16B,2026-09-02 20:44:00,2026-09-02 20:44:00,1,44.5,2026-09-02 20:44:00,반송 지연 지속,미확인 경보; 대화 부재만으로 오경보 판정 금지
M16B,2026-09-02 20:58:00,2026-09-02 20:59:00,2,45.0,2026-09-02 20:58:00,반송 지연 지속,미확인 경보; 대화 부재만으로 오경보 판정 금지
M16B,2026-09-03 01:14:00,2026-09-03 01:19:00,6,57.9,2026-09-03 01:15:00,반송 지연 지속,미확인 경보; 대화 부재만으로 오경보 판정 금지
M16B,2026-09-03 06:12:00,2026-09-03 06:14:00,3,45.0,2026-09-03 06:12:00,반송 지연 지속,미확인 경보; 대화 부재만으로 오경보 판정 금지
M16B,2026-09-03 08:06:00,2026-09-03 08:10:00,5,45.3,2026-09-03 08:09:00,반송 지연 지속,미확인 경보; 대화 부재만으로 오경보 판정 금지
M16B,2026-09-03 08:24:00,2026-09-03 08:29:00,6,45.0,2026-09-03 08:24:00,반송 지연 지속,미확인 경보; 대화 부재만으로 오경보 판정 금지
M16B,2026-09-03 08:45:00,2026-09-03 08:49:00,5,56.4,2026-09-03 08:45:00,반송 지연 지속,미확인 경보; 대화 부재만으로 오경보 판정 금지
M16B,2026-09-03 10:10:00,2026-09-03 10:11:00,2,45.3,2026-09-03 10:10:00,반송 지연 지속,미확인 경보; 대화 부재만으로 오경보 판정 금지
M16B,2026-09-03 10:17:00,2026-09-03 10:29:00,13,48.2,2026-09-03 10:24:00,반송 지연 지속,미확인 경보; 대화 부재만으로 오경보 판정 금지
M16B,2026-09-03 10:32:00,2026-09-03 10:39:00,8,51.1,2026-09-03 10:34:00,반송 지연 지속,미확인 경보; 대화 부재만으로 오경보 판정 금지
M16B,2026-09-03 14:06:00,2026-09-03 14:36:00,31,55.0,2026-09-03 14:10:00,반송 지연 지속,미확인 경보; 대화 부재만으로 오경보 판정 금지
M16B,2026-09-03 15:45:00,2026-09-03 15:53:00,9,50.6,2026-09-03 15:50:00,반송 지연 지속,미확인 경보; 대화 부재만으로 오경보 판정 금지
M16B,2026-09-08 09:56:00,2026-09-08 09:57:00,2,41.8,2026-09-08 09:56:00,반송 지연 지속,미확인 경보; 대화 부재만으로 오경보 판정 금지
M16B,2026-09-08 10:02:00,2026-09-08 10:09:00,8,43.3,2026-09-08 10:04:00,반송 지연 지속,미확인 경보; 대화 부재만으로 오경보 판정 금지
M16B,2026-09-08 13:42:00,2026-09-08 13:44:00,3,46.2,2026-09-08 13:42:00,반송 지연 지속,미확인 경보; 대화 부재만으로 오경보 판정 금지
M16B,2026-09-08 17:33:00,2026-09-08 17:35:00,3,45.1,2026-09-08 17:33:00,반송 지연 지속,미확인 경보; 대화 부재만으로 오경보 판정 금지
M16HUB,2026-08-11 04:33:00,2026-08-11 04:40:00,8,45.0,2026-08-11 04:33:00,반송 지연 지속,미확인 경보; 대화 부재만으로 오경보 판정 금지
M16HUB,2026-08-11 16:34:00,2026-08-11 16:37:00,4,45.0,2026-08-11 16:35:00,반송 지연 지속,미확인 경보; 대화 부재만으로 오경보 판정 금지
M16HUB,2026-08-11 16:47:00,2026-08-11 16:50:00,4,48.8,2026-08-11 16:49:00,반송 지연 지속,미확인 경보; 대화 부재만으로 오경보 판정 금지
M16HUB,2026-08-11 17:41:00,2026-08-11 17:44:00,4,45.0,2026-08-11 17:41:00,반송 지연 지속,미확인 경보; 대화 부재만으로 오경보 판정 금지
M16HUB,2026-08-11 18:43:00,2026-08-11 18:44:00,2,45.0,2026-08-11 18:43:00,반송 지연 지속,미확인 경보; 대화 부재만으로 오경보 판정 금지
M16HUB,2026-08-11 19:13:00,2026-08-11 19:13:00,1,42.3,2026-08-11 19:13:00,반송 지연 지속,미확인 경보; 대화 부재만으로 오경보 판정 금지
M16HUB,2026-08-11 19:15:00,2026-08-11 19:15:00,1,42.3,2026-08-11 19:15:00,반송 지연 지속,미확인 경보; 대화 부재만으로 오경보 판정 금지
M16HUB,2026-08-12 09:35:00,2026-08-12 09:38:00,4,46.1,2026-08-12 09:35:00,반송 지연 지속,미확인 경보; 대화 부재만으로 오경보 판정 금지
M16HUB,2026-08-12 09:45:00,2026-08-12 09:52:00,8,57.6,2026-08-12 09:47:00,반송 지연 지속,미확인 경보; 대화 부재만으로 오경보 판정 금지
M16HUB,2026-08-12 09:57:00,2026-08-12 10:01:00,5,51.8,2026-08-12 09:59:00,반송 지연 지속,미확인 경보; 대화 부재만으로 오경보 판정 금지
M16HUB,2026-08-12 10:41:00,2026-08-12 10:42:00,2,49.1,2026-08-12 10:41:00,연결구간 지연·반입 실패,미확인 경보; 대화 부재만으로 오경보 판정 금지
M16HUB,2026-08-12 11:00:00,2026-08-12 11:06:00,7,43.1,2026-08-12 11:04:00,연결구간 지연·반입 실패,미확인 경보; 대화 부재만으로 오경보 판정 금지
M16HUB,2026-08-12 15:31:00,2026-08-12 15:45:00,15,53.9,2026-08-12 15:42:00,반송 지연 지속,미확인 경보; 대화 부재만으로 오경보 판정 금지
M16HUB,2026-08-12 16:02:00,2026-08-12 16:07:00,6,53.8,2026-08-12 16:03:00,반송 지연 지속,미확인 경보; 대화 부재만으로 오경보 판정 금지
M16HUB,2026-08-12 16:10:00,2026-08-12 16:11:00,2,46.6,2026-08-12 16:10:00,연결구간 지연·반입 실패,미확인 경보; 대화 부재만으로 오경보 판정 금지
M16HUB,2026-08-13 06:19:00,2026-08-13 06:20:00,2,45.0,2026-08-13 06:19:00,반송 지연 지속,미확인 경보; 대화 부재만으로 오경보 판정 금지
M16HUB,2026-08-13 06:27:00,2026-08-13 06:28:00,2,45.0,2026-08-13 06:27:00,반송 지연 지속,미확인 경보; 대화 부재만으로 오경보 판정 금지
M16HUB,2026-08-13 09:15:00,2026-08-13 09:15:00,1,42.4,2026-08-13 09:15:00,반송 지연 지속,미확인 경보; 대화 부재만으로 오경보 판정 금지
M16HUB,2026-08-13 09:21:00,2026-08-13 09:32:00,12,66.1,2026-08-13 09:23:00,반송 지연 지속,미확인 경보; 대화 부재만으로 오경보 판정 금지
M16HUB,2026-08-13 10:49:00,2026-08-13 11:04:00,16,60.8,2026-08-13 10:57:00,반송 지연 지속,미확인 경보; 대화 부재만으로 오경보 판정 금지
M16HUB,2026-08-13 12:51:00,2026-08-13 12:55:00,5,46.6,2026-08-13 12:51:00,반송 지연 지속,미확인 경보; 대화 부재만으로 오경보 판정 금지
M16HUB,2026-08-13 12:57:00,2026-08-13 12:57:00,1,43.8,2026-08-13 12:57:00,반송 지연 지속,미확인 경보; 대화 부재만으로 오경보 판정 금지
M16HUB,2026-08-13 12:59:00,2026-08-13 12:59:00,1,43.8,2026-08-13 12:59:00,반송 지연 지속,미확인 경보; 대화 부재만으로 오경보 판정 금지
M16HUB,2026-08-13 13:01:00,2026-08-13 13:04:00,4,45.0,2026-08-13 13:01:00,반송 지연 지속,미확인 경보; 대화 부재만으로 오경보 판정 금지
M16HUB,2026-08-13 13:27:00,2026-08-13 13:44:00,18,45.0,2026-08-13 13:27:00,반송 지연 지속,미확인 경보; 대화 부재만으로 오경보 판정 금지
M16HUB,2026-08-13 18:25:00,2026-08-13 18:25:00,1,43.7,2026-08-13 18:25:00,반송 지연 지속,미확인 경보; 대화 부재만으로 오경보 판정 금지
M16HUB,2026-08-13 18:59:00,2026-08-13 18:59:00,1,44.9,2026-08-13 18:59:00,반송 지연 지속,미확인 경보; 대화 부재만으로 오경보 판정 금지
M16HUB,2026-08-13 19:01:00,2026-08-13 19:02:00,2,47.5,2026-08-13 19:01:00,반송 지연 지속,미확인 경보; 대화 부재만으로 오경보 판정 금지
M16HUB,2026-08-13 19:25:00,2026-08-13 19:26:00,2,45.4,2026-08-13 19:25:00,반송 지연 지속,미확인 경보; 대화 부재만으로 오경보 판정 금지
M16HUB,2026-08-13 22:03:00,2026-08-13 22:04:00,2,45.0,2026-08-13 22:03:00,반송 지연 지속,미확인 경보; 대화 부재만으로 오경보 판정 금지
M16HUB,2026-08-14 00:17:00,2026-08-14 00:30:00,14,45.0,2026-08-14 00:17:00,반송 지연 지속,미확인 경보; 대화 부재만으로 오경보 판정 금지
M16HUB,2026-08-14 00:47:00,2026-08-14 00:49:00,3,45.0,2026-08-14 00:47:00,반송 지연 지속,미확인 경보; 대화 부재만으로 오경보 판정 금지
M16HUB,2026-08-14 01:03:00,2026-08-14 01:18:00,16,45.0,2026-08-14 01:03:00,반송 지연 지속,미확인 경보; 대화 부재만으로 오경보 판정 금지
M16HUB,2026-08-14 02:51:00,2026-08-14 02:56:00,6,45.0,2026-08-14 02:51:00,반송 지연 지속,미확인 경보; 대화 부재만으로 오경보 판정 금지
M16HUB,2026-08-14 03:03:00,2026-08-14 03:07:00,5,45.0,2026-08-14 03:03:00,반송 지연 지속,미확인 경보; 대화 부재만으로 오경보 판정 금지
M16HUB,2026-08-14 09:51:00,2026-08-14 09:51:00,1,44.0,2026-08-14 09:51:00,반송 지연 지속,미확인 경보; 대화 부재만으로 오경보 판정 금지
M16HUB,2026-08-14 09:53:00,2026-08-14 09:53:00,1,44.0,2026-08-14 09:53:00,반송 지연 지속,미확인 경보; 대화 부재만으로 오경보 판정 금지
M16HUB,2026-08-14 20:35:00,2026-08-14 20:35:00,1,41.1,2026-08-14 20:35:00,반송 지연 지속,미확인 경보; 대화 부재만으로 오경보 판정 금지
M16HUB,2026-08-14 20:37:00,2026-08-14 20:42:00,6,58.2,2026-08-14 20:39:00,반송 지연 지속,미확인 경보; 대화 부재만으로 오경보 판정 금지
M16HUB,2026-08-14 20:45:00,2026-08-14 20:45:00,1,44.8,2026-08-14 20:45:00,반송 지연 지속,미확인 경보; 대화 부재만으로 오경보 판정 금지
M16HUB,2026-08-14 20:47:00,2026-08-14 20:52:00,6,55.0,2026-08-14 20:47:00,반송 지연 지속,미확인 경보; 대화 부재만으로 오경보 판정 금지
M16HUB,2026-08-14 21:03:00,2026-08-14 21:07:00,5,45.0,2026-08-14 21:03:00,반송 지연 지속,미확인 경보; 대화 부재만으로 오경보 판정 금지
M16HUB,2026-08-14 21:13:00,2026-08-14 21:23:00,11,61.9,2026-08-14 21:19:00,반송 지연 지속,미확인 경보; 대화 부재만으로 오경보 판정 금지
M16HUB,2026-08-14 21:35:00,2026-08-14 21:47:00,13,55.0,2026-08-14 21:37:00,연결구간 지연·반입 실패,미확인 경보; 대화 부재만으로 오경보 판정 금지
M16HUB,2026-08-14 21:59:00,2026-08-14 22:05:00,7,53.2,2026-08-14 22:02:00,연결구간 지연·반입 실패,미확인 경보; 대화 부재만으로 오경보 판정 금지
M16HUB,2026-08-14 22:09:00,2026-08-14 22:19:00,11,70.2,2026-08-14 22:11:00,연결구간 지연·반입 실패,미확인 경보; 대화 부재만으로 오경보 판정 금지
M16HUB,2026-08-14 22:42:00,2026-08-14 23:00:00,19,68.2,2026-08-14 22:45:00,연결구간 지연·반입 실패,미확인 경보; 대화 부재만으로 오경보 판정 금지
M16HUB,2026-08-14 23:09:00,2026-08-14 23:15:00,7,46.0,2026-08-14 23:13:00,연결구간 지연·반입 실패,미확인 경보; 대화 부재만으로 오경보 판정 금지
M16HUB,2026-08-14 23:17:00,2026-08-14 23:17:00,1,42.2,2026-08-14 23:17:00,연결구간 지연·반입 실패,미확인 경보; 대화 부재만으로 오경보 판정 금지
M16HUB,2026-08-14 23:19:00,2026-08-14 23:19:00,1,40.9,2026-08-14 23:19:00,연결구간 지연·반입 실패,미확인 경보; 대화 부재만으로 오경보 판정 금지
M16HUB,2026-08-14 23:21:00,2026-08-14 23:30:00,10,55.5,2026-08-14 23:23:00,연결구간 지연·반입 실패,미확인 경보; 대화 부재만으로 오경보 판정 금지
M16HUB,2026-08-14 23:42:00,2026-08-14 23:49:00,8,58.1,2026-08-14 23:46:00,연결구간 지연·반입 실패,미확인 경보; 대화 부재만으로 오경보 판정 금지
M16HUB,2026-08-15 00:23:00,2026-08-15 00:35:00,13,61.5,2026-08-15 00:29:00,연결구간 지연·반입 실패,미확인 경보; 대화 부재만으로 오경보 판정 금지
M16HUB,2026-08-15 00:37:00,2026-08-15 00:37:00,1,44.9,2026-08-15 00:37:00,반송 지연 지속,미확인 경보; 대화 부재만으로 오경보 판정 금지
M16HUB,2026-08-15 00:39:00,2026-08-15 00:39:00,1,44.9,2026-08-15 00:39:00,반송 지연 지속,미확인 경보; 대화 부재만으로 오경보 판정 금지
M16HUB,2026-08-15 00:41:00,2026-08-15 00:44:00,4,56.2,2026-08-15 00:41:00,반송 지연 지속,미확인 경보; 대화 부재만으로 오경보 판정 금지
M16HUB,2026-08-15 00:54:00,2026-08-15 01:04:00,11,55.0,2026-08-15 00:55:00,연결구간 지연·반입 실패,미확인 경보; 대화 부재만으로 오경보 판정 금지
M16HUB,2026-08-15 01:06:00,2026-08-15 01:10:00,5,51.1,2026-08-15 01:07:00,연결구간 지연·반입 실패,미확인 경보; 대화 부재만으로 오경보 판정 금지
M16HUB,2026-08-15 01:28:00,2026-08-15 01:29:00,2,41.2,2026-08-15 01:28:00,연결구간 지연·반입 실패,미확인 경보; 대화 부재만으로 오경보 판정 금지
M16HUB,2026-08-15 01:33:00,2026-08-15 01:47:00,15,55.0,2026-08-15 01:41:00,연결구간 지연·반입 실패,미확인 경보; 대화 부재만으로 오경보 판정 금지
M16HUB,2026-08-15 03:11:00,2026-08-15 03:13:00,3,45.0,2026-08-15 03:11:00,반송 지연 지속,미확인 경보; 대화 부재만으로 오경보 판정 금지
M16HUB,2026-08-15 04:47:00,2026-08-15 04:47:00,1,44.2,2026-08-15 04:47:00,반송 지연 지속,미확인 경보; 대화 부재만으로 오경보 판정 금지
M16HUB,2026-08-15 08:01:00,2026-08-15 08:09:00,9,45.0,2026-08-15 08:01:00,반송 지연 지속,미확인 경보; 대화 부재만으로 오경보 판정 금지
M16HUB,2026-08-15 08:43:00,2026-08-15 08:44:00,2,45.0,2026-08-15 08:43:00,반송 지연 지속,미확인 경보; 대화 부재만으로 오경보 판정 금지
M16HUB,2026-08-15 09:45:00,2026-08-15 09:50:00,6,45.0,2026-08-15 09:45:00,반송 지연 지속,미확인 경보; 대화 부재만으로 오경보 판정 금지
M16HUB,2026-08-15 11:41:00,2026-08-15 11:49:00,9,54.2,2026-08-15 11:41:00,반송 지연 지속,미확인 경보; 대화 부재만으로 오경보 판정 금지
M16HUB,2026-08-15 18:43:00,2026-08-15 18:43:00,1,40.5,2026-08-15 18:43:00,반송 지연 지속,미확인 경보; 대화 부재만으로 오경보 판정 금지
M16HUB,2026-08-15 18:45:00,2026-08-15 18:45:00,1,40.5,2026-08-15 18:45:00,반송 지연 지속,미확인 경보; 대화 부재만으로 오경보 판정 금지
M16HUB,2026-08-15 18:47:00,2026-08-15 18:47:00,1,41.7,2026-08-15 18:47:00,반송 지연 지속,미확인 경보; 대화 부재만으로 오경보 판정 금지
M16HUB,2026-08-15 18:49:00,2026-08-15 18:49:00,1,41.2,2026-08-15 18:49:00,반송 지연 지속,미확인 경보; 대화 부재만으로 오경보 판정 금지
M16HUB,2026-08-16 00:53:00,2026-08-16 01:03:00,11,57.7,2026-08-16 00:59:00,반송 지연 지속,미확인 경보; 대화 부재만으로 오경보 판정 금지
M16HUB,2026-08-16 07:56:00,2026-08-16 08:07:00,12,45.0,2026-08-16 07:56:00,반송 지연 지속,미확인 경보; 대화 부재만으로 오경보 판정 금지
M16HUB,2026-08-16 21:11:00,2026-08-16 21:12:00,2,45.0,2026-08-16 21:11:00,반송 지연 지속,미확인 경보; 대화 부재만으로 오경보 판정 금지
M16HUB,2026-08-17 01:27:00,2026-08-17 01:30:00,4,46.0,2026-08-17 01:27:00,반송 지연 지속,미확인 경보; 대화 부재만으로 오경보 판정 금지
M16HUB,2026-08-17 01:37:00,2026-08-17 01:39:00,3,45.0,2026-08-17 01:37:00,반송 지연 지속,미확인 경보; 대화 부재만으로 오경보 판정 금지
M16HUB,2026-08-17 11:07:00,2026-08-17 11:07:00,1,43.1,2026-08-17 11:07:00,반송 지연 지속,미확인 경보; 대화 부재만으로 오경보 판정 금지
M16HUB,2026-08-17 11:09:00,2026-08-17 11:13:00,5,46.6,2026-08-17 11:11:00,반송 지연 지속,미확인 경보; 대화 부재만으로 오경보 판정 금지
M16HUB,2026-08-17 11:21:00,2026-08-17 11:21:00,1,43.5,2026-08-17 11:21:00,반송 지연 지속,미확인 경보; 대화 부재만으로 오경보 판정 금지
M16HUB,2026-08-17 11:23:00,2026-08-17 11:23:00,1,43.5,2026-08-17 11:23:00,반송 지연 지속,미확인 경보; 대화 부재만으로 오경보 판정 금지
M16HUB,2026-08-17 11:25:00,2026-08-17 11:25:00,1,43.5,2026-08-17 11:25:00,반송 지연 지속,미확인 경보; 대화 부재만으로 오경보 판정 금지
M16HUB,2026-08-17 11:27:00,2026-08-17 11:28:00,2,45.0,2026-08-17 11:27:00,반송 지연 지속,미확인 경보; 대화 부재만으로 오경보 판정 금지
M16HUB,2026-08-17 11:39:00,2026-08-17 11:54:00,16,45.0,2026-08-17 11:39:00,반송 지연 지속,미확인 경보; 대화 부재만으로 오경보 판정 금지
M16HUB,2026-08-17 21:38:00,2026-08-17 21:38:00,1,40.0,2026-08-17 21:38:00,반송 지연 지속,미확인 경보; 대화 부재만으로 오경보 판정 금지
M16HUB,2026-08-17 21:40:00,2026-08-17 21:49:00,10,45.0,2026-08-17 21:40:00,반송 지연 지속,미확인 경보; 대화 부재만으로 오경보 판정 금지
M16HUB,2026-08-18 23:59:00,2026-08-19 00:04:00,6,45.0,2026-08-18 23:59:00,반송 지연 지속,미확인 경보; 대화 부재만으로 오경보 판정 금지
M16HUB,2026-08-19 00:13:00,2026-08-19 00:16:00,4,45.0,2026-08-19 00:13:00,반송 지연 지속,미확인 경보; 대화 부재만으로 오경보 판정 금지
M16HUB,2026-08-19 08:02:00,2026-08-19 08:32:00,31,59.2,2026-08-19 08:24:00,반송 지연 지속,미확인 경보; 대화 부재만으로 오경보 판정 금지
M16HUB,2026-08-19 08:58:00,2026-08-19 08:58:00,1,42.7,2026-08-19 08:58:00,반송 지연 지속,미확인 경보; 대화 부재만으로 오경보 판정 금지
M16HUB,2026-08-19 09:00:00,2026-08-19 09:00:00,1,42.7,2026-08-19 09:00:00,반송 지연 지속,미확인 경보; 대화 부재만으로 오경보 판정 금지
M16HUB,2026-08-19 09:02:00,2026-08-19 09:04:00,3,47.6,2026-08-19 09:02:00,반송 지연 지속,미확인 경보; 대화 부재만으로 오경보 판정 금지
M16HUB,2026-08-19 09:12:00,2026-08-19 09:16:00,5,60.8,2026-08-19 09:12:00,반송 지연 지속,미확인 경보; 대화 부재만으로 오경보 판정 금지
M16HUB,2026-08-19 09:42:00,2026-08-19 09:42:00,1,42.5,2026-08-19 09:42:00,반송 지연 지속,미확인 경보; 대화 부재만으로 오경보 판정 금지
M16HUB,2026-08-19 09:50:00,2026-08-19 09:51:00,2,45.0,2026-08-19 09:50:00,반송 지연 지속,미확인 경보; 대화 부재만으로 오경보 판정 금지
M16HUB,2026-08-19 12:57:00,2026-08-19 13:07:00,11,45.0,2026-08-19 12:57:00,반송 지연 지속,미확인 경보; 대화 부재만으로 오경보 판정 금지
M16HUB,2026-08-19 13:09:00,2026-08-19 13:09:00,1,43.6,2026-08-19 13:09:00,반송 지연 지속,미확인 경보; 대화 부재만으로 오경보 판정 금지
M16HUB,2026-08-19 13:11:00,2026-08-19 13:11:00,1,43.6,2026-08-19 13:11:00,반송 지연 지속,미확인 경보; 대화 부재만으로 오경보 판정 금지
M16HUB,2026-08-19 16:07:00,2026-08-19 16:08:00,2,45.0,2026-08-19 16:07:00,반송 지연 지속,미확인 경보; 대화 부재만으로 오경보 판정 금지
M16HUB,2026-08-19 21:47:00,2026-08-19 21:48:00,2,46.6,2026-08-19 21:47:00,반송 지연 지속,미확인 경보; 대화 부재만으로 오경보 판정 금지
M16HUB,2026-08-19 21:55:00,2026-08-19 21:58:00,4,45.0,2026-08-19 21:55:00,반송 지연 지속,미확인 경보; 대화 부재만으로 오경보 판정 금지
M16HUB,2026-08-20 00:11:00,2026-08-20 00:16:00,6,45.0,2026-08-20 00:11:00,반송 지연 지속,미확인 경보; 대화 부재만으로 오경보 판정 금지
M16HUB,2026-08-20 00:25:00,2026-08-20 00:25:00,1,44.6,2026-08-20 00:25:00,반송 지연 지속,미확인 경보; 대화 부재만으로 오경보 판정 금지
M16HUB,2026-08-20 00:27:00,2026-08-20 00:27:00,1,43.5,2026-08-20 00:27:00,반송 지연 지속,미확인 경보; 대화 부재만으로 오경보 판정 금지
M16HUB,2026-08-20 00:29:00,2026-08-20 00:29:00,1,43.5,2026-08-20 00:29:00,반송 지연 지속,미확인 경보; 대화 부재만으로 오경보 판정 금지
M16HUB,2026-08-20 00:53:00,2026-08-20 00:53:00,1,41.0,2026-08-20 00:53:00,반송 지연 지속,미확인 경보; 대화 부재만으로 오경보 판정 금지
M16HUB,2026-08-20 01:31:00,2026-08-20 01:49:00,19,60.8,2026-08-20 01:45:00,반송 지연 지속,미확인 경보; 대화 부재만으로 오경보 판정 금지
M16HUB,2026-08-20 02:21:00,2026-08-20 02:40:00,20,45.0,2026-08-20 02:21:00,반송 지연 지속,미확인 경보; 대화 부재만으로 오경보 판정 금지
M16HUB,2026-08-20 03:47:00,2026-08-20 03:52:00,6,45.0,2026-08-20 03:47:00,반송 지연 지속,미확인 경보; 대화 부재만으로 오경보 판정 금지
M16HUB,2026-08-20 04:09:00,2026-08-20 04:18:00,10,45.0,2026-08-20 04:09:00,반송 지연 지속,미확인 경보; 대화 부재만으로 오경보 판정 금지
M16HUB,2026-08-20 08:17:00,2026-08-20 08:18:00,2,45.0,2026-08-20 08:17:00,반송 지연 지속,미확인 경보; 대화 부재만으로 오경보 판정 금지
M16HUB,2026-08-20 10:12:00,2026-08-20 10:27:00,16,71.9,2026-08-20 10:15:00,연결구간 지연·반입 실패,미확인 경보; 대화 부재만으로 오경보 판정 금지
M16HUB,2026-08-20 10:29:00,2026-08-20 10:29:00,1,42.0,2026-08-20 10:29:00,반송 지연 지속,미확인 경보; 대화 부재만으로 오경보 판정 금지
M16HUB,2026-08-20 10:31:00,2026-08-20 10:31:00,1,42.0,2026-08-20 10:31:00,반송 지연 지속,미확인 경보; 대화 부재만으로 오경보 판정 금지
M16HUB,2026-08-20 10:33:00,2026-08-20 10:36:00,4,56.4,2026-08-20 10:33:00,반송 지연 지속,미확인 경보; 대화 부재만으로 오경보 판정 금지
M16HUB,2026-08-20 10:45:00,2026-08-20 10:46:00,2,47.9,2026-08-20 10:45:00,반송 지연 지속,미확인 경보; 대화 부재만으로 오경보 판정 금지
M16HUB,2026-08-20 10:59:00,2026-08-20 10:59:00,1,42.6,2026-08-20 10:59:00,연결구간 지연·반입 실패,미확인 경보; 대화 부재만으로 오경보 판정 금지
M16HUB,2026-08-20 11:01:00,2026-08-20 11:10:00,10,55.0,2026-08-20 11:06:00,연결구간 지연·반입 실패,미확인 경보; 대화 부재만으로 오경보 판정 금지
M16HUB,2026-08-20 14:21:00,2026-08-20 14:22:00,2,40.9,2026-08-20 14:21:00,연결구간 지연·반입 실패,미확인 경보; 대화 부재만으로 오경보 판정 금지
M16HUB,2026-08-20 21:03:00,2026-08-20 21:03:00,1,44.4,2026-08-20 21:03:00,반송 지연 지속,미확인 경보; 대화 부재만으로 오경보 판정 금지
M16HUB,2026-08-20 21:15:00,2026-08-20 21:26:00,12,45.0,2026-08-20 21:15:00,반송 지연 지속,미확인 경보; 대화 부재만으로 오경보 판정 금지
M16HUB,2026-08-21 06:30:00,2026-08-21 06:35:00,6,46.8,2026-08-21 06:30:00,연결구간 지연·반입 실패,미확인 경보; 대화 부재만으로 오경보 판정 금지
M16HUB,2026-08-21 07:19:00,2026-08-21 07:19:00,1,40.1,2026-08-21 07:19:00,반송 지연 지속,미확인 경보; 대화 부재만으로 오경보 판정 금지
M16HUB,2026-08-21 07:43:00,2026-08-21 07:44:00,2,45.3,2026-08-21 07:43:00,반송 지연 지속,미확인 경보; 대화 부재만으로 오경보 판정 금지
M16HUB,2026-08-21 10:57:00,2026-08-21 11:04:00,8,53.6,2026-08-21 10:57:00,반송 지연 지속,미확인 경보; 대화 부재만으로 오경보 판정 금지
M16HUB,2026-08-21 11:19:00,2026-08-21 11:34:00,16,76.9,2026-08-21 11:21:00,연결구간 지연·반입 실패,미확인 경보; 대화 부재만으로 오경보 판정 금지
M16HUB,2026-08-22 02:40:00,2026-08-22 02:40:00,1,40.9,2026-08-22 02:40:00,반송 지연 지속,미확인 경보; 대화 부재만으로 오경보 판정 금지
M16HUB,2026-08-22 02:42:00,2026-08-22 02:42:00,1,41.2,2026-08-22 02:42:00,반송 지연 지속,미확인 경보; 대화 부재만으로 오경보 판정 금지
M16HUB,2026-08-22 02:44:00,2026-08-22 02:44:00,1,44.0,2026-08-22 02:44:00,반송 지연 지속,미확인 경보; 대화 부재만으로 오경보 판정 금지
M16HUB,2026-08-22 05:46:00,2026-08-22 05:48:00,3,49.2,2026-08-22 05:46:00,반송 지연 지속,미확인 경보; 대화 부재만으로 오경보 판정 금지
M16HUB,2026-08-22 05:50:00,2026-08-22 05:50:00,1,41.1,2026-08-22 05:50:00,반송 지연 지속,미확인 경보; 대화 부재만으로 오경보 판정 금지
M16HUB,2026-08-22 05:52:00,2026-08-22 05:52:00,1,41.1,2026-08-22 05:52:00,반송 지연 지속,미확인 경보; 대화 부재만으로 오경보 판정 금지
M16HUB,2026-08-22 05:54:00,2026-08-22 06:09:00,16,45.0,2026-08-22 05:54:00,반송 지연 지속,미확인 경보; 대화 부재만으로 오경보 판정 금지
M16HUB,2026-08-22 09:26:00,2026-08-22 09:26:00,1,44.7,2026-08-22 09:26:00,반송 지연 지속,미확인 경보; 대화 부재만으로 오경보 판정 금지
M16HUB,2026-08-22 09:28:00,2026-08-22 09:28:00,1,44.7,2026-08-22 09:28:00,반송 지연 지속,미확인 경보; 대화 부재만으로 오경보 판정 금지
M16HUB,2026-08-22 10:16:00,2026-08-22 10:16:00,1,40.5,2026-08-22 10:16:00,반송 지연 지속,미확인 경보; 대화 부재만으로 오경보 판정 금지
M16HUB,2026-08-22 10:18:00,2026-08-22 10:23:00,6,45.0,2026-08-22 10:18:00,반송 지연 지속,미확인 경보; 대화 부재만으로 오경보 판정 금지
M16HUB,2026-08-22 16:47:00,2026-08-22 17:04:00,18,45.0,2026-08-22 16:47:00,반송 지연 지속,미확인 경보; 대화 부재만으로 오경보 판정 금지
M16HUB,2026-08-22 18:41:00,2026-08-22 18:43:00,3,45.0,2026-08-22 18:41:00,반송 지연 지속,미확인 경보; 대화 부재만으로 오경보 판정 금지
M16HUB,2026-08-22 23:51:00,2026-08-23 00:04:00,14,60.5,2026-08-22 23:53:00,반송 지연 지속,미확인 경보; 대화 부재만으로 오경보 판정 금지
M16HUB,2026-08-23 00:19:00,2026-08-23 00:37:00,19,60.5,2026-08-23 00:33:00,반송 지연 지속,미확인 경보; 대화 부재만으로 오경보 판정 금지
M16HUB,2026-08-23 01:59:00,2026-08-23 01:59:00,1,42.0,2026-08-23 01:59:00,반송 지연 지속,미확인 경보; 대화 부재만으로 오경보 판정 금지
M16HUB,2026-08-23 02:13:00,2026-08-23 02:17:00,5,45.0,2026-08-23 02:13:00,반송 지연 지속,미확인 경보; 대화 부재만으로 오경보 판정 금지
M16HUB,2026-08-23 02:57:00,2026-08-23 02:57:00,1,40.0,2026-08-23 02:57:00,반송 지연 지속,미확인 경보; 대화 부재만으로 오경보 판정 금지
M16HUB,2026-08-23 02:59:00,2026-08-23 02:59:00,1,40.0,2026-08-23 02:59:00,반송 지연 지속,미확인 경보; 대화 부재만으로 오경보 판정 금지
M16HUB,2026-08-23 04:01:00,2026-08-23 04:14:00,14,49.0,2026-08-23 04:13:00,반송 지연 지속,미확인 경보; 대화 부재만으로 오경보 판정 금지
M16HUB,2026-08-23 04:19:00,2026-08-23 04:19:00,1,42.2,2026-08-23 04:19:00,반송 지연 지속,미확인 경보; 대화 부재만으로 오경보 판정 금지
M16HUB,2026-08-23 04:21:00,2026-08-23 04:21:00,1,42.2,2026-08-23 04:21:00,반송 지연 지속,미확인 경보; 대화 부재만으로 오경보 판정 금지
M16HUB,2026-08-23 04:23:00,2026-08-23 04:26:00,4,45.0,2026-08-23 04:23:00,반송 지연 지속,미확인 경보; 대화 부재만으로 오경보 판정 금지
M16HUB,2026-08-23 04:47:00,2026-08-23 04:51:00,5,45.0,2026-08-23 04:47:00,반송 지연 지속,미확인 경보; 대화 부재만으로 오경보 판정 금지
M16HUB,2026-08-23 20:25:00,2026-08-23 20:25:00,1,40.1,2026-08-23 20:25:00,반송 지연 지속,미확인 경보; 대화 부재만으로 오경보 판정 금지
M16HUB,2026-08-23 20:27:00,2026-08-23 20:27:00,1,40.1,2026-08-23 20:27:00,반송 지연 지속,미확인 경보; 대화 부재만으로 오경보 판정 금지
M16HUB,2026-08-23 20:29:00,2026-08-23 20:29:00,1,40.4,2026-08-23 20:29:00,반송 지연 지속,미확인 경보; 대화 부재만으로 오경보 판정 금지
M16HUB,2026-08-23 20:31:00,2026-08-23 20:31:00,1,40.4,2026-08-23 20:31:00,반송 지연 지속,미확인 경보; 대화 부재만으로 오경보 판정 금지
M16HUB,2026-08-23 20:33:00,2026-08-23 20:38:00,6,45.0,2026-08-23 20:33:00,반송 지연 지속,미확인 경보; 대화 부재만으로 오경보 판정 금지
M16HUB,2026-08-23 21:33:00,2026-08-23 21:34:00,2,45.0,2026-08-23 21:33:00,반송 지연 지속,미확인 경보; 대화 부재만으로 오경보 판정 금지
M16HUB,2026-08-23 21:41:00,2026-08-23 22:06:00,26,45.0,2026-08-23 21:41:00,반송 지연 지속,미확인 경보; 대화 부재만으로 오경보 판정 금지
M16HUB,2026-08-23 22:15:00,2026-08-23 22:17:00,3,45.0,2026-08-23 22:15:00,반송 지연 지속,미확인 경보; 대화 부재만으로 오경보 판정 금지
M16HUB,2026-08-23 22:19:00,2026-08-23 22:19:00,1,44.0,2026-08-23 22:19:00,반송 지연 지속,미확인 경보; 대화 부재만으로 오경보 판정 금지
M16HUB,2026-08-23 22:21:00,2026-08-23 22:22:00,2,45.0,2026-08-23 22:21:00,반송 지연 지속,미확인 경보; 대화 부재만으로 오경보 판정 금지
M16HUB,2026-08-23 22:29:00,2026-08-23 22:30:00,2,45.0,2026-08-23 22:29:00,반송 지연 지속,미확인 경보; 대화 부재만으로 오경보 판정 금지
M16HUB,2026-08-23 22:55:00,2026-08-23 22:55:00,1,41.1,2026-08-23 22:55:00,반송 지연 지속,미확인 경보; 대화 부재만으로 오경보 판정 금지
M16HUB,2026-08-24 06:21:00,2026-08-24 06:26:00,6,45.0,2026-08-24 06:21:00,반송 지연 지속,미확인 경보; 대화 부재만으로 오경보 판정 금지
M16HUB,2026-08-24 09:19:00,2026-08-24 09:19:00,1,40.8,2026-08-24 09:19:00,반송 지연 지속,미확인 경보; 대화 부재만으로 오경보 판정 금지
M16HUB,2026-08-24 09:21:00,2026-08-24 09:36:00,16,58.8,2026-08-24 09:21:00,반송 지연 지속,미확인 경보; 대화 부재만으로 오경보 판정 금지
M16HUB,2026-08-24 11:13:00,2026-08-24 11:14:00,2,46.2,2026-08-24 11:13:00,반송 지연 지속,미확인 경보; 대화 부재만으로 오경보 판정 금지
M16HUB,2026-08-24 12:08:00,2026-08-24 12:09:00,2,40.5,2026-08-24 12:08:00,연결구간 지연·반입 실패,미확인 경보; 대화 부재만으로 오경보 판정 금지
M16HUB,2026-08-24 12:59:00,2026-08-24 13:01:00,3,40.9,2026-08-24 13:01:00,연결구간 지연·반입 실패,미확인 경보; 대화 부재만으로 오경보 판정 금지
M16HUB,2026-08-24 13:03:00,2026-08-24 13:20:00,18,65.6,2026-08-24 13:08:00,연결구간 지연·반입 실패,미확인 경보; 대화 부재만으로 오경보 판정 금지
M16HUB,2026-08-24 13:23:00,2026-08-24 13:34:00,12,56.2,2026-08-24 13:25:00,연결구간 지연·반입 실패,미확인 경보; 대화 부재만으로 오경보 판정 금지
M16HUB,2026-08-24 13:41:00,2026-08-24 13:53:00,13,74.3,2026-08-24 13:45:00,연결구간 지연·반입 실패,미확인 경보; 대화 부재만으로 오경보 판정 금지
M16HUB,2026-08-24 13:55:00,2026-08-24 13:55:00,1,42.3,2026-08-24 13:55:00,반송 지연 지속,미확인 경보; 대화 부재만으로 오경보 판정 금지
M16HUB,2026-08-24 13:57:00,2026-08-24 14:14:00,18,59.2,2026-08-24 14:11:00,연결구간 지연·반입 실패,미확인 경보; 대화 부재만으로 오경보 판정 금지
M16HUB,2026-08-24 15:06:00,2026-08-24 15:06:00,1,41.7,2026-08-24 15:06:00,연결구간 지연·반입 실패,미확인 경보; 대화 부재만으로 오경보 판정 금지
M16HUB,2026-08-24 15:16:00,2026-08-24 15:18:00,3,46.7,2026-08-24 15:17:00,연결구간 지연·반입 실패,미확인 경보; 대화 부재만으로 오경보 판정 금지
M16HUB,2026-08-24 15:24:00,2026-08-24 15:25:00,2,40.0,2026-08-24 15:24:00,연결구간 지연·반입 실패,미확인 경보; 대화 부재만으로 오경보 판정 금지
M16HUB,2026-08-24 15:34:00,2026-08-24 15:42:00,9,47.5,2026-08-24 15:37:00,연결구간 지연·반입 실패,미확인 경보; 대화 부재만으로 오경보 판정 금지
M16HUB,2026-08-24 15:47:00,2026-08-24 15:50:00,4,45.4,2026-08-24 15:48:00,연결구간 지연·반입 실패,미확인 경보; 대화 부재만으로 오경보 판정 금지
M16HUB,2026-08-25 14:13:00,2026-08-25 14:16:00,4,49.7,2026-08-25 14:13:00,반송 지연 지속,미확인 경보; 대화 부재만으로 오경보 판정 금지
M16HUB,2026-08-25 23:04:00,2026-08-25 23:06:00,3,42.4,2026-08-25 23:05:00,연결구간 지연·반입 실패,미확인 경보; 대화 부재만으로 오경보 판정 금지
M16HUB,2026-08-26 05:14:00,2026-08-26 05:15:00,2,43.3,2026-08-26 05:14:00,연결구간 지연·반입 실패,미확인 경보; 대화 부재만으로 오경보 판정 금지
M16HUB,2026-08-26 10:28:00,2026-08-26 10:46:00,19,57.1,2026-08-26 10:41:00,연결구간 지연·반입 실패,미확인 경보; 대화 부재만으로 오경보 판정 금지
M16HUB,2026-08-26 10:51:00,2026-08-26 10:56:00,6,48.0,2026-08-26 10:53:00,연결구간 지연·반입 실패,미확인 경보; 대화 부재만으로 오경보 판정 금지
M16HUB,2026-08-26 11:06:00,2026-08-26 11:10:00,5,55.1,2026-08-26 11:06:00,반송 지연 지속,미확인 경보; 대화 부재만으로 오경보 판정 금지
M16HUB,2026-08-26 11:14:00,2026-08-26 11:17:00,4,48.0,2026-08-26 11:14:00,반송 지연 지속,미확인 경보; 대화 부재만으로 오경보 판정 금지
M16HUB,2026-08-26 16:16:00,2026-08-26 16:22:00,7,50.8,2026-08-26 16:17:00,연결구간 지연·반입 실패,미확인 경보; 대화 부재만으로 오경보 판정 금지
M16HUB,2026-08-26 16:56:00,2026-08-26 16:58:00,3,42.8,2026-08-26 16:57:00,연결구간 지연·반입 실패,미확인 경보; 대화 부재만으로 오경보 판정 금지
M16HUB,2026-08-26 23:29:00,2026-08-26 23:33:00,5,53.1,2026-08-26 23:30:00,연결구간 지연·반입 실패,미확인 경보; 대화 부재만으로 오경보 판정 금지
M16HUB,2026-08-27 00:42:00,2026-08-27 00:43:00,2,41.5,2026-08-27 00:42:00,반송 지연 지속,미확인 경보; 대화 부재만으로 오경보 판정 금지
M16HUB,2026-08-27 01:45:00,2026-08-27 01:59:00,15,50.3,2026-08-27 01:53:00,연결구간 지연·반입 실패,미확인 경보; 대화 부재만으로 오경보 판정 금지
M16HUB,2026-08-27 03:08:00,2026-08-27 03:12:00,5,46.0,2026-08-27 03:09:00,연결구간 지연·반입 실패,미확인 경보; 대화 부재만으로 오경보 판정 금지
M16HUB,2026-08-27 03:20:00,2026-08-27 03:23:00,4,43.0,2026-08-27 03:21:00,연결구간 지연·반입 실패,미확인 경보; 대화 부재만으로 오경보 판정 금지
M16HUB,2026-08-27 04:11:00,2026-08-27 04:11:00,1,40.5,2026-08-27 04:11:00,연결구간 지연·반입 실패,미확인 경보; 대화 부재만으로 오경보 판정 금지
M16HUB,2026-08-27 04:13:00,2026-08-27 04:24:00,12,50.3,2026-08-27 04:15:00,연결구간 지연·반입 실패,미확인 경보; 대화 부재만으로 오경보 판정 금지
M16HUB,2026-08-27 05:20:00,2026-08-27 06:24:00,65,75.1,2026-08-27 06:09:00,연결구간 지연·반입 실패,미확인 경보; 대화 부재만으로 오경보 판정 금지
M16HUB,2026-08-27 07:05:00,2026-08-27 07:07:00,3,41.0,2026-08-27 07:05:00,연결구간 지연·반입 실패,미확인 경보; 대화 부재만으로 오경보 판정 금지
M16HUB,2026-08-27 12:45:00,2026-08-27 12:46:00,2,41.9,2026-08-27 12:45:00,연결구간 지연·반입 실패,미확인 경보; 대화 부재만으로 오경보 판정 금지
M16HUB,2026-08-27 15:16:00,2026-08-27 15:21:00,6,44.4,2026-08-27 15:19:00,연결구간 지연·반입 실패,미확인 경보; 대화 부재만으로 오경보 판정 금지
M16HUB,2026-08-27 17:16:00,2026-08-27 17:37:00,22,58.7,2026-08-27 17:33:00,연결구간 지연·반입 실패,미확인 경보; 대화 부재만으로 오경보 판정 금지
M16HUB,2026-08-27 17:40:00,2026-08-27 17:46:00,7,50.5,2026-08-27 17:43:00,연결구간 지연·반입 실패,미확인 경보; 대화 부재만으로 오경보 판정 금지
M16HUB,2026-08-27 17:56:00,2026-08-27 18:17:00,22,56.5,2026-08-27 17:59:00,연결구간 지연·반입 실패,미확인 경보; 대화 부재만으로 오경보 판정 금지
M16HUB,2026-08-27 18:31:00,2026-08-27 18:37:00,7,48.7,2026-08-27 18:35:00,연결구간 지연·반입 실패,미확인 경보; 대화 부재만으로 오경보 판정 금지
M16HUB,2026-08-27 18:42:00,2026-08-27 18:46:00,5,42.4,2026-08-27 18:43:00,연결구간 지연·반입 실패,미확인 경보; 대화 부재만으로 오경보 판정 금지
M16HUB,2026-08-28 09:24:00,2026-08-28 09:34:00,11,55.6,2026-08-28 09:30:00,연결구간 지연·반입 실패,미확인 경보; 대화 부재만으로 오경보 판정 금지
M16HUB,2026-08-28 10:14:00,2026-08-28 10:34:00,21,56.2,2026-08-28 10:19:00,연결구간 지연·반입 실패,미확인 경보; 대화 부재만으로 오경보 판정 금지
M16HUB,2026-08-28 11:03:00,2026-08-28 11:11:00,9,55.2,2026-08-28 11:05:00,연결구간 지연·반입 실패,미확인 경보; 대화 부재만으로 오경보 판정 금지
M16HUB,2026-08-28 11:16:00,2026-08-28 11:19:00,4,46.8,2026-08-28 11:17:00,연결구간 지연·반입 실패,미확인 경보; 대화 부재만으로 오경보 판정 금지
M16HUB,2026-08-28 11:25:00,2026-08-28 11:26:00,2,41.9,2026-08-28 11:25:00,연결구간 지연·반입 실패,미확인 경보; 대화 부재만으로 오경보 판정 금지
M16HUB,2026-08-28 11:55:00,2026-08-28 12:00:00,6,54.6,2026-08-28 11:56:00,연결구간 지연·반입 실패,미확인 경보; 대화 부재만으로 오경보 판정 금지
M16HUB,2026-08-28 12:51:00,2026-08-28 12:56:00,6,47.2,2026-08-28 12:53:00,연결구간 지연·반입 실패,미확인 경보; 대화 부재만으로 오경보 판정 금지
M16HUB,2026-08-31 17:53:00,2026-08-31 17:59:00,7,53.2,2026-08-31 17:57:00,연결구간 지연·반입 실패,미확인 경보; 대화 부재만으로 오경보 판정 금지
M16HUB,2026-08-31 18:20:00,2026-08-31 18:25:00,6,46.7,2026-08-31 18:21:00,연결구간 지연·반입 실패,미확인 경보; 대화 부재만으로 오경보 판정 금지
M16HUB,2026-08-31 19:11:00,2026-08-31 19:13:00,3,44.9,2026-08-31 19:11:00,연결구간 지연·반입 실패,미확인 경보; 대화 부재만으로 오경보 판정 금지
M16HUB,2026-08-31 19:42:00,2026-08-31 19:43:00,2,43.8,2026-08-31 19:42:00,연결구간 지연·반입 실패,미확인 경보; 대화 부재만으로 오경보 판정 금지
M16HUB,2026-09-01 05:30:00,2026-09-01 05:30:00,1,41.8,2026-09-01 05:30:00,반송 지연 지속,미확인 경보; 대화 부재만으로 오경보 판정 금지
M16HUB,2026-09-01 05:32:00,2026-09-01 05:32:00,1,42.6,2026-09-01 05:32:00,반송 지연 지속,미확인 경보; 대화 부재만으로 오경보 판정 금지
M16HUB,2026-09-01 05:34:00,2026-09-01 05:34:00,1,42.6,2026-09-01 05:34:00,반송 지연 지속,미확인 경보; 대화 부재만으로 오경보 판정 금지
M16HUB,2026-09-01 06:30:00,2026-09-01 06:30:00,1,43.6,2026-09-01 06:30:00,반송 지연 지속,미확인 경보; 대화 부재만으로 오경보 판정 금지
M16HUB,2026-09-01 06:32:00,2026-09-01 06:33:00,2,49.3,2026-09-01 06:32:00,반송 지연 지속,미확인 경보; 대화 부재만으로 오경보 판정 금지
M16HUB,2026-09-01 06:40:00,2026-09-01 06:48:00,9,46.3,2026-09-01 06:40:00,반송 지연 지속,미확인 경보; 대화 부재만으로 오경보 판정 금지
M16HUB,2026-09-01 06:50:00,2026-09-01 06:50:00,1,41.3,2026-09-01 06:50:00,반송 지연 지속,미확인 경보; 대화 부재만으로 오경보 판정 금지
M16HUB,2026-09-02 08:00:00,2026-09-02 08:01:00,2,40.9,2026-09-02 08:00:00,반송 지연 지속,미확인 경보; 대화 부재만으로 오경보 판정 금지
M16HUB,2026-09-03 00:11:00,2026-09-03 00:12:00,2,45.0,2026-09-03 00:11:00,반송 지연 지속,미확인 경보; 대화 부재만으로 오경보 판정 금지
M16HUB,2026-09-03 08:07:00,2026-09-03 08:09:00,3,45.0,2026-09-03 08:07:00,반송 지연 지속,미확인 경보; 대화 부재만으로 오경보 판정 금지
M16HUB,2026-09-03 08:31:00,2026-09-03 08:32:00,2,45.4,2026-09-03 08:31:00,반송 지연 지속,미확인 경보; 대화 부재만으로 오경보 판정 금지
M16HUB,2026-09-03 10:24:00,2026-09-03 10:35:00,12,55.5,2026-09-03 10:26:00,연결구간 지연·반입 실패,미확인 경보; 대화 부재만으로 오경보 판정 금지
M16HUB,2026-09-03 14:31:00,2026-09-03 14:39:00,9,60.4,2026-09-03 14:35:00,연결구간 지연·반입 실패,미확인 경보; 대화 부재만으로 오경보 판정 금지
M16HUB,2026-09-05 03:33:00,2026-09-05 03:42:00,10,57.6,2026-09-05 03:35:00,연결구간 지연·반입 실패,미확인 경보; 대화 부재만으로 오경보 판정 금지
M16HUB,2026-09-05 03:56:00,2026-09-05 04:00:00,5,46.8,2026-09-05 03:58:00,연결구간 지연·반입 실패,미확인 경보; 대화 부재만으로 오경보 판정 금지
M16HUB,2026-09-06 09:58:00,2026-09-06 09:58:00,1,40.2,2026-09-06 09:58:00,반송 지연 지속,미확인 경보; 대화 부재만으로 오경보 판정 금지
M16HUB,2026-09-06 10:54:00,2026-09-06 11:00:00,7,63.9,2026-09-06 10:54:00,연결구간 지연·반입 실패,미확인 경보; 대화 부재만으로 오경보 판정 금지
M16HUB,2026-09-06 11:56:00,2026-09-06 12:17:00,22,72.8,2026-09-06 11:59:00,연결구간 지연·반입 실패,미확인 경보; 대화 부재만으로 오경보 판정 금지
M16HUB,2026-09-06 12:44:00,2026-09-06 12:45:00,2,44.1,2026-09-06 12:44:00,연결구간 지연·반입 실패,미확인 경보; 대화 부재만으로 오경보 판정 금지
M16HUB,2026-09-06 12:56:00,2026-09-06 13:02:00,7,56.2,2026-09-06 12:58:00,연결구간 지연·반입 실패,미확인 경보; 대화 부재만으로 오경보 판정 금지
M16HUB,2026-09-06 13:27:00,2026-09-06 13:30:00,4,42.8,2026-09-06 13:27:00,연결구간 지연·반입 실패,미확인 경보; 대화 부재만으로 오경보 판정 금지
M16HUB,2026-09-06 14:02:00,2026-09-06 14:29:00,28,67.7,2026-09-06 14:20:00,연결구간 지연·반입 실패,미확인 경보; 대화 부재만으로 오경보 판정 금지
M16HUB,2026-09-06 14:33:00,2026-09-06 14:35:00,3,46.2,2026-09-06 14:33:00,반송 지연 지속,미확인 경보; 대화 부재만으로 오경보 판정 금지
M16HUB,2026-09-06 23:56:00,2026-09-06 23:56:00,1,42.3,2026-09-06 23:56:00,연결구간 지연·반입 실패,미확인 경보; 대화 부재만으로 오경보 판정 금지
M16HUB,2026-09-07 01:01:00,2026-09-07 01:04:00,4,45.4,2026-09-07 01:03:00,반송 지연 지속,미확인 경보; 대화 부재만으로 오경보 판정 금지
M16HUB,2026-09-07 01:52:00,2026-09-07 01:55:00,4,47.0,2026-09-07 01:52:00,연결구간 지연·반입 실패,미확인 경보; 대화 부재만으로 오경보 판정 금지
M16HUB,2026-09-07 02:18:00,2026-09-07 02:29:00,12,57.3,2026-09-07 02:21:00,연결구간 지연·반입 실패,미확인 경보; 대화 부재만으로 오경보 판정 금지
M16HUB,2026-09-07 04:56:00,2026-09-07 05:01:00,6,45.0,2026-09-07 04:56:00,반송 지연 지속,미확인 경보; 대화 부재만으로 오경보 판정 금지
M16HUB,2026-09-07 08:57:00,2026-09-07 09:16:00,20,61.4,2026-09-07 09:00:00,연결구간 지연·반입 실패,미확인 경보; 대화 부재만으로 오경보 판정 금지
M16HUB,2026-09-07 09:19:00,2026-09-07 09:27:00,9,50.9,2026-09-07 09:22:00,연결구간 지연·반입 실패,미확인 경보; 대화 부재만으로 오경보 판정 금지
M16HUB,2026-09-07 10:00:00,2026-09-07 10:01:00,2,42.7,2026-09-07 10:00:00,연결구간 지연·반입 실패,미확인 경보; 대화 부재만으로 오경보 판정 금지
M16HUB,2026-09-07 10:19:00,2026-09-07 10:24:00,6,55.0,2026-09-07 10:20:00,연결구간 지연·반입 실패,미확인 경보; 대화 부재만으로 오경보 판정 금지
M16HUB,2026-09-07 10:29:00,2026-09-07 10:35:00,7,57.1,2026-09-07 10:35:00,연결구간 지연·반입 실패,미확인 경보; 대화 부재만으로 오경보 판정 금지
M16HUB,2026-09-07 10:37:00,2026-09-07 11:06:00,30,67.8,2026-09-07 11:00:00,연결구간 지연·반입 실패,미확인 경보; 대화 부재만으로 오경보 판정 금지
M16HUB,2026-09-07 11:12:00,2026-09-07 11:13:00,2,45.1,2026-09-07 11:12:00,반송 지연 지속,미확인 경보; 대화 부재만으로 오경보 판정 금지
M16HUB,2026-09-07 11:44:00,2026-09-07 11:45:00,2,46.0,2026-09-07 11:44:00,반송 지연 지속,미확인 경보; 대화 부재만으로 오경보 판정 금지
M16HUB,2026-09-07 11:54:00,2026-09-07 11:59:00,6,58.2,2026-09-07 11:58:00,반송 지연 지속,미확인 경보; 대화 부재만으로 오경보 판정 금지
M16HUB,2026-09-08 22:41:00,2026-09-08 22:42:00,2,40.6,2026-09-08 22:41:00,연결구간 지연·반입 실패,미확인 경보; 대화 부재만으로 오경보 판정 금지
M16HUB,2026-09-09 05:38:00,2026-09-09 05:39:00,2,41.6,2026-09-09 05:38:00,연결구간 지연·반입 실패,미확인 경보; 대화 부재만으로 오경보 판정 금지
M16HUB,2026-09-09 06:27:00,2026-09-09 06:28:00,2,40.9,2026-09-09 06:27:00,연결구간 지연·반입 실패,미확인 경보; 대화 부재만으로 오경보 판정 금지
M16HUB,2026-09-09 18:46:00,2026-09-09 18:56:00,11,55.9,2026-09-09 18:48:00,연결구간 지연·반입 실패,미확인 경보; 대화 부재만으로 오경보 판정 금지
M16HUB,2026-09-09 19:10:00,2026-09-09 19:23:00,14,61.4,2026-09-09 19:18:00,연결구간 지연·반입 실패,미확인 경보; 대화 부재만으로 오경보 판정 금지
M16HUB,2026-09-09 21:29:00,2026-09-09 21:29:00,1,41.1,2026-09-09 21:29:00,연결구간 지연·반입 실패,미확인 경보; 대화 부재만으로 오경보 판정 금지
M16HUB,2026-09-09 22:01:00,2026-09-09 22:01:00,1,40.0,2026-09-09 22:01:00,연결구간 지연·반입 실패,미확인 경보; 대화 부재만으로 오경보 판정 금지
M16HUB,2026-09-09 22:14:00,2026-09-09 22:21:00,8,49.4,2026-09-09 22:18:00,연결구간 지연·반입 실패,미확인 경보; 대화 부재만으로 오경보 판정 금지
M16HUB,2026-09-09 22:55:00,2026-09-09 22:58:00,4,44.8,2026-09-09 22:55:00,연결구간 지연·반입 실패,미확인 경보; 대화 부재만으로 오경보 판정 금지
M16HUB,2026-09-10 07:19:00,2026-09-10 07:20:00,2,41.4,2026-09-10 07:19:00,연결구간 지연·반입 실패,미확인 경보; 대화 부재만으로 오경보 판정 금지
M16HUB,2026-09-10 21:01:00,2026-09-10 21:01:00,1,43.9,2026-09-10 21:01:00,반송 지연 지속,미확인 경보; 대화 부재만으로 오경보 판정 금지
M16HUB,2026-09-10 21:03:00,2026-09-10 21:03:00,1,43.9,2026-09-10 21:03:00,반송 지연 지속,미확인 경보; 대화 부재만으로 오경보 판정 금지
M16HUB,2026-09-10 21:17:00,2026-09-10 21:17:00,1,44.6,2026-09-10 21:17:00,반송 지연 지속,미확인 경보; 대화 부재만으로 오경보 판정 금지
M16HUB,2026-09-10 21:19:00,2026-09-10 21:19:00,1,44.6,2026-09-10 21:19:00,반송 지연 지속,미확인 경보; 대화 부재만으로 오경보 판정 금지
M16HUB,2026-09-10 21:27:00,2026-09-10 21:32:00,6,45.0,2026-09-10 21:27:00,반송 지연 지속,미확인 경보; 대화 부재만으로 오경보 판정 금지
M16HUB,2026-09-11 03:47:00,2026-09-11 03:50:00,4,45.0,2026-09-11 03:47:00,반송 지연 지속,미확인 경보; 대화 부재만으로 오경보 판정 금지
M16HUB,2026-09-11 03:57:00,2026-09-11 04:00:00,4,45.0,2026-09-11 03:57:00,반송 지연 지속,미확인 경보; 대화 부재만으로 오경보 판정 금지
