2026-10-02 17:39:18,367 [HID병목] ============================================================
2026-10-02 17:39:18,368 [HID병목] HID 병목 구간 — 맵 읽는 중
2026-10-02 17:39:18,616 [HID병목]   M14    HID_Zone_Master_M14A_A.csv: 구역 2009 · 주소 9401/9403 · ZONE_ID2 있는 구역 1086 · 예 ZONE_ID→ZONE_ID2 1→0, 2→2, 3→0 …
2026-10-02 17:39:18,693 [HID병목]   M14B   HID_Zone_Master_M14B_A.csv: 구역 0 · 주소 0/10159 · ZONE_ID2 있는 구역 0 · 예 ZONE_ID→ZONE_ID2  …
2026-10-02 17:39:19,011 [HID병목]   M16A   HID_Zone_Master_M16A_A.csv: 구역 3120 · 주소 12708/12714 · ZONE_ID2 있는 구역 1431 · 예 ZONE_ID→ZONE_ID2 1→0, 2→2, 3→3 …
2026-10-02 17:39:19,294 [HID병목]   M16B   HID_Zone_Master_M16B_B.csv: 구역 1979 · 주소 10934/10940 · ZONE_ID2 있는 구역 976 · 예 ZONE_ID→ZONE_ID2 1→0, 2→2, 3→3 …
2026-10-02 17:39:19,310 [HID병목]   M16HUB HID_Zone_Master_M16A_BR.csv: 구역 198 · 주소 1945/1946 · ZONE_ID2 있는 구역 57 · 예 ZONE_ID→ZONE_ID2 1→0, 2→0, 3→3 …
2026-10-02 17:39:19,315 [HID병목]   HID_ZONE = ZONE_ID — 문서 HID 구간과 일치: ZONE_ID 40% · ZONE_ID2 7% (M16HUB 주소 1944개)
2026-10-02 17:39:19,317 [HID병목]   기준 M14    경계 missing10+JAM10 / missing단독 끔 / HT_STOP 끔 / ZONE_STOP10 · 위험 missing+JAM 끔 / missing단독30 / HT_STOP10 / ZONE_STOP 끔 · 초위험 missing+JAM 끔 / missing단독100 / HT_STOP30 / ZONE_STOP 끔
2026-10-02 17:39:19,318 [HID병목]   기준 M14B   경계 missing10+JAM10 / missing단독 끔 / HT_STOP 끔 / ZONE_STOP10 · 위험 missing+JAM 끔 / missing단독30 / HT_STOP10 / ZONE_STOP 끔 · 초위험 missing+JAM 끔 / missing단독100 / HT_STOP30 / ZONE_STOP 끔
2026-10-02 17:39:19,318 [HID병목]   기준 M16A   경계 missing10+JAM10 / missing단독 끔 / HT_STOP 끔 / ZONE_STOP10 · 위험 missing+JAM 끔 / missing단독30 / HT_STOP10 / ZONE_STOP 끔 · 초위험 missing+JAM 끔 / missing단독100 / HT_STOP30 / ZONE_STOP 끔
2026-10-02 17:39:19,318 [HID병목]   기준 M16B   경계 missing10+JAM10 / missing단독 끔 / HT_STOP 끔 / ZONE_STOP10 · 위험 missing+JAM 끔 / missing단독30 / HT_STOP10 / ZONE_STOP 끔 · 초위험 missing+JAM 끔 / missing단독100 / HT_STOP30 / ZONE_STOP 끔
2026-10-02 17:39:19,319 [HID병목]   기준 M16HUB 경계 missing10+JAM10 / missing단독 끔 / HT_STOP 끔 / ZONE_STOP10 · 위험 missing+JAM 끔 / missing단독30 / HT_STOP10 / ZONE_STOP 끔 · 초위험 missing+JAM 끔 / missing단독100 / HT_STOP30 / ZONE_STOP 끔
2026-10-02 17:39:19,320 [HID병목]   저장: C:\Users\X0163954\Downloads\HID_병목구간_20261001-1\HID_BOTTLENECK
2026-10-02 17:39:19,320 [HID병목] ============================================================
2026-10-02 17:39:19,320 [HID병목]   문제맵: ALARM 경계 이상인 1분마다 → C:\Users\X0163954\Downloads\HID_병목구간_20261001-1\HID_BOTTLENECK\PROBLEM_MAP (실시간 켬 · 과거 판정 끔)
2026-10-02 17:39:20,255 [HID병목]   M14: remote 없이 조회로 확정
2026-10-02 17:39:20,503 [HID병목]   ▲ M14 17:29:10 초위험 — missing 348 단독 (≥100) → HID_ZONE 4285 HID-B429-1(4285)(2/0/0)
2026-10-02 17:39:20,503 [HID병목]   ▲ M14 17:32:30 초위험 — missing 342 단독 (≥100) → HID_ZONE 4285 HID-B429-1(4285)(1/0/0)
2026-10-02 17:39:20,505 [HID병목]   ▲ M14 17:37:30 초위험 — missing 343 단독 (≥100) → HID_ZONE 4285 HID-B429-1(4285)(1/0/0)
2026-10-02 17:39:21,668 [HID병목]   🗺 문제맵 M14 2026-10-02 17:29 초위험 · 1위 HID 4285 → PROBLEM_MAP_M14_20261002_1729_CRITICAL.html
2026-10-02 17:39:22,579 [HID병목]   🗺 문제맵 M14 2026-10-02 17:33 초위험 · 1위 HID 4285 → PROBLEM_MAP_M14_20261002_1733_CRITICAL.html
2026-10-02 17:39:23,491 [HID병목]   🗺 문제맵 M14 2026-10-02 17:38 초위험 · 1위 HID 4285 → PROBLEM_MAP_M14_20261002_1738_CRITICAL.html
2026-10-02 17:39:23,945 [HID병목]   M14B: remote 없이 조회로 확정
2026-10-02 17:39:24,487 [HID병목]   M16A: remote 없이 조회로 확정
2026-10-02 17:39:25,019 [HID병목]   M16B: remote 없이 조회로 확정
2026-10-02 17:39:25,366 [HID병목]   M16HUB: remote 없이 조회로 확정
2026-10-02 17:39:25,420 [HID병목]   [17:37:30] M14 초위험(보고 1059 미보고 343 JAM 0 HT 0) · M14B 정상(보고 833 미보고 0 JAM 0 HT 0) · M16A 정상(보고 1000 미보고 5 JAM 0 HT 0) · M16B 정상(보고 773 미보고 1 JAM 0 HT 0) · M16HUB 정상(보고 270 미보고 0 JAM 0 HT 0)
2026-10-02 17:39:41,684 [HID병목]   [17:38:20] M14 정상(보고 1402 미보고 0 JAM 0 HT 0) · M14B 정상(보고 833 미보고 0 JAM 0 HT 0) · M16A 정상(보고 1001 미보고 4 JAM 0 HT 0) · M16B 정상(보고 774 미보고 0 JAM 0 HT 0) · M16HUB 정상(보고 270 미보고 0 JAM 0 HT 0)
2026-10-02 17:40:01,634 [HID병목] 멈춤 (Ctrl+C)
2026-10-02 17:59:00,697 [HID병목] ============================================================
2026-10-02 17:59:00,697 [HID병목] HID 병목 구간 — 맵 읽는 중
2026-10-02 17:59:00,702 [HID병목]   돌릴 FAB (RUN_FABS): M16HUB
2026-10-02 17:59:00,702 [HID병목]   기준 M16HUB 경계 missing10+JAM10 / missing단독 끔 / HT_STOP 끔 / ZONE_STOP10 · 위험 missing+JAM 끔 / missing단독30 / HT_STOP10 / ZONE_STOP 끔 · 초위험 missing+JAM 끔 / missing단독100 / HT_STOP30 / ZONE_STOP 끔
2026-10-02 17:59:00,730 [HID병목]   M16HUB HID_Zone_Master_M16A_BR.csv: 구역 198 · 주소 1945/1946 · ZONE_ID2 있는 구역 57 · 예 ZONE_ID→ZONE_ID2 1→0, 2→0, 3→3 …
2026-10-02 17:59:00,736 [HID병목]   HID_ZONE = ZONE_ID — 문서 HID 구간과 일치: ZONE_ID 40% · ZONE_ID2 7% (M16HUB 주소 1944개)
2026-10-02 17:59:00,736 [HID병목]   돌리는 FAB: M16HUB
2026-10-02 17:59:00,737 [HID병목]   저장: C:\Users\X0163954\Downloads\HID_병목구간_20261001-1\HID_BOTTLENECK
2026-10-02 17:59:00,737 [HID병목] ============================================================
2026-10-02 17:59:00,739 [HID병목]   문제맵: ALARM 경계 이상인 1분마다 → C:\Users\X0163954\Downloads\HID_병목구간_20261001-1\HID_BOTTLENECK\PROBLEM_MAP (실시간 켬 · 과거 판정 끔)
2026-10-02 17:59:01,498 [HID병목] 멈춤 (Ctrl+C)
2026-10-02 17:59:12,691 [HID병목] ============================================================
2026-10-02 17:59:12,692 [HID병목] HID 병목 구간 — 맵 읽는 중
2026-10-02 17:59:12,696 [HID병목]   돌릴 FAB (RUN_FABS): M16HUB
2026-10-02 17:59:12,696 [HID병목]   기준 M16HUB 경계 missing10+JAM10 / missing단독 끔 / HT_STOP 끔 / ZONE_STOP10 · 위험 missing+JAM 끔 / missing단독30 / HT_STOP10 / ZONE_STOP 끔 · 초위험 missing+JAM 끔 / missing단독100 / HT_STOP30 / ZONE_STOP 끔
2026-10-02 17:59:12,717 [HID병목]   M16HUB HID_Zone_Master_M16A_BR.csv: 구역 198 · 주소 1945/1946 · ZONE_ID2 있는 구역 57 · 예 ZONE_ID→ZONE_ID2 1→0, 2→0, 3→3 …
2026-10-02 17:59:12,722 [HID병목]   HID_ZONE = ZONE_ID — 문서 HID 구간과 일치: ZONE_ID 40% · ZONE_ID2 7% (M16HUB 주소 1944개)
2026-10-02 17:59:12,722 [HID병목]   돌리는 FAB: M16HUB
2026-10-02 17:59:12,723 [HID병목]   저장: C:\Users\X0163954\Downloads\HID_병목구간_20261001-1\HID_BOTTLENECK
2026-10-02 17:59:12,723 [HID병목] ============================================================
2026-10-02 17:59:12,724 [HID병목]   문제맵: ALARM 경계 이상인 1분마다 → C:\Users\X0163954\Downloads\HID_병목구간_20261001-1\HID_BOTTLENECK\PROBLEM_MAP (실시간 켬 · 과거 판정 끔)
2026-10-02 17:59:13,145 [HID병목]   M16HUB: remote 없이 조회로 확정
2026-10-02 17:59:13,205 [HID병목]   [17:57:30] M16HUB 정상(보고 270 미보고 0 JAM 0 HT 0)
2026-10-02 17:59:41,080 [HID병목]   [17:58:20] M16HUB 정상(보고 270 미보고 0 JAM 0 HT 0)
2026-10-02 17:59:46,135 [HID병목] 멈춤 (Ctrl+C)
2026-10-02 18:11:38,946 [HID병목] ============================================================
2026-10-02 18:11:38,946 [HID병목] HID 병목 구간 — 맵 읽는 중
2026-10-02 18:11:38,950 [HID병목]   돌릴 FAB (RUN_FABS): M16HUB
2026-10-02 18:11:38,951 [HID병목]   기준 M16HUB 경계 missing10+JAM10 / missing단독 끔 / ZONE_STOP10 · 위험 missing+JAM 끔 / missing단독30 / ZONE_STOP 끔 · 초위험 missing+JAM 끔 / missing단독100 / ZONE_STOP 끔
2026-10-02 18:11:38,971 [HID병목]   M16HUB HID_Zone_Master_M16A_BR.csv: 구역 198 · 주소 1945/1946 · ZONE_ID2 있는 구역 57 · 예 ZONE_ID→ZONE_ID2 1→0, 2→0, 3→3 …
2026-10-02 18:11:38,976 [HID병목]   HID_ZONE = ZONE_ID — 문서 HID 구간과 일치: ZONE_ID 40% · ZONE_ID2 7% (M16HUB 주소 1944개)
2026-10-02 18:11:38,977 [HID병목]   돌리는 FAB: M16HUB
2026-10-02 18:11:38,977 [HID병목]   저장: C:\Users\X0163954\Downloads\HID_병목구간_20261001-1\HID_BOTTLENECK
2026-10-02 18:11:38,978 [HID병목] ============================================================
2026-10-02 18:11:38,978 [HID병목]   문제맵: ALARM 경계 이상인 1분마다 → C:\Users\X0163954\Downloads\HID_병목구간_20261001-1\HID_BOTTLENECK\PROBLEM_MAP (실시간 켬 · 과거 판정 끔)
2026-10-02 18:11:39,448 [HID병목]   M16HUB: remote 없이 조회로 확정
2026-10-02 18:11:39,510 [HID병목]   [18:10:00] M16HUB 정상(보고 270 미보고 0 JAM 0)
2026-10-02 18:12:07,970 [HID병목] 멈춤 (Ctrl+C)
2026-10-02 18:19:01,634 [HID병목] ============================================================
2026-10-02 18:19:01,634 [HID병목] HID 병목 구간 — 맵 읽는 중
2026-10-02 18:19:01,635 [HID병목]   돌릴 FAB (RUN_FABS): M16HUB
2026-10-02 18:19:01,635 [HID병목]   기준 M16HUB 경계 missing10+JAM10 / missing단독 끔 / ZONE_STOP10 · 위험 missing+JAM 끔 / missing단독30 / ZONE_STOP 끔 · 초위험 missing+JAM 끔 / missing단독100 / ZONE_STOP 끔
2026-10-02 18:19:01,652 [HID병목]   M16HUB HID_Zone_Master_M16A_BR.csv: 구역 198 · 주소 1945/1946 · ZONE_ID2 있는 구역 57 · 예 ZONE_ID→ZONE_ID2 1→0, 2→0, 3→3 …
2026-10-02 18:19:01,656 [HID병목]   HID_ZONE = ZONE_ID — 문서 HID 구간과 일치: ZONE_ID 40% · ZONE_ID2 7% (M16HUB 주소 1944개)
2026-10-02 18:19:01,656 [HID병목]   돌리는 FAB: M16HUB
2026-10-02 18:19:01,656 [HID병목]   저장: /project/pjt_shared_pool/job/vhl_ohl/HID_BOTTLENECK
2026-10-02 18:19:01,656 [HID병목] ============================================================
2026-10-02 18:19:01,656 [HID병목]   문제맵: ALARM 경계 이상인 1분마다 → /project/pjt_shared_pool/job/vhl_ohl/HID_BOTTLENECK/PROBLEM_MAP (실시간 켬 · 과거 판정 끔)
2026-10-02 18:19:01,782 [HID병목]   M16HUB: remote 없이 조회로 확정
2026-10-02 18:19:01,840 [HID병목]   [18:17:30] M16HUB 정상(보고 270 미보고 0 JAM 0)
2026-10-02 18:19:41,037 [HID병목]   [18:18:20] M16HUB 정상(보고 270 미보고 0 JAM 0)
2026-10-02 18:20:31,027 [HID병목]   [18:19:10] M16HUB 정상(보고 270 미보고 0 JAM 0)
2026-10-02 18:21:21,048 [HID병목]   [18:20:00] M16HUB 정상(보고 270 미보고 0 JAM 0)
2026-10-02 18:22:11,069 [HID병목]   [18:20:50] M16HUB 정상(보고 270 미보고 0 JAM 0)
2026-10-02 18:23:01,037 [HID병목]   [18:21:40] M16HUB 정상(보고 270 미보고 0 JAM 0)
2026-10-02 18:23:51,067 [HID병목]   [18:22:30] M16HUB 정상(보고 270 미보고 0 JAM 0)
2026-10-02 18:24:41,036 [HID병목]   [18:23:20] M16HUB 정상(보고 270 미보고 0 JAM 0)
2026-10-02 18:25:31,067 [HID병목]   [18:24:10] M16HUB 정상(보고 270 미보고 0 JAM 0)
2026-10-02 18:26:21,028 [HID병목]   [18:25:00] M16HUB 정상(보고 270 미보고 0 JAM 0)
2026-10-02 18:27:11,063 [HID병목]   [18:25:50] M16HUB 정상(보고 270 미보고 0 JAM 0)
2026-10-02 18:28:01,127 [HID병목]   [18:26:40] M16HUB 정상(보고 270 미보고 0 JAM 0)
2026-10-02 18:28:51,069 [HID병목]   [18:27:30] M16HUB 정상(보고 270 미보고 0 JAM 0)
2026-10-02 18:29:41,045 [HID병목]   [18:28:20] M16HUB 정상(보고 270 미보고 0 JAM 0)
2026-10-02 18:30:31,058 [HID병목]   [18:29:10] M16HUB 정상(보고 270 미보고 0 JAM 0)
2026-10-02 18:31:21,059 [HID병목]   [18:30:00] M16HUB 정상(보고 270 미보고 0 JAM 0)
2026-10-02 18:32:11,069 [HID병목]   [18:30:50] M16HUB 정상(보고 270 미보고 0 JAM 0)
2026-10-02 18:33:01,021 [HID병목]   [18:31:40] M16HUB 정상(보고 270 미보고 0 JAM 0)
2026-10-02 18:33:51,059 [HID병목]   [18:32:30] M16HUB 정상(보고 270 미보고 0 JAM 0)
2026-10-02 18:34:41,065 [HID병목]   [18:33:20] M16HUB 정상(보고 270 미보고 0 JAM 0)
2026-10-02 18:35:31,020 [HID병목]   [18:34:10] M16HUB 정상(보고 270 미보고 0 JAM 0)
2026-10-02 18:36:21,070 [HID병목]   [18:35:00] M16HUB 정상(보고 270 미보고 0 JAM 0)
2026-10-02 18:37:11,048 [HID병목]   [18:35:50] M16HUB 정상(보고 270 미보고 0 JAM 0)
2026-10-02 18:38:01,089 [HID병목]   [18:36:40] M16HUB 정상(보고 270 미보고 0 JAM 0)
2026-10-02 18:38:51,066 [HID병목]   [18:37:30] M16HUB 정상(보고 270 미보고 0 JAM 0)
2026-10-02 18:39:41,037 [HID병목]   [18:38:20] M16HUB 정상(보고 270 미보고 0 JAM 0)
2026-10-02 18:40:24,701 [HID병목] ============================================================
2026-10-02 18:40:24,701 [HID병목] HID 병목 구간 — 맵 읽는 중
2026-10-02 18:40:24,702 [HID병목]   돌릴 FAB (RUN_FABS): M16HUB
2026-10-02 18:40:24,702 [HID병목]   기준 M16HUB 경계 missing10+JAM10 / missing단독 끔 / ZONE_STOP10 · 위험 missing+JAM 끔 / missing단독30 / ZONE_STOP 끔 · 초위험 missing+JAM 끔 / missing단독100 / ZONE_STOP 끔
2026-10-02 18:40:24,719 [HID병목]   M16HUB HID_Zone_Master_M16A_BR.csv: 구역 198 · 주소 1945/1946 · ZONE_ID2 있는 구역 57 · 예 ZONE_ID→ZONE_ID2 1→0, 2→0, 3→3 …
2026-10-02 18:40:24,723 [HID병목]   HID_ZONE = ZONE_ID — 문서 HID 구간과 일치: ZONE_ID 40% · ZONE_ID2 7% (M16HUB 주소 1944개)
2026-10-02 18:40:24,723 [HID병목]   돌리는 FAB: M16HUB
2026-10-02 18:40:24,723 [HID병목]   저장: /project/pjt_shared_pool/job/vhl_ohl/HID_BOTTLENECK
2026-10-02 18:40:24,723 [HID병목] ============================================================
2026-10-02 18:40:24,723 [HID병목]   문제맵: ALARM 경계 이상인 1분마다 → /project/pjt_shared_pool/job/vhl_ohl/HID_BOTTLENECK/PROBLEM_MAP (실시간 켬 · 과거 판정 끔)
2026-10-02 18:40:25,141 [HID병목]   M16HUB: remote 없이 조회로 확정
2026-10-02 18:40:25,193 [HID병목]   [18:38:20] M16HUB 정상(보고 270 미보고 0 JAM 0)
2026-10-02 18:40:31,019 [HID병목]   [18:39:10] M16HUB 정상(보고 270 미보고 0 JAM 0)
2026-10-02 18:41:21,606 [HID병목]   [18:40:00] M16HUB 정상(보고 270 미보고 0 JAM 0)
2026-10-02 18:42:11,018 [HID병목]   [18:40:50] M16HUB 정상(보고 270 미보고 0 JAM 0)
2026-10-02 18:43:01,054 [HID병목]   [18:41:40] M16HUB 정상(보고 270 미보고 0 JAM 0)
2026-10-02 18:43:51,024 [HID병목]   [18:42:30] M16HUB 정상(보고 270 미보고 0 JAM 0)
2026-10-02 18:44:41,068 [HID병목]   [18:43:20] M16HUB 정상(보고 270 미보고 0 JAM 0)
2026-10-02 18:45:31,030 [HID병목]   [18:44:10] M16HUB 정상(보고 270 미보고 0 JAM 0)
2026-10-02 18:46:21,060 [HID병목]   [18:45:00] M16HUB 정상(보고 270 미보고 0 JAM 0)
2026-10-02 18:47:11,067 [HID병목]   [18:45:50] M16HUB 정상(보고 270 미보고 0 JAM 0)
2026-10-02 18:48:01,081 [HID병목]   [18:46:40] M16HUB 정상(보고 270 미보고 0 JAM 0)
2026-10-02 18:48:18,925 [HID병목] ============================================================
2026-10-02 18:48:18,925 [HID병목] HID 병목 구간 — 맵 읽는 중
2026-10-02 18:48:18,926 [HID병목]   돌릴 FAB (RUN_FABS): M16HUB
2026-10-02 18:48:18,926 [HID병목]   기준 M16HUB 경계 missing10+JAM10 / missing단독 끔 / ZONE_STOP10 · 위험 missing+JAM 끔 / missing단독30 / ZONE_STOP 끔 · 초위험 missing+JAM 끔 / missing단독100 / ZONE_STOP 끔
2026-10-02 18:48:18,943 [HID병목]   M16HUB HID_Zone_Master_M16A_BR.csv: 구역 198 · 주소 1945/1946 · ZONE_ID2 있는 구역 57 · 예 ZONE_ID→ZONE_ID2 1→0, 2→0, 3→3 …
2026-10-02 18:48:18,947 [HID병목]   HID_ZONE = ZONE_ID — 문서 HID 구간과 일치: ZONE_ID 40% · ZONE_ID2 7% (M16HUB 주소 1944개)
2026-10-02 18:48:18,947 [HID병목]   돌리는 FAB: M16HUB
2026-10-02 18:48:18,947 [HID병목]   저장: /project/pjt_shared_pool/job/vhl_ohl/HID_BOTTLENECK
2026-10-02 18:48:18,947 [HID병목] ============================================================
2026-10-02 18:48:18,947 [HID병목]   문제맵: ALARM 경계 이상인 1분마다 → /project/pjt_shared_pool/job/vhl_ohl/HID_BOTTLENECK/PROBLEM_MAP (실시간 켬 · 과거 판정 끔)
2026-10-02 18:48:19,575 [HID병목]   M16HUB: remote 없이 조회로 확정
2026-10-02 18:48:19,630 [HID병목]   [18:46:40] M16HUB 정상(보고 270 미보고 0 JAM 0)
2026-10-02 18:48:51,032 [HID병목]   [18:47:30] M16HUB 정상(보고 270 미보고 0 JAM 0)
2026-10-02 18:49:41,065 [HID병목]   [18:48:20] M16HUB 정상(보고 270 미보고 0 JAM 0)
2026-10-02 18:50:31,027 [HID병목]   [18:49:10] M16HUB 정상(보고 270 미보고 0 JAM 0)
2026-10-02 18:51:21,037 [HID병목]   [18:50:00] M16HUB 정상(보고 270 미보고 0 JAM 0)
2026-10-02 18:52:11,028 [HID병목]   [18:50:50] M16HUB 정상(보고 270 미보고 0 JAM 0)
2026-10-02 18:53:01,034 [HID병목]   [18:51:40] M16HUB 정상(보고 270 미보고 0 JAM 0)
2026-10-02 18:53:51,095 [HID병목]   [18:52:30] M16HUB 정상(보고 270 미보고 0 JAM 0)
2026-10-02 18:54:41,065 [HID병목]   [18:53:20] M16HUB 정상(보고 270 미보고 0 JAM 0)
2026-10-02 18:55:31,016 [HID병목]   [18:54:10] M16HUB 정상(보고 270 미보고 0 JAM 0)
2026-10-02 18:56:21,018 [HID병목]   [18:55:00] M16HUB 정상(보고 270 미보고 0 JAM 0)
2026-10-02 18:57:11,054 [HID병목]   [18:55:50] M16HUB 정상(보고 270 미보고 0 JAM 0)
2026-10-02 18:57:41,569 [HID병목] ============================================================
2026-10-02 18:57:41,569 [HID병목] HID 병목 구간 — 맵 읽는 중
2026-10-02 18:57:41,570 [HID병목]   돌릴 FAB (RUN_FABS): M16HUB
2026-10-02 18:57:41,570 [HID병목]   기준 M16HUB 경계 missing10+JAM10 / missing단독 끔 / ZONE_STOP10 · 위험 missing+JAM 끔 / missing단독30 / ZONE_STOP 끔 · 초위험 missing+JAM 끔 / missing단독100 / ZONE_STOP 끔
2026-10-02 18:57:41,587 [HID병목]   M16HUB HID_Zone_Master_M16A_BR.csv: 구역 198 · 주소 1945/1946 · ZONE_ID2 있는 구역 57 · 예 ZONE_ID→ZONE_ID2 1→0, 2→0, 3→3 …
2026-10-02 18:57:41,591 [HID병목]   HID_ZONE = ZONE_ID — 문서 HID 구간과 일치: ZONE_ID 40% · ZONE_ID2 7% (M16HUB 주소 1944개)
2026-10-02 18:57:41,591 [HID병목]   돌리는 FAB: M16HUB
2026-10-02 18:57:41,591 [HID병목]   저장: /project/pjt_shared_pool/job/vhl_ohl/HID_BOTTLENECK
2026-10-02 18:57:41,591 [HID병목] ============================================================
2026-10-02 18:57:41,591 [HID병목]   문제맵: ALARM 경계 이상인 1분마다 → /project/pjt_shared_pool/job/vhl_ohl/HID_BOTTLENECK/PROBLEM_MAP (실시간 켬 · 과거 판정 끔)
2026-10-02 18:57:41,619 [HID병목]   M16HUB: remote 없이 조회로 확정
2026-10-02 18:57:41,684 [HID병목]   [18:55:50] M16HUB 정상(보고 270 미보고 0 JAM 0)
2026-10-02 18:58:01,114 [HID병목]   [18:56:40] M16HUB 정상(보고 270 미보고 0 JAM 0)
2026-10-02 18:58:51,034 [HID병목]   [18:57:30] M16HUB 정상(보고 270 미보고 0 JAM 0)
2026-10-02 18:59:41,037 [HID병목]   [18:58:20] M16HUB 정상(보고 270 미보고 0 JAM 0)
2026-10-02 19:00:31,036 [HID병목]   [18:59:10] M16HUB 정상(보고 270 미보고 0 JAM 0)
2026-10-02 19:01:21,076 [HID병목]   [19:00:00] M16HUB 정상(보고 270 미보고 0 JAM 0)
2026-10-02 19:02:11,076 [HID병목]   [19:00:50] M16HUB 정상(보고 270 미보고 0 JAM 0)
2026-10-02 19:03:01,060 [HID병목]   [19:01:40] M16HUB 정상(보고 270 미보고 0 JAM 0)
2026-10-02 19:03:51,051 [HID병목]   [19:02:30] M16HUB 정상(보고 270 미보고 0 JAM 0)
2026-10-02 19:04:41,065 [HID병목]   [19:03:20] M16HUB 정상(보고 270 미보고 0 JAM 0)
2026-10-02 19:05:31,059 [HID병목]   [19:04:10] M16HUB 정상(보고 270 미보고 0 JAM 0)
2026-10-02 19:06:21,813 [HID병목]   [19:05:00] M16HUB 정상(보고 270 미보고 0 JAM 0)
2026-10-02 19:07:11,074 [HID병목]   [19:05:50] M16HUB 정상(보고 270 미보고 0 JAM 0)
2026-10-02 19:08:01,046 [HID병목]   [19:06:40] M16HUB 정상(보고 270 미보고 0 JAM 0)
2026-10-02 19:08:51,076 [HID병목]   [19:07:30] M16HUB 정상(보고 270 미보고 0 JAM 0)
2026-10-02 19:09:41,059 [HID병목]   [19:08:20] M16HUB 정상(보고 270 미보고 0 JAM 0)
2026-10-02 19:10:31,077 [HID병목]   [19:09:10] M16HUB 정상(보고 270 미보고 0 JAM 0)
2026-10-02 19:11:21,066 [HID병목]   [19:10:00] M16HUB 정상(보고 270 미보고 0 JAM 0)
2026-10-02 19:12:11,031 [HID병목]   [19:10:50] M16HUB 정상(보고 270 미보고 0 JAM 0)
2026-10-02 19:13:01,083 [HID병목]   [19:11:40] M16HUB 정상(보고 270 미보고 0 JAM 0)
2026-10-02 19:13:51,053 [HID병목]   [19:12:30] M16HUB 정상(보고 270 미보고 0 JAM 0)
2026-10-02 19:14:41,065 [HID병목]   [19:13:20] M16HUB 정상(보고 270 미보고 0 JAM 0)
2026-10-02 19:15:31,074 [HID병목]   [19:14:10] M16HUB 정상(보고 270 미보고 0 JAM 0)
2026-10-02 19:16:21,100 [HID병목]   [19:15:00] M16HUB 정상(보고 270 미보고 0 JAM 0)
2026-10-02 19:17:11,367 [HID병목]   [19:15:50] M16HUB 정상(보고 270 미보고 0 JAM 0)
2026-10-02 19:18:01,288 [HID병목]   [19:16:40] M16HUB 정상(보고 270 미보고 0 JAM 0)
2026-10-02 19:18:51,187 [HID병목]   [19:17:30] M16HUB 정상(보고 270 미보고 0 JAM 0)
2026-10-02 19:19:42,279 [HID병목]   [19:18:20] M16HUB 정상(보고 270 미보고 0 JAM 0)
2026-10-02 19:20:31,050 [HID병목]   [19:19:10] M16HUB 정상(보고 270 미보고 0 JAM 0)
2026-10-02 19:21:21,076 [HID병목]   [19:20:00] M16HUB 정상(보고 270 미보고 0 JAM 0)
2026-10-02 19:22:11,076 [HID병목]   [19:20:50] M16HUB 정상(보고 270 미보고 0 JAM 0)
2026-10-02 19:23:01,164 [HID병목]   [19:21:40] M16HUB 정상(보고 270 미보고 0 JAM 0)
2026-10-02 19:23:51,045 [HID병목]   [19:22:30] M16HUB 정상(보고 270 미보고 0 JAM 0)
2026-10-02 19:24:41,066 [HID병목]   [19:23:20] M16HUB 정상(보고 270 미보고 0 JAM 0)
2026-10-02 19:25:31,033 [HID병목]   [19:24:10] M16HUB 정상(보고 270 미보고 0 JAM 0)
2026-10-02 19:26:21,031 [HID병목]   [19:25:00] M16HUB 정상(보고 270 미보고 0 JAM 0)
2026-10-02 19:27:11,068 [HID병목]   [19:25:50] M16HUB 정상(보고 270 미보고 0 JAM 0)
2026-10-02 19:28:01,047 [HID병목]   [19:26:40] M16HUB 정상(보고 270 미보고 0 JAM 0)
2026-10-02 19:28:51,075 [HID병목]   [19:27:30] M16HUB 정상(보고 270 미보고 0 JAM 0)
2026-10-02 19:29:41,068 [HID병목]   [19:28:20] M16HUB 정상(보고 270 미보고 0 JAM 0)
2026-10-02 19:30:31,075 [HID병목]   [19:29:10] M16HUB 정상(보고 270 미보고 0 JAM 0)
2026-10-02 19:31:21,570 [HID병목]   [19:30:00] M16HUB 정상(보고 270 미보고 0 JAM 0)
2026-10-02 19:32:11,075 [HID병목]   [19:30:50] M16HUB 정상(보고 270 미보고 0 JAM 0)
2026-10-02 19:33:01,085 [HID병목]   [19:31:40] M16HUB 정상(보고 270 미보고 0 JAM 0)
2026-10-02 19:33:51,027 [HID병목]   [19:32:30] M16HUB 정상(보고 270 미보고 0 JAM 0)
2026-10-02 19:34:41,030 [HID병목]   [19:33:20] M16HUB 정상(보고 270 미보고 0 JAM 0)
2026-10-02 19:35:31,075 [HID병목]   [19:34:10] M16HUB 정상(보고 270 미보고 0 JAM 0)
2026-10-02 19:36:21,027 [HID병목]   [19:35:00] M16HUB 정상(보고 270 미보고 0 JAM 0)
2026-10-02 19:37:11,075 [HID병목]   [19:35:50] M16HUB 정상(보고 270 미보고 0 JAM 0)
2026-10-02 19:38:01,154 [HID병목]   [19:36:40] M16HUB 정상(보고 270 미보고 0 JAM 0)
2026-10-02 19:38:51,056 [HID병목]   [19:37:30] M16HUB 정상(보고 270 미보고 0 JAM 0)
2026-10-02 19:39:41,042 [HID병목]   [19:38:20] M16HUB 정상(보고 270 미보고 0 JAM 0)
2026-10-02 19:40:31,066 [HID병목]   [19:39:10] M16HUB 정상(보고 270 미보고 0 JAM 0)
2026-10-02 19:41:21,908 [HID병목]   [19:40:00] M16HUB 정상(보고 270 미보고 0 JAM 0)
2026-10-02 19:42:11,093 [HID병목]   [19:40:50] M16HUB 정상(보고 270 미보고 0 JAM 0)
2026-10-02 19:43:01,092 [HID병목]   [19:41:40] M16HUB 정상(보고 270 미보고 0 JAM 0)
2026-10-02 19:43:51,067 [HID병목]   [19:42:30] M16HUB 정상(보고 270 미보고 0 JAM 0)
2026-10-02 19:44:41,057 [HID병목]   [19:43:20] M16HUB 정상(보고 270 미보고 0 JAM 0)
2026-10-02 19:45:31,095 [HID병목]   [19:44:10] M16HUB 정상(보고 270 미보고 0 JAM 0)
2026-10-02 19:46:21,077 [HID병목]   [19:45:00] M16HUB 정상(보고 269 미보고 1 JAM 0)
2026-10-02 19:47:11,063 [HID병목]   [19:45:50] M16HUB 정상(보고 269 미보고 1 JAM 0)
2026-10-02 19:48:01,083 [HID병목]   [19:46:40] M16HUB 정상(보고 270 미보고 0 JAM 0)
2026-10-02 19:48:51,066 [HID병목]   [19:47:30] M16HUB 정상(보고 270 미보고 0 JAM 0)
2026-10-02 19:49:41,067 [HID병목]   [19:48:20] M16HUB 정상(보고 269 미보고 1 JAM 0)
2026-10-02 19:50:31,042 [HID병목]   [19:49:10] M16HUB 정상(보고 269 미보고 1 JAM 0)
2026-10-02 19:51:21,473 [HID병목]   [19:50:00] M16HUB 정상(보고 270 미보고 0 JAM 0)
2026-10-02 19:52:11,037 [HID병목]   [19:50:50] M16HUB 정상(보고 269 미보고 1 JAM 0)
2026-10-02 19:53:01,049 [HID병목]   [19:51:40] M16HUB 정상(보고 270 미보고 0 JAM 0)
2026-10-02 19:53:51,074 [HID병목]   [19:52:30] M16HUB 정상(보고 269 미보고 1 JAM 0)
2026-10-02 19:54:41,067 [HID병목]   [19:53:20] M16HUB 정상(보고 270 미보고 0 JAM 0)
2026-10-02 19:55:31,043 [HID병목]   [19:54:10] M16HUB 정상(보고 270 미보고 0 JAM 0)
2026-10-02 19:56:21,068 [HID병목]   [19:55:00] M16HUB 정상(보고 270 미보고 0 JAM 0)
2026-10-02 19:57:11,077 [HID병목]   [19:55:50] M16HUB 정상(보고 270 미보고 0 JAM 0)
2026-10-02 19:58:01,108 [HID병목]   [19:56:40] M16HUB 정상(보고 270 미보고 0 JAM 0)
2026-10-02 19:58:51,076 [HID병목]   [19:57:30] M16HUB 정상(보고 270 미보고 0 JAM 0)
2026-10-02 19:59:41,068 [HID병목]   [19:58:20] M16HUB 정상(보고 269 미보고 1 JAM 0)
2026-10-02 20:00:31,028 [HID병목]   [19:59:10] M16HUB 정상(보고 269 미보고 1 JAM 0)
2026-10-02 20:01:21,331 [HID병목]   [20:00:00] M16HUB 정상(보고 270 미보고 0 JAM 0)
2026-10-02 20:02:11,025 [HID병목]   [20:00:50] M16HUB 정상(보고 270 미보고 0 JAM 0)
2026-10-02 20:03:01,041 [HID병목]   [20:01:40] M16HUB 정상(보고 270 미보고 0 JAM 0)
2026-10-02 20:03:51,025 [HID병목]   [20:02:30] M16HUB 정상(보고 270 미보고 0 JAM 0)
2026-10-02 20:04:41,035 [HID병목]   [20:03:20] M16HUB 정상(보고 270 미보고 0 JAM 0)
2026-10-02 20:05:31,078 [HID병목]   [20:04:10] M16HUB 정상(보고 270 미보고 0 JAM 0)
2026-10-02 20:06:21,337 [HID병목]   [20:05:00] M16HUB 정상(보고 270 미보고 0 JAM 0)
2026-10-02 20:07:11,075 [HID병목]   [20:05:50] M16HUB 정상(보고 270 미보고 0 JAM 0)
2026-10-02 20:08:01,045 [HID병목]   [20:06:40] M16HUB 정상(보고 270 미보고 0 JAM 0)
2026-10-02 20:08:51,081 [HID병목]   [20:07:30] M16HUB 정상(보고 270 미보고 0 JAM 0)
2026-10-02 20:09:41,017 [HID병목]   [20:08:20] M16HUB 정상(보고 270 미보고 0 JAM 0)
2026-10-02 20:10:31,039 [HID병목]   [20:09:10] M16HUB 정상(보고 269 미보고 1 JAM 0)
2026-10-02 20:11:21,029 [HID병목]   [20:10:00] M16HUB 정상(보고 270 미보고 0 JAM 0)
2026-10-02 20:12:11,031 [HID병목]   [20:10:50] M16HUB 정상(보고 269 미보고 1 JAM 0)
2026-10-02 20:13:01,042 [HID병목]   [20:11:40] M16HUB 정상(보고 269 미보고 1 JAM 0)
2026-10-02 20:13:51,041 [HID병목]   [20:12:30] M16HUB 정상(보고 270 미보고 0 JAM 0)
2026-10-02 20:14:41,067 [HID병목]   [20:13:20] M16HUB 정상(보고 270 미보고 0 JAM 0)
2026-10-02 20:15:31,094 [HID병목]   [20:14:10] M16HUB 정상(보고 270 미보고 0 JAM 0)
2026-10-02 20:16:21,070 [HID병목]   [20:15:00] M16HUB 정상(보고 270 미보고 0 JAM 0)
2026-10-02 20:17:11,060 [HID병목]   [20:15:50] M16HUB 정상(보고 270 미보고 0 JAM 0)
2026-10-02 20:18:01,049 [HID병목]   [20:16:40] M16HUB 정상(보고 270 미보고 0 JAM 0)
2026-10-02 20:18:51,051 [HID병목]   [20:17:30] M16HUB 정상(보고 270 미보고 0 JAM 0)
2026-10-02 20:19:41,041 [HID병목]   [20:18:20] M16HUB 정상(보고 270 미보고 0 JAM 0)
2026-10-02 20:20:31,067 [HID병목]   [20:19:10] M16HUB 정상(보고 270 미보고 0 JAM 0)
2026-10-02 20:21:21,079 [HID병목]   [20:20:00] M16HUB 정상(보고 269 미보고 1 JAM 0)
2026-10-02 20:22:11,041 [HID병목]   [20:20:50] M16HUB 정상(보고 270 미보고 0 JAM 0)
2026-10-02 20:23:01,040 [HID병목]   [20:21:40] M16HUB 정상(보고 270 미보고 0 JAM 0)
2026-10-02 20:23:51,076 [HID병목]   [20:22:30] M16HUB 정상(보고 269 미보고 1 JAM 0)
2026-10-02 20:24:41,051 [HID병목]   [20:23:20] M16HUB 정상(보고 270 미보고 0 JAM 0)
2026-10-02 20:25:31,036 [HID병목]   [20:24:10] M16HUB 정상(보고 269 미보고 1 JAM 0)
2026-10-02 20:26:21,076 [HID병목]   [20:25:00] M16HUB 정상(보고 269 미보고 1 JAM 0)
2026-10-02 20:27:11,069 [HID병목]   [20:25:50] M16HUB 정상(보고 269 미보고 1 JAM 0)
2026-10-02 20:28:01,042 [HID병목]   [20:26:40] M16HUB 정상(보고 269 미보고 1 JAM 0)
2026-10-02 20:28:51,076 [HID병목]   [20:27:30] M16HUB 정상(보고 269 미보고 1 JAM 0)
2026-10-02 20:29:41,065 [HID병목]   [20:28:20] M16HUB 정상(보고 269 미보고 1 JAM 0)
2026-10-02 20:30:31,073 [HID병목]   [20:29:10] M16HUB 정상(보고 269 미보고 1 JAM 0)
2026-10-02 20:31:21,436 [HID병목]   [20:30:00] M16HUB 정상(보고 270 미보고 0 JAM 0)
2026-10-02 20:32:11,078 [HID병목]   [20:30:50] M16HUB 정상(보고 270 미보고 0 JAM 0)
2026-10-02 20:33:01,149 [HID병목]   [20:31:40] M16HUB 정상(보고 270 미보고 0 JAM 0)
2026-10-02 20:33:51,076 [HID병목]   [20:32:30] M16HUB 정상(보고 270 미보고 0 JAM 0)
2026-10-02 20:34:41,033 [HID병목]   [20:33:20] M16HUB 정상(보고 270 미보고 0 JAM 0)
2026-10-02 20:35:31,180 [HID병목]   [20:34:10] M16HUB 정상(보고 270 미보고 0 JAM 0)
2026-10-02 20:36:21,080 [HID병목]   [20:35:00] M16HUB 정상(보고 270 미보고 0 JAM 0)
2026-10-02 20:37:11,034 [HID병목]   [20:35:50] M16HUB 정상(보고 270 미보고 0 JAM 0)
2026-10-02 20:38:01,062 [HID병목]   [20:36:40] M16HUB 정상(보고 270 미보고 0 JAM 0)
2026-10-02 20:38:51,057 [HID병목]   [20:37:30] M16HUB 정상(보고 270 미보고 0 JAM 0)
2026-10-02 20:39:41,066 [HID병목]   [20:38:20] M16HUB 정상(보고 269 미보고 1 JAM 0)
2026-10-02 20:40:31,072 [HID병목]   [20:39:10] M16HUB 정상(보고 269 미보고 1 JAM 0)
2026-10-02 20:41:21,074 [HID병목]   [20:40:00] M16HUB 정상(보고 269 미보고 1 JAM 0)
2026-10-02 20:42:11,060 [HID병목]   [20:40:50] M16HUB 정상(보고 269 미보고 1 JAM 0)
2026-10-02 20:43:01,098 [HID병목]   [20:41:40] M16HUB 정상(보고 270 미보고 0 JAM 0)
2026-10-02 20:43:51,075 [HID병목]   [20:42:30] M16HUB 정상(보고 270 미보고 0 JAM 0)
2026-10-02 20:44:41,026 [HID병목]   [20:43:20] M16HUB 정상(보고 269 미보고 1 JAM 0)
2026-10-02 20:45:31,076 [HID병목]   [20:44:10] M16HUB 정상(보고 269 미보고 1 JAM 0)
2026-10-02 20:46:21,038 [HID병목]   [20:45:00] M16HUB 정상(보고 269 미보고 1 JAM 0)
2026-10-02 20:47:11,079 [HID병목]   [20:45:50] M16HUB 정상(보고 269 미보고 1 JAM 0)
2026-10-02 20:48:01,082 [HID병목]   [20:46:40] M16HUB 정상(보고 269 미보고 1 JAM 0)
2026-10-02 20:48:51,077 [HID병목]   [20:47:30] M16HUB 정상(보고 269 미보고 1 JAM 0)
2026-10-02 20:49:41,066 [HID병목]   [20:48:20] M16HUB 정상(보고 269 미보고 1 JAM 0)
2026-10-02 20:50:31,060 [HID병목]   [20:49:10] M16HUB 정상(보고 269 미보고 1 JAM 0)
2026-10-02 20:51:21,076 [HID병목]   [20:50:00] M16HUB 정상(보고 269 미보고 1 JAM 0)
2026-10-02 20:52:11,075 [HID병목]   [20:50:50] M16HUB 정상(보고 269 미보고 1 JAM 0)
2026-10-02 20:53:01,171 [HID병목]   [20:51:40] M16HUB 정상(보고 269 미보고 1 JAM 0)
2026-10-02 20:53:51,100 [HID병목]   [20:52:30] M16HUB 정상(보고 269 미보고 1 JAM 0)
2026-10-02 20:54:42,255 [HID병목]   [20:53:20] M16HUB 정상(보고 269 미보고 1 JAM 0)
2026-10-02 20:55:31,073 [HID병목]   [20:54:10] M16HUB 정상(보고 269 미보고 1 JAM 0)
2026-10-02 20:56:21,354 [HID병목]   [20:55:00] M16HUB 정상(보고 269 미보고 1 JAM 0)
2026-10-02 20:57:11,040 [HID병목]   [20:55:50] M16HUB 정상(보고 269 미보고 1 JAM 0)
2026-10-02 20:58:01,083 [HID병목]   [20:56:40] M16HUB 정상(보고 269 미보고 1 JAM 0)
2026-10-02 20:58:51,030 [HID병목]   [20:57:30] M16HUB 정상(보고 269 미보고 1 JAM 0)
2026-10-02 20:59:41,065 [HID병목]   [20:58:20] M16HUB 정상(보고 270 미보고 0 JAM 0)
2026-10-02 21:00:31,075 [HID병목]   [20:59:10] M16HUB 정상(보고 270 미보고 0 JAM 0)
2026-10-02 21:01:21,049 [HID병목]   [21:00:00] M16HUB 정상(보고 270 미보고 0 JAM 0)
2026-10-02 21:02:11,030 [HID병목]   [21:00:50] M16HUB 정상(보고 270 미보고 0 JAM 0)
2026-10-02 21:03:01,084 [HID병목]   [21:01:40] M16HUB 정상(보고 270 미보고 0 JAM 0)
2026-10-02 21:03:51,073 [HID병목]   [21:02:30] M16HUB 정상(보고 270 미보고 0 JAM 0)
2026-10-02 21:04:41,059 [HID병목]   [21:03:20] M16HUB 정상(보고 270 미보고 0 JAM 0)
2026-10-02 21:05:31,078 [HID병목]   [21:04:10] M16HUB 정상(보고 270 미보고 0 JAM 0)
2026-10-02 21:06:21,077 [HID병목]   [21:05:00] M16HUB 정상(보고 270 미보고 0 JAM 0)
2026-10-02 21:07:11,074 [HID병목]   [21:05:50] M16HUB 정상(보고 270 미보고 0 JAM 0)
2026-10-02 21:08:01,031 [HID병목]   [21:06:40] M16HUB 정상(보고 270 미보고 0 JAM 0)
2026-10-02 21:08:51,077 [HID병목]   [21:07:30] M16HUB 정상(보고 269 미보고 1 JAM 0)
2026-10-02 21:09:41,043 [HID병목]   [21:08:20] M16HUB 정상(보고 269 미보고 1 JAM 0)
2026-10-02 21:10:31,073 [HID병목]   [21:09:10] M16HUB 정상(보고 269 미보고 1 JAM 0)
2026-10-02 21:11:21,076 [HID병목]   [21:10:00] M16HUB 정상(보고 269 미보고 1 JAM 0)
2026-10-02 21:12:11,034 [HID병목]   [21:10:50] M16HUB 정상(보고 269 미보고 1 JAM 0)
2026-10-02 21:13:01,065 [HID병목]   [21:11:40] M16HUB 정상(보고 270 미보고 0 JAM 0)
2026-10-02 21:13:51,044 [HID병목]   [21:12:30] M16HUB 정상(보고 269 미보고 1 JAM 0)
2026-10-02 21:14:41,072 [HID병목]   [21:13:20] M16HUB 정상(보고 269 미보고 1 JAM 0)
2026-10-02 21:15:31,075 [HID병목]   [21:14:10] M16HUB 정상(보고 269 미보고 1 JAM 0)
2026-10-02 21:16:21,075 [HID병목]   [21:15:00] M16HUB 정상(보고 269 미보고 1 JAM 0)
2026-10-02 21:17:11,076 [HID병목]   [21:15:50] M16HUB 정상(보고 269 미보고 1 JAM 0)
2026-10-02 21:18:01,091 [HID병목]   [21:16:40] M16HUB 정상(보고 269 미보고 1 JAM 0)
2026-10-02 21:18:51,032 [HID병목]   [21:17:30] M16HUB 정상(보고 269 미보고 1 JAM 0)
2026-10-02 21:19:41,049 [HID병목]   [21:18:20] M16HUB 정상(보고 269 미보고 1 JAM 0)
2026-10-02 21:20:31,056 [HID병목]   [21:19:10] M16HUB 정상(보고 269 미보고 1 JAM 0)
2026-10-02 21:21:21,075 [HID병목]   [21:20:00] M16HUB 정상(보고 269 미보고 1 JAM 0)
2026-10-02 21:22:11,043 [HID병목]   [21:20:50] M16HUB 정상(보고 269 미보고 1 JAM 0)
2026-10-02 21:23:01,038 [HID병목]   [21:21:40] M16HUB 정상(보고 269 미보고 1 JAM 0)
2026-10-02 21:23:51,032 [HID병목]   [21:22:30] M16HUB 정상(보고 269 미보고 1 JAM 0)
2026-10-02 21:24:41,050 [HID병목]   [21:23:20] M16HUB 정상(보고 269 미보고 1 JAM 0)
2026-10-02 21:25:31,565 [HID병목]   [21:24:10] M16HUB 정상(보고 269 미보고 1 JAM 0)
2026-10-02 21:26:21,025 [HID병목]   [21:25:00] M16HUB 정상(보고 269 미보고 1 JAM 0)
2026-10-02 21:27:11,034 [HID병목]   [21:25:50] M16HUB 정상(보고 269 미보고 1 JAM 0)
2026-10-02 21:28:01,089 [HID병목]   [21:26:40] M16HUB 정상(보고 269 미보고 1 JAM 0)
2026-10-02 21:28:51,054 [HID병목]   [21:27:30] M16HUB 정상(보고 269 미보고 1 JAM 0)
2026-10-02 21:29:41,068 [HID병목]   [21:28:20] M16HUB 정상(보고 269 미보고 1 JAM 0)
2026-10-02 21:30:31,712 [HID병목]   [21:29:10] M16HUB 정상(보고 269 미보고 1 JAM 0)
2026-10-02 21:31:21,066 [HID병목]   [21:30:00] M16HUB 정상(보고 269 미보고 1 JAM 0)
2026-10-02 21:32:11,062 [HID병목]   [21:30:50] M16HUB 정상(보고 269 미보고 1 JAM 0)
2026-10-02 21:33:01,051 [HID병목]   [21:31:40] M16HUB 정상(보고 269 미보고 1 JAM 0)
2026-10-02 21:33:51,071 [HID병목]   [21:32:30] M16HUB 정상(보고 269 미보고 1 JAM 0)
2026-10-02 21:34:41,065 [HID병목]   [21:33:20] M16HUB 정상(보고 269 미보고 1 JAM 0)
2026-10-02 21:35:31,957 [HID병목]   [21:34:10] M16HUB 정상(보고 269 미보고 1 JAM 0)
2026-10-02 21:36:21,076 [HID병목]   [21:35:00] M16HUB 정상(보고 269 미보고 1 JAM 0)
2026-10-02 21:37:11,076 [HID병목]   [21:35:50] M16HUB 정상(보고 269 미보고 1 JAM 0)
2026-10-02 21:38:01,048 [HID병목]   [21:36:40] M16HUB 정상(보고 269 미보고 1 JAM 0)
2026-10-02 21:38:51,059 [HID병목]   [21:37:30] M16HUB 정상(보고 269 미보고 1 JAM 0)
2026-10-02 21:39:41,156 [HID병목]   [21:38:20] M16HUB 정상(보고 269 미보고 1 JAM 0)
2026-10-02 21:40:31,077 [HID병목]   [21:39:10] M16HUB 정상(보고 269 미보고 1 JAM 0)
2026-10-02 21:41:21,027 [HID병목]   [21:40:00] M16HUB 정상(보고 269 미보고 1 JAM 0)
2026-10-02 21:42:11,029 [HID병목]   [21:40:50] M16HUB 정상(보고 269 미보고 1 JAM 0)
2026-10-02 21:43:01,074 [HID병목]   [21:41:40] M16HUB 정상(보고 269 미보고 1 JAM 0)
2026-10-02 21:43:51,067 [HID병목]   [21:42:30] M16HUB 정상(보고 269 미보고 1 JAM 0)
2026-10-02 21:44:41,065 [HID병목]   [21:43:20] M16HUB 정상(보고 269 미보고 1 JAM 0)
2026-10-02 21:45:31,073 [HID병목]   [21:44:10] M16HUB 정상(보고 269 미보고 1 JAM 0)
2026-10-02 21:46:21,112 [HID병목]   [21:45:00] M16HUB 정상(보고 269 미보고 1 JAM 0)
2026-10-02 21:47:11,043 [HID병목]   [21:45:50] M16HUB 정상(보고 270 미보고 0 JAM 0)
2026-10-02 21:48:01,084 [HID병목]   [21:46:40] M16HUB 정상(보고 269 미보고 1 JAM 0)
2026-10-02 21:48:51,075 [HID병목]   [21:47:30] M16HUB 정상(보고 269 미보고 1 JAM 0)
2026-10-02 21:49:41,037 [HID병목]   [21:48:20] M16HUB 정상(보고 269 미보고 1 JAM 0)
2026-10-02 21:50:31,052 [HID병목]   [21:49:10] M16HUB 정상(보고 269 미보고 1 JAM 0)
2026-10-02 21:51:21,075 [HID병목]   [21:50:00] M16HUB 정상(보고 269 미보고 1 JAM 0)
2026-10-02 21:52:11,073 [HID병목]   [21:50:50] M16HUB 정상(보고 269 미보고 1 JAM 0)
2026-10-02 21:53:01,057 [HID병목]   [21:51:40] M16HUB 정상(보고 269 미보고 1 JAM 0)
2026-10-02 21:53:51,037 [HID병목]   [21:52:30] M16HUB 정상(보고 269 미보고 1 JAM 0)
2026-10-02 21:54:41,021 [HID병목]   [21:53:20] M16HUB 정상(보고 269 미보고 1 JAM 0)
2026-10-02 21:55:31,042 [HID병목]   [21:54:10] M16HUB 정상(보고 269 미보고 1 JAM 0)
2026-10-02 21:56:21,064 [HID병목]   [21:55:00] M16HUB 정상(보고 269 미보고 1 JAM 0)
2026-10-02 21:57:11,076 [HID병목]   [21:55:50] M16HUB 정상(보고 269 미보고 1 JAM 0)
2026-10-02 21:58:01,081 [HID병목]   [21:56:40] M16HUB 정상(보고 269 미보고 1 JAM 0)
2026-10-02 21:58:51,074 [HID병목]   [21:57:30] M16HUB 정상(보고 269 미보고 1 JAM 0)
2026-10-02 21:59:41,023 [HID병목]   [21:58:20] M16HUB 정상(보고 269 미보고 1 JAM 0)
2026-10-02 22:00:31,050 [HID병목]   [21:59:10] M16HUB 정상(보고 269 미보고 1 JAM 0)
2026-10-02 22:01:21,101 [HID병목]   [22:00:00] M16HUB 정상(보고 269 미보고 1 JAM 0)
2026-10-02 22:02:11,066 [HID병목]   [22:00:50] M16HUB 정상(보고 269 미보고 1 JAM 0)
2026-10-02 22:03:01,052 [HID병목]   [22:01:40] M16HUB 정상(보고 269 미보고 1 JAM 0)
2026-10-02 22:03:51,033 [HID병목]   [22:02:30] M16HUB 정상(보고 269 미보고 1 JAM 0)
2026-10-02 22:04:41,656 [HID병목]   [22:03:20] M16HUB 정상(보고 269 미보고 1 JAM 0)
2026-10-02 22:05:31,037 [HID병목]   [22:04:10] M16HUB 정상(보고 269 미보고 1 JAM 0)
2026-10-02 22:06:21,048 [HID병목]   [22:05:00] M16HUB 정상(보고 269 미보고 1 JAM 0)
2026-10-02 22:07:11,074 [HID병목]   [22:05:50] M16HUB 정상(보고 269 미보고 1 JAM 0)
2026-10-02 22:08:01,085 [HID병목]   [22:06:40] M16HUB 정상(보고 269 미보고 1 JAM 0)
2026-10-02 22:08:51,075 [HID병목]   [22:07:30] M16HUB 정상(보고 269 미보고 1 JAM 0)
2026-10-02 22:09:41,024 [HID병목]   [22:08:20] M16HUB 정상(보고 269 미보고 1 JAM 0)
2026-10-02 22:10:31,058 [HID병목]   [22:09:10] M16HUB 정상(보고 269 미보고 1 JAM 0)
2026-10-02 22:11:21,075 [HID병목]   [22:10:00] M16HUB 정상(보고 269 미보고 1 JAM 0)
2026-10-02 22:12:11,037 [HID병목]   [22:10:50] M16HUB 정상(보고 269 미보고 1 JAM 0)
2026-10-02 22:13:01,138 [HID병목]   [22:11:40] M16HUB 정상(보고 269 미보고 1 JAM 0)
2026-10-02 22:13:51,073 [HID병목]   [22:12:30] M16HUB 정상(보고 269 미보고 1 JAM 0)
2026-10-02 22:14:41,065 [HID병목]   [22:13:20] M16HUB 정상(보고 269 미보고 1 JAM 0)
2026-10-02 22:15:31,043 [HID병목]   [22:14:10] M16HUB 정상(보고 269 미보고 1 JAM 0)
2026-10-02 22:16:21,621 [HID병목]   [22:15:00] M16HUB 정상(보고 269 미보고 1 JAM 0)
2026-10-02 22:17:11,082 [HID병목]   [22:15:50] M16HUB 정상(보고 269 미보고 1 JAM 0)
2026-10-02 22:18:01,153 [HID병목]   [22:16:40] M16HUB 정상(보고 269 미보고 1 JAM 0)
2026-10-02 22:18:51,042 [HID병목]   [22:17:30] M16HUB 정상(보고 269 미보고 1 JAM 0)
2026-10-02 22:19:41,050 [HID병목]   [22:18:20] M16HUB 정상(보고 269 미보고 1 JAM 0)
2026-10-02 22:20:31,023 [HID병목]   [22:19:10] M16HUB 정상(보고 269 미보고 1 JAM 0)
2026-10-02 22:21:21,327 [HID병목]   [22:20:00] M16HUB 정상(보고 269 미보고 1 JAM 0)
2026-10-02 22:22:11,059 [HID병목]   [22:20:50] M16HUB 정상(보고 269 미보고 1 JAM 0)
2026-10-02 22:23:01,086 [HID병목]   [22:21:40] M16HUB 정상(보고 269 미보고 1 JAM 0)
2026-10-02 22:23:51,024 [HID병목]   [22:22:30] M16HUB 정상(보고 269 미보고 1 JAM 0)
2026-10-02 22:24:41,334 [HID병목]   [22:23:20] M16HUB 정상(보고 269 미보고 1 JAM 0)
2026-10-02 22:25:31,024 [HID병목]   [22:24:10] M16HUB 정상(보고 269 미보고 1 JAM 0)
2026-10-02 22:26:21,872 [HID병목]   [22:25:00] M16HUB 정상(보고 269 미보고 1 JAM 0)
2026-10-02 22:27:11,266 [HID병목]   [22:25:50] M16HUB 정상(보고 269 미보고 1 JAM 0)
2026-10-02 22:28:01,053 [HID병목]   [22:26:40] M16HUB 정상(보고 269 미보고 1 JAM 0)
2026-10-02 22:28:51,025 [HID병목]   [22:27:30] M16HUB 정상(보고 269 미보고 1 JAM 0)
2026-10-02 22:29:41,382 [HID병목]   [22:28:20] M16HUB 정상(보고 269 미보고 1 JAM 0)
2026-10-02 22:30:31,074 [HID병목]   [22:29:10] M16HUB 정상(보고 269 미보고 1 JAM 0)
2026-10-02 22:31:21,359 [HID병목]   [22:30:00] M16HUB 정상(보고 269 미보고 1 JAM 0)
2026-10-02 22:32:11,024 [HID병목]   [22:30:50] M16HUB 정상(보고 269 미보고 1 JAM 0)
2026-10-02 22:33:01,029 [HID병목]   [22:31:40] M16HUB 정상(보고 269 미보고 1 JAM 0)
2026-10-02 22:33:51,038 [HID병목]   [22:32:30] M16HUB 정상(보고 269 미보고 1 JAM 0)
2026-10-02 22:34:41,025 [HID병목]   [22:33:20] M16HUB 정상(보고 269 미보고 1 JAM 0)
2026-10-02 22:35:32,000 [HID병목]   [22:34:10] M16HUB 정상(보고 269 미보고 1 JAM 0)
2026-10-02 22:36:21,883 [HID병목]   [22:35:00] M16HUB 정상(보고 269 미보고 1 JAM 0)
2026-10-02 22:37:11,076 [HID병목]   [22:35:50] M16HUB 정상(보고 269 미보고 1 JAM 0)
2026-10-02 22:38:01,080 [HID병목]   [22:36:40] M16HUB 정상(보고 269 미보고 1 JAM 0)
2026-10-02 22:38:51,067 [HID병목]   [22:37:30] M16HUB 정상(보고 269 미보고 1 JAM 0)
2026-10-02 22:39:41,067 [HID병목]   [22:38:20] M16HUB 정상(보고 269 미보고 1 JAM 0)
2026-10-02 22:40:31,077 [HID병목]   [22:39:10] M16HUB 정상(보고 269 미보고 1 JAM 0)
2026-10-02 22:41:21,075 [HID병목]   [22:40:00] M16HUB 정상(보고 269 미보고 1 JAM 0)
2026-10-02 22:42:11,076 [HID병목]   [22:40:50] M16HUB 정상(보고 269 미보고 1 JAM 0)
2026-10-02 22:43:01,146 [HID병목]   [22:41:40] M16HUB 정상(보고 269 미보고 1 JAM 0)
2026-10-02 22:43:51,080 [HID병목]   [22:42:30] M16HUB 정상(보고 269 미보고 1 JAM 0)
2026-10-02 22:44:41,026 [HID병목]   [22:43:20] M16HUB 정상(보고 269 미보고 1 JAM 0)
2026-10-02 22:45:31,086 [HID병목]   [22:44:10] M16HUB 정상(보고 269 미보고 1 JAM 0)
2026-10-02 22:46:21,075 [HID병목]   [22:45:00] M16HUB 정상(보고 269 미보고 1 JAM 0)
2026-10-02 22:47:11,075 [HID병목]   [22:45:50] M16HUB 정상(보고 269 미보고 1 JAM 0)
2026-10-02 22:48:01,144 [HID병목]   [22:46:40] M16HUB 정상(보고 269 미보고 1 JAM 0)
2026-10-02 22:48:51,075 [HID병목]   [22:47:30] M16HUB 정상(보고 269 미보고 1 JAM 0)
2026-10-02 22:49:41,087 [HID병목]   [22:48:20] M16HUB 정상(보고 269 미보고 1 JAM 0)
2026-10-02 22:50:31,075 [HID병목]   [22:49:10] M16HUB 정상(보고 269 미보고 1 JAM 0)
2026-10-02 22:51:21,075 [HID병목]   [22:50:00] M16HUB 정상(보고 269 미보고 1 JAM 0)
2026-10-02 22:52:11,060 [HID병목]   [22:50:50] M16HUB 정상(보고 270 미보고 0 JAM 0)
2026-10-02 22:53:01,069 [HID병목]   [22:51:40] M16HUB 정상(보고 270 미보고 0 JAM 0)
2026-10-02 22:53:51,042 [HID병목]   [22:52:30] M16HUB 정상(보고 269 미보고 1 JAM 0)
2026-10-02 22:54:41,065 [HID병목]   [22:53:20] M16HUB 정상(보고 269 미보고 1 JAM 0)
2026-10-02 22:55:31,113 [HID병목]   [22:54:10] M16HUB 정상(보고 269 미보고 1 JAM 0)
2026-10-02 22:56:21,760 [HID병목]   [22:55:00] M16HUB 정상(보고 269 미보고 1 JAM 0)
2026-10-02 22:57:11,074 [HID병목]   [22:55:50] M16HUB 정상(보고 270 미보고 0 JAM 0)
2026-10-02 22:58:01,070 [HID병목]   [22:56:40] M16HUB 정상(보고 270 미보고 0 JAM 0)
2026-10-02 22:58:51,023 [HID병목]   [22:57:30] M16HUB 정상(보고 270 미보고 0 JAM 0)
2026-10-02 22:59:41,064 [HID병목]   [22:58:20] M16HUB 정상(보고 270 미보고 0 JAM 0)
2026-10-02 23:00:31,075 [HID병목]   [22:59:10] M16HUB 정상(보고 270 미보고 0 JAM 0)
2026-10-02 23:01:21,128 [HID병목]   [23:00:00] M16HUB 정상(보고 270 미보고 0 JAM 0)
2026-10-02 23:02:11,075 [HID병목]   [23:00:50] M16HUB 정상(보고 270 미보고 0 JAM 0)
2026-10-02 23:03:01,136 [HID병목]   [23:01:40] M16HUB 정상(보고 270 미보고 0 JAM 0)
2026-10-02 23:03:51,060 [HID병목]   [23:02:30] M16HUB 정상(보고 270 미보고 0 JAM 0)
2026-10-02 23:04:41,066 [HID병목]   [23:03:20] M16HUB 정상(보고 270 미보고 0 JAM 0)
2026-10-02 23:05:31,026 [HID병목]   [23:04:10] M16HUB 정상(보고 270 미보고 0 JAM 0)
2026-10-02 23:06:21,047 [HID병목]   [23:05:00] M16HUB 정상(보고 270 미보고 0 JAM 0)
2026-10-02 23:07:11,075 [HID병목]   [23:05:50] M16HUB 정상(보고 270 미보고 0 JAM 0)
2026-10-02 23:08:01,083 [HID병목]   [23:06:40] M16HUB 정상(보고 270 미보고 0 JAM 0)
2026-10-02 23:08:51,074 [HID병목]   [23:07:30] M16HUB 정상(보고 269 미보고 1 JAM 0)
2026-10-02 23:09:41,066 [HID병목]   [23:08:20] M16HUB 정상(보고 270 미보고 0 JAM 0)
2026-10-02 23:10:31,057 [HID병목]   [23:09:10] M16HUB 정상(보고 270 미보고 0 JAM 0)
2026-10-02 23:11:21,046 [HID병목]   [23:10:00] M16HUB 정상(보고 270 미보고 0 JAM 0)
2026-10-02 23:12:11,086 [HID병목]   [23:10:50] M16HUB 정상(보고 270 미보고 0 JAM 0)
2026-10-02 23:13:01,054 [HID병목]   [23:11:40] M16HUB 정상(보고 270 미보고 0 JAM 0)
2026-10-02 23:13:51,033 [HID병목]   [23:12:30] M16HUB 정상(보고 270 미보고 0 JAM 0)
2026-10-02 23:14:41,022 [HID병목]   [23:13:20] M16HUB 정상(보고 270 미보고 0 JAM 0)
2026-10-02 23:15:31,023 [HID병목]   [23:14:10] M16HUB 정상(보고 270 미보고 0 JAM 0)
2026-10-02 23:16:21,078 [HID병목]   [23:15:00] M16HUB 정상(보고 270 미보고 0 JAM 0)
2026-10-02 23:17:11,038 [HID병목]   [23:15:50] M16HUB 정상(보고 270 미보고 0 JAM 0)
2026-10-02 23:18:01,085 [HID병목]   [23:16:40] M16HUB 정상(보고 270 미보고 0 JAM 0)
2026-10-02 23:18:51,035 [HID병목]   [23:17:30] M16HUB 정상(보고 270 미보고 0 JAM 0)
2026-10-02 23:19:41,066 [HID병목]   [23:18:20] M16HUB 정상(보고 270 미보고 0 JAM 0)
2026-10-02 23:20:31,045 [HID병목]   [23:19:10] M16HUB 정상(보고 270 미보고 0 JAM 0)
2026-10-02 23:21:21,076 [HID병목]   [23:20:00] M16HUB 정상(보고 270 미보고 0 JAM 0)
2026-10-02 23:22:11,067 [HID병목]   [23:20:50] M16HUB 정상(보고 270 미보고 0 JAM 0)
2026-10-02 23:23:01,170 [HID병목]   [23:21:40] M16HUB 정상(보고 270 미보고 0 JAM 0)
2026-10-02 23:23:51,074 [HID병목]   [23:22:30] M16HUB 정상(보고 270 미보고 0 JAM 0)
2026-10-02 23:24:41,065 [HID병목]   [23:23:20] M16HUB 정상(보고 270 미보고 0 JAM 0)
2026-10-02 23:25:31,057 [HID병목]   [23:24:10] M16HUB 정상(보고 270 미보고 0 JAM 0)
2026-10-02 23:26:21,076 [HID병목]   [23:25:00] M16HUB 정상(보고 270 미보고 0 JAM 0)
2026-10-02 23:27:11,034 [HID병목]   [23:25:50] M16HUB 정상(보고 270 미보고 0 JAM 0)
2026-10-02 23:28:01,082 [HID병목]   [23:26:40] M16HUB 정상(보고 270 미보고 0 JAM 0)
2026-10-02 23:28:51,031 [HID병목]   [23:27:30] M16HUB 정상(보고 270 미보고 0 JAM 0)
2026-10-02 23:29:41,065 [HID병목]   [23:28:20] M16HUB 정상(보고 270 미보고 0 JAM 0)
2026-10-02 23:30:31,572 [HID병목]   [23:29:10] M16HUB 정상(보고 270 미보고 0 JAM 0)
2026-10-02 23:31:21,046 [HID병목]   [23:30:00] M16HUB 정상(보고 270 미보고 0 JAM 0)
2026-10-02 23:32:11,122 [HID병목]   [23:30:50] M16HUB 정상(보고 270 미보고 0 JAM 0)
2026-10-02 23:33:01,090 [HID병목]   [23:31:40] M16HUB 정상(보고 270 미보고 0 JAM 0)
2026-10-02 23:33:51,027 [HID병목]   [23:32:30] M16HUB 정상(보고 270 미보고 0 JAM 0)
2026-10-02 23:34:41,049 [HID병목]   [23:33:20] M16HUB 정상(보고 270 미보고 0 JAM 0)
2026-10-02 23:35:31,025 [HID병목]   [23:34:10] M16HUB 정상(보고 270 미보고 0 JAM 0)
2026-10-02 23:36:21,076 [HID병목]   [23:35:00] M16HUB 정상(보고 270 미보고 0 JAM 0)
2026-10-02 23:37:11,085 [HID병목]   [23:35:50] M16HUB 정상(보고 270 미보고 0 JAM 0)
2026-10-02 23:38:01,080 [HID병목]   [23:36:40] M16HUB 정상(보고 270 미보고 0 JAM 0)
2026-10-02 23:38:51,053 [HID병목]   [23:37:30] M16HUB 정상(보고 270 미보고 0 JAM 0)
2026-10-02 23:39:41,067 [HID병목]   [23:38:20] M16HUB 정상(보고 270 미보고 0 JAM 0)
2026-10-02 23:40:31,075 [HID병목]   [23:39:10] M16HUB 정상(보고 270 미보고 0 JAM 0)
2026-10-02 23:41:21,076 [HID병목]   [23:40:00] M16HUB 정상(보고 269 미보고 1 JAM 0)
2026-10-02 23:42:11,074 [HID병목]   [23:40:50] M16HUB 정상(보고 270 미보고 0 JAM 0)
2026-10-02 23:43:01,064 [HID병목]   [23:41:40] M16HUB 정상(보고 270 미보고 0 JAM 0)
2026-10-02 23:43:51,032 [HID병목]   [23:42:30] M16HUB 정상(보고 270 미보고 0 JAM 0)
2026-10-02 23:44:41,066 [HID병목]   [23:43:20] M16HUB 정상(보고 270 미보고 0 JAM 0)
2026-10-02 23:45:32,189 [HID병목]   [23:44:10] M16HUB 정상(보고 270 미보고 0 JAM 0)
2026-10-02 23:46:21,519 [HID병목]   [23:45:00] M16HUB 정상(보고 270 미보고 0 JAM 0)
2026-10-02 23:47:11,076 [HID병목]   [23:45:50] M16HUB 정상(보고 270 미보고 0 JAM 0)
2026-10-02 23:48:01,126 [HID병목]   [23:46:40] M16HUB 정상(보고 270 미보고 0 JAM 0)
2026-10-02 23:48:51,053 [HID병목]   [23:47:30] M16HUB 정상(보고 270 미보고 0 JAM 0)
2026-10-02 23:49:41,065 [HID병목]   [23:48:20] M16HUB 정상(보고 270 미보고 0 JAM 0)
2026-10-02 23:50:31,085 [HID병목]   [23:49:10] M16HUB 정상(보고 270 미보고 0 JAM 0)
2026-10-02 23:51:21,060 [HID병목]   [23:50:00] M16HUB 정상(보고 270 미보고 0 JAM 0)
2026-10-02 23:52:11,078 [HID병목]   [23:50:50] M16HUB 정상(보고 270 미보고 0 JAM 0)
2026-10-02 23:53:01,152 [HID병목]   [23:51:40] M16HUB 정상(보고 270 미보고 0 JAM 0)
2026-10-02 23:53:51,074 [HID병목]   [23:52:30] M16HUB 정상(보고 270 미보고 0 JAM 0)
2026-10-02 23:54:41,058 [HID병목]   [23:53:20] M16HUB 정상(보고 270 미보고 0 JAM 0)
2026-10-02 23:55:31,070 [HID병목]   [23:54:10] M16HUB 정상(보고 270 미보고 0 JAM 0)
2026-10-02 23:56:21,228 [HID병목]   [23:55:00] M16HUB 정상(보고 270 미보고 0 JAM 0)
2026-10-02 23:57:11,075 [HID병목]   [23:55:50] M16HUB 정상(보고 270 미보고 0 JAM 0)
2026-10-02 23:58:01,036 [HID병목]   [23:56:40] M16HUB 정상(보고 270 미보고 0 JAM 0)
2026-10-02 23:58:51,076 [HID병목]   [23:57:30] M16HUB 정상(보고 270 미보고 0 JAM 0)
2026-10-02 23:59:44,301 [HID병목]   [23:58:20] M16HUB 정상(보고 270 미보고 0 JAM 0)
2026-10-03 00:00:31,642 [HID병목]   [23:59:10] M16HUB 정상(보고 270 미보고 0 JAM 0)
2026-10-03 00:01:21,346 [HID병목]   [00:00:00] M16HUB 정상(보고 270 미보고 0 JAM 0)
2026-10-03 00:02:11,072 [HID병목]   [00:00:50] M16HUB 정상(보고 270 미보고 0 JAM 0)
2026-10-03 00:03:01,060 [HID병목]   [00:01:40] M16HUB 정상(보고 270 미보고 0 JAM 0)
2026-10-03 00:03:51,035 [HID병목]   [00:02:30] M16HUB 정상(보고 270 미보고 0 JAM 0)
2026-10-03 00:04:41,522 [HID병목]   [00:03:20] M16HUB 정상(보고 270 미보고 0 JAM 0)
2026-10-03 00:05:31,074 [HID병목]   [00:04:10] M16HUB 정상(보고 270 미보고 0 JAM 0)
2026-10-03 00:06:21,036 [HID병목]   [00:05:00] M16HUB 정상(보고 270 미보고 0 JAM 0)
2026-10-03 00:07:11,026 [HID병목]   [00:05:50] M16HUB 정상(보고 270 미보고 0 JAM 0)
2026-10-03 00:08:01,117 [HID병목]   [00:06:40] M16HUB 정상(보고 270 미보고 0 JAM 0)
2026-10-03 00:08:51,069 [HID병목]   [00:07:30] M16HUB 정상(보고 270 미보고 0 JAM 0)
2026-10-03 00:09:41,152 [HID병목]   [00:08:20] M16HUB 정상(보고 270 미보고 0 JAM 0)
2026-10-03 00:10:31,029 [HID병목]   [00:09:10] M16HUB 정상(보고 270 미보고 0 JAM 0)
2026-10-03 00:11:21,076 [HID병목]   [00:10:00] M16HUB 정상(보고 270 미보고 0 JAM 0)
2026-10-03 00:12:11,061 [HID병목]   [00:10:50] M16HUB 정상(보고 270 미보고 0 JAM 0)
2026-10-03 00:13:01,032 [HID병목]   [00:11:40] M16HUB 정상(보고 270 미보고 0 JAM 0)
2026-10-03 00:13:51,076 [HID병목]   [00:12:30] M16HUB 정상(보고 270 미보고 0 JAM 0)
2026-10-03 00:14:41,064 [HID병목]   [00:13:20] M16HUB 정상(보고 270 미보고 0 JAM 0)
2026-10-03 00:15:31,131 [HID병목]   [00:14:10] M16HUB 정상(보고 270 미보고 0 JAM 0)
2026-10-03 00:16:21,074 [HID병목]   [00:15:00] M16HUB 정상(보고 270 미보고 0 JAM 0)
2026-10-03 00:17:11,076 [HID병목]   [00:15:50] M16HUB 정상(보고 270 미보고 0 JAM 0)
2026-10-03 00:18:01,038 [HID병목]   [00:16:40] M16HUB 정상(보고 270 미보고 0 JAM 0)
2026-10-03 00:18:51,036 [HID병목]   [00:17:30] M16HUB 정상(보고 270 미보고 0 JAM 0)
2026-10-03 00:19:41,048 [HID병목]   [00:18:20] M16HUB 정상(보고 270 미보고 0 JAM 0)
2026-10-03 00:20:31,075 [HID병목]   [00:19:10] M16HUB 정상(보고 270 미보고 0 JAM 0)
2026-10-03 00:21:21,025 [HID병목]   [00:20:00] M16HUB 정상(보고 270 미보고 0 JAM 0)
2026-10-03 00:22:11,085 [HID병목]   [00:20:50] M16HUB 정상(보고 270 미보고 0 JAM 0)
2026-10-03 00:23:01,095 [HID병목]   [00:21:40] M16HUB 정상(보고 270 미보고 0 JAM 0)
2026-10-03 00:23:51,074 [HID병목]   [00:22:30] M16HUB 정상(보고 270 미보고 0 JAM 0)
2026-10-03 00:24:41,064 [HID병목]   [00:23:20] M16HUB 정상(보고 270 미보고 0 JAM 0)
2026-10-03 00:25:31,026 [HID병목]   [00:24:10] M16HUB 정상(보고 270 미보고 0 JAM 0)
2026-10-03 00:26:21,068 [HID병목]   [00:25:00] M16HUB 정상(보고 270 미보고 0 JAM 0)
2026-10-03 00:27:11,042 [HID병목]   [00:25:50] M16HUB 정상(보고 270 미보고 0 JAM 0)
2026-10-03 00:28:01,081 [HID병목]   [00:26:40] M16HUB 정상(보고 270 미보고 0 JAM 0)
2026-10-03 00:28:51,074 [HID병목]   [00:27:30] M16HUB 정상(보고 270 미보고 0 JAM 0)
2026-10-03 00:29:41,020 [HID병목]   [00:28:20] M16HUB 정상(보고 270 미보고 0 JAM 0)
2026-10-03 00:30:31,075 [HID병목]   [00:29:10] M16HUB 정상(보고 270 미보고 0 JAM 0)
2026-10-03 00:31:21,027 [HID병목]   [00:30:00] M16HUB 정상(보고 270 미보고 0 JAM 0)
2026-10-03 00:32:11,047 [HID병목]   [00:30:50] M16HUB 정상(보고 270 미보고 0 JAM 0)
2026-10-03 00:33:01,082 [HID병목]   [00:31:40] M16HUB 정상(보고 270 미보고 0 JAM 0)
2026-10-03 00:33:51,059 [HID병목]   [00:32:30] M16HUB 정상(보고 270 미보고 0 JAM 0)
2026-10-03 00:34:41,049 [HID병목]   [00:33:20] M16HUB 정상(보고 270 미보고 0 JAM 0)
2026-10-03 00:35:31,074 [HID병목]   [00:34:10] M16HUB 정상(보고 270 미보고 0 JAM 0)
2026-10-03 00:36:21,058 [HID병목]   [00:35:00] M16HUB 정상(보고 270 미보고 0 JAM 0)
2026-10-03 00:37:11,049 [HID병목]   [00:35:50] M16HUB 정상(보고 270 미보고 0 JAM 0)
2026-10-03 00:38:01,097 [HID병목]   [00:36:40] M16HUB 정상(보고 270 미보고 0 JAM 0)
2026-10-03 00:38:51,054 [HID병목]   [00:37:30] M16HUB 정상(보고 270 미보고 0 JAM 0)
2026-10-03 00:39:41,063 [HID병목]   [00:38:20] M16HUB 정상(보고 270 미보고 0 JAM 0)
2026-10-03 00:40:31,041 [HID병목]   [00:39:10] M16HUB 정상(보고 270 미보고 0 JAM 0)
2026-10-03 00:41:21,085 [HID병목]   [00:40:00] M16HUB 정상(보고 270 미보고 0 JAM 0)
2026-10-03 00:42:11,055 [HID병목]   [00:40:50] M16HUB 정상(보고 270 미보고 0 JAM 0)
2026-10-03 00:43:01,077 [HID병목]   [00:41:40] M16HUB 정상(보고 270 미보고 0 JAM 0)
2026-10-03 00:43:51,076 [HID병목]   [00:42:30] M16HUB 정상(보고 270 미보고 0 JAM 0)
2026-10-03 00:44:41,059 [HID병목]   [00:43:20] M16HUB 정상(보고 270 미보고 0 JAM 0)
2026-10-03 00:45:31,057 [HID병목]   [00:44:10] M16HUB 정상(보고 270 미보고 0 JAM 0)
2026-10-03 00:46:21,072 [HID병목]   [00:45:00] M16HUB 정상(보고 270 미보고 0 JAM 0)
2026-10-03 00:47:11,059 [HID병목]   [00:45:50] M16HUB 정상(보고 270 미보고 0 JAM 0)
2026-10-03 00:48:01,037 [HID병목]   [00:46:40] M16HUB 정상(보고 270 미보고 0 JAM 0)
2026-10-03 00:48:51,055 [HID병목]   [00:47:30] M16HUB 정상(보고 270 미보고 0 JAM 0)
2026-10-03 00:49:41,025 [HID병목]   [00:48:20] M16HUB 정상(보고 270 미보고 0 JAM 0)
2026-10-03 00:50:31,073 [HID병목]   [00:49:10] M16HUB 정상(보고 270 미보고 0 JAM 0)
2026-10-03 00:51:21,028 [HID병목]   [00:50:00] M16HUB 정상(보고 270 미보고 0 JAM 0)
2026-10-03 00:52:11,035 [HID병목]   [00:50:50] M16HUB 정상(보고 270 미보고 0 JAM 0)
2026-10-03 00:53:01,030 [HID병목]   [00:51:40] M16HUB 정상(보고 270 미보고 0 JAM 0)
2026-10-03 00:53:51,084 [HID병목]   [00:52:30] M16HUB 정상(보고 270 미보고 0 JAM 0)
2026-10-03 00:54:42,770 [HID병목]   [00:53:20] M16HUB 정상(보고 270 미보고 0 JAM 0)
2026-10-03 00:55:31,072 [HID병목]   [00:54:10] M16HUB 정상(보고 270 미보고 0 JAM 0)
2026-10-03 00:56:21,068 [HID병목]   [00:55:00] M16HUB 정상(보고 270 미보고 0 JAM 0)
2026-10-03 00:57:11,029 [HID병목]   [00:55:50] M16HUB 정상(보고 270 미보고 0 JAM 0)
2026-10-03 00:58:01,062 [HID병목]   [00:56:40] M16HUB 정상(보고 270 미보고 0 JAM 0)
2026-10-03 00:58:51,059 [HID병목]   [00:57:30] M16HUB 정상(보고 270 미보고 0 JAM 0)
2026-10-03 00:59:41,042 [HID병목]   [00:58:20] M16HUB 정상(보고 270 미보고 0 JAM 0)
2026-10-03 01:00:31,074 [HID병목]   [00:59:10] M16HUB 정상(보고 270 미보고 0 JAM 0)
2026-10-03 01:01:21,477 [HID병목]   [01:00:00] M16HUB 정상(보고 270 미보고 0 JAM 0)
2026-10-03 01:02:11,076 [HID병목]   [01:00:50] M16HUB 정상(보고 270 미보고 0 JAM 0)
2026-10-03 01:03:01,136 [HID병목]   [01:01:40] M16HUB 정상(보고 270 미보고 0 JAM 0)
2026-10-03 01:03:51,092 [HID병목]   [01:02:30] M16HUB 정상(보고 270 미보고 0 JAM 0)
2026-10-03 01:04:41,051 [HID병목]   [01:03:20] M16HUB 정상(보고 270 미보고 0 JAM 0)
2026-10-03 01:05:31,058 [HID병목]   [01:04:10] M16HUB 정상(보고 270 미보고 0 JAM 0)
2026-10-03 01:06:21,075 [HID병목]   [01:05:00] M16HUB 정상(보고 270 미보고 0 JAM 0)
2026-10-03 01:07:11,070 [HID병목]   [01:05:50] M16HUB 정상(보고 270 미보고 0 JAM 0)
2026-10-03 01:08:01,087 [HID병목]   [01:06:40] M16HUB 정상(보고 270 미보고 0 JAM 0)
2026-10-03 01:08:51,079 [HID병목]   [01:07:30] M16HUB 정상(보고 270 미보고 0 JAM 0)
2026-10-03 01:09:41,044 [HID병목]   [01:08:20] M16HUB 정상(보고 270 미보고 0 JAM 0)
2026-10-03 01:10:31,030 [HID병목]   [01:09:10] M16HUB 정상(보고 270 미보고 0 JAM 0)
2026-10-03 01:11:21,046 [HID병목]   [01:10:00] M16HUB 정상(보고 270 미보고 0 JAM 0)
2026-10-03 01:12:11,062 [HID병목]   [01:10:50] M16HUB 정상(보고 270 미보고 0 JAM 0)
2026-10-03 01:13:01,150 [HID병목]   [01:11:40] M16HUB 정상(보고 270 미보고 0 JAM 0)
2026-10-03 01:13:51,034 [HID병목]   [01:12:30] M16HUB 정상(보고 270 미보고 0 JAM 0)
2026-10-03 01:14:41,064 [HID병목]   [01:13:20] M16HUB 정상(보고 270 미보고 0 JAM 0)
2026-10-03 01:15:31,094 [HID병목]   [01:14:10] M16HUB 정상(보고 270 미보고 0 JAM 0)
2026-10-03 01:16:21,085 [HID병목]   [01:15:00] M16HUB 정상(보고 270 미보고 0 JAM 0)
2026-10-03 01:17:11,047 [HID병목]   [01:15:50] M16HUB 정상(보고 270 미보고 0 JAM 0)
2026-10-03 01:18:01,077 [HID병목]   [01:16:40] M16HUB 정상(보고 270 미보고 0 JAM 0)
2026-10-03 01:18:51,068 [HID병목]   [01:17:30] M16HUB 정상(보고 270 미보고 0 JAM 0)
2026-10-03 01:19:41,033 [HID병목]   [01:18:20] M16HUB 정상(보고 270 미보고 0 JAM 0)
2026-10-03 01:20:31,033 [HID병목]   [01:19:10] M16HUB 정상(보고 270 미보고 0 JAM 0)
2026-10-03 01:21:21,201 [HID병목]   [01:20:00] M16HUB 정상(보고 270 미보고 0 JAM 0)
2026-10-03 01:22:11,076 [HID병목]   [01:20:50] M16HUB 정상(보고 270 미보고 0 JAM 0)
2026-10-03 01:23:01,153 [HID병목]   [01:21:40] M16HUB 정상(보고 270 미보고 0 JAM 0)
2026-10-03 01:23:51,049 [HID병목]   [01:22:30] M16HUB 정상(보고 270 미보고 0 JAM 0)
2026-10-03 01:24:41,511 [HID병목]   [01:23:20] M16HUB 정상(보고 270 미보고 0 JAM 0)
2026-10-03 01:25:31,072 [HID병목]   [01:24:10] M16HUB 정상(보고 270 미보고 0 JAM 0)
2026-10-03 01:26:21,068 [HID병목]   [01:25:00] M16HUB 정상(보고 270 미보고 0 JAM 0)
2026-10-03 01:27:11,076 [HID병목]   [01:25:50] M16HUB 정상(보고 270 미보고 0 JAM 0)
2026-10-03 01:28:01,063 [HID병목]   [01:26:40] M16HUB 정상(보고 270 미보고 0 JAM 0)
2026-10-03 01:28:51,073 [HID병목]   [01:27:30] M16HUB 정상(보고 270 미보고 0 JAM 0)
2026-10-03 01:29:41,058 [HID병목]   [01:28:20] M16HUB 정상(보고 270 미보고 0 JAM 0)
2026-10-03 01:30:31,058 [HID병목]   [01:29:10] M16HUB 정상(보고 270 미보고 0 JAM 0)
2026-10-03 01:31:21,054 [HID병목]   [01:30:00] M16HUB 정상(보고 270 미보고 0 JAM 0)
2026-10-03 01:32:11,054 [HID병목]   [01:30:50] M16HUB 정상(보고 270 미보고 0 JAM 0)
2026-10-03 01:33:01,083 [HID병목]   [01:31:40] M16HUB 정상(보고 270 미보고 0 JAM 0)
2026-10-03 01:33:51,073 [HID병목]   [01:32:30] M16HUB 정상(보고 270 미보고 0 JAM 0)
2026-10-03 01:34:41,058 [HID병목]   [01:33:20] M16HUB 정상(보고 270 미보고 0 JAM 0)
2026-10-03 01:35:31,026 [HID병목]   [01:34:10] M16HUB 정상(보고 270 미보고 0 JAM 0)
2026-10-03 01:36:21,038 [HID병목]   [01:35:00] M16HUB 정상(보고 270 미보고 0 JAM 0)
2026-10-03 01:37:11,040 [HID병목]   [01:35:50] M16HUB 정상(보고 270 미보고 0 JAM 0)
2026-10-03 01:38:01,117 [HID병목]   [01:36:40] M16HUB 정상(보고 270 미보고 0 JAM 0)
2026-10-03 01:38:51,073 [HID병목]   [01:37:30] M16HUB 정상(보고 270 미보고 0 JAM 0)
2026-10-03 01:39:41,053 [HID병목]   [01:38:20] M16HUB 정상(보고 270 미보고 0 JAM 0)
2026-10-03 01:40:31,026 [HID병목]   [01:39:10] M16HUB 정상(보고 270 미보고 0 JAM 0)
2026-10-03 01:41:21,107 [HID병목]   [01:40:00] M16HUB 정상(보고 270 미보고 0 JAM 0)
2026-10-03 01:42:11,075 [HID병목]   [01:40:50] M16HUB 정상(보고 270 미보고 0 JAM 0)
2026-10-03 01:43:01,050 [HID병목]   [01:41:40] M16HUB 정상(보고 270 미보고 0 JAM 0)
2026-10-03 01:43:51,034 [HID병목]   [01:42:30] M16HUB 정상(보고 270 미보고 0 JAM 0)
2026-10-03 01:44:41,066 [HID병목]   [01:43:20] M16HUB 정상(보고 270 미보고 0 JAM 0)
2026-10-03 01:45:31,029 [HID병목]   [01:44:10] M16HUB 정상(보고 270 미보고 0 JAM 0)
2026-10-03 01:46:21,085 [HID병목]   [01:45:00] M16HUB 정상(보고 270 미보고 0 JAM 0)
2026-10-03 01:47:11,075 [HID병목]   [01:45:50] M16HUB 정상(보고 270 미보고 0 JAM 0)
2026-10-03 01:48:01,082 [HID병목]   [01:46:40] M16HUB 정상(보고 270 미보고 0 JAM 0)
2026-10-03 01:48:51,044 [HID병목]   [01:47:30] M16HUB 정상(보고 269 미보고 1 JAM 0)
2026-10-03 01:49:41,035 [HID병목]   [01:48:20] M16HUB 정상(보고 270 미보고 0 JAM 0)
2026-10-03 01:50:31,075 [HID병목]   [01:49:10] M16HUB 정상(보고 270 미보고 0 JAM 0)
2026-10-03 01:51:21,043 [HID병목]   [01:50:00] M16HUB 정상(보고 270 미보고 0 JAM 0)
2026-10-03 01:52:11,036 [HID병목]   [01:50:50] M16HUB 정상(보고 270 미보고 0 JAM 0)
2026-10-03 01:53:01,042 [HID병목]   [01:51:40] M16HUB 정상(보고 270 미보고 0 JAM 0)
2026-10-03 01:53:51,036 [HID병목]   [01:52:30] M16HUB 정상(보고 270 미보고 0 JAM 0)
2026-10-03 01:54:41,025 [HID병목]   [01:53:20] M16HUB 정상(보고 270 미보고 0 JAM 0)
2026-10-03 01:55:31,072 [HID병목]   [01:54:10] M16HUB 정상(보고 270 미보고 0 JAM 0)
2026-10-03 01:56:21,075 [HID병목]   [01:55:00] M16HUB 정상(보고 270 미보고 0 JAM 0)
2026-10-03 01:57:11,078 [HID병목]   [01:55:50] M16HUB 정상(보고 270 미보고 0 JAM 0)
2026-10-03 01:58:01,071 [HID병목]   [01:56:40] M16HUB 정상(보고 270 미보고 0 JAM 0)
2026-10-03 01:58:51,071 [HID병목]   [01:57:30] M16HUB 정상(보고 270 미보고 0 JAM 0)
2026-10-03 01:59:41,026 [HID병목]   [01:58:20] M16HUB 정상(보고 270 미보고 0 JAM 0)
2026-10-03 02:00:31,073 [HID병목]   [01:59:10] M16HUB 정상(보고 270 미보고 0 JAM 0)
2026-10-03 02:01:21,078 [HID병목]   [02:00:00] M16HUB 정상(보고 270 미보고 0 JAM 0)
2026-10-03 02:02:11,062 [HID병목]   [02:00:50] M16HUB 정상(보고 270 미보고 0 JAM 0)
2026-10-03 02:03:01,040 [HID병목]   [02:01:40] M16HUB 정상(보고 270 미보고 0 JAM 0)
2026-10-03 02:03:51,034 [HID병목]   [02:02:30] M16HUB 정상(보고 270 미보고 0 JAM 0)
2026-10-03 02:04:41,066 [HID병목]   [02:03:20] M16HUB 정상(보고 270 미보고 0 JAM 0)
2026-10-03 02:05:31,083 [HID병목]   [02:04:10] M16HUB 정상(보고 270 미보고 0 JAM 0)
2026-10-03 02:06:21,045 [HID병목]   [02:05:00] M16HUB 정상(보고 270 미보고 0 JAM 0)
2026-10-03 02:07:11,033 [HID병목]   [02:05:50] M16HUB 정상(보고 270 미보고 0 JAM 0)
2026-10-03 02:08:01,067 [HID병목]   [02:06:40] M16HUB 정상(보고 270 미보고 0 JAM 0)
2026-10-03 02:08:51,073 [HID병목]   [02:07:30] M16HUB 정상(보고 270 미보고 0 JAM 0)
2026-10-03 02:09:41,023 [HID병목]   [02:08:20] M16HUB 정상(보고 270 미보고 0 JAM 0)
2026-10-03 02:10:31,591 [HID병목]   [02:09:10] M16HUB 정상(보고 270 미보고 0 JAM 0)
2026-10-03 02:11:21,680 [HID병목]   [02:10:00] M16HUB 정상(보고 270 미보고 0 JAM 0)
2026-10-03 02:12:11,077 [HID병목]   [02:10:50] M16HUB 정상(보고 270 미보고 0 JAM 0)
2026-10-03 02:13:01,075 [HID병목]   [02:11:40] M16HUB 정상(보고 270 미보고 0 JAM 0)
2026-10-03 02:13:51,074 [HID병목]   [02:12:30] M16HUB 정상(보고 270 미보고 0 JAM 0)
2026-10-03 02:14:43,517 [HID병목]   [02:13:20] M16HUB 정상(보고 270 미보고 0 JAM 0)
2026-10-03 02:15:31,256 [HID병목]   [02:14:10] M16HUB 정상(보고 270 미보고 0 JAM 0)
2026-10-03 02:16:21,156 [HID병목]   [02:15:00] M16HUB 정상(보고 270 미보고 0 JAM 0)
2026-10-03 02:17:11,069 [HID병목]   [02:15:50] M16HUB 정상(보고 270 미보고 0 JAM 0)
2026-10-03 02:18:01,151 [HID병목]   [02:16:40] M16HUB 정상(보고 270 미보고 0 JAM 0)
2026-10-03 02:18:51,060 [HID병목]   [02:17:30] M16HUB 정상(보고 270 미보고 0 JAM 0)
2026-10-03 02:19:42,742 [HID병목]   [02:18:20] M16HUB 정상(보고 270 미보고 0 JAM 0)
2026-10-03 02:20:31,060 [HID병목]   [02:19:10] M16HUB 정상(보고 270 미보고 0 JAM 0)
2026-10-03 02:21:21,075 [HID병목]   [02:20:00] M16HUB 정상(보고 270 미보고 0 JAM 0)
2026-10-03 02:22:11,034 [HID병목]   [02:20:50] M16HUB 정상(보고 270 미보고 0 JAM 0)
2026-10-03 02:23:01,102 [HID병목]   [02:21:40] M16HUB 정상(보고 270 미보고 0 JAM 0)
2026-10-03 02:23:51,062 [HID병목]   [02:22:30] M16HUB 정상(보고 270 미보고 0 JAM 0)
2026-10-03 02:24:41,025 [HID병목]   [02:23:20] M16HUB 정상(보고 270 미보고 0 JAM 0)
2026-10-03 02:25:31,042 [HID병목]   [02:24:10] M16HUB 정상(보고 270 미보고 0 JAM 0)
2026-10-03 02:26:21,040 [HID병목]   [02:25:00] M16HUB 정상(보고 270 미보고 0 JAM 0)
2026-10-03 02:27:11,076 [HID병목]   [02:25:50] M16HUB 정상(보고 270 미보고 0 JAM 0)
2026-10-03 02:28:01,060 [HID병목]   [02:26:40] M16HUB 정상(보고 270 미보고 0 JAM 0)
2026-10-03 02:28:51,059 [HID병목]   [02:27:30] M16HUB 정상(보고 270 미보고 0 JAM 0)
2026-10-03 02:29:41,026 [HID병목]   [02:28:20] M16HUB 정상(보고 270 미보고 0 JAM 0)
2026-10-03 02:30:31,033 [HID병목]   [02:29:10] M16HUB 정상(보고 270 미보고 0 JAM 0)
2026-10-03 02:31:21,026 [HID병목]   [02:30:00] M16HUB 정상(보고 270 미보고 0 JAM 0)
2026-10-03 02:32:11,075 [HID병목]   [02:30:50] M16HUB 정상(보고 270 미보고 0 JAM 0)
2026-10-03 02:33:01,155 [HID병목]   [02:31:40] M16HUB 정상(보고 270 미보고 0 JAM 0)
2026-10-03 02:33:51,077 [HID병목]   [02:32:30] M16HUB 정상(보고 270 미보고 0 JAM 0)
2026-10-03 02:34:41,068 [HID병목]   [02:33:20] M16HUB 정상(보고 270 미보고 0 JAM 0)
2026-10-03 02:35:31,074 [HID병목]   [02:34:10] M16HUB 정상(보고 270 미보고 0 JAM 0)
2026-10-03 02:36:21,057 [HID병목]   [02:35:00] M16HUB 정상(보고 270 미보고 0 JAM 0)
2026-10-03 02:37:11,060 [HID병목]   [02:35:50] M16HUB 정상(보고 270 미보고 0 JAM 0)
2026-10-03 02:38:01,071 [HID병목]   [02:36:40] M16HUB 정상(보고 270 미보고 0 JAM 0)
2026-10-03 02:38:51,074 [HID병목]   [02:37:30] M16HUB 정상(보고 270 미보고 0 JAM 0)
2026-10-03 02:39:41,048 [HID병목]   [02:38:20] M16HUB 정상(보고 270 미보고 0 JAM 0)
2026-10-03 02:40:31,040 [HID병목]   [02:39:10] M16HUB 정상(보고 270 미보고 0 JAM 0)
2026-10-03 02:41:21,075 [HID병목]   [02:40:00] M16HUB 정상(보고 270 미보고 0 JAM 0)
2026-10-03 02:42:11,075 [HID병목]   [02:40:50] M16HUB 정상(보고 270 미보고 0 JAM 0)
2026-10-03 02:43:01,057 [HID병목]   [02:41:40] M16HUB 정상(보고 270 미보고 0 JAM 0)
2026-10-03 02:43:51,060 [HID병목]   [02:42:30] M16HUB 정상(보고 270 미보고 0 JAM 0)
2026-10-03 02:44:42,476 [HID병목]   [02:43:20] M16HUB 정상(보고 270 미보고 0 JAM 0)
2026-10-03 02:45:31,063 [HID병목]   [02:44:10] M16HUB 정상(보고 270 미보고 0 JAM 0)
2026-10-03 02:46:22,237 [HID병목]   [02:45:00] M16HUB 정상(보고 270 미보고 0 JAM 0)
2026-10-03 02:47:11,046 [HID병목]   [02:45:50] M16HUB 정상(보고 270 미보고 0 JAM 0)
2026-10-03 02:48:01,068 [HID병목]   [02:46:40] M16HUB 정상(보고 270 미보고 0 JAM 0)
2026-10-03 02:48:51,075 [HID병목]   [02:47:30] M16HUB 정상(보고 270 미보고 0 JAM 0)
2026-10-03 02:49:41,034 [HID병목]   [02:48:20] M16HUB 정상(보고 270 미보고 0 JAM 0)
2026-10-03 02:50:31,033 [HID병목]   [02:49:10] M16HUB 정상(보고 270 미보고 0 JAM 0)
2026-10-03 02:51:21,076 [HID병목]   [02:50:00] M16HUB 정상(보고 270 미보고 0 JAM 0)
2026-10-03 02:52:11,071 [HID병목]   [02:50:50] M16HUB 정상(보고 270 미보고 0 JAM 0)
2026-10-03 02:53:01,104 [HID병목]   [02:51:40] M16HUB 정상(보고 270 미보고 0 JAM 0)
2026-10-03 02:53:51,035 [HID병목]   [02:52:30] M16HUB 정상(보고 270 미보고 0 JAM 0)
2026-10-03 02:54:44,069 [HID병목]   [02:53:20] M16HUB 정상(보고 270 미보고 0 JAM 0)
2026-10-03 02:55:31,082 [HID병목]   [02:54:10] M16HUB 정상(보고 270 미보고 0 JAM 0)
2026-10-03 02:56:21,075 [HID병목]   [02:55:00] M16HUB 정상(보고 270 미보고 0 JAM 0)
2026-10-03 02:57:11,035 [HID병목]   [02:55:50] M16HUB 정상(보고 270 미보고 0 JAM 0)
2026-10-03 02:58:01,055 [HID병목]   [02:56:40] M16HUB 정상(보고 270 미보고 0 JAM 0)
2026-10-03 02:58:51,035 [HID병목]   [02:57:30] M16HUB 정상(보고 270 미보고 0 JAM 0)
2026-10-03 02:59:41,060 [HID병목]   [02:58:20] M16HUB 정상(보고 270 미보고 0 JAM 0)
2026-10-03 03:00:31,090 [HID병목]   [02:59:10] M16HUB 정상(보고 270 미보고 0 JAM 0)
2026-10-03 03:01:21,024 [HID병목]   [03:00:00] M16HUB 정상(보고 270 미보고 0 JAM 0)
2026-10-03 03:02:11,057 [HID병목]   [03:00:50] M16HUB 정상(보고 269 미보고 1 JAM 0)
2026-10-03 03:03:01,093 [HID병목]   [03:01:40] M16HUB 정상(보고 270 미보고 0 JAM 0)
2026-10-03 03:03:51,071 [HID병목]   [03:02:30] M16HUB 정상(보고 270 미보고 0 JAM 0)
2026-10-03 03:04:41,066 [HID병목]   [03:03:20] M16HUB 정상(보고 270 미보고 0 JAM 0)
2026-10-03 03:05:31,681 [HID병목]   [03:04:10] M16HUB 정상(보고 270 미보고 0 JAM 0)
2026-10-03 03:06:21,076 [HID병목]   [03:05:00] M16HUB 정상(보고 270 미보고 0 JAM 0)
2026-10-03 03:07:11,079 [HID병목]   [03:05:50] M16HUB 정상(보고 270 미보고 0 JAM 0)
2026-10-03 03:08:01,064 [HID병목]   [03:06:40] M16HUB 정상(보고 270 미보고 0 JAM 0)
2026-10-03 03:08:51,037 [HID병목]   [03:07:30] M16HUB 정상(보고 270 미보고 0 JAM 0)
2026-10-03 03:09:41,015 [HID병목]   [03:08:20] M16HUB 정상(보고 270 미보고 0 JAM 0)
2026-10-03 03:10:31,034 [HID병목]   [03:09:10] M16HUB 정상(보고 270 미보고 0 JAM 0)
2026-10-03 03:11:21,139 [HID병목]   [03:10:00] M16HUB 정상(보고 270 미보고 0 JAM 0)
2026-10-03 03:12:11,028 [HID병목]   [03:10:50] M16HUB 정상(보고 270 미보고 0 JAM 0)
2026-10-03 03:13:01,051 [HID병목]   [03:11:40] M16HUB 정상(보고 270 미보고 0 JAM 0)
2026-10-03 03:13:51,076 [HID병목]   [03:12:30] M16HUB 정상(보고 270 미보고 0 JAM 0)
2026-10-03 03:14:41,067 [HID병목]   [03:13:20] M16HUB 정상(보고 270 미보고 0 JAM 0)
2026-10-03 03:15:31,058 [HID병목]   [03:14:10] M16HUB 정상(보고 270 미보고 0 JAM 0)
2026-10-03 03:16:21,425 [HID병목]   [03:15:00] M16HUB 정상(보고 270 미보고 0 JAM 0)
2026-10-03 03:17:11,070 [HID병목]   [03:15:50] M16HUB 정상(보고 270 미보고 0 JAM 0)
2026-10-03 03:18:01,082 [HID병목]   [03:16:40] M16HUB 정상(보고 270 미보고 0 JAM 0)
2026-10-03 03:18:51,052 [HID병목]   [03:17:30] M16HUB 정상(보고 270 미보고 0 JAM 0)
2026-10-03 03:19:41,065 [HID병목]   [03:18:20] M16HUB 정상(보고 270 미보고 0 JAM 0)
2026-10-03 03:20:31,066 [HID병목]   [03:19:10] M16HUB 정상(보고 270 미보고 0 JAM 0)
2026-10-03 03:21:21,053 [HID병목]   [03:20:00] M16HUB 정상(보고 270 미보고 0 JAM 0)
2026-10-03 03:22:11,026 [HID병목]   [03:20:50] M16HUB 정상(보고 270 미보고 0 JAM 0)
2026-10-03 03:23:01,091 [HID병목]   [03:21:40] M16HUB 정상(보고 270 미보고 0 JAM 0)
2026-10-03 03:23:51,025 [HID병목]   [03:22:30] M16HUB 정상(보고 270 미보고 0 JAM 0)
2026-10-03 03:24:41,016 [HID병목]   [03:23:20] M16HUB 정상(보고 270 미보고 0 JAM 0)
2026-10-03 03:25:31,025 [HID병목]   [03:24:10] M16HUB 정상(보고 270 미보고 0 JAM 0)
2026-10-03 03:26:21,034 [HID병목]   [03:25:00] M16HUB 정상(보고 270 미보고 0 JAM 0)
2026-10-03 03:27:11,067 [HID병목]   [03:25:50] M16HUB 정상(보고 270 미보고 0 JAM 0)
2026-10-03 03:28:01,093 [HID병목]   [03:26:40] M16HUB 정상(보고 270 미보고 0 JAM 0)
2026-10-03 03:28:51,053 [HID병목]   [03:27:30] M16HUB 정상(보고 270 미보고 0 JAM 0)
2026-10-03 03:29:41,032 [HID병목]   [03:28:20] M16HUB 정상(보고 270 미보고 0 JAM 0)
2026-10-03 03:30:31,069 [HID병목]   [03:29:10] M16HUB 정상(보고 270 미보고 0 JAM 0)
2026-10-03 03:31:21,069 [HID병목]   [03:30:00] M16HUB 정상(보고 270 미보고 0 JAM 0)
2026-10-03 03:32:11,078 [HID병목]   [03:30:50] M16HUB 정상(보고 270 미보고 0 JAM 0)
2026-10-03 03:33:01,129 [HID병목]   [03:31:40] M16HUB 정상(보고 270 미보고 0 JAM 0)
2026-10-03 03:33:51,031 [HID병목]   [03:32:30] M16HUB 정상(보고 270 미보고 0 JAM 0)
2026-10-03 03:34:41,049 [HID병목]   [03:33:20] M16HUB 정상(보고 270 미보고 0 JAM 0)
2026-10-03 03:35:31,072 [HID병목]   [03:34:10] M16HUB 정상(보고 270 미보고 0 JAM 0)
2026-10-03 03:36:21,078 [HID병목]   [03:35:00] M16HUB 정상(보고 270 미보고 0 JAM 0)
2026-10-03 03:37:11,072 [HID병목]   [03:35:50] M16HUB 정상(보고 270 미보고 0 JAM 0)
2026-10-03 03:38:01,076 [HID병목]   [03:36:40] M16HUB 정상(보고 270 미보고 0 JAM 0)
2026-10-03 03:38:51,075 [HID병목]   [03:37:30] M16HUB 정상(보고 270 미보고 0 JAM 0)
2026-10-03 03:39:42,756 [HID병목]   [03:38:20] M16HUB 정상(보고 270 미보고 0 JAM 0)
2026-10-03 03:40:31,036 [HID병목]   [03:39:10] M16HUB 정상(보고 270 미보고 0 JAM 0)
2026-10-03 03:41:21,075 [HID병목]   [03:40:00] M16HUB 정상(보고 270 미보고 0 JAM 0)
2026-10-03 03:42:11,036 [HID병목]   [03:40:50] M16HUB 정상(보고 270 미보고 0 JAM 0)
2026-10-03 03:43:01,110 [HID병목]   [03:41:40] M16HUB 정상(보고 270 미보고 0 JAM 0)
2026-10-03 03:43:51,075 [HID병목]   [03:42:30] M16HUB 정상(보고 270 미보고 0 JAM 0)
2026-10-03 03:44:41,052 [HID병목]   [03:43:20] M16HUB 정상(보고 270 미보고 0 JAM 0)
2026-10-03 03:45:33,249 [HID병목]   [03:44:10] M16HUB 정상(보고 270 미보고 0 JAM 0)
2026-10-03 03:46:21,068 [HID병목]   [03:45:00] M16HUB 정상(보고 270 미보고 0 JAM 0)
2026-10-03 03:47:11,074 [HID병목]   [03:45:50] M16HUB 정상(보고 270 미보고 0 JAM 0)
2026-10-03 03:48:01,105 [HID병목]   [03:46:40] M16HUB 정상(보고 270 미보고 0 JAM 0)
2026-10-03 03:48:51,067 [HID병목]   [03:47:30] M16HUB 정상(보고 270 미보고 0 JAM 0)
2026-10-03 03:49:41,092 [HID병목]   [03:48:20] M16HUB 정상(보고 270 미보고 0 JAM 0)
2026-10-03 03:50:31,036 [HID병목]   [03:49:10] M16HUB 정상(보고 270 미보고 0 JAM 0)
2026-10-03 03:51:21,079 [HID병목]   [03:50:00] M16HUB 정상(보고 270 미보고 0 JAM 0)
2026-10-03 03:52:11,075 [HID병목]   [03:50:50] M16HUB 정상(보고 270 미보고 0 JAM 0)
2026-10-03 03:53:01,071 [HID병목]   [03:51:40] M16HUB 정상(보고 270 미보고 0 JAM 0)
2026-10-03 03:53:51,078 [HID병목]   [03:52:30] M16HUB 정상(보고 270 미보고 0 JAM 0)
2026-10-03 03:54:41,022 [HID병목]   [03:53:20] M16HUB 정상(보고 270 미보고 0 JAM 0)
2026-10-03 03:55:31,085 [HID병목]   [03:54:10] M16HUB 정상(보고 270 미보고 0 JAM 0)
2026-10-03 03:56:21,612 [HID병목]   [03:55:00] M16HUB 정상(보고 270 미보고 0 JAM 0)
2026-10-03 03:57:11,034 [HID병목]   [03:55:50] M16HUB 정상(보고 270 미보고 0 JAM 0)
2026-10-03 03:58:01,050 [HID병목]   [03:56:40] M16HUB 정상(보고 270 미보고 0 JAM 0)
2026-10-03 03:58:51,075 [HID병목]   [03:57:30] M16HUB 정상(보고 270 미보고 0 JAM 0)
2026-10-03 03:59:41,018 [HID병목]   [03:58:20] M16HUB 정상(보고 270 미보고 0 JAM 0)
2026-10-03 04:00:31,054 [HID병목]   [03:59:10] M16HUB 정상(보고 270 미보고 0 JAM 0)
2026-10-03 04:01:21,796 [HID병목]   [04:00:00] M16HUB 정상(보고 270 미보고 0 JAM 0)
2026-10-03 04:02:11,062 [HID병목]   [04:00:50] M16HUB 정상(보고 270 미보고 0 JAM 0)
2026-10-03 04:03:01,123 [HID병목]   [04:01:40] M16HUB 정상(보고 270 미보고 0 JAM 0)
2026-10-03 04:03:51,031 [HID병목]   [04:02:30] M16HUB 정상(보고 270 미보고 0 JAM 0)
2026-10-03 04:04:41,026 [HID병목]   [04:03:20] M16HUB 정상(보고 270 미보고 0 JAM 0)
2026-10-03 04:05:31,088 [HID병목]   [04:04:10] M16HUB 정상(보고 270 미보고 0 JAM 0)
2026-10-03 04:06:21,052 [HID병목]   [04:05:00] M16HUB 정상(보고 270 미보고 0 JAM 0)
2026-10-03 04:07:11,074 [HID병목]   [04:05:50] M16HUB 정상(보고 270 미보고 0 JAM 0)
2026-10-03 04:08:01,040 [HID병목]   [04:06:40] M16HUB 정상(보고 270 미보고 0 JAM 0)
2026-10-03 04:08:51,074 [HID병목]   [04:07:30] M16HUB 정상(보고 270 미보고 0 JAM 0)
2026-10-03 04:09:41,065 [HID병목]   [04:08:20] M16HUB 정상(보고 270 미보고 0 JAM 0)
2026-10-03 04:10:31,049 [HID병목]   [04:09:10] M16HUB 정상(보고 270 미보고 0 JAM 0)
2026-10-03 04:11:21,074 [HID병목]   [04:10:00] M16HUB 정상(보고 270 미보고 0 JAM 0)
2026-10-03 04:12:11,061 [HID병목]   [04:10:50] M16HUB 정상(보고 270 미보고 0 JAM 0)
2026-10-03 04:13:01,087 [HID병목]   [04:11:40] M16HUB 정상(보고 270 미보고 0 JAM 0)
2026-10-03 04:13:51,024 [HID병목]   [04:12:30] M16HUB 정상(보고 270 미보고 0 JAM 0)
2026-10-03 04:14:41,069 [HID병목]   [04:13:20] M16HUB 정상(보고 270 미보고 0 JAM 0)
2026-10-03 04:15:31,057 [HID병목]   [04:14:10] M16HUB 정상(보고 270 미보고 0 JAM 0)
2026-10-03 04:16:21,024 [HID병목]   [04:15:00] M16HUB 정상(보고 270 미보고 0 JAM 0)
2026-10-03 04:17:11,074 [HID병목]   [04:15:50] M16HUB 정상(보고 270 미보고 0 JAM 0)
2026-10-03 04:18:01,118 [HID병목]   [04:16:40] M16HUB 정상(보고 270 미보고 0 JAM 0)
2026-10-03 04:18:51,030 [HID병목]   [04:17:30] M16HUB 정상(보고 270 미보고 0 JAM 0)
2026-10-03 04:19:41,024 [HID병목]   [04:18:20] M16HUB 정상(보고 270 미보고 0 JAM 0)
2026-10-03 04:20:31,078 [HID병목]   [04:19:10] M16HUB 정상(보고 270 미보고 0 JAM 0)
2026-10-03 04:21:21,323 [HID병목]   [04:20:00] M16HUB 정상(보고 270 미보고 0 JAM 0)
2026-10-03 04:22:11,086 [HID병목]   [04:20:50] M16HUB 정상(보고 270 미보고 0 JAM 0)
2026-10-03 04:23:01,129 [HID병목]   [04:21:40] M16HUB 정상(보고 269 미보고 1 JAM 0)
2026-10-03 04:23:51,074 [HID병목]   [04:22:30] M16HUB 정상(보고 270 미보고 0 JAM 0)
2026-10-03 04:24:41,024 [HID병목]   [04:23:20] M16HUB 정상(보고 270 미보고 0 JAM 0)
2026-10-03 04:25:31,070 [HID병목]   [04:24:10] M16HUB 정상(보고 270 미보고 0 JAM 0)
2026-10-03 04:26:22,041 [HID병목]   [04:25:00] M16HUB 정상(보고 270 미보고 0 JAM 0)
2026-10-03 04:27:11,086 [HID병목]   [04:25:50] M16HUB 정상(보고 270 미보고 0 JAM 0)
2026-10-03 04:28:01,091 [HID병목]   [04:26:40] M16HUB 정상(보고 270 미보고 0 JAM 0)
2026-10-03 04:28:51,074 [HID병목]   [04:27:30] M16HUB 정상(보고 270 미보고 0 JAM 0)
2026-10-03 04:29:41,963 [HID병목]   [04:28:20] M16HUB 정상(보고 270 미보고 0 JAM 0)
2026-10-03 04:30:31,072 [HID병목]   [04:29:10] M16HUB 정상(보고 270 미보고 0 JAM 0)
2026-10-03 04:31:21,026 [HID병목]   [04:30:00] M16HUB 정상(보고 270 미보고 0 JAM 0)
2026-10-03 04:32:11,032 [HID병목]   [04:30:50] M16HUB 정상(보고 270 미보고 0 JAM 0)
2026-10-03 04:33:01,358 [HID병목]   [04:31:40] M16HUB 정상(보고 270 미보고 0 JAM 0)
2026-10-03 04:33:51,032 [HID병목]   [04:32:30] M16HUB 정상(보고 269 미보고 1 JAM 0)
2026-10-03 04:34:41,067 [HID병목]   [04:33:20] M16HUB 정상(보고 269 미보고 1 JAM 0)
2026-10-03 04:35:31,024 [HID병목]   [04:34:10] M16HUB 정상(보고 270 미보고 0 JAM 0)
2026-10-03 04:36:21,032 [HID병목]   [04:35:00] M16HUB 정상(보고 270 미보고 0 JAM 0)
2026-10-03 04:37:11,078 [HID병목]   [04:35:50] M16HUB 정상(보고 270 미보고 0 JAM 0)
2026-10-03 04:38:01,032 [HID병목]   [04:36:40] M16HUB 정상(보고 270 미보고 0 JAM 0)
2026-10-03 04:38:51,071 [HID병목]   [04:37:30] M16HUB 정상(보고 270 미보고 0 JAM 0)
2026-10-03 04:39:41,068 [HID병목]   [04:38:20] M16HUB 정상(보고 270 미보고 0 JAM 0)
2026-10-03 04:40:31,074 [HID병목]   [04:39:10] M16HUB 정상(보고 270 미보고 0 JAM 0)
2026-10-03 04:41:21,035 [HID병목]   [04:40:00] M16HUB 정상(보고 270 미보고 0 JAM 0)
2026-10-03 04:42:11,075 [HID병목]   [04:40:50] M16HUB 정상(보고 270 미보고 0 JAM 0)
2026-10-03 04:43:01,320 [HID병목]   [04:41:40] M16HUB 정상(보고 270 미보고 0 JAM 0)
2026-10-03 04:43:51,094 [HID병목]   [04:42:30] M16HUB 정상(보고 270 미보고 0 JAM 0)
2026-10-03 04:44:41,057 [HID병목]   [04:43:20] M16HUB 정상(보고 269 미보고 1 JAM 0)
2026-10-03 04:45:32,703 [HID병목]   [04:44:10] M16HUB 정상(보고 270 미보고 0 JAM 0)
2026-10-03 04:46:21,038 [HID병목]   [04:45:00] M16HUB 정상(보고 270 미보고 0 JAM 0)
2026-10-03 04:47:11,063 [HID병목]   [04:45:50] M16HUB 정상(보고 270 미보고 0 JAM 0)
2026-10-03 04:48:01,038 [HID병목]   [04:46:40] M16HUB 정상(보고 270 미보고 0 JAM 0)
2026-10-03 04:48:51,073 [HID병목]   [04:47:30] M16HUB 정상(보고 270 미보고 0 JAM 0)
2026-10-03 04:49:41,802 [HID병목]   [04:48:20] M16HUB 정상(보고 270 미보고 0 JAM 0)
2026-10-03 04:50:31,031 [HID병목]   [04:49:10] M16HUB 정상(보고 270 미보고 0 JAM 0)
2026-10-03 04:51:21,227 [HID병목]   [04:50:00] M16HUB 정상(보고 270 미보고 0 JAM 0)
2026-10-03 04:52:11,077 [HID병목]   [04:50:50] M16HUB 정상(보고 270 미보고 0 JAM 0)
2026-10-03 04:53:01,066 [HID병목]   [04:51:40] M16HUB 정상(보고 269 미보고 1 JAM 0)
2026-10-03 04:53:51,077 [HID병목]   [04:52:30] M16HUB 정상(보고 270 미보고 0 JAM 0)
2026-10-03 04:54:41,110 [HID병목]   [04:53:20] M16HUB 정상(보고 270 미보고 0 JAM 0)
2026-10-03 04:55:31,045 [HID병목]   [04:54:10] M16HUB 정상(보고 270 미보고 0 JAM 0)
2026-10-03 04:56:21,071 [HID병목]   [04:55:00] M16HUB 정상(보고 270 미보고 0 JAM 0)
2026-10-03 04:57:11,077 [HID병목]   [04:55:50] M16HUB 정상(보고 270 미보고 0 JAM 0)
2026-10-03 04:58:01,072 [HID병목]   [04:56:40] M16HUB 정상(보고 270 미보고 0 JAM 0)
2026-10-03 04:58:51,074 [HID병목]   [04:57:30] M16HUB 정상(보고 270 미보고 0 JAM 0)
2026-10-03 04:59:41,015 [HID병목]   [04:58:20] M16HUB 정상(보고 270 미보고 0 JAM 0)
2026-10-03 05:00:31,026 [HID병목]   [04:59:10] M16HUB 정상(보고 270 미보고 0 JAM 0)
2026-10-03 05:01:21,230 [HID병목]   [05:00:00] M16HUB 정상(보고 270 미보고 0 JAM 0)
2026-10-03 05:02:11,088 [HID병목]   [05:00:50] M16HUB 정상(보고 270 미보고 0 JAM 0)
2026-10-03 05:03:01,062 [HID병목]   [05:01:40] M16HUB 정상(보고 269 미보고 1 JAM 0)
2026-10-03 05:03:51,059 [HID병목]   [05:02:30] M16HUB 정상(보고 270 미보고 0 JAM 0)
2026-10-03 05:04:41,090 [HID병목]   [05:03:20] M16HUB 정상(보고 270 미보고 0 JAM 0)
2026-10-03 05:05:31,070 [HID병목]   [05:04:10] M16HUB 정상(보고 269 미보고 1 JAM 0)
2026-10-03 05:06:21,059 [HID병목]   [05:05:00] M16HUB 정상(보고 269 미보고 1 JAM 0)
2026-10-03 05:07:11,032 [HID병목]   [05:05:50] M16HUB 정상(보고 270 미보고 0 JAM 0)
2026-10-03 05:08:01,067 [HID병목]   [05:06:40] M16HUB 정상(보고 269 미보고 1 JAM 0)
2026-10-03 05:08:51,040 [HID병목]   [05:07:30] M16HUB 정상(보고 270 미보고 0 JAM 0)
2026-10-03 05:09:41,061 [HID병목]   [05:08:20] M16HUB 정상(보고 270 미보고 0 JAM 0)
2026-10-03 05:10:31,075 [HID병목]   [05:09:10] M16HUB 정상(보고 270 미보고 0 JAM 0)
2026-10-03 05:11:21,072 [HID병목]   [05:10:00] M16HUB 정상(보고 270 미보고 0 JAM 0)
2026-10-03 05:12:11,074 [HID병목]   [05:10:50] M16HUB 정상(보고 270 미보고 0 JAM 0)
2026-10-03 05:13:01,218 [HID병목]   [05:11:40] M16HUB 정상(보고 270 미보고 0 JAM 0)
2026-10-03 05:13:51,075 [HID병목]   [05:12:30] M16HUB 정상(보고 270 미보고 0 JAM 0)
2026-10-03 05:14:41,020 [HID병목]   [05:13:20] M16HUB 정상(보고 270 미보고 0 JAM 0)
2026-10-03 05:15:31,039 [HID병목]   [05:14:10] M16HUB 정상(보고 270 미보고 0 JAM 0)
2026-10-03 05:16:21,025 [HID병목]   [05:15:00] M16HUB 정상(보고 270 미보고 0 JAM 0)
2026-10-03 05:17:11,065 [HID병목]   [05:15:50] M16HUB 정상(보고 270 미보고 0 JAM 0)
2026-10-03 05:18:01,082 [HID병목]   [05:16:40] M16HUB 정상(보고 270 미보고 0 JAM 0)
2026-10-03 05:18:51,073 [HID병목]   [05:17:30] M16HUB 정상(보고 270 미보고 0 JAM 0)
2026-10-03 05:19:41,067 [HID병목]   [05:18:20] M16HUB 정상(보고 270 미보고 0 JAM 0)
2026-10-03 05:20:31,043 [HID병목]   [05:19:10] M16HUB 정상(보고 270 미보고 0 JAM 0)
2026-10-03 05:21:21,035 [HID병목]   [05:20:00] M16HUB 정상(보고 270 미보고 0 JAM 0)
2026-10-03 05:22:11,026 [HID병목]   [05:20:50] M16HUB 정상(보고 270 미보고 0 JAM 0)
2026-10-03 05:23:01,081 [HID병목]   [05:21:40] M16HUB 정상(보고 270 미보고 0 JAM 0)
2026-10-03 05:23:51,025 [HID병목]   [05:22:30] M16HUB 정상(보고 270 미보고 0 JAM 0)
2026-10-03 05:24:41,040 [HID병목]   [05:23:20] M16HUB 정상(보고 270 미보고 0 JAM 0)
2026-10-03 05:25:31,075 [HID병목]   [05:24:10] M16HUB 정상(보고 270 미보고 0 JAM 0)
2026-10-03 05:26:21,027 [HID병목]   [05:25:00] M16HUB 정상(보고 270 미보고 0 JAM 0)
2026-10-03 05:27:11,044 [HID병목]   [05:25:50] M16HUB 정상(보고 270 미보고 0 JAM 0)
2026-10-03 05:28:01,243 [HID병목]   [05:26:40] M16HUB 정상(보고 270 미보고 0 JAM 0)
2026-10-03 05:28:51,076 [HID병목]   [05:27:30] M16HUB 정상(보고 270 미보고 0 JAM 0)
2026-10-03 05:29:41,036 [HID병목]   [05:28:20] M16HUB 정상(보고 270 미보고 0 JAM 0)
2026-10-03 05:30:31,028 [HID병목]   [05:29:10] M16HUB 정상(보고 270 미보고 0 JAM 0)
2026-10-03 05:31:21,033 [HID병목]   [05:30:00] M16HUB 정상(보고 270 미보고 0 JAM 0)
2026-10-03 05:32:11,037 [HID병목]   [05:30:50] M16HUB 정상(보고 270 미보고 0 JAM 0)
2026-10-03 05:33:01,094 [HID병목]   [05:31:40] M16HUB 정상(보고 270 미보고 0 JAM 0)
2026-10-03 05:33:51,089 [HID병목]   [05:32:30] M16HUB 정상(보고 270 미보고 0 JAM 0)
2026-10-03 05:34:41,035 [HID병목]   [05:33:20] M16HUB 정상(보고 270 미보고 0 JAM 0)
2026-10-03 05:35:31,096 [HID병목]   [05:34:10] M16HUB 정상(보고 270 미보고 0 JAM 0)
2026-10-03 05:36:21,537 [HID병목]   [05:35:00] M16HUB 정상(보고 270 미보고 0 JAM 0)
2026-10-03 05:37:11,074 [HID병목]   [05:35:50] M16HUB 정상(보고 270 미보고 0 JAM 0)
2026-10-03 05:38:01,079 [HID병목]   [05:36:40] M16HUB 정상(보고 270 미보고 0 JAM 0)
2026-10-03 05:38:51,067 [HID병목]   [05:37:30] M16HUB 정상(보고 270 미보고 0 JAM 0)
2026-10-03 05:39:44,361 [HID병목]   [05:38:20] M16HUB 정상(보고 270 미보고 0 JAM 0)
2026-10-03 05:40:31,064 [HID병목]   [05:39:10] M16HUB 정상(보고 270 미보고 0 JAM 0)
2026-10-03 05:41:21,075 [HID병목]   [05:40:00] M16HUB 정상(보고 270 미보고 0 JAM 0)
2026-10-03 05:42:11,025 [HID병목]   [05:40:50] M16HUB 정상(보고 270 미보고 0 JAM 0)
2026-10-03 05:43:01,082 [HID병목]   [05:41:40] M16HUB 정상(보고 270 미보고 0 JAM 0)
2026-10-03 05:43:51,032 [HID병목]   [05:42:30] M16HUB 정상(보고 270 미보고 0 JAM 0)
2026-10-03 05:44:41,048 [HID병목]   [05:43:20] M16HUB 정상(보고 270 미보고 0 JAM 0)
2026-10-03 05:45:31,076 [HID병목]   [05:44:10] M16HUB 정상(보고 270 미보고 0 JAM 0)
2026-10-03 05:46:21,402 [HID병목]   [05:45:00] M16HUB 정상(보고 270 미보고 0 JAM 0)
2026-10-03 05:47:11,025 [HID병목]   [05:45:50] M16HUB 정상(보고 270 미보고 0 JAM 0)
2026-10-03 05:48:01,088 [HID병목]   [05:46:40] M16HUB 정상(보고 270 미보고 0 JAM 0)
2026-10-03 05:48:51,072 [HID병목]   [05:47:30] M16HUB 정상(보고 270 미보고 0 JAM 0)
2026-10-03 05:49:41,065 [HID병목]   [05:48:20] M16HUB 정상(보고 270 미보고 0 JAM 0)
2026-10-03 05:50:31,075 [HID병목]   [05:49:10] M16HUB 정상(보고 270 미보고 0 JAM 0)
2026-10-03 05:51:21,717 [HID병목]   [05:50:00] M16HUB 정상(보고 270 미보고 0 JAM 0)
2026-10-03 05:52:11,039 [HID병목]   [05:50:50] M16HUB 정상(보고 270 미보고 0 JAM 0)
2026-10-03 05:53:01,035 [HID병목]   [05:51:40] M16HUB 정상(보고 270 미보고 0 JAM 0)
2026-10-03 05:53:51,097 [HID병목]   [05:52:30] M16HUB 정상(보고 270 미보고 0 JAM 0)
2026-10-03 05:54:41,023 [HID병목]   [05:53:20] M16HUB 정상(보고 270 미보고 0 JAM 0)
2026-10-03 05:55:31,085 [HID병목]   [05:54:10] M16HUB 정상(보고 270 미보고 0 JAM 0)
2026-10-03 05:56:21,076 [HID병목]   [05:55:00] M16HUB 정상(보고 270 미보고 0 JAM 0)
2026-10-03 05:57:11,030 [HID병목]   [05:55:50] M16HUB 정상(보고 270 미보고 0 JAM 0)
2026-10-03 05:58:01,049 [HID병목]   [05:56:40] M16HUB 정상(보고 270 미보고 0 JAM 0)
2026-10-03 05:58:51,032 [HID병목]   [05:57:30] M16HUB 정상(보고 270 미보고 0 JAM 0)
2026-10-03 05:59:41,142 [HID병목]   [05:58:20] M16HUB 정상(보고 270 미보고 0 JAM 0)
2026-10-03 06:00:31,093 [HID병목]   [05:59:10] M16HUB 정상(보고 270 미보고 0 JAM 0)
2026-10-03 06:01:21,145 [HID병목]   [06:00:00] M16HUB 정상(보고 270 미보고 0 JAM 0)
2026-10-03 06:02:11,074 [HID병목]   [06:00:50] M16HUB 정상(보고 270 미보고 0 JAM 0)
2026-10-03 06:03:01,086 [HID병목]   [06:01:40] M16HUB 정상(보고 270 미보고 0 JAM 0)
2026-10-03 06:03:51,074 [HID병목]   [06:02:30] M16HUB 정상(보고 270 미보고 0 JAM 0)
2026-10-03 06:04:41,065 [HID병목]   [06:03:20] M16HUB 정상(보고 270 미보고 0 JAM 0)
2026-10-03 06:05:31,074 [HID병목]   [06:04:10] M16HUB 정상(보고 270 미보고 0 JAM 0)
2026-10-03 06:06:21,058 [HID병목]   [06:05:00] M16HUB 정상(보고 270 미보고 0 JAM 0)
2026-10-03 06:07:11,027 [HID병목]   [06:05:50] M16HUB 정상(보고 270 미보고 0 JAM 0)
2026-10-03 06:08:01,044 [HID병목]   [06:06:40] M16HUB 정상(보고 270 미보고 0 JAM 0)
2026-10-03 06:08:51,075 [HID병목]   [06:07:30] M16HUB 정상(보고 270 미보고 0 JAM 0)
2026-10-03 06:09:41,048 [HID병목]   [06:08:20] M16HUB 정상(보고 270 미보고 0 JAM 0)
2026-10-03 06:10:32,205 [HID병목]   [06:09:10] M16HUB 정상(보고 270 미보고 0 JAM 0)
2026-10-03 06:11:21,026 [HID병목]   [06:10:00] M16HUB 정상(보고 270 미보고 0 JAM 0)
2026-10-03 06:12:11,079 [HID병목]   [06:10:50] M16HUB 정상(보고 270 미보고 0 JAM 0)
2026-10-03 06:13:01,110 [HID병목]   [06:11:40] M16HUB 정상(보고 270 미보고 0 JAM 0)
2026-10-03 06:13:51,076 [HID병목]   [06:12:30] M16HUB 정상(보고 270 미보고 0 JAM 0)
2026-10-03 06:14:41,016 [HID병목]   [06:13:20] M16HUB 정상(보고 270 미보고 0 JAM 0)
2026-10-03 06:15:31,077 [HID병목]   [06:14:10] M16HUB 정상(보고 270 미보고 0 JAM 0)
2026-10-03 06:16:21,067 [HID병목]   [06:15:00] M16HUB 정상(보고 270 미보고 0 JAM 0)
2026-10-03 06:17:11,026 [HID병목]   [06:15:50] M16HUB 정상(보고 270 미보고 0 JAM 0)
2026-10-03 06:18:01,031 [HID병목]   [06:16:40] M16HUB 정상(보고 270 미보고 0 JAM 0)
2026-10-03 06:18:51,074 [HID병목]   [06:17:30] M16HUB 정상(보고 270 미보고 0 JAM 0)
2026-10-03 06:19:41,066 [HID병목]   [06:18:20] M16HUB 정상(보고 270 미보고 0 JAM 0)
2026-10-03 06:20:31,072 [HID병목]   [06:19:10] M16HUB 정상(보고 270 미보고 0 JAM 0)
2026-10-03 06:21:21,039 [HID병목]   [06:20:00] M16HUB 정상(보고 270 미보고 0 JAM 0)
2026-10-03 06:22:11,076 [HID병목]   [06:20:50] M16HUB 정상(보고 270 미보고 0 JAM 0)
2026-10-03 06:23:01,087 [HID병목]   [06:21:40] M16HUB 정상(보고 270 미보고 0 JAM 0)
2026-10-03 06:23:51,073 [HID병목]   [06:22:30] M16HUB 정상(보고 270 미보고 0 JAM 0)
2026-10-03 06:24:41,066 [HID병목]   [06:23:20] M16HUB 정상(보고 270 미보고 0 JAM 0)
2026-10-03 06:25:31,073 [HID병목]   [06:24:10] M16HUB 정상(보고 270 미보고 0 JAM 0)
2026-10-03 06:26:21,075 [HID병목]   [06:25:00] M16HUB 정상(보고 270 미보고 0 JAM 0)
2026-10-03 06:27:11,083 [HID병목]   [06:25:50] M16HUB 정상(보고 270 미보고 0 JAM 0)
2026-10-03 06:28:01,081 [HID병목]   [06:26:40] M16HUB 정상(보고 270 미보고 0 JAM 0)
2026-10-03 06:28:51,074 [HID병목]   [06:27:30] M16HUB 정상(보고 270 미보고 0 JAM 0)
2026-10-03 06:29:41,015 [HID병목]   [06:28:20] M16HUB 정상(보고 270 미보고 0 JAM 0)
2026-10-03 06:30:31,074 [HID병목]   [06:29:10] M16HUB 정상(보고 270 미보고 0 JAM 0)
2026-10-03 06:31:21,076 [HID병목]   [06:30:00] M16HUB 정상(보고 270 미보고 0 JAM 0)
2026-10-03 06:32:11,058 [HID병목]   [06:30:50] M16HUB 정상(보고 270 미보고 0 JAM 0)
2026-10-03 06:33:01,087 [HID병목]   [06:31:40] M16HUB 정상(보고 270 미보고 0 JAM 0)
2026-10-03 06:33:51,073 [HID병목]   [06:32:30] M16HUB 정상(보고 270 미보고 0 JAM 0)
2026-10-03 06:34:41,058 [HID병목]   [06:33:20] M16HUB 정상(보고 270 미보고 0 JAM 0)
2026-10-03 06:35:31,023 [HID병목]   [06:34:10] M16HUB 정상(보고 270 미보고 0 JAM 0)
2026-10-03 06:36:21,173 [HID병목]   [06:35:00] M16HUB 정상(보고 270 미보고 0 JAM 0)
2026-10-03 06:37:11,077 [HID병목]   [06:35:50] M16HUB 정상(보고 270 미보고 0 JAM 0)
2026-10-03 06:38:01,037 [HID병목]   [06:36:40] M16HUB 정상(보고 270 미보고 0 JAM 0)
2026-10-03 06:38:51,074 [HID병목]   [06:37:30] M16HUB 정상(보고 270 미보고 0 JAM 0)
2026-10-03 06:39:41,065 [HID병목]   [06:38:20] M16HUB 정상(보고 270 미보고 0 JAM 0)
2026-10-03 06:40:31,034 [HID병목]   [06:39:10] M16HUB 정상(보고 270 미보고 0 JAM 0)
2026-10-03 06:41:21,076 [HID병목]   [06:40:00] M16HUB 정상(보고 270 미보고 0 JAM 0)
2026-10-03 06:42:11,026 [HID병목]   [06:40:50] M16HUB 정상(보고 270 미보고 0 JAM 0)
2026-10-03 06:43:01,082 [HID병목]   [06:41:40] M16HUB 정상(보고 270 미보고 0 JAM 0)
2026-10-03 06:43:51,038 [HID병목]   [06:42:30] M16HUB 정상(보고 270 미보고 0 JAM 0)
2026-10-03 06:44:44,625 [HID병목]   [06:43:20] M16HUB 정상(보고 270 미보고 0 JAM 0)
2026-10-03 06:45:31,082 [HID병목]   [06:44:10] M16HUB 정상(보고 270 미보고 0 JAM 0)
2026-10-03 06:46:21,100 [HID병목]   [06:45:00] M16HUB 정상(보고 270 미보고 0 JAM 0)
2026-10-03 06:47:11,066 [HID병목]   [06:45:50] M16HUB 정상(보고 270 미보고 0 JAM 0)
2026-10-03 06:48:01,078 [HID병목]   [06:46:40] M16HUB 정상(보고 270 미보고 0 JAM 0)
2026-10-03 06:48:51,046 [HID병목]   [06:47:30] M16HUB 정상(보고 270 미보고 0 JAM 0)
2026-10-03 06:49:41,879 [HID병목]   [06:48:20] M16HUB 정상(보고 270 미보고 0 JAM 0)
2026-10-03 06:50:31,073 [HID병목]   [06:49:10] M16HUB 정상(보고 270 미보고 0 JAM 0)
2026-10-03 06:51:21,066 [HID병목]   [06:50:00] M16HUB 정상(보고 270 미보고 0 JAM 0)
2026-10-03 06:52:11,068 [HID병목]   [06:50:50] M16HUB 정상(보고 270 미보고 0 JAM 0)
2026-10-03 06:53:01,144 [HID병목]   [06:51:40] M16HUB 정상(보고 270 미보고 0 JAM 0)
2026-10-03 06:53:51,043 [HID병목]   [06:52:30] M16HUB 정상(보고 270 미보고 0 JAM 0)
2026-10-03 06:54:41,065 [HID병목]   [06:53:20] M16HUB 정상(보고 270 미보고 0 JAM 0)
2026-10-03 06:55:31,085 [HID병목]   [06:54:10] M16HUB 정상(보고 270 미보고 0 JAM 0)
2026-10-03 06:56:21,056 [HID병목]   [06:55:00] M16HUB 정상(보고 270 미보고 0 JAM 0)
2026-10-03 06:57:11,035 [HID병목]   [06:55:50] M16HUB 정상(보고 270 미보고 0 JAM 0)
2026-10-03 06:58:01,031 [HID병목]   [06:56:40] M16HUB 정상(보고 270 미보고 0 JAM 0)
2026-10-03 06:58:51,075 [HID병목]   [06:57:30] M16HUB 정상(보고 270 미보고 0 JAM 0)
2026-10-03 06:59:41,065 [HID병목]   [06:58:20] M16HUB 정상(보고 270 미보고 0 JAM 0)
2026-10-03 07:00:31,055 [HID병목]   [06:59:10] M16HUB 정상(보고 270 미보고 0 JAM 0)
2026-10-03 07:01:21,028 [HID병목]   [07:00:00] M16HUB 정상(보고 270 미보고 0 JAM 0)
2026-10-03 07:02:11,033 [HID병목]   [07:00:50] M16HUB 정상(보고 270 미보고 0 JAM 0)
2026-10-03 07:03:01,150 [HID병목]   [07:01:40] M16HUB 정상(보고 270 미보고 0 JAM 0)
2026-10-03 07:03:51,049 [HID병목]   [07:02:30] M16HUB 정상(보고 270 미보고 0 JAM 0)
2026-10-03 07:04:43,134 [HID병목]   [07:03:20] M16HUB 정상(보고 270 미보고 0 JAM 0)
2026-10-03 07:05:31,032 [HID병목]   [07:04:10] M16HUB 정상(보고 270 미보고 0 JAM 0)
2026-10-03 07:06:21,076 [HID병목]   [07:05:00] M16HUB 정상(보고 270 미보고 0 JAM 0)
2026-10-03 07:07:11,077 [HID병목]   [07:05:50] M16HUB 정상(보고 270 미보고 0 JAM 0)
2026-10-03 07:08:01,169 [HID병목]   [07:06:40] M16HUB 정상(보고 270 미보고 0 JAM 0)
2026-10-03 07:08:51,076 [HID병목]   [07:07:30] M16HUB 정상(보고 270 미보고 0 JAM 0)
2026-10-03 07:09:41,296 [HID병목]   [07:08:20] M16HUB 정상(보고 270 미보고 0 JAM 0)
2026-10-03 07:10:31,069 [HID병목]   [07:09:10] M16HUB 정상(보고 270 미보고 0 JAM 0)
2026-10-03 07:11:21,076 [HID병목]   [07:10:00] M16HUB 정상(보고 270 미보고 0 JAM 0)
2026-10-03 07:12:11,056 [HID병목]   [07:10:50] M16HUB 정상(보고 270 미보고 0 JAM 0)
2026-10-03 07:13:01,048 [HID병목]   [07:11:40] M16HUB 정상(보고 270 미보고 0 JAM 0)
2026-10-03 07:13:51,027 [HID병목]   [07:12:30] M16HUB 정상(보고 270 미보고 0 JAM 0)
2026-10-03 07:14:41,041 [HID병목]   [07:13:20] M16HUB 정상(보고 270 미보고 0 JAM 0)
2026-10-03 07:15:31,073 [HID병목]   [07:14:10] M16HUB 정상(보고 270 미보고 0 JAM 0)
2026-10-03 07:16:21,451 [HID병목]   [07:15:00] M16HUB 정상(보고 270 미보고 0 JAM 0)
2026-10-03 07:17:11,024 [HID병목]   [07:15:50] M16HUB 정상(보고 270 미보고 0 JAM 0)
2026-10-03 07:18:01,053 [HID병목]   [07:16:40] M16HUB 정상(보고 270 미보고 0 JAM 0)
2026-10-03 07:18:51,083 [HID병목]   [07:17:30] M16HUB 정상(보고 270 미보고 0 JAM 0)
2026-10-03 07:19:41,021 [HID병목]   [07:18:20] M16HUB 정상(보고 270 미보고 0 JAM 0)
2026-10-03 07:20:31,051 [HID병목]   [07:19:10] M16HUB 정상(보고 270 미보고 0 JAM 0)
2026-10-03 07:21:21,074 [HID병목]   [07:20:00] M16HUB 정상(보고 270 미보고 0 JAM 0)
2026-10-03 07:22:11,051 [HID병목]   [07:20:50] M16HUB 정상(보고 270 미보고 0 JAM 0)
2026-10-03 07:23:01,098 [HID병목]   [07:21:40] M16HUB 정상(보고 270 미보고 0 JAM 0)
2026-10-03 07:23:51,035 [HID병목]   [07:22:30] M16HUB 정상(보고 270 미보고 0 JAM 0)
2026-10-03 07:24:41,058 [HID병목]   [07:23:20] M16HUB 정상(보고 270 미보고 0 JAM 0)
2026-10-03 07:25:32,137 [HID병목]   [07:24:10] M16HUB 정상(보고 270 미보고 0 JAM 0)
2026-10-03 07:26:21,937 [HID병목]   [07:25:00] M16HUB 정상(보고 270 미보고 0 JAM 0)
2026-10-03 07:27:11,036 [HID병목]   [07:25:50] M16HUB 정상(보고 270 미보고 0 JAM 0)
2026-10-03 07:28:01,073 [HID병목]   [07:26:40] M16HUB 정상(보고 270 미보고 0 JAM 0)
2026-10-03 07:28:51,032 [HID병목]   [07:27:30] M16HUB 정상(보고 270 미보고 0 JAM 0)
2026-10-03 07:29:41,065 [HID병목]   [07:28:20] M16HUB 정상(보고 270 미보고 0 JAM 0)
2026-10-03 07:30:32,955 [HID병목]   [07:29:10] M16HUB 정상(보고 270 미보고 0 JAM 0)
2026-10-03 07:31:21,073 [HID병목]   [07:30:00] M16HUB 정상(보고 270 미보고 0 JAM 0)
2026-10-03 07:32:11,076 [HID병목]   [07:30:50] M16HUB 정상(보고 270 미보고 0 JAM 0)
2026-10-03 07:33:01,082 [HID병목]   [07:31:40] M16HUB 정상(보고 270 미보고 0 JAM 0)
2026-10-03 07:33:51,074 [HID병목]   [07:32:30] M16HUB 정상(보고 270 미보고 0 JAM 0)
2026-10-03 07:34:41,022 [HID병목]   [07:33:20] M16HUB 정상(보고 270 미보고 0 JAM 0)
2026-10-03 07:35:31,150 [HID병목]   [07:34:10] M16HUB 정상(보고 270 미보고 0 JAM 0)
2026-10-03 07:36:21,072 [HID병목]   [07:35:00] M16HUB 정상(보고 270 미보고 0 JAM 0)
2026-10-03 07:37:11,079 [HID병목]   [07:35:50] M16HUB 정상(보고 270 미보고 0 JAM 0)
2026-10-03 07:38:01,046 [HID병목]   [07:36:40] M16HUB 정상(보고 270 미보고 0 JAM 0)
2026-10-03 07:38:51,025 [HID병목]   [07:37:30] M16HUB 정상(보고 270 미보고 0 JAM 0)
2026-10-03 07:39:41,027 [HID병목]   [07:38:20] M16HUB 정상(보고 270 미보고 0 JAM 0)
2026-10-03 07:40:31,091 [HID병목]   [07:39:10] M16HUB 정상(보고 270 미보고 0 JAM 0)
2026-10-03 07:41:21,284 [HID병목]   [07:40:00] M16HUB 정상(보고 270 미보고 0 JAM 0)
2026-10-03 07:42:11,035 [HID병목]   [07:40:50] M16HUB 정상(보고 270 미보고 0 JAM 0)
2026-10-03 07:43:01,134 [HID병목]   [07:41:40] M16HUB 정상(보고 270 미보고 0 JAM 0)
2026-10-03 07:43:51,073 [HID병목]   [07:42:30] M16HUB 정상(보고 270 미보고 0 JAM 0)
2026-10-03 07:44:43,427 [HID병목]   [07:43:20] M16HUB 정상(보고 270 미보고 0 JAM 0)
2026-10-03 07:45:31,073 [HID병목]   [07:44:10] M16HUB 정상(보고 270 미보고 0 JAM 0)
2026-10-03 07:46:21,077 [HID병목]   [07:45:00] M16HUB 정상(보고 270 미보고 0 JAM 0)
2026-10-03 07:47:11,076 [HID병목]   [07:45:50] M16HUB 정상(보고 270 미보고 0 JAM 0)
2026-10-03 07:48:01,131 [HID병목]   [07:46:40] M16HUB 정상(보고 270 미보고 0 JAM 0)
2026-10-03 07:48:51,023 [HID병목]   [07:47:30] M16HUB 정상(보고 270 미보고 0 JAM 0)
2026-10-03 07:49:41,023 [HID병목]   [07:48:20] M16HUB 정상(보고 270 미보고 0 JAM 0)
2026-10-03 07:50:31,074 [HID병목]   [07:49:10] M16HUB 정상(보고 270 미보고 0 JAM 0)
2026-10-03 07:51:21,122 [HID병목]   [07:50:00] M16HUB 정상(보고 270 미보고 0 JAM 0)
2026-10-03 07:52:11,075 [HID병목]   [07:50:50] M16HUB 정상(보고 270 미보고 0 JAM 0)
2026-10-03 07:53:01,077 [HID병목]   [07:51:40] M16HUB 정상(보고 270 미보고 0 JAM 0)
2026-10-03 07:53:51,074 [HID병목]   [07:52:30] M16HUB 정상(보고 270 미보고 0 JAM 0)
2026-10-03 07:54:42,267 [HID병목]   [07:53:20] M16HUB 정상(보고 270 미보고 0 JAM 0)
2026-10-03 07:55:31,072 [HID병목]   [07:54:10] M16HUB 정상(보고 270 미보고 0 JAM 0)
2026-10-03 07:56:21,374 [HID병목]   [07:55:00] M16HUB 정상(보고 270 미보고 0 JAM 0)
2026-10-03 07:57:11,073 [HID병목]   [07:55:50] M16HUB 정상(보고 270 미보고 0 JAM 0)
2026-10-03 07:58:01,069 [HID병목]   [07:56:40] M16HUB 정상(보고 270 미보고 0 JAM 0)
2026-10-03 07:58:51,076 [HID병목]   [07:57:30] M16HUB 정상(보고 270 미보고 0 JAM 0)
2026-10-03 07:59:41,065 [HID병목]   [07:58:20] M16HUB 정상(보고 270 미보고 0 JAM 0)
2026-10-03 08:00:31,024 [HID병목]   [07:59:10] M16HUB 정상(보고 270 미보고 0 JAM 0)
2026-10-03 08:01:21,077 [HID병목]   [08:00:00] M16HUB 정상(보고 270 미보고 0 JAM 0)
2026-10-03 08:02:11,078 [HID병목]   [08:00:50] M16HUB 정상(보고 270 미보고 0 JAM 0)
2026-10-03 08:03:01,030 [HID병목]   [08:01:40] M16HUB 정상(보고 270 미보고 0 JAM 0)
2026-10-03 08:03:51,032 [HID병목]   [08:02:30] M16HUB 정상(보고 270 미보고 0 JAM 0)
2026-10-03 08:04:41,067 [HID병목]   [08:03:20] M16HUB 정상(보고 270 미보고 0 JAM 0)
2026-10-03 08:05:31,074 [HID병목]   [08:04:10] M16HUB 정상(보고 270 미보고 0 JAM 0)
2026-10-03 08:06:21,615 [HID병목]   [08:05:00] M16HUB 정상(보고 270 미보고 0 JAM 0)
2026-10-03 08:07:11,025 [HID병목]   [08:05:50] M16HUB 정상(보고 270 미보고 0 JAM 0)
2026-10-03 08:08:01,044 [HID병목]   [08:06:40] M16HUB 정상(보고 270 미보고 0 JAM 0)
2026-10-03 08:08:51,076 [HID병목]   [08:07:30] M16HUB 정상(보고 270 미보고 0 JAM 0)
2026-10-03 08:09:41,024 [HID병목]   [08:08:20] M16HUB 정상(보고 270 미보고 0 JAM 0)
2026-10-03 08:10:31,029 [HID병목]   [08:09:10] M16HUB 정상(보고 270 미보고 0 JAM 0)
2026-10-03 08:11:21,078 [HID병목]   [08:10:00] M16HUB 정상(보고 270 미보고 0 JAM 0)
2026-10-03 08:12:11,074 [HID병목]   [08:10:50] M16HUB 정상(보고 270 미보고 0 JAM 0)
2026-10-03 08:13:01,151 [HID병목]   [08:11:40] M16HUB 정상(보고 270 미보고 0 JAM 0)
2026-10-03 08:13:51,061 [HID병목]   [08:12:30] M16HUB 정상(보고 270 미보고 0 JAM 0)
2026-10-03 08:14:41,039 [HID병목]   [08:13:20] M16HUB 정상(보고 270 미보고 0 JAM 0)
2026-10-03 08:15:31,065 [HID병목]   [08:14:10] M16HUB 정상(보고 270 미보고 0 JAM 0)
2026-10-03 08:16:21,036 [HID병목]   [08:15:00] M16HUB 정상(보고 270 미보고 0 JAM 0)
2026-10-03 08:17:11,071 [HID병목]   [08:15:50] M16HUB 정상(보고 270 미보고 0 JAM 0)
2026-10-03 08:18:01,128 [HID병목]   [08:16:40] M16HUB 정상(보고 270 미보고 0 JAM 0)
2026-10-03 08:18:51,033 [HID병목]   [08:17:30] M16HUB 정상(보고 270 미보고 0 JAM 0)
2026-10-03 08:19:41,022 [HID병목]   [08:18:20] M16HUB 정상(보고 270 미보고 0 JAM 0)
2026-10-03 08:20:32,485 [HID병목]   [08:19:10] M16HUB 정상(보고 270 미보고 0 JAM 0)
2026-10-03 08:21:21,749 [HID병목]   [08:20:00] M16HUB 정상(보고 270 미보고 0 JAM 0)
2026-10-03 08:22:11,085 [HID병목]   [08:20:50] M16HUB 정상(보고 270 미보고 0 JAM 0)
2026-10-03 08:23:01,082 [HID병목]   [08:21:40] M16HUB 정상(보고 270 미보고 0 JAM 0)
2026-10-03 08:23:51,046 [HID병목]   [08:22:30] M16HUB 정상(보고 270 미보고 0 JAM 0)
2026-10-03 08:24:41,065 [HID병목]   [08:23:20] M16HUB 정상(보고 270 미보고 0 JAM 0)
2026-10-03 08:25:31,581 [HID병목]   [08:24:10] M16HUB 정상(보고 270 미보고 0 JAM 0)
2026-10-03 08:26:21,074 [HID병목]   [08:25:00] M16HUB 정상(보고 270 미보고 0 JAM 0)
2026-10-03 08:27:11,076 [HID병목]   [08:25:50] M16HUB 정상(보고 270 미보고 0 JAM 0)
2026-10-03 08:28:01,068 [HID병목]   [08:26:40] M16HUB 정상(보고 270 미보고 0 JAM 0)
2026-10-03 08:28:51,023 [HID병목]   [08:27:30] M16HUB 정상(보고 270 미보고 0 JAM 0)
2026-10-03 08:29:41,030 [HID병목]   [08:28:20] M16HUB 정상(보고 270 미보고 0 JAM 0)
2026-10-03 08:30:31,043 [HID병목]   [08:29:10] M16HUB 정상(보고 270 미보고 0 JAM 0)
2026-10-03 08:31:22,071 [HID병목]   [08:30:00] M16HUB 정상(보고 270 미보고 0 JAM 0)
2026-10-03 08:32:11,031 [HID병목]   [08:30:50] M16HUB 정상(보고 270 미보고 0 JAM 0)
2026-10-03 08:33:01,114 [HID병목]   [08:31:40] M16HUB 정상(보고 270 미보고 0 JAM 0)
2026-10-03 08:33:51,030 [HID병목]   [08:32:30] M16HUB 정상(보고 270 미보고 0 JAM 0)
2026-10-03 08:34:41,061 [HID병목]   [08:33:20] M16HUB 정상(보고 270 미보고 0 JAM 0)
2026-10-03 08:35:31,046 [HID병목]   [08:34:10] M16HUB 정상(보고 270 미보고 0 JAM 0)
2026-10-03 08:36:21,076 [HID병목]   [08:35:00] M16HUB 정상(보고 270 미보고 0 JAM 0)
2026-10-03 08:37:11,063 [HID병목]   [08:35:50] M16HUB 정상(보고 270 미보고 0 JAM 0)
2026-10-03 08:38:01,088 [HID병목]   [08:36:40] M16HUB 정상(보고 270 미보고 0 JAM 0)
2026-10-03 08:38:51,086 [HID병목]   [08:37:30] M16HUB 정상(보고 270 미보고 0 JAM 0)
2026-10-03 08:39:41,052 [HID병목]   [08:38:20] M16HUB 정상(보고 270 미보고 0 JAM 0)
2026-10-03 08:40:31,921 [HID병목]   [08:39:10] M16HUB 정상(보고 270 미보고 0 JAM 0)
2026-10-03 08:41:21,065 [HID병목]   [08:40:00] M16HUB 정상(보고 270 미보고 0 JAM 0)
2026-10-03 08:42:11,140 [HID병목]   [08:40:50] M16HUB 정상(보고 270 미보고 0 JAM 0)
2026-10-03 08:43:01,083 [HID병목]   [08:41:40] M16HUB 정상(보고 270 미보고 0 JAM 0)
2026-10-03 08:43:51,062 [HID병목]   [08:42:30] M16HUB 정상(보고 270 미보고 0 JAM 0)
2026-10-03 08:44:41,062 [HID병목]   [08:43:20] M16HUB 정상(보고 270 미보고 0 JAM 0)
2026-10-03 08:45:31,076 [HID병목]   [08:44:10] M16HUB 정상(보고 270 미보고 0 JAM 0)
2026-10-03 08:46:21,025 [HID병목]   [08:45:00] M16HUB 정상(보고 270 미보고 0 JAM 0)
2026-10-03 08:47:11,080 [HID병목]   [08:45:50] M16HUB 정상(보고 270 미보고 0 JAM 0)
2026-10-03 08:48:01,056 [HID병목]   [08:46:40] M16HUB 정상(보고 270 미보고 0 JAM 0)
2026-10-03 08:48:51,075 [HID병목]   [08:47:30] M16HUB 정상(보고 270 미보고 0 JAM 0)
2026-10-03 08:49:41,024 [HID병목]   [08:48:20] M16HUB 정상(보고 270 미보고 0 JAM 0)
2026-10-03 08:50:31,458 [HID병목]   [08:49:10] M16HUB 정상(보고 270 미보고 0 JAM 0)
2026-10-03 08:51:21,026 [HID병목]   [08:50:00] M16HUB 정상(보고 270 미보고 0 JAM 0)
2026-10-03 08:52:11,076 [HID병목]   [08:50:50] M16HUB 정상(보고 270 미보고 0 JAM 0)
2026-10-03 08:53:01,082 [HID병목]   [08:51:40] M16HUB 정상(보고 270 미보고 0 JAM 0)
2026-10-03 08:53:51,055 [HID병목]   [08:52:30] M16HUB 정상(보고 270 미보고 0 JAM 0)
2026-10-03 08:54:41,052 [HID병목]   [08:53:20] M16HUB 정상(보고 270 미보고 0 JAM 0)
2026-10-03 08:55:31,085 [HID병목]   [08:54:10] M16HUB 정상(보고 270 미보고 0 JAM 0)
2026-10-03 08:56:21,037 [HID병목]   [08:55:00] M16HUB 정상(보고 270 미보고 0 JAM 0)
2026-10-03 08:57:11,030 [HID병목]   [08:55:50] M16HUB 정상(보고 270 미보고 0 JAM 0)
2026-10-03 08:58:01,082 [HID병목]   [08:56:40] M16HUB 정상(보고 270 미보고 0 JAM 0)
2026-10-03 08:58:51,061 [HID병목]   [08:57:30] M16HUB 정상(보고 270 미보고 0 JAM 0)
2026-10-03 08:59:41,030 [HID병목]   [08:58:20] M16HUB 정상(보고 270 미보고 0 JAM 0)
2026-10-03 09:00:31,041 [HID병목]   [08:59:10] M16HUB 정상(보고 270 미보고 0 JAM 0)
2026-10-03 09:01:21,216 [HID병목]   [09:00:00] M16HUB 정상(보고 270 미보고 0 JAM 0)
2026-10-03 09:02:11,076 [HID병목]   [09:00:50] M16HUB 정상(보고 270 미보고 0 JAM 0)
2026-10-03 09:03:01,032 [HID병목]   [09:01:40] M16HUB 정상(보고 270 미보고 0 JAM 0)
2026-10-03 09:03:51,075 [HID병목]   [09:02:30] M16HUB 정상(보고 270 미보고 0 JAM 0)
2026-10-03 09:04:41,087 [HID병목]   [09:03:20] M16HUB 정상(보고 270 미보고 0 JAM 0)
2026-10-03 09:05:31,071 [HID병목]   [09:04:10] M16HUB 정상(보고 270 미보고 0 JAM 0)
2026-10-03 09:06:21,308 [HID병목]   [09:05:00] M16HUB 정상(보고 270 미보고 0 JAM 0)
2026-10-03 09:07:11,076 [HID병목]   [09:05:50] M16HUB 정상(보고 270 미보고 0 JAM 0)
2026-10-03 09:08:01,041 [HID병목]   [09:06:40] M16HUB 정상(보고 270 미보고 0 JAM 0)
2026-10-03 09:08:51,074 [HID병목]   [09:07:30] M16HUB 정상(보고 270 미보고 0 JAM 0)
2026-10-03 09:09:41,159 [HID병목]   [09:08:20] M16HUB 정상(보고 270 미보고 0 JAM 0)
2026-10-03 09:10:31,073 [HID병목]   [09:09:10] M16HUB 정상(보고 270 미보고 0 JAM 0)
2026-10-03 09:11:22,144 [HID병목]   [09:10:00] M16HUB 정상(보고 270 미보고 0 JAM 0)
2026-10-03 09:12:11,049 [HID병목]   [09:10:50] M16HUB 정상(보고 270 미보고 0 JAM 0)
2026-10-03 09:13:01,085 [HID병목]   [09:11:40] M16HUB 정상(보고 270 미보고 0 JAM 0)
2026-10-03 09:13:51,025 [HID병목]   [09:12:30] M16HUB 정상(보고 270 미보고 0 JAM 0)
2026-10-03 09:14:43,987 [HID병목]   [09:13:20] M16HUB 정상(보고 270 미보고 0 JAM 0)
2026-10-03 09:15:31,061 [HID병목]   [09:14:10] M16HUB 정상(보고 270 미보고 0 JAM 0)
2026-10-03 09:16:21,941 [HID병목]   [09:15:00] M16HUB 정상(보고 270 미보고 0 JAM 0)
2026-10-03 09:17:11,076 [HID병목]   [09:15:50] M16HUB 정상(보고 270 미보고 0 JAM 0)
2026-10-03 09:18:01,031 [HID병목]   [09:16:40] M16HUB 정상(보고 270 미보고 0 JAM 0)
2026-10-03 09:18:51,075 [HID병목]   [09:17:30] M16HUB 정상(보고 270 미보고 0 JAM 0)
2026-10-03 09:19:41,053 [HID병목]   [09:18:20] M16HUB 정상(보고 270 미보고 0 JAM 0)
2026-10-03 09:20:31,540 [HID병목]   [09:19:10] M16HUB 정상(보고 270 미보고 0 JAM 0)
2026-10-03 09:21:21,049 [HID병목]   [09:20:00] M16HUB 정상(보고 270 미보고 0 JAM 0)
2026-10-03 09:22:11,025 [HID병목]   [09:20:50] M16HUB 정상(보고 270 미보고 0 JAM 0)
2026-10-03 09:23:01,076 [HID병목]   [09:21:40] M16HUB 정상(보고 270 미보고 0 JAM 0)
2026-10-03 09:23:51,070 [HID병목]   [09:22:30] M16HUB 정상(보고 270 미보고 0 JAM 0)
2026-10-03 09:24:41,024 [HID병목]   [09:23:20] M16HUB 정상(보고 270 미보고 0 JAM 0)
2026-10-03 09:25:31,032 [HID병목]   [09:24:10] M16HUB 정상(보고 270 미보고 0 JAM 0)
2026-10-03 09:26:21,070 [HID병목]   [09:25:00] M16HUB 정상(보고 270 미보고 0 JAM 0)
2026-10-03 09:27:11,075 [HID병목]   [09:25:50] M16HUB 정상(보고 270 미보고 0 JAM 0)
2026-10-03 09:28:01,057 [HID병목]   [09:26:40] M16HUB 정상(보고 270 미보고 0 JAM 0)
2026-10-03 09:28:51,073 [HID병목]   [09:27:30] M16HUB 정상(보고 270 미보고 0 JAM 0)
2026-10-03 09:29:41,067 [HID병목]   [09:28:20] M16HUB 정상(보고 270 미보고 0 JAM 0)
2026-10-03 09:30:31,033 [HID병목]   [09:29:10] M16HUB 정상(보고 270 미보고 0 JAM 0)
2026-10-03 09:31:21,623 [HID병목]   [09:30:00] M16HUB 정상(보고 270 미보고 0 JAM 0)
2026-10-03 09:32:11,067 [HID병목]   [09:30:50] M16HUB 정상(보고 270 미보고 0 JAM 0)
2026-10-03 09:33:01,133 [HID병목]   [09:31:40] M16HUB 정상(보고 270 미보고 0 JAM 0)
2026-10-03 09:33:51,075 [HID병목]   [09:32:30] M16HUB 정상(보고 270 미보고 0 JAM 0)
2026-10-03 09:34:41,053 [HID병목]   [09:33:20] M16HUB 정상(보고 270 미보고 0 JAM 0)
2026-10-03 09:35:31,024 [HID병목]   [09:34:10] M16HUB 정상(보고 270 미보고 0 JAM 0)
2026-10-03 09:36:21,413 [HID병목]   [09:35:00] M16HUB 정상(보고 270 미보고 0 JAM 0)
2026-10-03 09:37:11,031 [HID병목]   [09:35:50] M16HUB 정상(보고 270 미보고 0 JAM 0)
2026-10-03 09:38:01,146 [HID병목]   [09:36:40] M16HUB 정상(보고 270 미보고 0 JAM 0)
2026-10-03 09:38:51,070 [HID병목]   [09:37:30] M16HUB 정상(보고 270 미보고 0 JAM 0)
2026-10-03 09:39:41,054 [HID병목]   [09:38:20] M16HUB 정상(보고 270 미보고 0 JAM 0)
2026-10-03 09:40:31,074 [HID병목]   [09:39:10] M16HUB 정상(보고 270 미보고 0 JAM 0)
2026-10-03 09:41:21,036 [HID병목]   [09:40:00] M16HUB 정상(보고 270 미보고 0 JAM 0)
2026-10-03 09:42:11,074 [HID병목]   [09:40:50] M16HUB 정상(보고 270 미보고 0 JAM 0)
2026-10-03 09:43:01,081 [HID병목]   [09:41:40] M16HUB 정상(보고 270 미보고 0 JAM 0)
2026-10-03 09:43:51,065 [HID병목]   [09:42:30] M16HUB 정상(보고 270 미보고 0 JAM 0)
2026-10-03 09:44:41,065 [HID병목]   [09:43:20] M16HUB 정상(보고 270 미보고 0 JAM 0)
2026-10-03 09:45:31,074 [HID병목]   [09:44:10] M16HUB 정상(보고 270 미보고 0 JAM 0)
2026-10-03 09:46:21,077 [HID병목]   [09:45:00] M16HUB 정상(보고 270 미보고 0 JAM 0)
2026-10-03 09:47:11,033 [HID병목]   [09:45:50] M16HUB 정상(보고 270 미보고 0 JAM 0)
2026-10-03 09:48:01,057 [HID병목]   [09:46:40] M16HUB 정상(보고 270 미보고 0 JAM 0)
2026-10-03 09:48:51,029 [HID병목]   [09:47:30] M16HUB 정상(보고 270 미보고 0 JAM 0)
2026-10-03 09:49:41,388 [HID병목]   [09:48:20] M16HUB 정상(보고 270 미보고 0 JAM 0)
2026-10-03 09:50:31,052 [HID병목]   [09:49:10] M16HUB 정상(보고 270 미보고 0 JAM 0)
2026-10-03 09:51:21,075 [HID병목]   [09:50:00] M16HUB 정상(보고 270 미보고 0 JAM 0)
2026-10-03 09:52:11,076 [HID병목]   [09:50:50] M16HUB 정상(보고 270 미보고 0 JAM 0)
2026-10-03 09:53:01,082 [HID병목]   [09:51:40] M16HUB 정상(보고 270 미보고 0 JAM 0)
2026-10-03 09:53:51,066 [HID병목]   [09:52:30] M16HUB 정상(보고 270 미보고 0 JAM 0)
2026-10-03 09:54:41,020 [HID병목]   [09:53:20] M16HUB 정상(보고 270 미보고 0 JAM 0)
2026-10-03 09:55:31,085 [HID병목]   [09:54:10] M16HUB 정상(보고 270 미보고 0 JAM 0)
2026-10-03 09:56:21,079 [HID병목]   [09:55:00] M16HUB 정상(보고 270 미보고 0 JAM 0)
2026-10-03 09:57:11,075 [HID병목]   [09:55:50] M16HUB 정상(보고 270 미보고 0 JAM 0)
2026-10-03 09:58:01,031 [HID병목]   [09:56:40] M16HUB 정상(보고 270 미보고 0 JAM 0)
2026-10-03 09:58:51,055 [HID병목]   [09:57:30] M16HUB 정상(보고 270 미보고 0 JAM 0)
2026-10-03 09:59:41,411 [HID병목]   [09:58:20] M16HUB 정상(보고 270 미보고 0 JAM 0)
2026-10-03 10:00:31,075 [HID병목]   [09:59:10] M16HUB 정상(보고 270 미보고 0 JAM 0)
2026-10-03 10:01:21,250 [HID병목]   [10:00:00] M16HUB 정상(보고 270 미보고 0 JAM 0)
2026-10-03 10:02:11,075 [HID병목]   [10:00:50] M16HUB 정상(보고 270 미보고 0 JAM 0)
2026-10-03 10:03:01,081 [HID병목]   [10:01:40] M16HUB 정상(보고 270 미보고 0 JAM 0)
2026-10-03 10:03:51,034 [HID병목]   [10:02:30] M16HUB 정상(보고 270 미보고 0 JAM 0)
2026-10-03 10:04:42,216 [HID병목]   [10:03:20] M16HUB 정상(보고 270 미보고 0 JAM 0)
2026-10-03 10:05:31,045 [HID병목]   [10:04:10] M16HUB 정상(보고 270 미보고 0 JAM 0)
2026-10-03 10:06:21,078 [HID병목]   [10:05:00] M16HUB 정상(보고 270 미보고 0 JAM 0)
2026-10-03 10:07:11,027 [HID병목]   [10:05:50] M16HUB 정상(보고 270 미보고 0 JAM 0)
2026-10-03 10:08:01,073 [HID병목]   [10:06:40] M16HUB 정상(보고 270 미보고 0 JAM 0)
2026-10-03 10:08:51,075 [HID병목]   [10:07:30] M16HUB 정상(보고 270 미보고 0 JAM 0)
2026-10-03 10:09:41,068 [HID병목]   [10:08:20] M16HUB 정상(보고 270 미보고 0 JAM 0)
2026-10-03 10:10:31,023 [HID병목]   [10:09:10] M16HUB 정상(보고 270 미보고 0 JAM 0)
2026-10-03 10:11:21,702 [HID병목]   [10:10:00] M16HUB 정상(보고 270 미보고 0 JAM 0)
2026-10-03 10:12:11,073 [HID병목]   [10:10:50] M16HUB 정상(보고 270 미보고 0 JAM 0)
2026-10-03 10:13:01,066 [HID병목]   [10:11:40] M16HUB 정상(보고 270 미보고 0 JAM 0)
2026-10-03 10:13:51,074 [HID병목]   [10:12:30] M16HUB 정상(보고 270 미보고 0 JAM 0)
2026-10-03 10:14:41,035 [HID병목]   [10:13:20] M16HUB 정상(보고 270 미보고 0 JAM 0)
2026-10-03 10:15:31,074 [HID병목]   [10:14:10] M16HUB 정상(보고 270 미보고 0 JAM 0)
2026-10-03 10:16:21,075 [HID병목]   [10:15:00] M16HUB 정상(보고 270 미보고 0 JAM 0)
2026-10-03 10:17:11,075 [HID병목]   [10:15:50] M16HUB 정상(보고 270 미보고 0 JAM 0)
2026-10-03 10:18:01,108 [HID병목]   [10:16:40] M16HUB 정상(보고 270 미보고 0 JAM 0)
2026-10-03 10:18:51,039 [HID병목]   [10:17:30] M16HUB 정상(보고 270 미보고 0 JAM 0)
2026-10-03 10:19:41,075 [HID병목]   [10:18:20] M16HUB 정상(보고 270 미보고 0 JAM 0)
2026-10-03 10:20:31,041 [HID병목]   [10:19:10] M16HUB 정상(보고 270 미보고 0 JAM 0)
2026-10-03 10:21:21,079 [HID병목]   [10:20:00] M16HUB 정상(보고 270 미보고 0 JAM 0)
2026-10-03 10:22:11,062 [HID병목]   [10:20:50] M16HUB 정상(보고 270 미보고 0 JAM 0)
2026-10-03 10:23:01,163 [HID병목]   [10:21:40] M16HUB 정상(보고 270 미보고 0 JAM 0)
2026-10-03 10:23:51,075 [HID병목]   [10:22:30] M16HUB 정상(보고 270 미보고 0 JAM 0)
2026-10-03 10:24:41,019 [HID병목]   [10:23:20] M16HUB 정상(보고 270 미보고 0 JAM 0)
2026-10-03 10:25:31,062 [HID병목]   [10:24:10] M16HUB 정상(보고 270 미보고 0 JAM 0)
2026-10-03 10:26:21,037 [HID병목]   [10:25:00] M16HUB 정상(보고 270 미보고 0 JAM 0)
2026-10-03 10:27:11,075 [HID병목]   [10:25:50] M16HUB 정상(보고 270 미보고 0 JAM 0)
2026-10-03 10:28:01,083 [HID병목]   [10:26:40] M16HUB 정상(보고 270 미보고 0 JAM 0)
2026-10-03 10:28:51,079 [HID병목]   [10:27:30] M16HUB 정상(보고 270 미보고 0 JAM 0)
2026-10-03 10:29:41,066 [HID병목]   [10:28:20] M16HUB 정상(보고 270 미보고 0 JAM 0)
2026-10-03 10:30:31,037 [HID병목]   [10:29:10] M16HUB 정상(보고 270 미보고 0 JAM 0)
2026-10-03 10:31:21,033 [HID병목]   [10:30:00] M16HUB 정상(보고 270 미보고 0 JAM 0)
2026-10-03 10:32:11,076 [HID병목]   [10:30:50] M16HUB 정상(보고 270 미보고 0 JAM 0)
2026-10-03 10:33:01,100 [HID병목]   [10:31:40] M16HUB 정상(보고 270 미보고 0 JAM 0)
2026-10-03 10:33:51,049 [HID병목]   [10:32:30] M16HUB 정상(보고 270 미보고 0 JAM 0)
2026-10-03 10:34:41,044 [HID병목]   [10:33:20] M16HUB 정상(보고 270 미보고 0 JAM 0)
2026-10-03 10:35:31,073 [HID병목]   [10:34:10] M16HUB 정상(보고 270 미보고 0 JAM 0)
2026-10-03 10:36:21,076 [HID병목]   [10:35:00] M16HUB 정상(보고 270 미보고 0 JAM 0)
2026-10-03 10:37:11,037 [HID병목]   [10:35:50] M16HUB 정상(보고 270 미보고 0 JAM 0)
2026-10-03 10:38:01,141 [HID병목]   [10:36:40] M16HUB 정상(보고 270 미보고 0 JAM 0)
2026-10-03 10:38:51,036 [HID병목]   [10:37:30] M16HUB 정상(보고 270 미보고 0 JAM 0)
2026-10-03 10:39:41,074 [HID병목]   [10:38:20] M16HUB 정상(보고 270 미보고 0 JAM 0)
2026-10-03 10:40:31,064 [HID병목]   [10:39:10] M16HUB 정상(보고 270 미보고 0 JAM 0)
2026-10-03 10:41:21,076 [HID병목]   [10:40:00] M16HUB 정상(보고 270 미보고 0 JAM 0)
2026-10-03 10:42:11,178 [HID병목]   [10:40:50] M16HUB 정상(보고 270 미보고 0 JAM 0)
2026-10-03 10:43:01,154 [HID병목]   [10:41:40] M16HUB 정상(보고 270 미보고 0 JAM 0)
2026-10-03 10:43:51,074 [HID병목]   [10:42:30] M16HUB 정상(보고 270 미보고 0 JAM 0)
2026-10-03 10:44:41,054 [HID병목]   [10:43:20] M16HUB 정상(보고 270 미보고 0 JAM 0)
2026-10-03 10:45:31,038 [HID병목]   [10:44:10] M16HUB 정상(보고 270 미보고 0 JAM 0)
2026-10-03 10:46:21,077 [HID병목]   [10:45:00] M16HUB 정상(보고 270 미보고 0 JAM 0)
2026-10-03 10:47:11,094 [HID병목]   [10:45:50] M16HUB 정상(보고 270 미보고 0 JAM 0)
2026-10-03 10:48:01,084 [HID병목]   [10:46:40] M16HUB 정상(보고 270 미보고 0 JAM 0)
2026-10-03 10:48:51,028 [HID병목]   [10:47:30] M16HUB 정상(보고 270 미보고 0 JAM 0)
2026-10-03 10:49:44,683 [HID병목]   [10:48:20] M16HUB 정상(보고 270 미보고 0 JAM 0)
2026-10-03 10:50:31,049 [HID병목]   [10:49:10] M16HUB 정상(보고 270 미보고 0 JAM 0)
2026-10-03 10:51:21,743 [HID병목]   [10:50:00] M16HUB 정상(보고 270 미보고 0 JAM 0)
2026-10-03 10:52:11,042 [HID병목]   [10:50:50] M16HUB 정상(보고 270 미보고 0 JAM 0)
2026-10-03 10:53:01,050 [HID병목]   [10:51:40] M16HUB 정상(보고 270 미보고 0 JAM 0)
2026-10-03 10:53:51,038 [HID병목]   [10:52:30] M16HUB 정상(보고 270 미보고 0 JAM 0)
2026-10-03 10:54:41,027 [HID병목]   [10:53:20] M16HUB 정상(보고 270 미보고 0 JAM 0)
2026-10-03 10:55:31,037 [HID병목]   [10:54:10] M16HUB 정상(보고 270 미보고 0 JAM 0)
2026-10-03 10:56:21,077 [HID병목]   [10:55:00] M16HUB 정상(보고 270 미보고 0 JAM 0)
2026-10-03 10:57:11,077 [HID병목]   [10:55:50] M16HUB 정상(보고 270 미보고 0 JAM 0)
2026-10-03 10:58:01,060 [HID병목]   [10:56:40] M16HUB 정상(보고 270 미보고 0 JAM 0)
2026-10-03 10:58:51,074 [HID병목]   [10:57:30] M16HUB 정상(보고 270 미보고 0 JAM 0)
2026-10-03 10:59:42,785 [HID병목]   [10:58:20] M16HUB 정상(보고 270 미보고 0 JAM 0)
2026-10-03 11:00:31,072 [HID병목]   [10:59:10] M16HUB 정상(보고 270 미보고 0 JAM 0)
2026-10-03 11:01:21,035 [HID병목]   [11:00:00] M16HUB 정상(보고 270 미보고 0 JAM 0)
2026-10-03 11:02:11,075 [HID병목]   [11:00:50] M16HUB 정상(보고 270 미보고 0 JAM 0)
2026-10-03 11:03:01,055 [HID병목]   [11:01:40] M16HUB 정상(보고 270 미보고 0 JAM 0)
2026-10-03 11:03:51,072 [HID병목]   [11:02:30] M16HUB 정상(보고 270 미보고 0 JAM 0)
2026-10-03 11:04:43,817 [HID병목]   [11:03:20] M16HUB 정상(보고 270 미보고 0 JAM 0)
2026-10-03 11:05:31,072 [HID병목]   [11:04:10] M16HUB 정상(보고 270 미보고 0 JAM 0)
2026-10-03 11:06:21,592 [HID병목]   [11:05:00] M16HUB 정상(보고 270 미보고 0 JAM 0)
2026-10-03 11:07:11,077 [HID병목]   [11:05:50] M16HUB 정상(보고 270 미보고 0 JAM 0)
2026-10-03 11:08:01,118 [HID병목]   [11:06:40] M16HUB 정상(보고 270 미보고 0 JAM 0)
2026-10-03 11:08:51,034 [HID병목]   [11:07:30] M16HUB 정상(보고 270 미보고 0 JAM 0)
2026-10-03 11:09:41,065 [HID병목]   [11:08:20] M16HUB 정상(보고 270 미보고 0 JAM 0)
2026-10-03 11:10:31,563 [HID병목]   [11:09:10] M16HUB 정상(보고 270 미보고 0 JAM 0)
2026-10-03 11:11:21,104 [HID병목]   [11:10:00] M16HUB 정상(보고 270 미보고 0 JAM 0)
2026-10-03 11:12:11,078 [HID병목]   [11:10:50] M16HUB 정상(보고 270 미보고 0 JAM 0)
2026-10-03 11:13:01,139 [HID병목]   [11:11:40] M16HUB 정상(보고 270 미보고 0 JAM 0)
2026-10-03 11:13:51,074 [HID병목]   [11:12:30] M16HUB 정상(보고 270 미보고 0 JAM 0)
2026-10-03 11:14:41,016 [HID병목]   [11:13:20] M16HUB 정상(보고 270 미보고 0 JAM 0)
2026-10-03 11:15:31,663 [HID병목]   [11:14:10] M16HUB 정상(보고 270 미보고 0 JAM 0)
2026-10-03 11:16:21,074 [HID병목]   [11:15:00] M16HUB 정상(보고 270 미보고 0 JAM 0)
2026-10-03 11:17:11,077 [HID병목]   [11:15:50] M16HUB 정상(보고 270 미보고 0 JAM 0)
2026-10-03 11:18:01,107 [HID병목]   [11:16:40] M16HUB 정상(보고 270 미보고 0 JAM 0)
2026-10-03 11:18:51,079 [HID병목]   [11:17:30] M16HUB 정상(보고 270 미보고 0 JAM 0)
2026-10-03 11:19:41,024 [HID병목]   [11:18:20] M16HUB 정상(보고 270 미보고 0 JAM 0)
2026-10-03 11:20:31,072 [HID병목]   [11:19:10] M16HUB 정상(보고 270 미보고 0 JAM 0)
2026-10-03 11:21:21,054 [HID병목]   [11:20:00] M16HUB 정상(보고 270 미보고 0 JAM 0)
2026-10-03 11:22:11,055 [HID병목]   [11:20:50] M16HUB 정상(보고 270 미보고 0 JAM 0)
2026-10-03 11:23:01,084 [HID병목]   [11:21:40] M16HUB 정상(보고 270 미보고 0 JAM 0)
2026-10-03 11:23:51,029 [HID병목]   [11:22:30] M16HUB 정상(보고 270 미보고 0 JAM 0)
2026-10-03 11:24:41,017 [HID병목]   [11:23:20] M16HUB 정상(보고 270 미보고 0 JAM 0)
2026-10-03 11:25:31,057 [HID병목]   [11:24:10] M16HUB 정상(보고 270 미보고 0 JAM 0)
2026-10-03 11:26:21,199 [HID병목]   [11:25:00] M16HUB 정상(보고 270 미보고 0 JAM 0)
2026-10-03 11:27:11,074 [HID병목]   [11:25:50] M16HUB 정상(보고 270 미보고 0 JAM 0)
2026-10-03 11:28:01,086 [HID병목]   [11:26:40] M16HUB 정상(보고 270 미보고 0 JAM 0)
2026-10-03 11:28:53,385 [HID병목]   [11:27:30] M16HUB 정상(보고 270 미보고 0 JAM 0)
2026-10-03 11:29:41,051 [HID병목]   [11:28:20] M16HUB 정상(보고 270 미보고 0 JAM 0)
2026-10-03 11:30:31,142 [HID병목]   [11:29:10] M16HUB 정상(보고 270 미보고 0 JAM 0)
2026-10-03 11:31:21,025 [HID병목]   [11:30:00] M16HUB 정상(보고 270 미보고 0 JAM 0)
2026-10-03 11:32:11,076 [HID병목]   [11:30:50] M16HUB 정상(보고 270 미보고 0 JAM 0)
2026-10-03 11:33:01,034 [HID병목]   [11:31:40] M16HUB 정상(보고 270 미보고 0 JAM 0)
2026-10-03 11:33:51,056 [HID병목]   [11:32:30] M16HUB 정상(보고 270 미보고 0 JAM 0)
2026-10-03 11:34:41,024 [HID병목]   [11:33:20] M16HUB 정상(보고 270 미보고 0 JAM 0)
2026-10-03 11:35:31,074 [HID병목]   [11:34:10] M16HUB 정상(보고 270 미보고 0 JAM 0)
2026-10-03 11:36:21,034 [HID병목]   [11:35:00] M16HUB 정상(보고 270 미보고 0 JAM 0)
2026-10-03 11:37:11,077 [HID병목]   [11:35:50] M16HUB 정상(보고 270 미보고 0 JAM 0)
2026-10-03 11:38:01,081 [HID병목]   [11:36:40] M16HUB 정상(보고 270 미보고 0 JAM 0)
2026-10-03 11:38:51,075 [HID병목]   [11:37:30] M16HUB 정상(보고 270 미보고 0 JAM 0)
2026-10-03 11:39:41,065 [HID병목]   [11:38:20] M16HUB 정상(보고 270 미보고 0 JAM 0)
2026-10-03 11:40:31,074 [HID병목]   [11:39:10] M16HUB 정상(보고 270 미보고 0 JAM 0)
2026-10-03 11:41:21,196 [HID병목]   [11:40:00] M16HUB 정상(보고 270 미보고 0 JAM 0)
2026-10-03 11:42:11,075 [HID병목]   [11:40:50] M16HUB 정상(보고 270 미보고 0 JAM 0)
2026-10-03 11:43:01,116 [HID병목]   [11:41:40] M16HUB 정상(보고 270 미보고 0 JAM 0)
2026-10-03 11:43:51,075 [HID병목]   [11:42:30] M16HUB 정상(보고 269 미보고 1 JAM 0)
2026-10-03 11:44:41,027 [HID병목]   [11:43:20] M16HUB 정상(보고 269 미보고 1 JAM 0)
2026-10-03 11:45:31,185 [HID병목]   [11:44:10] M16HUB 정상(보고 269 미보고 1 JAM 0)
2026-10-03 11:46:21,025 [HID병목]   [11:45:00] M16HUB 정상(보고 270 미보고 0 JAM 0)
2026-10-03 11:47:11,029 [HID병목]   [11:45:50] M16HUB 정상(보고 270 미보고 0 JAM 0)
2026-10-03 11:48:01,087 [HID병목]   [11:46:40] M16HUB 정상(보고 270 미보고 0 JAM 0)
2026-10-03 11:48:51,035 [HID병목]   [11:47:30] M16HUB 정상(보고 270 미보고 0 JAM 0)
2026-10-03 11:49:41,065 [HID병목]   [11:48:20] M16HUB 정상(보고 270 미보고 0 JAM 0)
2026-10-03 11:50:31,025 [HID병목]   [11:49:10] M16HUB 정상(보고 269 미보고 1 JAM 0)
2026-10-03 11:51:21,279 [HID병목]   [11:50:00] M16HUB 정상(보고 269 미보고 1 JAM 0)
2026-10-03 11:52:11,060 [HID병목]   [11:50:50] M16HUB 정상(보고 269 미보고 1 JAM 0)
2026-10-03 11:53:01,091 [HID병목]   [11:51:40] M16HUB 정상(보고 270 미보고 0 JAM 0)
2026-10-03 11:53:51,075 [HID병목]   [11:52:30] M16HUB 정상(보고 270 미보고 0 JAM 0)
2026-10-03 11:54:41,065 [HID병목]   [11:53:20] M16HUB 정상(보고 270 미보고 0 JAM 0)
2026-10-03 11:55:31,084 [HID병목]   [11:54:10] M16HUB 정상(보고 270 미보고 0 JAM 0)
2026-10-03 11:56:21,060 [HID병목]   [11:55:00] M16HUB 정상(보고 270 미보고 0 JAM 0)
2026-10-03 11:57:11,075 [HID병목]   [11:55:50] M16HUB 정상(보고 270 미보고 0 JAM 0)
2026-10-03 11:58:01,086 [HID병목]   [11:56:40] M16HUB 정상(보고 270 미보고 0 JAM 0)
2026-10-03 11:58:51,047 [HID병목]   [11:57:30] M16HUB 정상(보고 270 미보고 0 JAM 0)
2026-10-03 11:59:41,090 [HID병목]   [11:58:20] M16HUB 정상(보고 270 미보고 0 JAM 0)
2026-10-03 12:00:31,088 [HID병목]   [11:59:10] M16HUB 정상(보고 270 미보고 0 JAM 0)
2026-10-03 12:01:21,658 [HID병목]   [12:00:00] M16HUB 정상(보고 270 미보고 0 JAM 0)
2026-10-03 12:02:11,074 [HID병목]   [12:00:50] M16HUB 정상(보고 270 미보고 0 JAM 0)
2026-10-03 12:03:01,083 [HID병목]   [12:01:40] M16HUB 정상(보고 270 미보고 0 JAM 0)
2026-10-03 12:03:51,044 [HID병목]   [12:02:30] M16HUB 정상(보고 270 미보고 0 JAM 0)
2026-10-03 12:04:41,025 [HID병목]   [12:03:20] M16HUB 정상(보고 270 미보고 0 JAM 0)
2026-10-03 12:05:31,052 [HID병목]   [12:04:10] M16HUB 정상(보고 270 미보고 0 JAM 0)
2026-10-03 12:06:21,733 [HID병목]   [12:05:00] M16HUB 정상(보고 270 미보고 0 JAM 0)
2026-10-03 12:07:11,072 [HID병목]   [12:05:50] M16HUB 정상(보고 270 미보고 0 JAM 0)
2026-10-03 12:08:01,080 [HID병목]   [12:06:40] M16HUB 정상(보고 270 미보고 0 JAM 0)
2026-10-03 12:08:51,024 [HID병목]   [12:07:30] M16HUB 정상(보고 270 미보고 0 JAM 0)
2026-10-03 12:09:41,027 [HID병목]   [12:08:20] M16HUB 정상(보고 270 미보고 0 JAM 0)
2026-10-03 12:10:31,136 [HID병목]   [12:09:10] M16HUB 정상(보고 270 미보고 0 JAM 0)
2026-10-03 12:11:21,176 [HID병목]   [12:10:00] M16HUB 정상(보고 270 미보고 0 JAM 0)
2026-10-03 12:12:11,075 [HID병목]   [12:10:50] M16HUB 정상(보고 270 미보고 0 JAM 0)
2026-10-03 12:13:01,083 [HID병목]   [12:11:40] M16HUB 정상(보고 270 미보고 0 JAM 0)
2026-10-03 12:13:52,217 [HID병목]   [12:12:30] M16HUB 정상(보고 270 미보고 0 JAM 0)
2026-10-03 12:14:41,063 [HID병목]   [12:13:20] M16HUB 정상(보고 270 미보고 0 JAM 0)
2026-10-03 12:15:31,071 [HID병목]   [12:14:10] M16HUB 정상(보고 270 미보고 0 JAM 0)
2026-10-03 12:16:21,070 [HID병목]   [12:15:00] M16HUB 정상(보고 270 미보고 0 JAM 0)
2026-10-03 12:17:11,078 [HID병목]   [12:15:50] M16HUB 정상(보고 270 미보고 0 JAM 0)
2026-10-03 12:18:01,048 [HID병목]   [12:16:40] M16HUB 정상(보고 270 미보고 0 JAM 0)
2026-10-03 12:18:51,074 [HID병목]   [12:17:30] M16HUB 정상(보고 270 미보고 0 JAM 0)
2026-10-03 12:19:41,041 [HID병목]   [12:18:20] M16HUB 정상(보고 270 미보고 0 JAM 0)
2026-10-03 12:20:31,076 [HID병목]   [12:19:10] M16HUB 정상(보고 270 미보고 0 JAM 0)
2026-10-03 12:21:21,075 [HID병목]   [12:20:00] M16HUB 정상(보고 270 미보고 0 JAM 0)
2026-10-03 12:22:11,077 [HID병목]   [12:20:50] M16HUB 정상(보고 270 미보고 0 JAM 0)
2026-10-03 12:23:01,078 [HID병목]   [12:21:40] M16HUB 정상(보고 270 미보고 0 JAM 0)
2026-10-03 12:23:51,077 [HID병목]   [12:22:30] M16HUB 정상(보고 270 미보고 0 JAM 0)
2026-10-03 12:24:43,095 [HID병목]   [12:23:20] M16HUB 정상(보고 270 미보고 0 JAM 0)
2026-10-03 12:25:31,074 [HID병목]   [12:24:10] M16HUB 정상(보고 270 미보고 0 JAM 0)
2026-10-03 12:26:21,074 [HID병목]   [12:25:00] M16HUB 정상(보고 270 미보고 0 JAM 0)
2026-10-03 12:27:11,077 [HID병목]   [12:25:50] M16HUB 정상(보고 270 미보고 0 JAM 0)
2026-10-03 12:28:01,121 [HID병목]   [12:26:40] M16HUB 정상(보고 270 미보고 0 JAM 0)
2026-10-03 12:28:51,052 [HID병목]   [12:27:30] M16HUB 정상(보고 270 미보고 0 JAM 0)
2026-10-03 12:29:41,065 [HID병목]   [12:28:20] M16HUB 정상(보고 270 미보고 0 JAM 0)
2026-10-03 12:30:31,074 [HID병목]   [12:29:10] M16HUB 정상(보고 270 미보고 0 JAM 0)
2026-10-03 12:31:21,152 [HID병목]   [12:30:00] M16HUB 정상(보고 270 미보고 0 JAM 0)
2026-10-03 12:32:11,035 [HID병목]   [12:30:50] M16HUB 정상(보고 270 미보고 0 JAM 0)
2026-10-03 12:33:01,101 [HID병목]   [12:31:40] M16HUB 정상(보고 269 미보고 1 JAM 0)
2026-10-03 12:33:51,026 [HID병목]   [12:32:30] M16HUB 정상(보고 269 미보고 1 JAM 0)
2026-10-03 12:34:41,025 [HID병목]   [12:33:20] M16HUB 정상(보고 269 미보고 1 JAM 0)
2026-10-03 12:35:31,074 [HID병목]   [12:34:10] M16HUB 정상(보고 270 미보고 0 JAM 0)
2026-10-03 12:36:21,089 [HID병목]   [12:35:00] M16HUB 정상(보고 270 미보고 0 JAM 0)
2026-10-03 12:37:11,074 [HID병목]   [12:35:50] M16HUB 정상(보고 270 미보고 0 JAM 0)
2026-10-03 12:38:01,125 [HID병목]   [12:36:40] M16HUB 정상(보고 270 미보고 0 JAM 0)
2026-10-03 12:38:51,084 [HID병목]   [12:37:30] M16HUB 정상(보고 270 미보고 0 JAM 0)
2026-10-03 12:39:41,458 [HID병목]   [12:38:20] M16HUB 정상(보고 270 미보고 0 JAM 0)
2026-10-03 12:40:31,076 [HID병목]   [12:39:10] M16HUB 정상(보고 270 미보고 0 JAM 0)
2026-10-03 12:41:21,038 [HID병목]   [12:40:00] M16HUB 정상(보고 270 미보고 0 JAM 0)
2026-10-03 12:42:11,075 [HID병목]   [12:40:50] M16HUB 정상(보고 270 미보고 0 JAM 0)
2026-10-03 12:43:01,082 [HID병목]   [12:41:40] M16HUB 정상(보고 270 미보고 0 JAM 0)
2026-10-03 12:43:51,076 [HID병목]   [12:42:30] M16HUB 정상(보고 270 미보고 0 JAM 0)
2026-10-03 12:44:41,066 [HID병목]   [12:43:20] M16HUB 정상(보고 270 미보고 0 JAM 0)
2026-10-03 12:45:31,075 [HID병목]   [12:44:10] M16HUB 정상(보고 270 미보고 0 JAM 0)
2026-10-03 12:46:21,069 [HID병목]   [12:45:00] M16HUB 정상(보고 270 미보고 0 JAM 0)
2026-10-03 12:47:11,037 [HID병목]   [12:45:50] M16HUB 정상(보고 270 미보고 0 JAM 0)
2026-10-03 12:48:01,124 [HID병목]   [12:46:40] M16HUB 정상(보고 270 미보고 0 JAM 0)
2026-10-03 12:48:51,028 [HID병목]   [12:47:30] M16HUB 정상(보고 270 미보고 0 JAM 0)
2026-10-03 12:49:41,064 [HID병목]   [12:48:20] M16HUB 정상(보고 270 미보고 0 JAM 0)
2026-10-03 12:50:31,077 [HID병목]   [12:49:10] M16HUB 정상(보고 270 미보고 0 JAM 0)
2026-10-03 12:51:21,070 [HID병목]   [12:50:00] M16HUB 정상(보고 270 미보고 0 JAM 0)
2026-10-03 12:52:11,053 [HID병목]   [12:50:50] M16HUB 정상(보고 270 미보고 0 JAM 0)
2026-10-03 12:53:01,128 [HID병목]   [12:51:40] M16HUB 정상(보고 270 미보고 0 JAM 0)
2026-10-03 12:53:51,061 [HID병목]   [12:52:30] M16HUB 정상(보고 270 미보고 0 JAM 0)
2026-10-03 12:54:41,024 [HID병목]   [12:53:20] M16HUB 정상(보고 270 미보고 0 JAM 0)
2026-10-03 12:55:31,040 [HID병목]   [12:54:10] M16HUB 정상(보고 270 미보고 0 JAM 0)
2026-10-03 12:56:21,037 [HID병목]   [12:55:00] M16HUB 정상(보고 270 미보고 0 JAM 0)
2026-10-03 12:57:11,076 [HID병목]   [12:55:50] M16HUB 정상(보고 270 미보고 0 JAM 0)
2026-10-03 12:58:01,112 [HID병목]   [12:56:40] M16HUB 정상(보고 270 미보고 0 JAM 0)
2026-10-03 12:58:51,067 [HID병목]   [12:57:30] M16HUB 정상(보고 270 미보고 0 JAM 0)
2026-10-03 12:59:41,065 [HID병목]   [12:58:20] M16HUB 정상(보고 270 미보고 0 JAM 0)
2026-10-03 13:00:31,073 [HID병목]   [12:59:10] M16HUB 정상(보고 270 미보고 0 JAM 0)
2026-10-03 13:01:21,080 [HID병목]   [13:00:00] M16HUB 정상(보고 270 미보고 0 JAM 0)
2026-10-03 13:02:11,072 [HID병목]   [13:00:50] M16HUB 정상(보고 270 미보고 0 JAM 0)
2026-10-03 13:03:01,033 [HID병목]   [13:01:40] M16HUB 정상(보고 270 미보고 0 JAM 0)
2026-10-03 13:03:51,036 [HID병목]   [13:02:30] M16HUB 정상(보고 270 미보고 0 JAM 0)
2026-10-03 13:04:44,804 [HID병목]   [13:03:20] M16HUB 정상(보고 270 미보고 0 JAM 0)
2026-10-03 13:05:31,044 [HID병목]   [13:04:10] M16HUB 정상(보고 270 미보고 0 JAM 0)
2026-10-03 13:06:21,077 [HID병목]   [13:05:00] M16HUB 정상(보고 270 미보고 0 JAM 0)
2026-10-03 13:07:11,075 [HID병목]   [13:05:50] M16HUB 정상(보고 270 미보고 0 JAM 0)
2026-10-03 13:08:01,083 [HID병목]   [13:06:40] M16HUB 정상(보고 270 미보고 0 JAM 0)
2026-10-03 13:08:51,070 [HID병목]   [13:07:30] M16HUB 정상(보고 270 미보고 0 JAM 0)
2026-10-03 13:09:41,692 [HID병목]   [13:08:20] M16HUB 정상(보고 270 미보고 0 JAM 0)
2026-10-03 13:10:31,029 [HID병목]   [13:09:10] M16HUB 정상(보고 270 미보고 0 JAM 0)
2026-10-03 13:11:21,074 [HID병목]   [13:10:00] M16HUB 정상(보고 270 미보고 0 JAM 0)
2026-10-03 13:12:11,061 [HID병목]   [13:10:50] M16HUB 정상(보고 270 미보고 0 JAM 0)
2026-10-03 13:13:01,130 [HID병목]   [13:11:40] M16HUB 정상(보고 270 미보고 0 JAM 0)
2026-10-03 13:13:51,034 [HID병목]   [13:12:30] M16HUB 정상(보고 270 미보고 0 JAM 0)
2026-10-03 13:14:41,017 [HID병목]   [13:13:20] M16HUB 정상(보고 270 미보고 0 JAM 0)
2026-10-03 13:15:31,074 [HID병목]   [13:14:10] M16HUB 정상(보고 270 미보고 0 JAM 0)
2026-10-03 13:16:21,100 [HID병목]   [13:15:00] M16HUB 정상(보고 270 미보고 0 JAM 0)
2026-10-03 13:17:11,085 [HID병목]   [13:15:50] M16HUB 정상(보고 270 미보고 0 JAM 0)
2026-10-03 13:18:01,084 [HID병목]   [13:16:40] M16HUB 정상(보고 270 미보고 0 JAM 0)
2026-10-03 13:18:51,023 [HID병목]   [13:17:30] M16HUB 정상(보고 270 미보고 0 JAM 0)
2026-10-03 13:19:42,650 [HID병목]   [13:18:20] M16HUB 정상(보고 270 미보고 0 JAM 0)
2026-10-03 13:20:31,072 [HID병목]   [13:19:10] M16HUB 정상(보고 270 미보고 0 JAM 0)
2026-10-03 13:21:22,578 [HID병목]   [13:20:00] M16HUB 정상(보고 270 미보고 0 JAM 0)
2026-10-03 13:22:11,074 [HID병목]   [13:20:50] M16HUB 정상(보고 269 미보고 1 JAM 0)
2026-10-03 13:23:01,034 [HID병목]   [13:21:40] M16HUB 정상(보고 269 미보고 1 JAM 0)
2026-10-03 13:23:51,053 [HID병목]   [13:22:30] M16HUB 정상(보고 269 미보고 1 JAM 0)
2026-10-03 13:24:41,015 [HID병목]   [13:23:20] M16HUB 정상(보고 270 미보고 0 JAM 0)
2026-10-03 13:25:32,322 [HID병목]   [13:24:10] M16HUB 정상(보고 270 미보고 0 JAM 0)
2026-10-03 13:26:21,269 [HID병목]   [13:25:00] M16HUB 정상(보고 270 미보고 0 JAM 0)
2026-10-03 13:27:11,029 [HID병목]   [13:25:50] M16HUB 정상(보고 270 미보고 0 JAM 0)
2026-10-03 13:28:01,040 [HID병목]   [13:26:40] M16HUB 정상(보고 270 미보고 0 JAM 0)
2026-10-03 13:28:51,036 [HID병목]   [13:27:30] M16HUB 정상(보고 270 미보고 0 JAM 0)
2026-10-03 13:29:41,046 [HID병목]   [13:28:20] M16HUB 정상(보고 270 미보고 0 JAM 0)
2026-10-03 13:30:31,032 [HID병목]   [13:29:10] M16HUB 정상(보고 270 미보고 0 JAM 0)
2026-10-03 13:31:21,042 [HID병목]   [13:30:00] M16HUB 정상(보고 269 미보고 1 JAM 0)
2026-10-03 13:32:11,061 [HID병목]   [13:30:50] M16HUB 정상(보고 269 미보고 1 JAM 0)
2026-10-03 13:33:01,083 [HID병목]   [13:31:40] M16HUB 정상(보고 269 미보고 1 JAM 0)
2026-10-03 13:33:51,074 [HID병목]   [13:32:30] M16HUB 정상(보고 270 미보고 0 JAM 0)
2026-10-03 13:34:41,026 [HID병목]   [13:33:20] M16HUB 정상(보고 270 미보고 0 JAM 0)
2026-10-03 13:35:31,494 [HID병목]   [13:34:10] M16HUB 정상(보고 270 미보고 0 JAM 0)
2026-10-03 13:36:21,590 [HID병목]   [13:35:00] M16HUB 정상(보고 270 미보고 0 JAM 0)
2026-10-03 13:37:11,076 [HID병목]   [13:35:50] M16HUB 정상(보고 270 미보고 0 JAM 0)
2026-10-03 13:38:01,072 [HID병목]   [13:36:40] M16HUB 정상(보고 270 미보고 0 JAM 0)
2026-10-03 13:38:51,074 [HID병목]   [13:37:30] M16HUB 정상(보고 270 미보고 0 JAM 0)
2026-10-03 13:39:41,024 [HID병목]   [13:38:20] M16HUB 정상(보고 270 미보고 0 JAM 0)
2026-10-03 13:40:31,033 [HID병목]   [13:39:10] M16HUB 정상(보고 270 미보고 0 JAM 0)
2026-10-03 13:41:21,320 [HID병목]   [13:40:00] M16HUB 정상(보고 270 미보고 0 JAM 0)
2026-10-03 13:42:11,059 [HID병목]   [13:40:50] M16HUB 정상(보고 270 미보고 0 JAM 0)
2026-10-03 13:43:01,155 [HID병목]   [13:41:40] M16HUB 정상(보고 269 미보고 1 JAM 0)
2026-10-03 13:43:51,062 [HID병목]   [13:42:30] M16HUB 정상(보고 269 미보고 1 JAM 0)
2026-10-03 13:44:41,066 [HID병목]   [13:43:20] M16HUB 정상(보고 269 미보고 1 JAM 0)
2026-10-03 13:45:31,047 [HID병목]   [13:44:10] M16HUB 정상(보고 270 미보고 0 JAM 0)
2026-10-03 13:46:21,078 [HID병목]   [13:45:00] M16HUB 정상(보고 270 미보고 0 JAM 0)
2026-10-03 13:47:11,076 [HID병목]   [13:45:50] M16HUB 정상(보고 270 미보고 0 JAM 0)
2026-10-03 13:48:01,086 [HID병목]   [13:46:40] M16HUB 정상(보고 270 미보고 0 JAM 0)
2026-10-03 13:48:51,074 [HID병목]   [13:47:30] M16HUB 정상(보고 270 미보고 0 JAM 0)
2026-10-03 13:49:41,066 [HID병목]   [13:48:20] M16HUB 정상(보고 270 미보고 0 JAM 0)
2026-10-03 13:50:32,053 [HID병목]   [13:49:10] M16HUB 정상(보고 270 미보고 0 JAM 0)
2026-10-03 13:51:21,029 [HID병목]   [13:50:00] M16HUB 정상(보고 270 미보고 0 JAM 0)
2026-10-03 13:52:11,076 [HID병목]   [13:50:50] M16HUB 정상(보고 270 미보고 0 JAM 0)
2026-10-03 13:53:01,051 [HID병목]   [13:51:40] M16HUB 정상(보고 270 미보고 0 JAM 0)
2026-10-03 13:53:51,073 [HID병목]   [13:52:30] M16HUB 정상(보고 270 미보고 0 JAM 0)
2026-10-03 13:54:41,020 [HID병목]   [13:53:20] M16HUB 정상(보고 269 미보고 1 JAM 0)
2026-10-03 13:55:31,084 [HID병목]   [13:54:10] M16HUB 정상(보고 269 미보고 1 JAM 0)
2026-10-03 13:56:21,595 [HID병목]   [13:55:00] M16HUB 정상(보고 269 미보고 1 JAM 0)
2026-10-03 13:57:11,074 [HID병목]   [13:55:50] M16HUB 정상(보고 270 미보고 0 JAM 0)
2026-10-03 13:58:01,053 [HID병목]   [13:56:40] M16HUB 정상(보고 270 미보고 0 JAM 0)
2026-10-03 13:58:51,034 [HID병목]   [13:57:30] M16HUB 정상(보고 270 미보고 0 JAM 0)
2026-10-03 13:59:41,051 [HID병목]   [13:58:20] M16HUB 정상(보고 270 미보고 0 JAM 0)
2026-10-03 14:00:31,035 [HID병목]   [13:59:10] M16HUB 정상(보고 270 미보고 0 JAM 0)
2026-10-03 14:01:21,928 [HID병목]   [14:00:00] M16HUB 정상(보고 270 미보고 0 JAM 0)
2026-10-03 14:02:11,053 [HID병목]   [14:00:50] M16HUB 정상(보고 270 미보고 0 JAM 0)
2026-10-03 14:03:01,116 [HID병목]   [14:01:40] M16HUB 정상(보고 270 미보고 0 JAM 0)
2026-10-03 14:03:51,032 [HID병목]   [14:02:30] M16HUB 정상(보고 270 미보고 0 JAM 0)
2026-10-03 14:04:41,065 [HID병목]   [14:03:20] M16HUB 정상(보고 270 미보고 0 JAM 0)
2026-10-03 14:05:31,026 [HID병목]   [14:04:10] M16HUB 정상(보고 270 미보고 0 JAM 0)
2026-10-03 14:06:21,061 [HID병목]   [14:05:00] M16HUB 정상(보고 269 미보고 1 JAM 0)
2026-10-03 14:07:11,076 [HID병목]   [14:05:50] M16HUB 정상(보고 269 미보고 1 JAM 0)
2026-10-03 14:08:01,086 [HID병목]   [14:06:40] M16HUB 정상(보고 269 미보고 1 JAM 0)
2026-10-03 14:08:51,034 [HID병목]   [14:07:30] M16HUB 정상(보고 270 미보고 0 JAM 0)
2026-10-03 14:09:41,065 [HID병목]   [14:08:20] M16HUB 정상(보고 270 미보고 0 JAM 0)
2026-10-03 14:10:31,034 [HID병목]   [14:09:10] M16HUB 정상(보고 270 미보고 0 JAM 0)
2026-10-03 14:11:21,141 [HID병목]   [14:10:00] M16HUB 정상(보고 270 미보고 0 JAM 0)
2026-10-03 14:12:11,076 [HID병목]   [14:10:50] M16HUB 정상(보고 270 미보고 0 JAM 0)
2026-10-03 14:13:01,168 [HID병목]   [14:11:40] M16HUB 정상(보고 270 미보고 0 JAM 0)
2026-10-03 14:13:51,049 [HID병목]   [14:12:30] M16HUB 정상(보고 270 미보고 0 JAM 0)
2026-10-03 14:14:43,611 [HID병목]   [14:13:20] M16HUB 정상(보고 270 미보고 0 JAM 0)
2026-10-03 14:15:31,072 [HID병목]   [14:14:10] M16HUB 정상(보고 270 미보고 0 JAM 0)
2026-10-03 14:16:21,056 [HID병목]   [14:15:00] M16HUB 정상(보고 270 미보고 0 JAM 0)
2026-10-03 14:17:11,074 [HID병목]   [14:15:50] M16HUB 정상(보고 270 미보고 0 JAM 0)
2026-10-03 14:18:01,089 [HID병목]   [14:16:40] M16HUB 정상(보고 270 미보고 0 JAM 0)
2026-10-03 14:18:51,075 [HID병목]   [14:17:30] M16HUB 정상(보고 270 미보고 0 JAM 0)
2026-10-03 14:19:41,064 [HID병목]   [14:18:20] M16HUB 정상(보고 270 미보고 0 JAM 0)
2026-10-03 14:20:31,032 [HID병목]   [14:19:10] M16HUB 정상(보고 270 미보고 0 JAM 0)
2026-10-03 14:21:21,035 [HID병목]   [14:20:00] M16HUB 정상(보고 270 미보고 0 JAM 0)
2026-10-03 14:22:11,062 [HID병목]   [14:20:50] M16HUB 정상(보고 270 미보고 0 JAM 0)
2026-10-03 14:23:01,082 [HID병목]   [14:21:40] M16HUB 정상(보고 270 미보고 0 JAM 0)
2026-10-03 14:23:51,063 [HID병목]   [14:22:30] M16HUB 정상(보고 270 미보고 0 JAM 0)
2026-10-03 14:24:41,066 [HID병목]   [14:23:20] M16HUB 정상(보고 270 미보고 0 JAM 0)
2026-10-03 14:25:31,058 [HID병목]   [14:24:10] M16HUB 정상(보고 270 미보고 0 JAM 0)
2026-10-03 14:26:21,265 [HID병목]   [14:25:00] M16HUB 정상(보고 270 미보고 0 JAM 0)
2026-10-03 14:27:11,076 [HID병목]   [14:25:50] M16HUB 정상(보고 270 미보고 0 JAM 0)
2026-10-03 14:28:01,101 [HID병목]   [14:26:40] M16HUB 정상(보고 270 미보고 0 JAM 0)
2026-10-03 14:28:51,077 [HID병목]   [14:27:30] M16HUB 정상(보고 270 미보고 0 JAM 0)
2026-10-03 14:29:41,066 [HID병목]   [14:28:20] M16HUB 정상(보고 270 미보고 0 JAM 0)
2026-10-03 14:30:31,081 [HID병목]   [14:29:10] M16HUB 정상(보고 270 미보고 0 JAM 0)
2026-10-03 14:31:21,215 [HID병목]   [14:30:00] M16HUB 정상(보고 270 미보고 0 JAM 0)
2026-10-03 14:32:11,076 [HID병목]   [14:30:50] M16HUB 정상(보고 270 미보고 0 JAM 0)
2026-10-03 14:33:01,050 [HID병목]   [14:31:40] M16HUB 정상(보고 270 미보고 0 JAM 0)
2026-10-03 14:33:51,026 [HID병목]   [14:32:30] M16HUB 정상(보고 270 미보고 0 JAM 0)
2026-10-03 14:34:41,057 [HID병목]   [14:33:20] M16HUB 정상(보고 270 미보고 0 JAM 0)
2026-10-03 14:35:31,073 [HID병목]   [14:34:10] M16HUB 정상(보고 270 미보고 0 JAM 0)
2026-10-03 14:36:21,024 [HID병목]   [14:35:00] M16HUB 정상(보고 270 미보고 0 JAM 0)
2026-10-03 14:37:11,075 [HID병목]   [14:35:50] M16HUB 정상(보고 270 미보고 0 JAM 0)
2026-10-03 14:38:01,128 [HID병목]   [14:36:40] M16HUB 정상(보고 270 미보고 0 JAM 0)
2026-10-03 14:38:51,033 [HID병목]   [14:37:30] M16HUB 정상(보고 270 미보고 0 JAM 0)
2026-10-03 14:39:43,130 [HID병목]   [14:38:20] M16HUB 정상(보고 270 미보고 0 JAM 0)
2026-10-03 14:40:31,026 [HID병목]   [14:39:10] M16HUB 정상(보고 270 미보고 0 JAM 0)
2026-10-03 14:41:21,051 [HID병목]   [14:40:00] M16HUB 정상(보고 270 미보고 0 JAM 0)
2026-10-03 14:42:11,075 [HID병목]   [14:40:50] M16HUB 정상(보고 270 미보고 0 JAM 0)
2026-10-03 14:43:01,090 [HID병목]   [14:41:40] M16HUB 정상(보고 270 미보고 0 JAM 0)
2026-10-03 14:43:51,042 [HID병목]   [14:42:30] M16HUB 정상(보고 269 미보고 1 JAM 0)
2026-10-03 14:44:41,067 [HID병목]   [14:43:20] M16HUB 정상(보고 269 미보고 1 JAM 0)
2026-10-03 14:45:31,067 [HID병목]   [14:44:10] M16HUB 정상(보고 269 미보고 1 JAM 0)
2026-10-03 14:46:21,033 [HID병목]   [14:45:00] M16HUB 정상(보고 270 미보고 0 JAM 0)
2026-10-03 14:47:11,039 [HID병목]   [14:45:50] M16HUB 정상(보고 270 미보고 0 JAM 0)
2026-10-03 14:48:01,085 [HID병목]   [14:46:40] M16HUB 정상(보고 270 미보고 0 JAM 0)
2026-10-03 14:48:51,069 [HID병목]   [14:47:30] M16HUB 정상(보고 270 미보고 0 JAM 0)
2026-10-03 14:49:41,468 [HID병목]   [14:48:20] M16HUB 정상(보고 270 미보고 0 JAM 0)
2026-10-03 14:50:31,034 [HID병목]   [14:49:10] M16HUB 정상(보고 270 미보고 0 JAM 0)
2026-10-03 14:51:21,290 [HID병목]   [14:50:00] M16HUB 정상(보고 270 미보고 0 JAM 0)
2026-10-03 14:52:11,074 [HID병목]   [14:50:50] M16HUB 정상(보고 270 미보고 0 JAM 0)
2026-10-03 14:53:01,084 [HID병목]   [14:51:40] M16HUB 정상(보고 270 미보고 0 JAM 0)
2026-10-03 14:53:51,086 [HID병목]   [14:52:30] M16HUB 정상(보고 270 미보고 0 JAM 0)
2026-10-03 14:54:41,067 [HID병목]   [14:53:20] M16HUB 정상(보고 270 미보고 0 JAM 0)
2026-10-03 14:55:32,640 [HID병목]   [14:54:10] M16HUB 정상(보고 270 미보고 0 JAM 0)
2026-10-03 14:56:21,025 [HID병목]   [14:55:00] M16HUB 정상(보고 270 미보고 0 JAM 0)
2026-10-03 14:57:11,081 [HID병목]   [14:55:50] M16HUB 정상(보고 270 미보고 0 JAM 0)
2026-10-03 14:58:01,084 [HID병목]   [14:56:40] M16HUB 정상(보고 270 미보고 0 JAM 0)
2026-10-03 14:58:51,073 [HID병목]   [14:57:30] M16HUB 정상(보고 270 미보고 0 JAM 0)
2026-10-03 14:59:41,042 [HID병목]   [14:58:20] M16HUB 정상(보고 270 미보고 0 JAM 0)
2026-10-03 15:00:31,374 [HID병목]   [14:59:10] M16HUB 정상(보고 270 미보고 0 JAM 0)
2026-10-03 15:01:21,703 [HID병목]   [15:00:00] M16HUB 정상(보고 270 미보고 0 JAM 0)
2026-10-03 15:02:11,054 [HID병목]   [15:00:50] M16HUB 정상(보고 270 미보고 0 JAM 0)
2026-10-03 15:03:01,058 [HID병목]   [15:01:40] M16HUB 정상(보고 270 미보고 0 JAM 0)
2026-10-03 15:03:53,530 [HID병목]   [15:02:30] M16HUB 정상(보고 270 미보고 0 JAM 0)
2026-10-03 15:04:41,057 [HID병목]   [15:03:20] M16HUB 정상(보고 270 미보고 0 JAM 0)
2026-10-03 15:05:32,387 [HID병목]   [15:04:10] M16HUB 정상(보고 270 미보고 0 JAM 0)
2026-10-03 15:06:21,027 [HID병목]   [15:05:00] M16HUB 정상(보고 270 미보고 0 JAM 0)
2026-10-03 15:07:11,063 [HID병목]   [15:05:50] M16HUB 정상(보고 270 미보고 0 JAM 0)
2026-10-03 15:08:01,076 [HID병목]   [15:06:40] M16HUB 정상(보고 270 미보고 0 JAM 0)
2026-10-03 15:08:51,074 [HID병목]   [15:07:30] M16HUB 정상(보고 270 미보고 0 JAM 0)
2026-10-03 15:09:41,064 [HID병목]   [15:08:20] M16HUB 정상(보고 270 미보고 0 JAM 0)
2026-10-03 15:10:31,129 [HID병목]   [15:09:10] M16HUB 정상(보고 270 미보고 0 JAM 0)
2026-10-03 15:11:21,075 [HID병목]   [15:10:00] M16HUB 정상(보고 270 미보고 0 JAM 0)
2026-10-03 15:12:11,142 [HID병목]   [15:10:50] M16HUB 정상(보고 270 미보고 0 JAM 0)
2026-10-03 15:13:01,075 [HID병목]   [15:11:40] M16HUB 정상(보고 270 미보고 0 JAM 0)
2026-10-03 15:13:51,067 [HID병목]   [15:12:30] M16HUB 정상(보고 270 미보고 0 JAM 0)
2026-10-03 15:14:41,066 [HID병목]   [15:13:20] M16HUB 정상(보고 270 미보고 0 JAM 0)
2026-10-03 15:15:31,074 [HID병목]   [15:14:10] M16HUB 정상(보고 270 미보고 0 JAM 0)
2026-10-03 15:16:21,028 [HID병목]   [15:15:00] M16HUB 정상(보고 270 미보고 0 JAM 0)
2026-10-03 15:17:11,077 [HID병목]   [15:15:50] M16HUB 정상(보고 270 미보고 0 JAM 0)
2026-10-03 15:18:01,094 [HID병목]   [15:16:40] M16HUB 정상(보고 270 미보고 0 JAM 0)
2026-10-03 15:18:51,025 [HID병목]   [15:17:30] M16HUB 정상(보고 270 미보고 0 JAM 0)
2026-10-03 15:19:42,786 [HID병목]   [15:18:20] M16HUB 정상(보고 270 미보고 0 JAM 0)
2026-10-03 15:20:31,041 [HID병목]   [15:19:10] M16HUB 정상(보고 270 미보고 0 JAM 0)
2026-10-03 15:21:21,159 [HID병목]   [15:20:00] M16HUB 정상(보고 270 미보고 0 JAM 0)
2026-10-03 15:22:11,076 [HID병목]   [15:20:50] M16HUB 정상(보고 270 미보고 0 JAM 0)
2026-10-03 15:23:01,085 [HID병목]   [15:21:40] M16HUB 정상(보고 270 미보고 0 JAM 0)
2026-10-03 15:23:51,027 [HID병목]   [15:22:30] M16HUB 정상(보고 270 미보고 0 JAM 0)
2026-10-03 15:24:41,059 [HID병목]   [15:23:20] M16HUB 정상(보고 270 미보고 0 JAM 0)
2026-10-03 15:25:31,025 [HID병목]   [15:24:10] M16HUB 정상(보고 270 미보고 0 JAM 0)
2026-10-03 15:26:21,354 [HID병목]   [15:25:00] M16HUB 정상(보고 270 미보고 0 JAM 0)
2026-10-03 15:27:11,040 [HID병목]   [15:25:50] M16HUB 정상(보고 270 미보고 0 JAM 0)
2026-10-03 15:28:01,094 [HID병목]   [15:26:40] M16HUB 정상(보고 270 미보고 0 JAM 0)
2026-10-03 15:28:55,090 [HID병목]   [15:27:30] M16HUB 정상(보고 270 미보고 0 JAM 0)
2026-10-03 15:29:41,057 [HID병목]   [15:28:20] M16HUB 정상(보고 270 미보고 0 JAM 0)
2026-10-03 15:30:32,190 [HID병목]   [15:29:10] M16HUB 정상(보고 270 미보고 0 JAM 0)
2026-10-03 15:31:21,036 [HID병목]   [15:30:00] M16HUB 정상(보고 270 미보고 0 JAM 0)
2026-10-03 15:32:11,038 [HID병목]   [15:30:50] M16HUB 정상(보고 270 미보고 0 JAM 0)
2026-10-03 15:33:01,104 [HID병목]   [15:31:40] M16HUB 정상(보고 270 미보고 0 JAM 0)
2026-10-03 15:33:51,033 [HID병목]   [15:32:30] M16HUB 정상(보고 269 미보고 1 JAM 0)
2026-10-03 15:34:41,029 [HID병목]   [15:33:20] M16HUB 정상(보고 269 미보고 1 JAM 0)
2026-10-03 15:35:31,074 [HID병목]   [15:34:10] M16HUB 정상(보고 269 미보고 1 JAM 0)
2026-10-03 15:36:21,067 [HID병목]   [15:35:00] M16HUB 정상(보고 270 미보고 0 JAM 0)
2026-10-03 15:37:11,076 [HID병목]   [15:35:50] M16HUB 정상(보고 270 미보고 0 JAM 0)
2026-10-03 15:38:01,077 [HID병목]   [15:36:40] M16HUB 정상(보고 270 미보고 0 JAM 0)
2026-10-03 15:38:51,086 [HID병목]   [15:37:30] M16HUB 정상(보고 270 미보고 0 JAM 0)
2026-10-03 15:39:41,014 [HID병목]   [15:38:20] M16HUB 정상(보고 270 미보고 0 JAM 0)
2026-10-03 15:40:31,932 [HID병목]   [15:39:10] M16HUB 정상(보고 270 미보고 0 JAM 0)
2026-10-03 15:41:21,033 [HID병목]   [15:40:00] M16HUB 정상(보고 270 미보고 0 JAM 0)
2026-10-03 15:42:11,088 [HID병목]   [15:40:50] M16HUB 정상(보고 270 미보고 0 JAM 0)
2026-10-03 15:43:01,036 [HID병목]   [15:41:40] M16HUB 정상(보고 270 미보고 0 JAM 0)
2026-10-03 15:43:51,040 [HID병목]   [15:42:30] M16HUB 정상(보고 270 미보고 0 JAM 0)
2026-10-03 15:44:41,041 [HID병목]   [15:43:20] M16HUB 정상(보고 270 미보고 0 JAM 0)
2026-10-03 15:45:31,033 [HID병목]   [15:44:10] M16HUB 정상(보고 270 미보고 0 JAM 0)
2026-10-03 15:46:21,070 [HID병목]   [15:45:00] M16HUB 정상(보고 269 미보고 1 JAM 0)
2026-10-03 15:47:11,046 [HID병목]   [15:45:50] M16HUB 정상(보고 269 미보고 1 JAM 0)
2026-10-03 15:48:01,048 [HID병목]   [15:46:40] M16HUB 정상(보고 269 미보고 1 JAM 0)
2026-10-03 15:48:51,053 [HID병목]   [15:47:30] M16HUB 정상(보고 270 미보고 0 JAM 0)
2026-10-03 15:49:41,032 [HID병목]   [15:48:20] M16HUB 정상(보고 270 미보고 0 JAM 0)
2026-10-03 15:50:31,060 [HID병목]   [15:49:10] M16HUB 정상(보고 270 미보고 0 JAM 0)
2026-10-03 15:51:21,072 [HID병목]   [15:50:00] M16HUB 정상(보고 270 미보고 0 JAM 0)
2026-10-03 15:52:11,074 [HID병목]   [15:50:50] M16HUB 정상(보고 270 미보고 0 JAM 0)
2026-10-03 15:53:01,072 [HID병목]   [15:51:40] M16HUB 정상(보고 270 미보고 0 JAM 0)
2026-10-03 15:53:51,061 [HID병목]   [15:52:30] M16HUB 정상(보고 270 미보고 0 JAM 0)
2026-10-03 15:54:41,031 [HID병목]   [15:53:20] M16HUB 정상(보고 270 미보고 0 JAM 0)
2026-10-03 15:55:31,068 [HID병목]   [15:54:10] M16HUB 정상(보고 269 미보고 1 JAM 0)
2026-10-03 15:56:21,069 [HID병목]   [15:55:00] M16HUB 정상(보고 269 미보고 1 JAM 0)
2026-10-03 15:57:11,076 [HID병목]   [15:55:50] M16HUB 정상(보고 269 미보고 1 JAM 0)
2026-10-03 15:58:01,086 [HID병목]   [15:56:40] M16HUB 정상(보고 270 미보고 0 JAM 0)
2026-10-03 15:58:51,038 [HID병목]   [15:57:30] M16HUB 정상(보고 270 미보고 0 JAM 0)
2026-10-03 15:59:41,067 [HID병목]   [15:58:20] M16HUB 정상(보고 270 미보고 0 JAM 0)
2026-10-03 16:00:31,074 [HID병목]   [15:59:10] M16HUB 정상(보고 270 미보고 0 JAM 0)
2026-10-03 16:01:21,605 [HID병목]   [16:00:00] M16HUB 정상(보고 270 미보고 0 JAM 0)
2026-10-03 16:02:11,039 [HID병목]   [16:00:50] M16HUB 정상(보고 270 미보고 0 JAM 0)
2026-10-03 16:03:01,075 [HID병목]   [16:01:40] M16HUB 정상(보고 270 미보고 0 JAM 0)
2026-10-03 16:03:51,075 [HID병목]   [16:02:30] M16HUB 정상(보고 270 미보고 0 JAM 0)
2026-10-03 16:04:41,058 [HID병목]   [16:03:20] M16HUB 정상(보고 270 미보고 0 JAM 0)
2026-10-03 16:05:31,085 [HID병목]   [16:04:10] M16HUB 정상(보고 270 미보고 0 JAM 0)
2026-10-03 16:06:21,075 [HID병목]   [16:05:00] M16HUB 정상(보고 270 미보고 0 JAM 0)
2026-10-03 16:07:11,066 [HID병목]   [16:05:50] M16HUB 정상(보고 270 미보고 0 JAM 0)
2026-10-03 16:08:01,083 [HID병목]   [16:06:40] M16HUB 정상(보고 270 미보고 0 JAM 0)
2026-10-03 16:08:51,063 [HID병목]   [16:07:30] M16HUB 정상(보고 270 미보고 0 JAM 0)
2026-10-03 16:09:41,257 [HID병목]   [16:08:20] M16HUB 정상(보고 270 미보고 0 JAM 0)
2026-10-03 16:10:31,042 [HID병목]   [16:09:10] M16HUB 정상(보고 270 미보고 0 JAM 0)
2026-10-03 16:11:21,073 [HID병목]   [16:10:00] M16HUB 정상(보고 270 미보고 0 JAM 0)
2026-10-03 16:12:11,063 [HID병목]   [16:10:50] M16HUB 정상(보고 270 미보고 0 JAM 0)
2026-10-03 16:13:01,065 [HID병목]   [16:11:40] M16HUB 정상(보고 270 미보고 0 JAM 0)
2026-10-03 16:13:51,075 [HID병목]   [16:12:30] M16HUB 정상(보고 270 미보고 0 JAM 0)
2026-10-03 16:14:41,057 [HID병목]   [16:13:20] M16HUB 정상(보고 270 미보고 0 JAM 0)
2026-10-03 16:15:31,075 [HID병목]   [16:14:10] M16HUB 정상(보고 270 미보고 0 JAM 0)
2026-10-03 16:16:21,444 [HID병목]   [16:15:00] M16HUB 정상(보고 270 미보고 0 JAM 0)
2026-10-03 16:17:11,032 [HID병목]   [16:15:50] M16HUB 정상(보고 270 미보고 0 JAM 0)
2026-10-03 16:18:01,086 [HID병목]   [16:16:40] M16HUB 정상(보고 270 미보고 0 JAM 0)
2026-10-03 16:18:51,075 [HID병목]   [16:17:30] M16HUB 정상(보고 270 미보고 0 JAM 0)
2026-10-03 16:19:41,066 [HID병목]   [16:18:20] M16HUB 정상(보고 270 미보고 0 JAM 0)
2026-10-03 16:20:31,073 [HID병목]   [16:19:10] M16HUB 정상(보고 269 미보고 1 JAM 0)
2026-10-03 16:21:21,633 [HID병목]   [16:20:00] M16HUB 정상(보고 269 미보고 1 JAM 0)
2026-10-03 16:22:11,074 [HID병목]   [16:20:50] M16HUB 정상(보고 269 미보고 1 JAM 0)
2026-10-03 16:23:01,085 [HID병목]   [16:21:40] M16HUB 정상(보고 270 미보고 0 JAM 0)
2026-10-03 16:23:51,075 [HID병목]   [16:22:30] M16HUB 정상(보고 270 미보고 0 JAM 0)
2026-10-03 16:24:41,064 [HID병목]   [16:23:20] M16HUB 정상(보고 270 미보고 0 JAM 0)
2026-10-03 16:25:31,084 [HID병목]   [16:24:10] M16HUB 정상(보고 270 미보고 0 JAM 0)
2026-10-03 16:26:21,061 [HID병목]   [16:25:00] M16HUB 정상(보고 270 미보고 0 JAM 0)
2026-10-03 16:27:11,099 [HID병목]   [16:25:50] M16HUB 정상(보고 270 미보고 0 JAM 0)
2026-10-03 16:28:01,037 [HID병목]   [16:26:40] M16HUB 정상(보고 270 미보고 0 JAM 0)
2026-10-03 16:28:51,054 [HID병목]   [16:27:30] M16HUB 정상(보고 270 미보고 0 JAM 0)
2026-10-03 16:29:42,284 [HID병목]   [16:28:20] M16HUB 정상(보고 270 미보고 0 JAM 0)
2026-10-03 16:30:31,072 [HID병목]   [16:29:10] M16HUB 정상(보고 270 미보고 0 JAM 0)
2026-10-03 16:31:21,050 [HID병목]   [16:30:00] M16HUB 정상(보고 270 미보고 0 JAM 0)
2026-10-03 16:32:11,041 [HID병목]   [16:30:50] M16HUB 정상(보고 270 미보고 0 JAM 0)
2026-10-03 16:33:01,063 [HID병목]   [16:31:40] M16HUB 정상(보고 270 미보고 0 JAM 0)
2026-10-03 16:33:51,038 [HID병목]   [16:32:30] M16HUB 정상(보고 270 미보고 0 JAM 0)
2026-10-03 16:34:41,020 [HID병목]   [16:33:20] M16HUB 정상(보고 270 미보고 0 JAM 0)
2026-10-03 16:35:31,467 [HID병목]   [16:34:10] M16HUB 정상(보고 270 미보고 0 JAM 0)
2026-10-03 16:36:21,078 [HID병목]   [16:35:00] M16HUB 정상(보고 269 미보고 1 JAM 0)
2026-10-03 16:37:11,078 [HID병목]   [16:35:50] M16HUB 정상(보고 269 미보고 1 JAM 0)
2026-10-03 16:38:01,082 [HID병목]   [16:36:40] M16HUB 정상(보고 269 미보고 1 JAM 0)
2026-10-03 16:38:51,053 [HID병목]   [16:37:30] M16HUB 정상(보고 270 미보고 0 JAM 0)
2026-10-03 16:39:41,064 [HID병목]   [16:38:20] M16HUB 정상(보고 270 미보고 0 JAM 0)
2026-10-03 16:40:31,073 [HID병목]   [16:39:10] M16HUB 정상(보고 270 미보고 0 JAM 0)
2026-10-03 16:41:21,076 [HID병목]   [16:40:00] M16HUB 정상(보고 270 미보고 0 JAM 0)
2026-10-03 16:42:11,025 [HID병목]   [16:40:50] M16HUB 정상(보고 270 미보고 0 JAM 0)
2026-10-03 16:43:01,086 [HID병목]   [16:41:40] M16HUB 정상(보고 270 미보고 0 JAM 0)
2026-10-03 16:43:51,075 [HID병목]   [16:42:30] M16HUB 정상(보고 269 미보고 1 JAM 0)
2026-10-03 16:44:45,113 [HID병목]   [16:43:20] M16HUB 정상(보고 269 미보고 1 JAM 0)
2026-10-03 16:45:31,071 [HID병목]   [16:44:10] M16HUB 정상(보고 269 미보고 1 JAM 0)
2026-10-03 16:46:21,340 [HID병목]   [16:45:00] M16HUB 정상(보고 270 미보고 0 JAM 0)
2026-10-03 16:47:11,032 [HID병목]   [16:45:50] M16HUB 정상(보고 270 미보고 0 JAM 0)
2026-10-03 16:48:01,067 [HID병목]   [16:46:40] M16HUB 정상(보고 270 미보고 0 JAM 0)
2026-10-03 16:48:51,074 [HID병목]   [16:47:30] M16HUB 정상(보고 270 미보고 0 JAM 0)
2026-10-03 16:49:41,066 [HID병목]   [16:48:20] M16HUB 정상(보고 270 미보고 0 JAM 0)
2026-10-03 16:50:31,075 [HID병목]   [16:49:10] M16HUB 정상(보고 270 미보고 0 JAM 0)
2026-10-03 16:51:21,048 [HID병목]   [16:50:00] M16HUB 정상(보고 270 미보고 0 JAM 0)
2026-10-03 16:52:11,024 [HID병목]   [16:50:50] M16HUB 정상(보고 270 미보고 0 JAM 0)
2026-10-03 16:53:01,081 [HID병목]   [16:51:40] M16HUB 정상(보고 269 미보고 1 JAM 0)
2026-10-03 16:53:51,075 [HID병목]   [16:52:30] M16HUB 정상(보고 269 미보고 1 JAM 0)
2026-10-03 16:54:41,066 [HID병목]   [16:53:20] M16HUB 정상(보고 269 미보고 1 JAM 0)
2026-10-03 16:55:31,084 [HID병목]   [16:54:10] M16HUB 정상(보고 270 미보고 0 JAM 0)
2026-10-03 16:56:21,044 [HID병목]   [16:55:00] M16HUB 정상(보고 270 미보고 0 JAM 0)
2026-10-03 16:57:11,058 [HID병목]   [16:55:50] M16HUB 정상(보고 270 미보고 0 JAM 0)
2026-10-03 16:58:01,092 [HID병목]   [16:56:40] M16HUB 정상(보고 270 미보고 0 JAM 0)
2026-10-03 16:58:51,060 [HID병목]   [16:57:30] M16HUB 정상(보고 270 미보고 0 JAM 0)
2026-10-03 16:59:41,724 [HID병목]   [16:58:20] M16HUB 정상(보고 269 미보고 1 JAM 0)
2026-10-03 17:00:31,029 [HID병목]   [16:59:10] M16HUB 정상(보고 269 미보고 1 JAM 0)
2026-10-03 17:01:21,076 [HID병목]   [17:00:00] M16HUB 정상(보고 269 미보고 1 JAM 0)
2026-10-03 17:02:11,075 [HID병목]   [17:00:50] M16HUB 정상(보고 270 미보고 0 JAM 0)
2026-10-03 17:03:01,171 [HID병목]   [17:01:40] M16HUB 정상(보고 270 미보고 0 JAM 0)
2026-10-03 17:03:51,074 [HID병목]   [17:02:30] M16HUB 정상(보고 270 미보고 0 JAM 0)
2026-10-03 17:04:41,066 [HID병목]   [17:03:20] M16HUB 정상(보고 270 미보고 0 JAM 0)
2026-10-03 17:05:31,339 [HID병목]   [17:04:10] M16HUB 정상(보고 270 미보고 0 JAM 0)
2026-10-03 17:06:21,027 [HID병목]   [17:05:00] M16HUB 정상(보고 269 미보고 1 JAM 0)
2026-10-03 17:07:11,069 [HID병목]   [17:05:50] M16HUB 정상(보고 269 미보고 1 JAM 0)
2026-10-03 17:08:01,112 [HID병목]   [17:06:40] M16HUB 정상(보고 269 미보고 1 JAM 0)
2026-10-03 17:08:51,074 [HID병목]   [17:07:30] M16HUB 정상(보고 270 미보고 0 JAM 0)
2026-10-03 17:09:41,050 [HID병목]   [17:08:20] M16HUB 정상(보고 270 미보고 0 JAM 0)
2026-10-03 17:10:31,052 [HID병목]   [17:09:10] M16HUB 정상(보고 270 미보고 0 JAM 0)
2026-10-03 17:11:21,130 [HID병목]   [17:10:00] M16HUB 정상(보고 270 미보고 0 JAM 0)
2026-10-03 17:12:11,027 [HID병목]   [17:10:50] M16HUB 정상(보고 270 미보고 0 JAM 0)
2026-10-03 17:13:01,232 [HID병목]   [17:11:40] M16HUB 정상(보고 269 미보고 1 JAM 0)
2026-10-03 17:13:51,053 [HID병목]   [17:12:30] M16HUB 정상(보고 269 미보고 1 JAM 0)
2026-10-03 17:14:41,066 [HID병목]   [17:13:20] M16HUB 정상(보고 269 미보고 1 JAM 0)
2026-10-03 17:15:31,188 [HID병목]   [17:14:10] M16HUB 정상(보고 270 미보고 0 JAM 0)
2026-10-03 17:16:21,604 [HID병목]   [17:15:00] M16HUB 정상(보고 270 미보고 0 JAM 0)
2026-10-03 17:17:11,074 [HID병목]   [17:15:50] M16HUB 정상(보고 270 미보고 0 JAM 0)
2026-10-03 17:18:01,102 [HID병목]   [17:16:40] M16HUB 정상(보고 270 미보고 0 JAM 0)
2026-10-03 17:18:51,073 [HID병목]   [17:17:30] M16HUB 정상(보고 270 미보고 0 JAM 0)
2026-10-03 17:19:42,028 [HID병목]   [17:18:20] M16HUB 정상(보고 270 미보고 0 JAM 0)
2026-10-03 17:20:31,033 [HID병목]   [17:19:10] M16HUB 정상(보고 270 미보고 0 JAM 0)
2026-10-03 17:21:21,075 [HID병목]   [17:20:00] M16HUB 정상(보고 270 미보고 0 JAM 0)
2026-10-03 17:22:11,025 [HID병목]   [17:20:50] M16HUB 정상(보고 270 미보고 0 JAM 0)
2026-10-03 17:23:01,067 [HID병목]   [17:21:40] M16HUB 정상(보고 270 미보고 0 JAM 0)
2026-10-03 17:23:51,075 [HID병목]   [17:22:30] M16HUB 정상(보고 270 미보고 0 JAM 0)
2026-10-03 17:24:41,047 [HID병목]   [17:23:20] M16HUB 정상(보고 270 미보고 0 JAM 0)
2026-10-03 17:25:31,057 [HID병목]   [17:24:10] M16HUB 정상(보고 270 미보고 0 JAM 0)
2026-10-03 17:26:21,154 [HID병목]   [17:25:00] M16HUB 정상(보고 270 미보고 0 JAM 0)
2026-10-03 17:27:11,032 [HID병목]   [17:25:50] M16HUB 정상(보고 270 미보고 0 JAM 0)
2026-10-03 17:28:01,043 [HID병목]   [17:26:40] M16HUB 정상(보고 270 미보고 0 JAM 0)
2026-10-03 17:28:51,033 [HID병목]   [17:27:30] M16HUB 정상(보고 270 미보고 0 JAM 0)
2026-10-03 17:29:41,066 [HID병목]   [17:28:20] M16HUB 정상(보고 270 미보고 0 JAM 0)
2026-10-03 17:30:31,086 [HID병목]   [17:29:10] M16HUB 정상(보고 270 미보고 0 JAM 0)
2026-10-03 17:31:21,077 [HID병목]   [17:30:00] M16HUB 정상(보고 270 미보고 0 JAM 0)
2026-10-03 17:32:11,075 [HID병목]   [17:30:50] M16HUB 정상(보고 270 미보고 0 JAM 0)
2026-10-03 17:33:01,081 [HID병목]   [17:31:40] M16HUB 정상(보고 269 미보고 1 JAM 0)
2026-10-03 17:33:51,050 [HID병목]   [17:32:30] M16HUB 정상(보고 269 미보고 1 JAM 0)
2026-10-03 17:34:41,063 [HID병목]   [17:33:20] M16HUB 정상(보고 269 미보고 1 JAM 0)
2026-10-03 17:35:31,060 [HID병목]   [17:34:10] M16HUB 정상(보고 270 미보고 0 JAM 0)
2026-10-03 17:36:21,063 [HID병목]   [17:35:00] M16HUB 정상(보고 270 미보고 0 JAM 0)
2026-10-03 17:37:11,067 [HID병목]   [17:35:50] M16HUB 정상(보고 270 미보고 0 JAM 0)
2026-10-03 17:38:01,082 [HID병목]   [17:36:40] M16HUB 정상(보고 270 미보고 0 JAM 0)
2026-10-03 17:38:51,057 [HID병목]   [17:37:30] M16HUB 정상(보고 270 미보고 0 JAM 0)
2026-10-03 17:39:42,167 [HID병목]   [17:38:20] M16HUB 정상(보고 270 미보고 0 JAM 0)
2026-10-03 17:40:31,072 [HID병목]   [17:39:10] M16HUB 정상(보고 270 미보고 0 JAM 0)
2026-10-03 17:41:21,075 [HID병목]   [17:40:00] M16HUB 정상(보고 270 미보고 0 JAM 0)
2026-10-03 17:42:11,028 [HID병목]   [17:40:50] M16HUB 정상(보고 270 미보고 0 JAM 0)
2026-10-03 17:43:01,087 [HID병목]   [17:41:40] M16HUB 정상(보고 270 미보고 0 JAM 0)
2026-10-03 17:43:51,076 [HID병목]   [17:42:30] M16HUB 정상(보고 270 미보고 0 JAM 0)
2026-10-03 17:44:41,690 [HID병목]   [17:43:20] M16HUB 정상(보고 270 미보고 0 JAM 0)
2026-10-03 17:45:31,072 [HID병목]   [17:44:10] M16HUB 정상(보고 270 미보고 0 JAM 0)
2026-10-03 17:46:21,025 [HID병목]   [17:45:00] M16HUB 정상(보고 270 미보고 0 JAM 0)
2026-10-03 17:47:11,075 [HID병목]   [17:45:50] M16HUB 정상(보고 270 미보고 0 JAM 0)
2026-10-03 17:48:01,106 [HID병목]   [17:46:40] M16HUB 정상(보고 270 미보고 0 JAM 0)
2026-10-03 17:48:51,075 [HID병목]   [17:47:30] M16HUB 정상(보고 270 미보고 0 JAM 0)
2026-10-03 17:49:41,018 [HID병목]   [17:48:20] M16HUB 정상(보고 270 미보고 0 JAM 0)
2026-10-03 17:50:31,074 [HID병목]   [17:49:10] M16HUB 정상(보고 270 미보고 0 JAM 0)
2026-10-03 17:51:21,075 [HID병목]   [17:50:00] M16HUB 정상(보고 270 미보고 0 JAM 0)
2026-10-03 17:52:11,078 [HID병목]   [17:50:50] M16HUB 정상(보고 270 미보고 0 JAM 0)
2026-10-03 17:53:01,029 [HID병목]   [17:51:40] M16HUB 정상(보고 270 미보고 0 JAM 0)
2026-10-03 17:53:51,026 [HID병목]   [17:52:30] M16HUB 정상(보고 270 미보고 0 JAM 0)
2026-10-03 17:54:41,065 [HID병목]   [17:53:20] M16HUB 정상(보고 270 미보고 0 JAM 0)
2026-10-03 17:55:31,501 [HID병목]   [17:54:10] M16HUB 정상(보고 270 미보고 0 JAM 0)
2026-10-03 17:56:21,074 [HID병목]   [17:55:00] M16HUB 정상(보고 270 미보고 0 JAM 0)
2026-10-03 17:57:11,077 [HID병목]   [17:55:50] M16HUB 정상(보고 270 미보고 0 JAM 0)
2026-10-03 17:58:01,087 [HID병목]   [17:56:40] M16HUB 정상(보고 270 미보고 0 JAM 0)
2026-10-03 17:58:51,075 [HID병목]   [17:57:30] M16HUB 정상(보고 270 미보고 0 JAM 0)
2026-10-03 17:59:41,025 [HID병목]   [17:58:20] M16HUB 정상(보고 270 미보고 0 JAM 0)
2026-10-03 18:00:31,032 [HID병목]   [17:59:10] M16HUB 정상(보고 270 미보고 0 JAM 0)
2026-10-03 18:01:21,227 [HID병목]   [18:00:00] M16HUB 정상(보고 270 미보고 0 JAM 0)
2026-10-03 18:02:11,046 [HID병목]   [18:00:50] M16HUB 정상(보고 270 미보고 0 JAM 0)
2026-10-03 18:03:01,110 [HID병목]   [18:01:40] M16HUB 정상(보고 270 미보고 0 JAM 0)
2026-10-03 18:03:51,073 [HID병목]   [18:02:30] M16HUB 정상(보고 270 미보고 0 JAM 0)
2026-10-03 18:04:41,025 [HID병목]   [18:03:20] M16HUB 정상(보고 270 미보고 0 JAM 0)
2026-10-03 18:05:31,033 [HID병목]   [18:04:10] M16HUB 정상(보고 270 미보고 0 JAM 0)
2026-10-03 18:06:21,044 [HID병목]   [18:05:00] M16HUB 정상(보고 270 미보고 0 JAM 0)
2026-10-03 18:07:11,083 [HID병목]   [18:05:50] M16HUB 정상(보고 270 미보고 0 JAM 0)
2026-10-03 18:08:01,082 [HID병목]   [18:06:40] M16HUB 정상(보고 270 미보고 0 JAM 0)
2026-10-03 18:08:51,077 [HID병목]   [18:07:30] M16HUB 정상(보고 270 미보고 0 JAM 0)
2026-10-03 18:09:41,065 [HID병목]   [18:08:20] M16HUB 정상(보고 270 미보고 0 JAM 0)
2026-10-03 18:10:31,048 [HID병목]   [18:09:10] M16HUB 정상(보고 270 미보고 0 JAM 0)
2026-10-03 18:11:21,077 [HID병목]   [18:10:00] M16HUB 정상(보고 270 미보고 0 JAM 0)
2026-10-03 18:12:11,075 [HID병목]   [18:10:50] M16HUB 정상(보고 270 미보고 0 JAM 0)
2026-10-03 18:13:01,072 [HID병목]   [18:11:40] M16HUB 정상(보고 270 미보고 0 JAM 0)
2026-10-03 18:13:51,045 [HID병목]   [18:12:30] M16HUB 정상(보고 270 미보고 0 JAM 0)
2026-10-03 18:14:41,025 [HID병목]   [18:13:20] M16HUB 정상(보고 270 미보고 0 JAM 0)
2026-10-03 18:15:31,054 [HID병목]   [18:14:10] M16HUB 정상(보고 270 미보고 0 JAM 0)
2026-10-03 18:16:21,076 [HID병목]   [18:15:00] M16HUB 정상(보고 270 미보고 0 JAM 0)
2026-10-03 18:17:11,066 [HID병목]   [18:15:50] M16HUB 정상(보고 270 미보고 0 JAM 0)
2026-10-03 18:18:01,082 [HID병목]   [18:16:40] M16HUB 정상(보고 270 미보고 0 JAM 0)
2026-10-03 18:18:51,090 [HID병목]   [18:17:30] M16HUB 정상(보고 270 미보고 0 JAM 0)
2026-10-03 18:19:41,065 [HID병목]   [18:18:20] M16HUB 정상(보고 270 미보고 0 JAM 0)
2026-10-03 18:20:31,025 [HID병목]   [18:19:10] M16HUB 정상(보고 270 미보고 0 JAM 0)
2026-10-03 18:21:21,076 [HID병목]   [18:20:00] M16HUB 정상(보고 270 미보고 0 JAM 0)
2026-10-03 18:22:11,076 [HID병목]   [18:20:50] M16HUB 정상(보고 270 미보고 0 JAM 0)
2026-10-03 18:23:01,085 [HID병목]   [18:21:40] M16HUB 정상(보고 270 미보고 0 JAM 0)
2026-10-03 18:23:51,036 [HID병목]   [18:22:30] M16HUB 정상(보고 270 미보고 0 JAM 0)
2026-10-03 18:24:43,059 [HID병목]   [18:23:20] M16HUB 정상(보고 270 미보고 0 JAM 0)
2026-10-03 18:25:31,072 [HID병목]   [18:24:10] M16HUB 정상(보고 270 미보고 0 JAM 0)
2026-10-03 18:26:21,076 [HID병목]   [18:25:00] M16HUB 정상(보고 270 미보고 0 JAM 0)
2026-10-03 18:27:11,057 [HID병목]   [18:25:50] M16HUB 정상(보고 270 미보고 0 JAM 0)
2026-10-03 18:28:01,080 [HID병목]   [18:26:40] M16HUB 정상(보고 270 미보고 0 JAM 0)
2026-10-03 18:28:51,026 [HID병목]   [18:27:30] M16HUB 정상(보고 270 미보고 0 JAM 0)
2026-10-03 18:29:41,022 [HID병목]   [18:28:20] M16HUB 정상(보고 270 미보고 0 JAM 0)
2026-10-03 18:30:31,076 [HID병목]   [18:29:10] M16HUB 정상(보고 270 미보고 0 JAM 0)
2026-10-03 18:31:21,064 [HID병목]   [18:30:00] M16HUB 정상(보고 270 미보고 0 JAM 0)
2026-10-03 18:32:11,076 [HID병목]   [18:30:50] M16HUB 정상(보고 270 미보고 0 JAM 0)
2026-10-03 18:33:01,095 [HID병목]   [18:31:40] M16HUB 정상(보고 270 미보고 0 JAM 0)
2026-10-03 18:33:51,053 [HID병목]   [18:32:30] M16HUB 정상(보고 270 미보고 0 JAM 0)
2026-10-03 18:34:41,075 [HID병목]   [18:33:20] M16HUB 정상(보고 270 미보고 0 JAM 0)
2026-10-03 18:35:31,074 [HID병목]   [18:34:10] M16HUB 정상(보고 270 미보고 0 JAM 0)
2026-10-03 18:36:21,027 [HID병목]   [18:35:00] M16HUB 정상(보고 270 미보고 0 JAM 0)
2026-10-03 18:37:11,052 [HID병목]   [18:35:50] M16HUB 정상(보고 270 미보고 0 JAM 0)
2026-10-03 18:38:01,078 [HID병목]   [18:36:40] M16HUB 정상(보고 270 미보고 0 JAM 0)
2026-10-03 18:38:51,068 [HID병목]   [18:37:30] M16HUB 정상(보고 270 미보고 0 JAM 0)
2026-10-03 18:39:41,024 [HID병목]   [18:38:20] M16HUB 정상(보고 270 미보고 0 JAM 0)
2026-10-03 18:40:31,069 [HID병목]   [18:39:10] M16HUB 정상(보고 270 미보고 0 JAM 0)
2026-10-03 18:41:21,073 [HID병목]   [18:40:00] M16HUB 정상(보고 270 미보고 0 JAM 0)
2026-10-03 18:42:11,075 [HID병목]   [18:40:50] M16HUB 정상(보고 270 미보고 0 JAM 0)
2026-10-03 18:43:01,040 [HID병목]   [18:41:40] M16HUB 정상(보고 270 미보고 0 JAM 0)
2026-10-03 18:43:51,075 [HID병목]   [18:42:30] M16HUB 정상(보고 270 미보고 0 JAM 0)
2026-10-03 18:44:41,066 [HID병목]   [18:43:20] M16HUB 정상(보고 270 미보고 0 JAM 0)
2026-10-03 18:45:31,086 [HID병목]   [18:44:10] M16HUB 정상(보고 270 미보고 0 JAM 0)
2026-10-03 18:46:21,026 [HID병목]   [18:45:00] M16HUB 정상(보고 270 미보고 0 JAM 0)
2026-10-03 18:47:11,046 [HID병목]   [18:45:50] M16HUB 정상(보고 270 미보고 0 JAM 0)
2026-10-03 18:48:01,056 [HID병목]   [18:46:40] M16HUB 정상(보고 269 미보고 1 JAM 0)
2026-10-03 18:48:51,031 [HID병목]   [18:47:30] M16HUB 정상(보고 269 미보고 1 JAM 0)
2026-10-03 18:49:41,032 [HID병목]   [18:48:20] M16HUB 정상(보고 269 미보고 1 JAM 0)
2026-10-03 18:50:31,036 [HID병목]   [18:49:10] M16HUB 정상(보고 270 미보고 0 JAM 0)
2026-10-03 18:51:21,044 [HID병목]   [18:50:00] M16HUB 정상(보고 270 미보고 0 JAM 0)
2026-10-03 18:52:11,053 [HID병목]   [18:50:50] M16HUB 정상(보고 270 미보고 0 JAM 0)
2026-10-03 18:53:01,072 [HID병목]   [18:51:40] M16HUB 정상(보고 270 미보고 0 JAM 0)
2026-10-03 18:53:51,036 [HID병목]   [18:52:30] M16HUB 정상(보고 270 미보고 0 JAM 0)
2026-10-03 18:54:41,065 [HID병목]   [18:53:20] M16HUB 정상(보고 270 미보고 0 JAM 0)
2026-10-03 18:55:31,061 [HID병목]   [18:54:10] M16HUB 정상(보고 270 미보고 0 JAM 0)
2026-10-03 18:56:21,024 [HID병목]   [18:55:00] M16HUB 정상(보고 269 미보고 1 JAM 0)
2026-10-03 18:57:11,076 [HID병목]   [18:55:50] M16HUB 정상(보고 269 미보고 1 JAM 0)
2026-10-03 18:58:01,079 [HID병목]   [18:56:40] M16HUB 정상(보고 269 미보고 1 JAM 0)
2026-10-03 18:58:51,083 [HID병목]   [18:57:30] M16HUB 정상(보고 270 미보고 0 JAM 0)
2026-10-03 18:59:41,067 [HID병목]   [18:58:20] M16HUB 정상(보고 270 미보고 0 JAM 0)
2026-10-03 19:00:31,631 [HID병목]   [18:59:10] M16HUB 정상(보고 270 미보고 0 JAM 0)
2026-10-03 19:01:21,043 [HID병목]   [19:00:00] M16HUB 정상(보고 270 미보고 0 JAM 0)
2026-10-03 19:02:11,078 [HID병목]   [19:00:50] M16HUB 정상(보고 270 미보고 0 JAM 0)
2026-10-03 19:03:01,059 [HID병목]   [19:01:40] M16HUB 정상(보고 270 미보고 0 JAM 0)
2026-10-03 19:03:51,053 [HID병목]   [19:02:30] M16HUB 정상(보고 270 미보고 0 JAM 0)
2026-10-03 19:04:41,016 [HID병목]   [19:03:20] M16HUB 정상(보고 270 미보고 0 JAM 0)
2026-10-03 19:05:31,074 [HID병목]   [19:04:10] M16HUB 정상(보고 270 미보고 0 JAM 0)
2026-10-03 19:06:21,035 [HID병목]   [19:05:00] M16HUB 정상(보고 270 미보고 0 JAM 0)
2026-10-03 19:07:11,075 [HID병목]   [19:05:50] M16HUB 정상(보고 270 미보고 0 JAM 0)
2026-10-03 19:08:01,061 [HID병목]   [19:06:40] M16HUB 정상(보고 270 미보고 0 JAM 0)
2026-10-03 19:08:51,034 [HID병목]   [19:07:30] M16HUB 정상(보고 270 미보고 0 JAM 0)
2026-10-03 19:09:41,065 [HID병목]   [19:08:20] M16HUB 정상(보고 270 미보고 0 JAM 0)
2026-10-03 19:10:31,077 [HID병목]   [19:09:10] M16HUB 정상(보고 270 미보고 0 JAM 0)
2026-10-03 19:11:21,292 [HID병목]   [19:10:00] M16HUB 정상(보고 270 미보고 0 JAM 0)
2026-10-03 19:12:11,064 [HID병목]   [19:10:50] M16HUB 정상(보고 270 미보고 0 JAM 0)
2026-10-03 19:13:01,081 [HID병목]   [19:11:40] M16HUB 정상(보고 270 미보고 0 JAM 0)
2026-10-03 19:13:51,049 [HID병목]   [19:12:30] M16HUB 정상(보고 270 미보고 0 JAM 0)
2026-10-03 19:14:41,052 [HID병목]   [19:13:20] M16HUB 정상(보고 270 미보고 0 JAM 0)
2026-10-03 19:15:31,436 [HID병목]   [19:14:10] M16HUB 정상(보고 270 미보고 0 JAM 0)
2026-10-03 19:16:21,076 [HID병목]   [19:15:00] M16HUB 정상(보고 270 미보고 0 JAM 0)
2026-10-03 19:17:11,033 [HID병목]   [19:15:50] M16HUB 정상(보고 270 미보고 0 JAM 0)
2026-10-03 19:18:01,144 [HID병목]   [19:16:40] M16HUB 정상(보고 270 미보고 0 JAM 0)
2026-10-03 19:18:51,034 [HID병목]   [19:17:30] M16HUB 정상(보고 269 미보고 1 JAM 0)
2026-10-03 19:19:42,704 [HID병목]   [19:18:20] M16HUB 정상(보고 269 미보고 1 JAM 0)
2026-10-03 19:20:31,050 [HID병목]   [19:19:10] M16HUB 정상(보고 269 미보고 1 JAM 0)
2026-10-03 19:21:21,162 [HID병목]   [19:20:00] M16HUB 정상(보고 270 미보고 0 JAM 0)
2026-10-03 19:22:11,038 [HID병목]   [19:20:50] M16HUB 정상(보고 270 미보고 0 JAM 0)
2026-10-03 19:23:01,082 [HID병목]   [19:21:40] M16HUB 정상(보고 270 미보고 0 JAM 0)
2026-10-03 19:23:51,060 [HID병목]   [19:22:30] M16HUB 정상(보고 270 미보고 0 JAM 0)
2026-10-03 19:24:41,025 [HID병목]   [19:23:20] M16HUB 정상(보고 270 미보고 0 JAM 0)
2026-10-03 19:25:31,869 [HID병목]   [19:24:10] M16HUB 정상(보고 270 미보고 0 JAM 0)
2026-10-03 19:26:21,079 [HID병목]   [19:25:00] M16HUB 정상(보고 270 미보고 0 JAM 0)
2026-10-03 19:27:11,033 [HID병목]   [19:25:50] M16HUB 정상(보고 270 미보고 0 JAM 0)
2026-10-03 19:28:01,084 [HID병목]   [19:26:40] M16HUB 정상(보고 270 미보고 0 JAM 0)
2026-10-03 19:28:51,075 [HID병목]   [19:27:30] M16HUB 정상(보고 270 미보고 0 JAM 0)
2026-10-03 19:29:41,065 [HID병목]   [19:28:20] M16HUB 정상(보고 270 미보고 0 JAM 0)
2026-10-03 19:30:31,633 [HID병목]   [19:29:10] M16HUB 정상(보고 270 미보고 0 JAM 0)
2026-10-03 19:31:21,122 [HID병목]   [19:30:00] M16HUB 정상(보고 269 미보고 1 JAM 0)
2026-10-03 19:32:11,077 [HID병목]   [19:30:50] M16HUB 정상(보고 269 미보고 1 JAM 0)
2026-10-03 19:33:01,074 [HID병목]   [19:31:40] M16HUB 정상(보고 269 미보고 1 JAM 0)
2026-10-03 19:33:51,074 [HID병목]   [19:32:30] M16HUB 정상(보고 270 미보고 0 JAM 0)
2026-10-03 19:34:41,041 [HID병목]   [19:33:20] M16HUB 정상(보고 270 미보고 0 JAM 0)
2026-10-03 19:35:31,035 [HID병목]   [19:34:10] M16HUB 정상(보고 270 미보고 0 JAM 0)
2026-10-03 19:36:21,025 [HID병목]   [19:35:00] M16HUB 정상(보고 270 미보고 0 JAM 0)
2026-10-03 19:37:11,044 [HID병목]   [19:35:50] M16HUB 정상(보고 270 미보고 0 JAM 0)
2026-10-03 19:38:01,071 [HID병목]   [19:36:40] M16HUB 정상(보고 270 미보고 0 JAM 0)
2026-10-03 19:38:51,030 [HID병목]   [19:37:30] M16HUB 정상(보고 270 미보고 0 JAM 0)
2026-10-03 19:39:42,357 [HID병목]   [19:38:20] M16HUB 정상(보고 270 미보고 0 JAM 0)
2026-10-03 19:40:31,028 [HID병목]   [19:39:10] M16HUB 정상(보고 270 미보고 0 JAM 0)
2026-10-03 19:41:21,332 [HID병목]   [19:40:00] M16HUB 정상(보고 270 미보고 0 JAM 0)
2026-10-03 19:42:11,036 [HID병목]   [19:40:50] M16HUB 정상(보고 269 미보고 1 JAM 0)
2026-10-03 19:43:01,081 [HID병목]   [19:41:40] M16HUB 정상(보고 269 미보고 1 JAM 0)
2026-10-03 19:43:51,056 [HID병목]   [19:42:30] M16HUB 정상(보고 269 미보고 1 JAM 0)
2026-10-03 19:44:41,026 [HID병목]   [19:43:20] M16HUB 정상(보고 270 미보고 0 JAM 0)
2026-10-03 19:45:31,073 [HID병목]   [19:44:10] M16HUB 정상(보고 270 미보고 0 JAM 0)
2026-10-03 19:46:21,586 [HID병목]   [19:45:00] M16HUB 정상(보고 270 미보고 0 JAM 0)
2026-10-03 19:47:11,078 [HID병목]   [19:45:50] M16HUB 정상(보고 270 미보고 0 JAM 0)
2026-10-03 19:48:01,065 [HID병목]   [19:46:40] M16HUB 정상(보고 270 미보고 0 JAM 0)
2026-10-03 19:48:51,061 [HID병목]   [19:47:30] M16HUB 정상(보고 270 미보고 0 JAM 0)
2026-10-03 19:49:41,023 [HID병목]   [19:48:20] M16HUB 정상(보고 270 미보고 0 JAM 0)
2026-10-03 19:50:31,049 [HID병목]   [19:49:10] M16HUB 정상(보고 270 미보고 0 JAM 0)
2026-10-03 19:51:21,075 [HID병목]   [19:50:00] M16HUB 정상(보고 270 미보고 0 JAM 0)
2026-10-03 19:52:11,076 [HID병목]   [19:50:50] M16HUB 정상(보고 270 미보고 0 JAM 0)
2026-10-03 19:53:01,039 [HID병목]   [19:51:40] M16HUB 정상(보고 270 미보고 0 JAM 0)
2026-10-03 19:53:51,054 [HID병목]   [19:52:30] M16HUB 정상(보고 270 미보고 0 JAM 0)
2026-10-03 19:54:41,068 [HID병목]   [19:53:20] M16HUB 정상(보고 270 미보고 0 JAM 0)
2026-10-03 19:55:31,108 [HID병목]   [19:54:10] M16HUB 정상(보고 270 미보고 0 JAM 0)
2026-10-03 19:56:21,075 [HID병목]   [19:55:00] M16HUB 정상(보고 270 미보고 0 JAM 0)
2026-10-03 19:57:11,032 [HID병목]   [19:55:50] M16HUB 정상(보고 270 미보고 0 JAM 0)
2026-10-03 19:58:01,086 [HID병목]   [19:56:40] M16HUB 정상(보고 270 미보고 0 JAM 0)
2026-10-03 19:58:51,071 [HID병목]   [19:57:30] M16HUB 정상(보고 270 미보고 0 JAM 0)
2026-10-03 19:59:43,472 [HID병목]   [19:58:20] M16HUB 정상(보고 269 미보고 1 JAM 0)
2026-10-03 20:00:31,072 [HID병목]   [19:59:10] M16HUB 정상(보고 269 미보고 1 JAM 0)
2026-10-03 20:01:21,148 [HID병목]   [20:00:00] M16HUB 정상(보고 269 미보고 1 JAM 0)
2026-10-03 20:02:11,075 [HID병목]   [20:00:50] M16HUB 정상(보고 270 미보고 0 JAM 0)
2026-10-03 20:03:01,031 [HID병목]   [20:01:40] M16HUB 정상(보고 270 미보고 0 JAM 0)
2026-10-03 20:03:51,073 [HID병목]   [20:02:30] M16HUB 정상(보고 270 미보고 0 JAM 0)
2026-10-03 20:04:41,067 [HID병목]   [20:03:20] M16HUB 정상(보고 270 미보고 0 JAM 0)
2026-10-03 20:05:31,024 [HID병목]   [20:04:10] M16HUB 정상(보고 270 미보고 0 JAM 0)
2026-10-03 20:06:21,619 [HID병목]   [20:05:00] M16HUB 정상(보고 270 미보고 0 JAM 0)
2026-10-03 20:07:11,074 [HID병목]   [20:05:50] M16HUB 정상(보고 270 미보고 0 JAM 0)
2026-10-03 20:08:01,133 [HID병목]   [20:06:40] M16HUB 정상(보고 270 미보고 0 JAM 0)
2026-10-03 20:08:51,075 [HID병목]   [20:07:30] M16HUB 정상(보고 270 미보고 0 JAM 0)
2026-10-03 20:09:41,065 [HID병목]   [20:08:20] M16HUB 정상(보고 270 미보고 0 JAM 0)
2026-10-03 20:10:31,564 [HID병목]   [20:09:10] M16HUB 정상(보고 270 미보고 0 JAM 0)
2026-10-03 20:11:21,073 [HID병목]   [20:10:00] M16HUB 정상(보고 270 미보고 0 JAM 0)
2026-10-03 20:12:11,081 [HID병목]   [20:10:50] M16HUB 정상(보고 270 미보고 0 JAM 0)
2026-10-03 20:13:01,090 [HID병목]   [20:11:40] M16HUB 정상(보고 270 미보고 0 JAM 0)
2026-10-03 20:13:51,062 [HID병목]   [20:12:30] M16HUB 정상(보고 269 미보고 1 JAM 0)
2026-10-03 20:14:41,052 [HID병목]   [20:13:20] M16HUB 정상(보고 262 미보고 8 JAM 7)
2026-10-03 20:15:31,053 [HID병목]   ▲ M16HUB 20:14:10 경계 — 구역 멈춘 차 10 (≥10) → HID_ZONE 1 HID-B01-1(001)(4/6) · HID_ZONE 10731 HID-B1074-1(10731)(5/0) · HID_ZONE 10751 HID-B1076-1(10751)(0/2)
2026-10-03 20:15:31,232 [HID병목]   🗺 문제맵 M16HUB 2026-10-03 20:14 경계 · 1위 HID 1 → PROBLEM_MAP_M16HUB_20261003_2014_WARNING.html
2026-10-03 20:15:31,232 [HID병목]   [20:14:10] M16HUB 경계(보고 259 미보고 11 JAM 8)
2026-10-03 20:16:21,043 [HID병목]   ▲ M16HUB 20:15:00 경계 — 구역 멈춘 차 10 (≥10) → HID_ZONE 1 HID-B01-1(001)(10/0) · HID_ZONE 10731 HID-B1074-1(10731)(5/0) · HID_ZONE 10751 HID-B1076-1(10751)(2/0)
2026-10-03 20:16:21,174 [HID병목]   🗺 문제맵 M16HUB 2026-10-03 20:15 경계 · 1위 HID 1 → PROBLEM_MAP_M16HUB_20261003_2015_WARNING.html
2026-10-03 20:16:21,174 [HID병목]   [20:15:00] M16HUB 경계(보고 249 미보고 21 JAM 0)
2026-10-03 20:17:11,066 [HID병목]   ▲ M16HUB 20:15:50 경계 — 구역 멈춘 차 10 (≥10) → HID_ZONE 1 HID-B01-1(001)(10/0) · HID_ZONE 10731 HID-B1074-1(10731)(5/0) · HID_ZONE 4007 HID-B401-1(4007)(0/4)
2026-10-03 20:17:11,200 [HID병목]   🗺 문제맵 M16HUB 2026-10-03 20:16 경계 · 1위 HID 1 → PROBLEM_MAP_M16HUB_20261003_2016_WARNING.html
2026-10-03 20:17:11,200 [HID병목]   [20:15:50] M16HUB 경계(보고 252 미보고 18 JAM 5)
2026-10-03 20:18:01,021 [HID병목]   ▲ M16HUB 20:16:40 경계 — 구역 멈춘 차 10 (≥10) → HID_ZONE 1 HID-B01-1(001)(9/1) · HID_ZONE 4007 HID-B401-1(4007)(4/2) · HID_ZONE 10731 HID-B1074-1(10731)(5/0)
2026-10-03 20:18:01,149 [HID병목]   🗺 문제맵 M16HUB 2026-10-03 20:17 경계 · 1위 HID 1 → PROBLEM_MAP_M16HUB_20261003_2017_WARNING.html
2026-10-03 20:18:01,149 [HID병목]   [20:16:40] M16HUB 경계(보고 247 미보고 23 JAM 3)
2026-10-03 20:18:51,075 [HID병목]   [20:17:30] M16HUB 정상(보고 253 미보고 17 JAM 2)
2026-10-03 20:19:41,914 [HID병목]   ▲ M16HUB 20:18:20 경계 — missing 22 + JAM 11 같이 (≥10+10) · 구역 멈춘 차 10 (≥10) → HID_ZONE 1 HID-B01-1(001)(6/2) · HID_ZONE 4007 HID-B401-1(4007)(8/1) · HID_ZONE 10731 HID-B1074-1(10731)(6/0)
2026-10-03 20:19:41,914 [HID병목]   [20:18:20] M16HUB 경계(보고 248 미보고 22 JAM 11)
2026-10-03 20:20:31,044 [HID병목]   ▲ M16HUB 20:19:10 위험 — missing 32 단독 (≥30) → HID_ZONE 4007 HID-B401-1(4007)(7/0) · HID_ZONE 1 HID-B01-1(001)(9/0) · HID_ZONE 10541 HID-B1055-1(10541)(1/5)
2026-10-03 20:20:31,178 [HID병목]   🗺 문제맵 M16HUB 2026-10-03 20:19 위험 · 1위 HID 4007 → PROBLEM_MAP_M16HUB_20261003_2019_DANGER.html
2026-10-03 20:20:31,178 [HID병목]   [20:19:10] M16HUB 위험(보고 238 미보고 32 JAM 5)
2026-10-03 20:21:21,067 [HID병목]   ▲ M16HUB 20:20:00 위험 — missing 40 단독 (≥30) → HID_ZONE 4007 HID-B401-1(4007)(7/0) · HID_ZONE 1 HID-B01-1(001)(9/0) · HID_ZONE 4 HID-B03-2(004)(0/7)
2026-10-03 20:21:21,161 [HID병목]   🗺 문제맵 M16HUB 2026-10-03 20:20 위험 · 1위 HID 4007 → PROBLEM_MAP_M16HUB_20261003_2020_DANGER.html
2026-10-03 20:21:21,161 [HID병목]   [20:20:00] M16HUB 위험(보고 230 미보고 40 JAM 8)
2026-10-03 20:22:11,064 [HID병목]   ▲ M16HUB 20:20:50 위험 — missing 38 단독 (≥30) → HID_ZONE 1 HID-B01-1(001)(9/1) · HID_ZONE 4007 HID-B401-1(4007)(7/0) · HID_ZONE 10541 HID-B1055-1(10541)(6/1)
2026-10-03 20:22:11,191 [HID병목]   🗺 문제맵 M16HUB 2026-10-03 20:21 위험 · 1위 HID 1 → PROBLEM_MAP_M16HUB_20261003_2021_DANGER.html
2026-10-03 20:22:11,191 [HID병목]   [20:20:50] M16HUB 위험(보고 232 미보고 38 JAM 9)
2026-10-03 20:23:01,057 [HID병목]   ▲ M16HUB 20:21:40 경계 — missing 22 + JAM 28 같이 (≥10+10) → HID_ZONE 4 HID-B03-2(004)(0/9) · HID_ZONE 1 HID-B01-1(001)(6/2) · HID_ZONE 10541 HID-B1055-1(10541)(4/3)
2026-10-03 20:23:01,254 [HID병목]   🗺 문제맵 M16HUB 2026-10-03 20:22 경계 · 1위 HID 4 → PROBLEM_MAP_M16HUB_20261003_2022_WARNING.html
2026-10-03 20:23:01,254 [HID병목]   [20:21:40] M16HUB 경계(보고 248 미보고 22 JAM 28)
2026-10-03 20:23:51,074 [HID병목]   [20:22:30] M16HUB 정상(보고 257 미보고 13 JAM 9)
2026-10-03 20:24:41,021 [HID병목]   ▲ M16HUB 20:23:20 위험 — missing 34 단독 (≥30) → HID_ZONE 1 HID-B01-1(001)(8/2) · HID_ZONE 4 HID-B03-2(004)(8/0) · HID_ZONE 10731 HID-B1074-1(10731)(5/0)
2026-10-03 20:24:41,021 [HID병목]   [20:23:20] M16HUB 위험(보고 236 미보고 34 JAM 2)
2026-10-03 20:25:31,610 [HID병목]   🗺 문제맵 M16HUB 2026-10-03 20:24 위험 · 1위 HID 1 → PROBLEM_MAP_M16HUB_20261003_2024_DANGER.html
2026-10-03 20:25:31,611 [HID병목]   [20:24:10] M16HUB 정상(보고 270 미보고 0 JAM 8)
2026-10-03 20:26:21,027 [HID병목]   [20:25:00] M16HUB 정상(보고 270 미보고 0 JAM 0)
2026-10-03 20:27:11,074 [HID병목]   [20:25:50] M16HUB 정상(보고 270 미보고 0 JAM 0)
2026-10-03 20:28:01,075 [HID병목]   [20:26:40] M16HUB 정상(보고 270 미보고 0 JAM 0)
2026-10-03 20:28:51,075 [HID병목]   [20:27:30] M16HUB 정상(보고 270 미보고 0 JAM 0)
2026-10-03 20:29:41,038 [HID병목]   [20:28:20] M16HUB 정상(보고 270 미보고 0 JAM 0)
2026-10-03 20:30:31,073 [HID병목]   [20:29:10] M16HUB 정상(보고 269 미보고 1 JAM 0)
2026-10-03 20:31:21,909 [HID병목]   [20:30:00] M16HUB 정상(보고 270 미보고 0 JAM 0)
2026-10-03 20:32:11,052 [HID병목]   [20:30:50] M16HUB 정상(보고 268 미보고 2 JAM 0)
2026-10-03 20:33:01,108 [HID병목]   [20:31:40] M16HUB 정상(보고 268 미보고 2 JAM 0)
2026-10-03 20:33:51,037 [HID병목]   [20:32:30] M16HUB 정상(보고 268 미보고 2 JAM 0)
2026-10-03 20:34:41,037 [HID병목]   [20:33:20] M16HUB 정상(보고 269 미보고 1 JAM 0)
2026-10-03 20:35:31,066 [HID병목]   [20:34:10] M16HUB 정상(보고 269 미보고 1 JAM 0)
2026-10-03 20:36:21,074 [HID병목]   [20:35:00] M16HUB 정상(보고 269 미보고 1 JAM 0)
2026-10-03 20:37:11,085 [HID병목]   [20:35:50] M16HUB 정상(보고 269 미보고 1 JAM 0)
2026-10-03 20:38:01,149 [HID병목]   [20:36:40] M16HUB 정상(보고 269 미보고 1 JAM 0)
2026-10-03 20:38:51,078 [HID병목]   [20:37:30] M16HUB 정상(보고 269 미보고 1 JAM 0)
2026-10-03 20:39:42,822 [HID병목]   [20:38:20] M16HUB 정상(보고 269 미보고 1 JAM 0)
2026-10-03 20:40:31,044 [HID병목]   [20:39:10] M16HUB 정상(보고 269 미보고 1 JAM 0)
2026-10-03 20:41:21,061 [HID병목]   [20:40:00] M16HUB 정상(보고 269 미보고 1 JAM 0)
2026-10-03 20:42:11,118 [HID병목]   [20:40:50] M16HUB 정상(보고 269 미보고 1 JAM 0)
2026-10-03 20:43:01,051 [HID병목]   [20:41:40] M16HUB 정상(보고 269 미보고 1 JAM 0)
2026-10-03 20:43:51,025 [HID병목]   [20:42:30] M16HUB 정상(보고 269 미보고 1 JAM 0)
2026-10-03 20:44:45,255 [HID병목]   [20:43:20] M16HUB 정상(보고 269 미보고 1 JAM 0)
2026-10-03 20:45:31,063 [HID병목]   [20:44:10] M16HUB 정상(보고 269 미보고 1 JAM 0)
2026-10-03 20:46:21,077 [HID병목]   [20:45:00] M16HUB 정상(보고 269 미보고 1 JAM 0)
2026-10-03 20:47:11,083 [HID병목]   [20:45:50] M16HUB 정상(보고 269 미보고 1 JAM 0)
2026-10-03 20:48:01,120 [HID병목]   [20:46:40] M16HUB 정상(보고 269 미보고 1 JAM 0)
2026-10-03 20:48:51,077 [HID병목]   [20:47:30] M16HUB 정상(보고 269 미보고 1 JAM 0)
2026-10-03 20:49:41,065 [HID병목]   [20:48:20] M16HUB 정상(보고 269 미보고 1 JAM 0)
2026-10-03 20:50:31,025 [HID병목]   [20:49:10] M16HUB 정상(보고 269 미보고 1 JAM 0)
2026-10-03 20:51:21,601 [HID병목]   [20:50:00] M16HUB 정상(보고 269 미보고 1 JAM 0)
2026-10-03 20:52:11,058 [HID병목]   [20:50:50] M16HUB 정상(보고 269 미보고 1 JAM 0)
2026-10-03 20:53:01,073 [HID병목]   [20:51:40] M16HUB 정상(보고 268 미보고 2 JAM 0)
2026-10-03 20:53:51,025 [HID병목]   [20:52:30] M16HUB 정상(보고 268 미보고 2 JAM 0)
2026-10-03 20:54:41,056 [HID병목]   [20:53:20] M16HUB 정상(보고 268 미보고 2 JAM 0)
2026-10-03 20:55:31,085 [HID병목]   [20:54:10] M16HUB 정상(보고 269 미보고 1 JAM 0)
2026-10-03 20:56:21,047 [HID병목]   [20:55:00] M16HUB 정상(보고 269 미보고 1 JAM 0)
2026-10-03 20:57:11,028 [HID병목]   [20:55:50] M16HUB 정상(보고 269 미보고 1 JAM 0)
2026-10-03 20:58:01,110 [HID병목]   [20:56:40] M16HUB 정상(보고 269 미보고 1 JAM 0)
2026-10-03 20:58:51,032 [HID병목]   [20:57:30] M16HUB 정상(보고 269 미보고 1 JAM 0)
2026-10-03 20:59:44,299 [HID병목]   [20:58:20] M16HUB 정상(보고 269 미보고 1 JAM 0)
2026-10-03 21:00:31,024 [HID병목]   [20:59:10] M16HUB 정상(보고 269 미보고 1 JAM 0)
2026-10-03 21:01:21,041 [HID병목]   [21:00:00] M16HUB 정상(보고 269 미보고 1 JAM 0)
2026-10-03 21:02:11,074 [HID병목]   [21:00:50] M16HUB 정상(보고 269 미보고 1 JAM 0)
2026-10-03 21:03:01,083 [HID병목]   [21:01:40] M16HUB 정상(보고 269 미보고 1 JAM 0)
2026-10-03 21:03:51,075 [HID병목]   [21:02:30] M16HUB 정상(보고 269 미보고 1 JAM 0)
2026-10-03 21:04:41,065 [HID병목]   [21:03:20] M16HUB 정상(보고 268 미보고 2 JAM 0)
2026-10-03 21:05:31,052 [HID병목]   [21:04:10] M16HUB 정상(보고 268 미보고 2 JAM 0)
2026-10-03 21:06:21,079 [HID병목]   [21:05:00] M16HUB 정상(보고 268 미보고 2 JAM 0)
2026-10-03 21:07:11,027 [HID병목]   [21:05:50] M16HUB 정상(보고 270 미보고 0 JAM 0)
2026-10-03 21:08:01,145 [HID병목]   [21:06:40] M16HUB 정상(보고 270 미보고 0 JAM 0)
2026-10-03 21:08:51,055 [HID병목]   [21:07:30] M16HUB 정상(보고 270 미보고 0 JAM 0)
2026-10-03 21:09:42,328 [HID병목]   [21:08:20] M16HUB 정상(보고 269 미보고 1 JAM 0)
2026-10-03 21:10:31,136 [HID병목]   [21:09:10] M16HUB 정상(보고 268 미보고 2 JAM 0)
2026-10-03 21:11:21,059 [HID병목]   [21:10:00] M16HUB 정상(보고 268 미보고 2 JAM 0)
2026-10-03 21:12:11,025 [HID병목]   [21:10:50] M16HUB 정상(보고 268 미보고 2 JAM 0)
2026-10-03 21:13:01,078 [HID병목]   [21:11:40] M16HUB 정상(보고 269 미보고 1 JAM 0)
2026-10-03 21:13:51,031 [HID병목]   [21:12:30] M16HUB 정상(보고 269 미보고 1 JAM 0)
2026-10-03 21:14:41,067 [HID병목]   [21:13:20] M16HUB 정상(보고 270 미보고 0 JAM 0)
2026-10-03 21:15:31,979 [HID병목]   [21:14:10] M16HUB 정상(보고 270 미보고 0 JAM 0)
2026-10-03 21:16:21,074 [HID병목]   [21:15:00] M16HUB 정상(보고 270 미보고 0 JAM 0)
2026-10-03 21:17:11,068 [HID병목]   [21:15:50] M16HUB 정상(보고 269 미보고 1 JAM 0)
2026-10-03 21:18:01,050 [HID병목]   [21:16:40] M16HUB 정상(보고 269 미보고 1 JAM 0)
2026-10-03 21:18:51,073 [HID병목]   [21:17:30] M16HUB 정상(보고 269 미보고 1 JAM 0)
2026-10-03 21:19:41,016 [HID병목]   [21:18:20] M16HUB 정상(보고 269 미보고 1 JAM 0)
2026-10-03 21:20:31,126 [HID병목]   [21:19:10] M16HUB 정상(보고 269 미보고 1 JAM 0)
2026-10-03 21:21:21,074 [HID병목]   [21:20:00] M16HUB 정상(보고 269 미보고 1 JAM 0)
2026-10-03 21:22:11,064 [HID병목]   [21:20:50] M16HUB 정상(보고 269 미보고 1 JAM 0)
2026-10-03 21:23:01,082 [HID병목]   [21:21:40] M16HUB 정상(보고 269 미보고 1 JAM 0)
2026-10-03 21:23:51,072 [HID병목]   [21:22:30] M16HUB 정상(보고 269 미보고 1 JAM 0)
2026-10-03 21:24:41,066 [HID병목]   [21:23:20] M16HUB 정상(보고 269 미보고 1 JAM 0)
2026-10-03 21:25:31,023 [HID병목]   [21:24:10] M16HUB 정상(보고 269 미보고 1 JAM 0)
2026-10-03 21:26:21,272 [HID병목]   [21:25:00] M16HUB 정상(보고 269 미보고 1 JAM 0)
2026-10-03 21:27:11,074 [HID병목]   [21:25:50] M16HUB 정상(보고 269 미보고 1 JAM 0)
2026-10-03 21:28:01,099 [HID병목]   [21:26:40] M16HUB 정상(보고 269 미보고 1 JAM 0)
2026-10-03 21:28:51,075 [HID병목]   [21:27:30] M16HUB 정상(보고 269 미보고 1 JAM 0)
2026-10-03 21:29:41,066 [HID병목]   [21:28:20] M16HUB 정상(보고 269 미보고 1 JAM 0)
2026-10-03 21:30:32,087 [HID병목]   [21:29:10] M16HUB 정상(보고 269 미보고 1 JAM 0)
2026-10-03 21:31:21,075 [HID병목]   [21:30:00] M16HUB 정상(보고 269 미보고 1 JAM 0)
2026-10-03 21:32:11,075 [HID병목]   [21:30:50] M16HUB 정상(보고 269 미보고 1 JAM 0)
2026-10-03 21:33:01,086 [HID병목]   [21:31:40] M16HUB 정상(보고 269 미보고 1 JAM 0)
2026-10-03 21:33:51,074 [HID병목]   [21:32:30] M16HUB 정상(보고 269 미보고 1 JAM 0)
2026-10-03 21:34:43,537 [HID병목]   [21:33:20] M16HUB 정상(보고 269 미보고 1 JAM 0)
2026-10-03 21:35:31,025 [HID병목]   [21:34:10] M16HUB 정상(보고 269 미보고 1 JAM 0)
2026-10-03 21:36:21,077 [HID병목]   [21:35:00] M16HUB 정상(보고 269 미보고 1 JAM 0)
2026-10-03 21:37:11,078 [HID병목]   [21:35:50] M16HUB 정상(보고 269 미보고 1 JAM 0)
2026-10-03 21:38:01,082 [HID병목]   [21:36:40] M16HUB 정상(보고 270 미보고 0 JAM 0)
2026-10-03 21:38:51,072 [HID병목]   [21:37:30] M16HUB 정상(보고 270 미보고 0 JAM 0)
2026-10-03 21:39:41,046 [HID병목]   [21:38:20] M16HUB 정상(보고 270 미보고 0 JAM 0)
2026-10-03 21:40:31,074 [HID병목]   [21:39:10] M16HUB 정상(보고 270 미보고 0 JAM 0)
2026-10-03 21:41:21,673 [HID병목]   [21:40:00] M16HUB 정상(보고 270 미보고 0 JAM 0)
2026-10-03 21:42:11,076 [HID병목]   [21:40:50] M16HUB 정상(보고 270 미보고 0 JAM 0)
2026-10-03 21:43:01,079 [HID병목]   [21:41:40] M16HUB 정상(보고 270 미보고 0 JAM 0)
2026-10-03 21:43:51,074 [HID병목]   [21:42:30] M16HUB 정상(보고 270 미보고 0 JAM 0)
2026-10-03 21:44:41,038 [HID병목]   [21:43:20] M16HUB 정상(보고 270 미보고 0 JAM 0)
2026-10-03 21:45:31,046 [HID병목]   [21:44:10] M16HUB 정상(보고 270 미보고 0 JAM 0)
2026-10-03 21:46:21,031 [HID병목]   [21:45:00] M16HUB 정상(보고 270 미보고 0 JAM 0)
2026-10-03 21:47:11,077 [HID병목]   [21:45:50] M16HUB 정상(보고 270 미보고 0 JAM 0)
2026-10-03 21:48:01,061 [HID병목]   [21:46:40] M16HUB 정상(보고 270 미보고 0 JAM 0)
2026-10-03 21:48:51,037 [HID병목]   [21:47:30] M16HUB 정상(보고 270 미보고 0 JAM 0)
2026-10-03 21:49:41,472 [HID병목]   [21:48:20] M16HUB 정상(보고 270 미보고 0 JAM 0)
2026-10-03 21:50:31,073 [HID병목]   [21:49:10] M16HUB 정상(보고 270 미보고 0 JAM 0)
2026-10-03 21:51:21,160 [HID병목]   [21:50:00] M16HUB 정상(보고 270 미보고 0 JAM 0)
2026-10-03 21:52:11,075 [HID병목]   [21:50:50] M16HUB 정상(보고 270 미보고 0 JAM 0)
2026-10-03 21:53:01,254 [HID병목]   [21:51:40] M16HUB 정상(보고 270 미보고 0 JAM 0)
2026-10-03 21:53:51,051 [HID병목]   [21:52:30] M16HUB 정상(보고 270 미보고 0 JAM 0)
2026-10-03 21:54:41,018 [HID병목]   [21:53:20] M16HUB 정상(보고 270 미보고 0 JAM 0)
2026-10-03 21:55:31,025 [HID병목]   [21:54:10] M16HUB 정상(보고 270 미보고 0 JAM 0)
2026-10-03 21:56:21,929 [HID병목]   [21:55:00] M16HUB 정상(보고 269 미보고 1 JAM 0)
2026-10-03 21:57:11,036 [HID병목]   [21:55:50] M16HUB 정상(보고 269 미보고 1 JAM 0)
2026-10-03 21:58:01,091 [HID병목]   [21:56:40] M16HUB 정상(보고 269 미보고 1 JAM 0)
2026-10-03 21:58:51,027 [HID병목]   [21:57:30] M16HUB 정상(보고 270 미보고 0 JAM 0)
2026-10-03 21:59:41,019 [HID병목]   [21:58:20] M16HUB 정상(보고 270 미보고 0 JAM 0)
2026-10-03 22:00:31,075 [HID병목]   [21:59:10] M16HUB 정상(보고 270 미보고 0 JAM 0)
2026-10-03 22:01:21,218 [HID병목]   [22:00:00] M16HUB 정상(보고 270 미보고 0 JAM 0)
2026-10-03 22:02:11,076 [HID병목]   [22:00:50] M16HUB 정상(보고 270 미보고 0 JAM 0)
2026-10-03 22:03:01,031 [HID병목]   [22:01:40] M16HUB 정상(보고 270 미보고 0 JAM 0)
2026-10-03 22:03:51,073 [HID병목]   [22:02:30] M16HUB 정상(보고 270 미보고 0 JAM 0)
2026-10-03 22:04:41,028 [HID병목]   [22:03:20] M16HUB 정상(보고 270 미보고 0 JAM 0)
2026-10-03 22:05:31,095 [HID병목]   [22:04:10] M16HUB 정상(보고 270 미보고 0 JAM 0)
2026-10-03 22:06:21,072 [HID병목]   [22:05:00] M16HUB 정상(보고 270 미보고 0 JAM 0)
2026-10-03 22:07:11,075 [HID병목]   [22:05:50] M16HUB 정상(보고 269 미보고 1 JAM 0)
2026-10-03 22:08:01,121 [HID병목]   [22:06:40] M16HUB 정상(보고 269 미보고 1 JAM 0)
2026-10-03 22:08:51,074 [HID병목]   [22:07:30] M16HUB 정상(보고 269 미보고 1 JAM 0)
2026-10-03 22:09:43,227 [HID병목]   [22:08:20] M16HUB 정상(보고 270 미보고 0 JAM 0)
2026-10-03 22:10:31,026 [HID병목]   [22:09:10] M16HUB 정상(보고 270 미보고 0 JAM 0)
2026-10-03 22:11:21,030 [HID병목]   [22:10:00] M16HUB 정상(보고 270 미보고 0 JAM 0)
2026-10-03 22:12:11,030 [HID병목]   [22:10:50] M16HUB 정상(보고 270 미보고 0 JAM 0)
2026-10-03 22:13:01,061 [HID병목]   [22:11:40] M16HUB 정상(보고 269 미보고 1 JAM 0)
2026-10-03 22:13:51,035 [HID병목]   [22:12:30] M16HUB 정상(보고 269 미보고 1 JAM 0)
2026-10-03 22:14:41,051 [HID병목]   [22:13:20] M16HUB 정상(보고 269 미보고 1 JAM 0)
2026-10-03 22:15:31,844 [HID병목]   [22:14:10] M16HUB 정상(보고 270 미보고 0 JAM 0)
2026-10-03 22:16:21,033 [HID병목]   [22:15:00] M16HUB 정상(보고 270 미보고 0 JAM 0)
2026-10-03 22:17:11,083 [HID병목]   [22:15:50] M16HUB 정상(보고 270 미보고 0 JAM 0)
2026-10-03 22:18:01,086 [HID병목]   [22:16:40] M16HUB 정상(보고 270 미보고 0 JAM 0)
2026-10-03 22:18:51,074 [HID병목]   [22:17:30] M16HUB 정상(보고 270 미보고 0 JAM 0)
2026-10-03 22:19:41,065 [HID병목]   [22:18:20] M16HUB 정상(보고 270 미보고 0 JAM 0)
2026-10-03 22:20:32,157 [HID병목]   [22:19:10] M16HUB 정상(보고 270 미보고 0 JAM 0)
2026-10-03 22:21:22,608 [HID병목]   [22:20:00] M16HUB 정상(보고 270 미보고 0 JAM 0)
2026-10-03 22:22:11,026 [HID병목]   [22:20:50] M16HUB 정상(보고 270 미보고 0 JAM 0)
2026-10-03 22:23:01,087 [HID병목]   [22:21:40] M16HUB 정상(보고 270 미보고 0 JAM 0)
2026-10-03 22:23:51,073 [HID병목]   [22:22:30] M16HUB 정상(보고 270 미보고 0 JAM 0)
2026-10-03 22:24:41,024 [HID병목]   [22:23:20] M16HUB 정상(보고 270 미보고 0 JAM 0)
2026-10-03 22:25:31,074 [HID병목]   [22:24:10] M16HUB 정상(보고 270 미보고 0 JAM 0)
2026-10-03 22:26:21,067 [HID병목]   [22:25:00] M16HUB 정상(보고 270 미보고 0 JAM 0)
2026-10-03 22:27:11,077 [HID병목]   [22:25:50] M16HUB 정상(보고 270 미보고 0 JAM 0)
2026-10-03 22:28:01,081 [HID병목]   [22:26:40] M16HUB 정상(보고 270 미보고 0 JAM 0)
2026-10-03 22:28:51,032 [HID병목]   [22:27:30] M16HUB 정상(보고 270 미보고 0 JAM 0)
2026-10-03 22:29:41,071 [HID병목]   [22:28:20] M16HUB 정상(보고 270 미보고 0 JAM 0)
2026-10-03 22:30:31,032 [HID병목]   [22:29:10] M16HUB 정상(보고 270 미보고 0 JAM 0)
2026-10-03 22:31:21,548 [HID병목]   [22:30:00] M16HUB 정상(보고 270 미보고 0 JAM 0)
2026-10-03 22:32:11,077 [HID병목]   [22:30:50] M16HUB 정상(보고 270 미보고 0 JAM 0)
2026-10-03 22:33:01,036 [HID병목]   [22:31:40] M16HUB 정상(보고 270 미보고 0 JAM 0)
2026-10-03 22:33:51,058 [HID병목]   [22:32:30] M16HUB 정상(보고 270 미보고 0 JAM 0)
2026-10-03 22:34:41,037 [HID병목]   [22:33:20] M16HUB 정상(보고 270 미보고 0 JAM 0)
2026-10-03 22:35:31,024 [HID병목]   [22:34:10] M16HUB 정상(보고 270 미보고 0 JAM 0)
2026-10-03 22:36:21,025 [HID병목]   [22:35:00] M16HUB 정상(보고 269 미보고 1 JAM 0)
2026-10-03 22:37:11,076 [HID병목]   [22:35:50] M16HUB 정상(보고 269 미보고 1 JAM 0)
2026-10-03 22:38:01,107 [HID병목]   [22:36:40] M16HUB 정상(보고 269 미보고 1 JAM 0)
2026-10-03 22:38:51,073 [HID병목]   [22:37:30] M16HUB 정상(보고 270 미보고 0 JAM 0)
2026-10-03 22:39:41,067 [HID병목]   [22:38:20] M16HUB 정상(보고 270 미보고 0 JAM 0)
2026-10-03 22:40:32,242 [HID병목]   [22:39:10] M16HUB 정상(보고 270 미보고 0 JAM 0)
2026-10-03 22:41:21,073 [HID병목]   [22:40:00] M16HUB 정상(보고 270 미보고 0 JAM 0)
2026-10-03 22:42:11,078 [HID병목]   [22:40:50] M16HUB 정상(보고 270 미보고 0 JAM 0)
2026-10-03 22:43:01,038 [HID병목]   [22:41:40] M16HUB 정상(보고 270 미보고 0 JAM 0)
2026-10-03 22:43:51,071 [HID병목]   [22:42:30] M16HUB 정상(보고 270 미보고 0 JAM 0)
2026-10-03 22:44:41,544 [HID병목]   [22:43:20] M16HUB 정상(보고 270 미보고 0 JAM 0)
2026-10-03 22:45:31,087 [HID병목]   [22:44:10] M16HUB 정상(보고 270 미보고 0 JAM 0)
2026-10-03 22:46:21,041 [HID병목]   [22:45:00] M16HUB 정상(보고 270 미보고 0 JAM 0)
2026-10-03 22:47:11,028 [HID병목]   [22:45:50] M16HUB 정상(보고 270 미보고 0 JAM 0)
2026-10-03 22:48:01,042 [HID병목]   [22:46:40] M16HUB 정상(보고 270 미보고 0 JAM 0)
2026-10-03 22:48:51,048 [HID병목]   [22:47:30] M16HUB 정상(보고 270 미보고 0 JAM 0)
2026-10-03 22:49:41,066 [HID병목]   [22:48:20] M16HUB 정상(보고 270 미보고 0 JAM 0)
2026-10-03 22:50:31,076 [HID병목]   [22:49:10] M16HUB 정상(보고 270 미보고 0 JAM 0)
2026-10-03 22:51:21,035 [HID병목]   [22:50:00] M16HUB 정상(보고 270 미보고 0 JAM 0)
2026-10-03 22:52:11,067 [HID병목]   [22:50:50] M16HUB 정상(보고 270 미보고 0 JAM 0)
2026-10-03 22:53:01,085 [HID병목]   [22:51:40] M16HUB 정상(보고 270 미보고 0 JAM 0)
2026-10-03 22:53:51,063 [HID병목]   [22:52:30] M16HUB 정상(보고 270 미보고 0 JAM 0)
2026-10-03 22:54:41,066 [HID병목]   [22:53:20] M16HUB 정상(보고 270 미보고 0 JAM 0)
2026-10-03 22:55:31,097 [HID병목]   [22:54:10] M16HUB 정상(보고 270 미보고 0 JAM 0)
2026-10-03 22:56:21,788 [HID병목]   [22:55:00] M16HUB 정상(보고 269 미보고 1 JAM 0)
2026-10-03 22:57:11,074 [HID병목]   [22:55:50] M16HUB 정상(보고 269 미보고 1 JAM 0)
2026-10-03 22:58:01,174 [HID병목]   [22:56:40] M16HUB 정상(보고 269 미보고 1 JAM 0)
2026-10-03 22:58:51,064 [HID병목]   [22:57:30] M16HUB 정상(보고 266 미보고 4 JAM 6)
2026-10-03 22:59:41,066 [HID병목]   [22:58:20] M16HUB 정상(보고 270 미보고 0 JAM 3)
2026-10-03 23:00:31,036 [HID병목]   [22:59:10] M16HUB 정상(보고 270 미보고 0 JAM 0)
2026-10-03 23:01:21,055 [HID병목]   [23:00:00] M16HUB 정상(보고 270 미보고 0 JAM 0)
2026-10-03 23:02:11,075 [HID병목]   [23:00:50] M16HUB 정상(보고 270 미보고 0 JAM 0)
2026-10-03 23:03:01,081 [HID병목]   [23:01:40] M16HUB 정상(보고 269 미보고 1 JAM 11)
2026-10-03 23:03:51,041 [HID병목]   [23:02:30] M16HUB 정상(보고 270 미보고 0 JAM 1)
2026-10-03 23:04:41,058 [HID병목]   [23:03:20] M16HUB 정상(보고 267 미보고 3 JAM 0)
2026-10-03 23:05:31,033 [HID병목]   [23:04:10] M16HUB 정상(보고 270 미보고 0 JAM 0)
2026-10-03 23:06:21,076 [HID병목]   [23:05:00] M16HUB 정상(보고 270 미보고 0 JAM 0)
2026-10-03 23:07:11,065 [HID병목]   [23:05:50] M16HUB 정상(보고 270 미보고 0 JAM 0)
2026-10-03 23:08:01,152 [HID병목]   [23:06:40] M16HUB 정상(보고 270 미보고 0 JAM 0)
2026-10-03 23:08:51,063 [HID병목]   [23:07:30] M16HUB 정상(보고 270 미보고 0 JAM 0)
2026-10-03 23:09:41,059 [HID병목]   [23:08:20] M16HUB 정상(보고 270 미보고 0 JAM 0)
2026-10-03 23:10:32,561 [HID병목]   [23:09:10] M16HUB 정상(보고 270 미보고 0 JAM 4)
2026-10-03 23:11:21,074 [HID병목]   [23:10:00] M16HUB 정상(보고 270 미보고 0 JAM 5)
2026-10-03 23:12:11,078 [HID병목]   [23:10:50] M16HUB 정상(보고 270 미보고 0 JAM 0)
2026-10-03 23:13:01,039 [HID병목]   [23:11:40] M16HUB 정상(보고 270 미보고 0 JAM 0)
2026-10-03 23:13:51,076 [HID병목]   [23:12:30] M16HUB 정상(보고 270 미보고 0 JAM 0)
2026-10-03 23:14:41,027 [HID병목]   [23:13:20] M16HUB 정상(보고 270 미보고 0 JAM 0)
2026-10-03 23:15:31,295 [HID병목]   [23:14:10] M16HUB 정상(보고 270 미보고 0 JAM 0)
2026-10-03 23:16:21,155 [HID병목]   [23:15:00] M16HUB 정상(보고 270 미보고 0 JAM 0)
2026-10-03 23:17:11,051 [HID병목]   [23:15:50] M16HUB 정상(보고 270 미보고 0 JAM 0)
2026-10-03 23:18:01,088 [HID병목]   [23:16:40] M16HUB 정상(보고 270 미보고 0 JAM 0)
2026-10-03 23:18:51,056 [HID병목]   [23:17:30] M16HUB 정상(보고 270 미보고 0 JAM 0)
2026-10-03 23:19:41,070 [HID병목]   [23:18:20] M16HUB 정상(보고 270 미보고 0 JAM 0)
2026-10-03 23:20:32,269 [HID병목]   [23:19:10] M16HUB 정상(보고 270 미보고 0 JAM 0)
2026-10-03 23:21:22,371 [HID병목]   [23:20:00] M16HUB 정상(보고 269 미보고 1 JAM 0)
2026-10-03 23:22:11,074 [HID병목]   [23:20:50] M16HUB 정상(보고 269 미보고 1 JAM 0)
2026-10-03 23:23:01,111 [HID병목]   [23:21:40] M16HUB 정상(보고 269 미보고 1 JAM 0)
2026-10-03 23:23:51,073 [HID병목]   [23:22:30] M16HUB 정상(보고 270 미보고 0 JAM 0)
2026-10-03 23:24:41,066 [HID병목]   [23:23:20] M16HUB 정상(보고 270 미보고 0 JAM 0)
2026-10-03 23:25:31,030 [HID병목]   [23:24:10] M16HUB 정상(보고 270 미보고 0 JAM 0)
2026-10-03 23:26:21,075 [HID병목]   [23:25:00] M16HUB 정상(보고 270 미보고 0 JAM 0)
2026-10-03 23:27:11,064 [HID병목]   [23:25:50] M16HUB 정상(보고 269 미보고 1 JAM 0)
2026-10-03 23:28:01,067 [HID병목]   [23:26:40] M16HUB 정상(보고 269 미보고 1 JAM 0)
2026-10-03 23:28:51,076 [HID병목]   [23:27:30] M16HUB 정상(보고 269 미보고 1 JAM 0)
2026-10-03 23:29:42,380 [HID병목]   [23:28:20] M16HUB 정상(보고 270 미보고 0 JAM 0)
2026-10-03 23:30:31,073 [HID병목]   [23:29:10] M16HUB 정상(보고 270 미보고 0 JAM 0)
2026-10-03 23:31:21,076 [HID병목]   [23:30:00] M16HUB 정상(보고 270 미보고 0 JAM 0)
2026-10-03 23:32:11,065 [HID병목]   [23:30:50] M16HUB 정상(보고 270 미보고 0 JAM 0)
2026-10-03 23:33:01,072 [HID병목]   [23:31:40] M16HUB 정상(보고 270 미보고 0 JAM 0)
2026-10-03 23:33:51,077 [HID병목]   [23:32:30] M16HUB 정상(보고 270 미보고 0 JAM 0)
2026-10-03 23:34:44,217 [HID병목]   [23:33:20] M16HUB 정상(보고 270 미보고 0 JAM 0)
2026-10-03 23:35:31,074 [HID병목]   [23:34:10] M16HUB 정상(보고 270 미보고 0 JAM 0)
2026-10-03 23:36:21,114 [HID병목]   [23:35:00] M16HUB 정상(보고 270 미보고 0 JAM 0)
2026-10-03 23:37:11,076 [HID병목]   [23:35:50] M16HUB 정상(보고 270 미보고 0 JAM 0)
2026-10-03 23:38:01,037 [HID병목]   [23:36:40] M16HUB 정상(보고 270 미보고 0 JAM 0)
2026-10-03 23:38:53,771 [HID병목]   [23:37:30] M16HUB 정상(보고 270 미보고 0 JAM 0)
2026-10-03 23:39:41,049 [HID병목]   [23:38:20] M16HUB 정상(보고 270 미보고 0 JAM 0)
2026-10-03 23:40:31,074 [HID병목]   [23:39:10] M16HUB 정상(보고 270 미보고 0 JAM 0)
2026-10-03 23:41:21,229 [HID병목]   [23:40:00] M16HUB 정상(보고 270 미보고 0 JAM 0)
2026-10-03 23:42:11,059 [HID병목]   [23:40:50] M16HUB 정상(보고 270 미보고 0 JAM 0)
2026-10-03 23:43:01,229 [HID병목]   [23:41:40] M16HUB 정상(보고 270 미보고 0 JAM 0)
2026-10-03 23:43:51,057 [HID병목]   [23:42:30] M16HUB 정상(보고 269 미보고 1 JAM 0)
2026-10-03 23:44:41,014 [HID병목]   [23:43:20] M16HUB 정상(보고 269 미보고 1 JAM 0)
2026-10-03 23:45:31,052 [HID병목]   [23:44:10] M16HUB 정상(보고 269 미보고 1 JAM 0)
2026-10-03 23:46:21,076 [HID병목]   [23:45:00] M16HUB 정상(보고 270 미보고 0 JAM 0)
2026-10-03 23:47:11,074 [HID병목]   [23:45:50] M16HUB 정상(보고 270 미보고 0 JAM 0)
2026-10-03 23:48:01,082 [HID병목]   [23:46:40] M16HUB 정상(보고 270 미보고 0 JAM 0)
2026-10-03 23:48:51,078 [HID병목]   [23:47:30] M16HUB 정상(보고 270 미보고 0 JAM 0)
2026-10-03 23:49:41,016 [HID병목]   [23:48:20] M16HUB 정상(보고 269 미보고 1 JAM 0)
2026-10-03 23:50:31,224 [HID병목]   [23:49:10] M16HUB 정상(보고 269 미보고 1 JAM 0)
2026-10-03 23:51:21,075 [HID병목]   [23:50:00] M16HUB 정상(보고 269 미보고 1 JAM 0)
2026-10-03 23:52:11,074 [HID병목]   [23:50:50] M16HUB 정상(보고 270 미보고 0 JAM 0)
2026-10-03 23:53:01,065 [HID병목]   [23:51:40] M16HUB 정상(보고 270 미보고 0 JAM 0)
2026-10-03 23:53:51,077 [HID병목]   [23:52:30] M16HUB 정상(보고 270 미보고 0 JAM 0)
2026-10-03 23:54:41,018 [HID병목]   [23:53:20] M16HUB 정상(보고 269 미보고 1 JAM 0)
2026-10-03 23:55:31,035 [HID병목]   [23:54:10] M16HUB 정상(보고 269 미보고 1 JAM 0)
2026-10-03 23:56:21,059 [HID병목]   [23:55:00] M16HUB 정상(보고 269 미보고 1 JAM 0)
2026-10-03 23:57:11,074 [HID병목]   [23:55:50] M16HUB 정상(보고 270 미보고 0 JAM 0)
2026-10-03 23:58:01,082 [HID병목]   [23:56:40] M16HUB 정상(보고 270 미보고 0 JAM 0)
2026-10-03 23:58:51,079 [HID병목]   [23:57:30] M16HUB 정상(보고 270 미보고 0 JAM 0)
2026-10-03 23:59:41,067 [HID병목]   [23:58:20] M16HUB 정상(보고 270 미보고 0 JAM 0)
2026-10-04 00:00:31,074 [HID병목]   [23:59:10] M16HUB 정상(보고 270 미보고 0 JAM 0)
2026-10-04 00:01:21,026 [HID병목]   [00:00:00] M16HUB 정상(보고 270 미보고 0 JAM 0)
2026-10-04 00:02:11,077 [HID병목]   [00:00:50] M16HUB 정상(보고 270 미보고 0 JAM 0)
2026-10-04 00:03:01,119 [HID병목]   [00:01:40] M16HUB 정상(보고 270 미보고 0 JAM 0)
2026-10-04 00:03:51,086 [HID병목]   [00:02:30] M16HUB 정상(보고 270 미보고 0 JAM 0)
2026-10-04 00:04:41,064 [HID병목]   [00:03:20] M16HUB 정상(보고 270 미보고 0 JAM 0)
2026-10-04 00:05:31,043 [HID병목]   [00:04:10] M16HUB 정상(보고 270 미보고 0 JAM 0)
2026-10-04 00:06:21,076 [HID병목]   [00:05:00] M16HUB 정상(보고 270 미보고 0 JAM 0)
2026-10-04 00:07:11,104 [HID병목]   [00:05:50] M16HUB 정상(보고 270 미보고 0 JAM 0)
2026-10-04 00:08:01,074 [HID병목]   [00:06:40] M16HUB 정상(보고 270 미보고 0 JAM 0)
2026-10-04 00:08:51,078 [HID병목]   [00:07:30] M16HUB 정상(보고 270 미보고 0 JAM 0)
2026-10-04 00:09:41,771 [HID병목]   [00:08:20] M16HUB 정상(보고 270 미보고 0 JAM 0)
2026-10-04 00:10:31,026 [HID병목]   [00:09:10] M16HUB 정상(보고 270 미보고 0 JAM 0)
2026-10-04 00:11:21,041 [HID병목]   [00:10:00] M16HUB 정상(보고 270 미보고 0 JAM 0)
2026-10-04 00:12:11,076 [HID병목]   [00:10:50] M16HUB 정상(보고 270 미보고 0 JAM 0)
2026-10-04 00:13:01,057 [HID병목]   [00:11:40] M16HUB 정상(보고 270 미보고 0 JAM 0)
2026-10-04 00:13:51,047 [HID병목]   [00:12:30] M16HUB 정상(보고 270 미보고 0 JAM 0)
2026-10-04 00:14:41,311 [HID병목]   [00:13:20] M16HUB 정상(보고 270 미보고 0 JAM 0)
2026-10-04 00:15:31,023 [HID병목]   [00:14:10] M16HUB 정상(보고 270 미보고 0 JAM 0)
2026-10-04 00:16:21,198 [HID병목]   [00:15:00] M16HUB 정상(보고 270 미보고 0 JAM 0)
2026-10-04 00:17:11,108 [HID병목]   [00:15:50] M16HUB 정상(보고 270 미보고 0 JAM 0)
2026-10-04 00:18:01,082 [HID병목]   [00:16:40] M16HUB 정상(보고 270 미보고 0 JAM 0)
2026-10-04 00:18:51,058 [HID병목]   [00:17:30] M16HUB 정상(보고 270 미보고 0 JAM 0)
2026-10-04 00:19:41,032 [HID병목]   [00:18:20] M16HUB 정상(보고 270 미보고 0 JAM 0)
2026-10-04 00:20:31,073 [HID병목]   [00:19:10] M16HUB 정상(보고 270 미보고 0 JAM 0)
2026-10-04 00:21:21,024 [HID병목]   [00:20:00] M16HUB 정상(보고 270 미보고 0 JAM 0)
2026-10-04 00:22:11,093 [HID병목]   [00:20:50] M16HUB 정상(보고 270 미보고 0 JAM 0)
2026-10-04 00:23:01,073 [HID병목]   [00:21:40] M16HUB 정상(보고 270 미보고 0 JAM 0)
2026-10-04 00:23:51,081 [HID병목]   [00:22:30] M16HUB 정상(보고 269 미보고 1 JAM 0)
2026-10-04 00:24:42,344 [HID병목]   [00:23:20] M16HUB 정상(보고 269 미보고 1 JAM 0)
2026-10-04 00:25:31,082 [HID병목]   [00:24:10] M16HUB 정상(보고 269 미보고 1 JAM 0)
2026-10-04 00:26:21,589 [HID병목]   [00:25:00] M16HUB 정상(보고 270 미보고 0 JAM 0)
2026-10-04 00:27:11,112 [HID병목]   [00:25:50] M16HUB 정상(보고 270 미보고 0 JAM 0)
2026-10-04 00:28:01,205 [HID병목]   [00:26:40] M16HUB 정상(보고 270 미보고 0 JAM 0)
2026-10-04 00:28:51,074 [HID병목]   [00:27:30] M16HUB 정상(보고 270 미보고 0 JAM 0)
2026-10-04 00:29:41,594 [HID병목]   [00:28:20] M16HUB 정상(보고 270 미보고 0 JAM 0)
2026-10-04 00:30:31,024 [HID병목]   [00:29:10] M16HUB 정상(보고 270 미보고 0 JAM 0)
2026-10-04 00:31:21,171 [HID병목]   [00:30:00] M16HUB 정상(보고 270 미보고 0 JAM 0)
2026-10-04 00:32:11,074 [HID병목]   [00:30:50] M16HUB 정상(보고 270 미보고 0 JAM 0)
2026-10-04 00:33:01,077 [HID병목]   [00:31:40] M16HUB 정상(보고 270 미보고 0 JAM 0)
2026-10-04 00:33:51,028 [HID병목]   [00:32:30] M16HUB 정상(보고 270 미보고 0 JAM 0)
2026-10-04 00:34:41,051 [HID병목]   [00:33:20] M16HUB 정상(보고 270 미보고 0 JAM 0)
2026-10-04 00:35:31,539 [HID병목]   [00:34:10] M16HUB 정상(보고 270 미보고 0 JAM 0)
2026-10-04 00:36:21,076 [HID병목]   [00:35:00] M16HUB 정상(보고 269 미보고 1 JAM 0)
2026-10-04 00:37:11,077 [HID병목]   [00:35:50] M16HUB 정상(보고 269 미보고 1 JAM 0)
2026-10-04 00:38:01,075 [HID병목]   [00:36:40] M16HUB 정상(보고 269 미보고 1 JAM 0)
2026-10-04 00:38:51,045 [HID병목]   [00:37:30] M16HUB 정상(보고 270 미보고 0 JAM 0)
2026-10-04 00:39:41,064 [HID병목]   [00:38:20] M16HUB 정상(보고 270 미보고 0 JAM 0)
2026-10-04 00:40:31,053 [HID병목]   [00:39:10] M16HUB 정상(보고 270 미보고 0 JAM 0)
2026-10-04 00:41:21,061 [HID병목]   [00:40:00] M16HUB 정상(보고 270 미보고 0 JAM 0)
2026-10-04 00:42:11,033 [HID병목]   [00:40:50] M16HUB 정상(보고 270 미보고 0 JAM 0)
2026-10-04 00:43:01,090 [HID병목]   [00:41:40] M16HUB 정상(보고 270 미보고 0 JAM 0)
2026-10-04 00:43:51,061 [HID병목]   [00:42:30] M16HUB 정상(보고 270 미보고 0 JAM 0)
2026-10-04 00:44:41,065 [HID병목]   [00:43:20] M16HUB 정상(보고 269 미보고 1 JAM 0)
2026-10-04 00:45:31,044 [HID병목]   [00:44:10] M16HUB 정상(보고 269 미보고 1 JAM 0)
2026-10-04 00:46:21,032 [HID병목]   [00:45:00] M16HUB 정상(보고 269 미보고 1 JAM 0)
2026-10-04 00:47:11,033 [HID병목]   [00:45:50] M16HUB 정상(보고 270 미보고 0 JAM 0)
2026-10-04 00:48:01,114 [HID병목]   [00:46:40] M16HUB 정상(보고 270 미보고 0 JAM 0)
2026-10-04 00:48:51,074 [HID병목]   [00:47:30] M16HUB 정상(보고 270 미보고 0 JAM 0)
2026-10-04 00:49:41,064 [HID병목]   [00:48:20] M16HUB 정상(보고 270 미보고 0 JAM 0)
2026-10-04 00:50:31,079 [HID병목]   [00:49:10] M16HUB 정상(보고 270 미보고 0 JAM 0)
2026-10-04 00:51:21,091 [HID병목]   [00:50:00] M16HUB 정상(보고 270 미보고 0 JAM 0)
2026-10-04 00:52:11,066 [HID병목]   [00:50:50] M16HUB 정상(보고 270 미보고 0 JAM 0)
2026-10-04 00:53:01,096 [HID병목]   [00:51:40] M16HUB 정상(보고 270 미보고 0 JAM 0)
2026-10-04 00:53:51,023 [HID병목]   [00:52:30] M16HUB 정상(보고 269 미보고 1 JAM 0)
2026-10-04 00:54:41,125 [HID병목]   [00:53:20] M16HUB 정상(보고 269 미보고 1 JAM 0)
2026-10-04 00:55:31,073 [HID병목]   [00:54:10] M16HUB 정상(보고 269 미보고 1 JAM 0)
2026-10-04 00:56:21,086 [HID병목]   [00:55:00] M16HUB 정상(보고 270 미보고 0 JAM 0)
2026-10-04 00:57:11,076 [HID병목]   [00:55:50] M16HUB 정상(보고 270 미보고 0 JAM 0)
2026-10-04 00:58:01,077 [HID병목]   [00:56:40] M16HUB 정상(보고 270 미보고 0 JAM 0)
2026-10-04 00:58:51,039 [HID병목]   [00:57:30] M16HUB 정상(보고 270 미보고 0 JAM 0)
2026-10-04 00:59:41,067 [HID병목]   [00:58:20] M16HUB 정상(보고 270 미보고 0 JAM 0)
2026-10-04 01:00:31,074 [HID병목]   [00:59:10] M16HUB 정상(보고 270 미보고 0 JAM 0)
2026-10-04 01:01:21,170 [HID병목]   [01:00:00] M16HUB 정상(보고 270 미보고 0 JAM 0)
2026-10-04 01:02:11,076 [HID병목]   [01:00:50] M16HUB 정상(보고 270 미보고 0 JAM 0)
2026-10-04 01:03:01,072 [HID병목]   [01:01:40] M16HUB 정상(보고 270 미보고 0 JAM 0)
2026-10-04 01:03:51,065 [HID병목]   [01:02:30] M16HUB 정상(보고 270 미보고 0 JAM 0)
2026-10-04 01:04:41,069 [HID병목]   [01:03:20] M16HUB 정상(보고 270 미보고 0 JAM 0)
2026-10-04 01:05:31,027 [HID병목]   [01:04:10] M16HUB 정상(보고 270 미보고 0 JAM 0)
2026-10-04 01:06:21,075 [HID병목]   [01:05:00] M16HUB 정상(보고 270 미보고 0 JAM 0)
2026-10-04 01:07:11,051 [HID병목]   [01:05:50] M16HUB 정상(보고 270 미보고 0 JAM 0)
2026-10-04 01:08:01,081 [HID병목]   [01:06:40] M16HUB 정상(보고 270 미보고 0 JAM 0)
2026-10-04 01:08:51,064 [HID병목]   [01:07:30] M16HUB 정상(보고 270 미보고 0 JAM 0)
2026-10-04 01:09:41,082 [HID병목]   [01:08:20] M16HUB 정상(보고 270 미보고 0 JAM 0)
2026-10-04 01:10:31,059 [HID병목]   [01:09:10] M16HUB 정상(보고 270 미보고 0 JAM 0)
2026-10-04 01:11:21,078 [HID병목]   [01:10:00] M16HUB 정상(보고 270 미보고 0 JAM 0)
2026-10-04 01:12:11,074 [HID병목]   [01:10:50] M16HUB 정상(보고 270 미보고 0 JAM 0)
2026-10-04 01:13:01,066 [HID병목]   [01:11:40] M16HUB 정상(보고 270 미보고 0 JAM 0)
2026-10-04 01:13:51,155 [HID병목]   [01:12:30] M16HUB 정상(보고 270 미보고 0 JAM 0)
2026-10-04 01:14:41,015 [HID병목]   [01:13:20] M16HUB 정상(보고 270 미보고 0 JAM 0)
2026-10-04 01:15:31,042 [HID병목]   [01:14:10] M16HUB 정상(보고 270 미보고 0 JAM 0)
2026-10-04 01:16:21,026 [HID병목]   [01:15:00] M16HUB 정상(보고 270 미보고 0 JAM 0)
2026-10-04 01:17:11,075 [HID병목]   [01:15:50] M16HUB 정상(보고 270 미보고 0 JAM 0)
2026-10-04 01:18:01,045 [HID병목]   [01:16:40] M16HUB 정상(보고 270 미보고 0 JAM 0)
2026-10-04 01:18:51,073 [HID병목]   [01:17:30] M16HUB 정상(보고 270 미보고 0 JAM 0)
2026-10-04 01:19:42,005 [HID병목]   [01:18:20] M16HUB 정상(보고 270 미보고 0 JAM 0)
2026-10-04 01:20:31,072 [HID병목]   [01:19:10] M16HUB 정상(보고 270 미보고 0 JAM 0)
2026-10-04 01:21:21,055 [HID병목]   [01:20:00] M16HUB 정상(보고 270 미보고 0 JAM 0)
2026-10-04 01:22:11,075 [HID병목]   [01:20:50] M16HUB 정상(보고 269 미보고 1 JAM 0)
2026-10-04 01:23:01,084 [HID병목]   [01:21:40] M16HUB 정상(보고 269 미보고 1 JAM 0)
2026-10-04 01:23:51,054 [HID병목]   [01:22:30] M16HUB 정상(보고 269 미보고 1 JAM 0)
2026-10-04 01:24:43,740 [HID병목]   [01:23:20] M16HUB 정상(보고 270 미보고 0 JAM 0)
2026-10-04 01:25:31,070 [HID병목]   [01:24:10] M16HUB 정상(보고 270 미보고 0 JAM 0)
2026-10-04 01:26:21,201 [HID병목]   [01:25:00] M16HUB 정상(보고 270 미보고 0 JAM 0)
2026-10-04 01:27:11,075 [HID병목]   [01:25:50] M16HUB 정상(보고 270 미보고 0 JAM 0)
2026-10-04 01:28:01,091 [HID병목]   [01:26:40] M16HUB 정상(보고 270 미보고 0 JAM 0)
2026-10-04 01:28:51,031 [HID병목]   [01:27:30] M16HUB 정상(보고 270 미보고 0 JAM 0)
2026-10-04 01:29:41,067 [HID병목]   [01:28:20] M16HUB 정상(보고 269 미보고 1 JAM 0)
2026-10-04 01:30:31,063 [HID병목]   [01:29:10] M16HUB 정상(보고 269 미보고 1 JAM 0)
2026-10-04 01:31:21,077 [HID병목]   [01:30:00] M16HUB 정상(보고 269 미보고 1 JAM 0)
2026-10-04 01:32:11,031 [HID병목]   [01:30:50] M16HUB 정상(보고 270 미보고 0 JAM 0)
2026-10-04 01:33:01,084 [HID병목]   [01:31:40] M16HUB 정상(보고 270 미보고 0 JAM 0)
2026-10-04 01:33:51,076 [HID병목]   [01:32:30] M16HUB 정상(보고 270 미보고 0 JAM 0)
2026-10-04 01:34:41,080 [HID병목]   [01:33:20] M16HUB 정상(보고 270 미보고 0 JAM 0)
2026-10-04 01:35:33,004 [HID병목]   [01:34:10] M16HUB 정상(보고 270 미보고 0 JAM 0)
2026-10-04 01:36:22,736 [HID병목]   [01:35:00] M16HUB 정상(보고 270 미보고 0 JAM 0)
2026-10-04 01:37:11,048 [HID병목]   [01:35:50] M16HUB 정상(보고 270 미보고 0 JAM 0)
2026-10-04 01:38:01,080 [HID병목]   [01:36:40] M16HUB 정상(보고 270 미보고 0 JAM 0)
2026-10-04 01:38:51,071 [HID병목]   [01:37:30] M16HUB 정상(보고 270 미보고 0 JAM 0)
2026-10-04 01:39:41,043 [HID병목]   [01:38:20] M16HUB 정상(보고 270 미보고 0 JAM 0)
2026-10-04 01:40:31,359 [HID병목]   [01:39:10] M16HUB 정상(보고 270 미보고 0 JAM 0)
2026-10-04 01:41:21,065 [HID병목]   [01:40:00] M16HUB 정상(보고 270 미보고 0 JAM 0)
2026-10-04 01:42:11,052 [HID병목]   [01:40:50] M16HUB 정상(보고 270 미보고 0 JAM 0)
2026-10-04 01:43:01,080 [HID병목]   [01:41:40] M16HUB 정상(보고 270 미보고 0 JAM 0)
2026-10-04 01:43:51,035 [HID병목]   [01:42:30] M16HUB 정상(보고 270 미보고 0 JAM 1)
2026-10-04 01:44:41,065 [HID병목]   [01:43:20] M16HUB 정상(보고 270 미보고 0 JAM 0)
2026-10-04 01:45:32,239 [HID병목]   [01:44:10] M16HUB 정상(보고 270 미보고 0 JAM 0)
2026-10-04 01:46:21,074 [HID병목]   [01:45:00] M16HUB 정상(보고 269 미보고 1 JAM 0)
2026-10-04 01:47:11,053 [HID병목]   [01:45:50] M16HUB 정상(보고 269 미보고 1 JAM 0)
2026-10-04 01:48:01,060 [HID병목]   [01:46:40] M16HUB 정상(보고 269 미보고 1 JAM 0)
2026-10-04 01:48:51,025 [HID병목]   [01:47:30] M16HUB 정상(보고 270 미보고 0 JAM 0)
2026-10-04 01:49:41,065 [HID병목]   [01:48:20] M16HUB 정상(보고 270 미보고 0 JAM 0)
2026-10-04 01:50:31,794 [HID병목]   [01:49:10] M16HUB 정상(보고 270 미보고 0 JAM 0)
2026-10-04 01:51:21,048 [HID병목]   [01:50:00] M16HUB 정상(보고 270 미보고 0 JAM 0)
2026-10-04 01:52:11,068 [HID병목]   [01:50:50] M16HUB 정상(보고 270 미보고 0 JAM 0)
2026-10-04 01:53:01,141 [HID병목]   [01:51:40] M16HUB 정상(보고 270 미보고 0 JAM 0)
2026-10-04 01:53:51,058 [HID병목]   [01:52:30] M16HUB 정상(보고 270 미보고 0 JAM 0)
2026-10-04 01:54:41,059 [HID병목]   [01:53:20] M16HUB 정상(보고 270 미보고 0 JAM 0)
2026-10-04 01:55:31,797 [HID병목]   [01:54:10] M16HUB 정상(보고 270 미보고 0 JAM 0)
2026-10-04 01:56:21,370 [HID병목]   [01:55:00] M16HUB 정상(보고 270 미보고 0 JAM 0)
2026-10-04 01:57:11,076 [HID병목]   [01:55:50] M16HUB 정상(보고 270 미보고 0 JAM 0)
2026-10-04 01:58:01,076 [HID병목]   [01:56:40] M16HUB 정상(보고 270 미보고 0 JAM 0)
2026-10-04 01:58:51,075 [HID병목]   [01:57:30] M16HUB 정상(보고 270 미보고 0 JAM 0)
2026-10-04 01:59:41,066 [HID병목]   [01:58:20] M16HUB 정상(보고 270 미보고 0 JAM 0)
2026-10-04 02:00:31,077 [HID병목]   [01:59:10] M16HUB 정상(보고 270 미보고 0 JAM 0)
2026-10-04 02:01:21,078 [HID병목]   [02:00:00] M16HUB 정상(보고 270 미보고 0 JAM 0)
2026-10-04 02:02:11,060 [HID병목]   [02:00:50] M16HUB 정상(보고 270 미보고 0 JAM 0)
2026-10-04 02:03:01,071 [HID병목]   [02:01:40] M16HUB 정상(보고 270 미보고 0 JAM 0)
2026-10-04 02:03:51,025 [HID병목]   [02:02:30] M16HUB 정상(보고 270 미보고 0 JAM 0)
2026-10-04 02:04:41,018 [HID병목]   [02:03:20] M16HUB 정상(보고 270 미보고 0 JAM 0)
2026-10-04 02:05:31,035 [HID병목]   [02:04:10] M16HUB 정상(보고 270 미보고 0 JAM 0)
2026-10-04 02:06:21,025 [HID병목]   [02:05:00] M16HUB 정상(보고 269 미보고 1 JAM 0)
2026-10-04 02:07:11,053 [HID병목]   [02:05:50] M16HUB 정상(보고 269 미보고 1 JAM 0)
2026-10-04 02:08:01,098 [HID병목]   [02:06:40] M16HUB 정상(보고 269 미보고 1 JAM 0)
2026-10-04 02:08:51,054 [HID병목]   [02:07:30] M16HUB 정상(보고 270 미보고 0 JAM 0)
2026-10-04 02:09:41,039 [HID병목]   [02:08:20] M16HUB 정상(보고 270 미보고 0 JAM 0)
2026-10-04 02:10:31,053 [HID병목]   [02:09:10] M16HUB 정상(보고 270 미보고 0 JAM 0)
2026-10-04 02:11:21,770 [HID병목]   [02:10:00] M16HUB 정상(보고 270 미보고 0 JAM 0)
2026-10-04 02:12:11,073 [HID병목]   [02:10:50] M16HUB 정상(보고 270 미보고 0 JAM 0)
2026-10-04 02:13:01,082 [HID병목]   [02:11:40] M16HUB 정상(보고 270 미보고 0 JAM 0)
2026-10-04 02:13:51,032 [HID병목]   [02:12:30] M16HUB 정상(보고 270 미보고 0 JAM 0)
2026-10-04 02:14:41,017 [HID병목]   [02:13:20] M16HUB 정상(보고 270 미보고 0 JAM 0)
2026-10-04 02:15:31,041 [HID병목]   [02:14:10] M16HUB 정상(보고 270 미보고 0 JAM 0)
2026-10-04 02:16:21,489 [HID병목]   [02:15:00] M16HUB 정상(보고 270 미보고 0 JAM 0)
2026-10-04 02:17:11,065 [HID병목]   [02:15:50] M16HUB 정상(보고 269 미보고 1 JAM 0)
2026-10-04 02:18:01,074 [HID병목]   [02:16:40] M16HUB 정상(보고 269 미보고 1 JAM 0)
2026-10-04 02:18:51,070 [HID병목]   [02:17:30] M16HUB 정상(보고 269 미보고 1 JAM 0)
2026-10-04 02:19:43,203 [HID병목]   [02:18:20] M16HUB 정상(보고 270 미보고 0 JAM 0)
2026-10-04 02:20:31,071 [HID병목]   [02:19:10] M16HUB 정상(보고 270 미보고 0 JAM 0)
2026-10-04 02:21:21,075 [HID병목]   [02:20:00] M16HUB 정상(보고 270 미보고 0 JAM 0)
2026-10-04 02:22:11,073 [HID병목]   [02:20:50] M16HUB 정상(보고 270 미보고 0 JAM 0)
2026-10-04 02:23:01,176 [HID병목]   [02:21:40] M16HUB 정상(보고 270 미보고 0 JAM 0)
2026-10-04 02:23:51,065 [HID병목]   [02:22:30] M16HUB 정상(보고 270 미보고 0 JAM 0)
2026-10-04 02:24:41,015 [HID병목]   [02:23:20] M16HUB 정상(보고 270 미보고 0 JAM 0)
2026-10-04 02:25:31,074 [HID병목]   [02:24:10] M16HUB 정상(보고 270 미보고 0 JAM 0)
2026-10-04 02:26:22,893 [HID병목]   [02:25:00] M16HUB 정상(보고 270 미보고 0 JAM 0)
2026-10-04 02:27:11,028 [HID병목]   [02:25:50] M16HUB 정상(보고 270 미보고 0 JAM 0)
2026-10-04 02:28:01,069 [HID병목]   [02:26:40] M16HUB 정상(보고 270 미보고 0 JAM 0)
2026-10-04 02:28:51,024 [HID병목]   [02:27:30] M16HUB 정상(보고 270 미보고 0 JAM 0)
2026-10-04 02:29:41,075 [HID병목]   [02:28:20] M16HUB 정상(보고 270 미보고 0 JAM 0)
2026-10-04 02:30:31,533 [HID병목]   [02:29:10] M16HUB 정상(보고 269 미보고 1 JAM 0)
2026-10-04 02:31:21,060 [HID병목]   [02:30:00] M16HUB 정상(보고 269 미보고 1 JAM 0)
2026-10-04 02:32:11,033 [HID병목]   [02:30:50] M16HUB 정상(보고 269 미보고 1 JAM 0)
2026-10-04 02:33:01,083 [HID병목]   [02:31:40] M16HUB 정상(보고 270 미보고 0 JAM 0)
2026-10-04 02:33:51,074 [HID병목]   [02:32:30] M16HUB 정상(보고 270 미보고 0 JAM 0)
2026-10-04 02:34:41,065 [HID병목]   [02:33:20] M16HUB 정상(보고 270 미보고 0 JAM 0)
2026-10-04 02:35:31,073 [HID병목]   [02:34:10] M16HUB 정상(보고 270 미보고 0 JAM 0)
2026-10-04 02:36:21,074 [HID병목]   [02:35:00] M16HUB 정상(보고 270 미보고 0 JAM 0)
2026-10-04 02:37:11,044 [HID병목]   [02:35:50] M16HUB 정상(보고 270 미보고 0 JAM 0)
2026-10-04 02:38:01,083 [HID병목]   [02:36:40] M16HUB 정상(보고 270 미보고 0 JAM 0)
2026-10-04 02:38:51,072 [HID병목]   [02:37:30] M16HUB 정상(보고 270 미보고 0 JAM 0)
2026-10-04 02:39:41,065 [HID병목]   [02:38:20] M16HUB 정상(보고 269 미보고 1 JAM 0)
2026-10-04 02:40:31,333 [HID병목]   [02:39:10] M16HUB 정상(보고 269 미보고 1 JAM 0)
2026-10-04 02:41:21,033 [HID병목]   [02:40:00] M16HUB 정상(보고 269 미보고 1 JAM 0)
2026-10-04 02:42:11,033 [HID병목]   [02:40:50] M16HUB 정상(보고 270 미보고 0 JAM 0)
2026-10-04 02:43:01,041 [HID병목]   [02:41:40] M16HUB 정상(보고 270 미보고 0 JAM 0)
2026-10-04 02:43:51,061 [HID병목]   [02:42:30] M16HUB 정상(보고 270 미보고 0 JAM 0)
2026-10-04 02:44:41,024 [HID병목]   [02:43:20] M16HUB 정상(보고 270 미보고 0 JAM 0)
2026-10-04 02:45:31,039 [HID병목]   [02:44:10] M16HUB 정상(보고 269 미보고 1 JAM 0)
2026-10-04 02:46:21,074 [HID병목]   [02:45:00] M16HUB 정상(보고 269 미보고 1 JAM 0)
2026-10-04 02:47:11,075 [HID병목]   [02:45:50] M16HUB 정상(보고 269 미보고 1 JAM 0)
2026-10-04 02:48:01,053 [HID병목]   [02:46:40] M16HUB 정상(보고 270 미보고 0 JAM 0)
2026-10-04 02:48:51,048 [HID병목]   [02:47:30] M16HUB 정상(보고 270 미보고 0 JAM 0)
2026-10-04 02:49:41,239 [HID병목]   [02:48:20] M16HUB 정상(보고 270 미보고 0 JAM 0)
2026-10-04 02:50:31,031 [HID병목]   [02:49:10] M16HUB 정상(보고 270 미보고 0 JAM 0)
2026-10-04 02:51:21,075 [HID병목]   [02:50:00] M16HUB 정상(보고 270 미보고 0 JAM 0)
2026-10-04 02:52:11,091 [HID병목]   [02:50:50] M16HUB 정상(보고 270 미보고 0 JAM 0)
2026-10-04 02:53:01,088 [HID병목]   [02:51:40] M16HUB 정상(보고 267 미보고 3 JAM 0)
2026-10-04 02:53:51,056 [HID병목]   [02:52:30] M16HUB 정상(보고 270 미보고 0 JAM 2)
2026-10-04 02:54:42,169 [HID병목]   [02:53:20] M16HUB 정상(보고 270 미보고 0 JAM 0)
2026-10-04 02:55:31,073 [HID병목]   [02:54:10] M16HUB 정상(보고 270 미보고 0 JAM 0)
2026-10-04 02:56:21,277 [HID병목]   [02:55:00] M16HUB 정상(보고 270 미보고 0 JAM 0)
2026-10-04 02:57:11,036 [HID병목]   [02:55:50] M16HUB 정상(보고 270 미보고 0 JAM 0)
2026-10-04 02:58:01,082 [HID병목]   [02:56:40] M16HUB 정상(보고 270 미보고 0 JAM 0)
2026-10-04 02:58:51,058 [HID병목]   [02:57:30] M16HUB 정상(보고 270 미보고 0 JAM 0)
2026-10-04 02:59:41,057 [HID병목]   [02:58:20] M16HUB 정상(보고 270 미보고 0 JAM 0)
2026-10-04 03:00:31,713 [HID병목]   [02:59:10] M16HUB 정상(보고 270 미보고 0 JAM 0)
2026-10-04 03:01:21,067 [HID병목]   [03:00:00] M16HUB 정상(보고 270 미보고 0 JAM 0)
2026-10-04 03:02:11,075 [HID병목]   [03:00:50] M16HUB 정상(보고 270 미보고 0 JAM 0)
2026-10-04 03:03:01,034 [HID병목]   [03:01:40] M16HUB 정상(보고 270 미보고 0 JAM 0)
2026-10-04 03:03:51,075 [HID병목]   [03:02:30] M16HUB 정상(보고 270 미보고 0 JAM 0)
2026-10-04 03:04:41,034 [HID병목]   [03:03:20] M16HUB 정상(보고 270 미보고 0 JAM 0)
2026-10-04 03:05:31,092 [HID병목]   [03:04:10] M16HUB 정상(보고 270 미보고 0 JAM 0)
2026-10-04 03:06:21,429 [HID병목]   [03:05:00] M16HUB 정상(보고 269 미보고 1 JAM 0)
2026-10-04 03:07:11,075 [HID병목]   [03:05:50] M16HUB 정상(보고 269 미보고 1 JAM 0)
2026-10-04 03:08:01,077 [HID병목]   [03:06:40] M16HUB 정상(보고 269 미보고 1 JAM 0)
2026-10-04 03:08:51,052 [HID병목]   [03:07:30] M16HUB 정상(보고 270 미보고 0 JAM 0)
2026-10-04 03:09:41,066 [HID병목]   [03:08:20] M16HUB 정상(보고 270 미보고 0 JAM 0)
2026-10-04 03:10:31,796 [HID병목]   [03:09:10] M16HUB 정상(보고 270 미보고 0 JAM 0)
2026-10-04 03:11:21,073 [HID병목]   [03:10:00] M16HUB 정상(보고 270 미보고 0 JAM 0)
2026-10-04 03:12:11,075 [HID병목]   [03:10:50] M16HUB 정상(보고 270 미보고 0 JAM 0)
2026-10-04 03:13:01,216 [HID병목]   [03:11:40] M16HUB 정상(보고 270 미보고 0 JAM 0)
2026-10-04 03:13:51,049 [HID병목]   [03:12:30] M16HUB 정상(보고 270 미보고 0 JAM 0)
2026-10-04 03:14:41,023 [HID병목]   [03:13:20] M16HUB 정상(보고 270 미보고 0 JAM 0)
2026-10-04 03:15:32,858 [HID병목]   [03:14:10] M16HUB 정상(보고 270 미보고 0 JAM 0)
2026-10-04 03:16:21,051 [HID병목]   [03:15:00] M16HUB 정상(보고 270 미보고 0 JAM 0)
2026-10-04 03:17:11,066 [HID병목]   [03:15:50] M16HUB 정상(보고 270 미보고 0 JAM 0)
2026-10-04 03:18:01,133 [HID병목]   [03:16:40] M16HUB 정상(보고 270 미보고 0 JAM 0)
2026-10-04 03:18:51,074 [HID병목]   [03:17:30] M16HUB 정상(보고 270 미보고 0 JAM 0)
2026-10-04 03:19:41,126 [HID병목]   [03:18:20] M16HUB 정상(보고 270 미보고 0 JAM 0)
2026-10-04 03:20:31,073 [HID병목]   [03:19:10] M16HUB 정상(보고 270 미보고 0 JAM 0)
2026-10-04 03:21:21,088 [HID병목]   [03:20:00] M16HUB 정상(보고 270 미보고 0 JAM 0)
2026-10-04 03:22:11,027 [HID병목]   [03:20:50] M16HUB 정상(보고 270 미보고 0 JAM 0)
2026-10-04 03:23:01,032 [HID병목]   [03:21:40] M16HUB 정상(보고 269 미보고 1 JAM 0)
2026-10-04 03:23:51,061 [HID병목]   [03:22:30] M16HUB 정상(보고 269 미보고 1 JAM 0)
2026-10-04 03:24:41,018 [HID병목]   [03:23:20] M16HUB 정상(보고 269 미보고 1 JAM 0)
2026-10-04 03:25:31,023 [HID병목]   [03:24:10] M16HUB 정상(보고 270 미보고 0 JAM 0)
2026-10-04 03:26:21,159 [HID병목]   [03:25:00] M16HUB 정상(보고 270 미보고 0 JAM 0)
2026-10-04 03:27:11,074 [HID병목]   [03:25:50] M16HUB 정상(보고 270 미보고 0 JAM 0)
2026-10-04 03:28:01,166 [HID병목]   [03:26:40] M16HUB 정상(보고 270 미보고 0 JAM 0)
2026-10-04 03:28:51,051 [HID병목]   [03:27:30] M16HUB 정상(보고 270 미보고 0 JAM 0)
2026-10-04 03:29:43,215 [HID병목]   [03:28:20] M16HUB 정상(보고 270 미보고 0 JAM 0)
2026-10-04 03:30:31,073 [HID병목]   [03:29:10] M16HUB 정상(보고 270 미보고 0 JAM 0)
2026-10-04 03:31:21,822 [HID병목]   [03:30:00] M16HUB 정상(보고 270 미보고 0 JAM 0)
2026-10-04 03:32:11,081 [HID병목]   [03:30:50] M16HUB 정상(보고 270 미보고 0 JAM 0)
2026-10-04 03:33:01,109 [HID병목]   [03:31:40] M16HUB 정상(보고 270 미보고 0 JAM 0)
2026-10-04 03:33:51,075 [HID병목]   [03:32:30] M16HUB 정상(보고 270 미보고 0 JAM 0)
2026-10-04 03:34:41,045 [HID병목]   [03:33:20] M16HUB 정상(보고 270 미보고 0 JAM 0)
2026-10-04 03:35:32,104 [HID병목]   [03:34:10] M16HUB 정상(보고 270 미보고 0 JAM 0)
2026-10-04 03:36:21,068 [HID병목]   [03:35:00] M16HUB 정상(보고 270 미보고 0 JAM 0)
2026-10-04 03:37:11,044 [HID병목]   [03:35:50] M16HUB 정상(보고 270 미보고 0 JAM 0)
2026-10-04 03:38:01,082 [HID병목]   [03:36:40] M16HUB 정상(보고 270 미보고 0 JAM 0)
2026-10-04 03:38:51,064 [HID병목]   [03:37:30] M16HUB 정상(보고 270 미보고 0 JAM 0)
2026-10-04 03:39:41,067 [HID병목]   [03:38:20] M16HUB 정상(보고 270 미보고 0 JAM 0)
2026-10-04 03:40:31,083 [HID병목]   [03:39:10] M16HUB 정상(보고 270 미보고 0 JAM 0)
2026-10-04 03:41:21,478 [HID병목]   [03:40:00] M16HUB 정상(보고 270 미보고 0 JAM 0)
2026-10-04 03:42:11,075 [HID병목]   [03:40:50] M16HUB 정상(보고 270 미보고 0 JAM 0)
2026-10-04 03:43:01,068 [HID병목]   [03:41:40] M16HUB 정상(보고 270 미보고 0 JAM 0)
2026-10-04 03:43:51,032 [HID병목]   [03:42:30] M16HUB 정상(보고 270 미보고 0 JAM 7)
2026-10-04 03:44:44,412 [HID병목]   [03:43:20] M16HUB 정상(보고 270 미보고 0 JAM 0)
2026-10-04 03:45:31,070 [HID병목]   [03:44:10] M16HUB 정상(보고 270 미보고 0 JAM 0)
2026-10-04 03:46:21,077 [HID병목]   [03:45:00] M16HUB 정상(보고 270 미보고 0 JAM 0)
2026-10-04 03:47:11,078 [HID병목]   [03:45:50] M16HUB 정상(보고 270 미보고 0 JAM 0)
2026-10-04 03:48:01,067 [HID병목]   [03:46:40] M16HUB 정상(보고 270 미보고 0 JAM 0)
2026-10-04 03:48:51,033 [HID병목]   [03:47:30] M16HUB 정상(보고 269 미보고 1 JAM 0)
2026-10-04 03:49:41,066 [HID병목]   [03:48:20] M16HUB 정상(보고 270 미보고 0 JAM 0)
2026-10-04 03:50:31,075 [HID병목]   [03:49:10] M16HUB 정상(보고 270 미보고 0 JAM 0)
2026-10-04 03:51:21,076 [HID병목]   [03:50:00] M16HUB 정상(보고 270 미보고 0 JAM 0)
2026-10-04 03:52:11,052 [HID병목]   [03:50:50] M16HUB 정상(보고 270 미보고 0 JAM 0)
2026-10-04 03:53:01,032 [HID병목]   [03:51:40] M16HUB 정상(보고 270 미보고 0 JAM 0)
2026-10-04 03:53:51,046 [HID병목]   [03:52:30] M16HUB 정상(보고 270 미보고 0 JAM 0)
2026-10-04 03:54:41,065 [HID병목]   [03:53:20] M16HUB 정상(보고 269 미보고 1 JAM 0)
2026-10-04 03:55:31,075 [HID병목]   [03:54:10] M16HUB 정상(보고 269 미보고 1 JAM 0)
2026-10-04 03:56:21,076 [HID병목]   [03:55:00] M16HUB 정상(보고 269 미보고 1 JAM 0)
2026-10-04 03:57:11,092 [HID병목]   [03:55:50] M16HUB 정상(보고 270 미보고 0 JAM 0)
2026-10-04 03:58:01,088 [HID병목]   [03:56:40] M16HUB 정상(보고 270 미보고 0 JAM 0)
2026-10-04 03:58:51,075 [HID병목]   [03:57:30] M16HUB 정상(보고 270 미보고 0 JAM 0)
2026-10-04 03:59:41,045 [HID병목]   [03:58:20] M16HUB 정상(보고 270 미보고 0 JAM 0)
2026-10-04 04:00:31,066 [HID병목]   [03:59:10] M16HUB 정상(보고 270 미보고 0 JAM 0)
2026-10-04 04:01:21,206 [HID병목]   [04:00:00] M16HUB 정상(보고 270 미보고 0 JAM 0)
2026-10-04 04:02:11,076 [HID병목]   [04:00:50] M16HUB 정상(보고 270 미보고 0 JAM 0)
2026-10-04 04:03:01,045 [HID병목]   [04:01:40] M16HUB 정상(보고 270 미보고 0 JAM 0)
2026-10-04 04:03:51,080 [HID병목]   [04:02:30] M16HUB 정상(보고 270 미보고 0 JAM 0)
2026-10-04 04:04:41,306 [HID병목]   [04:03:20] M16HUB 정상(보고 270 미보고 0 JAM 0)
2026-10-04 04:05:31,032 [HID병목]   [04:04:10] M16HUB 정상(보고 270 미보고 0 JAM 0)
2026-10-04 04:06:21,418 [HID병목]   [04:05:00] M16HUB 정상(보고 270 미보고 0 JAM 0)
2026-10-04 04:07:11,078 [HID병목]   [04:05:50] M16HUB 정상(보고 270 미보고 0 JAM 0)
2026-10-04 04:08:01,109 [HID병목]   [04:06:40] M16HUB 정상(보고 270 미보고 0 JAM 0)
2026-10-04 04:08:51,036 [HID병목]   [04:07:30] M16HUB 정상(보고 270 미보고 0 JAM 0)
2026-10-04 04:09:41,035 [HID병목]   [04:08:20] M16HUB 정상(보고 270 미보고 0 JAM 0)
2026-10-04 04:10:31,074 [HID병목]   [04:09:10] M16HUB 정상(보고 270 미보고 0 JAM 0)
2026-10-04 04:11:21,045 [HID병목]   [04:10:00] M16HUB 정상(보고 270 미보고 0 JAM 0)
2026-10-04 04:12:11,076 [HID병목]   [04:10:50] M16HUB 정상(보고 270 미보고 0 JAM 0)
2026-10-04 04:13:01,073 [HID병목]   [04:11:40] M16HUB 정상(보고 270 미보고 0 JAM 0)
2026-10-04 04:13:51,074 [HID병목]   [04:12:30] M16HUB 정상(보고 270 미보고 0 JAM 0)
2026-10-04 04:14:42,102 [HID병목]   [04:13:20] M16HUB 정상(보고 270 미보고 0 JAM 0)
2026-10-04 04:15:31,055 [HID병목]   [04:14:10] M16HUB 정상(보고 270 미보고 0 JAM 0)
2026-10-04 04:16:21,050 [HID병목]   [04:15:00] M16HUB 정상(보고 270 미보고 0 JAM 0)
2026-10-04 04:17:11,052 [HID병목]   [04:15:50] M16HUB 정상(보고 269 미보고 1 JAM 0)
2026-10-04 04:18:01,031 [HID병목]   [04:16:40] M16HUB 정상(보고 269 미보고 1 JAM 0)
2026-10-04 04:18:51,075 [HID병목]   [04:17:30] M16HUB 정상(보고 269 미보고 1 JAM 0)
2026-10-04 04:19:41,300 [HID병목]   [04:18:20] M16HUB 정상(보고 270 미보고 0 JAM 0)
2026-10-04 04:20:31,065 [HID병목]   [04:19:10] M16HUB 정상(보고 270 미보고 0 JAM 0)
2026-10-04 04:21:21,534 [HID병목]   [04:20:00] M16HUB 정상(보고 270 미보고 0 JAM 0)
2026-10-04 04:22:11,073 [HID병목]   [04:20:50] M16HUB 정상(보고 270 미보고 0 JAM 0)
2026-10-04 04:23:01,036 [HID병목]   [04:21:40] M16HUB 정상(보고 269 미보고 1 JAM 0)
2026-10-04 04:23:51,074 [HID병목]   [04:22:30] M16HUB 정상(보고 269 미보고 1 JAM 0)
2026-10-04 04:24:41,024 [HID병목]   [04:23:20] M16HUB 정상(보고 269 미보고 1 JAM 0)
2026-10-04 04:25:31,085 [HID병목]   [04:24:10] M16HUB 정상(보고 270 미보고 0 JAM 0)
2026-10-04 04:26:22,871 [HID병목]   [04:25:00] M16HUB 정상(보고 270 미보고 0 JAM 0)
2026-10-04 04:27:11,070 [HID병목]   [04:25:50] M16HUB 정상(보고 270 미보고 0 JAM 0)
2026-10-04 04:28:01,085 [HID병목]   [04:26:40] M16HUB 정상(보고 270 미보고 0 JAM 0)
2026-10-04 04:28:51,029 [HID병목]   [04:27:30] M16HUB 정상(보고 270 미보고 0 JAM 0)
2026-10-04 04:29:41,112 [HID병목]   [04:28:20] M16HUB 정상(보고 270 미보고 0 JAM 0)
2026-10-04 04:30:31,024 [HID병목]   [04:29:10] M16HUB 정상(보고 270 미보고 0 JAM 0)
2026-10-04 04:31:21,118 [HID병목]   [04:30:00] M16HUB 정상(보고 270 미보고 0 JAM 0)
2026-10-04 04:32:11,043 [HID병목]   [04:30:50] M16HUB 정상(보고 270 미보고 0 JAM 0)
2026-10-04 04:33:01,044 [HID병목]   [04:31:40] M16HUB 정상(보고 270 미보고 0 JAM 0)
2026-10-04 04:33:51,058 [HID병목]   [04:32:30] M16HUB 정상(보고 270 미보고 0 JAM 0)
2026-10-04 04:34:41,048 [HID병목]   [04:33:20] M16HUB 정상(보고 270 미보고 0 JAM 0)
2026-10-04 04:35:31,075 [HID병목]   [04:34:10] M16HUB 정상(보고 270 미보고 0 JAM 0)
2026-10-04 04:36:21,076 [HID병목]   [04:35:00] M16HUB 정상(보고 270 미보고 0 JAM 0)
2026-10-04 04:37:11,059 [HID병목]   [04:35:50] M16HUB 정상(보고 270 미보고 0 JAM 0)
2026-10-04 04:38:01,132 [HID병목]   [04:36:40] M16HUB 정상(보고 270 미보고 0 JAM 0)
2026-10-04 04:38:51,042 [HID병목]   [04:37:30] M16HUB 정상(보고 270 미보고 0 JAM 0)
2026-10-04 04:39:41,064 [HID병목]   [04:38:20] M16HUB 정상(보고 270 미보고 0 JAM 0)
2026-10-04 04:40:31,024 [HID병목]   [04:39:10] M16HUB 정상(보고 270 미보고 0 JAM 0)
2026-10-04 04:41:21,075 [HID병목]   [04:40:00] M16HUB 정상(보고 270 미보고 0 JAM 0)
2026-10-04 04:42:11,078 [HID병목]   [04:40:50] M16HUB 정상(보고 270 미보고 0 JAM 0)
2026-10-04 04:43:01,033 [HID병목]   [04:41:40] M16HUB 정상(보고 269 미보고 1 JAM 0)
2026-10-04 04:43:51,068 [HID병목]   [04:42:30] M16HUB 정상(보고 269 미보고 1 JAM 0)
2026-10-04 04:44:41,051 [HID병목]   [04:43:20] M16HUB 정상(보고 269 미보고 1 JAM 0)
2026-10-04 04:45:31,964 [HID병목]   [04:44:10] M16HUB 정상(보고 270 미보고 0 JAM 0)
2026-10-04 04:46:21,069 [HID병목]   [04:45:00] M16HUB 정상(보고 270 미보고 0 JAM 0)
2026-10-04 04:47:11,050 [HID병목]   [04:45:50] M16HUB 정상(보고 270 미보고 0 JAM 0)
2026-10-04 04:48:01,095 [HID병목]   [04:46:40] M16HUB 정상(보고 270 미보고 0 JAM 0)
2026-10-04 04:48:51,074 [HID병목]   [04:47:30] M16HUB 정상(보고 270 미보고 0 JAM 0)
2026-10-04 04:49:41,051 [HID병목]   [04:48:20] M16HUB 정상(보고 270 미보고 0 JAM 0)
2026-10-04 04:50:31,043 [HID병목]   [04:49:10] M16HUB 정상(보고 270 미보고 0 JAM 0)
2026-10-04 04:51:21,077 [HID병목]   [04:50:00] M16HUB 정상(보고 270 미보고 0 JAM 0)
2026-10-04 04:52:11,076 [HID병목]   [04:50:50] M16HUB 정상(보고 270 미보고 0 JAM 0)
2026-10-04 04:53:01,036 [HID병목]   [04:51:40] M16HUB 정상(보고 270 미보고 0 JAM 0)
2026-10-04 04:53:51,025 [HID병목]   [04:52:30] M16HUB 정상(보고 270 미보고 0 JAM 0)
2026-10-04 04:54:41,064 [HID병목]   [04:53:20] M16HUB 정상(보고 270 미보고 0 JAM 0)
2026-10-04 04:55:31,076 [HID병목]   [04:54:10] M16HUB 정상(보고 270 미보고 0 JAM 0)
2026-10-04 04:56:21,055 [HID병목]   [04:55:00] M16HUB 정상(보고 270 미보고 0 JAM 0)
2026-10-04 04:57:11,088 [HID병목]   [04:55:50] M16HUB 정상(보고 270 미보고 0 JAM 0)
2026-10-04 04:58:01,137 [HID병목]   [04:56:40] M16HUB 정상(보고 270 미보고 0 JAM 0)
2026-10-04 04:58:51,040 [HID병목]   [04:57:30] M16HUB 정상(보고 270 미보고 0 JAM 0)
2026-10-04 04:59:41,076 [HID병목]   [04:58:20] M16HUB 정상(보고 270 미보고 0 JAM 0)
2026-10-04 05:00:31,072 [HID병목]   [04:59:10] M16HUB 정상(보고 270 미보고 0 JAM 0)
2026-10-04 05:01:21,174 [HID병목]   [05:00:00] M16HUB 정상(보고 270 미보고 0 JAM 0)
2026-10-04 05:02:11,107 [HID병목]   [05:00:50] M16HUB 정상(보고 270 미보고 0 JAM 0)
2026-10-04 05:03:01,037 [HID병목]   [05:01:40] M16HUB 정상(보고 270 미보고 0 JAM 0)
2026-10-04 05:03:51,067 [HID병목]   [05:02:30] M16HUB 정상(보고 270 미보고 0 JAM 0)
2026-10-04 05:04:41,017 [HID병목]   [05:03:20] M16HUB 정상(보고 270 미보고 0 JAM 0)
2026-10-04 05:05:31,074 [HID병목]   [05:04:10] M16HUB 정상(보고 270 미보고 0 JAM 0)
2026-10-04 05:06:21,115 [HID병목]   [05:05:00] M16HUB 정상(보고 270 미보고 0 JAM 0)
2026-10-04 05:07:11,050 [HID병목]   [05:05:50] M16HUB 정상(보고 270 미보고 0 JAM 0)
2026-10-04 05:08:01,036 [HID병목]   [05:06:40] M16HUB 정상(보고 270 미보고 0 JAM 0)
2026-10-04 05:08:51,076 [HID병목]   [05:07:30] M16HUB 정상(보고 270 미보고 0 JAM 0)
2026-10-04 05:09:41,065 [HID병목]   [05:08:20] M16HUB 정상(보고 270 미보고 0 JAM 0)
2026-10-04 05:10:31,617 [HID병목]   [05:09:10] M16HUB 정상(보고 270 미보고 0 JAM 0)
2026-10-04 05:11:21,077 [HID병목]   [05:10:00] M16HUB 정상(보고 270 미보고 0 JAM 0)
2026-10-04 05:12:11,064 [HID병목]   [05:10:50] M16HUB 정상(보고 270 미보고 0 JAM 0)
2026-10-04 05:13:01,078 [HID병목]   [05:11:40] M16HUB 정상(보고 265 미보고 5 JAM 0)
2026-10-04 05:13:51,078 [HID병목]   [05:12:30] M16HUB 정상(보고 270 미보고 0 JAM 5)
2026-10-04 05:14:41,026 [HID병목]   [05:13:20] M16HUB 정상(보고 270 미보고 0 JAM 0)
2026-10-04 05:15:31,055 [HID병목]   [05:14:10] M16HUB 정상(보고 270 미보고 0 JAM 0)
2026-10-04 05:16:21,075 [HID병목]   [05:15:00] M16HUB 정상(보고 270 미보고 0 JAM 0)
2026-10-04 05:17:11,075 [HID병목]   [05:15:50] M16HUB 정상(보고 270 미보고 0 JAM 0)
2026-10-04 05:18:01,064 [HID병목]   [05:16:40] M16HUB 정상(보고 270 미보고 0 JAM 0)
2026-10-04 05:18:51,078 [HID병목]   [05:17:30] M16HUB 정상(보고 270 미보고 0 JAM 0)
2026-10-04 05:19:41,045 [HID병목]   [05:18:20] M16HUB 정상(보고 270 미보고 0 JAM 6)
2026-10-04 05:20:31,177 [HID병목]   [05:19:10] M16HUB 정상(보고 270 미보고 0 JAM 7)
2026-10-04 05:21:21,085 [HID병목]   [05:20:00] M16HUB 정상(보고 270 미보고 0 JAM 0)
2026-10-04 05:22:11,079 [HID병목]   [05:20:50] M16HUB 정상(보고 270 미보고 0 JAM 0)
2026-10-04 05:23:01,048 [HID병목]   [05:21:40] M16HUB 정상(보고 270 미보고 0 JAM 0)
2026-10-04 05:23:51,060 [HID병목]   [05:22:30] M16HUB 정상(보고 270 미보고 0 JAM 0)
2026-10-04 05:24:41,053 [HID병목]   [05:23:20] M16HUB 정상(보고 270 미보고 0 JAM 0)
2026-10-04 05:25:31,039 [HID병목]   [05:24:10] M16HUB 정상(보고 270 미보고 0 JAM 0)
2026-10-04 05:26:21,029 [HID병목]   [05:25:00] M16HUB 정상(보고 270 미보고 0 JAM 0)
2026-10-04 05:27:11,079 [HID병목]   [05:25:50] M16HUB 정상(보고 270 미보고 0 JAM 0)
2026-10-04 05:28:01,081 [HID병목]   [05:26:40] M16HUB 정상(보고 270 미보고 0 JAM 0)
2026-10-04 05:28:51,074 [HID병목]   [05:27:30] M16HUB 정상(보고 270 미보고 0 JAM 0)
2026-10-04 05:29:41,044 [HID병목]   [05:28:20] M16HUB 정상(보고 270 미보고 0 JAM 0)
2026-10-04 05:30:31,042 [HID병목]   [05:29:10] M16HUB 정상(보고 270 미보고 0 JAM 0)
2026-10-04 05:31:21,039 [HID병목]   [05:30:00] M16HUB 정상(보고 270 미보고 0 JAM 0)
2026-10-04 05:32:11,242 [HID병목]   [05:30:50] M16HUB 정상(보고 270 미보고 0 JAM 0)
2026-10-04 05:33:01,032 [HID병목]   [05:31:40] M16HUB 정상(보고 268 미보고 2 JAM 0)
2026-10-04 05:33:51,038 [HID병목]   [05:32:30] M16HUB 정상(보고 270 미보고 0 JAM 0)
2026-10-04 05:34:41,051 [HID병목]   [05:33:20] M16HUB 정상(보고 270 미보고 0 JAM 0)
2026-10-04 05:35:31,024 [HID병목]   [05:34:10] M16HUB 정상(보고 270 미보고 0 JAM 0)
2026-10-04 05:36:21,040 [HID병목]   [05:35:00] M16HUB 정상(보고 270 미보고 0 JAM 0)
2026-10-04 05:37:11,077 [HID병목]   [05:35:50] M16HUB 정상(보고 270 미보고 0 JAM 0)
2026-10-04 05:38:01,110 [HID병목]   [05:36:40] M16HUB 정상(보고 270 미보고 0 JAM 0)
2026-10-04 05:38:51,081 [HID병목]   [05:37:30] M16HUB 정상(보고 270 미보고 0 JAM 0)
2026-10-04 05:39:41,064 [HID병목]   [05:38:20] M16HUB 정상(보고 270 미보고 0 JAM 0)
2026-10-04 05:40:31,037 [HID병목]   [05:39:10] M16HUB 정상(보고 270 미보고 0 JAM 0)
2026-10-04 05:41:21,079 [HID병목]   [05:40:00] M16HUB 정상(보고 270 미보고 0 JAM 0)
2026-10-04 05:42:11,076 [HID병목]   [05:40:50] M16HUB 정상(보고 270 미보고 0 JAM 0)
2026-10-04 05:43:01,080 [HID병목]   [05:41:40] M16HUB 정상(보고 270 미보고 0 JAM 0)
2026-10-04 05:43:51,039 [HID병목]   [05:42:30] M16HUB 정상(보고 270 미보고 0 JAM 0)
2026-10-04 05:44:43,025 [HID병목]   [05:43:20] M16HUB 정상(보고 270 미보고 0 JAM 0)
2026-10-04 05:45:31,072 [HID병목]   [05:44:10] M16HUB 정상(보고 270 미보고 0 JAM 0)
2026-10-04 05:46:21,420 [HID병목]   [05:45:00] M16HUB 정상(보고 270 미보고 0 JAM 0)
2026-10-04 05:47:11,076 [HID병목]   [05:45:50] M16HUB 정상(보고 270 미보고 0 JAM 0)
2026-10-04 05:48:01,074 [HID병목]   [05:46:40] M16HUB 정상(보고 270 미보고 0 JAM 0)
2026-10-04 05:48:51,026 [HID병목]   [05:47:30] M16HUB 정상(보고 270 미보고 0 JAM 0)
2026-10-04 05:49:41,065 [HID병목]   [05:48:20] M16HUB 정상(보고 270 미보고 0 JAM 0)
2026-10-04 05:50:31,043 [HID병목]   [05:49:10] M16HUB 정상(보고 270 미보고 0 JAM 0)
2026-10-04 05:51:21,024 [HID병목]   [05:50:00] M16HUB 정상(보고 270 미보고 0 JAM 0)
2026-10-04 05:52:11,034 [HID병목]   [05:50:50] M16HUB 정상(보고 269 미보고 1 JAM 0)
2026-10-04 05:53:01,093 [HID병목]   [05:51:40] M16HUB 정상(보고 269 미보고 1 JAM 0)
2026-10-04 05:53:51,075 [HID병목]   [05:52:30] M16HUB 정상(보고 269 미보고 1 JAM 0)
2026-10-04 05:54:42,405 [HID병목]   [05:53:20] M16HUB 정상(보고 270 미보고 0 JAM 0)
2026-10-04 05:55:31,029 [HID병목]   [05:54:10] M16HUB 정상(보고 270 미보고 0 JAM 0)
2026-10-04 05:56:21,286 [HID병목]   [05:55:00] M16HUB 정상(보고 270 미보고 0 JAM 0)
2026-10-04 05:57:11,085 [HID병목]   [05:55:50] M16HUB 정상(보고 270 미보고 0 JAM 0)
2026-10-04 05:58:01,141 [HID병목]   [05:56:40] M16HUB 정상(보고 270 미보고 0 JAM 0)
2026-10-04 05:58:51,062 [HID병목]   [05:57:30] M16HUB 정상(보고 270 미보고 0 JAM 0)
2026-10-04 05:59:41,056 [HID병목]   [05:58:20] M16HUB 정상(보고 270 미보고 0 JAM 0)
2026-10-04 06:00:31,075 [HID병목]   [05:59:10] M16HUB 정상(보고 270 미보고 0 JAM 0)
2026-10-04 06:01:21,032 [HID병목]   [06:00:00] M16HUB 정상(보고 270 미보고 0 JAM 0)
2026-10-04 06:02:11,079 [HID병목]   [06:00:50] M16HUB 정상(보고 270 미보고 0 JAM 0)
2026-10-04 06:03:01,087 [HID병목]   [06:01:40] M16HUB 정상(보고 270 미보고 0 JAM 0)
2026-10-04 06:03:51,024 [HID병목]   [06:02:30] M16HUB 정상(보고 269 미보고 1 JAM 0)
2026-10-04 06:04:41,066 [HID병목]   [06:03:20] M16HUB 정상(보고 269 미보고 1 JAM 0)
2026-10-04 06:05:31,074 [HID병목]   [06:04:10] M16HUB 정상(보고 269 미보고 1 JAM 0)
2026-10-04 06:06:21,075 [HID병목]   [06:05:00] M16HUB 정상(보고 270 미보고 0 JAM 0)
2026-10-04 06:07:11,061 [HID병목]   [06:05:50] M16HUB 정상(보고 270 미보고 0 JAM 0)
2026-10-04 06:08:01,042 [HID병목]   [06:06:40] M16HUB 정상(보고 270 미보고 0 JAM 0)
2026-10-04 06:08:51,080 [HID병목]   [06:07:30] M16HUB 정상(보고 270 미보고 0 JAM 0)
2026-10-04 06:09:41,066 [HID병목]   [06:08:20] M16HUB 정상(보고 270 미보고 0 JAM 0)
2026-10-04 06:10:32,233 [HID병목]   [06:09:10] M16HUB 정상(보고 270 미보고 0 JAM 0)
2026-10-04 06:11:21,075 [HID병목]   [06:10:00] M16HUB 정상(보고 270 미보고 0 JAM 0)
2026-10-04 06:12:11,076 [HID병목]   [06:10:50] M16HUB 정상(보고 270 미보고 0 JAM 0)
2026-10-04 06:13:01,074 [HID병목]   [06:11:40] M16HUB 정상(보고 270 미보고 0 JAM 0)
2026-10-04 06:13:51,074 [HID병목]   [06:12:30] M16HUB 정상(보고 270 미보고 0 JAM 0)
2026-10-04 06:14:41,023 [HID병목]   [06:13:20] M16HUB 정상(보고 270 미보고 0 JAM 0)
2026-10-04 06:15:31,068 [HID병목]   [06:14:10] M16HUB 정상(보고 270 미보고 0 JAM 0)
2026-10-04 06:16:21,052 [HID병목]   [06:15:00] M16HUB 정상(보고 270 미보고 0 JAM 0)
2026-10-04 06:17:11,065 [HID병목]   [06:15:50] M16HUB 정상(보고 270 미보고 0 JAM 0)
2026-10-04 06:18:01,081 [HID병목]   [06:16:40] M16HUB 정상(보고 270 미보고 0 JAM 0)
2026-10-04 06:18:51,078 [HID병목]   [06:17:30] M16HUB 정상(보고 270 미보고 0 JAM 0)
2026-10-04 06:19:41,066 [HID병목]   [06:18:20] M16HUB 정상(보고 270 미보고 0 JAM 0)
2026-10-04 06:20:31,077 [HID병목]   [06:19:10] M16HUB 정상(보고 270 미보고 0 JAM 0)
2026-10-04 06:21:21,041 [HID병목]   [06:20:00] M16HUB 정상(보고 270 미보고 0 JAM 0)
2026-10-04 06:22:11,074 [HID병목]   [06:20:50] M16HUB 정상(보고 270 미보고 0 JAM 0)
2026-10-04 06:23:01,083 [HID병목]   [06:21:40] M16HUB 정상(보고 270 미보고 0 JAM 0)
2026-10-04 06:23:51,031 [HID병목]   [06:22:30] M16HUB 정상(보고 270 미보고 0 JAM 0)
2026-10-04 06:24:41,066 [HID병목]   [06:23:20] M16HUB 정상(보고 270 미보고 0 JAM 0)
2026-10-04 06:25:31,029 [HID병목]   [06:24:10] M16HUB 정상(보고 270 미보고 0 JAM 0)
2026-10-04 06:26:21,381 [HID병목]   [06:25:00] M16HUB 정상(보고 270 미보고 0 JAM 0)
2026-10-04 06:27:11,033 [HID병목]   [06:25:50] M16HUB 정상(보고 270 미보고 0 JAM 0)
2026-10-04 06:28:01,080 [HID병목]   [06:26:40] M16HUB 정상(보고 270 미보고 0 JAM 0)
2026-10-04 06:28:51,075 [HID병목]   [06:27:30] M16HUB 정상(보고 270 미보고 0 JAM 0)
2026-10-04 06:29:41,066 [HID병목]   [06:28:20] M16HUB 정상(보고 270 미보고 0 JAM 0)
2026-10-04 06:30:31,023 [HID병목]   [06:29:10] M16HUB 정상(보고 269 미보고 1 JAM 0)
2026-10-04 06:31:21,882 [HID병목]   [06:30:00] M16HUB 정상(보고 269 미보고 1 JAM 0)
2026-10-04 06:32:11,077 [HID병목]   [06:30:50] M16HUB 정상(보고 269 미보고 1 JAM 0)
2026-10-04 06:33:01,084 [HID병목]   [06:31:40] M16HUB 정상(보고 270 미보고 0 JAM 0)
2026-10-04 06:33:51,034 [HID병목]   [06:32:30] M16HUB 정상(보고 270 미보고 0 JAM 0)
2026-10-04 06:34:41,059 [HID병목]   [06:33:20] M16HUB 정상(보고 270 미보고 0 JAM 0)
2026-10-04 06:35:32,083 [HID병목]   [06:34:10] M16HUB 정상(보고 270 미보고 0 JAM 0)
2026-10-04 06:36:21,033 [HID병목]   [06:35:00] M16HUB 정상(보고 270 미보고 0 JAM 0)
2026-10-04 06:37:11,029 [HID병목]   [06:35:50] M16HUB 정상(보고 270 미보고 0 JAM 0)
2026-10-04 06:38:01,085 [HID병목]   [06:36:40] M16HUB 정상(보고 270 미보고 0 JAM 0)
2026-10-04 06:38:51,035 [HID병목]   [06:37:30] M16HUB 정상(보고 270 미보고 0 JAM 0)
2026-10-04 06:39:42,958 [HID병목]   [06:38:20] M16HUB 정상(보고 270 미보고 0 JAM 0)
2026-10-04 06:40:31,071 [HID병목]   [06:39:10] M16HUB 정상(보고 270 미보고 0 JAM 0)
2026-10-04 06:41:21,392 [HID병목]   [06:40:00] M16HUB 정상(보고 270 미보고 0 JAM 0)
2026-10-04 06:42:11,032 [HID병목]   [06:40:50] M16HUB 정상(보고 270 미보고 0 JAM 0)
2026-10-04 06:43:01,126 [HID병목]   [06:41:40] M16HUB 정상(보고 270 미보고 0 JAM 0)
2026-10-04 06:43:51,030 [HID병목]   [06:42:30] M16HUB 정상(보고 270 미보고 0 JAM 0)
2026-10-04 06:44:41,034 [HID병목]   [06:43:20] M16HUB 정상(보고 270 미보고 0 JAM 0)
2026-10-04 06:45:31,087 [HID병목]   [06:44:10] M16HUB 정상(보고 270 미보고 0 JAM 0)
2026-10-04 06:46:21,034 [HID병목]   [06:45:00] M16HUB 정상(보고 270 미보고 0 JAM 0)
2026-10-04 06:47:11,077 [HID병목]   [06:45:50] M16HUB 정상(보고 270 미보고 0 JAM 0)
2026-10-04 06:48:01,037 [HID병목]   [06:46:40] M16HUB 정상(보고 270 미보고 0 JAM 0)
2026-10-04 06:48:51,074 [HID병목]   [06:47:30] M16HUB 정상(보고 270 미보고 0 JAM 0)
2026-10-04 06:49:42,041 [HID병목]   [06:48:20] M16HUB 정상(보고 270 미보고 0 JAM 0)
2026-10-04 06:50:31,074 [HID병목]   [06:49:10] M16HUB 정상(보고 270 미보고 0 JAM 0)
2026-10-04 06:51:21,320 [HID병목]   [06:50:00] M16HUB 정상(보고 270 미보고 0 JAM 0)
2026-10-04 06:52:11,066 [HID병목]   [06:50:50] M16HUB 정상(보고 270 미보고 0 JAM 0)
2026-10-04 06:53:01,071 [HID병목]   [06:51:40] M16HUB 정상(보고 270 미보고 0 JAM 0)
2026-10-04 06:53:51,083 [HID병목]   [06:52:30] M16HUB 정상(보고 270 미보고 0 JAM 0)
2026-10-04 06:54:41,066 [HID병목]   [06:53:20] M16HUB 정상(보고 270 미보고 0 JAM 0)
2026-10-04 06:55:31,643 [HID병목]   [06:54:10] M16HUB 정상(보고 270 미보고 0 JAM 0)
2026-10-04 06:56:21,075 [HID병목]   [06:55:00] M16HUB 정상(보고 270 미보고 0 JAM 0)
2026-10-04 06:57:11,087 [HID병목]   [06:55:50] M16HUB 정상(보고 270 미보고 0 JAM 0)
2026-10-04 06:58:01,123 [HID병목]   [06:56:40] M16HUB 정상(보고 270 미보고 0 JAM 0)
2026-10-04 06:58:51,079 [HID병목]   [06:57:30] M16HUB 정상(보고 270 미보고 0 JAM 0)
2026-10-04 06:59:41,049 [HID병목]   [06:58:20] M16HUB 정상(보고 270 미보고 0 JAM 0)
2026-10-04 07:00:31,779 [HID병목]   [06:59:10] M16HUB 정상(보고 270 미보고 0 JAM 0)
2026-10-04 07:01:21,072 [HID병목]   [07:00:00] M16HUB 정상(보고 270 미보고 0 JAM 0)
2026-10-04 07:02:11,075 [HID병목]   [07:00:50] M16HUB 정상(보고 270 미보고 0 JAM 0)
2026-10-04 07:03:01,083 [HID병목]   [07:01:40] M16HUB 정상(보고 270 미보고 0 JAM 0)
2026-10-04 07:03:51,068 [HID병목]   [07:02:30] M16HUB 정상(보고 270 미보고 0 JAM 0)
2026-10-04 07:04:41,095 [HID병목]   [07:03:20] M16HUB 정상(보고 270 미보고 0 JAM 0)
2026-10-04 07:05:31,035 [HID병목]   [07:04:10] M16HUB 정상(보고 269 미보고 1 JAM 0)
2026-10-04 07:06:21,074 [HID병목]   [07:05:00] M16HUB 정상(보고 269 미보고 1 JAM 0)
2026-10-04 07:07:11,064 [HID병목]   [07:05:50] M16HUB 정상(보고 269 미보고 1 JAM 0)
2026-10-04 07:08:01,166 [HID병목]   [07:06:40] M16HUB 정상(보고 270 미보고 0 JAM 0)
2026-10-04 07:08:51,073 [HID병목]   [07:07:30] M16HUB 정상(보고 270 미보고 0 JAM 0)
2026-10-04 07:09:41,057 [HID병목]   [07:08:20] M16HUB 정상(보고 270 미보고 0 JAM 0)
2026-10-04 07:10:31,066 [HID병목]   [07:09:10] M16HUB 정상(보고 270 미보고 0 JAM 0)
2026-10-04 07:11:21,067 [HID병목]   [07:10:00] M16HUB 정상(보고 270 미보고 0 JAM 0)
2026-10-04 07:12:11,075 [HID병목]   [07:10:50] M16HUB 정상(보고 269 미보고 1 JAM 0)
2026-10-04 07:13:01,081 [HID병목]   [07:11:40] M16HUB 정상(보고 269 미보고 1 JAM 0)
2026-10-04 07:13:51,054 [HID병목]   [07:12:30] M16HUB 정상(보고 269 미보고 1 JAM 0)
2026-10-04 07:14:44,232 [HID병목]   [07:13:20] M16HUB 정상(보고 270 미보고 0 JAM 0)
2026-10-04 07:15:31,065 [HID병목]   [07:14:10] M16HUB 정상(보고 270 미보고 0 JAM 0)
2026-10-04 07:16:21,029 [HID병목]   [07:15:00] M16HUB 정상(보고 270 미보고 0 JAM 0)
2026-10-04 07:17:11,034 [HID병목]   [07:15:50] M16HUB 정상(보고 270 미보고 0 JAM 0)
2026-10-04 07:18:01,088 [HID병목]   [07:16:40] M16HUB 정상(보고 270 미보고 0 JAM 0)
2026-10-04 07:18:51,084 [HID병목]   [07:17:30] M16HUB 정상(보고 270 미보고 0 JAM 0)
2026-10-04 07:19:41,673 [HID병목]   [07:18:20] M16HUB 정상(보고 270 미보고 0 JAM 0)
2026-10-04 07:20:31,072 [HID병목]   [07:19:10] M16HUB 정상(보고 270 미보고 0 JAM 0)
2026-10-04 07:21:21,042 [HID병목]   [07:20:00] M16HUB 정상(보고 270 미보고 0 JAM 0)
2026-10-04 07:22:11,063 [HID병목]   [07:20:50] M16HUB 정상(보고 270 미보고 0 JAM 0)
2026-10-04 07:23:01,161 [HID병목]   [07:21:40] M16HUB 정상(보고 270 미보고 0 JAM 0)
2026-10-04 07:23:51,073 [HID병목]   [07:22:30] M16HUB 정상(보고 270 미보고 0 JAM 0)
2026-10-04 07:24:41,046 [HID병목]   [07:23:20] M16HUB 정상(보고 270 미보고 0 JAM 0)
2026-10-04 07:25:31,043 [HID병목]   [07:24:10] M16HUB 정상(보고 270 미보고 0 JAM 0)
2026-10-04 07:26:21,154 [HID병목]   [07:25:00] M16HUB 정상(보고 270 미보고 0 JAM 0)
2026-10-04 07:27:11,032 [HID병목]   [07:25:50] M16HUB 정상(보고 270 미보고 0 JAM 0)
2026-10-04 07:28:01,079 [HID병목]   [07:26:40] M16HUB 정상(보고 270 미보고 0 JAM 0)
2026-10-04 07:28:51,076 [HID병목]   [07:27:30] M16HUB 정상(보고 269 미보고 1 JAM 0)
2026-10-04 07:29:41,067 [HID병목]   [07:28:20] M16HUB 정상(보고 269 미보고 1 JAM 0)
2026-10-04 07:30:31,074 [HID병목]   [07:29:10] M16HUB 정상(보고 269 미보고 1 JAM 0)
2026-10-04 07:31:21,064 [HID병목]   [07:30:00] M16HUB 정상(보고 270 미보고 0 JAM 0)
2026-10-04 07:32:11,066 [HID병목]   [07:30:50] M16HUB 정상(보고 270 미보고 0 JAM 0)
2026-10-04 07:33:01,085 [HID병목]   [07:31:40] M16HUB 정상(보고 270 미보고 0 JAM 0)
2026-10-04 07:33:51,073 [HID병목]   [07:32:30] M16HUB 정상(보고 270 미보고 0 JAM 0)
2026-10-04 07:34:41,065 [HID병목]   [07:33:20] M16HUB 정상(보고 270 미보고 0 JAM 0)
2026-10-04 07:35:31,072 [HID병목]   [07:34:10] M16HUB 정상(보고 270 미보고 0 JAM 0)
2026-10-04 07:36:21,074 [HID병목]   [07:35:00] M16HUB 정상(보고 270 미보고 0 JAM 0)
2026-10-04 07:37:11,077 [HID병목]   [07:35:50] M16HUB 정상(보고 270 미보고 0 JAM 0)
2026-10-04 07:38:01,045 [HID병목]   [07:36:40] M16HUB 정상(보고 270 미보고 0 JAM 0)
2026-10-04 07:38:51,075 [HID병목]   [07:37:30] M16HUB 정상(보고 269 미보고 1 JAM 0)
2026-10-04 07:39:41,077 [HID병목]   [07:38:20] M16HUB 정상(보고 269 미보고 1 JAM 0)
2026-10-04 07:40:31,076 [HID병목]   [07:39:10] M16HUB 정상(보고 269 미보고 1 JAM 0)
2026-10-04 07:41:21,079 [HID병목]   [07:40:00] M16HUB 정상(보고 270 미보고 0 JAM 0)
2026-10-04 07:42:11,061 [HID병목]   [07:40:50] M16HUB 정상(보고 270 미보고 0 JAM 0)
2026-10-04 07:43:01,087 [HID병목]   [07:41:40] M16HUB 정상(보고 270 미보고 0 JAM 0)
2026-10-04 07:43:51,074 [HID병목]   [07:42:30] M16HUB 정상(보고 269 미보고 1 JAM 0)
2026-10-04 07:44:41,015 [HID병목]   [07:43:20] M16HUB 정상(보고 269 미보고 1 JAM 0)
2026-10-04 07:45:31,027 [HID병목]   [07:44:10] M16HUB 정상(보고 269 미보고 1 JAM 0)
2026-10-04 07:46:21,074 [HID병목]   [07:45:00] M16HUB 정상(보고 270 미보고 0 JAM 0)
2026-10-04 07:47:11,033 [HID병목]   [07:45:50] M16HUB 정상(보고 270 미보고 0 JAM 0)
2026-10-04 07:48:01,081 [HID병목]   [07:46:40] M16HUB 정상(보고 270 미보고 0 JAM 0)
2026-10-04 07:48:51,076 [HID병목]   [07:47:30] M16HUB 정상(보고 270 미보고 0 JAM 0)
2026-10-04 07:49:41,056 [HID병목]   [07:48:20] M16HUB 정상(보고 270 미보고 0 JAM 0)
2026-10-04 07:50:31,063 [HID병목]   [07:49:10] M16HUB 정상(보고 270 미보고 0 JAM 0)
2026-10-04 07:51:21,078 [HID병목]   [07:50:00] M16HUB 정상(보고 270 미보고 0 JAM 0)
2026-10-04 07:52:11,077 [HID병목]   [07:50:50] M16HUB 정상(보고 270 미보고 0 JAM 0)
2026-10-04 07:53:01,125 [HID병목]   [07:51:40] M16HUB 정상(보고 270 미보고 0 JAM 0)
2026-10-04 07:53:51,070 [HID병목]   [07:52:30] M16HUB 정상(보고 270 미보고 0 JAM 0)
2026-10-04 07:54:41,067 [HID병목]   [07:53:20] M16HUB 정상(보고 270 미보고 0 JAM 0)
2026-10-04 07:55:31,464 [HID병목]   [07:54:10] M16HUB 정상(보고 270 미보고 0 JAM 0)
2026-10-04 07:56:21,075 [HID병목]   [07:55:00] M16HUB 정상(보고 270 미보고 0 JAM 0)
2026-10-04 07:57:11,055 [HID병목]   [07:55:50] M16HUB 정상(보고 270 미보고 0 JAM 0)
2026-10-04 07:58:01,083 [HID병목]   [07:56:40] M16HUB 정상(보고 270 미보고 0 JAM 0)
2026-10-04 07:58:51,074 [HID병목]   [07:57:30] M16HUB 정상(보고 270 미보고 0 JAM 0)
2026-10-04 07:59:41,015 [HID병목]   [07:58:20] M16HUB 정상(보고 270 미보고 0 JAM 0)
2026-10-04 08:00:31,056 [HID병목]   [07:59:10] M16HUB 정상(보고 270 미보고 0 JAM 0)
2026-10-04 08:01:21,204 [HID병목]   [08:00:00] M16HUB 정상(보고 270 미보고 0 JAM 0)
2026-10-04 08:02:11,074 [HID병목]   [08:00:50] M16HUB 정상(보고 269 미보고 1 JAM 0)
2026-10-04 08:03:01,135 [HID병목]   [08:01:40] M16HUB 정상(보고 269 미보고 1 JAM 0)
2026-10-04 08:03:51,074 [HID병목]   [08:02:30] M16HUB 정상(보고 269 미보고 1 JAM 0)
2026-10-04 08:04:41,022 [HID병목]   [08:03:20] M16HUB 정상(보고 270 미보고 0 JAM 0)
2026-10-04 08:05:31,076 [HID병목]   [08:04:10] M16HUB 정상(보고 270 미보고 0 JAM 0)
2026-10-04 08:06:21,077 [HID병목]   [08:05:00] M16HUB 정상(보고 270 미보고 0 JAM 0)
2026-10-04 08:07:11,026 [HID병목]   [08:05:50] M16HUB 정상(보고 270 미보고 0 JAM 0)
2026-10-04 08:08:01,041 [HID병목]   [08:06:40] M16HUB 정상(보고 270 미보고 0 JAM 0)
2026-10-04 08:08:51,050 [HID병목]   [08:07:30] M16HUB 정상(보고 270 미보고 0 JAM 0)
2026-10-04 08:09:41,061 [HID병목]   [08:08:20] M16HUB 정상(보고 270 미보고 0 JAM 0)
2026-10-04 08:10:31,061 [HID병목]   [08:09:10] M16HUB 정상(보고 270 미보고 0 JAM 0)
2026-10-04 08:11:21,040 [HID병목]   [08:10:00] M16HUB 정상(보고 270 미보고 0 JAM 0)
2026-10-04 08:12:11,075 [HID병목]   [08:10:50] M16HUB 정상(보고 270 미보고 0 JAM 0)
2026-10-04 08:13:01,175 [HID병목]   [08:11:40] M16HUB 정상(보고 269 미보고 1 JAM 0)
2026-10-04 08:13:51,073 [HID병목]   [08:12:30] M16HUB 정상(보고 269 미보고 1 JAM 0)
2026-10-04 08:14:41,019 [HID병목]   [08:13:20] M16HUB 정상(보고 269 미보고 1 JAM 0)
2026-10-04 08:15:31,072 [HID병목]   [08:14:10] M16HUB 정상(보고 270 미보고 0 JAM 0)
2026-10-04 08:16:21,765 [HID병목]   [08:15:00] M16HUB 정상(보고 270 미보고 0 JAM 0)
2026-10-04 08:17:11,075 [HID병목]   [08:15:50] M16HUB 정상(보고 270 미보고 0 JAM 0)
2026-10-04 08:18:01,082 [HID병목]   [08:16:40] M16HUB 정상(보고 270 미보고 0 JAM 0)
2026-10-04 08:18:51,059 [HID병목]   [08:17:30] M16HUB 정상(보고 270 미보고 0 JAM 0)
2026-10-04 08:19:41,066 [HID병목]   [08:18:20] M16HUB 정상(보고 270 미보고 0 JAM 0)
2026-10-04 08:20:31,066 [HID병목]   [08:19:10] M16HUB 정상(보고 270 미보고 0 JAM 0)
2026-10-04 08:21:21,055 [HID병목]   [08:20:00] M16HUB 정상(보고 270 미보고 0 JAM 0)
2026-10-04 08:22:11,081 [HID병목]   [08:20:50] M16HUB 정상(보고 270 미보고 0 JAM 0)
2026-10-04 08:23:01,075 [HID병목]   [08:21:40] M16HUB 정상(보고 270 미보고 0 JAM 0)
2026-10-04 08:23:51,075 [HID병목]   [08:22:30] M16HUB 정상(보고 270 미보고 0 JAM 0)
2026-10-04 08:24:41,051 [HID병목]   [08:23:20] M16HUB 정상(보고 270 미보고 0 JAM 0)
2026-10-04 08:25:31,079 [HID병목]   [08:24:10] M16HUB 정상(보고 270 미보고 0 JAM 0)
2026-10-04 08:26:21,074 [HID병목]   [08:25:00] M16HUB 정상(보고 270 미보고 0 JAM 0)
2026-10-04 08:27:11,056 [HID병목]   [08:25:50] M16HUB 정상(보고 269 미보고 1 JAM 0)
2026-10-04 08:28:01,071 [HID병목]   [08:26:40] M16HUB 정상(보고 269 미보고 1 JAM 0)
2026-10-04 08:28:51,073 [HID병목]   [08:27:30] M16HUB 정상(보고 269 미보고 1 JAM 0)
2026-10-04 08:29:41,074 [HID병목]   [08:28:20] M16HUB 정상(보고 270 미보고 0 JAM 0)
2026-10-04 08:30:31,039 [HID병목]   [08:29:10] M16HUB 정상(보고 269 미보고 1 JAM 0)
2026-10-04 08:31:21,075 [HID병목]   [08:30:00] M16HUB 정상(보고 270 미보고 0 JAM 0)
2026-10-04 08:32:11,075 [HID병목]   [08:30:50] M16HUB 정상(보고 270 미보고 0 JAM 0)
2026-10-04 08:33:01,066 [HID병목]   [08:31:40] M16HUB 정상(보고 270 미보고 0 JAM 0)
2026-10-04 08:33:51,074 [HID병목]   [08:32:30] M16HUB 정상(보고 270 미보고 0 JAM 0)
2026-10-04 08:34:41,045 [HID병목]   [08:33:20] M16HUB 정상(보고 270 미보고 0 JAM 0)
2026-10-04 08:35:31,072 [HID병목]   [08:34:10] M16HUB 정상(보고 270 미보고 0 JAM 0)
2026-10-04 08:36:21,085 [HID병목]   [08:35:00] M16HUB 정상(보고 270 미보고 0 JAM 0)
2026-10-04 08:37:11,061 [HID병목]   [08:35:50] M16HUB 정상(보고 270 미보고 0 JAM 0)
2026-10-04 08:38:01,037 [HID병목]   [08:36:40] M16HUB 정상(보고 270 미보고 0 JAM 0)
2026-10-04 08:38:51,035 [HID병목]   [08:37:30] M16HUB 정상(보고 270 미보고 0 JAM 0)
2026-10-04 08:39:41,061 [HID병목]   [08:38:20] M16HUB 정상(보고 270 미보고 0 JAM 0)
2026-10-04 08:40:31,073 [HID병목]   [08:39:10] M16HUB 정상(보고 270 미보고 0 JAM 0)
2026-10-04 08:41:21,028 [HID병목]   [08:40:00] M16HUB 정상(보고 270 미보고 0 JAM 0)
2026-10-04 08:42:11,025 [HID병목]   [08:40:50] M16HUB 정상(보고 270 미보고 0 JAM 0)
2026-10-04 08:43:01,030 [HID병목]   [08:41:40] M16HUB 정상(보고 270 미보고 0 JAM 0)
2026-10-04 08:43:51,089 [HID병목]   [08:42:30] M16HUB 정상(보고 270 미보고 0 JAM 0)
2026-10-04 08:44:41,062 [HID병목]   [08:43:20] M16HUB 정상(보고 269 미보고 1 JAM 0)
2026-10-04 08:45:31,036 [HID병목]   [08:44:10] M16HUB 정상(보고 269 미보고 1 JAM 0)
2026-10-04 08:46:21,073 [HID병목]   [08:45:00] M16HUB 정상(보고 269 미보고 1 JAM 0)
2026-10-04 08:47:11,074 [HID병목]   [08:45:50] M16HUB 정상(보고 270 미보고 0 JAM 0)
2026-10-04 08:48:01,114 [HID병목]   [08:46:40] M16HUB 정상(보고 270 미보고 0 JAM 0)
2026-10-04 08:48:51,076 [HID병목]   [08:47:30] M16HUB 정상(보고 270 미보고 0 JAM 0)
2026-10-04 08:49:42,953 [HID병목]   [08:48:20] M16HUB 정상(보고 270 미보고 0 JAM 0)
2026-10-04 08:50:31,072 [HID병목]   [08:49:10] M16HUB 정상(보고 270 미보고 0 JAM 0)
2026-10-04 08:51:21,059 [HID병목]   [08:50:00] M16HUB 정상(보고 270 미보고 0 JAM 0)
2026-10-04 08:52:11,061 [HID병목]   [08:50:50] M16HUB 정상(보고 270 미보고 0 JAM 0)
2026-10-04 08:53:01,065 [HID병목]   [08:51:40] M16HUB 정상(보고 270 미보고 0 JAM 0)
2026-10-04 08:53:51,073 [HID병목]   [08:52:30] M16HUB 정상(보고 270 미보고 0 JAM 0)
2026-10-04 08:54:41,066 [HID병목]   [08:53:20] M16HUB 정상(보고 270 미보고 0 JAM 0)
2026-10-04 08:55:32,450 [HID병목]   [08:54:10] M16HUB 정상(보고 270 미보고 0 JAM 0)
2026-10-04 08:56:21,092 [HID병목]   [08:55:00] M16HUB 정상(보고 270 미보고 0 JAM 0)
2026-10-04 08:57:11,086 [HID병목]   [08:55:50] M16HUB 정상(보고 270 미보고 0 JAM 0)
2026-10-04 08:58:01,081 [HID병목]   [08:56:40] M16HUB 정상(보고 270 미보고 0 JAM 0)
2026-10-04 08:58:51,075 [HID병목]   [08:57:30] M16HUB 정상(보고 269 미보고 1 JAM 0)
2026-10-04 08:59:41,015 [HID병목]   [08:58:20] M16HUB 정상(보고 269 미보고 1 JAM 0)
2026-10-04 09:00:31,073 [HID병목]   [08:59:10] M16HUB 정상(보고 269 미보고 1 JAM 0)
2026-10-04 09:01:21,973 [HID병목]   [09:00:00] M16HUB 정상(보고 270 미보고 0 JAM 0)
2026-10-04 09:02:11,030 [HID병목]   [09:00:50] M16HUB 정상(보고 270 미보고 0 JAM 0)
2026-10-04 09:03:01,107 [HID병목]   [09:01:40] M16HUB 정상(보고 270 미보고 0 JAM 0)
2026-10-04 09:03:51,076 [HID병목]   [09:02:30] M16HUB 정상(보고 270 미보고 0 JAM 0)
2026-10-04 09:04:41,065 [HID병목]   [09:03:20] M16HUB 정상(보고 270 미보고 0 JAM 0)
2026-10-04 09:05:31,093 [HID병목]   [09:04:10] M16HUB 정상(보고 270 미보고 0 JAM 0)
2026-10-04 09:06:21,078 [HID병목]   [09:05:00] M16HUB 정상(보고 270 미보고 0 JAM 0)
2026-10-04 09:07:11,059 [HID병목]   [09:05:50] M16HUB 정상(보고 270 미보고 0 JAM 0)
2026-10-04 09:08:01,082 [HID병목]   [09:06:40] M16HUB 정상(보고 270 미보고 0 JAM 0)
2026-10-04 09:08:51,052 [HID병목]   [09:07:30] M16HUB 정상(보고 270 미보고 0 JAM 0)
2026-10-04 09:09:41,065 [HID병목]   [09:08:20] M16HUB 정상(보고 270 미보고 0 JAM 0)
2026-10-04 09:10:31,033 [HID병목]   [09:09:10] M16HUB 정상(보고 269 미보고 1 JAM 0)
2026-10-04 09:11:21,042 [HID병목]   [09:10:00] M16HUB 정상(보고 269 미보고 1 JAM 0)
2026-10-04 09:12:11,064 [HID병목]   [09:10:50] M16HUB 정상(보고 269 미보고 1 JAM 0)
2026-10-04 09:13:01,030 [HID병목]   [09:11:40] M16HUB 정상(보고 270 미보고 0 JAM 0)
2026-10-04 09:13:51,061 [HID병목]   [09:12:30] M16HUB 정상(보고 270 미보고 0 JAM 0)
2026-10-04 09:14:41,045 [HID병목]   [09:13:20] M16HUB 정상(보고 270 미보고 0 JAM 0)
2026-10-04 09:15:31,076 [HID병목]   [09:14:10] M16HUB 정상(보고 270 미보고 0 JAM 0)
2026-10-04 09:16:21,697 [HID병목]   [09:15:00] M16HUB 정상(보고 270 미보고 0 JAM 0)
2026-10-04 09:17:11,027 [HID병목]   [09:15:50] M16HUB 정상(보고 270 미보고 0 JAM 0)
2026-10-04 09:18:01,044 [HID병목]   [09:16:40] M16HUB 정상(보고 270 미보고 0 JAM 0)
2026-10-04 09:18:51,094 [HID병목]   [09:17:30] M16HUB 정상(보고 270 미보고 0 JAM 0)
2026-10-04 09:19:41,029 [HID병목]   [09:18:20] M16HUB 정상(보고 270 미보고 0 JAM 0)
2026-10-04 09:20:31,073 [HID병목]   [09:19:10] M16HUB 정상(보고 269 미보고 1 JAM 0)
2026-10-04 09:21:21,077 [HID병목]   [09:20:00] M16HUB 정상(보고 269 미보고 1 JAM 0)
2026-10-04 09:22:11,074 [HID병목]   [09:20:50] M16HUB 정상(보고 269 미보고 1 JAM 0)
2026-10-04 09:23:01,109 [HID병목]   [09:21:40] M16HUB 정상(보고 270 미보고 0 JAM 0)
2026-10-04 09:23:51,032 [HID병목]   [09:22:30] M16HUB 정상(보고 270 미보고 0 JAM 0)
2026-10-04 09:24:41,024 [HID병목]   [09:23:20] M16HUB 정상(보고 270 미보고 0 JAM 0)
2026-10-04 09:25:31,031 [HID병목]   [09:24:10] M16HUB 정상(보고 270 미보고 0 JAM 0)
2026-10-04 09:26:21,075 [HID병목]   [09:25:00] M16HUB 정상(보고 270 미보고 0 JAM 0)
2026-10-04 09:27:11,030 [HID병목]   [09:25:50] M16HUB 정상(보고 270 미보고 0 JAM 0)
2026-10-04 09:28:01,062 [HID병목]   [09:26:40] M16HUB 정상(보고 269 미보고 1 JAM 0)
2026-10-04 09:28:51,025 [HID병목]   [09:27:30] M16HUB 정상(보고 269 미보고 1 JAM 0)
2026-10-04 09:29:41,065 [HID병목]   [09:28:20] M16HUB 정상(보고 269 미보고 1 JAM 0)
2026-10-04 09:30:31,074 [HID병목]   [09:29:10] M16HUB 정상(보고 270 미보고 0 JAM 0)
2026-10-04 09:31:21,196 [HID병목]   [09:30:00] M16HUB 정상(보고 270 미보고 0 JAM 0)
2026-10-04 09:32:11,659 [HID병목]   [09:30:50] M16HUB 정상(보고 270 미보고 0 JAM 0)
2026-10-04 09:33:01,255 [HID병목]   [09:31:40] M16HUB 정상(보고 270 미보고 0 JAM 0)
2026-10-04 09:33:51,075 [HID병목]   [09:32:30] M16HUB 정상(보고 270 미보고 0 JAM 0)
2026-10-04 09:34:41,038 [HID병목]   [09:33:20] M16HUB 정상(보고 270 미보고 0 JAM 0)
2026-10-04 09:35:31,077 [HID병목]   [09:34:10] M16HUB 정상(보고 270 미보고 0 JAM 0)
2026-10-04 09:36:21,082 [HID병목]   [09:35:00] M16HUB 정상(보고 270 미보고 0 JAM 0)
2026-10-04 09:37:11,075 [HID병목]   [09:35:50] M16HUB 정상(보고 269 미보고 1 JAM 0)
2026-10-04 09:38:01,110 [HID병목]   [09:36:40] M16HUB 정상(보고 269 미보고 1 JAM 0)
2026-10-04 09:38:51,080 [HID병목]   [09:37:30] M16HUB 정상(보고 269 미보고 1 JAM 0)
2026-10-04 09:39:41,015 [HID병목]   [09:38:20] M16HUB 정상(보고 270 미보고 0 JAM 0)
2026-10-04 09:40:32,265 [HID병목]   [09:39:10] M16HUB 정상(보고 270 미보고 0 JAM 0)
2026-10-04 09:41:21,072 [HID병목]   [09:40:00] M16HUB 정상(보고 270 미보고 0 JAM 0)
2026-10-04 09:42:11,078 [HID병목]   [09:40:50] M16HUB 정상(보고 270 미보고 0 JAM 0)
2026-10-04 09:43:01,132 [HID병목]   [09:41:40] M16HUB 정상(보고 270 미보고 0 JAM 0)
2026-10-04 09:43:51,069 [HID병목]   [09:42:30] M16HUB 정상(보고 270 미보고 0 JAM 0)
2026-10-04 09:44:42,126 [HID병목]   [09:43:20] M16HUB 정상(보고 269 미보고 1 JAM 0)
2026-10-04 09:45:31,025 [HID병목]   [09:44:10] M16HUB 정상(보고 269 미보고 1 JAM 0)
2026-10-04 09:46:21,077 [HID병목]   [09:45:00] M16HUB 정상(보고 269 미보고 1 JAM 0)
2026-10-04 09:47:11,089 [HID병목]   [09:45:50] M16HUB 정상(보고 270 미보고 0 JAM 0)
2026-10-04 09:48:01,054 [HID병목]   [09:46:40] M16HUB 정상(보고 270 미보고 0 JAM 0)
2026-10-04 09:48:51,074 [HID병목]   [09:47:30] M16HUB 정상(보고 270 미보고 0 JAM 0)
2026-10-04 09:49:41,065 [HID병목]   [09:48:20] M16HUB 정상(보고 270 미보고 0 JAM 0)
2026-10-04 09:50:31,032 [HID병목]   [09:49:10] M16HUB 정상(보고 270 미보고 0 JAM 0)
2026-10-04 09:51:21,074 [HID병목]   [09:50:00] M16HUB 정상(보고 270 미보고 0 JAM 0)
2026-10-04 09:52:11,076 [HID병목]   [09:50:50] M16HUB 정상(보고 270 미보고 0 JAM 0)
2026-10-04 09:53:01,073 [HID병목]   [09:51:40] M16HUB 정상(보고 270 미보고 0 JAM 0)
2026-10-04 09:53:51,075 [HID병목]   [09:52:30] M16HUB 정상(보고 270 미보고 0 JAM 0)
2026-10-04 09:54:41,064 [HID병목]   [09:53:20] M16HUB 정상(보고 270 미보고 0 JAM 0)
2026-10-04 09:55:31,074 [HID병목]   [09:54:10] M16HUB 정상(보고 269 미보고 1 JAM 0)
2026-10-04 09:56:22,331 [HID병목]   [09:55:00] M16HUB 정상(보고 269 미보고 1 JAM 0)
2026-10-04 09:57:11,075 [HID병목]   [09:55:50] M16HUB 정상(보고 269 미보고 1 JAM 0)
2026-10-04 09:58:01,063 [HID병목]   [09:56:40] M16HUB 정상(보고 270 미보고 0 JAM 0)
2026-10-04 09:58:51,076 [HID병목]   [09:57:30] M16HUB 정상(보고 270 미보고 0 JAM 0)
2026-10-04 09:59:41,058 [HID병목]   [09:58:20] M16HUB 정상(보고 270 미보고 0 JAM 0)
2026-10-04 10:00:31,024 [HID병목]   [09:59:10] M16HUB 정상(보고 270 미보고 0 JAM 0)
2026-10-04 10:01:21,164 [HID병목]   [10:00:00] M16HUB 정상(보고 270 미보고 0 JAM 0)
2026-10-04 10:02:11,066 [HID병목]   [10:00:50] M16HUB 정상(보고 270 미보고 0 JAM 0)
2026-10-04 10:03:01,045 [HID병목]   [10:01:40] M16HUB 정상(보고 270 미보고 0 JAM 0)
2026-10-04 10:03:51,074 [HID병목]   [10:02:30] M16HUB 정상(보고 270 미보고 0 JAM 0)
2026-10-04 10:04:41,064 [HID병목]   [10:03:20] M16HUB 정상(보고 270 미보고 0 JAM 0)
2026-10-04 10:05:31,049 [HID병목]   [10:04:10] M16HUB 정상(보고 270 미보고 0 JAM 0)
2026-10-04 10:06:21,075 [HID병목]   [10:05:00] M16HUB 정상(보고 270 미보고 0 JAM 0)
2026-10-04 10:07:11,070 [HID병목]   [10:05:50] M16HUB 정상(보고 270 미보고 0 JAM 0)
2026-10-04 10:08:01,054 [HID병목]   [10:06:40] M16HUB 정상(보고 270 미보고 0 JAM 0)
2026-10-04 10:08:51,085 [HID병목]   [10:07:30] M16HUB 정상(보고 270 미보고 0 JAM 0)
2026-10-04 10:09:41,030 [HID병목]   [10:08:20] M16HUB 정상(보고 270 미보고 0 JAM 0)
2026-10-04 10:10:31,065 [HID병목]   [10:09:10] M16HUB 정상(보고 270 미보고 0 JAM 0)
2026-10-04 10:11:21,029 [HID병목]   [10:10:00] M16HUB 정상(보고 270 미보고 0 JAM 0)
2026-10-04 10:12:11,030 [HID병목]   [10:10:50] M16HUB 정상(보고 270 미보고 0 JAM 0)
2026-10-04 10:13:01,082 [HID병목]   [10:11:40] M16HUB 정상(보고 270 미보고 0 JAM 0)
2026-10-04 10:13:51,077 [HID병목]   [10:12:30] M16HUB 정상(보고 269 미보고 1 JAM 0)
2026-10-04 10:14:41,016 [HID병목]   [10:13:20] M16HUB 정상(보고 269 미보고 1 JAM 0)
2026-10-04 10:15:32,669 [HID병목]   [10:14:10] M16HUB 정상(보고 269 미보고 1 JAM 0)
2026-10-04 10:16:21,027 [HID병목]   [10:15:00] M16HUB 정상(보고 270 미보고 0 JAM 0)
2026-10-04 10:17:11,063 [HID병목]   [10:15:50] M16HUB 정상(보고 270 미보고 0 JAM 0)
2026-10-04 10:18:01,123 [HID병목]   [10:16:40] M16HUB 정상(보고 270 미보고 0 JAM 0)
2026-10-04 10:18:51,024 [HID병목]   [10:17:30] M16HUB 정상(보고 270 미보고 0 JAM 0)
2026-10-04 10:19:41,092 [HID병목]   [10:18:20] M16HUB 정상(보고 270 미보고 0 JAM 0)
2026-10-04 10:20:31,073 [HID병목]   [10:19:10] M16HUB 정상(보고 270 미보고 0 JAM 0)
2026-10-04 10:21:21,175 [HID병목]   [10:20:00] M16HUB 정상(보고 270 미보고 0 JAM 0)
2026-10-04 10:22:11,049 [HID병목]   [10:20:50] M16HUB 정상(보고 270 미보고 0 JAM 0)
2026-10-04 10:23:01,136 [HID병목]   [10:21:40] M16HUB 정상(보고 270 미보고 0 JAM 0)
2026-10-04 10:23:51,060 [HID병목]   [10:22:30] M16HUB 정상(보고 270 미보고 0 JAM 0)
2026-10-04 10:24:41,064 [HID병목]   [10:23:20] M16HUB 정상(보고 270 미보고 0 JAM 0)
2026-10-04 10:25:32,032 [HID병목]   [10:24:10] M16HUB 정상(보고 269 미보고 1 JAM 0)
2026-10-04 10:26:21,075 [HID병목]   [10:25:00] M16HUB 정상(보고 269 미보고 1 JAM 0)
2026-10-04 10:27:11,033 [HID병목]   [10:25:50] M16HUB 정상(보고 269 미보고 1 JAM 0)
2026-10-04 10:28:01,088 [HID병목]   [10:26:40] M16HUB 정상(보고 270 미보고 0 JAM 0)
2026-10-04 10:28:51,050 [HID병목]   [10:27:30] M16HUB 정상(보고 270 미보고 0 JAM 0)
2026-10-04 10:29:41,066 [HID병목]   [10:28:20] M16HUB 정상(보고 270 미보고 0 JAM 0)
2026-10-04 10:30:31,059 [HID병목]   [10:29:10] M16HUB 정상(보고 270 미보고 0 JAM 0)
2026-10-04 10:31:21,024 [HID병목]   [10:30:00] M16HUB 정상(보고 270 미보고 0 JAM 0)
2026-10-04 10:32:11,029 [HID병목]   [10:30:50] M16HUB 정상(보고 270 미보고 0 JAM 0)
2026-10-04 10:33:01,095 [HID병목]   [10:31:40] M16HUB 정상(보고 270 미보고 0 JAM 0)
2026-10-04 10:33:51,067 [HID병목]   [10:32:30] M16HUB 정상(보고 270 미보고 0 JAM 0)
2026-10-04 10:34:42,933 [HID병목]   [10:33:20] M16HUB 정상(보고 269 미보고 1 JAM 0)
2026-10-04 10:35:31,068 [HID병목]   [10:34:10] M16HUB 정상(보고 269 미보고 1 JAM 0)
2026-10-04 10:36:21,076 [HID병목]   [10:35:00] M16HUB 정상(보고 269 미보고 1 JAM 0)
2026-10-04 10:37:11,076 [HID병목]   [10:35:50] M16HUB 정상(보고 270 미보고 0 JAM 0)
2026-10-04 10:38:01,040 [HID병목]   [10:36:40] M16HUB 정상(보고 270 미보고 0 JAM 0)
2026-10-04 10:38:51,056 [HID병목]   [10:37:30] M16HUB 정상(보고 270 미보고 0 JAM 0)
2026-10-04 10:39:41,067 [HID병목]   [10:38:20] M16HUB 정상(보고 270 미보고 0 JAM 0)
2026-10-04 10:40:31,024 [HID병목]   [10:39:10] M16HUB 정상(보고 269 미보고 1 JAM 0)
2026-10-04 10:41:21,076 [HID병목]   [10:40:00] M16HUB 정상(보고 269 미보고 1 JAM 0)
2026-10-04 10:42:11,061 [HID병목]   [10:40:50] M16HUB 정상(보고 269 미보고 1 JAM 0)
2026-10-04 10:43:01,080 [HID병목]   [10:41:40] M16HUB 정상(보고 270 미보고 0 JAM 0)
2026-10-04 10:43:51,074 [HID병목]   [10:42:30] M16HUB 정상(보고 270 미보고 0 JAM 0)
2026-10-04 10:44:41,062 [HID병목]   [10:43:20] M16HUB 정상(보고 270 미보고 0 JAM 0)
2026-10-04 10:45:31,085 [HID병목]   [10:44:10] M16HUB 정상(보고 270 미보고 0 JAM 0)
2026-10-04 10:46:21,638 [HID병목]   [10:45:00] M16HUB 정상(보고 270 미보고 0 JAM 0)
2026-10-04 10:47:11,053 [HID병목]   [10:45:50] M16HUB 정상(보고 269 미보고 1 JAM 0)
2026-10-04 10:48:01,090 [HID병목]   [10:46:40] M16HUB 정상(보고 269 미보고 1 JAM 0)
2026-10-04 10:48:51,043 [HID병목]   [10:47:30] M16HUB 정상(보고 269 미보고 1 JAM 0)
2026-10-04 10:49:41,065 [HID병목]   [10:48:20] M16HUB 정상(보고 270 미보고 0 JAM 0)
2026-10-04 10:50:31,075 [HID병목]   [10:49:10] M16HUB 정상(보고 270 미보고 0 JAM 0)
2026-10-04 10:51:21,479 [HID병목]   [10:50:00] M16HUB 정상(보고 270 미보고 0 JAM 0)
2026-10-04 10:52:11,036 [HID병목]   [10:50:50] M16HUB 정상(보고 270 미보고 0 JAM 0)
2026-10-04 10:53:01,083 [HID병목]   [10:51:40] M16HUB 정상(보고 270 미보고 0 JAM 0)
2026-10-04 10:53:51,074 [HID병목]   [10:52:30] M16HUB 정상(보고 270 미보고 0 JAM 0)
2026-10-04 10:54:41,065 [HID병목]   [10:53:20] M16HUB 정상(보고 270 미보고 0 JAM 0)
2026-10-04 10:55:31,044 [HID병목]   [10:54:10] M16HUB 정상(보고 270 미보고 0 JAM 0)
2026-10-04 10:56:21,830 [HID병목]   [10:55:00] M16HUB 정상(보고 269 미보고 1 JAM 0)
2026-10-04 10:57:11,036 [HID병목]   [10:55:50] M16HUB 정상(보고 269 미보고 1 JAM 0)
2026-10-04 10:58:01,054 [HID병목]   [10:56:40] M16HUB 정상(보고 269 미보고 1 JAM 0)
2026-10-04 10:58:51,080 [HID병목]   [10:57:30] M16HUB 정상(보고 270 미보고 0 JAM 0)
2026-10-04 10:59:41,045 [HID병목]   [10:58:20] M16HUB 정상(보고 270 미보고 0 JAM 0)
2026-10-04 11:00:31,047 [HID병목]   [10:59:10] M16HUB 정상(보고 270 미보고 0 JAM 0)
2026-10-04 11:01:21,074 [HID병목]   [11:00:00] M16HUB 정상(보고 270 미보고 0 JAM 0)
2026-10-04 11:02:11,078 [HID병목]   [11:00:50] M16HUB 정상(보고 270 미보고 0 JAM 0)
2026-10-04 11:03:01,034 [HID병목]   [11:01:40] M16HUB 정상(보고 269 미보고 1 JAM 0)
2026-10-04 11:03:51,033 [HID병목]   [11:02:30] M16HUB 정상(보고 269 미보고 1 JAM 0)
2026-10-04 11:04:41,051 [HID병목]   [11:03:20] M16HUB 정상(보고 269 미보고 1 JAM 0)
2026-10-04 11:05:31,842 [HID병목]   [11:04:10] M16HUB 정상(보고 270 미보고 0 JAM 0)
2026-10-04 11:06:21,075 [HID병목]   [11:05:00] M16HUB 정상(보고 270 미보고 0 JAM 0)
2026-10-04 11:07:11,118 [HID병목]   [11:05:50] M16HUB 정상(보고 270 미보고 0 JAM 0)
2026-10-04 11:08:01,085 [HID병목]   [11:06:40] M16HUB 정상(보고 270 미보고 0 JAM 0)
2026-10-04 11:08:51,094 [HID병목]   [11:07:30] M16HUB 정상(보고 270 미보고 0 JAM 0)
2026-10-04 11:09:41,064 [HID병목]   [11:08:20] M16HUB 정상(보고 270 미보고 0 JAM 0)
2026-10-04 11:10:31,053 [HID병목]   [11:09:10] M16HUB 정상(보고 270 미보고 0 JAM 0)
2026-10-04 11:11:21,087 [HID병목]   [11:10:00] M16HUB 정상(보고 270 미보고 0 JAM 0)
2026-10-04 11:12:11,072 [HID병목]   [11:10:50] M16HUB 정상(보고 270 미보고 0 JAM 0)
2026-10-04 11:13:01,051 [HID병목]   [11:11:40] M16HUB 정상(보고 270 미보고 0 JAM 0)
2026-10-04 11:13:51,074 [HID병목]   [11:12:30] M16HUB 정상(보고 270 미보고 0 JAM 0)
2026-10-04 11:14:41,057 [HID병목]   [11:13:20] M16HUB 정상(보고 270 미보고 0 JAM 0)
2026-10-04 11:15:31,025 [HID병목]   [11:14:10] M16HUB 정상(보고 270 미보고 0 JAM 0)
2026-10-04 11:16:21,042 [HID병목]   [11:15:00] M16HUB 정상(보고 270 미보고 0 JAM 0)
2026-10-04 11:17:11,025 [HID병목]   [11:15:50] M16HUB 정상(보고 270 미보고 0 JAM 0)
2026-10-04 11:18:01,081 [HID병목]   [11:16:40] M16HUB 정상(보고 270 미보고 0 JAM 0)
2026-10-04 11:18:51,030 [HID병목]   [11:17:30] M16HUB 정상(보고 270 미보고 0 JAM 0)
2026-10-04 11:19:41,018 [HID병목]   [11:18:20] M16HUB 정상(보고 270 미보고 0 JAM 0)
2026-10-04 11:20:31,075 [HID병목]   [11:19:10] M16HUB 정상(보고 270 미보고 0 JAM 0)
2026-10-04 11:21:21,066 [HID병목]   [11:20:00] M16HUB 정상(보고 270 미보고 0 JAM 0)
2026-10-04 11:22:11,074 [HID병목]   [11:20:50] M16HUB 정상(보고 270 미보고 0 JAM 0)
2026-10-04 11:23:01,107 [HID병목]   [11:21:40] M16HUB 정상(보고 270 미보고 0 JAM 0)
2026-10-04 11:23:51,033 [HID병목]   [11:22:30] M16HUB 정상(보고 270 미보고 0 JAM 0)
2026-10-04 11:24:41,020 [HID병목]   [11:23:20] M16HUB 정상(보고 270 미보고 0 JAM 0)
2026-10-04 11:25:31,065 [HID병목]   [11:24:10] M16HUB 정상(보고 270 미보고 0 JAM 0)
2026-10-04 11:26:21,057 [HID병목]   [11:25:00] M16HUB 정상(보고 270 미보고 0 JAM 0)
2026-10-04 11:27:11,028 [HID병목]   [11:25:50] M16HUB 정상(보고 270 미보고 0 JAM 0)
2026-10-04 11:28:01,098 [HID병목]   [11:26:40] M16HUB 정상(보고 270 미보고 0 JAM 0)
2026-10-04 11:28:51,025 [HID병목]   [11:27:30] M16HUB 정상(보고 270 미보고 0 JAM 0)
2026-10-04 11:29:41,033 [HID병목]   [11:28:20] M16HUB 정상(보고 270 미보고 0 JAM 0)
2026-10-04 11:30:31,040 [HID병목]   [11:29:10] M16HUB 정상(보고 270 미보고 0 JAM 0)
2026-10-04 11:31:21,027 [HID병목]   [11:30:00] M16HUB 정상(보고 270 미보고 0 JAM 0)
2026-10-04 11:32:11,034 [HID병목]   [11:30:50] M16HUB 정상(보고 270 미보고 0 JAM 0)
2026-10-04 11:33:01,064 [HID병목]   [11:31:40] M16HUB 정상(보고 270 미보고 0 JAM 0)
2026-10-04 11:33:51,065 [HID병목]   [11:32:30] M16HUB 정상(보고 270 미보고 0 JAM 0)
2026-10-04 11:34:44,275 [HID병목]   [11:33:20] M16HUB 정상(보고 270 미보고 0 JAM 0)
2026-10-04 11:35:31,044 [HID병목]   [11:34:10] M16HUB 정상(보고 270 미보고 0 JAM 0)
2026-10-04 11:36:21,052 [HID병목]   [11:35:00] M16HUB 정상(보고 270 미보고 0 JAM 0)
2026-10-04 11:37:11,048 [HID병목]   [11:35:50] M16HUB 정상(보고 270 미보고 0 JAM 0)
2026-10-04 11:38:01,083 [HID병목]   [11:36:40] M16HUB 정상(보고 270 미보고 0 JAM 0)
2026-10-04 11:38:51,076 [HID병목]   [11:37:30] M16HUB 정상(보고 270 미보고 0 JAM 0)
2026-10-04 11:39:41,066 [HID병목]   [11:38:20] M16HUB 정상(보고 270 미보고 0 JAM 0)
2026-10-04 11:40:31,032 [HID병목]   [11:39:10] M16HUB 정상(보고 270 미보고 0 JAM 0)
2026-10-04 11:41:21,451 [HID병목]   [11:40:00] M16HUB 정상(보고 270 미보고 0 JAM 0)
2026-10-04 11:42:11,075 [HID병목]   [11:40:50] M16HUB 정상(보고 270 미보고 0 JAM 0)
2026-10-04 11:43:01,082 [HID병목]   [11:41:40] M16HUB 정상(보고 270 미보고 0 JAM 0)
2026-10-04 11:43:51,074 [HID병목]   [11:42:30] M16HUB 정상(보고 270 미보고 0 JAM 0)
2026-10-04 11:44:41,064 [HID병목]   [11:43:20] M16HUB 정상(보고 270 미보고 0 JAM 0)
2026-10-04 11:45:31,074 [HID병목]   [11:44:10] M16HUB 정상(보고 270 미보고 0 JAM 0)
2026-10-04 11:46:21,060 [HID병목]   [11:45:00] M16HUB 정상(보고 270 미보고 0 JAM 0)
2026-10-04 11:47:11,076 [HID병목]   [11:45:50] M16HUB 정상(보고 270 미보고 0 JAM 0)
2026-10-04 11:48:01,034 [HID병목]   [11:46:40] M16HUB 정상(보고 270 미보고 0 JAM 0)
2026-10-04 11:48:51,074 [HID병목]   [11:47:30] M16HUB 정상(보고 270 미보고 0 JAM 0)
2026-10-04 11:49:41,065 [HID병목]   [11:48:20] M16HUB 정상(보고 270 미보고 0 JAM 0)
2026-10-04 11:50:31,074 [HID병목]   [11:49:10] M16HUB 정상(보고 270 미보고 0 JAM 0)
2026-10-04 11:51:21,080 [HID병목]   [11:50:00] M16HUB 정상(보고 270 미보고 0 JAM 0)
2026-10-04 11:52:11,080 [HID병목]   [11:50:50] M16HUB 정상(보고 270 미보고 0 JAM 0)
2026-10-04 11:53:01,081 [HID병목]   [11:51:40] M16HUB 정상(보고 270 미보고 0 JAM 0)
2026-10-04 11:53:51,027 [HID병목]   [11:52:30] M16HUB 정상(보고 270 미보고 0 JAM 0)
2026-10-04 11:54:41,055 [HID병목]   [11:53:20] M16HUB 정상(보고 270 미보고 0 JAM 0)
2026-10-04 11:55:31,048 [HID병목]   [11:54:10] M16HUB 정상(보고 270 미보고 0 JAM 0)
2026-10-04 11:56:21,090 [HID병목]   [11:55:00] M16HUB 정상(보고 270 미보고 0 JAM 0)
2026-10-04 11:57:11,060 [HID병목]   [11:55:50] M16HUB 정상(보고 270 미보고 0 JAM 0)
2026-10-04 11:58:01,038 [HID병목]   [11:56:40] M16HUB 정상(보고 270 미보고 0 JAM 0)
2026-10-04 11:58:51,026 [HID병목]   [11:57:30] M16HUB 정상(보고 270 미보고 0 JAM 0)
2026-10-04 11:59:41,065 [HID병목]   [11:58:20] M16HUB 정상(보고 270 미보고 0 JAM 0)
2026-10-04 12:00:31,074 [HID병목]   [11:59:10] M16HUB 정상(보고 270 미보고 0 JAM 0)
2026-10-04 12:01:21,168 [HID병목]   [12:00:00] M16HUB 정상(보고 270 미보고 0 JAM 0)
2026-10-04 12:02:11,049 [HID병목]   [12:00:50] M16HUB 정상(보고 270 미보고 0 JAM 0)
2026-10-04 12:03:01,073 [HID병목]   [12:01:40] M16HUB 정상(보고 270 미보고 0 JAM 0)
2026-10-04 12:03:51,025 [HID병목]   [12:02:30] M16HUB 정상(보고 270 미보고 0 JAM 0)
2026-10-04 12:04:41,036 [HID병목]   [12:03:20] M16HUB 정상(보고 270 미보고 0 JAM 0)
2026-10-04 12:05:31,074 [HID병목]   [12:04:10] M16HUB 정상(보고 270 미보고 0 JAM 0)
2026-10-04 12:06:21,055 [HID병목]   [12:05:00] M16HUB 정상(보고 270 미보고 0 JAM 0)
2026-10-04 12:07:11,072 [HID병목]   [12:05:50] M16HUB 정상(보고 270 미보고 0 JAM 0)
2026-10-04 12:08:01,033 [HID병목]   [12:06:40] M16HUB 정상(보고 270 미보고 0 JAM 0)
2026-10-04 12:08:51,081 [HID병목]   [12:07:30] M16HUB 정상(보고 269 미보고 1 JAM 0)
2026-10-04 12:09:41,065 [HID병목]   [12:08:20] M16HUB 정상(보고 269 미보고 1 JAM 0)
2026-10-04 12:10:31,066 [HID병목]   [12:09:10] M16HUB 정상(보고 269 미보고 1 JAM 0)
2026-10-04 12:11:21,075 [HID병목]   [12:10:00] M16HUB 정상(보고 270 미보고 0 JAM 0)
2026-10-04 12:12:11,052 [HID병목]   [12:10:50] M16HUB 정상(보고 270 미보고 0 JAM 0)
2026-10-04 12:13:01,082 [HID병목]   [12:11:40] M16HUB 정상(보고 270 미보고 0 JAM 0)
2026-10-04 12:13:51,061 [HID병목]   [12:12:30] M16HUB 정상(보고 270 미보고 0 JAM 0)
2026-10-04 12:14:41,065 [HID병목]   [12:13:20] M16HUB 정상(보고 270 미보고 0 JAM 0)
2026-10-04 12:15:31,075 [HID병목]   [12:14:10] M16HUB 정상(보고 270 미보고 0 JAM 0)
2026-10-04 12:16:21,056 [HID병목]   [12:15:00] M16HUB 정상(보고 270 미보고 0 JAM 0)
2026-10-04 12:17:11,075 [HID병목]   [12:15:50] M16HUB 정상(보고 270 미보고 0 JAM 0)
2026-10-04 12:18:01,082 [HID병목]   [12:16:40] M16HUB 정상(보고 270 미보고 0 JAM 0)
2026-10-04 12:18:51,076 [HID병목]   [12:17:30] M16HUB 정상(보고 270 미보고 0 JAM 0)
2026-10-04 12:19:41,066 [HID병목]   [12:18:20] M16HUB 정상(보고 270 미보고 0 JAM 0)
2026-10-04 12:20:31,053 [HID병목]   [12:19:10] M16HUB 정상(보고 270 미보고 0 JAM 0)
2026-10-04 12:21:21,128 [HID병목]   [12:20:00] M16HUB 정상(보고 270 미보고 0 JAM 0)
2026-10-04 12:22:11,064 [HID병목]   [12:20:50] M16HUB 정상(보고 270 미보고 0 JAM 0)
2026-10-04 12:23:01,078 [HID병목]   [12:21:40] M16HUB 정상(보고 270 미보고 0 JAM 0)
2026-10-04 12:23:51,086 [HID병목]   [12:22:30] M16HUB 정상(보고 270 미보고 0 JAM 0)
2026-10-04 12:24:41,055 [HID병목]   [12:23:20] M16HUB 정상(보고 270 미보고 0 JAM 0)
2026-10-04 12:25:31,050 [HID병목]   [12:24:10] M16HUB 정상(보고 270 미보고 0 JAM 0)
2026-10-04 12:26:21,078 [HID병목]   [12:25:00] M16HUB 정상(보고 270 미보고 0 JAM 0)
2026-10-04 12:27:11,063 [HID병목]   [12:25:50] M16HUB 정상(보고 270 미보고 0 JAM 0)
2026-10-04 12:28:01,101 [HID병목]   [12:26:40] M16HUB 정상(보고 270 미보고 0 JAM 0)
2026-10-04 12:28:51,055 [HID병목]   [12:27:30] M16HUB 정상(보고 270 미보고 0 JAM 0)
2026-10-04 12:29:41,066 [HID병목]   [12:28:20] M16HUB 정상(보고 270 미보고 0 JAM 0)
2026-10-04 12:30:31,027 [HID병목]   [12:29:10] M16HUB 정상(보고 270 미보고 0 JAM 0)
2026-10-04 12:31:21,078 [HID병목]   [12:30:00] M16HUB 정상(보고 270 미보고 0 JAM 0)
2026-10-04 12:32:11,077 [HID병목]   [12:30:50] M16HUB 정상(보고 270 미보고 0 JAM 0)
2026-10-04 12:33:01,041 [HID병목]   [12:31:40] M16HUB 정상(보고 270 미보고 0 JAM 0)
2026-10-04 12:33:51,075 [HID병목]   [12:32:30] M16HUB 정상(보고 270 미보고 0 JAM 0)
2026-10-04 12:34:41,061 [HID병목]   [12:33:20] M16HUB 정상(보고 270 미보고 0 JAM 0)
2026-10-04 12:35:31,064 [HID병목]   [12:34:10] M16HUB 정상(보고 270 미보고 0 JAM 0)
2026-10-04 12:36:21,026 [HID병목]   [12:35:00] M16HUB 정상(보고 270 미보고 0 JAM 0)
2026-10-04 12:37:11,063 [HID병목]   [12:35:50] M16HUB 정상(보고 270 미보고 0 JAM 0)
2026-10-04 12:38:01,130 [HID병목]   [12:36:40] M16HUB 정상(보고 270 미보고 0 JAM 0)
2026-10-04 12:38:51,038 [HID병목]   [12:37:30] M16HUB 정상(보고 270 미보고 0 JAM 0)
2026-10-04 12:39:41,065 [HID병목]   [12:38:20] M16HUB 정상(보고 270 미보고 0 JAM 0)
2026-10-04 12:40:31,167 [HID병목]   [12:39:10] M16HUB 정상(보고 270 미보고 0 JAM 0)
2026-10-04 12:41:21,028 [HID병목]   [12:40:00] M16HUB 정상(보고 270 미보고 0 JAM 0)
2026-10-04 12:42:11,074 [HID병목]   [12:40:50] M16HUB 정상(보고 270 미보고 0 JAM 0)
2026-10-04 12:43:01,169 [HID병목]   [12:41:40] M16HUB 정상(보고 270 미보고 0 JAM 0)
2026-10-04 12:43:51,074 [HID병목]   [12:42:30] M16HUB 정상(보고 270 미보고 0 JAM 0)
2026-10-04 12:44:41,016 [HID병목]   [12:43:20] M16HUB 정상(보고 270 미보고 0 JAM 0)
2026-10-04 12:45:31,033 [HID병목]   [12:44:10] M16HUB 정상(보고 270 미보고 0 JAM 0)
2026-10-04 12:46:21,027 [HID병목]   [12:45:00] M16HUB 정상(보고 270 미보고 0 JAM 0)
2026-10-04 12:47:11,025 [HID병목]   [12:45:50] M16HUB 정상(보고 270 미보고 0 JAM 0)
2026-10-04 12:48:01,081 [HID병목]   [12:46:40] M16HUB 정상(보고 270 미보고 0 JAM 0)
2026-10-04 12:48:51,054 [HID병목]   [12:47:30] M16HUB 정상(보고 270 미보고 0 JAM 0)
2026-10-04 12:49:41,066 [HID병목]   [12:48:20] M16HUB 정상(보고 270 미보고 0 JAM 0)
2026-10-04 12:50:31,689 [HID병목]   [12:49:10] M16HUB 정상(보고 269 미보고 1 JAM 0)
2026-10-04 12:51:21,075 [HID병목]   [12:50:00] M16HUB 정상(보고 269 미보고 1 JAM 0)
2026-10-04 12:52:11,076 [HID병목]   [12:50:50] M16HUB 정상(보고 269 미보고 1 JAM 0)
2026-10-04 12:53:01,154 [HID병목]   [12:51:40] M16HUB 정상(보고 270 미보고 0 JAM 0)
2026-10-04 12:53:51,073 [HID병목]   [12:52:30] M16HUB 정상(보고 270 미보고 0 JAM 0)
2026-10-04 12:54:41,057 [HID병목]   [12:53:20] M16HUB 정상(보고 270 미보고 0 JAM 0)
2026-10-04 12:55:31,345 [HID병목]   [12:54:10] M16HUB 정상(보고 270 미보고 0 JAM 0)
2026-10-04 12:56:21,253 [HID병목]   [12:55:00] M16HUB 정상(보고 270 미보고 0 JAM 0)
2026-10-04 12:57:11,098 [HID병목]   [12:55:50] M16HUB 정상(보고 270 미보고 0 JAM 0)
2026-10-04 12:58:01,104 [HID병목]   [12:56:40] M16HUB 정상(보고 270 미보고 0 JAM 0)
2026-10-04 12:58:51,041 [HID병목]   [12:57:30] M16HUB 정상(보고 270 미보고 0 JAM 0)
2026-10-04 12:59:41,027 [HID병목]   [12:58:20] M16HUB 정상(보고 269 미보고 1 JAM 0)
2026-10-04 13:00:31,070 [HID병목]   [12:59:10] M16HUB 정상(보고 270 미보고 0 JAM 0)
2026-10-04 13:01:21,034 [HID병목]   [13:00:00] M16HUB 정상(보고 270 미보고 0 JAM 0)
2026-10-04 13:02:11,052 [HID병목]   [13:00:50] M16HUB 정상(보고 269 미보고 1 JAM 0)
2026-10-04 13:03:01,147 [HID병목]   [13:01:40] M16HUB 정상(보고 269 미보고 1 JAM 0)
2026-10-04 13:03:51,024 [HID병목]   [13:02:30] M16HUB 정상(보고 269 미보고 1 JAM 0)
2026-10-04 13:04:41,068 [HID병목]   [13:03:20] M16HUB 정상(보고 270 미보고 0 JAM 0)
2026-10-04 13:05:31,056 [HID병목]   [13:04:10] M16HUB 정상(보고 270 미보고 0 JAM 0)
2026-10-04 13:06:21,136 [HID병목]   [13:05:00] M16HUB 정상(보고 270 미보고 0 JAM 0)
2026-10-04 13:07:11,074 [HID병목]   [13:05:50] M16HUB 정상(보고 270 미보고 0 JAM 0)
2026-10-04 13:08:01,053 [HID병목]   [13:06:40] M16HUB 정상(보고 270 미보고 0 JAM 0)
2026-10-04 13:08:51,073 [HID병목]   [13:07:30] M16HUB 정상(보고 269 미보고 1 JAM 0)
2026-10-04 13:09:41,066 [HID병목]   [13:08:20] M16HUB 정상(보고 269 미보고 1 JAM 0)
2026-10-04 13:10:31,027 [HID병목]   [13:09:10] M16HUB 정상(보고 269 미보고 1 JAM 0)
2026-10-04 13:11:21,025 [HID병목]   [13:10:00] M16HUB 정상(보고 270 미보고 0 JAM 0)
2026-10-04 13:12:11,027 [HID병목]   [13:10:50] M16HUB 정상(보고 270 미보고 0 JAM 0)
2026-10-04 13:13:01,126 [HID병목]   [13:11:40] M16HUB 정상(보고 270 미보고 0 JAM 0)
2026-10-04 13:13:51,036 [HID병목]   [13:12:30] M16HUB 정상(보고 270 미보고 0 JAM 0)
2026-10-04 13:14:41,064 [HID병목]   [13:13:20] M16HUB 정상(보고 270 미보고 0 JAM 0)
2026-10-04 13:15:32,343 [HID병목]   [13:14:10] M16HUB 정상(보고 270 미보고 0 JAM 0)
2026-10-04 13:16:21,058 [HID병목]   [13:15:00] M16HUB 정상(보고 269 미보고 1 JAM 0)
2026-10-04 13:17:11,024 [HID병목]   [13:15:50] M16HUB 정상(보고 269 미보고 1 JAM 0)
2026-10-04 13:18:01,074 [HID병목]   [13:16:40] M16HUB 정상(보고 269 미보고 1 JAM 0)
2026-10-04 13:18:51,076 [HID병목]   [13:17:30] M16HUB 정상(보고 270 미보고 0 JAM 0)
2026-10-04 13:19:41,018 [HID병목]   [13:18:20] M16HUB 정상(보고 270 미보고 0 JAM 0)
2026-10-04 13:20:31,368 [HID병목]   [13:19:10] M16HUB 정상(보고 270 미보고 0 JAM 0)
2026-10-04 13:21:21,093 [HID병목]   [13:20:00] M16HUB 정상(보고 270 미보고 0 JAM 0)
2026-10-04 13:22:11,077 [HID병목]   [13:20:50] M16HUB 정상(보고 270 미보고 0 JAM 0)
2026-10-04 13:23:01,233 [HID병목]   [13:21:40] M16HUB 정상(보고 270 미보고 0 JAM 0)
2026-10-04 13:23:51,073 [HID병목]   [13:22:30] M16HUB 정상(보고 270 미보고 0 JAM 0)
2026-10-04 13:24:41,068 [HID병목]   [13:23:20] M16HUB 정상(보고 270 미보고 0 JAM 0)
2026-10-04 13:25:31,033 [HID병목]   [13:24:10] M16HUB 정상(보고 270 미보고 0 JAM 0)
2026-10-04 13:26:21,075 [HID병목]   [13:25:00] M16HUB 정상(보고 270 미보고 0 JAM 0)
2026-10-04 13:27:11,075 [HID병목]   [13:25:50] M16HUB 정상(보고 270 미보고 0 JAM 0)
2026-10-04 13:28:01,068 [HID병목]   [13:26:40] M16HUB 정상(보고 270 미보고 0 JAM 0)
2026-10-04 13:28:51,027 [HID병목]   [13:27:30] M16HUB 정상(보고 270 미보고 0 JAM 0)
2026-10-04 13:29:41,067 [HID병목]   [13:28:20] M16HUB 정상(보고 270 미보고 0 JAM 0)
2026-10-04 13:30:31,044 [HID병목]   [13:29:10] M16HUB 정상(보고 270 미보고 0 JAM 0)
2026-10-04 13:31:21,076 [HID병목]   [13:30:00] M16HUB 정상(보고 270 미보고 0 JAM 0)
2026-10-04 13:32:11,074 [HID병목]   [13:30:50] M16HUB 정상(보고 270 미보고 0 JAM 0)
2026-10-04 13:33:01,162 [HID병목]   [13:31:40] M16HUB 정상(보고 270 미보고 0 JAM 0)
2026-10-04 13:33:51,075 [HID병목]   [13:32:30] M16HUB 정상(보고 269 미보고 1 JAM 0)
2026-10-04 13:34:41,023 [HID병목]   [13:33:20] M16HUB 정상(보고 269 미보고 1 JAM 0)
2026-10-04 13:35:31,036 [HID병목]   [13:34:10] M16HUB 정상(보고 269 미보고 1 JAM 0)
2026-10-04 13:36:21,614 [HID병목]   [13:35:00] M16HUB 정상(보고 270 미보고 0 JAM 0)
2026-10-04 13:37:11,029 [HID병목]   [13:35:50] M16HUB 정상(보고 270 미보고 0 JAM 0)
2026-10-04 13:38:01,081 [HID병목]   [13:36:40] M16HUB 정상(보고 270 미보고 0 JAM 0)
2026-10-04 13:38:51,076 [HID병목]   [13:37:30] M16HUB 정상(보고 270 미보고 0 JAM 0)
2026-10-04 13:39:41,055 [HID병목]   [13:38:20] M16HUB 정상(보고 270 미보고 0 JAM 0)
2026-10-04 13:40:31,040 [HID병목]   [13:39:10] M16HUB 정상(보고 269 미보고 1 JAM 0)
2026-10-04 13:41:21,623 [HID병목]   [13:40:00] M16HUB 정상(보고 269 미보고 1 JAM 0)
2026-10-04 13:42:11,065 [HID병목]   [13:40:50] M16HUB 정상(보고 269 미보고 1 JAM 0)
2026-10-04 13:43:01,295 [HID병목]   [13:41:40] M16HUB 정상(보고 270 미보고 0 JAM 0)
2026-10-04 13:43:51,072 [HID병목]   [13:42:30] M16HUB 정상(보고 270 미보고 0 JAM 0)
2026-10-04 13:44:41,022 [HID병목]   [13:43:20] M16HUB 정상(보고 270 미보고 0 JAM 0)
2026-10-04 13:45:31,062 [HID병목]   [13:44:10] M16HUB 정상(보고 270 미보고 0 JAM 0)
2026-10-04 13:46:21,074 [HID병목]   [13:45:00] M16HUB 정상(보고 270 미보고 0 JAM 0)
2026-10-04 13:47:11,077 [HID병목]   [13:45:50] M16HUB 정상(보고 270 미보고 0 JAM 0)
2026-10-04 13:48:01,086 [HID병목]   [13:46:40] M16HUB 정상(보고 270 미보고 0 JAM 0)
2026-10-04 13:48:51,071 [HID병목]   [13:47:30] M16HUB 정상(보고 270 미보고 0 JAM 0)
2026-10-04 13:49:41,059 [HID병목]   [13:48:20] M16HUB 정상(보고 270 미보고 0 JAM 0)
2026-10-04 13:50:31,126 [HID병목]   [13:49:10] M16HUB 정상(보고 270 미보고 0 JAM 0)
2026-10-04 13:51:21,081 [HID병목]   [13:50:00] M16HUB 정상(보고 270 미보고 0 JAM 0)
2026-10-04 13:52:11,076 [HID병목]   [13:50:50] M16HUB 정상(보고 270 미보고 0 JAM 0)
2026-10-04 13:53:01,031 [HID병목]   [13:51:40] M16HUB 정상(보고 270 미보고 0 JAM 0)
2026-10-04 13:53:51,225 [HID병목]   [13:52:30] M16HUB 정상(보고 270 미보고 0 JAM 0)
2026-10-04 13:54:41,066 [HID병목]   [13:53:20] M16HUB 정상(보고 270 미보고 0 JAM 0)
2026-10-04 13:55:31,029 [HID병목]   [13:54:10] M16HUB 정상(보고 270 미보고 0 JAM 0)
2026-10-04 13:56:22,635 [HID병목]   [13:55:00] M16HUB 정상(보고 270 미보고 0 JAM 0)
2026-10-04 13:57:11,046 [HID병목]   [13:55:50] M16HUB 정상(보고 270 미보고 0 JAM 0)
2026-10-04 13:58:01,046 [HID병목]   [13:56:40] M16HUB 정상(보고 270 미보고 0 JAM 0)
2026-10-04 13:58:51,066 [HID병목]   [13:57:30] M16HUB 정상(보고 270 미보고 0 JAM 0)
2026-10-04 13:59:41,034 [HID병목]   [13:58:20] M16HUB 정상(보고 270 미보고 0 JAM 0)
2026-10-04 14:00:32,554 [HID병목]   [13:59:10] M16HUB 정상(보고 270 미보고 0 JAM 0)
2026-10-04 14:01:21,434 [HID병목]   [14:00:00] M16HUB 정상(보고 270 미보고 0 JAM 0)
2026-10-04 14:02:11,029 [HID병목]   [14:00:50] M16HUB 정상(보고 270 미보고 0 JAM 0)
2026-10-04 14:03:01,122 [HID병목]   [14:01:40] M16HUB 정상(보고 270 미보고 0 JAM 0)
2026-10-04 14:03:51,059 [HID병목]   [14:02:30] M16HUB 정상(보고 270 미보고 0 JAM 0)
2026-10-04 14:04:41,066 [HID병목]   [14:03:20] M16HUB 정상(보고 270 미보고 0 JAM 0)
2026-10-04 14:05:31,031 [HID병목]   [14:04:10] M16HUB 정상(보고 270 미보고 0 JAM 0)
2026-10-04 14:06:21,799 [HID병목]   [14:05:00] M16HUB 정상(보고 270 미보고 0 JAM 0)
2026-10-04 14:07:11,060 [HID병목]   [14:05:50] M16HUB 정상(보고 270 미보고 0 JAM 0)
2026-10-04 14:08:01,126 [HID병목]   [14:06:40] M16HUB 정상(보고 270 미보고 0 JAM 0)
2026-10-04 14:08:51,034 [HID병목]   [14:07:30] M16HUB 정상(보고 270 미보고 0 JAM 0)
2026-10-04 14:09:41,049 [HID병목]   [14:08:20] M16HUB 정상(보고 270 미보고 0 JAM 0)
2026-10-04 14:10:31,032 [HID병목]   [14:09:10] M16HUB 정상(보고 270 미보고 0 JAM 0)
2026-10-04 14:11:21,899 [HID병목]   [14:10:00] M16HUB 정상(보고 270 미보고 0 JAM 0)
2026-10-04 14:12:11,024 [HID병목]   [14:10:50] M16HUB 정상(보고 270 미보고 0 JAM 0)
2026-10-04 14:13:01,135 [HID병목]   [14:11:40] M16HUB 정상(보고 270 미보고 0 JAM 0)
2026-10-04 14:13:51,060 [HID병목]   [14:12:30] M16HUB 정상(보고 270 미보고 0 JAM 0)
2026-10-04 14:14:41,065 [HID병목]   [14:13:20] M16HUB 정상(보고 270 미보고 0 JAM 0)
2026-10-04 14:15:31,078 [HID병목]   [14:14:10] M16HUB 정상(보고 270 미보고 0 JAM 0)
2026-10-04 14:16:21,074 [HID병목]   [14:15:00] M16HUB 정상(보고 270 미보고 0 JAM 0)
2026-10-04 14:17:11,068 [HID병목]   [14:15:50] M16HUB 정상(보고 270 미보고 0 JAM 0)
2026-10-04 14:18:01,080 [HID병목]   [14:16:40] M16HUB 정상(보고 270 미보고 0 JAM 0)
2026-10-04 14:18:51,075 [HID병목]   [14:17:30] M16HUB 정상(보고 270 미보고 0 JAM 0)
2026-10-04 14:19:41,024 [HID병목]   [14:18:20] M16HUB 정상(보고 270 미보고 0 JAM 0)
2026-10-04 14:20:31,025 [HID병목]   [14:19:10] M16HUB 정상(보고 270 미보고 0 JAM 0)
2026-10-04 14:21:21,074 [HID병목]   [14:20:00] M16HUB 정상(보고 270 미보고 0 JAM 0)
2026-10-04 14:22:11,069 [HID병목]   [14:20:50] M16HUB 정상(보고 270 미보고 0 JAM 0)
2026-10-04 14:23:01,083 [HID병목]   [14:21:40] M16HUB 정상(보고 270 미보고 0 JAM 0)
2026-10-04 14:23:51,025 [HID병목]   [14:22:30] M16HUB 정상(보고 270 미보고 0 JAM 0)
2026-10-04 14:24:41,065 [HID병목]   [14:23:20] M16HUB 정상(보고 270 미보고 0 JAM 0)
2026-10-04 14:25:31,074 [HID병목]   [14:24:10] M16HUB 정상(보고 270 미보고 0 JAM 0)
2026-10-04 14:26:21,047 [HID병목]   [14:25:00] M16HUB 정상(보고 270 미보고 0 JAM 0)
2026-10-04 14:27:11,075 [HID병목]   [14:25:50] M16HUB 정상(보고 270 미보고 0 JAM 0)
2026-10-04 14:28:01,081 [HID병목]   [14:26:40] M16HUB 정상(보고 270 미보고 0 JAM 0)
2026-10-04 14:28:51,045 [HID병목]   [14:27:30] M16HUB 정상(보고 270 미보고 0 JAM 0)
2026-10-04 14:29:41,045 [HID병목]   [14:28:20] M16HUB 정상(보고 270 미보고 0 JAM 0)
2026-10-04 14:30:31,075 [HID병목]   [14:29:10] M16HUB 정상(보고 270 미보고 0 JAM 0)
2026-10-04 14:31:21,188 [HID병목]   [14:30:00] M16HUB 정상(보고 270 미보고 0 JAM 0)
2026-10-04 14:32:11,034 [HID병목]   [14:30:50] M16HUB 정상(보고 270 미보고 0 JAM 0)
2026-10-04 14:33:01,054 [HID병목]   [14:31:40] M16HUB 정상(보고 270 미보고 0 JAM 0)
2026-10-04 14:33:51,075 [HID병목]   [14:32:30] M16HUB 정상(보고 270 미보고 0 JAM 0)
2026-10-04 14:34:41,025 [HID병목]   [14:33:20] M16HUB 정상(보고 270 미보고 0 JAM 0)
2026-10-04 14:35:31,058 [HID병목]   [14:34:10] M16HUB 정상(보고 270 미보고 0 JAM 0)
2026-10-04 14:36:21,532 [HID병목]   [14:35:00] M16HUB 정상(보고 270 미보고 0 JAM 0)
2026-10-04 14:37:11,074 [HID병목]   [14:35:50] M16HUB 정상(보고 270 미보고 0 JAM 0)
2026-10-04 14:38:01,082 [HID병목]   [14:36:40] M16HUB 정상(보고 270 미보고 0 JAM 0)
2026-10-04 14:38:51,074 [HID병목]   [14:37:30] M16HUB 정상(보고 270 미보고 0 JAM 0)
2026-10-04 14:39:41,028 [HID병목]   [14:38:20] M16HUB 정상(보고 270 미보고 0 JAM 0)
2026-10-04 14:40:31,080 [HID병목]   [14:39:10] M16HUB 정상(보고 270 미보고 0 JAM 0)
2026-10-04 14:41:21,585 [HID병목]   [14:40:00] M16HUB 정상(보고 270 미보고 0 JAM 0)
2026-10-04 14:42:11,025 [HID병목]   [14:40:50] M16HUB 정상(보고 270 미보고 0 JAM 0)
2026-10-04 14:43:01,077 [HID병목]   [14:41:40] M16HUB 정상(보고 270 미보고 0 JAM 0)
2026-10-04 14:43:51,074 [HID병목]   [14:42:30] M16HUB 정상(보고 270 미보고 0 JAM 0)
2026-10-04 14:44:41,044 [HID병목]   [14:43:20] M16HUB 정상(보고 270 미보고 0 JAM 0)
2026-10-04 14:45:31,088 [HID병목]   [14:44:10] M16HUB 정상(보고 270 미보고 0 JAM 0)
2026-10-04 14:46:21,068 [HID병목]   [14:45:00] M16HUB 정상(보고 270 미보고 0 JAM 0)
2026-10-04 14:47:11,055 [HID병목]   [14:45:50] M16HUB 정상(보고 270 미보고 0 JAM 0)
2026-10-04 14:48:01,084 [HID병목]   [14:46:40] M16HUB 정상(보고 270 미보고 0 JAM 0)
2026-10-04 14:48:51,065 [HID병목]   [14:47:30] M16HUB 정상(보고 270 미보고 0 JAM 0)
2026-10-04 14:49:41,065 [HID병목]   [14:48:20] M16HUB 정상(보고 270 미보고 0 JAM 0)
2026-10-04 14:50:31,024 [HID병목]   [14:49:10] M16HUB 정상(보고 270 미보고 0 JAM 0)
2026-10-04 14:51:21,033 [HID병목]   [14:50:00] M16HUB 정상(보고 270 미보고 0 JAM 0)
2026-10-04 14:52:11,035 [HID병목]   [14:50:50] M16HUB 정상(보고 270 미보고 0 JAM 0)
2026-10-04 14:53:01,080 [HID병목]   [14:51:40] M16HUB 정상(보고 270 미보고 0 JAM 0)
2026-10-04 14:53:51,074 [HID병목]   [14:52:30] M16HUB 정상(보고 270 미보고 0 JAM 0)
2026-10-04 14:54:41,040 [HID병목]   [14:53:20] M16HUB 정상(보고 270 미보고 0 JAM 0)
2026-10-04 14:55:31,064 [HID병목]   [14:54:10] M16HUB 정상(보고 270 미보고 0 JAM 0)
2026-10-04 14:56:21,076 [HID병목]   [14:55:00] M16HUB 정상(보고 270 미보고 0 JAM 0)
2026-10-04 14:57:11,074 [HID병목]   [14:55:50] M16HUB 정상(보고 270 미보고 0 JAM 0)
2026-10-04 14:58:01,050 [HID병목]   [14:56:40] M16HUB 정상(보고 270 미보고 0 JAM 0)
2026-10-04 14:58:51,077 [HID병목]   [14:57:30] M16HUB 정상(보고 270 미보고 0 JAM 0)
2026-10-04 14:59:44,981 [HID병목]   [14:58:20] M16HUB 정상(보고 270 미보고 0 JAM 0)
2026-10-04 15:00:31,023 [HID병목]   [14:59:10] M16HUB 정상(보고 270 미보고 0 JAM 0)
2026-10-04 15:01:21,059 [HID병목]   [15:00:00] M16HUB 정상(보고 270 미보고 0 JAM 0)
2026-10-04 15:02:11,045 [HID병목]   [15:00:50] M16HUB 정상(보고 270 미보고 0 JAM 0)
2026-10-04 15:03:01,124 [HID병목]   [15:01:40] M16HUB 정상(보고 270 미보고 0 JAM 0)
2026-10-04 15:03:51,076 [HID병목]   [15:02:30] M16HUB 정상(보고 270 미보고 0 JAM 0)
2026-10-04 15:04:41,016 [HID병목]   [15:03:20] M16HUB 정상(보고 270 미보고 0 JAM 0)
2026-10-04 15:05:31,071 [HID병목]   [15:04:10] M16HUB 정상(보고 270 미보고 0 JAM 0)
2026-10-04 15:06:21,077 [HID병목]   [15:05:00] M16HUB 정상(보고 270 미보고 0 JAM 0)
2026-10-04 15:07:11,035 [HID병목]   [15:05:50] M16HUB 정상(보고 270 미보고 0 JAM 0)
2026-10-04 15:08:01,088 [HID병목]   [15:06:40] M16HUB 정상(보고 270 미보고 0 JAM 0)
2026-10-04 15:08:51,076 [HID병목]   [15:07:30] M16HUB 정상(보고 270 미보고 0 JAM 0)
2026-10-04 15:09:41,066 [HID병목]   [15:08:20] M16HUB 정상(보고 270 미보고 0 JAM 0)
2026-10-04 15:10:31,064 [HID병목]   [15:09:10] M16HUB 정상(보고 270 미보고 0 JAM 0)
2026-10-04 15:11:22,076 [HID병목]   [15:10:00] M16HUB 정상(보고 270 미보고 0 JAM 0)
2026-10-04 15:12:11,072 [HID병목]   [15:10:50] M16HUB 정상(보고 270 미보고 0 JAM 0)
2026-10-04 15:13:01,084 [HID병목]   [15:11:40] M16HUB 정상(보고 270 미보고 0 JAM 0)
2026-10-04 15:13:51,073 [HID병목]   [15:12:30] M16HUB 정상(보고 270 미보고 0 JAM 0)
2026-10-04 15:14:41,064 [HID병목]   [15:13:20] M16HUB 정상(보고 270 미보고 0 JAM 0)
2026-10-04 15:15:31,075 [HID병목]   [15:14:10] M16HUB 정상(보고 270 미보고 0 JAM 0)
2026-10-04 15:16:21,206 [HID병목]   [15:15:00] M16HUB 정상(보고 270 미보고 0 JAM 0)
2026-10-04 15:17:11,076 [HID병목]   [15:15:50] M16HUB 정상(보고 270 미보고 0 JAM 0)
2026-10-04 15:18:01,087 [HID병목]   [15:16:40] M16HUB 정상(보고 270 미보고 0 JAM 0)
2026-10-04 15:18:51,038 [HID병목]   [15:17:30] M16HUB 정상(보고 270 미보고 0 JAM 0)
2026-10-04 15:19:42,698 [HID병목]   [15:18:20] M16HUB 정상(보고 270 미보고 0 JAM 0)
2026-10-04 15:20:31,025 [HID병목]   [15:19:10] M16HUB 정상(보고 270 미보고 0 JAM 0)
2026-10-04 15:21:21,076 [HID병목]   [15:20:00] M16HUB 정상(보고 270 미보고 0 JAM 0)
2026-10-04 15:22:11,076 [HID병목]   [15:20:50] M16HUB 정상(보고 270 미보고 0 JAM 0)
2026-10-04 15:23:01,085 [HID병목]   [15:21:40] M16HUB 정상(보고 270 미보고 0 JAM 0)
2026-10-04 15:23:51,076 [HID병목]   [15:22:30] M16HUB 정상(보고 270 미보고 0 JAM 0)
2026-10-04 15:24:41,065 [HID병목]   [15:23:20] M16HUB 정상(보고 270 미보고 0 JAM 0)
2026-10-04 15:25:31,078 [HID병목]   [15:24:10] M16HUB 정상(보고 270 미보고 0 JAM 0)
2026-10-04 15:26:21,061 [HID병목]   [15:25:00] M16HUB 정상(보고 270 미보고 0 JAM 0)
2026-10-04 15:27:11,074 [HID병목]   [15:25:50] M16HUB 정상(보고 270 미보고 0 JAM 0)
2026-10-04 15:28:01,083 [HID병목]   [15:26:40] M16HUB 정상(보고 270 미보고 0 JAM 0)
2026-10-04 15:28:51,050 [HID병목]   [15:27:30] M16HUB 정상(보고 270 미보고 0 JAM 0)
2026-10-04 15:29:41,021 [HID병목]   [15:28:20] M16HUB 정상(보고 270 미보고 0 JAM 0)
2026-10-04 15:30:31,073 [HID병목]   [15:29:10] M16HUB 정상(보고 270 미보고 0 JAM 0)
2026-10-04 15:31:22,060 [HID병목]   [15:30:00] M16HUB 정상(보고 270 미보고 0 JAM 0)
2026-10-04 15:32:11,024 [HID병목]   [15:30:50] M16HUB 정상(보고 270 미보고 0 JAM 0)
2026-10-04 15:33:01,084 [HID병목]   [15:31:40] M16HUB 정상(보고 270 미보고 0 JAM 0)
2026-10-04 15:33:51,077 [HID병목]   [15:32:30] M16HUB 정상(보고 269 미보고 1 JAM 0)
2026-10-04 15:34:41,064 [HID병목]   [15:33:20] M16HUB 정상(보고 269 미보고 1 JAM 0)
2026-10-04 15:35:31,073 [HID병목]   [15:34:10] M16HUB 정상(보고 269 미보고 1 JAM 0)
2026-10-04 15:36:21,076 [HID병목]   [15:35:00] M16HUB 정상(보고 270 미보고 0 JAM 0)
2026-10-04 15:37:11,073 [HID병목]   [15:35:50] M16HUB 정상(보고 270 미보고 0 JAM 0)
2026-10-04 15:38:01,086 [HID병목]   [15:36:40] M16HUB 정상(보고 270 미보고 0 JAM 0)
2026-10-04 15:38:51,055 [HID병목]   [15:37:30] M16HUB 정상(보고 270 미보고 0 JAM 0)
2026-10-04 15:39:41,027 [HID병목]   [15:38:20] M16HUB 정상(보고 270 미보고 0 JAM 0)
2026-10-04 15:40:31,076 [HID병목]   [15:39:10] M16HUB 정상(보고 270 미보고 0 JAM 0)
2026-10-04 15:41:21,074 [HID병목]   [15:40:00] M16HUB 정상(보고 270 미보고 0 JAM 0)
2026-10-04 15:42:11,076 [HID병목]   [15:40:50] M16HUB 정상(보고 270 미보고 0 JAM 0)
2026-10-04 15:43:01,092 [HID병목]   [15:41:40] M16HUB 정상(보고 270 미보고 0 JAM 0)
2026-10-04 15:43:51,052 [HID병목]   [15:42:30] M16HUB 정상(보고 270 미보고 0 JAM 0)
2026-10-04 15:44:41,016 [HID병목]   [15:43:20] M16HUB 정상(보고 270 미보고 0 JAM 0)
2026-10-04 15:45:31,074 [HID병목]   [15:44:10] M16HUB 정상(보고 270 미보고 0 JAM 0)
2026-10-04 15:46:21,565 [HID병목]   [15:45:00] M16HUB 정상(보고 270 미보고 0 JAM 0)
2026-10-04 15:47:11,024 [HID병목]   [15:45:50] M16HUB 정상(보고 269 미보고 1 JAM 0)
2026-10-04 15:48:01,038 [HID병목]   [15:46:40] M16HUB 정상(보고 270 미보고 0 JAM 0)
2026-10-04 15:48:51,073 [HID병목]   [15:47:30] M16HUB 정상(보고 270 미보고 0 JAM 0)
2026-10-04 15:49:42,024 [HID병목]   [15:48:20] M16HUB 정상(보고 270 미보고 0 JAM 0)
2026-10-04 15:50:31,078 [HID병목]   [15:49:10] M16HUB 정상(보고 270 미보고 0 JAM 0)
2026-10-04 15:51:21,038 [HID병목]   [15:50:00] M16HUB 정상(보고 270 미보고 0 JAM 0)
2026-10-04 15:52:11,075 [HID병목]   [15:50:50] M16HUB 정상(보고 270 미보고 0 JAM 0)
2026-10-04 15:53:01,134 [HID병목]   [15:51:40] M16HUB 정상(보고 270 미보고 0 JAM 0)
2026-10-04 15:53:51,075 [HID병목]   [15:52:30] M16HUB 정상(보고 270 미보고 0 JAM 0)
2026-10-04 15:54:41,058 [HID병목]   [15:53:20] M16HUB 정상(보고 270 미보고 0 JAM 0)
2026-10-04 15:55:31,075 [HID병목]   [15:54:10] M16HUB 정상(보고 270 미보고 0 JAM 0)
2026-10-04 15:56:21,076 [HID병목]   [15:55:00] M16HUB 정상(보고 270 미보고 0 JAM 0)
2026-10-04 15:57:11,074 [HID병목]   [15:55:50] M16HUB 정상(보고 270 미보고 0 JAM 0)
2026-10-04 15:58:01,130 [HID병목]   [15:56:40] M16HUB 정상(보고 270 미보고 0 JAM 0)
2026-10-04 15:58:51,032 [HID병목]   [15:57:30] M16HUB 정상(보고 270 미보고 0 JAM 0)
2026-10-04 15:59:41,017 [HID병목]   [15:58:20] M16HUB 정상(보고 270 미보고 0 JAM 0)
2026-10-04 16:00:31,043 [HID병목]   [15:59:10] M16HUB 정상(보고 270 미보고 0 JAM 0)
2026-10-04 16:01:21,056 [HID병목]   [16:00:00] M16HUB 정상(보고 270 미보고 0 JAM 0)
2026-10-04 16:02:11,067 [HID병목]   [16:00:50] M16HUB 정상(보고 270 미보고 0 JAM 0)
2026-10-04 16:03:01,061 [HID병목]   [16:01:40] M16HUB 정상(보고 269 미보고 1 JAM 0)
2026-10-04 16:03:51,077 [HID병목]   [16:02:30] M16HUB 정상(보고 269 미보고 1 JAM 0)
2026-10-04 16:04:41,025 [HID병목]   [16:03:20] M16HUB 정상(보고 269 미보고 1 JAM 0)
2026-10-04 16:05:31,707 [HID병목]   [16:04:10] M16HUB 정상(보고 270 미보고 0 JAM 0)
2026-10-04 16:06:21,233 [HID병목]   [16:05:00] M16HUB 정상(보고 270 미보고 0 JAM 0)
2026-10-04 16:07:11,032 [HID병목]   [16:05:50] M16HUB 정상(보고 269 미보고 1 JAM 0)
2026-10-04 16:08:01,141 [HID병목]   [16:06:40] M16HUB 정상(보고 269 미보고 1 JAM 0)
2026-10-04 16:08:51,053 [HID병목]   [16:07:30] M16HUB 정상(보고 269 미보고 1 JAM 0)
2026-10-04 16:09:41,058 [HID병목]   [16:08:20] M16HUB 정상(보고 269 미보고 1 JAM 0)
2026-10-04 16:10:31,081 [HID병목]   [16:09:10] M16HUB 정상(보고 270 미보고 0 JAM 0)
2026-10-04 16:11:23,074 [HID병목]   [16:10:00] M16HUB 정상(보고 270 미보고 0 JAM 0)
2026-10-04 16:12:11,074 [HID병목]   [16:10:50] M16HUB 정상(보고 270 미보고 0 JAM 0)
2026-10-04 16:13:01,033 [HID병목]   [16:11:40] M16HUB 정상(보고 270 미보고 0 JAM 0)
2026-10-04 16:13:51,075 [HID병목]   [16:12:30] M16HUB 정상(보고 270 미보고 0 JAM 0)
2026-10-04 16:14:41,054 [HID병목]   [16:13:20] M16HUB 정상(보고 270 미보고 0 JAM 0)
2026-10-04 16:15:31,028 [HID병목]   [16:14:10] M16HUB 정상(보고 270 미보고 0 JAM 0)
2026-10-04 16:16:21,024 [HID병목]   [16:15:00] M16HUB 정상(보고 270 미보고 0 JAM 0)
2026-10-04 16:17:11,115 [HID병목]   [16:15:50] M16HUB 정상(보고 270 미보고 0 JAM 0)
2026-10-04 16:18:01,133 [HID병목]   [16:16:40] M16HUB 정상(보고 270 미보고 0 JAM 0)
2026-10-04 16:18:51,053 [HID병목]   [16:17:30] M16HUB 정상(보고 270 미보고 0 JAM 0)
2026-10-04 16:19:41,081 [HID병목]   [16:18:20] M16HUB 정상(보고 270 미보고 0 JAM 0)
2026-10-04 16:20:31,075 [HID병목]   [16:19:10] M16HUB 정상(보고 270 미보고 0 JAM 0)
2026-10-04 16:21:21,046 [HID병목]   [16:20:00] M16HUB 정상(보고 270 미보고 0 JAM 0)
2026-10-04 16:22:11,076 [HID병목]   [16:20:50] M16HUB 정상(보고 270 미보고 0 JAM 0)
2026-10-04 16:23:01,125 [HID병목]   [16:21:40] M16HUB 정상(보고 270 미보고 0 JAM 0)
2026-10-04 16:23:51,023 [HID병목]   [16:22:30] M16HUB 정상(보고 270 미보고 0 JAM 0)
2026-10-04 16:24:41,048 [HID병목]   [16:23:20] M16HUB 정상(보고 270 미보고 0 JAM 0)
2026-10-04 16:25:31,055 [HID병목]   [16:24:10] M16HUB 정상(보고 270 미보고 0 JAM 0)
2026-10-04 16:26:21,044 [HID병목]   [16:25:00] M16HUB 정상(보고 270 미보고 0 JAM 0)
2026-10-04 16:27:11,074 [HID병목]   [16:25:50] M16HUB 정상(보고 270 미보고 0 JAM 0)
2026-10-04 16:28:01,042 [HID병목]   [16:26:40] M16HUB 정상(보고 270 미보고 0 JAM 0)
2026-10-04 16:28:51,075 [HID병목]   [16:27:30] M16HUB 정상(보고 270 미보고 0 JAM 0)
2026-10-04 16:29:41,067 [HID병목]   [16:28:20] M16HUB 정상(보고 270 미보고 0 JAM 0)
2026-10-04 16:30:31,075 [HID병목]   [16:29:10] M16HUB 정상(보고 270 미보고 0 JAM 0)
2026-10-04 16:31:22,306 [HID병목]   [16:30:00] M16HUB 정상(보고 270 미보고 0 JAM 0)
2026-10-04 16:32:11,076 [HID병목]   [16:30:50] M16HUB 정상(보고 270 미보고 0 JAM 0)
2026-10-04 16:33:01,057 [HID병목]   [16:31:40] M16HUB 정상(보고 270 미보고 0 JAM 0)
2026-10-04 16:33:51,075 [HID병목]   [16:32:30] M16HUB 정상(보고 270 미보고 0 JAM 0)
2026-10-04 16:34:45,066 [HID병목]   [16:33:20] M16HUB 정상(보고 270 미보고 0 JAM 0)
2026-10-04 16:35:31,070 [HID병목]   [16:34:10] M16HUB 정상(보고 270 미보고 0 JAM 0)
2026-10-04 16:36:22,759 [HID병목]   [16:35:00] M16HUB 정상(보고 270 미보고 0 JAM 0)
2026-10-04 16:37:11,025 [HID병목]   [16:35:50] M16HUB 정상(보고 270 미보고 0 JAM 0)
2026-10-04 16:38:01,154 [HID병목]   [16:36:40] M16HUB 정상(보고 270 미보고 0 JAM 0)
2026-10-04 16:38:51,085 [HID병목]   [16:37:30] M16HUB 정상(보고 270 미보고 0 JAM 0)
2026-10-04 16:39:41,027 [HID병목]   [16:38:20] M16HUB 정상(보고 270 미보고 0 JAM 0)
2026-10-04 16:40:31,106 [HID병목]   [16:39:10] M16HUB 정상(보고 270 미보고 0 JAM 0)
2026-10-04 16:41:21,038 [HID병목]   [16:40:00] M16HUB 정상(보고 270 미보고 0 JAM 0)
2026-10-04 16:42:11,044 [HID병목]   [16:40:50] M16HUB 정상(보고 270 미보고 0 JAM 0)
2026-10-04 16:43:01,054 [HID병목]   [16:41:40] M16HUB 정상(보고 270 미보고 0 JAM 0)
2026-10-04 16:43:51,045 [HID병목]   [16:42:30] M16HUB 정상(보고 270 미보고 0 JAM 0)
2026-10-04 16:44:41,031 [HID병목]   [16:43:20] M16HUB 정상(보고 270 미보고 0 JAM 0)
2026-10-04 16:45:31,025 [HID병목]   [16:44:10] M16HUB 정상(보고 270 미보고 0 JAM 0)
2026-10-04 16:46:21,075 [HID병목]   [16:45:00] M16HUB 정상(보고 270 미보고 0 JAM 0)
2026-10-04 16:47:11,075 [HID병목]   [16:45:50] M16HUB 정상(보고 270 미보고 0 JAM 0)
2026-10-04 16:48:01,099 [HID병목]   [16:46:40] M16HUB 정상(보고 270 미보고 0 JAM 0)
2026-10-04 16:48:51,027 [HID병목]   [16:47:30] M16HUB 정상(보고 270 미보고 0 JAM 0)
2026-10-04 16:49:41,054 [HID병목]   [16:48:20] M16HUB 정상(보고 270 미보고 0 JAM 0)
2026-10-04 16:50:31,033 [HID병목]   [16:49:10] M16HUB 정상(보고 270 미보고 0 JAM 0)
2026-10-04 16:51:21,057 [HID병목]   [16:50:00] M16HUB 정상(보고 269 미보고 1 JAM 0)
2026-10-04 16:52:11,027 [HID병목]   [16:50:50] M16HUB 정상(보고 269 미보고 1 JAM 0)
2026-10-04 16:53:01,084 [HID병목]   [16:51:40] M16HUB 정상(보고 269 미보고 1 JAM 0)
2026-10-04 16:53:51,060 [HID병목]   [16:52:30] M16HUB 정상(보고 270 미보고 0 JAM 0)
2026-10-04 16:54:41,065 [HID병목]   [16:53:20] M16HUB 정상(보고 270 미보고 0 JAM 0)
2026-10-04 16:55:31,073 [HID병목]   [16:54:10] M16HUB 정상(보고 270 미보고 0 JAM 0)
2026-10-04 16:56:21,068 [HID병목]   [16:55:00] M16HUB 정상(보고 270 미보고 0 JAM 0)
2026-10-04 16:57:11,069 [HID병목]   [16:55:50] M16HUB 정상(보고 270 미보고 0 JAM 0)
2026-10-04 16:58:01,049 [HID병목]   [16:56:40] M16HUB 정상(보고 270 미보고 0 JAM 0)
2026-10-04 16:58:51,070 [HID병목]   [16:57:30] M16HUB 정상(보고 270 미보고 0 JAM 0)
2026-10-04 16:59:41,016 [HID병목]   [16:58:20] M16HUB 정상(보고 270 미보고 0 JAM 0)
2026-10-04 17:00:31,025 [HID병목]   [16:59:10] M16HUB 정상(보고 270 미보고 0 JAM 0)
2026-10-04 17:01:21,049 [HID병목]   [17:00:00] M16HUB 정상(보고 270 미보고 0 JAM 0)
2026-10-04 17:02:11,076 [HID병목]   [17:00:50] M16HUB 정상(보고 270 미보고 0 JAM 0)
2026-10-04 17:03:01,079 [HID병목]   [17:01:40] M16HUB 정상(보고 270 미보고 0 JAM 0)
2026-10-04 17:03:51,053 [HID병목]   [17:02:30] M16HUB 정상(보고 270 미보고 0 JAM 0)
2026-10-04 17:04:41,064 [HID병목]   [17:03:20] M16HUB 정상(보고 270 미보고 0 JAM 0)
2026-10-04 17:05:31,075 [HID병목]   [17:04:10] M16HUB 정상(보고 270 미보고 0 JAM 0)
2026-10-04 17:06:21,076 [HID병목]   [17:05:00] M16HUB 정상(보고 270 미보고 0 JAM 0)
2026-10-04 17:07:11,072 [HID병목]   [17:05:50] M16HUB 정상(보고 270 미보고 0 JAM 0)
2026-10-04 17:08:01,061 [HID병목]   [17:06:40] M16HUB 정상(보고 270 미보고 0 JAM 0)
2026-10-04 17:08:51,079 [HID병목]   [17:07:30] M16HUB 정상(보고 270 미보고 0 JAM 0)
2026-10-04 17:09:41,019 [HID병목]   [17:08:20] M16HUB 정상(보고 270 미보고 0 JAM 0)
2026-10-04 17:10:31,076 [HID병목]   [17:09:10] M16HUB 정상(보고 270 미보고 0 JAM 0)
2026-10-04 17:11:21,075 [HID병목]   [17:10:00] M16HUB 정상(보고 270 미보고 0 JAM 0)
2026-10-04 17:12:11,038 [HID병목]   [17:10:50] M16HUB 정상(보고 270 미보고 0 JAM 0)
2026-10-04 17:13:01,069 [HID병목]   [17:11:40] M16HUB 정상(보고 270 미보고 0 JAM 0)
2026-10-04 17:13:51,026 [HID병목]   [17:12:30] M16HUB 정상(보고 270 미보고 0 JAM 0)
2026-10-04 17:14:41,024 [HID병목]   [17:13:20] M16HUB 정상(보고 270 미보고 0 JAM 0)
2026-10-04 17:15:31,075 [HID병목]   [17:14:10] M16HUB 정상(보고 270 미보고 0 JAM 0)
2026-10-04 17:16:21,145 [HID병목]   [17:15:00] M16HUB 정상(보고 270 미보고 0 JAM 0)
2026-10-04 17:17:11,065 [HID병목]   [17:15:50] M16HUB 정상(보고 270 미보고 0 JAM 0)
2026-10-04 17:18:01,153 [HID병목]   [17:16:40] M16HUB 정상(보고 270 미보고 0 JAM 0)
2026-10-04 17:18:51,074 [HID병목]   [17:17:30] M16HUB 정상(보고 270 미보고 0 JAM 0)
2026-10-04 17:19:41,065 [HID병목]   [17:18:20] M16HUB 정상(보고 270 미보고 0 JAM 0)
2026-10-04 17:20:31,025 [HID병목]   [17:19:10] M16HUB 정상(보고 270 미보고 0 JAM 0)
2026-10-04 17:21:21,077 [HID병목]   [17:20:00] M16HUB 정상(보고 270 미보고 0 JAM 0)
2026-10-04 17:22:11,043 [HID병목]   [17:20:50] M16HUB 정상(보고 270 미보고 0 JAM 0)
2026-10-04 17:23:01,092 [HID병목]   [17:21:40] M16HUB 정상(보고 270 미보고 0 JAM 0)
2026-10-04 17:23:51,074 [HID병목]   [17:22:30] M16HUB 정상(보고 270 미보고 0 JAM 0)
2026-10-04 17:24:41,069 [HID병목]   [17:23:20] M16HUB 정상(보고 270 미보고 0 JAM 0)
2026-10-04 17:25:31,026 [HID병목]   [17:24:10] M16HUB 정상(보고 270 미보고 0 JAM 0)
2026-10-04 17:26:21,076 [HID병목]   [17:25:00] M16HUB 정상(보고 270 미보고 0 JAM 0)
2026-10-04 17:27:11,049 [HID병목]   [17:25:50] M16HUB 정상(보고 270 미보고 0 JAM 0)
2026-10-04 17:28:01,179 [HID병목]   [17:26:40] M16HUB 정상(보고 270 미보고 0 JAM 0)
2026-10-04 17:28:51,075 [HID병목]   [17:27:30] M16HUB 정상(보고 270 미보고 0 JAM 0)
2026-10-04 17:29:41,020 [HID병목]   [17:28:20] M16HUB 정상(보고 270 미보고 0 JAM 0)
2026-10-04 17:30:31,073 [HID병목]   [17:29:10] M16HUB 정상(보고 270 미보고 0 JAM 0)
2026-10-04 17:31:21,485 [HID병목]   [17:30:00] M16HUB 정상(보고 270 미보고 0 JAM 0)
2026-10-04 17:32:11,073 [HID병목]   [17:30:50] M16HUB 정상(보고 270 미보고 0 JAM 0)
2026-10-04 17:33:01,171 [HID병목]   [17:31:40] M16HUB 정상(보고 270 미보고 0 JAM 0)
2026-10-04 17:33:51,074 [HID병목]   [17:32:30] M16HUB 정상(보고 270 미보고 0 JAM 0)
2026-10-04 17:34:41,065 [HID병목]   [17:33:20] M16HUB 정상(보고 270 미보고 0 JAM 0)
2026-10-04 17:35:31,073 [HID병목]   [17:34:10] M16HUB 정상(보고 270 미보고 0 JAM 0)
2026-10-04 17:36:21,828 [HID병목]   [17:35:00] M16HUB 정상(보고 270 미보고 0 JAM 0)
2026-10-04 17:37:11,073 [HID병목]   [17:35:50] M16HUB 정상(보고 270 미보고 0 JAM 0)
2026-10-04 17:38:01,085 [HID병목]   [17:36:40] M16HUB 정상(보고 270 미보고 0 JAM 0)
2026-10-04 17:38:51,076 [HID병목]   [17:37:30] M16HUB 정상(보고 269 미보고 1 JAM 0)
2026-10-04 17:39:44,531 [HID병목]   [17:38:20] M16HUB 정상(보고 268 미보고 2 JAM 0)
2026-10-04 17:40:31,024 [HID병목]   [17:39:10] M16HUB 정상(보고 269 미보고 1 JAM 0)
2026-10-04 17:41:21,477 [HID병목]   [17:40:00] M16HUB 정상(보고 270 미보고 0 JAM 0)
2026-10-04 17:42:11,075 [HID병목]   [17:40:50] M16HUB 정상(보고 270 미보고 0 JAM 0)
2026-10-04 17:43:01,106 [HID병목]   [17:41:40] M16HUB 정상(보고 270 미보고 0 JAM 0)
2026-10-04 17:43:51,031 [HID병목]   [17:42:30] M16HUB 정상(보고 270 미보고 0 JAM 0)
2026-10-04 17:44:41,041 [HID병목]   [17:43:20] M16HUB 정상(보고 270 미보고 0 JAM 0)
2026-10-04 17:45:31,076 [HID병목]   [17:44:10] M16HUB 정상(보고 270 미보고 0 JAM 0)
2026-10-04 17:46:21,082 [HID병목]   [17:45:00] M16HUB 정상(보고 270 미보고 0 JAM 0)
2026-10-04 17:47:11,044 [HID병목]   [17:45:50] M16HUB 정상(보고 270 미보고 0 JAM 0)
2026-10-04 17:48:01,035 [HID병목]   [17:46:40] M16HUB 정상(보고 270 미보고 0 JAM 0)
2026-10-04 17:48:51,076 [HID병목]   [17:47:30] M16HUB 정상(보고 269 미보고 1 JAM 0)
2026-10-04 17:49:41,064 [HID병목]   [17:48:20] M16HUB 정상(보고 269 미보고 1 JAM 0)
2026-10-04 17:50:31,312 [HID병목]   [17:49:10] M16HUB 정상(보고 269 미보고 1 JAM 0)
2026-10-04 17:51:21,075 [HID병목]   [17:50:00] M16HUB 정상(보고 270 미보고 0 JAM 0)
2026-10-04 17:52:11,073 [HID병목]   [17:50:50] M16HUB 정상(보고 270 미보고 0 JAM 0)
2026-10-04 17:53:01,032 [HID병목]   [17:51:40] M16HUB 정상(보고 270 미보고 0 JAM 0)
2026-10-04 17:53:51,037 [HID병목]   [17:52:30] M16HUB 정상(보고 270 미보고 0 JAM 0)
2026-10-04 17:54:41,056 [HID병목]   [17:53:20] M16HUB 정상(보고 270 미보고 0 JAM 0)
2026-10-04 17:55:31,031 [HID병목]   [17:54:10] M16HUB 정상(보고 270 미보고 0 JAM 0)
2026-10-04 17:56:21,030 [HID병목]   [17:55:00] M16HUB 정상(보고 270 미보고 0 JAM 0)
2026-10-04 17:57:11,066 [HID병목]   [17:55:50] M16HUB 정상(보고 270 미보고 0 JAM 0)
2026-10-04 17:58:01,061 [HID병목]   [17:56:40] M16HUB 정상(보고 270 미보고 0 JAM 0)
2026-10-04 17:58:51,075 [HID병목]   [17:57:30] M16HUB 정상(보고 270 미보고 0 JAM 0)
2026-10-04 17:59:41,063 [HID병목]   [17:58:20] M16HUB 정상(보고 270 미보고 0 JAM 0)
2026-10-04 18:00:31,143 [HID병목]   [17:59:10] M16HUB 정상(보고 270 미보고 0 JAM 0)
2026-10-04 18:01:21,047 [HID병목]   [18:00:00] M16HUB 정상(보고 270 미보고 0 JAM 0)
2026-10-04 18:02:11,040 [HID병목]   [18:00:50] M16HUB 정상(보고 270 미보고 0 JAM 0)
2026-10-04 18:03:01,040 [HID병목]   [18:01:40] M16HUB 정상(보고 270 미보고 0 JAM 0)
2026-10-04 18:03:51,073 [HID병목]   [18:02:30] M16HUB 정상(보고 270 미보고 0 JAM 0)
2026-10-04 18:04:41,066 [HID병목]   [18:03:20] M16HUB 정상(보고 270 미보고 0 JAM 0)
2026-10-04 18:05:32,131 [HID병목]   [18:04:10] M16HUB 정상(보고 269 미보고 1 JAM 0)
2026-10-04 18:06:21,070 [HID병목]   [18:05:00] M16HUB 정상(보고 269 미보고 1 JAM 0)
2026-10-04 18:07:11,030 [HID병목]   [18:05:50] M16HUB 정상(보고 269 미보고 1 JAM 0)
2026-10-04 18:08:01,038 [HID병목]   [18:06:40] M16HUB 정상(보고 270 미보고 0 JAM 0)
2026-10-04 18:08:51,079 [HID병목]   [18:07:30] M16HUB 정상(보고 270 미보고 0 JAM 0)
2026-10-04 18:09:44,670 [HID병목]   [18:08:20] M16HUB 정상(보고 270 미보고 0 JAM 0)
2026-10-04 18:10:31,072 [HID병목]   [18:09:10] M16HUB 정상(보고 270 미보고 0 JAM 0)
2026-10-04 18:11:21,033 [HID병목]   [18:10:00] M16HUB 정상(보고 270 미보고 0 JAM 0)
2026-10-04 18:12:11,026 [HID병목]   [18:10:50] M16HUB 정상(보고 270 미보고 0 JAM 0)
2026-10-04 18:13:01,029 [HID병목]   [18:11:40] M16HUB 정상(보고 270 미보고 0 JAM 0)
2026-10-04 18:13:51,077 [HID병목]   [18:12:30] M16HUB 정상(보고 270 미보고 0 JAM 0)
2026-10-04 18:14:41,142 [HID병목]   [18:13:20] M16HUB 정상(보고 270 미보고 0 JAM 0)
2026-10-04 18:15:31,073 [HID병목]   [18:14:10] M16HUB 정상(보고 270 미보고 0 JAM 0)
2026-10-04 18:16:21,028 [HID병목]   [18:15:00] M16HUB 정상(보고 269 미보고 1 JAM 0)
2026-10-04 18:17:11,104 [HID병목]   [18:15:50] M16HUB 정상(보고 269 미보고 1 JAM 0)
2026-10-04 18:18:01,114 [HID병목]   [18:16:40] M16HUB 정상(보고 269 미보고 1 JAM 0)
2026-10-04 18:18:51,026 [HID병목]   [18:17:30] M16HUB 정상(보고 270 미보고 0 JAM 0)
2026-10-04 18:19:41,064 [HID병목]   [18:18:20] M16HUB 정상(보고 270 미보고 0 JAM 0)
2026-10-04 18:20:31,037 [HID병목]   [18:19:10] M16HUB 정상(보고 270 미보고 0 JAM 0)
2026-10-04 18:21:21,790 [HID병목]   [18:20:00] M16HUB 정상(보고 270 미보고 0 JAM 0)
2026-10-04 18:22:11,074 [HID병목]   [18:20:50] M16HUB 정상(보고 270 미보고 0 JAM 0)
2026-10-04 18:23:01,110 [HID병목]   [18:21:40] M16HUB 정상(보고 270 미보고 0 JAM 0)
2026-10-04 18:23:51,028 [HID병목]   [18:22:30] M16HUB 정상(보고 270 미보고 0 JAM 0)
2026-10-04 18:24:41,024 [HID병목]   [18:23:20] M16HUB 정상(보고 270 미보고 0 JAM 0)
2026-10-04 18:25:31,377 [HID병목]   [18:24:10] M16HUB 정상(보고 270 미보고 0 JAM 0)
2026-10-04 18:26:21,219 [HID병목]   [18:25:00] M16HUB 정상(보고 270 미보고 0 JAM 0)
2026-10-04 18:27:11,075 [HID병목]   [18:25:50] M16HUB 정상(보고 270 미보고 0 JAM 0)
2026-10-04 18:28:01,034 [HID병목]   [18:26:40] M16HUB 정상(보고 270 미보고 0 JAM 0)
2026-10-04 18:28:51,063 [HID병목]   [18:27:30] M16HUB 정상(보고 270 미보고 0 JAM 0)
2026-10-04 18:29:41,016 [HID병목]   [18:28:20] M16HUB 정상(보고 270 미보고 0 JAM 0)
2026-10-04 18:30:31,412 [HID병목]   [18:29:10] M16HUB 정상(보고 270 미보고 0 JAM 0)
2026-10-04 18:31:21,073 [HID병목]   [18:30:00] M16HUB 정상(보고 270 미보고 0 JAM 0)
2026-10-04 18:32:11,051 [HID병목]   [18:30:50] M16HUB 정상(보고 270 미보고 0 JAM 0)
2026-10-04 18:33:01,103 [HID병목]   [18:31:40] M16HUB 정상(보고 270 미보고 0 JAM 0)
2026-10-04 18:33:51,076 [HID병목]   [18:32:30] M16HUB 정상(보고 269 미보고 1 JAM 0)
2026-10-04 18:34:41,058 [HID병목]   [18:33:20] M16HUB 정상(보고 269 미보고 1 JAM 0)
2026-10-04 18:35:31,073 [HID병목]   [18:34:10] M16HUB 정상(보고 269 미보고 1 JAM 0)
2026-10-04 18:36:21,221 [HID병목]   [18:35:00] M16HUB 정상(보고 270 미보고 0 JAM 0)
2026-10-04 18:37:11,056 [HID병목]   [18:35:50] M16HUB 정상(보고 270 미보고 0 JAM 0)
2026-10-04 18:38:01,080 [HID병목]   [18:36:40] M16HUB 정상(보고 270 미보고 0 JAM 0)
2026-10-04 18:38:51,055 [HID병목]   [18:37:30] M16HUB 정상(보고 270 미보고 0 JAM 0)
2026-10-04 18:39:41,900 [HID병목]   [18:38:20] M16HUB 정상(보고 270 미보고 0 JAM 0)
2026-10-04 18:40:31,073 [HID병목]   [18:39:10] M16HUB 정상(보고 270 미보고 0 JAM 0)
2026-10-04 18:41:21,050 [HID병목]   [18:40:00] M16HUB 정상(보고 270 미보고 0 JAM 0)
2026-10-04 18:42:11,077 [HID병목]   [18:40:50] M16HUB 정상(보고 270 미보고 0 JAM 0)
2026-10-04 18:43:01,081 [HID병목]   [18:41:40] M16HUB 정상(보고 270 미보고 0 JAM 0)
2026-10-04 18:43:51,074 [HID병목]   [18:42:30] M16HUB 정상(보고 270 미보고 0 JAM 0)
2026-10-04 18:44:44,031 [HID병목]   [18:43:20] M16HUB 정상(보고 270 미보고 0 JAM 0)
2026-10-04 18:45:31,069 [HID병목]   [18:44:10] M16HUB 정상(보고 270 미보고 0 JAM 0)
2026-10-04 18:46:21,077 [HID병목]   [18:45:00] M16HUB 정상(보고 270 미보고 0 JAM 0)
2026-10-04 18:47:11,024 [HID병목]   [18:45:50] M16HUB 정상(보고 270 미보고 0 JAM 0)
2026-10-04 18:48:01,145 [HID병목]   [18:46:40] M16HUB 정상(보고 270 미보고 0 JAM 0)
2026-10-04 18:48:51,075 [HID병목]   [18:47:30] M16HUB 정상(보고 270 미보고 0 JAM 0)
2026-10-04 18:49:41,111 [HID병목]   [18:48:20] M16HUB 정상(보고 270 미보고 0 JAM 0)
2026-10-04 18:50:31,074 [HID병목]   [18:49:10] M16HUB 정상(보고 270 미보고 0 JAM 0)
2026-10-04 18:51:21,025 [HID병목]   [18:50:00] M16HUB 정상(보고 270 미보고 0 JAM 0)
2026-10-04 18:52:11,073 [HID병목]   [18:50:50] M16HUB 정상(보고 270 미보고 0 JAM 0)
2026-10-04 18:53:01,068 [HID병목]   [18:51:40] M16HUB 정상(보고 270 미보고 0 JAM 0)
2026-10-04 18:53:51,040 [HID병목]   [18:52:30] M16HUB 정상(보고 270 미보고 0 JAM 0)
2026-10-04 18:54:41,064 [HID병목]   [18:53:20] M16HUB 정상(보고 270 미보고 0 JAM 0)
2026-10-04 18:55:31,025 [HID병목]   [18:54:10] M16HUB 정상(보고 270 미보고 0 JAM 0)
2026-10-04 18:56:21,772 [HID병목]   [18:55:00] M16HUB 정상(보고 270 미보고 0 JAM 0)
2026-10-04 18:57:11,052 [HID병목]   [18:55:50] M16HUB 정상(보고 270 미보고 0 JAM 0)
2026-10-04 18:58:01,185 [HID병목]   [18:56:40] M16HUB 정상(보고 270 미보고 0 JAM 0)
2026-10-04 18:58:51,073 [HID병목]   [18:57:30] M16HUB 정상(보고 270 미보고 0 JAM 0)
2026-10-04 18:59:41,064 [HID병목]   [18:58:20] M16HUB 정상(보고 270 미보고 0 JAM 0)
2026-10-04 19:00:31,033 [HID병목]   [18:59:10] M16HUB 정상(보고 270 미보고 0 JAM 0)
2026-10-04 19:01:21,035 [HID병목]   [19:00:00] M16HUB 정상(보고 269 미보고 1 JAM 0)
2026-10-04 19:02:11,080 [HID병목]   [19:00:50] M16HUB 정상(보고 269 미보고 1 JAM 0)
2026-10-04 19:03:01,143 [HID병목]   [19:01:40] M16HUB 정상(보고 269 미보고 1 JAM 0)
2026-10-04 19:03:51,074 [HID병목]   [19:02:30] M16HUB 정상(보고 270 미보고 0 JAM 0)
2026-10-04 19:04:41,050 [HID병목]   [19:03:20] M16HUB 정상(보고 270 미보고 0 JAM 0)
2026-10-04 19:05:31,023 [HID병목]   [19:04:10] M16HUB 정상(보고 270 미보고 0 JAM 0)
2026-10-04 19:06:22,162 [HID병목]   [19:05:00] M16HUB 정상(보고 270 미보고 0 JAM 0)
2026-10-04 19:07:11,041 [HID병목]   [19:05:50] M16HUB 정상(보고 270 미보고 0 JAM 0)
2026-10-04 19:08:01,089 [HID병목]   [19:06:40] M16HUB 정상(보고 270 미보고 0 JAM 0)
2026-10-04 19:08:51,073 [HID병목]   [19:07:30] M16HUB 정상(보고 270 미보고 0 JAM 0)
2026-10-04 19:09:41,066 [HID병목]   [19:08:20] M16HUB 정상(보고 270 미보고 0 JAM 0)
2026-10-04 19:10:31,031 [HID병목]   [19:09:10] M16HUB 정상(보고 270 미보고 0 JAM 0)
2026-10-04 19:11:21,060 [HID병목]   [19:10:00] M16HUB 정상(보고 270 미보고 0 JAM 0)
2026-10-04 19:12:11,076 [HID병목]   [19:10:50] M16HUB 정상(보고 270 미보고 0 JAM 0)
2026-10-04 19:13:01,044 [HID병목]   [19:11:40] M16HUB 정상(보고 270 미보고 0 JAM 0)
2026-10-04 19:13:51,028 [HID병목]   [19:12:30] M16HUB 정상(보고 270 미보고 0 JAM 0)
2026-10-04 19:14:45,145 [HID병목]   [19:13:20] M16HUB 정상(보고 270 미보고 0 JAM 0)
2026-10-04 19:15:31,064 [HID병목]   [19:14:10] M16HUB 정상(보고 270 미보고 0 JAM 0)
2026-10-04 19:16:21,033 [HID병목]   [19:15:00] M16HUB 정상(보고 270 미보고 0 JAM 0)
2026-10-04 19:17:11,076 [HID병목]   [19:15:50] M16HUB 정상(보고 270 미보고 0 JAM 0)
2026-10-04 19:18:01,070 [HID병목]   [19:16:40] M16HUB 정상(보고 270 미보고 0 JAM 0)
2026-10-04 19:18:51,075 [HID병목]   [19:17:30] M16HUB 정상(보고 270 미보고 0 JAM 0)
2026-10-04 19:19:41,068 [HID병목]   [19:18:20] M16HUB 정상(보고 270 미보고 0 JAM 0)
2026-10-04 19:20:31,035 [HID병목]   [19:19:10] M16HUB 정상(보고 270 미보고 0 JAM 0)
2026-10-04 19:21:21,027 [HID병목]   [19:20:00] M16HUB 정상(보고 270 미보고 0 JAM 0)
2026-10-04 19:22:11,074 [HID병목]   [19:20:50] M16HUB 정상(보고 270 미보고 0 JAM 0)
2026-10-04 19:23:01,065 [HID병목]   [19:21:40] M16HUB 정상(보고 270 미보고 0 JAM 0)
2026-10-04 19:23:51,074 [HID병목]   [19:22:30] M16HUB 정상(보고 270 미보고 0 JAM 0)
2026-10-04 19:24:41,064 [HID병목]   [19:23:20] M16HUB 정상(보고 270 미보고 0 JAM 0)
2026-10-04 19:25:31,887 [HID병목]   [19:24:10] M16HUB 정상(보고 270 미보고 0 JAM 0)
2026-10-04 19:26:21,032 [HID병목]   [19:25:00] M16HUB 정상(보고 270 미보고 0 JAM 0)
2026-10-04 19:27:11,076 [HID병목]   [19:25:50] M16HUB 정상(보고 270 미보고 0 JAM 0)
2026-10-04 19:28:01,084 [HID병목]   [19:26:40] M16HUB 정상(보고 270 미보고 0 JAM 0)
2026-10-04 19:28:51,027 [HID병목]   [19:27:30] M16HUB 정상(보고 270 미보고 0 JAM 0)
2026-10-04 19:29:41,065 [HID병목]   [19:28:20] M16HUB 정상(보고 270 미보고 0 JAM 0)
2026-10-04 19:30:31,074 [HID병목]   [19:29:10] M16HUB 정상(보고 270 미보고 0 JAM 0)
2026-10-04 19:31:21,076 [HID병목]   [19:30:00] M16HUB 정상(보고 270 미보고 0 JAM 0)
2026-10-04 19:32:11,025 [HID병목]   [19:30:50] M16HUB 정상(보고 270 미보고 0 JAM 0)
2026-10-04 19:33:01,079 [HID병목]   [19:31:40] M16HUB 정상(보고 270 미보고 0 JAM 0)
2026-10-04 19:33:51,076 [HID병목]   [19:32:30] M16HUB 정상(보고 270 미보고 0 JAM 0)
2026-10-04 19:34:41,019 [HID병목]   [19:33:20] M16HUB 정상(보고 270 미보고 0 JAM 0)
2026-10-04 19:35:31,074 [HID병목]   [19:34:10] M16HUB 정상(보고 270 미보고 0 JAM 0)
2026-10-04 19:36:21,077 [HID병목]   [19:35:00] M16HUB 정상(보고 270 미보고 0 JAM 0)
2026-10-04 19:37:11,077 [HID병목]   [19:35:50] M16HUB 정상(보고 270 미보고 0 JAM 0)
2026-10-04 19:38:01,079 [HID병목]   [19:36:40] M16HUB 정상(보고 270 미보고 0 JAM 0)
2026-10-04 19:38:51,075 [HID병목]   [19:37:30] M16HUB 정상(보고 270 미보고 0 JAM 0)
2026-10-04 19:39:41,070 [HID병목]   [19:38:20] M16HUB 정상(보고 270 미보고 0 JAM 0)
2026-10-04 19:40:31,075 [HID병목]   [19:39:10] M16HUB 정상(보고 270 미보고 0 JAM 0)
2026-10-04 19:41:21,076 [HID병목]   [19:40:00] M16HUB 정상(보고 270 미보고 0 JAM 0)
2026-10-04 19:42:11,072 [HID병목]   [19:40:50] M16HUB 정상(보고 270 미보고 0 JAM 0)
2026-10-04 19:43:01,077 [HID병목]   [19:41:40] M16HUB 정상(보고 270 미보고 0 JAM 0)
2026-10-04 19:43:51,077 [HID병목]   [19:42:30] M16HUB 정상(보고 270 미보고 0 JAM 0)
2026-10-04 19:44:41,066 [HID병목]   [19:43:20] M16HUB 정상(보고 270 미보고 0 JAM 0)
2026-10-04 19:45:31,033 [HID병목]   [19:44:10] M16HUB 정상(보고 270 미보고 0 JAM 0)
2026-10-04 19:46:21,263 [HID병목]   [19:45:00] M16HUB 정상(보고 270 미보고 0 JAM 0)
2026-10-04 19:47:11,026 [HID병목]   [19:45:50] M16HUB 정상(보고 270 미보고 0 JAM 0)
2026-10-04 19:48:01,092 [HID병목]   [19:46:40] M16HUB 정상(보고 270 미보고 0 JAM 0)
2026-10-04 19:48:51,070 [HID병목]   [19:47:30] M16HUB 정상(보고 270 미보고 0 JAM 0)
2026-10-04 19:49:42,373 [HID병목]   [19:48:20] M16HUB 정상(보고 270 미보고 0 JAM 0)
2026-10-04 19:50:31,024 [HID병목]   [19:49:10] M16HUB 정상(보고 270 미보고 0 JAM 0)
2026-10-04 19:51:21,075 [HID병목]   [19:50:00] M16HUB 정상(보고 270 미보고 0 JAM 0)
2026-10-04 19:52:11,074 [HID병목]   [19:50:50] M16HUB 정상(보고 270 미보고 0 JAM 0)
2026-10-04 19:53:01,085 [HID병목]   [19:51:40] M16HUB 정상(보고 270 미보고 0 JAM 0)
2026-10-04 19:53:51,119 [HID병목]   [19:52:30] M16HUB 정상(보고 270 미보고 0 JAM 0)
2026-10-04 19:54:41,064 [HID병목]   [19:53:20] M16HUB 정상(보고 270 미보고 0 JAM 0)
2026-10-04 19:55:31,065 [HID병목]   [19:54:10] M16HUB 정상(보고 270 미보고 0 JAM 0)
2026-10-04 19:56:21,035 [HID병목]   [19:55:00] M16HUB 정상(보고 270 미보고 0 JAM 0)
2026-10-04 19:57:11,061 [HID병목]   [19:55:50] M16HUB 정상(보고 270 미보고 0 JAM 0)
2026-10-04 19:58:01,150 [HID병목]   [19:56:40] M16HUB 정상(보고 270 미보고 0 JAM 0)
2026-10-04 19:58:51,072 [HID병목]   [19:57:30] M16HUB 정상(보고 270 미보고 0 JAM 0)
2026-10-04 19:59:41,066 [HID병목]   [19:58:20] M16HUB 정상(보고 270 미보고 0 JAM 0)
2026-10-04 20:00:31,073 [HID병목]   [19:59:10] M16HUB 정상(보고 270 미보고 0 JAM 0)
2026-10-04 20:01:21,066 [HID병목]   [20:00:00] M16HUB 정상(보고 270 미보고 0 JAM 0)
2026-10-04 20:02:11,025 [HID병목]   [20:00:50] M16HUB 정상(보고 270 미보고 0 JAM 0)
2026-10-04 20:03:01,164 [HID병목]   [20:01:40] M16HUB 정상(보고 270 미보고 0 JAM 0)
2026-10-04 20:03:51,025 [HID병목]   [20:02:30] M16HUB 정상(보고 270 미보고 0 JAM 0)
2026-10-04 20:04:41,066 [HID병목]   [20:03:20] M16HUB 정상(보고 270 미보고 0 JAM 0)
2026-10-04 20:05:31,604 [HID병목]   [20:04:10] M16HUB 정상(보고 270 미보고 0 JAM 0)
2026-10-04 20:06:21,743 [HID병목]   [20:05:00] M16HUB 정상(보고 270 미보고 0 JAM 0)
2026-10-04 20:07:11,043 [HID병목]   [20:05:50] M16HUB 정상(보고 270 미보고 0 JAM 0)
2026-10-04 20:08:01,037 [HID병목]   [20:06:40] M16HUB 정상(보고 270 미보고 0 JAM 0)
2026-10-04 20:08:51,074 [HID병목]   [20:07:30] M16HUB 정상(보고 270 미보고 0 JAM 0)
2026-10-04 20:09:41,046 [HID병목]   [20:08:20] M16HUB 정상(보고 270 미보고 0 JAM 0)
2026-10-04 20:10:31,029 [HID병목]   [20:09:10] M16HUB 정상(보고 270 미보고 0 JAM 0)
2026-10-04 20:11:21,060 [HID병목]   [20:10:00] M16HUB 정상(보고 270 미보고 0 JAM 0)
2026-10-04 20:12:11,027 [HID병목]   [20:10:50] M16HUB 정상(보고 270 미보고 0 JAM 0)
2026-10-04 20:13:01,039 [HID병목]   [20:11:40] M16HUB 정상(보고 270 미보고 0 JAM 0)
2026-10-04 20:13:51,058 [HID병목]   [20:12:30] M16HUB 정상(보고 270 미보고 0 JAM 0)
2026-10-04 20:14:41,031 [HID병목]   [20:13:20] M16HUB 정상(보고 270 미보고 0 JAM 0)
2026-10-04 20:15:31,029 [HID병목]   [20:14:10] M16HUB 정상(보고 270 미보고 0 JAM 0)
2026-10-04 20:16:21,075 [HID병목]   [20:15:00] M16HUB 정상(보고 270 미보고 0 JAM 0)
2026-10-04 20:17:11,040 [HID병목]   [20:15:50] M16HUB 정상(보고 270 미보고 0 JAM 0)
2026-10-04 20:18:01,041 [HID병목]   [20:16:40] M16HUB 정상(보고 270 미보고 0 JAM 0)
2026-10-04 20:18:51,076 [HID병목]   [20:17:30] M16HUB 정상(보고 270 미보고 0 JAM 0)
2026-10-04 20:19:45,149 [HID병목]   [20:18:20] M16HUB 정상(보고 270 미보고 0 JAM 0)
2026-10-04 20:20:31,026 [HID병목]   [20:19:10] M16HUB 정상(보고 270 미보고 0 JAM 0)
2026-10-04 20:21:21,049 [HID병목]   [20:20:00] M16HUB 정상(보고 270 미보고 0 JAM 0)
2026-10-04 20:22:11,027 [HID병목]   [20:20:50] M16HUB 정상(보고 270 미보고 0 JAM 0)
2026-10-04 20:23:01,084 [HID병목]   [20:21:40] M16HUB 정상(보고 270 미보고 0 JAM 0)
2026-10-04 20:23:51,075 [HID병목]   [20:22:30] M16HUB 정상(보고 270 미보고 0 JAM 0)
2026-10-04 20:24:41,017 [HID병목]   [20:23:20] M16HUB 정상(보고 270 미보고 0 JAM 0)
2026-10-04 20:25:31,041 [HID병목]   [20:24:10] M16HUB 정상(보고 270 미보고 0 JAM 0)
2026-10-04 20:26:21,077 [HID병목]   [20:25:00] M16HUB 정상(보고 270 미보고 0 JAM 0)
2026-10-04 20:27:11,076 [HID병목]   [20:25:50] M16HUB 정상(보고 270 미보고 0 JAM 0)
2026-10-04 20:28:01,097 [HID병목]   [20:26:40] M16HUB 정상(보고 270 미보고 0 JAM 0)
2026-10-04 20:28:51,111 [HID병목]   [20:27:30] M16HUB 정상(보고 270 미보고 0 JAM 0)
2026-10-04 20:29:41,065 [HID병목]   [20:28:20] M16HUB 정상(보고 270 미보고 0 JAM 0)
2026-10-04 20:30:31,024 [HID병목]   [20:29:10] M16HUB 정상(보고 270 미보고 0 JAM 0)
2026-10-04 20:31:21,528 [HID병목]   [20:30:00] M16HUB 정상(보고 270 미보고 0 JAM 0)
2026-10-04 20:32:11,027 [HID병목]   [20:30:50] M16HUB 정상(보고 270 미보고 0 JAM 0)
2026-10-04 20:33:01,080 [HID병목]   [20:31:40] M16HUB 정상(보고 270 미보고 0 JAM 0)
2026-10-04 20:33:51,076 [HID병목]   [20:32:30] M16HUB 정상(보고 270 미보고 0 JAM 0)
2026-10-04 20:34:41,059 [HID병목]   [20:33:20] M16HUB 정상(보고 270 미보고 0 JAM 0)
2026-10-04 20:35:31,023 [HID병목]   [20:34:10] M16HUB 정상(보고 270 미보고 0 JAM 0)
2026-10-04 20:36:21,053 [HID병목]   [20:35:00] M16HUB 정상(보고 270 미보고 0 JAM 0)
2026-10-04 20:37:11,078 [HID병목]   [20:35:50] M16HUB 정상(보고 270 미보고 0 JAM 0)
2026-10-04 20:38:01,066 [HID병목]   [20:36:40] M16HUB 정상(보고 269 미보고 1 JAM 0)
2026-10-04 20:38:51,079 [HID병목]   [20:37:30] M16HUB 정상(보고 269 미보고 1 JAM 0)
2026-10-04 20:39:41,073 [HID병목]   [20:38:20] M16HUB 정상(보고 269 미보고 1 JAM 0)
2026-10-04 20:40:32,536 [HID병목]   [20:39:10] M16HUB 정상(보고 270 미보고 0 JAM 0)
2026-10-04 20:41:21,073 [HID병목]   [20:40:00] M16HUB 정상(보고 270 미보고 0 JAM 0)
2026-10-04 20:42:11,080 [HID병목]   [20:40:50] M16HUB 정상(보고 270 미보고 0 JAM 0)
2026-10-04 20:43:01,169 [HID병목]   [20:41:40] M16HUB 정상(보고 270 미보고 0 JAM 0)
2026-10-04 20:43:51,047 [HID병목]   [20:42:30] M16HUB 정상(보고 270 미보고 0 JAM 0)
2026-10-04 20:44:41,060 [HID병목]   [20:43:20] M16HUB 정상(보고 270 미보고 0 JAM 0)
2026-10-04 20:45:31,400 [HID병목]   [20:44:10] M16HUB 정상(보고 270 미보고 0 JAM 0)
2026-10-04 20:46:21,078 [HID병목]   [20:45:00] M16HUB 정상(보고 270 미보고 0 JAM 0)
2026-10-04 20:47:11,067 [HID병목]   [20:45:50] M16HUB 정상(보고 270 미보고 0 JAM 0)
2026-10-04 20:48:01,099 [HID병목]   [20:46:40] M16HUB 정상(보고 270 미보고 0 JAM 0)
2026-10-04 20:48:51,076 [HID병목]   [20:47:30] M16HUB 정상(보고 270 미보고 0 JAM 0)
2026-10-04 20:49:41,066 [HID병목]   [20:48:20] M16HUB 정상(보고 270 미보고 0 JAM 0)
2026-10-04 20:50:31,040 [HID병목]   [20:49:10] M16HUB 정상(보고 270 미보고 0 JAM 0)
2026-10-04 20:51:21,059 [HID병목]   [20:50:00] M16HUB 정상(보고 270 미보고 0 JAM 0)
2026-10-04 20:52:11,029 [HID병목]   [20:50:50] M16HUB 정상(보고 270 미보고 0 JAM 0)
2026-10-04 20:53:01,069 [HID병목]   [20:51:40] M16HUB 정상(보고 270 미보고 0 JAM 0)
2026-10-04 20:53:51,078 [HID병목]   [20:52:30] M16HUB 정상(보고 270 미보고 0 JAM 0)
2026-10-04 20:54:41,065 [HID병목]   [20:53:20] M16HUB 정상(보고 270 미보고 0 JAM 0)
2026-10-04 20:55:31,073 [HID병목]   [20:54:10] M16HUB 정상(보고 270 미보고 0 JAM 0)
2026-10-04 20:56:22,731 [HID병목]   [20:55:00] M16HUB 정상(보고 270 미보고 0 JAM 0)
2026-10-04 20:57:11,074 [HID병목]   [20:55:50] M16HUB 정상(보고 270 미보고 0 JAM 0)
2026-10-04 20:58:01,093 [HID병목]   [20:56:40] M16HUB 정상(보고 270 미보고 0 JAM 0)
2026-10-04 20:58:51,085 [HID병목]   [20:57:30] M16HUB 정상(보고 270 미보고 0 JAM 0)
2026-10-04 20:59:41,059 [HID병목]   [20:58:20] M16HUB 정상(보고 270 미보고 0 JAM 0)
2026-10-04 21:00:31,033 [HID병목]   [20:59:10] M16HUB 정상(보고 270 미보고 0 JAM 0)
2026-10-04 21:01:21,047 [HID병목]   [21:00:00] M16HUB 정상(보고 270 미보고 0 JAM 0)
2026-10-04 21:02:11,076 [HID병목]   [21:00:50] M16HUB 정상(보고 270 미보고 0 JAM 0)
2026-10-04 21:03:01,080 [HID병목]   [21:01:40] M16HUB 정상(보고 270 미보고 0 JAM 0)
2026-10-04 21:03:51,075 [HID병목]   [21:02:30] M16HUB 정상(보고 270 미보고 0 JAM 0)
2026-10-04 21:04:42,853 [HID병목]   [21:03:20] M16HUB 정상(보고 270 미보고 0 JAM 0)
2026-10-04 21:05:31,047 [HID병목]   [21:04:10] M16HUB 정상(보고 269 미보고 1 JAM 0)
2026-10-04 21:06:21,076 [HID병목]   [21:05:00] M16HUB 정상(보고 269 미보고 1 JAM 0)
2026-10-04 21:07:11,033 [HID병목]   [21:05:50] M16HUB 정상(보고 269 미보고 1 JAM 0)
2026-10-04 21:08:01,109 [HID병목]   [21:06:40] M16HUB 정상(보고 270 미보고 0 JAM 0)
2026-10-04 21:08:51,074 [HID병목]   [21:07:30] M16HUB 정상(보고 270 미보고 0 JAM 0)
2026-10-04 21:09:41,031 [HID병목]   [21:08:20] M16HUB 정상(보고 270 미보고 0 JAM 0)
2026-10-04 21:10:31,075 [HID병목]   [21:09:10] M16HUB 정상(보고 270 미보고 0 JAM 0)
2026-10-04 21:11:21,070 [HID병목]   [21:10:00] M16HUB 정상(보고 270 미보고 0 JAM 0)
2026-10-04 21:12:11,047 [HID병목]   [21:10:50] M16HUB 정상(보고 270 미보고 0 JAM 0)
2026-10-04 21:13:01,084 [HID병목]   [21:11:40] M16HUB 정상(보고 269 미보고 1 JAM 0)
2026-10-04 21:13:51,079 [HID병목]   [21:12:30] M16HUB 정상(보고 269 미보고 1 JAM 0)
2026-10-04 21:14:41,067 [HID병목]   [21:13:20] M16HUB 정상(보고 269 미보고 1 JAM 0)
2026-10-04 21:15:31,074 [HID병목]   [21:14:10] M16HUB 정상(보고 270 미보고 0 JAM 0)
2026-10-04 21:16:21,384 [HID병목]   [21:15:00] M16HUB 정상(보고 270 미보고 0 JAM 0)
2026-10-04 21:17:11,076 [HID병목]   [21:15:50] M16HUB 정상(보고 270 미보고 0 JAM 0)
2026-10-04 21:18:01,097 [HID병목]   [21:16:40] M16HUB 정상(보고 270 미보고 0 JAM 0)
2026-10-04 21:18:51,075 [HID병목]   [21:17:30] M16HUB 정상(보고 270 미보고 0 JAM 0)
2026-10-04 21:19:41,016 [HID병목]   [21:18:20] M16HUB 정상(보고 270 미보고 0 JAM 0)
2026-10-04 21:20:31,074 [HID병목]   [21:19:10] M16HUB 정상(보고 270 미보고 0 JAM 0)
2026-10-04 21:21:21,031 [HID병목]   [21:20:00] M16HUB 정상(보고 270 미보고 0 JAM 0)
2026-10-04 21:22:11,076 [HID병목]   [21:20:50] M16HUB 정상(보고 270 미보고 0 JAM 0)
2026-10-04 21:23:01,091 [HID병목]   [21:21:40] M16HUB 정상(보고 270 미보고 0 JAM 0)
2026-10-04 21:23:51,033 [HID병목]   [21:22:30] M16HUB 정상(보고 270 미보고 0 JAM 0)
2026-10-04 21:24:41,062 [HID병목]   [21:23:20] M16HUB 정상(보고 270 미보고 0 JAM 0)
2026-10-04 21:25:31,075 [HID병목]   [21:24:10] M16HUB 정상(보고 270 미보고 0 JAM 0)
2026-10-04 21:26:21,075 [HID병목]   [21:25:00] M16HUB 정상(보고 270 미보고 0 JAM 0)
2026-10-04 21:27:11,074 [HID병목]   [21:25:50] M16HUB 정상(보고 270 미보고 0 JAM 0)
2026-10-04 21:28:01,050 [HID병목]   [21:26:40] M16HUB 정상(보고 270 미보고 0 JAM 0)
2026-10-04 21:28:51,078 [HID병목]   [21:27:30] M16HUB 정상(보고 270 미보고 0 JAM 0)
2026-10-04 21:29:41,047 [HID병목]   [21:28:20] M16HUB 정상(보고 269 미보고 1 JAM 0)
2026-10-04 21:30:31,068 [HID병목]   [21:29:10] M16HUB 정상(보고 270 미보고 0 JAM 0)
2026-10-04 21:31:21,067 [HID병목]   [21:30:00] M16HUB 정상(보고 270 미보고 0 JAM 0)
2026-10-04 21:32:11,031 [HID병목]   [21:30:50] M16HUB 정상(보고 270 미보고 0 JAM 0)
2026-10-04 21:33:01,081 [HID병목]   [21:31:40] M16HUB 정상(보고 270 미보고 0 JAM 0)
2026-10-04 21:33:51,047 [HID병목]   [21:32:30] M16HUB 정상(보고 270 미보고 0 JAM 0)
2026-10-04 21:34:41,065 [HID병목]   [21:33:20] M16HUB 정상(보고 270 미보고 0 JAM 0)
2026-10-04 21:35:31,074 [HID병목]   [21:34:10] M16HUB 정상(보고 270 미보고 0 JAM 0)
2026-10-04 21:36:21,837 [HID병목]   [21:35:00] M16HUB 정상(보고 270 미보고 0 JAM 0)
2026-10-04 21:37:11,055 [HID병목]   [21:35:50] M16HUB 정상(보고 270 미보고 0 JAM 0)
2026-10-04 21:38:01,032 [HID병목]   [21:36:40] M16HUB 정상(보고 270 미보고 0 JAM 0)
2026-10-04 21:38:51,077 [HID병목]   [21:37:30] M16HUB 정상(보고 270 미보고 0 JAM 0)
2026-10-04 21:39:41,064 [HID병목]   [21:38:20] M16HUB 정상(보고 270 미보고 0 JAM 0)
2026-10-04 21:40:31,075 [HID병목]   [21:39:10] M16HUB 정상(보고 270 미보고 0 JAM 0)
2026-10-04 21:41:21,058 [HID병목]   [21:40:00] M16HUB 정상(보고 270 미보고 0 JAM 0)
2026-10-04 21:42:11,056 [HID병목]   [21:40:50] M16HUB 정상(보고 270 미보고 0 JAM 0)
2026-10-04 21:43:01,034 [HID병목]   [21:41:40] M16HUB 정상(보고 270 미보고 0 JAM 0)
2026-10-04 21:43:51,026 [HID병목]   [21:42:30] M16HUB 정상(보고 270 미보고 0 JAM 0)
2026-10-04 21:44:41,066 [HID병목]   [21:43:20] M16HUB 정상(보고 270 미보고 0 JAM 0)
2026-10-04 21:45:31,073 [HID병목]   [21:44:10] M16HUB 정상(보고 270 미보고 0 JAM 0)
2026-10-04 21:46:21,066 [HID병목]   [21:45:00] M16HUB 정상(보고 270 미보고 0 JAM 0)
2026-10-04 21:47:11,073 [HID병목]   [21:45:50] M16HUB 정상(보고 270 미보고 0 JAM 0)
2026-10-04 21:48:01,108 [HID병목]   [21:46:40] M16HUB 정상(보고 270 미보고 0 JAM 0)
2026-10-04 21:48:51,075 [HID병목]   [21:47:30] M16HUB 정상(보고 270 미보고 0 JAM 0)
2026-10-04 21:49:41,060 [HID병목]   [21:48:20] M16HUB 정상(보고 270 미보고 0 JAM 0)
2026-10-04 21:50:31,076 [HID병목]   [21:49:10] M16HUB 정상(보고 270 미보고 0 JAM 0)
2026-10-04 21:51:21,032 [HID병목]   [21:50:00] M16HUB 정상(보고 270 미보고 0 JAM 0)
2026-10-04 21:52:11,075 [HID병목]   [21:50:50] M16HUB 정상(보고 270 미보고 0 JAM 0)
2026-10-04 21:53:01,164 [HID병목]   [21:51:40] M16HUB 정상(보고 270 미보고 0 JAM 0)
2026-10-04 21:53:51,076 [HID병목]   [21:52:30] M16HUB 정상(보고 270 미보고 0 JAM 0)
2026-10-04 21:54:41,092 [HID병목]   [21:53:20] M16HUB 정상(보고 270 미보고 0 JAM 0)
2026-10-04 21:55:31,073 [HID병목]   [21:54:10] M16HUB 정상(보고 270 미보고 0 JAM 0)
2026-10-04 21:56:21,060 [HID병목]   [21:55:00] M16HUB 정상(보고 270 미보고 0 JAM 0)
2026-10-04 21:57:11,075 [HID병목]   [21:55:50] M16HUB 정상(보고 270 미보고 0 JAM 0)
2026-10-04 21:58:01,043 [HID병목]   [21:56:40] M16HUB 정상(보고 270 미보고 0 JAM 0)
2026-10-04 21:58:51,061 [HID병목]   [21:57:30] M16HUB 정상(보고 270 미보고 0 JAM 0)
2026-10-04 21:59:41,015 [HID병목]   [21:58:20] M16HUB 정상(보고 269 미보고 1 JAM 0)
2026-10-04 22:00:31,028 [HID병목]   [21:59:10] M16HUB 정상(보고 269 미보고 1 JAM 0)
2026-10-04 22:01:21,070 [HID병목]   [22:00:00] M16HUB 정상(보고 269 미보고 1 JAM 0)
2026-10-04 22:02:11,076 [HID병목]   [22:00:50] M16HUB 정상(보고 270 미보고 0 JAM 0)
2026-10-04 22:03:01,166 [HID병목]   [22:01:40] M16HUB 정상(보고 270 미보고 0 JAM 0)
2026-10-04 22:03:51,075 [HID병목]   [22:02:30] M16HUB 정상(보고 270 미보고 0 JAM 0)
2026-10-04 22:04:41,561 [HID병목]   [22:03:20] M16HUB 정상(보고 270 미보고 0 JAM 0)
2026-10-04 22:05:31,027 [HID병목]   [22:04:10] M16HUB 정상(보고 270 미보고 0 JAM 0)
2026-10-04 22:06:21,464 [HID병목]   [22:05:00] M16HUB 정상(보고 270 미보고 0 JAM 0)
2026-10-04 22:07:11,074 [HID병목]   [22:05:50] M16HUB 정상(보고 270 미보고 0 JAM 0)
2026-10-04 22:08:01,067 [HID병목]   [22:06:40] M16HUB 정상(보고 270 미보고 0 JAM 0)
2026-10-04 22:08:51,051 [HID병목]   [22:07:30] M16HUB 정상(보고 270 미보고 0 JAM 0)
2026-10-04 22:09:41,028 [HID병목]   [22:08:20] M16HUB 정상(보고 270 미보고 0 JAM 0)
2026-10-04 22:10:31,047 [HID병목]   [22:09:10] M16HUB 정상(보고 270 미보고 0 JAM 0)
2026-10-04 22:11:21,424 [HID병목]   [22:10:00] M16HUB 정상(보고 270 미보고 0 JAM 0)
2026-10-04 22:12:11,042 [HID병목]   [22:10:50] M16HUB 정상(보고 270 미보고 0 JAM 0)
2026-10-04 22:13:01,063 [HID병목]   [22:11:40] M16HUB 정상(보고 270 미보고 0 JAM 0)
2026-10-04 22:13:51,073 [HID병목]   [22:12:30] M16HUB 정상(보고 270 미보고 0 JAM 0)
2026-10-04 22:14:41,054 [HID병목]   [22:13:20] M16HUB 정상(보고 270 미보고 0 JAM 0)
2026-10-04 22:15:31,057 [HID병목]   [22:14:10] M16HUB 정상(보고 270 미보고 0 JAM 0)
2026-10-04 22:16:21,047 [HID병목]   [22:15:00] M16HUB 정상(보고 270 미보고 0 JAM 0)
2026-10-04 22:17:11,059 [HID병목]   [22:15:50] M16HUB 정상(보고 270 미보고 0 JAM 0)
2026-10-04 22:18:01,082 [HID병목]   [22:16:40] M16HUB 정상(보고 270 미보고 0 JAM 0)
2026-10-04 22:18:51,076 [HID병목]   [22:17:30] M16HUB 정상(보고 270 미보고 0 JAM 0)
2026-10-04 22:19:41,047 [HID병목]   [22:18:20] M16HUB 정상(보고 270 미보고 0 JAM 0)
2026-10-04 22:20:31,075 [HID병목]   [22:19:10] M16HUB 정상(보고 270 미보고 0 JAM 0)
2026-10-04 22:21:21,166 [HID병목]   [22:20:00] M16HUB 정상(보고 270 미보고 0 JAM 0)
2026-10-04 22:22:11,081 [HID병목]   [22:20:50] M16HUB 정상(보고 270 미보고 0 JAM 0)
2026-10-04 22:23:01,081 [HID병목]   [22:21:40] M16HUB 정상(보고 270 미보고 0 JAM 0)
2026-10-04 22:23:51,036 [HID병목]   [22:22:30] M16HUB 정상(보고 270 미보고 0 JAM 0)
2026-10-04 22:24:41,065 [HID병목]   [22:23:20] M16HUB 정상(보고 270 미보고 0 JAM 0)
2026-10-04 22:25:31,073 [HID병목]   [22:24:10] M16HUB 정상(보고 270 미보고 0 JAM 0)
2026-10-04 22:26:21,778 [HID병목]   [22:25:00] M16HUB 정상(보고 270 미보고 0 JAM 0)
2026-10-04 22:27:11,063 [HID병목]   [22:25:50] M16HUB 정상(보고 270 미보고 0 JAM 0)
2026-10-04 22:28:01,085 [HID병목]   [22:26:40] M16HUB 정상(보고 270 미보고 0 JAM 0)
2026-10-04 22:28:51,101 [HID병목]   [22:27:30] M16HUB 정상(보고 270 미보고 0 JAM 0)
2026-10-04 22:29:41,051 [HID병목]   [22:28:20] M16HUB 정상(보고 270 미보고 0 JAM 0)
2026-10-04 22:30:31,108 [HID병목]   [22:29:10] M16HUB 정상(보고 270 미보고 0 JAM 0)
2026-10-04 22:31:21,075 [HID병목]   [22:30:00] M16HUB 정상(보고 270 미보고 0 JAM 0)
2026-10-04 22:32:11,076 [HID병목]   [22:30:50] M16HUB 정상(보고 270 미보고 0 JAM 0)
2026-10-04 22:33:01,082 [HID병목]   [22:31:40] M16HUB 정상(보고 270 미보고 0 JAM 0)
2026-10-04 22:33:51,066 [HID병목]   [22:32:30] M16HUB 정상(보고 270 미보고 0 JAM 0)
2026-10-04 22:34:41,065 [HID병목]   [22:33:20] M16HUB 정상(보고 270 미보고 0 JAM 0)
2026-10-04 22:35:31,073 [HID병목]   [22:34:10] M16HUB 정상(보고 270 미보고 0 JAM 0)
2026-10-04 22:36:21,074 [HID병목]   [22:35:00] M16HUB 정상(보고 270 미보고 0 JAM 0)
2026-10-04 22:37:11,032 [HID병목]   [22:35:50] M16HUB 정상(보고 270 미보고 0 JAM 0)
2026-10-04 22:38:01,085 [HID병목]   [22:36:40] M16HUB 정상(보고 270 미보고 0 JAM 0)
2026-10-04 22:38:51,028 [HID병목]   [22:37:30] M16HUB 정상(보고 270 미보고 0 JAM 0)
2026-10-04 22:39:42,900 [HID병목]   [22:38:20] M16HUB 정상(보고 270 미보고 0 JAM 0)
2026-10-04 22:40:31,072 [HID병목]   [22:39:10] M16HUB 정상(보고 270 미보고 0 JAM 0)
2026-10-04 22:41:21,059 [HID병목]   [22:40:00] M16HUB 정상(보고 270 미보고 0 JAM 0)
2026-10-04 22:42:11,122 [HID병목]   [22:40:50] M16HUB 정상(보고 270 미보고 0 JAM 0)
2026-10-04 22:43:01,082 [HID병목]   [22:41:40] M16HUB 정상(보고 270 미보고 0 JAM 0)
2026-10-04 22:43:51,032 [HID병목]   [22:42:30] M16HUB 정상(보고 270 미보고 0 JAM 0)
2026-10-04 22:44:41,056 [HID병목]   [22:43:20] M16HUB 정상(보고 270 미보고 0 JAM 0)
2026-10-04 22:45:31,055 [HID병목]   [22:44:10] M16HUB 정상(보고 270 미보고 0 JAM 0)
2026-10-04 22:46:21,095 [HID병목]   [22:45:00] M16HUB 정상(보고 270 미보고 0 JAM 0)
2026-10-04 22:47:11,080 [HID병목]   [22:45:50] M16HUB 정상(보고 270 미보고 0 JAM 0)
2026-10-04 22:48:01,075 [HID병목]   [22:46:40] M16HUB 정상(보고 270 미보고 0 JAM 0)
2026-10-04 22:48:51,074 [HID병목]   [22:47:30] M16HUB 정상(보고 270 미보고 0 JAM 0)
2026-10-04 22:49:41,066 [HID병목]   [22:48:20] M16HUB 정상(보고 270 미보고 0 JAM 0)
2026-10-04 22:50:31,074 [HID병목]   [22:49:10] M16HUB 정상(보고 270 미보고 0 JAM 0)
2026-10-04 22:51:21,049 [HID병목]   [22:50:00] M16HUB 정상(보고 270 미보고 0 JAM 0)
2026-10-04 22:52:11,036 [HID병목]   [22:50:50] M16HUB 정상(보고 270 미보고 0 JAM 0)
2026-10-04 22:53:01,116 [HID병목]   [22:51:40] M16HUB 정상(보고 270 미보고 0 JAM 0)
2026-10-04 22:53:51,079 [HID병목]   [22:52:30] M16HUB 정상(보고 270 미보고 0 JAM 0)
2026-10-04 22:54:41,020 [HID병목]   [22:53:20] M16HUB 정상(보고 270 미보고 0 JAM 0)
2026-10-04 22:55:31,051 [HID병목]   [22:54:10] M16HUB 정상(보고 269 미보고 1 JAM 0)
2026-10-04 22:56:21,076 [HID병목]   [22:55:00] M16HUB 정상(보고 269 미보고 1 JAM 0)
2026-10-04 22:57:11,075 [HID병목]   [22:55:50] M16HUB 정상(보고 269 미보고 1 JAM 0)
2026-10-04 22:58:01,094 [HID병목]   [22:56:40] M16HUB 정상(보고 270 미보고 0 JAM 0)
2026-10-04 22:58:51,088 [HID병목]   [22:57:30] M16HUB 정상(보고 270 미보고 0 JAM 0)
2026-10-04 22:59:41,016 [HID병목]   [22:58:20] M16HUB 정상(보고 270 미보고 0 JAM 0)
2026-10-04 23:00:31,054 [HID병목]   [22:59:10] M16HUB 정상(보고 270 미보고 0 JAM 0)
2026-10-04 23:01:21,075 [HID병목]   [23:00:00] M16HUB 정상(보고 270 미보고 0 JAM 0)
2026-10-04 23:02:11,064 [HID병목]   [23:00:50] M16HUB 정상(보고 270 미보고 0 JAM 0)
2026-10-04 23:03:01,038 [HID병목]   [23:01:40] M16HUB 정상(보고 270 미보고 0 JAM 0)
2026-10-04 23:03:51,042 [HID병목]   [23:02:30] M16HUB 정상(보고 270 미보고 0 JAM 0)
2026-10-04 23:04:43,686 [HID병목]   [23:03:20] M16HUB 정상(보고 270 미보고 0 JAM 0)
2026-10-04 23:05:31,045 [HID병목]   [23:04:10] M16HUB 정상(보고 270 미보고 0 JAM 0)
2026-10-04 23:06:21,791 [HID병목]   [23:05:00] M16HUB 정상(보고 270 미보고 0 JAM 0)
2026-10-04 23:07:11,077 [HID병목]   [23:05:50] M16HUB 정상(보고 270 미보고 0 JAM 0)
2026-10-04 23:08:01,102 [HID병목]   [23:06:40] M16HUB 정상(보고 270 미보고 0 JAM 0)
2026-10-04 23:08:51,034 [HID병목]   [23:07:30] M16HUB 정상(보고 270 미보고 0 JAM 0)
2026-10-04 23:09:41,066 [HID병목]   [23:08:20] M16HUB 정상(보고 270 미보고 0 JAM 0)
2026-10-04 23:10:31,059 [HID병목]   [23:09:10] M16HUB 정상(보고 270 미보고 0 JAM 0)
2026-10-04 23:11:21,078 [HID병목]   [23:10:00] M16HUB 정상(보고 270 미보고 0 JAM 0)
2026-10-04 23:12:11,061 [HID병목]   [23:10:50] M16HUB 정상(보고 270 미보고 0 JAM 0)
2026-10-04 23:13:01,099 [HID병목]   [23:11:40] M16HUB 정상(보고 270 미보고 0 JAM 0)
2026-10-04 23:13:51,048 [HID병목]   [23:12:30] M16HUB 정상(보고 270 미보고 0 JAM 0)
2026-10-04 23:14:41,065 [HID병목]   [23:13:20] M16HUB 정상(보고 270 미보고 0 JAM 0)
2026-10-04 23:15:31,279 [HID병목]   [23:14:10] M16HUB 정상(보고 270 미보고 0 JAM 0)
2026-10-04 23:16:21,041 [HID병목]   [23:15:00] M16HUB 정상(보고 270 미보고 0 JAM 0)
2026-10-04 23:17:11,030 [HID병목]   [23:15:50] M16HUB 정상(보고 270 미보고 0 JAM 0)
2026-10-04 23:18:01,083 [HID병목]   [23:16:40] M16HUB 정상(보고 270 미보고 0 JAM 0)
2026-10-04 23:18:51,075 [HID병목]   [23:17:30] M16HUB 정상(보고 270 미보고 0 JAM 0)
2026-10-04 23:19:41,023 [HID병목]   [23:18:20] M16HUB 정상(보고 270 미보고 0 JAM 0)
2026-10-04 23:20:31,023 [HID병목]   [23:19:10] M16HUB 정상(보고 270 미보고 0 JAM 0)
2026-10-04 23:21:21,076 [HID병목]   [23:20:00] M16HUB 정상(보고 270 미보고 0 JAM 0)
2026-10-04 23:22:11,077 [HID병목]   [23:20:50] M16HUB 정상(보고 270 미보고 0 JAM 0)
2026-10-04 23:23:01,082 [HID병목]   [23:21:40] M16HUB 정상(보고 270 미보고 0 JAM 0)
2026-10-04 23:23:51,074 [HID병목]   [23:22:30] M16HUB 정상(보고 270 미보고 0 JAM 0)
2026-10-04 23:24:41,065 [HID병목]   [23:23:20] M16HUB 정상(보고 270 미보고 0 JAM 0)
2026-10-04 23:25:31,042 [HID병목]   [23:24:10] M16HUB 정상(보고 270 미보고 0 JAM 0)
2026-10-04 23:26:21,027 [HID병목]   [23:25:00] M16HUB 정상(보고 270 미보고 0 JAM 0)
2026-10-04 23:27:11,035 [HID병목]   [23:25:50] M16HUB 정상(보고 270 미보고 0 JAM 0)
2026-10-04 23:28:01,083 [HID병목]   [23:26:40] M16HUB 정상(보고 270 미보고 0 JAM 0)
2026-10-04 23:28:51,070 [HID병목]   [23:27:30] M16HUB 정상(보고 270 미보고 0 JAM 0)
2026-10-04 23:29:41,049 [HID병목]   [23:28:20] M16HUB 정상(보고 270 미보고 0 JAM 0)
2026-10-04 23:30:31,045 [HID병목]   [23:29:10] M16HUB 정상(보고 270 미보고 0 JAM 0)
2026-10-04 23:31:21,070 [HID병목]   [23:30:00] M16HUB 정상(보고 270 미보고 0 JAM 0)
2026-10-04 23:32:11,075 [HID병목]   [23:30:50] M16HUB 정상(보고 270 미보고 0 JAM 0)
2026-10-04 23:33:01,075 [HID병목]   [23:31:40] M16HUB 정상(보고 270 미보고 0 JAM 0)
2026-10-04 23:33:51,500 [HID병목]   [23:32:30] M16HUB 정상(보고 270 미보고 0 JAM 0)
2026-10-04 23:34:41,065 [HID병목]   [23:33:20] M16HUB 정상(보고 270 미보고 0 JAM 0)
2026-10-04 23:35:31,831 [HID병목]   [23:34:10] M16HUB 정상(보고 270 미보고 0 JAM 0)
2026-10-04 23:36:21,074 [HID병목]   [23:35:00] M16HUB 정상(보고 270 미보고 0 JAM 0)
2026-10-04 23:37:11,075 [HID병목]   [23:35:50] M16HUB 정상(보고 270 미보고 0 JAM 0)
2026-10-04 23:38:01,043 [HID병목]   [23:36:40] M16HUB 정상(보고 270 미보고 0 JAM 0)
2026-10-04 23:38:51,076 [HID병목]   [23:37:30] M16HUB 정상(보고 270 미보고 0 JAM 0)
2026-10-04 23:39:41,066 [HID병목]   [23:38:20] M16HUB 정상(보고 270 미보고 0 JAM 0)
2026-10-04 23:40:31,074 [HID병목]   [23:39:10] M16HUB 정상(보고 270 미보고 0 JAM 0)
2026-10-04 23:41:21,207 [HID병목]   [23:40:00] M16HUB 정상(보고 270 미보고 0 JAM 0)
2026-10-04 23:42:11,051 [HID병목]   [23:40:50] M16HUB 정상(보고 270 미보고 0 JAM 0)
2026-10-04 23:43:01,081 [HID병목]   [23:41:40] M16HUB 정상(보고 270 미보고 0 JAM 0)
2026-10-04 23:43:51,075 [HID병목]   [23:42:30] M16HUB 정상(보고 270 미보고 0 JAM 0)
2026-10-04 23:44:41,048 [HID병목]   [23:43:20] M16HUB 정상(보고 270 미보고 0 JAM 0)
2026-10-04 23:45:31,092 [HID병목]   [23:44:10] M16HUB 정상(보고 270 미보고 0 JAM 0)
2026-10-04 23:46:21,030 [HID병목]   [23:45:00] M16HUB 정상(보고 270 미보고 0 JAM 0)
2026-10-04 23:47:11,071 [HID병목]   [23:45:50] M16HUB 정상(보고 270 미보고 0 JAM 0)
2026-10-04 23:48:01,143 [HID병목]   [23:46:40] M16HUB 정상(보고 270 미보고 0 JAM 0)
2026-10-04 23:48:51,074 [HID병목]   [23:47:30] M16HUB 정상(보고 270 미보고 0 JAM 0)
2026-10-04 23:49:41,326 [HID병목]   [23:48:20] M16HUB 정상(보고 270 미보고 0 JAM 0)
2026-10-04 23:50:31,063 [HID병목]   [23:49:10] M16HUB 정상(보고 270 미보고 0 JAM 0)
2026-10-04 23:51:22,245 [HID병목]   [23:50:00] M16HUB 정상(보고 270 미보고 0 JAM 0)
2026-10-04 23:52:11,025 [HID병목]   [23:50:50] M16HUB 정상(보고 270 미보고 0 JAM 0)
2026-10-04 23:53:01,164 [HID병목]   [23:51:40] M16HUB 정상(보고 270 미보고 0 JAM 0)
2026-10-04 23:53:51,076 [HID병목]   [23:52:30] M16HUB 정상(보고 270 미보고 0 JAM 0)
2026-10-04 23:54:41,066 [HID병목]   [23:53:20] M16HUB 정상(보고 270 미보고 0 JAM 0)
2026-10-04 23:55:31,073 [HID병목]   [23:54:10] M16HUB 정상(보고 270 미보고 0 JAM 0)
2026-10-04 23:56:21,074 [HID병목]   [23:55:00] M16HUB 정상(보고 270 미보고 0 JAM 0)
2026-10-04 23:57:11,083 [HID병목]   [23:55:50] M16HUB 정상(보고 270 미보고 0 JAM 0)
2026-10-04 23:58:01,095 [HID병목]   [23:56:40] M16HUB 정상(보고 270 미보고 0 JAM 0)
2026-10-04 23:58:51,084 [HID병목]   [23:57:30] M16HUB 정상(보고 270 미보고 0 JAM 0)
2026-10-04 23:59:41,040 [HID병목]   [23:58:20] M16HUB 정상(보고 270 미보고 0 JAM 0)
2026-10-05 00:00:31,087 [HID병목]   [23:59:10] M16HUB 정상(보고 270 미보고 0 JAM 0)
2026-10-05 00:01:21,525 [HID병목]   [00:00:00] M16HUB 정상(보고 270 미보고 0 JAM 0)
2026-10-05 00:02:11,027 [HID병목]   [00:00:50] M16HUB 정상(보고 270 미보고 0 JAM 0)
2026-10-05 00:03:01,051 [HID병목]   [00:01:40] M16HUB 정상(보고 270 미보고 0 JAM 0)
2026-10-05 00:03:51,039 [HID병목]   [00:02:30] M16HUB 정상(보고 270 미보고 0 JAM 0)
2026-10-05 00:04:41,016 [HID병목]   [00:03:20] M16HUB 정상(보고 270 미보고 0 JAM 0)
2026-10-05 00:05:31,056 [HID병목]   [00:04:10] M16HUB 정상(보고 270 미보고 0 JAM 0)
2026-10-05 00:06:21,076 [HID병목]   [00:05:00] M16HUB 정상(보고 270 미보고 0 JAM 0)
2026-10-05 00:07:11,055 [HID병목]   [00:05:50] M16HUB 정상(보고 270 미보고 0 JAM 0)
2026-10-05 00:08:01,151 [HID병목]   [00:06:40] M16HUB 정상(보고 270 미보고 0 JAM 0)
2026-10-05 00:08:51,056 [HID병목]   [00:07:30] M16HUB 정상(보고 270 미보고 0 JAM 0)
2026-10-05 00:09:41,017 [HID병목]   [00:08:20] M16HUB 정상(보고 270 미보고 0 JAM 0)
2026-10-05 00:10:31,103 [HID병목]   [00:09:10] M16HUB 정상(보고 270 미보고 0 JAM 0)
2026-10-05 00:11:21,237 [HID병목]   [00:10:00] M16HUB 정상(보고 270 미보고 0 JAM 0)
2026-10-05 00:12:11,073 [HID병목]   [00:10:50] M16HUB 정상(보고 270 미보고 0 JAM 0)
2026-10-05 00:13:01,116 [HID병목]   [00:11:40] M16HUB 정상(보고 270 미보고 0 JAM 0)
2026-10-05 00:13:51,076 [HID병목]   [00:12:30] M16HUB 정상(보고 270 미보고 0 JAM 0)
2026-10-05 00:14:41,046 [HID병목]   [00:13:20] M16HUB 정상(보고 270 미보고 0 JAM 0)
2026-10-05 00:15:31,074 [HID병목]   [00:14:10] M16HUB 정상(보고 270 미보고 0 JAM 0)
2026-10-05 00:16:21,078 [HID병목]   [00:15:00] M16HUB 정상(보고 270 미보고 0 JAM 0)
2026-10-05 00:17:11,039 [HID병목]   [00:15:50] M16HUB 정상(보고 270 미보고 0 JAM 0)
2026-10-05 00:18:01,082 [HID병목]   [00:16:40] M16HUB 정상(보고 270 미보고 0 JAM 0)
2026-10-05 00:18:51,075 [HID병목]   [00:17:30] M16HUB 정상(보고 270 미보고 0 JAM 0)
2026-10-05 00:19:41,066 [HID병목]   [00:18:20] M16HUB 정상(보고 270 미보고 0 JAM 0)
2026-10-05 00:20:31,076 [HID병목]   [00:19:10] M16HUB 정상(보고 269 미보고 1 JAM 0)
2026-10-05 00:21:21,058 [HID병목]   [00:20:00] M16HUB 정상(보고 269 미보고 1 JAM 0)
2026-10-05 00:22:11,068 [HID병목]   [00:20:50] M16HUB 정상(보고 269 미보고 1 JAM 0)
2026-10-05 00:23:01,065 [HID병목]   [00:21:40] M16HUB 정상(보고 269 미보고 1 JAM 0)
2026-10-05 00:23:51,036 [HID병목]   [00:22:30] M16HUB 정상(보고 270 미보고 0 JAM 0)
2026-10-05 00:24:44,439 [HID병목]   [00:23:20] M16HUB 정상(보고 270 미보고 0 JAM 0)
2026-10-05 00:25:31,065 [HID병목]   [00:24:10] M16HUB 정상(보고 270 미보고 0 JAM 0)
2026-10-05 00:26:21,273 [HID병목]   [00:25:00] M16HUB 정상(보고 270 미보고 0 JAM 0)
2026-10-05 00:27:11,026 [HID병목]   [00:25:50] M16HUB 정상(보고 270 미보고 0 JAM 0)
2026-10-05 00:28:01,083 [HID병목]   [00:26:40] M16HUB 정상(보고 269 미보고 1 JAM 0)
2026-10-05 00:28:51,085 [HID병목]   [00:27:30] M16HUB 정상(보고 269 미보고 1 JAM 0)
2026-10-05 00:29:41,064 [HID병목]   [00:28:20] M16HUB 정상(보고 269 미보고 1 JAM 0)
2026-10-05 00:30:31,074 [HID병목]   [00:29:10] M16HUB 정상(보고 270 미보고 0 JAM 0)
2026-10-05 00:31:21,077 [HID병목]   [00:30:00] M16HUB 정상(보고 270 미보고 0 JAM 0)
2026-10-05 00:32:11,075 [HID병목]   [00:30:50] M16HUB 정상(보고 270 미보고 0 JAM 0)
2026-10-05 00:33:01,112 [HID병목]   [00:31:40] M16HUB 정상(보고 270 미보고 0 JAM 0)
2026-10-05 00:33:51,073 [HID병목]   [00:32:30] M16HUB 정상(보고 270 미보고 0 JAM 0)
2026-10-05 00:34:41,039 [HID병목]   [00:33:20] M16HUB 정상(보고 270 미보고 0 JAM 0)
2026-10-05 00:35:31,024 [HID병목]   [00:34:10] M16HUB 정상(보고 270 미보고 0 JAM 0)
2026-10-05 00:36:21,032 [HID병목]   [00:35:00] M16HUB 정상(보고 270 미보고 0 JAM 0)
2026-10-05 00:37:11,076 [HID병목]   [00:35:50] M16HUB 정상(보고 270 미보고 0 JAM 0)
2026-10-05 00:38:01,040 [HID병목]   [00:36:40] M16HUB 정상(보고 270 미보고 0 JAM 0)
2026-10-05 00:38:51,060 [HID병목]   [00:37:30] M16HUB 정상(보고 270 미보고 0 JAM 0)
2026-10-05 00:39:41,049 [HID병목]   [00:38:20] M16HUB 정상(보고 270 미보고 0 JAM 0)
2026-10-05 00:40:31,073 [HID병목]   [00:39:10] M16HUB 정상(보고 270 미보고 0 JAM 0)
2026-10-05 00:41:21,075 [HID병목]   [00:40:00] M16HUB 정상(보고 270 미보고 0 JAM 0)
2026-10-05 00:42:11,066 [HID병목]   [00:40:50] M16HUB 정상(보고 270 미보고 0 JAM 0)
2026-10-05 00:43:01,053 [HID병목]   [00:41:40] M16HUB 정상(보고 270 미보고 0 JAM 0)
2026-10-05 00:43:51,075 [HID병목]   [00:42:30] M16HUB 정상(보고 270 미보고 0 JAM 0)
2026-10-05 00:44:41,065 [HID병목]   [00:43:20] M16HUB 정상(보고 270 미보고 0 JAM 0)
2026-10-05 00:45:31,030 [HID병목]   [00:44:10] M16HUB 정상(보고 269 미보고 1 JAM 0)
2026-10-05 00:46:21,110 [HID병목]   [00:45:00] M16HUB 정상(보고 269 미보고 1 JAM 0)
2026-10-05 00:47:11,078 [HID병목]   [00:45:50] M16HUB 정상(보고 269 미보고 1 JAM 0)
2026-10-05 00:48:01,050 [HID병목]   [00:46:40] M16HUB 정상(보고 270 미보고 0 JAM 0)
2026-10-05 00:48:51,073 [HID병목]   [00:47:30] M16HUB 정상(보고 270 미보고 0 JAM 0)
2026-10-05 00:49:41,038 [HID병목]   [00:48:20] M16HUB 정상(보고 270 미보고 0 JAM 0)
2026-10-05 00:50:31,052 [HID병목]   [00:49:10] M16HUB 정상(보고 270 미보고 0 JAM 0)
2026-10-05 00:51:21,073 [HID병목]   [00:50:00] M16HUB 정상(보고 270 미보고 0 JAM 0)
2026-10-05 00:52:11,036 [HID병목]   [00:50:50] M16HUB 정상(보고 270 미보고 0 JAM 0)
2026-10-05 00:53:01,083 [HID병목]   [00:51:40] M16HUB 정상(보고 270 미보고 0 JAM 0)
2026-10-05 00:53:51,029 [HID병목]   [00:52:30] M16HUB 정상(보고 270 미보고 0 JAM 0)
2026-10-05 00:54:41,042 [HID병목]   [00:53:20] M16HUB 정상(보고 270 미보고 0 JAM 0)
2026-10-05 00:55:31,072 [HID병목]   [00:54:10] M16HUB 정상(보고 270 미보고 0 JAM 0)
2026-10-05 00:56:21,039 [HID병목]   [00:55:00] M16HUB 정상(보고 270 미보고 0 JAM 0)
2026-10-05 00:57:11,033 [HID병목]   [00:55:50] M16HUB 정상(보고 270 미보고 0 JAM 0)
2026-10-05 00:58:01,079 [HID병목]   [00:56:40] M16HUB 정상(보고 270 미보고 0 JAM 0)
2026-10-05 00:58:51,086 [HID병목]   [00:57:30] M16HUB 정상(보고 270 미보고 0 JAM 0)
2026-10-05 00:59:41,065 [HID병목]   [00:58:20] M16HUB 정상(보고 270 미보고 0 JAM 0)
2026-10-05 01:00:31,098 [HID병목]   [00:59:10] M16HUB 정상(보고 270 미보고 0 JAM 0)
2026-10-05 01:01:21,089 [HID병목]   [01:00:00] M16HUB 정상(보고 270 미보고 0 JAM 0)
2026-10-05 01:02:11,075 [HID병목]   [01:00:50] M16HUB 정상(보고 270 미보고 0 JAM 0)
2026-10-05 01:03:01,088 [HID병목]   [01:01:40] M16HUB 정상(보고 270 미보고 0 JAM 0)
2026-10-05 01:03:51,030 [HID병목]   [01:02:30] M16HUB 정상(보고 270 미보고 0 JAM 0)
2026-10-05 01:04:41,026 [HID병목]   [01:03:20] M16HUB 정상(보고 270 미보고 0 JAM 0)
2026-10-05 01:05:31,074 [HID병목]   [01:04:10] M16HUB 정상(보고 270 미보고 0 JAM 0)
2026-10-05 01:06:21,075 [HID병목]   [01:05:00] M16HUB 정상(보고 270 미보고 0 JAM 0)
2026-10-05 01:07:11,036 [HID병목]   [01:05:50] M16HUB 정상(보고 270 미보고 0 JAM 0)
2026-10-05 01:08:01,133 [HID병목]   [01:06:40] M16HUB 정상(보고 270 미보고 0 JAM 0)
2026-10-05 01:08:51,073 [HID병목]   [01:07:30] M16HUB 정상(보고 270 미보고 0 JAM 0)
2026-10-05 01:09:41,021 [HID병목]   [01:08:20] M16HUB 정상(보고 270 미보고 0 JAM 0)
2026-10-05 01:10:31,075 [HID병목]   [01:09:10] M16HUB 정상(보고 270 미보고 0 JAM 0)
2026-10-05 01:11:21,466 [HID병목]   [01:10:00] M16HUB 정상(보고 269 미보고 1 JAM 0)
2026-10-05 01:12:11,072 [HID병목]   [01:10:50] M16HUB 정상(보고 269 미보고 1 JAM 0)
2026-10-05 01:13:01,035 [HID병목]   [01:11:40] M16HUB 정상(보고 269 미보고 1 JAM 0)
2026-10-05 01:13:51,075 [HID병목]   [01:12:30] M16HUB 정상(보고 269 미보고 1 JAM 0)
2026-10-05 01:14:41,034 [HID병목]   [01:13:20] M16HUB 정상(보고 270 미보고 0 JAM 0)
2026-10-05 01:15:31,030 [HID병목]   [01:14:10] M16HUB 정상(보고 270 미보고 0 JAM 0)
2026-10-05 01:16:21,028 [HID병목]   [01:15:00] M16HUB 정상(보고 270 미보고 0 JAM 0)
2026-10-05 01:17:11,032 [HID병목]   [01:15:50] M16HUB 정상(보고 270 미보고 0 JAM 0)
2026-10-05 01:18:01,128 [HID병목]   [01:16:40] M16HUB 정상(보고 270 미보고 0 JAM 0)
2026-10-05 01:18:51,060 [HID병목]   [01:17:30] M16HUB 정상(보고 270 미보고 0 JAM 0)
2026-10-05 01:19:41,048 [HID병목]   [01:18:20] M16HUB 정상(보고 270 미보고 0 JAM 0)
2026-10-05 01:20:31,058 [HID병목]   [01:19:10] M16HUB 정상(보고 270 미보고 0 JAM 0)
2026-10-05 01:21:21,071 [HID병목]   [01:20:00] M16HUB 정상(보고 270 미보고 0 JAM 0)
2026-10-05 01:22:11,041 [HID병목]   [01:20:50] M16HUB 정상(보고 270 미보고 0 JAM 0)
2026-10-05 01:23:01,146 [HID병목]   [01:21:40] M16HUB 정상(보고 270 미보고 0 JAM 0)
2026-10-05 01:23:51,055 [HID병목]   [01:22:30] M16HUB 정상(보고 270 미보고 0 JAM 0)
2026-10-05 01:24:41,015 [HID병목]   [01:23:20] M16HUB 정상(보고 270 미보고 0 JAM 0)
2026-10-05 01:25:31,074 [HID병목]   [01:24:10] M16HUB 정상(보고 270 미보고 0 JAM 0)
2026-10-05 01:26:21,075 [HID병목]   [01:25:00] M16HUB 정상(보고 270 미보고 0 JAM 0)
2026-10-05 01:27:11,034 [HID병목]   [01:25:50] M16HUB 정상(보고 270 미보고 0 JAM 0)
2026-10-05 01:28:01,045 [HID병목]   [01:26:40] M16HUB 정상(보고 270 미보고 0 JAM 0)
2026-10-05 01:28:51,075 [HID병목]   [01:27:30] M16HUB 정상(보고 270 미보고 0 JAM 0)
2026-10-05 01:29:41,067 [HID병목]   [01:28:20] M16HUB 정상(보고 270 미보고 0 JAM 0)
2026-10-05 01:30:31,064 [HID병목]   [01:29:10] M16HUB 정상(보고 270 미보고 0 JAM 0)
2026-10-05 01:31:21,078 [HID병목]   [01:30:00] M16HUB 정상(보고 270 미보고 0 JAM 0)
2026-10-05 01:32:11,064 [HID병목]   [01:30:50] M16HUB 정상(보고 270 미보고 0 JAM 0)
2026-10-05 01:33:01,141 [HID병목]   [01:31:40] M16HUB 정상(보고 269 미보고 1 JAM 0)
2026-10-05 01:33:51,075 [HID병목]   [01:32:30] M16HUB 정상(보고 269 미보고 1 JAM 0)
2026-10-05 01:34:41,060 [HID병목]   [01:33:20] M16HUB 정상(보고 269 미보고 1 JAM 0)
2026-10-05 01:35:31,050 [HID병목]   [01:34:10] M16HUB 정상(보고 270 미보고 0 JAM 0)
2026-10-05 01:36:21,078 [HID병목]   [01:35:00] M16HUB 정상(보고 270 미보고 0 JAM 0)
2026-10-05 01:37:11,076 [HID병목]   [01:35:50] M16HUB 정상(보고 270 미보고 0 JAM 0)
2026-10-05 01:38:01,179 [HID병목]   [01:36:40] M16HUB 정상(보고 270 미보고 0 JAM 0)
2026-10-05 01:38:52,190 [HID병목]   [01:37:30] M16HUB 정상(보고 270 미보고 0 JAM 0)
2026-10-05 01:39:41,046 [HID병목]   [01:38:20] M16HUB 정상(보고 270 미보고 0 JAM 0)
2026-10-05 01:40:31,076 [HID병목]   [01:39:10] M16HUB 정상(보고 270 미보고 0 JAM 0)
2026-10-05 01:41:21,074 [HID병목]   [01:40:00] M16HUB 정상(보고 270 미보고 0 JAM 0)
2026-10-05 01:42:11,065 [HID병목]   [01:40:50] M16HUB 정상(보고 270 미보고 0 JAM 0)
2026-10-05 01:43:01,060 [HID병목]   [01:41:40] M16HUB 정상(보고 270 미보고 0 JAM 0)
2026-10-05 01:43:51,075 [HID병목]   [01:42:30] M16HUB 정상(보고 270 미보고 0 JAM 0)
2026-10-05 01:44:41,065 [HID병목]   [01:43:20] M16HUB 정상(보고 270 미보고 0 JAM 0)
2026-10-05 01:45:31,023 [HID병목]   [01:44:10] M16HUB 정상(보고 270 미보고 0 JAM 0)
2026-10-05 01:46:21,076 [HID병목]   [01:45:00] M16HUB 정상(보고 270 미보고 0 JAM 0)
2026-10-05 01:47:11,078 [HID병목]   [01:45:50] M16HUB 정상(보고 270 미보고 0 JAM 0)
2026-10-05 01:48:01,140 [HID병목]   [01:46:40] M16HUB 정상(보고 270 미보고 0 JAM 0)
2026-10-05 01:48:51,084 [HID병목]   [01:47:30] M16HUB 정상(보고 270 미보고 0 JAM 0)
2026-10-05 01:49:41,066 [HID병목]   [01:48:20] M16HUB 정상(보고 270 미보고 0 JAM 0)
2026-10-05 01:50:31,072 [HID병목]   [01:49:10] M16HUB 정상(보고 270 미보고 0 JAM 0)
2026-10-05 01:51:21,025 [HID병목]   [01:50:00] M16HUB 정상(보고 270 미보고 0 JAM 0)
2026-10-05 01:52:11,078 [HID병목]   [01:50:50] M16HUB 정상(보고 270 미보고 0 JAM 0)
2026-10-05 01:53:01,040 [HID병목]   [01:51:40] M16HUB 정상(보고 270 미보고 0 JAM 0)
2026-10-05 01:53:51,080 [HID병목]   [01:52:30] M16HUB 정상(보고 270 미보고 0 JAM 0)
2026-10-05 01:54:41,054 [HID병목]   [01:53:20] M16HUB 정상(보고 270 미보고 0 JAM 0)
2026-10-05 01:55:31,031 [HID병목]   [01:54:10] M16HUB 정상(보고 270 미보고 0 JAM 0)
2026-10-05 01:56:21,066 [HID병목]   [01:55:00] M16HUB 정상(보고 270 미보고 0 JAM 0)
2026-10-05 01:57:11,075 [HID병목]   [01:55:50] M16HUB 정상(보고 270 미보고 0 JAM 0)
2026-10-05 01:58:01,066 [HID병목]   [01:56:40] M16HUB 정상(보고 270 미보고 0 JAM 0)
2026-10-05 01:58:51,035 [HID병목]   [01:57:30] M16HUB 정상(보고 270 미보고 0 JAM 0)
2026-10-05 01:59:41,065 [HID병목]   [01:58:20] M16HUB 정상(보고 270 미보고 0 JAM 0)
2026-10-05 02:00:31,025 [HID병목]   [01:59:10] M16HUB 정상(보고 270 미보고 0 JAM 0)
2026-10-05 02:01:21,170 [HID병목]   [02:00:00] M16HUB 정상(보고 270 미보고 0 JAM 0)
2026-10-05 02:02:11,075 [HID병목]   [02:00:50] M16HUB 정상(보고 270 미보고 0 JAM 0)
2026-10-05 02:03:01,067 [HID병목]   [02:01:40] M16HUB 정상(보고 270 미보고 0 JAM 0)
2026-10-05 02:03:51,059 [HID병목]   [02:02:30] M16HUB 정상(보고 270 미보고 0 JAM 0)
2026-10-05 02:04:41,058 [HID병목]   [02:03:20] M16HUB 정상(보고 270 미보고 0 JAM 0)
2026-10-05 02:05:31,042 [HID병목]   [02:04:10] M16HUB 정상(보고 270 미보고 0 JAM 0)
2026-10-05 02:06:21,076 [HID병목]   [02:05:00] M16HUB 정상(보고 270 미보고 0 JAM 0)
2026-10-05 02:07:11,026 [HID병목]   [02:05:50] M16HUB 정상(보고 270 미보고 0 JAM 0)
2026-10-05 02:08:01,083 [HID병목]   [02:06:40] M16HUB 정상(보고 270 미보고 0 JAM 0)
2026-10-05 02:08:51,027 [HID병목]   [02:07:30] M16HUB 정상(보고 270 미보고 0 JAM 0)
2026-10-05 02:09:41,066 [HID병목]   [02:08:20] M16HUB 정상(보고 270 미보고 0 JAM 0)
2026-10-05 02:10:31,075 [HID병목]   [02:09:10] M16HUB 정상(보고 270 미보고 0 JAM 0)
2026-10-05 02:11:21,065 [HID병목]   [02:10:00] M16HUB 정상(보고 269 미보고 1 JAM 0)
2026-10-05 02:12:11,031 [HID병목]   [02:10:50] M16HUB 정상(보고 269 미보고 1 JAM 0)
2026-10-05 02:13:01,034 [HID병목]   [02:11:40] M16HUB 정상(보고 269 미보고 1 JAM 0)
2026-10-05 02:13:51,026 [HID병목]   [02:12:30] M16HUB 정상(보고 270 미보고 0 JAM 0)
2026-10-05 02:14:41,021 [HID병목]   [02:13:20] M16HUB 정상(보고 270 미보고 0 JAM 0)
2026-10-05 02:15:31,064 [HID병목]   [02:14:10] M16HUB 정상(보고 270 미보고 0 JAM 0)
2026-10-05 02:16:21,517 [HID병목]   [02:15:00] M16HUB 정상(보고 270 미보고 0 JAM 0)
2026-10-05 02:17:11,070 [HID병목]   [02:15:50] M16HUB 정상(보고 270 미보고 0 JAM 0)
2026-10-05 02:18:01,137 [HID병목]   [02:16:40] M16HUB 정상(보고 269 미보고 1 JAM 0)
2026-10-05 02:18:51,076 [HID병목]   [02:17:30] M16HUB 정상(보고 269 미보고 1 JAM 0)
2026-10-05 02:19:41,057 [HID병목]   [02:18:20] M16HUB 정상(보고 269 미보고 1 JAM 0)
2026-10-05 02:20:31,037 [HID병목]   [02:19:10] M16HUB 정상(보고 270 미보고 0 JAM 0)
2026-10-05 02:21:21,044 [HID병목]   [02:20:00] M16HUB 정상(보고 270 미보고 0 JAM 0)
2026-10-05 02:22:11,077 [HID병목]   [02:20:50] M16HUB 정상(보고 270 미보고 0 JAM 0)
2026-10-05 02:23:01,082 [HID병목]   [02:21:40] M16HUB 정상(보고 270 미보고 0 JAM 0)
2026-10-05 02:23:51,031 [HID병목]   [02:22:30] M16HUB 정상(보고 270 미보고 0 JAM 0)
2026-10-05 02:24:41,067 [HID병목]   [02:23:20] M16HUB 정상(보고 270 미보고 0 JAM 0)
2026-10-05 02:25:31,065 [HID병목]   [02:24:10] M16HUB 정상(보고 270 미보고 0 JAM 0)
2026-10-05 02:26:21,342 [HID병목]   [02:25:00] M16HUB 정상(보고 270 미보고 0 JAM 0)
2026-10-05 02:27:11,050 [HID병목]   [02:25:50] M16HUB 정상(보고 270 미보고 0 JAM 0)
2026-10-05 02:28:01,066 [HID병목]   [02:26:40] M16HUB 정상(보고 270 미보고 0 JAM 0)
2026-10-05 02:28:51,074 [HID병목]   [02:27:30] M16HUB 정상(보고 270 미보고 0 JAM 0)
2026-10-05 02:29:41,114 [HID병목]   [02:28:20] M16HUB 정상(보고 270 미보고 0 JAM 0)
2026-10-05 02:30:31,073 [HID병목]   [02:29:10] M16HUB 정상(보고 270 미보고 0 JAM 0)
2026-10-05 02:31:21,027 [HID병목]   [02:30:00] M16HUB 정상(보고 270 미보고 0 JAM 0)
2026-10-05 02:32:11,078 [HID병목]   [02:30:50] M16HUB 정상(보고 270 미보고 0 JAM 0)
2026-10-05 02:33:01,105 [HID병목]   [02:31:40] M16HUB 정상(보고 270 미보고 0 JAM 0)
2026-10-05 02:33:51,071 [HID병목]   [02:32:30] M16HUB 정상(보고 270 미보고 0 JAM 0)
2026-10-05 02:34:41,055 [HID병목]   [02:33:20] M16HUB 정상(보고 270 미보고 0 JAM 0)
2026-10-05 02:35:31,076 [HID병목]   [02:34:10] M16HUB 정상(보고 270 미보고 0 JAM 0)
2026-10-05 02:36:21,058 [HID병목]   [02:35:00] M16HUB 정상(보고 270 미보고 0 JAM 0)
2026-10-05 02:37:11,047 [HID병목]   [02:35:50] M16HUB 정상(보고 270 미보고 0 JAM 0)
2026-10-05 02:38:01,098 [HID병목]   [02:36:40] M16HUB 정상(보고 270 미보고 0 JAM 0)
2026-10-05 02:38:51,031 [HID병목]   [02:37:30] M16HUB 정상(보고 270 미보고 0 JAM 0)
2026-10-05 02:39:41,035 [HID병목]   [02:38:20] M16HUB 정상(보고 270 미보고 0 JAM 0)
2026-10-05 02:40:31,940 [HID병목]   [02:39:10] M16HUB 정상(보고 270 미보고 0 JAM 0)
2026-10-05 02:41:21,034 [HID병목]   [02:40:00] M16HUB 정상(보고 270 미보고 0 JAM 0)
2026-10-05 02:42:11,074 [HID병목]   [02:40:50] M16HUB 정상(보고 270 미보고 0 JAM 0)
2026-10-05 02:43:01,038 [HID병목]   [02:41:40] M16HUB 정상(보고 270 미보고 0 JAM 0)
2026-10-05 02:43:51,069 [HID병목]   [02:42:30] M16HUB 정상(보고 270 미보고 0 JAM 0)
2026-10-05 02:44:41,057 [HID병목]   [02:43:20] M16HUB 정상(보고 270 미보고 0 JAM 0)
2026-10-05 02:45:31,069 [HID병목]   [02:44:10] M16HUB 정상(보고 270 미보고 0 JAM 0)
2026-10-05 02:46:21,074 [HID병목]   [02:45:00] M16HUB 정상(보고 270 미보고 0 JAM 0)
2026-10-05 02:47:11,046 [HID병목]   [02:45:50] M16HUB 정상(보고 270 미보고 0 JAM 0)
2026-10-05 02:48:01,033 [HID병목]   [02:46:40] M16HUB 정상(보고 270 미보고 0 JAM 0)
2026-10-05 02:48:51,071 [HID병목]   [02:47:30] M16HUB 정상(보고 270 미보고 0 JAM 0)
2026-10-05 02:49:41,020 [HID병목]   [02:48:20] M16HUB 정상(보고 270 미보고 0 JAM 0)
2026-10-05 02:50:31,470 [HID병목]   [02:49:10] M16HUB 정상(보고 270 미보고 0 JAM 0)
2026-10-05 02:51:21,033 [HID병목]   [02:50:00] M16HUB 정상(보고 270 미보고 0 JAM 0)
2026-10-05 02:52:11,034 [HID병목]   [02:50:50] M16HUB 정상(보고 270 미보고 0 JAM 0)
2026-10-05 02:53:01,157 [HID병목]   [02:51:40] M16HUB 정상(보고 270 미보고 0 JAM 0)
2026-10-05 02:53:51,035 [HID병목]   [02:52:30] M16HUB 정상(보고 270 미보고 0 JAM 0)
2026-10-05 02:54:41,292 [HID병목]   [02:53:20] M16HUB 정상(보고 270 미보고 0 JAM 0)
2026-10-05 02:55:31,037 [HID병목]   [02:54:10] M16HUB 정상(보고 269 미보고 1 JAM 0)
2026-10-05 02:56:21,202 [HID병목]   [02:55:00] M16HUB 정상(보고 269 미보고 1 JAM 0)
2026-10-05 02:57:11,074 [HID병목]   [02:55:50] M16HUB 정상(보고 269 미보고 1 JAM 0)
2026-10-05 02:58:01,031 [HID병목]   [02:56:40] M16HUB 정상(보고 270 미보고 0 JAM 0)
2026-10-05 02:58:51,086 [HID병목]   [02:57:30] M16HUB 정상(보고 270 미보고 0 JAM 0)
2026-10-05 02:59:41,065 [HID병목]   [02:58:20] M16HUB 정상(보고 270 미보고 0 JAM 0)
2026-10-05 03:00:31,707 [HID병목]   [02:59:10] M16HUB 정상(보고 270 미보고 0 JAM 0)
2026-10-05 03:01:21,978 [HID병목]   [03:00:00] M16HUB 정상(보고 255 미보고 15 JAM 2)
2026-10-05 03:02:11,077 [HID병목]   [03:00:50] M16HUB 정상(보고 254 미보고 16 JAM 2)
2026-10-05 03:03:01,081 [HID병목]   [03:01:40] M16HUB 정상(보고 252 미보고 18 JAM 0)
2026-10-05 03:03:51,072 [HID병목]   [03:02:30] M16HUB 정상(보고 252 미보고 18 JAM 0)
2026-10-05 03:04:41,054 [HID병목]   [03:03:20] M16HUB 정상(보고 252 미보고 18 JAM 0)
2026-10-05 03:05:32,153 [HID병목]   [03:04:10] M16HUB 정상(보고 258 미보고 12 JAM 0)
2026-10-05 03:06:21,073 [HID병목]   [03:05:00] M16HUB 정상(보고 270 미보고 0 JAM 0)
2026-10-05 03:07:11,039 [HID병목]   [03:05:50] M16HUB 정상(보고 270 미보고 0 JAM 0)
2026-10-05 03:08:01,045 [HID병목]   [03:06:40] M16HUB 정상(보고 269 미보고 1 JAM 0)
2026-10-05 03:08:51,065 [HID병목]   [03:07:30] M16HUB 정상(보고 270 미보고 0 JAM 0)
2026-10-05 03:09:41,952 [HID병목]   [03:08:20] M16HUB 정상(보고 269 미보고 1 JAM 0)
2026-10-05 03:10:31,061 [HID병목]   [03:09:10] M16HUB 정상(보고 270 미보고 0 JAM 0)
2026-10-05 03:11:21,125 [HID병목]   [03:10:00] M16HUB 정상(보고 270 미보고 0 JAM 8)
2026-10-05 03:12:11,120 [HID병목]   [03:10:50] M16HUB 정상(보고 270 미보고 0 JAM 0)
2026-10-05 03:13:01,034 [HID병목]   [03:11:40] M16HUB 정상(보고 270 미보고 0 JAM 0)
2026-10-05 03:13:51,032 [HID병목]   [03:12:30] M16HUB 정상(보고 270 미보고 0 JAM 0)
2026-10-05 03:14:41,033 [HID병목]   [03:13:20] M16HUB 정상(보고 270 미보고 0 JAM 0)
2026-10-05 03:15:31,064 [HID병목]   [03:14:10] M16HUB 정상(보고 270 미보고 0 JAM 0)
2026-10-05 03:16:21,074 [HID병목]   [03:15:00] M16HUB 정상(보고 270 미보고 0 JAM 0)
2026-10-05 03:17:11,037 [HID병목]   [03:15:50] M16HUB 정상(보고 270 미보고 0 JAM 0)
2026-10-05 03:18:01,079 [HID병목]   [03:16:40] M16HUB 정상(보고 270 미보고 0 JAM 0)
2026-10-05 03:18:51,034 [HID병목]   [03:17:30] M16HUB 정상(보고 270 미보고 0 JAM 0)
2026-10-05 03:19:41,565 [HID병목]   [03:18:20] M16HUB 정상(보고 270 미보고 0 JAM 0)
2026-10-05 03:20:31,072 [HID병목]   [03:19:10] M16HUB 정상(보고 270 미보고 0 JAM 0)
2026-10-05 03:21:21,042 [HID병목]   [03:20:00] M16HUB 정상(보고 270 미보고 0 JAM 0)
2026-10-05 03:22:11,034 [HID병목]   [03:20:50] M16HUB 정상(보고 269 미보고 1 JAM 0)
2026-10-05 03:23:01,128 [HID병목]   [03:21:40] M16HUB 정상(보고 269 미보고 1 JAM 0)
2026-10-05 03:23:51,075 [HID병목]   [03:22:30] M16HUB 정상(보고 269 미보고 1 JAM 0)
2026-10-05 03:24:41,023 [HID병목]   [03:23:20] M16HUB 정상(보고 270 미보고 0 JAM 0)
2026-10-05 03:25:31,073 [HID병목]   [03:24:10] M16HUB 정상(보고 270 미보고 0 JAM 0)
2026-10-05 03:26:21,718 [HID병목]   [03:25:00] M16HUB 정상(보고 270 미보고 0 JAM 0)
2026-10-05 03:27:11,033 [HID병목]   [03:25:50] M16HUB 정상(보고 270 미보고 0 JAM 0)
2026-10-05 03:28:01,049 [HID병목]   [03:26:40] M16HUB 정상(보고 270 미보고 0 JAM 0)
2026-10-05 03:28:51,074 [HID병목]   [03:27:30] M16HUB 정상(보고 270 미보고 0 JAM 0)
2026-10-05 03:29:43,753 [HID병목]   [03:28:20] M16HUB 정상(보고 270 미보고 0 JAM 0)
2026-10-05 03:30:31,072 [HID병목]   [03:29:10] M16HUB 정상(보고 270 미보고 0 JAM 0)
2026-10-05 03:31:22,109 [HID병목]   [03:30:00] M16HUB 정상(보고 270 미보고 0 JAM 0)
2026-10-05 03:32:11,074 [HID병목]   [03:30:50] M16HUB 정상(보고 270 미보고 0 JAM 0)
2026-10-05 03:33:01,061 [HID병목]   [03:31:40] M16HUB 정상(보고 270 미보고 0 JAM 0)
2026-10-05 03:33:51,073 [HID병목]   [03:32:30] M16HUB 정상(보고 270 미보고 0 JAM 0)
2026-10-05 03:34:41,055 [HID병목]   [03:33:20] M16HUB 정상(보고 270 미보고 0 JAM 0)
2026-10-05 03:35:31,073 [HID병목]   [03:34:10] M16HUB 정상(보고 270 미보고 0 JAM 0)
2026-10-05 03:36:21,067 [HID병목]   [03:35:00] M16HUB 정상(보고 270 미보고 0 JAM 0)
2026-10-05 03:37:11,075 [HID병목]   [03:35:50] M16HUB 정상(보고 270 미보고 0 JAM 0)
2026-10-05 03:38:01,083 [HID병목]   [03:36:40] M16HUB 정상(보고 270 미보고 0 JAM 0)
2026-10-05 03:38:51,026 [HID병목]   [03:37:30] M16HUB 정상(보고 270 미보고 0 JAM 0)
2026-10-05 03:39:41,799 [HID병목]   [03:38:20] M16HUB 정상(보고 270 미보고 0 JAM 0)
2026-10-05 03:40:31,036 [HID병목]   [03:39:10] M16HUB 정상(보고 270 미보고 0 JAM 0)
2026-10-05 03:41:21,075 [HID병목]   [03:40:00] M16HUB 정상(보고 270 미보고 0 JAM 0)
2026-10-05 03:42:11,077 [HID병목]   [03:40:50] M16HUB 정상(보고 270 미보고 0 JAM 0)
2026-10-05 03:43:01,066 [HID병목]   [03:41:40] M16HUB 정상(보고 270 미보고 0 JAM 0)
2026-10-05 03:43:51,074 [HID병목]   [03:42:30] M16HUB 정상(보고 270 미보고 0 JAM 0)
2026-10-05 03:44:41,057 [HID병목]   [03:43:20] M16HUB 정상(보고 270 미보고 0 JAM 0)
2026-10-05 03:45:31,067 [HID병목]   [03:44:10] M16HUB 정상(보고 270 미보고 0 JAM 0)
2026-10-05 03:46:21,066 [HID병목]   [03:45:00] M16HUB 정상(보고 270 미보고 0 JAM 0)
2026-10-05 03:47:11,045 [HID병목]   [03:45:50] M16HUB 정상(보고 270 미보고 0 JAM 0)
2026-10-05 03:48:01,091 [HID병목]   [03:46:40] M16HUB 정상(보고 270 미보고 0 JAM 0)
2026-10-05 03:48:51,076 [HID병목]   [03:47:30] M16HUB 정상(보고 270 미보고 0 JAM 0)
2026-10-05 03:49:41,041 [HID병목]   [03:48:20] M16HUB 정상(보고 270 미보고 0 JAM 0)
2026-10-05 03:50:31,028 [HID병목]   [03:49:10] M16HUB 정상(보고 270 미보고 0 JAM 0)
2026-10-05 03:51:21,032 [HID병목]   [03:50:00] M16HUB 정상(보고 270 미보고 0 JAM 0)
2026-10-05 03:52:11,073 [HID병목]   [03:50:50] M16HUB 정상(보고 270 미보고 0 JAM 0)
2026-10-05 03:53:01,041 [HID병목]   [03:51:40] M16HUB 정상(보고 270 미보고 0 JAM 0)
2026-10-05 03:53:51,074 [HID병목]   [03:52:30] M16HUB 정상(보고 270 미보고 0 JAM 0)
2026-10-05 03:54:41,065 [HID병목]   [03:53:20] M16HUB 정상(보고 270 미보고 0 JAM 0)
2026-10-05 03:55:31,023 [HID병목]   [03:54:10] M16HUB 정상(보고 270 미보고 0 JAM 0)
2026-10-05 03:56:21,077 [HID병목]   [03:55:00] M16HUB 정상(보고 270 미보고 0 JAM 0)
2026-10-05 03:57:11,042 [HID병목]   [03:55:50] M16HUB 정상(보고 270 미보고 0 JAM 0)
2026-10-05 03:58:01,084 [HID병목]   [03:56:40] M16HUB 정상(보고 270 미보고 0 JAM 0)
2026-10-05 03:58:51,071 [HID병목]   [03:57:30] M16HUB 정상(보고 270 미보고 0 JAM 0)
2026-10-05 03:59:41,020 [HID병목]   [03:58:20] M16HUB 정상(보고 270 미보고 0 JAM 0)
2026-10-05 04:00:31,029 [HID병목]   [03:59:10] M16HUB 정상(보고 270 미보고 0 JAM 0)
2026-10-05 04:01:21,076 [HID병목]   [04:00:00] M16HUB 정상(보고 270 미보고 0 JAM 0)
2026-10-05 04:02:11,052 [HID병목]   [04:00:50] M16HUB 정상(보고 270 미보고 0 JAM 0)
2026-10-05 04:03:01,095 [HID병목]   [04:01:40] M16HUB 정상(보고 270 미보고 0 JAM 0)
2026-10-05 04:03:51,074 [HID병목]   [04:02:30] M16HUB 정상(보고 270 미보고 0 JAM 0)
2026-10-05 04:04:41,042 [HID병목]   [04:03:20] M16HUB 정상(보고 270 미보고 0 JAM 0)
2026-10-05 04:05:31,073 [HID병목]   [04:04:10] M16HUB 정상(보고 270 미보고 0 JAM 0)
2026-10-05 04:06:22,619 [HID병목]   [04:05:00] M16HUB 정상(보고 270 미보고 0 JAM 0)
2026-10-05 04:07:11,023 [HID병목]   [04:05:50] M16HUB 정상(보고 270 미보고 0 JAM 0)
2026-10-05 04:08:01,084 [HID병목]   [04:06:40] M16HUB 정상(보고 270 미보고 0 JAM 0)
2026-10-05 04:08:51,069 [HID병목]   [04:07:30] M16HUB 정상(보고 270 미보고 0 JAM 0)
2026-10-05 04:09:41,016 [HID병목]   [04:08:20] M16HUB 정상(보고 270 미보고 0 JAM 0)
2026-10-05 04:10:32,353 [HID병목]   [04:09:10] M16HUB 정상(보고 270 미보고 0 JAM 0)
2026-10-05 04:11:21,075 [HID병목]   [04:10:00] M16HUB 정상(보고 270 미보고 0 JAM 0)
2026-10-05 04:12:11,078 [HID병목]   [04:10:50] M16HUB 정상(보고 270 미보고 0 JAM 0)
2026-10-05 04:13:01,081 [HID병목]   [04:11:40] M16HUB 정상(보고 270 미보고 0 JAM 0)
2026-10-05 04:13:51,032 [HID병목]   [04:12:30] M16HUB 정상(보고 270 미보고 0 JAM 0)
2026-10-05 04:14:41,030 [HID병목]   [04:13:20] M16HUB 정상(보고 270 미보고 0 JAM 0)
2026-10-05 04:15:31,074 [HID병목]   [04:14:10] M16HUB 정상(보고 270 미보고 0 JAM 0)
2026-10-05 04:16:21,029 [HID병목]   [04:15:00] M16HUB 정상(보고 270 미보고 0 JAM 0)
2026-10-05 04:17:11,110 [HID병목]   [04:15:50] M16HUB 정상(보고 270 미보고 0 JAM 0)
2026-10-05 04:18:01,065 [HID병목]   [04:16:40] M16HUB 정상(보고 270 미보고 0 JAM 0)
2026-10-05 04:18:51,076 [HID병목]   [04:17:30] M16HUB 정상(보고 270 미보고 0 JAM 0)
2026-10-05 04:19:41,066 [HID병목]   [04:18:20] M16HUB 정상(보고 270 미보고 0 JAM 0)
2026-10-05 04:20:31,028 [HID병목]   [04:19:10] M16HUB 정상(보고 270 미보고 0 JAM 0)
2026-10-05 04:21:21,075 [HID병목]   [04:20:00] M16HUB 정상(보고 270 미보고 0 JAM 0)
2026-10-05 04:22:11,062 [HID병목]   [04:20:50] M16HUB 정상(보고 270 미보고 0 JAM 0)
2026-10-05 04:23:01,080 [HID병목]   [04:21:40] M16HUB 정상(보고 270 미보고 0 JAM 0)
2026-10-05 04:23:51,075 [HID병목]   [04:22:30] M16HUB 정상(보고 270 미보고 0 JAM 0)
2026-10-05 04:24:41,015 [HID병목]   [04:23:20] M16HUB 정상(보고 270 미보고 0 JAM 0)
2026-10-05 04:25:31,085 [HID병목]   [04:24:10] M16HUB 정상(보고 270 미보고 0 JAM 0)
2026-10-05 04:26:21,224 [HID병목]   [04:25:00] M16HUB 정상(보고 270 미보고 0 JAM 0)
2026-10-05 04:27:11,041 [HID병목]   [04:25:50] M16HUB 정상(보고 270 미보고 0 JAM 0)
2026-10-05 04:28:01,149 [HID병목]   [04:26:40] M16HUB 정상(보고 270 미보고 0 JAM 0)
2026-10-05 04:28:51,025 [HID병목]   [04:27:30] M16HUB 정상(보고 270 미보고 0 JAM 0)
2026-10-05 04:29:41,501 [HID병목]   [04:28:20] M16HUB 정상(보고 270 미보고 0 JAM 0)
2026-10-05 04:30:31,074 [HID병목]   [04:29:10] M16HUB 정상(보고 270 미보고 0 JAM 0)
2026-10-05 04:31:21,062 [HID병목]   [04:30:00] M16HUB 정상(보고 270 미보고 0 JAM 0)
2026-10-05 04:32:11,083 [HID병목]   [04:30:50] M16HUB 정상(보고 270 미보고 0 JAM 0)
2026-10-05 04:33:01,082 [HID병목]   [04:31:40] M16HUB 정상(보고 270 미보고 0 JAM 0)
2026-10-05 04:33:51,054 [HID병목]   [04:32:30] M16HUB 정상(보고 270 미보고 0 JAM 0)
2026-10-05 04:34:41,069 [HID병목]   [04:33:20] M16HUB 정상(보고 270 미보고 0 JAM 0)
2026-10-05 04:35:31,074 [HID병목]   [04:34:10] M16HUB 정상(보고 270 미보고 0 JAM 0)
2026-10-05 04:36:21,073 [HID병목]   [04:35:00] M16HUB 정상(보고 270 미보고 0 JAM 0)
2026-10-05 04:37:11,076 [HID병목]   [04:35:50] M16HUB 정상(보고 270 미보고 0 JAM 0)
2026-10-05 04:38:01,149 [HID병목]   [04:36:40] M16HUB 정상(보고 270 미보고 0 JAM 0)
2026-10-05 04:38:51,077 [HID병목]   [04:37:30] M16HUB 정상(보고 270 미보고 0 JAM 0)
2026-10-05 04:39:41,069 [HID병목]   [04:38:20] M16HUB 정상(보고 270 미보고 0 JAM 0)
2026-10-05 04:40:31,074 [HID병목]   [04:39:10] M16HUB 정상(보고 270 미보고 0 JAM 0)
2026-10-05 04:41:21,029 [HID병목]   [04:40:00] M16HUB 정상(보고 270 미보고 0 JAM 0)
2026-10-05 04:42:11,033 [HID병목]   [04:40:50] M16HUB 정상(보고 270 미보고 0 JAM 0)
2026-10-05 04:43:01,068 [HID병목]   [04:41:40] M16HUB 정상(보고 270 미보고 0 JAM 0)
2026-10-05 04:43:51,074 [HID병목]   [04:42:30] M16HUB 정상(보고 270 미보고 0 JAM 0)
2026-10-05 04:44:41,065 [HID병목]   [04:43:20] M16HUB 정상(보고 270 미보고 0 JAM 0)
2026-10-05 04:45:32,050 [HID병목]   [04:44:10] M16HUB 정상(보고 270 미보고 0 JAM 0)
2026-10-05 04:46:21,075 [HID병목]   [04:45:00] M16HUB 정상(보고 270 미보고 0 JAM 0)
2026-10-05 04:47:11,069 [HID병목]   [04:45:50] M16HUB 정상(보고 270 미보고 0 JAM 0)
2026-10-05 04:48:01,083 [HID병목]   [04:46:40] M16HUB 정상(보고 270 미보고 0 JAM 0)
2026-10-05 04:48:51,054 [HID병목]   [04:47:30] M16HUB 정상(보고 270 미보고 0 JAM 0)
2026-10-05 04:49:41,023 [HID병목]   [04:48:20] M16HUB 정상(보고 270 미보고 0 JAM 0)
2026-10-05 04:50:31,075 [HID병목]   [04:49:10] M16HUB 정상(보고 270 미보고 0 JAM 0)
2026-10-05 04:51:21,223 [HID병목]   [04:50:00] M16HUB 정상(보고 270 미보고 0 JAM 0)
2026-10-05 04:52:11,075 [HID병목]   [04:50:50] M16HUB 정상(보고 270 미보고 0 JAM 0)
2026-10-05 04:53:01,057 [HID병목]   [04:51:40] M16HUB 정상(보고 270 미보고 0 JAM 0)
2026-10-05 04:53:51,074 [HID병목]   [04:52:30] M16HUB 정상(보고 270 미보고 0 JAM 0)
2026-10-05 04:54:41,064 [HID병목]   [04:53:20] M16HUB 정상(보고 270 미보고 0 JAM 0)
2026-10-05 04:55:32,765 [HID병목]   [04:54:10] M16HUB 정상(보고 270 미보고 0 JAM 0)
2026-10-05 04:56:21,098 [HID병목]   [04:55:00] M16HUB 정상(보고 270 미보고 0 JAM 0)
2026-10-05 04:57:11,073 [HID병목]   [04:55:50] M16HUB 정상(보고 270 미보고 0 JAM 0)
2026-10-05 04:58:01,035 [HID병목]   [04:56:40] M16HUB 정상(보고 270 미보고 0 JAM 0)
2026-10-05 04:58:51,035 [HID병목]   [04:57:30] M16HUB 정상(보고 270 미보고 0 JAM 0)
2026-10-05 04:59:44,393 [HID병목]   [04:58:20] M16HUB 정상(보고 270 미보고 0 JAM 0)
2026-10-05 05:00:31,070 [HID병목]   [04:59:10] M16HUB 정상(보고 270 미보고 0 JAM 0)
2026-10-05 05:01:21,394 [HID병목]   [05:00:00] M16HUB 정상(보고 270 미보고 0 JAM 0)
2026-10-05 05:02:11,044 [HID병목]   [05:00:50] M16HUB 정상(보고 270 미보고 0 JAM 0)
2026-10-05 05:03:01,081 [HID병목]   [05:01:40] M16HUB 정상(보고 270 미보고 0 JAM 0)
2026-10-05 05:03:51,076 [HID병목]   [05:02:30] M16HUB 정상(보고 270 미보고 0 JAM 0)
2026-10-05 05:04:41,023 [HID병목]   [05:03:20] M16HUB 정상(보고 270 미보고 0 JAM 0)
2026-10-05 05:05:31,063 [HID병목]   [05:04:10] M16HUB 정상(보고 270 미보고 0 JAM 0)
2026-10-05 05:06:21,101 [HID병목]   [05:05:00] M16HUB 정상(보고 270 미보고 0 JAM 0)
2026-10-05 05:07:11,077 [HID병목]   [05:05:50] M16HUB 정상(보고 270 미보고 0 JAM 0)
2026-10-05 05:08:01,102 [HID병목]   [05:06:40] M16HUB 정상(보고 270 미보고 0 JAM 0)
2026-10-05 05:08:51,070 [HID병목]   [05:07:30] M16HUB 정상(보고 270 미보고 0 JAM 0)
2026-10-05 05:09:41,017 [HID병목]   [05:08:20] M16HUB 정상(보고 270 미보고 0 JAM 0)
2026-10-05 05:10:31,041 [HID병목]   [05:09:10] M16HUB 정상(보고 270 미보고 0 JAM 0)
2026-10-05 05:11:21,076 [HID병목]   [05:10:00] M16HUB 정상(보고 270 미보고 0 JAM 0)
2026-10-05 05:12:11,076 [HID병목]   [05:10:50] M16HUB 정상(보고 270 미보고 0 JAM 0)
2026-10-05 05:13:01,119 [HID병목]   [05:11:40] M16HUB 정상(보고 270 미보고 0 JAM 0)
2026-10-05 05:13:51,052 [HID병목]   [05:12:30] M16HUB 정상(보고 270 미보고 0 JAM 0)
2026-10-05 05:14:41,065 [HID병목]   [05:13:20] M16HUB 정상(보고 270 미보고 0 JAM 0)
2026-10-05 05:15:31,074 [HID병목]   [05:14:10] M16HUB 정상(보고 270 미보고 0 JAM 0)
2026-10-05 05:16:21,066 [HID병목]   [05:15:00] M16HUB 정상(보고 270 미보고 0 JAM 0)
2026-10-05 05:17:11,065 [HID병목]   [05:15:50] M16HUB 정상(보고 270 미보고 0 JAM 0)
2026-10-05 05:18:01,033 [HID병목]   [05:16:40] M16HUB 정상(보고 270 미보고 0 JAM 0)
2026-10-05 05:18:51,056 [HID병목]   [05:17:30] M16HUB 정상(보고 270 미보고 0 JAM 0)
2026-10-05 05:19:41,014 [HID병목]   [05:18:20] M16HUB 정상(보고 270 미보고 0 JAM 0)
2026-10-05 05:20:31,075 [HID병목]   [05:19:10] M16HUB 정상(보고 270 미보고 0 JAM 0)
2026-10-05 05:21:21,182 [HID병목]   [05:20:00] M16HUB 정상(보고 270 미보고 0 JAM 0)
2026-10-05 05:22:11,076 [HID병목]   [05:20:50] M16HUB 정상(보고 270 미보고 0 JAM 0)
2026-10-05 05:23:01,041 [HID병목]   [05:21:40] M16HUB 정상(보고 270 미보고 0 JAM 0)
2026-10-05 05:23:51,024 [HID병목]   [05:22:30] M16HUB 정상(보고 270 미보고 0 JAM 0)
2026-10-05 05:24:41,066 [HID병목]   [05:23:20] M16HUB 정상(보고 270 미보고 0 JAM 0)
2026-10-05 05:25:31,065 [HID병목]   [05:24:10] M16HUB 정상(보고 270 미보고 0 JAM 0)
2026-10-05 05:26:21,581 [HID병목]   [05:25:00] M16HUB 정상(보고 270 미보고 0 JAM 0)
2026-10-05 05:27:11,150 [HID병목]   [05:25:50] M16HUB 정상(보고 270 미보고 0 JAM 0)
2026-10-05 05:28:01,060 [HID병목]   [05:26:40] M16HUB 정상(보고 270 미보고 0 JAM 0)
2026-10-05 05:28:51,074 [HID병목]   [05:27:30] M16HUB 정상(보고 270 미보고 0 JAM 0)
2026-10-05 05:29:41,890 [HID병목]   [05:28:20] M16HUB 정상(보고 270 미보고 0 JAM 0)
2026-10-05 05:30:31,025 [HID병목]   [05:29:10] M16HUB 정상(보고 270 미보고 0 JAM 0)
2026-10-05 05:31:21,076 [HID병목]   [05:30:00] M16HUB 정상(보고 270 미보고 0 JAM 0)
2026-10-05 05:32:11,041 [HID병목]   [05:30:50] M16HUB 정상(보고 270 미보고 0 JAM 0)
2026-10-05 05:33:01,111 [HID병목]   [05:31:40] M16HUB 정상(보고 270 미보고 0 JAM 0)
2026-10-05 05:33:51,078 [HID병목]   [05:32:30] M16HUB 정상(보고 270 미보고 0 JAM 0)
2026-10-05 05:34:41,067 [HID병목]   [05:33:20] M16HUB 정상(보고 270 미보고 0 JAM 0)
2026-10-05 05:35:31,063 [HID병목]   [05:34:10] M16HUB 정상(보고 270 미보고 0 JAM 0)
2026-10-05 05:36:21,061 [HID병목]   [05:35:00] M16HUB 정상(보고 270 미보고 0 JAM 0)
2026-10-05 05:37:11,052 [HID병목]   [05:35:50] M16HUB 정상(보고 270 미보고 0 JAM 0)
2026-10-05 05:38:01,090 [HID병목]   [05:36:40] M16HUB 정상(보고 270 미보고 0 JAM 0)
2026-10-05 05:38:51,024 [HID병목]   [05:37:30] M16HUB 정상(보고 270 미보고 0 JAM 0)
2026-10-05 05:39:41,065 [HID병목]   [05:38:20] M16HUB 정상(보고 270 미보고 0 JAM 0)
2026-10-05 05:40:31,059 [HID병목]   [05:39:10] M16HUB 정상(보고 270 미보고 0 JAM 0)
2026-10-05 05:41:21,672 [HID병목]   [05:40:00] M16HUB 정상(보고 270 미보고 0 JAM 0)
2026-10-05 05:42:11,080 [HID병목]   [05:40:50] M16HUB 정상(보고 270 미보고 0 JAM 0)
2026-10-05 05:43:01,135 [HID병목]   [05:41:40] M16HUB 정상(보고 270 미보고 0 JAM 0)
2026-10-05 05:43:51,075 [HID병목]   [05:42:30] M16HUB 정상(보고 270 미보고 0 JAM 0)
2026-10-05 05:44:41,065 [HID병목]   [05:43:20] M16HUB 정상(보고 270 미보고 0 JAM 0)
2026-10-05 05:45:31,073 [HID병목]   [05:44:10] M16HUB 정상(보고 270 미보고 0 JAM 0)
2026-10-05 05:46:21,077 [HID병목]   [05:45:00] M16HUB 정상(보고 270 미보고 0 JAM 0)
2026-10-05 05:47:11,078 [HID병목]   [05:45:50] M16HUB 정상(보고 270 미보고 0 JAM 0)
2026-10-05 05:48:01,076 [HID병목]   [05:46:40] M16HUB 정상(보고 270 미보고 0 JAM 0)
2026-10-05 05:48:51,054 [HID병목]   [05:47:30] M16HUB 정상(보고 270 미보고 0 JAM 0)
2026-10-05 05:49:41,049 [HID병목]   [05:48:20] M16HUB 정상(보고 270 미보고 0 JAM 0)
2026-10-05 05:50:31,037 [HID병목]   [05:49:10] M16HUB 정상(보고 270 미보고 0 JAM 0)
2026-10-05 05:51:21,246 [HID병목]   [05:50:00] M16HUB 정상(보고 270 미보고 0 JAM 0)
2026-10-05 05:52:11,075 [HID병목]   [05:50:50] M16HUB 정상(보고 270 미보고 0 JAM 0)
2026-10-05 05:53:01,079 [HID병목]   [05:51:40] M16HUB 정상(보고 270 미보고 0 JAM 0)
2026-10-05 05:53:51,061 [HID병목]   [05:52:30] M16HUB 정상(보고 270 미보고 0 JAM 0)
2026-10-05 05:54:41,016 [HID병목]   [05:53:20] M16HUB 정상(보고 270 미보고 0 JAM 0)
2026-10-05 05:55:31,074 [HID병목]   [05:54:10] M16HUB 정상(보고 270 미보고 0 JAM 0)
2026-10-05 05:56:21,075 [HID병목]   [05:55:00] M16HUB 정상(보고 270 미보고 0 JAM 0)
2026-10-05 05:57:11,075 [HID병목]   [05:55:50] M16HUB 정상(보고 270 미보고 0 JAM 0)
2026-10-05 05:58:01,052 [HID병목]   [05:56:40] M16HUB 정상(보고 270 미보고 0 JAM 0)
2026-10-05 05:58:51,081 [HID병목]   [05:57:30] M16HUB 정상(보고 270 미보고 0 JAM 0)
2026-10-05 05:59:42,426 [HID병목]   [05:58:20] M16HUB 정상(보고 270 미보고 0 JAM 0)
2026-10-05 06:00:31,073 [HID병목]   [05:59:10] M16HUB 정상(보고 270 미보고 0 JAM 0)
2026-10-05 06:01:21,559 [HID병목]   [06:00:00] M16HUB 정상(보고 270 미보고 0 JAM 0)
2026-10-05 06:02:11,062 [HID병목]   [06:00:50] M16HUB 정상(보고 270 미보고 0 JAM 0)
2026-10-05 06:03:01,033 [HID병목]   [06:01:40] M16HUB 정상(보고 270 미보고 0 JAM 0)
2026-10-05 06:03:51,300 [HID병목]   [06:02:30] M16HUB 정상(보고 270 미보고 0 JAM 0)
2026-10-05 06:04:41,053 [HID병목]   [06:03:20] M16HUB 정상(보고 270 미보고 0 JAM 0)
2026-10-05 06:05:31,064 [HID병목]   [06:04:10] M16HUB 정상(보고 270 미보고 0 JAM 0)
2026-10-05 06:06:21,081 [HID병목]   [06:05:00] M16HUB 정상(보고 270 미보고 0 JAM 0)
2026-10-05 06:07:11,034 [HID병목]   [06:05:50] M16HUB 정상(보고 270 미보고 0 JAM 0)
2026-10-05 06:08:01,082 [HID병목]   [06:06:40] M16HUB 정상(보고 270 미보고 0 JAM 0)
2026-10-05 06:08:51,051 [HID병목]   [06:07:30] M16HUB 정상(보고 270 미보고 0 JAM 0)
2026-10-05 06:09:41,044 [HID병목]   [06:08:20] M16HUB 정상(보고 270 미보고 0 JAM 0)
2026-10-05 06:10:31,848 [HID병목]   [06:09:10] M16HUB 정상(보고 270 미보고 0 JAM 0)
2026-10-05 06:11:21,073 [HID병목]   [06:10:00] M16HUB 정상(보고 270 미보고 0 JAM 0)
2026-10-05 06:12:11,078 [HID병목]   [06:10:50] M16HUB 정상(보고 270 미보고 0 JAM 0)
2026-10-05 06:13:01,053 [HID병목]   [06:11:40] M16HUB 정상(보고 270 미보고 0 JAM 0)
2026-10-05 06:13:51,038 [HID병목]   [06:12:30] M16HUB 정상(보고 270 미보고 0 JAM 0)
2026-10-05 06:14:43,021 [HID병목]   [06:13:20] M16HUB 정상(보고 269 미보고 1 JAM 0)
2026-10-05 06:15:31,071 [HID병목]   [06:14:10] M16HUB 정상(보고 270 미보고 0 JAM 0)
2026-10-05 06:16:21,074 [HID병목]   [06:15:00] M16HUB 정상(보고 270 미보고 0 JAM 0)
2026-10-05 06:17:11,073 [HID병목]   [06:15:50] M16HUB 정상(보고 270 미보고 0 JAM 0)
2026-10-05 06:18:01,097 [HID병목]   [06:16:40] M16HUB 정상(보고 270 미보고 0 JAM 0)
2026-10-05 06:18:51,074 [HID병목]   [06:17:30] M16HUB 정상(보고 270 미보고 0 JAM 0)
2026-10-05 06:19:42,191 [HID병목]   [06:18:20] M16HUB 정상(보고 270 미보고 0 JAM 0)
2026-10-05 06:20:31,054 [HID병목]   [06:19:10] M16HUB 정상(보고 270 미보고 0 JAM 0)
2026-10-05 06:21:21,571 [HID병목]   [06:20:00] M16HUB 정상(보고 270 미보고 0 JAM 0)
2026-10-05 06:22:11,034 [HID병목]   [06:20:50] M16HUB 정상(보고 270 미보고 0 JAM 0)
2026-10-05 06:23:01,058 [HID병목]   [06:21:40] M16HUB 정상(보고 270 미보고 0 JAM 0)
2026-10-05 06:23:51,071 [HID병목]   [06:22:30] M16HUB 정상(보고 270 미보고 0 JAM 0)
2026-10-05 06:24:41,036 [HID병목]   [06:23:20] M16HUB 정상(보고 270 미보고 0 JAM 0)
2026-10-05 06:25:31,031 [HID병목]   [06:24:10] M16HUB 정상(보고 270 미보고 0 JAM 0)
2026-10-05 06:26:21,032 [HID병목]   [06:25:00] M16HUB 정상(보고 270 미보고 0 JAM 0)
2026-10-05 06:27:11,044 [HID병목]   [06:25:50] M16HUB 정상(보고 270 미보고 0 JAM 0)
2026-10-05 06:28:01,084 [HID병목]   [06:26:40] M16HUB 정상(보고 270 미보고 0 JAM 0)
2026-10-05 06:28:51,033 [HID병목]   [06:27:30] M16HUB 정상(보고 269 미보고 1 JAM 0)
2026-10-05 06:29:41,042 [HID병목]   [06:28:20] M16HUB 정상(보고 269 미보고 1 JAM 0)
2026-10-05 06:30:31,074 [HID병목]   [06:29:10] M16HUB 정상(보고 269 미보고 1 JAM 0)
2026-10-05 06:31:21,046 [HID병목]   [06:30:00] M16HUB 정상(보고 270 미보고 0 JAM 0)
2026-10-05 06:32:11,062 [HID병목]   [06:30:50] M16HUB 정상(보고 270 미보고 0 JAM 0)
2026-10-05 06:33:01,085 [HID병목]   [06:31:40] M16HUB 정상(보고 270 미보고 0 JAM 0)
2026-10-05 06:33:51,073 [HID병목]   [06:32:30] M16HUB 정상(보고 270 미보고 0 JAM 0)
2026-10-05 06:34:41,064 [HID병목]   [06:33:20] M16HUB 정상(보고 270 미보고 0 JAM 0)
2026-10-05 06:35:31,077 [HID병목]   [06:34:10] M16HUB 정상(보고 270 미보고 0 JAM 0)
2026-10-05 06:36:21,026 [HID병목]   [06:35:00] M16HUB 정상(보고 270 미보고 0 JAM 0)
2026-10-05 06:37:11,067 [HID병목]   [06:35:50] M16HUB 정상(보고 270 미보고 0 JAM 0)
2026-10-05 06:38:01,180 [HID병목]   [06:36:40] M16HUB 정상(보고 270 미보고 0 JAM 0)
2026-10-05 06:38:51,023 [HID병목]   [06:37:30] M16HUB 정상(보고 270 미보고 0 JAM 0)
2026-10-05 06:39:41,063 [HID병목]   [06:38:20] M16HUB 정상(보고 270 미보고 0 JAM 0)
2026-10-05 06:40:31,074 [HID병목]   [06:39:10] M16HUB 정상(보고 270 미보고 0 JAM 0)
2026-10-05 06:41:21,565 [HID병목]   [06:40:00] M16HUB 정상(보고 270 미보고 0 JAM 0)
2026-10-05 06:42:11,054 [HID병목]   [06:40:50] M16HUB 정상(보고 270 미보고 0 JAM 0)
2026-10-05 06:43:01,065 [HID병목]   [06:41:40] M16HUB 정상(보고 270 미보고 0 JAM 0)
2026-10-05 06:43:51,073 [HID병목]   [06:42:30] M16HUB 정상(보고 270 미보고 0 JAM 0)
2026-10-05 06:44:41,066 [HID병목]   [06:43:20] M16HUB 정상(보고 270 미보고 0 JAM 0)
2026-10-05 06:45:31,039 [HID병목]   [06:44:10] M16HUB 정상(보고 270 미보고 0 JAM 0)
2026-10-05 06:46:21,074 [HID병목]   [06:45:00] M16HUB 정상(보고 270 미보고 0 JAM 0)
2026-10-05 06:47:11,031 [HID병목]   [06:45:50] M16HUB 정상(보고 270 미보고 0 JAM 0)
2026-10-05 06:48:01,162 [HID병목]   [06:46:40] M16HUB 정상(보고 270 미보고 0 JAM 0)
2026-10-05 06:48:51,077 [HID병목]   [06:47:30] M16HUB 정상(보고 270 미보고 0 JAM 0)
2026-10-05 06:49:41,065 [HID병목]   [06:48:20] M16HUB 정상(보고 270 미보고 0 JAM 0)
2026-10-05 06:50:31,073 [HID병목]   [06:49:10] M16HUB 정상(보고 270 미보고 0 JAM 0)
2026-10-05 06:51:21,638 [HID병목]   [06:50:00] M16HUB 정상(보고 270 미보고 0 JAM 0)
2026-10-05 06:52:11,080 [HID병목]   [06:50:50] M16HUB 정상(보고 270 미보고 0 JAM 0)
2026-10-05 06:53:01,052 [HID병목]   [06:51:40] M16HUB 정상(보고 270 미보고 0 JAM 0)
2026-10-05 06:53:51,055 [HID병목]   [06:52:30] M16HUB 정상(보고 270 미보고 0 JAM 0)
2026-10-05 06:54:41,067 [HID병목]   [06:53:20] M16HUB 정상(보고 270 미보고 0 JAM 0)
2026-10-05 06:55:31,074 [HID병목]   [06:54:10] M16HUB 정상(보고 270 미보고 0 JAM 0)
2026-10-05 06:56:21,113 [HID병목]   [06:55:00] M16HUB 정상(보고 270 미보고 0 JAM 0)
2026-10-05 06:57:11,074 [HID병목]   [06:55:50] M16HUB 정상(보고 269 미보고 1 JAM 0)
2026-10-05 06:58:01,102 [HID병목]   [06:56:40] M16HUB 정상(보고 269 미보고 1 JAM 0)
2026-10-05 06:58:51,075 [HID병목]   [06:57:30] M16HUB 정상(보고 269 미보고 1 JAM 0)
2026-10-05 06:59:41,051 [HID병목]   [06:58:20] M16HUB 정상(보고 270 미보고 0 JAM 0)
2026-10-05 07:00:31,074 [HID병목]   [06:59:10] M16HUB 정상(보고 270 미보고 0 JAM 0)
2026-10-05 07:01:21,121 [HID병목]   [07:00:00] M16HUB 정상(보고 270 미보고 0 JAM 0)
2026-10-05 07:02:11,077 [HID병목]   [07:00:50] M16HUB 정상(보고 270 미보고 0 JAM 0)
2026-10-05 07:03:01,078 [HID병목]   [07:01:40] M16HUB 정상(보고 270 미보고 0 JAM 0)
2026-10-05 07:03:51,065 [HID병목]   [07:02:30] M16HUB 정상(보고 270 미보고 0 JAM 0)
2026-10-05 07:04:43,122 [HID병목]   [07:03:20] M16HUB 정상(보고 270 미보고 0 JAM 0)
2026-10-05 07:05:31,033 [HID병목]   [07:04:10] M16HUB 정상(보고 270 미보고 0 JAM 0)
2026-10-05 07:06:21,075 [HID병목]   [07:05:00] M16HUB 정상(보고 270 미보고 0 JAM 0)
2026-10-05 07:07:11,024 [HID병목]   [07:05:50] M16HUB 정상(보고 270 미보고 0 JAM 0)
2026-10-05 07:08:01,085 [HID병목]   [07:06:40] M16HUB 정상(보고 270 미보고 0 JAM 0)
2026-10-05 07:08:51,075 [HID병목]   [07:07:30] M16HUB 정상(보고 270 미보고 0 JAM 0)
2026-10-05 07:09:41,067 [HID병목]   [07:08:20] M16HUB 정상(보고 270 미보고 0 JAM 0)
2026-10-05 07:10:31,721 [HID병목]   [07:09:10] M16HUB 정상(보고 270 미보고 0 JAM 0)
2026-10-05 07:11:21,067 [HID병목]   [07:10:00] M16HUB 정상(보고 270 미보고 0 JAM 0)
2026-10-05 07:12:11,077 [HID병목]   [07:10:50] M16HUB 정상(보고 270 미보고 0 JAM 0)
2026-10-05 07:13:01,109 [HID병목]   [07:11:40] M16HUB 정상(보고 270 미보고 0 JAM 0)
2026-10-05 07:13:51,073 [HID병목]   [07:12:30] M16HUB 정상(보고 270 미보고 0 JAM 0)
2026-10-05 07:14:41,066 [HID병목]   [07:13:20] M16HUB 정상(보고 270 미보고 0 JAM 0)
2026-10-05 07:15:31,035 [HID병목]   [07:14:10] M16HUB 정상(보고 270 미보고 0 JAM 0)
2026-10-05 07:16:21,036 [HID병목]   [07:15:00] M16HUB 정상(보고 270 미보고 0 JAM 0)
2026-10-05 07:17:11,079 [HID병목]   [07:15:50] M16HUB 정상(보고 270 미보고 0 JAM 0)
2026-10-05 07:18:01,094 [HID병목]   [07:16:40] M16HUB 정상(보고 270 미보고 0 JAM 0)
2026-10-05 07:18:51,086 [HID병목]   [07:17:30] M16HUB 정상(보고 270 미보고 0 JAM 0)
2026-10-05 07:19:41,040 [HID병목]   [07:18:20] M16HUB 정상(보고 270 미보고 0 JAM 0)
2026-10-05 07:20:31,074 [HID병목]   [07:19:10] M16HUB 정상(보고 270 미보고 0 JAM 0)
2026-10-05 07:21:21,058 [HID병목]   [07:20:00] M16HUB 정상(보고 270 미보고 0 JAM 0)
2026-10-05 07:22:11,074 [HID병목]   [07:20:50] M16HUB 정상(보고 270 미보고 0 JAM 0)
2026-10-05 07:23:01,066 [HID병목]   [07:21:40] M16HUB 정상(보고 270 미보고 0 JAM 0)
2026-10-05 07:23:51,075 [HID병목]   [07:22:30] M16HUB 정상(보고 270 미보고 0 JAM 0)
2026-10-05 07:24:41,066 [HID병목]   [07:23:20] M16HUB 정상(보고 270 미보고 0 JAM 0)
2026-10-05 07:25:31,024 [HID병목]   [07:24:10] M16HUB 정상(보고 270 미보고 0 JAM 0)
2026-10-05 07:26:21,711 [HID병목]   [07:25:00] M16HUB 정상(보고 270 미보고 0 JAM 0)
2026-10-05 07:27:11,067 [HID병목]   [07:25:50] M16HUB 정상(보고 270 미보고 0 JAM 0)
2026-10-05 07:28:01,152 [HID병목]   [07:26:40] M16HUB 정상(보고 270 미보고 0 JAM 0)
2026-10-05 07:28:51,072 [HID병목]   [07:27:30] M16HUB 정상(보고 270 미보고 0 JAM 0)
2026-10-05 07:29:41,018 [HID병목]   [07:28:20] M16HUB 정상(보고 270 미보고 0 JAM 0)
2026-10-05 07:30:31,023 [HID병목]   [07:29:10] M16HUB 정상(보고 270 미보고 0 JAM 0)
2026-10-05 07:31:21,075 [HID병목]   [07:30:00] M16HUB 정상(보고 270 미보고 0 JAM 0)
2026-10-05 07:32:11,067 [HID병목]   [07:30:50] M16HUB 정상(보고 270 미보고 0 JAM 0)
2026-10-05 07:33:01,080 [HID병목]   [07:31:40] M16HUB 정상(보고 270 미보고 0 JAM 0)
2026-10-05 07:33:51,074 [HID병목]   [07:32:30] M16HUB 정상(보고 270 미보고 0 JAM 0)
2026-10-05 07:34:41,066 [HID병목]   [07:33:20] M16HUB 정상(보고 270 미보고 0 JAM 0)
2026-10-05 07:35:31,060 [HID병목]   [07:34:10] M16HUB 정상(보고 270 미보고 0 JAM 0)
2026-10-05 07:36:21,076 [HID병목]   [07:35:00] M16HUB 정상(보고 270 미보고 0 JAM 0)
2026-10-05 07:37:11,031 [HID병목]   [07:35:50] M16HUB 정상(보고 270 미보고 0 JAM 0)
2026-10-05 07:38:01,078 [HID병목]   [07:36:40] M16HUB 정상(보고 270 미보고 0 JAM 0)
2026-10-05 07:38:51,026 [HID병목]   [07:37:30] M16HUB 정상(보고 270 미보고 0 JAM 0)
2026-10-05 07:39:41,062 [HID병목]   [07:38:20] M16HUB 정상(보고 270 미보고 0 JAM 0)
2026-10-05 07:40:31,761 [HID병목]   [07:39:10] M16HUB 정상(보고 270 미보고 0 JAM 0)
2026-10-05 07:41:21,093 [HID병목]   [07:40:00] M16HUB 정상(보고 270 미보고 0 JAM 0)
2026-10-05 07:42:11,076 [HID병목]   [07:40:50] M16HUB 정상(보고 270 미보고 0 JAM 0)
2026-10-05 07:43:01,039 [HID병목]   [07:41:40] M16HUB 정상(보고 270 미보고 0 JAM 0)
2026-10-05 07:43:51,043 [HID병목]   [07:42:30] M16HUB 정상(보고 270 미보고 0 JAM 0)
2026-10-05 07:44:41,054 [HID병목]   [07:43:20] M16HUB 정상(보고 270 미보고 0 JAM 0)
2026-10-05 07:45:31,054 [HID병목]   [07:44:10] M16HUB 정상(보고 270 미보고 0 JAM 0)
2026-10-05 07:46:21,233 [HID병목]   [07:45:00] M16HUB 정상(보고 270 미보고 0 JAM 0)
2026-10-05 07:47:11,065 [HID병목]   [07:45:50] M16HUB 정상(보고 270 미보고 0 JAM 0)
2026-10-05 07:48:01,120 [HID병목]   [07:46:40] M16HUB 정상(보고 270 미보고 0 JAM 0)
2026-10-05 07:48:51,028 [HID병목]   [07:47:30] M16HUB 정상(보고 270 미보고 0 JAM 0)
2026-10-05 07:49:41,050 [HID병목]   [07:48:20] M16HUB 정상(보고 270 미보고 0 JAM 0)
2026-10-05 07:50:31,030 [HID병목]   [07:49:10] M16HUB 정상(보고 270 미보고 0 JAM 0)
2026-10-05 07:51:22,707 [HID병목]   [07:50:00] M16HUB 정상(보고 270 미보고 0 JAM 0)
2026-10-05 07:52:11,064 [HID병목]   [07:50:50] M16HUB 정상(보고 270 미보고 0 JAM 0)
2026-10-05 07:53:01,090 [HID병목]   [07:51:40] M16HUB 정상(보고 270 미보고 0 JAM 0)
2026-10-05 07:53:51,075 [HID병목]   [07:52:30] M16HUB 정상(보고 270 미보고 0 JAM 0)
2026-10-05 07:54:41,066 [HID병목]   [07:53:20] M16HUB 정상(보고 270 미보고 0 JAM 0)
2026-10-05 07:55:32,565 [HID병목]   [07:54:10] M16HUB 정상(보고 270 미보고 0 JAM 0)
2026-10-05 07:56:21,073 [HID병목]   [07:55:00] M16HUB 정상(보고 270 미보고 0 JAM 0)
2026-10-05 07:57:11,046 [HID병목]   [07:55:50] M16HUB 정상(보고 270 미보고 0 JAM 0)
2026-10-05 07:58:01,083 [HID병목]   [07:56:40] M16HUB 정상(보고 270 미보고 0 JAM 0)
2026-10-05 07:58:51,088 [HID병목]   [07:57:30] M16HUB 정상(보고 270 미보고 0 JAM 0)
2026-10-05 07:59:41,058 [HID병목]   [07:58:20] M16HUB 정상(보고 270 미보고 0 JAM 0)
2026-10-05 08:00:31,088 [HID병목]   [07:59:10] M16HUB 정상(보고 270 미보고 0 JAM 0)
2026-10-05 08:01:21,083 [HID병목]   [08:00:00] M16HUB 정상(보고 270 미보고 0 JAM 0)
2026-10-05 08:02:11,078 [HID병목]   [08:00:50] M16HUB 정상(보고 270 미보고 0 JAM 0)
2026-10-05 08:03:01,084 [HID병목]   [08:01:40] M16HUB 정상(보고 270 미보고 0 JAM 0)
2026-10-05 08:03:51,077 [HID병목]   [08:02:30] M16HUB 정상(보고 270 미보고 0 JAM 0)
2026-10-05 08:04:41,066 [HID병목]   [08:03:20] M16HUB 정상(보고 270 미보고 0 JAM 0)
2026-10-05 08:05:31,073 [HID병목]   [08:04:10] M16HUB 정상(보고 270 미보고 0 JAM 0)
2026-10-05 08:06:21,075 [HID병목]   [08:05:00] M16HUB 정상(보고 270 미보고 0 JAM 0)
2026-10-05 08:07:11,028 [HID병목]   [08:05:50] M16HUB 정상(보고 270 미보고 0 JAM 0)
2026-10-05 08:08:01,075 [HID병목]   [08:06:40] M16HUB 정상(보고 270 미보고 0 JAM 0)
2026-10-05 08:08:51,077 [HID병목]   [08:07:30] M16HUB 정상(보고 270 미보고 0 JAM 0)
2026-10-05 08:09:42,892 [HID병목]   [08:08:20] M16HUB 정상(보고 270 미보고 0 JAM 0)
2026-10-05 08:10:31,044 [HID병목]   [08:09:10] M16HUB 정상(보고 270 미보고 0 JAM 0)
2026-10-05 08:11:21,057 [HID병목]   [08:10:00] M16HUB 정상(보고 270 미보고 0 JAM 0)
2026-10-05 08:12:11,027 [HID병목]   [08:10:50] M16HUB 정상(보고 270 미보고 0 JAM 0)
2026-10-05 08:13:01,097 [HID병목]   [08:11:40] M16HUB 정상(보고 270 미보고 0 JAM 0)
2026-10-05 08:13:51,068 [HID병목]   [08:12:30] M16HUB 정상(보고 270 미보고 0 JAM 0)
2026-10-05 08:14:44,653 [HID병목]   [08:13:20] M16HUB 정상(보고 270 미보고 0 JAM 0)
2026-10-05 08:15:31,065 [HID병목]   [08:14:10] M16HUB 정상(보고 270 미보고 0 JAM 0)
2026-10-05 08:16:21,078 [HID병목]   [08:15:00] M16HUB 정상(보고 270 미보고 0 JAM 0)
2026-10-05 08:17:11,076 [HID병목]   [08:15:50] M16HUB 정상(보고 270 미보고 0 JAM 0)
2026-10-05 08:18:01,088 [HID병목]   [08:16:40] M16HUB 정상(보고 270 미보고 0 JAM 0)
2026-10-05 08:18:51,078 [HID병목]   [08:17:30] M16HUB 정상(보고 270 미보고 0 JAM 0)
2026-10-05 08:19:41,065 [HID병목]   [08:18:20] M16HUB 정상(보고 270 미보고 0 JAM 0)
2026-10-05 08:20:31,074 [HID병목]   [08:19:10] M16HUB 정상(보고 270 미보고 0 JAM 0)
2026-10-05 08:21:21,787 [HID병목]   [08:20:00] M16HUB 정상(보고 270 미보고 0 JAM 0)
2026-10-05 08:22:11,063 [HID병목]   [08:20:50] M16HUB 정상(보고 270 미보고 0 JAM 0)
2026-10-05 08:23:01,126 [HID병목]   [08:21:40] M16HUB 정상(보고 270 미보고 0 JAM 0)
2026-10-05 08:23:51,058 [HID병목]   [08:22:30] M16HUB 정상(보고 270 미보고 0 JAM 0)
2026-10-05 08:24:41,065 [HID병목]   [08:23:20] M16HUB 정상(보고 270 미보고 0 JAM 0)
2026-10-05 08:25:31,902 [HID병목]   [08:24:10] M16HUB 정상(보고 270 미보고 0 JAM 0)
2026-10-05 08:26:21,075 [HID병목]   [08:25:00] M16HUB 정상(보고 270 미보고 0 JAM 0)
2026-10-05 08:27:11,065 [HID병목]   [08:25:50] M16HUB 정상(보고 270 미보고 0 JAM 0)
2026-10-05 08:28:01,166 [HID병목]   [08:26:40] M16HUB 정상(보고 270 미보고 0 JAM 0)
2026-10-05 08:28:51,030 [HID병목]   [08:27:30] M16HUB 정상(보고 270 미보고 0 JAM 0)
2026-10-05 08:29:41,033 [HID병목]   [08:28:20] M16HUB 정상(보고 270 미보고 0 JAM 0)
2026-10-05 08:30:31,054 [HID병목]   [08:29:10] M16HUB 정상(보고 270 미보고 0 JAM 0)
2026-10-05 08:31:21,237 [HID병목]   [08:30:00] M16HUB 정상(보고 270 미보고 0 JAM 0)
2026-10-05 08:32:11,030 [HID병목]   [08:30:50] M16HUB 정상(보고 270 미보고 0 JAM 0)
2026-10-05 08:33:01,130 [HID병목]   [08:31:40] M16HUB 정상(보고 270 미보고 0 JAM 0)
2026-10-05 08:33:51,034 [HID병목]   [08:32:30] M16HUB 정상(보고 270 미보고 0 JAM 0)
2026-10-05 08:34:41,412 [HID병목]   [08:33:20] M16HUB 정상(보고 270 미보고 0 JAM 0)
2026-10-05 08:35:31,026 [HID병목]   [08:34:10] M16HUB 정상(보고 270 미보고 0 JAM 0)
2026-10-05 08:36:21,077 [HID병목]   [08:35:00] M16HUB 정상(보고 270 미보고 0 JAM 0)
2026-10-05 08:37:11,074 [HID병목]   [08:35:50] M16HUB 정상(보고 270 미보고 0 JAM 0)
2026-10-05 08:38:01,093 [HID병목]   [08:36:40] M16HUB 정상(보고 270 미보고 0 JAM 0)
2026-10-05 08:38:51,083 [HID병목]   [08:37:30] M16HUB 정상(보고 270 미보고 0 JAM 0)
2026-10-05 08:39:41,420 [HID병목]   [08:38:20] M16HUB 정상(보고 270 미보고 0 JAM 0)
2026-10-05 08:40:31,023 [HID병목]   [08:39:10] M16HUB 정상(보고 270 미보고 0 JAM 0)
2026-10-05 08:41:21,226 [HID병목]   [08:40:00] M16HUB 정상(보고 270 미보고 0 JAM 0)
2026-10-05 08:42:11,074 [HID병목]   [08:40:50] M16HUB 정상(보고 270 미보고 0 JAM 0)
2026-10-05 08:43:01,166 [HID병목]   [08:41:40] M16HUB 정상(보고 270 미보고 0 JAM 0)
2026-10-05 08:43:51,073 [HID병목]   [08:42:30] M16HUB 정상(보고 270 미보고 0 JAM 0)
2026-10-05 08:44:41,066 [HID병목]   [08:43:20] M16HUB 정상(보고 270 미보고 0 JAM 0)
2026-10-05 08:45:31,025 [HID병목]   [08:44:10] M16HUB 정상(보고 270 미보고 0 JAM 0)
2026-10-05 08:46:21,075 [HID병목]   [08:45:00] M16HUB 정상(보고 270 미보고 0 JAM 0)
2026-10-05 08:47:11,075 [HID병목]   [08:45:50] M16HUB 정상(보고 270 미보고 0 JAM 0)
2026-10-05 08:48:01,031 [HID병목]   [08:46:40] M16HUB 정상(보고 270 미보고 0 JAM 0)
2026-10-05 08:48:51,077 [HID병목]   [08:47:30] M16HUB 정상(보고 270 미보고 0 JAM 0)
2026-10-05 08:49:41,065 [HID병목]   [08:48:20] M16HUB 정상(보고 270 미보고 0 JAM 0)
2026-10-05 08:50:31,024 [HID병목]   [08:49:10] M16HUB 정상(보고 270 미보고 0 JAM 0)
2026-10-05 08:51:21,704 [HID병목]   [08:50:00] M16HUB 정상(보고 270 미보고 0 JAM 0)
2026-10-05 08:52:11,073 [HID병목]   [08:50:50] M16HUB 정상(보고 270 미보고 0 JAM 0)
2026-10-05 08:53:01,147 [HID병목]   [08:51:40] M16HUB 정상(보고 270 미보고 0 JAM 0)
2026-10-05 08:53:51,076 [HID병목]   [08:52:30] M16HUB 정상(보고 270 미보고 0 JAM 0)
2026-10-05 08:54:41,065 [HID병목]   [08:53:20] M16HUB 정상(보고 270 미보고 0 JAM 0)
2026-10-05 08:55:31,074 [HID병목]   [08:54:10] M16HUB 정상(보고 270 미보고 0 JAM 0)
2026-10-05 08:56:21,075 [HID병목]   [08:55:00] M16HUB 정상(보고 269 미보고 1 JAM 0)
2026-10-05 08:57:11,063 [HID병목]   [08:55:50] M16HUB 정상(보고 269 미보고 1 JAM 0)
2026-10-05 08:58:01,053 [HID병목]   [08:56:40] M16HUB 정상(보고 269 미보고 1 JAM 0)
2026-10-05 08:58:51,029 [HID병목]   [08:57:30] M16HUB 정상(보고 270 미보고 0 JAM 0)
2026-10-05 08:59:41,066 [HID병목]   [08:58:20] M16HUB 정상(보고 270 미보고 0 JAM 0)
2026-10-05 09:00:31,038 [HID병목]   [08:59:10] M16HUB 정상(보고 270 미보고 0 JAM 0)
2026-10-05 09:01:21,032 [HID병목]   [09:00:00] M16HUB 정상(보고 270 미보고 0 JAM 0)
2026-10-05 09:02:11,058 [HID병목]   [09:00:50] M16HUB 정상(보고 270 미보고 0 JAM 0)
2026-10-05 09:03:01,084 [HID병목]   [09:01:40] M16HUB 정상(보고 270 미보고 0 JAM 0)
2026-10-05 09:03:51,075 [HID병목]   [09:02:30] M16HUB 정상(보고 270 미보고 0 JAM 0)
2026-10-05 09:04:41,045 [HID병목]   [09:03:20] M16HUB 정상(보고 270 미보고 0 JAM 0)
2026-10-05 09:05:31,074 [HID병목]   [09:04:10] M16HUB 정상(보고 269 미보고 1 JAM 0)
2026-10-05 09:06:21,076 [HID병목]   [09:05:00] M16HUB 정상(보고 269 미보고 1 JAM 0)
2026-10-05 09:07:11,075 [HID병목]   [09:05:50] M16HUB 정상(보고 269 미보고 1 JAM 0)
2026-10-05 09:08:01,101 [HID병목]   [09:06:40] M16HUB 정상(보고 269 미보고 1 JAM 0)
2026-10-05 09:08:51,074 [HID병목]   [09:07:30] M16HUB 정상(보고 270 미보고 0 JAM 0)
2026-10-05 09:09:41,059 [HID병목]   [09:08:20] M16HUB 정상(보고 270 미보고 0 JAM 0)
2026-10-05 09:10:31,074 [HID병목]   [09:09:10] M16HUB 정상(보고 270 미보고 0 JAM 0)
2026-10-05 09:11:21,077 [HID병목]   [09:10:00] M16HUB 정상(보고 270 미보고 0 JAM 0)
2026-10-05 09:12:11,043 [HID병목]   [09:10:50] M16HUB 정상(보고 270 미보고 0 JAM 0)
2026-10-05 09:13:01,071 [HID병목]   [09:11:40] M16HUB 정상(보고 270 미보고 0 JAM 0)
2026-10-05 09:13:51,025 [HID병목]   [09:12:30] M16HUB 정상(보고 270 미보고 0 JAM 0)
2026-10-05 09:14:41,066 [HID병목]   [09:13:20] M16HUB 정상(보고 270 미보고 0 JAM 0)
2026-10-05 09:15:31,044 [HID병목]   [09:14:10] M16HUB 정상(보고 270 미보고 0 JAM 0)
2026-10-05 09:16:21,051 [HID병목]   [09:15:00] M16HUB 정상(보고 270 미보고 0 JAM 0)
2026-10-05 09:17:11,077 [HID병목]   [09:15:50] M16HUB 정상(보고 270 미보고 0 JAM 0)
2026-10-05 09:18:01,145 [HID병목]   [09:16:40] M16HUB 정상(보고 270 미보고 0 JAM 0)
2026-10-05 09:18:51,078 [HID병목]   [09:17:30] M16HUB 정상(보고 270 미보고 0 JAM 0)
2026-10-05 09:19:41,066 [HID병목]   [09:18:20] M16HUB 정상(보고 270 미보고 0 JAM 0)
2026-10-05 09:20:31,073 [HID병목]   [09:19:10] M16HUB 정상(보고 270 미보고 0 JAM 0)
2026-10-05 09:21:21,854 [HID병목]   [09:20:00] M16HUB 정상(보고 270 미보고 0 JAM 0)
2026-10-05 09:22:11,049 [HID병목]   [09:20:50] M16HUB 정상(보고 270 미보고 0 JAM 0)
2026-10-05 09:23:01,088 [HID병목]   [09:21:40] M16HUB 정상(보고 270 미보고 0 JAM 0)
2026-10-05 09:23:51,079 [HID병목]   [09:22:30] M16HUB 정상(보고 270 미보고 0 JAM 0)
2026-10-05 09:24:41,022 [HID병목]   [09:23:20] M16HUB 정상(보고 270 미보고 0 JAM 0)
2026-10-05 09:25:31,681 [HID병목]   [09:24:10] M16HUB 정상(보고 270 미보고 0 JAM 0)
2026-10-05 09:26:21,034 [HID병목]   [09:25:00] M16HUB 정상(보고 270 미보고 0 JAM 0)
2026-10-05 09:27:11,074 [HID병목]   [09:25:50] M16HUB 정상(보고 270 미보고 0 JAM 0)
2026-10-05 09:28:01,119 [HID병목]   [09:26:40] M16HUB 정상(보고 270 미보고 0 JAM 0)
2026-10-05 09:28:51,075 [HID병목]   [09:27:30] M16HUB 정상(보고 270 미보고 0 JAM 0)
2026-10-05 09:29:41,065 [HID병목]   [09:28:20] M16HUB 정상(보고 270 미보고 0 JAM 0)
2026-10-05 09:30:31,068 [HID병목]   [09:29:10] M16HUB 정상(보고 270 미보고 0 JAM 0)
2026-10-05 09:31:21,075 [HID병목]   [09:30:00] M16HUB 정상(보고 270 미보고 0 JAM 0)
2026-10-05 09:32:11,074 [HID병목]   [09:30:50] M16HUB 정상(보고 270 미보고 0 JAM 0)
2026-10-05 09:33:01,112 [HID병목]   [09:31:40] M16HUB 정상(보고 270 미보고 0 JAM 0)
2026-10-05 09:33:51,075 [HID병목]   [09:32:30] M16HUB 정상(보고 270 미보고 0 JAM 0)
2026-10-05 09:34:41,050 [HID병목]   [09:33:20] M16HUB 정상(보고 270 미보고 0 JAM 0)
2026-10-05 09:35:32,206 [HID병목]   [09:34:10] M16HUB 정상(보고 270 미보고 0 JAM 0)
2026-10-05 09:36:21,032 [HID병목]   [09:35:00] M16HUB 정상(보고 270 미보고 0 JAM 0)
2026-10-05 09:37:11,026 [HID병목]   [09:35:50] M16HUB 정상(보고 270 미보고 0 JAM 0)
2026-10-05 09:38:01,068 [HID병목]   [09:36:40] M16HUB 정상(보고 270 미보고 0 JAM 0)
2026-10-05 09:38:51,075 [HID병목]   [09:37:30] M16HUB 정상(보고 270 미보고 0 JAM 0)
2026-10-05 09:39:41,065 [HID병목]   [09:38:20] M16HUB 정상(보고 270 미보고 0 JAM 0)
2026-10-05 09:40:31,240 [HID병목]   [09:39:10] M16HUB 정상(보고 270 미보고 0 JAM 0)
2026-10-05 09:41:21,074 [HID병목]   [09:40:00] M16HUB 정상(보고 270 미보고 0 JAM 0)
2026-10-05 09:42:11,074 [HID병목]   [09:40:50] M16HUB 정상(보고 269 미보고 1 JAM 0)
2026-10-05 09:43:01,083 [HID병목]   [09:41:40] M16HUB 정상(보고 269 미보고 1 JAM 0)
2026-10-05 09:43:51,075 [HID병목]   [09:42:30] M16HUB 정상(보고 269 미보고 1 JAM 0)
2026-10-05 09:44:41,066 [HID병목]   [09:43:20] M16HUB 정상(보고 270 미보고 0 JAM 0)
2026-10-05 09:45:31,938 [HID병목]   [09:44:10] M16HUB 정상(보고 270 미보고 0 JAM 0)
2026-10-05 09:46:21,070 [HID병목]   [09:45:00] M16HUB 정상(보고 270 미보고 0 JAM 0)
2026-10-05 09:47:11,028 [HID병목]   [09:45:50] M16HUB 정상(보고 270 미보고 0 JAM 0)
2026-10-05 09:48:01,082 [HID병목]   [09:46:40] M16HUB 정상(보고 270 미보고 0 JAM 0)
2026-10-05 09:48:51,029 [HID병목]   [09:47:30] M16HUB 정상(보고 270 미보고 0 JAM 0)
2026-10-05 09:49:41,028 [HID병목]   [09:48:20] M16HUB 정상(보고 270 미보고 0 JAM 0)
2026-10-05 09:50:31,099 [HID병목]   [09:49:10] M16HUB 정상(보고 270 미보고 0 JAM 0)
2026-10-05 09:51:21,052 [HID병목]   [09:50:00] M16HUB 정상(보고 270 미보고 0 JAM 0)
2026-10-05 09:52:11,026 [HID병목]   [09:50:50] M16HUB 정상(보고 270 미보고 0 JAM 0)
2026-10-05 09:53:01,080 [HID병목]   [09:51:40] M16HUB 정상(보고 270 미보고 0 JAM 0)
2026-10-05 09:53:51,032 [HID병목]   [09:52:30] M16HUB 정상(보고 270 미보고 0 JAM 0)
2026-10-05 09:54:41,066 [HID병목]   [09:53:20] M16HUB 정상(보고 270 미보고 0 JAM 0)
2026-10-05 09:55:31,054 [HID병목]   [09:54:10] M16HUB 정상(보고 270 미보고 0 JAM 0)
2026-10-05 09:56:21,675 [HID병목]   [09:55:00] M16HUB 정상(보고 269 미보고 1 JAM 0)
2026-10-05 09:57:11,034 [HID병목]   [09:55:50] M16HUB 정상(보고 269 미보고 1 JAM 0)
2026-10-05 09:58:01,083 [HID병목]   [09:56:40] M16HUB 정상(보고 269 미보고 1 JAM 0)
2026-10-05 09:58:51,026 [HID병목]   [09:57:30] M16HUB 정상(보고 270 미보고 0 JAM 0)
2026-10-05 09:59:41,055 [HID병목]   [09:58:20] M16HUB 정상(보고 270 미보고 0 JAM 0)
2026-10-05 10:00:31,085 [HID병목]   [09:59:10] M16HUB 정상(보고 270 미보고 0 JAM 0)
2026-10-05 10:01:21,060 [HID병목]   [10:00:00] M16HUB 정상(보고 269 미보고 1 JAM 0)
2026-10-05 10:02:11,076 [HID병목]   [10:00:50] M16HUB 정상(보고 269 미보고 1 JAM 0)
2026-10-05 10:03:01,140 [HID병목]   [10:01:40] M16HUB 정상(보고 269 미보고 1 JAM 0)
2026-10-05 10:03:51,075 [HID병목]   [10:02:30] M16HUB 정상(보고 270 미보고 0 JAM 0)
2026-10-05 10:04:43,642 [HID병목]   [10:03:20] M16HUB 정상(보고 270 미보고 0 JAM 0)
2026-10-05 10:05:31,043 [HID병목]   [10:04:10] M16HUB 정상(보고 270 미보고 0 JAM 0)
2026-10-05 10:06:21,074 [HID병목]   [10:05:00] M16HUB 정상(보고 270 미보고 0 JAM 0)
2026-10-05 10:07:11,075 [HID병목]   [10:05:50] M16HUB 정상(보고 270 미보고 0 JAM 0)
2026-10-05 10:08:01,128 [HID병목]   [10:06:40] M16HUB 정상(보고 270 미보고 0 JAM 0)
2026-10-05 10:08:51,032 [HID병목]   [10:07:30] M16HUB 정상(보고 270 미보고 0 JAM 0)
2026-10-05 10:09:41,594 [HID병목]   [10:08:20] M16HUB 정상(보고 270 미보고 0 JAM 0)
2026-10-05 10:10:31,045 [HID병목]   [10:09:10] M16HUB 정상(보고 270 미보고 0 JAM 0)
2026-10-05 10:11:21,073 [HID병목]   [10:10:00] M16HUB 정상(보고 270 미보고 0 JAM 0)
2026-10-05 10:12:11,077 [HID병목]   [10:10:50] M16HUB 정상(보고 270 미보고 0 JAM 0)
2026-10-05 10:13:01,138 [HID병목]   [10:11:40] M16HUB 정상(보고 270 미보고 0 JAM 0)
2026-10-05 10:13:51,077 [HID병목]   [10:12:30] M16HUB 정상(보고 270 미보고 0 JAM 0)
2026-10-05 10:14:41,065 [HID병목]   [10:13:20] M16HUB 정상(보고 270 미보고 0 JAM 0)
2026-10-05 10:15:31,026 [HID병목]   [10:14:10] M16HUB 정상(보고 270 미보고 0 JAM 0)
2026-10-05 10:16:21,840 [HID병목]   [10:15:00] M16HUB 정상(보고 270 미보고 0 JAM 0)
2026-10-05 10:17:11,073 [HID병목]   [10:15:50] M16HUB 정상(보고 270 미보고 0 JAM 0)
2026-10-05 10:18:01,078 [HID병목]   [10:16:40] M16HUB 정상(보고 270 미보고 0 JAM 0)
2026-10-05 10:18:51,064 [HID병목]   [10:17:30] M16HUB 정상(보고 270 미보고 0 JAM 0)
2026-10-05 10:19:45,206 [HID병목]   [10:18:20] M16HUB 정상(보고 270 미보고 0 JAM 0)
2026-10-05 10:20:31,069 [HID병목]   [10:19:10] M16HUB 정상(보고 270 미보고 0 JAM 0)
2026-10-05 10:21:21,085 [HID병목]   [10:20:00] M16HUB 정상(보고 270 미보고 0 JAM 0)
2026-10-05 10:22:11,076 [HID병목]   [10:20:50] M16HUB 정상(보고 270 미보고 0 JAM 0)
2026-10-05 10:23:01,084 [HID병목]   [10:21:40] M16HUB 정상(보고 270 미보고 0 JAM 0)
2026-10-05 10:23:51,075 [HID병목]   [10:22:30] M16HUB 정상(보고 269 미보고 1 JAM 0)
2026-10-05 10:24:41,082 [HID병목]   [10:23:20] M16HUB 정상(보고 269 미보고 1 JAM 0)
2026-10-05 10:25:31,038 [HID병목]   [10:24:10] M16HUB 정상(보고 269 미보고 1 JAM 0)
2026-10-05 10:26:21,080 [HID병목]   [10:25:00] M16HUB 정상(보고 270 미보고 0 JAM 0)
2026-10-05 10:27:11,029 [HID병목]   [10:25:50] M16HUB 정상(보고 270 미보고 0 JAM 0)
2026-10-05 10:28:01,043 [HID병목]   [10:26:40] M16HUB 정상(보고 270 미보고 0 JAM 0)
2026-10-05 10:28:51,059 [HID병목]   [10:27:30] M16HUB 정상(보고 270 미보고 0 JAM 0)
2026-10-05 10:29:41,064 [HID병목]   [10:28:20] M16HUB 정상(보고 270 미보고 0 JAM 0)
2026-10-05 10:30:31,074 [HID병목]   [10:29:10] M16HUB 정상(보고 270 미보고 0 JAM 0)
2026-10-05 10:31:21,315 [HID병목]   [10:30:00] M16HUB 정상(보고 270 미보고 0 JAM 0)
2026-10-05 10:32:11,060 [HID병목]   [10:30:50] M16HUB 정상(보고 270 미보고 0 JAM 0)
2026-10-05 10:33:01,069 [HID병목]   [10:31:40] M16HUB 정상(보고 270 미보고 0 JAM 0)
2026-10-05 10:33:51,033 [HID병목]   [10:32:30] M16HUB 정상(보고 270 미보고 0 JAM 0)
2026-10-05 10:34:41,065 [HID병목]   [10:33:20] M16HUB 정상(보고 270 미보고 0 JAM 0)
2026-10-05 10:35:31,032 [HID병목]   [10:34:10] M16HUB 정상(보고 270 미보고 0 JAM 0)
2026-10-05 10:36:21,029 [HID병목]   [10:35:00] M16HUB 정상(보고 270 미보고 0 JAM 0)
2026-10-05 10:37:11,074 [HID병목]   [10:35:50] M16HUB 정상(보고 270 미보고 0 JAM 0)
2026-10-05 10:38:01,099 [HID병목]   [10:36:40] M16HUB 정상(보고 270 미보고 0 JAM 0)
2026-10-05 10:38:51,076 [HID병목]   [10:37:30] M16HUB 정상(보고 270 미보고 0 JAM 0)
2026-10-05 10:39:41,037 [HID병목]   [10:38:20] M16HUB 정상(보고 269 미보고 1 JAM 0)
2026-10-05 10:40:31,074 [HID병목]   [10:39:10] M16HUB 정상(보고 269 미보고 1 JAM 0)
2026-10-05 10:41:21,076 [HID병목]   [10:40:00] M16HUB 정상(보고 269 미보고 1 JAM 0)
2026-10-05 10:42:11,027 [HID병목]   [10:40:50] M16HUB 정상(보고 270 미보고 0 JAM 0)
2026-10-05 10:43:01,082 [HID병목]   [10:41:40] M16HUB 정상(보고 270 미보고 0 JAM 0)
2026-10-05 10:43:51,025 [HID병목]   [10:42:30] M16HUB 정상(보고 270 미보고 0 JAM 0)
2026-10-05 10:44:41,014 [HID병목]   [10:43:20] M16HUB 정상(보고 270 미보고 0 JAM 0)
2026-10-05 10:45:31,035 [HID병목]   [10:44:10] M16HUB 정상(보고 269 미보고 1 JAM 0)
2026-10-05 10:46:21,034 [HID병목]   [10:45:00] M16HUB 정상(보고 269 미보고 1 JAM 0)
2026-10-05 10:47:11,045 [HID병목]   [10:45:50] M16HUB 정상(보고 269 미보고 1 JAM 0)
2026-10-05 10:48:01,086 [HID병목]   [10:46:40] M16HUB 정상(보고 270 미보고 0 JAM 0)
2026-10-05 10:48:51,031 [HID병목]   [10:47:30] M16HUB 정상(보고 270 미보고 0 JAM 0)
2026-10-05 10:49:41,065 [HID병목]   [10:48:20] M16HUB 정상(보고 270 미보고 0 JAM 0)
2026-10-05 10:50:31,697 [HID병목]   [10:49:10] M16HUB 정상(보고 269 미보고 1 JAM 0)
2026-10-05 10:51:21,074 [HID병목]   [10:50:00] M16HUB 정상(보고 269 미보고 1 JAM 0)
2026-10-05 10:52:11,075 [HID병목]   [10:50:50] M16HUB 정상(보고 269 미보고 1 JAM 0)
2026-10-05 10:53:01,118 [HID병목]   [10:51:40] M16HUB 정상(보고 270 미보고 0 JAM 0)
2026-10-05 10:53:51,033 [HID병목]   [10:52:30] M16HUB 정상(보고 270 미보고 0 JAM 0)
2026-10-05 10:54:41,055 [HID병목]   [10:53:20] M16HUB 정상(보고 270 미보고 0 JAM 0)
2026-10-05 10:55:31,077 [HID병목]   [10:54:10] M16HUB 정상(보고 270 미보고 0 JAM 0)
2026-10-05 10:56:21,075 [HID병목]   [10:55:00] M16HUB 정상(보고 270 미보고 0 JAM 0)
2026-10-05 10:57:11,073 [HID병목]   [10:55:50] M16HUB 정상(보고 270 미보고 0 JAM 0)
2026-10-05 10:58:01,058 [HID병목]   [10:56:40] M16HUB 정상(보고 270 미보고 0 JAM 0)
2026-10-05 10:58:51,075 [HID병목]   [10:57:30] M16HUB 정상(보고 270 미보고 0 JAM 0)
2026-10-05 10:59:41,044 [HID병목]   [10:58:20] M16HUB 정상(보고 270 미보고 0 JAM 0)
2026-10-05 11:00:31,049 [HID병목]   [10:59:10] M16HUB 정상(보고 270 미보고 0 JAM 0)
2026-10-05 11:01:21,074 [HID병목]   [11:00:00] M16HUB 정상(보고 270 미보고 0 JAM 0)
2026-10-05 11:02:11,025 [HID병목]   [11:00:50] M16HUB 정상(보고 270 미보고 0 JAM 0)
2026-10-05 11:03:01,167 [HID병목]   [11:01:40] M16HUB 정상(보고 269 미보고 1 JAM 0)
2026-10-05 11:03:51,074 [HID병목]   [11:02:30] M16HUB 정상(보고 269 미보고 1 JAM 0)
2026-10-05 11:04:41,066 [HID병목]   [11:03:20] M16HUB 정상(보고 269 미보고 1 JAM 0)
2026-10-05 11:05:31,065 [HID병목]   [11:04:10] M16HUB 정상(보고 270 미보고 0 JAM 0)
2026-10-05 11:06:21,075 [HID병목]   [11:05:00] M16HUB 정상(보고 270 미보고 0 JAM 0)
2026-10-05 11:07:11,040 [HID병목]   [11:05:50] M16HUB 정상(보고 270 미보고 0 JAM 0)
2026-10-05 11:08:01,068 [HID병목]   [11:06:40] M16HUB 정상(보고 270 미보고 0 JAM 0)
2026-10-05 11:08:51,076 [HID병목]   [11:07:30] M16HUB 정상(보고 270 미보고 0 JAM 0)
2026-10-05 11:09:41,066 [HID병목]   [11:08:20] M16HUB 정상(보고 270 미보고 0 JAM 0)
2026-10-05 11:10:31,440 [HID병목]   [11:09:10] M16HUB 정상(보고 270 미보고 0 JAM 0)
2026-10-05 11:11:21,070 [HID병목]   [11:10:00] M16HUB 정상(보고 270 미보고 0 JAM 0)
2026-10-05 11:12:11,075 [HID병목]   [11:10:50] M16HUB 정상(보고 270 미보고 0 JAM 0)
2026-10-05 11:13:01,051 [HID병목]   [11:11:40] M16HUB 정상(보고 270 미보고 0 JAM 0)
2026-10-05 11:13:51,073 [HID병목]   [11:12:30] M16HUB 정상(보고 270 미보고 0 JAM 0)
2026-10-05 11:14:41,065 [HID병목]   [11:13:20] M16HUB 정상(보고 270 미보고 0 JAM 0)
2026-10-05 11:15:31,038 [HID병목]   [11:14:10] M16HUB 정상(보고 270 미보고 0 JAM 0)
2026-10-05 11:16:21,075 [HID병목]   [11:15:00] M16HUB 정상(보고 270 미보고 0 JAM 0)
2026-10-05 11:17:11,076 [HID병목]   [11:15:50] M16HUB 정상(보고 270 미보고 0 JAM 0)
2026-10-05 11:18:01,082 [HID병목]   [11:16:40] M16HUB 정상(보고 270 미보고 0 JAM 0)
2026-10-05 11:18:53,272 [HID병목]   [11:17:30] M16HUB 정상(보고 270 미보고 0 JAM 0)
2026-10-05 11:19:41,062 [HID병목]   [11:18:20] M16HUB 정상(보고 270 미보고 0 JAM 0)
2026-10-05 11:20:31,074 [HID병목]   [11:19:10] M16HUB 정상(보고 270 미보고 0 JAM 0)
2026-10-05 11:21:21,078 [HID병목]   [11:20:00] M16HUB 정상(보고 270 미보고 0 JAM 0)
2026-10-05 11:22:11,076 [HID병목]   [11:20:50] M16HUB 정상(보고 270 미보고 0 JAM 0)
2026-10-05 11:23:01,066 [HID병목]   [11:21:40] M16HUB 정상(보고 270 미보고 0 JAM 0)
2026-10-05 11:23:51,075 [HID병목]   [11:22:30] M16HUB 정상(보고 270 미보고 0 JAM 0)
2026-10-05 11:24:41,064 [HID병목]   [11:23:20] M16HUB 정상(보고 270 미보고 0 JAM 0)
2026-10-05 11:25:31,027 [HID병목]   [11:24:10] M16HUB 정상(보고 270 미보고 0 JAM 0)
2026-10-05 11:26:21,032 [HID병목]   [11:25:00] M16HUB 정상(보고 270 미보고 0 JAM 0)
2026-10-05 11:27:11,075 [HID병목]   [11:25:50] M16HUB 정상(보고 270 미보고 0 JAM 0)
2026-10-05 11:28:01,033 [HID병목]   [11:26:40] M16HUB 정상(보고 270 미보고 0 JAM 0)
2026-10-05 11:28:51,077 [HID병목]   [11:27:30] M16HUB 정상(보고 269 미보고 1 JAM 0)
2026-10-05 11:29:41,065 [HID병목]   [11:28:20] M16HUB 정상(보고 270 미보고 0 JAM 0)
2026-10-05 11:30:31,025 [HID병목]   [11:29:10] M16HUB 정상(보고 270 미보고 0 JAM 0)
2026-10-05 11:31:21,041 [HID병목]   [11:30:00] M16HUB 정상(보고 270 미보고 0 JAM 0)
2026-10-05 11:32:11,041 [HID병목]   [11:30:50] M16HUB 정상(보고 270 미보고 0 JAM 0)
2026-10-05 11:33:01,071 [HID병목]   [11:31:40] M16HUB 정상(보고 270 미보고 0 JAM 0)
2026-10-05 11:33:51,075 [HID병목]   [11:32:30] M16HUB 정상(보고 270 미보고 0 JAM 0)
2026-10-05 11:34:42,674 [HID병목]   [11:33:20] M16HUB 정상(보고 270 미보고 0 JAM 0)
2026-10-05 11:35:31,028 [HID병목]   [11:34:10] M16HUB 정상(보고 270 미보고 0 JAM 0)
2026-10-05 11:36:21,075 [HID병목]   [11:35:00] M16HUB 정상(보고 270 미보고 0 JAM 0)
2026-10-05 11:37:11,047 [HID병목]   [11:35:50] M16HUB 정상(보고 270 미보고 0 JAM 0)
2026-10-05 11:38:01,081 [HID병목]   [11:36:40] M16HUB 정상(보고 269 미보고 1 JAM 0)
2026-10-05 11:38:51,085 [HID병목]   [11:37:30] M16HUB 정상(보고 269 미보고 1 JAM 0)
2026-10-05 11:39:41,065 [HID병목]   [11:38:20] M16HUB 정상(보고 269 미보고 1 JAM 0)
2026-10-05 11:40:31,252 [HID병목]   [11:39:10] M16HUB 정상(보고 270 미보고 0 JAM 0)
2026-10-05 11:41:21,045 [HID병목]   [11:40:00] M16HUB 정상(보고 270 미보고 0 JAM 0)
2026-10-05 11:42:11,075 [HID병목]   [11:40:50] M16HUB 정상(보고 270 미보고 0 JAM 0)
2026-10-05 11:43:01,112 [HID병목]   [11:41:40] M16HUB 정상(보고 270 미보고 0 JAM 0)
2026-10-05 11:43:51,076 [HID병목]   [11:42:30] M16HUB 정상(보고 270 미보고 0 JAM 0)
2026-10-05 11:44:41,040 [HID병목]   [11:43:20] M16HUB 정상(보고 270 미보고 0 JAM 0)
2026-10-05 11:45:31,074 [HID병목]   [11:44:10] M16HUB 정상(보고 268 미보고 2 JAM 0)
2026-10-05 11:46:21,761 [HID병목]   [11:45:00] M16HUB 정상(보고 268 미보고 2 JAM 0)
2026-10-05 11:47:11,066 [HID병목]   [11:45:50] M16HUB 정상(보고 268 미보고 2 JAM 0)
2026-10-05 11:48:01,145 [HID병목]   [11:46:40] M16HUB 정상(보고 269 미보고 1 JAM 0)
2026-10-05 11:48:51,049 [HID병목]   [11:47:30] M16HUB 정상(보고 269 미보고 1 JAM 0)
2026-10-05 11:49:41,024 [HID병목]   [11:48:20] M16HUB 정상(보고 269 미보고 1 JAM 0)
2026-10-05 11:50:31,063 [HID병목]   [11:49:10] M16HUB 정상(보고 269 미보고 1 JAM 0)
2026-10-05 11:51:21,065 [HID병목]   [11:50:00] M16HUB 정상(보고 269 미보고 1 JAM 0)
2026-10-05 11:52:11,049 [HID병목]   [11:50:50] M16HUB 정상(보고 269 미보고 1 JAM 0)
2026-10-05 11:53:01,113 [HID병목]   [11:51:40] M16HUB 정상(보고 269 미보고 1 JAM 0)
2026-10-05 11:53:51,039 [HID병목]   [11:52:30] M16HUB 정상(보고 269 미보고 1 JAM 0)
2026-10-05 11:54:41,036 [HID병목]   [11:53:20] M16HUB 정상(보고 269 미보고 1 JAM 0)
2026-10-05 11:55:31,074 [HID병목]   [11:54:10] M16HUB 정상(보고 269 미보고 1 JAM 0)
2026-10-05 11:56:21,179 [HID병목]   [11:55:00] M16HUB 정상(보고 269 미보고 1 JAM 0)
2026-10-05 11:57:11,074 [HID병목]   [11:55:50] M16HUB 정상(보고 269 미보고 1 JAM 0)
2026-10-05 11:58:01,084 [HID병목]   [11:56:40] M16HUB 정상(보고 269 미보고 1 JAM 0)
2026-10-05 11:58:51,081 [HID병목]   [11:57:30] M16HUB 정상(보고 269 미보고 1 JAM 0)
2026-10-05 11:59:41,065 [HID병목]   [11:58:20] M16HUB 정상(보고 269 미보고 1 JAM 0)
2026-10-05 12:00:31,088 [HID병목]   [11:59:10] M16HUB 정상(보고 269 미보고 1 JAM 0)
2026-10-05 12:01:21,193 [HID병목]   [12:00:00] M16HUB 정상(보고 269 미보고 1 JAM 0)
2026-10-05 12:02:11,087 [HID병목]   [12:00:50] M16HUB 정상(보고 268 미보고 2 JAM 0)
2026-10-05 12:03:01,038 [HID병목]   [12:01:40] M16HUB 정상(보고 268 미보고 2 JAM 0)
2026-10-05 12:03:51,060 [HID병목]   [12:02:30] M16HUB 정상(보고 268 미보고 2 JAM 0)
2026-10-05 12:04:43,025 [HID병목]   [12:03:20] M16HUB 정상(보고 269 미보고 1 JAM 0)
2026-10-05 12:05:31,035 [HID병목]   [12:04:10] M16HUB 정상(보고 269 미보고 1 JAM 0)
2026-10-05 12:06:21,076 [HID병목]   [12:05:00] M16HUB 정상(보고 269 미보고 1 JAM 0)
2026-10-05 12:07:11,074 [HID병목]   [12:05:50] M16HUB 정상(보고 269 미보고 1 JAM 0)
2026-10-05 12:08:01,040 [HID병목]   [12:06:40] M16HUB 정상(보고 269 미보고 1 JAM 0)
2026-10-05 12:08:51,073 [HID병목]   [12:07:30] M16HUB 정상(보고 269 미보고 1 JAM 0)
2026-10-05 12:09:41,066 [HID병목]   [12:08:20] M16HUB 정상(보고 269 미보고 1 JAM 0)
2026-10-05 12:10:31,074 [HID병목]   [12:09:10] M16HUB 정상(보고 269 미보고 1 JAM 0)
2026-10-05 12:11:21,026 [HID병목]   [12:10:00] M16HUB 정상(보고 269 미보고 1 JAM 0)
2026-10-05 12:12:11,058 [HID병목]   [12:10:50] M16HUB 정상(보고 269 미보고 1 JAM 0)
2026-10-05 12:13:01,142 [HID병목]   [12:11:40] M16HUB 정상(보고 269 미보고 1 JAM 0)
2026-10-05 12:13:51,074 [HID병목]   [12:12:30] M16HUB 정상(보고 269 미보고 1 JAM 0)
2026-10-05 12:14:41,065 [HID병목]   [12:13:20] M16HUB 정상(보고 269 미보고 1 JAM 0)
2026-10-05 12:15:31,189 [HID병목]   [12:14:10] M16HUB 정상(보고 269 미보고 1 JAM 0)
2026-10-05 12:16:21,523 [HID병목]   [12:15:00] M16HUB 정상(보고 269 미보고 1 JAM 0)
2026-10-05 12:17:11,045 [HID병목]   [12:15:50] M16HUB 정상(보고 268 미보고 2 JAM 0)
2026-10-05 12:18:01,034 [HID병목]   [12:16:40] M16HUB 정상(보고 268 미보고 2 JAM 0)
2026-10-05 12:18:51,074 [HID병목]   [12:17:30] M16HUB 정상(보고 268 미보고 2 JAM 0)
2026-10-05 12:19:41,066 [HID병목]   [12:18:20] M16HUB 정상(보고 269 미보고 1 JAM 0)
2026-10-05 12:20:31,052 [HID병목]   [12:19:10] M16HUB 정상(보고 269 미보고 1 JAM 0)
2026-10-05 12:21:21,628 [HID병목]   [12:20:00] M16HUB 정상(보고 269 미보고 1 JAM 0)
2026-10-05 12:22:11,077 [HID병목]   [12:20:50] M16HUB 정상(보고 269 미보고 1 JAM 0)
2026-10-05 12:23:01,114 [HID병목]   [12:21:40] M16HUB 정상(보고 269 미보고 1 JAM 0)
2026-10-05 12:23:51,075 [HID병목]   [12:22:30] M16HUB 정상(보고 269 미보고 1 JAM 0)
2026-10-05 12:24:41,065 [HID병목]   [12:23:20] M16HUB 정상(보고 269 미보고 1 JAM 0)
2026-10-05 12:25:31,086 [HID병목]   [12:24:10] M16HUB 정상(보고 269 미보고 1 JAM 0)
2026-10-05 12:26:21,063 [HID병목]   [12:25:00] M16HUB 정상(보고 269 미보고 1 JAM 0)
2026-10-05 12:27:11,028 [HID병목]   [12:25:50] M16HUB 정상(보고 269 미보고 1 JAM 0)
2026-10-05 12:28:01,141 [HID병목]   [12:26:40] M16HUB 정상(보고 269 미보고 1 JAM 0)
2026-10-05 12:28:51,023 [HID병목]   [12:27:30] M16HUB 정상(보고 269 미보고 1 JAM 0)
2026-10-05 12:29:41,067 [HID병목]   [12:28:20] M16HUB 정상(보고 269 미보고 1 JAM 0)
2026-10-05 12:30:31,074 [HID병목]   [12:29:10] M16HUB 정상(보고 269 미보고 1 JAM 0)
2026-10-05 12:31:21,025 [HID병목]   [12:30:00] M16HUB 정상(보고 269 미보고 1 JAM 0)
2026-10-05 12:32:11,053 [HID병목]   [12:30:50] M16HUB 정상(보고 269 미보고 1 JAM 0)
2026-10-05 12:33:01,082 [HID병목]   [12:31:40] M16HUB 정상(보고 269 미보고 1 JAM 0)
2026-10-05 12:33:51,034 [HID병목]   [12:32:30] M16HUB 정상(보고 269 미보고 1 JAM 0)
2026-10-05 12:34:41,064 [HID병목]   [12:33:20] M16HUB 정상(보고 269 미보고 1 JAM 0)
2026-10-05 12:35:31,025 [HID병목]   [12:34:10] M16HUB 정상(보고 269 미보고 1 JAM 0)
2026-10-05 12:36:21,482 [HID병목]   [12:35:00] M16HUB 정상(보고 269 미보고 1 JAM 0)
2026-10-05 12:37:11,074 [HID병목]   [12:35:50] M16HUB 정상(보고 268 미보고 2 JAM 0)
2026-10-05 12:38:01,092 [HID병목]   [12:36:40] M16HUB 정상(보고 264 미보고 6 JAM 2)
2026-10-05 12:38:51,076 [HID병목]   [12:37:30] M16HUB 정상(보고 260 미보고 10 JAM 9)
2026-10-05 12:39:41,023 [HID병목]   [12:38:20] M16HUB 정상(보고 269 미보고 1 JAM 1)
2026-10-05 12:40:31,897 [HID병목]   [12:39:10] M16HUB 정상(보고 269 미보고 1 JAM 0)
2026-10-05 12:41:21,076 [HID병목]   [12:40:00] M16HUB 정상(보고 269 미보고 1 JAM 0)
2026-10-05 12:42:11,038 [HID병목]   [12:40:50] M16HUB 정상(보고 269 미보고 1 JAM 0)
2026-10-05 12:43:01,081 [HID병목]   [12:41:40] M16HUB 정상(보고 269 미보고 1 JAM 0)
2026-10-05 12:43:51,041 [HID병목]   [12:42:30] M16HUB 정상(보고 269 미보고 1 JAM 0)
2026-10-05 12:44:41,067 [HID병목]   [12:43:20] M16HUB 정상(보고 269 미보고 1 JAM 0)
2026-10-05 12:45:31,089 [HID병목]   [12:44:10] M16HUB 정상(보고 269 미보고 1 JAM 0)
2026-10-05 12:46:21,076 [HID병목]   [12:45:00] M16HUB 정상(보고 269 미보고 1 JAM 0)
2026-10-05 12:47:11,037 [HID병목]   [12:45:50] M16HUB 정상(보고 269 미보고 1 JAM 0)
2026-10-05 12:48:01,083 [HID병목]   [12:46:40] M16HUB 정상(보고 269 미보고 1 JAM 0)
2026-10-05 12:48:51,078 [HID병목]   [12:47:30] M16HUB 정상(보고 269 미보고 1 JAM 0)
2026-10-05 12:49:41,202 [HID병목]   [12:48:20] M16HUB 정상(보고 269 미보고 1 JAM 0)
2026-10-05 12:50:31,074 [HID병목]   [12:49:10] M16HUB 정상(보고 269 미보고 1 JAM 0)
2026-10-05 12:51:21,292 [HID병목]   [12:50:00] M16HUB 정상(보고 269 미보고 1 JAM 0)
2026-10-05 12:52:11,073 [HID병목]   [12:50:50] M16HUB 정상(보고 269 미보고 1 JAM 0)
2026-10-05 12:53:01,089 [HID병목]   [12:51:40] M16HUB 정상(보고 269 미보고 1 JAM 0)
2026-10-05 12:53:51,074 [HID병목]   [12:52:30] M16HUB 정상(보고 269 미보고 1 JAM 0)
2026-10-05 12:54:41,066 [HID병목]   [12:53:20] M16HUB 정상(보고 269 미보고 1 JAM 0)
2026-10-05 12:55:31,031 [HID병목]   [12:54:10] M16HUB 정상(보고 269 미보고 1 JAM 0)
2026-10-05 12:56:21,082 [HID병목]   [12:55:00] M16HUB 정상(보고 269 미보고 1 JAM 0)
2026-10-05 12:57:11,069 [HID병목]   [12:55:50] M16HUB 정상(보고 269 미보고 1 JAM 0)
2026-10-05 12:58:01,063 [HID병목]   [12:56:40] M16HUB 정상(보고 269 미보고 1 JAM 0)
2026-10-05 12:58:51,074 [HID병목]   [12:57:30] M16HUB 정상(보고 269 미보고 1 JAM 0)
2026-10-05 12:59:41,060 [HID병목]   [12:58:20] M16HUB 정상(보고 269 미보고 1 JAM 0)
2026-10-05 13:00:31,072 [HID병목]   [12:59:10] M16HUB 정상(보고 269 미보고 1 JAM 0)
2026-10-05 13:01:22,595 [HID병목]   [13:00:00] M16HUB 정상(보고 269 미보고 1 JAM 0)
2026-10-05 13:02:11,074 [HID병목]   [13:00:50] M16HUB 정상(보고 269 미보고 1 JAM 0)
2026-10-05 13:03:01,054 [HID병목]   [13:01:40] M16HUB 정상(보고 269 미보고 1 JAM 0)
2026-10-05 13:03:51,066 [HID병목]   [13:02:30] M16HUB 정상(보고 269 미보고 1 JAM 0)
2026-10-05 13:04:41,067 [HID병목]   [13:03:20] M16HUB 정상(보고 269 미보고 1 JAM 0)
2026-10-05 13:05:31,051 [HID병목]   [13:04:10] M16HUB 정상(보고 269 미보고 1 JAM 0)
2026-10-05 13:06:21,080 [HID병목]   [13:05:00] M16HUB 정상(보고 269 미보고 1 JAM 0)
2026-10-05 13:07:11,055 [HID병목]   [13:05:50] M16HUB 정상(보고 269 미보고 1 JAM 0)
2026-10-05 13:08:01,085 [HID병목]   [13:06:40] M16HUB 정상(보고 269 미보고 1 JAM 0)
2026-10-05 13:08:51,074 [HID병목]   [13:07:30] M16HUB 정상(보고 269 미보고 1 JAM 0)
2026-10-05 13:09:41,023 [HID병목]   [13:08:20] M16HUB 정상(보고 269 미보고 1 JAM 0)
2026-10-05 13:10:32,120 [HID병목]   [13:09:10] M16HUB 정상(보고 269 미보고 1 JAM 0)
2026-10-05 13:11:21,075 [HID병목]   [13:10:00] M16HUB 정상(보고 269 미보고 1 JAM 0)
2026-10-05 13:12:11,075 [HID병목]   [13:10:50] M16HUB 정상(보고 269 미보고 1 JAM 0)
2026-10-05 13:13:01,074 [HID병목]   [13:11:40] M16HUB 정상(보고 268 미보고 2 JAM 0)
2026-10-05 13:13:51,064 [HID병목]   [13:12:30] M16HUB 정상(보고 268 미보고 2 JAM 0)
2026-10-05 13:14:41,024 [HID병목]   [13:13:20] M16HUB 정상(보고 268 미보고 2 JAM 0)
2026-10-05 13:15:31,075 [HID병목]   [13:14:10] M16HUB 정상(보고 269 미보고 1 JAM 0)
2026-10-05 13:16:21,032 [HID병목]   [13:15:00] M16HUB 정상(보고 269 미보고 1 JAM 0)
2026-10-05 13:17:11,058 [HID병목]   [13:15:50] M16HUB 정상(보고 269 미보고 1 JAM 0)
2026-10-05 13:18:01,140 [HID병목]   [13:16:40] M16HUB 정상(보고 269 미보고 1 JAM 0)
2026-10-05 13:18:51,074 [HID병목]   [13:17:30] M16HUB 정상(보고 268 미보고 2 JAM 0)
2026-10-05 13:19:41,057 [HID병목]   [13:18:20] M16HUB 정상(보고 268 미보고 2 JAM 0)
2026-10-05 13:20:31,073 [HID병목]   [13:19:10] M16HUB 정상(보고 268 미보고 2 JAM 0)
2026-10-05 13:21:21,076 [HID병목]   [13:20:00] M16HUB 정상(보고 269 미보고 1 JAM 0)
2026-10-05 13:22:11,029 [HID병목]   [13:20:50] M16HUB 정상(보고 269 미보고 1 JAM 0)
2026-10-05 13:23:01,081 [HID병목]   [13:21:40] M16HUB 정상(보고 268 미보고 2 JAM 0)
2026-10-05 13:23:51,036 [HID병목]   [13:22:30] M16HUB 정상(보고 269 미보고 1 JAM 0)
2026-10-05 13:24:41,020 [HID병목]   [13:23:20] M16HUB 정상(보고 268 미보고 2 JAM 0)
2026-10-05 13:25:31,532 [HID병목]   [13:24:10] M16HUB 정상(보고 268 미보고 1 JAM 0)
2026-10-05 13:26:21,362 [HID병목]   [13:25:00] M16HUB 정상(보고 268 미보고 1 JAM 0)
2026-10-05 13:27:11,079 [HID병목]   [13:25:50] M16HUB 정상(보고 269 미보고 0 JAM 0)
2026-10-05 13:28:01,067 [HID병목]   [13:26:40] M16HUB 정상(보고 269 미보고 0 JAM 0)
2026-10-05 13:28:51,040 [HID병목]   [13:27:30] M16HUB 정상(보고 269 미보고 0 JAM 0)
2026-10-05 13:29:41,066 [HID병목]   [13:28:20] M16HUB 정상(보고 269 미보고 0 JAM 0)
2026-10-05 13:30:31,083 [HID병목]   [13:29:10] M16HUB 정상(보고 269 미보고 0 JAM 0)
2026-10-05 13:31:21,075 [HID병목]   [13:30:00] M16HUB 정상(보고 269 미보고 0 JAM 0)
2026-10-05 13:32:11,075 [HID병목]   [13:30:50] M16HUB 정상(보고 269 미보고 0 JAM 0)
2026-10-05 13:33:01,074 [HID병목]   [13:31:40] M16HUB 정상(보고 269 미보고 0 JAM 0)
2026-10-05 13:33:51,075 [HID병목]   [13:32:30] M16HUB 정상(보고 269 미보고 0 JAM 0)
2026-10-05 13:34:41,113 [HID병목]   [13:33:20] M16HUB 정상(보고 269 미보고 0 JAM 0)
2026-10-05 13:35:31,059 [HID병목]   [13:34:10] M16HUB 정상(보고 269 미보고 0 JAM 0)
2026-10-05 13:36:23,276 [HID병목]   [13:35:00] M16HUB 정상(보고 269 미보고 0 JAM 0)
2026-10-05 13:37:11,073 [HID병목]   [13:35:50] M16HUB 정상(보고 269 미보고 0 JAM 0)
2026-10-05 13:38:01,040 [HID병목]   [13:36:40] M16HUB 정상(보고 269 미보고 0 JAM 0)
2026-10-05 13:38:51,079 [HID병목]   [13:37:30] M16HUB 정상(보고 269 미보고 0 JAM 0)
2026-10-05 13:39:41,067 [HID병목]   [13:38:20] M16HUB 정상(보고 269 미보고 0 JAM 0)
2026-10-05 13:40:31,075 [HID병목]   [13:39:10] M16HUB 정상(보고 269 미보고 0 JAM 0)
2026-10-05 13:41:21,764 [HID병목]   [13:40:00] M16HUB 정상(보고 269 미보고 0 JAM 0)
2026-10-05 13:42:11,074 [HID병목]   [13:40:50] M16HUB 정상(보고 269 미보고 0 JAM 0)
2026-10-05 13:43:01,053 [HID병목]   [13:41:40] M16HUB 정상(보고 269 미보고 0 JAM 0)
2026-10-05 13:43:51,074 [HID병목]   [13:42:30] M16HUB 정상(보고 269 미보고 0 JAM 0)
2026-10-05 13:44:41,065 [HID병목]   [13:43:20] M16HUB 정상(보고 269 미보고 0 JAM 0)
2026-10-05 13:45:31,076 [HID병목]   [13:44:10] M16HUB 정상(보고 269 미보고 0 JAM 0)
2026-10-05 13:46:21,083 [HID병목]   [13:45:00] M16HUB 정상(보고 269 미보고 0 JAM 0)
2026-10-05 13:47:11,079 [HID병목]   [13:45:50] M16HUB 정상(보고 269 미보고 0 JAM 0)
2026-10-05 13:48:01,083 [HID병목]   [13:46:40] M16HUB 정상(보고 269 미보고 0 JAM 0)
2026-10-05 13:48:51,075 [HID병목]   [13:47:30] M16HUB 정상(보고 269 미보고 0 JAM 0)
2026-10-05 13:49:41,421 [HID병목]   [13:48:20] M16HUB 정상(보고 269 미보고 0 JAM 0)
2026-10-05 13:50:31,075 [HID병목]   [13:49:10] M16HUB 정상(보고 269 미보고 0 JAM 0)
2026-10-05 13:51:21,863 [HID병목]   [13:50:00] M16HUB 정상(보고 269 미보고 0 JAM 0)
2026-10-05 13:52:11,078 [HID병목]   [13:50:50] M16HUB 정상(보고 269 미보고 0 JAM 0)
2026-10-05 13:53:01,161 [HID병목]   [13:51:40] M16HUB 정상(보고 269 미보고 0 JAM 0)
2026-10-05 13:53:51,075 [HID병목]   [13:52:30] M16HUB 정상(보고 269 미보고 0 JAM 0)
2026-10-05 13:54:41,066 [HID병목]   [13:53:20] M16HUB 정상(보고 269 미보고 0 JAM 0)
2026-10-05 13:55:31,044 [HID병목]   [13:54:10] M16HUB 정상(보고 269 미보고 0 JAM 0)
2026-10-05 13:56:21,057 [HID병목]   [13:55:00] M16HUB 정상(보고 269 미보고 0 JAM 0)
2026-10-05 13:57:11,049 [HID병목]   [13:55:50] M16HUB 정상(보고 269 미보고 0 JAM 0)
2026-10-05 13:58:01,129 [HID병목]   [13:56:40] M16HUB 정상(보고 269 미보고 0 JAM 0)
2026-10-05 13:58:51,035 [HID병목]   [13:57:30] M16HUB 정상(보고 269 미보고 0 JAM 0)
2026-10-05 13:59:41,023 [HID병목]   [13:58:20] M16HUB 정상(보고 269 미보고 0 JAM 0)
2026-10-05 14:00:31,084 [HID병목]   [13:59:10] M16HUB 정상(보고 269 미보고 0 JAM 0)
2026-10-05 14:01:21,029 [HID병목]   [14:00:00] M16HUB 정상(보고 269 미보고 0 JAM 0)
2026-10-05 14:02:11,053 [HID병목]   [14:00:50] M16HUB 정상(보고 269 미보고 0 JAM 0)
2026-10-05 14:03:01,065 [HID병목]   [14:01:40] M16HUB 정상(보고 269 미보고 0 JAM 0)
2026-10-05 14:03:51,031 [HID병목]   [14:02:30] M16HUB 정상(보고 269 미보고 0 JAM 0)
2026-10-05 14:04:41,016 [HID병목]   [14:03:20] M16HUB 정상(보고 269 미보고 0 JAM 0)
2026-10-05 14:05:31,073 [HID병목]   [14:04:10] M16HUB 정상(보고 269 미보고 0 JAM 0)
2026-10-05 14:06:21,633 [HID병목]   [14:05:00] M16HUB 정상(보고 268 미보고 1 JAM 0)
2026-10-05 14:07:11,078 [HID병목]   [14:05:50] M16HUB 정상(보고 268 미보고 1 JAM 0)
2026-10-05 14:08:01,076 [HID병목]   [14:06:40] M16HUB 정상(보고 268 미보고 1 JAM 0)
2026-10-05 14:08:51,052 [HID병목]   [14:07:30] M16HUB 정상(보고 269 미보고 0 JAM 0)
2026-10-05 14:09:41,023 [HID병목]   [14:08:20] M16HUB 정상(보고 269 미보고 0 JAM 0)
2026-10-05 14:10:31,075 [HID병목]   [14:09:10] M16HUB 정상(보고 269 미보고 0 JAM 0)
2026-10-05 14:11:21,430 [HID병목]   [14:10:00] M16HUB 정상(보고 268 미보고 1 JAM 0)
2026-10-05 14:12:11,025 [HID병목]   [14:10:50] M16HUB 정상(보고 268 미보고 1 JAM 0)
2026-10-05 14:13:01,032 [HID병목]   [14:11:40] M16HUB 정상(보고 268 미보고 1 JAM 0)
2026-10-05 14:13:51,083 [HID병목]   [14:12:30] M16HUB 정상(보고 269 미보고 0 JAM 0)
2026-10-05 14:14:41,906 [HID병목]   [14:13:20] M16HUB 정상(보고 269 미보고 0 JAM 0)
2026-10-05 14:15:31,046 [HID병목]   [14:14:10] M16HUB 정상(보고 269 미보고 0 JAM 0)
2026-10-05 14:16:21,036 [HID병목]   [14:15:00] M16HUB 정상(보고 269 미보고 0 JAM 0)
2026-10-05 14:17:11,076 [HID병목]   [14:15:50] M16HUB 정상(보고 269 미보고 0 JAM 0)
2026-10-05 14:18:01,056 [HID병목]   [14:16:40] M16HUB 정상(보고 269 미보고 0 JAM 0)
2026-10-05 14:18:51,047 [HID병목]   [14:17:30] M16HUB 정상(보고 269 미보고 0 JAM 0)
2026-10-05 14:19:41,066 [HID병목]   [14:18:20] M16HUB 정상(보고 269 미보고 0 JAM 0)
2026-10-05 14:20:31,278 [HID병목]   [14:19:10] M16HUB 정상(보고 269 미보고 0 JAM 0)
2026-10-05 14:21:21,674 [HID병목]   [14:20:00] M16HUB 정상(보고 269 미보고 0 JAM 0)
2026-10-05 14:22:11,030 [HID병목]   [14:20:50] M16HUB 정상(보고 269 미보고 0 JAM 0)
2026-10-05 14:23:01,030 [HID병목]   [14:21:40] M16HUB 정상(보고 269 미보고 0 JAM 0)
2026-10-05 14:23:51,048 [HID병목]   [14:22:30] M16HUB 정상(보고 269 미보고 0 JAM 0)
2026-10-05 14:24:41,065 [HID병목]   [14:23:20] M16HUB 정상(보고 269 미보고 0 JAM 0)
2026-10-05 14:25:31,198 [HID병목]   [14:24:10] M16HUB 정상(보고 269 미보고 0 JAM 0)
2026-10-05 14:26:21,072 [HID병목]   [14:25:00] M16HUB 정상(보고 269 미보고 0 JAM 0)
2026-10-05 14:27:11,026 [HID병목]   [14:25:50] M16HUB 정상(보고 269 미보고 0 JAM 0)
2026-10-05 14:28:01,288 [HID병목]   [14:26:40] M16HUB 정상(보고 269 미보고 0 JAM 0)
2026-10-05 14:28:51,067 [HID병목]   [14:27:30] M16HUB 정상(보고 269 미보고 0 JAM 0)
2026-10-05 14:29:41,025 [HID병목]   [14:28:20] M16HUB 정상(보고 269 미보고 0 JAM 0)
2026-10-05 14:30:31,573 [HID병목]   [14:29:10] M16HUB 정상(보고 269 미보고 0 JAM 0)
2026-10-05 14:31:21,075 [HID병목]   [14:30:00] M16HUB 정상(보고 269 미보고 0 JAM 0)
2026-10-05 14:32:11,084 [HID병목]   [14:30:50] M16HUB 정상(보고 269 미보고 0 JAM 0)
2026-10-05 14:33:01,094 [HID병목]   [14:31:40] M16HUB 정상(보고 269 미보고 0 JAM 0)
2026-10-05 14:33:51,075 [HID병목]   [14:32:30] M16HUB 정상(보고 269 미보고 0 JAM 0)
2026-10-05 14:34:41,067 [HID병목]   [14:33:20] M16HUB 정상(보고 269 미보고 0 JAM 0)
2026-10-05 14:35:31,065 [HID병목]   [14:34:10] M16HUB 정상(보고 269 미보고 0 JAM 0)
2026-10-05 14:36:21,196 [HID병목]   [14:35:00] M16HUB 정상(보고 269 미보고 0 JAM 0)
2026-10-05 14:37:11,073 [HID병목]   [14:35:50] M16HUB 정상(보고 269 미보고 0 JAM 0)
2026-10-05 14:38:01,041 [HID병목]   [14:36:40] M16HUB 정상(보고 269 미보고 0 JAM 0)
2026-10-05 14:38:51,035 [HID병목]   [14:37:30] M16HUB 정상(보고 269 미보고 0 JAM 0)
2026-10-05 14:39:42,398 [HID병목]   [14:38:20] M16HUB 정상(보고 269 미보고 0 JAM 0)
2026-10-05 14:40:31,037 [HID병목]   [14:39:10] M16HUB 정상(보고 269 미보고 0 JAM 0)
2026-10-05 14:41:21,076 [HID병목]   [14:40:00] M16HUB 정상(보고 269 미보고 0 JAM 0)
2026-10-05 14:42:11,043 [HID병목]   [14:40:50] M16HUB 정상(보고 269 미보고 0 JAM 0)
2026-10-05 14:43:01,049 [HID병목]   [14:41:40] M16HUB 정상(보고 269 미보고 0 JAM 0)
2026-10-05 14:43:51,059 [HID병목]   [14:42:30] M16HUB 정상(보고 269 미보고 0 JAM 0)
2026-10-05 14:44:41,023 [HID병목]   [14:43:20] M16HUB 정상(보고 269 미보고 0 JAM 0)
2026-10-05 14:45:31,034 [HID병목]   [14:44:10] M16HUB 정상(보고 269 미보고 0 JAM 0)
2026-10-05 14:46:21,076 [HID병목]   [14:45:00] M16HUB 정상(보고 269 미보고 0 JAM 0)
2026-10-05 14:47:11,066 [HID병목]   [14:45:50] M16HUB 정상(보고 269 미보고 0 JAM 0)
2026-10-05 14:48:01,087 [HID병목]   [14:46:40] M16HUB 정상(보고 269 미보고 0 JAM 0)
2026-10-05 14:48:51,024 [HID병목]   [14:47:30] M16HUB 정상(보고 269 미보고 0 JAM 0)
2026-10-05 14:49:41,064 [HID병목]   [14:48:20] M16HUB 정상(보고 269 미보고 0 JAM 0)
2026-10-05 14:50:31,077 [HID병목]   [14:49:10] M16HUB 정상(보고 269 미보고 0 JAM 0)
2026-10-05 14:51:21,089 [HID병목]   [14:50:00] M16HUB 정상(보고 269 미보고 0 JAM 0)
2026-10-05 14:52:11,131 [HID병목]   [14:50:50] M16HUB 정상(보고 269 미보고 0 JAM 0)
2026-10-05 14:53:01,082 [HID병목]   [14:51:40] M16HUB 정상(보고 269 미보고 0 JAM 0)
2026-10-05 14:53:51,074 [HID병목]   [14:52:30] M16HUB 정상(보고 269 미보고 0 JAM 0)
2026-10-05 14:54:41,048 [HID병목]   [14:53:20] M16HUB 정상(보고 268 미보고 1 JAM 0)
2026-10-05 14:55:31,272 [HID병목]   [14:54:10] M16HUB 정상(보고 268 미보고 1 JAM 0)
2026-10-05 14:56:21,074 [HID병목]   [14:55:00] M16HUB 정상(보고 268 미보고 1 JAM 0)
2026-10-05 14:57:11,074 [HID병목]   [14:55:50] M16HUB 정상(보고 269 미보고 0 JAM 0)
2026-10-05 14:58:01,093 [HID병목]   [14:56:40] M16HUB 정상(보고 269 미보고 0 JAM 0)
2026-10-05 14:58:51,078 [HID병목]   [14:57:30] M16HUB 정상(보고 269 미보고 0 JAM 0)
2026-10-05 14:59:41,051 [HID병목]   [14:58:20] M16HUB 정상(보고 269 미보고 0 JAM 0)
2026-10-05 15:00:33,033 [HID병목]   [14:59:10] M16HUB 정상(보고 269 미보고 0 JAM 0)
2026-10-05 15:01:21,457 [HID병목]   [15:00:00] M16HUB 정상(보고 269 미보고 0 JAM 0)
2026-10-05 15:02:11,032 [HID병목]   [15:00:50] M16HUB 정상(보고 269 미보고 0 JAM 0)
2026-10-05 15:03:01,050 [HID병목]   [15:01:40] M16HUB 정상(보고 269 미보고 0 JAM 0)
2026-10-05 15:03:51,077 [HID병목]   [15:02:30] M16HUB 정상(보고 269 미보고 0 JAM 0)
2026-10-05 15:04:41,014 [HID병목]   [15:03:20] M16HUB 정상(보고 269 미보고 0 JAM 0)
2026-10-05 15:05:31,082 [HID병목]   [15:04:10] M16HUB 정상(보고 269 미보고 0 JAM 0)
2026-10-05 15:06:21,034 [HID병목]   [15:05:00] M16HUB 정상(보고 269 미보고 0 JAM 0)
2026-10-05 15:07:11,075 [HID병목]   [15:05:50] M16HUB 정상(보고 269 미보고 0 JAM 0)
2026-10-05 15:08:01,084 [HID병목]   [15:06:40] M16HUB 정상(보고 269 미보고 0 JAM 0)
2026-10-05 15:08:51,074 [HID병목]   [15:07:30] M16HUB 정상(보고 269 미보고 0 JAM 0)
2026-10-05 15:09:41,016 [HID병목]   [15:08:20] M16HUB 정상(보고 269 미보고 0 JAM 0)
2026-10-05 15:10:31,073 [HID병목]   [15:09:10] M16HUB 정상(보고 269 미보고 0 JAM 0)
2026-10-05 15:11:21,076 [HID병목]   [15:10:00] M16HUB 정상(보고 269 미보고 0 JAM 0)
2026-10-05 15:12:11,076 [HID병목]   [15:10:50] M16HUB 정상(보고 269 미보고 0 JAM 0)
2026-10-05 15:13:01,080 [HID병목]   [15:11:40] M16HUB 정상(보고 269 미보고 0 JAM 0)
2026-10-05 15:13:51,076 [HID병목]   [15:12:30] M16HUB 정상(보고 269 미보고 0 JAM 0)
2026-10-05 15:14:41,062 [HID병목]   [15:13:20] M16HUB 정상(보고 269 미보고 0 JAM 0)
2026-10-05 15:15:31,074 [HID병목]   [15:14:10] M16HUB 정상(보고 269 미보고 0 JAM 0)
2026-10-05 15:16:21,030 [HID병목]   [15:15:00] M16HUB 정상(보고 269 미보고 0 JAM 0)
2026-10-05 15:17:11,026 [HID병목]   [15:15:50] M16HUB 정상(보고 269 미보고 0 JAM 0)
2026-10-05 15:18:01,082 [HID병목]   [15:16:40] M16HUB 정상(보고 269 미보고 0 JAM 0)
2026-10-05 15:18:51,078 [HID병목]   [15:17:30] M16HUB 정상(보고 269 미보고 0 JAM 0)
2026-10-05 15:19:41,065 [HID병목]   [15:18:20] M16HUB 정상(보고 269 미보고 0 JAM 0)
2026-10-05 15:20:31,023 [HID병목]   [15:19:10] M16HUB 정상(보고 268 미보고 1 JAM 0)
2026-10-05 15:21:21,573 [HID병목]   [15:20:00] M16HUB 정상(보고 269 미보고 0 JAM 0)
2026-10-05 15:22:11,094 [HID병목]   [15:20:50] M16HUB 정상(보고 269 미보고 0 JAM 0)
2026-10-05 15:23:01,151 [HID병목]   [15:21:40] M16HUB 정상(보고 269 미보고 0 JAM 0)
2026-10-05 15:23:51,073 [HID병목]   [15:22:30] M16HUB 정상(보고 269 미보고 0 JAM 0)
2026-10-05 15:24:41,042 [HID병목]   [15:23:20] M16HUB 정상(보고 269 미보고 0 JAM 0)
2026-10-05 15:25:31,073 [HID병목]   [15:24:10] M16HUB 정상(보고 269 미보고 0 JAM 0)
2026-10-05 15:26:21,077 [HID병목]   [15:25:00] M16HUB 정상(보고 269 미보고 0 JAM 0)
2026-10-05 15:27:11,086 [HID병목]   [15:25:50] M16HUB 정상(보고 269 미보고 0 JAM 0)
2026-10-05 15:28:01,054 [HID병목]   [15:26:40] M16HUB 정상(보고 269 미보고 0 JAM 0)
2026-10-05 15:28:51,052 [HID병목]   [15:27:30] M16HUB 정상(보고 269 미보고 0 JAM 0)
2026-10-05 15:29:41,064 [HID병목]   [15:28:20] M16HUB 정상(보고 269 미보고 0 JAM 0)
2026-10-05 15:30:31,351 [HID병목]   [15:29:10] M16HUB 정상(보고 269 미보고 0 JAM 0)
2026-10-05 15:31:21,076 [HID병목]   [15:30:00] M16HUB 정상(보고 269 미보고 0 JAM 0)
2026-10-05 15:32:11,066 [HID병목]   [15:30:50] M16HUB 정상(보고 269 미보고 0 JAM 0)
2026-10-05 15:33:01,055 [HID병목]   [15:31:40] M16HUB 정상(보고 269 미보고 0 JAM 0)
2026-10-05 15:33:51,074 [HID병목]   [15:32:30] M16HUB 정상(보고 269 미보고 0 JAM 0)
2026-10-05 15:34:41,017 [HID병목]   [15:33:20] M16HUB 정상(보고 269 미보고 0 JAM 0)
2026-10-05 15:35:33,086 [HID병목]   [15:34:10] M16HUB 정상(보고 269 미보고 0 JAM 0)
2026-10-05 15:36:21,758 [HID병목]   [15:35:00] M16HUB 정상(보고 269 미보고 0 JAM 0)
2026-10-05 15:37:11,042 [HID병목]   [15:35:50] M16HUB 정상(보고 269 미보고 0 JAM 0)
2026-10-05 15:38:01,085 [HID병목]   [15:36:40] M16HUB 정상(보고 268 미보고 1 JAM 0)
2026-10-05 15:38:51,062 [HID병목]   [15:37:30] M16HUB 정상(보고 268 미보고 1 JAM 0)
2026-10-05 15:39:41,064 [HID병목]   [15:38:20] M16HUB 정상(보고 268 미보고 1 JAM 0)
2026-10-05 15:40:31,024 [HID병목]   [15:39:10] M16HUB 정상(보고 269 미보고 0 JAM 0)
2026-10-05 15:41:21,032 [HID병목]   [15:40:00] M16HUB 정상(보고 269 미보고 0 JAM 0)
2026-10-05 15:42:11,075 [HID병목]   [15:40:50] M16HUB 정상(보고 269 미보고 0 JAM 0)
2026-10-05 15:43:01,040 [HID병목]   [15:41:40] M16HUB 정상(보고 269 미보고 0 JAM 0)
2026-10-05 15:43:51,070 [HID병목]   [15:42:30] M16HUB 정상(보고 269 미보고 0 JAM 0)
2026-10-05 15:44:41,058 [HID병목]   [15:43:20] M16HUB 정상(보고 269 미보고 0 JAM 0)
2026-10-05 15:45:31,075 [HID병목]   [15:44:10] M16HUB 정상(보고 269 미보고 0 JAM 0)
2026-10-05 15:46:21,066 [HID병목]   [15:45:00] M16HUB 정상(보고 269 미보고 0 JAM 0)
2026-10-05 15:47:11,079 [HID병목]   [15:45:50] M16HUB 정상(보고 269 미보고 0 JAM 0)
2026-10-05 15:48:01,145 [HID병목]   [15:46:40] M16HUB 정상(보고 269 미보고 0 JAM 0)
2026-10-05 15:48:51,076 [HID병목]   [15:47:30] M16HUB 정상(보고 269 미보고 0 JAM 0)
2026-10-05 15:49:41,065 [HID병목]   [15:48:20] M16HUB 정상(보고 269 미보고 0 JAM 0)
2026-10-05 15:50:31,044 [HID병목]   [15:49:10] M16HUB 정상(보고 269 미보고 0 JAM 0)
2026-10-05 15:51:21,061 [HID병목]   [15:50:00] M16HUB 정상(보고 269 미보고 0 JAM 0)
2026-10-05 15:52:11,075 [HID병목]   [15:50:50] M16HUB 정상(보고 269 미보고 0 JAM 0)
2026-10-05 15:53:01,066 [HID병목]   [15:51:40] M16HUB 정상(보고 268 미보고 1 JAM 0)
2026-10-05 15:53:51,026 [HID병목]   [15:52:30] M16HUB 정상(보고 268 미보고 1 JAM 0)
2026-10-05 15:54:41,035 [HID병목]   [15:53:20] M16HUB 정상(보고 268 미보고 1 JAM 0)
2026-10-05 15:55:31,026 [HID병목]   [15:54:10] M16HUB 정상(보고 269 미보고 0 JAM 0)
2026-10-05 15:56:21,074 [HID병목]   [15:55:00] M16HUB 정상(보고 269 미보고 0 JAM 0)
2026-10-05 15:57:11,063 [HID병목]   [15:55:50] M16HUB 정상(보고 269 미보고 0 JAM 0)
2026-10-05 15:58:01,527 [HID병목]   [15:56:40] M16HUB 정상(보고 269 미보고 0 JAM 0)
2026-10-05 15:58:51,068 [HID병목]   [15:57:30] M16HUB 정상(보고 269 미보고 0 JAM 0)
2026-10-05 15:59:41,066 [HID병목]   [15:58:20] M16HUB 정상(보고 269 미보고 0 JAM 0)
2026-10-05 16:00:31,131 [HID병목]   [15:59:10] M16HUB 정상(보고 268 미보고 1 JAM 0)
2026-10-05 16:01:21,656 [HID병목]   [16:00:00] M16HUB 정상(보고 268 미보고 1 JAM 0)
2026-10-05 16:02:11,076 [HID병목]   [16:00:50] M16HUB 정상(보고 268 미보고 1 JAM 0)
2026-10-05 16:03:01,053 [HID병목]   [16:01:40] M16HUB 정상(보고 269 미보고 0 JAM 0)
2026-10-05 16:03:51,060 [HID병목]   [16:02:30] M16HUB 정상(보고 269 미보고 0 JAM 0)
2026-10-05 16:04:42,051 [HID병목]   [16:03:20] M16HUB 정상(보고 269 미보고 0 JAM 0)
2026-10-05 16:05:31,073 [HID병목]   [16:04:10] M16HUB 정상(보고 269 미보고 0 JAM 0)
2026-10-05 16:06:21,373 [HID병목]   [16:05:00] M16HUB 정상(보고 269 미보고 0 JAM 0)
2026-10-05 16:07:11,076 [HID병목]   [16:05:50] M16HUB 정상(보고 269 미보고 0 JAM 0)
2026-10-05 16:08:01,125 [HID병목]   [16:06:40] M16HUB 정상(보고 269 미보고 0 JAM 0)
2026-10-05 16:08:51,033 [HID병목]   [16:07:30] M16HUB 정상(보고 269 미보고 0 JAM 0)
2026-10-05 16:09:44,740 [HID병목]   [16:08:20] M16HUB 정상(보고 268 미보고 1 JAM 0)
2026-10-05 16:10:31,071 [HID병목]   [16:09:10] M16HUB 정상(보고 268 미보고 1 JAM 0)
2026-10-05 16:11:21,541 [HID병목]   [16:10:00] M16HUB 정상(보고 268 미보고 1 JAM 0)
2026-10-05 16:12:11,052 [HID병목]   [16:10:50] M16HUB 정상(보고 269 미보고 0 JAM 0)
2026-10-05 16:13:01,126 [HID병목]   [16:11:40] M16HUB 정상(보고 269 미보고 0 JAM 0)
2026-10-05 16:13:51,076 [HID병목]   [16:12:30] M16HUB 정상(보고 269 미보고 0 JAM 0)
2026-10-05 16:14:41,029 [HID병목]   [16:13:20] M16HUB 정상(보고 269 미보고 0 JAM 0)
2026-10-05 16:15:31,074 [HID병목]   [16:14:10] M16HUB 정상(보고 269 미보고 0 JAM 0)
2026-10-05 16:16:21,054 [HID병목]   [16:15:00] M16HUB 정상(보고 269 미보고 0 JAM 0)
2026-10-05 16:17:11,063 [HID병목]   [16:15:50] M16HUB 정상(보고 269 미보고 0 JAM 0)
2026-10-05 16:18:01,139 [HID병목]   [16:16:40] M16HUB 정상(보고 269 미보고 0 JAM 0)
2026-10-05 16:18:51,028 [HID병목]   [16:17:30] M16HUB 정상(보고 269 미보고 0 JAM 0)
2026-10-05 16:19:41,030 [HID병목]   [16:18:20] M16HUB 정상(보고 269 미보고 0 JAM 0)
2026-10-05 16:20:31,071 [HID병목]   [16:19:10] M16HUB 정상(보고 268 미보고 1 JAM 0)
2026-10-05 16:21:21,025 [HID병목]   [16:20:00] M16HUB 정상(보고 268 미보고 1 JAM 0)
2026-10-05 16:22:11,074 [HID병목]   [16:20:50] M16HUB 정상(보고 268 미보고 1 JAM 0)
2026-10-05 16:23:01,045 [HID병목]   [16:21:40] M16HUB 정상(보고 269 미보고 0 JAM 0)
2026-10-05 16:23:51,077 [HID병목]   [16:22:30] M16HUB 정상(보고 269 미보고 0 JAM 0)
2026-10-05 16:24:41,028 [HID병목]   [16:23:20] M16HUB 정상(보고 270 미보고 0 JAM 0)
2026-10-05 16:25:31,053 [HID병목]   [16:24:10] M16HUB 정상(보고 270 미보고 0 JAM 0)
2026-10-05 16:26:21,075 [HID병목]   [16:25:00] M16HUB 정상(보고 269 미보고 1 JAM 0)
2026-10-05 16:27:11,036 [HID병목]   [16:25:50] M16HUB 정상(보고 270 미보고 0 JAM 0)
2026-10-05 16:28:01,079 [HID병목]   [16:26:40] M16HUB 정상(보고 269 미보고 1 JAM 0)
2026-10-05 16:28:51,028 [HID병목]   [16:27:30] M16HUB 정상(보고 268 미보고 2 JAM 0)
2026-10-05 16:29:41,074 [HID병목]   [16:28:20] M16HUB 정상(보고 269 미보고 1 JAM 0)
2026-10-05 16:30:31,067 [HID병목]   [16:29:10] M16HUB 정상(보고 268 미보고 2 JAM 0)
2026-10-05 16:31:21,077 [HID병목]   [16:30:00] M16HUB 정상(보고 270 미보고 0 JAM 0)
2026-10-05 16:32:11,129 [HID병목]   [16:30:50] M16HUB 정상(보고 270 미보고 0 JAM 0)
2026-10-05 16:33:01,116 [HID병목]   [16:31:40] M16HUB 정상(보고 269 미보고 1 JAM 0)
2026-10-05 16:33:51,075 [HID병목]   [16:32:30] M16HUB 정상(보고 270 미보고 0 JAM 0)
2026-10-05 16:34:41,841 [HID병목]   [16:33:20] M16HUB 정상(보고 269 미보고 1 JAM 0)
2026-10-05 16:35:31,054 [HID병목]   [16:34:10] M16HUB 정상(보고 269 미보고 1 JAM 0)
2026-10-05 16:36:21,394 [HID병목]   [16:35:00] M16HUB 정상(보고 269 미보고 1 JAM 0)
2026-10-05 16:37:11,034 [HID병목]   [16:35:50] M16HUB 정상(보고 269 미보고 1 JAM 0)
2026-10-05 16:38:01,084 [HID병목]   [16:36:40] M16HUB 정상(보고 269 미보고 1 JAM 0)
2026-10-05 16:38:51,034 [HID병목]   [16:37:30] M16HUB 정상(보고 269 미보고 1 JAM 0)
2026-10-05 16:39:43,770 [HID병목]   [16:38:20] M16HUB 정상(보고 269 미보고 1 JAM 0)
2026-10-05 16:40:31,071 [HID병목]   [16:39:10] M16HUB 정상(보고 270 미보고 0 JAM 0)
2026-10-05 16:41:21,075 [HID병목]   [16:40:00] M16HUB 정상(보고 270 미보고 0 JAM 0)
2026-10-05 16:42:11,032 [HID병목]   [16:40:50] M16HUB 정상(보고 270 미보고 0 JAM 0)
2026-10-05 16:43:01,083 [HID병목]   [16:41:40] M16HUB 정상(보고 270 미보고 0 JAM 0)
2026-10-05 16:43:51,050 [HID병목]   [16:42:30] M16HUB 정상(보고 270 미보고 0 JAM 0)
2026-10-05 16:44:41,054 [HID병목]   [16:43:20] M16HUB 정상(보고 270 미보고 0 JAM 0)
2026-10-05 16:45:31,028 [HID병목]   [16:44:10] M16HUB 정상(보고 270 미보고 0 JAM 0)
2026-10-05 16:46:21,039 [HID병목]   [16:45:00] M16HUB 정상(보고 269 미보고 1 JAM 0)
2026-10-05 16:47:11,078 [HID병목]   [16:45:50] M16HUB 정상(보고 269 미보고 1 JAM 0)
2026-10-05 16:48:01,058 [HID병목]   [16:46:40] M16HUB 정상(보고 269 미보고 1 JAM 0)
2026-10-05 16:48:51,034 [HID병목]   [16:47:30] M16HUB 정상(보고 270 미보고 0 JAM 0)
2026-10-05 16:49:41,031 [HID병목]   [16:48:20] M16HUB 정상(보고 270 미보고 0 JAM 0)
2026-10-05 16:50:32,214 [HID병목]   [16:49:10] M16HUB 정상(보고 270 미보고 0 JAM 0)
2026-10-05 16:51:21,024 [HID병목]   [16:50:00] M16HUB 정상(보고 270 미보고 0 JAM 0)
2026-10-05 16:52:11,065 [HID병목]   [16:50:50] M16HUB 정상(보고 270 미보고 0 JAM 0)
2026-10-05 16:53:01,075 [HID병목]   [16:51:40] M16HUB 정상(보고 270 미보고 0 JAM 0)
2026-10-05 16:53:51,033 [HID병목]   [16:52:30] M16HUB 정상(보고 270 미보고 0 JAM 0)
2026-10-05 16:54:41,065 [HID병목]   [16:53:20] M16HUB 정상(보고 270 미보고 0 JAM 0)
2026-10-05 16:55:31,059 [HID병목]   [16:54:10] M16HUB 정상(보고 270 미보고 0 JAM 0)
2026-10-05 16:56:21,121 [HID병목]   [16:55:00] M16HUB 정상(보고 270 미보고 0 JAM 0)
2026-10-05 16:57:11,075 [HID병목]   [16:55:50] M16HUB 정상(보고 270 미보고 0 JAM 0)
2026-10-05 16:58:01,083 [HID병목]   [16:56:40] M16HUB 정상(보고 270 미보고 0 JAM 0)
2026-10-05 16:58:51,073 [HID병목]   [16:57:30] M16HUB 정상(보고 270 미보고 0 JAM 0)
2026-10-05 16:59:43,461 [HID병목]   [16:58:20] M16HUB 정상(보고 270 미보고 0 JAM 0)
2026-10-05 17:00:31,039 [HID병목]   [16:59:10] M16HUB 정상(보고 270 미보고 0 JAM 0)
2026-10-05 17:01:21,076 [HID병목]   [17:00:00] M16HUB 정상(보고 270 미보고 0 JAM 0)
2026-10-05 17:02:11,052 [HID병목]   [17:00:50] M16HUB 정상(보고 270 미보고 0 JAM 0)
2026-10-05 17:03:01,082 [HID병목]   [17:01:40] M16HUB 정상(보고 270 미보고 0 JAM 0)
2026-10-05 17:03:51,079 [HID병목]   [17:02:30] M16HUB 정상(보고 270 미보고 0 JAM 0)
2026-10-05 17:04:41,066 [HID병목]   [17:03:20] M16HUB 정상(보고 270 미보고 0 JAM 0)
2026-10-05 17:05:31,055 [HID병목]   [17:04:10] M16HUB 정상(보고 270 미보고 0 JAM 0)
2026-10-05 17:06:21,199 [HID병목]   [17:05:00] M16HUB 정상(보고 270 미보고 0 JAM 0)
2026-10-05 17:07:11,074 [HID병목]   [17:05:50] M16HUB 정상(보고 270 미보고 0 JAM 0)
2026-10-05 17:08:01,087 [HID병목]   [17:06:40] M16HUB 정상(보고 270 미보고 0 JAM 0)
2026-10-05 17:08:51,033 [HID병목]   [17:07:30] M16HUB 정상(보고 270 미보고 0 JAM 0)
2026-10-05 17:09:41,067 [HID병목]   [17:08:20] M16HUB 정상(보고 270 미보고 0 JAM 0)
2026-10-05 17:10:31,065 [HID병목]   [17:09:10] M16HUB 정상(보고 270 미보고 0 JAM 0)
2026-10-05 17:11:21,034 [HID병목]   [17:10:00] M16HUB 정상(보고 270 미보고 0 JAM 0)
2026-10-05 17:12:11,059 [HID병목]   [17:10:50] M16HUB 정상(보고 270 미보고 0 JAM 0)
2026-10-05 17:13:01,127 [HID병목]   [17:11:40] M16HUB 정상(보고 270 미보고 0 JAM 0)
2026-10-05 17:13:51,061 [HID병목]   [17:12:30] M16HUB 정상(보고 270 미보고 0 JAM 0)
2026-10-05 17:14:41,035 [HID병목]   [17:13:20] M16HUB 정상(보고 270 미보고 0 JAM 0)
2026-10-05 17:15:31,060 [HID병목]   [17:14:10] M16HUB 정상(보고 270 미보고 0 JAM 0)
2026-10-05 17:16:21,051 [HID병목]   [17:15:00] M16HUB 정상(보고 269 미보고 1 JAM 0)
2026-10-05 17:17:11,076 [HID병목]   [17:15:50] M16HUB 정상(보고 269 미보고 1 JAM 0)
2026-10-05 17:18:01,112 [HID병목]   [17:16:40] M16HUB 정상(보고 269 미보고 1 JAM 0)
2026-10-05 17:18:51,062 [HID병목]   [17:17:30] M16HUB 정상(보고 270 미보고 0 JAM 0)
2026-10-05 17:19:41,044 [HID병목]   [17:18:20] M16HUB 정상(보고 270 미보고 0 JAM 0)
2026-10-05 17:20:31,023 [HID병목]   [17:19:10] M16HUB 정상(보고 270 미보고 0 JAM 0)
2026-10-05 17:21:21,062 [HID병목]   [17:20:00] M16HUB 정상(보고 270 미보고 0 JAM 0)
2026-10-05 17:22:11,078 [HID병목]   [17:20:50] M16HUB 정상(보고 270 미보고 0 JAM 0)
2026-10-05 17:23:01,086 [HID병목]   [17:21:40] M16HUB 정상(보고 270 미보고 0 JAM 0)
2026-10-05 17:23:51,077 [HID병목]   [17:22:30] M16HUB 정상(보고 270 미보고 0 JAM 0)
2026-10-05 17:24:41,034 [HID병목]   [17:23:20] M16HUB 정상(보고 269 미보고 1 JAM 0)
2026-10-05 17:25:31,237 [HID병목]   [17:24:10] M16HUB 정상(보고 269 미보고 1 JAM 0)
2026-10-05 17:26:21,074 [HID병목]   [17:25:00] M16HUB 정상(보고 269 미보고 1 JAM 0)
2026-10-05 17:27:11,078 [HID병목]   [17:25:50] M16HUB 정상(보고 270 미보고 0 JAM 0)
2026-10-05 17:28:01,088 [HID병목]   [17:26:40] M16HUB 정상(보고 270 미보고 0 JAM 0)
2026-10-05 17:28:51,079 [HID병목]   [17:27:30] M16HUB 정상(보고 270 미보고 0 JAM 0)
2026-10-05 17:29:41,066 [HID병목]   [17:28:20] M16HUB 정상(보고 270 미보고 0 JAM 0)
2026-10-05 17:30:31,024 [HID병목]   [17:29:10] M16HUB 정상(보고 270 미보고 0 JAM 0)
2026-10-05 17:31:21,691 [HID병목]   [17:30:00] M16HUB 정상(보고 270 미보고 0 JAM 0)
2026-10-05 17:32:11,075 [HID병목]   [17:30:50] M16HUB 정상(보고 270 미보고 0 JAM 0)
2026-10-05 17:33:01,092 [HID병목]   [17:31:40] M16HUB 정상(보고 270 미보고 0 JAM 0)
2026-10-05 17:33:51,025 [HID병목]   [17:32:30] M16HUB 정상(보고 270 미보고 0 JAM 0)
2026-10-05 17:34:44,246 [HID병목]   [17:33:20] M16HUB 정상(보고 270 미보고 0 JAM 0)
2026-10-05 17:35:31,035 [HID병목]   [17:34:10] M16HUB 정상(보고 270 미보고 0 JAM 0)
2026-10-05 17:36:21,110 [HID병목]   [17:35:00] M16HUB 정상(보고 270 미보고 0 JAM 0)
2026-10-05 17:37:11,095 [HID병목]   [17:35:50] M16HUB 정상(보고 270 미보고 0 JAM 0)
2026-10-05 17:38:01,031 [HID병목]   [17:36:40] M16HUB 정상(보고 270 미보고 0 JAM 0)
2026-10-05 17:38:51,055 [HID병목]   [17:37:30] M16HUB 정상(보고 270 미보고 0 JAM 0)
2026-10-05 17:39:41,066 [HID병목]   [17:38:20] M16HUB 정상(보고 270 미보고 0 JAM 0)
2026-10-05 17:40:32,875 [HID병목]   [17:39:10] M16HUB 정상(보고 270 미보고 0 JAM 0)
2026-10-05 17:41:21,075 [HID병목]   [17:40:00] M16HUB 정상(보고 270 미보고 0 JAM 0)
2026-10-05 17:42:11,034 [HID병목]   [17:40:50] M16HUB 정상(보고 270 미보고 0 JAM 0)
2026-10-05 17:43:01,085 [HID병목]   [17:41:40] M16HUB 정상(보고 269 미보고 1 JAM 0)
2026-10-05 17:43:51,066 [HID병목]   [17:42:30] M16HUB 정상(보고 269 미보고 1 JAM 0)
2026-10-05 17:44:41,029 [HID병목]   [17:43:20] M16HUB 정상(보고 269 미보고 1 JAM 0)
2026-10-05 17:45:31,025 [HID병목]   [17:44:10] M16HUB 정상(보고 270 미보고 0 JAM 0)
2026-10-05 17:46:21,076 [HID병목]   [17:45:00] M16HUB 정상(보고 270 미보고 0 JAM 0)
2026-10-05 17:47:11,055 [HID병목]   [17:45:50] M16HUB 정상(보고 270 미보고 0 JAM 0)
2026-10-05 17:48:01,159 [HID병목]   [17:46:40] M16HUB 정상(보고 270 미보고 0 JAM 0)
2026-10-05 17:48:51,076 [HID병목]   [17:47:30] M16HUB 정상(보고 270 미보고 0 JAM 0)
2026-10-05 17:49:41,066 [HID병목]   [17:48:20] M16HUB 정상(보고 270 미보고 0 JAM 0)
2026-10-05 17:50:31,031 [HID병목]   [17:49:10] M16HUB 정상(보고 270 미보고 0 JAM 0)
2026-10-05 17:51:21,074 [HID병목]   [17:50:00] M16HUB 정상(보고 270 미보고 0 JAM 0)
2026-10-05 17:52:11,078 [HID병목]   [17:50:50] M16HUB 정상(보고 270 미보고 0 JAM 0)
2026-10-05 17:53:01,104 [HID병목]   [17:51:40] M16HUB 정상(보고 270 미보고 0 JAM 0)
2026-10-05 17:53:51,074 [HID병목]   [17:52:30] M16HUB 정상(보고 270 미보고 0 JAM 0)
2026-10-05 17:54:41,067 [HID병목]   [17:53:20] M16HUB 정상(보고 270 미보고 0 JAM 0)
2026-10-05 17:55:31,078 [HID병목]   [17:54:10] M16HUB 정상(보고 270 미보고 0 JAM 0)
2026-10-05 17:56:21,067 [HID병목]   [17:55:00] M16HUB 정상(보고 270 미보고 0 JAM 0)
2026-10-05 17:57:11,024 [HID병목]   [17:55:50] M16HUB 정상(보고 270 미보고 0 JAM 0)
2026-10-05 17:58:01,115 [HID병목]   [17:56:40] M16HUB 정상(보고 270 미보고 0 JAM 0)
2026-10-05 17:58:51,076 [HID병목]   [17:57:30] M16HUB 정상(보고 270 미보고 0 JAM 0)
2026-10-05 17:59:43,894 [HID병목]   [17:58:20] M16HUB 정상(보고 270 미보고 0 JAM 0)
2026-10-05 18:00:31,049 [HID병목]   [17:59:10] M16HUB 정상(보고 270 미보고 0 JAM 0)
2026-10-05 18:01:22,429 [HID병목]   [18:00:00] M16HUB 정상(보고 270 미보고 0 JAM 0)
2026-10-05 18:02:11,034 [HID병목]   [18:00:50] M16HUB 정상(보고 270 미보고 0 JAM 0)
2026-10-05 18:03:01,112 [HID병목]   [18:01:40] M16HUB 정상(보고 270 미보고 0 JAM 0)
2026-10-05 18:03:51,074 [HID병목]   [18:02:30] M16HUB 정상(보고 270 미보고 0 JAM 0)
2026-10-05 18:04:41,903 [HID병목]   [18:03:20] M16HUB 정상(보고 270 미보고 0 JAM 0)
2026-10-05 18:05:31,374 [HID병목]   [18:04:10] M16HUB 정상(보고 270 미보고 0 JAM 0)
2026-10-05 18:06:21,857 [HID병목]   [18:05:00] M16HUB 정상(보고 270 미보고 0 JAM 0)
2026-10-05 18:07:11,083 [HID병목]   [18:05:50] M16HUB 정상(보고 270 미보고 0 JAM 0)
2026-10-05 18:08:01,051 [HID병목]   [18:06:40] M16HUB 정상(보고 270 미보고 0 JAM 0)
2026-10-05 18:08:55,274 [HID병목]   [18:07:30] M16HUB 정상(보고 270 미보고 0 JAM 0)
2026-10-05 18:09:41,056 [HID병목]   [18:08:20] M16HUB 정상(보고 270 미보고 0 JAM 0)
2026-10-05 18:10:31,175 [HID병목]   [18:09:10] M16HUB 정상(보고 270 미보고 0 JAM 0)
2026-10-05 18:11:21,077 [HID병목]   [18:10:00] M16HUB 정상(보고 270 미보고 0 JAM 0)
2026-10-05 18:12:11,076 [HID병목]   [18:10:50] M16HUB 정상(보고 270 미보고 0 JAM 0)
2026-10-05 18:13:01,098 [HID병목]   [18:11:40] M16HUB 정상(보고 270 미보고 0 JAM 0)
2026-10-05 18:13:51,442 [HID병목]   [18:12:30] M16HUB 정상(보고 270 미보고 0 JAM 0)
2026-10-05 18:14:41,035 [HID병목]   [18:13:20] M16HUB 정상(보고 270 미보고 0 JAM 0)
2026-10-05 18:15:32,417 [HID병목]   [18:14:10] M16HUB 정상(보고 270 미보고 0 JAM 0)
2026-10-05 18:16:21,054 [HID병목]   [18:15:00] M16HUB 정상(보고 270 미보고 0 JAM 0)
2026-10-05 18:17:11,075 [HID병목]   [18:15:50] M16HUB 정상(보고 270 미보고 0 JAM 0)
2026-10-05 18:18:01,082 [HID병목]   [18:16:40] M16HUB 정상(보고 270 미보고 0 JAM 0)
2026-10-05 18:18:51,075 [HID병목]   [18:17:30] M16HUB 정상(보고 270 미보고 0 JAM 0)
2026-10-05 18:19:41,066 [HID병목]   [18:18:20] M16HUB 정상(보고 270 미보고 0 JAM 0)
2026-10-05 18:20:31,075 [HID병목]   [18:19:10] M16HUB 정상(보고 270 미보고 0 JAM 0)
2026-10-05 18:21:21,506 [HID병목]   [18:20:00] M16HUB 정상(보고 270 미보고 0 JAM 0)
2026-10-05 18:22:11,065 [HID병목]   [18:20:50] M16HUB 정상(보고 270 미보고 0 JAM 0)
2026-10-05 18:23:01,042 [HID병목]   [18:21:40] M16HUB 정상(보고 270 미보고 0 JAM 0)
2026-10-05 18:23:51,075 [HID병목]   [18:22:30] M16HUB 정상(보고 270 미보고 0 JAM 0)
2026-10-05 18:24:43,425 [HID병목]   [18:23:20] M16HUB 정상(보고 270 미보고 0 JAM 0)
2026-10-05 18:25:31,029 [HID병목]   [18:24:10] M16HUB 정상(보고 270 미보고 0 JAM 0)
2026-10-05 18:26:21,074 [HID병목]   [18:25:00] M16HUB 정상(보고 270 미보고 0 JAM 0)
2026-10-05 18:27:11,056 [HID병목]   [18:25:50] M16HUB 정상(보고 270 미보고 0 JAM 0)
2026-10-05 18:28:01,078 [HID병목]   [18:26:40] M16HUB 정상(보고 270 미보고 0 JAM 0)
2026-10-05 18:28:51,073 [HID병목]   [18:27:30] M16HUB 정상(보고 270 미보고 0 JAM 0)
2026-10-05 18:29:42,303 [HID병목]   [18:28:20] M16HUB 정상(보고 270 미보고 0 JAM 0)
2026-10-05 18:30:31,032 [HID병목]   [18:29:10] M16HUB 정상(보고 270 미보고 0 JAM 0)
2026-10-05 18:31:21,706 [HID병목]   [18:30:00] M16HUB 정상(보고 270 미보고 0 JAM 0)
2026-10-05 18:32:11,026 [HID병목]   [18:30:50] M16HUB 정상(보고 270 미보고 0 JAM 0)
2026-10-05 18:33:01,081 [HID병목]   [18:31:40] M16HUB 정상(보고 270 미보고 0 JAM 0)
2026-10-05 18:33:51,078 [HID병목]   [18:32:30] M16HUB 정상(보고 270 미보고 0 JAM 0)
2026-10-05 18:34:41,017 [HID병목]   [18:33:20] M16HUB 정상(보고 270 미보고 0 JAM 0)
2026-10-05 18:35:31,031 [HID병목]   [18:34:10] M16HUB 정상(보고 270 미보고 0 JAM 0)
2026-10-05 18:36:21,074 [HID병목]   [18:35:00] M16HUB 정상(보고 270 미보고 0 JAM 0)
2026-10-05 18:37:11,065 [HID병목]   [18:35:50] M16HUB 정상(보고 270 미보고 0 JAM 0)
2026-10-05 18:38:01,082 [HID병목]   [18:36:40] M16HUB 정상(보고 270 미보고 0 JAM 0)
2026-10-05 18:38:51,031 [HID병목]   [18:37:30] M16HUB 정상(보고 270 미보고 0 JAM 0)
2026-10-05 18:39:41,052 [HID병목]   [18:38:20] M16HUB 정상(보고 270 미보고 0 JAM 0)
2026-10-05 18:40:31,073 [HID병목]   [18:39:10] M16HUB 정상(보고 270 미보고 0 JAM 0)
2026-10-05 18:41:21,023 [HID병목]   [18:40:00] M16HUB 정상(보고 270 미보고 0 JAM 0)
2026-10-05 18:42:11,073 [HID병목]   [18:40:50] M16HUB 정상(보고 270 미보고 0 JAM 0)
2026-10-05 18:43:01,116 [HID병목]   [18:41:40] M16HUB 정상(보고 270 미보고 0 JAM 0)
2026-10-05 18:43:51,098 [HID병목]   [18:42:30] M16HUB 정상(보고 270 미보고 0 JAM 0)
2026-10-05 18:44:41,403 [HID병목]   [18:43:20] M16HUB 정상(보고 270 미보고 0 JAM 0)
2026-10-05 18:45:31,085 [HID병목]   [18:44:10] M16HUB 정상(보고 269 미보고 1 JAM 0)
2026-10-05 18:46:21,080 [HID병목]   [18:45:00] M16HUB 정상(보고 269 미보고 1 JAM 0)
2026-10-05 18:47:11,073 [HID병목]   [18:45:50] M16HUB 정상(보고 269 미보고 1 JAM 0)
2026-10-05 18:48:01,059 [HID병목]   [18:46:40] M16HUB 정상(보고 270 미보고 0 JAM 0)
2026-10-05 18:48:51,068 [HID병목]   [18:47:30] M16HUB 정상(보고 270 미보고 0 JAM 0)
2026-10-05 18:49:41,020 [HID병목]   [18:48:20] M16HUB 정상(보고 270 미보고 0 JAM 0)
2026-10-05 18:50:31,411 [HID병목]   [18:49:10] M16HUB 정상(보고 270 미보고 0 JAM 0)
2026-10-05 18:51:21,075 [HID병목]   [18:50:00] M16HUB 정상(보고 270 미보고 0 JAM 0)
2026-10-05 18:52:11,069 [HID병목]   [18:50:50] M16HUB 정상(보고 270 미보고 0 JAM 0)
2026-10-05 18:53:01,115 [HID병목]   [18:51:40] M16HUB 정상(보고 270 미보고 0 JAM 0)
2026-10-05 18:53:51,074 [HID병목]   [18:52:30] M16HUB 정상(보고 270 미보고 0 JAM 0)
2026-10-05 18:54:41,020 [HID병목]   [18:53:20] M16HUB 정상(보고 270 미보고 0 JAM 0)
2026-10-05 18:55:31,029 [HID병목]   [18:54:10] M16HUB 정상(보고 270 미보고 0 JAM 0)
2026-10-05 18:56:21,051 [HID병목]   [18:55:00] M16HUB 정상(보고 270 미보고 0 JAM 0)
2026-10-05 18:57:11,061 [HID병목]   [18:55:50] M16HUB 정상(보고 270 미보고 0 JAM 0)
2026-10-05 18:58:01,050 [HID병목]   [18:56:40] M16HUB 정상(보고 270 미보고 0 JAM 0)
2026-10-05 18:58:51,065 [HID병목]   [18:57:30] M16HUB 정상(보고 270 미보고 0 JAM 0)
2026-10-05 18:59:41,056 [HID병목]   [18:58:20] M16HUB 정상(보고 270 미보고 0 JAM 0)
2026-10-05 19:00:31,087 [HID병목]   [18:59:10] M16HUB 정상(보고 270 미보고 0 JAM 0)
2026-10-05 19:01:21,121 [HID병목]   [19:00:00] M16HUB 정상(보고 270 미보고 0 JAM 0)
2026-10-05 19:02:11,034 [HID병목]   [19:00:50] M16HUB 정상(보고 270 미보고 0 JAM 0)
2026-10-05 19:03:01,044 [HID병목]   [19:01:40] M16HUB 정상(보고 270 미보고 0 JAM 0)
2026-10-05 19:03:51,027 [HID병목]   [19:02:30] M16HUB 정상(보고 270 미보고 0 JAM 0)
2026-10-05 19:04:41,052 [HID병목]   [19:03:20] M16HUB 정상(보고 270 미보고 0 JAM 0)
2026-10-05 19:05:31,068 [HID병목]   [19:04:10] M16HUB 정상(보고 270 미보고 0 JAM 0)
2026-10-05 19:06:21,095 [HID병목]   [19:05:00] M16HUB 정상(보고 270 미보고 0 JAM 0)
2026-10-05 19:07:11,075 [HID병목]   [19:05:50] M16HUB 정상(보고 270 미보고 0 JAM 0)
2026-10-05 19:08:01,092 [HID병목]   [19:06:40] M16HUB 정상(보고 270 미보고 0 JAM 0)
2026-10-05 19:08:51,076 [HID병목]   [19:07:30] M16HUB 정상(보고 270 미보고 0 JAM 0)
2026-10-05 19:09:41,075 [HID병목]   [19:08:20] M16HUB 정상(보고 270 미보고 0 JAM 0)
2026-10-05 19:10:31,074 [HID병목]   [19:09:10] M16HUB 정상(보고 269 미보고 1 JAM 0)
2026-10-05 19:11:21,699 [HID병목]   [19:10:00] M16HUB 정상(보고 269 미보고 1 JAM 0)
2026-10-05 19:12:11,075 [HID병목]   [19:10:50] M16HUB 정상(보고 269 미보고 1 JAM 0)
2026-10-05 19:13:01,087 [HID병목]   [19:11:40] M16HUB 정상(보고 270 미보고 0 JAM 0)
2026-10-05 19:13:51,049 [HID병목]   [19:12:30] M16HUB 정상(보고 270 미보고 0 JAM 0)
2026-10-05 19:14:41,051 [HID병목]   [19:13:20] M16HUB 정상(보고 270 미보고 0 JAM 0)
2026-10-05 19:15:31,076 [HID병목]   [19:14:10] M16HUB 정상(보고 270 미보고 0 JAM 0)
2026-10-05 19:16:21,077 [HID병목]   [19:15:00] M16HUB 정상(보고 270 미보고 0 JAM 0)
2026-10-05 19:17:11,073 [HID병목]   [19:15:50] M16HUB 정상(보고 270 미보고 0 JAM 0)
2026-10-05 19:18:01,040 [HID병목]   [19:16:40] M16HUB 정상(보고 270 미보고 0 JAM 0)
2026-10-05 19:18:51,079 [HID병목]   [19:17:30] M16HUB 정상(보고 270 미보고 0 JAM 0)
2026-10-05 19:19:41,033 [HID병목]   [19:18:20] M16HUB 정상(보고 270 미보고 0 JAM 0)
2026-10-05 19:20:31,064 [HID병목]   [19:19:10] M16HUB 정상(보고 269 미보고 1 JAM 0)
2026-10-05 19:21:21,048 [HID병목]   [19:20:00] M16HUB 정상(보고 269 미보고 1 JAM 0)
2026-10-05 19:22:11,076 [HID병목]   [19:20:50] M16HUB 정상(보고 269 미보고 1 JAM 0)
2026-10-05 19:23:01,082 [HID병목]   [19:21:40] M16HUB 정상(보고 270 미보고 0 JAM 0)
2026-10-05 19:23:51,048 [HID병목]   [19:22:30] M16HUB 정상(보고 270 미보고 0 JAM 0)
2026-10-05 19:24:41,049 [HID병목]   [19:23:20] M16HUB 정상(보고 270 미보고 0 JAM 0)
2026-10-05 19:25:32,607 [HID병목]   [19:24:10] M16HUB 정상(보고 270 미보고 0 JAM 0)
2026-10-05 19:26:21,066 [HID병목]   [19:25:00] M16HUB 정상(보고 270 미보고 0 JAM 0)
2026-10-05 19:27:11,072 [HID병목]   [19:25:50] M16HUB 정상(보고 270 미보고 0 JAM 0)
2026-10-05 19:28:01,095 [HID병목]   [19:26:40] M16HUB 정상(보고 270 미보고 0 JAM 0)
2026-10-05 19:28:51,075 [HID병목]   [19:27:30] M16HUB 정상(보고 269 미보고 1 JAM 0)
2026-10-05 19:29:41,034 [HID병목]   [19:28:20] M16HUB 정상(보고 269 미보고 1 JAM 0)
2026-10-05 19:30:31,025 [HID병목]   [19:29:10] M16HUB 정상(보고 269 미보고 1 JAM 0)
2026-10-05 19:31:21,076 [HID병목]   [19:30:00] M16HUB 정상(보고 269 미보고 1 JAM 0)
2026-10-05 19:32:11,075 [HID병목]   [19:30:50] M16HUB 정상(보고 269 미보고 1 JAM 0)
2026-10-05 19:33:01,157 [HID병목]   [19:31:40] M16HUB 정상(보고 270 미보고 0 JAM 0)
2026-10-05 19:33:51,074 [HID병목]   [19:32:30] M16HUB 정상(보고 270 미보고 0 JAM 0)
2026-10-05 19:34:41,066 [HID병목]   [19:33:20] M16HUB 정상(보고 269 미보고 1 JAM 0)
2026-10-05 19:35:31,032 [HID병목]   [19:34:10] M16HUB 정상(보고 269 미보고 1 JAM 0)
2026-10-05 19:36:21,104 [HID병목]   [19:35:00] M16HUB 정상(보고 269 미보고 1 JAM 0)
2026-10-05 19:37:11,101 [HID병목]   [19:35:50] M16HUB 정상(보고 269 미보고 1 JAM 0)
2026-10-05 19:38:01,074 [HID병목]   [19:36:40] M16HUB 정상(보고 269 미보고 1 JAM 0)
2026-10-05 19:38:51,074 [HID병목]   [19:37:30] M16HUB 정상(보고 268 미보고 2 JAM 0)
2026-10-05 19:39:41,071 [HID병목]   [19:38:20] M16HUB 정상(보고 268 미보고 2 JAM 0)
2026-10-05 19:40:31,500 [HID병목]   [19:39:10] M16HUB 정상(보고 268 미보고 2 JAM 0)
2026-10-05 19:41:21,074 [HID병목]   [19:40:00] M16HUB 정상(보고 269 미보고 1 JAM 0)
2026-10-05 19:42:11,074 [HID병목]   [19:40:50] M16HUB 정상(보고 269 미보고 1 JAM 0)
2026-10-05 19:43:01,035 [HID병목]   [19:41:40] M16HUB 정상(보고 269 미보고 1 JAM 0)
2026-10-05 19:43:51,076 [HID병목]   [19:42:30] M16HUB 정상(보고 269 미보고 1 JAM 0)
2026-10-05 19:44:41,065 [HID병목]   [19:43:20] M16HUB 정상(보고 268 미보고 2 JAM 0)
2026-10-05 19:45:31,075 [HID병목]   [19:44:10] M16HUB 정상(보고 268 미보고 2 JAM 0)
2026-10-05 19:46:21,064 [HID병목]   [19:45:00] M16HUB 정상(보고 268 미보고 2 JAM 0)
2026-10-05 19:47:11,076 [HID병목]   [19:45:50] M16HUB 정상(보고 269 미보고 1 JAM 0)
2026-10-05 19:48:01,108 [HID병목]   [19:46:40] M16HUB 정상(보고 269 미보고 1 JAM 0)
2026-10-05 19:48:51,070 [HID병목]   [19:47:30] M16HUB 정상(보고 269 미보고 1 JAM 0)
2026-10-05 19:49:41,043 [HID병목]   [19:48:20] M16HUB 정상(보고 269 미보고 1 JAM 0)
2026-10-05 19:50:31,073 [HID병목]   [19:49:10] M16HUB 정상(보고 269 미보고 1 JAM 0)
2026-10-05 19:51:21,035 [HID병목]   [19:50:00] M16HUB 정상(보고 269 미보고 1 JAM 0)
2026-10-05 19:52:11,076 [HID병목]   [19:50:50] M16HUB 정상(보고 269 미보고 1 JAM 0)
2026-10-05 19:53:01,085 [HID병목]   [19:51:40] M16HUB 정상(보고 269 미보고 1 JAM 0)
2026-10-05 19:53:51,076 [HID병목]   [19:52:30] M16HUB 정상(보고 269 미보고 1 JAM 0)
2026-10-05 19:54:41,015 [HID병목]   [19:53:20] M16HUB 정상(보고 269 미보고 1 JAM 0)
2026-10-05 19:55:31,066 [HID병목]   [19:54:10] M16HUB 정상(보고 269 미보고 1 JAM 0)
2026-10-05 19:56:21,142 [HID병목]   [19:55:00] M16HUB 정상(보고 269 미보고 1 JAM 0)
2026-10-05 19:57:11,077 [HID병목]   [19:55:50] M16HUB 정상(보고 269 미보고 1 JAM 0)
2026-10-05 19:58:01,123 [HID병목]   [19:56:40] M16HUB 정상(보고 269 미보고 1 JAM 0)
2026-10-05 19:58:51,033 [HID병목]   [19:57:30] M16HUB 정상(보고 269 미보고 1 JAM 0)
2026-10-05 19:59:41,043 [HID병목]   [19:58:20] M16HUB 정상(보고 269 미보고 1 JAM 0)
2026-10-05 20:00:31,086 [HID병목]   [19:59:10] M16HUB 정상(보고 269 미보고 1 JAM 0)
2026-10-05 20:01:21,431 [HID병목]   [20:00:00] M16HUB 정상(보고 269 미보고 1 JAM 0)
2026-10-05 20:02:11,080 [HID병목]   [20:00:50] M16HUB 정상(보고 269 미보고 1 JAM 0)
2026-10-05 20:03:01,099 [HID병목]   [20:01:40] M16HUB 정상(보고 269 미보고 1 JAM 0)
2026-10-05 20:03:51,064 [HID병목]   [20:02:30] M16HUB 정상(보고 269 미보고 1 JAM 0)
2026-10-05 20:04:41,016 [HID병목]   [20:03:20] M16HUB 정상(보고 269 미보고 1 JAM 0)
2026-10-05 20:05:31,077 [HID병목]   [20:04:10] M16HUB 정상(보고 269 미보고 1 JAM 0)
2026-10-05 20:06:21,075 [HID병목]   [20:05:00] M16HUB 정상(보고 269 미보고 1 JAM 0)
2026-10-05 20:07:11,076 [HID병목]   [20:05:50] M16HUB 정상(보고 269 미보고 1 JAM 0)
2026-10-05 20:08:01,074 [HID병목]   [20:06:40] M16HUB 정상(보고 269 미보고 1 JAM 0)
2026-10-05 20:08:51,043 [HID병목]   [20:07:30] M16HUB 정상(보고 269 미보고 1 JAM 0)
2026-10-05 20:09:42,859 [HID병목]   [20:08:20] M16HUB 정상(보고 269 미보고 1 JAM 0)
2026-10-05 20:10:31,064 [HID병목]   [20:09:10] M16HUB 정상(보고 269 미보고 1 JAM 0)
2026-10-05 20:11:21,532 [HID병목]   [20:10:00] M16HUB 정상(보고 269 미보고 1 JAM 0)
2026-10-05 20:12:11,074 [HID병목]   [20:10:50] M16HUB 정상(보고 269 미보고 1 JAM 0)
2026-10-05 20:13:01,086 [HID병목]   [20:11:40] M16HUB 정상(보고 269 미보고 1 JAM 0)
2026-10-05 20:13:51,066 [HID병목]   [20:12:30] M16HUB 정상(보고 269 미보고 1 JAM 0)
2026-10-05 20:14:41,949 [HID병목]   [20:13:20] M16HUB 정상(보고 269 미보고 1 JAM 0)
2026-10-05 20:15:31,075 [HID병목]   [20:14:10] M16HUB 정상(보고 269 미보고 1 JAM 0)
2026-10-05 20:16:21,369 [HID병목]   [20:15:00] M16HUB 정상(보고 269 미보고 1 JAM 0)
2026-10-05 20:17:11,029 [HID병목]   [20:15:50] M16HUB 정상(보고 269 미보고 1 JAM 0)
2026-10-05 20:18:01,064 [HID병목]   [20:16:40] M16HUB 정상(보고 269 미보고 1 JAM 0)
2026-10-05 20:18:51,075 [HID병목]   [20:17:30] M16HUB 정상(보고 269 미보고 1 JAM 0)
2026-10-05 20:19:41,021 [HID병목]   [20:18:20] M16HUB 정상(보고 269 미보고 1 JAM 0)
2026-10-05 20:20:31,297 [HID병목]   [20:19:10] M16HUB 정상(보고 269 미보고 1 JAM 0)
2026-10-05 20:21:21,053 [HID병목]   [20:20:00] M16HUB 정상(보고 269 미보고 1 JAM 0)
2026-10-05 20:22:11,094 [HID병목]   [20:20:50] M16HUB 정상(보고 269 미보고 1 JAM 0)
2026-10-05 20:23:01,085 [HID병목]   [20:21:40] M16HUB 정상(보고 269 미보고 1 JAM 0)
2026-10-05 20:23:51,075 [HID병목]   [20:22:30] M16HUB 정상(보고 269 미보고 1 JAM 0)
2026-10-05 20:24:41,028 [HID병목]   [20:23:20] M16HUB 정상(보고 269 미보고 1 JAM 0)
2026-10-05 20:25:31,032 [HID병목]   [20:24:10] M16HUB 정상(보고 269 미보고 1 JAM 0)
2026-10-05 20:26:21,059 [HID병목]   [20:25:00] M16HUB 정상(보고 268 미보고 2 JAM 0)
2026-10-05 20:27:11,075 [HID병목]   [20:25:50] M16HUB 정상(보고 268 미보고 2 JAM 0)
2026-10-05 20:28:01,084 [HID병목]   [20:26:40] M16HUB 정상(보고 268 미보고 2 JAM 0)
2026-10-05 20:28:51,044 [HID병목]   [20:27:30] M16HUB 정상(보고 269 미보고 1 JAM 0)
2026-10-05 20:29:41,059 [HID병목]   [20:28:20] M16HUB 정상(보고 269 미보고 1 JAM 0)
2026-10-05 20:30:31,052 [HID병목]   [20:29:10] M16HUB 정상(보고 269 미보고 1 JAM 0)
2026-10-05 20:31:21,075 [HID병목]   [20:30:00] M16HUB 정상(보고 269 미보고 1 JAM 0)
2026-10-05 20:32:11,033 [HID병목]   [20:30:50] M16HUB 정상(보고 269 미보고 1 JAM 0)
2026-10-05 20:33:01,068 [HID병목]   [20:31:40] M16HUB 정상(보고 269 미보고 1 JAM 0)
2026-10-05 20:33:51,032 [HID병목]   [20:32:30] M16HUB 정상(보고 269 미보고 1 JAM 0)
2026-10-05 20:34:41,080 [HID병목]   [20:33:20] M16HUB 정상(보고 269 미보고 1 JAM 0)
2026-10-05 20:35:31,055 [HID병목]   [20:34:10] M16HUB 정상(보고 269 미보고 1 JAM 0)
2026-10-05 20:36:21,076 [HID병목]   [20:35:00] M16HUB 정상(보고 269 미보고 1 JAM 0)
2026-10-05 20:37:11,075 [HID병목]   [20:35:50] M16HUB 정상(보고 269 미보고 1 JAM 0)
2026-10-05 20:38:01,071 [HID병목]   [20:36:40] M16HUB 정상(보고 269 미보고 1 JAM 0)
2026-10-05 20:38:51,086 [HID병목]   [20:37:30] M16HUB 정상(보고 269 미보고 1 JAM 0)
2026-10-05 20:39:41,052 [HID병목]   [20:38:20] M16HUB 정상(보고 268 미보고 2 JAM 0)
2026-10-05 20:40:31,054 [HID병목]   [20:39:10] M16HUB 정상(보고 268 미보고 2 JAM 0)
2026-10-05 20:41:21,027 [HID병목]   [20:40:00] M16HUB 정상(보고 268 미보고 2 JAM 0)
2026-10-05 20:42:11,076 [HID병목]   [20:40:50] M16HUB 정상(보고 269 미보고 1 JAM 0)
2026-10-05 20:43:01,052 [HID병목]   [20:41:40] M16HUB 정상(보고 269 미보고 1 JAM 0)
2026-10-05 20:43:51,041 [HID병목]   [20:42:30] M16HUB 정상(보고 269 미보고 1 JAM 0)
2026-10-05 20:44:41,066 [HID병목]   [20:43:20] M16HUB 정상(보고 269 미보고 1 JAM 0)
2026-10-05 20:45:31,075 [HID병목]   [20:44:10] M16HUB 정상(보고 269 미보고 1 JAM 0)
2026-10-05 20:46:21,039 [HID병목]   [20:45:00] M16HUB 정상(보고 269 미보고 1 JAM 0)
2026-10-05 20:47:11,075 [HID병목]   [20:45:50] M16HUB 정상(보고 269 미보고 1 JAM 0)
2026-10-05 20:48:01,164 [HID병목]   [20:46:40] M16HUB 정상(보고 269 미보고 1 JAM 0)
2026-10-05 20:48:51,074 [HID병목]   [20:47:30] M16HUB 정상(보고 269 미보고 1 JAM 0)
2026-10-05 20:49:41,532 [HID병목]   [20:48:20] M16HUB 정상(보고 269 미보고 1 JAM 0)
2026-10-05 20:50:31,075 [HID병목]   [20:49:10] M16HUB 정상(보고 269 미보고 1 JAM 0)
2026-10-05 20:51:21,133 [HID병목]   [20:50:00] M16HUB 정상(보고 269 미보고 1 JAM 0)
2026-10-05 20:52:11,075 [HID병목]   [20:50:50] M16HUB 정상(보고 269 미보고 1 JAM 0)
2026-10-05 20:53:01,086 [HID병목]   [20:51:40] M16HUB 정상(보고 269 미보고 1 JAM 0)
2026-10-05 20:53:51,036 [HID병목]   [20:52:30] M16HUB 정상(보고 269 미보고 1 JAM 0)
2026-10-05 20:54:43,462 [HID병목]   [20:53:20] M16HUB 정상(보고 269 미보고 1 JAM 0)
2026-10-05 20:55:31,072 [HID병목]   [20:54:10] M16HUB 정상(보고 269 미보고 1 JAM 0)
2026-10-05 20:56:22,881 [HID병목]   [20:55:00] M16HUB 정상(보고 269 미보고 1 JAM 0)
2026-10-05 20:57:11,144 [HID병목]   [20:55:50] M16HUB 정상(보고 269 미보고 1 JAM 0)
2026-10-05 20:58:01,285 [HID병목]   [20:56:40] M16HUB 정상(보고 269 미보고 1 JAM 0)
2026-10-05 20:58:51,072 [HID병목]   [20:57:30] M16HUB 정상(보고 269 미보고 1 JAM 0)
2026-10-05 20:59:41,024 [HID병목]   [20:58:20] M16HUB 정상(보고 269 미보고 1 JAM 0)
2026-10-05 21:00:31,037 [HID병목]   [20:59:10] M16HUB 정상(보고 269 미보고 1 JAM 0)
2026-10-05 21:01:21,451 [HID병목]   [21:00:00] M16HUB 정상(보고 269 미보고 1 JAM 0)
2026-10-05 21:02:11,071 [HID병목]   [21:00:50] M16HUB 정상(보고 269 미보고 1 JAM 0)
2026-10-05 21:03:01,092 [HID병목]   [21:01:40] M16HUB 정상(보고 268 미보고 2 JAM 0)
2026-10-05 21:03:51,029 [HID병목]   [21:02:30] M16HUB 정상(보고 268 미보고 2 JAM 0)
2026-10-05 21:04:41,065 [HID병목]   [21:03:20] M16HUB 정상(보고 268 미보고 2 JAM 0)
2026-10-05 21:05:31,074 [HID병목]   [21:04:10] M16HUB 정상(보고 268 미보고 2 JAM 0)
2026-10-05 21:06:21,033 [HID병목]   [21:05:00] M16HUB 정상(보고 269 미보고 1 JAM 0)
2026-10-05 21:07:11,089 [HID병목]   [21:05:50] M16HUB 정상(보고 269 미보고 1 JAM 0)
2026-10-05 21:08:01,115 [HID병목]   [21:06:40] M16HUB 정상(보고 269 미보고 1 JAM 0)
2026-10-05 21:08:51,075 [HID병목]   [21:07:30] M16HUB 정상(보고 269 미보고 1 JAM 0)
2026-10-05 21:09:41,073 [HID병목]   [21:08:20] M16HUB 정상(보고 269 미보고 1 JAM 0)
2026-10-05 21:10:32,750 [HID병목]   [21:09:10] M16HUB 정상(보고 269 미보고 1 JAM 0)
2026-10-05 21:11:21,046 [HID병목]   [21:10:00] M16HUB 정상(보고 269 미보고 1 JAM 0)
2026-10-05 21:12:11,112 [HID병목]   [21:10:50] M16HUB 정상(보고 269 미보고 1 JAM 0)
2026-10-05 21:13:01,092 [HID병목]   [21:11:40] M16HUB 정상(보고 269 미보고 1 JAM 0)
2026-10-05 21:13:51,070 [HID병목]   [21:12:30] M16HUB 정상(보고 269 미보고 1 JAM 0)
2026-10-05 21:14:41,043 [HID병목]   [21:13:20] M16HUB 정상(보고 269 미보고 0 JAM 0)
2026-10-05 21:15:31,041 [HID병목]   [21:14:10] M16HUB 정상(보고 269 미보고 0 JAM 0)
2026-10-05 21:16:21,733 [HID병목]   [21:15:00] M16HUB 정상(보고 269 미보고 0 JAM 0)
2026-10-05 21:17:11,041 [HID병목]   [21:15:50] M16HUB 정상(보고 269 미보고 0 JAM 0)
2026-10-05 21:18:01,066 [HID병목]   [21:16:40] M16HUB 정상(보고 268 미보고 1 JAM 0)
2026-10-05 21:18:51,064 [HID병목]   [21:17:30] M16HUB 정상(보고 268 미보고 1 JAM 0)
2026-10-05 21:19:43,275 [HID병목]   [21:18:20] M16HUB 정상(보고 268 미보고 1 JAM 0)
2026-10-05 21:20:31,072 [HID병목]   [21:19:10] M16HUB 정상(보고 269 미보고 0 JAM 0)
2026-10-05 21:21:21,806 [HID병목]   [21:20:00] M16HUB 정상(보고 269 미보고 0 JAM 0)
2026-10-05 21:22:11,077 [HID병목]   [21:20:50] M16HUB 정상(보고 269 미보고 0 JAM 0)
2026-10-05 21:23:01,031 [HID병목]   [21:21:40] M16HUB 정상(보고 269 미보고 0 JAM 0)
2026-10-05 21:23:51,075 [HID병목]   [21:22:30] M16HUB 정상(보고 269 미보고 0 JAM 0)
2026-10-05 21:24:41,060 [HID병목]   [21:23:20] M16HUB 정상(보고 269 미보고 0 JAM 0)
2026-10-05 21:25:31,073 [HID병목]   [21:24:10] M16HUB 정상(보고 269 미보고 0 JAM 0)
2026-10-05 21:26:22,605 [HID병목]   [21:25:00] M16HUB 정상(보고 269 미보고 0 JAM 0)
2026-10-05 21:27:11,076 [HID병목]   [21:25:50] M16HUB 정상(보고 269 미보고 0 JAM 0)
2026-10-05 21:28:01,092 [HID병목]   [21:26:40] M16HUB 정상(보고 269 미보고 0 JAM 0)
2026-10-05 21:28:51,074 [HID병목]   [21:27:30] M16HUB 정상(보고 269 미보고 0 JAM 0)
2026-10-05 21:29:41,416 [HID병목]   [21:28:20] M16HUB 정상(보고 269 미보고 0 JAM 0)
2026-10-05 21:30:31,073 [HID병목]   [21:29:10] M16HUB 정상(보고 269 미보고 0 JAM 0)
2026-10-05 21:31:21,474 [HID병목]   [21:30:00] M16HUB 정상(보고 269 미보고 0 JAM 0)
2026-10-05 21:32:11,056 [HID병목]   [21:30:50] M16HUB 정상(보고 269 미보고 0 JAM 0)
2026-10-05 21:33:01,081 [HID병목]   [21:31:40] M16HUB 정상(보고 269 미보고 0 JAM 0)
2026-10-05 21:33:51,074 [HID병목]   [21:32:30] M16HUB 정상(보고 269 미보고 0 JAM 0)
2026-10-05 21:34:41,028 [HID병목]   [21:33:20] M16HUB 정상(보고 269 미보고 0 JAM 0)
2026-10-05 21:35:31,122 [HID병목]   [21:34:10] M16HUB 정상(보고 269 미보고 0 JAM 0)
2026-10-05 21:36:21,075 [HID병목]   [21:35:00] M16HUB 정상(보고 269 미보고 0 JAM 0)
2026-10-05 21:37:11,037 [HID병목]   [21:35:50] M16HUB 정상(보고 269 미보고 0 JAM 0)
2026-10-05 21:38:01,044 [HID병목]   [21:36:40] M16HUB 정상(보고 269 미보고 0 JAM 0)
2026-10-05 21:38:51,059 [HID병목]   [21:37:30] M16HUB 정상(보고 269 미보고 0 JAM 0)
2026-10-05 21:39:42,699 [HID병목]   [21:38:20] M16HUB 정상(보고 269 미보고 0 JAM 0)
2026-10-05 21:40:31,030 [HID병목]   [21:39:10] M16HUB 정상(보고 268 미보고 1 JAM 0)
2026-10-05 21:41:21,452 [HID병목]   [21:40:00] M16HUB 정상(보고 268 미보고 1 JAM 0)
2026-10-05 21:42:11,076 [HID병목]   [21:40:50] M16HUB 정상(보고 268 미보고 1 JAM 0)
2026-10-05 21:43:01,048 [HID병목]   [21:41:40] M16HUB 정상(보고 269 미보고 0 JAM 0)
2026-10-05 21:43:51,040 [HID병목]   [21:42:30] M16HUB 정상(보고 269 미보고 0 JAM 0)
2026-10-05 21:44:41,067 [HID병목]   [21:43:20] M16HUB 정상(보고 269 미보고 0 JAM 0)
2026-10-05 21:45:31,028 [HID병목]   [21:44:10] M16HUB 정상(보고 269 미보고 0 JAM 0)
2026-10-05 21:46:21,076 [HID병목]   [21:45:00] M16HUB 정상(보고 269 미보고 0 JAM 0)
2026-10-05 21:47:11,038 [HID병목]   [21:45:50] M16HUB 정상(보고 269 미보고 0 JAM 0)
2026-10-05 21:48:01,043 [HID병목]   [21:46:40] M16HUB 정상(보고 269 미보고 0 JAM 0)
2026-10-05 21:48:51,067 [HID병목]   [21:47:30] M16HUB 정상(보고 269 미보고 0 JAM 0)
2026-10-05 21:49:41,066 [HID병목]   [21:48:20] M16HUB 정상(보고 268 미보고 1 JAM 0)
2026-10-05 21:50:31,072 [HID병목]   [21:49:10] M16HUB 정상(보고 268 미보고 1 JAM 0)
2026-10-05 21:51:21,070 [HID병목]   [21:50:00] M16HUB 정상(보고 268 미보고 1 JAM 0)
2026-10-05 21:52:11,067 [HID병목]   [21:50:50] M16HUB 정상(보고 269 미보고 0 JAM 0)
2026-10-05 21:53:01,051 [HID병목]   [21:51:40] M16HUB 정상(보고 269 미보고 0 JAM 0)
2026-10-05 21:53:51,072 [HID병목]   [21:52:30] M16HUB 정상(보고 269 미보고 0 JAM 0)
2026-10-05 21:54:41,038 [HID병목]   [21:53:20] M16HUB 정상(보고 269 미보고 0 JAM 0)
2026-10-05 21:55:31,056 [HID병목]   [21:54:10] M16HUB 정상(보고 269 미보고 0 JAM 0)
2026-10-05 21:56:21,428 [HID병목]   [21:55:00] M16HUB 정상(보고 269 미보고 0 JAM 0)
2026-10-05 21:57:11,055 [HID병목]   [21:55:50] M16HUB 정상(보고 269 미보고 0 JAM 0)
2026-10-05 21:58:01,101 [HID병목]   [21:56:40] M16HUB 정상(보고 269 미보고 0 JAM 0)
2026-10-05 21:58:51,075 [HID병목]   [21:57:30] M16HUB 정상(보고 269 미보고 0 JAM 0)
2026-10-05 21:59:41,066 [HID병목]   [21:58:20] M16HUB 정상(보고 269 미보고 0 JAM 0)
2026-10-05 22:00:32,317 [HID병목]   [21:59:10] M16HUB 정상(보고 269 미보고 0 JAM 0)
2026-10-05 22:01:21,652 [HID병목]   [22:00:00] M16HUB 정상(보고 269 미보고 0 JAM 0)
2026-10-05 22:02:11,075 [HID병목]   [22:00:50] M16HUB 정상(보고 269 미보고 0 JAM 0)
2026-10-05 22:03:01,080 [HID병목]   [22:01:40] M16HUB 정상(보고 269 미보고 0 JAM 0)
2026-10-05 22:03:51,031 [HID병목]   [22:02:30] M16HUB 정상(보고 269 미보고 0 JAM 0)
2026-10-05 22:04:44,060 [HID병목]   [22:03:20] M16HUB 정상(보고 269 미보고 0 JAM 0)
2026-10-05 22:05:31,064 [HID병목]   [22:04:10] M16HUB 정상(보고 269 미보고 0 JAM 0)
2026-10-05 22:06:21,048 [HID병목]   [22:05:00] M16HUB 정상(보고 269 미보고 0 JAM 0)
2026-10-05 22:07:11,057 [HID병목]   [22:05:50] M16HUB 정상(보고 269 미보고 0 JAM 0)
2026-10-05 22:08:01,079 [HID병목]   [22:06:40] M16HUB 정상(보고 269 미보고 0 JAM 0)
2026-10-05 22:08:52,779 [HID병목]   [22:07:30] M16HUB 정상(보고 269 미보고 0 JAM 0)
2026-10-05 22:09:41,063 [HID병목]   [22:08:20] M16HUB 정상(보고 269 미보고 0 JAM 0)
2026-10-05 22:10:31,113 [HID병목]   [22:09:10] M16HUB 정상(보고 269 미보고 0 JAM 0)
2026-10-05 22:11:21,276 [HID병목]   [22:10:00] M16HUB 정상(보고 269 미보고 0 JAM 0)
2026-10-05 22:12:11,033 [HID병목]   [22:10:50] M16HUB 정상(보고 269 미보고 0 JAM 0)
2026-10-05 22:13:01,079 [HID병목]   [22:11:40] M16HUB 정상(보고 269 미보고 0 JAM 0)
2026-10-05 22:13:51,065 [HID병목]   [22:12:30] M16HUB 정상(보고 269 미보고 0 JAM 0)
2026-10-05 22:14:41,068 [HID병목]   [22:13:20] M16HUB 정상(보고 269 미보고 0 JAM 0)
2026-10-05 22:15:32,995 [HID병목]   [22:14:10] M16HUB 정상(보고 269 미보고 0 JAM 0)
2026-10-05 22:16:21,308 [HID병목]   [22:15:00] M16HUB 정상(보고 269 미보고 0 JAM 0)
2026-10-05 22:17:11,149 [HID병목]   [22:15:50] M16HUB 정상(보고 269 미보고 0 JAM 0)
2026-10-05 22:18:01,147 [HID병목]   [22:16:40] M16HUB 정상(보고 269 미보고 0 JAM 0)
2026-10-05 22:18:51,075 [HID병목]   [22:17:30] M16HUB 정상(보고 269 미보고 0 JAM 0)
2026-10-05 22:19:41,053 [HID병목]   [22:18:20] M16HUB 정상(보고 268 미보고 1 JAM 0)
2026-10-05 22:20:31,055 [HID병목]   [22:19:10] M16HUB 정상(보고 268 미보고 1 JAM 0)
2026-10-05 22:21:21,038 [HID병목]   [22:20:00] M16HUB 정상(보고 268 미보고 1 JAM 0)
2026-10-05 22:22:11,076 [HID병목]   [22:20:50] M16HUB 정상(보고 269 미보고 0 JAM 0)
2026-10-05 22:23:01,075 [HID병목]   [22:21:40] M16HUB 정상(보고 269 미보고 0 JAM 0)
2026-10-05 22:23:51,025 [HID병목]   [22:22:30] M16HUB 정상(보고 268 미보고 1 JAM 0)
2026-10-05 22:24:41,065 [HID병목]   [22:23:20] M16HUB 정상(보고 269 미보고 0 JAM 0)
2026-10-05 22:25:31,030 [HID병목]   [22:24:10] M16HUB 정상(보고 269 미보고 0 JAM 0)
2026-10-05 22:26:21,075 [HID병목]   [22:25:00] M16HUB 정상(보고 268 미보고 1 JAM 0)
2026-10-05 22:27:11,078 [HID병목]   [22:25:50] M16HUB 정상(보고 268 미보고 1 JAM 0)
2026-10-05 22:28:01,045 [HID병목]   [22:26:40] M16HUB 정상(보고 268 미보고 1 JAM 0)
2026-10-05 22:28:51,062 [HID병목]   [22:27:30] M16HUB 정상(보고 269 미보고 0 JAM 0)
2026-10-05 22:29:41,041 [HID병목]   [22:28:20] M16HUB 정상(보고 269 미보고 0 JAM 0)
2026-10-05 22:30:32,101 [HID병목]   [22:29:10] M16HUB 정상(보고 269 미보고 0 JAM 0)
2026-10-05 22:31:21,034 [HID병목]   [22:30:00] M16HUB 정상(보고 269 미보고 0 JAM 0)
2026-10-05 22:32:11,050 [HID병목]   [22:30:50] M16HUB 정상(보고 269 미보고 0 JAM 0)
2026-10-05 22:33:01,149 [HID병목]   [22:31:40] M16HUB 정상(보고 269 미보고 0 JAM 0)
2026-10-05 22:33:51,076 [HID병목]   [22:32:30] M16HUB 정상(보고 269 미보고 0 JAM 0)
2026-10-05 22:34:41,246 [HID병목]   [22:33:20] M16HUB 정상(보고 269 미보고 0 JAM 0)
2026-10-05 22:35:31,025 [HID병목]   [22:34:10] M16HUB 정상(보고 268 미보고 1 JAM 0)
2026-10-05 22:36:21,090 [HID병목]   [22:35:00] M16HUB 정상(보고 268 미보고 1 JAM 0)
2026-10-05 22:37:11,075 [HID병목]   [22:35:50] M16HUB 정상(보고 268 미보고 1 JAM 0)
2026-10-05 22:38:01,132 [HID병목]   [22:36:40] M16HUB 정상(보고 269 미보고 0 JAM 0)
2026-10-05 22:38:51,049 [HID병목]   [22:37:30] M16HUB 정상(보고 269 미보고 0 JAM 0)
2026-10-05 22:39:44,354 [HID병목]   [22:38:20] M16HUB 정상(보고 269 미보고 0 JAM 0)
2026-10-05 22:40:31,028 [HID병목]   [22:39:10] M16HUB 정상(보고 269 미보고 0 JAM 0)
2026-10-05 22:41:21,027 [HID병목]   [22:40:00] M16HUB 정상(보고 269 미보고 0 JAM 0)
2026-10-05 22:42:11,065 [HID병목]   [22:40:50] M16HUB 정상(보고 269 미보고 0 JAM 0)
2026-10-05 22:43:01,113 [HID병목]   [22:41:40] M16HUB 정상(보고 269 미보고 0 JAM 0)
2026-10-05 22:43:51,034 [HID병목]   [22:42:30] M16HUB 정상(보고 269 미보고 0 JAM 0)
2026-10-05 22:44:41,066 [HID병목]   [22:43:20] M16HUB 정상(보고 269 미보고 0 JAM 0)
2026-10-05 22:45:31,037 [HID병목]   [22:44:10] M16HUB 정상(보고 269 미보고 0 JAM 0)
2026-10-05 22:46:21,077 [HID병목]   [22:45:00] M16HUB 정상(보고 269 미보고 0 JAM 0)
2026-10-05 22:47:11,025 [HID병목]   [22:45:50] M16HUB 정상(보고 269 미보고 0 JAM 0)
2026-10-05 22:48:01,082 [HID병목]   [22:46:40] M16HUB 정상(보고 269 미보고 0 JAM 0)
2026-10-05 22:48:51,069 [HID병목]   [22:47:30] M16HUB 정상(보고 269 미보고 0 JAM 0)
2026-10-05 22:49:41,093 [HID병목]   [22:48:20] M16HUB 정상(보고 269 미보고 0 JAM 0)
2026-10-05 22:50:31,042 [HID병목]   [22:49:10] M16HUB 정상(보고 269 미보고 0 JAM 0)
2026-10-05 22:51:21,088 [HID병목]   [22:50:00] M16HUB 정상(보고 269 미보고 0 JAM 0)
2026-10-05 22:52:11,025 [HID병목]   [22:50:50] M16HUB 정상(보고 269 미보고 0 JAM 0)
2026-10-05 22:53:01,083 [HID병목]   [22:51:40] M16HUB 정상(보고 269 미보고 0 JAM 0)
2026-10-05 22:53:51,036 [HID병목]   [22:52:30] M16HUB 정상(보고 269 미보고 0 JAM 0)
2026-10-05 22:54:43,357 [HID병목]   [22:53:20] M16HUB 정상(보고 269 미보고 0 JAM 0)
2026-10-05 22:55:31,071 [HID병목]   [22:54:10] M16HUB 정상(보고 269 미보고 0 JAM 0)
2026-10-05 22:56:21,027 [HID병목]   [22:55:00] M16HUB 정상(보고 269 미보고 0 JAM 0)
2026-10-05 22:57:11,073 [HID병목]   [22:55:50] M16HUB 정상(보고 269 미보고 0 JAM 0)
2026-10-05 22:58:01,035 [HID병목]   [22:56:40] M16HUB 정상(보고 269 미보고 0 JAM 0)
2026-10-05 22:58:51,024 [HID병목]   [22:57:30] M16HUB 정상(보고 269 미보고 0 JAM 0)
2026-10-05 22:59:41,065 [HID병목]   [22:58:20] M16HUB 정상(보고 269 미보고 0 JAM 0)
2026-10-05 23:00:31,085 [HID병목]   [22:59:10] M16HUB 정상(보고 269 미보고 0 JAM 0)
2026-10-05 23:01:21,687 [HID병목]   [23:00:00] M16HUB 정상(보고 269 미보고 0 JAM 0)
2026-10-05 23:02:11,075 [HID병목]   [23:00:50] M16HUB 정상(보고 269 미보고 0 JAM 0)
2026-10-05 23:03:01,088 [HID병목]   [23:01:40] M16HUB 정상(보고 269 미보고 0 JAM 0)
2026-10-05 23:03:51,075 [HID병목]   [23:02:30] M16HUB 정상(보고 269 미보고 0 JAM 0)
2026-10-05 23:04:41,024 [HID병목]   [23:03:20] M16HUB 정상(보고 269 미보고 0 JAM 0)
2026-10-05 23:05:31,064 [HID병목]   [23:04:10] M16HUB 정상(보고 269 미보고 0 JAM 0)
2026-10-05 23:06:21,075 [HID병목]   [23:05:00] M16HUB 정상(보고 269 미보고 0 JAM 0)
2026-10-05 23:07:11,052 [HID병목]   [23:05:50] M16HUB 정상(보고 269 미보고 0 JAM 0)
2026-10-05 23:08:01,140 [HID병목]   [23:06:40] M16HUB 정상(보고 269 미보고 0 JAM 0)
2026-10-05 23:08:51,073 [HID병목]   [23:07:30] M16HUB 정상(보고 269 미보고 0 JAM 0)
2026-10-05 23:09:41,017 [HID병목]   [23:08:20] M16HUB 정상(보고 269 미보고 0 JAM 0)
2026-10-05 23:10:33,168 [HID병목]   [23:09:10] M16HUB 정상(보고 268 미보고 1 JAM 0)
2026-10-05 23:11:21,076 [HID병목]   [23:10:00] M16HUB 정상(보고 268 미보고 1 JAM 0)
2026-10-05 23:12:11,077 [HID병목]   [23:10:50] M16HUB 정상(보고 268 미보고 1 JAM 0)
2026-10-05 23:13:01,085 [HID병목]   [23:11:40] M16HUB 정상(보고 269 미보고 0 JAM 0)
2026-10-05 23:13:51,040 [HID병목]   [23:12:30] M16HUB 정상(보고 269 미보고 0 JAM 0)
2026-10-05 23:14:41,300 [HID병목]   [23:13:20] M16HUB 정상(보고 269 미보고 0 JAM 0)
2026-10-05 23:15:31,073 [HID병목]   [23:14:10] M16HUB 정상(보고 269 미보고 0 JAM 0)
2026-10-05 23:16:21,073 [HID병목]   [23:15:00] M16HUB 정상(보고 269 미보고 0 JAM 0)
2026-10-05 23:17:11,062 [HID병목]   [23:15:50] M16HUB 정상(보고 269 미보고 0 JAM 0)
2026-10-05 23:18:01,070 [HID병목]   [23:16:40] M16HUB 정상(보고 269 미보고 0 JAM 0)
2026-10-05 23:18:51,030 [HID병목]   [23:17:30] M16HUB 정상(보고 269 미보고 0 JAM 0)
2026-10-05 23:19:41,066 [HID병목]   [23:18:20] M16HUB 정상(보고 269 미보고 0 JAM 0)
2026-10-05 23:20:32,916 [HID병목]   [23:19:10] M16HUB 정상(보고 270 미보고 0 JAM 0)
2026-10-05 23:21:21,075 [HID병목]   [23:20:00] M16HUB 정상(보고 269 미보고 1 JAM 0)
2026-10-05 23:22:11,069 [HID병목]   [23:20:50] M16HUB 정상(보고 269 미보고 1 JAM 0)
2026-10-05 23:23:01,087 [HID병목]   [23:21:40] M16HUB 정상(보고 268 미보고 2 JAM 0)
2026-10-05 23:23:51,071 [HID병목]   [23:22:30] M16HUB 정상(보고 268 미보고 2 JAM 0)
2026-10-05 23:24:41,065 [HID병목]   [23:23:20] M16HUB 정상(보고 269 미보고 1 JAM 0)
2026-10-05 23:25:31,067 [HID병목]   [23:24:10] M16HUB 정상(보고 269 미보고 1 JAM 0)
2026-10-05 23:26:21,030 [HID병목]   [23:25:00] M16HUB 정상(보고 269 미보고 1 JAM 0)
2026-10-05 23:27:11,075 [HID병목]   [23:25:50] M16HUB 정상(보고 269 미보고 1 JAM 0)
2026-10-05 23:28:01,041 [HID병목]   [23:26:40] M16HUB 정상(보고 269 미보고 1 JAM 0)
2026-10-05 23:28:51,076 [HID병목]   [23:27:30] M16HUB 정상(보고 269 미보고 1 JAM 0)
2026-10-05 23:29:41,023 [HID병목]   [23:28:20] M16HUB 정상(보고 269 미보고 1 JAM 0)
2026-10-05 23:30:31,053 [HID병목]   [23:29:10] M16HUB 정상(보고 269 미보고 1 JAM 0)
2026-10-05 23:31:21,347 [HID병목]   [23:30:00] M16HUB 정상(보고 269 미보고 1 JAM 0)
2026-10-05 23:32:11,078 [HID병목]   [23:30:50] M16HUB 정상(보고 269 미보고 1 JAM 0)
2026-10-05 23:33:01,128 [HID병목]   [23:31:40] M16HUB 정상(보고 269 미보고 1 JAM 0)
2026-10-05 23:33:51,078 [HID병목]   [23:32:30] M16HUB 정상(보고 269 미보고 1 JAM 0)
2026-10-05 23:34:41,019 [HID병목]   [23:33:20] M16HUB 정상(보고 269 미보고 1 JAM 0)
2026-10-05 23:35:31,074 [HID병목]   [23:34:10] M16HUB 정상(보고 269 미보고 1 JAM 0)
2026-10-05 23:36:21,045 [HID병목]   [23:35:00] M16HUB 정상(보고 269 미보고 1 JAM 0)
2026-10-05 23:37:11,076 [HID병목]   [23:35:50] M16HUB 정상(보고 269 미보고 1 JAM 0)
2026-10-05 23:38:01,136 [HID병목]   [23:36:40] M16HUB 정상(보고 269 미보고 1 JAM 0)
2026-10-05 23:38:51,028 [HID병목]   [23:37:30] M16HUB 정상(보고 269 미보고 1 JAM 0)
2026-10-05 23:39:41,065 [HID병목]   [23:38:20] M16HUB 정상(보고 269 미보고 1 JAM 0)
2026-10-05 23:40:31,075 [HID병목]   [23:39:10] M16HUB 정상(보고 269 미보고 1 JAM 0)
2026-10-05 23:41:21,051 [HID병목]   [23:40:00] M16HUB 정상(보고 269 미보고 1 JAM 0)
2026-10-05 23:42:11,077 [HID병목]   [23:40:50] M16HUB 정상(보고 268 미보고 2 JAM 0)
2026-10-05 23:43:01,085 [HID병목]   [23:41:40] M16HUB 정상(보고 268 미보고 2 JAM 0)
2026-10-05 23:43:51,034 [HID병목]   [23:42:30] M16HUB 정상(보고 268 미보고 2 JAM 0)
2026-10-05 23:44:41,055 [HID병목]   [23:43:20] M16HUB 정상(보고 269 미보고 1 JAM 0)
2026-10-05 23:45:31,031 [HID병목]   [23:44:10] M16HUB 정상(보고 269 미보고 1 JAM 0)
2026-10-05 23:46:21,076 [HID병목]   [23:45:00] M16HUB 정상(보고 269 미보고 1 JAM 0)
2026-10-05 23:47:11,077 [HID병목]   [23:45:50] M16HUB 정상(보고 269 미보고 1 JAM 0)
2026-10-05 23:48:01,117 [HID병목]   [23:46:40] M16HUB 정상(보고 269 미보고 1 JAM 0)
2026-10-05 23:48:51,057 [HID병목]   [23:47:30] M16HUB 정상(보고 269 미보고 1 JAM 0)
2026-10-05 23:49:41,067 [HID병목]   [23:48:20] M16HUB 정상(보고 269 미보고 1 JAM 0)
2026-10-05 23:50:31,035 [HID병목]   [23:49:10] M16HUB 정상(보고 269 미보고 1 JAM 0)
2026-10-05 23:51:21,076 [HID병목]   [23:50:00] M16HUB 정상(보고 269 미보고 1 JAM 0)
2026-10-05 23:52:11,077 [HID병목]   [23:50:50] M16HUB 정상(보고 269 미보고 1 JAM 0)
2026-10-05 23:53:01,057 [HID병목]   [23:51:40] M16HUB 정상(보고 269 미보고 1 JAM 0)
2026-10-05 23:53:51,078 [HID병목]   [23:52:30] M16HUB 정상(보고 269 미보고 1 JAM 0)
2026-10-05 23:54:42,881 [HID병목]   [23:53:20] M16HUB 정상(보고 268 미보고 2 JAM 0)
2026-10-05 23:55:31,073 [HID병목]   [23:54:10] M16HUB 정상(보고 268 미보고 2 JAM 0)
2026-10-05 23:56:21,075 [HID병목]   [23:55:00] M16HUB 정상(보고 268 미보고 2 JAM 0)
2026-10-05 23:57:11,074 [HID병목]   [23:55:50] M16HUB 정상(보고 269 미보고 1 JAM 0)
2026-10-05 23:58:01,163 [HID병목]   [23:56:40] M16HUB 정상(보고 269 미보고 1 JAM 0)
2026-10-05 23:58:51,043 [HID병목]   [23:57:30] M16HUB 정상(보고 269 미보고 1 JAM 0)
2026-10-05 23:59:42,564 [HID병목]   [23:58:20] M16HUB 정상(보고 269 미보고 1 JAM 0)
2026-10-06 00:00:31,106 [HID병목]   [23:59:10] M16HUB 정상(보고 269 미보고 1 JAM 0)
2026-10-06 00:01:21,648 [HID병목]   [00:00:00] M16HUB 정상(보고 269 미보고 1 JAM 0)
2026-10-06 00:02:11,036 [HID병목]   [00:00:50] M16HUB 정상(보고 269 미보고 1 JAM 0)
2026-10-06 00:03:01,045 [HID병목]   [00:01:40] M16HUB 정상(보고 269 미보고 1 JAM 0)
2026-10-06 00:03:52,980 [HID병목]   [00:02:30] M16HUB 정상(보고 269 미보고 1 JAM 0)
2026-10-06 00:04:41,064 [HID병목]   [00:03:20] M16HUB 정상(보고 269 미보고 1 JAM 0)
2026-10-06 00:05:31,043 [HID병목]   [00:04:10] M16HUB 정상(보고 269 미보고 1 JAM 0)
2026-10-06 00:06:21,075 [HID병목]   [00:05:00] M16HUB 정상(보고 269 미보고 1 JAM 0)
2026-10-06 00:07:11,076 [HID병목]   [00:05:50] M16HUB 정상(보고 269 미보고 1 JAM 0)
2026-10-06 00:08:01,051 [HID병목]   [00:06:40] M16HUB 정상(보고 269 미보고 1 JAM 0)
2026-10-06 00:08:51,090 [HID병목]   [00:07:30] M16HUB 정상(보고 269 미보고 1 JAM 0)
2026-10-06 00:09:41,065 [HID병목]   [00:08:20] M16HUB 정상(보고 269 미보고 1 JAM 0)
2026-10-06 00:10:31,108 [HID병목]   [00:09:10] M16HUB 정상(보고 268 미보고 2 JAM 0)
2026-10-06 00:11:21,190 [HID병목]   [00:10:00] M16HUB 정상(보고 268 미보고 2 JAM 0)
2026-10-06 00:12:11,075 [HID병목]   [00:10:50] M16HUB 정상(보고 269 미보고 1 JAM 0)
2026-10-06 00:13:01,073 [HID병목]   [00:11:40] M16HUB 정상(보고 269 미보고 1 JAM 0)
2026-10-06 00:13:51,459 [HID병목]   [00:12:30] M16HUB 정상(보고 269 미보고 1 JAM 0)
2026-10-06 00:14:41,022 [HID병목]   [00:13:20] M16HUB 정상(보고 269 미보고 1 JAM 0)
2026-10-06 00:15:31,095 [HID병목]   [00:14:10] M16HUB 정상(보고 269 미보고 1 JAM 0)
2026-10-06 00:16:21,561 [HID병목]   [00:15:00] M16HUB 정상(보고 269 미보고 1 JAM 0)
2026-10-06 00:17:11,076 [HID병목]   [00:15:50] M16HUB 정상(보고 269 미보고 1 JAM 0)
2026-10-06 00:18:01,078 [HID병목]   [00:16:40] M16HUB 정상(보고 269 미보고 1 JAM 0)
2026-10-06 00:18:51,075 [HID병목]   [00:17:30] M16HUB 정상(보고 269 미보고 1 JAM 0)
2026-10-06 00:19:41,068 [HID병목]   [00:18:20] M16HUB 정상(보고 269 미보고 1 JAM 0)
2026-10-06 00:20:31,075 [HID병목]   [00:19:10] M16HUB 정상(보고 269 미보고 1 JAM 0)
2026-10-06 00:21:21,074 [HID병목]   [00:20:00] M16HUB 정상(보고 269 미보고 1 JAM 0)
2026-10-06 00:22:11,075 [HID병목]   [00:20:50] M16HUB 정상(보고 269 미보고 1 JAM 0)
2026-10-06 00:23:01,166 [HID병목]   [00:21:40] M16HUB 정상(보고 269 미보고 1 JAM 0)
2026-10-06 00:23:51,076 [HID병목]   [00:22:30] M16HUB 정상(보고 269 미보고 1 JAM 0)
2026-10-06 00:24:41,065 [HID병목]   [00:23:20] M16HUB 정상(보고 269 미보고 1 JAM 0)
2026-10-06 00:25:31,091 [HID병목]   [00:24:10] M16HUB 정상(보고 269 미보고 1 JAM 0)
2026-10-06 00:26:21,365 [HID병목]   [00:25:00] M16HUB 정상(보고 269 미보고 1 JAM 0)
2026-10-06 00:27:11,046 [HID병목]   [00:25:50] M16HUB 정상(보고 269 미보고 1 JAM 0)
2026-10-06 00:28:01,072 [HID병목]   [00:26:40] M16HUB 정상(보고 269 미보고 1 JAM 0)
2026-10-06 00:28:51,032 [HID병목]   [00:27:30] M16HUB 정상(보고 269 미보고 1 JAM 0)
2026-10-06 00:29:41,065 [HID병목]   [00:28:20] M16HUB 정상(보고 269 미보고 1 JAM 0)
2026-10-06 00:30:31,076 [HID병목]   [00:29:10] M16HUB 정상(보고 269 미보고 1 JAM 0)
2026-10-06 00:31:21,076 [HID병목]   [00:30:00] M16HUB 정상(보고 269 미보고 1 JAM 0)
2026-10-06 00:32:11,042 [HID병목]   [00:30:50] M16HUB 정상(보고 269 미보고 1 JAM 0)
2026-10-06 00:33:01,176 [HID병목]   [00:31:40] M16HUB 정상(보고 269 미보고 1 JAM 0)
2026-10-06 00:33:51,074 [HID병목]   [00:32:30] M16HUB 정상(보고 269 미보고 1 JAM 0)
2026-10-06 00:34:41,043 [HID병목]   [00:33:20] M16HUB 정상(보고 269 미보고 1 JAM 0)
2026-10-06 00:35:31,071 [HID병목]   [00:34:10] M16HUB 정상(보고 269 미보고 1 JAM 0)
2026-10-06 00:36:21,065 [HID병목]   [00:35:00] M16HUB 정상(보고 269 미보고 1 JAM 0)
2026-10-06 00:37:11,076 [HID병목]   [00:35:50] M16HUB 정상(보고 269 미보고 1 JAM 0)
2026-10-06 00:38:01,033 [HID병목]   [00:36:40] M16HUB 정상(보고 269 미보고 1 JAM 0)
2026-10-06 00:38:51,046 [HID병목]   [00:37:30] M16HUB 정상(보고 269 미보고 1 JAM 0)
2026-10-06 00:39:41,597 [HID병목]   [00:38:20] M16HUB 정상(보고 269 미보고 1 JAM 0)
2026-10-06 00:40:31,076 [HID병목]   [00:39:10] M16HUB 정상(보고 269 미보고 1 JAM 0)
2026-10-06 00:41:21,078 [HID병목]   [00:40:00] M16HUB 정상(보고 269 미보고 1 JAM 0)
2026-10-06 00:42:11,076 [HID병목]   [00:40:50] M16HUB 정상(보고 268 미보고 2 JAM 0)
2026-10-06 00:43:01,084 [HID병목]   [00:41:40] M16HUB 정상(보고 268 미보고 2 JAM 0)
2026-10-06 00:43:51,075 [HID병목]   [00:42:30] M16HUB 정상(보고 268 미보고 2 JAM 0)
2026-10-06 00:44:41,017 [HID병목]   [00:43:20] M16HUB 정상(보고 269 미보고 1 JAM 0)
2026-10-06 00:45:31,040 [HID병목]   [00:44:10] M16HUB 정상(보고 269 미보고 1 JAM 0)
2026-10-06 00:46:21,072 [HID병목]   [00:45:00] M16HUB 정상(보고 269 미보고 1 JAM 0)
2026-10-06 00:47:11,076 [HID병목]   [00:45:50] M16HUB 정상(보고 269 미보고 1 JAM 0)
2026-10-06 00:48:01,029 [HID병목]   [00:46:40] M16HUB 정상(보고 269 미보고 1 JAM 0)
2026-10-06 00:48:51,077 [HID병목]   [00:47:30] M16HUB 정상(보고 269 미보고 1 JAM 0)
2026-10-06 00:49:41,782 [HID병목]   [00:48:20] M16HUB 정상(보고 269 미보고 1 JAM 0)
2026-10-06 00:50:31,073 [HID병목]   [00:49:10] M16HUB 정상(보고 269 미보고 1 JAM 0)
2026-10-06 00:51:21,078 [HID병목]   [00:50:00] M16HUB 정상(보고 269 미보고 1 JAM 0)
2026-10-06 00:52:11,042 [HID병목]   [00:50:50] M16HUB 정상(보고 269 미보고 1 JAM 0)
2026-10-06 00:53:01,065 [HID병목]   [00:51:40] M16HUB 정상(보고 269 미보고 1 JAM 0)
2026-10-06 00:53:51,075 [HID병목]   [00:52:30] M16HUB 정상(보고 269 미보고 1 JAM 0)
2026-10-06 00:54:41,064 [HID병목]   [00:53:20] M16HUB 정상(보고 269 미보고 1 JAM 0)
2026-10-06 00:55:31,029 [HID병목]   [00:54:10] M16HUB 정상(보고 268 미보고 2 JAM 0)
2026-10-06 00:56:21,706 [HID병목]   [00:55:00] M16HUB 정상(보고 268 미보고 2 JAM 0)
2026-10-06 00:57:11,075 [HID병목]   [00:55:50] M16HUB 정상(보고 268 미보고 2 JAM 0)
2026-10-06 00:58:01,155 [HID병목]   [00:56:40] M16HUB 정상(보고 269 미보고 1 JAM 0)
2026-10-06 00:58:51,031 [HID병목]   [00:57:30] M16HUB 정상(보고 269 미보고 1 JAM 0)
2026-10-06 00:59:41,056 [HID병목]   [00:58:20] M16HUB 정상(보고 268 미보고 2 JAM 0)
2026-10-06 01:00:31,497 [HID병목]   [00:59:10] M16HUB 정상(보고 268 미보고 2 JAM 0)
2026-10-06 01:01:21,311 [HID병목]   [01:00:00] M16HUB 정상(보고 268 미보고 2 JAM 0)
2026-10-06 01:02:11,064 [HID병목]   [01:00:50] M16HUB 정상(보고 269 미보고 1 JAM 0)
2026-10-06 01:03:01,152 [HID병목]   [01:01:40] M16HUB 정상(보고 269 미보고 0 JAM 0)
2026-10-06 01:03:51,032 [HID병목]   [01:02:30] M16HUB 정상(보고 269 미보고 0 JAM 0)
2026-10-06 01:04:41,049 [HID병목]   [01:03:20] M16HUB 정상(보고 269 미보고 0 JAM 0)
2026-10-06 01:05:31,024 [HID병목]   [01:04:10] M16HUB 정상(보고 269 미보고 0 JAM 0)
2026-10-06 01:06:21,231 [HID병목]   [01:05:00] M16HUB 정상(보고 269 미보고 0 JAM 0)
2026-10-06 01:07:11,053 [HID병목]   [01:05:50] M16HUB 정상(보고 269 미보고 0 JAM 0)
2026-10-06 01:08:01,149 [HID병목]   [01:06:40] M16HUB 정상(보고 269 미보고 0 JAM 0)
2026-10-06 01:08:51,074 [HID병목]   [01:07:30] M16HUB 정상(보고 269 미보고 0 JAM 0)
2026-10-06 01:09:41,055 [HID병목]   [01:08:20] M16HUB 정상(보고 269 미보고 0 JAM 0)
2026-10-06 01:10:31,956 [HID병목]   [01:09:10] M16HUB 정상(보고 269 미보고 0 JAM 0)
2026-10-06 01:11:21,042 [HID병목]   [01:10:00] M16HUB 정상(보고 269 미보고 0 JAM 0)
2026-10-06 01:12:11,073 [HID병목]   [01:10:50] M16HUB 정상(보고 269 미보고 0 JAM 0)
2026-10-06 01:13:01,060 [HID병목]   [01:11:40] M16HUB 정상(보고 269 미보고 0 JAM 0)
2026-10-06 01:13:51,041 [HID병목]   [01:12:30] M16HUB 정상(보고 269 미보고 0 JAM 0)
2026-10-06 01:14:41,015 [HID병목]   [01:13:20] M16HUB 정상(보고 269 미보고 0 JAM 0)
2026-10-06 01:15:31,028 [HID병목]   [01:14:10] M16HUB 정상(보고 269 미보고 0 JAM 0)
2026-10-06 01:16:21,075 [HID병목]   [01:15:00] M16HUB 정상(보고 268 미보고 1 JAM 0)
2026-10-06 01:17:11,034 [HID병목]   [01:15:50] M16HUB 정상(보고 268 미보고 1 JAM 0)
2026-10-06 01:18:01,108 [HID병목]   [01:16:40] M16HUB 정상(보고 268 미보고 1 JAM 0)
2026-10-06 01:18:51,053 [HID병목]   [01:17:30] M16HUB 정상(보고 269 미보고 0 JAM 0)
2026-10-06 01:19:41,065 [HID병목]   [01:18:20] M16HUB 정상(보고 269 미보고 0 JAM 0)
2026-10-06 01:20:31,054 [HID병목]   [01:19:10] M16HUB 정상(보고 269 미보고 0 JAM 0)
2026-10-06 01:21:21,076 [HID병목]   [01:20:00] M16HUB 정상(보고 269 미보고 0 JAM 0)
2026-10-06 01:22:11,077 [HID병목]   [01:20:50] M16HUB 정상(보고 269 미보고 0 JAM 0)
2026-10-06 01:23:01,079 [HID병목]   [01:21:40] M16HUB 정상(보고 269 미보고 0 JAM 0)
2026-10-06 01:23:51,074 [HID병목]   [01:22:30] M16HUB 정상(보고 269 미보고 0 JAM 0)
2026-10-06 01:24:41,065 [HID병목]   [01:23:20] M16HUB 정상(보고 268 미보고 1 JAM 0)
2026-10-06 01:25:31,024 [HID병목]   [01:24:10] M16HUB 정상(보고 268 미보고 1 JAM 0)
2026-10-06 01:26:21,034 [HID병목]   [01:25:00] M16HUB 정상(보고 268 미보고 1 JAM 0)
2026-10-06 01:27:11,077 [HID병목]   [01:25:50] M16HUB 정상(보고 269 미보고 0 JAM 0)
2026-10-06 01:28:01,070 [HID병목]   [01:26:40] M16HUB 정상(보고 269 미보고 0 JAM 0)
2026-10-06 01:28:51,039 [HID병목]   [01:27:30] M16HUB 정상(보고 269 미보고 0 JAM 0)
2026-10-06 01:29:41,192 [HID병목]   [01:28:20] M16HUB 정상(보고 269 미보고 0 JAM 0)
2026-10-06 01:30:31,024 [HID병목]   [01:29:10] M16HUB 정상(보고 269 미보고 0 JAM 0)
2026-10-06 01:31:22,431 [HID병목]   [01:30:00] M16HUB 정상(보고 268 미보고 1 JAM 0)
2026-10-06 01:32:11,079 [HID병목]   [01:30:50] M16HUB 정상(보고 268 미보고 1 JAM 0)
2026-10-06 01:33:01,069 [HID병목]   [01:31:40] M16HUB 정상(보고 268 미보고 1 JAM 0)
2026-10-06 01:33:51,075 [HID병목]   [01:32:30] M16HUB 정상(보고 269 미보고 0 JAM 0)
2026-10-06 01:34:41,045 [HID병목]   [01:33:20] M16HUB 정상(보고 269 미보고 0 JAM 0)
2026-10-06 01:35:31,389 [HID병목]   [01:34:10] M16HUB 정상(보고 269 미보고 0 JAM 0)
2026-10-06 01:36:21,077 [HID병목]   [01:35:00] M16HUB 정상(보고 269 미보고 0 JAM 0)
2026-10-06 01:37:11,033 [HID병목]   [01:35:50] M16HUB 정상(보고 269 미보고 0 JAM 0)
2026-10-06 01:38:01,042 [HID병목]   [01:36:40] M16HUB 정상(보고 269 미보고 0 JAM 0)
2026-10-06 01:38:51,037 [HID병목]   [01:37:30] M16HUB 정상(보고 269 미보고 0 JAM 0)
2026-10-06 01:39:41,026 [HID병목]   [01:38:20] M16HUB 정상(보고 269 미보고 0 JAM 0)
2026-10-06 01:40:31,499 [HID병목]   [01:39:10] M16HUB 정상(보고 269 미보고 0 JAM 0)
2026-10-06 01:41:21,075 [HID병목]   [01:40:00] M16HUB 정상(보고 269 미보고 0 JAM 0)
2026-10-06 01:42:11,071 [HID병목]   [01:40:50] M16HUB 정상(보고 269 미보고 0 JAM 0)
2026-10-06 01:43:01,123 [HID병목]   [01:41:40] M16HUB 정상(보고 269 미보고 0 JAM 0)
2026-10-06 01:43:51,064 [HID병목]   [01:42:30] M16HUB 정상(보고 268 미보고 1 JAM 0)
2026-10-06 01:44:41,017 [HID병목]   [01:43:20] M16HUB 정상(보고 268 미보고 1 JAM 0)
2026-10-06 01:45:31,074 [HID병목]   [01:44:10] M16HUB 정상(보고 268 미보고 1 JAM 0)
2026-10-06 01:46:21,107 [HID병목]   [01:45:00] M16HUB 정상(보고 269 미보고 0 JAM 0)
2026-10-06 01:47:11,074 [HID병목]   [01:45:50] M16HUB 정상(보고 269 미보고 0 JAM 0)
2026-10-06 01:48:01,083 [HID병목]   [01:46:40] M16HUB 정상(보고 269 미보고 0 JAM 0)
2026-10-06 01:48:51,075 [HID병목]   [01:47:30] M16HUB 정상(보고 269 미보고 0 JAM 0)
2026-10-06 01:49:41,020 [HID병목]   [01:48:20] M16HUB 정상(보고 269 미보고 0 JAM 0)
2026-10-06 01:50:31,033 [HID병목]   [01:49:10] M16HUB 정상(보고 269 미보고 0 JAM 0)
2026-10-06 01:51:21,074 [HID병목]   [01:50:00] M16HUB 정상(보고 269 미보고 0 JAM 0)
2026-10-06 01:52:11,074 [HID병목]   [01:50:50] M16HUB 정상(보고 269 미보고 0 JAM 0)
2026-10-06 01:53:01,083 [HID병목]   [01:51:40] M16HUB 정상(보고 269 미보고 0 JAM 0)
2026-10-06 01:53:51,049 [HID병목]   [01:52:30] M16HUB 정상(보고 269 미보고 0 JAM 0)
2026-10-06 01:54:41,100 [HID병목]   [01:53:20] M16HUB 정상(보고 269 미보고 0 JAM 0)
2026-10-06 01:55:31,073 [HID병목]   [01:54:10] M16HUB 정상(보고 269 미보고 0 JAM 0)
2026-10-06 01:56:21,898 [HID병목]   [01:55:00] M16HUB 정상(보고 269 미보고 0 JAM 0)
2026-10-06 01:57:11,050 [HID병목]   [01:55:50] M16HUB 정상(보고 268 미보고 1 JAM 0)
2026-10-06 01:58:01,087 [HID병목]   [01:56:40] M16HUB 정상(보고 268 미보고 1 JAM 0)
2026-10-06 01:58:51,075 [HID병목]   [01:57:30] M16HUB 정상(보고 268 미보고 1 JAM 0)
2026-10-06 01:59:41,066 [HID병목]   [01:58:20] M16HUB 정상(보고 268 미보고 1 JAM 0)
2026-10-06 02:00:31,037 [HID병목]   [01:59:10] M16HUB 정상(보고 269 미보고 0 JAM 0)
2026-10-06 02:01:21,222 [HID병목]   [02:00:00] M16HUB 정상(보고 269 미보고 0 JAM 0)
2026-10-06 02:02:11,075 [HID병목]   [02:00:50] M16HUB 정상(보고 269 미보고 0 JAM 0)
2026-10-06 02:03:01,079 [HID병목]   [02:01:40] M16HUB 정상(보고 269 미보고 0 JAM 0)
2026-10-06 02:03:51,075 [HID병목]   [02:02:30] M16HUB 정상(보고 269 미보고 0 JAM 0)
2026-10-06 02:04:41,056 [HID병목]   [02:03:20] M16HUB 정상(보고 269 미보고 0 JAM 0)
2026-10-06 02:05:31,053 [HID병목]   [02:04:10] M16HUB 정상(보고 269 미보고 0 JAM 0)
2026-10-06 02:06:21,172 [HID병목]   [02:05:00] M16HUB 정상(보고 269 미보고 0 JAM 0)
2026-10-06 02:07:11,064 [HID병목]   [02:05:50] M16HUB 정상(보고 269 미보고 0 JAM 0)
2026-10-06 02:08:01,078 [HID병목]   [02:06:40] M16HUB 정상(보고 269 미보고 0 JAM 0)
2026-10-06 02:08:51,033 [HID병목]   [02:07:30] M16HUB 정상(보고 269 미보고 0 JAM 0)
2026-10-06 02:09:41,014 [HID병목]   [02:08:20] M16HUB 정상(보고 269 미보고 0 JAM 0)
2026-10-06 02:10:31,073 [HID병목]   [02:09:10] M16HUB 정상(보고 269 미보고 0 JAM 0)
2026-10-06 02:11:21,917 [HID병목]   [02:10:00] M16HUB 정상(보고 269 미보고 0 JAM 0)
2026-10-06 02:12:11,069 [HID병목]   [02:10:50] M16HUB 정상(보고 269 미보고 0 JAM 0)
2026-10-06 02:13:01,046 [HID병목]   [02:11:40] M16HUB 정상(보고 269 미보고 0 JAM 0)
2026-10-06 02:13:51,075 [HID병목]   [02:12:30] M16HUB 정상(보고 269 미보고 0 JAM 0)
2026-10-06 02:14:43,570 [HID병목]   [02:13:20] M16HUB 정상(보고 268 미보고 1 JAM 0)
2026-10-06 02:15:31,028 [HID병목]   [02:14:10] M16HUB 정상(보고 268 미보고 1 JAM 0)
2026-10-06 02:16:23,558 [HID병목]   [02:15:00] M16HUB 정상(보고 268 미보고 1 JAM 0)
2026-10-06 02:17:11,034 [HID병목]   [02:15:50] M16HUB 정상(보고 269 미보고 0 JAM 0)
2026-10-06 02:18:01,089 [HID병목]   [02:16:40] M16HUB 정상(보고 269 미보고 0 JAM 0)
2026-10-06 02:18:51,049 [HID병목]   [02:17:30] M16HUB 정상(보고 269 미보고 0 JAM 0)
2026-10-06 02:19:41,064 [HID병목]   [02:18:20] M16HUB 정상(보고 268 미보고 1 JAM 0)
2026-10-06 02:20:31,075 [HID병목]   [02:19:10] M16HUB 정상(보고 268 미보고 1 JAM 0)
2026-10-06 02:21:21,077 [HID병목]   [02:20:00] M16HUB 정상(보고 268 미보고 1 JAM 0)
2026-10-06 02:22:11,078 [HID병목]   [02:20:50] M16HUB 정상(보고 269 미보고 0 JAM 0)
2026-10-06 02:23:01,034 [HID병목]   [02:21:40] M16HUB 정상(보고 269 미보고 0 JAM 0)
2026-10-06 02:23:51,031 [HID병목]   [02:22:30] M16HUB 정상(보고 269 미보고 0 JAM 0)
2026-10-06 02:24:41,065 [HID병목]   [02:23:20] M16HUB 정상(보고 269 미보고 0 JAM 0)
2026-10-06 02:25:31,074 [HID병목]   [02:24:10] M16HUB 정상(보고 269 미보고 0 JAM 0)
2026-10-06 02:26:21,059 [HID병목]   [02:25:00] M16HUB 정상(보고 268 미보고 1 JAM 0)
2026-10-06 02:27:11,183 [HID병목]   [02:25:50] M16HUB 정상(보고 268 미보고 1 JAM 0)
2026-10-06 02:28:01,057 [HID병목]   [02:26:40] M16HUB 정상(보고 268 미보고 1 JAM 0)
2026-10-06 02:28:51,073 [HID병목]   [02:27:30] M16HUB 정상(보고 269 미보고 0 JAM 0)
2026-10-06 02:29:41,066 [HID병목]   [02:28:20] M16HUB 정상(보고 269 미보고 0 JAM 0)
2026-10-06 02:30:31,074 [HID병목]   [02:29:10] M16HUB 정상(보고 269 미보고 0 JAM 0)
2026-10-06 02:31:21,933 [HID병목]   [02:30:00] M16HUB 정상(보고 269 미보고 0 JAM 0)
2026-10-06 02:32:11,047 [HID병목]   [02:30:50] M16HUB 정상(보고 268 미보고 1 JAM 0)
2026-10-06 02:33:01,151 [HID병목]   [02:31:40] M16HUB 정상(보고 268 미보고 1 JAM 0)
2026-10-06 02:33:51,023 [HID병목]   [02:32:30] M16HUB 정상(보고 268 미보고 1 JAM 0)
2026-10-06 02:34:41,065 [HID병목]   [02:33:20] M16HUB 정상(보고 269 미보고 0 JAM 0)
2026-10-06 02:35:31,124 [HID병목]   [02:34:10] M16HUB 정상(보고 269 미보고 0 JAM 0)
2026-10-06 02:36:21,070 [HID병목]   [02:35:00] M16HUB 정상(보고 269 미보고 0 JAM 0)
2026-10-06 02:37:11,024 [HID병목]   [02:35:50] M16HUB 정상(보고 269 미보고 0 JAM 0)
2026-10-06 02:38:01,070 [HID병목]   [02:36:40] M16HUB 정상(보고 269 미보고 0 JAM 0)
2026-10-06 02:38:51,038 [HID병목]   [02:37:30] M16HUB 정상(보고 269 미보고 0 JAM 0)
2026-10-06 02:39:41,063 [HID병목]   [02:38:20] M16HUB 정상(보고 269 미보고 0 JAM 0)
2026-10-06 02:40:31,709 [HID병목]   [02:39:10] M16HUB 정상(보고 269 미보고 0 JAM 0)
2026-10-06 02:41:21,034 [HID병목]   [02:40:00] M16HUB 정상(보고 269 미보고 0 JAM 0)
2026-10-06 02:42:11,080 [HID병목]   [02:40:50] M16HUB 정상(보고 269 미보고 0 JAM 0)
2026-10-06 02:43:01,070 [HID병목]   [02:41:40] M16HUB 정상(보고 269 미보고 0 JAM 0)
2026-10-06 02:43:51,033 [HID병목]   [02:42:30] M16HUB 정상(보고 269 미보고 0 JAM 0)
2026-10-06 02:44:41,057 [HID병목]   [02:43:20] M16HUB 정상(보고 269 미보고 0 JAM 0)
2026-10-06 02:45:31,086 [HID병목]   [02:44:10] M16HUB 정상(보고 268 미보고 1 JAM 0)
2026-10-06 02:46:21,338 [HID병목]   [02:45:00] M16HUB 정상(보고 268 미보고 1 JAM 0)
2026-10-06 02:47:11,061 [HID병목]   [02:45:50] M16HUB 정상(보고 268 미보고 1 JAM 0)
2026-10-06 02:48:01,081 [HID병목]   [02:46:40] M16HUB 정상(보고 269 미보고 0 JAM 0)
2026-10-06 02:48:51,074 [HID병목]   [02:47:30] M16HUB 정상(보고 269 미보고 0 JAM 0)
2026-10-06 02:49:42,656 [HID병목]   [02:48:20] M16HUB 정상(보고 269 미보고 0 JAM 0)
2026-10-06 02:50:31,072 [HID병목]   [02:49:10] M16HUB 정상(보고 269 미보고 0 JAM 0)
2026-10-06 02:51:21,852 [HID병목]   [02:50:00] M16HUB 정상(보고 269 미보고 0 JAM 0)
2026-10-06 02:52:11,075 [HID병목]   [02:50:50] M16HUB 정상(보고 269 미보고 0 JAM 0)
2026-10-06 02:53:01,147 [HID병목]   [02:51:40] M16HUB 정상(보고 269 미보고 0 JAM 0)
2026-10-06 02:53:51,075 [HID병목]   [02:52:30] M16HUB 정상(보고 268 미보고 1 JAM 0)
2026-10-06 02:54:45,032 [HID병목]   [02:53:20] M16HUB 정상(보고 268 미보고 1 JAM 0)
2026-10-06 02:55:31,110 [HID병목]   [02:54:10] M16HUB 정상(보고 268 미보고 1 JAM 0)
2026-10-06 02:56:21,208 [HID병목]   [02:55:00] M16HUB 정상(보고 269 미보고 0 JAM 0)
2026-10-06 02:57:11,074 [HID병목]   [02:55:50] M16HUB 정상(보고 269 미보고 0 JAM 0)
2026-10-06 02:58:01,085 [HID병목]   [02:56:40] M16HUB 정상(보고 269 미보고 0 JAM 0)
2026-10-06 02:58:51,076 [HID병목]   [02:57:30] M16HUB 정상(보고 269 미보고 0 JAM 0)
2026-10-06 02:59:41,429 [HID병목]   [02:58:20] M16HUB 정상(보고 269 미보고 0 JAM 0)
2026-10-06 03:00:50,712 [HID병목]   [02:59:10] M16HUB 정상(보고 269 미보고 0 JAM 0)
2026-10-06 03:01:21,066 [HID병목]   [03:00:00] M16HUB 정상(보고 269 미보고 0 JAM 0)
2026-10-06 03:02:11,070 [HID병목]   [03:00:50] M16HUB 정상(보고 269 미보고 0 JAM 0)
2026-10-06 03:03:01,163 [HID병목]   [03:01:40] M16HUB 정상(보고 269 미보고 0 JAM 0)
2026-10-06 03:03:51,058 [HID병목]   [03:02:30] M16HUB 정상(보고 269 미보고 0 JAM 0)
2026-10-06 03:04:41,023 [HID병목]   [03:03:20] M16HUB 정상(보고 269 미보고 0 JAM 0)
2026-10-06 03:05:31,059 [HID병목]   [03:04:10] M16HUB 정상(보고 269 미보고 0 JAM 0)
2026-10-06 03:06:21,067 [HID병목]   [03:05:00] M16HUB 정상(보고 269 미보고 0 JAM 0)
2026-10-06 03:07:11,117 [HID병목]   [03:05:50] M16HUB 정상(보고 269 미보고 0 JAM 0)
2026-10-06 03:08:01,081 [HID병목]   [03:06:40] M16HUB 정상(보고 269 미보고 0 JAM 0)
2026-10-06 03:08:51,030 [HID병목]   [03:07:30] M16HUB 정상(보고 269 미보고 0 JAM 0)
2026-10-06 03:09:41,036 [HID병목]   [03:08:20] M16HUB 정상(보고 268 미보고 1 JAM 0)
2026-10-06 03:10:32,514 [HID병목]   [03:09:10] M16HUB 정상(보고 268 미보고 1 JAM 0)
2026-10-06 03:11:21,031 [HID병목]   [03:10:00] M16HUB 정상(보고 268 미보고 1 JAM 0)
2026-10-06 03:12:11,059 [HID병목]   [03:10:50] M16HUB 정상(보고 270 미보고 0 JAM 0)
2026-10-06 03:13:01,075 [HID병목]   [03:11:40] M16HUB 정상(보고 270 미보고 0 JAM 0)
2026-10-06 03:13:51,025 [HID병목]   [03:12:30] M16HUB 정상(보고 270 미보고 0 JAM 0)
2026-10-06 03:14:41,021 [HID병목]   [03:13:20] M16HUB 정상(보고 270 미보고 0 JAM 0)
2026-10-06 03:15:31,074 [HID병목]   [03:14:10] M16HUB 정상(보고 270 미보고 0 JAM 0)
2026-10-06 03:16:21,073 [HID병목]   [03:15:00] M16HUB 정상(보고 270 미보고 0 JAM 0)
2026-10-06 03:17:11,035 [HID병목]   [03:15:50] M16HUB 정상(보고 270 미보고 0 JAM 0)
2026-10-06 03:18:01,033 [HID병목]   [03:16:40] M16HUB 정상(보고 270 미보고 0 JAM 0)
2026-10-06 03:18:51,077 [HID병목]   [03:17:30] M16HUB 정상(보고 270 미보고 0 JAM 0)
2026-10-06 03:19:41,023 [HID병목]   [03:18:20] M16HUB 정상(보고 270 미보고 0 JAM 0)
2026-10-06 03:20:31,602 [HID병목]   [03:19:10] M16HUB 정상(보고 270 미보고 0 JAM 0)
2026-10-06 03:21:21,064 [HID병목]   [03:20:00] M16HUB 정상(보고 270 미보고 0 JAM 0)
2026-10-06 03:22:11,076 [HID병목]   [03:20:50] M16HUB 정상(보고 270 미보고 0 JAM 0)
2026-10-06 03:23:01,115 [HID병목]   [03:21:40] M16HUB 정상(보고 270 미보고 0 JAM 0)
2026-10-06 03:23:51,075 [HID병목]   [03:22:30] M16HUB 정상(보고 269 미보고 1 JAM 0)
2026-10-06 03:24:41,073 [HID병목]   [03:23:20] M16HUB 정상(보고 269 미보고 1 JAM 0)
2026-10-06 03:25:31,063 [HID병목]   [03:24:10] M16HUB 정상(보고 269 미보고 1 JAM 0)
2026-10-06 03:26:21,035 [HID병목]   [03:25:00] M16HUB 정상(보고 270 미보고 0 JAM 0)
2026-10-06 03:27:11,076 [HID병목]   [03:25:50] M16HUB 정상(보고 270 미보고 0 JAM 0)
2026-10-06 03:28:01,080 [HID병목]   [03:26:40] M16HUB 정상(보고 270 미보고 0 JAM 0)
2026-10-06 03:28:51,065 [HID병목]   [03:27:30] M16HUB 정상(보고 270 미보고 0 JAM 0)
2026-10-06 03:29:41,021 [HID병목]   [03:28:20] M16HUB 정상(보고 270 미보고 0 JAM 0)
2026-10-06 03:30:31,947 [HID병목]   [03:29:10] M16HUB 정상(보고 270 미보고 0 JAM 0)
2026-10-06 03:31:21,034 [HID병목]   [03:30:00] M16HUB 정상(보고 270 미보고 0 JAM 0)
2026-10-06 03:32:11,103 [HID병목]   [03:30:50] M16HUB 정상(보고 270 미보고 0 JAM 0)
2026-10-06 03:33:01,082 [HID병목]   [03:31:40] M16HUB 정상(보고 270 미보고 0 JAM 0)
2026-10-06 03:33:51,075 [HID병목]   [03:32:30] M16HUB 정상(보고 270 미보고 0 JAM 0)
2026-10-06 03:34:41,019 [HID병목]   [03:33:20] M16HUB 정상(보고 270 미보고 0 JAM 0)
2026-10-06 03:35:31,059 [HID병목]   [03:34:10] M16HUB 정상(보고 270 미보고 0 JAM 0)
2026-10-06 03:36:21,900 [HID병목]   [03:35:00] M16HUB 정상(보고 270 미보고 0 JAM 0)
2026-10-06 03:37:11,075 [HID병목]   [03:35:50] M16HUB 정상(보고 270 미보고 0 JAM 0)
2026-10-06 03:38:01,076 [HID병목]   [03:36:40] M16HUB 정상(보고 270 미보고 0 JAM 0)
2026-10-06 03:38:51,052 [HID병목]   [03:37:30] M16HUB 정상(보고 270 미보고 0 JAM 0)
2026-10-06 03:39:41,064 [HID병목]   [03:38:20] M16HUB 정상(보고 270 미보고 0 JAM 0)
2026-10-06 03:40:31,084 [HID병목]   [03:39:10] M16HUB 정상(보고 270 미보고 0 JAM 0)
2026-10-06 03:41:21,037 [HID병목]   [03:40:00] M16HUB 정상(보고 269 미보고 1 JAM 0)
2026-10-06 03:42:11,065 [HID병목]   [03:40:50] M16HUB 정상(보고 269 미보고 1 JAM 0)
2026-10-06 03:43:01,081 [HID병목]   [03:41:40] M16HUB 정상(보고 269 미보고 1 JAM 0)
2026-10-06 03:43:51,078 [HID병목]   [03:42:30] M16HUB 정상(보고 270 미보고 0 JAM 0)
2026-10-06 03:44:41,066 [HID병목]   [03:43:20] M16HUB 정상(보고 270 미보고 0 JAM 0)
2026-10-06 03:45:31,075 [HID병목]   [03:44:10] M16HUB 정상(보고 270 미보고 0 JAM 0)
2026-10-06 03:46:21,272 [HID병목]   [03:45:00] M16HUB 정상(보고 270 미보고 0 JAM 0)
2026-10-06 03:47:11,027 [HID병목]   [03:45:50] M16HUB 정상(보고 270 미보고 0 JAM 0)
2026-10-06 03:48:01,076 [HID병목]   [03:46:40] M16HUB 정상(보고 270 미보고 0 JAM 0)
2026-10-06 03:48:51,074 [HID병목]   [03:47:30] M16HUB 정상(보고 270 미보고 0 JAM 0)
2026-10-06 03:49:41,038 [HID병목]   [03:48:20] M16HUB 정상(보고 270 미보고 0 JAM 0)
2026-10-06 03:50:31,075 [HID병목]   [03:49:10] M16HUB 정상(보고 270 미보고 0 JAM 0)
2026-10-06 03:51:21,087 [HID병목]   [03:50:00] M16HUB 정상(보고 270 미보고 0 JAM 0)
2026-10-06 03:52:11,076 [HID병목]   [03:50:50] M16HUB 정상(보고 270 미보고 0 JAM 0)
2026-10-06 03:53:01,038 [HID병목]   [03:51:40] M16HUB 정상(보고 270 미보고 0 JAM 0)
2026-10-06 03:53:51,057 [HID병목]   [03:52:30] M16HUB 정상(보고 270 미보고 0 JAM 0)
2026-10-06 03:54:41,062 [HID병목]   [03:53:20] M16HUB 정상(보고 270 미보고 0 JAM 0)
2026-10-06 03:55:31,077 [HID병목]   [03:54:10] M16HUB 정상(보고 270 미보고 0 JAM 0)
2026-10-06 03:56:21,078 [HID병목]   [03:55:00] M16HUB 정상(보고 270 미보고 0 JAM 0)
2026-10-06 03:57:11,075 [HID병목]   [03:55:50] M16HUB 정상(보고 270 미보고 0 JAM 0)
2026-10-06 03:58:01,071 [HID병목]   [03:56:40] M16HUB 정상(보고 270 미보고 0 JAM 0)
2026-10-06 03:58:51,076 [HID병목]   [03:57:30] M16HUB 정상(보고 270 미보고 0 JAM 0)
2026-10-06 03:59:41,066 [HID병목]   [03:58:20] M16HUB 정상(보고 270 미보고 0 JAM 0)
2026-10-06 04:00:31,076 [HID병목]   [03:59:10] M16HUB 정상(보고 270 미보고 0 JAM 0)
2026-10-06 04:01:21,086 [HID병목]   [04:00:00] M16HUB 정상(보고 270 미보고 0 JAM 0)
2026-10-06 04:02:11,079 [HID병목]   [04:00:50] M16HUB 정상(보고 270 미보고 0 JAM 0)
2026-10-06 04:03:01,082 [HID병목]   [04:01:40] M16HUB 정상(보고 270 미보고 0 JAM 0)
2026-10-06 04:03:51,072 [HID병목]   [04:02:30] M16HUB 정상(보고 270 미보고 0 JAM 0)
2026-10-06 04:04:41,024 [HID병목]   [04:03:20] M16HUB 정상(보고 270 미보고 0 JAM 0)
2026-10-06 04:05:31,033 [HID병목]   [04:04:10] M16HUB 정상(보고 270 미보고 0 JAM 0)
2026-10-06 04:06:21,037 [HID병목]   [04:05:00] M16HUB 정상(보고 269 미보고 1 JAM 0)
2026-10-06 04:07:11,042 [HID병목]   [04:05:50] M16HUB 정상(보고 269 미보고 1 JAM 0)
2026-10-06 04:08:01,076 [HID병목]   [04:06:40] M16HUB 정상(보고 269 미보고 1 JAM 0)
2026-10-06 04:08:51,062 [HID병목]   [04:07:30] M16HUB 정상(보고 270 미보고 0 JAM 0)
2026-10-06 04:09:41,070 [HID병목]   [04:08:20] M16HUB 정상(보고 270 미보고 0 JAM 0)
2026-10-06 04:10:32,618 [HID병목]   [04:09:10] M16HUB 정상(보고 270 미보고 0 JAM 0)
2026-10-06 04:11:21,027 [HID병목]   [04:10:00] M16HUB 정상(보고 270 미보고 0 JAM 0)
2026-10-06 04:12:11,090 [HID병목]   [04:10:50] M16HUB 정상(보고 269 미보고 1 JAM 0)
2026-10-06 04:13:01,086 [HID병목]   [04:11:40] M16HUB 정상(보고 269 미보고 1 JAM 0)
2026-10-06 04:13:51,074 [HID병목]   [04:12:30] M16HUB 정상(보고 269 미보고 1 JAM 0)
2026-10-06 04:14:41,063 [HID병목]   [04:13:20] M16HUB 정상(보고 270 미보고 0 JAM 0)
2026-10-06 04:15:31,084 [HID병목]   [04:14:10] M16HUB 정상(보고 270 미보고 0 JAM 0)
2026-10-06 04:16:21,074 [HID병목]   [04:15:00] M16HUB 정상(보고 270 미보고 0 JAM 0)
2026-10-06 04:17:11,098 [HID병목]   [04:15:50] M16HUB 정상(보고 270 미보고 0 JAM 0)
2026-10-06 04:18:01,050 [HID병목]   [04:16:40] M16HUB 정상(보고 270 미보고 0 JAM 0)
2026-10-06 04:18:58,440 [HID병목]   [04:17:30] M16HUB 정상(보고 270 미보고 0 JAM 0)
2026-10-06 04:19:41,056 [HID병목]   [04:18:20] M16HUB 정상(보고 270 미보고 0 JAM 0)
2026-10-06 04:20:31,076 [HID병목]   [04:19:10] M16HUB 정상(보고 270 미보고 0 JAM 0)
2026-10-06 04:21:21,364 [HID병목]   [04:20:00] M16HUB 정상(보고 270 미보고 0 JAM 0)
2026-10-06 04:22:11,074 [HID병목]   [04:20:50] M16HUB 정상(보고 270 미보고 0 JAM 0)
2026-10-06 04:23:01,082 [HID병목]   [04:21:40] M16HUB 정상(보고 270 미보고 0 JAM 0)
2026-10-06 04:23:51,073 [HID병목]   [04:22:30] M16HUB 정상(보고 270 미보고 0 JAM 0)
2026-10-06 04:24:41,016 [HID병목]   [04:23:20] M16HUB 정상(보고 270 미보고 0 JAM 0)
2026-10-06 04:25:31,076 [HID병목]   [04:24:10] M16HUB 정상(보고 270 미보고 0 JAM 0)
2026-10-06 04:26:21,084 [HID병목]   [04:25:00] M16HUB 정상(보고 270 미보고 0 JAM 0)
2026-10-06 04:27:11,078 [HID병목]   [04:25:50] M16HUB 정상(보고 270 미보고 0 JAM 0)
2026-10-06 04:28:01,078 [HID병목]   [04:26:40] M16HUB 정상(보고 270 미보고 0 JAM 0)
2026-10-06 04:28:51,075 [HID병목]   [04:27:30] M16HUB 정상(보고 270 미보고 0 JAM 0)
2026-10-06 04:29:43,507 [HID병목]   [04:28:20] M16HUB 정상(보고 270 미보고 0 JAM 0)
2026-10-06 04:30:31,103 [HID병목]   [04:29:10] M16HUB 정상(보고 270 미보고 0 JAM 0)
2026-10-06 04:31:21,247 [HID병목]   [04:30:00] M16HUB 정상(보고 270 미보고 0 JAM 0)
2026-10-06 04:32:11,079 [HID병목]   [04:30:50] M16HUB 정상(보고 270 미보고 0 JAM 0)
2026-10-06 04:33:01,107 [HID병목]   [04:31:40] M16HUB 정상(보고 270 미보고 0 JAM 0)
2026-10-06 04:33:51,024 [HID병목]   [04:32:30] M16HUB 정상(보고 270 미보고 0 JAM 0)
2026-10-06 04:34:41,042 [HID병목]   [04:33:20] M16HUB 정상(보고 270 미보고 0 JAM 0)
2026-10-06 04:35:31,055 [HID병목]   [04:34:10] M16HUB 정상(보고 270 미보고 0 JAM 0)
2026-10-06 04:36:22,081 [HID병목]   [04:35:00] M16HUB 정상(보고 270 미보고 0 JAM 0)
2026-10-06 04:37:11,078 [HID병목]   [04:35:50] M16HUB 정상(보고 270 미보고 0 JAM 0)
2026-10-06 04:38:01,096 [HID병목]   [04:36:40] M16HUB 정상(보고 270 미보고 0 JAM 0)
2026-10-06 04:38:51,055 [HID병목]   [04:37:30] M16HUB 정상(보고 270 미보고 0 JAM 0)
2026-10-06 04:39:41,099 [HID병목]   [04:38:20] M16HUB 정상(보고 270 미보고 0 JAM 0)
2026-10-06 04:40:31,076 [HID병목]   [04:39:10] M16HUB 정상(보고 270 미보고 0 JAM 0)
2026-10-06 04:41:21,185 [HID병목]   [04:40:00] M16HUB 정상(보고 270 미보고 0 JAM 0)
2026-10-06 04:42:11,043 [HID병목]   [04:40:50] M16HUB 정상(보고 270 미보고 0 JAM 0)
2026-10-06 04:43:01,082 [HID병목]   [04:41:40] M16HUB 정상(보고 270 미보고 0 JAM 0)
2026-10-06 04:43:51,050 [HID병목]   [04:42:30] M16HUB 정상(보고 270 미보고 0 JAM 0)
2026-10-06 04:44:41,016 [HID병목]   [04:43:20] M16HUB 정상(보고 270 미보고 0 JAM 0)
2026-10-06 04:45:31,045 [HID병목]   [04:44:10] M16HUB 정상(보고 270 미보고 0 JAM 0)
2026-10-06 04:46:21,525 [HID병목]   [04:45:00] M16HUB 정상(보고 270 미보고 0 JAM 0)
2026-10-06 04:47:11,097 [HID병목]   [04:45:50] M16HUB 정상(보고 270 미보고 0 JAM 0)
2026-10-06 04:48:01,117 [HID병목]   [04:46:40] M16HUB 정상(보고 270 미보고 0 JAM 0)
2026-10-06 04:48:51,076 [HID병목]   [04:47:30] M16HUB 정상(보고 270 미보고 0 JAM 0)
2026-10-06 04:49:41,066 [HID병목]   [04:48:20] M16HUB 정상(보고 270 미보고 0 JAM 0)
2026-10-06 04:50:31,391 [HID병목]   [04:49:10] M16HUB 정상(보고 270 미보고 0 JAM 0)
2026-10-06 04:51:21,073 [HID병목]   [04:50:00] M16HUB 정상(보고 270 미보고 0 JAM 0)
2026-10-06 04:52:11,041 [HID병목]   [04:50:50] M16HUB 정상(보고 270 미보고 0 JAM 0)
2026-10-06 04:53:01,080 [HID병목]   [04:51:40] M16HUB 정상(보고 270 미보고 0 JAM 0)
2026-10-06 04:53:51,074 [HID병목]   [04:52:30] M16HUB 정상(보고 270 미보고 0 JAM 0)
2026-10-06 04:54:41,648 [HID병목]   [04:53:20] M16HUB 정상(보고 270 미보고 0 JAM 0)
2026-10-06 04:55:31,061 [HID병목]   [04:54:10] M16HUB 정상(보고 270 미보고 0 JAM 0)
2026-10-06 04:56:21,263 [HID병목]   [04:55:00] M16HUB 정상(보고 270 미보고 0 JAM 0)
2026-10-06 04:57:11,086 [HID병목]   [04:55:50] M16HUB 정상(보고 270 미보고 0 JAM 0)
2026-10-06 04:58:01,081 [HID병목]   [04:56:40] M16HUB 정상(보고 270 미보고 0 JAM 0)
2026-10-06 04:58:51,033 [HID병목]   [04:57:30] M16HUB 정상(보고 270 미보고 0 JAM 0)
2026-10-06 04:59:41,968 [HID병목]   [04:58:20] M16HUB 정상(보고 270 미보고 0 JAM 0)
2026-10-06 05:00:31,104 [HID병목]   [04:59:10] M16HUB 정상(보고 270 미보고 0 JAM 0)
2026-10-06 05:01:21,088 [HID병목]   [05:00:00] M16HUB 정상(보고 270 미보고 0 JAM 0)
2026-10-06 05:02:11,076 [HID병목]   [05:00:50] M16HUB 정상(보고 270 미보고 0 JAM 0)
2026-10-06 05:03:01,099 [HID병목]   [05:01:40] M16HUB 정상(보고 270 미보고 0 JAM 0)
2026-10-06 05:03:51,070 [HID병목]   [05:02:30] M16HUB 정상(보고 270 미보고 0 JAM 0)
2026-10-06 05:04:41,066 [HID병목]   [05:03:20] M16HUB 정상(보고 270 미보고 0 JAM 0)
2026-10-06 05:05:31,039 [HID병목]   [05:04:10] M16HUB 정상(보고 270 미보고 0 JAM 0)
2026-10-06 05:06:21,042 [HID병목]   [05:05:00] M16HUB 정상(보고 270 미보고 0 JAM 0)
2026-10-06 05:07:11,076 [HID병목]   [05:05:50] M16HUB 정상(보고 270 미보고 0 JAM 0)
2026-10-06 05:08:01,094 [HID병목]   [05:06:40] M16HUB 정상(보고 270 미보고 0 JAM 0)
2026-10-06 05:08:51,077 [HID병목]   [05:07:30] M16HUB 정상(보고 270 미보고 0 JAM 0)
2026-10-06 05:09:41,065 [HID병목]   [05:08:20] M16HUB 정상(보고 270 미보고 0 JAM 0)
2026-10-06 05:10:31,023 [HID병목]   [05:09:10] M16HUB 정상(보고 270 미보고 0 JAM 0)
2026-10-06 05:11:21,401 [HID병목]   [05:10:00] M16HUB 정상(보고 270 미보고 0 JAM 0)
2026-10-06 05:12:11,030 [HID병목]   [05:10:50] M16HUB 정상(보고 270 미보고 0 JAM 0)
2026-10-06 05:13:01,079 [HID병목]   [05:11:40] M16HUB 정상(보고 270 미보고 0 JAM 0)
2026-10-06 05:13:51,053 [HID병목]   [05:12:30] M16HUB 정상(보고 270 미보고 0 JAM 0)
2026-10-06 05:14:41,061 [HID병목]   [05:13:20] M16HUB 정상(보고 270 미보고 0 JAM 0)
2026-10-06 05:15:31,085 [HID병목]   [05:14:10] M16HUB 정상(보고 270 미보고 0 JAM 0)
2026-10-06 05:16:21,434 [HID병목]   [05:15:00] M16HUB 정상(보고 270 미보고 0 JAM 0)
2026-10-06 05:17:11,074 [HID병목]   [05:15:50] M16HUB 정상(보고 270 미보고 0 JAM 0)
2026-10-06 05:18:01,087 [HID병목]   [05:16:40] M16HUB 정상(보고 270 미보고 0 JAM 0)
2026-10-06 05:18:51,033 [HID병목]   [05:17:30] M16HUB 정상(보고 270 미보고 0 JAM 0)
2026-10-06 05:19:41,063 [HID병목]   [05:18:20] M16HUB 정상(보고 269 미보고 1 JAM 0)
2026-10-06 05:20:31,085 [HID병목]   [05:19:10] M16HUB 정상(보고 269 미보고 1 JAM 0)
2026-10-06 05:21:21,110 [HID병목]   [05:20:00] M16HUB 정상(보고 269 미보고 1 JAM 0)
2026-10-06 05:22:11,077 [HID병목]   [05:20:50] M16HUB 정상(보고 270 미보고 0 JAM 0)
2026-10-06 05:23:01,162 [HID병목]   [05:21:40] M16HUB 정상(보고 270 미보고 0 JAM 0)
2026-10-06 05:23:51,072 [HID병목]   [05:22:30] M16HUB 정상(보고 270 미보고 0 JAM 0)
2026-10-06 05:24:41,043 [HID병목]   [05:23:20] M16HUB 정상(보고 270 미보고 0 JAM 0)
2026-10-06 05:25:31,936 [HID병목]   [05:24:10] M16HUB 정상(보고 270 미보고 0 JAM 0)
2026-10-06 05:26:21,077 [HID병목]   [05:25:00] M16HUB 정상(보고 270 미보고 0 JAM 0)
2026-10-06 05:27:11,059 [HID병목]   [05:25:50] M16HUB 정상(보고 270 미보고 0 JAM 0)
2026-10-06 05:28:01,129 [HID병목]   [05:26:40] M16HUB 정상(보고 270 미보고 0 JAM 0)
2026-10-06 05:28:51,067 [HID병목]   [05:27:30] M16HUB 정상(보고 270 미보고 0 JAM 0)
2026-10-06 05:29:41,035 [HID병목]   [05:28:20] M16HUB 정상(보고 270 미보고 0 JAM 0)
2026-10-06 05:30:31,057 [HID병목]   [05:29:10] M16HUB 정상(보고 270 미보고 0 JAM 0)
2026-10-06 05:31:22,040 [HID병목]   [05:30:00] M16HUB 정상(보고 270 미보고 0 JAM 0)
2026-10-06 05:32:11,074 [HID병목]   [05:30:50] M16HUB 정상(보고 270 미보고 0 JAM 0)
2026-10-06 05:33:01,055 [HID병목]   [05:31:40] M16HUB 정상(보고 270 미보고 0 JAM 0)
2026-10-06 05:33:51,086 [HID병목]   [05:32:30] M16HUB 정상(보고 270 미보고 0 JAM 0)
2026-10-06 05:34:41,065 [HID병목]   [05:33:20] M16HUB 정상(보고 270 미보고 0 JAM 0)
2026-10-06 05:35:31,075 [HID병목]   [05:34:10] M16HUB 정상(보고 270 미보고 0 JAM 0)
2026-10-06 05:36:21,089 [HID병목]   [05:35:00] M16HUB 정상(보고 270 미보고 0 JAM 0)
2026-10-06 05:37:11,026 [HID병목]   [05:35:50] M16HUB 정상(보고 270 미보고 0 JAM 0)
2026-10-06 05:38:01,113 [HID병목]   [05:36:40] M16HUB 정상(보고 270 미보고 0 JAM 0)
2026-10-06 05:38:51,075 [HID병목]   [05:37:30] M16HUB 정상(보고 270 미보고 0 JAM 0)
2026-10-06 05:39:45,160 [HID병목]   [05:38:20] M16HUB 정상(보고 270 미보고 0 JAM 0)
2026-10-06 05:40:31,038 [HID병목]   [05:39:10] M16HUB 정상(보고 270 미보고 0 JAM 0)
2026-10-06 05:41:21,064 [HID병목]   [05:40:00] M16HUB 정상(보고 270 미보고 0 JAM 0)
2026-10-06 05:42:11,072 [HID병목]   [05:40:50] M16HUB 정상(보고 270 미보고 0 JAM 0)
2026-10-06 05:43:01,070 [HID병목]   [05:41:40] M16HUB 정상(보고 270 미보고 0 JAM 0)
2026-10-06 05:43:51,073 [HID병목]   [05:42:30] M16HUB 정상(보고 270 미보고 0 JAM 0)
2026-10-06 05:44:41,056 [HID병목]   [05:43:20] M16HUB 정상(보고 270 미보고 0 JAM 0)
2026-10-06 05:45:31,087 [HID병목]   [05:44:10] M16HUB 정상(보고 270 미보고 0 JAM 0)
2026-10-06 05:46:21,089 [HID병목]   [05:45:00] M16HUB 정상(보고 270 미보고 0 JAM 0)
2026-10-06 05:47:11,072 [HID병목]   [05:45:50] M16HUB 정상(보고 270 미보고 0 JAM 0)
2026-10-06 05:48:01,081 [HID병목]   [05:46:40] M16HUB 정상(보고 270 미보고 0 JAM 0)
2026-10-06 05:48:51,086 [HID병목]   [05:47:30] M16HUB 정상(보고 270 미보고 0 JAM 0)
2026-10-06 05:49:41,016 [HID병목]   [05:48:20] M16HUB 정상(보고 270 미보고 0 JAM 0)
2026-10-06 05:50:31,056 [HID병목]   [05:49:10] M16HUB 정상(보고 270 미보고 0 JAM 0)
2026-10-06 05:51:21,089 [HID병목]   [05:50:00] M16HUB 정상(보고 270 미보고 0 JAM 0)
2026-10-06 05:52:11,053 [HID병목]   [05:50:50] M16HUB 정상(보고 270 미보고 0 JAM 0)
2026-10-06 05:53:01,126 [HID병목]   [05:51:40] M16HUB 정상(보고 270 미보고 0 JAM 0)
2026-10-06 05:53:51,089 [HID병목]   [05:52:30] M16HUB 정상(보고 270 미보고 0 JAM 0)
2026-10-06 05:54:41,063 [HID병목]   [05:53:20] M16HUB 정상(보고 270 미보고 0 JAM 0)
2026-10-06 05:55:31,074 [HID병목]   [05:54:10] M16HUB 정상(보고 270 미보고 0 JAM 0)
2026-10-06 05:56:21,091 [HID병목]   [05:55:00] M16HUB 정상(보고 270 미보고 0 JAM 0)
2026-10-06 05:57:11,052 [HID병목]   [05:55:50] M16HUB 정상(보고 270 미보고 0 JAM 0)
2026-10-06 05:58:01,107 [HID병목]   [05:56:40] M16HUB 정상(보고 270 미보고 0 JAM 0)
2026-10-06 05:58:51,087 [HID병목]   [05:57:30] M16HUB 정상(보고 270 미보고 0 JAM 0)
2026-10-06 05:59:42,656 [HID병목]   [05:58:20] M16HUB 정상(보고 269 미보고 1 JAM 0)
2026-10-06 06:00:31,089 [HID병목]   [05:59:10] M16HUB 정상(보고 269 미보고 1 JAM 0)
2026-10-06 06:01:21,308 [HID병목]   [06:00:00] M16HUB 정상(보고 269 미보고 1 JAM 0)
2026-10-06 06:02:11,058 [HID병목]   [06:00:50] M16HUB 정상(보고 270 미보고 0 JAM 0)
2026-10-06 06:03:01,147 [HID병목]   [06:01:40] M16HUB 정상(보고 270 미보고 0 JAM 0)
2026-10-06 06:03:51,076 [HID병목]   [06:02:30] M16HUB 정상(보고 270 미보고 0 JAM 0)
2026-10-06 06:04:41,023 [HID병목]   [06:03:20] M16HUB 정상(보고 270 미보고 0 JAM 0)
2026-10-06 06:05:31,045 [HID병목]   [06:04:10] M16HUB 정상(보고 270 미보고 0 JAM 0)
2026-10-06 06:06:21,074 [HID병목]   [06:05:00] M16HUB 정상(보고 270 미보고 0 JAM 0)
2026-10-06 06:07:11,080 [HID병목]   [06:05:50] M16HUB 정상(보고 270 미보고 0 JAM 0)
2026-10-06 06:08:01,044 [HID병목]   [06:06:40] M16HUB 정상(보고 270 미보고 0 JAM 0)
2026-10-06 06:08:51,066 [HID병목]   [06:07:30] M16HUB 정상(보고 270 미보고 0 JAM 0)
2026-10-06 06:09:41,066 [HID병목]   [06:08:20] M16HUB 정상(보고 270 미보고 0 JAM 0)
2026-10-06 06:10:31,086 [HID병목]   [06:09:10] M16HUB 정상(보고 270 미보고 0 JAM 0)
2026-10-06 06:11:21,073 [HID병목]   [06:10:00] M16HUB 정상(보고 270 미보고 0 JAM 0)
2026-10-06 06:12:11,077 [HID병목]   [06:10:50] M16HUB 정상(보고 270 미보고 0 JAM 0)
2026-10-06 06:13:01,102 [HID병목]   [06:11:40] M16HUB 정상(보고 270 미보고 0 JAM 0)
2026-10-06 06:13:51,076 [HID병목]   [06:12:30] M16HUB 정상(보고 270 미보고 0 JAM 0)
2026-10-06 06:14:41,065 [HID병목]   [06:13:20] M16HUB 정상(보고 270 미보고 0 JAM 0)
2026-10-06 06:15:31,086 [HID병목]   [06:14:10] M16HUB 정상(보고 270 미보고 0 JAM 0)
2026-10-06 06:16:21,039 [HID병목]   [06:15:00] M16HUB 정상(보고 270 미보고 0 JAM 0)
2026-10-06 06:17:11,086 [HID병목]   [06:15:50] M16HUB 정상(보고 270 미보고 0 JAM 0)
2026-10-06 06:18:01,044 [HID병목]   [06:16:40] M16HUB 정상(보고 270 미보고 0 JAM 0)
2026-10-06 06:18:51,090 [HID병목]   [06:17:30] M16HUB 정상(보고 270 미보고 0 JAM 0)
2026-10-06 06:19:42,957 [HID병목]   [06:18:20] M16HUB 정상(보고 270 미보고 0 JAM 0)
2026-10-06 06:20:31,055 [HID병목]   [06:19:10] M16HUB 정상(보고 270 미보고 0 JAM 0)
2026-10-06 06:21:21,065 [HID병목]   [06:20:00] M16HUB 정상(보고 270 미보고 0 JAM 0)
2026-10-06 06:22:11,056 [HID병목]   [06:20:50] M16HUB 정상(보고 270 미보고 0 JAM 0)
2026-10-06 06:23:01,082 [HID병목]   [06:21:40] M16HUB 정상(보고 270 미보고 0 JAM 0)
2026-10-06 06:23:51,077 [HID병목]   [06:22:30] M16HUB 정상(보고 270 미보고 0 JAM 0)
2026-10-06 06:24:41,066 [HID병목]   [06:23:20] M16HUB 정상(보고 270 미보고 0 JAM 0)
2026-10-06 06:25:31,073 [HID병목]   [06:24:10] M16HUB 정상(보고 270 미보고 0 JAM 0)
2026-10-06 06:26:21,731 [HID병목]   [06:25:00] M16HUB 정상(보고 270 미보고 0 JAM 0)
2026-10-06 06:27:11,026 [HID병목]   [06:25:50] M16HUB 정상(보고 270 미보고 0 JAM 0)
2026-10-06 06:28:01,031 [HID병목]   [06:26:40] M16HUB 정상(보고 270 미보고 0 JAM 0)
2026-10-06 06:28:51,086 [HID병목]   [06:27:30] M16HUB 정상(보고 270 미보고 0 JAM 0)
2026-10-06 06:29:42,652 [HID병목]   [06:28:20] M16HUB 정상(보고 270 미보고 0 JAM 0)
2026-10-06 06:30:31,072 [HID병목]   [06:29:10] M16HUB 정상(보고 270 미보고 0 JAM 0)
2026-10-06 06:31:21,077 [HID병목]   [06:30:00] M16HUB 정상(보고 270 미보고 0 JAM 0)
2026-10-06 06:32:11,076 [HID병목]   [06:30:50] M16HUB 정상(보고 270 미보고 0 JAM 0)
2026-10-06 06:33:01,138 [HID병목]   [06:31:40] M16HUB 정상(보고 270 미보고 0 JAM 0)
2026-10-06 06:33:51,075 [HID병목]   [06:32:30] M16HUB 정상(보고 270 미보고 0 JAM 0)
2026-10-06 06:34:43,810 [HID병목]   [06:33:20] M16HUB 정상(보고 270 미보고 0 JAM 0)
2026-10-06 06:35:31,034 [HID병목]   [06:34:10] M16HUB 정상(보고 270 미보고 0 JAM 0)
2026-10-06 06:36:21,315 [HID병목]   [06:35:00] M16HUB 정상(보고 270 미보고 0 JAM 0)
2026-10-06 06:37:11,045 [HID병목]   [06:35:50] M16HUB 정상(보고 270 미보고 0 JAM 0)
2026-10-06 06:38:01,054 [HID병목]   [06:36:40] M16HUB 정상(보고 270 미보고 0 JAM 0)
2026-10-06 06:38:51,060 [HID병목]   [06:37:30] M16HUB 정상(보고 270 미보고 0 JAM 0)
2026-10-06 06:39:41,061 [HID병목]   [06:38:20] M16HUB 정상(보고 270 미보고 0 JAM 0)
2026-10-06 06:40:31,048 [HID병목]   [06:39:10] M16HUB 정상(보고 270 미보고 0 JAM 0)
2026-10-06 06:41:21,856 [HID병목]   [06:40:00] M16HUB 정상(보고 270 미보고 0 JAM 0)
2026-10-06 06:42:11,057 [HID병목]   [06:40:50] M16HUB 정상(보고 270 미보고 0 JAM 0)
2026-10-06 06:43:01,077 [HID병목]   [06:41:40] M16HUB 정상(보고 270 미보고 0 JAM 0)
2026-10-06 06:43:51,070 [HID병목]   [06:42:30] M16HUB 정상(보고 270 미보고 0 JAM 0)
2026-10-06 06:44:41,067 [HID병목]   [06:43:20] M16HUB 정상(보고 270 미보고 0 JAM 0)
2026-10-06 06:45:31,054 [HID병목]   [06:44:10] M16HUB 정상(보고 270 미보고 0 JAM 0)
2026-10-06 06:46:21,072 [HID병목]   [06:45:00] M16HUB 정상(보고 270 미보고 0 JAM 0)
2026-10-06 06:47:11,173 [HID병목]   [06:45:50] M16HUB 정상(보고 270 미보고 0 JAM 0)
2026-10-06 06:48:01,031 [HID병목]   [06:46:40] M16HUB 정상(보고 268 미보고 2 JAM 0)
2026-10-06 06:48:51,074 [HID병목]   [06:47:30] M16HUB 정상(보고 269 미보고 1 JAM 0)
2026-10-06 06:49:41,040 [HID병목]   [06:48:20] M16HUB 정상(보고 269 미보고 1 JAM 0)
2026-10-06 06:50:31,035 [HID병목]   [06:49:10] M16HUB 정상(보고 270 미보고 0 JAM 0)
2026-10-06 06:51:21,085 [HID병목]   [06:50:00] M16HUB 정상(보고 270 미보고 0 JAM 0)
2026-10-06 06:52:11,037 [HID병목]   [06:50:50] M16HUB 정상(보고 270 미보고 0 JAM 0)
2026-10-06 06:53:01,093 [HID병목]   [06:51:40] M16HUB 정상(보고 270 미보고 0 JAM 0)
2026-10-06 06:53:51,077 [HID병목]   [06:52:30] M16HUB 정상(보고 270 미보고 0 JAM 0)
2026-10-06 06:54:41,029 [HID병목]   [06:53:20] M16HUB 정상(보고 270 미보고 0 JAM 0)
2026-10-06 06:55:31,075 [HID병목]   [06:54:10] M16HUB 정상(보고 270 미보고 0 JAM 0)
2026-10-06 06:56:21,087 [HID병목]   [06:55:00] M16HUB 정상(보고 270 미보고 0 JAM 0)
2026-10-06 06:57:11,064 [HID병목]   [06:55:50] M16HUB 정상(보고 270 미보고 0 JAM 0)
2026-10-06 06:58:01,095 [HID병목]   [06:56:40] M16HUB 정상(보고 270 미보고 0 JAM 0)
2026-10-06 06:58:51,036 [HID병목]   [06:57:30] M16HUB 정상(보고 269 미보고 1 JAM 0)
2026-10-06 06:59:41,067 [HID병목]   [06:58:20] M16HUB 정상(보고 269 미보고 1 JAM 0)
2026-10-06 07:00:31,084 [HID병목]   [06:59:10] M16HUB 정상(보고 269 미보고 1 JAM 0)
2026-10-06 07:01:21,087 [HID병목]   [07:00:00] M16HUB 정상(보고 270 미보고 0 JAM 0)
2026-10-06 07:02:11,086 [HID병목]   [07:00:50] M16HUB 정상(보고 270 미보고 0 JAM 0)
2026-10-06 07:03:01,149 [HID병목]   [07:01:40] M16HUB 정상(보고 270 미보고 0 JAM 0)
2026-10-06 07:03:51,052 [HID병목]   [07:02:30] M16HUB 정상(보고 270 미보고 0 JAM 0)
2026-10-06 07:04:41,228 [HID병목]   [07:03:20] M16HUB 정상(보고 270 미보고 0 JAM 0)
2026-10-06 07:05:31,072 [HID병목]   [07:04:10] M16HUB 정상(보고 270 미보고 0 JAM 0)
2026-10-06 07:06:21,055 [HID병목]   [07:05:00] M16HUB 정상(보고 270 미보고 0 JAM 0)
2026-10-06 07:07:11,027 [HID병목]   [07:05:50] M16HUB 정상(보고 270 미보고 0 JAM 0)
2026-10-06 07:08:01,086 [HID병목]   [07:06:40] M16HUB 정상(보고 270 미보고 0 JAM 0)
2026-10-06 07:08:51,085 [HID병목]   [07:07:30] M16HUB 정상(보고 270 미보고 0 JAM 0)
2026-10-06 07:09:41,035 [HID병목]   [07:08:20] M16HUB 정상(보고 270 미보고 0 JAM 0)
2026-10-06 07:10:31,068 [HID병목]   [07:09:10] M16HUB 정상(보고 270 미보고 0 JAM 0)
2026-10-06 07:11:21,065 [HID병목]   [07:10:00] M16HUB 정상(보고 270 미보고 0 JAM 0)
2026-10-06 07:12:11,066 [HID병목]   [07:10:50] M16HUB 정상(보고 270 미보고 0 JAM 0)
2026-10-06 07:13:01,077 [HID병목]   [07:11:40] M16HUB 정상(보고 270 미보고 0 JAM 0)
2026-10-06 07:13:51,077 [HID병목]   [07:12:30] M16HUB 정상(보고 270 미보고 0 JAM 0)
2026-10-06 07:14:41,064 [HID병목]   [07:13:20] M16HUB 정상(보고 270 미보고 0 JAM 0)
2026-10-06 07:15:31,072 [HID병목]   [07:14:10] M16HUB 정상(보고 270 미보고 0 JAM 0)
2026-10-06 07:16:21,086 [HID병목]   [07:15:00] M16HUB 정상(보고 270 미보고 0 JAM 0)
2026-10-06 07:17:11,027 [HID병목]   [07:15:50] M16HUB 정상(보고 270 미보고 0 JAM 0)
2026-10-06 07:18:01,041 [HID병목]   [07:16:40] M16HUB 정상(보고 270 미보고 0 JAM 0)
2026-10-06 07:18:51,130 [HID병목]   [07:17:30] M16HUB 정상(보고 270 미보고 0 JAM 0)
2026-10-06 07:19:41,065 [HID병목]   [07:18:20] M16HUB 정상(보고 270 미보고 0 JAM 0)
2026-10-06 07:20:32,800 [HID병목]   [07:19:10] M16HUB 정상(보고 270 미보고 0 JAM 0)
2026-10-06 07:21:21,258 [HID병목]   [07:20:00] M16HUB 정상(보고 270 미보고 0 JAM 0)
2026-10-06 07:22:11,028 [HID병목]   [07:20:50] M16HUB 정상(보고 270 미보고 0 JAM 0)
2026-10-06 07:23:01,030 [HID병목]   [07:21:40] M16HUB 정상(보고 270 미보고 0 JAM 0)
2026-10-06 07:23:51,043 [HID병목]   [07:22:30] M16HUB 정상(보고 270 미보고 0 JAM 0)
2026-10-06 07:24:41,017 [HID병목]   [07:23:20] M16HUB 정상(보고 270 미보고 0 JAM 0)
2026-10-06 07:25:31,571 [HID병목]   [07:24:10] M16HUB 정상(보고 270 미보고 0 JAM 0)
2026-10-06 07:26:21,086 [HID병목]   [07:25:00] M16HUB 정상(보고 270 미보고 0 JAM 0)
2026-10-06 07:27:11,070 [HID병목]   [07:25:50] M16HUB 정상(보고 270 미보고 0 JAM 0)
2026-10-06 07:28:01,129 [HID병목]   [07:26:40] M16HUB 정상(보고 270 미보고 0 JAM 0)
2026-10-06 07:28:51,089 [HID병목]   [07:27:30] M16HUB 정상(보고 270 미보고 0 JAM 0)
2026-10-06 07:29:41,068 [HID병목]   [07:28:20] M16HUB 정상(보고 270 미보고 0 JAM 0)
2026-10-06 07:30:31,086 [HID병목]   [07:29:10] M16HUB 정상(보고 270 미보고 0 JAM 0)
2026-10-06 07:31:21,075 [HID병목]   [07:30:00] M16HUB 정상(보고 270 미보고 0 JAM 0)
2026-10-06 07:32:11,071 [HID병목]   [07:30:50] M16HUB 정상(보고 270 미보고 0 JAM 0)
2026-10-06 07:33:01,054 [HID병목]   [07:31:40] M16HUB 정상(보고 270 미보고 0 JAM 0)
2026-10-06 07:33:51,034 [HID병목]   [07:32:30] M16HUB 정상(보고 270 미보고 0 JAM 0)
2026-10-06 07:34:41,065 [HID병목]   [07:33:20] M16HUB 정상(보고 270 미보고 0 JAM 0)
2026-10-06 07:35:31,073 [HID병목]   [07:34:10] M16HUB 정상(보고 270 미보고 0 JAM 0)
2026-10-06 07:36:21,122 [HID병목]   [07:35:00] M16HUB 정상(보고 270 미보고 0 JAM 0)
2026-10-06 07:37:11,033 [HID병목]   [07:35:50] M16HUB 정상(보고 270 미보고 0 JAM 0)
2026-10-06 07:38:01,040 [HID병목]   [07:36:40] M16HUB 정상(보고 270 미보고 0 JAM 0)
2026-10-06 07:38:51,075 [HID병목]   [07:37:30] M16HUB 정상(보고 270 미보고 0 JAM 0)
2026-10-06 07:39:41,019 [HID병목]   [07:38:20] M16HUB 정상(보고 270 미보고 0 JAM 0)
2026-10-06 07:40:31,042 [HID병목]   [07:39:10] M16HUB 정상(보고 270 미보고 0 JAM 0)
2026-10-06 07:41:21,032 [HID병목]   [07:40:00] M16HUB 정상(보고 270 미보고 0 JAM 0)
2026-10-06 07:42:11,027 [HID병목]   [07:40:50] M16HUB 정상(보고 270 미보고 0 JAM 0)
2026-10-06 07:43:01,078 [HID병목]   [07:41:40] M16HUB 정상(보고 270 미보고 0 JAM 0)
2026-10-06 07:43:51,080 [HID병목]   [07:42:30] M16HUB 정상(보고 270 미보고 0 JAM 0)
2026-10-06 07:44:43,116 [HID병목]   [07:43:20] M16HUB 정상(보고 270 미보고 0 JAM 0)
2026-10-06 07:45:31,065 [HID병목]   [07:44:10] M16HUB 정상(보고 270 미보고 0 JAM 0)
2026-10-06 07:46:21,677 [HID병목]   [07:45:00] M16HUB 정상(보고 270 미보고 0 JAM 0)
2026-10-06 07:47:11,086 [HID병목]   [07:45:50] M16HUB 정상(보고 270 미보고 0 JAM 0)
2026-10-06 07:48:01,081 [HID병목]   [07:46:40] M16HUB 정상(보고 270 미보고 0 JAM 0)
2026-10-06 07:48:51,076 [HID병목]   [07:47:30] M16HUB 정상(보고 270 미보고 0 JAM 0)
2026-10-06 07:49:45,130 [HID병목]   [07:48:20] M16HUB 정상(보고 270 미보고 0 JAM 0)
2026-10-06 07:50:31,071 [HID병목]   [07:49:10] M16HUB 정상(보고 270 미보고 0 JAM 0)
2026-10-06 07:51:21,024 [HID병목]   [07:50:00] M16HUB 정상(보고 270 미보고 0 JAM 0)
2026-10-06 07:52:11,027 [HID병목]   [07:50:50] M16HUB 정상(보고 270 미보고 0 JAM 0)
2026-10-06 07:53:01,075 [HID병목]   [07:51:40] M16HUB 정상(보고 269 미보고 1 JAM 0)
2026-10-06 07:53:51,075 [HID병목]   [07:52:30] M16HUB 정상(보고 269 미보고 1 JAM 0)
2026-10-06 07:54:41,064 [HID병목]   [07:53:20] M16HUB 정상(보고 269 미보고 1 JAM 0)
2026-10-06 07:55:32,115 [HID병목]   [07:54:10] M16HUB 정상(보고 270 미보고 0 JAM 0)
2026-10-06 07:56:21,074 [HID병목]   [07:55:00] M16HUB 정상(보고 270 미보고 0 JAM 0)
2026-10-06 07:57:11,074 [HID병목]   [07:55:50] M16HUB 정상(보고 270 미보고 0 JAM 0)
2026-10-06 07:58:01,067 [HID병목]   [07:56:40] M16HUB 정상(보고 270 미보고 0 JAM 0)
2026-10-06 07:58:51,059 [HID병목]   [07:57:30] M16HUB 정상(보고 270 미보고 0 JAM 0)
2026-10-06 07:59:43,477 [HID병목]   [07:58:20] M16HUB 정상(보고 270 미보고 0 JAM 0)
2026-10-06 08:00:31,072 [HID병목]   [07:59:10] M16HUB 정상(보고 269 미보고 1 JAM 0)
2026-10-06 08:01:21,095 [HID병목]   [08:00:00] M16HUB 정상(보고 269 미보고 1 JAM 0)
2026-10-06 08:02:11,089 [HID병목]   [08:00:50] M16HUB 정상(보고 269 미보고 1 JAM 0)
2026-10-06 08:03:01,142 [HID병목]   [08:01:40] M16HUB 정상(보고 270 미보고 0 JAM 0)
2026-10-06 08:03:51,076 [HID병목]   [08:02:30] M16HUB 정상(보고 270 미보고 0 JAM 0)
2026-10-06 08:04:41,062 [HID병목]   [08:03:20] M16HUB 정상(보고 270 미보고 0 JAM 0)
2026-10-06 08:05:31,080 [HID병목]   [08:04:10] M16HUB 정상(보고 270 미보고 0 JAM 0)
2026-10-06 08:06:21,196 [HID병목]   [08:05:00] M16HUB 정상(보고 270 미보고 0 JAM 0)
2026-10-06 08:07:11,056 [HID병목]   [08:05:50] M16HUB 정상(보고 270 미보고 0 JAM 0)
2026-10-06 08:08:01,028 [HID병목]   [08:06:40] M16HUB 정상(보고 270 미보고 0 JAM 0)
2026-10-06 08:08:51,027 [HID병목]   [08:07:30] M16HUB 정상(보고 270 미보고 0 JAM 0)
2026-10-06 08:09:41,065 [HID병목]   [08:08:20] M16HUB 정상(보고 270 미보고 0 JAM 0)
2026-10-06 08:10:31,030 [HID병목]   [08:09:10] M16HUB 정상(보고 270 미보고 0 JAM 0)
2026-10-06 08:11:21,077 [HID병목]   [08:10:00] M16HUB 정상(보고 270 미보고 0 JAM 0)
2026-10-06 08:12:11,072 [HID병목]   [08:10:50] M16HUB 정상(보고 270 미보고 0 JAM 0)
2026-10-06 08:13:01,126 [HID병목]   [08:11:40] M16HUB 정상(보고 270 미보고 0 JAM 0)
2026-10-06 08:13:51,077 [HID병목]   [08:12:30] M16HUB 정상(보고 270 미보고 0 JAM 0)
2026-10-06 08:14:41,048 [HID병목]   [08:13:20] M16HUB 정상(보고 270 미보고 0 JAM 0)
2026-10-06 08:15:31,083 [HID병목]   [08:14:10] M16HUB 정상(보고 270 미보고 0 JAM 0)
2026-10-06 08:16:23,015 [HID병목]   [08:15:00] M16HUB 정상(보고 270 미보고 0 JAM 0)
2026-10-06 08:17:11,078 [HID병목]   [08:15:50] M16HUB 정상(보고 270 미보고 0 JAM 0)
2026-10-06 08:18:01,123 [HID병목]   [08:16:40] M16HUB 정상(보고 270 미보고 0 JAM 0)
2026-10-06 08:18:51,075 [HID병목]   [08:17:30] M16HUB 정상(보고 269 미보고 1 JAM 0)
2026-10-06 08:19:45,435 [HID병목]   [08:18:20] M16HUB 정상(보고 269 미보고 1 JAM 0)
2026-10-06 08:20:31,074 [HID병목]   [08:19:10] M16HUB 정상(보고 269 미보고 1 JAM 0)
2026-10-06 08:21:21,086 [HID병목]   [08:20:00] M16HUB 정상(보고 270 미보고 0 JAM 0)
2026-10-06 08:22:11,087 [HID병목]   [08:20:50] M16HUB 정상(보고 270 미보고 0 JAM 0)
2026-10-06 08:23:01,092 [HID병목]   [08:21:40] M16HUB 정상(보고 270 미보고 0 JAM 0)
2026-10-06 08:23:51,073 [HID병목]   [08:22:30] M16HUB 정상(보고 270 미보고 0 JAM 0)
2026-10-06 08:24:41,920 [HID병목]   [08:23:20] M16HUB 정상(보고 270 미보고 0 JAM 0)
2026-10-06 08:25:31,073 [HID병목]   [08:24:10] M16HUB 정상(보고 270 미보고 0 JAM 0)
2026-10-06 08:26:21,035 [HID병목]   [08:25:00] M16HUB 정상(보고 270 미보고 0 JAM 0)
2026-10-06 08:27:11,075 [HID병목]   [08:25:50] M16HUB 정상(보고 270 미보고 0 JAM 0)
2026-10-06 08:28:01,099 [HID병목]   [08:26:40] M16HUB 정상(보고 270 미보고 0 JAM 0)
2026-10-06 08:28:51,059 [HID병목]   [08:27:30] M16HUB 정상(보고 270 미보고 0 JAM 0)
2026-10-06 08:29:41,023 [HID병목]   [08:28:20] M16HUB 정상(보고 270 미보고 0 JAM 0)
2026-10-06 08:30:31,075 [HID병목]   [08:29:10] M16HUB 정상(보고 270 미보고 0 JAM 0)
2026-10-06 08:31:21,065 [HID병목]   [08:30:00] M16HUB 정상(보고 270 미보고 0 JAM 0)
2026-10-06 08:32:11,081 [HID병목]   [08:30:50] M16HUB 정상(보고 270 미보고 0 JAM 0)
2026-10-06 08:33:01,094 [HID병목]   [08:31:40] M16HUB 정상(보고 270 미보고 0 JAM 0)
2026-10-06 08:33:51,064 [HID병목]   [08:32:30] M16HUB 정상(보고 270 미보고 0 JAM 0)
2026-10-06 08:34:41,015 [HID병목]   [08:33:20] M16HUB 정상(보고 270 미보고 0 JAM 0)
2026-10-06 08:35:31,077 [HID병목]   [08:34:10] M16HUB 정상(보고 270 미보고 0 JAM 0)
2026-10-06 08:36:21,074 [HID병목]   [08:35:00] M16HUB 정상(보고 270 미보고 0 JAM 0)
2026-10-06 08:37:11,038 [HID병목]   [08:35:50] M16HUB 정상(보고 270 미보고 0 JAM 0)
2026-10-06 08:38:01,090 [HID병목]   [08:36:40] M16HUB 정상(보고 270 미보고 0 JAM 0)
2026-10-06 08:38:51,070 [HID병목]   [08:37:30] M16HUB 정상(보고 270 미보고 0 JAM 0)
2026-10-06 08:39:41,064 [HID병목]   [08:38:20] M16HUB 정상(보고 270 미보고 0 JAM 0)
2026-10-06 08:40:31,722 [HID병목]   [08:39:10] M16HUB 정상(보고 270 미보고 0 JAM 0)
2026-10-06 08:41:24,263 [HID병목]   [08:40:00] M16HUB 정상(보고 270 미보고 0 JAM 0)
2026-10-06 08:42:11,060 [HID병목]   [08:40:50] M16HUB 정상(보고 270 미보고 0 JAM 0)
2026-10-06 08:43:01,093 [HID병목]   [08:41:40] M16HUB 정상(보고 270 미보고 0 JAM 0)
2026-10-06 08:43:51,029 [HID병목]   [08:42:30] M16HUB 정상(보고 270 미보고 0 JAM 0)
2026-10-06 08:44:41,056 [HID병목]   [08:43:20] M16HUB 정상(보고 270 미보고 0 JAM 0)
2026-10-06 08:45:31,266 [HID병목]   [08:44:10] M16HUB 정상(보고 270 미보고 0 JAM 0)
2026-10-06 08:46:21,886 [HID병목]   [08:45:00] M16HUB 정상(보고 270 미보고 0 JAM 0)
2026-10-06 08:47:14,926 [HID병목]   [08:45:50] M16HUB 정상(보고 270 미보고 0 JAM 0)
2026-10-06 08:48:01,079 [HID병목]   [08:46:40] M16HUB 정상(보고 270 미보고 0 JAM 0)
2026-10-06 08:48:51,038 [HID병목]   [08:47:30] M16HUB 정상(보고 270 미보고 0 JAM 0)
2026-10-06 08:49:41,027 [HID병목]   [08:48:20] M16HUB 정상(보고 270 미보고 0 JAM 0)
2026-10-06 08:50:31,086 [HID병목]   [08:49:10] M16HUB 정상(보고 270 미보고 0 JAM 0)
2026-10-06 08:51:21,088 [HID병목]   [08:50:00] M16HUB 정상(보고 270 미보고 0 JAM 0)
2026-10-06 08:52:11,044 [HID병목]   [08:50:50] M16HUB 정상(보고 270 미보고 0 JAM 0)
2026-10-06 08:53:01,096 [HID병목]   [08:51:40] M16HUB 정상(보고 270 미보고 0 JAM 0)
2026-10-06 08:53:51,078 [HID병목]   [08:52:30] M16HUB 정상(보고 270 미보고 0 JAM 0)
2026-10-06 08:54:41,065 [HID병목]   [08:53:20] M16HUB 정상(보고 269 미보고 1 JAM 0)
2026-10-06 08:55:31,024 [HID병목]   [08:54:10] M16HUB 정상(보고 269 미보고 1 JAM 0)
2026-10-06 08:56:21,044 [HID병목]   [08:55:00] M16HUB 정상(보고 269 미보고 1 JAM 0)
2026-10-06 08:57:11,074 [HID병목]   [08:55:50] M16HUB 정상(보고 269 미보고 1 JAM 0)
2026-10-06 08:58:01,041 [HID병목]   [08:56:40] M16HUB 정상(보고 269 미보고 1 JAM 0)
2026-10-06 08:58:51,477 [HID병목]   [08:57:30] M16HUB 정상(보고 269 미보고 1 JAM 0)
2026-10-06 08:59:41,015 [HID병목]   [08:58:20] M16HUB 정상(보고 269 미보고 1 JAM 0)
2026-10-06 09:00:31,153 [HID병목]   [08:59:10] M16HUB 정상(보고 269 미보고 1 JAM 0)
2026-10-06 09:01:21,334 [HID병목]   [09:00:00] M16HUB 정상(보고 269 미보고 1 JAM 0)
2026-10-06 09:02:11,087 [HID병목]   [09:00:50] M16HUB 정상(보고 269 미보고 1 JAM 0)
2026-10-06 09:03:01,114 [HID병목]   [09:01:40] M16HUB 정상(보고 268 미보고 2 JAM 0)
2026-10-06 09:03:51,079 [HID병목]   [09:02:30] M16HUB 정상(보고 269 미보고 1 JAM 0)
2026-10-06 09:04:41,066 [HID병목]   [09:03:20] M16HUB 정상(보고 269 미보고 1 JAM 0)
2026-10-06 09:05:31,086 [HID병목]   [09:04:10] M16HUB 정상(보고 269 미보고 1 JAM 0)
2026-10-06 09:06:21,391 [HID병목]   [09:05:00] M16HUB 정상(보고 268 미보고 2 JAM 0)
2026-10-06 09:07:11,025 [HID병목]   [09:05:50] M16HUB 정상(보고 268 미보고 2 JAM 0)
2026-10-06 09:08:01,099 [HID병목]   [09:06:40] M16HUB 정상(보고 268 미보고 2 JAM 0)
2026-10-06 09:08:52,380 [HID병목]   [09:07:30] M16HUB 정상(보고 268 미보고 2 JAM 0)
2026-10-06 09:09:41,066 [HID병목]   [09:08:20] M16HUB 정상(보고 268 미보고 2 JAM 0)
2026-10-06 09:10:31,044 [HID병목]   [09:09:10] M16HUB 정상(보고 268 미보고 2 JAM 0)
2026-10-06 09:11:21,293 [HID병목]   [09:10:00] M16HUB 정상(보고 268 미보고 2 JAM 0)
2026-10-06 09:12:11,074 [HID병목]   [09:10:50] M16HUB 정상(보고 268 미보고 2 JAM 0)
2026-10-06 09:13:01,118 [HID병목]   [09:11:40] M16HUB 정상(보고 268 미보고 2 JAM 0)
2026-10-06 09:13:51,050 [HID병목]   [09:12:30] M16HUB 정상(보고 268 미보고 2 JAM 0)
2026-10-06 09:14:41,063 [HID병목]   [09:13:20] M16HUB 정상(보고 268 미보고 2 JAM 0)
2026-10-06 09:15:31,066 [HID병목]   [09:14:10] M16HUB 정상(보고 268 미보고 2 JAM 0)
2026-10-06 09:16:21,088 [HID병목]   [09:15:00] M16HUB 정상(보고 268 미보고 2 JAM 0)
2026-10-06 09:17:11,081 [HID병목]   [09:15:50] M16HUB 정상(보고 268 미보고 2 JAM 0)
2026-10-06 09:18:01,080 [HID병목]   [09:16:40] M16HUB 정상(보고 268 미보고 2 JAM 0)
2026-10-06 09:18:51,074 [HID병목]   [09:17:30] M16HUB 정상(보고 268 미보고 2 JAM 0)
2026-10-06 09:19:43,516 [HID병목]   [09:18:20] M16HUB 정상(보고 268 미보고 2 JAM 0)
2026-10-06 09:20:31,035 [HID병목]   [09:19:10] M16HUB 정상(보고 268 미보고 2 JAM 0)
2026-10-06 09:21:21,493 [HID병목]   [09:20:00] M16HUB 정상(보고 268 미보고 2 JAM 0)
2026-10-06 09:22:11,078 [HID병목]   [09:20:50] M16HUB 정상(보고 268 미보고 2 JAM 0)
2026-10-06 09:23:01,093 [HID병목]   [09:21:40] M16HUB 정상(보고 268 미보고 2 JAM 0)
2026-10-06 09:23:51,063 [HID병목]   [09:22:30] M16HUB 정상(보고 268 미보고 2 JAM 0)
2026-10-06 09:24:41,056 [HID병목]   [09:23:20] M16HUB 정상(보고 268 미보고 2 JAM 0)
2026-10-06 09:25:31,060 [HID병목]   [09:24:10] M16HUB 정상(보고 268 미보고 2 JAM 0)
2026-10-06 09:26:21,041 [HID병목]   [09:25:00] M16HUB 정상(보고 268 미보고 2 JAM 0)
2026-10-06 09:27:11,027 [HID병목]   [09:25:50] M16HUB 정상(보고 268 미보고 2 JAM 0)
2026-10-06 09:28:01,061 [HID병목]   [09:26:40] M16HUB 정상(보고 268 미보고 2 JAM 0)
2026-10-06 09:28:51,051 [HID병목]   [09:27:30] M16HUB 정상(보고 268 미보고 2 JAM 0)
2026-10-06 09:29:41,066 [HID병목]   [09:28:20] M16HUB 정상(보고 268 미보고 2 JAM 0)
2026-10-06 09:30:31,027 [HID병목]   [09:29:10] M16HUB 정상(보고 268 미보고 2 JAM 0)
2026-10-06 09:31:21,042 [HID병목]   [09:30:00] M16HUB 정상(보고 268 미보고 2 JAM 0)
2026-10-06 09:32:11,070 [HID병목]   [09:30:50] M16HUB 정상(보고 268 미보고 2 JAM 0)
2026-10-06 09:33:01,043 [HID병목]   [09:31:40] M16HUB 정상(보고 268 미보고 2 JAM 0)
2026-10-06 09:33:51,075 [HID병목]   [09:32:30] M16HUB 정상(보고 268 미보고 2 JAM 0)
2026-10-06 09:34:42,765 [HID병목]   [09:33:20] M16HUB 정상(보고 268 미보고 2 JAM 0)
2026-10-06 09:35:31,038 [HID병목]   [09:34:10] M16HUB 정상(보고 268 미보고 2 JAM 0)
2026-10-06 09:36:21,526 [HID병목]   [09:35:00] M16HUB 정상(보고 268 미보고 2 JAM 0)
2026-10-06 09:37:11,074 [HID병목]   [09:35:50] M16HUB 정상(보고 268 미보고 2 JAM 0)
2026-10-06 09:38:01,081 [HID병목]   [09:36:40] M16HUB 정상(보고 268 미보고 2 JAM 0)
2026-10-06 09:38:51,079 [HID병목]   [09:37:30] M16HUB 정상(보고 268 미보고 2 JAM 0)
2026-10-06 09:39:43,015 [HID병목]   [09:38:20] M16HUB 정상(보고 268 미보고 2 JAM 0)
2026-10-06 09:40:31,084 [HID병목]   [09:39:10] M16HUB 정상(보고 268 미보고 2 JAM 0)
2026-10-06 09:41:21,449 [HID병목]   [09:40:00] M16HUB 정상(보고 268 미보고 2 JAM 0)
2026-10-06 09:42:11,092 [HID병목]   [09:40:50] M16HUB 정상(보고 268 미보고 2 JAM 0)
2026-10-06 09:43:01,100 [HID병목]   [09:41:40] M16HUB 정상(보고 268 미보고 2 JAM 0)
2026-10-06 09:43:51,047 [HID병목]   [09:42:30] M16HUB 정상(보고 268 미보고 2 JAM 0)
2026-10-06 09:44:41,701 [HID병목]   [09:43:20] M16HUB 정상(보고 268 미보고 2 JAM 0)
2026-10-06 09:45:31,034 [HID병목]   [09:44:10] M16HUB 정상(보고 268 미보고 2 JAM 0)
2026-10-06 09:46:22,142 [HID병목]   [09:45:00] M16HUB 정상(보고 268 미보고 2 JAM 0)
2026-10-06 09:47:11,078 [HID병목]   [09:45:50] M16HUB 정상(보고 268 미보고 2 JAM 0)
2026-10-06 09:48:01,125 [HID병목]   [09:46:40] M16HUB 정상(보고 268 미보고 2 JAM 0)
2026-10-06 09:48:53,821 [HID병목]   [09:47:30] M16HUB 정상(보고 268 미보고 2 JAM 0)
2026-10-06 09:49:41,063 [HID병목]   [09:48:20] M16HUB 정상(보고 268 미보고 2 JAM 0)
2026-10-06 09:50:31,050 [HID병목]   [09:49:10] M16HUB 정상(보고 268 미보고 2 JAM 0)
2026-10-06 09:51:21,877 [HID병목]   [09:50:00] M16HUB 정상(보고 268 미보고 2 JAM 0)
2026-10-06 09:52:11,040 [HID병목]   [09:50:50] M16HUB 정상(보고 268 미보고 2 JAM 0)
2026-10-06 09:53:01,137 [HID병목]   [09:51:40] M16HUB 정상(보고 268 미보고 2 JAM 0)
2026-10-06 09:53:51,075 [HID병목]   [09:52:30] M16HUB 정상(보고 268 미보고 2 JAM 0)
2026-10-06 09:54:41,056 [HID병목]   [09:53:20] M16HUB 정상(보고 268 미보고 2 JAM 0)
2026-10-06 09:55:31,083 [HID병목]   [09:54:10] M16HUB 정상(보고 268 미보고 2 JAM 0)
2026-10-06 09:56:21,085 [HID병목]   [09:55:00] M16HUB 정상(보고 268 미보고 2 JAM 0)
2026-10-06 09:57:11,087 [HID병목]   [09:55:50] M16HUB 정상(보고 268 미보고 2 JAM 0)
2026-10-06 09:58:01,057 [HID병목]   [09:56:40] M16HUB 정상(보고 268 미보고 2 JAM 0)
2026-10-06 09:58:51,028 [HID병목]   [09:57:30] M16HUB 정상(보고 268 미보고 2 JAM 0)
2026-10-06 09:59:41,026 [HID병목]   [09:58:20] M16HUB 정상(보고 268 미보고 2 JAM 0)
2026-10-06 10:00:31,085 [HID병목]   [09:59:10] M16HUB 정상(보고 268 미보고 2 JAM 0)
2026-10-06 10:01:21,036 [HID병목]   [10:00:00] M16HUB 정상(보고 268 미보고 2 JAM 0)
2026-10-06 10:02:11,037 [HID병목]   [10:00:50] M16HUB 정상(보고 268 미보고 2 JAM 0)
2026-10-06 10:03:01,090 [HID병목]   [10:01:40] M16HUB 정상(보고 268 미보고 2 JAM 0)
2026-10-06 10:03:51,061 [HID병목]   [10:02:30] M16HUB 정상(보고 268 미보고 2 JAM 0)
2026-10-06 10:04:41,051 [HID병목]   [10:03:20] M16HUB 정상(보고 268 미보고 2 JAM 0)
2026-10-06 10:05:31,087 [HID병목]   [10:04:10] M16HUB 정상(보고 268 미보고 2 JAM 0)
2026-10-06 10:06:22,503 [HID병목]   [10:05:00] M16HUB 정상(보고 268 미보고 2 JAM 0)
2026-10-06 10:07:11,088 [HID병목]   [10:05:50] M16HUB 정상(보고 268 미보고 2 JAM 0)
2026-10-06 10:08:01,129 [HID병목]   [10:06:40] M16HUB 정상(보고 268 미보고 2 JAM 0)
2026-10-06 10:08:51,083 [HID병목]   [10:07:30] M16HUB 정상(보고 268 미보고 2 JAM 0)
2026-10-06 10:09:41,052 [HID병목]   [10:08:20] M16HUB 정상(보고 268 미보고 2 JAM 0)
2026-10-06 10:10:31,050 [HID병목]   [10:09:10] M16HUB 정상(보고 268 미보고 2 JAM 0)
2026-10-06 10:11:21,197 [HID병목]   [10:10:00] M16HUB 정상(보고 268 미보고 2 JAM 0)
2026-10-06 10:12:11,074 [HID병목]   [10:10:50] M16HUB 정상(보고 268 미보고 2 JAM 0)
2026-10-06 10:13:01,096 [HID병목]   [10:11:40] M16HUB 정상(보고 268 미보고 2 JAM 0)
2026-10-06 10:13:51,084 [HID병목]   [10:12:30] M16HUB 정상(보고 268 미보고 2 JAM 0)
2026-10-06 10:14:41,061 [HID병목]   [10:13:20] M16HUB 정상(보고 268 미보고 2 JAM 0)
2026-10-06 10:15:31,085 [HID병목]   [10:14:10] M16HUB 정상(보고 268 미보고 2 JAM 0)
2026-10-06 10:16:21,041 [HID병목]   [10:15:00] M16HUB 정상(보고 268 미보고 2 JAM 0)
2026-10-06 10:17:11,027 [HID병목]   [10:15:50] M16HUB 정상(보고 268 미보고 2 JAM 0)
2026-10-06 10:18:01,135 [HID병목]   [10:16:40] M16HUB 정상(보고 268 미보고 2 JAM 0)
2026-10-06 10:18:15,106 [HID병목]   문제맵 목록 → /project/pjt_shared_pool/job/m16a_hubroom_event_prediction/oht_map  (9개 추가)
2026-10-06 10:18:15,106 [HID병목] ============================================================
2026-10-06 10:18:15,107 [HID병목] HID 병목 구간 — 맵 읽는 중
2026-10-06 10:18:15,107 [HID병목]   돌릴 FAB (RUN_FABS): M16HUB
2026-10-06 10:18:15,107 [HID병목]   기준 M16HUB 경계 missing10+JAM10 / missing단독 끔 / ZONE_STOP10 · 위험 missing+JAM 끔 / missing단독30 / ZONE_STOP 끔 · 초위험 missing+JAM 끔 / missing단독100 / ZONE_STOP 끔
2026-10-06 10:18:15,157 [HID병목]   M16HUB HID_Zone_Master_M16A_BR.csv: 구역 198 · 주소 1945/1946 · ZONE_ID2 있는 구역 57 · 예 ZONE_ID→ZONE_ID2 1→0, 2→0, 3→3 …
2026-10-06 10:18:15,162 [HID병목]   HID_ZONE = ZONE_ID — 문서 HID 구간과 일치: ZONE_ID 40% · ZONE_ID2 7% (M16HUB 주소 1944개)
2026-10-06 10:18:15,162 [HID병목]   돌리는 FAB: M16HUB
2026-10-06 10:18:15,162 [HID병목]   저장: /project/pjt_shared_pool/job/vhl_ohl/HID_BOTTLENECK
2026-10-06 10:18:15,162 [HID병목] ============================================================
2026-10-06 10:18:15,162 [HID병목]   문제맵: ALARM 경계 이상인 1분마다 → /project/pjt_shared_pool/job/vhl_ohl/HID_BOTTLENECK/PROBLEM_MAP (실시간 켬 · 과거 판정 끔)
2026-10-06 10:18:15,187 [HID병목]   M16HUB: remote 없이 조회로 확정
2026-10-06 10:18:15,248 [HID병목]   [10:16:40] M16HUB 정상(보고 268 미보고 0 JAM 0)
2026-10-06 10:18:51,035 [HID병목]   [10:17:30] M16HUB 정상(보고 268 미보고 0 JAM 0)
2026-10-06 10:19:41,067 [HID병목]   [10:18:20] M16HUB 정상(보고 268 미보고 0 JAM 0)
2026-10-06 10:20:31,082 [HID병목]   [10:19:10] M16HUB 정상(보고 268 미보고 0 JAM 0)
2026-10-06 10:21:21,082 [HID병목]   [10:20:00] M16HUB 정상(보고 268 미보고 0 JAM 0)
2026-10-06 10:22:11,042 [HID병목]   [10:20:50] M16HUB 정상(보고 268 미보고 0 JAM 0)
2026-10-06 10:23:01,095 [HID병목]   [10:21:40] M16HUB 정상(보고 268 미보고 0 JAM 0)
2026-10-06 10:23:51,076 [HID병목]   [10:22:30] M16HUB 정상(보고 268 미보고 0 JAM 0)
2026-10-06 10:24:41,047 [HID병목]   [10:23:20] M16HUB 정상(보고 268 미보고 0 JAM 0)
2026-10-06 10:25:31,040 [HID병목]   [10:24:10] M16HUB 정상(보고 268 미보고 0 JAM 0)
2026-10-06 10:26:21,077 [HID병목]   [10:25:00] M16HUB 정상(보고 268 미보고 0 JAM 0)
2026-10-06 10:27:11,078 [HID병목]   [10:25:50] M16HUB 정상(보고 268 미보고 0 JAM 0)
2026-10-06 10:28:01,082 [HID병목]   [10:26:40] M16HUB 정상(보고 268 미보고 0 JAM 0)
2026-10-06 10:28:51,026 [HID병목]   [10:27:30] M16HUB 정상(보고 268 미보고 0 JAM 0)
2026-10-06 10:29:41,873 [HID병목]   [10:28:20] M16HUB 정상(보고 268 미보고 0 JAM 0)
2026-10-06 10:30:31,036 [HID병목]   [10:29:10] M16HUB 정상(보고 268 미보고 0 JAM 0)
2026-10-06 10:31:21,077 [HID병목]   [10:30:00] M16HUB 정상(보고 268 미보고 0 JAM 0)
2026-10-06 10:32:11,100 [HID병목]   [10:30:50] M16HUB 정상(보고 268 미보고 0 JAM 0)
2026-10-06 10:33:01,048 [HID병목]   [10:31:40] M16HUB 정상(보고 268 미보고 0 JAM 0)
2026-10-06 10:33:51,075 [HID병목]   [10:32:30] M16HUB 정상(보고 268 미보고 0 JAM 0)
2026-10-06 10:34:41,017 [HID병목]   [10:33:20] M16HUB 정상(보고 268 미보고 0 JAM 0)
2026-10-06 10:35:31,085 [HID병목]   [10:34:10] M16HUB 정상(보고 268 미보고 0 JAM 0)
2026-10-06 10:36:21,076 [HID병목]   [10:35:00] M16HUB 정상(보고 268 미보고 0 JAM 0)
2026-10-06 10:37:11,089 [HID병목]   [10:35:50] M16HUB 정상(보고 268 미보고 0 JAM 0)
2026-10-06 10:38:01,085 [HID병목]   [10:36:40] M16HUB 정상(보고 268 미보고 0 JAM 0)
2026-10-06 10:38:51,076 [HID병목]   [10:37:30] M16HUB 정상(보고 268 미보고 0 JAM 0)
2026-10-06 10:39:41,016 [HID병목]   [10:38:20] M16HUB 정상(보고 268 미보고 0 JAM 0)
2026-10-06 10:40:31,085 [HID병목]   [10:39:10] M16HUB 정상(보고 268 미보고 0 JAM 0)
2026-10-06 10:41:21,499 [HID병목]   [10:40:00] M16HUB 정상(보고 268 미보고 0 JAM 0)
2026-10-06 10:42:11,079 [HID병목]   [10:40:50] M16HUB 정상(보고 268 미보고 0 JAM 0)
2026-10-06 10:43:01,051 [HID병목]   [10:41:40] M16HUB 정상(보고 268 미보고 0 JAM 0)
2026-10-06 10:43:51,046 [HID병목]   [10:42:30] M16HUB 정상(보고 268 미보고 0 JAM 0)
2026-10-06 10:44:41,016 [HID병목]   [10:43:20] M16HUB 정상(보고 268 미보고 0 JAM 0)
2026-10-06 10:45:31,087 [HID병목]   [10:44:10] M16HUB 정상(보고 269 미보고 0 JAM 0)
2026-10-06 10:46:21,080 [HID병목]   [10:45:00] M16HUB 정상(보고 269 미보고 0 JAM 0)
2026-10-06 10:47:11,091 [HID병목]   [10:45:50] M16HUB 정상(보고 269 미보고 0 JAM 0)
2026-10-06 10:48:01,066 [HID병목]   [10:46:40] M16HUB 정상(보고 269 미보고 0 JAM 0)
2026-10-06 10:48:51,073 [HID병목]   [10:47:30] M16HUB 정상(보고 269 미보고 0 JAM 0)
2026-10-06 10:49:41,021 [HID병목]   [10:48:20] M16HUB 정상(보고 269 미보고 0 JAM 0)
2026-10-06 10:50:31,075 [HID병목]   [10:49:10] M16HUB 정상(보고 269 미보고 0 JAM 0)
2026-10-06 10:51:21,731 [HID병목]   [10:50:00] M16HUB 정상(보고 269 미보고 0 JAM 0)
2026-10-06 10:52:11,037 [HID병목]   [10:50:50] M16HUB 정상(보고 269 미보고 0 JAM 0)
2026-10-06 10:53:01,031 [HID병목]   [10:51:40] M16HUB 정상(보고 269 미보고 0 JAM 0)
2026-10-06 10:53:51,078 [HID병목]   [10:52:30] M16HUB 정상(보고 269 미보고 0 JAM 0)
2026-10-06 10:54:43,469 [HID병목]   [10:53:20] M16HUB 정상(보고 269 미보고 0 JAM 0)
2026-10-06 10:55:31,073 [HID병목]   [10:54:10] M16HUB 정상(보고 269 미보고 0 JAM 0)
2026-10-06 10:56:21,544 [HID병목]   [10:55:00] M16HUB 정상(보고 269 미보고 0 JAM 0)
2026-10-06 10:57:11,033 [HID병목]   [10:55:50] M16HUB 정상(보고 269 미보고 0 JAM 0)
2026-10-06 10:58:01,081 [HID병목]   [10:56:40] M16HUB 정상(보고 269 미보고 0 JAM 0)
2026-10-06 10:58:51,074 [HID병목]   [10:57:30] M16HUB 정상(보고 269 미보고 0 JAM 0)
2026-10-06 10:59:41,066 [HID병목]   [10:58:20] M16HUB 정상(보고 269 미보고 0 JAM 0)
2026-10-06 11:00:31,073 [HID병목]   [10:59:10] M16HUB 정상(보고 269 미보고 0 JAM 0)
2026-10-06 11:01:21,166 [HID병목]   [11:00:00] M16HUB 정상(보고 269 미보고 0 JAM 0)
2026-10-06 11:02:11,098 [HID병목]   [11:00:50] M16HUB 정상(보고 269 미보고 0 JAM 0)
2026-10-06 11:03:01,096 [HID병목]   [11:01:40] M16HUB 정상(보고 269 미보고 0 JAM 0)
2026-10-06 11:03:51,076 [HID병목]   [11:02:30] M16HUB 정상(보고 269 미보고 0 JAM 0)
2026-10-06 11:04:41,023 [HID병목]   [11:03:20] M16HUB 정상(보고 269 미보고 0 JAM 0)
2026-10-06 11:05:31,075 [HID병목]   [11:04:10] M16HUB 정상(보고 269 미보고 0 JAM 0)
2026-10-06 11:06:21,086 [HID병목]   [11:05:00] M16HUB 정상(보고 269 미보고 0 JAM 0)
2026-10-06 11:07:11,065 [HID병목]   [11:05:50] M16HUB 정상(보고 269 미보고 0 JAM 0)
2026-10-06 11:08:01,093 [HID병목]   [11:06:40] M16HUB 정상(보고 269 미보고 0 JAM 0)
2026-10-06 11:08:51,063 [HID병목]   [11:07:30] M16HUB 정상(보고 269 미보고 0 JAM 0)
2026-10-06 11:09:41,016 [HID병목]   [11:08:20] M16HUB 정상(보고 269 미보고 0 JAM 0)
2026-10-06 11:10:31,077 [HID병목]   [11:09:10] M16HUB 정상(보고 269 미보고 0 JAM 0)
2026-10-06 11:11:21,045 [HID병목]   [11:10:00] M16HUB 정상(보고 269 미보고 0 JAM 0)
2026-10-06 11:12:11,074 [HID병목]   [11:10:50] M16HUB 정상(보고 269 미보고 0 JAM 0)
2026-10-06 11:13:01,080 [HID병목]   [11:11:40] M16HUB 정상(보고 269 미보고 0 JAM 0)
2026-10-06 11:13:51,051 [HID병목]   [11:12:30] M16HUB 정상(보고 269 미보고 0 JAM 0)
2026-10-06 11:14:41,034 [HID병목]   [11:13:20] M16HUB 정상(보고 269 미보고 0 JAM 0)
2026-10-06 11:15:31,060 [HID병목]   [11:14:10] M16HUB 정상(보고 269 미보고 0 JAM 0)
2026-10-06 11:16:21,025 [HID병목]   [11:15:00] M16HUB 정상(보고 269 미보고 0 JAM 0)
2026-10-06 11:17:11,029 [HID병목]   [11:15:50] M16HUB 정상(보고 269 미보고 0 JAM 0)
2026-10-06 11:18:01,064 [HID병목]   [11:16:40] M16HUB 정상(보고 269 미보고 0 JAM 0)
2026-10-06 11:18:51,066 [HID병목]   [11:17:30] M16HUB 정상(보고 269 미보고 0 JAM 0)
2026-10-06 11:19:42,522 [HID병목]   [11:18:20] M16HUB 정상(보고 269 미보고 0 JAM 0)
2026-10-06 11:20:31,043 [HID병목]   [11:19:10] M16HUB 정상(보고 269 미보고 0 JAM 0)
2026-10-06 11:21:21,072 [HID병목]   [11:20:00] M16HUB 정상(보고 269 미보고 0 JAM 0)
2026-10-06 11:22:11,078 [HID병목]   [11:20:50] M16HUB 정상(보고 269 미보고 0 JAM 0)
2026-10-06 11:23:01,094 [HID병목]   [11:21:40] M16HUB 정상(보고 269 미보고 0 JAM 0)
2026-10-06 11:23:51,081 [HID병목]   [11:22:30] M16HUB 정상(보고 269 미보고 0 JAM 0)
2026-10-06 11:24:45,500 [HID병목]   [11:23:20] M16HUB 정상(보고 269 미보고 0 JAM 0)
2026-10-06 11:25:31,456 [HID병목]   [11:24:10] M16HUB 정상(보고 269 미보고 0 JAM 0)
2026-10-06 11:26:21,668 [HID병목]   [11:25:00] M16HUB 정상(보고 269 미보고 0 JAM 0)
2026-10-06 11:27:11,044 [HID병목]   [11:25:50] M16HUB 정상(보고 269 미보고 0 JAM 0)
2026-10-06 11:28:01,087 [HID병목]   [11:26:40] M16HUB 정상(보고 269 미보고 0 JAM 0)
2026-10-06 11:28:51,039 [HID병목]   [11:27:30] M16HUB 정상(보고 269 미보고 0 JAM 0)
2026-10-06 11:29:41,056 [HID병목]   [11:28:20] M16HUB 정상(보고 269 미보고 0 JAM 0)
2026-10-06 11:30:31,308 [HID병목]   [11:29:10] M16HUB 정상(보고 269 미보고 0 JAM 0)
2026-10-06 11:31:21,360 [HID병목]   [11:30:00] M16HUB 정상(보고 269 미보고 0 JAM 0)
2026-10-06 11:32:11,057 [HID병목]   [11:30:50] M16HUB 정상(보고 269 미보고 0 JAM 0)
2026-10-06 11:33:01,114 [HID병목]   [11:31:40] M16HUB 정상(보고 269 미보고 0 JAM 0)
2026-10-06 11:33:51,072 [HID병목]   [11:32:30] M16HUB 정상(보고 269 미보고 0 JAM 0)
2026-10-06 11:34:41,066 [HID병목]   [11:33:20] M16HUB 정상(보고 269 미보고 0 JAM 0)
2026-10-06 11:35:31,033 [HID병목]   [11:34:10] M16HUB 정상(보고 269 미보고 0 JAM 0)
2026-10-06 11:36:21,069 [HID병목]   [11:35:00] M16HUB 정상(보고 269 미보고 0 JAM 0)
2026-10-06 11:37:11,076 [HID병목]   [11:35:50] M16HUB 정상(보고 269 미보고 0 JAM 0)
2026-10-06 11:38:01,094 [HID병목]   [11:36:40] M16HUB 정상(보고 269 미보고 0 JAM 0)
2026-10-06 11:38:51,027 [HID병목]   [11:37:30] M16HUB 정상(보고 269 미보고 0 JAM 0)
2026-10-06 11:39:41,065 [HID병목]   [11:38:20] M16HUB 정상(보고 269 미보고 0 JAM 0)
2026-10-06 11:40:31,087 [HID병목]   [11:39:10] M16HUB 정상(보고 269 미보고 0 JAM 0)
2026-10-06 11:41:21,077 [HID병목]   [11:40:00] M16HUB 정상(보고 269 미보고 0 JAM 0)
2026-10-06 11:42:11,075 [HID병목]   [11:40:50] M16HUB 정상(보고 269 미보고 0 JAM 0)
2026-10-06 11:43:01,085 [HID병목]   [11:41:40] M16HUB 정상(보고 269 미보고 0 JAM 0)
2026-10-06 11:43:51,057 [HID병목]   [11:42:30] M16HUB 정상(보고 269 미보고 0 JAM 0)
2026-10-06 11:44:41,034 [HID병목]   [11:43:20] M16HUB 정상(보고 269 미보고 0 JAM 0)
2026-10-06 11:45:31,053 [HID병목]   [11:44:10] M16HUB 정상(보고 269 미보고 0 JAM 0)
2026-10-06 11:46:21,031 [HID병목]   [11:45:00] M16HUB 정상(보고 269 미보고 0 JAM 0)
2026-10-06 11:47:11,077 [HID병목]   [11:45:50] M16HUB 정상(보고 269 미보고 0 JAM 0)
2026-10-06 11:48:01,085 [HID병목]   [11:46:40] M16HUB 정상(보고 269 미보고 0 JAM 0)
2026-10-06 11:48:51,028 [HID병목]   [11:47:30] M16HUB 정상(보고 269 미보고 0 JAM 0)
2026-10-06 11:49:43,018 [HID병목]   [11:48:20] M16HUB 정상(보고 269 미보고 0 JAM 0)
2026-10-06 11:50:31,047 [HID병목]   [11:49:10] M16HUB 정상(보고 269 미보고 0 JAM 0)
2026-10-06 11:51:21,079 [HID병목]   [11:50:00] M16HUB 정상(보고 269 미보고 0 JAM 0)
2026-10-06 11:52:11,067 [HID병목]   [11:50:50] M16HUB 정상(보고 269 미보고 0 JAM 0)
2026-10-06 11:53:01,081 [HID병목]   [11:51:40] M16HUB 정상(보고 269 미보고 0 JAM 0)
2026-10-06 11:53:51,051 [HID병목]   [11:52:30] M16HUB 정상(보고 269 미보고 0 JAM 0)
2026-10-06 11:54:41,067 [HID병목]   [11:53:20] M16HUB 정상(보고 269 미보고 0 JAM 0)
2026-10-06 11:55:31,034 [HID병목]   [11:54:10] M16HUB 정상(보고 269 미보고 0 JAM 0)
2026-10-06 11:56:21,060 [HID병목]   [11:55:00] M16HUB 정상(보고 269 미보고 0 JAM 0)
2026-10-06 11:57:11,035 [HID병목]   [11:55:50] M16HUB 정상(보고 269 미보고 0 JAM 0)
2026-10-06 11:58:01,044 [HID병목]   [11:56:40] M16HUB 정상(보고 269 미보고 0 JAM 0)
2026-10-06 11:58:51,069 [HID병목]   [11:57:30] M16HUB 정상(보고 269 미보고 0 JAM 0)
2026-10-06 11:59:41,064 [HID병목]   [11:58:20] M16HUB 정상(보고 269 미보고 0 JAM 0)
2026-10-06 12:00:31,075 [HID병목]   [11:59:10] M16HUB 정상(보고 269 미보고 0 JAM 0)
2026-10-06 12:01:21,045 [HID병목]   [12:00:00] M16HUB 정상(보고 269 미보고 0 JAM 0)
2026-10-06 12:02:11,087 [HID병목]   [12:00:50] M16HUB 정상(보고 269 미보고 0 JAM 0)
2026-10-06 12:03:01,121 [HID병목]   [12:01:40] M16HUB 정상(보고 269 미보고 0 JAM 0)
2026-10-06 12:03:51,026 [HID병목]   [12:02:30] M16HUB 정상(보고 269 미보고 0 JAM 0)
2026-10-06 12:04:41,065 [HID병목]   [12:03:20] M16HUB 정상(보고 269 미보고 0 JAM 0)
2026-10-06 12:05:31,038 [HID병목]   [12:04:10] M16HUB 정상(보고 269 미보고 0 JAM 0)
2026-10-06 12:06:21,052 [HID병목]   [12:05:00] M16HUB 정상(보고 269 미보고 0 JAM 0)
2026-10-06 12:07:11,045 [HID병목]   [12:05:50] M16HUB 정상(보고 269 미보고 0 JAM 0)
2026-10-06 12:08:01,150 [HID병목]   [12:06:40] M16HUB 정상(보고 269 미보고 0 JAM 0)
2026-10-06 12:08:51,078 [HID병목]   [12:07:30] M16HUB 정상(보고 269 미보고 0 JAM 0)
2026-10-06 12:09:42,150 [HID병목]   [12:08:20] M16HUB 정상(보고 269 미보고 0 JAM 0)
2026-10-06 12:10:31,084 [HID병목]   [12:09:10] M16HUB 정상(보고 269 미보고 0 JAM 0)
2026-10-06 12:11:21,058 [HID병목]   [12:10:00] M16HUB 정상(보고 269 미보고 0 JAM 0)
2026-10-06 12:12:11,074 [HID병목]   [12:10:50] M16HUB 정상(보고 269 미보고 0 JAM 0)
2026-10-06 12:13:01,055 [HID병목]   [12:11:40] M16HUB 정상(보고 269 미보고 0 JAM 0)
2026-10-06 12:13:51,068 [HID병목]   [12:12:30] M16HUB 정상(보고 269 미보고 0 JAM 0)
2026-10-06 12:14:41,778 [HID병목]   [12:13:20] M16HUB 정상(보고 269 미보고 0 JAM 0)
2026-10-06 12:15:31,053 [HID병목]   [12:14:10] M16HUB 정상(보고 269 미보고 0 JAM 0)
2026-10-06 12:16:23,233 [HID병목]   [12:15:00] M16HUB 정상(보고 269 미보고 0 JAM 0)
2026-10-06 12:17:11,062 [HID병목]   [12:15:50] M16HUB 정상(보고 269 미보고 0 JAM 0)
2026-10-06 12:18:01,083 [HID병목]   [12:16:40] M16HUB 정상(보고 269 미보고 0 JAM 0)
2026-10-06 12:18:51,075 [HID병목]   [12:17:30] M16HUB 정상(보고 269 미보고 0 JAM 0)
2026-10-06 12:19:41,026 [HID병목]   [12:18:20] M16HUB 정상(보고 269 미보고 0 JAM 0)
2026-10-06 12:20:31,085 [HID병목]   [12:19:10] M16HUB 정상(보고 269 미보고 0 JAM 0)
2026-10-06 12:21:21,068 [HID병목]   [12:20:00] M16HUB 정상(보고 269 미보고 0 JAM 0)
2026-10-06 12:22:11,062 [HID병목]   [12:20:50] M16HUB 정상(보고 269 미보고 0 JAM 0)
2026-10-06 12:23:01,085 [HID병목]   [12:21:40] M16HUB 정상(보고 269 미보고 0 JAM 0)
2026-10-06 12:23:51,082 [HID병목]   [12:22:30] M16HUB 정상(보고 269 미보고 0 JAM 0)
2026-10-06 12:24:41,066 [HID병목]   [12:23:20] M16HUB 정상(보고 269 미보고 0 JAM 0)
2026-10-06 12:25:31,821 [HID병목]   [12:24:10] M16HUB 정상(보고 269 미보고 0 JAM 0)
2026-10-06 12:26:21,089 [HID병목]   [12:25:00] M16HUB 정상(보고 269 미보고 0 JAM 0)
2026-10-06 12:27:11,046 [HID병목]   [12:25:50] M16HUB 정상(보고 269 미보고 0 JAM 0)
2026-10-06 12:28:01,035 [HID병목]   [12:26:40] M16HUB 정상(보고 269 미보고 0 JAM 0)
2026-10-06 12:28:51,074 [HID병목]   [12:27:30] M16HUB 정상(보고 269 미보고 0 JAM 0)
2026-10-06 12:29:41,070 [HID병목]   [12:28:20] M16HUB 정상(보고 269 미보고 0 JAM 0)
2026-10-06 12:30:31,084 [HID병목]   [12:29:10] M16HUB 정상(보고 269 미보고 0 JAM 0)
2026-10-06 12:31:21,075 [HID병목]   [12:30:00] M16HUB 정상(보고 269 미보고 0 JAM 0)
2026-10-06 12:32:11,040 [HID병목]   [12:30:50] M16HUB 정상(보고 269 미보고 0 JAM 0)
2026-10-06 12:33:01,082 [HID병목]   [12:31:40] M16HUB 정상(보고 269 미보고 0 JAM 0)
2026-10-06 12:33:51,074 [HID병목]   [12:32:30] M16HUB 정상(보고 269 미보고 0 JAM 0)
2026-10-06 12:34:41,066 [HID병목]   [12:33:20] M16HUB 정상(보고 269 미보고 0 JAM 0)
2026-10-06 12:35:32,688 [HID병목]   [12:34:10] M16HUB 정상(보고 269 미보고 0 JAM 0)
2026-10-06 12:36:21,036 [HID병목]   [12:35:00] M16HUB 정상(보고 269 미보고 0 JAM 0)
2026-10-06 12:37:11,077 [HID병목]   [12:35:50] M16HUB 정상(보고 269 미보고 0 JAM 0)
2026-10-06 12:38:01,080 [HID병목]   [12:36:40] M16HUB 정상(보고 269 미보고 0 JAM 0)
2026-10-06 12:38:51,083 [HID병목]   [12:37:30] M16HUB 정상(보고 269 미보고 0 JAM 0)
2026-10-06 12:39:44,021 [HID병목]   [12:38:20] M16HUB 정상(보고 269 미보고 0 JAM 0)
2026-10-06 12:40:31,073 [HID병목]   [12:39:10] M16HUB 정상(보고 269 미보고 0 JAM 0)
2026-10-06 12:41:21,075 [HID병목]   [12:40:00] M16HUB 정상(보고 269 미보고 0 JAM 0)
2026-10-06 12:42:11,057 [HID병목]   [12:40:50] M16HUB 정상(보고 269 미보고 0 JAM 0)
2026-10-06 12:43:01,137 [HID병목]   [12:41:40] M16HUB 정상(보고 269 미보고 0 JAM 0)
2026-10-06 12:43:51,082 [HID병목]   [12:42:30] M16HUB 정상(보고 269 미보고 0 JAM 0)
2026-10-06 12:44:41,066 [HID병목]   [12:43:20] M16HUB 정상(보고 269 미보고 0 JAM 0)
2026-10-06 12:45:31,085 [HID병목]   [12:44:10] M16HUB 정상(보고 269 미보고 0 JAM 0)
2026-10-06 12:46:21,076 [HID병목]   [12:45:00] M16HUB 정상(보고 269 미보고 0 JAM 0)
2026-10-06 12:47:11,027 [HID병목]   [12:45:50] M16HUB 정상(보고 269 미보고 0 JAM 0)
2026-10-06 12:48:01,080 [HID병목]   [12:46:40] M16HUB 정상(보고 269 미보고 0 JAM 0)
2026-10-06 12:48:51,087 [HID병목]   [12:47:30] M16HUB 정상(보고 269 미보고 0 JAM 0)
2026-10-06 12:49:41,066 [HID병목]   [12:48:20] M16HUB 정상(보고 269 미보고 0 JAM 0)
2026-10-06 12:50:31,056 [HID병목]   [12:49:10] M16HUB 정상(보고 269 미보고 0 JAM 0)
2026-10-06 12:51:21,079 [HID병목]   [12:50:00] M16HUB 정상(보고 269 미보고 0 JAM 0)
2026-10-06 12:52:11,115 [HID병목]   [12:50:50] M16HUB 정상(보고 269 미보고 0 JAM 0)
2026-10-06 12:53:01,069 [HID병목]   [12:51:40] M16HUB 정상(보고 269 미보고 0 JAM 0)
2026-10-06 12:53:51,072 [HID병목]   [12:52:30] M16HUB 정상(보고 269 미보고 0 JAM 0)
2026-10-06 12:54:44,031 [HID병목]   [12:53:20] M16HUB 정상(보고 269 미보고 0 JAM 0)
2026-10-06 12:55:31,062 [HID병목]   [12:54:10] M16HUB 정상(보고 269 미보고 0 JAM 0)
2026-10-06 12:56:21,989 [HID병목]   [12:55:00] M16HUB 정상(보고 269 미보고 0 JAM 0)
2026-10-06 12:57:11,036 [HID병목]   [12:55:50] M16HUB 정상(보고 269 미보고 0 JAM 0)
2026-10-06 12:58:01,072 [HID병목]   [12:56:40] M16HUB 정상(보고 269 미보고 0 JAM 0)
2026-10-06 12:58:51,082 [HID병목]   [12:57:30] M16HUB 정상(보고 269 미보고 0 JAM 0)
2026-10-06 12:59:44,492 [HID병목]   [12:58:20] M16HUB 정상(보고 269 미보고 0 JAM 0)
2026-10-06 13:00:31,053 [HID병목]   [12:59:10] M16HUB 정상(보고 269 미보고 0 JAM 0)
2026-10-06 13:01:21,684 [HID병목]   [13:00:00] M16HUB 정상(보고 269 미보고 0 JAM 0)
2026-10-06 13:02:11,088 [HID병목]   [13:00:50] M16HUB 정상(보고 269 미보고 0 JAM 0)
2026-10-06 13:03:01,061 [HID병목]   [13:01:40] M16HUB 정상(보고 269 미보고 0 JAM 0)
2026-10-06 13:03:51,044 [HID병목]   [13:02:30] M16HUB 정상(보고 269 미보고 0 JAM 0)
2026-10-06 13:04:41,057 [HID병목]   [13:03:20] M16HUB 정상(보고 269 미보고 0 JAM 0)
2026-10-06 13:05:33,200 [HID병목]   [13:04:10] M16HUB 정상(보고 269 미보고 0 JAM 0)
2026-10-06 13:06:21,545 [HID병목]   [13:05:00] M16HUB 정상(보고 269 미보고 0 JAM 0)
2026-10-06 13:07:11,088 [HID병목]   [13:05:50] M16HUB 정상(보고 269 미보고 0 JAM 0)
2026-10-06 13:08:01,108 [HID병목]   [13:06:40] M16HUB 정상(보고 268 미보고 1 JAM 0)
2026-10-06 13:08:51,084 [HID병목]   [13:07:30] M16HUB 정상(보고 268 미보고 1 JAM 0)
2026-10-06 13:09:41,068 [HID병목]   [13:08:20] M16HUB 정상(보고 268 미보고 1 JAM 0)
2026-10-06 13:10:31,079 [HID병목]   [13:09:10] M16HUB 정상(보고 269 미보고 0 JAM 0)
2026-10-06 13:11:21,065 [HID병목]   [13:10:00] M16HUB 정상(보고 269 미보고 0 JAM 0)
2026-10-06 13:12:11,074 [HID병목]   [13:10:50] M16HUB 정상(보고 269 미보고 0 JAM 0)
2026-10-06 13:13:01,122 [HID병목]   [13:11:40] M16HUB 정상(보고 269 미보고 0 JAM 0)
2026-10-06 13:13:51,079 [HID병목]   [13:12:30] M16HUB 정상(보고 269 미보고 0 JAM 0)
2026-10-06 13:14:41,064 [HID병목]   [13:13:20] M16HUB 정상(보고 269 미보고 0 JAM 0)
2026-10-06 13:15:31,076 [HID병목]   [13:14:10] M16HUB 정상(보고 269 미보고 0 JAM 0)
2026-10-06 13:16:21,070 [HID병목]   [13:15:00] M16HUB 정상(보고 269 미보고 0 JAM 0)
2026-10-06 13:17:11,033 [HID병목]   [13:15:50] M16HUB 정상(보고 269 미보고 0 JAM 0)
2026-10-06 13:18:01,079 [HID병목]   [13:16:40] M16HUB 정상(보고 269 미보고 0 JAM 0)
2026-10-06 13:18:51,076 [HID병목]   [13:17:30] M16HUB 정상(보고 269 미보고 0 JAM 0)
2026-10-06 13:19:41,512 [HID병목]   [13:18:20] M16HUB 정상(보고 269 미보고 0 JAM 0)
2026-10-06 13:20:31,043 [HID병목]   [13:19:10] M16HUB 정상(보고 269 미보고 0 JAM 0)
2026-10-06 13:21:21,074 [HID병목]   [13:20:00] M16HUB 정상(보고 269 미보고 0 JAM 0)
2026-10-06 13:22:11,081 [HID병목]   [13:20:50] M16HUB 정상(보고 269 미보고 0 JAM 0)
2026-10-06 13:23:01,071 [HID병목]   [13:21:40] M16HUB 정상(보고 269 미보고 0 JAM 0)
2026-10-06 13:23:51,052 [HID병목]   [13:22:30] M16HUB 정상(보고 269 미보고 0 JAM 0)
2026-10-06 13:24:41,034 [HID병목]   [13:23:20] M16HUB 정상(보고 269 미보고 0 JAM 0)
2026-10-06 13:25:31,030 [HID병목]   [13:24:10] M16HUB 정상(보고 269 미보고 0 JAM 0)
2026-10-06 13:26:21,074 [HID병목]   [13:25:00] M16HUB 정상(보고 269 미보고 0 JAM 0)
2026-10-06 13:27:11,083 [HID병목]   [13:25:50] M16HUB 정상(보고 269 미보고 0 JAM 0)
2026-10-06 13:28:01,094 [HID병목]   [13:26:40] M16HUB 정상(보고 269 미보고 0 JAM 0)
2026-10-06 13:28:51,047 [HID병목]   [13:27:30] M16HUB 정상(보고 269 미보고 0 JAM 0)
2026-10-06 13:29:41,044 [HID병목]   [13:28:20] M16HUB 정상(보고 269 미보고 0 JAM 0)
2026-10-06 13:30:32,090 [HID병목]   [13:29:10] M16HUB 정상(보고 269 미보고 0 JAM 0)
2026-10-06 13:31:21,354 [HID병목]   [13:30:00] M16HUB 정상(보고 269 미보고 0 JAM 0)
2026-10-06 13:32:11,027 [HID병목]   [13:30:50] M16HUB 정상(보고 269 미보고 0 JAM 0)
2026-10-06 13:33:01,096 [HID병목]   [13:31:40] M16HUB 정상(보고 269 미보고 0 JAM 0)
2026-10-06 13:33:51,076 [HID병목]   [13:32:30] M16HUB 정상(보고 269 미보고 0 JAM 0)
2026-10-06 13:34:41,063 [HID병목]   [13:33:20] M16HUB 정상(보고 269 미보고 0 JAM 0)
2026-10-06 13:35:31,088 [HID병목]   [13:34:10] M16HUB 정상(보고 269 미보고 0 JAM 0)
2026-10-06 13:36:21,074 [HID병목]   [13:35:00] M16HUB 정상(보고 269 미보고 0 JAM 0)
2026-10-06 13:37:11,073 [HID병목]   [13:35:50] M16HUB 정상(보고 269 미보고 0 JAM 0)
2026-10-06 13:38:01,087 [HID병목]   [13:36:40] M16HUB 정상(보고 269 미보고 0 JAM 0)
2026-10-06 13:38:51,074 [HID병목]   [13:37:30] M16HUB 정상(보고 269 미보고 0 JAM 0)
2026-10-06 13:39:41,251 [HID병목]   [13:38:20] M16HUB 정상(보고 269 미보고 0 JAM 0)
2026-10-06 13:40:31,025 [HID병목]   [13:39:10] M16HUB 정상(보고 269 미보고 0 JAM 0)
2026-10-06 13:41:21,076 [HID병목]   [13:40:00] M16HUB 정상(보고 269 미보고 0 JAM 0)
2026-10-06 13:42:11,079 [HID병목]   [13:40:50] M16HUB 정상(보고 269 미보고 0 JAM 0)
2026-10-06 13:43:01,080 [HID병목]   [13:41:40] M16HUB 정상(보고 269 미보고 0 JAM 0)
2026-10-06 13:43:51,024 [HID병목]   [13:42:30] M16HUB 정상(보고 269 미보고 0 JAM 0)
2026-10-06 13:44:41,015 [HID병목]   [13:43:20] M16HUB 정상(보고 269 미보고 0 JAM 0)
2026-10-06 13:45:31,103 [HID병목]   [13:44:10] M16HUB 정상(보고 269 미보고 0 JAM 0)
2026-10-06 13:46:21,085 [HID병목]   [13:45:00] M16HUB 정상(보고 269 미보고 0 JAM 0)
2026-10-06 13:47:11,035 [HID병목]   [13:45:50] M16HUB 정상(보고 269 미보고 0 JAM 0)
2026-10-06 13:48:01,094 [HID병목]   [13:46:40] M16HUB 정상(보고 269 미보고 0 JAM 0)
2026-10-06 13:48:51,044 [HID병목]   [13:47:30] M16HUB 정상(보고 269 미보고 0 JAM 0)
2026-10-06 13:49:41,031 [HID병목]   [13:48:20] M16HUB 정상(보고 269 미보고 0 JAM 0)
2026-10-06 13:50:31,086 [HID병목]   [13:49:10] M16HUB 정상(보고 269 미보고 0 JAM 0)
2026-10-06 13:51:21,065 [HID병목]   [13:50:00] M16HUB 정상(보고 269 미보고 0 JAM 0)
2026-10-06 13:52:11,053 [HID병목]   [13:50:50] M16HUB 정상(보고 269 미보고 0 JAM 0)
2026-10-06 13:53:01,050 [HID병목]   [13:51:40] M16HUB 정상(보고 269 미보고 0 JAM 0)
2026-10-06 13:53:51,036 [HID병목]   [13:52:30] M16HUB 정상(보고 269 미보고 0 JAM 0)
2026-10-06 13:54:41,060 [HID병목]   [13:53:20] M16HUB 정상(보고 269 미보고 0 JAM 0)
2026-10-06 13:55:31,085 [HID병목]   [13:54:10] M16HUB 정상(보고 269 미보고 0 JAM 0)
2026-10-06 13:56:21,529 [HID병목]   [13:55:00] M16HUB 정상(보고 269 미보고 0 JAM 0)
2026-10-06 13:57:11,057 [HID병목]   [13:55:50] M16HUB 정상(보고 269 미보고 0 JAM 0)
2026-10-06 13:58:01,121 [HID병목]   [13:56:40] M16HUB 정상(보고 269 미보고 0 JAM 0)
2026-10-06 13:58:51,043 [HID병목]   [13:57:30] M16HUB 정상(보고 269 미보고 0 JAM 0)
2026-10-06 13:59:41,024 [HID병목]   [13:58:20] M16HUB 정상(보고 269 미보고 0 JAM 0)
2026-10-06 14:00:31,024 [HID병목]   [13:59:10] M16HUB 정상(보고 269 미보고 0 JAM 0)
2026-10-06 14:01:21,391 [HID병목]   [14:00:00] M16HUB 정상(보고 269 미보고 0 JAM 0)
2026-10-06 14:02:11,110 [HID병목]   [14:00:50] M16HUB 정상(보고 269 미보고 0 JAM 0)
2026-10-06 14:03:01,106 [HID병목]   [14:01:40] M16HUB 정상(보고 269 미보고 0 JAM 0)
2026-10-06 14:03:51,070 [HID병목]   [14:02:30] M16HUB 정상(보고 269 미보고 0 JAM 0)
2026-10-06 14:04:41,025 [HID병목]   [14:03:20] M16HUB 정상(보고 269 미보고 0 JAM 0)
2026-10-06 14:05:31,085 [HID병목]   [14:04:10] M16HUB 정상(보고 269 미보고 0 JAM 0)
2026-10-06 14:06:21,086 [HID병목]   [14:05:00] M16HUB 정상(보고 269 미보고 0 JAM 0)
2026-10-06 14:07:11,087 [HID병목]   [14:05:50] M16HUB 정상(보고 269 미보고 0 JAM 0)
2026-10-06 14:08:01,100 [HID병목]   [14:06:40] M16HUB 정상(보고 269 미보고 0 JAM 0)
2026-10-06 14:08:51,052 [HID병목]   [14:07:30] M16HUB 정상(보고 269 미보고 0 JAM 0)
2026-10-06 14:09:44,616 [HID병목]   [14:08:20] M16HUB 정상(보고 268 미보고 1 JAM 0)
2026-10-06 14:10:31,054 [HID병목]   [14:09:10] M16HUB 정상(보고 268 미보고 1 JAM 0)
2026-10-06 14:11:21,821 [HID병목]   [14:10:00] M16HUB 정상(보고 268 미보고 1 JAM 0)
2026-10-06 14:12:11,103 [HID병목]   [14:10:50] M16HUB 정상(보고 269 미보고 0 JAM 0)
2026-10-06 14:13:01,047 [HID병목]   [14:11:40] M16HUB 정상(보고 269 미보고 0 JAM 0)
2026-10-06 14:13:51,045 [HID병목]   [14:12:30] M16HUB 정상(보고 269 미보고 0 JAM 0)
2026-10-06 14:14:41,077 [HID병목]   [14:13:20] M16HUB 정상(보고 269 미보고 0 JAM 0)
2026-10-06 14:15:31,221 [HID병목]   [14:14:10] M16HUB 정상(보고 269 미보고 0 JAM 0)
2026-10-06 14:16:21,075 [HID병목]   [14:15:00] M16HUB 정상(보고 269 미보고 0 JAM 0)
2026-10-06 14:17:11,084 [HID병목]   [14:15:50] M16HUB 정상(보고 269 미보고 0 JAM 0)
2026-10-06 14:18:01,080 [HID병목]   [14:16:40] M16HUB 정상(보고 269 미보고 0 JAM 0)
2026-10-06 14:18:51,076 [HID병목]   [14:17:30] M16HUB 정상(보고 269 미보고 0 JAM 0)
2026-10-06 14:19:41,312 [HID병목]   [14:18:20] M16HUB 정상(보고 269 미보고 0 JAM 0)
2026-10-06 14:20:31,074 [HID병목]   [14:19:10] M16HUB 정상(보고 269 미보고 0 JAM 0)
2026-10-06 14:21:21,052 [HID병목]   [14:20:00] M16HUB 정상(보고 269 미보고 0 JAM 0)
2026-10-06 14:22:11,087 [HID병목]   [14:20:50] M16HUB 정상(보고 269 미보고 0 JAM 0)
2026-10-06 14:23:01,094 [HID병목]   [14:21:40] M16HUB 정상(보고 269 미보고 0 JAM 0)
2026-10-06 14:23:51,024 [HID병목]   [14:22:30] M16HUB 정상(보고 269 미보고 0 JAM 0)
2026-10-06 14:24:44,439 [HID병목]   [14:23:20] M16HUB 정상(보고 269 미보고 0 JAM 0)
2026-10-06 14:25:31,083 [HID병목]   [14:24:10] M16HUB 정상(보고 269 미보고 0 JAM 0)
2026-10-06 14:26:21,558 [HID병목]   [14:25:00] M16HUB 정상(보고 269 미보고 0 JAM 0)
2026-10-06 14:27:11,093 [HID병목]   [14:25:50] M16HUB 정상(보고 269 미보고 0 JAM 0)
2026-10-06 14:28:01,057 [HID병목]   [14:26:40] M16HUB 정상(보고 269 미보고 0 JAM 0)
2026-10-06 14:28:51,040 [HID병목]   [14:27:30] M16HUB 정상(보고 269 미보고 0 JAM 0)
2026-10-06 14:29:41,587 [HID병목]   [14:28:20] M16HUB 정상(보고 269 미보고 0 JAM 0)
2026-10-06 14:30:31,085 [HID병목]   [14:29:10] M16HUB 정상(보고 269 미보고 0 JAM 0)
2026-10-06 14:31:21,374 [HID병목]   [14:30:00] M16HUB 정상(보고 269 미보고 0 JAM 0)
2026-10-06 14:32:11,034 [HID병목]   [14:30:50] M16HUB 정상(보고 269 미보고 0 JAM 0)
2026-10-06 14:33:01,081 [HID병목]   [14:31:40] M16HUB 정상(보고 269 미보고 0 JAM 0)
2026-10-06 14:33:51,075 [HID병목]   [14:32:30] M16HUB 정상(보고 269 미보고 0 JAM 0)
2026-10-06 14:34:44,611 [HID병목]   [14:33:20] M16HUB 정상(보고 269 미보고 0 JAM 0)
2026-10-06 14:35:31,070 [HID병목]   [14:34:10] M16HUB 정상(보고 269 미보고 0 JAM 0)
2026-10-06 14:36:21,619 [HID병목]   [14:35:00] M16HUB 정상(보고 270 미보고 0 JAM 0)
2026-10-06 14:37:11,038 [HID병목]   [14:35:50] M16HUB 정상(보고 268 미보고 1 JAM 0)
2026-10-06 14:38:01,084 [HID병목]   [14:36:40] M16HUB 정상(보고 268 미보고 1 JAM 0)
2026-10-06 14:38:51,064 [HID병목]   [14:37:30] M16HUB 정상(보고 268 미보고 1 JAM 0)
2026-10-06 14:39:41,066 [HID병목]   [14:38:20] M16HUB 정상(보고 269 미보고 0 JAM 0)
2026-10-06 14:40:31,073 [HID병목]   [14:39:10] M16HUB 정상(보고 269 미보고 0 JAM 0)
2026-10-06 14:41:21,042 [HID병목]   [14:40:00] M16HUB 정상(보고 269 미보고 0 JAM 0)
2026-10-06 14:42:11,077 [HID병목]   [14:40:50] M16HUB 정상(보고 269 미보고 0 JAM 0)
2026-10-06 14:43:01,101 [HID병목]   [14:41:40] M16HUB 정상(보고 269 미보고 0 JAM 0)
2026-10-06 14:43:51,064 [HID병목]   [14:42:30] M16HUB 정상(보고 269 미보고 0 JAM 0)
2026-10-06 14:44:41,066 [HID병목]   [14:43:20] M16HUB 정상(보고 270 미보고 0 JAM 0)
2026-10-06 14:45:31,098 [HID병목]   [14:44:10] M16HUB 정상(보고 269 미보고 1 JAM 0)
2026-10-06 14:46:21,316 [HID병목]   [14:45:00] M16HUB 정상(보고 270 미보고 0 JAM 0)
2026-10-06 14:47:11,057 [HID병목]   [14:45:50] M16HUB 정상(보고 270 미보고 0 JAM 0)
2026-10-06 14:48:01,152 [HID병목]   [14:46:40] M16HUB 정상(보고 270 미보고 0 JAM 0)
2026-10-06 14:48:51,074 [HID병목]   [14:47:30] M16HUB 정상(보고 269 미보고 1 JAM 0)
2026-10-06 14:49:41,067 [HID병목]   [14:48:20] M16HUB 정상(보고 269 미보고 1 JAM 0)
2026-10-06 14:50:32,556 [HID병목]   [14:49:10] M16HUB 정상(보고 269 미보고 1 JAM 0)
2026-10-06 14:51:21,069 [HID병목]   [14:50:00] M16HUB 정상(보고 269 미보고 1 JAM 0)
2026-10-06 14:52:11,073 [HID병목]   [14:50:50] M16HUB 정상(보고 269 미보고 1 JAM 0)
2026-10-06 14:53:01,152 [HID병목]   [14:51:40] M16HUB 정상(보고 269 미보고 1 JAM 0)
2026-10-06 14:53:51,072 [HID병목]   [14:52:30] M16HUB 정상(보고 269 미보고 1 JAM 0)
2026-10-06 14:54:41,054 [HID병목]   [14:53:20] M16HUB 정상(보고 269 미보고 1 JAM 0)
2026-10-06 14:55:31,043 [HID병목]   [14:54:10] M16HUB 정상(보고 269 미보고 1 JAM 0)
2026-10-06 14:56:21,079 [HID병목]   [14:55:00] M16HUB 정상(보고 269 미보고 1 JAM 0)
2026-10-06 14:57:11,036 [HID병목]   [14:55:50] M16HUB 정상(보고 269 미보고 1 JAM 0)
2026-10-06 14:58:01,099 [HID병목]   [14:56:40] M16HUB 정상(보고 269 미보고 1 JAM 0)
2026-10-06 14:58:51,074 [HID병목]   [14:57:30] M16HUB 정상(보고 269 미보고 1 JAM 0)
2026-10-06 14:59:42,498 [HID병목]   [14:58:20] M16HUB 정상(보고 269 미보고 1 JAM 0)
2026-10-06 15:00:31,085 [HID병목]   [14:59:10] M16HUB 정상(보고 270 미보고 0 JAM 0)
2026-10-06 15:01:21,448 [HID병목]   [15:00:00] M16HUB 정상(보고 269 미보고 1 JAM 0)
2026-10-06 15:02:11,078 [HID병목]   [15:00:50] M16HUB 정상(보고 269 미보고 1 JAM 0)
2026-10-06 15:03:01,081 [HID병목]   [15:01:40] M16HUB 정상(보고 269 미보고 1 JAM 0)
2026-10-06 15:03:51,073 [HID병목]   [15:02:30] M16HUB 정상(보고 269 미보고 1 JAM 0)
2026-10-06 15:04:41,025 [HID병목]   [15:03:20] M16HUB 정상(보고 269 미보고 1 JAM 0)
2026-10-06 15:05:31,026 [HID병목]   [15:04:10] M16HUB 정상(보고 269 미보고 1 JAM 0)
2026-10-06 15:06:21,086 [HID병목]   [15:05:00] M16HUB 정상(보고 269 미보고 1 JAM 0)
2026-10-06 15:07:11,063 [HID병목]   [15:05:50] M16HUB 정상(보고 269 미보고 1 JAM 0)
2026-10-06 15:08:01,029 [HID병목]   [15:06:40] M16HUB 정상(보고 269 미보고 1 JAM 0)
2026-10-06 15:08:51,074 [HID병목]   [15:07:30] M16HUB 정상(보고 269 미보고 1 JAM 0)
2026-10-06 15:09:41,066 [HID병목]   [15:08:20] M16HUB 정상(보고 270 미보고 0 JAM 0)
2026-10-06 15:10:31,024 [HID병목]   [15:09:10] M16HUB 정상(보고 269 미보고 1 JAM 0)
2026-10-06 15:11:21,041 [HID병목]   [15:10:00] M16HUB 정상(보고 270 미보고 0 JAM 0)
2026-10-06 15:12:11,080 [HID병목]   [15:10:50] M16HUB 정상(보고 270 미보고 0 JAM 0)
2026-10-06 15:13:01,045 [HID병목]   [15:11:40] M16HUB 정상(보고 269 미보고 1 JAM 0)
2026-10-06 15:13:51,033 [HID병목]   [15:12:30] M16HUB 정상(보고 270 미보고 0 JAM 0)
2026-10-06 15:14:43,021 [HID병목]   [15:13:20] M16HUB 정상(보고 269 미보고 1 JAM 0)
2026-10-06 15:15:31,040 [HID병목]   [15:14:10] M16HUB 정상(보고 269 미보고 1 JAM 0)
2026-10-06 15:16:21,994 [HID병목]   [15:15:00] M16HUB 정상(보고 269 미보고 1 JAM 0)
2026-10-06 15:17:11,069 [HID병목]   [15:15:50] M16HUB 정상(보고 270 미보고 0 JAM 0)
2026-10-06 15:18:01,152 [HID병목]   [15:16:40] M16HUB 정상(보고 270 미보고 0 JAM 0)
2026-10-06 15:18:51,067 [HID병목]   [15:17:30] M16HUB 정상(보고 269 미보고 1 JAM 0)
2026-10-06 15:19:44,172 [HID병목]   [15:18:20] M16HUB 정상(보고 270 미보고 0 JAM 0)
2026-10-06 15:20:31,127 [HID병목]   [15:19:10] M16HUB 정상(보고 270 미보고 0 JAM 0)
2026-10-06 15:21:21,109 [HID병목]   [15:20:00] M16HUB 정상(보고 270 미보고 0 JAM 0)
2026-10-06 15:22:11,043 [HID병목]   [15:20:50] M16HUB 정상(보고 269 미보고 1 JAM 0)
2026-10-06 15:23:01,143 [HID병목]   [15:21:40] M16HUB 정상(보고 270 미보고 0 JAM 0)
2026-10-06 15:23:51,071 [HID병목]   [15:22:30] M16HUB 정상(보고 270 미보고 0 JAM 0)
2026-10-06 15:24:41,070 [HID병목]   [15:23:20] M16HUB 정상(보고 270 미보고 0 JAM 0)
2026-10-06 15:25:31,043 [HID병목]   [15:24:10] M16HUB 정상(보고 270 미보고 0 JAM 0)
2026-10-06 15:26:21,918 [HID병목]   [15:25:00] M16HUB 정상(보고 270 미보고 0 JAM 0)
2026-10-06 15:27:11,054 [HID병목]   [15:25:50] M16HUB 정상(보고 270 미보고 0 JAM 0)
2026-10-06 15:28:01,159 [HID병목]   [15:26:40] M16HUB 정상(보고 270 미보고 0 JAM 0)
2026-10-06 15:28:51,083 [HID병목]   [15:27:30] M16HUB 정상(보고 270 미보고 0 JAM 0)
2026-10-06 15:29:41,056 [HID병목]   [15:28:20] M16HUB 정상(보고 270 미보고 0 JAM 0)
2026-10-06 15:30:31,073 [HID병목]   [15:29:10] M16HUB 정상(보고 270 미보고 0 JAM 0)
2026-10-06 15:31:21,036 [HID병목]   [15:30:00] M16HUB 정상(보고 270 미보고 0 JAM 0)
2026-10-06 15:32:11,086 [HID병목]   [15:30:50] M16HUB 정상(보고 270 미보고 0 JAM 0)
2026-10-06 15:33:01,074 [HID병목]   [15:31:40] M16HUB 정상(보고 270 미보고 0 JAM 0)
2026-10-06 15:33:51,072 [HID병목]   [15:32:30] M16HUB 정상(보고 270 미보고 0 JAM 0)
2026-10-06 15:34:42,647 [HID병목]   [15:33:20] M16HUB 정상(보고 270 미보고 0 JAM 0)
2026-10-06 15:35:31,084 [HID병목]   [15:34:10] M16HUB 정상(보고 270 미보고 0 JAM 0)
2026-10-06 15:36:21,427 [HID병목]   [15:35:00] M16HUB 정상(보고 270 미보고 0 JAM 0)
2026-10-06 15:37:11,034 [HID병목]   [15:35:50] M16HUB 정상(보고 270 미보고 0 JAM 0)
2026-10-06 15:38:01,097 [HID병목]   [15:36:40] M16HUB 정상(보고 270 미보고 0 JAM 0)
2026-10-06 15:38:51,073 [HID병목]   [15:37:30] M16HUB 정상(보고 270 미보고 0 JAM 0)
2026-10-06 15:39:41,172 [HID병목]   [15:38:20] M16HUB 정상(보고 270 미보고 0 JAM 0)
2026-10-06 15:40:31,044 [HID병목]   [15:39:10] M16HUB 정상(보고 270 미보고 0 JAM 0)
2026-10-06 15:41:21,350 [HID병목]   [15:40:00] M16HUB 정상(보고 270 미보고 0 JAM 0)
2026-10-06 15:42:11,042 [HID병목]   [15:40:50] M16HUB 정상(보고 270 미보고 0 JAM 0)
2026-10-06 15:43:01,056 [HID병목]   [15:41:40] M16HUB 정상(보고 270 미보고 0 JAM 0)
2026-10-06 15:43:51,044 [HID병목]   [15:42:30] M16HUB 정상(보고 270 미보고 0 JAM 0)
2026-10-06 15:44:41,066 [HID병목]   [15:43:20] M16HUB 정상(보고 270 미보고 0 JAM 0)
2026-10-06 15:45:31,083 [HID병목]   [15:44:10] M16HUB 정상(보고 270 미보고 0 JAM 0)
2026-10-06 15:46:21,045 [HID병목]   [15:45:00] M16HUB 정상(보고 270 미보고 0 JAM 0)
2026-10-06 15:47:11,050 [HID병목]   [15:45:50] M16HUB 정상(보고 270 미보고 0 JAM 0)
2026-10-06 15:48:01,094 [HID병목]   [15:46:40] M16HUB 정상(보고 270 미보고 0 JAM 0)
2026-10-06 15:48:51,044 [HID병목]   [15:47:30] M16HUB 정상(보고 269 미보고 1 JAM 0)
2026-10-06 15:49:44,962 [HID병목]   [15:48:20] M16HUB 정상(보고 269 미보고 1 JAM 0)
2026-10-06 15:50:31,081 [HID병목]   [15:49:10] M16HUB 정상(보고 269 미보고 1 JAM 0)
2026-10-06 15:51:21,078 [HID병목]   [15:50:00] M16HUB 정상(보고 270 미보고 0 JAM 0)
2026-10-06 15:52:11,076 [HID병목]   [15:50:50] M16HUB 정상(보고 270 미보고 0 JAM 0)
2026-10-06 15:53:01,089 [HID병목]   [15:51:40] M16HUB 정상(보고 270 미보고 0 JAM 0)
2026-10-06 15:53:51,065 [HID병목]   [15:52:30] M16HUB 정상(보고 270 미보고 0 JAM 0)
2026-10-06 15:54:41,039 [HID병목]   [15:53:20] M16HUB 정상(보고 270 미보고 0 JAM 0)
2026-10-06 15:55:31,043 [HID병목]   [15:54:10] M16HUB 정상(보고 270 미보고 0 JAM 0)
2026-10-06 15:56:21,064 [HID병목]   [15:55:00] M16HUB 정상(보고 270 미보고 0 JAM 0)
2026-10-06 15:57:11,077 [HID병목]   [15:55:50] M16HUB 정상(보고 270 미보고 0 JAM 0)
2026-10-06 15:58:01,042 [HID병목]   [15:56:40] M16HUB 정상(보고 270 미보고 0 JAM 0)
2026-10-06 15:58:51,027 [HID병목]   [15:57:30] M16HUB 정상(보고 270 미보고 0 JAM 0)
2026-10-06 15:59:41,058 [HID병목]   [15:58:20] M16HUB 정상(보고 270 미보고 0 JAM 0)
2026-10-06 16:00:32,922 [HID병목]   [15:59:10] M16HUB 정상(보고 270 미보고 0 JAM 0)
2026-10-06 16:01:21,159 [HID병목]   [16:00:00] M16HUB 정상(보고 270 미보고 0 JAM 0)
2026-10-06 16:02:11,034 [HID병목]   [16:00:50] M16HUB 정상(보고 270 미보고 0 JAM 0)
2026-10-06 16:03:01,093 [HID병목]   [16:01:40] M16HUB 정상(보고 270 미보고 0 JAM 0)
2026-10-06 16:03:51,032 [HID병목]   [16:02:30] M16HUB 정상(보고 270 미보고 0 JAM 0)
2026-10-06 16:04:41,039 [HID병목]   [16:03:20] M16HUB 정상(보고 270 미보고 0 JAM 1)
2026-10-06 16:05:31,076 [HID병목]   [16:04:10] M16HUB 정상(보고 270 미보고 0 JAM 0)
2026-10-06 16:06:21,052 [HID병목]   [16:05:00] M16HUB 정상(보고 270 미보고 0 JAM 0)
2026-10-06 16:07:11,074 [HID병목]   [16:05:50] M16HUB 정상(보고 270 미보고 0 JAM 0)
2026-10-06 16:08:01,090 [HID병목]   [16:06:40] M16HUB 정상(보고 270 미보고 0 JAM 0)
2026-10-06 16:08:51,038 [HID병목]   [16:07:30] M16HUB 정상(보고 269 미보고 1 JAM 0)
2026-10-06 16:09:41,064 [HID병목]   [16:08:20] M16HUB 정상(보고 269 미보고 1 JAM 0)
2026-10-06 16:10:31,076 [HID병목]   [16:09:10] M16HUB 정상(보고 269 미보고 1 JAM 0)
2026-10-06 16:11:21,112 [HID병목]   [16:10:00] M16HUB 정상(보고 270 미보고 0 JAM 0)
2026-10-06 16:12:11,076 [HID병목]   [16:10:50] M16HUB 정상(보고 270 미보고 0 JAM 0)
2026-10-06 16:13:01,112 [HID병목]   [16:11:40] M16HUB 정상(보고 270 미보고 0 JAM 0)
2026-10-06 16:13:51,083 [HID병목]   [16:12:30] M16HUB 정상(보고 270 미보고 0 JAM 0)
2026-10-06 16:14:41,023 [HID병목]   [16:13:20] M16HUB 정상(보고 270 미보고 0 JAM 0)
2026-10-06 16:15:31,058 [HID병목]   [16:14:10] M16HUB 정상(보고 270 미보고 0 JAM 0)
2026-10-06 16:16:21,075 [HID병목]   [16:15:00] M16HUB 정상(보고 270 미보고 0 JAM 0)
2026-10-06 16:17:11,087 [HID병목]   [16:15:50] M16HUB 정상(보고 270 미보고 0 JAM 0)
2026-10-06 16:18:01,032 [HID병목]   [16:16:40] M16HUB 정상(보고 270 미보고 0 JAM 0)
2026-10-06 16:18:51,075 [HID병목]   [16:17:30] M16HUB 정상(보고 270 미보고 0 JAM 0)
2026-10-06 16:19:41,066 [HID병목]   [16:18:20] M16HUB 정상(보고 270 미보고 0 JAM 0)
2026-10-06 16:20:31,093 [HID병목]   [16:19:10] M16HUB 정상(보고 270 미보고 0 JAM 0)
2026-10-06 16:21:21,073 [HID병목]   [16:20:00] M16HUB 정상(보고 270 미보고 0 JAM 0)
2026-10-06 16:22:11,075 [HID병목]   [16:20:50] M16HUB 정상(보고 270 미보고 0 JAM 0)
2026-10-06 16:23:01,049 [HID병목]   [16:21:40] M16HUB 정상(보고 270 미보고 0 JAM 0)
2026-10-06 16:23:51,075 [HID병목]   [16:22:30] M16HUB 정상(보고 270 미보고 0 JAM 0)
2026-10-06 16:24:41,061 [HID병목]   [16:23:20] M16HUB 정상(보고 269 미보고 1 JAM 0)
2026-10-06 16:25:32,069 [HID병목]   [16:24:10] M16HUB 정상(보고 269 미보고 1 JAM 0)
2026-10-06 16:26:21,076 [HID병목]   [16:25:00] M16HUB 정상(보고 269 미보고 1 JAM 0)
2026-10-06 16:27:11,074 [HID병목]   [16:25:50] M16HUB 정상(보고 270 미보고 0 JAM 0)
2026-10-06 16:28:01,076 [HID병목]   [16:26:40] M16HUB 정상(보고 270 미보고 0 JAM 0)
2026-10-06 16:28:51,024 [HID병목]   [16:27:30] M16HUB 정상(보고 270 미보고 0 JAM 0)
2026-10-06 16:29:05,256 [HID병목]   문제맵 목록 → /project/pjt_shared_pool/job/m16a_hubroom_event_prediction/oht_map
2026-10-06 16:29:05,257 [HID병목] ============================================================
2026-10-06 16:29:05,257 [HID병목] HID 병목 구간 — 맵 읽는 중
2026-10-06 16:29:05,257 [HID병목]   돌릴 FAB (RUN_FABS): M16HUB
2026-10-06 16:29:05,257 [HID병목]   기준 M16HUB 경계 missing10+JAM10 / missing단독 끔 / ZONE_STOP10 · 위험 missing+JAM 끔 / missing단독30 / ZONE_STOP 끔 · 초위험 missing+JAM 끔 / missing단독100 / ZONE_STOP 끔
2026-10-06 16:29:05,279 [HID병목]   M16HUB HID_Zone_Master_M16A_BR.csv: 구역 198 · 주소 1945/1946 · ZONE_ID2 있는 구역 57 · 예 ZONE_ID→ZONE_ID2 1→0, 2→0, 3→3 …
2026-10-06 16:29:05,303 [HID병목]   HID_ZONE = ZONE_ID — 문서 HID 구간과 일치: ZONE_ID 40% · ZONE_ID2 7% (M16HUB 주소 1944개)
2026-10-06 16:29:05,303 [HID병목]   돌리는 FAB: M16HUB
2026-10-06 16:29:05,303 [HID병목]   저장: /project/pjt_shared_pool/job/vhl_ohl/HID_BOTTLENECK
2026-10-06 16:29:05,303 [HID병목] ============================================================
2026-10-06 16:29:05,303 [HID병목]   문제맵: ALARM 경계 이상인 1분마다 → /project/pjt_shared_pool/job/vhl_ohl/HID_BOTTLENECK/PROBLEM_MAP (실시간 켬 · 과거 판정 끔)
2026-10-06 16:29:05,331 [HID병목]   M16HUB: remote 없이 조회로 확정
2026-10-06 16:29:05,402 [HID병목]   [16:27:30] M16HUB 정상(보고 270 미보고 0 JAM 0)
2026-10-06 16:29:41,050 [HID병목]   [16:28:20] M16HUB 정상(보고 270 미보고 0 JAM 0)
2026-10-06 16:30:31,087 [HID병목]   [16:29:10] M16HUB 정상(보고 269 미보고 1 JAM 0)
2026-10-06 16:31:21,088 [HID병목]   [16:30:00] M16HUB 정상(보고 269 미보고 1 JAM 0)
2026-10-06 16:32:11,026 [HID병목]   [16:30:50] M16HUB 정상(보고 269 미보고 1 JAM 0)
2026-10-06 16:33:01,056 [HID병목]   [16:31:40] M16HUB 정상(보고 270 미보고 0 JAM 0)
2026-10-06 16:33:51,090 [HID병목]   [16:32:30] M16HUB 정상(보고 270 미보고 0 JAM 0)
2026-10-06 16:34:41,916 [HID병목]   [16:33:20] M16HUB 정상(보고 270 미보고 0 JAM 0)
2026-10-06 16:35:31,075 [HID병목]   [16:34:10] M16HUB 정상(보고 270 미보고 0 JAM 0)
2026-10-06 16:36:21,075 [HID병목]   [16:35:00] M16HUB 정상(보고 270 미보고 0 JAM 0)
2026-10-06 16:37:11,086 [HID병목]   [16:35:50] M16HUB 정상(보고 270 미보고 0 JAM 0)
2026-10-06 16:38:01,049 [HID병목]   [16:36:40] M16HUB 정상(보고 270 미보고 0 JAM 0)
2026-10-06 16:41:02,548 [HID병목]   영문 등급: 정상 NONE · 경계 WARNING · 위험 CRITICAL · 초위험 EMERGENCY  (ALARM_EN_OF, ALARM_EN)
2026-10-06 16:41:02,549 [HID병목]   로그프레소 AMHS_VHL_OHT 저장: 매분 51초
2026-10-06 16:41:02,552 [HID병목]   문제맵 목록 → /project/pjt_shared_pool/job/m16a_hubroom_event_prediction/oht_map
2026-10-06 16:41:02,553 [HID병목] ============================================================
2026-10-06 16:41:02,553 [HID병목] HID 병목 구간 — 맵 읽는 중
2026-10-06 16:41:02,553 [HID병목]   돌릴 FAB (RUN_FABS): M16HUB
2026-10-06 16:41:02,553 [HID병목]   기준 M16HUB 경계 missing10+JAM10 / missing단독 끔 / ZONE_STOP10 · 위험 missing+JAM 끔 / missing단독30 / ZONE_STOP 끔 · 초위험 missing+JAM 끔 / missing단독100 / ZONE_STOP 끔
2026-10-06 16:41:02,570 [HID병목]   M16HUB HID_Zone_Master_M16A_BR.csv: 구역 198 · 주소 1945/1946 · ZONE_ID2 있는 구역 57 · 예 ZONE_ID→ZONE_ID2 1→0, 2→0, 3→3 …
2026-10-06 16:41:02,574 [HID병목]   HID_ZONE = ZONE_ID — 문서 HID 구간과 일치: ZONE_ID 40% · ZONE_ID2 7% (M16HUB 주소 1944개)
2026-10-06 16:41:02,574 [HID병목]   돌리는 FAB: M16HUB
2026-10-06 16:41:02,574 [HID병목]   저장: /project/pjt_shared_pool/job/vhl_ohl/HID_BOTTLENECK
2026-10-06 16:41:02,575 [HID병목] ============================================================
2026-10-06 16:41:02,575 [HID병목]   문제맵: ALARM 경계 이상인 1분마다 → /project/pjt_shared_pool/job/vhl_ohl/HID_BOTTLENECK/PROBLEM_MAP (실시간 켬 · 과거 판정 끔)
2026-10-06 16:41:02,710 [HID병목]   M16HUB: remote 없이 조회로 확정
2026-10-06 16:41:02,777 [HID병목]   [16:39:10] M16HUB 정상(보고 270 미보고 0 JAM 0)
2026-10-06 16:41:21,038 [HID병목]   [16:40:00] M16HUB 정상(보고 270 미보고 0 JAM 0)
2026-10-06 16:42:11,026 [HID병목]   [16:40:50] M16HUB 정상(보고 270 미보고 0 JAM 0)
2026-10-06 16:43:01,052 [HID병목]   [16:41:40] M16HUB 정상(보고 270 미보고 0 JAM 0)
2026-10-06 16:43:51,019 [HID병목]   [16:42:30] M16HUB 정상(보고 270 미보고 0 JAM 0)
2026-10-06 16:44:41,046 [HID병목]   [16:43:20] M16HUB 정상(보고 270 미보고 0 JAM 0)
2026-10-06 16:45:31,026 [HID병목]   [16:44:10] M16HUB 정상(보고 270 미보고 0 JAM 0)
2026-10-06 16:46:21,108 [HID병목]   [16:45:00] M16HUB 정상(보고 270 미보고 0 JAM 0)
2026-10-06 16:47:11,041 [HID병목]   [16:45:50] M16HUB 정상(보고 270 미보고 0 JAM 0)
2026-10-06 16:48:01,072 [HID병목]   [16:46:40] M16HUB 정상(보고 270 미보고 0 JAM 0)
2026-10-06 16:48:51,068 [HID병목]   [16:47:30] M16HUB 정상(보고 270 미보고 0 JAM 0)
2026-10-06 16:49:41,064 [HID병목]   [16:48:20] M16HUB 정상(보고 270 미보고 0 JAM 0)
2026-10-06 16:50:31,070 [HID병목]   [16:49:10] M16HUB 정상(보고 270 미보고 0 JAM 0)
2026-10-06 16:51:21,067 [HID병목]   [16:50:00] M16HUB 정상(보고 270 미보고 0 JAM 0)
2026-10-06 16:52:11,068 [HID병목]   [16:50:50] M16HUB 정상(보고 270 미보고 0 JAM 0)
2026-10-06 16:53:01,096 [HID병목]   [16:51:40] M16HUB 정상(보고 270 미보고 0 JAM 0)
2026-10-06 16:53:51,029 [HID병목]   [16:52:30] M16HUB 정상(보고 270 미보고 0 JAM 0)
2026-10-06 16:54:42,676 [HID병목]   [16:53:20] M16HUB 정상(보고 270 미보고 0 JAM 0)
2026-10-06 16:55:31,076 [HID병목]   [16:54:10] M16HUB 정상(보고 270 미보고 0 JAM 0)
2026-10-06 16:56:21,226 [HID병목]   [16:55:00] M16HUB 정상(보고 270 미보고 0 JAM 0)
2026-10-06 16:57:11,055 [HID병목]   [16:55:50] M16HUB 정상(보고 270 미보고 0 JAM 0)
2026-10-06 16:58:01,045 [HID병목]   [16:56:40] M16HUB 정상(보고 270 미보고 0 JAM 0)
2026-10-06 16:58:51,260 [HID병목]   [16:57:30] M16HUB 정상(보고 270 미보고 0 JAM 0)
2026-10-06 16:59:41,016 [HID병목]   [16:58:20] M16HUB 정상(보고 270 미보고 0 JAM 0)
2026-10-06 17:00:32,473 [HID병목]   [16:59:10] M16HUB 정상(보고 270 미보고 0 JAM 0)
2026-10-06 17:01:21,078 [HID병목]   [17:00:00] M16HUB 정상(보고 270 미보고 0 JAM 0)
2026-10-06 17:02:11,027 [HID병목]   [17:00:50] M16HUB 정상(보고 270 미보고 0 JAM 0)
2026-10-06 17:03:01,018 [HID병목]   [17:01:40] M16HUB 정상(보고 270 미보고 0 JAM 0)
2026-10-06 17:03:51,065 [HID병목]   [17:02:30] M16HUB 정상(보고 270 미보고 0 JAM 0)
2026-10-06 17:04:41,067 [HID병목]   [17:03:20] M16HUB 정상(보고 270 미보고 0 JAM 0)
2026-10-06 17:05:31,066 [HID병목]   [17:04:10] M16HUB 정상(보고 270 미보고 0 JAM 0)
2026-10-06 17:06:22,333 [HID병목]   [17:05:00] M16HUB 정상(보고 270 미보고 0 JAM 0)
2026-10-06 17:07:11,067 [HID병목]   [17:05:50] M16HUB 정상(보고 269 미보고 1 JAM 0)
2026-10-06 17:08:01,089 [HID병목]   [17:06:40] M16HUB 정상(보고 269 미보고 1 JAM 0)
2026-10-06 17:08:51,028 [HID병목]   [17:07:30] M16HUB 정상(보고 269 미보고 1 JAM 0)
2026-10-06 17:09:41,398 [HID병목]   [17:08:20] M16HUB 정상(보고 270 미보고 0 JAM 0)
2026-10-06 17:09:50,885 [HID병목]   영문 등급: 정상 NONE · 경계 WARNING · 위험 CRITICAL · 초위험 EMERGENCY  (ALARM_EN_OF, ALARM_EN)
2026-10-06 17:09:50,886 [HID병목]   로그프레소 AMHS_VHL_OHT 저장: 매분 51초
2026-10-06 17:09:50,889 [HID병목]   문제맵 목록 → /project/pjt_shared_pool/job/m16a_hubroom_event_prediction/oht_map
2026-10-06 17:09:50,890 [HID병목] ============================================================
2026-10-06 17:09:50,890 [HID병목] HID 병목 구간 — 맵 읽는 중
2026-10-06 17:09:50,890 [HID병목]   돌릴 FAB (RUN_FABS): M16HUB
2026-10-06 17:09:50,890 [HID병목]   기준 M16HUB 경계 missing10+JAM10 / missing단독 끔 / ZONE_STOP10 · 위험 missing+JAM 끔 / missing단독30 / ZONE_STOP 끔 · 초위험 missing+JAM 끔 / missing단독100 / ZONE_STOP 끔
2026-10-06 17:09:50,907 [HID병목]   M16HUB HID_Zone_Master_M16A_BR.csv: 구역 37 (HID 만 · Vehicle_Max 0 161개 제외: 4001, 4002, 4003 …) · 주소 1140/1946 · ZONE_ID2 있는 구역 6 · 예 ZONE_ID→ZONE_ID2 1→0, 2→0, 3→3 …
2026-10-06 17:09:50,911 [HID병목]   HID_ZONE = ZONE_ID — 문서 HID 구간과 일치: ZONE_ID 69% · ZONE_ID2 12% (M16HUB 주소 1140개)
2026-10-06 17:09:50,911 [HID병목]   돌리는 FAB: M16HUB
2026-10-06 17:09:50,911 [HID병목]   저장: /project/pjt_shared_pool/job/vhl_ohl/HID_BOTTLENECK
2026-10-06 17:09:50,911 [HID병목] ============================================================
2026-10-06 17:09:50,911 [HID병목]   문제맵: ALARM 경계 이상인 1분마다 → /project/pjt_shared_pool/job/vhl_ohl/HID_BOTTLENECK/PROBLEM_MAP (실시간 켬 · 과거 판정 끔)
2026-10-06 17:09:50,939 [HID병목]   M16HUB: remote 없이 조회로 확정
2026-10-06 17:09:50,994 [HID병목]   [17:08:20] M16HUB 정상(보고 270 미보고 0 JAM 0)
2026-10-06 17:10:31,017 [HID병목]   [17:09:10] M16HUB 정상(보고 270 미보고 0 JAM 0)
2026-10-06 17:11:21,392 [HID병목]   [17:10:00] M16HUB 정상(보고 270 미보고 0 JAM 0)
2026-10-06 17:12:11,019 [HID병목]   [17:10:50] M16HUB 정상(보고 270 미보고 0 JAM 0)
2026-10-06 17:13:01,071 [HID병목]   [17:11:40] M16HUB 정상(보고 270 미보고 0 JAM 0)
2026-10-06 17:13:51,066 [HID병목]   [17:12:30] M16HUB 정상(보고 270 미보고 0 JAM 0)
2026-10-06 17:14:41,023 [HID병목]   [17:13:20] M16HUB 정상(보고 270 미보고 0 JAM 0)
2026-10-06 17:15:33,089 [HID병목]   [17:14:10] M16HUB 정상(보고 270 미보고 0 JAM 0)
2026-10-06 17:16:21,030 [HID병목]   [17:15:00] M16HUB 정상(보고 270 미보고 0 JAM 0)
2026-10-06 17:17:11,020 [HID병목]   [17:15:50] M16HUB 정상(보고 270 미보고 0 JAM 0)
2026-10-06 17:18:01,128 [HID병목]   [17:16:40] M16HUB 정상(보고 270 미보고 0 JAM 0)
2026-10-06 17:18:51,065 [HID병목]   [17:17:30] M16HUB 정상(보고 270 미보고 0 JAM 0)
2026-10-06 17:19:41,066 [HID병목]   [17:18:20] M16HUB 정상(보고 270 미보고 0 JAM 0)
2026-10-06 17:20:31,076 [HID병목]   [17:19:10] M16HUB 정상(보고 270 미보고 0 JAM 0)
2026-10-06 17:21:21,082 [HID병목]   [17:20:00] M16HUB 정상(보고 270 미보고 0 JAM 0)
2026-10-06 17:22:11,044 [HID병목]   [17:20:50] M16HUB 정상(보고 269 미보고 1 JAM 0)
2026-10-06 17:23:01,083 [HID병목]   [17:21:40] M16HUB 정상(보고 269 미보고 1 JAM 0)
2026-10-06 17:23:51,019 [HID병목]   [17:22:30] M16HUB 정상(보고 269 미보고 1 JAM 0)
2026-10-06 17:24:41,032 [HID병목]   [17:23:20] M16HUB 정상(보고 269 미보고 1 JAM 0)
2026-10-06 17:25:31,078 [HID병목]   [17:24:10] M16HUB 정상(보고 270 미보고 0 JAM 0)
2026-10-06 17:26:21,068 [HID병목]   [17:25:00] M16HUB 정상(보고 270 미보고 0 JAM 0)
2026-10-06 17:27:11,028 [HID병목]   [17:25:50] M16HUB 정상(보고 270 미보고 0 JAM 0)
2026-10-06 17:28:01,029 [HID병목]   [17:26:40] M16HUB 정상(보고 270 미보고 0 JAM 0)
2026-10-06 17:28:51,028 [HID병목]   [17:27:30] M16HUB 정상(보고 270 미보고 0 JAM 0)
2026-10-06 17:29:41,031 [HID병목]   [17:28:20] M16HUB 정상(보고 270 미보고 0 JAM 0)
2026-10-06 17:30:31,076 [HID병목]   [17:29:10] M16HUB 정상(보고 270 미보고 0 JAM 0)
2026-10-06 17:31:22,579 [HID병목]   [17:30:00] M16HUB 정상(보고 270 미보고 0 JAM 0)
2026-10-06 17:32:11,078 [HID병목]   [17:30:50] M16HUB 정상(보고 270 미보고 0 JAM 0)
2026-10-06 17:33:01,073 [HID병목]   [17:31:40] M16HUB 정상(보고 269 미보고 1 JAM 0)
2026-10-06 17:33:51,057 [HID병목]   [17:32:30] M16HUB 정상(보고 269 미보고 1 JAM 0)
2026-10-06 17:34:41,016 [HID병목]   [17:33:20] M16HUB 정상(보고 269 미보고 1 JAM 0)
2026-10-06 17:35:33,120 [HID병목]   [17:34:10] M16HUB 정상(보고 270 미보고 0 JAM 0)
2026-10-06 17:36:21,067 [HID병목]   [17:35:00] M16HUB 정상(보고 270 미보고 0 JAM 0)
2026-10-06 17:37:11,018 [HID병목]   [17:35:50] M16HUB 정상(보고 270 미보고 0 JAM 0)
2026-10-06 17:38:01,076 [HID병목]   [17:36:40] M16HUB 정상(보고 270 미보고 0 JAM 0)
2026-10-06 17:38:51,062 [HID병목]   [17:37:30] M16HUB 정상(보고 270 미보고 0 JAM 0)
2026-10-06 17:39:41,054 [HID병목]   [17:38:20] M16HUB 정상(보고 270 미보고 0 JAM 0)
2026-10-06 17:40:31,614 [HID병목]   [17:39:10] M16HUB 정상(보고 270 미보고 0 JAM 0)
2026-10-06 17:41:21,029 [HID병목]   [17:40:00] M16HUB 정상(보고 270 미보고 0 JAM 0)
2026-10-06 17:42:11,045 [HID병목]   [17:40:50] M16HUB 정상(보고 270 미보고 0 JAM 0)
2026-10-06 17:43:01,067 [HID병목]   [17:41:40] M16HUB 정상(보고 270 미보고 0 JAM 0)
2026-10-06 17:43:51,058 [HID병목]   [17:42:30] M16HUB 정상(보고 270 미보고 0 JAM 0)
2026-10-06 17:44:41,016 [HID병목]   [17:43:20] M16HUB 정상(보고 270 미보고 0 JAM 0)
2026-10-06 17:45:31,067 [HID병목]   [17:44:10] M16HUB 정상(보고 270 미보고 0 JAM 0)
2026-10-06 17:46:21,095 [HID병목]   [17:45:00] M16HUB 정상(보고 270 미보고 0 JAM 0)
2026-10-06 17:47:11,067 [HID병목]   [17:45:50] M16HUB 정상(보고 270 미보고 0 JAM 0)
2026-10-06 17:48:01,057 [HID병목]   [17:46:40] M16HUB 정상(보고 270 미보고 0 JAM 0)
2026-10-06 17:48:51,018 [HID병목]   [17:47:30] M16HUB 정상(보고 270 미보고 0 JAM 0)
2026-10-06 17:49:41,062 [HID병목]   [17:48:20] M16HUB 정상(보고 270 미보고 0 JAM 0)
2026-10-06 17:50:31,065 [HID병목]   [17:49:10] M16HUB 정상(보고 270 미보고 0 JAM 0)
2026-10-06 17:51:21,047 [HID병목]   [17:50:00] M16HUB 정상(보고 270 미보고 0 JAM 0)
2026-10-06 17:52:11,059 [HID병목]   [17:50:50] M16HUB 정상(보고 270 미보고 0 JAM 0)
2026-10-06 17:53:01,142 [HID병목]   [17:51:40] M16HUB 정상(보고 270 미보고 0 JAM 0)
2026-10-06 17:53:51,076 [HID병목]   [17:52:30] M16HUB 정상(보고 270 미보고 0 JAM 0)
2026-10-06 17:54:43,067 [HID병목]   [17:53:20] M16HUB 정상(보고 270 미보고 0 JAM 0)
2026-10-06 17:55:31,078 [HID병목]   [17:54:10] M16HUB 정상(보고 270 미보고 0 JAM 0)
2026-10-06 17:56:21,546 [HID병목]   [17:55:00] M16HUB 정상(보고 270 미보고 0 JAM 0)
2026-10-06 17:57:11,080 [HID병목]   [17:55:50] M16HUB 정상(보고 270 미보고 0 JAM 0)
2026-10-06 17:58:01,078 [HID병목]   [17:56:40] M16HUB 정상(보고 270 미보고 0 JAM 0)
2026-10-06 17:58:51,018 [HID병목]   [17:57:30] M16HUB 정상(보고 270 미보고 0 JAM 0)
2026-10-06 17:59:41,066 [HID병목]   [17:58:20] M16HUB 정상(보고 270 미보고 0 JAM 0)
2026-10-06 18:00:31,027 [HID병목]   [17:59:10] M16HUB 정상(보고 270 미보고 0 JAM 0)
2026-10-06 18:01:21,660 [HID병목]   [18:00:00] M16HUB 정상(보고 270 미보고 0 JAM 0)
2026-10-06 18:02:11,077 [HID병목]   [18:00:50] M16HUB 정상(보고 270 미보고 0 JAM 0)
2026-10-06 18:03:01,159 [HID병목]   [18:01:40] M16HUB 정상(보고 270 미보고 0 JAM 0)
2026-10-06 18:03:51,077 [HID병목]   [18:02:30] M16HUB 정상(보고 270 미보고 0 JAM 0)
2026-10-06 18:04:42,340 [HID병목]   [18:03:20] M16HUB 정상(보고 270 미보고 0 JAM 0)
2026-10-06 18:05:31,065 [HID병목]   [18:04:10] M16HUB 정상(보고 270 미보고 0 JAM 0)
2026-10-06 18:06:21,068 [HID병목]   [18:05:00] M16HUB 정상(보고 270 미보고 0 JAM 0)
2026-10-06 18:07:11,068 [HID병목]   [18:05:50] M16HUB 정상(보고 270 미보고 0 JAM 0)
2026-10-06 18:08:01,029 [HID병목]   [18:06:40] M16HUB 정상(보고 270 미보고 0 JAM 0)
2026-10-06 18:08:54,218 [HID병목]   [18:07:30] M16HUB 정상(보고 270 미보고 0 JAM 0)
2026-10-06 18:09:41,025 [HID병목]   [18:08:20] M16HUB 정상(보고 270 미보고 0 JAM 0)
2026-10-06 18:10:32,130 [HID병목]   [18:09:10] M16HUB 정상(보고 270 미보고 0 JAM 0)
2026-10-06 18:11:21,037 [HID병목]   [18:10:00] M16HUB 정상(보고 270 미보고 0 JAM 0)
2026-10-06 18:12:11,026 [HID병목]   [18:10:50] M16HUB 정상(보고 270 미보고 0 JAM 0)
2026-10-06 18:13:01,054 [HID병목]   [18:11:40] M16HUB 정상(보고 270 미보고 0 JAM 0)
2026-10-06 18:13:51,030 [HID병목]   [18:12:30] M16HUB 정상(보고 270 미보고 0 JAM 0)
2026-10-06 18:14:41,037 [HID병목]   [18:13:20] M16HUB 정상(보고 270 미보고 0 JAM 0)
2026-10-06 18:15:31,077 [HID병목]   [18:14:10] M16HUB 정상(보고 270 미보고 0 JAM 0)
2026-10-06 18:16:21,031 [HID병목]   [18:15:00] M16HUB 정상(보고 270 미보고 0 JAM 0)
2026-10-06 18:17:11,067 [HID병목]   [18:15:50] M16HUB 정상(보고 270 미보고 0 JAM 0)
2026-10-06 18:18:01,028 [HID병목]   [18:16:40] M16HUB 정상(보고 270 미보고 0 JAM 0)
2026-10-06 18:18:51,061 [HID병목]   [18:17:30] M16HUB 정상(보고 270 미보고 0 JAM 0)
2026-10-06 18:19:41,067 [HID병목]   [18:18:20] M16HUB 정상(보고 270 미보고 0 JAM 0)
2026-10-06 18:20:31,066 [HID병목]   [18:19:10] M16HUB 정상(보고 270 미보고 0 JAM 0)
2026-10-06 18:21:21,645 [HID병목]   [18:20:00] M16HUB 정상(보고 270 미보고 0 JAM 0)
2026-10-06 18:22:11,066 [HID병목]   [18:20:50] M16HUB 정상(보고 270 미보고 0 JAM 0)
2026-10-06 18:23:01,091 [HID병목]   [18:21:40] M16HUB 정상(보고 270 미보고 0 JAM 0)
2026-10-06 18:23:51,076 [HID병목]   [18:22:30] M16HUB 정상(보고 270 미보고 0 JAM 0)
2026-10-06 18:24:41,067 [HID병목]   [18:23:20] M16HUB 정상(보고 270 미보고 0 JAM 0)
2026-10-06 18:25:31,069 [HID병목]   [18:24:10] M16HUB 정상(보고 270 미보고 0 JAM 0)
2026-10-06 18:26:21,069 [HID병목]   [18:25:00] M16HUB 정상(보고 270 미보고 0 JAM 0)
2026-10-06 18:27:11,046 [HID병목]   [18:25:50] M16HUB 정상(보고 270 미보고 0 JAM 0)
2026-10-06 18:28:01,029 [HID병목]   [18:26:40] M16HUB 정상(보고 270 미보고 0 JAM 0)
2026-10-06 18:28:51,018 [HID병목]   [18:27:30] M16HUB 정상(보고 270 미보고 0 JAM 0)
2026-10-06 18:29:41,041 [HID병목]   [18:28:20] M16HUB 정상(보고 270 미보고 0 JAM 0)
2026-10-06 18:30:31,072 [HID병목]   [18:29:10] M16HUB 정상(보고 270 미보고 0 JAM 0)
2026-10-06 18:31:21,068 [HID병목]   [18:30:00] M16HUB 정상(보고 270 미보고 0 JAM 0)
2026-10-06 18:32:11,017 [HID병목]   [18:30:50] M16HUB 정상(보고 270 미보고 0 JAM 0)
2026-10-06 18:33:01,087 [HID병목]   [18:31:40] M16HUB 정상(보고 270 미보고 0 JAM 0)
2026-10-06 18:33:51,037 [HID병목]   [18:32:30] M16HUB 정상(보고 270 미보고 0 JAM 0)
2026-10-06 18:34:41,065 [HID병목]   [18:33:20] M16HUB 정상(보고 270 미보고 0 JAM 0)
2026-10-06 18:35:31,033 [HID병목]   [18:34:10] M16HUB 정상(보고 270 미보고 0 JAM 0)
2026-10-06 18:36:21,019 [HID병목]   [18:35:00] M16HUB 정상(보고 270 미보고 0 JAM 0)
2026-10-06 18:37:11,041 [HID병목]   [18:35:50] M16HUB 정상(보고 270 미보고 0 JAM 0)
2026-10-06 18:38:01,064 [HID병목]   [18:36:40] M16HUB 정상(보고 270 미보고 0 JAM 0)
2026-10-06 18:38:51,019 [HID병목]   [18:37:30] M16HUB 정상(보고 269 미보고 1 JAM 0)
2026-10-06 18:39:41,065 [HID병목]   [18:38:20] M16HUB 정상(보고 269 미보고 1 JAM 0)
2026-10-06 18:40:31,078 [HID병목]   [18:39:10] M16HUB 정상(보고 269 미보고 1 JAM 0)
2026-10-06 18:41:21,070 [HID병목]   [18:40:00] M16HUB 정상(보고 270 미보고 0 JAM 0)
2026-10-06 18:42:11,065 [HID병목]   [18:40:50] M16HUB 정상(보고 270 미보고 0 JAM 0)
2026-10-06 18:43:01,071 [HID병목]   [18:41:40] M16HUB 정상(보고 270 미보고 0 JAM 0)
2026-10-06 18:43:51,046 [HID병목]   [18:42:30] M16HUB 정상(보고 270 미보고 0 JAM 0)
2026-10-06 18:44:41,063 [HID병목]   [18:43:20] M16HUB 정상(보고 270 미보고 0 JAM 0)
2026-10-06 18:45:31,097 [HID병목]   [18:44:10] M16HUB 정상(보고 270 미보고 0 JAM 0)
2026-10-06 18:46:21,289 [HID병목]   [18:45:00] M16HUB 정상(보고 270 미보고 0 JAM 0)
2026-10-06 18:47:11,046 [HID병목]   [18:45:50] M16HUB 정상(보고 270 미보고 0 JAM 0)
2026-10-06 18:48:01,128 [HID병목]   [18:46:40] M16HUB 정상(보고 270 미보고 0 JAM 0)
2026-10-06 18:48:51,065 [HID병목]   [18:47:30] M16HUB 정상(보고 270 미보고 0 JAM 0)
2026-10-06 18:49:41,067 [HID병목]   [18:48:20] M16HUB 정상(보고 270 미보고 0 JAM 0)
2026-10-06 18:50:31,076 [HID병목]   [18:49:10] M16HUB 정상(보고 270 미보고 0 JAM 0)
2026-10-06 18:51:21,125 [HID병목]   [18:50:00] M16HUB 정상(보고 270 미보고 0 JAM 0)
2026-10-06 18:52:11,058 [HID병목]   [18:50:50] M16HUB 정상(보고 270 미보고 0 JAM 0)
2026-10-06 18:53:01,073 [HID병목]   [18:51:40] M16HUB 정상(보고 270 미보고 0 JAM 0)
2026-10-06 18:53:51,060 [HID병목]   [18:52:30] M16HUB 정상(보고 270 미보고 0 JAM 0)
2026-10-06 18:54:41,063 [HID병목]   [18:53:20] M16HUB 정상(보고 270 미보고 0 JAM 0)
2026-10-06 18:55:31,032 [HID병목]   [18:54:10] M16HUB 정상(보고 270 미보고 0 JAM 0)
2026-10-06 18:56:21,713 [HID병목]   [18:55:00] M16HUB 정상(보고 270 미보고 0 JAM 0)
2026-10-06 18:57:11,158 [HID병목]   [18:55:50] M16HUB 정상(보고 270 미보고 0 JAM 0)
2026-10-06 18:58:01,041 [HID병목]   [18:56:40] M16HUB 정상(보고 270 미보고 0 JAM 0)
2026-10-06 18:58:51,046 [HID병목]   [18:57:30] M16HUB 정상(보고 270 미보고 0 JAM 0)
2026-10-06 18:59:41,065 [HID병목]   [18:58:20] M16HUB 정상(보고 270 미보고 0 JAM 0)
2026-10-06 19:00:31,064 [HID병목]   [18:59:10] M16HUB 정상(보고 270 미보고 0 JAM 0)
2026-10-06 19:01:21,772 [HID병목]   [19:00:00] M16HUB 정상(보고 270 미보고 0 JAM 0)
2026-10-06 19:02:11,067 [HID병목]   [19:00:50] M16HUB 정상(보고 270 미보고 0 JAM 0)
2026-10-06 19:03:01,056 [HID병목]   [19:01:40] M16HUB 정상(보고 270 미보고 0 JAM 0)
2026-10-06 19:03:51,079 [HID병목]   [19:02:30] M16HUB 정상(보고 270 미보고 0 JAM 0)
2026-10-06 19:04:43,181 [HID병목]   [19:03:20] M16HUB 정상(보고 270 미보고 0 JAM 0)
2026-10-06 19:05:31,074 [HID병목]   [19:04:10] M16HUB 정상(보고 270 미보고 0 JAM 0)
2026-10-06 19:06:21,030 [HID병목]   [19:05:00] M16HUB 정상(보고 270 미보고 0 JAM 0)
2026-10-06 19:07:11,066 [HID병목]   [19:05:50] M16HUB 정상(보고 270 미보고 0 JAM 0)
2026-10-06 19:08:01,104 [HID병목]   [19:06:40] M16HUB 정상(보고 270 미보고 0 JAM 0)
2026-10-06 19:08:51,064 [HID병목]   [19:07:30] M16HUB 정상(보고 269 미보고 1 JAM 0)
2026-10-06 19:09:41,065 [HID병목]   [19:08:20] M16HUB 정상(보고 269 미보고 1 JAM 0)
2026-10-06 19:10:32,238 [HID병목]   [19:09:10] M16HUB 정상(보고 269 미보고 1 JAM 0)
2026-10-06 19:11:21,078 [HID병목]   [19:10:00] M16HUB 정상(보고 270 미보고 0 JAM 0)
2026-10-06 19:12:11,037 [HID병목]   [19:10:50] M16HUB 정상(보고 270 미보고 0 JAM 0)
2026-10-06 19:13:01,069 [HID병목]   [19:11:40] M16HUB 정상(보고 270 미보고 0 JAM 0)
2026-10-06 19:13:51,044 [HID병목]   [19:12:30] M16HUB 정상(보고 270 미보고 0 JAM 0)
2026-10-06 19:14:41,066 [HID병목]   [19:13:20] M16HUB 정상(보고 270 미보고 0 JAM 0)
2026-10-06 19:15:31,450 [HID병목]   [19:14:10] M16HUB 정상(보고 270 미보고 0 JAM 0)
2026-10-06 19:16:21,020 [HID병목]   [19:15:00] M16HUB 정상(보고 270 미보고 0 JAM 0)
2026-10-06 19:17:11,078 [HID병목]   [19:15:50] M16HUB 정상(보고 270 미보고 0 JAM 0)
2026-10-06 19:18:01,073 [HID병목]   [19:16:40] M16HUB 정상(보고 270 미보고 0 JAM 0)
2026-10-06 19:18:51,076 [HID병목]   [19:17:30] M16HUB 정상(보고 270 미보고 0 JAM 0)
2026-10-06 19:19:41,067 [HID병목]   [19:18:20] M16HUB 정상(보고 269 미보고 1 JAM 0)
2026-10-06 19:20:31,075 [HID병목]   [19:19:10] M16HUB 정상(보고 269 미보고 1 JAM 0)
2026-10-06 19:21:21,061 [HID병목]   [19:20:00] M16HUB 정상(보고 269 미보고 1 JAM 0)
2026-10-06 19:22:11,025 [HID병목]   [19:20:50] M16HUB 정상(보고 270 미보고 0 JAM 0)
2026-10-06 19:23:01,072 [HID병목]   [19:21:40] M16HUB 정상(보고 270 미보고 0 JAM 0)
2026-10-06 19:23:51,065 [HID병목]   [19:22:30] M16HUB 정상(보고 270 미보고 0 JAM 0)
2026-10-06 19:24:41,066 [HID병목]   [19:23:20] M16HUB 정상(보고 270 미보고 0 JAM 0)
2026-10-06 19:25:31,067 [HID병목]   [19:24:10] M16HUB 정상(보고 270 미보고 0 JAM 0)
2026-10-06 19:26:21,071 [HID병목]   [19:25:00] M16HUB 정상(보고 270 미보고 0 JAM 0)
2026-10-06 19:27:11,077 [HID병목]   [19:25:50] M16HUB 정상(보고 270 미보고 0 JAM 0)
2026-10-06 19:28:01,080 [HID병목]   [19:26:40] M16HUB 정상(보고 270 미보고 0 JAM 0)
2026-10-06 19:28:51,028 [HID병목]   [19:27:30] M16HUB 정상(보고 270 미보고 0 JAM 0)
2026-10-06 19:29:41,065 [HID병목]   [19:28:20] M16HUB 정상(보고 270 미보고 0 JAM 0)
2026-10-06 19:30:31,034 [HID병목]   [19:29:10] M16HUB 정상(보고 270 미보고 0 JAM 0)
2026-10-06 19:31:21,049 [HID병목]   [19:30:00] M16HUB 정상(보고 270 미보고 0 JAM 0)
2026-10-06 19:32:11,052 [HID병목]   [19:30:50] M16HUB 정상(보고 270 미보고 0 JAM 0)
2026-10-06 19:33:01,136 [HID병목]   [19:31:40] M16HUB 정상(보고 270 미보고 0 JAM 0)
2026-10-06 19:33:51,044 [HID병목]   [19:32:30] M16HUB 정상(보고 270 미보고 0 JAM 0)
2026-10-06 19:34:41,065 [HID병목]   [19:33:20] M16HUB 정상(보고 270 미보고 0 JAM 0)
2026-10-06 19:35:31,075 [HID병목]   [19:34:10] M16HUB 정상(보고 270 미보고 0 JAM 0)
2026-10-06 19:36:21,068 [HID병목]   [19:35:00] M16HUB 정상(보고 270 미보고 0 JAM 0)
2026-10-06 19:37:11,045 [HID병목]   [19:35:50] M16HUB 정상(보고 270 미보고 0 JAM 0)
2026-10-06 19:38:01,130 [HID병목]   [19:36:40] M16HUB 정상(보고 269 미보고 1 JAM 0)
2026-10-06 19:38:51,066 [HID병목]   [19:37:30] M16HUB 정상(보고 269 미보고 1 JAM 0)
2026-10-06 19:39:41,065 [HID병목]   [19:38:20] M16HUB 정상(보고 269 미보고 1 JAM 0)
2026-10-06 19:40:31,074 [HID병목]   [19:39:10] M16HUB 정상(보고 270 미보고 0 JAM 0)
2026-10-06 19:41:21,351 [HID병목]   [19:40:00] M16HUB 정상(보고 270 미보고 0 JAM 0)
2026-10-06 19:42:11,078 [HID병목]   [19:40:50] M16HUB 정상(보고 270 미보고 0 JAM 0)
2026-10-06 19:43:01,058 [HID병목]   [19:41:40] M16HUB 정상(보고 269 미보고 1 JAM 0)
2026-10-06 19:43:51,065 [HID병목]   [19:42:30] M16HUB 정상(보고 269 미보고 1 JAM 0)
2026-10-06 19:44:41,065 [HID병목]   [19:43:20] M16HUB 정상(보고 269 미보고 1 JAM 0)
2026-10-06 19:45:31,146 [HID병목]   [19:44:10] M16HUB 정상(보고 270 미보고 0 JAM 0)
2026-10-06 19:46:21,018 [HID병목]   [19:45:00] M16HUB 정상(보고 270 미보고 0 JAM 0)
2026-10-06 19:47:11,054 [HID병목]   [19:45:50] M16HUB 정상(보고 270 미보고 0 JAM 0)
2026-10-06 19:48:01,105 [HID병목]   [19:46:40] M16HUB 정상(보고 270 미보고 0 JAM 0)
2026-10-06 19:48:51,055 [HID병목]   [19:47:30] M16HUB 정상(보고 270 미보고 0 JAM 0)
2026-10-06 19:49:41,057 [HID병목]   [19:48:20] M16HUB 정상(보고 269 미보고 1 JAM 0)
2026-10-06 19:50:31,027 [HID병목]   [19:49:10] M16HUB 정상(보고 269 미보고 1 JAM 0)
2026-10-06 19:51:21,624 [HID병목]   [19:50:00] M16HUB 정상(보고 269 미보고 1 JAM 0)
2026-10-06 19:52:11,066 [HID병목]   [19:50:50] M16HUB 정상(보고 270 미보고 0 JAM 0)
2026-10-06 19:53:01,076 [HID병목]   [19:51:40] M16HUB 정상(보고 270 미보고 0 JAM 0)
2026-10-06 19:53:51,067 [HID병목]   [19:52:30] M16HUB 정상(보고 270 미보고 0 JAM 0)
2026-10-06 19:54:41,066 [HID병목]   [19:53:20] M16HUB 정상(보고 270 미보고 0 JAM 0)
2026-10-06 19:55:32,338 [HID병목]   [19:54:10] M16HUB 정상(보고 270 미보고 0 JAM 0)
2026-10-06 19:56:21,037 [HID병목]   [19:55:00] M16HUB 정상(보고 270 미보고 0 JAM 0)
2026-10-06 19:57:11,085 [HID병목]   [19:55:50] M16HUB 정상(보고 269 미보고 1 JAM 0)
2026-10-06 19:58:01,072 [HID병목]   [19:56:40] M16HUB 정상(보고 269 미보고 1 JAM 0)
2026-10-06 19:58:51,065 [HID병목]   [19:57:30] M16HUB 정상(보고 269 미보고 1 JAM 0)
2026-10-06 19:59:41,067 [HID병목]   [19:58:20] M16HUB 정상(보고 269 미보고 1 JAM 0)
2026-10-06 20:00:31,066 [HID병목]   [19:59:10] M16HUB 정상(보고 270 미보고 0 JAM 0)
2026-10-06 20:01:21,604 [HID병목]   [20:00:00] M16HUB 정상(보고 270 미보고 0 JAM 0)
2026-10-06 20:02:11,067 [HID병목]   [20:00:50] M16HUB 정상(보고 269 미보고 1 JAM 0)
2026-10-06 20:03:01,080 [HID병목]   [20:01:40] M16HUB 정상(보고 268 미보고 2 JAM 0)
2026-10-06 20:03:51,036 [HID병목]   [20:02:30] M16HUB 정상(보고 268 미보고 2 JAM 0)
2026-10-06 20:04:41,319 [HID병목]   [20:03:20] M16HUB 정상(보고 268 미보고 2 JAM 0)
2026-10-06 20:05:31,057 [HID병목]   [20:04:10] M16HUB 정상(보고 269 미보고 1 JAM 0)
2026-10-06 20:06:21,043 [HID병목]   [20:05:00] M16HUB 정상(보고 269 미보고 1 JAM 0)
2026-10-06 20:07:11,040 [HID병목]   [20:05:50] M16HUB 정상(보고 269 미보고 1 JAM 0)
2026-10-06 20:08:01,100 [HID병목]   [20:06:40] M16HUB 정상(보고 269 미보고 1 JAM 0)
2026-10-06 20:08:51,094 [HID병목]   [20:07:30] M16HUB 정상(보고 269 미보고 1 JAM 0)
2026-10-06 20:09:41,060 [HID병목]   [20:08:20] M16HUB 정상(보고 269 미보고 1 JAM 0)
2026-10-06 20:10:31,805 [HID병목]   [20:09:10] M16HUB 정상(보고 269 미보고 1 JAM 0)
2026-10-06 20:11:21,033 [HID병목]   [20:10:00] M16HUB 정상(보고 269 미보고 1 JAM 0)
2026-10-06 20:12:11,065 [HID병목]   [20:10:50] M16HUB 정상(보고 269 미보고 1 JAM 0)
2026-10-06 20:13:01,027 [HID병목]   [20:11:40] M16HUB 정상(보고 269 미보고 1 JAM 0)
2026-10-06 20:13:51,067 [HID병목]   [20:12:30] M16HUB 정상(보고 269 미보고 1 JAM 0)
2026-10-06 20:14:41,065 [HID병목]   [20:13:20] M16HUB 정상(보고 269 미보고 1 JAM 0)
2026-10-06 20:15:31,067 [HID병목]   [20:14:10] M16HUB 정상(보고 269 미보고 1 JAM 0)
2026-10-06 20:16:21,075 [HID병목]   [20:15:00] M16HUB 정상(보고 269 미보고 1 JAM 0)
2026-10-06 20:17:11,018 [HID병목]   [20:15:50] M16HUB 정상(보고 269 미보고 1 JAM 0)
2026-10-06 20:18:01,080 [HID병목]   [20:16:40] M16HUB 정상(보고 269 미보고 1 JAM 0)
2026-10-06 20:18:51,054 [HID병목]   [20:17:30] M16HUB 정상(보고 269 미보고 1 JAM 0)
2026-10-06 20:19:43,387 [HID병목]   [20:18:20] M16HUB 정상(보고 269 미보고 1 JAM 0)
2026-10-06 20:20:31,027 [HID병목]   [20:19:10] M16HUB 정상(보고 269 미보고 1 JAM 0)
2026-10-06 20:21:21,792 [HID병목]   [20:20:00] M16HUB 정상(보고 269 미보고 1 JAM 0)
2026-10-06 20:22:11,018 [HID병목]   [20:20:50] M16HUB 정상(보고 269 미보고 1 JAM 0)
2026-10-06 20:23:01,071 [HID병목]   [20:21:40] M16HUB 정상(보고 269 미보고 1 JAM 0)
2026-10-06 20:23:51,065 [HID병목]   [20:22:30] M16HUB 정상(보고 269 미보고 1 JAM 0)
2026-10-06 20:24:41,068 [HID병목]   [20:23:20] M16HUB 정상(보고 269 미보고 1 JAM 0)
2026-10-06 20:25:31,066 [HID병목]   [20:24:10] M16HUB 정상(보고 269 미보고 1 JAM 0)
2026-10-06 20:26:21,069 [HID병목]   [20:25:00] M16HUB 정상(보고 269 미보고 1 JAM 0)
2026-10-06 20:27:11,077 [HID병목]   [20:25:50] M16HUB 정상(보고 269 미보고 1 JAM 0)
2026-10-06 20:28:01,073 [HID병목]   [20:26:40] M16HUB 정상(보고 269 미보고 1 JAM 0)
2026-10-06 20:28:51,065 [HID병목]   [20:27:30] M16HUB 정상(보고 269 미보고 1 JAM 0)
2026-10-06 20:29:43,286 [HID병목]   [20:28:20] M16HUB 정상(보고 268 미보고 2 JAM 0)
2026-10-06 20:30:31,063 [HID병목]   [20:29:10] M16HUB 정상(보고 269 미보고 1 JAM 0)
2026-10-06 20:31:21,494 [HID병목]   [20:30:00] M16HUB 정상(보고 269 미보고 1 JAM 0)
2026-10-06 20:32:11,066 [HID병목]   [20:30:50] M16HUB 정상(보고 269 미보고 1 JAM 0)
2026-10-06 20:33:01,070 [HID병목]   [20:31:40] M16HUB 정상(보고 269 미보고 1 JAM 0)
2026-10-06 20:33:51,024 [HID병목]   [20:32:30] M16HUB 정상(보고 269 미보고 1 JAM 0)
2026-10-06 20:34:41,038 [HID병목]   [20:33:20] M16HUB 정상(보고 269 미보고 1 JAM 0)
2026-10-06 20:35:31,027 [HID병목]   [20:34:10] M16HUB 정상(보고 269 미보고 1 JAM 0)
2026-10-06 20:36:21,080 [HID병목]   [20:35:00] M16HUB 정상(보고 269 미보고 1 JAM 0)
2026-10-06 20:37:11,067 [HID병목]   [20:35:50] M16HUB 정상(보고 269 미보고 1 JAM 0)
2026-10-06 20:38:01,076 [HID병목]   [20:36:40] M16HUB 정상(보고 269 미보고 1 JAM 0)
2026-10-06 20:38:51,027 [HID병목]   [20:37:30] M16HUB 정상(보고 269 미보고 1 JAM 0)
2026-10-06 20:39:41,061 [HID병목]   [20:38:20] M16HUB 정상(보고 269 미보고 1 JAM 0)
2026-10-06 20:40:31,050 [HID병목]   [20:39:10] M16HUB 정상(보고 269 미보고 1 JAM 0)
2026-10-06 20:41:21,079 [HID병목]   [20:40:00] M16HUB 정상(보고 269 미보고 1 JAM 0)
2026-10-06 20:42:11,067 [HID병목]   [20:40:50] M16HUB 정상(보고 269 미보고 1 JAM 0)
2026-10-06 20:43:01,032 [HID병목]   [20:41:40] M16HUB 정상(보고 269 미보고 1 JAM 0)
2026-10-06 20:43:51,047 [HID병목]   [20:42:30] M16HUB 정상(보고 269 미보고 1 JAM 0)
2026-10-06 20:44:41,065 [HID병목]   [20:43:20] M16HUB 정상(보고 269 미보고 1 JAM 0)
2026-10-06 20:45:31,224 [HID병목]   [20:44:10] M16HUB 정상(보고 269 미보고 1 JAM 0)
2026-10-06 20:46:21,059 [HID병목]   [20:45:00] M16HUB 정상(보고 269 미보고 1 JAM 0)
2026-10-06 20:47:11,049 [HID병목]   [20:45:50] M16HUB 정상(보고 269 미보고 1 JAM 0)
2026-10-06 20:48:01,031 [HID병목]   [20:46:40] M16HUB 정상(보고 269 미보고 1 JAM 0)
2026-10-06 20:48:51,589 [HID병목]   [20:47:30] M16HUB 정상(보고 269 미보고 1 JAM 0)
2026-10-06 20:49:41,047 [HID병목]   [20:48:20] M16HUB 정상(보고 269 미보고 1 JAM 0)
2026-10-06 20:50:32,192 [HID병목]   [20:49:10] M16HUB 정상(보고 268 미보고 2 JAM 0)
2026-10-06 20:51:21,057 [HID병목]   [20:50:00] M16HUB 정상(보고 268 미보고 2 JAM 0)
2026-10-06 20:52:11,099 [HID병목]   [20:50:50] M16HUB 정상(보고 268 미보고 2 JAM 0)
2026-10-06 20:53:01,038 [HID병목]   [20:51:40] M16HUB 정상(보고 269 미보고 1 JAM 0)
2026-10-06 20:53:51,027 [HID병목]   [20:52:30] M16HUB 정상(보고 269 미보고 1 JAM 0)
2026-10-06 20:54:41,016 [HID병목]   [20:53:20] M16HUB 정상(보고 269 미보고 1 JAM 0)
2026-10-06 20:55:31,056 [HID병목]   [20:54:10] M16HUB 정상(보고 269 미보고 1 JAM 0)
2026-10-06 20:56:21,069 [HID병목]   [20:55:00] M16HUB 정상(보고 269 미보고 1 JAM 0)
2026-10-06 20:57:11,044 [HID병목]   [20:55:50] M16HUB 정상(보고 269 미보고 1 JAM 0)
2026-10-06 20:58:01,023 [HID병목]   [20:56:40] M16HUB 정상(보고 269 미보고 1 JAM 0)
2026-10-06 20:58:51,062 [HID병목]   [20:57:30] M16HUB 정상(보고 269 미보고 1 JAM 0)
2026-10-06 20:59:41,330 [HID병목]   [20:58:20] M16HUB 정상(보고 269 미보고 1 JAM 0)
2026-10-06 21:00:31,065 [HID병목]   [20:59:10] M16HUB 정상(보고 269 미보고 1 JAM 0)
2026-10-06 21:01:21,110 [HID병목]   [21:00:00] M16HUB 정상(보고 269 미보고 1 JAM 0)
2026-10-06 21:02:11,023 [HID병목]   [21:00:50] M16HUB 정상(보고 268 미보고 2 JAM 0)
2026-10-06 21:03:01,142 [HID병목]   [21:01:40] M16HUB 정상(보고 268 미보고 2 JAM 0)
2026-10-06 21:03:51,066 [HID병목]   [21:02:30] M16HUB 정상(보고 268 미보고 2 JAM 0)
2026-10-06 21:04:41,025 [HID병목]   [21:03:20] M16HUB 정상(보고 269 미보고 1 JAM 0)
2026-10-06 21:05:31,054 [HID병목]   [21:04:10] M16HUB 정상(보고 269 미보고 1 JAM 0)
2026-10-06 21:06:21,177 [HID병목]   [21:05:00] M16HUB 정상(보고 269 미보고 1 JAM 0)
2026-10-06 21:07:11,016 [HID병목]   [21:05:50] M16HUB 정상(보고 269 미보고 1 JAM 0)
2026-10-06 21:08:01,087 [HID병목]   [21:06:40] M16HUB 정상(보고 269 미보고 1 JAM 0)
2026-10-06 21:08:51,025 [HID병목]   [21:07:30] M16HUB 정상(보고 269 미보고 1 JAM 0)
2026-10-06 21:09:41,068 [HID병목]   [21:08:20] M16HUB 정상(보고 269 미보고 1 JAM 0)
2026-10-06 21:10:31,043 [HID병목]   [21:09:10] M16HUB 정상(보고 269 미보고 1 JAM 0)
2026-10-06 21:11:21,068 [HID병목]   [21:10:00] M16HUB 정상(보고 269 미보고 1 JAM 0)
2026-10-06 21:12:11,065 [HID병목]   [21:10:50] M16HUB 정상(보고 269 미보고 1 JAM 0)
2026-10-06 21:13:01,024 [HID병목]   [21:11:40] M16HUB 정상(보고 269 미보고 1 JAM 0)
2026-10-06 21:13:53,611 [HID병목]   [21:12:30] M16HUB 정상(보고 269 미보고 1 JAM 0)
2026-10-06 21:14:41,030 [HID병목]   [21:13:20] M16HUB 정상(보고 269 미보고 1 JAM 0)
2026-10-06 21:15:32,175 [HID병목]   [21:14:10] M16HUB 정상(보고 269 미보고 1 JAM 0)
2026-10-06 21:16:21,481 [HID병목]   [21:15:00] M16HUB 정상(보고 269 미보고 1 JAM 0)
2026-10-06 21:17:11,019 [HID병목]   [21:15:50] M16HUB 정상(보고 269 미보고 1 JAM 0)
2026-10-06 21:18:01,022 [HID병목]   [21:16:40] M16HUB 정상(보고 269 미보고 1 JAM 0)
2026-10-06 21:18:51,067 [HID병목]   [21:17:30] M16HUB 정상(보고 269 미보고 1 JAM 0)
2026-10-06 21:19:41,065 [HID병목]   [21:18:20] M16HUB 정상(보고 269 미보고 1 JAM 0)
2026-10-06 21:20:31,031 [HID병목]   [21:19:10] M16HUB 정상(보고 269 미보고 1 JAM 0)
2026-10-06 21:21:21,068 [HID병목]   [21:20:00] M16HUB 정상(보고 269 미보고 1 JAM 0)
2026-10-06 21:22:11,056 [HID병목]   [21:20:50] M16HUB 정상(보고 269 미보고 1 JAM 0)
2026-10-06 21:23:01,071 [HID병목]   [21:21:40] M16HUB 정상(보고 269 미보고 1 JAM 0)
2026-10-06 21:23:51,075 [HID병목]   [21:22:30] M16HUB 정상(보고 269 미보고 1 JAM 0)
2026-10-06 21:24:42,445 [HID병목]   [21:23:20] M16HUB 정상(보고 269 미보고 1 JAM 0)
2026-10-06 21:25:31,016 [HID병목]   [21:24:10] M16HUB 정상(보고 269 미보고 1 JAM 0)
2026-10-06 21:26:21,066 [HID병목]   [21:25:00] M16HUB 정상(보고 269 미보고 1 JAM 0)
2026-10-06 21:27:11,029 [HID병목]   [21:25:50] M16HUB 정상(보고 269 미보고 1 JAM 0)
2026-10-06 21:28:01,070 [HID병목]   [21:26:40] M16HUB 정상(보고 269 미보고 1 JAM 0)
2026-10-06 21:28:51,049 [HID병목]   [21:27:30] M16HUB 정상(보고 269 미보고 1 JAM 0)
2026-10-06 21:29:41,065 [HID병목]   [21:28:20] M16HUB 정상(보고 269 미보고 1 JAM 0)
2026-10-06 21:30:31,017 [HID병목]   [21:29:10] M16HUB 정상(보고 269 미보고 1 JAM 0)
2026-10-06 21:31:21,067 [HID병목]   [21:30:00] M16HUB 정상(보고 269 미보고 1 JAM 0)
2026-10-06 21:32:11,055 [HID병목]   [21:30:50] M16HUB 정상(보고 269 미보고 1 JAM 0)
2026-10-06 21:33:01,120 [HID병목]   [21:31:40] M16HUB 정상(보고 269 미보고 1 JAM 0)
2026-10-06 21:33:51,037 [HID병목]   [21:32:30] M16HUB 정상(보고 269 미보고 1 JAM 0)
2026-10-06 21:34:41,066 [HID병목]   [21:33:20] M16HUB 정상(보고 269 미보고 1 JAM 0)
2026-10-06 21:35:31,038 [HID병목]   [21:34:10] M16HUB 정상(보고 269 미보고 1 JAM 0)
2026-10-06 21:36:21,026 [HID병목]   [21:35:00] M16HUB 정상(보고 269 미보고 1 JAM 0)
2026-10-06 21:37:11,016 [HID병목]   [21:35:50] M16HUB 정상(보고 269 미보고 1 JAM 0)
2026-10-06 21:38:01,066 [HID병목]   [21:36:40] M16HUB 정상(보고 269 미보고 1 JAM 0)
2026-10-06 21:38:51,076 [HID병목]   [21:37:30] M16HUB 정상(보고 269 미보고 1 JAM 0)
2026-10-06 21:39:41,026 [HID병목]   [21:38:20] M16HUB 정상(보고 269 미보고 1 JAM 0)
2026-10-06 21:40:31,033 [HID병목]   [21:39:10] M16HUB 정상(보고 269 미보고 1 JAM 0)
2026-10-06 21:41:21,912 [HID병목]   [21:40:00] M16HUB 정상(보고 269 미보고 1 JAM 0)
2026-10-06 21:42:11,034 [HID병목]   [21:40:50] M16HUB 정상(보고 269 미보고 0 JAM 0)
2026-10-06 21:43:01,116 [HID병목]   [21:41:40] M16HUB 정상(보고 269 미보고 0 JAM 0)
2026-10-06 21:43:51,070 [HID병목]   [21:42:30] M16HUB 정상(보고 269 미보고 0 JAM 0)
2026-10-06 21:44:41,017 [HID병목]   [21:43:20] M16HUB 정상(보고 269 미보고 0 JAM 0)
2026-10-06 21:45:31,077 [HID병목]   [21:44:10] M16HUB 정상(보고 269 미보고 0 JAM 0)
2026-10-06 21:46:21,054 [HID병목]   [21:45:00] M16HUB 정상(보고 268 미보고 1 JAM 0)
2026-10-06 21:47:11,024 [HID병목]   [21:45:50] M16HUB 정상(보고 268 미보고 1 JAM 0)
2026-10-06 21:48:01,176 [HID병목]   [21:46:40] M16HUB 정상(보고 268 미보고 1 JAM 0)
2026-10-06 21:48:51,039 [HID병목]   [21:47:30] M16HUB 정상(보고 269 미보고 0 JAM 0)
2026-10-06 21:49:41,240 [HID병목]   [21:48:20] M16HUB 정상(보고 269 미보고 0 JAM 0)
2026-10-06 21:50:31,029 [HID병목]   [21:49:10] M16HUB 정상(보고 269 미보고 0 JAM 0)
2026-10-06 21:51:21,350 [HID병목]   [21:50:00] M16HUB 정상(보고 269 미보고 0 JAM 0)
2026-10-06 21:52:11,066 [HID병목]   [21:50:50] M16HUB 정상(보고 269 미보고 0 JAM 0)
2026-10-06 21:53:01,151 [HID병목]   [21:51:40] M16HUB 정상(보고 269 미보고 0 JAM 0)
2026-10-06 21:53:51,041 [HID병목]   [21:52:30] M16HUB 정상(보고 268 미보고 1 JAM 0)
2026-10-06 21:54:41,017 [HID병목]   [21:53:20] M16HUB 정상(보고 268 미보고 1 JAM 0)
2026-10-06 21:55:31,992 [HID병목]   [21:54:10] M16HUB 정상(보고 268 미보고 1 JAM 0)
2026-10-06 21:56:21,066 [HID병목]   [21:55:00] M16HUB 정상(보고 269 미보고 0 JAM 0)
2026-10-06 21:57:11,029 [HID병목]   [21:55:50] M16HUB 정상(보고 269 미보고 0 JAM 0)
2026-10-06 21:58:01,061 [HID병목]   [21:56:40] M16HUB 정상(보고 269 미보고 0 JAM 0)
2026-10-06 21:58:51,031 [HID병목]   [21:57:30] M16HUB 정상(보고 269 미보고 0 JAM 0)
2026-10-06 21:59:41,059 [HID병목]   [21:58:20] M16HUB 정상(보고 269 미보고 0 JAM 0)
2026-10-06 22:00:31,066 [HID병목]   [21:59:10] M16HUB 정상(보고 269 미보고 0 JAM 0)
2026-10-06 22:01:21,162 [HID병목]   [22:00:00] M16HUB 정상(보고 269 미보고 0 JAM 0)
2026-10-06 22:02:11,068 [HID병목]   [22:00:50] M16HUB 정상(보고 269 미보고 0 JAM 0)
2026-10-06 22:03:01,079 [HID병목]   [22:01:40] M16HUB 정상(보고 269 미보고 0 JAM 3)
2026-10-06 22:03:51,063 [HID병목]   [22:02:30] M16HUB 정상(보고 269 미보고 0 JAM 0)
2026-10-06 22:04:41,040 [HID병목]   [22:03:20] M16HUB 정상(보고 269 미보고 0 JAM 0)
2026-10-06 22:05:31,077 [HID병목]   [22:04:10] M16HUB 정상(보고 269 미보고 0 JAM 0)
2026-10-06 22:06:21,020 [HID병목]   [22:05:00] M16HUB 정상(보고 269 미보고 0 JAM 0)
2026-10-06 22:07:11,080 [HID병목]   [22:05:50] M16HUB 정상(보고 268 미보고 1 JAM 0)
2026-10-06 22:08:01,072 [HID병목]   [22:06:40] M16HUB 정상(보고 268 미보고 1 JAM 0)
2026-10-06 22:08:51,066 [HID병목]   [22:07:30] M16HUB 정상(보고 268 미보고 1 JAM 0)
2026-10-06 22:09:41,024 [HID병목]   [22:08:20] M16HUB 정상(보고 269 미보고 0 JAM 0)
2026-10-06 22:10:31,029 [HID병목]   [22:09:10] M16HUB 정상(보고 269 미보고 0 JAM 0)
2026-10-06 22:11:21,030 [HID병목]   [22:10:00] M16HUB 정상(보고 269 미보고 0 JAM 0)
2026-10-06 22:12:11,017 [HID병목]   [22:10:50] M16HUB 정상(보고 269 미보고 0 JAM 0)
2026-10-06 22:13:01,085 [HID병목]   [22:11:40] M16HUB 정상(보고 269 미보고 0 JAM 0)
2026-10-06 22:13:51,076 [HID병목]   [22:12:30] M16HUB 정상(보고 269 미보고 0 JAM 0)
2026-10-06 22:14:45,949 [HID병목]   [22:13:20] M16HUB 정상(보고 269 미보고 0 JAM 0)
2026-10-06 22:15:31,026 [HID병목]   [22:14:10] M16HUB 정상(보고 269 미보고 0 JAM 0)
2026-10-06 22:16:21,068 [HID병목]   [22:15:00] M16HUB 정상(보고 269 미보고 0 JAM 0)
2026-10-06 22:17:11,029 [HID병목]   [22:15:50] M16HUB 정상(보고 268 미보고 1 JAM 0)
2026-10-06 22:18:01,072 [HID병목]   [22:16:40] M16HUB 정상(보고 268 미보고 1 JAM 0)
2026-10-06 22:18:51,077 [HID병목]   [22:17:30] M16HUB 정상(보고 268 미보고 1 JAM 0)
2026-10-06 22:19:41,065 [HID병목]   [22:18:20] M16HUB 정상(보고 269 미보고 0 JAM 0)
2026-10-06 22:20:31,077 [HID병목]   [22:19:10] M16HUB 정상(보고 269 미보고 0 JAM 0)
2026-10-06 22:21:21,026 [HID병목]   [22:20:00] M16HUB 정상(보고 269 미보고 0 JAM 0)
2026-10-06 22:22:11,072 [HID병목]   [22:20:50] M16HUB 정상(보고 269 미보고 0 JAM 0)
2026-10-06 22:23:01,063 [HID병목]   [22:21:40] M16HUB 정상(보고 269 미보고 0 JAM 0)
2026-10-06 22:23:51,056 [HID병목]   [22:22:30] M16HUB 정상(보고 269 미보고 0 JAM 0)
2026-10-06 22:24:42,336 [HID병목]   [22:23:20] M16HUB 정상(보고 269 미보고 0 JAM 0)
2026-10-06 22:25:31,030 [HID병목]   [22:24:10] M16HUB 정상(보고 269 미보고 0 JAM 0)
2026-10-06 22:26:21,036 [HID병목]   [22:25:00] M16HUB 정상(보고 269 미보고 0 JAM 0)
2026-10-06 22:27:11,044 [HID병목]   [22:25:50] M16HUB 정상(보고 268 미보고 1 JAM 0)
2026-10-06 22:28:01,125 [HID병목]   [22:26:40] M16HUB 정상(보고 268 미보고 1 JAM 0)
2026-10-06 22:28:51,018 [HID병목]   [22:27:30] M16HUB 정상(보고 268 미보고 1 JAM 0)
2026-10-06 22:29:41,056 [HID병목]   [22:28:20] M16HUB 정상(보고 269 미보고 0 JAM 0)
2026-10-06 22:30:31,065 [HID병목]   [22:29:10] M16HUB 정상(보고 269 미보고 0 JAM 0)
2026-10-06 22:31:21,046 [HID병목]   [22:30:00] M16HUB 정상(보고 269 미보고 0 JAM 0)
2026-10-06 22:32:11,065 [HID병목]   [22:30:50] M16HUB 정상(보고 269 미보고 0 JAM 0)
2026-10-06 22:33:01,065 [HID병목]   [22:31:40] M16HUB 정상(보고 269 미보고 0 JAM 0)
2026-10-06 22:33:51,065 [HID병목]   [22:32:30] M16HUB 정상(보고 269 미보고 0 JAM 0)
2026-10-06 22:34:41,058 [HID병목]   [22:33:20] M16HUB 정상(보고 269 미보고 0 JAM 0)
2026-10-06 22:35:31,065 [HID병목]   [22:34:10] M16HUB 정상(보고 269 미보고 0 JAM 0)
2026-10-06 22:36:21,079 [HID병목]   [22:35:00] M16HUB 정상(보고 269 미보고 0 JAM 0)
2026-10-06 22:37:11,054 [HID병목]   [22:35:50] M16HUB 정상(보고 269 미보고 0 JAM 0)
2026-10-06 22:38:01,081 [HID병목]   [22:36:40] M16HUB 정상(보고 269 미보고 0 JAM 0)
2026-10-06 22:38:51,020 [HID병목]   [22:37:30] M16HUB 정상(보고 269 미보고 0 JAM 0)
2026-10-06 22:39:41,679 [HID병목]   [22:38:20] M16HUB 정상(보고 269 미보고 0 JAM 0)
2026-10-06 22:40:31,028 [HID병목]   [22:39:10] M16HUB 정상(보고 269 미보고 0 JAM 0)
2026-10-06 22:41:21,199 [HID병목]   [22:40:00] M16HUB 정상(보고 269 미보고 0 JAM 0)
2026-10-06 22:42:11,054 [HID병목]   [22:40:50] M16HUB 정상(보고 269 미보고 0 JAM 0)
2026-10-06 22:43:01,073 [HID병목]   [22:41:40] M16HUB 정상(보고 269 미보고 0 JAM 0)
2026-10-06 22:43:51,064 [HID병목]   [22:42:30] M16HUB 정상(보고 268 미보고 1 JAM 0)
2026-10-06 22:44:41,040 [HID병목]   [22:43:20] M16HUB 정상(보고 268 미보고 1 JAM 0)
2026-10-06 22:45:31,081 [HID병목]   [22:44:10] M16HUB 정상(보고 268 미보고 1 JAM 0)
2026-10-06 22:46:21,069 [HID병목]   [22:45:00] M16HUB 정상(보고 269 미보고 0 JAM 0)
2026-10-06 22:47:11,018 [HID병목]   [22:45:50] M16HUB 정상(보고 269 미보고 0 JAM 0)
2026-10-06 22:48:01,067 [HID병목]   [22:46:40] M16HUB 정상(보고 269 미보고 0 JAM 0)
2026-10-06 22:48:51,064 [HID병목]   [22:47:30] M16HUB 정상(보고 269 미보고 0 JAM 0)
2026-10-06 22:49:41,066 [HID병목]   [22:48:20] M16HUB 정상(보고 268 미보고 1 JAM 0)
2026-10-06 22:50:31,040 [HID병목]   [22:49:10] M16HUB 정상(보고 268 미보고 1 JAM 0)
2026-10-06 22:51:21,074 [HID병목]   [22:50:00] M16HUB 정상(보고 268 미보고 1 JAM 0)
2026-10-06 22:52:11,067 [HID병목]   [22:50:50] M16HUB 정상(보고 269 미보고 0 JAM 0)
2026-10-06 22:53:01,073 [HID병목]   [22:51:40] M16HUB 정상(보고 269 미보고 0 JAM 0)
2026-10-06 22:53:51,065 [HID병목]   [22:52:30] M16HUB 정상(보고 269 미보고 0 JAM 0)
2026-10-06 22:54:43,292 [HID병목]   [22:53:20] M16HUB 정상(보고 269 미보고 0 JAM 0)
2026-10-06 22:55:31,079 [HID병목]   [22:54:10] M16HUB 정상(보고 269 미보고 0 JAM 0)
2026-10-06 22:56:21,231 [HID병목]   [22:55:00] M16HUB 정상(보고 269 미보고 0 JAM 0)
2026-10-06 22:57:11,065 [HID병목]   [22:55:50] M16HUB 정상(보고 269 미보고 0 JAM 0)
2026-10-06 22:58:01,039 [HID병목]   [22:56:40] M16HUB 정상(보고 269 미보고 0 JAM 0)
2026-10-06 22:58:51,052 [HID병목]   [22:57:30] M16HUB 정상(보고 269 미보고 0 JAM 0)
2026-10-06 22:59:41,901 [HID병목]   [22:58:20] M16HUB 정상(보고 269 미보고 0 JAM 0)
2026-10-06 23:00:31,074 [HID병목]   [22:59:10] M16HUB 정상(보고 269 미보고 0 JAM 0)
2026-10-06 23:01:21,068 [HID병목]   [23:00:00] M16HUB 정상(보고 269 미보고 0 JAM 0)
2026-10-06 23:02:11,087 [HID병목]   [23:00:50] M16HUB 정상(보고 269 미보고 0 JAM 0)
2026-10-06 23:03:01,082 [HID병목]   [23:01:40] M16HUB 정상(보고 269 미보고 0 JAM 0)
2026-10-06 23:03:51,050 [HID병목]   [23:02:30] M16HUB 정상(보고 269 미보고 0 JAM 0)
2026-10-06 23:04:41,015 [HID병목]   [23:03:20] M16HUB 정상(보고 269 미보고 0 JAM 0)
2026-10-06 23:05:32,434 [HID병목]   [23:04:10] M16HUB 정상(보고 269 미보고 0 JAM 0)
2026-10-06 23:06:21,065 [HID병목]   [23:05:00] M16HUB 정상(보고 269 미보고 0 JAM 0)
2026-10-06 23:07:11,076 [HID병목]   [23:05:50] M16HUB 정상(보고 269 미보고 0 JAM 0)
2026-10-06 23:08:01,090 [HID병목]   [23:06:40] M16HUB 정상(보고 269 미보고 0 JAM 0)
2026-10-06 23:08:51,036 [HID병목]   [23:07:30] M16HUB 정상(보고 269 미보고 0 JAM 0)
2026-10-06 23:09:41,065 [HID병목]   [23:08:20] M16HUB 정상(보고 269 미보고 0 JAM 0)
2026-10-06 23:10:31,070 [HID병목]   [23:09:10] M16HUB 정상(보고 269 미보고 0 JAM 0)
2026-10-06 23:11:21,059 [HID병목]   [23:10:00] M16HUB 정상(보고 269 미보고 0 JAM 0)
2026-10-06 23:12:11,020 [HID병목]   [23:10:50] M16HUB 정상(보고 269 미보고 0 JAM 0)
2026-10-06 23:13:01,030 [HID병목]   [23:11:40] M16HUB 정상(보고 269 미보고 0 JAM 0)
2026-10-06 23:13:51,042 [HID병목]   [23:12:30] M16HUB 정상(보고 269 미보고 0 JAM 0)
2026-10-06 23:14:41,057 [HID병목]   [23:13:20] M16HUB 정상(보고 269 미보고 0 JAM 0)
2026-10-06 23:15:31,023 [HID병목]   [23:14:10] M16HUB 정상(보고 269 미보고 0 JAM 0)
2026-10-06 23:16:21,065 [HID병목]   [23:15:00] M16HUB 정상(보고 269 미보고 0 JAM 0)
2026-10-06 23:17:11,027 [HID병목]   [23:15:50] M16HUB 정상(보고 269 미보고 0 JAM 0)
2026-10-06 23:18:01,024 [HID병목]   [23:16:40] M16HUB 정상(보고 269 미보고 0 JAM 0)
2026-10-06 23:18:51,035 [HID병목]   [23:17:30] M16HUB 정상(보고 269 미보고 0 JAM 0)
2026-10-06 23:19:41,049 [HID병목]   [23:18:20] M16HUB 정상(보고 269 미보고 0 JAM 0)
2026-10-06 23:20:31,059 [HID병목]   [23:19:10] M16HUB 정상(보고 269 미보고 0 JAM 0)
2026-10-06 23:21:21,063 [HID병목]   [23:20:00] M16HUB 정상(보고 269 미보고 0 JAM 0)
2026-10-06 23:22:11,044 [HID병목]   [23:20:50] M16HUB 정상(보고 269 미보고 0 JAM 0)
2026-10-06 23:23:01,066 [HID병목]   [23:21:40] M16HUB 정상(보고 269 미보고 0 JAM 0)
2026-10-06 23:23:51,066 [HID병목]   [23:22:30] M16HUB 정상(보고 269 미보고 0 JAM 0)
2026-10-06 23:24:41,053 [HID병목]   [23:23:20] M16HUB 정상(보고 269 미보고 0 JAM 0)
2026-10-06 23:25:31,026 [HID병목]   [23:24:10] M16HUB 정상(보고 269 미보고 0 JAM 0)
2026-10-06 23:26:21,019 [HID병목]   [23:25:00] M16HUB 정상(보고 269 미보고 0 JAM 0)
2026-10-06 23:27:11,134 [HID병목]   [23:25:50] M16HUB 정상(보고 269 미보고 0 JAM 0)
2026-10-06 23:28:01,061 [HID병목]   [23:26:40] M16HUB 정상(보고 269 미보고 0 JAM 0)
2026-10-06 23:28:51,066 [HID병목]   [23:27:30] M16HUB 정상(보고 269 미보고 0 JAM 0)
2026-10-06 23:29:41,066 [HID병목]   [23:28:20] M16HUB 정상(보고 269 미보고 0 JAM 0)
2026-10-06 23:30:31,033 [HID병목]   [23:29:10] M16HUB 정상(보고 269 미보고 0 JAM 0)
2026-10-06 23:31:21,117 [HID병목]   [23:30:00] M16HUB 정상(보고 269 미보고 0 JAM 0)
2026-10-06 23:32:11,058 [HID병목]   [23:30:50] M16HUB 정상(보고 269 미보고 0 JAM 0)
2026-10-06 23:33:01,071 [HID병목]   [23:31:40] M16HUB 정상(보고 269 미보고 0 JAM 0)
2026-10-06 23:33:51,066 [HID병목]   [23:32:30] M16HUB 정상(보고 269 미보고 0 JAM 0)
2026-10-06 23:34:41,023 [HID병목]   [23:33:20] M16HUB 정상(보고 269 미보고 0 JAM 0)
2026-10-06 23:35:31,075 [HID병목]   [23:34:10] M16HUB 정상(보고 269 미보고 0 JAM 0)
2026-10-06 23:36:21,849 [HID병목]   [23:35:00] M16HUB 정상(보고 269 미보고 0 JAM 0)
2026-10-06 23:37:11,051 [HID병목]   [23:35:50] M16HUB 정상(보고 269 미보고 0 JAM 0)
2026-10-06 23:38:01,062 [HID병목]   [23:36:40] M16HUB 정상(보고 269 미보고 0 JAM 0)
2026-10-06 23:38:51,049 [HID병목]   [23:37:30] M16HUB 정상(보고 268 미보고 1 JAM 0)
2026-10-06 23:39:41,057 [HID병목]   [23:38:20] M16HUB 정상(보고 268 미보고 1 JAM 0)
2026-10-06 23:40:31,036 [HID병목]   [23:39:10] M16HUB 정상(보고 268 미보고 1 JAM 0)
2026-10-06 23:41:21,018 [HID병목]   [23:40:00] M16HUB 정상(보고 269 미보고 0 JAM 0)
2026-10-06 23:42:11,069 [HID병목]   [23:40:50] M16HUB 정상(보고 269 미보고 0 JAM 0)
2026-10-06 23:43:01,153 [HID병목]   [23:41:40] M16HUB 정상(보고 269 미보고 0 JAM 0)
2026-10-06 23:43:51,056 [HID병목]   [23:42:30] M16HUB 정상(보고 269 미보고 0 JAM 0)
2026-10-06 23:44:41,370 [HID병목]   [23:43:20] M16HUB 정상(보고 269 미보고 0 JAM 0)
2026-10-06 23:45:31,035 [HID병목]   [23:44:10] M16HUB 정상(보고 269 미보고 0 JAM 0)
2026-10-06 23:46:22,333 [HID병목]   [23:45:00] M16HUB 정상(보고 269 미보고 0 JAM 0)
2026-10-06 23:47:11,022 [HID병목]   [23:45:50] M16HUB 정상(보고 269 미보고 0 JAM 0)
2026-10-06 23:48:01,081 [HID병목]   [23:46:40] M16HUB 정상(보고 269 미보고 0 JAM 0)
2026-10-06 23:48:51,053 [HID병목]   [23:47:30] M16HUB 정상(보고 269 미보고 0 JAM 0)
2026-10-06 23:49:41,209 [HID병목]   [23:48:20] M16HUB 정상(보고 269 미보고 0 JAM 0)
2026-10-06 23:50:31,029 [HID병목]   [23:49:10] M16HUB 정상(보고 269 미보고 0 JAM 0)
2026-10-06 23:51:21,531 [HID병목]   [23:50:00] M16HUB 정상(보고 269 미보고 0 JAM 0)
2026-10-06 23:52:11,059 [HID병목]   [23:50:50] M16HUB 정상(보고 269 미보고 0 JAM 0)
2026-10-06 23:53:01,061 [HID병목]   [23:51:40] M16HUB 정상(보고 269 미보고 0 JAM 0)
2026-10-06 23:53:51,075 [HID병목]   [23:52:30] M16HUB 정상(보고 269 미보고 0 JAM 0)
2026-10-06 23:54:41,245 [HID병목]   [23:53:20] M16HUB 정상(보고 269 미보고 0 JAM 0)
2026-10-06 23:55:31,075 [HID병목]   [23:54:10] M16HUB 정상(보고 269 미보고 0 JAM 0)
2026-10-06 23:56:21,644 [HID병목]   [23:55:00] M16HUB 정상(보고 269 미보고 0 JAM 0)
2026-10-06 23:57:11,022 [HID병목]   [23:55:50] M16HUB 정상(보고 269 미보고 0 JAM 0)
2026-10-06 23:58:01,084 [HID병목]   [23:56:40] M16HUB 정상(보고 269 미보고 0 JAM 0)
2026-10-06 23:58:53,782 [HID병목]   [23:57:30] M16HUB 정상(보고 269 미보고 0 JAM 0)
2026-10-06 23:59:41,064 [HID병목]   [23:58:20] M16HUB 정상(보고 269 미보고 0 JAM 0)
2026-10-07 00:00:31,083 [HID병목]   [23:59:10] M16HUB 정상(보고 269 미보고 0 JAM 0)
2026-10-07 00:01:21,067 [HID병목]   [00:00:00] M16HUB 정상(보고 269 미보고 0 JAM 0)
2026-10-07 00:02:11,019 [HID병목]   [00:00:50] M16HUB 정상(보고 269 미보고 0 JAM 0)
2026-10-07 00:03:01,083 [HID병목]   [00:01:40] M16HUB 정상(보고 269 미보고 0 JAM 0)
2026-10-07 00:03:51,053 [HID병목]   [00:02:30] M16HUB 정상(보고 269 미보고 0 JAM 0)
2026-10-07 00:04:42,899 [HID병목]   [00:03:20] M16HUB 정상(보고 269 미보고 0 JAM 0)
2026-10-07 00:05:31,068 [HID병목]   [00:04:10] M16HUB 정상(보고 269 미보고 0 JAM 0)
2026-10-07 00:06:21,343 [HID병목]   [00:05:00] M16HUB 정상(보고 269 미보고 0 JAM 0)
2026-10-07 00:07:11,067 [HID병목]   [00:05:50] M16HUB 정상(보고 269 미보고 0 JAM 0)
2026-10-07 00:08:01,162 [HID병목]   [00:06:40] M16HUB 정상(보고 269 미보고 0 JAM 0)
2026-10-07 00:08:51,065 [HID병목]   [00:07:30] M16HUB 정상(보고 269 미보고 0 JAM 0)
2026-10-07 00:09:41,066 [HID병목]   [00:08:20] M16HUB 정상(보고 269 미보고 0 JAM 0)
2026-10-07 00:10:31,969 [HID병목]   [00:09:10] M16HUB 정상(보고 268 미보고 1 JAM 0)
2026-10-07 00:11:21,029 [HID병목]   [00:10:00] M16HUB 정상(보고 269 미보고 0 JAM 0)
2026-10-07 00:12:11,058 [HID병목]   [00:10:50] M16HUB 정상(보고 269 미보고 0 JAM 0)
2026-10-07 00:13:01,053 [HID병목]   [00:11:40] M16HUB 정상(보고 269 미보고 0 JAM 0)
2026-10-07 00:13:51,057 [HID병목]   [00:12:30] M16HUB 정상(보고 269 미보고 0 JAM 0)
2026-10-07 00:14:41,022 [HID병목]   [00:13:20] M16HUB 정상(보고 269 미보고 0 JAM 0)
2026-10-07 00:15:31,034 [HID병목]   [00:14:10] M16HUB 정상(보고 269 미보고 0 JAM 0)
2026-10-07 00:16:21,065 [HID병목]   [00:15:00] M16HUB 정상(보고 269 미보고 0 JAM 0)
2026-10-07 00:17:11,053 [HID병목]   [00:15:50] M16HUB 정상(보고 268 미보고 1 JAM 0)
2026-10-07 00:18:01,032 [HID병목]   [00:16:40] M16HUB 정상(보고 268 미보고 1 JAM 0)
2026-10-07 00:18:51,063 [HID병목]   [00:17:30] M16HUB 정상(보고 268 미보고 1 JAM 0)
2026-10-07 00:19:41,065 [HID병목]   [00:18:20] M16HUB 정상(보고 269 미보고 0 JAM 0)
2026-10-07 00:20:31,076 [HID병목]   [00:19:10] M16HUB 정상(보고 269 미보고 0 JAM 0)
2026-10-07 00:21:21,040 [HID병목]   [00:20:00] M16HUB 정상(보고 269 미보고 0 JAM 0)
2026-10-07 00:22:11,030 [HID병목]   [00:20:50] M16HUB 정상(보고 269 미보고 0 JAM 0)
2026-10-07 00:23:01,101 [HID병목]   [00:21:40] M16HUB 정상(보고 269 미보고 0 JAM 0)
2026-10-07 00:23:51,029 [HID병목]   [00:22:30] M16HUB 정상(보고 269 미보고 0 JAM 0)
2026-10-07 00:24:41,025 [HID병목]   [00:23:20] M16HUB 정상(보고 269 미보고 0 JAM 0)
2026-10-07 00:25:31,075 [HID병목]   [00:24:10] M16HUB 정상(보고 268 미보고 1 JAM 0)
2026-10-07 00:26:21,223 [HID병목]   [00:25:00] M16HUB 정상(보고 268 미보고 1 JAM 0)
2026-10-07 00:27:11,067 [HID병목]   [00:25:50] M16HUB 정상(보고 268 미보고 1 JAM 0)
2026-10-07 00:28:01,026 [HID병목]   [00:26:40] M16HUB 정상(보고 269 미보고 0 JAM 0)
2026-10-07 00:28:51,032 [HID병목]   [00:27:30] M16HUB 정상(보고 269 미보고 0 JAM 0)
2026-10-07 00:29:41,066 [HID병목]   [00:28:20] M16HUB 정상(보고 269 미보고 0 JAM 0)
2026-10-07 00:30:31,060 [HID병목]   [00:29:10] M16HUB 정상(보고 269 미보고 0 JAM 0)
2026-10-07 00:31:21,056 [HID병목]   [00:30:00] M16HUB 정상(보고 269 미보고 0 JAM 0)
2026-10-07 00:32:11,066 [HID병목]   [00:30:50] M16HUB 정상(보고 269 미보고 0 JAM 0)
2026-10-07 00:33:01,071 [HID병목]   [00:31:40] M16HUB 정상(보고 269 미보고 0 JAM 0)
2026-10-07 00:33:51,017 [HID병목]   [00:32:30] M16HUB 정상(보고 269 미보고 0 JAM 0)
2026-10-07 00:34:41,029 [HID병목]   [00:33:20] M16HUB 정상(보고 269 미보고 0 JAM 0)
2026-10-07 00:35:31,678 [HID병목]   [00:34:10] M16HUB 정상(보고 269 미보고 0 JAM 0)
2026-10-07 00:36:21,029 [HID병목]   [00:35:00] M16HUB 정상(보고 269 미보고 0 JAM 0)
2026-10-07 00:37:11,048 [HID병목]   [00:35:50] M16HUB 정상(보고 269 미보고 0 JAM 0)
2026-10-07 00:38:01,126 [HID병목]   [00:36:40] M16HUB 정상(보고 269 미보고 0 JAM 0)
2026-10-07 00:38:51,066 [HID병목]   [00:37:30] M16HUB 정상(보고 269 미보고 0 JAM 0)
2026-10-07 00:39:41,063 [HID병목]   [00:38:20] M16HUB 정상(보고 269 미보고 0 JAM 0)
2026-10-07 00:40:31,068 [HID병목]   [00:39:10] M16HUB 정상(보고 269 미보고 0 JAM 0)
2026-10-07 00:41:21,067 [HID병목]   [00:40:00] M16HUB 정상(보고 269 미보고 0 JAM 0)
2026-10-07 00:42:11,067 [HID병목]   [00:40:50] M16HUB 정상(보고 269 미보고 0 JAM 0)
2026-10-07 00:43:01,082 [HID병목]   [00:41:40] M16HUB 정상(보고 269 미보고 0 JAM 0)
2026-10-07 00:43:51,075 [HID병목]   [00:42:30] M16HUB 정상(보고 269 미보고 0 JAM 0)
2026-10-07 00:44:41,043 [HID병목]   [00:43:20] M16HUB 정상(보고 269 미보고 0 JAM 0)
2026-10-07 00:45:31,028 [HID병목]   [00:44:10] M16HUB 정상(보고 269 미보고 0 JAM 0)
2026-10-07 00:46:21,026 [HID병목]   [00:45:00] M16HUB 정상(보고 269 미보고 0 JAM 0)
2026-10-07 00:47:11,030 [HID병목]   [00:45:50] M16HUB 정상(보고 269 미보고 0 JAM 0)
2026-10-07 00:48:01,133 [HID병목]   [00:46:40] M16HUB 정상(보고 269 미보고 0 JAM 0)
2026-10-07 00:48:51,056 [HID병목]   [00:47:30] M16HUB 정상(보고 269 미보고 0 JAM 0)
2026-10-07 00:49:41,034 [HID병목]   [00:48:20] M16HUB 정상(보고 269 미보고 0 JAM 0)
2026-10-07 00:50:31,066 [HID병목]   [00:49:10] M16HUB 정상(보고 268 미보고 1 JAM 0)
2026-10-07 00:51:21,068 [HID병목]   [00:50:00] M16HUB 정상(보고 268 미보고 1 JAM 0)
2026-10-07 00:52:11,059 [HID병목]   [00:50:50] M16HUB 정상(보고 268 미보고 1 JAM 0)
2026-10-07 00:53:01,136 [HID병목]   [00:51:40] M16HUB 정상(보고 269 미보고 0 JAM 0)
2026-10-07 00:53:51,068 [HID병목]   [00:52:30] M16HUB 정상(보고 269 미보고 0 JAM 0)
2026-10-07 00:54:41,022 [HID병목]   [00:53:20] M16HUB 정상(보고 269 미보고 0 JAM 0)
2026-10-07 00:55:31,076 [HID병목]   [00:54:10] M16HUB 정상(보고 269 미보고 0 JAM 0)
2026-10-07 00:56:21,111 [HID병목]   [00:55:00] M16HUB 정상(보고 269 미보고 0 JAM 0)
2026-10-07 00:57:11,085 [HID병목]   [00:55:50] M16HUB 정상(보고 269 미보고 0 JAM 0)
2026-10-07 00:58:01,046 [HID병목]   [00:56:40] M16HUB 정상(보고 269 미보고 0 JAM 0)
2026-10-07 00:58:51,066 [HID병목]   [00:57:30] M16HUB 정상(보고 269 미보고 0 JAM 0)
2026-10-07 00:59:41,062 [HID병목]   [00:58:20] M16HUB 정상(보고 269 미보고 0 JAM 0)
2026-10-07 01:00:31,065 [HID병목]   [00:59:10] M16HUB 정상(보고 268 미보고 1 JAM 0)
2026-10-07 01:01:21,115 [HID병목]   [01:00:00] M16HUB 정상(보고 268 미보고 1 JAM 0)
2026-10-07 01:02:11,057 [HID병목]   [01:00:50] M16HUB 정상(보고 268 미보고 1 JAM 0)
2026-10-07 01:03:01,044 [HID병목]   [01:01:40] M16HUB 정상(보고 269 미보고 0 JAM 0)
2026-10-07 01:03:51,070 [HID병목]   [01:02:30] M16HUB 정상(보고 269 미보고 0 JAM 0)
2026-10-07 01:04:41,022 [HID병목]   [01:03:20] M16HUB 정상(보고 269 미보고 0 JAM 0)
2026-10-07 01:05:31,076 [HID병목]   [01:04:10] M16HUB 정상(보고 268 미보고 1 JAM 0)
2026-10-07 01:06:21,058 [HID병목]   [01:05:00] M16HUB 정상(보고 268 미보고 1 JAM 0)
2026-10-07 01:07:11,069 [HID병목]   [01:05:50] M16HUB 정상(보고 268 미보고 1 JAM 0)
2026-10-07 01:08:01,028 [HID병목]   [01:06:40] M16HUB 정상(보고 269 미보고 0 JAM 0)
2026-10-07 01:08:51,066 [HID병목]   [01:07:30] M16HUB 정상(보고 269 미보고 0 JAM 0)
2026-10-07 01:09:41,018 [HID병목]   [01:08:20] M16HUB 정상(보고 269 미보고 0 JAM 0)
2026-10-07 01:10:32,577 [HID병목]   [01:09:10] M16HUB 정상(보고 269 미보고 0 JAM 0)
2026-10-07 01:11:21,040 [HID병목]   [01:10:00] M16HUB 정상(보고 269 미보고 0 JAM 0)
2026-10-07 01:12:11,066 [HID병목]   [01:10:50] M16HUB 정상(보고 269 미보고 0 JAM 0)
2026-10-07 01:13:01,121 [HID병목]   [01:11:40] M16HUB 정상(보고 268 미보고 1 JAM 0)
2026-10-07 01:13:51,069 [HID병목]   [01:12:30] M16HUB 정상(보고 268 미보고 1 JAM 0)
2026-10-07 01:14:41,035 [HID병목]   [01:13:20] M16HUB 정상(보고 268 미보고 1 JAM 0)
2026-10-07 01:15:31,065 [HID병목]   [01:14:10] M16HUB 정상(보고 269 미보고 0 JAM 0)
2026-10-07 01:16:21,029 [HID병목]   [01:15:00] M16HUB 정상(보고 269 미보고 0 JAM 0)
2026-10-07 01:17:11,031 [HID병목]   [01:15:50] M16HUB 정상(보고 269 미보고 0 JAM 0)
2026-10-07 01:18:01,040 [HID병목]   [01:16:40] M16HUB 정상(보고 269 미보고 0 JAM 0)
2026-10-07 01:18:51,024 [HID병목]   [01:17:30] M16HUB 정상(보고 269 미보고 0 JAM 0)
2026-10-07 01:19:41,034 [HID병목]   [01:18:20] M16HUB 정상(보고 269 미보고 0 JAM 0)
2026-10-07 01:20:31,065 [HID병목]   [01:19:10] M16HUB 정상(보고 269 미보고 0 JAM 0)
2026-10-07 01:21:21,047 [HID병목]   [01:20:00] M16HUB 정상(보고 269 미보고 0 JAM 0)
2026-10-07 01:22:11,063 [HID병목]   [01:20:50] M16HUB 정상(보고 269 미보고 0 JAM 0)
2026-10-07 01:23:01,049 [HID병목]   [01:21:40] M16HUB 정상(보고 269 미보고 0 JAM 0)
2026-10-07 01:23:51,035 [HID병목]   [01:22:30] M16HUB 정상(보고 269 미보고 0 JAM 0)
2026-10-07 01:24:42,352 [HID병목]   [01:23:20] M16HUB 정상(보고 269 미보고 0 JAM 0)
2026-10-07 01:25:31,066 [HID병목]   [01:24:10] M16HUB 정상(보고 269 미보고 0 JAM 0)
2026-10-07 01:26:21,198 [HID병목]   [01:25:00] M16HUB 정상(보고 269 미보고 0 JAM 0)
2026-10-07 01:27:11,068 [HID병목]   [01:25:50] M16HUB 정상(보고 269 미보고 0 JAM 0)
2026-10-07 01:28:01,043 [HID병목]   [01:26:40] M16HUB 정상(보고 269 미보고 0 JAM 0)
2026-10-07 01:28:51,017 [HID병목]   [01:27:30] M16HUB 정상(보고 269 미보고 0 JAM 0)
2026-10-07 01:29:41,017 [HID병목]   [01:28:20] M16HUB 정상(보고 269 미보고 0 JAM 0)
2026-10-07 01:30:31,075 [HID병목]   [01:29:10] M16HUB 정상(보고 269 미보고 0 JAM 0)
2026-10-07 01:31:21,068 [HID병목]   [01:30:00] M16HUB 정상(보고 269 미보고 0 JAM 0)
2026-10-07 01:32:11,016 [HID병목]   [01:30:50] M16HUB 정상(보고 268 미보고 1 JAM 0)
2026-10-07 01:33:01,072 [HID병목]   [01:31:40] M16HUB 정상(보고 268 미보고 1 JAM 0)
2026-10-07 01:33:51,066 [HID병목]   [01:32:30] M16HUB 정상(보고 268 미보고 1 JAM 0)
2026-10-07 01:34:41,037 [HID병목]   [01:33:20] M16HUB 정상(보고 269 미보고 0 JAM 0)
2026-10-07 01:35:31,065 [HID병목]   [01:34:10] M16HUB 정상(보고 269 미보고 0 JAM 0)
2026-10-07 01:36:22,609 [HID병목]   [01:35:00] M16HUB 정상(보고 269 미보고 0 JAM 0)
2026-10-07 01:37:11,045 [HID병목]   [01:35:50] M16HUB 정상(보고 269 미보고 0 JAM 0)
2026-10-07 01:38:01,067 [HID병목]   [01:36:40] M16HUB 정상(보고 269 미보고 0 JAM 0)
2026-10-07 01:38:51,044 [HID병목]   [01:37:30] M16HUB 정상(보고 269 미보고 0 JAM 0)
2026-10-07 01:39:41,067 [HID병목]   [01:38:20] M16HUB 정상(보고 269 미보고 0 JAM 0)
2026-10-07 01:40:31,063 [HID병목]   [01:39:10] M16HUB 정상(보고 269 미보고 0 JAM 0)
2026-10-07 01:41:21,052 [HID병목]   [01:40:00] M16HUB 정상(보고 269 미보고 0 JAM 0)
2026-10-07 01:42:11,075 [HID병목]   [01:40:50] M16HUB 정상(보고 269 미보고 0 JAM 0)
2026-10-07 01:43:01,079 [HID병목]   [01:41:40] M16HUB 정상(보고 269 미보고 0 JAM 0)
2026-10-07 01:43:51,020 [HID병목]   [01:42:30] M16HUB 정상(보고 269 미보고 0 JAM 0)
2026-10-07 01:44:41,064 [HID병목]   [01:43:20] M16HUB 정상(보고 269 미보고 0 JAM 0)
2026-10-07 01:45:31,077 [HID병목]   [01:44:10] M16HUB 정상(보고 269 미보고 0 JAM 0)
2026-10-07 01:46:21,026 [HID병목]   [01:45:00] M16HUB 정상(보고 269 미보고 0 JAM 0)
2026-10-07 01:47:11,070 [HID병목]   [01:45:50] M16HUB 정상(보고 269 미보고 0 JAM 0)
2026-10-07 01:48:01,072 [HID병목]   [01:46:40] M16HUB 정상(보고 269 미보고 0 JAM 0)
2026-10-07 01:48:51,075 [HID병목]   [01:47:30] M16HUB 정상(보고 269 미보고 0 JAM 0)
2026-10-07 01:49:41,063 [HID병목]   [01:48:20] M16HUB 정상(보고 269 미보고 0 JAM 0)
2026-10-07 01:50:31,017 [HID병목]   [01:49:10] M16HUB 정상(보고 269 미보고 0 JAM 0)
2026-10-07 01:51:21,075 [HID병목]   [01:50:00] M16HUB 정상(보고 269 미보고 0 JAM 0)
2026-10-07 01:52:11,219 [HID병목]   [01:50:50] M16HUB 정상(보고 269 미보고 0 JAM 0)
2026-10-07 01:53:01,044 [HID병목]   [01:51:40] M16HUB 정상(보고 269 미보고 0 JAM 0)
2026-10-07 01:53:51,055 [HID병목]   [01:52:30] M16HUB 정상(보고 269 미보고 0 JAM 0)
2026-10-07 01:54:41,023 [HID병목]   [01:53:20] M16HUB 정상(보고 269 미보고 0 JAM 0)
2026-10-07 01:55:31,024 [HID병목]   [01:54:10] M16HUB 정상(보고 269 미보고 0 JAM 0)
2026-10-07 01:56:21,051 [HID병목]   [01:55:00] M16HUB 정상(보고 269 미보고 0 JAM 0)
2026-10-07 01:57:11,076 [HID병목]   [01:55:50] M16HUB 정상(보고 269 미보고 0 JAM 0)
2026-10-07 01:58:01,069 [HID병목]   [01:56:40] M16HUB 정상(보고 269 미보고 0 JAM 0)
2026-10-07 01:58:51,040 [HID병목]   [01:57:30] M16HUB 정상(보고 269 미보고 0 JAM 0)
2026-10-07 01:59:41,066 [HID병목]   [01:58:20] M16HUB 정상(보고 269 미보고 0 JAM 0)
2026-10-07 02:00:31,066 [HID병목]   [01:59:10] M16HUB 정상(보고 269 미보고 0 JAM 0)
2026-10-07 02:01:21,249 [HID병목]   [02:00:00] M16HUB 정상(보고 269 미보고 0 JAM 0)
2026-10-07 02:02:11,032 [HID병목]   [02:00:50] M16HUB 정상(보고 269 미보고 0 JAM 0)
2026-10-07 02:03:01,090 [HID병목]   [02:01:40] M16HUB 정상(보고 269 미보고 0 JAM 0)
2026-10-07 02:03:51,046 [HID병목]   [02:02:30] M16HUB 정상(보고 269 미보고 0 JAM 0)
2026-10-07 02:04:41,051 [HID병목]   [02:03:20] M16HUB 정상(보고 269 미보고 0 JAM 0)
2026-10-07 02:05:31,078 [HID병목]   [02:04:10] M16HUB 정상(보고 269 미보고 0 JAM 0)
2026-10-07 02:06:21,034 [HID병목]   [02:05:00] M16HUB 정상(보고 269 미보고 0 JAM 0)
2026-10-07 02:07:11,056 [HID병목]   [02:05:50] M16HUB 정상(보고 269 미보고 0 JAM 0)
2026-10-07 02:08:01,071 [HID병목]   [02:06:40] M16HUB 정상(보고 269 미보고 0 JAM 0)
2026-10-07 02:08:51,065 [HID병목]   [02:07:30] M16HUB 정상(보고 269 미보고 0 JAM 0)
2026-10-07 02:09:41,038 [HID병목]   [02:08:20] M16HUB 정상(보고 269 미보고 0 JAM 0)
2026-10-07 02:10:31,025 [HID병목]   [02:09:10] M16HUB 정상(보고 269 미보고 0 JAM 0)
2026-10-07 02:11:21,066 [HID병목]   [02:10:00] M16HUB 정상(보고 269 미보고 0 JAM 0)
2026-10-07 02:12:11,049 [HID병목]   [02:10:50] M16HUB 정상(보고 269 미보고 0 JAM 0)
2026-10-07 02:13:01,073 [HID병목]   [02:11:40] M16HUB 정상(보고 269 미보고 0 JAM 0)
2026-10-07 02:13:51,068 [HID병목]   [02:12:30] M16HUB 정상(보고 269 미보고 0 JAM 0)
2026-10-07 02:14:41,015 [HID병목]   [02:13:20] M16HUB 정상(보고 269 미보고 0 JAM 0)
2026-10-07 02:15:31,018 [HID병목]   [02:14:10] M16HUB 정상(보고 269 미보고 0 JAM 0)
2026-10-07 02:16:21,067 [HID병목]   [02:15:00] M16HUB 정상(보고 269 미보고 0 JAM 0)
2026-10-07 02:17:11,047 [HID병목]   [02:15:50] M16HUB 정상(보고 269 미보고 0 JAM 0)
2026-10-07 02:18:01,090 [HID병목]   [02:16:40] M16HUB 정상(보고 269 미보고 0 JAM 0)
2026-10-07 02:18:51,063 [HID병목]   [02:17:30] M16HUB 정상(보고 269 미보고 0 JAM 0)
2026-10-07 02:19:43,669 [HID병목]   [02:18:20] M16HUB 정상(보고 269 미보고 0 JAM 0)
2026-10-07 02:20:31,016 [HID병목]   [02:19:10] M16HUB 정상(보고 269 미보고 0 JAM 0)
2026-10-07 02:21:21,034 [HID병목]   [02:20:00] M16HUB 정상(보고 269 미보고 0 JAM 0)
2026-10-07 02:22:11,019 [HID병목]   [02:20:50] M16HUB 정상(보고 269 미보고 0 JAM 0)
2026-10-07 02:23:01,029 [HID병목]   [02:21:40] M16HUB 정상(보고 269 미보고 0 JAM 0)
2026-10-07 02:23:51,037 [HID병목]   [02:22:30] M16HUB 정상(보고 269 미보고 0 JAM 0)
2026-10-07 02:24:41,085 [HID병목]   [02:23:20] M16HUB 정상(보고 269 미보고 0 JAM 0)
2026-10-07 02:25:31,121 [HID병목]   [02:24:10] M16HUB 정상(보고 269 미보고 0 JAM 0)
2026-10-07 02:26:21,059 [HID병목]   [02:25:00] M16HUB 정상(보고 269 미보고 0 JAM 0)
2026-10-07 02:27:11,067 [HID병목]   [02:25:50] M16HUB 정상(보고 269 미보고 0 JAM 0)
2026-10-07 02:28:01,071 [HID병목]   [02:26:40] M16HUB 정상(보고 269 미보고 0 JAM 0)
2026-10-07 02:28:51,075 [HID병목]   [02:27:30] M16HUB 정상(보고 269 미보고 0 JAM 0)
2026-10-07 02:29:41,067 [HID병목]   [02:28:20] M16HUB 정상(보고 269 미보고 0 JAM 0)
2026-10-07 02:30:32,833 [HID병목]   [02:29:10] M16HUB 정상(보고 269 미보고 0 JAM 0)
2026-10-07 02:31:21,065 [HID병목]   [02:30:00] M16HUB 정상(보고 269 미보고 0 JAM 0)
2026-10-07 02:32:11,083 [HID병목]   [02:30:50] M16HUB 정상(보고 269 미보고 0 JAM 0)
2026-10-07 02:33:01,038 [HID병목]   [02:31:40] M16HUB 정상(보고 269 미보고 0 JAM 0)
2026-10-07 02:33:51,025 [HID병목]   [02:32:30] M16HUB 정상(보고 269 미보고 0 JAM 0)
2026-10-07 02:34:44,977 [HID병목]   [02:33:20] M16HUB 정상(보고 269 미보고 0 JAM 0)
2026-10-07 02:35:31,063 [HID병목]   [02:34:10] M16HUB 정상(보고 268 미보고 1 JAM 0)
2026-10-07 02:36:21,020 [HID병목]   [02:35:00] M16HUB 정상(보고 268 미보고 1 JAM 0)
2026-10-07 02:37:11,059 [HID병목]   [02:35:50] M16HUB 정상(보고 268 미보고 1 JAM 0)
2026-10-07 02:38:01,088 [HID병목]   [02:36:40] M16HUB 정상(보고 269 미보고 0 JAM 0)
2026-10-07 02:38:51,037 [HID병목]   [02:37:30] M16HUB 정상(보고 269 미보고 0 JAM 0)
2026-10-07 02:39:41,066 [HID병목]   [02:38:20] M16HUB 정상(보고 269 미보고 0 JAM 0)
2026-10-07 02:40:31,078 [HID병목]   [02:39:10] M16HUB 정상(보고 269 미보고 0 JAM 0)
2026-10-07 02:41:21,036 [HID병목]   [02:40:00] M16HUB 정상(보고 269 미보고 0 JAM 0)
2026-10-07 02:42:11,066 [HID병목]   [02:40:50] M16HUB 정상(보고 269 미보고 0 JAM 0)
2026-10-07 02:43:01,037 [HID병목]   [02:41:40] M16HUB 정상(보고 269 미보고 0 JAM 0)
2026-10-07 02:43:51,019 [HID병목]   [02:42:30] M16HUB 정상(보고 269 미보고 0 JAM 0)
2026-10-07 02:44:41,024 [HID병목]   [02:43:20] M16HUB 정상(보고 269 미보고 0 JAM 0)
2026-10-07 02:45:31,462 [HID병목]   [02:44:10] M16HUB 정상(보고 269 미보고 0 JAM 0)
2026-10-07 02:46:21,067 [HID병목]   [02:45:00] M16HUB 정상(보고 269 미보고 0 JAM 0)
2026-10-07 02:47:11,026 [HID병목]   [02:45:50] M16HUB 정상(보고 269 미보고 0 JAM 0)
2026-10-07 02:48:01,019 [HID병목]   [02:46:40] M16HUB 정상(보고 269 미보고 0 JAM 0)
2026-10-07 02:48:51,065 [HID병목]   [02:47:30] M16HUB 정상(보고 269 미보고 0 JAM 0)
2026-10-07 02:49:43,330 [HID병목]   [02:48:20] M16HUB 정상(보고 269 미보고 0 JAM 0)
2026-10-07 02:50:31,074 [HID병목]   [02:49:10] M16HUB 정상(보고 269 미보고 0 JAM 0)
2026-10-07 02:51:21,032 [HID병목]   [02:50:00] M16HUB 정상(보고 269 미보고 0 JAM 0)
2026-10-07 02:52:11,065 [HID병목]   [02:50:50] M16HUB 정상(보고 269 미보고 0 JAM 0)
2026-10-07 02:53:01,085 [HID병목]   [02:51:40] M16HUB 정상(보고 269 미보고 0 JAM 0)
2026-10-07 02:53:51,046 [HID병목]   [02:52:30] M16HUB 정상(보고 269 미보고 0 JAM 0)
2026-10-07 02:54:41,065 [HID병목]   [02:53:20] M16HUB 정상(보고 269 미보고 0 JAM 0)
2026-10-07 02:55:32,591 [HID병목]   [02:54:10] M16HUB 정상(보고 269 미보고 0 JAM 0)
2026-10-07 02:56:21,061 [HID병목]   [02:55:00] M16HUB 정상(보고 269 미보고 0 JAM 0)
2026-10-07 02:57:11,070 [HID병목]   [02:55:50] M16HUB 정상(보고 269 미보고 0 JAM 0)
2026-10-07 02:58:01,058 [HID병목]   [02:56:40] M16HUB 정상(보고 269 미보고 0 JAM 0)
2026-10-07 02:58:51,030 [HID병목]   [02:57:30] M16HUB 정상(보고 269 미보고 0 JAM 0)
2026-10-07 02:59:41,045 [HID병목]   [02:58:20] M16HUB 정상(보고 269 미보고 0 JAM 0)
2026-10-07 03:00:31,077 [HID병목]   [02:59:10] M16HUB 정상(보고 269 미보고 0 JAM 0)
2026-10-07 03:01:21,067 [HID병목]   [03:00:00] M16HUB 정상(보고 269 미보고 0 JAM 0)
2026-10-07 03:02:11,067 [HID병목]   [03:00:50] M16HUB 정상(보고 269 미보고 0 JAM 0)
2026-10-07 03:03:01,080 [HID병목]   [03:01:40] M16HUB 정상(보고 269 미보고 0 JAM 0)
2026-10-07 03:03:51,056 [HID병목]   [03:02:30] M16HUB 정상(보고 269 미보고 0 JAM 0)
2026-10-07 03:04:41,064 [HID병목]   [03:03:20] M16HUB 정상(보고 269 미보고 0 JAM 0)
2026-10-07 03:05:31,029 [HID병목]   [03:04:10] M16HUB 정상(보고 269 미보고 0 JAM 0)
2026-10-07 03:06:21,311 [HID병목]   [03:05:00] M16HUB 정상(보고 269 미보고 0 JAM 0)
2026-10-07 03:07:11,067 [HID병목]   [03:05:50] M16HUB 정상(보고 269 미보고 0 JAM 0)
2026-10-07 03:08:01,082 [HID병목]   [03:06:40] M16HUB 정상(보고 269 미보고 0 JAM 0)
2026-10-07 03:08:51,025 [HID병목]   [03:07:30] M16HUB 정상(보고 269 미보고 0 JAM 0)
2026-10-07 03:09:44,981 [HID병목]   [03:08:20] M16HUB 정상(보고 269 미보고 0 JAM 0)
2026-10-07 03:10:31,015 [HID병목]   [03:09:10] M16HUB 정상(보고 269 미보고 0 JAM 0)
2026-10-07 03:11:21,023 [HID병목]   [03:10:00] M16HUB 정상(보고 269 미보고 0 JAM 0)
2026-10-07 03:12:11,068 [HID병목]   [03:10:50] M16HUB 정상(보고 269 미보고 0 JAM 0)
2026-10-07 03:13:01,055 [HID병목]   [03:11:40] M16HUB 정상(보고 268 미보고 1 JAM 0)
2026-10-07 03:13:51,054 [HID병목]   [03:12:30] M16HUB 정상(보고 269 미보고 0 JAM 0)
2026-10-07 03:14:41,044 [HID병목]   [03:13:20] M16HUB 정상(보고 269 미보고 0 JAM 0)
2026-10-07 03:15:31,066 [HID병목]   [03:14:10] M16HUB 정상(보고 269 미보고 0 JAM 0)
2026-10-07 03:16:21,017 [HID병목]   [03:15:00] M16HUB 정상(보고 269 미보고 0 JAM 0)
2026-10-07 03:17:11,057 [HID병목]   [03:15:50] M16HUB 정상(보고 269 미보고 0 JAM 0)
2026-10-07 03:18:01,047 [HID병목]   [03:16:40] M16HUB 정상(보고 269 미보고 0 JAM 0)
2026-10-07 03:18:51,045 [HID병목]   [03:17:30] M16HUB 정상(보고 269 미보고 0 JAM 0)
2026-10-07 03:19:41,030 [HID병목]   [03:18:20] M16HUB 정상(보고 269 미보고 0 JAM 0)
2026-10-07 03:20:31,066 [HID병목]   [03:19:10] M16HUB 정상(보고 269 미보고 0 JAM 0)
2026-10-07 03:21:22,257 [HID병목]   [03:20:00] M16HUB 정상(보고 269 미보고 0 JAM 0)
2026-10-07 03:22:11,066 [HID병목]   [03:20:50] M16HUB 정상(보고 269 미보고 0 JAM 0)
2026-10-07 03:23:01,033 [HID병목]   [03:21:40] M16HUB 정상(보고 269 미보고 0 JAM 0)
2026-10-07 03:23:51,026 [HID병목]   [03:22:30] M16HUB 정상(보고 269 미보고 0 JAM 0)
2026-10-07 03:24:42,534 [HID병목]   [03:23:20] M16HUB 정상(보고 269 미보고 0 JAM 0)
2026-10-07 03:25:31,066 [HID병목]   [03:24:10] M16HUB 정상(보고 269 미보고 0 JAM 0)
2026-10-07 03:26:21,195 [HID병목]   [03:25:00] M16HUB 정상(보고 269 미보고 0 JAM 0)
2026-10-07 03:27:11,027 [HID병목]   [03:25:50] M16HUB 정상(보고 269 미보고 0 JAM 0)
2026-10-07 03:28:01,027 [HID병목]   [03:26:40] M16HUB 정상(보고 269 미보고 0 JAM 0)
2026-10-07 03:28:51,045 [HID병목]   [03:27:30] M16HUB 정상(보고 269 미보고 0 JAM 0)
2026-10-07 03:29:41,056 [HID병목]   [03:28:20] M16HUB 정상(보고 269 미보고 0 JAM 0)
2026-10-07 03:30:31,065 [HID병목]   [03:29:10] M16HUB 정상(보고 269 미보고 0 JAM 0)
2026-10-07 03:31:21,069 [HID병목]   [03:30:00] M16HUB 정상(보고 268 미보고 1 JAM 0)
2026-10-07 03:32:11,018 [HID병목]   [03:30:50] M16HUB 정상(보고 268 미보고 1 JAM 0)
2026-10-07 03:33:01,072 [HID병목]   [03:31:40] M16HUB 정상(보고 268 미보고 1 JAM 0)
2026-10-07 03:33:51,081 [HID병목]   [03:32:30] M16HUB 정상(보고 269 미보고 0 JAM 0)
2026-10-07 03:34:45,283 [HID병목]   [03:33:20] M16HUB 정상(보고 269 미보고 0 JAM 0)
2026-10-07 03:35:31,072 [HID병목]   [03:34:10] M16HUB 정상(보고 269 미보고 0 JAM 0)
2026-10-07 03:36:21,017 [HID병목]   [03:35:00] M16HUB 정상(보고 269 미보고 0 JAM 0)
2026-10-07 03:37:11,065 [HID병목]   [03:35:50] M16HUB 정상(보고 269 미보고 0 JAM 0)
2026-10-07 03:38:01,040 [HID병목]   [03:36:40] M16HUB 정상(보고 269 미보고 0 JAM 0)
2026-10-07 03:38:51,067 [HID병목]   [03:37:30] M16HUB 정상(보고 269 미보고 0 JAM 0)
2026-10-07 03:39:41,048 [HID병목]   [03:38:20] M16HUB 정상(보고 269 미보고 0 JAM 0)
2026-10-07 03:40:31,066 [HID병목]   [03:39:10] M16HUB 정상(보고 269 미보고 0 JAM 0)
2026-10-07 03:41:22,169 [HID병목]   [03:40:00] M16HUB 정상(보고 269 미보고 0 JAM 0)
2026-10-07 03:42:11,032 [HID병목]   [03:40:50] M16HUB 정상(보고 269 미보고 0 JAM 0)
2026-10-07 03:43:01,090 [HID병목]   [03:41:40] M16HUB 정상(보고 269 미보고 0 JAM 0)
2026-10-07 03:43:51,067 [HID병목]   [03:42:30] M16HUB 정상(보고 269 미보고 0 JAM 0)
2026-10-07 03:44:41,042 [HID병목]   [03:43:20] M16HUB 정상(보고 269 미보고 0 JAM 0)
2026-10-07 03:45:31,028 [HID병목]   [03:44:10] M16HUB 정상(보고 269 미보고 0 JAM 0)
2026-10-07 03:46:21,439 [HID병목]   [03:45:00] M16HUB 정상(보고 269 미보고 0 JAM 0)
2026-10-07 03:47:11,031 [HID병목]   [03:45:50] M16HUB 정상(보고 269 미보고 0 JAM 0)
2026-10-07 03:48:01,072 [HID병목]   [03:46:40] M16HUB 정상(보고 269 미보고 0 JAM 0)
2026-10-07 03:48:51,047 [HID병목]   [03:47:30] M16HUB 정상(보고 269 미보고 0 JAM 0)
2026-10-07 03:49:41,053 [HID병목]   [03:48:20] M16HUB 정상(보고 269 미보고 0 JAM 0)
2026-10-07 03:50:31,015 [HID병목]   [03:49:10] M16HUB 정상(보고 269 미보고 0 JAM 0)
2026-10-07 03:51:21,300 [HID병목]   [03:50:00] M16HUB 정상(보고 269 미보고 0 JAM 0)
2026-10-07 03:52:11,053 [HID병목]   [03:50:50] M16HUB 정상(보고 269 미보고 0 JAM 0)
2026-10-07 03:53:01,078 [HID병목]   [03:51:40] M16HUB 정상(보고 269 미보고 0 JAM 0)
2026-10-07 03:53:51,044 [HID병목]   [03:52:30] M16HUB 정상(보고 268 미보고 1 JAM 0)
2026-10-07 03:54:41,743 [HID병목]   [03:53:20] M16HUB 정상(보고 268 미보고 1 JAM 0)
2026-10-07 03:55:31,024 [HID병목]   [03:54:10] M16HUB 정상(보고 268 미보고 1 JAM 0)
2026-10-07 03:56:21,161 [HID병목]   [03:55:00] M16HUB 정상(보고 269 미보고 0 JAM 0)
2026-10-07 03:57:11,065 [HID병목]   [03:55:50] M16HUB 정상(보고 269 미보고 0 JAM 0)
2026-10-07 03:58:01,138 [HID병목]   [03:56:40] M16HUB 정상(보고 269 미보고 0 JAM 0)
2026-10-07 03:58:51,017 [HID병목]   [03:57:30] M16HUB 정상(보고 269 미보고 0 JAM 0)
2026-10-07 03:59:41,064 [HID병목]   [03:58:20] M16HUB 정상(보고 269 미보고 0 JAM 0)
2026-10-07 04:00:31,036 [HID병목]   [03:59:10] M16HUB 정상(보고 269 미보고 0 JAM 0)
2026-10-07 04:01:21,814 [HID병목]   [04:00:00] M16HUB 정상(보고 269 미보고 0 JAM 0)
2026-10-07 04:02:11,064 [HID병목]   [04:00:50] M16HUB 정상(보고 269 미보고 0 JAM 0)
2026-10-07 04:03:01,094 [HID병목]   [04:01:40] M16HUB 정상(보고 269 미보고 0 JAM 0)
2026-10-07 04:03:51,027 [HID병목]   [04:02:30] M16HUB 정상(보고 269 미보고 0 JAM 0)
2026-10-07 04:04:41,023 [HID병목]   [04:03:20] M16HUB 정상(보고 269 미보고 0 JAM 0)
2026-10-07 04:05:31,066 [HID병목]   [04:04:10] M16HUB 정상(보고 269 미보고 0 JAM 0)
2026-10-07 04:06:21,068 [HID병목]   [04:05:00] M16HUB 정상(보고 269 미보고 0 JAM 0)
2026-10-07 04:07:11,096 [HID병목]   [04:05:50] M16HUB 정상(보고 269 미보고 0 JAM 0)
2026-10-07 04:08:01,120 [HID병목]   [04:06:40] M16HUB 정상(보고 269 미보고 0 JAM 0)
2026-10-07 04:08:51,053 [HID병목]   [04:07:30] M16HUB 정상(보고 269 미보고 0 JAM 0)
2026-10-07 04:09:41,046 [HID병목]   [04:08:20] M16HUB 정상(보고 269 미보고 0 JAM 0)
2026-10-07 04:10:31,027 [HID병목]   [04:09:10] M16HUB 정상(보고 270 미보고 0 JAM 0)
2026-10-07 04:11:21,622 [HID병목]   [04:10:00] M16HUB 정상(보고 269 미보고 1 JAM 0)
2026-10-07 04:12:11,069 [HID병목]   [04:10:50] M16HUB 정상(보고 269 미보고 1 JAM 0)
2026-10-07 04:13:01,070 [HID병목]   [04:11:40] M16HUB 정상(보고 269 미보고 1 JAM 0)
2026-10-07 04:13:51,019 [HID병목]   [04:12:30] M16HUB 정상(보고 270 미보고 0 JAM 0)
2026-10-07 04:14:41,069 [HID병목]   [04:13:20] M16HUB 정상(보고 270 미보고 0 JAM 0)
2026-10-07 04:15:31,033 [HID병목]   [04:14:10] M16HUB 정상(보고 269 미보고 1 JAM 0)
2026-10-07 04:16:21,554 [HID병목]   [04:15:00] M16HUB 정상(보고 269 미보고 1 JAM 0)
2026-10-07 04:17:11,029 [HID병목]   [04:15:50] M16HUB 정상(보고 269 미보고 1 JAM 0)
2026-10-07 04:18:01,049 [HID병목]   [04:16:40] M16HUB 정상(보고 269 미보고 1 JAM 0)
2026-10-07 04:18:51,063 [HID병목]   [04:17:30] M16HUB 정상(보고 269 미보고 1 JAM 0)
2026-10-07 04:19:41,095 [HID병목]   [04:18:20] M16HUB 정상(보고 269 미보고 1 JAM 0)
2026-10-07 04:20:31,078 [HID병목]   [04:19:10] M16HUB 정상(보고 269 미보고 1 JAM 0)
2026-10-07 04:21:21,067 [HID병목]   [04:20:00] M16HUB 정상(보고 269 미보고 1 JAM 0)
2026-10-07 04:22:11,018 [HID병목]   [04:20:50] M16HUB 정상(보고 269 미보고 1 JAM 0)
2026-10-07 04:23:01,082 [HID병목]   [04:21:40] M16HUB 정상(보고 269 미보고 1 JAM 0)
2026-10-07 04:23:51,027 [HID병목]   [04:22:30] M16HUB 정상(보고 269 미보고 1 JAM 0)
2026-10-07 04:24:41,068 [HID병목]   [04:23:20] M16HUB 정상(보고 269 미보고 1 JAM 0)
2026-10-07 04:25:31,037 [HID병목]   [04:24:10] M16HUB 정상(보고 269 미보고 1 JAM 0)
2026-10-07 04:26:21,059 [HID병목]   [04:25:00] M16HUB 정상(보고 269 미보고 1 JAM 0)
2026-10-07 04:27:11,027 [HID병목]   [04:25:50] M16HUB 정상(보고 269 미보고 1 JAM 0)
2026-10-07 04:28:01,125 [HID병목]   [04:26:40] M16HUB 정상(보고 269 미보고 1 JAM 0)
2026-10-07 04:28:51,077 [HID병목]   [04:27:30] M16HUB 정상(보고 269 미보고 1 JAM 0)
2026-10-07 04:29:42,517 [HID병목]   [04:28:20] M16HUB 정상(보고 269 미보고 1 JAM 0)
2026-10-07 04:30:31,026 [HID병목]   [04:29:10] M16HUB 정상(보고 269 미보고 1 JAM 0)
2026-10-07 04:31:21,056 [HID병목]   [04:30:00] M16HUB 정상(보고 269 미보고 1 JAM 0)
2026-10-07 04:32:11,027 [HID병목]   [04:30:50] M16HUB 정상(보고 269 미보고 1 JAM 0)
2026-10-07 04:33:01,069 [HID병목]   [04:31:40] M16HUB 정상(보고 269 미보고 1 JAM 0)
2026-10-07 04:33:51,052 [HID병목]   [04:32:30] M16HUB 정상(보고 269 미보고 1 JAM 0)
2026-10-07 04:34:44,757 [HID병목]   [04:33:20] M16HUB 정상(보고 269 미보고 1 JAM 0)
2026-10-07 04:35:31,016 [HID병목]   [04:34:10] M16HUB 정상(보고 269 미보고 1 JAM 0)
2026-10-07 04:36:21,066 [HID병목]   [04:35:00] M16HUB 정상(보고 269 미보고 1 JAM 0)
2026-10-07 04:37:11,066 [HID병목]   [04:35:50] M16HUB 정상(보고 269 미보고 1 JAM 0)
2026-10-07 04:38:01,070 [HID병목]   [04:36:40] M16HUB 정상(보고 269 미보고 1 JAM 0)
2026-10-07 04:38:51,045 [HID병목]   [04:37:30] M16HUB 정상(보고 269 미보고 1 JAM 0)
2026-10-07 04:39:41,066 [HID병목]   [04:38:20] M16HUB 정상(보고 269 미보고 1 JAM 0)
2026-10-07 04:40:31,042 [HID병목]   [04:39:10] M16HUB 정상(보고 269 미보고 1 JAM 0)
2026-10-07 04:41:21,067 [HID병목]   [04:40:00] M16HUB 정상(보고 269 미보고 1 JAM 0)
2026-10-07 04:42:11,016 [HID병목]   [04:40:50] M16HUB 정상(보고 269 미보고 1 JAM 0)
2026-10-07 04:43:01,105 [HID병목]   [04:41:40] M16HUB 정상(보고 269 미보고 1 JAM 0)
2026-10-07 04:43:51,065 [HID병목]   [04:42:30] M16HUB 정상(보고 269 미보고 1 JAM 0)
2026-10-07 04:44:41,016 [HID병목]   [04:43:20] M16HUB 정상(보고 269 미보고 1 JAM 0)
2026-10-07 04:45:31,067 [HID병목]   [04:44:10] M16HUB 정상(보고 269 미보고 1 JAM 0)
2026-10-07 04:46:22,436 [HID병목]   [04:45:00] M16HUB 정상(보고 269 미보고 1 JAM 0)
2026-10-07 04:47:11,058 [HID병목]   [04:45:50] M16HUB 정상(보고 269 미보고 1 JAM 0)
2026-10-07 04:48:01,067 [HID병목]   [04:46:40] M16HUB 정상(보고 269 미보고 1 JAM 0)
2026-10-07 04:48:51,030 [HID병목]   [04:47:30] M16HUB 정상(보고 269 미보고 1 JAM 0)
2026-10-07 04:49:41,016 [HID병목]   [04:48:20] M16HUB 정상(보고 269 미보고 1 JAM 0)
2026-10-07 04:50:31,077 [HID병목]   [04:49:10] M16HUB 정상(보고 270 미보고 0 JAM 0)
2026-10-07 04:51:21,068 [HID병목]   [04:50:00] M16HUB 정상(보고 270 미보고 0 JAM 0)
2026-10-07 04:52:11,018 [HID병목]   [04:50:50] M16HUB 정상(보고 269 미보고 1 JAM 0)
2026-10-07 04:53:01,046 [HID병목]   [04:51:40] M16HUB 정상(보고 269 미보고 1 JAM 0)
2026-10-07 04:53:51,049 [HID병목]   [04:52:30] M16HUB 정상(보고 269 미보고 1 JAM 0)
2026-10-07 04:54:41,015 [HID병목]   [04:53:20] M16HUB 정상(보고 269 미보고 1 JAM 0)
2026-10-07 04:55:31,068 [HID병목]   [04:54:10] M16HUB 정상(보고 269 미보고 1 JAM 0)
2026-10-07 04:56:21,067 [HID병목]   [04:55:00] M16HUB 정상(보고 269 미보고 1 JAM 0)
2026-10-07 04:57:11,067 [HID병목]   [04:55:50] M16HUB 정상(보고 269 미보고 1 JAM 0)
2026-10-07 04:58:01,041 [HID병목]   [04:56:40] M16HUB 정상(보고 269 미보고 1 JAM 0)
2026-10-07 04:58:51,029 [HID병목]   [04:57:30] M16HUB 정상(보고 269 미보고 1 JAM 0)
2026-10-07 04:59:41,067 [HID병목]   [04:58:20] M16HUB 정상(보고 270 미보고 0 JAM 0)
2026-10-07 05:00:31,016 [HID병목]   [04:59:10] M16HUB 정상(보고 270 미보고 0 JAM 0)
2026-10-07 05:01:21,585 [HID병목]   [05:00:00] M16HUB 정상(보고 270 미보고 0 JAM 0)
2026-10-07 05:02:11,016 [HID병목]   [05:00:50] M16HUB 정상(보고 270 미보고 0 JAM 1)
2026-10-07 05:03:01,067 [HID병목]   [05:01:40] M16HUB 정상(보고 270 미보고 0 JAM 0)
2026-10-07 05:03:51,035 [HID병목]   [05:02:30] M16HUB 정상(보고 270 미보고 0 JAM 0)
2026-10-07 05:04:41,270 [HID병목]   [05:03:20] M16HUB 정상(보고 270 미보고 0 JAM 0)
2026-10-07 05:05:31,078 [HID병목]   [05:04:10] M16HUB 정상(보고 270 미보고 0 JAM 0)
2026-10-07 05:06:22,573 [HID병목]   [05:05:00] M16HUB 정상(보고 270 미보고 0 JAM 0)
2026-10-07 05:07:11,069 [HID병목]   [05:05:50] M16HUB 정상(보고 270 미보고 0 JAM 0)
2026-10-07 05:08:01,073 [HID병목]   [05:06:40] M16HUB 정상(보고 270 미보고 0 JAM 0)
2026-10-07 05:08:51,024 [HID병목]   [05:07:30] M16HUB 정상(보고 270 미보고 0 JAM 0)
2026-10-07 05:09:41,848 [HID병목]   [05:08:20] M16HUB 정상(보고 270 미보고 0 JAM 0)
2026-10-07 05:10:31,069 [HID병목]   [05:09:10] M16HUB 정상(보고 270 미보고 0 JAM 0)
2026-10-07 05:11:21,026 [HID병목]   [05:10:00] M16HUB 정상(보고 270 미보고 0 JAM 0)
2026-10-07 05:12:11,068 [HID병목]   [05:10:50] M16HUB 정상(보고 270 미보고 0 JAM 0)
2026-10-07 05:13:01,071 [HID병목]   [05:11:40] M16HUB 정상(보고 270 미보고 0 JAM 0)
2026-10-07 05:13:51,049 [HID병목]   [05:12:30] M16HUB 정상(보고 270 미보고 0 JAM 0)
2026-10-07 05:14:41,065 [HID병목]   [05:13:20] M16HUB 정상(보고 270 미보고 0 JAM 0)
2026-10-07 05:15:31,163 [HID병목]   [05:14:10] M16HUB 정상(보고 270 미보고 0 JAM 0)
2026-10-07 05:16:21,066 [HID병목]   [05:15:00] M16HUB 정상(보고 270 미보고 0 JAM 0)
2026-10-07 05:17:11,067 [HID병목]   [05:15:50] M16HUB 정상(보고 270 미보고 0 JAM 0)
2026-10-07 05:18:01,023 [HID병목]   [05:16:40] M16HUB 정상(보고 270 미보고 0 JAM 0)
2026-10-07 05:18:51,019 [HID병목]   [05:17:30] M16HUB 정상(보고 270 미보고 0 JAM 0)
2026-10-07 05:19:41,065 [HID병목]   [05:18:20] M16HUB 정상(보고 270 미보고 0 JAM 0)
2026-10-07 05:20:31,053 [HID병목]   [05:19:10] M16HUB 정상(보고 270 미보고 0 JAM 0)
2026-10-07 05:21:21,913 [HID병목]   [05:20:00] M16HUB 정상(보고 270 미보고 0 JAM 0)
2026-10-07 05:22:11,076 [HID병목]   [05:20:50] M16HUB 정상(보고 270 미보고 0 JAM 0)
2026-10-07 05:23:01,032 [HID병목]   [05:21:40] M16HUB 정상(보고 270 미보고 0 JAM 0)
2026-10-07 05:23:51,066 [HID병목]   [05:22:30] M16HUB 정상(보고 270 미보고 0 JAM 0)
2026-10-07 05:24:41,065 [HID병목]   [05:23:20] M16HUB 정상(보고 270 미보고 0 JAM 0)
2026-10-07 05:25:31,076 [HID병목]   [05:24:10] M16HUB 정상(보고 270 미보고 0 JAM 0)
2026-10-07 05:26:21,020 [HID병목]   [05:25:00] M16HUB 정상(보고 270 미보고 0 JAM 0)
2026-10-07 05:27:11,069 [HID병목]   [05:25:50] M16HUB 정상(보고 270 미보고 0 JAM 0)
2026-10-07 05:28:01,069 [HID병목]   [05:26:40] M16HUB 정상(보고 270 미보고 0 JAM 0)
2026-10-07 05:28:51,065 [HID병목]   [05:27:30] M16HUB 정상(보고 270 미보고 0 JAM 0)
2026-10-07 05:29:45,462 [HID병목]   [05:28:20] M16HUB 정상(보고 270 미보고 0 JAM 0)
2026-10-07 05:30:31,035 [HID병목]   [05:29:10] M16HUB 정상(보고 270 미보고 0 JAM 0)
2026-10-07 05:31:21,024 [HID병목]   [05:30:00] M16HUB 정상(보고 270 미보고 0 JAM 0)
2026-10-07 05:32:11,020 [HID병목]   [05:30:50] M16HUB 정상(보고 270 미보고 0 JAM 0)
2026-10-07 05:33:01,062 [HID병목]   [05:31:40] M16HUB 정상(보고 270 미보고 0 JAM 0)
2026-10-07 05:33:51,059 [HID병목]   [05:32:30] M16HUB 정상(보고 270 미보고 0 JAM 0)
2026-10-07 05:34:41,016 [HID병목]   [05:33:20] M16HUB 정상(보고 270 미보고 0 JAM 0)
2026-10-07 05:35:31,295 [HID병목]   [05:34:10] M16HUB 정상(보고 270 미보고 0 JAM 0)
2026-10-07 05:36:21,064 [HID병목]   [05:35:00] M16HUB 정상(보고 270 미보고 0 JAM 0)
2026-10-07 05:37:11,066 [HID병목]   [05:35:50] M16HUB 정상(보고 270 미보고 0 JAM 0)
2026-10-07 05:38:01,064 [HID병목]   [05:36:40] M16HUB 정상(보고 270 미보고 0 JAM 0)
2026-10-07 05:38:51,077 [HID병목]   [05:37:30] M16HUB 정상(보고 270 미보고 0 JAM 0)
2026-10-07 05:39:41,069 [HID병목]   [05:38:20] M16HUB 정상(보고 270 미보고 0 JAM 0)
2026-10-07 05:40:31,076 [HID병목]   [05:39:10] M16HUB 정상(보고 270 미보고 0 JAM 0)
2026-10-07 05:41:21,081 [HID병목]   [05:40:00] M16HUB 정상(보고 270 미보고 0 JAM 0)
2026-10-07 05:42:11,051 [HID병목]   [05:40:50] M16HUB 정상(보고 270 미보고 0 JAM 0)
2026-10-07 05:43:01,031 [HID병목]   [05:41:40] M16HUB 정상(보고 270 미보고 0 JAM 0)
2026-10-07 05:43:51,026 [HID병목]   [05:42:30] M16HUB 정상(보고 270 미보고 0 JAM 0)
2026-10-07 05:44:41,067 [HID병목]   [05:43:20] M16HUB 정상(보고 270 미보고 0 JAM 0)
2026-10-07 05:45:31,046 [HID병목]   [05:44:10] M16HUB 정상(보고 270 미보고 0 JAM 0)
2026-10-07 05:46:21,043 [HID병목]   [05:45:00] M16HUB 정상(보고 270 미보고 0 JAM 0)
2026-10-07 05:47:11,037 [HID병목]   [05:45:50] M16HUB 정상(보고 270 미보고 0 JAM 0)
2026-10-07 05:48:01,078 [HID병목]   [05:46:40] M16HUB 정상(보고 270 미보고 0 JAM 0)
2026-10-07 05:48:51,018 [HID병목]   [05:47:30] M16HUB 정상(보고 270 미보고 0 JAM 0)
2026-10-07 05:49:42,371 [HID병목]   [05:48:20] M16HUB 정상(보고 270 미보고 0 JAM 0)
2026-10-07 05:50:31,074 [HID병목]   [05:49:10] M16HUB 정상(보고 270 미보고 0 JAM 0)
2026-10-07 05:51:21,062 [HID병목]   [05:50:00] M16HUB 정상(보고 270 미보고 0 JAM 0)
2026-10-07 05:52:11,035 [HID병목]   [05:50:50] M16HUB 정상(보고 270 미보고 0 JAM 0)
2026-10-07 05:53:01,124 [HID병목]   [05:51:40] M16HUB 정상(보고 270 미보고 0 JAM 0)
2026-10-07 05:53:51,080 [HID병목]   [05:52:30] M16HUB 정상(보고 270 미보고 0 JAM 0)
2026-10-07 05:54:41,331 [HID병목]   [05:53:20] M16HUB 정상(보고 270 미보고 0 JAM 0)
2026-10-07 05:55:31,038 [HID병목]   [05:54:10] M16HUB 정상(보고 270 미보고 0 JAM 0)
2026-10-07 05:56:21,044 [HID병목]   [05:55:00] M16HUB 정상(보고 270 미보고 0 JAM 0)
2026-10-07 05:57:11,066 [HID병목]   [05:55:50] M16HUB 정상(보고 270 미보고 0 JAM 0)
2026-10-07 05:58:01,113 [HID병목]   [05:56:40] M16HUB 정상(보고 270 미보고 0 JAM 0)
2026-10-07 05:58:51,065 [HID병목]   [05:57:30] M16HUB 정상(보고 269 미보고 1 JAM 0)
2026-10-07 05:59:41,066 [HID병목]   [05:58:20] M16HUB 정상(보고 270 미보고 0 JAM 0)
2026-10-07 06:00:31,097 [HID병목]   [05:59:10] M16HUB 정상(보고 270 미보고 0 JAM 0)
2026-10-07 06:01:21,317 [HID병목]   [06:00:00] M16HUB 정상(보고 270 미보고 0 JAM 0)
2026-10-07 06:02:11,020 [HID병목]   [06:00:50] M16HUB 정상(보고 270 미보고 0 JAM 0)
2026-10-07 06:03:01,087 [HID병목]   [06:01:40] M16HUB 정상(보고 270 미보고 0 JAM 0)
2026-10-07 06:03:51,037 [HID병목]   [06:02:30] M16HUB 정상(보고 270 미보고 0 JAM 0)
2026-10-07 06:04:41,056 [HID병목]   [06:03:20] M16HUB 정상(보고 270 미보고 0 JAM 0)
2026-10-07 06:05:31,017 [HID병목]   [06:04:10] M16HUB 정상(보고 270 미보고 0 JAM 0)
2026-10-07 06:06:21,064 [HID병목]   [06:05:00] M16HUB 정상(보고 270 미보고 0 JAM 0)
2026-10-07 06:07:11,067 [HID병목]   [06:05:50] M16HUB 정상(보고 270 미보고 0 JAM 0)
2026-10-07 06:08:01,055 [HID병목]   [06:06:40] M16HUB 정상(보고 270 미보고 0 JAM 0)
2026-10-07 06:08:51,053 [HID병목]   [06:07:30] M16HUB 정상(보고 270 미보고 0 JAM 0)
2026-10-07 06:09:41,066 [HID병목]   [06:08:20] M16HUB 정상(보고 270 미보고 0 JAM 0)
2026-10-07 06:10:31,075 [HID병목]   [06:09:10] M16HUB 정상(보고 270 미보고 0 JAM 0)
2026-10-07 06:11:23,363 [HID병목]   [06:10:00] M16HUB 정상(보고 270 미보고 0 JAM 0)
2026-10-07 06:12:11,064 [HID병목]   [06:10:50] M16HUB 정상(보고 270 미보고 0 JAM 0)
2026-10-07 06:13:01,166 [HID병목]   [06:11:40] M16HUB 정상(보고 270 미보고 0 JAM 0)
2026-10-07 06:13:51,065 [HID병목]   [06:12:30] M16HUB 정상(보고 270 미보고 0 JAM 0)
2026-10-07 06:14:41,024 [HID병목]   [06:13:20] M16HUB 정상(보고 270 미보고 0 JAM 0)
2026-10-07 06:15:31,067 [HID병목]   [06:14:10] M16HUB 정상(보고 270 미보고 0 JAM 0)
2026-10-07 06:16:21,036 [HID병목]   [06:15:00] M16HUB 정상(보고 270 미보고 0 JAM 0)
2026-10-07 06:17:11,035 [HID병목]   [06:15:50] M16HUB 정상(보고 270 미보고 0 JAM 0)
2026-10-07 06:18:01,030 [HID병목]   [06:16:40] M16HUB 정상(보고 270 미보고 0 JAM 0)
2026-10-07 06:18:51,053 [HID병목]   [06:17:30] M16HUB 정상(보고 270 미보고 0 JAM 0)
2026-10-07 06:19:41,034 [HID병목]   [06:18:20] M16HUB 정상(보고 270 미보고 0 JAM 0)
2026-10-07 06:20:31,039 [HID병목]   [06:19:10] M16HUB 정상(보고 270 미보고 0 JAM 0)
2026-10-07 06:21:21,465 [HID병목]   [06:20:00] M16HUB 정상(보고 270 미보고 0 JAM 0)
2026-10-07 06:22:11,066 [HID병목]   [06:20:50] M16HUB 정상(보고 270 미보고 0 JAM 0)
2026-10-07 06:23:01,028 [HID병목]   [06:21:40] M16HUB 정상(보고 270 미보고 0 JAM 0)
2026-10-07 06:23:51,072 [HID병목]   [06:22:30] M16HUB 정상(보고 270 미보고 0 JAM 0)
2026-10-07 06:24:41,030 [HID병목]   [06:23:20] M16HUB 정상(보고 270 미보고 0 JAM 0)
2026-10-07 06:25:32,160 [HID병목]   [06:24:10] M16HUB 정상(보고 270 미보고 0 JAM 0)
2026-10-07 06:26:21,193 [HID병목]   [06:25:00] M16HUB 정상(보고 270 미보고 0 JAM 0)
2026-10-07 06:27:11,065 [HID병목]   [06:25:50] M16HUB 정상(보고 270 미보고 0 JAM 0)
2026-10-07 06:28:01,049 [HID병목]   [06:26:40] M16HUB 정상(보고 270 미보고 0 JAM 0)
2026-10-07 06:28:51,064 [HID병목]   [06:27:30] M16HUB 정상(보고 270 미보고 0 JAM 0)
2026-10-07 06:29:41,064 [HID병목]   [06:28:20] M16HUB 정상(보고 270 미보고 0 JAM 0)
2026-10-07 06:30:31,066 [HID병목]   [06:29:10] M16HUB 정상(보고 270 미보고 0 JAM 0)
2026-10-07 06:31:21,060 [HID병목]   [06:30:00] M16HUB 정상(보고 270 미보고 0 JAM 0)
2026-10-07 06:32:11,025 [HID병목]   [06:30:50] M16HUB 정상(보고 270 미보고 0 JAM 0)
2026-10-07 06:33:01,034 [HID병목]   [06:31:40] M16HUB 정상(보고 270 미보고 0 JAM 0)
2026-10-07 06:33:51,067 [HID병목]   [06:32:30] M16HUB 정상(보고 270 미보고 0 JAM 0)
2026-10-07 06:34:41,066 [HID병목]   [06:33:20] M16HUB 정상(보고 270 미보고 0 JAM 0)
2026-10-07 06:35:31,346 [HID병목]   [06:34:10] M16HUB 정상(보고 270 미보고 0 JAM 0)
2026-10-07 06:36:21,097 [HID병목]   [06:35:00] M16HUB 정상(보고 270 미보고 0 JAM 0)
2026-10-07 06:37:11,069 [HID병목]   [06:35:50] M16HUB 정상(보고 270 미보고 0 JAM 0)
2026-10-07 06:38:01,073 [HID병목]   [06:36:40] M16HUB 정상(보고 270 미보고 0 JAM 0)
2026-10-07 06:38:51,023 [HID병목]   [06:37:30] M16HUB 정상(보고 270 미보고 0 JAM 0)
2026-10-07 06:39:41,022 [HID병목]   [06:38:20] M16HUB 정상(보고 270 미보고 0 JAM 0)
2026-10-07 06:40:31,038 [HID병목]   [06:39:10] M16HUB 정상(보고 269 미보고 1 JAM 0)
2026-10-07 06:41:21,067 [HID병목]   [06:40:00] M16HUB 정상(보고 269 미보고 1 JAM 0)
2026-10-07 06:42:11,038 [HID병목]   [06:40:50] M16HUB 정상(보고 269 미보고 1 JAM 0)
2026-10-07 06:43:01,066 [HID병목]   [06:41:40] M16HUB 정상(보고 270 미보고 0 JAM 0)
2026-10-07 06:43:51,049 [HID병목]   [06:42:30] M16HUB 정상(보고 270 미보고 0 JAM 0)
2026-10-07 06:44:41,032 [HID병목]   [06:43:20] M16HUB 정상(보고 270 미보고 0 JAM 0)
2026-10-07 06:45:31,077 [HID병목]   [06:44:10] M16HUB 정상(보고 270 미보고 0 JAM 0)
2026-10-07 06:46:21,063 [HID병목]   [06:45:00] M16HUB 정상(보고 270 미보고 0 JAM 0)
2026-10-07 06:47:11,028 [HID병목]   [06:45:50] M16HUB 정상(보고 270 미보고 0 JAM 0)
2026-10-07 06:48:01,053 [HID병목]   [06:46:40] M16HUB 정상(보고 270 미보고 0 JAM 0)
2026-10-07 06:48:51,053 [HID병목]   [06:47:30] M16HUB 정상(보고 270 미보고 0 JAM 0)
2026-10-07 06:49:41,076 [HID병목]   [06:48:20] M16HUB 정상(보고 269 미보고 1 JAM 0)
2026-10-07 06:50:31,015 [HID병목]   [06:49:10] M16HUB 정상(보고 269 미보고 1 JAM 0)
2026-10-07 06:51:21,032 [HID병목]   [06:50:00] M16HUB 정상(보고 269 미보고 1 JAM 0)
2026-10-07 06:52:11,026 [HID병목]   [06:50:50] M16HUB 정상(보고 270 미보고 0 JAM 0)
2026-10-07 06:53:01,080 [HID병목]   [06:51:40] M16HUB 정상(보고 270 미보고 0 JAM 0)
2026-10-07 06:53:51,060 [HID병목]   [06:52:30] M16HUB 정상(보고 270 미보고 0 JAM 0)
2026-10-07 06:54:41,029 [HID병목]   [06:53:20] M16HUB 정상(보고 270 미보고 0 JAM 0)
2026-10-07 06:55:31,075 [HID병목]   [06:54:10] M16HUB 정상(보고 270 미보고 0 JAM 0)
2026-10-07 06:56:21,068 [HID병목]   [06:55:00] M16HUB 정상(보고 270 미보고 0 JAM 0)
2026-10-07 06:57:11,059 [HID병목]   [06:55:50] M16HUB 정상(보고 270 미보고 0 JAM 0)
2026-10-07 06:58:01,082 [HID병목]   [06:56:40] M16HUB 정상(보고 270 미보고 0 JAM 0)
2026-10-07 06:58:51,029 [HID병목]   [06:57:30] M16HUB 정상(보고 269 미보고 1 JAM 0)
2026-10-07 06:59:41,064 [HID병목]   [06:58:20] M16HUB 정상(보고 269 미보고 1 JAM 0)
2026-10-07 07:00:31,078 [HID병목]   [06:59:10] M16HUB 정상(보고 269 미보고 1 JAM 0)
2026-10-07 07:01:21,067 [HID병목]   [07:00:00] M16HUB 정상(보고 270 미보고 0 JAM 0)
2026-10-07 07:02:11,068 [HID병목]   [07:00:50] M16HUB 정상(보고 270 미보고 0 JAM 0)
2026-10-07 07:03:01,030 [HID병목]   [07:01:40] M16HUB 정상(보고 270 미보고 0 JAM 0)
2026-10-07 07:03:51,033 [HID병목]   [07:02:30] M16HUB 정상(보고 270 미보고 0 JAM 0)
2026-10-07 07:04:41,064 [HID병목]   [07:03:20] M16HUB 정상(보고 270 미보고 0 JAM 0)
2026-10-07 07:05:31,052 [HID병목]   [07:04:10] M16HUB 정상(보고 270 미보고 0 JAM 0)
2026-10-07 07:06:23,293 [HID병목]   [07:05:00] M16HUB 정상(보고 270 미보고 0 JAM 0)
2026-10-07 07:07:11,117 [HID병목]   [07:05:50] M16HUB 정상(보고 270 미보고 0 JAM 0)
2026-10-07 07:08:01,054 [HID병목]   [07:06:40] M16HUB 정상(보고 270 미보고 0 JAM 0)
2026-10-07 07:08:51,065 [HID병목]   [07:07:30] M16HUB 정상(보고 270 미보고 0 JAM 0)
2026-10-07 07:09:41,065 [HID병목]   [07:08:20] M16HUB 정상(보고 270 미보고 0 JAM 0)
2026-10-07 07:10:31,034 [HID병목]   [07:09:10] M16HUB 정상(보고 270 미보고 0 JAM 0)
2026-10-07 07:11:21,078 [HID병목]   [07:10:00] M16HUB 정상(보고 270 미보고 0 JAM 0)
2026-10-07 07:12:11,034 [HID병목]   [07:10:50] M16HUB 정상(보고 270 미보고 0 JAM 0)
2026-10-07 07:13:01,082 [HID병목]   [07:11:40] M16HUB 정상(보고 269 미보고 1 JAM 0)
2026-10-07 07:13:51,065 [HID병목]   [07:12:30] M16HUB 정상(보고 269 미보고 1 JAM 0)
2026-10-07 07:14:41,065 [HID병목]   [07:13:20] M16HUB 정상(보고 269 미보고 1 JAM 0)
2026-10-07 07:15:31,049 [HID병목]   [07:14:10] M16HUB 정상(보고 270 미보고 0 JAM 0)
2026-10-07 07:16:21,058 [HID병목]   [07:15:00] M16HUB 정상(보고 270 미보고 0 JAM 0)
2026-10-07 07:17:11,015 [HID병목]   [07:15:50] M16HUB 정상(보고 270 미보고 0 JAM 0)
2026-10-07 07:18:01,040 [HID병목]   [07:16:40] M16HUB 정상(보고 270 미보고 0 JAM 0)
2026-10-07 07:18:51,077 [HID병목]   [07:17:30] M16HUB 정상(보고 270 미보고 0 JAM 0)
2026-10-07 07:19:41,024 [HID병목]   [07:18:20] M16HUB 정상(보고 270 미보고 0 JAM 0)
2026-10-07 07:20:32,157 [HID병목]   [07:19:10] M16HUB 정상(보고 270 미보고 0 JAM 0)
2026-10-07 07:21:21,066 [HID병목]   [07:20:00] M16HUB 정상(보고 270 미보고 0 JAM 0)
2026-10-07 07:22:11,069 [HID병목]   [07:20:50] M16HUB 정상(보고 270 미보고 0 JAM 0)
2026-10-07 07:23:01,063 [HID병목]   [07:21:40] M16HUB 정상(보고 270 미보고 0 JAM 0)
2026-10-07 07:23:51,057 [HID병목]   [07:22:30] M16HUB 정상(보고 270 미보고 0 JAM 0)
2026-10-07 07:24:41,019 [HID병목]   [07:23:20] M16HUB 정상(보고 270 미보고 0 JAM 0)
2026-10-07 07:25:31,095 [HID병목]   [07:24:10] M16HUB 정상(보고 270 미보고 0 JAM 0)
2026-10-07 07:26:21,036 [HID병목]   [07:25:00] M16HUB 정상(보고 270 미보고 0 JAM 0)
2026-10-07 07:27:11,067 [HID병목]   [07:25:50] M16HUB 정상(보고 270 미보고 0 JAM 0)
2026-10-07 07:28:01,070 [HID병목]   [07:26:40] M16HUB 정상(보고 270 미보고 0 JAM 0)
2026-10-07 07:28:51,067 [HID병목]   [07:27:30] M16HUB 정상(보고 270 미보고 0 JAM 0)
2026-10-07 07:29:41,020 [HID병목]   [07:28:20] M16HUB 정상(보고 270 미보고 0 JAM 0)
2026-10-07 07:30:31,764 [HID병목]   [07:29:10] M16HUB 정상(보고 270 미보고 0 JAM 0)
2026-10-07 07:31:21,065 [HID병목]   [07:30:00] M16HUB 정상(보고 270 미보고 0 JAM 0)
2026-10-07 07:32:11,028 [HID병목]   [07:30:50] M16HUB 정상(보고 270 미보고 0 JAM 0)
2026-10-07 07:33:01,034 [HID병목]   [07:31:40] M16HUB 정상(보고 270 미보고 0 JAM 0)
2026-10-07 07:33:51,030 [HID병목]   [07:32:30] M16HUB 정상(보고 270 미보고 0 JAM 0)
2026-10-07 07:34:41,065 [HID병목]   [07:33:20] M16HUB 정상(보고 270 미보고 0 JAM 0)
2026-10-07 07:35:31,067 [HID병목]   [07:34:10] M16HUB 정상(보고 270 미보고 0 JAM 0)
2026-10-07 07:36:21,077 [HID병목]   [07:35:00] M16HUB 정상(보고 270 미보고 0 JAM 0)
