;;;;;;;;;;;;;;;;;;;;;;;;;;;;;;;;;;;;;;;;;;;;;;;;;;;;;;;;;;;;;;;;;;;;;;;;;;;;;;;;
;;;;;
;;;;; mcp75.cfg
;;;;;    PROJECT(item) = HYNIX_M16_3F
;;;;;    MCP(line)     = OHT_3F
;;;;;    PLATFORM(os)  = linux
;;;;;    VERSION(cfg)  = 01.031.0001.0
;;;;;    BUILD DATE    = 2024/05/28-09:28
;;;;;    BANCHI_MOT    = 0.0109
;;;;;
;;;;;;;;;;;;;;;;;;;;;;;;;;;;;;;;;;;;;;;;;;;;;;;;;;;;;;;;;;;;;;;;;;;;;;;;;;;;;;;;
[MCP75_STATION]
	<STATION>
		STATION =      1,"MAINTENANCE",  1,"ST-000001",  0x00000000,  1,     1,  0,  0,  0,  0,  0,"MANUAL_ONLY", 0,  0,  0,     0,     0,   0,     0,     0,     0
		STATION =    100,"MAINTENANCE",  0,"ST-000100",  0x00000000,  1,   100,  0,  0,  0,  0,  0,"MTL_SWITCHBACK", 0,  0,  0,   250,     0,   0,     0,     0,     0
		STATION =    101,"MAINTENANCE",  1,"ST-000101",  0x00000000,  1,   101,  0,  0,  0,  0,  0,"MANUAL_ONLY", 0,  0,  0,     0,     0,   0,     0,     0,     0
		STATION =    103,"MAINTENANCE",  0,"ST-000103",  0x00000000,  1,   103,  0,  0,  0,  0,  0,"MTL_ELEVATOR", 0,  0,  0,     0,     0,   0,     0,     0,     0
		STATION =    111,"MAINTENANCE",  1,"ST-000111",  0x00000000,  1,   101,  0,  0,  0,  0,  0,"MANUAL_ONLY", 0,  0,  0,     0,     0,   0,     0,     0,     0
		STATION =    112,"MAINTENANCE",  1,"ST-000112",  0x00000000,  1,   101,  0,  0,  0,  0,  0,"MANUAL_ONLY", 0,  0,  0,     0,     0,   0,     0,     0,     0
		STATION =    113,"MAINTENANCE",  1,"ST-000113",  0x00000000,  1,   101,  0,  0,  0,  0,  0,"MANUAL_ONLY", 0,  0,  0,     0,     0,   0,     0,     0,     0
		STATION =    900,"MAINTENANCE",  0,"ST-000900",  0x00000000,  1,   900,  0,  0,  0,  0,  0,"CLEANING", 0,  0,  0,   281,     0,   0,     0,     0,     0
		STATION =    901,"MAINTENANCE",  0,"ST-000901",  0x00000000,  1,   901,  0,  0,  0,  0,  0,"CLEANING", 0,  0,  0,   256,     0,   0,     0,     0,     0
		STATION =    903,"MAINTENANCE",  0,"ST-000903",  0x00000000,  1,   903,  0,  0,  0,  0,  0,"CLEANING", 0,  0,  0,     0,     0,   0,     0,     0,     0
		STATION =   1001,"DUAL_ACCESS",  1,"6ABL0111_AI313",  0x00000005,  1,  2357,  0,  0,  0,  0,  0,"UNIVERSAL", 0,  0,  0,   378,     0,   0,     0,     0,     0
		STATION =   1002,"DUAL_ACCESS",  1,"6ABL0112_AI313",  0x00000005,  1,  2358,  0,  0,  0,  0,  0,"UNIVERSAL", 0,  0,  0,  1420,     0,   0,     0,     0,     0
		STATION =   1003,"DUAL_ACCESS",  1,"6ABL0121_AI313",  0x00000005,  1,  2834,  0,  0,  0,  0,  0,"UNIVERSAL", 0,  0,  0,   464,     0,   0,     0,     0,     0
		STATION =   1004,"DUAL_ACCESS",  1,"6ABL0122_AI313",  0x00000005,  1,  2835,  0,  0,  0,  0,  0,"UNIVERSAL", 0,  0,  0,  1171,     0,   0,     0,     0,     0
		STATION =   1005,"DUAL_ACCESS",  1,"6ABL0111_AI323",  0x00000005,  1,  1323,  0,  0,  0,  0,  0,"UNIVERSAL", 0,  0,  0,  1466,     0,   0,     0,     0,     0
		STATION =   1006,"DUAL_ACCESS",  1,"6ABL0112_AI323",  0x00000005,  1,  1324,  0,  0,  0,  0,  0,"UNIVERSAL", 0,  0,  0,  1873,     0,   0,     0,     0,     0
		STATION =   1007,"DUAL_ACCESS",  1,"6ABL0121_AI323",  0x00000005,  1,  2926,  0,  0,  0,  0,  0,"UNIVERSAL", 0,  0,  0,   464,     0,   0,     0,     0,     0
		STATION =   1008,"DUAL_ACCESS",  1,"6ABL0122_AI323",  0x00000005,  1,  2927,  0,  0,  0,  0,  0,"UNIVERSAL", 0,  0,  0,  1162,     0,   0,     0,     0,     0
		STATION =   1009,"DUAL_ACCESS",  1,"6ABL0122_AO312",  0x00000005,  1,  2371,  0,  0,  0,  0,  0,"UNIVERSAL", 0,  0,  0,  1090,     0,   0,     0,     0,     0
		STATION =   1010,"DUAL_ACCESS",  1,"6ABL0122_AO311",  0x00000005,  1,  2371,  0,  0,  0,  0,  0,"UNIVERSAL", 0,  0,  0,  1637,     0,   0,     0,     0,     0
		STATION =   1011,"DUAL_ACCESS",  1,"6ABL0121_AO311",  0x00000005,  1,  2372,  0,  0,  0,  0,  0,"UNIVERSAL", 0,  0,  0,   427,     0,   0,     0,     0,     0
		STATION =   1012,"DUAL_ACCESS",  1,"6ABL0121_AO312",  0x00000005,  1,  2372,  0,  0,  0,  0,  0,"UNIVERSAL", 0,  0,  0,   975,     0,   0,     0,     0,     0
		STATION =   1013,"DUAL_ACCESS",  1,"6ABL0112_AO312",  0x00000005,  1,  2373,  0,  0,  0,  0,  0,"UNIVERSAL", 0,  0,  0,  1826,     0,   0,     0,     0,     0
		STATION =   1014,"DUAL_ACCESS",  1,"6ABL0112_AO311",  0x00000005,  1,  2374,  0,  0,  0,  0,  0,"UNIVERSAL", 0,  0,  0,   357,     0,   0,     0,     0,     0
		STATION =   1015,"DUAL_ACCESS",  1,"6ABL0111_AO311",  0x00000005,  1,  2374,  0,  0,  0,  0,  0,"UNIVERSAL", 0,  0,  0,  1158,     0,   0,     0,     0,     0
		STATION =   1016,"DUAL_ACCESS",  1,"6ABL0111_AO312",  0x00000005,  1,  2374,  0,  0,  0,  0,  0,"UNIVERSAL", 0,  0,  0,  1706,     0,   0,     0,     0,     0
		STATION =   1017,"DUAL_ACCESS",  1,"6ABL0122_AO322",  0x00000005,  1,  2846,  0,  0,  0,  0,  0,"UNIVERSAL", 0,  0,  0,   924,     0,   0,     0,     0,     0
		STATION =   1018,"DUAL_ACCESS",  1,"6ABL0122_AI321",  0x00000005,  1,  2846,  0,  0,  0,  0,  0,"UNIVERSAL", 0,  0,  0,  1475,     0,   0,     0,     0,     0
		STATION =   1019,"DUAL_ACCESS",  1,"6ABL0121_AI321",  0x00000005,  1,  2847,  0,  0,  0,  0,  0,"UNIVERSAL", 0,  0,  0,   252,     0,   0,     0,     0,     0
		STATION =   1020,"DUAL_ACCESS",  1,"6ABL0121_AO322",  0x00000005,  1,  2847,  0,  0,  0,  0,  0,"UNIVERSAL", 0,  0,  0,   800,     0,   0,     0,     0,     0
		STATION =   1021,"DUAL_ACCESS",  1,"6ABL0112_AO322",  0x00000005,  1,  1343,  0,  0,  0,  0,  0,"UNIVERSAL", 0,  0,  0,  1332,     0,   0,     0,     0,     0
		STATION =   1022,"DUAL_ACCESS",  1,"6ABL0112_AI321",  0x00000005,  1,  1343,  0,  0,  0,  0,  0,"UNIVERSAL", 0,  0,  0,  1880,     0,   0,     0,     0,     0
		STATION =   1023,"DUAL_ACCESS",  1,"6ABL0111_AI321",  0x00000005,  1,  1344,  0,  0,  0,  0,  0,"UNIVERSAL", 0,  0,  0,   866,     0,   0,     0,     0,     0
		STATION =   1024,"DUAL_ACCESS",  1,"6ABL0111_AO322",  0x00000005,  1,  1344,  0,  0,  0,  0,  0,"UNIVERSAL", 0,  0,  0,  1414,     0,   0,     0,     0,     0
		STATION =   1025,"DUAL_ACCESS",  1,"6ABL6032_AI312",  0x00000005,  1,  2311,  0,  0,  0,  0,  0,"UNIVERSAL", 0,  0,  0,  1061,     0,   0,     0,     0,     0
		STATION =   1026,"DUAL_ACCESS",  1,"6ABL6032_AI311",  0x00000005,  1,  2312,  0,  0,  0,  0,  0,"UNIVERSAL", 0,  0,  0,   527,     0,   0,     0,     0,     0
		STATION =   1027,"DUAL_ACCESS",  1,"6ABL6031_AI311",  0x00000005,  1,  2312,  0,  0,  0,  0,  0,"UNIVERSAL", 0,  0,  0,  1332,     0,   0,     0,     0,     0
		STATION =   1028,"DUAL_ACCESS",  1,"6ABL6031_AI312",  0x00000005,  1,  2312,  0,  0,  0,  0,  0,"UNIVERSAL", 0,  0,  0,  1877,     0,   0,     0,     0,     0
		STATION =   1029,"DUAL_ACCESS",  1,"6ABL6022_AI312",  0x00000005,  1,  2314,  0,  0,  0,  0,  0,"UNIVERSAL", 0,  0,  0,  1497,     0,   0,     0,     0,     0
		STATION =   1030,"DUAL_ACCESS",  1,"6ABL6022_AI311",  0x00000005,  1,  2315,  0,  0,  0,  0,  0,"UNIVERSAL", 0,  0,  0,   633,     0,   0,     0,     0,     0
		STATION =   1031,"DUAL_ACCESS",  1,"6ABL6021_AI311",  0x00000005,  1,  2315,  0,  0,  0,  0,  0,"UNIVERSAL", 0,  0,  0,  1433,     0,   0,     0,     0,     0
		STATION =   1032,"DUAL_ACCESS",  1,"6ABL6021_AI312",  0x00000005,  1,  2316,  0,  0,  0,  0,  0,"UNIVERSAL", 0,  0,  0,   267,     0,   0,     0,     0,     0
		STATION =   1033,"DUAL_ACCESS",  1,"6ABL6012_AI312",  0x00000005,  1,  2792,  0,  0,  0,  0,  0,"UNIVERSAL", 0,  0,  0,  1026,     0,   0,     0,     0,     0
		STATION =   1034,"DUAL_ACCESS",  1,"6ABL6012_AI311",  0x00000005,  1,  2793,  0,  0,  0,  0,  0,"UNIVERSAL", 0,  0,  0,   204,     0,   0,     0,     0,     0
		STATION =   1035,"DUAL_ACCESS",  1,"6ABL6011_AI311",  0x00000005,  1,  2793,  0,  0,  0,  0,  0,"UNIVERSAL", 0,  0,  0,  1006,     0,   0,     0,     0,     0
		STATION =   1036,"DUAL_ACCESS",  1,"6ABL6011_AI312",  0x00000005,  1,  2794,  0,  0,  0,  0,  0,"UNIVERSAL", 0,  0,  0,   344,     0,   0,     0,     0,     0
		STATION =   1037,"DUAL_ACCESS",  1,"6ABL6032_AI322",  0x00000005,  1,  1271,  0,  0,  0,  0,  0,"UNIVERSAL", 0,  0,  0,  1124,     0,   0,     0,     0,     0
		STATION =   1038,"DUAL_ACCESS",  1,"6ABL6032_AO321",  0x00000005,  1,  1271,  0,  0,  0,  0,  0,"UNIVERSAL", 0,  0,  0,  1694,     0,   0,     0,     0,     0
		STATION =   1039,"DUAL_ACCESS",  1,"6ABL6031_AO321",  0x00000005,  1,  1272,  0,  0,  0,  0,  0,"UNIVERSAL", 0,  0,  0,   774,     0,   0,     0,     0,     0
		STATION =   1040,"DUAL_ACCESS",  1,"6ABL6031_AI322",  0x00000005,  1,  1272,  0,  0,  0,  0,  0,"UNIVERSAL", 0,  0,  0,  1321,     0,   0,     0,     0,     0
		STATION =   1041,"DUAL_ACCESS",  1,"6ABL6022_AI322",  0x00000005,  1,  2872,  0,  0,  0,  0,  0,"UNIVERSAL", 0,  0,  0,   979,     0,   0,     0,     0,     0
		STATION =   1042,"DUAL_ACCESS",  1,"6ABL6022_AO321",  0x00000005,  1,  2873,  0,  0,  0,  0,  0,"UNIVERSAL", 0,  0,  0,   444,     0,   0,     0,     0,     0
		STATION =   1043,"DUAL_ACCESS",  1,"6ABL6021_AO321",  0x00000005,  1,  2874,  0,  0,  0,  0,  0,"UNIVERSAL", 0,  0,  0,   177,     0,   0,     0,     0,     0
		STATION =   1044,"DUAL_ACCESS",  1,"6ABL6021_AI322",  0x00000005,  1,  2874,  0,  0,  0,  0,  0,"UNIVERSAL", 0,  0,  0,   726,     0,   0,     0,     0,     0
		STATION =   1045,"DUAL_ACCESS",  1,"6ABL6012_AI322",  0x00000005,  1,  1793,  0,  0,  0,  0,  0,"UNIVERSAL", 0,  0,  0,   719,     0,   0,     0,     0,     0
		STATION =   1046,"DUAL_ACCESS",  1,"6ABL6012_AO321",  0x00000005,  1,  1793,  0,  0,  0,  0,  0,"UNIVERSAL", 0,  0,  0,  1289,     0,   0,     0,     0,     0
		STATION =   1047,"DUAL_ACCESS",  1,"6ABL6011_AO321",  0x00000005,  1,  1794,  0,  0,  0,  0,  0,"UNIVERSAL", 0,  0,  0,   677,     0,   0,     0,     0,     0
		STATION =   1048,"DUAL_ACCESS",  1,"6ABL6011_AI322",  0x00000005,  1,  1794,  0,  0,  0,  0,  0,"UNIVERSAL", 0,  0,  0,  1224,     0,   0,     0,     0,     0
		STATION =   1049,"DUAL_ACCESS",  1,"6ABL6011_AO313",  0x00000005,  1,  2799,  0,  0,  0,  0,  0,"UNIVERSAL", 0,  0,  0,   811,     0,   0,     0,     0,     0
		STATION =   1050,"DUAL_ACCESS",  1,"6ABL6012_AO313",  0x00000005,  1,  2800,  0,  0,  0,  0,  0,"UNIVERSAL", 0,  0,  0,  1516,     0,   0,     0,     0,     0
		STATION =   1051,"DUAL_ACCESS",  1,"6ABL6021_AO313",  0x00000005,  1,  2325,  0,  0,  0,  0,  0,"UNIVERSAL", 0,  0,  0,   350,     0,   0,     0,     0,     0
		STATION =   1052,"DUAL_ACCESS",  1,"6ABL6022_AO313",  0x00000005,  1,  2326,  0,  0,  0,  0,  0,"UNIVERSAL", 0,  0,  0,   457,     0,   0,     0,     0,     0
		STATION =   1053,"DUAL_ACCESS",  1,"6ABL6031_AO313",  0x00000005,  1,  2327,  0,  0,  0,  0,  0,"UNIVERSAL", 0,  0,  0,  1331,     0,   0,     0,     0,     0
		STATION =   1054,"DUAL_ACCESS",  1,"6ABL6032_AO313",  0x00000005,  1,  2328,  0,  0,  0,  0,  0,"UNIVERSAL", 0,  0,  0,  1438,     0,   0,     0,     0,     0
		STATION =   1055,"DUAL_ACCESS",  1,"6ABL6011_AO323",  0x00000005,  1,  1804,  0,  0,  0,  0,  0,"UNIVERSAL", 0,  0,  0,   436,     0,   0,     0,     0,     0
		STATION =   1056,"DUAL_ACCESS",  1,"6ABL6021_AO323",  0x00000005,  1,  2890,  0,  0,  0,  0,  1,"UNIVERSAL", 0,  0,  0,   249,     0,   0,     0,     0,     0
		STATION =   1057,"DUAL_ACCESS",  1,"6ABL6022_AO323",  0x00000005,  1,  2892,  0,  0,  0,  0,  0,"UNIVERSAL", 0,  0,  0,   718,     0,   0,     0,     0,     0
		STATION =   1058,"DUAL_ACCESS",  1,"6ABL6031_AO323",  0x00000005,  1,  1293,  0,  0,  0,  0,  0,"UNIVERSAL", 0,  0,  0,  1864,     0,   0,     0,     0,     0
		STATION =   1059,"DUAL_ACCESS",  1,"6ABL6032_AO323",  0x00000005,  1,  1295,  0,  0,  0,  0,  0,"UNIVERSAL", 0,  0,  0,   966,     0,   0,     0,     0,     0
		STATION =   1060,"DUAL_ACCESS",  1,"ST-001060",  0x00000005,  0,  2538,  0,  0,  0,  0,  0,"UNIVERSAL", 0,  0,  0,   878,     0,   0,     0,     0,     0
		STATION =   1061,"DUAL_ACCESS",  1,"ST-001061",  0x00000005,  1,  2539,  0,  0,  0,  0,  0,"UNIVERSAL", 0,  0,  0,   872,     0,   0,     0,     0,     0
		STATION =   1062,"DUAL_ACCESS",  1,"ST-001062",  0x00000005,  1,  2540,  0,  0,  0,  0,  0,"UNIVERSAL", 0,  0,  0,   760,     0,   0,     0,     0,     0
		STATION =   1063,"DUAL_ACCESS",  1,"ST-001063",  0x00000005,  1,  2541,  0,  0,  0,  0,  0,"UNIVERSAL", 0,  0,  0,   575,     0,   0,     0,     0,     0
		STATION =   1064,"DUAL_ACCESS",  0,"ST-001064",  0x00000005,  0,  2542,  0,  0,  0,  0,  0,"UNIVERSAL", 0,  0,  0,   314,     0,   0,     0,     0,     0
		STATION =   1065,"DUAL_ACCESS",  1,"ST-001065",  0x00000005,  1,  2542,  0,  0,  0,  0,  0,"UNIVERSAL", 0,  0,  0,  2087,     0,   0,     0,     0,     0
		STATION =   1066,"DUAL_ACCESS",  1,"ST-001066",  0x00000005,  1,  2543,  0,  0,  0,  0,  0,"UNIVERSAL", 0,  0,  0,  1681,     0,   0,     0,     0,     0
		STATION =   1067,"DUAL_ACCESS",  0,"ST-001067",  0x00000005,  0,  2544,  0,  0,  0,  0,  0,"UNIVERSAL", 0,  0,  0,  1601,     0,   0,     0,     0,     0
		STATION =   1068,"DUAL_ACCESS",  1,"ST-001068",  0x00000005,  1,  2545,  0,  0,  0,  0,  0,"UNIVERSAL", 0,  0,  0,  1425,     0,   0,     0,     0,     0
		STATION =   1069,"DUAL_ACCESS",  1,"ST-001069",  0x00000005,  1,  2546,  0,  0,  0,  0,  0,"UNIVERSAL", 0,  0,  0,   987,     0,   0,     0,     0,     0
		STATION =   1070,"DUAL_ACCESS",  0,"ST-001070",  0x00000005,  0,  2547,  0,  0,  0,  0,  0,"UNIVERSAL", 0,  0,  0,   826,     0,   0,     0,     0,     0
		STATION =   1071,"DUAL_ACCESS",  1,"ST-001071",  0x00000005,  1,  2548,  0,  0,  0,  0,  0,"UNIVERSAL", 0,  0,  0,   555,     0,   0,     0,     0,     0
		STATION =   1072,"DUAL_ACCESS",  1,"ST-001072",  0x00000005,  1,  2549,  0,  0,  0,  0,  0,"UNIVERSAL", 0,  0,  0,   351,     0,   0,     0,     0,     0
		STATION =   1073,"DUAL_ACCESS",  0,"ST-001073",  0x00000005,  0,  2550,  0,  0,  0,  0,  0,"UNIVERSAL", 0,  0,  0,   363,     0,   0,     0,     0,     0
		STATION =   1074,"DUAL_ACCESS",  1,"ST-001074",  0x00000005,  1,  2551,  0,  0,  0,  0,  0,"UNIVERSAL", 0,  0,  0,   232,     0,   0,     0,     0,     0
		STATION =   1075,"DUAL_ACCESS",  1,"ST-001075",  0x00000005,  1,  2551,  0,  0,  0,  0,  0,"UNIVERSAL", 0,  0,  0,  1960,     0,   0,     0,     0,     0
		STATION =   1076,"DUAL_ACCESS",  0,"ST-001076",  0x00000005,  0,  2552,  0,  0,  0,  0,  0,"UNIVERSAL", 0,  0,  0,  1661,     0,   0,     0,     0,     0
		STATION =   1077,"DUAL_ACCESS",  1,"ST-001077",  0x00000005,  1,  1505,  0,  0,  0,  0,  0,"UNIVERSAL", 0,  0,  0,   591,     0,   0,     0,     0,     0
		STATION =   1078,"DUAL_ACCESS",  1,"ST-001078",  0x00000005,  1,  1506,  0,  0,  0,  0,  0,"UNIVERSAL", 0,  0,  0,   675,     0,   0,     0,     0,     0
		STATION =   1079,"DUAL_ACCESS",  1,"ST-001079",  0x00000005,  1,  1507,  0,  0,  0,  0,  0,"UNIVERSAL", 0,  0,  0,   362,     0,   0,     0,     0,     0
		STATION =   1080,"DUAL_ACCESS",  1,"ST-001080",  0x00000005,  1,  1507,  0,  0,  0,  0,  0,"UNIVERSAL", 0,  0,  0,  2104,     0,   0,     0,     0,     0
		STATION =   1081,"DUAL_ACCESS",  1,"ST-001081",  0x00000005,  1,  1508,  0,  0,  0,  0,  0,"UNIVERSAL", 0,  0,  0,  1814,     0,   0,     0,     0,     0
		STATION =   1082,"DUAL_ACCESS",  1,"ST-001082",  0x00000005,  1,  1509,  0,  0,  0,  0,  0,"UNIVERSAL", 0,  0,  0,  1748,     0,   0,     0,     0,     0
		STATION =   1083,"DUAL_ACCESS",  1,"ST-001083",  0x00000005,  1,  1510,  0,  0,  0,  0,  0,"UNIVERSAL", 0,  0,  0,  1591,     0,   0,     0,     0,     0
		STATION =   1084,"DUAL_ACCESS",  1,"ST-001084",  0x00000005,  1,  1511,  0,  0,  0,  0,  0,"UNIVERSAL", 0,  0,  0,  1362,     0,   0,     0,     0,     0
		STATION =   1085,"DUAL_ACCESS",  1,"ST-001085",  0x00000005,  1,  1512,  0,  0,  0,  0,  0,"UNIVERSAL", 0,  0,  0,  1257,     0,   0,     0,     0,     0
		STATION =   1086,"DUAL_ACCESS",  0,"ST-001086",  0x00000005,  0,  1070,  0,  0,  0,  0,  0,"UNIVERSAL", 0,  0,  0,  1241,     0,   0,     0,     0,     0
		STATION =   1087,"DUAL_ACCESS",  1,"ST-001087",  0x00000005,  1,  1072,  0,  0,  0,  0,  0,"UNIVERSAL", 0,  0,  0,   353,     0,   0,     0,     0,     0
		STATION =   1088,"DUAL_ACCESS",  1,"ST-001088",  0x00000005,  1,  1073,  0,  0,  0,  0,  0,"UNIVERSAL", 0,  0,  0,   729,     0,   0,     0,     0,     0
		STATION =   1089,"DUAL_ACCESS",  0,"ST-001089",  0x00000005,  0,  1074,  0,  0,  0,  0,  0,"UNIVERSAL", 0,  0,  0,   615,     0,   0,     0,     0,     0
		STATION =   1090,"DUAL_ACCESS",  1,"ST-001090",  0x00000005,  1,  1075,  0,  0,  0,  0,  0,"UNIVERSAL", 0,  0,  0,   376,     0,   0,     0,     0,     0
		STATION =   2001,"DUAL_ACCESS",  1,"4AFC3301A_IN80",  0x00000005,  1,  2626,  0,  0,  0,  0,  0,"UNIVERSAL", 0,  0,  0,   619,     0,   0,     0,     0,     0
		STATION =   2002,"DUAL_ACCESS",  1,"4AFC3301A_IN81",  0x00000005,  0,  2627,  0,  0,  0,  0,  0,"UNIVERSAL", 0,  0,  0,   560,     0,   0,     0,     0,     0
		STATION =   2003,"DUAL_ACCESS",  1,"4AFC3301A_IN82",  0x00000005,  1,  2628,  0,  0,  0,  0,  0,"UNIVERSAL", 0,  0,  0,   252,     0,   0,     0,     0,     0
		STATION =   2004,"DUAL_ACCESS",  1,"4AFC3301A_IN83",  0x00000005,  1,  2628,  0,  0,  0,  0,  0,"UNIVERSAL", 0,  0,  0,  1263,     0,   0,     0,     0,     0
		STATION =   2005,"DUAL_ACCESS",  1,"4AFC3301A_IN84",  0x00000005,  1,  2629,  0,  0,  0,  0,  1,"UNIVERSAL", 0,  0,  0,   261,     0,   0,     0,     0,     0
		STATION =   2006,"DUAL_ACCESS",  1,"4AFC3301A_IN86",  0x00000005,  0,  2630,  0,  0,  0,  0,  0,"UNIVERSAL", 0,  0,  0,  1100,     0,   0,     0,     0,     0
		STATION =   2007,"DUAL_ACCESS",  0,"4AFC3301A_IN87",  0x00000005,  0,  2631,  0,  0,  0,  0,  0,"UNIVERSAL", 0,  0,  0,  1201,     0,   0,     0,     0,     0
		STATION =   2008,"DUAL_ACCESS",  1,"4AFC3301A_IN88",  0x00000005,  1,  2632,  0,  0,  0,  0,  0,"UNIVERSAL", 0,  0,  0,  1375,     0,   0,     0,     0,     0
		STATION =   2009,"DUAL_ACCESS",  1,"4AFC3301A_IN89",  0x00000005,  0,  2633,  0,  0,  0,  0,  0,"UNIVERSAL", 0,  0,  0,   881,     0,   0,     0,     0,     0
		STATION =   2010,"DUAL_ACCESS",  0,"4AFC3301A_OUT80",  0x00000005,  0,  1001,  0,  0,  0,  0,  0,"UNIVERSAL", 5,  0,  0,  1207,     0,   0,     0,     0,     0
		STATION =   2011,"DUAL_ACCESS",  0,"4AFC3301A_OUT81",  0x00000005,  0,  1003,  0,  0,  0,  0,  0,"UNIVERSAL", 5,  0,  0,   281,     0,   0,     0,     0,     0
		STATION =   2012,"DUAL_ACCESS",  0,"4AFC3301A_OUT82",  0x00000005,  0,  1004,  0,  0,  0,  0,  0,"UNIVERSAL", 0,  0,  0,   581,     0,   0,     0,     0,     0
		STATION =   2013,"DUAL_ACCESS",  1,"4AFC3301A_OUT83",  0x00000005,  1,  1004,  0,  0,  0,  0,  0,"UNIVERSAL", 5,  0,  0,  2097,     0,   0,     0,     0,     0
		STATION =   2014,"DUAL_ACCESS",  1,"4AFC3301A_OUT84",  0x00000005,  0,  1005,  0,  0,  0,  0,  0,"UNIVERSAL", 0,  0,  0,  1586,     0,   0,     0,     0,     0
		STATION =   2015,"DUAL_ACCESS",  1,"4AFC3301A_OUT85",  0x00000005,  1,  1006,  0,  0,  0,  0,  0,"UNIVERSAL", 0,  0,  0,   599,     0,   0,     0,     0,     0
		STATION =   2016,"DUAL_ACCESS",  1,"4AFC3301A_OUT86",  0x00000005,  0,  1007,  0,  0,  0,  0,  0,"UNIVERSAL", 0,  0,  0,   541,     0,   0,     0,     0,     0
		STATION =   2017,"DUAL_ACCESS",  1,"4AFC3301A_OUT87",  0x00000005,  1,  1007,  0,  0,  0,  0,  0,"UNIVERSAL", 0,  0,  0,  1548,     0,   0,     0,     0,     0
		STATION =   2018,"DUAL_ACCESS",  1,"4AFC3301A_OUT88",  0x00000005,  1,  1008,  0,  0,  0,  0,  0,"UNIVERSAL", 0,  0,  0,   841,     0,   0,     0,     0,     0
		STATION =   2019,"DUAL_ACCESS",  1,"4AFC3301A_OUT89",  0x00000005,  1,  1008,  0,  0,  0,  0,  0,"UNIVERSAL", 0,  0,  0,  1846,     0,   0,     0,     0,     0
		STATION =   2020,"DUAL_ACCESS",  1,"4AFC3201A_OUT80",  0x00000005,  1,  2084,  0,  0,  0,  0,  0,"UNIVERSAL", 0,  0,  0,   454,     0,   0,     0,     0,     0
		STATION =   2021,"DUAL_ACCESS",  1,"4AFC3201A_OUT81",  0x00000005,  1,  2085,  0,  0,  0,  0,  0,"UNIVERSAL", 0,  0,  0,   561,     0,   0,     0,     0,     0
		STATION =   2022,"DUAL_ACCESS",  1,"4AFC3201A_OUT82",  0x00000005,  1,  2087,  0,  0,  0,  0,  0,"UNIVERSAL", 0,  0,  0,   338,     0,   0,     0,     0,     0
		STATION =   2023,"DUAL_ACCESS",  1,"4AFC3201A_OUT83",  0x00000005,  1,  2087,  0,  0,  0,  0,  0,"UNIVERSAL", 0,  0,  0,  1853,     0,   0,     0,     0,     0
		STATION =   2024,"DUAL_ACCESS",  1,"4AFC3201A_OUT84",  0x00000005,  1,  2088,  0,  0,  0,  0,  0,"UNIVERSAL", 0,  0,  0,  1643,     0,   0,     0,     0,     0
		STATION =   2025,"DUAL_ACCESS",  1,"4AFC3201A_OUT85",  0x00000005,  1,  1053,  0,  0,  0,  0,  0,"UNIVERSAL", 0,  0,  0,   592,     0,   0,     0,     0,     0
		STATION =   2026,"DUAL_ACCESS",  1,"4AFC3201A_OUT86",  0x00000005,  1,  1054,  0,  0,  0,  0,  0,"UNIVERSAL", 0,  0,  0,   279,     0,   0,     0,     0,     0
		STATION =   2027,"DUAL_ACCESS",  1,"4AFC3201A_OUT87",  0x00000005,  1,  1054,  0,  0,  0,  0,  0,"UNIVERSAL", 0,  0,  0,  1286,     0,   0,     0,     0,     0
		STATION =   2028,"DUAL_ACCESS",  1,"4AFC3201A_OUT88",  0x00000005,  1,  1055,  0,  0,  0,  0,  0,"UNIVERSAL", 0,  0,  0,   781,     0,   0,     0,     0,     0
		STATION =   2029,"DUAL_ACCESS",  1,"4AFC3201A_OUT89",  0x00000005,  1,  1055,  0,  0,  0,  0,  0,"UNIVERSAL", 0,  0,  0,  1792,     0,   0,     0,     0,     0
		STATION =   2030,"DUAL_ACCESS",  1,"4AFC3201A_IN80",  0x00000005,  1,  1021,  0,  0,  0,  0,  0,"UNIVERSAL", 0,  0,  0,   828,     0,   0,     0,     0,     0
		STATION =   2031,"DUAL_ACCESS",  1,"4AFC3201A_IN81",  0x00000005,  1,  1022,  0,  0,  0,  0,  0,"UNIVERSAL", 0,  0,  0,   419,     0,   0,     0,     0,     0
		STATION =   2032,"DUAL_ACCESS",  1,"4AFC3201A_IN82",  0x00000005,  1,  1023,  0,  0,  0,  0,  0,"UNIVERSAL", 0,  0,  0,   926,     0,   0,     0,     0,     0
		STATION =   2033,"DUAL_ACCESS",  1,"4AFC3201A_IN83",  0x00000005,  1,  1024,  0,  0,  0,  0,  0,"UNIVERSAL", 0,  0,  0,   863,     0,   0,     0,     0,     0
		STATION =   2034,"DUAL_ACCESS",  1,"4AFC3201A_IN84",  0x00000005,  1,  1024,  0,  0,  0,  0,  0,"UNIVERSAL", 0,  0,  0,  1873,     0,   0,     0,     0,     0
		STATION =   2035,"DUAL_ACCESS",  1,"4AFC3201A_IN85",  0x00000005,  1,  1025,  0,  0,  0,  0,  0,"UNIVERSAL", 0,  0,  0,  1160,     0,   0,     0,     0,     0
		STATION =   2036,"DUAL_ACCESS",  1,"4AFC3201A_IN86",  0x00000005,  1,  2056,  0,  0,  0,  0,  0,"UNIVERSAL", 0,  0,  0,   432,     0,   0,     0,     0,     0
		STATION =   2037,"DUAL_ACCESS",  1,"4AFC3201A_IN87",  0x00000005,  1,  2057,  0,  0,  0,  0,  0,"UNIVERSAL", 0,  0,  0,   916,     0,   0,     0,     0,     0
		STATION =   2038,"DUAL_ACCESS",  1,"4AFC3201A_IN88",  0x00000005,  0,  2059,  0,  0,  0,  0,  0,"UNIVERSAL", 0,  0,  0,   250,     0,   0,     0,     0,     0
		STATION =   2039,"DUAL_ACCESS",  1,"4AFC3201A_IN89",  0x00000005,  1,  2059,  0,  0,  0,  0,  0,"UNIVERSAL", 0,  0,  0,  1763,     0,   0,     0,     0,     0
		STATION =   2040,"DUAL_ACCESS",  1,"4AFC3201A_IN90",  0x00000005,  1,  2060,  0,  0,  0,  0,  0,"UNIVERSAL", 0,  0,  0,  1552,     0,   0,     0,     0,     0
		STATION =   2041,"DUAL_ACCESS",  1,"ST-002041",  0x00000005,  1,  2114,  0,  0,  0,  0,  0,"UNIVERSAL", 0,  0,  0,  2108,     0,   0,     0,     0,     0
		STATION =   2042,"ACQUIRE",  1,"4ABLD132_AO41",  0x00000005,  1,  2592,  0,  0,  0,  0,  2,"UNIVERSAL", 0,  0,  0,     0,   992,   0,     0,     0,     0
		STATION =   2043,"DEPOSIT",  1,"4ABLD122_AI43",  0x00000005,  1,  2593,  0,  0,  0,  0,  0,"UNIVERSAL", 0,  0,  0,  1322,     0,   0,     0,     0,     0
		STATION =   2044,"ACQUIRE",  1,"4ABLD122_AO41",  0x00000005,  0,  2595,  0,  0,  0,  0,  0,"UNIVERSAL", 0,  0,  0,  1114,     0,   0,     0,     0,     0
		STATION =   2045,"DEPOSIT",  1,"4ABLD112_AI43",  0x00000005,  1,  2596,  0,  0,  0,  1,  0,"UNIVERSAL", 0,  0,  0,  1820,     0,   0,     0,     0,     0
		STATION =   2046,"ACQUIRE",  1,"4ABLD112_AO41",  0x00000005,  1,  1565,  0,  0,  0,  0,  0,"UNIVERSAL", 0,  0,  0,   942,     0,   0,     0,     0,     0
		STATION =   2047,"DEPOSIT",  1,"4ABLD111_AI43",  0x00000005,  1,  1566,  0,  0,  0,  1,  0,"UNIVERSAL", 0,  0,  0,   878,     0,   0,     0,     0,     0
		STATION =   2048,"ACQUIRE",  0,"4ABLD111_AO41",  0x00000005,  0,  2602,  0,  0,  0,  0,  0,"UNIVERSAL", 0,  0,  0,   953,     0,   0,     0,     0,     0
		STATION =   2049,"DEPOSIT",  0,"4ABLD121_AI43",  0x00000005,  0,  2604,  0,  0,  0,  0,  0,"UNIVERSAL", 0,  0,  0,   695,     0,   0,     0,     0,     0
		STATION =   2050,"ACQUIRE",  1,"4ABLD121_AO41",  0x00000005,  1,  2605,  0,  0,  0,  0,  0,"UNIVERSAL", 0,  0,  0,  1492,     0,   0,     0,     0,     0
		STATION =   2051,"DEPOSIT",  1,"4ABLD131_AI43",  0x00000005,  1,  2606,  0,  0,  0,  1,  2,"UNIVERSAL", 0,  0,  0,     0,  1489,   0,     0,     0,     0
		STATION =   2052,"ACQUIRE",  0,"4ABLD131_AO41",  0x00000005,  0,  2608,  0,  0,  0,  0,  0,"UNIVERSAL", 0,  0,  0,   911,     0,   0,     0,     0,     0
		STATION =   2053,"DEPOSIT",  1,"4ABLD132_AI47",  0x00000005,  1,  1555,  0,  0,  0,  0,  0,"UNIVERSAL", 0,  0,  0,   324,     0,   0,     0,     0,     0
		STATION =   2054,"DEPOSIT",  1,"4ABLD122_AI47",  0x00000005,  1,  1559,  0,  0,  0,  0,  0,"UNIVERSAL", 0,  0,  0,   980,     0,   0,     0,     0,     0
		STATION =   2055,"ACQUIRE",  1,"4ABLD122_AO45",  0x00000005,  1,  1561,  0,  0,  0,  0,  2,"UNIVERSAL", 0,  0,  0,     0,   615,   0,     0,     0,     0
		STATION =   2056,"DEPOSIT",  1,"4ABLD112_AI47",  0x00000005,  1,  1562,  0,  0,  0,  1,  0,"UNIVERSAL", 0,  0,  0,   943,     0,   0,     0,     0,     0
		STATION =   2057,"ACQUIRE",  1,"4ABLD112_AO45",  0x00000005,  1,  1563,  0,  0,  0,  0,  0,"UNIVERSAL", 0,  0,  0,  1677,     0,   0,     0,     0,     0
		STATION =   2058,"DEPOSIT",  1,"4ABLD111_AI47",  0x00000005,  1,  1568,  0,  0,  0,  1,  0,"UNIVERSAL", 0,  0,  0,   496,     0,   0,     0,     0,     0
		STATION =   2059,"ACQUIRE",  1,"4ABLD111_AO45",  0x00000005,  1,  1570,  0,  0,  0,  0,  0,"UNIVERSAL", 0,  0,  0,   754,     0,   0,     0,     0,     0
		STATION =   2060,"DEPOSIT",  1,"4ABLD121_AI47",  0x00000005,  1,  1572,  0,  0,  0,  0,  0,"UNIVERSAL", 0,  0,  0,   781,     0,   0,     0,     0,     0
		STATION =   2061,"ACQUIRE",  1,"4ABLD121_AO45",  0x00000005,  1,  1574,  0,  0,  0,  0,  0,"UNIVERSAL", 0,  0,  0,  1230,     0,   0,     0,     0,     0
		STATION =   2062,"ACQUIRE",  1,"4ABLD131_AO45",  0x00000005,  1,  1578,  0,  0,  0,  0,  0,"UNIVERSAL", 0,  0,  0,   913,     0,   0,     0,     0,     0
		STATION =   2064,"DUAL_ACCESS",  1,"6FIOB101_AI22",  0x00000005,  0,  2577,  0,  0,  0,  0,  0,"UNIVERSAL", 0,  0,  0,   961,     0,   0,     0,     0,     0
		STATION =   2065,"DUAL_ACCESS",  1,"6FIOB101_AO21",  0x00000005,  1,  2577,  0,  0,  0,  0,  0,"UNIVERSAL", 0,  0,  0,  1656,     0,   0,     0,     0,     0
		STATION =   2066,"DEPOSIT",  1,"4ABLD132_AI43",  0x00000005,  1,  2591,  0,  0,  0,  0,  0,"UNIVERSAL", 0,  0,  0,   489,     0,   0,     0,     0,     0
		STATION =   2067,"DUAL_ACCESS",  1,"ST-002067",  0x00000005,  1,  1076,  0,  0,  0,  0,  0,"UNIVERSAL", 0,  0,  0,   184,     0,   0,     0,     0,     0
		STATION =   2068,"DUAL_ACCESS",  0,"ST-002068",  0x00000005,  0,  1076,  0,  0,  0,  0,  0,"UNIVERSAL", 0,  0,  0,  1891,     0,   0,     0,     0,     0
		STATION =   2069,"DUAL_ACCESS",  1,"ST-002069",  0x00000005,  1,  1077,  0,  0,  0,  0,  0,"UNIVERSAL", 0,  0,  0,  1823,     0,   0,     0,     0,     0
		STATION =   2070,"DUAL_ACCESS",  1,"ST-002070",  0x00000005,  1,  1078,  0,  0,  0,  0,  0,"UNIVERSAL", 0,  0,  0,  1560,     0,   0,     0,     0,     0
		STATION =   2071,"DUAL_ACCESS",  0,"ST-002071",  0x00000005,  0,  1079,  0,  0,  0,  0,  0,"UNIVERSAL", 0,  0,  0,  1337,     0,   0,     0,     0,     0
		STATION =   2072,"DUAL_ACCESS",  1,"ST-002072",  0x00000005,  1,  1080,  0,  0,  0,  0,  0,"UNIVERSAL", 0,  0,  0,  1076,     0,   0,     0,     0,     0
		STATION =   2073,"DUAL_ACCESS",  1,"ST-002073",  0x00000005,  1,  1081,  0,  0,  0,  0,  0,"UNIVERSAL", 0,  0,  0,   891,     0,   0,     0,     0,     0
		STATION =   2074,"DUAL_ACCESS",  0,"ST-002074",  0x00000005,  0,  1082,  0,  0,  0,  0,  0,"UNIVERSAL", 0,  0,  0,   898,     0,   0,     0,     0,     0
		STATION =   2075,"DUAL_ACCESS",  1,"ST-002075",  0x00000005,  1,  1083,  0,  0,  0,  0,  0,"UNIVERSAL", 0,  0,  0,   600,     0,   0,     0,     0,     0
		STATION =   2076,"DUAL_ACCESS",  1,"ST-002076",  0x00000005,  1,  1084,  0,  0,  0,  0,  0,"UNIVERSAL", 0,  0,  0,   457,     0,   0,     0,     0,     0
		STATION =   2077,"DUAL_ACCESS",  0,"ST-002077",  0x00000005,  0,  1085,  0,  0,  0,  0,  0,"UNIVERSAL", 0,  0,  0,   244,     0,   0,     0,     0,     0
		STATION =   2078,"DUAL_ACCESS",  1,"ST-002078",  0x00000005,  1,  2112,  0,  0,  0,  0,  0,"UNIVERSAL", 0,  0,  0,   684,     0,   0,     0,     0,     0
		STATION =   2079,"DUAL_ACCESS",  1,"ST-002079",  0x00000005,  1,  2113,  0,  0,  0,  0,  0,"UNIVERSAL", 0,  0,  0,   573,     0,   0,     0,     0,     0
		STATION =   2080,"DUAL_ACCESS",  1,"ST-002080",  0x00000005,  1,  2114,  0,  0,  0,  0,  0,"UNIVERSAL", 0,  0,  0,   344,     0,   0,     0,     0,     0
		STATION =   2081,"DUAL_ACCESS",  1,"ST-002081",  0x00000005,  1,  2116,  0,  0,  0,  0,  0,"UNIVERSAL", 0,  0,  0,   422,     0,   0,     0,     0,     0
		STATION =   2082,"DUAL_ACCESS",  1,"ST-002082",  0x00000005,  1,  2116,  0,  0,  0,  0,  0,"UNIVERSAL", 0,  0,  0,  2101,     0,   0,     0,     0,     0
		STATION =   2083,"DUAL_ACCESS",  1,"ST-002083",  0x00000005,  1,  2117,  0,  0,  0,  0,  0,"UNIVERSAL", 0,  0,  0,  1851,     0,   0,     0,     0,     0
		STATION =   2084,"DUAL_ACCESS",  1,"ST-002084",  0x00000005,  1,  2118,  0,  0,  0,  0,  0,"UNIVERSAL", 0,  0,  0,  1692,     0,   0,     0,     0,     0
		STATION =   2085,"DUAL_ACCESS",  1,"ST-002085",  0x00000005,  1,  2119,  0,  0,  0,  0,  0,"UNIVERSAL", 0,  0,  0,  1624,     0,   0,     0,     0,     0
		STATION =   2086,"DUAL_ACCESS",  1,"ST-002086",  0x00000005,  1,  2120,  0,  0,  0,  0,  0,"UNIVERSAL", 0,  0,  0,  2029,     0,   0,     0,     0,     0
		STATION =   2088,"DUAL_ACCESS",  0,"4ABLH401_AI43",  0x00000005,  0,  2611,  0,  0,  0,  0,  0,"UNIVERSAL", 0,  0,  0,  1740,     0,   0,     0,     0,     0
		STATION =   2089,"DUAL_ACCESS",  1,"4ABLH401_AO41",  0x00000005,  1,  2612,  0,  0,  0,  0,  0,"UNIVERSAL", 0,  0,  0,   513,     0,   0,     0,     0,     0
		STATION =   3001,"DUAL_ACCESS",  1,"ST-003001",  0x00000005,  0,  2322,  0,  0,  0,  0,  0,"UNIVERSAL", 0,  0,  0,  1576,     0,   0,     0,     0,     0
		STATION =   3002,"DUAL_ACCESS",  1,"ST-003002",  0x00000005,  0,  2324,  0,  0,  0,  0,  0,"UNIVERSAL", 0,  0,  0,   511,     0,   0,     0,     0,     0
		STATION =   3003,"DUAL_ACCESS",  1,"ST-003003",  0x00000005,  0,  2801,  0,  0,  0,  0,  0,"UNIVERSAL", 0,  0,  0,  1834,     0,   0,     0,     0,     0
		STATION =   3004,"DUAL_ACCESS",  1,"ST-003004",  0x00000005,  0,  2802,  0,  0,  0,  0,  0,"UNIVERSAL", 0,  0,  0,  1924,     0,   0,     0,     0,     0
		STATION =   3005,"DUAL_ACCESS",  1,"ST-003005",  0x00000005,  0,  2803,  0,  0,  0,  0,  0,"UNIVERSAL", 0,  0,  0,  1884,     0,   0,     0,     0,     0
		STATION =   3006,"DUAL_ACCESS",  1,"ST-003006",  0x00000005,  0,  1812,  0,  0,  0,  0,  0,"UNIVERSAL", 0,  0,  0,  1031,     0,   0,     0,     0,     0
		STATION =   3007,"DUAL_ACCESS",  1,"ST-003007",  0x00000000,  0,  1814,  0,  0,  0,  0,  0,"UNIVERSAL", 0,  0,  0,   307,     0,   0,     0,     0,     0
		STATION =   3008,"DUAL_ACCESS",  1,"ST-003008",  0x00000000,  0,  1815,  0,  0,  0,  0,  0,"UNIVERSAL", 0,  0,  0,   779,     0,   0,     0,     0,     0
		STATION =   3009,"DUAL_ACCESS",  1,"ST-003009",  0x00000000,  0,  1816,  0,  0,  0,  0,  0,"UNIVERSAL", 0,  0,  0,   456,     0,   0,     0,     0,     0
		STATION =   3010,"DUAL_ACCESS",  1,"ST-003010",  0x00000000,  1,  1816,  0,  0,  0,  0,  0,"UNIVERSAL", 0,  0,  0,  2182,     0,   0,     0,     0,     0
		STATION =   3011,"DUAL_ACCESS",  1,"ST-003011",  0x00000005,  0,  2900,  0,  0,  0,  0,  0,"UNIVERSAL", 0,  0,  0,  1234,     0,   0,     0,     0,     0
		STATION =   3012,"DUAL_ACCESS",  1,"ST-003012",  0x00000005,  1,  1306,  0,  0,  0,  0,  0,"UNIVERSAL", 0,  0,  0,  1236,     0,   0,     0,     0,     0
		STATION =   3013,"DUAL_ACCESS",  1,"ST-003013",  0x00000005,  1,  1308,  0,  0,  0,  0,  0,"UNIVERSAL", 0,  0,  0,   591,     0,   0,     0,     0,     0
		STATION =   3014,"DUAL_ACCESS",  1,"ST-003014",  0x00000005,  1,  2677,  0,  0,  0,  0,  0,"UNIVERSAL", 0,  0,  0,  1842,     0,   0,     0,     0,     0
		STATION =   3015,"DUAL_ACCESS",  1,"ST-003015",  0x00000005,  1,  2679,  0,  0,  0,  0,  0,"UNIVERSAL", 0,  0,  0,   277,     0,   0,     0,     0,     0
		STATION =   3016,"DUAL_ACCESS",  1,"ST-003016",  0x00000005,  1,  2680,  0,  0,  0,  0,  0,"UNIVERSAL", 0,  0,  0,   635,     0,   0,     0,     0,     0
		STATION =   3017,"DUAL_ACCESS",  1,"ST-003017",  0x00000005,  0,  1825,  0,  0,  0,  0,  0,"UNIVERSAL", 0,  0,  0,   450,     0,   0,     0,     0,     0
		STATION =   3018,"DUAL_ACCESS",  1,"ST-003018",  0x00000005,  0,  1826,  0,  0,  0,  0,  0,"UNIVERSAL", 0,  0,  0,   305,     0,   0,     0,     0,     0
		STATION =   3019,"DUAL_ACCESS",  1,"ST-003019",  0x00000005,  0,  1826,  0,  0,  0,  0,  0,"UNIVERSAL", 0,  0,  0,  2154,     0,   0,     0,     0,     0
		STATION =   3020,"DUAL_ACCESS",  1,"ST-003020",  0x00000005,  0,  1827,  0,  0,  0,  0,  0,"UNIVERSAL", 0,  0,  0,  1913,     0,   0,     0,     0,     0
		STATION =   3021,"DUAL_ACCESS",  1,"ST-003021",  0x00000005,  0,  1828,  0,  0,  0,  0,  0,"UNIVERSAL", 0,  0,  0,  1743,     0,   0,     0,     0,     0
		STATION =   3022,"DUAL_ACCESS",  1,"ST-003022",  0x00000005,  0,  1829,  0,  0,  0,  0,  0,"UNIVERSAL", 0,  0,  0,  1568,     0,   0,     0,     0,     0
		STATION =   3023,"DUAL_ACCESS",  1,"ST-003023",  0x00000005,  0,  1830,  0,  0,  0,  0,  0,"UNIVERSAL", 0,  0,  0,  1489,     0,   0,     0,     0,     0
		STATION =   3024,"DUAL_ACCESS",  1,"ST-003024",  0x00000005,  0,  1831,  0,  0,  0,  0,  0,"UNIVERSAL", 0,  0,  0,  1464,     0,   0,     0,     0,     0
		STATION =   3025,"DUAL_ACCESS",  1,"ST-003025",  0x00000005,  0,  2916,  0,  0,  0,  0,  0,"UNIVERSAL", 0,  0,  0,   544,     0,   0,     0,     0,     0
		STATION =   3026,"DUAL_ACCESS",  1,"ST-003026",  0x00000005,  0,  2917,  0,  0,  0,  0,  0,"UNIVERSAL", 0,  0,  0,  1028,     0,   0,     0,     0,     0
		STATION =   3027,"DUAL_ACCESS",  1,"ST-003027",  0x00000005,  0,  2918,  0,  0,  0,  0,  0,"UNIVERSAL", 0,  0,  0,  1727,     0,   0,     0,     0,     0
		STATION =   3028,"DUAL_ACCESS",  1,"ST-003028",  0x00000005,  0,  2919,  0,  0,  0,  0,  0,"UNIVERSAL", 0,  0,  0,  1574,     0,   0,     0,     0,     0
		STATION =   3029,"DUAL_ACCESS",  1,"ST-003029",  0x00000005,  1,  1315,  0,  0,  0,  0,  0,"UNIVERSAL", 0,  0,  0,  1283,     0,   0,     0,     0,     0
		STATION =   3030,"DUAL_ACCESS",  1,"ST-003030",  0x00000005,  1,  2681,  0,  0,  0,  0,  0,"UNIVERSAL", 0,  0,  0,  1003,     0,   0,     0,     0,     0
		STATION =   3031,"DUAL_ACCESS",  1,"ST-003031",  0x00000005,  1,  2822,  0,  0,  0,  0,  0,"UNIVERSAL", 0,  0,  0,  1559,     0,   0,     0,     0,     0
		STATION =   3032,"DUAL_ACCESS",  1,"ST-003032",  0x00000005,  1,  2824,  0,  0,  0,  0,  0,"UNIVERSAL", 0,  0,  0,   279,     0,   0,     0,     0,     0
		STATION =   3033,"DUAL_ACCESS",  1,"ST-003033",  0x00000005,  1,  2682,  0,  0,  0,  0,  0,"UNIVERSAL", 0,  0,  0,  1505,     0,   0,     0,     0,     0
		STATION =   3034,"DUAL_ACCESS",  1,"ST-003034",  0x00000005,  1,  2683,  0,  0,  0,  0,  0,"UNIVERSAL", 0,  0,  0,  1937,     0,   0,     0,     0,     0
		STATION =   3035,"DUAL_ACCESS",  1,"ST-003035",  0x00000005,  0,  2763,  0,  0,  0,  0,  0,"UNIVERSAL", 0,  0,  0,  1178,     0,   0,     0,     0,     0
		STATION =   3036,"DUAL_ACCESS",  1,"ST-003036",  0x00000005,  0,  1836,  0,  0,  0,  0,  0,"UNIVERSAL", 0,  0,  0,   755,     0,   0,     0,     0,     0
		STATION =   3037,"DUAL_ACCESS",  1,"ST-003037",  0x00000005,  0,  1837,  0,  0,  0,  0,  0,"UNIVERSAL", 0,  0,  0,   524,     0,   0,     0,     0,     0
		STATION =   3038,"DUAL_ACCESS",  1,"ST-003038",  0x00000005,  0,  1838,  0,  0,  0,  0,  0,"UNIVERSAL", 0,  0,  0,   204,     0,   0,     0,     0,     0
		STATION =   3039,"DUAL_ACCESS",  1,"ST-003039",  0x00000005,  0,  1838,  0,  0,  0,  0,  0,"UNIVERSAL", 0,  0,  0,  1903,     0,   0,     0,     0,     0
		STATION =   3040,"DUAL_ACCESS",  1,"ST-003040",  0x00000005,  0,  1839,  0,  0,  0,  0,  0,"UNIVERSAL", 0,  0,  0,  1758,     0,   0,     0,     0,     0
		STATION =   3041,"DUAL_ACCESS",  1,"ST-003041",  0x00000005,  0,  1840,  0,  0,  0,  0,  0,"UNIVERSAL", 0,  0,  0,  1678,     0,   0,     0,     0,     0
		STATION =   3042,"DUAL_ACCESS",  1,"ST-003042",  0x00000005,  1,  1326,  0,  0,  0,  0,  0,"UNIVERSAL", 0,  0,  0,   742,     0,   0,     0,     0,     0
		STATION =   3043,"DUAL_ACCESS",  1,"ST-003043",  0x00000005,  0,  1327,  0,  0,  0,  0,  0,"UNIVERSAL", 0,  0,  0,  1134,     0,   0,     0,     0,     0
		STATION =   3044,"DUAL_ACCESS",  1,"ST-003044",  0x00000005,  0,  1328,  0,  0,  0,  0,  0,"UNIVERSAL", 0,  0,  0,  1409,     0,   0,     0,     0,     0
		STATION =   3045,"DUAL_ACCESS",  1,"ST-003045",  0x00000005,  0,  1329,  0,  0,  0,  0,  0,"UNIVERSAL", 0,  0,  0,  1847,     0,   0,     0,     0,     0
		STATION =   3046,"DUAL_ACCESS",  1,"ST-003046",  0x00000005,  0,  1330,  0,  0,  0,  0,  0,"UNIVERSAL", 0,  0,  0,  1714,     0,   0,     0,     0,     0
		STATION =   3047,"DUAL_ACCESS",  1,"ST-003047",  0x00000005,  1,  2837,  0,  0,  0,  0,  0,"UNIVERSAL", 0,  0,  0,  1023,     0,   0,     0,     0,     0
		STATION =   3048,"DUAL_ACCESS",  1,"ST-003048",  0x00000005,  1,  2838,  0,  0,  0,  0,  0,"UNIVERSAL", 0,  0,  0,   792,     0,   0,     0,     0,     0
		STATION =   3049,"DUAL_ACCESS",  1,"ST-003049",  0x00000005,  0,  2839,  0,  0,  0,  0,  0,"UNIVERSAL", 0,  0,  0,   603,     0,   0,     0,     0,     0
		STATION =   3050,"DUAL_ACCESS",  1,"ST-003050",  0x00000005,  0,  2361,  0,  0,  0,  0,  0,"UNIVERSAL", 0,  0,  0,   660,     0,   0,     0,     0,     0
		STATION =   3051,"DUAL_ACCESS",  1,"ST-003051",  0x00000005,  0,  2362,  0,  0,  0,  0,  0,"UNIVERSAL", 0,  0,  0,   961,     0,   0,     0,     0,     0
		STATION =   3052,"DUAL_ACCESS",  1,"ST-003052",  0x00000005,  0,  2363,  0,  0,  0,  0,  0,"UNIVERSAL", 0,  0,  0,  1104,     0,   0,     0,     0,     0
		STATION =   3053,"DUAL_ACCESS",  1,"ST-003053",  0x00000005,  0,  2364,  0,  0,  0,  0,  0,"UNIVERSAL", 0,  0,  0,   895,     0,   0,     0,     0,     0
		STATION =   3054,"DUAL_ACCESS",  1,"ST-003054",  0x00000005,  0,  1334,  0,  0,  0,  0,  0,"UNIVERSAL", 0,  0,  0,   880,     0,   0,     0,     0,     0
		STATION =   3055,"DUAL_ACCESS",  1,"ST-003055",  0x00000005,  0,  2935,  0,  0,  0,  0,  0,"UNIVERSAL", 0,  0,  0,   982,     0,   0,     0,     0,     0
		STATION =   3056,"DUAL_ACCESS",  1,"ST-003056",  0x00000005,  0,  1336,  0,  0,  0,  0,  0,"UNIVERSAL", 0,  0,  0,  1212,     0,   0,     0,     0,     0
		STATION =   3057,"DUAL_ACCESS",  1,"ST-003057",  0x00000005,  1,  1338,  0,  0,  0,  0,  0,"UNIVERSAL", 0,  0,  0,   200,     0,   0,     0,     0,     0
		STATION =   3058,"DUAL_ACCESS",  1,"ST-003058",  0x00000005,  0,  1338,  0,  0,  0,  0,  0,"UNIVERSAL", 0,  0,  0,  1809,     0,   0,     0,     0,     0
		STATION =   3059,"DUAL_ACCESS",  1,"ST-003059",  0x00000005,  1,  2369,  0,  0,  0,  0,  0,"UNIVERSAL", 0,  0,  0,   426,     0,   0,     0,     0,     0
		STATION =   3060,"DUAL_ACCESS",  1,"ST-003060",  0x00000005,  1,  2370,  0,  0,  0,  0,  0,"UNIVERSAL", 0,  0,  0,   589,     0,   0,     0,     0,     0
		STATION =   3061,"DUAL_ACCESS",  1,"ST-003061",  0x00000005,  1,  2848,  0,  0,  0,  0,  0,"UNIVERSAL", 0,  0,  0,  1213,     0,   0,     0,     0,     0
		STATION =   3062,"DUAL_ACCESS",  1,"ST-003062",  0x00000005,  1,  1856,  0,  0,  0,  0,  0,"UNIVERSAL", 0,  0,  0,   739,     0,   0,     0,     0,     0
		STATION =   3063,"DUAL_ACCESS",  1,"ST-003063",  0x00000005,  1,  2685,  0,  0,  0,  0,  0,"UNIVERSAL", 0,  0,  0,   254,     0,   0,     0,     0,     0
		STATION =   3064,"DUAL_ACCESS",  1,"ST-003064",  0x00000005,  1,  1651,  0,  0,  0,  0,  0,"UNIVERSAL", 0,  0,  0,  1641,     0,   0,     0,     0,     0
		STATION =   3065,"DUAL_ACCESS",  1,"ST-003065",  0x00000005,  0,  2769,  0,  0,  0,  0,  0,"UNIVERSAL", 0,  0,  0,   482,     0,   0,     0,     0,     0
		STATION =   3066,"DUAL_ACCESS",  1,"ST-003066",  0x00000005,  0,  2770,  0,  0,  0,  0,  0,"UNIVERSAL", 0,  0,  0,   348,     0,   0,     0,     0,     0
		STATION =   3067,"DUAL_ACCESS",  1,"ST-003067",  0x00000005,  0,  2771,  0,  0,  0,  0,  0,"UNIVERSAL", 0,  0,  0,   234,     0,   0,     0,     0,     0
		STATION =   3068,"DUAL_ACCESS",  1,"ST-003068",  0x00000005,  1,  1652,  0,  0,  0,  0,  0,"UNIVERSAL", 0,  0,  0,  2076,     0,   0,     0,     0,     0
		STATION =   3069,"DUAL_ACCESS",  1,"ST-003069",  0x00000005,  0,  1254,  0,  0,  0,  0,  0,"UNIVERSAL", 0,  0,  0,   747,     0,   0,     0,     0,     0
		STATION =   3070,"DUAL_ACCESS",  1,"ST-003070",  0x00000005,  0,  1255,  0,  0,  0,  0,  0,"UNIVERSAL", 0,  0,  0,   773,     0,   0,     0,     0,     0
		STATION =   3071,"DUAL_ACCESS",  1,"ST-003071",  0x00000005,  0,  1256,  0,  0,  0,  0,  0,"UNIVERSAL", 0,  0,  0,   545,     0,   0,     0,     0,     0
		STATION =   3072,"DUAL_ACCESS",  1,"ST-003072",  0x00000005,  0,  1257,  0,  0,  0,  0,  0,"UNIVERSAL", 0,  0,  0,   425,     0,   0,     0,     0,     0
		STATION =   3073,"DUAL_ACCESS",  1,"ST-003073",  0x00000005,  1,  1258,  0,  0,  0,  0,  0,"UNIVERSAL", 0,  0,  0,   241,     0,   0,     0,     0,     0
		STATION =   3074,"DUAL_ACCESS",  1,"ST-003074",  0x00000005,  1,  2852,  0,  0,  0,  0,  0,"UNIVERSAL", 0,  0,  0,   802,     0,   0,     0,     0,     0
		STATION =   3075,"DUAL_ACCESS",  1,"ST-003075",  0x00000005,  1,  2853,  0,  0,  0,  0,  0,"UNIVERSAL", 0,  0,  0,  1036,     0,   0,     0,     0,     0
		STATION =   3076,"DUAL_ACCESS",  1,"ST-003076",  0x00000005,  1,  2854,  0,  0,  0,  0,  0,"UNIVERSAL", 0,  0,  0,   890,     0,   0,     0,     0,     0
		STATION =   3077,"DUAL_ACCESS",  1,"ST-003077",  0x00000005,  1,  2663,  0,  0,  0,  0,  0,"UNIVERSAL", 0,  0,  0,  1931,     0,   0,     0,     0,     0
		STATION =   3078,"DUAL_ACCESS",  0,"ST-003078",  0x00000005,  0,  2667,  0,  0,  0,  0,  0,"UNIVERSAL", 0,  0,  0,  1034,     0,   0,     0,     0,     0
		STATION =   3079,"DUAL_ACCESS",  1,"ST-003079",  0x00000005,  0,  1772,  0,  0,  0,  0,  0,"UNIVERSAL", 0,  0,  0,  1766,     0,   0,     0,     0,     0
		STATION =   3080,"DUAL_ACCESS",  1,"ST-003080",  0x00000005,  1,  1773,  0,  0,  0,  0,  0,"UNIVERSAL", 0,  0,  0,  1479,     0,   0,     0,     0,     0
		STATION =   3081,"DUAL_ACCESS",  1,"ST-003081",  0x00000005,  0,  1774,  0,  0,  0,  0,  0,"UNIVERSAL", 0,  0,  0,  1291,     0,   0,     0,     0,     0
		STATION =   3082,"DUAL_ACCESS",  1,"ST-003082",  0x00000005,  1,  1775,  0,  0,  0,  0,  0,"UNIVERSAL", 0,  0,  0,  1051,     0,   0,     0,     0,     0
		STATION =   3083,"DUAL_ACCESS",  1,"ST-003083",  0x00000005,  0,  1781,  0,  0,  0,  0,  0,"UNIVERSAL", 0,  0,  0,   183,     0,   0,     0,     0,     0
		STATION =   3084,"DUAL_ACCESS",  1,"ST-003084",  0x00000005,  1,  1782,  0,  0,  0,  0,  0,"UNIVERSAL", 0,  0,  0,   691,     0,   0,     0,     0,     0
		STATION =   3085,"DUAL_ACCESS",  1,"ST-003085",  0x00000005,  0,  1783,  0,  0,  0,  0,  0,"UNIVERSAL", 0,  0,  0,  1244,     0,   0,     0,     0,     0
		STATION =   3086,"DUAL_ACCESS",  1,"ST-003086",  0x00000005,  0,  1784,  0,  0,  0,  0,  0,"UNIVERSAL", 0,  0,  0,  1139,     0,   0,     0,     0,     0
		STATION =   3087,"DUAL_ACCESS",  1,"ST-003087",  0x00000005,  0,  1785,  0,  0,  0,  0,  0,"UNIVERSAL", 0,  0,  0,   984,     0,   0,     0,     0,     0
		STATION =   3088,"DUAL_ACCESS",  1,"ST-003088",  0x00000005,  0,  1786,  0,  0,  0,  0,  0,"UNIVERSAL", 0,  0,  0,   839,     0,   0,     0,     0,     0
		STATION =   3089,"DUAL_ACCESS",  1,"ST-003089",  0x00000005,  0,  1787,  0,  0,  0,  0,  0,"UNIVERSAL", 0,  0,  0,   655,     0,   0,     0,     0,     0
		STATION =   3090,"DUAL_ACCESS",  1,"ST-003090",  0x00000005,  1,  1654,  0,  0,  0,  0,  0,"UNIVERSAL", 0,  0,  0,   531,     0,   0,     0,     0,     0
		STATION =   3091,"DUAL_ACCESS",  1,"ST-003091",  0x00000005,  0,  2304,  0,  0,  0,  0,  0,"UNIVERSAL", 5,  0,  0,   203,     0,   0,     0,     0,     0
		STATION =   3092,"DUAL_ACCESS",  1,"ST-003092",  0x00000005,  0,  2782,  0,  0,  0,  0,  0,"UNIVERSAL", 0,  0,  0,   429,     0,   0,     0,     0,     0
		STATION =   3093,"DUAL_ACCESS",  1,"ST-003093",  0x00000005,  1,  2868,  0,  0,  0,  0,  0,"UNIVERSAL", 0,  0,  0,  1573,     0,   0,     0,     0,     0
		STATION =   3094,"DUAL_ACCESS",  1,"ST-003094",  0x00000005,  0,  2317,  0,  0,  0,  0,  0,"UNIVERSAL", 0,  0,  0,  1814,     0,   0,     0,     0,     0
		STATION =   3095,"DUAL_ACCESS",  1,"ST-003095",  0x00000005,  0,  2877,  0,  0,  0,  0,  0,"UNIVERSAL", 0,  0,  0,   244,     0,   0,     0,     0,     0
		STATION =   3096,"DUAL_ACCESS",  1,"ST-003096",  0x00000005,  0,  2878,  0,  0,  0,  0,  0,"UNIVERSAL", 0,  0,  0,   605,     0,   0,     0,     0,     0
		STATION =   3097,"DUAL_ACCESS",  1,"ST-003097",  0x00000005,  0,  1795,  0,  0,  0,  0,  0,"UNIVERSAL", 0,  0,  0,   816,     0,   0,     0,     0,     0
		STATION =   3098,"DUAL_ACCESS",  1,"ST-003098",  0x00000005,  0,  2880,  0,  0,  0,  0,  0,"UNIVERSAL", 0,  0,  0,  1563,     0,   0,     0,     0,     0
		STATION =   3099,"DUAL_ACCESS",  1,"ST-003099",  0x00000005,  0,  2881,  0,  0,  0,  0,  0,"UNIVERSAL", 0,  0,  0,  1890,     0,   0,     0,     0,     0
		STATION =   3100,"DUAL_ACCESS",  1,"ST-003100",  0x00000005,  0,  1284,  0,  0,  0,  0,  0,"UNIVERSAL", 0,  0,  0,  1063,     0,   0,     0,     0,     0
		STATION =   3101,"DUAL_ACCESS",  1,"ST-003101",  0x00000005,  0,  2754,  0,  0,  0,  0,  0,"UNIVERSAL", 0,  0,  0,   374,     0,   0,     0,     0,     0
		STATION =   3102,"DUAL_ACCESS",  1,"ST-003102",  0x00000005,  0,  2755,  0,  0,  0,  0,  0,"UNIVERSAL", 0,  0,  0,  1007,     0,   0,     0,     0,     0
		STATION =   3103,"DUAL_ACCESS",  1,"ST-003103",  0x00000005,  0,  2756,  0,  0,  0,  0,  0,"UNIVERSAL", 0,  0,  0,  1246,     0,   0,     0,     0,     0
		STATION =   3104,"DUAL_ACCESS",  1,"ST-003104",  0x00000005,  0,  2757,  0,  0,  0,  0,  0,"UNIVERSAL", 0,  0,  0,  1093,     0,   0,     0,     0,     0
		STATION =   3105,"DUAL_ACCESS",  1,"ST-003105",  0x00000005,  1,  1869,  0,  0,  0,  0,  0,"UNIVERSAL", 0,  0,  0,   549,     0,   0,     0,     0,     0
		STATION =   3106,"DUAL_ACCESS",  1,"ST-003106",  0x00000005,  0,  2387,  0,  0,  0,  0,  0,"UNIVERSAL", 0,  0,  0,  2149,     0,   0,     0,     0,     0
		STATION =   3107,"DUAL_ACCESS",  1,"ST-003107",  0x00000005,  0,  2275,  0,  0,  0,  0,  0,"UNIVERSAL", 0,  0,  0,   509,     0,   0,     0,     0,     0
		STATION =   3108,"DUAL_ACCESS",  1,"ST-003108",  0x00000005,  1,  2276,  0,  0,  0,  0,  0,"UNIVERSAL", 0,  0,  0,   933,     0,   0,     0,     0,     0
		STATION =   3109,"DUAL_ACCESS",  1,"ST-003109",  0x00000005,  0,  2277,  0,  0,  0,  0,  0,"UNIVERSAL", 0,  0,  0,  1438,     0,   0,     0,     0,     0
		STATION =   3110,"DUAL_ACCESS",  1,"ST-003110",  0x00000005,  1,  1655,  0,  0,  0,  0,  0,"UNIVERSAL", 0,  0,  0,   896,     0,   0,     0,     0,     0
		STATION =   3111,"DUAL_ACCESS",  1,"ST-003111",  0x00000005,  0,  1753,  0,  0,  0,  0,  0,"UNIVERSAL", 0,  0,  0,   676,     0,   0,     0,     0,     0
		STATION =   3112,"DUAL_ACCESS",  1,"ST-003112",  0x00000005,  1,  1885,  0,  0,  0,  0,  0,"UNIVERSAL", 0,  0,  0,   182,     0,   0,     0,     0,     0
		STATION =   3113,"DUAL_ACCESS",  1,"ST-003113",  0x00000005,  1,  1887,  0,  0,  0,  0,  0,"UNIVERSAL", 0,  0,  0,   404,     0,   0,     0,     0,     0
		STATION =   3114,"DUAL_ACCESS",  1,"ST-003114",  0x00000005,  1,  1888,  0,  0,  0,  0,  0,"UNIVERSAL", 0,  0,  0,  1183,     0,   0,     0,     0,     0
		STATION =   3115,"DUAL_ACCESS",  1,"ST-003115",  0x00000005,  1,  1890,  0,  0,  0,  0,  0,"UNIVERSAL", 0,  0,  0,   210,     0,   0,     0,     0,     0
		STATION =   3116,"DUAL_ACCESS",  1,"ST-003116",  0x00000005,  1,  1891,  0,  0,  0,  0,  0,"UNIVERSAL", 0,  0,  0,  1680,     0,   0,     0,     0,     0
		STATION =   3117,"DUAL_ACCESS",  1,"ST-003117",  0x00000005,  1,  1893,  0,  0,  0,  0,  0,"UNIVERSAL", 0,  0,  0,  1288,     0,   0,     0,     0,     0
		STATION =   3118,"DUAL_ACCESS",  1,"ST-003118",  0x00000005,  1,  1895,  0,  0,  0,  0,  0,"UNIVERSAL", 0,  0,  0,   359,     0,   0,     0,     0,     0
		STATION =   3119,"DUAL_ACCESS",  1,"ST-003119",  0x00000005,  1,  1372,  0,  0,  0,  0,  0,"UNIVERSAL", 0,  0,  0,  1619,     0,   0,     0,     0,     0
		STATION =   3120,"DUAL_ACCESS",  1,"ST-003120",  0x00000005,  0,  1376,  0,  0,  0,  0,  0,"UNIVERSAL", 0,  0,  0,   374,     0,   0,     0,     0,     0
		STATION =   3121,"DUAL_ACCESS",  1,"ST-003121",  0x00000005,  1,  1378,  0,  0,  0,  0,  0,"UNIVERSAL", 0,  0,  0,   845,     0,   0,     0,     0,     0
		STATION =   3122,"DUAL_ACCESS",  1,"ST-003122",  0x00000005,  1,  1379,  0,  0,  0,  0,  0,"UNIVERSAL", 0,  0,  0,  1851,     0,   0,     0,     0,     0
		STATION =   3123,"DUAL_ACCESS",  1,"ST-003123",  0x00000005,  1,  1381,  0,  0,  0,  0,  0,"UNIVERSAL", 0,  0,  0,  1395,     0,   0,     0,     0,     0
		STATION =   3124,"DUAL_ACCESS",  0,"ST-003124",  0x00000005,  0,  1722,  0,  0,  0,  0,  0,"UNIVERSAL", 0,  0,  0,   256,     0,   0,     0,     0,     0
		STATION =   3125,"DUAL_ACCESS",  0,"ST-003125",  0x00000005,  0,  1723,  0,  0,  0,  0,  0,"UNIVERSAL", 0,  0,  0,  1495,     0,   0,     0,     0,     0
		STATION =   3126,"DUAL_ACCESS",  0,"ST-003126",  0x00000005,  0,  1725,  0,  0,  0,  0,  0,"UNIVERSAL", 0,  0,  0,   929,     0,   0,     0,     0,     0
		STATION =   3127,"DUAL_ACCESS",  0,"ST-003127",  0x00000005,  0,  1726,  0,  0,  0,  0,  0,"UNIVERSAL", 0,  0,  0,  1355,     0,   0,     0,     0,     0
		STATION =   3128,"DUAL_ACCESS",  0,"ST-003128",  0x00000005,  0,  1727,  0,  0,  0,  0,  0,"UNIVERSAL", 0,  0,  0,  1955,     0,   0,     0,     0,     0
		STATION =   3129,"DUAL_ACCESS",  0,"ST-003129",  0x00000005,  0,  1729,  0,  0,  0,  0,  0,"UNIVERSAL", 0,  0,  0,   436,     0,   0,     0,     0,     0
		STATION =   3130,"DUAL_ACCESS",  0,"ST-003130",  0x00000005,  0,  1730,  0,  0,  0,  0,  0,"UNIVERSAL", 0,  0,  0,  1936,     0,   0,     0,     0,     0
		STATION =   3131,"DUAL_ACCESS",  0,"ST-003131",  0x00000005,  0,  1732,  0,  0,  0,  0,  0,"UNIVERSAL", 0,  0,  0,   705,     0,   0,     0,     0,     0
		STATION =   3132,"DUAL_ACCESS",  0,"ST-003132",  0x00000005,  0,  1733,  0,  0,  0,  0,  0,"UNIVERSAL", 0,  0,  0,  1380,     0,   0,     0,     0,     0
		STATION =   3133,"DUAL_ACCESS",  0,"ST-003133",  0x00000005,  0,  1735,  0,  0,  0,  0,  0,"UNIVERSAL", 0,  0,  0,   287,     0,   0,     0,     0,     0
		STATION =   3134,"DUAL_ACCESS",  0,"ST-003134",  0x00000005,  0,  1218,  0,  0,  0,  0,  0,"UNIVERSAL", 0,  0,  0,  1722,     0,   0,     0,     0,     0
		STATION =   3135,"DUAL_ACCESS",  0,"ST-003135",  0x00000005,  0,  1222,  0,  0,  0,  0,  0,"UNIVERSAL", 0,  0,  0,   244,     0,   0,     0,     0,     0
		STATION =   3136,"DUAL_ACCESS",  0,"ST-003136",  0x00000005,  0,  1223,  0,  0,  0,  0,  0,"UNIVERSAL", 0,  0,  0,  1102,     0,   0,     0,     0,     0
		STATION =   3137,"DUAL_ACCESS",  0,"ST-003137",  0x00000005,  0,  1224,  0,  0,  0,  0,  0,"UNIVERSAL", 0,  0,  0,  2064,     0,   0,     0,     0,     0
		STATION =   3138,"DUAL_ACCESS",  0,"ST-003138",  0x00000005,  0,  2257,  0,  0,  0,  0,  0,"UNIVERSAL", 0,  0,  0,   184,     0,   0,     0,     0,     0
		STATION =   3139,"DUAL_ACCESS",  0,"ST-003139",  0x00000005,  0,  2258,  0,  0,  0,  0,  0,"UNIVERSAL", 0,  0,  0,  1005,     0,   0,     0,     0,     0
		STATION =   3140,"DUAL_ACCESS",  0,"ST-003140",  0x00000005,  0,  2259,  0,  0,  0,  0,  0,"UNIVERSAL", 0,  0,  0,  1750,     0,   0,     0,     0,     0
		STATION =   3141,"DUAL_ACCESS",  0,"ST-003141",  0x00000005,  0,  2260,  0,  0,  0,  0,  0,"UNIVERSAL", 0,  0,  0,  2124,     0,   0,     0,     0,     0
		STATION =   3142,"DUAL_ACCESS",  0,"ST-003142",  0x00000005,  0,  2262,  0,  0,  0,  0,  0,"UNIVERSAL", 0,  0,  0,   621,     0,   0,     0,     0,     0
		STATION =   3143,"DUAL_ACCESS",  1,"ST-003143",  0x00000005,  0,  1656,  0,  0,  0,  0,  0,"UNIVERSAL", 0,  0,  0,  1292,     0,   0,     0,     0,     0
		STATION =   3144,"DUAL_ACCESS",  1,"ST-003144",  0x00000005,  1,  1920,  0,  0,  0,  0,  0,"UNIVERSAL", 0,  0,  0,  1560,     0,   0,     0,     0,     0
		STATION =   3145,"DUAL_ACCESS",  1,"ST-003145",  0x00000005,  1,  1921,  0,  0,  0,  0,  0,"UNIVERSAL", 0,  0,  0,  2120,     0,   0,     0,     0,     0
		STATION =   3146,"DUAL_ACCESS",  1,"ST-003146",  0x00000005,  1,  1923,  0,  0,  0,  0,  0,"UNIVERSAL", 0,  0,  0,   477,     0,   0,     0,     0,     0
		STATION =   3147,"DUAL_ACCESS",  1,"ST-003147",  0x00000005,  1,  1924,  0,  0,  0,  0,  0,"UNIVERSAL", 0,  0,  0,  1094,     0,   0,     0,     0,     0
		STATION =   3148,"DUAL_ACCESS",  1,"ST-003148",  0x00000005,  1,  1925,  0,  0,  0,  0,  0,"UNIVERSAL", 0,  0,  0,  1710,     0,   0,     0,     0,     0
		STATION =   3149,"DUAL_ACCESS",  1,"ST-003149",  0x00000005,  1,  1927,  0,  0,  0,  0,  0,"UNIVERSAL", 0,  0,  0,   610,     0,   0,     0,     0,     0
		STATION =   3150,"DUAL_ACCESS",  0,"ST-003150",  0x00000005,  0,  2647,  0,  0,  0,  0,  0,"UNIVERSAL", 0,  0,  0,  1627,     0,   0,     0,     0,     0
		STATION =   3151,"DUAL_ACCESS",  1,"ST-003151",  0x00000005,  1,  2651,  0,  0,  0,  0,  0,"UNIVERSAL", 0,  0,  0,   782,     0,   0,     0,     0,     0
		STATION =   3152,"DUAL_ACCESS",  0,"ST-003152",  0x00000005,  0,  2654,  0,  0,  0,  0,  0,"UNIVERSAL", 0,  0,  0,  2072,     0,   0,     0,     0,     0
		STATION =   3153,"DUAL_ACCESS",  1,"ST-003153",  0x00000005,  1,  2658,  0,  0,  0,  0,  0,"UNIVERSAL", 0,  0,  0,  1339,     0,   0,     0,     0,     0
		STATION =   3154,"DUAL_ACCESS",  0,"ST-003154",  0x00000005,  0,  2662,  0,  0,  0,  0,  0,"UNIVERSAL", 0,  0,  0,   473,     0,   0,     0,     0,     0
		STATION =   3155,"DUAL_ACCESS",  0,"ST-003155",  0x00000005,  0,  2665,  0,  0,  0,  0,  0,"UNIVERSAL", 0,  0,  0,  1646,     0,   0,     0,     0,     0
		STATION =   3156,"DUAL_ACCESS",  1,"ST-003156",  0x00000005,  1,  2669,  0,  0,  0,  0,  0,"UNIVERSAL", 0,  0,  0,   881,     0,   0,     0,     0,     0
		STATION =   3157,"DUAL_ACCESS",  1,"ST-003157",  0x00000005,  1,  2673,  0,  0,  0,  0,  0,"UNIVERSAL", 0,  0,  0,   178,     0,   0,     0,     0,     0
		STATION =   3158,"DUAL_ACCESS",  1,"ST-003158",  0x00000005,  0,  2676,  0,  0,  0,  0,  0,"UNIVERSAL", 0,  0,  0,  1258,     0,   0,     0,     0,     0
		STATION =   3159,"DUAL_ACCESS",  1,"ST-003159",  0x00000005,  1,  2698,  0,  0,  0,  0,  0,"UNIVERSAL", 0,  0,  0,   266,     0,   0,     0,     0,     0
		STATION =   3160,"DUAL_ACCESS",  1,"ST-003160",  0x00000005,  1,  2701,  0,  0,  0,  0,  0,"UNIVERSAL", 0,  0,  0,  1424,     0,   0,     0,     0,     0
		STATION =   3161,"DUAL_ACCESS",  0,"ST-003161",  0x00000005,  0,  2709,  0,  0,  0,  0,  0,"UNIVERSAL", 0,  0,  0,  1732,     0,   0,     0,     0,     0
		STATION =   3162,"DUAL_ACCESS",  0,"ST-003162",  0x00000005,  0,  2713,  0,  0,  0,  0,  0,"UNIVERSAL", 0,  0,  0,   930,     0,   0,     0,     0,     0
		STATION =   3163,"DUAL_ACCESS",  0,"ST-003163",  0x00000005,  0,  2716,  0,  0,  0,  0,  0,"UNIVERSAL", 0,  0,  0,  2110,     0,   0,     0,     0,     0
		STATION =   3164,"DUAL_ACCESS",  0,"ST-003164",  0x00000005,  0,  2720,  0,  0,  0,  0,  0,"UNIVERSAL", 0,  0,  0,  1259,     0,   0,     0,     0,     0
		STATION =   3165,"DUAL_ACCESS",  0,"ST-003165",  0x00000005,  0,  2724,  0,  0,  0,  0,  0,"UNIVERSAL", 0,  0,  0,   464,     0,   0,     0,     0,     0
		STATION =   3166,"DUAL_ACCESS",  0,"ST-003166",  0x00000005,  0,  2727,  0,  0,  0,  0,  0,"UNIVERSAL", 0,  0,  0,  1760,     0,   0,     0,     0,     0
		STATION =   3167,"DUAL_ACCESS",  0,"ST-003167",  0x00000005,  0,  2731,  0,  0,  0,  0,  0,"UNIVERSAL", 0,  0,  0,   983,     0,   0,     0,     0,     0
		STATION =   3168,"DUAL_ACCESS",  0,"ST-003168",  0x00000005,  0,  2734,  0,  0,  0,  0,  0,"UNIVERSAL", 0,  0,  0,  1600,     0,   0,     0,     0,     0
		STATION =   3169,"DUAL_ACCESS",  0,"ST-003169",  0x00000005,  0,  2742,  0,  0,  0,  0,  0,"UNIVERSAL", 0,  0,  0,  1076,     0,   0,     0,     0,     0
		STATION =   3170,"DUAL_ACCESS",  0,"ST-003170",  0x00000005,  0,  2743,  0,  0,  0,  0,  0,"UNIVERSAL", 0,  0,  0,  2058,     0,   0,     0,     0,     0
		STATION =   3171,"DUAL_ACCESS",  1,"ST-003171",  0x00000005,  1,  1657,  0,  0,  0,  0,  0,"UNIVERSAL", 0,  0,  0,  1638,     0,   0,     0,     0,     0
		STATION =   3172,"DUAL_ACCESS",  0,"ST-003172",  0x00000005,  0,  2642,  0,  0,  0,  0,  0,"UNIVERSAL", 0,  0,  0,   318,     0,   0,     0,     0,     0
		STATION =   3173,"DUAL_ACCESS",  1,"ST-003173",  0x00000005,  0,  1596,  0,  0,  0,  0,  0,"UNIVERSAL", 0,  0,  0,  1578,     0,   0,     0,     0,     0
		STATION =   3174,"DUAL_ACCESS",  1,"ST-003174",  0x00000005,  1,  1598,  0,  0,  0,  0,  0,"UNIVERSAL", 0,  0,  0,   864,     0,   0,     0,     0,     0
		STATION =   3175,"DUAL_ACCESS",  1,"ST-003175",  0x00000005,  1,  1599,  0,  0,  0,  0,  0,"UNIVERSAL", 0,  0,  0,  1794,     0,   0,     0,     0,     0
		STATION =   3176,"DUAL_ACCESS",  1,"ST-003176",  0x00000005,  1,  1601,  0,  0,  0,  0,  0,"UNIVERSAL", 0,  0,  0,   805,     0,   0,     0,     0,     0
		STATION =   3177,"DUAL_ACCESS",  1,"ST-003177",  0x00000005,  0,  1602,  0,  0,  0,  0,  0,"UNIVERSAL", 0,  0,  0,  1741,     0,   0,     0,     0,     0
		STATION =   3178,"DUAL_ACCESS",  1,"ST-003178",  0x00000005,  1,  1604,  0,  0,  0,  0,  0,"UNIVERSAL", 0,  0,  0,   871,     0,   0,     0,     0,     0
		STATION =   3179,"DUAL_ACCESS",  1,"ST-003179",  0x00000005,  1,  1605,  0,  0,  0,  0,  0,"UNIVERSAL", 0,  0,  0,  1780,     0,   0,     0,     0,     0
		STATION =   3180,"DUAL_ACCESS",  1,"ST-003180",  0x00000005,  1,  1607,  0,  0,  0,  0,  0,"UNIVERSAL", 0,  0,  0,   735,     0,   0,     0,     0,     0
		STATION =   3181,"DUAL_ACCESS",  1,"ST-003181",  0x00000005,  0,  1608,  0,  0,  0,  0,  0,"UNIVERSAL", 0,  0,  0,  1768,     0,   0,     0,     0,     0
		STATION =   3182,"DUAL_ACCESS",  1,"ST-003182",  0x00000005,  1,  1610,  0,  0,  0,  0,  0,"UNIVERSAL", 0,  0,  0,   778,     0,   0,     0,     0,     0
		STATION =   3183,"DUAL_ACCESS",  1,"ST-003183",  0x00000005,  1,  1611,  0,  0,  0,  0,  0,"UNIVERSAL", 0,  0,  0,  1763,     0,   0,     0,     0,     0
		STATION =   3184,"DUAL_ACCESS",  1,"ST-003184",  0x00000005,  0,  1613,  0,  0,  0,  0,  0,"UNIVERSAL", 0,  0,  0,   795,     0,   0,     0,     0,     0
		STATION =   3185,"DUAL_ACCESS",  1,"ST-003185",  0x00000005,  1,  1622,  0,  0,  0,  0,  0,"UNIVERSAL", 0,  0,  0,  1478,     0,   0,     0,     0,     0
		STATION =   3186,"DUAL_ACCESS",  1,"ST-003186",  0x00000005,  1,  1626,  0,  0,  0,  0,  0,"UNIVERSAL", 0,  0,  0,   733,     0,   0,     0,     0,     0
		STATION =   3187,"DUAL_ACCESS",  1,"ST-003187",  0x00000005,  1,  1629,  0,  0,  0,  0,  0,"UNIVERSAL", 0,  0,  0,  1870,     0,   0,     0,     0,     0
		STATION =   3188,"DUAL_ACCESS",  1,"ST-003188",  0x00000005,  1,  1633,  0,  0,  0,  0,  0,"UNIVERSAL", 0,  0,  0,   983,     0,   0,     0,     0,     0
		STATION =   3189,"DUAL_ACCESS",  1,"ST-003189",  0x00000005,  1,  1637,  0,  0,  0,  0,  0,"UNIVERSAL", 0,  0,  0,   258,     0,   0,     0,     0,     0
		STATION =   3190,"DUAL_ACCESS",  1,"ST-003190",  0x00000005,  1,  1672,  0,  0,  0,  0,  0,"UNIVERSAL", 0,  0,  0,  1508,     0,   0,     0,     0,     0
		STATION =   3191,"DUAL_ACCESS",  1,"ST-003191",  0x00000005,  1,  1677,  0,  0,  0,  0,  0,"UNIVERSAL", 0,  0,  0,   993,     0,   0,     0,     0,     0
		STATION =   3192,"DUAL_ACCESS",  1,"ST-003192",  0x00000005,  1,  1681,  0,  0,  0,  0,  0,"UNIVERSAL", 0,  0,  0,   763,     0,   0,     0,     0,     0
		STATION =   3193,"DUAL_ACCESS",  1,"ST-003193",  0x00000005,  1,  1684,  0,  0,  0,  0,  0,"UNIVERSAL", 0,  0,  0,  2006,     0,   0,     0,     0,     0
		STATION =   3194,"DUAL_ACCESS",  1,"ST-003194",  0x00000005,  1,  1688,  0,  0,  0,  0,  0,"UNIVERSAL", 0,  0,  0,  1199,     0,   0,     0,     0,     0
		STATION =   3195,"DUAL_ACCESS",  1,"ST-003195",  0x00000005,  0,  1691,  0,  0,  0,  0,  0,"UNIVERSAL", 0,  0,  0,  1720,     0,   0,     0,     0,     0
		STATION =   3196,"DUAL_ACCESS",  1,"ST-003196",  0x00000005,  1,  1703,  0,  0,  0,  0,  0,"UNIVERSAL", 0,  0,  0,   725,     0,   0,     0,     0,     0
		STATION =   3197,"DUAL_ACCESS",  1,"ST-003197",  0x00000005,  1,  1704,  0,  0,  0,  0,  0,"UNIVERSAL", 0,  0,  0,  1124,     0,   0,     0,     0,     0
		STATION =   3198,"DUAL_ACCESS",  1,"ST-003198",  0x00000005,  1,  1705,  0,  0,  0,  0,  0,"UNIVERSAL", 0,  0,  0,  1495,     0,   0,     0,     0,     0
		STATION =   3199,"DUAL_ACCESS",  1,"ST-003199",  0x00000005,  1,  1706,  0,  0,  0,  0,  0,"UNIVERSAL", 0,  0,  0,  1878,     0,   0,     0,     0,     0
		STATION =   3200,"DUAL_ACCESS",  1,"ST-003200",  0x00000005,  1,  1708,  0,  0,  0,  0,  0,"UNIVERSAL", 0,  0,  0,   414,     0,   0,     0,     0,     0
		STATION =   3201,"DUAL_ACCESS",  1,"ST-003201",  0x00000005,  1,  1709,  0,  0,  0,  0,  0,"UNIVERSAL", 0,  0,  0,   799,     0,   0,     0,     0,     0
		STATION =   3202,"DUAL_ACCESS",  1,"ST-003202",  0x00000005,  1,  1710,  0,  0,  0,  0,  0,"UNIVERSAL", 0,  0,  0,  1194,     0,   0,     0,     0,     0
		STATION =   3203,"DUAL_ACCESS",  1,"ST-003203",  0x00000005,  1,  1711,  0,  0,  0,  0,  0,"UNIVERSAL", 0,  0,  0,  1547,     0,   0,     0,     0,     0
		STATION =   3204,"DUAL_ACCESS",  1,"ST-003204",  0x00000005,  0,  1028,  0,  0,  0,  0,  0,"UNIVERSAL", 0,  0,  0,   986,     0,   0,     0,     0,     0
		STATION =   3205,"DUAL_ACCESS",  1,"ST-003205",  0x00000005,  1,  1675,  0,  0,  0,  0,  0,"UNIVERSAL", 0,  0,  0,   176,     0,   0,     0,     0,     0
		STATION =   3206,"DUAL_ACCESS",  1,"ST-003206",  0x00000005,  0,  1035,  0,  0,  0,  0,  0,"UNIVERSAL", 0,  0,  0,   730,     0,   0,     0,     0,     0
		STATION =   3207,"DUAL_ACCESS",  1,"ST-003207",  0x00000005,  1,  1676,  0,  0,  0,  0,  0,"UNIVERSAL", 0,  0,  0,   616,     0,   0,     0,     0,     0
		STATION =   3208,"DUAL_ACCESS",  1,"ST-003208",  0x00000005,  0,  2067,  0,  0,  0,  0,  0,"UNIVERSAL", 0,  0,  0,   929,     0,   0,     0,     0,     0
		STATION =   3209,"DUAL_ACCESS",  1,"ST-003209",  0x00000005,  0,  2069,  0,  0,  0,  0,  0,"UNIVERSAL", 0,  0,  0,   789,     0,   0,     0,     0,     0
		STATION =   3210,"DUAL_ACCESS",  1,"ST-003210",  0x00000005,  0,  2073,  0,  0,  0,  0,  0,"UNIVERSAL", 0,  0,  0,   259,     0,   0,     0,     0,     0
		STATION =   3211,"DUAL_ACCESS",  1,"ST-003211",  0x00000005,  0,  2074,  0,  0,  0,  0,  0,"UNIVERSAL", 0,  0,  0,   365,     0,   0,     0,     0,     0
		STATION =   3212,"DUAL_ACCESS",  1,"ST-003212",  0x00000005,  0,  1039,  0,  0,  0,  0,  0,"UNIVERSAL", 0,  0,  0,   324,     0,   0,     0,     0,     0
		STATION =   3213,"DUAL_ACCESS",  1,"ST-003213",  0x00000005,  0,  2077,  0,  0,  0,  0,  0,"UNIVERSAL", 0,  0,  0,   304,     0,   0,     0,     0,     0
		STATION =   3214,"DUAL_ACCESS",  1,"ST-003214",  0x00000005,  1,  2078,  0,  0,  0,  0,  0,"UNIVERSAL", 0,  0,  0,   272,     0,   0,     0,     0,     0
		STATION =   3215,"DUAL_ACCESS",  1,"ST-003215",  0x00000005,  0,  2078,  0,  0,  0,  0,  0,"UNIVERSAL", 0,  0,  0,  2043,     0,   0,     0,     0,     0
		STATION =   3216,"DUAL_ACCESS",  1,"ST-003216",  0x00000005,  0,  1678,  0,  0,  0,  0,  0,"UNIVERSAL", 0,  0,  0,  1966,     0,   0,     0,     0,     0
		STATION =   3217,"DUAL_ACCESS",  1,"ST-003217",  0x00000005,  1,  1680,  0,  0,  0,  0,  0,"UNIVERSAL", 0,  0,  0,   357,     0,   0,     0,     0,     0
		STATION =   3218,"DUAL_ACCESS",  1,"ST-003218",  0x00000005,  1,  1682,  0,  0,  0,  0,  0,"UNIVERSAL", 0,  0,  0,  1936,     0,   0,     0,     0,     0
		STATION =   3219,"DUAL_ACCESS",  1,"ST-003219",  0x00000005,  0,  1045,  0,  0,  0,  0,  0,"UNIVERSAL", 0,  0,  0,  1490,     0,   0,     0,     0,     0
		STATION =   3220,"DUAL_ACCESS",  1,"ST-003220",  0x00000005,  1,  1683,  0,  0,  0,  0,  0,"UNIVERSAL", 0,  0,  0,  1974,     0,   0,     0,     0,     0
		STATION =   3221,"DUAL_ACCESS",  1,"ST-003221",  0x00000005,  0,  1686,  0,  0,  0,  0,  0,"UNIVERSAL", 0,  0,  0,  1071,     0,   0,     0,     0,     0
		STATION =   3222,"DUAL_ACCESS",  1,"ST-003222",  0x00000005,  0,  1010,  0,  0,  0,  0,  0,"UNIVERSAL", 0,  0,  0,  1508,     0,   0,     0,     0,     0
		STATION =   3223,"DUAL_ACCESS",  1,"ST-003223",  0x00000005,  0,  1012,  0,  0,  0,  0,  0,"UNIVERSAL", 0,  0,  0,   671,     0,   0,     0,     0,     0
		STATION =   3224,"DUAL_ACCESS",  1,"ST-003224",  0x00000005,  0,  1013,  0,  0,  0,  0,  0,"UNIVERSAL", 0,  0,  0,  1281,     0,   0,     0,     0,     0
		STATION =   3225,"DUAL_ACCESS",  1,"ST-003225",  0x00000005,  1,  2040,  0,  0,  0,  0,  0,"UNIVERSAL", 0,  0,  0,   214,     0,   0,     0,     0,     0
		STATION =   3226,"DUAL_ACCESS",  1,"ST-003226",  0x00000005,  1,  1687,  0,  0,  0,  0,  0,"UNIVERSAL", 0,  0,  0,  1359,     0,   0,     0,     0,     0
		STATION =   3227,"DUAL_ACCESS",  1,"ST-003227",  0x00000005,  1,  1689,  0,  0,  0,  0,  0,"UNIVERSAL", 0,  0,  0,  1326,     0,   0,     0,     0,     0
		STATION =   3228,"DUAL_ACCESS",  1,"ST-003228",  0x00000005,  0,  2048,  0,  0,  0,  0,  0,"UNIVERSAL", 0,  0,  0,   599,     0,   0,     0,     0,     0
		STATION =   3229,"DUAL_ACCESS",  1,"ST-003229",  0x00000005,  0,  2049,  0,  0,  0,  0,  0,"UNIVERSAL", 0,  0,  0,   432,     0,   0,     0,     0,     0
		STATION =   3230,"DUAL_ACCESS",  1,"ST-003230",  0x00000005,  0,  2050,  0,  0,  0,  0,  0,"UNIVERSAL", 0,  0,  0,   210,     0,   0,     0,     0,     0
		STATION =   3231,"DUAL_ACCESS",  1,"ST-003231",  0x00000005,  1,  1690,  0,  0,  0,  0,  0,"UNIVERSAL", 0,  0,  0,  1800,     0,   0,     0,     0,     0
		STATION =   3232,"DUAL_ACCESS",  1,"ST-003232",  0x00000005,  1,  1590,  0,  0,  0,  0,  0,"UNIVERSAL", 0,  0,  0,   821,     0,   0,     0,     0,     0
		STATION =   3233,"DUAL_ACCESS",  1,"ST-003233",  0x00000005,  1,  1591,  0,  0,  0,  0,  0,"UNIVERSAL", 0,  0,  0,  1771,     0,   0,     0,     0,     0
		STATION =   3234,"DUAL_ACCESS",  1,"ST-003234",  0x00000005,  1,  1644,  0,  0,  0,  0,  0,"UNIVERSAL", 0,  0,  0,   657,     0,   0,     0,     0,     0
		STATION =   3235,"DUAL_ACCESS",  1,"ST-003235",  0x00000005,  0,  1645,  0,  0,  0,  0,  0,"UNIVERSAL", 0,  0,  0,  1279,     0,   0,     0,     0,     0
		STATION =   3236,"DUAL_ACCESS",  1,"ST-003236",  0x00000005,  1,  1646,  0,  0,  0,  0,  0,"UNIVERSAL", 0,  0,  0,  1897,     0,   0,     0,     0,     0
		STATION =   3237,"DUAL_ACCESS",  1,"ST-003237",  0x00000005,  1,  1647,  0,  0,  0,  0,  0,"UNIVERSAL", 0,  0,  0,  1743,     0,   0,     0,     0,     0
		STATION =   3238,"DUAL_ACCESS",  1,"ST-003238",  0x00000005,  1,  1648,  0,  0,  0,  0,  0,"UNIVERSAL", 0,  0,  0,  1742,     0,   0,     0,     0,     0
		STATION =   3239,"DUAL_ACCESS",  1,"ST-003239",  0x00000005,  1,  1649,  0,  0,  0,  0,  0,"UNIVERSAL", 0,  0,  0,  1527,     0,   0,     0,     0,     0
		STATION =   3240,"DUAL_ACCESS",  1,"ST-003240",  0x00000005,  1,  1650,  0,  0,  0,  0,  0,"UNIVERSAL", 0,  0,  0,  1347,     0,   0,     0,     0,     0
		STATION =   3241,"DUAL_ACCESS",  1,"ST-003241",  0x00000005,  0,  1660,  0,  0,  0,  0,  0,"UNIVERSAL", 0,  0,  0,   553,     0,   0,     0,     0,     0
		STATION =   3242,"DUAL_ACCESS",  1,"ST-003242",  0x00000005,  1,  1662,  0,  0,  0,  0,  0,"UNIVERSAL", 0,  0,  0,   633,     0,   0,     0,     0,     0
		STATION =   3243,"DUAL_ACCESS",  1,"ST-003243",  0x00000005,  1,  1663,  0,  0,  0,  0,  0,"UNIVERSAL", 0,  0,  0,  1610,     0,   0,     0,     0,     0
		STATION =   3244,"DUAL_ACCESS",  1,"ST-003244",  0x00000005,  0,  1665,  0,  0,  0,  0,  0,"UNIVERSAL", 0,  0,  0,   880,     0,   0,     0,     0,     0
		STATION =   3245,"DUAL_ACCESS",  1,"ST-003245",  0x00000005,  0,  1666,  0,  0,  0,  0,  0,"UNIVERSAL", 0,  0,  0,  2019,     0,   0,     0,     0,     0
		STATION =   3246,"DUAL_ACCESS",  1,"ST-003246",  0x00000005,  1,  2686,  0,  0,  0,  0,  0,"UNIVERSAL", 0,  0,  0,  1386,     0,   0,     0,     0,     0
		STATION =   3247,"DUAL_ACCESS",  1,"ST-003247",  0x00000005,  1,  2688,  0,  0,  0,  0,  0,"UNIVERSAL", 0,  0,  0,  1177,     0,   0,     0,     0,     0
		STATION =   3248,"DUAL_ACCESS",  1,"ST-003248",  0x00000005,  1,  2690,  0,  0,  0,  0,  0,"UNIVERSAL", 0,  0,  0,   437,     0,   0,     0,     0,     0
		STATION =   3249,"DUAL_ACCESS",  1,"ST-003249",  0x00000005,  1,  2691,  0,  0,  0,  0,  0,"UNIVERSAL", 0,  0,  0,  1932,     0,   0,     0,     0,     0
		STATION =   3250,"DUAL_ACCESS",  1,"ST-003250",  0x00000005,  1,  2693,  0,  0,  0,  0,  0,"UNIVERSAL", 0,  0,  0,  1345,     0,   0,     0,     0,     0
		STATION =   3251,"DUAL_ACCESS",  1,"ST-003251",  0x00000005,  1,  2152,  0,  0,  0,  0,  0,"UNIVERSAL", 0,  0,  0,  1212,     0,   0,     0,     0,     0
		STATION =   3252,"DUAL_ACCESS",  1,"ST-003252",  0x00000005,  1,  2153,  0,  0,  0,  0,  0,"UNIVERSAL", 0,  0,  0,  1132,     0,   0,     0,     0,     0
		STATION =   3253,"DUAL_ACCESS",  0,"ST-003253",  0x00000005,  0,  2154,  0,  0,  0,  0,  0,"UNIVERSAL", 0,  0,  0,   742,     0,   0,     0,     0,     0
		STATION =   3254,"DUAL_ACCESS",  1,"ST-003254",  0x00000005,  1,  2155,  0,  0,  0,  0,  0,"UNIVERSAL", 0,  0,  0,   526,     0,   0,     0,     0,     0
		STATION =   3255,"DUAL_ACCESS",  1,"ST-003255",  0x00000005,  1,  2156,  0,  0,  0,  0,  0,"UNIVERSAL", 0,  0,  0,   383,     0,   0,     0,     0,     0
		STATION =   3256,"DUAL_ACCESS",  0,"ST-003256",  0x00000005,  0,  2156,  0,  0,  0,  0,  0,"UNIVERSAL", 0,  0,  0,  2182,     0,   0,     0,     0,     0
		STATION =   3257,"DUAL_ACCESS",  1,"ST-003257",  0x00000005,  1,  2157,  0,  0,  0,  0,  0,"UNIVERSAL", 0,  0,  0,  1926,     0,   0,     0,     0,     0
		STATION =   3258,"DUAL_ACCESS",  1,"ST-003258",  0x00000005,  1,  2158,  0,  0,  0,  0,  0,"UNIVERSAL", 0,  0,  0,  1896,     0,   0,     0,     0,     0
		STATION =   3259,"DUAL_ACCESS",  0,"ST-003259",  0x00000005,  0,  2159,  0,  0,  0,  0,  0,"UNIVERSAL", 0,  0,  0,  1584,     0,   0,     0,     0,     0
		STATION =   3260,"DUAL_ACCESS",  1,"ST-003260",  0x00000005,  1,  2160,  0,  0,  0,  0,  0,"UNIVERSAL", 0,  0,  0,  1444,     0,   0,     0,     0,     0
		STATION =   3261,"DUAL_ACCESS",  1,"ST-003261",  0x00000005,  1,  2161,  0,  0,  0,  0,  0,"UNIVERSAL", 0,  0,  0,  1346,     0,   0,     0,     0,     0
		STATION =   3262,"DUAL_ACCESS",  0,"ST-003262",  0x00000005,  0,  2162,  0,  0,  0,  0,  0,"UNIVERSAL", 0,  0,  0,  1128,     0,   0,     0,     0,     0
		STATION =   3263,"DUAL_ACCESS",  1,"ST-003263",  0x00000005,  1,  2163,  0,  0,  0,  0,  0,"UNIVERSAL", 0,  0,  0,  1086,     0,   0,     0,     0,     0
		STATION =   3264,"DUAL_ACCESS",  1,"ST-003264",  0x00000005,  1,  2164,  0,  0,  0,  0,  0,"UNIVERSAL", 0,  0,  0,  1015,     0,   0,     0,     0,     0
		STATION =   3265,"DUAL_ACCESS",  0,"ST-003265",  0x00000005,  0,  2165,  0,  0,  0,  0,  0,"UNIVERSAL", 0,  0,  0,   768,     0,   0,     0,     0,     0
		STATION =   3266,"DUAL_ACCESS",  1,"ST-003266",  0x00000005,  1,  2166,  0,  0,  0,  0,  0,"UNIVERSAL", 0,  0,  0,   463,     0,   0,     0,     0,     0
		STATION =   3267,"DUAL_ACCESS",  1,"ST-003267",  0x00000005,  1,  2167,  0,  0,  0,  0,  0,"UNIVERSAL", 0,  0,  0,   218,     0,   0,     0,     0,     0
		STATION =   3268,"DUAL_ACCESS",  0,"ST-003268",  0x00000005,  0,  2167,  0,  0,  0,  0,  0,"UNIVERSAL", 0,  0,  0,  2085,     0,   0,     0,     0,     0
		STATION =   3269,"DUAL_ACCESS",  1,"ST-003269",  0x00000005,  1,  2168,  0,  0,  0,  0,  0,"UNIVERSAL", 0,  0,  0,  1978,     0,   0,     0,     0,     0
		STATION =   3270,"DUAL_ACCESS",  1,"ST-003270",  0x00000005,  1,  2169,  0,  0,  0,  0,  0,"UNIVERSAL", 0,  0,  0,  1832,     0,   0,     0,     0,     0
		STATION =   3271,"DUAL_ACCESS",  0,"ST-003271",  0x00000005,  0,  2170,  0,  0,  0,  0,  0,"UNIVERSAL", 0,  0,  0,  1621,     0,   0,     0,     0,     0
		STATION =   3272,"DUAL_ACCESS",  1,"ST-003272",  0x00000005,  1,  2171,  0,  0,  0,  0,  0,"UNIVERSAL", 0,  0,  0,  1340,     0,   0,     0,     0,     0
		STATION =   3273,"DUAL_ACCESS",  1,"ST-003273",  0x00000005,  1,  2172,  0,  0,  0,  0,  0,"UNIVERSAL", 0,  0,  0,  1068,     0,   0,     0,     0,     0
		STATION =   3274,"DUAL_ACCESS",  0,"ST-003274",  0x00000005,  0,  2173,  0,  0,  0,  0,  0,"UNIVERSAL", 0,  0,  0,   769,     0,   0,     0,     0,     0
		STATION =   3275,"DUAL_ACCESS",  1,"ST-003275",  0x00000005,  1,  2174,  0,  0,  0,  0,  0,"UNIVERSAL", 0,  0,  0,   552,     0,   0,     0,     0,     0
		STATION =   3276,"DUAL_ACCESS",  1,"ST-003276",  0x00000005,  1,  2175,  0,  0,  0,  0,  0,"UNIVERSAL", 0,  0,  0,   353,     0,   0,     0,     0,     0
		STATION =   3277,"DUAL_ACCESS",  0,"ST-003277",  0x00000005,  0,  2175,  0,  0,  0,  0,  0,"UNIVERSAL", 0,  0,  0,  2073,     0,   0,     0,     0,     0
		STATION =   3278,"DUAL_ACCESS",  1,"ST-003278",  0x00000005,  1,  2176,  0,  0,  0,  0,  0,"UNIVERSAL", 0,  0,  0,  1850,     0,   0,     0,     0,     0
		STATION =   3279,"DUAL_ACCESS",  1,"ST-003279",  0x00000005,  1,  2177,  0,  0,  0,  0,  0,"UNIVERSAL", 0,  0,  0,  1568,     0,   0,     0,     0,     0
		STATION =   3280,"DUAL_ACCESS",  1,"ST-003280",  0x00000005,  1,  2178,  0,  0,  0,  0,  0,"UNIVERSAL", 0,  0,  0,  1387,     0,   0,     0,     0,     0
		STATION =   3281,"DUAL_ACCESS",  1,"ST-003281",  0x00000005,  1,  2179,  0,  0,  0,  0,  0,"UNIVERSAL", 0,  0,  0,  1194,     0,   0,     0,     0,     0
		STATION =   3282,"DUAL_ACCESS",  1,"ST-003282",  0x00000005,  1,  2180,  0,  0,  0,  0,  0,"UNIVERSAL", 0,  0,  0,   876,     0,   0,     0,     0,     0
		STATION =   3283,"DUAL_ACCESS",  1,"ST-003283",  0x00000005,  1,  2181,  0,  0,  0,  0,  0,"UNIVERSAL", 0,  0,  0,   570,     0,   0,     0,     0,     0
		STATION =   3284,"DUAL_ACCESS",  1,"ST-003284",  0x00000005,  1,  2181,  0,  0,  0,  0,  0,"UNIVERSAL", 0,  0,  0,  2184,     0,   0,     0,     0,     0
		STATION =   3285,"DUAL_ACCESS",  1,"ST-003285",  0x00000005,  1,  2182,  0,  0,  0,  0,  0,"UNIVERSAL", 0,  0,  0,  1806,     0,   0,     0,     0,     0
		STATION =   3286,"DUAL_ACCESS",  1,"ST-003286",  0x00000005,  0,  1119,  0,  0,  0,  0,  0,"UNIVERSAL", 0,  0,  0,   614,     0,   0,     0,     0,     0
		STATION =   3287,"DUAL_ACCESS",  1,"ST-003287",  0x00000005,  1,  1120,  0,  0,  0,  0,  0,"UNIVERSAL", 0,  0,  0,   895,     0,   0,     0,     0,     0
		STATION =   3288,"DUAL_ACCESS",  1,"ST-003288",  0x00000005,  1,  1121,  0,  0,  0,  0,  0,"UNIVERSAL", 0,  0,  0,  1204,     0,   0,     0,     0,     0
		STATION =   3289,"DUAL_ACCESS",  1,"ST-003289",  0x00000005,  1,  1122,  0,  0,  0,  0,  0,"UNIVERSAL", 0,  0,  0,  1036,     0,   0,     0,     0,     0
		STATION =   3290,"DUAL_ACCESS",  1,"ST-003290",  0x00000005,  1,  1123,  0,  0,  0,  0,  0,"UNIVERSAL", 0,  0,  0,   773,     0,   0,     0,     0,     0
		STATION =   3291,"DUAL_ACCESS",  1,"ST-003291",  0x00000005,  1,  1124,  0,  0,  0,  0,  0,"UNIVERSAL", 0,  0,  0,   542,     0,   0,     0,     0,     0
		STATION =   3292,"DUAL_ACCESS",  1,"ST-003292",  0x00000005,  0,  1125,  0,  0,  0,  0,  0,"UNIVERSAL", 0,  0,  0,   439,     0,   0,     0,     0,     0
		STATION =   3293,"DUAL_ACCESS",  1,"ST-003293",  0x00000005,  1,  1126,  0,  0,  0,  0,  0,"UNIVERSAL", 0,  0,  0,   219,     0,   0,     0,     0,     0
		STATION =   3294,"DUAL_ACCESS",  1,"ST-003294",  0x00000005,  1,  1126,  0,  0,  0,  0,  0,"UNIVERSAL", 0,  0,  0,  2041,     0,   0,     0,     0,     0
		STATION =   3295,"DUAL_ACCESS",  1,"ST-003295",  0x00000005,  1,  1127,  0,  0,  0,  0,  0,"UNIVERSAL", 0,  0,  0,  1919,     0,   0,     0,     0,     0
		STATION =   3296,"DUAL_ACCESS",  1,"ST-003296",  0x00000005,  1,  1128,  0,  0,  0,  0,  0,"UNIVERSAL", 0,  0,  0,  1834,     0,   0,     0,     0,     0
		STATION =   3297,"DUAL_ACCESS",  1,"ST-003297",  0x00000005,  1,  1129,  0,  0,  0,  0,  0,"UNIVERSAL", 0,  0,  0,  1528,     0,   0,     0,     0,     0
		STATION =   3298,"DUAL_ACCESS",  1,"ST-003298",  0x00000005,  0,  1130,  0,  0,  0,  0,  0,"UNIVERSAL", 0,  0,  0,  1305,     0,   0,     0,     0,     0
		STATION =   3299,"DUAL_ACCESS",  1,"ST-003299",  0x00000005,  1,  1131,  0,  0,  0,  0,  0,"UNIVERSAL", 0,  0,  0,  1167,     0,   0,     0,     0,     0
		STATION =   3300,"DUAL_ACCESS",  1,"ST-003300",  0x00000005,  1,  1132,  0,  0,  0,  0,  0,"UNIVERSAL", 0,  0,  0,  1042,     0,   0,     0,     0,     0
		STATION =   3301,"DUAL_ACCESS",  1,"ST-003301",  0x00000005,  1,  1133,  0,  0,  0,  0,  0,"UNIVERSAL", 0,  0,  0,   848,     0,   0,     0,     0,     0
		STATION =   3302,"DUAL_ACCESS",  1,"ST-003302",  0x00000005,  1,  1134,  0,  0,  0,  0,  0,"UNIVERSAL", 0,  0,  0,   617,     0,   0,     0,     0,     0
		STATION =   3303,"DUAL_ACCESS",  1,"ST-003303",  0x00000005,  1,  1135,  0,  0,  0,  0,  0,"UNIVERSAL", 0,  0,  0,   342,     0,   0,     0,     0,     0
		STATION =   3304,"DUAL_ACCESS",  1,"ST-003304",  0x00000005,  0,  1135,  0,  0,  0,  0,  0,"UNIVERSAL", 0,  0,  0,  2091,     0,   0,     0,     0,     0
		STATION =   3305,"DUAL_ACCESS",  1,"ST-003305",  0x00000005,  1,  1136,  0,  0,  0,  0,  0,"UNIVERSAL", 0,  0,  0,  1836,     0,   0,     0,     0,     0
		STATION =   3306,"DUAL_ACCESS",  1,"ST-003306",  0x00000005,  1,  1137,  0,  0,  0,  0,  0,"UNIVERSAL", 0,  0,  0,  1652,     0,   0,     0,     0,     0
		STATION =   3307,"DUAL_ACCESS",  1,"ST-003307",  0x00000005,  1,  1138,  0,  0,  0,  0,  0,"UNIVERSAL", 0,  0,  0,  1353,     0,   0,     0,     0,     0
		STATION =   3308,"DUAL_ACCESS",  1,"ST-003308",  0x00000005,  1,  1139,  0,  0,  0,  0,  0,"UNIVERSAL", 0,  0,  0,  1158,     0,   0,     0,     0,     0
		STATION =   3309,"DUAL_ACCESS",  1,"ST-003309",  0x00000005,  1,  1140,  0,  0,  0,  0,  0,"UNIVERSAL", 0,  0,  0,   863,     0,   0,     0,     0,     0
		STATION =   3310,"DUAL_ACCESS",  1,"ST-003310",  0x00000005,  0,  1141,  0,  0,  0,  0,  0,"UNIVERSAL", 0,  0,  0,   701,     0,   0,     0,     0,     0
		STATION =   3311,"DUAL_ACCESS",  1,"ST-003311",  0x00000005,  0,  2482,  0,  0,  0,  0,  0,"UNIVERSAL", 0,  0,  0,   810,     0,   0,     0,     0,     0
		STATION =   3312,"DUAL_ACCESS",  1,"ST-003312",  0x00000005,  1,  2483,  0,  0,  0,  0,  0,"UNIVERSAL", 0,  0,  0,   718,     0,   0,     0,     0,     0
		STATION =   3313,"DUAL_ACCESS",  1,"ST-003313",  0x00000005,  1,  2484,  0,  0,  0,  0,  0,"UNIVERSAL", 0,  0,  0,   520,     0,   0,     0,     0,     0
		STATION =   3314,"DUAL_ACCESS",  1,"ST-003314",  0x00000005,  1,  2485,  0,  0,  0,  0,  0,"UNIVERSAL", 0,  0,  0,   388,     0,   0,     0,     0,     0
		STATION =   3315,"DUAL_ACCESS",  1,"ST-003315",  0x00000005,  1,  2486,  0,  0,  0,  0,  0,"UNIVERSAL", 0,  0,  0,   259,     0,   0,     0,     0,     0
		STATION =   3316,"DUAL_ACCESS",  0,"ST-003316",  0x00000005,  0,  2486,  0,  0,  0,  0,  0,"UNIVERSAL", 0,  0,  0,  2194,     0,   0,     0,     0,     0
		STATION =   3317,"DUAL_ACCESS",  1,"ST-003317",  0x00000005,  0,  2487,  0,  0,  0,  0,  0,"UNIVERSAL", 0,  0,  0,  2137,     0,   0,     0,     0,     0
		STATION =   3318,"DUAL_ACCESS",  1,"ST-003318",  0x00000005,  1,  2488,  0,  0,  0,  0,  0,"UNIVERSAL", 0,  0,  0,  2024,     0,   0,     0,     0,     0
		STATION =   3319,"DUAL_ACCESS",  0,"ST-003319",  0x00000005,  0,  2489,  0,  0,  0,  0,  0,"UNIVERSAL", 0,  0,  0,  1924,     0,   0,     0,     0,     0
		STATION =   3320,"DUAL_ACCESS",  1,"ST-003320",  0x00000005,  1,  2490,  0,  0,  0,  0,  0,"UNIVERSAL", 0,  0,  0,  1872,     0,   0,     0,     0,     0
		STATION =   3321,"DUAL_ACCESS",  1,"ST-003321",  0x00000005,  1,  2491,  0,  0,  0,  0,  0,"UNIVERSAL", 0,  0,  0,  1909,     0,   0,     0,     0,     0
		STATION =   3322,"DUAL_ACCESS",  0,"ST-003322",  0x00000005,  0,  2492,  0,  0,  0,  0,  0,"UNIVERSAL", 0,  0,  0,  1860,     0,   0,     0,     0,     0
		STATION =   3323,"DUAL_ACCESS",  1,"ST-003323",  0x00000005,  0,  2493,  0,  0,  0,  0,  0,"UNIVERSAL", 0,  0,  0,  1837,     0,   0,     0,     0,     0
		STATION =   3324,"DUAL_ACCESS",  1,"ST-003324",  0x00000005,  1,  2494,  0,  0,  0,  0,  0,"UNIVERSAL", 0,  0,  0,  1832,     0,   0,     0,     0,     0
		STATION =   3325,"DUAL_ACCESS",  0,"ST-003325",  0x00000005,  0,  2495,  0,  0,  0,  0,  0,"UNIVERSAL", 0,  0,  0,  1765,     0,   0,     0,     0,     0
		STATION =   3326,"DUAL_ACCESS",  1,"ST-003326",  0x00000005,  1,  2496,  0,  0,  0,  0,  0,"UNIVERSAL", 0,  0,  0,  1721,     0,   0,     0,     0,     0
		STATION =   3327,"DUAL_ACCESS",  1,"ST-003327",  0x00000005,  1,  2497,  0,  0,  0,  0,  0,"UNIVERSAL", 0,  0,  0,  1689,     0,   0,     0,     0,     0
		STATION =   3328,"DUAL_ACCESS",  0,"ST-003328",  0x00000005,  0,  2498,  0,  0,  0,  0,  0,"UNIVERSAL", 0,  0,  0,  1642,     0,   0,     0,     0,     0
		STATION =   3329,"DUAL_ACCESS",  1,"ST-003329",  0x00000005,  1,  2499,  0,  0,  0,  0,  0,"UNIVERSAL", 0,  0,  0,  1603,     0,   0,     0,     0,     0
		STATION =   3330,"DUAL_ACCESS",  1,"ST-003330",  0x00000005,  1,  2500,  0,  0,  0,  0,  0,"UNIVERSAL", 0,  0,  0,  1723,     0,   0,     0,     0,     0
		STATION =   3331,"DUAL_ACCESS",  0,"ST-003331",  0x00000005,  0,  2501,  0,  0,  0,  0,  0,"UNIVERSAL", 0,  0,  0,  1656,     0,   0,     0,     0,     0
		STATION =   3332,"DUAL_ACCESS",  1,"ST-003332",  0x00000005,  1,  2502,  0,  0,  0,  0,  0,"UNIVERSAL", 0,  0,  0,  1665,     0,   0,     0,     0,     0
		STATION =   3333,"DUAL_ACCESS",  1,"ST-003333",  0x00000005,  1,  2503,  0,  0,  0,  0,  0,"UNIVERSAL", 0,  0,  0,  1532,     0,   0,     0,     0,     0
		STATION =   3334,"DUAL_ACCESS",  0,"ST-003334",  0x00000005,  0,  2504,  0,  0,  0,  0,  0,"UNIVERSAL", 0,  0,  0,  1380,     0,   0,     0,     0,     0
		STATION =   3335,"DUAL_ACCESS",  1,"ST-003335",  0x00000005,  1,  2505,  0,  0,  0,  0,  0,"UNIVERSAL", 0,  0,  0,  1132,     0,   0,     0,     0,     0
		STATION =   3336,"DUAL_ACCESS",  1,"ST-003336",  0x00000005,  1,  2506,  0,  0,  0,  0,  0,"UNIVERSAL", 0,  0,  0,   935,     0,   0,     0,     0,     0
		STATION =   3337,"DUAL_ACCESS",  0,"ST-003337",  0x00000005,  0,  2507,  0,  0,  0,  0,  0,"UNIVERSAL", 0,  0,  0,   688,     0,   0,     0,     0,     0
		STATION =   3338,"DUAL_ACCESS",  1,"ST-003338",  0x00000005,  1,  2508,  0,  0,  0,  0,  0,"UNIVERSAL", 0,  0,  0,   445,     0,   0,     0,     0,     0
		STATION =   3339,"DUAL_ACCESS",  1,"ST-003339",  0x00000005,  1,  2509,  0,  0,  0,  0,  0,"UNIVERSAL", 0,  0,  0,   206,     0,   0,     0,     0,     0
		STATION =   3340,"DUAL_ACCESS",  0,"ST-003340",  0x00000005,  0,  2509,  0,  0,  0,  0,  0,"UNIVERSAL", 0,  0,  0,  2034,     0,   0,     0,     0,     0
		STATION =   3341,"DUAL_ACCESS",  1,"ST-003341",  0x00000005,  1,  2510,  0,  0,  0,  0,  0,"UNIVERSAL", 0,  0,  0,  2078,     0,   0,     0,     0,     0
		STATION =   3342,"DUAL_ACCESS",  1,"ST-003342",  0x00000005,  1,  2511,  0,  0,  0,  0,  0,"UNIVERSAL", 0,  0,  0,  1866,     0,   0,     0,     0,     0
		STATION =   3343,"DUAL_ACCESS",  0,"ST-003343",  0x00000005,  0,  2512,  0,  0,  0,  0,  0,"UNIVERSAL", 0,  0,  0,  1745,     0,   0,     0,     0,     0
		STATION =   3344,"DUAL_ACCESS",  1,"ST-003344",  0x00000005,  0,  1449,  0,  0,  0,  0,  0,"UNIVERSAL", 0,  0,  0,  1380,     0,   0,     0,     0,     0
		STATION =   3345,"DUAL_ACCESS",  1,"ST-003345",  0x00000005,  1,  1451,  0,  0,  0,  0,  0,"UNIVERSAL", 0,  0,  0,   291,     0,   0,     0,     0,     0
		STATION =   3346,"DUAL_ACCESS",  1,"ST-003346",  0x00000005,  1,  1451,  0,  0,  0,  0,  0,"UNIVERSAL", 0,  0,  0,  1957,     0,   0,     0,     0,     0
		STATION =   3347,"DUAL_ACCESS",  1,"ST-003347",  0x00000005,  1,  1452,  0,  0,  0,  0,  0,"UNIVERSAL", 0,  0,  0,  1781,     0,   0,     0,     0,     0
		STATION =   3348,"DUAL_ACCESS",  1,"ST-003348",  0x00000005,  1,  1453,  0,  0,  0,  0,  0,"UNIVERSAL", 0,  0,  0,  1580,     0,   0,     0,     0,     0
		STATION =   3349,"DUAL_ACCESS",  1,"ST-003349",  0x00000005,  1,  1454,  0,  0,  0,  0,  0,"UNIVERSAL", 0,  0,  0,  1316,     0,   0,     0,     0,     0
		STATION =   3350,"DUAL_ACCESS",  1,"ST-003350",  0x00000005,  1,  1455,  0,  0,  0,  0,  0,"UNIVERSAL", 0,  0,  0,  1244,     0,   0,     0,     0,     0
		STATION =   3351,"DUAL_ACCESS",  1,"ST-003351",  0x00000005,  1,  1456,  0,  0,  0,  0,  0,"UNIVERSAL", 0,  0,  0,  1049,     0,   0,     0,     0,     0
		STATION =   3352,"DUAL_ACCESS",  1,"ST-003352",  0x00000005,  1,  1457,  0,  0,  0,  0,  0,"UNIVERSAL", 0,  0,  0,   770,     0,   0,     0,     0,     0
		STATION =   3353,"DUAL_ACCESS",  1,"ST-003353",  0x00000005,  1,  1458,  0,  0,  0,  0,  0,"UNIVERSAL", 0,  0,  0,   676,     0,   0,     0,     0,     0
		STATION =   3354,"DUAL_ACCESS",  1,"ST-003354",  0x00000005,  1,  1459,  0,  0,  0,  0,  0,"UNIVERSAL", 0,  0,  0,   469,     0,   0,     0,     0,     0
		STATION =   3355,"DUAL_ACCESS",  1,"ST-003355",  0x00000005,  1,  1460,  0,  0,  0,  0,  0,"UNIVERSAL", 0,  0,  0,   183,     0,   0,     0,     0,     0
		STATION =   3356,"DUAL_ACCESS",  1,"ST-003356",  0x00000005,  1,  1460,  0,  0,  0,  0,  0,"UNIVERSAL", 0,  0,  0,  2084,     0,   0,     0,     0,     0
		STATION =   3357,"DUAL_ACCESS",  1,"ST-003357",  0x00000005,  1,  1461,  0,  0,  0,  0,  0,"UNIVERSAL", 0,  0,  0,  1790,     0,   0,     0,     0,     0
		STATION =   3358,"DUAL_ACCESS",  1,"ST-003358",  0x00000005,  1,  1462,  0,  0,  0,  0,  0,"UNIVERSAL", 0,  0,  0,  1622,     0,   0,     0,     0,     0
		STATION =   3359,"DUAL_ACCESS",  1,"ST-003359",  0x00000005,  1,  1463,  0,  0,  0,  0,  0,"UNIVERSAL", 0,  0,  0,  1446,     0,   0,     0,     0,     0
		STATION =   3360,"DUAL_ACCESS",  1,"ST-003360",  0x00000005,  1,  1464,  0,  0,  0,  0,  0,"UNIVERSAL", 0,  0,  0,  1263,     0,   0,     0,     0,     0
		STATION =   3361,"DUAL_ACCESS",  1,"ST-003361",  0x00000005,  1,  1465,  0,  0,  0,  0,  0,"UNIVERSAL", 0,  0,  0,   959,     0,   0,     0,     0,     0
		STATION =   3362,"DUAL_ACCESS",  1,"ST-003362",  0x00000005,  1,  1466,  0,  0,  0,  0,  0,"UNIVERSAL", 0,  0,  0,   834,     0,   0,     0,     0,     0
		STATION =   3363,"DUAL_ACCESS",  1,"ST-003363",  0x00000005,  1,  1467,  0,  0,  0,  0,  0,"UNIVERSAL", 0,  0,  0,   684,     0,   0,     0,     0,     0
		STATION =   3364,"DUAL_ACCESS",  1,"ST-003364",  0x00000005,  1,  1468,  0,  0,  0,  0,  0,"UNIVERSAL", 0,  0,  0,   510,     0,   0,     0,     0,     0
		STATION =   3365,"DUAL_ACCESS",  1,"ST-003365",  0x00000005,  1,  1469,  0,  0,  0,  0,  0,"UNIVERSAL", 0,  0,  0,   304,     0,   0,     0,     0,     0
		STATION =   3366,"DUAL_ACCESS",  1,"ST-003366",  0x00000005,  0,  1469,  0,  0,  0,  0,  0,"UNIVERSAL", 0,  0,  0,  2046,     0,   0,     0,     0,     0
		STATION =   3367,"DUAL_ACCESS",  1,"ST-003367",  0x00000005,  1,  1154,  0,  0,  0,  0,  0,"UNIVERSAL", 0,  0,  0,   791,     0,   0,     0,     0,     0
		STATION =   3368,"DUAL_ACCESS",  1,"ST-003368",  0x00000005,  1,  1155,  0,  0,  0,  0,  0,"UNIVERSAL", 0,  0,  0,   646,     0,   0,     0,     0,     0
		STATION =   3369,"DUAL_ACCESS",  1,"ST-003369",  0x00000005,  1,  1156,  0,  0,  0,  0,  0,"UNIVERSAL", 0,  0,  0,   555,     0,   0,     0,     0,     0
		STATION =   3370,"DUAL_ACCESS",  1,"ST-003370",  0x00000005,  1,  1157,  0,  0,  0,  0,  0,"UNIVERSAL", 0,  0,  0,   353,     0,   0,     0,     0,     0
		STATION =   3371,"DUAL_ACCESS",  1,"ST-003371",  0x00000005,  1,  1158,  0,  0,  0,  0,  0,"UNIVERSAL", 0,  0,  0,   295,     0,   0,     0,     0,     0
		STATION =   3372,"DUAL_ACCESS",  1,"ST-003372",  0x00000005,  1,  1158,  0,  0,  0,  0,  0,"UNIVERSAL", 0,  0,  0,  2146,     0,   0,     0,     0,     0
		STATION =   3373,"DUAL_ACCESS",  1,"ST-003373",  0x00000005,  1,  1159,  0,  0,  0,  0,  0,"UNIVERSAL", 0,  0,  0,  2189,     0,   0,     0,     0,     0
		STATION =   3374,"DUAL_ACCESS",  1,"ST-003374",  0x00000005,  1,  1160,  0,  0,  0,  0,  0,"UNIVERSAL", 0,  0,  0,  1974,     0,   0,     0,     0,     0
		STATION =   3375,"DUAL_ACCESS",  1,"ST-003375",  0x00000005,  1,  1161,  0,  0,  0,  0,  0,"UNIVERSAL", 0,  0,  0,  1905,     0,   0,     0,     0,     0
		STATION =   3376,"DUAL_ACCESS",  1,"ST-003376",  0x00000005,  1,  1162,  0,  0,  0,  0,  0,"UNIVERSAL", 0,  0,  0,  1627,     0,   0,     0,     0,     0
		STATION =   3377,"DUAL_ACCESS",  1,"ST-003377",  0x00000005,  1,  1428,  0,  0,  0,  0,  0,"UNIVERSAL", 0,  0,  0,   907,     0,   0,     0,     0,     0
		STATION =   3378,"DUAL_ACCESS",  1,"ST-003378",  0x00000005,  1,  1429,  0,  0,  0,  0,  0,"UNIVERSAL", 0,  0,  0,   875,     0,   0,     0,     0,     0
		STATION =   3379,"DUAL_ACCESS",  1,"ST-003379",  0x00000005,  1,  1430,  0,  0,  0,  0,  0,"UNIVERSAL", 0,  0,  0,   787,     0,   0,     0,     0,     0
		STATION =   3380,"DUAL_ACCESS",  1,"ST-003380",  0x00000005,  1,  1431,  0,  0,  0,  0,  0,"UNIVERSAL", 0,  0,  0,   570,     0,   0,     0,     0,     0
		STATION =   3381,"DUAL_ACCESS",  1,"ST-003381",  0x00000005,  1,  1432,  0,  0,  0,  0,  0,"UNIVERSAL", 0,  0,  0,   318,     0,   0,     0,     0,     0
		STATION =   3382,"DUAL_ACCESS",  1,"ST-003382",  0x00000005,  1,  1433,  0,  0,  0,  0,  0,"UNIVERSAL", 0,  0,  0,   200,     0,   0,     0,     0,     0
		STATION =   3383,"DUAL_ACCESS",  1,"ST-003383",  0x00000005,  1,  1433,  0,  0,  0,  0,  0,"UNIVERSAL", 0,  0,  0,  1964,     0,   0,     0,     0,     0
		STATION =   3384,"DUAL_ACCESS",  1,"ST-003384",  0x00000005,  1,  1434,  0,  0,  0,  0,  0,"UNIVERSAL", 0,  0,  0,  1785,     0,   0,     0,     0,     0
		STATION =   3385,"DUAL_ACCESS",  1,"ST-003385",  0x00000005,  1,  1435,  0,  0,  0,  0,  0,"UNIVERSAL", 0,  0,  0,  1476,     0,   0,     0,     0,     0
		STATION =   3386,"DUAL_ACCESS",  0,"ST-003386",  0x00000005,  0,  1175,  0,  0,  0,  0,  0,"UNIVERSAL", 0,  0,  0,   533,     0,   0,     0,     0,     0
		STATION =   3387,"DUAL_ACCESS",  1,"ST-003387",  0x00000005,  1,  1176,  0,  0,  0,  0,  0,"UNIVERSAL", 0,  0,  0,   579,     0,   0,     0,     0,     0
		STATION =   3388,"DUAL_ACCESS",  1,"ST-003388",  0x00000005,  1,  1177,  0,  0,  0,  0,  0,"UNIVERSAL", 0,  0,  0,   600,     0,   0,     0,     0,     0
		STATION =   3389,"DUAL_ACCESS",  1,"ST-003389",  0x00000005,  1,  1178,  0,  0,  0,  0,  0,"UNIVERSAL", 0,  0,  0,   395,     0,   0,     0,     0,     0
		STATION =   3390,"DUAL_ACCESS",  0,"ST-003390",  0x00000005,  0,  1178,  0,  0,  0,  0,  0,"UNIVERSAL", 0,  0,  0,  2145,     0,   0,     0,     0,     0
		STATION =   3391,"DUAL_ACCESS",  1,"ST-003391",  0x00000005,  1,  1179,  0,  0,  0,  0,  0,"UNIVERSAL", 0,  0,  0,  1990,     0,   0,     0,     0,     0
		STATION =   3392,"DUAL_ACCESS",  1,"ST-003392",  0x00000005,  1,  1180,  0,  0,  0,  0,  0,"UNIVERSAL", 0,  0,  0,  1658,     0,   0,     0,     0,     0
		STATION =   3393,"DUAL_ACCESS",  1,"ST-003393",  0x00000005,  1,  1181,  0,  0,  0,  0,  0,"UNIVERSAL", 0,  0,  0,  1502,     0,   0,     0,     0,     0
		STATION =   3394,"DUAL_ACCESS",  0,"ST-003394",  0x00000005,  0,  1182,  0,  0,  0,  0,  0,"UNIVERSAL", 0,  0,  0,  1461,     0,   0,     0,     0,     0
		STATION =   3395,"DUAL_ACCESS",  1,"ST-003395",  0x00000005,  1,  1183,  0,  0,  0,  0,  0,"UNIVERSAL", 0,  0,  0,  1291,     0,   0,     0,     0,     0
		STATION =   3396,"DUAL_ACCESS",  1,"ST-003396",  0x00000005,  1,  1184,  0,  0,  0,  0,  0,"UNIVERSAL", 0,  0,  0,  1129,     0,   0,     0,     0,     0
		STATION =   3397,"DUAL_ACCESS",  1,"ST-003397",  0x00000005,  1,  1185,  0,  0,  0,  0,  0,"UNIVERSAL", 0,  0,  0,   838,     0,   0,     0,     0,     0
		STATION =   3398,"DUAL_ACCESS",  1,"ST-003398",  0x00000005,  1,  1186,  0,  0,  0,  0,  0,"UNIVERSAL", 0,  0,  0,   653,     0,   0,     0,     0,     0
		STATION =   3399,"DUAL_ACCESS",  1,"ST-003399",  0x00000005,  1,  1187,  0,  0,  0,  0,  0,"UNIVERSAL", 0,  0,  0,   454,     0,   0,     0,     0,     0
		STATION =   3400,"DUAL_ACCESS",  0,"ST-003400",  0x00000005,  0,  1188,  0,  0,  0,  0,  0,"UNIVERSAL", 0,  0,  0,   206,     0,   0,     0,     0,     0
		STATION =   3401,"DUAL_ACCESS",  1,"ST-003401",  0x00000005,  1,  2208,  0,  0,  0,  0,  0,"UNIVERSAL", 0,  0,  0,   454,     0,   0,     0,     0,     0
		STATION =   3402,"DUAL_ACCESS",  0,"ST-003402",  0x00000005,  0,  2209,  0,  0,  0,  0,  0,"UNIVERSAL", 0,  0,  0,   357,     0,   0,     0,     0,     0
		STATION =   3403,"DUAL_ACCESS",  1,"ST-003403",  0x00000005,  1,  2210,  0,  0,  0,  0,  0,"UNIVERSAL", 0,  0,  0,   283,     0,   0,     0,     0,     0
		STATION =   3404,"DUAL_ACCESS",  1,"ST-003404",  0x00000005,  1,  2210,  0,  0,  0,  0,  0,"UNIVERSAL", 0,  0,  0,  2168,     0,   0,     0,     0,     0
		STATION =   3405,"DUAL_ACCESS",  0,"ST-003405",  0x00000005,  0,  2211,  0,  0,  0,  0,  0,"UNIVERSAL", 0,  0,  0,  1926,     0,   0,     0,     0,     0
		STATION =   3406,"DUAL_ACCESS",  1,"ST-003406",  0x00000005,  1,  2212,  0,  0,  0,  0,  0,"UNIVERSAL", 0,  0,  0,  1771,     0,   0,     0,     0,     0
		STATION =   3407,"DUAL_ACCESS",  1,"ST-003407",  0x00000005,  1,  2213,  0,  0,  0,  0,  0,"UNIVERSAL", 0,  0,  0,  1513,     0,   0,     0,     0,     0
		STATION =   3408,"DUAL_ACCESS",  0,"ST-003408",  0x00000005,  0,  2214,  0,  0,  0,  0,  0,"UNIVERSAL", 0,  0,  0,  1304,     0,   0,     0,     0,     0
		STATION =   3409,"DUAL_ACCESS",  1,"ST-003409",  0x00000005,  1,  2215,  0,  0,  0,  0,  0,"UNIVERSAL", 0,  0,  0,  1085,     0,   0,     0,     0,     0
		STATION =   3410,"DUAL_ACCESS",  1,"ST-003410",  0x00000005,  1,  2216,  0,  0,  0,  0,  0,"UNIVERSAL", 0,  0,  0,   841,     0,   0,     0,     0,     0
		STATION =   3411,"DUAL_ACCESS",  1,"ST-003411",  0x00000005,  1,  2217,  0,  0,  0,  0,  0,"UNIVERSAL", 0,  0,  0,   592,     0,   0,     0,     0,     0
		STATION =   3412,"DUAL_ACCESS",  0,"ST-003412",  0x00000005,  0,  2218,  0,  0,  0,  0,  0,"UNIVERSAL", 0,  0,  0,   441,     0,   0,     0,     0,     0
		STATION =   3413,"DUAL_ACCESS",  1,"ST-003413",  0x00000005,  1,  2219,  0,  0,  0,  0,  0,"UNIVERSAL", 0,  0,  0,   217,     0,   0,     0,     0,     0
		STATION =   3414,"DUAL_ACCESS",  1,"ST-003414",  0x00000005,  1,  2219,  0,  0,  0,  0,  0,"UNIVERSAL", 0,  0,  0,  2121,     0,   0,     0,     0,     0
		STATION =   3415,"DUAL_ACCESS",  1,"ST-003415",  0x00000005,  1,  2220,  0,  0,  0,  0,  0,"UNIVERSAL", 0,  0,  0,  1903,     0,   0,     0,     0,     0
		STATION =   3416,"DUAL_ACCESS",  0,"ST-003416",  0x00000005,  0,  2221,  0,  0,  0,  0,  0,"UNIVERSAL", 0,  0,  0,  1750,     0,   0,     0,     0,     0
		STATION =   3417,"DUAL_ACCESS",  1,"ST-003417",  0x00000005,  1,  2222,  0,  0,  0,  0,  0,"UNIVERSAL", 0,  0,  0,  1630,     0,   0,     0,     0,     0
		STATION =   3418,"DUAL_ACCESS",  1,"ST-003418",  0x00000005,  1,  2223,  0,  0,  0,  0,  0,"UNIVERSAL", 0,  0,  0,  1342,     0,   0,     0,     0,     0
		STATION =   3419,"DUAL_ACCESS",  1,"ST-003419",  0x00000005,  1,  2224,  0,  0,  0,  0,  0,"UNIVERSAL", 0,  0,  0,  1174,     0,   0,     0,     0,     0
		STATION =   3420,"DUAL_ACCESS",  0,"ST-003420",  0x00000005,  0,  2225,  0,  0,  0,  0,  0,"UNIVERSAL", 0,  0,  0,  1038,     0,   0,     0,     0,     0
		STATION =   3421,"DUAL_ACCESS",  0,"ST-003421",  0x00000005,  0,  2442,  0,  0,  0,  0,  0,"UNIVERSAL", 0,  0,  0,   580,     0,   0,     0,     0,     0
		STATION =   3422,"DUAL_ACCESS",  1,"ST-003422",  0x00000005,  1,  2443,  0,  0,  0,  0,  0,"UNIVERSAL", 0,  0,  0,  1563,     0,   0,     0,     0,     0
		STATION =   3423,"DUAL_ACCESS",  1,"ST-003423",  0x00000005,  1,  2444,  0,  0,  0,  0,  0,"UNIVERSAL", 0,  0,  0,  1310,     0,   0,     0,     0,     0
		STATION =   3424,"DUAL_ACCESS",  1,"ST-003424",  0x00000005,  1,  2445,  0,  0,  0,  0,  0,"UNIVERSAL", 0,  0,  0,  1229,     0,   0,     0,     0,     0
		STATION =   3425,"DUAL_ACCESS",  0,"ST-003425",  0x00000005,  0,  2446,  0,  0,  0,  0,  0,"UNIVERSAL", 0,  0,  0,  1130,     0,   0,     0,     0,     0
		STATION =   3426,"DUAL_ACCESS",  1,"ST-003426",  0x00000005,  1,  2447,  0,  0,  0,  0,  0,"UNIVERSAL", 0,  0,  0,   837,     0,   0,     0,     0,     0
		STATION =   3427,"DUAL_ACCESS",  1,"ST-003427",  0x00000005,  1,  2448,  0,  0,  0,  0,  0,"UNIVERSAL", 0,  0,  0,   789,     0,   0,     0,     0,     0
		STATION =   3428,"DUAL_ACCESS",  1,"ST-003428",  0x00000005,  1,  2449,  0,  0,  0,  0,  0,"UNIVERSAL", 0,  0,  0,   455,     0,   0,     0,     0,     0
		STATION =   3429,"DUAL_ACCESS",  0,"ST-003429",  0x00000005,  0,  2450,  0,  0,  0,  0,  0,"UNIVERSAL", 0,  0,  0,   344,     0,   0,     0,     0,     0
		STATION =   3430,"DUAL_ACCESS",  1,"ST-003430",  0x00000005,  1,  2450,  0,  0,  0,  0,  0,"UNIVERSAL", 0,  0,  0,  2131,     0,   0,     0,     0,     0
		STATION =   3431,"DUAL_ACCESS",  1,"ST-003431",  0x00000005,  1,  2451,  0,  0,  0,  0,  0,"UNIVERSAL", 0,  0,  0,  2041,     0,   0,     0,     0,     0
		STATION =   3432,"DUAL_ACCESS",  1,"ST-003432",  0x00000005,  1,  2452,  0,  0,  0,  0,  0,"UNIVERSAL", 0,  0,  0,  1850,     0,   0,     0,     0,     0
		STATION =   3433,"DUAL_ACCESS",  0,"ST-003433",  0x00000005,  0,  2453,  0,  0,  0,  0,  0,"UNIVERSAL", 0,  0,  0,  1711,     0,   0,     0,     0,     0
		STATION =   3434,"DUAL_ACCESS",  1,"ST-003434",  0x00000005,  1,  2454,  0,  0,  0,  0,  0,"UNIVERSAL", 0,  0,  0,  1532,     0,   0,     0,     0,     0
		STATION =   3435,"DUAL_ACCESS",  1,"ST-003435",  0x00000005,  1,  2455,  0,  0,  0,  0,  0,"UNIVERSAL", 0,  0,  0,  1494,     0,   0,     0,     0,     0
		STATION =   3436,"DUAL_ACCESS",  1,"ST-003436",  0x00000005,  1,  2456,  0,  0,  0,  0,  0,"UNIVERSAL", 0,  0,  0,  1615,     0,   0,     0,     0,     0
		STATION =   3437,"DUAL_ACCESS",  1,"ST-003437",  0x00000005,  1,  1405,  0,  0,  0,  0,  0,"UNIVERSAL", 0,  0,  0,   359,     0,   0,     0,     0,     0
		STATION =   3438,"DUAL_ACCESS",  1,"ST-003438",  0x00000005,  1,  1406,  0,  0,  0,  0,  0,"UNIVERSAL", 0,  0,  0,   951,     0,   0,     0,     0,     0
		STATION =   3439,"DUAL_ACCESS",  1,"ST-003439",  0x00000005,  1,  1407,  0,  0,  0,  0,  0,"UNIVERSAL", 0,  0,  0,   755,     0,   0,     0,     0,     0
		STATION =   3440,"DUAL_ACCESS",  1,"ST-003440",  0x00000005,  1,  1408,  0,  0,  0,  0,  0,"UNIVERSAL", 0,  0,  0,   495,     0,   0,     0,     0,     0
		STATION =   3441,"DUAL_ACCESS",  1,"ST-003441",  0x00000005,  1,  1409,  0,  0,  0,  0,  0,"UNIVERSAL", 0,  0,  0,   245,     0,   0,     0,     0,     0
		STATION =   3442,"DUAL_ACCESS",  1,"ST-003442",  0x00000005,  1,  1409,  0,  0,  0,  0,  0,"UNIVERSAL", 0,  0,  0,  2112,     0,   0,     0,     0,     0
		STATION =   3443,"DUAL_ACCESS",  1,"ST-003443",  0x00000005,  1,  1410,  0,  0,  0,  0,  0,"UNIVERSAL", 0,  0,  0,  1900,     0,   0,     0,     0,     0
		STATION =   3444,"DUAL_ACCESS",  1,"ST-003444",  0x00000005,  1,  1411,  0,  0,  0,  0,  0,"UNIVERSAL", 0,  0,  0,  1807,     0,   0,     0,     0,     0
		STATION =   3445,"DUAL_ACCESS",  1,"ST-003445",  0x00000005,  1,  1412,  0,  0,  0,  0,  0,"UNIVERSAL", 0,  0,  0,  1871,     0,   0,     0,     0,     0
		STATION =   3446,"DUAL_ACCESS",  1,"ST-003446",  0x00000005,  1,  1413,  0,  0,  0,  0,  0,"UNIVERSAL", 0,  0,  0,  1756,     0,   0,     0,     0,     0
		STATION =   3447,"DUAL_ACCESS",  1,"ST-003447",  0x00000005,  1,  1414,  0,  0,  0,  0,  0,"UNIVERSAL", 0,  0,  0,  1888,     0,   0,     0,     0,     0
		STATION =   3448,"DUAL_ACCESS",  1,"ST-003448",  0x00000005,  1,  1699,  0,  0,  0,  0,  0,"UNIVERSAL", 0,  0,  0,   484,     0,   0,     0,     0,     0
		STATION =   3449,"DUAL_ACCESS",  1,"ST-003449",  0x00000005,  1,  1700,  0,  0,  0,  0,  0,"UNIVERSAL", 0,  0,  0,  1839,     0,   0,     0,     0,     0
		STATION =   3450,"DUAL_ACCESS",  1,"ST-003450",  0x00000005,  1,  1702,  0,  0,  0,  0,  0,"UNIVERSAL", 0,  0,  0,   179,     0,   0,     0,     0,     0
		STATION =   5001,"DUAL_ACCESS",  1,"6EFZ1401-501",  0x00000001,  1,  2583,  1,  0,  0,  0,  0,"ZFS_RIGHT", 0,  0,  0,  1149,     0,   0,     0,     0,     0
		STATION =   5002,"DUAL_ACCESS",  1,"6EFZ1401-502",  0x00000001,  1,  2584,  1,  0,  0,  0,  0,"ZFS_RIGHT", 0,  0,  0,   486,     0,   0,     0,     0,     0
		STATION =   5003,"DUAL_ACCESS",  1,"6EFZ1401-503",  0x00000001,  1,  2584,  1,  0,  0,  0,  0,"ZFS_RIGHT", 0,  0,  0,   940,     0,   0,     0,     0,     0
		STATION =   5004,"DUAL_ACCESS",  1,"6EFZ1401-504",  0x00000001,  1,  2585,  1,  0,  0,  0,  2,"ZFS_RIGHT", 0,  0,  0,     0,   183,   0,     0,     0,     0
		STATION =   5005,"DUAL_ACCESS",  1,"6EFZ1401-505",  0x00000001,  1,  2586,  1,  0,  0,  0,  0,"ZFS_RIGHT", 0,  0,  0,   162,     0,   0,     0,     0,     0
		STATION =   5006,"DUAL_ACCESS",  1,"6EFZ1401-506",  0x00000001,  1,  2586,  1,  0,  0,  0,  0,"ZFS_RIGHT", 0,  0,  0,   613,     0,   0,     0,     0,     0
		STATION =   5007,"DUAL_ACCESS",  1,"6EFZ1401-507",  0x00000001,  1,  2586,  1,  0,  0,  0,  0,"ZFS_RIGHT", 0,  0,  0,  1068,     0,   0,     0,     0,     0
		STATION =   5008,"DUAL_ACCESS",  1,"6EFZ1401-508",  0x00000001,  1,  2587,  1,  0,  0,  0,  0,"ZFS_RIGHT", 0,  0,  0,   112,     0,   0,     0,     0,     0
		STATION =   5009,"DUAL_ACCESS",  1,"6EFZ1401-509",  0x00000001,  1,  2589,  1,  0,  0,  0,  0,"ZFS_RIGHT", 0,  0,  0,   243,     0,   0,     0,     0,     0
		STATION =   5010,"DUAL_ACCESS",  1,"6EFZ1401-510",  0x00000001,  1,  2589,  1,  0,  0,  0,  0,"ZFS_RIGHT", 0,  0,  0,   696,     0,   0,     0,     0,     0
		STATION =   5011,"DUAL_ACCESS",  1,"6EFZ1401-511",  0x00000001,  1,  2590,  1,  0,  0,  0,  0,"ZFS_RIGHT", 0,  0,  0,    81,     0,   0,     0,     0,     0
		STATION =   5012,"DUAL_ACCESS",  1,"6EFZ1401-512",  0x00000001,  1,  2590,  1,  0,  0,  0,  0,"ZFS_RIGHT", 0,  0,  0,   534,     0,   0,     0,     0,     0
		STATION =   5013,"DUAL_ACCESS",  1,"6EFZ1402-201",  0x00000001,  1,  2053,  1,  0,  0,  0,  0,"ZFS_RIGHT", 0,  0,  0,   419,     0,   0,     0,     0,     0
		STATION =   5014,"DUAL_ACCESS",  1,"6EFZ1402-202",  0x00000001,  1,  2053,  1,  0,  0,  0,  0,"ZFS_RIGHT", 0,  0,  0,   872,     0,   0,     0,     0,     0
		STATION =   5015,"DUAL_ACCESS",  1,"6EFZ1403-501",  0x00000001,  1,  2578,  1,  0,  0,  0,  0,"ZFS_RIGHT", 0,  0,  0,   842,     0,   0,     0,     0,     0
		STATION =   5016,"DUAL_ACCESS",  1,"6EFZ1403-502",  0x00000001,  1,  2578,  1,  0,  0,  0,  0,"ZFS_RIGHT", 0,  0,  0,  1295,     0,   0,     0,     0,     0
		STATION =   5017,"DUAL_ACCESS",  1,"6EFZ1403-503",  0x00000001,  1,  2578,  1,  0,  0,  0,  0,"ZFS_RIGHT", 0,  0,  0,  1748,     0,   0,     0,     0,     0
		STATION =   5018,"DUAL_ACCESS",  1,"6EFZ1403-504",  0x00000001,  1,  2579,  1,  0,  0,  0,  1,"ZFS_RIGHT", 0,  0,  0,   174,     0,   0,     0,     0,     0
		STATION =   7001,"DUAL_ACCESS",  1,"6EFZ1601-501",  0x00000005,  1,  1806,  1,  0,  0,  0,  0,"ZFS_LEFT", 0,  0,  0,  1249,     0,   0,     0,     0,     0
		STATION =   7002,"DUAL_ACCESS",  1,"6EFZ1601-502",  0x00000005,  0,  1807,  1,  0,  0,  0,  0,"ZFS_LEFT", 0,  0,  0,   287,     0,   0,     0,     0,     0
		STATION =   7003,"DUAL_ACCESS",  1,"6EFZ1601-503",  0x00000005,  1,  1807,  1,  0,  0,  0,  0,"ZFS_LEFT", 0,  0,  0,   741,     0,   0,     0,     0,     0
		STATION =   7004,"DUAL_ACCESS",  1,"6EFZ1601-504",  0x00000005,  1,  1807,  1,  0,  0,  0,  0,"ZFS_LEFT", 0,  0,  0,  1193,     0,   0,     0,     0,     0
		STATION =   7005,"DUAL_ACCESS",  1,"6EFZ1601-505",  0x00000005,  0,  1807,  1,  0,  0,  0,  0,"ZFS_LEFT", 0,  0,  0,  1737,     0,   0,     0,     0,     0
		STATION =   7006,"DUAL_ACCESS",  1,"6EFZ1601-506",  0x00000005,  1,  1808,  1,  0,  0,  0,  0,"ZFS_LEFT", 0,  0,  0,   442,     0,   0,     0,     0,     0
		STATION =   7007,"DUAL_ACCESS",  1,"6EFZ1601-507",  0x00000005,  1,  1808,  1,  0,  0,  0,  0,"ZFS_LEFT", 0,  0,  0,   896,     0,   0,     0,     0,     0
		STATION =   7008,"DUAL_ACCESS",  1,"6EFZ1601-508",  0x00000005,  0,  1809,  1,  0,  0,  0,  0,"ZFS_LEFT", 0,  0,  0,   272,     0,   0,     0,     0,     0
		STATION =   7009,"DUAL_ACCESS",  1,"6EFZ1601-509",  0x00000005,  1,  1809,  1,  0,  0,  0,  0,"ZFS_LEFT", 0,  0,  0,   815,     0,   0,     0,     0,     0
		STATION =   7010,"DUAL_ACCESS",  1,"6EFZ1601-510",  0x00000005,  1,  1809,  1,  0,  0,  0,  0,"ZFS_LEFT", 0,  0,  0,  1268,     0,   0,     0,     0,     0
		STATION =   7011,"DUAL_ACCESS",  1,"6EFZ1601-511",  0x00000005,  0,  1809,  1,  0,  0,  0,  0,"ZFS_LEFT", 0,  0,  0,  1721,     0,   0,     0,     0,     0
		STATION =   7012,"DUAL_ACCESS",  1,"6EFZ1601-512",  0x00000005,  1,  1810,  1,  0,  0,  0,  0,"ZFS_LEFT", 0,  0,  0,   456,     0,   0,     0,     0,     0
		STATION =   7013,"DUAL_ACCESS",  1,"6EFZ1602-501",  0x00000005,  0,  1833,  1,  0,  0,  0,  0,"ZFS_LEFT", 0,  0,  0,   581,     0,   0,     0,     0,     0
		STATION =   7014,"DUAL_ACCESS",  1,"6EFZ1602-502",  0x00000005,  1,  1833,  1,  0,  0,  0,  0,"ZFS_LEFT", 0,  0,  0,  1035,     0,   0,     0,     0,     0
		STATION =   7015,"DUAL_ACCESS",  1,"6EFZ1602-503",  0x00000005,  1,  1833,  1,  0,  0,  0,  0,"ZFS_LEFT", 0,  0,  0,  1485,     0,   0,     0,     0,     0
		STATION =   7016,"DUAL_ACCESS",  1,"6EFZ1602-504",  0x00000005,  0,  1833,  1,  0,  0,  0,  0,"ZFS_LEFT", 0,  0,  0,  1937,     0,   0,     0,     0,     0
		STATION =   7017,"DUAL_ACCESS",  1,"6EFZ1602-505",  0x00000005,  1,  1834,  1,  0,  0,  0,  0,"ZFS_LEFT", 0,  0,  0,   469,     0,   0,     0,     0,     0
		STATION =   7018,"DUAL_ACCESS",  1,"6EFZ1602-506",  0x00000005,  0,  1834,  1,  0,  0,  0,  0,"ZFS_LEFT", 0,  0,  0,   921,     0,   0,     0,     0,     0
		STATION =   7019,"DUAL_ACCESS",  1,"6EFZ1602-507",  0x00000005,  1,  1834,  1,  0,  0,  0,  0,"ZFS_LEFT", 0,  0,  0,  1376,     0,   0,     0,     0,     0
		STATION =   7020,"DUAL_ACCESS",  1,"6EFZ1602-508",  0x00000005,  1,  1834,  1,  0,  0,  0,  0,"ZFS_LEFT", 0,  0,  0,  1828,     0,   0,     0,     0,     0
		STATION =   7021,"DUAL_ACCESS",  1,"6EFZ1602-509",  0x00000005,  0,  1835,  1,  0,  0,  0,  0,"ZFS_LEFT", 0,  0,  0,   357,     0,   0,     0,     0,     0
		STATION =   7022,"DUAL_ACCESS",  1,"6EFZ1602-510",  0x00000005,  1,  1835,  1,  0,  0,  0,  0,"ZFS_LEFT", 0,  0,  0,   812,     0,   0,     0,     0,     0
		STATION =   7023,"DUAL_ACCESS",  1,"6EFZ1602-511",  0x00000005,  1,  1835,  1,  0,  0,  0,  0,"ZFS_LEFT", 0,  0,  0,  1264,     0,   0,     0,     0,     0
		STATION =   7024,"DUAL_ACCESS",  1,"6EFZ1602-512",  0x00000005,  0,  1835,  1,  0,  0,  0,  0,"ZFS_LEFT", 0,  0,  0,  1717,     0,   0,     0,     0,     0
		STATION =   8032,"ACQUIRE",  1,"4ABLD132_AO45",  0x00000005,  1,  1558,  0,  0,  0,  0,  0,"UNIVERSAL", 0,  0,  0,    51,     0,   0,     0,     0,     0
		STATION =   8033,"DEPOSIT",  1,"4ABLD131_AI47",  0x00000005,  1,  1576,  0,  0,  0,  1,  0,"UNIVERSAL", 0,  0,  0,   609,     0,   0,     0,     0,     0
		STATION =   8034,"DUAL_ACCESS",  1,"4AFC3301A_IN85",  0x00000005,  1,  2630,  0,  0,  0,  0,  0,"UNIVERSAL", 0,  0,  0,    97,     0,   0,     0,     0,     0
		STATION =   8035,"DUAL_ACCESS",  1,"6ABL6012_AO323",  0x00000005,  1,  1805,  0,  0,  0,  0,  1,"UNIVERSAL", 0,  0,  0,  1450,     0,   0,     0,     0,     0
		STATION =  30001,"MAINTENANCE",  1,"ST-030001",  0x00000000,  1,     1,  0,  0,  0,  0,  0,"ZFS_RIGHT", 0,  0,  0,     0,     0,   0,     0,     0,     0
		STATION =  60001,"MAINTENANCE",  1,"ST-060001",  0x00000000,  1,     1,  0,  0,  0,  0,  0,"ZFS_LEFT", 0,  0,  0,     0,     0,   0,     0,     0,     0
	>

	<STATION_GROUP1>
		STATION_GROUP_TYPE = ""
	>

	<STATION_GROUP2>
		STATION_GROUP_TYPE = ""
	>

	<PORT_GROUP>
		PORT_GROUP = "PortGroup001",	   1,  0,  0,  0,  1,     0,    -1,    -1,    -1,    -1,    -1, -1,    -1, -1,0,    0,    0,    0
		PORT_GROUP = "PortGroup002",	   2,  0,  0,  0,  0,     0,    -1,    -1,    -1,    -1,    -1, -1,    -1, -1,0,    0,    0,    0
		PORT_GROUP = "PortGroup003",	   3,  0,  0,  0,  0,     0,    -1,    -1,    -1,    -1,    -1, -1,    -1, -1,0,    0,    0,    0
		PORT_GROUP = "PortGroup004",	   4,  0,  0,  0,  0,     0,    -1,    -1,    -1,    -1,    -1, -1,    -1, -1,0,    0,    0,    0
		PORT_GROUP = "PortGroup005",	   5,  0,  0,  0,  0,     0,    -1,    -1,    -1,    -1,    -1, -1,    -1, -1,0,    0,    0,    0
		PORT_GROUP = "PortGroup006",	   6,  0,  0,  0,  0,     0,    -1,    -1,    -1,    -1,    -1, -1,    -1, -1,0,    0,    0,    0
		PORT_GROUP = "PortGroup007",	   7,  0,  0,  0,  0,     0,    -1,    -1,    -1,    -1,    -1, -1,    -1, -1,0,    0,    0,    0
		PORT_GROUP = "PortGroup008",	   8,  0,  0,  0,  0,     0,    -1,    -1,    -1,    -1,    -1, -1,    -1, -1,0,    0,    0,    0
		PORT_GROUP = "PortGroup009",	   9,  0,  0,  0,  0,     0,    -1,    -1,    -1,    -1,    -1, -1,    -1, -1,0,    0,    0,    0
		PORT_GROUP = "PortGroup010",	  10,  0,  0,  0,  0,     0,    -1,    -1,    -1,    -1,    -1, -1,    -1, -1,0,    0,    0,    0
		PORT_GROUP = "PortGroup011",	  11,  0,  0,  0,  0,     0,    -1,    -1,    -1,    -1,    -1, -1,    -1, -1,0,    0,    0,    0
		PORT_GROUP = "PortGroup012",	  12,  0,  0,  0,  0,     0,    -1,    -1,    -1,    -1,    -1, -1,    -1, -1,0,    0,    0,    0
		PORT_GROUP = "PortGroup013",	  13,  0,  0,  0,  0,     0,    -1,    -1,    -1,    -1,    -1, -1,    -1, -1,0,    0,    0,    0
		PORT_GROUP = "PortGroup014",	  14,  0,  0,  0,  0,     0,    -1,    -1,    -1,    -1,    -1, -1,    -1, -1,0,    0,    0,    0
		PORT_GROUP = "PortGroup015",	  15,  0,  0,  0,  0,     0,    -1,    -1,    -1,    -1,    -1, -1,    -1, -1,0,    0,    0,    0
		PORT_GROUP = "PortGroup016",	  16,  0,  0,  0,  0,     0,    -1,    -1,    -1,    -1,    -1, -1,    -1, -1,0,    0,    0,    0
		PORT_GROUP = "PortGroup017",	  17,  0,  0,  0,  0,     0,    -1,    -1,    -1,    -1,    -1, -1,    -1, -1,0,    0,    0,    0
		PORT_GROUP = "PortGroup018",	  18,  0,  0,  0,  0,     0,    -1,    -1,    -1,    -1,    -1, -1,    -1, -1,0,    0,    0,    0
		PORT_GROUP = "PortGroup019",	  19,  0,  0,  0,  0,     0,    -1,    -1,    -1,    -1,    -1, -1,    -1, -1,0,    0,    0,    0
		PORT_GROUP = "PortGroup020",	  20,  0,  0,  0,  0,     0,    -1,    -1,    -1,    -1,    -1, -1,    -1, -1,0,    0,    0,    0
		PORT_GROUP = "PortGroup021",	  21,  0,  0,  0,  0,     0,    -1,    -1,    -1,    -1,    -1, -1,    -1, -1,0,    0,    0,    0
		PORT_GROUP = "PortGroup022",	  22,  0,  0,  0,  0,     0,    -1,    -1,    -1,    -1,    -1, -1,    -1, -1,0,    0,    0,    0
		PORT_GROUP = "PortGroup023",	  23,  0,  0,  0,  0,     0,    -1,    -1,    -1,    -1,    -1, -1,    -1, -1,0,    0,    0,    0
		PORT_GROUP = "PortGroup024",	  24,  0,  0,  0,  0,     0,    -1,    -1,    -1,    -1,    -1, -1,    -1, -1,0,    0,    0,    0
		PORT_GROUP = "PortGroup025",	  25,  0,  0,  0,  0,     0,    -1,    -1,    -1,    -1,    -1, -1,    -1, -1,0,    0,    0,    0
		PORT_GROUP = "PortGroup026",	  26,  0,  0,  0,  0,     0,    -1,    -1,    -1,    -1,    -1, -1,    -1, -1,0,    0,    0,    0
		PORT_GROUP = "PortGroup027",	  27,  0,  0,  0,  0,     0,    -1,    -1,    -1,    -1,    -1, -1,    -1, -1,0,    0,    0,    0
		PORT_GROUP = "PortGroup028",	  28,  0,  0,  0,  0,     0,    -1,    -1,    -1,    -1,    -1, -1,    -1, -1,0,    0,    0,    0
		PORT_GROUP = "PortGroup029",	  29,  0,  0,  0,  0,     0,    -1,    -1,    -1,    -1,    -1, -1,    -1, -1,0,    0,    0,    0
		PORT_GROUP = "PortGroup030",	  30,  0,  0,  0,  0,     0,    -1,    -1,    -1,    -1,    -1, -1,    -1, -1,0,    0,    0,    0
		VHL_PASSED_POINT = 	   1
		VHL_PASSED_POINT = 	   2
		VHL_PASSED_POINT = 	   3
		VHL_PASSED_POINT = 	   4
		VHL_PASSED_POINT = 	   5
		VHL_PASSED_POINT = 	   6
		VHL_PASSED_POINT = 	   7
		VHL_PASSED_POINT = 	   8
		VHL_PASSED_POINT = 	   9
		VHL_PASSED_POINT = 	  10
		VHL_PASSED_POINT = 	  11
		VHL_PASSED_POINT = 	  12
		VHL_PASSED_POINT = 	  13
		VHL_PASSED_POINT = 	  14
		VHL_PASSED_POINT = 	  15
		VHL_PASSED_POINT = 	  16
		VHL_PASSED_POINT = 	  17
		VHL_PASSED_POINT = 	  18
		VHL_PASSED_POINT = 	  19
		VHL_PASSED_POINT = 	  20
		VHL_PASSED_POINT = 	  21
		VHL_PASSED_POINT = 	  22
		VHL_PASSED_POINT = 	  23
		VHL_PASSED_POINT = 	  24
		VHL_PASSED_POINT = 	  25
		VHL_PASSED_POINT = 	  26
		VHL_PASSED_POINT = 	  27
		VHL_PASSED_POINT = 	  28
		VHL_PASSED_POINT = 	  29
		VHL_PASSED_POINT = 	  30
	>
