2,OHT,V00795,1,1,0000,1,12340,64,12341,4,4,4PDMV608,4ANZ19-701,00000000,0000,4ABL3301A_OUT04,4ANZ19-701,90,0,0
2,OHT,V00564,1,1,0000,1,2115,59,2116,4,4,4PDD0270,4KCW3301_3,00000000,0000,4ANZ25-205,4KCW3301_3,50,0,0
2,OHT,V00975,1,1,0000,1,6033,50,3294,4,4,6PDB1402,4ANZ03-302,00000000,0000,4EPR5301_3,4ANZ03-302,50,0,0
2,OHT,V00313,1,1,0000,1,1071,50,1072,4,4,6PDN4064,4AFZ47-328,00000000,0000,4CSC1603_3,4AFZ47-328,50,0,0
2,OHT,V00649,1,1,0000,1,1448,50,1449,4,4,4NDNA076,4AFZ15-160,00000000,0000,4ALFE001_AO31,4AFZ15-160,50,0,0

2,OHT,V00795,1,1,0000,1,12340,114,12341,4,4,4PDMV608,4ANZ19-701,00000000,0000,4ABL3301A_OUT04,4ANZ19-701,90,0,0
2,OHT,V00564,1,1,0000,1,2115,109,2116,4,4,4PDD0270,4KCW3301_3,00000000,0000,4ANZ25-205,4KCW3301_3,50,0,0
2,OHT,V00975,1,1,0000,1,6033,100,3294,4,4,6PDB1402,4ANZ03-302,00000000,0000,4EPR5301_3,4ANZ03-302,50,0,0
2,OHT,V00313,1,1,0000,1,1071,100,1072,4,4,6PDN4064,4AFZ47-328,00000000,0000,4CSC1603_3,4AFZ47-328,50,0,0
2,OHT,V00649,1,1,0000,1,1448,100,1449,4,4,4NDNA076,4AFZ15-160,00000000,0000,4ALFE001_AO31,4AFZ15-160,50,0,0

2,OHT,V00795,1,1,0000,1,12340,164,12341,4,4,4PDMV608,4ANZ19-701,00000000,0000,4ABL3301A_OUT04,4ANZ19-701,90,0,0
2,OHT,V00564,1,1,0000,1,2115,159,2116,4,4,4PDD0270,4KCW3301_3,00000000,0000,4ANZ25-205,4KCW3301_3,50,0,0
2,OHT,V00975,1,1,0000,1,6033,150,3294,4,4,6PDB1402,4ANZ03-302,00000000,0000,4EPR5301_3,4ANZ03-302,50,0,0
2,OHT,V00313,1,1,0000,1,1071,150,1072,4,4,6PDN4064,4AFZ47-328,00000000,0000,4CSC1603_3,4AFZ47-328,50,0,0
2,OHT,V00649,1,1,0000,1,1448,150,1449,4,4,4NDNA076,4AFZ15-160,00000000,0000,4ALFE001_AO31,4AFZ15-160,50,0,0

2,OHT,V00795,1,1,0000,1,12340,214,12341,4,4,4PDMV608,4ANZ19-701,00000000,0000,4ABL3301A_OUT04,4ANZ19-701,90,0,0
2,OHT,V00564,1,1,0000,1,2115,209,2116,4,4,4PDD0270,4KCW3301_3,00000000,0000,4ANZ25-205,4KCW3301_3,50,0,0
2,OHT,V00975,1,1,0000,1,6033,200,3294,4,4,6PDB1402,4ANZ03-302,00000000,0000,4EPR5301_3,4ANZ03-302,50,0,0
2,OHT,V00313,1,1,0000,1,1071,200,1072,4,4,6PDN4064,4AFZ47-328,00000000,0000,4CSC1603_3,4AFZ47-328,50,0,0
2,OHT,V00649,1,1,0000,1,1448,200,1449,4,4,4NDNA076,4AFZ15-160,00000000,0000,4ALFE001_AO31,4AFZ15-160,50,0,0

2,OHT,V00795,1,1,0000,1,12340,264,12341,4,4,4PDMV608,4ANZ19-701,00000000,0000,4ABL3301A_OUT04,4ANZ19-701,90,0,0
2,OHT,V00564,1,1,0000,1,2115,259,2116,4,4,4PDD0270,4KCW3301_3,00000000,0000,4ANZ25-205,4KCW3301_3,50,0,0
2,OHT,V00975,1,1,0000,1,6033,250,3294,4,4,6PDB1402,4ANZ03-302,00000000,0000,4EPR5301_3,4ANZ03-302,50,0,0
2,OHT,V00313,1,1,0000,1,1071,250,1072,4,4,6PDN4064,4AFZ47-328,00000000,0000,4CSC1603_3,4AFZ47-328,50,0,0
2,OHT,V00649,1,1,0000,1,1448,250,1449,4,4,4NDNA076,4AFZ15-160,00000000,0000,4ALFE001_AO31,4AFZ15-160,50,0,0

2,OHT,V00795,1,1,0000,1,12340,314,12341,4,4,4PDMV608,4ANZ19-701,00000000,0000,4ABL3301A_OUT04,4ANZ19-701,90,0,0
2,OHT,V00564,1,1,0000,1,2115,309,2116,4,4,4PDD0270,4KCW3301_3,00000000,0000,4ANZ25-205,4KCW3301_3,50,0,0
2,OHT,V00975,1,1,0000,1,6033,300,3294,4,4,6PDB1402,4ANZ03-302,00000000,0000,4EPR5301_3,4ANZ03-302,50,0,0
2,OHT,V00313,1,1,0000,1,1071,300,1072,4,4,6PDN4064,4AFZ47-328,00000000,0000,4CSC1603_3,4AFZ47-328,50,0,0
2,OHT,V00649,1,1,0000,1,1448,300,1449,4,4,4NDNA076,4AFZ15-160,00000000,0000,4ALFE001_AO31,4AFZ15-160,50,0,0

2,OHT,V00795,1,1,0000,1,12340,364,12341,4,4,4PDMV608,4ANZ19-701,00000000,0000,4ABL3301A_OUT04,4ANZ19-701,90,0,0
2,OHT,V00564,1,1,0000,1,2115,359,2116,4,4,4PDD0270,4KCW3301_3,00000000,0000,4ANZ25-205,4KCW3301_3,50,0,0
2,OHT,V00975,1,1,0000,1,6033,350,3294,4,4,6PDB1402,4ANZ03-302,00000000,0000,4EPR5301_3,4ANZ03-302,50,0,0
2,OHT,V00313,1,1,0000,1,1071,350,1072,4,4,6PDN4064,4AFZ47-328,00000000,0000,4CSC1603_3,4AFZ47-328,50,0,0
2,OHT,V00649,1,1,0000,1,1448,350,1449,4,4,4NDNA076,4AFZ15-160,00000000,0000,4ALFE001_AO31,4AFZ15-160,50,0,0

2,OHT,V00795,1,1,0000,1,12340,414,12341,4,4,4PDMV608,4ANZ19-701,00000000,0000,4ABL3301A_OUT04,4ANZ19-701,90,0,0
2,OHT,V00564,1,1,0000,1,2115,409,2116,4,4,4PDD0270,4KCW3301_3,00000000,0000,4ANZ25-205,4KCW3301_3,50,0,0
2,OHT,V00975,1,1,0000,1,6033,400,3294,4,4,6PDB1402,4ANZ03-302,00000000,0000,4EPR5301_3,4ANZ03-302,50,0,0
2,OHT,V00313,1,1,0000,1,1071,400,1072,4,4,6PDN4064,4AFZ47-328,00000000,0000,4CSC1603_3,4AFZ47-328,50,0,0
2,OHT,V00649,1,1,0000,1,1448,400,1449,4,4,4NDNA076,4AFZ15-160,00000000,0000,4ALFE001_AO31,4AFZ15-160,50,0,0

2,OHT,V00795,1,1,0000,1,12340,464,12341,4,4,4PDMV608,4ANZ19-701,00000000,0000,4ABL3301A_OUT04,4ANZ19-701,90,0,0
2,OHT,V00564,1,1,0000,1,2115,459,2116,4,4,4PDD0270,4KCW3301_3,00000000,0000,4ANZ25-205,4KCW3301_3,50,0,0
2,OHT,V00975,1,1,0000,1,6033,450,3294,4,4,6PDB1402,4ANZ03-302,00000000,0000,4EPR5301_3,4ANZ03-302,50,0,0
2,OHT,V00313,1,1,0000,1,1071,450,1072,4,4,6PDN4064,4AFZ47-328,00000000,0000,4CSC1603_3,4AFZ47-328,50,0,0
2,OHT,V00649,1,1,0000,1,1448,450,1449,4,4,4NDNA076,4AFZ15-160,00000000,0000,4ALFE001_AO31,4AFZ15-160,50,0,0

2,OHT,V00795,1,1,0000,1,12340,514,12341,4,4,4PDMV608,4ANZ19-701,00000000,0000,4ABL3301A_OUT04,4ANZ19-701,90,0,0
2,OHT,V00564,1,1,0000,1,2115,509,2116,4,4,4PDD0270,4KCW3301_3,00000000,0000,4ANZ25-205,4KCW3301_3,50,0,0
2,OHT,V00975,1,1,0000,1,3294,0,3295,4,4,6PDB1402,4ANZ03-302,00000000,0000,4EPR5301_3,4ANZ03-302,50,0,0
2,OHT,V00313,1,1,0000,1,1071,500,1072,4,4,6PDN4064,4AFZ47-328,00000000,0000,4CSC1603_3,4AFZ47-328,50,0,0
2,OHT,V00649,1,1,0000,1,1449,0,1450,4,4,4NDNA076,4AFZ15-160,00000000,0000,4ALFE001_AO31,4AFZ15-160,50,0,0

2,OHT,V00795,1,1,0000,1,12340,564,12341,4,4,4PDMV608,4ANZ19-701,00000000,0000,4ABL3301A_OUT04,4ANZ19-701,90,0,0
2,OHT,V00564,1,1,0000,1,2115,559,2116,4,4,4PDD0270,4KCW3301_3,00000000,0000,4ANZ25-205,4KCW3301_3,50,0,0
2,OHT,V00975,1,1,0000,1,3294,50,3295,4,4,6PDB1402,4ANZ03-302,00000000,0000,4EPR5301_3,4ANZ03-302,50,0,0
2,OHT,V00313,1,1,0000,1,1071,550,1072,4,4,6PDN4064,4AFZ47-328,00000000,0000,4CSC1603_3,4AFZ47-328,50,0,0
2,OHT,V00649,1,1,0000,1,1449,50,1450,4,4,4NDNA076,4AFZ15-160,00000000,0000,4ALFE001_AO31,4AFZ15-160,50,0,0

2,OHT,V00795,1,1,0000,1,12340,614,12341,4,4,4PDMV608,4ANZ19-701,00000000,0000,4ABL3301A_OUT04,4ANZ19-701,90,0,0
2,OHT,V00564,1,1,0000,1,2115,609,2116,4,4,4PDD0270,4KCW3301_3,00000000,0000,4ANZ25-205,4KCW3301_3,50,0,0
2,OHT,V00975,1,1,0000,1,3294,100,3295,4,4,6PDB1402,4ANZ03-302,00000000,0000,4EPR5301_3,4ANZ03-302,50,0,0
2,OHT,V00313,1,1,0000,1,1071,600,1072,4,4,6PDN4064,4AFZ47-328,00000000,0000,4CSC1603_3,4AFZ47-328,50,0,0
2,OHT,V00649,1,1,0000,1,1449,100,1450,4,4,4NDNA076,4AFZ15-160,00000000,0000,4ALFE001_AO31,4AFZ15-160,50,0,0

2,OHT,V00795,1,1,0000,1,12340,664,12341,4,4,4PDMV608,4ANZ19-701,00000000,0000,4ABL3301A_OUT04,4ANZ19-701,90,0,0
2,OHT,V00564,1,1,0000,1,2115,659,2116,4,4,4PDD0270,4KCW3301_3,00000000,0000,4ANZ25-205,4KCW3301_3,50,0,0
2,OHT,V00975,1,1,0000,1,3294,150,3295,4,4,6PDB1402,4ANZ03-302,00000000,0000,4EPR5301_3,4ANZ03-302,50,0,0
2,OHT,V00313,1,1,0000,1,1071,650,1072,4,4,6PDN4064,4AFZ47-328,00000000,0000,4CSC1603_3,4AFZ47-328,50,0,0
2,OHT,V00649,1,1,0000,1,1449,150,1450,4,4,4NDNA076,4AFZ15-160,00000000,0000,4ALFE001_AO31,4AFZ15-160,50,0,0

2,OHT,V00795,1,1,0000,1,12340,714,12341,4,4,4PDMV608,4ANZ19-701,00000000,0000,4ABL3301A_OUT04,4ANZ19-701,90,0,0
2,OHT,V00564,1,1,0000,1,2115,709,2116,4,4,4PDD0270,4KCW3301_3,00000000,0000,4ANZ25-205,4KCW3301_3,50,0,0
2,OHT,V00975,1,1,0000,1,3294,200,3295,4,4,6PDB1402,4ANZ03-302,00000000,0000,4EPR5301_3,4ANZ03-302,50,0,0
2,OHT,V00313,1,1,0000,1,1071,700,1072,4,4,6PDN4064,4AFZ47-328,00000000,0000,4CSC1603_3,4AFZ47-328,50,0,0
2,OHT,V00649,1,1,0000,1,1449,200,1450,4,4,4NDNA076,4AFZ15-160,00000000,0000,4ALFE001_AO31,4AFZ15-160,50,0,0

2,OHT,V00795,1,1,0000,1,12340,764,12341,4,4,4PDMV608,4ANZ19-701,00000000,0000,4ABL3301A_OUT04,4ANZ19-701,90,0,0
2,OHT,V00564,1,1,0000,1,2115,759,2116,4,4,4PDD0270,4KCW3301_3,00000000,0000,4ANZ25-205,4KCW3301_3,50,0,0
2,OHT,V00975,1,1,0000,1,3294,250,3295,4,4,6PDB1402,4ANZ03-302,00000000,0000,4EPR5301_3,4ANZ03-302,50,0,0
2,OHT,V00313,1,1,0000,1,1072,0,1073,4,4,6PDN4064,4AFZ47-328,00000000,0000,4CSC1603_3,4AFZ47-328,50,0,0
2,OHT,V00649,1,1,0000,1,1449,250,1450,4,4,4NDNA076,4AFZ15-160,00000000,0000,4ALFE001_AO31,4AFZ15-160,50,0,0

2,OHT,V00795,1,1,0000,1,12340,814,12341,4,4,4PDMV608,4ANZ19-701,00000000,0000,4ABL3301A_OUT04,4ANZ19-701,90,0,0
2,OHT,V00564,1,1,0000,1,2115,809,2116,4,4,4PDD0270,4KCW3301_3,00000000,0000,4ANZ25-205,4KCW3301_3,50,0,0
2,OHT,V00975,1,1,0000,1,3294,300,3295,4,4,6PDB1402,4ANZ03-302,00000000,0000,4EPR5301_3,4ANZ03-302,50,0,0
2,OHT,V00313,1,1,0000,1,1072,50,1073,4,4,6PDN4064,4AFZ47-328,00000000,0000,4CSC1603_3,4AFZ47-328,50,0,0
2,OHT,V00649,1,1,0000,1,1449,300,1450,4,4,4NDNA076,4AFZ15-160,00000000,0000,4ALFE001_AO31,4AFZ15-160,50,0,0

2,OHT,V00795,1,1,0000,1,12340,864,12341,4,4,4PDMV608,4ANZ19-701,00000000,0000,4ABL3301A_OUT04,4ANZ19-701,90,0,0
2,OHT,V00564,1,1,0000,1,2115,859,2116,4,4,4PDD0270,4KCW3301_3,00000000,0000,4ANZ25-205,4KCW3301_3,50,0,0
2,OHT,V00975,1,1,0000,1,3294,350,3295,4,4,6PDB1402,4ANZ03-302,00000000,0000,4EPR5301_3,4ANZ03-302,50,0,0
2,OHT,V00313,1,1,0000,1,1072,100,1073,4,4,6PDN4064,4AFZ47-328,00000000,0000,4CSC1603_3,4AFZ47-328,50,0,0
2,OHT,V00649,1,1,0000,1,1449,350,1450,4,4,4NDNA076,4AFZ15-160,00000000,0000,4ALFE001_AO31,4AFZ15-160,50,0,0

2,OHT,V00795,1,1,0000,1,12340,914,12341,4,4,4PDMV608,4ANZ19-701,00000000,0000,4ABL3301A_OUT04,4ANZ19-701,90,0,0
2,OHT,V00564,1,1,0000,1,2115,909,2116,4,4,4PDD0270,4KCW3301_3,00000000,0000,4ANZ25-205,4KCW3301_3,50,0,0
2,OHT,V00975,1,1,0000,1,3295,0,3296,4,4,6PDB1402,4ANZ03-302,00000000,0000,4EPR5301_3,4ANZ03-302,50,0,0
2,OHT,V00313,1,1,0000,1,1072,150,1073,4,4,6PDN4064,4AFZ47-328,00000000,0000,4CSC1603_3,4AFZ47-328,50,0,0
2,OHT,V00649,1,1,0000,1,1449,400,1450,4,4,4NDNA076,4AFZ15-160,00000000,0000,4ALFE001_AO31,4AFZ15-160,50,0,0

2,OHT,V00795,1,1,0000,1,12341,0,12314,4,4,4PDMV608,4ANZ19-701,00000000,0000,4ABL3301A_OUT04,4ANZ19-701,90,0,0
2,OHT,V00564,1,1,0000,1,2115,959,2116,4,4,4PDD0270,4KCW3301_3,00000000,0000,4ANZ25-205,4KCW3301_3,50,0,0
2,OHT,V00975,1,1,0000,1,3295,50,3296,4,4,6PDB1402,4ANZ03-302,00000000,0000,4EPR5301_3,4ANZ03-302,50,0,0
2,OHT,V00313,1,1,0000,1,1072,200,1073,4,4,6PDN4064,4AFZ47-328,00000000,0000,4CSC1603_3,4AFZ47-328,50,0,0
2,OHT,V00649,1,1,0000,1,1449,450,1450,4,4,4NDNA076,4AFZ15-160,00000000,0000,4ALFE001_AO31,4AFZ15-160,50,0,0

2,OHT,V00795,1,1,0000,1,12341,50,12314,4,4,4PDMV608,4ANZ19-701,00000000,0000,4ABL3301A_OUT04,4ANZ19-701,90,0,0
2,OHT,V00564,1,1,0000,1,2116,0,2117,4,4,4PDD0270,4KCW3301_3,00000000,0000,4ANZ25-205,4KCW3301_3,50,0,0
2,OHT,V00975,1,1,0000,1,3295,100,3296,4,4,6PDB1402,4ANZ03-302,00000000,0000,4EPR5301_3,4ANZ03-302,50,0,0
2,OHT,V00313,1,1,0000,1,1072,250,1073,4,4,6PDN4064,4AFZ47-328,00000000,0000,4CSC1603_3,4AFZ47-328,50,0,0
2,OHT,V00649,1,1,0000,1,1450,0,1451,4,4,4NDNA076,4AFZ15-160,00000000,0000,4ALFE001_AO31,4AFZ15-160,50,0,0

2,OHT,V00795,1,1,0000,1,12341,100,12314,4,4,4PDMV608,4ANZ19-701,00000000,0000,4ABL3301A_OUT04,4ANZ19-701,90,0,0
2,OHT,V00564,1,1,0000,1,2116,50,2117,4,4,4PDD0270,4KCW3301_3,00000000,0000,4ANZ25-205,4KCW3301_3,50,0,0
2,OHT,V00975,1,1,0000,1,3295,150,3296,4,4,6PDB1402,4ANZ03-302,00000000,0000,4EPR5301_3,4ANZ03-302,50,0,0
2,OHT,V00313,1,1,0000,1,1073,0,1074,4,4,6PDN4064,4AFZ47-328,00000000,0000,4CSC1603_3,4AFZ47-328,50,0,0
2,OHT,V00649,1,1,0000,1,1450,50,1451,4,4,4NDNA076,4AFZ15-160,00000000,0000,4ALFE001_AO31,4AFZ15-160,50,0,0

2,OHT,V00795,1,1,0000,1,12341,150,12314,4,4,4PDMV608,4ANZ19-701,00000000,0000,4ABL3301A_OUT04,4ANZ19-701,90,0,0
2,OHT,V00564,1,1,0000,1,2116,100,2117,4,4,4PDD0270,4KCW3301_3,00000000,0000,4ANZ25-205,4KCW3301_3,50,0,0
2,OHT,V00975,1,1,0000,1,3295,200,3296,4,4,6PDB1402,4ANZ03-302,00000000,0000,4EPR5301_3,4ANZ03-302,50,0,0
2,OHT,V00313,1,1,0000,1,1073,50,1074,4,4,6PDN4064,4AFZ47-328,00000000,0000,4CSC1603_3,4AFZ47-328,50,0,0
2,OHT,V00649,1,1,0000,1,1450,100,1451,4,4,4NDNA076,4AFZ15-160,00000000,0000,4ALFE001_AO31,4AFZ15-160,50,0,0

2,OHT,V00795,1,1,0000,1,12341,200,12314,4,4,4PDMV608,4ANZ19-701,00000000,0000,4ABL3301A_OUT04,4ANZ19-701,90,0,0
2,OHT,V00564,1,1,0000,1,2116,150,2117,4,4,4PDD0270,4KCW3301_3,00000000,0000,4ANZ25-205,4KCW3301_3,50,0,0
2,OHT,V00975,1,1,0000,1,3295,250,3296,4,4,6PDB1402,4ANZ03-302,00000000,0000,4EPR5301_3,4ANZ03-302,50,0,0
2,OHT,V00313,1,1,0000,1,1073,100,1074,4,4,6PDN4064,4AFZ47-328,00000000,0000,4CSC1603_3,4AFZ47-328,50,0,0
2,OHT,V00649,1,1,0000,1,1450,150,1451,4,4,4NDNA076,4AFZ15-160,00000000,0000,4ALFE001_AO31,4AFZ15-160,50,0,0

2,OHT,V00795,1,1,0000,1,12341,250,12314,4,4,4PDMV608,4ANZ19-701,00000000,0000,4ABL3301A_OUT04,4ANZ19-701,90,0,0
2,OHT,V00564,1,1,0000,1,2116,200,2117,4,4,4PDD0270,4KCW3301_3,00000000,0000,4ANZ25-205,4KCW3301_3,50,0,0
2,OHT,V00975,1,1,0000,1,3295,300,3296,4,4,6PDB1402,4ANZ03-302,00000000,0000,4EPR5301_3,4ANZ03-302,50,0,0
2,OHT,V00313,1,1,0000,1,1073,150,1074,4,4,6PDN4064,4AFZ47-328,00000000,0000,4CSC1603_3,4AFZ47-328,50,0,0
2,OHT,V00649,1,1,0000,1,1450,200,1451,4,4,4NDNA076,4AFZ15-160,00000000,0000,4ALFE001_AO31,4AFZ15-160,50,0,0

2,OHT,V00795,1,1,0000,1,12341,300,12314,4,4,4PDMV608,4ANZ19-701,00000000,0000,4ABL3301A_OUT04,4ANZ19-701,90,0,0
2,OHT,V00564,1,1,0000,1,2116,250,2117,4,4,4PDD0270,4KCW3301_3,00000000,0000,4ANZ25-205,4KCW3301_3,50,0,0
2,OHT,V00975,1,1,0000,1,3295,350,3296,4,4,6PDB1402,4ANZ03-302,00000000,0000,4EPR5301_3,4ANZ03-302,50,0,0
2,OHT,V00313,1,1,0000,1,1073,200,1074,4,4,6PDN4064,4AFZ47-328,00000000,0000,4CSC1603_3,4AFZ47-328,50,0,0
2,OHT,V00649,1,1,0000,1,1450,250,1451,4,4,4NDNA076,4AFZ15-160,00000000,0000,4ALFE001_AO31,4AFZ15-160,50,0,0

2,OHT,V00795,1,1,0000,1,12341,350,12314,4,4,4PDMV608,4ANZ19-701,00000000,0000,4ABL3301A_OUT04,4ANZ19-701,90,0,0
2,OHT,V00564,1,1,0000,1,2116,300,2117,4,4,4PDD0270,4KCW3301_3,00000000,0000,4ANZ25-205,4KCW3301_3,50,0,0
2,OHT,V00975,1,1,0000,1,3295,400,3296,4,4,6PDB1402,4ANZ03-302,00000000,0000,4EPR5301_3,4ANZ03-302,50,0,0
2,OHT,V00313,1,1,0000,1,1073,250,1074,4,4,6PDN4064,4AFZ47-328,00000000,0000,4CSC1603_3,4AFZ47-328,50,0,0
2,OHT,V00649,1,1,0000,1,1450,300,1451,4,4,4NDNA076,4AFZ15-160,00000000,0000,4ALFE001_AO31,4AFZ15-160,50,0,0

2,OHT,V00795,1,1,0000,1,12341,400,12314,4,4,4PDMV608,4ANZ19-701,00000000,0000,4ABL3301A_OUT04,4ANZ19-701,90,0,0
2,OHT,V00564,1,1,0000,1,2116,350,2117,4,4,4PDD0270,4KCW3301_3,00000000,0000,4ANZ25-205,4KCW3301_3,50,0,0
2,OHT,V00975,1,1,0000,1,3295,450,3296,4,4,6PDB1402,4ANZ03-302,00000000,0000,4EPR5301_3,4ANZ03-302,50,0,0
2,OHT,V00313,1,1,0000,1,1073,300,1074,4,4,6PDN4064,4AFZ47-328,00000000,0000,4CSC1603_3,4AFZ47-328,50,0,0
2,OHT,V00649,1,1,0000,1,1450,350,1451,4,4,4NDNA076,4AFZ15-160,00000000,0000,4ALFE001_AO31,4AFZ15-160,50,0,0

2,OHT,V00795,1,1,0000,1,12341,450,12314,4,4,4PDMV608,4ANZ19-701,00000000,0000,4ABL3301A_OUT04,4ANZ19-701,90,0,0
2,OHT,V00564,1,1,0000,1,2116,400,2117,4,4,4PDD0270,4KCW3301_3,00000000,0000,4ANZ25-205,4KCW3301_3,50,0,0
2,OHT,V00975,1,1,0000,1,3296,0,3297,4,4,6PDB1402,4ANZ03-302,00000000,0000,4EPR5301_3,4ANZ03-302,50,0,0
2,OHT,V00313,1,1,0000,1,1073,350,1074,4,4,6PDN4064,4AFZ47-328,00000000,0000,4CSC1603_3,4AFZ47-328,50,0,0
2,OHT,V00649,1,1,0000,1,1450,400,1451,4,4,4NDNA076,4AFZ15-160,00000000,0000,4ALFE001_AO31,4AFZ15-160,50,0,0

2,OHT,V00795,1,1,0000,1,12341,500,12314,4,4,4PDMV608,4ANZ19-701,00000000,0000,4ABL3301A_OUT04,4ANZ19-701,90,0,0
2,OHT,V00564,1,1,0000,1,2116,450,2117,4,4,4PDD0270,4KCW3301_3,00000000,0000,4ANZ25-205,4KCW3301_3,50,0,0
2,OHT,V00975,1,1,0000,1,3296,50,3297,4,4,6PDB1402,4ANZ03-302,00000000,0000,4EPR5301_3,4ANZ03-302,50,0,0
2,OHT,V00313,1,1,0000,1,1074,0,1075,4,4,6PDN4064,4AFZ47-328,00000000,0000,4CSC1603_3,4AFZ47-328,50,0,0
2,OHT,V00649,1,1,0000,1,1450,450,1451,4,4,4NDNA076,4AFZ15-160,00000000,0000,4ALFE001_AO31,4AFZ15-160,50,0,0

2,OHT,V00795,1,1,0000,1,12341,550,12314,4,4,4PDMV608,4ANZ19-701,00000000,0000,4ABL3301A_OUT04,4ANZ19-701,90,0,0
2,OHT,V00564,1,1,0000,1,2116,500,2117,4,4,4PDD0270,4KCW3301_3,00000000,0000,4ANZ25-205,4KCW3301_3,50,0,0
2,OHT,V00975,1,1,0000,1,3296,100,3297,4,4,6PDB1402,4ANZ03-302,00000000,0000,4EPR5301_3,4ANZ03-302,50,0,0
2,OHT,V00313,1,1,0000,1,1074,50,1075,4,4,6PDN4064,4AFZ47-328,00000000,0000,4CSC1603_3,4AFZ47-328,50,0,0
2,OHT,V00649,1,1,0000,1,1450,500,1451,4,4,4NDNA076,4AFZ15-160,00000000,0000,4ALFE001_AO31,4AFZ15-160,50,0,0

2,OHT,V00795,1,1,0000,1,12341,600,12314,4,4,4PDMV608,4ANZ19-701,00000000,0000,4ABL3301A_OUT04,4ANZ19-701,90,0,0
2,OHT,V00564,1,1,0000,1,2116,550,2117,4,4,4PDD0270,4KCW3301_3,00000000,0000,4ANZ25-205,4KCW3301_3,50,0,0
2,OHT,V00975,1,1,0000,1,3296,150,3297,4,4,6PDB1402,4ANZ03-302,00000000,0000,4EPR5301_3,4ANZ03-302,50,0,0
2,OHT,V00313,1,1,0000,1,1074,100,1075,4,4,6PDN4064,4AFZ47-328,00000000,0000,4CSC1603_3,4AFZ47-328,50,0,0
2,OHT,V00649,1,1,0000,1,1450,550,1451,4,4,4NDNA076,4AFZ15-160,00000000,0000,4ALFE001_AO31,4AFZ15-160,50,0,0

2,OHT,V00795,1,1,0000,1,12341,650,12314,4,4,4PDMV608,4ANZ19-701,00000000,0000,4ABL3301A_OUT04,4ANZ19-701,90,0,0
2,OHT,V00564,1,1,0000,1,2116,600,2117,4,4,4PDD0270,4KCW3301_3,00000000,0000,4ANZ25-205,4KCW3301_3,50,0,0
2,OHT,V00975,1,1,0000,1,3296,200,3297,4,4,6PDB1402,4ANZ03-302,00000000,0000,4EPR5301_3,4ANZ03-302,50,0,0
2,OHT,V00313,1,1,0000,1,1074,150,1075,4,4,6PDN4064,4AFZ47-328,00000000,0000,4CSC1603_3,4AFZ47-328,50,0,0
2,OHT,V00649,1,1,0000,1,1450,600,1451,4,4,4NDNA076,4AFZ15-160,00000000,0000,4ALFE001_AO31,4AFZ15-160,50,0,0

2,OHT,V00795,1,1,0000,1,12341,700,12314,4,4,4PDMV608,4ANZ19-701,00000000,0000,4ABL3301A_OUT04,4ANZ19-701,90,0,0
2,OHT,V00564,1,1,0000,1,2116,650,2117,4,4,4PDD0270,4KCW3301_3,00000000,0000,4ANZ25-205,4KCW3301_3,50,0,0
2,OHT,V00975,1,1,0000,1,3296,250,3297,4,4,6PDB1402,4ANZ03-302,00000000,0000,4EPR5301_3,4ANZ03-302,50,0,0
2,OHT,V00313,1,1,0000,1,1074,200,1075,4,4,6PDN4064,4AFZ47-328,00000000,0000,4CSC1603_3,4AFZ47-328,50,0,0
2,OHT,V00649,1,1,0000,1,1450,650,1451,4,4,4NDNA076,4AFZ15-160,00000000,0000,4ALFE001_AO31,4AFZ15-160,50,0,0

2,OHT,V00795,1,1,0000,1,12341,750,12314,4,4,4PDMV608,4ANZ19-701,00000000,0000,4ABL3301A_OUT04,4ANZ19-701,90,0,0
2,OHT,V00564,1,1,0000,1,2117,0,2118,4,4,4PDD0270,4KCW3301_3,00000000,0000,4ANZ25-205,4KCW3301_3,50,0,0
2,OHT,V00975,1,1,0000,1,3296,300,3297,4,4,6PDB1402,4ANZ03-302,00000000,0000,4EPR5301_3,4ANZ03-302,50,0,0
2,OHT,V00313,1,1,0000,1,1074,250,1075,4,4,6PDN4064,4AFZ47-328,00000000,0000,4CSC1603_3,4AFZ47-328,50,0,0
2,OHT,V00649,1,1,0000,1,1451,0,1452,4,4,4NDNA076,4AFZ15-160,00000000,0000,4ALFE001_AO31,4AFZ15-160,50,0,0

2,OHT,V00795,1,1,0000,1,12314,0,12315,4,4,4PDMV608,4ANZ19-701,00000000,0000,4ABL3301A_OUT04,4ANZ19-701,90,0,0
2,OHT,V00564,1,1,0000,1,2117,50,2118,4,4,4PDD0270,4KCW3301_3,00000000,0000,4ANZ25-205,4KCW3301_3,50,0,0
2,OHT,V00975,1,1,0000,1,3297,0,3328,4,4,6PDB1402,4ANZ03-302,00000000,0000,4EPR5301_3,4ANZ03-302,50,0,0
2,OHT,V00313,1,1,0000,1,1074,300,1075,4,4,6PDN4064,4AFZ47-328,00000000,0000,4CSC1603_3,4AFZ47-328,50,0,0
2,OHT,V00649,1,1,0000,1,1451,50,1452,4,4,4NDNA076,4AFZ15-160,00000000,0000,4ALFE001_AO31,4AFZ15-160,50,0,0

2,OHT,V00795,1,1,0000,1,12314,50,12315,4,4,4PDMV608,4ANZ19-701,00000000,0000,4ABL3301A_OUT04,4ANZ19-701,90,0,0
2,OHT,V00564,1,1,0000,1,2117,100,2118,4,4,4PDD0270,4KCW3301_3,00000000,0000,4ANZ25-205,4KCW3301_3,50,0,0
2,OHT,V00975,1,1,0000,1,3297,50,3328,4,4,6PDB1402,4ANZ03-302,00000000,0000,4EPR5301_3,4ANZ03-302,50,0,0
2,OHT,V00313,1,1,0000,1,1074,350,1075,4,4,6PDN4064,4AFZ47-328,00000000,0000,4CSC1603_3,4AFZ47-328,50,0,0
2,OHT,V00649,1,1,0000,1,1451,100,1452,4,4,4NDNA076,4AFZ15-160,00000000,0000,4ALFE001_AO31,4AFZ15-160,50,0,0

2,OHT,V00795,1,1,0000,1,12314,100,12315,4,4,4PDMV608,4ANZ19-701,00000000,0000,4ABL3301A_OUT04,4ANZ19-701,90,0,0
2,OHT,V00564,1,1,0000,1,2117,150,2118,4,4,4PDD0270,4KCW3301_3,00000000,0000,4ANZ25-205,4KCW3301_3,50,0,0
2,OHT,V00975,1,1,0000,1,3297,100,3328,4,4,6PDB1402,4ANZ03-302,00000000,0000,4EPR5301_3,4ANZ03-302,50,0,0
2,OHT,V00313,1,1,0000,1,1074,400,1075,4,4,6PDN4064,4AFZ47-328,00000000,0000,4CSC1603_3,4AFZ47-328,50,0,0
2,OHT,V00649,1,1,0000,1,1451,150,1452,4,4,4NDNA076,4AFZ15-160,00000000,0000,4ALFE001_AO31,4AFZ15-160,50,0,0

2,OHT,V00795,1,1,0000,1,12314,150,12315,4,4,4PDMV608,4ANZ19-701,00000000,0000,4ABL3301A_OUT04,4ANZ19-701,90,0,0
2,OHT,V00564,1,1,0000,1,2117,200,2118,4,4,4PDD0270,4KCW3301_3,00000000,0000,4ANZ25-205,4KCW3301_3,50,0,0
2,OHT,V00975,1,1,0000,1,3297,150,3328,4,4,6PDB1402,4ANZ03-302,00000000,0000,4EPR5301_3,4ANZ03-302,50,0,0
2,OHT,V00313,1,1,0000,1,1074,450,1075,4,4,6PDN4064,4AFZ47-328,00000000,0000,4CSC1603_3,4AFZ47-328,50,0,0
2,OHT,V00649,1,1,0000,1,1451,200,1452,4,4,4NDNA076,4AFZ15-160,00000000,0000,4ALFE001_AO31,4AFZ15-160,50,0,0

2,OHT,V00795,1,1,0000,1,12314,200,12315,4,4,4PDMV608,4ANZ19-701,00000000,0000,4ABL3301A_OUT04,4ANZ19-701,90,0,0
2,OHT,V00564,1,1,0000,1,2117,250,2118,4,4,4PDD0270,4KCW3301_3,00000000,0000,4ANZ25-205,4KCW3301_3,50,0,0
2,OHT,V00975,1,1,0000,1,3297,200,3328,4,4,6PDB1402,4ANZ03-302,00000000,0000,4EPR5301_3,4ANZ03-302,50,0,0
2,OHT,V00313,1,1,0000,1,1074,500,1075,4,4,6PDN4064,4AFZ47-328,00000000,0000,4CSC1603_3,4AFZ47-328,50,0,0
2,OHT,V00649,1,1,0000,1,1451,250,1452,4,4,4NDNA076,4AFZ15-160,00000000,0000,4ALFE001_AO31,4AFZ15-160,50,0,0

2,OHT,V00795,1,1,0000,1,12314,250,12315,4,4,4PDMV608,4ANZ19-701,00000000,0000,4ABL3301A_OUT04,4ANZ19-701,90,0,0
2,OHT,V00564,1,1,0000,1,2117,300,2118,4,4,4PDD0270,4KCW3301_3,00000000,0000,4ANZ25-205,4KCW3301_3,50,0,0
2,OHT,V00975,1,1,0000,1,3297,250,3328,4,4,6PDB1402,4ANZ03-302,00000000,0000,4EPR5301_3,4ANZ03-302,50,0,0
2,OHT,V00313,1,1,0000,1,1074,550,1075,4,4,6PDN4064,4AFZ47-328,00000000,0000,4CSC1603_3,4AFZ47-328,50,0,0
2,OHT,V00649,1,1,0000,1,1451,300,1452,4,4,4NDNA076,4AFZ15-160,00000000,0000,4ALFE001_AO31,4AFZ15-160,50,0,0

2,OHT,V00795,1,1,0000,1,12314,300,12315,4,4,4PDMV608,4ANZ19-701,00000000,0000,4ABL3301A_OUT04,4ANZ19-701,90,0,0
2,OHT,V00564,1,1,0000,1,2117,350,2118,4,4,4PDD0270,4KCW3301_3,00000000,0000,4ANZ25-205,4KCW3301_3,50,0,0
2,OHT,V00975,1,1,0000,1,3297,300,3328,4,4,6PDB1402,4ANZ03-302,00000000,0000,4EPR5301_3,4ANZ03-302,50,0,0
2,OHT,V00313,1,1,0000,1,1075,0,1076,4,4,6PDN4064,4AFZ47-328,00000000,0000,4CSC1603_3,4AFZ47-328,50,0,0
2,OHT,V00649,1,1,0000,1,1451,350,1452,4,4,4NDNA076,4AFZ15-160,00000000,0000,4ALFE001_AO31,4AFZ15-160,50,0,0

2,OHT,V00795,1,1,0000,1,12314,350,12315,4,4,4PDMV608,4ANZ19-701,00000000,0000,4ABL3301A_OUT04,4ANZ19-701,90,0,0
2,OHT,V00564,1,1,0000,1,2117,400,2118,4,4,4PDD0270,4KCW3301_3,00000000,0000,4ANZ25-205,4KCW3301_3,50,0,0
2,OHT,V00975,1,1,0000,1,3297,350,3328,4,4,6PDB1402,4ANZ03-302,00000000,0000,4EPR5301_3,4ANZ03-302,50,0,0
2,OHT,V00313,1,1,0000,1,1075,50,1076,4,4,6PDN4064,4AFZ47-328,00000000,0000,4CSC1603_3,4AFZ47-328,50,0,0
2,OHT,V00649,1,1,0000,1,1451,400,1452,4,4,4NDNA076,4AFZ15-160,00000000,0000,4ALFE001_AO31,4AFZ15-160,50,0,0

2,OHT,V00795,1,1,0000,1,12314,400,12315,4,4,4PDMV608,4ANZ19-701,00000000,0000,4ABL3301A_OUT04,4ANZ19-701,90,0,0
2,OHT,V00564,1,1,0000,1,2117,450,2118,4,4,4PDD0270,4KCW3301_3,00000000,0000,4ANZ25-205,4KCW3301_3,50,0,0
2,OHT,V00975,1,1,0000,1,3297,400,3328,4,4,6PDB1402,4ANZ03-302,00000000,0000,4EPR5301_3,4ANZ03-302,50,0,0
2,OHT,V00313,1,1,0000,1,1075,100,1076,4,4,6PDN4064,4AFZ47-328,00000000,0000,4CSC1603_3,4AFZ47-328,50,0,0
2,OHT,V00649,1,1,0000,1,1451,450,1452,4,4,4NDNA076,4AFZ15-160,00000000,0000,4ALFE001_AO31,4AFZ15-160,50,0,0

2,OHT,V00795,1,1,0000,1,12314,450,12315,4,4,4PDMV608,4ANZ19-701,00000000,0000,4ABL3301A_OUT04,4ANZ19-701,90,0,0
2,OHT,V00564,1,1,0000,1,2118,0,8341,4,4,4PDD0270,4KCW3301_3,00000000,0000,4ANZ25-205,4KCW3301_3,50,0,0
2,OHT,V00975,1,1,0000,1,3297,450,3328,4,4,6PDB1402,4ANZ03-302,00000000,0000,4EPR5301_3,4ANZ03-302,50,0,0
2,OHT,V00313,1,1,0000,1,1075,150,1076,4,4,6PDN4064,4AFZ47-328,00000000,0000,4CSC1603_3,4AFZ47-328,50,0,0
2,OHT,V00649,1,1,0000,1,1451,500,1452,4,4,4NDNA076,4AFZ15-160,00000000,0000,4ALFE001_AO31,4AFZ15-160,50,0,0

2,OHT,V00795,1,1,0000,1,12314,500,12315,4,4,4PDMV608,4ANZ19-701,00000000,0000,4ABL3301A_OUT04,4ANZ19-701,90,0,0
2,OHT,V00564,1,1,0000,1,2118,50,8341,4,4,4PDD0270,4KCW3301_3,00000000,0000,4ANZ25-205,4KCW3301_3,50,0,0
2,OHT,V00975,1,1,0000,1,3297,500,3328,4,4,6PDB1402,4ANZ03-302,00000000,0000,4EPR5301_3,4ANZ03-302,50,0,0
2,OHT,V00313,1,1,0000,1,1075,200,1076,4,4,6PDN4064,4AFZ47-328,00000000,0000,4CSC1603_3,4AFZ47-328,50,0,0
2,OHT,V00649,1,1,0000,1,1451,550,1452,4,4,4NDNA076,4AFZ15-160,00000000,0000,4ALFE001_AO31,4AFZ15-160,50,0,0

2,OHT,V00795,1,1,0000,1,12314,550,12315,4,4,4PDMV608,4ANZ19-701,00000000,0000,4ABL3301A_OUT04,4ANZ19-701,90,0,0
2,OHT,V00564,1,1,0000,1,2118,100,8341,4,4,4PDD0270,4KCW3301_3,00000000,0000,4ANZ25-205,4KCW3301_3,50,0,0
2,OHT,V00975,1,1,0000,1,3297,550,3328,4,4,6PDB1402,4ANZ03-302,00000000,0000,4EPR5301_3,4ANZ03-302,50,0,0
2,OHT,V00313,1,1,0000,1,1075,250,1076,4,4,6PDN4064,4AFZ47-328,00000000,0000,4CSC1603_3,4AFZ47-328,50,0,0
2,OHT,V00649,1,1,0000,1,1452,0,1453,4,4,4NDNA076,4AFZ15-160,00000000,0000,4ALFE001_AO31,4AFZ15-160,50,0,0

2,OHT,V00795,1,1,0000,1,12314,600,12315,4,4,4PDMV608,4ANZ19-701,00000000,0000,4ABL3301A_OUT04,4ANZ19-701,90,0,0
2,OHT,V00564,1,1,0000,1,2118,150,8341,4,4,4PDD0270,4KCW3301_3,00000000,0000,4ANZ25-205,4KCW3301_3,50,0,0
2,OHT,V00975,1,1,0000,1,3297,600,3328,4,4,6PDB1402,4ANZ03-302,00000000,0000,4EPR5301_3,4ANZ03-302,50,0,0
2,OHT,V00313,1,1,0000,1,1075,300,1076,4,4,6PDN4064,4AFZ47-328,00000000,0000,4CSC1603_3,4AFZ47-328,50,0,0
2,OHT,V00649,1,1,0000,1,1452,50,1453,4,4,4NDNA076,4AFZ15-160,00000000,0000,4ALFE001_AO31,4AFZ15-160,50,0,0

2,OHT,V00795,1,1,0000,1,12314,650,12315,4,4,4PDMV608,4ANZ19-701,00000000,0000,4ABL3301A_OUT04,4ANZ19-701,90,0,0
2,OHT,V00564,1,1,0000,1,2118,200,8341,4,4,4PDD0270,4KCW3301_3,00000000,0000,4ANZ25-205,4KCW3301_3,50,0,0
2,OHT,V00975,1,1,0000,1,3297,650,3328,4,4,6PDB1402,4ANZ03-302,00000000,0000,4EPR5301_3,4ANZ03-302,50,0,0
2,OHT,V00313,1,1,0000,1,1075,350,1076,4,4,6PDN4064,4AFZ47-328,00000000,0000,4CSC1603_3,4AFZ47-328,50,0,0
2,OHT,V00649,1,1,0000,1,1452,100,1453,4,4,4NDNA076,4AFZ15-160,00000000,0000,4ALFE001_AO31,4AFZ15-160,50,0,0

2,OHT,V00795,1,1,0000,1,12314,700,12315,4,4,4PDMV608,4ANZ19-701,00000000,0000,4ABL3301A_OUT04,4ANZ19-701,90,0,0
2,OHT,V00564,1,1,0000,1,2118,250,8341,4,4,4PDD0270,4KCW3301_3,00000000,0000,4ANZ25-205,4KCW3301_3,50,0,0
2,OHT,V00975,1,1,0000,1,3297,700,3328,4,4,6PDB1402,4ANZ03-302,00000000,0000,4EPR5301_3,4ANZ03-302,50,0,0
2,OHT,V00313,1,1,0000,1,1075,400,1076,4,4,6PDN4064,4AFZ47-328,00000000,0000,4CSC1603_3,4AFZ47-328,50,0,0
2,OHT,V00649,1,1,0000,1,1452,150,1453,4,4,4NDNA076,4AFZ15-160,00000000,0000,4ALFE001_AO31,4AFZ15-160,50,0,0

2,OHT,V00795,1,1,0000,1,12315,0,12316,4,4,4PDMV608,4ANZ19-701,00000000,0000,4ABL3301A_OUT04,4ANZ19-701,90,0,0
2,OHT,V00564,1,1,0000,1,2118,300,8341,4,4,4PDD0270,4KCW3301_3,00000000,0000,4ANZ25-205,4KCW3301_3,50,0,0
2,OHT,V00975,1,1,0000,1,3328,0,3329,4,4,6PDB1402,4ANZ03-302,00000000,0000,4EPR5301_3,4ANZ03-302,50,0,0
2,OHT,V00313,1,1,0000,1,1075,450,1076,4,4,6PDN4064,4AFZ47-328,00000000,0000,4CSC1603_3,4AFZ47-328,50,0,0
2,OHT,V00649,1,1,0000,1,1452,200,1453,4,4,4NDNA076,4AFZ15-160,00000000,0000,4ALFE001_AO31,4AFZ15-160,50,0,0

2,OHT,V00795,1,1,0000,1,12315,50,12316,4,4,4PDMV608,4ANZ19-701,00000000,0000,4ABL3301A_OUT04,4ANZ19-701,90,0,0
2,OHT,V00564,1,1,0000,1,2118,350,8341,4,4,4PDD0270,4KCW3301_3,00000000,0000,4ANZ25-205,4KCW3301_3,50,0,0
2,OHT,V00975,1,1,0000,1,3328,50,3329,4,4,6PDB1402,4ANZ03-302,00000000,0000,4EPR5301_3,4ANZ03-302,50,0,0
2,OHT,V00313,1,1,0000,1,1075,500,1076,4,4,6PDN4064,4AFZ47-328,00000000,0000,4CSC1603_3,4AFZ47-328,50,0,0
2,OHT,V00649,1,1,0000,1,1452,250,1453,4,4,4NDNA076,4AFZ15-160,00000000,0000,4ALFE001_AO31,4AFZ15-160,50,0,0

2,OHT,V00795,1,1,0000,1,12315,100,12316,4,4,4PDMV608,4ANZ19-701,00000000,0000,4ABL3301A_OUT04,4ANZ19-701,90,0,0
2,OHT,V00564,1,1,0000,1,8341,0,8342,4,4,4PDD0270,4KCW3301_3,00000000,0000,4ANZ25-205,4KCW3301_3,50,0,0
2,OHT,V00975,1,1,0000,1,3328,100,3329,4,4,6PDB1402,4ANZ03-302,00000000,0000,4EPR5301_3,4ANZ03-302,50,0,0
2,OHT,V00313,1,1,0000,1,1075,550,1076,4,4,6PDN4064,4AFZ47-328,00000000,0000,4CSC1603_3,4AFZ47-328,50,0,0
2,OHT,V00649,1,1,0000,1,1452,300,1453,4,4,4NDNA076,4AFZ15-160,00000000,0000,4ALFE001_AO31,4AFZ15-160,50,0,0

2,OHT,V00795,1,1,0000,1,12315,150,12316,4,4,4PDMV608,4ANZ19-701,00000000,0000,4ABL3301A_OUT04,4ANZ19-701,90,0,0
2,OHT,V00564,1,1,0000,1,8341,50,8342,4,4,4PDD0270,4KCW3301_3,00000000,0000,4ANZ25-205,4KCW3301_3,50,0,0
2,OHT,V00975,1,1,0000,1,3328,150,3329,4,4,6PDB1402,4ANZ03-302,00000000,0000,4EPR5301_3,4ANZ03-302,50,0,0
2,OHT,V00313,1,1,0000,1,1075,600,1076,4,4,6PDN4064,4AFZ47-328,00000000,0000,4CSC1603_3,4AFZ47-328,50,0,0
2,OHT,V00649,1,1,0000,1,1452,350,1453,4,4,4NDNA076,4AFZ15-160,00000000,0000,4ALFE001_AO31,4AFZ15-160,50,0,0

2,OHT,V00795,1,1,0000,1,12315,200,12316,4,4,4PDMV608,4ANZ19-701,00000000,0000,4ABL3301A_OUT04,4ANZ19-701,90,0,0
2,OHT,V00564,1,1,0000,1,8341,100,8342,4,4,4PDD0270,4KCW3301_3,00000000,0000,4ANZ25-205,4KCW3301_3,50,0,0
2,OHT,V00975,1,1,0000,1,3328,200,3329,4,4,6PDB1402,4ANZ03-302,00000000,0000,4EPR5301_3,4ANZ03-302,50,0,0
2,OHT,V00313,1,1,0000,1,1075,650,1076,4,4,6PDN4064,4AFZ47-328,00000000,0000,4CSC1603_3,4AFZ47-328,50,0,0
2,OHT,V00649,1,1,0000,1,1452,400,1453,4,4,4NDNA076,4AFZ15-160,00000000,0000,4ALFE001_AO31,4AFZ15-160,50,0,0

2,OHT,V00795,1,1,0000,1,12315,250,12316,4,4,4PDMV608,4ANZ19-701,00000000,0000,4ABL3301A_OUT04,4ANZ19-701,90,0,0
2,OHT,V00564,1,1,0000,1,8341,150,8342,4,4,4PDD0270,4KCW3301_3,00000000,0000,4ANZ25-205,4KCW3301_3,50,0,0
2,OHT,V00975,1,1,0000,1,3328,250,3329,4,4,6PDB1402,4ANZ03-302,00000000,0000,4EPR5301_3,4ANZ03-302,50,0,0
2,OHT,V00313,1,1,0000,1,1076,0,1078,4,4,6PDN4064,4AFZ47-328,00000000,0000,4CSC1603_3,4AFZ47-328,50,0,0
2,OHT,V00649,1,1,0000,1,1452,450,1453,4,4,4NDNA076,4AFZ15-160,00000000,0000,4ALFE001_AO31,4AFZ15-160,50,0,0

2,OHT,V00795,1,1,0000,1,12315,300,12316,4,4,4PDMV608,4ANZ19-701,00000000,0000,4ABL3301A_OUT04,4ANZ19-701,90,0,0
2,OHT,V00564,1,1,0000,1,8341,200,8342,4,4,4PDD0270,4KCW3301_3,00000000,0000,4ANZ25-205,4KCW3301_3,50,0,0
2,OHT,V00975,1,1,0000,1,3328,300,3329,4,4,6PDB1402,4ANZ03-302,00000000,0000,4EPR5301_3,4ANZ03-302,50,0,0
2,OHT,V00313,1,1,0000,1,1076,50,1078,4,4,6PDN4064,4AFZ47-328,00000000,0000,4CSC1603_3,4AFZ47-328,50,0,0
2,OHT,V00649,1,1,0000,1,1452,500,1453,4,4,4NDNA076,4AFZ15-160,00000000,0000,4ALFE001_AO31,4AFZ15-160,50,0,0

2,OHT,V00795,1,1,0000,1,12315,350,12316,4,4,4PDMV608,4ANZ19-701,00000000,0000,4ABL3301A_OUT04,4ANZ19-701,90,0,0
2,OHT,V00564,1,1,0000,1,8341,250,8342,4,4,4PDD0270,4KCW3301_3,00000000,0000,4ANZ25-205,4KCW3301_3,50,0,0
2,OHT,V00975,1,1,0000,1,3328,350,3329,4,4,6PDB1402,4ANZ03-302,00000000,0000,4EPR5301_3,4ANZ03-302,50,0,0
2,OHT,V00313,1,1,0000,1,1076,100,1078,4,4,6PDN4064,4AFZ47-328,00000000,0000,4CSC1603_3,4AFZ47-328,50,0,0
2,OHT,V00649,1,1,0000,1,1452,550,1453,4,4,4NDNA076,4AFZ15-160,00000000,0000,4ALFE001_AO31,4AFZ15-160,50,0,0

2,OHT,V00795,1,1,0000,1,12316,0,12317,4,4,4PDMV608,4ANZ19-701,00000000,0000,4ABL3301A_OUT04,4ANZ19-701,90,0,0
2,OHT,V00564,1,1,0000,1,8341,300,8342,4,4,4PDD0270,4KCW3301_3,00000000,0000,4ANZ25-205,4KCW3301_3,50,0,0
2,OHT,V00975,1,1,0000,1,3328,400,3329,4,4,6PDB1402,4ANZ03-302,00000000,0000,4EPR5301_3,4ANZ03-302,50,0,0
2,OHT,V00313,1,1,0000,1,1076,150,1078,4,4,6PDN4064,4AFZ47-328,00000000,0000,4CSC1603_3,4AFZ47-328,50,0,0
2,OHT,V00649,1,1,0000,1,1452,600,1453,4,4,4NDNA076,4AFZ15-160,00000000,0000,4ALFE001_AO31,4AFZ15-160,50,0,0

2,OHT,V00795,1,1,0000,1,12316,50,12317,4,4,4PDMV608,4ANZ19-701,00000000,0000,4ABL3301A_OUT04,4ANZ19-701,90,0,0
2,OHT,V00564,1,1,0000,1,8341,350,8342,4,4,4PDD0270,4KCW3301_3,00000000,0000,4ANZ25-205,4KCW3301_3,50,0,0
2,OHT,V00975,1,1,0000,1,3328,450,3329,4,4,6PDB1402,4ANZ03-302,00000000,0000,4EPR5301_3,4ANZ03-302,50,0,0
2,OHT,V00313,1,1,0000,1,1076,200,1078,4,4,6PDN4064,4AFZ47-328,00000000,0000,4CSC1603_3,4AFZ47-328,50,0,0
2,OHT,V00649,1,1,0000,1,1452,650,1453,4,4,4NDNA076,4AFZ15-160,00000000,0000,4ALFE001_AO31,4AFZ15-160,50,0,0

2,OHT,V00795,1,1,0000,1,12316,100,12317,4,4,4PDMV608,4ANZ19-701,00000000,0000,4ABL3301A_OUT04,4ANZ19-701,90,0,0
2,OHT,V00564,1,1,0000,1,8342,0,8343,4,4,4PDD0270,4KCW3301_3,00000000,0000,4ANZ25-205,4KCW3301_3,50,0,0
2,OHT,V00975,1,1,0000,1,3328,500,3329,4,4,6PDB1402,4ANZ03-302,00000000,0000,4EPR5301_3,4ANZ03-302,50,0,0
2,OHT,V00313,1,1,0000,1,1076,250,1078,4,4,6PDN4064,4AFZ47-328,00000000,0000,4CSC1603_3,4AFZ47-328,50,0,0
2,OHT,V00649,1,1,0000,1,1453,0,1543,4,4,4NDNA076,4AFZ15-160,00000000,0000,4ALFE001_AO31,4AFZ15-160,50,0,0

2,OHT,V00795,1,1,0000,1,12316,150,12317,4,4,4PDMV608,4ANZ19-701,00000000,0000,4ABL3301A_OUT04,4ANZ19-701,90,0,0
2,OHT,V00564,1,1,0000,1,8342,50,8343,4,4,4PDD0270,4KCW3301_3,00000000,0000,4ANZ25-205,4KCW3301_3,50,0,0
2,OHT,V00975,1,1,0000,1,3328,550,3329,4,4,6PDB1402,4ANZ03-302,00000000,0000,4EPR5301_3,4ANZ03-302,50,0,0
2,OHT,V00313,1,1,0000,1,1076,300,1078,4,4,6PDN4064,4AFZ47-328,00000000,0000,4CSC1603_3,4AFZ47-328,50,0,0
2,OHT,V00649,1,1,0000,1,1453,50,1543,4,4,4NDNA076,4AFZ15-160,00000000,0000,4ALFE001_AO31,4AFZ15-160,50,0,0

2,OHT,V00795,1,1,0000,1,12316,200,12317,4,4,4PDMV608,4ANZ19-701,00000000,0000,4ABL3301A_OUT04,4ANZ19-701,90,0,0
2,OHT,V00564,1,1,0000,1,8342,100,8343,4,4,4PDD0270,4KCW3301_3,00000000,0000,4ANZ25-205,4KCW3301_3,50,0,0
2,OHT,V00975,1,1,0000,1,3328,600,3329,4,4,6PDB1402,4ANZ03-302,00000000,0000,4EPR5301_3,4ANZ03-302,50,0,0
2,OHT,V00313,1,1,0000,1,1076,350,1078,4,4,6PDN4064,4AFZ47-328,00000000,0000,4CSC1603_3,4AFZ47-328,50,0,0
2,OHT,V00649,1,1,0000,1,1453,100,1543,4,4,4NDNA076,4AFZ15-160,00000000,0000,4ALFE001_AO31,4AFZ15-160,50,0,0

2,OHT,V00795,1,1,0000,1,12316,250,12317,4,4,4PDMV608,4ANZ19-701,00000000,0000,4ABL3301A_OUT04,4ANZ19-701,90,0,0
2,OHT,V00564,1,1,0000,1,8342,150,8343,4,4,4PDD0270,4KCW3301_3,00000000,0000,4ANZ25-205,4KCW3301_3,50,0,0
2,OHT,V00975,1,1,0000,1,3328,650,3329,4,4,6PDB1402,4ANZ03-302,00000000,0000,4EPR5301_3,4ANZ03-302,50,0,0
2,OHT,V00313,1,1,0000,1,1076,400,1078,4,4,6PDN4064,4AFZ47-328,00000000,0000,4CSC1603_3,4AFZ47-328,50,0,0
2,OHT,V00649,1,1,0000,1,1453,150,1543,4,4,4NDNA076,4AFZ15-160,00000000,0000,4ALFE001_AO31,4AFZ15-160,50,0,0

2,OHT,V00795,1,1,0000,1,12316,300,12317,4,4,4PDMV608,4ANZ19-701,00000000,0000,4ABL3301A_OUT04,4ANZ19-701,90,0,0
2,OHT,V00564,1,1,0000,1,8342,200,8343,4,4,4PDD0270,4KCW3301_3,00000000,0000,4ANZ25-205,4KCW3301_3,50,0,0
2,OHT,V00975,1,1,0000,1,3329,0,3330,4,4,6PDB1402,4ANZ03-302,00000000,0000,4EPR5301_3,4ANZ03-302,50,0,0
2,OHT,V00313,1,1,0000,1,1076,450,1078,4,4,6PDN4064,4AFZ47-328,00000000,0000,4CSC1603_3,4AFZ47-328,50,0,0
2,OHT,V00649,1,1,0000,1,1453,200,1543,4,4,4NDNA076,4AFZ15-160,00000000,0000,4ALFE001_AO31,4AFZ15-160,50,0,0

2,OHT,V00795,1,1,0000,1,12316,350,12317,4,4,4PDMV608,4ANZ19-701,00000000,0000,4ABL3301A_OUT04,4ANZ19-701,90,0,0
2,OHT,V00564,1,1,0000,1,8342,250,8343,4,4,4PDD0270,4KCW3301_3,00000000,0000,4ANZ25-205,4KCW3301_3,50,0,0
2,OHT,V00975,1,1,0000,1,3329,50,3330,4,4,6PDB1402,4ANZ03-302,00000000,0000,4EPR5301_3,4ANZ03-302,50,0,0
2,OHT,V00313,1,1,0000,1,1076,500,1078,4,4,6PDN4064,4AFZ47-328,00000000,0000,4CSC1603_3,4AFZ47-328,50,0,0
2,OHT,V00649,1,1,0000,1,1453,250,1543,4,4,4NDNA076,4AFZ15-160,00000000,0000,4ALFE001_AO31,4AFZ15-160,50,0,0

2,OHT,V00795,1,1,0000,1,12316,400,12317,4,4,4PDMV608,4ANZ19-701,00000000,0000,4ABL3301A_OUT04,4ANZ19-701,90,0,0
2,OHT,V00564,1,1,0000,1,8342,300,8343,4,4,4PDD0270,4KCW3301_3,00000000,0000,4ANZ25-205,4KCW3301_3,50,0,0
2,OHT,V00975,1,1,0000,1,3329,100,3330,4,4,6PDB1402,4ANZ03-302,00000000,0000,4EPR5301_3,4ANZ03-302,50,0,0
2,OHT,V00313,1,1,0000,1,1076,550,1078,4,4,6PDN4064,4AFZ47-328,00000000,0000,4CSC1603_3,4AFZ47-328,50,0,0
2,OHT,V00649,1,1,0000,1,1453,300,1543,4,4,4NDNA076,4AFZ15-160,00000000,0000,4ALFE001_AO31,4AFZ15-160,50,0,0

2,OHT,V00795,1,1,0000,1,12316,450,12317,4,4,4PDMV608,4ANZ19-701,00000000,0000,4ABL3301A_OUT04,4ANZ19-701,90,0,0
2,OHT,V00564,1,1,0000,1,8342,350,8343,4,4,4PDD0270,4KCW3301_3,00000000,0000,4ANZ25-205,4KCW3301_3,50,0,0
2,OHT,V00975,1,1,0000,1,3329,150,3330,4,4,6PDB1402,4ANZ03-302,00000000,0000,4EPR5301_3,4ANZ03-302,50,0,0
2,OHT,V00313,1,1,0000,1,1076,600,1078,4,4,6PDN4064,4AFZ47-328,00000000,0000,4CSC1603_3,4AFZ47-328,50,0,0
2,OHT,V00649,1,1,0000,1,1453,350,1543,4,4,4NDNA076,4AFZ15-160,00000000,0000,4ALFE001_AO31,4AFZ15-160,50,0,0

2,OHT,V00795,1,1,0000,1,12316,500,12317,4,4,4PDMV608,4ANZ19-701,00000000,0000,4ABL3301A_OUT04,4ANZ19-701,90,0,0
2,OHT,V00564,1,1,0000,1,8342,400,8343,4,4,4PDD0270,4KCW3301_3,00000000,0000,4ANZ25-205,4KCW3301_3,50,0,0
2,OHT,V00975,1,1,0000,1,3329,200,3330,4,4,6PDB1402,4ANZ03-302,00000000,0000,4EPR5301_3,4ANZ03-302,50,0,0
2,OHT,V00313,1,1,0000,1,1076,650,1078,4,4,6PDN4064,4AFZ47-328,00000000,0000,4CSC1603_3,4AFZ47-328,50,0,0
2,OHT,V00649,1,1,0000,1,1543,0,1544,4,4,4NDNA076,4AFZ15-160,00000000,0000,4ALFE001_AO31,4AFZ15-160,50,0,0

2,OHT,V00795,1,1,0000,1,12316,550,12317,4,4,4PDMV608,4ANZ19-701,00000000,0000,4ABL3301A_OUT04,4ANZ19-701,90,0,0
2,OHT,V00564,1,1,0000,1,8342,450,8343,4,4,4PDD0270,4KCW3301_3,00000000,0000,4ANZ25-205,4KCW3301_3,50,0,0
2,OHT,V00975,1,1,0000,1,3329,250,3330,4,4,6PDB1402,4ANZ03-302,00000000,0000,4EPR5301_3,4ANZ03-302,50,0,0
2,OHT,V00313,1,1,0000,1,1076,700,1078,4,4,6PDN4064,4AFZ47-328,00000000,0000,4CSC1603_3,4AFZ47-328,50,0,0
2,OHT,V00649,1,1,0000,1,1543,50,1544,4,4,4NDNA076,4AFZ15-160,00000000,0000,4ALFE001_AO31,4AFZ15-160,50,0,0

2,OHT,V00795,1,1,0000,1,12316,600,12317,4,4,4PDMV608,4ANZ19-701,00000000,0000,4ABL3301A_OUT04,4ANZ19-701,90,0,0
2,OHT,V00564,1,1,0000,1,8343,0,7893,4,4,4PDD0270,4KCW3301_3,00000000,0000,4ANZ25-205,4KCW3301_3,50,0,0
2,OHT,V00975,1,1,0000,1,3329,300,3330,4,4,6PDB1402,4ANZ03-302,00000000,0000,4EPR5301_3,4ANZ03-302,50,0,0
2,OHT,V00313,1,1,0000,1,1076,750,1078,4,4,6PDN4064,4AFZ47-328,00000000,0000,4CSC1603_3,4AFZ47-328,50,0,0
2,OHT,V00649,1,1,0000,1,1543,100,1544,4,4,4NDNA076,4AFZ15-160,00000000,0000,4ALFE001_AO31,4AFZ15-160,50,0,0

2,OHT,V00795,1,1,0000,1,12316,650,12317,4,4,4PDMV608,4ANZ19-701,00000000,0000,4ABL3301A_OUT04,4ANZ19-701,90,0,0
2,OHT,V00564,1,1,0000,1,8343,50,7893,4,4,4PDD0270,4KCW3301_3,00000000,0000,4ANZ25-205,4KCW3301_3,50,0,0
2,OHT,V00975,1,1,0000,1,3329,350,3330,4,4,6PDB1402,4ANZ03-302,00000000,0000,4EPR5301_3,4ANZ03-302,50,0,0
2,OHT,V00313,1,1,0000,1,1076,800,1078,4,4,6PDN4064,4AFZ47-328,00000000,0000,4CSC1603_3,4AFZ47-328,50,0,0
2,OHT,V00649,1,1,0000,1,1543,150,1544,4,4,4NDNA076,4AFZ15-160,00000000,0000,4ALFE001_AO31,4AFZ15-160,50,0,0

2,OHT,V00795,1,1,0000,1,12316,700,12317,4,4,4PDMV608,4ANZ19-701,00000000,0000,4ABL3301A_OUT04,4ANZ19-701,90,0,0
2,OHT,V00564,1,1,0000,1,8343,100,7893,4,4,4PDD0270,4KCW3301_3,00000000,0000,4ANZ25-205,4KCW3301_3,50,0,0
2,OHT,V00975,1,1,0000,1,3329,400,3330,4,4,6PDB1402,4ANZ03-302,00000000,0000,4EPR5301_3,4ANZ03-302,50,0,0
2,OHT,V00313,1,1,0000,1,1076,850,1078,4,4,6PDN4064,4AFZ47-328,00000000,0000,4CSC1603_3,4AFZ47-328,50,0,0
2,OHT,V00649,1,1,0000,1,1543,200,1544,4,4,4NDNA076,4AFZ15-160,00000000,0000,4ALFE001_AO31,4AFZ15-160,50,0,0

2,OHT,V00795,1,1,0000,1,12316,750,12317,4,4,4PDMV608,4ANZ19-701,00000000,0000,4ABL3301A_OUT04,4ANZ19-701,90,0,0
2,OHT,V00564,1,1,0000,1,8343,150,7893,4,4,4PDD0270,4KCW3301_3,00000000,0000,4ANZ25-205,4KCW3301_3,50,0,0
2,OHT,V00975,1,1,0000,1,3329,450,3330,4,4,6PDB1402,4ANZ03-302,00000000,0000,4EPR5301_3,4ANZ03-302,50,0,0
2,OHT,V00313,1,1,0000,1,1076,900,1078,4,4,6PDN4064,4AFZ47-328,00000000,0000,4CSC1603_3,4AFZ47-328,50,0,0
2,OHT,V00649,1,1,0000,1,1543,250,1544,4,4,4NDNA076,4AFZ15-160,00000000,0000,4ALFE001_AO31,4AFZ15-160,50,0,0

2,OHT,V00795,1,1,0000,1,12316,800,12317,4,4,4PDMV608,4ANZ19-701,00000000,0000,4ABL3301A_OUT04,4ANZ19-701,90,0,0
2,OHT,V00564,1,1,0000,1,8343,200,7893,4,4,4PDD0270,4KCW3301_3,00000000,0000,4ANZ25-205,4KCW3301_3,50,0,0
2,OHT,V00975,1,1,0000,1,3329,500,3330,4,4,6PDB1402,4ANZ03-302,00000000,0000,4EPR5301_3,4ANZ03-302,50,0,0
2,OHT,V00313,1,1,0000,1,1076,950,1078,4,4,6PDN4064,4AFZ47-328,00000000,0000,4CSC1603_3,4AFZ47-328,50,0,0
2,OHT,V00649,1,1,0000,1,1543,300,1544,4,4,4NDNA076,4AFZ15-160,00000000,0000,4ALFE001_AO31,4AFZ15-160,50,0,0

2,OHT,V00795,1,1,0000,1,12316,850,12317,4,4,4PDMV608,4ANZ19-701,00000000,0000,4ABL3301A_OUT04,4ANZ19-701,90,0,0
2,OHT,V00564,1,1,0000,1,8343,250,7893,4,4,4PDD0270,4KCW3301_3,00000000,0000,4ANZ25-205,4KCW3301_3,50,0,0
2,OHT,V00975,1,1,0000,1,3329,550,3330,4,4,6PDB1402,4ANZ03-302,00000000,0000,4EPR5301_3,4ANZ03-302,50,0,0
2,OHT,V00313,1,1,0000,1,1078,0,1079,4,4,6PDN4064,4AFZ47-328,00000000,0000,4CSC1603_3,4AFZ47-328,50,0,0
2,OHT,V00649,1,1,0000,1,1543,350,1544,4,4,4NDNA076,4AFZ15-160,00000000,0000,4ALFE001_AO31,4AFZ15-160,50,0,0

2,OHT,V00795,1,1,0000,1,12316,900,12317,4,4,4PDMV608,4ANZ19-701,00000000,0000,4ABL3301A_OUT04,4ANZ19-701,90,0,0
2,OHT,V00564,1,1,0000,1,8343,300,7893,4,4,4PDD0270,4KCW3301_3,00000000,0000,4ANZ25-205,4KCW3301_3,50,0,0
2,OHT,V00975,1,1,0000,1,3329,600,3330,4,4,6PDB1402,4ANZ03-302,00000000,0000,4EPR5301_3,4ANZ03-302,50,0,0
2,OHT,V00313,1,1,0000,1,1078,50,1079,4,4,6PDN4064,4AFZ47-328,00000000,0000,4CSC1603_3,4AFZ47-328,50,0,0
2,OHT,V00649,1,1,0000,1,1543,400,1544,4,4,4NDNA076,4AFZ15-160,00000000,0000,4ALFE001_AO31,4AFZ15-160,50,0,0

2,OHT,V00795,1,1,0000,1,12316,950,12317,4,4,4PDMV608,4ANZ19-701,00000000,0000,4ABL3301A_OUT04,4ANZ19-701,90,0,0
2,OHT,V00564,1,1,0000,1,8343,350,7893,4,4,4PDD0270,4KCW3301_3,00000000,0000,4ANZ25-205,4KCW3301_3,50,0,0
2,OHT,V00975,1,1,0000,1,3330,0,3331,4,4,6PDB1402,4ANZ03-302,00000000,0000,4EPR5301_3,4ANZ03-302,50,0,0
2,OHT,V00313,1,1,0000,1,1078,100,1079,4,4,6PDN4064,4AFZ47-328,00000000,0000,4CSC1603_3,4AFZ47-328,50,0,0
2,OHT,V00649,1,1,0000,1,1543,450,1544,4,4,4NDNA076,4AFZ15-160,00000000,0000,4ALFE001_AO31,4AFZ15-160,50,0,0

2,OHT,V00795,1,1,0000,1,12316,1000,12317,4,4,4PDMV608,4ANZ19-701,00000000,0000,4ABL3301A_OUT04,4ANZ19-701,90,0,0
2,OHT,V00564,1,1,0000,1,8343,400,7893,4,4,4PDD0270,4KCW3301_3,00000000,0000,4ANZ25-205,4KCW3301_3,50,0,0
2,OHT,V00975,1,1,0000,1,3330,50,3331,4,4,6PDB1402,4ANZ03-302,00000000,0000,4EPR5301_3,4ANZ03-302,50,0,0
2,OHT,V00313,1,1,0000,1,1078,150,1079,4,4,6PDN4064,4AFZ47-328,00000000,0000,4CSC1603_3,4AFZ47-328,50,0,0
2,OHT,V00649,1,1,0000,1,1544,0,1545,4,4,4NDNA076,4AFZ15-160,00000000,0000,4ALFE001_AO31,4AFZ15-160,50,0,0

2,OHT,V00795,1,1,0000,1,12316,1050,12317,4,4,4PDMV608,4ANZ19-701,00000000,0000,4ABL3301A_OUT04,4ANZ19-701,90,0,0
2,OHT,V00564,1,1,0000,1,8343,450,7893,4,4,4PDD0270,4KCW3301_3,00000000,0000,4ANZ25-205,4KCW3301_3,50,0,0
2,OHT,V00975,1,1,0000,1,3330,100,3331,4,4,6PDB1402,4ANZ03-302,00000000,0000,4EPR5301_3,4ANZ03-302,50,0,0
2,OHT,V00313,1,1,0000,1,1078,200,1079,4,4,6PDN4064,4AFZ47-328,00000000,0000,4CSC1603_3,4AFZ47-328,50,0,0
2,OHT,V00649,1,1,0000,1,1544,50,1545,4,4,4NDNA076,4AFZ15-160,00000000,0000,4ALFE001_AO31,4AFZ15-160,50,0,0

2,OHT,V00795,1,1,0000,1,12316,1100,12317,4,4,4PDMV608,4ANZ19-701,00000000,0000,4ABL3301A_OUT04,4ANZ19-701,90,0,0
2,OHT,V00564,1,1,0000,1,7893,0,7894,4,4,4PDD0270,4KCW3301_3,00000000,0000,4ANZ25-205,4KCW3301_3,50,0,0
2,OHT,V00975,1,1,0000,1,3330,150,3331,4,4,6PDB1402,4ANZ03-302,00000000,0000,4EPR5301_3,4ANZ03-302,50,0,0
2,OHT,V00313,1,1,0000,1,1078,250,1079,4,4,6PDN4064,4AFZ47-328,00000000,0000,4CSC1603_3,4AFZ47-328,50,0,0
2,OHT,V00649,1,1,0000,1,1544,100,1545,4,4,4NDNA076,4AFZ15-160,00000000,0000,4ALFE001_AO31,4AFZ15-160,50,0,0

2,OHT,V00795,1,1,0000,1,12317,0,12321,4,4,4PDMV608,4ANZ19-701,00000000,0000,4ABL3301A_OUT04,4ANZ19-701,90,0,0
2,OHT,V00564,1,1,0000,1,7893,50,7894,4,4,4PDD0270,4KCW3301_3,00000000,0000,4ANZ25-205,4KCW3301_3,50,0,0
2,OHT,V00975,1,1,0000,1,3330,200,3331,4,4,6PDB1402,4ANZ03-302,00000000,0000,4EPR5301_3,4ANZ03-302,50,0,0
2,OHT,V00313,1,1,0000,1,1078,300,1079,4,4,6PDN4064,4AFZ47-328,00000000,0000,4CSC1603_3,4AFZ47-328,50,0,0
2,OHT,V00649,1,1,0000,1,1544,150,1545,4,4,4NDNA076,4AFZ15-160,00000000,0000,4ALFE001_AO31,4AFZ15-160,50,0,0

2,OHT,V00795,1,1,0000,1,12317,50,12321,4,4,4PDMV608,4ANZ19-701,00000000,0000,4ABL3301A_OUT04,4ANZ19-701,90,0,0
2,OHT,V00564,1,1,0000,1,7893,100,7894,4,4,4PDD0270,4KCW3301_3,00000000,0000,4ANZ25-205,4KCW3301_3,50,0,0
2,OHT,V00975,1,1,0000,1,3330,250,3331,4,4,6PDB1402,4ANZ03-302,00000000,0000,4EPR5301_3,4ANZ03-302,50,0,0
2,OHT,V00313,1,1,0000,1,1078,350,1079,4,4,6PDN4064,4AFZ47-328,00000000,0000,4CSC1603_3,4AFZ47-328,50,0,0
2,OHT,V00649,1,1,0000,1,1544,200,1545,4,4,4NDNA076,4AFZ15-160,00000000,0000,4ALFE001_AO31,4AFZ15-160,50,0,0

2,OHT,V00795,1,1,0000,1,12317,100,12321,4,4,4PDMV608,4ANZ19-701,00000000,0000,4ABL3301A_OUT04,4ANZ19-701,90,0,0
2,OHT,V00564,1,1,0000,1,7893,150,7894,4,4,4PDD0270,4KCW3301_3,00000000,0000,4ANZ25-205,4KCW3301_3,50,0,0
2,OHT,V00975,1,1,0000,1,3331,0,3332,4,4,6PDB1402,4ANZ03-302,00000000,0000,4EPR5301_3,4ANZ03-302,50,0,0
2,OHT,V00313,1,1,0000,1,1078,400,1079,4,4,6PDN4064,4AFZ47-328,00000000,0000,4CSC1603_3,4AFZ47-328,50,0,0
2,OHT,V00649,1,1,0000,1,1544,250,1545,4,4,4NDNA076,4AFZ15-160,00000000,0000,4ALFE001_AO31,4AFZ15-160,50,0,0

2,OHT,V00795,1,1,0000,1,12317,150,12321,4,4,4PDMV608,4ANZ19-701,00000000,0000,4ABL3301A_OUT04,4ANZ19-701,90,0,0
2,OHT,V00564,1,1,0000,1,7893,200,7894,4,4,4PDD0270,4KCW3301_3,00000000,0000,4ANZ25-205,4KCW3301_3,50,0,0
2,OHT,V00975,1,1,0000,1,3331,50,3332,4,4,6PDB1402,4ANZ03-302,00000000,0000,4EPR5301_3,4ANZ03-302,50,0,0
2,OHT,V00313,1,1,0000,1,1078,450,1079,4,4,6PDN4064,4AFZ47-328,00000000,0000,4CSC1603_3,4AFZ47-328,50,0,0
2,OHT,V00649,1,1,0000,1,1544,300,1545,4,4,4NDNA076,4AFZ15-160,00000000,0000,4ALFE001_AO31,4AFZ15-160,50,0,0

2,OHT,V00795,1,1,0000,1,12317,200,12321,4,4,4PDMV608,4ANZ19-701,00000000,0000,4ABL3301A_OUT04,4ANZ19-701,90,0,0
2,OHT,V00564,1,1,0000,1,7893,250,7894,4,4,4PDD0270,4KCW3301_3,00000000,0000,4ANZ25-205,4KCW3301_3,50,0,0
2,OHT,V00975,1,1,0000,1,3331,100,3332,4,4,6PDB1402,4ANZ03-302,00000000,0000,4EPR5301_3,4ANZ03-302,50,0,0
2,OHT,V00313,1,1,0000,1,1079,0,1080,4,4,6PDN4064,4AFZ47-328,00000000,0000,4CSC1603_3,4AFZ47-328,50,0,0
2,OHT,V00649,1,1,0000,1,1544,350,1545,4,4,4NDNA076,4AFZ15-160,00000000,0000,4ALFE001_AO31,4AFZ15-160,50,0,0

2,OHT,V00795,1,1,0000,1,12317,250,12321,4,4,4PDMV608,4ANZ19-701,00000000,0000,4ABL3301A_OUT04,4ANZ19-701,90,0,0
2,OHT,V00564,1,1,0000,1,7893,300,7894,4,4,4PDD0270,4KCW3301_3,00000000,0000,4ANZ25-205,4KCW3301_3,50,0,0
2,OHT,V00975,1,1,0000,1,3331,150,3332,4,4,6PDB1402,4ANZ03-302,00000000,0000,4EPR5301_3,4ANZ03-302,50,0,0
2,OHT,V00313,1,1,0000,1,1079,50,1080,4,4,6PDN4064,4AFZ47-328,00000000,0000,4CSC1603_3,4AFZ47-328,50,0,0
2,OHT,V00649,1,1,0000,1,1544,400,1545,4,4,4NDNA076,4AFZ15-160,00000000,0000,4ALFE001_AO31,4AFZ15-160,50,0,0

2,OHT,V00795,1,1,0000,1,12317,300,12321,4,4,4PDMV608,4ANZ19-701,00000000,0000,4ABL3301A_OUT04,4ANZ19-701,90,0,0
2,OHT,V00564,1,1,0000,1,7893,350,7894,4,4,4PDD0270,4KCW3301_3,00000000,0000,4ANZ25-205,4KCW3301_3,50,0,0
2,OHT,V00975,1,1,0000,1,3331,200,3332,4,4,6PDB1402,4ANZ03-302,00000000,0000,4EPR5301_3,4ANZ03-302,50,0,0
2,OHT,V00313,1,1,0000,1,1079,100,1080,4,4,6PDN4064,4AFZ47-328,00000000,0000,4CSC1603_3,4AFZ47-328,50,0,0
2,OHT,V00649,1,1,0000,1,1544,450,1545,4,4,4NDNA076,4AFZ15-160,00000000,0000,4ALFE001_AO31,4AFZ15-160,50,0,0

2,OHT,V00795,1,1,0000,1,12317,350,12321,4,4,4PDMV608,4ANZ19-701,00000000,0000,4ABL3301A_OUT04,4ANZ19-701,90,0,0
2,OHT,V00564,1,1,0000,1,7894,0,7895,4,4,4PDD0270,4KCW3301_3,00000000,0000,4ANZ25-205,4KCW3301_3,50,0,0
2,OHT,V00975,1,1,0000,1,3331,250,3332,4,4,6PDB1402,4ANZ03-302,00000000,0000,4EPR5301_3,4ANZ03-302,50,0,0
2,OHT,V00313,1,1,0000,1,1079,150,1080,4,4,6PDN4064,4AFZ47-328,00000000,0000,4CSC1603_3,4AFZ47-328,50,0,0
2,OHT,V00649,1,1,0000,1,1544,500,1545,4,4,4NDNA076,4AFZ15-160,00000000,0000,4ALFE001_AO31,4AFZ15-160,50,0,0

2,OHT,V00795,1,1,0000,1,12317,400,12321,4,4,4PDMV608,4ANZ19-701,00000000,0000,4ABL3301A_OUT04,4ANZ19-701,90,0,0
2,OHT,V00564,1,1,0000,1,7894,50,7895,4,4,4PDD0270,4KCW3301_3,00000000,0000,4ANZ25-205,4KCW3301_3,50,0,0
2,OHT,V00975,1,1,0000,1,3331,300,3332,4,4,6PDB1402,4ANZ03-302,00000000,0000,4EPR5301_3,4ANZ03-302,50,0,0
2,OHT,V00313,1,1,0000,1,1079,200,1080,4,4,6PDN4064,4AFZ47-328,00000000,0000,4CSC1603_3,4AFZ47-328,50,0,0
2,OHT,V00649,1,1,0000,1,1544,550,1545,4,4,4NDNA076,4AFZ15-160,00000000,0000,4ALFE001_AO31,4AFZ15-160,50,0,0

2,OHT,V00795,1,1,0000,1,12321,0,12322,4,4,4PDMV608,4ANZ19-701,00000000,0000,4ABL3301A_OUT04,4ANZ19-701,90,0,0
2,OHT,V00564,1,1,0000,1,7894,100,7895,4,4,4PDD0270,4KCW3301_3,00000000,0000,4ANZ25-205,4KCW3301_3,50,0,0
2,OHT,V00975,1,1,0000,1,3331,350,3332,4,4,6PDB1402,4ANZ03-302,00000000,0000,4EPR5301_3,4ANZ03-302,50,0,0
2,OHT,V00313,1,1,0000,1,1079,250,1080,4,4,6PDN4064,4AFZ47-328,00000000,0000,4CSC1603_3,4AFZ47-328,50,0,0
2,OHT,V00649,1,1,0000,1,1544,600,1545,4,4,4NDNA076,4AFZ15-160,00000000,0000,4ALFE001_AO31,4AFZ15-160,50,0,0

2,OHT,V00795,1,1,0000,1,12321,50,12322,4,4,4PDMV608,4ANZ19-701,00000000,0000,4ABL3301A_OUT04,4ANZ19-701,90,0,0
2,OHT,V00564,1,1,0000,1,7894,150,7895,4,4,4PDD0270,4KCW3301_3,00000000,0000,4ANZ25-205,4KCW3301_3,50,0,0
2,OHT,V00975,1,1,0000,1,3332,0,3333,4,4,6PDB1402,4ANZ03-302,00000000,0000,4EPR5301_3,4ANZ03-302,50,0,0
2,OHT,V00313,1,1,0000,1,1079,300,1080,4,4,6PDN4064,4AFZ47-328,00000000,0000,4CSC1603_3,4AFZ47-328,50,0,0
2,OHT,V00649,1,1,0000,1,1544,650,1545,4,4,4NDNA076,4AFZ15-160,00000000,0000,4ALFE001_AO31,4AFZ15-160,50,0,0

2,OHT,V00795,1,1,0000,1,12321,100,12322,4,4,4PDMV608,4ANZ19-701,00000000,0000,4ABL3301A_OUT04,4ANZ19-701,90,0,0
2,OHT,V00564,1,1,0000,1,7894,200,7895,4,4,4PDD0270,4KCW3301_3,00000000,0000,4ANZ25-205,4KCW3301_3,50,0,0
2,OHT,V00975,1,1,0000,1,3332,50,3333,4,4,6PDB1402,4ANZ03-302,00000000,0000,4EPR5301_3,4ANZ03-302,50,0,0
2,OHT,V00313,1,1,0000,1,1079,350,1080,4,4,6PDN4064,4AFZ47-328,00000000,0000,4CSC1603_3,4AFZ47-328,50,0,0
2,OHT,V00649,1,1,0000,1,1544,700,1545,4,4,4NDNA076,4AFZ15-160,00000000,0000,4ALFE001_AO31,4AFZ15-160,50,0,0

2,OHT,V00795,1,1,0000,1,12321,150,12322,4,4,4PDMV608,4ANZ19-701,00000000,0000,4ABL3301A_OUT04,4ANZ19-701,90,0,0
2,OHT,V00564,1,1,0000,1,7894,250,7895,4,4,4PDD0270,4KCW3301_3,00000000,0000,4ANZ25-205,4KCW3301_3,50,0,0
2,OHT,V00975,1,1,0000,1,3332,100,3333,4,4,6PDB1402,4ANZ03-302,00000000,0000,4EPR5301_3,4ANZ03-302,50,0,0
2,OHT,V00313,1,1,0000,1,1079,400,1080,4,4,6PDN4064,4AFZ47-328,00000000,0000,4CSC1603_3,4AFZ47-328,50,0,0
2,OHT,V00649,1,1,0000,1,1544,750,1545,4,4,4NDNA076,4AFZ15-160,00000000,0000,4ALFE001_AO31,4AFZ15-160,50,0,0

2,OHT,V00795,1,1,0000,1,12321,200,12322,4,4,4PDMV608,4ANZ19-701,00000000,0000,4ABL3301A_OUT04,4ANZ19-701,90,0,0
2,OHT,V00564,1,1,0000,1,7894,300,7895,4,4,4PDD0270,4KCW3301_3,00000000,0000,4ANZ25-205,4KCW3301_3,50,0,0
2,OHT,V00975,1,1,0000,1,3332,150,3333,4,4,6PDB1402,4ANZ03-302,00000000,0000,4EPR5301_3,4ANZ03-302,50,0,0
2,OHT,V00313,1,1,0000,1,1079,450,1080,4,4,6PDN4064,4AFZ47-328,00000000,0000,4CSC1603_3,4AFZ47-328,50,0,0
2,OHT,V00649,1,1,0000,1,1544,800,1545,4,4,4NDNA076,4AFZ15-160,00000000,0000,4ALFE001_AO31,4AFZ15-160,50,0,0

2,OHT,V00795,1,1,0000,1,12321,250,12322,4,4,4PDMV608,4ANZ19-701,00000000,0000,4ABL3301A_OUT04,4ANZ19-701,90,0,0
2,OHT,V00564,1,1,0000,1,7894,350,7895,4,4,4PDD0270,4KCW3301_3,00000000,0000,4ANZ25-205,4KCW3301_3,50,0,0
2,OHT,V00975,1,1,0000,1,3332,200,3333,4,4,6PDB1402,4ANZ03-302,00000000,0000,4EPR5301_3,4ANZ03-302,50,0,0
2,OHT,V00313,1,1,0000,1,1079,500,1080,4,4,6PDN4064,4AFZ47-328,00000000,0000,4CSC1603_3,4AFZ47-328,50,0,0
2,OHT,V00649,1,1,0000,1,1544,850,1545,4,4,4NDNA076,4AFZ15-160,00000000,0000,4ALFE001_AO31,4AFZ15-160,50,0,0

2,OHT,V00795,1,1,0000,1,12322,0,12323,4,4,4PDMV608,4ANZ19-701,00000000,0000,4ABL3301A_OUT04,4ANZ19-701,90,0,0
2,OHT,V00564,1,1,0000,1,7894,400,7895,4,4,4PDD0270,4KCW3301_3,00000000,0000,4ANZ25-205,4KCW3301_3,50,0,0
2,OHT,V00975,1,1,0000,1,3332,250,3333,4,4,6PDB1402,4ANZ03-302,00000000,0000,4EPR5301_3,4ANZ03-302,50,0,0
2,OHT,V00313,1,1,0000,1,1079,550,1080,4,4,6PDN4064,4AFZ47-328,00000000,0000,4CSC1603_3,4AFZ47-328,50,0,0
2,OHT,V00649,1,1,0000,1,1545,0,1546,4,4,4NDNA076,4AFZ15-160,00000000,0000,4ALFE001_AO31,4AFZ15-160,50,0,0

2,OHT,V00795,1,1,0000,1,12322,50,12323,4,4,4PDMV608,4ANZ19-701,00000000,0000,4ABL3301A_OUT04,4ANZ19-701,90,0,0
2,OHT,V00564,1,1,0000,1,7894,450,7895,4,4,4PDD0270,4KCW3301_3,00000000,0000,4ANZ25-205,4KCW3301_3,50,0,0
2,OHT,V00975,1,1,0000,1,3332,300,3333,4,4,6PDB1402,4ANZ03-302,00000000,0000,4EPR5301_3,4ANZ03-302,50,0,0
2,OHT,V00313,1,1,0000,1,1079,600,1080,4,4,6PDN4064,4AFZ47-328,00000000,0000,4CSC1603_3,4AFZ47-328,50,0,0
2,OHT,V00649,1,1,0000,1,1545,50,1546,4,4,4NDNA076,4AFZ15-160,00000000,0000,4ALFE001_AO31,4AFZ15-160,50,0,0

2,OHT,V00795,1,1,0000,1,12322,100,12323,4,4,4PDMV608,4ANZ19-701,00000000,0000,4ABL3301A_OUT04,4ANZ19-701,90,0,0
2,OHT,V00564,1,1,0000,1,7894,500,7895,4,4,4PDD0270,4KCW3301_3,00000000,0000,4ANZ25-205,4KCW3301_3,50,0,0
2,OHT,V00975,1,1,0000,1,3332,350,3333,4,4,6PDB1402,4ANZ03-302,00000000,0000,4EPR5301_3,4ANZ03-302,50,0,0
2,OHT,V00313,1,1,0000,1,1079,650,1080,4,4,6PDN4064,4AFZ47-328,00000000,0000,4CSC1603_3,4AFZ47-328,50,0,0
2,OHT,V00649,1,1,0000,1,1545,100,1546,4,4,4NDNA076,4AFZ15-160,00000000,0000,4ALFE001_AO31,4AFZ15-160,50,0,0

2,OHT,V00795,1,1,0000,1,12322,150,12323,4,4,4PDMV608,4ANZ19-701,00000000,0000,4ABL3301A_OUT04,4ANZ19-701,90,0,0
2,OHT,V00564,1,1,0000,1,7895,0,7896,4,4,4PDD0270,4KCW3301_3,00000000,0000,4ANZ25-205,4KCW3301_3,50,0,0
2,OHT,V00975,1,1,0000,1,3332,400,3333,4,4,6PDB1402,4ANZ03-302,00000000,0000,4EPR5301_3,4ANZ03-302,50,0,0
2,OHT,V00313,1,1,0000,1,1080,0,1081,4,4,6PDN4064,4AFZ47-328,00000000,0000,4CSC1603_3,4AFZ47-328,50,0,0
2,OHT,V00649,1,1,0000,1,1545,150,1546,4,4,4NDNA076,4AFZ15-160,00000000,0000,4ALFE001_AO31,4AFZ15-160,50,0,0

2,OHT,V00795,1,1,0000,1,12322,200,12323,4,4,4PDMV608,4ANZ19-701,00000000,0000,4ABL3301A_OUT04,4ANZ19-701,90,0,0
2,OHT,V00564,1,1,0000,1,7895,50,7896,4,4,4PDD0270,4KCW3301_3,00000000,0000,4ANZ25-205,4KCW3301_3,50,0,0
2,OHT,V00975,1,1,0000,1,3332,450,3333,4,4,6PDB1402,4ANZ03-302,00000000,0000,4EPR5301_3,4ANZ03-302,50,0,0
2,OHT,V00313,1,1,0000,1,1080,50,1081,4,4,6PDN4064,4AFZ47-328,00000000,0000,4CSC1603_3,4AFZ47-328,50,0,0
2,OHT,V00649,1,1,0000,1,1545,200,1546,4,4,4NDNA076,4AFZ15-160,00000000,0000,4ALFE001_AO31,4AFZ15-160,50,0,0

2,OHT,V00795,1,1,0000,1,12322,250,12323,4,4,4PDMV608,4ANZ19-701,00000000,0000,4ABL3301A_OUT04,4ANZ19-701,90,0,0
2,OHT,V00564,1,1,0000,1,7895,100,7896,4,4,4PDD0270,4KCW3301_3,00000000,0000,4ANZ25-205,4KCW3301_3,50,0,0
2,OHT,V00975,1,1,0000,1,3332,500,3333,4,4,6PDB1402,4ANZ03-302,00000000,0000,4EPR5301_3,4ANZ03-302,50,0,0
2,OHT,V00313,1,1,0000,1,1080,100,1081,4,4,6PDN4064,4AFZ47-328,00000000,0000,4CSC1603_3,4AFZ47-328,50,0,0
2,OHT,V00649,1,1,0000,1,1545,250,1546,4,4,4NDNA076,4AFZ15-160,00000000,0000,4ALFE001_AO31,4AFZ15-160,50,0,0

2,OHT,V00795,1,1,0000,1,12322,300,12323,4,4,4PDMV608,4ANZ19-701,00000000,0000,4ABL3301A_OUT04,4ANZ19-701,90,0,0
2,OHT,V00564,1,1,0000,1,7895,150,7896,4,4,4PDD0270,4KCW3301_3,00000000,0000,4ANZ25-205,4KCW3301_3,50,0,0
2,OHT,V00975,1,1,0000,1,3332,550,3333,4,4,6PDB1402,4ANZ03-302,00000000,0000,4EPR5301_3,4ANZ03-302,50,0,0
2,OHT,V00313,1,1,0000,1,1080,150,1081,4,4,6PDN4064,4AFZ47-328,00000000,0000,4CSC1603_3,4AFZ47-328,50,0,0
2,OHT,V00649,1,1,0000,1,1546,0,1547,4,4,4NDNA076,4AFZ15-160,00000000,0000,4ALFE001_AO31,4AFZ15-160,50,0,0

2,OHT,V00795,1,1,0000,1,12322,350,12323,4,4,4PDMV608,4ANZ19-701,00000000,0000,4ABL3301A_OUT04,4ANZ19-701,90,0,0
2,OHT,V00564,1,1,0000,1,7895,200,7896,4,4,4PDD0270,4KCW3301_3,00000000,0000,4ANZ25-205,4KCW3301_3,50,0,0
2,OHT,V00975,1,1,0000,1,3333,0,3334,4,4,6PDB1402,4ANZ03-302,00000000,0000,4EPR5301_3,4ANZ03-302,50,0,0
2,OHT,V00313,1,1,0000,1,1080,200,1081,4,4,6PDN4064,4AFZ47-328,00000000,0000,4CSC1603_3,4AFZ47-328,50,0,0
2,OHT,V00649,1,1,0000,1,1546,50,1547,4,4,4NDNA076,4AFZ15-160,00000000,0000,4ALFE001_AO31,4AFZ15-160,50,0,0

2,OHT,V00795,1,1,0000,1,12322,400,12323,4,4,4PDMV608,4ANZ19-701,00000000,0000,4ABL3301A_OUT04,4ANZ19-701,90,0,0
2,OHT,V00564,1,1,0000,1,7895,250,7896,4,4,4PDD0270,4KCW3301_3,00000000,0000,4ANZ25-205,4KCW3301_3,50,0,0
2,OHT,V00975,1,1,0000,1,3333,50,3334,4,4,6PDB1402,4ANZ03-302,00000000,0000,4EPR5301_3,4ANZ03-302,50,0,0
2,OHT,V00313,1,1,0000,1,1080,250,1081,4,4,6PDN4064,4AFZ47-328,00000000,0000,4CSC1603_3,4AFZ47-328,50,0,0
2,OHT,V00649,1,1,0000,1,1546,100,1547,4,4,4NDNA076,4AFZ15-160,00000000,0000,4ALFE001_AO31,4AFZ15-160,50,0,0

2,OHT,V00795,1,1,0000,1,12323,0,12324,4,4,4PDMV608,4ANZ19-701,00000000,0000,4ABL3301A_OUT04,4ANZ19-701,90,0,0
2,OHT,V00564,1,1,0000,1,7895,300,7896,4,4,4PDD0270,4KCW3301_3,00000000,0000,4ANZ25-205,4KCW3301_3,50,0,0
2,OHT,V00975,1,1,0000,1,3333,100,3334,4,4,6PDB1402,4ANZ03-302,00000000,0000,4EPR5301_3,4ANZ03-302,50,0,0
2,OHT,V00313,1,1,0000,1,1080,300,1081,4,4,6PDN4064,4AFZ47-328,00000000,0000,4CSC1603_3,4AFZ47-328,50,0,0
2,OHT,V00649,1,1,0000,1,1546,150,1547,4,4,4NDNA076,4AFZ15-160,00000000,0000,4ALFE001_AO31,4AFZ15-160,50,0,0

2,OHT,V00795,1,1,0000,1,12323,50,12324,4,4,4PDMV608,4ANZ19-701,00000000,0000,4ABL3301A_OUT04,4ANZ19-701,90,0,0
2,OHT,V00564,1,1,0000,1,7895,350,7896,4,4,4PDD0270,4KCW3301_3,00000000,0000,4ANZ25-205,4KCW3301_3,50,0,0
2,OHT,V00975,1,1,0000,1,3333,150,3334,4,4,6PDB1402,4ANZ03-302,00000000,0000,4EPR5301_3,4ANZ03-302,50,0,0
2,OHT,V00313,1,1,0000,1,1080,350,1081,4,4,6PDN4064,4AFZ47-328,00000000,0000,4CSC1603_3,4AFZ47-328,50,0,0
2,OHT,V00649,1,1,0000,1,1546,200,1547,4,4,4NDNA076,4AFZ15-160,00000000,0000,4ALFE001_AO31,4AFZ15-160,50,0,0

2,OHT,V00795,1,1,0000,1,12323,100,12324,4,4,4PDMV608,4ANZ19-701,00000000,0000,4ABL3301A_OUT04,4ANZ19-701,90,0,0
2,OHT,V00564,1,1,0000,1,7895,400,7896,4,4,4PDD0270,4KCW3301_3,00000000,0000,4ANZ25-205,4KCW3301_3,50,0,0
2,OHT,V00975,1,1,0000,1,3333,200,3334,4,4,6PDB1402,4ANZ03-302,00000000,0000,4EPR5301_3,4ANZ03-302,50,0,0
2,OHT,V00313,1,1,0000,1,1080,400,1081,4,4,6PDN4064,4AFZ47-328,00000000,0000,4CSC1603_3,4AFZ47-328,50,0,0
2,OHT,V00649,1,1,0000,1,1546,250,1547,4,4,4NDNA076,4AFZ15-160,00000000,0000,4ALFE001_AO31,4AFZ15-160,50,0,0

2,OHT,V00795,1,1,0000,1,12323,150,12324,4,4,4PDMV608,4ANZ19-701,00000000,0000,4ABL3301A_OUT04,4ANZ19-701,90,0,0
2,OHT,V00564,1,1,0000,1,7896,0,7897,4,4,4PDD0270,4KCW3301_3,00000000,0000,4ANZ25-205,4KCW3301_3,50,0,0
2,OHT,V00975,1,1,0000,1,3333,250,3334,4,4,6PDB1402,4ANZ03-302,00000000,0000,4EPR5301_3,4ANZ03-302,50,0,0
2,OHT,V00313,1,1,0000,1,1080,450,1081,4,4,6PDN4064,4AFZ47-328,00000000,0000,4CSC1603_3,4AFZ47-328,50,0,0
2,OHT,V00649,1,1,0000,1,1546,300,1547,4,4,4NDNA076,4AFZ15-160,00000000,0000,4ALFE001_AO31,4AFZ15-160,50,0,0

2,OHT,V00795,1,1,0000,1,12323,200,12324,4,4,4PDMV608,4ANZ19-701,00000000,0000,4ABL3301A_OUT04,4ANZ19-701,90,0,0
2,OHT,V00564,1,1,0000,1,7896,50,7897,4,4,4PDD0270,4KCW3301_3,00000000,0000,4ANZ25-205,4KCW3301_3,50,0,0
2,OHT,V00975,1,1,0000,1,3333,300,3334,4,4,6PDB1402,4ANZ03-302,00000000,0000,4EPR5301_3,4ANZ03-302,50,0,0
2,OHT,V00313,1,1,0000,1,1080,500,1081,4,4,6PDN4064,4AFZ47-328,00000000,0000,4CSC1603_3,4AFZ47-328,50,0,0
2,OHT,V00649,1,1,0000,1,1546,350,1547,4,4,4NDNA076,4AFZ15-160,00000000,0000,4ALFE001_AO31,4AFZ15-160,50,0,0

2,OHT,V00795,1,1,0000,1,12323,250,12324,4,4,4PDMV608,4ANZ19-701,00000000,0000,4ABL3301A_OUT04,4ANZ19-701,90,0,0
2,OHT,V00564,1,1,0000,1,7896,100,7897,4,4,4PDD0270,4KCW3301_3,00000000,0000,4ANZ25-205,4KCW3301_3,50,0,0
2,OHT,V00975,1,1,0000,1,3333,350,3334,4,4,6PDB1402,4ANZ03-302,00000000,0000,4EPR5301_3,4ANZ03-302,50,0,0
2,OHT,V00313,1,1,0000,1,1080,550,1081,4,4,6PDN4064,4AFZ47-328,00000000,0000,4CSC1603_3,4AFZ47-328,50,0,0
2,OHT,V00649,1,1,0000,1,1547,0,1548,4,4,4NDNA076,4AFZ15-160,00000000,0000,4ALFE001_AO31,4AFZ15-160,50,0,0

2,OHT,V00795,1,1,0000,1,12323,300,12324,4,4,4PDMV608,4ANZ19-701,00000000,0000,4ABL3301A_OUT04,4ANZ19-701,90,0,0
2,OHT,V00564,1,1,0000,1,7896,150,7897,4,4,4PDD0270,4KCW3301_3,00000000,0000,4ANZ25-205,4KCW3301_3,50,0,0
2,OHT,V00975,1,1,0000,1,3333,400,3334,4,4,6PDB1402,4ANZ03-302,00000000,0000,4EPR5301_3,4ANZ03-302,50,0,0
2,OHT,V00313,1,1,0000,1,1080,600,1081,4,4,6PDN4064,4AFZ47-328,00000000,0000,4CSC1603_3,4AFZ47-328,50,0,0
2,OHT,V00649,1,1,0000,1,1547,50,1548,4,4,4NDNA076,4AFZ15-160,00000000,0000,4ALFE001_AO31,4AFZ15-160,50,0,0

2,OHT,V00795,1,1,0000,1,12323,350,12324,4,4,4PDMV608,4ANZ19-701,00000000,0000,4ABL3301A_OUT04,4ANZ19-701,90,0,0
2,OHT,V00564,1,1,0000,1,7896,200,7897,4,4,4PDD0270,4KCW3301_3,00000000,0000,4ANZ25-205,4KCW3301_3,50,0,0
2,OHT,V00975,1,1,0000,1,3333,450,3334,4,4,6PDB1402,4ANZ03-302,00000000,0000,4EPR5301_3,4ANZ03-302,50,0,0
2,OHT,V00313,1,1,0000,1,1080,650,1081,4,4,6PDN4064,4AFZ47-328,00000000,0000,4CSC1603_3,4AFZ47-328,50,0,0
2,OHT,V00649,1,1,0000,1,1547,100,1548,4,4,4NDNA076,4AFZ15-160,00000000,0000,4ALFE001_AO31,4AFZ15-160,50,0,0

2,OHT,V00795,1,1,0000,1,12323,400,12324,4,4,4PDMV608,4ANZ19-701,00000000,0000,4ABL3301A_OUT04,4ANZ19-701,90,0,0
2,OHT,V00564,1,1,0000,1,7896,250,7897,4,4,4PDD0270,4KCW3301_3,00000000,0000,4ANZ25-205,4KCW3301_3,50,0,0
2,OHT,V00975,1,1,0000,1,3333,500,3334,4,4,6PDB1402,4ANZ03-302,00000000,0000,4EPR5301_3,4ANZ03-302,50,0,0
2,OHT,V00313,1,1,0000,1,1081,0,1082,4,4,6PDN4064,4AFZ47-328,00000000,0000,4CSC1603_3,4AFZ47-328,50,0,0
2,OHT,V00649,1,1,0000,1,1547,150,1548,4,4,4NDNA076,4AFZ15-160,00000000,0000,4ALFE001_AO31,4AFZ15-160,50,0,0

2,OHT,V00795,1,1,0000,1,12323,450,12324,4,4,4PDMV608,4ANZ19-701,00000000,0000,4ABL3301A_OUT04,4ANZ19-701,90,0,0
2,OHT,V00564,1,1,0000,1,7896,300,7897,4,4,4PDD0270,4KCW3301_3,00000000,0000,4ANZ25-205,4KCW3301_3,50,0,0
2,OHT,V00975,1,1,0000,1,3333,550,3334,4,4,6PDB1402,4ANZ03-302,00000000,0000,4EPR5301_3,4ANZ03-302,50,0,0
2,OHT,V00313,1,1,0000,1,1081,50,1082,4,4,6PDN4064,4AFZ47-328,00000000,0000,4CSC1603_3,4AFZ47-328,50,0,0
2,OHT,V00649,1,1,0000,1,1547,200,1548,4,4,4NDNA076,4AFZ15-160,00000000,0000,4ALFE001_AO31,4AFZ15-160,50,0,0

2,OHT,V00795,1,1,0000,1,12323,500,12324,4,4,4PDMV608,4ANZ19-701,00000000,0000,4ABL3301A_OUT04,4ANZ19-701,90,0,0
2,OHT,V00564,1,1,0000,1,7896,350,7897,4,4,4PDD0270,4KCW3301_3,00000000,0000,4ANZ25-205,4KCW3301_3,50,0,0
2,OHT,V00975,1,1,0000,1,3333,600,3334,4,4,6PDB1402,4ANZ03-302,00000000,0000,4EPR5301_3,4ANZ03-302,50,0,0
2,OHT,V00313,1,1,0000,1,1081,100,1082,4,4,6PDN4064,4AFZ47-328,00000000,0000,4CSC1603_3,4AFZ47-328,50,0,0
2,OHT,V00649,1,1,0000,1,1547,250,1548,4,4,4NDNA076,4AFZ15-160,00000000,0000,4ALFE001_AO31,4AFZ15-160,50,0,0

2,OHT,V00795,1,1,0000,1,12323,550,12324,4,4,4PDMV608,4ANZ19-701,00000000,0000,4ABL3301A_OUT04,4ANZ19-701,90,0,0
2,OHT,V00564,1,1,0000,1,7897,0,7898,4,4,4PDD0270,4KCW3301_3,00000000,0000,4ANZ25-205,4KCW3301_3,50,0,0
2,OHT,V00975,1,1,0000,1,3333,650,3334,4,4,6PDB1402,4ANZ03-302,00000000,0000,4EPR5301_3,4ANZ03-302,50,0,0
2,OHT,V00313,1,1,0000,1,1081,150,1082,4,4,6PDN4064,4AFZ47-328,00000000,0000,4CSC1603_3,4AFZ47-328,50,0,0
2,OHT,V00649,1,1,0000,1,1547,300,1548,4,4,4NDNA076,4AFZ15-160,00000000,0000,4ALFE001_AO31,4AFZ15-160,50,0,0

2,OHT,V00795,1,1,0000,1,12324,0,12325,4,4,4PDMV608,4ANZ19-701,00000000,0000,4ABL3301A_OUT04,4ANZ19-701,90,0,0
2,OHT,V00564,1,1,0000,1,7897,50,7898,4,4,4PDD0270,4KCW3301_3,00000000,0000,4ANZ25-205,4KCW3301_3,50,0,0
2,OHT,V00975,1,1,0000,1,3334,0,3335,4,4,6PDB1402,4ANZ03-302,00000000,0000,4EPR5301_3,4ANZ03-302,50,0,0
2,OHT,V00313,1,1,0000,1,1081,200,1082,4,4,6PDN4064,4AFZ47-328,00000000,0000,4CSC1603_3,4AFZ47-328,50,0,0
2,OHT,V00649,1,1,0000,1,1547,350,1548,4,4,4NDNA076,4AFZ15-160,00000000,0000,4ALFE001_AO31,4AFZ15-160,50,0,0

2,OHT,V00795,1,1,0000,1,12324,50,12325,4,4,4PDMV608,4ANZ19-701,00000000,0000,4ABL3301A_OUT04,4ANZ19-701,90,0,0
2,OHT,V00564,1,1,0000,1,7897,100,7898,4,4,4PDD0270,4KCW3301_3,00000000,0000,4ANZ25-205,4KCW3301_3,50,0,0
2,OHT,V00975,1,1,0000,1,3334,50,3335,4,4,6PDB1402,4ANZ03-302,00000000,0000,4EPR5301_3,4ANZ03-302,50,0,0
2,OHT,V00313,1,1,0000,1,1081,250,1082,4,4,6PDN4064,4AFZ47-328,00000000,0000,4CSC1603_3,4AFZ47-328,50,0,0
2,OHT,V00649,1,1,0000,1,1547,400,1548,4,4,4NDNA076,4AFZ15-160,00000000,0000,4ALFE001_AO31,4AFZ15-160,50,0,0

2,OHT,V00795,1,1,0000,1,12324,100,12325,4,4,4PDMV608,4ANZ19-701,00000000,0000,4ABL3301A_OUT04,4ANZ19-701,90,0,0
2,OHT,V00564,1,1,0000,1,7897,150,7898,4,4,4PDD0270,4KCW3301_3,00000000,0000,4ANZ25-205,4KCW3301_3,50,0,0
2,OHT,V00975,1,1,0000,1,3334,100,3335,4,4,6PDB1402,4ANZ03-302,00000000,0000,4EPR5301_3,4ANZ03-302,50,0,0
2,OHT,V00313,1,1,0000,1,1081,300,1082,4,4,6PDN4064,4AFZ47-328,00000000,0000,4CSC1603_3,4AFZ47-328,50,0,0
2,OHT,V00649,1,1,0000,1,1547,450,1548,4,4,4NDNA076,4AFZ15-160,00000000,0000,4ALFE001_AO31,4AFZ15-160,50,0,0

2,OHT,V00795,1,1,0000,1,12324,150,12325,4,4,4PDMV608,4ANZ19-701,00000000,0000,4ABL3301A_OUT04,4ANZ19-701,90,0,0
2,OHT,V00564,1,1,0000,1,7897,200,7898,4,4,4PDD0270,4KCW3301_3,00000000,0000,4ANZ25-205,4KCW3301_3,50,0,0
2,OHT,V00975,1,1,0000,1,3334,150,3335,4,4,6PDB1402,4ANZ03-302,00000000,0000,4EPR5301_3,4ANZ03-302,50,0,0
2,OHT,V00313,1,1,0000,1,1081,350,1082,4,4,6PDN4064,4AFZ47-328,00000000,0000,4CSC1603_3,4AFZ47-328,50,0,0
2,OHT,V00649,1,1,0000,1,1547,500,1548,4,4,4NDNA076,4AFZ15-160,00000000,0000,4ALFE001_AO31,4AFZ15-160,50,0,0

2,OHT,V00795,1,1,0000,1,12324,200,12325,4,4,4PDMV608,4ANZ19-701,00000000,0000,4ABL3301A_OUT04,4ANZ19-701,90,0,0
2,OHT,V00564,1,1,0000,1,7897,250,7898,4,4,4PDD0270,4KCW3301_3,00000000,0000,4ANZ25-205,4KCW3301_3,50,0,0
2,OHT,V00975,1,1,0000,1,3334,200,3335,4,4,6PDB1402,4ANZ03-302,00000000,0000,4EPR5301_3,4ANZ03-302,50,0,0
2,OHT,V00313,1,1,0000,1,1081,400,1082,4,4,6PDN4064,4AFZ47-328,00000000,0000,4CSC1603_3,4AFZ47-328,50,0,0
2,OHT,V00649,1,1,0000,1,1547,550,1548,4,4,4NDNA076,4AFZ15-160,00000000,0000,4ALFE001_AO31,4AFZ15-160,50,0,0

2,OHT,V00795,1,1,0000,1,12324,250,12325,4,4,4PDMV608,4ANZ19-701,00000000,0000,4ABL3301A_OUT04,4ANZ19-701,90,0,0
2,OHT,V00564,1,1,0000,1,7897,300,7898,4,4,4PDD0270,4KCW3301_3,00000000,0000,4ANZ25-205,4KCW3301_3,50,0,0
2,OHT,V00975,1,1,0000,1,3334,250,3335,4,4,6PDB1402,4ANZ03-302,00000000,0000,4EPR5301_3,4ANZ03-302,50,0,0
2,OHT,V00313,1,1,0000,1,1081,450,1082,4,4,6PDN4064,4AFZ47-328,00000000,0000,4CSC1603_3,4AFZ47-328,50,0,0
2,OHT,V00649,1,1,0000,1,1548,0,1549,4,4,4NDNA076,4AFZ15-160,00000000,0000,4ALFE001_AO31,4AFZ15-160,50,0,0

2,OHT,V00795,1,1,0000,1,12324,300,12325,4,4,4PDMV608,4ANZ19-701,00000000,0000,4ABL3301A_OUT04,4ANZ19-701,90,0,0
2,OHT,V00564,1,1,0000,1,7897,350,7898,4,4,4PDD0270,4KCW3301_3,00000000,0000,4ANZ25-205,4KCW3301_3,50,0,0
2,OHT,V00975,1,1,0000,1,3334,300,3335,4,4,6PDB1402,4ANZ03-302,00000000,0000,4EPR5301_3,4ANZ03-302,50,0,0
2,OHT,V00313,1,1,0000,1,1081,500,1082,4,4,6PDN4064,4AFZ47-328,00000000,0000,4CSC1603_3,4AFZ47-328,50,0,0
2,OHT,V00649,1,1,0000,1,1548,50,1549,4,4,4NDNA076,4AFZ15-160,00000000,0000,4ALFE001_AO31,4AFZ15-160,50,0,0

2,OHT,V00795,1,1,0000,1,12324,350,12325,4,4,4PDMV608,4ANZ19-701,00000000,0000,4ABL3301A_OUT04,4ANZ19-701,90,0,0
2,OHT,V00564,1,1,0000,1,7897,400,7898,4,4,4PDD0270,4KCW3301_3,00000000,0000,4ANZ25-205,4KCW3301_3,50,0,0
2,OHT,V00975,1,1,0000,1,3334,350,3335,4,4,6PDB1402,4ANZ03-302,00000000,0000,4EPR5301_3,4ANZ03-302,50,0,0
2,OHT,V00313,1,1,0000,1,1081,550,1082,4,4,6PDN4064,4AFZ47-328,00000000,0000,4CSC1603_3,4AFZ47-328,50,0,0
2,OHT,V00649,1,1,0000,1,1548,100,1549,4,4,4NDNA076,4AFZ15-160,00000000,0000,4ALFE001_AO31,4AFZ15-160,50,0,0

2,OHT,V00795,1,1,0000,1,12324,400,12325,4,4,4PDMV608,4ANZ19-701,00000000,0000,4ABL3301A_OUT04,4ANZ19-701,90,0,0
2,OHT,V00564,1,1,0000,1,7897,450,7898,4,4,4PDD0270,4KCW3301_3,00000000,0000,4ANZ25-205,4KCW3301_3,50,0,0
2,OHT,V00975,1,1,0000,1,3334,400,3335,4,4,6PDB1402,4ANZ03-302,00000000,0000,4EPR5301_3,4ANZ03-302,50,0,0
2,OHT,V00313,1,1,0000,1,1081,600,1082,4,4,6PDN4064,4AFZ47-328,00000000,0000,4CSC1603_3,4AFZ47-328,50,0,0
2,OHT,V00649,1,1,0000,1,1548,150,1549,4,4,4NDNA076,4AFZ15-160,00000000,0000,4ALFE001_AO31,4AFZ15-160,50,0,0

2,OHT,V00795,1,1,0000,1,12325,0,12326,4,4,4PDMV608,4ANZ19-701,00000000,0000,4ABL3301A_OUT04,4ANZ19-701,90,0,0
2,OHT,V00564,1,1,0000,1,7897,500,7898,4,4,4PDD0270,4KCW3301_3,00000000,0000,4ANZ25-205,4KCW3301_3,50,0,0
2,OHT,V00975,1,1,0000,1,3334,450,3335,4,4,6PDB1402,4ANZ03-302,00000000,0000,4EPR5301_3,4ANZ03-302,50,0,0
2,OHT,V00313,1,1,0000,1,1081,650,1082,4,4,6PDN4064,4AFZ47-328,00000000,0000,4CSC1603_3,4AFZ47-328,50,0,0
2,OHT,V00649,1,1,0000,1,1548,200,1549,4,4,4NDNA076,4AFZ15-160,00000000,0000,4ALFE001_AO31,4AFZ15-160,50,0,0

2,OHT,V00795,1,1,0000,1,12325,50,12326,4,4,4PDMV608,4ANZ19-701,00000000,0000,4ABL3301A_OUT04,4ANZ19-701,90,0,0
2,OHT,V00564,1,1,0000,1,7897,550,7898,4,4,4PDD0270,4KCW3301_3,00000000,0000,4ANZ25-205,4KCW3301_3,50,0,0
2,OHT,V00975,1,1,0000,1,3334,500,3335,4,4,6PDB1402,4ANZ03-302,00000000,0000,4EPR5301_3,4ANZ03-302,50,0,0
2,OHT,V00313,1,1,0000,1,1082,0,1083,4,4,6PDN4064,4AFZ47-328,00000000,0000,4CSC1603_3,4AFZ47-328,50,0,0
2,OHT,V00649,1,1,0000,1,1548,250,1549,4,4,4NDNA076,4AFZ15-160,00000000,0000,4ALFE001_AO31,4AFZ15-160,50,0,0

2,OHT,V00795,1,1,0000,1,12325,100,12326,4,4,4PDMV608,4ANZ19-701,00000000,0000,4ABL3301A_OUT04,4ANZ19-701,90,0,0
2,OHT,V00564,1,1,0000,1,7898,0,7899,4,4,4PDD0270,4KCW3301_3,00000000,0000,4ANZ25-205,4KCW3301_3,50,0,0
2,OHT,V00975,1,1,0000,1,3334,550,3335,4,4,6PDB1402,4ANZ03-302,00000000,0000,4EPR5301_3,4ANZ03-302,50,0,0
2,OHT,V00313,1,1,0000,1,1082,50,1083,4,4,6PDN4064,4AFZ47-328,00000000,0000,4CSC1603_3,4AFZ47-328,50,0,0
2,OHT,V00649,1,1,0000,1,1548,300,1549,4,4,4NDNA076,4AFZ15-160,00000000,0000,4ALFE001_AO31,4AFZ15-160,50,0,0

2,OHT,V00795,1,1,0000,1,12325,150,12326,4,4,4PDMV608,4ANZ19-701,00000000,0000,4ABL3301A_OUT04,4ANZ19-701,90,0,0
2,OHT,V00564,1,1,0000,1,7898,50,7899,4,4,4PDD0270,4KCW3301_3,00000000,0000,4ANZ25-205,4KCW3301_3,50,0,0
2,OHT,V00975,1,1,0000,1,3335,0,3336,4,4,6PDB1402,4ANZ03-302,00000000,0000,4EPR5301_3,4ANZ03-302,50,0,0
2,OHT,V00313,1,1,0000,1,1082,100,1083,4,4,6PDN4064,4AFZ47-328,00000000,0000,4CSC1603_3,4AFZ47-328,50,0,0
2,OHT,V00649,1,1,0000,1,1548,350,1549,4,4,4NDNA076,4AFZ15-160,00000000,0000,4ALFE001_AO31,4AFZ15-160,50,0,0

2,OHT,V00795,1,1,0000,1,12325,200,12326,4,4,4PDMV608,4ANZ19-701,00000000,0000,4ABL3301A_OUT04,4ANZ19-701,90,0,0
2,OHT,V00564,1,1,0000,1,7898,100,7899,4,4,4PDD0270,4KCW3301_3,00000000,0000,4ANZ25-205,4KCW3301_3,50,0,0
2,OHT,V00975,1,1,0000,1,3335,50,3336,4,4,6PDB1402,4ANZ03-302,00000000,0000,4EPR5301_3,4ANZ03-302,50,0,0
2,OHT,V00313,1,1,0000,1,1082,150,1083,4,4,6PDN4064,4AFZ47-328,00000000,0000,4CSC1603_3,4AFZ47-328,50,0,0
2,OHT,V00649,1,1,0000,1,1548,400,1549,4,4,4NDNA076,4AFZ15-160,00000000,0000,4ALFE001_AO31,4AFZ15-160,50,0,0

2,OHT,V00795,1,1,0000,1,12325,250,12326,4,4,4PDMV608,4ANZ19-701,00000000,0000,4ABL3301A_OUT04,4ANZ19-701,90,0,0
2,OHT,V00564,1,1,0000,1,7898,150,7899,4,4,4PDD0270,4KCW3301_3,00000000,0000,4ANZ25-205,4KCW3301_3,50,0,0
2,OHT,V00975,1,1,0000,1,3335,100,3336,4,4,6PDB1402,4ANZ03-302,00000000,0000,4EPR5301_3,4ANZ03-302,50,0,0
2,OHT,V00313,1,1,0000,1,1082,200,1083,4,4,6PDN4064,4AFZ47-328,00000000,0000,4CSC1603_3,4AFZ47-328,50,0,0
2,OHT,V00649,1,1,0000,1,1548,450,1549,4,4,4NDNA076,4AFZ15-160,00000000,0000,4ALFE001_AO31,4AFZ15-160,50,0,0

2,OHT,V00795,1,1,0000,1,12325,300,12326,4,4,4PDMV608,4ANZ19-701,00000000,0000,4ABL3301A_OUT04,4ANZ19-701,90,0,0
2,OHT,V00564,1,1,0000,1,7898,200,7899,4,4,4PDD0270,4KCW3301_3,00000000,0000,4ANZ25-205,4KCW3301_3,50,0,0
2,OHT,V00975,1,1,0000,1,3335,150,3336,4,4,6PDB1402,4ANZ03-302,00000000,0000,4EPR5301_3,4ANZ03-302,50,0,0
2,OHT,V00313,1,1,0000,1,1082,250,1083,4,4,6PDN4064,4AFZ47-328,00000000,0000,4CSC1603_3,4AFZ47-328,50,0,0
2,OHT,V00649,1,1,0000,1,1548,500,1549,4,4,4NDNA076,4AFZ15-160,00000000,0000,4ALFE001_AO31,4AFZ15-160,50,0,0

2,OHT,V00795,1,1,0000,1,12325,350,12326,4,4,4PDMV608,4ANZ19-701,00000000,0000,4ABL3301A_OUT04,4ANZ19-701,90,0,0
2,OHT,V00564,1,1,0000,1,7898,250,7899,4,4,4PDD0270,4KCW3301_3,00000000,0000,4ANZ25-205,4KCW3301_3,50,0,0
2,OHT,V00975,1,1,0000,1,3335,200,3336,4,4,6PDB1402,4ANZ03-302,00000000,0000,4EPR5301_3,4ANZ03-302,50,0,0
2,OHT,V00313,1,1,0000,1,1082,300,1083,4,4,6PDN4064,4AFZ47-328,00000000,0000,4CSC1603_3,4AFZ47-328,50,0,0
2,OHT,V00649,1,1,0000,1,1548,550,1549,4,4,4NDNA076,4AFZ15-160,00000000,0000,4ALFE001_AO31,4AFZ15-160,50,0,0

2,OHT,V00795,1,1,0000,1,12326,0,12327,4,4,4PDMV608,4ANZ19-701,00000000,0000,4ABL3301A_OUT04,4ANZ19-701,90,0,0
2,OHT,V00564,1,1,0000,1,7898,300,7899,4,4,4PDD0270,4KCW3301_3,00000000,0000,4ANZ25-205,4KCW3301_3,50,0,0
2,OHT,V00975,1,1,0000,1,3335,250,3336,4,4,6PDB1402,4ANZ03-302,00000000,0000,4EPR5301_3,4ANZ03-302,50,0,0
2,OHT,V00313,1,1,0000,1,1082,350,1083,4,4,6PDN4064,4AFZ47-328,00000000,0000,4CSC1603_3,4AFZ47-328,50,0,0
2,OHT,V00649,1,1,0000,1,1548,600,1549,4,4,4NDNA076,4AFZ15-160,00000000,0000,4ALFE001_AO31,4AFZ15-160,50,0,0

2,OHT,V00795,1,1,0000,1,12326,50,12327,4,4,4PDMV608,4ANZ19-701,00000000,0000,4ABL3301A_OUT04,4ANZ19-701,90,0,0
2,OHT,V00564,1,1,0000,1,7898,350,7899,4,4,4PDD0270,4KCW3301_3,00000000,0000,4ANZ25-205,4KCW3301_3,50,0,0
2,OHT,V00975,1,1,0000,1,3335,300,3336,4,4,6PDB1402,4ANZ03-302,00000000,0000,4EPR5301_3,4ANZ03-302,50,0,0
2,OHT,V00313,1,1,0000,1,1083,0,1091,4,4,6PDN4064,4AFZ47-328,00000000,0000,4CSC1603_3,4AFZ47-328,50,0,0
2,OHT,V00649,1,1,0000,1,1548,650,1549,4,4,4NDNA076,4AFZ15-160,00000000,0000,4ALFE001_AO31,4AFZ15-160,50,0,0

2,OHT,V00795,1,1,0000,1,12326,100,12327,4,4,4PDMV608,4ANZ19-701,00000000,0000,4ABL3301A_OUT04,4ANZ19-701,90,0,0
2,OHT,V00564,1,1,0000,1,7898,400,7899,4,4,4PDD0270,4KCW3301_3,00000000,0000,4ANZ25-205,4KCW3301_3,50,0,0
2,OHT,V00975,1,1,0000,1,3335,350,3336,4,4,6PDB1402,4ANZ03-302,00000000,0000,4EPR5301_3,4ANZ03-302,50,0,0
2,OHT,V00313,1,1,0000,1,1083,50,1091,4,4,6PDN4064,4AFZ47-328,00000000,0000,4CSC1603_3,4AFZ47-328,50,0,0
2,OHT,V00649,1,1,0000,1,1549,0,1550,4,4,4NDNA076,4AFZ15-160,00000000,0000,4ALFE001_AO31,4AFZ15-160,50,0,0

2,OHT,V00795,1,1,0000,1,12326,150,12327,4,4,4PDMV608,4ANZ19-701,00000000,0000,4ABL3301A_OUT04,4ANZ19-701,90,0,0
2,OHT,V00564,1,1,0000,1,7898,450,7899,4,4,4PDD0270,4KCW3301_3,00000000,0000,4ANZ25-205,4KCW3301_3,50,0,0
2,OHT,V00975,1,1,0000,1,3335,400,3336,4,4,6PDB1402,4ANZ03-302,00000000,0000,4EPR5301_3,4ANZ03-302,50,0,0
2,OHT,V00313,1,1,0000,1,1083,100,1091,4,4,6PDN4064,4AFZ47-328,00000000,0000,4CSC1603_3,4AFZ47-328,50,0,0
2,OHT,V00649,1,1,0000,1,1549,50,1550,4,4,4NDNA076,4AFZ15-160,00000000,0000,4ALFE001_AO31,4AFZ15-160,50,0,0

2,OHT,V00795,1,1,0000,1,12326,200,12327,4,4,4PDMV608,4ANZ19-701,00000000,0000,4ABL3301A_OUT04,4ANZ19-701,90,0,0
2,OHT,V00564,1,1,0000,1,7898,500,7899,4,4,4PDD0270,4KCW3301_3,00000000,0000,4ANZ25-205,4KCW3301_3,50,0,0
2,OHT,V00975,1,1,0000,1,3336,0,3337,4,4,6PDB1402,4ANZ03-302,00000000,0000,4EPR5301_3,4ANZ03-302,50,0,0
2,OHT,V00313,1,1,0000,1,1083,150,1091,4,4,6PDN4064,4AFZ47-328,00000000,0000,4CSC1603_3,4AFZ47-328,50,0,0
2,OHT,V00649,1,1,0000,1,1549,100,1550,4,4,4NDNA076,4AFZ15-160,00000000,0000,4ALFE001_AO31,4AFZ15-160,50,0,0

2,OHT,V00795,1,1,0000,1,12326,250,12327,4,4,4PDMV608,4ANZ19-701,00000000,0000,4ABL3301A_OUT04,4ANZ19-701,90,0,0
2,OHT,V00564,1,1,0000,1,7898,550,7899,4,4,4PDD0270,4KCW3301_3,00000000,0000,4ANZ25-205,4KCW3301_3,50,0,0
2,OHT,V00975,1,1,0000,1,3336,50,3337,4,4,6PDB1402,4ANZ03-302,00000000,0000,4EPR5301_3,4ANZ03-302,50,0,0
2,OHT,V00313,1,1,0000,1,1083,200,1091,4,4,6PDN4064,4AFZ47-328,00000000,0000,4CSC1603_3,4AFZ47-328,50,0,0
2,OHT,V00649,1,1,0000,1,1549,150,1550,4,4,4NDNA076,4AFZ15-160,00000000,0000,4ALFE001_AO31,4AFZ15-160,50,0,0

2,OHT,V00795,1,1,0000,1,12326,300,12327,4,4,4PDMV608,4ANZ19-701,00000000,0000,4ABL3301A_OUT04,4ANZ19-701,90,0,0
2,OHT,V00564,1,1,0000,1,7898,600,7899,4,4,4PDD0270,4KCW3301_3,00000000,0000,4ANZ25-205,4KCW3301_3,50,0,0
2,OHT,V00975,1,1,0000,1,3336,100,3337,4,4,6PDB1402,4ANZ03-302,00000000,0000,4EPR5301_3,4ANZ03-302,50,0,0
2,OHT,V00313,1,1,0000,1,1083,250,1091,4,4,6PDN4064,4AFZ47-328,00000000,0000,4CSC1603_3,4AFZ47-328,50,0,0
2,OHT,V00649,1,1,0000,1,1549,200,1550,4,4,4NDNA076,4AFZ15-160,00000000,0000,4ALFE001_AO31,4AFZ15-160,50,0,0

2,OHT,V00795,1,1,0000,1,12326,350,12327,4,4,4PDMV608,4ANZ19-701,00000000,0000,4ABL3301A_OUT04,4ANZ19-701,90,0,0
2,OHT,V00564,1,1,0000,1,7898,650,7899,4,4,4PDD0270,4KCW3301_3,00000000,0000,4ANZ25-205,4KCW3301_3,50,0,0
2,OHT,V00975,1,1,0000,1,3336,150,3337,4,4,6PDB1402,4ANZ03-302,00000000,0000,4EPR5301_3,4ANZ03-302,50,0,0
2,OHT,V00313,1,1,0000,1,1083,300,1091,4,4,6PDN4064,4AFZ47-328,00000000,0000,4CSC1603_3,4AFZ47-328,50,0,0
2,OHT,V00649,1,1,0000,1,1549,250,1550,4,4,4NDNA076,4AFZ15-160,00000000,0000,4ALFE001_AO31,4AFZ15-160,50,0,0

2,OHT,V00795,1,1,0000,1,12326,400,12327,4,4,4PDMV608,4ANZ19-701,00000000,0000,4ABL3301A_OUT04,4ANZ19-701,90,0,0
2,OHT,V00564,1,1,0000,1,7899,0,7900,4,4,4PDD0270,4KCW3301_3,00000000,0000,4ANZ25-205,4KCW3301_3,50,0,0
2,OHT,V00975,1,1,0000,1,3336,200,3337,4,4,6PDB1402,4ANZ03-302,00000000,0000,4EPR5301_3,4ANZ03-302,50,0,0
2,OHT,V00313,1,1,0000,1,1083,350,1091,4,4,6PDN4064,4AFZ47-328,00000000,0000,4CSC1603_3,4AFZ47-328,50,0,0
2,OHT,V00649,1,1,0000,1,1549,300,1550,4,4,4NDNA076,4AFZ15-160,00000000,0000,4ALFE001_AO31,4AFZ15-160,50,0,0

2,OHT,V00795,1,1,0000,1,12326,450,12327,4,4,4PDMV608,4ANZ19-701,00000000,0000,4ABL3301A_OUT04,4ANZ19-701,90,0,0
2,OHT,V00564,1,1,0000,1,7899,50,7900,4,4,4PDD0270,4KCW3301_3,00000000,0000,4ANZ25-205,4KCW3301_3,50,0,0
2,OHT,V00975,1,1,0000,1,3336,250,3337,4,4,6PDB1402,4ANZ03-302,00000000,0000,4EPR5301_3,4ANZ03-302,50,0,0
2,OHT,V00313,1,1,0000,1,1083,400,1091,4,4,6PDN4064,4AFZ47-328,00000000,0000,4CSC1603_3,4AFZ47-328,50,0,0
2,OHT,V00649,1,1,0000,1,1549,350,1550,4,4,4NDNA076,4AFZ15-160,00000000,0000,4ALFE001_AO31,4AFZ15-160,50,0,0

2,OHT,V00795,1,1,0000,1,12326,500,12327,4,4,4PDMV608,4ANZ19-701,00000000,0000,4ABL3301A_OUT04,4ANZ19-701,90,0,0
2,OHT,V00564,1,1,0000,1,7899,100,7900,4,4,4PDD0270,4KCW3301_3,00000000,0000,4ANZ25-205,4KCW3301_3,50,0,0
2,OHT,V00975,1,1,0000,1,3336,300,3337,4,4,6PDB1402,4ANZ03-302,00000000,0000,4EPR5301_3,4ANZ03-302,50,0,0
2,OHT,V00313,1,1,0000,1,1083,450,1091,4,4,6PDN4064,4AFZ47-328,00000000,0000,4CSC1603_3,4AFZ47-328,50,0,0
2,OHT,V00649,1,1,0000,1,1549,400,1550,4,4,4NDNA076,4AFZ15-160,00000000,0000,4ALFE001_AO31,4AFZ15-160,50,0,0

2,OHT,V00795,1,1,0000,1,12326,550,12327,4,4,4PDMV608,4ANZ19-701,00000000,0000,4ABL3301A_OUT04,4ANZ19-701,90,0,0
2,OHT,V00564,1,1,0000,1,7899,150,7900,4,4,4PDD0270,4KCW3301_3,00000000,0000,4ANZ25-205,4KCW3301_3,50,0,0
2,OHT,V00975,1,1,0000,1,3336,350,3337,4,4,6PDB1402,4ANZ03-302,00000000,0000,4EPR5301_3,4ANZ03-302,50,0,0
2,OHT,V00313,1,1,0000,1,1083,500,1091,4,4,6PDN4064,4AFZ47-328,00000000,0000,4CSC1603_3,4AFZ47-328,50,0,0
2,OHT,V00649,1,1,0000,1,1550,0,1520,4,4,4NDNA076,4AFZ15-160,00000000,0000,4ALFE001_AO31,4AFZ15-160,50,0,0

2,OHT,V00795,1,1,0000,1,12326,600,12327,4,4,4PDMV608,4ANZ19-701,00000000,0000,4ABL3301A_OUT04,4ANZ19-701,90,0,0
2,OHT,V00564,1,1,0000,1,7899,200,7900,4,4,4PDD0270,4KCW3301_3,00000000,0000,4ANZ25-205,4KCW3301_3,50,0,0
2,OHT,V00975,1,1,0000,1,3336,400,3337,4,4,6PDB1402,4ANZ03-302,00000000,0000,4EPR5301_3,4ANZ03-302,50,0,0
2,OHT,V00313,1,1,0000,1,1083,550,1091,4,4,6PDN4064,4AFZ47-328,00000000,0000,4CSC1603_3,4AFZ47-328,50,0,0
2,OHT,V00649,1,1,0000,1,1550,50,1520,4,4,4NDNA076,4AFZ15-160,00000000,0000,4ALFE001_AO31,4AFZ15-160,50,0,0

2,OHT,V00795,1,1,0000,1,12326,650,12327,4,4,4PDMV608,4ANZ19-701,00000000,0000,4ABL3301A_OUT04,4ANZ19-701,90,0,0
2,OHT,V00564,1,1,0000,1,7899,250,7900,4,4,4PDD0270,4KCW3301_3,00000000,0000,4ANZ25-205,4KCW3301_3,50,0,0
2,OHT,V00975,1,1,0000,1,3336,450,3337,4,4,6PDB1402,4ANZ03-302,00000000,0000,4EPR5301_3,4ANZ03-302,50,0,0
2,OHT,V00313,1,1,0000,1,1091,0,1092,4,4,6PDN4064,4AFZ47-328,00000000,0000,4CSC1603_3,4AFZ47-328,50,0,0
2,OHT,V00649,1,1,0000,1,1550,100,1520,4,4,4NDNA076,4AFZ15-160,00000000,0000,4ALFE001_AO31,4AFZ15-160,50,0,0

2,OHT,V00795,1,1,0000,1,12326,700,12327,4,4,4PDMV608,4ANZ19-701,00000000,0000,4ABL3301A_OUT04,4ANZ19-701,90,0,0
2,OHT,V00564,1,1,0000,1,7899,300,7900,4,4,4PDD0270,4KCW3301_3,00000000,0000,4ANZ25-205,4KCW3301_3,50,0,0
2,OHT,V00975,1,1,0000,1,3336,500,3337,4,4,6PDB1402,4ANZ03-302,00000000,0000,4EPR5301_3,4ANZ03-302,50,0,0
2,OHT,V00313,1,1,0000,1,1091,50,1092,4,4,6PDN4064,4AFZ47-328,00000000,0000,4CSC1603_3,4AFZ47-328,50,0,0
2,OHT,V00649,1,1,0000,1,1550,150,1520,4,4,4NDNA076,4AFZ15-160,00000000,0000,4ALFE001_AO31,4AFZ15-160,50,0,0

2,OHT,V00795,1,1,0000,1,12326,750,12327,4,4,4PDMV608,4ANZ19-701,00000000,0000,4ABL3301A_OUT04,4ANZ19-701,90,0,0
2,OHT,V00564,1,1,0000,1,7899,350,7900,4,4,4PDD0270,4KCW3301_3,00000000,0000,4ANZ25-205,4KCW3301_3,50,0,0
2,OHT,V00975,1,1,0000,1,3336,550,3337,4,4,6PDB1402,4ANZ03-302,00000000,0000,4EPR5301_3,4ANZ03-302,50,0,0
2,OHT,V00313,1,1,0000,1,1091,100,1092,4,4,6PDN4064,4AFZ47-328,00000000,0000,4CSC1603_3,4AFZ47-328,50,0,0
2,OHT,V00649,1,1,0000,1,1550,200,1520,4,4,4NDNA076,4AFZ15-160,00000000,0000,4ALFE001_AO31,4AFZ15-160,50,0,0

2,OHT,V00795,1,1,0000,1,12326,800,12327,4,4,4PDMV608,4ANZ19-701,00000000,0000,4ABL3301A_OUT04,4ANZ19-701,90,0,0
2,OHT,V00564,1,1,0000,1,7899,400,7900,4,4,4PDD0270,4KCW3301_3,00000000,0000,4ANZ25-205,4KCW3301_3,50,0,0
2,OHT,V00975,1,1,0000,1,3337,0,3338,4,4,6PDB1402,4ANZ03-302,00000000,0000,4EPR5301_3,4ANZ03-302,50,0,0
2,OHT,V00313,1,1,0000,1,1091,150,1092,4,4,6PDN4064,4AFZ47-328,00000000,0000,4CSC1603_3,4AFZ47-328,50,0,0
2,OHT,V00649,1,1,0000,1,1550,250,1520,4,4,4NDNA076,4AFZ15-160,00000000,0000,4ALFE001_AO31,4AFZ15-160,50,0,0

2,OHT,V00795,1,1,0000,1,12326,850,12327,4,4,4PDMV608,4ANZ19-701,00000000,0000,4ABL3301A_OUT04,4ANZ19-701,90,0,0
2,OHT,V00564,1,1,0000,1,7899,450,7900,4,4,4PDD0270,4KCW3301_3,00000000,0000,4ANZ25-205,4KCW3301_3,50,0,0
2,OHT,V00975,1,1,0000,1,3337,50,3338,4,4,6PDB1402,4ANZ03-302,00000000,0000,4EPR5301_3,4ANZ03-302,50,0,0
2,OHT,V00313,1,1,0000,1,1091,200,1092,4,4,6PDN4064,4AFZ47-328,00000000,0000,4CSC1603_3,4AFZ47-328,50,0,0
2,OHT,V00649,1,1,0000,1,1550,300,1520,4,4,4NDNA076,4AFZ15-160,00000000,0000,4ALFE001_AO31,4AFZ15-160,50,0,0

2,OHT,V00795,1,1,0000,1,12326,900,12327,4,4,4PDMV608,4ANZ19-701,00000000,0000,4ABL3301A_OUT04,4ANZ19-701,90,0,0
2,OHT,V00564,1,1,0000,1,7899,500,7900,4,4,4PDD0270,4KCW3301_3,00000000,0000,4ANZ25-205,4KCW3301_3,50,0,0
2,OHT,V00975,1,1,0000,1,3337,100,3338,4,4,6PDB1402,4ANZ03-302,00000000,0000,4EPR5301_3,4ANZ03-302,50,0,0
2,OHT,V00313,1,1,0000,1,1091,250,1092,4,4,6PDN4064,4AFZ47-328,00000000,0000,4CSC1603_3,4AFZ47-328,50,0,0
2,OHT,V00649,1,1,0000,1,1550,350,1520,4,4,4NDNA076,4AFZ15-160,00000000,0000,4ALFE001_AO31,4AFZ15-160,50,0,0

2,OHT,V00795,1,1,0000,1,12326,950,12327,4,4,4PDMV608,4ANZ19-701,00000000,0000,4ABL3301A_OUT04,4ANZ19-701,90,0,0
2,OHT,V00564,1,1,0000,1,7900,0,7901,4,4,4PDD0270,4KCW3301_3,00000000,0000,4ANZ25-205,4KCW3301_3,50,0,0
2,OHT,V00975,1,1,0000,1,3337,150,3338,4,4,6PDB1402,4ANZ03-302,00000000,0000,4EPR5301_3,4ANZ03-302,50,0,0
2,OHT,V00313,1,1,0000,1,1091,300,1092,4,4,6PDN4064,4AFZ47-328,00000000,0000,4CSC1603_3,4AFZ47-328,50,0,0
2,OHT,V00649,1,1,0000,1,1550,400,1520,4,4,4NDNA076,4AFZ15-160,00000000,0000,4ALFE001_AO31,4AFZ15-160,50,0,0

2,OHT,V00795,1,1,0000,1,12326,1000,12327,4,4,4PDMV608,4ANZ19-701,00000000,0000,4ABL3301A_OUT04,4ANZ19-701,90,0,0
2,OHT,V00564,1,1,0000,1,7900,50,7901,4,4,4PDD0270,4KCW3301_3,00000000,0000,4ANZ25-205,4KCW3301_3,50,0,0
2,OHT,V00975,1,1,0000,1,3337,200,3338,4,4,6PDB1402,4ANZ03-302,00000000,0000,4EPR5301_3,4ANZ03-302,50,0,0
2,OHT,V00313,1,1,0000,1,1091,350,1092,4,4,6PDN4064,4AFZ47-328,00000000,0000,4CSC1603_3,4AFZ47-328,50,0,0
2,OHT,V00649,1,1,0000,1,1550,450,1520,4,4,4NDNA076,4AFZ15-160,00000000,0000,4ALFE001_AO31,4AFZ15-160,50,0,0

2,OHT,V00795,1,1,0000,1,12326,1050,12327,4,4,4PDMV608,4ANZ19-701,00000000,0000,4ABL3301A_OUT04,4ANZ19-701,90,0,0
2,OHT,V00564,1,1,0000,1,7900,100,7901,4,4,4PDD0270,4KCW3301_3,00000000,0000,4ANZ25-205,4KCW3301_3,50,0,0
2,OHT,V00975,1,1,0000,1,3337,250,3338,4,4,6PDB1402,4ANZ03-302,00000000,0000,4EPR5301_3,4ANZ03-302,50,0,0
2,OHT,V00313,1,1,0000,1,1091,400,1092,4,4,6PDN4064,4AFZ47-328,00000000,0000,4CSC1603_3,4AFZ47-328,50,0,0
2,OHT,V00649,1,1,0000,1,1520,0,1521,4,4,4NDNA076,4AFZ15-160,00000000,0000,4ALFE001_AO31,4AFZ15-160,50,0,0

2,OHT,V00795,1,1,0000,1,12326,1100,12327,4,4,4PDMV608,4ANZ19-701,00000000,0000,4ABL3301A_OUT04,4ANZ19-701,90,0,0
2,OHT,V00564,1,1,0000,1,7900,150,7901,4,4,4PDD0270,4KCW3301_3,00000000,0000,4ANZ25-205,4KCW3301_3,50,0,0
2,OHT,V00975,1,1,0000,1,3337,300,3338,4,4,6PDB1402,4ANZ03-302,00000000,0000,4EPR5301_3,4ANZ03-302,50,0,0
2,OHT,V00313,1,1,0000,1,1091,450,1092,4,4,6PDN4064,4AFZ47-328,00000000,0000,4CSC1603_3,4AFZ47-328,50,0,0
2,OHT,V00649,1,1,0000,1,1520,50,1521,4,4,4NDNA076,4AFZ15-160,00000000,0000,4ALFE001_AO31,4AFZ15-160,50,0,0

2,OHT,V00795,1,1,0000,1,12326,1150,12327,4,4,4PDMV608,4ANZ19-701,00000000,0000,4ABL3301A_OUT04,4ANZ19-701,90,0,0
2,OHT,V00564,1,1,0000,1,7900,200,7901,4,4,4PDD0270,4KCW3301_3,00000000,0000,4ANZ25-205,4KCW3301_3,50,0,0
2,OHT,V00975,1,1,0000,1,3337,350,3338,4,4,6PDB1402,4ANZ03-302,00000000,0000,4EPR5301_3,4ANZ03-302,50,0,0
2,OHT,V00313,1,1,0000,1,1091,500,1092,4,4,6PDN4064,4AFZ47-328,00000000,0000,4CSC1603_3,4AFZ47-328,50,0,0
2,OHT,V00649,1,1,0000,1,1520,100,1521,4,4,4NDNA076,4AFZ15-160,00000000,0000,4ALFE001_AO31,4AFZ15-160,50,0,0

2,OHT,V00795,1,1,0000,1,12326,1200,12327,4,4,4PDMV608,4ANZ19-701,00000000,0000,4ABL3301A_OUT04,4ANZ19-701,90,0,0
2,OHT,V00564,1,1,0000,1,7900,250,7901,4,4,4PDD0270,4KCW3301_3,00000000,0000,4ANZ25-205,4KCW3301_3,50,0,0
2,OHT,V00975,1,1,0000,1,3337,400,3338,4,4,6PDB1402,4ANZ03-302,00000000,0000,4EPR5301_3,4ANZ03-302,50,0,0
2,OHT,V00313,1,1,0000,1,1091,550,1092,4,4,6PDN4064,4AFZ47-328,00000000,0000,4CSC1603_3,4AFZ47-328,50,0,0
2,OHT,V00649,1,1,0000,1,1520,150,1521,4,4,4NDNA076,4AFZ15-160,00000000,0000,4ALFE001_AO31,4AFZ15-160,50,0,0

2,OHT,V00795,1,1,0000,1,12326,1250,12327,4,4,4PDMV608,4ANZ19-701,00000000,0000,4ABL3301A_OUT04,4ANZ19-701,90,0,0
2,OHT,V00564,1,1,0000,1,7900,300,7901,4,4,4PDD0270,4KCW3301_3,00000000,0000,4ANZ25-205,4KCW3301_3,50,0,0
2,OHT,V00975,1,1,0000,1,3337,450,3338,4,4,6PDB1402,4ANZ03-302,00000000,0000,4EPR5301_3,4ANZ03-302,50,0,0
2,OHT,V00313,1,1,0000,1,1091,600,1092,4,4,6PDN4064,4AFZ47-328,00000000,0000,4CSC1603_3,4AFZ47-328,50,0,0
2,OHT,V00649,1,1,0000,1,1520,200,1521,4,4,4NDNA076,4AFZ15-160,00000000,0000,4ALFE001_AO31,4AFZ15-160,50,0,0

2,OHT,V00795,1,1,0000,1,12326,1300,12327,4,4,4PDMV608,4ANZ19-701,00000000,0000,4ABL3301A_OUT04,4ANZ19-701,90,0,0
2,OHT,V00564,1,1,0000,1,7900,350,7901,4,4,4PDD0270,4KCW3301_3,00000000,0000,4ANZ25-205,4KCW3301_3,50,0,0
2,OHT,V00975,1,1,0000,1,3337,500,3338,4,4,6PDB1402,4ANZ03-302,00000000,0000,4EPR5301_3,4ANZ03-302,50,0,0
2,OHT,V00313,1,1,0000,1,1091,650,1092,4,4,6PDN4064,4AFZ47-328,00000000,0000,4CSC1603_3,4AFZ47-328,50,0,0
2,OHT,V00649,1,1,0000,1,1520,250,1521,4,4,4NDNA076,4AFZ15-160,00000000,0000,4ALFE001_AO31,4AFZ15-160,50,0,0

2,OHT,V00795,1,1,0000,1,12326,1350,12327,4,4,4PDMV608,4ANZ19-701,00000000,0000,4ABL3301A_OUT04,4ANZ19-701,90,0,0
2,OHT,V00564,1,1,0000,1,7900,400,7901,4,4,4PDD0270,4KCW3301_3,00000000,0000,4ANZ25-205,4KCW3301_3,50,0,0
2,OHT,V00975,1,1,0000,1,3337,550,3338,4,4,6PDB1402,4ANZ03-302,00000000,0000,4EPR5301_3,4ANZ03-302,50,0,0
2,OHT,V00313,1,1,0000,1,1092,0,1093,4,4,6PDN4064,4AFZ47-328,00000000,0000,4CSC1603_3,4AFZ47-328,50,0,0
2,OHT,V00649,1,1,0000,1,1520,300,1521,4,4,4NDNA076,4AFZ15-160,00000000,0000,4ALFE001_AO31,4AFZ15-160,50,0,0

2,OHT,V00795,1,1,0000,1,12326,1400,12327,4,4,4PDMV608,4ANZ19-701,00000000,0000,4ABL3301A_OUT04,4ANZ19-701,90,0,0
2,OHT,V00564,1,1,0000,1,7900,450,7901,4,4,4PDD0270,4KCW3301_3,00000000,0000,4ANZ25-205,4KCW3301_3,50,0,0
2,OHT,V00975,1,1,0000,1,3337,600,3338,4,4,6PDB1402,4ANZ03-302,00000000,0000,4EPR5301_3,4ANZ03-302,50,0,0
2,OHT,V00313,1,1,0000,1,1092,50,1093,4,4,6PDN4064,4AFZ47-328,00000000,0000,4CSC1603_3,4AFZ47-328,50,0,0
2,OHT,V00649,1,1,0000,1,1520,350,1521,4,4,4NDNA076,4AFZ15-160,00000000,0000,4ALFE001_AO31,4AFZ15-160,50,0,0

2,OHT,V00795,1,1,0000,1,12327,0,12328,4,4,4PDMV608,4ANZ19-701,00000000,0000,4ABL3301A_OUT04,4ANZ19-701,90,0,0
2,OHT,V00564,1,1,0000,1,7901,0,7902,4,4,4PDD0270,4KCW3301_3,00000000,0000,4ANZ25-205,4KCW3301_3,50,0,0
2,OHT,V00975,1,1,0000,1,3337,650,3338,4,4,6PDB1402,4ANZ03-302,00000000,0000,4EPR5301_3,4ANZ03-302,50,0,0
2,OHT,V00313,1,1,0000,1,1092,100,1093,4,4,6PDN4064,4AFZ47-328,00000000,0000,4CSC1603_3,4AFZ47-328,50,0,0
2,OHT,V00649,1,1,0000,1,1520,400,1521,4,4,4NDNA076,4AFZ15-160,00000000,0000,4ALFE001_AO31,4AFZ15-160,50,0,0

2,OHT,V00795,1,1,0000,1,12327,50,12328,4,4,4PDMV608,4ANZ19-701,00000000,0000,4ABL3301A_OUT04,4ANZ19-701,90,0,0
2,OHT,V00564,1,1,0000,1,7901,50,7902,4,4,4PDD0270,4KCW3301_3,00000000,0000,4ANZ25-205,4KCW3301_3,50,0,0
2,OHT,V00975,1,1,0000,1,3338,0,3339,4,4,6PDB1402,4ANZ03-302,00000000,0000,4EPR5301_3,4ANZ03-302,50,0,0
2,OHT,V00313,1,1,0000,1,1092,150,1093,4,4,6PDN4064,4AFZ47-328,00000000,0000,4CSC1603_3,4AFZ47-328,50,0,0
2,OHT,V00649,1,1,0000,1,1520,450,1521,4,4,4NDNA076,4AFZ15-160,00000000,0000,4ALFE001_AO31,4AFZ15-160,50,0,0

2,OHT,V00795,1,1,0000,1,12327,100,12328,4,4,4PDMV608,4ANZ19-701,00000000,0000,4ABL3301A_OUT04,4ANZ19-701,90,0,0
2,OHT,V00564,1,1,0000,1,7901,100,7902,4,4,4PDD0270,4KCW3301_3,00000000,0000,4ANZ25-205,4KCW3301_3,50,0,0
2,OHT,V00975,1,1,0000,1,3338,50,3339,4,4,6PDB1402,4ANZ03-302,00000000,0000,4EPR5301_3,4ANZ03-302,50,0,0
2,OHT,V00313,1,1,0000,1,1092,200,1093,4,4,6PDN4064,4AFZ47-328,00000000,0000,4CSC1603_3,4AFZ47-328,50,0,0
2,OHT,V00649,1,1,0000,1,1521,0,1522,4,4,4NDNA076,4AFZ15-160,00000000,0000,4ALFE001_AO31,4AFZ15-160,50,0,0

2,OHT,V00795,1,1,0000,1,12327,150,12328,4,4,4PDMV608,4ANZ19-701,00000000,0000,4ABL3301A_OUT04,4ANZ19-701,90,0,0
2,OHT,V00564,1,1,0000,1,7901,150,7902,4,4,4PDD0270,4KCW3301_3,00000000,0000,4ANZ25-205,4KCW3301_3,50,0,0
2,OHT,V00975,1,1,0000,1,3338,100,3339,4,4,6PDB1402,4ANZ03-302,00000000,0000,4EPR5301_3,4ANZ03-302,50,0,0
2,OHT,V00313,1,1,0000,1,1092,250,1093,4,4,6PDN4064,4AFZ47-328,00000000,0000,4CSC1603_3,4AFZ47-328,50,0,0
2,OHT,V00649,1,1,0000,1,1521,50,1522,4,4,4NDNA076,4AFZ15-160,00000000,0000,4ALFE001_AO31,4AFZ15-160,50,0,0

2,OHT,V00795,1,1,0000,1,12327,200,12328,4,4,4PDMV608,4ANZ19-701,00000000,0000,4ABL3301A_OUT04,4ANZ19-701,90,0,0
2,OHT,V00564,1,1,0000,1,7901,200,7902,4,4,4PDD0270,4KCW3301_3,00000000,0000,4ANZ25-205,4KCW3301_3,50,0,0
2,OHT,V00975,1,1,0000,1,3338,150,3339,4,4,6PDB1402,4ANZ03-302,00000000,0000,4EPR5301_3,4ANZ03-302,50,0,0
2,OHT,V00313,1,1,0000,1,1092,300,1093,4,4,6PDN4064,4AFZ47-328,00000000,0000,4CSC1603_3,4AFZ47-328,50,0,0
2,OHT,V00649,1,1,0000,1,1521,100,1522,4,4,4NDNA076,4AFZ15-160,00000000,0000,4ALFE001_AO31,4AFZ15-160,50,0,0

2,OHT,V00795,1,1,0000,1,12327,250,12328,4,4,4PDMV608,4ANZ19-701,00000000,0000,4ABL3301A_OUT04,4ANZ19-701,90,0,0
2,OHT,V00564,1,1,0000,1,7901,250,7902,4,4,4PDD0270,4KCW3301_3,00000000,0000,4ANZ25-205,4KCW3301_3,50,0,0
2,OHT,V00975,1,1,0000,1,3338,200,3339,4,4,6PDB1402,4ANZ03-302,00000000,0000,4EPR5301_3,4ANZ03-302,50,0,0
2,OHT,V00313,1,1,0000,1,1092,350,1093,4,4,6PDN4064,4AFZ47-328,00000000,0000,4CSC1603_3,4AFZ47-328,50,0,0
2,OHT,V00649,1,1,0000,1,1521,150,1522,4,4,4NDNA076,4AFZ15-160,00000000,0000,4ALFE001_AO31,4AFZ15-160,50,0,0

2,OHT,V00795,1,1,0000,1,12327,300,12328,4,4,4PDMV608,4ANZ19-701,00000000,0000,4ABL3301A_OUT04,4ANZ19-701,90,0,0
2,OHT,V00564,1,1,0000,1,7901,300,7902,4,4,4PDD0270,4KCW3301_3,00000000,0000,4ANZ25-205,4KCW3301_3,50,0,0
2,OHT,V00975,1,1,0000,1,3338,250,3339,4,4,6PDB1402,4ANZ03-302,00000000,0000,4EPR5301_3,4ANZ03-302,50,0,0
2,OHT,V00313,1,1,0000,1,1092,400,1093,4,4,6PDN4064,4AFZ47-328,00000000,0000,4CSC1603_3,4AFZ47-328,50,0,0
2,OHT,V00649,1,1,0000,1,1521,200,1522,4,4,4NDNA076,4AFZ15-160,00000000,0000,4ALFE001_AO31,4AFZ15-160,50,0,0

2,OHT,V00795,1,1,0000,1,12327,350,12328,4,4,4PDMV608,4ANZ19-701,00000000,0000,4ABL3301A_OUT04,4ANZ19-701,90,0,0
2,OHT,V00564,1,1,0000,1,7901,350,7902,4,4,4PDD0270,4KCW3301_3,00000000,0000,4ANZ25-205,4KCW3301_3,50,0,0
2,OHT,V00975,1,1,0000,1,3338,300,3339,4,4,6PDB1402,4ANZ03-302,00000000,0000,4EPR5301_3,4ANZ03-302,50,0,0
2,OHT,V00313,1,1,0000,1,1092,450,1093,4,4,6PDN4064,4AFZ47-328,00000000,0000,4CSC1603_3,4AFZ47-328,50,0,0
2,OHT,V00649,1,1,0000,1,1521,250,1522,4,4,4NDNA076,4AFZ15-160,00000000,0000,4ALFE001_AO31,4AFZ15-160,50,0,0

2,OHT,V00795,1,1,0000,1,12327,400,12328,4,4,4PDMV608,4ANZ19-701,00000000,0000,4ABL3301A_OUT04,4ANZ19-701,90,0,0
2,OHT,V00564,1,1,0000,1,7901,400,7902,4,4,4PDD0270,4KCW3301_3,00000000,0000,4ANZ25-205,4KCW3301_3,50,0,0
2,OHT,V00975,1,1,0000,1,3338,350,3339,4,4,6PDB1402,4ANZ03-302,00000000,0000,4EPR5301_3,4ANZ03-302,50,0,0
2,OHT,V00313,1,1,0000,1,1092,500,1093,4,4,6PDN4064,4AFZ47-328,00000000,0000,4CSC1603_3,4AFZ47-328,50,0,0
2,OHT,V00649,1,1,0000,1,1521,300,1522,4,4,4NDNA076,4AFZ15-160,00000000,0000,4ALFE001_AO31,4AFZ15-160,50,0,0

2,OHT,V00795,1,1,0000,1,12327,450,12328,4,4,4PDMV608,4ANZ19-701,00000000,0000,4ABL3301A_OUT04,4ANZ19-701,90,0,0
2,OHT,V00564,1,1,0000,1,7901,450,7902,4,4,4PDD0270,4KCW3301_3,00000000,0000,4ANZ25-205,4KCW3301_3,50,0,0
2,OHT,V00975,1,1,0000,1,3338,400,3339,4,4,6PDB1402,4ANZ03-302,00000000,0000,4EPR5301_3,4ANZ03-302,50,0,0
2,OHT,V00313,1,1,0000,1,1092,550,1093,4,4,6PDN4064,4AFZ47-328,00000000,0000,4CSC1603_3,4AFZ47-328,50,0,0
2,OHT,V00649,1,1,0000,1,1521,350,1522,4,4,4NDNA076,4AFZ15-160,00000000,0000,4ALFE001_AO31,4AFZ15-160,50,0,0

2,OHT,V00795,1,1,0000,1,12328,0,8072,4,4,4PDMV608,4ANZ19-701,00000000,0000,4ABL3301A_OUT04,4ANZ19-701,90,0,0
2,OHT,V00564,1,1,0000,1,7901,500,7902,4,4,4PDD0270,4KCW3301_3,00000000,0000,4ANZ25-205,4KCW3301_3,50,0,0
2,OHT,V00975,1,1,0000,1,3338,450,3339,4,4,6PDB1402,4ANZ03-302,00000000,0000,4EPR5301_3,4ANZ03-302,50,0,0
2,OHT,V00313,1,1,0000,1,1092,600,1093,4,4,6PDN4064,4AFZ47-328,00000000,0000,4CSC1603_3,4AFZ47-328,50,0,0
2,OHT,V00649,1,1,0000,1,1521,400,1522,4,4,4NDNA076,4AFZ15-160,00000000,0000,4ALFE001_AO31,4AFZ15-160,50,0,0

2,OHT,V00795,1,1,0000,1,12328,50,8072,4,4,4PDMV608,4ANZ19-701,00000000,0000,4ABL3301A_OUT04,4ANZ19-701,90,0,0
2,OHT,V00564,1,1,0000,1,7901,550,7902,4,4,4PDD0270,4KCW3301_3,00000000,0000,4ANZ25-205,4KCW3301_3,50,0,0
2,OHT,V00975,1,1,0000,1,3338,500,3339,4,4,6PDB1402,4ANZ03-302,00000000,0000,4EPR5301_3,4ANZ03-302,50,0,0
2,OHT,V00313,1,1,0000,1,1092,650,1093,4,4,6PDN4064,4AFZ47-328,00000000,0000,4CSC1603_3,4AFZ47-328,50,0,0
2,OHT,V00649,1,1,0000,1,1521,450,1522,4,4,4NDNA076,4AFZ15-160,00000000,0000,4ALFE001_AO31,4AFZ15-160,50,0,0

2,OHT,V00795,1,1,0000,1,12328,100,8072,4,4,4PDMV608,4ANZ19-701,00000000,0000,4ABL3301A_OUT04,4ANZ19-701,90,0,0
2,OHT,V00564,1,1,0000,1,7901,600,7902,4,4,4PDD0270,4KCW3301_3,00000000,0000,4ANZ25-205,4KCW3301_3,50,0,0
2,OHT,V00975,1,1,0000,1,3338,550,3339,4,4,6PDB1402,4ANZ03-302,00000000,0000,4EPR5301_3,4ANZ03-302,50,0,0
2,OHT,V00313,1,1,0000,1,1093,0,1094,4,4,6PDN4064,4AFZ47-328,00000000,0000,4CSC1603_3,4AFZ47-328,50,0,0
2,OHT,V00649,1,1,0000,1,1521,500,1522,4,4,4NDNA076,4AFZ15-160,00000000,0000,4ALFE001_AO31,4AFZ15-160,50,0,0

2,OHT,V00795,1,1,0000,1,12328,150,8072,4,4,4PDMV608,4ANZ19-701,00000000,0000,4ABL3301A_OUT04,4ANZ19-701,90,0,0
2,OHT,V00564,1,1,0000,1,7901,650,7902,4,4,4PDD0270,4KCW3301_3,00000000,0000,4ANZ25-205,4KCW3301_3,50,0,0
2,OHT,V00975,1,1,0000,1,3338,600,3339,4,4,6PDB1402,4ANZ03-302,00000000,0000,4EPR5301_3,4ANZ03-302,50,0,0
2,OHT,V00313,1,1,0000,1,1093,50,1094,4,4,6PDN4064,4AFZ47-328,00000000,0000,4CSC1603_3,4AFZ47-328,50,0,0
2,OHT,V00649,1,1,0000,1,1521,550,1522,4,4,4NDNA076,4AFZ15-160,00000000,0000,4ALFE001_AO31,4AFZ15-160,50,0,0

2,OHT,V00795,1,1,0000,1,12328,200,8072,4,4,4PDMV608,4ANZ19-701,00000000,0000,4ABL3301A_OUT04,4ANZ19-701,90,0,0
2,OHT,V00564,1,1,0000,1,7901,700,7902,4,4,4PDD0270,4KCW3301_3,00000000,0000,4ANZ25-205,4KCW3301_3,50,0,0
2,OHT,V00975,1,1,0000,1,3339,0,3340,4,4,6PDB1402,4ANZ03-302,00000000,0000,4EPR5301_3,4ANZ03-302,50,0,0
2,OHT,V00313,1,1,0000,1,1093,100,1094,4,4,6PDN4064,4AFZ47-328,00000000,0000,4CSC1603_3,4AFZ47-328,50,0,0
2,OHT,V00649,1,1,0000,1,1521,600,1522,4,4,4NDNA076,4AFZ15-160,00000000,0000,4ALFE001_AO31,4AFZ15-160,50,0,0

2,OHT,V00795,1,1,0000,1,12328,250,8072,4,4,4PDMV608,4ANZ19-701,00000000,0000,4ABL3301A_OUT04,4ANZ19-701,90,0,0
2,OHT,V00564,1,1,0000,1,7901,750,7902,4,4,4PDD0270,4KCW3301_3,00000000,0000,4ANZ25-205,4KCW3301_3,50,0,0
2,OHT,V00975,1,1,0000,1,3339,50,3340,4,4,6PDB1402,4ANZ03-302,00000000,0000,4EPR5301_3,4ANZ03-302,50,0,0
2,OHT,V00313,1,1,0000,1,1093,150,1094,4,4,6PDN4064,4AFZ47-328,00000000,0000,4CSC1603_3,4AFZ47-328,50,0,0
2,OHT,V00649,1,1,0000,1,1521,650,1522,4,4,4NDNA076,4AFZ15-160,00000000,0000,4ALFE001_AO31,4AFZ15-160,50,0,0

2,OHT,V00795,1,1,0000,1,12328,300,8072,4,4,4PDMV608,4ANZ19-701,00000000,0000,4ABL3301A_OUT04,4ANZ19-701,90,0,0
2,OHT,V00564,1,1,0000,1,7901,800,7902,4,4,4PDD0270,4KCW3301_3,00000000,0000,4ANZ25-205,4KCW3301_3,50,0,0
2,OHT,V00975,1,1,0000,1,3339,100,3340,4,4,6PDB1402,4ANZ03-302,00000000,0000,4EPR5301_3,4ANZ03-302,50,0,0
2,OHT,V00313,1,1,0000,1,1093,200,1094,4,4,6PDN4064,4AFZ47-328,00000000,0000,4CSC1603_3,4AFZ47-328,50,0,0
2,OHT,V00649,1,1,0000,1,1522,0,1523,4,4,4NDNA076,4AFZ15-160,00000000,0000,4ALFE001_AO31,4AFZ15-160,50,0,0

2,OHT,V00795,1,1,0000,1,12328,350,8072,4,4,4PDMV608,4ANZ19-701,00000000,0000,4ABL3301A_OUT04,4ANZ19-701,90,0,0
2,OHT,V00564,1,1,0000,1,7901,850,7902,4,4,4PDD0270,4KCW3301_3,00000000,0000,4ANZ25-205,4KCW3301_3,50,0,0
2,OHT,V00975,1,1,0000,1,3339,150,3340,4,4,6PDB1402,4ANZ03-302,00000000,0000,4EPR5301_3,4ANZ03-302,50,0,0
2,OHT,V00313,1,1,0000,1,1093,250,1094,4,4,6PDN4064,4AFZ47-328,00000000,0000,4CSC1603_3,4AFZ47-328,50,0,0
2,OHT,V00649,1,1,0000,1,1522,50,1523,4,4,4NDNA076,4AFZ15-160,00000000,0000,4ALFE001_AO31,4AFZ15-160,50,0,0

2,OHT,V00795,1,1,0000,1,12328,400,8072,4,4,4PDMV608,4ANZ19-701,00000000,0000,4ABL3301A_OUT04,4ANZ19-701,90,0,0
2,OHT,V00564,1,1,0000,1,7902,0,7903,4,4,4PDD0270,4KCW3301_3,00000000,0000,4ANZ25-205,4KCW3301_3,50,0,0
2,OHT,V00975,1,1,0000,1,3339,200,3340,4,4,6PDB1402,4ANZ03-302,00000000,0000,4EPR5301_3,4ANZ03-302,50,0,0
2,OHT,V00313,1,1,0000,1,1093,300,1094,4,4,6PDN4064,4AFZ47-328,00000000,0000,4CSC1603_3,4AFZ47-328,50,0,0
2,OHT,V00649,1,1,0000,1,1522,100,1523,4,4,4NDNA076,4AFZ15-160,00000000,0000,4ALFE001_AO31,4AFZ15-160,50,0,0

2,OHT,V00795,1,1,0000,1,8072,0,8073,4,4,4PDMV608,4ANZ19-701,00000000,0000,4ABL3301A_OUT04,4ANZ19-701,90,0,0
2,OHT,V00564,1,1,0000,1,7902,50,7903,4,4,4PDD0270,4KCW3301_3,00000000,0000,4ANZ25-205,4KCW3301_3,50,0,0
2,OHT,V00975,1,1,0000,1,3339,250,3340,4,4,6PDB1402,4ANZ03-302,00000000,0000,4EPR5301_3,4ANZ03-302,50,0,0
2,OHT,V00313,1,1,0000,1,1093,350,1094,4,4,6PDN4064,4AFZ47-328,00000000,0000,4CSC1603_3,4AFZ47-328,50,0,0
2,OHT,V00649,1,1,0000,1,1522,150,1523,4,4,4NDNA076,4AFZ15-160,00000000,0000,4ALFE001_AO31,4AFZ15-160,50,0,0

2,OHT,V00795,1,1,0000,1,8072,50,8073,4,4,4PDMV608,4ANZ19-701,00000000,0000,4ABL3301A_OUT04,4ANZ19-701,90,0,0
2,OHT,V00564,1,1,0000,1,7902,100,7903,4,4,4PDD0270,4KCW3301_3,00000000,0000,4ANZ25-205,4KCW3301_3,50,0,0
2,OHT,V00975,1,1,0000,1,3339,300,3340,4,4,6PDB1402,4ANZ03-302,00000000,0000,4EPR5301_3,4ANZ03-302,50,0,0
2,OHT,V00313,1,1,0000,1,1093,400,1094,4,4,6PDN4064,4AFZ47-328,00000000,0000,4CSC1603_3,4AFZ47-328,50,0,0
2,OHT,V00649,1,1,0000,1,1522,200,1523,4,4,4NDNA076,4AFZ15-160,00000000,0000,4ALFE001_AO31,4AFZ15-160,50,0,0

2,OHT,V00795,1,1,0000,1,8072,100,8073,4,4,4PDMV608,4ANZ19-701,00000000,0000,4ABL3301A_OUT04,4ANZ19-701,90,0,0
2,OHT,V00564,1,1,0000,1,7902,150,7903,4,4,4PDD0270,4KCW3301_3,00000000,0000,4ANZ25-205,4KCW3301_3,50,0,0
2,OHT,V00975,1,1,0000,1,3339,350,3340,4,4,6PDB1402,4ANZ03-302,00000000,0000,4EPR5301_3,4ANZ03-302,50,0,0
2,OHT,V00313,1,1,0000,1,1093,450,1094,4,4,6PDN4064,4AFZ47-328,00000000,0000,4CSC1603_3,4AFZ47-328,50,0,0
2,OHT,V00649,1,1,0000,1,1522,250,1523,4,4,4NDNA076,4AFZ15-160,00000000,0000,4ALFE001_AO31,4AFZ15-160,50,0,0

2,OHT,V00795,1,1,0000,1,8072,150,8073,4,4,4PDMV608,4ANZ19-701,00000000,0000,4ABL3301A_OUT04,4ANZ19-701,90,0,0
2,OHT,V00564,1,1,0000,1,7902,200,7903,4,4,4PDD0270,4KCW3301_3,00000000,0000,4ANZ25-205,4KCW3301_3,50,0,0
2,OHT,V00975,1,1,0000,1,3340,0,3341,4,4,6PDB1402,4ANZ03-302,00000000,0000,4EPR5301_3,4ANZ03-302,50,0,0
2,OHT,V00313,1,1,0000,1,1093,500,1094,4,4,6PDN4064,4AFZ47-328,00000000,0000,4CSC1603_3,4AFZ47-328,50,0,0
2,OHT,V00649,1,1,0000,1,1522,300,1523,4,4,4NDNA076,4AFZ15-160,00000000,0000,4ALFE001_AO31,4AFZ15-160,50,0,0

2,OHT,V00795,1,1,0000,1,8072,200,8073,4,4,4PDMV608,4ANZ19-701,00000000,0000,4ABL3301A_OUT04,4ANZ19-701,90,0,0
2,OHT,V00564,1,1,0000,1,7902,250,7903,4,4,4PDD0270,4KCW3301_3,00000000,0000,4ANZ25-205,4KCW3301_3,50,0,0
2,OHT,V00975,1,1,0000,1,3340,50,3341,4,4,6PDB1402,4ANZ03-302,00000000,0000,4EPR5301_3,4ANZ03-302,50,0,0
2,OHT,V00313,1,1,0000,1,1093,550,1094,4,4,6PDN4064,4AFZ47-328,00000000,0000,4CSC1603_3,4AFZ47-328,50,0,0
2,OHT,V00649,1,1,0000,1,1522,350,1523,4,4,4NDNA076,4AFZ15-160,00000000,0000,4ALFE001_AO31,4AFZ15-160,50,0,0

2,OHT,V00795,1,1,0000,1,8072,250,8073,4,4,4PDMV608,4ANZ19-701,00000000,0000,4ABL3301A_OUT04,4ANZ19-701,90,0,0
2,OHT,V00564,1,1,0000,1,7903,0,7904,4,4,4PDD0270,4KCW3301_3,00000000,0000,4ANZ25-205,4KCW3301_3,50,0,0
2,OHT,V00975,1,1,0000,1,3340,100,3341,4,4,6PDB1402,4ANZ03-302,00000000,0000,4EPR5301_3,4ANZ03-302,50,0,0
2,OHT,V00313,1,1,0000,1,1093,600,1094,4,4,6PDN4064,4AFZ47-328,00000000,0000,4CSC1603_3,4AFZ47-328,50,0,0
2,OHT,V00649,1,1,0000,1,1522,400,1523,4,4,4NDNA076,4AFZ15-160,00000000,0000,4ALFE001_AO31,4AFZ15-160,50,0,0

2,OHT,V00795,1,1,0000,1,8073,0,8074,4,4,4PDMV608,4ANZ19-701,00000000,0000,4ABL3301A_OUT04,4ANZ19-701,90,0,0
2,OHT,V00564,1,1,0000,1,7903,50,7904,4,4,4PDD0270,4KCW3301_3,00000000,0000,4ANZ25-205,4KCW3301_3,50,0,0
2,OHT,V00975,1,1,0000,1,3340,150,3341,4,4,6PDB1402,4ANZ03-302,00000000,0000,4EPR5301_3,4ANZ03-302,50,0,0
2,OHT,V00313,1,1,0000,1,1093,650,1094,4,4,6PDN4064,4AFZ47-328,00000000,0000,4CSC1603_3,4AFZ47-328,50,0,0
2,OHT,V00649,1,1,0000,1,1522,450,1523,4,4,4NDNA076,4AFZ15-160,00000000,0000,4ALFE001_AO31,4AFZ15-160,50,0,0

2,OHT,V00795,1,1,0000,1,8073,50,8074,4,4,4PDMV608,4ANZ19-701,00000000,0000,4ABL3301A_OUT04,4ANZ19-701,90,0,0
2,OHT,V00564,1,1,0000,1,7903,100,7904,4,4,4PDD0270,4KCW3301_3,00000000,0000,4ANZ25-205,4KCW3301_3,50,0,0
2,OHT,V00975,1,1,0000,1,3340,200,3341,4,4,6PDB1402,4ANZ03-302,00000000,0000,4EPR5301_3,4ANZ03-302,50,0,0
2,OHT,V00313,1,1,0000,1,1093,700,1094,4,4,6PDN4064,4AFZ47-328,00000000,0000,4CSC1603_3,4AFZ47-328,50,0,0
2,OHT,V00649,1,1,0000,1,1522,500,1523,4,4,4NDNA076,4AFZ15-160,00000000,0000,4ALFE001_AO31,4AFZ15-160,50,0,0

2,OHT,V00795,1,1,0000,1,8073,100,8074,4,4,4PDMV608,4ANZ19-701,00000000,0000,4ABL3301A_OUT04,4ANZ19-701,90,0,0
2,OHT,V00564,1,1,0000,1,7903,150,7904,4,4,4PDD0270,4KCW3301_3,00000000,0000,4ANZ25-205,4KCW3301_3,50,0,0
2,OHT,V00975,1,1,0000,1,3340,250,3341,4,4,6PDB1402,4ANZ03-302,00000000,0000,4EPR5301_3,4ANZ03-302,50,0,0
2,OHT,V00313,1,1,0000,1,1093,750,1094,4,4,6PDN4064,4AFZ47-328,00000000,0000,4CSC1603_3,4AFZ47-328,50,0,0
2,OHT,V00649,1,1,0000,1,1522,550,1523,4,4,4NDNA076,4AFZ15-160,00000000,0000,4ALFE001_AO31,4AFZ15-160,50,0,0

2,OHT,V00795,1,1,0000,1,8073,150,8074,4,4,4PDMV608,4ANZ19-701,00000000,0000,4ABL3301A_OUT04,4ANZ19-701,90,0,0
2,OHT,V00564,1,1,0000,1,7903,200,7904,4,4,4PDD0270,4KCW3301_3,00000000,0000,4ANZ25-205,4KCW3301_3,50,0,0
2,OHT,V00975,1,1,0000,1,3340,300,3341,4,4,6PDB1402,4ANZ03-302,00000000,0000,4EPR5301_3,4ANZ03-302,50,0,0
2,OHT,V00313,1,1,0000,1,1093,800,1094,4,4,6PDN4064,4AFZ47-328,00000000,0000,4CSC1603_3,4AFZ47-328,50,0,0
2,OHT,V00649,1,1,0000,1,1522,600,1523,4,4,4NDNA076,4AFZ15-160,00000000,0000,4ALFE001_AO31,4AFZ15-160,50,0,0

2,OHT,V00795,1,1,0000,1,8073,200,8074,4,4,4PDMV608,4ANZ19-701,00000000,0000,4ABL3301A_OUT04,4ANZ19-701,90,0,0
2,OHT,V00564,1,1,0000,1,7903,250,7904,4,4,4PDD0270,4KCW3301_3,00000000,0000,4ANZ25-205,4KCW3301_3,50,0,0
2,OHT,V00975,1,1,0000,1,3340,350,3341,4,4,6PDB1402,4ANZ03-302,00000000,0000,4EPR5301_3,4ANZ03-302,50,0,0
2,OHT,V00313,1,1,0000,1,1094,0,1095,4,4,6PDN4064,4AFZ47-328,00000000,0000,4CSC1603_3,4AFZ47-328,50,0,0
2,OHT,V00649,1,1,0000,1,1522,650,1523,4,4,4NDNA076,4AFZ15-160,00000000,0000,4ALFE001_AO31,4AFZ15-160,50,0,0

2,OHT,V00795,1,1,0000,1,8073,250,8074,4,4,4PDMV608,4ANZ19-701,00000000,0000,4ABL3301A_OUT04,4ANZ19-701,90,0,0
2,OHT,V00564,1,1,0000,1,7903,300,7904,4,4,4PDD0270,4KCW3301_3,00000000,0000,4ANZ25-205,4KCW3301_3,50,0,0
2,OHT,V00975,1,1,0000,1,3341,0,3342,4,4,6PDB1402,4ANZ03-302,00000000,0000,4EPR5301_3,4ANZ03-302,50,0,0
2,OHT,V00313,1,1,0000,1,1094,50,1095,4,4,6PDN4064,4AFZ47-328,00000000,0000,4CSC1603_3,4AFZ47-328,50,0,0
2,OHT,V00649,1,1,0000,1,1523,0,1524,4,4,4NDNA076,4AFZ15-160,00000000,0000,4ALFE001_AO31,4AFZ15-160,50,0,0

2,OHT,V00795,1,1,0000,1,8073,300,8074,4,4,4PDMV608,4ANZ19-701,00000000,0000,4ABL3301A_OUT04,4ANZ19-701,90,0,0
2,OHT,V00564,1,1,0000,1,7903,350,7904,4,4,4PDD0270,4KCW3301_3,00000000,0000,4ANZ25-205,4KCW3301_3,50,0,0
2,OHT,V00975,1,1,0000,1,3341,50,3342,4,4,6PDB1402,4ANZ03-302,00000000,0000,4EPR5301_3,4ANZ03-302,50,0,0
2,OHT,V00313,1,1,0000,1,1094,100,1095,4,4,6PDN4064,4AFZ47-328,00000000,0000,4CSC1603_3,4AFZ47-328,50,0,0
2,OHT,V00649,1,1,0000,1,1523,50,1524,4,4,4NDNA076,4AFZ15-160,00000000,0000,4ALFE001_AO31,4AFZ15-160,50,0,0

2,OHT,V00795,1,1,0000,1,8073,350,8074,4,4,4PDMV608,4ANZ19-701,00000000,0000,4ABL3301A_OUT04,4ANZ19-701,90,0,0
2,OHT,V00564,1,1,0000,1,7904,0,7905,4,4,4PDD0270,4KCW3301_3,00000000,0000,4ANZ25-205,4KCW3301_3,50,0,0
2,OHT,V00975,1,1,0000,1,3341,100,3342,4,4,6PDB1402,4ANZ03-302,00000000,0000,4EPR5301_3,4ANZ03-302,50,0,0
2,OHT,V00313,1,1,0000,1,1094,150,1095,4,4,6PDN4064,4AFZ47-328,00000000,0000,4CSC1603_3,4AFZ47-328,50,0,0
2,OHT,V00649,1,1,0000,1,1523,100,1524,4,4,4NDNA076,4AFZ15-160,00000000,0000,4ALFE001_AO31,4AFZ15-160,50,0,0

2,OHT,V00795,1,1,0000,1,8073,400,8074,4,4,4PDMV608,4ANZ19-701,00000000,0000,4ABL3301A_OUT04,4ANZ19-701,90,0,0
2,OHT,V00564,1,1,0000,1,7904,50,7905,4,4,4PDD0270,4KCW3301_3,00000000,0000,4ANZ25-205,4KCW3301_3,50,0,0
2,OHT,V00975,1,1,0000,1,3341,150,3342,4,4,6PDB1402,4ANZ03-302,00000000,0000,4EPR5301_3,4ANZ03-302,50,0,0
2,OHT,V00313,1,1,0000,1,1094,200,1095,4,4,6PDN4064,4AFZ47-328,00000000,0000,4CSC1603_3,4AFZ47-328,50,0,0
2,OHT,V00649,1,1,0000,1,1523,150,1524,4,4,4NDNA076,4AFZ15-160,00000000,0000,4ALFE001_AO31,4AFZ15-160,50,0,0

2,OHT,V00795,1,1,0000,1,8074,0,8075,4,4,4PDMV608,4ANZ19-701,00000000,0000,4ABL3301A_OUT04,4ANZ19-701,90,0,0
2,OHT,V00564,1,1,0000,1,7904,100,7905,4,4,4PDD0270,4KCW3301_3,00000000,0000,4ANZ25-205,4KCW3301_3,50,0,0
2,OHT,V00975,1,1,0000,1,3341,200,3342,4,4,6PDB1402,4ANZ03-302,00000000,0000,4EPR5301_3,4ANZ03-302,50,0,0
2,OHT,V00313,1,1,0000,1,1094,250,1095,4,4,6PDN4064,4AFZ47-328,00000000,0000,4CSC1603_3,4AFZ47-328,50,0,0
2,OHT,V00649,1,1,0000,1,1523,200,1524,4,4,4NDNA076,4AFZ15-160,00000000,0000,4ALFE001_AO31,4AFZ15-160,50,0,0

2,OHT,V00795,1,1,0000,1,8074,50,8075,4,4,4PDMV608,4ANZ19-701,00000000,0000,4ABL3301A_OUT04,4ANZ19-701,90,0,0
2,OHT,V00564,1,1,0000,1,7904,150,7905,4,4,4PDD0270,4KCW3301_3,00000000,0000,4ANZ25-205,4KCW3301_3,50,0,0
2,OHT,V00975,1,1,0000,1,3341,250,3342,4,4,6PDB1402,4ANZ03-302,00000000,0000,4EPR5301_3,4ANZ03-302,50,0,0
2,OHT,V00313,1,1,0000,1,1094,300,1095,4,4,6PDN4064,4AFZ47-328,00000000,0000,4CSC1603_3,4AFZ47-328,50,0,0
2,OHT,V00649,1,1,0000,1,1523,250,1524,4,4,4NDNA076,4AFZ15-160,00000000,0000,4ALFE001_AO31,4AFZ15-160,50,0,0

2,OHT,V00795,1,1,0000,1,8074,100,8075,4,4,4PDMV608,4ANZ19-701,00000000,0000,4ABL3301A_OUT04,4ANZ19-701,90,0,0
2,OHT,V00564,1,1,0000,1,7904,200,7905,4,4,4PDD0270,4KCW3301_3,00000000,0000,4ANZ25-205,4KCW3301_3,50,0,0
2,OHT,V00975,1,1,0000,1,3341,300,3342,4,4,6PDB1402,4ANZ03-302,00000000,0000,4EPR5301_3,4ANZ03-302,50,0,0
2,OHT,V00313,1,1,0000,1,1094,350,1095,4,4,6PDN4064,4AFZ47-328,00000000,0000,4CSC1603_3,4AFZ47-328,50,0,0
2,OHT,V00649,1,1,0000,1,1523,300,1524,4,4,4NDNA076,4AFZ15-160,00000000,0000,4ALFE001_AO31,4AFZ15-160,50,0,0

2,OHT,V00795,1,1,0000,1,8074,150,8075,4,4,4PDMV608,4ANZ19-701,00000000,0000,4ABL3301A_OUT04,4ANZ19-701,90,0,0
2,OHT,V00564,1,1,0000,1,7904,250,7905,4,4,4PDD0270,4KCW3301_3,00000000,0000,4ANZ25-205,4KCW3301_3,50,0,0
2,OHT,V00975,1,1,0000,1,3341,350,3342,4,4,6PDB1402,4ANZ03-302,00000000,0000,4EPR5301_3,4ANZ03-302,50,0,0
2,OHT,V00313,1,1,0000,1,1094,400,1095,4,4,6PDN4064,4AFZ47-328,00000000,0000,4CSC1603_3,4AFZ47-328,50,0,0
2,OHT,V00649,1,1,0000,1,1523,350,1524,4,4,4NDNA076,4AFZ15-160,00000000,0000,4ALFE001_AO31,4AFZ15-160,50,0,0

2,OHT,V00795,1,1,0000,1,8074,200,8075,4,4,4PDMV608,4ANZ19-701,00000000,0000,4ABL3301A_OUT04,4ANZ19-701,90,0,0
2,OHT,V00564,1,1,0000,1,7904,300,7905,4,4,4PDD0270,4KCW3301_3,00000000,0000,4ANZ25-205,4KCW3301_3,50,0,0
2,OHT,V00975,1,1,0000,1,3341,400,3342,4,4,6PDB1402,4ANZ03-302,00000000,0000,4EPR5301_3,4ANZ03-302,50,0,0
2,OHT,V00313,1,1,0000,1,1094,450,1095,4,4,6PDN4064,4AFZ47-328,00000000,0000,4CSC1603_3,4AFZ47-328,50,0,0
2,OHT,V00649,1,1,0000,1,1523,400,1524,4,4,4NDNA076,4AFZ15-160,00000000,0000,4ALFE001_AO31,4AFZ15-160,50,0,0

2,OHT,V00795,1,1,0000,1,8074,250,8075,4,4,4PDMV608,4ANZ19-701,00000000,0000,4ABL3301A_OUT04,4ANZ19-701,90,0,0
2,OHT,V00564,1,1,0000,1,7904,350,7905,4,4,4PDD0270,4KCW3301_3,00000000,0000,4ANZ25-205,4KCW3301_3,50,0,0
2,OHT,V00975,1,1,0000,1,3341,450,3342,4,4,6PDB1402,4ANZ03-302,00000000,0000,4EPR5301_3,4ANZ03-302,50,0,0
2,OHT,V00313,1,1,0000,1,1094,500,1095,4,4,6PDN4064,4AFZ47-328,00000000,0000,4CSC1603_3,4AFZ47-328,50,0,0
2,OHT,V00649,1,1,0000,1,1523,450,1524,4,4,4NDNA076,4AFZ15-160,00000000,0000,4ALFE001_AO31,4AFZ15-160,50,0,0

2,OHT,V00795,1,1,0000,1,8074,300,8075,4,4,4PDMV608,4ANZ19-701,00000000,0000,4ABL3301A_OUT04,4ANZ19-701,90,0,0
2,OHT,V00564,1,1,0000,1,7904,400,7905,4,4,4PDD0270,4KCW3301_3,00000000,0000,4ANZ25-205,4KCW3301_3,50,0,0
2,OHT,V00975,1,1,0000,1,3341,500,3342,4,4,6PDB1402,4ANZ03-302,00000000,0000,4EPR5301_3,4ANZ03-302,50,0,0
2,OHT,V00313,1,1,0000,1,1094,550,1095,4,4,6PDN4064,4AFZ47-328,00000000,0000,4CSC1603_3,4AFZ47-328,50,0,0
2,OHT,V00649,1,1,0000,1,1523,500,1524,4,4,4NDNA076,4AFZ15-160,00000000,0000,4ALFE001_AO31,4AFZ15-160,50,0,0

2,OHT,V00795,1,1,0000,1,8074,350,8075,4,4,4PDMV608,4ANZ19-701,00000000,0000,4ABL3301A_OUT04,4ANZ19-701,90,0,0
2,OHT,V00564,1,1,0000,1,7904,450,7905,4,4,4PDD0270,4KCW3301_3,00000000,0000,4ANZ25-205,4KCW3301_3,50,0,0
2,OHT,V00975,1,1,0000,1,3342,0,3343,4,4,6PDB1402,4ANZ03-302,00000000,0000,4EPR5301_3,4ANZ03-302,50,0,0
2,OHT,V00313,1,1,0000,1,1094,600,1095,4,4,6PDN4064,4AFZ47-328,00000000,0000,4CSC1603_3,4AFZ47-328,50,0,0
2,OHT,V00649,1,1,0000,1,1523,550,1524,4,4,4NDNA076,4AFZ15-160,00000000,0000,4ALFE001_AO31,4AFZ15-160,50,0,0

2,OHT,V00795,1,1,0000,1,8074,400,8075,4,4,4PDMV608,4ANZ19-701,00000000,0000,4ABL3301A_OUT04,4ANZ19-701,90,0,0
2,OHT,V00564,1,1,0000,1,7904,500,7905,4,4,4PDD0270,4KCW3301_3,00000000,0000,4ANZ25-205,4KCW3301_3,50,0,0
2,OHT,V00975,1,1,0000,1,3342,50,3343,4,4,6PDB1402,4ANZ03-302,00000000,0000,4EPR5301_3,4ANZ03-302,50,0,0
2,OHT,V00313,1,1,0000,1,1094,650,1095,4,4,6PDN4064,4AFZ47-328,00000000,0000,4CSC1603_3,4AFZ47-328,50,0,0
2,OHT,V00649,1,1,0000,1,1523,600,1524,4,4,4NDNA076,4AFZ15-160,00000000,0000,4ALFE001_AO31,4AFZ15-160,50,0,0

2,OHT,V00795,1,1,0000,1,8074,450,8075,4,4,4PDMV608,4ANZ19-701,00000000,0000,4ABL3301A_OUT04,4ANZ19-701,90,0,0
2,OHT,V00564,1,1,0000,1,7904,550,7905,4,4,4PDD0270,4KCW3301_3,00000000,0000,4ANZ25-205,4KCW3301_3,50,0,0
2,OHT,V00975,1,1,0000,1,3342,100,3343,4,4,6PDB1402,4ANZ03-302,00000000,0000,4EPR5301_3,4ANZ03-302,50,0,0
2,OHT,V00313,1,1,0000,1,1095,0,1096,4,4,6PDN4064,4AFZ47-328,00000000,0000,4CSC1603_3,4AFZ47-328,50,0,0
2,OHT,V00649,1,1,0000,1,1523,650,1524,4,4,4NDNA076,4AFZ15-160,00000000,0000,4ALFE001_AO31,4AFZ15-160,50,0,0

2,OHT,V00795,1,1,0000,1,8074,500,8075,4,4,4PDMV608,4ANZ19-701,00000000,0000,4ABL3301A_OUT04,4ANZ19-701,90,0,0
2,OHT,V00564,1,1,0000,1,7905,0,7906,4,4,4PDD0270,4KCW3301_3,00000000,0000,4ANZ25-205,4KCW3301_3,50,0,0
2,OHT,V00975,1,1,0000,1,3342,150,3343,4,4,6PDB1402,4ANZ03-302,00000000,0000,4EPR5301_3,4ANZ03-302,50,0,0
2,OHT,V00313,1,1,0000,1,1095,50,1096,4,4,6PDN4064,4AFZ47-328,00000000,0000,4CSC1603_3,4AFZ47-328,50,0,0
2,OHT,V00649,1,1,0000,1,1524,0,1525,4,4,4NDNA076,4AFZ15-160,00000000,0000,4ALFE001_AO31,4AFZ15-160,50,0,0

2,OHT,V00795,1,1,0000,1,8074,550,8075,4,4,4PDMV608,4ANZ19-701,00000000,0000,4ABL3301A_OUT04,4ANZ19-701,90,0,0
2,OHT,V00564,1,1,0000,1,7905,50,7906,4,4,4PDD0270,4KCW3301_3,00000000,0000,4ANZ25-205,4KCW3301_3,50,0,0
2,OHT,V00975,1,1,0000,1,3342,200,3343,4,4,6PDB1402,4ANZ03-302,00000000,0000,4EPR5301_3,4ANZ03-302,50,0,0
2,OHT,V00313,1,1,0000,1,1095,100,1096,4,4,6PDN4064,4AFZ47-328,00000000,0000,4CSC1603_3,4AFZ47-328,50,0,0
2,OHT,V00649,1,1,0000,1,1524,50,1525,4,4,4NDNA076,4AFZ15-160,00000000,0000,4ALFE001_AO31,4AFZ15-160,50,0,0

2,OHT,V00795,1,1,0000,1,8075,0,8076,4,4,4PDMV608,4ANZ19-701,00000000,0000,4ABL3301A_OUT04,4ANZ19-701,90,0,0
2,OHT,V00564,1,1,0000,1,7905,100,7906,4,4,4PDD0270,4KCW3301_3,00000000,0000,4ANZ25-205,4KCW3301_3,50,0,0
2,OHT,V00975,1,1,0000,1,3342,250,3343,4,4,6PDB1402,4ANZ03-302,00000000,0000,4EPR5301_3,4ANZ03-302,50,0,0
2,OHT,V00313,1,1,0000,1,1095,150,1096,4,4,6PDN4064,4AFZ47-328,00000000,0000,4CSC1603_3,4AFZ47-328,50,0,0
2,OHT,V00649,1,1,0000,1,1524,100,1525,4,4,4NDNA076,4AFZ15-160,00000000,0000,4ALFE001_AO31,4AFZ15-160,50,0,0

2,OHT,V00795,1,1,0000,1,8075,50,8076,4,4,4PDMV608,4ANZ19-701,00000000,0000,4ABL3301A_OUT04,4ANZ19-701,90,0,0
2,OHT,V00564,1,1,0000,1,7905,150,7906,4,4,4PDD0270,4KCW3301_3,00000000,0000,4ANZ25-205,4KCW3301_3,50,0,0
2,OHT,V00975,1,1,0000,1,3342,300,3343,4,4,6PDB1402,4ANZ03-302,00000000,0000,4EPR5301_3,4ANZ03-302,50,0,0
2,OHT,V00313,1,1,0000,1,1095,200,1096,4,4,6PDN4064,4AFZ47-328,00000000,0000,4CSC1603_3,4AFZ47-328,50,0,0
2,OHT,V00649,1,1,0000,1,1524,150,1525,4,4,4NDNA076,4AFZ15-160,00000000,0000,4ALFE001_AO31,4AFZ15-160,50,0,0

2,OHT,V00795,1,1,0000,1,8075,100,8076,4,4,4PDMV608,4ANZ19-701,00000000,0000,4ABL3301A_OUT04,4ANZ19-701,90,0,0
2,OHT,V00564,1,1,0000,1,7905,200,7906,4,4,4PDD0270,4KCW3301_3,00000000,0000,4ANZ25-205,4KCW3301_3,50,0,0
2,OHT,V00975,1,1,0000,1,3342,350,3343,4,4,6PDB1402,4ANZ03-302,00000000,0000,4EPR5301_3,4ANZ03-302,50,0,0
2,OHT,V00313,1,1,0000,1,1095,250,1096,4,4,6PDN4064,4AFZ47-328,00000000,0000,4CSC1603_3,4AFZ47-328,50,0,0
2,OHT,V00649,1,1,0000,1,1524,200,1525,4,4,4NDNA076,4AFZ15-160,00000000,0000,4ALFE001_AO31,4AFZ15-160,50,0,0

2,OHT,V00795,1,1,0000,1,8075,150,8076,4,4,4PDMV608,4ANZ19-701,00000000,0000,4ABL3301A_OUT04,4ANZ19-701,90,0,0
2,OHT,V00564,1,1,0000,1,7905,250,7906,4,4,4PDD0270,4KCW3301_3,00000000,0000,4ANZ25-205,4KCW3301_3,50,0,0
2,OHT,V00975,1,1,0000,1,3342,400,3343,4,4,6PDB1402,4ANZ03-302,00000000,0000,4EPR5301_3,4ANZ03-302,50,0,0
2,OHT,V00313,1,1,0000,1,1095,300,1096,4,4,6PDN4064,4AFZ47-328,00000000,0000,4CSC1603_3,4AFZ47-328,50,0,0
2,OHT,V00649,1,1,0000,1,1524,250,1525,4,4,4NDNA076,4AFZ15-160,00000000,0000,4ALFE001_AO31,4AFZ15-160,50,0,0

2,OHT,V00795,1,1,0000,1,8075,200,8076,4,4,4PDMV608,4ANZ19-701,00000000,0000,4ABL3301A_OUT04,4ANZ19-701,90,0,0
2,OHT,V00564,1,1,0000,1,7905,300,7906,4,4,4PDD0270,4KCW3301_3,00000000,0000,4ANZ25-205,4KCW3301_3,50,0,0
2,OHT,V00975,1,1,0000,1,3342,450,3343,4,4,6PDB1402,4ANZ03-302,00000000,0000,4EPR5301_3,4ANZ03-302,50,0,0
2,OHT,V00313,1,1,0000,1,1095,350,1096,4,4,6PDN4064,4AFZ47-328,00000000,0000,4CSC1603_3,4AFZ47-328,50,0,0
2,OHT,V00649,1,1,0000,1,1524,300,1525,4,4,4NDNA076,4AFZ15-160,00000000,0000,4ALFE001_AO31,4AFZ15-160,50,0,0

2,OHT,V00795,1,1,0000,1,8075,250,8076,4,4,4PDMV608,4ANZ19-701,00000000,0000,4ABL3301A_OUT04,4ANZ19-701,90,0,0
2,OHT,V00564,1,1,0000,1,7905,350,7906,4,4,4PDD0270,4KCW3301_3,00000000,0000,4ANZ25-205,4KCW3301_3,50,0,0
2,OHT,V00975,1,1,0000,1,3342,500,3343,4,4,6PDB1402,4ANZ03-302,00000000,0000,4EPR5301_3,4ANZ03-302,50,0,0
2,OHT,V00313,1,1,0000,1,1095,400,1096,4,4,6PDN4064,4AFZ47-328,00000000,0000,4CSC1603_3,4AFZ47-328,50,0,0
2,OHT,V00649,1,1,0000,1,1524,350,1525,4,4,4NDNA076,4AFZ15-160,00000000,0000,4ALFE001_AO31,4AFZ15-160,50,0,0

2,OHT,V00795,1,1,0000,1,8075,300,8076,4,4,4PDMV608,4ANZ19-701,00000000,0000,4ABL3301A_OUT04,4ANZ19-701,90,0,0
2,OHT,V00564,1,1,0000,1,7905,400,7906,4,4,4PDD0270,4KCW3301_3,00000000,0000,4ANZ25-205,4KCW3301_3,50,0,0
2,OHT,V00975,1,1,0000,1,3342,550,3343,4,4,6PDB1402,4ANZ03-302,00000000,0000,4EPR5301_3,4ANZ03-302,50,0,0
2,OHT,V00313,1,1,0000,1,1096,0,1030,4,4,6PDN4064,4AFZ47-328,00000000,0000,4CSC1603_3,4AFZ47-328,50,0,0
2,OHT,V00649,1,1,0000,1,1524,400,1525,4,4,4NDNA076,4AFZ15-160,00000000,0000,4ALFE001_AO31,4AFZ15-160,50,0,0

2,OHT,V00795,1,1,0000,1,8075,350,8076,4,4,4PDMV608,4ANZ19-701,00000000,0000,4ABL3301A_OUT04,4ANZ19-701,90,0,0
2,OHT,V00564,1,1,0000,1,7905,450,7906,4,4,4PDD0270,4KCW3301_3,00000000,0000,4ANZ25-205,4KCW3301_3,50,0,0
2,OHT,V00975,1,1,0000,1,3342,600,3343,4,4,6PDB1402,4ANZ03-302,00000000,0000,4EPR5301_3,4ANZ03-302,50,0,0
2,OHT,V00313,1,1,0000,1,1096,50,1030,4,4,6PDN4064,4AFZ47-328,00000000,0000,4CSC1603_3,4AFZ47-328,50,0,0
2,OHT,V00649,1,1,0000,1,1524,450,1525,4,4,4NDNA076,4AFZ15-160,00000000,0000,4ALFE001_AO31,4AFZ15-160,50,0,0

2,OHT,V00795,1,1,0000,1,8075,400,8076,4,4,4PDMV608,4ANZ19-701,00000000,0000,4ABL3301A_OUT04,4ANZ19-701,90,0,0
2,OHT,V00564,1,1,0000,1,7905,500,7906,4,4,4PDD0270,4KCW3301_3,00000000,0000,4ANZ25-205,4KCW3301_3,50,0,0
2,OHT,V00975,1,1,0000,1,3342,650,3343,4,4,6PDB1402,4ANZ03-302,00000000,0000,4EPR5301_3,4ANZ03-302,50,0,0
2,OHT,V00313,1,1,0000,1,1096,100,1030,4,4,6PDN4064,4AFZ47-328,00000000,0000,4CSC1603_3,4AFZ47-328,50,0,0
2,OHT,V00649,1,1,0000,1,1524,500,1525,4,4,4NDNA076,4AFZ15-160,00000000,0000,4ALFE001_AO31,4AFZ15-160,50,0,0

2,OHT,V00795,1,1,0000,1,8075,450,8076,4,4,4PDMV608,4ANZ19-701,00000000,0000,4ABL3301A_OUT04,4ANZ19-701,90,0,0
2,OHT,V00564,1,1,0000,1,7905,550,7906,4,4,4PDD0270,4KCW3301_3,00000000,0000,4ANZ25-205,4KCW3301_3,50,0,0
2,OHT,V00975,1,1,0000,1,3343,0,3316,4,4,6PDB1402,4ANZ03-302,00000000,0000,4EPR5301_3,4ANZ03-302,50,0,0
2,OHT,V00313,1,1,0000,1,1096,150,1030,4,4,6PDN4064,4AFZ47-328,00000000,0000,4CSC1603_3,4AFZ47-328,50,0,0
2,OHT,V00649,1,1,0000,1,1524,550,1525,4,4,4NDNA076,4AFZ15-160,00000000,0000,4ALFE001_AO31,4AFZ15-160,50,0,0

2,OHT,V00795,1,1,0000,1,8076,0,8077,4,4,4PDMV608,4ANZ19-701,00000000,0000,4ABL3301A_OUT04,4ANZ19-701,90,0,0
2,OHT,V00564,1,1,0000,1,7905,600,7906,4,4,4PDD0270,4KCW3301_3,00000000,0000,4ANZ25-205,4KCW3301_3,50,0,0
2,OHT,V00975,1,1,0000,1,3343,50,3316,4,4,6PDB1402,4ANZ03-302,00000000,0000,4EPR5301_3,4ANZ03-302,50,0,0
2,OHT,V00313,1,1,0000,1,1096,200,1030,4,4,6PDN4064,4AFZ47-328,00000000,0000,4CSC1603_3,4AFZ47-328,50,0,0
2,OHT,V00649,1,1,0000,1,1524,600,1525,4,4,4NDNA076,4AFZ15-160,00000000,0000,4ALFE001_AO31,4AFZ15-160,50,0,0

2,OHT,V00795,1,1,0000,1,8076,50,8077,4,4,4PDMV608,4ANZ19-701,00000000,0000,4ABL3301A_OUT04,4ANZ19-701,90,0,0
2,OHT,V00564,1,1,0000,1,7905,650,7906,4,4,4PDD0270,4KCW3301_3,00000000,0000,4ANZ25-205,4KCW3301_3,50,0,0
2,OHT,V00975,1,1,0000,1,3343,100,3316,4,4,6PDB1402,4ANZ03-302,00000000,0000,4EPR5301_3,4ANZ03-302,50,0,0
2,OHT,V00313,1,1,0000,1,1096,250,1030,4,4,6PDN4064,4AFZ47-328,00000000,0000,4CSC1603_3,4AFZ47-328,50,0,0
2,OHT,V00649,1,1,0000,1,1525,0,1526,4,4,4NDNA076,4AFZ15-160,00000000,0000,4ALFE001_AO31,4AFZ15-160,50,0,0

2,OHT,V00795,1,1,0000,1,8076,100,8077,4,4,4PDMV608,4ANZ19-701,00000000,0000,4ABL3301A_OUT04,4ANZ19-701,90,0,0
2,OHT,V00564,1,1,0000,1,7906,0,7907,4,4,4PDD0270,4KCW3301_3,00000000,0000,4ANZ25-205,4KCW3301_3,50,0,0
2,OHT,V00975,1,1,0000,1,3343,150,3316,4,4,6PDB1402,4ANZ03-302,00000000,0000,4EPR5301_3,4ANZ03-302,50,0,0
2,OHT,V00313,1,1,0000,1,1096,300,1030,4,4,6PDN4064,4AFZ47-328,00000000,0000,4CSC1603_3,4AFZ47-328,50,0,0
2,OHT,V00649,1,1,0000,1,1525,50,1526,4,4,4NDNA076,4AFZ15-160,00000000,0000,4ALFE001_AO31,4AFZ15-160,50,0,0

2,OHT,V00795,1,1,0000,1,8076,150,8077,4,4,4PDMV608,4ANZ19-701,00000000,0000,4ABL3301A_OUT04,4ANZ19-701,90,0,0
2,OHT,V00564,1,1,0000,1,7906,50,7907,4,4,4PDD0270,4KCW3301_3,00000000,0000,4ANZ25-205,4KCW3301_3,50,0,0
2,OHT,V00975,1,1,0000,1,3343,200,3316,4,4,6PDB1402,4ANZ03-302,00000000,0000,4EPR5301_3,4ANZ03-302,50,0,0
2,OHT,V00313,1,1,0000,1,1096,350,1030,4,4,6PDN4064,4AFZ47-328,00000000,0000,4CSC1603_3,4AFZ47-328,50,0,0
2,OHT,V00649,1,1,0000,1,1525,100,1526,4,4,4NDNA076,4AFZ15-160,00000000,0000,4ALFE001_AO31,4AFZ15-160,50,0,0

2,OHT,V00795,1,1,0000,1,8076,200,8077,4,4,4PDMV608,4ANZ19-701,00000000,0000,4ABL3301A_OUT04,4ANZ19-701,90,0,0
2,OHT,V00564,1,1,0000,1,7906,100,7907,4,4,4PDD0270,4KCW3301_3,00000000,0000,4ANZ25-205,4KCW3301_3,50,0,0
2,OHT,V00975,1,1,0000,1,3343,250,3316,4,4,6PDB1402,4ANZ03-302,00000000,0000,4EPR5301_3,4ANZ03-302,50,0,0
2,OHT,V00313,1,1,0000,1,1096,400,1030,4,4,6PDN4064,4AFZ47-328,00000000,0000,4CSC1603_3,4AFZ47-328,50,0,0
2,OHT,V00649,1,1,0000,1,1525,150,1526,4,4,4NDNA076,4AFZ15-160,00000000,0000,4ALFE001_AO31,4AFZ15-160,50,0,0

2,OHT,V00795,1,1,0000,1,8076,250,8077,4,4,4PDMV608,4ANZ19-701,00000000,0000,4ABL3301A_OUT04,4ANZ19-701,90,0,0
2,OHT,V00564,1,1,0000,1,7906,150,7907,4,4,4PDD0270,4KCW3301_3,00000000,0000,4ANZ25-205,4KCW3301_3,50,0,0
2,OHT,V00975,1,1,0000,1,3343,300,3316,4,4,6PDB1402,4ANZ03-302,00000000,0000,4EPR5301_3,4ANZ03-302,50,0,0
2,OHT,V00313,1,1,0000,1,1096,450,1030,4,4,6PDN4064,4AFZ47-328,00000000,0000,4CSC1603_3,4AFZ47-328,50,0,0
2,OHT,V00649,1,1,0000,1,1525,200,1526,4,4,4NDNA076,4AFZ15-160,00000000,0000,4ALFE001_AO31,4AFZ15-160,50,0,0

2,OHT,V00795,1,1,0000,1,8076,300,8077,4,4,4PDMV608,4ANZ19-701,00000000,0000,4ABL3301A_OUT04,4ANZ19-701,90,0,0
2,OHT,V00564,1,1,0000,1,7906,200,7907,4,4,4PDD0270,4KCW3301_3,00000000,0000,4ANZ25-205,4KCW3301_3,50,0,0
2,OHT,V00975,1,1,0000,1,3343,350,3316,4,4,6PDB1402,4ANZ03-302,00000000,0000,4EPR5301_3,4ANZ03-302,50,0,0
2,OHT,V00313,1,1,0000,1,1030,0,1031,4,4,6PDN4064,4AFZ47-328,00000000,0000,4CSC1603_3,4AFZ47-328,50,0,0
2,OHT,V00649,1,1,0000,1,1525,250,1526,4,4,4NDNA076,4AFZ15-160,00000000,0000,4ALFE001_AO31,4AFZ15-160,50,0,0

2,OHT,V00795,1,1,0000,1,8076,350,8077,4,4,4PDMV608,4ANZ19-701,00000000,0000,4ABL3301A_OUT04,4ANZ19-701,90,0,0
2,OHT,V00564,1,1,0000,1,7906,250,7907,4,4,4PDD0270,4KCW3301_3,00000000,0000,4ANZ25-205,4KCW3301_3,50,0,0
2,OHT,V00975,1,1,0000,1,3343,400,3316,4,4,6PDB1402,4ANZ03-302,00000000,0000,4EPR5301_3,4ANZ03-302,50,0,0
2,OHT,V00313,1,1,0000,1,1030,50,1031,4,4,6PDN4064,4AFZ47-328,00000000,0000,4CSC1603_3,4AFZ47-328,50,0,0
2,OHT,V00649,1,1,0000,1,1525,300,1526,4,4,4NDNA076,4AFZ15-160,00000000,0000,4ALFE001_AO31,4AFZ15-160,50,0,0

2,OHT,V00795,1,1,0000,1,8076,400,8077,4,4,4PDMV608,4ANZ19-701,00000000,0000,4ABL3301A_OUT04,4ANZ19-701,90,0,0
2,OHT,V00564,1,1,0000,1,7906,300,7907,4,4,4PDD0270,4KCW3301_3,00000000,0000,4ANZ25-205,4KCW3301_3,50,0,0
2,OHT,V00975,1,1,0000,1,3343,450,3316,4,4,6PDB1402,4ANZ03-302,00000000,0000,4EPR5301_3,4ANZ03-302,50,0,0
2,OHT,V00313,1,1,0000,1,1030,100,1031,4,4,6PDN4064,4AFZ47-328,00000000,0000,4CSC1603_3,4AFZ47-328,50,0,0
2,OHT,V00649,1,1,0000,1,1525,350,1526,4,4,4NDNA076,4AFZ15-160,00000000,0000,4ALFE001_AO31,4AFZ15-160,50,0,0

2,OHT,V00795,1,1,0000,1,8076,450,8077,4,4,4PDMV608,4ANZ19-701,00000000,0000,4ABL3301A_OUT04,4ANZ19-701,90,0,0
2,OHT,V00564,1,1,0000,1,7906,350,7907,4,4,4PDD0270,4KCW3301_3,00000000,0000,4ANZ25-205,4KCW3301_3,50,0,0
2,OHT,V00975,1,1,0000,1,3343,500,3316,4,4,6PDB1402,4ANZ03-302,00000000,0000,4EPR5301_3,4ANZ03-302,50,0,0
2,OHT,V00313,1,1,0000,1,1030,150,1031,4,4,6PDN4064,4AFZ47-328,00000000,0000,4CSC1603_3,4AFZ47-328,50,0,0
2,OHT,V00649,1,1,0000,1,1525,400,1526,4,4,4NDNA076,4AFZ15-160,00000000,0000,4ALFE001_AO31,4AFZ15-160,50,0,0

2,OHT,V00795,1,1,0000,1,8076,500,8077,4,4,4PDMV608,4ANZ19-701,00000000,0000,4ABL3301A_OUT04,4ANZ19-701,90,0,0
2,OHT,V00564,1,1,0000,1,7906,400,7907,4,4,4PDD0270,4KCW3301_3,00000000,0000,4ANZ25-205,4KCW3301_3,50,0,0
2,OHT,V00975,1,1,0000,1,3343,550,3316,4,4,6PDB1402,4ANZ03-302,00000000,0000,4EPR5301_3,4ANZ03-302,50,0,0
2,OHT,V00313,1,1,0000,1,1030,200,1031,4,4,6PDN4064,4AFZ47-328,00000000,0000,4CSC1603_3,4AFZ47-328,50,0,0
2,OHT,V00649,1,1,0000,1,1526,0,1527,4,4,4NDNA076,4AFZ15-160,00000000,0000,4ALFE001_AO31,4AFZ15-160,50,0,0

2,OHT,V00795,1,1,0000,1,8077,0,8526,4,4,4PDMV608,4ANZ19-701,00000000,0000,4ABL3301A_OUT04,4ANZ19-701,90,0,0
2,OHT,V00564,1,1,0000,1,7906,450,7907,4,4,4PDD0270,4KCW3301_3,00000000,0000,4ANZ25-205,4KCW3301_3,50,0,0
2,OHT,V00975,1,1,0000,1,3343,600,3316,4,4,6PDB1402,4ANZ03-302,00000000,0000,4EPR5301_3,4ANZ03-302,50,0,0
2,OHT,V00313,1,1,0000,1,1030,250,1031,4,4,6PDN4064,4AFZ47-328,00000000,0000,4CSC1603_3,4AFZ47-328,50,0,0
2,OHT,V00649,1,1,0000,1,1526,50,1527,4,4,4NDNA076,4AFZ15-160,00000000,0000,4ALFE001_AO31,4AFZ15-160,50,0,0

2,OHT,V00795,1,1,0000,1,8077,50,8526,4,4,4PDMV608,4ANZ19-701,00000000,0000,4ABL3301A_OUT04,4ANZ19-701,90,0,0
2,OHT,V00564,1,1,0000,1,7906,500,7907,4,4,4PDD0270,4KCW3301_3,00000000,0000,4ANZ25-205,4KCW3301_3,50,0,0
2,OHT,V00975,1,1,0000,1,3343,650,3316,4,4,6PDB1402,4ANZ03-302,00000000,0000,4EPR5301_3,4ANZ03-302,50,0,0
2,OHT,V00313,1,1,0000,1,1030,300,1031,4,4,6PDN4064,4AFZ47-328,00000000,0000,4CSC1603_3,4AFZ47-328,50,0,0
2,OHT,V00649,1,1,0000,1,1526,100,1527,4,4,4NDNA076,4AFZ15-160,00000000,0000,4ALFE001_AO31,4AFZ15-160,50,0,0

2,OHT,V00795,1,1,0000,1,8077,100,8526,4,4,4PDMV608,4ANZ19-701,00000000,0000,4ABL3301A_OUT04,4ANZ19-701,90,0,0
2,OHT,V00564,1,1,0000,1,7906,550,7907,4,4,4PDD0270,4KCW3301_3,00000000,0000,4ANZ25-205,4KCW3301_3,50,0,0
2,OHT,V00975,1,1,0000,1,3343,700,3316,4,4,6PDB1402,4ANZ03-302,00000000,0000,4EPR5301_3,4ANZ03-302,50,0,0
2,OHT,V00313,1,1,0000,1,1030,350,1031,4,4,6PDN4064,4AFZ47-328,00000000,0000,4CSC1603_3,4AFZ47-328,50,0,0
2,OHT,V00649,1,1,0000,1,1526,150,1527,4,4,4NDNA076,4AFZ15-160,00000000,0000,4ALFE001_AO31,4AFZ15-160,50,0,0

2,OHT,V00795,1,1,0000,1,8077,150,8526,4,4,4PDMV608,4ANZ19-701,00000000,0000,4ABL3301A_OUT04,4ANZ19-701,90,0,0
2,OHT,V00564,1,1,0000,1,7906,600,7907,4,4,4PDD0270,4KCW3301_3,00000000,0000,4ANZ25-205,4KCW3301_3,50,0,0
2,OHT,V00975,1,1,0000,1,3343,750,3316,4,4,6PDB1402,4ANZ03-302,00000000,0000,4EPR5301_3,4ANZ03-302,50,0,0
2,OHT,V00313,1,1,0000,1,1030,400,1031,4,4,6PDN4064,4AFZ47-328,00000000,0000,4CSC1603_3,4AFZ47-328,50,0,0
2,OHT,V00649,1,1,0000,1,1526,200,1527,4,4,4NDNA076,4AFZ15-160,00000000,0000,4ALFE001_AO31,4AFZ15-160,50,0,0

2,OHT,V00795,1,1,0000,1,8077,200,8526,4,4,4PDMV608,4ANZ19-701,00000000,0000,4ABL3301A_OUT04,4ANZ19-701,90,0,0
2,OHT,V00564,1,1,0000,1,7907,0,7908,4,4,4PDD0270,4KCW3301_3,00000000,0000,4ANZ25-205,4KCW3301_3,50,0,0
2,OHT,V00975,1,1,0000,1,3316,0,3317,4,4,6PDB1402,4ANZ03-302,00000000,0000,4EPR5301_3,4ANZ03-302,50,0,0
2,OHT,V00313,1,1,0000,1,1030,450,1031,4,4,6PDN4064,4AFZ47-328,00000000,0000,4CSC1603_3,4AFZ47-328,50,0,0
2,OHT,V00649,1,1,0000,1,1526,250,1527,4,4,4NDNA076,4AFZ15-160,00000000,0000,4ALFE001_AO31,4AFZ15-160,50,0,0

2,OHT,V00795,1,1,0000,1,8077,250,8526,4,4,4PDMV608,4ANZ19-701,00000000,0000,4ABL3301A_OUT04,4ANZ19-701,90,0,0
2,OHT,V00564,1,1,0000,1,7907,50,7908,4,4,4PDD0270,4KCW3301_3,00000000,0000,4ANZ25-205,4KCW3301_3,50,0,0
2,OHT,V00975,1,1,0000,1,3316,50,3317,4,4,6PDB1402,4ANZ03-302,00000000,0000,4EPR5301_3,4ANZ03-302,50,0,0
2,OHT,V00313,1,1,0000,1,1031,0,1032,4,4,6PDN4064,4AFZ47-328,00000000,0000,4CSC1603_3,4AFZ47-328,50,0,0
2,OHT,V00649,1,1,0000,1,1526,300,1527,4,4,4NDNA076,4AFZ15-160,00000000,0000,4ALFE001_AO31,4AFZ15-160,50,0,0

2,OHT,V00795,1,1,0000,1,8077,300,8526,4,4,4PDMV608,4ANZ19-701,00000000,0000,4ABL3301A_OUT04,4ANZ19-701,90,0,0
2,OHT,V00564,1,1,0000,1,7907,100,7908,4,4,4PDD0270,4KCW3301_3,00000000,0000,4ANZ25-205,4KCW3301_3,50,0,0
2,OHT,V00975,1,1,0000,1,3316,100,3317,4,4,6PDB1402,4ANZ03-302,00000000,0000,4EPR5301_3,4ANZ03-302,50,0,0
2,OHT,V00313,1,1,0000,1,1031,50,1032,4,4,6PDN4064,4AFZ47-328,00000000,0000,4CSC1603_3,4AFZ47-328,50,0,0
2,OHT,V00649,1,1,0000,1,1526,350,1527,4,4,4NDNA076,4AFZ15-160,00000000,0000,4ALFE001_AO31,4AFZ15-160,50,0,0

2,OHT,V00795,1,1,0000,1,8077,350,8526,4,4,4PDMV608,4ANZ19-701,00000000,0000,4ABL3301A_OUT04,4ANZ19-701,90,0,0
2,OHT,V00564,1,1,0000,1,7907,150,7908,4,4,4PDD0270,4KCW3301_3,00000000,0000,4ANZ25-205,4KCW3301_3,50,0,0
2,OHT,V00975,1,1,0000,1,3316,150,3317,4,4,6PDB1402,4ANZ03-302,00000000,0000,4EPR5301_3,4ANZ03-302,50,0,0
2,OHT,V00313,1,1,0000,1,1031,100,1032,4,4,6PDN4064,4AFZ47-328,00000000,0000,4CSC1603_3,4AFZ47-328,50,0,0
2,OHT,V00649,1,1,0000,1,1526,400,1527,4,4,4NDNA076,4AFZ15-160,00000000,0000,4ALFE001_AO31,4AFZ15-160,50,0,0

2,OHT,V00795,1,1,0000,1,8526,0,8527,4,4,4PDMV608,4ANZ19-701,00000000,0000,4ABL3301A_OUT04,4ANZ19-701,90,0,0
2,OHT,V00564,1,1,0000,1,7907,200,7908,4,4,4PDD0270,4KCW3301_3,00000000,0000,4ANZ25-205,4KCW3301_3,50,0,0
2,OHT,V00975,1,1,0000,1,3316,200,3317,4,4,6PDB1402,4ANZ03-302,00000000,0000,4EPR5301_3,4ANZ03-302,50,0,0
2,OHT,V00313,1,1,0000,1,1031,150,1032,4,4,6PDN4064,4AFZ47-328,00000000,0000,4CSC1603_3,4AFZ47-328,50,0,0
2,OHT,V00649,1,1,0000,1,1527,0,1528,4,4,4NDNA076,4AFZ15-160,00000000,0000,4ALFE001_AO31,4AFZ15-160,50,0,0

2,OHT,V00795,1,1,0000,1,8526,50,8527,4,4,4PDMV608,4ANZ19-701,00000000,0000,4ABL3301A_OUT04,4ANZ19-701,90,0,0
2,OHT,V00564,1,1,0000,1,7907,250,7908,4,4,4PDD0270,4KCW3301_3,00000000,0000,4ANZ25-205,4KCW3301_3,50,0,0
2,OHT,V00975,1,1,0000,1,3316,250,3317,4,4,6PDB1402,4ANZ03-302,00000000,0000,4EPR5301_3,4ANZ03-302,50,0,0
2,OHT,V00313,1,1,0000,1,1031,200,1032,4,4,6PDN4064,4AFZ47-328,00000000,0000,4CSC1603_3,4AFZ47-328,50,0,0
2,OHT,V00649,1,1,0000,1,1527,50,1528,4,4,4NDNA076,4AFZ15-160,00000000,0000,4ALFE001_AO31,4AFZ15-160,50,0,0

2,OHT,V00795,1,1,0000,1,8526,100,8527,4,4,4PDMV608,4ANZ19-701,00000000,0000,4ABL3301A_OUT04,4ANZ19-701,90,0,0
2,OHT,V00564,1,1,0000,1,7907,300,7908,4,4,4PDD0270,4KCW3301_3,00000000,0000,4ANZ25-205,4KCW3301_3,50,0,0
2,OHT,V00975,1,1,0000,1,3316,300,3317,4,4,6PDB1402,4ANZ03-302,00000000,0000,4EPR5301_3,4ANZ03-302,50,0,0
2,OHT,V00313,1,1,0000,1,1031,250,1032,4,4,6PDN4064,4AFZ47-328,00000000,0000,4CSC1603_3,4AFZ47-328,50,0,0
2,OHT,V00649,1,1,0000,1,1527,100,1528,4,4,4NDNA076,4AFZ15-160,00000000,0000,4ALFE001_AO31,4AFZ15-160,50,0,0

2,OHT,V00795,1,1,0000,1,8526,150,8527,4,4,4PDMV608,4ANZ19-701,00000000,0000,4ABL3301A_OUT04,4ANZ19-701,90,0,0
2,OHT,V00564,1,1,0000,1,7907,350,7908,4,4,4PDD0270,4KCW3301_3,00000000,0000,4ANZ25-205,4KCW3301_3,50,0,0
2,OHT,V00975,1,1,0000,1,3316,350,3317,4,4,6PDB1402,4ANZ03-302,00000000,0000,4EPR5301_3,4ANZ03-302,50,0,0
2,OHT,V00313,1,1,0000,1,1031,300,1032,4,4,6PDN4064,4AFZ47-328,00000000,0000,4CSC1603_3,4AFZ47-328,50,0,0
2,OHT,V00649,1,1,0000,1,1527,150,1528,4,4,4NDNA076,4AFZ15-160,00000000,0000,4ALFE001_AO31,4AFZ15-160,50,0,0

2,OHT,V00795,1,1,0000,1,8526,200,8527,4,4,4PDMV608,4ANZ19-701,00000000,0000,4ABL3301A_OUT04,4ANZ19-701,90,0,0
2,OHT,V00564,1,1,0000,1,7908,0,7909,4,4,4PDD0270,4KCW3301_3,00000000,0000,4ANZ25-205,4KCW3301_3,50,0,0
2,OHT,V00975,1,1,0000,1,3316,400,3317,4,4,6PDB1402,4ANZ03-302,00000000,0000,4EPR5301_3,4ANZ03-302,50,0,0
2,OHT,V00313,1,1,0000,1,1031,350,1032,4,4,6PDN4064,4AFZ47-328,00000000,0000,4CSC1603_3,4AFZ47-328,50,0,0
2,OHT,V00649,1,1,0000,1,1527,200,1528,4,4,4NDNA076,4AFZ15-160,00000000,0000,4ALFE001_AO31,4AFZ15-160,50,0,0

2,OHT,V00795,1,1,0000,1,8526,250,8527,4,4,4PDMV608,4ANZ19-701,00000000,0000,4ABL3301A_OUT04,4ANZ19-701,90,0,0
2,OHT,V00564,1,1,0000,1,7908,50,7909,4,4,4PDD0270,4KCW3301_3,00000000,0000,4ANZ25-205,4KCW3301_3,50,0,0
2,OHT,V00975,1,1,0000,1,3316,450,3317,4,4,6PDB1402,4ANZ03-302,00000000,0000,4EPR5301_3,4ANZ03-302,50,0,0
2,OHT,V00313,1,1,0000,1,1031,400,1032,4,4,6PDN4064,4AFZ47-328,00000000,0000,4CSC1603_3,4AFZ47-328,50,0,0
2,OHT,V00649,1,1,0000,1,1527,250,1528,4,4,4NDNA076,4AFZ15-160,00000000,0000,4ALFE001_AO31,4AFZ15-160,50,0,0

2,OHT,V00795,1,1,0000,1,8526,300,8527,4,4,4PDMV608,4ANZ19-701,00000000,0000,4ABL3301A_OUT04,4ANZ19-701,90,0,0
2,OHT,V00564,1,1,0000,1,7908,100,7909,4,4,4PDD0270,4KCW3301_3,00000000,0000,4ANZ25-205,4KCW3301_3,50,0,0
2,OHT,V00975,1,1,0000,1,3317,0,3318,4,4,6PDB1402,4ANZ03-302,00000000,0000,4EPR5301_3,4ANZ03-302,50,0,0
2,OHT,V00313,1,1,0000,1,1031,450,1032,4,4,6PDN4064,4AFZ47-328,00000000,0000,4CSC1603_3,4AFZ47-328,50,0,0
2,OHT,V00649,1,1,0000,1,1527,300,1528,4,4,4NDNA076,4AFZ15-160,00000000,0000,4ALFE001_AO31,4AFZ15-160,50,0,0

2,OHT,V00795,1,1,0000,1,8526,350,8527,4,4,4PDMV608,4ANZ19-701,00000000,0000,4ABL3301A_OUT04,4ANZ19-701,90,0,0
2,OHT,V00564,1,1,0000,1,7908,150,7909,4,4,4PDD0270,4KCW3301_3,00000000,0000,4ANZ25-205,4KCW3301_3,50,0,0
2,OHT,V00975,1,1,0000,1,3317,50,3318,4,4,6PDB1402,4ANZ03-302,00000000,0000,4EPR5301_3,4ANZ03-302,50,0,0
2,OHT,V00313,1,1,0000,1,1032,0,1033,4,4,6PDN4064,4AFZ47-328,00000000,0000,4CSC1603_3,4AFZ47-328,50,0,0
2,OHT,V00649,1,1,0000,1,1527,350,1528,4,4,4NDNA076,4AFZ15-160,00000000,0000,4ALFE001_AO31,4AFZ15-160,50,0,0

2,OHT,V00795,1,1,0000,1,8526,400,8527,4,4,4PDMV608,4ANZ19-701,00000000,0000,4ABL3301A_OUT04,4ANZ19-701,90,0,0
2,OHT,V00564,1,1,0000,1,7908,200,7909,4,4,4PDD0270,4KCW3301_3,00000000,0000,4ANZ25-205,4KCW3301_3,50,0,0
2,OHT,V00975,1,1,0000,1,3317,100,3318,4,4,6PDB1402,4ANZ03-302,00000000,0000,4EPR5301_3,4ANZ03-302,50,0,0
2,OHT,V00313,1,1,0000,1,1032,50,1033,4,4,6PDN4064,4AFZ47-328,00000000,0000,4CSC1603_3,4AFZ47-328,50,0,0
2,OHT,V00649,1,1,0000,1,1527,400,1528,4,4,4NDNA076,4AFZ15-160,00000000,0000,4ALFE001_AO31,4AFZ15-160,50,0,0

2,OHT,V00795,1,1,0000,1,8526,450,8527,4,4,4PDMV608,4ANZ19-701,00000000,0000,4ABL3301A_OUT04,4ANZ19-701,90,0,0
2,OHT,V00564,1,1,0000,1,7908,250,7909,4,4,4PDD0270,4KCW3301_3,00000000,0000,4ANZ25-205,4KCW3301_3,50,0,0
2,OHT,V00975,1,1,0000,1,3317,150,3318,4,4,6PDB1402,4ANZ03-302,00000000,0000,4EPR5301_3,4ANZ03-302,50,0,0
2,OHT,V00313,1,1,0000,1,1032,100,1033,4,4,6PDN4064,4AFZ47-328,00000000,0000,4CSC1603_3,4AFZ47-328,50,0,0
2,OHT,V00649,1,1,0000,1,1527,450,1528,4,4,4NDNA076,4AFZ15-160,00000000,0000,4ALFE001_AO31,4AFZ15-160,50,0,0

2,OHT,V00795,1,1,0000,1,8526,500,8527,4,4,4PDMV608,4ANZ19-701,00000000,0000,4ABL3301A_OUT04,4ANZ19-701,90,0,0
2,OHT,V00564,1,1,0000,1,7908,300,7909,4,4,4PDD0270,4KCW3301_3,00000000,0000,4ANZ25-205,4KCW3301_3,50,0,0
2,OHT,V00975,1,1,0000,1,3317,200,3318,4,4,6PDB1402,4ANZ03-302,00000000,0000,4EPR5301_3,4ANZ03-302,50,0,0
2,OHT,V00313,1,1,0000,1,1032,150,1033,4,4,6PDN4064,4AFZ47-328,00000000,0000,4CSC1603_3,4AFZ47-328,50,0,0
2,OHT,V00649,1,1,0000,1,1527,500,1528,4,4,4NDNA076,4AFZ15-160,00000000,0000,4ALFE001_AO31,4AFZ15-160,50,0,0

2,OHT,V00795,1,1,0000,1,8527,0,8528,4,4,4PDMV608,4ANZ19-701,00000000,0000,4ABL3301A_OUT04,4ANZ19-701,90,0,0
2,OHT,V00564,1,1,0000,1,7908,350,7909,4,4,4PDD0270,4KCW3301_3,00000000,0000,4ANZ25-205,4KCW3301_3,50,0,0
2,OHT,V00975,1,1,0000,1,3317,250,3318,4,4,6PDB1402,4ANZ03-302,00000000,0000,4EPR5301_3,4ANZ03-302,50,0,0
2,OHT,V00313,1,1,0000,1,1032,200,1033,4,4,6PDN4064,4AFZ47-328,00000000,0000,4CSC1603_3,4AFZ47-328,50,0,0
2,OHT,V00649,1,1,0000,1,1527,550,1528,4,4,4NDNA076,4AFZ15-160,00000000,0000,4ALFE001_AO31,4AFZ15-160,50,0,0

2,OHT,V00795,1,1,0000,1,8527,50,8528,4,4,4PDMV608,4ANZ19-701,00000000,0000,4ABL3301A_OUT04,4ANZ19-701,90,0,0
2,OHT,V00564,1,1,0000,1,7909,0,7910,4,4,4PDD0270,4KCW3301_3,00000000,0000,4ANZ25-205,4KCW3301_3,50,0,0
2,OHT,V00975,1,1,0000,1,3317,300,3318,4,4,6PDB1402,4ANZ03-302,00000000,0000,4EPR5301_3,4ANZ03-302,50,0,0
2,OHT,V00313,1,1,0000,1,1032,250,1033,4,4,6PDN4064,4AFZ47-328,00000000,0000,4CSC1603_3,4AFZ47-328,50,0,0
2,OHT,V00649,1,1,0000,1,1527,600,1528,4,4,4NDNA076,4AFZ15-160,00000000,0000,4ALFE001_AO31,4AFZ15-160,50,0,0

2,OHT,V00795,1,1,0000,1,8527,100,8528,4,4,4PDMV608,4ANZ19-701,00000000,0000,4ABL3301A_OUT04,4ANZ19-701,90,0,0
2,OHT,V00564,1,1,0000,1,7909,50,7910,4,4,4PDD0270,4KCW3301_3,00000000,0000,4ANZ25-205,4KCW3301_3,50,0,0
2,OHT,V00975,1,1,0000,1,3318,0,3323,4,4,6PDB1402,4ANZ03-302,00000000,0000,4EPR5301_3,4ANZ03-302,50,0,0
2,OHT,V00313,1,1,0000,1,1033,0,1034,4,4,6PDN4064,4AFZ47-328,00000000,0000,4CSC1603_3,4AFZ47-328,50,0,0
2,OHT,V00649,1,1,0000,1,1527,650,1528,4,4,4NDNA076,4AFZ15-160,00000000,0000,4ALFE001_AO31,4AFZ15-160,50,0,0

2,OHT,V00795,1,1,0000,1,8527,150,8528,4,4,4PDMV608,4ANZ19-701,00000000,0000,4ABL3301A_OUT04,4ANZ19-701,90,0,0
2,OHT,V00564,1,1,0000,1,7909,100,7910,4,4,4PDD0270,4KCW3301_3,00000000,0000,4ANZ25-205,4KCW3301_3,50,0,0
2,OHT,V00975,1,1,0000,1,3318,50,3323,4,4,6PDB1402,4ANZ03-302,00000000,0000,4EPR5301_3,4ANZ03-302,50,0,0
2,OHT,V00313,1,1,0000,1,1033,50,1034,4,4,6PDN4064,4AFZ47-328,00000000,0000,4CSC1603_3,4AFZ47-328,50,0,0
2,OHT,V00649,1,1,0000,1,1528,0,1611,4,4,4NDNA076,4AFZ15-160,00000000,0000,4ALFE001_AO31,4AFZ15-160,50,0,0

2,OHT,V00795,1,1,0000,1,8527,200,8528,4,4,4PDMV608,4ANZ19-701,00000000,0000,4ABL3301A_OUT04,4ANZ19-701,90,0,0
2,OHT,V00564,1,1,0000,1,7909,150,7910,4,4,4PDD0270,4KCW3301_3,00000000,0000,4ANZ25-205,4KCW3301_3,50,0,0
2,OHT,V00975,1,1,0000,1,3318,100,3323,4,4,6PDB1402,4ANZ03-302,00000000,0000,4EPR5301_3,4ANZ03-302,50,0,0
2,OHT,V00313,1,1,0000,1,1033,100,1034,4,4,6PDN4064,4AFZ47-328,00000000,0000,4CSC1603_3,4AFZ47-328,50,0,0
2,OHT,V00649,1,1,0000,1,1528,50,1611,4,4,4NDNA076,4AFZ15-160,00000000,0000,4ALFE001_AO31,4AFZ15-160,50,0,0

2,OHT,V00795,1,1,0000,1,8527,250,8528,4,4,4PDMV608,4ANZ19-701,00000000,0000,4ABL3301A_OUT04,4ANZ19-701,90,0,0
2,OHT,V00564,1,1,0000,1,7909,200,7910,4,4,4PDD0270,4KCW3301_3,00000000,0000,4ANZ25-205,4KCW3301_3,50,0,0
2,OHT,V00975,1,1,0000,1,3318,150,3323,4,4,6PDB1402,4ANZ03-302,00000000,0000,4EPR5301_3,4ANZ03-302,50,0,0
2,OHT,V00313,1,1,0000,1,1033,150,1034,4,4,6PDN4064,4AFZ47-328,00000000,0000,4CSC1603_3,4AFZ47-328,50,0,0
2,OHT,V00649,1,1,0000,1,1528,100,1611,4,4,4NDNA076,4AFZ15-160,00000000,0000,4ALFE001_AO31,4AFZ15-160,50,0,0

2,OHT,V00795,1,1,0000,1,8527,300,8528,4,4,4PDMV608,4ANZ19-701,00000000,0000,4ABL3301A_OUT04,4ANZ19-701,90,0,0
2,OHT,V00564,1,1,0000,1,7909,250,7910,4,4,4PDD0270,4KCW3301_3,00000000,0000,4ANZ25-205,4KCW3301_3,50,0,0
2,OHT,V00975,1,1,0000,1,3318,200,3323,4,4,6PDB1402,4ANZ03-302,00000000,0000,4EPR5301_3,4ANZ03-302,50,0,0
2,OHT,V00313,1,1,0000,1,1033,200,1034,4,4,6PDN4064,4AFZ47-328,00000000,0000,4CSC1603_3,4AFZ47-328,50,0,0
2,OHT,V00649,1,1,0000,1,1528,150,1611,4,4,4NDNA076,4AFZ15-160,00000000,0000,4ALFE001_AO31,4AFZ15-160,50,0,0

2,OHT,V00795,1,1,0000,1,8527,350,8528,4,4,4PDMV608,4ANZ19-701,00000000,0000,4ABL3301A_OUT04,4ANZ19-701,90,0,0
2,OHT,V00564,1,1,0000,1,7909,300,7910,4,4,4PDD0270,4KCW3301_3,00000000,0000,4ANZ25-205,4KCW3301_3,50,0,0
2,OHT,V00975,1,1,0000,1,3318,250,3323,4,4,6PDB1402,4ANZ03-302,00000000,0000,4EPR5301_3,4ANZ03-302,50,0,0
2,OHT,V00313,1,1,0000,1,1033,250,1034,4,4,6PDN4064,4AFZ47-328,00000000,0000,4CSC1603_3,4AFZ47-328,50,0,0
2,OHT,V00649,1,1,0000,1,1528,200,1611,4,4,4NDNA076,4AFZ15-160,00000000,0000,4ALFE001_AO31,4AFZ15-160,50,0,0

2,OHT,V00795,1,1,0000,1,8527,400,8528,4,4,4PDMV608,4ANZ19-701,00000000,0000,4ABL3301A_OUT04,4ANZ19-701,90,0,0
2,OHT,V00564,1,1,0000,1,7909,350,7910,4,4,4PDD0270,4KCW3301_3,00000000,0000,4ANZ25-205,4KCW3301_3,50,0,0
2,OHT,V00975,1,1,0000,1,3318,300,3323,4,4,6PDB1402,4ANZ03-302,00000000,0000,4EPR5301_3,4ANZ03-302,50,0,0
2,OHT,V00313,1,1,0000,1,1033,300,1034,4,4,6PDN4064,4AFZ47-328,00000000,0000,4CSC1603_3,4AFZ47-328,50,0,0
2,OHT,V00649,1,1,0000,1,1528,250,1611,4,4,4NDNA076,4AFZ15-160,00000000,0000,4ALFE001_AO31,4AFZ15-160,50,0,0

2,OHT,V00795,1,1,0000,1,8527,450,8528,4,4,4PDMV608,4ANZ19-701,00000000,0000,4ABL3301A_OUT04,4ANZ19-701,90,0,0
2,OHT,V00564,1,1,0000,1,7909,400,7910,4,4,4PDD0270,4KCW3301_3,00000000,0000,4ANZ25-205,4KCW3301_3,50,0,0
2,OHT,V00975,1,1,0000,1,3318,350,3323,4,4,6PDB1402,4ANZ03-302,00000000,0000,4EPR5301_3,4ANZ03-302,50,0,0
2,OHT,V00313,1,1,0000,1,1033,350,1034,4,4,6PDN4064,4AFZ47-328,00000000,0000,4CSC1603_3,4AFZ47-328,50,0,0
2,OHT,V00649,1,1,0000,1,1528,300,1611,4,4,4NDNA076,4AFZ15-160,00000000,0000,4ALFE001_AO31,4AFZ15-160,50,0,0

2,OHT,V00795,1,1,0000,1,8527,500,8528,4,4,4PDMV608,4ANZ19-701,00000000,0000,4ABL3301A_OUT04,4ANZ19-701,90,0,0
2,OHT,V00564,1,1,0000,1,7909,450,7910,4,4,4PDD0270,4KCW3301_3,00000000,0000,4ANZ25-205,4KCW3301_3,50,0,0
2,OHT,V00975,1,1,0000,1,3318,400,3323,4,4,6PDB1402,4ANZ03-302,00000000,0000,4EPR5301_3,4ANZ03-302,50,0,0
2,OHT,V00313,1,1,0000,1,1034,0,1035,4,4,6PDN4064,4AFZ47-328,00000000,0000,4CSC1603_3,4AFZ47-328,50,0,0
2,OHT,V00649,1,1,0000,1,1528,350,1611,4,4,4NDNA076,4AFZ15-160,00000000,0000,4ALFE001_AO31,4AFZ15-160,50,0,0

2,OHT,V00795,1,1,0000,1,8527,550,8528,4,4,4PDMV608,4ANZ19-701,00000000,0000,4ABL3301A_OUT04,4ANZ19-701,90,0,0
2,OHT,V00564,1,1,0000,1,7910,0,7911,4,4,4PDD0270,4KCW3301_3,00000000,0000,4ANZ25-205,4KCW3301_3,50,0,0
2,OHT,V00975,1,1,0000,1,3318,450,3323,4,4,6PDB1402,4ANZ03-302,00000000,0000,4EPR5301_3,4ANZ03-302,50,0,0
2,OHT,V00313,1,1,0000,1,1034,50,1035,4,4,6PDN4064,4AFZ47-328,00000000,0000,4CSC1603_3,4AFZ47-328,50,0,0
2,OHT,V00649,1,1,0000,1,1528,400,1611,4,4,4NDNA076,4AFZ15-160,00000000,0000,4ALFE001_AO31,4AFZ15-160,50,0,0

2,OHT,V00795,1,1,0000,1,8527,600,8528,4,4,4PDMV608,4ANZ19-701,00000000,0000,4ABL3301A_OUT04,4ANZ19-701,90,0,0
2,OHT,V00564,1,1,0000,1,7910,50,7911,4,4,4PDD0270,4KCW3301_3,00000000,0000,4ANZ25-205,4KCW3301_3,50,0,0
2,OHT,V00975,1,1,0000,1,3318,500,3323,4,4,6PDB1402,4ANZ03-302,00000000,0000,4EPR5301_3,4ANZ03-302,50,0,0
2,OHT,V00313,1,1,0000,1,1034,100,1035,4,4,6PDN4064,4AFZ47-328,00000000,0000,4CSC1603_3,4AFZ47-328,50,0,0
2,OHT,V00649,1,1,0000,1,1611,0,1612,4,4,4NDNA076,4AFZ15-160,00000000,0000,4ALFE001_AO31,4AFZ15-160,50,0,0

2,OHT,V00795,1,1,0000,1,8527,650,8528,4,4,4PDMV608,4ANZ19-701,00000000,0000,4ABL3301A_OUT04,4ANZ19-701,90,0,0
2,OHT,V00564,1,1,0000,1,7910,100,7911,4,4,4PDD0270,4KCW3301_3,00000000,0000,4ANZ25-205,4KCW3301_3,50,0,0
2,OHT,V00975,1,1,0000,1,3318,550,3323,4,4,6PDB1402,4ANZ03-302,00000000,0000,4EPR5301_3,4ANZ03-302,50,0,0
2,OHT,V00313,1,1,0000,1,1034,150,1035,4,4,6PDN4064,4AFZ47-328,00000000,0000,4CSC1603_3,4AFZ47-328,50,0,0
2,OHT,V00649,1,1,0000,1,1611,50,1612,4,4,4NDNA076,4AFZ15-160,00000000,0000,4ALFE001_AO31,4AFZ15-160,50,0,0

2,OHT,V00795,1,1,0000,1,8528,0,8019,4,4,4PDMV608,4ANZ19-701,00000000,0000,4ABL3301A_OUT04,4ANZ19-701,90,0,0
2,OHT,V00564,1,1,0000,1,7910,150,7911,4,4,4PDD0270,4KCW3301_3,00000000,0000,4ANZ25-205,4KCW3301_3,50,0,0
2,OHT,V00975,1,1,0000,1,3323,0,3324,4,4,6PDB1402,4ANZ03-302,00000000,0000,4EPR5301_3,4ANZ03-302,50,0,0
2,OHT,V00313,1,1,0000,1,1034,200,1035,4,4,6PDN4064,4AFZ47-328,00000000,0000,4CSC1603_3,4AFZ47-328,50,0,0
2,OHT,V00649,1,1,0000,1,1611,100,1612,4,4,4NDNA076,4AFZ15-160,00000000,0000,4ALFE001_AO31,4AFZ15-160,50,0,0

2,OHT,V00795,1,1,0000,1,8528,50,8019,4,4,4PDMV608,4ANZ19-701,00000000,0000,4ABL3301A_OUT04,4ANZ19-701,90,0,0
2,OHT,V00564,1,1,0000,1,7910,200,7911,4,4,4PDD0270,4KCW3301_3,00000000,0000,4ANZ25-205,4KCW3301_3,50,0,0
2,OHT,V00975,1,1,0000,1,3323,50,3324,4,4,6PDB1402,4ANZ03-302,00000000,0000,4EPR5301_3,4ANZ03-302,50,0,0
2,OHT,V00313,1,1,0000,1,1034,250,1035,4,4,6PDN4064,4AFZ47-328,00000000,0000,4CSC1603_3,4AFZ47-328,50,0,0
2,OHT,V00649,1,1,0000,1,1611,150,1612,4,4,4NDNA076,4AFZ15-160,00000000,0000,4ALFE001_AO31,4AFZ15-160,50,0,0

2,OHT,V00795,1,1,0000,1,8528,100,8019,4,4,4PDMV608,4ANZ19-701,00000000,0000,4ABL3301A_OUT04,4ANZ19-701,90,0,0
2,OHT,V00564,1,1,0000,1,7910,250,7911,4,4,4PDD0270,4KCW3301_3,00000000,0000,4ANZ25-205,4KCW3301_3,50,0,0
2,OHT,V00975,1,1,0000,1,3323,100,3324,4,4,6PDB1402,4ANZ03-302,00000000,0000,4EPR5301_3,4ANZ03-302,50,0,0
2,OHT,V00313,1,1,0000,1,1034,300,1035,4,4,6PDN4064,4AFZ47-328,00000000,0000,4CSC1603_3,4AFZ47-328,50,0,0
2,OHT,V00649,1,1,0000,1,1611,200,1612,4,4,4NDNA076,4AFZ15-160,00000000,0000,4ALFE001_AO31,4AFZ15-160,50,0,0

2,OHT,V00795,1,1,0000,1,8528,150,8019,4,4,4PDMV608,4ANZ19-701,00000000,0000,4ABL3301A_OUT04,4ANZ19-701,90,0,0
2,OHT,V00564,1,1,0000,1,7910,300,7911,4,4,4PDD0270,4KCW3301_3,00000000,0000,4ANZ25-205,4KCW3301_3,50,0,0
2,OHT,V00975,1,1,0000,1,3323,150,3324,4,4,6PDB1402,4ANZ03-302,00000000,0000,4EPR5301_3,4ANZ03-302,50,0,0
2,OHT,V00313,1,1,0000,1,1034,350,1035,4,4,6PDN4064,4AFZ47-328,00000000,0000,4CSC1603_3,4AFZ47-328,50,0,0
2,OHT,V00649,1,1,0000,1,1611,250,1612,4,4,4NDNA076,4AFZ15-160,00000000,0000,4ALFE001_AO31,4AFZ15-160,50,0,0

2,OHT,V00795,1,1,0000,1,8528,200,8019,4,4,4PDMV608,4ANZ19-701,00000000,0000,4ABL3301A_OUT04,4ANZ19-701,90,0,0
2,OHT,V00564,1,1,0000,1,7910,350,7911,4,4,4PDD0270,4KCW3301_3,00000000,0000,4ANZ25-205,4KCW3301_3,50,0,0
2,OHT,V00975,1,1,0000,1,3323,200,3324,4,4,6PDB1402,4ANZ03-302,00000000,0000,4EPR5301_3,4ANZ03-302,50,0,0
2,OHT,V00313,1,1,0000,1,1034,400,1035,4,4,6PDN4064,4AFZ47-328,00000000,0000,4CSC1603_3,4AFZ47-328,50,0,0
2,OHT,V00649,1,1,0000,1,1611,300,1612,4,4,4NDNA076,4AFZ15-160,00000000,0000,4ALFE001_AO31,4AFZ15-160,50,0,0

2,OHT,V00795,1,1,0000,1,8528,250,8019,4,4,4PDMV608,4ANZ19-701,00000000,0000,4ABL3301A_OUT04,4ANZ19-701,90,0,0
2,OHT,V00564,1,1,0000,1,7910,400,7911,4,4,4PDD0270,4KCW3301_3,00000000,0000,4ANZ25-205,4KCW3301_3,50,0,0
2,OHT,V00975,1,1,0000,1,3323,250,3324,4,4,6PDB1402,4ANZ03-302,00000000,0000,4EPR5301_3,4ANZ03-302,50,0,0
2,OHT,V00313,1,1,0000,1,1034,450,1035,4,4,6PDN4064,4AFZ47-328,00000000,0000,4CSC1603_3,4AFZ47-328,50,0,0
2,OHT,V00649,1,1,0000,1,1611,350,1612,4,4,4NDNA076,4AFZ15-160,00000000,0000,4ALFE001_AO31,4AFZ15-160,50,0,0

2,OHT,V00795,1,1,0000,1,8528,300,8019,4,4,4PDMV608,4ANZ19-701,00000000,0000,4ABL3301A_OUT04,4ANZ19-701,90,0,0
2,OHT,V00564,1,1,0000,1,7910,450,7911,4,4,4PDD0270,4KCW3301_3,00000000,0000,4ANZ25-205,4KCW3301_3,50,0,0
2,OHT,V00975,1,1,0000,1,3323,300,3324,4,4,6PDB1402,4ANZ03-302,00000000,0000,4EPR5301_3,4ANZ03-302,50,0,0
2,OHT,V00313,1,1,0000,1,1034,500,1035,4,4,6PDN4064,4AFZ47-328,00000000,0000,4CSC1603_3,4AFZ47-328,50,0,0
2,OHT,V00649,1,1,0000,1,1611,400,1612,4,4,4NDNA076,4AFZ15-160,00000000,0000,4ALFE001_AO31,4AFZ15-160,50,0,0

2,OHT,V00795,1,1,0000,1,8528,350,8019,4,4,4PDMV608,4ANZ19-701,00000000,0000,4ABL3301A_OUT04,4ANZ19-701,90,0,0
2,OHT,V00564,1,1,0000,1,7910,500,7911,4,4,4PDD0270,4KCW3301_3,00000000,0000,4ANZ25-205,4KCW3301_3,50,0,0
2,OHT,V00975,1,1,0000,1,3323,350,3324,4,4,6PDB1402,4ANZ03-302,00000000,0000,4EPR5301_3,4ANZ03-302,50,0,0
2,OHT,V00313,1,1,0000,1,1034,550,1035,4,4,6PDN4064,4AFZ47-328,00000000,0000,4CSC1603_3,4AFZ47-328,50,0,0
2,OHT,V00649,1,1,0000,1,1611,450,1612,4,4,4NDNA076,4AFZ15-160,00000000,0000,4ALFE001_AO31,4AFZ15-160,50,0,0

2,OHT,V00795,1,1,0000,1,8528,400,8019,4,4,4PDMV608,4ANZ19-701,00000000,0000,4ABL3301A_OUT04,4ANZ19-701,90,0,0
2,OHT,V00564,1,1,0000,1,7910,550,7911,4,4,4PDD0270,4KCW3301_3,00000000,0000,4ANZ25-205,4KCW3301_3,50,0,0
2,OHT,V00975,1,1,0000,1,3324,0,3325,4,4,6PDB1402,4ANZ03-302,00000000,0000,4EPR5301_3,4ANZ03-302,50,0,0
2,OHT,V00313,1,1,0000,1,1035,0,1036,4,4,6PDN4064,4AFZ47-328,00000000,0000,4CSC1603_3,4AFZ47-328,50,0,0
2,OHT,V00649,1,1,0000,1,1612,0,1613,4,4,4NDNA076,4AFZ15-160,00000000,0000,4ALFE001_AO31,4AFZ15-160,50,0,0

2,OHT,V00795,1,1,0000,1,8528,450,8019,4,4,4PDMV608,4ANZ19-701,00000000,0000,4ABL3301A_OUT04,4ANZ19-701,90,0,0
2,OHT,V00564,1,1,0000,1,7910,600,7911,4,4,4PDD0270,4KCW3301_3,00000000,0000,4ANZ25-205,4KCW3301_3,50,0,0
2,OHT,V00975,1,1,0000,1,3324,50,3325,4,4,6PDB1402,4ANZ03-302,00000000,0000,4EPR5301_3,4ANZ03-302,50,0,0
2,OHT,V00313,1,1,0000,1,1035,50,1036,4,4,6PDN4064,4AFZ47-328,00000000,0000,4CSC1603_3,4AFZ47-328,50,0,0
2,OHT,V00649,1,1,0000,1,1612,50,1613,4,4,4NDNA076,4AFZ15-160,00000000,0000,4ALFE001_AO31,4AFZ15-160,50,0,0

2,OHT,V00795,1,1,0000,1,8528,500,8019,4,4,4PDMV608,4ANZ19-701,00000000,0000,4ABL3301A_OUT04,4ANZ19-701,90,0,0
2,OHT,V00564,1,1,0000,1,7910,650,7911,4,4,4PDD0270,4KCW3301_3,00000000,0000,4ANZ25-205,4KCW3301_3,50,0,0
2,OHT,V00975,1,1,0000,1,3324,100,3325,4,4,6PDB1402,4ANZ03-302,00000000,0000,4EPR5301_3,4ANZ03-302,50,0,0
2,OHT,V00313,1,1,0000,1,1035,100,1036,4,4,6PDN4064,4AFZ47-328,00000000,0000,4CSC1603_3,4AFZ47-328,50,0,0
2,OHT,V00649,1,1,0000,1,1612,100,1613,4,4,4NDNA076,4AFZ15-160,00000000,0000,4ALFE001_AO31,4AFZ15-160,50,0,0

2,OHT,V00795,1,1,0000,1,8528,550,8019,4,4,4PDMV608,4ANZ19-701,00000000,0000,4ABL3301A_OUT04,4ANZ19-701,90,0,0
2,OHT,V00564,1,1,0000,1,7911,0,7912,4,4,4PDD0270,4KCW3301_3,00000000,0000,4ANZ25-205,4KCW3301_3,50,0,0
2,OHT,V00975,1,1,0000,1,3324,150,3325,4,4,6PDB1402,4ANZ03-302,00000000,0000,4EPR5301_3,4ANZ03-302,50,0,0
2,OHT,V00313,1,1,0000,1,1035,150,1036,4,4,6PDN4064,4AFZ47-328,00000000,0000,4CSC1603_3,4AFZ47-328,50,0,0
2,OHT,V00649,1,1,0000,1,1612,150,1613,4,4,4NDNA076,4AFZ15-160,00000000,0000,4ALFE001_AO31,4AFZ15-160,50,0,0

2,OHT,V00795,1,1,0000,1,8528,600,8019,4,4,4PDMV608,4ANZ19-701,00000000,0000,4ABL3301A_OUT04,4ANZ19-701,90,0,0
2,OHT,V00564,1,1,0000,1,7911,50,7912,4,4,4PDD0270,4KCW3301_3,00000000,0000,4ANZ25-205,4KCW3301_3,50,0,0
2,OHT,V00975,1,1,0000,1,3324,200,3325,4,4,6PDB1402,4ANZ03-302,00000000,0000,4EPR5301_3,4ANZ03-302,50,0,0
2,OHT,V00313,1,1,0000,1,1035,200,1036,4,4,6PDN4064,4AFZ47-328,00000000,0000,4CSC1603_3,4AFZ47-328,50,0,0
2,OHT,V00649,1,1,0000,1,1612,200,1613,4,4,4NDNA076,4AFZ15-160,00000000,0000,4ALFE001_AO31,4AFZ15-160,50,0,0

2,OHT,V00795,1,1,0000,1,8528,650,8019,4,4,4PDMV608,4ANZ19-701,00000000,0000,4ABL3301A_OUT04,4ANZ19-701,90,0,0
2,OHT,V00564,1,1,0000,1,7911,100,7912,4,4,4PDD0270,4KCW3301_3,00000000,0000,4ANZ25-205,4KCW3301_3,50,0,0
2,OHT,V00975,1,1,0000,1,3324,250,3325,4,4,6PDB1402,4ANZ03-302,00000000,0000,4EPR5301_3,4ANZ03-302,50,0,0
2,OHT,V00313,1,1,0000,1,1035,250,1036,4,4,6PDN4064,4AFZ47-328,00000000,0000,4CSC1603_3,4AFZ47-328,50,0,0
2,OHT,V00649,1,1,0000,1,1612,250,1613,4,4,4NDNA076,4AFZ15-160,00000000,0000,4ALFE001_AO31,4AFZ15-160,50,0,0

2,OHT,V00795,1,1,0000,1,8019,0,8020,4,4,4PDMV608,4ANZ19-701,00000000,0000,4ABL3301A_OUT04,4ANZ19-701,90,0,0
2,OHT,V00564,1,1,0000,1,7911,150,7912,4,4,4PDD0270,4KCW3301_3,00000000,0000,4ANZ25-205,4KCW3301_3,50,0,0
2,OHT,V00975,1,1,0000,1,3324,300,3325,4,4,6PDB1402,4ANZ03-302,00000000,0000,4EPR5301_3,4ANZ03-302,50,0,0
2,OHT,V00313,1,1,0000,1,1035,300,1036,4,4,6PDN4064,4AFZ47-328,00000000,0000,4CSC1603_3,4AFZ47-328,50,0,0
2,OHT,V00649,1,1,0000,1,1612,300,1613,4,4,4NDNA076,4AFZ15-160,00000000,0000,4ALFE001_AO31,4AFZ15-160,50,0,0

2,OHT,V00795,1,1,0000,1,8019,50,8020,4,4,4PDMV608,4ANZ19-701,00000000,0000,4ABL3301A_OUT04,4ANZ19-701,90,0,0
2,OHT,V00564,1,1,0000,1,7911,200,7912,4,4,4PDD0270,4KCW3301_3,00000000,0000,4ANZ25-205,4KCW3301_3,50,0,0
2,OHT,V00975,1,1,0000,1,3324,350,3325,4,4,6PDB1402,4ANZ03-302,00000000,0000,4EPR5301_3,4ANZ03-302,50,0,0
2,OHT,V00313,1,1,0000,1,1035,350,1036,4,4,6PDN4064,4AFZ47-328,00000000,0000,4CSC1603_3,4AFZ47-328,50,0,0
2,OHT,V00649,1,1,0000,1,1612,350,1613,4,4,4NDNA076,4AFZ15-160,00000000,0000,4ALFE001_AO31,4AFZ15-160,50,0,0

2,OHT,V00795,1,1,0000,1,8019,100,8020,4,4,4PDMV608,4ANZ19-701,00000000,0000,4ABL3301A_OUT04,4ANZ19-701,90,0,0
2,OHT,V00564,1,1,0000,1,7911,250,7912,4,4,4PDD0270,4KCW3301_3,00000000,0000,4ANZ25-205,4KCW3301_3,50,0,0
2,OHT,V00975,1,1,0000,1,3325,0,3326,4,4,6PDB1402,4ANZ03-302,00000000,0000,4EPR5301_3,4ANZ03-302,50,0,0
2,OHT,V00313,1,1,0000,1,1035,400,1036,4,4,6PDN4064,4AFZ47-328,00000000,0000,4CSC1603_3,4AFZ47-328,50,0,0
2,OHT,V00649,1,1,0000,1,1612,400,1613,4,4,4NDNA076,4AFZ15-160,00000000,0000,4ALFE001_AO31,4AFZ15-160,50,0,0

2,OHT,V00795,1,1,0000,1,8019,150,8020,4,4,4PDMV608,4ANZ19-701,00000000,0000,4ABL3301A_OUT04,4ANZ19-701,90,0,0
2,OHT,V00564,1,1,0000,1,7911,300,7912,4,4,4PDD0270,4KCW3301_3,00000000,0000,4ANZ25-205,4KCW3301_3,50,0,0
2,OHT,V00975,1,1,0000,1,3325,50,3326,4,4,6PDB1402,4ANZ03-302,00000000,0000,4EPR5301_3,4ANZ03-302,50,0,0
2,OHT,V00313,1,1,0000,1,1035,450,1036,4,4,6PDN4064,4AFZ47-328,00000000,0000,4CSC1603_3,4AFZ47-328,50,0,0
2,OHT,V00649,1,1,0000,1,1612,450,1613,4,4,4NDNA076,4AFZ15-160,00000000,0000,4ALFE001_AO31,4AFZ15-160,50,0,0

2,OHT,V00795,1,1,0000,1,8019,200,8020,4,4,4PDMV608,4ANZ19-701,00000000,0000,4ABL3301A_OUT04,4ANZ19-701,90,0,0
2,OHT,V00564,1,1,0000,1,7911,350,7912,4,4,4PDD0270,4KCW3301_3,00000000,0000,4ANZ25-205,4KCW3301_3,50,0,0
2,OHT,V00975,1,1,0000,1,3325,100,3326,4,4,6PDB1402,4ANZ03-302,00000000,0000,4EPR5301_3,4ANZ03-302,50,0,0
2,OHT,V00313,1,1,0000,1,1035,500,1036,4,4,6PDN4064,4AFZ47-328,00000000,0000,4CSC1603_3,4AFZ47-328,50,0,0
2,OHT,V00649,1,1,0000,1,1612,500,1613,4,4,4NDNA076,4AFZ15-160,00000000,0000,4ALFE001_AO31,4AFZ15-160,50,0,0

2,OHT,V00795,1,1,0000,1,8019,250,8020,4,4,4PDMV608,4ANZ19-701,00000000,0000,4ABL3301A_OUT04,4ANZ19-701,90,0,0
2,OHT,V00564,1,1,0000,1,7911,400,7912,4,4,4PDD0270,4KCW3301_3,00000000,0000,4ANZ25-205,4KCW3301_3,50,0,0
2,OHT,V00975,1,1,0000,1,3325,150,3326,4,4,6PDB1402,4ANZ03-302,00000000,0000,4EPR5301_3,4ANZ03-302,50,0,0
2,OHT,V00313,1,1,0000,1,1035,550,1036,4,4,6PDN4064,4AFZ47-328,00000000,0000,4CSC1603_3,4AFZ47-328,50,0,0
2,OHT,V00649,1,1,0000,1,1612,550,1613,4,4,4NDNA076,4AFZ15-160,00000000,0000,4ALFE001_AO31,4AFZ15-160,50,0,0

2,OHT,V00795,1,1,0000,1,8019,300,8020,4,4,4PDMV608,4ANZ19-701,00000000,0000,4ABL3301A_OUT04,4ANZ19-701,90,0,0
2,OHT,V00564,1,1,0000,1,7911,450,7912,4,4,4PDD0270,4KCW3301_3,00000000,0000,4ANZ25-205,4KCW3301_3,50,0,0
2,OHT,V00975,1,1,0000,1,3325,200,3326,4,4,6PDB1402,4ANZ03-302,00000000,0000,4EPR5301_3,4ANZ03-302,50,0,0
2,OHT,V00313,1,1,0000,1,1035,600,1036,4,4,6PDN4064,4AFZ47-328,00000000,0000,4CSC1603_3,4AFZ47-328,50,0,0
2,OHT,V00649,1,1,0000,1,1612,600,1613,4,4,4NDNA076,4AFZ15-160,00000000,0000,4ALFE001_AO31,4AFZ15-160,50,0,0

2,OHT,V00795,1,1,0000,1,8019,350,8020,4,4,4PDMV608,4ANZ19-701,00000000,0000,4ABL3301A_OUT04,4ANZ19-701,90,0,0
2,OHT,V00564,1,1,0000,1,7911,500,7912,4,4,4PDD0270,4KCW3301_3,00000000,0000,4ANZ25-205,4KCW3301_3,50,0,0
2,OHT,V00975,1,1,0000,1,3325,250,3326,4,4,6PDB1402,4ANZ03-302,00000000,0000,4EPR5301_3,4ANZ03-302,50,0,0
2,OHT,V00313,1,1,0000,1,1035,650,1036,4,4,6PDN4064,4AFZ47-328,00000000,0000,4CSC1603_3,4AFZ47-328,50,0,0
2,OHT,V00649,1,1,0000,1,1612,650,1613,4,4,4NDNA076,4AFZ15-160,00000000,0000,4ALFE001_AO31,4AFZ15-160,50,0,0

2,OHT,V00795,1,1,0000,1,8019,400,8020,4,4,4PDMV608,4ANZ19-701,00000000,0000,4ABL3301A_OUT04,4ANZ19-701,90,0,0
2,OHT,V00564,1,1,0000,1,7911,550,7912,4,4,4PDD0270,4KCW3301_3,00000000,0000,4ANZ25-205,4KCW3301_3,50,0,0
2,OHT,V00975,1,1,0000,1,3325,300,3326,4,4,6PDB1402,4ANZ03-302,00000000,0000,4EPR5301_3,4ANZ03-302,50,0,0
2,OHT,V00313,1,1,0000,1,1036,0,1037,4,4,6PDN4064,4AFZ47-328,00000000,0000,4CSC1603_3,4AFZ47-328,50,0,0
2,OHT,V00649,1,1,0000,1,1612,700,1613,4,4,4NDNA076,4AFZ15-160,00000000,0000,4ALFE001_AO31,4AFZ15-160,50,0,0

2,OHT,V00795,1,1,0000,1,8019,450,8020,4,4,4PDMV608,4ANZ19-701,00000000,0000,4ABL3301A_OUT04,4ANZ19-701,90,0,0
2,OHT,V00564,1,1,0000,1,7912,0,8524,4,4,4PDD0270,4KCW3301_3,00000000,0000,4ANZ25-205,4KCW3301_3,50,0,0
2,OHT,V00975,1,1,0000,1,3325,350,3326,4,4,6PDB1402,4ANZ03-302,00000000,0000,4EPR5301_3,4ANZ03-302,50,0,0
2,OHT,V00313,1,1,0000,1,1036,50,1037,4,4,6PDN4064,4AFZ47-328,00000000,0000,4CSC1603_3,4AFZ47-328,50,0,0
2,OHT,V00649,1,1,0000,1,1613,0,1614,4,4,4NDNA076,4AFZ15-160,00000000,0000,4ALFE001_AO31,4AFZ15-160,50,0,0

2,OHT,V00795,1,1,0000,1,8020,0,8021,4,4,4PDMV608,4ANZ19-701,00000000,0000,4ABL3301A_OUT04,4ANZ19-701,90,0,0
2,OHT,V00564,1,1,0000,1,7912,50,8524,4,4,4PDD0270,4KCW3301_3,00000000,0000,4ANZ25-205,4KCW3301_3,50,0,0
2,OHT,V00975,1,1,0000,1,3325,400,3326,4,4,6PDB1402,4ANZ03-302,00000000,0000,4EPR5301_3,4ANZ03-302,50,0,0
2,OHT,V00313,1,1,0000,1,1036,100,1037,4,4,6PDN4064,4AFZ47-328,00000000,0000,4CSC1603_3,4AFZ47-328,50,0,0
2,OHT,V00649,1,1,0000,1,1613,50,1614,4,4,4NDNA076,4AFZ15-160,00000000,0000,4ALFE001_AO31,4AFZ15-160,50,0,0

2,OHT,V00795,1,1,0000,1,8020,50,8021,4,4,4PDMV608,4ANZ19-701,00000000,0000,4ABL3301A_OUT04,4ANZ19-701,90,0,0
2,OHT,V00564,1,1,0000,1,7912,100,8524,4,4,4PDD0270,4KCW3301_3,00000000,0000,4ANZ25-205,4KCW3301_3,50,0,0
2,OHT,V00975,1,1,0000,1,3325,450,3326,4,4,6PDB1402,4ANZ03-302,00000000,0000,4EPR5301_3,4ANZ03-302,50,0,0
2,OHT,V00313,1,1,0000,1,1036,150,1037,4,4,6PDN4064,4AFZ47-328,00000000,0000,4CSC1603_3,4AFZ47-328,50,0,0
2,OHT,V00649,1,1,0000,1,1613,100,1614,4,4,4NDNA076,4AFZ15-160,00000000,0000,4ALFE001_AO31,4AFZ15-160,50,0,0

2,OHT,V00795,1,1,0000,1,8020,100,8021,4,4,4PDMV608,4ANZ19-701,00000000,0000,4ABL3301A_OUT04,4ANZ19-701,90,0,0
2,OHT,V00564,1,1,0000,1,7912,150,8524,4,4,4PDD0270,4KCW3301_3,00000000,0000,4ANZ25-205,4KCW3301_3,50,0,0
2,OHT,V00975,1,1,0000,1,3325,500,3326,4,4,6PDB1402,4ANZ03-302,00000000,0000,4EPR5301_3,4ANZ03-302,50,0,0
2,OHT,V00313,1,1,0000,1,1036,200,1037,4,4,6PDN4064,4AFZ47-328,00000000,0000,4CSC1603_3,4AFZ47-328,50,0,0
2,OHT,V00649,1,1,0000,1,1613,150,1614,4,4,4NDNA076,4AFZ15-160,00000000,0000,4ALFE001_AO31,4AFZ15-160,50,0,0

2,OHT,V00795,1,1,0000,1,8020,150,8021,4,4,4PDMV608,4ANZ19-701,00000000,0000,4ABL3301A_OUT04,4ANZ19-701,90,0,0
2,OHT,V00564,1,1,0000,1,7912,200,8524,4,4,4PDD0270,4KCW3301_3,00000000,0000,4ANZ25-205,4KCW3301_3,50,0,0
2,OHT,V00975,1,1,0000,1,3325,550,3326,4,4,6PDB1402,4ANZ03-302,00000000,0000,4EPR5301_3,4ANZ03-302,50,0,0
2,OHT,V00313,1,1,0000,1,1036,250,1037,4,4,6PDN4064,4AFZ47-328,00000000,0000,4CSC1603_3,4AFZ47-328,50,0,0
2,OHT,V00649,1,1,0000,1,1613,200,1614,4,4,4NDNA076,4AFZ15-160,00000000,0000,4ALFE001_AO31,4AFZ15-160,50,0,0

2,OHT,V00795,1,1,0000,1,8020,200,8021,4,4,4PDMV608,4ANZ19-701,00000000,0000,4ABL3301A_OUT04,4ANZ19-701,90,0,0
2,OHT,V00564,1,1,0000,1,7912,250,8524,4,4,4PDD0270,4KCW3301_3,00000000,0000,4ANZ25-205,4KCW3301_3,50,0,0
2,OHT,V00975,1,1,0000,1,3326,0,3327,4,4,6PDB1402,4ANZ03-302,00000000,0000,4EPR5301_3,4ANZ03-302,50,0,0
2,OHT,V00313,1,1,0000,1,1036,300,1037,4,4,6PDN4064,4AFZ47-328,00000000,0000,4CSC1603_3,4AFZ47-328,50,0,0
2,OHT,V00649,1,1,0000,1,1613,250,1614,4,4,4NDNA076,4AFZ15-160,00000000,0000,4ALFE001_AO31,4AFZ15-160,50,0,0

2,OHT,V00795,1,1,0000,1,8020,250,8021,4,4,4PDMV608,4ANZ19-701,00000000,0000,4ABL3301A_OUT04,4ANZ19-701,90,0,0
2,OHT,V00564,1,1,0000,1,7912,300,8524,4,4,4PDD0270,4KCW3301_3,00000000,0000,4ANZ25-205,4KCW3301_3,50,0,0
2,OHT,V00975,1,1,0000,1,3326,50,3327,4,4,6PDB1402,4ANZ03-302,00000000,0000,4EPR5301_3,4ANZ03-302,50,0,0
2,OHT,V00313,1,1,0000,1,1036,350,1037,4,4,6PDN4064,4AFZ47-328,00000000,0000,4CSC1603_3,4AFZ47-328,50,0,0
2,OHT,V00649,1,1,0000,1,1614,0,1615,4,4,4NDNA076,4AFZ15-160,00000000,0000,4ALFE001_AO31,4AFZ15-160,50,0,0

2,OHT,V00795,1,1,0000,1,8020,300,8021,4,4,4PDMV608,4ANZ19-701,00000000,0000,4ABL3301A_OUT04,4ANZ19-701,90,0,0
2,OHT,V00564,1,1,0000,1,7912,350,8524,4,4,4PDD0270,4KCW3301_3,00000000,0000,4ANZ25-205,4KCW3301_3,50,0,0
2,OHT,V00975,1,1,0000,1,3326,100,3327,4,4,6PDB1402,4ANZ03-302,00000000,0000,4EPR5301_3,4ANZ03-302,50,0,0
2,OHT,V00313,1,1,0000,1,1036,400,1037,4,4,6PDN4064,4AFZ47-328,00000000,0000,4CSC1603_3,4AFZ47-328,50,0,0
2,OHT,V00649,1,1,0000,1,1614,50,1615,4,4,4NDNA076,4AFZ15-160,00000000,0000,4ALFE001_AO31,4AFZ15-160,50,0,0

2,OHT,V00795,1,1,0000,1,8020,350,8021,4,4,4PDMV608,4ANZ19-701,00000000,0000,4ABL3301A_OUT04,4ANZ19-701,90,0,0
2,OHT,V00564,1,1,0000,1,7912,400,8524,4,4,4PDD0270,4KCW3301_3,00000000,0000,4ANZ25-205,4KCW3301_3,50,0,0
2,OHT,V00975,1,1,0000,1,3326,150,3327,4,4,6PDB1402,4ANZ03-302,00000000,0000,4EPR5301_3,4ANZ03-302,50,0,0
2,OHT,V00313,1,1,0000,1,1036,450,1037,4,4,6PDN4064,4AFZ47-328,00000000,0000,4CSC1603_3,4AFZ47-328,50,0,0
2,OHT,V00649,1,1,0000,1,1614,100,1615,4,4,4NDNA076,4AFZ15-160,00000000,0000,4ALFE001_AO31,4AFZ15-160,50,0,0

2,OHT,V00795,1,1,0000,1,8020,400,8021,4,4,4PDMV608,4ANZ19-701,00000000,0000,4ABL3301A_OUT04,4ANZ19-701,90,0,0
2,OHT,V00564,1,1,0000,1,7912,450,8524,4,4,4PDD0270,4KCW3301_3,00000000,0000,4ANZ25-205,4KCW3301_3,50,0,0
2,OHT,V00975,1,1,0000,1,3326,200,3327,4,4,6PDB1402,4ANZ03-302,00000000,0000,4EPR5301_3,4ANZ03-302,50,0,0
2,OHT,V00313,1,1,0000,1,1036,500,1037,4,4,6PDN4064,4AFZ47-328,00000000,0000,4CSC1603_3,4AFZ47-328,50,0,0
2,OHT,V00649,1,1,0000,1,1614,150,1615,4,4,4NDNA076,4AFZ15-160,00000000,0000,4ALFE001_AO31,4AFZ15-160,50,0,0

2,OHT,V00795,1,1,0000,1,8020,450,8021,4,4,4PDMV608,4ANZ19-701,00000000,0000,4ABL3301A_OUT04,4ANZ19-701,90,0,0
2,OHT,V00564,1,1,0000,1,8524,0,7913,4,4,4PDD0270,4KCW3301_3,00000000,0000,4ANZ25-205,4KCW3301_3,50,0,0
2,OHT,V00975,1,1,0000,1,3326,250,3327,4,4,6PDB1402,4ANZ03-302,00000000,0000,4EPR5301_3,4ANZ03-302,50,0,0
2,OHT,V00313,1,1,0000,1,1037,0,1038,4,4,6PDN4064,4AFZ47-328,00000000,0000,4CSC1603_3,4AFZ47-328,50,0,0
2,OHT,V00649,1,1,0000,1,1614,200,1615,4,4,4NDNA076,4AFZ15-160,00000000,0000,4ALFE001_AO31,4AFZ15-160,50,0,0

2,OHT,V00795,1,1,0000,1,8020,500,8021,4,4,4PDMV608,4ANZ19-701,00000000,0000,4ABL3301A_OUT04,4ANZ19-701,90,0,0
2,OHT,V00564,1,1,0000,1,8524,50,7913,4,4,4PDD0270,4KCW3301_3,00000000,0000,4ANZ25-205,4KCW3301_3,50,0,0
2,OHT,V00975,1,1,0000,1,3326,300,3327,4,4,6PDB1402,4ANZ03-302,00000000,0000,4EPR5301_3,4ANZ03-302,50,0,0
2,OHT,V00313,1,1,0000,1,1037,50,1038,4,4,6PDN4064,4AFZ47-328,00000000,0000,4CSC1603_3,4AFZ47-328,50,0,0
2,OHT,V00649,1,1,0000,1,1614,250,1615,4,4,4NDNA076,4AFZ15-160,00000000,0000,4ALFE001_AO31,4AFZ15-160,50,0,0

2,OHT,V00795,1,1,0000,1,8020,550,8021,4,4,4PDMV608,4ANZ19-701,00000000,0000,4ABL3301A_OUT04,4ANZ19-701,90,0,0
2,OHT,V00564,1,1,0000,1,8524,100,7913,4,4,4PDD0270,4KCW3301_3,00000000,0000,4ANZ25-205,4KCW3301_3,50,0,0
2,OHT,V00975,1,1,0000,1,3326,350,3327,4,4,6PDB1402,4ANZ03-302,00000000,0000,4EPR5301_3,4ANZ03-302,50,0,0
2,OHT,V00313,1,1,0000,1,1037,100,1038,4,4,6PDN4064,4AFZ47-328,00000000,0000,4CSC1603_3,4AFZ47-328,50,0,0
2,OHT,V00649,1,1,0000,1,1614,300,1615,4,4,4NDNA076,4AFZ15-160,00000000,0000,4ALFE001_AO31,4AFZ15-160,50,0,0

2,OHT,V00795,1,1,0000,1,8021,0,8022,4,4,4PDMV608,4ANZ19-701,00000000,0000,4ABL3301A_OUT04,4ANZ19-701,90,0,0
2,OHT,V00564,1,1,0000,1,8524,150,7913,4,4,4PDD0270,4KCW3301_3,00000000,0000,4ANZ25-205,4KCW3301_3,50,0,0
2,OHT,V00975,1,1,0000,1,3326,400,3327,4,4,6PDB1402,4ANZ03-302,00000000,0000,4EPR5301_3,4ANZ03-302,50,0,0
2,OHT,V00313,1,1,0000,1,1037,150,1038,4,4,6PDN4064,4AFZ47-328,00000000,0000,4CSC1603_3,4AFZ47-328,50,0,0
2,OHT,V00649,1,1,0000,1,1614,350,1615,4,4,4NDNA076,4AFZ15-160,00000000,0000,4ALFE001_AO31,4AFZ15-160,50,0,0

2,OHT,V00795,1,1,0000,1,8021,50,8022,4,4,4PDMV608,4ANZ19-701,00000000,0000,4ABL3301A_OUT04,4ANZ19-701,90,0,0
2,OHT,V00564,1,1,0000,1,8524,200,7913,4,4,4PDD0270,4KCW3301_3,00000000,0000,4ANZ25-205,4KCW3301_3,50,0,0
2,OHT,V00975,1,1,0000,1,3326,450,3327,4,4,6PDB1402,4ANZ03-302,00000000,0000,4EPR5301_3,4ANZ03-302,50,0,0
2,OHT,V00313,1,1,0000,1,1037,200,1038,4,4,6PDN4064,4AFZ47-328,00000000,0000,4CSC1603_3,4AFZ47-328,50,0,0
2,OHT,V00649,1,1,0000,1,1615,0,1616,4,4,4NDNA076,4AFZ15-160,00000000,0000,4ALFE001_AO31,4AFZ15-160,50,0,0

2,OHT,V00795,1,1,0000,1,8021,100,8022,4,4,4PDMV608,4ANZ19-701,00000000,0000,4ABL3301A_OUT04,4ANZ19-701,90,0,0
2,OHT,V00564,1,1,0000,1,8524,250,7913,4,4,4PDD0270,4KCW3301_3,00000000,0000,4ANZ25-205,4KCW3301_3,50,0,0
2,OHT,V00975,1,1,0000,1,3326,500,3327,4,4,6PDB1402,4ANZ03-302,00000000,0000,4EPR5301_3,4ANZ03-302,50,0,0
2,OHT,V00313,1,1,0000,1,1037,250,1038,4,4,6PDN4064,4AFZ47-328,00000000,0000,4CSC1603_3,4AFZ47-328,50,0,0
2,OHT,V00649,1,1,0000,1,1615,50,1616,4,4,4NDNA076,4AFZ15-160,00000000,0000,4ALFE001_AO31,4AFZ15-160,50,0,0

2,OHT,V00795,1,1,0000,1,8021,150,8022,4,4,4PDMV608,4ANZ19-701,00000000,0000,4ABL3301A_OUT04,4ANZ19-701,90,0,0
2,OHT,V00564,1,1,0000,1,8524,300,7913,4,4,4PDD0270,4KCW3301_3,00000000,0000,4ANZ25-205,4KCW3301_3,50,0,0
2,OHT,V00975,1,1,0000,1,3326,550,3327,4,4,6PDB1402,4ANZ03-302,00000000,0000,4EPR5301_3,4ANZ03-302,50,0,0
2,OHT,V00313,1,1,0000,1,1037,300,1038,4,4,6PDN4064,4AFZ47-328,00000000,0000,4CSC1603_3,4AFZ47-328,50,0,0
2,OHT,V00649,1,1,0000,1,1615,100,1616,4,4,4NDNA076,4AFZ15-160,00000000,0000,4ALFE001_AO31,4AFZ15-160,50,0,0

2,OHT,V00795,1,1,0000,1,8021,200,8022,4,4,4PDMV608,4ANZ19-701,00000000,0000,4ABL3301A_OUT04,4ANZ19-701,90,0,0
2,OHT,V00564,1,1,0000,1,8524,350,7913,4,4,4PDD0270,4KCW3301_3,00000000,0000,4ANZ25-205,4KCW3301_3,50,0,0
2,OHT,V00975,1,1,0000,1,3326,600,3327,4,4,6PDB1402,4ANZ03-302,00000000,0000,4EPR5301_3,4ANZ03-302,50,0,0
2,OHT,V00313,1,1,0000,1,1037,350,1038,4,4,6PDN4064,4AFZ47-328,00000000,0000,4CSC1603_3,4AFZ47-328,50,0,0
2,OHT,V00649,1,1,0000,1,1615,150,1616,4,4,4NDNA076,4AFZ15-160,00000000,0000,4ALFE001_AO31,4AFZ15-160,50,0,0

2,OHT,V00795,1,1,0000,1,8021,250,8022,4,4,4PDMV608,4ANZ19-701,00000000,0000,4ABL3301A_OUT04,4ANZ19-701,90,0,0
2,OHT,V00564,1,1,0000,1,8524,400,7913,4,4,4PDD0270,4KCW3301_3,00000000,0000,4ANZ25-205,4KCW3301_3,50,0,0
2,OHT,V00975,1,1,0000,1,3326,650,3327,4,4,6PDB1402,4ANZ03-302,00000000,0000,4EPR5301_3,4ANZ03-302,50,0,0
2,OHT,V00313,1,1,0000,1,1037,400,1038,4,4,6PDN4064,4AFZ47-328,00000000,0000,4CSC1603_3,4AFZ47-328,50,0,0
2,OHT,V00649,1,1,0000,1,1615,200,1616,4,4,4NDNA076,4AFZ15-160,00000000,0000,4ALFE001_AO31,4AFZ15-160,50,0,0

2,OHT,V00795,1,1,0000,1,8021,300,8022,4,4,4PDMV608,4ANZ19-701,00000000,0000,4ABL3301A_OUT04,4ANZ19-701,90,0,0
2,OHT,V00564,1,1,0000,1,7913,0,7914,4,4,4PDD0270,4KCW3301_3,00000000,0000,4ANZ25-205,4KCW3301_3,50,0,0
2,OHT,V00975,1,1,0000,1,3327,0,3350,4,4,6PDB1402,4ANZ03-302,00000000,0000,4EPR5301_3,4ANZ03-302,50,0,0
2,OHT,V00313,1,1,0000,1,1037,450,1038,4,4,6PDN4064,4AFZ47-328,00000000,0000,4CSC1603_3,4AFZ47-328,50,0,0
2,OHT,V00649,1,1,0000,1,1615,250,1616,4,4,4NDNA076,4AFZ15-160,00000000,0000,4ALFE001_AO31,4AFZ15-160,50,0,0

2,OHT,V00795,1,1,0000,1,8021,350,8022,4,4,4PDMV608,4ANZ19-701,00000000,0000,4ABL3301A_OUT04,4ANZ19-701,90,0,0
2,OHT,V00564,1,1,0000,1,7913,50,7914,4,4,4PDD0270,4KCW3301_3,00000000,0000,4ANZ25-205,4KCW3301_3,50,0,0
2,OHT,V00975,1,1,0000,1,3327,50,3350,4,4,6PDB1402,4ANZ03-302,00000000,0000,4EPR5301_3,4ANZ03-302,50,0,0
2,OHT,V00313,1,1,0000,1,1038,0,1039,4,4,6PDN4064,4AFZ47-328,00000000,0000,4CSC1603_3,4AFZ47-328,50,0,0
2,OHT,V00649,1,1,0000,1,1615,300,1616,4,4,4NDNA076,4AFZ15-160,00000000,0000,4ALFE001_AO31,4AFZ15-160,50,0,0

2,OHT,V00795,1,1,0000,1,8022,0,8023,4,4,4PDMV608,4ANZ19-701,00000000,0000,4ABL3301A_OUT04,4ANZ19-701,90,0,0
2,OHT,V00564,1,1,0000,1,7913,100,7914,4,4,4PDD0270,4KCW3301_3,00000000,0000,4ANZ25-205,4KCW3301_3,50,0,0
2,OHT,V00975,1,1,0000,1,3327,100,3350,4,4,6PDB1402,4ANZ03-302,00000000,0000,4EPR5301_3,4ANZ03-302,50,0,0
2,OHT,V00313,1,1,0000,1,1038,50,1039,4,4,6PDN4064,4AFZ47-328,00000000,0000,4CSC1603_3,4AFZ47-328,50,0,0
2,OHT,V00649,1,1,0000,1,1615,350,1616,4,4,4NDNA076,4AFZ15-160,00000000,0000,4ALFE001_AO31,4AFZ15-160,50,0,0

2,OHT,V00795,1,1,0000,1,8022,50,8023,4,4,4PDMV608,4ANZ19-701,00000000,0000,4ABL3301A_OUT04,4ANZ19-701,90,0,0
2,OHT,V00564,1,1,0000,1,7913,150,7914,4,4,4PDD0270,4KCW3301_3,00000000,0000,4ANZ25-205,4KCW3301_3,50,0,0
2,OHT,V00975,1,1,0000,1,3327,150,3350,4,4,6PDB1402,4ANZ03-302,00000000,0000,4EPR5301_3,4ANZ03-302,50,0,0
2,OHT,V00313,1,1,0000,1,1038,100,1039,4,4,6PDN4064,4AFZ47-328,00000000,0000,4CSC1603_3,4AFZ47-328,50,0,0
2,OHT,V00649,1,1,0000,1,1615,400,1616,4,4,4NDNA076,4AFZ15-160,00000000,0000,4ALFE001_AO31,4AFZ15-160,50,0,0

2,OHT,V00795,1,1,0000,1,8022,100,8023,4,4,4PDMV608,4ANZ19-701,00000000,0000,4ABL3301A_OUT04,4ANZ19-701,90,0,0
2,OHT,V00564,1,1,0000,1,7913,200,7914,4,4,4PDD0270,4KCW3301_3,00000000,0000,4ANZ25-205,4KCW3301_3,50,0,0
2,OHT,V00975,1,1,0000,1,3327,200,3350,4,4,6PDB1402,4ANZ03-302,00000000,0000,4EPR5301_3,4ANZ03-302,50,0,0
2,OHT,V00313,1,1,0000,1,1038,150,1039,4,4,6PDN4064,4AFZ47-328,00000000,0000,4CSC1603_3,4AFZ47-328,50,0,0
2,OHT,V00649,1,1,0000,1,1615,450,1616,4,4,4NDNA076,4AFZ15-160,00000000,0000,4ALFE001_AO31,4AFZ15-160,50,0,0

2,OHT,V00795,1,1,0000,1,8022,150,8023,4,4,4PDMV608,4ANZ19-701,00000000,0000,4ABL3301A_OUT04,4ANZ19-701,90,0,0
2,OHT,V00564,1,1,0000,1,7913,250,7914,4,4,4PDD0270,4KCW3301_3,00000000,0000,4ANZ25-205,4KCW3301_3,50,0,0
2,OHT,V00975,1,1,0000,1,3327,250,3350,4,4,6PDB1402,4ANZ03-302,00000000,0000,4EPR5301_3,4ANZ03-302,50,0,0
2,OHT,V00313,1,1,0000,1,1038,200,1039,4,4,6PDN4064,4AFZ47-328,00000000,0000,4CSC1603_3,4AFZ47-328,50,0,0
2,OHT,V00649,1,1,0000,1,1615,500,1616,4,4,4NDNA076,4AFZ15-160,00000000,0000,4ALFE001_AO31,4AFZ15-160,50,0,0

2,OHT,V00795,1,1,0000,1,8022,200,8023,4,4,4PDMV608,4ANZ19-701,00000000,0000,4ABL3301A_OUT04,4ANZ19-701,90,0,0
2,OHT,V00564,1,1,0000,1,7913,300,7914,4,4,4PDD0270,4KCW3301_3,00000000,0000,4ANZ25-205,4KCW3301_3,50,0,0
2,OHT,V00975,1,1,0000,1,3327,300,3350,4,4,6PDB1402,4ANZ03-302,00000000,0000,4EPR5301_3,4ANZ03-302,50,0,0
2,OHT,V00313,1,1,0000,1,1038,250,1039,4,4,6PDN4064,4AFZ47-328,00000000,0000,4CSC1603_3,4AFZ47-328,50,0,0
2,OHT,V00649,1,1,0000,1,1615,550,1616,4,4,4NDNA076,4AFZ15-160,00000000,0000,4ALFE001_AO31,4AFZ15-160,50,0,0

2,OHT,V00795,1,1,0000,1,8022,250,8023,4,4,4PDMV608,4ANZ19-701,00000000,0000,4ABL3301A_OUT04,4ANZ19-701,90,0,0
2,OHT,V00564,1,1,0000,1,7913,350,7914,4,4,4PDD0270,4KCW3301_3,00000000,0000,4ANZ25-205,4KCW3301_3,50,0,0
2,OHT,V00975,1,1,0000,1,3327,350,3350,4,4,6PDB1402,4ANZ03-302,00000000,0000,4EPR5301_3,4ANZ03-302,50,0,0
2,OHT,V00313,1,1,0000,1,1038,300,1039,4,4,6PDN4064,4AFZ47-328,00000000,0000,4CSC1603_3,4AFZ47-328,50,0,0
2,OHT,V00649,1,1,0000,1,1616,0,1617,4,4,4NDNA076,4AFZ15-160,00000000,0000,4ALFE001_AO31,4AFZ15-160,50,0,0

2,OHT,V00795,1,1,0000,1,8022,300,8023,4,4,4PDMV608,4ANZ19-701,00000000,0000,4ABL3301A_OUT04,4ANZ19-701,90,0,0
2,OHT,V00564,1,1,0000,1,7913,400,7914,4,4,4PDD0270,4KCW3301_3,00000000,0000,4ANZ25-205,4KCW3301_3,50,0,0
2,OHT,V00975,1,1,0000,1,3327,400,3350,4,4,6PDB1402,4ANZ03-302,00000000,0000,4EPR5301_3,4ANZ03-302,50,0,0
2,OHT,V00313,1,1,0000,1,1038,350,1039,4,4,6PDN4064,4AFZ47-328,00000000,0000,4CSC1603_3,4AFZ47-328,50,0,0
2,OHT,V00649,1,1,0000,1,1616,50,1617,4,4,4NDNA076,4AFZ15-160,00000000,0000,4ALFE001_AO31,4AFZ15-160,50,0,0

2,OHT,V00795,1,1,0000,1,8022,350,8023,4,4,4PDMV608,4ANZ19-701,00000000,0000,4ABL3301A_OUT04,4ANZ19-701,90,0,0
2,OHT,V00564,1,1,0000,1,7913,450,7914,4,4,4PDD0270,4KCW3301_3,00000000,0000,4ANZ25-205,4KCW3301_3,50,0,0
2,OHT,V00975,1,1,0000,1,3327,450,3350,4,4,6PDB1402,4ANZ03-302,00000000,0000,4EPR5301_3,4ANZ03-302,50,0,0
2,OHT,V00313,1,1,0000,1,1038,400,1039,4,4,6PDN4064,4AFZ47-328,00000000,0000,4CSC1603_3,4AFZ47-328,50,0,0
2,OHT,V00649,1,1,0000,1,1616,100,1617,4,4,4NDNA076,4AFZ15-160,00000000,0000,4ALFE001_AO31,4AFZ15-160,50,0,0

2,OHT,V00795,1,1,0000,1,8022,400,8023,4,4,4PDMV608,4ANZ19-701,00000000,0000,4ABL3301A_OUT04,4ANZ19-701,90,0,0
2,OHT,V00564,1,1,0000,1,7913,500,7914,4,4,4PDD0270,4KCW3301_3,00000000,0000,4ANZ25-205,4KCW3301_3,50,0,0
2,OHT,V00975,1,1,0000,1,3327,500,3350,4,4,6PDB1402,4ANZ03-302,00000000,0000,4EPR5301_3,4ANZ03-302,50,0,0
2,OHT,V00313,1,1,0000,1,1038,450,1039,4,4,6PDN4064,4AFZ47-328,00000000,0000,4CSC1603_3,4AFZ47-328,50,0,0
2,OHT,V00649,1,1,0000,1,1616,150,1617,4,4,4NDNA076,4AFZ15-160,00000000,0000,4ALFE001_AO31,4AFZ15-160,50,0,0

2,OHT,V00795,1,1,0000,1,8022,450,8023,4,4,4PDMV608,4ANZ19-701,00000000,0000,4ABL3301A_OUT04,4ANZ19-701,90,0,0
2,OHT,V00564,1,1,0000,1,7913,550,7914,4,4,4PDD0270,4KCW3301_3,00000000,0000,4ANZ25-205,4KCW3301_3,50,0,0
2,OHT,V00975,1,1,0000,1,3350,0,3351,4,4,6PDB1402,4ANZ03-302,00000000,0000,4EPR5301_3,4ANZ03-302,50,0,0
2,OHT,V00313,1,1,0000,1,1039,0,1040,4,4,6PDN4064,4AFZ47-328,00000000,0000,4CSC1603_3,4AFZ47-328,50,0,0
2,OHT,V00649,1,1,0000,1,1616,200,1617,4,4,4NDNA076,4AFZ15-160,00000000,0000,4ALFE001_AO31,4AFZ15-160,50,0,0

2,OHT,V00795,1,1,0000,1,8022,500,8023,4,4,4PDMV608,4ANZ19-701,00000000,0000,4ABL3301A_OUT04,4ANZ19-701,90,0,0
2,OHT,V00564,1,1,0000,1,7913,600,7914,4,4,4PDD0270,4KCW3301_3,00000000,0000,4ANZ25-205,4KCW3301_3,50,0,0
2,OHT,V00975,1,1,0000,1,3350,50,3351,4,4,6PDB1402,4ANZ03-302,00000000,0000,4EPR5301_3,4ANZ03-302,50,0,0
2,OHT,V00313,1,1,0000,1,1039,50,1040,4,4,6PDN4064,4AFZ47-328,00000000,0000,4CSC1603_3,4AFZ47-328,50,0,0
2,OHT,V00649,1,1,0000,1,1616,250,1617,4,4,4NDNA076,4AFZ15-160,00000000,0000,4ALFE001_AO31,4AFZ15-160,50,0,0

2,OHT,V00795,1,1,0000,1,8023,0,9003,4,4,4PDMV608,4ANZ19-701,00000000,0000,4ABL3301A_OUT04,4ANZ19-701,90,0,0
2,OHT,V00564,1,1,0000,1,7913,650,7914,4,4,4PDD0270,4KCW3301_3,00000000,0000,4ANZ25-205,4KCW3301_3,50,0,0
2,OHT,V00975,1,1,0000,1,3350,100,3351,4,4,6PDB1402,4ANZ03-302,00000000,0000,4EPR5301_3,4ANZ03-302,50,0,0
2,OHT,V00313,1,1,0000,1,1039,100,1040,4,4,6PDN4064,4AFZ47-328,00000000,0000,4CSC1603_3,4AFZ47-328,50,0,0
2,OHT,V00649,1,1,0000,1,1616,300,1617,4,4,4NDNA076,4AFZ15-160,00000000,0000,4ALFE001_AO31,4AFZ15-160,50,0,0

2,OHT,V00795,1,1,0000,1,8023,50,9003,4,4,4PDMV608,4ANZ19-701,00000000,0000,4ABL3301A_OUT04,4ANZ19-701,90,0,0
2,OHT,V00564,1,1,0000,1,7913,700,7914,4,4,4PDD0270,4KCW3301_3,00000000,0000,4ANZ25-205,4KCW3301_3,50,0,0
2,OHT,V00975,1,1,0000,1,3350,150,3351,4,4,6PDB1402,4ANZ03-302,00000000,0000,4EPR5301_3,4ANZ03-302,50,0,0
2,OHT,V00313,1,1,0000,1,1039,150,1040,4,4,6PDN4064,4AFZ47-328,00000000,0000,4CSC1603_3,4AFZ47-328,50,0,0
2,OHT,V00649,1,1,0000,1,1616,350,1617,4,4,4NDNA076,4AFZ15-160,00000000,0000,4ALFE001_AO31,4AFZ15-160,50,0,0

2,OHT,V00795,1,1,0000,1,8023,100,9003,4,4,4PDMV608,4ANZ19-701,00000000,0000,4ABL3301A_OUT04,4ANZ19-701,90,0,0
2,OHT,V00564,1,1,0000,1,7913,750,7914,4,4,4PDD0270,4KCW3301_3,00000000,0000,4ANZ25-205,4KCW3301_3,50,0,0
2,OHT,V00975,1,1,0000,1,3350,200,3351,4,4,6PDB1402,4ANZ03-302,00000000,0000,4EPR5301_3,4ANZ03-302,50,0,0
2,OHT,V00313,1,1,0000,1,1039,200,1040,4,4,6PDN4064,4AFZ47-328,00000000,0000,4CSC1603_3,4AFZ47-328,50,0,0
2,OHT,V00649,1,1,0000,1,1616,400,1617,4,4,4NDNA076,4AFZ15-160,00000000,0000,4ALFE001_AO31,4AFZ15-160,50,0,0

2,OHT,V00795,1,1,0000,1,8023,150,9003,4,4,4PDMV608,4ANZ19-701,00000000,0000,4ABL3301A_OUT04,4ANZ19-701,90,0,0
2,OHT,V00564,1,1,0000,1,7914,0,2097,4,4,4PDD0270,4KCW3301_3,00000000,0000,4ANZ25-205,4KCW3301_3,50,0,0
2,OHT,V00975,1,1,0000,1,3350,250,3351,4,4,6PDB1402,4ANZ03-302,00000000,0000,4EPR5301_3,4ANZ03-302,50,0,0
2,OHT,V00313,1,1,0000,1,1039,250,1040,4,4,6PDN4064,4AFZ47-328,00000000,0000,4CSC1603_3,4AFZ47-328,50,0,0
2,OHT,V00649,1,1,0000,1,1616,450,1617,4,4,4NDNA076,4AFZ15-160,00000000,0000,4ALFE001_AO31,4AFZ15-160,50,0,0

2,OHT,V00795,1,1,0000,1,8023,200,9003,4,4,4PDMV608,4ANZ19-701,00000000,0000,4ABL3301A_OUT04,4ANZ19-701,90,0,0
2,OHT,V00564,1,1,0000,1,7914,50,2097,4,4,4PDD0270,4KCW3301_3,00000000,0000,4ANZ25-205,4KCW3301_3,50,0,0
2,OHT,V00975,1,1,0000,1,3350,300,3351,4,4,6PDB1402,4ANZ03-302,00000000,0000,4EPR5301_3,4ANZ03-302,50,0,0
2,OHT,V00313,1,1,0000,1,1040,0,1041,4,4,6PDN4064,4AFZ47-328,00000000,0000,4CSC1603_3,4AFZ47-328,50,0,0
2,OHT,V00649,1,1,0000,1,1616,500,1617,4,4,4NDNA076,4AFZ15-160,00000000,0000,4ALFE001_AO31,4AFZ15-160,50,0,0

2,OHT,V00795,1,1,0000,1,8023,250,9003,4,4,4PDMV608,4ANZ19-701,00000000,0000,4ABL3301A_OUT04,4ANZ19-701,90,0,0
2,OHT,V00564,1,1,0000,1,7914,100,2097,4,4,4PDD0270,4KCW3301_3,00000000,0000,4ANZ25-205,4KCW3301_3,50,0,0
2,OHT,V00975,1,1,0000,1,3350,350,3351,4,4,6PDB1402,4ANZ03-302,00000000,0000,4EPR5301_3,4ANZ03-302,50,0,0
2,OHT,V00313,1,1,0000,1,1040,50,1041,4,4,6PDN4064,4AFZ47-328,00000000,0000,4CSC1603_3,4AFZ47-328,50,0,0
2,OHT,V00649,1,1,0000,1,1616,550,1617,4,4,4NDNA076,4AFZ15-160,00000000,0000,4ALFE001_AO31,4AFZ15-160,50,0,0

2,OHT,V00795,1,1,0000,1,8023,300,9003,4,4,4PDMV608,4ANZ19-701,00000000,0000,4ABL3301A_OUT04,4ANZ19-701,90,0,0
2,OHT,V00564,1,1,0000,1,7914,150,2097,4,4,4PDD0270,4KCW3301_3,00000000,0000,4ANZ25-205,4KCW3301_3,50,0,0
2,OHT,V00975,1,1,0000,1,3350,400,3351,4,4,6PDB1402,4ANZ03-302,00000000,0000,4EPR5301_3,4ANZ03-302,50,0,0
2,OHT,V00313,1,1,0000,1,1040,100,1041,4,4,6PDN4064,4AFZ47-328,00000000,0000,4CSC1603_3,4AFZ47-328,50,0,0
2,OHT,V00649,1,1,0000,1,1616,600,1617,4,4,4NDNA076,4AFZ15-160,00000000,0000,4ALFE001_AO31,4AFZ15-160,50,0,0

2,OHT,V00795,1,1,0000,1,8023,350,9003,4,4,4PDMV608,4ANZ19-701,00000000,0000,4ABL3301A_OUT04,4ANZ19-701,90,0,0
2,OHT,V00564,1,1,0000,1,7914,200,2097,4,4,4PDD0270,4KCW3301_3,00000000,0000,4ANZ25-205,4KCW3301_3,50,0,0
2,OHT,V00975,1,1,0000,1,3350,450,3351,4,4,6PDB1402,4ANZ03-302,00000000,0000,4EPR5301_3,4ANZ03-302,50,0,0
2,OHT,V00313,1,1,0000,1,1040,150,1041,4,4,6PDN4064,4AFZ47-328,00000000,0000,4CSC1603_3,4AFZ47-328,50,0,0
2,OHT,V00649,1,1,0000,1,1616,650,1617,4,4,4NDNA076,4AFZ15-160,00000000,0000,4ALFE001_AO31,4AFZ15-160,50,0,0

2,OHT,V00795,1,1,0000,1,8023,400,9003,4,4,4PDMV608,4ANZ19-701,00000000,0000,4ABL3301A_OUT04,4ANZ19-701,90,0,0
2,OHT,V00564,1,1,0000,1,7914,250,2097,4,4,4PDD0270,4KCW3301_3,00000000,0000,4ANZ25-205,4KCW3301_3,50,0,0
2,OHT,V00975,1,1,0000,1,3350,500,3351,4,4,6PDB1402,4ANZ03-302,00000000,0000,4EPR5301_3,4ANZ03-302,50,0,0
2,OHT,V00313,1,1,0000,1,1040,200,1041,4,4,6PDN4064,4AFZ47-328,00000000,0000,4CSC1603_3,4AFZ47-328,50,0,0
2,OHT,V00649,1,1,0000,1,1617,0,1619,4,4,4NDNA076,4AFZ15-160,00000000,0000,4ALFE001_AO31,4AFZ15-160,50,0,0

2,OHT,V00795,1,1,0000,1,8023,450,9003,4,4,4PDMV608,4ANZ19-701,00000000,0000,4ABL3301A_OUT04,4ANZ19-701,90,0,0
2,OHT,V00564,1,1,0000,1,7914,300,2097,4,4,4PDD0270,4KCW3301_3,00000000,0000,4ANZ25-205,4KCW3301_3,50,0,0
2,OHT,V00975,1,1,0000,1,3350,550,3351,4,4,6PDB1402,4ANZ03-302,00000000,0000,4EPR5301_3,4ANZ03-302,50,0,0
2,OHT,V00313,1,1,0000,1,1040,250,1041,4,4,6PDN4064,4AFZ47-328,00000000,0000,4CSC1603_3,4AFZ47-328,50,0,0
2,OHT,V00649,1,1,0000,1,1617,50,1619,4,4,4NDNA076,4AFZ15-160,00000000,0000,4ALFE001_AO31,4AFZ15-160,50,0,0

2,OHT,V00795,1,1,0000,1,8023,500,9003,4,4,4PDMV608,4ANZ19-701,00000000,0000,4ABL3301A_OUT04,4ANZ19-701,90,0,0
2,OHT,V00564,1,1,0000,1,7914,350,2097,4,4,4PDD0270,4KCW3301_3,00000000,0000,4ANZ25-205,4KCW3301_3,50,0,0
2,OHT,V00975,1,1,0000,1,3350,600,3351,4,4,6PDB1402,4ANZ03-302,00000000,0000,4EPR5301_3,4ANZ03-302,50,0,0
2,OHT,V00313,1,1,0000,1,1040,300,1041,4,4,6PDN4064,4AFZ47-328,00000000,0000,4CSC1603_3,4AFZ47-328,50,0,0
2,OHT,V00649,1,1,0000,1,1617,100,1619,4,4,4NDNA076,4AFZ15-160,00000000,0000,4ALFE001_AO31,4AFZ15-160,50,0,0

2,OHT,V00795,1,1,0000,1,9003,0,9004,4,4,4PDMV608,4ANZ19-701,00000000,0000,4ABL3301A_OUT04,4ANZ19-701,90,0,0
2,OHT,V00564,1,1,0000,1,7914,400,2097,4,4,4PDD0270,4KCW3301_3,00000000,0000,4ANZ25-205,4KCW3301_3,50,0,0
2,OHT,V00975,1,1,0000,1,3350,650,3351,4,4,6PDB1402,4ANZ03-302,00000000,0000,4EPR5301_3,4ANZ03-302,50,0,0
2,OHT,V00313,1,1,0000,1,1040,350,1041,4,4,6PDN4064,4AFZ47-328,00000000,0000,4CSC1603_3,4AFZ47-328,50,0,0
2,OHT,V00649,1,1,0000,1,1617,150,1619,4,4,4NDNA076,4AFZ15-160,00000000,0000,4ALFE001_AO31,4AFZ15-160,50,0,0

2,OHT,V00795,1,1,0000,1,9003,50,9004,4,4,4PDMV608,4ANZ19-701,00000000,0000,4ABL3301A_OUT04,4ANZ19-701,90,0,0
2,OHT,V00564,1,1,0000,1,2097,0,2098,4,4,4PDD0270,4KCW3301_3,00000000,0000,4ANZ25-205,4KCW3301_3,50,0,0
2,OHT,V00975,1,1,0000,1,3350,700,3351,4,4,6PDB1402,4ANZ03-302,00000000,0000,4EPR5301_3,4ANZ03-302,50,0,0
2,OHT,V00313,1,1,0000,1,1041,0,1042,4,4,6PDN4064,4AFZ47-328,00000000,0000,4CSC1603_3,4AFZ47-328,50,0,0
2,OHT,V00649,1,1,0000,1,1617,200,1619,4,4,4NDNA076,4AFZ15-160,00000000,0000,4ALFE001_AO31,4AFZ15-160,50,0,0

2,OHT,V00795,1,1,0000,1,9003,100,9004,4,4,4PDMV608,4ANZ19-701,00000000,0000,4ABL3301A_OUT04,4ANZ19-701,90,0,0
2,OHT,V00564,1,1,0000,1,2097,50,2098,4,4,4PDD0270,4KCW3301_3,00000000,0000,4ANZ25-205,4KCW3301_3,50,0,0
2,OHT,V00975,1,1,0000,1,3350,750,3351,4,4,6PDB1402,4ANZ03-302,00000000,0000,4EPR5301_3,4ANZ03-302,50,0,0
2,OHT,V00313,1,1,0000,1,1041,50,1042,4,4,6PDN4064,4AFZ47-328,00000000,0000,4CSC1603_3,4AFZ47-328,50,0,0
2,OHT,V00649,1,1,0000,1,1617,250,1619,4,4,4NDNA076,4AFZ15-160,00000000,0000,4ALFE001_AO31,4AFZ15-160,50,0,0

2,OHT,V00795,1,1,0000,1,9003,150,9004,4,4,4PDMV608,4ANZ19-701,00000000,0000,4ABL3301A_OUT04,4ANZ19-701,90,0,0
2,OHT,V00564,1,1,0000,1,2097,100,2098,4,4,4PDD0270,4KCW3301_3,00000000,0000,4ANZ25-205,4KCW3301_3,50,0,0
2,OHT,V00975,1,1,0000,1,3351,0,3353,4,4,6PDB1402,4ANZ03-302,00000000,0000,4EPR5301_3,4ANZ03-302,50,0,0
2,OHT,V00313,1,1,0000,1,1041,100,1042,4,4,6PDN4064,4AFZ47-328,00000000,0000,4CSC1603_3,4AFZ47-328,50,0,0
2,OHT,V00649,1,1,0000,1,1617,300,1619,4,4,4NDNA076,4AFZ15-160,00000000,0000,4ALFE001_AO31,4AFZ15-160,50,0,0

2,OHT,V00795,1,1,0000,1,9004,0,9005,4,4,4PDMV608,4ANZ19-701,00000000,0000,4ABL3301A_OUT04,4ANZ19-701,90,0,0
2,OHT,V00564,1,1,0000,1,2097,150,2098,4,4,4PDD0270,4KCW3301_3,00000000,0000,4ANZ25-205,4KCW3301_3,50,0,0
2,OHT,V00975,1,1,0000,1,3351,50,3353,4,4,6PDB1402,4ANZ03-302,00000000,0000,4EPR5301_3,4ANZ03-302,50,0,0
2,OHT,V00313,1,1,0000,1,1041,150,1042,4,4,6PDN4064,4AFZ47-328,00000000,0000,4CSC1603_3,4AFZ47-328,50,0,0
2,OHT,V00649,1,1,0000,1,1617,350,1619,4,4,4NDNA076,4AFZ15-160,00000000,0000,4ALFE001_AO31,4AFZ15-160,50,0,0

2,OHT,V00795,1,1,0000,1,9004,50,9005,4,4,4PDMV608,4ANZ19-701,00000000,0000,4ABL3301A_OUT04,4ANZ19-701,90,0,0
2,OHT,V00564,1,1,0000,1,2097,200,2098,4,4,4PDD0270,4KCW3301_3,00000000,0000,4ANZ25-205,4KCW3301_3,50,0,0
2,OHT,V00975,1,1,0000,1,3351,100,3353,4,4,6PDB1402,4ANZ03-302,00000000,0000,4EPR5301_3,4ANZ03-302,50,0,0
2,OHT,V00313,1,1,0000,1,1041,200,1042,4,4,6PDN4064,4AFZ47-328,00000000,0000,4CSC1603_3,4AFZ47-328,50,0,0
2,OHT,V00649,1,1,0000,1,1617,400,1619,4,4,4NDNA076,4AFZ15-160,00000000,0000,4ALFE001_AO31,4AFZ15-160,50,0,0

2,OHT,V00795,1,1,0000,1,9004,100,9005,4,4,4PDMV608,4ANZ19-701,00000000,0000,4ABL3301A_OUT04,4ANZ19-701,90,0,0
2,OHT,V00564,1,1,0000,1,2097,250,2098,4,4,4PDD0270,4KCW3301_3,00000000,0000,4ANZ25-205,4KCW3301_3,50,0,0
2,OHT,V00975,1,1,0000,1,3351,150,3353,4,4,6PDB1402,4ANZ03-302,00000000,0000,4EPR5301_3,4ANZ03-302,50,0,0
2,OHT,V00313,1,1,0000,1,1041,250,1042,4,4,6PDN4064,4AFZ47-328,00000000,0000,4CSC1603_3,4AFZ47-328,50,0,0
2,OHT,V00649,1,1,0000,1,1617,450,1619,4,4,4NDNA076,4AFZ15-160,00000000,0000,4ALFE001_AO31,4AFZ15-160,50,0,0

2,OHT,V00795,1,1,0000,1,9004,150,9005,4,4,4PDMV608,4ANZ19-701,00000000,0000,4ABL3301A_OUT04,4ANZ19-701,90,0,0
2,OHT,V00564,1,1,0000,1,2097,300,2098,4,4,4PDD0270,4KCW3301_3,00000000,0000,4ANZ25-205,4KCW3301_3,50,0,0
2,OHT,V00975,1,1,0000,1,3351,200,3353,4,4,6PDB1402,4ANZ03-302,00000000,0000,4EPR5301_3,4ANZ03-302,50,0,0
2,OHT,V00313,1,1,0000,1,1041,300,1042,4,4,6PDN4064,4AFZ47-328,00000000,0000,4CSC1603_3,4AFZ47-328,50,0,0
2,OHT,V00649,1,1,0000,1,1617,500,1619,4,4,4NDNA076,4AFZ15-160,00000000,0000,4ALFE001_AO31,4AFZ15-160,50,0,0

2,OHT,V00795,1,1,0000,1,9004,200,9005,4,4,4PDMV608,4ANZ19-701,00000000,0000,4ABL3301A_OUT04,4ANZ19-701,90,0,0
2,OHT,V00564,1,1,0000,1,2097,350,2098,4,4,4PDD0270,4KCW3301_3,00000000,0000,4ANZ25-205,4KCW3301_3,50,0,0
2,OHT,V00975,1,1,0000,1,3351,250,3353,4,4,6PDB1402,4ANZ03-302,00000000,0000,4EPR5301_3,4ANZ03-302,50,0,0
2,OHT,V00313,1,1,0000,1,1041,350,1042,4,4,6PDN4064,4AFZ47-328,00000000,0000,4CSC1603_3,4AFZ47-328,50,0,0
2,OHT,V00649,1,1,0000,1,1617,550,1619,4,4,4NDNA076,4AFZ15-160,00000000,0000,4ALFE001_AO31,4AFZ15-160,50,0,0

2,OHT,V00795,1,1,0000,1,9004,250,9005,4,4,4PDMV608,4ANZ19-701,00000000,0000,4ABL3301A_OUT04,4ANZ19-701,90,0,0
2,OHT,V00564,1,1,0000,1,2097,400,2098,4,4,4PDD0270,4KCW3301_3,00000000,0000,4ANZ25-205,4KCW3301_3,50,0,0
2,OHT,V00975,1,1,0000,1,3351,300,3353,4,4,6PDB1402,4ANZ03-302,00000000,0000,4EPR5301_3,4ANZ03-302,50,0,0
2,OHT,V00313,1,1,0000,1,1041,400,1042,4,4,6PDN4064,4AFZ47-328,00000000,0000,4CSC1603_3,4AFZ47-328,50,0,0
2,OHT,V00649,1,1,0000,1,1617,600,1619,4,4,4NDNA076,4AFZ15-160,00000000,0000,4ALFE001_AO31,4AFZ15-160,50,0,0

2,OHT,V00795,1,1,0000,1,9004,300,9005,4,4,4PDMV608,4ANZ19-701,00000000,0000,4ABL3301A_OUT04,4ANZ19-701,90,0,0
2,OHT,V00564,1,1,0000,1,2097,450,2098,4,4,4PDD0270,4KCW3301_3,00000000,0000,4ANZ25-205,4KCW3301_3,50,0,0
2,OHT,V00975,1,1,0000,1,3351,350,3353,4,4,6PDB1402,4ANZ03-302,00000000,0000,4EPR5301_3,4ANZ03-302,50,0,0
2,OHT,V00313,1,1,0000,1,1041,450,1042,4,4,6PDN4064,4AFZ47-328,00000000,0000,4CSC1603_3,4AFZ47-328,50,0,0
2,OHT,V00649,1,1,0000,1,1617,650,1619,4,4,4NDNA076,4AFZ15-160,00000000,0000,4ALFE001_AO31,4AFZ15-160,50,0,0

2,OHT,V00795,1,1,0000,1,9004,350,9005,4,4,4PDMV608,4ANZ19-701,00000000,0000,4ABL3301A_OUT04,4ANZ19-701,90,0,0
2,OHT,V00564,1,1,0000,1,2098,0,2099,4,4,4PDD0270,4KCW3301_3,00000000,0000,4ANZ25-205,4KCW3301_3,50,0,0
2,OHT,V00975,1,1,0000,1,3351,400,3353,4,4,6PDB1402,4ANZ03-302,00000000,0000,4EPR5301_3,4ANZ03-302,50,0,0
2,OHT,V00313,1,1,0000,1,1041,500,1042,4,4,6PDN4064,4AFZ47-328,00000000,0000,4CSC1603_3,4AFZ47-328,50,0,0
2,OHT,V00649,1,1,0000,1,1617,700,1619,4,4,4NDNA076,4AFZ15-160,00000000,0000,4ALFE001_AO31,4AFZ15-160,50,0,0

2,OHT,V00795,1,1,0000,1,9004,400,9005,4,4,4PDMV608,4ANZ19-701,00000000,0000,4ABL3301A_OUT04,4ANZ19-701,90,0,0
2,OHT,V00564,1,1,0000,1,2098,50,2099,4,4,4PDD0270,4KCW3301_3,00000000,0000,4ANZ25-205,4KCW3301_3,50,0,0
2,OHT,V00975,1,1,0000,1,3353,0,3355,4,4,6PDB1402,4ANZ03-302,00000000,0000,4EPR5301_3,4ANZ03-302,50,0,0
2,OHT,V00313,1,1,0000,1,1041,550,1042,4,4,6PDN4064,4AFZ47-328,00000000,0000,4CSC1603_3,4AFZ47-328,50,0,0
2,OHT,V00649,1,1,0000,1,1617,750,1619,4,4,4NDNA076,4AFZ15-160,00000000,0000,4ALFE001_AO31,4AFZ15-160,50,0,0

2,OHT,V00795,1,1,0000,1,9004,450,9005,4,4,4PDMV608,4ANZ19-701,00000000,0000,4ABL3301A_OUT04,4ANZ19-701,90,0,0
2,OHT,V00564,1,1,0000,1,2098,100,2099,4,4,4PDD0270,4KCW3301_3,00000000,0000,4ANZ25-205,4KCW3301_3,50,0,0
2,OHT,V00975,1,1,0000,1,3353,50,3355,4,4,6PDB1402,4ANZ03-302,00000000,0000,4EPR5301_3,4ANZ03-302,50,0,0
2,OHT,V00313,1,1,0000,1,1042,0,1043,4,4,6PDN4064,4AFZ47-328,00000000,0000,4CSC1603_3,4AFZ47-328,50,0,0
2,OHT,V00649,1,1,0000,1,1617,800,1619,4,4,4NDNA076,4AFZ15-160,00000000,0000,4ALFE001_AO31,4AFZ15-160,50,0,0

2,OHT,V00795,1,1,0000,1,9004,500,9005,4,4,4PDMV608,4ANZ19-701,00000000,0000,4ABL3301A_OUT04,4ANZ19-701,90,0,0
2,OHT,V00564,1,1,0000,1,2098,150,2099,4,4,4PDD0270,4KCW3301_3,00000000,0000,4ANZ25-205,4KCW3301_3,50,0,0
2,OHT,V00975,1,1,0000,1,3353,100,3355,4,4,6PDB1402,4ANZ03-302,00000000,0000,4EPR5301_3,4ANZ03-302,50,0,0
2,OHT,V00313,1,1,0000,1,1042,50,1043,4,4,6PDN4064,4AFZ47-328,00000000,0000,4CSC1603_3,4AFZ47-328,50,0,0
2,OHT,V00649,1,1,0000,1,1617,850,1619,4,4,4NDNA076,4AFZ15-160,00000000,0000,4ALFE001_AO31,4AFZ15-160,50,0,0

2,OHT,V00795,1,1,0000,1,9005,0,9006,4,4,4PDMV608,4ANZ19-701,00000000,0000,4ABL3301A_OUT04,4ANZ19-701,90,0,0
2,OHT,V00564,1,1,0000,1,2098,200,2099,4,4,4PDD0270,4KCW3301_3,00000000,0000,4ANZ25-205,4KCW3301_3,50,0,0
2,OHT,V00975,1,1,0000,1,3353,150,3355,4,4,6PDB1402,4ANZ03-302,00000000,0000,4EPR5301_3,4ANZ03-302,50,0,0
2,OHT,V00313,1,1,0000,1,1042,100,1043,4,4,6PDN4064,4AFZ47-328,00000000,0000,4CSC1603_3,4AFZ47-328,50,0,0
2,OHT,V00649,1,1,0000,1,1617,900,1619,4,4,4NDNA076,4AFZ15-160,00000000,0000,4ALFE001_AO31,4AFZ15-160,50,0,0

2,OHT,V00795,1,1,0000,1,9005,50,9006,4,4,4PDMV608,4ANZ19-701,00000000,0000,4ABL3301A_OUT04,4ANZ19-701,90,0,0
2,OHT,V00564,1,1,0000,1,2098,250,2099,4,4,4PDD0270,4KCW3301_3,00000000,0000,4ANZ25-205,4KCW3301_3,50,0,0
2,OHT,V00975,1,1,0000,1,3353,200,3355,4,4,6PDB1402,4ANZ03-302,00000000,0000,4EPR5301_3,4ANZ03-302,50,0,0
2,OHT,V00313,1,1,0000,1,1042,150,1043,4,4,6PDN4064,4AFZ47-328,00000000,0000,4CSC1603_3,4AFZ47-328,50,0,0
2,OHT,V00649,1,1,0000,1,1617,950,1619,4,4,4NDNA076,4AFZ15-160,00000000,0000,4ALFE001_AO31,4AFZ15-160,50,0,0

2,OHT,V00795,1,1,0000,1,9005,100,9006,4,4,4PDMV608,4ANZ19-701,00000000,0000,4ABL3301A_OUT04,4ANZ19-701,90,0,0
2,OHT,V00564,1,1,0000,1,2098,300,2099,4,4,4PDD0270,4KCW3301_3,00000000,0000,4ANZ25-205,4KCW3301_3,50,0,0
2,OHT,V00975,1,1,0000,1,3353,250,3355,4,4,6PDB1402,4ANZ03-302,00000000,0000,4EPR5301_3,4ANZ03-302,50,0,0
2,OHT,V00313,1,1,0000,1,1042,200,1043,4,4,6PDN4064,4AFZ47-328,00000000,0000,4CSC1603_3,4AFZ47-328,50,0,0
2,OHT,V00649,1,1,0000,1,1619,0,1620,4,4,4NDNA076,4AFZ15-160,00000000,0000,4ALFE001_AO31,4AFZ15-160,50,0,0

2,OHT,V00795,1,1,0000,1,9005,150,9006,4,4,4PDMV608,4ANZ19-701,00000000,0000,4ABL3301A_OUT04,4ANZ19-701,90,0,0
2,OHT,V00564,1,1,0000,1,2098,350,2099,4,4,4PDD0270,4KCW3301_3,00000000,0000,4ANZ25-205,4KCW3301_3,50,0,0
2,OHT,V00975,1,1,0000,1,3353,300,3355,4,4,6PDB1402,4ANZ03-302,00000000,0000,4EPR5301_3,4ANZ03-302,50,0,0
2,OHT,V00313,1,1,0000,1,1042,250,1043,4,4,6PDN4064,4AFZ47-328,00000000,0000,4CSC1603_3,4AFZ47-328,50,0,0
2,OHT,V00649,1,1,0000,1,1619,50,1620,4,4,4NDNA076,4AFZ15-160,00000000,0000,4ALFE001_AO31,4AFZ15-160,50,0,0

2,OHT,V00795,1,1,0000,1,9005,200,9006,4,4,4PDMV608,4ANZ19-701,00000000,0000,4ABL3301A_OUT04,4ANZ19-701,90,0,0
2,OHT,V00564,1,1,0000,1,2098,400,2099,4,4,4PDD0270,4KCW3301_3,00000000,0000,4ANZ25-205,4KCW3301_3,50,0,0
2,OHT,V00975,1,1,0000,1,3353,350,3355,4,4,6PDB1402,4ANZ03-302,00000000,0000,4EPR5301_3,4ANZ03-302,50,0,0
2,OHT,V00313,1,1,0000,1,1042,300,1043,4,4,6PDN4064,4AFZ47-328,00000000,0000,4CSC1603_3,4AFZ47-328,50,0,0
2,OHT,V00649,1,1,0000,1,1619,100,1620,4,4,4NDNA076,4AFZ15-160,00000000,0000,4ALFE001_AO31,4AFZ15-160,50,0,0

2,OHT,V00795,1,1,0000,1,9005,250,9006,4,4,4PDMV608,4ANZ19-701,00000000,0000,4ABL3301A_OUT04,4ANZ19-701,90,0,0
2,OHT,V00564,1,1,0000,1,2098,450,2099,4,4,4PDD0270,4KCW3301_3,00000000,0000,4ANZ25-205,4KCW3301_3,50,0,0
2,OHT,V00975,1,1,0000,1,3353,400,3355,4,4,6PDB1402,4ANZ03-302,00000000,0000,4EPR5301_3,4ANZ03-302,50,0,0
2,OHT,V00313,1,1,0000,1,1042,350,1043,4,4,6PDN4064,4AFZ47-328,00000000,0000,4CSC1603_3,4AFZ47-328,50,0,0
2,OHT,V00649,1,1,0000,1,1619,150,1620,4,4,4NDNA076,4AFZ15-160,00000000,0000,4ALFE001_AO31,4AFZ15-160,50,0,0

2,OHT,V00795,1,1,0000,1,9006,0,9007,4,4,4PDMV608,4ANZ19-701,00000000,0000,4ABL3301A_OUT04,4ANZ19-701,90,0,0
2,OHT,V00564,1,1,0000,1,2099,0,2100,4,4,4PDD0270,4KCW3301_3,00000000,0000,4ANZ25-205,4KCW3301_3,50,0,0
2,OHT,V00975,1,1,0000,1,3353,450,3355,4,4,6PDB1402,4ANZ03-302,00000000,0000,4EPR5301_3,4ANZ03-302,50,0,0
2,OHT,V00313,1,1,0000,1,1042,400,1043,4,4,6PDN4064,4AFZ47-328,00000000,0000,4CSC1603_3,4AFZ47-328,50,0,0
2,OHT,V00649,1,1,0000,1,1619,200,1620,4,4,4NDNA076,4AFZ15-160,00000000,0000,4ALFE001_AO31,4AFZ15-160,50,0,0

2,OHT,V00795,1,1,0000,1,9006,50,9007,4,4,4PDMV608,4ANZ19-701,00000000,0000,4ABL3301A_OUT04,4ANZ19-701,90,0,0
2,OHT,V00564,1,1,0000,1,2099,50,2100,4,4,4PDD0270,4KCW3301_3,00000000,0000,4ANZ25-205,4KCW3301_3,50,0,0
2,OHT,V00975,1,1,0000,1,3355,0,3356,4,4,6PDB1402,4ANZ03-302,00000000,0000,4EPR5301_3,4ANZ03-302,50,0,0
2,OHT,V00313,1,1,0000,1,1042,450,1043,4,4,6PDN4064,4AFZ47-328,00000000,0000,4CSC1603_3,4AFZ47-328,50,0,0
2,OHT,V00649,1,1,0000,1,1619,250,1620,4,4,4NDNA076,4AFZ15-160,00000000,0000,4ALFE001_AO31,4AFZ15-160,50,0,0

2,OHT,V00795,1,1,0000,1,9006,100,9007,4,4,4PDMV608,4ANZ19-701,00000000,0000,4ABL3301A_OUT04,4ANZ19-701,90,0,0
2,OHT,V00564,1,1,0000,1,2099,100,2100,4,4,4PDD0270,4KCW3301_3,00000000,0000,4ANZ25-205,4KCW3301_3,50,0,0
2,OHT,V00975,1,1,0000,1,3355,50,3356,4,4,6PDB1402,4ANZ03-302,00000000,0000,4EPR5301_3,4ANZ03-302,50,0,0
2,OHT,V00313,1,1,0000,1,1042,500,1043,4,4,6PDN4064,4AFZ47-328,00000000,0000,4CSC1603_3,4AFZ47-328,50,0,0
2,OHT,V00649,1,1,0000,1,1619,300,1620,4,4,4NDNA076,4AFZ15-160,00000000,0000,4ALFE001_AO31,4AFZ15-160,50,0,0

2,OHT,V00795,1,1,0000,1,9006,150,9007,4,4,4PDMV608,4ANZ19-701,00000000,0000,4ABL3301A_OUT04,4ANZ19-701,90,0,0
2,OHT,V00564,1,1,0000,1,2099,150,2100,4,4,4PDD0270,4KCW3301_3,00000000,0000,4ANZ25-205,4KCW3301_3,50,0,0
2,OHT,V00975,1,1,0000,1,3355,100,3356,4,4,6PDB1402,4ANZ03-302,00000000,0000,4EPR5301_3,4ANZ03-302,50,0,0
2,OHT,V00313,1,1,0000,1,1042,550,1043,4,4,6PDN4064,4AFZ47-328,00000000,0000,4CSC1603_3,4AFZ47-328,50,0,0
2,OHT,V00649,1,1,0000,1,1619,350,1620,4,4,4NDNA076,4AFZ15-160,00000000,0000,4ALFE001_AO31,4AFZ15-160,50,0,0

2,OHT,V00795,1,1,0000,1,9006,200,9007,4,4,4PDMV608,4ANZ19-701,00000000,0000,4ABL3301A_OUT04,4ANZ19-701,90,0,0
2,OHT,V00564,1,1,0000,1,2099,200,2100,4,4,4PDD0270,4KCW3301_3,00000000,0000,4ANZ25-205,4KCW3301_3,50,0,0
2,OHT,V00975,1,1,0000,1,3355,150,3356,4,4,6PDB1402,4ANZ03-302,00000000,0000,4EPR5301_3,4ANZ03-302,50,0,0
2,OHT,V00313,1,1,0000,1,1042,600,1043,4,4,6PDN4064,4AFZ47-328,00000000,0000,4CSC1603_3,4AFZ47-328,50,0,0
2,OHT,V00649,1,1,0000,1,1619,400,1620,4,4,4NDNA076,4AFZ15-160,00000000,0000,4ALFE001_AO31,4AFZ15-160,50,0,0

2,OHT,V00795,1,1,0000,1,9006,250,9007,4,4,4PDMV608,4ANZ19-701,00000000,0000,4ABL3301A_OUT04,4ANZ19-701,90,0,0
2,OHT,V00564,1,1,0000,1,2099,250,2100,4,4,4PDD0270,4KCW3301_3,00000000,0000,4ANZ25-205,4KCW3301_3,50,0,0
2,OHT,V00975,1,1,0000,1,3355,200,3356,4,4,6PDB1402,4ANZ03-302,00000000,0000,4EPR5301_3,4ANZ03-302,50,0,0
2,OHT,V00313,1,1,0000,1,1042,650,1043,4,4,6PDN4064,4AFZ47-328,00000000,0000,4CSC1603_3,4AFZ47-328,50,0,0
2,OHT,V00649,1,1,0000,1,1619,450,1620,4,4,4NDNA076,4AFZ15-160,00000000,0000,4ALFE001_AO31,4AFZ15-160,50,0,0

2,OHT,V00795,1,1,0000,1,9006,300,9007,4,4,4PDMV608,4ANZ19-701,00000000,0000,4ABL3301A_OUT04,4ANZ19-701,90,0,0
2,OHT,V00564,1,1,0000,1,2100,0,2101,4,4,4PDD0270,4KCW3301_3,00000000,0000,4ANZ25-205,4KCW3301_3,50,0,0
2,OHT,V00975,1,1,0000,1,3355,250,3356,4,4,6PDB1402,4ANZ03-302,00000000,0000,4EPR5301_3,4ANZ03-302,50,0,0
2,OHT,V00313,1,1,0000,1,1043,0,1045,4,4,6PDN4064,4AFZ47-328,00000000,0000,4CSC1603_3,4AFZ47-328,50,0,0
2,OHT,V00649,1,1,0000,1,1620,0,1621,4,4,4NDNA076,4AFZ15-160,00000000,0000,4ALFE001_AO31,4AFZ15-160,50,0,0

2,OHT,V00795,1,1,0000,1,9007,0,9008,4,4,4PDMV608,4ANZ19-701,00000000,0000,4ABL3301A_OUT04,4ANZ19-701,90,0,0
2,OHT,V00564,1,1,0000,1,2100,50,2101,4,4,4PDD0270,4KCW3301_3,00000000,0000,4ANZ25-205,4KCW3301_3,50,0,0
2,OHT,V00975,1,1,0000,1,3355,300,3356,4,4,6PDB1402,4ANZ03-302,00000000,0000,4EPR5301_3,4ANZ03-302,50,0,0
2,OHT,V00313,1,1,0000,1,1043,50,1045,4,4,6PDN4064,4AFZ47-328,00000000,0000,4CSC1603_3,4AFZ47-328,50,0,0
2,OHT,V00649,1,1,0000,1,1620,50,1621,4,4,4NDNA076,4AFZ15-160,00000000,0000,4ALFE001_AO31,4AFZ15-160,50,0,0

2,OHT,V00795,1,1,0000,1,9007,50,9008,4,4,4PDMV608,4ANZ19-701,00000000,0000,4ABL3301A_OUT04,4ANZ19-701,90,0,0
2,OHT,V00564,1,1,0000,1,2100,100,2101,4,4,4PDD0270,4KCW3301_3,00000000,0000,4ANZ25-205,4KCW3301_3,50,0,0
2,OHT,V00975,1,1,0000,1,3355,350,3356,4,4,6PDB1402,4ANZ03-302,00000000,0000,4EPR5301_3,4ANZ03-302,50,0,0
2,OHT,V00313,1,1,0000,1,1043,100,1045,4,4,6PDN4064,4AFZ47-328,00000000,0000,4CSC1603_3,4AFZ47-328,50,0,0
2,OHT,V00649,1,1,0000,1,1620,100,1621,4,4,4NDNA076,4AFZ15-160,00000000,0000,4ALFE001_AO31,4AFZ15-160,50,0,0

2,OHT,V00795,1,1,0000,1,9007,100,9008,4,4,4PDMV608,4ANZ19-701,00000000,0000,4ABL3301A_OUT04,4ANZ19-701,90,0,0
2,OHT,V00564,1,1,0000,1,2100,150,2101,4,4,4PDD0270,4KCW3301_3,00000000,0000,4ANZ25-205,4KCW3301_3,50,0,0
2,OHT,V00975,1,1,0000,1,3355,400,3356,4,4,6PDB1402,4ANZ03-302,00000000,0000,4EPR5301_3,4ANZ03-302,50,0,0
2,OHT,V00313,1,1,0000,1,1043,150,1045,4,4,6PDN4064,4AFZ47-328,00000000,0000,4CSC1603_3,4AFZ47-328,50,0,0
2,OHT,V00649,1,1,0000,1,1620,150,1621,4,4,4NDNA076,4AFZ15-160,00000000,0000,4ALFE001_AO31,4AFZ15-160,50,0,0

2,OHT,V00795,1,1,0000,1,9007,150,9008,4,4,4PDMV608,4ANZ19-701,00000000,0000,4ABL3301A_OUT04,4ANZ19-701,90,0,0
2,OHT,V00564,1,1,0000,1,2100,200,2101,4,4,4PDD0270,4KCW3301_3,00000000,0000,4ANZ25-205,4KCW3301_3,50,0,0
2,OHT,V00975,1,1,0000,1,3355,450,3356,4,4,6PDB1402,4ANZ03-302,00000000,0000,4EPR5301_3,4ANZ03-302,50,0,0
2,OHT,V00313,1,1,0000,1,1043,200,1045,4,4,6PDN4064,4AFZ47-328,00000000,0000,4CSC1603_3,4AFZ47-328,50,0,0
2,OHT,V00649,1,1,0000,1,1620,200,1621,4,4,4NDNA076,4AFZ15-160,00000000,0000,4ALFE001_AO31,4AFZ15-160,50,0,0

2,OHT,V00795,1,1,0000,1,9007,200,9008,4,4,4PDMV608,4ANZ19-701,00000000,0000,4ABL3301A_OUT04,4ANZ19-701,90,0,0
2,OHT,V00564,1,1,0000,1,2100,250,2101,4,4,4PDD0270,4KCW3301_3,00000000,0000,4ANZ25-205,4KCW3301_3,50,0,0
2,OHT,V00975,1,1,0000,1,3356,0,3357,4,4,6PDB1402,4ANZ03-302,00000000,0000,4EPR5301_3,4ANZ03-302,50,0,0
2,OHT,V00313,1,1,0000,1,1043,250,1045,4,4,6PDN4064,4AFZ47-328,00000000,0000,4CSC1603_3,4AFZ47-328,50,0,0
2,OHT,V00649,1,1,0000,1,1620,250,1621,4,4,4NDNA076,4AFZ15-160,00000000,0000,4ALFE001_AO31,4AFZ15-160,50,0,0

2,OHT,V00795,1,1,0000,1,9007,250,9008,4,4,4PDMV608,4ANZ19-701,00000000,0000,4ABL3301A_OUT04,4ANZ19-701,90,0,0
2,OHT,V00564,1,1,0000,1,2100,300,2101,4,4,4PDD0270,4KCW3301_3,00000000,0000,4ANZ25-205,4KCW3301_3,50,0,0
2,OHT,V00975,1,1,0000,1,3356,50,3357,4,4,6PDB1402,4ANZ03-302,00000000,0000,4EPR5301_3,4ANZ03-302,50,0,0
2,OHT,V00313,1,1,0000,1,1043,300,1045,4,4,6PDN4064,4AFZ47-328,00000000,0000,4CSC1603_3,4AFZ47-328,50,0,0
2,OHT,V00649,1,1,0000,1,1620,300,1621,4,4,4NDNA076,4AFZ15-160,00000000,0000,4ALFE001_AO31,4AFZ15-160,50,0,0

2,OHT,V00795,1,1,0000,1,9007,300,9008,4,4,4PDMV608,4ANZ19-701,00000000,0000,4ABL3301A_OUT04,4ANZ19-701,90,0,0
2,OHT,V00564,1,1,0000,1,2100,350,2101,4,4,4PDD0270,4KCW3301_3,00000000,0000,4ANZ25-205,4KCW3301_3,50,0,0
2,OHT,V00975,1,1,0000,1,3356,100,3357,4,4,6PDB1402,4ANZ03-302,00000000,0000,4EPR5301_3,4ANZ03-302,50,0,0
2,OHT,V00313,1,1,0000,1,1043,350,1045,4,4,6PDN4064,4AFZ47-328,00000000,0000,4CSC1603_3,4AFZ47-328,50,0,0
2,OHT,V00649,1,1,0000,1,1620,350,1621,4,4,4NDNA076,4AFZ15-160,00000000,0000,4ALFE001_AO31,4AFZ15-160,50,0,0

2,OHT,V00795,1,1,0000,1,9007,350,9008,4,4,4PDMV608,4ANZ19-701,00000000,0000,4ABL3301A_OUT04,4ANZ19-701,90,0,0
2,OHT,V00564,1,1,0000,1,2101,0,2102,4,4,4PDD0270,4KCW3301_3,00000000,0000,4ANZ25-205,4KCW3301_3,50,0,0
2,OHT,V00975,1,1,0000,1,3356,150,3357,4,4,6PDB1402,4ANZ03-302,00000000,0000,4EPR5301_3,4ANZ03-302,50,0,0
2,OHT,V00313,1,1,0000,1,1043,400,1045,4,4,6PDN4064,4AFZ47-328,00000000,0000,4CSC1603_3,4AFZ47-328,50,0,0
2,OHT,V00649,1,1,0000,1,1620,400,1621,4,4,4NDNA076,4AFZ15-160,00000000,0000,4ALFE001_AO31,4AFZ15-160,50,0,0

2,OHT,V00795,1,1,0000,1,9007,400,9008,4,4,4PDMV608,4ANZ19-701,00000000,0000,4ABL3301A_OUT04,4ANZ19-701,90,0,0
2,OHT,V00564,1,1,0000,1,2101,50,2102,4,4,4PDD0270,4KCW3301_3,00000000,0000,4ANZ25-205,4KCW3301_3,50,0,0
2,OHT,V00975,1,1,0000,1,3356,200,3357,4,4,6PDB1402,4ANZ03-302,00000000,0000,4EPR5301_3,4ANZ03-302,50,0,0
2,OHT,V00313,1,1,0000,1,1043,450,1045,4,4,6PDN4064,4AFZ47-328,00000000,0000,4CSC1603_3,4AFZ47-328,50,0,0
2,OHT,V00649,1,1,0000,1,1620,450,1621,4,4,4NDNA076,4AFZ15-160,00000000,0000,4ALFE001_AO31,4AFZ15-160,50,0,0

2,OHT,V00795,1,1,0000,1,9007,450,9008,4,4,4PDMV608,4ANZ19-701,00000000,0000,4ABL3301A_OUT04,4ANZ19-701,90,0,0
2,OHT,V00564,1,1,0000,1,2101,100,2102,4,4,4PDD0270,4KCW3301_3,00000000,0000,4ANZ25-205,4KCW3301_3,50,0,0
2,OHT,V00975,1,1,0000,1,3356,250,3357,4,4,6PDB1402,4ANZ03-302,00000000,0000,4EPR5301_3,4ANZ03-302,50,0,0
2,OHT,V00313,1,1,0000,1,1043,500,1045,4,4,6PDN4064,4AFZ47-328,00000000,0000,4CSC1603_3,4AFZ47-328,50,0,0
2,OHT,V00649,1,1,0000,1,1621,0,1622,4,4,4NDNA076,4AFZ15-160,00000000,0000,4ALFE001_AO31,4AFZ15-160,50,0,0

2,OHT,V00795,1,1,0000,1,9007,500,9008,4,4,4PDMV608,4ANZ19-701,00000000,0000,4ABL3301A_OUT04,4ANZ19-701,90,0,0
2,OHT,V00564,1,1,0000,1,2101,150,2102,4,4,4PDD0270,4KCW3301_3,00000000,0000,4ANZ25-205,4KCW3301_3,50,0,0
2,OHT,V00975,1,1,0000,1,3356,300,3357,4,4,6PDB1402,4ANZ03-302,00000000,0000,4EPR5301_3,4ANZ03-302,50,0,0
2,OHT,V00313,1,1,0000,1,1043,550,1045,4,4,6PDN4064,4AFZ47-328,00000000,0000,4CSC1603_3,4AFZ47-328,50,0,0
2,OHT,V00649,1,1,0000,1,1621,50,1622,4,4,4NDNA076,4AFZ15-160,00000000,0000,4ALFE001_AO31,4AFZ15-160,50,0,0

2,OHT,V00795,1,1,0000,1,9008,0,9009,4,4,4PDMV608,4ANZ19-701,00000000,0000,4ABL3301A_OUT04,4ANZ19-701,90,0,0
2,OHT,V00564,1,1,0000,1,2101,200,2102,4,4,4PDD0270,4KCW3301_3,00000000,0000,4ANZ25-205,4KCW3301_3,50,0,0
2,OHT,V00975,1,1,0000,1,3356,350,3357,4,4,6PDB1402,4ANZ03-302,00000000,0000,4EPR5301_3,4ANZ03-302,50,0,0
2,OHT,V00313,1,1,0000,1,1043,600,1045,4,4,6PDN4064,4AFZ47-328,00000000,0000,4CSC1603_3,4AFZ47-328,50,0,0
2,OHT,V00649,1,1,0000,1,1621,100,1622,4,4,4NDNA076,4AFZ15-160,00000000,0000,4ALFE001_AO31,4AFZ15-160,50,0,0

2,OHT,V00795,1,1,0000,1,9008,50,9009,4,4,4PDMV608,4ANZ19-701,00000000,0000,4ABL3301A_OUT04,4ANZ19-701,90,0,0
2,OHT,V00564,1,1,0000,1,2101,250,2102,4,4,4PDD0270,4KCW3301_3,00000000,0000,4ANZ25-205,4KCW3301_3,50,0,0
2,OHT,V00975,1,1,0000,1,3356,400,3357,4,4,6PDB1402,4ANZ03-302,00000000,0000,4EPR5301_3,4ANZ03-302,50,0,0
2,OHT,V00313,1,1,0000,1,1043,650,1045,4,4,6PDN4064,4AFZ47-328,00000000,0000,4CSC1603_3,4AFZ47-328,50,0,0
2,OHT,V00649,1,1,0000,1,1621,150,1622,4,4,4NDNA076,4AFZ15-160,00000000,0000,4ALFE001_AO31,4AFZ15-160,50,0,0

2,OHT,V00795,1,1,0000,1,9008,100,9009,4,4,4PDMV608,4ANZ19-701,00000000,0000,4ABL3301A_OUT04,4ANZ19-701,90,0,0
2,OHT,V00564,1,1,0000,1,2101,300,2102,4,4,4PDD0270,4KCW3301_3,00000000,0000,4ANZ25-205,4KCW3301_3,50,0,0
2,OHT,V00975,1,1,0000,1,3356,450,3357,4,4,6PDB1402,4ANZ03-302,00000000,0000,4EPR5301_3,4ANZ03-302,50,0,0
2,OHT,V00313,1,1,0000,1,1043,700,1045,4,4,6PDN4064,4AFZ47-328,00000000,0000,4CSC1603_3,4AFZ47-328,50,0,0
2,OHT,V00649,1,1,0000,1,1621,200,1622,4,4,4NDNA076,4AFZ15-160,00000000,0000,4ALFE001_AO31,4AFZ15-160,50,0,0

2,OHT,V00795,1,1,0000,1,9008,150,9009,4,4,4PDMV608,4ANZ19-701,00000000,0000,4ABL3301A_OUT04,4ANZ19-701,90,0,0
2,OHT,V00564,1,1,0000,1,2101,350,2102,4,4,4PDD0270,4KCW3301_3,00000000,0000,4ANZ25-205,4KCW3301_3,50,0,0
2,OHT,V00975,1,1,0000,1,3356,500,3357,4,4,6PDB1402,4ANZ03-302,00000000,0000,4EPR5301_3,4ANZ03-302,50,0,0
2,OHT,V00313,1,1,0000,1,1043,750,1045,4,4,6PDN4064,4AFZ47-328,00000000,0000,4CSC1603_3,4AFZ47-328,50,0,0
2,OHT,V00649,1,1,0000,1,1621,250,1622,4,4,4NDNA076,4AFZ15-160,00000000,0000,4ALFE001_AO31,4AFZ15-160,50,0,0

2,OHT,V00795,1,1,0000,1,9008,200,9009,4,4,4PDMV608,4ANZ19-701,00000000,0000,4ABL3301A_OUT04,4ANZ19-701,90,0,0
2,OHT,V00564,1,1,0000,1,2101,400,2102,4,4,4PDD0270,4KCW3301_3,00000000,0000,4ANZ25-205,4KCW3301_3,50,0,0
2,OHT,V00975,1,1,0000,1,3356,550,3357,4,4,6PDB1402,4ANZ03-302,00000000,0000,4EPR5301_3,4ANZ03-302,50,0,0
2,OHT,V00313,1,1,0000,1,1043,800,1045,4,4,6PDN4064,4AFZ47-328,00000000,0000,4CSC1603_3,4AFZ47-328,50,0,0
2,OHT,V00649,1,1,0000,1,1622,0,1623,4,4,4NDNA076,4AFZ15-160,00000000,0000,4ALFE001_AO31,4AFZ15-160,50,0,0

2,OHT,V00795,1,1,0000,1,9008,250,9009,4,4,4PDMV608,4ANZ19-701,00000000,0000,4ABL3301A_OUT04,4ANZ19-701,90,0,0
2,OHT,V00564,1,1,0000,1,2101,450,2102,4,4,4PDD0270,4KCW3301_3,00000000,0000,4ANZ25-205,4KCW3301_3,50,0,0
2,OHT,V00975,1,1,0000,1,3356,600,3357,4,4,6PDB1402,4ANZ03-302,00000000,0000,4EPR5301_3,4ANZ03-302,50,0,0
2,OHT,V00313,1,1,0000,1,1043,850,1045,4,4,6PDN4064,4AFZ47-328,00000000,0000,4CSC1603_3,4AFZ47-328,50,0,0
2,OHT,V00649,1,1,0000,1,1622,50,1623,4,4,4NDNA076,4AFZ15-160,00000000,0000,4ALFE001_AO31,4AFZ15-160,50,0,0

2,OHT,V00795,1,1,0000,1,9008,300,9009,4,4,4PDMV608,4ANZ19-701,00000000,0000,4ABL3301A_OUT04,4ANZ19-701,90,0,0
2,OHT,V00564,1,1,0000,1,2101,500,2102,4,4,4PDD0270,4KCW3301_3,00000000,0000,4ANZ25-205,4KCW3301_3,50,0,0
2,OHT,V00975,1,1,0000,1,3356,650,3357,4,4,6PDB1402,4ANZ03-302,00000000,0000,4EPR5301_3,4ANZ03-302,50,0,0
2,OHT,V00313,1,1,0000,1,1043,900,1045,4,4,6PDN4064,4AFZ47-328,00000000,0000,4CSC1603_3,4AFZ47-328,50,0,0
2,OHT,V00649,1,1,0000,1,1622,100,1623,4,4,4NDNA076,4AFZ15-160,00000000,0000,4ALFE001_AO31,4AFZ15-160,50,0,0

2,OHT,V00795,1,1,0000,1,9008,350,9009,4,4,4PDMV608,4ANZ19-701,00000000,0000,4ABL3301A_OUT04,4ANZ19-701,90,0,0
2,OHT,V00564,1,1,0000,1,2101,550,2102,4,4,4PDD0270,4KCW3301_3,00000000,0000,4ANZ25-205,4KCW3301_3,50,0,0
2,OHT,V00975,1,1,0000,1,3356,700,3357,4,4,6PDB1402,4ANZ03-302,00000000,0000,4EPR5301_3,4ANZ03-302,50,0,0
2,OHT,V00313,1,1,0000,1,1043,950,1045,4,4,6PDN4064,4AFZ47-328,00000000,0000,4CSC1603_3,4AFZ47-328,50,0,0
2,OHT,V00649,1,1,0000,1,1622,150,1623,4,4,4NDNA076,4AFZ15-160,00000000,0000,4ALFE001_AO31,4AFZ15-160,50,0,0

2,OHT,V00795,1,1,0000,1,9009,0,9010,4,4,4PDMV608,4ANZ19-701,00000000,0000,4ABL3301A_OUT04,4ANZ19-701,90,0,0
2,OHT,V00564,1,1,0000,1,2102,0,2103,4,4,4PDD0270,4KCW3301_3,00000000,0000,4ANZ25-205,4KCW3301_3,50,0,0
2,OHT,V00975,1,1,0000,1,3356,750,3357,4,4,6PDB1402,4ANZ03-302,00000000,0000,4EPR5301_3,4ANZ03-302,50,0,0
2,OHT,V00313,1,1,0000,1,1045,0,1046,4,4,6PDN4064,4AFZ47-328,00000000,0000,4CSC1603_3,4AFZ47-328,50,0,0
2,OHT,V00649,1,1,0000,1,1622,200,1623,4,4,4NDNA076,4AFZ15-160,00000000,0000,4ALFE001_AO31,4AFZ15-160,50,0,0

2,OHT,V00795,1,1,0000,1,9009,50,9010,4,4,4PDMV608,4ANZ19-701,00000000,0000,4ABL3301A_OUT04,4ANZ19-701,90,0,0
2,OHT,V00564,1,1,0000,1,2102,50,2103,4,4,4PDD0270,4KCW3301_3,00000000,0000,4ANZ25-205,4KCW3301_3,50,0,0
2,OHT,V00975,1,1,0000,1,3356,800,3357,4,4,6PDB1402,4ANZ03-302,00000000,0000,4EPR5301_3,4ANZ03-302,50,0,0
2,OHT,V00313,1,1,0000,1,1045,50,1046,4,4,6PDN4064,4AFZ47-328,00000000,0000,4CSC1603_3,4AFZ47-328,50,0,0
2,OHT,V00649,1,1,0000,1,1622,250,1623,4,4,4NDNA076,4AFZ15-160,00000000,0000,4ALFE001_AO31,4AFZ15-160,50,0,0

2,OHT,V00795,1,1,0000,1,9009,100,9010,4,4,4PDMV608,4ANZ19-701,00000000,0000,4ABL3301A_OUT04,4ANZ19-701,90,0,0
2,OHT,V00564,1,1,0000,1,2102,100,2103,4,4,4PDD0270,4KCW3301_3,00000000,0000,4ANZ25-205,4KCW3301_3,50,0,0
2,OHT,V00975,1,1,0000,1,3356,850,3357,4,4,6PDB1402,4ANZ03-302,00000000,0000,4EPR5301_3,4ANZ03-302,50,0,0
2,OHT,V00313,1,1,0000,1,1045,100,1046,4,4,6PDN4064,4AFZ47-328,00000000,0000,4CSC1603_3,4AFZ47-328,50,0,0
2,OHT,V00649,1,1,0000,1,1622,300,1623,4,4,4NDNA076,4AFZ15-160,00000000,0000,4ALFE001_AO31,4AFZ15-160,50,0,0

2,OHT,V00795,1,1,0000,1,9009,150,9010,4,4,4PDMV608,4ANZ19-701,00000000,0000,4ABL3301A_OUT04,4ANZ19-701,90,0,0
2,OHT,V00564,1,1,0000,1,2102,150,2103,4,4,4PDD0270,4KCW3301_3,00000000,0000,4ANZ25-205,4KCW3301_3,50,0,0
2,OHT,V00975,1,1,0000,1,3356,900,3357,4,4,6PDB1402,4ANZ03-302,00000000,0000,4EPR5301_3,4ANZ03-302,50,0,0
2,OHT,V00313,1,1,0000,1,1045,150,1046,4,4,6PDN4064,4AFZ47-328,00000000,0000,4CSC1603_3,4AFZ47-328,50,0,0
2,OHT,V00649,1,1,0000,1,1622,350,1623,4,4,4NDNA076,4AFZ15-160,00000000,0000,4ALFE001_AO31,4AFZ15-160,50,0,0

2,OHT,V00795,1,1,0000,1,9009,200,9010,4,4,4PDMV608,4ANZ19-701,00000000,0000,4ABL3301A_OUT04,4ANZ19-701,90,0,0
2,OHT,V00564,1,1,0000,1,2102,200,2103,4,4,4PDD0270,4KCW3301_3,00000000,0000,4ANZ25-205,4KCW3301_3,50,0,0
2,OHT,V00975,1,1,0000,1,3357,0,3358,4,4,6PDB1402,4ANZ03-302,00000000,0000,4EPR5301_3,4ANZ03-302,50,0,0
2,OHT,V00313,1,1,0000,1,1045,200,1046,4,4,6PDN4064,4AFZ47-328,00000000,0000,4CSC1603_3,4AFZ47-328,50,0,0
2,OHT,V00649,1,1,0000,1,1623,0,1624,4,4,4NDNA076,4AFZ15-160,00000000,0000,4ALFE001_AO31,4AFZ15-160,50,0,0

2,OHT,V00795,1,1,0000,1,9009,250,9010,4,4,4PDMV608,4ANZ19-701,00000000,0000,4ABL3301A_OUT04,4ANZ19-701,90,0,0
2,OHT,V00564,1,1,0000,1,2102,250,2103,4,4,4PDD0270,4KCW3301_3,00000000,0000,4ANZ25-205,4KCW3301_3,50,0,0
2,OHT,V00975,1,1,0000,1,3357,50,3358,4,4,6PDB1402,4ANZ03-302,00000000,0000,4EPR5301_3,4ANZ03-302,50,0,0
2,OHT,V00313,1,1,0000,1,1045,250,1046,4,4,6PDN4064,4AFZ47-328,00000000,0000,4CSC1603_3,4AFZ47-328,50,0,0
2,OHT,V00649,1,1,0000,1,1623,50,1624,4,4,4NDNA076,4AFZ15-160,00000000,0000,4ALFE001_AO31,4AFZ15-160,50,0,0

2,OHT,V00795,1,1,0000,1,9009,300,9010,4,4,4PDMV608,4ANZ19-701,00000000,0000,4ABL3301A_OUT04,4ANZ19-701,90,0,0
2,OHT,V00564,1,1,0000,1,2102,300,2103,4,4,4PDD0270,4KCW3301_3,00000000,0000,4ANZ25-205,4KCW3301_3,50,0,0
2,OHT,V00975,1,1,0000,1,3357,100,3358,4,4,6PDB1402,4ANZ03-302,00000000,0000,4EPR5301_3,4ANZ03-302,50,0,0
2,OHT,V00313,1,1,0000,1,1045,300,1046,4,4,6PDN4064,4AFZ47-328,00000000,0000,4CSC1603_3,4AFZ47-328,50,0,0
2,OHT,V00649,1,1,0000,1,1623,100,1624,4,4,4NDNA076,4AFZ15-160,00000000,0000,4ALFE001_AO31,4AFZ15-160,50,0,0

2,OHT,V00795,1,1,0000,1,9009,350,9010,4,4,4PDMV608,4ANZ19-701,00000000,0000,4ABL3301A_OUT04,4ANZ19-701,90,0,0
2,OHT,V00564,1,1,0000,1,2102,350,2103,4,4,4PDD0270,4KCW3301_3,00000000,0000,4ANZ25-205,4KCW3301_3,50,0,0
2,OHT,V00975,1,1,0000,1,3357,150,3358,4,4,6PDB1402,4ANZ03-302,00000000,0000,4EPR5301_3,4ANZ03-302,50,0,0
2,OHT,V00313,1,1,0000,1,1045,350,1046,4,4,6PDN4064,4AFZ47-328,00000000,0000,4CSC1603_3,4AFZ47-328,50,0,0
2,OHT,V00649,1,1,0000,1,1623,150,1624,4,4,4NDNA076,4AFZ15-160,00000000,0000,4ALFE001_AO31,4AFZ15-160,50,0,0

2,OHT,V00795,1,1,0000,1,9010,0,9011,4,4,4PDMV608,4ANZ19-701,00000000,0000,4ABL3301A_OUT04,4ANZ19-701,90,0,0
2,OHT,V00564,1,1,0000,1,2102,400,2103,4,4,4PDD0270,4KCW3301_3,00000000,0000,4ANZ25-205,4KCW3301_3,50,0,0
2,OHT,V00975,1,1,0000,1,3357,200,3358,4,4,6PDB1402,4ANZ03-302,00000000,0000,4EPR5301_3,4ANZ03-302,50,0,0
2,OHT,V00313,1,1,0000,1,1045,400,1046,4,4,6PDN4064,4AFZ47-328,00000000,0000,4CSC1603_3,4AFZ47-328,50,0,0
2,OHT,V00649,1,1,0000,1,1623,200,1624,4,4,4NDNA076,4AFZ15-160,00000000,0000,4ALFE001_AO31,4AFZ15-160,50,0,0

2,OHT,V00795,1,1,0000,1,9010,50,9011,4,4,4PDMV608,4ANZ19-701,00000000,0000,4ABL3301A_OUT04,4ANZ19-701,90,0,0
2,OHT,V00564,1,1,0000,1,2102,450,2103,4,4,4PDD0270,4KCW3301_3,00000000,0000,4ANZ25-205,4KCW3301_3,50,0,0
2,OHT,V00975,1,1,0000,1,3357,250,3358,4,4,6PDB1402,4ANZ03-302,00000000,0000,4EPR5301_3,4ANZ03-302,50,0,0
2,OHT,V00313,1,1,0000,1,1045,450,1046,4,4,6PDN4064,4AFZ47-328,00000000,0000,4CSC1603_3,4AFZ47-328,50,0,0
2,OHT,V00649,1,1,0000,1,1623,250,1624,4,4,4NDNA076,4AFZ15-160,00000000,0000,4ALFE001_AO31,4AFZ15-160,50,0,0

2,OHT,V00795,1,1,0000,1,9010,100,9011,4,4,4PDMV608,4ANZ19-701,00000000,0000,4ABL3301A_OUT04,4ANZ19-701,90,0,0
2,OHT,V00564,1,1,0000,1,2102,500,2103,4,4,4PDD0270,4KCW3301_3,00000000,0000,4ANZ25-205,4KCW3301_3,50,0,0
2,OHT,V00975,1,1,0000,1,3358,0,3359,4,4,6PDB1402,4ANZ03-302,00000000,0000,4EPR5301_3,4ANZ03-302,50,0,0
2,OHT,V00313,1,1,0000,1,1046,0,1047,4,4,6PDN4064,4AFZ47-328,00000000,0000,4CSC1603_3,4AFZ47-328,50,0,0
2,OHT,V00649,1,1,0000,1,1623,300,1624,4,4,4NDNA076,4AFZ15-160,00000000,0000,4ALFE001_AO31,4AFZ15-160,50,0,0

2,OHT,V00795,1,1,0000,1,9010,150,9011,4,4,4PDMV608,4ANZ19-701,00000000,0000,4ABL3301A_OUT04,4ANZ19-701,90,0,0
2,OHT,V00564,1,1,0000,1,2102,550,2103,4,4,4PDD0270,4KCW3301_3,00000000,0000,4ANZ25-205,4KCW3301_3,50,0,0
2,OHT,V00975,1,1,0000,1,3358,50,3359,4,4,6PDB1402,4ANZ03-302,00000000,0000,4EPR5301_3,4ANZ03-302,50,0,0
2,OHT,V00313,1,1,0000,1,1046,50,1047,4,4,6PDN4064,4AFZ47-328,00000000,0000,4CSC1603_3,4AFZ47-328,50,0,0
2,OHT,V00649,1,1,0000,1,1623,350,1624,4,4,4NDNA076,4AFZ15-160,00000000,0000,4ALFE001_AO31,4AFZ15-160,50,0,0

2,OHT,V00795,1,1,0000,1,9010,200,9011,4,4,4PDMV608,4ANZ19-701,00000000,0000,4ABL3301A_OUT04,4ANZ19-701,90,0,0
2,OHT,V00564,1,1,0000,1,2102,600,2103,4,4,4PDD0270,4KCW3301_3,00000000,0000,4ANZ25-205,4KCW3301_3,50,0,0
2,OHT,V00975,1,1,0000,1,3358,100,3359,4,4,6PDB1402,4ANZ03-302,00000000,0000,4EPR5301_3,4ANZ03-302,50,0,0
2,OHT,V00313,1,1,0000,1,1046,100,1047,4,4,6PDN4064,4AFZ47-328,00000000,0000,4CSC1603_3,4AFZ47-328,50,0,0
2,OHT,V00649,1,1,0000,1,1623,400,1624,4,4,4NDNA076,4AFZ15-160,00000000,0000,4ALFE001_AO31,4AFZ15-160,50,0,0

2,OHT,V00795,1,1,0000,1,9010,250,9011,4,4,4PDMV608,4ANZ19-701,00000000,0000,4ABL3301A_OUT04,4ANZ19-701,90,0,0
2,OHT,V00564,1,1,0000,1,2102,650,2103,4,4,4PDD0270,4KCW3301_3,00000000,0000,4ANZ25-205,4KCW3301_3,50,0,0
2,OHT,V00975,1,1,0000,1,3358,150,3359,4,4,6PDB1402,4ANZ03-302,00000000,0000,4EPR5301_3,4ANZ03-302,50,0,0
2,OHT,V00313,1,1,0000,1,1046,150,1047,4,4,6PDN4064,4AFZ47-328,00000000,0000,4CSC1603_3,4AFZ47-328,50,0,0
2,OHT,V00649,1,1,0000,1,1623,450,1624,4,4,4NDNA076,4AFZ15-160,00000000,0000,4ALFE001_AO31,4AFZ15-160,50,0,0

2,OHT,V00795,1,1,0000,1,9010,300,9011,4,4,4PDMV608,4ANZ19-701,00000000,0000,4ABL3301A_OUT04,4ANZ19-701,90,0,0
2,OHT,V00564,1,1,0000,1,2103,0,2105,4,4,4PDD0270,4KCW3301_3,00000000,0000,4ANZ25-205,4KCW3301_3,50,0,0
2,OHT,V00975,1,1,0000,1,3358,200,3359,4,4,6PDB1402,4ANZ03-302,00000000,0000,4EPR5301_3,4ANZ03-302,50,0,0
2,OHT,V00313,1,1,0000,1,1046,200,1047,4,4,6PDN4064,4AFZ47-328,00000000,0000,4CSC1603_3,4AFZ47-328,50,0,0
2,OHT,V00649,1,1,0000,1,1623,500,1624,4,4,4NDNA076,4AFZ15-160,00000000,0000,4ALFE001_AO31,4AFZ15-160,50,0,0

2,OHT,V00795,1,1,0000,1,9010,350,9011,4,4,4PDMV608,4ANZ19-701,00000000,0000,4ABL3301A_OUT04,4ANZ19-701,90,0,0
2,OHT,V00564,1,1,0000,1,2103,50,2105,4,4,4PDD0270,4KCW3301_3,00000000,0000,4ANZ25-205,4KCW3301_3,50,0,0
2,OHT,V00975,1,1,0000,1,3358,250,3359,4,4,6PDB1402,4ANZ03-302,00000000,0000,4EPR5301_3,4ANZ03-302,50,0,0
2,OHT,V00313,1,1,0000,1,1046,250,1047,4,4,6PDN4064,4AFZ47-328,00000000,0000,4CSC1603_3,4AFZ47-328,50,0,0
2,OHT,V00649,1,1,0000,1,1623,550,1624,4,4,4NDNA076,4AFZ15-160,00000000,0000,4ALFE001_AO31,4AFZ15-160,50,0,0

2,OHT,V00795,1,1,0000,1,9010,400,9011,4,4,4PDMV608,4ANZ19-701,00000000,0000,4ABL3301A_OUT04,4ANZ19-701,90,0,0
2,OHT,V00564,1,1,0000,1,2103,100,2105,4,4,4PDD0270,4KCW3301_3,00000000,0000,4ANZ25-205,4KCW3301_3,50,0,0
2,OHT,V00975,1,1,0000,1,3358,300,3359,4,4,6PDB1402,4ANZ03-302,00000000,0000,4EPR5301_3,4ANZ03-302,50,0,0
2,OHT,V00313,1,1,0000,1,1046,300,1047,4,4,6PDN4064,4AFZ47-328,00000000,0000,4CSC1603_3,4AFZ47-328,50,0,0
2,OHT,V00649,1,1,0000,1,1624,0,1625,4,4,4NDNA076,4AFZ15-160,00000000,0000,4ALFE001_AO31,4AFZ15-160,50,0,0

2,OHT,V00795,1,1,0000,1,9010,450,9011,4,4,4PDMV608,4ANZ19-701,00000000,0000,4ABL3301A_OUT04,4ANZ19-701,90,0,0
2,OHT,V00564,1,1,0000,1,2103,150,2105,4,4,4PDD0270,4KCW3301_3,00000000,0000,4ANZ25-205,4KCW3301_3,50,0,0
2,OHT,V00975,1,1,0000,1,3358,350,3359,4,4,6PDB1402,4ANZ03-302,00000000,0000,4EPR5301_3,4ANZ03-302,50,0,0
2,OHT,V00313,1,1,0000,1,1046,350,1047,4,4,6PDN4064,4AFZ47-328,00000000,0000,4CSC1603_3,4AFZ47-328,50,0,0
2,OHT,V00649,1,1,0000,1,1624,50,1625,4,4,4NDNA076,4AFZ15-160,00000000,0000,4ALFE001_AO31,4AFZ15-160,50,0,0

2,OHT,V00795,1,1,0000,1,9010,500,9011,4,4,4PDMV608,4ANZ19-701,00000000,0000,4ABL3301A_OUT04,4ANZ19-701,90,0,0
2,OHT,V00564,1,1,0000,1,2103,200,2105,4,4,4PDD0270,4KCW3301_3,00000000,0000,4ANZ25-205,4KCW3301_3,50,0,0
2,OHT,V00975,1,1,0000,1,3359,0,3360,4,4,6PDB1402,4ANZ03-302,00000000,0000,4EPR5301_3,4ANZ03-302,50,0,0
2,OHT,V00313,1,1,0000,1,1046,400,1047,4,4,6PDN4064,4AFZ47-328,00000000,0000,4CSC1603_3,4AFZ47-328,50,0,0
2,OHT,V00649,1,1,0000,1,1624,100,1625,4,4,4NDNA076,4AFZ15-160,00000000,0000,4ALFE001_AO31,4AFZ15-160,50,0,0

2,OHT,V00795,1,1,0000,1,9010,550,9011,4,4,4PDMV608,4ANZ19-701,00000000,0000,4ABL3301A_OUT04,4ANZ19-701,90,0,0
2,OHT,V00564,1,1,0000,1,2103,250,2105,4,4,4PDD0270,4KCW3301_3,00000000,0000,4ANZ25-205,4KCW3301_3,50,0,0
2,OHT,V00975,1,1,0000,1,3359,50,3360,4,4,6PDB1402,4ANZ03-302,00000000,0000,4EPR5301_3,4ANZ03-302,50,0,0
2,OHT,V00313,1,1,0000,1,1046,450,1047,4,4,6PDN4064,4AFZ47-328,00000000,0000,4CSC1603_3,4AFZ47-328,50,0,0
2,OHT,V00649,1,1,0000,1,1624,150,1625,4,4,4NDNA076,4AFZ15-160,00000000,0000,4ALFE001_AO31,4AFZ15-160,50,0,0

2,OHT,V00795,1,1,0000,1,9011,0,9012,4,4,4PDMV608,4ANZ19-701,00000000,0000,4ABL3301A_OUT04,4ANZ19-701,90,0,0
2,OHT,V00564,1,1,0000,1,2103,300,2105,4,4,4PDD0270,4KCW3301_3,00000000,0000,4ANZ25-205,4KCW3301_3,50,0,0
2,OHT,V00975,1,1,0000,1,3359,100,3360,4,4,6PDB1402,4ANZ03-302,00000000,0000,4EPR5301_3,4ANZ03-302,50,0,0
2,OHT,V00313,1,1,0000,1,1046,500,1047,4,4,6PDN4064,4AFZ47-328,00000000,0000,4CSC1603_3,4AFZ47-328,50,0,0
2,OHT,V00649,1,1,0000,1,1624,200,1625,4,4,4NDNA076,4AFZ15-160,00000000,0000,4ALFE001_AO31,4AFZ15-160,50,0,0

2,OHT,V00795,1,1,0000,1,9011,50,9012,4,4,4PDMV608,4ANZ19-701,00000000,0000,4ABL3301A_OUT04,4ANZ19-701,90,0,0
2,OHT,V00564,1,1,0000,1,2103,350,2105,4,4,4PDD0270,4KCW3301_3,00000000,0000,4ANZ25-205,4KCW3301_3,50,0,0
2,OHT,V00975,1,1,0000,1,3359,150,3360,4,4,6PDB1402,4ANZ03-302,00000000,0000,4EPR5301_3,4ANZ03-302,50,0,0
2,OHT,V00313,1,1,0000,1,1046,550,1047,4,4,6PDN4064,4AFZ47-328,00000000,0000,4CSC1603_3,4AFZ47-328,50,0,0
2,OHT,V00649,1,1,0000,1,1624,250,1625,4,4,4NDNA076,4AFZ15-160,00000000,0000,4ALFE001_AO31,4AFZ15-160,50,0,0

2,OHT,V00795,1,1,0000,1,9011,100,9012,4,4,4PDMV608,4ANZ19-701,00000000,0000,4ABL3301A_OUT04,4ANZ19-701,90,0,0
2,OHT,V00564,1,1,0000,1,2103,400,2105,4,4,4PDD0270,4KCW3301_3,00000000,0000,4ANZ25-205,4KCW3301_3,50,0,0
2,OHT,V00975,1,1,0000,1,3359,200,3360,4,4,6PDB1402,4ANZ03-302,00000000,0000,4EPR5301_3,4ANZ03-302,50,0,0
2,OHT,V00313,1,1,0000,1,1046,600,1047,4,4,6PDN4064,4AFZ47-328,00000000,0000,4CSC1603_3,4AFZ47-328,50,0,0
2,OHT,V00649,1,1,0000,1,1624,300,1625,4,4,4NDNA076,4AFZ15-160,00000000,0000,4ALFE001_AO31,4AFZ15-160,50,0,0

2,OHT,V00795,1,1,0000,1,9011,150,9012,4,4,4PDMV608,4ANZ19-701,00000000,0000,4ABL3301A_OUT04,4ANZ19-701,90,0,0
2,OHT,V00564,1,1,0000,1,2103,450,2105,4,4,4PDD0270,4KCW3301_3,00000000,0000,4ANZ25-205,4KCW3301_3,50,0,0
2,OHT,V00975,1,1,0000,1,3359,250,3360,4,4,6PDB1402,4ANZ03-302,00000000,0000,4EPR5301_3,4ANZ03-302,50,0,0
2,OHT,V00313,1,1,0000,1,1046,650,1047,4,4,6PDN4064,4AFZ47-328,00000000,0000,4CSC1603_3,4AFZ47-328,50,0,0
2,OHT,V00649,1,1,0000,1,1624,350,1625,4,4,4NDNA076,4AFZ15-160,00000000,0000,4ALFE001_AO31,4AFZ15-160,50,0,0

2,OHT,V00795,1,1,0000,1,9011,200,9012,4,4,4PDMV608,4ANZ19-701,00000000,0000,4ABL3301A_OUT04,4ANZ19-701,90,0,0
2,OHT,V00564,1,1,0000,1,2103,500,2105,4,4,4PDD0270,4KCW3301_3,00000000,0000,4ANZ25-205,4KCW3301_3,50,0,0
2,OHT,V00975,1,1,0000,1,3359,300,3360,4,4,6PDB1402,4ANZ03-302,00000000,0000,4EPR5301_3,4ANZ03-302,50,0,0
2,OHT,V00313,1,1,0000,1,1047,0,1048,4,4,6PDN4064,4AFZ47-328,00000000,0000,4CSC1603_3,4AFZ47-328,50,0,0
2,OHT,V00649,1,1,0000,1,1624,400,1625,4,4,4NDNA076,4AFZ15-160,00000000,0000,4ALFE001_AO31,4AFZ15-160,50,0,0

2,OHT,V00795,1,1,0000,1,9011,250,9012,4,4,4PDMV608,4ANZ19-701,00000000,0000,4ABL3301A_OUT04,4ANZ19-701,90,0,0
2,OHT,V00564,1,1,0000,1,2103,550,2105,4,4,4PDD0270,4KCW3301_3,00000000,0000,4ANZ25-205,4KCW3301_3,50,0,0
2,OHT,V00975,1,1,0000,1,3359,350,3360,4,4,6PDB1402,4ANZ03-302,00000000,0000,4EPR5301_3,4ANZ03-302,50,0,0
2,OHT,V00313,1,1,0000,1,1047,50,1048,4,4,6PDN4064,4AFZ47-328,00000000,0000,4CSC1603_3,4AFZ47-328,50,0,0
2,OHT,V00649,1,1,0000,1,1624,450,1625,4,4,4NDNA076,4AFZ15-160,00000000,0000,4ALFE001_AO31,4AFZ15-160,50,0,0

2,OHT,V00795,1,1,0000,1,9011,300,9012,4,4,4PDMV608,4ANZ19-701,00000000,0000,4ABL3301A_OUT04,4ANZ19-701,90,0,0
2,OHT,V00564,1,1,0000,1,2103,600,2105,4,4,4PDD0270,4KCW3301_3,00000000,0000,4ANZ25-205,4KCW3301_3,50,0,0
2,OHT,V00975,1,1,0000,1,3359,400,3360,4,4,6PDB1402,4ANZ03-302,00000000,0000,4EPR5301_3,4ANZ03-302,50,0,0
2,OHT,V00313,1,1,0000,1,1047,100,1048,4,4,6PDN4064,4AFZ47-328,00000000,0000,4CSC1603_3,4AFZ47-328,50,0,0
2,OHT,V00649,1,1,0000,1,1624,500,1625,4,4,4NDNA076,4AFZ15-160,00000000,0000,4ALFE001_AO31,4AFZ15-160,50,0,0

2,OHT,V00795,1,1,0000,1,9011,350,9012,4,4,4PDMV608,4ANZ19-701,00000000,0000,4ABL3301A_OUT04,4ANZ19-701,90,0,0
2,OHT,V00564,1,1,0000,1,2103,650,2105,4,4,4PDD0270,4KCW3301_3,00000000,0000,4ANZ25-205,4KCW3301_3,50,0,0
2,OHT,V00975,1,1,0000,1,3359,450,3360,4,4,6PDB1402,4ANZ03-302,00000000,0000,4EPR5301_3,4ANZ03-302,50,0,0
2,OHT,V00313,1,1,0000,1,1047,150,1048,4,4,6PDN4064,4AFZ47-328,00000000,0000,4CSC1603_3,4AFZ47-328,50,0,0
2,OHT,V00649,1,1,0000,1,1624,550,1625,4,4,4NDNA076,4AFZ15-160,00000000,0000,4ALFE001_AO31,4AFZ15-160,50,0,0

2,OHT,V00795,1,1,0000,1,9011,400,9012,4,4,4PDMV608,4ANZ19-701,00000000,0000,4ABL3301A_OUT04,4ANZ19-701,90,0,0
2,OHT,V00564,1,1,0000,1,2103,700,2105,4,4,4PDD0270,4KCW3301_3,00000000,0000,4ANZ25-205,4KCW3301_3,50,0,0
2,OHT,V00975,1,1,0000,1,3359,500,3360,4,4,6PDB1402,4ANZ03-302,00000000,0000,4EPR5301_3,4ANZ03-302,50,0,0
2,OHT,V00313,1,1,0000,1,1047,200,1048,4,4,6PDN4064,4AFZ47-328,00000000,0000,4CSC1603_3,4AFZ47-328,50,0,0
2,OHT,V00649,1,1,0000,1,1624,600,1625,4,4,4NDNA076,4AFZ15-160,00000000,0000,4ALFE001_AO31,4AFZ15-160,50,0,0

2,OHT,V00795,1,1,0000,1,9011,450,9012,4,4,4PDMV608,4ANZ19-701,00000000,0000,4ABL3301A_OUT04,4ANZ19-701,90,0,0
2,OHT,V00564,1,1,0000,1,2103,750,2105,4,4,4PDD0270,4KCW3301_3,00000000,0000,4ANZ25-205,4KCW3301_3,50,0,0
2,OHT,V00975,1,1,0000,1,3359,550,3360,4,4,6PDB1402,4ANZ03-302,00000000,0000,4EPR5301_3,4ANZ03-302,50,0,0
2,OHT,V00313,1,1,0000,1,1047,250,1048,4,4,6PDN4064,4AFZ47-328,00000000,0000,4CSC1603_3,4AFZ47-328,50,0,0
2,OHT,V00649,1,1,0000,1,1624,650,1625,4,4,4NDNA076,4AFZ15-160,00000000,0000,4ALFE001_AO31,4AFZ15-160,50,0,0

2,OHT,V00795,1,1,0000,1,9011,500,9012,4,4,4PDMV608,4ANZ19-701,00000000,0000,4ABL3301A_OUT04,4ANZ19-701,90,0,0
2,OHT,V00564,1,1,0000,1,2103,800,2105,4,4,4PDD0270,4KCW3301_3,00000000,0000,4ANZ25-205,4KCW3301_3,50,0,0
2,OHT,V00975,1,1,0000,1,3360,0,3361,4,4,6PDB1402,4ANZ03-302,00000000,0000,4EPR5301_3,4ANZ03-302,50,0,0
2,OHT,V00313,1,1,0000,1,1047,300,1048,4,4,6PDN4064,4AFZ47-328,00000000,0000,4CSC1603_3,4AFZ47-328,50,0,0
2,OHT,V00649,1,1,0000,1,1625,0,1626,4,4,4NDNA076,4AFZ15-160,00000000,0000,4ALFE001_AO31,4AFZ15-160,50,0,0

2,OHT,V00795,1,1,0000,1,9011,550,9012,4,4,4PDMV608,4ANZ19-701,00000000,0000,4ABL3301A_OUT04,4ANZ19-701,90,0,0
2,OHT,V00564,1,1,0000,1,2103,850,2105,4,4,4PDD0270,4KCW3301_3,00000000,0000,4ANZ25-205,4KCW3301_3,50,0,0
2,OHT,V00975,1,1,0000,1,3360,50,3361,4,4,6PDB1402,4ANZ03-302,00000000,0000,4EPR5301_3,4ANZ03-302,50,0,0
2,OHT,V00313,1,1,0000,1,1047,350,1048,4,4,6PDN4064,4AFZ47-328,00000000,0000,4CSC1603_3,4AFZ47-328,50,0,0
2,OHT,V00649,1,1,0000,1,1625,50,1626,4,4,4NDNA076,4AFZ15-160,00000000,0000,4ALFE001_AO31,4AFZ15-160,50,0,0

2,OHT,V00795,1,1,0000,1,9011,600,9012,4,4,4PDMV608,4ANZ19-701,00000000,0000,4ABL3301A_OUT04,4ANZ19-701,90,0,0
2,OHT,V00564,1,1,0000,1,2103,900,2105,4,4,4PDD0270,4KCW3301_3,00000000,0000,4ANZ25-205,4KCW3301_3,50,0,0
2,OHT,V00975,1,1,0000,1,3360,100,3361,4,4,6PDB1402,4ANZ03-302,00000000,0000,4EPR5301_3,4ANZ03-302,50,0,0
2,OHT,V00313,1,1,0000,1,1047,400,1048,4,4,6PDN4064,4AFZ47-328,00000000,0000,4CSC1603_3,4AFZ47-328,50,0,0
2,OHT,V00649,1,1,0000,1,1625,100,1626,4,4,4NDNA076,4AFZ15-160,00000000,0000,4ALFE001_AO31,4AFZ15-160,50,0,0

2,OHT,V00795,1,1,0000,1,9011,650,9012,4,4,4PDMV608,4ANZ19-701,00000000,0000,4ABL3301A_OUT04,4ANZ19-701,90,0,0
2,OHT,V00564,1,1,0000,1,2103,950,2105,4,4,4PDD0270,4KCW3301_3,00000000,0000,4ANZ25-205,4KCW3301_3,50,0,0
2,OHT,V00975,1,1,0000,1,3360,150,3361,4,4,6PDB1402,4ANZ03-302,00000000,0000,4EPR5301_3,4ANZ03-302,50,0,0
2,OHT,V00313,1,1,0000,1,1047,450,1048,4,4,6PDN4064,4AFZ47-328,00000000,0000,4CSC1603_3,4AFZ47-328,50,0,0
2,OHT,V00649,1,1,0000,1,1625,150,1626,4,4,4NDNA076,4AFZ15-160,00000000,0000,4ALFE001_AO31,4AFZ15-160,50,0,0

2,OHT,V00795,1,1,0000,1,9012,0,9013,4,4,4PDMV608,4ANZ19-701,00000000,0000,4ABL3301A_OUT04,4ANZ19-701,90,0,0
2,OHT,V00564,1,1,0000,1,2105,0,2106,4,4,4PDD0270,4KCW3301_3,00000000,0000,4ANZ25-205,4KCW3301_3,50,0,0
2,OHT,V00975,1,1,0000,1,3360,200,3361,4,4,6PDB1402,4ANZ03-302,00000000,0000,4EPR5301_3,4ANZ03-302,50,0,0
2,OHT,V00313,1,1,0000,1,1047,500,1048,4,4,6PDN4064,4AFZ47-328,00000000,0000,4CSC1603_3,4AFZ47-328,50,0,0
2,OHT,V00649,1,1,0000,1,1625,200,1626,4,4,4NDNA076,4AFZ15-160,00000000,0000,4ALFE001_AO31,4AFZ15-160,50,0,0

2,OHT,V00795,1,1,0000,1,9012,50,9013,4,4,4PDMV608,4ANZ19-701,00000000,0000,4ABL3301A_OUT04,4ANZ19-701,90,0,0
2,OHT,V00564,1,1,0000,1,2105,50,2106,4,4,4PDD0270,4KCW3301_3,00000000,0000,4ANZ25-205,4KCW3301_3,50,0,0
2,OHT,V00975,1,1,0000,1,3360,250,3361,4,4,6PDB1402,4ANZ03-302,00000000,0000,4EPR5301_3,4ANZ03-302,50,0,0
2,OHT,V00313,1,1,0000,1,1047,550,1048,4,4,6PDN4064,4AFZ47-328,00000000,0000,4CSC1603_3,4AFZ47-328,50,0,0
2,OHT,V00649,1,1,0000,1,1625,250,1626,4,4,4NDNA076,4AFZ15-160,00000000,0000,4ALFE001_AO31,4AFZ15-160,50,0,0

2,OHT,V00795,1,1,0000,1,9012,100,9013,4,4,4PDMV608,4ANZ19-701,00000000,0000,4ABL3301A_OUT04,4ANZ19-701,90,0,0
2,OHT,V00564,1,1,0000,1,2105,100,2106,4,4,4PDD0270,4KCW3301_3,00000000,0000,4ANZ25-205,4KCW3301_3,50,0,0
2,OHT,V00975,1,1,0000,1,3360,300,3361,4,4,6PDB1402,4ANZ03-302,00000000,0000,4EPR5301_3,4ANZ03-302,50,0,0
2,OHT,V00313,1,1,0000,1,1047,600,1048,4,4,6PDN4064,4AFZ47-328,00000000,0000,4CSC1603_3,4AFZ47-328,50,0,0
2,OHT,V00649,1,1,0000,1,1625,300,1626,4,4,4NDNA076,4AFZ15-160,00000000,0000,4ALFE001_AO31,4AFZ15-160,50,0,0

2,OHT,V00795,1,1,0000,1,9012,150,9013,4,4,4PDMV608,4ANZ19-701,00000000,0000,4ABL3301A_OUT04,4ANZ19-701,90,0,0
2,OHT,V00564,1,1,0000,1,2105,150,2106,4,4,4PDD0270,4KCW3301_3,00000000,0000,4ANZ25-205,4KCW3301_3,50,0,0
2,OHT,V00975,1,1,0000,1,3360,350,3361,4,4,6PDB1402,4ANZ03-302,00000000,0000,4EPR5301_3,4ANZ03-302,50,0,0
2,OHT,V00313,1,1,0000,1,1047,650,1048,4,4,6PDN4064,4AFZ47-328,00000000,0000,4CSC1603_3,4AFZ47-328,50,0,0
2,OHT,V00649,1,1,0000,1,1625,350,1626,4,4,4NDNA076,4AFZ15-160,00000000,0000,4ALFE001_AO31,4AFZ15-160,50,0,0

2,OHT,V00795,1,1,0000,1,9012,200,9013,4,4,4PDMV608,4ANZ19-701,00000000,0000,4ABL3301A_OUT04,4ANZ19-701,90,0,0
2,OHT,V00564,1,1,0000,1,2105,200,2106,4,4,4PDD0270,4KCW3301_3,00000000,0000,4ANZ25-205,4KCW3301_3,50,0,0
2,OHT,V00975,1,1,0000,1,3360,400,3361,4,4,6PDB1402,4ANZ03-302,00000000,0000,4EPR5301_3,4ANZ03-302,50,0,0
2,OHT,V00313,1,1,0000,1,1048,0,1049,4,4,6PDN4064,4AFZ47-328,00000000,0000,4CSC1603_3,4AFZ47-328,50,0,0
2,OHT,V00649,1,1,0000,1,1625,400,1626,4,4,4NDNA076,4AFZ15-160,00000000,0000,4ALFE001_AO31,4AFZ15-160,50,0,0

2,OHT,V00795,1,1,0000,1,9012,250,9013,4,4,4PDMV608,4ANZ19-701,00000000,0000,4ABL3301A_OUT04,4ANZ19-701,90,0,0
2,OHT,V00564,1,1,0000,1,2105,250,2106,4,4,4PDD0270,4KCW3301_3,00000000,0000,4ANZ25-205,4KCW3301_3,50,0,0
2,OHT,V00975,1,1,0000,1,3360,450,3361,4,4,6PDB1402,4ANZ03-302,00000000,0000,4EPR5301_3,4ANZ03-302,50,0,0
2,OHT,V00313,1,1,0000,1,1048,50,1049,4,4,6PDN4064,4AFZ47-328,00000000,0000,4CSC1603_3,4AFZ47-328,50,0,0
2,OHT,V00649,1,1,0000,1,1625,450,1626,4,4,4NDNA076,4AFZ15-160,00000000,0000,4ALFE001_AO31,4AFZ15-160,50,0,0

2,OHT,V00795,1,1,0000,1,9013,0,9014,4,4,4PDMV608,4ANZ19-701,00000000,0000,4ABL3301A_OUT04,4ANZ19-701,90,0,0
2,OHT,V00564,1,1,0000,1,2105,300,2106,4,4,4PDD0270,4KCW3301_3,00000000,0000,4ANZ25-205,4KCW3301_3,50,0,0
2,OHT,V00975,1,1,0000,1,3360,500,3361,4,4,6PDB1402,4ANZ03-302,00000000,0000,4EPR5301_3,4ANZ03-302,50,0,0
2,OHT,V00313,1,1,0000,1,1048,100,1049,4,4,6PDN4064,4AFZ47-328,00000000,0000,4CSC1603_3,4AFZ47-328,50,0,0
2,OHT,V00649,1,1,0000,1,1626,0,1627,4,4,4NDNA076,4AFZ15-160,00000000,0000,4ALFE001_AO31,4AFZ15-160,50,0,0

2,OHT,V00795,1,1,0000,1,9013,50,9014,4,4,4PDMV608,4ANZ19-701,00000000,0000,4ABL3301A_OUT04,4ANZ19-701,90,0,0
2,OHT,V00564,1,1,0000,1,2105,350,2106,4,4,4PDD0270,4KCW3301_3,00000000,0000,4ANZ25-205,4KCW3301_3,50,0,0
2,OHT,V00975,1,1,0000,1,3360,550,3361,4,4,6PDB1402,4ANZ03-302,00000000,0000,4EPR5301_3,4ANZ03-302,50,0,0
2,OHT,V00313,1,1,0000,1,1048,150,1049,4,4,6PDN4064,4AFZ47-328,00000000,0000,4CSC1603_3,4AFZ47-328,50,0,0
2,OHT,V00649,1,1,0000,1,1626,50,1627,4,4,4NDNA076,4AFZ15-160,00000000,0000,4ALFE001_AO31,4AFZ15-160,50,0,0

2,OHT,V00795,1,1,0000,1,9013,100,9014,4,4,4PDMV608,4ANZ19-701,00000000,0000,4ABL3301A_OUT04,4ANZ19-701,90,0,0
2,OHT,V00564,1,1,0000,1,2105,400,2106,4,4,4PDD0270,4KCW3301_3,00000000,0000,4ANZ25-205,4KCW3301_3,50,0,0
2,OHT,V00975,1,1,0000,1,3360,600,3361,4,4,6PDB1402,4ANZ03-302,00000000,0000,4EPR5301_3,4ANZ03-302,50,0,0
2,OHT,V00313,1,1,0000,1,1048,200,1049,4,4,6PDN4064,4AFZ47-328,00000000,0000,4CSC1603_3,4AFZ47-328,50,0,0
2,OHT,V00649,1,1,0000,1,1626,100,1627,4,4,4NDNA076,4AFZ15-160,00000000,0000,4ALFE001_AO31,4AFZ15-160,50,0,0

2,OHT,V00795,1,1,0000,1,9013,150,9014,4,4,4PDMV608,4ANZ19-701,00000000,0000,4ABL3301A_OUT04,4ANZ19-701,90,0,0
2,OHT,V00564,1,1,0000,1,2105,450,2106,4,4,4PDD0270,4KCW3301_3,00000000,0000,4ANZ25-205,4KCW3301_3,50,0,0
2,OHT,V00975,1,1,0000,1,3360,650,3361,4,4,6PDB1402,4ANZ03-302,00000000,0000,4EPR5301_3,4ANZ03-302,50,0,0
2,OHT,V00313,1,1,0000,1,1048,250,1049,4,4,6PDN4064,4AFZ47-328,00000000,0000,4CSC1603_3,4AFZ47-328,50,0,0
2,OHT,V00649,1,1,0000,1,1626,150,1627,4,4,4NDNA076,4AFZ15-160,00000000,0000,4ALFE001_AO31,4AFZ15-160,50,0,0

2,OHT,V00795,1,1,0000,1,9013,200,9014,4,4,4PDMV608,4ANZ19-701,00000000,0000,4ABL3301A_OUT04,4ANZ19-701,90,0,0
2,OHT,V00564,1,1,0000,1,2106,0,2107,4,4,4PDD0270,4KCW3301_3,00000000,0000,4ANZ25-205,4KCW3301_3,50,0,0
2,OHT,V00975,1,1,0000,1,3361,0,3362,4,4,6PDB1402,4ANZ03-302,00000000,0000,4EPR5301_3,4ANZ03-302,50,0,0
2,OHT,V00313,1,1,0000,1,1048,300,1049,4,4,6PDN4064,4AFZ47-328,00000000,0000,4CSC1603_3,4AFZ47-328,50,0,0
2,OHT,V00649,1,1,0000,1,1626,200,1627,4,4,4NDNA076,4AFZ15-160,00000000,0000,4ALFE001_AO31,4AFZ15-160,50,0,0

2,OHT,V00795,1,1,0000,1,9013,250,9014,4,4,4PDMV608,4ANZ19-701,00000000,0000,4ABL3301A_OUT04,4ANZ19-701,90,0,0
2,OHT,V00564,1,1,0000,1,2106,50,2107,4,4,4PDD0270,4KCW3301_3,00000000,0000,4ANZ25-205,4KCW3301_3,50,0,0
2,OHT,V00975,1,1,0000,1,3361,50,3362,4,4,6PDB1402,4ANZ03-302,00000000,0000,4EPR5301_3,4ANZ03-302,50,0,0
2,OHT,V00313,1,1,0000,1,1048,350,1049,4,4,6PDN4064,4AFZ47-328,00000000,0000,4CSC1603_3,4AFZ47-328,50,0,0
2,OHT,V00649,1,1,0000,1,1626,250,1627,4,4,4NDNA076,4AFZ15-160,00000000,0000,4ALFE001_AO31,4AFZ15-160,50,0,0

2,OHT,V00795,1,1,0000,1,9013,300,9014,4,4,4PDMV608,4ANZ19-701,00000000,0000,4ABL3301A_OUT04,4ANZ19-701,90,0,0
2,OHT,V00564,1,1,0000,1,2106,100,2107,4,4,4PDD0270,4KCW3301_3,00000000,0000,4ANZ25-205,4KCW3301_3,50,0,0
2,OHT,V00975,1,1,0000,1,3361,100,3362,4,4,6PDB1402,4ANZ03-302,00000000,0000,4EPR5301_3,4ANZ03-302,50,0,0
2,OHT,V00313,1,1,0000,1,1048,400,1049,4,4,6PDN4064,4AFZ47-328,00000000,0000,4CSC1603_3,4AFZ47-328,50,0,0
2,OHT,V00649,1,1,0000,1,1626,300,1627,4,4,4NDNA076,4AFZ15-160,00000000,0000,4ALFE001_AO31,4AFZ15-160,50,0,0

2,OHT,V00795,1,1,0000,1,9014,0,9015,4,4,4PDMV608,4ANZ19-701,00000000,0000,4ABL3301A_OUT04,4ANZ19-701,90,0,0
2,OHT,V00564,1,1,0000,1,2106,150,2107,4,4,4PDD0270,4KCW3301_3,00000000,0000,4ANZ25-205,4KCW3301_3,50,0,0
2,OHT,V00975,1,1,0000,1,3361,150,3362,4,4,6PDB1402,4ANZ03-302,00000000,0000,4EPR5301_3,4ANZ03-302,50,0,0
2,OHT,V00313,1,1,0000,1,1048,450,1049,4,4,6PDN4064,4AFZ47-328,00000000,0000,4CSC1603_3,4AFZ47-328,50,0,0
2,OHT,V00649,1,1,0000,1,1626,350,1627,4,4,4NDNA076,4AFZ15-160,00000000,0000,4ALFE001_AO31,4AFZ15-160,50,0,0

2,OHT,V00795,1,1,0000,1,9014,50,9015,4,4,4PDMV608,4ANZ19-701,00000000,0000,4ABL3301A_OUT04,4ANZ19-701,90,0,0
2,OHT,V00564,1,1,0000,1,2106,200,2107,4,4,4PDD0270,4KCW3301_3,00000000,0000,4ANZ25-205,4KCW3301_3,50,0,0
2,OHT,V00975,1,1,0000,1,3361,200,3362,4,4,6PDB1402,4ANZ03-302,00000000,0000,4EPR5301_3,4ANZ03-302,50,0,0
2,OHT,V00313,1,1,0000,1,1048,500,1049,4,4,6PDN4064,4AFZ47-328,00000000,0000,4CSC1603_3,4AFZ47-328,50,0,0
2,OHT,V00649,1,1,0000,1,1626,400,1627,4,4,4NDNA076,4AFZ15-160,00000000,0000,4ALFE001_AO31,4AFZ15-160,50,0,0

2,OHT,V00795,1,1,0000,1,9014,100,9015,4,4,4PDMV608,4ANZ19-701,00000000,0000,4ABL3301A_OUT04,4ANZ19-701,90,0,0
2,OHT,V00564,1,1,0000,1,2106,250,2107,4,4,4PDD0270,4KCW3301_3,00000000,0000,4ANZ25-205,4KCW3301_3,50,0,0
2,OHT,V00975,1,1,0000,1,3361,250,3362,4,4,6PDB1402,4ANZ03-302,00000000,0000,4EPR5301_3,4ANZ03-302,50,0,0
2,OHT,V00313,1,1,0000,1,1048,550,1049,4,4,6PDN4064,4AFZ47-328,00000000,0000,4CSC1603_3,4AFZ47-328,50,0,0
2,OHT,V00649,1,1,0000,1,1626,450,1627,4,4,4NDNA076,4AFZ15-160,00000000,0000,4ALFE001_AO31,4AFZ15-160,50,0,0

2,OHT,V00795,1,1,0000,1,9014,150,9015,4,4,4PDMV608,4ANZ19-701,00000000,0000,4ABL3301A_OUT04,4ANZ19-701,90,0,0
2,OHT,V00564,1,1,0000,1,2106,300,2107,4,4,4PDD0270,4KCW3301_3,00000000,0000,4ANZ25-205,4KCW3301_3,50,0,0
2,OHT,V00975,1,1,0000,1,3361,300,3362,4,4,6PDB1402,4ANZ03-302,00000000,0000,4EPR5301_3,4ANZ03-302,50,0,0
2,OHT,V00313,1,1,0000,1,1048,600,1049,4,4,6PDN4064,4AFZ47-328,00000000,0000,4CSC1603_3,4AFZ47-328,50,0,0
2,OHT,V00649,1,1,0000,1,1627,0,1628,4,4,4NDNA076,4AFZ15-160,00000000,0000,4ALFE001_AO31,4AFZ15-160,50,0,0

2,OHT,V00795,1,1,0000,1,9014,200,9015,4,4,4PDMV608,4ANZ19-701,00000000,0000,4ABL3301A_OUT04,4ANZ19-701,90,0,0
2,OHT,V00564,1,1,0000,1,2106,350,2107,4,4,4PDD0270,4KCW3301_3,00000000,0000,4ANZ25-205,4KCW3301_3,50,0,0
2,OHT,V00975,1,1,0000,1,3361,350,3362,4,4,6PDB1402,4ANZ03-302,00000000,0000,4EPR5301_3,4ANZ03-302,50,0,0
2,OHT,V00313,1,1,0000,1,1048,650,1049,4,4,6PDN4064,4AFZ47-328,00000000,0000,4CSC1603_3,4AFZ47-328,50,0,0
2,OHT,V00649,1,1,0000,1,1627,50,1628,4,4,4NDNA076,4AFZ15-160,00000000,0000,4ALFE001_AO31,4AFZ15-160,50,0,0

2,OHT,V00795,1,1,0000,1,9014,250,9015,4,4,4PDMV608,4ANZ19-701,00000000,0000,4ABL3301A_OUT04,4ANZ19-701,90,0,0
2,OHT,V00564,1,1,0000,1,2106,400,2107,4,4,4PDD0270,4KCW3301_3,00000000,0000,4ANZ25-205,4KCW3301_3,50,0,0
2,OHT,V00975,1,1,0000,1,3361,400,3362,4,4,6PDB1402,4ANZ03-302,00000000,0000,4EPR5301_3,4ANZ03-302,50,0,0
2,OHT,V00313,1,1,0000,1,1049,0,1050,4,4,6PDN4064,4AFZ47-328,00000000,0000,4CSC1603_3,4AFZ47-328,50,0,0
2,OHT,V00649,1,1,0000,1,1627,100,1628,4,4,4NDNA076,4AFZ15-160,00000000,0000,4ALFE001_AO31,4AFZ15-160,50,0,0

2,OHT,V00795,1,1,0000,1,9014,300,9015,4,4,4PDMV608,4ANZ19-701,00000000,0000,4ABL3301A_OUT04,4ANZ19-701,90,0,0
2,OHT,V00564,1,1,0000,1,2106,450,2107,4,4,4PDD0270,4KCW3301_3,00000000,0000,4ANZ25-205,4KCW3301_3,50,0,0
2,OHT,V00975,1,1,0000,1,3361,450,3362,4,4,6PDB1402,4ANZ03-302,00000000,0000,4EPR5301_3,4ANZ03-302,50,0,0
2,OHT,V00313,1,1,0000,1,1049,50,1050,4,4,6PDN4064,4AFZ47-328,00000000,0000,4CSC1603_3,4AFZ47-328,50,0,0
2,OHT,V00649,1,1,0000,1,1627,150,1628,4,4,4NDNA076,4AFZ15-160,00000000,0000,4ALFE001_AO31,4AFZ15-160,50,0,0

2,OHT,V00795,1,1,0000,1,9014,350,9015,4,4,4PDMV608,4ANZ19-701,00000000,0000,4ABL3301A_OUT04,4ANZ19-701,90,0,0
2,OHT,V00564,1,1,0000,1,2106,500,2107,4,4,4PDD0270,4KCW3301_3,00000000,0000,4ANZ25-205,4KCW3301_3,50,0,0
2,OHT,V00975,1,1,0000,1,3361,500,3362,4,4,6PDB1402,4ANZ03-302,00000000,0000,4EPR5301_3,4ANZ03-302,50,0,0
2,OHT,V00313,1,1,0000,1,1049,100,1050,4,4,6PDN4064,4AFZ47-328,00000000,0000,4CSC1603_3,4AFZ47-328,50,0,0
2,OHT,V00649,1,1,0000,1,1627,200,1628,4,4,4NDNA076,4AFZ15-160,00000000,0000,4ALFE001_AO31,4AFZ15-160,50,0,0

2,OHT,V00795,1,1,0000,1,9015,0,9016,4,4,4PDMV608,4ANZ19-701,00000000,0000,4ABL3301A_OUT04,4ANZ19-701,90,0,0
2,OHT,V00564,1,1,0000,1,2106,550,2107,4,4,4PDD0270,4KCW3301_3,00000000,0000,4ANZ25-205,4KCW3301_3,50,0,0
2,OHT,V00975,1,1,0000,1,3362,0,3363,4,4,6PDB1402,4ANZ03-302,00000000,0000,4EPR5301_3,4ANZ03-302,50,0,0
2,OHT,V00313,1,1,0000,1,1049,150,1050,4,4,6PDN4064,4AFZ47-328,00000000,0000,4CSC1603_3,4AFZ47-328,50,0,0
2,OHT,V00649,1,1,0000,1,1627,250,1628,4,4,4NDNA076,4AFZ15-160,00000000,0000,4ALFE001_AO31,4AFZ15-160,50,0,0

2,OHT,V00795,1,1,0000,1,9015,50,9016,4,4,4PDMV608,4ANZ19-701,00000000,0000,4ABL3301A_OUT04,4ANZ19-701,90,0,0
2,OHT,V00564,1,1,0000,1,2106,600,2107,4,4,4PDD0270,4KCW3301_3,00000000,0000,4ANZ25-205,4KCW3301_3,50,0,0
2,OHT,V00975,1,1,0000,1,3362,50,3363,4,4,6PDB1402,4ANZ03-302,00000000,0000,4EPR5301_3,4ANZ03-302,50,0,0
2,OHT,V00313,1,1,0000,1,1049,200,1050,4,4,6PDN4064,4AFZ47-328,00000000,0000,4CSC1603_3,4AFZ47-328,50,0,0
2,OHT,V00649,1,1,0000,1,1627,300,1628,4,4,4NDNA076,4AFZ15-160,00000000,0000,4ALFE001_AO31,4AFZ15-160,50,0,0

2,OHT,V00795,1,1,0000,1,9015,100,9016,4,4,4PDMV608,4ANZ19-701,00000000,0000,4ABL3301A_OUT04,4ANZ19-701,90,0,0
2,OHT,V00564,1,1,0000,1,2106,650,2107,4,4,4PDD0270,4KCW3301_3,00000000,0000,4ANZ25-205,4KCW3301_3,50,0,0
2,OHT,V00975,1,1,0000,1,3362,100,3363,4,4,6PDB1402,4ANZ03-302,00000000,0000,4EPR5301_3,4ANZ03-302,50,0,0
2,OHT,V00313,1,1,0000,1,1049,250,1050,4,4,6PDN4064,4AFZ47-328,00000000,0000,4CSC1603_3,4AFZ47-328,50,0,0
2,OHT,V00649,1,1,0000,1,1627,350,1628,4,4,4NDNA076,4AFZ15-160,00000000,0000,4ALFE001_AO31,4AFZ15-160,50,0,0

2,OHT,V00795,1,1,0000,1,9015,150,9016,4,4,4PDMV608,4ANZ19-701,00000000,0000,4ABL3301A_OUT04,4ANZ19-701,90,0,0
2,OHT,V00564,1,1,0000,1,2106,700,2107,4,4,4PDD0270,4KCW3301_3,00000000,0000,4ANZ25-205,4KCW3301_3,50,0,0
2,OHT,V00975,1,1,0000,1,3362,150,3363,4,4,6PDB1402,4ANZ03-302,00000000,0000,4EPR5301_3,4ANZ03-302,50,0,0
2,OHT,V00313,1,1,0000,1,1049,300,1050,4,4,6PDN4064,4AFZ47-328,00000000,0000,4CSC1603_3,4AFZ47-328,50,0,0
2,OHT,V00649,1,1,0000,1,1627,400,1628,4,4,4NDNA076,4AFZ15-160,00000000,0000,4ALFE001_AO31,4AFZ15-160,50,0,0

2,OHT,V00795,1,1,0000,1,9015,200,9016,4,4,4PDMV608,4ANZ19-701,00000000,0000,4ABL3301A_OUT04,4ANZ19-701,90,0,0
2,OHT,V00564,1,1,0000,1,2107,0,2108,4,4,4PDD0270,4KCW3301_3,00000000,0000,4ANZ25-205,4KCW3301_3,50,0,0
2,OHT,V00975,1,1,0000,1,3362,200,3363,4,4,6PDB1402,4ANZ03-302,00000000,0000,4EPR5301_3,4ANZ03-302,50,0,0
2,OHT,V00313,1,1,0000,1,1049,350,1050,4,4,6PDN4064,4AFZ47-328,00000000,0000,4CSC1603_3,4AFZ47-328,50,0,0
2,OHT,V00649,1,1,0000,1,1627,450,1628,4,4,4NDNA076,4AFZ15-160,00000000,0000,4ALFE001_AO31,4AFZ15-160,50,0,0

2,OHT,V00795,1,1,0000,1,9015,250,9016,4,4,4PDMV608,4ANZ19-701,00000000,0000,4ABL3301A_OUT04,4ANZ19-701,90,0,0
2,OHT,V00564,1,1,0000,1,2107,50,2108,4,4,4PDD0270,4KCW3301_3,00000000,0000,4ANZ25-205,4KCW3301_3,50,0,0
2,OHT,V00975,1,1,0000,1,3362,250,3363,4,4,6PDB1402,4ANZ03-302,00000000,0000,4EPR5301_3,4ANZ03-302,50,0,0
2,OHT,V00313,1,1,0000,1,1049,400,1050,4,4,6PDN4064,4AFZ47-328,00000000,0000,4CSC1603_3,4AFZ47-328,50,0,0
2,OHT,V00649,1,1,0000,1,1627,500,1628,4,4,4NDNA076,4AFZ15-160,00000000,0000,4ALFE001_AO31,4AFZ15-160,50,0,0

2,OHT,V00795,1,1,0000,1,9015,300,9016,4,4,4PDMV608,4ANZ19-701,00000000,0000,4ABL3301A_OUT04,4ANZ19-701,90,0,0
2,OHT,V00564,1,1,0000,1,2107,100,2108,4,4,4PDD0270,4KCW3301_3,00000000,0000,4ANZ25-205,4KCW3301_3,50,0,0
2,OHT,V00975,1,1,0000,1,3362,300,3363,4,4,6PDB1402,4ANZ03-302,00000000,0000,4EPR5301_3,4ANZ03-302,50,0,0
2,OHT,V00313,1,1,0000,1,1049,450,1050,4,4,6PDN4064,4AFZ47-328,00000000,0000,4CSC1603_3,4AFZ47-328,50,0,0
2,OHT,V00649,1,1,0000,1,1627,550,1628,4,4,4NDNA076,4AFZ15-160,00000000,0000,4ALFE001_AO31,4AFZ15-160,50,0,0

2,OHT,V00795,1,1,0000,1,9015,350,9016,4,4,4PDMV608,4ANZ19-701,00000000,0000,4ABL3301A_OUT04,4ANZ19-701,90,0,0
2,OHT,V00564,1,1,0000,1,2107,150,2108,4,4,4PDD0270,4KCW3301_3,00000000,0000,4ANZ25-205,4KCW3301_3,50,0,0
2,OHT,V00975,1,1,0000,1,3362,350,3363,4,4,6PDB1402,4ANZ03-302,00000000,0000,4EPR5301_3,4ANZ03-302,50,0,0
2,OHT,V00313,1,1,0000,1,1049,500,1050,4,4,6PDN4064,4AFZ47-328,00000000,0000,4CSC1603_3,4AFZ47-328,50,0,0
2,OHT,V00649,1,1,0000,1,1627,600,1628,4,4,4NDNA076,4AFZ15-160,00000000,0000,4ALFE001_AO31,4AFZ15-160,50,0,0

2,OHT,V00795,1,1,0000,1,9015,400,9016,4,4,4PDMV608,4ANZ19-701,00000000,0000,4ABL3301A_OUT04,4ANZ19-701,90,0,0
2,OHT,V00564,1,1,0000,1,2107,200,2108,4,4,4PDD0270,4KCW3301_3,00000000,0000,4ANZ25-205,4KCW3301_3,50,0,0
2,OHT,V00975,1,1,0000,1,3362,400,3363,4,4,6PDB1402,4ANZ03-302,00000000,0000,4EPR5301_3,4ANZ03-302,50,0,0
2,OHT,V00313,1,1,0000,1,1049,550,1050,4,4,6PDN4064,4AFZ47-328,00000000,0000,4CSC1603_3,4AFZ47-328,50,0,0
2,OHT,V00649,1,1,0000,1,1628,0,1512,4,4,4NDNA076,4AFZ15-160,00000000,0000,4ALFE001_AO31,4AFZ15-160,50,0,0

2,OHT,V00795,1,1,0000,1,9015,450,9016,4,4,4PDMV608,4ANZ19-701,00000000,0000,4ABL3301A_OUT04,4ANZ19-701,90,0,0
2,OHT,V00564,1,1,0000,1,2107,250,2108,4,4,4PDD0270,4KCW3301_3,00000000,0000,4ANZ25-205,4KCW3301_3,50,0,0
2,OHT,V00975,1,1,0000,1,3362,450,3363,4,4,6PDB1402,4ANZ03-302,00000000,0000,4EPR5301_3,4ANZ03-302,50,0,0
2,OHT,V00313,1,1,0000,1,1049,600,1050,4,4,6PDN4064,4AFZ47-328,00000000,0000,4CSC1603_3,4AFZ47-328,50,0,0
2,OHT,V00649,1,1,0000,1,1628,50,1512,4,4,4NDNA076,4AFZ15-160,00000000,0000,4ALFE001_AO31,4AFZ15-160,50,0,0

2,OHT,V00795,1,1,0000,1,9015,500,9016,4,4,4PDMV608,4ANZ19-701,00000000,0000,4ABL3301A_OUT04,4ANZ19-701,90,0,0
2,OHT,V00564,1,1,0000,1,2108,0,2109,4,4,4PDD0270,4KCW3301_3,00000000,0000,4ANZ25-205,4KCW3301_3,50,0,0
2,OHT,V00975,1,1,0000,1,3363,0,3364,4,4,6PDB1402,4ANZ03-302,00000000,0000,4EPR5301_3,4ANZ03-302,50,0,0
2,OHT,V00313,1,1,0000,1,1049,650,1050,4,4,6PDN4064,4AFZ47-328,00000000,0000,4CSC1603_3,4AFZ47-328,50,0,0
2,OHT,V00649,1,1,0000,1,1628,100,1512,4,4,4NDNA076,4AFZ15-160,00000000,0000,4ALFE001_AO31,4AFZ15-160,50,0,0

2,OHT,V00795,1,1,0000,1,9015,550,9016,4,4,4PDMV608,4ANZ19-701,00000000,0000,4ABL3301A_OUT04,4ANZ19-701,90,0,0
2,OHT,V00564,1,1,0000,1,2108,50,2109,4,4,4PDD0270,4KCW3301_3,00000000,0000,4ANZ25-205,4KCW3301_3,50,0,0
2,OHT,V00975,1,1,0000,1,3363,50,3364,4,4,6PDB1402,4ANZ03-302,00000000,0000,4EPR5301_3,4ANZ03-302,50,0,0
2,OHT,V00313,1,1,0000,1,1049,700,1050,4,4,6PDN4064,4AFZ47-328,00000000,0000,4CSC1603_3,4AFZ47-328,50,0,0
2,OHT,V00649,1,1,0000,1,1628,150,1512,4,4,4NDNA076,4AFZ15-160,00000000,0000,4ALFE001_AO31,4AFZ15-160,50,0,0

2,OHT,V00795,1,1,0000,1,9015,600,9016,4,4,4PDMV608,4ANZ19-701,00000000,0000,4ABL3301A_OUT04,4ANZ19-701,90,0,0
2,OHT,V00564,1,1,0000,1,2108,100,2109,4,4,4PDD0270,4KCW3301_3,00000000,0000,4ANZ25-205,4KCW3301_3,50,0,0
2,OHT,V00975,1,1,0000,1,3363,100,3364,4,4,6PDB1402,4ANZ03-302,00000000,0000,4EPR5301_3,4ANZ03-302,50,0,0
2,OHT,V00313,1,1,0000,1,1050,0,1055,4,4,6PDN4064,4AFZ47-328,00000000,0000,4CSC1603_3,4AFZ47-328,50,0,0
2,OHT,V00649,1,1,0000,1,1628,200,1512,4,4,4NDNA076,4AFZ15-160,00000000,0000,4ALFE001_AO31,4AFZ15-160,50,0,0

2,OHT,V00795,1,1,0000,1,9016,0,9017,4,4,4PDMV608,4ANZ19-701,00000000,0000,4ABL3301A_OUT04,4ANZ19-701,90,0,0
2,OHT,V00564,1,1,0000,1,2108,150,2109,4,4,4PDD0270,4KCW3301_3,00000000,0000,4ANZ25-205,4KCW3301_3,50,0,0
2,OHT,V00975,1,1,0000,1,3363,150,3364,4,4,6PDB1402,4ANZ03-302,00000000,0000,4EPR5301_3,4ANZ03-302,50,0,0
2,OHT,V00313,1,1,0000,1,1050,50,1055,4,4,6PDN4064,4AFZ47-328,00000000,0000,4CSC1603_3,4AFZ47-328,50,0,0
2,OHT,V00649,1,1,0000,1,1628,250,1512,4,4,4NDNA076,4AFZ15-160,00000000,0000,4ALFE001_AO31,4AFZ15-160,50,0,0

2,OHT,V00795,1,1,0000,1,9016,50,9017,4,4,4PDMV608,4ANZ19-701,00000000,0000,4ABL3301A_OUT04,4ANZ19-701,90,0,0
2,OHT,V00564,1,1,0000,1,2108,200,2109,4,4,4PDD0270,4KCW3301_3,00000000,0000,4ANZ25-205,4KCW3301_3,50,0,0
2,OHT,V00975,1,1,0000,1,3363,200,3364,4,4,6PDB1402,4ANZ03-302,00000000,0000,4EPR5301_3,4ANZ03-302,50,0,0
2,OHT,V00313,1,1,0000,1,1050,100,1055,4,4,6PDN4064,4AFZ47-328,00000000,0000,4CSC1603_3,4AFZ47-328,50,0,0
2,OHT,V00649,1,1,0000,1,1628,300,1512,4,4,4NDNA076,4AFZ15-160,00000000,0000,4ALFE001_AO31,4AFZ15-160,50,0,0

2,OHT,V00795,1,1,0000,1,9016,100,9017,4,4,4PDMV608,4ANZ19-701,00000000,0000,4ABL3301A_OUT04,4ANZ19-701,90,0,0
2,OHT,V00564,1,1,0000,1,2108,250,2109,4,4,4PDD0270,4KCW3301_3,00000000,0000,4ANZ25-205,4KCW3301_3,50,0,0
2,OHT,V00975,1,1,0000,1,3363,250,3364,4,4,6PDB1402,4ANZ03-302,00000000,0000,4EPR5301_3,4ANZ03-302,50,0,0
2,OHT,V00313,1,1,0000,1,1050,150,1055,4,4,6PDN4064,4AFZ47-328,00000000,0000,4CSC1603_3,4AFZ47-328,50,0,0
2,OHT,V00649,1,1,0000,1,1628,350,1512,4,4,4NDNA076,4AFZ15-160,00000000,0000,4ALFE001_AO31,4AFZ15-160,50,0,0

2,OHT,V00795,1,1,0000,1,9016,150,9017,4,4,4PDMV608,4ANZ19-701,00000000,0000,4ABL3301A_OUT04,4ANZ19-701,90,0,0
2,OHT,V00564,1,1,0000,1,2108,300,2109,4,4,4PDD0270,4KCW3301_3,00000000,0000,4ANZ25-205,4KCW3301_3,50,0,0
2,OHT,V00975,1,1,0000,1,3363,300,3364,4,4,6PDB1402,4ANZ03-302,00000000,0000,4EPR5301_3,4ANZ03-302,50,0,0
2,OHT,V00313,1,1,0000,1,1050,200,1055,4,4,6PDN4064,4AFZ47-328,00000000,0000,4CSC1603_3,4AFZ47-328,50,0,0
2,OHT,V00649,1,1,0000,1,1512,0,1513,4,4,4NDNA076,4AFZ15-160,00000000,0000,4ALFE001_AO31,4AFZ15-160,50,0,0

2,OHT,V00795,1,1,0000,1,9016,200,9017,4,4,4PDMV608,4ANZ19-701,00000000,0000,4ABL3301A_OUT04,4ANZ19-701,90,0,0
2,OHT,V00564,1,1,0000,1,2108,350,2109,4,4,4PDD0270,4KCW3301_3,00000000,0000,4ANZ25-205,4KCW3301_3,50,0,0
2,OHT,V00975,1,1,0000,1,3363,350,3364,4,4,6PDB1402,4ANZ03-302,00000000,0000,4EPR5301_3,4ANZ03-302,50,0,0
2,OHT,V00313,1,1,0000,1,1050,250,1055,4,4,6PDN4064,4AFZ47-328,00000000,0000,4CSC1603_3,4AFZ47-328,50,0,0
2,OHT,V00649,1,1,0000,1,1512,50,1513,4,4,4NDNA076,4AFZ15-160,00000000,0000,4ALFE001_AO31,4AFZ15-160,50,0,0

2,OHT,V00795,1,1,0000,1,9016,250,9017,4,4,4PDMV608,4ANZ19-701,00000000,0000,4ABL3301A_OUT04,4ANZ19-701,90,0,0
2,OHT,V00564,1,1,0000,1,2109,0,2110,4,4,4PDD0270,4KCW3301_3,00000000,0000,4ANZ25-205,4KCW3301_3,50,0,0
2,OHT,V00975,1,1,0000,1,3363,400,3364,4,4,6PDB1402,4ANZ03-302,00000000,0000,4EPR5301_3,4ANZ03-302,50,0,0
2,OHT,V00313,1,1,0000,1,1050,300,1055,4,4,6PDN4064,4AFZ47-328,00000000,0000,4CSC1603_3,4AFZ47-328,50,0,0
2,OHT,V00649,1,1,0000,1,1512,100,1513,4,4,4NDNA076,4AFZ15-160,00000000,0000,4ALFE001_AO31,4AFZ15-160,50,0,0

2,OHT,V00795,1,1,0000,1,9016,300,9017,4,4,4PDMV608,4ANZ19-701,00000000,0000,4ABL3301A_OUT04,4ANZ19-701,90,0,0
2,OHT,V00564,1,1,0000,1,2109,50,2110,4,4,4PDD0270,4KCW3301_3,00000000,0000,4ANZ25-205,4KCW3301_3,50,0,0
2,OHT,V00975,1,1,0000,1,3363,450,3364,4,4,6PDB1402,4ANZ03-302,00000000,0000,4EPR5301_3,4ANZ03-302,50,0,0
2,OHT,V00313,1,1,0000,1,1050,350,1055,4,4,6PDN4064,4AFZ47-328,00000000,0000,4CSC1603_3,4AFZ47-328,50,0,0
2,OHT,V00649,1,1,0000,1,1512,150,1513,4,4,4NDNA076,4AFZ15-160,00000000,0000,4ALFE001_AO31,4AFZ15-160,50,0,0

2,OHT,V00795,1,1,0000,1,9016,350,9017,4,4,4PDMV608,4ANZ19-701,00000000,0000,4ABL3301A_OUT04,4ANZ19-701,90,0,0
2,OHT,V00564,1,1,0000,1,2109,100,2110,4,4,4PDD0270,4KCW3301_3,00000000,0000,4ANZ25-205,4KCW3301_3,50,0,0
2,OHT,V00975,1,1,0000,1,3363,500,3364,4,4,6PDB1402,4ANZ03-302,00000000,0000,4EPR5301_3,4ANZ03-302,50,0,0
2,OHT,V00313,1,1,0000,1,1050,400,1055,4,4,6PDN4064,4AFZ47-328,00000000,0000,4CSC1603_3,4AFZ47-328,50,0,0
2,OHT,V00649,1,1,0000,1,1512,200,1513,4,4,4NDNA076,4AFZ15-160,00000000,0000,4ALFE001_AO31,4AFZ15-160,50,0,0

2,OHT,V00795,1,1,0000,1,9016,400,9017,4,4,4PDMV608,4ANZ19-701,00000000,0000,4ABL3301A_OUT04,4ANZ19-701,90,0,0
2,OHT,V00564,1,1,0000,1,2109,150,2110,4,4,4PDD0270,4KCW3301_3,00000000,0000,4ANZ25-205,4KCW3301_3,50,0,0
2,OHT,V00975,1,1,0000,1,3363,550,3364,4,4,6PDB1402,4ANZ03-302,00000000,0000,4EPR5301_3,4ANZ03-302,50,0,0
2,OHT,V00313,1,1,0000,1,1050,450,1055,4,4,6PDN4064,4AFZ47-328,00000000,0000,4CSC1603_3,4AFZ47-328,50,0,0
2,OHT,V00649,1,1,0000,1,1512,250,1513,4,4,4NDNA076,4AFZ15-160,00000000,0000,4ALFE001_AO31,4AFZ15-160,50,0,0

2,OHT,V00795,1,1,0000,1,9016,450,9017,4,4,4PDMV608,4ANZ19-701,00000000,0000,4ABL3301A_OUT04,4ANZ19-701,90,0,0
2,OHT,V00564,1,1,0000,1,2109,200,2110,4,4,4PDD0270,4KCW3301_3,00000000,0000,4ANZ25-205,4KCW3301_3,50,0,0
2,OHT,V00975,1,1,0000,1,3363,600,3364,4,4,6PDB1402,4ANZ03-302,00000000,0000,4EPR5301_3,4ANZ03-302,50,0,0
2,OHT,V00313,1,1,0000,1,1050,500,1055,4,4,6PDN4064,4AFZ47-328,00000000,0000,4CSC1603_3,4AFZ47-328,50,0,0
2,OHT,V00649,1,1,0000,1,1512,300,1513,4,4,4NDNA076,4AFZ15-160,00000000,0000,4ALFE001_AO31,4AFZ15-160,50,0,0

2,OHT,V00795,1,1,0000,1,9016,500,9017,4,4,4PDMV608,4ANZ19-701,00000000,0000,4ABL3301A_OUT04,4ANZ19-701,90,0,0
2,OHT,V00564,1,1,0000,1,2109,250,2110,4,4,4PDD0270,4KCW3301_3,00000000,0000,4ANZ25-205,4KCW3301_3,50,0,0
2,OHT,V00975,1,1,0000,1,3363,650,3364,4,4,6PDB1402,4ANZ03-302,00000000,0000,4EPR5301_3,4ANZ03-302,50,0,0
2,OHT,V00313,1,1,0000,1,1050,550,1055,4,4,6PDN4064,4AFZ47-328,00000000,0000,4CSC1603_3,4AFZ47-328,50,0,0
2,OHT,V00649,1,1,0000,1,1512,350,1513,4,4,4NDNA076,4AFZ15-160,00000000,0000,4ALFE001_AO31,4AFZ15-160,50,0,0

2,OHT,V00795,1,1,0000,1,9016,550,9017,4,4,4PDMV608,4ANZ19-701,00000000,0000,4ABL3301A_OUT04,4ANZ19-701,90,0,0
2,OHT,V00564,1,1,0000,1,2109,300,2110,4,4,4PDD0270,4KCW3301_3,00000000,0000,4ANZ25-205,4KCW3301_3,50,0,0
2,OHT,V00975,1,1,0000,1,3364,0,3365,4,4,6PDB1402,4ANZ03-302,00000000,0000,4EPR5301_3,4ANZ03-302,50,0,0
2,OHT,V00313,1,1,0000,1,1055,0,1056,4,4,6PDN4064,4AFZ47-328,00000000,0000,4CSC1603_3,4AFZ47-328,50,0,0
2,OHT,V00649,1,1,0000,1,1512,400,1513,4,4,4NDNA076,4AFZ15-160,00000000,0000,4ALFE001_AO31,4AFZ15-160,50,0,0

2,OHT,V00795,1,1,0000,1,9016,600,9017,4,4,4PDMV608,4ANZ19-701,00000000,0000,4ABL3301A_OUT04,4ANZ19-701,90,0,0
2,OHT,V00564,1,1,0000,1,2109,350,2110,4,4,4PDD0270,4KCW3301_3,00000000,0000,4ANZ25-205,4KCW3301_3,50,0,0
2,OHT,V00975,1,1,0000,1,3364,50,3365,4,4,6PDB1402,4ANZ03-302,00000000,0000,4EPR5301_3,4ANZ03-302,50,0,0
2,OHT,V00313,1,1,0000,1,1055,50,1056,4,4,6PDN4064,4AFZ47-328,00000000,0000,4CSC1603_3,4AFZ47-328,50,0,0
2,OHT,V00649,1,1,0000,1,1512,450,1513,4,4,4NDNA076,4AFZ15-160,00000000,0000,4ALFE001_AO31,4AFZ15-160,50,0,0

2,OHT,V00795,1,1,0000,1,9017,0,9018,4,4,4PDMV608,4ANZ19-701,00000000,0000,4ABL3301A_OUT04,4ANZ19-701,90,0,0
2,OHT,V00564,1,1,0000,1,2109,400,2110,4,4,4PDD0270,4KCW3301_3,00000000,0000,4ANZ25-205,4KCW3301_3,50,0,0
2,OHT,V00975,1,1,0000,1,3364,100,3365,4,4,6PDB1402,4ANZ03-302,00000000,0000,4EPR5301_3,4ANZ03-302,50,0,0
2,OHT,V00313,1,1,0000,1,1055,100,1056,4,4,6PDN4064,4AFZ47-328,00000000,0000,4CSC1603_3,4AFZ47-328,50,0,0
2,OHT,V00649,1,1,0000,1,1513,0,1514,4,4,4NDNA076,4AFZ15-160,00000000,0000,4ALFE001_AO31,4AFZ15-160,50,0,0

2,OHT,V00795,1,1,0000,1,9017,50,9018,4,4,4PDMV608,4ANZ19-701,00000000,0000,4ABL3301A_OUT04,4ANZ19-701,90,0,0
2,OHT,V00564,1,1,0000,1,2109,450,2110,4,4,4PDD0270,4KCW3301_3,00000000,0000,4ANZ25-205,4KCW3301_3,50,0,0
2,OHT,V00975,1,1,0000,1,3364,150,3365,4,4,6PDB1402,4ANZ03-302,00000000,0000,4EPR5301_3,4ANZ03-302,50,0,0
2,OHT,V00313,1,1,0000,1,1055,150,1056,4,4,6PDN4064,4AFZ47-328,00000000,0000,4CSC1603_3,4AFZ47-328,50,0,0
2,OHT,V00649,1,1,0000,1,1513,50,1514,4,4,4NDNA076,4AFZ15-160,00000000,0000,4ALFE001_AO31,4AFZ15-160,50,0,0

2,OHT,V00795,1,1,0000,1,9017,100,9018,4,4,4PDMV608,4ANZ19-701,00000000,0000,4ABL3301A_OUT04,4ANZ19-701,90,0,0
2,OHT,V00564,1,1,0000,1,2109,500,2110,4,4,4PDD0270,4KCW3301_3,00000000,0000,4ANZ25-205,4KCW3301_3,50,0,0
2,OHT,V00975,1,1,0000,1,3364,200,3365,4,4,6PDB1402,4ANZ03-302,00000000,0000,4EPR5301_3,4ANZ03-302,50,0,0
2,OHT,V00313,1,1,0000,1,1055,200,1056,4,4,6PDN4064,4AFZ47-328,00000000,0000,4CSC1603_3,4AFZ47-328,50,0,0
2,OHT,V00649,1,1,0000,1,1513,100,1514,4,4,4NDNA076,4AFZ15-160,00000000,0000,4ALFE001_AO31,4AFZ15-160,50,0,0

2,OHT,V00795,1,1,0000,1,9017,150,9018,4,4,4PDMV608,4ANZ19-701,00000000,0000,4ABL3301A_OUT04,4ANZ19-701,90,0,0
2,OHT,V00564,1,1,0000,1,2109,550,2110,4,4,4PDD0270,4KCW3301_3,00000000,0000,4ANZ25-205,4KCW3301_3,50,0,0
2,OHT,V00975,1,1,0000,1,3364,250,3365,4,4,6PDB1402,4ANZ03-302,00000000,0000,4EPR5301_3,4ANZ03-302,50,0,0
2,OHT,V00313,1,1,0000,1,1055,250,1056,4,4,6PDN4064,4AFZ47-328,00000000,0000,4CSC1603_3,4AFZ47-328,50,0,0
2,OHT,V00649,1,1,0000,1,1513,150,1514,4,4,4NDNA076,4AFZ15-160,00000000,0000,4ALFE001_AO31,4AFZ15-160,50,0,0

2,OHT,V00795,1,1,0000,1,9017,200,9018,4,4,4PDMV608,4ANZ19-701,00000000,0000,4ABL3301A_OUT04,4ANZ19-701,90,0,0
2,OHT,V00564,1,1,0000,1,2110,0,2111,4,4,4PDD0270,4KCW3301_3,00000000,0000,4ANZ25-205,4KCW3301_3,50,0,0
2,OHT,V00975,1,1,0000,1,3365,0,3366,4,4,6PDB1402,4ANZ03-302,00000000,0000,4EPR5301_3,4ANZ03-302,50,0,0
2,OHT,V00313,1,1,0000,1,1055,300,1056,4,4,6PDN4064,4AFZ47-328,00000000,0000,4CSC1603_3,4AFZ47-328,50,0,0
2,OHT,V00649,1,1,0000,1,1513,200,1514,4,4,4NDNA076,4AFZ15-160,00000000,0000,4ALFE001_AO31,4AFZ15-160,50,0,0

2,OHT,V00795,1,1,0000,1,9017,250,9018,4,4,4PDMV608,4ANZ19-701,00000000,0000,4ABL3301A_OUT04,4ANZ19-701,90,0,0
2,OHT,V00564,1,1,0000,1,2110,50,2111,4,4,4PDD0270,4KCW3301_3,00000000,0000,4ANZ25-205,4KCW3301_3,50,0,0
2,OHT,V00975,1,1,0000,1,3365,50,3366,4,4,6PDB1402,4ANZ03-302,00000000,0000,4EPR5301_3,4ANZ03-302,50,0,0
2,OHT,V00313,1,1,0000,1,1055,350,1056,4,4,6PDN4064,4AFZ47-328,00000000,0000,4CSC1603_3,4AFZ47-328,50,0,0
2,OHT,V00649,1,1,0000,1,1513,250,1514,4,4,4NDNA076,4AFZ15-160,00000000,0000,4ALFE001_AO31,4AFZ15-160,50,0,0

2,OHT,V00795,1,1,0000,1,9017,300,9018,4,4,4PDMV608,4ANZ19-701,00000000,0000,4ABL3301A_OUT04,4ANZ19-701,90,0,0
2,OHT,V00564,1,1,0000,1,2110,100,2111,4,4,4PDD0270,4KCW3301_3,00000000,0000,4ANZ25-205,4KCW3301_3,50,0,0
2,OHT,V00975,1,1,0000,1,3365,100,3366,4,4,6PDB1402,4ANZ03-302,00000000,0000,4EPR5301_3,4ANZ03-302,50,0,0
2,OHT,V00313,1,1,0000,1,1055,400,1056,4,4,6PDN4064,4AFZ47-328,00000000,0000,4CSC1603_3,4AFZ47-328,50,0,0
2,OHT,V00649,1,1,0000,1,1513,300,1514,4,4,4NDNA076,4AFZ15-160,00000000,0000,4ALFE001_AO31,4AFZ15-160,50,0,0

2,OHT,V00795,1,1,0000,1,9017,350,9018,4,4,4PDMV608,4ANZ19-701,00000000,0000,4ABL3301A_OUT04,4ANZ19-701,90,0,0
2,OHT,V00564,1,1,0000,1,2110,150,2111,4,4,4PDD0270,4KCW3301_3,00000000,0000,4ANZ25-205,4KCW3301_3,50,0,0
2,OHT,V00975,1,1,0000,1,3365,150,3366,4,4,6PDB1402,4ANZ03-302,00000000,0000,4EPR5301_3,4ANZ03-302,50,0,0
2,OHT,V00313,1,1,0000,1,1055,450,1056,4,4,6PDN4064,4AFZ47-328,00000000,0000,4CSC1603_3,4AFZ47-328,50,0,0
2,OHT,V00649,1,1,0000,1,1513,350,1514,4,4,4NDNA076,4AFZ15-160,00000000,0000,4ALFE001_AO31,4AFZ15-160,50,0,0

2,OHT,V00795,1,1,0000,1,9018,0,9019,4,4,4PDMV608,4ANZ19-701,00000000,0000,4ABL3301A_OUT04,4ANZ19-701,90,0,0
2,OHT,V00564,1,1,0000,1,2110,200,2111,4,4,4PDD0270,4KCW3301_3,00000000,0000,4ANZ25-205,4KCW3301_3,50,0,0
2,OHT,V00975,1,1,0000,1,3365,200,3366,4,4,6PDB1402,4ANZ03-302,00000000,0000,4EPR5301_3,4ANZ03-302,50,0,0
2,OHT,V00313,1,1,0000,1,1055,500,1056,4,4,6PDN4064,4AFZ47-328,00000000,0000,4CSC1603_3,4AFZ47-328,50,0,0
2,OHT,V00649,1,1,0000,1,1513,400,1514,4,4,4NDNA076,4AFZ15-160,00000000,0000,4ALFE001_AO31,4AFZ15-160,50,0,0

2,OHT,V00795,1,1,0000,1,9018,50,9019,4,4,4PDMV608,4ANZ19-701,00000000,0000,4ABL3301A_OUT04,4ANZ19-701,90,0,0
2,OHT,V00564,1,1,0000,1,2110,250,2111,4,4,4PDD0270,4KCW3301_3,00000000,0000,4ANZ25-205,4KCW3301_3,50,0,0
2,OHT,V00975,1,1,0000,1,3365,250,3366,4,4,6PDB1402,4ANZ03-302,00000000,0000,4EPR5301_3,4ANZ03-302,50,0,0
2,OHT,V00313,1,1,0000,1,1055,550,1056,4,4,6PDN4064,4AFZ47-328,00000000,0000,4CSC1603_3,4AFZ47-328,50,0,0
2,OHT,V00649,1,1,0000,1,1513,450,1514,4,4,4NDNA076,4AFZ15-160,00000000,0000,4ALFE001_AO31,4AFZ15-160,50,0,0

2,OHT,V00795,1,1,0000,1,9018,100,9019,4,4,4PDMV608,4ANZ19-701,00000000,0000,4ABL3301A_OUT04,4ANZ19-701,90,0,0
2,OHT,V00564,1,1,0000,1,2110,300,2111,4,4,4PDD0270,4KCW3301_3,00000000,0000,4ANZ25-205,4KCW3301_3,50,0,0
2,OHT,V00975,1,1,0000,1,3365,300,3366,4,4,6PDB1402,4ANZ03-302,00000000,0000,4EPR5301_3,4ANZ03-302,50,0,0
2,OHT,V00313,1,1,0000,1,1055,600,1056,4,4,6PDN4064,4AFZ47-328,00000000,0000,4CSC1603_3,4AFZ47-328,50,0,0
2,OHT,V00649,1,1,0000,1,1514,0,1515,4,4,4NDNA076,4AFZ15-160,00000000,0000,4ALFE001_AO31,4AFZ15-160,50,0,0

2,OHT,V00795,1,1,0000,1,9018,150,9019,4,4,4PDMV608,4ANZ19-701,00000000,0000,4ABL3301A_OUT04,4ANZ19-701,90,0,0
2,OHT,V00564,1,1,0000,1,2110,350,2111,4,4,4PDD0270,4KCW3301_3,00000000,0000,4ANZ25-205,4KCW3301_3,50,0,0
2,OHT,V00975,1,1,0000,1,3365,350,3366,4,4,6PDB1402,4ANZ03-302,00000000,0000,4EPR5301_3,4ANZ03-302,50,0,0
2,OHT,V00313,1,1,0000,1,1055,650,1056,4,4,6PDN4064,4AFZ47-328,00000000,0000,4CSC1603_3,4AFZ47-328,50,0,0
2,OHT,V00649,1,1,0000,1,1514,50,1515,4,4,4NDNA076,4AFZ15-160,00000000,0000,4ALFE001_AO31,4AFZ15-160,50,0,0

2,OHT,V00795,1,1,0000,1,9018,200,9019,4,4,4PDMV608,4ANZ19-701,00000000,0000,4ABL3301A_OUT04,4ANZ19-701,90,0,0
2,OHT,V00564,1,1,0000,1,2110,400,2111,4,4,4PDD0270,4KCW3301_3,00000000,0000,4ANZ25-205,4KCW3301_3,50,0,0
2,OHT,V00975,1,1,0000,1,3366,0,3367,4,4,6PDB1402,4ANZ03-302,00000000,0000,4EPR5301_3,4ANZ03-302,50,0,0
2,OHT,V00313,1,1,0000,1,1056,0,1057,4,4,6PDN4064,4AFZ47-328,00000000,0000,4CSC1603_3,4AFZ47-328,50,0,0
2,OHT,V00649,1,1,0000,1,1514,100,1515,4,4,4NDNA076,4AFZ15-160,00000000,0000,4ALFE001_AO31,4AFZ15-160,50,0,0

2,OHT,V00795,1,1,0000,1,9018,250,9019,4,4,4PDMV608,4ANZ19-701,00000000,0000,4ABL3301A_OUT04,4ANZ19-701,90,0,0
2,OHT,V00564,1,1,0000,1,2110,450,2111,4,4,4PDD0270,4KCW3301_3,00000000,0000,4ANZ25-205,4KCW3301_3,50,0,0
2,OHT,V00975,1,1,0000,1,3366,50,3367,4,4,6PDB1402,4ANZ03-302,00000000,0000,4EPR5301_3,4ANZ03-302,50,0,0
2,OHT,V00313,1,1,0000,1,1056,50,1057,4,4,6PDN4064,4AFZ47-328,00000000,0000,4CSC1603_3,4AFZ47-328,50,0,0
2,OHT,V00649,1,1,0000,1,1514,150,1515,4,4,4NDNA076,4AFZ15-160,00000000,0000,4ALFE001_AO31,4AFZ15-160,50,0,0

2,OHT,V00795,1,1,0000,1,9019,0,9020,4,4,4PDMV608,4ANZ19-701,00000000,0000,4ABL3301A_OUT04,4ANZ19-701,90,0,0
2,OHT,V00564,1,1,0000,1,2110,500,2111,4,4,4PDD0270,4KCW3301_3,00000000,0000,4ANZ25-205,4KCW3301_3,50,0,0
2,OHT,V00975,1,1,0000,1,3366,100,3367,4,4,6PDB1402,4ANZ03-302,00000000,0000,4EPR5301_3,4ANZ03-302,50,0,0
2,OHT,V00313,1,1,0000,1,1056,100,1057,4,4,6PDN4064,4AFZ47-328,00000000,0000,4CSC1603_3,4AFZ47-328,50,0,0
2,OHT,V00649,1,1,0000,1,1514,200,1515,4,4,4NDNA076,4AFZ15-160,00000000,0000,4ALFE001_AO31,4AFZ15-160,50,0,0

2,OHT,V00795,1,1,0000,1,9019,50,9020,4,4,4PDMV608,4ANZ19-701,00000000,0000,4ABL3301A_OUT04,4ANZ19-701,90,0,0
2,OHT,V00564,1,1,0000,1,2110,550,2111,4,4,4PDD0270,4KCW3301_3,00000000,0000,4ANZ25-205,4KCW3301_3,50,0,0
2,OHT,V00975,1,1,0000,1,3366,150,3367,4,4,6PDB1402,4ANZ03-302,00000000,0000,4EPR5301_3,4ANZ03-302,50,0,0
2,OHT,V00313,1,1,0000,1,1056,150,1057,4,4,6PDN4064,4AFZ47-328,00000000,0000,4CSC1603_3,4AFZ47-328,50,0,0
2,OHT,V00649,1,1,0000,1,1514,250,1515,4,4,4NDNA076,4AFZ15-160,00000000,0000,4ALFE001_AO31,4AFZ15-160,50,0,0

2,OHT,V00795,1,1,0000,1,9019,100,9020,4,4,4PDMV608,4ANZ19-701,00000000,0000,4ABL3301A_OUT04,4ANZ19-701,90,0,0
2,OHT,V00564,1,1,0000,1,2110,600,2111,4,4,4PDD0270,4KCW3301_3,00000000,0000,4ANZ25-205,4KCW3301_3,50,0,0
2,OHT,V00975,1,1,0000,1,3366,200,3367,4,4,6PDB1402,4ANZ03-302,00000000,0000,4EPR5301_3,4ANZ03-302,50,0,0
2,OHT,V00313,1,1,0000,1,1056,200,1057,4,4,6PDN4064,4AFZ47-328,00000000,0000,4CSC1603_3,4AFZ47-328,50,0,0
2,OHT,V00649,1,1,0000,1,1515,0,1516,4,4,4NDNA076,4AFZ15-160,00000000,0000,4ALFE001_AO31,4AFZ15-160,50,0,0

2,OHT,V00795,1,1,0000,1,9019,150,9020,4,4,4PDMV608,4ANZ19-701,00000000,0000,4ABL3301A_OUT04,4ANZ19-701,90,0,0
2,OHT,V00564,1,1,0000,1,2110,650,2111,4,4,4PDD0270,4KCW3301_3,00000000,0000,4ANZ25-205,4KCW3301_3,50,0,0
2,OHT,V00975,1,1,0000,1,3366,250,3367,4,4,6PDB1402,4ANZ03-302,00000000,0000,4EPR5301_3,4ANZ03-302,50,0,0
2,OHT,V00313,1,1,0000,1,1056,250,1057,4,4,6PDN4064,4AFZ47-328,00000000,0000,4CSC1603_3,4AFZ47-328,50,0,0
2,OHT,V00649,1,1,0000,1,1515,50,1516,4,4,4NDNA076,4AFZ15-160,00000000,0000,4ALFE001_AO31,4AFZ15-160,50,0,0

2,OHT,V00795,1,1,0000,1,9019,200,9020,4,4,4PDMV608,4ANZ19-701,00000000,0000,4ABL3301A_OUT04,4ANZ19-701,90,0,0
2,OHT,V00564,1,1,0000,1,2111,0,2114,4,4,4PDD0270,4KCW3301_3,00000000,0000,4ANZ25-205,4KCW3301_3,50,0,0
2,OHT,V00975,1,1,0000,1,3366,300,3367,4,4,6PDB1402,4ANZ03-302,00000000,0000,4EPR5301_3,4ANZ03-302,50,0,0
2,OHT,V00313,1,1,0000,1,1056,300,1057,4,4,6PDN4064,4AFZ47-328,00000000,0000,4CSC1603_3,4AFZ47-328,50,0,0
2,OHT,V00649,1,1,0000,1,1515,100,1516,4,4,4NDNA076,4AFZ15-160,00000000,0000,4ALFE001_AO31,4AFZ15-160,50,0,0

2,OHT,V00795,1,1,0000,1,9019,250,9020,4,4,4PDMV608,4ANZ19-701,00000000,0000,4ABL3301A_OUT04,4ANZ19-701,90,0,0
2,OHT,V00564,1,1,0000,1,2111,50,2114,4,4,4PDD0270,4KCW3301_3,00000000,0000,4ANZ25-205,4KCW3301_3,50,0,0
2,OHT,V00975,1,1,0000,1,3366,350,3367,4,4,6PDB1402,4ANZ03-302,00000000,0000,4EPR5301_3,4ANZ03-302,50,0,0
2,OHT,V00313,1,1,0000,1,1056,350,1057,4,4,6PDN4064,4AFZ47-328,00000000,0000,4CSC1603_3,4AFZ47-328,50,0,0
2,OHT,V00649,1,1,0000,1,1515,150,1516,4,4,4NDNA076,4AFZ15-160,00000000,0000,4ALFE001_AO31,4AFZ15-160,50,0,0

2,OHT,V00795,1,1,0000,1,9019,300,9020,4,4,4PDMV608,4ANZ19-701,00000000,0000,4ABL3301A_OUT04,4ANZ19-701,90,0,0
2,OHT,V00564,1,1,0000,1,2111,100,2114,4,4,4PDD0270,4KCW3301_3,00000000,0000,4ANZ25-205,4KCW3301_3,50,0,0
2,OHT,V00975,1,1,0000,1,3366,400,3367,4,4,6PDB1402,4ANZ03-302,00000000,0000,4EPR5301_3,4ANZ03-302,50,0,0
2,OHT,V00313,1,1,0000,1,1056,400,1057,4,4,6PDN4064,4AFZ47-328,00000000,0000,4CSC1603_3,4AFZ47-328,50,0,0
2,OHT,V00649,1,1,0000,1,1515,200,1516,4,4,4NDNA076,4AFZ15-160,00000000,0000,4ALFE001_AO31,4AFZ15-160,50,0,0

2,OHT,V00795,1,1,0000,1,9019,350,9020,4,4,4PDMV608,4ANZ19-701,00000000,0000,4ABL3301A_OUT04,4ANZ19-701,90,0,0
2,OHT,V00564,1,1,0000,1,2111,150,2114,4,4,4PDD0270,4KCW3301_3,00000000,0000,4ANZ25-205,4KCW3301_3,50,0,0
2,OHT,V00975,1,1,0000,1,3366,450,3367,4,4,6PDB1402,4ANZ03-302,00000000,0000,4EPR5301_3,4ANZ03-302,50,0,0
2,OHT,V00313,1,1,0000,1,1056,450,1057,4,4,6PDN4064,4AFZ47-328,00000000,0000,4CSC1603_3,4AFZ47-328,50,0,0
2,OHT,V00649,1,1,0000,1,1515,250,1516,4,4,4NDNA076,4AFZ15-160,00000000,0000,4ALFE001_AO31,4AFZ15-160,50,0,0

2,OHT,V00795,1,1,0000,1,9019,400,9020,4,4,4PDMV608,4ANZ19-701,00000000,0000,4ABL3301A_OUT04,4ANZ19-701,90,0,0
2,OHT,V00564,1,1,0000,1,2111,200,2114,4,4,4PDD0270,4KCW3301_3,00000000,0000,4ANZ25-205,4KCW3301_3,50,0,0
2,OHT,V00975,1,1,0000,1,3366,500,3367,4,4,6PDB1402,4ANZ03-302,00000000,0000,4EPR5301_3,4ANZ03-302,50,0,0
2,OHT,V00313,1,1,0000,1,1056,500,1057,4,4,6PDN4064,4AFZ47-328,00000000,0000,4CSC1603_3,4AFZ47-328,50,0,0
2,OHT,V00649,1,1,0000,1,1515,300,1516,4,4,4NDNA076,4AFZ15-160,00000000,0000,4ALFE001_AO31,4AFZ15-160,50,0,0

2,OHT,V00795,1,1,0000,1,9020,0,9447,4,4,4PDMV608,4ANZ19-701,00000000,0000,4ABL3301A_OUT04,4ANZ19-701,90,0,0
2,OHT,V00564,1,1,0000,1,2111,250,2114,4,4,4PDD0270,4KCW3301_3,00000000,0000,4ANZ25-205,4KCW3301_3,50,0,0
2,OHT,V00975,1,1,0000,1,3366,550,3367,4,4,6PDB1402,4ANZ03-302,00000000,0000,4EPR5301_3,4ANZ03-302,50,0,0
2,OHT,V00313,1,1,0000,1,1056,550,1057,4,4,6PDN4064,4AFZ47-328,00000000,0000,4CSC1603_3,4AFZ47-328,50,0,0
2,OHT,V00649,1,1,0000,1,1515,350,1516,4,4,4NDNA076,4AFZ15-160,00000000,0000,4ALFE001_AO31,4AFZ15-160,50,0,0

2,OHT,V00795,1,1,0000,1,9020,50,9447,4,4,4PDMV608,4ANZ19-701,00000000,0000,4ABL3301A_OUT04,4ANZ19-701,90,0,0
2,OHT,V00564,1,1,0000,1,2111,300,2114,4,4,4PDD0270,4KCW3301_3,00000000,0000,4ANZ25-205,4KCW3301_3,50,0,0
2,OHT,V00975,1,1,0000,1,3367,0,3368,4,4,6PDB1402,4ANZ03-302,00000000,0000,4EPR5301_3,4ANZ03-302,50,0,0
2,OHT,V00313,1,1,0000,1,1056,600,1057,4,4,6PDN4064,4AFZ47-328,00000000,0000,4CSC1603_3,4AFZ47-328,50,0,0
2,OHT,V00649,1,1,0000,1,1516,0,1517,4,4,4NDNA076,4AFZ15-160,00000000,0000,4ALFE001_AO31,4AFZ15-160,50,0,0

2,OHT,V00795,1,1,0000,1,9020,100,9447,4,4,4PDMV608,4ANZ19-701,00000000,0000,4ABL3301A_OUT04,4ANZ19-701,90,0,0
2,OHT,V00564,1,1,0000,1,2111,350,2114,4,4,4PDD0270,4KCW3301_3,00000000,0000,4ANZ25-205,4KCW3301_3,50,0,0
2,OHT,V00975,1,1,0000,1,3367,50,3368,4,4,6PDB1402,4ANZ03-302,00000000,0000,4EPR5301_3,4ANZ03-302,50,0,0
2,OHT,V00313,1,1,0000,1,1056,650,1057,4,4,6PDN4064,4AFZ47-328,00000000,0000,4CSC1603_3,4AFZ47-328,50,0,0
2,OHT,V00649,1,1,0000,1,1516,50,1517,4,4,4NDNA076,4AFZ15-160,00000000,0000,4ALFE001_AO31,4AFZ15-160,50,0,0

2,OHT,V00795,1,1,0000,1,9020,150,9447,4,4,4PDMV608,4ANZ19-701,00000000,0000,4ABL3301A_OUT04,4ANZ19-701,90,0,0
2,OHT,V00564,1,1,0000,1,2111,400,2114,4,4,4PDD0270,4KCW3301_3,00000000,0000,4ANZ25-205,4KCW3301_3,50,0,0
2,OHT,V00975,1,1,0000,1,3367,100,3368,4,4,6PDB1402,4ANZ03-302,00000000,0000,4EPR5301_3,4ANZ03-302,50,0,0
2,OHT,V00313,1,1,0000,1,1057,0,1058,4,4,6PDN4064,4AFZ47-328,00000000,0000,4CSC1603_3,4AFZ47-328,50,0,0
2,OHT,V00649,1,1,0000,1,1516,100,1517,4,4,4NDNA076,4AFZ15-160,00000000,0000,4ALFE001_AO31,4AFZ15-160,50,0,0

2,OHT,V00795,1,1,0000,1,9020,200,9447,4,4,4PDMV608,4ANZ19-701,00000000,0000,4ABL3301A_OUT04,4ANZ19-701,90,0,0
2,OHT,V00564,1,1,0000,1,2111,450,2114,4,4,4PDD0270,4KCW3301_3,00000000,0000,4ANZ25-205,4KCW3301_3,50,0,0
2,OHT,V00975,1,1,0000,1,3367,150,3368,4,4,6PDB1402,4ANZ03-302,00000000,0000,4EPR5301_3,4ANZ03-302,50,0,0
2,OHT,V00313,1,1,0000,1,1057,50,1058,4,4,6PDN4064,4AFZ47-328,00000000,0000,4CSC1603_3,4AFZ47-328,50,0,0
2,OHT,V00649,1,1,0000,1,1516,150,1517,4,4,4NDNA076,4AFZ15-160,00000000,0000,4ALFE001_AO31,4AFZ15-160,50,0,0

2,OHT,V00795,1,1,0000,1,9020,250,9447,4,4,4PDMV608,4ANZ19-701,00000000,0000,4ABL3301A_OUT04,4ANZ19-701,90,0,0
2,OHT,V00564,1,1,0000,1,2111,500,2114,4,4,4PDD0270,4KCW3301_3,00000000,0000,4ANZ25-205,4KCW3301_3,50,0,0
2,OHT,V00975,1,1,0000,1,3367,200,3368,4,4,6PDB1402,4ANZ03-302,00000000,0000,4EPR5301_3,4ANZ03-302,50,0,0
2,OHT,V00313,1,1,0000,1,1057,100,1058,4,4,6PDN4064,4AFZ47-328,00000000,0000,4CSC1603_3,4AFZ47-328,50,0,0
2,OHT,V00649,1,1,0000,1,1516,200,1517,4,4,4NDNA076,4AFZ15-160,00000000,0000,4ALFE001_AO31,4AFZ15-160,50,0,0

2,OHT,V00795,1,1,0000,1,9020,300,9447,4,4,4PDMV608,4ANZ19-701,00000000,0000,4ABL3301A_OUT04,4ANZ19-701,90,0,0
2,OHT,V00564,1,1,0000,1,2111,550,2114,4,4,4PDD0270,4KCW3301_3,00000000,0000,4ANZ25-205,4KCW3301_3,50,0,0
2,OHT,V00975,1,1,0000,1,3367,250,3368,4,4,6PDB1402,4ANZ03-302,00000000,0000,4EPR5301_3,4ANZ03-302,50,0,0
2,OHT,V00313,1,1,0000,1,1057,150,1058,4,4,6PDN4064,4AFZ47-328,00000000,0000,4CSC1603_3,4AFZ47-328,50,0,0
2,OHT,V00649,1,1,0000,1,1516,250,1517,4,4,4NDNA076,4AFZ15-160,00000000,0000,4ALFE001_AO31,4AFZ15-160,50,0,0

2,OHT,V00795,1,1,0000,1,9020,350,9447,4,4,4PDMV608,4ANZ19-701,00000000,0000,4ABL3301A_OUT04,4ANZ19-701,90,0,0
2,OHT,V00564,1,1,0000,1,2114,0,2115,4,4,4PDD0270,4KCW3301_3,00000000,0000,4ANZ25-205,4KCW3301_3,50,0,0
2,OHT,V00975,1,1,0000,1,3367,300,3368,4,4,6PDB1402,4ANZ03-302,00000000,0000,4EPR5301_3,4ANZ03-302,50,0,0
2,OHT,V00313,1,1,0000,1,1057,200,1058,4,4,6PDN4064,4AFZ47-328,00000000,0000,4CSC1603_3,4AFZ47-328,50,0,0
2,OHT,V00649,1,1,0000,1,1516,300,1517,4,4,4NDNA076,4AFZ15-160,00000000,0000,4ALFE001_AO31,4AFZ15-160,50,0,0

2,OHT,V00795,1,1,0000,1,9020,400,9447,4,4,4PDMV608,4ANZ19-701,00000000,0000,4ABL3301A_OUT04,4ANZ19-701,90,0,0
2,OHT,V00564,1,1,0000,1,2114,50,2115,4,4,4PDD0270,4KCW3301_3,00000000,0000,4ANZ25-205,4KCW3301_3,50,0,0
2,OHT,V00975,1,1,0000,1,3367,350,3368,4,4,6PDB1402,4ANZ03-302,00000000,0000,4EPR5301_3,4ANZ03-302,50,0,0
2,OHT,V00313,1,1,0000,1,1057,250,1058,4,4,6PDN4064,4AFZ47-328,00000000,0000,4CSC1603_3,4AFZ47-328,50,0,0
2,OHT,V00649,1,1,0000,1,1516,350,1517,4,4,4NDNA076,4AFZ15-160,00000000,0000,4ALFE001_AO31,4AFZ15-160,50,0,0

2,OHT,V00795,1,1,0000,1,9020,450,9447,4,4,4PDMV608,4ANZ19-701,00000000,0000,4ABL3301A_OUT04,4ANZ19-701,90,0,0
2,OHT,V00564,1,1,0000,1,2114,100,2115,4,4,4PDD0270,4KCW3301_3,00000000,0000,4ANZ25-205,4KCW3301_3,50,0,0
2,OHT,V00975,1,1,0000,1,3367,400,3368,4,4,6PDB1402,4ANZ03-302,00000000,0000,4EPR5301_3,4ANZ03-302,50,0,0
2,OHT,V00313,1,1,0000,1,1057,300,1058,4,4,6PDN4064,4AFZ47-328,00000000,0000,4CSC1603_3,4AFZ47-328,50,0,0
2,OHT,V00649,1,1,0000,1,1516,400,1517,4,4,4NDNA076,4AFZ15-160,00000000,0000,4ALFE001_AO31,4AFZ15-160,50,0,0

2,OHT,V00795,1,1,0000,1,9020,500,9447,4,4,4PDMV608,4ANZ19-701,00000000,0000,4ABL3301A_OUT04,4ANZ19-701,90,0,0
2,OHT,V00564,1,1,0000,1,2114,150,2115,4,4,4PDD0270,4KCW3301_3,00000000,0000,4ANZ25-205,4KCW3301_3,50,0,0
2,OHT,V00975,1,1,0000,1,3367,450,3368,4,4,6PDB1402,4ANZ03-302,00000000,0000,4EPR5301_3,4ANZ03-302,50,0,0
2,OHT,V00313,1,1,0000,1,1057,350,1058,4,4,6PDN4064,4AFZ47-328,00000000,0000,4CSC1603_3,4AFZ47-328,50,0,0
2,OHT,V00649,1,1,0000,1,1516,450,1517,4,4,4NDNA076,4AFZ15-160,00000000,0000,4ALFE001_AO31,4AFZ15-160,50,0,0

2,OHT,V00795,1,1,0000,1,9020,550,9447,4,4,4PDMV608,4ANZ19-701,00000000,0000,4ABL3301A_OUT04,4ANZ19-701,90,0,0
2,OHT,V00564,1,1,0000,1,2114,200,2115,4,4,4PDD0270,4KCW3301_3,00000000,0000,4ANZ25-205,4KCW3301_3,50,0,0
2,OHT,V00975,1,1,0000,1,3367,500,3368,4,4,6PDB1402,4ANZ03-302,00000000,0000,4EPR5301_3,4ANZ03-302,50,0,0
2,OHT,V00313,1,1,0000,1,1057,400,1058,4,4,6PDN4064,4AFZ47-328,00000000,0000,4CSC1603_3,4AFZ47-328,50,0,0
2,OHT,V00649,1,1,0000,1,1516,500,1517,4,4,4NDNA076,4AFZ15-160,00000000,0000,4ALFE001_AO31,4AFZ15-160,50,0,0

2,OHT,V00795,1,1,0000,1,9020,600,9447,4,4,4PDMV608,4ANZ19-701,00000000,0000,4ABL3301A_OUT04,4ANZ19-701,90,0,0
2,OHT,V00564,1,1,0000,1,2114,250,2115,4,4,4PDD0270,4KCW3301_3,00000000,0000,4ANZ25-205,4KCW3301_3,50,0,0
2,OHT,V00975,1,1,0000,1,3367,550,3368,4,4,6PDB1402,4ANZ03-302,00000000,0000,4EPR5301_3,4ANZ03-302,50,0,0
2,OHT,V00313,1,1,0000,1,1058,0,1059,4,4,6PDN4064,4AFZ47-328,00000000,0000,4CSC1603_3,4AFZ47-328,50,0,0
2,OHT,V00649,1,1,0000,1,1516,550,1517,4,4,4NDNA076,4AFZ15-160,00000000,0000,4ALFE001_AO31,4AFZ15-160,50,0,0

2,OHT,V00795,1,1,0000,1,9020,650,9447,4,4,4PDMV608,4ANZ19-701,00000000,0000,4ABL3301A_OUT04,4ANZ19-701,90,0,0
2,OHT,V00564,1,1,0000,1,2114,300,2115,4,4,4PDD0270,4KCW3301_3,00000000,0000,4ANZ25-205,4KCW3301_3,50,0,0
2,OHT,V00975,1,1,0000,1,3367,600,3368,4,4,6PDB1402,4ANZ03-302,00000000,0000,4EPR5301_3,4ANZ03-302,50,0,0
2,OHT,V00313,1,1,0000,1,1058,50,1059,4,4,6PDN4064,4AFZ47-328,00000000,0000,4CSC1603_3,4AFZ47-328,50,0,0
2,OHT,V00649,1,1,0000,1,1517,0,1518,4,4,4NDNA076,4AFZ15-160,00000000,0000,4ALFE001_AO31,4AFZ15-160,50,0,0

2,OHT,V00795,1,1,0000,1,9447,0,9448,4,4,4PDMV608,4ANZ19-701,00000000,0000,4ABL3301A_OUT04,4ANZ19-701,90,0,0
2,OHT,V00564,1,1,0000,1,2114,350,2115,4,4,4PDD0270,4KCW3301_3,00000000,0000,4ANZ25-205,4KCW3301_3,50,0,0
2,OHT,V00975,1,1,0000,1,3367,650,3368,4,4,6PDB1402,4ANZ03-302,00000000,0000,4EPR5301_3,4ANZ03-302,50,0,0
2,OHT,V00313,1,1,0000,1,1058,100,1059,4,4,6PDN4064,4AFZ47-328,00000000,0000,4CSC1603_3,4AFZ47-328,50,0,0
2,OHT,V00649,1,1,0000,1,1517,50,1518,4,4,4NDNA076,4AFZ15-160,00000000,0000,4ALFE001_AO31,4AFZ15-160,50,0,0

2,OHT,V00795,1,1,0000,1,9447,50,9448,4,4,4PDMV608,4ANZ19-701,00000000,0000,4ABL3301A_OUT04,4ANZ19-701,90,0,0
2,OHT,V00564,1,1,0000,1,2114,400,2115,4,4,4PDD0270,4KCW3301_3,00000000,0000,4ANZ25-205,4KCW3301_3,50,0,0
2,OHT,V00975,1,1,0000,1,3368,0,3340,4,4,6PDB1402,4ANZ03-302,00000000,0000,4EPR5301_3,4ANZ03-302,50,0,0
2,OHT,V00313,1,1,0000,1,1058,150,1059,4,4,6PDN4064,4AFZ47-328,00000000,0000,4CSC1603_3,4AFZ47-328,50,0,0
2,OHT,V00649,1,1,0000,1,1517,100,1518,4,4,4NDNA076,4AFZ15-160,00000000,0000,4ALFE001_AO31,4AFZ15-160,50,0,0

2,OHT,V00795,1,1,0000,1,9447,100,9448,4,4,4PDMV608,4ANZ19-701,00000000,0000,4ABL3301A_OUT04,4ANZ19-701,90,0,0
2,OHT,V00564,1,1,0000,1,2114,450,2115,4,4,4PDD0270,4KCW3301_3,00000000,0000,4ANZ25-205,4KCW3301_3,50,0,0
2,OHT,V00975,1,1,0000,1,3368,50,3340,4,4,6PDB1402,4ANZ03-302,00000000,0000,4EPR5301_3,4ANZ03-302,50,0,0
2,OHT,V00313,1,1,0000,1,1058,200,1059,4,4,6PDN4064,4AFZ47-328,00000000,0000,4CSC1603_3,4AFZ47-328,50,0,0
2,OHT,V00649,1,1,0000,1,1517,150,1518,4,4,4NDNA076,4AFZ15-160,00000000,0000,4ALFE001_AO31,4AFZ15-160,50,0,0

2,OHT,V00795,1,1,0000,1,9447,150,9448,4,4,4PDMV608,4ANZ19-701,00000000,0000,4ABL3301A_OUT04,4ANZ19-701,90,0,0
2,OHT,V00564,1,1,0000,1,2114,500,2115,4,4,4PDD0270,4KCW3301_3,00000000,0000,4ANZ25-205,4KCW3301_3,50,0,0
2,OHT,V00975,1,1,0000,1,3368,100,3340,4,4,6PDB1402,4ANZ03-302,00000000,0000,4EPR5301_3,4ANZ03-302,50,0,0
2,OHT,V00313,1,1,0000,1,1058,250,1059,4,4,6PDN4064,4AFZ47-328,00000000,0000,4CSC1603_3,4AFZ47-328,50,0,0
2,OHT,V00649,1,1,0000,1,1517,200,1518,4,4,4NDNA076,4AFZ15-160,00000000,0000,4ALFE001_AO31,4AFZ15-160,50,0,0

2,OHT,V00795,1,1,0000,1,9447,200,9448,4,4,4PDMV608,4ANZ19-701,00000000,0000,4ABL3301A_OUT04,4ANZ19-701,90,0,0
2,OHT,V00564,1,1,0000,1,2114,550,2115,4,4,4PDD0270,4KCW3301_3,00000000,0000,4ANZ25-205,4KCW3301_3,50,0,0
2,OHT,V00975,1,1,0000,1,3368,150,3340,4,4,6PDB1402,4ANZ03-302,00000000,0000,4EPR5301_3,4ANZ03-302,50,0,0
2,OHT,V00313,1,1,0000,1,1058,300,1059,4,4,6PDN4064,4AFZ47-328,00000000,0000,4CSC1603_3,4AFZ47-328,50,0,0
2,OHT,V00649,1,1,0000,1,1517,250,1518,4,4,4NDNA076,4AFZ15-160,00000000,0000,4ALFE001_AO31,4AFZ15-160,50,0,0

2,OHT,V00795,1,1,0000,1,9447,250,9448,4,4,4PDMV608,4ANZ19-701,00000000,0000,4ABL3301A_OUT04,4ANZ19-701,90,0,0
2,OHT,V00564,1,1,0000,1,2114,600,2115,4,4,4PDD0270,4KCW3301_3,00000000,0000,4ANZ25-205,4KCW3301_3,50,0,0
2,OHT,V00975,1,1,0000,1,3368,200,3340,4,4,6PDB1402,4ANZ03-302,00000000,0000,4EPR5301_3,4ANZ03-302,50,0,0
2,OHT,V00313,1,1,0000,1,1058,350,1059,4,4,6PDN4064,4AFZ47-328,00000000,0000,4CSC1603_3,4AFZ47-328,50,0,0
2,OHT,V00649,1,1,0000,1,1517,300,1518,4,4,4NDNA076,4AFZ15-160,00000000,0000,4ALFE001_AO31,4AFZ15-160,50,0,0

2,OHT,V00795,1,1,0000,1,9447,300,9448,4,4,4PDMV608,4ANZ19-701,00000000,0000,4ABL3301A_OUT04,4ANZ19-701,90,0,0
2,OHT,V00564,1,1,0000,1,2114,650,2115,4,4,4PDD0270,4KCW3301_3,00000000,0000,4ANZ25-205,4KCW3301_3,50,0,0
2,OHT,V00975,1,1,0000,1,3368,250,3340,4,4,6PDB1402,4ANZ03-302,00000000,0000,4EPR5301_3,4ANZ03-302,50,0,0
2,OHT,V00313,1,1,0000,1,1058,400,1059,4,4,6PDN4064,4AFZ47-328,00000000,0000,4CSC1603_3,4AFZ47-328,50,0,0
2,OHT,V00649,1,1,0000,1,1517,350,1518,4,4,4NDNA076,4AFZ15-160,00000000,0000,4ALFE001_AO31,4AFZ15-160,50,0,0

2,OHT,V00795,1,1,0000,1,9447,350,9448,4,4,4PDMV608,4ANZ19-701,00000000,0000,4ABL3301A_OUT04,4ANZ19-701,90,0,0
2,OHT,V00564,1,1,0000,1,2114,700,2115,4,4,4PDD0270,4KCW3301_3,00000000,0000,4ANZ25-205,4KCW3301_3,50,0,0
2,OHT,V00975,1,1,0000,1,3368,300,3340,4,4,6PDB1402,4ANZ03-302,00000000,0000,4EPR5301_3,4ANZ03-302,50,0,0
2,OHT,V00313,1,1,0000,1,1058,450,1059,4,4,6PDN4064,4AFZ47-328,00000000,0000,4CSC1603_3,4AFZ47-328,50,0,0
2,OHT,V00649,1,1,0000,1,1517,400,1518,4,4,4NDNA076,4AFZ15-160,00000000,0000,4ALFE001_AO31,4AFZ15-160,50,0,0

2,OHT,V00795,1,1,0000,1,9447,400,9448,4,4,4PDMV608,4ANZ19-701,00000000,0000,4ABL3301A_OUT04,4ANZ19-701,90,0,0
2,OHT,V00564,1,1,0000,1,2114,750,2115,4,4,4PDD0270,4KCW3301_3,00000000,0000,4ANZ25-205,4KCW3301_3,50,0,0
2,OHT,V00975,1,1,0000,1,3340,0,3341,4,4,6PDB1402,4ANZ03-302,00000000,0000,4EPR5301_3,4ANZ03-302,50,0,0
2,OHT,V00313,1,1,0000,1,1058,500,1059,4,4,6PDN4064,4AFZ47-328,00000000,0000,4CSC1603_3,4AFZ47-328,50,0,0
2,OHT,V00649,1,1,0000,1,1517,450,1518,4,4,4NDNA076,4AFZ15-160,00000000,0000,4ALFE001_AO31,4AFZ15-160,50,0,0

2,OHT,V00795,1,1,0000,1,9447,450,9448,4,4,4PDMV608,4ANZ19-701,00000000,0000,4ABL3301A_OUT04,4ANZ19-701,90,0,0
2,OHT,V00564,1,1,0000,1,2114,800,2115,4,4,4PDD0270,4KCW3301_3,00000000,0000,4ANZ25-205,4KCW3301_3,50,0,0
2,OHT,V00975,1,1,0000,1,3340,50,3341,4,4,6PDB1402,4ANZ03-302,00000000,0000,4EPR5301_3,4ANZ03-302,50,0,0
2,OHT,V00313,1,1,0000,1,1058,550,1059,4,4,6PDN4064,4AFZ47-328,00000000,0000,4CSC1603_3,4AFZ47-328,50,0,0
2,OHT,V00649,1,1,0000,1,1517,500,1518,4,4,4NDNA076,4AFZ15-160,00000000,0000,4ALFE001_AO31,4AFZ15-160,50,0,0

2,OHT,V00795,1,1,0000,1,9448,0,9449,4,4,4PDMV608,4ANZ19-701,00000000,0000,4ABL3301A_OUT04,4ANZ19-701,90,0,0
2,OHT,V00564,1,1,0000,1,2114,850,2115,4,4,4PDD0270,4KCW3301_3,00000000,0000,4ANZ25-205,4KCW3301_3,50,0,0
2,OHT,V00975,1,1,0000,1,3340,100,3341,4,4,6PDB1402,4ANZ03-302,00000000,0000,4EPR5301_3,4ANZ03-302,50,0,0
2,OHT,V00313,1,1,0000,1,1058,600,1059,4,4,6PDN4064,4AFZ47-328,00000000,0000,4CSC1603_3,4AFZ47-328,50,0,0
2,OHT,V00649,1,1,0000,1,1517,550,1518,4,4,4NDNA076,4AFZ15-160,00000000,0000,4ALFE001_AO31,4AFZ15-160,50,0,0

2,OHT,V00795,1,1,0000,1,9448,50,9449,4,4,4PDMV608,4ANZ19-701,00000000,0000,4ABL3301A_OUT04,4ANZ19-701,90,0,0
2,OHT,V00564,1,1,0000,1,2114,900,2115,4,4,4PDD0270,4KCW3301_3,00000000,0000,4ANZ25-205,4KCW3301_3,50,0,0
2,OHT,V00975,1,1,0000,1,3340,150,3341,4,4,6PDB1402,4ANZ03-302,00000000,0000,4EPR5301_3,4ANZ03-302,50,0,0
2,OHT,V00313,1,1,0000,1,1058,650,1059,4,4,6PDN4064,4AFZ47-328,00000000,0000,4CSC1603_3,4AFZ47-328,50,0,0
2,OHT,V00649,1,1,0000,1,1517,600,1518,4,4,4NDNA076,4AFZ15-160,00000000,0000,4ALFE001_AO31,4AFZ15-160,50,0,0

2,OHT,V00795,1,1,0000,1,9448,100,9449,4,4,4PDMV608,4ANZ19-701,00000000,0000,4ABL3301A_OUT04,4ANZ19-701,90,0,0
2,OHT,V00564,1,1,0000,1,2115,0,2116,4,4,4PDD0270,4KCW3301_3,00000000,0000,4ANZ25-205,4KCW3301_3,50,0,0
2,OHT,V00975,1,1,0000,1,3340,200,3341,4,4,6PDB1402,4ANZ03-302,00000000,0000,4EPR5301_3,4ANZ03-302,50,0,0
2,OHT,V00313,1,1,0000,1,1059,0,1060,4,4,6PDN4064,4AFZ47-328,00000000,0000,4CSC1603_3,4AFZ47-328,50,0,0
2,OHT,V00649,1,1,0000,1,1517,650,1518,4,4,4NDNA076,4AFZ15-160,00000000,0000,4ALFE001_AO31,4AFZ15-160,50,0,0

2,OHT,V00795,1,1,0000,1,9448,150,9449,4,4,4PDMV608,4ANZ19-701,00000000,0000,4ABL3301A_OUT04,4ANZ19-701,90,0,0
2,OHT,V00564,1,1,0000,1,2115,50,2116,4,4,4PDD0270,4KCW3301_3,00000000,0000,4ANZ25-205,4KCW3301_3,50,0,0
2,OHT,V00975,1,1,0000,1,3340,250,3341,4,4,6PDB1402,4ANZ03-302,00000000,0000,4EPR5301_3,4ANZ03-302,50,0,0
2,OHT,V00313,1,1,0000,1,1059,50,1060,4,4,6PDN4064,4AFZ47-328,00000000,0000,4CSC1603_3,4AFZ47-328,50,0,0
2,OHT,V00649,1,1,0000,1,1518,0,1519,4,4,4NDNA076,4AFZ15-160,00000000,0000,4ALFE001_AO31,4AFZ15-160,50,0,0

2,OHT,V00795,1,1,0000,1,9448,200,9449,4,4,4PDMV608,4ANZ19-701,00000000,0000,4ABL3301A_OUT04,4ANZ19-701,90,0,0
2,OHT,V00564,1,1,0000,1,2115,100,2116,4,4,4PDD0270,4KCW3301_3,00000000,0000,4ANZ25-205,4KCW3301_3,50,0,0
2,OHT,V00975,1,1,0000,1,3340,300,3341,4,4,6PDB1402,4ANZ03-302,00000000,0000,4EPR5301_3,4ANZ03-302,50,0,0
2,OHT,V00313,1,1,0000,1,1059,100,1060,4,4,6PDN4064,4AFZ47-328,00000000,0000,4CSC1603_3,4AFZ47-328,50,0,0
2,OHT,V00649,1,1,0000,1,1518,50,1519,4,4,4NDNA076,4AFZ15-160,00000000,0000,4ALFE001_AO31,4AFZ15-160,50,0,0

2,OHT,V00795,1,1,0000,1,9449,0,9450,4,4,4PDMV608,4ANZ19-701,00000000,0000,4ABL3301A_OUT04,4ANZ19-701,90,0,0
2,OHT,V00564,1,1,0000,1,2115,150,2116,4,4,4PDD0270,4KCW3301_3,00000000,0000,4ANZ25-205,4KCW3301_3,50,0,0
2,OHT,V00975,1,1,0000,1,3340,350,3341,4,4,6PDB1402,4ANZ03-302,00000000,0000,4EPR5301_3,4ANZ03-302,50,0,0
2,OHT,V00313,1,1,0000,1,1059,150,1060,4,4,6PDN4064,4AFZ47-328,00000000,0000,4CSC1603_3,4AFZ47-328,50,0,0
2,OHT,V00649,1,1,0000,1,1518,100,1519,4,4,4NDNA076,4AFZ15-160,00000000,0000,4ALFE001_AO31,4AFZ15-160,50,0,0

2,OHT,V00795,1,1,0000,1,9449,50,9450,4,4,4PDMV608,4ANZ19-701,00000000,0000,4ABL3301A_OUT04,4ANZ19-701,90,0,0
2,OHT,V00564,1,1,0000,1,2115,200,2116,4,4,4PDD0270,4KCW3301_3,00000000,0000,4ANZ25-205,4KCW3301_3,50,0,0
2,OHT,V00975,1,1,0000,1,3341,0,3342,4,4,6PDB1402,4ANZ03-302,00000000,0000,4EPR5301_3,4ANZ03-302,50,0,0
2,OHT,V00313,1,1,0000,1,1059,200,1060,4,4,6PDN4064,4AFZ47-328,00000000,0000,4CSC1603_3,4AFZ47-328,50,0,0
2,OHT,V00649,1,1,0000,1,1518,150,1519,4,4,4NDNA076,4AFZ15-160,00000000,0000,4ALFE001_AO31,4AFZ15-160,50,0,0

2,OHT,V00795,1,1,0000,1,9449,100,9450,4,4,4PDMV608,4ANZ19-701,00000000,0000,4ABL3301A_OUT04,4ANZ19-701,90,0,0
2,OHT,V00564,1,1,0000,1,2115,250,2116,4,4,4PDD0270,4KCW3301_3,00000000,0000,4ANZ25-205,4KCW3301_3,50,0,0
2,OHT,V00975,1,1,0000,1,3341,50,3342,4,4,6PDB1402,4ANZ03-302,00000000,0000,4EPR5301_3,4ANZ03-302,50,0,0
2,OHT,V00313,1,1,0000,1,1059,250,1060,4,4,6PDN4064,4AFZ47-328,00000000,0000,4CSC1603_3,4AFZ47-328,50,0,0
2,OHT,V00649,1,1,0000,1,1518,200,1519,4,4,4NDNA076,4AFZ15-160,00000000,0000,4ALFE001_AO31,4AFZ15-160,50,0,0

2,OHT,V00795,1,1,0000,1,9449,150,9450,4,4,4PDMV608,4ANZ19-701,00000000,0000,4ABL3301A_OUT04,4ANZ19-701,90,0,0
2,OHT,V00564,1,1,0000,1,2115,300,2116,4,4,4PDD0270,4KCW3301_3,00000000,0000,4ANZ25-205,4KCW3301_3,50,0,0
2,OHT,V00975,1,1,0000,1,3341,100,3342,4,4,6PDB1402,4ANZ03-302,00000000,0000,4EPR5301_3,4ANZ03-302,50,0,0
2,OHT,V00313,1,1,0000,1,1059,300,1060,4,4,6PDN4064,4AFZ47-328,00000000,0000,4CSC1603_3,4AFZ47-328,50,0,0
2,OHT,V00649,1,1,0000,1,1518,250,1519,4,4,4NDNA076,4AFZ15-160,00000000,0000,4ALFE001_AO31,4AFZ15-160,50,0,0

2,OHT,V00795,1,1,0000,1,9449,200,9450,4,4,4PDMV608,4ANZ19-701,00000000,0000,4ABL3301A_OUT04,4ANZ19-701,90,0,0
2,OHT,V00564,1,1,0000,1,2115,350,2116,4,4,4PDD0270,4KCW3301_3,00000000,0000,4ANZ25-205,4KCW3301_3,50,0,0
2,OHT,V00975,1,1,0000,1,3341,150,3342,4,4,6PDB1402,4ANZ03-302,00000000,0000,4EPR5301_3,4ANZ03-302,50,0,0
2,OHT,V00313,1,1,0000,1,1059,350,1060,4,4,6PDN4064,4AFZ47-328,00000000,0000,4CSC1603_3,4AFZ47-328,50,0,0
2,OHT,V00649,1,1,0000,1,1518,300,1519,4,4,4NDNA076,4AFZ15-160,00000000,0000,4ALFE001_AO31,4AFZ15-160,50,0,0

2,OHT,V00795,1,1,0000,1,9449,250,9450,4,4,4PDMV608,4ANZ19-701,00000000,0000,4ABL3301A_OUT04,4ANZ19-701,90,0,0
2,OHT,V00564,1,1,0000,1,2115,400,2116,4,4,4PDD0270,4KCW3301_3,00000000,0000,4ANZ25-205,4KCW3301_3,50,0,0
2,OHT,V00975,1,1,0000,1,3341,200,3342,4,4,6PDB1402,4ANZ03-302,00000000,0000,4EPR5301_3,4ANZ03-302,50,0,0
2,OHT,V00313,1,1,0000,1,1059,400,1060,4,4,6PDN4064,4AFZ47-328,00000000,0000,4CSC1603_3,4AFZ47-328,50,0,0
2,OHT,V00649,1,1,0000,1,1518,350,1519,4,4,4NDNA076,4AFZ15-160,00000000,0000,4ALFE001_AO31,4AFZ15-160,50,0,0

2,OHT,V00795,1,1,0000,1,9449,300,9450,4,4,4PDMV608,4ANZ19-701,00000000,0000,4ABL3301A_OUT04,4ANZ19-701,90,0,0
2,OHT,V00564,1,1,0000,1,2115,450,2116,4,4,4PDD0270,4KCW3301_3,00000000,0000,4ANZ25-205,4KCW3301_3,50,0,0
2,OHT,V00975,1,1,0000,1,3341,250,3342,4,4,6PDB1402,4ANZ03-302,00000000,0000,4EPR5301_3,4ANZ03-302,50,0,0
2,OHT,V00313,1,1,0000,1,1059,450,1060,4,4,6PDN4064,4AFZ47-328,00000000,0000,4CSC1603_3,4AFZ47-328,50,0,0
2,OHT,V00649,1,1,0000,1,1518,400,1519,4,4,4NDNA076,4AFZ15-160,00000000,0000,4ALFE001_AO31,4AFZ15-160,50,0,0

2,OHT,V00795,1,1,0000,1,9449,350,9450,4,4,4PDMV608,4ANZ19-701,00000000,0000,4ABL3301A_OUT04,4ANZ19-701,90,0,0
2,OHT,V00564,1,1,0000,1,2115,500,2116,4,4,4PDD0270,4KCW3301_3,00000000,0000,4ANZ25-205,4KCW3301_3,50,0,0
2,OHT,V00975,1,1,0000,1,3341,300,3342,4,4,6PDB1402,4ANZ03-302,00000000,0000,4EPR5301_3,4ANZ03-302,50,0,0
2,OHT,V00313,1,1,0000,1,1060,0,8217,4,4,6PDN4064,4AFZ47-328,00000000,0000,4CSC1603_3,4AFZ47-328,50,0,0
2,OHT,V00649,1,1,0000,1,1519,0,1551,4,4,4NDNA076,4AFZ15-160,00000000,0000,4ALFE001_AO31,4AFZ15-160,50,0,0

2,OHT,V00795,1,1,0000,1,9450,0,9451,4,4,4PDMV608,4ANZ19-701,00000000,0000,4ABL3301A_OUT04,4ANZ19-701,90,0,0
2,OHT,V00564,1,1,0000,1,2115,550,2116,4,4,4PDD0270,4KCW3301_3,00000000,0000,4ANZ25-205,4KCW3301_3,50,0,0
2,OHT,V00975,1,1,0000,1,3341,350,3342,4,4,6PDB1402,4ANZ03-302,00000000,0000,4EPR5301_3,4ANZ03-302,50,0,0
2,OHT,V00313,1,1,0000,1,1060,50,8217,4,4,6PDN4064,4AFZ47-328,00000000,0000,4CSC1603_3,4AFZ47-328,50,0,0
2,OHT,V00649,1,1,0000,1,1519,50,1551,4,4,4NDNA076,4AFZ15-160,00000000,0000,4ALFE001_AO31,4AFZ15-160,50,0,0

2,OHT,V00795,1,1,0000,1,9450,50,9451,4,4,4PDMV608,4ANZ19-701,00000000,0000,4ABL3301A_OUT04,4ANZ19-701,90,0,0
2,OHT,V00564,1,1,0000,1,2115,600,2116,4,4,4PDD0270,4KCW3301_3,00000000,0000,4ANZ25-205,4KCW3301_3,50,0,0
2,OHT,V00975,1,1,0000,1,3341,400,3342,4,4,6PDB1402,4ANZ03-302,00000000,0000,4EPR5301_3,4ANZ03-302,50,0,0
2,OHT,V00313,1,1,0000,1,1060,100,8217,4,4,6PDN4064,4AFZ47-328,00000000,0000,4CSC1603_3,4AFZ47-328,50,0,0
2,OHT,V00649,1,1,0000,1,1519,100,1551,4,4,4NDNA076,4AFZ15-160,00000000,0000,4ALFE001_AO31,4AFZ15-160,50,0,0

2,OHT,V00795,1,1,0000,1,9450,100,9451,4,4,4PDMV608,4ANZ19-701,00000000,0000,4ABL3301A_OUT04,4ANZ19-701,90,0,0
2,OHT,V00564,1,1,0000,1,2115,650,2116,4,4,4PDD0270,4KCW3301_3,00000000,0000,4ANZ25-205,4KCW3301_3,50,0,0
2,OHT,V00975,1,1,0000,1,3341,450,3342,4,4,6PDB1402,4ANZ03-302,00000000,0000,4EPR5301_3,4ANZ03-302,50,0,0
2,OHT,V00313,1,1,0000,1,1060,150,8217,4,4,6PDN4064,4AFZ47-328,00000000,0000,4CSC1603_3,4AFZ47-328,50,0,0
2,OHT,V00649,1,1,0000,1,1519,150,1551,4,4,4NDNA076,4AFZ15-160,00000000,0000,4ALFE001_AO31,4AFZ15-160,50,0,0

2,OHT,V00795,1,1,0000,1,9450,150,9451,4,4,4PDMV608,4ANZ19-701,00000000,0000,4ABL3301A_OUT04,4ANZ19-701,90,0,0
2,OHT,V00564,1,1,0000,1,2115,700,2116,4,4,4PDD0270,4KCW3301_3,00000000,0000,4ANZ25-205,4KCW3301_3,50,0,0
2,OHT,V00975,1,1,0000,1,3341,500,3342,4,4,6PDB1402,4ANZ03-302,00000000,0000,4EPR5301_3,4ANZ03-302,50,0,0
2,OHT,V00313,1,1,0000,1,1060,200,8217,4,4,6PDN4064,4AFZ47-328,00000000,0000,4CSC1603_3,4AFZ47-328,50,0,0
2,OHT,V00649,1,1,0000,1,1519,200,1551,4,4,4NDNA076,4AFZ15-160,00000000,0000,4ALFE001_AO31,4AFZ15-160,50,0,0

2,OHT,V00795,1,1,0000,1,9450,200,9451,4,4,4PDMV608,4ANZ19-701,00000000,0000,4ABL3301A_OUT04,4ANZ19-701,90,0,0
2,OHT,V00564,1,1,0000,1,2115,750,2116,4,4,4PDD0270,4KCW3301_3,00000000,0000,4ANZ25-205,4KCW3301_3,50,0,0
2,OHT,V00975,1,1,0000,1,3342,0,3343,4,4,6PDB1402,4ANZ03-302,00000000,0000,4EPR5301_3,4ANZ03-302,50,0,0
2,OHT,V00313,1,1,0000,1,1060,250,8217,4,4,6PDN4064,4AFZ47-328,00000000,0000,4CSC1603_3,4AFZ47-328,50,0,0
2,OHT,V00649,1,1,0000,1,1519,250,1551,4,4,4NDNA076,4AFZ15-160,00000000,0000,4ALFE001_AO31,4AFZ15-160,50,0,0

2,OHT,V00795,1,1,0000,1,9450,250,9451,4,4,4PDMV608,4ANZ19-701,00000000,0000,4ABL3301A_OUT04,4ANZ19-701,90,0,0
2,OHT,V00564,1,1,0000,1,2115,800,2116,4,4,4PDD0270,4KCW3301_3,00000000,0000,4ANZ25-205,4KCW3301_3,50,0,0
2,OHT,V00975,1,1,0000,1,3342,50,3343,4,4,6PDB1402,4ANZ03-302,00000000,0000,4EPR5301_3,4ANZ03-302,50,0,0
2,OHT,V00313,1,1,0000,1,1060,300,8217,4,4,6PDN4064,4AFZ47-328,00000000,0000,4CSC1603_3,4AFZ47-328,50,0,0
2,OHT,V00649,1,1,0000,1,1519,300,1551,4,4,4NDNA076,4AFZ15-160,00000000,0000,4ALFE001_AO31,4AFZ15-160,50,0,0

2,OHT,V00795,1,1,0000,1,9450,300,9451,4,4,4PDMV608,4ANZ19-701,00000000,0000,4ABL3301A_OUT04,4ANZ19-701,90,0,0
2,OHT,V00564,1,1,0000,1,2115,850,2116,4,4,4PDD0270,4KCW3301_3,00000000,0000,4ANZ25-205,4KCW3301_3,50,0,0
2,OHT,V00975,1,1,0000,1,3342,100,3343,4,4,6PDB1402,4ANZ03-302,00000000,0000,4EPR5301_3,4ANZ03-302,50,0,0
2,OHT,V00313,1,1,0000,1,1060,350,8217,4,4,6PDN4064,4AFZ47-328,00000000,0000,4CSC1603_3,4AFZ47-328,50,0,0
2,OHT,V00649,1,1,0000,1,1519,350,1551,4,4,4NDNA076,4AFZ15-160,00000000,0000,4ALFE001_AO31,4AFZ15-160,50,0,0

2,OHT,V00795,1,1,0000,1,9450,350,9451,4,4,4PDMV608,4ANZ19-701,00000000,0000,4ABL3301A_OUT04,4ANZ19-701,90,0,0
2,OHT,V00564,1,1,0000,1,2115,900,2116,4,4,4PDD0270,4KCW3301_3,00000000,0000,4ANZ25-205,4KCW3301_3,50,0,0
2,OHT,V00975,1,1,0000,1,3342,150,3343,4,4,6PDB1402,4ANZ03-302,00000000,0000,4EPR5301_3,4ANZ03-302,50,0,0
2,OHT,V00313,1,1,0000,1,8217,0,8218,4,4,6PDN4064,4AFZ47-328,00000000,0000,4CSC1603_3,4AFZ47-328,50,0,0
2,OHT,V00649,1,1,0000,1,1519,400,1551,4,4,4NDNA076,4AFZ15-160,00000000,0000,4ALFE001_AO31,4AFZ15-160,50,0,0

2,OHT,V00795,1,1,0000,1,9450,400,9451,4,4,4PDMV608,4ANZ19-701,00000000,0000,4ABL3301A_OUT04,4ANZ19-701,90,0,0
2,OHT,V00564,1,1,0000,1,2115,950,2116,4,4,4PDD0270,4KCW3301_3,00000000,0000,4ANZ25-205,4KCW3301_3,50,0,0
2,OHT,V00975,1,1,0000,1,3342,200,3343,4,4,6PDB1402,4ANZ03-302,00000000,0000,4EPR5301_3,4ANZ03-302,50,0,0
2,OHT,V00313,1,1,0000,1,8217,50,8218,4,4,6PDN4064,4AFZ47-328,00000000,0000,4CSC1603_3,4AFZ47-328,50,0,0
2,OHT,V00649,1,1,0000,1,1519,450,1551,4,4,4NDNA076,4AFZ15-160,00000000,0000,4ALFE001_AO31,4AFZ15-160,50,0,0

2,OHT,V00795,1,1,0000,1,9450,450,9451,4,4,4PDMV608,4ANZ19-701,00000000,0000,4ABL3301A_OUT04,4ANZ19-701,90,0,0
2,OHT,V00564,1,1,0000,1,2116,0,2117,4,4,4PDD0270,4KCW3301_3,00000000,0000,4ANZ25-205,4KCW3301_3,50,0,0
2,OHT,V00975,1,1,0000,1,3342,250,3343,4,4,6PDB1402,4ANZ03-302,00000000,0000,4EPR5301_3,4ANZ03-302,50,0,0
2,OHT,V00313,1,1,0000,1,8217,100,8218,4,4,6PDN4064,4AFZ47-328,00000000,0000,4CSC1603_3,4AFZ47-328,50,0,0
2,OHT,V00649,1,1,0000,1,1551,0,1552,4,4,4NDNA076,4AFZ15-160,00000000,0000,4ALFE001_AO31,4AFZ15-160,50,0,0

2,OHT,V00795,1,1,0000,1,9450,500,9451,4,4,4PDMV608,4ANZ19-701,00000000,0000,4ABL3301A_OUT04,4ANZ19-701,90,0,0
2,OHT,V00564,1,1,0000,1,2116,50,2117,4,4,4PDD0270,4KCW3301_3,00000000,0000,4ANZ25-205,4KCW3301_3,50,0,0
2,OHT,V00975,1,1,0000,1,3342,300,3343,4,4,6PDB1402,4ANZ03-302,00000000,0000,4EPR5301_3,4ANZ03-302,50,0,0
2,OHT,V00313,1,1,0000,1,8217,150,8218,4,4,6PDN4064,4AFZ47-328,00000000,0000,4CSC1603_3,4AFZ47-328,50,0,0
2,OHT,V00649,1,1,0000,1,1551,50,1552,4,4,4NDNA076,4AFZ15-160,00000000,0000,4ALFE001_AO31,4AFZ15-160,50,0,0

2,OHT,V00795,1,1,0000,1,9450,550,9451,4,4,4PDMV608,4ANZ19-701,00000000,0000,4ABL3301A_OUT04,4ANZ19-701,90,0,0
2,OHT,V00564,1,1,0000,1,2116,100,2117,4,4,4PDD0270,4KCW3301_3,00000000,0000,4ANZ25-205,4KCW3301_3,50,0,0
2,OHT,V00975,1,1,0000,1,3342,350,3343,4,4,6PDB1402,4ANZ03-302,00000000,0000,4EPR5301_3,4ANZ03-302,50,0,0
2,OHT,V00313,1,1,0000,1,8217,200,8218,4,4,6PDN4064,4AFZ47-328,00000000,0000,4CSC1603_3,4AFZ47-328,50,0,0
2,OHT,V00649,1,1,0000,1,1551,100,1552,4,4,4NDNA076,4AFZ15-160,00000000,0000,4ALFE001_AO31,4AFZ15-160,50,0,0

2,OHT,V00795,1,1,0000,1,9451,0,9452,4,4,4PDMV608,4ANZ19-701,00000000,0000,4ABL3301A_OUT04,4ANZ19-701,90,0,0
2,OHT,V00564,1,1,0000,1,2116,150,2117,4,4,4PDD0270,4KCW3301_3,00000000,0000,4ANZ25-205,4KCW3301_3,50,0,0
2,OHT,V00975,1,1,0000,1,3342,400,3343,4,4,6PDB1402,4ANZ03-302,00000000,0000,4EPR5301_3,4ANZ03-302,50,0,0
2,OHT,V00313,1,1,0000,1,8217,250,8218,4,4,6PDN4064,4AFZ47-328,00000000,0000,4CSC1603_3,4AFZ47-328,50,0,0
2,OHT,V00649,1,1,0000,1,1551,150,1552,4,4,4NDNA076,4AFZ15-160,00000000,0000,4ALFE001_AO31,4AFZ15-160,50,0,0

2,OHT,V00795,1,1,0000,1,9451,50,9452,4,4,4PDMV608,4ANZ19-701,00000000,0000,4ABL3301A_OUT04,4ANZ19-701,90,0,0
2,OHT,V00564,1,1,0000,1,2116,200,2117,4,4,4PDD0270,4KCW3301_3,00000000,0000,4ANZ25-205,4KCW3301_3,50,0,0
2,OHT,V00975,1,1,0000,1,3342,450,3343,4,4,6PDB1402,4ANZ03-302,00000000,0000,4EPR5301_3,4ANZ03-302,50,0,0
2,OHT,V00313,1,1,0000,1,8218,0,8219,4,4,6PDN4064,4AFZ47-328,00000000,0000,4CSC1603_3,4AFZ47-328,50,0,0
2,OHT,V00649,1,1,0000,1,1551,200,1552,4,4,4NDNA076,4AFZ15-160,00000000,0000,4ALFE001_AO31,4AFZ15-160,50,0,0

2,OHT,V00795,1,1,0000,1,9451,100,9452,4,4,4PDMV608,4ANZ19-701,00000000,0000,4ABL3301A_OUT04,4ANZ19-701,90,0,0
2,OHT,V00564,1,1,0000,1,2116,250,2117,4,4,4PDD0270,4KCW3301_3,00000000,0000,4ANZ25-205,4KCW3301_3,50,0,0
2,OHT,V00975,1,1,0000,1,3342,500,3343,4,4,6PDB1402,4ANZ03-302,00000000,0000,4EPR5301_3,4ANZ03-302,50,0,0
2,OHT,V00313,1,1,0000,1,8218,50,8219,4,4,6PDN4064,4AFZ47-328,00000000,0000,4CSC1603_3,4AFZ47-328,50,0,0
2,OHT,V00649,1,1,0000,1,1551,250,1552,4,4,4NDNA076,4AFZ15-160,00000000,0000,4ALFE001_AO31,4AFZ15-160,50,0,0

2,OHT,V00795,1,1,0000,1,9451,150,9452,4,4,4PDMV608,4ANZ19-701,00000000,0000,4ABL3301A_OUT04,4ANZ19-701,90,0,0
2,OHT,V00564,1,1,0000,1,2116,300,2117,4,4,4PDD0270,4KCW3301_3,00000000,0000,4ANZ25-205,4KCW3301_3,50,0,0
2,OHT,V00975,1,1,0000,1,3342,550,3343,4,4,6PDB1402,4ANZ03-302,00000000,0000,4EPR5301_3,4ANZ03-302,50,0,0
2,OHT,V00313,1,1,0000,1,8218,100,8219,4,4,6PDN4064,4AFZ47-328,00000000,0000,4CSC1603_3,4AFZ47-328,50,0,0
2,OHT,V00649,1,1,0000,1,1551,300,1552,4,4,4NDNA076,4AFZ15-160,00000000,0000,4ALFE001_AO31,4AFZ15-160,50,0,0

2,OHT,V00795,1,1,0000,1,9451,200,9452,4,4,4PDMV608,4ANZ19-701,00000000,0000,4ABL3301A_OUT04,4ANZ19-701,90,0,0
2,OHT,V00564,1,1,0000,1,2116,350,2117,4,4,4PDD0270,4KCW3301_3,00000000,0000,4ANZ25-205,4KCW3301_3,50,0,0
2,OHT,V00975,1,1,0000,1,3342,600,3343,4,4,6PDB1402,4ANZ03-302,00000000,0000,4EPR5301_3,4ANZ03-302,50,0,0
2,OHT,V00313,1,1,0000,1,8218,150,8219,4,4,6PDN4064,4AFZ47-328,00000000,0000,4CSC1603_3,4AFZ47-328,50,0,0
2,OHT,V00649,1,1,0000,1,1551,350,1552,4,4,4NDNA076,4AFZ15-160,00000000,0000,4ALFE001_AO31,4AFZ15-160,50,0,0

2,OHT,V00795,1,1,0000,1,9451,250,9452,4,4,4PDMV608,4ANZ19-701,00000000,0000,4ABL3301A_OUT04,4ANZ19-701,90,0,0
2,OHT,V00564,1,1,0000,1,2116,400,2117,4,4,4PDD0270,4KCW3301_3,00000000,0000,4ANZ25-205,4KCW3301_3,50,0,0
2,OHT,V00975,1,1,0000,1,3342,650,3343,4,4,6PDB1402,4ANZ03-302,00000000,0000,4EPR5301_3,4ANZ03-302,50,0,0
2,OHT,V00313,1,1,0000,1,8218,200,8219,4,4,6PDN4064,4AFZ47-328,00000000,0000,4CSC1603_3,4AFZ47-328,50,0,0
2,OHT,V00649,1,1,0000,1,1551,400,1552,4,4,4NDNA076,4AFZ15-160,00000000,0000,4ALFE001_AO31,4AFZ15-160,50,0,0

2,OHT,V00795,1,1,0000,1,9451,300,9452,4,4,4PDMV608,4ANZ19-701,00000000,0000,4ABL3301A_OUT04,4ANZ19-701,90,0,0
2,OHT,V00564,1,1,0000,1,2116,450,2117,4,4,4PDD0270,4KCW3301_3,00000000,0000,4ANZ25-205,4KCW3301_3,50,0,0
2,OHT,V00975,1,1,0000,1,3343,0,3344,4,4,6PDB1402,4ANZ03-302,00000000,0000,4EPR5301_3,4ANZ03-302,50,0,0
2,OHT,V00313,1,1,0000,1,8218,250,8219,4,4,6PDN4064,4AFZ47-328,00000000,0000,4CSC1603_3,4AFZ47-328,50,0,0
2,OHT,V00649,1,1,0000,1,1551,450,1552,4,4,4NDNA076,4AFZ15-160,00000000,0000,4ALFE001_AO31,4AFZ15-160,50,0,0

2,OHT,V00795,1,1,0000,1,9451,350,9452,4,4,4PDMV608,4ANZ19-701,00000000,0000,4ABL3301A_OUT04,4ANZ19-701,90,0,0
2,OHT,V00564,1,1,0000,1,2116,500,2117,4,4,4PDD0270,4KCW3301_3,00000000,0000,4ANZ25-205,4KCW3301_3,50,0,0
2,OHT,V00975,1,1,0000,1,3343,50,3344,4,4,6PDB1402,4ANZ03-302,00000000,0000,4EPR5301_3,4ANZ03-302,50,0,0
2,OHT,V00313,1,1,0000,1,8218,300,8219,4,4,6PDN4064,4AFZ47-328,00000000,0000,4CSC1603_3,4AFZ47-328,50,0,0
2,OHT,V00649,1,1,0000,1,1552,0,1553,4,4,4NDNA076,4AFZ15-160,00000000,0000,4ALFE001_AO31,4AFZ15-160,50,0,0

2,OHT,V00795,1,1,0000,1,9451,400,9452,4,4,4PDMV608,4ANZ19-701,00000000,0000,4ABL3301A_OUT04,4ANZ19-701,90,0,0
2,OHT,V00564,1,1,0000,1,2116,550,2117,4,4,4PDD0270,4KCW3301_3,00000000,0000,4ANZ25-205,4KCW3301_3,50,0,0
2,OHT,V00975,1,1,0000,1,3343,100,3344,4,4,6PDB1402,4ANZ03-302,00000000,0000,4EPR5301_3,4ANZ03-302,50,0,0
2,OHT,V00313,1,1,0000,1,8218,350,8219,4,4,6PDN4064,4AFZ47-328,00000000,0000,4CSC1603_3,4AFZ47-328,50,0,0
2,OHT,V00649,1,1,0000,1,1552,50,1553,4,4,4NDNA076,4AFZ15-160,00000000,0000,4ALFE001_AO31,4AFZ15-160,50,0,0

2,OHT,V00795,1,1,0000,1,9451,450,9452,4,4,4PDMV608,4ANZ19-701,00000000,0000,4ABL3301A_OUT04,4ANZ19-701,90,0,0
2,OHT,V00564,1,1,0000,1,2116,600,2117,4,4,4PDD0270,4KCW3301_3,00000000,0000,4ANZ25-205,4KCW3301_3,50,0,0
2,OHT,V00975,1,1,0000,1,3343,150,3344,4,4,6PDB1402,4ANZ03-302,00000000,0000,4EPR5301_3,4ANZ03-302,50,0,0
2,OHT,V00313,1,1,0000,1,8219,0,8220,4,4,6PDN4064,4AFZ47-328,00000000,0000,4CSC1603_3,4AFZ47-328,50,0,0
2,OHT,V00649,1,1,0000,1,1552,100,1553,4,4,4NDNA076,4AFZ15-160,00000000,0000,4ALFE001_AO31,4AFZ15-160,50,0,0

2,OHT,V00795,1,1,0000,1,9451,500,9452,4,4,4PDMV608,4ANZ19-701,00000000,0000,4ABL3301A_OUT04,4ANZ19-701,90,0,0
2,OHT,V00564,1,1,0000,1,2116,650,2117,4,4,4PDD0270,4KCW3301_3,00000000,0000,4ANZ25-205,4KCW3301_3,50,0,0
2,OHT,V00975,1,1,0000,1,3343,200,3344,4,4,6PDB1402,4ANZ03-302,00000000,0000,4EPR5301_3,4ANZ03-302,50,0,0
2,OHT,V00313,1,1,0000,1,8219,50,8220,4,4,6PDN4064,4AFZ47-328,00000000,0000,4CSC1603_3,4AFZ47-328,50,0,0
2,OHT,V00649,1,1,0000,1,1552,150,1553,4,4,4NDNA076,4AFZ15-160,00000000,0000,4ALFE001_AO31,4AFZ15-160,50,0,0

2,OHT,V00795,1,1,0000,1,9451,550,9452,4,4,4PDMV608,4ANZ19-701,00000000,0000,4ABL3301A_OUT04,4ANZ19-701,90,0,0
2,OHT,V00564,1,1,0000,1,2117,0,2119,4,4,4PDD0270,4KCW3301_3,00000000,0000,4ANZ25-205,4KCW3301_3,50,0,0
2,OHT,V00975,1,1,0000,1,3343,250,3344,4,4,6PDB1402,4ANZ03-302,00000000,0000,4EPR5301_3,4ANZ03-302,50,0,0
2,OHT,V00313,1,1,0000,1,8219,100,8220,4,4,6PDN4064,4AFZ47-328,00000000,0000,4CSC1603_3,4AFZ47-328,50,0,0
2,OHT,V00649,1,1,0000,1,1552,200,1553,4,4,4NDNA076,4AFZ15-160,00000000,0000,4ALFE001_AO31,4AFZ15-160,50,0,0

2,OHT,V00795,1,1,0000,1,9451,600,9452,4,4,4PDMV608,4ANZ19-701,00000000,0000,4ABL3301A_OUT04,4ANZ19-701,90,0,0
2,OHT,V00564,1,1,0000,1,2117,50,2119,4,4,4PDD0270,4KCW3301_3,00000000,0000,4ANZ25-205,4KCW3301_3,50,0,0
2,OHT,V00975,1,1,0000,1,3343,300,3344,4,4,6PDB1402,4ANZ03-302,00000000,0000,4EPR5301_3,4ANZ03-302,50,0,0
2,OHT,V00313,1,1,0000,1,8219,150,8220,4,4,6PDN4064,4AFZ47-328,00000000,0000,4CSC1603_3,4AFZ47-328,50,0,0
2,OHT,V00649,1,1,0000,1,1552,250,1553,4,4,4NDNA076,4AFZ15-160,00000000,0000,4ALFE001_AO31,4AFZ15-160,50,0,0

2,OHT,V00795,1,1,0000,1,9451,650,9452,4,4,4PDMV608,4ANZ19-701,00000000,0000,4ABL3301A_OUT04,4ANZ19-701,90,0,0
2,OHT,V00564,1,1,0000,1,2117,100,2119,4,4,4PDD0270,4KCW3301_3,00000000,0000,4ANZ25-205,4KCW3301_3,50,0,0
2,OHT,V00975,1,1,0000,1,3343,350,3344,4,4,6PDB1402,4ANZ03-302,00000000,0000,4EPR5301_3,4ANZ03-302,50,0,0
2,OHT,V00313,1,1,0000,1,8219,200,8220,4,4,6PDN4064,4AFZ47-328,00000000,0000,4CSC1603_3,4AFZ47-328,50,0,0
2,OHT,V00649,1,1,0000,1,1552,300,1553,4,4,4NDNA076,4AFZ15-160,00000000,0000,4ALFE001_AO31,4AFZ15-160,50,0,0

2,OHT,V00795,1,1,0000,1,9452,0,9028,4,4,4PDMV608,4ANZ19-701,00000000,0000,4ABL3301A_OUT04,4ANZ19-701,90,0,0
2,OHT,V00564,1,1,0000,1,2117,150,2119,4,4,4PDD0270,4KCW3301_3,00000000,0000,4ANZ25-205,4KCW3301_3,50,0,0
2,OHT,V00975,1,1,0000,1,3343,400,3344,4,4,6PDB1402,4ANZ03-302,00000000,0000,4EPR5301_3,4ANZ03-302,50,0,0
2,OHT,V00313,1,1,0000,1,8219,250,8220,4,4,6PDN4064,4AFZ47-328,00000000,0000,4CSC1603_3,4AFZ47-328,50,0,0
2,OHT,V00649,1,1,0000,1,1552,350,1553,4,4,4NDNA076,4AFZ15-160,00000000,0000,4ALFE001_AO31,4AFZ15-160,50,0,0

2,OHT,V00795,1,1,0000,1,9452,50,9028,4,4,4PDMV608,4ANZ19-701,00000000,0000,4ABL3301A_OUT04,4ANZ19-701,90,0,0
2,OHT,V00564,1,1,0000,1,2117,200,2119,4,4,4PDD0270,4KCW3301_3,00000000,0000,4ANZ25-205,4KCW3301_3,50,0,0
2,OHT,V00975,1,1,0000,1,3343,450,3344,4,4,6PDB1402,4ANZ03-302,00000000,0000,4EPR5301_3,4ANZ03-302,50,0,0
2,OHT,V00313,1,1,0000,1,8219,300,8220,4,4,6PDN4064,4AFZ47-328,00000000,0000,4CSC1603_3,4AFZ47-328,50,0,0
2,OHT,V00649,1,1,0000,1,1552,400,1553,4,4,4NDNA076,4AFZ15-160,00000000,0000,4ALFE001_AO31,4AFZ15-160,50,0,0

2,OHT,V00795,1,1,0000,1,9452,100,9028,4,4,4PDMV608,4ANZ19-701,00000000,0000,4ABL3301A_OUT04,4ANZ19-701,90,0,0
2,OHT,V00564,1,1,0000,1,2117,250,2119,4,4,4PDD0270,4KCW3301_3,00000000,0000,4ANZ25-205,4KCW3301_3,50,0,0
2,OHT,V00975,1,1,0000,1,3343,500,3344,4,4,6PDB1402,4ANZ03-302,00000000,0000,4EPR5301_3,4ANZ03-302,50,0,0
2,OHT,V00313,1,1,0000,1,8219,350,8220,4,4,6PDN4064,4AFZ47-328,00000000,0000,4CSC1603_3,4AFZ47-328,50,0,0
2,OHT,V00649,1,1,0000,1,1552,450,1553,4,4,4NDNA076,4AFZ15-160,00000000,0000,4ALFE001_AO31,4AFZ15-160,50,0,0

2,OHT,V00795,1,1,0000,1,9452,150,9028,4,4,4PDMV608,4ANZ19-701,00000000,0000,4ABL3301A_OUT04,4ANZ19-701,90,0,0
2,OHT,V00564,1,1,0000,1,2117,300,2119,4,4,4PDD0270,4KCW3301_3,00000000,0000,4ANZ25-205,4KCW3301_3,50,0,0
2,OHT,V00975,1,1,0000,1,3343,550,3344,4,4,6PDB1402,4ANZ03-302,00000000,0000,4EPR5301_3,4ANZ03-302,50,0,0
2,OHT,V00313,1,1,0000,1,8219,400,8220,4,4,6PDN4064,4AFZ47-328,00000000,0000,4CSC1603_3,4AFZ47-328,50,0,0
2,OHT,V00649,1,1,0000,1,1552,500,1553,4,4,4NDNA076,4AFZ15-160,00000000,0000,4ALFE001_AO31,4AFZ15-160,50,0,0

2,OHT,V00795,1,1,0000,1,9452,200,9028,4,4,4PDMV608,4ANZ19-701,00000000,0000,4ABL3301A_OUT04,4ANZ19-701,90,0,0
2,OHT,V00564,1,1,0000,1,2117,350,2119,4,4,4PDD0270,4KCW3301_3,00000000,0000,4ANZ25-205,4KCW3301_3,50,0,0
2,OHT,V00975,1,1,0000,1,3344,0,3345,4,4,6PDB1402,4ANZ03-302,00000000,0000,4EPR5301_3,4ANZ03-302,50,0,0
2,OHT,V00313,1,1,0000,1,8219,450,8220,4,4,6PDN4064,4AFZ47-328,00000000,0000,4CSC1603_3,4AFZ47-328,50,0,0
2,OHT,V00649,1,1,0000,1,1552,550,1553,4,4,4NDNA076,4AFZ15-160,00000000,0000,4ALFE001_AO31,4AFZ15-160,50,0,0

2,OHT,V00795,1,1,0000,1,9452,250,9028,4,4,4PDMV608,4ANZ19-701,00000000,0000,4ABL3301A_OUT04,4ANZ19-701,90,0,0
2,OHT,V00564,1,1,0000,1,2117,400,2119,4,4,4PDD0270,4KCW3301_3,00000000,0000,4ANZ25-205,4KCW3301_3,50,0,0
2,OHT,V00975,1,1,0000,1,3344,50,3345,4,4,6PDB1402,4ANZ03-302,00000000,0000,4EPR5301_3,4ANZ03-302,50,0,0
2,OHT,V00313,1,1,0000,1,8219,500,8220,4,4,6PDN4064,4AFZ47-328,00000000,0000,4CSC1603_3,4AFZ47-328,50,0,0
2,OHT,V00649,1,1,0000,1,1552,600,1553,4,4,4NDNA076,4AFZ15-160,00000000,0000,4ALFE001_AO31,4AFZ15-160,50,0,0

2,OHT,V00795,1,1,0000,1,9452,300,9028,4,4,4PDMV608,4ANZ19-701,00000000,0000,4ABL3301A_OUT04,4ANZ19-701,90,0,0
2,OHT,V00564,1,1,0000,1,2119,0,2121,4,4,4PDD0270,4KCW3301_3,00000000,0000,4ANZ25-205,4KCW3301_3,50,0,0
2,OHT,V00975,1,1,0000,1,3344,100,3345,4,4,6PDB1402,4ANZ03-302,00000000,0000,4EPR5301_3,4ANZ03-302,50,0,0
2,OHT,V00313,1,1,0000,1,8219,550,8220,4,4,6PDN4064,4AFZ47-328,00000000,0000,4CSC1603_3,4AFZ47-328,50,0,0
2,OHT,V00649,1,1,0000,1,1552,650,1553,4,4,4NDNA076,4AFZ15-160,00000000,0000,4ALFE001_AO31,4AFZ15-160,50,0,0

2,OHT,V00795,1,1,0000,1,9452,350,9028,4,4,4PDMV608,4ANZ19-701,00000000,0000,4ABL3301A_OUT04,4ANZ19-701,90,0,0
2,OHT,V00564,1,1,0000,1,2119,50,2121,4,4,4PDD0270,4KCW3301_3,00000000,0000,4ANZ25-205,4KCW3301_3,50,0,0
2,OHT,V00975,1,1,0000,1,3344,150,3345,4,4,6PDB1402,4ANZ03-302,00000000,0000,4EPR5301_3,4ANZ03-302,50,0,0
2,OHT,V00313,1,1,0000,1,8220,0,8221,4,4,6PDN4064,4AFZ47-328,00000000,0000,4CSC1603_3,4AFZ47-328,50,0,0
2,OHT,V00649,1,1,0000,1,1553,0,1554,4,4,4NDNA076,4AFZ15-160,00000000,0000,4ALFE001_AO31,4AFZ15-160,50,0,0

2,OHT,V00795,1,1,0000,1,9452,400,9028,4,4,4PDMV608,4ANZ19-701,00000000,0000,4ABL3301A_OUT04,4ANZ19-701,90,0,0
2,OHT,V00564,1,1,0000,1,2119,100,2121,4,4,4PDD0270,4KCW3301_3,00000000,0000,4ANZ25-205,4KCW3301_3,50,0,0
2,OHT,V00975,1,1,0000,1,3344,200,3345,4,4,6PDB1402,4ANZ03-302,00000000,0000,4EPR5301_3,4ANZ03-302,50,0,0
2,OHT,V00313,1,1,0000,1,8220,50,8221,4,4,6PDN4064,4AFZ47-328,00000000,0000,4CSC1603_3,4AFZ47-328,50,0,0
2,OHT,V00649,1,1,0000,1,1553,50,1554,4,4,4NDNA076,4AFZ15-160,00000000,0000,4ALFE001_AO31,4AFZ15-160,50,0,0

2,OHT,V00795,1,1,0000,1,9452,450,9028,4,4,4PDMV608,4ANZ19-701,00000000,0000,4ABL3301A_OUT04,4ANZ19-701,90,0,0
2,OHT,V00564,1,1,0000,1,2119,150,2121,4,4,4PDD0270,4KCW3301_3,00000000,0000,4ANZ25-205,4KCW3301_3,50,0,0
2,OHT,V00975,1,1,0000,1,3344,250,3345,4,4,6PDB1402,4ANZ03-302,00000000,0000,4EPR5301_3,4ANZ03-302,50,0,0
2,OHT,V00313,1,1,0000,1,8220,100,8221,4,4,6PDN4064,4AFZ47-328,00000000,0000,4CSC1603_3,4AFZ47-328,50,0,0
2,OHT,V00649,1,1,0000,1,1553,100,1554,4,4,4NDNA076,4AFZ15-160,00000000,0000,4ALFE001_AO31,4AFZ15-160,50,0,0

2,OHT,V00795,1,1,0000,1,9452,500,9028,4,4,4PDMV608,4ANZ19-701,00000000,0000,4ABL3301A_OUT04,4ANZ19-701,90,0,0
2,OHT,V00564,1,1,0000,1,2119,200,2121,4,4,4PDD0270,4KCW3301_3,00000000,0000,4ANZ25-205,4KCW3301_3,50,0,0
2,OHT,V00975,1,1,0000,1,3344,300,3345,4,4,6PDB1402,4ANZ03-302,00000000,0000,4EPR5301_3,4ANZ03-302,50,0,0
2,OHT,V00313,1,1,0000,1,8220,150,8221,4,4,6PDN4064,4AFZ47-328,00000000,0000,4CSC1603_3,4AFZ47-328,50,0,0
2,OHT,V00649,1,1,0000,1,1553,150,1554,4,4,4NDNA076,4AFZ15-160,00000000,0000,4ALFE001_AO31,4AFZ15-160,50,0,0

2,OHT,V00795,1,1,0000,1,9452,550,9028,4,4,4PDMV608,4ANZ19-701,00000000,0000,4ABL3301A_OUT04,4ANZ19-701,90,0,0
2,OHT,V00564,1,1,0000,1,2119,250,2121,4,4,4PDD0270,4KCW3301_3,00000000,0000,4ANZ25-205,4KCW3301_3,50,0,0
2,OHT,V00975,1,1,0000,1,3344,350,3345,4,4,6PDB1402,4ANZ03-302,00000000,0000,4EPR5301_3,4ANZ03-302,50,0,0
2,OHT,V00313,1,1,0000,1,8220,200,8221,4,4,6PDN4064,4AFZ47-328,00000000,0000,4CSC1603_3,4AFZ47-328,50,0,0
2,OHT,V00649,1,1,0000,1,1553,200,1554,4,4,4NDNA076,4AFZ15-160,00000000,0000,4ALFE001_AO31,4AFZ15-160,50,0,0

2,OHT,V00795,1,1,0000,1,9452,600,9028,4,4,4PDMV608,4ANZ19-701,00000000,0000,4ABL3301A_OUT04,4ANZ19-701,90,0,0
2,OHT,V00564,1,1,0000,1,2119,300,2121,4,4,4PDD0270,4KCW3301_3,00000000,0000,4ANZ25-205,4KCW3301_3,50,0,0
2,OHT,V00975,1,1,0000,1,3344,400,3345,4,4,6PDB1402,4ANZ03-302,00000000,0000,4EPR5301_3,4ANZ03-302,50,0,0
2,OHT,V00313,1,1,0000,1,8220,250,8221,4,4,6PDN4064,4AFZ47-328,00000000,0000,4CSC1603_3,4AFZ47-328,50,0,0
2,OHT,V00649,1,1,0000,1,1553,250,1554,4,4,4NDNA076,4AFZ15-160,00000000,0000,4ALFE001_AO31,4AFZ15-160,50,0,0

2,OHT,V00795,1,1,0000,1,9452,650,9028,4,4,4PDMV608,4ANZ19-701,00000000,0000,4ABL3301A_OUT04,4ANZ19-701,90,0,0
2,OHT,V00564,1,1,0000,1,2119,350,2121,4,4,4PDD0270,4KCW3301_3,00000000,0000,4ANZ25-205,4KCW3301_3,50,0,0
2,OHT,V00975,1,1,0000,1,3344,450,3345,4,4,6PDB1402,4ANZ03-302,00000000,0000,4EPR5301_3,4ANZ03-302,50,0,0
2,OHT,V00313,1,1,0000,1,8221,0,8222,4,4,6PDN4064,4AFZ47-328,00000000,0000,4CSC1603_3,4AFZ47-328,50,0,0
2,OHT,V00649,1,1,0000,1,1553,300,1554,4,4,4NDNA076,4AFZ15-160,00000000,0000,4ALFE001_AO31,4AFZ15-160,50,0,0

2,OHT,V00795,1,1,0000,1,9028,0,9029,4,4,4PDMV608,4ANZ19-701,00000000,0000,4ABL3301A_OUT04,4ANZ19-701,90,0,0
2,OHT,V00564,1,1,0000,1,2119,400,2121,4,4,4PDD0270,4KCW3301_3,00000000,0000,4ANZ25-205,4KCW3301_3,50,0,0
2,OHT,V00975,1,1,0000,1,3344,500,3345,4,4,6PDB1402,4ANZ03-302,00000000,0000,4EPR5301_3,4ANZ03-302,50,0,0
2,OHT,V00313,1,1,0000,1,8221,50,8222,4,4,6PDN4064,4AFZ47-328,00000000,0000,4CSC1603_3,4AFZ47-328,50,0,0
2,OHT,V00649,1,1,0000,1,1553,350,1554,4,4,4NDNA076,4AFZ15-160,00000000,0000,4ALFE001_AO31,4AFZ15-160,50,0,0

2,OHT,V00795,1,1,0000,1,9028,50,9029,4,4,4PDMV608,4ANZ19-701,00000000,0000,4ABL3301A_OUT04,4ANZ19-701,90,0,0
2,OHT,V00564,1,1,0000,1,2119,450,2121,4,4,4PDD0270,4KCW3301_3,00000000,0000,4ANZ25-205,4KCW3301_3,50,0,0
2,OHT,V00975,1,1,0000,1,3344,550,3345,4,4,6PDB1402,4ANZ03-302,00000000,0000,4EPR5301_3,4ANZ03-302,50,0,0
2,OHT,V00313,1,1,0000,1,8221,100,8222,4,4,6PDN4064,4AFZ47-328,00000000,0000,4CSC1603_3,4AFZ47-328,50,0,0
2,OHT,V00649,1,1,0000,1,1553,400,1554,4,4,4NDNA076,4AFZ15-160,00000000,0000,4ALFE001_AO31,4AFZ15-160,50,0,0

2,OHT,V00795,1,1,0000,1,9028,100,9029,4,4,4PDMV608,4ANZ19-701,00000000,0000,4ABL3301A_OUT04,4ANZ19-701,90,0,0
2,OHT,V00564,1,1,0000,1,2121,0,2122,4,4,4PDD0270,4KCW3301_3,00000000,0000,4ANZ25-205,4KCW3301_3,50,0,0
2,OHT,V00975,1,1,0000,1,3344,600,3345,4,4,6PDB1402,4ANZ03-302,00000000,0000,4EPR5301_3,4ANZ03-302,50,0,0
2,OHT,V00313,1,1,0000,1,8221,150,8222,4,4,6PDN4064,4AFZ47-328,00000000,0000,4CSC1603_3,4AFZ47-328,50,0,0
2,OHT,V00649,1,1,0000,1,1553,450,1554,4,4,4NDNA076,4AFZ15-160,00000000,0000,4ALFE001_AO31,4AFZ15-160,50,0,0

2,OHT,V00795,1,1,0000,1,9028,150,9029,4,4,4PDMV608,4ANZ19-701,00000000,0000,4ABL3301A_OUT04,4ANZ19-701,90,0,0
2,OHT,V00564,1,1,0000,1,2121,50,2122,4,4,4PDD0270,4KCW3301_3,00000000,0000,4ANZ25-205,4KCW3301_3,50,0,0
2,OHT,V00975,1,1,0000,1,3344,650,3345,4,4,6PDB1402,4ANZ03-302,00000000,0000,4EPR5301_3,4ANZ03-302,50,0,0
2,OHT,V00313,1,1,0000,1,8221,200,8222,4,4,6PDN4064,4AFZ47-328,00000000,0000,4CSC1603_3,4AFZ47-328,50,0,0
2,OHT,V00649,1,1,0000,1,1554,0,1560,4,4,4NDNA076,4AFZ15-160,00000000,0000,4ALFE001_AO31,4AFZ15-160,50,0,0

2,OHT,V00795,1,1,0000,1,9028,200,9029,4,4,4PDMV608,4ANZ19-701,00000000,0000,4ABL3301A_OUT04,4ANZ19-701,90,0,0
2,OHT,V00564,1,1,0000,1,2121,100,2122,4,4,4PDD0270,4KCW3301_3,00000000,0000,4ANZ25-205,4KCW3301_3,50,0,0
2,OHT,V00975,1,1,0000,1,3345,0,3346,4,4,6PDB1402,4ANZ03-302,00000000,0000,4EPR5301_3,4ANZ03-302,50,0,0
2,OHT,V00313,1,1,0000,1,8221,250,8222,4,4,6PDN4064,4AFZ47-328,00000000,0000,4CSC1603_3,4AFZ47-328,50,0,0
2,OHT,V00649,1,1,0000,1,1554,50,1560,4,4,4NDNA076,4AFZ15-160,00000000,0000,4ALFE001_AO31,4AFZ15-160,50,0,0

2,OHT,V00795,1,1,0000,1,9028,250,9029,4,4,4PDMV608,4ANZ19-701,00000000,0000,4ABL3301A_OUT04,4ANZ19-701,90,0,0
2,OHT,V00564,1,1,0000,1,2121,150,2122,4,4,4PDD0270,4KCW3301_3,00000000,0000,4ANZ25-205,4KCW3301_3,50,0,0
2,OHT,V00975,1,1,0000,1,3345,50,3346,4,4,6PDB1402,4ANZ03-302,00000000,0000,4EPR5301_3,4ANZ03-302,50,0,0
2,OHT,V00313,1,1,0000,1,8221,300,8222,4,4,6PDN4064,4AFZ47-328,00000000,0000,4CSC1603_3,4AFZ47-328,50,0,0
2,OHT,V00649,1,1,0000,1,1554,100,1560,4,4,4NDNA076,4AFZ15-160,00000000,0000,4ALFE001_AO31,4AFZ15-160,50,0,0

2,OHT,V00795,1,1,0000,1,9028,300,9029,4,4,4PDMV608,4ANZ19-701,00000000,0000,4ABL3301A_OUT04,4ANZ19-701,90,0,0
2,OHT,V00564,1,1,0000,1,2121,200,2122,4,4,4PDD0270,4KCW3301_3,00000000,0000,4ANZ25-205,4KCW3301_3,50,0,0
2,OHT,V00975,1,1,0000,1,3345,100,3346,4,4,6PDB1402,4ANZ03-302,00000000,0000,4EPR5301_3,4ANZ03-302,50,0,0
2,OHT,V00313,1,1,0000,1,8221,350,8222,4,4,6PDN4064,4AFZ47-328,00000000,0000,4CSC1603_3,4AFZ47-328,50,0,0
2,OHT,V00649,1,1,0000,1,1554,150,1560,4,4,4NDNA076,4AFZ15-160,00000000,0000,4ALFE001_AO31,4AFZ15-160,50,0,0

2,OHT,V00795,1,1,0000,1,9028,350,9029,4,4,4PDMV608,4ANZ19-701,00000000,0000,4ABL3301A_OUT04,4ANZ19-701,90,0,0
2,OHT,V00564,1,1,0000,1,2121,250,2122,4,4,4PDD0270,4KCW3301_3,00000000,0000,4ANZ25-205,4KCW3301_3,50,0,0
2,OHT,V00975,1,1,0000,1,3345,150,3346,4,4,6PDB1402,4ANZ03-302,00000000,0000,4EPR5301_3,4ANZ03-302,50,0,0
2,OHT,V00313,1,1,0000,1,8222,0,1135,4,4,6PDN4064,4AFZ47-328,00000000,0000,4CSC1603_3,4AFZ47-328,50,0,0
2,OHT,V00649,1,1,0000,1,1554,200,1560,4,4,4NDNA076,4AFZ15-160,00000000,0000,4ALFE001_AO31,4AFZ15-160,50,0,0

2,OHT,V00795,1,1,0000,1,9029,0,9030,4,4,4PDMV608,4ANZ19-701,00000000,0000,4ABL3301A_OUT04,4ANZ19-701,90,0,0
2,OHT,V00564,1,1,0000,1,2121,300,2122,4,4,4PDD0270,4KCW3301_3,00000000,0000,4ANZ25-205,4KCW3301_3,50,0,0
2,OHT,V00975,1,1,0000,1,3345,200,3346,4,4,6PDB1402,4ANZ03-302,00000000,0000,4EPR5301_3,4ANZ03-302,50,0,0
2,OHT,V00313,1,1,0000,1,8222,50,1135,4,4,6PDN4064,4AFZ47-328,00000000,0000,4CSC1603_3,4AFZ47-328,50,0,0
2,OHT,V00649,1,1,0000,1,1554,250,1560,4,4,4NDNA076,4AFZ15-160,00000000,0000,4ALFE001_AO31,4AFZ15-160,50,0,0

2,OHT,V00795,1,1,0000,1,9029,50,9030,4,4,4PDMV608,4ANZ19-701,00000000,0000,4ABL3301A_OUT04,4ANZ19-701,90,0,0
2,OHT,V00564,1,1,0000,1,2121,350,2122,4,4,4PDD0270,4KCW3301_3,00000000,0000,4ANZ25-205,4KCW3301_3,50,0,0
2,OHT,V00975,1,1,0000,1,3345,250,3346,4,4,6PDB1402,4ANZ03-302,00000000,0000,4EPR5301_3,4ANZ03-302,50,0,0
2,OHT,V00313,1,1,0000,1,8222,100,1135,4,4,6PDN4064,4AFZ47-328,00000000,0000,4CSC1603_3,4AFZ47-328,50,0,0
2,OHT,V00649,1,1,0000,1,1554,300,1560,4,4,4NDNA076,4AFZ15-160,00000000,0000,4ALFE001_AO31,4AFZ15-160,50,0,0

2,OHT,V00795,1,1,0000,1,9029,100,9030,4,4,4PDMV608,4ANZ19-701,00000000,0000,4ABL3301A_OUT04,4ANZ19-701,90,0,0
2,OHT,V00564,1,1,0000,1,2121,400,2122,4,4,4PDD0270,4KCW3301_3,00000000,0000,4ANZ25-205,4KCW3301_3,50,0,0
2,OHT,V00975,1,1,0000,1,3345,300,3346,4,4,6PDB1402,4ANZ03-302,00000000,0000,4EPR5301_3,4ANZ03-302,50,0,0
2,OHT,V00313,1,1,0000,1,8222,150,1135,4,4,6PDN4064,4AFZ47-328,00000000,0000,4CSC1603_3,4AFZ47-328,50,0,0
2,OHT,V00649,1,1,0000,1,1554,350,1560,4,4,4NDNA076,4AFZ15-160,00000000,0000,4ALFE001_AO31,4AFZ15-160,50,0,0

2,OHT,V00795,1,1,0000,1,9029,150,9030,4,4,4PDMV608,4ANZ19-701,00000000,0000,4ABL3301A_OUT04,4ANZ19-701,90,0,0
2,OHT,V00564,1,1,0000,1,2121,450,2122,4,4,4PDD0270,4KCW3301_3,00000000,0000,4ANZ25-205,4KCW3301_3,50,0,0
2,OHT,V00975,1,1,0000,1,3345,350,3346,4,4,6PDB1402,4ANZ03-302,00000000,0000,4EPR5301_3,4ANZ03-302,50,0,0
2,OHT,V00313,1,1,0000,1,8222,200,1135,4,4,6PDN4064,4AFZ47-328,00000000,0000,4CSC1603_3,4AFZ47-328,50,0,0
2,OHT,V00649,1,1,0000,1,1554,400,1560,4,4,4NDNA076,4AFZ15-160,00000000,0000,4ALFE001_AO31,4AFZ15-160,50,0,0

2,OHT,V00795,1,1,0000,1,9029,200,9030,4,4,4PDMV608,4ANZ19-701,00000000,0000,4ABL3301A_OUT04,4ANZ19-701,90,0,0
2,OHT,V00564,1,1,0000,1,2122,0,2123,4,4,4PDD0270,4KCW3301_3,00000000,0000,4ANZ25-205,4KCW3301_3,50,0,0
2,OHT,V00975,1,1,0000,1,3345,400,3346,4,4,6PDB1402,4ANZ03-302,00000000,0000,4EPR5301_3,4ANZ03-302,50,0,0
2,OHT,V00313,1,1,0000,1,8222,250,1135,4,4,6PDN4064,4AFZ47-328,00000000,0000,4CSC1603_3,4AFZ47-328,50,0,0
2,OHT,V00649,1,1,0000,1,1554,450,1560,4,4,4NDNA076,4AFZ15-160,00000000,0000,4ALFE001_AO31,4AFZ15-160,50,0,0

2,OHT,V00795,1,1,0000,1,9029,250,9030,4,4,4PDMV608,4ANZ19-701,00000000,0000,4ABL3301A_OUT04,4ANZ19-701,90,0,0
2,OHT,V00564,1,1,0000,1,2122,50,2123,4,4,4PDD0270,4KCW3301_3,00000000,0000,4ANZ25-205,4KCW3301_3,50,0,0
2,OHT,V00975,1,1,0000,1,3345,450,3346,4,4,6PDB1402,4ANZ03-302,00000000,0000,4EPR5301_3,4ANZ03-302,50,0,0
2,OHT,V00313,1,1,0000,1,8222,300,1135,4,4,6PDN4064,4AFZ47-328,00000000,0000,4CSC1603_3,4AFZ47-328,50,0,0
2,OHT,V00649,1,1,0000,1,1554,500,1560,4,4,4NDNA076,4AFZ15-160,00000000,0000,4ALFE001_AO31,4AFZ15-160,50,0,0

2,OHT,V00795,1,1,0000,1,9029,300,9030,4,4,4PDMV608,4ANZ19-701,00000000,0000,4ABL3301A_OUT04,4ANZ19-701,90,0,0
2,OHT,V00564,1,1,0000,1,2122,100,2123,4,4,4PDD0270,4KCW3301_3,00000000,0000,4ANZ25-205,4KCW3301_3,50,0,0
2,OHT,V00975,1,1,0000,1,3345,500,3346,4,4,6PDB1402,4ANZ03-302,00000000,0000,4EPR5301_3,4ANZ03-302,50,0,0
2,OHT,V00313,1,1,0000,1,8222,350,1135,4,4,6PDN4064,4AFZ47-328,00000000,0000,4CSC1603_3,4AFZ47-328,50,0,0
2,OHT,V00649,1,1,0000,1,1554,550,1560,4,4,4NDNA076,4AFZ15-160,00000000,0000,4ALFE001_AO31,4AFZ15-160,50,0,0

2,OHT,V00795,1,1,0000,1,9029,350,9030,4,4,4PDMV608,4ANZ19-701,00000000,0000,4ABL3301A_OUT04,4ANZ19-701,90,0,0
2,OHT,V00564,1,1,0000,1,2122,150,2123,4,4,4PDD0270,4KCW3301_3,00000000,0000,4ANZ25-205,4KCW3301_3,50,0,0
2,OHT,V00975,1,1,0000,1,3345,550,3346,4,4,6PDB1402,4ANZ03-302,00000000,0000,4EPR5301_3,4ANZ03-302,50,0,0
2,OHT,V00313,1,1,0000,1,8222,400,1135,4,4,6PDN4064,4AFZ47-328,00000000,0000,4CSC1603_3,4AFZ47-328,50,0,0
2,OHT,V00649,1,1,0000,1,1560,0,1561,4,4,4NDNA076,4AFZ15-160,00000000,0000,4ALFE001_AO31,4AFZ15-160,50,0,0

2,OHT,V00795,1,1,0000,1,9029,400,9030,4,4,4PDMV608,4ANZ19-701,00000000,0000,4ABL3301A_OUT04,4ANZ19-701,90,0,0
2,OHT,V00564,1,1,0000,1,2122,200,2123,4,4,4PDD0270,4KCW3301_3,00000000,0000,4ANZ25-205,4KCW3301_3,50,0,0
2,OHT,V00975,1,1,0000,1,3345,600,3346,4,4,6PDB1402,4ANZ03-302,00000000,0000,4EPR5301_3,4ANZ03-302,50,0,0
2,OHT,V00313,1,1,0000,1,8222,450,1135,4,4,6PDN4064,4AFZ47-328,00000000,0000,4CSC1603_3,4AFZ47-328,50,0,0
2,OHT,V00649,1,1,0000,1,1560,50,1561,4,4,4NDNA076,4AFZ15-160,00000000,0000,4ALFE001_AO31,4AFZ15-160,50,0,0

2,OHT,V00795,1,1,0000,1,9030,0,9031,4,4,4PDMV608,4ANZ19-701,00000000,0000,4ABL3301A_OUT04,4ANZ19-701,90,0,0
2,OHT,V00564,1,1,0000,1,2123,0,2124,4,4,4PDD0270,4KCW3301_3,00000000,0000,4ANZ25-205,4KCW3301_3,50,0,0
2,OHT,V00975,1,1,0000,1,3345,650,3346,4,4,6PDB1402,4ANZ03-302,00000000,0000,4EPR5301_3,4ANZ03-302,50,0,0
2,OHT,V00313,1,1,0000,1,1135,0,1136,4,4,6PDN4064,4AFZ47-328,00000000,0000,4CSC1603_3,4AFZ47-328,50,0,0
2,OHT,V00649,1,1,0000,1,1560,100,1561,4,4,4NDNA076,4AFZ15-160,00000000,0000,4ALFE001_AO31,4AFZ15-160,50,0,0

2,OHT,V00795,1,1,0000,1,9030,50,9031,4,4,4PDMV608,4ANZ19-701,00000000,0000,4ABL3301A_OUT04,4ANZ19-701,90,0,0
2,OHT,V00564,1,1,0000,1,2123,50,2124,4,4,4PDD0270,4KCW3301_3,00000000,0000,4ANZ25-205,4KCW3301_3,50,0,0
2,OHT,V00975,1,1,0000,1,3346,0,3347,4,4,6PDB1402,4ANZ03-302,00000000,0000,4EPR5301_3,4ANZ03-302,50,0,0
2,OHT,V00313,1,1,0000,1,1135,50,1136,4,4,6PDN4064,4AFZ47-328,00000000,0000,4CSC1603_3,4AFZ47-328,50,0,0
2,OHT,V00649,1,1,0000,1,1560,150,1561,4,4,4NDNA076,4AFZ15-160,00000000,0000,4ALFE001_AO31,4AFZ15-160,50,0,0

2,OHT,V00795,1,1,0000,1,9030,100,9031,4,4,4PDMV608,4ANZ19-701,00000000,0000,4ABL3301A_OUT04,4ANZ19-701,90,0,0
2,OHT,V00564,1,1,0000,1,2123,100,2124,4,4,4PDD0270,4KCW3301_3,00000000,0000,4ANZ25-205,4KCW3301_3,50,0,0
2,OHT,V00975,1,1,0000,1,3346,50,3347,4,4,6PDB1402,4ANZ03-302,00000000,0000,4EPR5301_3,4ANZ03-302,50,0,0
2,OHT,V00313,1,1,0000,1,1135,100,1136,4,4,6PDN4064,4AFZ47-328,00000000,0000,4CSC1603_3,4AFZ47-328,50,0,0
2,OHT,V00649,1,1,0000,1,1560,200,1561,4,4,4NDNA076,4AFZ15-160,00000000,0000,4ALFE001_AO31,4AFZ15-160,50,0,0

2,OHT,V00795,1,1,0000,1,9030,150,9031,4,4,4PDMV608,4ANZ19-701,00000000,0000,4ABL3301A_OUT04,4ANZ19-701,90,0,0
2,OHT,V00564,1,1,0000,1,2123,150,2124,4,4,4PDD0270,4KCW3301_3,00000000,0000,4ANZ25-205,4KCW3301_3,50,0,0
2,OHT,V00975,1,1,0000,1,3346,100,3347,4,4,6PDB1402,4ANZ03-302,00000000,0000,4EPR5301_3,4ANZ03-302,50,0,0
2,OHT,V00313,1,1,0000,1,1135,150,1136,4,4,6PDN4064,4AFZ47-328,00000000,0000,4CSC1603_3,4AFZ47-328,50,0,0
2,OHT,V00649,1,1,0000,1,1560,250,1561,4,4,4NDNA076,4AFZ15-160,00000000,0000,4ALFE001_AO31,4AFZ15-160,50,0,0

2,OHT,V00795,1,1,0000,1,9030,200,9031,4,4,4PDMV608,4ANZ19-701,00000000,0000,4ABL3301A_OUT04,4ANZ19-701,90,0,0
2,OHT,V00564,1,1,0000,1,2123,200,2124,4,4,4PDD0270,4KCW3301_3,00000000,0000,4ANZ25-205,4KCW3301_3,50,0,0
2,OHT,V00975,1,1,0000,1,3346,150,3347,4,4,6PDB1402,4ANZ03-302,00000000,0000,4EPR5301_3,4ANZ03-302,50,0,0
2,OHT,V00313,1,1,0000,1,1135,200,1136,4,4,6PDN4064,4AFZ47-328,00000000,0000,4CSC1603_3,4AFZ47-328,50,0,0
2,OHT,V00649,1,1,0000,1,1560,300,1561,4,4,4NDNA076,4AFZ15-160,00000000,0000,4ALFE001_AO31,4AFZ15-160,50,0,0

2,OHT,V00795,1,1,0000,1,9030,250,9031,4,4,4PDMV608,4ANZ19-701,00000000,0000,4ABL3301A_OUT04,4ANZ19-701,90,0,0
2,OHT,V00564,1,1,0000,1,2123,250,2124,4,4,4PDD0270,4KCW3301_3,00000000,0000,4ANZ25-205,4KCW3301_3,50,0,0
2,OHT,V00975,1,1,0000,1,3346,200,3347,4,4,6PDB1402,4ANZ03-302,00000000,0000,4EPR5301_3,4ANZ03-302,50,0,0
2,OHT,V00313,1,1,0000,1,1135,250,1136,4,4,6PDN4064,4AFZ47-328,00000000,0000,4CSC1603_3,4AFZ47-328,50,0,0
2,OHT,V00649,1,1,0000,1,1560,350,1561,4,4,4NDNA076,4AFZ15-160,00000000,0000,4ALFE001_AO31,4AFZ15-160,50,0,0

2,OHT,V00795,1,1,0000,1,9030,300,9031,4,4,4PDMV608,4ANZ19-701,00000000,0000,4ABL3301A_OUT04,4ANZ19-701,90,0,0
2,OHT,V00564,1,1,0000,1,2124,0,2125,4,4,4PDD0270,4KCW3301_3,00000000,0000,4ANZ25-205,4KCW3301_3,50,0,0
2,OHT,V00975,1,1,0000,1,3346,250,3347,4,4,6PDB1402,4ANZ03-302,00000000,0000,4EPR5301_3,4ANZ03-302,50,0,0
2,OHT,V00313,1,1,0000,1,1135,300,1136,4,4,6PDN4064,4AFZ47-328,00000000,0000,4CSC1603_3,4AFZ47-328,50,0,0
2,OHT,V00649,1,1,0000,1,1560,400,1561,4,4,4NDNA076,4AFZ15-160,00000000,0000,4ALFE001_AO31,4AFZ15-160,50,0,0

2,OHT,V00795,1,1,0000,1,9030,350,9031,4,4,4PDMV608,4ANZ19-701,00000000,0000,4ABL3301A_OUT04,4ANZ19-701,90,0,0
2,OHT,V00564,1,1,0000,1,2124,50,2125,4,4,4PDD0270,4KCW3301_3,00000000,0000,4ANZ25-205,4KCW3301_3,50,0,0
2,OHT,V00975,1,1,0000,1,3346,300,3347,4,4,6PDB1402,4ANZ03-302,00000000,0000,4EPR5301_3,4ANZ03-302,50,0,0
2,OHT,V00313,1,1,0000,1,1135,350,1136,4,4,6PDN4064,4AFZ47-328,00000000,0000,4CSC1603_3,4AFZ47-328,50,0,0
2,OHT,V00649,1,1,0000,1,1560,450,1561,4,4,4NDNA076,4AFZ15-160,00000000,0000,4ALFE001_AO31,4AFZ15-160,50,0,0

2,OHT,V00795,1,1,0000,1,9030,400,9031,4,4,4PDMV608,4ANZ19-701,00000000,0000,4ABL3301A_OUT04,4ANZ19-701,90,0,0
2,OHT,V00564,1,1,0000,1,2124,100,2125,4,4,4PDD0270,4KCW3301_3,00000000,0000,4ANZ25-205,4KCW3301_3,50,0,0
2,OHT,V00975,1,1,0000,1,3346,350,3347,4,4,6PDB1402,4ANZ03-302,00000000,0000,4EPR5301_3,4ANZ03-302,50,0,0
2,OHT,V00313,1,1,0000,1,1136,0,1137,4,4,6PDN4064,4AFZ47-328,00000000,0000,4CSC1603_3,4AFZ47-328,50,0,0
2,OHT,V00649,1,1,0000,1,1560,500,1561,4,4,4NDNA076,4AFZ15-160,00000000,0000,4ALFE001_AO31,4AFZ15-160,50,0,0

2,OHT,V00795,1,1,0000,1,9030,450,9031,4,4,4PDMV608,4ANZ19-701,00000000,0000,4ABL3301A_OUT04,4ANZ19-701,90,0,0
2,OHT,V00564,1,1,0000,1,2124,150,2125,4,4,4PDD0270,4KCW3301_3,00000000,0000,4ANZ25-205,4KCW3301_3,50,0,0
2,OHT,V00975,1,1,0000,1,3346,400,3347,4,4,6PDB1402,4ANZ03-302,00000000,0000,4EPR5301_3,4ANZ03-302,50,0,0
2,OHT,V00313,1,1,0000,1,1136,50,1137,4,4,6PDN4064,4AFZ47-328,00000000,0000,4CSC1603_3,4AFZ47-328,50,0,0
2,OHT,V00649,1,1,0000,1,1560,550,1561,4,4,4NDNA076,4AFZ15-160,00000000,0000,4ALFE001_AO31,4AFZ15-160,50,0,0

2,OHT,V00795,1,1,0000,1,9030,500,9031,4,4,4PDMV608,4ANZ19-701,00000000,0000,4ABL3301A_OUT04,4ANZ19-701,90,0,0
2,OHT,V00564,1,1,0000,1,2124,200,2125,4,4,4PDD0270,4KCW3301_3,00000000,0000,4ANZ25-205,4KCW3301_3,50,0,0
2,OHT,V00975,1,1,0000,1,3346,450,3347,4,4,6PDB1402,4ANZ03-302,00000000,0000,4EPR5301_3,4ANZ03-302,50,0,0
2,OHT,V00313,1,1,0000,1,1136,100,1137,4,4,6PDN4064,4AFZ47-328,00000000,0000,4CSC1603_3,4AFZ47-328,50,0,0
2,OHT,V00649,1,1,0000,1,1560,600,1561,4,4,4NDNA076,4AFZ15-160,00000000,0000,4ALFE001_AO31,4AFZ15-160,50,0,0

2,OHT,V00795,1,1,0000,1,9030,550,9031,4,4,4PDMV608,4ANZ19-701,00000000,0000,4ABL3301A_OUT04,4ANZ19-701,90,0,0
2,OHT,V00564,1,1,0000,1,2124,250,2125,4,4,4PDD0270,4KCW3301_3,00000000,0000,4ANZ25-205,4KCW3301_3,50,0,0
2,OHT,V00975,1,1,0000,1,3346,500,3347,4,4,6PDB1402,4ANZ03-302,00000000,0000,4EPR5301_3,4ANZ03-302,50,0,0
2,OHT,V00313,1,1,0000,1,1136,150,1137,4,4,6PDN4064,4AFZ47-328,00000000,0000,4CSC1603_3,4AFZ47-328,50,0,0
2,OHT,V00649,1,1,0000,1,1560,650,1561,4,4,4NDNA076,4AFZ15-160,00000000,0000,4ALFE001_AO31,4AFZ15-160,50,0,0

2,OHT,V00795,1,1,0000,1,9030,600,9031,4,4,4PDMV608,4ANZ19-701,00000000,0000,4ABL3301A_OUT04,4ANZ19-701,90,0,0
2,OHT,V00564,1,1,0000,1,2124,300,2125,4,4,4PDD0270,4KCW3301_3,00000000,0000,4ANZ25-205,4KCW3301_3,50,0,0
2,OHT,V00975,1,1,0000,1,3346,550,3347,4,4,6PDB1402,4ANZ03-302,00000000,0000,4EPR5301_3,4ANZ03-302,50,0,0
2,OHT,V00313,1,1,0000,1,1136,200,1137,4,4,6PDN4064,4AFZ47-328,00000000,0000,4CSC1603_3,4AFZ47-328,50,0,0
2,OHT,V00649,1,1,0000,1,1561,0,1562,4,4,4NDNA076,4AFZ15-160,00000000,0000,4ALFE001_AO31,4AFZ15-160,50,0,0

2,OHT,V00795,1,1,0000,1,9030,650,9031,4,4,4PDMV608,4ANZ19-701,00000000,0000,4ABL3301A_OUT04,4ANZ19-701,90,0,0
2,OHT,V00564,1,1,0000,1,2124,350,2125,4,4,4PDD0270,4KCW3301_3,00000000,0000,4ANZ25-205,4KCW3301_3,50,0,0
2,OHT,V00975,1,1,0000,1,3346,600,3347,4,4,6PDB1402,4ANZ03-302,00000000,0000,4EPR5301_3,4ANZ03-302,50,0,0
2,OHT,V00313,1,1,0000,1,1136,250,1137,4,4,6PDN4064,4AFZ47-328,00000000,0000,4CSC1603_3,4AFZ47-328,50,0,0
2,OHT,V00649,1,1,0000,1,1561,50,1562,4,4,4NDNA076,4AFZ15-160,00000000,0000,4ALFE001_AO31,4AFZ15-160,50,0,0

2,OHT,V00795,1,1,0000,1,9031,0,9408,4,4,4PDMV608,4ANZ19-701,00000000,0000,4ABL3301A_OUT04,4ANZ19-701,90,0,0
2,OHT,V00564,1,1,0000,1,2125,0,2126,4,4,4PDD0270,4KCW3301_3,00000000,0000,4ANZ25-205,4KCW3301_3,50,0,0
2,OHT,V00975,1,1,0000,1,3346,650,3347,4,4,6PDB1402,4ANZ03-302,00000000,0000,4EPR5301_3,4ANZ03-302,50,0,0
2,OHT,V00313,1,1,0000,1,1136,300,1137,4,4,6PDN4064,4AFZ47-328,00000000,0000,4CSC1603_3,4AFZ47-328,50,0,0
2,OHT,V00649,1,1,0000,1,1561,100,1562,4,4,4NDNA076,4AFZ15-160,00000000,0000,4ALFE001_AO31,4AFZ15-160,50,0,0

2,OHT,V00795,1,1,0000,1,9031,50,9408,4,4,4PDMV608,4ANZ19-701,00000000,0000,4ABL3301A_OUT04,4ANZ19-701,90,0,0
2,OHT,V00564,1,1,0000,1,2125,50,2126,4,4,4PDD0270,4KCW3301_3,00000000,0000,4ANZ25-205,4KCW3301_3,50,0,0
2,OHT,V00975,1,1,0000,1,3347,0,3348,4,4,6PDB1402,4ANZ03-302,00000000,0000,4EPR5301_3,4ANZ03-302,50,0,0
2,OHT,V00313,1,1,0000,1,1136,350,1137,4,4,6PDN4064,4AFZ47-328,00000000,0000,4CSC1603_3,4AFZ47-328,50,0,0
2,OHT,V00649,1,1,0000,1,1561,150,1562,4,4,4NDNA076,4AFZ15-160,00000000,0000,4ALFE001_AO31,4AFZ15-160,50,0,0

2,OHT,V00795,1,1,0000,1,9031,100,9408,4,4,4PDMV608,4ANZ19-701,00000000,0000,4ABL3301A_OUT04,4ANZ19-701,90,0,0
2,OHT,V00564,1,1,0000,1,2125,100,2126,4,4,4PDD0270,4KCW3301_3,00000000,0000,4ANZ25-205,4KCW3301_3,50,0,0
2,OHT,V00975,1,1,0000,1,3347,50,3348,4,4,6PDB1402,4ANZ03-302,00000000,0000,4EPR5301_3,4ANZ03-302,50,0,0
2,OHT,V00313,1,1,0000,1,1136,400,1137,4,4,6PDN4064,4AFZ47-328,00000000,0000,4CSC1603_3,4AFZ47-328,50,0,0
2,OHT,V00649,1,1,0000,1,1561,200,1562,4,4,4NDNA076,4AFZ15-160,00000000,0000,4ALFE001_AO31,4AFZ15-160,50,0,0

2,OHT,V00795,1,1,0000,1,9031,150,9408,4,4,4PDMV608,4ANZ19-701,00000000,0000,4ABL3301A_OUT04,4ANZ19-701,90,0,0
2,OHT,V00564,1,1,0000,1,2125,150,2126,4,4,4PDD0270,4KCW3301_3,00000000,0000,4ANZ25-205,4KCW3301_3,50,0,0
2,OHT,V00975,1,1,0000,1,3347,100,3348,4,4,6PDB1402,4ANZ03-302,00000000,0000,4EPR5301_3,4ANZ03-302,50,0,0
2,OHT,V00313,1,1,0000,1,1136,450,1137,4,4,6PDN4064,4AFZ47-328,00000000,0000,4CSC1603_3,4AFZ47-328,50,0,0
2,OHT,V00649,1,1,0000,1,1561,250,1562,4,4,4NDNA076,4AFZ15-160,00000000,0000,4ALFE001_AO31,4AFZ15-160,50,0,0

2,OHT,V00795,1,1,0000,1,9031,200,9408,4,4,4PDMV608,4ANZ19-701,00000000,0000,4ABL3301A_OUT04,4ANZ19-701,90,0,0
2,OHT,V00564,1,1,0000,1,2125,200,2126,4,4,4PDD0270,4KCW3301_3,00000000,0000,4ANZ25-205,4KCW3301_3,50,0,0
2,OHT,V00975,1,1,0000,1,3347,150,3348,4,4,6PDB1402,4ANZ03-302,00000000,0000,4EPR5301_3,4ANZ03-302,50,0,0
2,OHT,V00313,1,1,0000,1,1137,0,1138,4,4,6PDN4064,4AFZ47-328,00000000,0000,4CSC1603_3,4AFZ47-328,50,0,0
2,OHT,V00649,1,1,0000,1,1561,300,1562,4,4,4NDNA076,4AFZ15-160,00000000,0000,4ALFE001_AO31,4AFZ15-160,50,0,0

2,OHT,V00795,1,1,0000,1,9031,250,9408,4,4,4PDMV608,4ANZ19-701,00000000,0000,4ABL3301A_OUT04,4ANZ19-701,90,0,0
2,OHT,V00564,1,1,0000,1,2125,250,2126,4,4,4PDD0270,4KCW3301_3,00000000,0000,4ANZ25-205,4KCW3301_3,50,0,0
2,OHT,V00975,1,1,0000,1,3347,200,3348,4,4,6PDB1402,4ANZ03-302,00000000,0000,4EPR5301_3,4ANZ03-302,50,0,0
2,OHT,V00313,1,1,0000,1,1137,50,1138,4,4,6PDN4064,4AFZ47-328,00000000,0000,4CSC1603_3,4AFZ47-328,50,0,0
2,OHT,V00649,1,1,0000,1,1561,350,1562,4,4,4NDNA076,4AFZ15-160,00000000,0000,4ALFE001_AO31,4AFZ15-160,50,0,0

2,OHT,V00795,1,1,0000,1,9031,300,9408,4,4,4PDMV608,4ANZ19-701,00000000,0000,4ABL3301A_OUT04,4ANZ19-701,90,0,0
2,OHT,V00564,1,1,0000,1,2125,300,2126,4,4,4PDD0270,4KCW3301_3,00000000,0000,4ANZ25-205,4KCW3301_3,50,0,0
2,OHT,V00975,1,1,0000,1,3347,250,3348,4,4,6PDB1402,4ANZ03-302,00000000,0000,4EPR5301_3,4ANZ03-302,50,0,0
2,OHT,V00313,1,1,0000,1,1137,100,1138,4,4,6PDN4064,4AFZ47-328,00000000,0000,4CSC1603_3,4AFZ47-328,50,0,0
2,OHT,V00649,1,1,0000,1,1561,400,1562,4,4,4NDNA076,4AFZ15-160,00000000,0000,4ALFE001_AO31,4AFZ15-160,50,0,0

2,OHT,V00795,1,1,0000,1,9408,0,9409,4,4,4PDMV608,4ANZ19-701,00000000,0000,4ABL3301A_OUT04,4ANZ19-701,90,0,0
2,OHT,V00564,1,1,0000,1,2125,350,2126,4,4,4PDD0270,4KCW3301_3,00000000,0000,4ANZ25-205,4KCW3301_3,50,0,0
2,OHT,V00975,1,1,0000,1,3347,300,3348,4,4,6PDB1402,4ANZ03-302,00000000,0000,4EPR5301_3,4ANZ03-302,50,0,0
2,OHT,V00313,1,1,0000,1,1137,150,1138,4,4,6PDN4064,4AFZ47-328,00000000,0000,4CSC1603_3,4AFZ47-328,50,0,0
2,OHT,V00649,1,1,0000,1,1561,450,1562,4,4,4NDNA076,4AFZ15-160,00000000,0000,4ALFE001_AO31,4AFZ15-160,50,0,0

2,OHT,V00795,1,1,0000,1,9408,50,9409,4,4,4PDMV608,4ANZ19-701,00000000,0000,4ABL3301A_OUT04,4ANZ19-701,90,0,0
2,OHT,V00564,1,1,0000,1,2125,400,2126,4,4,4PDD0270,4KCW3301_3,00000000,0000,4ANZ25-205,4KCW3301_3,50,0,0
2,OHT,V00975,1,1,0000,1,3347,350,3348,4,4,6PDB1402,4ANZ03-302,00000000,0000,4EPR5301_3,4ANZ03-302,50,0,0
2,OHT,V00313,1,1,0000,1,1137,200,1138,4,4,6PDN4064,4AFZ47-328,00000000,0000,4CSC1603_3,4AFZ47-328,50,0,0
2,OHT,V00649,1,1,0000,1,1561,500,1562,4,4,4NDNA076,4AFZ15-160,00000000,0000,4ALFE001_AO31,4AFZ15-160,50,0,0

2,OHT,V00795,1,1,0000,1,9408,100,9409,4,4,4PDMV608,4ANZ19-701,00000000,0000,4ABL3301A_OUT04,4ANZ19-701,90,0,0
2,OHT,V00564,1,1,0000,1,2125,450,2126,4,4,4PDD0270,4KCW3301_3,00000000,0000,4ANZ25-205,4KCW3301_3,50,0,0
2,OHT,V00975,1,1,0000,1,3347,400,3348,4,4,6PDB1402,4ANZ03-302,00000000,0000,4EPR5301_3,4ANZ03-302,50,0,0
2,OHT,V00313,1,1,0000,1,1137,250,1138,4,4,6PDN4064,4AFZ47-328,00000000,0000,4CSC1603_3,4AFZ47-328,50,0,0
2,OHT,V00649,1,1,0000,1,1561,550,1562,4,4,4NDNA076,4AFZ15-160,00000000,0000,4ALFE001_AO31,4AFZ15-160,50,0,0

2,OHT,V00795,1,1,0000,1,9408,150,9409,4,4,4PDMV608,4ANZ19-701,00000000,0000,4ABL3301A_OUT04,4ANZ19-701,90,0,0
2,OHT,V00564,1,1,0000,1,2125,500,2126,4,4,4PDD0270,4KCW3301_3,00000000,0000,4ANZ25-205,4KCW3301_3,50,0,0
2,OHT,V00975,1,1,0000,1,3347,450,3348,4,4,6PDB1402,4ANZ03-302,00000000,0000,4EPR5301_3,4ANZ03-302,50,0,0
2,OHT,V00313,1,1,0000,1,1137,300,1138,4,4,6PDN4064,4AFZ47-328,00000000,0000,4CSC1603_3,4AFZ47-328,50,0,0
2,OHT,V00649,1,1,0000,1,1561,600,1562,4,4,4NDNA076,4AFZ15-160,00000000,0000,4ALFE001_AO31,4AFZ15-160,50,0,0

2,OHT,V00795,1,1,0000,1,9408,200,9409,4,4,4PDMV608,4ANZ19-701,00000000,0000,4ABL3301A_OUT04,4ANZ19-701,90,0,0
2,OHT,V00564,1,1,0000,1,2125,550,2126,4,4,4PDD0270,4KCW3301_3,00000000,0000,4ANZ25-205,4KCW3301_3,50,0,0
2,OHT,V00975,1,1,0000,1,3347,500,3348,4,4,6PDB1402,4ANZ03-302,00000000,0000,4EPR5301_3,4ANZ03-302,50,0,0
2,OHT,V00313,1,1,0000,1,1137,350,1138,4,4,6PDN4064,4AFZ47-328,00000000,0000,4CSC1603_3,4AFZ47-328,50,0,0
2,OHT,V00649,1,1,0000,1,1561,650,1562,4,4,4NDNA076,4AFZ15-160,00000000,0000,4ALFE001_AO31,4AFZ15-160,50,0,0

2,OHT,V00795,1,1,0000,1,9408,250,9409,4,4,4PDMV608,4ANZ19-701,00000000,0000,4ABL3301A_OUT04,4ANZ19-701,90,0,0
2,OHT,V00564,1,1,0000,1,2126,0,2127,4,4,4PDD0270,4KCW3301_3,00000000,0000,4ANZ25-205,4KCW3301_3,50,0,0
2,OHT,V00975,1,1,0000,1,3347,550,3348,4,4,6PDB1402,4ANZ03-302,00000000,0000,4EPR5301_3,4ANZ03-302,50,0,0
2,OHT,V00313,1,1,0000,1,1138,0,1139,4,4,6PDN4064,4AFZ47-328,00000000,0000,4CSC1603_3,4AFZ47-328,50,0,0
2,OHT,V00649,1,1,0000,1,1562,0,1563,4,4,4NDNA076,4AFZ15-160,00000000,0000,4ALFE001_AO31,4AFZ15-160,50,0,0
