CRT_TM,M16HUB.QUE.ALL.CURRENTQCNT,M16HUB.QUE.ALL.CURRENTQCOMPLETED,M16HUB.QUE.OHT.CURRENTOHTQCNT,M16HUB.QUE.OHT.OHTUTIL,M16HUB.QUE.LOAD.AVGLOADTIME,M16HUB.QUE.ALL.TRANSPORT4MINOVERCNT,M16HUB.QUE.ALL.TRANSPORT4MINOVERRATIO,M16HUB.QUE.ALL.TRANSPORT4MINOVERTIMEAVG,M16HUB.QUE.TIME.AVGTOTALTIME,M16HUB.QUE.TIME.AVGTOTALTIME1MIN,M16HUB.OHT.ALERT.OHTMCPALARMCNT,M16HUB.QUE.M14TOM16.MESCURRENTQCNT,M16HUB.QUE.M16TOM14.MESCURRENTQCNT,M16HUB.QUE.M16TOM14A.MESCURRENTQCNT,M16HUB.QUE.M16TOM14B.MESCURRENTQCNT,M16HUB.QUE.ALL.FABTRANSJOBCNT,M16HUB.QUE.M14ATOM16.MESCURRENTQCNT,M16HUB.QUE.M14BTOM16.MESCURRENTQCNT,M16HUB.LFT.6ABL6011.TOTAL_CURRENTQCNT,M16HUB.LFT.6ABL6012.TOTAL_CURRENTQCNT,M16HUB.LFT.6ABL6021.TOTAL_CURRENTQCNT,M16HUB.LFT.6ABL6022.TOTAL_CURRENTQCNT,M16HUB.LFT.6ABL6031.TOTAL_CURRENTQCNT,M16HUB.LFT.6ABL6032.TOTAL_CURRENTQCNT,M16HUB.LFT.6ABL0111.TOTAL_CURRENTQCNT,M16HUB.LFT.6ABL0112.TOTAL_CURRENTQCNT,M16HUB.LFT.6ABL0121.TOTAL_CURRENTQCNT,M16HUB.LFT.6ABL0122.TOTAL_CURRENTQCNT,M16HUB.QUE.ALL.M16HUBTOM14MANUAL_CURRENTQCNT,M16HUB.STRATE.STK.STORAGERATIO,M16HUB.STRATE.ALL.FABSTORAGERATIO
2026-05-06 00:00:00,1033,587,231,78.75,,0,0,0,4.368,5.322,0,170,726,463,263,1235,,,26,36,19,21,16,27,15,21,18,26,61,0,0
2026-05-06 00:01:00,1051,579,243,82.58,,0,0,0,4.472,5.435,0,169,738,480,258,1240,,,25,37,18,25,18,28,16,22,17,22,63,0,0
2026-05-06 00:02:00,1054,597,260,87.11,,0,0,0,4.489,6.49,0,166,733,477,256,1237,,,25,36,18,24,20,30,14,20,15,24,68,0,0
2026-05-06 00:03:00,1051,605,256,84.32,,0,0,0,4.625,5.393,0,167,715,464,251,1240,,,24,36,20,24,18,25,23,18,18,23,65,0,0
2026-05-06 00:04:00,1045,610,250,84.32,,0,0,0,4.627,7.5,0,153,707,467,240,1222,,,22,37,18,30,14,25,20,21,25,22,62,0,0
2026-05-06 00:05:00,1045,599,265,88.15,,0,0,0,4.757,5.471,0,135,697,462,235,1208,,,28,37,14,32,16,28,18,25,25,24,59,0,0
2026-05-06 00:06:00,1028,609,254,85.71,,0,0,0,4.371,5.363,0,130,689,464,225,1186,,,27,39,20,34,20,28,22,27,23,24,57,0,.59
2026-05-06 00:07:00,1027,591,257,87.8,,0,0,0,4.464,5.687,0,125,674,453,221,1170,,,27,40,26,33,19,25,23,26,25,22,58,0,0
2026-05-06 00:08:00,1011,592,260,86.41,,0,0,0,4.472,7.345,0,116,656,442,214,1156,,,28,41,26,30,17,25,24,24,23,23,55,0,0
2026-05-06 00:09:00,992,587,245,82.58,,0,0,0,4.592,5.733,0,120,631,428,203,1143,,,31,36,23,30,18,27,24,23,26,25,56,0,.59
2026-05-06 00:10:00,988,587,245,81.53,,0,0,0,4.206,4.319,0,123,619,415,204,1174,,,29,33,21,32,19,28,22,26,24,30,60,0,1.18
2026-05-06 00:11:00,1007,587,238,80.49,,0,0,0,4.329,5.721,0,147,676,457,219,1195,,,30,35,21,31,21,27,26,31,22,27,61,0,1.18
2026-05-06 00:12:00,992,576,238,80.84,,0,0,0,4.372,6.388,0,143,671,449,222,1193,,,29,35,21,33,17,28,24,26,25,28,61,0,.59
2026-05-06 00:13:00,994,573,229,77,,0,0,0,4.408,4.409,0,169,701,464,237,1202,,,31,34,19,34,17,28,26,27,25,29,60,0,0
2026-05-06 00:14:00,981,567,214,70.73,,0,0,0,4.396,7.877,0,178,690,457,233,1232,,,30,32,25,30,21,29,22,24,27,27,59,0,.59
2026-05-06 00:15:00,1007,566,214,71.78,,0,0,0,4.438,4.78,0,165,709,468,241,1198,,,29,32,25,29,19,31,21,23,24,27,57,0,.59
2026-05-06 00:16:00,1025,542,229,77,,0,0,0,4.314,6.332,0,174,702,458,244,1213,,,28,31,26,26,16,30,20,24,24,30,58,0,1.18
2026-05-06 00:17:00,1056,538,245,82.23,,0,0,0,4.38,5.01,0,172,733,470,263,1222,,,24,31,25,23,19,25,18,24,23,28,56,0,2.37
2026-05-06 00:18:00,1051,539,260,88.5,,0,0,0,4.362,7.192,0,167,714,456,258,1229,,,19,31,21,23,16,29,19,23,22,26,57,0,.59
2026-05-06 00:19:00,1053,553,274,91.29,,0,0,0,4.465,5.569,0,156,724,452,272,1215,,,27,29,16,27,17,29,18,25,19,27,57,0,0
2026-05-06 00:20:00,1040,551,267,89.9,,0,0,0,4.249,4.485,0,168,704,439,265,1222,,,30,30,18,25,17,28,18,24,21,26,57,0,0
2026-05-06 00:21:00,1052,567,268,90.24,,0,0,0,4.347,5.578,0,168,745,473,272,1249,,,24,31,23,29,16,28,19,23,19,29,52,0,0
2026-05-06 00:22:00,1069,572,272,90.59,,0,0,0,4.471,6.766,0,154,756,475,281,1258,,,24,27,28,29,19,25,17,24,21,25,52,0,0
2026-05-06 00:23:00,1050,578,265,88.85,,0,0,0,4.614,5.401,0,157,733,457,276,1238,,,23,29,27,24,20,29,20,22,19,28,50,0,0
2026-05-06 00:24:00,1054,571,262,86.41,,0,0,0,4.577,7.2,0,152,719,445,274,1237,,,29,30,26,27,18,27,21,24,18,26,49,0,0
2026-05-06 00:25:00,1064,571,258,86.41,,0,0,0,4.731,5.705,0,156,701,435,266,1227,,,30,30,22,30,19,29,20,25,18,21,54,0,0
2026-05-06 00:26:00,1069,574,262,87.8,,0,0,0,4.466,5.244,0,152,693,428,265,1213,,,31,34,25,31,18,29,19,25,20,22,55,0,0
2026-05-06 00:27:00,1096,581,270,89.9,,0,0,0,4.603,5.987,0,147,731,453,278,1252,,,28,38,26,28,22,28,18,24,21,18,56,0,0
2026-05-06 00:28:00,1101,565,269,88.5,,0,0,0,4.53,6.485,0,151,745,452,293,1267,,,30,35,22,30,22,29,20,26,24,26,60,0,0
2026-05-06 00:29:00,1078,559,264,87.8,,0,0,0,4.661,5.67,0,151,721,434,287,1249,,,29,36,19,29,17,32,22,24,25,28,61,0,0
2026-05-06 00:30:00,1071,568,263,87.11,,0,0,0,4.522,5.33,0,168,715,434,281,1259,,,30,34,21,30,18,33,17,27,28,28,63,0,0
2026-05-06 00:31:00,1082,565,260,86.76,,0,0,0,4.641,5.716,0,154,746,456,290,1255,,,28,34,22,32,19,32,18,24,24,32,62,0,0
2026-05-06 00:32:00,1077,559,254,86.06,,0,0,0,4.676,7.885,0,154,736,452,284,1250,,,27,35,22,32,23,32,21,25,25,31,61,0,0
2026-05-06 00:33:00,1095,547,259,86.41,,0,0,0,4.878,6.739,0,149,754,448,306,1267,,,26,35,20,31,22,31,19,24,23,30,61,0,0
2026-05-06 00:34:00,1095,555,263,88.5,,0,0,0,4.932,9.06,0,150,768,438,330,1289,,,27,34,22,30,20,30,23,26,21,30,62,0,0
2026-05-06 00:35:00,1086,562,251,86.06,,0,0,0,5.161,7.058,0,148,745,428,317,1261,,,26,38,21,28,21,31,25,23,25,30,61,0,0
2026-05-06 00:36:00,1085,572,266,88.5,,0,0,0,4.703,5.018,0,139,741,419,322,1248,,,27,35,22,31,21,28,25,21,21,33,62,0,0
2026-05-06 00:37:00,1086,577,274,90.24,,0,0,0,4.897,6.467,0,131,723,408,315,1221,,,27,33,20,31,18,30,27,25,25,28,57,0,.59
2026-05-06 00:38:00,1080,581,271,92.33,,0,0,0,4.949,7.336,0,128,709,402,307,1208,,,26,33,23,32,22,30,28,25,24,27,56,0,.59
2026-05-06 00:39:00,1077,577,270,91.29,,0,0,0,5.022,5.485,0,131,686,386,300,1200,,,27,33,24,28,26,25,24,25,26,28,55,0,0
2026-05-06 00:40:00,1061,579,260,86.41,,0,0,0,4.759,5.607,0,156,681,384,297,1208,,,28,35,27,29,20,31,25,25,24,32,53,0,.59
2026-05-06 00:41:00,1073,572,251,83.97,,0,0,0,4.908,5.976,0,156,717,409,308,1233,,,27,35,25,29,22,28,26,20,24,34,53,0,.59
2026-05-06 00:42:00,1061,576,247,83.28,,0,0,0,4.99,7.187,0,180,703,397,306,1242,,,32,34,23,29,20,29,24,21,27,35,55,0,0
2026-05-06 00:43:00,1065,589,249,84.67,,0,0,0,5.059,5.713,0,187,727,412,315,1243,,,30,35,18,29,21,29,28,21,28,33,56,0,0
2026-05-06 00:44:00,1066,582,259,86.06,,0,0,0,4.93,7.757,0,187,728,419,309,1249,,,28,35,19,27,21,29,28,26,30,29,55,0,0
2026-05-06 00:45:00,1083,576,260,86.06,,0,0,0,5.043,5.777,0,178,704,403,301,1236,,,29,35,21,27,22,25,31,28,29,27,59,0,0
2026-05-06 00:46:00,1074,576,258,86.76,,0,0,0,4.715,4.958,0,174,685,396,289,1255,,,28,35,21,24,23,26,32,27,31,26,58,0,0
2026-05-06 00:47:00,1083,577,262,87.11,,0,0,0,4.749,5.301,0,168,701,409,292,1235,,,30,35,21,28,19,27,28,29,34,24,60,0,0
2026-05-06 00:48:00,1076,579,254,86.41,,0,0,0,4.684,5.674,0,175,698,411,287,1263,,,29,37,20,27,21,32,30,30,34,24,63,0,0
2026-05-06 00:49:00,1083,574,257,86.41,,0,0,0,4.75,5.277,0,165,708,413,295,1255,,,29,35,24,27,21,31,29,32,33,31,64,0,0
2026-05-06 00:50:00,1093,568,275,89.2,,0,0,0,4.571,4.684,0,161,692,404,288,1246,,,27,35,22,26,19,30,28,34,26,32,66,0,0
2026-05-06 00:51:00,1106,571,269,89.55,,0,0,0,4.581,5.38,0,170,735,429,306,1286,,,29,37,23,25,21,31,24,32,28,36,64,0,0
2026-05-06 00:52:00,1103,570,267,86.41,,0,0,0,4.671,7.359,0,170,742,431,311,1296,,,28,39,24,26,17,29,26,31,27,35,62,0,0
2026-05-06 00:53:00,1109,569,258,87.11,,0,0,0,4.793,5.737,0,157,757,439,318,1285,,,29,37,28,26,17,26,29,29,29,33,62,0,0
2026-05-06 00:54:00,1108,578,271,91.64,,0,0,0,4.607,5.702,0,147,760,424,336,1281,,,27,37,23,30,19,27,28,24,28,31,63,0,0
2026-05-06 00:55:00,1110,590,265,90.24,,0,0,0,4.481,4.786,0,137,742,416,326,1273,,,29,36,21,34,19,28,28,29,28,31,64,0,0
2026-05-06 00:56:00,1109,590,273,91.64,,0,0,0,4.796,9.328,0,128,731,409,322,1253,,,30,35,20,35,16,28,26,29,29,30,64,0,0
2026-05-06 00:57:00,1108,588,277,91.64,,0,0,0,4.436,4.536,0,120,719,404,315,1245,,,31,36,22,34,16,30,23,32,32,27,64,0,0
2026-05-06 00:58:00,1097,600,258,86.06,,0,0,0,4.738,8.012,0,119,698,394,304,1234,,,32,35,23,39,21,26,27,32,31,29,63,0,0
2026-05-06 00:59:00,1078,611,251,83.97,,0,0,0,4.374,4.403,0,124,675,380,295,1216,,,33,37,23,39,19,30,28,32,34,29,63,0,0
2026-05-06 01:00:00,1070,601,248,82.93,,0,0,0,4.408,5.104,0,143,664,373,291,1211,,,33,34,27,37,19,29,27,34,35,30,60,0,0
2026-05-06 01:01:00,1078,600,251,84.67,,0,0,0,4.502,5.062,0,136,680,394,286,1207,,,29,33,27,34,21,26,22,34,33,35,66,0,0
2026-05-06 01:02:00,1063,595,248,83.62,,0,0,0,4.523,6.583,0,147,674,393,281,1203,,,27,35,25,32,21,26,28,32,34,30,65,0,0
2026-05-06 01:03:00,1050,594,237,79.44,,0,0,0,4.728,7.811,0,146,686,397,289,1209,,,28,37,21,32,23,29,26,31,37,31,64,0,0
2026-05-06 01:04:00,1047,589,242,80.84,,0,0,0,4.564,6.411,0,149,698,392,306,1216,,,29,34,24,34,20,27,25,27,36,33,65,0,0
2026-05-06 01:05:00,1050,588,247,82.23,,0,0,0,4.632,5.021,0,135,676,378,298,1189,,,31,34,23,27,17,29,26,28,33,31,64,0,0
2026-05-06 01:06:00,1038,583,248,82.58,,0,0,0,4.413,4.558,0,139,662,367,295,1193,,,30,35,25,27,20,25,28,30,32,29,66,0,0
2026-05-06 01:07:00,1047,586,245,81.88,,0,0,0,4.482,5.189,0,138,704,406,298,1227,,,28,35,25,27,22,26,27,26,32,26,66,0,.59
2026-05-06 01:08:00,1032,578,234,79.44,,0,0,0,4.467,4.859,0,141,704,402,302,1246,,,32,35,25,28,17,25,30,26,27,28,65,0,0
2026-05-06 01:09:00,1027,577,241,81.18,,0,0,0,4.565,5.224,0,140,690,392,298,1225,,,32,37,25,24,20,25,31,27,28,31,66,0,.59
2026-05-06 01:10:00,1014,587,244,81.18,,0,0,0,4.498,4.28,0,165,678,381,297,1228,,,31,36,24,27,18,27,29,28,33,26,65,0,0
2026-05-06 01:11:00,1055,571,239,79.44,,0,0,0,4.624,5.97,0,156,713,407,306,1247,,,30,38,21,28,19,30,29,29,32,28,66,0,0
2026-05-06 01:12:00,1046,588,235,79.09,,0,0,0,4.57,6.739,0,174,697,396,301,1237,,,30,36,21,26,21,29,27,34,31,26,66,0,0
2026-05-06 01:13:00,1072,581,232,78.4,,0,0,0,4.687,6.014,0,174,711,397,314,1249,,,29,38,24,28,19,28,24,31,28,33,65,0,.59
2026-05-06 01:14:00,1064,587,239,81.18,,0,0,0,4.561,6.97,0,160,717,393,324,1245,,,31,38,23,29,17,27,23,31,30,32,65,0,0
2026-05-06 01:15:00,1064,585,257,84.67,,0,0,0,4.737,6.401,0,145,715,394,321,1216,,,32,38,21,32,16,29,26,34,31,27,63,0,0
2026-05-06 01:16:00,1058,584,265,86.76,,0,0,0,4.376,4.58,0,139,698,386,312,1209,,,31,37,22,30,19,28,27,31,30,25,63,0,0
2026-05-06 01:17:00,1072,577,258,87.11,,0,0,0,4.567,7.171,0,170,704,399,305,1227,,,31,37,21,28,18,30,26,28,29,25,68,0,0
2026-05-06 01:18:00,1051,578,253,85.37,,0,0,0,4.529,7.069,0,170,698,387,311,1218,,,27,40,24,30,17,28,24,28,32,27,68,0,0
2026-05-06 01:19:00,1036,581,249,85.02,,0,0,0,4.772,6.415,0,166,681,378,303,1196,,,24,36,20,34,21,25,23,31,33,26,68,0,0
2026-05-06 01:20:00,1039,578,258,84.67,,0,0,0,4.42,5.249,0,169,665,366,299,1204,,,28,32,19,34,23,31,25,31,32,27,68,0,0
2026-05-06 01:21:00,1058,581,255,84.32,,0,0,0,4.597,6.538,0,155,692,386,306,1220,,,28,34,18,32,22,30,28,34,29,23,68,0,0
2026-05-06 01:22:00,1049,565,250,84.67,,0,0,0,4.409,5.027,0,162,685,390,295,1254,,,30,32,25,29,22,26,25,34,29,26,68,0,.59
2026-05-06 01:23:00,1026,588,244,82.93,,0,0,0,4.608,6.769,0,161,681,382,299,1239,,,30,35,23,29,20,28,22,31,30,24,68,0,.59
2026-05-06 01:24:00,1016,585,240,80.84,,0,0,0,4.49,7.039,0,162,664,371,293,1220,,,27,35,19,34,20,30,24,31,28,25,67,0,0
2026-05-06 01:25:00,1009,588,234,79.79,,0,0,0,4.591,5.202,0,168,670,367,303,1224,,,28,36,18,29,20,31,25,29,30,27,69,0,0
2026-05-06 01:26:00,1020,584,241,79.44,,0,0,0,4.46,7.193,0,167,651,359,292,1204,,,29,35,16,31,22,29,27,32,31,28,69,0,.59
2026-05-06 01:27:00,1045,584,245,82.23,,0,0,0,4.548,5.497,0,161,679,376,303,1233,,,28,36,21,30,23,30,25,33,33,33,67,0,.59
2026-05-06 01:28:00,1045,584,248,84.32,,0,0,0,4.477,6.234,0,142,673,381,292,1245,,,25,34,22,27,22,32,27,29,31,32,68,0,.59
2026-05-06 01:29:00,1056,568,257,85.71,,0,0,0,4.592,5.542,0,129,685,386,299,1222,,,27,35,23,31,19,31,23,29,30,32,66,0,.59
2026-05-06 01:30:00,1040,572,246,83.62,,0,0,0,4.426,5.993,0,129,659,367,292,1238,,,27,38,21,30,20,29,25,33,28,29,62,0,0
2026-05-06 01:31:00,1039,591,243,81.88,,0,0,0,4.515,5.106,0,162,686,386,300,1240,,,27,34,25,27,26,24,26,29,30,23,61,0,0
2026-05-06 01:32:00,1045,589,250,82.58,,0,0,0,4.472,5.988,0,186,674,380,294,1255,,,26,32,24,26,21,28,29,30,29,23,61,0,0
2026-05-06 01:33:00,1058,579,256,83.62,,0,0,0,4.532,4.899,0,169,681,395,286,1241,,,27,27,25,28,21,30,31,27,30,24,64,0,0
2026-05-06 01:34:00,1054,585,250,84.32,,0,0,0,4.479,7.444,0,167,695,401,294,1261,,,25,32,23,27,22,30,31,28,30,23,65,0,0
2026-05-06 01:35:00,1067,573,252,85.37,,0,0,0,4.499,4.329,0,168,684,396,288,1253,,,29,31,26,29,22,29,30,27,29,23,65,0,0
2026-05-06 01:36:00,1072,574,252,83.62,,0,0,0,4.136,4.757,0,178,672,386,286,1244,,,30,31,25,30,20,27,29,25,28,31,64,0,0
2026-05-06 01:37:00,1090,575,246,81.88,,0,0,0,4.119,4.134,0,179,698,396,302,1255,,,32,33,27,29,16,26,27,28,25,30,66,0,0
2026-05-06 01:38:00,1092,571,251,83.62,,0,0,0,4.104,5.343,0,180,703,395,308,1276,,,28,34,27,32,17,26,30,29,26,29,69,0,0
2026-05-06 01:39:00,1087,581,237,79.09,,0,0,0,4.135,4.491,0,182,695,389,306,1273,,,25,36,28,34,15,28,28,25,26,33,69,0,0
2026-05-06 01:40:00,1083,583,246,81.53,,0,0,0,4.046,3.921,0,175,689,387,302,1261,,,26,39,23,36,17,27,27,22,26,28,69,0,0
2026-05-06 01:41:00,1126,559,266,86.06,,0,0,0,4.05,4.365,0,164,729,413,316,1288,,,31,39,26,31,22,24,25,26,26,26,71,0,0
2026-05-06 01:42:00,1115,568,263,84.32,,0,0,0,4.448,10.339,0,177,717,413,304,1318,,,28,39,24,33,21,26,27,28,28,26,71,0,0
2026-05-06 01:43:00,1118,565,259,85.71,,0,0,0,4.524,4.616,0,189,729,408,321,1326,,,29,38,22,35,22,27,28,24,32,27,72,0,0
2026-05-06 01:44:00,1130,555,267,86.41,,0,0,0,4.5,8.449,0,182,740,421,319,1337,,,30,36,24,32,20,28,24,24,32,27,70,0,0
2026-05-06 01:45:00,1113,560,259,85.37,,0,0,0,4.58,4.893,0,173,729,416,313,1306,,,32,36,21,34,20,32,22,23,32,26,67,0,0
2026-05-06 01:46:00,1097,583,262,86.06,,0,0,0,4.182,3.962,0,164,719,413,306,1289,,,31,36,24,35,21,29,25,21,26,30,65,0,0
2026-05-06 01:47:00,1088,577,260,87.8,,0,0,0,4.274,5.2,0,160,697,400,297,1272,,,32,37,27,29,22,25,24,27,29,29,65,0,0
2026-05-06 01:48:00,1081,579,257,85.71,,0,0,0,4.403,6.469,0,153,678,394,284,1254,,,33,38,24,29,17,26,28,27,29,31,65,0,0
2026-05-06 01:49:00,1057,596,253,84.67,,0,0,0,4.5,5.485,0,145,651,376,275,1222,,,33,41,24,30,19,27,26,27,26,37,65,0,0
2026-05-06 01:50:00,1047,592,262,88.15,,0,0,0,4.317,4.625,0,141,627,365,262,1198,,,34,41,22,31,19,28,22,26,29,37,67,0,.59
2026-05-06 01:51:00,1053,601,258,85.71,,0,0,0,4.421,5.559,0,165,647,386,261,1231,,,33,39,23,33,19,26,25,26,27,37,68,0,.59
2026-05-06 01:52:00,1037,605,255,84.32,,0,0,0,4.316,3.987,0,187,655,389,266,1249,,,33,37,27,31,21,27,24,25,27,41,68,0,.59
2026-05-06 01:53:00,1050,592,261,86.76,,0,0,0,4.398,5.552,0,182,665,395,270,1252,,,28,37,23,30,20,25,27,23,26,41,74,0,.59
2026-05-06 01:54:00,1036,606,264,88.15,,0,0,0,4.535,7.387,0,178,686,404,282,1267,,,30,33,23,27,19,25,27,26,24,37,78,0,.59
2026-05-06 01:55:00,1049,607,253,85.37,,0,0,0,4.683,6.246,0,163,668,395,273,1239,,,31,35,19,28,22,25,27,27,25,37,75,0,.59
2026-05-06 01:56:00,1046,593,253,83.97,,0,0,0,4.356,4.763,0,165,651,384,267,1265,,,30,34,21,25,20,27,29,31,29,39,75,0,.59
2026-05-06 01:57:00,1068,589,251,83.62,,0,0,0,4.504,6.223,0,167,688,410,278,1258,,,28,33,20,28,20,26,30,29,33,34,75,0,.59
2026-05-06 01:58:00,1073,587,255,85.02,,0,0,0,4.412,5.11,0,159,675,399,276,1264,,,27,36,17,26,18,28,29,30,34,32,76,0,.59
2026-05-06 01:59:00,1084,562,260,86.41,,0,0,0,4.482,5.463,0,157,687,396,291,1248,,,31,37,21,26,18,28,28,29,34,31,74,0,.59
2026-05-06 02:00:00,1082,560,274,89.55,,0,0,0,4.388,5.238,0,148,676,386,290,1236,,,28,34,22,24,18,27,27,31,31,33,71,0,.59
2026-05-06 02:01:00,1100,563,276,89.55,,0,0,0,4.452,5.833,0,161,713,407,306,1263,,,31,32,25,26,21,29,26,26,33,33,71,0,0
2026-05-06 02:02:00,1110,543,271,87.46,,0,0,0,4.437,4.688,0,171,715,410,305,1290,,,27,34,19,21,23,32,30,27,33,36,74,0,0
2026-05-06 02:03:00,1120,544,271,86.76,,0,0,0,4.614,6.28,0,157,736,422,314,1286,,,28,32,22,23,26,29,31,23,31,37,71,0,.59
2026-05-06 02:04:00,1104,538,265,87.46,,0,0,0,4.46,4.202,0,161,741,434,307,1297,,,24,36,21,27,27,28,30,26,32,37,70,0,0
2026-05-06 02:05:00,1105,536,273,88.15,,0,0,0,4.644,6.893,0,150,727,428,299,1287,,,24,33,19,34,22,32,28,27,33,33,70,0,0
2026-05-06 02:06:00,1088,532,265,87.46,,0,0,0,4.626,5.466,0,159,721,425,296,1274,,,29,32,20,31,24,30,26,29,35,35,67,0,.59
2026-05-06 02:07:00,1083,543,266,87.8,,0,0,0,4.699,5.506,0,157,713,421,292,1255,,,31,32,25,30,22,30,29,27,35,35,66,0,.59
2026-05-06 02:08:00,1084,544,260,86.76,,0,0,0,4.741,5.746,0,150,707,420,287,1259,,,31,35,26,30,21,33,31,24,32,35,63,0,0
2026-05-06 02:09:00,1079,544,251,85.37,,0,0,0,4.861,5.211,0,155,701,418,283,1245,,,29,37,18,28,24,33,33,28,37,35,65,0,1.18
2026-05-06 02:10:00,1064,557,255,86.06,,0,0,0,4.779,4.737,0,152,698,420,278,1244,,,30,36,20,29,19,34,29,25,39,30,64,0,0
2026-05-06 02:11:00,1083,557,261,87.11,,0,0,0,4.862,4.977,0,166,738,444,294,1284,,,30,33,21,27,19,37,27,26,38,30,62,0,0
2026-05-06 02:12:00,1061,580,257,86.06,,0,0,0,4.898,5.958,0,174,726,435,291,1291,,,28,35,19,31,19,30,28,29,35,28,60,0,0
2026-05-06 02:13:00,1066,593,259,87.11,,0,0,0,5.016,5.88,0,157,737,437,300,1291,,,28,37,19,30,17,33,31,26,33,26,63,0,0
2026-05-06 02:14:00,1073,592,265,89.2,,0,0,0,4.889,5.062,0,153,722,427,295,1300,,,29,37,17,30,16,31,29,26,34,32,62,0,0
2026-05-06 02:15:00,1084,594,263,89.2,,0,0,0,4.856,5.508,0,151,736,435,301,1301,,,26,38,17,29,19,30,29,27,33,33,63,0,0
2026-05-06 02:16:00,1086,589,265,88.15,,0,0,0,4.783,6.096,0,142,729,430,299,1312,,,21,38,24,28,21,30,29,27,27,32,62,0,.59
2026-05-06 02:17:00,1120,595,258,86.41,,0,0,0,4.851,5.246,0,149,761,453,308,1331,,,23,35,26,29,18,27,31,21,28,35,65,0,0
2026-05-06 02:18:00,1111,589,252,82.23,,0,0,0,4.781,6.007,0,151,769,471,298,1335,,,28,33,22,28,19,32,30,23,23,35,63,0,1.78
2026-05-06 02:19:00,1105,604,244,82.23,,0,0,0,4.836,5.376,0,149,784,480,304,1340,,,33,38,19,29,19,33,29,22,29,33,63,0,.59
2026-05-06 02:20:00,1092,604,240,80.14,,0,0,0,4.642,4.712,0,151,761,466,295,1331,,,31,35,24,31,20,30,30,20,27,36,62,0,0
2026-05-06 02:21:00,1092,598,242,80.84,,0,0,0,4.729,5.103,0,143,757,462,295,1310,,,29,33,26,29,18,28,26,18,27,37,64,0,0
2026-05-06 02:22:00,1093,591,247,82.93,,0,0,0,4.701,5.507,0,151,741,452,289,1302,,,29,32,23,27,20,27,26,21,27,35,65,0,0
2026-05-06 02:23:00,1097,588,257,86.06,,0,0,0,4.734,4.886,0,136,719,440,279,1280,,,25,31,19,27,17,30,24,21,29,29,63,0,0
2026-05-06 02:24:00,1081,599,258,85.37,,0,0,0,4.621,5.373,0,132,705,430,275,1264,,,27,32,16,28,18,27,20,23,25,30,64,0,0
2026-05-06 02:25:00,1074,593,252,85.71,,0,0,0,4.654,4.936,0,128,681,414,267,1241,,,25,35,20,26,18,27,24,23,27,28,63,0,0
2026-05-06 02:26:00,1061,600,244,82.93,,0,0,0,4.412,4.185,0,136,661,405,256,1238,,,26,34,22,29,20,28,22,27,30,26,63,0,0
2026-05-06 02:27:00,1044,607,241,80.49,,0,0,0,4.48,5.215,0,140,691,424,267,1235,,,27,35,24,34,22,28,24,24,28,26,65,0,0
2026-05-06 02:28:00,1035,612,236,80.84,,0,0,0,4.381,5.627,0,143,676,420,256,1240,,,27,33,26,32,18,25,25,25,24,28,67,0,0
2026-05-06 02:29:00,1049,608,243,80.14,,0,0,0,4.467,5.813,0,130,675,429,246,1211,,,29,30,24,31,18,26,22,28,23,28,68,0,0
2026-05-06 02:30:00,1042,597,233,77.7,,0,0,0,4.261,4.585,0,152,667,420,247,1220,,,28,32,21,30,18,29,27,25,21,28,66,0,0
2026-05-06 02:31:00,1058,590,238,79.44,,0,0,0,4.369,5.976,0,144,703,439,264,1230,,,25,29,21,28,22,30,27,26,24,26,65,0,0
2026-05-06 02:32:00,1052,595,241,80.49,,0,0,0,4.222,4.259,0,145,709,437,272,1241,,,24,29,21,24,15,29,27,27,28,25,68,0,0
2026-05-06 02:33:00,1044,599,249,81.53,,0,0,0,4.393,6.758,0,140,712,443,269,1227,,,25,29,19,27,17,26,23,26,25,25,68,0,0
2026-05-06 02:34:00,1039,588,256,86.06,,0,0,0,4.227,4.517,0,134,691,430,261,1210,,,24,32,17,27,19,26,20,23,25,25,66,0,0
2026-05-06 02:35:00,1027,598,248,82.58,,0,0,0,4.437,7.031,0,140,686,415,271,1208,,,24,32,17,24,22,26,22,20,20,26,64,0,.59
2026-05-06 02:36:00,1019,601,246,81.53,,0,0,0,4.246,4.618,0,145,666,404,262,1195,,,26,28,19,27,21,30,22,27,20,24,62,0,1.78
2026-05-06 02:37:00,1028,598,247,82.93,,0,0,0,4.49,6.744,0,150,718,438,280,1238,,,24,27,18,27,18,27,20,23,20,20,62,0,1.18
2026-05-06 02:38:00,1035,594,258,86.76,,0,0,0,4.258,4.458,0,147,729,433,296,1241,,,23,22,23,30,16,25,22,24,19,24,60,0,.59
2026-05-06 02:39:00,1026,596,262,87.46,,0,0,0,4.511,7.341,0,147,711,421,290,1215,,,25,23,22,28,18,23,23,23,22,26,60,0,.59
2026-05-06 02:40:00,1011,593,257,86.06,,0,0,0,4.345,4.283,0,149,699,416,283,1212,,,22,29,25,28,19,24,19,24,23,26,60,0,0
2026-05-06 02:41:00,1035,622,245,83.28,,0,0,0,4.552,6.575,0,153,738,444,294,1235,,,26,27,24,30,17,23,22,25,22,24,61,0,1.18
2026-05-06 02:42:00,1040,604,253,85.37,,0,0,0,4.461,5.485,0,152,742,434,308,1239,,,27,26,24,28,17,26,23,25,24,22,58,0,0
2026-05-06 02:43:00,1071,591,257,87.11,,0,0,0,4.588,5.708,0,149,731,434,297,1232,,,26,27,20,29,20,25,20,26,25,21,61,0,0
2026-05-06 02:44:00,1056,598,249,83.97,,0,0,0,4.55,7.647,0,154,724,431,293,1223,,,26,30,22,30,22,27,24,25,26,26,62,0,0
2026-05-06 02:45:00,1050,595,257,85.02,,0,0,0,4.59,4.723,0,148,712,426,286,1220,,,29,28,22,32,21,23,24,25,25,26,65,0,0
2026-05-06 02:46:00,1051,586,255,84.32,,0,0,0,4.544,7.09,0,142,696,419,277,1217,,,29,31,24,30,15,25,31,23,24,27,66,0,0
2026-05-06 02:47:00,1063,577,261,87.46,,0,0,0,4.67,5.783,0,145,722,433,289,1243,,,29,30,22,28,16,26,27,27,23,29,67,0,0
2026-05-06 02:48:00,1057,581,262,86.76,,0,0,0,4.668,6.478,0,146,728,432,296,1255,,,26,30,22,26,17,24,26,29,23,29,66,0,.59
2026-05-06 02:49:00,1065,569,263,87.46,,0,0,0,4.709,5.477,0,144,710,421,289,1244,,,26,29,22,28,18,25,24,30,28,27,67,0,1.78
2026-05-06 02:50:00,1038,597,262,87.46,,0,0,0,4.487,4.49,0,139,682,405,277,1228,,,30,26,20,28,16,26,24,28,26,30,64,0,.59
2026-05-06 02:51:00,1061,576,257,87.11,,0,0,0,4.574,5.314,0,151,733,446,287,1256,,,28,29,24,28,13,25,29,28,22,29,63,0,0
2026-05-06 02:52:00,1051,586,254,86.06,,0,0,0,4.57,6.152,0,152,717,431,286,1247,,,28,31,21,26,13,26,27,25,23,28,63,0,.59
2026-05-06 02:53:00,1056,592,267,88.85,,0,0,0,4.675,5.259,0,156,728,435,293,1271,,,29,27,23,23,17,29,22,26,21,27,66,0,0
2026-05-06 02:54:00,1053,584,257,86.76,,0,0,0,4.604,6.988,0,151,717,422,295,1266,,,27,28,22,28,18,27,26,31,20,27,67,0,.59
2026-05-06 02:55:00,1055,587,267,88.85,,0,0,0,4.752,5.72,0,140,715,421,294,1258,,,27,30,20,28,18,30,29,26,22,25,66,0,0
2026-05-06 02:56:00,1058,589,259,87.46,,0,0,0,4.417,5.001,0,150,700,409,291,1256,,,31,28,23,28,16,28,27,25,23,24,66,0,0
2026-05-06 02:57:00,1081,585,248,83.97,,0,0,0,4.43,4.934,0,141,722,418,304,1274,,,31,33,22,34,14,28,27,23,24,27,66,0,0
2026-05-06 02:58:00,1083,580,252,84.67,,0,0,0,4.555,7.454,0,132,707,409,298,1261,,,27,34,26,32,16,28,26,24,26,21,63,0,0
2026-05-06 02:59:00,1076,590,245,80.84,,0,0,0,4.663,5.526,0,131,716,411,305,1261,,,26,34,26,32,23,29,23,22,26,24,58,0,.59
2026-05-06 03:00:00,1074,568,250,82.93,,0,0,0,4.426,5.395,0,124,700,407,293,1258,,,31,30,26,33,23,25,24,22,26,24,57,0,.59
2026-05-06 03:01:00,1097,576,247,83.97,,0,0,0,4.483,4.888,0,132,720,427,293,1255,,,25,32,26,32,18,26,26,20,23,24,65,0,.59
2026-05-06 03:02:00,1071,587,238,80.49,,0,0,0,4.452,5.556,0,140,715,420,295,1263,,,28,33,24,27,20,27,22,18,22,23,64,0,1.18
2026-05-06 03:03:00,1063,591,236,79.09,,0,0,0,4.558,5.302,0,144,718,429,289,1263,,,24,30,24,25,17,28,23,20,22,25,64,0,1.18
2026-05-06 03:04:00,1051,592,234,77.7,,0,0,0,4.622,6.937,0,143,700,419,281,1251,,,26,32,25,29,19,26,24,27,19,27,65,0,.59
2026-05-06 03:05:00,1057,588,232,78.75,,0,0,0,4.706,5.092,0,133,711,419,292,1235,,,28,34,29,30,16,23,22,22,22,27,67,0,0
2026-05-06 03:06:00,1048,585,240,80.14,,0,0,0,4.465,4.071,0,143,704,419,285,1263,,,28,31,29,27,15,27,21,24,20,29,67,0,0
2026-05-06 03:07:00,1064,593,240,79.44,,0,0,0,4.545,5.257,0,137,735,440,295,1248,,,26,30,26,28,16,24,23,22,15,28,71,0,0
2026-05-06 03:08:00,1053,598,237,80.14,,0,0,0,4.424,4.132,0,145,721,435,286,1248,,,23,29,26,30,18,23,22,24,17,24,72,0,0
2026-05-06 03:09:00,1076,591,243,81.53,,0,0,0,4.501,5.357,0,131,738,441,297,1267,,,24,28,25,26,21,25,23,24,18,22,72,0,0
2026-05-06 03:10:00,1061,604,239,81.18,,0,0,0,4.472,4.435,0,134,726,429,297,1270,,,25,25,29,26,16,25,20,24,19,21,70,0,0
2026-05-06 03:11:00,1084,591,243,80.49,,0,0,0,4.554,5.01,0,142,751,444,307,1275,,,26,28,26,25,12,25,19,26,21,22,68,0,0
2026-05-06 03:12:00,1072,584,255,85.07,,0,0,0,4.463,3.897,0,138,746,441,305,1287,,,25,29,21,27,15,26,16,24,23,21,68,0,0
2026-05-06 03:13:00,1068,582,244,81.94,,0,0,0,4.531,5.208,0,139,756,440,316,1281,,,23,30,21,29,13,28,17,23,20,21,66,0,0
2026-05-06 03:14:00,1071,584,244,82.64,,0,0,0,4.417,5.799,0,131,772,440,332,1271,,,24,30,26,29,15,23,20,22,21,21,64,0,0
2026-05-06 03:15:00,1074,585,242,81.25,,0,0,0,4.482,4.926,0,128,763,438,325,1265,,,27,30,26,28,18,23,19,20,21,19,61,0,0
2026-05-06 03:16:00,1063,588,234,78.82,,0,0,0,4.246,3.962,0,138,754,438,316,1260,,,26,31,26,30,17,28,17,20,23,22,59,0,0
2026-05-06 03:17:00,1076,578,232,78.47,,0,0,0,4.345,5.644,0,134,770,447,323,1274,,,28,31,21,29,16,26,16,20,21,22,58,0,0
2026-05-06 03:18:00,1081,582,227,76.39,,0,0,0,4.243,4.09,0,131,754,443,311,1274,,,28,31,21,35,17,24,18,20,22,23,59,0,0
2026-05-06 03:19:00,1100,578,238,79.51,,0,0,0,4.326,5.688,0,124,760,439,321,1254,,,26,30,26,32,22,27,17,16,22,20,55,0,0
2026-05-06 03:20:00,1090,577,242,81.6,,0,0,0,4.233,4.986,0,136,773,448,325,1283,,,25,26,24,35,21,26,19,19,20,21,57,0,0
2026-05-06 03:21:00,1103,584,242,80.9,,0,0,0,4.317,5.24,0,131,765,443,322,1267,,,21,31,25,31,21,23,16,22,21,22,58,0,0
2026-05-06 03:22:00,1085,583,248,81.6,,0,0,0,4.219,5.18,0,127,760,446,314,1279,,,28,35,24,26,18,26,16,22,18,19,58,0,0
2026-05-06 03:23:00,1099,586,249,82.64,,0,0,0,4.301,5.573,0,115,780,454,326,1276,,,29,32,23,30,14,27,15,18,15,22,60,0,0
2026-05-06 03:24:00,1096,583,244,82.99,,0,0,0,4.173,4.915,0,118,764,443,321,1278,,,28,32,23,32,18,27,15,19,17,21,59,0,0
2026-05-06 03:25:00,1091,586,236,79.86,,0,0,0,4.302,6.047,0,112,780,445,335,1283,,,27,29,23,31,16,29,15,21,18,22,58,0,0
2026-05-06 03:26:00,1078,587,222,74.31,,0,0,0,4.134,5.015,0,129,769,437,332,1287,,,24,34,21,35,18,29,16,21,16,21,58,0,0
2026-05-06 03:27:00,1096,586,223,74.65,,0,0,0,4.29,6.303,0,122,799,452,347,1300,,,26,36,21,34,16,27,15,18,14,24,58,0,.59
2026-05-06 03:28:00,1071,584,212,71.18,,0,0,0,4.093,5.051,0,125,776,433,343,1276,,,29,35,20,33,14,28,14,21,16,25,55,0,1.18
2026-05-06 03:29:00,1061,602,210,70.83,,0,0,0,4.276,6.83,0,125,792,443,349,1292,,,29,33,20,31,17,25,15,17,20,22,56,0,0
2026-05-06 03:30:00,1049,585,212,71.88,,0,0,0,4.051,4.257,0,137,787,439,348,1304,,,27,32,19,28,14,22,18,17,21,18,54,0,0
2026-05-06 03:31:00,1069,586,230,77.78,,0,0,0,4.274,6.921,0,136,811,465,346,1300,,,26,29,17,29,11,22,14,19,18,21,57,0,0
2026-05-06 03:32:00,1068,578,235,79.17,,0,0,0,4.159,5.793,0,141,832,471,361,1326,,,24,30,19,27,11,25,13,18,20,18,56,0,0
2026-05-06 03:33:00,1071,576,235,77.43,,0,0,0,4.428,7.804,0,144,811,464,347,1314,,,22,29,17,32,10,24,15,18,20,19,59,0,1.18
2026-05-06 03:34:00,1074,573,241,78.13,,0,0,0,4.223,6.212,0,143,821,462,359,1325,,,26,29,21,34,12,23,15,20,24,18,64,0,1.78
2026-05-06 03:35:00,1083,561,239,80.21,,0,0,0,4.544,7.628,0,146,807,450,357,1324,,,28,31,23,37,8,22,16,18,23,18,64,0,.59
2026-05-06 03:36:00,1080,548,230,77.43,,0,0,0,4.257,5.793,0,140,796,444,352,1309,,,27,31,24,34,15,25,15,19,23,23,64,0,.59
2026-05-06 03:37:00,1051,558,227,76.74,,0,0,0,4.537,7.626,0,137,774,431,343,1284,,,28,34,25,30,15,23,17,20,21,20,63,0,0
2026-05-06 03:38:00,1043,550,229,76.74,,0,0,0,4.529,7.54,0,131,760,422,338,1256,,,26,35,24,30,14,25,19,20,22,18,60,0,1.18
2026-05-06 03:39:00,1039,529,234,78.47,,0,0,0,4.81,6.692,0,137,746,411,335,1256,,,27,31,22,30,12,26,15,22,21,15,58,0,0
2026-05-06 03:40:00,1015,542,237,78.82,,0,0,0,4.554,6.324,0,128,728,401,327,1223,,,27,27,20,28,18,24,18,20,20,13,56,0,.59
2026-05-06 03:41:00,1029,531,249,82.29,,0,0,0,4.84,7.548,0,131,737,408,329,1223,,,29,28,25,29,16,24,17,19,17,14,55,0,.59
2026-05-06 03:42:00,1015,527,245,81.94,,0,0,0,4.837,7.433,0,130,730,406,324,1209,,,27,28,27,29,17,25,19,17,18,14,55,0,1.78
2026-05-06 03:43:00,1003,523,249,82.99,,0,0,0,5.064,6.939,0,127,711,394,317,1184,,,28,27,25,28,15,24,15,22,19,16,56,0,1.78
2026-05-06 03:44:00,993,523,258,86.81,,0,0,0,4.905,8.54,0,125,712,404,308,1185,,,30,27,21,27,12,25,17,16,18,18,55,0,1.18
2026-05-06 03:45:00,973,528,252,84.03,,0,0,0,5.053,5.994,0,120,689,392,297,1158,,,26,29,21,24,16,25,14,16,15,19,53,0,1.18
2026-05-06 03:46:00,959,531,247,82.99,,0,0,0,4.863,5.997,0,118,676,390,286,1188,,,27,29,22,31,14,22,15,18,13,19,54,0,2.37
2026-05-06 03:47:00,970,532,246,81.25,,0,0,0,4.855,4.856,0,146,695,417,278,1181,,,27,26,20,30,15,23,14,15,16,18,60,0,1.78
2026-05-06 03:48:00,949,536,251,82.29,,0,0,0,4.79,6.05,0,178,682,409,273,1195,,,27,28,20,27,14,20,14,18,18,17,58,0,1.18
2026-05-06 03:49:00,978,530,252,83.68,,0,0,0,4.908,5.725,0,177,709,422,287,1222,,,23,32,18,22,15,25,15,22,15,15,57,0,1.18
2026-05-06 03:50:00,982,521,247,84.38,,0,0,0,4.774,4.971,0,195,696,418,278,1225,,,24,30,20,27,19,24,15,24,13,20,57,0,1.18
2026-05-06 03:51:00,991,527,245,82.64,,0,0,0,4.746,4.888,0,186,712,429,283,1231,,,27,31,19,26,16,25,16,19,11,21,62,0,0
2026-05-06 03:52:00,984,536,248,81.25,,0,0,0,4.775,6.159,0,180,692,414,278,1223,,,26,32,22,27,17,25,14,17,13,22,62,0,0
2026-05-06 03:53:00,983,539,245,80.21,,0,0,0,4.768,5.336,0,173,702,418,284,1241,,,25,30,21,26,15,25,14,16,17,18,60,0,0
2026-05-06 03:54:00,990,532,255,85.76,,0,0,0,4.717,6.619,0,159,701,416,285,1237,,,25,32,18,27,17,25,16,14,14,22,60,0,.59
2026-05-06 03:55:00,1003,540,261,86.11,,0,0,0,4.834,5.924,0,150,693,404,289,1222,,,28,31,18,27,19,27,14,16,12,18,59,0,0
2026-05-06 03:56:00,1006,547,266,86.46,,0,0,0,4.658,5.056,0,149,693,406,287,1238,,,28,32,23,26,15,30,21,14,15,20,57,0,0
2026-05-06 03:57:00,1027,540,271,87.85,,0,0,0,4.747,5.316,0,150,721,423,298,1245,,,27,35,23,31,20,30,18,14,15,21,58,0,0
2026-05-06 03:58:00,1021,542,263,88.19,,0,0,0,4.753,6.449,0,157,711,419,292,1277,,,28,32,27,32,19,28,16,19,11,22,57,0,0
2026-05-06 03:59:00,1039,548,260,86.81,,0,0,0,4.814,5.597,0,153,735,433,302,1264,,,26,34,26,32,18,30,18,17,16,23,53,0,0
2026-05-06 04:00:00,1039,549,270,89.58,,0,0,0,4.665,5.233,0,141,712,424,288,1250,,,26,35,20,31,18,32,22,18,15,20,50,0,0
2026-05-06 04:01:00,1060,543,265,88.89,,0,0,0,4.752,5.167,0,151,728,433,295,1265,,,29,35,21,32,18,31,21,15,22,21,55,0,0
2026-05-06 04:02:00,1040,554,261,86.81,,0,0,0,4.712,5.743,0,155,700,414,286,1271,,,30,31,23,25,17,35,20,14,22,19,58,0,.59
2026-05-06 04:03:00,1025,569,259,86.46,,0,0,0,4.779,5.065,0,153,696,403,293,1254,,,31,32,19,28,16,34,22,15,19,22,58,0,1.78
2026-05-06 04:04:00,1031,565,259,86.11,,0,0,0,4.637,5.042,0,165,699,389,310,1277,,,29,30,23,29,20,37,18,19,13,20,66,0,1.18
2026-05-06 04:05:00,1029,571,253,84.03,,0,0,0,4.61,4.9,0,153,681,381,300,1254,,,30,30,22,28,18,37,19,22,15,20,68,0,.59
2026-05-06 04:06:00,1025,573,250,82.64,,0,0,0,4.43,4.237,0,158,663,368,295,1231,,,27,31,23,31,16,37,20,27,17,18,74,0,.59
2026-05-06 04:07:00,1044,572,243,82.64,,0,0,0,4.434,4.556,0,159,699,388,311,1261,,,30,34,25,27,21,34,21,25,16,22,78,0,.59
2026-05-06 04:08:00,1048,574,257,85.07,,0,0,0,4.424,5.459,0,156,697,379,318,1256,,,33,34,23,28,20,36,22,24,19,19,75,0,.59
2026-05-06 04:09:00,1057,585,251,83.68,,0,0,0,4.457,5.045,0,165,716,388,328,1294,,,30,33,22,28,21,36,20,23,17,17,75,0,.59
2026-05-06 04:10:00,1043,595,248,83.68,,0,0,0,4.362,4.603,0,155,692,375,317,1260,,,33,36,25,28,19,37,21,26,19,21,73,0,.59
2026-05-06 04:11:00,1066,594,249,82.29,,0,0,0,4.404,5.13,0,154,715,387,328,1271,,,31,31,23,30,22,33,22,24,21,20,74,0,0
2026-05-06 04:12:00,1057,592,242,81.6,,0,0,0,4.409,5.564,0,161,705,384,321,1293,,,30,35,25,31,22,35,24,27,23,22,73,0,0
2026-05-06 04:13:00,1069,577,255,84.72,,0,0,0,4.43,4.912,0,149,727,397,330,1301,,,29,33,22,28,17,34,27,25,24,19,70,0,0
2026-05-06 04:14:00,1051,600,250,81.94,,0,0,0,4.401,6.035,0,149,709,386,323,1303,,,29,32,22,28,14,34,25,23,27,22,69,0,.59
2026-05-06 04:15:00,1045,592,243,81.25,,0,0,0,4.452,5.01,0,143,719,388,331,1278,,,27,31,22,31,18,36,27,23,25,26,65,0,.59
2026-05-06 04:16:00,1034,593,229,77.43,,0,0,0,4.251,4.6,0,140,702,375,327,1258,,,26,35,22,36,19,35,23,28,28,26,67,0,.59
2026-05-06 04:17:00,1050,590,230,77.78,,0,0,0,4.303,4.642,0,152,723,388,335,1273,,,29,32,25,34,17,32,25,26,26,29,68,0,.59
2026-05-06 04:18:00,1064,574,247,81.6,,0,0,0,4.242,4.894,0,146,742,398,344,1295,,,30,32,23,33,20,29,24,28,26,26,67,0,.59
2026-05-06 04:19:00,1065,577,235,79.51,,0,0,0,4.288,4.969,0,147,726,385,341,1281,,,32,34,22,32,22,27,19,31,26,26,65,0,.59
2026-05-06 04:20:00,1062,569,253,83.68,,0,0,0,4.157,4.36,0,152,714,381,333,1267,,,32,28,21,32,21,30,20,26,22,24,68,0,.59
2026-05-06 04:21:00,1083,572,251,82.99,,0,0,0,4.224,5.281,0,144,740,399,341,1293,,,31,29,21,32,20,29,20,26,22,24,68,0,.59
2026-05-06 04:22:00,1071,576,257,83.33,,0,0,0,4.206,5.148,0,148,735,396,339,1299,,,29,35,21,33,22,28,19,27,23,26,68,0,0
2026-05-06 04:23:00,1052,591,245,82.64,,0,0,0,4.343,5.524,0,162,729,391,338,1274,,,30,29,24,27,18,31,20,28,22,27,67,0,0
2026-05-06 04:24:00,1052,569,252,84.72,,0,0,0,4.355,7.325,0,161,740,388,352,1304,,,29,33,24,33,18,26,23,26,25,25,68,0,0
2026-05-06 04:25:00,1044,582,252,84.03,,0,0,0,4.49,5.797,0,158,717,380,337,1289,,,27,31,21,34,19,26,21,24,25,22,66,0,1.18
2026-05-06 04:26:00,1033,576,252,83.33,,0,0,0,4.202,4.364,0,185,703,379,324,1295,,,28,28,19,34,17,27,21,24,25,21,64,0,2.37
2026-05-06 04:27:00,1059,568,253,84.38,,0,0,0,4.374,6.149,0,167,715,395,320,1290,,,30,28,24,31,18,28,21,24,23,24,69,0,2.96
2026-05-06 04:28:00,1051,582,257,86.11,,0,0,0,4.373,6.152,0,171,722,395,327,1294,,,31,27,25,29,20,34,20,21,24,26,70,0,.59
2026-05-06 04:29:00,1033,592,246,84.03,,0,0,0,4.543,6.102,0,164,700,386,314,1265,,,28,26,22,30,19,35,17,17,23,24,70,0,0
2026-05-06 04:30:00,1020,601,243,81.25,,0,0,0,4.327,5.266,0,157,678,380,298,1260,,,32,28,22,31,20,35,18,16,21,25,70,0,.59
2026-05-06 04:31:00,1037,614,248,82.29,,0,0,0,4.503,6.308,0,153,704,394,310,1276,,,31,27,19,31,18,36,20,16,24,23,70,0,1.18
2026-05-06 04:32:00,1035,600,250,83.68,,0,0,0,4.36,5.301,0,151,727,415,312,1302,,,31,27,16,31,16,33,19,15,24,25,67,0,.59
2026-05-06 04:33:00,1044,591,255,85.76,,0,0,0,4.538,6.31,0,150,730,413,317,1281,,,26,26,20,30,19,32,19,21,23,25,67,0,0
2026-05-06 04:34:00,1049,602,258,84.38,,0,0,0,4.592,7.927,0,140,729,409,320,1278,,,26,31,25,31,20,31,17,20,24,25,67,0,0
2026-05-06 04:35:00,1045,595,259,85.42,,0,0,0,4.643,4.761,0,134,709,397,312,1255,,,33,31,22,32,19,31,16,20,19,29,65,0,0
2026-05-06 04:36:00,1048,598,255,83.68,,0,0,0,4.417,5.759,0,125,689,386,303,1251,,,32,37,23,30,21,28,17,20,22,26,65,0,.59
2026-05-06 04:37:00,1057,610,256,85.42,,0,0,0,4.488,4.85,0,140,707,397,310,1266,,,31,37,24,33,25,30,18,20,19,24,64,0,.59
2026-05-06 04:38:00,1052,608,252,85.42,,0,0,0,4.47,7.287,0,137,711,396,315,1272,,,32,38,25,33,23,31,21,20,18,22,64,0,.59
2026-05-06 04:39:00,1071,580,251,82.64,,0,0,0,4.517,4.526,0,125,698,389,309,1247,,,32,35,27,31,21,34,20,18,21,28,65,0,.59
2026-05-06 04:40:00,1059,581,256,85.42,,0,0,0,4.223,4.245,0,119,681,383,298,1251,,,32,36,25,33,24,33,19,22,14,27,64,0,.59
2026-05-06 04:41:00,1073,583,258,86.46,,0,0,0,4.249,4.861,0,141,702,401,301,1250,,,33,36,22,29,22,32,17,24,15,26,64,0,0
2026-05-06 04:42:00,1061,587,255,86.46,,0,0,0,4.366,7.404,0,184,692,398,294,1305,,,30,37,23,32,19,30,20,21,17,27,64,0,0
2026-05-06 04:43:00,1070,577,251,84.38,,0,0,0,4.425,4.751,0,186,709,415,294,1295,,,29,37,22,34,21,34,23,20,19,28,70,0,0
2026-05-06 04:44:00,1043,582,238,81.25,,0,0,0,4.349,7.331,0,188,688,403,285,1279,,,33,34,22,34,19,32,21,24,16,28,68,0,0
2026-05-06 04:45:00,1062,576,242,79.86,,0,0,0,4.476,5.715,0,191,704,407,297,1300,,,30,33,24,29,21,33,23,30,16,28,69,0,0
2026-05-06 04:46:00,1070,572,242,81.6,,0,0,0,4.357,5.357,0,189,699,401,298,1296,,,30,29,27,27,18,31,24,26,15,25,68,0,0
2026-05-06 04:47:00,1064,581,229,77.08,,0,0,0,4.396,4.734,0,180,722,415,307,1305,,,28,31,21,24,20,32,22,27,19,25,67,0,0
2026-05-06 04:48:00,1074,578,236,78.47,,0,0,0,4.381,5.181,0,175,714,415,299,1306,,,30,35,21,27,16,36,24,22,21,27,67,0,0
2026-05-06 04:49:00,1081,594,244,80.9,,0,0,0,4.482,4.961,0,174,740,428,312,1330,,,33,35,18,29,15,28,24,23,24,21,68,0,0
2026-05-06 04:50:00,1071,583,236,79.51,,0,0,0,4.398,5.043,0,175,734,425,309,1316,,,29,36,18,26,17,29,27,26,25,25,67,0,0
2026-05-06 04:51:00,1062,582,258,85.76,,0,0,0,4.475,5.309,0,167,730,422,308,1287,,,31,34,16,27,21,29,23,26,21,23,67,0,0
2026-05-06 04:52:00,1070,575,265,87.85,,0,0,0,4.587,7.883,0,160,717,416,301,1284,,,28,33,21,27,20,31,21,23,22,23,67,0,0
2026-05-06 04:53:00,1065,580,269,89.58,,0,0,0,4.716,5.767,0,156,704,410,294,1269,,,28,32,21,25,18,28,25,21,20,24,66,0,0
2026-05-06 04:54:00,1064,573,273,90.63,,0,0,0,4.536,6.839,0,148,689,405,284,1253,,,31,30,21,23,21,29,26,22,18,22,63,0,0
2026-05-06 04:55:00,1047,586,267,88.54,,0,0,0,4.677,6.081,0,136,664,389,275,1225,,,33,29,22,25,19,25,22,22,19,19,61,0,0
2026-05-06 04:56:00,1020,597,261,87.5,,0,0,0,4.378,4.939,0,157,636,373,263,1208,,,31,31,26,24,20,25,25,22,19,22,59,0,0
2026-05-06 04:57:00,1014,598,251,83.68,,0,0,0,4.489,5.282,0,142,635,371,264,1195,,,31,31,28,23,20,25,24,20,20,21,63,0,0
2026-05-06 04:58:00,1003,603,250,81.6,,0,0,0,4.479,5.786,0,147,628,363,265,1196,,,30,31,26,28,20,23,23,19,17,20,59,0,0
2026-05-06 04:59:00,991,607,243,80.9,,0,0,0,4.576,5.321,0,150,632,357,275,1194,,,32,29,23,26,16,25,22,24,20,20,62,0,0
2026-05-06 05:00:00,982,616,244,80.9,,0,0,0,4.341,4.761,0,142,621,353,268,1181,,,26,30,25,24,17,21,23,24,20,23,64,0,0
2026-05-06 05:01:00,989,606,235,78.82,,0,0,0,4.381,4.531,0,151,643,367,276,1201,,,27,27,25,29,15,25,23,23,19,23,59,0,0
2026-05-06 05:02:00,986,613,238,80.56,,0,0,0,4.332,4.828,0,165,638,363,275,1223,,,30,29,22,23,17,23,21,20,21,23,59,0,0
2026-05-06 05:03:00,988,613,233,79.17,,0,0,0,4.346,4.266,0,157,661,380,281,1211,,,29,29,19,26,16,25,23,17,19,23,58,0,0
2026-05-06 05:04:00,978,613,244,81.25,,0,0,0,4.353,5.631,0,161,644,369,275,1195,,,28,27,21,25,16,29,20,23,22,21,56,0,0
2026-05-06 05:05:00,981,609,242,81.25,,0,0,0,4.359,4.641,0,155,639,372,267,1181,,,29,24,22,23,18,28,17,21,22,20,60,0,0
2026-05-06 05:06:00,976,609,241,80.9,,0,0,0,4.373,6.033,0,160,634,370,264,1186,,,28,25,23,23,18,22,14,20,20,20,59,0,0
2026-05-06 05:07:00,989,595,237,81.25,,0,0,0,4.39,4.52,0,183,653,381,272,1213,,,28,29,18,22,18,24,16,20,21,17,59,0,0
2026-05-06 05:08:00,976,609,241,80.21,,0,0,0,4.315,6.015,0,176,629,366,263,1186,,,26,28,20,26,19,27,19,19,21,15,64,0,0
2026-05-06 05:09:00,982,600,246,83.33,,0,0,0,4.335,4.371,0,171,633,356,277,1185,,,29,23,21,27,16,27,21,18,20,18,66,0,0
2026-05-06 05:10:00,964,601,250,85.07,,0,0,0,4.176,4.176,0,168,646,373,273,1228,,,30,23,21,23,17,28,20,22,22,19,63,0,0
2026-05-06 05:11:00,979,602,252,84.72,,0,0,0,4.223,4.437,0,186,678,388,290,1221,,,28,23,22,23,19,30,20,18,18,23,60,0,0
2026-05-06 05:12:00,971,605,251,84.03,,0,0,0,4.186,4.328,0,181,664,376,288,1217,,,23,25,24,25,15,29,22,19,22,21,59,0,0
2026-05-06 05:13:00,977,606,257,85.76,,0,0,0,4.252,4.887,0,176,689,391,298,1222,,,25,24,24,22,19,28,23,17,21,23,59,0,.59
2026-05-06 05:14:00,972,609,252,84.72,,0,0,0,4.242,4.984,0,170,666,376,290,1210,,,25,27,22,24,21,26,25,20,19,23,59,0,.59
2026-05-06 05:15:00,995,605,269,88.54,,0,0,0,4.386,5.761,0,156,666,369,297,1189,,,30,25,24,23,22,28,24,22,17,23,62,0,.59
2026-05-06 05:16:00,990,596,269,89.93,,0,0,0,4.33,5.913,0,151,644,359,285,1193,,,25,25,23,25,17,27,19,21,18,26,59,0,.59
2026-05-06 05:17:00,1009,597,267,88.54,,0,0,0,4.385,4.828,0,156,650,377,273,1207,,,28,23,25,27,17,27,18,24,17,21,60,0,.59
2026-05-06 05:18:00,1006,581,254,85.76,,0,0,0,4.346,4.692,0,158,636,371,265,1201,,,25,23,29,30,18,29,19,23,17,22,64,0,0
2026-05-06 05:19:00,1009,584,250,83.68,,0,0,0,4.416,4.92,0,155,639,367,272,1206,,,27,26,26,31,15,30,22,20,23,22,64,0,1.18
2026-05-06 05:20:00,1005,585,251,83.33,,0,0,0,4.395,4.977,0,171,630,367,263,1218,,,31,26,24,31,22,32,25,22,23,20,66,0,0
2026-05-06 05:21:00,1012,601,255,84.72,,0,0,0,4.46,4.744,0,154,650,384,266,1223,,,31,25,24,31,20,31,26,22,21,20,65,0,0
2026-05-06 05:22:00,1013,584,257,85.76,,0,0,0,4.38,4.127,0,150,638,376,262,1218,,,29,29,25,31,18,32,26,25,21,18,68,0,0
2026-05-06 05:23:00,1039,583,252,84.38,,0,0,0,4.419,4.742,0,147,653,384,269,1242,,,28,25,28,29,24,28,24,25,19,21,64,0,0
2026-05-06 05:24:00,1014,588,245,82.29,,0,0,0,4.338,4.281,0,147,669,397,272,1260,,,27,24,26,35,24,30,24,24,22,22,61,0,0
2026-05-06 05:25:00,1025,585,238,79.86,,0,0,0,4.576,6.443,0,137,655,388,267,1235,,,26,25,28,36,20,34,23,21,27,23,59,0,.59
2026-05-06 05:26:00,1011,583,237,78.13,,0,0,0,4.248,4.506,0,148,636,377,259,1224,,,26,27,26,33,19,33,23,20,29,23,56,0,.59
2026-05-06 05:27:00,1029,574,245,81.94,,0,0,0,4.273,4.269,0,147,651,385,266,1225,,,28,24,26,37,22,31,23,25,29,26,62,0,0
2026-05-06 05:28:00,1013,583,249,81.94,,0,0,0,4.233,4.811,0,145,629,373,256,1203,,,28,24,24,38,25,32,21,25,26,25,62,0,.59
2026-05-06 05:29:00,1024,589,254,84.03,,0,0,0,4.237,4.573,0,141,632,378,254,1214,,,25,26,22,36,23,37,18,27,26,27,65,0,.59
2026-05-06 05:30:00,1016,582,256,85.42,,0,0,0,4.116,4.118,0,158,650,399,251,1241,,,24,26,29,36,18,34,19,28,27,22,60,0,.59
2026-05-06 05:31:00,1037,568,255,85.07,,0,0,0,4.154,4.754,0,153,681,425,256,1266,,,30,23,27,33,18,37,24,30,26,21,58,0,.59
2026-05-06 05:32:00,1030,570,257,86.46,,0,0,0,4.154,5.038,0,162,681,423,258,1290,,,29,25,29,32,20,35,26,29,27,23,58,0,.59
2026-05-06 05:33:00,1023,585,249,83.68,,0,0,0,4.216,5.175,0,163,685,422,263,1275,,,29,24,27,28,23,34,29,30,27,26,59,0,1.18
2026-05-06 05:34:00,1017,579,246,81.94,,0,0,0,4.188,5.973,0,170,673,416,257,1266,,,28,27,29,27,23,34,23,26,30,25,61,0,1.18
2026-05-06 05:35:00,1033,579,242,82.64,,0,0,0,4.336,6.138,0,172,693,425,268,1273,,,27,31,28,28,18,34,24,27,33,22,58,0,1.18
2026-05-06 05:36:00,1027,583,239,78.13,,0,0,0,4.203,5.313,0,182,689,423,266,1253,,,25,30,26,31,19,36,22,31,32,23,57,0,1.18
2026-05-06 05:37:00,1047,592,238,78.82,,0,0,0,4.237,4.379,0,175,682,414,268,1244,,,32,30,26,30,20,38,23,29,30,26,58,0,1.18
2026-05-06 05:38:00,1039,586,232,77.08,,0,0,0,4.368,6.818,0,162,659,403,256,1232,,,32,30,24,29,23,35,21,28,29,25,57,0,.59
2026-05-06 05:39:00,1044,581,235,79.51,,0,0,0,4.426,4.63,0,165,675,403,272,1225,,,32,29,23,31,19,37,17,29,31,25,59,0,1.18
2026-05-06 05:40:00,1040,582,241,80.9,,0,0,0,4.258,4.773,0,170,655,392,263,1225,,,31,34,26,32,16,32,18,31,28,26,60,0,1.78
2026-05-06 05:41:00,1053,579,244,81.94,,0,0,0,4.319,4.899,0,159,675,402,273,1236,,,28,33,25,31,15,30,24,30,26,26,69,0,1.18
2026-05-06 05:42:00,1030,595,247,82.29,,0,0,0,4.417,7.513,0,147,662,396,266,1217,,,29,35,25,29,21,35,24,27,28,24,68,0,1.18
2026-05-06 05:43:00,1045,578,254,85.42,,0,0,0,4.459,4.855,0,143,695,417,278,1253,,,29,29,24,30,19,34,24,25,29,19,67,0,1.78
2026-05-06 05:44:00,1047,572,259,87.15,,0,0,0,4.363,6.612,0,141,705,412,293,1252,,,32,31,22,28,18,34,22,21,28,24,64,0,.59
2026-05-06 05:45:00,1051,576,266,88.54,,0,0,0,4.413,4.711,0,135,695,407,288,1242,,,30,30,24,28,21,36,25,22,27,23,65,0,.59
2026-05-06 05:46:00,1029,585,248,83.33,,0,0,0,4.262,4.891,0,153,675,397,278,1239,,,26,31,25,25,21,35,21,22,25,29,62,0,.59
2026-05-06 05:47:00,1052,582,253,85.07,,0,0,0,4.339,4.921,0,134,703,421,282,1251,,,30,26,24,24,21,37,23,24,26,26,62,0,.59
2026-05-06 05:48:00,1040,588,248,85.07,,0,0,0,4.418,6.423,0,136,685,409,276,1231,,,31,26,26,28,21,35,24,23,27,26,61,0,.59
2026-05-06 05:49:00,1055,577,263,87.85,,0,0,0,4.551,5.55,0,143,715,440,275,1260,,,30,24,25,26,22,33,24,23,25,26,61,0,.59
2026-05-06 05:50:00,1029,588,248,83.33,,0,0,0,4.27,4.221,0,142,698,433,265,1240,,,32,25,27,28,20,28,23,22,24,29,59,0,0
2026-05-06 05:51:00,1049,586,264,88.19,,0,0,0,4.345,5.105,0,150,726,444,282,1250,,,28,27,25,27,24,29,19,24,25,31,58,0,0
2026-05-06 05:52:00,1056,576,254,84.72,,0,0,0,4.4,6.255,0,150,716,437,279,1274,,,31,25,30,25,22,33,23,25,26,31,58,0,0
2026-05-06 05:53:00,1064,583,255,85.07,,0,0,0,4.496,5.06,0,151,716,430,286,1244,,,29,29,32,25,17,35,25,25,26,28,58,0,0
2026-05-06 05:54:00,1058,584,254,83.68,,0,0,0,4.395,5.665,0,142,720,424,296,1231,,,28,26,31,32,18,36,25,22,25,28,57,0,0
2026-05-06 05:55:00,1056,596,242,80.9,,0,0,0,4.612,6.397,0,139,705,418,287,1206,,,27,26,31,30,20,34,26,24,26,31,57,0,0
2026-05-06 05:56:00,1055,590,252,82.99,,0,0,0,4.381,5.342,0,123,682,407,275,1199,,,29,26,27,29,17,32,22,22,29,30,59,0,0
2026-05-06 05:57:00,1068,587,246,83.68,,0,0,0,4.484,5.462,0,139,716,425,291,1225,,,30,28,29,30,18,33,21,23,27,27,61,0,0
2026-05-06 05:58:00,1062,577,256,86.46,,0,0,0,4.625,8.015,0,135,702,417,285,1218,,,32,24,29,25,17,33,19,22,25,25,58,0,.59
2026-05-06 05:59:00,1052,599,258,86.46,,0,0,0,4.681,5.305,0,134,702,407,295,1228,,,30,27,30,25,19,32,23,22,25,24,59,0,.59
2026-05-06 06:00:00,1044,591,265,87.5,,0,0,0,4.297,4.63,0,163,681,392,289,1243,,,32,23,26,27,19,26,23,24,23,25,58,0,1.18
2026-05-06 06:01:00,1060,595,254,85.76,,0,0,0,4.444,5.867,0,148,706,416,290,1244,,,31,23,28,26,15,29,20,25,20,26,57,0,.59
2026-05-06 06:02:00,1045,604,246,82.29,,0,0,0,4.431,5.365,0,150,687,402,285,1251,,,31,23,27,27,13,32,18,27,23,26,57,0,.59
2026-05-06 06:03:00,1046,598,243,82.29,,0,0,0,4.577,5.627,0,159,711,418,293,1272,,,30,23,28,28,18,33,21,25,21,26,55,0,.59
2026-05-06 06:04:00,1024,609,231,77.08,,0,0,0,4.447,6.066,0,159,692,402,290,1266,,,28,25,28,26,22,31,21,26,21,26,55,0,.59
2026-05-06 06:05:00,1036,604,228,78.13,,0,0,0,4.554,5.209,0,164,710,414,296,1289,,,29,27,29,25,18,28,24,24,21,30,56,0,1.18
2026-05-06 06:06:00,1045,589,232,78.13,,0,0,0,4.502,6.595,0,158,690,399,291,1266,,,27,29,27,26,18,29,25,25,20,31,54,0,.59
2026-05-06 06:07:00,1067,591,236,79.86,,0,0,0,4.62,5.183,0,165,715,409,306,1288,,,27,29,28,28,16,34,24,25,20,30,58,0,.59
2026-05-06 06:08:00,1063,594,247,82.29,,0,0,0,4.595,8.807,0,158,709,400,309,1285,,,25,25,27,27,19,32,25,27,20,33,53,0,0
2026-05-06 06:09:00,1066,582,246,81.25,,0,0,0,4.745,6.098,0,153,706,395,311,1264,,,26,25,25,26,20,33,21,28,21,28,55,0,0
2026-05-06 06:10:00,1041,594,242,80.21,,0,0,0,4.444,6.31,0,159,689,384,305,1261,,,28,29,26,25,21,34,19,25,25,26,54,0,0
2026-05-06 06:11:00,1062,590,249,81.6,,0,0,0,4.57,5.676,0,152,721,409,312,1279,,,28,30,24,28,17,35,22,30,23,21,55,0,0
2026-05-06 06:12:00,1052,590,259,85.76,,0,0,0,4.518,7.845,0,149,727,405,322,1292,,,23,27,23,31,16,35,23,29,21,19,54,0,0
2026-05-06 06:13:00,1065,589,252,84.72,,0,0,0,4.731,6.34,0,146,713,394,319,1275,,,24,28,26,29,15,34,23,25,26,27,53,0,0
2026-05-06 06:14:00,1066,583,251,84.03,,0,0,0,4.514,6.213,0,142,697,382,315,1270,,,28,27,23,33,16,33,21,21,29,25,53,0,0
2026-05-06 06:15:00,1073,572,246,82.64,,0,0,0,4.723,6.525,0,148,704,382,322,1263,,,27,26,20,29,20,32,21,17,31,28,53,0,0
2026-05-06 06:16:00,1062,577,249,82.99,,0,0,0,4.304,4.198,0,150,694,375,319,1277,,,27,31,23,29,21,36,19,22,25,28,53,0,0
2026-05-06 06:17:00,1065,585,248,83.68,,0,0,0,4.564,7.141,0,139,700,371,329,1267,,,30,25,23,30,19,33,22,21,26,24,53,0,0
2026-05-06 06:18:00,1062,586,253,84.38,,0,0,0,4.243,6.023,0,139,695,376,319,1272,,,30,27,25,33,21,34,24,22,28,25,57,0,0
2026-05-06 06:19:00,1050,595,246,82.64,,0,0,0,4.463,7.086,0,135,684,358,326,1251,,,32,27,20,29,19,35,24,24,30,26,54,0,0
2026-05-06 06:20:00,1041,590,246,81.94,,0,0,0,4.181,5.401,0,129,664,342,322,1223,,,32,28,21,29,16,34,26,25,29,27,53,0,1.18
2026-05-06 06:21:00,1054,588,241,80.56,,0,0,0,4.491,6.689,0,138,684,357,327,1236,,,27,29,25,28,19,35,19,22,31,26,60,0,1.18
2026-05-06 06:22:00,1052,574,245,81.94,,0,0,0,4.339,6.058,0,138,693,354,339,1247,,,25,32,23,33,18,34,17,26,33,24,59,0,1.18
2026-05-06 06:23:00,1044,583,244,79.51,,0,0,0,4.664,7.554,0,142,676,344,332,1211,,,31,30,23,35,19,30,23,23,32,23,57,0,1.18
2026-05-06 06:24:00,1032,578,235,78.47,,0,0,0,4.46,8.594,0,140,655,332,323,1215,,,30,30,23,34,21,32,23,22,29,24,57,0,1.18
2026-05-06 06:25:00,1020,584,225,75.69,,0,0,0,4.733,7.004,0,137,644,321,323,1201,,,30,29,22,33,17,30,24,22,28,27,57,0,1.18
2026-05-06 06:26:00,1005,587,218,73.61,,0,0,0,4.502,8.21,0,143,620,306,314,1205,,,30,30,22,28,17,32,26,20,30,29,56,0,1.18
2026-05-06 06:27:00,1009,587,218,73.96,,0,0,0,4.602,5.185,0,162,645,321,324,1206,,,34,25,19,30,17,27,24,19,27,30,63,0,1.18
2026-05-06 06:28:00,1008,583,233,76.04,,0,0,0,4.589,6.958,0,164,634,316,318,1188,,,34,25,20,26,20,28,24,23,26,31,65,0,1.18
2026-05-06 06:29:00,1022,576,225,74.65,,0,0,0,4.72,5.799,0,163,661,333,328,1220,,,30,27,22,29,15,30,24,25,23,30,64,0,1.18
2026-05-06 06:30:00,1014,573,230,76.39,,0,0,0,4.37,4.203,0,157,652,330,322,1204,,,33,32,22,29,15,31,23,28,23,29,66,0,1.18
2026-05-06 06:31:00,1040,568,246,79.86,,0,0,0,4.508,5.952,0,162,681,345,336,1214,,,33,33,27,28,16,30,22,26,22,28,66,0,.59
2026-05-06 06:32:00,1023,577,247,83.33,,0,0,0,4.59,8.159,0,161,662,336,326,1211,,,30,29,25,27,15,33,20,21,18,31,66,0,0
2026-05-06 06:33:00,1039,566,252,82.99,,0,0,0,4.745,6.182,0,157,674,335,339,1207,,,28,30,24,29,16,34,23,26,13,32,65,0,0
2026-05-06 06:34:00,1025,578,247,81.94,,0,0,0,4.573,7.91,0,150,653,324,329,1183,,,30,30,25,26,17,34,23,24,21,28,65,0,0
2026-05-06 06:35:00,1031,570,255,82.64,,0,0,0,4.879,7.418,0,155,660,317,343,1190,,,29,28,23,29,21,32,22,25,19,27,64,0,0
2026-05-06 06:36:00,1022,568,248,82.29,,0,0,0,4.33,5.127,0,170,645,309,336,1199,,,29,28,21,27,21,31,18,24,21,24,62,0,.59
2026-05-06 06:37:00,1042,562,257,82.64,,0,0,0,4.412,5.052,0,161,682,331,351,1217,,,27,32,20,29,20,35,22,19,27,29,62,0,0
2026-05-06 06:38:00,1015,575,258,84.38,,0,0,0,4.304,5.019,0,155,656,317,339,1210,,,27,30,21,31,12,32,24,24,27,28,59,0,0
2026-05-06 06:39:00,1023,571,259,83.33,,0,0,0,4.394,5.492,0,152,668,323,345,1207,,,30,28,25,28,12,33,29,20,25,27,59,0,1.18
2026-05-06 06:40:00,1011,572,264,84.38,,0,0,0,4.359,6.087,0,160,655,317,338,1193,,,28,26,23,25,17,33,24,19,28,26,57,0,1.18
2026-05-06 06:41:00,1025,579,265,86.81,,0,0,0,4.419,4.905,0,169,688,345,343,1224,,,27,26,25,25,18,35,24,18,28,27,58,0,1.78
2026-05-06 06:42:00,1013,584,271,89.24,,0,0,0,4.466,6.534,0,171,674,341,333,1221,,,28,25,23,25,15,33,23,24,28,27,59,0,1.78
2026-05-06 06:43:00,1015,586,267,88.89,,0,0,0,4.578,5.356,0,165,679,346,333,1236,,,28,19,20,22,20,31,23,27,30,26,58,0,1.18
2026-05-06 06:44:00,1006,584,261,86.46,,0,0,0,4.455,6.438,0,162,654,332,322,1235,,,24,27,19,24,20,30,20,24,29,26,56,0,1.78
2026-05-06 06:45:00,1036,585,267,87.85,,0,0,0,4.541,5.165,0,156,678,348,330,1241,,,25,28,21,25,20,30,18,22,30,28,55,0,.59
2026-05-06 06:46:00,1028,583,265,87.85,,0,0,0,4.508,5.2,0,160,674,346,328,1243,,,29,31,20,25,19,31,19,23,27,31,56,0,1.78
2026-05-06 06:47:00,1016,587,253,81.94,,0,0,0,4.566,4.646,0,153,665,338,327,1216,,,30,26,23,23,18,33,21,25,29,29,56,0,2.37
2026-05-06 06:48:00,1007,591,244,81.25,,0,0,0,4.58,5.751,0,138,660,325,335,1214,,,30,28,19,26,17,33,21,26,33,30,56,0,3.55
2026-05-06 06:49:00,1004,585,253,84.03,,0,0,0,4.632,4.484,0,136,649,321,328,1187,,,29,30,19,24,17,30,27,23,33,30,55,0,1.18
2026-05-06 06:50:00,1003,579,256,85.07,,0,0,0,4.462,4.567,0,162,636,316,320,1193,,,30,30,20,24,17,31,25,25,34,26,58,0,0
2026-05-06 06:51:00,1024,571,254,85.76,,0,0,0,4.501,4.632,0,144,652,334,318,1202,,,29,28,23,25,16,31,24,28,33,23,62,0,.59
2026-05-06 06:52:00,1016,566,264,87.15,,0,0,0,4.522,5.654,0,140,640,335,305,1188,,,30,27,27,24,13,31,25,31,33,21,59,0,.59
2026-05-06 06:53:00,1030,560,262,87.5,,0,0,0,4.514,4.532,0,141,640,337,303,1189,,,29,26,24,24,17,28,25,31,28,28,67,0,1.18
2026-05-06 06:54:00,997,571,257,86.81,,0,0,0,4.45,5.909,0,160,613,319,294,1187,,,28,26,19,27,17,27,24,29,29,24,69,0,0
2026-05-06 06:55:00,1018,583,251,85.42,,0,0,0,4.596,6.197,0,155,633,337,296,1197,,,28,24,19,28,16,28,22,34,30,26,69,0,1.18
2026-05-06 06:56:00,1005,589,241,80.9,,0,0,0,4.402,4.824,0,152,619,334,285,1200,,,31,25,18,25,15,32,27,34,33,28,70,0,0
2026-05-06 06:57:00,1027,571,250,82.64,,0,0,0,4.442,4.638,0,155,642,350,292,1211,,,28,23,23,23,17,32,29,33,28,27,76,0,1.18
2026-05-06 06:58:00,1016,563,251,82.99,,0,0,0,4.431,4.632,0,148,629,341,288,1186,,,29,24,25,25,18,30,32,32,29,29,78,0,.59
2026-05-06 06:59:00,1019,571,253,82.64,,0,0,0,4.484,4.52,0,136,647,349,298,1189,,,25,27,20,29,17,30,31,37,28,25,73,0,1.18
2026-05-06 07:00:00,1018,569,259,85.76,,0,0,0,4.467,4.306,0,139,633,340,293,1178,,,25,26,20,26,17,29,33,35,26,24,71,0,.59
2026-05-06 07:01:00,1036,571,261,86.11,,0,0,0,4.461,4.18,0,136,662,359,303,1182,,,22,27,26,23,17,28,30,32,25,25,66,0,.59
2026-05-06 07:02:00,1006,578,246,82.29,,0,0,0,4.43,4.614,0,148,645,346,299,1180,,,27,27,24,27,15,29,27,33,28,28,63,0,2.37
2026-05-06 07:03:00,1027,583,253,84.72,,0,0,0,4.443,4.482,0,137,658,347,311,1188,,,27,23,25,25,20,32,21,31,30,31,63,0,.59
2026-05-06 07:04:00,1021,560,246,82.29,,0,0,0,4.396,4.381,0,151,642,337,305,1180,,,27,19,24,26,20,29,24,29,28,28,65,0,.59
2026-05-06 07:05:00,1020,570,249,84.03,,0,0,0,4.639,7.427,0,139,668,353,315,1188,,,24,26,26,27,21,27,23,26,25,30,64,0,.59
2026-05-06 07:06:00,1019,571,247,81.94,,0,0,0,4.295,4.224,0,138,650,343,307,1177,,,27,28,24,32,19,28,21,26,21,30,63,0,.59
2026-05-06 07:07:00,1012,594,244,82.99,,0,0,0,4.328,5.034,0,140,670,355,315,1196,,,29,28,23,34,13,28,22,23,20,23,63,0,.59
2026-05-06 07:08:00,997,589,242,80.9,,0,0,0,4.297,4.566,0,139,660,357,303,1185,,,30,26,24,31,16,29,19,21,25,20,62,0,.59
2026-05-06 07:09:00,1000,594,242,79.17,,0,0,0,4.342,4.762,0,156,659,358,301,1195,,,29,25,21,30,18,29,24,26,25,21,67,0,.59
2026-05-06 07:10:00,991,611,233,78.47,,0,0,0,4.359,4.562,0,148,637,349,288,1169,,,30,28,19,28,19,35,23,26,21,20,67,0,.59
2026-05-06 07:11:00,1004,615,239,80.56,,0,0,0,4.407,4.655,0,160,684,380,304,1220,,,27,27,23,27,16,35,24,26,18,20,67,0,0
2026-05-06 07:12:00,988,603,241,81.25,,0,0,0,4.348,3.996,0,161,682,386,296,1211,,,26,26,27,29,19,29,19,28,18,23,70,0,.59
2026-05-06 07:13:00,1001,606,247,82.99,,0,0,0,4.365,4.57,0,163,687,380,307,1208,,,24,32,24,29,18,26,22,25,17,21,74,0,1.78
2026-05-06 07:14:00,990,611,241,79.51,,0,0,0,4.366,4.831,0,157,668,373,295,1199,,,30,31,23,31,19,33,15,23,17,21,71,0,0
2026-05-06 07:15:00,1001,597,231,77.78,,0,0,0,4.483,6.03,0,154,688,389,299,1212,,,27,32,19,31,20,34,17,26,21,22,68,0,0
2026-05-06 07:16:00,971,600,220,74.31,,0,0,0,4.366,5.051,0,160,663,374,289,1209,,,27,29,16,32,23,34,16,19,26,20,69,0,0
2026-05-06 07:17:00,978,599,236,78.82,,0,0,0,4.356,4.707,0,157,668,365,303,1197,,,24,30,17,30,19,33,17,24,26,19,72,0,.59
2026-05-06 07:18:00,978,594,244,81.6,,0,0,0,4.321,4.875,0,166,677,355,322,1215,,,25,30,16,28,19,34,17,26,20,19,72,0,1.18
2026-05-06 07:19:00,997,584,261,85.76,,0,0,0,4.303,4.246,0,173,664,345,319,1199,,,23,28,17,27,17,31,16,26,19,19,74,0,.59
2026-05-06 07:20:00,989,581,264,87.5,,0,0,0,4.269,5.233,0,177,650,337,313,1216,,,25,23,19,24,19,31,13,26,14,24,73,0,0
2026-05-06 07:21:00,1005,582,272,89.58,,0,0,0,4.308,4.654,0,167,666,348,318,1191,,,28,26,17,27,18,30,15,29,15,23,72,0,2.37
2026-05-06 07:22:00,985,589,274,92.01,,0,0,0,4.295,5.415,0,162,664,351,313,1178,,,29,28,16,25,19,29,16,30,19,21,69,0,.59
2026-05-06 07:23:00,973,598,270,90.28,,0,0,0,4.339,4.862,0,146,657,341,316,1150,,,26,28,15,25,14,33,17,24,21,21,70,0,.59
2026-05-06 07:24:00,981,591,261,87.85,,0,0,0,4.341,5.468,0,146,650,325,325,1157,,,24,31,14,27,17,33,19,25,28,21,70,0,1.18
2026-05-06 07:25:00,987,591,248,83.33,,0,0,0,4.441,5.191,0,152,652,319,333,1158,,,25,32,15,27,20,32,17,27,22,25,67,0,1.18
2026-05-06 07:26:00,992,572,254,85.07,,0,0,0,4.362,4.413,0,151,640,306,334,1172,,,29,33,17,27,21,29,16,24,20,23,64,0,2.37
2026-05-06 07:27:00,989,568,229,77.43,,0,0,0,4.413,4.729,0,149,642,300,342,1152,,,30,31,16,30,22,28,19,24,28,27,69,0,.59
2026-05-06 07:28:00,977,570,228,76.74,,0,0,0,4.466,5.799,0,150,631,292,339,1169,,,28,34,17,29,18,28,21,22,23,27,69,0,0
2026-05-06 07:29:00,984,571,231,78.82,,0,0,0,4.604,5.819,0,146,623,283,340,1155,,,27,36,17,29,19,30,19,28,22,30,69,0,.59
2026-05-06 07:30:00,977,567,235,78.82,,0,0,0,4.457,4.581,0,141,619,287,332,1143,,,30,38,19,27,20,26,19,28,18,30,67,0,0
2026-05-06 07:31:00,1003,550,236,79.17,,0,0,0,4.499,5.315,0,161,662,314,348,1190,,,28,35,19,28,20,27,22,24,15,28,64,0,0
2026-05-06 07:32:00,994,552,252,84.72,,0,0,0,4.509,5.823,0,172,649,306,343,1183,,,25,34,16,26,21,27,24,26,20,21,64,0,0
2026-05-06 07:33:00,990,553,260,85.42,,0,0,0,4.562,5.141,0,169,674,324,350,1195,,,26,34,16,23,22,24,20,23,20,27,64,0,0
2026-05-06 07:34:00,980,554,258,87.5,,0,0,0,4.535,5.778,0,172,663,318,345,1191,,,27,30,17,24,18,26,23,22,21,28,65,0,0
2026-05-06 07:35:00,999,547,264,87.85,,0,0,0,4.566,5.103,0,182,699,343,356,1212,,,25,34,18,25,19,25,28,21,21,28,65,0,0
2026-05-06 07:36:00,1003,538,267,86.46,,0,0,0,4.404,4.178,0,184,703,351,352,1223,,,28,35,19,26,19,29,28,24,27,30,62,0,0
2026-05-06 07:37:00,998,543,261,86.46,,0,0,0,4.487,5.526,0,181,702,346,356,1217,,,28,36,17,25,14,30,26,29,27,30,55,0,0
2026-05-06 07:38:00,995,544,256,85.42,,0,0,0,4.485,5.221,0,185,687,338,349,1202,,,30,36,17,26,17,28,25,29,25,31,52,0,.59
2026-05-06 07:39:00,1010,543,257,85.07,,0,0,0,4.591,5.769,0,176,663,325,338,1174,,,28,38,21,23,20,27,24,34,24,34,60,0,1.78
2026-05-06 07:40:00,998,544,258,86.11,,0,0,0,4.612,5.643,0,185,645,315,330,1164,,,24,35,19,22,20,25,27,32,31,31,57,0,2.37
2026-05-06 07:41:00,1002,560,263,88.54,,0,0,0,4.709,5.371,0,186,648,305,343,1146,,,26,34,16,27,17,28,28,31,29,28,66,0,.59
2026-05-06 07:42:00,996,559,264,87.5,,0,0,0,4.717,5.988,0,169,625,293,332,1150,,,26,33,18,26,18,26,29,31,28,27,71,0,1.78
2026-05-06 07:43:00,999,538,265,87.85,,0,0,0,4.839,5.412,0,165,635,296,339,1158,,,25,36,20,29,15,25,25,28,28,27,72,0,1.78
2026-05-06 07:44:00,977,548,254,84.38,,0,0,0,4.799,5.567,0,175,619,297,322,1196,,,25,38,22,26,18,28,27,27,25,24,73,0,2.96
2026-05-06 07:45:00,988,550,255,82.99,,0,0,0,4.875,5.147,0,176,648,317,331,1188,,,26,41,22,29,16,27,29,24,26,26,76,0,1.78
2026-05-06 07:46:00,1003,558,259,85.42,,0,0,0,4.857,5.885,0,171,668,323,345,1208,,,31,42,24,28,16,29,26,25,23,28,75,0,1.18
2026-05-06 07:47:00,1006,554,262,86.11,,0,0,0,4.93,4.983,0,161,652,320,332,1193,,,32,36,23,32,14,30,23,28,22,26,74,0,.59
2026-05-06 07:48:00,997,555,239,80.9,,0,0,0,4.816,5.357,0,152,650,315,335,1196,,,30,38,23,30,16,31,24,28,27,32,73,0,.59
2026-05-06 07:49:00,1002,556,249,80.9,,0,0,0,4.815,5.058,0,140,640,309,331,1180,,,29,36,26,33,18,27,24,29,29,30,72,0,.59
2026-05-06 07:50:00,1003,548,242,79.86,,0,0,0,4.701,5.131,0,151,622,302,320,1184,,,28,37,29,31,18,31,22,28,30,31,71,0,0
2026-05-06 07:51:00,1011,539,253,82.29,,0,0,0,4.762,5.589,0,154,647,317,330,1195,,,27,38,22,29,25,30,21,26,26,30,68,0,0
2026-05-06 07:52:00,995,535,252,84.38,,0,0,0,4.66,5.367,0,155,659,320,339,1197,,,29,36,20,29,22,29,21,22,26,33,65,0,0
2026-05-06 07:53:00,1012,529,260,85.42,,0,0,0,4.689,5.472,0,145,652,317,335,1169,,,29,37,24,26,19,26,20,24,31,38,65,0,0
2026-05-06 07:54:00,999,524,263,85.76,,0,0,0,4.504,4.391,0,164,645,317,328,1189,,,25,38,25,26,18,23,23,27,29,37,61,0,0
2026-05-06 07:55:00,1006,529,263,85.07,,0,0,0,4.732,8.273,0,159,647,325,322,1168,,,25,37,22,27,19,26,25,26,26,33,65,0,0
2026-05-06 07:56:00,991,540,266,85.42,,0,0,0,4.449,4.835,0,162,644,324,320,1170,,,26,33,24,26,20,29,21,25,25,27,64,0,1.18
2026-05-06 07:57:00,993,537,252,83.68,,0,0,0,4.58,6.466,0,163,642,323,319,1154,,,25,34,22,30,19,29,23,27,26,27,68,0,.59
2026-05-06 07:58:00,1002,534,270,89.24,,0,0,0,4.565,5.817,0,162,650,334,316,1174,,,27,34,24,29,19,26,20,26,24,30,72,0,2.37
2026-05-06 07:59:00,997,537,271,89.58,,0,0,0,4.826,7.461,0,159,659,339,320,1162,,,24,38,22,29,15,29,19,26,26,29,73,0,2.96
2026-05-06 08:00:00,991,551,265,87.5,,0,0,0,4.646,6.654,0,168,646,337,309,1193,,,22,39,22,25,16,29,19,26,24,25,71,0,4.14
2026-05-06 08:01:00,1021,563,279,91.32,,0,0,0,4.796,6.046,0,153,672,357,315,1186,,,25,36,25,22,19,27,18,25,24,27,72,0,3.55
2026-05-06 08:02:00,1025,561,280,93.06,,0,0,0,4.798,5.892,0,157,668,357,311,1216,,,28,33,20,22,17,34,17,27,24,29,72,0,3.55
2026-05-06 08:03:00,1036,587,288,94.44,,0,0,0,4.874,4.855,0,142,665,351,314,1208,,,25,36,21,25,20,33,15,28,21,25,71,0,2.96
2026-05-06 08:04:00,1034,599,273,91.67,,0,0,0,4.801,5.169,0,154,657,338,319,1224,,,29,35,26,25,16,29,20,28,21,28,69,0,1.78
2026-05-06 08:05:00,1028,611,276,91.67,,0,0,0,4.89,5.4,0,144,665,341,324,1223,,,26,36,25,27,15,29,24,24,20,27,67,0,0
2026-05-06 08:06:00,1020,617,269,89.93,,0,0,0,4.954,7.121,0,148,654,336,318,1244,,,33,36,24,24,19,30,22,23,22,27,67,0,0
2026-05-06 08:07:00,1026,615,260,86.46,,0,0,0,4.964,4.553,0,147,655,333,322,1222,,,31,38,20,23,16,32,23,24,24,27,68,0,.59
2026-05-06 08:08:00,1010,623,251,81.6,,0,0,0,4.854,6.657,0,150,652,326,326,1221,,,29,35,24,25,17,34,23,22,26,27,65,0,0
2026-05-06 08:09:00,1013,618,250,81.25,,0,0,0,4.872,4.413,0,149,637,319,318,1204,,,26,32,24,29,12,37,21,24,24,27,65,0,0
2026-05-06 08:10:00,1011,611,247,82.99,,0,0,0,4.58,4.24,0,170,623,316,307,1190,,,29,38,21,27,17,34,18,22,22,30,67,0,0
2026-05-06 08:11:00,1008,623,246,81.94,,0,0,0,4.516,4.178,0,160,648,331,317,1179,,,28,41,20,26,20,35,17,27,25,29,66,0,0
2026-05-06 08:12:00,1014,620,255,84.03,,0,0,0,4.367,4.138,0,153,650,334,316,1183,,,29,40,20,25,16,30,18,25,24,27,66,0,0
2026-05-06 08:13:00,1021,609,266,85.76,,0,0,0,4.339,4.084,0,148,649,331,318,1167,,,26,40,21,26,16,32,24,22,25,26,67,0,0
2026-05-06 08:14:00,1022,597,256,83.68,,0,0,0,4.263,3.833,0,150,661,328,333,1180,,,26,38,25,23,16,32,24,26,28,28,69,0,0
2026-05-06 08:15:00,1020,587,250,82.99,,0,0,0,4.46,9.784,0,133,649,317,332,1158,,,29,38,27,27,17,34,29,26,27,27,71,0,0
2026-05-06 08:16:00,1006,580,258,84.03,,0,0,0,4.278,4.782,0,131,643,311,332,1162,,,30,35,27,25,19,30,28,26,26,23,68,0,0
2026-05-06 08:17:00,1013,581,255,84.72,,0,0,0,4.316,4.756,0,148,661,326,335,1170,,,27,36,26,22,18,34,28,29,24,29,69,0,0
2026-05-06 08:18:00,1016,571,256,85.42,,0,0,0,4.355,4.718,0,147,648,317,331,1173,,,26,38,22,23,18,35,30,25,25,28,70,0,.59
2026-05-06 08:19:00,1021,568,250,84.38,,0,0,0,4.384,4.671,0,152,642,302,340,1164,,,27,37,24,25,13,34,26,27,30,30,70,0,0
2026-05-06 08:20:00,1006,570,261,86.11,,0,0,0,4.425,4.814,0,160,622,292,330,1151,,,29,37,21,24,14,33,26,30,31,28,70,0,0
2026-05-06 08:21:00,998,566,260,86.46,,0,0,0,4.483,4.485,0,155,634,300,334,1150,,,29,35,19,24,19,32,22,27,28,31,71,0,0
2026-05-06 08:22:00,991,574,259,86.81,,0,0,0,4.476,4.512,0,160,629,286,343,1167,,,32,38,18,27,19,28,19,29,26,28,71,0,0
2026-05-06 08:23:00,989,573,257,87.85,,0,0,0,4.484,4.423,0,161,618,275,343,1156,,,32,36,21,27,16,30,23,28,31,29,70,0,0
2026-05-06 08:24:00,985,578,249,82.29,,0,0,0,4.505,4.465,0,160,616,268,348,1147,,,28,36,25,26,16,29,21,27,31,31,71,0,0
2026-05-06 08:25:00,985,575,240,81.25,,0,0,0,4.555,6.275,0,146,594,259,335,1132,,,26,34,25,29,20,27,19,29,29,31,71,0,0
2026-05-06 08:26:00,986,568,245,81.6,,0,0,0,4.422,4.615,0,143,585,257,328,1143,,,29,34,22,29,23,35,17,31,34,28,72,0,0
2026-05-06 08:27:00,1001,574,256,85.42,,0,0,0,4.453,4.682,0,172,618,280,338,1170,,,28,34,22,27,22,31,15,28,31,29,71,0,0
2026-05-06 08:28:00,993,584,264,86.11,,0,0,0,4.409,4.694,0,192,629,298,331,1182,,,29,31,24,24,19,31,14,29,26,33,67,0,.59
2026-05-06 08:29:00,992,587,259,85.07,,0,0,0,4.561,6.747,0,187,622,297,325,1180,,,27,31,23,26,14,30,13,30,26,33,69,0,1.18
2026-05-06 08:30:00,978,586,255,85.07,,0,0,0,4.334,4.536,0,192,645,310,335,1183,,,27,32,24,25,16,29,13,27,26,30,67,0,.59
2026-05-06 08:31:00,998,565,255,83.33,,0,0,0,4.428,5.309,0,190,626,300,326,1190,,,26,30,25,28,18,29,13,27,26,31,65,0,.59
2026-05-06 08:32:00,976,574,254,82.99,,0,0,0,4.398,5.407,0,197,615,300,315,1206,,,27,30,23,29,16,33,16,23,21,31,67,0,1.18
2026-05-06 08:33:00,982,576,248,82.99,,0,0,0,4.646,6.63,0,193,622,302,320,1196,,,26,31,24,25,15,32,18,25,26,31,67,0,2.37
2026-05-06 08:34:00,986,569,254,84.38,,0,0,0,4.56,5.805,0,199,631,295,336,1208,,,23,27,25,30,15,33,19,27,21,27,69,0,3.55
2026-05-06 08:35:00,974,582,254,82.99,,0,0,0,4.87,9.249,0,195,613,290,323,1197,,,26,27,24,28,15,32,17,26,21,28,68,0,4.73
2026-05-06 08:36:00,985,574,264,86.11,,0,0,0,4.549,5.908,0,202,616,293,323,1196,,,29,28,24,25,16,32,17,21,20,29,68,0,4.14
2026-05-06 08:37:00,993,571,262,86.11,,0,0,0,4.633,4.979,0,191,640,315,325,1213,,,27,33,22,28,20,32,15,23,23,29,65,0,5.33
2026-05-06 08:38:00,992,557,278,89.58,,0,0,0,4.688,7.108,0,198,640,313,327,1228,,,27,35,21,30,18,30,12,19,24,27,65,0,4.14
2026-05-06 08:39:00,988,559,273,88.19,,0,0,0,4.78,5.519,0,203,640,307,333,1213,,,29,33,21,26,16,33,12,18,22,25,61,0,2.37
2026-05-06 08:40:00,968,570,266,86.81,,0,0,0,4.699,5.949,0,204,621,299,322,1219,,,31,32,21,25,17,29,14,21,20,24,57,0,1.78
2026-05-06 08:41:00,979,583,268,88.54,,0,0,0,4.8,5.11,0,221,637,309,328,1233,,,26,30,23,24,17,30,15,22,22,30,60,0,1.78
2026-05-06 08:42:00,975,568,273,89.58,,0,0,0,4.789,5.644,0,212,645,320,325,1242,,,26,28,24,26,15,30,18,17,24,29,59,0,3.55
2026-05-06 08:43:00,988,563,275,91.67,,0,0,0,4.881,5.93,0,206,648,322,326,1242,,,25,30,22,26,12,30,15,18,25,25,63,0,3.55
2026-05-06 08:44:00,984,572,280,93.06,,0,0,0,4.773,5.338,0,196,632,315,317,1228,,,31,28,20,23,11,32,13,20,25,23,63,0,1.78
2026-05-06 08:45:00,984,567,281,92.01,,0,0,0,5.046,7.701,0,177,635,306,329,1223,,,28,29,20,23,10,31,15,19,27,22,63,0,3.55
2026-05-06 08:46:00,989,572,274,90.97,,0,0,0,4.947,5.955,0,174,622,301,321,1229,,,26,26,22,26,15,32,12,25,26,21,64,0,4.14
2026-05-06 08:47:00,997,583,284,92.01,,0,0,0,5.021,5.282,0,198,654,326,328,1255,,,24,28,21,23,17,34,13,23,25,21,64,0,4.73
2026-05-06 08:48:00,994,590,288,92.71,,0,0,0,4.918,5.525,0,193,636,320,316,1263,,,24,33,23,29,16,32,16,24,27,23,67,0,5.33
2026-05-06 08:49:00,986,595,275,90.97,,0,0,0,5.164,8.212,0,191,633,314,319,1244,,,28,31,20,29,19,31,16,24,23,27,66,0,5.92
2026-05-06 08:50:00,964,601,269,90.63,,0,0,0,5.076,6.094,0,191,607,299,308,1229,,,26,29,22,25,17,28,16,24,23,28,62,0,5.33
2026-05-06 08:51:00,975,589,274,91.67,,0,0,0,5.222,6.041,0,200,634,314,320,1245,,,28,26,22,26,17,32,19,27,24,24,63,0,5.33
2026-05-06 08:52:00,990,575,284,91.67,,0,0,0,5.187,5.866,0,203,632,311,321,1250,,,29,26,18,24,20,32,20,29,24,24,62,0,5.92
2026-05-06 08:53:00,980,568,268,87.5,,0,0,0,5.263,5.826,0,210,644,308,336,1233,,,30,27,17,27,19,33,23,26,25,23,60,0,7.69
2026-05-06 08:54:00,980,559,277,89.24,,0,0,0,5.226,6.62,0,207,649,302,347,1223,,,31,29,22,32,16,31,20,29,21,23,62,0,7.1
2026-05-06 08:55:00,972,543,266,86.11,,0,0,0,5.09,5.328,0,210,638,293,345,1221,,,29,29,22,31,17,33,20,26,18,29,62,0,8.88
2026-05-06 08:56:00,958,548,253,82.99,,0,0,0,5.218,7.261,0,207,620,287,333,1211,,,29,29,24,30,16,29,16,28,21,28,58,0,13.61
2026-05-06 08:57:00,980,519,265,84.03,,0,0,0,5.261,6.767,0,218,647,313,334,1217,,,29,28,20,26,18,27,17,26,24,25,63,0,14.79
2026-05-06 08:58:00,961,529,269,88.54,,0,0,0,5.628,8.955,0,222,635,305,330,1220,,,25,27,24,26,13,30,17,29,22,27,61,0,15.98
2026-05-06 08:59:00,944,517,277,91.67,,0,0,0,5.475,7.352,0,227,641,298,343,1196,,,25,25,21,29,12,30,13,31,23,25,61,0,15.38
2026-05-06 09:00:00,951,492,282,92.36,,0,0,0,5.712,8.048,0,216,630,293,337,1178,,,27,31,23,28,15,26,15,27,23,24,63,0,17.75
2026-05-06 09:01:00,963,494,293,93.75,,0,0,0,5.516,7.496,0,217,649,298,351,1186,,,25,31,23,29,17,27,17,22,22,21,64,0,18.93
2026-05-06 09:02:00,953,512,285,92.71,,0,0,0,5.905,9.364,0,214,634,290,344,1198,,,23,31,25,29,16,29,20,25,21,18,65,0,20.12
2026-05-06 09:03:00,965,524,283,92.71,,0,0,0,5.864,7.004,0,212,651,288,363,1204,,,23,32,24,28,17,30,24,25,26,18,62,0,20.12
2026-05-06 09:04:00,954,531,282,91.67,,0,0,0,6.215,7.876,0,210,632,274,358,1207,,,26,30,24,30,15,33,21,27,25,20,66,0,19.53
2026-05-06 09:05:00,966,542,279,88.54,,0,0,0,6.052,6.733,0,201,638,270,368,1209,,,30,34,26,28,16,33,19,24,30,22,67,0,19.53
2026-05-06 09:06:00,965,547,274,89.58,,0,0,0,6.276,7.669,0,202,636,267,369,1204,,,28,36,25,29,15,36,21,21,26,25,67,0,18.93
2026-05-06 09:07:00,989,563,273,89.58,,0,0,0,6.185,8.384,0,208,660,278,382,1230,,,27,39,27,31,21,35,22,18,22,27,67,0,18.93
2026-05-06 09:08:00,979,549,274,89.93,,0,0,0,6.483,9.7,0,214,644,267,377,1238,,,27,37,30,32,22,32,16,23,27,26,64,0,17.16
2026-05-06 09:09:00,987,550,274,90.63,,0,0,0,6.335,7.593,0,207,640,269,371,1223,,,27,38,32,31,22,33,19,19,26,22,66,0,17.16
2026-05-06 09:10:00,981,557,278,89.93,,0,0,0,6.244,6.78,0,206,629,268,361,1212,,,32,34,30,29,22,33,20,21,28,21,66,0,17.16
2026-05-06 09:11:00,992,561,279,90.97,,0,0,0,6.352,7.536,0,210,662,289,373,1240,,,32,33,30,35,19,31,22,26,24,22,61,0,17.16
2026-05-06 09:12:00,987,563,270,88.54,,0,0,0,6.349,8.899,0,204,664,297,367,1272,,,30,34,28,35,24,30,24,29,25,26,59,0,17.16
2026-05-06 09:13:00,973,574,257,84.38,,0,0,0,6.603,8.935,0,210,684,312,372,1270,,,28,32,28,35,19,29,20,26,25,25,57,0,17.16
2026-05-06 09:14:00,987,563,254,84.03,,0,0,0,6.183,6.566,0,212,683,305,378,1267,,,31,34,26,34,21,31,22,25,27,25,56,0,18.93
2026-05-06 09:15:00,999,540,267,85.42,,0,0,0,6.449,8.328,0,217,704,307,397,1275,,,29,33,29,31,17,34,23,25,28,21,55,0,18.93
2026-05-06 09:16:00,996,531,264,84.72,,0,0,0,6.081,7.402,0,209,705,312,393,1250,,,32,35,29,33,19,32,25,21,20,21,57,0,20.71
2026-05-06 09:17:00,1007,515,269,88.54,,0,0,0,6.298,10.32,0,195,690,306,384,1229,,,30,38,30,34,20,30,24,25,21,20,60,0,23.67
2026-05-06 09:18:00,1012,521,268,88.19,,0,0,0,6.17,7.463,0,185,683,305,378,1216,,,31,38,30,36,19,33,20,22,17,22,60,0,27.22
2026-05-06 09:19:00,996,529,291,91.32,,0,0,0,6.353,8.556,0,176,670,304,366,1189,,,33,35,27,34,20,33,19,19,16,23,63,0,28.4
2026-05-06 09:20:00,987,533,280,91.32,,0,0,0,6.342,8.337,0,179,652,299,353,1196,,,30,32,27,35,23,33,25,22,23,24,60,0,28.99
2026-05-06 09:21:00,1009,523,282,90.28,,0,0,0,6.492,7.027,0,200,667,317,350,1210,,,30,39,27,33,21,35,25,19,24,23,63,0,31.95
2026-05-06 09:22:00,1002,511,276,88.19,,0,0,0,6.383,6.548,0,203,671,322,349,1215,,,36,35,27,35,23,35,23,20,28,21,64,0,32.54
2026-05-06 09:23:00,1017,487,272,88.54,,0,0,0,6.542,7.254,0,205,703,337,366,1243,,,32,35,26,31,26,35,21,22,28,19,63,0,33.73
2026-05-06 09:24:00,1017,484,279,89.58,,0,0,0,6.573,7.714,0,196,694,336,358,1225,,,32,38,30,34,25,35,19,24,26,22,63,0,34.91
2026-05-06 09:25:00,1013,510,270,88.89,,0,0,0,7.194,11.642,0,201,699,327,372,1236,,,33,38,30,30,25,34,20,23,25,21,68,0,34.91
2026-05-06 09:26:00,1022,508,275,93.06,,0,0,0,6.636,7.28,0,201,694,325,369,1240,,,35,40,29,31,27,34,20,23,24,25,67,0,33.14
2026-05-06 09:27:00,1035,524,290,94.44,,0,0,0,6.672,7.794,0,211,724,340,384,1275,,,35,39,25,30,25,33,22,24,21,24,64,0,33.14
2026-05-06 09:28:00,1039,517,293,94.1,,0,0,0,6.498,6.967,0,210,709,335,374,1270,,,35,40,25,33,25,31,20,21,21,24,66,0,31.95
2026-05-06 09:29:00,1055,509,287,93.4,,0,0,0,6.54,7.13,0,217,718,333,385,1292,,,33,40,26,34,28,33,26,25,23,26,65,0,33.73
2026-05-06 09:30:00,1045,512,287,93.75,,0,0,0,6.335,7.379,0,225,701,320,381,1287,,,35,39,27,27,30,33,26,21,26,28,61,0,35.5
2026-05-06 09:31:00,1050,513,289,94.79,,0,0,0,6.413,6.568,0,213,701,319,382,1266,,,32,40,28,28,24,34,27,22,27,26,64,0,35.5
2026-05-06 09:32:00,1047,518,289,94.44,,0,0,0,6.475,9.714,0,202,691,308,383,1248,,,35,38,29,31,24,33,28,22,26,25,61,0,33.73
2026-05-06 09:33:00,1044,537,296,95.14,,0,0,0,6.537,6.637,0,185,667,289,378,1219,,,34,33,29,33,27,34,27,20,28,21,61,0,36.69
2026-05-06 09:34:00,1023,553,307,94.79,,0,0,0,6.366,7.772,0,180,651,281,370,1208,,,31,33,27,31,24,32,26,19,24,27,63,0,35.5
2026-05-06 09:35:00,1005,549,312,96.53,,0,0,0,6.61,10.681,0,169,631,272,359,1191,,,32,32,24,29,27,33,25,22,25,27,61,0,34.32
2026-05-06 09:36:00,1006,543,319,98.96,,0,0,0,6.242,7.128,0,156,626,275,351,1162,,,33,38,26,27,29,33,26,19,29,25,63,0,34.91
2026-05-06 09:37:00,995,528,319,97.22,,0,0,0,6.505,9.005,0,153,647,300,347,1159,,,35,36,34,30,30,34,26,15,27,24,63,0,34.32
2026-05-06 09:38:00,979,529,312,98.26,,0,0,0,6.415,8.596,0,146,637,298,339,1139,,,36,37,32,36,30,33,25,19,20,25,65,0,34.91
2026-05-06 09:39:00,965,529,315,97.22,,0,0,0,6.62,9.694,0,146,620,290,330,1143,,,32,38,31,37,32,32,23,22,17,22,66,0,33.73
2026-05-06 09:40:00,960,521,309,96.88,,0,0,0,6.565,8.54,0,187,613,288,325,1182,,,36,37,30,35,32,38,23,22,20,25,64,0,33.73
2026-05-06 09:41:00,964,527,316,98.26,,0,0,0,7.173,11.664,0,179,630,311,319,1179,,,30,34,31,32,30,38,22,22,23,23,67,0,33.14
2026-05-06 09:42:00,952,530,302,95.14,,0,0,0,7.287,9.683,0,206,620,300,320,1206,,,32,31,31,28,34,34,21,28,26,25,65,0,33.14
2026-05-06 09:43:00,970,509,300,94.79,,0,0,0,7.963,10.914,0,203,630,306,324,1228,,,31,31,25,28,32,32,23,26,29,22,65,0,34.32
2026-05-06 09:44:00,964,503,283,89.24,,0,0,0,8.25,10.814,0,213,618,297,321,1233,,,32,31,27,31,31,33,27,25,33,21,66,0,33.73
2026-05-06 09:45:00,981,498,280,89.24,,0,0,0,8.277,9.826,0,234,642,310,332,1266,,,31,33,27,27,26,38,28,27,30,21,66,0,35.5
2026-05-06 09:46:00,962,517,269,87.15,,0,0,0,8.398,7.208,0,244,624,302,322,1270,,,30,36,25,27,30,37,31,25,30,25,66,0,36.09
2026-05-06 09:47:00,1002,523,273,91.32,,0,0,0,8.155,9.273,0,266,671,335,336,1311,,,30,35,25,30,30,35,28,25,28,23,65,0,34.32
2026-05-06 09:48:00,996,530,276,91.67,,0,0,0,8.256,8.208,0,263,667,339,328,1305,,,33,31,27,32,27,35,26,26,25,23,63,0,33.14
2026-05-06 09:49:00,1002,539,277,90.28,,0,0,0,8.037,9.906,0,260,661,329,332,1315,,,30,31,26,30,27,39,20,27,24,22,60,0,32.54
2026-05-06 09:50:00,999,548,282,90.97,,0,0,0,7.996,9.845,0,260,642,317,325,1297,,,32,34,31,29,28,35,22,26,23,24,57,0,31.36
2026-05-06 09:51:00,999,545,280,90.63,,0,0,0,8.014,8.918,0,247,633,316,317,1269,,,33,34,27,31,27,33,22,23,25,21,58,0,31.36
2026-05-06 09:52:00,1009,538,292,95.83,,0,0,0,7.871,9.366,0,235,634,323,311,1252,,,33,32,29,31,29,31,20,25,27,20,59,0,28.99
2026-05-06 09:53:00,999,553,304,96.53,,0,0,0,8.023,10.725,0,215,619,316,303,1219,,,34,37,27,31,26,33,18,27,25,26,59,0,29.59
2026-05-06 09:54:00,985,565,296,95.14,,0,0,0,7.462,7.358,0,199,599,311,288,1192,,,35,33,31,30,26,33,23,24,23,28,60,0,29.59
2026-05-06 09:55:00,967,577,303,97.22,,0,0,0,7.548,9.499,0,189,577,301,276,1179,,,34,30,28,35,23,31,23,22,25,27,61,0,30.18
2026-05-06 09:56:00,955,575,302,95.14,,0,0,0,7.308,10.237,0,186,554,289,265,1160,,,34,32,29,34,22,32,26,23,28,26,63,0,29.59
2026-05-06 09:57:00,952,585,315,96.88,,0,0,0,7.52,8.988,0,180,541,286,255,1143,,,30,35,28,33,27,30,23,21,27,24,61,0,30.18
2026-05-06 09:58:00,935,582,308,95.49,,0,0,0,7.467,8.534,0,188,535,283,252,1139,,,30,37,31,34,24,35,19,21,23,25,60,0,30.77
2026-05-06 09:59:00,908,582,299,92.36,,0,0,0,7.638,9.258,0,197,512,268,244,1125,,,29,36,30,33,24,37,20,26,23,22,59,0,31.95
2026-05-06 10:00:00,895,574,291,91.32,,0,0,0,7.274,7.778,0,196,505,268,237,1112,,,32,32,31,34,21,37,23,26,22,24,58,0,31.95
2026-05-06 10:01:00,917,566,286,89.24,,0,0,0,7.49,9.119,0,210,553,302,251,1156,,,32,35,30,30,21,35,22,28,23,24,55,0,27.81
2026-05-06 10:02:00,892,579,272,87.85,,0,0,0,7.151,6.512,0,241,542,303,239,1180,,,29,37,30,30,21,34,24,31,22,24,56,0,28.99
2026-05-06 10:03:00,903,569,265,86.81,,0,0,0,7.229,7.558,0,254,543,309,234,1189,,,33,33,26,27,26,39,22,31,23,25,59,0,24.85
2026-05-06 10:04:00,895,567,262,86.46,,0,0,0,7.218,8.344,0,284,539,305,234,1233,,,32,28,27,27,23,38,19,30,25,32,56,0,22.49
2026-05-06 10:05:00,902,554,268,89.93,,0,0,0,7.473,7.913,0,290,558,311,247,1226,,,27,29,25,27,24,40,20,31,22,33,56,0,17.75
2026-05-06 10:06:00,913,541,287,92.01,,0,0,0,7.121,7.322,0,283,551,306,245,1214,,,31,26,23,27,25,41,15,26,22,30,55,0,13.61
2026-05-06 10:07:00,920,549,292,93.06,,0,0,0,7.16,7.489,0,286,581,330,251,1244,,,28,27,23,27,27,39,12,27,23,27,56,0,13.02
2026-05-06 10:08:00,919,553,294,92.71,,0,0,0,6.768,6.327,0,278,578,330,248,1226,,,29,26,28,32,26,36,11,29,26,25,56,0,14.2
2026-05-06 10:09:00,939,546,295,93.4,,0,0,0,6.896,9.487,0,282,589,333,256,1248,,,25,30,33,35,25,34,14,27,25,25,61,0,11.24
2026-05-06 10:10:00,921,566,291,94.44,,0,0,0,6.716,9.07,0,276,572,320,252,1233,,,26,28,32,35,24,37,16,25,23,26,60,0,8.88
2026-05-06 10:11:00,948,579,295,96.53,,0,0,0,6.695,7.194,0,271,612,354,258,1267,,,28,29,31,37,22,36,17,25,26,28,56,0,5.92
2026-05-06 10:12:00,955,567,293,95.49,,0,0,0,6.546,6.867,0,279,613,361,252,1287,,,31,27,31,34,24,34,17,27,30,27,53,0,1.18
2026-05-06 10:13:00,967,578,283,93.75,,0,0,0,6.701,7.771,0,274,608,363,245,1273,,,30,26,34,35,25,37,21,27,29,25,63,0,1.78
2026-05-06 10:14:00,956,582,290,94.1,,0,0,0,6.64,7.493,0,268,588,351,237,1283,,,28,27,33,32,25,36,25,25,28,25,62,0,1.18
2026-05-06 10:15:00,937,602,283,93.06,,0,0,0,6.7,6.251,0,266,583,337,246,1267,,,26,26,32,34,30,35,25,23,30,27,61,0,.59
2026-05-06 10:16:00,953,606,286,95.49,,0,0,0,6.466,7.499,0,258,581,337,244,1268,,,27,27,32,35,27,35,26,29,26,28,66,0,.59
2026-05-06 10:17:00,953,596,286,93.06,,0,0,0,6.569,7.034,0,250,563,326,237,1260,,,30,31,32,33,26,34,25,25,22,30,68,0,.59
2026-05-06 10:18:00,946,597,287,94.1,,0,0,0,6.437,6.919,0,237,554,318,236,1236,,,31,28,33,34,25,35,26,28,21,31,69,0,.59
2026-05-06 10:19:00,934,606,282,93.06,,0,0,0,6.247,5.664,0,232,533,306,227,1206,,,33,29,30,35,24,35,27,28,20,28,66,0,.59
2026-05-06 10:20:00,919,607,279,93.06,,0,0,0,5.853,5.284,0,223,507,292,215,1192,,,31,28,30,30,31,32,26,24,25,27,64,0,.59
2026-05-06 10:21:00,955,597,284,94.1,,0,0,0,5.871,5.709,0,237,555,323,232,1260,,,30,26,32,32,31,35,24,22,31,30,66,0,.59
2026-05-06 10:22:00,943,602,280,93.06,,0,0,0,5.738,5.382,0,240,543,319,224,1257,,,29,31,32,34,30,29,24,25,34,29,66,0,.59
2026-05-06 10:23:00,948,598,269,89.58,,0,0,0,5.598,6.149,0,235,561,333,228,1262,,,28,28,33,34,27,34,24,26,32,34,63,0,0
2026-05-06 10:24:00,930,602,271,89.24,,0,0,0,5.279,4.389,0,232,541,323,218,1242,,,28,29,34,37,26,36,26,23,32,34,62,0,0
2026-05-06 10:25:00,934,584,270,89.58,,0,0,0,5.377,6.172,0,229,527,318,209,1243,,,28,32,30,32,22,36,32,21,33,34,67,0,0
2026-05-06 10:26:00,938,590,270,89.58,,0,0,0,5.01,5.292,0,220,520,310,210,1217,,,28,30,26,32,25,33,32,23,34,31,66,0,0
2026-05-06 10:27:00,937,599,261,87.5,,0,0,0,4.914,5.059,0,220,535,314,221,1222,,,26,27,25,31,26,32,29,25,34,29,65,0,0
2026-05-06 10:28:00,921,607,265,86.46,,0,0,0,4.763,5.024,0,218,525,306,219,1192,,,24,29,28,31,27,34,29,28,34,30,62,0,0
2026-05-06 10:29:00,926,599,269,88.89,,0,0,0,4.938,6.614,0,207,525,297,228,1180,,,24,31,28,30,24,32,27,28,33,37,61,0,0
2026-05-06 10:30:00,914,593,273,89.58,,0,0,0,4.728,4.646,0,197,508,290,218,1183,,,26,30,24,32,17,32,24,29,31,37,61,0,0
2026-05-06 10:31:00,950,585,276,89.93,,0,0,0,4.698,4.735,0,218,540,309,231,1190,,,26,33,31,31,17,35,24,31,31,37,62,0,0
2026-05-06 10:32:00,940,586,271,87.5,,0,0,0,4.613,4.29,0,233,533,310,223,1194,,,22,33,29,33,19,38,27,31,34,33,59,0,0
2026-05-06 10:33:00,933,598,255,85.42,,0,0,0,4.629,5.146,0,236,543,317,226,1221,,,27,33,27,34,19,37,28,31,37,32,59,0,.59
2026-05-06 10:34:00,923,583,244,81.25,,0,0,0,4.649,5.111,0,252,522,303,219,1249,,,25,37,28,36,19,35,31,32,38,34,58,0,.59
2026-05-06 10:35:00,924,593,244,82.64,,0,0,0,4.783,5.835,0,238,544,318,226,1232,,,29,36,31,37,18,34,29,31,38,34,59,0,.59
2026-05-06 10:36:00,933,583,255,85.76,,0,0,0,4.562,4.098,0,245,538,319,219,1245,,,31,35,26,35,18,35,24,30,35,35,60,0,.59
2026-05-06 10:37:00,948,563,252,82.29,,0,0,0,4.541,4.396,0,246,572,335,237,1280,,,31,39,29,32,17,38,27,27,37,39,60,0,.59
2026-05-06 10:38:00,933,556,252,83.68,,0,0,0,4.501,4.093,0,258,564,331,233,1265,,,29,39,29,33,20,36,28,25,36,37,60,0,.59
2026-05-06 10:39:00,960,550,249,83.68,,0,0,0,4.453,4.375,0,243,569,346,223,1254,,,33,39,29,27,20,36,31,27,32,35,62,0,.59
2026-05-06 10:40:00,965,533,265,86.46,,0,0,0,4.494,5.014,0,252,560,339,221,1249,,,32,36,30,33,18,36,32,27,33,35,62,0,.59
2026-05-06 10:41:00,992,542,257,83.68,,0,0,0,4.482,4.435,0,250,593,367,226,1267,,,33,37,27,33,16,38,32,31,35,33,60,0,0
2026-05-06 10:42:00,984,537,260,84.03,,0,0,0,4.583,4.374,0,244,584,368,216,1282,,,33,32,23,32,19,37,34,34,37,33,60,0,0
2026-05-06 10:43:00,999,520,255,85.42,,0,0,0,4.702,6.181,0,266,604,375,229,1299,,,31,36,22,37,19,34,34,32,36,33,59,0,0
2026-05-06 10:44:00,1014,514,273,87.15,,0,0,0,4.526,4.695,0,251,596,367,229,1278,,,30,39,27,33,21,33,34,28,37,31,58,0,.59
2026-05-06 10:45:00,1022,506,274,88.19,,0,0,0,4.803,7.821,0,247,608,372,236,1269,,,31,41,26,35,18,32,32,31,37,28,60,0,1.18
2026-05-06 10:46:00,1017,515,284,89.58,,0,0,0,4.501,4.966,0,245,607,371,236,1254,,,31,43,29,32,18,30,31,28,34,27,55,0,.59
2026-05-06 10:47:00,1009,532,269,88.19,,0,0,0,4.545,4.668,0,248,607,364,243,1259,,,30,42,32,33,16,30,29,29,38,33,55,0,1.78
2026-05-06 10:48:00,1004,533,269,87.15,,0,0,0,4.615,5.45,0,237,596,357,239,1245,,,30,37,31,32,17,29,29,30,36,37,56,0,2.37
2026-05-06 10:49:00,1015,541,261,87.5,,0,0,0,4.848,6.144,0,230,605,353,252,1228,,,28,44,28,36,21,25,28,33,33,39,55,0,2.96
2026-05-06 10:50:00,1016,550,269,86.46,,0,0,0,4.716,4.473,0,223,607,359,248,1245,,,27,43,27,35,21,32,30,34,32,37,58,0,5.33
2026-05-06 10:51:00,1025,557,267,88.54,,0,0,0,4.785,5.224,0,225,640,382,258,1265,,,29,45,29,33,17,35,29,33,31,37,55,0,2.37
2026-05-06 10:52:00,1014,559,265,89.24,,0,0,0,4.817,4.829,0,226,625,372,253,1275,,,30,40,27,35,21,32,32,35,31,36,54,0,1.78
2026-05-06 10:53:00,1005,570,276,92.36,,0,0,0,4.909,5.334,0,217,619,366,253,1248,,,30,39,29,35,17,32,30,33,28,31,56,0,1.18
2026-05-06 10:54:00,1007,578,277,91.32,,0,0,0,4.851,5.056,0,203,624,359,265,1244,,,28,44,30,33,19,34,29,33,31,29,57,0,1.18
2026-05-06 10:55:00,1012,581,281,93.4,,0,0,0,5.027,6.638,0,199,610,347,263,1220,,,31,41,29,34,21,34,27,33,31,29,59,0,1.18
2026-05-06 10:56:00,1000,589,275,89.93,,0,0,0,4.884,5.717,0,200,593,336,257,1235,,,30,38,26,39,21,32,29,31,33,25,64,0,1.18
2026-05-06 10:57:00,1027,586,259,87.85,,0,0,0,4.895,4.856,0,196,615,349,266,1262,,,32,37,28,37,20,35,31,30,36,20,64,0,1.18
2026-05-06 10:58:00,1020,582,270,88.54,,0,0,0,4.842,5.755,0,186,610,346,264,1254,,,30,37,28,38,20,30,30,28,35,24,61,0,1.18
2026-05-06 10:59:00,1010,586,262,87.15,,0,0,0,4.806,4.863,0,182,614,344,270,1258,,,30,38,29,34,19,29,29,28,38,22,61,0,1.18
2026-05-06 11:00:00,995,590,260,86.11,,0,0,0,4.739,4.855,0,178,596,333,263,1243,,,29,38,26,35,20,28,30,30,37,23,60,0,2.96
2026-05-06 11:01:00,1015,591,256,86.46,,0,0,0,4.717,4.98,0,176,622,346,276,1241,,,33,36,27,36,20,30,35,29,38,25,62,0,2.96
2026-05-06 11:02:00,1018,590,261,86.81,,0,0,0,4.714,5.536,0,177,608,344,264,1261,,,27,35,28,37,19,29,32,30,37,24,62,0,4.14
2026-05-06 11:03:00,1034,586,274,89.24,,0,0,0,4.735,5,0,182,629,356,273,1237,,,28,33,28,35,17,29,32,29,39,26,65,0,5.33
2026-05-06 11:04:00,1037,591,269,87.85,,0,0,0,4.697,5.629,0,174,638,356,282,1239,,,30,32,24,35,23,30,36,31,36,31,70,0,5.92
2026-05-06 11:05:00,1052,579,265,87.85,,0,0,0,4.708,4.304,0,182,625,346,279,1237,,,28,37,22,37,24,30,36,29,35,30,74,0,4.14
2026-05-06 11:06:00,1045,572,256,84.72,,0,0,0,4.602,4.84,0,182,605,334,271,1219,,,30,36,26,42,24,29,36,33,35,28,73,0,4.14
2026-05-06 11:07:00,1055,572,262,87.15,,0,0,0,4.643,5.237,0,180,637,357,280,1235,,,32,40,29,38,24,28,35,31,37,35,69,0,4.14
2026-05-06 11:08:00,1061,573,265,87.15,,0,0,0,4.624,4.727,0,166,627,352,275,1233,,,33,38,29,35,24,32,38,30,36,33,66,0,5.92
2026-05-06 11:09:00,1063,570,279,89.58,,0,0,0,4.684,5.01,0,158,625,358,267,1210,,,32,38,23,32,25,34,37,29,32,34,69,0,5.92
2026-05-06 11:10:00,1037,597,272,90.28,,0,0,0,4.619,4.598,0,157,608,351,257,1195,,,28,39,21,36,23,36,36,30,34,36,64,0,5.92
2026-05-06 11:11:00,1074,583,274,91.67,,0,0,0,4.631,4.759,0,147,661,392,269,1229,,,27,38,22,35,27,36,38,29,33,34,64,0,1.78
2026-05-06 11:12:00,1054,585,259,86.46,,0,0,0,4.544,4.618,0,158,661,393,268,1247,,,30,39,27,35,27,38,38,29,35,35,62,0,0
2026-05-06 11:13:00,1048,591,248,82.29,,0,0,0,4.606,5.049,0,161,656,383,273,1223,,,31,43,22,34,27,41,38,29,34,33,58,0,.59
2026-05-06 11:14:00,1055,594,246,82.29,,0,0,0,4.527,4.403,0,157,643,380,263,1213,,,32,41,22,36,28,41,39,33,35,29,60,0,.59
2026-05-06 11:15:00,1060,604,255,84.38,,0,0,0,4.802,7.124,0,144,649,374,275,1207,,,29,44,24,34,31,36,38,31,38,30,59,0,0
2026-05-06 11:16:00,1049,596,263,86.11,,0,0,0,4.593,4.829,0,163,635,364,271,1196,,,30,42,22,37,30,36,35,30,35,33,58,0,0
2026-05-06 11:17:00,1059,598,264,86.81,,0,0,0,4.612,5.429,0,182,642,365,277,1221,,,27,40,21,35,28,36,35,32,32,36,62,0,0
2026-05-06 11:18:00,1063,602,257,85.76,,0,0,0,4.491,4.912,0,173,633,365,268,1236,,,34,36,20,43,29,35,33,30,30,34,57,0,0
2026-05-06 11:19:00,1073,603,264,88.19,,0,0,0,4.546,5.26,0,174,642,372,270,1219,,,32,33,21,43,28,35,31,33,27,29,59,0,.59
2026-05-06 11:20:00,1069,576,267,88.54,,0,0,0,4.448,5.214,0,173,628,366,262,1212,,,33,35,22,43,28,36,31,31,26,31,58,0,0
2026-05-06 11:21:00,1092,593,260,86.11,,0,0,0,4.48,4.432,0,176,659,401,258,1242,,,32,37,20,41,26,36,35,29,27,31,63,0,0
2026-05-06 11:22:00,1081,597,252,83.68,,0,0,0,4.527,6.599,0,183,685,417,268,1272,,,31,39,23,39,26,33,31,31,29,29,60,0,0
2026-05-06 11:23:00,1088,589,250,84.38,,0,0,0,4.57,4.296,0,176,681,417,264,1268,,,29,41,24,46,27,33,27,29,35,29,60,0,0
2026-05-06 11:24:00,1096,582,253,85.07,,0,0,0,4.588,6.402,0,173,685,414,271,1271,,,31,39,26,44,26,36,29,31,36,33,61,0,0
2026-05-06 11:25:00,1094,575,257,85.07,,0,0,0,4.742,7.445,0,166,675,405,270,1258,,,34,37,26,44,25,39,31,29,32,36,61,0,0
2026-05-06 11:26:00,1097,582,265,85.76,,0,0,0,4.569,6.14,0,162,672,398,274,1257,,,36,36,24,40,26,37,31,33,32,34,61,0,0
2026-05-06 11:27:00,1131,564,277,88.19,,0,0,0,4.549,3.818,0,169,701,418,283,1267,,,34,41,27,39,29,35,28,38,32,39,62,0,0
2026-05-06 11:28:00,1108,563,271,86.11,,0,0,0,4.588,7.79,0,166,686,411,275,1277,,,31,42,23,43,29,31,30,38,28,39,63,0,.59
2026-05-06 11:29:00,1112,556,267,85.76,,0,0,0,4.618,4.418,0,153,689,406,283,1260,,,32,43,28,39,29,32,26,32,27,38,63,0,.59
2026-05-06 11:30:00,1101,561,262,85.07,,0,0,0,4.475,5.659,0,153,676,397,279,1269,,,30,43,26,44,33,33,21,32,29,36,61,0,.59
2026-05-06 11:31:00,1113,554,269,87.15,,0,0,0,4.541,4.751,0,152,688,402,286,1263,,,33,44,26,40,28,35,23,30,30,37,66,0,0
2026-05-06 11:32:00,1099,554,270,89.24,,0,0,0,4.734,8.013,0,143,668,385,283,1275,,,29,44,27,42,25,35,22,30,30,36,64,0,0
2026-05-06 11:33:00,1120,549,274,89.24,,0,0,0,4.77,4.353,0,142,703,405,298,1258,,,33,41,25,38,22,34,23,28,29,32,65,0,0
2026-05-06 11:34:00,1093,554,274,88.89,,0,0,0,4.792,8.032,0,144,714,404,310,1268,,,31,42,25,35,24,35,23,29,32,34,66,0,0
2026-05-06 11:35:00,1090,574,271,88.19,,0,0,0,4.779,4.514,0,141,705,394,311,1248,,,30,41,23,38,29,36,24,29,33,33,63,0,0
2026-05-06 11:36:00,1087,575,268,88.54,,0,0,0,4.628,4.565,0,156,686,384,302,1260,,,35,39,23,39,29,32,28,29,38,28,63,0,0
2026-05-06 11:37:00,1115,570,274,89.24,,0,0,0,4.647,4.455,0,149,699,387,312,1239,,,34,36,25,41,28,32,29,28,34,26,68,0,0
2026-05-06 11:38:00,1113,561,281,90.63,,0,0,0,4.708,4.298,0,140,684,380,304,1213,,,35,38,24,40,27,32,30,29,32,28,70,0,0
2026-05-06 11:39:00,1100,570,276,91.67,,0,0,0,4.735,5.003,0,139,676,374,302,1196,,,31,40,25,36,28,29,33,28,31,27,71,0,0
2026-05-06 11:40:00,1099,562,277,89.58,,0,0,0,4.805,6.483,0,133,662,369,293,1199,,,31,39,21,30,27,33,30,31,32,27,70,0,0
2026-05-06 11:41:00,1111,555,280,90.97,,0,0,0,4.78,4.734,0,137,694,392,302,1223,,,31,37,16,34,28,31,29,32,32,27,73,0,0
2026-05-06 11:42:00,1091,553,281,92.71,,0,0,0,4.84,5.291,0,139,676,381,295,1230,,,31,36,20,36,27,31,29,29,30,26,73,0,0
2026-05-06 11:43:00,1079,563,277,90.28,,0,0,0,4.904,5.077,0,138,693,391,302,1222,,,32,32,19,41,26,29,25,27,33,27,72,0,0
2026-05-06 11:44:00,1073,561,280,91.67,,0,0,0,4.931,6.264,0,132,668,378,290,1211,,,27,33,20,41,23,32,24,26,32,29,71,0,1.18
2026-05-06 11:45:00,1068,552,275,90.28,,0,0,0,4.951,4.952,0,136,674,374,300,1206,,,26,34,22,43,25,30,24,28,32,28,70,0,1.18
2026-05-06 11:46:00,1061,549,263,88.54,,0,0,0,4.965,5.154,0,151,658,367,291,1246,,,25,37,21,38,26,29,26,28,32,29,69,0,.59
2026-05-06 11:47:00,1079,570,260,88.19,,0,0,0,5.056,5.569,0,166,683,388,295,1252,,,31,36,22,37,26,29,26,26,32,27,68,0,0
2026-05-06 11:48:00,1065,578,253,85.07,,0,0,0,5.144,6.352,0,193,664,377,287,1267,,,32,36,25,36,25,30,28,24,36,31,65,0,0
2026-05-06 11:49:00,1053,586,257,86.11,,0,0,0,5.131,5.039,0,189,672,382,290,1265,,,29,36,24,34,21,30,27,24,31,32,62,0,0
2026-05-06 11:50:00,1028,594,238,81.25,,0,0,0,4.935,4.866,0,185,654,372,282,1241,,,24,39,25,33,24,28,26,26,33,31,60,0,0
2026-05-06 11:51:00,1027,601,240,80.9,,0,0,0,4.994,5.289,0,207,660,362,298,1250,,,30,34,22,36,26,30,27,23,29,37,62,0,0
2026-05-06 11:52:00,1010,609,242,81.94,,0,0,0,4.931,4.881,0,204,648,351,297,1247,,,26,32,23,32,28,32,26,23,27,34,61,0,0
2026-05-06 11:53:00,1032,601,239,80.56,,0,0,0,4.986,5.569,0,211,679,373,306,1259,,,23,31,23,31,23,32,28,25,27,34,59,0,0
2026-05-06 11:54:00,1029,594,245,80.21,,0,0,0,4.85,4.682,0,205,690,373,317,1272,,,28,29,22,35,22,33,28,26,25,37,61,0,1.18
2026-05-06 11:55:00,1046,582,245,82.29,,0,0,0,5.084,7.749,0,201,679,368,311,1259,,,27,34,25,34,25,33,29,27,25,36,61,0,.59
2026-05-06 11:56:00,1048,574,256,81.6,,0,0,0,4.742,4.601,0,196,707,384,323,1273,,,27,34,23,35,22,30,29,28,28,31,62,0,1.18
2026-05-06 11:57:00,1059,571,256,82.29,,0,0,0,4.786,5.71,0,197,690,377,313,1260,,,27,34,17,33,23,31,26,25,26,28,64,0,1.78
2026-05-06 11:58:00,1059,570,259,84.03,,0,0,0,4.639,5.633,0,190,696,371,325,1276,,,24,38,19,28,23,31,21,32,28,24,65,0,.59
2026-05-06 11:59:00,1069,555,264,86.11,,0,0,0,4.764,5.907,0,187,704,386,318,1289,,,22,37,18,29,19,32,18,35,30,23,67,0,.59
2026-05-06 12:00:00,1052,551,255,82.64,,0,0,0,4.617,5.079,0,199,693,378,315,1282,,,23,36,20,31,20,31,19,29,33,28,66,0,.59
2026-05-06 12:01:00,1063,550,254,83.68,,0,0,0,4.726,6.212,0,184,715,394,321,1293,,,25,36,19,30,17,33,21,29,31,26,64,0,0
2026-05-06 12:02:00,1058,544,261,84.72,,0,0,0,4.6,5.109,0,173,698,380,318,1287,,,24,32,18,30,21,32,20,28,26,28,64,0,1.18
2026-05-06 12:03:00,1061,554,263,85.07,,0,0,0,4.696,5.706,0,172,692,384,308,1277,,,23,34,20,30,19,30,20,29,26,30,67,0,1.78
2026-05-06 12:04:00,1058,570,272,88.19,,0,0,0,4.634,5.061,0,163,691,377,314,1264,,,22,31,19,28,17,30,23,30,23,26,64,0,2.37
2026-05-06 12:05:00,1049,590,270,88.54,,0,0,0,4.798,5.863,0,157,674,366,308,1245,,,26,31,17,25,14,35,25,26,19,28,65,0,2.37
2026-05-06 12:06:00,1045,596,271,87.85,,0,0,0,4.707,5.366,0,149,663,360,303,1260,,,26,32,23,24,13,32,25,24,20,27,65,0,.59
2026-05-06 12:07:00,1060,598,270,87.5,,0,0,0,4.779,5.471,0,146,696,385,311,1233,,,28,29,20,27,17,34,20,29,22,27,67,0,.59
2026-05-06 12:08:00,1052,598,258,85.42,,0,0,0,4.718,5.501,0,139,694,374,320,1224,,,27,32,20,29,20,28,21,25,18,24,68,0,.59
2026-05-06 12:09:00,1030,610,265,85.76,,0,0,0,4.779,5.788,0,137,674,361,313,1196,,,28,34,21,29,20,28,18,25,18,27,65,0,.59
2026-05-06 12:10:00,1028,612,262,86.11,,0,0,0,4.589,4.782,0,133,654,346,308,1204,,,28,34,23,23,20,27,18,24,19,25,66,0,1.18
2026-05-06 12:11:00,1052,601,256,85.42,,0,0,0,4.647,5.634,0,144,691,370,321,1223,,,25,36,17,29,20,32,22,24,19,28,66,0,0
2026-05-06 12:12:00,1031,606,254,84.72,,0,0,0,4.607,5.949,0,153,709,383,326,1234,,,29,36,14,31,21,29,20,24,20,22,66,0,0
2026-05-06 12:13:00,1036,599,254,84.03,,0,0,0,4.724,5.92,0,146,699,382,317,1233,,,30,33,18,30,24,30,23,20,16,25,65,0,0
2026-05-06 12:14:00,1037,593,256,84.38,,0,0,0,4.657,6.097,0,138,687,372,315,1226,,,29,33,22,29,21,31,24,23,15,22,67,0,0
2026-05-06 12:15:00,1044,597,260,85.42,,0,0,0,4.772,5.698,0,139,721,393,328,1242,,,26,36,22,30,21,32,24,22,17,24,66,0,0
2026-05-06 12:16:00,1031,601,248,83.33,,0,0,0,4.628,5.103,0,135,700,380,320,1236,,,25,43,19,28,22,32,22,20,21,25,64,0,0
2026-05-06 12:17:00,1048,597,249,82.29,,0,0,0,4.699,5.225,0,137,728,397,331,1238,,,25,42,24,26,24,32,23,20,23,26,64,0,0
2026-05-06 12:18:00,1056,593,251,82.64,,0,0,0,4.645,4.997,0,131,724,391,333,1240,,,31,40,23,32,24,29,21,26,23,29,62,0,0
2026-05-06 12:19:00,1066,590,250,82.99,,0,0,0,4.666,4.765,0,128,718,383,335,1230,,,27,40,27,28,22,32,20,25,26,28,64,0,0
2026-05-06 12:20:00,1057,590,246,82.64,,0,0,0,4.563,4.894,0,121,696,369,327,1218,,,28,37,23,32,26,30,22,26,31,25,61,0,0
2026-05-06 12:21:00,1075,599,245,83.33,,0,0,0,4.54,4.138,0,139,721,388,333,1239,,,29,37,24,32,23,31,28,26,30,27,61,0,0
2026-05-06 12:22:00,1080,584,247,84.03,,0,0,0,4.592,6.617,0,142,725,384,341,1240,,,25,39,23,32,25,29,27,34,30,29,63,0,0
2026-05-06 12:23:00,1072,583,253,85.07,,0,0,0,4.539,4.031,0,138,711,376,335,1218,,,28,39,19,30,21,33,27,30,30,30,62,0,0
2026-05-06 12:24:00,1076,578,251,84.03,,0,0,0,4.439,7.14,0,135,707,369,338,1225,,,29,37,27,32,19,31,26,31,30,27,64,0,0
2026-05-06 12:25:00,1068,571,240,81.6,,0,0,0,4.445,4.103,0,128,703,360,343,1207,,,27,36,22,36,19,33,23,34,29,25,65,0,.59
2026-05-06 12:26:00,1047,572,245,82.99,,0,0,0,4.279,5.353,0,137,681,350,331,1231,,,28,31,23,34,18,29,23,32,28,26,67,0,.59
2026-05-06 12:27:00,1062,572,244,80.56,,0,0,0,4.247,4.66,0,140,717,372,345,1236,,,26,33,22,33,19,31,23,32,25,28,68,0,1.18
2026-05-06 12:28:00,1042,584,233,79.86,,0,0,0,4.262,5.388,0,140,708,373,335,1221,,,23,36,19,31,19,28,24,31,25,25,67,0,1.78
2026-05-06 12:29:00,1033,579,239,79.51,,0,0,0,4.325,4.734,0,133,711,367,344,1216,,,26,38,21,31,18,30,26,29,23,23,65,0,1.18
2026-05-06 12:30:00,1016,580,232,78.47,,0,0,0,4.267,4.251,0,134,690,356,334,1220,,,26,37,19,33,18,29,24,26,19,27,65,0,0
2026-05-06 12:31:00,1032,576,226,75,,0,0,0,4.316,4.551,0,151,700,370,330,1218,,,25,37,22,28,17,32,21,27,23,26,75,0,.59
2026-05-06 12:32:00,1014,589,231,76.39,,0,0,0,4.429,5.442,0,152,691,367,324,1220,,,24,32,23,30,17,32,22,29,26,26,73,0,0
2026-05-06 12:33:00,1017,601,228,75.69,,0,0,0,4.505,4.659,0,154,711,380,331,1222,,,26,31,20,28,17,32,20,31,27,21,72,0,0
2026-05-06 12:34:00,1026,585,238,78.82,,0,0,0,4.422,5.499,0,161,695,370,325,1226,,,26,32,22,24,15,31,21,32,23,22,74,0,0
2026-05-06 12:35:00,1029,583,229,78.47,,0,0,0,4.498,5.045,0,159,708,374,334,1241,,,26,33,16,28,18,32,26,29,23,21,77,0,0
2026-05-06 12:36:00,1039,562,237,80.9,,0,0,0,4.4,4.647,0,178,693,363,330,1248,,,26,33,17,26,16,31,22,29,23,24,80,0,0
2026-05-06 12:37:00,1042,565,245,80.9,,0,0,0,4.436,4.812,0,176,723,381,342,1250,,,23,29,14,26,16,31,22,28,21,23,80,0,.59
2026-05-06 12:38:00,1024,564,235,78.82,,0,0,0,4.386,4.759,0,176,703,377,326,1233,,,26,28,18,25,14,30,22,28,18,25,77,0,1.78
2026-05-06 12:39:00,1029,558,252,82.64,,0,0,0,4.446,5.182,0,183,713,383,330,1273,,,26,32,17,24,17,27,21,28,15,22,75,0,1.78
2026-05-06 12:40:00,1031,560,248,83.33,,0,0,0,4.426,5.009,0,168,724,398,326,1254,,,27,29,18,25,19,22,24,25,18,21,72,0,.59
2026-05-06 12:41:00,1044,553,255,84.72,,0,0,0,4.483,4.832,0,158,725,402,323,1246,,,26,31,19,26,19,25,22,23,19,22,72,0,0
2026-05-06 12:42:00,1033,546,251,84.38,,0,0,0,4.391,4.539,0,151,709,390,319,1216,,,27,31,18,26,19,31,23,24,17,23,73,0,0
2026-05-06 12:43:00,1025,543,251,84.72,,0,0,0,4.476,5.372,0,143,690,376,314,1184,,,27,31,22,28,17,27,27,21,20,22,71,0,0
2026-05-06 12:44:00,1024,548,259,86.46,,0,0,0,4.538,6.166,0,132,675,368,307,1171,,,26,28,20,27,16,24,22,25,24,27,70,0,0
2026-05-06 12:45:00,1015,548,266,87.15,,0,0,0,4.603,5.083,0,118,657,357,300,1131,,,26,32,23,24,17,22,21,22,24,26,69,0,0
2026-05-06 12:46:00,1001,564,270,88.54,,0,0,0,4.364,4.501,0,141,645,354,291,1152,,,25,30,21,21,18,23,23,20,22,20,65,0,0
2026-05-06 12:47:00,1004,557,253,85.07,,0,0,0,4.482,5.732,0,146,672,371,301,1172,,,23,28,21,24,23,26,27,23,20,20,64,0,0
2026-05-06 12:48:00,990,558,253,86.11,,0,0,0,4.489,6.497,0,152,643,354,289,1167,,,22,31,21,24,18,21,26,24,18,22,65,0,0
2026-05-06 12:49:00,1007,556,267,87.5,,0,0,0,4.599,5.632,0,146,643,366,277,1165,,,23,30,17,22,19,18,24,24,18,21,69,0,0
2026-05-06 12:50:00,988,558,271,90.63,,0,0,0,4.511,5.363,0,153,632,359,273,1154,,,23,29,21,21,15,23,23,19,17,20,66,0,0
2026-05-06 12:51:00,1002,572,276,92.01,,0,0,0,4.652,5.958,0,143,660,380,280,1169,,,25,29,18,22,15,25,24,15,14,19,70,0,0
2026-05-06 12:52:00,991,574,274,90.97,,0,0,0,4.53,4.444,0,172,637,364,273,1179,,,24,31,22,23,14,26,25,22,18,17,69,0,0
2026-05-06 12:53:00,1001,567,260,87.5,,0,0,0,4.677,5.951,0,179,651,365,286,1192,,,23,31,22,29,19,25,25,22,20,19,78,0,0
2026-05-06 12:54:00,993,570,248,85.07,,0,0,0,4.688,5.4,0,188,640,358,282,1193,,,27,31,20,28,21,24,25,22,23,19,78,0,0
2026-05-06 12:55:00,1000,576,251,84.72,,0,0,0,4.831,5.431,0,183,656,362,294,1201,,,31,32,24,27,19,25,24,24,23,24,76,0,0
2026-05-06 12:56:00,987,577,243,81.94,,0,0,0,4.86,5.501,0,179,641,353,288,1215,,,24,35,18,28,23,27,23,24,28,24,77,0,0
2026-05-06 12:57:00,1020,581,251,83.68,,0,0,0,4.804,4.972,0,165,667,369,298,1210,,,24,30,18,28,21,25,24,25,27,22,77,0,0
2026-05-06 12:58:00,1012,566,248,83.68,,0,0,0,4.847,6.001,0,157,665,358,307,1212,,,27,29,18,28,19,26,22,25,29,21,74,0,0
2026-05-06 12:59:00,1018,568,259,85.07,,0,0,0,4.861,4.42,0,145,648,350,298,1197,,,23,32,21,28,18,26,23,27,27,22,72,0,0
2026-05-06 13:00:00,999,569,248,84.03,,0,0,0,4.751,4.908,0,147,633,342,291,1179,,,26,33,23,27,17,27,23,28,26,18,70,0,0
2026-05-06 13:01:00,1012,575,250,84.03,,0,0,0,4.716,4.319,0,154,654,361,293,1209,,,24,28,20,26,22,28,20,25,25,23,67,0,0
2026-05-06 13:02:00,1000,582,252,85.76,,0,0,0,4.547,4.294,0,166,639,351,288,1206,,,27,29,18,28,23,26,20,22,25,21,65,0,0
2026-05-06 13:03:00,1019,574,249,83.68,,0,0,0,4.531,4.531,0,163,663,367,296,1234,,,30,30,15,31,20,27,23,24,28,25,64,0,0
2026-05-06 13:04:00,1005,588,242,81.25,,0,0,0,4.404,4.119,0,157,651,362,289,1218,,,30,29,22,32,19,29,21,23,24,22,62,0,0
2026-05-06 13:05:00,1007,578,238,79.51,,0,0,0,4.323,4.221,0,162,648,368,280,1218,,,28,29,21,33,17,29,23,23,23,24,69,0,0
2026-05-06 13:06:00,1005,577,250,82.99,,0,0,0,4.317,5.01,0,147,662,382,280,1224,,,24,28,18,31,15,29,21,28,22,24,65,0,0
2026-05-06 13:07:00,1029,578,255,83.33,,0,0,0,4.304,4.078,0,164,697,396,301,1245,,,26,29,21,31,18,27,22,25,24,23,70,0,0
2026-05-06 13:08:00,1025,580,244,80.9,,0,0,0,4.197,5.381,0,162,680,386,294,1237,,,24,33,23,32,20,26,23,26,28,23,70,0,0
2026-05-06 13:09:00,1022,594,234,78.47,,0,0,0,4.212,4.386,0,161,677,376,301,1214,,,26,33,25,31,19,27,21,29,23,28,74,0,0
2026-05-06 13:10:00,1034,581,234,77.78,,0,0,0,4.161,4.166,0,154,667,372,295,1212,,,26,32,24,32,22,32,25,28,22,28,76,0,.59
2026-05-06 13:11:00,1070,570,240,79.86,,0,0,0,4.189,4.599,0,146,711,403,308,1214,,,31,33,25,34,21,33,27,26,23,25,74,0,.59
2026-05-06 13:12:00,1066,559,245,79.51,,0,0,0,4.203,4.11,0,147,696,395,301,1226,,,32,35,22,32,25,31,25,22,22,24,75,0,.59
2026-05-06 13:13:00,1072,565,252,82.64,,0,0,0,4.215,5.041,0,142,711,402,309,1206,,,28,36,20,29,27,31,23,25,22,23,75,0,.59
2026-05-06 13:14:00,1075,553,255,84.03,,0,0,0,4.286,5.125,0,147,728,411,317,1240,,,28,34,24,32,26,27,28,26,20,24,75,0,0
2026-05-06 13:15:00,1083,555,252,83.68,,0,0,0,4.322,4.563,0,136,719,413,306,1239,,,31,35,26,32,26,30,29,26,23,24,75,0,0
2026-05-06 13:16:00,1080,551,245,80.9,,0,0,0,4.272,4.043,0,151,708,411,297,1236,,,31,37,25,29,27,29,29,29,28,22,72,0,0
2026-05-06 13:17:00,1082,558,247,80.9,,0,0,0,4.355,4.716,0,141,732,430,302,1250,,,29,35,23,27,26,31,25,33,28,26,69,0,0
2026-05-06 13:18:00,1074,554,243,81.94,,0,0,0,4.34,4.292,0,146,730,418,312,1255,,,29,32,24,30,23,31,26,31,25,27,68,0,0
2026-05-06 13:19:00,1092,538,240,80.21,,0,0,0,4.38,5.092,0,141,737,424,313,1255,,,31,33,25,29,25,32,26,28,27,28,67,0,0
2026-05-06 13:20:00,1092,537,244,81.25,,0,0,0,4.354,5.06,0,162,746,436,310,1279,,,30,33,25,26,27,31,22,29,27,33,64,0,0
2026-05-06 13:21:00,1091,538,238,78.47,,0,0,0,4.338,4.472,0,153,765,462,303,1272,,,30,35,22,27,27,33,25,30,25,31,67,0,0
2026-05-06 13:22:00,1083,541,248,82.64,,0,0,0,4.438,7.21,0,150,763,461,302,1256,,,25,33,20,30,25,32,23,28,28,30,65,0,0
2026-05-06 13:23:00,1100,547,256,84.72,,0,0,0,4.461,5.246,0,146,787,474,313,1250,,,26,37,18,32,22,33,28,25,26,27,65,0,.59
2026-05-06 13:24:00,1098,548,249,82.64,,0,0,0,4.445,6.547,0,147,787,462,325,1259,,,29,37,22,30,22,31,25,26,23,27,67,0,1.18
2026-05-06 13:25:00,1107,553,256,85.07,,0,0,0,4.581,5.835,0,143,769,449,320,1236,,,30,34,24,27,20,31,25,30,24,26,66,0,1.18
2026-05-06 13:26:00,1108,560,248,84.38,,0,0,0,4.45,4.977,0,138,751,443,308,1224,,,28,32,21,33,24,32,25,27,22,24,67,0,.59
2026-05-06 13:27:00,1100,563,253,86.81,,0,0,0,4.569,5.581,0,134,736,435,301,1210,,,26,34,22,30,22,32,25,22,18,27,65,0,.59
2026-05-06 13:28:00,1093,568,264,87.5,,0,0,0,4.482,4.957,0,125,720,422,298,1181,,,27,38,23,28,24,29,23,24,17,28,66,0,.59
2026-05-06 13:29:00,1076,582,253,84.72,,0,0,0,4.616,5.734,0,122,699,409,290,1171,,,27,36,22,29,20,32,23,22,19,27,67,0,.59
2026-05-06 13:30:00,1060,587,264,87.15,,0,0,0,4.531,4.961,0,127,682,401,281,1160,,,28,38,22,29,23,32,21,23,18,26,66,0,.59
2026-05-06 13:31:00,1043,584,262,87.15,,0,0,0,4.7,5.934,0,124,675,405,270,1146,,,26,32,20,26,22,31,22,20,19,24,64,0,0
2026-05-06 13:32:00,1014,594,251,83.33,,0,0,0,4.534,4.719,0,129,651,389,262,1147,,,25,34,26,30,20,31,22,19,22,20,63,0,0
2026-05-06 13:33:00,1020,591,239,80.56,,0,0,0,4.67,6.097,0,143,684,405,279,1179,,,29,28,26,31,21,34,24,23,20,24,62,0,0
2026-05-06 13:34:00,996,592,235,79.17,,0,0,0,4.589,5.185,0,152,665,394,271,1171,,,27,32,22,27,22,33,21,21,18,24,62,0,1.18
2026-05-06 13:35:00,996,593,242,80.9,,0,0,0,4.496,4.423,0,149,677,409,268,1179,,,23,30,21,23,23,28,19,25,20,19,64,0,0
2026-05-06 13:36:00,991,588,237,79.17,,0,0,0,4.501,4.67,0,146,657,398,259,1180,,,26,29,19,23,19,27,20,26,18,18,61,0,0
2026-05-06 13:37:00,996,581,236,78.13,,0,0,0,4.545,6.117,0,168,682,413,269,1188,,,26,28,18,24,17,26,21,28,21,20,61,0,0
2026-05-06 13:38:00,998,580,232,78.47,,0,0,0,4.636,5.359,0,171,666,401,265,1176,,,27,29,21,27,13,30,16,24,19,21,63,0,0
2026-05-06 13:39:00,1002,582,237,79.17,,0,0,0,4.496,4.979,0,164,673,398,275,1192,,,26,26,22,25,13,29,15,22,23,22,62,0,0
2026-05-06 13:40:00,985,595,245,82.99,,0,0,0,4.521,5.666,0,158,655,390,265,1175,,,22,26,19,24,19,29,16,22,20,19,61,0,0
2026-05-06 13:41:00,1008,593,251,84.38,,0,0,0,4.576,4.736,0,159,684,405,279,1195,,,22,24,14,18,19,30,18,19,18,19,62,0,0
2026-05-06 13:42:00,1013,578,259,86.81,,0,0,0,4.558,4.785,0,169,680,399,281,1228,,,23,24,19,21,14,25,21,21,16,20,62,0,0
2026-05-06 13:43:00,1005,580,266,88.89,,0,0,0,4.607,4.817,0,168,681,397,284,1202,,,24,25,20,19,12,23,22,17,16,22,61,0,0
2026-05-06 13:44:00,993,595,250,84.72,,0,0,0,4.516,4.755,0,164,678,390,288,1197,,,28,26,19,23,13,27,21,20,19,24,58,0,0
2026-05-06 13:45:00,991,587,256,85.76,,0,0,0,4.638,4.934,0,159,676,387,289,1198,,,25,29,17,26,16,30,17,16,17,24,58,0,0
2026-05-06 13:46:00,984,584,264,86.46,,0,0,0,4.573,4.71,0,157,654,374,280,1181,,,29,26,17,27,17,26,19,20,14,23,57,0,0
2026-05-06 13:47:00,986,590,246,83.68,,0,0,0,4.55,5.103,0,152,668,378,290,1193,,,28,30,21,24,15,29,16,19,19,22,55,0,0
2026-05-06 13:48:00,968,602,242,81.94,,0,0,0,4.474,4.425,0,156,651,368,283,1185,,,27,28,22,23,12,32,16,20,13,23,53,0,0
2026-05-06 13:49:00,982,593,248,83.33,,0,0,0,4.507,4.776,0,153,643,359,284,1178,,,27,29,24,24,15,30,16,18,13,21,56,0,0
2026-05-06 13:50:00,973,576,244,81.94,,0,0,0,4.35,4.347,0,156,642,347,295,1175,,,27,30,21,29,13,27,17,19,17,23,53,0,0
2026-05-06 13:51:00,967,585,234,79.17,,0,0,0,4.414,5.052,0,153,620,333,287,1153,,,27,32,22,29,16,27,17,19,14,26,54,0,0
2026-05-06 13:52:00,946,599,234,79.17,,0,0,0,4.301,4.417,0,164,603,314,289,1165,,,26,30,24,26,15,30,19,21,14,24,57,0,0
2026-05-06 13:53:00,974,590,233,78.13,,0,0,0,4.366,5.212,0,173,612,310,302,1165,,,27,31,24,27,15,27,21,20,15,25,67,0,0
2026-05-06 13:54:00,958,582,241,79.86,,0,0,0,4.318,4.949,0,166,613,307,306,1165,,,29,28,25,25,16,31,20,20,14,26,67,0,0
2026-05-06 13:55:00,956,595,240,80.56,,0,0,0,4.35,4.745,0,166,637,325,312,1179,,,26,32,24,27,14,33,19,18,15,24,67,0,0
2026-05-06 13:56:00,949,593,248,84.03,,0,0,0,4.195,4.167,0,171,629,319,310,1172,,,26,29,26,22,17,31,17,16,16,28,66,0,0
2026-05-06 13:57:00,982,578,255,83.33,,0,0,0,4.201,4.616,0,155,661,337,324,1169,,,27,25,23,23,15,29,19,17,20,25,71,0,0
2026-05-06 13:58:00,986,568,258,85.07,,0,0,0,4.233,5.159,0,153,652,332,320,1154,,,26,28,25,28,14,26,26,23,20,21,67,0,0
2026-05-06 13:59:00,991,586,241,81.25,,0,0,0,4.31,5.243,0,150,659,338,321,1166,,,25,28,26,27,15,24,24,16,22,27,65,0,0
2026-05-06 14:00:00,988,589,246,82.64,,0,0,0,4.224,5.164,0,154,638,329,309,1169,,,25,31,24,29,18,25,21,17,22,30,64,0,1.18
2026-05-06 14:01:00,1004,569,245,82.99,,0,0,0,4.303,4.683,0,170,668,353,315,1181,,,25,30,26,26,18,28,20,18,20,31,65,0,.59
2026-05-06 14:02:00,988,564,236,80.21,,0,0,0,4.314,5.721,0,164,657,346,311,1202,,,22,33,25,25,19,30,20,21,23,28,65,0,0
2026-05-06 14:03:00,1002,577,230,77.43,,0,0,0,4.35,4.721,0,143,663,346,317,1179,,,26,31,26,28,19,30,24,17,23,25,64,0,0
2026-05-06 14:04:00,1005,566,235,77.78,,0,0,0,4.363,6.197,0,150,674,344,330,1187,,,27,30,22,26,20,28,21,21,24,30,62,0,0
2026-05-06 14:05:00,1003,559,227,77.43,,0,0,0,4.415,4.587,0,147,674,348,326,1174,,,27,30,21,31,20,27,22,24,21,24,59,0,0
2026-05-06 14:06:00,1009,549,243,81.25,,0,0,0,4.304,5.045,0,144,672,348,324,1173,,,29,32,25,28,18,29,21,22,20,21,59,0,2.37
2026-05-06 14:07:00,1032,553,242,80.9,,0,0,0,4.387,4.882,0,152,705,369,336,1192,,,29,34,24,32,20,30,18,23,21,24,59,0,.59
2026-05-06 14:08:00,1030,548,244,82.64,,0,0,0,4.462,7.573,0,145,702,365,337,1186,,,28,33,20,31,19,29,20,23,18,23,58,0,.59
2026-05-06 14:09:00,1026,546,253,83.68,,0,0,0,4.56,5.289,0,138,693,356,337,1165,,,25,32,21,26,20,31,19,23,19,23,57,0,1.18
2026-05-06 14:10:00,1019,553,249,83.68,,0,0,0,4.311,4.815,0,141,673,345,328,1162,,,27,32,18,27,14,29,22,21,22,24,59,0,2.37
2026-05-06 14:11:00,1019,567,256,86.11,,0,0,0,4.435,5.603,0,134,676,345,331,1161,,,24,31,19,32,14,27,23,24,24,25,57,0,1.18
2026-05-06 14:12:00,1006,566,259,87.5,,0,0,0,4.477,6.18,0,143,665,341,324,1162,,,23,33,19,31,11,31,18,25,21,26,57,0,.59
2026-05-06 14:13:00,1011,561,252,86.46,,0,0,0,4.62,5.863,0,139,671,351,320,1165,,,25,32,17,31,14,26,20,24,25,26,63,0,0
2026-05-06 14:14:00,1015,561,257,85.42,,0,0,0,4.491,6.588,0,139,690,368,322,1186,,,23,32,20,28,15,28,22,26,20,26,62,0,0
2026-05-06 14:15:00,1032,564,255,84.03,,0,0,0,4.673,5.947,0,139,678,364,314,1175,,,27,34,21,28,18,32,22,24,22,26,60,0,.59
2026-05-06 14:16:00,1037,580,261,85.76,,0,0,0,4.382,5.092,0,139,677,369,308,1192,,,28,33,19,30,12,28,26,23,23,31,60,0,1.18
2026-05-06 14:17:00,1047,583,254,86.11,,0,0,0,4.525,5.832,0,139,705,388,317,1209,,,28,30,21,30,13,29,24,26,26,32,61,0,.59
2026-05-06 14:18:00,1022,596,241,81.6,,0,0,0,4.528,6.466,0,145,683,378,305,1200,,,28,33,20,30,16,29,24,26,27,29,60,0,.59
2026-05-06 14:19:00,1037,576,239,81.25,,0,0,0,4.649,5.415,0,143,683,378,305,1184,,,26,31,25,34,15,31,20,30,31,27,60,0,1.78
2026-05-06 14:20:00,1021,579,235,78.82,,0,0,0,4.535,5.74,0,150,659,366,293,1200,,,30,28,20,34,22,30,24,34,32,32,59,0,1.18
2026-05-06 14:21:00,1033,579,233,78.82,,0,0,0,4.632,5.713,0,170,714,406,308,1246,,,30,30,22,33,24,27,24,33,37,33,57,0,0
2026-05-06 14:22:00,1029,573,239,79.86,,0,0,0,4.5,6.047,0,164,733,412,321,1261,,,28,33,21,32,18,29,30,32,32,33,56,0,0
2026-05-06 14:23:00,1043,559,232,77.78,,0,0,0,4.618,5.497,0,161,712,402,310,1242,,,26,30,23,33,17,31,33,34,33,36,55,0,0
2026-05-06 14:24:00,1042,551,235,79.51,,0,0,0,4.673,8.572,0,159,690,391,299,1240,,,28,29,26,33,17,34,28,37,33,35,56,0,0
2026-05-06 14:25:00,1059,544,257,86.46,,0,0,0,4.8,5.707,0,141,696,388,308,1209,,,30,27,27,28,21,34,29,33,30,37,55,0,0
2026-05-06 14:26:00,1047,535,266,88.19,,0,0,0,4.5,6.307,0,131,677,376,301,1166,,,33,29,23,32,22,32,26,32,32,37,56,0,0
2026-05-06 14:27:00,1042,545,255,86.11,,0,0,0,4.66,6.363,0,157,684,389,295,1199,,,29,26,21,32,21,31,27,35,39,33,57,0,0
2026-05-06 14:28:00,1033,546,256,86.11,,0,0,0,4.602,8.384,0,156,664,376,288,1198,,,27,27,20,31,19,30,27,35,37,35,60,0,0
2026-05-06 14:29:00,1040,550,244,82.29,,0,0,0,4.776,6.033,0,157,676,376,300,1215,,,28,32,19,33,17,27,27,33,38,33,62,0,0
2026-05-06 14:30:00,1038,547,237,78.82,,0,0,0,4.458,6.641,0,153,650,359,291,1202,,,30,29,21,30,19,27,25,33,36,36,65,0,1.18
2026-05-06 14:31:00,1053,544,238,80.21,,0,0,0,4.661,6.015,0,155,656,356,300,1208,,,29,26,20,26,18,31,22,34,34,40,68,0,1.18
2026-05-06 14:32:00,1041,554,235,78.82,,0,0,0,4.805,8.766,0,168,638,346,292,1210,,,26,26,20,22,20,32,28,33,36,38,69,0,0
2026-05-06 14:33:00,1069,558,247,83.68,,0,0,0,5.016,6.202,0,145,671,370,301,1228,,,27,26,17,23,16,29,29,31,34,36,69,0,0
2026-05-06 14:34:00,1064,568,243,80.9,,0,0,0,4.848,9.807,0,138,660,366,294,1232,,,29,29,17,26,13,30,30,30,36,38,69,0,0
2026-05-06 14:35:00,1074,569,257,83.33,,0,0,0,5.056,5.833,0,122,679,367,312,1211,,,26,30,19,28,18,27,31,30,34,36,69,0,0
2026-05-06 14:36:00,1058,580,254,85.07,,0,0,0,4.528,5.049,0,118,667,358,309,1217,,,25,29,20,25,15,26,34,30,35,36,68,0,0
2026-05-06 14:37:00,1076,570,256,83.33,,0,0,0,4.722,6.798,0,146,695,378,317,1239,,,28,26,18,27,15,30,32,31,35,35,68,0,.59
2026-05-06 14:38:00,1060,570,249,83.33,,0,0,0,4.66,6.96,0,160,686,368,318,1263,,,28,25,18,28,17,30,34,29,35,30,66,0,0
2026-05-06 14:39:00,1077,573,243,80.9,,0,0,0,4.798,5.578,0,147,705,370,335,1248,,,28,25,16,26,17,30,34,30,36,29,64,0,0
2026-05-06 14:40:00,1071,566,243,80.21,,0,0,0,4.58,6.362,0,155,697,362,335,1238,,,28,30,11,24,18,33,34,35,35,28,63,0,0
2026-05-06 14:41:00,1084,561,241,79.86,,0,0,0,4.68,6.094,0,147,719,373,346,1241,,,27,31,14,25,17,30,34,33,33,31,59,0,0
2026-05-06 14:42:00,1083,552,240,79.51,,0,0,0,4.636,7.543,0,138,709,367,342,1229,,,31,30,17,25,17,28,34,33,34,29,59,0,1.18
2026-05-06 14:43:00,1080,552,242,79.86,,0,0,0,4.801,6.516,0,159,721,364,357,1229,,,29,27,20,28,18,31,31,35,37,31,59,0,1.18
2026-05-06 14:44:00,1094,544,262,83.33,,0,0,0,4.793,12.587,0,145,722,354,368,1222,,,29,27,17,29,21,31,33,36,40,31,62,0,.59
2026-05-06 14:45:00,1087,550,257,84.38,,0,0,0,5.019,6.861,0,145,703,346,357,1207,,,30,26,19,29,18,29,36,35,36,28,62,0,.59
2026-05-06 14:46:00,1082,531,262,84.72,,0,0,0,4.603,6.79,0,140,700,344,356,1213,,,32,28,18,30,15,32,40,37,37,26,62,0,.59
2026-05-06 14:47:00,1096,520,268,85.42,,0,0,0,4.806,6.125,0,164,734,369,365,1245,,,27,32,19,31,19,33,40,35,38,26,60,0,.59
2026-05-06 14:48:00,1065,520,267,86.81,,0,0,0,4.803,7.801,0,163,719,360,359,1235,,,24,31,21,34,25,31,37,34,39,24,61,0,.59
2026-05-06 14:49:00,1068,514,255,85.42,,0,0,0,5.059,6.519,0,158,715,352,363,1219,,,30,31,23,37,21,33,38,30,39,26,60,0,1.18
2026-05-06 14:50:00,1064,526,273,89.24,,0,0,0,4.759,6.006,0,153,706,345,361,1247,,,31,30,21,36,18,28,38,32,36,26,59,0,.59
2026-05-06 14:51:00,1096,523,274,89.93,,0,0,0,5.05,7.024,0,148,732,364,368,1236,,,29,31,19,38,17,27,40,29,36,27,59,0,.59
2026-05-06 14:52:00,1088,525,268,89.24,,0,0,0,5.083,6.669,0,150,708,348,360,1250,,,31,28,24,37,20,28,39,25,32,25,60,0,1.18
2026-05-06 14:53:00,1100,526,261,87.85,,0,0,0,5.348,6.597,0,149,720,349,371,1251,,,29,31,27,37,25,31,37,25,34,25,58,0,1.78
2026-05-06 14:54:00,1096,530,271,88.19,,0,0,0,5.428,9.324,0,150,698,340,358,1240,,,29,33,24,38,24,31,36,27,35,22,60,0,1.78
2026-05-06 14:55:00,1085,541,255,84.03,,0,0,0,5.534,5.637,0,148,690,331,359,1233,,,31,35,22,37,24,32,40,27,31,25,57,0,1.78
2026-05-06 14:56:00,1090,546,265,88.54,,0,0,0,5.088,6.165,0,141,674,325,349,1214,,,31,33,22,40,21,31,38,28,27,23,57,0,1.78
2026-05-06 14:57:00,1100,557,271,90.28,,0,0,0,5.239,5.544,0,147,695,337,358,1232,,,32,35,25,36,19,30,34,30,29,23,60,0,1.78
2026-05-06 14:58:00,1094,552,271,89.24,,0,0,0,5.228,8.132,0,135,685,341,344,1225,,,31,32,23,38,19,29,32,32,28,25,59,0,1.78
2026-05-06 14:59:00,1090,550,273,89.24,,0,0,0,5.262,5.13,0,133,668,329,339,1213,,,31,34,24,35,22,30,30,31,26,25,63,0,1.78
2026-05-06 15:00:00,1083,552,279,89.58,,0,0,0,4.959,5.773,0,145,648,322,326,1203,,,28,34,20,35,19,32,32,31,28,24,64,0,3.55
2026-05-06 15:01:00,1090,556,277,89.58,,0,0,0,4.96,5.125,0,139,673,342,331,1206,,,26,35,24,37,21,31,29,34,29,22,68,0,4.73
2026-05-06 15:02:00,1081,560,279,92.36,,0,0,0,4.949,7.654,0,140,657,332,325,1216,,,24,36,26,36,21,31,29,32,30,22,68,0,3.55
2026-05-06 15:03:00,1088,568,273,90.28,,0,0,0,4.961,5.168,0,138,665,330,335,1211,,,23,35,29,34,27,29,29,28,28,26,69,0,2.37
2026-05-06 15:04:00,1071,587,253,84.38,,0,0,0,4.998,7.859,0,138,644,324,320,1197,,,29,36,27,35,25,33,31,24,29,25,70,0,2.96
2026-05-06 15:05:00,1079,574,274,90.28,,0,0,0,5.081,5.327,0,136,674,340,334,1226,,,25,36,31,30,25,31,33,21,33,24,70,0,1.78
2026-05-06 15:06:00,1065,576,263,87.5,,0,0,0,4.793,5.732,0,133,654,332,322,1224,,,23,41,30,33,20,32,32,24,32,22,68,0,1.78
2026-05-06 15:07:00,1090,571,266,88.54,,0,0,0,4.874,5.193,0,151,689,356,333,1248,,,26,39,26,37,18,30,29,23,32,22,69,0,.59
2026-05-06 15:08:00,1066,579,251,82.99,,0,0,0,4.987,8.529,0,152,663,348,315,1234,,,31,41,27,38,22,27,34,23,34,23,65,0,2.37
2026-05-06 15:09:00,1060,588,243,80.21,,0,0,0,5.027,5.22,0,159,668,350,318,1238,,,29,42,27,34,23,28,34,25,34,28,67,0,1.18
2026-05-06 15:10:00,1056,580,230,76.74,,0,0,0,4.681,4.788,0,153,646,336,310,1212,,,28,42,25,34,22,32,31,25,37,26,64,0,0
2026-05-06 15:11:00,1058,595,224,76.04,,0,0,0,4.712,5.064,0,153,671,352,319,1220,,,30,41,23,32,22,30,27,24,35,30,63,0,.59
2026-05-06 15:12:00,1046,585,222,73.26,,0,0,0,4.703,5.221,0,173,653,345,308,1221,,,29,41,27,30,21,28,30,30,36,29,64,0,.59
2026-05-06 15:13:00,1054,580,219,71.88,,0,0,0,4.722,5.071,0,166,660,358,302,1222,,,30,40,26,29,20,26,27,28,37,26,69,0,.59
2026-05-06 15:14:00,1052,560,223,75,,0,0,0,4.647,5.481,0,167,673,360,313,1232,,,31,41,25,31,20,27,27,29,40,21,68,0,.59
2026-05-06 15:15:00,1058,571,235,79.17,,0,0,0,4.696,5.573,0,158,665,350,315,1208,,,30,40,26,32,22,27,28,34,37,21,69,0,.59
2026-05-06 15:16:00,1057,575,249,83.33,,0,0,0,4.492,3.987,0,143,660,349,311,1193,,,32,37,26,32,17,32,25,32,31,22,69,0,1.18
2026-05-06 15:17:00,1068,584,252,83.68,,0,0,0,4.568,5.769,0,144,687,369,318,1219,,,33,37,24,32,18,31,24,31,27,23,66,0,1.18
2026-05-06 15:18:00,1048,575,267,87.5,,0,0,0,4.408,3.981,0,146,673,365,308,1227,,,34,32,28,35,17,30,25,32,25,22,65,0,1.18
2026-05-06 15:19:00,1068,568,273,89.93,,0,0,0,4.489,5.739,0,142,701,383,318,1234,,,31,30,28,35,19,30,29,31,22,21,66,0,1.18
2026-05-06 15:20:00,1050,575,262,88.54,,0,0,0,4.37,5.215,0,145,686,379,307,1234,,,33,30,29,32,22,30,33,34,26,22,65,0,2.37
2026-05-06 15:21:00,1066,570,250,85.42,,0,0,0,4.388,4.692,0,151,697,382,315,1230,,,30,35,29,35,21,31,30,33,27,23,66,0,1.18
2026-05-06 15:22:00,1063,572,252,82.64,,0,0,0,4.377,4.921,0,154,683,371,312,1248,,,31,36,27,33,21,31,31,31,30,23,66,0,1.18
2026-05-06 15:23:00,1080,567,249,83.33,,0,0,0,4.419,4.709,0,144,698,381,317,1220,,,31,36,32,36,24,26,32,31,29,24,64,0,1.18
2026-05-06 15:24:00,1078,570,258,84.03,,0,0,0,4.438,7.726,0,142,710,382,328,1227,,,33,36,31,37,20,33,30,27,29,23,65,0,1.18
2026-05-06 15:25:00,1071,575,262,85.76,,0,0,0,4.508,5.012,0,132,689,370,319,1196,,,33,35,29,36,19,33,28,28,27,22,64,0,1.18
2026-05-06 15:26:00,1067,568,260,86.46,,0,0,0,4.306,4.195,0,146,682,372,310,1202,,,29,38,30,39,18,35,25,29,27,22,63,0,1.18
2026-05-06 15:27:00,1087,558,256,84.03,,0,0,0,4.379,5.363,0,137,688,385,303,1212,,,32,34,31,39,16,36,25,30,28,27,69,0,1.18
2026-05-06 15:28:00,1082,565,244,81.6,,0,0,0,4.441,6.338,0,134,708,389,319,1230,,,35,34,32,37,18,35,25,30,28,29,67,0,1.18
2026-05-06 15:29:00,1082,576,247,80.56,,0,0,0,4.428,4.415,0,129,695,381,314,1208,,,34,32,32,40,20,34,22,29,30,32,65,0,1.18
2026-05-06 15:30:00,1081,559,249,82.64,,0,0,0,4.33,4.698,0,133,692,382,310,1230,,,34,32,28,41,23,37,20,32,30,31,66,0,1.18
2026-05-06 15:31:00,1095,555,239,80.56,,0,0,0,4.351,4.51,0,132,712,389,323,1221,,,33,30,28,41,25,35,22,30,26,27,64,0,0
2026-05-06 15:32:00,1107,547,256,85.76,,0,0,0,4.442,6.449,0,153,713,382,331,1242,,,35,32,33,37,22,36,24,29,26,27,65,0,0
2026-05-06 15:33:00,1113,563,254,85.42,,0,0,0,4.43,4.128,0,152,756,411,345,1251,,,35,33,31,37,17,35,24,28,27,25,67,0,.59
2026-05-06 15:34:00,1111,569,248,83.33,,0,0,0,4.427,6.228,0,142,736,399,337,1242,,,34,32,28,41,18,35,30,26,26,27,67,0,.59
2026-05-06 15:35:00,1115,565,241,79.17,,0,0,0,4.465,4.724,0,143,754,410,344,1255,,,32,32,31,41,21,36,29,24,29,26,68,0,.59
2026-05-06 15:36:00,1101,569,237,80.21,,0,0,0,4.484,6.094,0,157,732,398,334,1275,,,32,36,29,43,22,31,25,27,29,29,67,0,.59
2026-05-06 15:37:00,1136,573,237,79.86,,0,0,0,4.454,4.35,0,147,762,417,345,1258,,,32,33,31,35,25,35,28,22,31,30,66,0,.59
2026-05-06 15:38:00,1120,573,242,81.94,,0,0,0,4.435,5.916,0,145,748,408,340,1273,,,31,35,31,33,22,36,32,19,26,27,65,0,.59
2026-05-06 15:39:00,1124,571,248,82.99,,0,0,0,4.493,4.84,0,142,757,405,352,1257,,,33,33,29,35,21,35,29,25,23,26,64,0,1.18
2026-05-06 15:40:00,1111,590,242,81.94,,0,0,0,4.408,5.544,0,141,737,389,348,1252,,,33,35,27,34,23,33,29,24,27,24,63,0,.59
2026-05-06 15:41:00,1141,573,247,82.29,,0,0,0,4.519,5.049,0,135,766,405,361,1269,,,31,35,31,36,19,34,29,24,25,28,64,0,1.18
2026-05-06 15:42:00,1123,590,231,77.08,,0,0,0,4.509,6.771,0,135,747,395,352,1262,,,32,35,33,38,20,36,27,28,27,28,61,0,1.18
2026-05-06 15:43:00,1128,577,226,73.26,,0,0,0,4.628,5.118,0,134,738,395,343,1258,,,31,33,32,39,18,37,27,26,31,29,70,0,1.18
2026-05-06 15:44:00,1101,582,222,73.61,,0,0,0,4.558,6.353,0,143,723,383,340,1258,,,35,35,30,38,21,32,28,29,29,28,70,0,3.55
2026-05-06 15:45:00,1099,578,223,73.96,,0,0,0,4.618,5.221,0,142,720,380,340,1236,,,33,38,28,41,21,31,28,25,25,27,70,0,4.14
2026-05-06 15:46:00,1092,573,225,75.35,,0,0,0,4.339,4.226,0,153,710,375,335,1228,,,30,36,27,38,23,33,29,22,22,22,69,0,3.55
2026-05-06 15:47:00,1099,586,234,77.78,,0,0,0,4.466,5.817,0,136,732,388,344,1224,,,32,38,30,36,22,36,28,26,20,24,72,0,2.37
2026-05-06 15:48:00,1103,566,244,81.94,,0,0,0,4.474,5.688,0,136,720,386,334,1251,,,30,32,27,34,17,31,26,27,26,21,72,0,2.37
2026-05-06 15:49:00,1131,554,251,84.72,,0,0,0,4.593,5.778,0,138,756,412,344,1253,,,33,32,24,33,19,30,24,27,20,23,71,0,2.37
2026-05-06 15:50:00,1116,555,263,86.46,,0,0,0,4.36,4.347,0,149,740,406,334,1242,,,32,34,24,32,21,28,21,24,19,23,70,0,4.14
2026-05-06 15:51:00,1126,568,256,86.11,,0,0,0,4.483,6.808,0,139,768,426,342,1251,,,31,36,24,35,21,26,19,26,21,21,68,0,1.18
2026-05-06 15:52:00,1103,565,254,86.11,,0,0,0,4.394,6.032,0,145,758,422,336,1246,,,31,37,26,33,19,28,17,23,21,20,67,0,0
2026-05-06 15:53:00,1108,567,250,83.68,,0,0,0,4.618,6.994,0,142,764,418,346,1251,,,29,36,27,39,22,28,21,23,22,23,66,0,0
2026-05-06 15:54:00,1082,571,250,83.33,,0,0,0,4.438,6.038,0,146,739,405,334,1262,,,24,37,26,37,20,26,24,17,20,23,65,0,.59
2026-05-06 15:55:00,1089,574,249,84.03,,0,0,0,4.779,7.215,0,140,732,395,337,1245,,,26,38,23,36,19,24,25,22,20,21,67,0,2.37
2026-05-06 15:56:00,1089,579,256,85.76,,0,0,0,4.482,5.591,0,135,723,390,333,1252,,,30,37,19,34,17,25,20,24,19,18,69,0,2.96
2026-05-06 15:57:00,1126,557,267,88.19,,0,0,0,4.737,7.357,0,143,761,415,346,1270,,,27,35,18,30,15,32,23,25,19,21,68,0,1.18
2026-05-06 15:58:00,1097,574,259,87.15,,0,0,0,4.497,5.985,0,152,746,411,335,1260,,,27,36,25,30,17,29,19,25,18,19,65,0,.59
2026-05-06 15:59:00,1099,591,253,84.38,,0,0,0,4.71,6.55,0,140,760,422,338,1278,,,30,33,25,33,19,30,20,26,20,19,65,0,.59
2026-05-06 16:00:00,1096,571,247,81.94,,0,0,0,4.672,7.407,0,146,749,418,331,1275,,,31,38,23,31,17,31,22,21,22,23,65,0,1.18
2026-05-06 16:01:00,1121,575,249,81.94,,0,0,0,4.919,6.622,0,138,794,459,335,1299,,,32,41,22,27,17,28,22,23,19,24,65,0,.59
2026-05-06 16:02:00,1118,579,255,85.42,,0,0,0,4.836,6.033,0,136,776,448,328,1287,,,27,42,24,27,20,28,20,22,23,21,65,0,0
2026-05-06 16:03:00,1128,580,247,83.33,,0,0,0,4.971,6.852,0,129,799,460,339,1306,,,27,42,19,27,21,32,17,24,21,24,68,0,0
2026-05-06 16:04:00,1125,577,242,81.6,,0,0,0,4.803,4.865,0,148,781,455,326,1348,,,29,41,24,26,17,29,22,23,22,22,66,0,0
2026-05-06 16:05:00,1134,573,239,80.9,,0,0,0,5.021,6.615,0,146,801,472,329,1330,,,30,40,18,28,13,31,23,25,23,24,65,0,0
2026-05-06 16:06:00,1133,578,241,81.94,,0,0,0,4.836,5.446,0,141,796,461,335,1316,,,30,40,18,28,14,30,26,24,22,22,66,0,0
2026-05-06 16:07:00,1144,584,247,81.94,,0,0,0,4.894,6.06,0,139,820,470,350,1337,,,33,40,19,27,12,30,25,22,22,23,65,0,0
2026-05-06 16:08:00,1141,565,238,79.86,,0,0,0,4.742,7.036,0,145,812,469,343,1348,,,27,40,25,29,16,30,24,21,21,26,64,0,0
2026-05-06 16:09:00,1146,568,234,78.47,,0,0,0,4.794,6.067,0,131,802,458,344,1324,,,27,39,22,25,17,30,26,19,20,25,66,0,0
2026-05-06 16:10:00,1140,574,241,80.21,,0,0,0,4.478,4.264,0,131,813,474,339,1319,,,28,34,20,30,18,31,21,21,22,24,66,0,0
2026-05-06 16:11:00,1146,562,239,79.51,,0,0,0,4.621,6.243,0,122,803,469,334,1302,,,29,37,19,30,15,32,24,22,20,21,65,0,.59
2026-05-06 16:12:00,1135,558,238,80.21,,0,0,0,4.445,5.403,0,120,788,459,329,1274,,,26,34,24,30,15,33,21,21,18,25,65,0,.59
2026-05-06 16:13:00,1129,563,246,82.29,,0,0,0,4.577,7.21,0,122,779,448,331,1283,,,25,34,21,29,14,34,22,19,21,24,65,0,.59
2026-05-06 16:14:00,1107,560,249,84.03,,0,0,0,4.462,7.89,0,122,759,440,319,1260,,,23,32,19,26,17,36,26,21,19,26,64,0,.59
2026-05-06 16:15:00,1090,565,253,84.38,,0,0,0,4.587,5.971,0,126,750,435,315,1262,,,26,32,18,26,15,31,23,18,19,26,64,0,.59
2026-05-06 16:16:00,1082,563,256,85.76,,0,0,0,4.394,5.996,0,119,752,440,312,1281,,,24,31,21,26,16,31,24,18,18,22,65,0,0
2026-05-06 16:17:00,1082,567,246,83.33,,0,0,0,4.519,5.597,0,145,795,471,324,1304,,,23,34,17,23,16,34,23,19,20,19,64,0,0
2026-05-06 16:18:00,1039,593,229,76.74,,0,0,0,4.628,9.183,0,147,765,455,310,1297,,,25,34,16,22,14,34,23,14,21,19,61,0,0
2026-05-06 16:19:00,1041,585,225,76.04,,0,0,0,4.662,4.513,0,148,754,452,302,1281,,,26,30,18,20,13,31,21,16,19,22,69,0,0
2026-05-06 16:20:00,1039,579,224,75.35,,0,0,0,4.512,4.856,0,146,745,449,296,1270,,,24,28,23,18,15,27,19,18,19,23,71,0,.59
2026-05-06 16:21:00,1052,586,219,73.61,,0,0,0,4.589,4.838,0,146,748,445,303,1274,,,25,30,21,18,17,27,17,15,17,24,77,0,.59
2026-05-06 16:22:00,1048,579,230,77.08,,0,0,0,4.758,7.574,0,146,733,434,299,1262,,,26,32,19,23,15,27,12,17,18,23,78,0,1.18
2026-05-06 16:23:00,1065,573,233,79.17,,0,0,0,4.862,4.669,0,147,764,454,310,1271,,,28,26,19,22,12,28,13,14,21,26,80,0,.59
2026-05-06 16:24:00,1065,562,254,84.72,,0,0,0,4.773,8.458,0,158,756,450,306,1282,,,25,29,17,21,15,26,17,21,21,23,82,0,.59
2026-05-06 16:25:00,1071,554,265,89.24,,0,0,0,4.837,4.56,0,156,771,459,312,1288,,,24,28,17,22,14,24,22,22,22,20,82,0,1.18
2026-05-06 16:26:00,1083,546,270,89.58,,0,0,0,4.674,6.151,0,145,768,464,304,1268,,,26,28,19,22,16,32,21,17,20,23,84,0,2.37
2026-05-06 16:27:00,1085,536,269,90.63,,0,0,0,4.734,5.044,0,139,752,458,294,1248,,,29,30,25,24,14,31,23,17,17,21,83,0,1.78
2026-05-06 16:28:00,1079,517,268,89.93,,0,0,0,4.589,5.392,0,119,742,450,292,1230,,,28,31,24,23,21,33,24,14,15,24,81,0,.59
2026-05-06 16:29:00,1068,510,262,88.19,,0,0,0,4.878,8.039,0,116,752,469,283,1237,,,27,29,24,28,21,33,22,20,16,24,76,0,.59
2026-05-06 16:30:00,1063,515,258,87.85,,0,0,0,4.641,5.131,0,112,739,466,273,1224,,,29,28,22,29,21,35,19,18,21,24,75,0,.59
2026-05-06 16:31:00,1063,514,265,87.15,,0,0,0,4.825,6.688,0,96,733,466,267,1197,,,28,25,24,29,19,32,17,21,24,21,73,0,0
2026-05-06 16:32:00,1061,513,262,88.89,,0,0,0,4.796,5.716,0,106,716,454,262,1212,,,30,24,21,28,18,34,16,23,21,22,71,0,0
2026-05-06 16:33:00,1076,513,267,89.58,,0,0,0,4.973,6.734,0,119,749,471,278,1247,,,30,25,21,27,19,32,17,24,19,23,71,0,0
2026-05-06 16:34:00,1055,520,245,82.29,,0,0,0,4.855,5.099,0,133,738,465,273,1289,,,27,27,22,28,19,31,16,23,21,28,68,0,0
2026-05-06 16:35:00,1058,530,245,81.6,,0,0,0,5.036,6.611,0,123,747,466,281,1269,,,26,28,18,29,20,30,18,23,20,31,64,0,0
2026-05-06 16:36:00,1062,530,247,83.68,,0,0,0,4.845,5.053,0,152,735,456,279,1275,,,26,26,19,27,17,32,20,25,20,29,61,0,0
2026-05-06 16:37:00,1075,543,238,79.86,,0,0,0,4.961,6.003,0,149,757,480,277,1279,,,26,25,23,26,22,28,19,29,18,29,63,0,0
2026-05-06 16:38:00,1073,544,246,81.25,,0,0,0,4.748,5.057,0,143,763,483,280,1289,,,23,24,21,29,22,30,21,28,17,26,64,0,0
2026-05-06 16:39:00,1078,539,243,80.56,,0,0,0,4.908,6.882,0,157,755,479,276,1289,,,21,25,23,27,21,30,18,29,19,26,66,0,0
2026-05-06 16:40:00,1066,554,233,79.86,,0,0,0,4.669,4.84,0,159,731,466,265,1269,,,28,24,22,27,19,32,24,28,21,25,68,0,0
2026-05-06 16:41:00,1090,555,244,82.99,,0,0,0,4.691,5.04,0,165,774,495,279,1290,,,27,24,20,31,18,29,19,25,17,29,70,0,0
2026-05-06 16:42:00,1090,558,254,84.72,,0,0,0,4.601,4.951,0,161,768,490,278,1272,,,25,22,22,27,22,25,21,28,21,26,70,0,0
2026-05-06 16:43:00,1086,571,244,82.64,,0,0,0,4.57,4.584,0,158,799,514,285,1315,,,24,23,22,27,22,24,16,27,24,27,69,0,0
2026-05-06 16:44:00,1086,571,249,84.38,,0,0,0,4.568,5.776,0,159,801,516,285,1305,,,30,21,25,30,21,26,24,26,19,28,67,0,0
2026-05-06 16:45:00,1083,567,270,90.63,,0,0,0,4.651,5.208,0,147,784,501,283,1287,,,28,18,24,32,19,25,23,26,20,24,65,0,0
2026-05-06 16:46:00,1095,565,274,91.67,,0,0,0,4.527,5.065,0,145,775,493,282,1268,,,29,21,26,29,16,24,28,24,21,27,66,0,0
2026-05-06 16:47:00,1084,558,271,90.97,,0,0,0,4.625,5.43,0,140,755,481,274,1259,,,30,27,24,28,19,24,25,27,23,23,66,0,0
2026-05-06 16:48:00,1083,551,261,87.15,,0,0,0,4.63,5.86,0,139,740,477,263,1237,,,27,24,27,24,19,26,27,25,24,28,65,0,1.18
2026-05-06 16:49:00,1081,556,271,89.93,,0,0,0,4.653,4.915,0,143,728,471,257,1241,,,26,24,26,25,23,27,21,26,23,26,67,0,.59
2026-05-06 16:50:00,1073,543,264,88.89,,0,0,0,4.587,4.754,0,137,709,454,255,1223,,,24,27,23,27,20,29,22,25,24,28,64,0,0
2026-05-06 16:51:00,1072,537,271,92.01,,0,0,0,4.623,4.86,0,127,708,461,247,1212,,,25,24,21,27,19,29,25,25,20,25,61,0,0
2026-05-06 16:52:00,1048,552,261,87.85,,0,0,0,4.667,5.889,0,128,690,450,240,1197,,,20,29,22,26,18,27,23,29,20,25,61,0,0
2026-05-06 16:53:00,1041,549,258,86.81,,0,0,0,4.803,5.857,0,127,680,447,233,1191,,,25,30,20,28,17,28,22,28,25,24,61,0,1.18
2026-05-06 16:54:00,1026,544,259,86.81,,0,0,0,4.768,5.529,0,135,664,436,228,1181,,,23,28,22,28,19,25,22,22,21,24,61,0,.59
2026-05-06 16:55:00,1007,539,257,86.11,,0,0,0,4.863,5.677,0,135,648,427,221,1174,,,27,26,21,28,20,24,19,23,21,26,60,0,0
2026-05-06 16:56:00,999,544,254,85.76,,0,0,0,4.816,5.905,0,167,631,417,214,1221,,,28,25,21,32,18,23,19,19,22,22,63,0,0
2026-05-06 16:57:00,1004,548,259,86.81,,0,0,0,4.87,5.593,0,163,661,436,225,1202,,,24,30,20,28,17,23,20,18,21,23,63,0,0
2026-05-06 16:58:00,988,562,247,84.03,,0,0,0,4.787,5.551,0,190,654,432,222,1207,,,25,30,22,24,16,28,17,21,21,27,63,0,.59
2026-05-06 16:59:00,988,569,258,86.11,,0,0,0,4.874,5.115,0,178,668,445,223,1197,,,25,28,20,25,17,27,15,19,19,32,67,0,.59
2026-05-06 17:00:00,976,572,270,88.89,,0,0,0,4.808,5.435,0,192,675,456,219,1247,,,22,28,24,26,15,25,19,16,17,29,64,0,0
2026-05-06 17:01:00,985,571,267,89.58,,0,0,0,4.917,5.614,0,187,708,474,234,1228,,,22,28,22,25,12,23,22,19,17,25,63,0,0
2026-05-06 17:02:00,992,557,266,88.89,,0,0,0,4.845,5.852,0,175,738,486,252,1257,,,25,25,18,21,14,21,22,19,18,22,64,0,.59
2026-05-06 17:03:00,1002,554,263,88.89,,0,0,0,4.898,5.731,0,165,716,471,245,1235,,,20,24,18,24,15,27,24,16,18,24,68,0,1.78
2026-05-06 17:04:00,994,557,274,90.28,,0,0,0,4.935,6.056,0,175,728,476,252,1249,,,21,22,18,23,10,26,22,22,15,24,67,0,1.18
2026-05-06 17:05:00,1014,560,281,94.1,,0,0,0,5.058,5.914,0,168,720,468,252,1239,,,19,24,22,26,15,22,21,20,15,20,65,0,.59
2026-05-06 17:06:00,1019,560,284,93.4,,0,0,0,4.905,5.628,0,157,699,455,244,1237,,,20,27,20,26,12,21,18,23,18,18,64,0,.59
2026-05-06 17:07:00,1029,568,282,94.1,,0,0,0,5.06,6.08,0,165,717,457,260,1236,,,27,23,18,26,14,27,22,24,12,17,63,0,.59
2026-05-06 17:08:00,1036,561,287,95.14,,0,0,0,4.91,4.943,0,160,700,445,255,1226,,,30,23,15,25,18,22,20,22,15,20,63,0,1.78
2026-05-06 17:09:00,1041,565,287,95.49,,0,0,0,5.113,6.413,0,157,699,436,263,1230,,,28,24,21,26,14,21,14,22,16,19,70,0,1.18
2026-05-06 17:10:00,1019,580,280,94.1,,0,0,0,5.022,5.894,0,159,678,425,253,1214,,,26,26,25,27,15,24,17,23,20,24,70,0,.59
2026-05-06 17:11:00,1032,583,280,93.4,,0,0,0,5.141,6.103,0,144,707,441,266,1221,,,25,26,24,24,19,22,21,21,18,23,77,0,0
2026-05-06 17:12:00,1027,585,276,91.67,,0,0,0,5.051,5.433,0,147,690,432,258,1220,,,25,24,23,27,18,21,19,24,23,27,78,0,0
2026-05-06 17:13:00,1049,580,285,93.4,,0,0,0,5.125,5.453,0,143,720,454,266,1251,,,27,26,22,25,17,23,24,23,22,31,80,0,0
2026-05-06 17:14:00,1060,569,287,94.44,,0,0,0,5.126,6.749,0,137,702,443,259,1251,,,27,25,27,28,18,21,23,25,19,29,82,0,0
2026-05-06 17:15:00,1059,575,283,93.06,,0,0,0,5.216,6.028,0,142,728,455,273,1274,,,29,28,26,27,16,19,24,25,20,24,80,0,0
2026-05-06 17:16:00,1059,581,286,94.79,,0,0,0,5.038,5.602,0,134,711,441,270,1252,,,31,25,24,28,22,20,24,26,21,26,85,0,0
2026-05-06 17:17:00,1067,585,272,91.32,,0,0,0,5.051,5.331,0,137,730,459,271,1276,,,26,26,23,26,23,24,23,24,22,26,83,0,1.18
2026-05-06 17:18:00,1068,588,278,92.71,,0,0,0,5.075,5.795,0,137,708,447,261,1263,,,27,29,20,24,24,25,23,21,23,27,83,0,.59
2026-05-06 17:19:00,1065,584,262,88.19,,0,0,0,5.102,5.632,0,156,719,451,268,1281,,,27,27,25,29,23,23,24,19,23,23,81,0,0
2026-05-06 17:20:00,1049,579,251,84.38,,0,0,0,4.999,5.29,0,162,705,439,266,1267,,,25,27,27,29,22,25,24,23,25,29,77,0,0
2026-05-06 17:21:00,1054,583,253,84.38,,0,0,0,5.057,5.437,0,161,735,454,281,1268,,,28,27,29,30,21,21,27,21,25,31,72,0,0
2026-05-06 17:22:00,1055,577,253,85.07,,0,0,0,5.038,5.831,0,164,726,443,283,1276,,,30,26,28,26,24,25,26,21,27,30,68,0,0
2026-05-06 17:23:00,1061,577,249,85.42,,0,0,0,5.156,6.042,0,168,736,442,294,1272,,,28,27,25,27,25,25,20,21,28,27,62,0,0
2026-05-06 17:24:00,1057,585,255,86.11,,0,0,0,5.043,6.142,0,161,732,430,302,1256,,,27,28,23,28,19,28,19,22,27,23,63,0,0
2026-05-06 17:25:00,1065,590,260,87.15,,0,0,0,5.159,6.252,0,154,712,421,291,1227,,,29,27,20,29,16,27,19,23,28,28,73,0,0
2026-05-06 17:26:00,1048,592,254,85.07,,0,0,0,4.986,5.736,0,149,699,413,286,1211,,,30,24,23,32,20,27,22,19,28,27,72,0,0
2026-05-06 17:27:00,1071,576,268,88.19,,0,0,0,5.079,5.311,0,142,743,448,295,1231,,,29,24,26,31,21,26,23,19,24,27,71,0,0
2026-05-06 17:28:00,1068,571,269,89.93,,0,0,0,4.983,5.506,0,137,739,443,296,1250,,,26,24,24,27,26,29,22,22,23,22,69,0,0
2026-05-06 17:29:00,1076,568,277,91.67,,0,0,0,5.085,5.827,0,126,735,434,301,1221,,,25,28,24,30,25,28,21,21,20,22,71,0,.59
2026-05-06 17:30:00,1066,568,278,92.71,,0,0,0,4.957,5.083,0,133,722,431,291,1243,,,28,25,24,32,23,31,21,23,21,24,71,0,.59
2026-05-06 17:31:00,1091,566,274,92.01,,0,0,0,5.072,5.796,0,138,761,457,304,1257,,,27,26,28,32,25,30,23,22,19,24,72,0,.59
2026-05-06 17:32:00,1083,580,261,89.58,,0,0,0,4.994,5.822,0,144,738,440,298,1279,,,24,26,29,34,28,30,26,21,19,21,70,0,1.78
2026-05-06 17:33:00,1092,582,268,90.63,,0,0,0,5.142,6.142,0,141,745,439,306,1263,,,22,27,25,30,26,32,29,17,15,21,70,0,.59
2026-05-06 17:34:00,1090,590,266,90.28,,0,0,0,4.931,5.141,0,144,749,432,317,1279,,,26,29,27,33,22,32,25,22,17,20,68,0,0
2026-05-06 17:35:00,1088,570,265,89.93,,0,0,0,5.013,6.16,0,140,730,419,311,1252,,,28,30,26,34,21,33,25,22,18,24,67,0,0
2026-05-06 17:36:00,1074,571,256,85.07,,0,0,0,4.803,5.451,0,156,706,408,298,1239,,,26,30,24,39,28,31,26,23,21,21,71,0,0
2026-05-06 17:37:00,1074,580,242,81.6,,0,0,0,4.945,5.832,0,145,725,419,306,1246,,,27,31,21,36,30,30,28,26,25,22,70,0,0
2026-05-06 17:38:00,1070,578,241,81.25,,0,0,0,4.887,5.934,0,151,730,410,320,1256,,,30,28,25,37,28,29,28,26,21,24,70,0,0
2026-05-06 17:39:00,1049,592,237,79.51,,0,0,0,5.042,6.569,0,148,712,398,314,1223,,,27,27,24,34,26,30,28,28,22,27,69,0,.59
2026-05-06 17:40:00,1042,591,248,82.64,,0,0,0,4.833,5.507,0,161,697,390,307,1226,,,24,28,25,32,25,30,31,28,23,28,71,0,.59
2026-05-06 17:41:00,1062,590,251,84.72,,0,0,0,5.018,7.09,0,151,723,414,309,1230,,,27,25,24,32,22,32,30,29,22,29,74,0,.59
2026-05-06 17:42:00,1058,578,270,89.58,,0,0,0,4.868,5.891,0,147,727,415,312,1257,,,26,27,25,29,21,27,25,31,21,30,74,0,0
2026-05-06 17:43:00,1072,575,265,88.54,,0,0,0,5.087,7.304,0,152,752,425,327,1268,,,25,28,22,29,22,25,24,35,23,26,71,0,0
2026-05-06 17:44:00,1072,575,257,86.46,,0,0,0,4.906,5.525,0,143,739,416,323,1239,,,24,31,23,28,24,29,22,30,23,25,67,0,.59
2026-05-06 17:45:00,1069,594,251,85.07,,0,0,0,5.116,7.517,0,130,749,418,331,1245,,,25,26,23,33,21,27,21,28,22,20,67,0,0
2026-05-06 17:46:00,1058,584,256,86.46,,0,0,0,4.788,5.192,0,140,733,411,322,1231,,,25,25,26,36,19,27,18,30,24,21,68,0,0
2026-05-06 17:47:00,1073,573,254,85.07,,0,0,0,5.071,7.505,0,138,749,420,329,1251,,,25,24,23,33,22,29,21,27,20,23,67,0,0
2026-05-06 17:48:00,1056,581,257,86.11,,0,0,0,4.917,6.448,0,135,726,408,318,1243,,,27,23,20,35,25,26,21,29,20,23,66,0,.59
2026-05-06 17:49:00,1058,565,261,87.15,,0,0,0,5.148,7.006,0,133,731,402,329,1239,,,25,23,20,36,21,24,20,28,23,24,67,0,.59
2026-05-06 17:50:00,1049,563,261,85.76,,0,0,0,4.961,6.311,0,126,720,398,322,1224,,,26,23,23,34,19,23,24,25,24,27,66,0,.59
2026-05-06 17:51:00,1054,582,249,84.03,,0,0,0,5.187,6.993,0,125,745,417,328,1221,,,27,23,22,32,17,24,27,27,21,22,63,0,.59
2026-05-06 17:52:00,1053,582,255,84.72,,0,0,0,4.886,4.725,0,130,721,402,319,1214,,,25,25,21,30,22,25,26,25,21,21,63,0,0
2026-05-06 17:53:00,1055,577,251,83.68,,0,0,0,5.117,7.392,0,138,720,401,319,1218,,,25,23,21,30,23,27,25,29,22,18,67,0,0
2026-05-06 17:54:00,1050,568,257,85.42,,0,0,0,4.944,5.947,0,131,710,397,313,1226,,,25,22,21,37,19,26,21,29,21,20,66,0,0
2026-05-06 17:55:00,1056,548,259,86.81,,0,0,0,5.212,7.643,0,141,720,395,325,1214,,,29,25,22,33,20,25,21,28,21,21,66,0,.59
2026-05-06 17:56:00,1060,553,260,87.5,,0,0,0,4.883,4.873,0,145,712,392,320,1204,,,29,25,23,31,20,26,19,28,15,23,69,0,2.37
2026-05-06 17:57:00,1049,563,252,84.72,,0,0,0,5.109,8.152,0,141,729,406,323,1226,,,26,23,22,28,18,24,23,27,19,20,70,0,2.37
2026-05-06 17:58:00,1039,563,249,84.03,,0,0,0,4.755,5.093,0,144,712,396,316,1233,,,25,20,23,29,18,27,27,26,14,20,69,0,.59
2026-05-06 17:59:00,1044,559,249,83.33,,0,0,0,5.035,7.99,0,145,717,392,325,1214,,,22,23,24,28,18,25,25,24,19,20,67,0,1.18
2026-05-06 18:00:00,1026,569,240,80.56,,0,0,0,4.694,5.249,0,143,688,376,312,1202,,,23,28,20,28,14,24,20,22,21,21,66,0,1.78
2026-05-06 18:01:00,1044,543,252,86.46,,0,0,0,4.988,8.035,0,145,709,383,326,1195,,,27,25,20,28,16,24,15,22,18,16,71,0,.59
2026-05-06 18:02:00,1043,534,270,88.54,,0,0,0,4.795,5.46,0,133,705,383,322,1211,,,24,23,18,25,23,23,14,21,23,14,70,0,0
2026-05-06 18:03:00,1042,546,262,87.5,,0,0,0,5.078,9.161,0,134,726,396,330,1203,,,22,23,19,27,21,23,16,21,19,18,65,0,0
2026-05-06 18:04:00,1034,553,259,87.5,,0,0,0,4.693,5.132,0,126,731,390,341,1187,,,21,30,24,30,17,23,18,21,19,19,65,0,0
2026-05-06 18:05:00,1039,567,271,87.5,,0,0,0,5.084,8.323,0,116,710,375,335,1159,,,28,30,20,29,16,26,20,21,17,16,66,0,0
2026-05-06 18:06:00,1009,587,252,84.72,,0,0,0,4.806,5.909,0,111,686,361,325,1151,,,29,28,21,28,13,29,19,19,17,23,64,0,0
2026-05-06 18:07:00,1037,577,250,83.68,,0,0,0,5.095,7.524,0,129,728,384,344,1195,,,25,25,21,29,15,25,20,22,20,27,60,0,1.18
2026-05-06 18:08:00,1019,571,240,80.9,,0,0,0,4.734,5.156,0,133,715,378,337,1201,,,24,29,22,27,14,29,23,19,20,25,62,0,1.78
2026-05-06 18:09:00,1027,574,233,78.47,,0,0,0,4.993,8.04,0,134,725,380,345,1203,,,24,31,24,26,13,28,27,21,20,26,60,0,0
2026-05-06 18:10:00,1003,568,223,74.65,,0,0,0,4.807,6.475,0,148,701,370,331,1179,,,25,29,24,26,19,26,26,24,20,26,56,0,0
2026-05-06 18:11:00,1013,567,221,74.31,,0,0,0,5.058,7.408,0,137,730,399,331,1192,,,26,28,23,28,18,25,26,21,20,26,60,0,.59
2026-05-06 18:12:00,1005,575,237,78.47,,0,0,0,4.774,4.944,0,145,714,386,328,1195,,,24,26,23,24,19,25,25,21,19,23,62,0,0
2026-05-06 18:13:00,1015,565,245,82.29,,0,0,0,4.894,5.612,0,138,731,389,342,1191,,,22,31,25,22,16,24,25,19,20,23,66,0,0
2026-05-06 18:14:00,1004,567,245,80.9,,0,0,0,4.781,5.218,0,136,722,388,334,1188,,,25,29,22,23,17,24,24,18,19,27,65,0,.59
2026-05-06 18:15:00,1010,559,251,83.33,,0,0,0,5.018,7.626,0,133,714,377,337,1172,,,23,24,22,27,14,27,22,25,24,27,64,0,1.18
2026-05-06 18:16:00,996,545,253,83.33,,0,0,0,4.736,4.861,0,152,693,366,327,1208,,,28,29,23,28,9,25,20,24,21,27,64,0,2.37
2026-05-06 18:17:00,1002,545,240,79.17,,0,0,0,4.891,7.311,0,148,715,380,335,1199,,,28,28,23,27,16,27,23,27,22,25,66,0,4.14
2026-05-06 18:18:00,1012,534,248,79.86,,0,0,0,4.747,5.895,0,147,728,383,345,1228,,,30,26,27,24,17,29,23,23,24,23,66,0,5.33
2026-05-06 18:19:00,1000,524,228,75.35,,0,0,0,4.988,7.807,0,155,719,381,338,1201,,,30,30,29,27,21,31,28,22,27,21,65,0,3.55
2026-05-06 18:20:00,986,515,227,75.35,,0,0,0,4.739,5.544,0,156,698,371,327,1202,,,30,30,29,32,19,31,28,25,23,21,61,0,4.14
2026-05-06 18:21:00,1008,512,233,76.39,,0,0,0,4.997,8.19,0,160,728,390,338,1201,,,28,29,28,32,18,30,26,24,24,27,62,0,4.14
2026-05-06 18:22:00,1005,503,234,77.78,,0,0,0,4.836,4.876,0,154,722,387,335,1220,,,27,30,28,32,20,32,26,28,22,24,62,0,3.55
2026-05-06 18:23:00,1018,500,243,79.51,,0,0,0,5.166,7.539,0,152,738,387,351,1213,,,24,32,25,32,16,32,24,26,19,24,61,0,4.73
2026-05-06 18:24:00,1017,494,244,80.9,,0,0,0,4.993,5.434,0,137,739,376,363,1192,,,29,28,26,33,17,31,24,22,18,20,61,0,4.14
2026-05-06 18:25:00,1015,493,238,80.9,,0,0,0,5.261,9.123,0,136,741,386,355,1207,,,30,25,25,33,17,28,25,22,22,21,61,0,4.73
2026-05-06 18:26:00,1005,483,249,81.94,,0,0,0,5.057,5.38,0,119,717,373,344,1195,,,29,29,26,31,13,28,22,24,19,23,59,0,4.14
2026-05-06 18:27:00,1021,492,257,85.76,,0,0,0,5.303,7.686,0,128,743,393,350,1222,,,27,34,26,28,11,33,19,25,16,20,59,0,4.14
2026-05-06 18:28:00,1018,494,256,85.42,,0,0,0,4.971,5.13,0,132,741,395,346,1213,,,32,32,26,30,15,31,19,25,12,23,62,0,2.37
2026-05-06 18:29:00,1029,498,267,88.19,,0,0,0,5.225,9.414,0,122,723,386,337,1196,,,33,30,23,33,14,33,27,25,13,20,66,0,1.78
2026-05-06 18:30:00,1028,488,264,88.54,,0,0,0,4.871,4.845,0,147,713,379,334,1212,,,37,31,28,27,14,29,22,27,15,18,63,0,1.78
2026-05-06 18:31:00,1059,501,262,88.54,,0,0,0,5.086,8.616,0,141,742,389,353,1238,,,31,29,28,34,16,27,23,25,19,18,64,0,1.78
2026-05-06 18:32:00,1038,520,251,85.07,,0,0,0,4.861,6.088,0,150,730,379,351,1241,,,32,30,27,30,18,30,24,26,17,16,65,0,1.18
2026-05-06 18:33:00,1021,538,245,81.94,,0,0,0,5.089,7.125,0,151,730,374,356,1219,,,36,28,23,33,15,30,25,21,19,20,65,0,1.78
2026-05-06 18:34:00,1018,529,249,83.33,,0,0,0,4.956,5.472,0,153,715,371,344,1208,,,30,26,22,32,15,30,25,23,18,22,68,0,3.55
2026-05-06 18:35:00,1026,535,255,86.11,,0,0,0,5.112,7.024,0,153,713,363,350,1212,,,30,27,23,30,16,31,20,24,21,22,68,0,3.55
2026-05-06 18:36:00,1023,520,257,86.11,,0,0,0,4.987,6.603,0,162,697,350,347,1209,,,28,26,26,29,19,30,20,26,19,21,67,0,5.92
2026-05-06 18:37:00,1038,519,251,85.07,,0,0,0,5.175,6.961,0,152,713,364,349,1221,,,31,26,26,30,15,30,19,23,17,21,68,0,6.51
2026-05-06 18:38:00,1033,537,263,85.76,,0,0,0,5.066,6.13,0,153,713,357,356,1242,,,34,27,23,30,17,26,19,21,21,17,68,0,6.51
2026-05-06 18:39:00,1031,543,267,88.89,,0,0,0,5.235,7.256,0,158,720,368,352,1236,,,30,27,21,28,19,29,17,23,15,21,67,0,7.1
2026-05-06 18:40:00,1039,544,277,92.71,,0,0,0,5.143,6.005,0,138,702,360,342,1215,,,26,30,21,28,22,32,15,26,20,23,64,0,4.14
2026-05-06 18:41:00,1035,548,268,89.24,,0,0,0,5.362,6.807,0,149,725,378,347,1240,,,27,27,24,24,25,30,18,27,19,24,63,0,2.37
2026-05-06 18:42:00,1027,544,270,89.58,,0,0,0,5.115,5.59,0,148,712,364,348,1227,,,28,29,28,29,21,31,18,28,21,22,61,0,3.55
2026-05-06 18:43:00,1032,526,269,88.54,,0,0,0,5.235,6.786,0,139,700,351,349,1200,,,30,29,23,27,21,30,23,27,23,24,63,0,3.55
2026-05-06 18:44:00,1025,536,265,87.85,,0,0,0,5.121,5.461,0,150,689,336,353,1192,,,27,29,18,30,20,31,18,29,17,21,63,0,3.55
2026-05-06 18:45:00,1006,544,257,85.76,,0,0,0,5.335,7.695,0,150,667,326,341,1170,,,28,26,18,29,21,30,16,26,20,21,63,0,2.96
2026-05-06 18:46:00,994,561,244,80.9,,0,0,0,4.954,5.052,0,148,642,316,326,1166,,,28,27,19,31,21,29,17,25,21,23,69,0,4.73
2026-05-06 18:47:00,994,564,241,79.51,,0,0,0,5.04,5.684,0,147,673,340,333,1171,,,27,26,20,27,21,30,18,25,17,20,68,0,2.96
2026-05-06 18:48:00,983,569,247,81.25,,0,0,0,4.946,5.621,0,142,668,337,331,1177,,,27,27,21,27,19,27,20,24,22,23,71,0,2.96
2026-05-06 18:49:00,993,566,248,84.72,,0,0,0,4.977,5.169,0,140,679,337,342,1163,,,25,26,19,29,19,27,17,26,20,25,72,0,3.55
2026-05-06 18:50:00,999,565,264,86.81,,0,0,0,4.859,5.056,0,136,669,330,339,1160,,,24,25,20,25,17,26,16,23,22,25,72,0,3.55
2026-05-06 18:51:00,1018,555,266,88.89,,0,0,0,4.866,4.812,0,155,701,350,351,1195,,,24,25,16,28,22,25,18,19,25,26,71,0,4.73
2026-05-06 18:52:00,1017,554,281,92.36,,0,0,0,4.767,4.882,0,184,698,352,346,1216,,,27,25,20,30,19,29,16,21,23,25,70,0,6.51
2026-05-06 18:53:00,1023,562,274,89.93,,0,0,0,4.895,7.045,0,175,716,368,348,1229,,,28,30,24,31,19,28,15,24,25,25,69,0,7.1
2026-05-06 18:54:00,1016,556,273,90.63,,0,0,0,5.04,7.53,0,190,705,363,342,1247,,,29,31,23,29,17,28,19,23,22,27,67,0,5.92
2026-05-06 18:55:00,1029,555,267,87.85,,0,0,0,5.145,5.622,0,177,710,368,342,1239,,,29,27,25,29,18,30,18,20,17,27,66,0,5.33
2026-05-06 18:56:00,1027,553,265,87.15,,0,0,0,5.091,5.393,0,186,717,384,333,1286,,,27,25,22,30,17,30,17,17,22,26,66,0,4.73
2026-05-06 18:57:00,1057,546,256,87.15,,0,0,0,5.148,5.426,0,185,753,413,340,1286,,,29,27,23,30,19,35,20,17,23,24,66,0,3.55
2026-05-06 18:58:00,1050,539,244,81.94,,0,0,0,5.098,5.917,0,187,733,404,329,1279,,,25,29,21,31,20,32,20,20,22,21,65,0,2.96
2026-05-06 18:59:00,1061,544,251,83.33,,0,0,0,5.038,4.486,0,185,719,397,322,1260,,,23,28,23,27,24,31,17,22,22,24,72,0,1.78
2026-05-06 19:00:00,1059,557,257,83.68,,0,0,0,5,5.118,0,182,732,405,327,1263,,,24,26,21,28,17,33,19,21,21,25,69,0,1.18
2026-05-06 19:01:00,1071,559,258,84.03,,0,0,0,5.081,5.101,0,176,712,395,317,1228,,,23,25,19,31,23,32,21,22,18,24,68,0,0
2026-05-06 19:02:00,1058,562,264,86.46,,0,0,0,4.991,5.063,0,162,691,378,313,1208,,,20,27,23,32,20,31,20,22,17,22,70,0,.59
2026-05-06 19:03:00,1043,569,268,88.89,,0,0,0,4.998,5.581,0,157,671,364,307,1193,,,23,24,22,30,17,29,17,19,16,26,70,0,4.14
2026-05-06 19:04:00,1017,580,270,88.89,,0,0,0,4.815,4.968,0,157,648,351,297,1177,,,26,27,21,27,20,28,15,23,25,30,71,0,4.73
2026-05-06 19:05:00,1004,577,273,91.67,,0,0,0,4.897,6.235,0,148,632,345,287,1155,,,26,25,22,31,19,29,15,26,22,26,72,0,2.96
2026-05-06 19:06:00,988,583,267,87.85,,0,0,0,4.743,5.277,0,153,606,334,272,1147,,,26,23,21,31,20,30,19,25,21,27,69,0,1.78
2026-05-06 19:07:00,997,588,268,89.93,,0,0,0,4.831,6.327,0,149,642,357,285,1176,,,26,27,20,31,21,28,19,22,19,26,68,0,1.18
2026-05-06 19:08:00,985,581,271,91.32,,0,0,0,4.704,4.928,0,147,648,362,286,1199,,,27,26,23,28,16,30,17,22,19,24,69,0,0
2026-05-06 19:09:00,993,583,276,90.97,,0,0,0,4.882,6.437,0,159,631,350,281,1199,,,29,26,18,28,18,30,16,18,21,22,69,0,.59
2026-05-06 19:10:00,960,595,256,86.81,,0,0,0,4.738,5.668,0,192,604,339,265,1239,,,28,26,19,28,20,29,17,16,19,26,66,0,0
2026-05-06 19:11:00,986,596,249,83.68,,0,0,0,4.902,6.446,0,177,633,358,275,1209,,,25,28,22,33,19,28,19,15,19,25,62,0,.59
2026-05-06 19:12:00,972,592,246,82.64,,0,0,0,4.706,4.576,0,191,624,350,274,1237,,,26,26,25,34,18,29,16,19,21,22,61,0,1.78
2026-05-06 19:13:00,978,588,243,82.64,,0,0,0,4.82,6.542,0,181,638,360,278,1215,,,27,29,24,30,19,30,15,23,20,26,61,0,1.18
2026-05-06 19:14:00,982,575,258,84.72,,0,0,0,4.629,4.975,0,169,626,352,274,1202,,,29,30,17,29,17,27,17,26,20,26,65,0,1.18
2026-05-06 19:15:00,978,582,252,84.38,,0,0,0,4.819,6.744,0,167,641,362,279,1211,,,27,29,22,27,16,31,15,26,19,24,64,0,.59
2026-05-06 19:16:00,957,587,245,81.6,,0,0,0,4.58,5.371,0,159,613,343,270,1203,,,25,28,23,29,19,31,21,22,18,26,62,0,.59
2026-05-06 19:17:00,964,583,242,81.6,,0,0,0,4.737,6.571,0,172,648,381,267,1222,,,24,27,19,27,18,29,19,25,21,27,68,0,0
2026-05-06 19:18:00,965,592,248,82.99,,0,0,0,4.563,4.682,0,164,627,368,259,1208,,,26,29,18,29,19,29,16,25,22,28,67,0,0
2026-05-06 19:19:00,957,606,234,79.86,,0,0,0,4.853,8.12,0,160,624,360,264,1180,,,23,30,25,28,18,30,14,27,22,25,71,0,0
2026-05-06 19:20:00,955,589,246,83.33,,0,0,0,4.571,4.537,0,168,616,352,264,1174,,,23,28,21,28,16,30,10,26,24,27,73,0,0
2026-05-06 19:21:00,984,585,258,85.07,,0,0,0,4.773,6.932,0,154,647,372,275,1188,,,27,25,17,32,16,29,16,25,25,25,76,0,0
2026-05-06 19:22:00,986,595,259,86.46,,0,0,0,4.517,4.417,0,154,654,371,283,1207,,,27,27,19,31,18,29,18,24,24,26,77,0,0
2026-05-06 19:23:00,991,602,254,84.72,,0,0,0,4.797,8.096,0,142,637,361,276,1178,,,29,28,20,31,17,26,17,25,26,25,74,0,0
2026-05-06 19:24:00,992,606,251,84.38,,0,0,0,4.517,4.494,0,153,630,356,274,1195,,,27,25,24,30,17,26,15,24,29,26,72,0,0
2026-05-06 19:25:00,1006,593,246,82.99,,0,0,0,4.728,6.735,0,144,630,347,283,1183,,,28,24,18,31,17,25,22,24,27,23,72,0,0
2026-05-06 19:26:00,1008,585,248,84.38,,0,0,0,4.397,4.084,0,134,627,342,285,1178,,,26,27,20,31,18,26,20,24,28,31,71,0,0
2026-05-06 19:27:00,1014,589,252,82.93,,0,0,0,4.535,6.616,0,149,659,368,291,1207,,,25,28,21,31,19,25,19,25,32,29,67,0,0
2026-05-06 19:28:00,997,591,241,81.88,,0,0,0,4.327,3.897,0,165,648,363,285,1236,,,23,29,20,31,17,22,26,26,29,28,67,0,0
2026-05-06 19:29:00,1007,577,236,79.44,,0,0,0,4.506,7.418,0,155,654,371,283,1219,,,22,31,18,28,17,25,28,27,32,30,67,0,0
2026-05-06 19:30:00,998,575,240,79.79,,0,0,0,4.216,4.276,0,158,658,380,278,1221,,,24,29,17,31,19,27,27,30,33,32,64,0,0
2026-05-06 19:31:00,1004,584,241,80.84,,0,0,0,4.474,7.715,0,173,678,393,285,1231,,,25,28,20,29,16,30,25,35,31,34,64,0,0
2026-05-06 19:32:00,989,580,239,80.84,,0,0,0,4.18,4.088,0,182,692,395,297,1240,,,23,29,20,29,19,26,21,33,30,31,64,0,0
2026-05-06 19:33:00,1005,562,239,79.79,,0,0,0,4.461,8.496,0,184,672,380,292,1225,,,26,26,19,28,16,26,26,31,29,31,64,0,0
2026-05-06 19:34:00,1001,567,241,80.84,,0,0,0,4.145,4.66,0,180,647,363,284,1227,,,26,27,21,22,18,26,23,30,28,31,66,0,0
2026-05-06 19:35:00,1006,576,251,85.02,,0,0,0,4.187,4.939,0,179,646,354,292,1203,,,27,26,20,30,16,27,21,26,29,31,67,0,0
2026-05-06 19:36:00,999,575,258,85.71,,0,0,0,4.239,4.53,0,173,636,350,286,1196,,,29,22,23,29,17,24,18,24,28,29,69,0,0
2026-05-06 19:37:00,997,584,258,85.71,,0,0,0,4.282,5.056,0,169,646,352,294,1203,,,26,24,25,31,14,28,20,24,25,29,72,0,0
2026-05-06 19:38:00,996,573,250,84.32,,0,0,0,4.5,6.4,0,168,627,340,287,1196,,,24,29,25,30,17,29,20,25,28,30,72,0,0
2026-05-06 19:39:00,996,570,250,85.37,,0,0,0,4.33,5.306,0,154,628,330,298,1194,,,25,27,23,27,19,30,21,22,26,27,72,0,0
2026-05-06 19:40:00,977,584,252,84.67,,0,0,0,4.288,4.389,0,156,608,321,287,1208,,,26,25,20,23,19,27,21,26,25,25,72,0,0
2026-05-06 19:41:00,993,578,255,85.02,,0,0,0,4.625,7.604,0,141,650,362,288,1206,,,29,20,20,26,16,30,23,27,28,25,77,0,0
2026-05-06 19:42:00,985,576,244,81.53,,0,0,0,4.31,4.342,0,164,660,360,300,1241,,,31,24,22,31,13,31,23,28,29,24,74,0,0
2026-05-06 19:43:00,998,585,244,80.84,,0,0,0,4.788,10.824,0,158,642,355,287,1240,,,28,26,28,28,17,28,21,25,28,22,70,0,.59
2026-05-06 19:44:00,1002,580,257,83.97,,0,0,0,4.312,4.315,0,158,635,350,285,1215,,,28,24,26,30,17,29,19,25,27,31,71,0,0
2026-05-06 19:45:00,994,584,242,82.23,,0,0,0,4.781,10.215,0,156,618,339,279,1189,,,27,24,27,24,18,30,20,23,26,32,77,0,.59
2026-05-06 19:46:00,1001,571,247,83.28,,0,0,0,4.227,4.063,0,153,606,330,276,1167,,,31,26,26,25,19,31,21,23,28,28,74,0,0
2026-05-06 19:47:00,1025,557,252,85.37,,0,0,0,4.409,6.646,0,144,657,359,298,1180,,,30,25,25,25,22,31,22,24,27,31,75,0,0
2026-05-06 19:48:00,1007,576,243,82.58,,0,0,0,4.31,4.53,0,146,640,339,301,1185,,,29,23,25,26,21,27,24,25,27,28,72,0,0
2026-05-06 19:49:00,1011,573,239,80.84,,0,0,0,4.619,10.135,0,151,652,335,317,1173,,,29,20,26,26,18,30,27,26,25,33,71,0,0
2026-05-06 19:50:00,1003,558,237,79.44,,0,0,0,4.281,4.152,0,173,639,329,310,1172,,,30,27,24,29,18,28,26,28,28,30,71,0,0
2026-05-06 19:51:00,1012,567,240,79.44,,0,0,0,4.423,6.52,0,157,667,344,323,1172,,,28,28,26,29,17,26,29,24,26,31,73,0,0
2026-05-06 19:52:00,1005,562,248,82.58,,0,0,0,4.309,4.178,0,166,656,337,319,1163,,,24,30,27,30,13,27,30,32,28,30,72,0,0
2026-05-06 19:53:00,1015,552,255,84.67,,0,0,0,4.693,9.466,0,153,668,339,329,1156,,,23,28,25,29,16,28,29,30,28,36,76,0,0
2026-05-06 19:54:00,1005,562,260,85.37,,0,0,0,4.327,4.374,0,151,664,331,333,1162,,,22,25,21,30,13,31,31,29,29,36,78,0,.59
2026-05-06 19:55:00,1003,560,257,85.02,,0,0,0,4.397,4.751,0,147,643,320,323,1146,,,21,26,23,27,18,31,33,28,30,37,80,0,1.18
2026-05-06 19:56:00,993,570,257,87.11,,0,0,0,4.442,5.079,0,157,630,315,315,1191,,,25,24,24,29,18,32,24,28,28,35,80,0,0
2026-05-06 19:57:00,1007,577,259,87.46,,0,0,0,4.398,5.137,0,155,659,332,327,1173,,,25,29,23,29,20,29,23,30,24,31,80,0,1.18
2026-05-06 19:58:00,996,567,248,83.62,,0,0,0,4.515,5.733,0,149,643,323,320,1182,,,27,28,25,32,17,30,25,27,26,31,77,0,0
2026-05-06 19:59:00,993,582,256,86.06,,0,0,0,4.44,5.116,0,148,653,328,325,1206,,,28,27,24,32,16,27,24,25,27,31,75,0,0
2026-05-06 20:00:00,984,588,251,84.67,,0,0,0,4.579,5.665,0,170,641,317,324,1205,,,28,26,23,33,15,30,23,24,29,29,72,0,0
2026-05-06 20:01:00,1008,579,262,85.71,,0,0,0,4.478,4.974,0,178,679,350,329,1220,,,28,25,23,28,17,32,27,25,28,26,70,0,.59
2026-05-06 20:02:00,999,587,267,87.8,,0,0,0,4.511,4.601,0,171,661,347,314,1191,,,28,26,24,33,17,33,23,22,27,25,71,0,1.18
2026-05-06 20:03:00,995,597,260,87.11,,0,0,0,4.495,5.337,0,156,643,335,308,1169,,,28,25,23,29,20,31,22,25,24,29,79,0,.59
2026-05-06 20:04:00,991,588,249,84.67,,0,0,0,4.511,4.628,0,151,639,325,314,1156,,,27,28,23,31,21,31,27,25,23,28,79,0,.59
2026-05-06 20:05:00,981,602,241,81.53,,0,0,0,4.42,4.886,0,147,616,315,301,1140,,,30,30,25,32,15,30,25,21,26,28,78,0,.59
2026-05-06 20:06:00,978,596,241,81.88,,0,0,0,4.439,4.745,0,137,599,302,297,1157,,,31,35,24,29,16,27,27,25,28,25,78,0,.59
2026-05-06 20:07:00,1013,582,253,83.62,,0,0,0,4.439,5.008,0,149,636,315,321,1170,,,33,30,20,28,16,30,31,23,26,27,79,0,1.18
2026-05-06 20:08:00,1009,575,251,84.67,,0,0,0,4.455,4.673,0,152,622,307,315,1185,,,28,34,23,25,19,30,34,24,24,26,79,0,.59
2026-05-06 20:09:00,1021,568,255,85.71,,0,0,0,4.439,6.382,0,148,667,329,338,1194,,,27,33,22,26,18,33,34,21,22,24,77,0,.59
2026-05-06 20:10:00,1020,557,258,87.46,,0,0,0,4.594,6.417,0,152,658,321,337,1178,,,31,33,23,24,16,30,30,23,23,22,76,0,2.37
2026-05-06 20:11:00,1037,556,258,84.32,,0,0,0,4.33,4.245,0,137,679,338,341,1180,,,30,34,24,26,19,32,28,24,22,22,78,0,1.78
2026-05-06 20:12:00,1026,553,254,81.88,,0,0,0,4.393,4.981,0,140,677,340,337,1179,,,29,35,22,35,16,34,26,20,23,24,77,0,1.78
2026-05-06 20:13:00,1029,562,241,81.18,,0,0,0,4.503,6.572,0,140,691,347,344,1198,,,28,35,23,36,18,31,26,21,25,23,74,0,1.18
2026-05-06 20:14:00,1017,568,248,81.53,,0,0,0,4.584,5.376,0,133,695,347,348,1206,,,29,38,22,31,16,29,26,19,24,23,74,0,0
2026-05-06 20:15:00,1026,558,248,82.93,,0,0,0,4.624,6.617,0,131,690,349,341,1191,,,29,36,27,32,14,31,25,25,26,26,73,0,0
2026-05-06 20:16:00,1008,558,235,80.14,,0,0,0,4.624,5.933,0,157,669,336,333,1202,,,29,37,27,36,12,30,25,27,24,22,70,0,0
2026-05-06 20:17:00,1034,568,244,82.23,,0,0,0,4.568,4.485,0,152,688,358,330,1213,,,29,34,26,33,11,28,21,24,24,23,72,0,0
2026-05-06 20:18:00,1031,575,248,83.62,,0,0,0,4.67,5.15,0,153,673,351,322,1208,,,31,38,26,33,14,28,23,25,21,25,72,0,0
2026-05-06 20:19:00,1040,578,248,83.97,,0,0,0,4.615,4.44,0,149,692,361,331,1226,,,35,37,26,33,15,29,25,23,20,26,71,0,0
2026-05-06 20:20:00,1020,593,242,81.18,,0,0,0,4.791,5.935,0,151,675,354,321,1216,,,33,34,24,36,13,31,28,23,19,28,69,0,0
2026-05-06 20:21:00,1034,591,232,76.31,,0,0,0,4.66,4.201,0,161,727,385,342,1252,,,33,36,22,35,16,31,32,23,24,27,71,0,0
2026-05-06 20:22:00,1026,598,236,77.7,,0,0,0,4.688,4.498,0,167,718,375,343,1272,,,27,36,25,36,19,28,33,24,24,23,67,0,0
2026-05-06 20:23:00,1038,587,233,78.75,,0,0,0,4.517,3.877,0,164,728,372,356,1265,,,31,36,26,34,20,33,29,24,26,23,68,0,0
2026-05-06 20:24:00,1047,578,255,84.67,,0,0,0,4.504,4.735,0,168,738,369,369,1267,,,30,40,22,31,19,33,22,22,23,23,67,0,0
2026-05-06 20:25:00,1033,590,244,83.28,,0,0,0,4.342,3.984,0,159,715,356,359,1244,,,28,38,20,30,19,32,22,27,25,24,68,0,.59
2026-05-06 20:26:00,1036,579,246,82.23,,0,0,0,4.314,5.269,0,179,692,343,349,1249,,,30,36,22,29,19,25,23,24,26,24,65,0,1.78
2026-05-06 20:27:00,1049,584,253,85.37,,0,0,0,4.231,4.347,0,168,700,360,340,1248,,,29,39,24,26,19,29,22,23,21,24,70,0,2.37
2026-05-06 20:28:00,1049,575,258,85.71,,0,0,0,4.244,5.195,0,161,682,350,332,1228,,,26,36,23,28,18,32,20,24,22,24,68,0,2.37
2026-05-06 20:29:00,1055,572,261,87.46,,0,0,0,4.183,4.261,0,158,685,345,340,1231,,,26,37,24,29,20,28,19,20,24,24,71,0,2.96
2026-05-06 20:30:00,1050,560,266,87.46,,0,0,0,4.388,7.453,0,152,673,346,327,1222,,,28,35,27,31,17,27,17,22,26,22,74,0,4.73
2026-05-06 20:31:00,1062,580,262,86.76,,0,0,0,4.212,4.858,0,146,706,368,338,1231,,,29,35,26,31,18,27,22,25,26,22,73,0,4.73
2026-05-06 20:32:00,1066,570,257,86.41,,0,0,0,4.366,6.126,0,135,704,368,336,1226,,,28,35,27,32,22,23,21,21,28,27,76,0,5.33
2026-05-06 20:33:00,1073,578,256,85.71,,0,0,0,4.387,5.423,0,136,721,381,340,1226,,,28,38,25,32,21,25,21,22,28,26,77,0,4.73
2026-05-06 20:34:00,1067,578,255,86.41,,0,0,0,4.541,5.792,0,127,710,376,334,1204,,,26,39,27,30,20,24,27,24,26,30,76,0,2.96
2026-05-06 20:35:00,1067,573,267,89.55,,0,0,0,4.476,5.54,0,126,707,370,337,1210,,,24,36,22,34,21,31,26,27,27,29,75,0,2.37
2026-05-06 20:36:00,1065,579,268,88.85,,0,0,0,4.559,5.111,0,135,682,362,320,1206,,,25,33,25,35,21,29,28,24,27,29,72,0,1.78
2026-05-06 20:37:00,1078,575,271,88.15,,0,0,0,4.529,6.256,0,131,695,382,313,1207,,,23,33,24,37,20,27,29,26,30,31,74,0,1.78
2026-05-06 20:38:00,1063,588,271,88.5,,0,0,0,4.539,4.62,0,133,682,376,306,1209,,,23,38,23,34,21,26,30,23,31,29,70,0,1.18
2026-05-06 20:39:00,1073,574,273,90.24,,0,0,0,4.599,7.063,0,130,698,378,320,1202,,,22,39,22,32,23,24,31,22,33,26,72,0,1.78
2026-05-06 20:40:00,1060,591,271,90.24,,0,0,0,4.682,5.06,0,138,683,370,313,1207,,,23,40,20,33,21,22,31,23,32,28,69,0,.59
2026-05-06 20:41:00,1059,575,260,85.37,,0,0,0,4.594,5.671,0,134,706,389,317,1224,,,27,41,17,34,24,20,29,28,31,24,66,0,0
2026-05-06 20:42:00,1044,583,267,86.76,,0,0,0,4.659,4.742,0,149,690,381,309,1221,,,27,42,18,35,18,24,33,29,28,26,66,0,1.18
2026-05-06 20:43:00,1032,577,258,85.71,,0,0,0,4.675,6.801,0,145,696,379,317,1209,,,26,41,21,32,18,23,31,28,28,26,67,0,1.18
2026-05-06 20:44:00,1038,576,256,86.06,,0,0,0,4.784,5.699,0,140,692,370,322,1206,,,26,38,23,30,21,24,28,31,29,27,68,0,.59
2026-05-06 20:45:00,1026,582,257,86.76,,0,0,0,4.659,6.101,0,135,684,366,318,1190,,,24,33,26,31,20,25,29,26,28,24,64,0,.59
2026-05-06 20:46:00,1022,578,244,82.93,,0,0,0,4.819,5.615,0,152,669,359,310,1206,,,27,35,22,30,18,29,29,28,31,26,64,0,.59
2026-05-06 20:47:00,1023,574,223,77,,0,0,0,4.814,6.431,0,147,696,378,318,1210,,,28,33,20,34,16,28,31,25,35,25,65,0,0
2026-05-06 20:48:00,988,584,224,74.56,,0,0,0,4.977,5.969,0,139,690,388,302,1202,,,25,36,22,31,17,27,29,29,38,24,63,0,.59
2026-05-06 20:49:00,1004,587,228,77.35,,0,0,0,4.825,6.545,0,131,692,385,307,1197,,,22,35,23,28,21,24,31,26,36,26,66,0,1.78
2026-05-06 20:50:00,1008,568,239,82.23,,0,0,0,5.009,6.474,0,133,685,379,306,1209,,,26,34,23,32,20,23,30,23,31,26,63,0,0
2026-05-06 20:51:00,1040,552,252,84.32,,0,0,0,4.758,5.472,0,132,723,402,321,1234,,,27,30,17,32,19,26,25,25,33,28,63,0,0
2026-05-06 20:52:00,1034,544,256,85.37,,0,0,0,4.87,5.436,0,139,707,392,315,1250,,,28,30,17,30,17,28,25,26,33,25,65,0,.59
2026-05-06 20:53:00,1039,544,245,83.28,,0,0,0,4.921,9.383,0,141,718,396,322,1250,,,27,32,18,32,20,25,24,26,27,23,65,0,1.18
2026-05-06 20:54:00,1033,547,249,83.97,,0,0,0,5.03,5.751,0,138,717,392,325,1242,,,28,33,23,26,20,25,18,22,27,26,65,0,.59
2026-05-06 20:55:00,1035,547,236,79.44,,0,0,0,4.713,6.137,0,133,697,380,317,1232,,,29,31,24,31,22,26,19,17,29,27,65,0,.59
2026-05-06 20:56:00,1031,546,226,77.35,,0,0,0,4.911,6.451,0,143,683,371,312,1231,,,28,30,24,34,19,31,24,17,28,26,65,0,0
2026-05-06 20:57:00,1046,544,235,78.75,,0,0,0,4.909,6.433,0,153,719,390,329,1246,,,26,33,27,30,21,28,25,25,23,28,62,0,0
2026-05-06 20:58:00,1045,528,236,79.44,,0,0,0,5.046,5.951,0,136,704,379,325,1221,,,27,35,23,28,23,26,26,26,24,25,62,0,0
2026-05-06 20:59:00,1051,536,242,80.84,,0,0,0,4.99,8.86,0,136,741,405,336,1244,,,29,38,21,28,24,26,22,25,22,23,61,0,0
2026-05-06 21:00:00,1046,542,241,81.18,,0,0,0,5.036,4.816,0,141,729,400,329,1250,,,27,33,21,29,24,25,22,22,25,26,59,0,0
2026-05-06 21:01:00,1060,556,239,79.79,,0,0,0,4.771,5.334,0,139,746,420,326,1230,,,25,35,20,32,23,22,21,22,29,20,65,0,0
2026-05-06 21:02:00,1060,555,226,76.31,,0,0,0,4.845,5.329,0,144,739,412,327,1232,,,27,34,21,33,21,25,22,23,28,20,67,0,0
2026-05-06 21:03:00,1061,562,228,75.61,,0,0,0,4.862,7.857,0,144,762,414,348,1252,,,22,36,18,26,20,24,27,26,26,23,66,0,0
2026-05-06 21:04:00,1048,566,221,74.56,,0,0,0,4.899,4.882,0,141,742,402,340,1241,,,23,32,18,29,20,27,27,25,28,24,67,0,0
2026-05-06 21:05:00,1055,557,236,78.4,,0,0,0,4.649,5.731,0,135,749,403,346,1239,,,24,34,19,31,20,26,22,28,30,22,68,0,0
2026-05-06 21:06:00,1055,555,247,82.23,,0,0,0,4.624,4.811,0,154,739,396,343,1265,,,24,33,18,30,17,25,19,25,24,22,69,0,1.78
2026-05-06 21:07:00,1079,566,255,83.62,,0,0,0,4.708,7.59,0,147,775,417,358,1292,,,27,36,17,28,14,22,20,28,22,20,72,0,1.18
2026-05-06 21:08:00,1076,559,251,84.32,,0,0,0,4.856,5.657,0,168,760,411,349,1341,,,27,32,18,29,18,23,21,25,20,22,74,0,.59
2026-05-06 21:09:00,1099,554,256,84.32,,0,0,0,4.908,9.467,0,164,783,421,362,1325,,,27,35,24,29,20,25,23,25,23,21,74,0,1.78
2026-05-06 21:10:00,1079,560,256,87.11,,0,0,0,5.061,5.126,0,166,769,417,352,1302,,,25,34,31,25,20,23,22,25,26,20,71,0,1.78
2026-05-06 21:11:00,1089,566,265,89.2,,0,0,0,4.635,5.977,0,151,771,420,351,1280,,,25,33,29,25,19,23,23,24,19,21,72,0,.59
2026-05-06 21:12:00,1069,577,256,85.37,,0,0,0,4.733,5.561,0,147,759,410,349,1256,,,26,33,23,29,19,24,23,26,21,20,71,0,0
2026-05-06 21:13:00,1067,568,247,82.58,,0,0,0,4.701,6.936,0,153,762,413,349,1258,,,30,32,23,29,21,27,20,22,19,21,69,0,0
2026-05-06 21:14:00,1072,553,259,86.41,,0,0,0,4.805,5.553,0,145,749,405,344,1243,,,28,35,20,28,17,26,19,24,20,19,70,0,0
2026-05-06 21:15:00,1060,551,259,87.8,,0,0,0,4.557,4.597,0,142,735,397,338,1224,,,27,36,24,28,18,27,13,24,21,23,68,0,0
2026-05-06 21:16:00,1043,566,262,88.5,,0,0,0,4.609,5.421,0,168,709,386,323,1232,,,26,39,22,28,20,29,12,27,21,22,70,0,0
2026-05-06 21:17:00,1069,556,254,84.67,,0,0,0,4.871,8.911,0,174,727,397,330,1270,,,25,34,22,28,21,27,18,25,23,23,71,0,.59
2026-05-06 21:18:00,1047,568,251,83.62,,0,0,0,4.96,5.348,0,173,715,391,324,1270,,,25,32,21,29,17,30,20,23,23,20,71,0,1.18
2026-05-06 21:19:00,1047,581,241,79.09,,0,0,0,4.754,7.126,0,166,711,392,319,1269,,,26,33,26,26,16,29,20,27,21,21,76,0,2.37
2026-05-06 21:20:00,1028,577,244,81.53,,0,0,0,4.881,5.52,0,166,695,381,314,1260,,,24,31,22,30,19,31,22,25,22,21,74,0,1.18
2026-05-06 21:21:00,1042,576,247,82.58,,0,0,0,4.607,4.886,0,177,720,400,320,1279,,,22,32,22,29,21,32,25,24,21,23,74,0,1.18
2026-05-06 21:22:00,1033,563,249,81.53,,0,0,0,4.642,4.867,0,178,731,414,317,1285,,,24,33,21,29,16,31,22,25,24,22,72,0,1.18
2026-05-06 21:23:00,1051,555,257,84.67,,0,0,0,4.509,4.648,0,166,749,424,325,1283,,,27,31,19,32,19,26,21,23,26,23,73,0,.59
2026-05-06 21:24:00,1062,560,277,91.99,,0,0,0,4.574,5.258,0,163,738,416,322,1254,,,28,31,22,28,15,28,23,24,25,25,71,0,.59
2026-05-06 21:25:00,1061,562,279,93.38,,0,0,0,4.51,6.25,0,165,748,420,328,1278,,,23,31,17,26,17,25,22,23,19,24,71,0,1.18
2026-05-06 21:26:00,1060,564,289,96.86,,0,0,0,4.552,5.069,0,158,729,408,321,1277,,,21,34,22,26,21,26,22,23,23,22,70,0,1.78
2026-05-06 21:27:00,1069,580,280,92.68,,0,0,0,4.435,5.231,0,153,750,417,333,1279,,,23,30,20,28,21,26,23,20,23,20,67,0,1.78
2026-05-06 21:28:00,1054,583,271,92.68,,0,0,0,4.553,5.744,0,148,720,399,321,1249,,,27,33,24,30,21,24,23,21,21,23,66,0,1.18
2026-05-06 21:29:00,1061,570,278,92.33,,0,0,0,4.663,7.202,0,145,724,394,330,1257,,,25,33,24,30,23,27,29,24,20,20,66,0,0
2026-05-06 21:30:00,1056,575,283,93.73,,0,0,0,4.809,6.076,0,157,702,380,322,1277,,,22,37,26,33,24,29,32,20,17,21,65,0,1.18
2026-05-06 21:31:00,1073,574,276,91.64,,0,0,0,4.648,6.223,0,168,739,403,336,1301,,,23,36,25,34,24,28,27,22,16,24,65,0,1.78
2026-05-06 21:32:00,1068,574,262,89.2,,0,0,0,4.768,5.105,0,173,721,394,327,1285,,,26,33,27,35,23,30,26,21,19,24,65,0,1.18
2026-05-06 21:33:00,1068,585,254,83.97,,0,0,0,4.722,5.877,0,172,730,395,335,1288,,,26,33,28,31,26,28,28,20,20,22,68,0,1.18
2026-05-06 21:34:00,1075,593,248,81.88,,0,0,0,4.789,4.607,0,170,713,390,323,1294,,,30,36,28,31,28,24,28,22,21,23,67,0,1.18
2026-05-06 21:35:00,1082,587,245,80.84,,0,0,0,4.743,5.09,0,156,736,406,330,1286,,,30,40,24,33,22,30,28,22,23,23,65,0,1.18
2026-05-06 21:36:00,1078,578,250,82.93,,0,0,0,4.818,5.056,0,143,718,395,323,1257,,,27,42,24,36,24,32,24,25,27,22,63,0,1.18
2026-05-06 21:37:00,1088,565,241,81.53,,0,0,0,4.839,5.44,0,174,736,415,321,1283,,,28,41,25,33,23,34,26,23,27,23,66,0,1.18
2026-05-06 21:38:00,1076,544,253,85.37,,0,0,0,4.842,5.016,0,178,730,409,321,1292,,,29,39,23,37,22,32,22,21,27,24,65,0,1.18
2026-05-06 21:39:00,1087,552,249,85.37,,0,0,0,4.713,5.667,0,167,720,405,315,1276,,,32,43,25,33,24,30,24,24,27,29,67,0,1.18
2026-05-06 21:40:00,1064,563,247,83.97,,0,0,0,4.703,5.041,0,173,698,390,308,1259,,,29,39,23,30,22,31,26,26,26,31,66,0,1.18
2026-05-06 21:41:00,1098,555,249,83.62,,0,0,0,4.457,4.461,0,164,727,404,323,1271,,,28,41,23,33,16,30,29,25,31,30,71,0,.59
2026-05-06 21:42:00,1084,575,259,86.41,,0,0,0,4.463,4.879,0,161,700,387,313,1247,,,26,37,26,31,17,32,27,26,30,27,71,0,.59
2026-05-06 21:43:00,1098,572,273,89.2,,0,0,0,4.468,5.292,0,144,715,389,326,1247,,,27,37,25,30,22,28,28,28,31,28,69,0,0
2026-05-06 21:44:00,1092,579,269,88.85,,0,0,0,4.504,4.752,0,158,695,379,316,1262,,,25,38,20,29,22,31,30,26,28,30,70,0,0
2026-05-06 21:45:00,1077,591,252,85.71,,0,0,0,4.29,5.274,0,157,693,375,318,1246,,,24,38,23,28,22,33,27,26,29,28,68,0,0
2026-05-06 21:46:00,1082,593,245,81.53,,0,0,0,4.292,4.897,0,168,680,367,313,1255,,,23,39,22,30,24,32,26,25,29,25,66,0,0
2026-05-06 21:47:00,1091,594,237,78.75,,0,0,0,4.308,6.218,0,173,710,386,324,1280,,,26,39,23,30,28,30,24,29,32,23,64,0,.59
2026-05-06 21:48:00,1081,601,235,78.75,,0,0,0,4.279,3.939,0,158,693,373,320,1253,,,30,37,25,35,19,32,23,29,35,28,63,0,0
2026-05-06 21:49:00,1078,603,240,80.49,,0,0,0,4.243,6.923,0,150,692,361,331,1237,,,28,36,28,33,19,33,24,27,30,29,62,0,0
2026-05-06 21:50:00,1070,587,235,79.44,,0,0,0,4.285,4.547,0,140,696,374,322,1245,,,23,38,26,35,21,32,28,24,29,32,60,0,0
2026-05-06 21:51:00,1089,594,246,81.53,,0,0,0,4.146,4.063,0,140,729,393,336,1253,,,28,35,24,34,22,33,27,29,32,31,56,0,0
2026-05-06 21:52:00,1076,572,252,83.62,,0,0,0,4.154,4.261,0,145,704,377,327,1255,,,28,36,24,32,22,32,26,29,32,31,55,0,0
2026-05-06 21:53:00,1084,569,258,85.71,,0,0,0,4.297,5.924,0,145,720,384,336,1243,,,24,35,24,35,20,33,26,29,30,27,59,0,0
2026-05-06 21:54:00,1071,561,255,84.67,,0,0,0,4.376,4.556,0,136,696,370,326,1240,,,27,34,28,30,22,38,30,28,26,27,59,0,0
2026-05-06 21:55:00,1080,550,256,84.32,,0,0,0,4.222,4.18,0,124,697,363,334,1231,,,28,37,28,29,20,36,29,32,29,25,59,0,0
2026-05-06 21:56:00,1074,552,254,85.37,,0,0,0,4.294,4.747,0,113,679,355,324,1221,,,27,36,29,29,21,36,27,30,27,28,57,0,0
2026-05-06 21:57:00,1079,556,247,83.62,,0,0,0,4.275,4.371,0,132,701,368,333,1233,,,27,35,27,29,22,34,30,28,26,27,56,0,0
2026-05-06 21:58:00,1074,556,250,84.67,,0,0,0,4.321,4.932,0,132,710,384,326,1235,,,27,35,28,28,18,35,31,28,28,26,58,0,0
2026-05-06 21:59:00,1068,554,255,85.37,,0,0,0,4.177,4.291,0,130,714,383,331,1225,,,28,37,27,29,20,31,29,30,32,28,59,0,0
2026-05-06 22:00:00,1060,547,252,83.97,,0,0,0,4.241,5.708,0,138,693,375,318,1221,,,30,35,24,31,20,31,31,28,26,28,58,0,0
2026-05-06 22:01:00,1072,545,242,81.53,,0,0,0,4.116,4.159,0,141,718,391,327,1214,,,29,36,24,31,23,28,29,27,28,33,65,0,0
2026-05-06 22:02:00,1063,552,248,81.53,,0,0,0,4.269,6.034,0,145,738,397,341,1230,,,30,37,23,28,22,30,27,27,33,31,65,0,0
2026-05-06 22:03:00,1066,555,243,80.49,,0,0,0,4.223,4.434,0,142,730,394,336,1223,,,34,34,22,29,22,27,26,27,30,30,66,0,0
2026-05-06 22:04:00,1081,553,223,76.66,,0,0,0,4.399,6.51,0,155,740,388,352,1251,,,30,34,23,33,21,31,26,29,29,32,68,0,1.18
2026-05-06 22:05:00,1082,555,234,76.66,,0,0,0,4.315,4.593,0,137,727,384,343,1234,,,26,35,22,35,18,27,28,25,29,26,67,0,.59
2026-05-06 22:06:00,1071,553,225,75.96,,0,0,0,4.489,6.056,0,135,714,376,338,1208,,,24,36,29,34,19,30,30,26,28,25,66,0,.59
2026-05-06 22:07:00,1069,556,216,73.17,,0,0,0,4.412,4.974,0,152,737,397,340,1235,,,27,38,27,35,21,29,28,25,25,23,68,0,.59
2026-05-06 22:08:00,1052,557,209,70.38,,0,0,0,4.668,6.689,0,144,731,398,333,1253,,,27,35,24,36,19,32,28,23,26,23,66,0,.59
2026-05-06 22:09:00,1056,555,219,74.22,,0,0,0,4.49,4.403,0,138,746,400,346,1242,,,27,38,23,36,18,29,27,24,23,25,67,0,.59
2026-05-06 22:10:00,1042,566,214,72.82,,0,0,0,4.499,4.556,0,156,733,391,342,1248,,,26,37,26,33,17,30,25,26,23,24,70,0,0
2026-05-06 22:11:00,1086,565,229,77.7,,0,0,0,4.531,4.383,0,148,769,407,362,1263,,,26,35,20,33,18,27,26,24,21,27,72,0,0
2026-05-06 22:12:00,1072,568,235,78.75,,0,0,0,4.581,5.021,0,156,756,394,362,1280,,,27,33,17,33,17,25,23,25,17,26,71,0,0
2026-05-06 22:13:00,1067,579,238,79.79,,0,0,0,4.652,5.371,0,155,773,399,374,1261,,,25,35,17,29,13,28,21,26,17,28,70,0,0
2026-05-06 22:14:00,1058,585,231,78.4,,0,0,0,4.562,5.79,0,147,756,388,368,1245,,,25,35,19,33,13,29,19,24,24,29,66,0,0
2026-05-06 22:15:00,1073,579,242,82.23,,0,0,0,4.707,6.186,0,152,772,392,380,1267,,,29,32,21,33,14,28,15,27,20,27,65,0,0
2026-05-06 22:16:00,1066,571,246,83.62,,0,0,0,4.374,4.383,0,154,761,393,368,1250,,,27,29,22,32,17,28,18,27,19,26,65,0,.59
2026-05-06 22:17:00,1064,569,255,86.06,,0,0,0,4.505,7.309,0,149,742,377,365,1239,,,23,34,21,33,17,26,20,25,16,26,65,0,1.18
2026-05-06 22:18:00,1056,574,247,82.23,,0,0,0,4.308,4.969,0,141,724,365,359,1212,,,30,32,19,29,16,24,22,21,17,27,64,0,.59
2026-05-06 22:19:00,1025,582,247,82.93,,0,0,0,4.598,8.168,0,139,694,347,347,1199,,,29,36,17,27,17,26,22,19,17,22,60,0,1.78
2026-05-06 22:20:00,1006,577,254,84.32,,0,0,0,4.378,5.26,0,145,676,336,340,1203,,,28,40,16,27,18,26,21,19,17,20,55,0,2.37
2026-05-06 22:21:00,1004,582,249,84.32,,0,0,0,4.692,7.329,0,149,681,343,338,1179,,,31,36,18,32,19,28,20,19,19,22,64,0,.59
2026-05-06 22:22:00,1008,563,261,85.71,,0,0,0,4.528,6.203,0,155,681,343,338,1184,,,28,35,23,32,15,28,20,19,19,25,64,0,0
2026-05-06 22:23:00,1028,550,260,87.46,,0,0,0,4.808,8.693,0,147,710,357,353,1197,,,27,34,22,28,16,29,19,19,21,27,66,0,0
2026-05-06 22:24:00,1020,544,254,85.71,,0,0,0,4.659,6.521,0,149,725,363,362,1211,,,25,32,18,28,15,28,22,21,23,27,69,0,0
2026-05-06 22:25:00,1020,556,249,84.32,,0,0,0,4.958,8.274,0,143,702,347,355,1178,,,27,31,21,26,17,30,21,20,20,24,70,0,0
2026-05-06 22:26:00,1021,562,246,83.97,,0,0,0,4.613,5.435,0,141,680,341,339,1191,,,28,31,21,23,23,30,23,23,19,24,71,0,.59
2026-05-06 22:27:00,1045,545,260,86.41,,0,0,0,4.99,8.305,0,159,723,372,351,1229,,,28,28,23,28,23,27,22,26,18,25,71,0,1.18
2026-05-06 22:28:00,1045,537,258,86.06,,0,0,0,4.715,5.034,0,157,732,370,362,1232,,,29,27,24,29,21,29,24,26,16,26,69,0,1.78
2026-05-06 22:29:00,1051,527,262,86.41,,0,0,0,5.172,10.488,0,144,711,354,357,1220,,,28,30,21,31,17,29,21,24,22,24,67,0,1.78
2026-05-06 22:30:00,1040,542,257,85.02,,0,0,0,4.753,4.884,0,134,689,341,348,1205,,,29,26,20,32,19,33,22,26,23,22,66,0,2.96
2026-05-06 22:31:00,1062,541,257,86.06,,0,0,0,5.15,8.815,0,140,726,366,360,1230,,,29,30,20,30,18,32,25,26,21,22,63,0,1.78
2026-05-06 22:32:00,1036,570,258,84.67,,0,0,0,4.645,4.506,0,140,704,353,351,1219,,,26,32,17,30,19,31,26,26,18,25,60,0,.59
2026-05-06 22:33:00,1035,579,257,85.37,,0,0,0,5.165,10.945,0,148,716,356,360,1228,,,31,31,19,30,20,30,20,26,17,27,56,0,0
2026-05-06 22:34:00,1034,573,248,82.93,,0,0,0,4.673,5.531,0,157,717,347,370,1233,,,31,31,24,27,24,34,22,26,17,31,57,0,1.18
2026-05-06 22:35:00,1023,569,247,83.97,,0,0,0,5.171,10.882,0,154,697,336,361,1212,,,28,30,22,31,20,34,22,28,20,29,55,0,0
2026-05-06 22:36:00,1019,564,249,82.58,,0,0,0,4.686,5.146,0,162,683,326,357,1197,,,27,29,24,29,21,35,20,23,22,28,54,0,0
2026-05-06 22:37:00,1028,575,248,84.32,,0,0,0,5.097,10.28,0,147,701,341,360,1194,,,28,30,20,30,19,32,20,19,17,27,55,0,0
2026-05-06 22:38:00,1016,570,269,89.2,,0,0,0,4.544,4.462,0,148,688,333,355,1188,,,26,27,21,28,21,34,18,20,16,24,50,0,1.78
2026-05-06 22:39:00,1019,578,269,89.9,,0,0,0,5.049,11.036,0,137,679,320,359,1159,,,24,29,20,27,23,34,18,22,19,24,53,0,3.55
2026-05-06 22:40:00,998,575,267,88.5,,0,0,0,4.601,6.069,0,149,653,305,348,1161,,,22,33,20,30,20,33,16,20,20,22,55,0,2.96
2026-05-06 22:41:00,1006,571,261,86.41,,0,0,0,5.072,10.005,0,133,680,323,357,1165,,,24,35,20,30,21,33,20,21,23,20,56,0,5.33
2026-05-06 22:42:00,1002,547,256,84.67,,0,0,0,4.682,6.099,0,135,674,319,355,1168,,,29,31,22,31,17,36,16,22,24,20,55,0,8.88
2026-05-06 22:43:00,1004,535,237,79.44,,0,0,0,5.211,10.614,0,142,674,320,354,1162,,,28,32,22,27,21,36,19,25,22,21,56,0,11.83
2026-05-06 22:44:00,995,541,247,81.53,,0,0,0,4.843,6.373,0,132,657,314,343,1166,,,27,31,20,24,20,37,17,23,21,20,54,0,10.06
2026-05-06 22:45:00,995,541,245,82.93,,0,0,0,5.247,9.321,0,138,686,330,356,1174,,,25,32,20,28,22,34,15,25,20,19,52,0,10.65
2026-05-06 22:46:00,1008,534,269,85.71,,0,0,0,4.942,5.333,0,171,693,340,353,1208,,,22,31,19,31,18,35,18,23,21,20,50,0,11.83
2026-05-06 22:47:00,1018,535,266,88.15,,0,0,0,5.421,10.279,0,159,716,357,359,1221,,,26,32,21,33,19,34,15,22,19,23,53,0,11.83
2026-05-06 22:48:00,1007,539,276,91.29,,0,0,0,5.168,6.5,0,174,700,344,356,1209,,,29,30,20,29,21,31,15,24,20,19,53,0,11.83
2026-05-06 22:49:00,1004,538,269,88.5,,0,0,0,5.67,11.347,0,180,703,343,360,1217,,,27,33,18,34,22,28,15,26,16,18,56,0,12.43
2026-05-06 22:50:00,998,534,276,88.5,,0,0,0,5.451,7.067,0,185,685,335,350,1222,,,26,35,23,29,20,31,16,24,18,15,55,0,13.02
2026-05-06 22:51:00,1033,521,270,88.85,,0,0,0,5.727,7.82,0,174,722,362,360,1224,,,25,36,22,29,19,33,17,25,22,18,53,0,11.83
2026-05-06 22:52:00,1041,531,269,88.85,,0,0,0,5.604,5.929,0,171,735,367,368,1239,,,29,30,24,33,18,32,17,25,20,21,57,0,9.47
2026-05-06 22:53:00,1047,539,261,86.76,,0,0,0,5.768,6.555,0,164,721,361,360,1229,,,28,30,22,31,22,35,17,26,23,24,53,0,8.28
2026-05-06 22:54:00,1050,546,265,89.55,,0,0,0,5.652,5.853,0,154,717,353,364,1234,,,28,32,26,30,21,36,17,28,20,25,54,0,8.88
2026-05-06 22:55:00,1057,540,276,90.59,,0,0,0,5.901,6.621,0,145,705,348,357,1224,,,28,32,24,33,21,31,15,25,22,23,56,0,9.47
2026-05-06 22:56:00,1056,547,282,91.99,,0,0,0,5.782,5.546,0,157,684,339,345,1223,,,29,33,28,30,15,34,12,25,23,25,55,0,8.28
2026-05-06 22:57:00,1070,550,269,89.55,,0,0,0,5.859,6.055,0,160,697,361,336,1216,,,29,31,26,31,19,33,13,25,21,27,58,0,8.88
2026-05-06 22:58:00,1060,564,271,89.2,,0,0,0,5.564,5.362,0,147,686,355,331,1211,,,28,32,24,30,22,32,15,26,21,25,55,0,8.28
2026-05-06 22:59:00,1052,568,266,89.9,,0,0,0,5.368,4.999,0,143,692,351,341,1198,,,31,31,23,31,20,31,19,26,20,24,53,0,10.06
2026-05-06 23:00:00,1050,553,268,88.85,,0,0,0,5.233,6.195,0,150,702,367,335,1219,,,30,33,25,36,18,30,18,26,20,25,57,0,11.24
2026-05-06 23:01:00,1066,566,264,86.06,,0,0,0,5.257,6.514,0,143,726,386,340,1238,,,27,38,22,35,17,32,16,26,21,24,56,0,12.43
2026-05-06 23:02:00,1056,574,269,87.8,,0,0,0,5.15,7.524,0,144,735,388,347,1234,,,25,37,24,33,19,32,18,22,26,23,57,0,13.02
2026-05-06 23:03:00,1052,577,271,89.9,,0,0,0,5.245,6.312,0,140,714,381,333,1202,,,27,32,22,30,16,32,21,26,27,21,55,0,11.24
2026-05-06 23:04:00,1042,577,276,91.29,,0,0,0,5.087,5.345,0,137,708,370,338,1204,,,28,28,20,30,16,33,22,25,24,23,54,0,10.65
2026-05-06 23:05:00,1034,591,269,88.85,,0,0,0,5.209,5.562,0,130,683,357,326,1176,,,27,29,23,32,19,29,19,26,28,24,56,0,11.83
2026-05-06 23:06:00,1026,601,261,86.76,,0,0,0,5.166,5.887,0,139,667,354,313,1156,,,29,28,22,32,20,30,17,28,25,26,53,0,8.28
2026-05-06 23:07:00,1045,594,261,88.85,,0,0,0,5.232,6.3,0,142,706,377,329,1182,,,29,31,24,31,17,31,22,28,25,25,52,0,5.33
2026-05-06 23:08:00,1054,568,271,88.85,,0,0,0,5.205,5.366,0,129,699,373,326,1169,,,27,32,24,32,15,33,22,26,26,21,51,0,7.1
2026-05-06 23:09:00,1039,573,244,80.49,,0,0,0,5.298,5.631,0,130,695,370,325,1168,,,28,32,21,31,17,33,25,26,23,22,50,0,8.88
2026-05-06 23:10:00,1021,591,249,82.93,,0,0,0,5.192,6.155,0,154,675,364,311,1162,,,24,33,23,33,16,33,25,23,24,23,51,0,7.1
2026-05-06 23:11:00,1058,584,259,86.76,,0,0,0,5.281,6.241,0,146,690,386,304,1168,,,26,33,27,34,16,31,18,21,25,20,55,0,7.1
2026-05-06 23:12:00,1049,576,258,86.76,,0,0,0,5.134,5.934,0,156,681,381,300,1196,,,25,32,24,32,18,32,21,20,25,22,54,0,5.92
2026-05-06 23:13:00,1059,569,269,87.46,,0,0,0,5.162,5.137,0,160,707,401,306,1201,,,24,32,23,30,18,33,22,18,20,22,54,0,4.73
2026-05-06 23:14:00,1039,574,260,86.41,,0,0,0,5.134,5.817,0,161,682,383,299,1216,,,25,34,23,30,16,33,21,19,19,25,54,0,4.73
2026-05-06 23:15:00,1034,568,252,84.32,,0,0,0,5.206,5.765,0,166,690,389,301,1208,,,22,34,24,28,15,32,25,18,15,24,56,0,2.96
2026-05-06 23:16:00,1006,579,256,86.06,,0,0,0,5.064,5.647,0,181,677,379,298,1203,,,26,31,19,28,19,32,19,19,16,20,55,0,4.73
2026-05-06 23:17:00,1007,593,254,85.37,,0,0,0,5.075,5.522,0,177,697,398,299,1229,,,25,32,22,25,18,30,18,19,18,21,54,0,2.96
2026-05-06 23:18:00,1019,604,261,87.11,,0,0,0,5.063,5.467,0,173,700,396,304,1247,,,27,32,20,29,18,27,20,19,17,18,54,0,2.96
2026-05-06 23:19:00,1019,593,270,89.2,,0,0,0,5.173,5.631,0,169,697,391,306,1222,,,28,29,19,29,17,27,21,18,18,21,52,0,2.37
2026-05-06 23:20:00,1004,591,271,90.59,,0,0,0,5.054,4.346,0,168,676,374,302,1196,,,26,33,25,28,18,30,23,17,14,22,51,0,1.78
2026-05-06 23:21:00,1028,596,274,91.29,,0,0,0,5.058,5.449,0,163,702,390,312,1211,,,24,36,24,30,19,33,21,19,16,24,52,0,1.18
2026-05-06 23:22:00,1018,602,259,87.8,,0,0,0,4.884,4.456,0,163,704,398,306,1225,,,26,35,22,27,17,35,16,19,22,23,53,0,.59
2026-05-06 23:23:00,1041,596,263,89.2,,0,0,0,4.921,5.233,0,155,719,400,319,1248,,,27,35,22,24,18,37,21,21,23,25,52,0,.59
2026-05-06 23:24:00,1041,597,267,88.85,,0,0,0,4.826,4.831,0,158,698,390,308,1232,,,27,36,22,25,18,32,21,22,23,23,58,0,.59
2026-05-06 23:25:00,1038,591,277,93.03,,0,0,0,4.859,5.547,0,155,676,377,299,1201,,,25,34,21,30,18,29,20,24,20,27,58,0,.59
2026-05-06 23:26:00,1033,570,277,91.99,,0,0,0,4.714,5.232,0,154,654,365,289,1186,,,27,33,21,32,19,29,21,26,22,28,58,0,0
2026-05-06 23:27:00,1045,570,264,89.55,,0,0,0,4.84,6.897,0,147,690,387,303,1199,,,22,36,21,30,17,33,24,24,19,27,56,0,0
2026-05-06 23:28:00,1032,577,271,91.29,,0,0,0,4.641,4.803,0,144,674,380,294,1210,,,24,41,23,30,17,31,22,22,21,24,58,0,0
2026-05-06 23:29:00,1034,580,260,85.37,,0,0,0,4.662,6.208,0,144,692,389,303,1227,,,26,41,22,31,18,32,22,22,23,23,56,0,0
2026-05-06 23:30:00,1036,574,265,87.11,,0,0,0,4.521,4.75,0,149,669,377,292,1215,,,26,39,20,34,22,31,21,22,22,25,56,0,0
2026-05-06 23:31:00,1050,585,264,88.5,,0,0,0,4.638,5.726,0,146,688,393,295,1213,,,27,38,22,32,22,31,20,21,24,25,53,0,0
2026-05-06 23:32:00,1046,584,269,89.9,,0,0,0,4.557,4.354,0,142,680,389,291,1214,,,24,36,20,31,22,30,22,23,25,28,52,0,0
2026-05-06 23:33:00,1054,590,256,85.02,,0,0,0,4.718,5.952,0,151,689,392,297,1226,,,29,34,25,33,23,30,22,23,28,27,53,0,0
2026-05-06 23:34:00,1073,584,256,86.41,,0,0,0,4.57,4.229,0,139,695,396,299,1225,,,27,38,23,33,21,31,21,21,27,32,57,0,.59
2026-05-06 23:35:00,1068,575,256,86.41,,0,0,0,4.702,6.203,0,137,691,397,294,1200,,,28,40,26,37,20,29,20,21,27,33,56,0,.59
2026-05-06 23:36:00,1060,578,252,85.02,,0,0,0,4.506,3.952,0,139,668,386,282,1179,,,27,41,23,31,26,27,22,24,28,32,57,0,.59
2026-05-06 23:37:00,1078,561,253,83.97,,0,0,0,4.611,6.813,0,136,684,402,282,1199,,,25,43,25,27,23,27,27,21,29,29,56,0,0
2026-05-06 23:38:00,1070,563,254,84.32,,0,0,0,4.418,4.425,0,130,683,400,283,1203,,,26,45,21,30,21,31,27,28,31,27,55,0,0
2026-05-06 23:39:00,1077,562,255,85.02,,0,0,0,4.566,6.654,0,121,706,415,291,1190,,,26,41,17,33,20,29,28,26,26,26,54,0,0
2026-05-06 23:40:00,1063,567,237,80.49,,0,0,0,4.407,4.461,0,145,688,407,281,1196,,,26,43,20,33,21,34,29,26,27,27,54,0,0
2026-05-06 23:41:00,1062,570,241,79.44,,0,0,0,4.668,8.631,0,150,712,424,288,1215,,,29,41,23,32,21,31,28,29,29,26,54,0,.59
2026-05-06 23:42:00,1036,571,228,76.31,,0,0,0,4.439,4.563,0,149,715,417,298,1214,,,30,38,24,34,21,33,27,28,29,24,52,0,0
2026-05-06 23:43:00,1050,566,226,74.56,,0,0,0,4.717,7.676,0,139,706,408,298,1196,,,27,38,26,32,20,35,24,28,30,24,55,0,0
2026-05-06 23:44:00,1046,566,244,80.49,,0,0,0,4.464,4.708,0,140,710,412,298,1203,,,28,36,25,30,18,36,21,28,29,24,55,0,0
2026-05-06 23:45:00,1051,571,244,82.23,,0,0,0,4.785,8.262,0,139,696,405,291,1183,,,24,36,26,33,18,35,21,24,31,27,56,0,0
2026-05-06 23:46:00,1041,569,248,82.93,,0,0,0,4.433,4.434,0,153,699,417,282,1189,,,31,36,21,26,19,32,17,26,30,33,60,0,0
2026-05-06 23:47:00,1041,586,245,83.28,,0,0,0,4.751,9.238,0,144,724,433,291,1183,,,30,38,19,27,19,33,21,24,25,27,59,0,0
2026-05-06 23:48:00,1040,587,246,82.93,,0,0,0,4.397,4.567,0,143,726,423,303,1197,,,30,41,21,27,18,36,17,21,26,30,58,0,0
2026-05-06 23:49:00,1035,578,238,80.14,,0,0,0,4.757,8.267,0,146,710,417,293,1190,,,34,42,21,28,20,34,16,22,22,29,58,0,0
2026-05-06 23:50:00,1023,581,233,79.09,,0,0,0,4.423,4.373,0,141,693,404,289,1189,,,32,40,20,27,24,32,17,21,20,27,57,0,0
2026-05-06 23:51:00,1050,565,225,76.31,,0,0,0,4.685,8.629,0,158,725,426,299,1214,,,30,40,22,25,26,33,18,27,21,25,58,0,0
2026-05-06 23:52:00,1056,557,244,81.18,,0,0,0,4.329,4.267,0,152,727,428,299,1211,,,29,38,19,25,25,32,16,24,22,28,57,0,0
2026-05-06 23:53:00,1064,564,245,81.88,,0,0,0,4.724,8.935,0,148,741,434,307,1222,,,30,36,21,24,23,35,14,23,23,29,54,0,0
2026-05-06 23:54:00,1075,565,247,82.58,,0,0,0,4.352,4.156,0,147,735,434,301,1215,,,34,38,22,30,20,32,15,21,27,29,57,0,0
2026-05-06 23:55:00,1075,572,245,82.58,,0,0,0,4.851,10.224,0,137,723,418,305,1215,,,32,38,23,31,19,32,18,26,28,25,60,0,0
2026-05-06 23:56:00,1075,578,242,82.58,,0,0,0,4.464,4.125,0,151,714,415,299,1251,,,31,41,24,31,22,32,19,26,28,25,62,0,0
2026-05-06 23:57:00,1087,576,243,80.84,,0,0,0,4.679,6.88,0,152,743,441,302,1231,,,32,38,22,31,22,31,20,24,27,27,62,0,0
2026-05-06 23:58:00,1078,567,240,79.44,,0,0,0,4.397,4.098,0,144,731,433,298,1211,,,35,39,23,31,23,32,19,28,29,25,62,0,0
2026-05-06 23:59:00,1088,570,249,82.93,,0,0,0,4.633,7.218,0,141,741,437,304,1215,,,33,41,22,32,20,33,19,28,29,25,61,0,0
2026-05-07 00:00:00,1072,572,237,79.09,,0,0,0,4.202,4.079,0,140,717,428,289,1204,,,33,37,19,32,26,32,21,31,31,23,62,0,0
2026-05-07 00:01:00,1096,565,239,79.44,,0,0,0,4.474,9.683,0,141,738,453,285,1210,,,34,36,18,35,22,29,24,28,28,31,68,0,0
2026-05-07 00:02:00,1105,570,240,80.14,,0,0,0,4.177,4.572,0,140,744,457,287,1248,,,34,37,21,31,24,25,24,26,28,30,63,0,0
2026-05-07 00:03:00,1110,571,235,78.75,,0,0,0,4.537,8.193,0,148,756,454,302,1239,,,32,36,22,29,23,28,26,28,30,28,62,0,0
2026-05-07 00:04:00,1110,565,235,79.44,,0,0,0,4.233,4.374,0,149,745,450,295,1228,,,31,38,23,29,23,31,28,27,28,29,60,0,0
2026-05-07 00:05:00,1112,561,243,81.18,,0,0,0,4.748,10.853,0,133,747,442,305,1217,,,33,38,22,30,24,29,29,23,30,29,59,0,0
2026-05-07 00:06:00,1106,563,248,82.93,,0,0,0,4.192,4.415,0,144,729,429,300,1224,,,31,36,22,32,21,30,22,27,28,32,60,0,0
2026-05-07 00:07:00,1113,564,247,83.28,,0,0,0,4.808,11.137,0,142,758,449,309,1242,,,31,37,21,31,22,30,20,26,28,32,60,0,0
2026-05-07 00:08:00,1121,561,254,86.76,,0,0,0,4.247,4.475,0,142,756,443,313,1261,,,30,39,20,33,18,31,23,26,27,33,62,0,0
2026-05-07 00:09:00,1118,572,251,85.71,,0,0,0,4.929,10.198,0,134,769,445,324,1233,,,31,37,22,32,17,33,21,25,32,34,58,0,0
2026-05-07 00:10:00,1107,566,245,81.88,,0,0,0,4.211,4.12,0,126,772,455,317,1236,,,32,40,21,32,21,30,26,26,27,38,59,0,0
2026-05-07 00:11:00,1118,583,238,80.14,,0,0,0,4.918,12.952,0,147,819,485,334,1289,,,29,40,22,32,25,31,28,23,23,35,62,0,.59
2026-05-07 00:12:00,1121,575,233,78.05,,0,0,0,4.224,4.868,0,141,799,474,325,1276,,,34,39,25,31,23,28,26,25,26,39,61,0,.59
2026-05-07 00:13:00,1130,574,231,77,,0,0,0,5.008,12.132,0,142,818,482,336,1294,,,32,39,26,29,21,29,32,28,32,38,61,0,.59
2026-05-07 00:14:00,1131,582,225,75.96,,0,0,0,4.293,5.508,0,147,810,482,328,1277,,,31,40,23,30,19,30,27,33,33,38,66,0,0
2026-05-07 00:15:00,1131,586,229,75.26,,0,0,0,4.826,9.997,0,155,789,469,320,1287,,,33,37,18,28,19,33,32,34,29,38,66,0,0
2026-05-07 00:16:00,1142,581,234,77.7,,0,0,0,4.183,4.135,0,149,789,473,316,1275,,,32,41,21,30,18,34,31,31,31,36,64,0,0
2026-05-07 00:17:00,1140,581,243,81.18,,0,0,0,4.736,10.118,0,146,776,466,310,1264,,,31,37,20,30,21,31,29,31,30,38,62,0,0
2026-05-07 00:18:00,1126,588,244,81.88,,0,0,0,4.19,4.136,0,137,759,457,302,1237,,,33,42,22,31,18,31,29,29,31,33,64,0,0
2026-05-07 00:19:00,1126,579,252,85.37,,0,0,0,4.794,11.843,0,137,744,452,292,1232,,,33,41,20,34,14,34,29,29,29,30,65,0,0
2026-05-07 00:20:00,1132,572,258,85.37,,0,0,0,4.254,4.707,0,129,746,459,287,1223,,,35,40,23,34,22,31,26,31,28,30,64,0,0
2026-05-07 00:21:00,1122,555,253,83.28,,0,0,0,4.862,11.627,0,133,728,451,277,1211,,,34,41,25,28,22,30,25,29,23,37,66,0,0
2026-05-07 00:22:00,1103,554,238,80.49,,0,0,0,4.366,4.642,0,140,711,443,268,1198,,,38,39,25,28,23,30,23,32,21,36,65,0,0
2026-05-07 00:23:00,1090,552,243,79.79,,0,0,0,4.906,10.873,0,135,692,434,258,1166,,,39,33,21,32,21,28,21,31,26,32,64,0,0
2026-05-07 00:24:00,1061,558,224,74.91,,0,0,0,4.567,6.263,0,138,674,422,252,1144,,,35,36,22,30,20,30,20,33,25,37,63,0,.59
2026-05-07 00:25:00,1040,561,229,75.26,,0,0,0,5.067,10.111,0,130,655,411,244,1107,,,34,38,21,33,20,32,24,30,24,38,63,0,.59
2026-05-07 00:26:00,1021,558,222,74.22,,0,0,0,4.398,4.36,0,115,634,402,232,1116,,,28,37,23,28,23,32,25,27,21,36,63,0,0
2026-05-07 00:27:00,1038,542,233,78.05,,0,0,0,4.784,9.176,0,151,674,423,251,1160,,,31,34,20,28,24,32,24,25,23,35,64,0,0
2026-05-07 00:28:00,1030,546,237,80.14,,0,0,0,4.434,4.265,0,167,667,417,250,1173,,,29,31,21,27,23,33,24,27,21,30,66,0,0
2026-05-07 00:29:00,1025,549,244,80.49,,0,0,0,4.893,9.936,0,152,678,420,258,1181,,,28,31,19,27,22,31,23,30,22,31,66,0,0
2026-05-07 00:30:00,1008,560,237,79.79,,0,0,0,4.436,4.675,0,159,665,415,250,1207,,,34,30,20,26,17,30,24,29,25,28,63,0,0
2026-05-07 00:31:00,1020,566,228,77.7,,0,0,0,4.834,9.485,0,179,695,432,263,1213,,,30,36,17,26,20,33,20,29,22,26,59,0,0
2026-05-07 00:32:00,1014,575,221,74.56,,0,0,0,4.409,4.482,0,181,677,418,259,1214,,,33,32,19,26,23,30,20,28,18,24,57,0,1.18
2026-05-07 00:33:00,1014,578,224,76.31,,0,0,0,4.672,8.434,0,174,680,424,256,1204,,,31,31,21,28,25,31,19,26,20,29,61,0,1.18
2026-05-07 00:34:00,1006,564,220,75.61,,0,0,0,4.615,6.843,0,172,665,412,253,1177,,,28,32,16,27,27,33,22,26,20,29,59,0,.59
2026-05-07 00:35:00,997,565,220,73.87,,0,0,0,4.399,4.401,0,172,653,404,249,1169,,,29,32,19,20,20,31,20,27,24,26,59,0,.59
2026-05-07 00:36:00,1001,558,239,79.79,,0,0,0,4.722,9.669,0,162,648,397,251,1160,,,26,31,17,27,19,30,21,28,24,27,61,0,0
2026-05-07 00:37:00,1025,565,264,86.76,,0,0,0,4.372,6.236,0,147,664,405,259,1155,,,26,31,15,27,21,30,20,29,22,23,70,0,0
2026-05-07 00:38:00,1002,571,254,84.67,,0,0,0,4.848,11.219,0,145,647,392,255,1167,,,23,32,17,27,21,29,24,25,21,24,68,0,0
2026-05-07 00:39:00,1012,574,252,84.67,,0,0,0,4.554,8.676,0,146,656,394,262,1175,,,23,30,14,23,21,26,23,25,25,25,68,0,0
2026-05-07 00:40:00,1021,560,255,85.02,,0,0,0,4.913,8.066,0,148,648,387,261,1191,,,26,30,15,26,22,27,22,27,27,21,67,0,0
2026-05-07 00:41:00,1023,568,250,82.58,,0,0,0,4.408,6.846,0,147,682,415,267,1208,,,26,31,18,22,18,26,21,24,27,21,65,0,0
2026-05-07 00:42:00,1023,568,247,83.62,,0,0,0,4.81,7.969,0,144,678,414,264,1237,,,27,29,24,23,18,28,22,25,25,19,64,0,0
2026-05-07 00:43:00,1027,572,240,81.53,,0,0,0,4.677,8.861,0,141,694,417,277,1230,,,27,34,20,22,24,28,22,26,26,19,63,0,0
2026-05-07 00:44:00,1017,584,241,81.53,,0,0,0,4.998,7.13,0,131,689,404,285,1212,,,27,35,17,25,24,29,20,23,21,20,61,0,0
2026-05-07 00:45:00,1013,584,238,80.84,,0,0,0,4.516,7.301,0,125,665,389,276,1199,,,27,33,16,27,25,25,18,23,22,19,60,0,0
2026-05-07 00:46:00,1014,590,237,79.79,,0,0,0,4.681,5.681,0,131,663,379,284,1183,,,27,31,21,23,24,29,17,28,25,22,58,0,0
2026-05-07 00:47:00,1022,597,244,82.93,,0,0,0,4.858,10.275,0,123,688,396,292,1199,,,25,33,18,21,25,26,21,24,23,23,55,0,0
2026-05-07 00:48:00,1019,588,251,84.67,,0,0,0,4.911,4.212,0,120,670,386,284,1192,,,23,32,20,20,20,22,21,23,24,21,56,0,0
2026-05-07 00:49:00,1021,584,259,86.76,,0,0,0,4.94,13.382,0,130,660,377,283,1189,,,26,29,20,21,23,24,18,20,28,21,55,0,0
2026-05-07 00:50:00,1001,595,251,84.32,,0,0,0,4.994,4.274,0,172,653,371,282,1210,,,31,25,18,24,22,24,20,17,26,18,54,0,0
2026-05-07 00:51:00,999,595,248,81.88,,0,0,0,4.385,5.278,0,171,672,387,285,1210,,,28,28,18,22,23,25,22,18,24,19,55,0,0
2026-05-07 00:52:00,979,599,230,75.96,,0,0,0,4.393,4.539,0,177,653,380,273,1214,,,26,29,21,21,23,24,22,20,22,20,57,0,2.37
2026-05-07 00:53:00,1001,581,232,79.09,,0,0,0,4.625,8.955,0,174,678,392,286,1223,,,24,25,20,22,22,28,18,24,23,22,59,0,2.37
2026-05-07 00:54:00,992,578,235,80.14,,0,0,0,4.757,5.378,0,184,673,390,283,1212,,,28,26,15,20,19,26,18,25,24,19,59,0,1.18
2026-05-07 00:55:00,998,568,238,78.05,,0,0,0,4.443,6.129,0,195,703,410,293,1251,,,29,25,17,20,20,25,19,25,24,23,58,0,.59
2026-05-07 00:56:00,988,587,238,79.44,,0,0,0,4.431,5.132,0,202,690,409,281,1265,,,27,26,16,20,20,24,20,22,27,19,57,0,.59
2026-05-07 00:57:00,1003,588,248,82.93,,0,0,0,4.765,9.815,0,195,709,421,288,1276,,,23,26,10,18,21,25,20,24,24,18,57,0,2.96
2026-05-07 00:58:00,998,589,249,83.97,,0,0,0,4.954,5.469,0,192,693,413,280,1273,,,23,23,14,21,21,28,21,25,22,20,57,0,.59
2026-05-07 00:59:00,1021,580,263,87.46,,0,0,0,5.161,12.21,0,175,699,412,287,1246,,,26,23,14,21,20,25,17,25,24,19,55,0,0
2026-05-07 01:00:00,1003,602,261,87.8,,0,0,0,5.357,5.891,0,182,672,396,276,1240,,,27,22,17,22,20,24,19,22,19,20,54,0,0
2026-05-07 01:01:00,1028,591,269,90.24,,0,0,0,4.385,4.494,0,158,687,405,282,1229,,,26,25,17,21,23,24,19,19,19,25,60,0,0
2026-05-07 01:02:00,1031,594,255,86.41,,0,0,0,4.532,5.747,0,154,668,393,275,1217,,,27,22,18,21,21,24,16,21,20,24,66,0,0
2026-05-07 01:03:00,1032,603,261,87.8,,0,0,0,4.347,4.287,0,145,651,382,269,1204,,,27,20,23,24,19,25,22,24,20,18,65,0,0
2026-05-07 01:04:00,1041,594,260,87.11,,0,0,0,4.49,6.225,0,135,650,384,266,1199,,,24,26,20,24,15,29,20,24,24,19,71,0,0
2026-05-07 01:05:00,1026,600,259,86.41,,0,0,0,4.311,4.258,0,126,632,376,256,1177,,,28,27,19,20,21,28,23,26,23,18,71,0,0
2026-05-07 01:06:00,1029,572,265,87.46,,0,0,0,4.462,6.143,0,121,619,366,253,1196,,,29,25,20,21,20,30,22,25,21,21,71,0,.59
2026-05-07 01:07:00,1036,576,255,83.97,,0,0,0,4.391,6.349,0,142,644,384,260,1199,,,28,28,24,19,21,30,23,24,22,24,73,0,1.18
2026-05-07 01:08:00,1037,570,261,85.71,,0,0,0,4.527,6.037,0,141,630,377,253,1187,,,27,28,21,24,17,25,27,26,22,21,74,0,1.18
2026-05-07 01:09:00,1042,572,259,85.71,,0,0,0,4.406,4.897,0,139,649,385,264,1197,,,25,30,24,26,18,26,28,23,21,24,74,0,1.18
2026-05-07 01:10:00,1031,560,266,87.46,,0,0,0,4.593,6.501,0,162,639,380,259,1208,,,26,32,25,28,16,28,29,22,17,24,74,0,1.18
2026-05-07 01:11:00,1045,560,255,85.71,,0,0,0,4.506,5.639,0,161,673,399,274,1220,,,27,32,24,28,12,31,23,27,19,28,72,0,0
2026-05-07 01:12:00,1042,554,244,81.88,,0,0,0,4.644,5.942,0,174,684,415,269,1250,,,27,28,28,27,18,30,26,29,19,27,70,0,0
2026-05-07 01:13:00,1053,548,246,80.49,,0,0,0,4.592,5.549,0,175,702,423,279,1273,,,26,33,23,29,17,31,24,33,24,27,70,0,0
2026-05-07 01:14:00,1038,551,237,78.05,,0,0,0,4.643,5.573,0,181,689,411,278,1255,,,25,32,21,28,14,32,22,33,27,25,67,0,0
2026-05-07 01:15:00,1045,552,247,81.18,,0,0,0,4.46,5.787,0,165,703,415,288,1244,,,23,34,22,30,13,30,22,36,28,30,65,0,.59
2026-05-07 01:16:00,1056,560,254,83.28,,0,0,0,4.53,5.438,0,163,697,409,288,1251,,,26,30,24,29,18,29,23,34,30,30,63,0,0
2026-05-07 01:17:00,1077,557,255,85.71,,0,0,0,4.704,9.032,0,164,728,432,296,1254,,,23,34,22,29,16,28,24,35,29,32,63,0,1.78
2026-05-07 01:18:00,1079,557,267,87.46,,0,0,0,4.857,5.936,0,164,716,427,289,1234,,,23,33,21,31,15,30,24,27,26,27,64,0,.59
2026-05-07 01:19:00,1083,557,270,88.5,,0,0,0,4.653,6.745,0,157,714,417,297,1234,,,26,31,18,33,17,30,23,30,27,25,58,0,.59
2026-05-07 01:20:00,1083,539,280,91.29,,0,0,0,4.78,6.188,0,161,705,413,292,1221,,,28,31,19,33,17,26,23,30,29,24,58,0,.59
2026-05-07 01:21:00,1105,545,273,89.9,,0,0,0,4.559,5.673,0,153,750,446,304,1260,,,28,32,24,37,16,24,19,29,29,22,60,0,1.18
2026-05-07 01:22:00,1087,554,262,86.76,,0,0,0,4.677,7.15,0,168,748,439,309,1290,,,28,33,24,36,17,25,20,24,28,25,60,0,.59
2026-05-07 01:23:00,1085,570,261,88.5,,0,0,0,4.7,6.886,0,162,742,444,298,1282,,,29,34,26,32,17,24,22,27,28,23,61,0,0
2026-05-07 01:24:00,1087,569,273,91.64,,0,0,0,4.809,5.475,0,157,745,443,302,1288,,,27,31,24,32,14,27,25,28,29,20,64,0,.59
2026-05-07 01:25:00,1093,566,281,91.99,,0,0,0,4.603,5.697,0,152,719,427,292,1270,,,25,31,21,33,20,27,27,29,35,20,65,0,0
2026-05-07 01:26:00,1080,575,267,89.2,,0,0,0,4.694,5.892,0,144,696,413,283,1245,,,24,34,19,33,22,29,25,28,31,24,65,0,0
2026-05-07 01:27:00,1095,577,268,88.5,,0,0,0,4.853,8.938,0,144,713,423,290,1270,,,28,34,21,34,22,29,23,29,32,25,65,0,0
2026-05-07 01:28:00,1090,587,256,87.11,,0,0,0,4.942,5.262,0,141,721,421,300,1283,,,31,35,24,35,22,28,18,31,32,27,64,0,0
2026-05-07 01:29:00,1100,578,265,88.15,,0,0,0,4.884,8.576,0,137,717,418,299,1267,,,29,38,24,32,19,27,21,29,29,30,63,0,0
2026-05-07 01:30:00,1093,591,259,86.06,,0,0,0,4.981,5.341,0,129,694,405,289,1259,,,25,38,25,33,16,28,24,33,29,30,63,0,.59
2026-05-07 01:31:00,1118,577,266,87.11,,0,0,0,4.864,6.788,0,140,723,423,300,1260,,,32,38,24,28,17,28,24,29,31,31,60,0,0
2026-05-07 01:32:00,1095,575,258,86.76,,0,0,0,4.903,4.71,0,142,705,407,298,1269,,,29,37,25,30,19,26,28,27,29,33,60,0,0
2026-05-07 01:33:00,1096,563,253,84.32,,0,0,0,4.855,6.834,0,144,709,401,308,1252,,,28,39,28,38,21,25,28,28,30,36,60,0,0
2026-05-07 01:34:00,1085,564,249,83.62,,0,0,0,4.906,4.828,0,138,691,388,303,1235,,,28,37,30,33,25,28,25,34,30,40,60,0,.59
2026-05-07 01:35:00,1079,561,244,80.14,,0,0,0,4.789,5.986,0,145,693,387,306,1230,,,25,41,28,35,20,28,32,28,31,41,65,0,0
2026-05-07 01:36:00,1070,550,244,81.18,,0,0,0,4.813,5.022,0,150,673,374,299,1217,,,28,41,30,34,20,27,31,28,29,40,63,0,0
2026-05-07 01:37:00,1091,545,243,82.58,,0,0,0,4.963,9.022,0,141,702,388,314,1241,,,27,41,30,29,18,30,28,33,27,42,61,0,0
2026-05-07 01:38:00,1071,553,238,80.49,,0,0,0,5.037,4.863,0,138,706,385,321,1226,,,25,40,29,28,21,24,29,30,32,40,61,0,.59
2026-05-07 01:39:00,1067,568,234,79.09,,0,0,0,4.833,8.185,0,134,683,372,311,1211,,,26,41,31,29,19,26,31,28,32,37,60,0,.59
2026-05-07 01:40:00,1051,565,226,74.91,,0,0,0,4.904,4.64,0,170,671,361,310,1228,,,30,35,26,27,21,27,30,33,32,34,58,0,.59
2026-05-07 01:41:00,1066,568,237,78.05,,0,0,0,4.632,5.569,0,160,693,375,318,1237,,,30,37,23,31,19,27,35,33,32,34,57,0,.59
2026-05-07 01:42:00,1071,564,242,80.84,,0,0,0,4.655,4.377,0,177,692,372,320,1249,,,27,39,24,30,18,28,37,37,28,35,55,0,.59
2026-05-07 01:43:00,1076,565,246,81.53,,0,0,0,4.73,5.956,0,175,719,389,330,1260,,,29,40,22,30,20,29,38,41,31,35,55,0,.59
2026-05-07 01:44:00,1066,563,251,82.58,,0,0,0,4.733,5.039,0,177,701,380,321,1237,,,23,42,21,29,17,30,40,38,31,34,53,0,.59
2026-05-07 01:45:00,1074,574,240,81.18,,0,0,0,4.499,4.541,0,174,702,368,334,1230,,,26,42,27,29,19,28,42,41,35,30,59,0,.59
2026-05-07 01:46:00,1060,579,235,80.14,,0,0,0,4.555,5.182,0,182,704,382,322,1249,,,28,37,27,30,21,29,42,40,35,35,56,0,.59
2026-05-07 01:47:00,1075,575,237,80.14,,0,0,0,4.607,5.994,0,182,731,401,330,1264,,,29,37,26,32,23,25,36,41,34,34,59,0,.59
2026-05-07 01:48:00,1070,562,244,81.88,,0,0,0,4.674,5.208,0,171,709,391,318,1263,,,34,38,22,34,23,26,34,42,37,35,60,0,.59
2026-05-07 01:49:00,1076,559,249,82.23,,0,0,0,4.538,6.274,0,166,712,388,324,1249,,,31,40,22,29,22,34,32,41,39,34,61,0,.59
2026-05-07 01:50:00,1079,560,251,82.93,,0,0,0,4.605,5.185,0,162,694,381,313,1230,,,30,36,21,30,21,33,31,38,37,34,59,0,1.78
2026-05-07 01:51:00,1117,550,262,86.76,,0,0,0,4.267,4.025,0,153,735,408,327,1256,,,31,36,24,28,21,31,29,33,33,34,61,0,1.78
2026-05-07 01:52:00,1116,554,262,86.41,,0,0,0,4.416,5.689,0,156,718,404,314,1275,,,29,33,21,30,20,29,33,32,35,31,58,0,1.18
2026-05-07 01:53:00,1135,550,264,85.71,,0,0,0,4.302,4.332,0,150,728,419,309,1278,,,27,35,22,28,19,30,31,35,32,33,65,0,1.18
2026-05-07 01:54:00,1122,559,255,83.28,,0,0,0,4.401,5.26,0,147,700,408,292,1266,,,27,41,20,30,22,29,30,35,34,32,65,0,1.18
2026-05-07 01:55:00,1129,562,258,86.41,,0,0,0,4.265,4.252,0,138,731,430,301,1277,,,27,37,24,27,20,28,28,33,34,33,67,0,1.18
2026-05-07 01:56:00,1125,557,248,83.62,,0,0,0,4.352,5.351,0,141,720,428,292,1279,,,27,36,27,30,21,32,28,37,33,35,69,0,1.18
2026-05-07 01:57:00,1142,557,256,84.67,,0,0,0,4.26,4.705,0,133,730,432,298,1303,,,27,37,22,27,22,31,28,37,36,33,70,0,1.78
2026-05-07 01:58:00,1136,555,262,87.11,,0,0,0,4.374,5.396,0,129,748,436,312,1311,,,22,36,21,31,23,31,28,38,31,35,69,0,1.18
2026-05-07 01:59:00,1134,554,261,87.46,,0,0,0,4.235,4.198,0,129,728,428,300,1283,,,25,36,26,31,21,27,26,35,31,32,69,0,.59
2026-05-07 02:00:00,1129,550,256,86.41,,0,0,0,4.367,5.728,0,132,723,427,296,1296,,,30,39,27,28,23,25,25,35,30,30,68,0,1.78
2026-05-07 02:01:00,1137,572,248,83.97,,0,0,0,4.315,4.573,0,117,739,439,300,1251,,,31,38,29,28,20,27,26,33,33,31,65,0,1.78
2026-05-07 02:02:00,1124,562,264,87.46,,0,0,0,4.438,6.205,0,123,748,436,312,1253,,,29,39,29,30,20,28,25,32,30,32,66,0,1.78
2026-05-07 02:03:00,1131,568,247,81.88,,0,0,0,4.347,4.457,0,119,736,433,303,1233,,,29,36,27,32,20,32,30,33,32,32,68,0,1.78
2026-05-07 02:04:00,1128,562,244,82.23,,0,0,0,4.534,7.156,0,120,751,431,320,1246,,,31,38,28,34,26,34,27,26,30,33,65,0,1.18
2026-05-07 02:05:00,1137,547,258,86.41,,0,0,0,4.509,5.621,0,120,743,421,322,1235,,,29,41,27,30,26,34,25,27,31,35,65,0,1.18
2026-05-07 02:06:00,1107,557,251,84.67,,0,0,0,4.608,5.748,0,131,721,415,306,1243,,,27,40,28,31,28,31,24,29,32,36,63,0,1.18
2026-05-07 02:07:00,1128,573,260,85.71,,0,0,0,4.615,6.615,0,120,757,435,322,1238,,,28,37,25,28,28,34,23,28,30,38,61,0,1.18
2026-05-07 02:08:00,1126,569,261,87.11,,0,0,0,4.831,6.265,0,125,765,435,330,1259,,,27,37,27,28,27,33,27,32,33,34,58,0,1.18
2026-05-07 02:09:00,1123,569,257,87.11,,0,0,0,4.756,5.825,0,135,752,425,327,1241,,,26,39,27,28,22,33,28,33,33,35,56,0,.59
2026-05-07 02:10:00,1119,574,254,84.67,,0,0,0,4.915,5.715,0,140,727,413,314,1234,,,27,38,26,30,22,34,29,35,31,37,54,0,0
2026-05-07 02:11:00,1138,567,248,82.93,,0,0,0,4.706,6.033,0,153,747,434,313,1261,,,27,36,27,33,23,31,30,36,31,33,57,0,.59
2026-05-07 02:12:00,1118,574,244,82.23,,0,0,0,4.811,6.143,0,155,723,422,301,1281,,,29,37,26,32,24,32,34,34,29,31,56,0,0
2026-05-07 02:13:00,1116,576,244,83.28,,0,0,0,4.772,7.044,0,160,732,423,309,1266,,,24,40,24,33,27,32,30,33,29,30,56,0,0
2026-05-07 02:14:00,1118,581,243,81.18,,0,0,0,4.819,5.122,0,176,750,432,318,1304,,,29,38,27,32,26,32,31,34,29,32,57,0,.59
2026-05-07 02:15:00,1100,599,243,81.18,,0,0,0,4.653,5.635,0,164,736,419,317,1290,,,29,36,24,31,26,32,32,30,31,31,60,0,0
2026-05-07 02:16:00,1089,595,239,82.23,,0,0,0,4.738,5.084,0,161,720,407,313,1272,,,26,37,22,29,25,32,30,30,35,33,61,0,0
2026-05-07 02:17:00,1099,593,239,80.49,,0,0,0,4.645,6.424,0,157,749,430,319,1301,,,23,36,23,28,26,34,29,31,35,31,64,0,.59
2026-05-07 02:18:00,1096,591,235,79.79,,0,0,0,4.672,5.302,0,156,733,422,311,1316,,,26,37,25,30,27,33,29,33,33,30,61,0,0
2026-05-07 02:19:00,1116,580,234,77,,0,0,0,4.564,6.525,0,146,750,429,321,1301,,,27,39,23,28,28,31,28,33,31,28,62,0,.59
2026-05-07 02:20:00,1111,586,235,79.44,,0,0,0,4.641,5.35,0,146,736,422,314,1321,,,24,35,25,30,26,29,26,35,30,25,62,0,.59
2026-05-07 02:21:00,1139,586,243,79.79,,0,0,0,4.421,6.199,0,132,766,447,319,1305,,,24,40,23,30,23,29,26,37,34,29,62,0,.59
2026-05-07 02:22:00,1123,581,236,79.79,,0,0,0,4.551,5.762,0,143,749,435,314,1303,,,23,38,22,29,19,33,31,34,31,28,61,0,.59
2026-05-07 02:23:00,1146,573,250,84.32,,0,0,0,4.525,7.686,0,137,770,442,328,1326,,,24,39,23,27,19,30,27,36,27,26,61,0,2.37
2026-05-07 02:24:00,1139,575,251,84.67,,0,0,0,4.679,6.101,0,126,757,436,321,1325,,,24,35,21,30,17,30,23,33,25,26,63,0,2.37
2026-05-07 02:25:00,1134,574,251,83.97,,0,0,0,4.269,4.471,0,130,762,434,328,1300,,,24,36,21,31,21,31,24,34,26,24,61,0,2.96
2026-05-07 02:26:00,1119,572,240,79.44,,0,0,0,4.453,6.238,0,131,743,429,314,1310,,,27,34,20,32,22,31,25,36,23,25,59,0,3.55
2026-05-07 02:27:00,1125,567,235,78.75,,0,0,0,4.558,7.892,0,145,776,453,323,1313,,,22,32,22,34,22,32,24,29,23,23,58,0,2.37
2026-05-07 02:28:00,1115,580,235,78.75,,0,0,0,4.805,6.907,0,141,774,456,318,1301,,,21,36,28,31,16,30,22,26,24,25,58,0,1.78
2026-05-07 02:29:00,1111,586,231,79.09,,0,0,0,4.487,6.277,0,147,761,450,311,1297,,,27,35,26,32,22,29,23,21,30,23,61,0,1.78
2026-05-07 02:30:00,1104,576,236,78.4,,0,0,0,4.798,7.665,0,156,754,442,312,1290,,,29,35,23,31,19,29,23,19,28,24,61,0,1.78
2026-05-07 02:31:00,1113,576,233,80.14,,0,0,0,4.396,4.382,0,154,783,464,319,1310,,,27,32,21,32,16,28,24,19,28,23,60,0,0
2026-05-07 02:32:00,1108,570,241,81.88,,0,0,0,4.674,7.519,0,155,771,456,315,1321,,,25,32,22,29,17,29,24,21,24,23,61,0,.59
2026-05-07 02:33:00,1119,581,257,85.02,,0,0,0,4.646,7.282,0,151,801,479,322,1318,,,24,29,23,24,21,26,23,19,21,25,62,0,1.18
2026-05-07 02:34:00,1113,572,257,84.67,,0,0,0,4.912,7.326,0,141,797,477,320,1302,,,27,27,23,26,23,27,16,19,23,25,61,0,1.18
2026-05-07 02:35:00,1101,571,258,86.41,,0,0,0,4.526,5.786,0,138,785,468,317,1287,,,26,28,19,31,23,26,14,20,23,24,60,0,1.18
2026-05-07 02:36:00,1084,581,253,86.06,,0,0,0,4.798,6.99,0,133,760,455,305,1259,,,20,33,21,31,19,26,16,18,22,24,60,0,0
2026-05-07 02:37:00,1076,582,246,82.93,,0,0,0,4.546,6.475,0,132,749,450,299,1252,,,22,37,21,29,22,25,16,21,19,22,60,0,0
2026-05-07 02:38:00,1062,588,245,81.18,,0,0,0,4.819,7.114,0,131,726,435,291,1239,,,24,33,18,27,24,26,16,17,24,21,59,0,0
2026-05-07 02:39:00,1046,588,232,77.35,,0,0,0,4.539,5.675,0,133,703,424,279,1219,,,27,32,19,25,21,29,20,19,24,22,58,0,0
2026-05-07 02:40:00,1026,591,231,78.05,,0,0,0,4.806,7.56,0,164,684,407,277,1234,,,26,32,20,22,24,30,16,16,22,24,58,0,0
2026-05-07 02:41:00,1051,585,245,82.23,,0,0,0,4.494,5.175,0,165,720,429,291,1248,,,29,37,18,24,23,27,18,19,18,23,58,0,0
2026-05-07 02:42:00,1036,595,251,84.32,,0,0,0,4.847,8.491,0,164,699,419,280,1265,,,24,29,20,22,19,26,19,17,19,21,57,0,0
2026-05-07 02:43:00,1045,589,257,86.41,,0,0,0,4.665,6.912,0,161,721,432,289,1250,,,25,30,18,23,21,22,18,19,21,19,55,0,0
2026-05-07 02:44:00,1032,594,247,82.23,,0,0,0,4.906,7.146,0,170,733,437,296,1286,,,25,30,17,24,19,23,22,15,24,16,55,0,.59
2026-05-07 02:45:00,1023,596,233,77,,0,0,0,4.536,5.639,0,169,712,422,290,1242,,,26,28,20,20,23,26,19,17,22,19,54,0,.59
2026-05-07 02:46:00,1024,576,235,78.75,,0,0,0,4.758,7.043,0,182,700,415,285,1259,,,29,32,20,20,25,27,17,20,20,23,54,0,.59
2026-05-07 02:47:00,1018,579,235,79.44,,0,0,0,4.594,7.906,0,177,707,430,277,1257,,,26,27,19,19,21,26,18,16,17,22,60,0,.59
2026-05-07 02:48:00,1013,561,242,80.49,,0,0,0,4.893,7.829,0,178,696,427,269,1267,,,21,24,21,21,20,27,14,22,18,21,59,0,.59
2026-05-07 02:49:00,1028,559,256,85.02,,0,0,0,4.683,8.612,0,172,702,424,278,1247,,,20,27,19,20,19,28,16,18,17,20,59,0,.59
2026-05-07 02:50:00,1034,559,259,86.41,,0,0,0,4.989,7.57,0,158,699,421,278,1242,,,25,31,20,17,20,27,16,17,15,19,58,0,.59
2026-05-07 02:51:00,1045,563,275,92.68,,0,0,0,4.699,8.609,0,169,732,440,292,1244,,,27,28,17,18,23,29,15,16,14,18,61,0,0
2026-05-07 02:52:00,1030,573,273,89.9,,0,0,0,4.815,5.974,0,152,703,426,277,1254,,,27,25,17,15,25,27,12,15,18,16,60,0,0
2026-05-07 02:53:00,1040,577,270,89.55,,0,0,0,4.892,9.996,0,149,711,428,283,1247,,,25,29,20,17,22,28,16,15,16,19,60,0,1.78
2026-05-07 02:54:00,1030,591,257,85.71,,0,0,0,4.907,5.307,0,142,714,422,292,1251,,,28,24,21,18,21,26,19,16,19,23,59,0,0
2026-05-07 02:55:00,1048,576,254,86.06,,0,0,0,4.692,8.016,0,146,702,415,287,1240,,,30,30,22,21,18,25,17,20,18,27,58,0,0
2026-05-07 02:56:00,1044,574,258,86.76,,0,0,0,4.801,5.255,0,131,685,405,280,1229,,,27,33,21,18,21,28,19,20,15,23,58,0,0
2026-05-07 02:57:00,1059,560,264,89.2,,0,0,0,4.914,9.958,0,148,717,430,287,1237,,,28,29,19,20,20,32,20,20,12,27,57,0,0
2026-05-07 02:58:00,1055,566,267,88.15,,0,0,0,5.018,5.005,0,142,710,426,284,1219,,,30,29,21,22,22,32,20,21,13,23,55,0,.59
2026-05-07 02:59:00,1054,576,257,86.76,,0,0,0,4.934,11.379,0,142,706,413,293,1210,,,31,29,21,23,19,30,16,23,19,21,58,0,.59
2026-05-07 03:00:00,1040,580,255,86.06,,0,0,0,5.014,5.034,0,148,679,395,284,1190,,,29,29,25,21,16,29,17,23,19,17,55,0,1.18
2026-05-07 03:01:00,1061,580,264,87.11,,0,0,0,4.532,4.978,0,135,700,418,282,1187,,,28,31,23,21,16,28,19,22,20,15,61,0,0
2026-05-07 03:02:00,1027,582,247,83.28,,0,0,0,4.631,5.073,0,128,675,402,273,1173,,,30,30,24,20,20,27,18,28,19,16,59,0,0
2026-05-07 03:03:00,1021,585,242,80.84,,0,0,0,4.894,10.611,0,133,667,388,279,1176,,,28,30,20,18,21,28,21,25,20,20,60,0,0
2026-05-07 03:04:00,1016,570,240,80.49,,0,0,0,4.965,5.33,0,139,663,385,278,1187,,,28,29,22,19,17,27,19,25,22,19,60,0,0
2026-05-07 03:05:00,1013,589,242,81.18,,0,0,0,4.475,4.348,0,132,660,372,288,1171,,,29,30,19,19,15,27,21,25,21,22,59,0,0
2026-05-07 03:06:00,1002,595,245,82.23,,0,0,0,4.458,4.325,0,130,640,358,282,1142,,,27,30,21,21,11,27,17,23,21,22,59,0,0
2026-05-07 03:07:00,998,608,242,81.18,,0,0,0,4.742,9.009,0,148,666,372,294,1185,,,27,26,19,20,12,31,19,21,18,21,60,0,0
2026-05-07 03:08:00,991,610,238,79.44,,0,0,0,4.802,4.4,0,136,654,372,282,1190,,,27,30,21,19,13,31,19,22,20,23,60,0,0
2026-05-07 03:09:00,980,610,241,80.49,,0,0,0,4.679,7.521,0,143,663,374,289,1186,,,25,33,23,15,13,31,22,18,17,23,58,0,0
2026-05-07 03:10:00,984,600,245,82.93,,0,0,0,4.348,4.558,0,158,647,367,280,1178,,,27,30,22,20,16,33,23,22,16,20,60,0,0
2026-05-07 03:11:00,996,601,241,80.49,,0,0,0,4.537,7.591,0,150,679,391,288,1183,,,26,28,18,20,12,34,23,21,16,19,61,0,0
2026-05-07 03:12:00,996,589,236,77.43,,0,0,0,4.275,4.247,0,148,661,383,278,1166,,,27,28,18,20,14,31,23,21,13,23,62,0,0
2026-05-07 03:13:00,999,591,239,79.51,,0,0,0,4.545,7.828,0,147,680,399,281,1185,,,31,28,18,20,16,29,21,20,16,24,63,0,.59
2026-05-07 03:14:00,1001,587,242,80.56,,0,0,0,4.191,3.978,0,135,665,393,272,1167,,,28,29,22,19,17,28,19,21,13,23,67,0,0
2026-05-07 03:15:00,1038,575,250,83.33,,0,0,0,4.225,4.453,0,123,713,426,287,1209,,,23,30,25,22,13,29,20,24,14,23,67,0,0
2026-05-07 03:16:00,1024,582,253,84.03,,0,0,0,4.267,4.553,0,119,701,419,282,1209,,,21,31,21,22,14,29,20,25,12,23,64,0,0
2026-05-07 03:17:00,1035,580,250,83.33,,0,0,0,4.263,4.37,0,138,725,435,290,1229,,,29,28,19,18,12,31,21,23,13,26,62,0,0
2026-05-07 03:18:00,1029,575,243,81.6,,0,0,0,4.281,4.307,0,136,705,424,281,1211,,,27,26,18,18,13,33,20,23,16,25,59,0,0
2026-05-07 03:19:00,1024,579,244,81.25,,0,0,0,4.258,4.168,0,141,718,433,285,1217,,,26,29,21,20,13,31,23,25,17,26,58,0,0
2026-05-07 03:20:00,1015,589,235,78.47,,0,0,0,4.222,3.978,0,141,696,420,276,1205,,,30,27,22,29,12,35,21,33,19,26,58,0,0
2026-05-07 03:21:00,1041,586,238,79.51,,0,0,0,4.179,3.981,0,138,735,440,295,1222,,,24,32,24,25,14,36,22,32,20,29,62,0,0
2026-05-07 03:22:00,1026,589,231,78.13,,0,0,0,4.141,3.811,0,139,730,436,294,1232,,,27,32,22,24,17,32,25,33,25,26,62,0,0
2026-05-07 03:23:00,1048,577,241,80.21,,0,0,0,4.132,4.288,0,140,722,429,293,1233,,,25,31,22,25,14,33,24,30,23,28,60,0,0
2026-05-07 03:24:00,1056,579,236,79.51,,0,0,0,4.153,4.012,0,133,712,425,287,1229,,,30,30,22,27,16,32,24,28,26,25,60,0,0
2026-05-07 03:25:00,1056,573,235,79.51,,0,0,0,4.143,4.063,0,128,705,407,298,1202,,,27,30,21,28,16,30,27,26,27,28,62,0,0
2026-05-07 03:26:00,1048,565,240,81.6,,0,0,0,4.117,4.153,0,131,687,401,286,1200,,,26,30,19,27,19,30,29,28,24,28,58,0,0
2026-05-07 03:27:00,1049,567,237,78.82,,0,0,0,4.115,4.13,0,134,687,410,277,1210,,,28,24,23,28,17,29,31,30,23,27,65,0,0
2026-05-07 03:28:00,1037,571,234,77.78,,0,0,0,4.127,4.357,0,124,691,400,291,1207,,,28,28,26,29,15,30,28,33,24,27,67,0,0
2026-05-07 03:29:00,1035,561,228,75.35,,0,0,0,4.133,4.068,0,123,697,414,283,1218,,,31,33,26,27,15,27,30,32,25,30,68,0,0
2026-05-07 03:30:00,1012,567,220,75.35,,0,0,0,4.159,4.574,0,147,684,410,274,1260,,,33,29,20,27,15,25,34,35,25,30,72,0,0
2026-05-07 03:31:00,1031,570,222,72.57,,0,0,0,4.098,4.307,0,142,720,429,291,1253,,,27,28,19,28,17,24,34,35,29,32,74,0,0
2026-05-07 03:32:00,1034,559,215,72.92,,0,0,0,4.166,4.853,0,151,713,420,293,1263,,,26,30,16,28,15,28,34,39,32,29,77,0,0
2026-05-07 03:33:00,1052,559,216,72.92,,0,0,0,4.055,4.22,0,152,746,439,307,1287,,,30,28,21,28,14,27,31,34,31,33,77,0,0
2026-05-07 03:34:00,1045,552,223,76.04,,0,0,0,4.15,5.198,0,161,735,434,301,1306,,,29,27,19,29,15,29,28,32,34,34,77,0,0
2026-05-07 03:35:00,1049,563,230,76.74,,0,0,0,4.023,4.07,0,156,757,446,311,1287,,,31,29,15,29,17,30,26,32,35,28,76,0,0
2026-05-07 03:36:00,1055,556,226,75.69,,0,0,0,4.139,5.302,0,156,745,435,310,1280,,,26,30,17,31,19,32,27,27,35,29,76,0,0
2026-05-07 03:37:00,1085,536,232,76.74,,0,0,0,4.079,4.077,0,154,772,453,319,1291,,,27,27,20,31,19,26,29,26,32,28,75,0,0
2026-05-07 03:38:00,1081,535,228,75.35,,0,0,0,4.238,6.231,0,154,755,444,311,1297,,,24,27,20,30,16,30,27,27,33,25,74,0,0
2026-05-07 03:39:00,1105,525,223,74.65,,0,0,0,4.115,4.261,0,150,764,442,322,1291,,,24,27,18,30,16,32,26,26,37,27,71,0,0
2026-05-07 03:40:00,1115,511,229,77.43,,0,0,0,4.315,5.931,0,147,761,437,324,1284,,,28,30,21,31,16,29,28,29,33,26,69,0,0
2026-05-07 03:41:00,1129,512,239,77.43,,0,0,0,4.144,4.501,0,139,799,461,338,1288,,,33,30,20,32,17,31,26,32,33,29,67,0,0
2026-05-07 03:42:00,1112,522,244,81.6,,0,0,0,4.377,6.708,0,135,777,449,328,1284,,,30,32,18,29,16,30,26,31,29,29,69,0,0
2026-05-07 03:43:00,1112,526,244,81.94,,0,0,0,4.224,4.555,0,138,780,446,334,1296,,,27,35,18,27,15,30,26,30,28,24,67,0,0
2026-05-07 03:44:00,1130,527,250,82.99,,0,0,0,4.532,6.882,0,129,764,441,323,1287,,,28,34,17,27,16,29,26,31,29,28,72,0,0
2026-05-07 03:45:00,1105,535,246,83.68,,0,0,0,4.352,4.494,0,125,751,434,317,1274,,,24,34,18,27,13,30,27,26,26,30,71,0,0
2026-05-07 03:46:00,1101,547,245,83.68,,0,0,0,4.703,7.57,0,129,728,422,306,1263,,,25,36,14,27,19,31,23,31,24,28,71,0,0
2026-05-07 03:47:00,1104,562,239,81.25,,0,0,0,4.464,4.513,0,139,745,425,320,1278,,,28,35,13,23,20,30,23,28,24,25,71,0,0
2026-05-07 03:48:00,1094,555,242,80.21,,0,0,0,4.774,7.157,0,141,732,416,316,1270,,,28,31,15,29,18,30,19,30,21,27,72,0,0
2026-05-07 03:49:00,1092,565,236,79.17,,0,0,0,4.434,4.203,0,142,735,411,324,1257,,,30,31,22,29,18,27,22,27,20,28,73,0,1.18
2026-05-07 03:50:00,1080,565,229,75.69,,0,0,0,4.779,7.98,0,134,718,402,316,1247,,,26,31,19,27,18,32,26,30,21,25,74,0,0
2026-05-07 03:51:00,1083,568,224,75.35,,0,0,0,4.386,4.622,0,138,768,439,329,1263,,,27,31,15,30,19,33,24,30,20,25,68,0,0
2026-05-07 03:52:00,1080,554,220,73.61,,0,0,0,4.819,8.972,0,138,756,431,325,1252,,,26,29,18,30,19,33,23,28,22,25,67,0,0
2026-05-07 03:53:00,1083,556,216,73.61,,0,0,0,4.398,4.507,0,133,764,425,339,1260,,,25,28,19,29,20,33,22,25,23,22,66,0,0
2026-05-07 03:54:00,1074,564,217,73.61,,0,0,0,4.822,9.695,0,134,765,412,353,1265,,,23,30,19,27,18,30,20,25,24,22,67,0,0
2026-05-07 03:55:00,1058,567,214,72.57,,0,0,0,4.394,4.693,0,135,739,399,340,1236,,,24,27,20,29,15,29,20,23,25,18,65,0,0
2026-05-07 03:56:00,1055,559,217,72.92,,0,0,0,4.56,6.696,0,147,717,384,333,1223,,,24,28,16,26,19,32,17,22,22,20,65,0,0
2026-05-07 03:57:00,1049,553,224,75.69,,0,0,0,4.649,7.787,0,146,738,394,344,1230,,,24,26,15,28,16,27,15,18,20,22,66,0,0
2026-05-07 03:58:00,1058,557,229,76.74,,0,0,0,4.689,4.407,0,136,719,387,332,1209,,,22,27,17,31,15,25,18,18,19,19,71,0,0
2026-05-07 03:59:00,1075,545,242,82.99,,0,0,0,4.618,7.495,0,133,741,398,343,1223,,,22,27,22,28,14,25,18,18,21,19,70,0,0
2026-05-07 04:00:00,1052,559,242,81.94,,0,0,0,4.999,8.505,0,129,720,389,331,1220,,,22,26,20,25,13,20,17,17,15,20,69,0,0
2026-05-07 04:01:00,1062,556,245,81.94,,0,0,0,4.334,4.651,0,141,766,426,340,1253,,,23,30,17,26,15,23,15,19,17,23,69,0,0
2026-05-07 04:02:00,1032,564,239,80.9,,0,0,0,4.591,7.127,0,148,746,412,334,1262,,,23,27,17,26,16,24,16,21,20,21,68,0,0
2026-05-07 04:03:00,1031,567,242,79.51,,0,0,0,4.285,4.724,0,149,764,415,349,1237,,,24,26,19,26,18,22,18,27,20,18,69,0,0
2026-05-07 04:04:00,1026,562,233,77.43,,0,0,0,4.598,8.614,0,154,754,410,344,1214,,,26,29,18,28,22,19,18,28,25,20,70,0,0
2026-05-07 04:05:00,1031,550,235,78.47,,0,0,0,4.306,4.617,0,141,730,394,336,1197,,,26,30,15,29,20,22,17,30,27,18,72,0,.59
2026-05-07 04:06:00,1032,551,247,82.99,,0,0,0,4.7,9.37,0,136,712,386,326,1205,,,24,31,16,25,16,22,18,24,23,19,71,0,.59
2026-05-07 04:07:00,1050,544,256,86.46,,0,0,0,4.351,4.881,0,153,750,416,334,1232,,,23,28,21,24,13,22,17,24,23,18,70,0,0
2026-05-07 04:08:00,1044,547,255,85.42,,0,0,0,4.809,9.513,0,151,732,404,328,1235,,,21,28,21,23,15,20,17,25,24,19,69,0,.59
2026-05-07 04:09:00,1055,554,267,89.58,,0,0,0,4.424,4.76,0,151,733,400,333,1227,,,23,28,17,22,18,24,23,23,20,20,74,0,0
2026-05-07 04:10:00,1040,555,260,87.5,,0,0,0,5.006,11.021,0,162,708,383,325,1235,,,24,27,17,29,19,19,18,23,22,22,72,0,0
2026-05-07 04:11:00,1058,548,264,87.85,,0,0,0,4.701,7.594,0,163,733,392,341,1247,,,24,31,20,24,18,17,23,22,16,22,73,0,1.78
2026-05-07 04:12:00,1059,546,261,86.81,,0,0,0,4.828,5.661,0,157,728,392,336,1237,,,23,32,19,24,19,23,20,23,14,23,70,0,1.18
2026-05-07 04:13:00,1076,549,258,85.07,,0,0,0,4.967,10.463,0,151,754,406,348,1264,,,26,35,18,23,15,25,23,18,16,25,68,0,0
2026-05-07 04:14:00,1076,542,258,84.72,,0,0,0,5.176,7.057,0,145,755,397,358,1272,,,25,36,18,25,18,24,25,17,17,24,69,0,.59
2026-05-07 04:15:00,1076,548,263,84.03,,0,0,0,4.816,8.776,0,143,737,390,347,1249,,,27,34,20,26,19,22,24,21,14,28,68,0,1.18
2026-05-07 04:16:00,1068,544,260,87.85,,0,0,0,4.98,6.467,0,144,716,380,336,1243,,,27,32,22,30,21,23,24,19,13,23,70,0,1.78
2026-05-07 04:17:00,1090,551,260,87.5,,0,0,0,5.293,14.667,0,141,742,399,343,1257,,,27,32,22,29,22,23,27,17,18,23,70,0,.59
2026-05-07 04:18:00,1076,551,261,87.85,,0,0,0,5.62,8.371,0,142,729,390,339,1234,,,28,34,20,27,18,22,24,17,19,23,67,0,.59
2026-05-07 04:19:00,1091,553,258,86.11,,0,0,0,5.376,13.443,0,137,729,386,343,1243,,,28,37,21,26,19,21,20,24,20,24,69,0,1.18
2026-05-07 04:20:00,1071,560,255,84.38,,0,0,0,5.455,4.971,0,133,709,375,334,1236,,,26,36,22,27,19,20,18,22,21,25,69,0,0
2026-05-07 04:21:00,1085,570,248,84.72,,0,0,0,4.927,9.834,0,149,724,398,326,1246,,,29,34,21,24,19,20,17,24,20,23,72,0,1.18
2026-05-07 04:22:00,1074,573,264,87.85,,0,0,0,5.068,5.713,0,147,737,415,322,1269,,,28,34,18,25,24,22,19,20,21,20,67,0,.59
2026-05-07 04:23:00,1073,566,268,89.58,,0,0,0,5.001,10.101,0,149,740,406,334,1259,,,26,32,21,26,16,24,19,15,20,23,70,0,2.37
2026-05-07 04:24:00,1074,576,266,89.93,,0,0,0,5.15,5.802,0,144,722,400,322,1253,,,27,31,22,26,19,22,22,19,21,22,72,0,2.96
2026-05-07 04:25:00,1072,575,262,87.15,,0,0,0,4.709,7.205,0,141,720,390,330,1238,,,27,35,21,25,19,23,23,18,23,23,75,0,1.78
2026-05-07 04:26:00,1045,593,253,84.03,,0,0,0,4.838,5.859,0,139,698,378,320,1222,,,26,37,24,25,21,22,26,24,26,20,72,0,1.78
2026-05-07 04:27:00,1065,591,250,82.99,,0,0,0,4.946,10.15,0,158,733,399,334,1243,,,24,37,27,25,16,24,26,24,20,23,72,0,1.78
2026-05-07 04:28:00,1050,596,260,85.76,,0,0,0,5.058,5.419,0,151,734,405,329,1225,,,24,37,25,27,14,22,27,27,19,22,71,0,.59
2026-05-07 04:29:00,1042,613,259,85.42,,0,0,0,5.09,12.733,0,148,729,387,342,1220,,,29,34,21,28,14,24,22,29,25,23,71,0,.59
2026-05-07 04:30:00,1040,596,257,84.03,,0,0,0,4.813,5.073,0,141,715,381,334,1223,,,26,37,27,28,12,26,26,27,23,28,70,0,1.18
2026-05-07 04:31:00,1065,587,264,87.5,,0,0,0,4.668,6.33,0,148,747,401,346,1232,,,26,35,26,25,16,27,21,26,22,28,73,0,.59
2026-05-07 04:32:00,1055,587,266,88.89,,0,0,0,4.741,5.385,0,143,734,393,341,1250,,,27,34,25,26,20,25,25,22,23,28,70,0,0
2026-05-07 04:33:00,1063,594,254,86.11,,0,0,0,4.616,5.06,0,146,747,397,350,1253,,,26,34,22,27,16,27,24,20,23,29,71,0,0
2026-05-07 04:34:00,1057,601,250,82.99,,0,0,0,4.675,4.88,0,143,721,382,339,1259,,,26,34,21,24,19,29,27,23,26,26,70,0,.59
2026-05-07 04:35:00,1069,589,255,86.11,,0,0,0,4.625,4.87,0,145,735,382,353,1251,,,27,31,20,27,19,31,26,23,24,24,70,0,0
2026-05-07 04:36:00,1065,576,237,80.21,,0,0,0,4.63,4.823,0,150,713,372,341,1248,,,26,34,26,26,19,33,27,26,23,26,71,0,.59
2026-05-07 04:37:00,1063,584,230,76.74,,0,0,0,4.569,4.691,0,152,721,385,336,1247,,,30,34,26,29,18,33,28,22,23,28,72,0,.59
2026-05-07 04:38:00,1061,583,225,75.35,,0,0,0,4.531,4.525,0,154,730,383,347,1260,,,31,35,22,28,20,29,26,23,24,28,72,0,.59
2026-05-07 04:39:00,1057,569,226,75.69,,0,0,0,4.525,4.635,0,142,715,373,342,1239,,,31,33,21,30,22,28,29,25,24,29,70,0,.59
2026-05-07 04:40:00,1046,572,237,80.21,,0,0,0,4.516,4.641,0,139,714,360,354,1237,,,27,33,25,30,19,26,25,27,24,31,73,0,.59
2026-05-07 04:41:00,1051,566,246,82.64,,0,0,0,4.473,4.258,0,137,699,351,348,1212,,,26,34,23,26,19,27,24,26,28,29,71,0,0
2026-05-07 04:42:00,1039,575,256,87.15,,0,0,0,4.435,4.254,0,142,687,345,342,1202,,,27,35,20,26,20,27,25,26,27,26,71,0,0
2026-05-07 04:43:00,1051,574,254,85.76,,0,0,0,4.36,4.417,0,135,709,356,353,1222,,,24,33,21,24,18,30,24,21,28,23,71,0,0
2026-05-07 04:44:00,1036,568,253,85.07,,0,0,0,4.413,5.263,0,138,712,344,368,1220,,,22,32,19,27,17,29,23,23,25,19,71,0,.59
2026-05-07 04:45:00,1038,574,248,84.38,,0,0,0,4.355,4.555,0,129,691,336,355,1182,,,27,31,18,27,18,29,21,23,24,23,72,0,.59
2026-05-07 04:46:00,1028,576,235,79.51,,0,0,0,4.381,4.887,0,117,675,333,342,1202,,,28,31,26,26,20,27,16,23,25,22,70,0,.59
2026-05-07 04:47:00,1043,568,244,82.29,,0,0,0,4.334,4.779,0,145,699,348,351,1230,,,25,27,28,28,17,29,20,21,26,21,67,0,.59
2026-05-07 04:48:00,1023,566,244,81.94,,0,0,0,4.409,5.088,0,165,685,338,347,1253,,,26,30,27,24,16,27,21,21,26,19,67,0,0
2026-05-07 04:49:00,1026,575,241,81.25,,0,0,0,4.346,4.356,0,163,704,347,357,1237,,,25,34,22,25,17,27,21,23,25,20,66,0,0
2026-05-07 04:50:00,1017,567,244,79.17,,0,0,0,4.386,4.549,0,161,694,338,356,1223,,,25,32,21,30,20,25,16,25,24,26,66,0,0
2026-05-07 04:51:00,1032,589,227,77.08,,0,0,0,4.346,4.358,0,167,715,361,354,1234,,,26,32,21,25,19,28,20,26,22,25,67,0,0
2026-05-07 04:52:00,1034,573,231,77.78,,0,0,0,4.439,5.025,0,168,722,376,346,1238,,,23,28,21,28,16,29,17,26,25,24,70,0,1.18
2026-05-07 04:53:00,1042,563,234,78.47,,0,0,0,4.408,4.557,0,173,721,381,340,1234,,,27,29,22,28,14,28,20,25,25,23,73,0,1.18
2026-05-07 04:54:00,1036,560,232,78.82,,0,0,0,4.448,5.279,0,174,727,375,352,1239,,,23,28,21,29,15,30,22,21,21,26,78,0,1.78
2026-05-07 04:55:00,1040,561,241,80.56,,0,0,0,4.387,4.678,0,166,714,367,347,1216,,,22,32,20,29,17,29,22,20,20,26,77,0,1.78
2026-05-07 04:56:00,1033,559,253,85.07,,0,0,0,4.425,4.884,0,168,698,364,334,1213,,,21,32,20,25,17,25,22,16,19,24,76,0,2.96
2026-05-07 04:57:00,1061,549,274,91.67,,0,0,0,4.331,4.347,0,164,740,394,346,1238,,,21,27,20,26,15,28,21,20,13,21,75,0,4.14
2026-05-07 04:58:00,1055,549,275,90.63,,0,0,0,4.398,5.51,0,168,723,387,336,1245,,,22,27,18,22,13,26,22,15,18,23,76,0,4.14
2026-05-07 04:59:00,1054,552,274,89.58,,0,0,0,4.37,5.165,0,165,722,379,343,1235,,,22,30,22,26,16,26,24,19,16,22,72,0,2.96
2026-05-07 05:00:00,1057,557,276,91.67,,0,0,0,4.48,5.253,0,168,709,373,336,1259,,,22,37,23,27,17,23,20,22,18,23,74,0,1.78
2026-05-07 05:01:00,1067,552,269,90.28,,0,0,0,4.477,5.52,0,156,732,387,345,1254,,,21,36,23,28,19,25,23,16,15,23,75,0,2.37
2026-05-07 05:02:00,1065,568,274,91.32,,0,0,0,4.586,5.446,0,145,708,375,333,1261,,,24,34,18,30,17,27,19,17,16,23,72,0,1.18
2026-05-07 05:03:00,1056,581,271,90.63,,0,0,0,4.541,4.82,0,143,712,369,343,1250,,,25,35,19,28,17,24,23,19,16,23,68,0,0
2026-05-07 05:04:00,1049,584,261,86.46,,0,0,0,4.649,5.397,0,139,703,362,341,1246,,,27,35,23,26,17,23,21,23,18,26,63,0,0
2026-05-07 05:05:00,1053,586,253,84.03,,0,0,0,4.653,4.827,0,132,686,351,335,1221,,,28,34,19,28,16,25,24,27,17,26,60,0,0
2026-05-07 05:06:00,1040,580,246,82.99,,0,0,0,4.737,4.502,0,130,676,346,330,1234,,,30,37,19,30,17,25,23,27,16,27,57,0,0
2026-05-07 05:07:00,1048,596,248,82.64,,0,0,0,4.699,4.236,0,155,691,349,342,1236,,,27,38,22,23,18,28,23,28,21,27,62,0,0
2026-05-07 05:08:00,1030,603,242,81.6,,0,0,0,4.687,4.824,0,191,680,347,333,1256,,,29,38,24,21,18,30,21,27,17,25,58,0,0
2026-05-07 05:09:00,1047,589,240,79.17,,0,0,0,4.641,4.442,0,192,692,355,337,1277,,,24,34,23,25,18,29,21,29,17,25,58,0,0
2026-05-07 05:10:00,1052,594,245,82.29,,0,0,0,4.658,4.967,0,194,676,352,324,1265,,,23,36,21,26,17,30,19,26,16,25,62,0,0
2026-05-07 05:11:00,1063,583,244,82.29,,0,0,0,4.49,4.377,0,189,694,372,322,1262,,,27,35,22,24,14,29,17,23,18,26,73,0,0
2026-05-07 05:12:00,1041,580,241,82.99,,0,0,0,4.474,4.777,0,190,668,361,307,1266,,,26,40,21,25,16,26,18,20,17,25,71,0,0
2026-05-07 05:13:00,1035,584,242,80.56,,0,0,0,4.375,4.409,0,185,683,362,321,1232,,,26,35,23,25,16,25,19,20,22,22,69,0,0
2026-05-07 05:14:00,1041,584,242,80.9,,0,0,0,4.345,4.691,0,177,686,353,333,1239,,,27,34,20,26,18,28,20,22,20,26,70,0,0
2026-05-07 05:15:00,1033,592,254,82.99,,0,0,0,4.258,4.2,0,175,674,345,329,1224,,,27,36,19,26,19,25,16,21,24,26,70,0,0
2026-05-07 05:16:00,1027,599,253,84.03,,0,0,0,4.259,4.403,0,169,658,342,316,1211,,,28,35,15,25,20,26,18,21,26,27,71,0,.59
2026-05-07 05:17:00,1042,593,245,81.6,,0,0,0,4.228,4.036,0,166,680,359,321,1241,,,26,32,18,24,18,27,21,18,26,24,69,0,.59
2026-05-07 05:18:00,1033,592,253,83.68,,0,0,0,4.26,4.725,0,163,697,366,331,1249,,,26,32,17,26,16,31,21,19,26,25,65,0,0
2026-05-07 05:19:00,1052,595,263,84.03,,0,0,0,4.153,4.036,0,155,681,359,322,1242,,,21,33,14,25,18,30,24,19,26,23,67,0,0
2026-05-07 05:20:00,1039,602,253,84.03,,0,0,0,4.198,4.964,0,163,659,347,312,1227,,,23,36,13,22,19,33,22,20,30,20,66,0,0
2026-05-07 05:21:00,1065,597,263,86.11,,0,0,0,4.164,4.424,0,156,707,379,328,1263,,,24,32,12,27,17,29,23,21,27,22,66,0,0
2026-05-07 05:22:00,1041,598,251,84.38,,0,0,0,4.168,4.424,0,168,692,373,319,1271,,,27,31,21,25,14,30,23,22,24,20,64,0,0
2026-05-07 05:23:00,1048,598,258,86.46,,0,0,0,4.138,4.449,0,159,704,381,323,1272,,,26,33,22,27,17,29,24,20,26,24,63,0,0
2026-05-07 05:24:00,1038,594,252,83.68,,0,0,0,4.151,4.606,0,161,701,373,328,1276,,,27,36,20,21,22,30,33,21,24,27,60,0,0
2026-05-07 05:25:00,1056,585,250,83.68,,0,0,0,4.144,4.264,0,150,707,381,326,1259,,,28,36,19,25,18,27,33,26,25,31,59,0,0
2026-05-07 05:26:00,1067,579,251,84.38,,0,0,0,4.209,4.829,0,144,710,393,317,1300,,,25,37,20,25,16,32,30,26,26,31,62,0,0
2026-05-07 05:27:00,1093,584,264,87.5,,0,0,0,4.187,4.307,0,145,751,421,330,1292,,,25,33,18,25,18,28,29,29,22,28,60,0,0
2026-05-07 05:28:00,1084,583,271,88.54,,0,0,0,4.254,4.739,0,143,732,408,324,1277,,,24,32,18,28,19,28,29,25,24,23,63,0,0
2026-05-07 05:29:00,1090,587,260,86.81,,0,0,0,4.242,4.276,0,148,739,411,328,1288,,,26,35,21,28,20,30,31,24,24,20,64,0,0
2026-05-07 05:30:00,1080,585,251,85.07,,0,0,0,4.269,5.094,0,139,722,400,322,1271,,,29,33,24,30,18,30,28,21,26,18,64,0,0
2026-05-07 05:31:00,1114,587,251,83.33,,0,0,0,4.219,4.499,0,136,753,421,332,1266,,,34,30,25,31,20,30,29,24,26,22,65,0,0
2026-05-07 05:32:00,1101,586,243,82.29,,0,0,0,4.306,5.101,0,134,736,415,321,1280,,,30,33,25,31,17,33,26,24,30,25,63,0,0
2026-05-07 05:33:00,1103,579,244,82.99,,0,0,0,4.245,4.246,0,130,752,421,331,1271,,,34,34,22,31,17,33,25,23,30,26,63,0,0
2026-05-07 05:34:00,1102,579,247,84.03,,0,0,0,4.331,5.225,0,136,730,411,319,1288,,,28,38,16,33,16,33,25,28,34,25,62,0,0
2026-05-07 05:35:00,1116,580,253,83.68,,0,0,0,4.262,4.278,0,135,752,419,333,1287,,,29,35,16,36,20,32,30,26,32,24,62,0,0
2026-05-07 05:36:00,1101,589,245,81.6,,0,0,0,4.343,5.23,0,143,741,411,330,1285,,,30,36,21,36,19,33,28,26,29,22,64,0,1.18
2026-05-07 05:37:00,1125,578,240,79.51,,0,0,0,4.242,4.129,0,147,757,413,344,1297,,,29,33,24,35,19,34,30,24,26,24,64,0,.59
2026-05-07 05:38:00,1114,569,236,79.17,,0,0,0,4.382,5.56,0,145,754,401,353,1298,,,30,33,23,36,16,34,27,24,27,25,67,0,.59
2026-05-07 05:39:00,1118,579,228,76.39,,0,0,0,4.332,5.008,0,136,735,391,344,1263,,,31,37,19,38,17,34,27,27,27,26,67,0,.59
2026-05-07 05:40:00,1113,574,231,76.74,,0,0,0,4.417,5.323,0,148,776,411,365,1287,,,30,39,23,36,18,36,20,25,27,25,69,0,.59
2026-05-07 05:41:00,1131,572,233,76.39,,0,0,0,4.326,5.335,0,140,752,398,354,1254,,,33,39,22,35,18,35,19,24,25,25,71,0,0
2026-05-07 05:42:00,1120,565,231,77.43,,0,0,0,4.382,4.872,0,146,751,401,350,1255,,,33,41,19,31,20,37,26,28,21,28,72,0,0
2026-05-07 05:43:00,1128,562,229,76.04,,0,0,0,4.29,5.863,0,142,738,391,347,1253,,,31,35,24,34,18,37,30,26,18,25,78,0,0
2026-05-07 05:44:00,1127,552,232,77.43,,0,0,0,4.361,5.336,0,145,745,386,359,1267,,,30,33,25,31,17,33,33,30,19,26,77,0,0
2026-05-07 05:45:00,1104,565,225,76.39,,0,0,0,4.306,5.976,0,143,729,369,360,1242,,,32,34,25,30,20,35,30,30,19,27,77,0,0
2026-05-07 05:46:00,1088,562,241,79.17,,0,0,0,4.44,5.682,0,154,721,366,355,1265,,,30,32,24,31,24,39,27,31,23,23,80,0,0
2026-05-07 05:47:00,1110,566,244,80.9,,0,0,0,4.347,6.062,0,150,753,385,368,1273,,,29,32,20,29,23,35,27,27,20,23,80,0,0
2026-05-07 05:48:00,1096,583,249,82.99,,0,0,0,4.481,6.152,0,143,741,374,367,1277,,,27,35,22,25,23,35,28,25,19,23,80,0,0
2026-05-07 05:49:00,1096,569,247,83.33,,0,0,0,4.372,6.412,0,131,756,389,367,1287,,,28,36,19,25,22,35,25,25,19,22,77,0,0
2026-05-07 05:50:00,1078,574,235,79.17,,0,0,0,4.549,5.876,0,150,758,390,368,1313,,,27,34,15,29,21,36,24,22,23,22,75,0,0
2026-05-07 05:51:00,1092,573,235,78.13,,0,0,0,4.233,4.086,0,146,787,407,380,1314,,,28,36,19,32,24,35,24,24,19,24,73,0,0
2026-05-07 05:52:00,1078,572,227,74.65,,0,0,0,4.373,5.99,0,158,772,398,374,1330,,,32,33,20,29,27,37,24,26,23,25,71,0,0
2026-05-07 05:53:00,1090,573,222,75.35,,0,0,0,4.388,6.624,0,152,778,394,384,1308,,,29,31,20,28,26,36,24,29,22,23,71,0,0
2026-05-07 05:54:00,1085,585,227,77.08,,0,0,0,4.582,6.382,0,147,782,385,397,1298,,,28,35,19,25,27,31,23,24,24,23,67,0,.59
2026-05-07 05:55:00,1083,579,235,80.56,,0,0,0,4.238,4.319,0,140,759,371,388,1274,,,28,32,20,29,23,33,21,24,24,23,65,0,0
2026-05-07 05:56:00,1095,561,244,80.9,,0,0,0,4.416,6.968,0,160,748,358,390,1287,,,27,37,19,25,23,31,20,25,21,25,67,0,.59
2026-05-07 05:57:00,1121,552,262,86.46,,0,0,0,4.413,6.719,0,157,787,383,404,1298,,,24,34,19,27,26,33,20,23,18,22,65,0,1.18
2026-05-07 05:58:00,1120,531,270,88.19,,0,0,0,4.658,7.358,0,155,797,386,411,1309,,,24,35,16,27,28,34,22,20,21,20,65,0,1.78
2026-05-07 05:59:00,1114,535,258,85.42,,0,0,0,4.436,8.533,0,150,778,376,402,1291,,,27,37,21,29,25,32,22,19,21,22,72,0,2.96
2026-05-07 06:00:00,1100,531,260,86.46,,0,0,0,4.778,8.087,0,147,757,367,390,1282,,,25,37,17,30,28,29,24,18,20,25,73,0,2.96
2026-05-07 06:01:00,1093,539,260,84.38,,0,0,0,4.35,5.419,0,148,758,383,375,1261,,,29,36,14,27,26,28,25,16,20,24,71,0,4.73
2026-05-07 06:02:00,1081,545,260,86.81,,0,0,0,4.762,8.009,0,150,745,384,361,1243,,,29,33,19,30,26,29,20,22,22,24,71,0,4.14
2026-05-07 06:03:00,1078,536,263,88.54,,0,0,0,4.531,5.416,0,154,733,380,353,1247,,,26,31,22,28,22,30,25,20,23,21,72,0,1.78
2026-05-07 06:04:00,1071,535,265,89.24,,0,0,0,4.96,9.06,0,153,715,371,344,1230,,,24,31,21,26,16,33,26,21,23,23,72,0,0
2026-05-07 06:05:00,1066,523,271,91.32,,0,0,0,4.901,7.737,0,147,703,360,343,1228,,,25,34,17,29,15,31,28,22,21,21,73,0,1.18
2026-05-07 06:06:00,1055,534,263,87.85,,0,0,0,5.326,8.368,0,162,684,346,338,1255,,,27,32,19,26,17,30,26,22,23,24,72,0,3.55
2026-05-07 06:07:00,1040,573,259,85.76,,0,0,0,5.021,6.833,0,148,706,362,344,1238,,,26,28,22,27,21,26,23,25,25,21,72,0,5.33
2026-05-07 06:08:00,1035,578,265,87.85,,0,0,0,5.43,8.412,0,150,694,361,333,1254,,,25,29,21,28,17,29,24,22,23,23,72,0,4.14
2026-05-07 06:09:00,1026,585,258,85.76,,0,0,0,5.203,7.618,0,146,702,360,342,1237,,,25,29,22,25,17,31,22,22,21,21,72,0,4.14
2026-05-07 06:10:00,1005,583,246,82.29,,0,0,0,5.407,8.506,0,143,691,354,337,1229,,,24,29,19,28,19,30,21,22,21,19,67,0,5.33
2026-05-07 06:11:00,1038,573,249,81.94,,0,0,0,5.105,7.605,0,151,723,376,347,1245,,,24,31,23,29,17,36,25,20,18,17,64,0,4.73
2026-05-07 06:12:00,1039,566,245,83.33,,0,0,0,5.331,7.077,0,151,707,368,339,1244,,,27,31,22,32,14,34,22,20,15,18,66,0,4.73
2026-05-07 06:13:00,1041,583,253,85.07,,0,0,0,5.123,9.113,0,144,714,366,348,1215,,,24,27,19,26,18,32,17,24,16,22,64,0,7.1
2026-05-07 06:14:00,1037,580,266,85.42,,0,0,0,5.232,6.28,0,151,759,403,356,1266,,,24,26,17,29,17,32,21,21,15,19,64,0,5.33
2026-05-07 06:15:00,1043,596,268,88.89,,0,0,0,4.915,7.416,0,153,739,394,345,1236,,,22,30,15,32,15,37,20,22,22,20,62,0,4.73
2026-05-07 06:16:00,1038,588,262,87.85,,0,0,0,5.096,6.416,0,172,730,389,341,1246,,,22,31,19,27,14,35,20,21,22,21,67,0,6.51
2026-05-07 06:17:00,1037,561,262,88.19,,0,0,0,5.145,10.27,0,167,735,386,349,1221,,,26,29,19,26,18,36,21,25,21,21,69,0,5.33
2026-05-07 06:18:00,1020,576,263,87.85,,0,0,0,5.345,6.407,0,157,705,377,328,1209,,,24,29,18,29,21,32,20,22,21,19,68,0,5.92
2026-05-07 06:19:00,1035,567,262,87.5,,0,0,0,5.308,11.403,0,161,707,374,333,1207,,,22,29,17,33,20,32,21,21,20,23,73,0,6.51
2026-05-07 06:20:00,1023,577,262,87.15,,0,0,0,5.448,7.489,0,153,692,361,331,1223,,,22,29,22,30,18,30,20,23,23,22,70,0,5.33
2026-05-07 06:21:00,1039,579,264,88.19,,0,0,0,4.89,6.577,0,160,705,368,337,1205,,,28,33,23,29,15,27,20,19,22,23,68,0,4.14
2026-05-07 06:22:00,1031,581,261,87.85,,0,0,0,5.097,6.437,0,162,704,361,343,1230,,,26,32,22,29,16,24,20,21,21,25,76,0,5.33
2026-05-07 06:23:00,1032,573,265,87.15,,0,0,0,5.01,5.947,0,161,691,355,336,1233,,,23,34,19,32,15,26,21,22,20,23,73,0,5.92
2026-05-07 06:24:00,1012,573,251,83.68,,0,0,0,5.194,5.989,0,163,671,344,327,1217,,,22,33,23,28,13,31,17,20,20,21,71,0,5.92
2026-05-07 06:25:00,1020,570,260,87.5,,0,0,0,5.142,8.05,0,156,707,361,346,1235,,,25,37,22,29,15,28,17,21,18,21,70,0,5.33
2026-05-07 06:26:00,995,589,262,87.85,,0,0,0,5.279,6.294,0,157,701,358,343,1242,,,27,32,21,30,16,28,15,22,20,21,72,0,4.14
2026-05-07 06:27:00,989,594,262,86.81,,0,0,0,5.178,7.282,0,151,682,346,336,1216,,,29,33,17,33,16,27,20,23,19,20,70,0,4.14
2026-05-07 06:28:00,981,590,245,82.29,,0,0,0,5.253,5.312,0,142,671,333,338,1229,,,25,34,24,29,17,26,24,21,22,16,70,0,2.96
2026-05-07 06:29:00,994,592,249,85.07,,0,0,0,5.282,8.582,0,139,653,316,337,1221,,,26,35,23,28,14,24,21,19,23,19,68,0,1.18
2026-05-07 06:30:00,990,587,252,84.72,,0,0,0,5.183,5.456,0,128,639,306,333,1221,,,28,34,24,29,12,27,21,24,27,22,66,0,0
2026-05-07 06:31:00,1014,580,270,90.97,,0,0,0,5.009,5.914,0,145,666,333,333,1216,,,27,30,25,31,15,26,21,21,25,24,72,0,0
2026-05-07 06:32:00,1006,573,271,89.93,,0,0,0,4.955,4.642,0,160,669,331,338,1248,,,26,31,28,30,19,26,18,23,26,23,71,0,0
2026-05-07 06:33:00,1001,582,264,88.89,,0,0,0,4.872,8.267,0,152,682,341,341,1218,,,29,30,24,31,19,27,18,24,21,22,68,0,.59
2026-05-07 06:34:00,1001,585,267,88.89,,0,0,0,5.004,6.851,0,168,668,332,336,1262,,,26,33,25,30,20,27,23,29,23,24,70,0,1.18
2026-05-07 06:35:00,1003,588,266,88.89,,0,0,0,4.591,4.936,0,166,691,345,346,1242,,,24,37,27,29,20,23,23,29,22,24,69,0,.59
2026-05-07 06:36:00,992,578,266,87.5,,0,0,0,4.642,5.243,0,171,681,342,339,1261,,,24,35,21,30,19,24,23,26,24,20,67,0,2.37
2026-05-07 06:37:00,999,572,268,88.89,,0,0,0,4.603,5.455,0,172,673,336,337,1240,,,26,32,21,28,22,26,22,23,24,23,63,0,3.55
2026-05-07 06:38:00,996,563,263,87.15,,0,0,0,4.795,6.779,0,170,650,321,329,1219,,,24,29,24,27,25,22,23,25,25,24,65,0,4.14
2026-05-07 06:39:00,1008,559,280,93.4,,0,0,0,4.747,5.426,0,162,640,313,327,1219,,,26,33,21,25,21,25,22,23,27,24,67,0,2.37
2026-05-07 06:40:00,994,567,280,93.4,,0,0,0,4.771,4.864,0,193,617,304,313,1241,,,27,36,23,27,23,27,19,25,24,25,66,0,3.55
2026-05-07 06:41:00,993,581,274,89.93,,0,0,0,4.806,5.499,0,184,637,319,318,1244,,,28,35,22,28,22,22,20,26,23,24,66,0,4.73
2026-05-07 06:42:00,986,589,275,91.67,,0,0,0,4.899,5.098,0,191,626,308,318,1244,,,25,34,25,26,28,25,21,25,25,24,66,0,3.55
2026-05-07 06:43:00,1013,568,282,92.71,,0,0,0,4.87,5.545,0,185,648,323,325,1260,,,25,29,25,29,26,30,23,22,27,25,70,0,5.33
2026-05-07 06:44:00,998,560,279,90.63,,0,0,0,4.965,5.096,0,188,633,320,313,1265,,,27,33,24,31,27,29,23,24,27,23,67,0,4.73
2026-05-07 06:45:00,1016,557,274,89.93,,0,0,0,5.02,6.414,0,198,657,335,322,1280,,,28,38,23,28,24,31,24,23,24,22,68,0,4.73
2026-05-07 06:46:00,1004,556,270,89.93,,0,0,0,5.125,5.635,0,197,666,335,331,1281,,,25,36,26,29,26,30,23,22,23,24,67,0,7.69
2026-05-07 06:47:00,1010,560,269,89.58,,0,0,0,5.032,5.918,0,193,650,323,327,1259,,,30,34,25,29,29,29,21,23,22,23,66,0,6.51
2026-05-07 06:48:00,1007,555,270,87.85,,0,0,0,4.97,5.963,0,188,649,314,335,1262,,,30,33,25,32,31,30,21,23,26,23,66,0,7.69
2026-05-07 06:49:00,1013,560,264,87.5,,0,0,0,4.898,5.149,0,186,633,308,325,1249,,,31,35,21,32,28,32,19,24,20,25,66,0,9.47
2026-05-07 06:50:00,1008,547,278,91.67,,0,0,0,5.202,7.978,0,181,623,303,320,1233,,,32,34,22,31,23,30,18,25,20,26,66,0,9.47
2026-05-07 06:51:00,1019,548,280,89.93,,0,0,0,4.888,5.714,0,167,639,313,326,1238,,,29,37,24,28,22,28,23,25,18,24,68,0,9.47
2026-05-07 06:52:00,1009,549,276,88.89,,0,0,0,5.019,5.988,0,168,626,308,318,1244,,,26,37,25,29,24,28,23,24,24,29,66,0,8.88
2026-05-07 06:53:00,1014,554,272,87.5,,0,0,0,4.931,5.102,0,167,628,315,313,1209,,,27,34,23,27,24,31,26,25,24,28,64,0,8.88
2026-05-07 06:54:00,1005,558,278,91.67,,0,0,0,5.147,6.997,0,164,618,308,310,1202,,,30,34,21,29,22,31,19,26,22,30,66,0,8.28
2026-05-07 06:55:00,1012,557,284,93.75,,0,0,0,5.125,7.043,0,157,646,327,319,1211,,,27,34,23,25,21,33,24,24,20,33,67,0,8.88
2026-05-07 06:56:00,994,568,276,88.54,,0,0,0,5.292,7.361,0,154,649,327,322,1226,,,28,32,21,26,22,30,25,24,27,32,68,0,10.06
2026-05-07 06:57:00,983,571,274,89.58,,0,0,0,5.273,6.743,0,151,635,318,317,1211,,,28,31,23,27,18,30,25,24,31,31,67,0,9.47
2026-05-07 06:58:00,976,573,274,89.93,,0,0,0,5.369,6.265,0,146,626,308,318,1208,,,28,35,22,27,19,28,30,25,29,32,67,0,10.06
2026-05-07 06:59:00,973,568,271,90.28,,0,0,0,5.436,6.949,0,136,615,292,323,1167,,,26,32,22,28,20,29,29,25,28,29,66,0,8.28
2026-05-07 07:00:00,959,571,279,90.97,,0,0,0,5.707,7.146,0,131,598,283,315,1180,,,27,32,24,27,22,30,27,23,29,28,66,0,10.06
2026-05-07 07:01:00,964,566,274,89.93,,0,0,0,5.57,5.635,0,148,632,303,329,1197,,,28,32,24,25,23,31,26,28,27,24,60,0,8.28
2026-05-07 07:02:00,971,560,267,88.54,,0,0,0,5.648,5.985,0,145,615,289,326,1199,,,29,29,26,27,20,32,29,30,25,24,59,0,8.88
2026-05-07 07:03:00,978,561,275,91.32,,0,0,0,5.651,6.097,0,146,629,287,342,1176,,,29,30,26,28,22,31,25,30,28,24,64,0,10.06
2026-05-07 07:04:00,965,567,266,88.19,,0,0,0,5.798,7.367,0,169,612,275,337,1184,,,27,31,25,27,24,27,26,31,29,23,63,0,13.02
2026-05-07 07:05:00,969,567,254,84.03,,0,0,0,5.701,7.462,0,172,634,288,346,1205,,,27,34,26,33,24,29,33,27,25,24,64,0,14.2
2026-05-07 07:06:00,976,545,256,83.68,,0,0,0,5.851,7.039,0,177,635,295,340,1189,,,28,34,26,33,20,30,32,29,26,26,67,0,15.98
2026-05-07 07:07:00,988,531,262,87.85,,0,0,0,5.737,6.569,0,184,664,312,352,1222,,,25,31,27,34,21,30,30,31,24,23,67,0,14.79
2026-05-07 07:08:00,983,531,270,88.89,,0,0,0,5.91,7.061,0,183,652,308,344,1197,,,26,32,27,31,22,30,26,31,20,27,64,0,15.98
2026-05-07 07:09:00,991,540,255,83.33,,0,0,0,5.822,6.539,0,186,661,321,340,1202,,,27,31,24,33,21,29,26,28,20,26,64,0,17.75
2026-05-07 07:10:00,985,539,257,85.42,,0,0,0,5.953,7.184,0,187,658,315,343,1193,,,24,32,24,35,20,31,27,28,24,25,63,0,19.53
2026-05-07 07:11:00,1008,532,269,87.15,,0,0,0,5.882,6.91,0,192,700,344,356,1225,,,25,32,21,37,14,32,21,28,20,26,63,0,23.08
2026-05-07 07:12:00,1024,520,285,90.28,,0,0,0,6.043,6.59,0,200,691,344,347,1220,,,27,28,19,36,18,34,20,26,20,28,69,0,25.44
2026-05-07 07:13:00,1030,524,279,91.32,,0,0,0,5.969,7.362,0,198,711,355,356,1233,,,24,31,22,37,18,34,21,26,18,30,70,0,27.22
2026-05-07 07:14:00,1037,524,288,91.67,,0,0,0,6.201,8.662,0,197,724,364,360,1240,,,28,29,24,40,20,25,25,27,17,32,71,0,26.63
2026-05-07 07:15:00,1026,532,283,92.71,,0,0,0,5.956,7.827,0,186,708,360,348,1232,,,30,31,19,36,19,27,23,25,19,28,69,0,25.44
2026-05-07 07:16:00,1026,546,294,92.01,,0,0,0,6.079,6.819,0,180,685,346,339,1218,,,27,28,22,33,24,27,22,22,15,27,71,0,26.63
2026-05-07 07:17:00,1028,560,279,90.97,,0,0,0,5.914,5.643,0,183,682,345,337,1214,,,24,33,24,32,23,30,23,22,13,28,69,0,26.63
2026-05-07 07:18:00,1032,551,282,90.97,,0,0,0,6.033,6.186,0,182,680,332,348,1215,,,26,34,27,32,18,33,19,22,18,29,66,0,27.22
2026-05-07 07:19:00,1043,548,280,92.36,,0,0,0,6.007,7.66,0,182,683,336,347,1203,,,27,33,28,34,24,30,22,17,21,25,67,0,27.22
2026-05-07 07:20:00,1030,550,284,93.4,,0,0,0,6.175,7.43,0,183,676,333,343,1182,,,27,36,26,39,22,28,24,18,25,22,64,0,26.63
2026-05-07 07:21:00,1037,540,300,97.92,,0,0,0,5.88,6.431,0,176,670,328,342,1167,,,28,38,24,37,22,27,22,19,23,20,64,0,26.63
2026-05-07 07:22:00,1020,547,296,96.53,,0,0,0,6.028,6.529,0,200,655,320,335,1190,,,28,40,25,35,23,31,20,23,23,22,62,0,26.63
2026-05-07 07:23:00,1007,549,294,95.14,,0,0,0,5.818,6.998,0,199,642,311,331,1185,,,27,37,25,39,24,27,22,22,19,26,64,0,26.04
2026-05-07 07:24:00,982,550,285,93.06,,0,0,0,5.924,7.875,0,213,626,304,322,1170,,,31,34,30,37,22,27,23,22,15,30,60,0,27.81
2026-05-07 07:25:00,983,556,281,91.67,,0,0,0,5.891,8.486,0,210,638,327,311,1175,,,30,35,26,36,21,27,20,24,15,28,75,0,26.04
2026-05-07 07:26:00,965,548,286,91.32,,0,0,0,6.233,8.613,0,213,627,320,307,1205,,,29,34,25,33,21,29,20,25,18,28,74,0,24.85
2026-05-07 07:27:00,974,535,281,91.32,,0,0,0,6.276,7.485,0,214,656,339,317,1202,,,28,34,23,30,24,30,22,25,18,25,74,0,25.44
2026-05-07 07:28:00,982,535,277,89.93,,0,0,0,6.614,10.005,0,205,650,333,317,1201,,,32,32,25,29,24,31,24,26,21,27,74,0,24.26
2026-05-07 07:29:00,975,540,258,86.46,,0,0,0,6.53,8.266,0,208,655,336,319,1211,,,26,35,22,28,25,28,24,25,18,31,73,0,24.85
2026-05-07 07:30:00,972,542,277,91.32,,0,0,0,6.823,8.939,0,200,648,326,322,1202,,,25,30,23,24,24,28,27,18,18,29,69,0,24.26
2026-05-07 07:31:00,984,548,289,93.75,,0,0,0,6.896,10.327,0,201,656,335,321,1203,,,24,34,24,26,23,30,27,18,18,27,67,0,24.26
2026-05-07 07:32:00,989,546,290,93.06,,0,0,0,7.177,8.113,0,198,659,338,321,1206,,,25,34,20,25,22,28,26,18,14,26,65,0,27.81
2026-05-07 07:33:00,977,545,283,90.97,,0,0,0,6.96,7.206,0,198,656,337,319,1208,,,29,31,25,33,22,30,21,18,20,22,63,0,26.04
2026-05-07 07:34:00,958,543,284,89.24,,0,0,0,7.205,8.184,0,214,692,358,334,1251,,,30,36,25,31,24,29,18,17,21,22,63,0,28.99
2026-05-07 07:35:00,976,525,277,90.63,,0,0,0,6.929,8.55,0,246,689,354,335,1276,,,29,36,25,29,24,31,20,18,23,19,65,0,28.99
2026-05-07 07:36:00,974,527,275,88.54,,0,0,0,7.105,9.11,0,245,673,344,329,1263,,,31,31,24,28,22,37,23,21,20,25,65,0,30.77
2026-05-07 07:37:00,976,524,286,92.01,,0,0,0,7.053,8.586,0,253,689,344,345,1268,,,32,31,25,31,22,30,20,25,19,24,67,0,28.4
2026-05-07 07:38:00,977,531,284,91.32,,0,0,0,7.164,8.318,0,254,682,340,342,1253,,,29,29,27,32,23,28,22,21,20,23,70,0,28.99
2026-05-07 07:39:00,979,522,278,89.93,,0,0,0,7.073,9.106,0,256,674,343,331,1244,,,29,32,26,31,26,31,28,21,20,23,67,0,30.18
2026-05-07 07:40:00,988,515,296,94.44,,0,0,0,7.296,7.078,0,242,665,336,329,1220,,,29,33,26,30,26,32,26,21,19,26,65,0,31.95
2026-05-07 07:41:00,989,518,287,92.36,,0,0,0,6.866,10.383,0,241,678,347,331,1217,,,30,34,30,32,29,28,24,22,21,27,64,0,32.54
2026-05-07 07:42:00,975,534,290,92.01,,0,0,0,7.121,9.466,0,228,664,336,328,1200,,,31,33,24,32,26,32,26,24,19,25,65,0,32.54
2026-05-07 07:43:00,974,529,301,94.44,,0,0,0,7.043,8.652,0,217,653,325,328,1184,,,32,33,30,33,27,32,23,23,20,24,60,0,34.32
2026-05-07 07:44:00,973,519,290,89.93,,0,0,0,7.235,8.264,0,205,627,309,318,1163,,,34,33,30,31,31,33,28,21,24,23,59,0,34.91
2026-05-07 07:45:00,958,526,302,94.1,,0,0,0,7.06,8.357,0,190,617,309,308,1134,,,29,35,32,30,32,32,30,20,23,19,61,0,34.32
2026-05-07 07:46:00,942,536,300,94.44,,0,0,0,7.161,8.274,0,173,596,297,299,1112,,,33,33,31,30,27,36,25,23,22,22,64,0,34.32
2026-05-07 07:47:00,947,535,295,89.93,,0,0,0,7.207,11.114,0,185,586,298,288,1120,,,34,39,30,34,28,34,25,20,24,20,66,0,37.28
2026-05-07 07:48:00,941,543,295,89.24,,0,0,0,7.575,10.56,0,182,562,286,276,1115,,,34,38,28,36,30,36,27,23,22,20,65,0,39.05
2026-05-07 07:49:00,930,535,286,90.63,,0,0,0,7.444,9.08,0,171,554,284,270,1092,,,31,40,28,35,27,37,28,23,23,20,67,0,36.69
2026-05-07 07:50:00,922,537,290,91.67,,0,0,0,7.611,7.332,0,173,542,275,267,1095,,,35,40,28,32,27,33,29,19,29,27,64,0,35.5
2026-05-07 07:51:00,936,541,279,89.24,,0,0,0,7.202,7.049,0,180,591,302,289,1131,,,36,37,34,30,24,34,26,22,28,26,64,0,33.14
2026-05-07 07:52:00,932,528,278,90.63,,0,0,0,7.166,6.843,0,208,593,301,292,1150,,,36,36,27,30,21,36,27,23,25,30,65,0,30.77
2026-05-07 07:53:00,952,530,288,91.67,,0,0,0,7.055,7.787,0,217,616,316,300,1186,,,35,35,23,28,24,38,21,20,25,31,67,0,28.99
2026-05-07 07:54:00,951,522,283,89.24,,0,0,0,7.138,7.941,0,235,596,304,292,1184,,,33,38,28,26,27,37,21,21,25,30,68,0,24.26
2026-05-07 07:55:00,949,531,273,87.85,,0,0,0,6.903,7.057,0,236,597,300,297,1177,,,31,38,28,28,24,35,23,21,23,31,67,0,24.26
2026-05-07 07:56:00,944,524,279,90.28,,0,0,0,7.152,8.556,0,237,582,299,283,1162,,,31,34,28,30,25,33,22,22,23,25,65,0,23.08
2026-05-07 07:57:00,975,523,284,90.28,,0,0,0,6.854,8.934,0,225,594,313,281,1169,,,35,34,26,34,21,37,23,23,20,20,71,0,24.26
2026-05-07 07:58:00,965,532,278,90.63,,0,0,0,7.202,13.547,0,224,585,305,280,1166,,,32,35,26,32,26,37,21,21,18,21,69,0,25.44
2026-05-07 07:59:00,951,552,268,87.15,,0,0,0,7.064,9.836,0,221,596,307,289,1162,,,30,34,26,29,23,38,20,25,18,19,70,0,23.67
2026-05-07 08:00:00,937,572,279,92.36,,0,0,0,7.414,8.708,0,213,588,298,290,1155,,,31,38,26,34,19,35,21,25,23,22,69,0,22.49
2026-05-07 08:01:00,973,566,298,95.49,,0,0,0,6.977,6.337,0,207,638,333,305,1203,,,30,35,30,32,19,36,18,23,20,26,71,0,21.89
2026-05-07 08:02:00,964,572,294,94.79,,0,0,0,7.047,5.159,0,204,631,332,299,1234,,,28,35,30,30,17,34,21,26,23,23,67,0,19.53
2026-05-07 08:03:00,975,583,290,94.79,,0,0,0,6.926,8.456,0,223,641,330,311,1246,,,33,38,26,31,17,36,24,25,27,25,65,0,23.08
2026-05-07 08:04:00,955,604,295,94.44,,0,0,0,7.054,6.477,0,214,621,318,303,1223,,,31,41,27,34,20,37,21,25,26,25,62,0,21.89
2026-05-07 08:05:00,977,592,296,94.1,,0,0,0,6.863,7.788,0,212,633,324,309,1226,,,34,39,28,32,27,33,18,26,23,29,68,0,20.71
2026-05-07 08:06:00,979,589,299,97.57,,0,0,0,6.882,7.067,0,212,623,317,306,1230,,,30,39,28,34,25,35,16,25,24,29,64,0,20.71
2026-05-07 08:07:00,982,600,300,95.49,,0,0,0,6.54,7.775,0,206,622,316,306,1201,,,28,38,29,29,26,35,17,28,26,28,67,0,21.89
2026-05-07 08:08:00,967,585,292,94.44,,0,0,0,6.185,6.045,0,212,619,310,309,1208,,,27,40,29,32,24,37,17,25,29,27,66,0,19.53
2026-05-07 08:09:00,974,579,288,93.4,,0,0,0,5.861,6.003,0,202,624,309,315,1194,,,33,41,27,34,22,34,21,24,27,27,64,0,21.3
2026-05-07 08:10:00,969,559,286,91.67,,0,0,0,5.891,6.969,0,200,624,312,312,1209,,,29,41,29,34,25,34,22,24,29,26,65,0,22.49
2026-05-07 08:11:00,981,565,288,91.32,,0,0,0,5.878,8.958,0,213,670,348,322,1240,,,32,39,27,36,25,34,22,23,27,25,64,0,24.85
2026-05-07 08:12:00,984,562,298,93.4,,0,0,0,6.195,7.797,0,205,663,344,319,1235,,,29,43,31,35,26,37,22,22,21,29,65,0,23.67
2026-05-07 08:13:00,998,541,309,96.18,,0,0,0,6.364,10.596,0,203,681,354,327,1226,,,31,40,29,39,24,35,23,21,22,28,66,0,23.67
2026-05-07 08:14:00,989,541,303,95.14,,0,0,0,6.702,10.394,0,197,663,343,320,1206,,,33,41,26,37,25,38,21,16,25,26,62,0,22.49
2026-05-07 08:15:00,1002,552,295,94.79,,0,0,0,6.519,10.247,0,203,682,337,345,1223,,,31,38,31,40,27,37,20,20,28,22,54,0,24.26
2026-05-07 08:16:00,1002,559,303,93.75,,0,0,0,7.067,10.869,0,197,657,321,336,1216,,,30,37,29,39,23,34,19,23,24,21,59,0,26.04
2026-05-07 08:17:00,999,567,283,91.32,,0,0,0,6.992,8.983,0,194,668,324,344,1234,,,30,40,29,36,27,37,21,24,22,24,62,0,24.26
2026-05-07 08:18:00,1010,557,291,93.4,,0,0,0,7.472,9.538,0,196,665,323,342,1239,,,32,43,31,39,25,35,23,29,17,20,62,0,26.63
2026-05-07 08:19:00,1019,545,286,92.71,,0,0,0,7.496,7.991,0,195,681,326,355,1253,,,32,45,31,42,25,38,25,23,13,21,61,0,25.44
2026-05-07 08:20:00,1012,557,297,94.44,,0,0,0,7.98,9.03,0,204,662,319,343,1248,,,31,44,28,40,24,34,21,26,13,28,64,0,23.67
2026-05-07 08:21:00,1026,555,299,95.14,,0,0,0,7.534,7.77,0,193,690,337,353,1254,,,32,43,35,40,19,35,22,24,16,27,62,0,22.49
2026-05-07 08:22:00,1021,557,288,94.79,,0,0,0,7.865,8.519,0,199,691,345,346,1259,,,27,45,29,39,24,38,27,26,14,25,58,0,23.67
2026-05-07 08:23:00,1021,574,299,94.79,,0,0,0,7.282,7.305,0,197,676,337,339,1234,,,30,42,28,36,25,40,26,28,19,25,63,0,24.26
2026-05-07 08:24:00,1021,557,295,94.79,,0,0,0,7.455,8.794,0,209,677,324,353,1251,,,30,46,27,38,26,39,26,25,22,24,63,0,23.08
2026-05-07 08:25:00,1025,544,294,93.75,,0,0,0,7.251,9.345,0,204,663,313,350,1230,,,33,42,29,35,24,39,23,29,24,24,67,0,22.49
2026-05-07 08:26:00,1012,548,292,94.79,,0,0,0,7.105,7.393,0,201,642,302,340,1251,,,35,41,32,34,22,37,21,24,25,21,69,0,19.53
2026-05-07 08:27:00,1015,550,301,94.79,,0,0,0,6.814,8.592,0,192,661,318,343,1230,,,36,42,29,33,21,35,21,25,25,22,70,0,19.53
2026-05-07 08:28:00,1004,558,293,91.67,,0,0,0,6.959,9.553,0,203,660,317,343,1237,,,35,43,31,35,21,37,24,27,22,23,71,0,19.53
2026-05-07 08:29:00,1007,562,288,91.32,,0,0,0,6.804,7.801,0,201,672,318,354,1228,,,36,45,28,35,25,36,22,24,23,22,70,0,21.3
2026-05-07 08:30:00,992,571,274,89.93,,0,0,0,7.085,9.891,0,201,650,307,343,1228,,,37,43,36,36,23,33,21,23,21,22,66,0,20.71
2026-05-07 08:31:00,1027,568,282,91.67,,0,0,0,6.881,9.652,0,213,680,311,369,1244,,,37,39,29,36,22,34,19,26,22,20,69,0,20.12
2026-05-07 08:32:00,1018,566,284,94.1,,0,0,0,7.285,10.042,0,207,670,306,364,1260,,,39,38,29,36,22,36,22,26,23,22,68,0,20.12
2026-05-07 08:33:00,1033,559,283,94.44,,0,0,0,7.127,7.609,0,204,697,315,382,1245,,,35,40,25,39,22,36,22,26,26,22,67,0,20.71
2026-05-07 08:34:00,1028,568,280,92.01,,0,0,0,7.338,9.09,0,202,694,317,377,1237,,,37,37,31,40,25,35,24,28,28,20,65,0,22.49
2026-05-07 08:35:00,1029,574,290,93.4,,0,0,0,7.023,7.217,0,185,677,312,365,1224,,,37,38,29,38,26,36,21,27,28,21,64,0,23.08
2026-05-07 08:36:00,1028,568,300,95.83,,0,0,0,7.244,6.763,0,172,661,303,358,1210,,,32,43,34,35,24,37,23,26,27,23,63,0,23.67
2026-05-07 08:37:00,1013,572,296,95.14,,0,0,0,7.019,8.595,0,168,647,296,351,1188,,,33,47,34,33,21,38,27,24,24,24,57,0,24.26
2026-05-07 08:38:00,999,577,293,94.79,,0,0,0,7.193,9.408,0,163,637,292,345,1164,,,33,47,32,36,21,35,26,24,23,25,56,0,23.67
2026-05-07 08:39:00,979,590,276,90.63,,0,0,0,7.01,7.882,0,149,618,285,333,1150,,,38,43,33,37,24,34,30,24,22,28,54,0,23.67
2026-05-07 08:40:00,961,589,283,91.32,,0,0,0,7.286,8.969,0,141,597,273,324,1158,,,33,43,31,38,25,35,26,22,25,30,53,0,24.26
2026-05-07 08:41:00,988,584,277,91.32,,0,0,0,6.715,7.183,0,162,637,295,342,1186,,,38,42,34,35,20,39,25,23,24,29,60,0,23.67
2026-05-07 08:42:00,978,580,284,91.32,,0,0,0,6.606,7.554,0,166,621,288,333,1190,,,36,43,34,35,21,38,20,19,31,30,60,0,21.3
2026-05-07 08:43:00,985,587,277,89.93,,0,0,0,6.497,8.514,0,203,640,301,339,1226,,,33,41,33,35,20,42,21,22,36,28,58,0,20.12
2026-05-07 08:44:00,986,578,273,87.5,,0,0,0,6.53,7.081,0,215,623,290,333,1254,,,36,39,30,31,27,43,21,29,34,29,56,0,20.12
2026-05-07 08:45:00,1004,565,282,93.4,,0,0,0,6.385,6.593,0,219,642,301,341,1242,,,34,37,32,28,27,40,21,29,37,30,55,0,20.71
2026-05-07 08:46:00,997,566,275,91.67,,0,0,0,6.625,7.388,0,199,645,315,330,1220,,,35,34,28,30,25,38,28,31,34,31,58,0,25.44
2026-05-07 08:47:00,1007,548,283,92.36,,0,0,0,6.415,8.822,0,200,673,339,334,1248,,,35,35,27,30,27,34,32,28,29,28,60,0,25.44
2026-05-07 08:48:00,995,556,287,92.71,,0,0,0,6.487,8.477,0,204,654,329,325,1227,,,31,36,27,27,24,32,32,24,31,27,60,0,25.44
2026-05-07 08:49:00,1006,545,282,92.01,,0,0,0,6.373,8.43,0,200,670,342,328,1246,,,30,39,31,29,23,31,29,29,30,26,58,0,24.85
2026-05-07 08:50:00,1004,531,276,89.58,,0,0,0,6.747,10.118,0,199,657,339,318,1240,,,34,36,31,31,25,36,28,27,30,26,58,0,26.63
2026-05-07 08:51:00,999,541,276,90.28,,0,0,0,6.498,7.139,0,203,641,334,307,1228,,,38,39,30,29,30,36,32,25,28,22,58,0,24.85
2026-05-07 08:52:00,997,548,293,94.1,,0,0,0,6.76,8.065,0,200,631,331,300,1212,,,30,43,28,33,24,34,27,26,28,25,61,0,24.85
2026-05-07 08:53:00,1003,532,297,95.49,,0,0,0,6.615,8.256,0,199,621,323,298,1187,,,33,39,24,34,25,32,28,30,26,25,62,0,23.67
2026-05-07 08:54:00,975,548,294,94.44,,0,0,0,6.808,7.022,0,194,601,315,286,1170,,,38,36,26,31,26,33,29,29,24,26,64,0,25.44
2026-05-07 08:55:00,978,561,286,93.4,,0,0,0,6.599,6.659,0,194,614,313,301,1162,,,37,39,29,30,26,36,28,29,24,23,70,0,24.26
2026-05-07 08:56:00,963,553,292,94.1,,0,0,0,6.918,8.437,0,200,605,308,297,1192,,,32,41,28,31,25,34,27,25,26,25,72,0,25.44
2026-05-07 08:57:00,978,550,294,94.44,,0,0,0,6.729,8.658,0,190,612,309,303,1188,,,32,40,31,32,23,34,30,26,24,25,73,0,26.63
2026-05-07 08:58:00,996,541,313,97.92,,0,0,0,6.852,8.762,0,184,615,313,302,1197,,,31,40,33,34,20,37,30,27,21,26,78,0,27.22
2026-05-07 08:59:00,990,534,301,96.18,,0,0,0,6.789,8.607,0,180,623,307,316,1183,,,32,40,32,34,21,41,33,25,20,24,74,0,27.22
2026-05-07 09:00:00,984,533,301,93.75,,0,0,0,7.035,11.088,0,192,607,294,313,1195,,,38,37,28,31,24,38,31,26,24,26,72,0,26.63
2026-05-07 09:01:00,1000,533,299,92.71,,0,0,0,6.838,7.607,0,200,643,324,319,1211,,,36,38,34,32,23,35,26,25,26,32,69,0,27.81
2026-05-07 09:02:00,970,541,295,92.71,,0,0,0,7.076,8.42,0,195,625,311,314,1201,,,35,38,31,32,27,36,31,23,26,29,65,0,26.63
2026-05-07 09:03:00,970,563,296,92.36,,0,0,0,7.021,8.68,0,184,642,319,323,1212,,,34,41,33,31,23,39,31,20,27,33,66,0,26.04
2026-05-07 09:04:00,965,553,292,90.63,,0,0,0,7.3,8.026,0,183,639,324,315,1226,,,31,44,34,31,31,38,28,23,28,29,64,0,24.85
2026-05-07 09:05:00,993,541,300,94.1,,0,0,0,7.262,9.384,0,200,679,349,330,1246,,,36,41,30,32,25,38,28,25,28,23,67,0,22.49
2026-05-07 09:06:00,990,541,314,98.61,,0,0,0,7.447,8.257,0,205,680,351,329,1228,,,38,38,28,32,25,34,28,25,29,24,64,0,17.75
2026-05-07 09:07:00,1006,536,301,96.88,,0,0,0,7.323,9.617,0,210,693,364,329,1252,,,39,35,27,31,29,34,27,28,26,28,63,0,17.16
2026-05-07 09:08:00,994,545,293,94.44,,0,0,0,7.239,6.834,0,206,712,362,350,1264,,,34,36,29,32,32,35,27,30,26,25,60,0,17.75
2026-05-07 09:09:00,1023,552,297,95.83,,0,0,0,6.902,6.997,0,197,696,352,344,1246,,,33,37,31,34,28,39,27,29,24,26,58,0,16.57
2026-05-07 09:10:00,1021,555,297,94.79,,0,0,0,6.905,7.521,0,188,693,355,338,1224,,,36,33,28,37,27,39,23,27,26,28,56,0,15.98
2026-05-07 09:11:00,1024,545,302,95.49,,0,0,0,6.758,7.963,0,176,681,349,332,1214,,,37,34,28,36,32,40,23,24,26,25,59,0,15.38
2026-05-07 09:12:00,1009,545,288,93.4,,0,0,0,7.03,8.68,0,173,669,343,326,1211,,,36,33,31,32,29,39,27,22,28,23,57,0,16.57
2026-05-07 09:13:00,1011,538,292,92.71,,0,0,0,6.827,7.943,0,161,660,335,325,1190,,,35,34,30,37,34,41,26,24,26,22,56,0,15.38
2026-05-07 09:14:00,1005,539,282,91.32,,0,0,0,7.169,9.585,0,161,648,327,321,1179,,,38,34,34,41,30,39,26,18,28,23,52,0,18.34
2026-05-07 09:15:00,993,550,274,90.97,,0,0,0,7.03,10.751,0,155,624,313,311,1156,,,33,39,32,40,35,41,28,23,27,24,53,0,18.34
2026-05-07 09:16:00,985,542,274,89.24,,0,0,0,7.477,10.4,0,180,607,302,305,1180,,,30,39,33,40,29,40,24,23,22,26,55,0,20.71
2026-05-07 09:17:00,986,549,272,89.24,,0,0,0,7.302,9.565,0,178,631,320,311,1170,,,33,36,32,38,30,36,20,25,19,25,58,0,25.44
2026-05-07 09:18:00,976,538,282,90.97,,0,0,0,7.519,7.833,0,175,627,318,309,1193,,,34,33,31,36,29,38,21,24,21,23,56,0,24.85
2026-05-07 09:19:00,972,542,274,90.97,,0,0,0,7.387,8.129,0,194,648,329,319,1203,,,36,38,32,35,25,38,25,25,18,27,55,0,24.26
2026-05-07 09:20:00,951,545,269,88.54,,0,0,0,7.848,10.701,0,197,632,323,309,1178,,,36,38,31,33,29,38,27,23,18,25,54,0,23.67
2026-05-07 09:21:00,961,553,267,88.89,,0,0,0,7.463,6.386,0,222,655,343,312,1226,,,34,38,33,34,26,37,25,25,18,20,55,0,23.08
2026-05-07 09:22:00,948,542,281,91.32,,0,0,0,7.519,7.102,0,221,641,335,306,1203,,,29,43,34,36,28,36,25,26,18,18,56,0,20.12
2026-05-07 09:23:00,962,546,288,92.36,,0,0,0,7.326,9.872,0,209,658,339,319,1217,,,37,40,33,35,25,40,22,25,18,20,52,0,19.53
2026-05-07 09:24:00,963,547,292,95.83,,0,0,0,7.484,9.165,0,199,641,327,314,1187,,,36,42,28,32,23,42,23,21,18,23,50,0,18.93
2026-05-07 09:25:00,967,547,282,93.06,,0,0,0,6.91,6.697,0,193,628,316,312,1189,,,33,44,31,29,23,40,21,19,18,26,58,0,20.12
2026-05-07 09:26:00,970,553,286,92.01,,0,0,0,6.909,7.811,0,188,615,313,302,1179,,,31,41,31,35,26,36,18,22,16,25,58,0,19.53
2026-05-07 09:27:00,982,560,291,94.44,,0,0,0,6.867,9.87,0,181,650,335,315,1205,,,33,40,29,32,27,33,22,21,19,23,58,0,18.93
2026-05-07 09:28:00,966,569,278,93.75,,0,0,0,7.225,9.64,0,178,651,344,307,1228,,,30,40,31,34,24,37,21,21,26,26,60,0,17.75
2026-05-07 09:29:00,986,567,286,94.79,,0,0,0,6.929,7.482,0,167,668,347,321,1234,,,30,41,30,32,24,40,23,21,26,27,61,0,13.61
2026-05-07 09:30:00,980,570,277,92.01,,0,0,0,7.219,10.466,0,194,650,340,310,1259,,,32,38,30,37,24,40,29,23,25,24,58,0,11.24
2026-05-07 09:31:00,1003,568,278,92.36,,0,0,0,6.685,6.053,0,201,680,358,322,1283,,,31,40,31,37,25,38,32,26,25,21,59,0,5.92
2026-05-07 09:32:00,1001,565,276,90.28,,0,0,0,6.824,7.035,0,192,675,364,311,1304,,,31,42,28,38,24,37,32,24,27,26,57,0,6.51
2026-05-07 09:33:00,1021,565,277,90.97,,0,0,0,6.472,6.78,0,190,704,387,317,1303,,,33,41,26,37,23,36,33,29,30,25,54,0,8.88
2026-05-07 09:34:00,1027,561,287,94.79,,0,0,0,6.654,8.87,0,182,705,380,325,1287,,,32,40,29,34,21,35,31,29,29,26,53,0,10.06
2026-05-07 09:35:00,1030,564,284,94.1,,0,0,0,6.565,8.1,0,173,682,365,317,1254,,,29,38,30,34,21,33,30,25,31,26,57,0,11.83
2026-05-07 09:36:00,1033,563,300,96.88,,0,0,0,6.797,8.824,0,177,674,357,317,1254,,,33,38,29,36,21,30,28,26,28,31,58,0,13.02
2026-05-07 09:37:00,1068,562,294,94.44,,0,0,0,6.554,7.881,0,173,706,386,320,1272,,,33,37,30,33,25,30,26,30,29,34,59,0,13.61
2026-05-07 09:38:00,1059,559,293,91.67,,0,0,0,6.67,7.448,0,173,691,380,311,1259,,,34,38,26,39,21,38,26,32,32,29,64,0,10.65
2026-05-07 09:39:00,1076,558,283,91.67,,0,0,0,6.444,6.143,0,169,711,394,317,1271,,,32,41,27,37,22,35,25,36,29,33,64,0,7.69
2026-05-07 09:40:00,1075,554,294,93.75,,0,0,0,6.338,7.066,0,165,698,392,306,1255,,,30,41,29,38,22,36,26,34,28,35,64,0,5.33
2026-05-07 09:41:00,1080,552,282,91.67,,0,0,0,6.047,6.161,0,168,712,407,305,1274,,,33,39,27,42,20,35,25,36,30,37,67,0,2.37
2026-05-07 09:42:00,1083,563,290,93.06,,0,0,0,6.026,6.161,0,161,708,405,303,1290,,,32,38,25,47,23,32,29,35,33,36,68,0,.59
2026-05-07 09:43:00,1103,564,289,93.75,,0,0,0,5.963,5.98,0,181,742,431,311,1308,,,36,37,21,43,24,32,30,34,31,32,68,0,.59
2026-05-07 09:44:00,1085,572,275,92.71,,0,0,0,5.986,8.345,0,182,748,427,321,1329,,,36,37,24,44,26,31,31,34,34,34,69,0,1.18
2026-05-07 09:45:00,1094,565,274,91.67,,0,0,0,5.692,5.176,0,186,742,421,321,1328,,,35,39,24,41,24,33,32,37,35,35,70,0,0
2026-05-07 09:46:00,1095,577,277,91.32,,0,0,0,5.772,6.918,0,176,725,420,305,1326,,,37,43,27,41,20,30,33,39,34,37,71,0,.59
2026-05-07 09:47:00,1095,577,278,90.63,,0,0,0,5.438,5.436,0,172,715,415,300,1314,,,35,38,25,39,25,31,33,41,33,36,69,0,0
2026-05-07 09:48:00,1096,574,282,93.75,,0,0,0,5.372,6.153,0,161,695,402,293,1301,,,34,39,24,36,28,31,35,40,32,36,65,0,0
2026-05-07 09:49:00,1097,575,287,94.44,,0,0,0,5.242,5.418,0,154,687,399,288,1279,,,34,40,26,39,26,31,35,40,34,34,64,0,0
2026-05-07 09:50:00,1098,574,292,95.49,,0,0,0,5.646,8.893,0,147,701,416,285,1272,,,35,39,25,37,28,33,34,40,35,29,62,0,0
2026-05-07 09:51:00,1093,575,295,94.1,,0,0,0,5.215,4.335,0,136,685,405,280,1241,,,34,40,27,41,24,34,33,40,37,33,65,0,0
2026-05-07 09:52:00,1081,560,306,95.49,,0,0,0,5.287,5.583,0,135,673,395,278,1222,,,33,39,25,41,26,33,32,40,30,37,65,0,0
2026-05-07 09:53:00,1069,549,309,94.79,,0,0,0,5.137,6.168,0,132,666,390,276,1205,,,35,39,26,40,30,32,34,37,34,39,66,0,0
2026-05-07 09:54:00,1054,544,284,90.97,,0,0,0,5.258,7.715,0,134,656,382,274,1189,,,34,41,25,38,29,36,32,38,32,38,65,0,0
2026-05-07 09:55:00,1037,556,280,90.63,,0,0,0,5.05,7.073,0,137,640,374,266,1164,,,31,43,28,35,28,34,30,34,32,40,62,0,0
2026-05-07 09:56:00,1039,537,292,91.67,,0,0,0,5.147,6.914,0,154,628,371,257,1204,,,33,42,25,35,25,30,27,35,30,42,59,0,0
2026-05-07 09:57:00,1053,530,278,89.93,,0,0,0,5.163,9.395,0,195,655,396,259,1217,,,35,42,28,38,24,30,28,28,32,40,60,0,1.78
2026-05-07 09:58:00,1034,529,270,87.85,,0,0,0,5.327,7.188,0,185,640,383,257,1209,,,36,38,24,37,30,30,29,32,32,38,58,0,1.18
2026-05-07 09:59:00,1041,522,271,85.76,,0,0,0,5.279,7.687,0,191,662,394,268,1235,,,34,37,25,33,32,33,29,30,32,33,60,0,1.18
2026-05-07 10:00:00,1026,527,266,86.11,,0,0,0,5.428,6.187,0,195,658,396,262,1226,,,34,38,22,34,28,32,30,27,28,33,61,0,1.78
2026-05-07 10:01:00,1020,533,253,84.03,,0,0,0,5.242,5.672,0,200,660,402,258,1225,,,32,40,30,34,30,31,30,32,27,36,59,0,0
2026-05-07 10:02:00,1013,539,253,84.38,,0,0,0,5.459,6.104,0,200,656,396,260,1211,,,34,42,28,31,27,34,29,31,24,39,61,0,0
2026-05-07 10:03:00,1012,551,256,84.38,,0,0,0,5.409,7.103,0,190,637,387,250,1197,,,34,42,28,31,26,31,25,30,27,41,64,0,0
2026-05-07 10:04:00,1018,547,260,86.81,,0,0,0,5.64,8.222,0,182,618,373,245,1181,,,36,40,26,30,30,30,27,25,30,42,63,0,0
2026-05-07 10:05:00,1014,543,266,89.24,,0,0,0,5.253,5.915,0,177,608,368,240,1158,,,32,38,23,36,32,29,25,26,35,40,60,0,0
2026-05-07 10:06:00,1017,549,276,89.58,,0,0,0,5.314,5.843,0,165,618,379,239,1183,,,34,38,25,31,30,32,18,26,36,41,58,0,0
2026-05-07 10:07:00,1020,554,282,91.32,,0,0,0,5.296,7.41,0,188,652,406,246,1217,,,33,42,24,31,28,30,20,28,32,39,59,0,0
2026-05-07 10:08:00,994,567,285,91.67,,0,0,0,5.431,7.198,0,186,638,398,240,1182,,,30,41,23,32,29,34,24,26,30,36,58,0,.59
2026-05-07 10:09:00,1009,575,285,91.32,,0,0,0,5.117,5.835,0,186,660,405,255,1219,,,30,39,24,34,31,34,26,25,27,38,58,0,.59
2026-05-07 10:10:00,1002,579,279,92.01,,0,0,0,5.342,8.124,0,185,643,396,247,1238,,,28,38,22,33,28,36,25,24,23,39,57,0,0
2026-05-07 10:11:00,1030,568,281,90.63,,0,0,0,5.039,5.512,0,210,680,422,258,1268,,,29,34,22,38,29,34,24,25,26,34,54,0,.59
2026-05-07 10:12:00,1022,571,267,88.89,,0,0,0,5.111,5.551,0,213,660,407,253,1268,,,29,38,24,38,30,37,22,32,23,30,51,0,0
2026-05-07 10:13:00,1040,574,265,89.58,,0,0,0,5.078,5.79,0,199,684,424,260,1283,,,26,41,26,34,26,33,25,32,22,27,51,0,0
2026-05-07 10:14:00,1028,598,273,90.97,,0,0,0,5.254,6.644,0,191,658,406,252,1258,,,27,38,22,33,27,36,23,31,20,22,50,0,0
2026-05-07 10:15:00,1041,595,280,93.75,,0,0,0,4.964,5.167,0,181,673,411,262,1272,,,30,41,27,30,24,34,25,29,18,24,55,0,0
2026-05-07 10:16:00,1047,592,280,93.4,,0,0,0,5.049,5.739,0,185,661,408,253,1287,,,33,39,29,30,23,36,26,27,18,24,56,0,0
2026-05-07 10:17:00,1064,596,276,92.36,,0,0,0,4.954,5.201,0,178,674,417,257,1293,,,29,42,31,33,26,34,26,25,19,21,62,0,0
2026-05-07 10:18:00,1065,591,282,91.67,,0,0,0,5.068,5.592,0,175,666,409,257,1303,,,30,43,24,35,26,35,29,24,25,21,64,0,0
2026-05-07 10:19:00,1063,601,276,91.32,,0,0,0,4.885,5.152,0,173,674,402,272,1283,,,30,40,28,32,24,34,29,22,29,27,65,0,0
2026-05-07 10:20:00,1064,596,276,90.97,,0,0,0,5.242,9.205,0,207,656,394,262,1299,,,36,36,27,35,24,31,30,25,28,29,63,0,0
2026-05-07 10:21:00,1083,607,280,90.28,,0,0,0,4.701,4.171,0,192,682,407,275,1307,,,34,35,24,39,25,34,31,24,29,31,62,0,0
2026-05-07 10:22:00,1085,602,280,90.63,,0,0,0,4.743,5.679,0,197,667,394,273,1294,,,37,36,23,38,24,30,32,26,29,31,62,0,0
2026-05-07 10:23:00,1085,595,279,90.97,,0,0,0,4.721,6.749,0,199,683,399,284,1305,,,35,32,24,37,26,28,32,24,32,33,61,0,0
2026-05-07 10:24:00,1083,570,273,89.58,,0,0,0,4.794,5.677,0,197,701,411,290,1329,,,36,32,29,39,28,31,30,28,33,33,60,0,0
2026-05-07 10:25:00,1087,576,266,88.54,,0,0,0,4.659,5.261,0,192,693,403,290,1312,,,31,37,24,32,29,33,27,31,33,37,58,0,0
2026-05-07 10:26:00,1093,577,270,87.15,,0,0,0,4.71,5.58,0,180,697,414,283,1301,,,35,37,24,34,26,35,27,28,35,37,56,0,0
2026-05-07 10:27:00,1078,580,264,86.81,,0,0,0,4.71,5.968,0,178,693,416,277,1294,,,33,38,23,33,21,36,25,29,35,42,56,0,0
2026-05-07 10:28:00,1069,579,273,88.54,,0,0,0,4.802,5.042,0,163,679,411,268,1272,,,31,37,20,35,24,35,24,32,34,40,55,0,0
2026-05-07 10:29:00,1058,574,280,89.58,,0,0,0,4.913,7.672,0,147,661,397,264,1229,,,29,39,25,33,28,36,26,28,32,39,54,0,0
2026-05-07 10:30:00,1050,582,271,87.85,,0,0,0,5.1,6.514,0,154,650,392,258,1234,,,36,38,23,35,27,37,25,31,27,39,53,0,0
2026-05-07 10:31:00,1075,581,276,90.28,,0,0,0,4.867,5.946,0,142,685,412,273,1252,,,32,35,24,38,31,37,28,30,26,42,52,0,0
2026-05-07 10:32:00,1073,579,270,88.54,,0,0,0,4.915,4.865,0,145,675,411,264,1248,,,32,37,26,36,36,37,29,29,31,38,49,0,0
2026-05-07 10:33:00,1077,573,269,88.19,,0,0,0,4.9,6.962,0,146,681,409,272,1242,,,36,38,30,36,42,37,28,24,30,37,48,0,0
2026-05-07 10:34:00,1081,570,273,90.28,,0,0,0,4.996,5.841,0,138,666,393,273,1234,,,34,34,29,38,47,37,27,21,28,36,49,0,0
2026-05-07 10:35:00,1072,575,271,87.85,,0,0,0,4.71,6.121,0,138,644,380,264,1205,,,36,33,26,36,48,36,26,20,28,36,51,0,0
2026-05-07 10:36:00,1083,564,276,88.89,,0,0,0,4.791,5.469,0,147,647,391,256,1226,,,34,34,32,35,53,36,25,21,28,37,55,0,0
2026-05-07 10:37:00,1095,555,286,92.71,,0,0,0,5.315,10.215,0,140,679,409,270,1239,,,33,35,32,37,53,33,28,22,28,37,61,0,0
2026-05-07 10:38:00,1112,539,286,93.4,,0,0,0,4.757,4.838,0,138,673,410,263,1227,,,31,38,35,38,49,35,26,25,30,35,69,0,0
2026-05-07 10:39:00,1128,516,292,94.1,,0,0,0,4.718,4.401,0,138,680,424,256,1234,,,34,40,35,38,48,35,26,27,30,35,72,0,0
2026-05-07 10:40:00,1124,494,297,94.79,,0,0,0,4.774,5.657,0,153,678,423,255,1234,,,31,40,34,38,46,39,25,24,32,35,71,0,0
2026-05-07 10:41:00,1157,475,291,93.06,,0,0,0,4.919,9.179,0,152,728,453,275,1251,,,30,37,36,39,47,41,27,28,33,39,71,0,0
2026-05-07 10:42:00,1147,469,291,93.06,,0,0,0,5.192,7.924,0,164,741,457,284,1271,,,30,36,33,39,45,37,25,29,33,39,73,0,0
2026-05-07 10:43:00,1157,474,282,93.06,,0,0,0,5.053,9.046,0,159,741,457,284,1266,,,35,37,33,39,42,41,26,29,32,41,71,0,0
2026-05-07 10:44:00,1167,468,283,92.36,,0,0,0,5.246,6.675,0,151,737,454,283,1258,,,36,40,32,42,43,41,22,36,31,41,69,0,0
2026-05-07 10:45:00,1167,456,279,90.97,,0,0,0,4.836,4.945,0,150,761,467,294,1272,,,36,41,34,42,42,39,28,37,36,37,70,0,0
2026-05-07 10:46:00,1178,455,280,89.93,,0,0,0,5.012,6.558,0,146,769,477,292,1256,,,37,41,35,39,40,39,28,35,36,37,69,0,0
2026-05-07 10:47:00,1178,445,275,89.58,,0,0,0,4.993,4.521,0,137,760,467,293,1240,,,37,44,40,40,39,38,30,35,34,36,69,0,0
2026-05-07 10:48:00,1169,453,266,86.81,,0,0,0,5.269,6.823,0,131,752,456,296,1227,,,34,47,39,42,41,38,31,41,31,37,63,0,0
2026-05-07 10:49:00,1169,465,264,87.15,,0,0,0,5.379,6.225,0,123,746,451,295,1217,,,33,49,38,43,45,39,29,42,30,35,60,0,0
2026-05-07 10:50:00,1180,467,272,88.89,,0,0,0,5.526,6.393,0,116,740,450,290,1230,,,37,49,39,47,41,40,31,39,29,35,59,0,0
2026-05-07 10:51:00,1218,464,281,88.89,,0,0,0,5.941,11.048,0,152,793,483,310,1276,,,36,48,41,50,39,43,32,38,33,35,57,0,0
2026-05-07 10:52:00,1218,463,283,91.67,,0,0,0,6.079,6.688,0,172,816,480,336,1335,,,37,46,44,48,37,42,30,36,35,32,55,0,0
2026-05-07 10:53:00,1235,453,287,90.63,,0,0,0,5.961,13.421,0,173,817,483,334,1335,,,39,42,45,48,37,43,32,34,34,34,57,0,0
2026-05-07 10:54:00,1236,456,285,92.36,,0,0,0,6.058,6.443,0,172,817,485,332,1337,,,38,47,42,51,37,41,31,32,34,35,56,0,0
2026-05-07 10:55:00,1221,457,281,92.01,,0,0,0,5.649,6.717,0,167,812,477,335,1336,,,37,47,42,52,36,39,38,33,33,34,57,0,0
2026-05-07 10:56:00,1233,474,277,92.01,,0,0,0,5.791,7.536,0,157,811,478,333,1331,,,38,49,41,50,36,38,40,37,37,32,55,0,0
2026-05-07 10:57:00,1236,481,279,90.63,,0,0,0,5.726,6.627,0,151,795,469,326,1321,,,38,49,40,54,38,37,37,39,36,33,53,0,0
2026-05-07 10:58:00,1234,476,274,89.24,,0,0,0,5.824,6.926,0,155,793,470,323,1317,,,39,46,39,47,42,36,42,39,33,40,53,0,0
2026-05-07 10:59:00,1225,485,273,89.93,,0,0,0,5.628,7.194,0,157,783,461,322,1321,,,40,44,42,48,43,39,38,43,37,38,53,0,0
2026-05-07 11:00:00,1214,493,280,90.28,,0,0,0,5.813,8.018,0,151,772,451,321,1305,,,41,42,42,45,40,43,40,40,37,40,50,0,1.18
2026-05-07 11:01:00,1213,505,277,92.36,,0,0,0,5.958,10.592,0,159,763,448,315,1309,,,40,44,44,44,40,38,41,42,36,39,53,0,0
2026-05-07 11:02:00,1214,513,281,92.71,,0,0,0,6.057,7.737,0,153,757,446,311,1310,,,39,42,43,44,41,36,37,41,32,41,54,0,.59
2026-05-07 11:03:00,1218,522,280,90.97,,0,0,0,5.699,9.392,0,145,737,428,309,1306,,,37,43,43,45,40,35,39,41,32,42,57,0,0
2026-05-07 11:04:00,1199,543,283,92.71,,0,0,0,6.012,7.995,0,137,736,427,309,1288,,,38,44,39,45,38,37,36,41,35,43,56,0,0
2026-05-07 11:05:00,1181,551,270,90.97,,0,0,0,5.391,4.882,0,137,725,419,306,1280,,,34,43,38,42,35,37,36,40,37,40,56,0,0
2026-05-07 11:06:00,1163,553,269,88.54,,0,0,0,5.67,8.605,0,136,715,412,303,1259,,,34,44,39,46,34,35,35,45,38,38,56,0,0
2026-05-07 11:07:00,1144,567,257,84.38,,0,0,0,5.279,5.948,0,135,701,402,299,1246,,,34,45,37,45,29,35,37,46,43,41,56,0,0
2026-05-07 11:08:00,1138,573,262,86.81,,0,0,0,5.584,8.068,0,118,692,400,292,1213,,,37,44,36,45,34,34,37,49,42,42,57,0,0
2026-05-07 11:09:00,1132,570,265,87.5,,0,0,0,5.095,6.781,0,115,698,410,288,1215,,,37,41,32,42,35,34,35,50,43,40,58,0,0
2026-05-07 11:10:00,1115,576,261,86.81,,0,0,0,5.408,8.979,0,136,675,399,276,1215,,,39,38,32,40,35,36,38,48,43,39,58,0,0
2026-05-07 11:11:00,1135,575,262,87.85,,0,0,0,4.98,4.917,0,146,705,417,288,1252,,,39,40,40,38,33,38,36,49,47,43,58,0,0
2026-05-07 11:12:00,1133,563,267,87.85,,0,0,0,5.396,9.205,0,188,692,408,284,1277,,,38,40,39,36,31,36,37,47,49,43,59,0,.59
2026-05-07 11:13:00,1159,561,271,89.24,,0,0,0,4.978,6.102,0,177,725,429,296,1296,,,37,40,33,36,33,38,37,42,51,41,59,0,.59
2026-05-07 11:14:00,1143,538,269,87.85,,0,0,0,5.398,10.78,0,192,714,421,293,1295,,,37,43,31,39,32,34,36,45,50,38,56,0,.59
2026-05-07 11:15:00,1161,537,270,88.54,,0,0,0,4.994,4.63,0,185,745,438,307,1313,,,38,41,30,36,28,39,38,50,47,38,55,0,.59
2026-05-07 11:16:00,1146,545,256,86.11,,0,0,0,5.45,9.322,0,191,739,429,310,1316,,,37,42,34,41,24,35,37,47,42,45,54,0,.59
2026-05-07 11:17:00,1161,533,275,88.89,,0,0,0,5.168,7.63,0,191,758,440,318,1329,,,39,39,36,39,24,35,37,47,43,46,52,0,.59
2026-05-07 11:18:00,1166,527,279,90.28,,0,0,0,5.382,6.564,0,189,742,431,311,1305,,,34,40,36,42,26,35,40,51,41,46,53,0,.59
2026-05-07 11:19:00,1186,514,284,91.32,,0,0,0,5.176,9.025,0,188,769,453,316,1316,,,31,36,40,43,26,37,36,49,42,45,57,0,.59
2026-05-07 11:20:00,1197,487,290,92.01,,0,0,0,5.508,8.586,0,206,758,445,313,1316,,,30,37,37,41,25,40,38,48,42,44,57,0,.59
2026-05-07 11:21:00,1212,471,302,92.71,,0,0,0,5.23,9.167,0,207,780,464,316,1301,,,30,37,36,43,24,39,40,45,47,45,59,0,.59
2026-05-07 11:22:00,1196,484,289,92.01,,0,0,0,5.644,9.48,0,206,771,459,312,1287,,,37,38,37,45,25,39,38,47,44,45,58,0,.59
2026-05-07 11:23:00,1200,478,300,93.75,,0,0,0,5.172,13.242,0,201,767,455,312,1272,,,35,37,37,46,27,40,39,43,45,44,60,0,.59
2026-05-07 11:24:00,1196,474,293,92.01,,0,0,0,5.551,9.819,0,197,769,465,304,1263,,,35,40,37,47,31,40,37,42,44,41,60,0,.59
2026-05-07 11:25:00,1191,456,285,91.67,,0,0,0,5.278,13.113,0,190,756,454,302,1251,,,32,40,36,47,32,37,39,45,40,43,60,0,.59
2026-05-07 11:26:00,1190,432,295,92.71,,0,0,0,5.857,9.62,0,189,756,455,301,1254,,,30,41,35,47,33,37,37,46,36,46,61,0,.59
2026-05-07 11:27:00,1177,427,298,93.75,,0,0,0,5.584,10.876,0,180,738,442,296,1238,,,32,41,36,47,32,37,34,45,36,47,60,0,.59
2026-05-07 11:28:00,1169,438,294,95.14,,0,0,0,6.539,10.737,0,160,724,435,289,1222,,,36,39,38,48,34,36,34,43,36,46,60,0,.59
2026-05-07 11:29:00,1155,445,294,93.4,,0,0,0,6.217,10.551,0,155,706,424,282,1206,,,35,41,38,50,33,38,36,41,36,45,63,0,.59
2026-05-07 11:30:00,1149,454,292,93.06,,0,0,0,6.847,9.439,0,162,690,414,276,1204,,,33,43,40,52,34,37,35,40,37,43,63,0,.59
2026-05-07 11:31:00,1150,459,302,93.75,,0,0,0,6.321,8.765,0,169,701,425,276,1201,,,37,41,39,47,33,37,34,39,35,45,65,0,1.18
2026-05-07 11:32:00,1139,450,295,92.01,,0,0,0,6.561,8.333,0,179,697,423,274,1212,,,34,41,38,48,33,37,33,38,31,42,68,0,1.78
2026-05-07 11:33:00,1127,456,285,90.28,,0,0,0,7.042,16.63,0,181,677,414,263,1193,,,33,39,36,48,32,38,30,37,32,46,68,0,1.78
2026-05-07 11:34:00,1120,470,284,89.24,,0,0,0,7.301,8.376,0,170,664,404,260,1189,,,33,37,32,48,30,36,30,39,37,45,69,0,1.78
2026-05-07 11:35:00,1104,498,281,89.93,,0,0,0,6.607,7.998,0,155,639,387,252,1168,,,31,35,33,46,28,36,29,38,42,42,70,0,2.37
2026-05-07 11:36:00,1076,519,275,90.63,,0,0,0,6.756,7.502,0,165,613,370,243,1167,,,28,33,30,44,26,39,31,37,42,45,69,0,2.37
2026-05-07 11:37:00,1099,517,284,90.97,,0,0,0,7.298,12.168,0,170,654,399,255,1209,,,27,36,30,37,31,41,33,33,39,43,68,0,1.78
2026-05-07 11:38:00,1071,528,286,92.71,,0,0,0,6.301,7.119,0,183,641,394,247,1206,,,29,36,28,41,34,39,34,33,38,42,68,0,1.78
2026-05-07 11:39:00,1075,526,283,91.32,,0,0,0,6.186,8.361,0,169,664,401,263,1227,,,32,34,27,40,30,38,35,28,37,43,67,0,1.78
2026-05-07 11:40:00,1074,541,290,94.1,,0,0,0,6.421,8.619,0,165,662,403,259,1232,,,30,36,29,39,29,38,32,31,33,42,63,0,1.78
2026-05-07 11:41:00,1100,544,288,92.71,,0,0,0,6.354,7.735,0,178,691,429,262,1235,,,30,35,30,39,28,38,30,34,30,40,68,0,2.37
2026-05-07 11:42:00,1084,567,283,90.97,,0,0,0,6.442,8.314,0,183,672,407,265,1231,,,34,35,29,43,25,40,31,34,32,40,67,0,1.18
2026-05-07 11:43:00,1100,567,278,88.89,,0,0,0,5.927,5.027,0,170,689,408,281,1250,,,32,36,30,40,28,36,27,35,32,43,67,0,0
2026-05-07 11:44:00,1085,576,267,88.19,,0,0,0,6.022,7.665,0,154,664,388,276,1224,,,36,35,32,41,25,41,32,39,32,40,65,0,2.96
2026-05-07 11:45:00,1085,581,266,88.54,,0,0,0,5.723,6.067,0,148,672,386,286,1228,,,31,35,31,41,32,40,34,35,34,40,65,0,2.96
2026-05-07 11:46:00,1090,570,270,90.63,,0,0,0,5.817,6.417,0,160,665,384,281,1225,,,32,35,33,38,31,37,38,34,37,39,65,0,1.78
2026-05-07 11:47:00,1122,572,288,93.4,,0,0,0,5.936,6.591,0,156,687,397,290,1246,,,31,35,29,37,32,39,38,34,33,37,65,0,0
2026-05-07 11:48:00,1118,564,280,92.36,,0,0,0,5.389,4.519,0,163,668,383,285,1251,,,30,39,30,40,32,39,38,30,38,39,62,0,0
2026-05-07 11:49:00,1137,561,280,91.32,,0,0,0,5.563,10.063,0,148,671,377,294,1248,,,33,37,35,35,32,43,37,36,41,38,61,0,0
2026-05-07 11:50:00,1121,564,280,91.32,,0,0,0,4.944,4.864,0,151,645,364,281,1261,,,34,39,35,33,36,40,36,34,39,40,61,0,0
2026-05-07 11:51:00,1126,580,270,89.24,,0,0,0,5.262,10.453,0,141,669,379,290,1245,,,31,43,32,37,36,38,41,37,36,41,64,0,0
2026-05-07 11:52:00,1111,575,265,87.5,,0,0,0,4.729,4.502,0,136,653,374,279,1251,,,34,42,29,38,37,34,44,39,38,39,64,0,0
2026-05-07 11:53:00,1114,583,256,85.76,,0,0,0,5.185,10.604,0,124,666,375,291,1223,,,31,45,33,39,38,34,46,40,39,39,66,0,0
2026-05-07 11:54:00,1101,580,253,84.38,,0,0,0,4.786,4.102,0,119,651,368,283,1214,,,30,43,31,43,37,35,46,42,42,38,70,0,0
2026-05-07 11:55:00,1115,558,253,85.07,,0,0,0,5.161,9.816,0,113,665,371,294,1219,,,32,46,34,39,34,34,48,44,40,39,68,0,.59
2026-05-07 11:56:00,1115,555,252,85.07,,0,0,0,4.599,4.125,0,130,648,363,285,1239,,,33,47,33,38,31,35,46,44,39,39,69,0,.59
2026-05-07 11:57:00,1141,555,256,85.42,,0,0,0,5.053,9.371,0,139,657,378,279,1238,,,34,42,35,39,27,36,47,42,39,38,76,0,1.18
2026-05-07 11:58:00,1127,548,259,83.68,,0,0,0,4.589,4.467,0,151,664,380,284,1257,,,37,43,37,39,31,37,47,45,42,38,75,0,1.78
2026-05-07 11:59:00,1129,558,249,82.99,,0,0,0,4.954,11.346,0,163,683,389,294,1268,,,38,42,39,38,32,35,47,41,41,43,75,0,1.78
2026-05-07 12:00:00,1129,548,254,85.42,,0,0,0,4.429,4.688,0,183,678,388,290,1325,,,39,42,33,41,34,37,46,38,40,42,77,0,1.78
2026-05-07 12:01:00,1167,532,272,88.54,,0,0,0,4.939,10.072,0,178,732,427,305,1317,,,36,41,34,39,33,38,45,35,34,47,77,0,.59
2026-05-07 12:02:00,1170,524,285,92.36,,0,0,0,4.448,4.572,0,200,732,419,313,1331,,,34,37,36,39,28,39,44,32,33,44,75,0,.59
2026-05-07 12:03:00,1180,518,291,92.71,,0,0,0,5.034,13.466,0,199,753,427,326,1348,,,36,39,36,39,31,39,43,38,33,43,74,0,.59
2026-05-07 12:04:00,1180,513,292,94.79,,0,0,0,4.498,5.015,0,193,750,426,324,1357,,,35,34,34,43,34,34,41,40,33,40,71,0,.59
2026-05-07 12:05:00,1210,503,293,93.75,,0,0,0,5.168,11.697,0,186,780,439,341,1357,,,33,36,37,45,34,37,40,39,35,41,70,0,.59
2026-05-07 12:06:00,1202,497,302,95.14,,0,0,0,4.53,4.846,0,176,789,450,339,1328,,,34,37,38,44,35,39,38,38,35,42,69,0,.59
2026-05-07 12:07:00,1206,490,301,94.44,,0,0,0,5.305,15.917,0,168,789,445,344,1313,,,35,40,37,43,39,36,39,37,31,41,67,0,.59
2026-05-07 12:08:00,1203,484,295,94.79,,0,0,0,4.777,5.104,0,168,790,441,349,1301,,,38,41,37,40,37,39,36,34,35,43,64,0,.59
2026-05-07 12:09:00,1199,471,295,94.44,,0,0,0,5.431,13.246,0,162,775,434,341,1292,,,38,41,39,38,42,35,35,35,35,42,61,0,.59
2026-05-07 12:10:00,1201,470,295,93.75,,0,0,0,5.053,6.475,0,161,779,443,336,1288,,,40,44,40,38,43,35,37,35,35,40,61,0,.59
2026-05-07 12:11:00,1214,471,289,91.67,,0,0,0,6.159,13.885,0,156,768,440,328,1283,,,38,47,41,37,42,33,37,41,36,41,61,0,0
2026-05-07 12:12:00,1195,477,282,91.32,,0,0,0,5.607,6.391,0,145,744,423,321,1262,,,39,49,41,39,39,34,40,39,34,43,59,0,0
2026-05-07 12:13:00,1191,472,286,90.63,,0,0,0,6.313,10.662,0,131,728,416,312,1243,,,40,50,41,40,37,35,40,42,36,42,56,0,0
2026-05-07 12:14:00,1179,470,280,92.01,,0,0,0,5.892,5.918,0,130,705,405,300,1226,,,39,49,39,43,38,32,41,40,35,40,60,0,0
2026-05-07 12:15:00,1171,482,285,93.06,,0,0,0,6.364,11.135,0,128,695,399,296,1207,,,41,50,39,42,37,35,42,44,36,38,63,0,0
2026-05-07 12:16:00,1149,489,286,90.97,,0,0,0,5.837,4.482,0,122,685,395,290,1196,,,40,51,36,43,34,35,41,42,38,36,63,0,.59
2026-05-07 12:17:00,1130,503,282,90.97,,0,0,0,6.327,12.926,0,128,679,393,286,1190,,,41,51,36,42,36,35,40,40,40,39,64,0,0
2026-05-07 12:18:00,1121,503,274,89.58,,0,0,0,5.878,5.65,0,122,667,382,285,1179,,,39,50,39,39,35,37,40,39,41,36,65,0,0
2026-05-07 12:19:00,1103,509,270,87.15,,0,0,0,6.109,9.515,0,118,655,376,279,1171,,,42,49,34,38,34,33,39,39,39,38,65,0,0
2026-05-07 12:20:00,1079,531,260,86.81,,0,0,0,5.723,4.873,0,119,628,360,268,1164,,,41,53,34,37,32,32,38,39,42,38,65,0,0
2026-05-07 12:21:00,1088,530,276,89.58,,0,0,0,5.841,8.361,0,113,615,353,262,1147,,,36,49,37,38,32,32,35,37,45,37,66,0,0
2026-05-07 12:22:00,1074,519,273,89.24,,0,0,0,5.298,5.071,0,142,606,345,261,1165,,,35,44,36,39,35,31,35,38,39,37,66,0,0
2026-05-07 12:23:00,1075,531,263,88.54,,0,0,0,5.308,7.818,0,144,633,363,270,1180,,,34,39,34,36,32,31,35,38,43,39,66,0,0
2026-05-07 12:24:00,1056,540,267,88.19,,0,0,0,5.121,4.833,0,169,660,381,279,1236,,,35,36,32,32,37,30,35,36,41,36,63,0,.59
2026-05-07 12:25:00,1048,554,264,88.19,,0,0,0,5.236,6.617,0,168,641,369,272,1204,,,35,41,32,34,35,33,32,39,44,35,67,0,.59
2026-05-07 12:26:00,1044,556,268,87.85,,0,0,0,5.111,5.139,0,168,639,368,271,1217,,,32,43,31,36,31,32,33,34,42,36,66,0,.59
2026-05-07 12:27:00,1066,552,271,89.24,,0,0,0,5.314,7.808,0,191,665,378,287,1236,,,34,39,31,35,32,31,32,39,39,38,67,0,.59
2026-05-07 12:28:00,1061,563,269,87.85,,0,0,0,4.966,4.454,0,196,686,382,304,1260,,,34,36,33,32,30,35,32,36,40,34,66,0,.59
2026-05-07 12:29:00,1081,563,264,87.5,,0,0,0,5.117,7.18,0,188,671,375,296,1250,,,37,35,31,33,32,32,36,40,42,37,66,0,.59
2026-05-07 12:30:00,1089,557,266,87.15,,0,0,0,4.803,4.41,0,177,670,372,298,1259,,,33,34,28,37,33,35,39,38,39,34,66,0,.59
2026-05-07 12:31:00,1111,573,264,86.46,,0,0,0,4.928,6.746,0,189,702,385,317,1293,,,33,36,29,38,30,31,39,37,39,36,63,0,.59
2026-05-07 12:32:00,1106,575,268,86.46,,0,0,0,4.668,4.772,0,195,688,377,311,1316,,,32,35,34,41,30,31,36,35,41,36,63,0,0
2026-05-07 12:33:00,1127,574,276,91.32,,0,0,0,5.053,9.679,0,175,713,383,330,1307,,,35,37,32,39,33,34,35,39,42,40,62,0,0
2026-05-07 12:34:00,1140,560,278,93.06,,0,0,0,4.593,4.617,0,166,713,388,325,1309,,,34,39,30,34,30,32,35,37,41,40,62,0,0
2026-05-07 12:35:00,1150,550,287,94.1,,0,0,0,5.042,9.998,0,152,705,389,316,1286,,,32,39,33,37,30,30,32,35,43,40,66,0,0
2026-05-07 12:36:00,1134,549,283,92.71,,0,0,0,4.63,4.551,0,166,694,387,307,1290,,,33,42,34,35,31,28,35,27,42,40,62,0,0
2026-05-07 12:37:00,1149,556,277,91.67,,0,0,0,5.014,10.353,0,160,720,412,308,1315,,,36,41,37,33,30,31,31,23,42,36,57,0,1.18
2026-05-07 12:38:00,1140,559,273,90.28,,0,0,0,4.603,4.653,0,163,706,410,296,1314,,,38,38,31,32,32,29,30,30,46,32,62,0,.59
2026-05-07 12:39:00,1141,573,282,92.71,,0,0,0,5.028,9.581,0,165,718,420,298,1327,,,34,40,31,36,33,29,32,27,41,31,63,0,.59
2026-05-07 12:40:00,1127,567,286,94.79,,0,0,0,4.692,4.493,0,183,702,413,289,1317,,,35,41,31,38,31,29,30,22,42,32,62,0,.59
2026-05-07 12:41:00,1160,553,294,96.53,,0,0,0,5.136,9.095,0,169,744,445,299,1332,,,30,41,30,36,33,32,31,21,40,33,64,0,1.78
2026-05-07 12:42:00,1168,547,301,95.14,,0,0,0,4.701,5.181,0,168,739,439,300,1332,,,33,40,30,36,35,35,27,22,37,32,64,0,2.37
2026-05-07 12:43:00,1168,548,292,94.44,,0,0,0,5.094,10.251,0,165,759,449,310,1335,,,31,40,28,38,35,35,27,27,33,33,65,0,4.73
2026-05-07 12:44:00,1166,548,296,94.79,,0,0,0,5.099,6.842,0,162,747,442,305,1334,,,33,39,29,39,29,37,25,24,37,31,66,0,7.1
2026-05-07 12:45:00,1167,546,286,91.67,,0,0,0,5.435,9.837,0,168,765,455,310,1358,,,33,42,28,43,32,32,27,26,37,32,66,0,7.69
2026-05-07 12:46:00,1153,551,280,89.24,,0,0,0,5.074,5.187,0,167,758,449,309,1348,,,32,47,27,46,35,32,28,26,32,40,63,0,8.28
2026-05-07 12:47:00,1162,540,277,88.19,,0,0,0,5.432,9.148,0,152,760,452,308,1330,,,31,42,29,39,34,34,29,25,33,37,63,0,6.51
2026-05-07 12:48:00,1164,529,288,91.67,,0,0,0,5.266,5.641,0,140,755,446,309,1312,,,34,37,28,37,28,39,25,26,34,35,64,0,6.51
2026-05-07 12:49:00,1150,528,287,93.75,,0,0,0,5.657,9.054,0,135,745,442,303,1291,,,36,38,28,38,27,37,27,28,36,35,62,0,5.33
2026-05-07 12:50:00,1137,530,298,95.14,,0,0,0,5.324,5.271,0,124,744,447,297,1273,,,39,36,27,42,29,36,24,23,32,34,62,0,3.55
2026-05-07 12:51:00,1132,536,286,95.14,,0,0,0,5.886,10.176,0,124,768,469,299,1279,,,37,39,26,39,34,32,24,25,32,36,60,0,1.78
2026-05-07 12:52:00,1110,557,287,94.44,,0,0,0,5.59,6.545,0,116,747,456,291,1252,,,32,37,26,39,33,29,23,25,35,32,61,0,2.96
2026-05-07 12:53:00,1104,561,279,93.06,,0,0,0,5.92,9.097,0,114,736,443,293,1240,,,32,38,23,39,30,29,23,22,34,27,59,0,2.96
2026-05-07 12:54:00,1085,574,285,93.4,,0,0,0,5.576,6.673,0,121,721,433,288,1220,,,34,36,25,38,30,32,22,22,33,30,58,0,2.96
2026-05-07 12:55:00,1067,594,277,92.01,,0,0,0,5.967,9.342,0,113,695,416,279,1191,,,35,36,28,35,31,32,19,23,32,29,56,0,2.96
2026-05-07 12:56:00,1060,587,281,95.14,,0,0,0,5.59,6.892,0,129,683,412,271,1204,,,34,34,30,33,33,33,18,25,30,29,57,0,2.37
2026-05-07 12:57:00,1069,606,278,92.01,,0,0,0,5.813,7.889,0,127,697,424,273,1203,,,34,32,29,35,28,35,17,29,28,28,63,0,3.55
2026-05-07 12:58:00,1046,615,263,88.54,,0,0,0,5.479,5.779,0,140,672,412,260,1209,,,32,33,28,38,26,35,20,27,26,28,65,0,2.37
2026-05-07 12:59:00,1049,610,265,89.58,,0,0,0,5.822,8.64,0,142,690,419,271,1210,,,35,35,28,36,26,33,23,29,26,25,68,0,.59
2026-05-07 13:00:00,1031,610,252,85.07,,0,0,0,5.536,5.773,0,171,666,404,262,1229,,,33,34,30,32,30,31,22,29,25,26,68,0,0
2026-05-07 13:01:00,1053,612,264,88.19,,0,0,0,5.947,10.324,0,180,698,426,272,1247,,,32,32,29,31,28,35,23,30,23,29,69,0,0
2026-05-07 13:02:00,1054,599,275,92.01,,0,0,0,5.489,6.835,0,170,695,419,276,1236,,,28,32,28,31,27,34,24,25,22,29,67,0,0
2026-05-07 13:03:00,1056,596,280,93.06,,0,0,0,5.911,10.325,0,169,709,423,286,1236,,,31,29,26,32,25,35,22,25,21,25,69,0,0
2026-05-07 13:04:00,1047,599,277,90.97,,0,0,0,5.469,6.579,0,160,694,413,281,1218,,,34,26,27,32,26,33,24,25,22,23,68,0,0
2026-05-07 13:05:00,1067,591,269,88.89,,0,0,0,5.94,11.585,0,147,716,429,287,1225,,,32,26,28,36,22,35,24,24,21,26,67,0,0
2026-05-07 13:06:00,1062,586,274,90.63,,0,0,0,5.491,6.877,0,141,714,423,291,1204,,,31,31,27,34,23,35,24,24,22,29,68,0,.59
2026-05-07 13:07:00,1087,581,273,90.63,,0,0,0,5.78,7.559,0,139,752,445,307,1234,,,31,31,27,36,24,28,20,28,24,25,67,0,.59
2026-05-07 13:08:00,1079,569,267,90.63,,0,0,0,5.506,5.632,0,144,755,455,300,1235,,,32,33,30,34,25,30,19,24,22,26,65,0,.59
2026-05-07 13:09:00,1080,573,259,87.85,,0,0,0,5.847,8.566,0,152,779,467,312,1268,,,29,34,27,37,24,28,14,22,22,28,61,0,1.18
2026-05-07 13:10:00,1063,586,262,88.54,,0,0,0,5.447,5.914,0,162,762,452,310,1256,,,32,31,28,38,22,28,16,21,22,27,57,0,.59
2026-05-07 13:11:00,1088,583,277,92.71,,0,0,0,5.637,7.235,0,143,787,462,325,1246,,,30,29,28,37,18,31,17,19,25,24,63,0,.59
2026-05-07 13:12:00,1088,594,283,93.4,,0,0,0,5.225,5.4,0,137,768,451,317,1243,,,29,27,29,36,21,31,19,20,23,23,61,0,.59
2026-05-07 13:13:00,1093,592,281,93.4,,0,0,0,5.428,8.962,0,134,785,461,324,1262,,,32,33,31,34,24,32,17,18,24,21,59,0,.59
2026-05-07 13:14:00,1088,593,277,92.36,,0,0,0,5.169,6.124,0,142,762,446,316,1257,,,29,31,31,32,22,32,22,19,26,19,64,0,.59
2026-05-07 13:15:00,1080,586,282,93.75,,0,0,0,5.342,7.512,0,153,763,437,326,1248,,,31,32,30,36,20,36,19,17,26,21,62,0,.59
2026-05-07 13:16:00,1075,596,270,90.63,,0,0,0,5.037,6.47,0,165,749,429,320,1248,,,32,34,30,32,27,35,18,19,25,21,61,0,.59
2026-05-07 13:17:00,1092,592,281,90.63,,0,0,0,5.352,9.362,0,158,777,446,331,1278,,,31,39,29,32,25,35,19,19,25,20,61,0,1.18
2026-05-07 13:18:00,1080,607,278,91.67,,0,0,0,5.14,5.993,0,156,797,456,341,1290,,,30,38,27,33,26,33,17,20,28,21,62,0,1.18
2026-05-07 13:19:00,1079,603,272,89.58,,0,0,0,5.392,8.021,0,147,776,441,335,1253,,,29,39,28,35,27,34,18,20,31,20,62,0,.59
2026-05-07 13:20:00,1074,590,272,89.24,,0,0,0,5.12,5.697,0,149,764,436,328,1272,,,34,38,29,35,26,36,20,21,30,18,62,0,0
2026-05-07 13:21:00,1094,591,267,90.28,,0,0,0,5.463,8.997,0,161,807,460,347,1302,,,32,40,26,37,29,38,23,22,25,23,62,0,0
2026-05-07 13:22:00,1099,584,263,87.5,,0,0,0,5.253,6.522,0,151,786,450,336,1293,,,36,38,24,41,26,39,23,21,27,21,62,0,0
2026-05-07 13:23:00,1104,581,264,87.85,,0,0,0,5.521,8.055,0,150,796,448,348,1304,,,35,35,26,36,27,36,22,23,25,25,64,0,.59
2026-05-07 13:24:00,1104,576,268,89.58,,0,0,0,5.259,5.283,0,132,783,433,350,1299,,,33,35,26,38,30,35,23,20,28,26,62,0,0
2026-05-07 13:25:00,1112,581,270,89.58,,0,0,0,5.532,7.965,0,131,768,421,347,1278,,,33,39,27,34,30,27,25,23,28,25,61,0,0
2026-05-07 13:26:00,1119,581,281,92.71,,0,0,0,5.132,5.155,0,141,746,409,337,1277,,,32,37,28,38,25,30,26,25,26,28,61,0,0
2026-05-07 13:27:00,1135,572,271,90.97,,0,0,0,5.31,7.804,0,143,741,408,333,1274,,,34,39,28,38,23,32,25,24,31,28,71,0,0
2026-05-07 13:28:00,1132,563,271,90.97,,0,0,0,4.997,4.783,0,138,724,400,324,1281,,,31,40,27,39,24,36,26,27,27,29,70,0,.59
2026-05-07 13:29:00,1142,566,279,90.97,,0,0,0,5.206,7.475,0,137,741,408,333,1285,,,33,40,30,37,29,31,25,25,29,29,74,0,0
2026-05-07 13:30:00,1136,567,277,91.32,,0,0,0,4.817,4.678,0,146,732,400,332,1290,,,33,39,33,38,25,31,26,28,33,29,75,0,0
2026-05-07 13:31:00,1145,575,270,89.93,,0,0,0,4.999,8.557,0,168,770,429,341,1318,,,33,40,32,36,23,33,28,26,33,28,80,0,.59
2026-05-07 13:32:00,1143,575,263,87.5,,0,0,0,4.654,5.587,0,173,774,425,349,1344,,,33,37,29,38,25,31,29,32,27,24,81,0,1.18
2026-05-07 13:33:00,1124,592,262,87.5,,0,0,0,4.958,9.011,0,168,767,413,354,1322,,,35,33,30,37,25,35,25,32,30,24,78,0,1.78
2026-05-07 13:34:00,1128,585,267,89.58,,0,0,0,4.658,5.771,0,154,779,414,365,1315,,,34,35,27,36,24,36,29,31,28,25,77,0,1.18
2026-05-07 13:35:00,1135,579,270,90.28,,0,0,0,4.892,7.396,0,151,758,404,354,1296,,,34,33,27,34,24,36,27,31,30,27,76,0,1.18
2026-05-07 13:36:00,1141,567,268,90.63,,0,0,0,4.644,5.046,0,156,763,412,351,1291,,,33,34,26,33,27,33,25,27,32,27,75,0,.59
2026-05-07 13:37:00,1129,584,257,87.85,,0,0,0,4.818,6.488,0,151,752,408,344,1284,,,30,35,27,34,30,32,33,27,32,27,72,0,.59
2026-05-07 13:38:00,1114,589,251,84.03,,0,0,0,4.68,5.347,0,148,738,398,340,1268,,,29,37,29,39,27,34,38,22,30,23,69,0,1.18
2026-05-07 13:39:00,1106,583,252,83.33,,0,0,0,4.966,7.516,0,147,726,390,336,1252,,,30,37,27,39,26,36,38,23,30,22,69,0,.59
2026-05-07 13:40:00,1091,592,253,86.11,,0,0,0,4.795,5.726,0,153,710,385,325,1251,,,30,35,27,36,24,33,31,25,27,27,67,0,.59
2026-05-07 13:41:00,1102,582,255,85.07,,0,0,0,5.053,7.634,0,147,742,409,333,1287,,,26,34,34,35,24,32,28,26,27,25,64,0,.59
2026-05-07 13:42:00,1082,588,262,86.81,,0,0,0,4.757,5.141,0,144,725,400,325,1267,,,28,32,29,36,27,32,24,28,25,24,62,0,1.18
2026-05-07 13:43:00,1076,580,263,86.11,,0,0,0,5.023,7.585,0,159,733,414,319,1278,,,27,34,27,40,25,33,24,27,25,25,69,0,1.78
2026-05-07 13:44:00,1073,575,262,88.19,,0,0,0,4.71,5.037,0,160,735,416,319,1298,,,29,31,23,34,22,34,24,25,25,21,66,0,2.37
2026-05-07 13:45:00,1082,577,271,87.85,,0,0,0,5.02,8.662,0,162,742,421,321,1282,,,28,31,26,33,23,35,24,26,23,22,67,0,3.55
2026-05-07 13:46:00,1065,590,266,90.63,,0,0,0,4.714,5.444,0,157,752,435,317,1267,,,25,34,23,36,22,33,20,27,20,25,68,0,5.33
2026-05-07 13:47:00,1064,592,277,90.28,,0,0,0,5.08,8.88,0,161,744,430,314,1260,,,25,33,23,32,19,32,18,23,21,20,67,0,6.51
2026-05-07 13:48:00,1055,587,269,87.85,,0,0,0,4.776,5.772,0,157,726,422,304,1250,,,30,34,23,30,21,29,24,22,17,17,69,0,5.92
2026-05-07 13:49:00,1045,579,278,90.63,,0,0,0,5.153,8.367,0,161,712,414,298,1220,,,27,31,23,31,16,30,21,27,18,19,72,0,4.73
2026-05-07 13:50:00,1042,562,277,91.67,,0,0,0,4.814,5.195,0,174,702,411,291,1231,,,28,30,25,31,18,30,26,24,16,19,72,0,2.96
2026-05-07 13:51:00,1067,561,285,94.1,,0,0,0,5.236,10.584,0,162,740,436,304,1248,,,26,31,26,31,19,29,22,25,20,20,70,0,2.37
2026-05-07 13:52:00,1053,562,277,91.32,,0,0,0,4.898,5.356,0,159,717,418,299,1237,,,28,33,24,33,20,29,23,23,20,22,72,0,3.55
2026-05-07 13:53:00,1060,556,273,91.67,,0,0,0,5.286,9.691,0,169,736,428,308,1273,,,25,34,25,28,23,26,23,22,21,25,71,0,.59
2026-05-07 13:54:00,1057,561,294,95.49,,0,0,0,5.112,6.339,0,174,722,422,300,1275,,,26,31,25,27,20,26,24,22,23,24,71,0,1.78
2026-05-07 13:55:00,1062,569,287,92.71,,0,0,0,5.624,9.232,0,168,726,421,305,1279,,,28,30,23,26,22,28,26,22,22,24,69,0,1.18
2026-05-07 13:56:00,1062,564,282,92.36,,0,0,0,5.196,6.734,0,162,715,414,301,1297,,,28,33,25,29,24,31,26,24,22,25,65,0,1.18
2026-05-07 13:57:00,1070,558,270,93.06,,0,0,0,5.658,9.602,0,158,747,433,314,1275,,,30,36,26,31,22,32,23,22,23,20,66,0,0
2026-05-07 13:58:00,1058,568,281,93.4,,0,0,0,5.192,6.361,0,150,735,432,303,1284,,,26,40,25,32,23,28,23,25,20,21,64,0,0
2026-05-07 13:59:00,1063,577,271,89.24,,0,0,0,5.59,9.488,0,138,736,438,298,1270,,,27,34,27,31,22,27,21,31,21,18,64,0,0
2026-05-07 14:00:00,1059,588,269,88.89,,0,0,0,5.124,4.917,0,155,713,419,294,1270,,,29,35,26,33,24,30,23,27,22,16,65,0,0
2026-05-07 14:01:00,1085,586,261,87.15,,0,0,0,5.564,9.943,0,140,737,431,306,1270,,,31,37,25,34,23,28,25,26,24,17,71,0,0
2026-05-07 14:02:00,1084,573,262,87.85,,0,0,0,5.154,5.036,0,132,729,426,303,1285,,,31,35,25,33,24,31,20,26,26,26,71,0,0
2026-05-07 14:03:00,1097,579,244,82.99,,0,0,0,5.591,11.298,0,127,731,426,305,1261,,,29,36,24,36,21,31,19,25,23,31,73,0,0
2026-05-07 14:04:00,1089,585,248,82.29,,0,0,0,5.131,5.04,0,119,717,419,298,1273,,,31,33,22,39,22,30,22,22,27,31,75,0,0
2026-05-07 14:05:00,1103,578,251,83.33,,0,0,0,5.562,9.141,0,124,727,419,308,1275,,,32,38,25,37,20,30,19,21,29,28,75,0,0
2026-05-07 14:06:00,1097,572,239,79.51,,0,0,0,4.968,4.75,0,156,722,419,303,1323,,,31,42,25,35,20,32,24,21,33,27,73,0,0
2026-05-07 14:07:00,1100,580,241,81.6,,0,0,0,5.101,7.547,0,143,754,442,312,1305,,,31,41,25,34,21,33,22,24,33,26,72,0,0
2026-05-07 14:08:00,1098,563,254,82.64,,0,0,0,4.714,4.715,0,133,773,454,319,1317,,,32,41,23,32,25,30,23,26,32,24,69,0,0
2026-05-07 14:09:00,1115,553,254,82.99,,0,0,0,4.851,7.063,0,132,769,454,315,1309,,,29,41,23,32,17,30,23,27,32,25,69,0,0
2026-05-07 14:10:00,1085,564,242,82.29,,0,0,0,4.551,4.55,0,142,751,440,311,1295,,,31,42,20,35,14,32,23,29,31,24,69,0,0
2026-05-07 14:11:00,1100,569,236,80.21,,0,0,0,4.603,6.306,0,134,786,462,324,1313,,,31,41,29,35,15,35,20,25,32,21,66,0,0
2026-05-07 14:12:00,1090,564,238,80.21,,0,0,0,4.502,5.556,0,141,808,468,340,1319,,,34,42,27,35,16,33,22,26,30,21,65,0,0
2026-05-07 14:13:00,1090,557,238,79.17,,0,0,0,4.65,6.435,0,146,792,456,336,1291,,,34,40,28,33,20,36,23,29,27,24,63,0,0
2026-05-07 14:14:00,1087,553,232,78.13,,0,0,0,4.525,6.287,0,162,787,445,342,1286,,,31,38,26,32,19,34,19,27,25,23,64,0,0
2026-05-07 14:15:00,1088,559,230,78.47,,0,0,0,4.788,7.244,0,143,766,431,335,1250,,,29,38,22,35,19,35,21,25,27,27,63,0,0
2026-05-07 14:16:00,1087,561,235,79.17,,0,0,0,4.473,5.019,0,133,764,436,328,1234,,,26,41,26,32,16,35,19,26,23,29,65,0,0
2026-05-07 14:17:00,1084,545,231,76.74,,0,0,0,4.74,7.33,0,137,745,422,323,1216,,,31,40,27,32,19,31,22,22,26,26,63,0,0
2026-05-07 14:18:00,1082,549,235,77.43,,0,0,0,4.563,5.449,0,127,725,413,312,1203,,,29,38,27,30,21,32,20,24,26,23,67,0,0
2026-05-07 14:19:00,1082,559,231,77.43,,0,0,0,4.846,7.504,0,127,718,412,306,1199,,,29,37,24,29,19,33,19,21,22,26,72,0,0
2026-05-07 14:20:00,1069,549,230,78.13,,0,0,0,4.607,5.257,0,149,711,405,306,1214,,,23,40,23,29,18,32,17,21,27,24,72,0,0
2026-05-07 14:21:00,1077,554,233,77.78,,0,0,0,4.733,5.927,0,139,738,418,320,1210,,,25,39,22,33,16,31,21,21,23,22,73,0,0
2026-05-07 14:22:00,1062,565,232,79.51,,0,0,0,4.612,5.901,0,147,770,435,335,1263,,,28,37,21,33,16,26,21,23,25,24,72,0,0
2026-05-07 14:23:00,1074,563,235,78.47,,0,0,0,4.75,5.978,0,144,761,429,332,1260,,,27,40,22,29,14,27,22,26,20,26,72,0,0
2026-05-07 14:24:00,1075,566,245,82.29,,0,0,0,4.559,4.795,0,149,759,427,332,1257,,,26,42,23,28,15,26,22,27,20,25,72,0,0
2026-05-07 14:25:00,1067,570,251,82.99,,0,0,0,4.752,6.806,0,141,766,425,341,1261,,,23,42,21,27,16,27,21,25,24,23,72,0,0
2026-05-07 14:26:00,1065,565,245,81.94,,0,0,0,4.507,4.797,0,149,746,414,332,1265,,,28,35,18,29,17,26,21,25,23,25,72,0,0
2026-05-07 14:27:00,1077,569,240,80.21,,0,0,0,4.724,6.954,0,157,783,435,348,1299,,,27,40,18,29,18,25,22,28,28,23,72,0,0
2026-05-07 14:28:00,1063,575,230,76.74,,0,0,0,4.453,4.451,0,165,765,422,343,1306,,,25,45,22,27,16,25,22,26,27,24,71,0,0
2026-05-07 14:29:00,1072,577,237,78.82,,0,0,0,4.675,7.149,0,160,766,416,350,1286,,,24,41,22,30,15,26,21,24,27,22,70,0,0
2026-05-07 14:30:00,1077,569,243,81.25,,0,0,0,4.474,5.291,0,162,756,412,344,1301,,,29,39,18,31,15,27,20,25,26,26,66,0,0
2026-05-07 14:31:00,1097,559,246,82.99,,0,0,0,4.701,6.928,0,158,796,442,354,1290,,,24,40,18,28,16,27,23,21,26,28,63,0,0
2026-05-07 14:32:00,1078,573,238,79.86,,0,0,0,4.36,4.489,0,150,779,431,348,1275,,,23,39,22,26,17,23,24,21,27,26,68,0,0
2026-05-07 14:33:00,1090,577,239,80.56,,0,0,0,4.566,7.84,0,151,783,431,352,1288,,,25,39,17,27,15,25,32,18,32,25,67,0,0
2026-05-07 14:34:00,1093,578,234,78.47,,0,0,0,4.327,4.574,0,140,755,418,337,1274,,,25,35,19,28,14,23,33,16,37,22,70,0,0
2026-05-07 14:35:00,1097,560,244,81.6,,0,0,0,4.595,6.95,0,135,745,411,334,1246,,,26,35,22,30,15,23,32,16,33,24,68,0,0
2026-05-07 14:36:00,1103,557,253,84.03,,0,0,0,4.891,7.902,0,132,739,409,330,1266,,,28,34,20,31,15,23,30,16,35,23,67,0,0
2026-05-07 14:37:00,1117,553,252,85.07,,0,0,0,4.583,8.922,0,153,767,427,340,1287,,,30,34,22,29,17,25,29,18,31,25,67,0,0
2026-05-07 14:38:00,1108,550,255,85.42,,0,0,0,4.751,8.039,0,143,754,419,335,1303,,,28,34,21,31,15,26,28,26,27,23,68,0,0
2026-05-07 14:39:00,1109,556,246,83.33,,0,0,0,4.401,5.826,0,141,763,418,345,1285,,,25,34,21,32,18,24,24,28,28,25,69,0,0
2026-05-07 14:40:00,1096,566,236,80.21,,0,0,0,4.693,7.849,0,149,754,422,332,1297,,,24,35,22,30,16,26,21,29,31,25,69,0,0
2026-05-07 14:41:00,1109,579,234,77.43,,0,0,0,4.2,4.603,0,132,794,442,352,1318,,,22,37,24,27,16,25,20,28,35,23,67,0,0
2026-05-07 14:42:00,1116,555,235,78.82,,0,0,0,4.573,7.792,0,135,781,435,346,1314,,,23,33,23,29,15,26,20,28,38,23,66,0,0
2026-05-07 14:43:00,1128,548,228,77.08,,0,0,0,4.383,6.558,0,128,782,429,353,1311,,,26,32,21,30,19,27,23,25,38,21,71,0,0
2026-05-07 14:44:00,1127,543,222,75,,0,0,0,4.56,6.407,0,138,764,420,344,1314,,,30,34,17,28,19,27,25,25,40,24,70,0,0
2026-05-07 14:45:00,1128,557,218,72.92,,0,0,0,4.282,4.406,0,144,789,437,352,1324,,,28,35,18,32,20,28,23,28,39,28,68,0,0
2026-05-07 14:46:00,1134,555,213,71.53,,0,0,0,4.615,8.237,0,144,779,435,344,1327,,,26,33,23,32,15,29,22,29,38,31,72,0,0
2026-05-07 14:47:00,1148,553,215,71.88,,0,0,0,4.484,5.728,0,141,781,430,351,1310,,,28,36,22,34,17,28,21,28,35,29,75,0,0
2026-05-07 14:48:00,1144,542,216,71.88,,0,0,0,4.678,6.823,0,146,766,420,346,1301,,,30,37,24,33,16,25,24,29,34,30,75,0,0
2026-05-07 14:49:00,1152,530,225,75.69,,0,0,0,4.652,8.592,0,155,768,413,355,1291,,,25,34,20,34,18,26,25,25,38,24,75,0,0
2026-05-07 14:50:00,1140,521,225,75,,0,0,0,4.689,6.234,0,152,752,400,352,1271,,,24,31,23,34,17,25,24,22,42,19,74,0,0
2026-05-07 14:51:00,1161,506,239,79.17,,0,0,0,4.43,4.729,0,145,783,418,365,1280,,,25,32,23,32,22,27,25,22,44,17,75,0,0
2026-05-07 14:52:00,1161,503,244,82.29,,0,0,0,4.534,6.063,0,153,802,429,373,1307,,,26,31,19,29,24,30,26,20,40,13,75,0,0
2026-05-07 14:53:00,1164,502,242,80.56,,0,0,0,4.479,6.654,0,147,785,418,367,1290,,,27,36,20,30,22,30,26,17,39,16,74,0,0
2026-05-07 14:54:00,1145,510,239,79.86,,0,0,0,4.551,4.517,0,144,777,403,374,1285,,,26,36,23,31,22,29,25,24,37,24,76,0,.59
2026-05-07 14:55:00,1147,510,234,79.51,,0,0,0,4.527,5.878,0,132,749,388,361,1263,,,27,33,25,29,19,29,27,25,35,27,75,0,0
2026-05-07 14:56:00,1143,523,246,82.29,,0,0,0,4.79,6.42,0,142,726,380,346,1261,,,26,31,23,24,22,29,24,26,39,28,72,0,0
2026-05-07 14:57:00,1140,531,234,77.78,,0,0,0,4.869,4.47,0,138,742,399,343,1262,,,25,33,16,23,22,28,22,29,36,24,74,0,0
2026-05-07 14:58:00,1145,526,241,80.9,,0,0,0,4.605,5.875,0,136,765,413,352,1287,,,27,33,16,24,19,27,26,29,38,21,73,0,0
2026-05-07 14:59:00,1132,542,233,77.43,,0,0,0,4.711,6.193,0,131,750,403,347,1264,,,26,34,24,24,20,25,25,26,35,19,72,0,0
2026-05-07 15:00:00,1124,546,227,76.04,,0,0,0,4.334,4.408,0,137,740,397,343,1264,,,25,33,18,26,17,25,28,24,33,22,75,0,0
2026-05-07 15:01:00,1148,560,229,77.08,,0,0,0,4.416,5.863,0,143,771,416,355,1279,,,28,36,16,20,16,30,25,24,34,22,83,0,0
2026-05-07 15:02:00,1153,564,230,77.78,,0,0,0,4.474,7.291,0,152,752,408,344,1289,,,26,34,14,24,19,28,26,20,36,22,83,0,0
2026-05-07 15:03:00,1144,573,223,74.65,,0,0,0,4.209,4.34,0,147,771,419,352,1289,,,27,32,15,21,17,27,28,19,37,20,84,0,0
2026-05-07 15:04:00,1143,566,215,72.22,,0,0,0,4.416,7.41,0,146,764,411,353,1290,,,29,29,19,23,22,24,25,20,33,25,84,0,0
2026-05-07 15:05:00,1135,565,206,70.49,,0,0,0,4.18,5.031,0,139,753,403,350,1274,,,28,34,22,24,19,27,23,27,30,25,81,0,0
2026-05-07 15:06:00,1146,556,221,73.61,,0,0,0,4.186,4.217,0,130,749,399,350,1251,,,27,34,21,25,20,25,22,26,32,21,81,0,0
2026-05-07 15:07:00,1152,541,233,75.35,,0,0,0,4.425,7.102,0,121,759,411,348,1244,,,29,37,23,22,19,25,25,28,32,20,80,0,0
2026-05-07 15:08:00,1150,559,231,78.82,,0,0,0,4.191,5.537,0,114,741,397,344,1212,,,28,34,19,20,18,26,28,25,30,20,79,0,0
2026-05-07 15:09:00,1137,557,238,79.17,,0,0,0,4.226,4.121,0,113,733,394,339,1195,,,26,34,16,20,17,26,28,22,33,19,78,0,0
2026-05-07 15:10:00,1094,578,229,77.08,,0,0,0,4.348,7.163,0,137,726,399,327,1202,,,26,34,17,24,20,26,29,22,37,21,76,0,0
2026-05-07 15:11:00,1114,563,232,77.78,,0,0,0,4.495,5.686,0,129,769,426,343,1235,,,23,31,18,23,17,23,30,18,40,19,73,0,0
2026-05-07 15:12:00,1089,579,218,71.88,,0,0,0,4.141,4.076,0,139,758,416,342,1251,,,26,30,21,19,19,25,31,21,40,17,70,0,0
2026-05-07 15:13:00,1099,575,217,73.26,,0,0,0,4.381,7.686,0,133,797,434,363,1270,,,27,30,19,23,16,25,31,26,40,16,70,0,0
2026-05-07 15:14:00,1088,578,216,73.26,,0,0,0,4.378,5.704,0,131,787,425,362,1258,,,29,31,15,20,16,26,31,22,37,17,68,0,0
2026-05-07 15:15:00,1096,576,222,74.65,,0,0,0,4.38,4.188,0,135,773,422,351,1252,,,24,29,18,24,17,26,33,24,33,15,75,0,0
2026-05-07 15:16:00,1122,574,237,78.82,,0,0,0,4.349,6.213,0,151,773,420,353,1279,,,20,33,19,25,15,25,35,22,28,18,74,0,0
2026-05-07 15:17:00,1134,587,232,78.47,,0,0,0,4.528,6.198,0,143,799,437,362,1278,,,24,31,19,22,21,21,33,25,27,18,70,0,0
2026-05-07 15:18:00,1130,581,234,79.17,,0,0,0,4.082,4.467,0,142,782,430,352,1267,,,25,34,21,21,19,23,30,25,25,17,69,0,0
2026-05-07 15:19:00,1134,575,227,76.74,,0,0,0,4.089,4.173,0,142,786,423,363,1270,,,27,35,20,19,19,24,30,26,24,21,79,0,0
2026-05-07 15:20:00,1117,557,231,77.08,,0,0,0,4.279,7.096,0,142,773,415,358,1259,,,24,36,22,16,15,22,32,26,22,19,75,0,0
2026-05-07 15:21:00,1127,551,244,80.9,,0,0,0,4.341,4.517,0,134,780,423,357,1239,,,26,33,19,21,16,27,30,25,22,21,73,0,0
2026-05-07 15:22:00,1099,551,233,77.78,,0,0,0,4.155,4.094,0,135,766,416,350,1220,,,23,33,15,23,18,23,30,24,23,23,72,0,0
2026-05-07 15:23:00,1093,552,238,79.86,,0,0,0,4.376,8.021,0,130,758,414,344,1205,,,23,33,14,18,15,28,26,20,29,18,72,0,0
2026-05-07 15:24:00,1078,550,232,79.51,,0,0,0,4.199,4.388,0,135,743,409,334,1205,,,22,35,18,16,17,27,28,16,27,15,71,0,.59
2026-05-07 15:25:00,1070,546,239,79.51,,0,0,0,4.264,4.639,0,132,729,400,329,1197,,,23,33,20,16,15,27,26,16,26,12,69,0,.59
2026-05-07 15:26:00,1066,546,243,79.86,,0,0,0,4.509,7.722,0,115,707,387,320,1177,,,26,29,16,17,15,27,26,16,23,16,68,0,0
2026-05-07 15:27:00,1062,550,237,81.6,,0,0,0,4.574,4.866,0,142,743,412,331,1230,,,25,27,11,15,16,25,28,16,22,18,64,0,0
2026-05-07 15:28:00,1034,568,243,82.29,,0,0,0,4.322,4.603,0,144,732,408,324,1232,,,22,26,16,15,19,25,24,15,23,23,63,0,0
2026-05-07 15:29:00,1034,557,240,80.56,,0,0,0,4.543,7.195,0,143,741,421,320,1240,,,20,25,19,15,15,24,21,17,20,23,68,0,0
2026-05-07 15:30:00,1011,565,232,77.78,,0,0,0,4.364,4.766,0,140,724,413,311,1240,,,21,27,16,11,11,23,19,21,22,22,66,0,0
2026-05-07 15:31:00,1029,575,223,76.04,,0,0,0,4.428,5.013,0,138,758,438,320,1240,,,22,24,19,16,12,22,18,19,24,19,66,0,0
2026-05-07 15:32:00,1011,573,216,71.88,,0,0,0,4.6,6.762,0,138,764,430,334,1250,,,26,21,13,18,14,19,23,20,22,19,68,0,0
2026-05-07 15:33:00,1028,566,220,75,,0,0,0,4.639,4.643,0,139,755,424,331,1225,,,24,26,16,19,14,18,19,16,27,16,70,0,0
2026-05-07 15:34:00,1023,565,216,73.61,,0,0,0,4.65,6.955,0,138,763,414,349,1248,,,22,30,15,13,16,16,16,15,28,18,71,0,0
2026-05-07 15:35:00,1027,562,217,74.31,,0,0,0,4.673,4.095,0,139,748,406,342,1240,,,21,28,16,12,12,18,16,18,27,15,70,0,0
2026-05-07 15:36:00,1031,558,225,75.69,,0,0,0,4.407,4.921,0,150,746,406,340,1268,,,24,27,18,16,8,17,18,19,22,22,68,0,0
2026-05-07 15:37:00,1043,551,225,75.35,,0,0,0,4.638,7.083,0,135,766,421,345,1256,,,27,30,18,13,9,18,20,21,20,18,67,0,0
2026-05-07 15:38:00,1040,543,238,80.9,,0,0,0,4.726,4.82,0,120,771,418,353,1269,,,23,31,15,14,6,17,18,20,21,17,65,0,.59
2026-05-07 15:39:00,1044,548,235,79.17,,0,0,0,4.52,4.887,0,120,761,410,351,1246,,,26,32,15,12,10,13,15,21,20,16,61,0,.59
2026-05-07 15:40:00,1042,531,237,81.25,,0,0,0,4.804,8.076,0,127,758,403,355,1261,,,29,33,13,9,13,17,13,22,17,18,59,0,.59
2026-05-07 15:41:00,1076,521,240,81.25,,0,0,0,4.474,4.564,0,141,813,437,376,1282,,,28,29,15,10,14,15,16,20,17,15,58,0,0
2026-05-07 15:42:00,1081,507,240,80.9,,0,0,0,4.495,4.713,0,144,802,429,373,1292,,,23,30,18,15,13,17,16,20,18,16,58,0,0
2026-05-07 15:43:00,1089,513,232,78.82,,0,0,0,4.702,8.757,0,144,818,435,383,1298,,,22,30,18,15,13,16,18,15,15,22,57,0,0
2026-05-07 15:44:00,1091,515,233,77.78,,0,0,0,4.735,4.808,0,146,808,434,374,1299,,,24,30,11,17,11,15,16,15,19,26,58,0,0
2026-05-07 15:45:00,1096,522,223,76.04,,0,0,0,4.493,4.627,0,140,793,423,370,1279,,,28,27,13,18,13,18,18,18,23,26,61,0,0
2026-05-07 15:46:00,1076,535,226,77.08,,0,0,0,4.589,5.631,0,136,791,424,367,1262,,,23,27,18,15,17,18,18,22,18,28,57,0,0
2026-05-07 15:47:00,1068,540,222,74.65,,0,0,0,4.505,5.052,0,137,777,414,363,1251,,,22,34,16,11,13,20,17,20,16,24,58,0,0
2026-05-07 15:48:00,1067,530,224,74.65,,0,0,0,4.497,4.431,0,134,767,409,358,1234,,,25,27,15,12,10,19,20,25,18,25,60,0,0
2026-05-07 15:49:00,1063,529,225,75.35,,0,0,0,4.417,4.518,0,134,752,396,356,1221,,,26,27,16,12,16,20,20,25,19,23,60,0,0
2026-05-07 15:50:00,1053,541,229,77.08,,0,0,0,4.398,4.726,0,122,736,397,339,1204,,,21,26,15,19,17,16,20,25,18,22,62,0,0
2026-05-07 15:51:00,1046,546,240,80.21,,0,0,0,4.366,4.54,0,122,713,384,329,1180,,,20,29,14,14,15,19,20,25,21,21,61,0,0
2026-05-07 15:52:00,1040,546,250,85.42,,0,0,0,4.409,4.705,0,120,706,380,326,1183,,,23,28,13,13,14,21,22,26,22,21,62,0,0
2026-05-07 15:53:00,1041,536,265,88.19,,0,0,0,4.407,4.946,0,131,708,386,322,1177,,,23,27,14,14,14,21,23,23,23,20,61,0,.59
2026-05-07 15:54:00,1031,529,260,85.42,,0,0,0,4.416,4.613,0,134,690,376,314,1170,,,24,30,15,17,13,23,28,21,24,22,61,0,1.18
2026-05-07 15:55:00,1014,534,251,84.38,,0,0,0,4.335,4.565,0,129,673,367,306,1159,,,24,29,19,14,14,25,24,26,24,22,60,0,1.78
2026-05-07 15:56:00,993,529,241,81.6,,0,0,0,4.364,4.615,0,164,653,359,294,1177,,,23,30,18,16,13,22,26,26,22,22,59,0,1.18
2026-05-07 15:57:00,1010,517,253,83.33,,0,0,0,4.356,4.401,0,156,713,401,312,1205,,,23,24,16,14,11,22,26,25,19,24,58,0,0
2026-05-07 15:58:00,995,526,249,84.03,,0,0,0,4.342,4.694,0,172,690,389,301,1217,,,23,21,16,12,18,25,28,24,19,21,58,0,0
2026-05-07 15:59:00,990,532,236,78.13,,0,0,0,4.457,5.895,0,168,697,383,314,1220,,,25,25,18,12,15,25,33,25,20,17,61,0,0
2026-05-07 16:00:00,983,524,225,75,,0,0,0,4.425,4.625,0,193,677,373,304,1242,,,23,29,19,13,13,25,29,21,16,16,58,0,0
2026-05-07 16:01:00,994,532,236,79.17,,0,0,0,4.502,4.858,0,179,683,375,308,1234,,,24,29,19,11,17,25,27,23,16,17,63,0,0
2026-05-07 16:02:00,1003,532,223,75.69,,0,0,0,4.49,4.297,0,204,676,376,300,1247,,,22,33,17,14,19,25,25,24,17,18,67,0,0
2026-05-07 16:03:00,1034,538,235,78.13,,0,0,0,4.503,5.138,0,197,694,399,295,1258,,,20,29,16,16,13,27,27,22,16,18,76,0,0
2026-05-07 16:04:00,1025,547,242,81.94,,0,0,0,4.519,4.447,0,210,719,409,310,1279,,,21,26,15,18,13,23,25,24,13,19,77,0,0
2026-05-07 16:05:00,1046,540,252,84.38,,0,0,0,4.419,4.488,0,204,711,403,308,1255,,,21,30,17,16,14,22,27,24,16,15,78,0,0
2026-05-07 16:06:00,1040,550,248,81.6,,0,0,0,4.407,4.176,0,196,691,389,302,1230,,,23,31,19,16,13,22,26,20,17,18,79,0,0
2026-05-07 16:07:00,1024,557,246,82.29,,0,0,0,4.476,6.211,0,190,679,385,294,1212,,,22,31,22,16,16,21,26,25,15,17,79,0,0
2026-05-07 16:08:00,1026,557,246,82.99,,0,0,0,4.383,4.677,0,175,663,374,289,1198,,,22,26,21,13,20,24,29,19,13,15,76,0,0
2026-05-07 16:09:00,1013,559,257,86.81,,0,0,0,4.427,5.418,0,167,645,361,284,1189,,,22,25,16,13,17,24,25,24,17,16,74,0,0
2026-05-07 16:10:00,1004,568,261,87.85,,0,0,0,4.284,4.707,0,158,631,351,280,1185,,,21,28,18,13,18,26,27,23,19,18,71,0,.59
2026-05-07 16:11:00,1016,566,258,85.07,,0,0,0,4.366,5.399,0,159,664,365,299,1205,,,27,30,19,13,18,26,25,25,21,20,70,0,0
2026-05-07 16:12:00,1012,576,246,82.64,,0,0,0,4.261,4.309,0,153,686,378,308,1244,,,26,26,21,19,16,28,25,23,22,19,69,0,0
