CRT_TM,M16HUB.QUE.ALL.CURRENTQCNT,M16HUB.QUE.ALL.CURRENTQCOMPLETED,M16HUB.QUE.OHT.CURRENTOHTQCNT,M16HUB.QUE.OHT.OHTUTIL,M16HUB.QUE.LOAD.AVGLOADTIME,M16HUB.QUE.ALL.TRANSPORT4MINOVERCNT,M16HUB.QUE.ALL.TRANSPORT4MINOVERRATIO,M16HUB.QUE.ALL.TRANSPORT4MINOVERTIMEAVG,M16HUB.QUE.TIME.AVGTOTALTIME,M16HUB.QUE.TIME.AVGTOTALTIME1MIN,M16HUB.OHT.ALERT.OHTMCPALARMCNT,M16HUB.QUE.M14TOM16.MESCURRENTQCNT,M16HUB.QUE.M16TOM14.MESCURRENTQCNT,M16HUB.QUE.M16TOM14A.MESCURRENTQCNT,M16HUB.QUE.M16TOM14B.MESCURRENTQCNT,M16HUB.QUE.ALL.FABTRANSJOBCNT,M16HUB.QUE.M14ATOM16.MESCURRENTQCNT,M16HUB.QUE.M14BTOM16.MESCURRENTQCNT,M16HUB.LFT.6ABL6011.TOTAL_CURRENTQCNT,M16HUB.LFT.6ABL6012.TOTAL_CURRENTQCNT,M16HUB.LFT.6ABL6021.TOTAL_CURRENTQCNT,M16HUB.LFT.6ABL6022.TOTAL_CURRENTQCNT,M16HUB.LFT.6ABL6031.TOTAL_CURRENTQCNT,M16HUB.LFT.6ABL6032.TOTAL_CURRENTQCNT,M16HUB.LFT.6ABL0111.TOTAL_CURRENTQCNT,M16HUB.LFT.6ABL0112.TOTAL_CURRENTQCNT,M16HUB.LFT.6ABL0121.TOTAL_CURRENTQCNT,M16HUB.LFT.6ABL0122.TOTAL_CURRENTQCNT,M16HUB.QUE.ALL.M16HUBTOM14MANUAL_CURRENTQCNT,M16HUB.STRATE.STK.STORAGERATIO,M16HUB.STRATE.ALL.FABSTORAGERATIO,M14.OHT.STATECNT.HTSTOP,M14.OHT.STATECNT.CONGESTED,M14.OHT.STATECNT.ABNORMAL,M14.OHT.STATECNT.OBSANDBZSTOP,M14B.QUE.OHT.OHTUTIL,M14B.QUE.OHT.CURRENTOHTQCNT,M14B.QUE.TIME.AVGTOTALTIME,M14B.QUE.TIME.AVGTOTALTIME1MIN,M14B.QUE.ABN.AOTRANSDELAY,M14B.OHT.ALERT.OHTMCPALARMCNT,M14B.LFT.4ABLD111.TOTAL_CURRENTQCNT,M14B.LFT.4ABLD112.TOTAL_CURRENTQCNT,M14B.LFT.4ABLD121.TOTAL_CURRENTQCNT,M14B.LFT.4ABLD122.TOTAL_CURRENTQCNT,M14B.LFT.4ABLD131.TOTAL_CURRENTQCNT,M14B.LFT.4ABLD132.TOTAL_CURRENTQCNT,M14B.QUE.ALL.7F_TO_HUB_JOB,M14B.QUE.ALL.7F_TO_HUB_JOB_ALT,M14B.QUE.OHT.7F_TO_HUB_CMD,M14B.LFT.SENDFAB.TO_M16HUB_CURRENTQCNT,M16_PKT.QUE.OHT.OHTUTIL,M16_PKT.QUE.TIME.AVGTOTALTIME1MIN,M16_PKT.QUE.ABN.AOTRANSDELAY,M16_PKT.OHT.ALERT.OHTMCPALARMCNT,M16_WT.QUE.OHT.OHTUTIL,M16_WT.QUE.TIME.AVGTOTALTIME1MIN,M16_WT.QUE.ABN.AOTRANSDELAY,M16_WT.OHT.ALERT.OHTMCPALARMCNT
2026-05-07 00:00:00,1072,572,237,79.09,,0,0,0,4.202,4.079,0,140,717,428,289,1204,,,33,37,19,32,26,32,21,31,31,23,62,0,0,0,0,0,161,86.82,683,2.828,2.879,0,0,11,7,7,7,7,11,47,4,41,69,34.29,3.558,0,0,21.02,1.504,0,0
2026-05-07 00:01:00,1096,565,239,79.44,,0,0,0,4.474,9.683,0,141,738,453,285,1210,,,34,36,18,35,22,29,24,28,28,31,68,0,0,0,0,0,161,85.19,671,2.832,2.813,,0,9,6,6,6,8,10,52,4,48,74,22.86,4.094,,0,25.57,1.913,,0
2026-05-07 00:02:00,1105,570,240,80.14,,0,0,0,4.177,4.572,0,140,744,457,287,1248,,,34,37,21,31,24,25,24,26,28,30,63,0,0,0,0,0,161,82.34,650,2.872,3.153,,0,8,8,8,8,4,8,50,4,46,77,17.14,4.689,,0,52.27,2.159,,0
2026-05-07 00:03:00,1110,571,235,78.75,,0,0,0,4.537,8.193,0,148,756,454,302,1239,,,32,36,22,29,23,28,26,28,30,28,62,0,0,0,0,0,161,78.67,622,2.851,2.748,,0,8,7,6,7,5,7,49,3,46,74,25.71,4.883,,0,55.11,2.085,,0
2026-05-07 00:04:00,1110,565,235,79.44,,0,0,0,4.233,4.374,0,149,745,450,295,1228,,,31,38,23,29,23,31,28,27,28,29,60,0,0,0,0,0,161,81.25,639,2.865,2.932,,0,8,6,4,8,8,7,54,6,48,79,31.43,4.158,,0,49.43,1.61,,0
2026-05-07 00:05:00,1112,561,243,81.18,,0,0,0,4.748,10.853,0,133,747,442,305,1217,,,33,38,22,30,24,29,29,23,30,29,59,0,0,0,0,0,161,81.66,642,2.889,3.237,0,0,7,7,6,8,6,6,45,3,41,68,34.29,4.267,0,0,40.91,1.552,0,0
2026-05-07 00:06:00,1106,563,248,82.93,,0,0,0,4.192,4.415,0,144,729,429,300,1224,,,31,36,22,32,21,30,22,27,28,32,60,0,0,0,0,0,161,80.57,633,2.95,3.33,,0,9,6,4,8,7,7,43,1,42,66,20,3.722,,0,25,1.909,,0
2026-05-07 00:07:00,1113,564,247,83.28,,0,0,0,4.808,11.137,0,142,758,449,309,1242,,,31,37,21,31,22,30,20,26,28,32,60,0,0,0,0,0,161,83.7,668,2.886,3.05,,0,6,5,4,4,9,8,56,7,49,73,17.14,3.789,,0,44.89,2.291,,0
2026-05-07 00:08:00,1121,561,254,86.76,,0,0,0,4.247,4.475,0,142,756,443,313,1261,,,30,39,20,33,18,31,23,26,27,33,62,0,0,0,0,0,161,81.79,668,2.908,3.114,,0,8,5,6,2,8,5,49,4,46,69,25.71,4.558,,0,39.77,1.981,,0
2026-05-07 00:09:00,1118,572,251,85.71,,0,0,0,4.929,10.198,0,134,769,445,324,1233,,,31,37,22,32,17,33,21,25,32,34,58,0,0,0,0,0,161,81.52,651,2.93,2.949,,0,5,4,6,6,7,4,43,2,41,64,31.43,3.724,,0,27.84,2.22,,0
2026-05-07 00:10:00,1107,566,245,81.88,,0,0,0,4.211,4.12,0,126,772,455,317,1236,,,32,40,21,32,21,30,26,26,27,38,59,0,0,0,0,0,161,75,585,2.923,2.816,0,0,6,3,5,8,7,6,38,1,37,58,37.14,5.358,0,0,18.75,1.517,0,0
2026-05-07 00:11:00,1118,583,238,80.14,,0,0,0,4.918,12.952,0,147,819,485,334,1289,,,29,40,22,32,25,31,28,23,23,35,62,0,.59,0,0,0,161,75.82,596,2.937,2.942,,0,8,6,8,6,8,7,48,3,45,70,34.29,5.067,,0,18.75,1.731,,0
2026-05-07 00:12:00,1121,575,233,78.05,,0,0,0,4.224,4.868,0,141,799,474,325,1276,,,34,39,25,31,23,28,26,25,26,39,61,0,.59,0,0,0,161,75.95,600,2.917,2.868,,0,8,9,9,9,5,3,46,5,40,70,34.29,3.479,,0,38.64,2.154,,0
2026-05-07 00:13:00,1130,574,231,77,,0,0,0,5.008,12.132,0,142,818,482,336,1294,,,32,39,26,29,21,29,32,28,32,38,61,0,.59,0,0,0,161,78.4,621,2.942,2.98,,0,8,5,6,9,2,6,49,5,43,67,45.71,3.569,,0,45.45,1.851,,0
2026-05-07 00:14:00,1131,582,225,75.96,,0,0,0,4.293,5.508,0,147,810,482,328,1277,,,31,40,23,30,19,30,27,33,33,38,66,0,0,0,0,0,161,77.72,611,2.941,2.921,,0,8,6,8,7,5,4,54,9,45,72,54.29,3.743,,0,38.07,1.348,,0
2026-05-07 00:15:00,1131,586,229,75.26,,0,0,0,4.826,9.997,0,155,789,469,320,1287,,,33,37,18,28,19,33,32,34,29,38,66,0,0,0,0,0,161,79.35,622,2.917,2.786,0,0,6,5,7,8,9,7,55,8,47,73,40,3.805,0,0,22.16,1.281,0,0
2026-05-07 00:16:00,1142,581,234,77.7,,0,0,0,4.183,4.135,0,149,789,473,316,1275,,,32,41,21,30,18,34,31,31,31,36,64,0,0,0,0,0,161,77.17,615,2.917,2.84,,0,7,3,4,9,6,7,49,7,42,70,37.14,3.848,,0,19.32,1.866,,0
2026-05-07 00:17:00,1140,581,243,81.18,,0,0,0,4.736,10.118,0,146,776,466,310,1264,,,31,37,20,30,21,31,29,31,30,38,62,0,0,0,0,0,161,81.79,639,2.899,2.799,,0,7,4,6,8,8,8,53,6,47,72,37.14,4.269,,0,48.3,2.007,,0
2026-05-07 00:18:00,1126,588,244,81.88,,0,0,0,4.19,4.136,0,137,759,457,302,1237,,,33,42,22,31,18,31,29,29,31,33,64,0,0,0,0,0,161,81.39,639,2.849,2.735,,0,8,7,8,7,6,6,47,5,42,71,45.71,4.614,,0,42.61,1.697,,0
2026-05-07 00:19:00,1126,579,252,85.37,,0,0,0,4.794,11.843,0,137,744,452,292,1232,,,33,41,20,34,14,34,29,29,29,30,65,0,0,0,0,0,161,82.34,642,2.822,2.689,,0,6,9,10,6,7,7,50,7,43,72,34.29,4.701,,0,28.98,1.608,,0
2026-05-07 00:20:00,1132,572,258,85.37,,0,0,0,4.254,4.707,0,129,746,459,287,1223,,,35,40,23,34,22,31,26,31,28,30,64,0,0,0,0,0,161,80.84,654,2.813,2.716,0,0,1,8,9,2,8,9,44,4,39,63,28.57,3.924,0,0,23.86,1.347,0,0
2026-05-07 00:21:00,1122,555,253,83.28,,0,0,0,4.862,11.627,0,133,728,451,277,1211,,,34,41,25,28,22,30,25,29,23,37,66,0,0,0,0,0,161,83.42,671,2.795,2.77,,0,6,6,5,5,8,8,41,5,36,62,42.86,3.749,,0,26.14,1.793,,0
2026-05-07 00:22:00,1103,554,238,80.49,,0,0,0,4.366,4.642,0,140,711,443,268,1198,,,38,39,25,28,23,30,23,32,21,36,65,0,0,0,0,0,161,83.42,659,2.786,2.781,,0,10,6,7,8,7,7,45,3,41,71,37.14,4.652,,0,38.07,2.172,,0
2026-05-07 00:23:00,1090,552,243,79.79,,0,0,0,4.906,10.873,0,135,692,434,258,1166,,,39,33,21,32,21,28,21,31,26,32,64,0,0,0,0,0,161,82.47,653,2.778,2.928,,0,11,6,8,8,4,6,48,5,43,69,48.57,4.84,,0,41.48,1.638,,0
2026-05-07 00:24:00,1061,558,224,74.91,,0,0,0,4.567,6.263,0,138,674,422,252,1144,,,35,36,22,30,20,30,20,33,25,37,63,0,.59,0,0,0,161,82.47,658,2.772,2.838,,0,9,6,6,6,6,9,52,6,46,74,54.29,4.132,,0,27.84,1.522,,0
2026-05-07 00:25:00,1040,561,229,75.26,,0,0,0,5.067,10.111,0,130,655,411,244,1107,,,34,38,21,33,20,32,24,30,24,38,63,0,.59,0,0,0,161,77.72,604,2.769,2.754,0,0,7,6,7,6,6,12,46,6,39,68,40,3.779,1,0,25.57,1.592,0,0
2026-05-07 00:26:00,1021,558,222,74.22,,0,0,0,4.398,4.36,0,115,634,402,232,1116,,,28,37,23,28,23,32,25,27,21,36,63,0,0,0,0,0,161,75.68,600,2.771,2.867,,0,9,4,8,3,7,9,42,3,38,62,28.57,3.814,,0,18.75,1.547,,0
2026-05-07 00:27:00,1038,542,233,78.05,,0,0,0,4.784,9.176,0,151,674,423,251,1160,,,31,34,20,28,24,32,24,25,23,35,64,0,0,0,0,0,161,75.54,602,2.804,3.013,,0,7,2,7,8,4,6,60,9,51,80,34.29,3.636,,0,39.2,1.841,,0
2026-05-07 00:28:00,1030,546,237,80.14,,0,0,0,4.434,4.265,0,167,667,417,250,1173,,,29,31,21,27,23,33,24,27,21,30,66,0,0,0,0,0,161,79.62,609,2.803,2.797,,0,7,4,7,8,4,7,50,3,46,75,31.43,4.4,,0,38.64,1.649,,0
2026-05-07 00:29:00,1025,549,244,80.49,,0,0,0,4.893,9.936,0,152,678,420,258,1181,,,28,31,19,27,22,31,23,30,22,31,66,0,0,0,0,0,161,76.09,595,2.82,2.849,,0,7,4,5,4,7,8,52,7,45,73,22.86,4.271,,0,21.59,2.102,,0
2026-05-07 00:30:00,1008,560,237,79.79,,0,0,0,4.436,4.675,0,159,665,415,250,1207,,,34,30,20,26,17,30,24,29,25,28,63,0,0,0,0,0,161,77.85,610,2.827,2.784,0,0,5,9,4,6,5,7,53,8,44,72,34.29,4.162,0,0,22.73,1.551,0,0
2026-05-07 00:31:00,1020,566,228,77.7,,0,0,0,4.834,9.485,0,179,695,432,263,1213,,,30,36,17,26,20,33,20,29,22,26,59,0,0,0,0,0,161,80.98,640,2.82,2.697,,0,4,8,4,5,6,9,61,8,50,81,34.29,4.728,,0,23.3,1.71,,0
2026-05-07 00:32:00,1014,575,221,74.56,,0,0,0,4.409,4.482,0,181,677,418,259,1214,,,33,32,19,26,23,30,20,28,18,24,57,0,1.18,0,0,0,161,80.98,643,2.833,2.875,,0,6,3,3,5,7,8,60,11,46,80,31.43,4.832,,0,48.3,2.392,,0
2026-05-07 00:33:00,1014,578,224,76.31,,0,0,0,4.672,8.434,0,174,680,424,256,1204,,,31,31,21,28,25,31,19,26,20,29,61,0,1.18,0,0,0,161,78.8,615,2.81,2.751,,0,8,1,5,7,5,5,49,5,41,71,51.43,4.184,,0,41.48,1.569,,0
2026-05-07 00:34:00,1006,564,220,75.61,,0,0,0,4.615,6.843,0,172,665,412,253,1177,,,28,32,16,27,27,33,22,26,20,29,59,0,.59,0,0,0,161,80.98,654,2.798,2.728,,0,7,1,6,7,4,6,53,5,46,72,54.29,3.946,,0,26.14,1.439,,0
2026-05-07 00:35:00,997,565,220,73.87,,0,0,0,4.399,4.401,0,172,653,404,249,1169,,,29,32,19,20,20,31,20,27,24,26,59,0,.59,0,0,0,161,85.85,700,2.794,2.703,0,0,5,8,4,7,7,6,50,4,44,77,57.14,4.198,0,0,22.73,1.617,0,0
2026-05-07 00:36:00,1001,558,239,79.79,,0,0,0,4.722,9.669,0,162,648,397,251,1160,,,26,31,17,27,19,30,21,28,24,27,61,0,0,0,0,0,161,85.99,690,2.796,2.889,,0,8,6,2,7,6,3,50,6,42,75,54.29,4.175,,0,27.27,1.897,,0
2026-05-07 00:37:00,1025,565,264,86.76,,0,0,0,4.372,6.236,0,147,664,405,259,1155,,,26,31,15,27,21,30,20,29,22,23,70,0,0,0,0,0,161,84.63,685,2.819,3.169,,0,7,7,4,7,2,5,50,5,44,69,40,4.252,,0,45.45,2.44,,0
2026-05-07 00:38:00,1002,571,254,84.67,,0,0,0,4.848,11.219,0,145,647,392,255,1167,,,23,32,17,27,21,29,24,25,21,24,68,0,0,0,0,0,161,81.09,642,2.821,2.877,,0,6,7,7,9,2,9,53,6,46,74,48.57,4.012,,0,42.05,2.152,,0
2026-05-07 00:39:00,1012,574,252,84.67,,0,0,0,4.554,8.676,0,146,656,394,262,1175,,,23,30,14,23,21,26,23,25,25,25,68,0,0,0,0,0,161,81.77,643,2.847,3.086,,0,8,5,7,10,4,8,53,6,45,75,65.71,3.323,,0,25,1.768,,0
2026-05-07 00:40:00,1021,560,255,85.02,,0,0,0,4.913,8.066,0,148,648,387,261,1191,,,26,30,15,26,22,27,22,27,27,21,67,0,0,0,0,0,161,82.86,651,2.861,2.936,0,0,9,5,5,7,8,7,53,3,49,70,48.57,3.769,0,0,12.5,1.477,0,0
2026-05-07 00:41:00,1023,568,250,82.58,,0,0,0,4.408,6.846,0,147,682,415,267,1208,,,26,31,18,22,18,26,21,24,27,21,65,0,0,0,0,0,161,83.67,660,2.895,3.025,,0,6,7,5,4,6,8,55,3,51,71,42.86,4.723,,0,17.61,1.918,,0
2026-05-07 00:42:00,1023,568,247,83.62,,0,0,0,4.81,7.969,0,144,678,414,264,1237,,,27,29,24,23,18,28,22,25,25,19,64,0,0,0,0,0,161,85.17,664,2.916,3.045,,0,6,8,4,9,5,6,55,6,49,73,45.71,3.841,,0,39.77,2.433,,0
2026-05-07 00:43:00,1027,572,240,81.53,,0,0,0,4.677,8.861,0,141,694,417,277,1230,,,27,34,20,22,24,28,22,26,26,19,63,0,0,0,0,0,161,81.22,637,2.919,2.846,,0,3,8,7,6,4,5,50,4,46,70,25.71,4.564,,0,43.75,1.389,,0
2026-05-07 00:44:00,1017,584,241,81.53,,0,0,0,4.998,7.13,0,131,689,404,285,1212,,,27,35,17,25,24,29,20,23,21,20,61,0,0,0,0,0,161,80.41,633,2.951,3.101,,0,7,6,7,7,5,7,41,1,40,61,28.57,3.493,,0,30.11,1.44,,0
2026-05-07 00:45:00,1013,584,238,80.84,,0,0,0,4.516,7.301,0,125,665,389,276,1199,,,27,33,16,27,25,25,18,23,22,19,60,0,0,0,0,0,161,80.82,627,2.95,2.76,0,0,8,6,9,4,3,6,44,3,39,58,28.57,4.04,0,0,21.59,1.564,0,0
2026-05-07 00:46:00,1014,590,237,79.79,,0,0,0,4.681,5.681,0,131,663,379,284,1183,,,27,31,21,23,24,29,17,28,25,22,58,0,0,0,0,0,161,76.87,602,2.941,2.838,,0,6,5,4,1,3,4,43,5,37,55,22.86,5.301,,0,11.93,1.564,,0
2026-05-07 00:47:00,1022,597,244,82.93,,0,0,0,4.858,10.275,0,123,688,396,292,1199,,,25,33,18,21,25,26,21,24,23,23,55,0,0,0,0,0,161,78.78,611,2.929,2.948,,0,5,2,6,5,6,4,43,6,37,58,14.29,4.581,,0,43.18,2.148,,0
2026-05-07 00:48:00,1019,588,251,84.67,,0,0,0,4.911,4.212,0,120,670,386,284,1192,,,23,32,20,20,20,22,21,23,24,21,56,0,0,0,0,0,161,75.92,579,2.91,2.817,,0,7,4,2,3,5,5,43,6,36,57,28.57,4.334,,0,48.86,2.142,,0
2026-05-07 00:49:00,1021,584,259,86.76,,0,0,0,4.94,13.382,0,130,660,377,283,1189,,,26,29,20,21,23,24,18,20,28,21,55,0,0,0,0,0,161,74.69,578,2.886,2.847,,0,5,2,5,7,4,3,47,7,39,59,34.29,3.906,,0,32.95,1.343,,0
2026-05-07 00:50:00,1001,595,251,84.32,,0,0,0,4.994,4.274,0,172,653,371,282,1210,,,31,25,18,24,22,24,20,17,26,18,54,0,0,0,0,0,161,77.01,596,2.876,2.877,0,0,4,3,5,5,4,2,48,6,42,61,25.71,4.831,0,0,13.07,1.228,0,0
2026-05-07 00:51:00,999,595,248,81.88,,0,0,0,4.385,5.278,0,171,672,387,285,1210,,,28,28,18,22,23,25,22,18,24,19,55,0,0,0,0,0,161,80.14,622,2.84,2.633,,0,5,7,5,5,6,5,59,6,51,75,34.29,4.622,,0,9.66,1.638,,0
2026-05-07 00:52:00,979,599,230,75.96,,0,0,0,4.393,4.539,0,177,653,380,273,1214,,,26,29,21,21,23,24,22,20,22,20,57,0,2.37,0,0,0,161,76.73,598,2.805,2.612,,0,6,8,11,10,3,6,61,9,49,77,45.71,4.526,,0,36.36,1.977,,0
2026-05-07 00:53:00,1001,581,232,79.09,,0,0,0,4.625,8.955,0,174,678,392,286,1223,,,24,25,20,22,22,28,18,24,23,22,59,0,2.37,0,0,0,161,80.82,631,2.787,2.676,,0,5,7,9,11,4,7,57,8,47,77,42.86,4.471,,0,49.43,2.067,,0
2026-05-07 00:54:00,992,578,235,80.14,,0,0,0,4.757,5.378,0,184,673,390,283,1212,,,28,26,15,20,19,26,18,25,24,19,59,0,1.18,0,0,0,161,79.86,632,2.736,2.596,,0,8,5,8,9,6,9,50,4,42,72,34.29,3.829,,0,33.52,1.253,,0
2026-05-07 00:55:00,998,568,238,78.05,,0,0,0,4.443,6.129,0,195,703,410,293,1251,,,29,25,17,20,20,25,19,25,24,23,58,0,.59,0,0,0,161,83.54,650,2.729,2.677,0,1,8,6,7,9,10,7,49,1,47,77,17.14,4.519,0,0,15.91,.993,0,0
2026-05-07 00:56:00,988,587,238,79.44,,0,0,0,4.431,5.132,0,202,690,409,281,1265,,,27,26,16,20,20,24,20,22,27,19,57,0,.59,0,0,0,161,83.4,663,2.732,2.772,,1,8,5,6,9,6,10,50,5,44,70,8.57,4.658,,0,11.93,1.694,,0
2026-05-07 00:57:00,1003,588,248,82.93,,0,0,0,4.765,9.815,0,195,709,421,288,1276,,,23,26,10,18,21,25,20,24,24,18,57,0,2.96,0,0,0,161,84.35,677,2.736,2.865,,0,8,7,6,11,6,8,52,4,45,73,11.43,4.552,,0,42.05,1.985,,0
2026-05-07 00:58:00,998,589,249,83.97,,0,0,0,4.954,5.469,0,192,693,413,280,1273,,,23,23,14,21,21,28,21,25,22,20,57,0,.59,0,0,0,161,85.17,691,2.731,2.849,,0,6,8,7,11,9,7,50,2,47,72,11.43,4.464,,0,40.34,1.815,,0
2026-05-07 00:59:00,1021,580,263,87.46,,0,0,0,5.161,12.21,0,175,699,412,287,1246,,,26,23,14,21,20,25,17,25,24,19,55,0,0,0,0,0,161,84.49,662,2.753,3.063,,0,3,6,8,11,7,10,51,6,43,70,31.43,4.293,,0,31.25,1.569,,0
2026-05-07 01:00:00,1003,602,261,87.8,,0,0,0,5.357,5.891,0,182,672,396,276,1240,,,27,22,17,22,20,24,19,22,19,20,54,0,0,0,0,0,161,85.99,680,2.77,3.088,0,0,8,6,10,11,6,11,45,1,41,71,31.43,3.679,0,0,16.48,1.38,0,0
2026-05-07 01:01:00,1028,591,269,90.24,,0,0,0,4.385,4.494,0,158,687,405,282,1229,,,26,25,17,21,23,24,19,19,19,25,60,0,0,0,0,0,161,86.26,690,2.824,3.174,,0,8,6,6,10,8,11,44,5,38,68,11.43,4.642,,0,19.89,1.642,,0
2026-05-07 01:02:00,1031,594,255,86.41,,0,0,0,4.532,5.747,0,154,668,393,275,1217,,,27,22,18,21,21,24,16,21,20,24,66,0,0,0,0,0,161,86.39,685,2.861,3.143,,0,5,9,7,9,9,7,53,7,45,70,14.29,5.474,,0,49.43,1.722,,0
2026-05-07 01:03:00,1032,603,261,87.8,,0,0,0,4.347,4.287,0,145,651,382,269,1204,,,27,20,23,24,19,25,22,24,20,18,65,0,0,0,0,0,161,89.66,718,2.881,2.954,,0,10,9,7,9,8,7,50,9,40,73,17.14,4.39,,0,51.7,1.635,,0
2026-05-07 01:04:00,1041,594,260,87.11,,0,0,0,4.49,6.225,0,135,650,384,266,1199,,,24,26,20,24,15,29,20,24,24,19,71,0,0,0,0,0,161,90.75,721,2.94,3.157,,0,9,7,8,6,4,9,54,5,49,73,17.14,4.75,,0,36.36,1.272,,0
2026-05-07 01:05:00,1026,600,259,86.41,,0,0,0,4.311,4.258,0,126,632,376,256,1177,,,28,27,19,20,21,28,23,26,23,18,71,0,0,0,0,0,161,90.07,706,3.002,3.301,0,0,12,4,8,7,6,8,49,4,45,70,37.14,4.782,0,0,21.02,1.231,0,0
2026-05-07 01:06:00,1029,572,265,87.46,,0,0,0,4.462,6.143,0,121,619,366,253,1196,,,29,25,20,21,20,30,22,25,21,21,71,0,.59,0,0,0,161,87.76,709,3.063,3.397,,0,9,5,5,8,6,6,54,6,48,73,42.86,5.102,,0,23.3,1.846,,0
2026-05-07 01:07:00,1036,576,255,83.97,,0,0,0,4.391,6.349,0,142,644,384,260,1199,,,28,28,24,19,21,30,23,24,22,24,73,0,1.18,0,0,0,161,85.44,683,2.996,2.98,,0,8,8,6,6,5,8,55,3,50,74,51.43,3.964,,0,45.45,2.159,,0
2026-05-07 01:08:00,1037,570,261,85.71,,0,0,0,4.527,6.037,0,141,630,377,253,1187,,,27,28,21,24,17,25,27,26,22,21,74,0,1.18,0,0,0,161,84.76,696,3.009,3.023,,0,7,8,6,8,5,11,50,5,43,71,31.43,4.896,,0,43.18,1.612,,0
2026-05-07 01:09:00,1042,572,259,85.71,,0,0,0,4.406,4.897,0,139,649,385,264,1197,,,25,30,24,26,18,26,28,23,21,24,74,0,1.18,0,0,0,161,82.99,665,3,2.979,,0,7,7,5,6,6,10,51,7,43,71,22.86,4.741,,0,27.27,1.133,,0
2026-05-07 01:10:00,1031,560,266,87.46,,0,0,0,4.593,6.501,0,162,639,380,259,1208,,,26,32,25,28,16,28,29,22,17,24,74,0,1.18,0,0,0,161,83.95,664,2.994,2.968,0,0,7,5,5,5,9,8,47,6,40,68,37.14,4.151,0,0,19.89,1.214,0,0
2026-05-07 01:11:00,1045,560,255,85.71,,0,0,0,4.506,5.639,0,161,673,399,274,1220,,,27,32,24,28,12,31,23,27,19,28,72,0,0,0,0,0,161,87.35,685,2.967,2.798,,0,8,6,8,8,5,8,49,4,44,74,45.71,4.41,,0,17.61,1.863,,0
2026-05-07 01:12:00,1042,554,244,81.88,,0,0,0,4.644,5.942,0,174,684,415,269,1250,,,27,28,28,27,18,30,26,29,19,27,70,0,0,0,0,0,161,83.67,660,2.974,3.125,,0,6,6,9,7,5,4,52,6,46,74,42.86,3.396,,0,36.93,1.966,,0
2026-05-07 01:13:00,1053,548,246,80.49,,0,0,0,4.592,5.549,0,175,702,423,279,1273,,,26,33,23,29,17,31,24,33,24,27,70,0,0,0,0,0,161,82.59,654,2.967,2.933,,0,6,6,6,6,5,2,50,5,44,70,31.43,4.44,,0,43.18,1.638,,0
2026-05-07 01:14:00,1038,551,237,78.05,,0,0,0,4.643,5.573,0,181,689,411,278,1255,,,25,32,21,28,14,32,22,33,27,25,67,0,0,0,0,0,161,80.95,628,2.94,2.884,,0,4,8,4,6,6,4,54,6,47,76,37.14,4.305,,0,32.95,1.32,,0
2026-05-07 01:15:00,1045,552,247,81.18,,0,0,0,4.46,5.787,0,165,703,415,288,1244,,,23,34,22,30,13,30,22,36,28,30,65,0,.59,0,0,0,161,83.95,665,2.918,2.813,0,0,6,6,3,7,4,7,48,5,43,73,40,4.115,0,0,25,1.307,0,0
2026-05-07 01:16:00,1056,560,254,83.28,,0,0,0,4.53,5.438,0,163,697,409,288,1251,,,26,30,24,29,18,29,23,34,30,30,63,0,0,0,0,0,161,87.89,712,2.926,2.942,,0,7,5,4,5,5,6,54,9,45,79,34.29,4.609,,0,13.07,1.724,,0
2026-05-07 01:17:00,1077,557,255,85.71,,0,0,0,4.704,9.032,0,164,728,432,296,1254,,,23,34,22,29,16,28,24,35,29,32,63,0,1.78,0,0,0,161,87.48,690,2.928,2.937,,0,7,9,5,6,4,6,50,7,42,75,37.14,4.755,,0,38.07,2.21,,0
2026-05-07 01:18:00,1079,557,267,87.46,,0,0,0,4.857,5.936,0,164,716,427,289,1234,,,23,33,21,31,15,30,24,27,26,27,64,0,.59,0,0,0,161,88.03,698,2.896,2.8,,0,5,7,11,6,4,7,49,3,44,74,20,3.443,,0,33.52,1.907,,0
2026-05-07 01:19:00,1083,557,270,88.5,,0,0,0,4.653,6.745,0,157,714,417,297,1234,,,26,31,18,33,17,30,23,30,27,25,58,0,.59,0,0,0,161,85.03,670,2.885,2.851,,0,4,5,6,9,6,7,52,8,42,73,11.43,4.628,,0,19.32,1.838,,0
2026-05-07 01:20:00,1083,539,280,91.29,,0,0,0,4.78,6.188,0,161,705,413,292,1221,,,28,31,19,33,17,26,23,30,29,24,58,0,.59,0,0,0,161,81.36,638,2.88,2.933,0,0,7,6,5,7,6,5,53,10,41,76,25.71,5.772,0,0,14.2,1.461,0,0
2026-05-07 01:21:00,1105,545,273,89.9,,0,0,0,4.559,5.673,0,153,750,446,304,1260,,,28,32,24,37,16,24,19,29,29,22,60,0,1.18,0,0,0,161,81.63,639,2.888,2.884,,0,9,6,9,6,5,8,49,9,40,74,31.43,4.886,,0,17.61,1.841,,0
2026-05-07 01:22:00,1087,554,262,86.76,,0,0,0,4.677,7.15,0,168,748,439,309,1290,,,28,33,24,36,17,25,20,24,28,25,60,0,.59,0,0,0,161,80.27,639,2.895,3.085,,0,10,10,10,7,6,5,47,5,42,75,34.29,4.314,,0,38.07,2.279,,0
2026-05-07 01:23:00,1085,570,261,88.5,,0,0,0,4.7,6.886,0,162,742,444,298,1282,,,29,34,26,32,17,24,22,27,28,23,61,0,0,0,0,0,161,79.46,618,2.899,3.044,,0,10,12,6,8,5,6,53,6,45,76,25.71,5.151,,0,32.95,1.512,,0
2026-05-07 01:24:00,1087,569,273,91.64,,0,0,0,4.809,5.475,0,157,745,443,302,1288,,,27,31,24,32,14,27,25,28,29,20,64,0,.59,0,0,0,161,79.86,624,2.899,2.899,,0,6,8,4,8,8,6,54,4,48,72,25.71,5.094,,0,24.43,1.448,,0
2026-05-07 01:25:00,1093,566,281,91.99,,0,0,0,4.603,5.697,0,152,719,427,292,1270,,,25,31,21,33,20,27,27,29,35,20,65,0,0,0,0,0,161,79.18,616,2.902,2.85,0,0,8,5,5,9,8,8,53,6,45,71,25.71,4.593,0,0,9.66,1.518,0,0
2026-05-07 01:26:00,1080,575,267,89.2,,0,0,0,4.694,5.892,0,144,696,413,283,1245,,,24,34,19,33,22,29,25,28,31,24,65,0,0,0,0,0,161,78.64,620,2.896,2.875,,0,9,6,7,9,6,4,54,6,47,74,31.43,4.049,,0,17.05,1.87,,0
2026-05-07 01:27:00,1095,577,268,88.5,,0,0,0,4.853,8.938,0,144,713,423,290,1270,,,28,34,21,34,22,29,23,29,32,25,65,0,0,0,0,0,161,78.64,615,2.91,2.964,,0,7,8,8,6,6,11,56,10,43,76,37.14,3.998,,0,42.05,2.315,,0
2026-05-07 01:28:00,1090,587,256,87.11,,0,0,0,4.942,5.262,0,141,721,421,300,1283,,,31,35,24,35,22,28,18,31,32,27,64,0,0,0,0,0,161,80.27,657,2.91,2.876,,0,6,8,12,8,7,7,49,7,40,72,31.43,4.665,,0,36.36,1.868,,0
2026-05-07 01:29:00,1100,578,265,88.15,,0,0,0,4.884,8.576,0,137,717,418,299,1267,,,29,38,24,32,19,27,21,29,29,30,63,0,0,0,0,0,161,77.69,625,2.902,2.784,,0,7,7,11,7,6,4,45,3,41,69,28.57,4.223,,0,22.16,1.118,,0
2026-05-07 01:30:00,1093,591,259,86.06,,0,0,0,4.981,5.341,0,129,694,405,289,1259,,,25,38,25,33,16,28,24,33,29,30,63,0,.59,0,0,0,161,82.86,659,2.894,2.846,0,0,7,9,9,9,8,6,42,3,39,65,20,4.545,0,0,17.61,1.49,0,0
2026-05-07 01:31:00,1118,577,266,87.11,,0,0,0,4.864,6.788,0,140,723,423,300,1260,,,32,38,24,28,17,28,24,29,31,31,60,0,0,0,0,0,161,85.58,696,2.885,2.775,,0,9,5,6,6,8,8,49,4,44,69,20,3.918,,0,12.5,1.791,,0
2026-05-07 01:32:00,1095,575,258,86.76,,0,0,0,4.903,4.71,0,142,705,407,298,1269,,,29,37,25,30,19,26,28,27,29,33,60,0,0,0,0,0,161,86.67,706,2.871,2.91,,0,9,5,5,3,6,12,52,6,43,70,14.29,3.453,,0,26.7,2.173,,0
2026-05-07 01:33:00,1096,563,253,84.32,,0,0,0,4.855,6.834,0,144,709,401,308,1252,,,28,39,28,38,21,25,28,28,30,36,60,0,0,0,0,0,161,89.12,705,2.864,2.989,,0,9,5,4,4,7,11,49,5,42,74,25.71,4.241,,0,27.84,1.539,,0
2026-05-07 01:34:00,1085,564,249,83.62,,0,0,0,4.906,4.828,0,138,691,388,303,1235,,,28,37,30,33,25,28,25,34,30,40,60,0,.59,0,0,0,161,90.75,730,2.879,3.061,,0,7,6,4,7,5,5,54,7,46,71,34.29,4.21,,0,19.32,1.205,,0
2026-05-07 01:35:00,1079,561,244,80.14,,0,0,0,4.789,5.986,0,145,693,387,306,1230,,,25,41,28,35,20,28,32,28,31,41,65,0,0,0,0,0,161,87.48,698,2.889,2.951,0,0,4,5,6,8,4,3,63,8,53,77,28.57,5.199,0,0,7.39,1.523,0,0
2026-05-07 01:36:00,1070,550,244,81.18,,0,0,0,4.813,5.022,0,150,673,374,299,1217,,,28,41,30,34,20,27,31,28,29,40,63,0,0,0,0,0,161,83.27,643,2.924,3.194,,0,6,3,7,5,7,7,52,7,45,74,11.43,4.599,,0,10.8,1.591,,0
2026-05-07 01:37:00,1091,545,243,82.58,,0,0,0,4.963,9.022,0,141,702,388,314,1241,,,27,41,30,29,18,30,28,33,27,42,61,0,0,0,0,0,161,81.5,636,2.96,3.182,,0,7,3,8,5,8,4,55,7,48,73,20,5.057,,0,36.36,2.171,,0
2026-05-07 01:38:00,1071,553,238,80.49,,0,0,0,5.037,4.863,0,138,706,385,321,1226,,,25,40,29,28,21,24,29,30,32,40,61,0,.59,0,0,0,161,84.08,676,2.972,3.056,,0,9,6,7,5,7,4,55,6,49,72,17.14,4.923,,0,32.95,2.01,,0
2026-05-07 01:39:00,1067,568,234,79.09,,0,0,0,4.833,8.185,0,134,683,372,311,1211,,,26,41,31,29,19,26,31,28,32,37,60,0,.59,0,0,0,161,81.63,639,2.994,3.003,,0,5,7,8,6,4,7,57,9,48,72,22.86,3.454,,0,20.45,1.15,,0
2026-05-07 01:40:00,1051,565,226,74.91,,0,0,0,4.904,4.64,0,170,671,361,310,1228,,,30,35,26,27,21,27,30,33,32,34,58,0,.59,0,0,0,161,82.31,673,3.03,3.198,0,0,9,5,7,10,6,7,56,9,47,77,31.43,4.07,0,0,17.05,1.434,0,0
2026-05-07 01:41:00,1066,568,237,78.05,,0,0,0,4.632,5.569,0,160,693,375,318,1237,,,30,37,23,31,19,27,35,33,32,34,57,0,.59,0,0,0,161,85.03,681,3.051,3.002,,0,7,7,5,7,5,8,57,10,47,76,20,4.023,,0,17.61,2.026,,0
2026-05-07 01:42:00,1071,564,242,80.84,,0,0,0,4.655,4.377,0,177,692,372,320,1249,,,27,39,24,30,18,28,37,37,28,35,55,0,.59,0,0,0,161,85.58,683,3.058,2.995,,0,6,6,3,6,9,8,51,10,41,73,28.57,3.641,,0,36.93,2.208,,0
2026-05-07 01:43:00,1076,565,246,81.53,,0,0,0,4.73,5.956,0,175,719,389,330,1260,,,29,40,22,30,20,29,38,41,31,35,55,0,.59,0,0,0,161,83.27,666,3.021,2.67,,0,8,8,6,6,8,7,47,6,41,73,28.57,4.354,,0,30.68,1.776,,0
2026-05-07 01:44:00,1066,563,251,82.58,,0,0,0,4.733,5.039,0,177,701,380,321,1237,,,23,42,21,29,17,30,40,38,31,34,53,0,.59,0,0,0,161,81.77,660,2.988,2.731,,0,8,7,9,7,5,6,48,3,43,70,28.57,4.472,,0,17.05,1.536,,0
2026-05-07 01:45:00,1074,574,240,81.18,,0,0,0,4.499,4.541,0,174,702,368,334,1230,,,26,42,27,29,19,28,42,41,35,30,59,0,.59,0,0,0,161,80.14,647,2.982,2.882,0,0,7,5,9,11,4,8,53,6,47,71,28.57,4.036,0,0,14.2,1.308,0,0
2026-05-07 01:46:00,1060,579,235,80.14,,0,0,0,4.555,5.182,0,182,704,382,322,1249,,,28,37,27,30,21,29,42,40,35,35,56,0,.59,0,0,0,161,78.37,619,2.968,3.056,,0,5,9,12,12,6,6,49,5,44,69,28.57,3.459,,0,10.8,1.871,,0
2026-05-07 01:47:00,1075,575,237,80.14,,0,0,0,4.607,5.994,0,182,731,401,330,1264,,,29,37,26,32,23,25,36,41,34,34,59,0,.59,0,0,0,161,82.18,644,2.972,3.164,,0,11,7,9,9,5,9,52,7,43,75,28.57,4.048,,0,43.75,1.894,,0
2026-05-07 01:48:00,1070,562,244,81.88,,0,0,0,4.674,5.208,0,171,709,391,318,1263,,,34,38,22,34,23,26,34,42,37,35,60,0,.59,0,0,0,161,81.36,645,2.951,2.904,,0,8,6,10,6,8,8,50,6,43,73,17.14,3.799,,0,38.64,1.463,,0
2026-05-07 01:49:00,1076,559,249,82.23,,0,0,0,4.538,6.274,0,166,712,388,324,1249,,,31,40,22,29,22,34,32,41,39,34,61,0,.59,0,0,0,161,81.09,637,2.942,2.913,,0,10,7,10,7,9,11,49,6,43,73,31.43,4.108,,0,25.57,1.476,,0
2026-05-07 01:50:00,1079,560,251,82.93,,0,0,0,4.605,5.185,0,162,694,381,313,1230,,,30,36,21,30,21,33,31,38,37,34,59,0,1.78,0,0,0,161,81.22,651,2.921,2.988,0,0,7,6,8,11,6,10,51,7,44,74,31.43,4.293,0,0,19.89,1.224,0,0
2026-05-07 01:51:00,1117,550,262,86.76,,0,0,0,4.267,4.025,0,153,735,408,327,1256,,,31,36,24,28,21,31,29,33,33,34,61,0,1.78,0,0,0,161,79.73,626,2.916,2.951,,0,9,6,8,11,6,8,52,7,45,74,22.86,4.08,,0,18.75,1.962,,0
2026-05-07 01:52:00,1116,554,262,86.41,,0,0,0,4.416,5.689,0,156,718,404,314,1275,,,29,33,21,30,20,29,33,32,35,31,58,0,1.18,0,0,0,161,79.32,633,2.905,2.829,,0,8,9,7,9,7,9,52,5,47,74,11.43,3.242,,0,31.82,1.975,,0
2026-05-07 01:53:00,1135,550,264,85.71,,0,0,0,4.302,4.332,0,150,728,419,309,1278,,,27,35,22,28,19,30,31,35,32,33,65,0,1.18,0,0,0,161,81.63,648,2.91,2.747,,0,10,9,10,9,5,9,49,6,42,76,14.29,4.577,,0,34.66,1.686,,0
2026-05-07 01:54:00,1122,559,255,83.28,,0,0,0,4.401,5.26,0,147,700,408,292,1266,,,27,41,20,30,22,29,30,35,34,32,65,0,1.18,0,0,0,161,81.5,644,2.921,2.864,,0,10,9,8,12,7,10,48,7,40,73,25.71,4.188,,0,23.86,1.447,,0
2026-05-07 01:55:00,1129,562,258,86.41,,0,0,0,4.265,4.252,0,138,731,430,301,1277,,,27,37,24,27,20,28,28,33,34,33,67,0,1.18,0,0,0,161,83.4,672,2.925,2.925,0,0,8,9,10,9,9,10,48,6,42,70,28.57,3.564,0,0,13.07,1.424,0,0
2026-05-07 01:56:00,1125,557,248,83.62,,0,0,0,4.352,5.351,0,141,720,428,292,1279,,,27,36,27,30,21,32,28,37,33,35,69,0,1.18,0,0,0,161,87.21,709,2.91,2.906,,0,9,10,7,8,11,8,49,3,45,68,22.86,4.202,,0,9.66,1.635,,0
2026-05-07 01:57:00,1142,557,256,84.67,,0,0,0,4.26,4.705,0,133,730,432,298,1303,,,27,37,22,27,22,31,28,37,36,33,70,0,1.78,0,0,0,161,85.99,666,2.901,3.005,,0,9,8,8,4,9,8,46,4,40,64,14.29,4.232,,0,43.75,2.02,,0
2026-05-07 01:58:00,1136,555,262,87.11,,0,0,0,4.374,5.396,0,129,748,436,312,1311,,,22,36,21,31,23,31,28,38,31,35,69,0,1.18,0,0,0,161,84.76,685,2.893,2.933,,0,11,7,8,5,5,11,44,3,41,63,22.86,3.596,,0,38.07,1.477,,0
2026-05-07 01:59:00,1134,554,261,87.46,,0,0,0,4.235,4.198,0,129,728,428,300,1283,,,25,36,26,31,21,27,26,35,31,32,69,0,.59,0,0,0,161,85.58,692,2.904,3.014,,0,7,8,5,6,7,10,46,5,41,64,37.14,4.267,,0,27.84,1.467,,0
2026-05-07 02:00:00,1129,550,256,86.41,,0,0,0,4.367,5.728,0,132,723,427,296,1296,,,30,39,27,28,23,25,25,35,30,30,68,0,1.78,0,0,0,161,87.48,685,2.891,2.884,0,0,8,6,8,7,5,8,40,3,37,58,34.29,4.334,0,0,18.75,1.494,0,0
2026-05-07 02:01:00,1137,572,248,83.97,,0,0,0,4.315,4.573,0,117,739,439,300,1251,,,31,38,29,28,20,27,26,33,33,31,65,0,1.78,0,0,0,161,88.57,695,2.907,3.086,,0,8,4,8,11,5,7,36,1,35,55,28.57,4.618,,0,14.77,1.941,,0
2026-05-07 02:02:00,1124,562,264,87.46,,0,0,0,4.438,6.205,0,123,748,436,312,1253,,,29,39,29,30,20,28,25,32,30,32,66,0,1.78,0,0,0,161,86.26,679,2.908,2.939,,0,4,4,6,7,7,5,35,3,32,51,28.57,4.064,,0,35.8,2.241,,0
2026-05-07 02:03:00,1131,568,247,81.88,,0,0,0,4.347,4.457,0,119,736,433,303,1233,,,29,36,27,32,20,32,30,33,32,32,68,0,1.78,0,0,0,161,84.35,662,2.937,3.134,,0,4,8,6,4,10,6,39,1,38,51,17.14,4.524,,0,31.25,1.77,,0
2026-05-07 02:04:00,1128,562,244,82.23,,0,0,0,4.534,7.156,0,120,751,431,320,1246,,,31,38,28,34,26,34,27,26,30,33,65,0,1.18,0,0,0,161,83.81,670,2.948,3.04,,0,3,9,5,2,7,4,44,2,42,51,25.71,3.506,,0,23.3,1.229,,0
2026-05-07 02:05:00,1137,547,258,86.41,,0,0,0,4.509,5.621,0,120,743,421,322,1235,,,29,41,27,30,26,34,25,27,31,35,65,0,1.18,0,0,0,161,82.99,648,2.957,3.015,0,0,1,8,5,4,7,5,41,3,38,55,28.57,3.581,0,0,15.91,1.459,0,0
2026-05-07 02:06:00,1107,557,251,84.67,,0,0,0,4.608,5.748,0,131,721,415,306,1243,,,27,40,28,31,28,31,24,29,32,36,63,0,1.18,0,0,0,161,81.09,646,2.991,3.185,,0,5,8,4,7,9,10,30,2,28,51,22.86,4.07,,0,9.66,1.738,,0
2026-05-07 02:07:00,1128,573,260,85.71,,0,0,0,4.615,6.615,0,120,757,435,322,1238,,,28,37,25,28,28,34,23,28,30,38,61,0,1.18,0,0,0,161,80.82,635,2.965,2.907,,0,5,5,6,8,7,9,38,2,36,57,17.14,4.156,,0,47.16,1.973,,0
2026-05-07 02:08:00,1126,569,261,87.11,,0,0,0,4.831,6.265,0,125,765,435,330,1259,,,27,37,27,28,27,33,27,32,33,34,58,0,1.18,0,0,0,161,84.08,658,2.934,2.682,,0,3,5,9,4,5,5,44,3,41,58,8.57,3.531,,0,38.64,1.759,,0
2026-05-07 02:09:00,1123,569,257,87.11,,0,0,0,4.756,5.825,0,135,752,425,327,1241,,,26,39,27,28,22,33,28,33,33,35,56,0,.59,0,0,0,161,85.58,668,2.907,2.787,,0,4,7,7,4,6,5,45,4,41,57,17.14,5.13,,0,25.57,1.589,,0
2026-05-07 02:10:00,1119,574,254,84.67,,0,0,0,4.915,5.715,0,140,727,413,314,1234,,,27,38,26,30,22,34,29,35,31,37,54,0,0,0,0,0,161,86.67,684,2.907,2.876,0,0,6,6,8,5,3,7,49,5,44,64,20,3.537,0,0,14.77,1.199,0,0
2026-05-07 02:11:00,1138,567,248,82.93,,0,0,0,4.706,6.033,0,153,747,434,313,1261,,,27,36,27,33,23,31,30,36,31,33,57,0,.59,0,0,0,161,88.03,684,2.892,2.831,,0,8,5,4,6,6,7,58,6,51,77,17.14,4.325,,0,18.18,1.9,,0
2026-05-07 02:12:00,1118,574,244,82.23,,0,0,0,4.811,6.143,0,155,723,422,301,1281,,,29,37,26,32,24,32,34,34,29,31,56,0,0,0,0,0,161,82.59,645,2.892,2.863,,0,8,5,8,6,9,7,53,11,41,76,11.43,4.485,,0,40.91,2.471,,0
2026-05-07 02:13:00,1116,576,244,83.28,,0,0,0,4.772,7.044,0,160,732,423,309,1266,,,24,40,24,33,27,32,30,33,29,30,56,0,0,0,0,0,161,83.67,665,2.846,2.699,,0,6,8,10,6,8,10,53,9,43,75,14.29,4.356,,0,41.48,1.791,,0
2026-05-07 02:14:00,1118,581,243,81.18,,0,0,0,4.819,5.122,0,176,750,432,318,1304,,,29,38,27,32,26,32,31,34,29,32,57,0,.59,0,0,0,161,82.86,651,2.814,2.813,,0,4,9,5,9,5,8,54,10,42,73,17.14,4.264,,0,30.68,1.698,,0
2026-05-07 02:15:00,1100,599,243,81.18,,0,0,0,4.653,5.635,0,164,736,419,317,1290,,,29,36,24,31,26,32,32,30,31,31,60,0,0,0,0,0,161,80.82,637,2.812,2.883,0,0,5,7,4,9,6,9,56,8,47,72,14.29,4.099,0,0,25.57,1.254,0,0
2026-05-07 02:16:00,1089,595,239,82.23,,0,0,0,4.738,5.084,0,161,720,407,313,1272,,,26,37,22,29,25,32,30,30,35,33,61,0,0,0,0,0,161,85.44,673,2.805,2.904,,0,7,4,7,4,11,9,60,7,51,74,11.43,4.091,,0,21.02,1.791,,0
2026-05-07 02:17:00,1099,593,239,80.49,,0,0,0,4.645,6.424,0,157,749,430,319,1301,,,23,36,23,28,26,34,29,31,35,31,64,0,.59,0,0,0,161,85.17,666,2.784,2.808,,0,11,7,7,4,9,9,55,7,48,72,31.43,4.163,,0,50,2.301,,0
2026-05-07 02:18:00,1096,591,235,79.79,,0,0,0,4.672,5.302,0,156,733,422,311,1316,,,26,37,25,30,27,33,29,33,33,30,61,0,0,0,0,0,161,83.95,653,2.785,2.754,,0,8,12,8,7,7,8,56,8,48,73,28.57,4.017,,0,45.45,2.139,,0
2026-05-07 02:19:00,1116,580,234,77,,0,0,0,4.564,6.525,0,146,750,429,321,1301,,,27,39,23,28,28,31,28,33,31,28,62,0,.59,0,0,0,161,84.22,663,2.807,3.001,,0,7,9,8,10,5,9,49,6,43,72,25.71,4.499,,0,33.52,1.635,,0
2026-05-07 02:20:00,1111,586,235,79.44,,0,0,0,4.641,5.35,0,146,736,422,314,1321,,,24,35,25,30,26,29,26,35,30,25,62,0,.59,0,0,0,161,80.82,644,2.793,2.795,0,0,7,9,7,12,6,11,42,5,37,67,25.71,5.059,0,0,19.32,1.576,0,0
2026-05-07 02:21:00,1139,586,243,79.79,,0,0,0,4.421,6.199,0,132,766,447,319,1305,,,24,40,23,30,23,29,26,37,34,29,62,0,.59,0,0,0,161,85.71,672,2.791,2.802,,0,8,6,5,9,11,10,54,7,47,76,40,4.165,,0,15.91,1.952,,0
2026-05-07 02:22:00,1123,581,236,79.79,,0,0,0,4.551,5.762,0,143,749,435,314,1303,,,23,38,22,29,19,33,31,34,31,28,61,0,.59,0,0,0,161,81.77,636,2.815,3.01,,0,9,3,4,7,9,12,56,7,49,80,48.57,5.309,,0,37.5,2.322,,0
2026-05-07 02:23:00,1146,573,250,84.32,,0,0,0,4.525,7.686,0,137,770,442,328,1326,,,24,39,23,27,19,30,27,36,27,26,61,0,2.37,0,0,0,161,80.41,621,2.836,2.817,,0,8,4,9,5,6,9,50,7,43,72,48.57,4.578,,0,36.93,1.997,,0
2026-05-07 02:24:00,1139,575,251,84.67,,0,0,0,4.679,6.101,0,126,757,436,321,1325,,,24,35,21,30,17,30,23,33,25,26,63,0,2.37,0,0,0,161,76.73,598,2.818,2.764,,0,7,5,8,4,6,5,49,6,43,66,20,4.14,,0,23.86,1.97,,0
2026-05-07 02:25:00,1134,574,251,83.97,,0,0,0,4.269,4.471,0,130,762,434,328,1300,,,24,36,21,31,21,31,24,34,26,24,61,0,2.96,0,0,0,161,78.78,608,2.815,2.742,0,0,5,7,6,6,10,7,55,9,46,74,22.86,4.54,0,0,15.91,1.453,0,0
2026-05-07 02:26:00,1119,572,240,79.44,,0,0,0,4.453,6.238,0,131,743,429,314,1310,,,27,34,20,32,22,31,25,36,23,25,59,0,3.55,0,0,0,161,77.41,609,2.836,3.08,,0,7,6,8,9,8,10,52,8,43,74,28.57,4.291,,0,17.61,1.784,,0
2026-05-07 02:27:00,1125,567,235,78.75,,0,0,0,4.558,7.892,0,145,776,453,323,1313,,,22,32,22,34,22,32,24,29,23,23,58,0,2.37,0,0,0,161,79.46,619,2.835,2.857,,0,8,7,8,10,6,10,51,6,44,75,25.71,3.878,,0,49.43,2.118,,0
2026-05-07 02:28:00,1115,580,235,78.75,,0,0,0,4.805,6.907,0,141,774,456,318,1301,,,21,36,28,31,16,30,22,26,24,25,58,0,1.78,0,0,0,161,78.1,617,2.81,2.57,,0,8,6,8,9,6,8,50,4,46,74,31.43,4.295,,0,44.89,1.4,,0
2026-05-07 02:29:00,1111,586,231,79.09,,0,0,0,4.487,6.277,0,147,761,450,311,1297,,,27,35,26,32,22,29,23,21,30,23,61,0,1.78,0,0,0,161,79.46,615,2.789,2.782,,0,9,7,6,7,5,5,49,4,44,72,31.43,3.748,,0,30.11,1.357,,0
2026-05-07 02:30:00,1104,576,236,78.4,,0,0,0,4.798,7.665,0,156,754,442,312,1290,,,29,35,23,31,19,29,23,19,28,24,61,0,1.78,0,0,0,161,76.6,608,2.772,2.799,0,0,9,5,5,7,6,7,44,5,38,68,20,3.507,0,0,23.86,1.517,0,0
2026-05-07 02:31:00,1113,576,233,80.14,,0,0,0,4.396,4.382,0,154,783,464,319,1310,,,27,32,21,32,16,28,24,19,28,23,60,0,0,0,0,0,161,76.73,591,2.778,2.901,,0,7,3,4,7,5,10,45,4,41,67,20,4.255,,0,19.89,1.898,,0
2026-05-07 02:32:00,1108,570,241,81.88,,0,0,0,4.674,7.519,0,155,771,456,315,1321,,,25,32,22,29,17,29,24,21,24,23,61,0,.59,0,0,0,161,76.6,613,2.791,2.995,,0,7,5,8,7,5,9,51,6,44,69,22.86,4.533,,0,44.89,2.251,,0
2026-05-07 02:33:00,1119,581,257,85.02,,0,0,0,4.646,7.282,0,151,801,479,322,1318,,,24,29,23,24,21,26,23,19,21,25,62,0,1.18,0,0,0,161,82.04,638,2.801,2.922,,0,7,7,11,6,9,8,48,7,40,71,20,3.695,,0,46.59,2.173,,0
2026-05-07 02:34:00,1113,572,257,84.67,,0,0,0,4.912,7.326,0,141,797,477,320,1302,,,27,27,23,26,23,27,16,19,23,25,61,0,1.18,0,0,0,161,78.91,620,2.803,2.783,,0,7,5,9,7,10,7,46,3,43,68,22.86,5.413,,0,30.68,1.569,,0
2026-05-07 02:35:00,1101,571,258,86.41,,0,0,0,4.526,5.786,0,138,785,468,317,1287,,,26,28,19,31,23,26,14,20,23,24,60,0,1.18,0,0,0,161,79.59,617,2.782,2.712,0,0,7,4,7,8,8,9,47,3,42,66,25.71,4.88,0,0,21.02,1.416,0,0
2026-05-07 02:36:00,1084,581,253,86.06,,0,0,0,4.798,6.99,0,133,760,455,305,1259,,,20,33,21,31,19,26,16,18,22,24,60,0,0,0,0,0,161,76.05,594,2.771,2.821,,0,6,6,8,9,6,10,41,2,39,63,25.71,5.076,,0,15.91,1.832,,0
2026-05-07 02:37:00,1076,582,246,82.93,,0,0,0,4.546,6.475,0,132,749,450,299,1252,,,22,37,21,29,22,25,16,21,19,22,60,0,0,0,0,0,161,76.6,603,2.769,2.797,,0,6,11,5,8,6,10,43,4,39,66,28.57,4.675,,0,38.64,2.27,,0
2026-05-07 02:38:00,1062,588,245,81.18,,0,0,0,4.819,7.114,0,131,726,435,291,1239,,,24,33,18,27,24,26,16,17,24,21,59,0,0,0,0,0,161,76.05,607,2.778,2.718,,0,6,12,8,8,6,9,41,4,37,66,17.14,3.715,,0,36.36,2.204,,0
2026-05-07 02:39:00,1046,588,232,77.35,,0,0,0,4.539,5.675,0,133,703,424,279,1219,,,27,32,19,25,21,29,20,19,24,22,58,0,0,0,0,0,161,77.69,617,2.806,2.89,,0,9,4,8,5,7,7,47,3,44,65,28.57,4.295,,0,26.7,1.31,,0
2026-05-07 02:40:00,1026,591,231,78.05,,0,0,0,4.806,7.56,0,164,684,407,277,1234,,,26,32,20,22,24,30,16,16,22,24,58,0,0,0,0,0,161,76.73,613,2.793,2.671,0,0,9,6,6,5,7,10,39,3,36,61,31.43,5.115,0,0,20.45,1.287,0,0
2026-05-07 02:41:00,1051,585,245,82.23,,0,0,0,4.494,5.175,0,165,720,429,291,1248,,,29,37,18,24,23,27,18,19,18,23,58,0,0,0,0,0,161,80.57,627,2.768,2.643,,0,8,8,4,6,6,11,52,5,46,81,34.29,4.356,,0,14.2,1.828,,0
2026-05-07 02:42:00,1036,595,251,84.32,,0,0,0,4.847,8.491,0,164,699,419,280,1265,,,24,29,20,22,19,26,19,17,19,21,57,0,0,0,0,0,161,79.08,615,2.749,2.868,,0,6,9,2,6,5,13,59,7,50,75,25.71,4.167,,0,34.66,2.288,,0
2026-05-07 02:43:00,1045,589,257,86.41,,0,0,0,4.665,6.912,0,161,721,432,289,1250,,,25,30,18,23,21,22,18,19,21,19,55,0,0,0,0,0,161,77.58,613,2.729,2.792,,0,5,7,4,7,7,14,54,8,44,77,20,4.579,,0,51.7,2.087,,0
2026-05-07 02:44:00,1032,594,247,82.23,,0,0,0,4.906,7.146,0,170,733,437,296,1286,,,25,30,17,24,19,23,22,15,24,16,55,0,.59,0,0,0,161,76.9,611,2.726,2.753,,0,5,9,6,9,5,11,56,8,47,75,14.29,5.36,,0,35.8,1.204,,0
2026-05-07 02:45:00,1023,596,233,77,,0,0,0,4.536,5.639,0,169,712,422,290,1242,,,26,28,20,20,23,26,19,17,22,19,54,0,.59,0,0,0,161,78.53,625,2.734,2.779,0,0,6,11,7,5,7,9,48,6,42,72,25.71,4.101,0,0,25,1.335,0,0
2026-05-07 02:46:00,1024,576,235,78.75,,0,0,0,4.758,7.043,0,182,700,415,285,1259,,,29,32,20,20,25,27,17,20,20,23,54,0,.59,0,0,0,161,81.79,675,2.744,2.933,,0,10,8,8,5,4,10,48,6,42,73,37.14,3.997,,0,19.89,1.808,,0
2026-05-07 02:47:00,1018,579,235,79.44,,0,0,0,4.594,7.906,0,177,707,430,277,1257,,,26,27,19,19,21,26,18,16,17,22,60,0,.59,0,0,0,161,83.83,670,2.756,2.861,,0,8,8,6,8,5,11,50,8,41,72,34.29,4.37,,0,43.75,2.379,,0
2026-05-07 02:48:00,1013,561,242,80.49,,0,0,0,4.893,7.829,0,178,696,427,269,1267,,,21,24,21,21,20,27,14,22,18,21,59,0,.59,0,0,0,161,87.09,692,2.771,2.869,,0,6,6,5,8,7,14,51,6,43,71,28.57,3.106,,0,37.5,2.12,,0
2026-05-07 02:49:00,1028,559,256,85.02,,0,0,0,4.683,8.612,0,172,702,424,278,1247,,,20,27,19,20,19,28,16,18,17,20,59,0,.59,0,0,0,161,87.36,691,2.787,2.82,,0,5,7,4,8,8,9,52,7,43,73,22.86,3.61,,0,30.11,1.549,,0
2026-05-07 02:50:00,1034,559,259,86.41,,0,0,0,4.989,7.57,0,158,699,421,278,1242,,,25,31,20,17,20,27,16,17,15,19,58,0,.59,0,0,0,161,87.09,692,2.805,2.847,0,0,4,7,8,5,4,6,51,9,42,70,20,3.788,0,0,14.2,1.342,0,0
2026-05-07 02:51:00,1045,563,275,92.68,,0,0,0,4.699,8.609,0,169,732,440,292,1244,,,27,28,17,18,23,29,15,16,14,18,61,0,0,0,0,0,161,87.36,698,2.826,2.848,,0,4,4,7,6,6,3,53,7,45,73,22.86,4.237,,0,11.93,1.767,,0
2026-05-07 02:52:00,1030,573,273,89.9,,0,0,0,4.815,5.974,0,152,703,426,277,1254,,,27,25,17,15,25,27,12,15,18,16,60,0,0,0,0,0,161,87.09,709,2.837,2.88,,0,5,7,6,9,7,6,55,6,49,70,34.29,3.506,,0,44.32,2.157,,0
2026-05-07 02:53:00,1040,577,270,89.55,,0,0,0,4.892,9.996,0,149,711,428,283,1247,,,25,29,20,17,22,28,16,15,16,19,60,0,1.78,0,0,0,161,85.46,669,2.856,3.005,,0,8,9,7,6,8,5,52,5,47,70,40,4.635,,0,46.02,1.474,,0
2026-05-07 02:54:00,1030,591,257,85.71,,0,0,0,4.907,5.307,0,142,714,422,292,1251,,,28,24,21,18,21,26,19,16,19,23,59,0,0,0,0,0,161,87.23,692,2.9,3.189,,0,8,5,6,6,9,9,52,9,43,71,37.14,3.988,,0,29.55,1.336,,0
2026-05-07 02:55:00,1048,576,254,86.06,,0,0,0,4.692,8.016,0,146,702,415,287,1240,,,30,30,22,21,18,25,17,20,18,27,58,0,0,0,0,0,161,89.4,711,2.916,2.944,0,0,6,7,7,6,8,12,53,9,43,76,40,4.262,0,0,14.2,1.402,0,0
2026-05-07 02:56:00,1044,574,258,86.76,,0,0,0,4.801,5.255,0,131,685,405,280,1229,,,27,33,21,18,21,28,19,20,15,23,58,0,0,0,0,0,161,88.86,694,2.926,3,,0,5,5,7,5,9,6,46,8,38,67,20,5.05,,0,15.34,1.814,,0
2026-05-07 02:57:00,1059,560,264,89.2,,0,0,0,4.914,9.958,0,148,717,430,287,1237,,,28,29,19,20,20,32,20,20,12,27,57,0,0,0,0,0,161,87.5,692,2.938,2.971,,0,8,7,6,9,7,4,55,6,47,77,11.43,4.019,,0,42.61,2.315,,0
2026-05-07 02:58:00,1055,566,267,88.15,,0,0,0,5.018,5.005,0,142,710,426,284,1219,,,30,29,21,22,22,32,20,21,13,23,55,0,.59,0,0,0,161,87.5,696,2.944,3.018,,0,9,6,4,4,6,3,54,7,47,71,11.43,4.113,,0,43.75,1.912,,0
2026-05-07 02:59:00,1054,576,257,86.76,,0,0,0,4.934,11.379,0,142,706,413,293,1210,,,31,29,21,23,19,30,16,23,19,21,58,0,.59,0,0,0,161,85.05,651,2.955,2.924,,0,8,6,3,6,7,4,56,7,47,75,8.57,4.784,,0,23.3,1.38,,0
2026-05-07 03:00:00,1040,580,255,86.06,,0,0,0,5.014,5.034,0,148,679,395,284,1190,,,29,29,25,21,16,29,17,23,19,17,55,0,1.18,0,0,0,161,80.84,639,2.974,3.037,0,0,4,7,5,6,6,5,54,6,47,75,31.43,4.944,0,0,14.77,1.43,0,0
2026-05-07 03:01:00,1061,580,264,87.11,,0,0,0,4.532,4.978,0,135,700,418,282,1187,,,28,31,23,21,16,28,19,22,20,15,61,0,0,0,0,0,161,80.71,626,2.991,3.033,,0,5,5,6,4,6,4,57,7,48,70,37.14,4.188,,0,11.36,1.872,,0
2026-05-07 03:02:00,1027,582,247,83.28,,0,0,0,4.631,5.073,0,128,675,402,273,1173,,,30,30,24,20,20,27,18,28,19,16,59,0,0,0,0,0,161,83.29,648,2.997,2.955,,0,6,5,7,4,6,7,50,4,46,68,37.14,4.578,,0,46.02,2.327,,0
2026-05-07 03:03:00,1021,585,242,80.84,,0,0,0,4.894,10.611,0,133,667,388,279,1176,,,28,30,20,18,21,28,21,25,20,20,60,0,0,0,0,0,161,86.14,693,2.98,2.912,,0,8,5,6,6,3,8,49,5,43,65,20,3.79,,0,55.11,2.036,,0
2026-05-07 03:04:00,1016,570,240,80.49,,0,0,0,4.965,5.33,0,139,663,385,278,1187,,,28,29,22,19,17,27,19,25,22,19,60,0,0,0,0,0,161,86.68,682,2.936,2.706,,0,7,4,5,7,7,9,48,3,44,72,28.57,3.994,,0,32.95,1.785,,0
2026-05-07 03:05:00,1013,589,242,81.18,,0,0,0,4.475,4.348,0,132,660,372,288,1171,,,29,30,19,19,15,27,21,25,21,22,59,0,0,0,0,0,161,86.55,673,2.914,2.71,0,0,6,7,6,7,7,6,50,2,46,69,42.86,3.548,0,0,18.18,1.495,0,0
2026-05-07 03:06:00,1002,595,245,82.23,,0,0,0,4.458,4.325,0,130,640,358,282,1142,,,27,30,21,21,11,27,17,23,21,22,59,0,0,0,0,0,161,84.1,689,2.905,2.887,,0,5,8,6,7,7,4,49,5,43,70,42.86,3.442,,0,14.77,1.859,,0
2026-05-07 03:07:00,998,608,242,81.18,,0,0,0,4.742,9.009,0,148,666,372,294,1185,,,27,26,19,20,12,31,19,21,18,21,60,0,0,0,0,0,161,84.1,675,2.921,3.06,,0,5,8,5,7,9,6,54,10,44,73,54.29,4.475,,0,40.91,2.408,,0
2026-05-07 03:08:00,991,610,238,79.44,,0,0,0,4.802,4.4,0,136,654,372,282,1190,,,27,30,21,19,13,31,19,22,20,23,60,0,0,0,0,0,161,86.41,687,2.893,2.878,,0,5,5,7,6,7,9,53,8,45,68,45.71,4.428,,0,30.68,2.057,,0
2026-05-07 03:09:00,980,610,241,80.49,,0,0,0,4.679,7.521,0,143,663,374,289,1186,,,25,33,23,15,13,31,22,18,17,23,58,0,0,0,0,0,161,89.13,708,2.909,3.072,,0,5,5,6,7,7,7,59,8,49,73,48.57,3.844,,0,18.18,1.794,,0
2026-05-07 03:10:00,984,600,245,82.93,,0,0,0,4.348,4.558,0,158,647,367,280,1178,,,27,30,22,20,16,33,23,22,16,20,60,0,0,0,0,0,161,86.96,686,2.909,3.085,0,0,7,5,4,7,4,10,58,8,50,72,42.86,4.345,0,0,12.5,1.408,0,0
2026-05-07 03:11:00,996,601,241,80.49,,0,0,0,4.537,7.591,0,150,679,391,288,1183,,,26,28,18,20,12,34,23,21,16,19,61,0,0,0,0,0,161,89.13,712,2.899,2.91,,0,7,5,4,9,5,7,54,8,45,74,54.29,4.628,,0,10.23,1.888,,0
2026-05-07 03:12:00,996,589,236,77.43,,0,0,0,4.275,4.247,0,148,661,383,278,1166,,,27,28,18,20,14,31,23,21,13,23,62,0,0,0,0,0,161,87.5,724,2.908,2.999,,0,10,8,8,8,6,6,48,9,38,70,48.57,3.871,,0,47.16,2.231,,0
2026-05-07 03:13:00,999,591,239,79.51,,0,0,0,4.545,7.828,0,147,680,399,281,1185,,,31,28,18,20,16,29,21,20,16,24,63,0,.59,0,0,0,161,90.22,730,2.902,2.887,,0,8,8,9,7,9,7,46,2,43,70,42.86,3.644,,0,47.73,2.357,,0
2026-05-07 03:14:00,1001,587,242,80.56,,0,0,0,4.191,3.978,0,135,665,393,272,1167,,,28,29,22,19,17,28,19,21,13,23,67,0,0,0,0,0,161,90.49,736,2.916,2.86,,0,9,7,5,5,10,6,42,0,42,58,28.57,5.051,,0,34.09,1.41,,0
2026-05-07 03:15:00,1038,575,250,83.33,,0,0,0,4.225,4.453,0,123,713,426,287,1209,,,23,30,25,22,13,29,20,24,14,23,67,0,0,0,0,0,161,88.32,697,2.956,3.12,0,0,9,7,4,4,8,6,39,0,39,56,31.43,4.16,0,0,19.32,1.496,0,0
2026-05-07 03:16:00,1024,582,253,84.03,,0,0,0,4.267,4.553,0,119,701,419,282,1209,,,21,31,21,22,14,29,20,25,12,23,64,0,0,0,0,0,161,88.72,714,2.993,3.287,,0,6,6,6,8,3,5,37,0,37,52,37.14,4.728,,0,19.32,1.869,,0
2026-05-07 03:17:00,1035,580,250,83.33,,0,0,0,4.263,4.37,0,138,725,435,290,1229,,,29,28,19,18,12,31,21,23,13,26,62,0,0,0,0,0,161,89.81,728,3.015,3.113,,0,8,4,8,9,6,9,48,5,43,67,25.71,4.167,,0,38.64,2.395,,0
2026-05-07 03:18:00,1029,575,243,81.6,,0,0,0,4.281,4.307,0,136,705,424,281,1211,,,27,26,18,18,13,33,20,23,16,25,59,0,0,0,0,0,161,91.71,748,3.038,3.117,,0,10,6,8,7,9,9,50,3,46,67,28.57,4.184,,0,35.8,2.196,,0
2026-05-07 03:19:00,1024,579,244,81.25,,0,0,0,4.258,4.168,0,141,718,433,285,1217,,,26,29,21,20,13,31,23,25,17,26,58,0,0,0,0,0,161,87.09,712,3.034,3.033,,0,11,6,7,7,8,9,50,4,46,70,45.71,4.464,,0,22.16,1.235,,0
2026-05-07 03:20:00,1015,589,235,78.47,,0,0,0,4.222,3.978,0,141,696,420,276,1205,,,30,27,22,29,12,35,21,33,19,26,58,0,0,0,0,0,161,87.23,699,3.036,3.105,0,0,10,10,7,6,6,7,52,4,48,70,34.29,3.75,0,0,18.18,1.568,0,0
2026-05-07 03:21:00,1041,586,238,79.51,,0,0,0,4.179,3.981,0,138,735,440,295,1222,,,24,32,24,25,14,36,22,32,20,29,62,0,0,0,0,0,161,84.38,676,3.027,2.825,,0,7,7,9,6,6,9,54,4,50,71,22.86,3.592,,0,22.73,1.863,,0
2026-05-07 03:22:00,1026,589,231,78.13,,0,0,0,4.141,3.811,0,139,730,436,294,1232,,,27,32,22,24,17,32,25,33,25,26,62,0,0,0,0,0,161,84.65,688,3.047,3.145,,0,11,5,9,8,7,11,49,5,44,70,22.86,4.449,,0,43.75,1.999,,0
2026-05-07 03:23:00,1048,577,241,80.21,,0,0,0,4.132,4.288,0,140,722,429,293,1233,,,25,31,22,25,14,33,24,30,23,28,60,0,0,0,0,0,161,86.96,692,3.05,3.046,,0,9,7,7,10,5,10,48,3,44,69,25.71,4.069,,0,40.91,1.552,,0
2026-05-07 03:24:00,1056,579,236,79.51,,0,0,0,4.153,4.012,0,133,712,425,287,1229,,,30,30,22,27,16,32,24,28,26,25,60,0,0,0,0,0,161,86.68,706,3.074,3.098,,0,8,7,8,6,8,7,49,2,46,66,34.29,4.059,,0,29.55,1.576,,0
2026-05-07 03:25:00,1056,573,235,79.51,,0,0,0,4.143,4.063,0,128,705,407,298,1202,,,27,30,21,28,16,30,27,26,27,28,62,0,0,0,0,0,161,83.56,683,3.077,3.163,0,0,11,4,7,7,5,9,39,2,37,61,37.14,5.764,0,0,18.18,1.451,0,0
2026-05-07 03:26:00,1048,565,240,81.6,,0,0,0,4.117,4.153,0,131,687,401,286,1200,,,26,30,19,27,19,30,29,28,24,28,58,0,0,0,0,0,161,84.92,686,3.047,2.946,,0,10,4,8,8,8,7,33,0,33,56,34.29,4.795,,0,17.61,1.963,,0
2026-05-07 03:27:00,1049,567,237,78.82,,0,0,0,4.115,4.13,0,134,687,410,277,1210,,,28,24,23,28,17,29,31,30,23,27,65,0,0,0,0,0,161,82.47,658,3.034,2.986,,0,8,8,7,7,10,7,46,1,45,64,40,3.964,,0,42.61,2.341,,0
2026-05-07 03:28:00,1037,571,234,77.78,,0,0,0,4.127,4.357,0,124,691,400,291,1207,,,28,28,26,29,15,30,28,33,24,27,67,0,0,0,0,0,161,82.34,661,3.019,3.024,,0,7,8,5,8,7,5,39,0,39,56,37.14,4.466,,0,36.36,2.069,,0
2026-05-07 03:29:00,1035,561,228,75.35,,0,0,0,4.133,4.068,0,123,697,414,283,1218,,,31,33,26,27,15,27,30,32,25,30,68,0,0,0,0,0,161,86.14,683,3.025,3.094,,0,8,6,3,8,6,7,40,2,38,59,37.14,5.121,,0,24.43,1.558,,0
2026-05-07 03:30:00,1012,567,220,75.35,,0,0,0,4.159,4.574,0,147,684,410,274,1260,,,33,29,20,27,15,25,34,35,25,30,72,0,0,0,0,0,161,86.82,671,3.014,2.989,0,0,12,5,8,7,7,8,36,1,35,58,31.43,5.471,0,0,21.02,1.369,0,0
2026-05-07 03:31:00,1031,570,222,72.57,,0,0,0,4.098,4.307,0,142,720,429,291,1253,,,27,28,19,28,17,24,34,35,29,32,74,0,0,0,0,0,161,85.46,680,3.034,3.025,,0,10,6,6,5,5,6,46,1,44,62,37.14,4.064,,0,26.7,1.904,,0
2026-05-07 03:32:00,1034,559,215,72.92,,0,0,0,4.166,4.853,0,151,713,420,293,1263,,,26,30,16,28,15,28,34,39,32,29,77,0,0,0,0,0,161,85.05,669,3.028,2.979,,0,9,6,3,5,4,7,53,3,42,67,34.29,3.969,,0,48.3,2.263,,0
2026-05-07 03:33:00,1052,559,216,72.92,,0,0,0,4.055,4.22,0,152,746,439,307,1287,,,30,28,21,28,14,27,31,34,31,33,77,0,0,0,0,0,161,85.33,685,3.03,3.069,,0,10,3,4,6,3,3,54,4,47,68,20,4.785,,0,40.34,1.793,,0
2026-05-07 03:34:00,1045,552,223,76.04,,0,0,0,4.15,5.198,0,161,735,434,301,1306,,,29,27,19,29,15,29,28,32,34,34,77,0,0,0,0,0,161,87.23,689,3.02,2.998,,0,9,2,7,5,5,5,57,4,51,74,31.43,4.001,,0,26.14,1.624,,0
2026-05-07 03:35:00,1049,563,230,76.74,,0,0,0,4.023,4.07,0,156,757,446,311,1287,,,31,29,15,29,17,30,26,32,35,28,76,0,0,0,0,0,161,85.33,666,2.999,2.975,0,0,7,3,7,6,2,8,58,8,48,75,25.71,3.986,0,0,21.59,1.518,0,0
2026-05-07 03:36:00,1055,556,226,75.69,,0,0,0,4.139,5.302,0,156,745,435,310,1280,,,26,30,17,31,19,32,27,27,35,29,76,0,0,0,0,0,161,80.98,648,3.028,3.216,,0,4,4,6,3,4,6,58,8,50,76,20,4.22,,0,24.43,1.829,,0
2026-05-07 03:37:00,1085,536,232,76.74,,0,0,0,4.079,4.077,0,154,772,453,319,1291,,,27,27,20,31,19,26,29,26,32,28,75,0,0,0,0,0,161,83.56,665,2.991,2.934,,0,8,4,5,5,8,7,51,8,43,76,14.29,4.903,,0,49.43,2.312,,0
2026-05-07 03:38:00,1081,535,228,75.35,,0,0,0,4.238,6.231,0,154,755,444,311,1297,,,24,27,20,30,16,30,27,27,33,25,74,0,0,0,0,0,161,86.14,690,2.961,2.839,,0,7,3,6,9,8,6,50,4,45,73,25.71,4.734,,0,42.05,1.663,,0
2026-05-07 03:39:00,1105,525,223,74.65,,0,0,0,4.115,4.261,0,150,764,442,322,1291,,,24,27,18,30,16,32,26,26,37,27,71,0,0,0,0,0,161,86.14,696,2.94,2.898,,0,11,7,5,9,6,6,46,4,42,74,25.71,3.941,,0,25,1.62,,0
2026-05-07 03:40:00,1115,511,229,77.43,,0,0,0,4.315,5.931,0,147,761,437,324,1284,,,28,30,21,31,16,29,28,29,33,26,69,0,0,0,0,0,161,84.78,689,2.923,2.819,0,0,8,7,8,6,1,8,44,4,40,71,31.43,3.678,0,0,20.45,1.439,0,0
2026-05-07 03:41:00,1129,512,239,77.43,,0,0,0,4.144,4.501,0,139,799,461,338,1288,,,33,30,20,32,17,31,26,32,33,29,67,0,0,0,0,0,161,90.08,724,2.908,2.853,,0,7,7,7,7,2,9,45,3,42,74,28.57,4.424,,0,20.45,2.053,,0
2026-05-07 03:42:00,1112,522,244,81.6,,0,0,0,4.377,6.708,0,135,777,449,328,1284,,,30,32,18,29,16,30,26,31,29,29,69,0,0,0,0,0,161,86.96,686,2.902,2.912,,0,9,6,7,6,6,10,46,3,42,74,22.86,4.912,,0,50.57,2.396,,0
2026-05-07 03:43:00,1112,526,244,81.94,,0,0,0,4.224,4.555,0,138,780,446,334,1296,,,27,35,18,27,15,30,26,30,28,24,67,0,0,0,0,0,161,88.59,688,2.874,2.835,,0,10,3,9,8,6,10,46,5,40,71,31.43,4.035,,0,42.61,1.238,,0
2026-05-07 03:44:00,1130,527,250,82.99,,0,0,0,4.532,6.882,0,129,764,441,323,1287,,,28,34,17,27,16,29,26,31,29,28,72,0,0,0,0,0,161,89.54,728,2.86,2.87,,0,10,3,3,12,8,7,48,6,41,67,34.29,5.218,,0,26.14,1.382,,0
2026-05-07 03:45:00,1105,535,246,83.68,,0,0,0,4.352,4.494,0,125,751,434,317,1274,,,24,34,18,27,13,30,27,26,26,30,71,0,0,0,0,0,161,88.59,691,2.852,2.891,0,0,8,7,5,12,8,6,47,4,41,66,25.71,4.467,0,0,15.91,1.374,0,0
2026-05-07 03:46:00,1101,547,245,83.68,,0,0,0,4.703,7.57,0,129,728,422,306,1263,,,25,36,14,27,19,31,23,31,24,28,71,0,0,0,0,0,161,87.77,690,2.854,2.831,,0,7,6,6,9,8,10,50,5,44,70,28.57,4.451,,0,17.05,1.802,,0
2026-05-07 03:47:00,1104,562,239,81.25,,0,0,0,4.464,4.513,0,139,745,425,320,1278,,,28,35,13,23,20,30,23,28,24,25,71,0,0,0,0,0,161,87.36,684,2.889,3.155,,0,6,7,7,8,7,9,48,3,44,72,25.71,4.781,,0,37.5,2.285,,0
2026-05-07 03:48:00,1094,555,242,80.21,,0,0,0,4.774,7.157,0,141,732,416,316,1270,,,28,31,15,29,18,30,19,30,21,27,72,0,0,0,0,0,161,83.7,663,2.887,2.91,,0,7,5,6,6,4,6,51,5,46,69,17.14,4.153,,0,38.64,1.364,,0
2026-05-07 03:49:00,1092,565,236,79.17,,0,0,0,4.434,4.203,0,142,735,411,324,1257,,,30,31,22,29,18,27,22,27,20,28,73,0,1.18,0,0,0,161,83.15,647,2.889,2.926,,0,7,3,4,8,4,4,58,7,51,74,8.57,4.782,,0,26.7,1.495,,0
2026-05-07 03:50:00,1080,565,229,75.69,,0,0,0,4.779,7.98,0,134,718,402,316,1247,,,26,31,19,27,18,32,26,30,21,25,74,0,0,0,0,0,161,85.05,660,2.908,3.008,0,0,4,5,7,7,5,5,56,8,48,74,28.57,4.346,0,0,14.77,1.371,0,0
2026-05-07 03:51:00,1083,568,224,75.35,,0,0,0,4.386,4.622,0,138,768,439,329,1263,,,27,31,15,30,19,33,24,30,20,25,68,0,0,0,0,0,161,88.72,692,2.913,2.908,,0,6,7,9,7,4,8,46,8,38,71,25.71,5.483,,0,16.48,1.756,,0
2026-05-07 03:52:00,1080,554,220,73.61,,0,0,0,4.819,8.972,0,138,756,431,325,1252,,,26,29,18,30,19,33,23,28,22,25,67,0,0,0,0,0,161,87.09,696,2.917,2.899,,0,5,3,6,7,4,8,50,7,42,72,28.57,4.831,,0,48.86,2.213,,0
2026-05-07 03:53:00,1083,556,216,73.61,,0,0,0,4.398,4.507,0,133,764,425,339,1260,,,25,28,19,29,20,33,22,25,23,22,66,0,0,0,0,0,161,84.65,670,2.923,2.913,,0,6,3,4,6,3,8,49,5,42,68,22.86,5.286,,0,47.73,1.998,,0
2026-05-07 03:54:00,1074,564,217,73.61,,0,0,0,4.822,9.695,0,134,765,412,353,1265,,,23,30,19,27,18,30,20,25,24,22,67,0,0,0,0,0,161,84.24,683,2.932,2.968,,0,8,5,4,6,4,6,47,5,42,69,17.14,4.315,,0,30.68,1.426,,0
2026-05-07 03:55:00,1058,567,214,72.57,,0,0,0,4.394,4.693,0,135,739,399,340,1236,,,24,27,20,29,15,29,20,23,25,18,65,0,0,0,0,0,161,82.74,642,2.929,2.864,0,0,6,8,7,7,4,5,55,7,47,74,20,4.336,0,0,23.3,1.381,0,0
2026-05-07 03:56:00,1055,559,217,72.92,,0,0,0,4.56,6.696,0,147,717,384,333,1223,,,24,28,16,26,19,32,17,22,22,20,65,0,0,0,0,0,161,78.67,612,2.942,2.965,,0,7,4,8,8,5,4,58,8,47,75,20,5.043,,0,23.86,1.953,,0
2026-05-07 03:57:00,1049,553,224,75.69,,0,0,0,4.649,7.787,0,146,738,394,344,1230,,,24,26,15,28,16,27,15,18,20,22,66,0,0,0,0,0,161,83.7,661,2.938,3.016,,0,7,4,9,10,9,3,58,8,48,77,28.57,5.554,,0,46.59,2.523,,0
2026-05-07 03:58:00,1058,557,229,76.74,,0,0,0,4.689,4.407,0,136,719,387,332,1209,,,22,27,17,31,15,25,18,18,19,19,71,0,0,0,0,0,161,83.83,673,2.936,3.006,,0,7,3,8,7,8,6,53,7,45,72,31.43,6.379,,0,48.86,1.856,,0
2026-05-07 03:59:00,1075,545,242,82.99,,0,0,0,4.618,7.495,0,133,741,398,343,1223,,,22,27,22,28,14,25,18,18,21,19,70,0,0,0,0,0,161,82.47,655,2.921,2.778,,0,7,6,6,5,8,9,45,3,41,69,45.71,4.287,,0,33.52,1.54,,0
2026-05-07 04:00:00,1052,559,242,81.94,,0,0,0,4.999,8.505,0,129,720,389,331,1220,,,22,26,20,25,13,20,17,17,15,20,69,0,0,0,0,0,161,83.15,645,2.903,2.845,0,0,4,4,6,9,5,9,50,7,43,72,28.57,4.329,0,0,15.91,1.336,0,0
2026-05-07 04:01:00,1062,556,245,81.94,,0,0,0,4.334,4.651,0,141,766,426,340,1253,,,23,30,17,26,15,23,15,19,17,23,69,0,0,0,0,0,161,82.34,645,2.909,2.962,,0,6,5,5,10,6,10,50,8,42,72,17.14,5.958,,0,18.75,2.03,,0
2026-05-07 04:02:00,1032,564,239,80.9,,0,0,0,4.591,7.127,0,148,746,412,334,1262,,,23,27,17,26,16,24,16,21,20,21,68,0,0,0,0,0,161,82.61,649,2.892,2.899,,0,11,7,4,5,5,8,58,7,50,77,14.29,5.752,,0,37.5,2.3,,0
2026-05-07 04:03:00,1031,567,242,79.51,,0,0,0,4.285,4.724,0,149,764,415,349,1237,,,24,26,19,26,18,22,18,27,20,18,69,0,0,0,0,0,161,80.71,635,2.902,3.01,,0,10,6,7,7,7,4,50,5,44,74,20,4.581,,0,33.52,1.948,,0
2026-05-07 04:04:00,1026,562,233,77.43,,0,0,0,4.598,8.614,0,154,754,410,344,1214,,,26,29,18,28,22,19,18,28,25,20,70,0,0,0,0,0,161,79.76,631,2.869,2.637,,0,8,6,7,9,9,8,46,4,41,77,20,5.824,,0,22.16,1.136,,0
2026-05-07 04:05:00,1031,550,235,78.47,,0,0,0,4.306,4.617,0,141,730,394,336,1197,,,26,30,15,29,20,22,17,30,27,18,72,0,.59,0,0,0,161,78.67,611,2.865,2.828,0,0,8,8,7,9,9,12,42,1,40,69,25.71,5.013,0,0,20.45,1.69,0,0
2026-05-07 04:06:00,1032,551,247,82.99,,0,0,0,4.7,9.37,0,136,712,386,326,1205,,,24,31,16,25,16,22,18,24,23,19,71,0,.59,0,0,0,161,82.07,641,2.855,2.866,,0,8,9,8,10,7,11,44,4,40,67,31.43,4.837,,0,18.75,1.814,,0
2026-05-07 04:07:00,1050,544,256,86.46,,0,0,0,4.351,4.881,0,153,750,416,334,1232,,,23,28,21,24,13,22,17,24,23,18,70,0,0,0,0,0,161,83.15,655,2.855,2.925,,0,11,6,8,9,6,6,49,6,42,70,37.14,4.257,,0,48.86,2.29,,0
2026-05-07 04:08:00,1044,547,255,85.42,,0,0,0,4.809,9.513,0,151,732,404,328,1235,,,21,28,21,23,15,20,17,25,24,19,69,0,.59,0,0,0,161,83.7,676,2.837,2.849,,0,8,6,5,9,6,4,52,5,47,68,34.29,5.044,,0,47.16,1.689,,0
2026-05-07 04:09:00,1055,554,267,89.58,,0,0,0,4.424,4.76,0,151,733,400,333,1227,,,23,28,17,22,18,24,23,23,20,20,74,0,0,0,0,0,161,82.47,651,2.839,2.805,,0,5,6,5,8,4,9,54,6,48,68,37.14,4.822,,0,31.25,1.242,,0
2026-05-07 04:10:00,1040,555,260,87.5,,0,0,0,5.006,11.021,0,162,708,383,325,1235,,,24,27,17,29,19,19,18,23,22,22,72,0,0,0,0,0,161,84.51,672,2.836,2.84,0,0,7,6,9,9,4,10,52,6,44,68,34.29,4.573,0,0,19.32,1.47,0,0
2026-05-07 04:11:00,1058,548,264,87.85,,0,0,0,4.701,7.594,0,163,733,392,341,1247,,,24,31,20,24,18,17,23,22,16,22,73,0,1.78,0,0,0,161,84.24,690,2.849,2.922,,0,8,7,7,7,6,10,52,6,46,74,28.57,4.363,,0,19.89,2.01,,0
2026-05-07 04:12:00,1059,546,261,86.81,,0,0,0,4.828,5.661,0,157,728,392,336,1237,,,23,32,19,24,19,23,20,23,14,23,70,0,1.18,0,0,0,161,82.2,684,2.841,2.784,,0,8,7,6,4,3,7,57,7,50,75,22.86,5.124,,0,45.45,2.266,,0
2026-05-07 04:13:00,1076,549,258,85.07,,0,0,0,4.967,10.463,0,151,754,406,348,1264,,,26,35,18,23,15,25,23,18,16,25,68,0,0,0,0,0,161,84.1,665,2.822,2.955,,0,7,5,6,8,6,8,52,7,44,70,34.29,4.891,,0,44.32,1.427,,0
2026-05-07 04:14:00,1076,542,258,84.72,,0,0,0,5.176,7.057,0,145,755,397,358,1272,,,25,36,18,25,18,24,25,17,17,24,69,0,.59,0,0,0,161,84.65,682,2.852,2.963,,0,5,4,5,7,7,10,52,5,46,72,45.71,4.339,,0,32.95,1.459,,0
2026-05-07 04:15:00,1076,548,263,84.03,,0,0,0,4.816,8.776,0,143,737,390,347,1249,,,27,34,20,26,19,22,24,21,14,28,68,0,1.18,0,0,0,161,85.73,683,2.871,2.992,0,0,6,2,6,6,10,9,54,4,50,71,54.29,3.757,0,0,18.75,1.522,0,0
2026-05-07 04:16:00,1068,544,260,87.85,,0,0,0,4.98,6.467,0,144,716,380,336,1243,,,27,32,22,30,21,23,24,19,13,23,70,0,1.78,0,0,0,161,84.65,660,2.865,2.869,,0,8,7,8,9,7,11,47,7,40,70,37.14,3.742,,0,14.77,2.049,,0
2026-05-07 04:17:00,1090,551,260,87.5,,0,0,0,5.293,14.667,0,141,742,399,343,1257,,,27,32,22,29,22,23,27,17,18,23,70,0,.59,0,0,0,161,86.68,680,2.885,3.085,,0,10,12,7,11,2,9,51,8,43,74,17.14,4.629,,0,43.75,2.378,,0
2026-05-07 04:18:00,1076,551,261,87.85,,0,0,0,5.62,8.371,0,142,729,390,339,1234,,,28,34,20,27,18,22,24,17,19,23,67,0,.59,0,0,0,161,86.14,685,2.891,2.984,,0,10,7,10,10,5,8,47,6,41,72,31.43,5.69,,0,44.32,2.048,,0
2026-05-07 04:19:00,1091,553,258,86.11,,0,0,0,5.376,13.443,0,137,729,386,343,1243,,,28,37,21,26,19,21,20,24,20,24,69,0,1.18,0,0,0,161,89.81,700,2.891,2.835,,0,7,6,7,8,8,9,49,4,45,71,28.57,4.811,,0,24.43,1.58,,0
2026-05-07 04:20:00,1071,560,255,84.38,,0,0,0,5.455,4.971,0,133,709,375,334,1236,,,26,36,22,27,19,20,18,22,21,25,69,0,0,0,0,0,161,88.59,706,2.897,2.875,0,0,9,6,9,7,9,10,52,5,45,75,34.29,4.878,0,0,16.48,1.368,0,0
2026-05-07 04:21:00,1085,570,248,84.72,,0,0,0,4.927,9.834,0,149,724,398,326,1246,,,29,34,21,24,19,20,17,24,20,23,72,0,1.18,0,0,0,161,86.96,684,2.925,3.183,,0,12,7,9,9,6,9,50,5,45,74,25.71,3.749,,0,19.32,1.912,,0
2026-05-07 04:22:00,1074,573,264,87.85,,0,0,0,5.068,5.713,0,147,737,415,322,1269,,,28,34,18,25,24,22,19,20,21,20,67,0,.59,0,0,0,161,88.72,697,2.965,3.178,,0,11,5,9,12,6,8,53,6,45,74,17.14,5.353,,0,53.98,1.971,,0
2026-05-07 04:23:00,1073,566,268,89.58,,0,0,0,5.001,10.101,0,149,740,406,334,1259,,,26,32,21,26,16,24,19,15,20,23,70,0,2.37,0,0,0,161,87.91,699,2.939,3.108,,0,8,6,9,11,7,9,47,2,44,72,14.29,4.003,,0,44.89,1.658,,0
2026-05-07 04:24:00,1074,576,266,89.93,,0,0,0,5.15,5.802,0,144,722,400,322,1253,,,27,31,22,26,19,22,22,19,21,22,72,0,2.96,0,0,0,161,84.1,668,2.926,2.931,,0,7,7,6,9,7,11,51,3,47,72,17.14,5.28,,0,28.98,1.648,,0
2026-05-07 04:25:00,1072,575,262,87.15,,0,0,0,4.709,7.205,0,141,720,390,330,1238,,,27,35,21,25,19,23,23,18,23,23,75,0,1.78,0,0,0,161,86.01,670,2.919,2.89,0,0,7,7,3,7,6,9,53,3,50,70,20,5.147,0,0,17.05,1.423,0,0
2026-05-07 04:26:00,1045,593,253,84.03,,0,0,0,4.838,5.859,0,139,698,378,320,1222,,,26,37,24,25,21,22,26,24,26,20,72,0,1.78,0,0,0,161,83.7,652,2.941,3.083,,0,9,6,6,8,6,7,49,5,44,65,28.57,4.651,,0,15.91,1.995,,0
2026-05-07 04:27:00,1065,591,250,82.99,,0,0,0,4.946,10.15,0,158,733,399,334,1243,,,24,37,27,25,16,24,26,24,20,23,72,0,1.78,0,0,0,161,81.39,659,2.96,3.159,,0,11,6,9,9,3,10,56,7,49,78,22.86,4.008,,0,38.64,2.178,,0
2026-05-07 04:28:00,1050,596,260,85.76,,0,0,0,5.058,5.419,0,151,734,405,329,1225,,,24,37,25,27,14,22,27,27,19,22,71,0,.59,0,0,0,161,81.79,659,2.946,2.897,,0,10,11,10,10,6,10,43,7,35,76,31.43,3.799,,0,38.07,2.224,,0
2026-05-07 04:29:00,1042,613,259,85.42,,0,0,0,5.09,12.733,0,148,729,387,342,1220,,,29,34,21,28,14,24,22,29,25,23,71,0,.59,0,0,0,161,81.93,641,2.946,2.846,,0,10,9,9,11,10,8,42,3,38,77,25.71,3.801,,0,22.16,1.775,,0
2026-05-07 04:30:00,1040,596,257,84.03,,0,0,0,4.813,5.073,0,141,715,381,334,1223,,,26,37,27,28,12,26,26,27,23,28,70,0,1.18,0,0,0,161,82.07,645,2.945,2.881,0,0,7,10,10,9,6,12,41,3,37,72,28.57,4.088,0,0,7.39,1.277,0,0
2026-05-07 04:31:00,1065,587,264,87.5,,0,0,0,4.668,6.33,0,148,747,401,346,1232,,,26,35,26,25,16,27,21,26,22,28,73,0,.59,0,0,0,161,81.79,636,2.937,2.843,,0,7,7,9,12,5,10,39,2,37,66,42.86,3.928,,0,13.64,1.865,,0
2026-05-07 04:32:00,1055,587,266,88.89,,0,0,0,4.741,5.385,0,143,734,393,341,1250,,,27,34,25,26,20,25,25,22,23,28,70,0,0,0,0,0,161,79.76,634,2.934,2.851,,0,7,6,8,11,4,11,48,3,45,69,51.43,4.138,,0,39.2,2.343,,0
2026-05-07 04:33:00,1063,594,254,86.11,,0,0,0,4.616,5.06,0,146,747,397,350,1253,,,26,34,22,27,16,27,24,20,23,29,71,0,0,0,0,0,161,78.94,619,2.901,2.778,,0,6,8,7,13,6,10,43,1,41,70,34.29,4.119,,0,38.07,1.243,,0
2026-05-07 04:34:00,1057,601,250,82.99,,0,0,0,4.675,4.88,0,143,721,382,339,1259,,,26,34,21,24,19,29,27,23,26,26,70,0,.59,0,0,0,161,78.67,623,2.902,2.932,,0,5,11,3,11,7,11,50,4,45,71,51.43,4.949,,0,27.84,1.505,,0
2026-05-07 04:35:00,1069,589,255,86.11,,0,0,0,4.625,4.87,0,145,735,382,353,1251,,,27,31,20,27,19,31,26,23,24,24,70,0,0,0,0,0,161,79.62,612,2.9,2.875,0,0,7,8,3,10,6,12,50,4,45,74,51.43,3.815,0,0,23.86,1.294,0,0
2026-05-07 04:36:00,1065,576,237,80.21,,0,0,0,4.63,4.823,0,150,713,372,341,1248,,,26,34,26,26,19,33,27,26,23,26,71,0,.59,0,0,0,161,79.21,621,2.898,3.063,,0,8,8,9,9,3,10,48,2,45,74,40,3.487,,0,14.77,1.88,,0
2026-05-07 04:37:00,1063,584,230,76.74,,0,0,0,4.569,4.691,0,152,721,385,336,1247,,,30,34,26,29,18,33,28,22,23,28,72,0,.59,0,0,0,161,80.3,646,2.886,3.116,,0,11,4,12,7,5,11,52,3,49,77,28.57,4.425,,0,46.59,2.061,,0
2026-05-07 04:38:00,1061,583,225,75.35,,0,0,0,4.531,4.525,0,154,730,383,347,1260,,,31,35,22,28,20,29,26,23,24,28,72,0,.59,0,0,0,161,82.61,656,2.824,2.693,,0,11,5,11,6,5,13,49,4,44,76,34.29,4.488,,0,35.8,2.293,,0
2026-05-07 04:39:00,1057,569,226,75.69,,0,0,0,4.525,4.635,0,142,715,373,342,1239,,,31,33,21,30,22,28,29,25,24,29,70,0,.59,0,0,0,161,86.01,680,2.825,2.896,,0,12,4,7,8,7,13,41,3,37,73,34.29,4.546,,0,23.86,1.404,,0
2026-05-07 04:40:00,1046,572,237,80.21,,0,0,0,4.516,4.641,0,139,714,360,354,1237,,,27,33,25,30,19,26,25,27,24,31,73,0,.59,0,0,0,161,87.09,692,2.807,2.702,0,0,10,6,7,6,8,9,44,2,41,74,22.86,4.677,0,0,14.77,1.333,0,0
2026-05-07 04:41:00,1051,566,246,82.64,,0,0,0,4.473,4.258,0,137,699,351,348,1212,,,26,34,23,26,19,27,24,26,28,29,71,0,0,0,0,0,161,83.29,669,2.804,2.806,,0,8,8,8,8,5,5,46,2,43,76,28.57,6.253,,0,17.05,1.879,,0
2026-05-07 04:42:00,1039,575,256,87.15,,0,0,0,4.435,4.254,0,142,687,345,342,1202,,,27,35,20,26,20,27,25,26,27,26,71,0,0,0,0,0,161,83.83,660,2.804,2.766,,0,7,8,8,10,5,8,43,2,39,70,22.86,4.622,,0,39.77,2.267,,0
2026-05-07 04:43:00,1051,574,254,85.76,,0,0,0,4.36,4.417,0,135,709,356,353,1222,,,24,33,21,24,18,30,24,21,28,23,71,0,0,0,0,0,161,85.05,680,2.814,2.925,,0,9,7,7,10,8,9,50,3,47,75,14.29,3.867,,0,36.36,2.032,,0
2026-05-07 04:44:00,1036,568,253,85.07,,0,0,0,4.413,5.263,0,138,712,344,368,1220,,,22,32,19,27,17,29,23,23,25,19,71,0,.59,0,0,0,161,83.15,665,2.826,3.031,,0,12,5,8,10,6,8,48,1,46,75,28.57,3.709,,0,26.14,1.31,,0
2026-05-07 04:45:00,1038,574,248,84.38,,0,0,0,4.355,4.555,0,129,691,336,355,1182,,,27,31,18,27,18,29,21,23,24,23,72,0,.59,0,0,0,161,82.88,653,2.813,2.741,0,0,12,8,10,11,6,7,37,0,37,70,31.43,3.937,0,0,17.05,1.535,0,0
2026-05-07 04:46:00,1028,576,235,79.51,,0,0,0,4.381,4.887,0,117,675,333,342,1202,,,28,31,26,26,20,27,16,23,25,22,70,0,.59,0,0,0,161,83.42,658,2.816,2.846,,0,11,9,7,11,5,10,31,0,31,59,37.14,4.168,,0,14.2,1.907,,0
2026-05-07 04:47:00,1043,568,244,82.29,,0,0,0,4.334,4.779,0,145,699,348,351,1230,,,25,27,28,28,17,29,20,21,26,21,67,0,.59,0,0,0,161,84.51,666,2.826,2.987,,0,8,8,8,9,5,9,52,4,47,70,28.57,4.002,,0,41.48,2.23,,0
2026-05-07 04:48:00,1023,566,244,81.94,,0,0,0,4.409,5.088,0,165,685,338,347,1253,,,26,30,27,24,16,27,21,21,26,19,67,0,0,0,0,0,161,86.68,689,2.859,2.969,,0,10,9,7,7,4,7,51,3,47,67,34.29,4.406,,0,35.8,1.658,,0
2026-05-07 04:49:00,1026,575,241,81.25,,0,0,0,4.346,4.356,0,163,704,347,357,1237,,,25,34,22,25,17,27,21,23,25,20,66,0,0,0,0,0,161,88.45,712,2.865,2.946,,0,9,5,5,6,6,6,58,7,50,72,45.71,3.944,,0,32.39,1.573,,0
2026-05-07 04:50:00,1017,567,244,79.17,,0,0,0,4.386,4.549,0,161,694,338,356,1223,,,25,32,21,30,20,25,16,25,24,26,66,0,0,0,0,0,161,86.41,675,2.867,2.736,0,0,9,4,7,6,6,7,53,9,43,75,57.14,4.095,0,0,21.59,1.272,0,0
2026-05-07 04:51:00,1032,589,227,77.08,,0,0,0,4.346,4.358,0,167,715,361,354,1234,,,26,32,21,25,19,28,20,26,22,25,67,0,0,0,0,0,161,83.29,653,2.873,2.879,,0,6,6,10,13,4,9,46,4,41,71,57.14,4.8,,0,13.64,1.915,,0
2026-05-07 04:52:00,1034,573,231,77.78,,0,0,0,4.439,5.025,0,168,722,376,346,1238,,,23,28,21,28,16,29,17,26,25,24,70,0,1.18,0,0,0,161,84.1,663,2.885,2.842,,0,8,6,7,13,5,10,52,4,47,73,51.43,4.111,,0,40.34,2.113,,0
2026-05-07 04:53:00,1042,563,234,78.47,,0,0,0,4.408,4.557,0,173,721,381,340,1234,,,27,29,22,28,14,28,20,25,25,23,73,0,1.18,0,0,0,161,83.02,663,2.895,3.033,,0,9,9,4,8,6,11,53,7,46,74,42.86,4.598,,0,38.07,1.749,,0
2026-05-07 04:54:00,1036,560,232,78.82,,0,0,0,4.448,5.279,0,174,727,375,352,1239,,,23,28,21,29,15,30,22,21,21,26,78,0,1.78,0,0,0,161,83.7,659,2.875,2.854,,0,9,7,5,5,6,7,56,5,50,71,25.71,3.908,,0,27.84,1.488,,0
2026-05-07 04:55:00,1040,561,241,80.56,,0,0,0,4.387,4.678,0,166,714,367,347,1216,,,22,32,20,29,17,29,22,20,20,26,77,0,1.78,0,0,0,161,83.29,666,2.902,3.023,0,0,6,8,5,4,9,7,49,5,43,69,31.43,4.183,0,0,17.05,1.501,0,0
2026-05-07 04:56:00,1033,559,253,85.07,,0,0,0,4.425,4.884,0,168,698,364,334,1213,,,21,32,20,25,17,25,22,16,19,24,76,0,2.96,0,0,0,161,82.74,664,2.947,3.199,,0,8,10,6,4,7,10,48,2,43,68,37.14,3.479,,0,11.93,1.898,,0
2026-05-07 04:57:00,1061,549,274,91.67,,0,0,0,4.331,4.347,0,164,740,394,346,1238,,,21,27,20,26,15,28,21,20,13,21,75,0,4.14,0,0,0,161,85.73,674,2.932,3.053,,0,6,7,9,8,7,9,54,5,48,76,25.71,4.335,,0,46.59,1.978,,0
2026-05-07 04:58:00,1055,549,275,90.63,,0,0,0,4.398,5.51,0,168,723,387,336,1245,,,22,27,18,22,13,26,22,15,18,23,76,0,4.14,0,0,0,161,85.73,685,2.898,2.763,,0,8,7,7,11,4,7,47,5,41,73,17.14,4.542,,0,44.89,1.95,,0
2026-05-07 04:59:00,1054,552,274,89.58,,0,0,0,4.37,5.165,0,165,722,379,343,1235,,,22,30,22,26,16,26,24,19,16,22,72,0,2.96,0,0,0,161,86.55,693,2.9,2.985,,0,11,10,5,8,5,6,52,8,44,73,28.57,4.004,,0,30.11,1.823,,0
2026-05-07 05:00:00,1057,557,276,91.67,,0,0,0,4.48,5.253,0,168,709,373,336,1259,,,22,37,23,27,17,23,20,22,18,23,74,0,1.78,0,0,0,161,88.45,693,2.92,2.936,0,0,8,9,6,7,5,8,51,5,45,73,28.57,5.16,0,0,19.32,1.408,0,0
2026-05-07 05:01:00,1067,552,269,90.28,,0,0,0,4.477,5.52,0,156,732,387,345,1254,,,21,36,23,28,19,25,23,16,15,23,75,0,2.37,0,0,0,161,89.4,705,2.939,3.075,,0,9,6,9,7,7,9,51,3,48,70,20,4.278,,0,15.34,1.896,,0
2026-05-07 05:02:00,1065,568,274,91.32,,0,0,0,4.586,5.446,0,145,708,375,333,1261,,,24,34,18,30,17,27,19,17,16,23,72,0,1.18,0,0,0,161,88.04,693,2.945,3.004,,0,10,8,9,5,7,11,51,6,45,70,20,3.975,,0,45.45,2.341,,0
2026-05-07 05:03:00,1056,581,271,90.63,,0,0,0,4.541,4.82,0,143,712,369,343,1250,,,25,35,19,28,17,24,23,19,16,23,68,0,0,0,0,0,161,84.92,680,2.931,2.973,,0,11,11,9,5,6,11,55,9,46,77,20,5.35,,0,46.59,1.762,,0
2026-05-07 05:04:00,1049,584,261,86.46,,0,0,0,4.649,5.397,0,139,703,362,341,1246,,,27,35,23,26,17,23,21,23,18,26,63,0,0,0,0,0,161,89.67,705,2.936,2.938,,0,12,10,6,4,8,12,54,7,46,75,20,4.498,,0,35.8,1.331,,0
2026-05-07 05:05:00,1053,586,253,84.03,,0,0,0,4.653,4.827,0,132,686,351,335,1221,,,28,34,19,28,16,25,24,27,17,26,60,0,0,0,0,0,161,85.73,694,2.951,3.163,0,0,10,8,8,7,6,12,47,4,43,71,25.71,4.498,0,0,18.75,1.196,0,0
2026-05-07 05:06:00,1040,580,246,82.99,,0,0,0,4.737,4.502,0,130,676,346,330,1234,,,30,37,19,30,17,25,23,27,16,27,57,0,0,0,0,0,161,86.01,675,2.963,3.269,,0,8,9,6,7,6,8,47,4,43,72,28.57,4.132,,0,12.5,1.757,,0
2026-05-07 05:07:00,1048,596,248,82.64,,0,0,0,4.699,4.236,0,155,691,349,342,1236,,,27,38,22,23,18,28,23,28,21,27,62,0,0,0,0,0,161,86.01,677,2.941,3.113,,0,8,5,6,7,5,9,50,4,45,72,28.57,3.8,,0,36.93,2.328,,0
2026-05-07 05:08:00,1030,603,242,81.6,,0,0,0,4.687,4.824,0,191,680,347,333,1256,,,29,38,24,21,18,30,21,27,17,25,58,0,0,0,0,0,161,87.77,685,2.963,3.087,,0,6,6,6,9,6,8,49,7,41,70,37.14,4.202,,0,37.5,1.993,,0
2026-05-07 05:09:00,1047,589,240,79.17,,0,0,0,4.641,4.442,0,192,692,355,337,1277,,,24,34,23,25,18,29,21,29,17,25,58,0,0,0,0,0,161,84.65,657,2.968,3.083,,0,8,7,9,5,5,10,50,5,44,73,34.29,3.429,,0,32.39,1.405,,0
2026-05-07 05:10:00,1052,594,245,82.29,,0,0,0,4.658,4.967,0,194,676,352,324,1265,,,23,36,21,26,17,30,19,26,16,25,62,0,0,0,0,0,161,83.56,663,2.975,3.033,0,0,8,8,7,9,6,7,50,5,45,69,31.43,4.071,0,0,25.57,1.259,0,0
2026-05-07 05:11:00,1063,583,244,82.29,,0,0,0,4.49,4.377,0,189,694,372,322,1262,,,27,35,22,24,14,29,17,23,18,26,73,0,0,0,0,0,161,84.24,657,2.972,2.954,,0,7,6,5,10,7,5,52,3,48,71,17.14,3.082,,0,13.07,1.772,,0
2026-05-07 05:12:00,1041,580,241,82.99,,0,0,0,4.474,4.777,0,190,668,361,307,1266,,,26,40,21,25,16,26,18,20,17,25,71,0,0,0,0,0,161,82.07,635,2.989,3.01,,0,9,5,7,11,8,7,50,7,42,74,17.14,4.952,,0,50.57,2.163,,0
2026-05-07 05:13:00,1035,584,242,80.56,,0,0,0,4.375,4.409,0,185,683,362,321,1232,,,26,35,23,25,16,25,19,20,22,22,69,0,0,0,0,0,161,79.08,618,2.98,2.882,,0,6,6,8,7,7,10,46,6,39,71,20,4.114,,0,53.41,2.112,,0
2026-05-07 05:14:00,1041,584,242,80.9,,0,0,0,4.345,4.691,0,177,686,353,333,1239,,,27,34,20,26,18,28,20,22,20,26,70,0,0,0,0,0,161,83.02,637,2.965,2.758,,0,6,2,6,6,5,9,50,6,43,73,31.43,4.975,,0,31.82,1.359,,0
2026-05-07 05:15:00,1033,592,254,82.99,,0,0,0,4.258,4.2,0,175,674,345,329,1224,,,27,36,19,26,19,25,16,21,24,26,70,0,0,0,0,0,161,86.41,668,2.953,2.724,0,1,3,5,6,5,5,10,52,6,46,72,51.43,3.827,0,0,15.34,1.405,0,0
2026-05-07 05:16:00,1027,599,253,84.03,,0,0,0,4.259,4.403,0,169,658,342,316,1211,,,28,35,15,25,20,26,18,21,26,27,71,0,.59,0,0,0,161,84.65,657,2.937,2.811,,1,5,8,7,9,6,9,52,5,47,70,40,3.828,,0,13.64,1.999,,0
2026-05-07 05:17:00,1042,593,245,81.6,,0,0,0,4.228,4.036,0,166,680,359,321,1241,,,26,32,18,24,18,27,21,18,26,24,69,0,.59,0,0,0,161,82.88,649,2.915,2.817,,0,9,8,7,8,6,7,53,7,46,72,22.86,4.411,,0,38.07,2.319,,0
2026-05-07 05:18:00,1033,592,253,83.68,,0,0,0,4.26,4.725,0,163,697,366,331,1249,,,26,32,17,26,16,31,21,19,26,25,65,0,0,0,0,0,161,82.2,640,2.888,2.838,,0,9,7,8,7,10,6,51,4,46,72,28.57,4.528,,0,33.52,1.5,,0
2026-05-07 05:19:00,1052,595,263,84.03,,0,0,0,4.153,4.036,0,155,681,359,322,1242,,,21,33,14,25,18,30,24,19,26,23,67,0,0,0,0,0,161,81.93,643,2.864,2.825,,0,9,5,8,9,7,9,53,6,47,73,48.57,5.026,,0,17.61,1.509,,0
2026-05-07 05:20:00,1039,602,253,84.03,,0,0,0,4.198,4.964,0,163,659,347,312,1227,,,23,36,13,22,19,33,22,20,30,20,66,0,0,0,0,0,161,82.61,657,2.856,2.96,0,0,7,10,7,9,5,9,50,8,42,70,60,5.473,0,0,15.34,1.41,0,0
2026-05-07 05:21:00,1065,597,263,86.11,,0,0,0,4.164,4.424,0,156,707,379,328,1263,,,24,32,12,27,17,29,23,21,27,22,66,0,0,0,0,0,161,84.51,675,2.84,2.766,,0,7,11,7,11,2,8,54,6,46,75,60,4.509,,0,11.36,1.837,,0
2026-05-07 05:22:00,1041,598,251,84.38,,0,0,0,4.168,4.424,0,168,692,373,319,1271,,,27,31,21,25,14,30,23,22,24,20,64,0,0,0,0,0,161,86.68,694,2.841,3.045,,0,8,11,8,8,7,8,51,3,46,74,60,4.229,,0,31.25,2.215,,0
2026-05-07 05:23:00,1048,598,258,86.46,,0,0,0,4.138,4.449,0,159,704,381,323,1272,,,26,33,22,27,17,29,24,20,26,24,63,0,0,0,0,0,161,85.87,672,2.836,2.868,,0,9,6,7,7,9,8,45,3,42,66,54.29,3.753,,0,34.09,1.346,,0
2026-05-07 05:24:00,1038,594,252,83.68,,0,0,0,4.151,4.606,0,161,701,373,328,1276,,,27,36,20,21,22,30,33,21,24,27,60,0,0,0,0,0,161,86.14,673,2.836,2.744,,0,7,4,7,5,5,7,46,6,40,66,45.71,4.272,,0,15.34,1.584,,0
2026-05-07 05:25:00,1056,585,250,83.68,,0,0,0,4.144,4.264,0,150,707,381,326,1259,,,28,36,19,25,18,27,33,26,25,31,59,0,0,0,0,0,161,85.19,663,2.869,3.038,0,0,7,5,8,5,5,5,44,5,39,62,42.86,3.498,0,0,10.23,1.401,0,0
2026-05-07 05:26:00,1067,579,251,84.38,,0,0,0,4.209,4.829,0,144,710,393,317,1300,,,25,37,20,25,16,32,30,26,26,31,62,0,0,0,0,0,161,79.89,632,2.888,3.018,,0,6,9,7,3,6,5,39,3,36,57,22.86,3.929,,0,9.09,1.702,,0
2026-05-07 05:27:00,1093,584,264,87.5,,0,0,0,4.187,4.307,0,145,751,421,330,1292,,,25,33,18,25,18,28,29,29,22,28,60,0,0,0,0,0,161,83.29,648,2.903,2.999,,0,6,5,9,4,6,4,53,4,49,68,37.14,4.893,,0,20.45,2.345,,0
2026-05-07 05:28:00,1084,583,271,88.54,,0,0,0,4.254,4.739,0,143,732,408,324,1277,,,24,32,18,28,19,28,29,25,24,23,63,0,0,0,0,0,161,82.47,654,2.902,2.833,,0,6,4,6,8,8,3,49,2,47,64,34.29,4.156,,0,29.55,1.205,,0
2026-05-07 05:29:00,1090,587,260,86.81,,0,0,0,4.242,4.276,0,148,739,411,328,1288,,,26,35,21,28,20,30,31,24,24,20,64,0,0,0,0,0,161,82.74,650,2.928,3.078,,0,8,7,8,7,5,6,53,6,46,69,34.29,4.66,,0,23.3,1.5,,0
2026-05-07 05:30:00,1080,585,251,85.07,,0,0,0,4.269,5.094,0,139,722,400,322,1271,,,29,33,24,30,18,30,28,21,26,18,64,0,0,0,0,0,161,86.28,694,2.946,3.147,0,0,8,9,7,8,5,6,49,2,47,67,40,3.774,0,0,11.93,1.109,0,0
2026-05-07 05:31:00,1114,587,251,83.33,,0,0,0,4.219,4.499,0,136,753,421,332,1266,,,34,30,25,31,20,30,29,24,26,22,65,0,0,0,0,0,161,86.55,693,2.926,2.76,,0,8,8,7,5,4,8,54,9,45,70,37.14,4.263,,0,18.18,1.804,,0
2026-05-07 05:32:00,1101,586,243,82.29,,0,0,0,4.306,5.101,0,134,736,415,321,1280,,,30,33,25,31,17,33,26,24,30,25,63,0,0,0,0,0,161,86.41,702,2.933,3.088,,0,8,4,7,8,8,8,49,8,40,69,37.14,3.818,,0,28.41,1.874,,0
2026-05-07 05:33:00,1103,579,244,82.99,,0,0,0,4.245,4.246,0,130,752,421,331,1271,,,34,34,22,31,17,33,25,23,30,26,63,0,0,0,0,0,161,85.87,673,2.915,2.79,,0,7,8,7,5,9,7,49,3,45,67,42.86,4.12,,0,33.52,1.722,,0
2026-05-07 05:34:00,1102,579,247,84.03,,0,0,0,4.331,5.225,0,136,730,411,319,1288,,,28,38,16,33,16,33,25,28,34,25,62,0,0,0,0,0,161,84.51,665,2.934,2.954,,0,9,7,6,8,7,10,44,3,40,64,48.57,5.195,,0,17.61,1.402,,0
2026-05-07 05:35:00,1116,580,253,83.68,,0,0,0,4.262,4.278,0,135,752,419,333,1287,,,29,35,16,36,20,32,30,26,32,24,62,0,0,0,0,0,161,83.56,649,2.937,3.058,0,0,7,4,5,8,8,11,45,4,40,64,34.29,4.464,0,0,10.8,1.431,0,0
2026-05-07 05:36:00,1101,589,245,81.6,,0,0,0,4.343,5.23,0,143,741,411,330,1285,,,30,36,21,36,19,33,28,26,29,22,64,0,1.18,0,0,0,161,83.56,644,2.957,3.129,,0,5,4,5,5,10,7,51,5,46,65,22.86,3.302,,0,9.09,1.781,,0
2026-05-07 05:37:00,1125,578,240,79.51,,0,0,0,4.242,4.129,0,147,757,413,344,1297,,,29,33,24,35,19,34,30,24,26,24,64,0,.59,0,0,0,161,88.72,696,2.943,3.012,,0,6,5,6,3,5,6,59,10,49,75,25.71,3.641,,0,38.07,2.095,,0
2026-05-07 05:38:00,1114,569,236,79.17,,0,0,0,4.382,5.56,0,145,754,401,353,1298,,,30,33,23,36,16,34,27,24,27,25,67,0,.59,0,0,0,161,88.99,716,2.953,2.924,,0,7,7,7,7,4,4,56,9,47,75,28.57,4.098,,0,37.5,1.694,,0
2026-05-07 05:39:00,1118,579,228,76.39,,0,0,0,4.332,5.008,0,136,735,391,344,1263,,,31,37,19,38,17,34,27,27,27,26,67,0,.59,0,0,0,161,88.59,697,2.944,2.99,,0,5,8,9,7,5,5,51,6,44,70,34.29,4.449,,0,23.3,1.487,,0
2026-05-07 05:40:00,1113,574,231,76.74,,0,0,0,4.417,5.323,0,148,776,411,365,1287,,,30,39,23,36,18,36,20,25,27,25,69,0,.59,0,0,0,161,87.23,678,2.963,3.163,0,0,3,6,6,6,5,6,44,4,40,64,28.57,4.605,0,0,17.05,1.302,0,0
2026-05-07 05:41:00,1131,572,233,76.39,,0,0,0,4.326,5.335,0,140,752,398,354,1254,,,33,39,22,35,18,35,19,24,25,25,71,0,0,0,0,0,161,86.41,678,3.004,2.984,,0,6,9,6,4,6,5,49,6,43,68,31.43,4.162,,0,14.2,1.956,,0
2026-05-07 05:42:00,1120,565,231,77.43,,0,0,0,4.382,4.872,0,146,751,401,350,1255,,,33,41,19,31,20,37,26,28,21,28,72,0,0,0,0,0,161,84.38,657,2.955,2.963,,0,6,6,5,6,7,8,43,4,38,65,34.29,4.56,,0,26.7,2.186,,0
2026-05-07 05:43:00,1128,562,229,76.04,,0,0,0,4.29,5.863,0,142,738,391,347,1253,,,31,35,24,34,18,37,30,26,18,25,78,0,0,0,0,0,161,84.51,668,2.971,2.991,,0,8,6,3,7,5,6,50,3,46,67,37.14,4.274,,0,38.07,1.579,,0
2026-05-07 05:44:00,1127,552,232,77.43,,0,0,0,4.361,5.336,0,145,745,386,359,1267,,,30,33,25,31,17,33,33,30,19,26,77,0,0,0,0,0,161,83.7,668,2.962,2.88,,0,4,5,5,5,5,7,55,6,49,71,34.29,5.124,,0,28.41,1.438,,0
2026-05-07 05:45:00,1104,565,225,76.39,,0,0,0,4.306,5.976,0,143,729,369,360,1242,,,32,34,25,30,20,35,30,30,19,27,77,0,0,0,0,0,161,80.43,635,2.942,2.857,0,0,6,4,7,2,7,6,56,7,48,71,34.29,4.74,0,0,14.77,1.536,0,0
2026-05-07 05:46:00,1088,562,241,79.17,,0,0,0,4.44,5.682,0,154,721,366,355,1265,,,30,32,24,31,24,39,27,31,23,23,80,0,0,0,0,0,161,84.92,661,2.934,2.94,,0,8,8,6,1,6,8,52,6,46,75,34.29,3.888,,0,10.23,1.82,,0
2026-05-07 05:47:00,1110,566,244,80.9,,0,0,0,4.347,6.062,0,150,753,385,368,1273,,,29,32,20,29,23,35,27,27,20,23,80,0,0,0,0,0,161,84.51,660,2.912,2.843,,0,6,8,7,7,7,8,53,4,47,73,17.14,3.81,,0,22.16,2.227,,0
2026-05-07 05:48:00,1096,583,249,82.99,,0,0,0,4.481,6.152,0,143,741,374,367,1277,,,27,35,22,25,23,35,28,25,19,23,80,0,0,0,0,0,161,82.34,645,2.904,2.869,,0,8,6,7,10,6,9,50,6,43,74,25.71,3.924,,0,36.93,2.167,,0
2026-05-07 05:49:00,1096,569,247,83.33,,0,0,0,4.372,6.412,0,131,756,389,367,1287,,,28,36,19,25,22,35,25,25,19,22,77,0,0,0,0,0,161,86.01,673,2.899,2.931,,0,8,6,4,7,4,6,54,5,48,68,40,3.243,,0,26.14,1.303,,0
2026-05-07 05:50:00,1078,574,235,79.17,,0,0,0,4.549,5.876,0,150,758,390,368,1313,,,27,34,15,29,21,36,24,22,23,22,75,0,0,0,0,0,161,84.65,660,2.918,3.046,0,0,7,5,6,6,4,6,51,5,46,68,42.86,4.326,0,0,17.61,1.348,0,0
2026-05-07 05:51:00,1092,573,235,78.13,,0,0,0,4.233,4.086,0,146,787,407,380,1314,,,28,36,19,32,24,35,24,24,19,24,73,0,0,0,0,0,161,83.15,649,2.884,2.87,,0,7,6,4,4,4,7,53,8,45,75,34.29,3.724,,0,11.36,1.782,,0
2026-05-07 05:52:00,1078,572,227,74.65,,0,0,0,4.373,5.99,0,158,772,398,374,1330,,,32,33,20,29,27,37,24,26,23,25,71,0,0,0,0,0,161,81.66,655,2.893,2.99,,0,9,6,5,4,4,11,54,6,48,78,28.57,4.027,,0,28.98,2.289,,0
2026-05-07 05:53:00,1090,573,222,75.35,,0,0,0,4.388,6.624,0,152,778,394,384,1308,,,29,31,20,28,26,36,24,29,22,23,71,0,0,0,0,0,161,86.28,683,2.868,2.846,,0,11,5,4,7,3,9,52,4,48,72,22.86,4.238,,0,35.23,1.906,,0
2026-05-07 05:54:00,1085,585,227,77.08,,0,0,0,4.582,6.382,0,147,782,385,397,1298,,,28,35,19,25,27,31,23,24,24,23,67,0,.59,0,0,0,161,87.5,683,2.886,3.046,,0,12,6,8,5,3,9,53,5,48,74,28.57,3.92,,0,26.7,1.365,,0
2026-05-07 05:55:00,1083,579,235,80.56,,0,0,0,4.238,4.319,0,140,759,371,388,1274,,,28,32,20,29,23,33,21,24,24,23,65,0,0,0,0,0,161,86.01,682,2.917,3.207,0,0,6,5,10,7,8,10,46,6,40,73,25.71,4.039,0,0,18.18,1.784,0,0
2026-05-07 05:56:00,1095,561,244,80.9,,0,0,0,4.416,6.968,0,160,748,358,390,1287,,,27,37,19,25,23,31,20,25,21,25,67,0,.59,0,0,0,161,81.93,646,2.933,3.146,,0,9,6,8,7,7,10,43,4,39,69,28.57,3.767,,0,11.93,1.78,,0
2026-05-07 05:57:00,1121,552,262,86.46,,0,0,0,4.413,6.719,0,157,787,383,404,1298,,,24,34,19,27,26,33,20,23,18,22,65,0,1.18,0,0,0,161,83.97,647,2.913,3.149,,0,10,7,6,8,5,9,49,8,40,76,28.57,4.47,,0,32.95,2.023,,0
2026-05-07 05:58:00,1120,531,270,88.19,,0,0,0,4.658,7.358,0,155,797,386,411,1309,,,24,35,16,27,28,34,22,20,21,20,65,0,1.78,0,0,0,161,83.83,661,2.9,2.845,,0,8,3,7,6,6,9,50,5,43,75,28.57,4.564,,0,42.61,1.547,,0
2026-05-07 05:59:00,1114,535,258,85.42,,0,0,0,4.436,8.533,0,150,778,376,402,1291,,,27,37,21,29,25,32,22,19,21,22,72,0,2.96,0,0,0,161,84.38,665,2.901,2.932,,0,10,5,6,4,9,8,51,3,46,72,31.43,4.411,,0,30.68,1.721,,0
2026-05-07 06:00:00,1100,531,260,86.46,,0,0,0,4.778,8.087,0,147,757,367,390,1282,,,25,37,17,30,28,29,24,18,20,25,73,0,2.96,0,0,0,161,87.91,687,2.941,3.226,0,0,9,6,7,7,9,10,54,5,49,73,34.29,3.58,0,0,15.91,1.251,0,0
2026-05-07 06:01:00,1093,539,260,84.38,,0,0,0,4.35,5.419,0,148,758,383,375,1261,,,29,36,14,27,26,28,25,16,20,24,71,0,4.73,0,0,0,161,85.6,695,2.991,3.358,,0,8,6,11,9,7,11,52,7,45,72,34.29,3.319,,0,13.07,1.972,,0
2026-05-07 06:02:00,1081,545,260,86.81,,0,0,0,4.762,8.009,0,150,745,384,361,1243,,,29,33,19,30,26,29,20,22,22,24,71,0,4.14,0,0,0,161,87.23,709,2.913,2.789,,0,10,11,9,6,5,11,50,6,44,71,28.57,4.859,,0,29.55,2.616,,0
2026-05-07 06:03:00,1078,536,263,88.54,,0,0,0,4.531,5.416,0,154,733,380,353,1247,,,26,31,22,28,22,30,25,20,23,21,72,0,1.78,0,0,0,161,86.01,699,2.9,2.787,,0,9,7,9,5,8,9,52,7,45,74,40,3.684,,0,45.45,2.058,,0
2026-05-07 06:04:00,1071,535,265,89.24,,0,0,0,4.96,9.06,0,153,715,371,344,1230,,,24,31,21,26,16,33,26,21,23,23,72,0,0,0,0,0,161,88.59,693,2.904,3.085,,0,7,6,7,6,8,11,52,9,43,79,48.57,3.863,,0,25.57,1.526,,0
2026-05-07 06:05:00,1066,523,271,91.32,,0,0,0,4.901,7.737,0,147,703,360,343,1228,,,25,34,17,29,15,31,28,22,21,21,73,0,1.18,0,0,0,161,86.96,689,2.913,3.023,0,0,6,6,5,10,5,11,50,7,43,76,45.71,4.657,0,0,14.2,1.138,0,0
2026-05-07 06:06:00,1055,534,263,87.85,,0,0,0,5.326,8.368,0,162,684,346,338,1255,,,27,32,19,26,17,30,26,22,23,24,72,0,3.55,0,0,0,161,84.78,670,3.01,3.77,,0,6,8,6,8,2,8,47,5,42,73,28.57,4.489,,0,10.23,1.76,,0
2026-05-07 06:07:00,1040,573,259,85.76,,0,0,0,5.021,6.833,0,148,706,362,344,1238,,,26,28,22,27,21,26,23,25,25,21,72,0,5.33,0,0,0,161,86.01,675,2.951,3.176,,0,8,7,3,9,5,12,55,9,44,75,17.14,3.706,,0,22.73,2.082,,0
2026-05-07 06:08:00,1035,578,265,87.85,,0,0,0,5.43,8.412,0,150,694,361,333,1254,,,25,29,21,28,17,29,24,22,23,23,72,0,4.14,0,0,0,161,83.97,674,2.963,3.025,,0,10,6,4,8,4,13,53,6,46,72,11.43,4.289,,0,35.23,2.522,,0
2026-05-07 06:09:00,1026,585,258,85.76,,0,0,0,5.203,7.618,0,146,702,360,342,1237,,,25,29,22,25,17,31,22,22,21,21,72,0,4.14,0,0,0,161,85.05,678,2.985,3.152,,0,11,4,9,8,5,12,49,6,43,70,17.14,4.735,,0,24.43,1.662,,0
2026-05-07 06:10:00,1005,583,246,82.29,,0,0,0,5.407,8.506,0,143,691,354,337,1229,,,24,29,19,28,19,30,21,22,21,19,67,0,5.33,0,0,0,161,84.51,666,3.013,3.25,0,0,8,7,8,7,5,10,44,2,41,65,25.71,4.168,0,0,14.77,1.296,0,0
2026-05-07 06:11:00,1038,573,249,81.94,,0,0,0,5.105,7.605,0,151,723,376,347,1245,,,24,31,23,29,17,36,25,20,18,17,64,0,4.73,0,0,0,161,87.23,706,3.049,3.389,,0,9,8,7,6,4,8,57,4,53,74,25.71,4.32,,0,17.61,1.637,,0
2026-05-07 06:12:00,1039,566,245,83.33,,0,0,0,5.331,7.077,0,151,707,368,339,1244,,,27,31,22,32,14,34,22,20,15,18,66,0,4.73,0,0,0,161,87.64,719,3.042,3.092,,0,10,8,6,8,7,12,55,10,43,77,20,5.219,,0,12.5,2.303,,0
2026-05-07 06:13:00,1041,583,253,85.07,,0,0,0,5.123,9.113,0,144,714,366,348,1215,,,24,27,19,26,18,32,17,24,16,22,64,0,7.1,0,0,0,161,87.09,704,3.054,2.96,,0,8,5,6,11,9,11,48,8,39,72,14.29,3.326,,0,45.45,1.701,,0
2026-05-07 06:14:00,1037,580,266,85.42,,0,0,0,5.232,6.28,0,151,759,403,356,1266,,,24,26,17,29,17,32,21,21,15,19,64,0,5.33,0,0,0,161,88.18,704,3.036,2.86,,0,8,6,8,9,8,9,48,6,41,70,17.14,4.586,,0,32.39,1.524,,0
2026-05-07 06:15:00,1043,596,268,88.89,,0,0,0,4.915,7.416,0,153,739,394,345,1236,,,22,30,15,32,15,37,20,22,22,20,62,0,4.73,0,0,0,161,89.13,718,3.09,3.413,0,0,10,7,8,4,7,8,53,6,45,70,17.14,4.285,0,0,18.18,1.59,0,0
2026-05-07 06:16:00,1038,588,262,87.85,,0,0,0,5.096,6.416,0,172,730,389,341,1246,,,22,31,19,27,14,35,20,21,22,21,67,0,6.51,0,0,0,161,86.41,697,3.095,3.366,,0,10,4,6,8,6,8,52,6,45,71,20,6.419,,0,11.36,1.648,,0
2026-05-07 06:17:00,1037,561,262,88.19,,0,0,0,5.145,10.27,0,167,735,386,349,1221,,,26,29,19,26,18,36,21,25,21,21,69,0,5.33,0,0,0,161,85.46,705,3.047,3.096,,0,7,5,8,8,7,10,56,6,48,75,14.29,3.295,,0,27.84,2.162,,0
2026-05-07 06:18:00,1020,576,263,87.85,,0,0,0,5.345,6.407,0,157,705,377,328,1209,,,24,29,18,29,21,32,20,22,21,19,68,0,5.92,0,0,0,161,85.33,698,3.045,3.034,,0,8,11,12,9,8,10,50,6,42,71,11.43,3.878,,0,35.8,2.517,,0
2026-05-07 06:19:00,1035,567,262,87.5,,0,0,0,5.308,11.403,0,161,707,374,333,1207,,,22,29,17,33,20,32,21,21,20,23,73,0,6.51,0,0,0,161,87.91,707,3.019,2.895,,0,10,10,8,12,9,11,50,5,45,75,11.43,3.955,,0,22.73,1.497,,0
2026-05-07 06:20:00,1023,577,262,87.15,,0,0,0,5.448,7.489,0,153,692,361,331,1223,,,22,29,22,30,18,30,20,23,23,22,70,0,5.33,0,0,0,161,87.09,705,3.056,3.503,0,0,13,6,12,9,5,12,48,3,44,76,17.14,4.447,0,0,13.64,1.213,0,0
2026-05-07 06:21:00,1039,579,264,88.19,,0,0,0,4.89,6.577,0,160,705,368,337,1205,,,28,33,23,29,15,27,20,19,22,23,68,0,4.14,0,0,0,161,87.5,704,3.099,3.475,,0,13,4,11,9,7,11,43,2,39,68,40,4.711,,0,9.66,1.74,,0
2026-05-07 06:22:00,1031,581,261,87.85,,0,0,0,5.097,6.437,0,162,704,361,343,1230,,,26,32,22,29,16,24,20,21,21,25,76,0,5.33,0,0,0,161,86.55,705,3.033,3.121,,0,10,6,11,11,9,13,48,5,42,69,51.43,5.058,,0,34.66,2.039,,0
2026-05-07 06:23:00,1032,573,265,87.15,,0,0,0,5.01,5.947,0,161,691,355,336,1233,,,23,34,19,32,15,26,21,22,20,23,73,0,5.92,0,0,0,161,85.6,709,3.039,3.057,,0,11,10,10,11,10,12,48,3,44,71,34.29,4.945,,0,35.23,1.668,,0
2026-05-07 06:24:00,1012,573,251,83.68,,0,0,0,5.194,5.989,0,163,671,344,327,1217,,,22,33,23,28,13,31,17,20,20,21,71,0,5.92,0,0,0,161,88.18,720,3.058,3.066,,0,12,9,9,11,7,12,52,6,46,75,37.14,3.777,,0,23.3,1.51,,0
2026-05-07 06:25:00,1020,570,260,87.5,,0,0,0,5.142,8.05,0,156,707,361,346,1235,,,25,37,22,29,15,28,17,21,18,21,70,0,5.33,0,0,0,161,87.77,720,3.081,3.4,0,0,11,9,9,12,5,11,51,7,43,71,22.86,3.803,0,0,18.18,1.199,0,0
2026-05-07 06:26:00,995,589,262,87.85,,0,0,0,5.279,6.294,0,157,701,358,343,1242,,,27,32,21,30,16,28,15,22,20,21,72,0,4.14,0,0,0,161,86.28,684,3.152,3.787,,0,11,6,11,15,5,16,51,7,44,73,22.86,4.42,,0,12.5,1.896,,0
2026-05-07 06:27:00,989,594,262,86.81,,0,0,0,5.178,7.282,0,151,682,346,336,1216,,,29,33,17,33,16,27,20,23,19,20,70,0,4.14,0,0,0,161,87.09,701,3.088,3.185,,0,11,3,9,13,7,16,50,7,42,71,20,4.823,,0,27.84,1.902,,0
2026-05-07 06:28:00,981,590,245,82.29,,0,0,0,5.253,5.312,0,142,671,333,338,1229,,,25,34,24,29,17,26,24,21,22,16,70,0,2.96,0,0,0,161,86.01,696,3.103,3.228,,0,12,6,11,13,9,16,49,5,44,70,25.71,4.828,,0,35.8,2.317,,0
2026-05-07 06:29:00,994,592,249,85.07,,0,0,0,5.282,8.582,0,139,653,316,337,1221,,,26,35,23,28,14,24,21,19,23,19,68,0,1.18,0,0,0,161,88.18,708,3.123,3.088,,0,9,7,10,14,7,15,50,5,43,72,34.29,5.485,,0,19.32,1.892,,0
2026-05-07 06:30:00,990,587,252,84.72,,0,0,0,5.183,5.456,0,128,639,306,333,1221,,,28,34,24,29,12,27,21,24,27,22,66,0,0,0,0,0,161,87.64,699,3.13,3.313,0,0,8,7,8,14,6,13,43,4,39,63,28.57,3.643,0,0,12.5,1.418,0,0
2026-05-07 06:31:00,1014,580,270,90.97,,0,0,0,5.009,5.914,0,145,666,333,333,1216,,,27,30,25,31,15,26,21,21,25,24,72,0,0,0,0,0,161,88.04,712,3.192,3.586,,0,7,6,9,14,4,16,49,3,44,71,20,4.404,,0,10.23,1.832,,0
2026-05-07 06:32:00,1006,573,271,89.93,,0,0,0,4.955,4.642,0,160,669,331,338,1248,,,26,31,28,30,19,26,18,23,26,23,71,0,0,0,0,0,161,87.5,702,3.122,3.037,,0,7,9,8,11,5,14,53,4,46,76,11.43,4.152,,0,20.45,1.938,,0
2026-05-07 06:33:00,1001,582,264,88.89,,0,0,0,4.872,8.267,0,152,682,341,341,1218,,,29,30,24,31,19,27,18,24,21,22,68,0,.59,0,0,0,161,86.01,699,3.119,3.171,,0,8,8,9,9,6,13,51,6,42,70,22.86,4.499,,0,23.86,2.106,,0
2026-05-07 06:34:00,1001,585,267,88.89,,0,0,0,5.004,6.851,0,168,668,332,336,1262,,,26,33,25,30,20,27,23,29,23,24,70,0,1.18,0,0,0,161,86.96,712,3.118,3.068,,0,6,7,10,9,6,12,55,6,49,70,17.14,5.663,,0,13.64,1.436,,0
2026-05-07 06:35:00,1003,588,266,88.89,,0,0,0,4.591,4.936,0,166,691,345,346,1242,,,24,37,27,29,20,23,23,29,22,24,69,0,.59,0,0,0,161,86.96,718,3.119,3.254,0,0,7,10,9,9,8,13,52,4,48,74,17.14,4.749,0,0,12.5,1.325,0,0
2026-05-07 06:36:00,992,578,266,87.5,,0,0,0,4.642,5.243,0,171,681,342,339,1261,,,24,35,21,30,19,24,23,26,24,20,67,0,2.37,0,0,0,161,86.96,704,3.175,3.733,,0,7,8,11,15,7,17,48,5,43,71,14.29,4.64,,0,13.07,1.953,,0
2026-05-07 06:37:00,999,572,268,88.89,,0,0,0,4.603,5.455,0,172,673,336,337,1240,,,26,32,21,28,22,26,22,23,24,23,63,0,3.55,0,0,0,161,85.87,681,3.088,3.176,,0,6,9,9,16,6,16,54,8,44,73,37.14,4.438,,0,39.77,2.435,,0
2026-05-07 06:38:00,996,563,263,87.15,,0,0,0,4.795,6.779,0,170,650,321,329,1219,,,24,29,24,27,25,22,23,25,25,24,65,0,4.14,0,0,0,161,84.92,702,3.07,3.143,,0,7,8,7,14,7,14,55,8,47,71,37.14,4.593,,0,31.82,1.469,,0
2026-05-07 06:39:00,1008,559,280,93.4,,0,0,0,4.747,5.426,0,162,640,313,327,1219,,,26,33,21,25,21,25,22,23,27,24,67,0,2.37,0,0,0,161,84.78,699,3.094,3.347,,0,5,9,10,9,8,12,59,8,50,70,37.14,3.762,,0,19.32,1.368,,0
2026-05-07 06:40:00,994,567,280,93.4,,0,0,0,4.771,4.864,0,193,617,304,313,1241,,,27,36,23,27,23,27,19,25,24,25,66,0,3.55,0,0,0,161,85.33,696,3.079,3.196,0,0,6,11,12,10,9,14,58,10,47,72,20,3.614,0,0,18.18,1.384,0,0
2026-05-07 06:41:00,993,581,274,89.93,,0,0,0,4.806,5.499,0,184,637,319,318,1244,,,28,35,22,28,22,22,20,26,23,24,66,0,4.73,0,0,0,161,83.7,694,3.128,3.611,,0,12,12,12,13,10,16,55,9,43,77,37.14,4.459,,0,10.8,1.814,,0
2026-05-07 06:42:00,986,589,275,91.67,,0,0,0,4.899,5.098,0,191,626,308,318,1244,,,25,34,25,26,28,25,21,25,25,24,66,0,3.55,0,0,0,161,84.78,693,3.127,3.258,,0,12,13,10,16,8,16,46,8,35,74,37.14,4.32,,0,28.98,1.856,,0
2026-05-07 06:43:00,1013,568,282,92.71,,0,0,0,4.87,5.545,0,185,648,323,325,1260,,,25,29,25,29,26,30,23,22,27,25,70,0,5.33,0,0,0,161,84.92,699,3.128,3.278,,0,8,11,8,15,8,17,49,7,40,72,40,4.821,,0,36.93,1.494,,0
2026-05-07 06:44:00,998,560,279,90.63,,0,0,0,4.965,5.096,0,188,633,320,313,1265,,,27,33,24,31,27,29,23,24,27,23,67,0,4.73,0,0,0,161,85.46,686,3.134,3.128,,0,7,10,11,16,8,17,52,7,43,73,25.71,4.974,,0,30.68,1.571,,0
2026-05-07 06:45:00,1016,557,274,89.93,,0,0,0,5.02,6.414,0,198,657,335,322,1280,,,28,38,23,28,24,31,24,23,24,22,68,0,4.73,0,0,0,161,85.05,719,3.165,3.37,0,0,7,10,11,15,7,20,51,4,44,73,14.29,4.543,0,0,17.61,1.315,0,0
2026-05-07 06:46:00,1004,556,270,89.93,,0,0,0,5.125,5.635,0,197,666,335,331,1281,,,25,36,26,29,26,30,23,22,23,24,67,0,7.69,0,0,0,161,87.36,739,3.213,3.211,,0,10,9,11,14,8,18,49,4,45,75,17.14,4.722,,0,15.34,1.746,,0
2026-05-07 06:47:00,1010,560,269,89.58,,0,0,0,5.032,5.918,0,193,650,323,327,1259,,,30,34,25,29,29,29,21,23,22,23,66,0,6.51,0,0,0,161,85.19,724,3.201,3.355,,0,8,12,10,11,7,19,50,7,43,73,20,4.42,,0,39.2,2.177,,0
2026-05-07 06:48:00,1007,555,270,87.85,,0,0,0,4.97,5.963,0,188,649,314,335,1262,,,30,33,25,32,31,30,21,23,26,23,66,0,7.69,0,0,0,161,84.24,711,3.197,3.229,,0,8,9,9,12,6,19,49,5,44,73,14.29,5.79,,0,31.25,1.746,,0
2026-05-07 06:49:00,1013,560,264,87.5,,0,0,0,4.898,5.149,0,186,633,308,325,1249,,,31,35,21,32,28,32,19,24,20,25,66,0,9.47,0,0,0,161,86.82,729,3.209,3.269,,0,9,11,9,11,5,17,52,6,45,71,37.14,4.06,,0,19.32,1.521,,0
2026-05-07 06:50:00,1008,547,278,91.67,,0,0,0,5.202,7.978,0,181,623,303,320,1233,,,32,34,22,31,23,30,18,25,20,26,66,0,9.47,0,0,0,161,86.14,726,3.255,3.595,0,0,11,8,8,13,7,17,48,7,41,75,34.29,4.379,0,0,18.18,1.416,0,0
2026-05-07 06:51:00,1019,548,280,89.93,,0,0,0,4.888,5.714,0,167,639,313,326,1238,,,29,37,24,28,22,28,23,25,18,24,68,0,9.47,0,0,0,161,87.91,728,3.288,3.68,,0,10,8,8,16,7,16,48,3,44,71,25.71,4.72,,0,18.18,1.951,,0
2026-05-07 06:52:00,1009,549,276,88.89,,0,0,0,5.019,5.988,0,168,626,308,318,1244,,,26,37,25,29,24,28,23,24,24,29,66,0,8.88,0,0,0,161,85.19,694,3.257,3.281,,0,9,8,7,16,6,17,53,3,49,72,20,5.279,,0,35.23,2.149,,0
2026-05-07 06:53:00,1014,554,272,87.5,,0,0,0,4.931,5.102,0,167,628,315,313,1209,,,27,34,23,27,24,31,26,25,24,28,64,0,8.88,0,0,0,161,87.36,715,3.262,3.407,,0,10,10,11,15,6,17,50,4,46,74,8.57,3.653,,0,32.95,1.608,,0
2026-05-07 06:54:00,1005,558,278,91.67,,0,0,0,5.147,6.997,0,164,618,308,310,1202,,,30,34,21,29,22,31,19,26,22,30,66,0,8.28,0,0,0,161,86.55,713,3.296,3.482,,0,8,10,12,13,6,16,45,2,42,72,5.71,4.61,,0,27.27,1.641,,0
2026-05-07 06:55:00,1012,557,284,93.75,,0,0,0,5.125,7.043,0,157,646,327,319,1211,,,27,34,23,25,21,33,24,24,20,33,67,0,8.88,0,0,0,161,88.59,733,3.326,3.512,0,0,11,10,9,12,7,17,47,2,45,73,8.57,3.717,0,0,18.18,1.437,0,0
2026-05-07 06:56:00,994,568,276,88.54,,0,0,0,5.292,7.361,0,154,649,327,322,1226,,,28,32,21,26,22,30,25,24,27,32,68,0,10.06,0,0,0,161,84.65,692,3.426,4.277,,0,9,12,9,14,9,20,43,3,39,68,17.14,4.351,,0,15.34,1.848,,0
2026-05-07 06:57:00,983,571,274,89.58,,0,0,0,5.273,6.743,0,151,635,318,317,1211,,,28,31,23,27,18,30,25,24,31,31,67,0,9.47,0,0,0,161,90.08,748,3.338,3.228,,0,7,11,10,14,8,18,45,4,41,66,31.43,3.265,,0,30.68,1.99,,0
2026-05-07 06:58:00,976,573,274,89.93,,0,0,0,5.369,6.265,0,146,626,308,318,1208,,,28,35,22,27,19,28,30,25,29,32,67,0,10.06,0,0,0,161,90.9,760,3.343,3.365,,0,7,12,8,14,9,16,49,4,43,69,17.14,4.147,,0,39.2,1.734,,0
2026-05-07 06:59:00,973,568,271,90.28,,0,0,0,5.436,6.949,0,136,615,292,323,1167,,,26,32,22,28,20,29,29,25,28,29,66,0,8.28,0,0,0,161,89.13,734,3.385,3.754,,0,8,12,6,11,7,15,47,4,42,64,17.14,3.686,,0,28.41,1.858,,0
2026-05-07 07:00:00,959,571,279,90.97,,0,0,0,5.707,7.146,0,131,598,283,315,1180,,,27,32,24,27,22,30,27,23,29,28,66,0,10.06,0,0,0,161,90.35,740,3.399,3.691,0,0,9,8,7,15,7,12,52,7,45,68,28.57,4.386,0,0,13.07,1.233,0,0
2026-05-07 07:01:00,964,566,274,89.93,,0,0,0,5.57,5.635,0,148,632,303,329,1197,,,28,32,24,25,23,31,26,28,27,24,60,0,8.28,0,0,0,161,88.18,705,3.429,3.736,,0,6,11,8,14,8,17,59,11,47,79,48.57,4.874,,0,12.5,1.636,,0
2026-05-07 07:02:00,971,560,267,88.54,,0,0,0,5.648,5.985,0,145,615,289,326,1199,,,29,29,26,27,20,32,29,30,25,24,59,0,8.88,0,0,0,161,86.41,704,3.412,3.459,,0,8,13,7,13,8,14,59,10,49,80,40,5.086,,0,43.18,2.33,,0
2026-05-07 07:03:00,978,561,275,91.32,,0,0,0,5.651,6.097,0,146,629,287,342,1176,,,29,30,26,28,22,31,25,30,28,24,64,0,10.06,0,0,0,161,90.9,726,3.381,3.414,,0,5,10,7,17,6,13,58,8,50,80,14.29,3.162,,0,38.07,2.198,,0
2026-05-07 07:04:00,965,567,266,88.19,,0,0,0,5.798,7.367,0,169,612,275,337,1184,,,27,31,25,27,24,27,26,31,29,23,63,0,13.02,0,0,0,161,91.44,748,3.352,3.253,,0,5,7,8,14,6,15,63,9,51,83,20,3.597,,0,21.02,1.511,,0
2026-05-07 07:05:00,969,567,254,84.03,,0,0,0,5.701,7.462,0,172,634,288,346,1205,,,27,34,26,33,24,29,33,27,25,24,64,0,14.2,0,0,0,161,91.3,748,3.364,3.442,0,0,8,7,6,13,5,17,77,12,49,94,57.14,4.345,0,0,9.66,1.279,0,0
2026-05-07 07:06:00,976,545,256,83.68,,0,0,0,5.851,7.039,0,177,635,295,340,1189,,,28,34,26,33,20,30,32,29,26,26,67,0,15.98,0,0,0,161,88.18,731,3.417,4.158,,0,11,12,6,14,4,14,81,10,56,103,62.86,3.943,,0,7.39,1.786,,0
2026-05-07 07:07:00,988,531,262,87.85,,0,0,0,5.737,6.569,0,184,664,312,352,1222,,,25,31,27,34,21,30,30,31,24,23,67,0,14.79,0,0,0,161,90.08,739,3.369,3.58,,0,10,14,8,14,6,13,80,16,52,109,31.43,4.783,,0,32.95,2.425,,0
2026-05-07 07:08:00,983,531,270,88.89,,0,0,0,5.91,7.061,0,183,652,308,344,1197,,,26,32,27,31,22,30,26,31,20,27,64,0,15.98,0,0,0,161,89.27,730,3.338,3.231,,0,8,10,9,12,7,14,75,14,52,102,22.86,4.839,,0,31.82,2.168,,0
2026-05-07 07:09:00,991,540,255,83.33,,0,0,0,5.822,6.539,0,186,661,321,340,1202,,,27,31,24,33,21,29,26,28,20,26,64,0,17.75,0,0,0,161,88.04,718,3.353,3.576,,0,8,7,10,14,7,14,73,17,51,100,34.29,4.579,,0,24.43,1.401,,0
2026-05-07 07:10:00,985,539,257,85.42,,0,0,0,5.953,7.184,0,187,658,315,343,1193,,,24,32,24,35,20,31,27,28,24,25,63,0,19.53,0,0,0,161,83.7,679,3.329,3.585,0,0,9,11,8,12,7,15,72,17,50,100,31.43,4.385,0,0,10.23,1.225,0,0
2026-05-07 07:11:00,1008,532,269,87.15,,0,0,0,5.882,6.91,0,192,700,344,356,1225,,,25,32,21,37,14,32,21,28,20,26,63,0,23.08,0,0,0,161,82.34,667,3.362,3.678,,0,13,11,8,17,7,15,69,15,50,100,25.71,5.717,,0,14.77,1.844,,0
2026-05-07 07:12:00,1024,520,285,90.28,,0,0,0,6.043,6.59,0,200,691,344,347,1220,,,27,28,19,36,18,34,20,26,20,28,69,0,25.44,0,0,0,161,82.61,682,3.267,3.079,,0,12,12,9,18,8,14,76,16,52,110,22.86,3.402,,0,52.27,1.919,,0
2026-05-07 07:13:00,1030,524,279,91.32,,0,0,0,5.969,7.362,0,198,711,355,356,1233,,,24,31,22,37,18,34,21,26,18,30,70,0,27.22,0,0,0,161,83.7,674,3.231,3.133,,0,13,12,8,17,7,15,83,23,52,115,17.14,4.566,,0,47.16,2.065,,0
2026-05-07 07:14:00,1037,524,288,91.67,,0,0,0,6.201,8.662,0,197,724,364,360,1240,,,28,29,24,40,20,25,25,27,17,32,71,0,26.63,0,0,0,161,87.77,707,3.248,3.738,,0,11,10,6,17,6,15,81,23,52,111,25.71,3.203,,0,29.55,1.062,,0
2026-05-07 07:15:00,1026,532,283,92.71,,0,0,0,5.956,7.827,0,186,708,360,348,1232,,,30,31,19,36,19,27,23,25,19,28,69,0,25.44,0,0,0,161,87.77,721,3.228,3.273,0,0,11,8,8,17,6,19,84,24,55,112,34.29,4.397,0,0,23.3,1.314,0,0
2026-05-07 07:16:00,1026,546,294,92.01,,0,0,0,6.079,6.819,0,180,685,346,339,1218,,,27,28,22,33,24,27,22,22,15,27,71,0,26.63,0,0,0,161,87.77,725,3.233,3.638,,0,9,10,10,15,9,20,82,20,51,109,40,5.058,,0,23.3,1.878,,0
2026-05-07 07:17:00,1028,560,279,90.97,,0,0,0,5.914,5.643,0,183,682,345,337,1214,,,24,33,24,32,23,30,23,22,13,28,69,0,26.63,0,0,0,161,87.64,717,3.174,3.415,,0,9,10,11,20,12,18,78,18,49,112,42.86,4.425,,0,48.86,2.514,,0
2026-05-07 07:18:00,1032,551,282,90.97,,0,0,0,6.033,6.186,0,182,680,332,348,1215,,,26,34,27,32,18,33,19,22,18,29,66,0,27.22,0,0,0,161,85.73,694,3.144,3.063,,0,12,11,11,17,10,16,80,18,53,113,42.86,4.15,,0,46.59,1.709,,0
2026-05-07 07:19:00,1043,548,280,92.36,,0,0,0,6.007,7.66,0,182,683,336,347,1203,,,27,33,28,34,24,30,22,17,21,25,67,0,27.22,0,0,0,161,84.24,677,3.182,3.647,,0,13,12,8,16,8,20,72,13,51,106,37.14,3.744,,0,33.52,1.693,,0
2026-05-07 07:20:00,1030,550,284,93.4,,0,0,0,6.175,7.43,0,183,676,333,343,1182,,,27,36,26,39,22,28,24,18,25,22,64,0,26.63,0,0,0,161,84.92,681,3.127,3.063,0,0,13,15,5,17,5,20,73,16,50,104,25.71,3.897,0,0,26.14,1.59,0,0
2026-05-07 07:21:00,1037,540,300,97.92,,0,0,0,5.88,6.431,0,176,670,328,342,1167,,,28,38,24,37,22,27,22,19,23,20,64,0,26.63,0,0,0,161,86.14,700,3.144,3.439,,0,12,12,6,19,7,20,66,12,49,101,25.71,4.921,,0,18.75,1.999,,0
2026-05-07 07:22:00,1020,547,296,96.53,,0,0,0,6.028,6.529,0,200,655,320,335,1190,,,28,40,25,35,23,31,20,23,23,22,62,0,26.63,0,0,0,161,84.38,688,3.173,3.544,,0,11,12,7,20,12,21,65,9,49,108,20,4.111,,0,32.95,2.175,,0
2026-05-07 07:23:00,1007,549,294,95.14,,0,0,0,5.818,6.998,0,199,642,311,331,1185,,,27,37,25,39,24,27,22,22,19,26,64,0,26.04,0,0,0,161,87.5,693,3.165,3.255,,0,11,14,8,19,11,18,59,7,49,101,14.29,4.717,,0,39.2,1.64,,0
2026-05-07 07:24:00,982,550,285,93.06,,0,0,0,5.924,7.875,0,213,626,304,322,1170,,,31,34,30,37,22,27,23,22,15,30,60,0,27.81,0,0,0,161,82.07,657,3.203,3.537,,0,12,13,12,22,10,17,60,7,49,103,34.29,4.947,,0,36.93,1.956,,0
2026-05-07 07:25:00,983,556,281,91.67,,0,0,0,5.891,8.486,0,210,638,327,311,1175,,,30,35,26,36,21,27,20,24,15,28,75,0,26.04,0,0,0,161,82.88,687,3.18,3.387,0,0,16,13,10,22,10,20,68,15,50,110,54.29,5.127,0,0,22.73,1.491,0,0
2026-05-07 07:26:00,965,548,286,91.32,,0,0,0,6.233,8.613,0,213,627,320,307,1205,,,29,34,25,33,21,29,20,25,18,28,74,0,24.85,0,0,0,161,83.29,684,3.247,3.738,,0,13,13,9,23,9,20,63,10,51,106,51.43,4.979,,0,16.48,1.721,,0
2026-05-07 07:27:00,974,535,281,91.32,,0,0,0,6.276,7.485,0,214,656,339,317,1202,,,28,34,23,30,24,30,22,25,18,25,74,0,25.44,0,0,0,161,84.51,688,3.202,3.514,,0,14,12,11,21,8,23,63,8,52,107,40,6.194,,0,46.59,1.94,,0
2026-05-07 07:28:00,982,535,277,89.93,,0,0,0,6.614,10.005,0,205,650,333,317,1201,,,32,32,25,29,24,31,24,26,21,27,74,0,24.26,0,0,0,161,84.78,684,3.186,3.138,,0,12,10,10,20,9,22,70,13,54,100,48.57,4.413,,0,46.02,1.69,,0
2026-05-07 07:29:00,975,540,258,86.46,,0,0,0,6.53,8.266,0,208,655,336,319,1211,,,26,35,22,28,25,28,24,25,18,31,73,0,24.85,0,0,0,161,82.74,662,3.151,2.988,,0,13,10,10,20,12,22,78,20,53,104,42.86,4.496,,0,30.11,1.595,,0
2026-05-07 07:30:00,972,542,277,91.32,,0,0,0,6.823,8.939,0,200,648,326,322,1202,,,25,30,23,24,24,28,27,18,18,29,69,0,24.26,0,0,0,161,81.11,649,3.192,3.448,0,0,14,12,12,20,12,23,88,27,55,110,25.71,4.681,0,0,14.77,1.246,0,0
2026-05-07 07:31:00,984,548,289,93.75,,0,0,0,6.896,10.327,0,201,656,335,321,1203,,,24,34,24,26,23,30,27,18,18,27,67,0,24.26,0,0,0,161,79.89,652,3.168,3.137,,0,13,13,15,22,12,23,92,35,50,120,34.29,4.272,,0,18.75,1.911,,0
2026-05-07 07:32:00,989,546,290,93.06,,0,0,0,7.177,8.113,0,198,659,338,321,1206,,,25,34,20,25,22,28,26,18,14,26,65,0,27.81,0,0,0,161,81.39,671,3.147,3.011,,0,12,13,13,22,12,21,99,35,51,127,42.86,5.291,,0,46.59,2.115,,0
2026-05-07 07:33:00,977,545,283,90.97,,0,0,0,6.96,7.206,0,198,656,337,319,1208,,,29,31,25,33,22,30,21,18,20,22,63,0,26.04,0,0,0,161,80.98,670,3.117,2.942,,0,14,13,14,24,11,19,96,34,47,133,40,3.672,,0,53.98,1.585,,0
2026-05-07 07:34:00,958,543,284,89.24,,0,0,0,7.205,8.184,0,214,692,358,334,1251,,,30,36,25,31,24,29,18,17,21,22,63,0,28.99,0,0,0,161,84.78,698,3.121,3.134,,0,15,15,15,25,12,20,92,32,46,136,31.43,3.878,,0,36.93,1.631,,0
2026-05-07 07:35:00,976,525,277,90.63,,0,0,0,6.929,8.55,0,246,689,354,335,1276,,,29,36,25,29,24,31,20,18,23,19,65,0,28.99,0,0,0,161,84.65,704,3.133,3.312,0,0,15,14,16,24,8,21,100,41,47,141,57.14,3.351,0,0,15.91,1.734,0,0
2026-05-07 07:36:00,974,527,275,88.54,,0,0,0,7.105,9.11,0,245,673,344,329,1263,,,31,31,24,28,22,37,23,21,20,25,65,0,30.77,0,0,0,161,85.87,710,3.163,3.425,,0,16,16,16,26,8,18,107,42,54,145,60,3.917,,0,15.34,1.883,,0
2026-05-07 07:37:00,976,524,286,92.01,,0,0,0,7.053,8.586,0,253,689,344,345,1268,,,32,31,25,31,22,30,20,25,19,24,67,0,28.4,0,0,0,161,83.42,705,3.17,3.509,,0,14,17,18,24,9,17,105,44,55,155,45.71,5.043,,0,39.2,2.267,,0
2026-05-07 07:38:00,977,531,284,91.32,,0,0,0,7.164,8.318,0,254,682,340,342,1253,,,29,29,27,32,23,28,22,21,20,23,70,0,28.99,0,0,0,161,84.38,717,3.2,3.617,,0,16,19,17,26,8,18,102,43,53,155,22.86,4.249,,0,34.09,1.692,,0
2026-05-07 07:39:00,979,522,278,89.93,,0,0,0,7.073,9.106,0,256,674,343,331,1244,,,29,32,26,31,26,31,28,21,20,23,67,0,30.18,0,0,0,161,84.92,725,3.225,3.242,,0,21,17,14,25,7,19,120,59,45,161,25.71,5.018,,0,28.41,1.328,,0
2026-05-07 07:40:00,988,515,296,94.44,,0,0,0,7.296,7.078,0,242,665,336,329,1220,,,29,33,26,30,26,32,26,21,19,26,65,0,31.95,0,0,0,161,87.36,741,3.269,3.758,0,0,22,16,15,18,7,17,113,58,44,159,37.14,5.302,0,0,21.59,1.532,0,0
2026-05-07 07:41:00,989,518,287,92.36,,0,0,0,6.866,10.383,0,241,678,347,331,1217,,,30,34,30,32,29,28,24,22,21,27,64,0,32.54,0,0,0,161,87.09,765,3.325,4.044,,0,19,13,15,20,10,20,110,59,44,162,42.86,4.145,,0,17.05,1.77,,0
2026-05-07 07:42:00,975,534,290,92.01,,0,0,0,7.121,9.466,0,228,664,336,328,1200,,,31,33,24,32,26,32,26,24,19,25,65,0,32.54,0,0,0,161,90.88,762,3.407,3.816,,0,17,16,15,18,8,19,108,54,44,156,31.43,4.27,,0,48.86,1.866,,0
2026-05-07 07:43:00,974,529,301,94.44,,0,0,0,7.043,8.652,0,217,653,325,328,1184,,,32,33,30,33,27,32,23,23,20,24,60,0,34.32,0,0,0,161,89.93,740,3.447,3.443,,0,15,14,15,12,8,21,107,47,54,151,20,4.245,,0,50.57,1.919,,0
2026-05-07 07:44:00,973,519,290,89.93,,0,0,0,7.235,8.264,0,205,627,309,318,1163,,,34,33,30,31,31,33,28,21,24,23,59,0,34.91,0,0,0,161,85.85,737,3.476,3.486,,0,19,13,13,10,7,21,99,42,53,143,40,3.769,,0,36.36,1.613,,0
2026-05-07 07:45:00,958,526,302,94.1,,0,0,0,7.06,8.357,0,190,617,309,308,1134,,,29,35,32,30,32,32,30,20,23,19,61,0,34.32,0,0,0,161,87.76,733,3.503,3.573,0,0,19,16,15,11,7,21,90,35,50,133,42.86,4.652,0,0,14.77,1.257,0,0
2026-05-07 07:46:00,942,536,300,94.44,,0,0,0,7.161,8.274,0,173,596,297,299,1112,,,33,33,31,30,27,36,25,23,22,22,64,0,34.32,0,0,0,161,86.39,735,3.527,3.543,,0,17,16,14,12,11,19,82,28,50,121,34.29,5.13,,0,15.34,1.762,,0
2026-05-07 07:47:00,947,535,295,89.93,,0,0,0,7.207,11.114,0,185,586,298,288,1120,,,34,39,30,34,28,34,25,20,24,20,66,0,37.28,0,0,0,161,89.66,734,3.567,3.866,,0,15,17,13,11,11,25,78,26,47,119,31.43,5.553,,0,42.61,2.274,,0
2026-05-07 07:48:00,941,543,295,89.24,,0,0,0,7.575,10.56,0,182,562,286,276,1115,,,34,38,28,36,30,36,27,23,22,20,65,0,39.05,0,0,0,161,89.25,732,3.577,3.794,,0,16,15,14,12,9,20,73,20,48,110,28.57,5.63,,0,51.14,2.153,,0
2026-05-07 07:49:00,930,535,286,90.63,,0,0,0,7.444,9.08,0,171,554,284,270,1092,,,31,40,28,35,27,37,28,23,23,20,67,0,36.69,0,0,0,161,88.57,719,3.638,3.821,,1,15,13,15,13,9,25,63,13,46,102,22.86,4.878,,0,36.93,1.148,,0
2026-05-07 07:50:00,922,537,290,91.67,,0,0,0,7.611,7.332,0,173,542,275,267,1095,,,35,40,28,32,27,33,29,19,29,27,64,0,35.5,0,0,0,161,87.07,692,3.67,3.644,0,0,13,10,14,11,8,22,54,6,46,90,42.86,3.964,0,0,28.98,1.448,0,0
2026-05-07 07:51:00,936,541,279,89.24,,0,0,0,7.202,7.049,0,180,591,302,289,1131,,,36,37,34,30,24,34,26,22,28,26,64,0,33.14,0,0,0,161,86.26,693,3.632,3.633,,0,14,9,11,13,9,18,63,10,51,89,60,4.791,,0,20.45,1.882,,0
2026-05-07 07:52:00,932,528,278,90.63,,0,0,0,7.166,6.843,0,208,593,301,292,1150,,,36,36,27,30,21,36,27,23,25,30,65,0,30.77,0,0,0,161,86.8,705,3.617,3.877,,0,12,14,13,9,11,21,59,6,50,90,68.57,6.398,,0,33.52,2.203,,0
2026-05-07 07:53:00,952,530,288,91.67,,0,0,0,7.055,7.787,0,217,616,316,300,1186,,,35,35,23,28,24,38,21,20,25,31,67,0,28.99,0,0,0,161,86.67,711,3.553,3.383,,0,13,15,13,11,8,21,68,9,54,100,60,4.833,,0,40.91,1.657,,0
2026-05-07 07:54:00,951,522,283,89.24,,0,0,0,7.138,7.941,0,235,596,304,292,1184,,,33,38,28,26,27,37,21,21,25,30,68,0,24.26,0,0,0,161,87.89,712,3.546,3.492,,0,10,13,16,15,8,21,76,15,53,110,42.86,3.86,,0,31.82,1.698,,0
2026-05-07 07:55:00,949,531,273,87.85,,0,0,0,6.903,7.057,0,236,597,300,297,1177,,,31,38,28,28,24,35,23,21,23,31,67,0,24.26,0,0,0,161,86.26,693,3.492,3.102,0,0,13,15,11,13,9,18,85,20,51,118,25.71,6.12,0,0,21.59,1.263,0,0
2026-05-07 07:56:00,944,524,279,90.28,,0,0,0,7.152,8.556,0,237,582,299,283,1162,,,31,34,28,30,25,33,22,22,23,25,65,0,23.08,0,0,0,161,84.63,693,3.434,3.11,,0,15,14,14,19,12,19,88,24,53,127,22.86,4.213,,0,23.3,1.849,,0
2026-05-07 07:57:00,975,523,284,90.28,,0,0,0,6.854,8.934,0,225,594,313,281,1169,,,35,34,26,34,21,37,23,23,20,20,71,0,24.26,0,0,0,161,85.99,701,3.425,3.547,,0,13,11,12,19,11,17,85,22,56,126,17.14,4.761,,0,59.09,2.153,,0
2026-05-07 07:58:00,965,532,278,90.63,,0,0,0,7.202,13.547,0,224,585,305,280,1166,,,32,35,26,32,26,37,21,21,18,21,69,0,25.44,0,0,0,161,85.31,711,3.367,3.289,,0,15,12,14,16,9,18,89,29,53,131,17.14,5.009,,0,55.11,1.581,,0
2026-05-07 07:59:00,951,552,268,87.15,,0,0,0,7.064,9.836,0,221,596,307,289,1162,,,30,34,26,29,23,38,20,25,18,19,70,0,23.67,0,0,0,161,84.08,701,3.313,3.25,,0,14,13,16,15,11,21,87,26,52,135,22.86,4.462,,0,34.09,1.431,,0
2026-05-07 08:00:00,937,572,279,92.36,,0,0,0,7.414,8.708,0,213,588,298,290,1155,,,31,38,26,34,19,35,21,25,23,22,69,0,22.49,0,0,0,161,86.12,717,3.263,3.08,0,0,15,13,15,15,10,20,81,20,52,122,40,4.831,0,0,19.32,1.485,0,0
2026-05-07 08:01:00,973,566,298,95.49,,0,0,0,6.977,6.337,0,207,638,333,305,1203,,,30,35,30,32,19,36,18,23,20,26,71,0,21.89,0,0,0,161,84.63,703,3.286,3.553,,0,16,11,15,16,10,18,86,23,52,123,54.29,4.885,,0,14.77,1.829,,0
2026-05-07 08:02:00,964,572,294,94.79,,0,0,0,7.047,5.159,0,204,631,332,299,1234,,,28,35,30,30,17,34,21,26,23,23,67,0,19.53,0,0,0,161,84.9,709,3.282,3.539,,0,17,14,18,17,10,17,77,17,53,122,54.29,5.232,,0,52.84,2.089,,0
2026-05-07 08:03:00,975,583,290,94.79,,0,0,0,6.926,8.456,0,223,641,330,311,1246,,,33,38,26,31,17,36,24,25,27,25,65,0,23.08,0,0,0,161,84.22,718,3.292,3.386,,0,16,17,16,16,10,17,73,18,51,121,42.86,4.648,,0,59.09,1.645,,0
2026-05-07 08:04:00,955,604,295,94.44,,0,0,0,7.054,6.477,0,214,621,318,303,1223,,,31,41,27,34,20,37,21,25,26,25,62,0,21.89,0,0,0,161,86.12,731,3.281,3.442,,0,18,17,14,16,10,17,75,18,49,119,54.29,4.694,,0,49.43,1.254,,0
2026-05-07 08:05:00,977,592,296,94.1,,0,0,0,6.863,7.788,0,212,633,324,309,1226,,,34,39,28,32,27,33,18,26,23,29,68,0,20.71,0,0,0,161,88.3,732,3.326,3.531,0,0,19,13,11,16,12,20,74,18,52,113,60,4.027,0,0,32.95,1.202,0,0
2026-05-07 08:06:00,979,589,299,97.57,,0,0,0,6.882,7.067,0,212,623,317,306,1230,,,30,39,28,34,25,35,16,25,24,29,64,0,20.71,0,0,0,161,89.25,729,3.427,4.519,,0,18,13,10,16,11,19,79,21,54,112,42.86,5.232,,0,23.86,1.912,,0
2026-05-07 08:07:00,982,600,300,95.49,,0,0,0,6.54,7.775,0,206,622,316,306,1201,,,28,38,29,29,26,35,17,28,26,28,67,0,21.89,0,0,0,161,88.71,725,3.384,3.685,,0,18,15,10,15,11,20,82,23,50,113,34.29,4.958,,0,47.73,2.027,,0
2026-05-07 08:08:00,967,585,292,94.44,,0,0,0,6.185,6.045,0,212,619,310,309,1208,,,27,40,29,32,24,37,17,25,29,27,66,0,19.53,0,0,0,161,89.12,726,3.365,3.264,,0,18,17,12,16,8,19,79,18,52,120,25.71,4.592,,0,47.16,1.988,,0
2026-05-07 08:09:00,974,579,288,93.4,,0,0,0,5.861,6.003,0,202,624,309,315,1194,,,33,41,27,34,22,34,21,24,27,27,64,0,21.3,0,0,0,161,88.84,711,3.374,3.332,,0,15,15,12,18,8,20,73,16,49,118,28.57,4.5,,0,37.5,1.499,,0
2026-05-07 08:10:00,969,559,286,91.67,,0,0,0,5.891,6.969,0,200,624,312,312,1209,,,29,41,29,34,25,34,22,24,29,26,65,0,22.49,0,0,0,161,86.53,722,3.431,3.544,0,0,14,15,10,18,9,18,73,16,48,120,28.57,4.908,0,0,30.68,1.39,0,0
2026-05-07 08:11:00,981,565,288,91.32,,0,0,0,5.878,8.958,0,213,670,348,322,1240,,,32,39,27,36,25,34,22,23,27,25,64,0,24.85,0,0,0,161,85.71,718,3.398,3.194,,0,19,16,9,15,7,23,79,17,54,128,20,5.047,,0,34.66,1.706,,0
2026-05-07 08:12:00,984,562,298,93.4,,0,0,0,6.195,7.797,0,205,663,344,319,1235,,,29,43,31,35,26,37,22,22,21,29,65,0,23.67,0,0,0,161,88.98,726,3.377,3.343,,0,18,15,9,16,7,23,82,20,53,128,17.14,4.588,,0,57.39,2.382,,0
2026-05-07 08:13:00,998,541,309,96.18,,0,0,0,6.364,10.596,0,203,681,354,327,1226,,,31,40,29,39,24,35,23,21,22,28,66,0,23.67,0,0,0,161,88.16,703,3.385,3.507,,0,21,16,11,20,6,23,81,19,53,124,17.14,5.002,,0,51.7,1.805,,0
2026-05-07 08:14:00,989,541,303,95.14,,0,0,0,6.702,10.394,0,197,663,343,320,1206,,,33,41,26,37,25,38,21,16,25,26,62,0,22.49,0,0,0,161,85.58,685,3.403,3.565,,0,23,16,15,22,7,20,71,16,48,119,48.57,5.492,,0,41.48,1.608,,0
2026-05-07 08:15:00,1002,552,295,94.79,,0,0,0,6.519,10.247,0,203,682,337,345,1223,,,31,38,31,40,27,37,20,20,28,22,54,0,24.26,0,0,0,161,84.76,700,3.44,3.633,0,0,21,18,15,18,11,21,70,16,48,126,54.29,4.162,0,0,34.66,1.606,0,0
2026-05-07 08:16:00,1002,559,303,93.75,,0,0,0,7.067,10.869,0,197,657,321,336,1216,,,30,37,29,39,23,34,19,23,24,21,59,0,26.04,0,0,0,161,86.67,719,3.401,3.461,,0,20,15,15,18,11,24,65,13,49,121,54.29,5.116,,0,21.59,1.861,,0
2026-05-07 08:17:00,999,567,283,91.32,,0,0,0,6.992,8.983,0,194,668,324,344,1234,,,30,40,29,36,27,37,21,24,22,24,62,0,24.26,0,0,0,161,84.9,678,3.393,3.531,,0,22,15,13,19,8,20,75,17,51,127,45.71,3.758,,0,52.27,2.179,,0
2026-05-07 08:18:00,1010,557,291,93.4,,0,0,0,7.472,9.538,0,196,665,323,342,1239,,,32,43,31,39,25,35,23,29,17,20,62,0,26.63,0,0,0,161,85.44,700,3.404,3.537,,0,23,15,11,18,7,18,80,24,51,132,60,4.136,,0,54.55,1.727,,0
2026-05-07 08:19:00,1019,545,286,92.71,,0,0,0,7.496,7.991,0,195,681,326,355,1253,,,32,45,31,42,25,38,25,23,13,21,61,0,25.44,0,0,0,161,86.12,691,3.404,3.328,,0,20,14,13,18,6,16,70,16,50,125,71.43,4.141,,0,39.2,1.419,,0
2026-05-07 08:20:00,1012,557,297,94.44,,0,0,0,7.98,9.03,0,204,662,319,343,1248,,,31,44,28,40,24,34,21,26,13,28,64,0,23.67,0,0,0,161,85.17,687,3.39,3.217,0,0,19,11,17,18,7,17,72,17,50,122,65.71,4.966,0,0,33.52,1.207,0,0
2026-05-07 08:21:00,1026,555,299,95.14,,0,0,0,7.534,7.77,0,193,690,337,353,1254,,,32,43,35,40,19,35,22,24,16,27,62,0,22.49,0,0,0,161,88.16,711,3.395,3.339,,0,19,9,17,17,9,17,80,21,52,125,54.29,3.891,,0,28.41,1.703,,0
2026-05-07 08:22:00,1021,557,288,94.79,,0,0,0,7.865,8.519,0,199,691,345,346,1259,,,27,45,29,39,24,38,27,26,14,25,58,0,23.67,0,0,0,161,84.9,706,3.414,3.418,,0,23,12,17,15,11,16,80,21,51,131,37.14,4.047,,0,43.75,2.214,,0
2026-05-07 08:23:00,1021,574,299,94.79,,0,0,0,7.282,7.305,0,197,676,337,339,1234,,,30,42,28,36,25,40,26,28,19,25,63,0,24.26,0,0,0,161,86.26,686,3.385,3.311,,0,23,13,14,14,12,15,81,20,47,133,22.86,4.185,,0,51.14,1.781,,0
2026-05-07 08:24:00,1021,557,295,94.79,,0,0,0,7.455,8.794,0,209,677,324,353,1251,,,30,46,27,38,26,39,26,25,22,24,63,0,23.08,0,0,0,161,84.63,677,3.351,3.25,,0,20,11,12,17,10,16,82,21,49,130,14.29,5.828,,0,38.64,1.729,,0
2026-05-07 08:25:00,1025,544,294,93.75,,0,0,0,7.251,9.345,0,204,663,313,350,1230,,,33,42,29,35,24,39,23,29,24,24,67,0,22.49,0,0,0,161,85.85,682,3.317,3.361,0,0,21,12,11,17,11,18,79,18,47,130,34.29,4.057,0,0,26.14,1.371,0,0
2026-05-07 08:26:00,1012,548,292,94.79,,0,0,0,7.105,7.393,0,201,642,302,340,1251,,,35,41,32,34,22,37,21,24,25,21,69,0,19.53,0,0,0,161,86.67,700,3.349,3.591,,0,21,9,14,17,12,19,75,18,46,123,51.43,5.224,,0,21.02,1.751,,0
2026-05-07 08:27:00,1015,550,301,94.79,,0,0,0,6.814,8.592,0,192,661,318,343,1230,,,36,42,29,33,21,35,21,25,25,22,70,0,19.53,0,0,0,161,89.52,716,3.339,3.352,,0,21,11,14,16,13,18,80,20,51,122,45.71,4.778,,0,50.57,2.297,,0
2026-05-07 08:28:00,1004,558,293,91.67,,0,0,0,6.959,9.553,0,203,660,317,343,1237,,,35,43,31,35,21,37,24,27,22,23,71,0,19.53,0,0,0,161,85.99,695,3.318,3.319,,0,23,10,16,15,12,17,68,15,47,119,34.29,4.646,,0,44.89,1.923,,0
2026-05-07 08:29:00,1007,562,288,91.32,,0,0,0,6.804,7.801,0,201,672,318,354,1228,,,36,45,28,35,25,36,22,24,23,22,70,0,21.3,0,0,0,161,82.72,658,3.303,3.258,,0,23,8,18,17,13,17,62,12,48,116,37.14,3.818,,0,31.25,1.625,,0
2026-05-07 08:30:00,992,571,274,89.93,,0,0,0,7.085,9.891,0,201,650,307,343,1228,,,37,43,36,36,23,33,21,23,21,22,66,0,20.71,0,0,0,161,81.22,635,3.324,3.45,0,0,22,7,16,15,14,22,74,18,51,119,37.14,4.398,0,0,19.32,1.501,0,0
2026-05-07 08:31:00,1027,568,282,91.67,,0,0,0,6.881,9.652,0,213,680,311,369,1244,,,37,39,29,36,22,34,19,26,22,20,69,0,20.12,0,0,0,161,84.63,688,3.311,3.173,,0,24,9,14,16,10,20,86,19,50,122,34.29,3.755,,0,28.41,1.863,,0
2026-05-07 08:32:00,1018,566,284,94.1,,0,0,0,7.285,10.042,0,207,670,306,364,1260,,,39,38,29,36,22,36,22,26,23,22,68,0,20.12,0,0,0,161,85.17,706,3.329,3.445,,0,22,10,11,15,11,20,81,17,48,119,17.14,4.825,,0,51.14,2.171,,0
2026-05-07 08:33:00,1033,559,283,94.44,,0,0,0,7.127,7.609,0,204,697,315,382,1245,,,35,40,25,39,22,36,22,26,26,22,67,0,20.71,0,0,0,161,88.16,719,3.321,3.336,,0,20,9,13,17,10,17,77,16,50,122,28.57,4.01,,0,52.84,1.639,,0
2026-05-07 08:34:00,1028,568,280,92.01,,0,0,0,7.338,9.09,0,202,694,317,377,1237,,,37,37,31,40,25,35,24,28,28,20,65,0,22.49,0,0,0,161,88.71,741,3.334,3.328,,0,21,9,12,18,9,15,76,15,52,122,28.57,4.789,,0,43.75,1.692,,0
2026-05-07 08:35:00,1029,574,290,93.4,,0,0,0,7.023,7.217,0,185,677,312,365,1224,,,37,38,29,38,26,36,21,27,28,21,64,0,23.08,0,0,0,161,91.02,752,3.307,3.135,0,0,18,11,12,20,10,15,73,13,54,115,28.57,5.29,0,0,34.09,1.48,0,0
2026-05-07 08:36:00,1028,568,300,95.83,,0,0,0,7.244,6.763,0,172,661,303,358,1210,,,32,43,34,35,24,37,23,26,27,23,63,0,23.67,0,0,0,161,87.89,730,3.273,3.294,,0,19,10,17,20,12,14,75,19,54,112,34.29,5.233,,0,26.14,1.835,,0
2026-05-07 08:37:00,1013,572,296,95.14,,0,0,0,7.019,8.595,0,168,647,296,351,1188,,,33,47,34,33,21,38,27,24,24,24,57,0,24.26,0,0,0,161,89.66,746,3.301,3.598,,0,20,9,17,17,10,16,68,13,49,104,28.57,5.671,,0,49.43,2.346,,0
2026-05-07 08:38:00,999,577,293,94.79,,0,0,0,7.193,9.408,0,163,637,292,345,1164,,,33,47,32,36,21,35,26,24,23,25,56,0,23.67,0,0,0,161,88.98,731,3.322,3.648,,0,22,7,19,17,10,20,59,8,48,99,20,4.139,,0,43.75,2.353,,0
2026-05-07 08:39:00,979,590,276,90.63,,0,0,0,7.01,7.882,0,149,618,285,333,1150,,,38,43,33,37,24,34,30,24,22,28,54,0,23.67,0,0,0,161,89.39,715,3.334,3.435,,0,19,9,16,15,9,17,49,2,42,85,25.71,3.815,,0,30.68,1.871,,0
2026-05-07 08:40:00,961,589,283,91.32,,0,0,0,7.286,8.969,0,141,597,273,324,1158,,,33,43,31,38,25,35,26,22,25,30,53,0,24.26,0,0,0,161,86.39,694,3.337,3.417,0,0,23,10,15,13,9,21,45,0,41,77,17.14,4.562,0,0,26.14,1.459,0,0
2026-05-07 08:41:00,988,584,277,91.32,,0,0,0,6.715,7.183,0,162,637,295,342,1186,,,38,42,34,35,20,39,25,23,24,29,60,0,23.67,0,0,0,161,87.76,707,3.381,3.541,,0,20,11,15,13,12,19,54,2,50,87,28.57,5.333,,0,22.73,1.741,,0
2026-05-07 08:42:00,978,580,284,91.32,,0,0,0,6.606,7.554,0,166,621,288,333,1190,,,36,43,34,35,21,38,20,19,31,30,60,0,21.3,0,0,0,161,86.94,689,3.401,3.422,,0,20,9,16,14,13,20,57,5,48,89,25.71,4.778,,0,44.89,2.171,,0
2026-05-07 08:43:00,985,587,277,89.93,,0,0,0,6.497,8.514,0,203,640,301,339,1226,,,33,41,33,35,20,42,21,22,36,28,58,0,20.12,0,0,0,161,87.35,710,3.424,3.543,,0,26,9,16,15,11,21,70,13,46,108,14.29,4.968,,0,45.45,2.339,,0
2026-05-07 08:44:00,986,578,273,87.5,,0,0,0,6.53,7.081,0,215,623,290,333,1254,,,36,39,30,31,27,43,21,29,34,29,56,0,20.12,0,0,0,161,90.34,735,3.408,3.235,,0,23,10,18,15,10,20,74,9,52,115,22.86,4.563,,0,34.09,1.81,,0
2026-05-07 08:45:00,1004,565,282,93.4,,0,0,0,6.385,6.593,0,219,642,301,341,1242,,,34,37,32,28,27,40,21,29,37,30,55,0,20.71,0,0,0,161,90.75,734,3.423,3.47,0,0,23,11,14,14,9,21,75,13,50,117,34.29,4.31,0,0,23.3,1.651,0,0
2026-05-07 08:46:00,997,566,275,91.67,,0,0,0,6.625,7.388,0,199,645,315,330,1220,,,35,34,28,30,25,38,28,31,34,31,58,0,25.44,0,0,0,161,88.98,720,3.402,3.093,,0,20,8,11,15,11,24,66,6,50,109,31.43,5.237,,0,17.61,1.931,,0
2026-05-07 08:47:00,1007,548,283,92.36,,0,0,0,6.415,8.822,0,200,673,339,334,1248,,,35,35,27,30,27,34,32,28,29,28,60,0,25.44,0,0,0,161,89.66,719,3.384,3.363,,0,23,12,15,16,12,19,64,8,53,107,31.43,4.38,,0,46.59,2.043,,0
2026-05-07 08:48:00,995,556,287,92.71,,0,0,0,6.487,8.477,0,204,654,329,325,1227,,,31,36,27,27,24,32,32,24,31,27,60,0,25.44,0,0,0,161,86.8,702,3.368,3.42,,0,22,10,18,17,8,18,65,11,50,106,20,5.154,,0,50,1.955,,0
2026-05-07 08:49:00,1006,545,282,92.01,,0,0,0,6.373,8.43,0,200,670,342,328,1246,,,30,39,31,29,23,31,29,29,30,26,58,0,24.85,0,0,0,161,84.9,682,3.336,3.138,,0,21,12,19,19,8,20,59,8,47,105,8.57,5.256,,0,38.07,1.441,,0
2026-05-07 08:50:00,1004,531,276,89.58,,0,0,0,6.747,10.118,0,199,657,339,318,1240,,,34,36,31,31,25,36,28,27,30,26,58,0,26.63,0,0,0,161,86.26,688,3.301,3.077,0,0,25,11,18,17,9,21,58,8,45,107,17.14,4.873,0,0,29.55,1.216,0,0
2026-05-07 08:51:00,999,541,276,90.28,,0,0,0,6.498,7.139,0,203,641,334,307,1228,,,38,39,30,29,30,36,32,25,28,22,58,0,24.85,0,0,0,161,85.03,690,3.253,3.152,,0,26,11,21,16,9,21,59,10,44,111,34.29,5.173,,0,19.32,1.757,,0
2026-05-07 08:52:00,997,548,293,94.1,,0,0,0,6.76,8.065,0,200,631,331,300,1212,,,30,43,28,33,24,34,27,26,28,25,61,0,24.85,0,0,0,161,86.39,689,3.258,3.447,,0,25,11,19,19,8,21,57,12,43,107,34.29,3.943,,0,32.95,2.09,,0
2026-05-07 08:53:00,1003,532,297,95.49,,0,0,0,6.615,8.256,0,199,621,323,298,1187,,,33,39,24,34,25,32,28,30,26,25,62,0,23.67,0,0,0,161,88.57,723,3.251,3.458,,0,24,9,18,18,8,20,59,9,46,112,40,6.286,,0,46.59,2.006,,0
2026-05-07 08:54:00,975,548,294,94.44,,0,0,0,6.808,7.022,0,194,601,315,286,1170,,,38,36,26,31,26,33,29,29,24,26,64,0,25.44,0,0,0,161,85.99,693,3.231,3.081,,0,26,11,20,20,7,22,61,10,50,111,28.57,3.586,,0,33.52,1.259,,0
2026-05-07 08:55:00,978,561,286,93.4,,0,0,0,6.599,6.659,0,194,614,313,301,1162,,,37,39,29,30,26,36,28,29,24,23,70,0,24.26,0,0,0,161,87.48,697,3.213,3.232,0,0,25,8,19,20,8,23,60,10,47,112,34.29,5.747,0,0,19.89,1.04,0,0
2026-05-07 08:56:00,963,553,292,94.1,,0,0,0,6.918,8.437,0,200,605,308,297,1192,,,32,41,28,31,25,34,27,25,26,25,72,0,25.44,0,0,0,161,87.35,690,3.256,3.28,,0,25,8,22,19,10,23,57,10,44,112,20,4.435,,0,21.02,1.406,,0
2026-05-07 08:57:00,978,550,294,94.44,,0,0,0,6.729,8.658,0,190,612,309,303,1188,,,32,40,31,32,23,34,30,26,24,25,73,0,26.63,0,0,0,161,86.67,702,3.221,3.502,,0,26,13,20,18,9,23,59,8,44,113,37.14,5.476,,0,56.25,2.106,,0
2026-05-07 08:58:00,996,541,313,97.92,,0,0,0,6.852,8.762,0,184,615,313,302,1197,,,31,40,33,34,20,37,30,27,21,26,78,0,27.22,0,0,0,161,85.58,697,3.188,3.11,,0,23,11,19,19,8,24,57,11,42,108,42.86,4.331,,0,48.3,1.69,,0
2026-05-07 08:59:00,990,534,301,96.18,,0,0,0,6.789,8.607,0,180,623,307,316,1183,,,32,40,32,34,21,41,33,25,20,24,74,0,27.22,0,0,0,161,84.9,697,3.22,3.43,,0,22,12,19,19,9,23,54,6,45,109,45.71,5.292,,0,32.95,1.452,,0
2026-05-07 09:00:00,984,533,301,93.75,,0,0,0,7.035,11.088,0,192,607,294,313,1195,,,38,37,28,31,24,38,31,26,24,26,72,0,26.63,0,0,0,161,84.49,675,3.24,3.287,0,0,21,11,20,17,9,22,51,6,42,107,57.14,4.887,0,0,32.39,1.417,0,0
2026-05-07 09:01:00,1000,533,299,92.71,,0,0,0,6.838,7.607,0,200,643,324,319,1211,,,36,38,34,32,23,35,26,25,26,32,69,0,27.81,0,0,0,161,86.39,693,3.258,3.446,,0,21,10,19,18,8,23,55,8,43,107,37.14,3.878,,0,19.32,1.872,,0
2026-05-07 09:02:00,970,541,295,92.71,,0,0,0,7.076,8.42,0,195,625,311,314,1201,,,35,38,31,32,27,36,31,23,26,29,65,0,26.63,0,0,0,161,87.21,706,3.289,3.611,,0,20,11,18,16,7,23,52,10,39,108,25.71,4.08,,0,48.86,2.35,,0
2026-05-07 09:03:00,970,563,296,92.36,,0,0,0,7.021,8.68,0,184,642,319,323,1212,,,34,41,33,31,23,39,31,20,27,33,66,0,26.04,0,0,0,161,88.03,714,3.31,3.627,,1,16,13,20,18,10,22,59,5,49,107,22.86,3.99,,0,48.86,2.091,,0
2026-05-07 09:04:00,965,553,292,90.63,,0,0,0,7.3,8.026,0,183,639,324,315,1226,,,31,44,34,31,31,38,28,23,28,29,64,0,24.85,0,0,0,161,85.17,698,3.351,3.617,,1,15,12,23,16,10,22,61,8,49,108,28.57,4.602,,0,45.45,1.743,,0
2026-05-07 09:05:00,993,541,300,94.1,,0,0,0,7.262,9.384,0,200,679,349,330,1246,,,36,41,30,32,25,38,28,25,28,23,67,0,22.49,0,0,0,161,84.76,701,3.353,3.32,0,1,13,9,22,18,12,24,53,6,45,105,51.43,4.418,0,0,28.41,1.37,0,0
2026-05-07 09:06:00,990,541,314,98.61,,0,0,0,7.447,8.257,0,205,680,351,329,1228,,,38,38,28,32,25,34,28,25,29,24,64,0,17.75,0,0,0,161,87.07,718,3.381,3.51,,1,14,10,21,20,13,23,60,8,49,113,42.86,4.315,,0,21.59,1.679,,0
2026-05-07 09:07:00,1006,536,301,96.88,,0,0,0,7.323,9.617,0,210,693,364,329,1252,,,39,35,27,31,29,34,27,28,26,28,63,0,17.16,0,0,0,161,85.85,702,3.377,3.343,,1,15,12,22,21,11,20,62,9,51,117,25.71,4.348,,0,43.75,1.982,,0
2026-05-07 09:08:00,994,545,293,94.44,,0,0,0,7.239,6.834,0,206,712,362,350,1264,,,34,36,29,32,32,35,27,30,26,25,60,0,17.75,0,0,0,161,86.67,691,3.371,3.102,,0,18,12,23,20,11,20,64,11,49,118,14.29,5.517,,0,45.45,2.032,,0
2026-05-07 09:09:00,1023,552,297,95.83,,0,0,0,6.902,6.997,0,197,696,352,344,1246,,,33,37,31,34,28,39,27,29,24,26,58,0,16.57,0,0,0,161,83.27,668,3.347,3.274,,0,18,11,23,18,14,20,68,10,50,116,22.86,4.33,,0,49.43,1.897,,0
2026-05-07 09:10:00,1021,555,297,94.79,,0,0,0,6.905,7.521,0,188,693,355,338,1224,,,36,33,28,37,27,39,23,27,26,28,56,0,15.98,0,0,0,161,86.53,695,3.376,3.545,0,0,18,12,23,16,11,19,72,15,39,113,34.29,3.337,0,0,32.95,1.318,0,0
2026-05-07 09:11:00,1024,545,302,95.49,,0,0,0,6.758,7.963,0,176,681,349,332,1214,,,37,34,28,36,32,40,23,24,26,25,59,0,15.38,0,0,0,161,87.21,691,3.345,3.473,,0,17,13,24,13,12,17,74,21,39,109,37.14,4.251,,0,28.41,1.73,,0
2026-05-07 09:12:00,1009,545,288,93.4,,0,0,0,7.03,8.68,0,173,669,343,326,1211,,,36,33,31,32,29,39,27,22,28,23,57,0,16.57,0,0,0,161,85.58,708,3.362,3.571,,0,20,11,21,16,12,15,72,23,37,107,28.57,4.749,,0,50.57,2.187,,0
2026-05-07 09:13:00,1011,538,292,92.71,,0,0,0,6.827,7.943,0,161,660,335,325,1190,,,35,34,30,37,34,41,26,24,26,22,56,0,15.38,0,0,0,161,87.35,708,3.326,3.21,,0,20,9,22,15,13,14,63,18,35,101,11.43,4.337,,0,49.43,1.946,,0
2026-05-07 09:14:00,1005,539,282,91.32,,0,0,0,7.169,9.585,0,161,648,327,321,1179,,,38,34,34,41,30,39,26,18,28,23,52,0,18.34,0,0,0,161,88.84,732,3.288,3.194,,0,19,11,24,17,14,12,60,18,34,102,17.14,6.059,,0,35.23,1.464,,0
2026-05-07 09:15:00,993,550,274,90.97,,0,0,0,7.03,10.751,0,155,624,313,311,1156,,,33,39,32,40,35,41,28,23,27,24,53,0,18.34,0,0,0,161,86.94,700,3.304,3.407,0,0,20,9,23,16,16,13,60,14,40,98,5.71,4.742,0,0,19.89,1.642,0,0
2026-05-07 09:16:00,985,542,274,89.24,,0,0,0,7.477,10.4,0,180,607,302,305,1180,,,30,39,33,40,29,40,24,23,22,26,55,0,20.71,0,0,0,161,86.8,715,3.288,3.208,,0,19,7,25,16,13,13,65,9,46,102,14.29,5.444,,0,17.61,1.817,,0
2026-05-07 09:17:00,986,549,272,89.24,,0,0,0,7.302,9.565,0,178,631,320,311,1170,,,33,36,32,38,30,36,20,25,19,25,58,0,25.44,0,0,0,161,86.8,710,3.333,3.692,,0,21,14,24,14,14,15,67,8,41,111,11.43,4.5,,0,50,2.09,,0
2026-05-07 09:18:00,976,538,282,90.97,,0,0,0,7.519,7.833,0,175,627,318,309,1193,,,34,33,31,36,29,38,21,24,21,23,56,0,24.85,0,0,0,161,87.48,726,3.362,3.523,,0,18,17,20,16,14,14,61,7,41,101,11.43,5.89,,0,44.32,1.87,,0
2026-05-07 09:19:00,972,542,274,90.97,,0,0,0,7.387,8.129,0,194,648,329,319,1203,,,36,38,32,35,25,38,25,25,18,27,55,0,24.26,0,0,0,161,85.31,731,3.368,3.292,,0,20,14,19,14,17,14,61,4,48,101,8.57,5.783,,0,29.55,1.714,,0
2026-05-07 09:20:00,951,545,269,88.54,,0,0,0,7.848,10.701,0,197,632,323,309,1178,,,36,38,31,33,29,38,27,23,18,25,54,0,23.67,0,0,0,161,87.35,731,3.403,3.761,0,0,19,13,21,14,17,15,60,6,47,100,31.43,5.333,0,0,25.57,1.359,0,0
2026-05-07 09:21:00,961,553,267,88.89,,0,0,0,7.463,6.386,0,222,655,343,312,1226,,,34,38,33,34,26,37,25,25,18,20,55,0,23.08,0,0,0,161,88.16,729,3.385,3.382,,0,20,14,18,14,15,17,76,16,53,109,37.14,4.777,,0,24.43,1.771,,0
2026-05-07 09:22:00,948,542,281,91.32,,0,0,0,7.519,7.102,0,221,641,335,306,1203,,,29,43,34,36,28,36,25,26,18,18,56,0,20.12,0,0,0,161,87.48,723,3.393,3.541,,0,23,12,17,14,12,17,71,19,48,111,42.86,4.879,,0,46.59,2.17,,0
2026-05-07 09:23:00,962,546,288,92.36,,0,0,0,7.326,9.872,0,209,658,339,319,1217,,,37,40,33,35,25,40,22,25,18,20,52,0,19.53,0,0,0,161,89.93,752,3.433,3.693,,0,21,11,16,15,13,18,66,14,46,108,42.86,5.444,,0,53.41,1.707,,0
2026-05-07 09:24:00,963,547,292,95.83,,0,0,0,7.484,9.165,0,199,641,327,314,1187,,,36,42,28,32,23,42,23,21,18,23,50,0,18.93,0,0,0,161,91.84,748,3.422,3.162,,0,21,10,17,13,11,15,61,9,45,103,28.57,6.08,,0,39.2,1.249,,0
2026-05-07 09:25:00,967,547,282,93.06,,0,0,0,6.91,6.697,0,193,628,316,312,1189,,,33,44,31,29,23,40,21,19,18,26,58,0,20.12,0,0,0,161,90.88,748,3.401,3.389,0,0,21,10,17,11,10,18,63,12,47,98,20,4.817,0,0,25,1.404,0,0
2026-05-07 09:26:00,970,553,286,92.01,,0,0,0,6.909,7.811,0,188,615,313,302,1179,,,31,41,31,35,26,36,18,22,16,25,58,0,19.53,0,0,0,161,90.2,729,3.423,3.552,,0,17,11,18,13,11,17,56,9,45,89,31.43,6.457,,0,15.34,1.725,,0
2026-05-07 09:27:00,982,560,291,94.44,,0,0,0,6.867,9.87,0,181,650,335,315,1205,,,33,40,29,32,27,33,22,21,19,23,58,0,18.93,0,0,0,161,89.8,723,3.416,3.532,,0,18,14,16,19,11,14,50,5,45,89,28.57,5.02,,0,45.45,2.033,,0
2026-05-07 09:28:00,966,569,278,93.75,,0,0,0,7.225,9.64,0,178,651,344,307,1228,,,30,40,31,34,24,37,21,21,26,26,60,0,17.75,0,0,0,161,89.52,728,3.41,3.558,,0,19,14,15,17,11,14,54,6,47,85,28.57,5.983,,0,38.64,1.535,,0
2026-05-07 09:29:00,986,567,286,94.79,,0,0,0,6.929,7.482,0,167,668,347,321,1234,,,30,41,30,32,24,40,23,21,26,27,61,0,13.61,0,0,0,161,87.07,715,3.41,3.304,,0,18,12,12,17,12,13,50,5,44,84,25.71,5.593,,0,32.95,1.552,,0
2026-05-07 09:30:00,980,570,277,92.01,,0,0,0,7.219,10.466,0,194,650,340,310,1259,,,32,38,30,37,24,40,29,23,25,24,58,0,11.24,0,0,0,161,89.25,727,3.425,3.752,0,0,18,12,15,15,11,15,54,5,48,88,37.14,5.863,0,0,26.14,1.212,0,0
2026-05-07 09:31:00,1003,568,278,92.36,,0,0,0,6.685,6.053,0,201,680,358,322,1283,,,31,40,31,37,25,38,32,26,25,21,59,0,5.92,0,0,0,161,88.71,719,3.519,4.235,,0,18,9,13,15,10,19,61,13,48,99,37.14,5.628,,0,26.14,1.538,,0
2026-05-07 09:32:00,1001,565,276,90.28,,0,0,0,6.824,7.035,0,192,675,364,311,1304,,,31,42,28,38,24,37,32,24,27,26,57,0,6.51,0,0,0,161,88.03,705,3.436,3.517,,0,18,11,14,16,11,18,56,9,47,97,20,4.815,,0,47.73,2.058,,0
2026-05-07 09:33:00,1021,565,277,90.97,,0,0,0,6.472,6.78,0,190,704,387,317,1303,,,33,41,26,37,23,36,33,29,30,25,54,0,8.88,0,0,0,161,90.48,730,3.367,3.235,,0,20,12,9,16,11,18,56,8,48,93,20,5.492,,0,57.95,1.529,,0
2026-05-07 09:34:00,1027,561,287,94.79,,0,0,0,6.654,8.87,0,182,705,380,325,1287,,,32,40,29,34,21,35,31,29,29,26,53,0,10.06,0,0,0,161,86.12,686,3.403,3.517,,0,21,9,11,14,9,18,52,7,44,87,25.71,5.64,,0,43.18,1.467,,0
2026-05-07 09:35:00,1030,564,284,94.1,,0,0,0,6.565,8.1,0,173,682,365,317,1254,,,29,38,30,34,21,33,30,25,31,26,57,0,11.83,0,0,0,161,86.39,699,3.426,3.617,0,0,19,10,12,14,12,16,45,4,40,80,28.57,3.784,0,0,28.41,1.334,0,0
2026-05-07 09:36:00,1033,563,300,96.88,,0,0,0,6.797,8.824,0,177,674,357,317,1254,,,33,38,29,36,21,30,28,26,28,31,58,0,13.02,0,0,0,161,86.53,681,3.419,3.691,,0,18,10,14,10,13,13,38,3,35,75,34.29,5.465,,0,19.89,1.937,,0
2026-05-07 09:37:00,1068,562,294,94.44,,0,0,0,6.554,7.881,0,173,706,386,320,1272,,,33,37,30,33,25,30,26,30,29,34,59,0,13.61,0,0,0,161,87.07,699,3.36,3.384,,0,19,10,13,10,14,13,48,3,45,82,40,5.25,,0,51.14,2.378,,0
2026-05-07 09:38:00,1059,559,293,91.67,,0,0,0,6.67,7.448,0,173,691,380,311,1259,,,34,38,26,39,21,38,26,32,32,29,64,0,10.65,0,0,0,161,87.35,707,3.296,3.014,,0,17,10,11,9,14,13,58,4,50,81,45.71,4.74,,0,43.75,1.747,,0
2026-05-07 09:39:00,1076,558,283,91.67,,0,0,0,6.444,6.143,0,169,711,394,317,1271,,,32,41,27,37,22,35,25,36,29,33,64,0,7.69,0,0,0,161,86.8,702,3.282,3.249,,0,17,9,13,10,13,11,58,8,48,82,48.57,4.936,,0,34.66,1.549,,0
2026-05-07 09:40:00,1075,554,294,93.75,,0,0,0,6.338,7.066,0,165,698,392,306,1255,,,30,41,29,38,22,36,26,34,28,35,64,0,5.33,0,0,0,161,86.26,693,3.302,3.612,0,0,15,10,12,13,14,14,59,9,48,84,45.71,4.811,0,0,21.02,1.568,0,0
2026-05-07 09:41:00,1080,552,282,91.67,,0,0,0,6.047,6.161,0,168,712,407,305,1274,,,33,39,27,42,20,35,25,36,30,37,67,0,2.37,0,0,0,161,83.81,686,3.247,3.181,,0,17,7,12,15,13,15,50,5,43,80,22.86,4.003,,0,22.16,1.89,,0
2026-05-07 09:42:00,1083,563,290,93.06,,0,0,0,6.026,6.161,0,161,708,405,303,1290,,,32,38,25,47,23,32,29,35,33,36,68,0,.59,0,0,0,161,84.49,689,3.239,3.374,,0,18,9,12,15,16,15,45,2,42,80,20,3.972,,0,50.57,2.03,,0
2026-05-07 09:43:00,1103,564,289,93.75,,0,0,0,5.963,5.98,0,181,742,431,311,1308,,,36,37,21,43,24,32,30,34,31,32,68,0,.59,0,0,0,161,86.67,709,3.203,2.993,,0,17,10,14,15,12,16,54,4,47,89,20,4.828,,0,57.39,1.52,,0
2026-05-07 09:44:00,1085,572,275,92.71,,0,0,0,5.986,8.345,0,182,748,427,321,1329,,,36,37,24,44,26,31,31,34,34,34,69,0,1.18,0,0,0,161,87.76,710,3.161,3.043,,0,15,12,15,14,12,15,49,3,43,86,17.14,4.565,,0,42.05,1.341,,0
2026-05-07 09:45:00,1094,565,274,91.67,,0,0,0,5.692,5.176,0,186,742,421,321,1328,,,35,39,24,41,24,33,32,37,35,35,70,0,0,0,0,0,161,86.12,705,3.161,3.116,0,0,19,13,16,14,13,12,43,2,40,83,34.29,4.787,0,0,32.95,1.402,0,0
2026-05-07 09:46:00,1095,577,277,91.32,,0,0,0,5.772,6.918,0,176,725,420,305,1326,,,37,43,27,41,20,30,33,39,34,37,71,0,.59,0,0,0,161,88.16,725,3.148,3.202,,0,17,11,16,13,15,12,44,2,41,77,31.43,4.946,,0,18.75,1.855,,0
2026-05-07 09:47:00,1095,577,278,90.63,,0,0,0,5.438,5.436,0,172,715,415,300,1314,,,35,38,25,39,25,31,33,41,33,36,69,0,0,0,0,0,161,85.99,709,3.151,3.323,,0,18,10,16,11,12,13,45,4,41,75,28.57,5.31,,0,48.3,2.307,,0
2026-05-07 09:48:00,1096,574,282,93.75,,0,0,0,5.372,6.153,0,161,695,402,293,1301,,,34,39,24,36,28,31,35,40,32,36,65,0,0,0,0,0,161,86.12,728,3.2,3.519,,0,14,10,18,9,12,14,42,3,39,71,22.86,4.852,,0,46.02,1.766,,0
2026-05-07 09:49:00,1097,575,287,94.44,,0,0,0,5.242,5.418,0,154,687,399,288,1279,,,34,40,26,39,26,31,35,40,34,34,64,0,0,0,0,0,161,86.94,741,3.171,3.151,,0,13,8,16,8,10,12,39,3,35,65,31.43,5.018,,0,38.07,1.789,,0
2026-05-07 09:50:00,1098,574,292,95.49,,0,0,0,5.646,8.893,0,147,701,416,285,1272,,,35,39,25,37,28,33,34,40,35,29,62,0,0,0,0,0,161,88.71,729,3.214,3.471,0,0,11,13,10,12,11,11,35,3,32,60,28.57,5.417,0,0,27.27,1.282,0,0
2026-05-07 09:51:00,1093,575,295,94.1,,0,0,0,5.215,4.335,0,136,685,405,280,1241,,,34,40,27,41,24,34,33,40,37,33,65,0,0,0,0,0,161,88.98,728,3.227,3.306,,0,9,10,14,9,9,11,36,1,35,56,28.57,4.376,,0,23.86,1.687,,0
2026-05-07 09:52:00,1081,560,306,95.49,,0,0,0,5.287,5.583,0,135,673,395,278,1222,,,33,39,25,41,26,33,32,40,30,37,65,0,0,0,0,0,161,91.43,760,3.239,3.299,,0,8,8,15,9,11,9,40,2,38,65,22.86,5.227,,0,48.86,1.969,,0
2026-05-07 09:53:00,1069,549,309,94.79,,0,0,0,5.137,6.168,0,132,666,390,276,1205,,,35,39,26,40,30,32,34,37,34,39,66,0,0,0,0,0,161,91.43,744,3.266,3.271,,0,8,7,12,9,12,11,39,1,38,62,17.14,5.068,,0,46.59,2.051,,0
2026-05-07 09:54:00,1054,544,284,90.97,,0,0,0,5.258,7.715,0,134,656,382,274,1189,,,34,41,25,38,29,36,32,38,32,38,65,0,0,0,0,0,161,92.52,768,3.314,3.543,,1,7,9,11,9,11,13,43,3,40,67,22.86,5.153,,0,35.23,1.67,,0
2026-05-07 09:55:00,1037,556,280,90.63,,0,0,0,5.05,7.073,0,137,640,374,266,1164,,,31,43,28,35,28,34,30,34,32,40,62,0,0,0,0,0,161,93.47,768,3.319,3.243,0,1,10,6,15,8,10,15,45,5,40,68,28.57,4.32,0,0,25.57,1.339,0,0
2026-05-07 09:56:00,1039,537,292,91.67,,0,0,0,5.147,6.914,0,154,628,371,257,1204,,,33,42,25,35,25,30,27,35,30,42,59,0,0,0,0,0,161,94.29,785,3.293,3.089,,0,10,8,13,5,10,14,46,4,41,67,25.71,4.896,,0,18.18,1.702,,0
2026-05-07 09:57:00,1053,530,278,89.93,,0,0,0,5.163,9.395,0,195,655,396,259,1217,,,35,42,28,38,24,30,28,28,32,40,60,0,1.78,0,0,0,161,91.7,756,3.318,3.669,,0,11,6,13,6,10,14,55,6,48,78,14.29,6.063,,0,48.3,1.856,,0
2026-05-07 09:58:00,1034,529,270,87.85,,0,0,0,5.327,7.188,0,185,640,383,257,1209,,,36,38,24,37,30,30,29,32,32,38,58,0,1.18,0,0,0,161,87.62,707,3.295,3.359,,1,8,8,14,7,11,12,51,7,43,71,17.14,4.848,,0,47.16,2.156,,0
2026-05-07 09:59:00,1041,522,271,85.76,,0,0,0,5.279,7.687,0,191,662,394,268,1235,,,34,37,25,33,32,33,29,30,32,33,60,0,1.18,0,0,0,161,87.21,710,3.296,3.162,,1,8,6,15,6,9,11,53,6,46,77,17.14,5.599,,0,30.11,1.426,,0
2026-05-07 10:00:00,1026,527,266,86.11,,0,0,0,5.428,6.187,0,195,658,396,262,1226,,,34,38,22,34,28,32,30,27,28,33,61,0,1.78,0,0,0,161,89.66,726,3.258,3.245,0,0,8,7,14,8,9,12,57,7,48,81,20,5.636,0,0,26.14,1.279,0,0
2026-05-07 10:01:00,1020,533,253,84.03,,0,0,0,5.242,5.672,0,200,660,402,258,1225,,,32,40,30,34,30,31,30,32,27,36,59,0,0,0,0,0,161,91.29,743,3.292,3.784,,0,9,7,12,11,8,14,59,8,49,82,37.14,5.838,,0,25.57,1.475,,0
2026-05-07 10:02:00,1013,539,253,84.38,,0,0,0,5.459,6.104,0,200,656,396,260,1211,,,34,42,28,31,27,34,29,31,24,39,61,0,0,0,0,0,161,91.56,744,3.313,3.611,,0,10,5,13,10,6,15,56,6,48,84,40,4.234,,0,53.98,2.041,,0
2026-05-07 10:03:00,1012,551,256,84.38,,0,0,0,5.409,7.103,0,190,637,387,250,1197,,,34,42,28,31,26,31,25,30,27,41,64,0,0,0,0,0,161,90.34,715,3.296,3.181,,0,10,9,14,9,9,16,47,3,42,80,37.14,4.196,,0,49.43,1.729,,0
2026-05-07 10:04:00,1018,547,260,86.81,,0,0,0,5.64,8.222,0,182,618,373,245,1181,,,36,40,26,30,30,30,27,25,30,42,63,0,0,0,0,0,161,87.35,707,3.267,3.215,,0,10,8,14,9,8,14,46,3,42,78,40,4.84,,0,39.77,1.463,,0
2026-05-07 10:05:00,1014,543,266,89.24,,0,0,0,5.253,5.915,0,177,608,368,240,1158,,,32,38,23,36,32,29,25,26,35,40,60,0,0,0,0,0,161,88.03,716,3.281,3.317,0,0,10,7,11,10,8,11,51,6,45,80,34.29,4.906,0,0,35.23,1.411,0,0
2026-05-07 10:06:00,1017,549,276,89.58,,0,0,0,5.314,5.843,0,165,618,379,239,1183,,,34,38,25,31,30,32,18,26,36,41,58,0,0,0,0,0,161,85.17,674,3.288,3.53,,0,6,7,10,13,7,11,52,5,47,80,28.57,3.704,,0,22.16,1.825,,0
2026-05-07 10:07:00,1020,554,282,91.32,,0,0,0,5.296,7.41,0,188,652,406,246,1217,,,33,42,24,31,28,30,20,28,32,39,59,0,0,0,0,0,161,83.95,678,3.241,3.343,,0,9,4,11,12,9,12,58,7,50,90,20,4.528,,0,44.32,1.938,,0
2026-05-07 10:08:00,994,567,285,91.67,,0,0,0,5.431,7.198,0,186,638,398,240,1182,,,30,41,23,32,29,34,24,26,30,36,58,0,.59,0,0,0,161,87.62,704,3.203,3.138,,0,7,2,10,10,8,14,58,6,50,89,11.43,3.71,,0,50.57,1.86,,0
2026-05-07 10:09:00,1009,575,285,91.32,,0,0,0,5.117,5.835,0,186,660,405,255,1219,,,30,39,24,34,31,34,26,25,27,38,58,0,.59,0,0,0,161,89.25,732,3.168,2.941,,0,8,7,12,11,6,14,54,6,46,84,8.57,4.409,,0,43.75,1.887,,0
2026-05-07 10:10:00,1002,579,279,92.01,,0,0,0,5.342,8.124,0,185,643,396,247,1238,,,28,38,22,33,28,36,25,24,23,39,57,0,0,0,0,0,161,87.76,707,3.217,3.715,0,0,9,7,12,10,7,16,53,8,45,87,17.14,4.99,0,0,27.84,1.603,0,0
2026-05-07 10:11:00,1030,568,281,90.63,,0,0,0,5.039,5.512,0,210,680,422,258,1268,,,29,34,22,38,29,34,24,25,26,34,54,0,.59,0,0,0,161,86.39,700,3.161,3.103,,0,10,9,12,9,8,12,62,9,50,98,17.14,5.247,,0,25,1.687,,0
2026-05-07 10:12:00,1022,571,267,88.89,,0,0,0,5.111,5.551,0,213,660,407,253,1268,,,29,38,24,38,30,37,22,32,23,30,51,0,0,0,0,0,161,89.25,726,3.127,2.943,,0,10,8,12,8,8,11,66,12,52,102,25.71,4.748,,0,54.55,2.175,,0
2026-05-07 10:13:00,1040,574,265,89.58,,0,0,0,5.078,5.79,0,199,684,424,260,1283,,,26,41,26,34,26,33,25,32,22,27,51,0,0,0,0,0,161,90.75,757,3.098,2.967,,0,9,9,13,8,9,12,67,12,52,98,28.57,5.962,,0,56.25,1.783,,0
2026-05-07 10:14:00,1028,598,273,90.97,,0,0,0,5.254,6.644,0,191,658,406,252,1258,,,27,38,22,33,27,36,23,31,20,22,50,0,0,0,0,0,161,89.25,748,3.121,3.428,,0,10,11,12,7,8,10,66,11,51,96,48.57,3.84,,0,48.86,1.493,,0
2026-05-07 10:15:00,1041,595,280,93.75,,0,0,0,4.964,5.167,0,181,673,411,262,1272,,,30,41,27,30,24,34,25,29,18,24,55,0,0,0,0,0,161,88.71,733,3.157,3.431,0,0,10,8,10,8,10,11,65,10,49,95,62.86,5.405,1,0,31.25,1.275,0,0
2026-05-07 10:16:00,1047,592,280,93.4,,0,0,0,5.049,5.739,0,185,661,408,253,1287,,,33,39,29,30,23,36,26,27,18,24,56,0,0,0,0,0,161,89.39,746,3.167,3.443,,0,10,10,9,7,7,12,62,9,48,91,48.57,4.269,,0,24.43,1.773,,0
2026-05-07 10:17:00,1064,596,276,92.36,,0,0,0,4.954,5.201,0,178,674,417,257,1293,,,29,42,31,33,26,34,26,25,19,21,62,0,0,0,0,0,161,88.3,723,3.177,3.471,,0,9,9,9,9,8,9,61,9,48,87,28.57,3.922,,0,54.55,2.234,,0
2026-05-07 10:18:00,1065,591,282,91.67,,0,0,0,5.068,5.592,0,175,666,409,257,1303,,,30,43,24,35,26,35,29,24,25,21,64,0,0,0,0,0,161,88.57,726,3.201,3.502,,0,10,6,9,8,8,8,57,5,50,81,25.71,3.818,,0,57.39,1.851,,0
2026-05-07 10:19:00,1063,601,276,91.32,,0,0,0,4.885,5.152,0,173,674,402,272,1283,,,30,40,28,32,24,34,29,22,29,27,65,0,0,0,0,0,161,90.34,732,3.233,3.256,,0,9,5,8,8,8,9,59,6,51,85,40,4.585,,0,48.86,1.227,,0
2026-05-07 10:20:00,1064,596,276,90.97,,0,0,0,5.242,9.205,0,207,656,394,262,1299,,,36,36,27,35,24,31,30,25,28,29,63,0,0,0,0,0,161,85.03,684,3.235,3.199,0,0,9,9,8,9,6,10,55,6,48,80,37.14,4.518,0,0,35.8,1.393,0,0
2026-05-07 10:21:00,1083,607,280,90.28,,0,0,0,4.701,4.171,0,192,682,407,275,1307,,,34,35,24,39,25,34,31,24,29,31,62,0,0,0,0,0,161,84.76,676,3.256,3.323,,0,10,8,7,5,4,13,59,8,50,82,48.57,4.803,,0,27.27,1.671,,0
2026-05-07 10:22:00,1085,602,280,90.63,,0,0,0,4.743,5.679,0,197,667,394,273,1294,,,37,36,23,38,24,30,32,26,29,31,62,0,0,0,0,0,161,83.81,685,3.298,3.244,,0,10,5,6,6,5,10,57,6,49,81,45.71,6.223,,0,48.86,2.051,,0
2026-05-07 10:23:00,1085,595,279,90.97,,0,0,0,4.721,6.749,0,199,683,399,284,1305,,,35,32,24,37,26,28,32,24,32,33,61,0,0,0,0,0,161,88.44,704,3.323,3.358,,0,10,5,6,6,5,11,53,6,46,83,37.14,4.131,,0,55.68,1.881,,0
2026-05-07 10:24:00,1083,570,273,89.58,,0,0,0,4.794,5.677,0,197,701,411,290,1329,,,36,32,29,39,28,31,30,28,33,33,60,0,0,0,0,0,161,86.12,703,3.315,3.272,,0,10,4,10,7,6,11,40,1,38,71,25.71,4.657,,0,45.45,1.412,,0
2026-05-07 10:25:00,1087,576,266,88.54,,0,0,0,4.659,5.261,0,192,693,403,290,1312,,,31,37,24,32,29,33,27,31,33,37,58,0,0,0,0,0,161,82.99,666,3.282,3.153,0,0,8,6,10,8,7,11,39,0,37,73,28.57,3.806,0,0,28.41,1.396,0,0
2026-05-07 10:26:00,1093,577,270,87.15,,0,0,0,4.71,5.58,0,180,697,414,283,1301,,,35,37,24,34,26,35,27,28,35,37,56,0,0,0,0,0,161,79.86,641,3.28,3.439,,0,7,6,7,7,9,10,40,1,39,72,25.71,4.632,,0,26.14,1.853,,0
2026-05-07 10:27:00,1078,580,264,86.81,,0,0,0,4.71,5.968,0,178,693,416,277,1294,,,33,38,23,33,21,36,25,29,35,42,56,0,0,0,0,0,161,82.59,648,3.25,3.032,,0,8,7,5,8,10,11,39,4,34,72,28.57,4.824,,0,47.73,2.134,,0
2026-05-07 10:28:00,1069,579,273,88.54,,0,0,0,4.802,5.042,0,163,679,411,268,1272,,,31,37,20,35,24,35,24,32,34,40,55,0,0,0,0,0,161,83.13,673,3.185,3.061,,0,8,7,8,6,8,12,41,4,36,72,34.29,3.813,,0,46.02,1.907,,0
2026-05-07 10:29:00,1058,574,280,89.58,,0,0,0,4.913,7.672,0,147,661,397,264,1229,,,29,39,25,33,28,36,26,28,32,39,54,0,0,0,0,0,161,85.99,681,3.172,3.139,,0,12,4,7,4,11,12,34,1,31,67,48.57,3.808,,0,40.91,1.707,,0
2026-05-07 10:30:00,1050,582,271,87.85,,0,0,0,5.1,6.514,0,154,650,392,258,1234,,,36,38,23,35,27,37,25,31,27,39,53,0,0,0,0,0,161,85.44,676,3.172,3.202,0,0,10,5,7,6,7,11,34,2,30,57,42.86,5.01,0,0,33.52,1.41,0,0
2026-05-07 10:31:00,1075,581,276,90.28,,0,0,0,4.867,5.946,0,142,685,412,273,1252,,,32,35,24,38,31,37,28,30,26,42,52,0,0,0,0,0,161,84.76,675,3.123,2.918,,0,8,5,6,5,9,12,50,4,46,69,28.57,4.231,,0,36.36,1.727,,0
2026-05-07 10:32:00,1073,579,270,88.54,,0,0,0,4.915,4.865,0,145,675,411,264,1248,,,32,37,26,36,36,37,29,29,31,38,49,0,0,0,0,0,161,85.71,676,3.139,3.23,,0,6,4,9,5,8,9,56,5,49,72,11.43,4.344,,0,59.66,2.054,,0
2026-05-07 10:33:00,1077,573,269,88.19,,0,0,0,4.9,6.962,0,146,681,409,272,1242,,,36,38,30,36,42,37,28,24,30,37,48,0,0,0,0,0,161,85.31,667,3.152,3.444,,0,7,4,7,6,8,7,54,4,50,72,20,3.519,,0,68.18,1.578,,0
2026-05-07 10:34:00,1081,570,273,90.28,,0,0,0,4.996,5.841,0,138,666,393,273,1234,,,34,34,29,38,47,37,27,21,28,36,49,0,0,0,0,0,161,81.9,647,3.122,3.014,,0,7,3,7,3,6,9,55,5,49,70,25.71,4.458,,0,50.57,1.597,,0
2026-05-07 10:35:00,1072,575,271,87.85,,0,0,0,4.71,6.121,0,138,644,380,264,1205,,,36,33,26,36,48,36,26,20,28,36,51,0,0,0,0,0,161,83.27,645,3.097,2.975,0,0,6,6,5,7,5,9,56,9,47,74,34.29,4.082,0,0,42.05,1.617,0,0
2026-05-07 10:36:00,1083,564,276,88.89,,0,0,0,4.791,5.469,0,147,647,391,256,1226,,,34,34,32,35,53,36,25,21,28,37,55,0,0,0,0,0,161,83.95,661,3.106,3.668,,0,6,8,6,6,6,10,55,7,48,72,34.29,3.717,,0,32.39,1.953,,0
2026-05-07 10:37:00,1095,555,286,92.71,,0,0,0,5.315,10.215,0,140,679,409,270,1239,,,33,35,32,37,53,33,28,22,28,37,61,0,0,0,0,0,161,83.4,658,3.071,3.131,,0,6,7,8,6,3,7,55,8,46,75,37.14,4.855,,0,57.39,2.27,,0
2026-05-07 10:38:00,1112,539,286,93.4,,0,0,0,4.757,4.838,0,138,673,410,263,1227,,,31,38,35,38,49,35,26,25,30,35,69,0,0,0,0,0,161,83.4,660,3.07,3.039,,0,4,6,8,6,8,7,48,4,44,71,40,4.414,,0,51.7,2,,0
2026-05-07 10:39:00,1128,516,292,94.1,,0,0,0,4.718,4.401,0,138,680,424,256,1234,,,34,40,35,38,48,35,26,27,30,35,72,0,0,0,0,0,161,83.95,659,3.032,3.006,,0,7,6,5,5,8,5,47,3,44,66,40,4.281,,0,42.61,1.567,,0
2026-05-07 10:40:00,1124,494,297,94.79,,0,0,0,4.774,5.657,0,153,678,423,255,1234,,,31,40,34,38,46,39,25,24,32,35,71,0,0,0,0,0,161,86.67,695,3.06,3.301,0,0,5,3,4,7,9,5,41,3,38,64,48.57,5.09,0,0,29.55,1.401,0,0
2026-05-07 10:41:00,1157,475,291,93.06,,0,0,0,4.919,9.179,0,152,728,453,275,1251,,,30,37,36,39,47,41,27,28,33,39,71,0,0,0,0,0,161,87.07,683,3.096,3.443,,0,3,5,5,8,6,7,48,5,41,71,48.57,4.688,,0,31.82,1.861,,0
2026-05-07 10:42:00,1147,469,291,93.06,,0,0,0,5.192,7.924,0,164,741,457,284,1271,,,30,36,33,39,45,37,25,29,33,39,73,0,0,0,0,0,161,82.72,646,3.027,3.03,,0,7,4,6,7,6,8,47,5,40,75,42.86,4.453,,0,57.39,1.954,,0
2026-05-07 10:43:00,1157,474,282,93.06,,0,0,0,5.053,9.046,0,159,741,457,284,1266,,,35,37,33,39,42,41,26,29,32,41,71,0,0,0,0,0,161,82.86,661,2.996,3.002,,0,5,3,8,9,6,8,45,5,38,75,22.86,4.859,,0,64.77,1.511,,0
2026-05-07 10:44:00,1167,468,283,92.36,,0,0,0,5.246,6.675,0,151,737,454,283,1258,,,36,40,32,42,43,41,22,36,31,41,69,0,0,0,0,0,161,81.09,657,2.984,2.941,,0,6,2,6,10,9,9,38,2,36,73,14.29,4.504,,0,52.27,1.485,,0
2026-05-07 10:45:00,1167,456,279,90.97,,0,0,0,4.836,4.945,0,150,761,467,294,1272,,,36,41,34,42,42,39,28,37,36,37,70,0,0,0,0,0,161,82.45,653,2.993,3.094,0,0,8,4,7,9,8,7,42,2,37,70,20,4.052,0,0,35.23,1.449,0,0
2026-05-07 10:46:00,1178,455,280,89.93,,0,0,0,5.012,6.558,0,146,769,477,292,1256,,,37,41,35,39,40,39,28,35,36,37,69,0,0,0,0,0,161,85.85,692,2.986,3.012,,0,10,2,10,10,6,5,40,2,36,72,28.57,3.557,,0,32.95,1.839,,0
2026-05-07 10:47:00,1178,445,275,89.58,,0,0,0,4.993,4.521,0,137,760,467,293,1240,,,37,44,40,40,39,38,30,35,34,36,69,0,0,0,0,0,161,82.72,670,3.024,3.368,,0,7,4,9,9,6,5,34,1,32,68,20,3.913,,0,64.77,2.286,,0
2026-05-07 10:48:00,1169,453,266,86.81,,0,0,0,5.269,6.823,0,131,752,456,296,1227,,,34,47,39,42,41,38,31,41,31,37,63,0,0,0,0,0,161,87.07,697,3.014,3.052,,0,7,3,8,12,6,4,28,0,27,62,14.29,4.22,,0,61.36,2.175,,0
2026-05-07 10:49:00,1169,465,264,87.15,,0,0,0,5.379,6.225,0,123,746,451,295,1217,,,33,49,38,43,45,39,29,42,30,35,60,0,0,0,0,0,161,85.71,686,3.003,2.886,,0,8,5,6,12,9,4,23,0,23,60,31.43,4.878,,0,46.02,1.502,,0
2026-05-07 10:50:00,1180,467,272,88.89,,0,0,0,5.526,6.393,0,116,740,450,290,1230,,,37,49,39,47,41,40,31,39,29,35,59,0,0,0,0,0,161,79.86,639,3.017,3.102,0,0,6,6,6,9,8,4,22,0,21,54,40,4.009,0,0,31.82,1.518,0,0
2026-05-07 10:51:00,1218,464,281,88.89,,0,0,0,5.941,11.048,0,152,793,483,310,1276,,,36,48,41,50,39,43,32,38,33,35,57,0,0,0,0,0,161,83.4,653,3.007,2.936,,0,10,5,5,8,8,3,34,0,31,62,40,5.547,,0,21.02,2.002,,0
2026-05-07 10:52:00,1218,463,283,91.67,,0,0,0,6.079,6.688,0,172,816,480,336,1335,,,37,46,44,48,37,42,30,36,35,32,55,0,0,0,0,0,161,83.95,674,3.047,3.227,,0,7,2,6,11,10,2,40,1,38,67,34.29,3.519,,0,47.16,2.204,,0
2026-05-07 10:53:00,1235,453,287,90.63,,0,0,0,5.961,13.421,0,173,817,483,334,1335,,,39,42,45,48,37,43,32,34,34,34,57,0,0,0,0,0,161,84.49,668,3.041,3.09,,0,7,4,5,11,12,1,46,5,41,73,28.57,3.382,,0,56.25,2.027,,0
2026-05-07 10:54:00,1236,456,285,92.36,,0,0,0,6.058,6.443,0,172,817,485,332,1337,,,38,47,42,51,37,41,31,32,34,35,56,0,0,0,0,0,161,84.63,676,3.041,2.93,,0,10,6,6,8,7,0,48,8,40,74,28.57,4.694,,0,52.27,1.465,,0
2026-05-07 10:55:00,1221,457,281,92.01,,0,0,0,5.649,6.717,0,167,812,477,335,1336,,,37,47,42,52,36,39,38,33,33,34,57,0,0,0,0,0,161,83.4,650,3.033,3.084,0,0,10,5,6,8,8,2,48,5,42,73,22.86,3.862,0,0,36.36,1.433,0,0
2026-05-07 10:56:00,1233,474,277,92.01,,0,0,0,5.791,7.536,0,157,811,478,333,1331,,,38,49,41,50,36,38,40,37,37,32,55,0,0,0,0,0,161,82.99,651,3.057,2.917,,0,9,6,4,5,9,7,47,3,42,73,20,4.481,,0,25.57,1.965,,0
2026-05-07 10:57:00,1236,481,279,90.63,,0,0,0,5.726,6.627,0,151,795,469,326,1321,,,38,49,40,54,38,37,37,39,36,33,53,0,0,0,0,0,161,79.86,627,3.032,3.254,,0,9,5,5,4,8,7,47,1,46,72,11.43,3.689,,0,54.55,2.001,,0
2026-05-07 10:58:00,1234,476,274,89.24,,0,0,0,5.824,6.926,0,155,793,470,323,1317,,,39,46,39,47,42,36,42,39,33,40,53,0,0,0,0,0,161,81.63,642,3.014,2.891,,0,10,5,9,9,5,2,42,2,40,71,14.29,3.998,,0,54.55,1.877,,0
2026-05-07 10:59:00,1225,485,273,89.93,,0,0,0,5.628,7.194,0,157,783,461,322,1321,,,40,44,42,48,43,39,38,43,37,38,53,0,0,0,0,0,161,82.31,645,3.002,2.991,,0,10,4,7,9,5,6,49,5,44,76,17.14,4.962,,0,48.3,1.504,,0
2026-05-07 11:00:00,1214,493,280,90.28,,0,0,0,5.813,8.018,0,151,772,451,321,1305,,,41,42,42,45,40,43,40,40,37,40,50,0,1.18,0,0,0,161,84.08,671,3.002,3.061,0,0,11,4,5,8,7,4,47,3,44,69,17.14,5.04,0,0,43.75,1.458,0,0
2026-05-07 11:01:00,1213,505,277,92.36,,0,0,0,5.958,10.592,0,159,763,448,315,1309,,,40,44,44,44,40,38,41,42,36,39,53,0,0,0,0,0,161,82.04,655,3.007,2.985,,0,10,2,6,8,9,7,47,4,43,71,25.71,4.333,,0,42.61,1.795,,0
2026-05-07 11:02:00,1214,513,281,92.71,,0,0,0,6.057,7.737,0,153,757,446,311,1310,,,39,42,43,44,41,36,37,41,32,41,54,0,.59,0,0,0,161,84.49,679,2.998,3.051,,0,7,3,6,8,10,10,46,5,41,73,42.86,4.443,,0,49.43,2.082,,0
2026-05-07 11:03:00,1218,522,280,90.97,,0,0,0,5.699,9.392,0,145,737,428,309,1306,,,37,43,43,45,40,35,39,41,32,42,57,0,0,0,0,0,161,84.63,685,2.977,2.963,,0,7,4,6,7,7,8,45,5,39,71,37.14,4.493,,0,57.39,1.868,,0
2026-05-07 11:04:00,1199,543,283,92.71,,0,0,0,6.012,7.995,0,137,736,427,309,1288,,,38,44,39,45,38,37,36,41,35,43,56,0,0,0,0,0,161,85.99,693,2.981,3.038,,0,8,6,8,7,3,6,44,5,39,68,31.43,4.462,,0,42.05,1.657,,0
2026-05-07 11:05:00,1181,551,270,90.97,,0,0,0,5.391,4.882,0,137,725,419,306,1280,,,34,43,38,42,35,37,36,40,37,40,56,0,0,0,0,0,161,86.39,693,2.987,3.048,0,0,7,6,9,6,8,7,39,0,38,65,31.43,4.404,0,0,38.64,1.632,0,0
2026-05-07 11:06:00,1163,553,269,88.54,,0,0,0,5.67,8.605,0,136,715,412,303,1259,,,34,44,39,46,34,35,35,45,38,38,56,0,0,0,0,0,161,87.48,707,3.045,3.61,,0,10,6,6,5,7,5,42,3,39,66,31.43,4.917,,0,23.3,1.802,,0
2026-05-07 11:07:00,1144,567,257,84.38,,0,0,0,5.279,5.948,0,135,701,402,299,1246,,,34,45,37,45,29,35,37,46,43,41,56,0,0,0,0,0,161,84.63,669,2.989,3.362,,0,11,5,5,5,10,5,43,3,40,68,25.71,3.867,,0,48.3,2.067,,0
2026-05-07 11:08:00,1138,573,262,86.81,,0,0,0,5.584,8.068,0,118,692,400,292,1213,,,37,44,36,45,34,34,37,49,42,42,57,0,0,0,0,0,161,84.08,674,2.992,3.077,,0,9,6,7,5,8,5,37,1,36,59,34.29,3.998,,0,50.57,2.095,,0
2026-05-07 11:09:00,1132,570,265,87.5,,0,0,0,5.095,6.781,0,115,698,410,288,1215,,,37,41,32,42,35,34,35,50,43,40,58,0,0,0,0,0,161,83.95,677,3.004,3.202,,0,8,3,5,7,5,3,42,3,38,57,42.86,4.718,,0,46.59,1.378,,0
2026-05-07 11:10:00,1115,576,261,86.81,,0,0,0,5.408,8.979,0,136,675,399,276,1215,,,39,38,32,40,35,36,38,48,43,39,58,0,0,0,0,0,161,84.22,666,3.035,3.329,0,0,7,5,7,8,3,4,41,3,37,59,31.43,4.43,0,0,31.82,1.468,0,0
2026-05-07 11:11:00,1135,575,262,87.85,,0,0,0,4.98,4.917,0,146,705,417,288,1252,,,39,40,40,38,33,38,36,49,47,43,58,0,0,0,0,0,161,86.8,695,3.1,3.641,,0,8,7,9,6,4,4,57,2,53,72,31.43,3.573,,0,28.98,1.965,,0
2026-05-07 11:12:00,1133,563,267,87.85,,0,0,0,5.396,9.205,0,188,692,408,284,1277,,,38,40,39,36,31,36,37,47,49,43,59,0,.59,0,0,0,161,87.62,703,3.02,2.88,,0,7,5,11,6,2,3,60,7,52,77,42.86,4.675,,0,27.84,2.052,,0
2026-05-07 11:13:00,1159,561,271,89.24,,0,0,0,4.978,6.102,0,177,725,429,296,1296,,,37,40,33,36,33,38,37,42,51,41,59,0,.59,0,0,0,161,86.94,687,3.027,3.015,,0,6,5,7,5,6,7,57,10,43,77,28.57,5.341,,0,48.3,1.73,,0
2026-05-07 11:14:00,1143,538,269,87.85,,0,0,0,5.398,10.78,0,192,714,421,293,1295,,,37,43,31,39,32,34,36,45,50,38,56,0,.59,0,0,0,161,85.71,692,3.002,3.003,,0,7,6,6,8,6,7,49,8,38,75,34.29,4.72,,0,43.75,1.227,,0
2026-05-07 11:15:00,1161,537,270,88.54,,0,0,0,4.994,4.63,0,185,745,438,307,1313,,,38,41,30,36,28,39,38,50,47,38,55,0,.59,0,0,0,161,88.16,705,3.054,3.301,0,0,10,7,6,7,7,8,47,4,41,72,25.71,5.18,0,0,30.68,1.356,0,0
2026-05-07 11:16:00,1146,545,256,86.11,,0,0,0,5.45,9.322,0,191,739,429,310,1316,,,37,42,34,41,24,35,37,47,42,45,54,0,.59,0,0,0,161,87.48,692,3.061,3.213,,0,9,7,7,4,9,6,50,8,41,76,37.14,4.171,,0,20.45,1.506,,0
2026-05-07 11:17:00,1161,533,275,88.89,,0,0,0,5.168,7.63,0,191,758,440,318,1329,,,39,39,36,39,24,35,37,47,43,46,52,0,.59,0,0,0,161,88.98,708,3.036,3.152,,0,11,4,7,4,4,5,49,7,41,72,48.57,4.295,,0,23.86,1.813,,0
2026-05-07 11:18:00,1166,527,279,90.28,,0,0,0,5.382,6.564,0,189,742,431,311,1305,,,34,40,36,42,26,35,40,51,41,46,53,0,.59,0,0,0,161,83.95,669,3.021,3.002,,0,10,4,6,6,4,4,54,9,45,74,37.14,4.827,,0,38.64,1.975,,0
2026-05-07 11:19:00,1186,514,284,91.32,,0,0,0,5.176,9.025,0,188,769,453,316,1316,,,31,36,40,43,26,37,36,49,42,45,57,0,.59,0,0,0,161,85.58,691,3.017,3.207,,0,11,6,6,4,6,4,52,6,45,76,37.14,3.508,,0,36.36,1.915,,0
2026-05-07 11:20:00,1197,487,290,92.01,,0,0,0,5.508,8.586,0,206,758,445,313,1316,,,30,37,37,41,25,40,38,48,42,44,57,0,.59,0,0,0,161,83.95,662,3.041,3.29,0,0,9,8,9,4,6,4,45,1,43,77,31.43,4.965,0,0,28.98,1.302,0,0
2026-05-07 11:21:00,1212,471,302,92.71,,0,0,0,5.23,9.167,0,207,780,464,316,1301,,,30,37,36,43,24,39,40,45,47,45,59,0,.59,0,0,0,161,83.4,654,3.007,3.004,,0,9,7,7,5,7,6,40,0,38,77,31.43,3.242,,0,23.86,1.503,,0
2026-05-07 11:22:00,1196,484,289,92.01,,0,0,0,5.644,9.48,0,206,771,459,312,1287,,,37,38,37,45,25,39,38,47,44,45,58,0,.59,0,0,0,161,81.77,628,3.029,3.09,,0,12,8,7,7,7,6,37,0,33,75,42.86,2.524,,0,36.36,1.953,,0
2026-05-07 11:23:00,1200,478,300,93.75,,0,0,0,5.172,13.242,0,201,767,455,312,1272,,,35,37,37,46,27,40,39,43,45,44,60,0,.59,0,0,0,161,79.05,626,3.017,3.016,,0,11,8,8,7,7,7,39,0,38,77,48.57,3.401,,0,53.41,2.01,,0
2026-05-07 11:24:00,1196,474,293,92.01,,0,0,0,5.551,9.819,0,197,769,465,304,1263,,,35,40,37,47,31,40,37,42,44,41,60,0,.59,0,0,0,161,80.82,625,3.016,2.989,,0,15,11,9,6,7,9,31,0,29,73,37.14,3.939,,0,48.3,1.508,,0
2026-05-07 11:25:00,1191,456,285,91.67,,0,0,0,5.278,13.113,0,190,756,454,302,1251,,,32,40,36,47,32,37,39,45,40,43,60,0,.59,0,0,0,161,82.59,664,3.029,3.185,0,0,15,11,8,5,7,9,26,0,24,74,20,4.071,0,0,32.39,1.353,0,0
2026-05-07 11:26:00,1190,432,295,92.71,,0,0,0,5.857,9.62,0,189,756,455,301,1254,,,30,41,35,47,33,37,37,46,36,46,61,0,.59,0,0,0,161,81.9,657,3.018,2.855,,0,12,11,9,8,6,7,35,0,32,77,20,3.445,,0,24.43,1.531,,0
2026-05-07 11:27:00,1177,427,298,93.75,,0,0,0,5.584,10.876,0,180,738,442,296,1238,,,32,41,36,47,32,37,34,45,36,47,60,0,.59,0,0,0,161,84.08,674,3.027,3.149,,0,14,8,9,9,7,12,29,0,27,75,40,3.52,,0,43.18,1.974,,0
2026-05-07 11:28:00,1169,438,294,95.14,,0,0,0,6.539,10.737,0,160,724,435,289,1222,,,36,39,38,48,34,36,34,43,36,46,60,0,.59,0,0,0,161,79.73,636,3.008,2.963,,0,13,11,9,11,6,10,25,0,22,66,42.86,4.634,,0,49.43,2.002,,0
2026-05-07 11:29:00,1155,445,294,93.4,,0,0,0,6.217,10.551,0,155,706,424,282,1206,,,35,41,38,50,33,38,36,41,36,45,63,0,.59,0,0,0,161,82.18,648,2.993,3.168,,0,12,10,7,10,11,10,29,0,29,68,22.86,3.98,,0,42.05,1.31,,0
2026-05-07 11:30:00,1149,454,292,93.06,,0,0,0,6.847,9.439,0,162,690,414,276,1204,,,33,43,40,52,34,37,35,40,37,43,63,0,.59,0,0,0,161,82.72,646,3,3.152,0,0,10,11,9,7,10,9,29,0,29,70,20,4.35,0,0,25.57,1.418,0,0
2026-05-07 11:31:00,1150,459,302,93.75,,0,0,0,6.321,8.765,0,169,701,425,276,1201,,,37,41,39,47,33,37,34,39,35,45,65,0,1.18,0,0,0,161,80.82,632,3.024,3.251,,0,8,9,13,9,7,10,33,0,29,73,11.43,2.978,,0,20.45,1.714,,0
2026-05-07 11:32:00,1139,450,295,92.01,,0,0,0,6.561,8.333,0,179,697,423,274,1212,,,34,41,38,48,33,37,33,38,31,42,68,0,1.78,0,0,0,161,80.68,636,3.033,3.099,,0,10,8,13,9,6,9,32,0,29,75,40,3.589,,0,38.07,2.12,,0
2026-05-07 11:33:00,1127,456,285,90.28,,0,0,0,7.042,16.63,0,181,677,414,263,1193,,,33,39,36,48,32,38,30,37,32,46,68,0,1.78,0,0,0,161,77.69,614,3.033,3.026,,0,14,9,12,7,7,10,33,0,31,77,51.43,4.632,,0,52.27,1.692,,0
2026-05-07 11:34:00,1120,470,284,89.24,,0,0,0,7.301,8.376,0,170,664,404,260,1189,,,33,37,32,48,30,36,30,39,37,45,69,0,1.78,0,0,0,161,81.09,624,3.026,2.875,,0,13,6,11,5,10,11,29,0,26,70,51.43,5.328,,0,47.73,1.734,,0
2026-05-07 11:35:00,1104,498,281,89.93,,0,0,0,6.607,7.998,0,155,639,387,252,1168,,,31,35,33,46,28,36,29,38,42,42,70,0,2.37,0,0,0,161,79.59,629,3.012,2.923,0,0,13,9,9,5,11,7,29,0,25,63,42.86,3.659,0,0,31.82,1.351,0,0
2026-05-07 11:36:00,1076,519,275,90.63,,0,0,0,6.756,7.502,0,165,613,370,243,1167,,,28,33,30,44,26,39,31,37,42,45,69,0,2.37,0,0,0,161,79.46,613,3.051,3.232,,0,10,9,10,6,9,13,23,0,23,60,40,4.588,,0,17.05,1.818,,0
2026-05-07 11:37:00,1099,517,284,90.97,,0,0,0,7.298,12.168,0,170,654,399,255,1209,,,27,36,30,37,31,41,33,33,39,43,68,0,1.78,0,0,0,161,79.73,636,3.046,3.007,,0,10,6,7,4,6,15,45,3,42,76,40,3.925,,0,46.59,2.01,,0
2026-05-07 11:38:00,1071,528,286,92.71,,0,0,0,6.301,7.119,0,183,641,394,247,1206,,,29,36,28,41,34,39,34,33,38,42,68,0,1.78,0,0,0,161,81.77,654,3.058,3.14,,0,10,4,9,6,5,13,47,3,44,76,37.14,3.964,,0,52.27,2.156,,0
2026-05-07 11:39:00,1075,526,283,91.32,,0,0,0,6.186,8.361,0,169,664,401,263,1227,,,32,34,27,40,30,38,35,28,37,43,67,0,1.78,0,0,0,161,84.08,665,3.049,3.081,,0,8,6,6,7,6,9,44,5,37,72,37.14,4.959,,0,50.57,1.717,,0
2026-05-07 11:40:00,1074,541,290,94.1,,0,0,0,6.421,8.619,0,165,662,403,259,1232,,,30,36,29,39,29,38,32,31,33,42,63,0,1.78,0,0,0,161,85.17,674,3.034,3.017,0,0,9,5,7,5,6,7,41,2,37,68,34.29,3.852,1,0,34.66,1.203,0,0
2026-05-07 11:41:00,1100,544,288,92.71,,0,0,0,6.354,7.735,0,178,691,429,262,1235,,,30,35,30,39,28,38,30,34,30,40,68,0,2.37,0,0,0,161,81.36,655,3.019,3.111,,0,6,5,7,6,5,10,48,2,41,74,71.43,4.358,,0,30.11,1.677,,0
2026-05-07 11:42:00,1084,567,283,90.97,,0,0,0,6.442,8.314,0,183,672,407,265,1231,,,34,35,29,43,25,40,31,34,32,40,67,0,1.18,0,0,0,161,82.31,671,3.03,3.232,,0,5,5,6,7,6,8,50,4,43,80,71.43,3.986,,0,42.05,2.174,,0
2026-05-07 11:43:00,1100,567,278,88.89,,0,0,0,5.927,5.027,0,170,689,408,281,1250,,,32,36,30,40,28,36,27,35,32,43,67,0,0,0,0,0,161,81.9,647,3.021,2.888,,0,4,6,9,8,7,8,44,2,41,76,48.57,4.79,,0,68.75,2.224,,0
2026-05-07 11:44:00,1085,576,267,88.19,,0,0,0,6.022,7.665,0,154,664,388,276,1224,,,36,35,32,41,25,41,32,39,32,40,65,0,2.96,0,0,0,161,80.54,647,3.03,2.95,,0,6,7,10,5,7,8,45,1,43,70,40,5.083,,0,65.34,1.798,,0
2026-05-07 11:45:00,1085,581,266,88.54,,0,0,0,5.723,6.067,0,148,672,386,286,1228,,,31,35,31,41,32,40,34,35,34,40,65,0,2.96,0,0,0,161,80.68,651,3.033,2.977,0,0,7,6,9,7,7,7,41,1,38,65,31.43,4.19,1,0,45.45,1.456,0,0
2026-05-07 11:46:00,1090,570,270,90.63,,0,0,0,5.817,6.417,0,160,665,384,281,1225,,,32,35,33,38,31,37,38,34,37,39,65,0,1.78,0,0,0,161,86.94,676,3.047,3.305,,0,7,6,7,8,7,4,40,0,39,67,42.86,4.654,,0,42.61,1.772,,0
2026-05-07 11:47:00,1122,572,288,93.4,,0,0,0,5.936,6.591,0,156,687,397,290,1246,,,31,35,29,37,32,39,38,34,33,37,65,0,0,0,0,0,161,84.9,674,3.065,3.126,,0,3,6,12,9,5,5,41,3,38,67,31.43,4.245,,0,71.59,2.194,,0
2026-05-07 11:48:00,1118,564,280,92.36,,0,0,0,5.389,4.519,0,163,668,383,285,1251,,,30,39,30,40,32,39,38,30,38,39,62,0,0,0,0,0,161,82.45,654,3.048,3.053,,0,5,5,11,6,5,6,40,1,38,61,22.86,3.916,,0,62.5,2.371,,0
2026-05-07 11:49:00,1137,561,280,91.32,,0,0,0,5.563,10.063,0,148,671,377,294,1248,,,33,37,35,35,32,43,37,36,41,38,61,0,0,0,0,0,161,80.14,630,3.04,3.096,,0,6,5,6,2,7,5,39,1,38,55,34.29,4.302,,0,45.45,1.599,,0
2026-05-07 11:50:00,1121,564,280,91.32,,0,0,0,4.944,4.864,0,151,645,364,281,1261,,,34,39,35,33,36,40,36,34,39,40,61,0,0,0,0,0,161,76.19,597,3.066,3.263,0,0,8,6,3,3,8,5,37,0,37,48,25.71,4.477,1,0,27.84,1.685,0,0
2026-05-07 11:51:00,1126,580,270,89.24,,0,0,0,5.262,10.453,0,141,669,379,290,1245,,,31,43,32,37,36,38,41,37,36,41,64,0,0,0,0,0,161,76.87,607,3.031,2.984,,0,5,8,5,8,6,6,34,0,34,50,14.29,4.737,,0,35.23,1.936,,0
2026-05-07 11:52:00,1111,575,265,87.5,,0,0,0,4.729,4.502,0,136,653,374,279,1251,,,34,42,29,38,37,34,44,39,38,39,64,0,0,0,0,0,161,81.5,640,3.047,3.196,,0,6,8,5,7,5,5,31,1,28,48,14.29,4.973,,0,53.98,2.407,,0
2026-05-07 11:53:00,1114,583,256,85.76,,0,0,0,5.185,10.604,0,124,666,375,291,1223,,,31,45,33,39,38,34,46,40,39,39,66,0,0,0,0,0,161,81.09,636,3.034,2.846,,3,6,6,8,6,4,3,31,0,31,48,14.29,3.958,,0,56.82,2.005,,0
2026-05-07 11:54:00,1101,580,253,84.38,,0,0,0,4.786,4.102,0,119,651,368,283,1214,,,30,43,31,43,37,35,46,42,42,38,70,0,0,0,0,0,161,83.13,675,3.011,2.784,,3,5,4,8,4,3,5,29,0,28,39,17.14,4.784,,0,52.27,1.936,,0
2026-05-07 11:55:00,1115,558,253,85.07,,0,0,0,5.161,9.816,0,113,665,371,294,1219,,,32,46,34,39,34,34,48,44,40,39,68,0,.59,0,0,0,161,82.59,650,3.001,2.88,0,3,7,5,4,3,4,7,27,0,27,42,34.29,4.203,1,0,44.89,1.59,0,0
2026-05-07 11:56:00,1115,555,252,85.07,,0,0,0,4.599,4.125,0,130,648,363,285,1239,,,33,47,33,38,31,35,46,44,39,39,69,0,.59,0,0,0,161,82.86,652,3.01,3.297,,3,4,7,4,4,3,5,21,0,21,36,42.86,4.654,,0,41.48,1.893,,0
2026-05-07 11:57:00,1141,555,256,85.42,,0,0,0,5.053,9.371,0,139,657,378,279,1238,,,34,42,35,39,27,36,47,42,39,38,76,0,1.18,0,0,0,161,87.07,697,3.047,3.544,,3,3,4,3,3,2,5,43,0,43,51,31.43,4.621,,0,62.5,2.021,,0
2026-05-07 11:58:00,1127,548,259,83.68,,0,0,0,4.589,4.467,0,151,664,380,284,1257,,,37,43,37,39,31,37,47,45,42,38,75,0,1.78,0,0,0,161,85.03,686,2.961,2.963,,3,3,6,3,3,1,6,49,2,46,56,40,4.462,,0,55.11,2.72,,0
2026-05-07 11:59:00,1129,558,249,82.99,,0,0,0,4.954,11.346,0,163,683,389,294,1268,,,38,42,39,38,32,35,47,41,41,43,75,0,1.78,0,0,0,161,83.95,662,2.937,3.058,,3,2,6,3,3,0,7,62,10,52,74,28.57,3.72,,0,37.5,1.912,,0
2026-05-07 12:00:00,1129,548,254,85.42,,0,0,0,4.429,4.688,0,183,678,388,290,1325,,,39,42,33,41,34,37,46,38,40,42,77,0,1.78,0,0,0,161,85.99,697,2.91,2.805,0,3,5,3,3,6,5,6,56,8,47,71,25.71,4.14,1,0,22.73,2.239,0,0
2026-05-07 12:01:00,1167,532,272,88.54,,0,0,0,4.939,10.072,0,178,732,427,305,1317,,,36,41,34,39,33,38,45,35,34,47,77,0,.59,0,0,0,161,90.61,727,2.919,3.092,,2,6,7,4,4,6,5,58,7,50,72,28.57,4.595,,0,21.02,2.006,,0
2026-05-07 12:02:00,1170,524,285,92.36,,0,0,0,4.448,4.572,0,200,732,419,313,1331,,,34,37,36,39,28,39,44,32,33,44,75,0,.59,0,0,0,161,88.57,722,2.915,3.138,,2,6,7,5,4,9,7,53,5,47,75,25.71,4.016,,0,41.48,2.444,,0
2026-05-07 12:03:00,1180,518,291,92.71,,0,0,0,5.034,13.466,0,199,753,427,326,1348,,,36,39,36,39,31,39,43,38,33,43,74,0,.59,0,0,0,161,90.07,745,2.915,2.954,,1,5,7,6,4,5,9,51,5,44,74,14.29,4.858,,0,42.61,1.575,,0
2026-05-07 12:04:00,1180,513,292,94.79,,0,0,0,4.498,5.015,0,193,750,426,324,1357,,,35,34,34,43,34,34,41,40,33,40,71,0,.59,0,0,0,161,88.57,755,2.957,3.212,,1,4,10,6,8,6,8,46,6,40,71,28.57,3.997,,0,30.11,1.402,,0
2026-05-07 12:05:00,1210,503,293,93.75,,0,0,0,5.168,11.697,0,186,780,439,341,1357,,,33,36,37,45,34,37,40,39,35,41,70,0,.59,0,0,0,161,87.89,730,3.031,3.591,0,1,7,9,5,6,6,5,47,7,39,70,31.43,4.571,1,0,23.3,1.743,0,0
2026-05-07 12:06:00,1202,497,302,95.14,,0,0,0,4.53,4.846,0,176,789,450,339,1328,,,34,37,38,44,35,39,38,38,35,42,69,0,.59,0,0,0,161,87.21,719,3.063,3.577,,1,9,7,5,8,4,7,42,2,38,65,22.86,3.549,,0,23.86,1.772,,0
2026-05-07 12:07:00,1206,490,301,94.44,,0,0,0,5.305,15.917,0,168,789,445,344,1313,,,35,40,37,43,39,36,39,37,31,41,67,0,.59,0,0,0,161,86.39,729,3.039,3.211,,1,10,6,7,9,4,7,38,1,37,68,42.86,5.265,,0,44.32,1.928,,0
2026-05-07 12:08:00,1203,484,295,94.79,,0,0,0,4.777,5.104,0,168,790,441,349,1301,,,38,41,37,40,37,39,36,34,35,43,64,0,.59,0,0,0,161,88.57,746,3.035,3.057,,0,9,6,9,10,5,6,42,2,40,74,42.86,3.772,,0,51.14,1.773,,0
2026-05-07 12:09:00,1199,471,295,94.44,,0,0,0,5.431,13.246,0,162,775,434,341,1292,,,38,41,39,38,42,35,35,35,35,42,61,0,.59,0,0,0,161,88.57,749,3.039,3.18,,0,7,8,12,10,6,2,40,3,37,71,28.57,4.312,,0,32.95,1.91,,0
2026-05-07 12:10:00,1201,470,295,93.75,,0,0,0,5.053,6.475,0,161,779,443,336,1288,,,40,44,40,38,43,35,37,35,35,40,61,0,.59,0,0,0,161,88.84,743,3.065,3.065,0,0,7,7,12,12,5,4,37,4,33,68,22.86,3.078,1,0,26.7,1.284,0,0
2026-05-07 12:11:00,1214,471,289,91.67,,0,0,0,6.159,13.885,0,156,768,440,328,1283,,,38,47,41,37,42,33,37,41,36,41,61,0,0,0,0,0,161,90.61,748,3.113,3.323,,0,7,8,9,13,6,8,43,3,38,70,25.71,3.971,,0,28.98,1.786,,0
2026-05-07 12:12:00,1195,477,282,91.32,,0,0,0,5.607,6.391,0,145,744,423,321,1262,,,39,49,41,39,39,34,40,39,34,43,59,0,0,0,0,0,161,91.56,756,3.237,4.205,,0,9,8,8,14,6,8,40,3,37,67,20,4.134,,0,36.93,2.19,,0
2026-05-07 12:13:00,1191,472,286,90.63,,0,0,0,6.313,10.662,0,131,728,416,312,1243,,,40,50,41,40,37,35,40,42,36,42,56,0,0,0,0,0,161,91.84,746,3.315,3.768,,0,9,6,8,12,8,9,38,1,37,61,11.43,3.525,,0,49.43,1.707,,0
2026-05-07 12:14:00,1179,470,280,92.01,,0,0,0,5.892,5.918,0,130,705,405,300,1226,,,39,49,39,43,38,32,41,40,35,40,60,0,0,0,0,0,161,85.71,705,3.417,4.039,,0,8,9,7,9,10,8,42,3,39,60,17.14,3.739,,0,39.2,1.564,,0
2026-05-07 12:15:00,1171,482,285,93.06,,0,0,0,6.364,11.135,0,128,695,399,296,1207,,,41,50,39,42,37,35,42,44,36,38,63,0,0,0,0,0,161,83.27,680,3.468,3.629,0,0,8,7,6,7,8,8,43,4,39,62,28.57,4.097,1,0,30.11,1.327,0,0
2026-05-07 12:16:00,1149,489,286,90.97,,0,0,0,5.837,4.482,0,122,685,395,290,1196,,,40,51,36,43,34,35,41,42,38,36,63,0,.59,0,0,0,161,85.17,666,3.569,4.098,,0,9,8,8,5,7,9,40,1,38,62,20,4.446,,0,21.02,1.78,,0
2026-05-07 12:17:00,1130,503,282,90.97,,0,0,0,6.327,12.926,0,128,679,393,286,1190,,,41,51,36,42,36,35,40,40,40,39,64,0,0,0,0,0,161,84.08,653,3.584,3.518,,0,8,8,9,3,7,10,43,0,41,61,14.29,4.148,,0,46.59,2.147,,0
2026-05-07 12:18:00,1121,503,274,89.58,,0,0,0,5.878,5.65,0,122,667,382,285,1179,,,39,50,39,39,35,37,40,39,41,36,65,0,0,0,0,0,161,82.72,647,3.594,3.364,,0,6,4,8,6,4,8,43,0,42,57,11.43,4.054,,0,40.34,2.178,,0
2026-05-07 12:19:00,1103,509,270,87.15,,0,0,0,6.109,9.515,0,118,655,376,279,1171,,,42,49,34,38,34,33,39,39,39,38,65,0,0,0,0,0,161,80.68,627,3.606,3.351,,0,4,9,7,7,8,7,40,1,38,57,17.14,5.551,,0,40.34,1.338,,0
2026-05-07 12:20:00,1079,531,260,86.81,,0,0,0,5.723,4.873,0,119,628,360,268,1164,,,41,53,34,37,32,32,38,39,42,38,65,0,0,0,0,0,161,78.91,611,3.644,3.494,0,0,5,11,5,9,9,7,37,2,35,59,17.14,4.559,1,0,32.95,1.187,0,0
2026-05-07 12:21:00,1088,530,276,89.58,,0,0,0,5.841,8.361,0,113,615,353,262,1147,,,36,49,37,38,32,32,35,37,45,37,66,0,0,0,0,0,161,80.14,626,3.556,2.936,,0,8,7,2,8,9,10,33,3,29,57,11.43,5.031,,0,25,1.721,,0
2026-05-07 12:22:00,1074,519,273,89.24,,0,0,0,5.298,5.071,0,142,606,345,261,1165,,,35,44,36,39,35,31,35,38,39,37,66,0,0,0,0,0,161,77.41,603,3.433,2.879,,0,6,9,6,3,5,6,32,3,29,50,11.43,4.277,,0,36.36,1.713,,0
2026-05-07 12:23:00,1075,531,263,88.54,,0,0,0,5.308,7.818,0,144,633,363,270,1180,,,34,39,34,36,32,31,35,38,43,39,66,0,0,0,0,0,161,81.63,632,3.344,2.88,,0,6,7,8,5,4,5,54,6,48,72,5.71,3.251,,0,54.55,1.77,,0
2026-05-07 12:24:00,1056,540,267,88.19,,0,0,0,5.121,4.833,0,169,660,381,279,1236,,,35,36,32,32,37,30,35,36,41,36,63,0,.59,0,0,0,161,82.45,642,3.224,2.825,,0,7,5,7,5,7,5,58,7,51,70,8.57,5.131,,0,38.07,1.51,,0
2026-05-07 12:25:00,1048,554,264,88.19,,0,0,0,5.236,6.617,0,168,641,369,272,1204,,,35,41,32,34,35,33,32,39,44,35,67,0,.59,0,0,0,161,80.68,633,3.136,2.724,0,0,7,5,7,7,6,2,61,11,50,74,5.71,3.75,1,0,25,1.501,0,0
2026-05-07 12:26:00,1044,556,268,87.85,,0,0,0,5.111,5.139,0,168,639,368,271,1217,,,32,43,31,36,31,32,33,34,42,36,66,0,.59,0,0,0,161,80.41,622,3.049,2.987,,0,2,6,6,6,5,7,58,10,47,72,11.43,4.45,,0,15.91,1.69,,0
2026-05-07 12:27:00,1066,552,271,89.24,,0,0,0,5.314,7.808,0,191,665,378,287,1236,,,34,39,31,35,32,31,32,39,39,38,67,0,.59,0,0,0,161,82.45,627,3.005,2.948,,0,5,7,4,8,5,6,54,8,45,74,11.43,5.821,,0,31.82,1.954,,0
2026-05-07 12:28:00,1061,563,269,87.85,,0,0,0,4.966,4.454,0,196,686,382,304,1260,,,34,36,33,32,30,35,32,36,40,34,66,0,.59,0,0,0,161,77.55,606,2.963,2.953,,0,5,7,5,9,5,6,54,6,41,77,28.57,4.145,,0,37.5,1.777,,0
2026-05-07 12:29:00,1081,563,264,87.5,,0,0,0,5.117,7.18,0,188,671,375,296,1250,,,37,35,31,33,32,32,36,40,42,37,66,0,.59,0,0,0,161,77.01,606,2.894,2.681,,0,8,5,7,9,6,6,47,5,42,71,51.43,4.393,,0,32.95,1.472,,0
2026-05-07 12:30:00,1089,557,266,87.15,,0,0,0,4.803,4.41,0,177,670,372,298,1259,,,33,34,28,37,33,35,39,38,39,34,66,0,.59,0,0,0,161,75.24,594,2.868,2.885,0,0,7,6,8,7,5,6,44,4,39,63,45.71,4.271,1,0,17.05,1.039,0,0
2026-05-07 12:31:00,1111,573,264,86.46,,0,0,0,4.928,6.746,0,189,702,385,317,1293,,,33,36,29,38,30,31,39,37,39,36,63,0,.59,0,0,0,161,77.41,596,2.867,2.961,,0,4,5,6,8,8,5,52,6,46,70,28.57,4.952,,0,27.27,1.58,,0
2026-05-07 12:32:00,1106,575,268,86.46,,0,0,0,4.668,4.772,0,195,688,377,311,1316,,,32,35,34,41,30,31,36,35,41,36,63,0,0,0,0,0,161,79.46,626,2.872,2.899,,0,6,5,6,7,7,9,62,9,48,81,25.71,4.06,,0,40.91,2.001,,0
2026-05-07 12:33:00,1127,574,276,91.32,,0,0,0,5.053,9.679,0,175,713,383,330,1307,,,35,37,32,39,33,34,35,39,42,40,62,0,0,0,0,0,161,85.31,651,2.863,2.841,,0,7,3,7,6,4,10,52,4,42,70,11.43,3.845,,0,51.14,1.198,,0
2026-05-07 12:34:00,1140,560,278,93.06,,0,0,0,4.593,4.617,0,166,713,388,325,1309,,,34,39,30,34,30,32,35,37,41,40,62,0,0,0,0,0,161,81.36,649,2.847,2.67,,0,6,9,4,8,5,6,47,6,35,68,14.29,4.064,,0,37.5,1.522,,0
2026-05-07 12:35:00,1150,550,287,94.1,,0,0,0,5.042,9.998,0,152,705,389,316,1286,,,32,39,33,37,30,30,32,35,43,40,66,0,0,0,0,0,161,86.12,668,2.847,2.698,0,0,4,10,7,9,5,7,42,5,32,66,14.29,4.016,1,0,25.57,1.354,0,0
2026-05-07 12:36:00,1134,549,283,92.71,,0,0,0,4.63,4.551,0,166,694,387,307,1290,,,33,42,34,35,31,28,35,27,42,40,62,0,0,0,0,0,161,82.72,646,2.848,2.954,,0,5,8,8,9,8,5,36,4,28,62,22.86,4.526,,0,18.18,1.519,,0
2026-05-07 12:37:00,1149,556,277,91.67,,0,0,0,5.014,10.353,0,160,720,412,308,1315,,,36,41,37,33,30,31,31,23,42,36,57,0,1.18,0,0,0,161,83.81,672,2.84,3.049,,0,4,9,9,6,11,8,50,7,40,69,17.14,4.365,,0,53.98,2.058,,0
2026-05-07 12:38:00,1140,559,273,90.28,,0,0,0,4.603,4.653,0,163,706,410,296,1314,,,38,38,31,32,32,29,30,30,46,32,62,0,.59,0,0,0,161,84.63,677,2.832,2.9,,0,6,11,9,7,8,5,62,11,51,76,20,3.949,,0,56.82,1.815,,0
2026-05-07 12:39:00,1141,573,282,92.71,,0,0,0,5.028,9.581,0,165,718,420,298,1327,,,34,40,31,36,33,29,32,27,41,31,63,0,.59,0,0,0,161,86.39,694,2.87,3.047,,0,6,9,10,8,9,6,65,10,52,76,22.86,4.932,,0,35.23,1.448,,0
2026-05-07 12:40:00,1127,567,286,94.79,,0,0,0,4.692,4.493,0,183,702,413,289,1317,,,35,41,31,38,31,29,30,22,42,32,62,0,.59,0,0,0,161,88.98,706,2.876,2.928,0,0,6,10,9,5,8,9,55,8,44,73,11.43,4.271,1,0,28.98,1.555,0,0
2026-05-07 12:41:00,1160,553,294,96.53,,0,0,0,5.136,9.095,0,169,744,445,299,1332,,,30,41,30,36,33,32,31,21,40,33,64,0,1.78,0,0,0,161,90.75,720,2.903,2.912,,0,8,9,6,7,6,10,49,3,44,71,22.86,3.632,,0,22.16,1.831,,0
2026-05-07 12:42:00,1168,547,301,95.14,,0,0,0,4.701,5.181,0,168,739,439,300,1332,,,33,40,30,36,35,35,27,22,37,32,64,0,2.37,0,0,0,161,90.07,721,2.897,3.204,,0,5,7,8,5,7,9,49,2,44,69,22.86,3.986,,0,49.43,2.016,,0
2026-05-07 12:43:00,1168,548,292,94.44,,0,0,0,5.094,10.251,0,165,759,449,310,1335,,,31,40,28,38,35,35,27,27,33,33,65,0,4.73,0,0,0,161,86.8,680,2.901,2.961,,0,5,5,8,8,6,8,51,4,47,76,17.14,4.342,,0,45.45,1.892,,0
2026-05-07 12:44:00,1166,548,296,94.79,,0,0,0,5.099,6.842,0,162,747,442,305,1334,,,33,39,29,39,29,37,25,24,37,31,66,0,7.1,0,0,0,161,91.84,730,2.924,2.955,,0,8,6,8,7,6,10,48,4,44,76,22.86,5.058,,0,32.95,1.535,,0
2026-05-07 12:45:00,1167,546,286,91.67,,0,0,0,5.435,9.837,0,168,765,455,310,1358,,,33,42,28,43,32,32,27,26,37,32,66,0,7.69,0,0,0,161,90.07,707,2.968,3.152,0,0,7,7,8,10,6,10,47,4,43,74,28.57,5.664,1,0,21.59,1.475,0,0
2026-05-07 12:46:00,1153,551,280,89.24,,0,0,0,5.074,5.187,0,167,758,449,309,1348,,,32,47,27,46,35,32,28,26,32,40,63,0,8.28,0,0,0,161,87.35,707,3.042,3.559,,1,12,7,9,12,7,10,40,1,39,72,22.86,4.282,,0,21.59,1.834,,0
2026-05-07 12:47:00,1162,540,277,88.19,,0,0,0,5.432,9.148,0,152,760,452,308,1330,,,31,42,29,39,34,34,29,25,33,37,63,0,6.51,0,0,0,161,88.16,717,3.077,3.474,,1,11,6,11,11,4,9,38,2,35,65,8.57,5.396,,0,46.02,2.151,,0
2026-05-07 12:48:00,1164,529,288,91.67,,0,0,0,5.266,5.641,0,140,755,446,309,1312,,,34,37,28,37,28,39,25,26,34,35,64,0,6.51,0,0,0,161,84.76,680,3.098,3.489,,1,9,8,11,10,6,9,31,2,29,63,2.86,4.942,,0,48.3,1.848,,0
2026-05-07 12:49:00,1150,528,287,93.75,,0,0,0,5.657,9.054,0,135,745,442,303,1291,,,36,38,28,38,27,37,27,28,36,35,62,0,5.33,0,0,0,161,84.35,672,3.079,3.204,,1,12,9,10,10,6,9,26,0,25,63,11.43,4.626,,0,38.64,1.277,,0
2026-05-07 12:50:00,1137,530,298,95.14,,0,0,0,5.324,5.271,0,124,744,447,297,1273,,,39,36,27,42,29,36,24,23,32,34,62,0,3.55,0,0,0,161,83.81,665,3.094,3.097,0,0,12,5,8,7,6,9,28,0,27,58,20,3.843,2,0,26.7,1.164,0,0
2026-05-07 12:51:00,1132,536,286,95.14,,0,0,0,5.886,10.176,0,124,768,469,299,1279,,,37,39,26,39,34,32,24,25,32,36,60,0,1.78,0,0,0,161,81.63,637,3.119,3.223,,0,10,3,7,9,5,10,33,0,33,57,34.29,6.285,,0,19.32,2.049,,0
2026-05-07 12:52:00,1110,557,287,94.44,,0,0,0,5.59,6.545,0,116,747,456,291,1252,,,32,37,26,39,33,29,23,25,35,32,61,0,2.96,0,0,0,161,79.73,632,3.144,3.34,,0,6,3,7,8,7,5,39,0,39,55,25.71,3.154,,0,27.27,2.498,,0
2026-05-07 12:53:00,1104,561,279,93.06,,0,0,0,5.92,9.097,0,114,736,443,293,1240,,,32,38,23,39,30,29,23,22,34,27,59,0,2.96,0,0,0,161,84.49,666,3.154,3.143,,1,7,4,8,8,5,5,39,0,39,53,25.71,4.731,,0,39.2,2.164,,0
2026-05-07 12:54:00,1085,574,285,93.4,,0,0,0,5.576,6.673,0,121,721,433,288,1220,,,34,36,25,38,30,32,22,22,33,30,58,0,2.96,0,0,0,161,86.8,680,3.168,3.1,,1,5,4,7,5,5,6,37,0,37,53,20,4.456,,0,30.11,1.291,,0
2026-05-07 12:55:00,1067,594,277,92.01,,0,0,0,5.967,9.342,0,113,695,416,279,1191,,,35,36,28,35,31,32,19,23,32,29,56,0,2.96,0,0,0,161,87.48,674,3.157,3.05,0,1,4,4,5,4,3,4,35,0,34,46,28.57,4.595,1,0,37.5,1.271,0,0
2026-05-07 12:56:00,1060,587,281,95.14,,0,0,0,5.59,6.892,0,129,683,412,271,1204,,,34,34,30,33,33,33,18,25,30,29,57,0,2.37,0,0,0,161,82.72,643,3.131,3.007,,0,5,5,2,8,6,3,28,0,28,43,22.86,4.076,,0,30.11,1.575,,0
2026-05-07 12:57:00,1069,606,278,92.01,,0,0,0,5.813,7.889,0,127,697,424,273,1203,,,34,32,29,35,28,35,17,29,28,28,63,0,3.55,0,0,0,161,82.31,634,3.117,3.109,,1,7,6,4,8,7,3,43,0,41,54,17.14,3.808,,0,57.39,1.948,,0
2026-05-07 12:58:00,1046,615,263,88.54,,0,0,0,5.479,5.779,0,140,672,412,260,1209,,,32,33,28,38,26,35,20,27,26,28,65,0,2.37,0,0,0,161,77.82,610,3.098,2.944,,0,8,8,6,8,6,5,53,2,50,70,8.57,3.482,,0,49.43,1.991,,0
2026-05-07 12:59:00,1049,610,265,89.58,,0,0,0,5.822,8.64,0,142,690,419,271,1210,,,35,35,28,36,26,33,23,29,26,25,68,0,.59,0,0,0,161,77.69,602,3.077,2.998,,0,6,7,4,6,5,7,58,6,51,70,11.43,3.679,,0,35.8,1.969,,0
2026-05-07 13:00:00,1031,610,252,85.07,,0,0,0,5.536,5.773,0,171,666,404,262,1229,,,33,34,30,32,30,31,22,29,25,26,68,0,0,0,0,0,161,74.56,583,3.037,2.788,0,0,4,4,7,5,8,7,59,10,49,75,17.14,5.486,0,0,22.73,1.628,0,0
2026-05-07 13:01:00,1053,612,264,88.19,,0,0,0,5.947,10.324,0,180,698,426,272,1247,,,32,32,29,31,28,35,23,30,23,29,69,0,0,0,0,0,161,77.69,600,2.989,2.753,,0,6,6,7,4,9,8,57,8,47,75,25.71,4.388,,0,17.61,1.9,,0
2026-05-07 13:02:00,1054,599,275,92.01,,0,0,0,5.489,6.835,0,170,695,419,276,1236,,,28,32,28,31,27,34,24,25,22,29,67,0,0,0,0,0,161,78.78,614,2.96,2.876,,0,8,8,8,6,5,5,51,5,43,73,45.71,4.543,,0,43.75,2.524,,0
2026-05-07 13:03:00,1056,596,280,93.06,,0,0,0,5.911,10.325,0,169,709,423,286,1236,,,31,29,26,32,25,35,22,25,21,25,69,0,0,0,0,0,161,78.1,606,2.915,2.715,,0,6,5,8,7,5,5,52,7,44,71,45.71,4.241,,0,48.86,2.033,,0
2026-05-07 13:04:00,1047,599,277,90.97,,0,0,0,5.469,6.579,0,160,694,413,281,1218,,,34,26,27,32,26,33,24,25,22,23,68,0,0,0,0,0,161,79.05,621,2.898,2.954,,0,5,6,7,7,6,6,46,7,39,70,45.71,4.772,,0,34.09,2.049,,0
2026-05-07 13:05:00,1067,591,269,88.89,,0,0,0,5.94,11.585,0,147,716,429,287,1225,,,32,26,28,36,22,35,24,24,21,26,67,0,0,0,0,0,161,77.14,607,2.867,2.717,0,0,5,5,7,6,8,10,44,4,39,66,40,5.843,0,0,18.75,1.592,0,0
2026-05-07 13:06:00,1062,586,274,90.63,,0,0,0,5.491,6.877,0,141,714,423,291,1204,,,31,31,27,34,23,35,24,24,22,29,68,0,.59,0,0,0,161,74.83,588,2.869,2.974,,0,7,4,8,4,8,10,37,3,34,62,37.14,5.511,,0,19.32,1.921,,0
2026-05-07 13:07:00,1087,581,273,90.63,,0,0,0,5.78,7.559,0,139,752,445,307,1234,,,31,31,27,36,24,28,20,28,24,25,67,0,.59,0,0,0,161,74.56,600,2.842,2.893,,0,4,8,6,5,7,10,44,4,40,65,20,3.814,,0,56.82,2.231,,0
2026-05-07 13:08:00,1079,569,267,90.63,,0,0,0,5.506,5.632,0,144,755,455,300,1235,,,32,33,30,34,25,30,19,24,22,26,65,0,.59,0,0,0,161,77.14,602,2.826,2.79,,0,4,8,5,5,6,9,51,4,44,72,20,4.435,,0,56.82,2.019,,0
2026-05-07 13:09:00,1080,573,259,87.85,,0,0,0,5.847,8.566,0,152,779,467,312,1268,,,29,34,27,37,24,28,14,22,22,28,61,0,1.18,0,0,0,161,76.19,594,2.82,3.056,,0,4,6,6,8,6,9,47,4,41,73,31.43,4.614,,0,42.61,1.28,,0
2026-05-07 13:10:00,1063,586,262,88.54,,0,0,0,5.447,5.914,0,162,762,452,310,1256,,,32,31,28,38,22,28,16,21,22,27,57,0,.59,0,0,0,161,75.78,607,2.84,2.989,0,0,4,3,6,6,8,8,51,5,45,73,28.57,4.879,0,0,16.48,1.419,0,0
2026-05-07 13:11:00,1088,583,277,92.71,,0,0,0,5.637,7.235,0,143,787,462,325,1246,,,30,29,28,37,18,31,17,19,25,24,63,0,.59,0,0,0,161,77.96,624,2.906,3.411,,0,4,3,8,7,7,9,44,1,43,72,34.29,6.027,,0,15.91,2.017,,0
2026-05-07 13:12:00,1088,594,283,93.4,,0,0,0,5.225,5.4,0,137,768,451,317,1243,,,29,27,29,36,21,31,19,20,23,23,61,0,.59,0,0,0,161,80,644,2.865,2.902,,0,6,3,6,5,6,10,42,0,41,67,22.86,4.791,,0,34.09,2.313,,0
2026-05-07 13:13:00,1093,592,281,93.4,,0,0,0,5.428,8.962,0,134,785,461,324,1262,,,32,33,31,34,24,32,17,18,24,21,59,0,.59,0,0,0,161,83.4,667,2.856,2.693,,0,3,6,6,8,6,10,45,3,42,65,20,4.475,,0,43.75,1.892,,0
2026-05-07 13:14:00,1088,593,277,92.36,,0,0,0,5.169,6.124,0,142,762,446,316,1257,,,29,31,31,32,22,32,22,19,26,19,64,0,.59,0,0,0,161,84.63,686,2.874,3.087,,0,4,7,6,8,5,10,43,5,38,64,22.86,3.192,,0,31.82,1.696,,0
2026-05-07 13:15:00,1080,586,282,93.75,,0,0,0,5.342,7.512,0,153,763,437,326,1248,,,31,32,30,36,20,36,19,17,26,21,62,0,.59,0,0,0,161,83.4,668,2.9,2.972,0,0,6,4,8,8,8,9,45,4,40,66,22.86,5.526,0,0,17.61,1.356,0,0
2026-05-07 13:16:00,1075,596,270,90.63,,0,0,0,5.037,6.47,0,165,749,429,320,1248,,,32,34,30,32,27,35,18,19,25,21,61,0,.59,0,0,0,161,84.49,670,2.92,3.016,,0,6,5,9,6,7,5,41,0,41,64,31.43,4.314,,0,8.52,1.84,,0
2026-05-07 13:17:00,1092,592,281,90.63,,0,0,0,5.352,9.362,0,158,777,446,331,1278,,,31,39,29,32,25,35,19,19,25,20,61,0,1.18,0,0,0,161,81.5,633,2.92,2.981,,0,5,5,6,9,7,8,47,2,44,68,31.43,4.018,,0,40.34,2.292,,0
2026-05-07 13:18:00,1080,607,278,91.67,,0,0,0,5.14,5.993,0,156,797,456,341,1290,,,30,38,27,33,26,33,17,20,28,21,62,0,1.18,0,0,0,161,83.54,662,2.934,2.986,,0,5,7,3,8,5,10,48,5,43,61,20,4.564,,0,36.93,2.002,,0
2026-05-07 13:19:00,1079,603,272,89.58,,0,0,0,5.392,8.021,0,147,776,441,335,1253,,,29,39,28,35,27,34,18,20,31,20,62,0,.59,0,0,0,161,82.04,640,2.927,2.999,,0,4,3,5,7,6,10,48,4,44,63,22.86,3.58,,0,29.55,1.614,,0
2026-05-07 13:20:00,1074,590,272,89.24,,0,0,0,5.12,5.697,0,149,764,436,328,1272,,,34,38,29,35,26,36,20,21,30,18,62,0,0,0,0,0,161,83.92,661,2.944,3.116,0,0,6,6,5,10,5,8,51,5,46,68,20,3.216,0,0,17.61,1.006,0,0
2026-05-07 13:21:00,1094,591,267,90.28,,0,0,0,5.463,8.997,0,161,807,460,347,1302,,,32,40,26,37,29,38,23,22,25,23,62,0,0,0,0,0,161,86.24,664,2.955,2.858,,0,4,6,9,7,4,4,52,5,47,74,40,4.061,,0,14.2,1.78,,0
2026-05-07 13:22:00,1099,584,263,87.5,,0,0,0,5.253,6.522,0,151,786,450,336,1293,,,36,38,24,41,26,39,23,21,27,21,62,0,0,0,0,0,161,85.69,663,2.935,2.925,,0,5,7,8,10,7,8,49,3,45,67,42.86,4.129,,0,31.25,1.999,,0
2026-05-07 13:23:00,1104,581,264,87.85,,0,0,0,5.521,8.055,0,150,796,448,348,1304,,,35,35,26,36,27,36,22,23,25,25,64,0,.59,0,0,0,161,82.56,651,2.924,2.746,,0,7,7,6,9,8,10,47,4,42,65,28.57,3.468,,0,42.05,1.373,,0
2026-05-07 13:24:00,1104,576,268,89.58,,0,0,0,5.259,5.283,0,132,783,433,350,1299,,,33,35,26,38,30,35,23,20,28,26,62,0,0,0,0,0,161,83.79,662,2.911,2.926,,0,8,6,4,8,9,10,42,3,38,62,34.29,3.319,,0,30.11,1.603,,0
2026-05-07 13:25:00,1112,581,270,89.58,,0,0,0,5.532,7.965,0,131,768,421,347,1278,,,33,39,27,34,30,27,25,23,28,25,61,0,0,0,0,0,161,85.15,663,2.904,2.916,0,0,7,5,4,8,7,8,45,4,41,65,22.86,3.709,0,0,17.61,1.385,0,0
2026-05-07 13:26:00,1119,581,281,92.71,,0,0,0,5.132,5.155,0,141,746,409,337,1277,,,32,37,28,38,25,30,26,25,26,28,61,0,0,0,0,0,161,80.79,628,2.946,3.33,,0,6,5,8,6,6,6,52,4,48,66,8.57,3.558,,0,17.05,1.779,,0
2026-05-07 13:27:00,1135,572,271,90.97,,0,0,0,5.31,7.804,0,143,741,408,333,1274,,,34,39,28,38,23,32,25,24,31,28,71,0,0,0,0,0,161,77.38,603,2.998,3.583,,0,9,4,7,7,2,7,59,8,49,75,17.14,3.46,,0,50.57,2.235,,0
2026-05-07 13:28:00,1132,563,271,90.97,,0,0,0,4.997,4.783,0,138,724,400,324,1281,,,31,40,27,39,24,36,26,27,27,29,70,0,.59,0,0,0,161,77.38,621,2.881,2.817,,0,9,7,6,6,4,8,54,5,47,71,17.14,3.855,,0,42.05,2.228,,0
2026-05-07 13:29:00,1142,566,279,90.97,,0,0,0,5.206,7.475,0,137,741,408,333,1285,,,33,40,30,37,29,31,25,25,29,29,74,0,0,0,0,0,161,75.48,604,2.858,2.829,,0,7,8,4,7,8,8,52,7,42,71,17.14,4.028,,0,26.14,1.206,,0
2026-05-07 13:30:00,1136,567,277,91.32,,0,0,0,4.817,4.678,0,146,732,400,332,1290,,,33,39,33,38,25,31,26,28,33,29,75,0,0,0,0,0,161,79.7,618,2.854,2.887,0,0,5,6,6,8,9,6,42,4,38,64,40,3.303,0,0,10.8,1.576,0,0
2026-05-07 13:31:00,1145,575,270,89.93,,0,0,0,4.999,8.557,0,168,770,429,341,1318,,,33,40,32,36,23,33,28,26,33,28,80,0,.59,0,0,0,161,82.15,641,2.826,2.608,,0,7,5,7,7,6,8,59,7,51,77,57.14,4.02,,0,16.48,1.757,,0
2026-05-07 13:32:00,1143,575,263,87.5,,0,0,0,4.654,5.587,0,173,774,425,349,1344,,,33,37,29,38,25,31,29,32,27,24,81,0,1.18,0,0,0,161,78.47,619,2.834,2.838,,0,5,5,9,4,5,10,63,7,55,78,60,4.648,,0,39.2,2.002,,0
2026-05-07 13:33:00,1124,592,262,87.5,,0,0,0,4.958,9.011,0,168,767,413,354,1322,,,35,33,30,37,25,35,25,32,30,24,78,0,1.78,0,0,0,161,82.7,657,2.83,2.807,,0,8,7,8,4,7,9,59,6,52,75,62.86,4.519,,0,43.75,2.687,,0
2026-05-07 13:34:00,1128,585,267,89.58,,0,0,0,4.658,5.771,0,154,779,414,365,1315,,,34,35,27,36,24,36,29,31,28,25,77,0,1.18,0,0,0,161,79.84,642,2.823,2.84,,0,9,7,5,5,6,4,53,3,49,71,45.71,3.452,,0,33.52,1.164,,0
2026-05-07 13:35:00,1135,579,270,90.28,,0,0,0,4.892,7.396,0,151,758,404,354,1296,,,34,33,27,34,24,36,27,31,30,27,76,0,1.18,0,0,0,161,79.84,623,2.823,2.904,0,0,7,6,7,6,7,5,51,4,47,67,34.29,4.132,0,0,21.02,1.544,0,0
2026-05-07 13:36:00,1141,567,268,90.63,,0,0,0,4.644,5.046,0,156,763,412,351,1291,,,33,34,26,33,27,33,25,27,32,27,75,0,.59,0,0,0,161,77.11,604,2.812,3.028,,0,7,6,8,8,9,8,46,4,42,66,40,3.968,,0,17.05,1.943,,0
2026-05-07 13:37:00,1129,584,257,87.85,,0,0,0,4.818,6.488,0,151,752,408,344,1284,,,30,35,27,34,30,32,33,27,32,27,72,0,.59,0,0,0,161,78.88,619,2.812,2.972,,0,7,5,9,9,4,13,42,4,38,64,42.86,4.959,,0,38.64,2.275,,0
2026-05-07 13:38:00,1114,589,251,84.03,,0,0,0,4.68,5.347,0,148,738,398,340,1268,,,29,37,29,39,27,34,38,22,30,23,69,0,1.18,0,0,0,161,80.38,620,2.825,2.917,,0,7,5,6,5,7,11,41,3,38,60,34.29,4.758,,0,56.82,2.166,,0
2026-05-07 13:39:00,1106,583,252,83.33,,0,0,0,4.966,7.516,0,147,726,390,336,1252,,,30,37,27,39,26,36,38,23,30,22,69,0,.59,0,0,0,161,82.56,647,2.831,2.902,,0,6,3,6,7,8,8,49,4,44,66,34.29,5.01,,0,43.75,1.521,,0
2026-05-07 13:40:00,1091,592,253,86.11,,0,0,0,4.795,5.726,0,153,710,385,325,1251,,,30,35,27,36,24,33,31,25,27,27,67,0,.59,0,0,0,161,82.29,658,2.825,2.999,0,0,10,5,3,6,7,7,56,4,52,67,48.57,4.707,0,0,30.11,1.33,0,0
2026-05-07 13:41:00,1102,582,255,85.07,,0,0,0,5.053,7.634,0,147,742,409,333,1287,,,26,34,34,35,24,32,28,26,27,25,64,0,.59,0,0,0,161,84.33,677,2.85,2.831,,0,7,6,6,6,5,6,61,11,49,77,48.57,3.522,,0,20.45,1.747,,0
2026-05-07 13:42:00,1082,588,262,86.81,,0,0,0,4.757,5.141,0,144,725,400,325,1267,,,28,32,29,36,27,32,24,28,25,24,62,0,1.18,0,0,0,161,82.83,656,2.873,2.954,,0,9,6,9,5,6,9,55,7,47,75,37.14,4.375,,0,47.73,2.338,,0
2026-05-07 13:43:00,1076,580,263,86.11,,0,0,0,5.023,7.585,0,159,733,414,319,1278,,,27,34,27,40,25,33,24,27,25,25,69,0,1.78,0,0,0,161,84.74,671,2.863,2.837,,0,10,6,9,8,3,10,54,6,48,77,28.57,4.528,,0,48.86,2.626,,0
2026-05-07 13:44:00,1073,575,262,88.19,,0,0,0,4.71,5.037,0,160,735,416,319,1298,,,29,31,23,34,22,34,24,25,25,21,66,0,2.37,0,0,0,161,87.33,688,2.868,2.881,,0,6,5,8,12,5,10,49,5,44,75,25.71,3.97,,0,37.5,1.497,,0
2026-05-07 13:45:00,1082,577,271,87.85,,0,0,0,5.02,8.662,0,162,742,421,321,1282,,,28,31,26,33,23,35,24,26,23,22,67,0,3.55,0,0,0,161,84.33,676,2.919,3.255,0,0,7,8,7,9,7,6,49,7,42,75,40,3.327,0,0,35.23,1.556,0,0
2026-05-07 13:46:00,1065,590,266,90.63,,0,0,0,4.714,5.444,0,157,752,435,317,1267,,,25,34,23,36,22,33,20,27,20,25,68,0,5.33,0,0,0,161,82.7,640,2.987,3.574,,0,11,8,7,7,8,7,46,5,41,72,60,4.816,,0,21.02,1.829,,0
2026-05-07 13:47:00,1064,592,277,90.28,,0,0,0,5.08,8.88,0,161,744,430,314,1260,,,25,33,23,32,19,32,18,23,21,20,67,0,6.51,0,0,0,161,79.84,634,2.906,2.988,,0,9,5,5,7,10,5,49,8,41,71,65.71,3.889,,0,44.89,2.081,,0
2026-05-07 13:48:00,1055,587,269,87.85,,0,0,0,4.776,5.772,0,157,726,422,304,1250,,,30,34,23,30,21,29,24,22,17,17,69,0,5.92,0,0,0,161,80.38,629,2.894,2.902,,0,7,9,6,4,10,5,49,7,39,69,60,4.648,,0,46.02,2.362,,0
2026-05-07 13:49:00,1045,579,278,90.63,,0,0,0,5.153,8.367,0,161,712,414,298,1220,,,27,31,23,31,16,30,21,27,18,19,72,0,4.73,0,0,0,161,83.65,656,2.91,2.887,,0,6,7,12,5,7,6,54,5,48,78,57.14,4.119,,0,35.23,1.613,,0
2026-05-07 13:50:00,1042,562,277,91.67,,0,0,0,4.814,5.195,0,174,702,411,291,1231,,,28,30,25,31,18,30,26,24,16,19,72,0,2.96,0,0,0,161,81.06,631,2.931,3.204,0,0,6,7,11,8,6,7,43,6,37,69,45.71,4.367,0,0,27.84,1.268,0,0
2026-05-07 13:51:00,1067,561,285,94.1,,0,0,0,5.236,10.584,0,162,740,436,304,1248,,,26,31,26,31,19,29,22,25,20,20,70,0,2.37,0,0,0,161,84.88,663,2.914,2.919,,0,7,8,8,8,6,6,52,6,45,73,37.14,5.43,,0,31.82,1.896,,0
2026-05-07 13:52:00,1053,562,277,91.32,,0,0,0,4.898,5.356,0,159,717,418,299,1237,,,28,33,24,33,20,29,23,23,20,22,72,0,3.55,0,0,0,161,82.02,658,2.948,3.181,,0,7,7,11,7,8,4,51,6,44,70,28.57,4.527,,0,46.02,2.288,,0
2026-05-07 13:53:00,1060,556,273,91.67,,0,0,0,5.286,9.691,0,169,736,428,308,1273,,,25,34,25,28,23,26,23,22,21,25,71,0,.59,0,0,0,161,83.11,662,2.944,2.947,,0,3,5,10,4,9,11,54,7,47,71,31.43,3.982,,0,46.59,1.573,,0
2026-05-07 13:54:00,1057,561,294,95.49,,0,0,0,5.112,6.339,0,174,722,422,300,1275,,,26,31,25,27,20,26,24,22,23,24,71,0,1.78,0,0,0,161,84.47,666,2.946,2.902,,0,2,6,9,6,6,11,55,6,48,75,37.14,4.348,,0,28.98,1.594,,0
2026-05-07 13:55:00,1062,569,287,92.71,,0,0,0,5.624,9.232,0,168,726,421,305,1279,,,28,30,23,26,22,28,26,22,22,24,69,0,1.18,0,0,0,161,86.1,702,2.929,2.847,0,0,7,8,6,8,7,10,52,5,46,74,37.14,4.371,0,0,27.27,1.685,0,0
2026-05-07 13:56:00,1062,564,282,92.36,,0,0,0,5.196,6.734,0,162,715,414,301,1297,,,28,33,25,29,24,31,26,24,22,25,65,0,1.18,0,0,0,161,88.69,713,2.943,3.17,,0,8,6,7,6,6,9,52,6,44,70,28.57,5.88,,0,17.05,1.801,,0
2026-05-07 13:57:00,1070,558,270,93.06,,0,0,0,5.658,9.602,0,158,747,433,314,1275,,,30,36,26,31,22,32,23,22,23,20,66,0,0,0,0,0,161,89.37,729,3.007,3.534,,0,8,4,9,8,10,7,49,4,45,72,25.71,6.317,,0,28.41,2.263,,0
2026-05-07 13:58:00,1058,568,281,93.4,,0,0,0,5.192,6.361,0,150,735,432,303,1284,,,26,40,25,32,23,28,23,25,20,21,64,0,0,0,0,0,161,89.24,726,2.941,3.07,,0,6,6,10,6,8,5,50,7,43,65,17.14,3.426,,0,48.86,1.96,,0
2026-05-07 13:59:00,1063,577,271,89.24,,0,0,0,5.59,9.488,0,138,736,438,298,1270,,,27,34,27,31,22,27,21,31,21,18,64,0,0,0,0,0,161,87.74,702,2.96,3.14,,0,9,7,11,5,10,5,45,5,40,63,11.43,4.229,,0,36.36,1.437,,0
2026-05-07 14:00:00,1059,588,269,88.89,,0,0,0,5.124,4.917,0,155,713,419,294,1270,,,29,35,26,33,24,30,23,27,22,16,65,0,0,0,0,0,161,86.24,701,2.969,3.016,0,0,9,7,8,5,8,5,40,4,36,58,22.86,4.028,0,1,27.84,1.349,0,0
2026-05-07 14:01:00,1085,586,261,87.15,,0,0,0,5.564,9.943,0,140,737,431,306,1270,,,31,37,25,34,23,28,25,26,24,17,71,0,0,0,0,0,161,85.83,696,2.989,3.115,,0,10,7,7,11,7,2,47,6,41,62,25.71,3.94,,1,22.16,1.755,,0
2026-05-07 14:02:00,1084,573,262,87.85,,0,0,0,5.154,5.036,0,132,729,426,303,1285,,,31,35,25,33,24,31,20,26,26,26,71,0,0,0,0,0,161,84.74,683,2.977,3.058,,0,6,10,6,8,9,7,46,4,42,60,37.14,6.801,,1,53.41,1.905,,0
2026-05-07 14:03:00,1097,579,244,82.99,,0,0,0,5.591,11.298,0,127,731,426,305,1261,,,29,36,24,36,21,31,19,25,23,31,73,0,0,0,0,0,161,85.42,677,2.986,3.098,,0,7,6,6,8,12,11,41,2,39,58,28.57,4.18,,1,56.25,1.719,,0
2026-05-07 14:04:00,1089,585,248,82.29,,0,0,0,5.131,5.04,0,119,717,419,298,1273,,,31,33,22,39,22,30,22,22,27,31,75,0,0,0,0,0,161,85.29,672,3.006,3.097,,1,6,7,7,6,12,9,39,3,36,56,45.71,5.01,,1,47.73,1.646,,0
2026-05-07 14:05:00,1103,578,251,83.33,,0,0,0,5.562,9.141,0,124,727,419,308,1275,,,32,38,25,37,20,30,19,21,29,28,75,0,0,0,0,0,161,84.6,681,3.051,3.288,0,0,6,7,8,6,8,5,43,2,41,56,42.86,5.68,1,0,35.8,1.592,0,0
2026-05-07 14:06:00,1097,572,239,79.51,,0,0,0,4.968,4.75,0,156,722,419,303,1323,,,31,42,25,35,20,32,24,21,33,27,73,0,0,0,0,0,161,83.79,659,3.126,3.682,,0,7,8,8,6,6,8,59,9,50,76,37.14,4.837,,0,21.59,1.949,,0
2026-05-07 14:07:00,1100,580,241,81.6,,0,0,0,5.101,7.547,0,143,754,442,312,1305,,,31,41,25,34,21,33,22,24,33,26,72,0,0,0,0,0,161,82.7,650,3.049,3.174,,0,8,4,7,8,7,7,56,9,47,72,28.57,4.899,,0,50,2.778,,0
2026-05-07 14:08:00,1098,563,254,82.64,,0,0,0,4.714,4.715,0,133,773,454,319,1317,,,32,41,23,32,25,30,23,26,32,24,69,0,0,0,0,0,161,87.47,687,3.037,2.965,,0,4,7,7,5,7,7,53,8,45,65,31.43,4.85,,0,48.3,2,,0
2026-05-07 14:09:00,1115,553,254,82.99,,0,0,0,4.851,7.063,0,132,769,454,315,1309,,,29,41,23,32,17,30,23,27,32,25,69,0,0,0,0,0,161,88.42,713,3.038,3.156,,0,6,8,7,3,6,8,49,6,43,62,37.14,4.009,,0,39.2,1.678,,0
2026-05-07 14:10:00,1085,564,242,82.29,,0,0,0,4.551,4.55,0,142,751,440,311,1295,,,31,42,20,35,14,32,23,29,31,24,69,0,0,0,0,0,161,90.19,710,3.041,3.129,0,0,6,7,4,3,7,7,48,6,42,63,22.86,5.426,0,0,25.57,1.605,0,0
2026-05-07 14:11:00,1100,569,236,80.21,,0,0,0,4.603,6.306,0,134,786,462,324,1313,,,31,41,29,35,15,35,20,25,32,21,66,0,0,0,0,0,161,89.1,692,3.072,3.371,,0,8,4,3,6,5,6,51,7,44,67,40,4.813,,0,22.73,1.893,,0
2026-05-07 14:12:00,1090,564,238,80.21,,0,0,0,4.502,5.556,0,141,808,468,340,1319,,,34,42,27,35,16,33,22,26,30,21,65,0,0,0,0,0,161,86.78,670,3.06,3.218,,0,6,2,3,4,4,6,55,5,47,68,28.57,4.361,,0,45.45,2.446,,0
2026-05-07 14:13:00,1090,557,238,79.17,,0,0,0,4.65,6.435,0,146,792,456,336,1291,,,34,40,28,33,20,36,23,29,27,24,63,0,0,0,0,0,161,88.42,698,3.036,3.045,,0,5,3,5,4,5,6,56,7,49,75,17.14,5.131,,0,51.7,1.898,,0
2026-05-07 14:14:00,1087,553,232,78.13,,0,0,0,4.525,6.287,0,162,787,445,342,1286,,,31,38,26,32,19,34,19,27,25,23,64,0,0,0,0,0,161,87.06,710,3.024,3.017,,0,7,2,9,8,5,6,70,19,50,92,34.29,4.506,,0,30.68,1.511,,0
2026-05-07 14:15:00,1088,559,230,78.47,,0,0,0,4.788,7.244,0,143,766,431,335,1250,,,29,38,22,35,19,35,21,25,27,27,63,0,0,0,0,0,161,93.19,738,3.061,3.421,0,0,6,3,9,7,8,5,57,9,47,78,45.71,4.488,0,0,20.45,1.619,0,0
2026-05-07 14:16:00,1087,561,235,79.17,,0,0,0,4.473,5.019,0,133,764,436,328,1234,,,26,41,26,32,16,35,19,26,23,29,65,0,0,0,0,0,161,91.42,736,3.133,3.648,,0,8,6,8,6,7,7,50,5,44,76,28.57,6.033,,0,17.61,1.8,,0
2026-05-07 14:17:00,1084,545,231,76.74,,0,0,0,4.74,7.33,0,137,745,422,323,1216,,,31,40,27,32,19,31,22,22,26,26,63,0,0,0,0,0,161,90.33,718,3.029,3.109,,0,6,6,5,5,8,10,44,2,41,72,17.14,4.34,,0,40.34,2.244,,0
2026-05-07 14:18:00,1082,549,235,77.43,,0,0,0,4.563,5.449,0,127,725,413,312,1203,,,29,38,27,30,21,32,20,24,26,23,67,0,0,0,0,0,161,86.92,703,3.02,2.956,,0,6,8,4,7,6,9,48,4,44,65,14.29,4.748,,0,39.77,1.742,,0
2026-05-07 14:19:00,1082,559,231,77.43,,0,0,0,4.846,7.504,0,127,718,412,306,1199,,,29,37,24,29,19,33,19,21,22,26,72,0,0,0,0,0,161,86.78,675,3.01,2.944,,0,6,7,5,9,4,9,47,4,42,64,45.71,4.38,,0,23.86,1.412,,0
2026-05-07 14:20:00,1069,549,230,78.13,,0,0,0,4.607,5.257,0,149,711,405,306,1214,,,23,40,23,29,18,32,17,21,27,24,72,0,0,0,0,0,161,84.6,670,3.027,3.216,0,0,5,6,6,8,4,5,46,2,43,62,45.71,3.896,0,0,23.3,1.498,0,0
2026-05-07 14:21:00,1077,554,233,77.78,,0,0,0,4.733,5.927,0,139,738,418,320,1210,,,25,39,22,33,16,31,21,21,23,22,73,0,0,0,0,0,161,85.15,663,3.063,3.44,,0,7,5,5,8,5,4,47,1,45,67,57.14,6.18,,0,23.3,1.64,,0
2026-05-07 14:22:00,1062,565,232,79.51,,0,0,0,4.612,5.901,0,147,770,435,335,1263,,,28,37,21,33,16,26,21,23,25,24,72,0,0,0,0,0,161,85.97,681,3.008,3.028,,0,7,8,5,10,4,5,48,2,45,66,45.71,4.213,,0,44.32,1.935,,0
2026-05-07 14:23:00,1074,563,235,78.47,,0,0,0,4.75,5.978,0,144,761,429,332,1260,,,27,40,22,29,14,27,22,26,20,26,72,0,0,0,0,0,161,83.79,670,3.007,3.074,,0,5,6,7,7,5,6,42,2,39,62,25.71,3.912,,0,50,1.471,,0
2026-05-07 14:24:00,1075,566,245,82.29,,0,0,0,4.559,4.795,0,149,759,427,332,1257,,,26,42,23,28,15,26,22,27,20,25,72,0,0,0,0,0,161,84.88,664,3.002,2.961,,0,9,7,6,4,4,6,47,2,43,62,17.14,4.064,,0,44.89,1.612,,0
2026-05-07 14:25:00,1067,570,251,82.99,,0,0,0,4.752,6.806,0,141,766,425,341,1261,,,23,42,21,27,16,27,21,25,24,23,72,0,0,0,0,0,161,83.65,660,3.018,3.17,0,0,8,5,7,6,3,5,43,2,40,60,14.29,4.361,0,0,24.43,1.368,0,0
2026-05-07 14:26:00,1065,565,245,81.94,,0,0,0,4.507,4.797,0,149,746,414,332,1265,,,28,35,18,29,17,26,21,25,23,25,72,0,0,0,0,0,161,82.97,649,3.044,3.34,,0,7,4,10,9,6,4,48,3,43,66,8.57,4.26,,0,17.61,1.782,,0
2026-05-07 14:27:00,1077,569,240,80.21,,0,0,0,4.724,6.954,0,157,783,435,348,1299,,,27,40,18,29,18,25,22,28,28,23,72,0,0,0,0,0,161,82.02,629,3.013,3.069,,0,5,8,7,8,5,6,57,8,49,72,20,5.227,,0,43.18,2.219,,0
2026-05-07 14:28:00,1063,575,230,76.74,,0,0,0,4.453,4.451,0,165,765,422,343,1306,,,25,45,22,27,16,25,22,26,27,24,71,0,0,0,0,0,161,80.38,632,2.99,2.808,,0,5,7,5,5,8,9,57,8,48,72,22.86,4.432,,0,46.59,1.879,,0
2026-05-07 14:29:00,1072,577,237,78.82,,0,0,0,4.675,7.149,0,160,766,416,350,1286,,,24,41,22,30,15,26,21,24,27,22,70,0,0,0,0,0,161,81.34,643,2.989,2.94,,0,5,5,5,4,7,8,57,7,50,74,22.86,6.42,,0,32.39,1.583,,0
2026-05-07 14:30:00,1077,569,243,81.25,,0,0,0,4.474,5.291,0,162,756,412,344,1301,,,29,39,18,31,15,27,20,25,26,26,66,0,0,0,0,0,161,80.79,627,2.992,3.041,0,0,4,1,7,10,6,7,54,6,48,70,22.86,5.147,0,0,23.86,1.463,0,0
2026-05-07 14:31:00,1097,559,246,82.99,,0,0,0,4.701,6.928,0,158,796,442,354,1290,,,24,40,18,28,16,27,23,21,26,28,63,0,0,0,0,0,161,81.47,644,2.989,3.251,,0,7,5,5,9,7,5,56,8,48,75,22.86,4.005,,0,22.16,1.834,,0
2026-05-07 14:32:00,1078,573,238,79.86,,0,0,0,4.36,4.489,0,150,779,431,348,1275,,,23,39,22,26,17,23,24,21,27,26,68,0,0,0,0,0,161,83.11,649,2.939,2.86,,0,7,8,5,7,4,7,50,6,44,73,20,6.009,,0,30.11,1.88,,0
2026-05-07 14:33:00,1090,577,239,80.56,,0,0,0,4.566,7.84,0,151,783,431,352,1288,,,25,39,17,27,15,25,32,18,32,25,67,0,0,0,0,0,161,82.15,640,2.896,2.766,,0,5,6,7,6,9,10,48,5,42,71,25.71,5.113,,0,35.8,1.68,,0
2026-05-07 14:34:00,1093,578,234,78.47,,0,0,0,4.327,4.574,0,140,755,418,337,1274,,,25,35,19,28,14,23,33,16,37,22,70,0,0,0,0,0,161,82.29,656,2.89,2.903,,0,6,7,7,7,10,14,44,6,38,67,34.29,4.345,,0,30.11,1.559,,0
2026-05-07 14:35:00,1097,560,244,81.6,,0,0,0,4.595,6.95,0,135,745,411,334,1246,,,26,35,22,30,15,23,32,16,33,24,68,0,0,0,0,0,161,84.2,654,2.9,3.076,0,0,5,6,4,6,8,10,45,6,39,64,42.86,5.136,0,0,24.43,1.647,0,0
2026-05-07 14:36:00,1103,557,253,84.03,,0,0,0,4.891,7.902,0,132,739,409,330,1266,,,28,34,20,31,15,23,30,16,35,23,67,0,0,0,0,0,161,86.1,668,2.953,3.573,,0,5,6,6,5,9,9,41,4,37,66,40,5.523,,0,15.91,1.586,,0
2026-05-07 14:37:00,1117,553,252,85.07,,0,0,0,4.583,8.922,0,153,767,427,340,1287,,,30,34,22,29,17,25,29,18,31,25,67,0,0,0,0,0,161,85.42,663,2.878,3.025,,0,4,2,8,4,8,9,55,5,49,77,25.71,4.446,,0,34.66,2.33,,0
2026-05-07 14:38:00,1108,550,255,85.42,,0,0,0,4.751,8.039,0,143,754,419,335,1303,,,28,34,21,31,15,26,28,26,27,23,68,0,0,0,0,0,161,80.93,629,2.889,3.007,,0,3,5,6,5,8,7,51,5,46,71,22.86,4.777,,0,36.36,1.861,,0
2026-05-07 14:39:00,1109,556,246,83.33,,0,0,0,4.401,5.826,0,141,763,418,345,1285,,,25,34,21,32,18,24,24,28,28,25,69,0,0,0,0,0,161,82.97,645,2.878,2.797,,1,8,5,4,4,8,8,51,6,44,70,31.43,3.939,,0,31.25,1.554,,0
2026-05-07 14:40:00,1096,566,236,80.21,,0,0,0,4.693,7.849,0,149,754,422,332,1297,,,24,35,22,30,16,26,21,29,31,25,69,0,0,0,0,0,161,81.88,637,2.884,2.882,0,1,10,7,6,6,7,9,52,4,44,74,31.43,3.718,0,0,19.32,1.201,0,0
2026-05-07 14:41:00,1109,579,234,77.43,,0,0,0,4.2,4.603,0,132,794,442,352,1318,,,22,37,24,27,16,25,20,28,35,23,67,0,0,0,0,0,161,82.83,633,2.931,3.499,,1,6,10,6,7,8,7,50,5,44,68,25.71,4.518,,0,14.77,1.705,,0
2026-05-07 14:42:00,1116,555,235,78.82,,0,0,0,4.573,7.792,0,135,781,435,346,1314,,,23,33,23,29,15,26,20,28,38,23,66,0,0,0,0,0,161,79.43,622,2.925,3.109,,1,8,6,6,9,7,7,53,9,44,73,20,4.459,,0,34.09,1.895,,0
2026-05-07 14:43:00,1128,548,228,77.08,,0,0,0,4.383,6.558,0,128,782,429,353,1311,,,26,32,21,30,19,27,23,25,38,21,71,0,0,0,0,0,161,82.56,638,2.937,2.928,,1,9,5,6,8,5,6,54,7,47,76,5.71,3.538,,0,42.05,1.966,,0
2026-05-07 14:44:00,1127,543,222,75,,0,0,0,4.56,6.407,0,138,764,420,344,1314,,,30,34,17,28,19,27,25,25,40,24,70,0,0,0,0,0,161,80.25,621,2.918,2.717,,1,9,7,4,6,9,8,50,7,43,69,8.57,3.929,,0,34.09,1.689,,0
2026-05-07 14:45:00,1128,557,218,72.92,,0,0,0,4.282,4.406,0,144,789,437,352,1324,,,28,35,18,32,20,28,23,28,39,28,68,0,0,0,0,0,161,80.11,618,2.938,2.982,0,0,8,8,7,6,11,9,53,8,45,75,20,4.153,0,0,23.86,1.349,0,0
2026-05-07 14:46:00,1134,555,213,71.53,,0,0,0,4.615,8.237,0,144,779,435,344,1327,,,26,33,23,32,15,29,22,29,38,31,72,0,0,0,0,0,161,79.43,630,2.94,3.051,,0,10,8,10,6,9,8,47,6,41,73,14.29,4.954,,0,16.48,1.619,,0
2026-05-07 14:47:00,1148,553,215,71.88,,0,0,0,4.484,5.728,0,141,781,430,351,1310,,,28,36,22,34,17,28,21,28,35,29,75,0,0,0,0,0,161,80.38,623,2.912,2.7,,0,11,5,6,8,8,8,48,6,42,71,11.43,4.383,,0,41.48,2.219,,0
2026-05-07 14:48:00,1144,542,216,71.88,,0,0,0,4.678,6.823,0,146,766,420,346,1301,,,30,37,24,33,16,25,24,29,34,30,75,0,0,0,0,0,161,80.52,646,2.903,2.929,,0,10,4,5,9,7,8,50,5,44,76,11.43,4.664,,0,36.36,1.748,,0
2026-05-07 14:49:00,1152,530,225,75.69,,0,0,0,4.652,8.592,0,155,768,413,355,1291,,,25,34,20,34,18,26,25,25,38,24,75,0,0,0,0,0,161,81.34,653,2.932,3.104,,0,7,7,6,8,6,8,48,5,42,78,11.43,3.789,,0,27.27,1.517,,0
2026-05-07 14:50:00,1140,521,225,75,,0,0,0,4.689,6.234,0,152,752,400,352,1271,,,24,31,23,34,17,25,24,22,42,19,74,0,0,0,0,0,161,81.34,645,2.934,2.849,0,0,9,6,6,8,7,6,50,3,47,77,20,3.832,0,0,25.57,1.271,0,0
2026-05-07 14:51:00,1161,506,239,79.17,,0,0,0,4.43,4.729,0,145,783,418,365,1280,,,25,32,23,32,22,27,25,22,44,17,75,0,0,0,0,0,161,79.16,636,2.942,3.247,,0,10,6,2,5,7,7,51,5,45,75,20,4,,0,14.2,1.787,,0
2026-05-07 14:52:00,1161,503,244,82.29,,0,0,0,4.534,6.063,0,153,802,429,373,1307,,,26,31,19,29,24,30,26,20,40,13,75,0,0,0,0,0,161,80.11,628,2.888,3.01,,0,11,3,8,6,8,9,51,5,42,76,22.86,3.607,,0,35.23,2.007,,0
2026-05-07 14:53:00,1164,502,242,80.56,,0,0,0,4.479,6.654,0,147,785,418,367,1290,,,27,36,20,30,22,30,26,17,39,16,74,0,0,0,0,0,161,79.29,609,2.883,2.952,,0,8,3,10,8,8,6,48,0,46,77,22.86,4.619,,0,42.05,1.645,,0
2026-05-07 14:54:00,1145,510,239,79.86,,0,0,0,4.551,4.517,0,144,777,403,374,1285,,,26,36,23,31,22,29,25,24,37,24,76,0,.59,0,0,0,161,75.34,591,2.902,2.905,,0,8,8,8,7,7,6,47,2,45,74,20,3.645,,0,32.39,1.448,,0
2026-05-07 14:55:00,1147,510,234,79.51,,0,0,0,4.527,5.878,0,132,749,388,361,1263,,,27,33,25,29,19,29,27,25,35,27,75,0,0,0,0,0,161,78.47,603,2.906,3.021,0,0,8,9,6,9,6,10,43,3,40,71,31.43,3.449,0,0,22.73,1.323,0,0
2026-05-07 14:56:00,1143,523,246,82.29,,0,0,0,4.79,6.42,0,142,726,380,346,1261,,,26,31,23,24,22,29,24,26,39,28,72,0,0,0,0,0,161,75.2,593,2.941,3.337,,0,9,9,7,10,8,13,34,2,32,63,11.43,4.18,,0,10.8,1.817,,0
2026-05-07 14:57:00,1140,531,234,77.78,,0,0,0,4.869,4.47,0,138,742,399,343,1262,,,25,33,16,23,22,28,22,29,36,24,74,0,0,0,0,0,161,80.52,621,2.9,3.016,,0,10,7,8,6,6,11,44,2,41,70,5.71,4.273,,0,28.41,2.148,,0
2026-05-07 14:58:00,1145,526,241,80.9,,0,0,0,4.605,5.875,0,136,765,413,352,1287,,,27,33,16,24,19,27,26,29,38,21,73,0,0,0,0,0,161,78.61,617,2.88,2.826,,0,10,6,8,5,4,8,46,1,43,65,37.14,3.795,,0,36.93,2.027,,0
2026-05-07 14:59:00,1132,542,233,77.43,,0,0,0,4.711,6.193,0,131,750,403,347,1264,,,26,34,24,24,20,25,25,26,35,19,72,0,0,0,0,0,161,78.75,609,2.859,2.898,,0,10,7,8,9,6,8,44,2,39,66,45.71,3.613,,0,26.14,1.467,,0
2026-05-07 15:00:00,1124,546,227,76.04,,0,0,0,4.334,4.408,0,137,740,397,343,1264,,,25,33,18,26,17,25,28,24,33,22,75,0,0,0,0,0,161,76.98,605,2.908,3.216,0,0,8,7,9,11,6,10,44,3,41,68,40,4.111,0,0,13.07,1.663,0,0
2026-05-07 15:01:00,1148,560,229,77.08,,0,0,0,4.416,5.863,0,143,771,416,355,1279,,,28,36,16,20,16,30,25,24,34,22,83,0,0,0,0,0,161,79.16,624,2.961,3.4,,0,4,6,10,7,7,9,52,6,46,71,22.86,3.865,,0,26.7,1.729,,0
2026-05-07 15:02:00,1153,564,230,77.78,,0,0,0,4.474,7.291,0,152,752,408,344,1289,,,26,34,14,24,19,28,26,20,36,22,83,0,0,0,0,0,161,78.88,615,2.882,2.896,,0,6,8,6,9,8,8,60,8,52,77,14.29,5.007,,0,40.91,1.905,,0
2026-05-07 15:03:00,1144,573,223,74.65,,0,0,0,4.209,4.34,0,147,771,419,352,1289,,,27,32,15,21,17,27,28,19,37,20,84,0,0,0,0,0,161,80.65,648,2.875,2.956,,0,12,7,7,7,4,8,54,7,45,73,14.29,4.419,,0,36.93,1.684,,0
2026-05-07 15:04:00,1143,566,215,72.22,,0,0,0,4.416,7.41,0,146,764,411,353,1290,,,29,29,19,23,22,24,25,20,33,25,84,0,0,0,0,0,161,80.93,641,2.873,2.885,,0,9,9,8,5,5,9,56,9,47,75,17.14,4.59,,0,22.16,1.216,,0
2026-05-07 15:05:00,1135,565,206,70.49,,0,0,0,4.18,5.031,0,139,753,403,350,1274,,,28,34,22,24,19,27,23,27,30,25,81,0,0,0,0,0,161,80.25,644,2.9,3.071,0,0,8,9,7,7,5,10,49,7,42,69,25.71,4.52,0,0,14.77,1.663,0,0
2026-05-07 15:06:00,1146,556,221,73.61,,0,0,0,4.186,4.217,0,130,749,399,350,1251,,,27,34,21,25,20,25,22,26,32,21,81,0,0,0,0,0,161,81.47,658,2.951,3.332,,0,8,4,6,6,4,4,52,6,46,68,31.43,5.185,,0,18.75,1.939,,0
2026-05-07 15:07:00,1152,541,233,75.35,,0,0,0,4.425,7.102,0,121,759,411,348,1244,,,29,37,23,22,19,25,25,28,32,20,80,0,0,0,0,0,161,80.79,645,2.895,2.983,,0,5,5,8,5,4,6,46,4,41,64,40,3.796,,0,40.91,2.225,,0
2026-05-07 15:08:00,1150,559,231,78.82,,0,0,0,4.191,5.537,0,114,741,397,344,1212,,,28,34,19,20,18,26,28,25,30,20,79,0,0,0,0,0,161,76.7,603,2.894,2.902,,1,5,5,4,5,6,10,37,2,35,60,31.43,5.033,,0,39.2,1.902,,0
2026-05-07 15:09:00,1137,557,238,79.17,,0,0,0,4.226,4.121,0,113,733,394,339,1195,,,26,34,16,20,17,26,28,22,33,19,78,0,0,0,0,0,161,76.16,599,2.916,3.128,,1,5,3,5,8,7,8,36,2,34,58,22.86,4.533,,0,26.14,1.26,,0
2026-05-07 15:10:00,1094,578,229,77.08,,0,0,0,4.348,7.163,0,137,726,399,327,1202,,,26,34,17,24,20,26,29,22,37,21,76,0,0,0,0,0,161,80.79,642,2.948,3.236,0,0,7,6,8,7,7,10,34,3,31,57,37.14,4.996,0,0,22.73,1.47,0,0
2026-05-07 15:11:00,1114,563,232,77.78,,0,0,0,4.495,5.686,0,129,769,426,343,1235,,,23,31,18,23,17,23,30,18,40,19,73,0,0,0,0,0,161,82.02,653,2.969,3.08,,0,5,4,7,10,7,10,47,5,41,66,31.43,4.322,,0,25,1.737,,0
2026-05-07 15:12:00,1089,579,218,71.88,,0,0,0,4.141,4.076,0,139,758,416,342,1251,,,26,30,21,19,19,25,31,21,40,17,70,0,0,0,0,0,161,80.93,645,2.955,3.107,,0,4,3,7,9,8,10,49,6,43,69,22.86,3.781,,0,35.23,2.104,,0
2026-05-07 15:13:00,1099,575,217,73.26,,0,0,0,4.381,7.686,0,133,797,434,363,1270,,,27,30,19,23,16,25,31,26,40,16,70,0,0,0,0,0,161,83.51,669,2.914,2.62,,0,4,5,9,7,6,8,48,3,43,67,20,4.744,,0,44.89,1.791,,0
2026-05-07 15:14:00,1088,578,216,73.26,,0,0,0,4.378,5.704,0,131,787,425,362,1258,,,29,31,15,20,16,26,31,22,37,17,68,0,0,0,0,0,161,83.24,644,2.909,2.838,,0,5,3,9,4,2,6,48,5,43,63,25.71,4.111,,0,34.09,2.07,,0
2026-05-07 15:15:00,1096,576,222,74.65,,0,0,0,4.38,4.188,0,135,773,422,351,1252,,,24,29,18,24,17,26,33,24,33,15,75,0,0,0,0,0,161,83.38,650,2.907,2.955,0,0,7,5,4,3,4,9,49,5,43,65,34.29,4.413,0,0,27.84,1.583,0,0
2026-05-07 15:16:00,1122,574,237,78.82,,0,0,0,4.349,6.213,0,151,773,420,353,1279,,,20,33,19,25,15,25,35,22,28,18,74,0,0,0,0,0,161,81.88,645,2.915,2.889,,0,5,7,5,8,9,8,48,7,41,67,31.43,4.332,,0,20.45,1.852,,0
2026-05-07 15:17:00,1134,587,232,78.47,,0,0,0,4.528,6.198,0,143,799,437,362,1278,,,24,31,19,22,21,21,33,25,27,18,70,0,0,0,0,0,161,81.74,649,2.933,3.169,,0,6,6,3,7,7,7,51,5,45,69,31.43,5.953,,0,40.91,2.207,,0
2026-05-07 15:18:00,1130,581,234,79.17,,0,0,0,4.082,4.467,0,142,782,430,352,1267,,,25,34,21,21,19,23,30,25,25,17,69,0,0,0,0,0,161,79.97,626,2.915,3.104,,0,9,6,5,10,7,7,51,4,46,72,17.14,4.329,,0,36.36,1.738,,0
2026-05-07 15:19:00,1134,575,227,76.74,,0,0,0,4.089,4.173,0,142,786,423,363,1270,,,27,35,20,19,19,24,30,26,24,21,79,0,0,0,0,0,161,80.52,620,2.889,2.882,,0,9,8,6,6,6,6,54,6,47,74,17.14,6.257,,0,22.16,1.865,,0
2026-05-07 15:20:00,1117,557,231,77.08,,0,0,0,4.279,7.096,0,142,773,415,358,1259,,,24,36,22,16,15,22,32,26,22,19,75,0,0,0,0,0,161,82.97,647,2.878,2.986,0,0,6,10,5,3,4,5,51,7,44,69,25.71,5.858,0,0,26.7,1.274,0,0
2026-05-07 15:21:00,1127,551,244,80.9,,0,0,0,4.341,4.517,0,134,780,423,357,1239,,,26,33,19,21,16,27,30,25,22,21,73,0,0,0,0,0,161,80.11,638,2.882,2.886,,0,4,9,5,3,2,5,49,7,40,68,40,4.804,,0,24.43,1.722,,0
2026-05-07 15:22:00,1099,551,233,77.78,,0,0,0,4.155,4.094,0,135,766,416,350,1220,,,23,33,15,23,18,23,30,24,23,23,72,0,0,0,0,0,161,82.97,652,2.868,2.884,,0,10,5,8,6,5,8,45,4,39,69,48.57,5.359,,0,42.05,1.899,,0
2026-05-07 15:23:00,1093,552,238,79.86,,0,0,0,4.376,8.021,0,130,758,414,344,1205,,,23,33,14,18,15,28,26,20,29,18,72,0,0,0,0,0,161,82.43,649,2.89,2.916,,1,9,3,10,12,5,12,42,5,35,68,40,5.229,,0,46.59,1.413,,0
2026-05-07 15:24:00,1078,550,232,79.51,,0,0,0,4.199,4.388,0,135,743,409,334,1205,,,22,35,18,16,17,27,28,16,27,15,71,0,.59,0,0,0,161,80.93,648,2.89,2.805,,0,7,6,9,11,5,11,51,6,45,76,34.29,4.312,,0,34.09,1.459,,0
2026-05-07 15:25:00,1070,546,239,79.51,,0,0,0,4.264,4.639,0,132,729,400,329,1197,,,23,33,20,16,15,27,26,16,26,12,69,0,.59,0,0,0,161,82.02,662,2.89,2.955,0,0,11,5,5,7,8,8,48,4,42,72,20,4.975,0,0,25.57,1.523,0,0
2026-05-07 15:26:00,1066,546,243,79.86,,0,0,0,4.509,7.722,0,115,707,387,320,1177,,,26,29,16,17,15,27,26,16,23,16,68,0,0,0,0,0,161,84.06,674,2.905,2.889,,0,11,4,8,6,5,8,46,1,45,65,20,3.71,,0,26.14,1.852,,0
2026-05-07 15:27:00,1062,550,237,81.6,,0,0,0,4.574,4.866,0,142,743,412,331,1230,,,25,27,11,15,16,25,28,16,22,18,64,0,0,0,0,0,161,85.42,688,2.942,3.264,,0,7,7,8,6,4,7,62,9,53,77,17.14,3.204,,0,52.27,2.414,,0
2026-05-07 15:28:00,1034,568,243,82.29,,0,0,0,4.322,4.603,0,144,732,408,324,1232,,,22,26,16,15,19,25,24,15,23,23,63,0,0,0,0,0,161,86.24,709,2.892,2.993,,0,5,8,4,7,7,4,56,8,47,74,31.43,5.166,,0,52.27,1.927,,0
2026-05-07 15:29:00,1034,557,240,80.56,,0,0,0,4.543,7.195,0,143,741,421,320,1240,,,20,25,19,15,15,24,21,17,20,23,68,0,0,0,0,0,161,86.38,678,2.875,2.826,,0,4,7,6,7,3,5,53,7,46,73,31.43,5.642,,0,34.66,1.628,,0
2026-05-07 15:30:00,1011,565,232,77.78,,0,0,0,4.364,4.766,0,140,724,413,311,1240,,,21,27,16,11,11,23,19,21,22,22,66,0,0,0,0,0,161,85.15,657,2.879,3.038,0,0,4,6,7,10,5,8,46,7,39,70,28.57,4.894,0,0,18.18,1.713,0,0
2026-05-07 15:31:00,1029,575,223,76.04,,0,0,0,4.428,5.013,0,138,758,438,320,1240,,,22,24,19,16,12,22,18,19,24,19,66,0,0,0,0,0,161,87.87,712,2.883,2.935,,0,7,3,9,10,2,10,51,5,46,71,31.43,5.605,,0,23.86,1.872,,0
2026-05-07 15:32:00,1011,573,216,71.88,,0,0,0,4.6,6.762,0,138,764,430,334,1250,,,26,21,13,18,14,19,23,20,22,19,68,0,0,0,0,0,161,89.1,699,2.923,3.179,,0,11,5,8,5,7,12,46,3,42,68,45.71,6.996,,0,50,2.142,,0
2026-05-07 15:33:00,1028,566,220,75,,0,0,0,4.639,4.643,0,139,755,424,331,1225,,,24,26,16,19,14,18,19,16,27,16,70,0,0,0,0,0,161,86.92,692,2.921,2.951,,0,10,8,6,5,6,8,50,5,45,73,37.14,5.262,,0,59.09,1.63,,0
2026-05-07 15:34:00,1023,565,216,73.61,,0,0,0,4.65,6.955,0,138,763,414,349,1248,,,22,30,15,13,16,16,16,15,28,18,71,0,0,0,0,0,161,84.74,667,2.952,3.11,,0,8,5,7,7,6,5,47,4,43,69,34.29,4.341,,0,49.43,1.375,,0
2026-05-07 15:35:00,1027,562,217,74.31,,0,0,0,4.673,4.095,0,139,748,406,342,1240,,,21,28,16,12,12,18,16,18,27,15,70,0,0,0,0,0,161,82.02,647,2.971,3.148,0,0,6,6,6,10,4,8,45,2,42,71,37.14,4.255,0,0,33.52,1.44,0,0
2026-05-07 15:36:00,1031,558,225,75.69,,0,0,0,4.407,4.921,0,150,746,406,340,1268,,,24,27,18,16,8,17,18,19,22,22,68,0,0,0,0,0,161,83.65,674,3.018,3.168,,0,6,5,5,9,9,9,55,7,48,80,37.14,4.233,,0,18.75,1.905,,0
2026-05-07 15:37:00,1043,551,225,75.35,,0,0,0,4.638,7.083,0,135,766,421,345,1256,,,27,30,18,13,9,18,20,21,20,18,67,0,0,0,0,0,161,84.06,662,2.981,2.785,,0,7,4,9,4,9,8,54,4,49,72,48.57,4.875,,0,35.8,2.24,,0
2026-05-07 15:38:00,1040,543,238,80.9,,0,0,0,4.726,4.82,0,120,771,418,353,1269,,,23,31,15,14,6,17,18,20,21,17,65,0,.59,0,0,0,161,84.33,682,2.991,3.001,,0,7,7,7,3,9,9,54,7,46,70,25.71,3.939,,0,31.25,2.275,,0
2026-05-07 15:39:00,1044,548,235,79.17,,0,0,0,4.52,4.887,0,120,761,410,351,1246,,,26,32,15,12,10,13,15,21,20,16,61,0,.59,0,0,0,161,82.83,686,3.013,3.042,,0,6,9,5,6,6,9,51,7,44,70,31.43,4.128,,0,26.7,1.918,,0
2026-05-07 15:40:00,1042,531,237,81.25,,0,0,0,4.804,8.076,0,127,758,403,355,1261,,,29,33,13,9,13,17,13,22,17,18,59,0,.59,0,0,0,161,83.38,686,2.999,2.901,0,0,5,11,5,7,7,5,49,7,42,69,31.43,4.577,0,0,33.52,1.314,0,0
2026-05-07 15:41:00,1076,521,240,81.25,,0,0,0,4.474,4.564,0,141,813,437,376,1282,,,28,29,15,10,14,15,16,20,17,15,58,0,0,0,0,0,161,86.51,693,3.027,3.251,,0,4,10,4,4,8,6,52,5,47,75,25.71,4.848,,0,28.98,1.732,,0
2026-05-07 15:42:00,1081,507,240,80.9,,0,0,0,4.495,4.713,0,144,802,429,373,1292,,,23,30,18,15,13,17,16,20,18,16,58,0,0,0,0,0,161,86.24,694,2.98,2.987,,0,4,5,5,8,7,6,51,4,46,77,22.86,4.219,,0,41.48,1.985,,0
2026-05-07 15:43:00,1089,513,232,78.82,,0,0,0,4.702,8.757,0,144,818,435,383,1298,,,22,30,18,15,13,16,18,15,15,22,57,0,0,0,0,0,161,86.65,699,2.966,2.864,,0,8,6,6,8,3,6,54,6,48,74,20,4.321,,0,56.82,1.798,,0
2026-05-07 15:44:00,1091,515,233,77.78,,0,0,0,4.735,4.808,0,146,808,434,374,1299,,,24,30,11,17,11,15,16,15,19,26,58,0,0,0,0,0,161,85.56,675,2.965,3.103,,0,8,5,9,5,5,5,55,6,49,74,37.14,5.025,,0,42.05,1.79,,0
2026-05-07 15:45:00,1096,522,223,76.04,,0,0,0,4.493,4.627,0,140,793,423,370,1279,,,28,27,13,18,13,18,18,18,23,26,61,0,0,0,0,0,161,83.92,670,2.973,3.193,0,0,8,5,8,2,9,7,51,4,46,69,48.57,4.219,0,0,23.3,1.776,0,0
2026-05-07 15:46:00,1076,535,226,77.08,,0,0,0,4.589,5.631,0,136,791,424,367,1262,,,23,27,18,15,17,18,18,22,18,28,57,0,0,0,0,0,161,82.56,649,3.035,3.637,,0,8,5,6,6,7,10,48,5,42,68,51.43,4.194,,0,26.14,1.799,,0
2026-05-07 15:47:00,1068,540,222,74.65,,0,0,0,4.505,5.052,0,137,777,414,363,1251,,,22,34,16,11,13,20,17,20,16,24,58,0,0,0,0,0,161,83.51,676,2.994,3.112,,0,10,5,6,13,5,9,44,4,37,67,42.86,4.721,,0,28.98,2.207,,0
2026-05-07 15:48:00,1067,530,224,74.65,,0,0,0,4.497,4.431,0,134,767,409,358,1234,,,25,27,15,12,10,19,20,25,18,25,60,0,0,0,0,0,161,85.69,672,2.987,3.002,,0,10,4,7,12,7,3,44,1,42,63,25.71,5.119,,0,49.43,1.839,,0
2026-05-07 15:49:00,1063,529,225,75.35,,0,0,0,4.417,4.518,0,134,752,396,356,1221,,,26,27,16,12,16,20,20,25,19,23,60,0,0,0,0,0,161,84.74,664,2.971,2.878,,0,8,5,7,7,9,6,46,1,45,67,34.29,4.549,,0,35.23,1.686,,0
2026-05-07 15:50:00,1053,541,229,77.08,,0,0,0,4.398,4.726,0,122,736,397,339,1204,,,21,26,15,19,17,16,20,25,18,22,62,0,0,0,0,0,161,82.7,646,3.01,3.268,0,0,10,8,7,6,10,9,38,2,36,61,28.57,6.135,0,0,35.23,1.64,0,0
2026-05-07 15:51:00,1046,546,240,80.21,,0,0,0,4.366,4.54,0,122,713,384,329,1180,,,20,29,14,14,15,19,20,25,21,21,61,0,0,0,0,0,161,87.19,686,2.979,2.849,,0,12,5,9,10,10,7,37,1,36,63,37.14,5.599,,0,23.3,1.706,,0
2026-05-07 15:52:00,1040,546,250,85.42,,0,0,0,4.409,4.705,0,120,706,380,326,1183,,,23,28,13,13,14,21,22,26,22,21,62,0,0,0,0,0,161,82.97,655,3.009,3.219,,0,8,6,7,8,4,8,46,6,40,66,48.57,4.466,,0,19.32,2.003,,0
2026-05-07 15:53:00,1041,536,265,88.19,,0,0,0,4.407,4.946,0,131,708,386,322,1177,,,23,27,14,14,14,21,23,23,23,20,61,0,.59,0,0,0,161,82.02,642,2.996,2.951,,0,4,5,9,8,6,8,47,8,38,69,40,4.522,,0,46.59,2.113,,0
2026-05-07 15:54:00,1031,529,260,85.42,,0,0,0,4.416,4.613,0,134,690,376,314,1170,,,24,30,15,17,13,23,28,21,24,22,61,0,1.18,0,0,0,161,83.79,659,2.966,2.837,,0,7,5,7,8,5,8,51,8,43,69,40,4.607,,0,37.5,1.476,,0
2026-05-07 15:55:00,1014,534,251,84.38,,0,0,0,4.335,4.565,0,129,673,367,306,1159,,,24,29,19,14,14,25,24,26,24,22,60,0,1.78,0,0,0,161,84.33,678,2.944,2.892,0,0,7,8,7,8,6,6,52,9,43,70,48.57,3.489,0,0,29.55,1.598,0,0
2026-05-07 15:56:00,993,529,241,81.6,,0,0,0,4.364,4.615,0,164,653,359,294,1177,,,23,30,18,16,13,22,26,26,22,22,59,0,1.18,0,0,0,161,87.47,709,2.945,3.018,,0,7,8,8,7,8,5,51,5,46,68,54.29,4.016,,0,11.36,1.599,,0
2026-05-07 15:57:00,1010,517,253,83.33,,0,0,0,4.356,4.401,0,156,713,401,312,1205,,,23,24,16,14,11,22,26,25,19,24,58,0,0,0,0,0,161,88.96,731,2.923,2.886,,0,9,7,8,9,6,5,55,7,46,76,40,3.625,,0,18.75,1.94,,0
2026-05-07 15:58:00,995,526,249,84.03,,0,0,0,4.342,4.694,0,172,690,389,301,1217,,,23,21,16,12,18,25,28,24,19,21,58,0,0,0,0,0,161,90.46,740,2.93,3.065,,0,6,10,9,7,5,8,54,7,46,74,25.71,5.819,,0,61.36,2.442,,0
2026-05-07 15:59:00,990,532,236,78.13,,0,0,0,4.457,5.895,0,168,697,383,314,1220,,,25,25,18,12,15,25,33,25,20,17,61,0,0,0,0,0,161,91.83,737,2.95,3.08,,0,5,10,8,5,6,9,56,12,43,78,22.86,3.728,,0,55.11,1.584,,0
2026-05-07 16:00:00,983,524,225,75,,0,0,0,4.425,4.625,0,193,677,373,304,1242,,,23,29,19,13,13,25,29,21,16,16,58,0,0,0,0,0,161,90.19,731,2.924,2.899,0,0,7,10,8,6,7,8,52,8,43,71,42.86,6.065,0,0,40.91,1.247,0,0
2026-05-07 16:01:00,994,532,236,79.17,,0,0,0,4.502,4.858,0,179,683,375,308,1234,,,24,29,19,11,17,25,27,23,16,17,63,0,0,0,0,0,161,91.28,743,2.974,3.373,,0,7,9,10,7,7,6,57,12,45,72,48.57,4.727,,0,27.84,1.761,,0
2026-05-07 16:02:00,1003,532,223,75.69,,0,0,0,4.49,4.297,0,204,676,376,300,1247,,,22,33,17,14,19,25,25,24,17,18,67,0,0,0,0,0,161,92.23,767,2.937,3.078,,0,7,9,9,7,6,7,57,8,49,73,45.71,5.055,,0,22.73,2.255,,0
2026-05-07 16:03:00,1034,538,235,78.13,,0,0,0,4.503,5.138,0,197,694,399,295,1258,,,20,29,16,16,13,27,27,22,16,18,76,0,0,0,0,0,161,91.69,748,2.947,3.143,,0,8,6,9,8,3,6,58,8,49,75,42.86,5.264,,0,52.27,2.474,,0
2026-05-07 16:04:00,1025,547,242,81.94,,0,0,0,4.519,4.447,0,210,719,409,310,1279,,,21,26,15,18,13,23,25,24,13,19,77,0,0,0,0,0,161,92.92,758,2.987,3.205,,0,7,5,8,8,3,11,58,10,48,74,48.57,4.093,,0,46.02,2.285,,0
2026-05-07 16:05:00,1046,540,252,84.38,,0,0,0,4.419,4.488,0,204,711,403,308,1255,,,21,30,17,16,14,22,27,24,16,15,78,0,0,0,0,0,161,89.51,725,3.042,3.417,0,0,4,5,6,7,2,12,59,9,49,74,54.29,4.613,0,0,28.41,1.506,0,0
2026-05-07 16:06:00,1040,550,248,81.6,,0,0,0,4.407,4.176,0,196,691,389,302,1230,,,23,31,19,16,13,22,26,20,17,18,79,0,0,0,0,0,161,90.05,724,3.135,3.871,,0,8,5,6,7,7,8,56,8,48,73,34.29,3.348,,0,19.89,1.791,,0
2026-05-07 16:07:00,1024,557,246,82.29,,0,0,0,4.476,6.211,0,190,679,385,294,1212,,,22,31,22,16,16,21,26,25,15,17,79,0,0,0,0,0,161,91.01,742,3.088,3.238,,0,12,7,10,7,6,5,53,7,46,74,25.71,5.429,,0,25,1.989,,0
2026-05-07 16:08:00,1026,557,246,82.99,,0,0,0,4.383,4.677,0,175,663,374,289,1198,,,22,26,21,13,20,24,29,19,13,15,76,0,0,0,0,0,161,88.01,726,3.087,3.127,,0,10,7,10,8,6,7,52,4,48,72,31.43,3.912,,0,53.41,2.277,,0
2026-05-07 16:09:00,1013,559,257,86.81,,0,0,0,4.427,5.418,0,167,645,361,284,1189,,,22,25,16,13,17,24,25,24,17,16,74,0,0,0,0,0,161,88.42,721,3.109,3.142,,0,11,9,7,11,6,8,51,5,45,74,25.71,4.62,,0,46.02,1.875,,0
2026-05-07 16:10:00,1004,568,261,87.85,,0,0,0,4.284,4.707,0,158,631,351,280,1185,,,21,28,18,13,18,26,27,23,19,18,71,0,.59,0,0,0,161,84.33,704,3.158,3.393,0,0,10,8,6,9,7,10,48,6,42,69,34.29,5.043,0,0,35.23,1.489,0,0
2026-05-07 16:11:00,1016,566,258,85.07,,0,0,0,4.366,5.399,0,159,664,365,299,1205,,,27,30,19,13,18,26,25,25,21,20,70,0,0,0,0,0,161,89.37,725,3.267,4.047,,1,12,6,8,8,9,9,49,4,44,77,37.14,4.421,,0,30.11,1.561,,0
2026-05-07 16:12:00,1012,576,246,82.64,,0,0,0,4.261,4.309,0,153,686,378,308,1244,,,26,26,21,19,16,28,25,23,22,19,69,0,0,0,0,0,161,90.6,738,3.192,3.314,,1,12,8,12,8,4,11,48,4,39,75,34.29,4.311,,0,26.14,1.872,,0
2026-05-07 16:13:00,1037,572,258,84.72,,0,0,0,4.345,5.376,0,149,679,374,305,1236,,,22,27,18,19,16,28,24,24,19,22,70,0,0,0,0,0,161,90.46,743,3.186,3.187,,0,12,7,10,7,7,11,49,4,43,79,37.14,4.746,,0,60.23,2.391,,0
2026-05-07 16:14:00,1022,580,247,82.64,,0,0,0,4.237,4.179,0,140,692,374,318,1250,,,24,28,19,18,16,31,26,25,21,23,67,0,0,0,0,0,161,90.87,761,3.186,3.197,,1,10,6,8,8,8,12,55,6,48,80,42.86,4.581,,0,56.82,1.632,,0
2026-05-07 16:15:00,1031,595,247,82.64,,0,0,0,4.325,5.542,0,132,669,362,307,1227,,,29,29,19,13,16,30,25,25,22,21,66,0,0,0,0,0,161,90.05,746,3.168,3.132,0,0,7,7,8,10,7,11,54,8,45,73,48.57,4.7,0,0,43.18,1.344,0,0
2026-05-07 16:16:00,1021,585,237,79.51,,0,0,0,4.264,4.07,0,135,656,345,311,1237,,,30,29,22,19,11,31,23,29,26,26,64,0,0,0,0,0,161,90.87,735,3.188,3.384,,0,6,10,9,10,7,11,47,6,41,73,48.57,4.642,,0,32.95,1.367,,0
2026-05-07 16:17:00,1049,581,238,79.51,,0,0,0,4.356,5.163,0,147,666,354,312,1230,,,28,27,23,15,16,30,21,25,26,24,71,0,0,0,0,0,161,92.78,763,3.226,3.518,,0,8,6,10,6,6,11,55,3,51,76,57.14,4.352,,0,32.95,1.933,,0
2026-05-07 16:18:00,1052,572,243,81.6,,0,0,0,4.294,4.918,0,144,663,348,315,1248,,,29,29,21,14,12,28,23,27,29,22,70,0,0,0,0,0,161,92.51,762,3.227,3.186,,0,6,7,8,6,4,9,56,5,51,72,45.71,5.083,,0,43.75,2.452,,0
2026-05-07 16:19:00,1061,561,233,78.13,,0,0,0,4.293,4.179,0,148,683,358,325,1225,,,30,30,19,16,15,29,24,31,27,24,69,0,0,0,0,0,161,92.37,759,3.246,3.332,,0,6,6,10,5,4,9,62,10,52,74,34.29,5.115,,0,42.61,2.004,,0
2026-05-07 16:20:00,1037,561,229,76.74,,0,0,0,4.173,4.014,0,166,669,349,320,1219,,,32,31,20,22,12,28,24,32,29,22,70,0,0,0,0,0,161,90.19,731,3.257,3.237,0,0,6,5,7,7,6,8,60,11,48,79,17.14,4.331,0,0,46.59,1.715,0,0
2026-05-07 16:21:00,1041,565,221,73.96,,0,0,0,4.218,5.402,0,166,697,366,331,1235,,,28,31,22,23,17,26,28,32,25,24,69,0,0,0,0,0,161,89.51,732,3.256,3.256,,0,8,7,6,6,10,9,56,10,45,80,34.29,4.877,,0,35.8,1.588,,0
2026-05-07 16:22:00,1038,554,224,75.35,,0,0,0,4.106,4.463,0,164,690,359,331,1265,,,28,32,21,22,13,23,28,28,26,25,70,0,0,0,0,0,161,90.74,741,3.274,3.41,,0,9,6,9,4,7,7,59,10,49,80,54.29,3.763,,0,34.66,2.082,,0
2026-05-07 16:23:00,1044,557,237,77.43,,0,0,0,4.183,5.339,0,155,711,370,341,1232,,,27,34,19,20,15,24,27,26,28,26,71,0,0,0,0,0,161,88.01,735,3.263,3.16,,0,7,4,7,6,6,9,56,9,47,78,48.57,4.442,,0,47.16,2.23,,0
2026-05-07 16:24:00,1046,547,249,79.86,,0,0,0,4.173,5.953,0,155,718,376,342,1253,,,28,34,19,20,14,27,25,29,26,25,69,0,0,0,0,0,161,89.78,742,3.308,3.269,,0,7,3,8,7,6,7,57,7,50,76,48.57,4.671,,0,35.8,2.194,,0
2026-05-07 16:25:00,1040,536,244,79.86,,0,0,0,4.226,5.055,0,153,727,384,343,1246,,,27,28,20,25,16,27,26,27,26,24,70,0,0,0,0,0,161,88.69,726,3.307,3.485,0,0,8,6,8,7,4,11,61,9,50,77,42.86,6.114,0,0,26.14,1.885,0,0
2026-05-07 16:26:00,1026,544,240,78.47,,0,0,0,4.137,4.66,0,155,705,374,331,1235,,,27,35,20,24,13,31,24,27,26,20,69,0,0,0,0,0,161,87.87,719,3.351,3.821,,0,11,9,7,10,5,8,56,6,47,75,28.57,4.811,,0,21.02,1.706,,0
2026-05-07 16:27:00,1036,554,237,79.17,,0,0,0,4.214,4.955,0,155,718,380,338,1261,,,23,35,21,23,15,27,22,30,26,21,70,0,0,0,0,0,161,89.92,731,3.285,3.212,,0,10,9,10,11,9,7,65,10,51,86,34.29,4.5,,0,23.86,1.85,,0
2026-05-07 16:28:00,1043,559,245,80.9,,0,0,0,4.235,4.622,0,147,720,393,327,1265,,,25,36,21,22,16,28,20,29,26,23,67,0,0,0,0,0,161,87.87,726,3.28,3.199,,0,9,9,8,13,8,8,61,10,48,82,34.29,4.733,,0,50.57,1.697,,0
2026-05-07 16:29:00,1051,566,246,80.56,,0,0,0,4.307,4.968,0,141,707,384,323,1249,,,25,36,24,18,18,26,20,25,29,28,70,0,0,0,0,0,161,87.87,722,3.263,3.16,,0,10,7,10,10,9,9,61,10,48,79,34.29,4.653,,0,37.5,1.381,,0
2026-05-07 16:30:00,1046,560,247,81.94,,0,0,0,4.307,4.274,0,146,695,381,314,1249,,,24,33,24,27,17,29,21,23,28,29,70,0,0,0,0,0,161,87.33,720,3.284,3.437,0,0,13,8,7,7,7,9,59,9,48,79,37.14,3.831,0,0,28.98,1.404,0,0
2026-05-07 16:31:00,1051,562,249,83.68,,0,0,0,4.383,5.184,0,150,735,402,333,1261,,,25,32,16,28,16,29,23,21,24,27,67,0,0,0,0,0,161,90.46,747,3.336,3.794,,0,12,6,10,7,6,7,65,10,52,83,42.86,4.261,,0,29.55,1.726,,0
2026-05-07 16:32:00,1054,571,249,84.72,,0,0,0,4.409,6.073,0,147,722,390,332,1250,,,25,33,18,27,14,30,22,24,21,31,68,0,0,0,0,0,161,92.1,763,3.262,3.447,,0,9,6,12,6,6,7,59,6,50,78,40,4.333,,0,24.43,2.012,,0
2026-05-07 16:33:00,1072,573,252,84.72,,0,0,0,4.502,5.244,0,142,751,410,341,1273,,,27,35,19,28,15,28,23,24,21,27,68,0,0,0,0,0,161,91.01,758,3.247,3.065,,0,9,6,11,7,6,8,59,9,48,76,31.43,3.654,,0,50,1.927,,0
2026-05-07 16:34:00,1072,576,249,83.68,,0,0,0,4.411,5.76,0,139,736,401,335,1256,,,27,38,21,31,14,24,27,24,20,26,68,0,0,0,0,0,161,91.69,765,3.245,3.252,,0,8,4,10,7,10,5,56,8,47,74,31.43,4.765,,0,45.45,1.49,,0
2026-05-07 16:35:00,1063,578,242,80.56,,0,0,0,4.474,5.071,0,139,735,391,344,1249,,,26,39,24,28,12,24,29,24,21,27,65,0,0,0,0,0,161,89.65,732,3.253,3.393,0,0,10,8,9,10,11,6,49,3,45,72,34.29,3.956,0,0,35.23,1.521,0,0
2026-05-07 16:36:00,1065,576,245,81.25,,0,0,0,4.249,4.227,0,136,712,383,329,1245,,,29,42,27,26,13,23,22,22,21,23,62,0,0,0,0,0,161,88.69,718,3.243,3.422,,0,10,8,11,8,13,7,48,2,46,69,28.57,4.341,,0,23.86,1.545,,0
2026-05-07 16:37:00,1084,569,242,79.86,,0,0,0,4.326,4.97,0,144,749,406,343,1261,,,29,38,28,26,16,25,20,20,24,23,61,0,.59,0,0,0,161,86.38,693,3.262,3.556,,0,10,5,11,9,11,10,55,6,47,76,34.29,4.676,,0,17.05,1.983,,0
2026-05-07 16:38:00,1090,565,240,80.56,,0,0,0,4.223,3.989,0,147,749,406,343,1269,,,29,38,28,31,19,29,22,22,23,23,60,0,.59,0,0,0,161,85.83,700,3.294,3.506,,0,8,5,10,10,10,9,56,8,47,78,28.57,4.56,,0,52.27,2.058,,0
2026-05-07 16:39:00,1098,555,238,79.86,,0,0,0,4.31,5.403,0,143,737,403,334,1250,,,30,37,25,28,21,25,25,23,23,24,65,0,.59,0,0,0,161,88.01,712,3.306,3.309,,0,6,6,10,9,8,11,51,5,46,72,28.57,3.826,,0,48.3,1.964,,0
2026-05-07 16:40:00,1092,558,243,79.51,,0,0,0,4.289,4.273,0,134,725,397,328,1240,,,29,34,25,31,19,25,23,26,25,25,66,0,.59,0,0,0,161,85.01,691,3.314,3.34,0,0,7,7,10,8,6,14,47,6,41,68,37.14,3.842,0,0,37.5,1.599,0,0
2026-05-07 16:41:00,1104,556,238,79.17,,0,0,0,4.39,6.176,0,147,768,437,331,1277,,,30,35,21,30,22,25,27,23,24,27,67,0,0,0,0,0,161,85.97,694,3.366,3.738,,0,7,8,11,12,7,10,53,5,48,73,42.86,4.539,,0,23.86,1.529,,0
2026-05-07 16:42:00,1098,559,232,78.47,,0,0,0,4.353,4.334,0,159,748,429,319,1304,,,26,30,25,30,23,26,21,26,21,28,70,0,0,0,0,0,161,88.69,721,3.294,3.213,,0,9,6,10,13,9,9,53,2,49,69,34.29,5.702,,0,23.86,2.023,,0
2026-05-07 16:43:00,1090,569,238,79.51,,0,0,0,4.373,4.668,0,152,762,423,339,1292,,,29,35,23,29,21,28,22,25,16,25,67,0,0,0,0,0,161,90.04,741,3.271,3.037,,0,8,4,13,9,10,7,57,4,52,71,20,4.206,,0,54.55,2.133,,0
2026-05-07 16:44:00,1082,572,226,75.69,,0,0,0,4.46,5.802,0,154,762,409,353,1283,,,28,38,23,28,16,26,24,23,21,22,69,0,0,0,0,0,161,90.31,732,3.276,3.279,,0,9,8,10,8,7,7,56,8,47,74,28.57,3.7,,0,46.59,1.557,,0
2026-05-07 16:45:00,1077,576,240,78.47,,0,0,0,4.458,4.28,0,138,743,393,350,1248,,,24,36,18,28,19,26,28,23,20,22,70,0,0,0,0,0,161,87.45,716,3.283,3.475,0,0,5,4,9,6,9,7,57,7,50,69,37.14,3.597,0,0,38.64,1.457,0,0
2026-05-07 16:46:00,1081,568,234,77.08,,0,0,0,4.354,5.159,0,136,742,396,346,1229,,,30,35,19,28,19,26,29,21,22,19,68,0,0,0,0,0,161,85.27,699,3.36,3.993,,0,8,4,8,5,11,7,56,9,46,69,42.86,4.594,,0,25,1.616,,0
2026-05-07 16:47:00,1080,569,225,76.04,,0,0,0,4.453,5.582,0,131,725,381,344,1205,,,30,36,18,26,21,24,28,25,23,20,70,0,0,0,0,0,161,86.08,699,3.249,3.427,,0,10,5,7,5,8,9,50,7,43,69,54.29,4.399,,0,27.84,1.994,,0
2026-05-07 16:48:00,1064,584,230,77.78,,0,0,0,4.259,4.178,0,123,709,369,340,1184,,,26,34,22,29,20,20,24,26,26,24,66,0,0,0,0,0,161,87.59,704,3.231,3.408,,0,7,5,8,6,6,7,49,4,45,66,45.71,3.927,,0,62.5,2.155,,0
2026-05-07 16:49:00,1058,591,234,77.43,,0,0,0,4.369,5.432,0,115,691,361,330,1178,,,26,31,24,26,17,25,22,23,26,25,69,0,0,0,0,0,161,87.86,726,3.217,3.193,,0,6,7,5,8,6,8,46,5,40,62,62.86,4.468,,0,51.7,1.538,,0
2026-05-07 16:50:00,1035,594,231,78.47,,0,0,0,4.257,4.574,0,116,675,353,322,1153,,,25,29,23,25,20,26,23,22,27,24,68,0,0,0,0,0,161,85.81,718,3.245,3.537,0,0,5,8,7,9,8,7,52,9,43,67,54.29,4.449,0,0,38.07,1.212,0,0
2026-05-07 16:51:00,1037,578,245,82.64,,0,0,0,4.352,5.664,0,116,681,359,322,1142,,,22,30,23,27,15,23,22,24,24,25,69,0,0,0,0,0,161,83.49,675,3.237,3.409,,0,7,6,8,7,9,7,43,8,35,66,45.71,5.069,,0,33.52,1.413,,0
2026-05-07 16:52:00,1010,589,249,82.29,,0,0,0,4.275,5.021,0,120,664,351,313,1129,,,20,26,22,26,17,21,21,25,22,23,68,0,0,0,0,0,161,86.49,720,3.217,3.298,,0,9,3,8,6,8,10,51,8,43,67,28.57,4.06,,0,31.82,2.236,,0
2026-05-07 16:53:00,992,588,243,81.6,,0,0,0,4.341,5.716,0,112,644,337,307,1111,,,22,30,23,23,14,21,22,23,21,20,67,0,0,0,0,0,161,87.99,733,3.195,3.055,,0,8,5,7,8,7,7,50,8,42,65,25.71,4.974,,0,50,2.468,,0
2026-05-07 16:54:00,992,572,252,85.42,,0,0,0,4.351,5.511,0,125,642,332,310,1125,,,25,28,19,27,17,22,19,24,19,17,67,0,0,0,0,0,161,89.09,751,3.193,3.333,,0,7,6,2,6,7,6,52,7,45,63,22.86,3.525,,0,39.2,1.808,,0
2026-05-07 16:55:00,969,573,242,81.94,,0,0,0,4.381,4.087,0,134,626,322,304,1118,,,23,29,21,25,16,22,16,24,16,17,67,0,0,0,0,0,161,87.31,717,3.231,3.537,0,0,6,5,6,8,7,5,50,6,44,64,20,4.975,0,0,32.39,1.628,0,0
2026-05-07 16:56:00,944,577,237,79.86,,0,0,0,4.251,4.506,0,151,604,309,295,1114,,,20,34,18,27,13,22,15,23,21,16,65,0,0,0,0,0,161,85.95,681,3.285,3.811,,0,12,5,7,7,7,6,44,0,43,63,20,4.385,,0,20.45,1.618,,0
2026-05-07 16:57:00,946,579,225,73.96,,0,0,0,4.289,4.542,0,175,614,324,290,1128,,,26,30,18,26,16,23,18,18,23,18,75,0,0,0,0,0,161,85.71,678,3.205,3.44,,0,10,6,4,7,6,10,58,9,47,76,20,5.151,,0,42.05,2.01,,0
2026-05-07 16:58:00,917,577,211,71.88,,0,0,0,4.276,4.958,0,204,594,314,280,1152,,,22,30,20,28,15,23,19,20,25,17,71,0,0,0,0,0,161,80.54,635,3.141,3.121,,0,10,5,10,8,6,15,51,7,43,74,25.71,4.493,,0,50,1.76,,0
2026-05-07 16:59:00,924,575,221,73.96,,0,0,0,4.388,5.57,0,205,597,305,292,1150,,,22,28,19,28,16,22,17,25,22,20,78,0,0,0,0,0,161,86.94,698,3.131,3.158,,0,9,1,11,4,5,11,57,6,50,76,28.57,5.138,,0,44.32,1.554,,0
2026-05-07 17:00:00,906,579,222,75,,0,0,0,4.287,4.766,0,215,584,296,288,1135,,,20,29,21,27,14,18,20,24,21,19,79,0,0,0,0,0,161,89.65,703,3.138,3.349,0,0,9,5,8,5,7,11,50,5,45,72,37.14,5.672,0,0,36.93,1.191,0,0
2026-05-07 17:01:00,939,579,240,79.51,,0,0,0,4.395,5.468,0,206,619,316,303,1143,,,25,26,19,25,11,18,20,23,19,23,88,0,0,0,0,0,161,91.42,732,3.213,3.925,,0,9,5,6,6,6,9,51,7,42,73,45.71,5.658,,0,20.45,1.772,,0
2026-05-07 17:02:00,938,561,250,84.38,,0,0,0,4.301,4.639,0,205,607,312,295,1162,,,23,24,18,25,11,24,20,23,22,22,89,0,0,0,0,0,161,89.1,723,3.111,3.09,,0,8,8,5,10,6,7,54,5,48,78,57.14,4.843,,0,26.14,1.917,,0
2026-05-07 17:03:00,944,567,251,85.07,,0,0,0,4.429,7.39,0,188,624,324,300,1138,,,25,24,17,25,11,22,26,20,19,18,89,0,0,0,0,0,161,88.96,735,3.092,2.99,,0,9,9,3,9,7,6,50,6,44,74,34.29,5.48,,0,39.77,2.182,,0
2026-05-07 17:04:00,943,580,261,86.81,,0,0,0,4.317,4.845,0,184,646,326,320,1168,,,25,23,17,27,12,23,24,19,20,23,90,0,.59,0,0,0,161,88.01,718,3.109,3.365,,0,9,10,8,7,9,8,45,3,41,74,28.57,5.04,,0,33.52,1.61,,0
2026-05-07 17:05:00,959,570,257,85.07,,0,0,0,4.562,7.024,0,171,621,314,307,1147,,,25,27,23,27,17,23,27,21,24,22,88,0,.59,0,0,0,161,87.76,703,3.115,3.494,0,0,9,9,10,9,10,8,45,0,44,71,34.29,4.332,0,0,27.84,1.398,0,0
2026-05-07 17:06:00,971,563,269,88.54,,0,0,0,4.413,4.676,0,163,614,310,304,1164,,,29,28,24,28,17,24,28,21,21,20,87,0,0,0,0,0,161,86.39,709,3.184,3.767,,0,8,7,8,11,10,8,47,3,43,69,34.29,5.041,,0,27.27,1.728,,0
2026-05-07 17:07:00,994,554,269,90.97,,0,0,0,4.705,7.899,0,185,674,362,312,1229,,,30,28,25,29,17,27,29,22,18,21,84,0,.59,0,0,0,161,85.99,684,3.112,3.224,,0,8,7,4,9,6,11,54,7,45,75,34.29,4.88,,0,36.36,1.914,,0
2026-05-07 17:08:00,1026,523,288,95.14,,0,0,0,4.538,5.357,0,182,687,375,312,1279,,,28,27,26,28,21,22,25,24,16,21,79,0,0,0,0,0,161,86.26,700,3.093,3.064,,0,8,6,7,6,5,11,55,6,48,76,31.43,5.875,,0,50,1.704,,0
2026-05-07 17:09:00,1034,524,284,94.44,,0,0,0,4.778,7.472,0,176,709,388,321,1272,,,28,27,29,27,19,25,28,25,19,23,76,0,0,0,0,0,161,86.94,699,3.131,3.527,,1,5,6,8,6,7,10,57,7,50,76,34.29,5.19,,0,39.2,1.655,,0
2026-05-07 17:10:00,1036,509,286,93.06,,0,0,0,4.538,4.527,0,169,708,393,315,1267,,,28,32,26,31,23,28,28,28,19,24,74,0,.59,0,0,0,161,86.12,697,3.131,3.371,0,1,6,9,8,7,11,11,49,8,41,75,34.29,5.129,0,0,27.27,1.294,0,0
2026-05-07 17:11:00,1040,521,280,90.28,,0,0,0,4.911,7.654,0,169,705,400,305,1271,,,29,31,26,32,18,28,24,26,21,23,74,0,2.37,0,0,0,161,82.99,673,3.229,3.977,,0,6,11,6,10,11,11,49,6,43,73,57.14,4.643,,0,28.41,1.682,,0
2026-05-07 17:12:00,1051,523,278,90.63,,0,0,0,4.778,4.88,0,158,696,397,299,1266,,,31,34,21,33,17,26,22,27,20,26,74,0,.59,0,0,0,161,82.72,660,3.161,3.278,,0,9,10,9,11,8,13,41,4,37,64,68.57,4.614,,0,36.36,2.084,,0
2026-05-07 17:13:00,1051,508,278,90.63,,0,0,0,5.022,7.079,0,147,676,388,288,1236,,,32,32,24,34,21,27,21,27,21,25,71,0,0,0,0,0,161,83.81,670,3.163,3.141,,0,8,9,11,12,5,15,45,5,40,65,42.86,5.703,,0,60.23,2.289,,0
2026-05-07 17:14:00,1041,518,266,87.15,,0,0,0,4.843,5.22,0,156,664,385,279,1237,,,32,34,25,33,22,25,20,24,22,22,68,0,0,0,0,0,161,84.49,669,3.158,2.982,,0,12,10,12,8,4,14,42,5,36,61,28.57,5.678,,0,50.57,1.517,,0
2026-05-07 17:15:00,1045,519,273,89.24,,0,0,0,5.054,7.513,0,151,653,380,273,1220,,,34,33,27,31,18,29,22,22,26,20,62,0,0,0,0,0,161,84.49,678,3.166,3.286,0,0,11,8,11,8,7,16,42,3,39,62,34.29,5.696,0,0,33.52,1.395,0,0
2026-05-07 17:16:00,1052,528,273,89.58,,0,0,0,4.787,4.527,0,140,643,368,275,1220,,,32,32,23,34,19,27,25,24,24,22,63,0,0,0,0,0,161,83.54,671,3.166,3.528,,0,14,9,10,8,10,14,40,2,38,60,42.86,5.64,,0,30.68,1.646,,0
2026-05-07 17:17:00,1069,535,273,90.97,,0,0,0,4.942,7.391,0,158,655,382,273,1238,,,33,32,25,31,19,29,28,24,25,27,68,0,0,0,0,0,161,85.85,692,3.112,3.133,,0,13,7,9,9,12,10,55,6,48,74,40,4.988,,0,35.23,2.063,,0
2026-05-07 17:18:00,1058,557,260,85.42,,0,0,0,4.682,4.504,0,165,633,370,263,1271,,,33,34,21,31,20,28,31,23,30,24,71,0,0,0,0,0,161,87.62,736,3.113,3.169,,0,10,8,10,10,10,11,59,8,51,73,22.86,4.387,,0,52.27,2.139,,0
2026-05-07 17:19:00,1058,565,254,85.07,,0,0,0,4.929,8.004,0,170,649,376,273,1258,,,33,35,27,33,21,25,28,24,30,23,70,0,0,0,0,0,161,87.91,734,3.099,3.276,,0,11,10,11,10,9,13,61,9,50,79,31.43,6.134,,0,41.48,2.096,,0
2026-05-07 17:20:00,1060,573,259,84.03,,0,0,0,4.658,4.249,0,164,646,370,276,1254,,,33,34,29,37,22,24,26,26,35,19,73,0,0,0,0,0,161,88.45,731,3.114,3.308,0,0,15,7,9,8,6,13,48,6,40,70,22.86,4.872,0,0,28.98,1.658,0,0
2026-05-07 17:21:00,1102,568,266,85.76,,0,0,0,4.779,7.607,0,179,683,399,284,1272,,,30,35,32,37,25,24,27,29,35,22,78,0,0,0,0,0,161,87.77,725,3.147,3.538,,0,16,6,9,10,8,11,48,4,42,69,28.57,5.519,,0,18.18,1.791,,0
2026-05-07 17:22:00,1088,575,266,85.76,,0,0,0,4.581,4.102,0,199,675,396,279,1277,,,29,36,26,39,23,22,30,29,33,26,78,0,0,0,0,0,161,89.4,756,3.105,3.236,,0,14,5,10,8,7,10,74,17,54,92,14.29,5.183,,0,35.23,2.341,,0
2026-05-07 17:23:00,1100,573,261,85.76,,0,0,0,4.783,7.505,0,195,708,418,290,1302,,,30,40,26,39,22,24,31,31,33,29,78,0,.59,0,0,0,161,89.52,754,3.104,3.227,,0,15,6,8,9,5,12,66,13,51,85,8.57,4.157,,0,48.86,2.217,,0
2026-05-07 17:24:00,1117,549,264,86.11,,0,0,0,4.508,4.543,0,188,703,415,288,1319,,,31,37,28,37,20,24,30,26,31,27,76,0,1.18,0,0,0,161,87.89,727,3.133,3.288,,0,17,8,7,6,4,14,59,8,49,78,31.43,5.418,,0,36.93,1.444,,0
2026-05-07 17:25:00,1126,548,262,87.15,,0,0,0,4.746,8.265,0,179,721,423,298,1302,,,32,37,28,34,23,24,30,29,29,31,75,0,1.18,0,0,0,161,87.89,743,3.201,3.655,0,0,14,8,9,7,5,12,50,5,42,73,54.29,5.348,0,0,23.86,1.153,0,0
2026-05-07 17:26:00,1123,547,266,86.46,,0,0,0,4.602,4.696,0,175,738,440,298,1314,,,30,34,28,37,23,27,28,27,26,32,73,0,1.18,0,0,0,161,88.03,729,3.231,3.556,,0,12,6,9,8,5,13,53,6,44,73,45.71,4.796,,0,19.89,1.812,,0
2026-05-07 17:27:00,1118,555,266,88.19,,0,0,0,4.831,6.92,0,162,728,436,292,1302,,,28,38,29,37,21,28,27,28,31,34,71,0,1.18,0,0,0,161,88.3,715,3.216,3.52,,0,11,7,8,5,5,10,55,6,46,74,31.43,4.518,,0,39.2,2.223,,0
2026-05-07 17:28:00,1112,557,268,87.85,,0,0,0,4.614,4.217,0,151,710,425,285,1285,,,28,37,26,37,20,30,25,30,31,33,70,0,1.18,0,0,0,161,84.9,703,3.2,3.256,,0,12,5,9,4,6,12,57,7,49,73,22.86,4.772,,0,42.61,1.307,,0
2026-05-07 17:29:00,1090,564,270,88.19,,0,0,0,4.791,6.766,0,138,694,413,281,1270,,,29,35,24,36,22,27,24,31,36,28,67,0,1.18,0,0,0,161,83.27,663,3.208,3.455,,0,11,5,7,6,7,11,47,4,42,69,37.14,5.458,,0,31.25,1.405,,0
2026-05-07 17:30:00,1090,580,271,90.97,,0,0,0,4.574,4.239,0,152,680,400,280,1272,,,28,37,24,33,23,27,28,28,37,30,64,0,1.18,0,0,0,161,80.27,643,3.259,3.545,0,0,12,4,7,5,7,11,44,3,41,63,45.71,4.055,0,0,21.59,1.337,0,0
2026-05-07 17:31:00,1117,572,276,90.28,,0,0,0,4.797,6.712,0,155,721,425,296,1298,,,30,32,28,33,24,26,31,24,34,28,65,0,2.37,0,0,0,161,80.68,621,3.362,3.982,,0,8,2,7,6,7,11,49,5,43,73,37.14,5.024,,0,24.43,1.659,,0
2026-05-07 17:32:00,1116,553,285,91.32,,0,0,0,4.595,4.685,0,153,713,420,293,1290,,,31,31,27,34,23,34,30,21,35,29,61,0,.59,0,0,0,161,84.08,661,3.293,3.494,,0,7,3,7,5,5,8,57,7,49,79,31.43,5.297,,0,29.55,1.958,,0
2026-05-07 17:33:00,1129,555,277,89.93,,0,0,0,4.814,7.651,0,150,727,430,297,1289,,,29,31,31,33,19,32,31,19,35,27,59,0,.59,0,0,0,161,86.26,682,3.264,3.122,,0,8,3,9,6,4,6,54,8,44,77,25.71,4.732,,0,47.16,1.556,,0
2026-05-07 17:34:00,1109,576,268,90.28,,0,0,0,4.597,5.236,0,146,710,420,290,1260,,,31,34,29,34,20,31,33,24,35,25,58,0,.59,0,0,0,161,84.76,677,3.237,3.054,,0,8,4,9,4,6,8,46,3,42,71,31.43,5.16,,0,38.64,1.567,,0
2026-05-07 17:35:00,1111,586,268,89.58,,0,0,0,4.753,8.243,0,144,703,421,282,1255,,,29,34,29,36,23,32,31,28,29,28,62,0,.59,0,0,0,161,84.49,683,3.251,3.314,0,0,7,4,6,7,5,11,49,2,46,72,34.29,4.46,0,0,28.41,1.466,0,0
2026-05-07 17:36:00,1105,578,258,85.07,,0,0,0,4.444,4.528,0,137,706,429,277,1252,,,31,35,30,34,21,32,31,25,28,34,60,0,.59,0,0,0,161,86.12,690,3.344,4.091,,0,7,4,6,7,5,10,45,1,44,68,31.43,5.608,,0,21.02,1.668,,0
2026-05-07 17:37:00,1126,569,247,82.64,,0,0,0,4.529,6.233,0,154,730,442,288,1282,,,32,37,30,34,20,31,30,24,27,35,67,0,.59,0,0,0,161,86.94,709,3.185,3.005,,0,7,7,5,5,5,9,50,6,44,70,34.29,4.603,,0,33.52,2.063,,0
2026-05-07 17:38:00,1111,567,246,82.64,,0,0,0,4.657,6.26,0,154,717,434,283,1260,,,28,35,27,34,19,33,34,27,28,34,71,0,.59,0,0,0,161,90.75,733,3.174,3.236,,0,8,8,5,5,6,7,46,2,43,70,34.29,5.099,,0,39.2,2.01,,0
2026-05-07 17:39:00,1129,556,249,84.03,,0,0,0,4.504,6.649,0,161,743,443,300,1279,,,28,32,27,30,21,32,36,25,29,36,75,0,.59,0,0,0,161,91.97,736,3.16,3.278,,0,8,5,4,7,3,7,44,2,42,63,42.86,4.896,,0,30.11,1.99,,0
2026-05-07 17:40:00,1141,530,263,86.11,,0,0,0,4.365,4.615,0,157,739,440,299,1280,,,28,33,26,30,23,32,32,32,34,33,80,0,.59,0,0,0,161,85.85,682,3.174,3.265,0,0,6,6,5,7,6,8,43,0,43,63,40,4.019,0,0,26.14,1.312,0,0
2026-05-07 17:41:00,1157,524,266,86.46,,0,0,0,4.542,7.445,0,154,742,444,298,1264,,,30,37,24,34,23,34,34,32,36,32,82,0,.59,0,0,0,161,84.9,677,3.149,3.194,,0,7,10,7,5,6,9,45,0,44,68,25.71,5.563,,0,24.43,1.577,,0
2026-05-07 17:42:00,1157,531,280,87.15,,0,0,0,4.646,7.488,0,139,736,443,293,1245,,,33,34,22,37,19,33,32,34,34,30,83,0,0,0,0,0,161,85.17,685,3.178,3.552,,0,9,7,6,6,6,10,35,0,35,61,22.86,4.655,,0,34.66,1.995,,0
2026-05-07 17:43:00,1144,541,276,87.15,,0,0,0,4.699,4.669,0,141,723,435,288,1223,,,29,35,24,36,19,33,35,34,35,30,84,0,0,0,0,0,161,83.4,659,3.158,3.04,,0,6,7,5,9,8,8,43,0,41,63,14.29,3.792,,0,45.45,1.632,,0
2026-05-07 17:44:00,1133,527,270,88.54,,0,0,0,4.641,5.341,0,138,709,425,284,1210,,,30,33,25,40,22,30,34,34,33,32,82,0,0,0,0,0,161,85.31,675,3.162,3.15,,0,5,9,7,6,7,8,44,0,43,67,11.43,3.944,,0,38.07,1.496,,0
2026-05-07 17:45:00,1117,529,256,84.03,,0,0,0,4.965,8.444,0,155,693,416,277,1225,,,32,37,26,39,21,35,32,35,32,34,80,0,0,0,0,0,161,84.49,676,3.179,3.25,0,0,6,9,10,7,5,8,48,2,45,71,37.14,3.4,0,0,31.25,1.504,0,0
2026-05-07 17:46:00,1105,534,252,84.03,,0,0,0,4.775,5.375,0,145,686,411,275,1206,,,27,38,31,38,22,34,38,33,33,30,78,0,0,0,0,0,161,82.59,680,3.189,3.229,,0,6,7,10,8,5,11,43,1,42,67,51.43,4.448,,0,22.73,1.695,,0
2026-05-07 17:47:00,1098,535,254,83.33,,0,0,0,4.885,6.08,0,139,694,421,273,1224,,,28,34,26,39,22,35,38,31,30,31,76,0,0,0,0,0,161,84.63,687,3.177,2.971,,0,6,8,8,6,7,12,34,0,34,59,42.86,3.736,,0,34.09,2.156,,0
2026-05-07 17:48:00,1073,548,254,83.33,,0,0,0,4.976,5.058,0,121,673,409,264,1193,,,27,31,27,40,25,38,37,31,28,29,72,0,0,0,0,0,161,82.99,665,3.167,3.177,,0,9,7,6,6,8,8,26,0,25,49,37.14,4.047,,0,42.61,2.292,,0
2026-05-07 17:49:00,1065,550,256,85.76,,0,0,0,5.023,4.96,0,117,665,403,262,1188,,,29,33,26,39,26,36,39,27,27,28,68,0,0,0,0,0,161,84.08,686,3.165,3.255,,0,8,9,5,4,7,7,29,0,29,50,34.29,4.562,,0,32.95,1.653,,0
2026-05-07 17:50:00,1053,565,260,86.11,,0,0,0,5.009,4.399,0,112,659,402,257,1202,,,29,33,29,37,28,36,34,28,27,33,63,0,0,0,0,0,161,82.45,687,3.205,3.575,0,0,7,6,6,5,4,5,31,0,31,44,25.71,5.257,0,0,21.59,1.375,0,0
2026-05-07 17:51:00,1063,580,253,84.03,,0,0,0,5.007,4.52,0,142,676,419,257,1218,,,25,32,33,35,25,38,34,31,30,32,64,0,0,0,0,0,161,86.53,705,3.262,3.819,,0,6,4,7,3,5,6,50,3,46,60,20,4.612,,0,22.73,1.596,,0
2026-05-07 17:52:00,1058,579,261,86.81,,0,0,0,4.944,4.814,0,148,672,414,258,1227,,,23,31,31,32,21,33,33,27,34,32,59,0,0,0,0,0,161,87.35,696,3.136,3.23,,0,5,5,3,1,9,6,50,4,45,62,14.29,3.702,,0,32.95,1.951,,0
2026-05-07 17:53:00,1060,571,246,82.29,,0,0,0,4.977,5.193,0,158,694,425,269,1238,,,25,32,30,34,24,34,34,30,34,32,57,0,0,0,0,0,161,84.63,684,3.154,3.34,,0,5,6,7,7,5,3,55,8,44,71,17.14,3.814,,0,44.89,2.04,,0
2026-05-07 17:54:00,1057,575,243,80.56,,0,0,0,4.891,5.153,0,199,702,426,276,1290,,,28,33,26,32,24,36,32,29,33,31,59,0,0,0,0,0,161,83.95,648,3.139,3.057,,0,7,7,7,7,2,8,58,7,46,73,34.29,5.023,,0,40.34,1.593,,0
2026-05-07 17:55:00,1061,575,241,80.9,,0,0,0,4.947,5.919,0,194,693,424,269,1281,,,29,33,25,36,24,36,31,26,34,35,61,0,0,0,0,0,161,84.9,663,3.146,3.284,0,0,4,6,7,3,6,10,61,9,49,75,37.14,3.807,0,0,28.41,1.301,0,0
2026-05-07 17:56:00,1053,578,233,78.82,,0,0,0,4.657,4.123,0,199,696,429,267,1303,,,28,30,29,34,28,36,29,30,33,37,61,0,0,0,0,0,161,86.8,687,3.195,3.507,,0,5,7,4,5,6,7,57,7,49,76,31.43,5.282,,0,24.43,1.693,,0
2026-05-07 17:57:00,1078,586,241,79.51,,0,0,0,4.71,6.542,0,199,727,442,285,1329,,,30,29,29,35,25,33,28,29,34,40,61,0,0,0,0,0,161,87.07,700,3.112,3.041,,0,7,6,4,6,7,7,57,9,47,79,31.43,5.012,,0,43.18,2.081,,0
2026-05-07 17:58:00,1088,566,243,80.56,,0,0,0,4.41,4.017,0,195,742,441,301,1341,,,27,31,27,37,27,34,33,30,29,45,64,0,0,0,0,0,161,88.57,721,3.08,2.97,,0,8,5,5,5,5,11,49,5,44,76,37.14,3.759,,0,52.84,1.969,,0
2026-05-07 17:59:00,1105,560,240,80.56,,0,0,0,4.556,7.455,0,187,729,434,295,1322,,,26,28,32,37,29,34,34,31,28,43,63,0,0,0,0,0,161,88.3,711,3.039,2.857,,0,8,7,8,7,7,7,45,4,41,74,34.29,4.817,,0,39.2,1.597,,0
2026-05-07 18:00:00,1108,559,255,84.38,,0,0,0,4.311,3.799,0,179,719,435,284,1307,,,26,33,30,34,28,32,34,30,29,43,64,0,0,0,0,0,161,89.39,701,3.009,2.893,0,0,8,9,7,6,9,7,49,4,45,73,25.71,4.321,0,0,28.41,1.171,0,0
2026-05-07 18:01:00,1111,552,266,85.76,,0,0,0,4.537,8.072,0,174,712,432,280,1296,,,28,32,29,35,28,33,30,35,32,45,61,0,0,0,0,0,161,86.94,693,3.083,3.802,,0,7,7,5,5,8,7,54,3,51,76,17.14,4.93,,0,25.57,1.67,,0
2026-05-07 18:02:00,1114,557,261,86.46,,0,0,0,4.213,3.833,0,171,709,425,284,1292,,,27,33,26,37,27,36,33,41,33,40,60,0,0,0,0,0,161,87.07,678,3.026,3.229,,0,6,4,4,8,5,8,48,7,41,72,25.71,3.988,,0,41.48,1.847,,0
2026-05-07 18:03:00,1110,556,267,86.81,,0,0,0,4.491,9.294,0,161,696,413,283,1274,,,28,31,27,35,23,35,34,38,34,43,59,0,0,0,0,0,161,83.56,655,2.991,3.06,,0,4,2,6,11,4,9,49,7,41,76,14.29,3.85,,0,60.23,2.077,,0
2026-05-07 18:04:00,1106,558,265,86.81,,0,0,0,4.192,4.292,0,172,677,402,275,1285,,,26,34,26,37,21,35,35,36,35,45,59,0,0,0,0,0,161,81.25,634,3.002,3.218,,0,6,7,8,12,7,8,41,4,36,73,8.57,4.706,,0,42.05,1.515,,0
2026-05-07 18:05:00,1092,556,268,87.5,,0,0,0,4.478,8.63,0,170,659,391,268,1270,,,25,35,28,36,20,35,36,41,37,45,59,0,0,0,0,0,161,76.22,593,3.005,3.108,0,0,10,11,5,11,9,7,43,3,38,71,22.86,5.119,0,0,29.55,1.537,0,0
2026-05-07 18:06:00,1080,552,259,86.11,,0,0,0,4.174,3.989,0,165,663,404,259,1268,,,27,34,28,36,21,32,35,43,42,44,58,0,0,0,0,0,161,75.82,603,3.08,3.574,,0,9,11,7,8,6,8,47,1,46,73,28.57,4.954,,0,19.32,1.625,,0
2026-05-07 18:07:00,1094,548,270,86.11,,0,0,0,4.484,8.338,0,165,693,419,274,1303,,,23,38,27,39,25,33,33,46,39,47,59,0,0,0,0,0,161,79.08,616,3.044,3.158,,0,10,6,3,7,7,6,52,2,49,73,22.86,4.499,,0,35.23,2.459,,0
2026-05-07 18:08:00,1082,550,267,85.07,,0,0,0,4.29,4.79,0,166,682,412,270,1316,,,23,36,29,37,25,36,36,41,41,48,61,0,.59,0,0,0,161,80.98,648,3.015,2.795,,0,11,5,7,7,6,4,50,2,47,73,40,4.89,,0,46.02,2.159,,0
2026-05-07 18:09:00,1088,552,264,86.11,,0,0,0,4.503,7.04,0,166,700,419,281,1295,,,25,33,31,36,26,38,33,42,37,45,61,0,.59,0,0,0,161,79.35,611,3.027,2.982,,0,11,7,6,6,5,7,44,2,42,70,45.71,4.668,,0,36.36,1.587,,0
2026-05-07 18:10:00,1074,553,260,85.07,,0,0,0,4.36,4.149,0,167,679,402,277,1290,,,24,35,27,38,26,40,33,38,37,43,61,0,.59,0,0,0,161,80.03,649,3.047,3.029,0,0,9,8,6,6,6,8,40,2,38,71,51.43,5.314,0,0,24.43,1.145,0,0
2026-05-07 18:11:00,1100,546,267,87.15,,0,0,0,4.635,8.247,0,174,708,423,285,1281,,,27,39,25,36,22,38,34,41,35,45,61,0,0,0,0,0,161,81.25,645,3.078,3.067,,0,8,10,7,8,7,10,35,1,34,73,48.57,5.176,,0,22.16,1.88,,0
2026-05-07 18:12:00,1096,537,265,86.11,,0,0,0,4.498,4.789,0,180,693,412,281,1299,,,25,36,24,37,24,36,35,40,38,46,63,0,0,0,0,0,161,80.84,648,3.007,2.971,,0,8,8,5,9,7,8,41,0,39,71,40,4.508,,0,40.34,2.197,,0
2026-05-07 18:13:00,1119,537,272,86.11,,0,0,0,4.813,9.194,0,187,709,420,289,1295,,,25,34,24,34,22,36,36,39,39,45,66,0,0,0,0,0,161,80.03,632,2.997,3.021,,0,6,6,5,11,5,9,45,0,45,71,20,3.875,,0,48.3,1.887,,0
2026-05-07 18:14:00,1110,527,274,89.58,,0,0,0,4.697,5.774,0,191,711,413,298,1323,,,30,35,26,37,19,37,33,36,39,46,65,0,0,0,0,0,161,79.89,635,2.973,2.993,,0,7,5,8,11,6,12,44,0,44,77,22.86,4.696,,0,43.75,1.536,,0
2026-05-07 18:15:00,1128,522,274,89.93,,0,0,0,5.049,8.528,0,183,694,407,287,1303,,,34,34,24,32,19,40,35,38,37,45,65,0,0,0,0,0,161,84.1,664,2.965,2.972,0,0,10,5,10,11,7,12,45,0,45,77,31.43,4.4,0,0,26.14,1.304,0,0
2026-05-07 18:16:00,1132,519,282,90.63,,0,0,0,4.776,5.175,0,173,714,432,282,1315,,,33,35,29,29,19,37,32,39,39,43,66,0,0,0,0,0,161,83.97,650,2.959,2.958,,0,12,3,8,12,5,12,38,6,32,71,40,3.635,,0,29.55,1.759,,0
2026-05-07 18:17:00,1156,512,282,90.63,,0,0,0,4.972,7.273,0,172,755,455,300,1344,,,29,31,30,35,25,35,25,37,40,45,67,0,0,0,0,0,161,82.2,631,2.926,2.773,,0,9,5,8,15,3,9,43,5,37,76,31.43,4.626,,0,42.61,2.016,,0
2026-05-07 18:18:00,1145,512,273,88.54,,0,0,0,4.653,4.943,0,169,739,446,293,1337,,,26,32,32,39,27,33,25,39,38,44,67,0,0,0,0,0,161,80.16,631,2.936,2.924,,0,7,6,7,12,7,9,44,2,38,77,22.86,5,,0,51.14,1.939,,0
2026-05-07 18:19:00,1146,529,273,87.15,,0,0,0,5.065,9.343,0,156,757,454,303,1333,,,30,35,31,39,26,41,25,40,43,41,64,0,.59,0,0,0,161,84.38,672,2.917,2.748,,0,7,5,7,10,10,8,42,3,38,73,22.86,4.709,,0,45.45,1.706,,0
2026-05-07 18:20:00,1151,530,280,88.89,,0,0,0,4.878,6.102,0,146,744,448,296,1314,,,30,35,31,37,25,43,29,38,42,39,64,0,.59,0,0,0,161,86.41,689,2.916,2.898,0,0,7,4,9,10,7,9,40,3,37,67,28.57,3.89,0,0,27.84,1.546,0,0
2026-05-07 18:21:00,1145,533,273,88.19,,0,0,0,4.928,4.964,0,133,734,443,291,1284,,,31,31,32,37,27,43,26,36,42,41,63,0,0,0,0,0,161,86.68,680,2.923,3.236,,0,7,5,10,9,5,9,35,2,32,62,31.43,4.121,,0,22.16,1.81,,0
2026-05-07 18:22:00,1155,540,269,86.81,,0,0,0,4.808,4.953,0,117,713,432,281,1254,,,30,31,34,42,31,41,24,36,45,44,63,0,0,0,0,0,161,85.33,685,2.912,3.138,,0,8,7,9,8,6,6,26,2,23,56,40,4.609,,0,31.25,2.264,,0
2026-05-07 18:23:00,1144,547,257,84.72,,0,0,0,5.011,6.87,0,109,680,413,267,1229,,,26,32,35,41,32,40,25,39,46,42,60,0,.59,0,0,0,161,83.42,660,2.916,3.101,,0,7,8,11,7,8,5,28,1,25,54,42.86,4.552,,0,48.86,2.338,,0
2026-05-07 18:24:00,1134,557,268,88.89,,0,0,0,4.829,4.489,0,110,658,396,262,1208,,,27,33,30,45,29,39,26,39,43,41,61,0,0,0,0,0,161,81.66,647,2.914,2.969,,0,4,6,9,3,7,7,29,1,28,51,42.86,5.368,,0,42.61,1.632,,0
2026-05-07 18:25:00,1112,554,273,88.89,,0,0,0,4.968,6.409,0,103,636,377,259,1194,,,29,32,31,45,30,37,28,38,47,34,58,0,0,0,0,0,161,78.94,635,2.979,3.536,0,0,3,3,7,4,5,5,29,0,29,48,40,5.239,0,0,25,1.817,0,0
2026-05-07 18:26:00,1099,551,262,87.85,,0,0,0,4.809,4.342,0,145,640,385,255,1220,,,29,32,35,47,30,33,32,36,47,34,60,0,0,0,0,0,161,79.08,627,3.014,3.321,,0,4,6,4,2,5,3,34,1,32,52,31.43,4.57,,0,15.91,1.617,,0
2026-05-07 18:27:00,1099,551,261,85.76,,0,0,0,4.94,5.757,0,148,650,402,248,1228,,,28,35,36,48,32,32,33,40,43,34,73,0,0,0,0,0,161,78.53,608,2.99,3.107,,0,3,7,3,4,9,5,50,2,47,69,22.86,4.12,,0,42.61,2.012,,0
2026-05-07 18:28:00,1090,551,259,85.76,,0,0,0,4.747,4.719,0,157,637,395,242,1226,,,28,35,33,47,27,33,33,35,42,33,76,0,0,0,0,0,161,75.14,583,2.975,2.86,,0,3,5,1,8,8,6,48,2,45,64,25.71,4.527,,0,51.14,1.88,,0
2026-05-07 18:29:00,1092,540,254,85.42,,0,0,0,4.854,6.52,0,159,663,410,253,1245,,,30,36,31,51,27,36,32,35,43,33,73,0,0,0,0,0,161,79.21,621,2.992,2.934,,0,6,5,5,5,8,6,56,5,48,71,25.71,4.935,,0,38.64,1.987,,0
2026-05-07 18:30:00,1082,541,256,85.42,,0,0,0,4.713,5.715,0,164,650,403,247,1248,,,29,34,29,46,24,35,30,37,39,31,74,0,0,0,0,0,161,80.03,621,3.009,3.029,0,0,7,7,8,6,5,6,50,5,44,71,25.71,4.183,0,0,23.3,1.344,0,0
2026-05-07 18:31:00,1109,541,260,86.46,,0,0,0,4.833,6.116,0,182,688,427,261,1275,,,28,32,29,42,27,38,31,38,37,27,75,0,.59,0,0,0,161,85.33,662,3.051,3.431,,0,3,10,5,4,6,8,54,8,42,74,34.29,3.583,,0,18.18,1.716,,0
2026-05-07 18:32:00,1106,535,264,87.5,,0,0,0,4.734,5.94,0,183,676,422,254,1301,,,27,34,29,42,29,37,32,37,36,26,74,0,0,0,0,0,161,82.47,652,2.952,2.807,,0,5,9,3,3,4,9,54,9,44,71,40,4.367,,0,32.95,2.233,,0
2026-05-07 18:33:00,1113,534,267,87.5,,0,0,0,4.82,6.091,0,183,690,427,263,1296,,,28,32,30,39,28,36,32,34,36,34,73,0,.59,0,0,0,161,82.74,657,2.909,2.681,,0,8,4,4,8,4,7,56,9,46,71,20,4.089,,0,47.16,1.61,,0
2026-05-07 18:34:00,1094,546,261,86.11,,0,0,0,4.731,5.949,0,211,701,430,271,1323,,,27,34,32,43,23,31,33,30,38,35,72,0,.59,0,0,0,161,77.85,623,2.895,2.847,,0,9,5,7,5,7,5,59,7,51,74,17.14,5.594,,0,38.64,1.347,,0
2026-05-07 18:35:00,1101,551,261,87.5,,0,0,0,4.851,6.704,0,202,687,418,269,1303,,,26,35,36,43,23,31,29,32,38,33,71,0,0,0,0,0,161,77.58,616,2.876,2.988,0,0,6,7,3,8,8,4,52,7,45,71,17.14,4.695,0,0,32.95,1.113,0,0
2026-05-07 18:36:00,1100,566,269,87.85,,0,0,0,4.764,5.866,0,192,693,430,263,1308,,,27,35,32,42,24,32,29,32,33,36,69,0,0,0,0,0,161,79.21,628,2.922,3.438,,0,7,10,8,4,5,5,47,5,42,69,14.29,4.51,,0,16.48,1.673,,0
2026-05-07 18:37:00,1122,571,273,88.19,,0,0,0,4.987,6.123,0,185,735,456,279,1329,,,26,38,32,43,25,33,29,36,40,35,65,0,0,0,0,0,161,78.13,618,2.84,2.882,,0,6,8,8,5,8,8,47,5,41,73,17.14,4.909,,0,38.07,2.095,,0
2026-05-07 18:38:00,1117,575,275,89.58,,0,0,0,4.737,4.354,0,175,727,451,276,1337,,,27,39,30,39,25,35,30,35,40,34,62,0,0,0,0,0,161,78.94,625,2.834,2.905,,0,6,5,6,6,6,9,52,5,46,73,28.57,4.518,,0,52.84,2.024,,0
2026-05-07 18:39:00,1121,583,277,89.58,,0,0,0,4.883,7.106,0,156,729,442,287,1296,,,27,38,26,43,24,35,32,31,38,34,62,0,.59,0,0,0,161,78.94,635,2.859,3.184,,0,6,3,6,7,6,6,44,6,38,69,34.29,5.001,,0,35.8,1.542,,0
2026-05-07 18:40:00,1113,592,266,87.5,,0,0,0,4.699,4.397,0,154,703,423,280,1273,,,27,40,29,40,29,33,35,31,35,35,62,0,.59,0,0,0,161,81.93,650,2.849,3.076,0,0,3,3,9,9,4,5,50,7,43,74,28.57,4.21,0,0,24.43,1.264,0,0
2026-05-07 18:41:00,1133,600,268,89.58,,0,0,0,4.851,6.831,0,143,701,423,278,1260,,,28,39,35,40,26,32,27,34,35,39,69,0,.59,0,0,0,161,84.1,675,2.89,3.159,,0,5,6,9,6,6,3,48,7,41,69,34.29,4.256,,0,23.3,1.884,,0
2026-05-07 18:42:00,1121,620,273,89.58,,0,0,0,4.717,5.517,0,135,688,420,268,1277,,,29,39,35,35,31,31,29,32,36,44,65,0,.59,0,0,0,161,84.51,660,2.881,2.986,,0,5,5,9,8,6,5,45,4,39,65,40,4.376,,0,38.07,2.289,,0
2026-05-07 18:43:00,1143,612,262,86.81,,0,0,0,4.873,6.402,0,134,713,435,278,1266,,,32,35,32,40,35,36,27,27,39,38,67,0,0,0,0,0,161,81.52,641,2.884,2.855,,0,4,9,7,7,5,7,48,6,42,65,25.71,5.028,,0,54.55,1.75,,0
2026-05-07 18:44:00,1142,600,268,87.85,,0,0,0,4.753,6.657,0,139,724,433,291,1284,,,33,38,33,44,30,35,25,33,37,40,66,0,0,0,0,0,161,82.07,650,2.879,2.846,,0,4,6,5,5,3,10,45,6,38,60,20,4.542,,0,36.36,1.441,,0
2026-05-07 18:45:00,1157,596,271,88.19,,0,0,0,4.87,6.407,0,131,707,421,286,1265,,,37,40,33,42,29,31,26,33,36,36,68,0,.59,0,0,0,161,83.97,636,2.866,2.706,0,0,5,4,5,8,6,6,39,4,34,55,17.14,4.506,0,0,21.02,1.324,0,0
2026-05-07 18:46:00,1141,590,264,85.07,,0,0,0,4.579,5.62,0,132,693,419,274,1277,,,32,42,34,45,28,36,25,34,38,36,72,0,.59,0,0,0,161,81.66,639,2.883,3.098,,0,6,1,8,9,5,8,36,1,35,53,34.29,4.54,,0,22.16,1.58,,0
2026-05-07 18:47:00,1162,581,276,88.19,,0,0,0,4.594,5.11,0,134,738,455,283,1306,,,32,42,37,44,34,32,24,31,37,35,72,0,.59,0,0,0,161,82.74,660,2.875,2.809,,0,5,6,5,6,6,9,45,2,43,62,25.71,4.11,,0,43.75,2.25,,0
2026-05-07 18:48:00,1138,584,258,86.46,,0,0,0,4.764,6.59,0,144,754,458,296,1316,,,37,40,32,47,34,35,22,32,40,37,70,0,.59,0,0,0,161,80.98,630,2.866,2.812,,0,3,10,7,5,5,4,49,2,47,68,20,3.852,,0,52.27,1.805,,0
2026-05-07 18:49:00,1148,577,278,90.63,,0,0,0,4.426,4.377,0,138,743,452,291,1304,,,36,40,34,47,31,36,23,27,38,36,69,0,.59,0,0,0,161,79.76,624,2.869,2.856,,0,2,5,5,8,4,5,56,4,52,67,14.29,4.683,,0,41.48,1.621,,0
2026-05-07 18:50:00,1133,570,275,90.97,,0,0,0,4.501,5.604,0,158,732,442,290,1293,,,40,39,29,43,28,38,24,29,36,37,68,0,.59,0,0,0,161,78.13,610,2.87,3.075,0,0,4,3,5,4,4,9,53,5,48,70,14.29,4.163,0,0,27.84,1.269,0,0
2026-05-07 18:51:00,1141,576,265,88.19,,0,0,0,4.603,5.692,0,148,769,467,302,1306,,,36,41,29,44,28,34,25,30,35,38,65,0,.59,0,0,0,161,77.58,627,2.85,2.778,,0,9,6,5,3,6,7,53,9,43,75,14.29,5.332,,0,25.57,1.818,,0
2026-05-07 18:52:00,1140,566,269,88.54,,0,0,0,4.827,9.149,0,149,755,460,295,1297,,,34,42,27,44,28,33,25,31,36,35,64,0,0,0,0,0,161,78.67,633,2.859,2.984,,0,8,7,5,6,5,5,52,7,44,73,11.43,3.653,,0,30.68,2.174,,0
2026-05-07 18:53:00,1137,581,249,83.68,,0,0,0,4.91,4.722,0,153,772,470,302,1299,,,34,40,26,43,33,37,27,31,39,34,65,0,0,0,0,0,161,77.58,614,2.856,2.963,,0,8,6,9,11,6,6,55,7,48,78,8.57,4.393,,0,32.95,2.22,,0
2026-05-07 18:54:00,1153,572,258,84.72,,0,0,0,4.92,8.112,0,142,766,459,307,1287,,,35,40,27,44,31,36,27,29,34,32,64,0,0,0,0,0,161,76.9,613,2.864,2.923,,0,5,4,10,8,7,5,48,2,44,70,11.43,5.136,,0,27.27,1.928,,0
2026-05-07 18:55:00,1153,575,259,85.07,,0,0,0,4.866,4.46,0,137,764,446,318,1271,,,34,40,30,48,30,36,31,34,35,33,63,0,0,0,0,0,161,77.99,609,2.874,2.819,0,0,7,3,7,9,9,6,47,5,42,71,28.57,4.624,0,0,21.59,1.47,0,0
2026-05-07 18:56:00,1173,557,265,86.11,,0,0,0,4.595,5.47,0,148,772,458,314,1299,,,38,39,33,45,30,37,27,37,32,38,65,0,0,0,0,0,161,77.72,618,2.863,2.889,,0,7,2,7,7,6,4,41,1,40,63,34.29,4.392,,0,19.32,1.609,,0
2026-05-07 18:57:00,1194,568,260,84.72,,0,0,0,4.606,4.873,0,155,794,485,309,1321,,,35,41,31,47,33,34,29,41,37,37,67,0,0,0,0,0,161,78.53,621,2.868,3.036,,0,7,7,9,5,5,8,45,4,40,71,34.29,4.496,,0,31.25,1.968,,0
2026-05-07 18:58:00,1178,569,260,85.42,,0,0,0,4.72,6.657,0,153,775,469,306,1320,,,35,43,30,47,30,30,32,38,41,37,65,0,0,0,0,0,161,79.35,622,2.853,2.781,,0,7,5,9,4,4,8,47,4,43,71,28.57,4.752,,0,43.18,1.551,,0
2026-05-07 18:59:00,1192,572,267,87.15,,0,0,0,4.644,4.985,0,152,791,476,315,1322,,,35,46,29,43,29,30,31,37,44,37,66,0,0,0,0,0,161,79.21,613,2.828,2.586,,0,7,4,7,4,6,11,47,3,44,72,20,4.055,,0,31.25,1.428,,0
2026-05-07 19:00:00,1191,566,269,86.81,,0,0,0,4.619,5.483,0,144,782,470,312,1308,,,32,44,28,46,32,34,27,39,42,38,67,0,0,0,0,0,161,79.08,614,2.841,3.089,0,0,7,5,9,5,5,12,44,1,43,68,28.57,4.742,0,0,23.3,1.303,0,0
2026-05-07 19:01:00,1210,554,258,86.81,,0,0,0,4.89,7.872,0,138,792,488,304,1301,,,32,41,25,46,29,34,26,42,41,37,67,0,0,0,0,0,161,77.72,601,2.915,3.545,,0,8,3,11,9,7,8,42,3,38,68,28.57,4.632,,0,18.18,1.74,,0
2026-05-07 19:02:00,1214,545,270,89.58,,0,0,0,4.643,5.08,0,126,792,482,310,1283,,,32,36,30,44,28,38,23,44,39,37,66,0,0,0,0,0,161,76.77,605,2.805,2.703,,0,9,1,8,9,6,6,35,0,34,63,20,3.895,,0,26.14,1.956,,0
2026-05-07 19:03:00,1213,527,275,88.54,,0,0,0,4.842,7.205,0,126,789,483,306,1275,,,28,39,33,41,31,37,28,41,35,35,66,0,0,0,0,0,161,78.94,613,2.783,2.768,,0,6,4,9,9,7,10,31,1,30,66,14.29,4.94,,0,50.57,1.78,,0
2026-05-07 19:04:00,1201,531,270,89.58,,0,0,0,4.84,9.821,0,132,782,471,311,1269,,,31,38,32,40,33,35,29,42,34,37,65,0,0,0,0,0,161,76.22,607,2.766,2.743,,0,6,8,7,8,6,12,36,2,34,71,17.14,3.755,,0,37.5,1.354,,0
2026-05-07 19:05:00,1206,521,273,89.58,,0,0,0,4.989,6.472,0,132,766,463,303,1263,,,31,36,31,38,33,35,33,39,37,36,66,0,0,0,0,0,161,75.95,582,2.769,2.85,0,0,9,5,6,7,7,15,41,2,39,74,31.43,4.467,0,0,34.09,1.192,0,0
2026-05-07 19:06:00,1181,549,274,90.28,,0,0,0,4.698,5.71,0,125,751,455,296,1266,,,27,43,33,38,29,36,33,37,36,35,65,0,0,0,0,0,161,73.91,575,2.823,3.302,,0,10,7,7,8,8,14,36,0,35,67,37.14,4.195,,0,22.16,1.622,,0
2026-05-07 19:07:00,1189,548,266,89.58,,0,0,0,5.074,8.145,0,139,769,464,305,1283,,,30,39,28,42,30,37,34,37,36,37,63,0,0,0,0,0,161,81.11,633,2.752,2.916,,0,11,4,3,9,9,14,47,1,46,73,37.14,4.914,,0,35.8,2.044,,0
2026-05-07 19:08:00,1166,542,261,86.81,,0,0,0,4.988,6.914,0,139,750,452,298,1270,,,29,37,31,44,32,36,32,36,36,37,63,0,0,0,0,0,161,82.2,663,2.732,2.793,,0,8,5,8,8,4,15,49,0,46,76,25.71,5.179,,0,42.61,2.097,,0
2026-05-07 19:09:00,1154,538,259,86.46,,0,0,0,5.104,5.417,0,142,756,448,308,1293,,,27,36,31,45,28,38,35,35,35,37,62,0,0,0,0,0,161,84.65,675,2.747,2.763,,0,9,4,9,6,4,14,50,2,45,75,25.71,3.554,,0,31.25,1.603,,0
2026-05-07 19:10:00,1147,535,270,86.81,,0,0,0,4.921,5.372,0,154,738,433,305,1309,,,29,38,30,44,29,36,32,37,32,40,62,0,0,0,0,0,161,84.38,696,2.757,2.844,0,0,9,4,7,6,7,11,52,2,49,77,20,4.594,0,0,19.89,1.472,0,0
2026-05-07 19:11:00,1150,536,254,85.07,,0,0,0,5.242,7.744,0,147,764,453,311,1296,,,32,41,27,41,30,38,39,41,29,36,63,0,.59,0,0,0,161,86.55,687,2.783,3.247,,0,6,6,6,9,6,11,53,4,49,79,17.14,4.646,,0,22.73,1.6,,0
2026-05-07 19:12:00,1136,549,260,87.15,,0,0,0,5.05,5.528,0,139,811,488,323,1321,,,28,39,25,41,29,42,34,43,30,36,63,0,0,0,0,0,161,83.15,669,2.763,2.923,,0,6,6,8,8,8,11,44,2,41,74,34.29,4.023,,0,34.66,1.955,,0
2026-05-07 19:13:00,1154,549,266,88.54,,0,0,0,5.256,7.648,0,135,801,482,319,1312,,,30,35,28,40,29,39,34,38,32,35,61,0,0,0,0,0,161,85.33,686,2.764,2.898,,0,7,6,4,3,8,10,43,2,41,71,28.57,5.111,,0,53.41,1.544,,0
2026-05-07 19:14:00,1146,547,266,87.85,,0,0,0,5.236,7.298,0,132,788,472,316,1304,,,32,35,29,41,30,38,31,37,28,31,58,0,0,0,0,0,161,84.51,675,2.792,3.019,,0,6,6,4,4,10,10,36,0,36,65,31.43,5.442,,0,43.18,1.453,,0
2026-05-07 19:15:00,1148,567,271,89.58,,0,0,0,5.494,7.717,0,133,775,463,312,1295,,,31,32,29,43,32,37,28,34,30,31,62,0,0,0,0,0,161,88.86,704,2.84,3.155,0,0,8,3,6,5,8,12,37,0,37,65,40,3.865,0,0,30.68,1.382,0,0
2026-05-07 19:16:00,1141,556,263,87.5,,0,0,0,5.389,8.994,0,126,756,448,308,1297,,,33,32,26,38,33,40,27,33,31,34,61,0,0,0,0,0,161,89.67,715,2.891,3.244,,0,9,8,4,7,10,12,43,3,38,69,42.86,4.723,,0,18.18,1.694,,0
2026-05-07 19:17:00,1152,562,269,89.93,,0,0,0,5.502,5.759,0,137,782,460,322,1308,,,35,34,28,35,31,37,27,29,31,35,59,0,.59,0,0,0,161,87.91,716,2.911,3.004,,0,9,8,6,5,7,6,46,0,45,68,37.14,4.314,,0,40.34,2.042,,0
2026-05-07 19:18:00,1127,572,252,84.72,,0,0,0,5.165,5.305,0,135,765,447,318,1280,,,32,32,31,34,29,40,26,27,32,35,61,0,0,0,0,0,161,89.95,729,2.965,3.338,,0,4,9,8,6,3,4,47,3,44,65,25.71,3.171,,0,42.61,2.085,,0
2026-05-07 19:19:00,1139,567,251,83.68,,0,0,0,5.404,8.032,0,131,778,449,329,1282,,,30,32,29,35,29,39,27,27,28,38,67,0,0,0,0,0,161,86.82,693,3.009,3.179,,0,1,5,9,6,1,5,53,5,48,65,22.86,4.116,,0,27.27,1.974,,0
2026-05-07 19:20:00,1120,581,245,82.29,,0,0,0,5.131,5.408,0,129,755,438,317,1269,,,30,33,27,35,26,36,31,28,31,33,68,0,0,0,0,0,161,87.09,693,3.096,3.488,0,0,3,6,3,5,8,4,53,9,44,66,14.29,4.678,0,0,17.61,1.416,0,0
2026-05-07 19:21:00,1129,583,241,80.9,,0,0,0,5.182,5.58,0,129,796,464,332,1283,,,29,35,24,38,30,36,28,31,29,35,69,0,0,0,0,0,161,87.23,685,3.203,3.99,,0,6,5,4,4,8,4,49,6,43,62,31.43,4.243,,0,21.59,1.621,,0
2026-05-07 19:22:00,1120,580,256,84.72,,0,0,0,5.336,8.324,0,129,779,451,328,1291,,,31,36,28,33,26,34,27,30,29,31,69,0,0,0,0,0,161,87.91,694,3.164,3.178,,0,7,3,6,0,5,8,54,5,49,65,28.57,4.767,,0,32.95,2.076,,0
2026-05-07 19:23:00,1107,597,236,79.51,,0,0,0,5.364,5.163,0,137,788,453,335,1290,,,28,37,25,34,26,35,27,27,30,27,68,0,0,0,0,0,161,88.45,706,3.179,3.116,,0,10,8,5,6,5,11,44,3,41,66,22.86,3.627,,0,56.25,1.24,,0
2026-05-07 19:24:00,1088,604,247,82.29,,0,0,0,5.039,5.678,0,138,799,456,343,1305,,,26,37,26,38,23,32,23,24,31,20,66,0,0,0,0,0,161,85.03,664,3.193,3.188,,0,6,9,7,7,6,10,44,3,41,63,25.71,3.286,,0,35.23,1.54,,0
2026-05-07 19:25:00,1100,602,250,83.68,,0,0,0,5.396,8.143,0,135,787,449,338,1294,,,28,33,25,36,24,34,22,26,31,20,71,0,0,0,0,0,161,84.63,674,3.189,3.102,0,0,3,6,8,10,6,7,41,2,39,60,37.14,3.522,0,0,18.75,1.261,0,0
2026-05-07 19:26:00,1093,603,249,83.33,,0,0,0,4.915,5.341,0,124,776,447,329,1307,,,23,33,23,34,23,34,21,23,28,20,68,0,0,0,0,0,161,86.67,667,3.199,3.363,,0,7,4,10,9,5,7,44,2,42,66,42.86,3.263,,0,16.48,1.698,,0
2026-05-07 19:27:00,1111,601,253,86.11,,0,0,0,4.967,5.299,0,134,803,461,342,1315,,,23,33,22,35,25,35,23,25,26,21,67,0,.59,0,0,0,161,80,622,3.137,2.968,,0,8,5,6,3,6,5,47,2,45,67,28.57,4.263,,0,38.64,2.223,,0
2026-05-07 19:28:00,1105,587,254,85.42,,0,0,0,4.842,4.789,0,126,785,451,334,1296,,,24,31,24,34,24,33,19,23,28,25,69,0,0,0,0,0,161,84.76,667,3.091,2.948,,0,9,4,4,1,4,5,45,2,41,59,28.57,3.865,,0,46.02,2.051,,0
2026-05-07 19:29:00,1098,598,239,79.51,,0,0,0,4.893,5.136,0,130,780,448,332,1278,,,28,35,22,34,23,31,17,17,31,26,70,0,.59,0,0,0,161,81.36,636,3.066,2.916,,0,6,3,7,4,6,3,49,4,45,64,42.86,3.888,,0,36.93,1.624,,0
2026-05-07 19:30:00,1074,609,224,76.04,,0,0,0,5.055,9.397,0,142,757,440,317,1251,,,28,36,23,34,25,32,15,17,31,29,70,0,0,0,0,0,161,82.59,644,3.042,3.04,0,0,7,7,7,5,7,4,45,5,40,62,34.29,3.891,0,0,35.8,1.272,0,0
2026-05-07 19:31:00,1103,608,228,76.04,,0,0,0,5.107,4.947,0,127,792,461,331,1266,,,25,34,20,33,25,30,13,21,31,29,67,0,.59,0,0,0,161,79.18,619,3.055,3.429,,0,4,5,5,10,5,6,41,2,39,58,37.14,4.263,,0,25,1.89,,0
2026-05-07 19:32:00,1098,604,243,81.6,,0,0,0,4.629,4.757,0,125,779,452,327,1265,,,24,37,21,30,21,30,17,24,27,24,70,0,0,0,0,0,161,80.95,626,2.963,2.915,,0,6,3,3,8,2,6,35,1,34,53,34.29,3.181,,0,44.32,2.212,,0
2026-05-07 19:33:00,1118,583,257,84.67,,0,0,0,5.056,9.743,0,118,790,444,346,1261,,,31,32,19,31,19,29,20,28,27,23,73,0,0,0,0,0,161,80.27,627,2.93,2.861,,0,4,2,3,5,3,7,37,2,35,56,37.14,4.513,,0,52.84,2.065,,0
2026-05-07 19:34:00,1121,575,261,88.15,,0,0,0,4.57,4.734,0,118,774,432,342,1263,,,31,29,20,31,19,28,25,25,23,26,71,0,0,0,0,0,161,79.32,622,2.897,2.864,,0,5,3,5,3,2,7,41,4,37,55,31.43,4.219,,0,37.5,1.684,,0
2026-05-07 19:35:00,1110,573,258,88.15,,0,0,0,4.689,6.64,0,123,784,439,345,1262,,,25,28,24,32,17,23,24,24,24,31,70,0,.59,0,0,0,161,79.59,618,2.927,3.145,0,0,6,3,7,5,6,7,49,8,40,65,34.29,3.751,0,0,28.41,1.681,0,0
2026-05-07 19:36:00,1077,581,249,83.97,,0,0,0,4.787,9.246,0,140,757,424,333,1270,,,22,30,20,35,18,26,20,21,25,29,70,0,.59,0,0,0,161,79.73,621,2.957,3.296,,0,3,4,7,6,8,9,51,5,46,62,28.57,3.948,,0,27.27,1.849,,0
2026-05-07 19:37:00,1077,572,242,81.53,,0,0,0,4.833,4.901,0,142,779,435,344,1290,,,29,28,20,33,20,28,21,26,26,26,69,0,.59,0,0,0,161,81.77,642,2.874,3.003,,0,4,7,8,9,9,6,60,9,51,74,28.57,3.931,,0,46.59,2.184,,0
2026-05-07 19:38:00,1069,577,247,82.58,,0,0,0,4.763,8.753,0,138,768,431,337,1296,,,29,28,20,31,21,29,24,24,24,25,71,0,0,0,0,0,161,85.44,680,2.848,2.804,,0,6,9,7,7,6,5,59,8,51,73,31.43,3.285,,0,46.59,1.977,,0
2026-05-07 19:39:00,1068,567,237,79.79,,0,0,0,5.046,8.027,0,140,769,423,346,1274,,,25,31,23,30,20,25,25,24,26,24,70,0,0,0,0,0,161,83.81,653,2.839,2.81,,0,5,8,5,7,8,9,51,10,41,70,28.57,4.538,,0,28.98,1.84,,0
2026-05-07 19:40:00,1066,549,226,74.91,,0,0,0,4.6,5.736,0,131,747,411,336,1280,,,25,33,26,29,22,26,23,23,23,24,65,0,0,0,0,0,161,81.5,651,2.856,3.05,0,0,5,7,3,8,9,9,53,7,46,67,25.71,3.98,0,0,15.91,1.423,0,0
2026-05-07 19:41:00,1087,551,226,77,,0,0,0,5.081,9.548,0,134,782,428,354,1290,,,30,34,21,31,19,28,23,21,24,26,61,0,0,0,0,0,161,81.9,630,2.902,3.333,,0,8,7,6,5,6,10,54,6,48,73,20,3.76,,0,25,2.014,,0
2026-05-07 19:42:00,1089,545,239,80.49,,0,0,0,4.803,6.242,0,136,780,424,356,1283,,,31,34,23,28,22,28,21,20,23,29,58,0,0,0,0,0,161,83.13,661,2.83,2.963,,0,6,7,4,5,8,11,53,6,45,72,20,4.178,,0,35.23,2.246,,0
2026-05-07 19:43:00,1100,554,237,80.14,,0,0,0,5.207,8.992,0,133,801,435,366,1291,,,33,31,23,31,18,30,21,22,25,28,56,0,0,0,0,0,161,83.67,653,2.815,2.788,,0,7,9,9,8,6,8,48,4,44,72,25.71,4.055,,0,45.45,1.854,,0
2026-05-07 19:44:00,1091,551,236,79.79,,0,0,0,5.124,9.503,0,130,786,419,367,1277,,,31,36,26,32,21,29,20,21,28,28,55,0,0,0,0,0,161,80.54,645,2.825,2.992,,0,7,5,6,7,2,7,47,4,42,67,25.71,4.75,,0,32.95,1.359,,0
2026-05-07 19:45:00,1094,548,239,81.53,,0,0,0,5.338,6.847,0,123,763,409,354,1258,,,27,33,28,31,22,27,20,20,25,23,60,0,0,0,0,0,161,86.26,681,2.855,3.136,0,0,5,7,6,6,5,7,49,7,42,65,37.14,4.109,0,0,23.3,1.29,0,0
2026-05-07 19:46:00,1099,525,243,82.93,,0,0,0,4.859,4.514,0,128,762,406,356,1262,,,29,34,25,29,23,27,22,20,24,23,59,0,0,0,0,0,161,85.17,675,2.897,3.215,,0,4,6,3,8,4,7,45,6,39,63,34.29,3.849,,0,18.75,1.986,,0
2026-05-07 19:47:00,1120,518,265,88.85,,0,0,0,5.222,9.022,0,123,813,442,371,1293,,,27,32,24,24,21,29,19,21,22,25,61,0,0,0,0,0,161,87.21,698,2.857,2.988,,0,2,4,2,6,5,7,46,6,40,65,31.43,3.363,,0,50.57,2.188,,0
2026-05-07 19:48:00,1111,528,258,87.8,,0,0,0,4.774,6.381,0,129,806,443,363,1287,,,27,34,25,23,20,28,23,24,20,22,64,0,0,0,0,0,161,86.39,678,2.859,2.895,,0,4,3,6,3,6,5,45,4,40,62,14.29,4.232,,0,48.3,2.121,,0
2026-05-07 19:49:00,1107,535,248,84.32,,0,0,0,4.772,4.7,0,128,821,438,383,1297,,,27,34,27,21,22,25,20,24,25,20,66,0,0,0,0,0,161,82.18,652,2.877,3.024,,0,5,1,7,3,7,6,39,4,34,60,14.29,3.874,,0,25,1.791,,0
2026-05-07 19:50:00,1102,539,245,81.88,,0,0,0,4.559,5.677,0,132,803,429,374,1276,,,25,39,28,27,19,25,17,24,23,25,67,0,1.78,0,0,0,161,80.68,650,2.912,3.184,0,0,3,4,6,6,6,9,36,3,31,54,25.71,4.464,0,0,18.18,1.591,0,0
2026-05-07 19:51:00,1126,525,242,82.23,,0,0,0,4.733,6.986,0,120,813,435,378,1269,,,21,34,26,29,21,28,18,26,26,24,71,0,1.18,0,0,0,161,80.95,644,3.003,3.59,,0,4,7,6,5,3,11,42,6,36,56,22.86,3.808,,0,22.16,1.873,,0
2026-05-07 19:52:00,1110,538,237,79.44,,0,0,0,4.509,5.314,0,125,799,428,371,1264,,,27,33,26,28,17,27,24,25,25,24,71,0,1.78,0,0,0,161,80.14,644,2.927,3.118,,0,6,5,9,5,6,11,45,4,40,61,17.14,4.14,,0,36.93,2.13,,0
2026-05-07 19:53:00,1105,541,227,77,,0,0,0,4.947,8.981,0,131,808,428,380,1279,,,28,34,21,26,19,26,25,27,29,26,71,0,.59,0,0,0,161,83.81,652,2.927,2.945,,0,7,4,7,6,6,10,49,6,43,65,17.14,3.819,,0,51.7,1.762,,0
2026-05-07 19:54:00,1091,546,226,75.96,,0,0,0,4.699,7.751,0,133,803,426,377,1294,,,32,32,20,33,19,24,22,25,29,26,73,0,.59,0,0,0,161,85.58,673,2.926,2.987,,0,6,2,6,6,5,6,51,5,46,62,37.14,3.911,,0,38.64,1.76,,0
2026-05-07 19:55:00,1101,531,224,76.31,,0,0,0,4.968,7.466,0,122,818,426,392,1265,,,31,29,25,32,20,22,23,27,29,30,75,0,1.18,0,0,0,161,86.8,692,2.944,3.059,0,0,3,3,6,6,5,3,44,4,40,56,34.29,3.797,0,0,22.16,1.432,0,0
2026-05-07 19:56:00,1085,529,228,75.96,,0,0,0,4.613,5.343,0,139,802,420,382,1269,,,28,29,27,30,17,23,22,27,30,28,73,0,2.37,0,0,0,161,85.44,674,2.961,3.211,,0,8,10,7,5,7,3,43,4,39,62,17.14,4.582,,0,26.7,1.89,,0
2026-05-07 19:57:00,1097,529,242,80.49,,0,0,0,4.95,9.716,0,132,863,468,395,1314,,,29,32,25,29,18,23,24,28,28,25,73,0,1.78,0,0,0,161,82.72,672,2.926,2.971,,0,6,8,5,6,7,5,45,6,38,64,11.43,4.08,,0,43.18,2.271,,0
2026-05-07 19:58:00,1068,542,235,77.35,,0,0,0,5.248,7.58,0,125,865,462,403,1319,,,32,33,24,31,15,25,27,27,30,23,69,0,2.37,0,0,0,161,82.99,668,2.916,2.864,,0,7,9,5,9,7,6,40,3,36,59,25.71,5.474,,0,52.84,2.04,,0
2026-05-07 19:59:00,1078,535,243,80.49,,0,0,0,4.986,7.506,0,115,857,457,400,1300,,,30,34,23,32,19,26,28,25,27,27,68,0,4.14,0,0,0,161,83.79,655,2.912,2.956,,0,6,9,6,9,4,8,34,2,30,51,28.57,4.509,,0,40.34,1.486,,0
2026-05-07 20:00:00,1080,527,256,84.32,,0,0,0,4.964,5.687,0,103,843,451,392,1283,,,30,34,25,29,18,30,27,26,29,25,66,0,2.37,0,0,0,161,82.97,646,2.961,3.419,0,0,4,6,7,7,5,6,33,0,32,48,34.29,4.236,0,0,26.7,1.504,0,0
2026-05-07 20:01:00,1107,518,259,86.41,,0,0,0,5.209,6.941,0,97,855,463,392,1271,,,34,36,23,31,21,28,24,23,28,19,65,0,1.18,0,0,0,161,84.88,657,3.019,3.505,,0,7,4,9,6,7,3,30,0,30,49,45.71,5.303,,0,22.73,1.814,,0
2026-05-07 20:02:00,1104,501,254,86.06,,0,0,0,5.085,5.733,0,99,847,457,390,1249,,,32,36,32,35,20,28,23,26,25,22,62,0,0,0,0,0,161,83.11,652,2.952,3.086,,0,5,5,7,3,9,6,30,0,30,48,45.71,4.865,,0,42.61,2.239,,0
2026-05-07 20:03:00,1105,497,250,83.97,,0,0,0,5.172,6.718,0,101,829,449,380,1233,,,35,38,32,35,15,31,24,25,23,23,58,0,1.78,0,0,0,161,82.29,640,2.936,2.918,,0,4,5,5,2,8,10,29,0,29,50,40,4.947,,0,52.27,2.311,,0
2026-05-07 20:04:00,1106,495,235,79.44,,0,0,0,5.064,5.661,0,97,810,439,371,1215,,,36,36,29,32,18,33,22,24,24,22,58,0,1.78,0,0,0,161,81.34,649,2.916,2.823,,0,3,5,10,4,6,10,32,0,32,44,34.29,4.64,,0,38.07,1.435,,0
2026-05-07 20:05:00,1094,513,237,78.75,,0,0,0,5.321,7.004,0,103,791,428,363,1201,,,36,40,30,31,24,34,25,20,20,20,59,0,1.78,0,0,0,161,86.38,678,2.922,2.767,0,0,5,2,8,6,4,7,34,0,34,46,45.71,4.49,0,0,32.95,1.507,0,0
2026-05-07 20:06:00,1083,518,230,75.26,,0,0,0,5.275,6.883,0,114,794,431,363,1211,,,36,42,25,33,28,31,24,19,20,21,60,0,1.78,0,0,0,161,81.47,638,2.968,3.384,,0,6,4,6,7,7,5,51,7,44,62,40,4.061,,0,23.86,1.786,,0
2026-05-07 20:07:00,1076,512,238,78.05,,0,0,0,5.488,6.876,0,117,802,441,361,1220,,,38,40,25,34,23,32,21,16,21,20,60,0,1.18,0,0,0,161,83.79,673,2.913,2.909,,0,5,5,4,6,5,3,54,8,46,67,25.71,4.583,,0,40.34,2.26,,0
2026-05-07 20:08:00,1045,494,223,74.91,,0,0,0,5.404,5.77,0,121,788,434,354,1202,,,36,41,25,38,18,32,19,14,22,24,60,0,1.78,0,0,0,161,84.06,661,2.894,2.82,,0,4,5,7,5,8,3,52,7,45,69,28.57,3.907,,0,50.57,1.867,,0
2026-05-07 20:09:00,1044,480,224,74.91,,0,0,0,5.433,5.278,0,117,773,422,351,1195,,,34,40,28,35,17,31,19,15,22,28,61,0,1.18,0,0,0,161,86.51,672,2.893,2.961,,0,6,4,7,3,6,6,51,4,47,66,31.43,5.089,,0,38.64,1.538,,0
2026-05-07 20:10:00,1027,486,231,75.96,,0,0,0,5.398,6.325,0,141,754,414,340,1209,,,27,38,29,36,19,27,19,22,24,27,59,0,2.37,0,0,0,161,84.74,656,2.868,2.909,0,0,4,6,7,6,7,10,44,4,40,62,25.71,4.914,0,0,22.73,1.374,0,0
2026-05-07 20:11:00,1021,506,220,74.91,,0,0,0,5.427,5.033,0,131,761,427,334,1202,,,31,36,30,38,17,30,20,20,22,25,67,0,2.96,0,0,0,161,83.65,649,2.871,2.973,,0,7,6,8,11,10,11,48,5,42,74,22.86,4.343,,0,14.2,1.716,,0
2026-05-07 20:12:00,1026,508,226,75.96,,0,0,0,5.334,5.937,0,143,752,427,325,1215,,,28,35,29,33,18,28,24,23,20,26,67,0,4.14,0,0,0,161,82.15,651,2.825,2.741,,0,9,7,7,9,9,7,53,7,45,74,28.57,3.609,,0,23.3,2.123,,0
2026-05-07 20:13:00,1029,509,237,78.4,,0,0,0,5.52,6.841,0,140,781,443,338,1230,,,33,36,25,32,23,29,20,19,22,25,67,0,2.37,0,0,0,161,85.01,664,2.797,2.738,,0,8,8,8,6,6,7,55,7,46,76,22.86,4.922,,0,48.3,2.201,,0
2026-05-07 20:14:00,1033,494,246,81.88,,0,0,0,5.394,7.314,0,136,775,443,332,1240,,,32,35,23,35,21,34,21,23,22,23,70,0,.59,0,0,0,161,85.83,666,2.798,2.831,,0,5,7,8,4,4,9,52,5,46,71,31.43,3.796,,0,30.68,1.517,,0
2026-05-07 20:15:00,1052,483,242,82.58,,0,0,0,5.499,7.187,0,126,785,445,340,1224,,,31,31,30,37,19,30,26,21,23,21,71,0,0,0,0,0,161,84.2,671,2.828,2.971,0,0,4,3,6,7,9,12,47,5,42,66,40,5.097,0,0,16.48,1.137,0,0
2026-05-07 20:16:00,1053,463,252,82.93,,0,0,0,5.219,7.017,0,133,771,436,335,1226,,,30,35,31,34,25,31,30,20,21,19,72,0,0,0,0,0,161,86.92,670,2.886,3.464,,0,3,7,6,7,8,8,38,3,35,60,20,4.524,,0,13.64,1.537,,0
2026-05-07 20:17:00,1063,481,249,80.49,,0,0,0,5.196,5.823,0,132,817,469,348,1256,,,32,33,31,36,26,31,25,21,22,19,73,0,0,0,0,0,161,85.29,669,2.812,2.942,,0,5,5,8,8,5,7,40,2,37,63,20,5.27,,0,47.73,2.021,,0
2026-05-07 20:18:00,1061,471,236,79.79,,0,0,0,5.167,8.273,0,136,836,483,353,1288,,,32,36,32,35,27,36,24,18,22,21,69,0,0,0,0,0,161,85.29,660,2.802,2.794,,0,6,9,7,6,6,8,44,3,39,65,14.29,4.231,,0,56.82,1.845,,0
2026-05-07 20:19:00,1082,469,241,81.18,,0,0,0,5.285,6.57,0,124,826,480,346,1270,,,34,38,30,35,22,34,22,19,25,20,68,0,0,0,0,0,161,83.92,654,2.792,2.847,,0,6,7,8,5,5,7,46,3,42,59,17.14,3.89,,0,40.91,1.461,,0
2026-05-07 20:20:00,1073,467,232,80.14,,0,0,0,5.128,5.153,0,128,836,479,357,1304,,,33,40,27,35,22,32,20,15,23,22,67,0,0,0,0,0,161,83.51,658,2.819,3.027,0,0,8,7,9,4,6,6,49,5,41,64,28.57,3.892,0,0,26.14,1.307,0,0
2026-05-07 20:21:00,1076,467,231,76.66,,0,0,0,5.308,6.49,0,136,822,471,351,1302,,,30,39,25,34,23,32,20,20,22,21,65,0,0,0,0,0,161,84.88,673,2.874,3.341,,0,7,7,4,5,7,6,57,6,51,72,22.86,4.016,,0,18.18,1.848,,0
2026-05-07 20:22:00,1083,472,218,73.87,,0,0,0,5.319,6.379,0,135,816,472,344,1285,,,30,38,28,33,26,30,19,20,20,19,66,0,0,0,0,0,161,86.65,680,2.845,2.991,,0,8,7,9,7,4,7,56,6,49,73,34.29,5.413,,0,40.91,2.311,,0
2026-05-07 20:23:00,1073,482,219,73.17,,0,0,0,5.438,6.418,0,135,795,462,333,1277,,,31,33,31,28,23,30,18,19,18,21,65,0,0,0,0,0,161,87.87,703,2.855,2.972,,0,8,6,12,8,3,7,48,4,43,69,22.86,4.68,,0,53.41,2.052,,0
2026-05-07 20:24:00,1065,502,223,75.96,,0,0,0,5.132,6.541,0,135,785,457,328,1258,,,34,34,29,27,20,32,17,17,16,21,63,0,0,0,0,0,161,88.69,694,2.868,2.974,,0,7,4,9,9,3,6,49,4,44,70,17.14,3.769,,0,37.5,1.823,,0
2026-05-07 20:25:00,1059,511,237,79.09,,0,0,0,5.287,5.956,0,127,770,450,320,1245,,,32,33,27,32,18,33,14,19,17,23,64,0,0,0,0,0,161,85.42,684,2.923,3.248,0,0,7,2,8,5,5,4,48,4,44,66,14.29,3.769,0,0,19.32,1.348,0,0
2026-05-07 20:26:00,1047,529,240,82.23,,0,0,0,4.864,4.497,0,126,751,440,311,1248,,,34,33,27,38,19,30,14,19,19,21,66,0,0,0,0,0,161,83.24,658,2.976,3.437,,0,6,8,5,7,7,6,43,4,39,67,14.29,3.552,,0,17.61,1.732,,0
2026-05-07 20:27:00,1060,534,248,82.23,,0,0,0,5.023,6.432,0,142,777,472,305,1261,,,32,31,29,33,18,30,12,22,17,21,73,0,0,0,0,0,161,85.42,666,2.938,3.157,,0,7,10,4,6,8,8,56,6,49,75,22.86,4.449,,0,42.61,2.433,,0
2026-05-07 20:28:00,1042,545,251,82.58,,0,0,0,4.751,6.647,0,143,761,466,295,1262,,,31,34,30,29,25,32,13,25,14,21,73,0,0,0,0,0,161,85.15,669,2.948,3.065,,0,9,9,6,10,11,10,57,11,44,80,20,2.964,,0,55.68,1.969,,0
2026-05-07 20:29:00,1048,556,240,79.44,,0,0,0,4.947,7.09,0,144,781,472,309,1286,,,33,35,31,30,26,33,13,19,18,22,72,0,0,0,0,0,161,85.97,679,2.956,2.91,,0,9,6,5,7,10,10,56,7,47,77,20,5.288,,0,41.48,1.829,,0
2026-05-07 20:30:00,1057,547,241,79.44,,0,0,0,4.65,5.099,0,155,783,468,315,1301,,,31,37,30,34,25,32,15,19,19,20,72,0,0,0,0,0,161,90.6,745,2.971,3.072,0,0,5,2,6,7,7,9,50,4,44,71,28.57,4.485,0,0,25,1.393,0,0
2026-05-07 20:31:00,1084,531,249,82.93,,0,0,0,4.869,7.151,0,147,815,490,325,1303,,,32,35,26,32,23,29,16,25,12,20,73,0,0,0,0,0,161,93.05,750,2.994,3.128,,0,5,2,11,4,5,9,54,6,47,74,34.29,3.896,,0,15.34,1.868,,0
2026-05-07 20:32:00,1100,515,241,81.18,,0,0,0,4.75,7.651,0,151,819,490,329,1301,,,31,35,25,36,23,31,20,23,20,24,73,0,0,0,0,0,161,91.69,742,2.975,2.999,,0,8,7,7,4,4,6,54,10,43,76,34.29,4.311,,0,31.82,2.144,,0
2026-05-07 20:33:00,1130,500,236,80.49,,0,0,0,4.872,8.163,0,151,841,506,335,1327,,,33,34,26,33,24,34,21,21,20,23,74,0,0,0,0,0,161,87.33,706,2.972,2.953,,0,6,5,7,7,6,11,50,8,40,71,22.86,4.435,,0,46.02,2.146,,0
2026-05-07 20:34:00,1112,501,236,79.09,,0,0,0,4.612,6.085,0,154,822,488,334,1328,,,28,35,28,33,23,35,21,25,20,20,72,0,0,0,0,0,161,88.42,705,2.958,2.831,,0,6,3,5,8,7,9,53,7,45,76,17.14,4.626,,0,44.89,1.639,,0
2026-05-07 20:35:00,1124,500,244,80.49,,0,0,0,4.979,7.756,0,148,825,483,342,1307,,,32,34,27,31,21,35,21,22,23,16,72,0,0,0,0,0,161,87.33,703,2.957,3.041,0,0,7,5,5,10,6,8,50,7,41,75,17.14,3.676,0,0,29.55,1.454,0,0
2026-05-07 20:36:00,1121,507,244,83.28,,0,0,0,4.727,6.918,0,135,816,479,337,1290,,,32,36,23,31,24,30,23,22,20,22,68,0,0,0,0,0,161,84.74,681,2.956,2.911,,0,5,7,5,8,7,8,48,4,42,72,25.71,3.837,,0,26.14,1.574,,0
2026-05-07 20:37:00,1104,512,258,85.71,,0,0,0,5.047,7.677,0,130,805,479,326,1274,,,30,34,24,28,20,30,21,24,22,21,67,0,0,0,0,0,161,85.01,673,2.969,3.139,,0,9,7,6,6,7,9,48,5,42,68,28.57,6.374,,0,50,2.029,,0
2026-05-07 20:38:00,1103,504,259,86.06,,0,0,0,4.746,6.766,0,124,788,467,321,1266,,,28,35,29,26,18,29,19,22,22,23,68,0,0,0,0,0,161,86.1,675,2.959,3.066,,0,10,6,7,6,7,6,53,8,44,71,17.14,3.943,,0,43.75,1.719,,0
2026-05-07 20:39:00,1095,503,264,87.8,,0,0,0,5.031,7.761,0,115,767,455,312,1245,,,31,34,27,25,15,29,21,21,21,25,67,0,0,0,0,0,161,84.06,674,2.963,2.954,,0,7,6,5,6,7,10,46,6,40,66,14.29,4.934,,0,25,1.819,,0
2026-05-07 20:40:00,1072,526,263,88.85,,0,0,0,4.591,6.089,0,113,786,474,312,1250,,,30,32,28,24,19,29,23,22,21,22,65,0,0,0,0,0,161,83.92,662,2.988,3.258,0,0,8,4,7,4,3,8,42,5,37,61,20,4.353,0,0,15.91,1.467,0,0
2026-05-07 20:41:00,1079,526,255,86.76,,0,0,0,4.97,8.582,0,108,777,469,308,1225,,,34,33,29,28,23,34,20,20,18,26,65,0,0,0,0,0,161,80.65,617,3.046,3.437,,0,4,3,10,5,5,7,38,4,32,58,51.43,4.423,,0,13.64,1.894,,0
2026-05-07 20:42:00,1064,542,257,87.11,,0,0,0,4.694,7.113,0,99,758,459,299,1200,,,31,34,29,29,21,29,20,19,22,24,63,0,0,0,0,0,161,77.66,598,2.967,2.948,,0,3,5,6,8,7,5,33,2,31,54,71.43,4.496,,0,28.98,2.052,,0
2026-05-07 20:43:00,1048,557,254,84.32,,0,0,0,5.101,8.628,0,98,734,442,292,1186,,,32,33,31,28,24,26,19,21,22,23,67,0,0,0,0,0,161,79.16,610,2.948,2.837,,0,5,6,5,8,6,5,40,3,36,56,60,6.407,,0,46.59,2.007,,0
2026-05-07 20:44:00,1029,559,257,86.76,,0,0,0,4.864,7.782,0,100,714,435,279,1161,,,28,32,29,26,21,30,22,20,22,21,65,0,0,0,0,0,161,75.2,588,2.948,2.836,,0,6,9,4,6,4,9,39,4,35,52,42.86,4.358,,0,31.82,1.285,,0
2026-05-07 20:45:00,1003,562,244,80.84,,0,0,0,5.242,8.499,0,111,688,419,269,1145,,,27,34,29,24,18,29,21,23,20,22,65,0,.59,0,0,0,161,76.16,587,2.963,3.203,0,0,7,6,8,3,8,11,40,2,37,56,40,4.969,0,0,18.18,1.377,0,0
2026-05-07 20:46:00,984,555,237,80.49,,0,0,0,4.815,5.265,0,150,665,408,257,1156,,,29,31,26,24,19,31,21,25,22,20,66,0,1.18,0,0,0,161,79.56,621,2.979,3.076,,0,5,6,9,4,9,8,45,1,42,59,34.29,3.644,,0,17.61,1.746,,0
2026-05-07 20:47:00,986,554,235,77.7,,0,0,0,5.108,7.686,0,141,691,426,265,1175,,,28,30,27,25,19,31,21,24,21,17,66,0,0,0,0,0,161,83.79,657,2.862,2.672,,0,6,5,8,6,7,8,60,7,50,74,25.71,5.178,,0,27.84,2.06,,0
2026-05-07 20:48:00,975,551,216,73.87,,0,0,0,4.869,5.419,0,146,691,436,255,1216,,,27,29,29,27,23,29,21,25,20,19,69,0,0,0,0,0,161,84.74,667,2.829,2.798,,0,10,7,9,9,6,10,52,4,45,71,14.29,4.618,,0,38.07,1.767,,0
2026-05-07 20:49:00,975,554,218,74.22,,0,0,0,5.197,7.859,0,176,715,446,269,1235,,,26,29,26,27,16,31,17,24,19,19,67,0,0,0,0,0,161,85.01,669,2.793,2.558,,0,8,7,8,10,5,8,54,6,45,76,14.29,4.113,,0,25.57,1.399,,0
2026-05-07 20:50:00,965,539,232,77.35,,0,0,0,4.967,5.837,0,168,695,431,264,1209,,,28,27,23,24,14,32,19,23,18,23,67,0,0,0,0,0,161,88.28,692,2.782,2.957,0,0,6,5,7,8,4,7,54,5,47,75,37.14,4.917,0,0,19.89,1.251,0,0
2026-05-07 20:51:00,982,547,226,77,,0,0,0,5.239,8.711,0,182,725,450,275,1245,,,27,27,31,23,18,27,21,23,19,21,67,0,0,0,0,0,161,84.88,669,2.82,3.072,,1,8,6,6,6,6,8,48,5,41,74,45.71,5.104,,0,11.93,1.851,,0
2026-05-07 20:52:00,978,546,239,81.18,,0,0,0,5.17,7.872,0,189,715,446,269,1239,,,21,25,24,23,16,26,20,21,23,24,65,0,0,0,0,0,161,84.33,661,2.768,2.901,,1,7,6,8,4,7,7,53,8,44,74,51.43,4.931,,0,23.86,2.205,,0
2026-05-07 20:53:00,997,538,245,82.23,,0,0,0,5.316,7.347,0,180,736,459,277,1261,,,27,22,23,21,15,30,19,23,21,20,62,0,0,0,0,0,161,86.78,689,2.771,2.891,,1,9,3,3,5,5,5,58,7,50,73,37.14,4.87,,0,52.84,1.585,,0
2026-05-07 20:54:00,986,536,251,85.02,,0,0,0,5.198,10.36,0,169,718,451,267,1234,,,25,25,25,20,16,32,14,22,21,24,60,0,0,0,0,0,161,87.6,705,2.792,3.085,,0,12,4,3,3,5,5,59,7,50,74,22.86,3.973,,0,45.45,1.507,,0
2026-05-07 20:55:00,984,544,257,85.71,,0,0,0,5.315,6.432,0,152,699,438,261,1198,,,25,23,24,19,14,31,14,23,23,21,69,0,0,0,0,0,161,87.6,720,2.819,3.164,0,0,8,4,8,4,3,6,53,6,46,71,37.14,3.754,0,0,28.98,1.307,0,0
2026-05-07 20:56:00,987,541,261,89.55,,0,0,0,4.844,6.727,0,150,691,431,260,1213,,,25,27,22,22,11,33,16,21,19,17,66,0,.59,0,0,0,161,88.28,715,2.894,3.294,,0,7,2,5,6,5,4,52,5,46,72,37.14,3.861,,0,13.07,1.672,,0
2026-05-07 20:57:00,1004,530,265,87.46,,0,0,0,4.994,6.775,0,153,708,440,268,1219,,,25,29,22,20,16,27,23,20,19,18,67,0,1.78,0,0,0,161,91.55,759,2.859,2.981,,0,6,7,3,9,4,7,56,9,46,75,25.71,3.683,,0,42.61,2.204,,0
2026-05-07 20:58:00,1004,540,252,85.37,,0,0,0,4.875,7.818,0,146,711,449,262,1241,,,26,29,27,24,18,29,18,17,22,21,70,0,.59,0,0,0,161,90.74,745,2.872,2.972,,0,5,8,3,10,4,6,54,8,46,69,28.57,4.033,,0,52.27,2.715,,0
2026-05-07 20:59:00,1006,538,249,83.97,,0,0,0,5.064,6.613,0,146,721,451,270,1235,,,29,27,23,22,21,31,21,16,20,20,71,0,0,0,0,0,161,91.83,747,2.916,3.014,,0,8,9,5,8,6,6,49,5,42,69,17.14,3.994,,0,41.48,1.594,,0
2026-05-07 21:00:00,1007,544,266,88.5,,0,0,0,4.789,6.646,0,156,716,448,268,1262,,,27,30,21,24,12,32,19,14,21,20,70,0,0,0,0,0,161,88.56,719,2.971,3.35,0,0,7,8,5,6,6,5,48,5,43,67,14.29,3.755,0,0,23.86,1.345,0,0
2026-05-07 21:01:00,1034,550,262,88.15,,0,0,0,4.909,6.628,0,137,741,460,281,1249,,,32,29,21,26,14,35,21,18,23,19,68,0,0,0,0,0,161,85.83,688,3.055,3.712,,0,8,5,5,6,5,9,51,5,47,69,34.29,4.392,,0,24.43,1.681,,0
2026-05-07 21:02:00,1031,548,263,88.5,,0,0,0,4.657,5.041,0,134,729,447,282,1266,,,29,30,24,21,18,35,28,17,21,18,71,0,0,0,0,0,161,86.65,695,3.038,3.386,,0,9,3,5,3,4,6,50,4,46,66,51.43,4.665,,0,39.77,2.42,,0
2026-05-07 21:03:00,1041,552,260,87.46,,0,0,0,4.884,6.53,0,137,751,460,291,1257,,,29,30,27,23,17,33,28,21,18,22,71,0,0,0,0,0,161,85.31,670,3.05,3.07,,0,9,7,7,6,7,4,51,6,45,71,34.29,4.802,,0,54.55,2.124,,0
2026-05-07 21:04:00,1046,552,256,86.41,,0,0,0,4.837,7.896,0,135,763,461,302,1277,,,26,29,24,23,20,34,24,25,16,21,71,0,0,0,0,0,161,83.95,667,3.058,3.169,,0,7,9,7,5,6,5,47,3,44,64,22.86,5.009,,0,38.64,1.87,,0
2026-05-07 21:05:00,1065,544,255,87.46,,0,0,0,4.892,4.68,0,139,745,451,294,1267,,,29,32,24,23,17,38,23,22,18,21,70,0,0,0,0,0,161,85.56,673,3.092,3.239,0,0,8,8,7,7,6,6,51,5,45,69,34.29,3.68,0,0,29.55,1.471,0,0
2026-05-07 21:06:00,1071,554,256,86.41,,0,0,0,5.029,9.1,0,153,737,436,301,1273,,,28,30,25,20,15,37,22,21,18,27,71,0,0,0,0,0,161,82.29,665,3.174,3.643,,0,7,7,5,4,5,6,50,8,42,70,20,4.428,,0,12.5,1.898,,0
2026-05-07 21:07:00,1090,557,261,87.11,,0,0,0,5.039,4.656,0,141,768,460,308,1280,,,23,30,22,20,15,35,20,21,17,28,71,0,0,0,0,0,161,85.56,674,3.109,3.077,,0,7,6,5,4,7,9,55,9,45,72,25.71,4.223,,0,38.07,2.093,,0
2026-05-07 21:08:00,1058,565,253,84.67,,0,0,0,4.948,9.813,0,133,744,449,295,1260,,,24,29,22,21,15,37,21,21,21,24,69,0,0,0,0,0,161,82.29,647,3.092,2.878,,0,9,8,10,6,5,7,44,6,38,67,28.57,4.395,,0,52.84,2.427,,0
2026-05-07 21:09:00,1073,581,251,85.02,,0,0,0,4.966,4.794,0,130,746,445,301,1253,,,24,31,21,28,19,34,18,23,22,28,74,0,0,0,0,0,161,84.2,659,3.092,3.01,,0,9,6,5,8,9,5,41,3,38,60,34.29,4.318,,0,37.5,2.314,,0
2026-05-07 21:10:00,1063,586,246,83.97,,0,0,0,4.607,6.309,0,146,735,433,302,1279,,,23,32,25,26,15,33,17,21,22,26,72,0,1.18,0,0,0,161,82.29,654,3.095,3.203,0,0,9,3,4,8,7,6,38,4,34,61,34.29,4.295,0,0,25,1.207,0,0
2026-05-07 21:11:00,1076,588,248,82.58,,0,0,0,4.649,4.588,0,134,760,447,313,1249,,,25,32,23,28,16,34,16,21,23,28,68,0,2.37,0,0,0,161,84.06,660,3.087,3.192,,0,8,6,4,5,6,7,49,4,44,70,40,5.11,,0,19.32,1.834,,0
2026-05-07 21:12:00,1068,593,239,80.14,,0,0,0,4.695,8.378,0,133,736,432,304,1222,,,29,30,20,28,15,32,16,20,22,26,72,0,1.18,0,0,0,161,81.74,636,3.007,2.928,,0,6,7,6,3,4,6,51,7,43,70,34.29,3.664,,0,34.66,2.536,,0
2026-05-07 21:13:00,1068,602,240,78.75,,0,0,0,4.768,5.119,0,131,737,424,313,1213,,,22,33,23,28,16,32,16,21,26,27,77,0,1.78,0,0,0,161,80.93,637,2.966,2.719,,0,6,7,4,9,6,5,47,8,39,68,22.86,4.196,,0,38.07,2.051,,0
2026-05-07 21:14:00,1079,594,237,79.44,,0,0,0,4.787,10.191,0,134,741,414,327,1217,,,25,32,20,24,16,32,16,20,25,29,77,0,0,0,0,0,161,76.84,608,2.926,2.752,,1,6,7,3,10,6,4,46,5,41,65,25.71,3.789,,0,30.68,1.651,,0
2026-05-07 21:15:00,1065,602,246,81.88,,0,0,0,4.866,5.016,0,129,721,402,319,1203,,,25,31,21,25,16,30,15,22,26,26,79,0,0,0,0,0,161,76.98,607,2.937,3.197,0,1,5,6,5,8,5,8,41,3,38,62,22.86,3.484,0,0,17.05,1.55,0,0
2026-05-07 21:16:00,1062,589,246,83.62,,0,0,0,4.553,4.928,0,128,719,399,320,1230,,,25,30,21,26,15,29,17,22,22,26,79,0,0,0,0,0,161,76.02,605,2.943,3.223,,1,4,5,4,9,9,7,40,1,38,61,20,3.835,,0,14.2,1.695,,0
2026-05-07 21:17:00,1070,597,239,80.49,,0,0,0,4.56,5.481,0,135,764,435,329,1247,,,27,29,19,22,17,26,15,23,20,26,79,0,0,0,0,0,161,80.25,635,2.891,2.969,,0,5,7,5,8,7,10,43,2,39,66,20,4.233,,0,32.95,2.298,,0
2026-05-07 21:18:00,1061,580,240,80.49,,0,0,0,4.443,4.938,0,130,759,435,324,1225,,,24,31,23,23,14,24,18,22,18,26,81,0,0,0,0,0,161,82.43,632,2.882,2.871,,0,5,3,7,10,8,8,43,3,40,66,28.57,4.249,,0,39.77,2.079,,0
2026-05-07 21:19:00,1071,563,245,81.88,,0,0,0,4.536,5.431,0,136,767,429,338,1252,,,29,30,18,28,14,27,17,19,19,27,79,0,0,0,0,0,161,81.06,641,2.871,2.902,,0,4,5,5,8,6,4,47,6,40,63,37.14,4.677,,0,28.98,1.474,,0
2026-05-07 21:20:00,1065,568,245,81.53,,0,0,0,4.415,4.806,0,131,753,422,331,1247,,,27,33,19,28,17,25,19,19,15,25,77,0,0,0,0,0,161,78.88,621,2.864,3.004,0,0,8,4,5,4,4,8,44,7,36,65,28.57,4.355,0,0,17.05,1.303,0,0
2026-05-07 21:21:00,1076,561,247,84.67,,0,0,0,4.553,5.768,0,146,776,442,334,1264,,,26,31,20,27,14,23,17,19,17,24,76,0,.59,0,0,0,161,79.16,627,2.838,2.844,,0,8,5,5,6,5,8,55,5,48,73,11.43,4.156,,0,18.18,1.8,,0
2026-05-07 21:22:00,1069,570,256,86.06,,0,0,0,4.637,7.625,0,144,764,429,335,1274,,,25,30,20,27,11,24,12,18,17,21,76,0,.59,0,0,0,161,78.5,620,2.843,2.938,,0,8,4,6,5,5,5,58,8,46,76,20,4.198,,0,23.3,2.329,,0
2026-05-07 21:23:00,1073,563,255,85.02,,0,0,0,4.77,5.782,0,139,770,428,342,1254,,,27,30,23,25,8,27,17,17,14,24,75,0,0,0,0,0,161,84.35,658,2.85,2.832,,0,7,5,5,6,7,3,58,8,48,72,34.29,4.006,,0,36.36,2.338,,0
2026-05-07 21:24:00,1056,572,268,86.06,,0,0,0,4.638,7.561,0,140,758,424,334,1221,,,27,30,23,25,12,31,16,18,16,18,73,0,0,0,0,0,161,83.95,669,2.853,2.774,,0,5,5,4,6,7,9,57,8,48,71,25.71,4.949,,0,27.27,1.536,,0
2026-05-07 21:25:00,1045,561,248,83.28,,0,0,0,4.845,6.524,0,136,740,409,331,1204,,,24,32,23,27,18,32,17,17,18,17,75,0,0,0,0,0,161,84.76,668,2.841,2.811,0,0,8,5,6,8,5,8,44,7,37,69,48.57,4.416,0,0,22.73,1.321,0,0
2026-05-07 21:26:00,1047,560,263,86.06,,0,0,0,4.54,5.885,0,147,730,404,326,1213,,,26,33,23,32,20,29,19,16,20,20,73,0,0,0,0,0,161,82.45,656,2.833,2.809,,0,7,1,5,6,9,8,51,6,45,72,45.71,4.323,,0,19.89,1.634,,0
2026-05-07 21:27:00,1046,556,241,80.14,,0,0,0,4.781,7.321,0,146,759,418,341,1227,,,27,38,27,27,19,26,20,19,23,21,68,0,0,0,0,0,161,83.81,666,2.837,2.915,,0,9,4,3,2,7,8,59,6,51,77,25.71,4.787,,0,41.48,2.033,,0
2026-05-07 21:28:00,1042,551,236,79.79,,0,0,0,4.632,5.635,0,144,746,409,337,1232,,,27,38,27,26,17,30,26,17,23,18,71,0,0,0,0,0,161,86.39,688,2.841,2.992,,0,8,7,7,4,3,4,56,6,50,75,20,4.433,,0,40.91,1.801,,0
2026-05-07 21:29:00,1058,539,247,83.97,,0,0,0,4.865,6.737,0,134,749,400,349,1212,,,25,36,25,32,18,27,23,18,22,19,77,0,0,0,0,0,161,86.94,682,2.834,2.825,,0,4,7,7,5,4,4,49,5,44,66,25.71,5.556,,0,35.23,1.423,,0
2026-05-07 21:30:00,1062,519,264,88.85,,0,0,0,4.887,7.073,0,126,738,393,345,1212,,,22,35,23,32,17,26,27,18,24,18,73,0,0,0,0,0,161,84.08,647,2.857,2.957,0,0,5,8,4,5,6,4,40,3,36,62,28.57,5.104,0,0,26.7,1.406,0,0
2026-05-07 21:31:00,1069,525,268,90.24,,0,0,0,5.136,7.381,0,133,781,420,361,1223,,,23,32,23,30,14,27,27,17,26,17,73,0,0,0,0,0,161,77.69,602,2.883,3.101,,0,8,5,5,4,2,8,43,5,38,66,22.86,5.014,,0,19.32,1.848,,0
2026-05-07 21:32:00,1054,528,273,91.99,,0,0,0,5.04,5.344,0,136,782,435,347,1251,,,22,27,21,26,13,26,21,18,26,20,72,0,0,0,0,0,161,79.73,619,2.86,2.761,,0,9,4,3,9,4,5,46,4,41,63,20,4.812,,0,27.27,2.18,,0
2026-05-07 21:33:00,1040,537,264,87.11,,0,0,0,5.31,7.657,0,136,794,440,354,1261,,,26,26,24,24,19,25,23,17,22,19,69,0,0,0,0,0,161,81.77,650,2.867,2.901,,0,10,4,7,8,7,6,47,4,42,65,17.14,4.428,,0,48.86,1.882,,0
2026-05-07 21:34:00,1042,527,257,84.67,,0,0,0,5.124,7.076,0,132,799,437,362,1262,,,24,25,28,22,19,28,30,23,20,17,68,0,1.18,0,0,0,161,82.18,651,2.883,2.96,,0,8,2,8,7,8,8,45,3,42,62,28.57,4.74,,0,33.52,1.155,,0
2026-05-07 21:35:00,1034,525,249,83.97,,0,0,0,5.263,7.224,0,135,781,424,357,1239,,,24,30,24,29,18,32,26,23,20,14,68,0,3.55,0,0,0,161,84.49,670,2.915,3.157,0,0,7,5,7,5,8,8,48,4,44,64,25.71,4.847,0,0,18.18,1.417,0,0
2026-05-07 21:36:00,1039,538,247,83.28,,0,0,0,4.991,6.172,0,151,767,416,351,1284,,,24,28,26,28,18,29,26,25,19,16,68,0,1.18,0,0,0,161,85.44,678,2.963,3.252,,0,7,7,9,7,7,8,51,5,46,70,17.14,4.814,,0,18.18,1.711,,0
2026-05-07 21:37:00,1055,532,255,84.32,,0,0,0,5.095,6.844,0,146,790,427,363,1272,,,26,28,26,26,18,28,26,23,15,18,66,0,0,0,0,0,161,89.66,710,2.867,2.752,,0,4,6,9,5,5,8,59,5,51,74,25.71,4.063,,0,38.64,2.442,,0
2026-05-07 21:38:00,1044,542,259,86.76,,0,0,0,4.878,6.646,0,143,771,418,353,1256,,,27,30,22,27,18,28,27,22,20,17,64,0,0,0,0,0,161,86.12,686,2.861,2.995,,0,6,8,7,5,4,8,53,5,46,71,42.86,6.277,,0,51.14,1.946,,0
2026-05-07 21:39:00,1042,559,242,80.49,,0,0,0,4.975,6.507,0,140,760,400,360,1247,,,25,29,24,29,23,24,25,22,20,20,64,0,1.18,0,0,0,161,84.22,664,2.87,2.923,,0,8,9,3,4,5,7,49,5,44,68,34.29,4.294,,0,36.36,1.306,,0
2026-05-07 21:40:00,1026,565,245,81.18,,0,0,0,4.937,7.021,0,171,745,395,350,1271,,,24,28,29,27,23,25,22,17,18,21,64,0,1.78,0,0,0,161,86.26,679,2.89,3.154,0,0,8,10,8,7,5,2,56,4,51,79,34.29,4.602,0,0,20.45,1.343,0,0
2026-05-07 21:41:00,1047,554,247,83.62,,0,0,0,5.092,6.11,0,159,762,416,346,1242,,,24,30,27,32,21,26,23,15,19,20,70,0,.59,0,0,0,161,89.66,713,2.947,3.546,,0,6,6,9,6,6,5,51,6,44,74,45.71,3.311,,0,13.07,1.688,,0
2026-05-07 21:42:00,1034,545,240,80.84,,0,0,0,5.061,8.74,0,158,762,427,335,1270,,,26,33,26,28,21,23,19,18,16,20,70,0,1.78,0,0,0,161,88.03,697,2.892,2.932,,0,8,6,8,8,6,5,47,5,40,70,54.29,4.303,,0,22.16,2.26,,0
2026-05-07 21:43:00,1026,545,246,82.58,,0,0,0,5.15,5.44,0,156,771,432,339,1229,,,23,31,26,29,17,27,15,19,14,20,67,0,2.37,0,0,0,161,87.35,680,2.896,2.965,,0,8,7,6,4,5,9,47,6,41,67,42.86,3.877,,0,38.64,1.913,,0
2026-05-07 21:44:00,1030,546,263,87.11,,0,0,0,5.035,6.224,0,152,765,431,334,1218,,,21,32,23,27,14,29,15,17,13,20,67,0,2.96,0,0,0,161,86.12,678,2.89,2.9,,0,6,7,7,5,3,7,53,7,45,67,34.29,4.969,,0,35.8,1.511,,0
2026-05-07 21:45:00,1042,543,267,87.46,,0,0,0,5.082,5.679,0,150,761,421,340,1220,,,24,32,26,25,20,28,16,18,15,23,68,0,4.73,0,0,0,161,84.22,658,2.929,3.167,0,0,5,7,4,9,3,7,56,7,49,73,20,3.948,0,0,24.43,1.133,0,0
2026-05-07 21:46:00,1044,532,274,90.94,,0,0,0,4.887,5.958,0,155,799,442,357,1246,,,23,34,26,27,21,28,17,17,16,18,69,0,5.33,0,0,0,161,85.31,675,3.012,3.192,,0,5,4,7,8,4,7,59,6,53,77,11.43,4.394,,0,17.05,1.691,,0
2026-05-07 21:47:00,1059,529,274,90.59,,0,0,0,4.995,5.918,0,147,788,433,355,1238,,,25,37,25,24,23,32,18,19,19,20,70,0,4.14,0,0,0,161,85.31,666,2.955,2.94,,0,6,3,8,5,8,7,55,5,49,76,20,4.857,,0,31.25,2.069,,0
2026-05-07 21:48:00,1069,520,279,92.33,,0,0,0,5.036,6.324,0,138,774,428,346,1232,,,28,39,29,28,25,34,14,20,17,17,69,0,5.33,0,0,0,161,85.71,668,2.936,2.864,,0,8,4,9,7,6,6,50,3,46,74,14.29,3.941,,0,46.59,1.536,,0
2026-05-07 21:49:00,1068,523,281,91.99,,0,0,0,5.058,5.093,0,129,780,427,353,1234,,,28,41,31,32,22,34,15,15,16,24,68,0,4.73,0,0,0,161,84.22,659,2.945,3.018,,0,10,6,11,8,4,8,47,4,42,71,28.57,3.953,,0,39.77,1.771,,0
2026-05-07 21:50:00,1077,511,268,87.46,,0,0,0,5.065,5.243,0,127,788,443,345,1266,,,31,38,33,33,27,33,16,22,18,19,68,0,4.14,0,0,0,161,83.67,663,2.948,2.951,0,0,12,5,12,5,5,9,45,5,39,70,37.14,3.018,0,0,30.68,1.298,0,0
2026-05-07 21:51:00,1082,513,271,88.5,,0,0,0,5.198,6.139,0,116,788,452,336,1235,,,28,40,30,31,25,32,14,19,21,24,66,0,2.96,0,0,0,161,84.49,658,2.997,3.522,,0,12,8,10,4,12,6,38,1,36,62,37.14,5.165,,0,21.59,1.724,,0
2026-05-07 21:52:00,1086,513,276,90.94,,0,0,0,5.234,7.343,0,118,777,441,336,1209,,,25,41,27,32,27,34,17,19,20,22,65,0,3.55,0,0,0,161,81.06,651,2.922,2.885,,0,12,3,8,7,10,4,40,1,38,66,28.57,4.401,,0,21.02,2.135,,0
2026-05-07 21:53:00,1072,508,273,90.59,,0,0,0,5.302,5.946,0,114,760,434,326,1188,,,25,41,29,28,26,32,18,20,19,21,66,0,4.14,0,0,0,161,81.61,643,2.911,2.928,,0,9,2,10,9,7,6,41,3,36,64,22.86,4.77,,0,45.45,2.253,,0
2026-05-07 21:54:00,1067,512,281,92.68,,0,0,0,5.304,6.241,0,105,743,425,318,1162,,,29,39,26,32,27,35,18,24,20,18,65,0,3.55,0,0,0,161,80.79,641,2.894,2.735,,0,9,4,14,8,3,7,34,2,32,57,31.43,3.917,,0,42.05,1.635,,0
2026-05-07 21:55:00,1027,532,258,85.71,,0,0,0,5.353,5.463,0,115,724,419,305,1142,,,29,38,27,33,26,33,23,26,19,20,64,0,4.14,0,0,0,161,80.52,637,2.889,2.994,0,0,12,4,11,8,7,11,34,3,31,59,31.43,4.349,0,0,26.14,1.461,0,0
2026-05-07 21:56:00,1024,533,255,83.97,,0,0,0,5.146,5.882,0,120,707,411,296,1163,,,27,40,26,37,29,31,21,22,18,20,60,0,4.14,0,0,0,161,80.79,626,2.938,3.375,,0,9,6,10,6,10,10,37,5,31,61,40,4.66,,0,13.64,1.467,,0
2026-05-07 21:57:00,1027,541,248,82.93,,0,0,0,5.205,5.809,0,140,732,424,308,1186,,,29,40,29,34,26,33,18,20,18,23,61,0,4.14,0,0,0,161,83.79,661,2.883,2.969,,0,5,5,10,8,8,9,52,5,47,71,42.86,4.571,,0,21.02,1.996,,0
2026-05-07 21:58:00,1023,542,257,86.06,,0,0,0,5.308,7.259,0,136,724,420,304,1173,,,24,39,25,35,26,28,18,24,18,22,62,0,1.78,0,0,0,161,82.97,671,2.88,2.896,,0,5,6,11,5,5,8,62,10,51,75,34.29,4.98,,0,39.2,2.177,,0
2026-05-07 21:59:00,1027,539,248,84.67,,0,0,0,5.119,5.424,0,135,737,428,309,1179,,,23,37,22,35,26,29,18,22,23,19,60,0,0,0,0,0,161,82.43,652,2.862,2.838,,0,5,6,11,6,9,13,57,10,46,76,25.71,4.11,,0,37.5,1.689,,0
2026-05-07 22:00:00,1026,553,257,85.37,,0,0,0,5.058,5.442,0,131,742,444,298,1199,,,25,36,24,34,21,31,18,24,19,19,58,0,.59,0,0,0,161,84.06,659,2.902,3.129,0,0,6,5,11,6,11,11,52,9,43,76,28.57,4.34,0,0,19.89,1.388,0,0
2026-05-07 22:01:00,1045,549,262,86.76,,0,0,0,5.091,5.679,0,137,763,466,297,1200,,,28,39,27,32,23,28,19,20,20,15,64,0,1.18,0,0,0,161,85.69,678,2.93,3.354,,0,9,4,10,4,5,7,51,4,45,71,25.71,4.069,,0,12.5,1.536,,0
2026-05-07 22:02:00,1039,549,258,86.41,,0,0,0,5.014,5.632,0,133,766,463,303,1209,,,27,38,27,34,21,24,22,22,23,16,64,0,1.18,0,0,0,161,86.78,697,2.873,2.878,,0,7,4,11,8,5,7,45,4,39,62,25.71,4.968,,0,13.07,2.062,,0
2026-05-07 22:03:00,1043,548,259,86.06,,0,0,0,5.119,6.401,0,119,752,457,295,1190,,,26,35,27,33,24,29,23,23,25,17,63,0,.59,0,0,0,161,86.92,699,2.87,2.994,,0,5,6,9,9,7,12,38,3,34,57,20,4.881,,0,51.7,2.056,,0
2026-05-07 22:04:00,1041,556,261,88.5,,0,0,0,5.086,5.314,0,122,760,448,312,1205,,,26,35,28,29,22,28,19,28,22,17,64,0,.59,0,0,0,161,87.47,688,2.905,3.09,,0,6,6,9,10,6,10,34,3,30,57,20,3.52,,0,41.48,1.549,,0
2026-05-07 22:05:00,1050,546,268,89.55,,0,0,0,5.244,7.24,0,121,744,439,305,1198,,,25,37,26,29,22,28,20,30,21,21,64,0,1.78,0,0,0,161,89.51,707,2.952,3.282,0,0,5,3,9,9,6,7,39,4,35,56,22.86,4.861,0,0,17.61,1.207,0,0
2026-05-07 22:06:00,1042,550,261,86.41,,0,0,0,4.925,5.259,0,148,734,426,308,1252,,,25,38,23,28,25,30,22,30,22,22,60,0,.59,0,0,0,161,89.37,706,2.996,3.426,,0,7,3,8,6,5,5,47,4,42,60,25.71,4.302,,0,13.64,1.722,,0
2026-05-07 22:07:00,1049,548,265,88.85,,0,0,0,4.964,5.629,0,141,758,443,315,1223,,,28,37,24,27,25,30,18,30,20,25,62,0,0,0,0,0,161,88.01,691,2.998,3.281,,0,5,3,11,3,4,4,56,8,47,66,17.14,4.399,,0,14.2,2.124,,0
2026-05-07 22:08:00,1027,563,248,84.32,,0,0,0,4.837,5.393,0,147,786,461,325,1256,,,26,35,24,29,23,32,22,28,20,24,61,0,0,0,0,0,161,85.42,659,3.001,3.058,,0,8,6,9,6,3,6,51,6,44,69,11.43,4.447,,0,42.61,2.177,,0
2026-05-07 22:09:00,1025,566,253,84.32,,0,0,0,4.937,6.023,0,137,765,448,317,1225,,,25,35,26,33,20,30,21,28,23,23,60,0,0,0,0,0,161,87.87,676,3.021,3.031,,0,7,6,7,8,3,4,47,4,42,61,22.86,3.572,,0,35.8,1.427,,0
2026-05-07 22:10:00,1008,572,237,79.79,,0,0,0,4.913,5.707,0,143,739,431,308,1233,,,24,35,29,31,21,24,21,25,20,26,61,0,.59,0,0,0,161,82.83,650,3.065,3.347,0,0,8,9,4,7,7,7,43,2,41,59,31.43,5.06,0,0,21.02,1.258,0,0
2026-05-07 22:11:00,1026,575,239,79.09,,0,0,0,4.95,5.322,0,144,765,448,317,1244,,,24,35,26,32,22,23,24,24,25,27,59,0,1.78,0,0,0,161,87.19,681,3.037,2.897,,0,5,8,5,10,7,8,48,3,45,70,40,4.647,,0,10.8,1.745,,0
2026-05-07 22:12:00,1023,575,241,81.53,,0,0,0,4.86,5.314,0,165,751,441,310,1258,,,23,34,21,31,23,24,22,22,26,26,57,0,.59,0,0,0,161,85.42,673,3.05,2.954,,0,8,9,8,5,4,9,49,3,45,71,42.86,4.007,,0,19.89,2.087,,0
2026-05-07 22:13:00,1049,561,260,87.11,,0,0,0,4.895,5.287,0,154,760,436,324,1244,,,25,31,22,29,20,26,19,24,22,27,57,0,0,0,0,0,161,87.33,693,3.041,3.011,,0,8,5,5,4,5,4,52,2,49,71,37.14,4.254,,0,42.05,2.556,,0
2026-05-07 22:14:00,1051,559,254,85.02,,0,0,0,4.821,5.102,0,155,755,420,335,1235,,,26,35,27,28,20,26,19,22,24,30,55,0,0,0,0,0,161,87.06,686,3.043,3.106,,0,6,6,7,6,5,6,49,3,45,71,48.57,3.472,,0,40.34,1.567,,0
2026-05-07 22:15:00,1047,552,252,85.37,,0,0,0,4.947,5.868,0,144,739,409,330,1212,,,25,36,27,33,22,30,21,20,23,25,52,0,0,0,0,0,161,86.65,676,3.042,3.096,0,0,4,6,10,6,6,10,45,1,43,68,42.86,3.815,0,0,25.57,1.421,0,0
2026-05-07 22:16:00,1039,552,257,86.41,,0,0,0,4.834,5.279,0,153,718,395,323,1209,,,28,38,26,37,24,29,25,21,17,22,52,0,0,0,0,0,161,81.88,643,3.027,2.993,,0,9,7,8,5,5,8,38,1,37,63,28.57,4.885,,0,19.32,1.407,,0
2026-05-07 22:17:00,1064,539,266,88.15,,0,0,0,4.935,5.838,0,143,736,396,340,1217,,,29,40,27,37,25,26,23,21,21,22,59,0,0,0,0,0,161,80.65,638,3.003,2.916,,0,10,8,3,6,2,7,44,2,41,65,17.14,4.009,,0,18.75,1.893,,0
2026-05-07 22:18:00,1043,540,267,88.5,,0,0,0,4.813,5.239,0,155,728,392,336,1246,,,29,36,28,38,22,27,23,21,20,22,60,0,0,0,0,0,161,76.43,597,2.966,2.784,,0,8,5,6,7,4,3,46,4,41,67,14.29,3.782,,0,31.25,2.282,,0
2026-05-07 22:19:00,1041,536,258,85.71,,0,0,0,4.911,6.309,0,154,732,391,341,1231,,,27,38,30,36,23,28,22,22,21,19,58,0,0,0,0,0,161,81.61,642,2.943,2.807,,0,6,2,9,7,3,10,49,4,42,67,28.57,3.985,,0,21.02,1.659,,0
2026-05-07 22:20:00,1030,540,253,84.32,,0,0,0,4.791,5.48,0,145,709,378,331,1221,,,26,38,26,40,23,29,22,22,17,18,60,0,0,0,0,0,161,82.56,654,2.947,3.118,0,0,7,4,7,5,5,12,51,4,46,62,17.14,4.746,0,0,20.45,1.228,0,0
2026-05-07 22:21:00,1042,557,245,83.28,,0,0,0,4.895,5.671,0,143,748,420,328,1241,,,27,41,23,36,25,26,23,23,21,17,65,0,.59,0,0,0,161,85.83,663,3.006,3.578,,0,10,7,4,4,7,11,43,3,39,60,20,4.194,,0,21.02,1.608,,0
2026-05-07 22:22:00,1034,548,250,81.88,,0,0,0,4.767,5.029,0,152,730,408,322,1271,,,30,41,20,35,24,23,23,17,15,18,65,0,0,0,0,0,161,84.2,662,2.946,3.007,,0,10,12,6,5,4,8,40,2,37,65,25.71,4.622,,0,33.52,1.829,,0
2026-05-07 22:23:00,1043,557,248,83.62,,0,0,0,4.887,6.042,0,151,743,408,335,1250,,,31,40,20,31,23,27,24,22,18,22,66,0,0,0,0,0,161,87.87,678,2.92,2.785,,0,6,10,6,7,5,3,47,4,42,71,22.86,4.014,,0,48.86,1.302,,0
2026-05-07 22:24:00,1038,556,244,82.58,,0,0,0,4.721,4.826,0,153,750,402,348,1262,,,30,37,24,29,24,32,25,19,20,23,69,0,.59,0,0,0,161,86.78,686,2.881,2.719,,0,4,7,8,10,3,7,53,5,49,75,34.29,3.97,,0,36.36,1.367,,0
2026-05-07 22:25:00,1038,568,245,81.53,,0,0,0,4.839,6.125,0,147,731,391,340,1248,,,29,37,24,31,22,29,28,20,18,23,69,0,2.37,0,0,0,161,85.29,671,2.884,3.14,0,0,5,8,7,10,4,9,60,8,50,74,22.86,3.921,0,0,21.02,1.425,0,0
2026-05-07 22:26:00,1045,559,252,85.71,,0,0,0,4.659,5.056,0,151,723,384,339,1243,,,29,37,24,29,21,28,27,24,16,21,69,0,1.78,0,0,0,161,82.29,651,2.896,3.218,,0,7,7,9,9,5,10,50,6,43,73,20,3.051,,0,11.93,1.775,,0
2026-05-07 22:27:00,1058,570,255,83.28,,0,0,0,4.824,6.456,0,141,749,401,348,1246,,,26,34,21,30,25,29,27,23,18,21,67,0,1.78,0,0,0,161,82.56,649,2.865,2.958,,0,8,7,6,7,10,10,46,5,41,72,20,3.835,,0,31.25,2.279,,0
2026-05-07 22:28:00,1054,566,265,87.11,,0,0,0,4.678,5.714,0,144,757,396,361,1269,,,25,37,21,26,22,25,27,28,17,23,68,0,2.37,0,0,0,161,82.56,663,2.885,3.014,,0,8,7,6,7,7,10,46,5,40,72,17.14,4.266,,0,27.84,1.935,,0
2026-05-07 22:29:00,1060,569,274,89.2,,0,0,0,4.802,5.989,0,135,750,394,356,1251,,,24,38,25,25,22,23,32,25,16,20,66,0,2.37,0,0,0,161,84.47,652,2.885,2.819,,0,9,6,8,8,6,7,43,4,39,67,22.86,4.005,,0,23.3,1.607,,0
2026-05-07 22:30:00,1052,561,268,89.9,,0,0,0,4.617,5.857,0,127,731,383,348,1243,,,27,38,20,24,28,25,32,24,17,19,65,0,2.37,0,0,0,161,83.65,659,2.902,3.048,0,0,7,7,8,7,6,6,43,6,37,66,22.86,4.028,0,0,22.16,1.378,0,0
2026-05-07 22:31:00,1069,543,271,89.9,,0,0,0,4.804,6.568,0,132,734,377,357,1239,,,26,40,19,28,24,26,34,23,14,17,66,0,2.96,0,0,0,161,83.38,653,2.915,2.896,,0,8,4,7,4,5,4,55,7,48,67,28.57,4.376,,0,14.77,1.558,,0
2026-05-07 22:32:00,1045,566,260,87.46,,0,0,0,4.737,5.967,0,137,724,374,350,1255,,,30,36,19,28,22,27,33,21,16,19,62,0,3.55,0,0,0,161,78.88,609,2.882,2.978,,0,11,4,5,4,11,6,54,8,45,71,17.14,5.09,,0,34.09,2.013,,0
2026-05-07 22:33:00,1052,572,260,87.46,,0,0,0,4.887,6.073,0,134,738,381,357,1228,,,30,34,24,26,20,28,31,22,16,19,63,0,4.14,0,0,0,161,78.61,617,2.884,2.835,,0,8,10,1,5,10,13,53,8,45,74,28.57,4.938,,0,46.02,1.767,,0
2026-05-07 22:34:00,1038,564,260,86.41,,0,0,0,4.826,6.604,0,130,742,377,365,1221,,,27,35,25,27,23,29,28,23,14,22,61,0,4.14,0,0,0,161,75.07,585,2.885,2.769,,0,6,11,6,7,8,10,43,6,36,66,22.86,4.864,,0,35.8,1.336,,0
2026-05-07 22:35:00,1023,566,250,80.49,,0,0,0,4.97,5.977,0,127,718,364,354,1201,,,27,37,26,30,23,27,27,24,16,20,65,0,4.14,0,0,0,161,78.47,612,2.89,2.954,0,0,7,10,11,8,5,6,43,5,38,62,22.86,3.743,0,0,20.45,1.587,0,0
2026-05-07 22:36:00,1010,576,236,79.09,,0,0,0,4.816,6.582,0,123,705,359,346,1187,,,28,36,26,30,24,26,27,22,17,19,62,0,3.55,0,0,0,161,81.34,636,2.922,3.318,,0,9,5,8,10,3,9,41,4,37,62,17.14,4.37,,0,11.93,2.023,,0
2026-05-07 22:37:00,1034,568,247,82.58,,0,0,0,4.935,5.91,0,135,721,379,342,1193,,,32,35,21,29,24,24,27,25,18,17,70,0,3.55,0,0,0,161,79.56,618,2.843,2.773,,0,8,5,8,8,6,12,51,6,43,71,14.29,3.623,,0,35.23,2.397,,0
2026-05-07 22:38:00,1020,570,254,85.02,,0,0,0,5.093,6.706,0,138,702,368,334,1204,,,28,31,23,25,24,28,25,26,19,15,70,0,2.37,0,0,0,161,79.84,642,2.822,2.875,,0,6,7,5,8,4,6,54,6,47,70,14.29,4.38,,0,31.82,2.038,,0
2026-05-07 22:39:00,1027,563,270,89.9,,0,0,0,4.846,5.227,0,131,713,371,342,1181,,,30,29,22,23,20,27,27,26,16,16,68,0,2.96,0,0,0,161,77.11,608,2.817,2.785,,0,6,7,7,9,5,4,52,7,45,72,28.57,3.753,,0,28.41,1.508,,0
2026-05-07 22:40:00,1022,563,275,91.29,,0,0,0,4.822,6.32,0,148,698,361,337,1188,,,29,29,23,27,17,30,25,24,18,18,68,0,4.14,0,0,0,161,78.88,605,2.829,2.996,0,0,9,7,6,8,6,5,50,4,45,70,37.14,4.034,0,0,16.48,1.339,0,0
2026-05-07 22:41:00,1041,565,267,88.5,,0,0,0,4.91,6.013,0,132,718,378,340,1202,,,29,32,27,26,21,33,23,21,17,15,68,0,5.33,0,0,0,161,80.25,621,2.88,3.387,,0,6,9,9,9,7,5,55,5,47,69,22.86,4.24,,0,19.89,1.785,,0
2026-05-07 22:42:00,1022,557,260,85.71,,0,0,0,5.089,8.163,0,146,731,377,354,1210,,,30,31,29,23,20,31,20,19,24,17,66,0,5.33,0,0,0,161,81.74,642,2.812,2.945,,0,5,7,8,7,8,7,58,8,47,75,20,4.185,,0,30.11,2.23,,0
2026-05-07 22:43:00,1017,549,244,80.49,,0,0,0,5.259,5.961,0,137,712,367,345,1190,,,31,32,29,24,24,32,19,20,17,16,68,0,5.33,0,0,0,161,80.79,645,2.8,2.79,,0,6,7,9,4,7,6,54,8,44,71,17.14,3.654,,0,27.84,1.712,,0
2026-05-07 22:44:00,998,560,232,77,,0,0,0,5.218,8.019,0,139,704,356,348,1192,,,29,38,27,29,30,36,23,22,22,18,65,0,6.51,0,0,0,161,79.7,647,2.806,2.816,,0,7,11,7,6,5,5,51,8,42,68,25.71,4.06,,0,18.18,1.345,,0
2026-05-07 22:45:00,1014,541,242,79.79,,0,0,0,5.294,5.699,0,139,695,346,349,1174,,,30,37,27,26,23,37,20,25,22,15,65,0,5.92,0,0,0,161,78.88,632,2.83,2.947,0,0,7,6,5,9,3,9,55,10,44,71,40,4.191,0,0,10.8,1.544,0,0
2026-05-07 22:46:00,1004,535,248,83.62,,0,0,0,4.927,5.04,0,129,689,350,339,1163,,,32,37,25,27,18,32,19,21,21,21,66,0,7.1,0,0,0,161,81.2,636,2.864,3.21,,0,9,7,4,6,6,8,50,4,46,66,31.43,4.997,,0,7.39,1.777,,0
2026-05-07 22:47:00,1018,539,245,82.23,,0,0,0,5.045,6.111,0,144,726,374,352,1189,,,31,35,26,22,20,33,22,22,22,24,69,0,8.28,0,0,0,161,83.65,644,2.836,2.827,,0,7,5,8,7,8,8,53,8,45,74,37.14,5.086,,0,35.8,2.017,,0
2026-05-07 22:48:00,1002,537,247,81.18,,0,0,0,5.231,8.117,0,139,727,379,348,1209,,,30,32,28,24,24,30,20,23,26,21,68,0,7.69,0,0,0,161,82.15,633,2.822,2.809,,0,10,7,8,8,6,5,56,6,48,74,45.71,3.874,,0,36.93,1.444,,0
2026-05-07 22:49:00,1021,534,245,80.49,,0,0,0,5.354,6.624,0,138,746,393,353,1210,,,26,33,26,24,24,33,20,23,27,17,68,0,8.28,0,0,0,161,82.97,649,2.819,2.755,,0,10,9,6,7,5,6,61,8,53,77,48.57,3.128,,0,21.02,1.503,,0
2026-05-07 22:50:00,1020,532,247,81.53,,0,0,0,5.18,5.081,0,149,740,392,348,1245,,,25,32,28,25,22,34,22,19,22,19,66,0,8.28,0,0,0,161,82.7,642,2.836,3.008,0,0,7,9,7,8,6,8,56,9,44,75,42.86,3.593,0,0,14.77,1.18,0,0
2026-05-07 22:51:00,1040,531,246,81.53,,0,0,0,5.216,5.695,0,143,777,413,364,1223,,,28,33,25,29,21,35,20,19,24,22,62,0,3.55,0,0,0,161,80.38,622,2.855,2.766,,0,7,4,6,6,7,10,51,5,42,74,31.43,4.528,,0,9.09,1.87,,0
2026-05-07 22:52:00,1046,521,254,85.02,,0,0,0,5.174,7.117,0,144,767,407,360,1208,,,31,35,24,29,25,30,22,20,21,26,64,0,2.37,0,0,0,161,79.56,623,2.823,3.019,,0,6,4,6,5,7,6,53,2,48,74,37.14,3.167,,0,30.68,2.255,,0
2026-05-07 22:53:00,1048,524,256,85.71,,0,0,0,5.192,5.787,0,132,779,412,367,1212,,,29,37,28,28,26,30,19,18,24,26,62,0,2.96,0,0,0,161,80.38,622,2.815,2.748,,0,5,6,6,8,6,6,45,2,40,68,40,4.812,,0,37.5,1.672,,0
2026-05-07 22:54:00,1047,521,260,85.02,,0,0,0,5.134,7.221,0,135,758,394,364,1203,,,27,35,25,27,23,30,20,15,28,29,62,0,5.92,0,0,0,161,75.61,579,2.824,2.927,,0,6,6,3,8,6,7,41,4,36,64,57.14,4.787,,0,25,1.294,,0
2026-05-07 22:55:00,1050,539,261,86.41,,0,0,0,5.38,8.162,0,125,748,391,357,1192,,,32,37,26,27,23,31,24,17,29,33,72,0,6.51,0,0,0,161,76.16,604,2.843,3.021,0,0,6,7,8,10,6,7,47,6,40,66,60,4.207,0,0,19.89,1.327,0,0
2026-05-07 22:56:00,1060,525,273,89.55,,0,0,0,5.161,6.177,0,125,740,384,356,1195,,,32,35,28,30,22,29,24,19,29,31,72,0,5.92,0,0,0,161,78.07,613,2.837,2.83,,0,7,5,9,7,7,6,48,6,42,65,45.71,4.187,,0,19.32,1.933,,0
2026-05-07 22:57:00,1067,525,276,89.9,,0,0,0,5.41,7.02,0,139,772,404,368,1217,,,31,35,29,29,25,31,24,20,29,30,73,0,7.69,0,0,0,161,75.34,584,2.846,2.829,,0,5,5,10,4,4,7,57,8,48,72,22.86,4.135,,0,42.05,2.524,,0
2026-05-07 22:58:00,1058,516,261,86.41,,0,0,0,5.786,11.083,0,144,758,399,359,1237,,,33,34,31,34,25,32,28,23,27,30,75,0,8.88,0,0,0,161,73.43,575,2.839,2.809,,0,6,6,7,3,5,9,59,9,48,76,11.43,3.185,,0,47.16,2.016,,0
2026-05-07 22:59:00,1070,518,259,87.8,,0,0,0,5.283,6.327,0,138,774,410,364,1227,,,32,34,32,34,27,34,29,24,30,28,76,0,10.65,0,0,0,161,72.34,568,2.837,2.735,,0,8,11,6,6,6,9,51,5,46,74,25.71,4.837,,0,37.5,1.377,,0
2026-05-07 23:00:00,1064,519,261,88.15,,0,0,0,5.485,9.216,0,147,767,408,359,1256,,,33,38,29,35,25,35,35,23,29,23,75,0,10.65,0,0,0,161,72.75,567,2.828,2.73,0,0,10,7,6,7,5,11,51,5,46,69,37.14,3.643,0,0,20.45,1.425,0,0
2026-05-07 23:01:00,1096,517,269,88.85,,0,0,0,5.697,7.343,0,138,798,436,362,1248,,,37,36,27,33,21,34,32,27,31,24,75,0,13.02,0,0,0,161,74.39,591,2.855,3.056,,0,9,6,11,9,9,7,50,6,42,68,40,4.739,,0,19.89,1.96,,0
2026-05-07 23:02:00,1094,523,267,88.5,,0,0,0,5.68,6.927,0,134,776,431,345,1245,,,35,35,24,37,28,35,30,29,30,26,74,0,12.43,0,0,0,161,80.52,636,2.885,3.31,,0,6,6,11,8,14,7,55,6,47,72,42.86,3.231,,0,34.09,2.368,,0
2026-05-07 23:03:00,1094,517,259,88.15,,0,0,0,5.866,7.103,0,140,791,434,357,1266,,,36,32,32,39,27,34,30,31,29,22,72,0,11.24,0,0,0,161,82.43,647,2.83,2.842,,0,5,9,10,9,11,9,51,6,44,73,17.14,4.344,,0,44.32,2.357,,0
2026-05-07 23:04:00,1100,504,271,89.9,,0,0,0,5.742,5.549,0,130,790,424,366,1243,,,37,40,31,38,28,34,30,28,30,20,71,0,11.83,0,0,0,161,83.92,660,2.822,2.962,,0,6,9,6,9,8,7,46,3,42,65,11.43,4.608,,0,34.09,2.022,,0
2026-05-07 23:05:00,1102,499,269,90.59,,0,0,0,5.879,6.96,0,120,768,416,352,1213,,,38,37,29,37,27,34,30,20,28,25,70,0,9.47,0,0,0,161,81.47,630,2.784,2.631,0,0,8,11,6,9,5,8,39,4,35,59,20,5.083,0,0,23.3,1.431,0,0
2026-05-07 23:06:00,1101,507,263,88.15,,0,0,0,5.675,6.507,0,129,751,402,349,1221,,,33,37,31,39,25,35,28,23,24,24,71,0,9.47,0,0,0,161,80.11,620,2.797,2.969,,0,11,8,4,7,5,7,38,5,33,54,20,3.269,,0,18.18,1.838,,0
2026-05-07 23:07:00,1088,521,248,82.23,,0,0,0,5.795,6.53,0,138,780,419,361,1230,,,33,36,30,35,26,39,27,26,26,26,70,0,7.69,0,0,0,161,81.88,646,2.804,2.935,,0,11,5,11,6,5,6,43,6,37,68,31.43,4.381,,0,46.59,2.122,,0
2026-05-07 23:08:00,1074,532,253,85.37,,0,0,0,5.464,5.579,0,135,791,430,361,1244,,,34,36,29,38,22,36,23,27,25,27,67,0,8.28,0,0,0,161,85.69,668,2.815,2.921,,0,10,3,10,4,9,5,47,4,43,66,22.86,3.563,,0,46.02,2.549,,0
2026-05-07 23:09:00,1086,535,266,86.76,,0,0,0,5.636,6.774,0,129,777,422,355,1230,,,31,36,26,39,23,38,21,24,23,30,65,0,7.69,0,0,0,161,84.2,658,2.847,3.041,,0,8,1,9,5,7,7,51,6,45,64,42.86,4.587,,0,28.98,1.444,,0
2026-05-07 23:10:00,1076,539,258,86.41,,0,0,0,5.292,6.193,0,123,764,414,350,1226,,,30,34,27,37,23,33,22,25,27,26,61,0,9.47,0,0,0,161,82.56,658,2.883,3.056,0,0,10,1,7,4,7,10,47,5,42,63,57.14,3.155,0,0,13.07,1.407,0,0
2026-05-07 23:11:00,1095,539,263,87.46,,0,0,0,5.409,6.928,0,141,797,437,360,1236,,,28,34,23,36,21,32,19,25,25,24,63,0,7.69,0,0,0,161,82.02,637,2.934,3.308,,0,9,3,8,7,6,8,46,4,41,71,37.14,3.043,,0,15.34,1.782,,0
2026-05-07 23:12:00,1083,539,261,85.71,,0,0,0,5.261,6.615,0,138,786,433,353,1224,,,33,31,26,32,22,34,18,24,23,22,63,0,7.69,0,0,0,161,80.65,631,2.878,2.762,,0,8,6,10,9,4,6,45,4,41,70,11.43,2.996,,0,32.95,2.097,,0
2026-05-07 23:13:00,1080,546,248,81.53,,0,0,0,5.319,7.49,0,144,804,448,356,1247,,,29,31,24,37,24,36,20,22,19,20,62,0,8.88,0,0,0,161,78.07,602,2.872,2.734,,0,10,8,9,11,4,8,48,4,42,73,20,3.695,,0,44.32,1.858,,0
2026-05-07 23:14:00,1074,564,250,82.93,,0,0,0,5.235,7.397,0,137,777,430,347,1215,,,30,29,24,37,23,32,19,21,17,22,67,0,8.88,0,0,0,161,74.93,583,2.869,2.935,,0,7,8,9,5,4,9,47,4,42,68,22.86,3.743,,0,32.39,1.41,,0
2026-05-07 23:15:00,1053,580,251,81.88,,0,0,0,5.415,7.14,0,134,763,422,341,1194,,,29,32,24,38,22,29,19,21,17,23,66,0,8.88,0,0,0,161,76.84,597,2.914,3.081,0,0,8,9,10,6,8,13,33,1,32,62,11.43,3.506,0,0,21.59,1.304,0,0
2026-05-07 23:16:00,1030,594,246,80.84,,0,0,0,5.188,7.404,0,136,746,415,331,1207,,,30,33,24,37,20,28,17,18,15,21,65,0,7.69,0,0,0,161,76.43,596,2.946,3.27,,0,8,7,8,9,9,12,28,0,28,58,8.57,4.012,,0,14.2,1.832,,0
2026-05-07 23:17:00,1051,585,252,82.58,,0,0,0,5.391,6.679,0,134,780,432,348,1208,,,30,35,27,33,23,28,17,16,18,20,68,0,7.1,0,0,0,161,77.38,611,2.907,2.899,,0,8,10,8,10,5,9,36,2,34,62,14.29,3.541,,0,46.02,2.374,,0
2026-05-07 23:18:00,1053,574,256,84.32,,0,0,0,5.342,7.609,0,132,770,425,345,1218,,,30,37,26,32,24,32,17,17,21,21,68,0,5.92,0,0,0,161,77.66,610,2.871,2.665,,0,8,6,6,7,4,5,40,4,36,58,22.86,4.406,,0,55.68,2.478,,0
2026-05-07 23:19:00,1066,582,254,85.02,,0,0,0,5.577,7.163,0,133,772,419,353,1208,,,32,36,29,37,24,27,19,20,20,20,76,0,3.55,0,0,0,161,80.93,634,2.853,2.868,,0,9,5,9,2,6,5,50,7,43,65,20,4.687,,0,49.43,1.584,,0
2026-05-07 23:20:00,1052,580,248,81.53,,0,0,0,5.422,7.214,0,154,765,425,340,1247,,,32,37,31,37,19,27,17,24,17,21,71,0,2.37,0,0,0,161,81.88,644,2.848,2.938,0,0,9,6,9,8,6,6,48,7,41,68,20,4.638,0,0,29.55,1.3,0,0
2026-05-07 23:21:00,1069,574,242,81.88,,0,0,0,5.599,6.81,0,169,798,445,353,1266,,,30,36,29,39,25,28,24,20,16,18,71,0,2.37,0,0,0,161,88.01,702,2.809,2.732,,0,7,3,6,11,5,8,61,8,51,79,28.57,3.678,,0,17.61,1.766,,0
2026-05-07 23:22:00,1088,564,247,82.93,,0,0,0,5.697,9.939,0,162,798,447,351,1286,,,31,37,30,37,26,30,24,20,19,21,77,0,2.96,0,0,0,161,91.01,716,2.817,2.793,,1,8,6,7,10,2,7,58,6,48,74,25.71,3.622,,0,28.41,2.542,,0
2026-05-07 23:23:00,1091,557,244,81.53,,0,0,0,5.913,7.355,0,161,809,452,357,1271,,,31,36,28,36,24,30,17,16,19,24,74,0,2.37,0,0,0,161,88.83,716,2.828,2.928,,0,9,4,7,9,4,10,55,5,49,76,25.71,4.814,,0,47.16,2.58,,0
2026-05-07 23:24:00,1087,544,242,80.14,,0,0,0,5.791,8.724,0,162,817,453,364,1281,,,31,36,32,37,24,31,16,18,17,20,75,0,2.37,0,0,0,161,86.92,706,2.84,3.088,,0,11,8,8,6,7,12,50,7,43,75,31.43,5.052,,0,34.09,1.983,,0
2026-05-07 23:25:00,1096,532,243,79.79,,0,0,0,5.927,6.197,0,152,805,445,360,1264,,,29,34,30,36,23,27,15,21,17,19,74,0,4.14,0,0,0,161,88.83,749,2.847,2.948,0,0,11,7,11,6,5,10,50,8,42,74,62.86,4.84,0,0,22.16,1.594,0,0
2026-05-07 23:26:00,1081,528,242,81.88,,0,0,0,5.442,5.76,0,151,791,450,341,1244,,,31,38,29,35,22,25,17,19,16,18,72,0,3.55,0,0,0,161,90.6,749,2.838,2.941,,0,12,5,9,13,8,13,50,10,39,73,77.14,3.921,,0,17.61,1.698,,0
2026-05-07 23:27:00,1067,525,255,85.02,,0,0,0,5.49,6.244,0,171,784,445,339,1248,,,31,38,27,33,24,28,18,17,17,20,71,0,1.78,0,0,0,161,91.83,745,2.87,3.134,,0,10,4,6,14,10,10,48,6,40,72,71.43,3.534,,0,50,2.392,,0
2026-05-07 23:28:00,1075,523,267,89.9,,0,0,0,5.131,5.767,0,155,786,440,346,1221,,,33,39,26,31,19,28,18,16,16,18,71,0,.59,0,0,0,161,89.24,742,2.928,3.245,,0,11,6,4,13,7,8,46,5,40,70,48.57,4.883,,0,53.98,1.875,,0
2026-05-07 23:29:00,1065,511,269,90.24,,0,0,0,5.194,6.702,0,137,769,429,340,1195,,,31,39,27,32,19,27,18,15,18,18,69,0,0,0,0,0,161,87.86,705,2.961,3.168,,0,11,5,5,11,6,9,43,4,37,63,34.29,4.069,,0,42.61,1.58,,0
2026-05-07 23:30:00,1062,514,260,86.41,,0,0,0,5.078,6.483,0,133,747,417,330,1191,,,33,40,26,28,23,23,19,17,13,23,70,0,0,0,0,0,161,85.81,690,3.033,3.481,0,0,12,7,12,7,4,9,44,2,41,64,34.29,4.905,0,0,25,1.587,0,0
2026-05-07 23:31:00,1060,534,262,87.11,,0,0,0,5.177,6.668,0,121,741,420,321,1185,,,32,40,22,34,26,29,21,17,14,25,69,0,0,0,0,0,161,83.49,665,3.097,3.423,,0,13,8,9,9,5,12,45,6,37,61,11.43,3.905,,0,21.02,1.91,,0
2026-05-07 23:32:00,1042,545,250,83.62,,0,0,0,5.096,7.85,0,120,725,416,309,1174,,,29,43,25,35,23,29,19,17,14,22,70,0,0,0,0,0,161,84.58,679,3.142,3.39,,0,12,7,10,11,8,10,48,5,42,64,20,4.028,,0,35.8,2.412,,0
2026-05-07 23:33:00,1023,552,248,82.93,,0,0,0,5.277,6.888,0,121,705,404,301,1158,,,32,42,26,35,21,27,22,17,13,19,68,0,0,0,0,0,161,85.68,705,3.164,3.23,,0,11,10,9,14,5,9,44,5,38,62,25.71,4.027,,0,56.25,2.392,,0
2026-05-07 23:34:00,1014,556,249,83.62,,0,0,0,5.177,8.846,0,126,693,399,294,1148,,,33,41,26,31,19,29,19,16,19,23,66,0,0,0,0,0,161,87.45,714,3.16,3.08,,0,11,9,6,11,3,13,50,6,42,64,25.71,5.136,,0,46.59,1.719,,0
2026-05-07 23:35:00,1003,553,235,79.79,,0,0,0,5.354,6.177,0,124,675,390,285,1122,,,30,40,26,30,23,28,20,17,18,22,65,0,0,0,0,0,161,88.95,712,3.212,3.446,0,0,9,7,6,8,7,10,47,5,42,67,40,4.561,1,0,30.68,1.375,0,0
2026-05-07 23:36:00,995,538,243,80.84,,0,0,0,4.979,5.552,0,128,665,386,279,1156,,,32,36,29,24,23,27,19,18,19,23,67,0,0,0,0,0,161,87.31,694,3.243,3.384,,0,7,7,9,6,8,10,49,5,44,70,40,5.016,,0,22.73,1.759,,0
2026-05-07 23:37:00,1001,552,238,79.79,,0,0,0,5.102,6.001,0,144,676,404,272,1125,,,29,37,28,28,22,25,20,19,19,20,73,0,0,0,0,0,161,88.68,730,3.193,3.191,,0,9,8,8,7,7,12,53,5,45,75,20,5.254,,0,49.43,2.226,,0
2026-05-07 23:38:00,982,565,242,80.14,,0,0,0,5.397,10.192,0,176,654,393,261,1142,,,32,32,27,26,26,27,21,20,20,19,78,0,0,0,0,0,161,86.22,713,3.16,2.983,,0,8,7,6,10,6,13,51,5,43,69,11.43,5.106,,0,51.14,2.392,,0
2026-05-07 23:39:00,985,570,252,84.67,,0,0,0,4.905,6.227,0,171,672,405,267,1160,,,32,30,24,22,22,25,22,21,18,18,78,0,.59,0,0,0,161,87.86,702,3.163,3.201,,0,10,6,6,13,7,14,56,8,44,75,34.29,5.147,,0,43.18,1.51,,0
2026-05-07 23:40:00,969,573,263,87.46,,0,0,0,4.821,6.809,0,187,692,415,277,1194,,,28,30,22,22,21,26,16,22,19,17,79,0,.59,0,0,0,161,89.77,723,3.179,3.52,0,0,8,6,8,9,6,16,51,8,41,72,42.86,4.657,0,0,36.36,1.41,0,0
2026-05-07 23:41:00,977,567,252,84.67,,0,0,0,4.911,6.687,0,190,674,402,272,1191,,,24,32,26,23,21,27,19,23,19,19,77,0,0,0,0,0,161,85.4,692,3.236,3.843,,0,6,6,8,7,8,13,52,7,44,70,42.86,4.178,,0,23.86,1.98,,0
2026-05-07 23:42:00,969,566,247,81.18,,0,0,0,4.717,5.506,0,196,664,398,266,1209,,,24,32,29,22,20,28,21,23,14,18,76,0,.59,0,0,0,161,87.18,670,3.129,3.244,,0,10,5,12,7,7,14,51,7,42,72,45.71,4.666,,0,35.23,2.118,,0
2026-05-07 23:43:00,975,560,245,81.88,,0,0,0,4.923,7.876,0,195,673,405,268,1202,,,27,32,24,27,20,28,22,22,12,19,75,0,0,0,0,0,161,85.68,676,3.103,3.049,,0,12,3,11,11,7,13,52,6,45,75,34.29,4.754,,0,43.75,2.14,,0
2026-05-07 23:44:00,964,564,245,82.23,,0,0,0,4.391,4.623,0,185,674,401,273,1199,,,32,29,23,27,19,29,18,22,20,19,75,0,0,0,0,0,161,89.9,713,3.087,2.956,,0,9,6,6,7,6,17,50,6,44,71,34.29,4.431,,0,34.66,1.574,,0
2026-05-07 23:45:00,964,580,243,81.18,,0,0,0,4.885,10.357,0,185,661,392,269,1187,,,32,31,23,24,18,30,17,24,21,18,71,0,0,0,0,0,161,90.45,711,3.12,3.377,0,0,9,3,7,5,3,13,56,5,51,71,31.43,6.449,1,0,27.84,1.632,0,0
2026-05-07 23:46:00,965,591,253,86.06,,0,0,0,4.526,6.402,0,176,640,378,262,1170,,,29,31,23,22,19,32,18,25,25,21,72,0,0,0,0,0,161,92.5,721,3.169,3.665,,0,5,5,6,3,4,13,58,10,48,71,25.71,4.687,,0,22.16,2.029,,0
2026-05-07 23:47:00,994,559,264,86.06,,0,0,0,4.737,6.522,0,171,678,403,275,1197,,,26,31,22,26,19,32,22,23,24,23,67,0,0,0,0,0,161,90.45,706,3.088,2.987,,0,2,4,8,4,6,10,54,7,47,70,25.71,4.699,,0,51.14,2.292,,0
2026-05-07 23:48:00,993,545,270,89.55,,0,0,0,5.016,9.592,0,166,678,403,275,1189,,,25,30,26,25,20,33,26,24,22,22,66,0,0,0,0,0,161,84.86,690,3.067,2.972,,0,5,3,7,4,6,11,48,3,44,69,28.57,4.108,,0,56.82,2.418,,0
2026-05-07 23:49:00,995,545,276,91.64,,0,0,0,4.484,4.254,0,163,682,396,286,1176,,,25,36,32,25,21,31,24,22,21,22,62,0,0,0,0,0,161,86.63,692,3.046,2.991,,0,5,4,6,5,4,8,52,5,46,71,37.14,4.192,,0,48.3,1.733,,0
2026-05-07 23:50:00,990,542,271,90.94,,0,0,0,4.682,8.135,0,152,664,383,281,1146,,,27,35,28,26,24,30,20,23,20,25,61,0,.59,0,0,0,161,86.22,687,3.06,3.261,0,0,6,7,5,5,8,6,44,6,38,64,45.71,4.433,0,0,28.98,1.449,0,0
2026-05-07 23:51:00,1000,545,280,91.99,,0,0,0,4.856,6.939,0,141,688,400,288,1165,,,29,28,25,28,20,33,22,21,19,22,59,0,.59,0,0,0,161,84.45,659,3.11,3.722,,0,7,8,4,6,11,5,45,6,38,64,42.86,4.139,,0,18.75,1.873,,0
2026-05-07 23:52:00,997,540,284,91.99,,0,0,0,4.906,8.431,0,133,670,389,281,1141,,,31,25,27,25,19,34,22,24,22,21,59,0,2.37,0,0,0,161,76.67,595,3.022,3.171,,0,4,6,8,5,8,7,44,5,37,62,54.29,4.637,,0,39.77,2.242,,0
2026-05-07 23:53:00,1003,548,278,91.99,,0,0,0,5.189,7.48,0,131,666,387,279,1151,,,30,28,26,25,24,33,20,22,20,19,62,0,1.78,0,0,0,161,78.17,608,3.005,2.989,,0,6,4,10,4,5,8,36,1,35,57,48.57,4.927,,0,41.48,2.294,,0
2026-05-07 23:54:00,1009,538,274,92.68,,0,0,0,5.205,9.975,0,146,655,381,274,1162,,,29,33,26,27,23,32,22,21,21,17,63,0,1.78,0,0,0,161,83.63,663,3.005,2.951,,0,8,4,7,4,4,5,43,2,40,62,45.71,4.026,,0,38.07,1.715,,0
2026-05-07 23:55:00,1007,537,271,89.9,,0,0,0,5.402,6.816,0,142,657,377,280,1152,,,25,34,25,28,18,35,23,21,18,22,64,0,.59,0,0,0,161,83.08,641,2.976,2.849,0,0,9,5,6,6,3,5,45,5,40,64,34.29,3.188,0,0,31.25,1.208,0,0
2026-05-07 23:56:00,998,531,274,92.33,,0,0,0,4.824,5.86,0,133,636,361,275,1170,,,27,32,25,31,17,34,21,23,21,20,64,0,0,0,0,0,161,81.45,629,2.933,2.667,,0,11,8,5,3,5,6,43,3,40,60,34.29,4.698,,0,33.52,1.519,,0
2026-05-07 23:57:00,1016,549,268,89.2,,0,0,0,4.895,4.803,0,165,667,382,285,1184,,,27,32,28,32,20,34,24,22,24,20,62,0,0,0,0,0,161,86.36,684,2.95,2.976,,0,9,8,8,3,6,6,54,7,46,75,22.86,4.912,,0,50,2.159,,0
2026-05-07 23:58:00,996,570,257,86.06,,0,0,0,5.335,10.865,0,163,643,368,275,1190,,,29,33,30,30,21,37,27,22,21,25,63,0,.59,0,0,0,161,89.22,722,2.918,2.756,,0,7,6,7,7,9,8,53,6,47,75,11.43,4.617,,0,47.73,1.989,,0
2026-05-07 23:59:00,1019,569,265,88.85,,0,0,0,4.94,5.54,0,166,670,388,282,1217,,,30,35,28,27,21,36,24,24,19,27,61,0,.59,0,0,0,161,90.86,744,2.902,2.818,,0,9,6,9,11,8,4,57,7,46,74,37.14,3.992,,0,34.66,1.676,,0
2026-05-08 00:00:00,1004,581,249,83.97,,0,0,0,4.891,4.629,0,175,665,379,286,1216,,,27,39,29,28,21,38,27,22,22,24,60,0,.59,0,0,0,161,90.18,715,2.888,2.86,0,0,8,6,7,8,6,4,59,9,47,74,37.14,5.11,0,0,30.11,1.805,0,0
2026-05-08 00:01:00,1037,568,247,82.93,,0,0,0,4.925,4.82,0,209,704,408,296,1274,,,32,36,28,30,21,40,28,19,25,23,59,0,.59,0,0,0,161,92.22,748,2.884,2.996,,0,6,5,6,5,5,8,59,4,50,73,34.29,5.106,,0,19.89,1.897,,0
2026-05-08 00:02:00,1029,584,242,80.49,,0,0,0,5.094,7.912,0,204,686,399,287,1271,,,30,36,31,28,21,38,28,21,24,24,58,0,0,0,0,0,161,88.54,703,2.921,3.491,,0,6,8,6,4,7,13,56,7,45,75,28.57,4.238,,0,34.09,2.396,,0
2026-05-08 00:03:00,1041,583,244,81.88,,0,0,0,5.078,4.832,0,204,706,411,295,1295,,,32,39,27,25,22,35,26,27,25,27,60,0,0,0,0,0,161,85.4,679,2.91,1.346,,0,6,7,5,6,8,11,61,7,51,75,28.57,4.142,,0,43.75,1.844,,0
2026-05-08 00:04:00,1044,584,245,81.88,,0,0,0,5.011,9.388,0,196,713,421,292,1288,,,27,39,26,24,25,33,27,26,29,28,63,0,0,0,0,0,161,83.63,662,2.904,,,0,7,4,8,5,9,8,55,7,47,73,40,5.091,,0,32.95,1.748,,0
2026-05-08 00:05:00,1022,598,240,81.53,,0,0,0,5.028,4.666,0,180,700,419,281,1263,,,25,37,25,25,24,35,23,26,27,27,61,0,0,0,0,0,161,84.86,649,2.915,,0,0,10,7,7,9,9,8,49,5,43,68,31.43,3.555,0,0,22.73,1.698,0,0
2026-05-08 00:06:00,1039,592,243,81.53,,0,0,0,4.524,4.459,0,172,699,421,278,1259,,,27,41,26,24,21,36,25,27,25,26,64,0,0,0,0,0,161,85.27,666,2.962,,,0,8,6,7,9,9,6,42,5,35,65,34.29,4.568,,0,26.7,1.808,,0
2026-05-08 00:07:00,1059,590,247,82.58,,0,0,0,4.515,4.415,0,161,724,438,286,1262,,,27,40,24,29,17,39,26,28,25,26,64,0,0,0,0,0,161,86.63,674,2.976,,,0,6,3,7,6,6,9,44,2,41,66,17.14,4.873,,0,46.59,2.196,,0
2026-05-08 00:08:00,1055,582,263,87.8,,0,0,0,4.418,4.072,0,152,731,441,290,1279,,,28,36,29,31,17,36,29,27,28,23,63,0,0,0,0,0,161,85.68,667,2.872,,,0,5,6,5,5,3,9,48,5,41,63,14.29,3.869,,0,41.48,1.936,,0
2026-05-08 00:09:00,1087,575,272,90.24,,0,0,0,4.386,4.692,0,170,722,432,290,1281,,,27,37,30,29,21,35,26,28,25,23,64,0,0,0,0,0,161,86.08,684,3.3,3.518,,0,5,6,6,5,6,6,45,5,39,64,22.86,3.899,,0,29.55,1.703,,0
2026-05-08 00:10:00,1074,575,260,87.8,,0,0,0,4.389,5.824,0,159,695,415,280,1268,,,29,36,26,29,21,34,26,26,22,28,63,0,0,0,0,0,161,86.9,697,3.368,3.54,0,0,7,4,8,6,6,3,41,3,37,58,11.43,4.2,0,0,21.02,1.51,0,0
2026-05-08 00:11:00,1096,590,258,86.06,,0,0,0,4.396,4.717,0,162,722,430,292,1272,,,28,38,26,33,23,35,24,23,23,28,64,0,.59,0,0,0,161,87.59,703,3.467,3.884,,0,6,4,9,5,6,4,48,4,44,65,28.57,3.932,,0,14.2,1.79,,0
2026-05-08 00:12:00,1084,577,258,86.76,,0,0,0,4.341,4.65,0,166,716,429,287,1264,,,27,42,24,35,20,33,24,24,21,25,63,0,0,0,0,0,161,86.49,693,3.518,,,0,5,5,9,4,7,3,49,3,44,63,31.43,4.369,,0,27.84,2.112,,0
2026-05-08 00:13:00,1086,582,263,88.5,,0,0,0,4.388,4.99,0,161,696,418,278,1245,,,27,44,22,35,17,36,23,24,23,27,68,0,0,0,0,0,161,86.9,682,3.53,,,0,4,5,5,6,7,8,43,1,41,62,42.86,4.089,,0,44.89,1.437,,0
2026-05-08 00:14:00,1076,595,251,83.97,,0,0,0,4.814,11.787,0,157,691,425,266,1262,,,27,42,26,33,20,37,27,25,22,25,70,0,0,0,0,0,161,85.13,672,3.562,,,0,7,6,2,8,6,6,48,2,44,65,45.71,4.979,,0,38.07,1.411,,0
2026-05-08 00:15:00,1062,577,245,82.23,,0,0,0,4.894,4.682,0,161,693,422,271,1260,,,31,41,27,31,23,35,27,23,24,28,69,0,0,0,0,0,161,86.63,694,3.554,,0,0,12,7,4,8,6,6,49,4,45,69,57.14,3.594,0,0,22.16,1.456,0,0
2026-05-08 00:16:00,1059,577,254,83.97,,0,0,0,4.336,4.167,0,164,692,427,265,1289,,,32,42,25,29,23,32,26,26,26,28,69,0,0,0,0,0,161,86.77,698,3.578,,,0,10,7,9,5,5,8,47,6,41,68,57.14,4.652,,0,20.45,1.645,,0
2026-05-08 00:17:00,1061,586,244,81.88,,0,0,0,4.396,4.714,0,164,708,437,271,1270,,,31,40,26,32,23,33,27,24,27,28,66,0,0,0,0,0,161,90.31,720,2.981,,,0,9,6,8,7,8,10,54,5,48,80,60,3.943,,0,44.89,2.2,,0
2026-05-08 00:18:00,1044,585,251,82.23,,0,0,0,4.424,4.621,1,158,683,425,258,1274,,,33,39,26,29,19,32,29,24,27,30,67,0,0,0,0,0,161,88.13,708,3.403,3.306,,0,5,5,9,13,6,11,50,4,46,69,37.14,4.144,,0,48.86,1.875,,0
2026-05-08 00:19:00,1053,596,256,85.37,,0,0,0,4.458,4.424,1,152,686,422,264,1252,,,33,42,25,28,18,33,32,21,24,28,66,0,0,0,0,0,161,87.86,687,2.985,2.989,,0,6,6,9,13,5,8,47,5,41,68,40,4.442,,0,35.23,1.428,,0
2026-05-08 00:20:00,1047,588,247,83.62,,0,0,0,4.374,4.968,1,156,675,414,261,1247,,,31,39,24,29,23,31,29,21,23,27,63,0,0,0,0,0,161,89.22,705,3.051,3.485,0,0,6,11,8,7,5,5,50,4,46,71,40,4.782,0,0,22.16,1.349,0,0
2026-05-08 00:21:00,1078,578,259,87.46,,0,0,0,4.396,4.451,0,158,714,444,270,1266,,,32,36,26,27,25,30,28,21,22,27,62,0,0,0,0,0,161,90.04,718,3.076,3.446,,0,6,8,9,5,4,5,59,6,53,73,51.43,4.04,,0,22.73,1.685,,0
2026-05-08 00:22:00,1065,580,266,88.15,,0,0,0,4.471,6.515,1,160,698,431,267,1258,,,32,33,28,31,20,29,24,22,21,28,61,0,0,0,0,0,161,91.41,730,2.95,3.063,,0,7,7,7,5,5,6,60,7,52,75,42.86,4.86,,0,42.05,2.25,,0
2026-05-08 00:23:00,1075,571,268,89.2,,0,0,0,4.466,4.495,0,171,718,444,274,1271,,,32,33,25,32,23,29,31,22,27,24,58,0,0,0,0,0,161,92.36,740,2.936,3.095,,0,7,6,6,4,8,6,55,10,45,74,34.29,4.401,,0,46.02,1.772,,0
2026-05-08 00:24:00,1077,559,273,89.2,,0,0,0,4.389,5.781,0,164,709,435,274,1265,,,33,30,25,34,23,30,29,25,24,24,58,0,0,0,0,0,161,87.18,695,2.924,2.903,,0,8,5,4,6,7,5,49,7,42,74,22.86,5.608,,0,36.36,1.442,,0
2026-05-08 00:25:00,1075,554,280,90.59,,0,0,0,4.418,4.819,1,154,703,428,275,1241,,,30,35,26,32,20,32,32,23,24,25,58,0,0,0,0,0,161,86.63,689,2.966,3.304,0,0,7,2,4,7,5,8,48,8,38,71,22.86,5.358,0,0,26.14,1.675,0,0
2026-05-08 00:26:00,1064,560,266,87.8,,0,0,0,4.363,4.36,0,142,683,413,270,1235,,,32,34,25,35,24,30,32,25,29,25,61,0,0,0,0,0,161,85.68,690,2.972,3.132,,0,4,6,6,7,5,6,47,5,42,67,22.86,4.309,,0,12.5,1.878,,0
2026-05-08 00:27:00,1079,568,264,88.15,,0,0,0,4.476,5.681,0,146,715,423,292,1251,,,32,35,27,30,23,37,30,22,29,25,59,0,0,0,0,0,161,87.86,717,2.944,3.182,,0,6,7,4,3,6,8,52,5,47,72,22.86,5.425,,0,33.52,2.343,,0
2026-05-08 00:28:00,1080,561,265,87.8,,0,0,0,4.5,4.855,0,144,709,424,285,1271,,,29,33,25,27,21,40,30,27,23,26,62,0,0,0,0,0,161,87.31,680,2.972,3.092,,0,8,6,4,4,6,8,52,3,48,69,22.86,3.638,,0,38.07,2.102,,0
2026-05-08 00:29:00,1088,555,263,86.41,,0,0,0,4.5,5.455,0,149,720,431,289,1273,,,28,32,22,32,18,39,28,28,23,25,63,0,.59,0,0,0,161,87.99,697,2.985,3.071,,0,8,5,7,7,6,6,55,5,46,77,25.71,4.332,,0,32.39,1.804,,0
2026-05-08 00:30:00,1069,551,247,83.97,,0,0,0,4.479,4.832,0,145,698,420,278,1246,,,33,33,24,34,19,34,32,27,29,29,61,0,0,0,0,0,161,87.18,676,3.02,3.301,0,0,9,8,9,6,9,4,52,5,47,72,37.14,3.911,0,0,28.41,1.214,0,0
2026-05-08 00:31:00,1092,554,255,85.37,,0,0,0,4.638,5.933,0,139,735,441,294,1264,,,32,35,23,30,19,36,30,29,28,29,65,0,0,0,0,0,161,88.81,698,3.077,3.513,,0,8,5,7,7,8,4,50,5,44,70,48.57,3.712,,0,27.27,1.65,,0
2026-05-08 00:32:00,1092,555,254,85.71,,0,0,0,4.624,4.948,0,165,725,434,291,1313,,,34,34,25,28,21,34,30,25,23,31,63,0,0,0,0,0,161,87.86,682,3.033,3.047,,0,6,3,10,6,7,5,56,8,44,70,25.71,4.038,,0,35.8,1.811,,0
2026-05-08 00:33:00,1101,558,254,86.01,,0,0,0,4.757,5.519,0,161,730,448,282,1296,,,33,33,26,29,21,32,28,22,26,28,68,0,.59,0,0,0,161,88.95,716,3.011,2.969,,0,4,6,7,7,7,9,57,7,49,70,17.14,4.902,,0,38.64,1.922,,0
2026-05-08 00:34:00,1106,577,243,82.52,,0,0,0,4.703,4.724,0,160,744,452,292,1305,,,34,37,24,31,18,31,34,22,27,29,66,0,.59,0,0,0,161,89.5,715,3.034,3.114,,0,7,7,7,6,9,6,54,6,47,73,31.43,3.774,,0,30.11,1.933,,0
2026-05-08 00:35:00,1092,585,234,79.72,,0,0,0,4.801,5.573,0,156,719,434,285,1289,,,31,36,25,33,20,29,35,22,29,31,67,0,.59,0,0,0,161,90.59,739,3.034,3.079,0,0,6,5,7,4,10,5,56,5,51,72,22.86,4.372,0,0,20.45,1.683,0,0
2026-05-08 00:36:00,1087,590,230,77.27,,0,0,0,4.67,4.493,0,187,722,438,284,1310,,,34,35,22,30,17,31,36,29,34,28,68,0,.59,0,0,0,161,88.54,701,3.079,3.216,,0,7,7,6,6,10,7,54,6,46,74,31.43,4.311,,0,15.91,1.662,,0
2026-05-08 00:37:00,1107,585,234,79.02,,0,0,0,4.719,5.618,0,176,748,450,298,1310,,,31,37,24,30,16,33,36,29,31,28,67,0,.59,0,0,0,161,90.31,743,3.098,3.41,,0,8,5,6,7,7,8,55,5,47,76,28.57,4.47,,0,39.77,2.254,,0
2026-05-08 00:38:00,1083,594,233,77.27,,0,0,0,4.552,4.02,0,174,730,433,297,1308,,,29,39,23,31,19,35,37,30,32,34,63,0,.59,0,0,0,161,91,741,3.052,3.171,,0,6,7,5,7,4,6,48,8,39,71,14.29,3.793,,0,35.8,2.282,,0
2026-05-08 00:39:00,1100,592,238,79.37,,0,0,0,4.628,5.533,0,165,742,436,306,1290,,,29,38,19,31,19,32,34,35,34,35,61,0,.59,0,0,0,161,91.13,767,3.047,3.128,,0,7,6,6,6,7,7,42,3,37,65,14.29,3.987,,0,30.11,1.574,,0
2026-05-08 00:40:00,1096,586,248,83.57,,0,0,0,4.567,4.987,0,159,731,428,303,1274,,,30,43,21,30,17,32,33,35,32,35,58,0,0,0,0,0,161,88.27,715,3.054,3.135,0,1,5,5,6,8,8,6,41,3,38,63,17.14,4.549,0,0,22.16,1.39,0,0
2026-05-08 00:41:00,1129,580,259,86.01,,0,0,0,4.509,3.968,0,165,747,443,304,1279,,,34,39,23,31,16,29,33,30,30,35,61,0,0,0,0,0,161,89.9,721,3.047,3.072,,1,3,3,6,7,5,5,55,6,48,68,17.14,4.039,,0,21.59,1.877,,0
2026-05-08 00:42:00,1112,584,253,85.66,,0,0,0,4.46,5.243,0,174,751,438,313,1300,,,35,35,23,27,15,30,32,33,29,37,60,0,.59,0,0,0,161,86.77,705,3.067,3.136,,1,6,4,6,5,9,5,56,8,48,71,8.57,4.469,,0,27.84,2.207,,0
2026-05-08 00:43:00,1110,584,252,84.62,,0,0,0,4.438,4.231,0,170,731,425,306,1291,,,33,35,25,29,20,31,31,34,30,37,57,0,0,0,0,0,161,83.63,680,3.08,3.199,,1,5,5,7,5,8,6,64,12,50,75,17.14,3.67,,0,35.23,1.809,,0
2026-05-08 00:44:00,1094,577,245,81.47,,0,0,0,4.337,5.036,0,166,721,407,314,1280,,,30,37,22,27,18,28,30,33,35,34,62,0,0,0,0,0,161,86.36,695,3.083,3.138,,0,8,7,8,3,7,7,55,9,43,75,28.57,4.343,,0,26.14,1.399,,0
2026-05-08 00:45:00,1074,580,236,79.72,,0,0,0,4.312,4.348,0,158,699,394,305,1263,,,33,35,22,25,18,31,29,37,38,31,61,0,0,0,0,0,161,88.68,720,3.084,3.103,0,0,8,8,7,5,8,7,54,8,43,73,42.86,4.713,0,0,15.91,1.212,0,0
2026-05-08 00:46:00,1056,580,229,78.32,,0,0,0,4.251,5.198,0,153,693,394,299,1276,,,31,35,25,27,17,34,26,37,36,30,59,0,0,0,0,0,161,87.99,708,3.108,3.231,,0,6,7,6,4,10,5,57,7,48,74,48.57,4.649,,0,17.05,1.696,,0
2026-05-08 00:47:00,1067,574,223,75.87,,0,0,0,4.268,4.596,0,184,728,416,312,1328,,,31,34,24,31,14,31,34,34,31,31,60,0,0,0,0,0,161,91.81,740,3.159,3.546,,0,7,7,5,7,7,3,56,7,48,76,25.71,4.449,,0,40.34,2.14,,0
2026-05-08 00:48:00,1063,565,233,79.02,,0,0,0,4.131,4.172,0,181,715,406,309,1310,,,34,33,23,31,14,30,33,31,30,28,62,0,0,0,0,0,161,91.81,752,3.061,2.858,,0,6,7,7,9,7,2,55,6,49,77,5.71,4.991,,0,33.52,2.057,,0
2026-05-08 00:49:00,1059,572,231,78.32,,0,0,0,4.113,4.559,0,170,714,395,319,1316,,,30,33,23,29,18,32,31,30,32,27,60,0,0,0,0,0,161,89.36,727,3.047,3.076,,0,5,5,6,5,4,7,50,5,45,68,5.71,3.957,,0,27.27,1.821,,0
2026-05-08 00:50:00,1053,579,236,78.67,,0,0,0,4.095,4.502,0,173,696,387,309,1314,,,27,34,23,29,17,28,28,29,35,25,59,0,0,0,0,0,161,86.77,700,3.053,3.182,0,0,3,7,6,7,5,10,49,3,45,68,20,4.585,0,0,23.3,1.398,0,0
2026-05-08 00:51:00,1063,586,241,80.07,,0,0,0,4.16,4.763,0,178,724,405,319,1319,,,27,33,21,27,19,29,24,28,32,29,60,0,0,0,0,0,161,84.86,693,3.073,3.27,,0,6,11,4,8,4,10,51,7,44,74,34.29,3.993,,0,17.61,1.62,,0
2026-05-08 00:52:00,1053,588,228,77.27,,0,0,0,4.222,5.817,0,178,711,401,310,1307,,,27,32,23,28,16,35,23,29,31,31,55,0,0,0,0,0,161,82.95,676,3.083,3.004,,0,9,11,5,10,6,7,52,7,44,72,42.86,4.143,,0,28.98,1.996,,0
2026-05-08 00:53:00,1068,579,241,81.47,,0,0,0,4.294,4.767,0,171,700,388,312,1280,,,25,29,18,29,18,35,23,26,32,30,62,0,0,0,0,0,161,82.54,678,3.06,3.096,,0,8,9,7,7,6,5,52,7,45,76,42.86,4.99,,0,40.91,1.844,,0
2026-05-08 00:54:00,1072,573,239,80.77,,0,0,0,4.275,5.224,0,167,696,381,315,1271,,,30,29,20,33,19,31,21,26,29,30,65,0,0,0,0,0,161,84.45,694,3.068,3.208,,0,11,7,8,9,7,6,51,7,42,73,34.29,3.924,,0,28.98,1.581,,0
2026-05-08 00:55:00,1074,565,248,82.17,,0,0,0,4.369,5.121,0,155,678,374,304,1264,,,29,30,16,29,19,31,23,23,29,32,65,0,0,0,0,0,161,84.17,699,3.076,3.196,0,0,9,8,10,9,6,9,50,7,42,68,42.86,4.194,0,0,23.3,1.403,0,0
2026-05-08 00:56:00,1073,563,253,83.57,,0,0,0,4.196,4.275,0,148,666,368,298,1272,,,25,33,16,26,24,34,24,22,27,31,68,0,0,0,0,0,161,85.15,698,3.092,3.139,,0,8,7,9,11,5,9,52,7,45,71,40,4.448,,0,25,1.744,,0
2026-05-08 00:57:00,1101,556,256,83.92,,0,0,0,4.232,4.642,0,174,704,385,319,1309,,,26,31,21,27,21,33,25,19,26,32,68,0,0,0,0,0,161,88.01,728,3.097,3.033,,0,9,8,6,10,5,8,76,15,52,95,42.86,3.364,,0,50,2.072,,0
2026-05-08 00:58:00,1088,564,253,82.87,,0,0,0,4.174,4.217,0,154,696,384,312,1294,,,27,27,21,30,21,33,30,20,27,30,71,0,0,0,0,0,161,88.69,737,3.121,3.089,,0,6,8,6,11,7,9,67,8,51,83,40,4.203,,0,50,1.787,,0
2026-05-08 00:59:00,1087,558,247,82.17,,0,0,0,4.197,4.732,0,140,708,388,320,1277,,,29,32,19,34,16,31,31,25,27,30,70,0,0,0,0,0,161,90.74,756,3.132,3.201,,0,9,7,5,10,12,10,53,3,42,76,34.29,4.188,,0,34.09,1.518,,0
2026-05-08 01:00:00,1074,555,237,79.37,,0,0,0,4.075,4.032,0,143,685,379,306,1283,,,31,28,21,39,19,30,32,26,31,33,70,0,0,0,0,0,161,90.05,763,3.119,3.052,0,0,9,7,8,10,11,12,53,2,43,75,34.29,4.568,0,0,26.14,1.515,0,0
2026-05-08 01:01:00,1081,564,233,77.27,,0,0,0,4.145,5.424,0,146,712,402,310,1281,,,32,28,20,38,22,31,29,29,32,37,71,0,0,0,0,0,161,91.14,751,3.108,3.196,,0,10,9,9,10,7,13,54,7,39,74,22.86,3.829,,0,16.48,1.86,,0
2026-05-08 01:02:00,1095,557,245,81.47,,0,0,0,4.109,4.5,0,141,725,399,326,1294,,,28,35,21,38,21,33,32,30,36,31,73,0,0,0,0,0,161,89.1,751,3.13,3.257,,0,12,10,7,9,5,10,54,7,39,68,11.43,4.381,,0,36.36,2.305,,0
2026-05-08 01:03:00,1104,553,251,84.27,,0,0,0,4.185,4.963,0,143,743,420,323,1313,,,33,34,22,35,16,35,31,30,32,34,71,0,0,0,0,0,161,91.01,778,3.15,3.379,,0,9,6,10,9,8,6,60,6,50,69,11.43,4.794,,0,50,1.758,,0
2026-05-08 01:04:00,1079,555,244,82.52,,0,0,0,4.183,4.178,0,146,753,416,337,1311,,,28,35,23,37,20,35,29,35,34,31,70,0,0,0,0,0,161,91.14,776,3.15,3.21,,0,9,7,11,5,8,7,61,7,53,74,17.14,4.259,,0,35.8,1.659,,0
2026-05-08 01:05:00,1080,559,249,83.92,,0,0,0,4.271,5.401,0,149,731,403,328,1274,,,27,32,24,39,20,32,29,33,34,33,68,0,0,0,0,0,161,90.6,761,3.176,3.468,0,0,9,9,9,6,6,6,61,8,51,76,25.71,3.81,0,0,25.57,1.079,0,0
2026-05-08 01:06:00,1058,565,246,83.57,,0,0,0,4.247,4.631,0,166,713,389,324,1265,,,25,35,20,40,19,32,30,32,36,32,71,0,0,0,0,0,161,89.65,740,3.219,3.666,,0,6,9,9,11,9,5,53,6,47,75,51.43,4.092,,0,23.86,1.823,,0
2026-05-08 01:07:00,1088,576,249,83.22,,0,0,0,4.379,5.474,0,151,745,413,332,1286,,,30,35,22,38,20,32,33,32,32,32,69,0,0,0,0,0,161,89.37,723,3.228,3.482,,0,8,8,9,12,6,6,52,4,48,73,40,3.776,,0,47.16,2.062,,0
2026-05-08 01:08:00,1085,580,248,84.27,,0,0,0,4.363,5.093,0,147,733,399,334,1273,,,34,31,20,37,18,34,30,34,32,35,69,0,0,0,0,0,161,84.88,697,3.246,3.321,,0,8,5,6,8,6,9,54,6,47,71,37.14,4.461,,0,56.25,2.211,,0
2026-05-08 01:09:00,1103,583,252,83.92,,0,0,0,4.406,4.537,0,143,740,393,347,1277,,,29,32,23,33,22,31,29,35,32,33,69,0,0,0,0,0,161,86.78,697,3.252,3.263,,0,10,6,9,11,4,7,51,6,43,72,22.86,5.135,,0,43.75,1.919,,0
2026-05-08 01:10:00,1091,587,245,83.22,,0,0,0,4.385,5.535,0,139,723,384,339,1266,,,31,34,24,37,20,32,30,35,30,31,69,0,.59,0,0,0,161,87.74,720,3.295,3.448,0,0,8,5,9,9,5,9,48,3,44,71,20,2.996,0,0,23.86,1.573,0,0
2026-05-08 01:11:00,1134,561,262,88.46,,0,0,0,4.392,4.486,0,147,756,408,348,1292,,,28,32,26,37,19,34,26,33,32,32,72,0,0,0,0,0,161,92.37,769,3.356,3.798,,0,7,7,7,7,5,6,47,4,43,70,17.14,4.133,,0,13.07,1.806,,0
2026-05-08 01:12:00,1127,569,266,90.21,,0,0,0,4.344,5.368,0,140,735,399,336,1284,,,27,30,26,39,18,34,28,33,32,32,71,0,0,0,0,0,161,91.14,726,3.282,3.201,,0,8,8,7,5,5,8,51,5,46,70,17.14,3.444,,0,28.98,2.131,,0
2026-05-08 01:13:00,1143,583,261,87.76,,0,0,0,4.386,4.911,0,137,744,389,355,1279,,,29,27,24,38,21,30,30,30,30,33,72,0,.59,0,0,0,161,90.33,733,3.246,3.172,,0,9,7,7,5,7,7,52,4,47,68,11.43,4.805,,0,43.18,2.285,,0
2026-05-08 01:14:00,1138,582,248,84.27,,0,0,0,4.35,5.753,0,136,735,377,358,1275,,,32,28,24,39,19,33,33,27,31,33,71,0,.59,0,0,0,161,91.42,739,3.24,3.204,,0,10,8,7,7,5,9,52,7,44,68,20,6.832,,0,41.48,1.552,,0
2026-05-08 01:15:00,1135,580,243,83.22,,0,0,0,4.412,4.888,0,132,718,363,355,1260,,,31,24,23,40,18,34,36,28,32,33,72,0,1.18,0,0,0,161,91.28,743,3.265,3.484,0,0,10,8,8,8,7,8,55,6,48,70,40,4.411,0,0,24.43,1.338,0,0
2026-05-08 01:16:00,1127,569,249,83.57,,0,0,0,4.23,4.428,0,133,727,369,358,1280,,,32,25,30,42,16,32,32,35,34,31,72,0,1.78,0,0,0,161,88.15,716,3.274,3.581,,0,7,5,10,8,8,9,53,3,47,71,37.14,4.805,,0,13.64,1.764,,0
2026-05-08 01:17:00,1127,579,251,85.66,,0,0,0,4.282,5.077,0,139,749,387,362,1287,,,32,27,27,41,15,35,32,35,31,31,70,0,.59,0,0,0,161,93.32,759,3.198,3.282,,0,9,4,11,8,5,13,52,5,47,71,14.29,5.477,,0,32.39,2.436,,0
2026-05-08 01:18:00,1124,568,259,86.36,,0,0,0,4.18,4.398,0,145,730,377,353,1310,,,29,28,26,42,17,32,32,32,33,34,70,0,.59,0,0,0,161,92.23,757,3.166,3.115,,0,10,5,9,12,7,10,59,9,49,74,22.86,4.516,,0,39.77,2.149,,0
2026-05-08 01:19:00,1123,579,248,83.57,,0,0,0,4.283,5.505,0,161,737,378,359,1301,,,33,29,28,41,22,33,31,33,31,37,69,0,1.18,0,0,0,161,93.46,757,3.152,3.089,,0,9,11,8,9,8,11,59,7,52,78,31.43,4.28,,0,20.45,1.661,,0
2026-05-08 01:20:00,1120,577,241,82.17,,0,0,0,4.245,4.813,0,152,720,370,350,1276,,,36,32,25,40,22,36,30,30,26,38,67,0,1.18,0,0,0,161,91.01,735,3.168,3.343,0,0,9,11,9,8,11,10,52,7,45,76,20,4.452,0,0,17.05,1.135,0,0
2026-05-08 01:21:00,1146,584,257,86.01,,0,0,0,4.398,5.639,0,143,764,389,375,1311,,,35,32,22,39,19,37,30,31,22,33,67,0,0,0,0,0,161,91.69,743,3.174,3.433,,0,10,7,11,8,8,10,52,5,46,74,11.43,5.371,,0,15.91,1.76,,0
2026-05-08 01:22:00,1140,589,251,84.27,,0,0,0,4.392,5.864,0,162,747,375,372,1317,,,32,33,22,37,18,39,29,33,23,36,67,0,0,0,0,0,161,93.05,741,3.133,3.302,,0,8,5,12,9,5,10,53,4,47,71,20,4.128,,0,39.2,2.334,,0
2026-05-08 01:23:00,1128,597,243,81.47,,0,0,0,4.579,6.19,0,158,742,370,372,1310,,,34,33,23,39,18,41,27,32,23,35,65,0,0,0,0,0,161,93.05,760,3.123,3.155,,0,10,3,13,12,9,11,54,4,49,71,28.57,4.52,,0,46.59,1.506,,0
2026-05-08 01:24:00,1111,594,239,81.12,,0,0,0,4.409,5.842,0,161,727,360,367,1304,,,35,29,25,36,21,37,26,30,25,37,63,0,0,0,0,0,161,90.46,742,3.128,3.261,,0,9,9,10,13,8,8,49,6,43,68,31.43,3.866,,0,25.57,1.613,,0
2026-05-08 01:25:00,1122,586,250,82.17,,0,0,0,4.611,6.228,0,151,730,357,373,1276,,,33,26,26,38,22,36,26,29,27,37,60,0,.59,0,0,0,161,89.51,735,3.158,3.441,0,0,8,12,11,10,9,10,42,3,38,66,25.71,3.136,0,0,15.91,1.278,0,0
2026-05-08 01:26:00,1134,572,257,84.27,,0,0,0,4.278,4.125,0,168,729,361,368,1315,,,31,29,30,39,19,33,26,27,26,36,59,0,.59,0,0,0,161,89.1,731,3.171,3.425,,0,8,8,10,8,6,10,46,8,37,68,20,4.102,,0,16.48,1.77,,0
2026-05-08 01:27:00,1141,554,253,83.22,,0,0,0,4.501,7.318,0,157,755,381,374,1300,,,30,29,30,40,20,34,31,26,25,36,59,0,.59,0,0,0,161,89.1,735,3.143,3.245,,0,8,9,11,9,5,12,53,5,47,73,28.57,3.401,,0,34.66,2.071,,0
2026-05-08 01:28:00,1125,569,251,83.57,,0,0,0,4.296,4.868,0,160,732,368,364,1284,,,30,30,29,38,16,37,30,26,26,35,65,0,0,0,0,0,161,89.92,724,3.138,3.265,,0,11,10,11,8,4,12,51,6,44,73,25.71,4.611,,0,36.36,1.733,,0
2026-05-08 01:29:00,1150,553,257,84.62,,0,0,0,4.548,7.037,0,160,749,391,358,1291,,,28,30,31,37,17,34,28,31,27,29,66,0,.59,0,0,0,161,90.74,725,3.158,3.32,,0,8,11,12,9,6,13,56,7,48,76,22.86,4.409,,0,29.55,1.494,,0
2026-05-08 01:30:00,1149,548,262,86.01,,0,0,0,4.431,5.926,0,152,737,387,350,1269,,,30,30,26,34,18,35,30,29,27,31,66,0,1.18,0,0,0,161,90.74,745,3.178,3.229,0,0,8,12,11,10,7,12,56,6,49,75,31.43,4.54,0,0,21.02,1.32,0,0
2026-05-08 01:31:00,1155,557,264,87.41,,0,0,0,4.659,7.194,0,157,768,410,358,1285,,,26,29,24,34,19,37,28,27,29,31,67,0,.59,0,0,0,161,91.28,747,3.206,3.276,,0,9,12,9,9,13,13,55,5,49,76,48.57,3.726,,0,21.02,1.665,,0
2026-05-08 01:32:00,1151,551,264,87.41,,0,0,0,4.597,6.036,0,149,772,410,362,1301,,,28,29,26,35,19,33,24,27,31,28,70,0,.59,0,0,0,161,91.42,730,3.219,3.365,,0,10,12,11,10,12,17,47,8,39,74,37.14,5.112,,0,30.11,2.163,,0
2026-05-08 01:33:00,1144,546,252,83.57,,0,0,0,4.836,6.439,0,144,756,398,358,1288,,,31,30,28,38,20,29,24,30,33,29,70,0,.59,0,0,0,161,90.87,729,3.217,3.228,,0,11,12,12,12,11,15,49,9,40,76,20,3.882,,0,39.2,1.948,,0
2026-05-08 01:34:00,1139,555,245,83.22,,0,0,0,4.688,5.503,0,140,727,384,343,1286,,,33,28,28,34,20,31,28,28,34,28,69,0,1.18,0,0,0,161,88.56,713,3.224,3.268,,0,12,11,14,12,13,15,47,6,39,76,17.14,4.096,,0,27.84,1.664,,0
2026-05-08 01:35:00,1132,562,241,82.87,,0,0,0,4.891,6.188,0,137,726,383,343,1281,,,31,36,27,34,23,32,28,30,31,28,66,0,1.18,0,0,0,161,85.15,701,3.223,3.182,0,0,13,12,13,9,14,16,51,5,44,71,34.29,3.619,0,0,15.91,1.449,0,0
2026-05-08 01:36:00,1141,574,258,83.92,,0,0,0,4.729,5.359,0,157,726,384,342,1335,,,28,36,29,35,19,30,30,26,30,31,67,0,.59,0,0,0,161,87.06,699,3.22,3.393,,0,12,10,13,11,11,14,57,5,51,72,40,4.737,,0,13.07,1.64,,0
2026-05-08 01:37:00,1129,588,247,81.82,,0,0,0,4.875,6.293,0,148,747,400,347,1317,,,32,33,26,34,18,32,30,26,30,34,66,0,.59,0,0,0,161,86.92,693,3.333,3.825,,0,13,12,14,11,11,14,57,4,52,74,31.43,5.126,,0,34.66,2.119,,0
2026-05-08 01:38:00,1110,579,246,82.17,,0,0,0,4.959,6.93,0,142,745,411,334,1339,,,31,32,27,30,19,31,27,22,32,35,65,0,0,0,0,0,161,85.56,693,3.216,3.053,,0,12,14,14,13,12,17,53,4,49,75,25.71,4.882,,0,51.14,1.657,,0
2026-05-08 01:39:00,1122,588,254,84.27,,0,0,0,4.674,5.664,0,139,740,403,337,1323,,,32,30,25,28,23,29,28,22,33,35,69,0,0,0,0,0,161,83.92,675,3.186,3.082,,0,13,11,12,18,11,17,50,5,45,75,28.57,3.923,,0,36.93,1.625,,0
2026-05-08 01:40:00,1115,592,249,83.57,,0,0,0,4.804,6.491,0,161,724,398,326,1339,,,32,30,26,30,18,27,30,21,29,39,67,0,.59,0,0,0,161,85.29,699,3.208,3.457,0,0,15,12,13,17,14,15,50,5,45,75,31.43,4.479,0,0,24.43,1.346,0,0
2026-05-08 01:41:00,1134,577,258,86.71,,0,0,0,4.524,5.383,0,157,755,418,337,1349,,,31,32,22,37,19,27,28,23,30,38,66,0,0,0,0,0,161,87.87,695,3.206,3.41,,0,14,13,11,16,16,15,49,4,45,72,11.43,4.432,,0,16.48,1.655,,0
2026-05-08 01:42:00,1126,582,254,84.62,,0,0,0,4.674,6.614,0,152,738,400,338,1331,,,34,30,21,38,22,26,30,26,28,38,67,0,0,0,0,0,161,89.24,713,3.151,3.244,,0,12,12,13,14,16,15,48,3,43,70,17.14,4.787,,0,25.57,2.131,,0
2026-05-08 01:43:00,1130,583,247,83.22,,0,0,0,4.438,4.365,0,148,765,414,351,1346,,,34,32,23,34,22,34,31,26,24,38,67,0,0,0,0,0,161,83.24,677,3.126,3.114,,0,13,11,14,14,13,15,44,4,40,73,20,4.019,,0,38.07,2.339,,0
2026-05-08 01:44:00,1140,570,250,82.87,,0,0,0,4.617,6.645,0,145,774,413,361,1351,,,35,33,26,34,20,33,24,26,26,36,67,0,0,0,0,0,161,87.87,698,3.107,3.1,,0,12,10,13,15,10,15,46,3,43,73,28.57,4.448,,0,35.23,1.418,,0
2026-05-08 01:45:00,1146,576,250,84.97,,0,0,0,4.391,4.092,0,127,752,404,348,1313,,,34,36,28,38,19,34,28,30,23,35,64,0,0,0,0,0,161,83.79,662,3.141,3.495,0,0,12,8,14,20,8,15,46,3,43,64,28.57,4.218,0,0,17.05,1.202,0,0
2026-05-08 01:46:00,1150,576,258,86.71,,0,0,0,4.604,7.183,0,120,752,405,347,1305,,,35,39,26,31,21,30,27,27,25,31,63,0,0,0,0,0,161,82.83,659,3.168,3.624,,0,12,9,13,17,9,12,38,2,35,57,28.57,4.226,,0,7.95,1.547,,0
2026-05-08 01:47:00,1158,571,258,87.06,,0,0,0,4.848,7.015,0,124,796,444,352,1354,,,36,44,26,36,26,30,28,28,24,26,62,0,0,0,0,0,161,83.79,662,3.127,3.377,,0,14,9,13,14,10,12,44,0,43,61,28.57,3.723,,0,31.25,2.03,,0
2026-05-08 01:48:00,1150,563,258,87.06,,0,0,0,4.643,8.826,0,126,807,450,357,1354,,,32,39,30,34,25,29,25,31,27,23,62,0,0,0,0,0,161,84.6,667,3.13,3.09,,0,16,10,8,13,13,14,47,0,44,67,22.86,4.092,,0,42.61,1.589,,0
2026-05-08 01:49:00,1158,562,257,84.62,,0,0,0,4.814,6.196,0,132,797,445,352,1343,,,33,40,30,33,27,30,27,31,25,28,62,0,0,0,0,0,161,90.46,715,3.122,3.003,,0,10,8,10,16,10,12,46,2,44,62,34.29,4.653,,0,26.7,1.22,,0
2026-05-08 01:50:00,1136,575,256,85.31,,0,0,0,4.411,5.611,0,133,770,430,340,1343,,,33,39,34,34,25,29,29,26,23,29,61,0,0,0,0,0,161,89.1,725,3.147,3.46,0,0,9,10,11,15,6,14,51,6,44,66,34.29,4.472,0,0,21.02,1.276,0,0
2026-05-08 01:51:00,1156,583,243,82.52,,0,0,0,4.523,6.676,0,145,792,445,347,1350,,,38,34,26,37,24,28,32,26,25,31,63,0,0,0,0,0,161,87.87,723,3.17,3.354,,0,12,8,11,17,10,11,59,9,49,74,20,4.721,,0,15.34,1.714,,0
2026-05-08 01:52:00,1137,582,235,79.02,,0,0,0,4.376,5.615,0,143,772,432,340,1336,,,35,34,25,38,24,31,28,29,23,28,63,0,0,0,0,0,161,88.56,702,3.149,3.236,,0,12,7,11,16,13,12,62,10,51,77,11.43,5.026,,0,26.14,1.934,,0
2026-05-08 01:53:00,1149,568,237,79.37,,0,0,0,4.587,6.554,0,149,792,441,351,1354,,,33,35,29,38,27,28,24,32,29,23,61,0,0,0,0,0,161,88.01,719,3.132,3.056,,0,12,9,9,14,13,12,61,9,50,78,14.29,4.997,,0,34.66,1.486,,0
2026-05-08 01:54:00,1140,569,230,78.32,,0,0,0,4.36,5.269,0,147,781,433,348,1336,,,35,36,30,38,29,31,20,30,31,27,61,0,0,0,0,0,161,88.42,714,3.134,3.102,,0,11,9,12,15,12,10,53,6,44,73,17.14,4.096,,0,31.25,1.466,,0
2026-05-08 01:55:00,1146,572,225,74.83,,0,0,0,4.609,7.243,0,160,784,429,355,1355,,,32,37,27,42,25,33,20,31,30,30,62,0,0,0,0,0,161,86.65,720,3.148,3.22,0,0,11,11,12,14,11,10,51,5,43,71,20,4.958,0,0,18.75,1.189,0,0
2026-05-08 01:56:00,1144,579,229,77.62,,0,0,0,4.56,7.631,0,166,775,426,349,1353,,,31,38,24,40,25,33,20,30,32,31,60,0,0,0,0,0,161,88.28,726,3.137,3.132,,1,14,11,11,14,12,12,49,5,43,73,25.71,5.544,,0,16.48,1.768,,0
2026-05-08 01:57:00,1139,580,238,80.42,,0,0,0,4.859,7.374,0,152,758,415,343,1320,,,35,33,28,39,23,30,20,27,32,29,61,0,0,0,0,0,161,88.15,702,3.121,3.253,,0,14,12,13,12,10,10,46,2,42,63,17.14,4.125,,0,32.39,2.095,,0
2026-05-08 01:58:00,1118,591,239,79.72,,0,0,0,4.618,5.82,0,144,739,401,338,1290,,,33,34,27,41,25,28,21,25,29,24,61,0,0,0,0,0,161,88.83,723,3.146,3.344,,0,12,9,11,9,10,11,48,5,43,61,25.71,4.665,,0,50,1.649,,0
2026-05-08 01:59:00,1102,597,230,77.62,,0,0,0,4.907,7.621,0,136,713,386,327,1269,,,34,33,27,38,26,31,26,22,27,24,61,0,0,0,0,0,161,87.45,694,3.18,3.333,,0,16,6,10,11,12,11,49,4,44,68,28.57,5.065,,0,36.93,1.518,,0
2026-05-08 02:00:00,1075,592,229,77.62,,0,0,0,4.676,6.096,0,146,690,372,318,1265,,,31,36,24,35,21,30,21,27,27,21,59,0,0,0,0,0,161,90.31,740,3.185,3.334,0,0,16,9,10,8,11,12,47,3,44,63,17.14,5.38,0,0,19.89,1.338,0,0
2026-05-08 02:01:00,1073,598,227,77.27,,0,0,0,4.77,6.764,0,136,713,392,321,1270,,,34,35,24,36,20,30,24,27,23,22,58,0,0,0,0,0,161,89.36,724,3.215,3.462,,0,15,10,10,12,13,11,49,5,44,66,11.43,4.899,,0,14.77,1.741,,0
2026-05-08 02:02:00,1057,597,241,81.12,,0,0,0,4.381,5.235,0,137,708,391,317,1254,,,28,35,20,33,21,27,24,27,21,25,57,0,0,0,0,0,161,86.63,693,3.18,3.177,,0,14,11,13,10,14,9,55,5,48,72,14.29,4.112,,0,35.23,2.127,,0
2026-05-08 02:03:00,1060,604,244,81.82,,0,0,0,4.62,7.364,0,156,737,409,328,1297,,,32,33,21,35,18,28,23,28,25,20,57,0,0,0,0,0,161,84.72,684,3.168,3.068,,0,15,12,14,9,11,12,56,9,47,72,11.43,4.603,,0,48.86,2.194,,0
2026-05-08 02:04:00,1041,611,246,82.17,,0,0,0,4.376,5.446,0,155,725,405,320,1297,,,33,34,18,33,21,30,20,23,24,18,56,0,0,0,0,0,161,82.13,663,3.153,2.966,,0,16,9,14,9,13,13,55,8,46,77,17.14,4.67,,0,40.34,1.229,,0
2026-05-08 02:05:00,1063,608,251,82.87,,0,0,0,4.607,7.328,0,147,710,394,316,1273,,,29,34,21,34,19,32,22,23,20,17,58,0,0,0,0,0,161,86.08,715,3.179,3.498,0,0,14,7,14,11,11,13,52,5,46,74,34.29,4.721,0,0,23.3,1.352,0,0
2026-05-08 02:06:00,1067,598,238,79.72,,0,0,0,4.475,7.349,0,151,691,379,312,1275,,,30,39,22,33,20,32,20,22,22,22,61,0,0,0,0,0,161,88.27,712,3.222,3.538,,0,16,8,10,12,10,13,54,8,46,75,37.14,4.568,,0,18.75,1.672,,0
2026-05-08 02:07:00,1076,598,224,75.52,,0,0,0,4.667,6.814,0,151,713,395,318,1277,,,30,38,23,32,21,33,20,23,27,24,62,0,0,0,0,0,161,89.22,719,3.143,3.244,,0,16,9,14,10,12,11,56,7,47,78,22.86,4.23,,0,34.66,2.215,,0
2026-05-08 02:08:00,1056,588,222,75.17,,0,0,0,4.583,9.266,0,155,694,382,312,1267,,,31,33,24,31,21,33,21,22,28,22,65,0,0,0,0,0,161,85.27,686,3.108,3.17,,0,14,10,15,10,12,12,50,8,42,79,22.86,5.449,,0,31.25,2.711,,0
2026-05-08 02:09:00,1046,585,225,75.17,,0,0,0,4.628,4.619,0,152,697,378,319,1244,,,29,31,19,33,21,32,22,25,31,23,69,0,0,0,0,0,161,83.9,661,3.066,2.927,,0,14,7,15,10,14,13,43,4,38,72,22.86,5.682,,0,25,1.788,,0
2026-05-08 02:10:00,1039,572,228,76.92,,0,0,0,4.295,6.501,0,163,693,377,316,1232,,,29,31,22,30,26,31,21,24,26,25,72,0,0,0,0,0,161,79.54,636,3.103,3.437,0,0,15,7,14,8,11,12,46,5,41,72,34.29,4.318,0,0,14.77,1.195,0,0
2026-05-08 02:11:00,1065,558,228,77.97,,0,0,0,4.384,5.027,0,154,731,407,324,1249,,,29,31,26,32,22,30,22,27,29,22,71,0,0,0,0,0,161,82.54,659,3.058,3.093,,0,15,5,12,10,11,11,52,8,44,73,37.14,3.929,,0,14.2,1.765,,0
2026-05-08 02:12:00,1061,557,240,80.42,,0,0,0,4.157,4.314,0,157,717,393,324,1279,,,29,30,24,33,17,29,21,23,27,18,70,0,0,0,0,0,161,83.77,673,3.062,3.053,,0,11,7,10,10,11,8,57,7,46,70,31.43,3.262,,0,40.91,1.968,,0
2026-05-08 02:13:00,1062,560,241,81.82,,0,0,0,4.238,5.447,0,177,725,395,330,1275,,,26,30,20,27,18,29,25,23,26,20,70,0,.59,0,0,0,161,85.95,697,3.045,3.067,,0,12,9,13,8,14,11,54,8,44,74,14.29,4.682,,0,44.89,1.858,,0
2026-05-08 02:14:00,1058,557,254,84.62,,0,0,0,4.544,8.974,0,160,732,397,335,1271,,,24,30,19,30,18,27,23,21,24,20,70,0,.59,0,0,0,161,84.58,675,3.063,3.149,,0,10,5,11,9,12,10,57,6,51,70,25.71,6.619,,0,31.25,1.34,,0
2026-05-08 02:15:00,1058,556,259,85.31,,0,0,0,4.647,5.369,0,153,715,388,327,1250,,,25,30,22,30,18,27,20,24,21,21,68,0,.59,0,0,0,161,90.18,714,3.05,3.058,0,0,11,6,10,8,11,14,53,8,43,74,40,6.217,0,0,22.16,1.399,0,0
2026-05-08 02:16:00,1045,557,262,86.36,,0,0,0,4.218,4.605,0,151,700,375,325,1235,,,27,28,20,31,20,25,21,27,19,22,68,0,0,0,0,0,161,87.99,707,3.094,3.397,,0,11,5,10,6,13,13,50,6,43,71,37.14,5.275,,0,18.75,1.732,,0
2026-05-08 02:17:00,1058,548,259,87.41,,0,0,0,4.313,5.609,0,147,739,403,336,1255,,,30,29,21,28,19,25,22,27,21,18,68,0,0,0,0,0,161,88.81,714,3.113,3.382,,0,13,8,7,8,11,13,58,9,45,78,28.57,5.336,,0,40.91,1.956,,0
2026-05-08 02:18:00,1035,570,250,84.97,,0,0,0,4.239,4.697,0,142,724,404,320,1258,,,32,31,21,25,15,26,24,27,20,18,64,0,0,0,0,0,161,89.9,703,3.054,3.17,,0,16,9,11,6,11,12,54,7,45,75,22.86,4.205,,0,37.5,1.878,,0
2026-05-08 02:19:00,1043,562,263,88.81,,0,0,0,4.432,5.82,0,131,732,400,332,1250,,,28,30,24,27,16,23,21,26,23,19,63,0,1.18,0,0,0,161,87.86,724,3.071,3.151,,0,12,8,13,7,11,9,48,5,43,71,28.57,4.33,,0,23.3,1.31,,0
2026-05-08 02:20:00,1044,565,268,90.56,,0,0,0,4.445,4.633,0,141,719,397,322,1248,,,26,32,19,27,18,22,19,27,23,20,63,0,1.78,0,0,0,161,90.04,730,3.069,3.08,0,0,11,7,12,6,10,10,52,8,44,72,25.71,4.137,0,0,16.48,1.509,0,0
2026-05-08 02:21:00,1040,573,264,87.41,,0,0,0,4.525,5.12,0,144,708,389,319,1229,,,26,33,18,29,21,24,19,26,25,20,69,0,1.78,0,0,0,161,87.31,702,3.074,3.169,,0,10,8,11,6,10,11,55,8,47,74,22.86,4.017,,0,22.16,1.844,,0
2026-05-08 02:22:00,1029,577,255,86.71,,0,0,0,4.692,8.473,0,143,683,378,305,1210,,,28,30,22,24,20,25,22,26,24,23,70,0,1.78,0,0,0,161,86.77,692,3.121,3.324,,0,13,5,8,8,8,15,53,6,47,70,28.57,4.836,,0,43.75,2.08,,0
2026-05-08 02:23:00,1046,578,258,87.06,,0,0,0,4.773,5.423,0,138,712,393,319,1217,,,32,30,22,23,18,28,23,22,19,24,68,0,2.37,0,0,0,161,86.36,687,3.101,3.072,,0,13,7,8,9,9,13,50,8,41,73,28.57,5.703,,0,59.09,1.406,,0
2026-05-08 02:24:00,1062,564,267,88.46,,0,0,0,4.851,9.053,0,138,726,393,333,1238,,,31,31,26,24,17,28,22,25,21,24,72,0,1.18,0,0,0,161,83.9,669,3.099,3.129,,0,9,11,10,8,12,11,55,5,47,74,25.71,4.529,,0,50.57,1.29,,0
2026-05-08 02:25:00,1059,571,257,88.11,,0,0,0,5.007,5.931,0,150,704,378,326,1229,,,32,26,23,23,22,28,21,27,20,26,70,0,1.18,0,0,0,161,82.67,669,3.134,3.411,0,0,11,9,10,8,12,11,55,8,46,81,25.71,5.047,0,0,25.57,1.753,0,0
2026-05-08 02:26:00,1043,587,257,86.71,,0,0,0,4.517,4.686,0,138,683,368,315,1208,,,32,29,23,22,23,29,26,25,21,23,69,0,1.78,0,0,0,161,83.22,652,3.151,3.423,,0,14,10,10,8,10,15,45,3,41,70,31.43,3.474,,0,15.34,1.884,,0
2026-05-08 02:27:00,1053,594,256,84.62,,0,0,0,4.678,6.128,0,150,700,385,315,1235,,,30,36,19,25,17,29,25,24,24,22,68,0,3.55,0,0,0,161,87.59,697,3.135,3.324,,0,15,8,11,8,12,17,53,5,46,75,34.29,4.245,,0,38.64,2.39,,0
2026-05-08 02:28:00,1050,577,257,86.71,,0,0,0,4.556,4.799,0,140,684,378,306,1229,,,32,36,20,28,21,30,27,25,24,20,68,0,2.37,0,0,0,161,88.13,701,3.128,3.222,,0,14,8,9,9,9,15,52,6,45,72,8.57,4.37,,0,35.8,2.928,,0
2026-05-08 02:29:00,1055,566,273,92.31,,0,0,0,4.612,5.556,0,132,699,377,322,1218,,,33,33,21,27,21,27,27,16,23,21,66,0,1.78,0,0,0,161,90.72,708,3.109,2.941,,0,10,5,10,11,9,11,50,4,45,69,20,4.698,,0,23.3,1.5,,0
2026-05-08 02:30:00,1035,579,260,86.36,,0,0,0,4.55,6.234,0,153,677,366,311,1217,,,29,36,24,28,24,25,28,18,21,23,65,0,.59,0,0,0,161,89.22,714,3.119,3.184,0,0,11,8,11,11,9,11,53,4,48,72,22.86,4.117,0,0,15.91,1.41,0,0
2026-05-08 02:31:00,1044,572,254,85.66,,0,0,0,4.686,5.578,0,137,705,387,318,1217,,,32,34,23,26,21,31,26,17,22,20,66,0,0,0,0,0,161,86.77,691,3.123,3.339,,0,11,6,14,12,7,13,49,6,43,71,37.14,4.146,,0,9.66,1.835,,0
2026-05-08 02:32:00,1018,580,235,79.37,,0,0,0,4.584,5.437,0,138,687,382,305,1192,,,32,30,23,25,19,33,25,18,23,19,64,0,.59,0,0,0,161,86.36,675,3.061,3.024,,0,13,10,13,11,10,18,45,5,38,69,42.86,4.264,,0,25.57,1.991,,0
2026-05-08 02:33:00,1013,577,224,77.27,,0,0,0,4.754,6.047,0,144,703,391,312,1201,,,32,32,23,29,20,32,23,18,20,18,65,0,0,0,0,0,161,91.13,719,3.053,3.099,,0,12,9,13,13,11,18,48,1,46,73,28.57,4.397,,0,42.61,1.73,,0
2026-05-08 02:34:00,999,586,233,79.72,,0,0,0,4.68,5.931,0,147,715,389,326,1220,,,30,34,22,30,20,34,21,20,20,21,66,0,0,0,0,0,161,86.9,696,3.036,2.958,,0,10,10,11,12,10,16,47,1,46,70,37.14,4.501,,0,31.82,1.372,,0
2026-05-08 02:35:00,1015,584,249,84.97,,0,0,0,4.729,5.069,0,138,696,383,313,1193,,,28,33,22,26,18,32,20,24,16,19,66,0,0,0,0,0,161,86.63,682,3.025,3.039,0,0,9,11,11,11,8,17,51,4,46,72,31.43,4.728,0,0,18.18,1.017,0,0
2026-05-08 02:36:00,1026,561,264,88.81,,0,0,0,4.598,4.68,0,158,685,373,312,1207,,,27,32,24,24,19,30,19,25,19,20,67,0,0,0,0,0,161,86.63,694,3.016,2.966,,0,8,12,11,9,12,15,53,5,48,75,31.43,3.923,,0,12.5,1.73,,0
2026-05-08 02:37:00,1043,564,273,91.26,,0,0,0,4.651,5.268,0,138,708,384,324,1210,,,31,28,22,22,17,24,19,25,18,19,66,0,0,0,0,0,161,84.2,667,3.03,3.289,,0,8,11,12,9,13,16,55,6,48,74,25.71,4.258,,0,37.5,2.453,,0
2026-05-08 02:38:00,1019,573,272,90.91,,0,0,0,4.583,4.757,0,146,687,371,316,1221,,,30,28,22,24,20,21,15,26,18,23,66,0,0,0,0,0,161,81.06,647,3.001,3.08,,0,10,8,12,11,10,17,54,7,45,76,14.29,4.546,,0,43.18,2.107,,0
2026-05-08 02:39:00,1010,593,256,86.36,,0,0,0,4.739,5.964,0,148,688,379,309,1207,,,29,29,20,26,21,22,18,27,16,21,69,0,0,0,0,0,161,84.06,657,3.001,2.934,,0,12,8,11,11,9,15,51,6,45,76,11.43,3.978,,0,33.52,1.449,,0
2026-05-08 02:40:00,988,589,243,81.47,,0,0,0,4.653,5.3,0,157,667,366,301,1209,,,29,28,19,28,20,23,18,23,17,20,69,0,0,0,0,0,161,84.2,664,3.014,3.033,0,0,12,7,13,10,8,17,56,5,51,82,28.57,5.087,0,0,18.75,1.123,0,0
2026-05-08 02:41:00,1013,591,245,83.57,,0,0,0,4.774,5.942,0,145,701,388,313,1232,,,27,33,21,27,20,26,16,23,18,22,69,0,0,0,0,0,161,87.6,694,3.037,3.155,,0,8,8,11,11,7,15,50,4,45,73,40,4.374,,0,15.34,1.83,,0
2026-05-08 02:42:00,1006,576,246,81.47,,0,0,0,4.734,5.822,0,150,683,377,306,1220,,,27,33,22,26,22,25,16,23,21,22,69,0,0,0,0,0,161,85.97,677,3.005,2.835,,0,8,10,10,9,7,15,52,7,44,74,31.43,4.052,,0,36.93,2.147,,0
2026-05-08 02:43:00,1022,569,257,86.71,,0,0,0,4.794,5.891,0,153,712,390,322,1233,,,27,29,23,26,22,24,17,19,21,20,67,0,0,0,0,0,161,88.28,685,3.014,3.221,,0,8,10,10,7,5,13,54,9,44,77,31.43,4.553,,0,48.86,2.126,,0
2026-05-08 02:44:00,1026,573,263,86.71,,0,0,0,4.641,5.784,0,155,704,387,317,1231,,,26,28,23,25,21,22,16,19,21,16,63,0,0,0,0,0,161,85.01,672,3.009,3.029,,0,9,7,8,6,5,13,55,8,46,76,17.14,5.183,,0,26.14,1.43,,0
2026-05-08 02:45:00,1030,564,252,84.62,,0,0,0,4.833,6.553,0,153,721,397,324,1234,,,23,30,22,29,22,23,18,22,19,20,63,0,0,0,0,0,161,88.56,686,3.005,2.973,0,0,11,4,9,5,6,15,51,5,46,74,17.14,5.267,0,0,17.05,1.23,0,0
2026-05-08 02:46:00,1020,579,255,85.31,,0,0,0,4.651,5.288,0,151,707,389,318,1209,,,22,29,22,30,21,22,17,19,23,19,60,0,0,0,0,0,161,84.74,653,3.016,3.063,,0,10,7,10,9,6,12,46,5,40,74,20,4.54,,0,9.09,1.737,,0
2026-05-08 02:47:00,1015,586,249,84.62,,0,0,0,4.829,6.095,0,155,713,385,328,1211,,,26,30,20,30,21,21,15,21,19,21,67,0,0,0,0,0,161,87.33,677,3.019,3.204,,0,9,8,10,8,4,13,49,6,43,76,22.86,5.111,,0,28.98,2.246,,0
2026-05-08 02:48:00,1009,580,248,83.57,,0,0,0,4.743,6.444,0,147,694,376,318,1195,,,25,32,23,28,20,20,16,22,18,20,68,0,0,0,0,0,161,86.78,688,3.011,3.053,,0,8,8,7,8,8,15,42,4,38,70,20,5.14,,0,42.05,2.248,,0
2026-05-08 02:49:00,1008,573,251,84.62,,0,0,0,4.774,5.328,0,174,707,389,318,1238,,,29,30,22,29,24,18,16,22,19,15,70,0,1.18,0,0,0,161,86.78,677,3.01,2.928,,0,8,7,9,8,10,17,46,5,41,74,22.86,4.49,,0,37.5,1.81,,0
2026-05-08 02:50:00,1015,573,258,87.41,,0,0,0,4.693,6.156,0,174,695,386,309,1241,,,27,29,24,27,22,18,19,21,19,17,67,0,0,0,0,0,161,84.08,652,3.009,3.019,0,0,11,7,8,6,10,15,49,6,43,73,22.86,5.143,0,0,22.73,1.879,0,0
2026-05-08 02:51:00,1052,566,270,91.26,,0,0,0,4.714,4.935,0,165,729,406,323,1251,,,27,32,21,26,23,20,14,19,17,14,68,0,0,0,0,0,161,83.95,657,3.003,2.897,,0,8,7,10,7,8,12,45,6,39,70,25.71,4.322,,0,16.48,1.727,,0
2026-05-08 02:52:00,1060,557,271,91.96,,0,0,0,4.79,7.575,0,168,715,396,319,1246,,,26,29,22,24,22,20,17,19,18,17,70,0,0,0,0,0,161,80.95,633,3.022,3.037,,0,7,6,9,9,7,11,47,7,39,74,25.71,3.969,,0,34.09,2.294,,0
2026-05-08 02:53:00,1060,577,260,87.76,,0,0,0,4.872,5.193,0,165,759,427,332,1274,,,26,29,23,23,20,23,18,20,17,16,69,0,0,0,0,0,161,80.27,632,2.998,2.921,,0,8,6,7,7,7,11,48,5,42,73,34.29,4.734,,0,46.02,1.622,,0
2026-05-08 02:54:00,1026,596,260,86.36,,0,0,0,4.798,8.504,0,162,744,418,326,1277,,,22,31,24,25,23,23,17,17,17,22,66,0,1.18,0,0,0,161,80.27,633,2.987,2.909,,0,7,5,10,8,7,12,52,5,45,74,31.43,4.704,,0,37.5,1.735,,0
2026-05-08 02:55:00,1045,591,269,89.86,,0,0,0,4.903,5.239,0,155,748,411,337,1255,,,25,29,24,24,24,23,17,20,18,21,65,0,0,0,0,0,161,76.46,598,2.988,2.984,0,0,5,7,11,7,6,11,49,5,43,76,45.71,4.325,0,0,19.89,1.151,0,0
2026-05-08 02:56:00,1038,584,262,87.76,,0,0,0,4.667,6.705,0,154,728,404,324,1236,,,28,32,26,28,23,22,18,19,20,17,64,0,0,0,0,0,161,78.1,612,2.979,2.975,,0,6,6,9,6,8,9,46,4,42,69,57.14,4.246,,0,20.45,1.855,,0
2026-05-08 02:57:00,1050,576,266,89.51,,0,0,0,4.763,5.708,0,173,745,413,332,1275,,,28,28,26,26,20,20,16,17,19,21,62,0,0,0,0,0,161,79.59,630,2.96,2.931,,0,5,6,5,4,9,10,53,6,46,73,45.71,3.992,,0,26.7,2.175,,0
2026-05-08 02:58:00,1028,586,243,82.52,,0,0,0,4.519,4.818,0,178,734,413,321,1265,,,23,33,25,32,22,19,15,18,21,28,62,0,0,0,0,0,161,80.95,640,2.95,3.02,,0,9,5,7,6,6,10,52,6,46,78,28.57,3.385,,0,42.61,2.787,,0
2026-05-08 02:59:00,1045,585,244,81.82,,0,0,0,4.619,5.557,0,174,735,421,314,1257,,,23,34,22,32,21,20,19,19,17,23,66,0,0,0,0,0,161,80.95,642,2.932,2.741,,0,8,6,9,7,5,10,49,5,43,70,31.43,3.087,,0,29.55,2.499,,0
2026-05-08 03:00:00,1040,590,244,82.17,,0,0,0,4.573,5.54,0,164,709,405,304,1245,,,22,30,23,27,19,20,19,18,21,23,65,0,0,0,0,0,161,82.18,644,2.916,2.852,0,0,7,10,9,7,7,10,41,5,36,66,28.57,3.842,0,0,15.34,2.158,0,0
2026-05-08 03:01:00,1067,595,262,88.11,,0,0,0,4.702,5.625,0,170,735,419,316,1245,,,23,28,25,30,20,21,17,18,23,20,68,0,0,0,0,0,161,80.14,642,2.938,3.104,,0,8,8,9,6,5,8,47,4,42,72,28.57,3.421,,0,19.89,1.869,,0
2026-05-08 03:02:00,1063,600,275,91.26,,0,0,0,4.685,6.431,0,169,726,410,316,1254,,,21,28,23,30,18,18,16,18,21,18,67,0,0,0,0,0,161,79.32,615,2.93,2.908,,0,6,5,7,7,4,5,45,4,39,69,20,4.117,,0,36.93,2.063,,0
2026-05-08 03:03:00,1083,585,276,91.96,,0,0,0,4.764,5.307,0,167,752,421,331,1251,,,26,32,23,28,17,23,18,15,22,19,71,0,0,0,0,0,161,78.37,616,2.92,2.867,,0,8,5,6,6,5,7,46,4,38,70,11.43,4.137,,0,50,1.842,,0
2026-05-08 03:04:00,1078,566,284,93.36,,0,0,0,4.665,7.049,0,157,734,411,323,1248,,,25,32,25,29,20,21,14,18,22,19,76,0,0,0,0,0,161,76.19,595,2.919,2.901,,0,7,5,8,5,3,8,43,5,37,68,28.57,4.42,,0,35.23,1.628,,0
2026-05-08 03:05:00,1079,597,281,93.36,,0,0,0,4.786,5.865,0,172,736,408,328,1260,,,28,30,28,30,19,23,15,22,20,19,78,0,0,0,0,0,161,77.96,613,2.939,3.212,0,0,6,4,9,5,7,8,51,6,45,66,74.29,4.213,0,0,26.14,1.636,0,0
2026-05-08 03:06:00,1069,596,270,89.16,,0,0,0,4.712,7.018,0,184,721,402,319,1297,,,28,31,27,32,15,25,20,22,16,17,77,0,0,0,0,0,161,75.37,602,2.911,2.886,,0,8,5,8,7,8,9,55,3,50,71,65.71,3.912,,0,28.41,1.749,,0
2026-05-08 03:07:00,1087,590,268,89.51,,0,0,0,4.864,6.131,0,176,738,415,323,1276,,,26,33,29,30,16,27,22,25,15,16,77,0,0,0,0,0,161,75.37,590,2.903,2.857,,0,7,8,9,10,6,11,56,8,46,77,40,4.317,,0,43.18,2.139,,0
2026-05-08 03:08:00,1075,583,269,90.94,,0,0,0,4.907,8.445,0,172,726,410,316,1273,,,28,34,26,32,17,26,18,26,17,18,77,0,0,0,0,0,161,72.24,568,2.888,2.878,,0,8,8,7,6,8,11,58,8,49,77,20,4.736,,0,44.32,2.022,,0
2026-05-08 03:09:00,1095,588,265,88.15,,0,0,0,5.124,6.411,0,157,747,422,325,1269,,,29,33,24,35,18,27,14,30,20,18,74,0,0,0,0,0,161,73.88,578,2.874,2.637,,0,7,6,5,7,7,8,51,6,44,71,25.71,4.412,,0,34.09,1.565,,0
2026-05-08 03:10:00,1093,587,270,90.94,,0,0,0,4.809,5.549,0,147,752,414,338,1282,,,26,38,24,37,15,26,13,25,23,25,73,0,0,0,0,0,161,77.41,597,2.871,2.821,0,0,6,6,5,4,7,7,53,8,45,71,25.71,4.763,0,0,22.16,1.352,0,0
2026-05-08 03:11:00,1084,595,260,86.76,,0,0,0,4.927,6.009,0,130,734,409,325,1246,,,26,37,27,32,16,25,14,22,22,27,69,0,0,0,0,0,161,83.4,658,2.846,2.848,,0,7,8,8,5,7,6,53,10,43,69,28.57,3.952,,0,18.75,1.802,,0
2026-05-08 03:12:00,1072,602,256,86.06,,0,0,0,4.767,5.474,0,130,717,401,316,1233,,,27,37,29,32,17,24,12,28,23,27,66,0,0,0,0,0,161,83.95,677,2.855,2.951,,0,8,7,6,5,5,5,50,7,43,67,34.29,4.743,,0,30.11,2.153,,0
2026-05-08 03:13:00,1102,593,262,88.85,,0,0,0,4.975,6.353,0,141,749,423,326,1254,,,28,35,27,31,19,26,17,24,24,27,65,0,0,0,0,0,161,82.72,653,2.82,2.734,,0,7,7,6,5,4,4,55,7,46,72,22.86,3.925,,0,40.34,2.562,,0
2026-05-08 03:14:00,1078,598,250,83.97,,0,0,0,4.865,8.943,0,141,734,414,320,1219,,,33,34,28,33,16,25,17,27,27,26,62,0,0,0,0,0,161,82.72,639,2.798,2.672,,0,6,3,4,9,4,4,60,8,52,74,22.86,5.895,,0,33.52,1.423,,0
2026-05-08 03:15:00,1075,586,247,82.93,,0,0,0,5.101,7.188,0,138,713,401,312,1199,,,29,39,26,38,17,25,17,27,23,23,65,0,0,0,0,0,161,79.32,619,2.793,2.928,0,0,5,5,6,8,5,7,54,7,47,76,17.14,4.54,0,0,19.89,1.36,0,0
2026-05-08 03:16:00,1060,590,237,80.14,,0,0,0,4.549,4.818,0,143,695,386,309,1206,,,30,38,23,36,19,26,21,25,23,22,64,0,0,0,0,0,161,81.5,624,2.815,3.034,,0,7,5,5,5,4,9,47,6,41,71,22.86,4.127,,0,18.75,1.59,,0
2026-05-08 03:17:00,1069,594,246,81.88,,0,0,0,4.751,7.464,0,144,721,401,320,1199,,,29,35,26,34,18,26,20,22,23,21,66,0,.59,0,0,0,161,84.35,669,2.865,3.321,,0,7,6,7,9,4,9,52,7,44,75,20,5.531,,0,45.45,2.159,,0
2026-05-08 03:18:00,1049,594,236,80.14,,0,0,0,4.486,5.908,0,158,718,393,325,1209,,,31,35,21,32,16,27,18,21,21,27,66,0,0,0,0,0,161,86.39,697,2.779,2.71,,0,6,7,7,11,4,7,49,4,43,72,20,4.298,,0,50.57,1.877,,0
2026-05-08 03:19:00,1066,591,236,78.05,,0,0,0,4.633,7.284,0,148,709,390,319,1179,,,33,33,21,28,16,27,20,20,22,27,72,0,0,0,0,0,161,86.39,689,2.798,2.852,,0,5,5,6,7,7,6,52,4,46,67,14.29,3.938,,0,41.48,1.64,,0
2026-05-08 03:20:00,1050,587,221,75.26,,0,0,0,4.509,5.914,0,141,683,376,307,1180,,,28,34,21,30,19,25,21,21,24,27,73,0,0,0,0,0,161,87.62,686,2.824,3.086,0,0,5,5,8,7,7,8,47,2,45,65,20,4.795,0,0,25.57,1.522,0,0
2026-05-08 03:21:00,1067,577,235,78.05,,0,0,0,4.725,6.896,0,162,724,404,320,1215,,,28,31,21,27,20,24,19,21,19,29,75,0,0,0,0,0,161,85.17,664,2.907,3.615,,0,7,4,5,7,6,9,55,7,48,73,31.43,5.561,,0,16.48,1.685,,0
2026-05-08 03:22:00,1054,575,238,79.79,,0,0,0,4.731,8.137,0,158,727,396,331,1220,,,27,35,22,28,23,24,21,22,20,30,75,0,0,0,0,0,161,84.08,663,2.822,2.86,,0,9,4,1,8,5,6,50,6,44,71,25.71,5.376,,0,35.23,2.203,,0
2026-05-08 03:23:00,1051,587,247,82.93,,0,0,0,4.885,5.697,0,154,704,386,318,1212,,,25,34,21,26,20,22,21,24,20,24,76,0,0,0,0,0,161,84.08,660,2.811,2.691,,0,8,4,6,11,5,5,47,6,41,70,17.14,3.633,,0,44.89,2.473,,0
2026-05-08 03:24:00,1050,578,243,81.88,,0,0,0,4.777,9.406,0,150,709,388,321,1200,,,27,31,19,33,18,24,22,25,18,19,76,0,0,0,0,0,161,79.86,631,2.839,2.953,,0,5,8,7,9,6,7,48,4,44,71,20,4.299,,0,35.23,1.328,,0
2026-05-08 03:25:00,1035,577,241,82.93,,0,0,0,4.922,6.109,0,142,688,373,315,1165,,,30,30,17,32,16,26,24,21,18,20,75,0,0,0,0,0,161,83.81,656,2.862,3.152,0,0,3,6,7,6,8,8,48,5,43,69,40,4.045,0,0,21.59,1.185,0,0
2026-05-08 03:26:00,1023,575,238,81.53,,0,0,0,4.333,4.33,0,145,674,360,314,1189,,,24,31,22,28,20,25,19,23,17,19,75,0,0,0,0,0,161,81.5,640,2.864,3.083,,0,5,5,7,6,5,8,51,6,43,69,40,4.398,,0,15.91,1.795,,0
2026-05-08 03:27:00,1020,581,250,84.67,,0,0,0,4.466,6.506,0,143,701,379,322,1186,,,25,32,19,25,13,25,19,23,17,17,73,0,0,0,0,0,161,83.95,660,2.853,3.04,,0,7,5,7,6,4,6,56,8,48,71,25.71,4.246,,0,47.73,2.276,,0
2026-05-08 03:28:00,1018,575,261,84.67,,0,0,0,4.305,5.433,0,155,702,378,324,1208,,,23,30,17,28,15,27,19,19,17,17,70,0,0,0,0,0,161,83.67,660,2.883,3.061,,0,6,7,5,7,5,5,60,8,49,72,17.14,4.284,,0,48.3,2.159,,0
2026-05-08 03:29:00,1009,583,254,82.93,,0,0,0,4.511,6.54,0,152,686,367,319,1190,,,24,28,18,30,13,25,15,21,19,21,66,0,0,0,0,0,161,82.86,642,2.866,2.677,,0,10,7,4,5,6,5,57,6,48,74,17.14,3.456,,0,39.77,1.435,,0
2026-05-08 03:30:00,994,592,256,84.32,,0,0,0,4.341,4.532,0,138,666,359,307,1171,,,24,30,18,30,17,27,11,23,16,20,61,0,0,0,0,0,161,80.41,639,2.904,3.18,0,0,10,8,5,5,7,7,52,6,44,73,25.71,4.202,0,0,28.41,1.33,0,0
2026-05-08 03:31:00,1015,595,257,85.71,,0,0,0,4.547,6.005,0,145,656,358,298,1160,,,24,24,16,32,16,26,13,21,19,22,71,0,0,0,0,0,161,85.44,673,2.848,2.697,,0,8,6,4,5,7,9,52,7,44,73,34.29,4.507,,0,14.2,1.941,,0
2026-05-08 03:32:00,985,603,250,83.97,,0,0,0,4.697,8.85,0,147,645,351,294,1143,,,26,28,18,29,13,26,19,21,18,17,68,0,0,0,0,0,161,88.3,709,2.851,2.838,,0,9,5,5,7,6,8,56,7,49,75,42.86,3.848,,0,25.57,2.371,,0
2026-05-08 03:33:00,987,600,243,81.88,,0,0,0,4.832,5.584,0,143,667,364,303,1161,,,32,30,15,28,12,27,21,21,20,15,67,0,0,0,0,0,161,87.35,697,2.842,2.756,,0,9,6,9,8,8,6,50,8,42,76,28.57,3.871,,0,39.77,2.024,,0
2026-05-08 03:34:00,979,594,242,80.49,,0,0,0,4.814,9.881,0,147,669,361,308,1167,,,31,32,18,26,17,26,16,18,22,20,65,0,0,0,0,0,161,92.24,737,2.824,2.801,,0,9,7,5,9,7,7,51,5,44,73,17.14,3.724,,0,29.55,1.715,,0
2026-05-08 03:35:00,972,593,232,77.35,,0,0,0,4.995,6.146,0,143,653,352,301,1147,,,32,32,17,30,19,26,17,18,24,16,66,0,0,0,0,0,161,88.98,709,2.824,2.921,0,0,11,7,6,9,5,6,50,7,43,71,5.71,4.042,0,0,22.73,1.134,0,0
2026-05-08 03:36:00,964,594,228,75.96,,0,0,0,4.563,6.881,0,145,643,351,292,1149,,,28,38,15,28,23,26,15,20,22,18,66,0,0,0,0,0,161,84.63,675,2.834,2.927,,0,11,8,7,7,7,8,51,5,46,73,20,4.094,,0,15.91,1.707,,0
2026-05-08 03:37:00,988,569,231,77.35,,0,0,0,4.612,4.878,0,178,675,370,305,1195,,,30,35,15,28,20,27,15,19,18,17,66,0,0,0,0,0,161,87.35,685,2.856,3.179,,0,12,5,6,5,5,9,61,10,49,80,14.29,4.538,,0,36.36,2.171,,0
2026-05-08 03:38:00,968,578,230,79.09,,0,0,0,4.889,9.209,0,205,655,362,293,1237,,,31,33,14,24,16,26,14,21,16,17,64,0,0,0,0,0,161,91.02,720,2.847,2.982,,0,11,6,6,5,6,11,53,8,42,71,14.29,4.026,,0,38.07,1.548,,0
2026-05-08 03:39:00,962,583,228,78.05,,0,0,0,4.357,5.158,0,194,669,371,298,1217,,,28,34,16,21,20,28,16,20,14,24,61,0,0,0,0,0,161,90.2,732,2.877,3.03,,0,12,6,5,4,5,11,59,9,47,77,20,3.703,,0,27.84,1.498,,0
2026-05-08 03:40:00,958,566,244,82.93,,0,0,0,4.884,10.139,0,192,657,363,294,1188,,,26,32,12,22,15,28,17,20,14,22,58,0,0,0,0,0,161,90.07,737,2.922,3.326,0,0,11,8,8,7,5,8,51,2,46,78,17.14,4.775,0,0,24.43,1.365,0,0
2026-05-08 03:41:00,966,572,246,82.58,,0,0,0,4.325,4.583,0,182,678,382,296,1192,,,29,31,13,25,13,29,21,17,13,22,61,0,0,0,0,0,161,87.07,716,2.965,2.96,,0,11,11,6,8,8,9,49,3,43,71,40,4.414,,0,25,1.883,,0
2026-05-08 03:42:00,946,569,250,83.28,,0,0,0,4.875,11.209,0,185,659,368,291,1197,,,27,32,15,21,15,27,19,18,15,22,57,0,0,0,0,0,161,87.07,706,2.994,3.361,,0,11,9,7,4,8,9,52,7,45,74,37.14,4.104,,0,30.68,1.997,,0
2026-05-08 03:43:00,957,577,249,83.62,,0,0,0,4.493,4.63,0,178,652,371,281,1181,,,28,30,14,22,15,30,17,13,12,25,60,0,0,0,0,0,161,89.8,711,3.036,3.233,,0,8,9,9,5,5,11,55,8,47,74,37.14,4.405,,0,39.2,2.28,,0
2026-05-08 03:44:00,964,585,263,87.46,,0,0,0,4.665,6.641,0,171,654,360,294,1170,,,27,30,18,22,13,26,16,16,13,26,59,0,0,0,0,0,161,89.25,723,3.084,3.29,,0,9,4,9,7,5,7,55,8,47,73,22.86,5.501,,0,18.18,1.821,,0
2026-05-08 03:45:00,959,584,260,86.41,,0,0,0,4.495,4.726,0,184,634,352,282,1170,,,27,34,18,24,15,33,14,17,10,28,59,0,0,0,0,0,161,89.66,722,3.131,3.356,0,0,9,7,9,5,4,11,52,7,45,71,40,4.367,0,0,6.25,1.306,0,0
2026-05-08 03:46:00,958,568,260,86.76,,0,0,0,4.721,7.011,0,192,615,341,274,1183,,,26,35,18,23,18,32,10,16,13,28,63,0,0,0,0,0,161,86.94,709,3.152,3.165,,0,13,7,8,7,5,9,53,6,47,73,42.86,4.137,,0,8.52,1.939,,0
2026-05-08 03:47:00,976,584,260,87.11,,0,0,0,4.534,4.675,0,179,649,356,293,1172,,,28,37,20,26,17,31,15,17,14,25,64,0,0,0,0,0,161,87.07,718,3.124,3.122,,0,11,8,7,9,6,9,51,5,46,73,34.29,4.744,,0,37.5,2.196,,0
2026-05-08 03:48:00,959,581,259,88.5,,0,0,0,4.892,10.74,0,176,628,342,286,1199,,,30,35,18,23,20,30,19,18,11,26,64,0,0,0,0,0,161,87.62,700,3.127,3.119,,0,9,9,9,6,8,10,47,3,44,69,28.57,4.952,,0,40.34,1.574,,0
2026-05-08 03:49:00,971,561,261,88.5,,0,0,0,4.474,4.443,0,173,640,342,298,1191,,,29,33,16,23,20,29,19,18,10,22,65,0,0,0,0,0,161,82.45,674,3.135,3.107,,0,10,8,7,3,11,9,45,3,42,65,45.71,3.84,,0,27.84,1.04,,0
2026-05-08 03:50:00,978,574,269,89.55,,0,0,0,4.769,7.418,0,165,629,338,291,1188,,,32,34,15,23,18,28,20,21,10,25,63,0,0,0,0,0,161,80.54,643,3.146,3.251,0,0,12,6,6,6,7,11,48,4,43,68,57.14,3.861,0,0,11.36,1.163,0,0
2026-05-08 03:51:00,984,566,263,89.2,,0,0,0,4.511,4.785,0,188,643,344,299,1210,,,31,32,16,25,21,27,22,20,13,26,66,0,0,0,0,0,161,83.54,658,3.197,3.547,,0,9,8,10,8,3,9,53,5,47,71,54.29,4.667,,0,13.64,1.823,,0
2026-05-08 03:52:00,982,561,274,91.29,,0,0,0,4.477,4.626,0,191,637,332,305,1221,,,31,30,15,28,20,25,23,21,15,25,65,0,0,0,0,0,161,84.76,662,3.121,3.101,,0,7,8,7,5,4,9,56,6,49,73,45.71,4.181,,0,45.45,2.317,,0
2026-05-08 03:53:00,977,565,263,87.46,,0,0,0,4.404,4.399,0,188,626,324,302,1197,,,29,33,15,29,16,28,21,24,18,26,67,0,0,0,0,0,161,84.08,665,3.084,2.962,,0,7,7,6,3,6,9,56,5,49,73,34.29,3.974,,0,46.59,2.204,,0
2026-05-08 03:54:00,977,569,260,85.71,,0,0,0,4.574,6.258,0,175,610,310,300,1183,,,29,37,19,28,18,30,25,22,17,27,66,0,.59,0,0,0,161,83.95,649,3.038,2.817,,0,8,6,8,6,3,9,52,6,45,73,28.57,4.599,,0,31.82,1.199,,0
2026-05-08 03:55:00,976,571,258,85.37,,0,0,0,4.52,4.637,0,165,602,298,304,1179,,,30,36,22,27,17,31,26,25,17,27,68,0,.59,0,0,0,161,84.63,692,3.009,2.876,0,0,11,8,6,7,6,8,49,4,44,73,34.29,4.737,0,0,18.18,1.476,0,0
2026-05-08 03:56:00,986,589,262,87.11,,0,0,0,4.572,4.548,0,156,604,292,312,1173,,,32,32,21,30,20,29,27,26,20,26,63,0,0,0,0,0,161,85.85,673,3.002,2.942,,0,7,5,3,7,7,6,52,6,46,74,25.71,4.446,,0,23.86,1.812,,0
2026-05-08 03:57:00,1004,587,257,85.37,,0,0,0,4.569,4.591,0,169,637,318,319,1207,,,31,33,22,30,18,27,25,29,21,24,64,0,0,0,0,0,161,86.94,693,3.005,3.04,,0,5,5,8,9,6,9,56,7,47,76,37.14,4.413,,0,48.3,2.229,,0
2026-05-08 03:58:00,998,576,253,84.32,,0,0,0,4.495,4.139,0,169,625,306,319,1230,,,31,33,21,30,14,28,28,26,23,32,63,0,0,0,0,0,161,84.76,680,2.996,3.03,,0,5,8,11,7,7,8,46,4,39,71,34.29,4.339,,0,52.27,2.028,,0
2026-05-08 03:59:00,1023,579,251,82.93,,0,0,0,4.499,4.251,0,206,651,317,334,1263,,,26,34,18,30,14,28,27,26,27,36,63,0,.59,0,0,0,161,88.44,682,2.986,2.998,,0,8,3,8,7,7,8,50,4,43,75,40,4.675,,0,43.18,1.511,,0
2026-05-08 04:00:00,1022,573,253,82.93,,0,0,0,4.495,4.593,0,204,648,318,330,1263,,,29,37,19,28,11,30,27,25,33,34,61,0,0,0,0,0,161,87.48,688,2.999,3.194,0,0,7,6,8,7,9,8,48,3,44,72,34.29,3.992,0,0,29.55,1.518,0,0
2026-05-08 04:01:00,1036,578,250,82.58,,0,0,0,4.445,4.06,0,212,673,339,334,1271,,,29,33,19,28,13,30,29,24,34,34,58,0,0,0,0,0,161,88.3,693,3.051,3.666,,0,8,7,6,8,6,9,55,9,46,71,40,5.813,,0,15.91,1.823,,0
2026-05-08 04:02:00,1033,575,261,83.62,,0,0,0,4.471,4.726,0,210,659,334,325,1273,,,32,35,21,28,15,31,31,27,34,30,60,0,0,0,0,0,161,87.07,683,2.982,3.064,,0,6,8,8,7,6,8,57,9,47,75,54.29,4.17,,0,29.55,2.279,,0
2026-05-08 04:03:00,1049,552,258,83.97,,0,0,0,4.429,3.896,0,207,666,332,334,1261,,,32,34,21,28,19,28,30,29,32,31,61,0,0,0,0,0,161,88.71,713,2.985,3.07,,0,8,8,8,7,5,10,51,5,45,75,51.43,4.962,,0,48.86,2.51,,0
2026-05-08 04:04:00,1039,552,251,82.23,,0,0,0,4.336,5.087,0,201,648,322,326,1249,,,29,36,23,30,17,30,30,30,32,35,58,0,0,0,0,0,161,89.39,715,3.001,2.976,,0,10,7,5,6,6,10,54,6,47,75,62.86,4.463,,0,31.82,1.64,,0
2026-05-08 04:05:00,1039,549,257,84.67,,0,0,0,4.256,4.552,0,193,677,342,335,1258,,,33,31,23,33,19,31,32,30,35,32,56,0,0,0,0,0,161,91.84,722,3.049,3.391,0,0,9,5,6,12,5,9,57,8,49,77,60,4.779,0,0,18.75,1.324,0,0
2026-05-08 04:06:00,1039,544,255,82.93,,0,0,0,4.288,5.092,0,186,659,332,327,1245,,,32,31,20,30,23,29,32,32,32,31,56,0,0,0,0,0,161,88.71,707,3.094,3.501,,0,9,7,8,10,5,10,56,10,46,73,60,5.032,,0,16.48,1.766,,0
2026-05-08 04:07:00,1074,542,264,84.67,,0,0,0,4.243,4.265,0,181,704,351,353,1273,,,29,31,20,32,23,29,33,30,34,31,56,0,0,0,0,0,161,87.48,706,3.09,3.403,,0,8,9,9,9,5,12,48,7,41,72,42.86,4.607,,0,28.98,2.174,,0
2026-05-08 04:08:00,1075,538,271,88.15,,0,0,0,4.293,4.951,0,179,686,343,343,1250,,,31,28,18,33,19,30,31,30,30,31,58,0,0,0,0,0,161,84.08,666,3.094,3.155,,0,10,9,10,8,8,12,44,2,42,70,34.29,6.79,,0,36.36,2.246,,0
2026-05-08 04:09:00,1095,536,276,89.55,,0,0,0,4.365,5.686,0,181,703,349,354,1272,,,31,27,21,29,18,31,35,34,29,31,56,0,0,0,0,0,161,83.27,654,3.104,3.086,,0,8,10,8,8,9,11,47,4,43,70,31.43,5.549,,0,28.41,1.286,,0
2026-05-08 04:10:00,1090,532,278,89.55,,0,0,0,4.275,4.46,0,181,698,344,354,1301,,,30,28,23,29,17,28,33,30,30,35,54,0,0,0,0,0,161,81.77,652,3.147,3.337,0,0,9,8,6,7,9,7,44,3,41,66,31.43,5.025,0,0,20.45,1.342,0,0
2026-05-08 04:11:00,1104,524,287,92.68,,0,0,0,4.457,6.282,0,177,726,366,360,1284,,,30,27,26,30,19,31,32,31,33,33,56,0,0,0,0,0,161,87.21,702,3.174,3.482,,0,5,6,6,8,9,8,46,3,43,69,42.86,3.937,,0,13.64,1.745,,0
2026-05-08 04:12:00,1084,524,284,91.99,,0,0,0,4.572,5.694,0,184,717,359,358,1272,,,31,30,27,28,21,31,36,32,33,34,55,0,0,0,0,0,161,90.07,725,3.137,3.135,,0,5,12,6,6,8,9,41,3,36,72,51.43,3.796,,0,40.34,1.732,,0
2026-05-08 04:13:00,1092,540,271,89.2,,0,0,0,4.565,6.179,0,183,713,351,362,1280,,,30,35,23,29,21,33,35,32,40,36,60,0,0,0,0,0,161,94.56,763,3.129,3.095,,0,6,12,7,5,8,11,47,3,44,75,40,4.109,,0,44.32,2.056,,0
2026-05-08 04:14:00,1097,536,273,88.85,,0,0,0,4.54,6.269,0,179,724,356,368,1298,,,30,36,23,27,25,29,38,35,41,39,60,0,.59,0,0,0,161,95.51,771,3.118,2.872,,0,7,9,10,7,5,10,47,5,42,72,40,4.838,,0,35.8,1.525,,0
2026-05-08 04:15:00,1095,537,269,89.9,,0,0,0,4.687,6.168,0,174,710,342,368,1285,,,30,31,25,31,23,33,38,34,43,37,62,0,0,0,0,0,161,93.2,749,3.127,3.347,0,0,9,11,10,9,4,8,47,4,43,67,40,3.779,0,0,23.3,1.319,0,0
2026-05-08 04:16:00,1104,532,266,87.46,,0,0,0,4.686,6.999,0,204,715,352,363,1322,,,31,31,27,28,21,31,35,38,41,39,62,0,1.18,0,0,0,161,93.06,743,3.143,3.385,,0,11,10,9,8,6,9,53,4,49,72,42.86,3.581,,0,15.91,1.747,,0
2026-05-08 04:17:00,1105,543,262,87.11,,0,0,0,4.912,6.776,0,189,743,373,370,1328,,,30,29,28,31,18,31,37,41,40,37,63,0,.59,0,0,0,161,91.84,734,3.086,3.144,,0,14,9,8,8,8,9,52,2,48,72,40,4.124,,0,43.75,2.438,,0
2026-05-08 04:18:00,1100,546,271,88.15,,0,0,0,4.853,6.528,0,184,733,373,360,1328,,,34,32,33,30,18,27,29,40,38,39,63,0,0,0,0,0,161,88.03,705,3.1,3.37,,0,16,9,9,9,12,9,50,6,42,76,37.14,4.369,,0,48.86,1.937,,0
2026-05-08 04:19:00,1129,536,285,91.29,,0,0,0,5.151,7.402,0,184,757,378,379,1336,,,34,32,30,28,18,29,33,41,36,37,64,0,0,0,0,0,161,88.71,701,3.109,3.2,,0,15,10,8,8,10,11,47,4,42,73,40,4.975,,0,24.43,1.889,,0
2026-05-08 04:20:00,1129,531,292,91.64,,0,0,0,5.007,4.991,0,179,769,393,376,1321,,,32,31,30,29,21,33,31,38,35,37,63,0,.59,0,0,0,161,86.12,684,3.143,3.407,0,0,16,9,8,11,7,12,45,4,41,74,34.29,4.685,0,0,10.8,1.372,0,0
2026-05-08 04:21:00,1136,543,287,92.33,,0,0,0,5.264,8.063,0,171,747,385,362,1300,,,32,29,27,30,23,31,30,38,35,39,61,0,0,0,0,0,161,85.85,687,3.201,3.731,,0,15,9,11,12,11,15,44,7,36,73,22.86,4.593,,0,12.5,1.846,,0
2026-05-08 04:22:00,1131,549,280,90.24,,0,0,0,5.293,7.836,0,158,741,392,349,1284,,,32,32,29,32,24,32,31,38,38,43,59,0,.59,0,0,0,161,85.17,682,3.141,3.271,,0,17,8,11,12,13,12,40,5,35,68,28.57,3.518,,0,32.39,2.461,,0
2026-05-08 04:23:00,1116,558,268,88.85,,0,0,0,5.521,6.744,0,172,723,383,340,1281,,,34,31,29,33,25,34,30,38,36,43,55,0,0,0,0,0,161,85.71,685,3.125,3.112,,0,19,6,10,12,13,11,42,7,35,68,25.71,4.372,,0,44.32,2.215,,0
2026-05-08 04:24:00,1122,552,267,86.41,,0,0,0,5.313,6.956,0,165,715,385,330,1279,,,36,30,28,33,26,33,29,44,34,42,57,0,0,0,0,0,161,85.44,693,3.128,2.909,,0,20,5,13,12,12,10,42,3,38,64,31.43,4.665,,0,27.84,1.528,,0
2026-05-08 04:25:00,1098,556,266,88.15,,0,0,0,5.44,6.294,0,161,694,372,322,1266,,,35,30,26,34,27,34,34,45,34,38,57,0,0,0,0,0,161,83.13,649,3.13,3.134,1,0,20,8,14,12,11,12,37,2,33,59,28.57,4.099,0,0,18.75,1.306,0,0
2026-05-08 04:26:00,1100,554,267,88.15,,0,0,0,5.222,6.978,0,169,675,360,315,1282,,,35,34,24,34,28,33,35,40,37,40,59,0,0,0,0,0,161,85.03,665,3.124,3.223,,0,19,10,11,9,13,12,47,8,39,68,31.43,4.832,,0,15.34,1.681,,0
2026-05-08 04:27:00,1117,548,259,85.71,,0,0,0,5.305,6.282,0,196,713,382,331,1311,,,36,39,24,38,26,34,39,43,44,39,61,0,0,0,0,0,161,86.94,697,3.071,2.952,,0,16,9,8,12,12,13,62,16,45,80,37.14,4.747,,0,34.09,2.157,,0
2026-05-08 04:28:00,1114,537,271,88.15,,0,0,0,5.067,7.005,0,184,708,377,331,1290,,,35,39,25,36,23,37,35,42,44,40,59,0,0,0,0,0,161,85.99,682,3.029,3.049,,0,16,8,8,12,10,10,52,13,39,74,34.29,4.052,,0,29.55,2.115,,0
2026-05-08 04:29:00,1107,562,271,89.2,,0,0,0,5.108,5.561,0,182,725,388,337,1299,,,34,39,27,32,22,35,39,39,42,39,61,0,0,0,0,0,161,89.93,712,3.003,2.916,,0,15,5,10,11,9,11,55,10,44,73,31.43,3.828,,0,25,1.818,,0
2026-05-08 04:30:00,1094,587,272,90.24,,0,0,0,5.126,10.034,0,177,699,378,321,1276,,,34,41,24,31,25,33,38,38,40,37,61,0,0,0,0,0,161,88.71,711,3.009,3.112,0,0,12,7,7,14,12,11,54,9,43,73,31.43,2.957,0,0,21.59,1.507,0,0
2026-05-08 04:31:00,1120,577,267,88.5,,0,0,0,5.15,5.194,0,178,744,406,338,1294,,,35,42,19,32,23,34,40,38,40,36,60,0,.59,0,0,0,161,90.75,704,3.013,3.319,,0,9,8,5,11,10,10,54,7,47,73,25.71,4.208,,0,12.5,1.589,,0
2026-05-08 04:32:00,1114,569,271,91.29,,0,0,0,5.158,9.154,0,181,732,395,337,1320,,,31,38,22,29,28,34,40,39,40,36,60,0,.59,0,0,0,161,90.61,709,2.974,3.126,,0,8,9,7,10,9,12,54,6,47,77,31.43,3.837,,0,28.41,1.948,,0
2026-05-08 04:33:00,1125,555,280,89.9,,0,0,0,5.114,5.753,0,168,766,417,349,1319,,,28,38,21,32,28,36,38,34,42,32,62,0,.59,0,0,0,161,85.03,665,2.959,3.033,,0,9,9,4,14,8,8,48,5,42,73,42.86,3.301,,0,29.55,1.855,,0
2026-05-08 04:34:00,1125,556,284,90.24,,0,0,0,5.032,9.487,0,165,770,410,360,1312,,,32,39,25,32,27,36,39,33,44,30,63,0,0,0,0,0,161,81.36,650,2.974,3.075,,0,8,8,6,14,6,6,51,7,43,68,37.14,3.796,,0,20.45,1.775,,0
2026-05-08 04:35:00,1118,555,268,87.46,,0,0,0,5.117,5.786,0,164,754,404,350,1288,,,29,39,24,31,27,37,35,32,42,34,64,0,0,0,0,0,161,83.81,660,3.018,3.348,0,0,10,8,7,14,8,9,52,8,44,73,22.86,4.648,0,0,12.5,1.354,0,0
2026-05-08 04:36:00,1127,551,264,88.15,,0,0,0,4.704,6.015,0,162,738,397,341,1272,,,28,39,29,34,25,36,35,31,39,39,66,0,0,0,0,0,161,86.67,689,3.085,3.677,,0,11,8,7,11,5,11,52,7,45,76,11.43,4.364,,0,9.66,1.833,,0
2026-05-08 04:37:00,1121,554,269,88.15,,0,0,0,4.818,5.842,0,157,739,400,339,1267,,,28,44,24,29,27,37,31,32,39,38,66,0,0,0,0,0,161,85.17,674,3.101,3.372,,0,11,9,7,7,8,11,52,4,48,73,22.86,4.528,,0,31.25,2.003,,0
2026-05-08 04:38:00,1115,574,273,89.2,,0,0,0,5.27,12.999,0,176,720,389,331,1281,,,30,41,27,33,28,36,33,33,36,38,64,0,0,0,0,0,161,84.63,667,3.107,3.19,,0,9,7,7,7,9,10,55,5,50,71,37.14,3.72,,0,32.95,1.229,,0
2026-05-08 04:39:00,1114,560,271,89.9,,0,0,0,4.785,6.348,0,171,716,389,327,1266,,,28,39,28,33,31,33,34,35,34,41,63,0,0,0,0,0,161,85.31,666,3.106,2.896,,0,10,9,5,9,10,9,49,5,44,75,34.29,6.433,,0,18.75,1.198,,0
2026-05-08 04:40:00,1111,535,273,88.15,,0,0,0,5.334,11.291,0,174,698,379,319,1254,,,29,36,30,32,27,34,34,35,32,42,63,0,0,0,0,0,161,81.9,641,3.133,3.161,0,0,11,8,4,13,8,10,42,4,38,73,40,4.827,0,0,15.34,1.376,0,0
2026-05-08 04:41:00,1121,543,278,89.2,,0,0,0,4.755,4.526,0,172,738,406,332,1262,,,31,38,29,33,27,36,35,32,34,38,62,0,1.18,0,0,0,161,83.81,655,3.148,3.25,,0,11,3,6,9,6,10,47,4,43,74,28.57,5.21,,0,17.61,1.781,,0
2026-05-08 04:42:00,1108,547,272,88.5,,0,0,0,5.192,10.965,0,176,729,400,329,1280,,,29,35,29,37,25,37,35,35,36,34,62,0,1.18,0,0,0,161,80.14,625,3.103,2.964,,0,10,7,6,8,10,9,51,6,44,77,20,4.328,,0,27.84,2.159,,0
2026-05-08 04:43:00,1128,537,286,89.55,,0,0,0,4.84,6.735,0,171,754,412,342,1265,,,28,35,27,34,27,37,36,32,34,34,64,0,1.18,0,0,0,161,83.81,650,3.092,3.002,,0,10,7,7,6,8,11,48,4,42,75,17.14,4.614,,0,38.07,1.256,,0
2026-05-08 04:44:00,1131,530,281,90.24,,0,0,0,5.317,10.957,0,174,755,405,350,1271,,,29,35,32,35,29,34,32,30,32,39,63,0,1.18,0,0,0,161,81.5,633,3.072,2.901,,0,12,8,5,4,7,10,41,2,39,77,28.57,4.209,,0,22.73,1.478,,0
2026-05-08 04:45:00,1125,524,277,90.24,,0,0,0,4.855,4.977,0,172,742,398,344,1253,,,26,38,31,32,27,38,31,30,33,37,65,0,1.18,0,0,0,161,83.27,651,3.086,3.343,0,0,14,8,9,4,6,14,36,1,34,74,37.14,4.283,0,0,17.61,1.215,0,0
2026-05-08 04:46:00,1122,535,280,90.59,,0,0,0,5.433,11.752,0,169,728,389,339,1240,,,24,39,31,34,25,36,32,28,35,37,65,0,.59,0,0,0,161,83.67,654,2.998,2.787,,0,11,7,8,6,7,13,39,2,35,73,31.43,5.168,,0,14.77,1.724,,0
2026-05-08 04:47:00,1118,521,284,90.59,,0,0,0,4.967,5.754,0,166,726,384,342,1223,,,24,36,33,39,27,36,29,29,35,39,64,0,.59,0,0,0,161,85.71,678,2.978,3.062,,0,8,5,7,6,9,12,38,1,34,71,25.71,5.367,,0,36.36,2.197,,0
2026-05-08 04:48:00,1102,507,274,88.5,,0,0,0,5.697,11.932,0,162,705,379,326,1211,,,24,41,30,37,31,37,31,31,36,36,62,0,.59,0,0,0,161,86.12,688,2.935,2.832,,0,14,8,6,6,12,12,33,0,31,72,28.57,4.201,,0,46.02,2.058,,0
2026-05-08 04:49:00,1084,519,277,89.9,,0,0,0,5.176,6.612,0,151,690,374,316,1182,,,29,39,31,37,28,35,27,32,30,34,59,0,.59,0,0,0,161,86.67,683,2.943,2.977,,0,15,10,4,5,12,11,31,0,29,66,31.43,5.045,,0,36.36,1.6,,0
2026-05-08 04:50:00,1071,537,277,90.59,,0,0,0,5.869,11.127,0,158,670,367,303,1192,,,29,41,33,38,28,35,27,28,32,37,58,0,1.18,0,0,0,161,87.07,685,2.972,3.277,0,0,14,8,2,5,12,10,32,1,29,60,28.57,4.414,0,0,14.77,1.44,0,0
2026-05-08 04:51:00,1081,531,271,90.24,,0,0,0,5.267,5.917,0,187,693,399,294,1243,,,28,44,34,35,25,37,26,29,30,41,66,0,1.78,0,0,0,161,85.85,670,2.988,3.014,,0,10,10,6,4,10,11,46,4,41,73,22.86,4.877,,0,11.93,1.912,,0
2026-05-08 04:52:00,1059,535,265,89.2,,0,0,0,5.945,11.753,0,206,673,390,283,1299,,,28,42,32,33,33,34,25,28,31,38,67,0,1.18,0,0,0,161,79.73,622,2.98,3.125,,0,11,8,9,6,12,9,53,5,47,76,25.71,4.435,,0,26.7,2.369,,0
2026-05-08 04:53:00,1068,553,273,90.24,,0,0,0,5.326,5.518,0,211,687,400,287,1284,,,30,36,29,33,33,35,26,27,28,36,67,0,0,0,0,0,161,86.67,684,2.97,2.98,,0,10,9,10,8,11,8,47,6,40,72,25.71,4.124,,0,55.11,1.94,,0
2026-05-08 04:54:00,1073,569,266,88.5,,0,0,0,5.886,10.311,0,223,662,387,275,1297,,,31,36,31,31,31,34,31,23,28,31,71,0,0,0,0,0,161,82.59,653,2.985,3.033,,0,8,9,5,10,10,9,47,4,42,71,22.86,3.51,,0,38.64,1.661,,0
2026-05-08 04:55:00,1083,573,274,91.64,,0,0,0,5.348,5.089,0,214,680,396,284,1306,,,33,35,30,33,29,35,27,26,24,31,68,0,0,0,0,0,161,84.22,671,2.99,3.119,0,0,9,5,5,10,8,11,50,7,43,71,20,3.855,0,0,20.45,1.216,0,0
2026-05-08 04:56:00,1088,577,281,94.08,,0,0,0,5.528,6.991,0,210,699,397,302,1316,,,32,37,28,35,27,33,26,27,21,34,66,0,0,0,0,0,161,85.58,677,3.052,3.415,,0,8,5,9,8,8,6,50,8,42,71,22.86,4.323,,0,11.36,1.688,,0
2026-05-08 04:57:00,1085,597,273,90.59,,0,0,0,5.288,4.517,0,209,679,388,291,1292,,,29,36,31,37,28,34,25,25,22,31,71,0,0,0,0,0,161,84.22,670,2.979,2.993,,0,9,4,6,6,9,5,57,7,50,75,34.29,3.826,,0,31.82,2.29,,0
2026-05-08 04:58:00,1078,612,278,92.33,,0,0,0,5.276,5.89,0,204,664,383,281,1289,,,33,30,29,36,28,35,24,25,24,31,68,0,0,0,0,0,161,85.71,661,2.994,3.016,,0,9,8,4,3,10,6,53,7,46,73,37.14,4.275,,0,39.77,1.487,,0
2026-05-08 04:59:00,1076,618,262,88.15,,0,0,0,5.258,5.593,0,201,658,372,286,1278,,,32,31,33,41,29,35,25,21,25,28,67,0,0,0,0,0,161,85.17,677,3,3.031,,0,6,8,6,6,6,9,57,9,48,73,34.29,4.28,,0,28.41,2.08,,0
2026-05-08 05:00:00,1078,607,264,90.59,,0,0,0,4.949,5.545,0,189,643,365,278,1247,,,29,39,32,35,28,36,28,21,27,30,64,0,0,0,0,0,161,85.99,693,2.981,3.035,0,0,8,8,7,6,6,9,53,6,46,72,17.14,5.307,0,0,22.16,1.324,0,0
2026-05-08 05:01:00,1099,604,276,90.94,,0,0,0,4.828,5.007,0,182,678,383,295,1265,,,30,42,31,37,25,35,30,20,29,32,64,0,0,0,0,0,161,88.44,694,3.016,3.36,,0,8,5,6,5,7,5,56,5,47,74,5.71,4.632,,0,17.05,1.654,,0
2026-05-08 05:02:00,1096,612,282,91.64,,0,0,0,4.824,6.063,0,203,665,378,287,1310,,,28,42,32,34,25,35,25,21,29,32,64,0,0,0,0,0,161,86.12,670,2.936,2.81,,0,8,8,6,5,8,8,57,7,46,78,8.57,4.14,,0,31.25,1.785,,0
2026-05-08 05:03:00,1103,617,288,94.08,,0,0,0,4.479,4.808,0,183,682,384,298,1292,,,26,42,30,37,23,37,24,23,25,36,63,0,.59,0,0,0,161,87.21,705,2.921,2.852,,0,11,8,6,6,6,5,49,6,40,72,11.43,4.542,,0,49.43,1.959,,0
2026-05-08 05:04:00,1096,623,298,95.82,,0,0,0,4.624,7.067,0,181,705,386,319,1309,,,27,39,31,38,24,38,22,19,27,37,61,0,1.18,0,0,0,161,87.48,694,2.895,2.761,,0,7,8,5,6,4,4,52,5,45,74,17.14,4.124,,0,36.93,1.721,,0
2026-05-08 05:05:00,1106,610,296,93.73,,0,0,0,4.296,4.357,0,175,690,373,317,1283,,,24,38,34,35,25,37,23,23,27,41,59,0,.59,0,0,0,161,83.81,667,2.91,3.026,0,0,6,5,6,4,3,3,53,4,48,75,25.71,4.85,0,0,23.86,1.308,0,0
2026-05-08 05:06:00,1124,591,294,94.43,,0,0,0,4.489,7.856,0,169,688,369,319,1287,,,25,38,32,41,21,39,24,26,29,41,61,0,.59,0,0,0,161,85.31,664,2.937,3.295,,0,8,5,5,4,6,9,49,4,45,76,22.86,4.172,,0,19.32,1.806,,0
2026-05-08 05:07:00,1141,577,294,92.68,,0,0,0,4.603,6.187,0,158,729,392,337,1297,,,28,35,34,39,19,40,29,29,29,39,61,0,0,0,0,0,161,86.53,696,2.895,2.888,,0,8,8,5,4,7,10,48,4,42,74,31.43,3.387,,0,23.86,2.237,,0
2026-05-08 05:08:00,1120,569,278,90.59,,0,0,0,4.462,7.374,0,174,727,393,334,1311,,,24,35,38,41,24,37,28,30,28,37,56,0,0,0,0,0,161,86.94,685,2.884,2.955,,0,9,5,5,7,7,9,43,3,39,74,34.29,4.799,,0,45.45,2.139,,0
2026-05-08 05:09:00,1122,561,290,90.24,,0,0,0,4.606,6.473,0,169,717,387,330,1290,,,25,31,40,41,25,36,26,29,31,34,60,0,0,0,0,0,161,87.07,675,2.89,2.965,,0,9,6,5,7,7,8,38,3,35,70,34.29,4.586,,0,39.77,1.562,,0
2026-05-08 05:10:00,1104,568,287,92.33,,0,0,0,4.416,5.241,0,166,705,384,321,1267,,,30,36,36,39,27,34,29,35,30,37,59,0,0,0,0,0,161,83.13,652,2.884,3.118,0,0,10,6,9,7,7,7,38,0,38,71,22.86,4.258,0,0,24.43,1.54,0,0
2026-05-08 05:11:00,1118,549,297,91.29,,0,0,0,4.599,6.668,0,163,713,389,324,1252,,,34,38,33,35,24,35,31,30,35,30,61,0,0,0,0,0,161,82.45,636,2.926,3.336,,0,9,6,6,7,9,7,44,1,43,76,28.57,4.812,,0,22.16,1.613,,0
2026-05-08 05:12:00,1116,530,288,91.64,,0,0,0,4.6,6.086,0,160,703,384,319,1244,,,31,37,32,37,23,38,34,34,31,30,63,0,0,0,0,0,161,80.68,618,2.938,3.137,,0,9,6,6,8,8,6,42,3,37,73,31.43,4.435,,0,31.25,2.177,,0
2026-05-08 05:13:00,1094,522,286,90.94,,0,0,0,4.802,7.999,0,149,682,369,313,1219,,,30,33,32,42,24,36,29,32,38,29,62,0,.59,0,0,0,161,79.32,618,2.91,2.712,,0,8,10,4,9,10,8,41,2,37,74,28.57,4.38,,0,39.2,2.044,,0
2026-05-08 05:14:00,1076,518,271,89.2,,0,0,0,5.04,8.62,0,149,659,355,304,1202,,,27,34,34,43,24,31,30,32,39,31,62,0,0,0,0,0,161,81.77,651,2.924,2.911,,0,7,15,11,9,6,11,36,0,35,77,31.43,4.385,,0,31.25,1.527,,0
2026-05-08 05:15:00,1059,534,268,88.15,,0,0,0,5.325,7.195,0,142,652,353,299,1195,,,30,33,35,42,27,33,31,28,38,34,61,0,1.18,0,0,0,161,84.08,657,2.947,3.104,0,0,4,14,11,10,7,9,34,0,33,72,25.71,4.746,0,0,21.02,1.279,0,0
2026-05-08 05:16:00,1024,571,278,90.94,,0,0,0,5.186,5.819,0,166,635,341,294,1225,,,32,34,36,39,25,31,29,30,37,34,62,0,0,0,0,0,161,85.17,682,2.938,3.064,,0,4,9,13,8,9,10,39,1,37,72,20,3.251,,0,15.34,1.824,,0
2026-05-08 05:17:00,1029,565,266,88.5,,0,0,0,5.375,6.982,0,161,653,355,298,1210,,,33,35,36,38,26,31,28,34,35,33,62,0,0,0,0,0,161,86.67,701,2.902,2.911,,0,9,8,9,10,9,9,44,0,41,74,25.71,4.238,,0,31.82,1.813,,0
2026-05-08 05:18:00,1020,554,263,86.76,,0,0,0,5.338,6.739,0,171,670,363,307,1235,,,27,35,31,35,22,33,27,32,30,32,63,0,0,0,0,0,161,84.9,696,2.882,2.841,,0,8,9,8,12,8,9,48,3,44,74,17.14,4.556,,0,36.93,1.554,,0
2026-05-08 05:19:00,1015,555,267,89.2,,0,0,0,5.417,5.43,0,157,669,372,297,1225,,,31,32,26,34,21,31,27,29,28,28,61,0,0,0,0,0,161,87.35,701,2.916,3.097,,0,5,9,8,12,8,10,47,1,44,75,22.86,5.329,,0,31.82,1.846,,0
2026-05-08 05:20:00,1007,551,274,88.85,,0,0,0,5.344,5.474,0,156,651,363,288,1218,,,32,31,25,31,20,35,28,28,23,30,61,0,0,0,0,0,161,87.35,721,2.934,3.164,0,0,5,11,8,11,9,9,46,1,45,73,31.43,4.353,0,0,20.45,1.237,0,0
2026-05-08 05:21:00,1021,578,269,89.55,,0,0,0,5.367,6.102,0,157,667,375,292,1213,,,28,31,26,29,22,38,25,27,20,35,63,0,.59,0,0,0,161,89.12,718,2.979,3.664,,0,5,12,10,9,4,11,51,4,46,71,40,3.661,,0,19.32,1.747,,0
2026-05-08 05:22:00,1008,592,273,90.24,,0,0,0,5.377,7.493,0,160,644,361,283,1210,,,26,29,30,31,26,38,21,29,22,37,63,0,.59,0,0,0,161,88.3,697,2.936,3.244,,0,5,6,11,10,6,9,52,5,46,74,51.43,4.628,,0,31.25,2.069,,0
2026-05-08 05:23:00,1016,597,263,89.55,,0,0,0,5.401,6.055,0,153,655,369,286,1211,,,26,30,29,31,26,35,20,26,28,37,62,0,1.18,0,0,0,161,87.48,699,2.991,3.279,,0,7,7,10,9,8,11,53,1,50,76,40,4.122,,0,36.93,1.705,,0
2026-05-08 05:24:00,1021,601,266,89.9,,0,0,0,5.18,4.603,0,138,658,382,276,1201,,,27,29,28,30,25,36,22,25,26,40,68,0,0,0,0,0,161,88.16,710,3.014,3.132,,0,9,7,10,6,6,10,51,3,47,70,34.29,5.284,,0,26.14,1.584,,0
2026-05-08 05:25:00,1008,608,264,89.2,,0,0,0,5.423,8.615,0,135,642,382,260,1176,,,26,35,30,32,24,36,22,26,30,36,67,0,0,0,0,0,161,88.57,703,3.052,3.223,0,0,7,10,9,5,7,10,49,4,45,66,42.86,4.862,0,0,14.2,1.322,0,0
2026-05-08 05:26:00,1009,592,273,91.99,,0,0,0,5.005,5.404,0,140,619,364,255,1202,,,29,37,28,27,26,38,23,25,33,37,68,0,0,0,0,0,161,89.93,715,3.149,3.786,,0,3,6,8,8,8,8,51,4,47,64,28.57,4.386,,0,18.75,1.769,,0
2026-05-08 05:27:00,1014,605,261,86.41,,0,0,0,4.921,4.376,0,144,643,381,262,1206,,,31,37,31,27,23,36,24,25,38,36,65,0,.59,0,0,0,161,89.12,702,3.13,3.251,,0,9,7,9,9,8,8,55,9,45,79,20,4.391,,0,42.61,1.99,,0
2026-05-08 05:28:00,1009,623,245,83.28,,0,0,0,4.974,7.45,0,143,654,383,271,1208,,,33,40,28,26,21,38,28,29,37,37,63,0,0,0,0,0,161,89.52,712,3.132,3.03,,0,10,6,8,9,5,7,49,1,47,72,17.14,5.506,,0,44.32,1.731,,0
2026-05-08 05:29:00,1008,620,257,86.06,,0,0,0,4.915,4.135,0,141,642,378,264,1191,,,31,38,26,27,23,35,28,30,38,36,60,0,0,0,0,0,161,89.66,707,3.166,3.423,,0,5,4,9,6,4,7,58,4,54,74,25.71,4.943,,0,26.14,1.5,,0
2026-05-08 05:30:00,998,620,251,85.37,,0,0,0,4.756,4.731,0,142,619,365,254,1179,,,29,34,27,30,22,35,28,36,30,34,59,0,0,0,0,0,161,89.66,713,3.134,3.197,0,0,4,5,8,5,6,9,51,4,46,67,25.71,4.477,0,0,20.45,1.322,0,0
2026-05-08 05:31:00,1024,615,247,83.28,,0,0,0,4.711,4.235,0,148,648,378,270,1189,,,32,34,27,32,19,35,26,32,34,38,66,0,0,0,0,0,161,90.2,724,3.155,3.334,,0,5,6,7,6,6,11,51,5,45,72,22.86,4.648,,0,21.02,1.79,,0
2026-05-08 05:32:00,1018,610,241,81.53,,0,0,0,4.583,5.151,0,154,662,395,267,1254,,,32,34,24,34,21,32,27,31,33,37,66,0,0,0,0,0,161,89.52,715,3.103,3.083,,0,8,3,6,8,7,7,59,7,51,79,11.43,3.823,,0,28.98,2.335,,0
2026-05-08 05:33:00,1026,598,237,79.44,,0,0,0,4.58,4.52,0,176,671,404,267,1244,,,37,36,23,33,20,35,29,32,31,36,66,0,.59,0,0,0,161,89.12,709,3.062,2.965,,0,8,7,6,5,8,6,54,6,47,76,11.43,4.82,,0,39.2,1.378,,0
2026-05-08 05:34:00,1020,588,231,77.35,,0,0,0,4.541,5.19,0,185,658,394,264,1265,,,35,36,27,33,22,34,28,32,29,38,67,0,0,0,0,0,161,85.85,684,3.052,3.022,,0,8,11,4,8,7,7,50,4,44,76,17.14,4.899,,0,23.86,1.515,,0
2026-05-08 05:35:00,1009,585,233,77,,0,0,0,4.856,8.145,0,196,673,404,269,1263,,,32,37,22,35,25,30,22,34,33,32,67,0,0,0,0,0,161,87.62,709,3.091,3.465,0,0,6,8,6,10,5,9,66,12,52,88,22.86,4.063,0,0,25,1.505,0,0
2026-05-08 05:36:00,1005,584,228,76.66,,0,0,0,4.354,4.637,0,203,700,418,282,1282,,,32,36,28,39,23,31,23,33,34,30,65,0,0,0,0,0,161,86.26,702,3.083,3.414,,0,6,5,7,6,7,9,64,9,52,83,17.14,5.12,,0,17.05,1.615,,0
2026-05-08 05:37:00,1049,575,233,78.75,,0,0,0,4.392,4.466,0,189,699,415,284,1277,,,30,38,31,38,22,31,22,31,33,32,64,0,0,0,0,0,161,88.84,702,3.039,3.112,,0,6,4,4,6,10,8,67,9,53,86,25.71,5.393,,0,34.09,1.846,,0
2026-05-08 05:38:00,1061,572,253,85.71,,0,0,0,4.686,9.331,0,184,705,426,279,1282,,,30,36,31,33,22,30,21,29,30,32,62,0,0,0,0,0,161,86.53,695,3.044,3.179,,0,7,4,6,5,7,8,64,10,49,86,25.71,5.362,,0,42.61,1.992,,0
2026-05-08 05:39:00,1080,563,250,84.67,,0,0,0,4.254,4.099,0,176,715,421,294,1283,,,30,33,29,33,21,30,24,31,31,27,62,0,0,0,0,0,161,85.71,685,3.06,3.104,,0,6,6,6,7,6,4,53,3,45,74,25.71,5.251,,0,27.27,1.497,,0
2026-05-08 05:40:00,1084,566,267,87.11,,0,0,0,4.737,10.385,0,156,719,430,289,1259,,,29,33,26,32,23,34,20,33,33,25,61,0,0,0,0,0,161,87.21,685,3.06,3.175,0,0,3,6,4,7,6,3,50,5,44,68,22.86,4.323,0,0,18.18,1.407,0,0
2026-05-08 05:41:00,1087,566,263,86.06,,0,0,0,4.37,4.209,0,152,701,420,281,1223,,,32,32,28,34,23,36,25,34,31,25,65,0,0,0,0,0,161,85.31,675,3.091,3.357,,0,4,6,5,7,3,5,55,7,46,71,31.43,4.879,,0,20.45,1.774,,0
2026-05-08 05:42:00,1076,569,253,84.32,,0,0,0,4.574,7.796,0,144,683,415,268,1203,,,31,35,33,34,24,32,26,34,30,22,61,0,0,0,0,0,161,86.67,677,3.059,3.181,,0,7,6,5,9,6,5,50,5,43,70,28.57,4.943,,0,48.3,2.256,,0
2026-05-08 05:43:00,1063,577,256,83.62,,0,0,0,4.608,4.743,0,134,668,410,258,1180,,,28,39,30,31,23,36,27,34,29,24,59,0,0,0,0,0,161,88.71,694,3.042,2.894,,0,6,4,6,10,8,6,47,2,44,70,17.14,4.383,,0,57.95,1.65,,0
2026-05-08 05:44:00,1065,581,267,86.41,,0,0,0,4.376,5.133,0,120,659,411,248,1178,,,29,37,26,34,23,35,28,33,28,22,60,0,.59,0,0,0,161,83.13,643,3.064,3.232,,0,6,5,5,12,5,7,42,2,40,67,34.29,3.578,,0,42.05,1.488,,0
2026-05-08 05:45:00,1056,565,264,86.76,,0,0,0,4.585,6.378,0,127,660,419,241,1166,,,30,35,21,33,24,37,30,31,34,24,61,0,0,0,0,0,161,83.81,656,3.057,3.114,0,0,6,7,7,9,8,6,44,4,41,74,22.86,4.302,0,0,17.61,1.404,0,0
2026-05-08 05:46:00,1045,570,272,87.8,,0,0,0,4.292,4.705,0,156,695,434,261,1230,,,30,39,24,30,22,36,31,32,31,22,65,0,0,0,0,0,161,88.57,710,3.077,3.435,,0,6,9,9,7,8,7,46,4,42,72,22.86,4.165,,0,13.64,1.868,,0
2026-05-08 05:47:00,1055,574,264,87.46,,0,0,0,4.346,4.913,0,163,680,423,257,1218,,,31,38,25,28,20,36,32,29,32,30,64,0,.59,0,0,0,161,88.3,714,3.01,3.101,,0,8,5,8,6,9,7,49,5,43,72,17.14,3.9,,0,34.66,2.333,,0
2026-05-08 05:48:00,1050,561,270,88.5,,0,0,0,4.481,6.19,0,162,665,412,253,1198,,,30,38,29,28,20,35,31,29,35,28,63,0,0,0,0,0,161,87.35,711,2.952,2.847,,0,8,5,5,8,5,8,49,7,41,74,5.71,4.509,,0,36.93,2.275,,0
2026-05-08 05:49:00,1056,565,268,87.46,,0,0,0,4.381,5.064,0,164,672,407,265,1200,,,32,36,25,30,22,36,26,27,36,33,64,0,0,0,0,0,161,89.12,705,2.944,2.905,,0,4,5,9,10,4,6,48,7,41,75,20,4.952,,0,34.66,1.363,,0
2026-05-08 05:50:00,1048,568,259,87.8,,0,0,0,4.432,6.632,0,162,670,407,263,1214,,,30,38,22,32,21,36,29,25,32,34,62,0,0,0,0,0,161,88.44,691,2.925,2.881,0,0,5,6,9,8,6,3,50,5,45,74,17.14,4.419,0,0,23.86,1.234,0,0
2026-05-08 05:51:00,1068,568,262,87.8,,0,0,0,4.268,4.783,0,167,706,425,281,1233,,,33,34,27,30,17,34,27,28,35,32,65,0,0,0,0,0,161,88.44,687,2.958,3.328,,0,5,4,8,7,4,4,55,5,50,73,22.86,5.151,,0,15.34,1.551,,0
2026-05-08 05:52:00,1062,570,272,89.9,,0,0,0,4.472,6.273,0,170,717,427,290,1247,,,32,32,25,30,20,36,25,31,31,30,65,0,0,0,0,0,161,90.34,718,2.929,3.138,,0,4,3,5,8,5,6,53,5,48,74,40,5.189,,0,26.7,2.086,,0
2026-05-08 05:53:00,1054,569,264,89.9,,0,0,0,4.679,6.877,0,167,695,414,281,1215,,,32,34,28,32,20,33,26,28,35,37,69,0,0,0,0,0,161,91.02,728,2.928,2.913,,0,6,4,7,11,3,8,48,4,43,73,31.43,4.607,,0,35.8,1.87,,0
2026-05-08 05:54:00,1049,565,260,86.06,,0,0,0,4.53,6.023,0,163,693,397,296,1225,,,27,34,25,33,17,36,24,28,37,36,67,0,.59,0,0,0,161,88.71,723,2.92,3.162,,0,8,4,8,8,4,7,43,2,39,71,42.86,3.904,,0,25.57,1.571,,0
2026-05-08 05:55:00,1065,569,250,84.32,,0,0,0,4.493,4.833,0,153,679,389,290,1220,,,30,32,24,32,23,38,27,28,37,38,64,0,.59,0,0,0,161,89.8,727,2.929,2.971,0,0,9,6,6,10,5,4,47,3,44,73,31.43,5.244,0,0,21.02,1.536,0,0
2026-05-08 05:56:00,1076,558,257,85.71,,0,0,0,4.717,6.527,0,157,668,386,282,1200,,,33,34,24,30,22,35,27,28,35,37,63,0,0,0,0,0,161,89.25,720,2.95,3.158,,0,8,6,5,6,6,4,52,3,48,73,34.29,4.632,,0,17.61,1.759,,0
2026-05-08 05:57:00,1071,568,254,85.02,,0,0,0,4.576,4.679,0,149,673,398,275,1200,,,35,35,24,27,19,37,26,28,33,35,64,0,0,0,0,0,161,89.8,726,2.955,3.01,,0,7,5,4,8,8,7,52,8,43,73,22.86,4.335,,0,41.48,2.313,,0
2026-05-08 05:58:00,1080,579,272,88.85,,0,0,0,4.795,7.86,0,141,693,398,295,1221,,,31,35,21,26,18,39,23,31,36,35,64,0,0,0,0,0,161,89.39,733,2.98,3.079,,0,8,6,6,6,7,2,55,6,48,74,25.71,4.953,,0,36.93,1.968,,0
2026-05-08 05:59:00,1083,577,271,88.5,,0,0,0,4.616,4.679,0,136,680,387,293,1210,,,32,41,24,24,17,36,25,26,38,31,64,0,0,0,0,0,161,91.29,743,3.029,3.406,,0,8,6,6,3,5,6,52,4,48,74,37.14,4.522,,0,25,1.377,,0
2026-05-08 06:00:00,1062,579,265,86.76,,0,0,0,4.901,8.026,0,152,661,374,287,1217,,,32,39,21,26,19,35,25,23,36,33,64,0,0,0,0,0,161,90.34,738,3.049,3.036,0,0,8,6,4,7,5,8,53,7,46,74,25.71,4.541,0,0,17.05,1.42,0,0
2026-05-08 06:01:00,1076,578,262,86.76,,0,0,0,4.59,4.103,0,137,684,390,294,1226,,,32,31,27,30,18,35,27,24,35,31,63,0,0,0,0,0,161,91.16,747,3.118,3.628,,0,9,5,3,8,6,9,53,8,45,69,22.86,5.087,,0,18.75,1.642,,0
2026-05-08 06:02:00,1067,579,257,85.71,,0,0,0,4.82,7.089,0,137,688,390,298,1225,,,35,31,29,30,17,35,32,25,33,33,65,0,0,0,0,0,161,88.98,726,3.054,3.062,,0,8,6,6,9,6,8,50,7,43,66,31.43,4.388,,0,36.36,2.182,,0
2026-05-08 06:03:00,1070,574,256,85.37,,0,0,0,4.515,4.345,0,140,679,382,297,1215,,,32,34,23,27,19,31,32,28,32,32,63,0,.59,0,0,0,161,88.03,709,3.074,3.15,,0,8,7,8,8,6,7,53,8,45,71,25.71,4.9,,0,42.61,1.906,,0
2026-05-08 06:04:00,1044,578,247,82.23,,0,0,0,4.901,9.098,0,151,681,373,308,1223,,,33,34,20,29,23,31,26,25,31,33,63,0,0,0,0,0,161,86.67,704,3.098,3.342,,0,10,7,9,11,9,7,55,7,47,79,37.14,4.439,,0,27.27,1.288,,0
2026-05-08 06:05:00,1059,575,248,82.58,,0,0,0,4.41,3.95,0,140,667,362,305,1208,,,33,35,22,29,22,30,29,26,29,32,65,0,0,0,0,0,161,85.03,689,3.132,3.387,0,0,8,8,8,8,10,8,51,2,49,73,54.29,6.832,0,0,19.89,1.306,0,0
2026-05-08 06:06:00,1053,575,245,83.62,,0,0,0,4.704,7.64,0,134,647,350,297,1182,,,30,35,23,33,18,28,26,28,31,32,66,0,0,0,0,0,161,87.21,705,3.185,3.648,,0,7,8,7,6,10,5,55,4,51,70,40,4.544,,0,23.3,1.666,,0
2026-05-08 06:07:00,1075,563,256,84.67,,0,0,0,4.369,4.068,0,158,686,366,320,1228,,,32,35,23,32,19,27,30,26,29,33,67,0,.59,0,0,0,161,89.12,721,3.148,3.308,,0,7,6,6,7,7,8,58,10,48,73,42.86,5.856,,0,36.36,2.299,,0
2026-05-08 06:08:00,1060,564,244,81.18,,0,0,0,4.765,9.601,0,171,668,354,314,1219,,,33,35,21,33,25,29,31,26,24,32,68,0,.59,0,0,0,161,85.99,707,3.14,3.096,,0,8,8,5,6,5,7,55,6,49,75,28.57,4.08,,0,35.8,1.711,,0
2026-05-08 06:09:00,1056,575,249,82.23,,0,0,0,4.909,6.056,0,169,683,365,318,1230,,,33,32,19,32,26,31,28,27,27,30,69,0,1.18,0,0,0,161,87.62,712,3.116,2.982,,0,7,10,6,7,5,10,53,5,48,73,20,4.478,,0,33.52,1.332,,0
2026-05-08 06:10:00,1062,563,258,82.93,,0,0,0,4.388,4.978,0,173,665,358,307,1217,,,31,31,21,33,25,31,31,29,26,27,68,0,.59,0,0,0,161,85.17,702,3.141,3.239,0,0,6,8,6,8,7,11,50,2,48,66,25.71,5.147,1,0,23.86,1.403,0,0
2026-05-08 06:11:00,1089,551,263,85.71,,0,0,0,4.462,5.457,0,186,718,399,319,1263,,,31,29,23,34,22,31,31,29,29,30,70,0,0,0,0,0,161,85.44,702,3.119,3.116,,0,5,7,8,9,6,9,52,5,47,72,37.14,7.634,,0,18.75,1.827,,0
2026-05-08 06:12:00,1093,540,277,87.46,,0,0,0,4.935,11.22,0,188,741,401,340,1271,,,32,30,26,36,20,32,29,28,28,27,70,0,0,0,0,0,161,85.99,702,3.127,3.118,,0,8,7,7,9,8,10,51,4,46,75,45.71,6.138,,0,34.09,1.878,,0
2026-05-08 06:13:00,1096,531,267,86.76,,0,0,0,4.37,6.215,0,178,732,392,340,1267,,,34,35,25,36,19,34,25,26,24,23,70,0,.59,0,0,0,161,85.31,716,3.112,3.084,,0,8,4,3,11,7,10,43,1,41,73,34.29,4.29,,0,40.34,1.874,,0
2026-05-08 06:14:00,1100,531,260,86.76,,0,0,0,4.313,4.424,0,177,747,386,361,1293,,,35,37,25,35,20,34,22,25,28,25,70,0,0,0,0,0,161,85.17,691,3.081,2.973,,0,7,8,4,10,8,12,44,1,42,75,37.14,4.916,,0,29.55,1.549,,0
2026-05-08 06:15:00,1109,525,263,86.41,,0,0,0,4.531,6.428,0,160,741,383,358,1267,,,34,36,23,35,19,39,23,30,27,24,69,0,0,0,0,0,161,86.8,707,3.047,2.959,0,0,7,12,7,8,6,10,40,2,38,70,40,5.13,0,0,18.75,1.369,0,0
2026-05-08 06:16:00,1115,530,272,86.41,,0,0,0,4.995,10.178,0,154,748,389,359,1253,,,34,35,22,34,17,37,24,30,28,26,64,0,0,0,0,0,161,85.44,712,3.056,3.174,,0,7,9,8,9,3,10,35,1,34,67,37.14,4.244,,0,14.77,1.704,,0
2026-05-08 06:17:00,1108,524,261,83.97,,0,0,0,5.225,6.686,0,156,734,384,350,1234,,,33,34,29,31,18,39,24,33,28,24,62,0,.59,0,0,0,161,87.07,707,3.046,3.197,,0,8,10,8,8,7,10,39,2,34,67,34.29,3.995,,0,36.36,2.166,,0
2026-05-08 06:18:00,1102,525,259,84.32,,0,0,0,5.3,16.537,0,144,726,386,340,1227,,,31,35,25,32,23,39,28,30,27,21,62,0,.59,0,0,0,161,85.99,709,3.041,3.061,,0,8,9,6,12,7,9,33,0,32,61,34.29,3.446,,0,42.61,1.937,,0
2026-05-08 06:19:00,1098,523,258,85.71,,0,0,0,5.523,6.193,0,143,714,386,328,1214,,,34,36,21,34,24,36,29,28,30,24,59,0,.59,0,0,0,161,84.08,675,3.07,3.354,,0,8,7,8,11,11,9,41,2,39,66,37.14,5.355,,0,32.39,1.412,,0
2026-05-08 06:20:00,1091,526,261,86.06,,0,0,0,4.766,4.674,0,143,717,394,323,1209,,,31,40,23,29,24,37,28,29,30,19,59,0,1.78,0,0,0,161,82.31,657,3.132,3.539,0,0,10,8,9,8,10,8,48,2,45,66,42.86,4.929,0,0,25,1.155,0,0
2026-05-08 06:21:00,1084,541,257,84.67,,0,0,0,4.903,6.429,0,144,691,382,309,1195,,,32,41,23,30,20,38,23,26,27,22,62,0,1.78,0,0,0,161,81.5,643,3.174,3.556,,0,8,12,12,8,8,9,49,4,45,66,51.43,4.651,,0,18.18,1.913,,0
2026-05-08 06:22:00,1087,547,261,85.37,,0,0,0,4.991,5.748,0,137,690,376,314,1195,,,27,38,20,31,20,38,21,29,25,26,60,0,.59,0,0,0,161,81.36,652,3.147,3.463,,0,8,9,8,9,6,7,54,2,50,64,48.57,5.372,,0,32.95,2.1,,0
2026-05-08 06:23:00,1064,567,264,87.46,,0,0,0,5.035,5.064,0,134,670,371,299,1176,,,32,38,18,29,18,33,21,31,24,26,62,0,.59,0,0,0,161,84.9,674,3.145,3.072,,0,10,10,5,9,5,8,53,8,45,69,40,4.483,,0,42.05,1.957,,0
2026-05-08 06:24:00,1049,564,267,88.5,,0,0,0,5.161,7.941,0,141,671,380,291,1184,,,32,38,19,26,19,32,21,32,27,25,65,0,.59,0,0,0,161,85.85,682,3.15,3.022,,0,9,7,6,7,10,11,54,7,47,71,17.14,4.581,,0,36.93,1.72,,0
2026-05-08 06:25:00,1033,584,267,88.85,,0,0,0,5.185,5.034,0,140,654,370,284,1167,,,31,36,21,23,20,32,22,29,26,22,68,0,.59,0,0,0,161,88.44,717,3.184,3.299,0,0,8,4,5,8,12,11,55,7,48,72,22.86,4.828,0,0,20.45,1.176,0,0
2026-05-08 06:26:00,1019,575,267,90.24,,0,0,0,5.197,7.45,0,154,634,361,273,1182,,,30,37,22,26,15,34,24,29,24,23,67,0,.59,0,0,0,161,89.52,732,3.181,3.316,,0,7,5,9,8,10,11,51,3,48,68,31.43,4.128,,0,18.75,1.851,,0
2026-05-08 06:27:00,1032,584,272,89.2,,0,0,0,5.206,5.149,0,149,661,378,283,1190,,,26,36,26,28,12,31,23,31,25,21,68,0,.59,0,0,0,161,86.53,717,3.106,3.036,,0,7,9,12,9,7,12,52,6,44,72,20,4.098,,0,40.34,2.179,,0
2026-05-08 06:28:00,1020,588,263,88.5,,0,0,0,5.061,6.082,0,166,660,378,282,1224,,,27,36,26,31,14,36,23,30,30,20,67,0,.59,0,0,0,161,85.17,716,3.096,3.062,,0,11,11,8,9,7,12,44,1,41,70,28.57,5.205,,0,45.45,2.257,,0
2026-05-08 06:29:00,1004,603,253,85.37,,0,0,0,5.275,8.032,0,164,659,375,284,1195,,,28,33,28,29,19,33,21,29,28,22,66,0,0,0,0,0,161,87.48,736,3.073,3.178,,0,12,11,7,12,6,12,41,3,36,66,28.57,3.939,,0,32.39,1.33,,0
2026-05-08 06:30:00,988,617,248,83.28,,0,0,0,4.86,4.698,0,164,642,368,274,1176,,,26,33,25,25,15,36,23,22,31,25,63,0,0,0,0,0,161,87.76,734,3.098,3.504,0,0,11,9,7,10,8,13,48,3,42,65,31.43,3.832,0,0,22.73,1.264,0,0
2026-05-08 06:31:00,998,620,250,84.67,,0,0,0,4.872,4.977,0,167,667,384,283,1177,,,26,32,25,25,18,33,20,25,30,24,63,0,.59,0,0,0,161,89.12,753,3.165,3.921,,0,8,9,4,11,11,11,54,3,49,73,42.86,4.51,,0,21.59,1.838,,0
2026-05-08 06:32:00,992,621,239,81.53,,0,0,0,4.916,6.635,0,175,678,383,295,1197,,,29,38,24,26,19,27,23,25,29,24,64,0,.59,0,0,0,161,90.07,732,3.071,3.377,,0,8,10,7,11,11,10,58,8,50,76,31.43,4.024,,0,17.05,2.129,,0
2026-05-08 06:33:00,1003,605,248,82.93,,0,0,0,4.918,4.301,0,173,655,368,287,1189,,,29,36,20,26,19,28,23,20,28,27,62,0,.59,0,0,0,161,88.98,740,3.083,3.307,,0,12,8,6,12,6,13,55,7,47,77,34.29,4.333,,0,48.86,1.822,,0
2026-05-08 06:34:00,1003,611,253,81.88,,0,0,0,4.721,5.096,0,164,669,367,302,1190,,,27,33,26,30,17,27,21,27,28,23,63,0,.59,0,0,0,161,87.76,734,3.098,3.228,,0,12,7,6,9,5,12,56,8,48,77,48.57,4.865,,0,39.2,1.357,,0
2026-05-08 06:35:00,1010,607,245,82.93,,0,0,0,4.831,5.624,0,154,641,349,292,1175,,,28,35,25,31,18,30,24,31,25,26,60,0,.59,0,0,0,161,86.67,730,3.157,3.542,0,0,12,7,9,6,6,13,55,5,50,73,45.71,3.855,0,0,25.57,1.556,0,0
2026-05-08 06:36:00,1011,613,258,85.71,,0,0,0,4.466,5.073,0,156,628,341,287,1181,,,27,38,25,31,17,30,24,30,24,23,64,0,.59,0,0,0,161,88.98,730,3.201,3.542,,0,10,3,10,6,4,15,51,6,45,72,31.43,5.384,,0,14.77,1.616,,0
2026-05-08 06:37:00,1017,611,258,86.76,,0,0,0,4.459,4.42,0,143,645,353,292,1175,,,29,36,22,29,17,34,23,31,28,22,61,0,0,0,0,0,161,91.02,743,3.199,3.35,,0,9,5,9,8,5,13,57,4,51,76,31.43,5.011,,0,38.07,2.138,,0
2026-05-08 06:38:00,1011,616,260,88.15,,0,0,0,4.384,4.887,0,133,621,338,283,1181,,,30,36,26,25,21,34,31,30,27,20,62,0,0,0,0,0,161,87.21,719,3.204,3.276,,0,6,5,6,10,7,10,52,8,43,71,20,3.989,,0,38.07,2.151,,0
2026-05-08 06:39:00,1017,602,259,86.41,,0,0,0,4.344,4.185,0,147,642,344,298,1195,,,33,31,29,28,19,33,32,28,25,24,61,0,0,0,0,0,161,87.21,694,3.233,3.336,,0,7,7,7,10,7,11,51,3,48,76,28.57,4.284,,0,33.52,1.752,,0
2026-05-08 06:40:00,1007,589,244,82.58,,0,0,0,4.203,4.003,0,146,623,334,289,1191,,,31,34,27,25,15,37,30,30,23,31,59,0,0,0,0,0,161,87.21,700,3.263,3.467,0,0,7,5,5,9,8,9,50,3,46,70,28.57,5.142,0,0,17.61,1.303,0,0
2026-05-08 06:41:00,1044,580,255,84.67,,0,0,0,4.179,4.137,0,161,644,349,295,1198,,,28,36,30,25,19,35,26,29,27,28,61,0,0,0,0,0,161,84.35,679,3.315,3.909,,0,8,8,8,8,5,9,55,9,46,76,25.71,4.361,,0,13.64,1.785,,0
2026-05-08 06:42:00,1037,578,253,84.67,,0,0,0,4.216,4.901,0,165,636,338,298,1201,,,31,36,28,27,19,33,30,28,29,27,63,0,0,0,0,0,161,85.58,675,3.254,3.338,,0,9,5,5,7,5,10,51,6,45,74,14.29,4.773,,0,39.77,2.001,,0
2026-05-08 06:43:00,1050,572,257,85.71,,0,0,0,4.232,4.292,0,169,638,332,306,1191,,,31,35,26,23,19,36,28,31,30,24,65,0,0,0,0,0,161,84.9,694,3.239,3.282,,0,8,6,8,7,6,8,51,3,47,75,8.57,4.451,,0,35.23,2.355,,0
2026-05-08 06:44:00,1042,571,260,86.76,,0,0,0,4.171,3.742,0,160,648,327,321,1177,,,32,38,25,23,23,34,26,30,28,24,67,0,0,0,0,0,161,83.95,675,3.226,3.095,,0,6,5,7,8,6,8,46,2,43,74,17.14,4.652,,0,28.98,1.544,,0
2026-05-08 06:45:00,1049,567,272,87.8,,0,0,0,4.192,4.647,0,156,630,317,313,1160,,,33,33,22,28,21,36,23,31,25,24,67,0,0,0,0,0,161,81.22,640,3.272,3.594,0,0,4,5,6,9,7,8,47,5,42,70,28.57,4.657,0,0,14.2,1.205,0,0
2026-05-08 06:46:00,1038,569,279,89.2,,0,0,0,4.166,4.382,0,151,617,309,308,1154,,,32,33,22,29,20,35,24,30,30,25,68,0,0,0,0,0,161,81.77,645,3.328,3.758,,0,6,8,3,9,8,6,48,5,42,68,42.86,3.894,,0,6.82,1.989,,0
2026-05-08 06:47:00,1042,571,268,88.15,,0,0,0,4.203,5.105,0,161,641,326,315,1181,,,30,34,29,29,17,34,25,27,30,26,67,0,0,0,0,0,161,83.27,657,3.249,3.405,,0,8,6,6,10,8,9,49,6,43,72,37.14,4.817,,0,31.25,2.289,,0
2026-05-08 06:48:00,1030,567,266,88.85,,0,0,0,4.214,4.511,0,155,628,321,307,1188,,,31,33,28,28,19,33,28,24,29,25,66,0,.59,0,0,0,161,85.31,686,3.216,3.1,,0,7,5,9,9,6,6,52,3,49,72,28.57,4.443,,0,34.66,1.411,,0
2026-05-08 06:49:00,1016,574,259,85.71,,0,0,0,4.286,4.78,0,157,634,319,315,1176,,,34,31,22,32,16,31,24,28,27,28,64,0,.59,0,0,0,161,86.39,687,3.165,2.927,,0,7,10,9,7,6,8,44,4,40,71,22.86,4.392,,0,23.86,1.95,,0
2026-05-08 06:50:00,1007,578,269,87.11,,0,0,0,4.264,4.459,0,149,618,310,308,1149,,,31,34,22,29,16,32,27,26,28,25,62,0,1.18,0,0,0,161,89.39,730,3.194,3.4,0,0,8,9,7,8,8,8,48,4,44,73,14.29,4.016,0,0,21.59,1.203,0,0
2026-05-08 06:51:00,1011,578,261,88.15,,0,0,0,4.345,4.827,0,152,622,306,316,1153,,,31,30,21,29,17,29,25,22,29,30,65,0,1.18,0,0,0,161,89.52,743,3.193,3.535,,0,9,7,7,6,6,11,52,2,50,76,34.29,3.961,,0,17.05,1.736,,0
2026-05-08 06:52:00,1015,578,273,89.2,,0,0,0,4.298,4.739,0,152,606,301,305,1159,,,31,33,23,29,16,31,30,22,26,30,63,0,.59,0,0,0,161,90.61,728,3.118,3.181,,0,8,7,6,13,5,10,48,3,45,71,48.57,4.559,,0,21.02,2.414,,0
2026-05-08 06:53:00,1020,583,268,88.5,,0,0,0,4.378,5.008,0,150,613,299,314,1150,,,35,33,20,28,17,31,28,22,31,30,63,0,.59,0,0,0,161,91.16,731,3.083,3.107,,0,9,4,9,14,10,5,47,3,44,72,31.43,4.601,,0,26.14,1.836,,0
2026-05-08 06:54:00,1006,589,267,87.11,,0,0,0,4.387,5.146,0,147,592,288,304,1192,,,34,35,22,26,15,32,26,20,30,30,67,0,0,0,0,0,161,88.44,708,3.099,3.268,,0,10,5,7,12,11,9,53,8,44,78,20,3.693,,0,17.05,1.74,,0
2026-05-08 06:55:00,1006,604,267,87.46,,0,0,0,4.484,5.297,0,161,610,303,307,1158,,,30,33,19,27,14,34,24,22,29,34,69,0,.59,0,0,0,161,85.58,698,3.119,3.465,0,0,7,10,7,9,11,12,53,7,45,77,14.29,4.251,0,0,10.8,1.354,0,0
2026-05-08 06:56:00,997,606,260,84.67,,0,0,0,4.461,4.841,0,169,603,298,305,1174,,,31,34,24,29,16,29,22,27,31,34,68,0,0,0,0,0,161,85.99,705,3.146,3.4,,0,9,8,8,6,12,13,58,8,49,77,31.43,4.503,,0,9.09,1.638,,0
2026-05-08 06:57:00,1009,598,251,84.32,,0,0,0,4.506,5.1,0,167,626,311,315,1198,,,30,33,23,30,18,27,23,27,36,40,66,0,0,0,0,0,161,89.12,730,3.116,3.422,,0,11,9,7,8,8,11,66,14,51,88,34.29,3.796,,0,33.52,1.818,,0
2026-05-08 06:58:00,1011,586,257,83.62,,0,0,0,4.466,4.27,0,168,626,311,315,1224,,,31,34,24,27,20,29,26,28,38,37,64,0,0,0,0,0,161,89.25,726,3.089,3.01,,0,11,8,9,8,6,8,77,16,55,91,31.43,5.106,,0,35.23,1.735,,0
2026-05-08 06:59:00,1017,580,251,82.58,,0,0,0,4.508,5.083,0,165,631,318,313,1214,,,31,33,22,28,17,32,26,26,40,34,62,0,.59,0,0,0,161,86.94,709,3.089,2.975,,0,11,5,9,12,8,12,75,18,52,94,37.14,4.392,,0,19.32,1.495,,0
2026-05-08 07:00:00,1016,578,265,85.02,,0,0,0,4.478,4.821,0,179,614,313,301,1212,,,31,32,25,30,20,32,24,29,41,37,62,0,0,0,0,0,161,88.44,730,3.114,3.23,0,0,14,8,8,11,10,13,65,9,51,91,34.29,5.457,0,0,12.5,1.282,0,0
2026-05-08 07:01:00,1021,589,264,85.71,,0,0,0,4.518,4.707,0,186,635,329,306,1219,,,35,32,22,29,17,25,23,26,35,41,62,0,0,0,0,0,161,86.67,710,3.192,3.783,,0,13,13,9,12,9,12,71,17,51,98,22.86,3.372,,0,11.93,1.684,,0
2026-05-08 07:02:00,1019,588,272,88.85,,0,0,0,4.518,5.391,0,184,652,333,319,1233,,,35,33,23,34,14,28,25,25,33,39,60,0,0,0,0,0,161,85.85,702,3.151,3.58,,0,11,13,8,10,8,12,73,15,54,94,28.57,4.114,,0,31.25,2.118,,0
2026-05-08 07:03:00,1022,590,264,86.76,,0,0,0,4.509,4.734,0,183,648,337,311,1229,,,33,36,24,34,14,30,23,27,33,42,60,0,0,0,0,0,161,88.03,694,3.116,3.038,,0,12,10,11,10,7,15,65,15,47,88,28.57,4.656,,0,39.2,1.969,,0
2026-05-08 07:04:00,1018,582,252,83.28,,0,0,0,4.469,5.98,0,174,684,369,315,1256,,,31,38,29,30,18,32,25,28,38,35,59,0,0,0,0,0,161,86.8,691,3.115,3.242,,0,16,8,11,9,7,13,56,5,48,80,17.14,5.119,,0,24.43,1.526,,0
2026-05-08 07:05:00,1039,570,260,85.02,,0,0,0,4.471,4.609,0,169,672,364,308,1228,,,34,37,25,33,16,32,31,28,35,34,59,0,0,0,0,0,161,84.22,674,3.151,3.535,0,0,16,7,10,10,8,16,49,4,44,73,25.71,4.289,0,0,12.5,1.48,0,0
2026-05-08 07:06:00,1041,562,257,85.02,,0,0,0,4.486,6.023,0,165,650,353,297,1238,,,34,35,27,37,18,28,30,29,34,34,57,0,0,0,0,0,161,84.49,688,3.22,3.947,,0,13,11,8,11,9,13,53,5,47,73,11.43,3.61,,0,11.93,1.711,,0
2026-05-08 07:07:00,1047,560,263,85.71,,0,0,0,4.485,4.486,0,163,659,351,308,1220,,,36,38,26,35,16,28,29,30,34,35,55,0,0,0,0,0,161,84.49,679,3.139,3.313,,0,11,12,10,8,9,11,52,6,45,74,8.57,4.76,,0,33.52,2.135,,0
2026-05-08 07:08:00,1062,554,267,85.02,,0,0,0,4.492,6.486,0,159,665,343,322,1223,,,33,40,31,34,19,31,26,27,36,36,56,0,0,0,0,0,161,85.58,680,3.136,3.141,,0,13,9,7,7,9,9,58,6,52,79,5.71,4.271,,0,28.98,1.606,,0
2026-05-08 07:09:00,1060,550,256,83.97,,0,0,0,4.535,4.714,0,153,647,335,312,1191,,,31,45,32,32,20,28,29,29,33,34,57,0,0,0,0,0,161,84.49,674,3.134,3.046,,0,15,10,8,8,9,10,57,6,51,81,8.57,4.752,,0,18.18,1.005,,0
2026-05-08 07:10:00,1053,545,259,85.71,,0,0,0,4.309,4.116,0,177,637,331,306,1200,,,27,46,30,38,20,27,24,33,36,30,56,0,0,0,0,0,161,84.49,671,3.17,3.338,0,0,13,9,7,9,8,10,58,6,50,83,17.14,5.756,0,0,9.09,1.259,0,0
2026-05-08 07:11:00,1066,536,257,84.67,,0,0,0,4.378,5.032,0,170,675,355,320,1229,,,30,43,29,38,16,30,30,33,37,31,57,0,0,0,0,0,161,82.86,659,3.185,3.447,,0,11,10,9,5,8,14,59,6,50,84,22.86,4.447,,0,12.5,1.889,,0
2026-05-08 07:12:00,1063,537,250,83.97,,0,0,0,4.389,4.154,0,164,695,361,334,1246,,,34,42,26,39,18,34,33,34,40,28,57,0,0,0,0,0,161,81.36,651,3.123,3.224,,0,12,9,11,9,8,15,51,5,45,78,20,5.216,,0,30.11,1.79,,0
2026-05-08 07:13:00,1072,534,256,84.32,,0,0,0,4.432,5.008,0,156,683,353,330,1241,,,37,41,25,37,21,32,32,37,36,28,59,0,0,0,0,0,161,85.03,672,3.105,3.017,,0,9,9,10,9,7,14,50,6,41,77,22.86,4.117,,0,44.89,1.233,,0
2026-05-08 07:14:00,1078,527,264,85.02,,0,0,0,4.485,4.971,0,154,680,346,334,1244,,,32,45,30,38,20,28,32,38,33,27,63,0,0,0,0,0,161,84.9,666,3.076,2.918,,0,8,7,8,8,10,13,46,2,43,80,31.43,5.062,,0,23.3,1.398,,0
2026-05-08 07:15:00,1086,530,262,85.71,,0,0,0,4.436,4.415,0,164,706,359,347,1260,,,32,45,29,34,22,30,34,37,33,26,65,0,0,0,0,0,161,82.86,657,3.089,3.318,0,0,11,11,7,9,8,11,47,2,45,80,20,4.04,0,0,11.36,1.296,0,0
2026-05-08 07:16:00,1090,515,269,87.06,,0,0,0,4.684,9.142,0,165,732,362,370,1279,,,36,43,27,36,26,30,36,33,32,24,66,0,0,0,0,0,161,81.63,636,3.062,3.176,,0,13,9,4,8,6,11,48,6,42,78,14.29,4.4,,0,22.16,1.641,,0
2026-05-08 07:17:00,1092,519,270,87.06,,0,0,0,4.73,4.913,0,159,722,358,364,1263,,,32,41,26,40,23,30,31,31,32,25,67,0,0,0,0,0,161,83.81,669,2.996,2.988,,0,11,10,8,8,3,14,45,6,39,78,17.14,3.822,,0,45.45,2.222,,0
2026-05-08 07:18:00,1100,523,268,86.36,,0,0,0,4.829,8.645,0,161,736,352,384,1272,,,30,40,27,43,19,33,31,29,36,25,66,0,0,0,0,0,161,84.76,661,2.957,2.904,,0,9,10,8,9,7,12,41,4,36,81,8.57,5.231,,0,42.61,1.881,,0
2026-05-08 07:19:00,1094,524,268,86.71,,0,0,0,4.893,4.992,0,158,731,346,385,1245,,,32,40,30,45,19,33,33,32,33,28,65,0,0,0,0,0,161,84.9,658,2.948,3.01,,0,6,7,9,8,6,13,44,2,42,81,14.29,4.529,,0,30.11,1.399,,0
2026-05-08 07:20:00,1100,528,261,85.31,,0,0,0,4.693,5.31,0,152,717,341,376,1231,,,30,41,32,42,20,30,30,30,34,33,64,0,0,0,0,0,161,84.76,666,3.018,3.635,0,0,7,4,10,7,4,14,45,2,41,76,17.14,4.137,0,0,18.18,1.395,0,0
2026-05-08 07:21:00,1105,528,280,89.16,,0,0,0,4.764,5.83,0,142,733,360,373,1215,,,31,42,30,39,20,33,29,29,32,31,66,0,0,0,0,0,161,88.84,705,3.054,3.158,,0,7,5,9,4,4,11,50,2,47,76,20,5.02,,0,18.75,1.868,,0
2026-05-08 07:22:00,1091,548,272,91.96,,0,0,0,4.923,5.524,0,140,715,357,358,1199,,,32,42,29,41,21,32,25,33,30,30,66,0,0,0,0,0,161,88.03,699,2.97,3.091,,0,10,7,7,5,10,14,52,3,49,78,37.14,4.417,,0,48.86,2.151,,0
2026-05-08 07:23:00,1077,562,264,89.16,,0,0,0,4.946,5.056,0,139,695,347,348,1189,,,33,39,26,37,22,35,24,32,29,26,65,0,1.18,0,0,0,161,85.99,680,2.966,2.999,,0,11,9,6,9,9,13,56,6,48,78,37.14,4.282,,0,51.14,2.362,,0
2026-05-08 07:24:00,1086,562,266,89.86,,0,0,0,4.978,4.866,0,156,687,340,347,1204,,,31,41,24,40,20,36,23,27,27,29,65,0,.59,0,0,0,161,83.4,660,2.985,3.248,,0,9,5,9,10,6,11,52,6,45,73,40,4.744,,0,42.61,1.439,,0
2026-05-08 07:25:00,1120,563,271,89.86,,0,0,0,5.015,4.971,0,150,733,364,369,1232,,,32,40,27,41,18,36,20,28,27,31,67,0,1.78,0,0,0,161,90.34,705,3.012,3.214,0,0,6,7,10,7,7,13,58,6,51,79,28.57,4.355,0,0,28.41,1.606,0,0
2026-05-08 07:26:00,1104,589,262,88.46,,0,0,0,5.02,5.911,0,150,725,362,363,1249,,,32,41,32,36,20,37,23,28,28,30,66,0,1.18,0,0,0,161,89.39,701,3.049,3.359,,0,9,7,9,8,9,10,56,5,51,77,25.71,5.667,,0,18.75,1.977,,0
2026-05-08 07:27:00,1103,598,265,88.46,,0,0,0,5.041,4.869,0,144,725,357,368,1240,,,35,39,31,37,19,36,24,26,28,28,66,0,0,0,0,0,161,89.12,713,3.071,3.543,,0,8,9,9,7,8,9,56,7,49,74,31.43,4.53,,0,41.48,2.439,,0
2026-05-08 07:28:00,1100,611,257,86.71,,0,0,0,5.095,7.468,0,143,723,348,375,1240,,,34,42,28,35,23,35,26,22,30,30,65,0,0,0,0,0,161,89.12,717,3.07,3.002,,0,7,8,11,13,6,12,52,8,44,75,31.43,4.294,,0,51.7,2.296,,0
2026-05-08 07:29:00,1087,620,266,90.21,,0,0,0,5.164,5.451,0,142,709,341,368,1224,,,32,42,29,37,24,30,22,22,27,34,64,0,.59,0,0,0,161,88.3,692,3.069,3.14,,0,7,7,10,9,10,8,42,2,40,70,71.43,4.961,,0,38.07,1.805,,0
2026-05-08 07:30:00,1084,623,278,92.31,,0,0,0,4.735,5.06,0,136,696,335,361,1201,,,32,43,28,36,26,27,23,26,27,29,63,0,.59,0,0,0,161,85.44,666,3.1,3.408,0,0,9,5,8,6,6,8,40,0,40,62,62.86,4.727,0,0,31.25,1.49,0,0
